thisN,thisTrialN,thisRepN,mouse.x,mouse.y,mouse.leftButton,mouse.midButton,mouse.rightButton,mouse.time,mouse.clicked_name,trials.thisRepN,trials.thisTrialN,trials.thisN,trials.thisIndex,thisRow.t,notes,num_Distractor,trial.started,fixation.started,Target.started,mouse.started,trial.stopped,trials.mouse.x,trials.mouse.y,trials.mouse.leftButton,trials.mouse.midButton,trials.mouse.rightButton,trials.mouse.time,trials.mouse.clicked_name,participant,session,date,expName,expVersion,psychopyVersion,frameRate,expStart,
0,0,0,[np.float64(0.19769874476987448)],[np.float64(-0.41736401673640167)],[1],[0],[0],[1.8757077090003804],['Target'],0,0,0,0,0.020986000000448257,,5,0.011984083000243118,0.020986000000448257,0.020986000000448257,0.012001457999758713,1.8877643329997227,[np.float64(0.19769874476987448)],[np.float64(-0.41736401673640167)],[1],[0],[0],[1.8757077090003804],['Target'],A_2,"001",2025-09-30_17h31.41.680,Visual Search Experiment_Urvashi Bhansali_13 September,,2025.2.0,121.14200568727854,2025-09-30 17h31.41.728549 +0530,
1,0,1,[np.float64(0.36401673640167365)],[np.float64(0.08472803347280335)],[1],[0],[0],[4.610634290999769],['Target'],1,0,1,0,1.9170980830003828,,10,1.9080345410002337,1.9170980830003828,1.9170980830003828,0.01845008400050574,6.518724833000306,[np.float64(0.36401673640167365)],[np.float64(0.08472803347280335)],[1],[0],[0],[4.610634290999769],['Target'],A_2,"001",2025-09-30_17h31.41.680,Visual Search Experiment_Urvashi Bhansali_13 September,,2025.2.0,121.14200568727854,2025-09-30 17h31.41.728549 +0530,
2,0,2,[np.float64(-0.4382845188284519)],[np.float64(0.27719665271966526)],[1],[0],[0],[2.7872702499998923],['Target'],2,0,2,0,6.539706665999802,,5,6.531481458000599,6.539706665999802,6.539706665999802,0.01102691699998104,9.318830082999739,[np.float64(-0.4382845188284519)],[np.float64(0.27719665271966526)],[1],[0],[0],[2.7872702499998923],['Target'],A_2,"001",2025-09-30_17h31.41.680,Visual Search Experiment_Urvashi Bhansali_13 September,,2025.2.0,121.14200568727854,2025-09-30 17h31.41.728549 +0530,
3,0,3,[np.float64(0.12552301255230125)],[np.float64(-0.32426778242677823)],[1],[0],[0],[3.6256441249997806],['Target'],3,0,3,0,9.352444707999894,,10,9.342202625000027,9.352444707999894,9.352444707999894,0.021617249999508203,12.967893791000279,[np.float64(0.12552301255230125)],[np.float64(-0.32426778242677823)],[1],[0],[0],[3.6256441249997806],['Target'],A_2,"001",2025-09-30_17h31.41.680,Visual Search Experiment_Urvashi Bhansali_13 September,,2025.2.0,121.14200568727854,2025-09-30 17h31.41.728549 +0530,
4,0,4,[np.float64(0.04288702928870293)],[np.float64(-0.11820083682008369)],[1],[0],[0],[2.7295067499999277],['Target'],4,0,4,0,12.997606583000561,,10,12.988765500000227,12.997606583000561,12.997606583000561,0.01945320799950423,15.718333040999823,[np.float64(0.04288702928870293)],[np.float64(-0.11820083682008369)],[1],[0],[0],[2.7295067499999277],['Target'],A_2,"001",2025-09-30_17h31.41.680,Visual Search Experiment_Urvashi Bhansali_13 September,,2025.2.0,121.14200568727854,2025-09-30 17h31.41.728549 +0530,
5,0,5,[np.float64(0.3912133891213389)],[np.float64(0.25732217573221755)],[1],[0],[0],[3.287079708999954],['Target'],5,0,5,0,15.739562124999793,,5,15.731015458000002,15.739562124999793,15.739562124999793,0.01161950000005163,19.018162000000302,[np.float64(0.3912133891213389)],[np.float64(0.25732217573221755)],[1],[0],[0],[3.287079708999954],['Target'],A_2,"001",2025-09-30_17h31.41.680,Visual Search Experiment_Urvashi Bhansali_13 September,,2025.2.0,121.14200568727854,2025-09-30 17h31.41.728549 +0530,
6,0,6,[np.float64(0.0198744769874477)],[np.float64(-0.008368200836820083)],[1],[0],[0],[4.685546708000402],[None],6,0,6,0,19.041953124999964,,5,19.033239041000343,19.041953124999964,19.041953124999964,0.013349541000025056,23.718855875000372,[np.float64(0.0198744769874477)],[np.float64(-0.008368200836820083)],[1],[0],[0],[4.685546708000402],[None],A_2,"001",2025-09-30_17h31.41.680,Visual Search Experiment_Urvashi Bhansali_13 September,,2025.2.0,121.14200568727854,2025-09-30 17h31.41.728549 +0530,
7,0,7,[np.float64(-0.4571129707112971)],[np.float64(0.2792887029288703)],[1],[0],[0],[4.251518500000202],['Target'],7,0,7,0,23.742372165999768,,5,23.733689415999834,23.742372165999768,23.742372165999768,0.013021416999436042,27.985276082999917,[np.float64(-0.4571129707112971)],[np.float64(0.2792887029288703)],[1],[0],[0],[4.251518500000202],['Target'],A_2,"001",2025-09-30_17h31.41.680,Visual Search Experiment_Urvashi Bhansali_13 September,,2025.2.0,121.14200568727854,2025-09-30 17h31.41.728549 +0530,
8,0,8,[np.float64(0.497907949790795)],[np.float64(-0.24267782426778242)],[1],[0],[0],[2.6515844590003326],['Target'],8,0,8,0,28.00833012500061,,5,27.999681708000026,28.00833012500061,28.00833012500061,0.01260645900038071,30.651338915999986,[np.float64(0.497907949790795)],[np.float64(-0.24267782426778242)],[1],[0],[0],[2.6515844590003326],['Target'],A_2,"001",2025-09-30_17h31.41.680,Visual Search Experiment_Urvashi Bhansali_13 September,,2025.2.0,121.14200568727854,2025-09-30 17h31.41.728549 +0530,
9,0,9,[np.float64(-0.2217573221757322)],[np.float64(-0.1202928870292887)],[1],[0],[0],[2.8032844579993252],['Target'],9,0,9,0,30.67470483299985,,5,30.66591737500039,30.67470483299985,30.67470483299985,0.013056333999884373,33.469264125000336,[np.float64(-0.2217573221757322)],[np.float64(-0.1202928870292887)],[1],[0],[0],[2.8032844579993252],['Target'],A_2,"001",2025-09-30_17h31.41.680,Visual Search Experiment_Urvashi Bhansali_13 September,,2025.2.0,121.14200568727854,2025-09-30 17h31.41.728549 +0530,
10,0,10,[np.float64(-0.4790794979079498)],[np.float64(-0.34414225941422594)],[1],[0],[0],[3.75181616700047],['Target'],10,0,10,0,33.49255345799975,,5,33.48359274999984,33.49255345799975,33.49255345799975,0.012867792000179179,37.235480583000026,[np.float64(-0.4790794979079498)],[np.float64(-0.34414225941422594)],[1],[0],[0],[3.75181616700047],['Target'],A_2,"001",2025-09-30_17h31.41.680,Visual Search Experiment_Urvashi Bhansali_13 September,,2025.2.0,121.14200568727854,2025-09-30 17h31.41.728549 +0530,
11,0,11,[np.float64(-0.3378661087866109)],[np.float64(0.4225941422594142)],[1],[0],[0],[2.101220917000319],['Target'],11,0,11,0,37.2593086249999,,5,37.2504798330001,37.2593086249999,37.2593086249999,0.01311187500050437,39.35175854099998,[np.float64(-0.3378661087866109)],[np.float64(0.4225941422594142)],[1],[0],[0],[2.101220917000319],['Target'],A_2,"001",2025-09-30_17h31.41.680,Visual Search Experiment_Urvashi Bhansali_13 September,,2025.2.0,121.14200568727854,2025-09-30 17h31.41.728549 +0530,
12,0,12,[np.float64(-0.0020920502092050207)],[np.float64(0.0031380753138075313)],[1],[0],[0],[3.2357919160003803],[None],12,0,12,0,39.375198083000214,,5,39.366363750000346,39.375198083000214,39.375198083000214,0.012972000000445405,42.602246708000166,[np.float64(-0.0020920502092050207)],[np.float64(0.0031380753138075313)],[1],[0],[0],[3.2357919160003803],[None],A_2,"001",2025-09-30_17h31.41.680,Visual Search Experiment_Urvashi Bhansali_13 September,,2025.2.0,121.14200568727854,2025-09-30 17h31.41.728549 +0530,
13,0,13,[np.float64(0.48430962343096234)],[np.float64(-0.11192468619246862)],[1],[0],[0],[4.518332458999794],['Target'],13,0,13,0,42.62560129099984,,5,42.616860875000384,42.62560129099984,42.62560129099984,0.012907332999930077,47.13525500000014,[np.float64(0.48430962343096234)],[np.float64(-0.11192468619246862)],[1],[0],[0],[4.518332458999794],['Target'],A_2,"001",2025-09-30_17h31.41.680,Visual Search Experiment_Urvashi Bhansali_13 September,,2025.2.0,121.14200568727854,2025-09-30 17h31.41.728549 +0530,
14,0,14,[np.float64(0.05230125523012552)],[np.float64(0.16736401673640167)],[1],[0],[0],[2.951487041999826],['Target'],14,0,14,0,47.158587375000025,,5,47.149923625000156,47.158587375000025,47.158587375000025,0.012985082999875885,50.10146616600014,[np.float64(0.05230125523012552)],[np.float64(0.16736401673640167)],[1],[0],[0],[2.951487041999826],['Target'],A_2,"001",2025-09-30_17h31.41.680,Visual Search Experiment_Urvashi Bhansali_13 September,,2025.2.0,121.14200568727854,2025-09-30 17h31.41.728549 +0530,
15,0,15,[np.float64(-0.21548117154811716)],[np.float64(0.23117154811715482)],[1],[0],[0],[1.6524193329996706],['Target'],15,0,15,0,50.12487329099986,,5,50.11623920800048,50.12487329099986,50.12487329099986,0.013134124999851338,51.76871679099986,[np.float64(-0.21548117154811716)],[np.float64(0.23117154811715482)],[1],[0],[0],[1.6524193329996706],['Target'],A_2,"001",2025-09-30_17h31.41.680,Visual Search Experiment_Urvashi Bhansali_13 September,,2025.2.0,121.14200568727854,2025-09-30 17h31.41.728549 +0530,
16,0,16,[np.float64(0.24790794979079497)],[np.float64(0.33577405857740583)],[1],[0],[0],[2.003580167000109],['Target'],16,0,16,0,51.791327249999995,,5,51.783073333000175,51.791327249999995,51.791327249999995,0.012654416999794194,53.78673145799985,[np.float64(0.24790794979079497)],[np.float64(0.33577405857740583)],[1],[0],[0],[2.003580167000109],['Target'],A_2,"001",2025-09-30_17h31.41.680,Visual Search Experiment_Urvashi Bhansali_13 September,,2025.2.0,121.14200568727854,2025-09-30 17h31.41.728549 +0530,
17,0,17,[np.float64(-0.008368200836820083)],[np.float64(-0.0031380753138075313)],[1],[0],[0],[2.9007529580003393],[None],17,0,17,0,53.809561791000306,,5,53.800812999999835,53.809561791000306,53.809561791000306,0.012882750000244414,56.701637375000246,[np.float64(-0.008368200836820083)],[np.float64(-0.0031380753138075313)],[1],[0],[0],[2.9007529580003393],[None],A_2,"001",2025-09-30_17h31.41.680,Visual Search Experiment_Urvashi Bhansali_13 September,,2025.2.0,121.14200568727854,2025-09-30 17h31.41.728549 +0530,
18,0,18,[np.float64(-0.14539748953974896)],[np.float64(0.2301255230125523)],[1],[0],[0],[2.1942476249996616],['Target'],18,0,18,0,56.734888541000146,,10,56.72449041599975,56.734888541000146,56.734888541000146,0.021169374999772117,58.9187842500005,[np.float64(-0.14539748953974896)],[np.float64(0.2301255230125523)],[1],[0],[0],[2.1942476249996616],['Target'],A_2,"001",2025-09-30_17h31.41.680,Visual Search Experiment_Urvashi Bhansali_13 September,,2025.2.0,121.14200568727854,2025-09-30 17h31.41.728549 +0530,
19,0,19,[np.float64(0.27824267782426776)],[np.float64(-0.3305439330543933)],[1],[0],[0],[2.8057351249999556],['Target'],19,0,19,0,58.9397608750005,,5,58.931347665999965,58.9397608750005,58.9397608750005,0.011567917000320449,61.73717687499993,[np.float64(0.27824267782426776)],[np.float64(-0.3305439330543933)],[1],[0],[0],[2.8057351249999556],['Target'],A_2,"001",2025-09-30_17h31.41.680,Visual Search Experiment_Urvashi Bhansali_13 September,,2025.2.0,121.14200568727854,2025-09-30 17h31.41.728549 +0530,
20,0,20,[np.float64(0.21443514644351463)],[np.float64(0.3514644351464435)],[1],[0],[0],[2.849512541999502],['Target'],20,0,20,0,61.76124408299984,,5,61.75226666599974,61.76124408299984,61.76124408299984,0.013224165999417892,64.60183916599999,[np.float64(0.21443514644351463)],[np.float64(0.3514644351464435)],[1],[0],[0],[2.849512541999502],['Target'],A_2,"001",2025-09-30_17h31.41.680,Visual Search Experiment_Urvashi Bhansali_13 September,,2025.2.0,121.14200568727854,2025-09-30 17h31.41.728549 +0530,
21,0,21,[np.float64(0.15376569037656904)],[np.float64(0.22698744769874477)],[1],[0],[0],[2.2595397919994866],['Target'],21,0,21,0,64.63626204100001,,10,64.62575233300049,64.63626204100001,64.63626204100001,0.02230737500030955,66.88533791600003,[np.float64(0.15376569037656904)],[np.float64(0.22698744769874477)],[1],[0],[0],[2.2595397919994866],['Target'],A_2,"001",2025-09-30_17h31.41.680,Visual Search Experiment_Urvashi Bhansali_13 September,,2025.2.0,121.14200568727854,2025-09-30 17h31.41.728549 +0530,
22,0,22,[np.float64(-0.39330543933054396)],[np.float64(-0.2280334728033473)],[1],[0],[0],[3.204063333000704],['Target'],22,0,22,0,66.90626533300019,,5,66.89808529099992,66.90626533300019,66.90626533300019,0.011780582999563194,70.10222162500031,[np.float64(-0.39330543933054396)],[np.float64(-0.2280334728033473)],[1],[0],[0],[3.204063333000704],['Target'],A_2,"001",2025-09-30_17h31.41.680,Visual Search Experiment_Urvashi Bhansali_13 September,,2025.2.0,121.14200568727854,2025-09-30 17h31.41.728549 +0530,
23,0,23,[np.float64(-0.02615062761506276)],[np.float64(-0.37552301255230125)],[1],[0],[0],[2.801330667000002],['Target'],23,0,23,0,70.12542695800039,,5,70.11659779100046,70.12542695800039,70.12542695800039,0.012950833999639144,72.91799920799986,[np.float64(-0.02615062761506276)],[np.float64(-0.37552301255230125)],[1],[0],[0],[2.801330667000002],['Target'],A_2,"001",2025-09-30_17h31.41.680,Visual Search Experiment_Urvashi Bhansali_13 September,,2025.2.0,121.14200568727854,2025-09-30 17h31.41.728549 +0530,
24,0,24,[np.float64(-0.0502092050209205)],[np.float64(-0.09937238493723849)],[1],[0],[0],[2.9200518339994233],['Target'],24,0,24,0,72.94099808300052,,5,72.93241520799984,72.94099808300052,72.94099808300052,0.012414415999955963,75.85253779100003,[np.float64(-0.0502092050209205)],[np.float64(-0.09937238493723849)],[1],[0],[0],[2.9200518339994233],['Target'],A_2,"001",2025-09-30_17h31.41.680,Visual Search Experiment_Urvashi Bhansali_13 September,,2025.2.0,121.14200568727854,2025-09-30 17h31.41.728549 +0530,
25,0,25,[np.float64(-0.399581589958159)],[np.float64(0.4393305439330544)],[1],[0],[0],[3.901389957999527],['Target'],25,0,25,0,75.87607300000036,,5,75.8672898750001,75.87607300000036,75.87607300000036,0.013604125000711065,79.76874612499978,[np.float64(-0.399581589958159)],[np.float64(0.4393305439330544)],[1],[0],[0],[3.901389957999527],['Target'],A_2,"001",2025-09-30_17h31.41.680,Visual Search Experiment_Urvashi Bhansali_13 September,,2025.2.0,121.14200568727854,2025-09-30 17h31.41.728549 +0530,
26,0,26,[np.float64(-0.3797071129707113)],[np.float64(-0.3472803347280335)],[1],[0],[0],[4.258543708000616],['Target'],26,0,26,0,79.80276404100005,,10,79.79226058299992,79.80276404100005,79.80276404100005,0.021626082999318896,84.05085262500052,[np.float64(-0.3797071129707113)],[np.float64(-0.3472803347280335)],[1],[0],[0],[4.258543708000616],['Target'],A_2,"001",2025-09-30_17h31.41.680,Visual Search Experiment_Urvashi Bhansali_13 September,,2025.2.0,121.14200568727854,2025-09-30 17h31.41.728549 +0530,
27,0,27,[np.float64(-0.11506276150627615)],[np.float64(-0.47594142259414224)],[1],[0],[0],[5.846235249999154],['Target'],27,0,27,0,84.08159433299988,,10,84.07219041600001,84.08159433299988,84.08159433299988,0.020115458999498514,89.91849295800057,[np.float64(-0.11506276150627615)],[np.float64(-0.47594142259414224)],[1],[0],[0],[5.846235249999154],['Target'],A_2,"001",2025-09-30_17h31.41.680,Visual Search Experiment_Urvashi Bhansali_13 September,,2025.2.0,121.14200568727854,2025-09-30 17h31.41.728549 +0530,
28,0,28,[np.float64(-0.10460251046025104)],[np.float64(-0.03765690376569038)],[1],[0],[0],[3.5705047089995787],['Target'],28,0,28,0,89.94009370799995,,5,89.93177245800052,89.94009370799995,89.94009370799995,0.011672374999761814,93.50235016599981,[np.float64(-0.10460251046025104)],[np.float64(-0.03765690376569038)],[1],[0],[0],[3.5705047089995787],['Target'],A_2,"001",2025-09-30_17h31.41.680,Visual Search Experiment_Urvashi Bhansali_13 September,,2025.2.0,121.14200568727854,2025-09-30 17h31.41.728549 +0530,
29,0,29,[np.float64(0.39644351464435146)],[np.float64(0.10146443514644352)],[1],[0],[0],[3.95213241700003],['Target'],29,0,29,0,93.52584204100003,,5,93.5169381249998,93.52584204100003,93.52584204100003,0.013582749999841326,97.46914187499988,[np.float64(0.39644351464435146)],[np.float64(0.10146443514644352)],[1],[0],[0],[3.95213241700003],['Target'],A_2,"001",2025-09-30_17h31.41.680,Visual Search Experiment_Urvashi Bhansali_13 September,,2025.2.0,121.14200568727854,2025-09-30 17h31.41.728549 +0530,
30,0,30,[np.float64(-0.3985355648535565)],[np.float64(-0.19560669456066945)],[1],[0],[0],[2.7869718749998356],['Target'],30,0,30,0,97.49304412499987,,5,97.48419629100044,97.49304412499987,97.49304412499987,0.013214542000241636,100.27123625000058,[np.float64(-0.3985355648535565)],[np.float64(-0.19560669456066945)],[1],[0],[0],[2.7869718749998356],['Target'],A_2,"001",2025-09-30_17h31.41.680,Visual Search Experiment_Urvashi Bhansali_13 September,,2025.2.0,121.14200568727854,2025-09-30 17h31.41.728549 +0530,
31,0,31,[np.float64(0.20292887029288703)],[np.float64(0.12343096234309624)],[1],[0],[0],[2.2744945419999567],['Target'],31,0,31,0,100.3036064580001,,10,100.29366654099977,100.3036064580001,100.3036064580001,0.021372791999965557,102.5682208750004,[np.float64(0.20292887029288703)],[np.float64(0.12343096234309624)],[1],[0],[0],[2.2744945419999567],['Target'],A_2,"001",2025-09-30_17h31.41.680,Visual Search Experiment_Urvashi Bhansali_13 September,,2025.2.0,121.14200568727854,2025-09-30 17h31.41.728549 +0530,
32,0,32,[np.float64(0.36297071129707115)],[np.float64(0.3368200836820084)],[1],[0],[0],[2.40359562499998],['Target'],32,0,32,0,102.589992833,,5,102.58142270799999,102.589992833,102.589992833,0.011942666000322788,104.98508508299983,[np.float64(0.36297071129707115)],[np.float64(0.3368200836820084)],[1],[0],[0],[2.40359562499998],['Target'],A_2,"001",2025-09-30_17h31.41.680,Visual Search Experiment_Urvashi Bhansali_13 September,,2025.2.0,121.14200568727854,2025-09-30 17h31.41.728549 +0530,
33,0,33,[np.float64(0.3263598326359833)],[np.float64(-0.3064853556485356)],[1],[0],[0],[4.002477750000253],['Target'],33,0,33,0,105.00790404100007,,5,104.99921375000031,105.00790404100007,105.00790404100007,0.012254875000508036,109.00176195800032,[np.float64(0.3263598326359833)],[np.float64(-0.3064853556485356)],[1],[0],[0],[4.002477750000253],['Target'],A_2,"001",2025-09-30_17h31.41.680,Visual Search Experiment_Urvashi Bhansali_13 September,,2025.2.0,121.14200568727854,2025-09-30 17h31.41.728549 +0530,
34,0,34,[np.float64(-0.33368200836820083)],[np.float64(0.3263598326359833)],[1],[0],[0],[2.2347400829994513],['Target'],34,0,34,0,109.02568954100025,,5,109.01692170800015,109.02568954100025,109.02568954100025,0.013497541000106139,111.25172925000061,[np.float64(-0.33368200836820083)],[np.float64(0.3263598326359833)],[1],[0],[0],[2.2347400829994513],['Target'],A_2,"001",2025-09-30_17h31.41.680,Visual Search Experiment_Urvashi Bhansali_13 September,,2025.2.0,121.14200568727854,2025-09-30 17h31.41.728549 +0530,
35,0,35,[np.float64(-0.24267782426778242)],[np.float64(-0.4320083682008368)],[1],[0],[0],[3.552442209000219],['Target'],35,0,35,0,111.2747637500006,,5,111.26603837499988,111.2747637500006,111.2747637500006,0.012687459000517265,114.81854579100036,[np.float64(-0.24267782426778242)],[np.float64(-0.4320083682008368)],[1],[0],[0],[3.552442209000219],['Target'],A_2,"001",2025-09-30_17h31.41.680,Visual Search Experiment_Urvashi Bhansali_13 September,,2025.2.0,121.14200568727854,2025-09-30 17h31.41.728549 +0530,
36,0,36,[np.float64(0.38598326359832635)],[np.float64(0.1098326359832636)],[1],[0],[0],[2.4428892500000075],['Target'],36,0,36,0,114.85221587500018,,10,114.84181054100009,114.85221587500018,114.85221587500018,0.02161095799965551,117.28474545800054,[np.float64(0.38598326359832635)],[np.float64(0.1098326359832636)],[1],[0],[0],[2.4428892500000075],['Target'],A_2,"001",2025-09-30_17h31.41.680,Visual Search Experiment_Urvashi Bhansali_13 September,,2025.2.0,121.14200568727854,2025-09-30 17h31.41.728549 +0530,
37,0,37,[np.float64(-0.36506276150627615)],[np.float64(0.38284518828451886)],[1],[0],[0],[2.454006666999703],['Target'],37,0,37,0,117.3057060000001,,5,117.29724683299992,117.3057060000001,117.3057060000001,0.011531666999871959,119.7513205410005,[np.float64(-0.36506276150627615)],[np.float64(0.38284518828451886)],[1],[0],[0],[2.454006666999703],['Target'],A_2,"001",2025-09-30_17h31.41.680,Visual Search Experiment_Urvashi Bhansali_13 September,,2025.2.0,121.14200568727854,2025-09-30 17h31.41.728549 +0530,
38,0,38,[np.float64(-0.2907949790794979)],[np.float64(-0.24163179916317992)],[1],[0],[0],[3.8935581249997995],['Target'],38,0,38,0,119.78464479100057,,10,119.77465091600061,119.78464479100057,119.78464479100057,0.02133995800068078,123.6682554580002,[np.float64(-0.2907949790794979)],[np.float64(-0.24163179916317992)],[1],[0],[0],[3.8935581249997995],['Target'],A_2,"001",2025-09-30_17h31.41.680,Visual Search Experiment_Urvashi Bhansali_13 September,,2025.2.0,121.14200568727854,2025-09-30 17h31.41.728549 +0530,
39,0,39,[np.float64(-0.19456066945606695)],[np.float64(-0.4769874476987448)],[1],[0],[0],[3.288342959000147],['Target'],39,0,39,0,123.68917229100043,,5,123.68073662500046,123.68917229100043,123.68917229100043,0.011408374999518855,126.9691705410005,[np.float64(-0.19456066945606695)],[np.float64(-0.4769874476987448)],[1],[0],[0],[3.288342959000147],['Target'],A_2,"001",2025-09-30_17h31.41.680,Visual Search Experiment_Urvashi Bhansali_13 September,,2025.2.0,121.14200568727854,2025-09-30 17h31.41.728549 +0530,
40,0,40,[np.float64(-0.4006276150627615)],[np.float64(0.40376569037656906)],[1],[0],[0],[5.325030333000541],['Target'],40,0,40,0,127.00373379099983,,10,126.99305833300059,127.00373379099983,127.00373379099983,0.0224137499999415,132.318133666,[np.float64(-0.4006276150627615)],[np.float64(0.40376569037656906)],[1],[0],[0],[5.325030333000541],['Target'],A_2,"001",2025-09-30_17h31.41.680,Visual Search Experiment_Urvashi Bhansali_13 September,,2025.2.0,121.14200568727854,2025-09-30 17h31.41.728549 +0530,
41,0,41,[np.float64(-0.04497907949790795)],[np.float64(-0.1893305439330544)],[1],[0],[0],[2.6714465420000124],['Target'],41,0,41,0,132.3389919580004,,5,132.33074591600052,132.3389919580004,132.3389919580004,0.011599208000006911,135.00225950000004,[np.float64(-0.04497907949790795)],[np.float64(-0.1893305439330544)],[1],[0],[0],[2.6714465420000124],['Target'],A_2,"001",2025-09-30_17h31.41.680,Visual Search Experiment_Urvashi Bhansali_13 September,,2025.2.0,121.14200568727854,2025-09-30 17h31.41.728549 +0530,
42,0,42,[np.float64(-0.24790794979079497)],[np.float64(-0.056485355648535567)],[1],[0],[0],[3.1757013330006885],['Target'],42,0,42,0,135.03568774999985,,10,135.0253549580002,135.03568774999985,135.03568774999985,0.02202824999949371,138.20110745800048,[np.float64(-0.24790794979079497)],[np.float64(-0.056485355648535567)],[1],[0],[0],[3.1757013330006885],['Target'],A_2,"001",2025-09-30_17h31.41.680,Visual Search Experiment_Urvashi Bhansali_13 September,,2025.2.0,121.14200568727854,2025-09-30 17h31.41.728549 +0530,
43,0,43,[np.float64(-0.24790794979079497)],[np.float64(-0.056485355648535567)],[1],[0],[0],[1.0139332079997985],['Target'],43,0,43,0,138.23064341600002,,10,138.2213567910003,138.23064341600002,138.23064341600002,0.018700334000641305,139.23535524999988,[np.float64(-0.24790794979079497)],[np.float64(-0.056485355648535567)],[1],[0],[0],[1.0139332079997985],['Target'],A_2,"001",2025-09-30_17h31.41.680,Visual Search Experiment_Urvashi Bhansali_13 September,,2025.2.0,121.14200568727854,2025-09-30 17h31.41.728549 +0530,
44,0,44,[np.float64(-0.15481171548117154)],[np.float64(0.21652719665271966)],[1],[0],[0],[2.638035332999607],['Target'],44,0,44,0,139.2564488750004,,5,139.24856745800025,139.2564488750004,139.2564488750004,0.011514666000039142,141.88667625000016,[np.float64(-0.15481171548117154)],[np.float64(0.21652719665271966)],[1],[0],[0],[2.638035332999607],['Target'],A_2,"001",2025-09-30_17h31.41.680,Visual Search Experiment_Urvashi Bhansali_13 September,,2025.2.0,121.14200568727854,2025-09-30 17h31.41.728549 +0530,
45,0,45,[np.float64(0.12866108786610878)],[np.float64(0.4393305439330544)],[1],[0],[0],[3.466919708000205],['Target'],45,0,45,0,141.9095144160001,,5,141.90073979099998,141.9095144160001,141.9095144160001,0.013105207999615232,145.36773408299996,[np.float64(0.12866108786610878)],[np.float64(0.4393305439330544)],[1],[0],[0],[3.466919708000205],['Target'],A_2,"001",2025-09-30_17h31.41.680,Visual Search Experiment_Urvashi Bhansali_13 September,,2025.2.0,121.14200568727854,2025-09-30 17h31.41.728549 +0530,
46,0,46,[np.float64(-0.23744769874476987)],[np.float64(0.09414225941422594)],[1],[0],[0],[3.5370672079998258],['Target'],46,0,46,0,145.390756625,,5,145.38194904100055,145.390756625,145.390756625,0.012569250000524335,148.91909124999984,[np.float64(-0.23744769874476987)],[np.float64(0.09414225941422594)],[1],[0],[0],[3.5370672079998258],['Target'],A_2,"001",2025-09-30_17h31.41.680,Visual Search Experiment_Urvashi Bhansali_13 September,,2025.2.0,121.14200568727854,2025-09-30 17h31.41.728549 +0530,
47,0,47,[np.float64(-0.14644351464435146)],[np.float64(-0.37343096234309625)],[1],[0],[0],[6.391738041000281],['Target'],47,0,47,0,148.9536027080003,,10,148.94273712500035,148.9536027080003,148.9536027080003,0.021700958000110404,155.33452462500009,[np.float64(-0.14644351464435146)],[np.float64(-0.37343096234309625)],[1],[0],[0],[6.391738041000281],['Target'],A_2,"001",2025-09-30_17h31.41.680,Visual Search Experiment_Urvashi Bhansali_13 September,,2025.2.0,121.14200568727854,2025-09-30 17h31.41.728549 +0530,
48,0,48,[np.float64(-0.04811715481171548)],[np.float64(-0.10774058577405858)],[1],[0],[0],[2.220953707999797],['Target'],48,0,48,0,155.35568045800028,,5,155.34756241600007,155.35568045800028,155.35568045800028,0.011572125000384403,157.56859645799977,[np.float64(-0.04811715481171548)],[np.float64(-0.10774058577405858)],[1],[0],[0],[2.220953707999797],['Target'],A_2,"001",2025-09-30_17h31.41.680,Visual Search Experiment_Urvashi Bhansali_13 September,,2025.2.0,121.14200568727854,2025-09-30 17h31.41.728549 +0530,
49,0,49,[np.float64(0.23326359832635984)],[np.float64(-0.07845188284518828)],[1],[0],[0],[3.3439624160000676],['Target'],49,0,49,0,157.6012639999999,,10,157.59124366600008,157.6012639999999,157.6012639999999,0.02160458300022583,160.9352641659998,[np.float64(0.23326359832635984)],[np.float64(-0.07845188284518828)],[1],[0],[0],[3.3439624160000676],['Target'],A_2,"001",2025-09-30_17h31.41.680,Visual Search Experiment_Urvashi Bhansali_13 September,,2025.2.0,121.14200568727854,2025-09-30 17h31.41.728549 +0530,
50,0,50,[np.float64(0.46443514644351463)],[np.float64(-0.22594142259414227)],[1],[0],[0],[3.1946539999999004],['Target'],50,0,50,0,160.96611649999977,,10,160.95685049999975,160.96611649999977,160.96611649999977,0.019796958999904746,164.15156229100012,[np.float64(0.46443514644351463)],[np.float64(-0.22594142259414227)],[1],[0],[0],[3.1946539999999004],['Target'],A_2,"001",2025-09-30_17h31.41.680,Visual Search Experiment_Urvashi Bhansali_13 September,,2025.2.0,121.14200568727854,2025-09-30 17h31.41.728549 +0530,
51,0,51,[np.float64(-0.22594142259414227)],[np.float64(0.04707112970711297)],[1],[0],[0],[3.7201594580001256],['Target'],51,0,51,0,164.17311712500032,,5,164.16469991600025,164.17311712500032,164.17311712500032,0.011545250000381202,167.88493745800042,[np.float64(-0.22594142259414227)],[np.float64(0.04707112970711297)],[1],[0],[0],[3.7201594580001256],['Target'],A_2,"001",2025-09-30_17h31.41.680,Visual Search Experiment_Urvashi Bhansali_13 September,,2025.2.0,121.14200568727854,2025-09-30 17h31.41.728549 +0530,
52,0,52,[np.float64(-0.2594142259414226)],[np.float64(-0.29916317991631797)],[1],[0],[0],[3.202348165999865],['Target'],52,0,52,0,167.9075374160002,,5,167.8988642080003,167.9075374160002,167.9075374160002,0.012130834000345203,171.10128650000024,[np.float64(-0.2594142259414226)],[np.float64(-0.29916317991631797)],[1],[0],[0],[3.202348165999865],['Target'],A_2,"001",2025-09-30_17h31.41.680,Visual Search Experiment_Urvashi Bhansali_13 September,,2025.2.0,121.14200568727854,2025-09-30 17h31.41.728549 +0530,
53,0,53,[np.float64(-0.40690376569037656)],[np.float64(-0.05753138075313807)],[1],[0],[0],[3.026816750000762],['Target'],53,0,53,0,171.1346875830004,,10,171.1241271250001,171.1346875830004,171.1346875830004,0.02189787499992235,174.1509909160004,[np.float64(-0.40690376569037656)],[np.float64(-0.05753138075313807)],[1],[0],[0],[3.026816750000762],['Target'],A_2,"001",2025-09-30_17h31.41.680,Visual Search Experiment_Urvashi Bhansali_13 September,,2025.2.0,121.14200568727854,2025-09-30 17h31.41.728549 +0530,
54,0,54,[np.float64(-0.33472803347280333)],[np.float64(0.41841004184100417)],[1],[0],[0],[4.43046408400005],['Target'],54,0,54,0,174.18070458300008,,10,174.1714782910003,174.18070458300008,174.18070458300008,0.019221209000534145,178.60199041600026,[np.float64(-0.33472803347280333)],[np.float64(0.41841004184100417)],[1],[0],[0],[4.43046408400005],['Target'],A_2,"001",2025-09-30_17h31.41.680,Visual Search Experiment_Urvashi Bhansali_13 September,,2025.2.0,121.14200568727854,2025-09-30 17h31.41.728549 +0530,
55,0,55,[np.float64(0.4215481171548117)],[np.float64(0.33368200836820083)],[1],[0],[0],[3.279690166999899],['Target'],55,0,55,0,178.63176875000045,,10,178.6224916250003,178.63176875000045,178.63176875000045,0.019429500000114786,181.9022412080003,[np.float64(0.4215481171548117)],[np.float64(0.33368200836820083)],[1],[0],[0],[3.279690166999899],['Target'],A_2,"001",2025-09-30_17h31.41.680,Visual Search Experiment_Urvashi Bhansali_13 September,,2025.2.0,121.14200568727854,2025-09-30 17h31.41.728549 +0530,
56,0,56,[np.float64(-0.3702928870292887)],[np.float64(0.1192468619246862)],[1],[0],[0],[5.361613500000203],['Target'],56,0,56,0,181.9337623749998,,10,181.9237083750004,181.9337623749998,181.9337623749998,0.019851957999890146,187.28537300000062,[np.float64(-0.3702928870292887)],[np.float64(0.1192468619246862)],[1],[0],[0],[5.361613500000203],['Target'],A_2,"001",2025-09-30_17h31.41.680,Visual Search Experiment_Urvashi Bhansali_13 September,,2025.2.0,121.14200568727854,2025-09-30 17h31.41.728549 +0530,
57,0,57,[np.float64(-0.4445606694560669)],[np.float64(0.02615062761506276)],[1],[0],[0],[1.7863964170001054],['Target'],57,0,57,0,187.30703758300024,,5,187.29881879100049,187.30703758300024,187.30703758300024,0.011726749999979802,189.08528608300003,[np.float64(-0.4445606694560669)],[np.float64(0.02615062761506276)],[1],[0],[0],[1.7863964170001054],['Target'],A_2,"001",2025-09-30_17h31.41.680,Visual Search Experiment_Urvashi Bhansali_13 September,,2025.2.0,121.14200568727854,2025-09-30 17h31.41.728549 +0530,
58,0,58,[np.float64(-0.13598326359832635)],[np.float64(0.41422594142259417)],[1],[0],[0],[1.985116167000342],['Target'],58,0,58,0,189.1084756250002,,5,189.09974299999976,189.1084756250002,189.1084756250002,0.012804791999769805,191.0849231660004,[np.float64(-0.13598326359832635)],[np.float64(0.41422594142259417)],[1],[0],[0],[1.985116167000342],['Target'],A_2,"001",2025-09-30_17h31.41.680,Visual Search Experiment_Urvashi Bhansali_13 September,,2025.2.0,121.14200568727854,2025-09-30 17h31.41.728549 +0530,
59,0,59,[np.float64(-0.24267782426778242)],[np.float64(-0.4435146443514644)],[1],[0],[0],[6.9766145000003235],['Target'],59,0,59,0,191.11824962500032,,10,191.10828395800036,191.11824962500032,191.11824962500032,0.02169620800032135,198.08494425000026,[np.float64(-0.24267782426778242)],[np.float64(-0.4435146443514644)],[1],[0],[0],[6.9766145000003235],['Target'],A_2,"001",2025-09-30_17h31.41.680,Visual Search Experiment_Urvashi Bhansali_13 September,,2025.2.0,121.14200568727854,2025-09-30 17h31.41.728549 +0530,
60,0,60,[np.float64(0.3891213389121339)],[np.float64(0.3577405857740586)],[1],[0],[0],[2.5788026669997635],['Target'],60,0,60,0,198.11498949999987,,10,198.10569454100005,198.11498949999987,198.11498949999987,0.019473125000331493,200.68454712499988,[np.float64(0.3891213389121339)],[np.float64(0.3577405857740586)],[1],[0],[0],[2.5788026669997635],['Target'],A_2,"001",2025-09-30_17h31.41.680,Visual Search Experiment_Urvashi Bhansali_13 September,,2025.2.0,121.14200568727854,2025-09-30 17h31.41.728549 +0530,
61,0,61,[np.float64(-0.18305439330543932)],[np.float64(0.23221757322175732)],[1],[0],[0],[3.14607283299938],['Target'],61,0,61,0,200.71484929100006,,10,200.70524579100038,200.71484929100006,200.71484929100006,0.019325707999996666,203.85137304100044,[np.float64(-0.18305439330543932)],[np.float64(0.23221757322175732)],[1],[0],[0],[3.14607283299938],['Target'],A_2,"001",2025-09-30_17h31.41.680,Visual Search Experiment_Urvashi Bhansali_13 September,,2025.2.0,121.14200568727854,2025-09-30 17h31.41.728549 +0530,
62,0,62,[np.float64(0.10460251046025104)],[np.float64(-0.13493723849372385)],[1],[0],[0],[2.4462683749998178],['Target'],62,0,62,0,203.88110020800013,,10,203.8719820410006,203.88110020800013,203.88110020800013,0.01944499999990512,206.31830879100016,[np.float64(0.10460251046025104)],[np.float64(-0.13493723849372385)],[1],[0],[0],[2.4462683749998178],['Target'],A_2,"001",2025-09-30_17h31.41.680,Visual Search Experiment_Urvashi Bhansali_13 September,,2025.2.0,121.14200568727854,2025-09-30 17h31.41.728549 +0530,
63,0,63,[np.float64(-0.2625523012552301)],[np.float64(0.4811715481171548)],[1],[0],[0],[6.125436084000285],['Target'],63,0,63,0,206.33932362500036,,5,206.33109183299985,206.33932362500036,206.33932362500036,0.011108124999736901,212.45659654100018,[np.float64(-0.2625523012552301)],[np.float64(0.4811715481171548)],[1],[0],[0],[6.125436084000285],['Target'],A_2,"001",2025-09-30_17h31.41.680,Visual Search Experiment_Urvashi Bhansali_13 September,,2025.2.0,121.14200568727854,2025-09-30 17h31.41.728549 +0530,
64,0,64,[np.float64(0.35355648535564854)],[np.float64(0.4121338912133891)],[1],[0],[0],[4.90738995799984],['Target'],64,0,64,0,212.485347541,,10,212.47631275000003,212.485347541,212.485347541,0.018756624999696214,217.38375458300015,[np.float64(0.35355648535564854)],[np.float64(0.4121338912133891)],[1],[0],[0],[4.90738995799984],['Target'],A_2,"001",2025-09-30_17h31.41.680,Visual Search Experiment_Urvashi Bhansali_13 September,,2025.2.0,121.14200568727854,2025-09-30 17h31.41.728549 +0530,
65,0,65,[np.float64(0.20920502092050208)],[np.float64(-0.2688284518828452)],[1],[0],[0],[2.8480140000001484],['Target'],65,0,65,0,217.41294379100054,,10,217.40380033300062,217.41294379100054,217.41294379100054,0.018815374999576306,220.25186275000033,[np.float64(0.20920502092050208)],[np.float64(-0.2688284518828452)],[1],[0],[0],[2.8480140000001484],['Target'],A_2,"001",2025-09-30_17h31.41.680,Visual Search Experiment_Urvashi Bhansali_13 September,,2025.2.0,121.14200568727854,2025-09-30 17h31.41.728549 +0530,
66,0,66,[np.float64(0.36297071129707115)],[np.float64(0.19142259414225943)],[1],[0],[0],[2.261244374999478],['Target'],66,0,66,0,220.28300000000036,,10,220.27365774999998,220.28300000000036,220.28300000000036,0.020709707999230886,222.5349515830003,[np.float64(0.36297071129707115)],[np.float64(0.19142259414225943)],[1],[0],[0],[2.261244374999478],['Target'],A_2,"001",2025-09-30_17h31.41.680,Visual Search Experiment_Urvashi Bhansali_13 September,,2025.2.0,121.14200568727854,2025-09-30 17h31.41.728549 +0530,
67,0,67,[np.float64(0.4006276150627615)],[np.float64(0.26778242677824265)],[1],[0],[0],[1.5369086249993416],['Target'],67,0,67,0,222.5561443329998,,5,222.5479573749999,222.5561443329998,222.5561443329998,0.01132979200065165,224.08494683299978,[np.float64(0.4006276150627615)],[np.float64(0.26778242677824265)],[1],[0],[0],[1.5369086249993416],['Target'],A_2,"001",2025-09-30_17h31.41.680,Visual Search Experiment_Urvashi Bhansali_13 September,,2025.2.0,121.14200568727854,2025-09-30 17h31.41.728549 +0530,
68,0,68,[np.float64(0.46338912133891214)],[np.float64(0.4131799163179916)],[1],[0],[0],[1.952255750000404],['Target'],68,0,68,0,224.10778316600044,,5,224.09906150000006,224.10778316600044,224.10778316600044,0.012380832999951963,226.05138804099988,[np.float64(0.46338912133891214)],[np.float64(0.4131799163179916)],[1],[0],[0],[1.952255750000404],['Target'],A_2,"001",2025-09-30_17h31.41.680,Visual Search Experiment_Urvashi Bhansali_13 September,,2025.2.0,121.14200568727854,2025-09-30 17h31.41.728549 +0530,
69,0,69,[np.float64(-0.4686192468619247)],[np.float64(0.18828451882845187)],[1],[0],[0],[3.702406874999724],['Target'],69,0,69,0,226.07406820800043,,5,226.0655077500005,226.07406820800043,226.07406820800043,0.012251082999682694,229.76798099999996,[np.float64(-0.4686192468619247)],[np.float64(0.18828451882845187)],[1],[0],[0],[3.702406874999724],['Target'],A_2,"001",2025-09-30_17h31.41.680,Visual Search Experiment_Urvashi Bhansali_13 September,,2025.2.0,121.14200568727854,2025-09-30 17h31.41.728549 +0530,
70,0,70,[np.float64(-0.16736401673640167)],[np.float64(0.09414225941422594)],[1],[0],[0],[2.30350583299969],['Target'],70,0,70,0,229.79095016600058,,5,229.78224466600022,229.79095016600058,229.79095016600058,0.012532499999906577,232.08583233300033,[np.float64(-0.16736401673640167)],[np.float64(0.09414225941422594)],[1],[0],[0],[2.30350583299969],['Target'],A_2,"001",2025-09-30_17h31.41.680,Visual Search Experiment_Urvashi Bhansali_13 September,,2025.2.0,121.14200568727854,2025-09-30 17h31.41.728549 +0530,
71,0,71,[np.float64(0.05543933054393305)],[np.float64(-0.4089958158995816)],[1],[0],[0],[3.6421667089998664],['Target'],71,0,71,0,232.11890204100018,,10,232.1089543750004,232.11890204100018,232.11890204100018,0.02139199999965058,235.7511811660006,[np.float64(0.05543933054393305)],[np.float64(-0.4089958158995816)],[1],[0],[0],[3.6421667089998664],['Target'],A_2,"001",2025-09-30_17h31.41.680,Visual Search Experiment_Urvashi Bhansali_13 September,,2025.2.0,121.14200568727854,2025-09-30 17h31.41.728549 +0530,
72,0,72,[np.float64(-0.0596234309623431)],[np.float64(-0.40690376569037656)],[1],[0],[0],[2.9615750829998433],['Target'],72,0,72,0,235.78359341600026,,10,235.77354433300025,235.78359341600026,235.78359341600026,0.020817749999878288,238.73517045800054,[np.float64(-0.0596234309623431)],[np.float64(-0.40690376569037656)],[1],[0],[0],[2.9615750829998433],['Target'],A_2,"001",2025-09-30_17h31.41.680,Visual Search Experiment_Urvashi Bhansali_13 September,,2025.2.0,121.14200568727854,2025-09-30 17h31.41.728549 +0530,
73,0,73,[np.float64(-0.07845188284518828)],[np.float64(-0.25)],[1],[0],[0],[2.471106707999752],['Target'],73,0,73,0,238.75662595799986,,5,238.74854725000023,238.75662595799986,238.75662595799986,0.011537958000189974,241.2197679159999,[np.float64(-0.07845188284518828)],[np.float64(-0.25)],[1],[0],[0],[2.471106707999752],['Target'],A_2,"001",2025-09-30_17h31.41.680,Visual Search Experiment_Urvashi Bhansali_13 September,,2025.2.0,121.14200568727854,2025-09-30 17h31.41.728549 +0530,
74,0,74,[np.float64(0.014644351464435146)],[np.float64(-0.23430962343096234)],[1],[0],[0],[1.7017169589998957],['Target'],74,0,74,0,241.2434728750004,,5,241.2343793330001,241.2434728750004,241.2434728750004,0.013040082999395963,242.9361731250001,[np.float64(0.014644351464435146)],[np.float64(-0.23430962343096234)],[1],[0],[0],[1.7017169589998957],['Target'],A_2,"001",2025-09-30_17h31.41.680,Visual Search Experiment_Urvashi Bhansali_13 September,,2025.2.0,121.14200568727854,2025-09-30 17h31.41.728549 +0530,
75,0,75,[np.float64(-0.06276150627615062)],[np.float64(0.13389121338912133)],[1],[0],[0],[3.142301249999946],['Target'],75,0,75,0,242.9696380000005,,10,242.95924558299976,242.9696380000005,242.9696380000005,0.021302750000359083,246.10159250000015,[np.float64(-0.06276150627615062)],[np.float64(0.13389121338912133)],[1],[0],[0],[3.142301249999946],['Target'],A_2,"001",2025-09-30_17h31.41.680,Visual Search Experiment_Urvashi Bhansali_13 September,,2025.2.0,121.14200568727854,2025-09-30 17h31.41.728549 +0530,
76,0,76,[np.float64(-0.17364016736401675)],[np.float64(0.42887029288702927)],[1],[0],[0],[2.1301626659997055],['Target'],76,0,76,0,246.13049045800017,,10,246.12134491600045,246.13049045800017,246.13049045800017,0.018589415999485936,248.25157454100008,[np.float64(-0.17364016736401675)],[np.float64(0.42887029288702927)],[1],[0],[0],[2.1301626659997055],['Target'],A_2,"001",2025-09-30_17h31.41.680,Visual Search Experiment_Urvashi Bhansali_13 September,,2025.2.0,121.14200568727854,2025-09-30 17h31.41.728549 +0530,
77,0,77,[np.float64(-0.4675732217573222)],[np.float64(0.21652719665271966)],[1],[0],[0],[2.9043737499996496],['Target'],77,0,77,0,248.27219633300047,,5,248.26416687500023,248.27219633300047,248.27219633300047,0.011415709000175411,251.16861495800003,[np.float64(-0.4675732217573222)],[np.float64(0.21652719665271966)],[1],[0],[0],[2.9043737499996496],['Target'],A_2,"001",2025-09-30_17h31.41.680,Visual Search Experiment_Urvashi Bhansali_13 September,,2025.2.0,121.14200568727854,2025-09-30 17h31.41.728549 +0530,
78,0,78,[np.float64(-0.40690376569037656)],[np.float64(0.4330543933054393)],[1],[0],[0],[2.8860264169998118],['Target'],78,0,78,0,251.19130216600024,,5,251.182610416,251.19130216600024,251.19130216600024,0.013058749999800057,254.06870691600034,[np.float64(-0.40690376569037656)],[np.float64(0.4330543933054393)],[1],[0],[0],[2.8860264169998118],['Target'],A_2,"001",2025-09-30_17h31.41.680,Visual Search Experiment_Urvashi Bhansali_13 September,,2025.2.0,121.14200568727854,2025-09-30 17h31.41.728549 +0530,
79,0,79,[np.float64(0.21548117154811716)],[np.float64(-0.4895397489539749)],[1],[0],[0],[2.1694157910005742],['Target'],79,0,79,0,254.09165366599973,,5,254.0827078330003,254.09165366599973,254.09165366599973,0.013075249999928928,256.2521930410003,[np.float64(0.21548117154811716)],[np.float64(-0.4895397489539749)],[1],[0],[0],[2.1694157910005742],['Target'],A_2,"001",2025-09-30_17h31.41.680,Visual Search Experiment_Urvashi Bhansali_13 September,,2025.2.0,121.14200568727854,2025-09-30 17h31.41.728549 +0530,
80,0,80,[np.float64(-0.032426778242677826)],[np.float64(-0.38284518828451886)],[0],[0],[0],[3.180697582999528],['Target'],80,0,80,0,256.2747714160005,,5,256.26604091599984,256.2747714160005,256.2747714160005,0.012809042000299087,259.44692841600045,[np.float64(-0.032426778242677826)],[np.float64(-0.38284518828451886)],[0],[0],[0],[3.180697582999528],['Target'],A_2,"001",2025-09-30_17h31.41.680,Visual Search Experiment_Urvashi Bhansali_13 September,,2025.2.0,121.14200568727854,2025-09-30 17h31.41.728549 +0530,
81,0,81,[np.float64(-0.22280334728033474)],[np.float64(0.301255230125523)],[1],[0],[0],[2.1024437080004645],['Target'],81,0,81,0,259.4756372080001,,5,259.4667631250004,259.4756372080001,259.4756372080001,0.018043666999801644,261.5692585000006,[np.float64(-0.22280334728033474)],[np.float64(0.301255230125523)],[1],[0],[0],[2.1024437080004645],['Target'],A_2,"001",2025-09-30_17h31.41.680,Visual Search Experiment_Urvashi Bhansali_13 September,,2025.2.0,121.14200568727854,2025-09-30 17h31.41.728549 +0530,
82,0,82,[np.float64(-0.16736401673640167)],[np.float64(-0.13179916317991633)],[1],[0],[0],[2.7521962499995425],['Target'],82,0,82,0,261.59154345800016,,5,261.58295612500024,261.59154345800016,261.59154345800016,0.012755040999763878,264.33522470800017,[np.float64(-0.16736401673640167)],[np.float64(-0.13179916317991633)],[1],[0],[0],[2.7521962499995425],['Target'],A_2,"001",2025-09-30_17h31.41.680,Visual Search Experiment_Urvashi Bhansali_13 September,,2025.2.0,121.14200568727854,2025-09-30 17h31.41.728549 +0530,
83,0,83,[np.float64(-0.0010460251046025104)],[np.float64(0.3901673640167364)],[1],[0],[0],[1.993718082999294],['Target'],83,0,83,0,264.3686080409998,,10,264.3577864580002,264.3686080409998,264.3686080409998,0.021616083000481012,266.35155124999983,[np.float64(-0.0010460251046025104)],[np.float64(0.3901673640167364)],[1],[0],[0],[1.993718082999294],['Target'],A_2,"001",2025-09-30_17h31.41.680,Visual Search Experiment_Urvashi Bhansali_13 September,,2025.2.0,121.14200568727854,2025-09-30 17h31.41.728549 +0530,
84,0,84,[np.float64(-0.4215481171548117)],[np.float64(0.4476987447698745)],[1],[0],[0],[1.9618120829991312],['Target'],84,0,84,0,266.3827411660004,,10,266.3727518330006,266.3827411660004,266.3827411660004,0.020056999999724212,268.3346117910005,[np.float64(-0.4215481171548117)],[np.float64(0.4476987447698745)],[1],[0],[0],[1.9618120829991312],['Target'],A_2,"001",2025-09-30_17h31.41.680,Visual Search Experiment_Urvashi Bhansali_13 September,,2025.2.0,121.14200568727854,2025-09-30 17h31.41.728549 +0530,
85,0,85,[np.float64(0.49476987447698745)],[np.float64(0.3797071129707113)],[1],[0],[0],[2.853471625000566],['Target'],85,0,85,0,268.355627166,,5,268.34753104100037,268.355627166,268.355627166,0.01140045900046971,271.2010753750001,[np.float64(0.49476987447698745)],[np.float64(0.3797071129707113)],[1],[0],[0],[2.853471625000566],['Target'],A_2,"001",2025-09-30_17h31.41.680,Visual Search Experiment_Urvashi Bhansali_13 September,,2025.2.0,121.14200568727854,2025-09-30 17h31.41.728549 +0530,
86,0,86,[np.float64(0.19665271966527198)],[np.float64(0.032426778242677826)],[1],[0],[0],[1.8853004579996195],['Target'],86,0,86,0,271.2247115,,5,271.2161691660003,271.2247115,271.2247115,0.013194457999816223,273.10156350000034,[np.float64(0.19665271966527198)],[np.float64(0.032426778242677826)],[1],[0],[0],[1.8853004579996195],['Target'],A_2,"001",2025-09-30_17h31.41.680,Visual Search Experiment_Urvashi Bhansali_13 September,,2025.2.0,121.14200568727854,2025-09-30 17h31.41.728549 +0530,
87,0,87,[np.float64(0.32426778242677823)],[np.float64(0.401673640167364)],[1],[0],[0],[3.3017396249997546],['Target'],87,0,87,0,273.12530787500054,,5,273.1164531250006,273.12530787500054,273.12530787500054,0.013029167000240705,276.41825754100046,[np.float64(0.32426778242677823)],[np.float64(0.401673640167364)],[1],[0],[0],[3.3017396249997546],['Target'],A_2,"001",2025-09-30_17h31.41.680,Visual Search Experiment_Urvashi Bhansali_13 September,,2025.2.0,121.14200568727854,2025-09-30 17h31.41.728549 +0530,
88,0,88,[np.float64(0.4205020920502092)],[np.float64(-0.4372384937238494)],[1],[0],[0],[3.5343195000004926],['Target'],88,0,88,0,276.4414624159999,,5,276.4327455829998,276.4414624159999,276.4414624159999,0.012954458000422164,279.9671263750006,[np.float64(0.4205020920502092)],[np.float64(-0.4372384937238494)],[1],[0],[0],[3.5343195000004926],['Target'],A_2,"001",2025-09-30_17h31.41.680,Visual Search Experiment_Urvashi Bhansali_13 September,,2025.2.0,121.14200568727854,2025-09-30 17h31.41.728549 +0530,
89,0,89,[np.float64(-0.42887029288702927)],[np.float64(-0.012552301255230125)],[1],[0],[0],[3.3870590000005905],['Target'],89,0,89,0,279.98970612500034,,5,279.98105875000056,279.98970612500034,279.98970612500034,0.012555500000416941,283.36818825000046,[np.float64(-0.42887029288702927)],[np.float64(-0.012552301255230125)],[1],[0],[0],[3.3870590000005905],['Target'],A_2,"001",2025-09-30_17h31.41.680,Visual Search Experiment_Urvashi Bhansali_13 September,,2025.2.0,121.14200568727854,2025-09-30 17h31.41.728549 +0530,
90,0,90,[np.float64(-0.401673640167364)],[np.float64(-0.49476987447698745)],[1],[0],[0],[2.452283874999921],['Target'],90,0,90,0,283.3914405830001,,5,283.3827205409998,283.3914405830001,283.3914405830001,0.012888791000477795,285.8350661250006,[np.float64(-0.401673640167364)],[np.float64(-0.49476987447698745)],[1],[0],[0],[2.452283874999921],['Target'],A_2,"001",2025-09-30_17h31.41.680,Visual Search Experiment_Urvashi Bhansali_13 September,,2025.2.0,121.14200568727854,2025-09-30 17h31.41.728549 +0530,
91,0,91,[np.float64(-0.3901673640167364)],[np.float64(-0.23221757322175732)],[1],[0],[0],[1.9520456669997657],['Target'],91,0,91,0,285.8583935830002,,5,285.8495236250001,285.8583935830002,285.8583935830002,0.013537832999645616,287.8016305830006,[np.float64(-0.3901673640167364)],[np.float64(-0.23221757322175732)],[1],[0],[0],[1.9520456669997657],['Target'],A_2,"001",2025-09-30_17h31.41.680,Visual Search Experiment_Urvashi Bhansali_13 September,,2025.2.0,121.14200568727854,2025-09-30 17h31.41.728549 +0530,
92,0,92,[np.float64(-0.3190376569037657)],[np.float64(-0.18514644351464435)],[1],[0],[0],[2.8770099590001337],['Target'],92,0,92,0,287.8339646660006,,10,287.82411395800045,287.8339646660006,287.8339646660006,0.02152270800070255,290.7011747080005,[np.float64(-0.3190376569037657)],[np.float64(-0.18514644351464435)],[1],[0],[0],[2.8770099590001337],['Target'],A_2,"001",2025-09-30_17h31.41.680,Visual Search Experiment_Urvashi Bhansali_13 September,,2025.2.0,121.14200568727854,2025-09-30 17h31.41.728549 +0530,
93,0,93,[np.float64(-0.20188284518828453)],[np.float64(0.2792887029288703)],[1],[0],[0],[1.8043779579993497],['Target'],93,0,93,0,290.72196266599985,,5,290.7137786660005,290.72196266599985,290.72196266599985,0.01081304099989211,292.51824000000033,[np.float64(-0.20188284518828453)],[np.float64(0.2792887029288703)],[1],[0],[0],[1.8043779579993497],['Target'],A_2,"001",2025-09-30_17h31.41.680,Visual Search Experiment_Urvashi Bhansali_13 September,,2025.2.0,121.14200568727854,2025-09-30 17h31.41.728549 +0530,
94,0,94,[np.float64(-0.39748953974895396)],[np.float64(-0.48535564853556484)],[1],[0],[0],[4.026953792000313],['Target'],94,0,94,0,292.55177091600035,,10,292.54109470799995,292.55177091600035,292.55177091600035,0.021069207999971695,296.56809520800016,[np.float64(-0.39748953974895396)],[np.float64(-0.48535564853556484)],[1],[0],[0],[4.026953792000313],['Target'],A_2,"001",2025-09-30_17h31.41.680,Visual Search Experiment_Urvashi Bhansali_13 September,,2025.2.0,121.14200568727854,2025-09-30 17h31.41.728549 +0530,
95,0,95,[np.float64(0.04707112970711297)],[np.float64(-0.1579497907949791)],[1],[0],[0],[2.8541627089998656],['Target'],95,0,95,0,296.588985458,,5,296.5809471250004,296.588985458,296.588985458,0.011898624999957974,299.43517925000015,[np.float64(0.04707112970711297)],[np.float64(-0.1579497907949791)],[1],[0],[0],[2.8541627089998656],['Target'],A_2,"001",2025-09-30_17h31.41.680,Visual Search Experiment_Urvashi Bhansali_13 September,,2025.2.0,121.14200568727854,2025-09-30 17h31.41.728549 +0530,
96,0,96,[np.float64(-0.22489539748953974)],[np.float64(-0.2625523012552301)],[1],[0],[0],[2.610246041999744],['Target'],96,0,96,0,299.46812475000024,,10,299.45805058299993,299.46812475000024,299.46812475000024,0.02080374999968626,302.0683434580005,[np.float64(-0.22489539748953974)],[np.float64(-0.2625523012552301)],[1],[0],[0],[2.610246041999744],['Target'],A_2,"001",2025-09-30_17h31.41.680,Visual Search Experiment_Urvashi Bhansali_13 September,,2025.2.0,121.14200568727854,2025-09-30 17h31.41.728549 +0530,
97,0,97,[np.float64(0.39330543933054396)],[np.float64(0.17573221757322174)],[1],[0],[0],[2.1295482919995266],['Target'],97,0,97,0,302.0982424160002,,10,302.08880062499975,302.0982424160002,302.0982424160002,0.019495624999763095,304.2183956660001,[np.float64(0.39330543933054396)],[np.float64(0.17573221757322174)],[1],[0],[0],[2.1295482919995266],['Target'],A_2,"001",2025-09-30_17h31.41.680,Visual Search Experiment_Urvashi Bhansali_13 September,,2025.2.0,121.14200568727854,2025-09-30 17h31.41.728549 +0530,
98,0,98,[np.float64(0.12761506276150628)],[np.float64(-0.18514644351464435)],[1],[0],[0],[2.828757332999885],['Target'],98,0,98,0,304.24817220800014,,10,304.23879645800025,304.24817220800014,304.24817220800014,0.019419041999753972,307.06760058300006,[np.float64(0.12761506276150628)],[np.float64(-0.18514644351464435)],[1],[0],[0],[2.828757332999885],['Target'],A_2,"001",2025-09-30_17h31.41.680,Visual Search Experiment_Urvashi Bhansali_13 September,,2025.2.0,121.14200568727854,2025-09-30 17h31.41.728549 +0530,
99,0,99,[np.float64(0.25627615062761505)],[np.float64(0.46548117154811713)],[1],[0],[0],[2.349832000000788],['Target'],99,0,99,0,307.0981425830005,,10,307.088962541,307.0981425830005,307.0981425830005,0.01974937500017404,309.43886666599974,[np.float64(0.25627615062761505)],[np.float64(0.46548117154811713)],[1],[0],[0],[2.349832000000788],['Target'],A_2,"001",2025-09-30_17h31.41.680,Visual Search Experiment_Urvashi Bhansali_13 September,,2025.2.0,121.14200568727854,2025-09-30 17h31.41.728549 +0530,
100,0,100,[np.float64(0.4571129707112971)],[np.float64(-0.48430962343096234)],[1],[0],[0],[5.951722958000573],['Target'],100,0,100,0,309.45776212500004,,5,309.4504172500001,309.45776212500004,309.45776212500004,0.01023799999984476,315.40220450000015,[np.float64(0.4571129707112971)],[np.float64(-0.48430962343096234)],[1],[0],[0],[5.951722958000573],['Target'],A_2,"001",2025-09-30_17h31.41.680,Visual Search Experiment_Urvashi Bhansali_13 September,,2025.2.0,121.14200568727854,2025-09-30 17h31.41.728549 +0530,
101,0,101,[np.float64(-0.06485355648535565)],[np.float64(-0.4393305439330544)],[1],[0],[0],[2.6856474160003927],['Target'],101,0,101,0,315.42557504100023,,5,315.4167969580003,315.42557504100023,315.42557504100023,0.013622209000459407,318.102508125,[np.float64(-0.06485355648535565)],[np.float64(-0.4393305439330544)],[1],[0],[0],[2.6856474160003927],['Target'],A_2,"001",2025-09-30_17h31.41.680,Visual Search Experiment_Urvashi Bhansali_13 September,,2025.2.0,121.14200568727854,2025-09-30 17h31.41.728549 +0530,
102,0,102,[np.float64(0.5010460251046025)],[np.float64(-0.16631799163179917)],[1],[0],[0],[3.919308959000773],['Target'],102,0,102,0,318.12581025000054,,5,318.1169610830002,318.12581025000054,318.12581025000054,0.013054791000286059,322.03636520800046,[np.float64(0.5010460251046025)],[np.float64(-0.16631799163179917)],[1],[0],[0],[3.919308959000773],['Target'],A_2,"001",2025-09-30_17h31.41.680,Visual Search Experiment_Urvashi Bhansali_13 September,,2025.2.0,121.14200568727854,2025-09-30 17h31.41.728549 +0530,
103,0,103,[np.float64(-0.2688284518828452)],[np.float64(-0.3158995815899582)],[1],[0],[0],[2.7331139999996594],['Target'],103,0,103,0,322.059693833,,5,322.0508749159999,322.059693833,322.059693833,0.012683791000199562,324.7840477079999,[np.float64(-0.2688284518828452)],[np.float64(-0.3158995815899582)],[1],[0],[0],[2.7331139999996594],['Target'],A_2,"001",2025-09-30_17h31.41.680,Visual Search Experiment_Urvashi Bhansali_13 September,,2025.2.0,121.14200568727854,2025-09-30 17h31.41.728549 +0530,
104,0,104,[np.float64(-0.2489539748953975)],[np.float64(-0.1788702928870293)],[1],[0],[0],[3.578645124999639],['Target'],104,0,104,0,324.81622824999977,,10,324.8062774580003,324.81622824999977,324.81622824999977,0.020892499999717984,328.38497504099996,[np.float64(-0.2489539748953975)],[np.float64(-0.1788702928870293)],[1],[0],[0],[3.578645124999639],['Target'],A_2,"001",2025-09-30_17h31.41.680,Visual Search Experiment_Urvashi Bhansali_13 September,,2025.2.0,121.14200568727854,2025-09-30 17h31.41.728549 +0530,
105,0,105,[np.float64(0.16422594142259414)],[np.float64(0.13912133891213388)],[1],[0],[0],[2.021055416999843],['Target'],105,0,105,0,328.4058337080005,,5,328.397530833,328.4058337080005,328.4058337080005,0.011423584000112896,330.4186546250003,[np.float64(0.16422594142259414)],[np.float64(0.13912133891213388)],[1],[0],[0],[2.021055416999843],['Target'],A_2,"001",2025-09-30_17h31.41.680,Visual Search Experiment_Urvashi Bhansali_13 September,,2025.2.0,121.14200568727854,2025-09-30 17h31.41.728549 +0530,
106,0,106,[np.float64(-0.40481171548117156)],[np.float64(0.4382845188284519)],[1],[0],[0],[2.9093643339992923],['Target'],106,0,106,0,330.4524960409999,,10,330.4418000830001,330.4524960409999,330.4524960409999,0.02216591599972162,333.35122000000047,[np.float64(-0.40481171548117156)],[np.float64(0.4382845188284519)],[1],[0],[0],[2.9093643339992923],['Target'],A_2,"001",2025-09-30_17h31.41.680,Visual Search Experiment_Urvashi Bhansali_13 September,,2025.2.0,121.14200568727854,2025-09-30 17h31.41.728549 +0530,
107,0,107,[np.float64(0.200836820083682)],[np.float64(-0.19142259414225943)],[1],[0],[0],[2.7955139579999013],['Target'],107,0,107,0,333.3816739160002,,10,333.3724471659998,333.3816739160002,333.3816739160002,0.019331624999722408,336.1680142080004,[np.float64(0.200836820083682)],[np.float64(-0.19142259414225943)],[1],[0],[0],[2.7955139579999013],['Target'],A_2,"001",2025-09-30_17h31.41.680,Visual Search Experiment_Urvashi Bhansali_13 September,,2025.2.0,121.14200568727854,2025-09-30 17h31.41.728549 +0530,
108,0,108,[np.float64(-0.006276150627615063)],[np.float64(0.2939330543933054)],[1],[0],[0],[2.8460974999998143],['Target'],108,0,108,0,336.19776470800025,,10,336.18841500000053,336.19776470800025,336.19776470800025,0.01912508399982471,339.0345698330002,[np.float64(-0.006276150627615063)],[np.float64(0.2939330543933054)],[1],[0],[0],[2.8460974999998143],['Target'],A_2,"001",2025-09-30_17h31.41.680,Visual Search Experiment_Urvashi Bhansali_13 September,,2025.2.0,121.14200568727854,2025-09-30 17h31.41.728549 +0530,
109,0,109,[np.float64(0.12656903765690378)],[np.float64(-0.30857740585774057)],[1],[0],[0],[6.229145708999567],['Target'],109,0,109,0,339.0646839580004,,10,339.0554845000006,339.0646839580004,339.0646839580004,0.019160124999871186,345.2846804159999,[np.float64(0.12656903765690378)],[np.float64(-0.30857740585774057)],[1],[0],[0],[6.229145708999567],['Target'],A_2,"001",2025-09-30_17h31.41.680,Visual Search Experiment_Urvashi Bhansali_13 September,,2025.2.0,121.14200568727854,2025-09-30 17h31.41.728549 +0530,
110,0,110,[np.float64(-0.42573221757322177)],[np.float64(0.029288702928870293)],[1],[0],[0],[3.9788237080001636],['Target'],110,0,110,0,345.3150932079998,,10,345.3056641660005,345.3150932079998,345.3150932079998,0.019793708000179322,349.28454899999997,[np.float64(-0.42573221757322177)],[np.float64(0.029288702928870293)],[1],[0],[0],[3.9788237080001636],['Target'],A_2,"001",2025-09-30_17h31.41.680,Visual Search Experiment_Urvashi Bhansali_13 September,,2025.2.0,121.14200568727854,2025-09-30 17h31.41.728549 +0530,
111,0,111,[np.float64(-0.23221757322175732)],[np.float64(-0.20711297071129708)],[1],[0],[0],[2.3286954160003006],['Target'],111,0,111,0,349.31452295800045,,10,349.30543133300034,349.31452295800045,349.31452295800045,0.019715416000508412,351.6341744580004,[np.float64(-0.23221757322175732)],[np.float64(-0.20711297071129708)],[1],[0],[0],[2.3286954160003006],['Target'],A_2,"001",2025-09-30_17h31.41.680,Visual Search Experiment_Urvashi Bhansali_13 September,,2025.2.0,121.14200568727854,2025-09-30 17h31.41.728549 +0530,
112,0,112,[np.float64(-0.4895397489539749)],[np.float64(0.4769874476987448)],[1],[0],[0],[3.1757784589999574],['Target'],112,0,112,0,351.65501737500017,,5,351.64681316600036,351.65501737500017,351.65501737500017,0.011492667000311485,354.82268162499986,[np.float64(-0.4895397489539749)],[np.float64(0.4769874476987448)],[1],[0],[0],[3.1757784589999574],['Target'],A_2,"001",2025-09-30_17h31.41.680,Visual Search Experiment_Urvashi Bhansali_13 September,,2025.2.0,121.14200568727854,2025-09-30 17h31.41.728549 +0530,
113,0,113,[np.float64(0.33368200836820083)],[np.float64(-0.07217573221757322)],[1],[0],[0],[3.2734943329996895],['Target'],113,0,113,0,354.85366679100025,,10,354.8439171660002,354.85366679100025,354.85366679100025,0.01943208299962862,358.11745874999997,[np.float64(0.33368200836820083)],[np.float64(-0.07217573221757322)],[1],[0],[0],[3.2734943329996895],['Target'],A_2,"001",2025-09-30_17h31.41.680,Visual Search Experiment_Urvashi Bhansali_13 September,,2025.2.0,121.14200568727854,2025-09-30 17h31.41.728549 +0530,
114,0,114,[np.float64(0.22384937238493724)],[np.float64(-0.49581589958158995)],[1],[0],[0],[2.6121189169998615],['Target'],114,0,114,0,358.148587875,,10,358.13906487500026,358.148587875,358.148587875,0.019985041999461828,360.751234458,[np.float64(0.22384937238493724)],[np.float64(-0.49581589958158995)],[1],[0],[0],[2.6121189169998615],['Target'],A_2,"001",2025-09-30_17h31.41.680,Visual Search Experiment_Urvashi Bhansali_13 September,,2025.2.0,121.14200568727854,2025-09-30 17h31.41.728549 +0530,
115,0,115,[np.float64(-0.100418410041841)],[np.float64(0.4205020920502092)],[1],[0],[0],[2.288111416999527],['Target'],115,0,115,0,360.77215554099985,,5,360.7642031659998,360.77215554099985,360.77215554099985,0.011276958999587805,363.05239320800047,[np.float64(-0.100418410041841)],[np.float64(0.4205020920502092)],[1],[0],[0],[2.288111416999527],['Target'],A_2,"001",2025-09-30_17h31.41.680,Visual Search Experiment_Urvashi Bhansali_13 September,,2025.2.0,121.14200568727854,2025-09-30 17h31.41.728549 +0530,
116,0,116,[np.float64(0.2594142259414226)],[np.float64(-0.25)],[1],[0],[0],[3.343213791999915],['Target'],116,0,116,0,363.08499854100046,,10,363.0748773330006,363.08499854100046,363.08499854100046,0.021539041000323778,366.4181497079999,[np.float64(0.2594142259414226)],[np.float64(-0.25)],[1],[0],[0],[3.343213791999915],['Target'],A_2,"001",2025-09-30_17h31.41.680,Visual Search Experiment_Urvashi Bhansali_13 September,,2025.2.0,121.14200568727854,2025-09-30 17h31.41.728549 +0530,
117,0,117,[np.float64(0.38389121338912136)],[np.float64(-0.4571129707112971)],[1],[0],[0],[2.9114480419993924],['Target'],117,0,117,0,366.44918154100014,,10,366.43935395800054,366.44918154100014,366.44918154100014,0.020174584000415052,369.350849208,[np.float64(0.38389121338912136)],[np.float64(-0.4571129707112971)],[1],[0],[0],[2.9114480419993924],['Target'],A_2,"001",2025-09-30_17h31.41.680,Visual Search Experiment_Urvashi Bhansali_13 September,,2025.2.0,121.14200568727854,2025-09-30 17h31.41.728549 +0530,
118,0,118,[np.float64(-0.200836820083682)],[np.float64(-0.23744769874476987)],[1],[0],[0],[4.062601499999801],['Target'],118,0,118,0,369.38079845799984,,10,369.37166983299994,369.38079845799984,369.38079845799984,0.019666791000418016,373.4343213330003,[np.float64(-0.200836820083682)],[np.float64(-0.23744769874476987)],[1],[0],[0],[4.062601499999801],['Target'],A_2,"001",2025-09-30_17h31.41.680,Visual Search Experiment_Urvashi Bhansali_13 September,,2025.2.0,121.14200568727854,2025-09-30 17h31.41.728549 +0530,
119,0,119,[np.float64(-0.1579497907949791)],[np.float64(-0.4100418410041841)],[1],[0],[0],[2.129890125000202],['Target'],119,0,119,0,373.4639097500003,,10,373.4548605830005,373.4639097500003,373.4639097500003,0.019117290999929537,375.58479887500016,[np.float64(-0.1579497907949791)],[np.float64(-0.4100418410041841)],[1],[0],[0],[2.129890125000202],['Target'],A_2,"001",2025-09-30_17h31.41.680,Visual Search Experiment_Urvashi Bhansali_13 September,,2025.2.0,121.14200568727854,2025-09-30 17h31.41.728549 +0530,
120,0,120,[np.float64(-0.448744769874477)],[np.float64(-0.24686192468619247)],[1],[0],[0],[2.404230082999675],['Target'],120,0,120,0,375.60580545799985,,5,375.5974003749998,375.60580545799985,375.60580545799985,0.011629459000687348,378.0017016660004,[np.float64(-0.448744769874477)],[np.float64(-0.24686192468619247)],[1],[0],[0],[2.404230082999675],['Target'],A_2,"001",2025-09-30_17h31.41.680,Visual Search Experiment_Urvashi Bhansali_13 September,,2025.2.0,121.14200568727854,2025-09-30 17h31.41.728549 +0530,
121,0,121,[np.float64(-0.4686192468619247)],[np.float64(-0.1705020920502092)],[1],[0],[0],[2.3525509159999274],['Target'],121,0,121,0,378.0240799160001,,5,378.0155731250006,378.0240799160001,378.0240799160001,0.012355874999229854,380.36818616599976,[np.float64(-0.4686192468619247)],[np.float64(-0.1705020920502092)],[1],[0],[0],[2.3525509159999274],['Target'],A_2,"001",2025-09-30_17h31.41.680,Visual Search Experiment_Urvashi Bhansali_13 September,,2025.2.0,121.14200568727854,2025-09-30 17h31.41.728549 +0530,
122,0,122,[np.float64(-0.2489539748953975)],[np.float64(-0.38389121338912136)],[1],[0],[0],[2.0517182920002597],['Target'],122,0,122,0,380.3915354999999,,5,380.38278920799985,380.3915354999999,380.3915354999999,0.012844625000070664,382.4345718330005,[np.float64(-0.2489539748953975)],[np.float64(-0.38389121338912136)],[1],[0],[0],[2.0517182920002597],['Target'],A_2,"001",2025-09-30_17h31.41.680,Visual Search Experiment_Urvashi Bhansali_13 September,,2025.2.0,121.14200568727854,2025-09-30 17h31.41.728549 +0530,
123,0,123,[np.float64(0.17573221757322174)],[np.float64(-0.16422594142259414)],[1],[0],[0],[2.6820896669996728],['Target'],123,0,123,0,382.5098509159998,,10,382.5016675000006,382.5098509159998,382.5098509159998,0.06518737500027783,385.18380466600047,[np.float64(0.17573221757322174)],[np.float64(-0.16422594142259414)],[1],[0],[0],[2.6820896669996728],['Target'],A_2,"001",2025-09-30_17h31.41.680,Visual Search Experiment_Urvashi Bhansali_13 September,,2025.2.0,121.14200568727854,2025-09-30 17h31.41.728549 +0530,
124,0,124,[np.float64(-0.3305439330543933)],[np.float64(0.49476987447698745)],[1],[0],[0],[3.599596250000104],['Target'],124,0,124,0,385.2148039579997,,10,385.2051662499998,385.2148039579997,385.2148039579997,0.019788374999734515,388.80483054100023,[np.float64(-0.3305439330543933)],[np.float64(0.49476987447698745)],[1],[0],[0],[3.599596250000104],['Target'],A_2,"001",2025-09-30_17h31.41.680,Visual Search Experiment_Urvashi Bhansali_13 September,,2025.2.0,121.14200568727854,2025-09-30 17h31.41.728549 +0530,
125,0,125,[np.float64(0.19246861924686193)],[np.float64(-0.18828451882845187)],[1],[0],[0],[5.394274000000223],['Target'],125,0,125,0,388.8330132910005,,10,388.82377133299997,388.8330132910005,388.8330132910005,0.017802750000555534,394.2181013750005,[np.float64(0.19246861924686193)],[np.float64(-0.18828451882845187)],[1],[0],[0],[5.394274000000223],['Target'],A_2,"001",2025-09-30_17h31.41.680,Visual Search Experiment_Urvashi Bhansali_13 September,,2025.2.0,121.14200568727854,2025-09-30 17h31.41.728549 +0530,
126,0,126,[np.float64(-0.2301255230125523)],[np.float64(-0.4780334728033473)],[1],[0],[0],[3.945621583000502],['Target'],126,0,126,0,394.2479705830001,,10,394.23891724999976,394.2479705830001,394.2479705830001,0.019068999999944936,398.1845896250006,[np.float64(-0.2301255230125523)],[np.float64(-0.4780334728033473)],[1],[0],[0],[3.945621583000502],['Target'],A_2,"001",2025-09-30_17h31.41.680,Visual Search Experiment_Urvashi Bhansali_13 September,,2025.2.0,121.14200568727854,2025-09-30 17h31.41.728549 +0530,
127,0,127,[np.float64(0.043933054393305436)],[np.float64(0.2102510460251046)],[1],[0],[0],[3.5789308329995038],['Target'],127,0,127,0,398.2149359160003,,10,398.2057018330006,398.2149359160003,398.2149359160003,0.019314666999889596,401.78468591599994,[np.float64(0.043933054393305436)],[np.float64(0.2102510460251046)],[1],[0],[0],[3.5789308329995038],['Target'],A_2,"001",2025-09-30_17h31.41.680,Visual Search Experiment_Urvashi Bhansali_13 September,,2025.2.0,121.14200568727854,2025-09-30 17h31.41.728549 +0530,
128,0,128,[np.float64(0.032426778242677826)],[np.float64(-0.038702928870292884)],[1],[0],[0],[2.202643583000281],['Target'],128,0,128,0,401.80617741600054,,5,401.798081166,401.80617741600054,401.80617741600054,0.011460416999398149,404.0007975409999,[np.float64(0.032426778242677826)],[np.float64(-0.038702928870292884)],[1],[0],[0],[2.202643583000281],['Target'],A_2,"001",2025-09-30_17h31.41.680,Visual Search Experiment_Urvashi Bhansali_13 September,,2025.2.0,121.14200568727854,2025-09-30 17h31.41.728549 +0530,
129,0,129,[np.float64(0.032426778242677826)],[np.float64(-0.038702928870292884)],[1],[0],[0],[0.27006091700059187],[None],129,0,129,0,404.0241204160002,,5,404.01514366599986,404.0241204160002,404.0241204160002,0.012647209000533621,404.28526291599974,[np.float64(0.032426778242677826)],[np.float64(-0.038702928870292884)],[1],[0],[0],[0.27006091700059187],[None],A_2,"001",2025-09-30_17h31.41.680,Visual Search Experiment_Urvashi Bhansali_13 September,,2025.2.0,121.14200568727854,2025-09-30 17h31.41.728549 +0530,
130,0,130,[np.float64(-0.34623430962343094)],[np.float64(0.2824267782426778)],[1],[0],[0],[2.534983999999895],['Target'],130,0,130,0,404.3078624580003,,5,404.29931108300025,404.3078624580003,404.3078624580003,0.012148833000537707,406.8343610000002,[np.float64(-0.34623430962343094)],[np.float64(0.2824267782426778)],[1],[0],[0],[2.534983999999895],['Target'],A_2,"001",2025-09-30_17h31.41.680,Visual Search Experiment_Urvashi Bhansali_13 September,,2025.2.0,121.14200568727854,2025-09-30 17h31.41.728549 +0530,
131,0,131,[np.float64(0.1192468619246862)],[np.float64(0.3023012552301255)],[1],[0],[0],[2.569170915999166],['Target'],131,0,131,0,406.85764237500007,,5,406.8490704579999,406.85764237500007,406.85764237500007,0.013230875000772357,409.4183062910006,[np.float64(0.1192468619246862)],[np.float64(0.3023012552301255)],[1],[0],[0],[2.569170915999166],['Target'],A_2,"001",2025-09-30_17h31.41.680,Visual Search Experiment_Urvashi Bhansali_13 September,,2025.2.0,121.14200568727854,2025-09-30 17h31.41.728549 +0530,
132,0,132,[np.float64(0.38702928870292885)],[np.float64(0.25)],[1],[0],[0],[4.486333625000043],['Target'],132,0,132,0,409.44079091599997,,5,409.4321453749999,409.44079091599997,409.44079091599997,0.012905833000331768,413.9185417910003,[np.float64(0.38702928870292885)],[np.float64(0.25)],[1],[0],[0],[4.486333625000043],['Target'],A_2,"001",2025-09-30_17h31.41.680,Visual Search Experiment_Urvashi Bhansali_13 September,,2025.2.0,121.14200568727854,2025-09-30 17h31.41.728549 +0530,
133,0,133,[np.float64(-0.4121338912133891)],[np.float64(0.3692468619246862)],[1],[0],[0],[2.659664750000047],['Target'],133,0,133,0,413.95097483300015,,10,413.94128787499994,413.95097483300015,413.95097483300015,0.021823875000336557,416.60101129099985,[np.float64(-0.4121338912133891)],[np.float64(0.3692468619246862)],[1],[0],[0],[2.659664750000047],['Target'],A_2,"001",2025-09-30_17h31.41.680,Visual Search Experiment_Urvashi Bhansali_13 September,,2025.2.0,121.14200568727854,2025-09-30 17h31.41.728549 +0530,
134,0,134,[np.float64(-0.2824267782426778)],[np.float64(-0.2395397489539749)],[1],[0],[0],[2.2207242079994103],['Target'],134,0,134,0,416.6222804580002,,5,416.61396525000055,416.6222804580002,416.6222804580002,0.011545082999873557,418.83475745800024,[np.float64(-0.2824267782426778)],[np.float64(-0.2395397489539749)],[1],[0],[0],[2.2207242079994103],['Target'],A_2,"001",2025-09-30_17h31.41.680,Visual Search Experiment_Urvashi Bhansali_13 September,,2025.2.0,121.14200568727854,2025-09-30 17h31.41.728549 +0530,
135,0,135,[np.float64(0.05230125523012552)],[np.float64(-0.0397489539748954)],[1],[0],[0],[1.6349582089997057],['Target'],135,0,135,0,418.8582242500006,,5,418.84948133299986,418.8582242500006,418.8582242500006,0.012831042000470916,420.48449687500033,[np.float64(0.05230125523012552)],[np.float64(-0.0397489539748954)],[1],[0],[0],[1.6349582089997057],['Target'],A_2,"001",2025-09-30_17h31.41.680,Visual Search Experiment_Urvashi Bhansali_13 September,,2025.2.0,121.14200568727854,2025-09-30 17h31.41.728549 +0530,
136,0,136,[np.float64(0.0010460251046025104)],[np.float64(0.0198744769874477)],[1],[0],[0],[2.3853956670000116],['Target'],136,0,136,0,420.5078202909999,,5,420.49913433300026,420.5078202909999,420.5078202909999,0.012930000000778819,422.88460424999994,[np.float64(0.0010460251046025104)],[np.float64(0.0198744769874477)],[1],[0],[0],[2.3853956670000116],['Target'],A_2,"001",2025-09-30_17h31.41.680,Visual Search Experiment_Urvashi Bhansali_13 September,,2025.2.0,121.14200568727854,2025-09-30 17h31.41.728549 +0530,
137,0,137,[np.float64(-0.013598326359832637)],[np.float64(-0.4121338912133891)],[1],[0],[0],[3.060838000000331],['Target'],137,0,137,0,422.9170515830001,,10,422.9068971659999,422.9170515830001,422.9170515830001,0.020541332999528095,425.96778479099976,[np.float64(-0.013598326359832637)],[np.float64(-0.4121338912133891)],[1],[0],[0],[3.060838000000331],['Target'],A_2,"001",2025-09-30_17h31.41.680,Visual Search Experiment_Urvashi Bhansali_13 September,,2025.2.0,121.14200568727854,2025-09-30 17h31.41.728549 +0530,
138,0,138,[np.float64(-0.027196652719665274)],[np.float64(-0.12866108786610878)],[1],[0],[0],[2.6794437079997806],['Target'],138,0,138,0,425.99766816600004,,10,425.9881462909998,425.99766816600004,425.99766816600004,0.01942437500019878,428.6676371250005,[np.float64(-0.027196652719665274)],[np.float64(-0.12866108786610878)],[1],[0],[0],[2.6794437079997806],['Target'],A_2,"001",2025-09-30_17h31.41.680,Visual Search Experiment_Urvashi Bhansali_13 September,,2025.2.0,121.14200568727854,2025-09-30 17h31.41.728549 +0530,
139,0,139,[np.float64(0.35251046025104604)],[np.float64(-0.3274058577405858)],[1],[0],[0],[3.3962681250004607],['Target'],139,0,139,0,428.6978838750001,,10,428.68858641600036,428.6978838750001,428.6978838750001,0.01948508299938112,432.0849029159999,[np.float64(0.35251046025104604)],[np.float64(-0.3274058577405858)],[1],[0],[0],[3.3962681250004607],['Target'],A_2,"001",2025-09-30_17h31.41.680,Visual Search Experiment_Urvashi Bhansali_13 September,,2025.2.0,121.14200568727854,2025-09-30 17h31.41.728549 +0530,
140,0,140,[np.float64(0.02615062761506276)],[np.float64(-0.27405857740585776)],[1],[0],[0],[2.4862270000003264],['Target'],140,0,140,0,432.1063962500002,,5,432.0983021250004,432.1063962500002,432.1063962500002,0.012362583000140148,434.5845970830005,[np.float64(0.02615062761506276)],[np.float64(-0.27405857740585776)],[1],[0],[0],[2.4862270000003264],['Target'],A_2,"001",2025-09-30_17h31.41.680,Visual Search Experiment_Urvashi Bhansali_13 September,,2025.2.0,121.14200568727854,2025-09-30 17h31.41.728549 +0530,
141,0,141,[np.float64(0.1192468619246862)],[np.float64(0.39748953974895396)],[1],[0],[0],[3.3349949579996974],['Target'],141,0,141,0,434.6080668750001,,5,434.5993156250006,434.6080668750001,434.6080668750001,0.01289241700033017,437.93436850000035,[np.float64(0.1192468619246862)],[np.float64(0.39748953974895396)],[1],[0],[0],[3.3349949579996974],['Target'],A_2,"001",2025-09-30_17h31.41.680,Visual Search Experiment_Urvashi Bhansali_13 September,,2025.2.0,121.14200568727854,2025-09-30 17h31.41.728549 +0530,
142,0,142,[np.float64(0.4299163179916318)],[np.float64(0.47489539748953974)],[1],[0],[0],[2.1571828749993074],['Target'],142,0,142,0,437.9569097499998,,5,437.9484532910001,437.9569097499998,437.9569097499998,0.012265874999684456,440.1057040830001,[np.float64(0.4299163179916318)],[np.float64(0.47489539748953974)],[1],[0],[0],[2.1571828749993074],['Target'],A_2,"001",2025-09-30_17h31.41.680,Visual Search Experiment_Urvashi Bhansali_13 September,,2025.2.0,121.14200568727854,2025-09-30 17h31.41.728549 +0530,
143,0,143,[np.float64(-0.12866108786610878)],[np.float64(-0.4382845188284519)],[1],[0],[0],[6.175144958000601],['Target'],143,0,143,0,440.134552083,,10,440.12520120800036,440.134552083,440.134552083,0.01862174999951094,446.3003987910006,[np.float64(-0.12866108786610878)],[np.float64(-0.4382845188284519)],[1],[0],[0],[6.175144958000601],['Target'],A_2,"001",2025-09-30_17h31.41.680,Visual Search Experiment_Urvashi Bhansali_13 September,,2025.2.0,121.14200568727854,2025-09-30 17h31.41.728549 +0530,
144,0,144,[np.float64(-0.10460251046025104)],[np.float64(-0.4456066945606695)],[1],[0],[0],[2.870859874999951],['Target'],144,0,144,0,446.3220929580002,,5,446.313900958,446.3220929580002,446.3220929580002,0.011871540999891295,449.18483866600036,[np.float64(-0.10460251046025104)],[np.float64(-0.4456066945606695)],[1],[0],[0],[2.870859874999951],['Target'],A_2,"001",2025-09-30_17h31.41.680,Visual Search Experiment_Urvashi Bhansali_13 September,,2025.2.0,121.14200568727854,2025-09-30 17h31.41.728549 +0530,
145,0,145,[np.float64(-0.45188284518828453)],[np.float64(-0.12552301255230125)],[1],[0],[0],[4.052397749999727],['Target'],145,0,145,0,449.2071095830006,,5,449.19855458300026,449.2071095830006,449.2071095830006,0.01223408300029405,453.251018125,[np.float64(-0.45188284518828453)],[np.float64(-0.12552301255230125)],[1],[0],[0],[4.052397749999727],['Target'],A_2,"001",2025-09-30_17h31.41.680,Visual Search Experiment_Urvashi Bhansali_13 September,,2025.2.0,121.14200568727854,2025-09-30 17h31.41.728549 +0530,
146,0,146,[np.float64(0.17677824267782427)],[np.float64(0.2709205020920502)],[1],[0],[0],[2.4266167499999938],['Target'],146,0,146,0,453.2841198750002,,10,453.273993541,453.2841198750002,453.2841198750002,0.021207042000241927,455.7006566250002,[np.float64(0.17677824267782427)],[np.float64(0.2709205020920502)],[1],[0],[0],[2.4266167499999938],['Target'],A_2,"001",2025-09-30_17h31.41.680,Visual Search Experiment_Urvashi Bhansali_13 September,,2025.2.0,121.14200568727854,2025-09-30 17h31.41.728549 +0530,
147,0,147,[np.float64(-0.30857740585774057)],[np.float64(-0.1705020920502092)],[1],[0],[0],[2.629885084000307],['Target'],147,0,147,0,455.73007191600027,,10,455.7211612500005,455.73007191600027,455.73007191600027,0.01922583299983671,458.35110458300005,[np.float64(-0.30857740585774057)],[np.float64(-0.1705020920502092)],[1],[0],[0],[2.629885084000307],['Target'],A_2,"001",2025-09-30_17h31.41.680,Visual Search Experiment_Urvashi Bhansali_13 September,,2025.2.0,121.14200568727854,2025-09-30 17h31.41.728549 +0530,
148,0,148,[np.float64(0.41631799163179917)],[np.float64(-0.34309623430962344)],[1],[0],[0],[2.4207574169995496],['Target'],148,0,148,0,458.37195070800044,,5,458.3642830830004,458.37195070800044,458.37195070800044,0.011414499999773398,460.7851125830002,[np.float64(0.41631799163179917)],[np.float64(-0.34309623430962344)],[1],[0],[0],[2.4207574169995496],['Target'],A_2,"001",2025-09-30_17h31.41.680,Visual Search Experiment_Urvashi Bhansali_13 September,,2025.2.0,121.14200568727854,2025-09-30 17h31.41.728549 +0530,
149,0,149,[np.float64(0.446652719665272)],[np.float64(-0.25627615062761505)],[1],[0],[0],[3.192585458999929],['Target'],149,0,149,0,460.8190756660006,,10,460.808302208,460.8190756660006,460.8190756660006,0.021843583000190847,464.00093562500024,[np.float64(0.446652719665272)],[np.float64(-0.25627615062761505)],[1],[0],[0],[3.192585458999929],['Target'],A_2,"001",2025-09-30_17h31.41.680,Visual Search Experiment_Urvashi Bhansali_13 September,,2025.2.0,121.14200568727854,2025-09-30 17h31.41.728549 +0530,
150,0,150,[np.float64(0.1694560669456067)],[np.float64(0.23640167364016737)],[1],[0],[0],[2.1386310830002913],['Target'],150,0,150,0,464.02126604099976,,5,464.01303829100016,464.02126604099976,464.02126604099976,0.011103707999609469,466.1517340830005,[np.float64(0.1694560669456067)],[np.float64(0.23640167364016737)],[1],[0],[0],[2.1386310830002913],['Target'],A_2,"001",2025-09-30_17h31.41.680,Visual Search Experiment_Urvashi Bhansali_13 September,,2025.2.0,121.14200568727854,2025-09-30 17h31.41.728549 +0530,
151,0,151,[np.float64(0.19246861924686193)],[np.float64(-0.07845188284518828)],[1],[0],[0],[1.9259040419992743],['Target'],151,0,151,0,466.18589258300017,,10,466.1753613330002,466.18589258300017,466.18589258300017,0.02215554200029146,468.10131170800014,[np.float64(0.19246861924686193)],[np.float64(-0.07845188284518828)],[1],[0],[0],[1.9259040419992743],['Target'],A_2,"001",2025-09-30_17h31.41.680,Visual Search Experiment_Urvashi Bhansali_13 September,,2025.2.0,121.14200568727854,2025-09-30 17h31.41.728549 +0530,
152,0,152,[np.float64(-0.3190376569037657)],[np.float64(-0.028242677824267783)],[1],[0],[0],[2.512279333999686],['Target'],152,0,152,0,468.13089887499973,,10,468.12182825000036,468.13089887499973,468.13089887499973,0.01952520899976662,470.63416125000003,[np.float64(-0.3190376569037657)],[np.float64(-0.028242677824267783)],[1],[0],[0],[2.512279333999686],['Target'],A_2,"001",2025-09-30_17h31.41.680,Visual Search Experiment_Urvashi Bhansali_13 September,,2025.2.0,121.14200568727854,2025-09-30 17h31.41.728549 +0530,
153,0,153,[np.float64(-0.09832635983263599)],[np.float64(0.11610878661087866)],[1],[0],[0],[1.670591166000122],['Target'],153,0,153,0,470.65530654099985,,5,470.6471639580004,470.65530654099985,470.65530654099985,0.011549374999958673,472.31782012500025,[np.float64(-0.09832635983263599)],[np.float64(0.11610878661087866)],[1],[0],[0],[1.670591166000122],['Target'],A_2,"001",2025-09-30_17h31.41.680,Visual Search Experiment_Urvashi Bhansali_13 September,,2025.2.0,121.14200568727854,2025-09-30 17h31.41.728549 +0530,
154,0,154,[np.float64(0.4435146443514644)],[np.float64(-0.1401673640167364)],[1],[0],[0],[2.303049791000376],['Target'],154,0,154,0,472.34016862499993,,5,472.3314788329999,472.34016862499993,472.34016862499993,0.011967624999670079,474.63460983300047,[np.float64(0.4435146443514644)],[np.float64(-0.1401673640167364)],[1],[0],[0],[2.303049791000376],['Target'],A_2,"001",2025-09-30_17h31.41.680,Visual Search Experiment_Urvashi Bhansali_13 September,,2025.2.0,121.14200568727854,2025-09-30 17h31.41.728549 +0530,
155,0,155,[np.float64(0.4686192468619247)],[np.float64(-0.18410041841004185)],[1],[0],[0],[2.4261935000004087],['Target'],155,0,155,0,474.667603416,,10,474.65757937499984,474.667603416,474.667603416,0.02126295900052355,477.08382116600023,[np.float64(0.4686192468619247)],[np.float64(-0.18410041841004185)],[1],[0],[0],[2.4261935000004087],['Target'],A_2,"001",2025-09-30_17h31.41.680,Visual Search Experiment_Urvashi Bhansali_13 September,,2025.2.0,121.14200568727854,2025-09-30 17h31.41.728549 +0530,
156,0,156,[np.float64(0.448744769874477)],[np.float64(0.03556485355648536)],[1],[0],[0],[1.7136079580004662],['Target'],156,0,156,0,477.11350008299996,,10,477.10414000000037,477.11350008299996,477.11350008299996,0.019324042000334885,478.8178067500003,[np.float64(0.448744769874477)],[np.float64(0.03556485355648536)],[1],[0],[0],[1.7136079580004662],['Target'],A_2,"001",2025-09-30_17h31.41.680,Visual Search Experiment_Urvashi Bhansali_13 September,,2025.2.0,121.14200568727854,2025-09-30 17h31.41.728549 +0530,
157,0,157,[np.float64(0.13702928870292888)],[np.float64(0.02615062761506276)],[1],[0],[0],[2.869857167000191],['Target'],157,0,157,0,478.83960204100003,,5,478.83147104100044,478.83960204100003,478.83960204100003,0.011865917000250192,481.7013996659998,[np.float64(0.13702928870292888)],[np.float64(0.02615062761506276)],[1],[0],[0],[2.869857167000191],['Target'],A_2,"001",2025-09-30_17h31.41.680,Visual Search Experiment_Urvashi Bhansali_13 September,,2025.2.0,121.14200568727854,2025-09-30 17h31.41.728549 +0530,
158,0,158,[np.float64(-0.03765690376569038)],[np.float64(-0.030334728033472803)],[1],[0],[0],[2.1361317079999935],['Target'],158,0,158,0,481.7240965410001,,5,481.71547470800033,481.7240965410001,481.7240965410001,0.013133208999533963,483.8516662080001,[np.float64(-0.03765690376569038)],[np.float64(-0.030334728033472803)],[1],[0],[0],[2.1361317079999935],['Target'],A_2,"001",2025-09-30_17h31.41.680,Visual Search Experiment_Urvashi Bhansali_13 September,,2025.2.0,121.14200568727854,2025-09-30 17h31.41.728549 +0530,
159,0,159,[np.float64(-0.4780334728033473)],[np.float64(0.19246861924686193)],[1],[0],[0],[2.1521353749994887],['Target'],159,0,159,0,483.87476120800056,,5,483.8658532500003,483.87476120800056,483.87476120800056,0.013257374999739113,486.01805358300044,[np.float64(-0.4780334728033473)],[np.float64(0.19246861924686193)],[1],[0],[0],[2.1521353749994887],['Target'],A_2,"001",2025-09-30_17h31.41.680,Visual Search Experiment_Urvashi Bhansali_13 September,,2025.2.0,121.14200568727854,2025-09-30 17h31.41.728549 +0530,
160,0,160,[np.float64(0.0899581589958159)],[np.float64(-0.08682008368200837)],[1],[0],[0],[2.50299083399932],['Target'],160,0,160,0,486.04101004099994,,5,486.0324192500002,486.04101004099994,486.04101004099994,0.012727041999823996,488.5354846250002,[np.float64(0.0899581589958159)],[np.float64(-0.08682008368200837)],[1],[0],[0],[2.50299083399932],['Target'],A_2,"001",2025-09-30_17h31.41.680,Visual Search Experiment_Urvashi Bhansali_13 September,,2025.2.0,121.14200568727854,2025-09-30 17h31.41.728549 +0530,
161,0,161,[np.float64(0.0041841004184100415)],[np.float64(0.3702928870292887)],[1],[0],[0],[3.0259921249999024],['Target'],161,0,161,0,488.5684542079998,,10,488.5581321660002,488.5684542079998,488.5684542079998,0.021707707999667036,491.5841840000003,[np.float64(0.0041841004184100415)],[np.float64(0.3702928870292887)],[1],[0],[0],[3.0259921249999024],['Target'],A_2,"001",2025-09-30_17h31.41.680,Visual Search Experiment_Urvashi Bhansali_13 September,,2025.2.0,121.14200568727854,2025-09-30 17h31.41.728549 +0530,
162,0,162,[np.float64(-0.3922594142259414)],[np.float64(-0.36610878661087864)],[1],[0],[0],[3.7784292079995794],['Target'],162,0,162,0,491.6162979159999,,10,491.6061185409999,491.6162979159999,491.6162979159999,0.020861083000454528,495.3846094999999,[np.float64(-0.3922594142259414)],[np.float64(-0.36610878661087864)],[1],[0],[0],[3.7784292079995794],['Target'],A_2,"001",2025-09-30_17h31.41.680,Visual Search Experiment_Urvashi Bhansali_13 September,,2025.2.0,121.14200568727854,2025-09-30 17h31.41.728549 +0530,
163,0,163,[np.float64(-0.4299163179916318)],[np.float64(-0.12656903765690378)],[1],[0],[0],[2.7206332919995475],['Target'],163,0,163,0,495.405567625,,5,495.3975435000002,495.405567625,495.405567625,0.011187416999746347,498.11825283300004,[np.float64(-0.4299163179916318)],[np.float64(-0.12656903765690378)],[1],[0],[0],[2.7206332919995475],['Target'],A_2,"001",2025-09-30_17h31.41.680,Visual Search Experiment_Urvashi Bhansali_13 September,,2025.2.0,121.14200568727854,2025-09-30 17h31.41.728549 +0530,
164,0,164,[np.float64(-0.18410041841004185)],[np.float64(-0.4801255230125523)],[1],[0],[0],[2.985530583000582],['Target'],164,0,164,0,498.14028991600026,,5,498.132114041,498.14028991600026,498.14028991600026,0.012929208000059589,501.1177105830002,[np.float64(-0.18410041841004185)],[np.float64(-0.4801255230125523)],[1],[0],[0],[2.985530583000582],['Target'],A_2,"001",2025-09-30_17h31.41.680,Visual Search Experiment_Urvashi Bhansali_13 September,,2025.2.0,121.14200568727854,2025-09-30 17h31.41.728549 +0530,
165,0,165,[np.float64(0.07740585774058577)],[np.float64(-0.3263598326359833)],[1],[0],[0],[2.0768173749993366],['Target'],165,0,165,0,501.1503982909999,,10,501.14033395800016,501.1503982909999,501.1503982909999,0.021017707999817503,503.21720379100043,[np.float64(0.07740585774058577)],[np.float64(-0.3263598326359833)],[1],[0],[0],[2.0768173749993366],['Target'],A_2,"001",2025-09-30_17h31.41.680,Visual Search Experiment_Urvashi Bhansali_13 September,,2025.2.0,121.14200568727854,2025-09-30 17h31.41.728549 +0530,
166,0,166,[np.float64(-0.3158995815899582)],[np.float64(-0.2834728033472803)],[1],[0],[0],[2.746447167000042],['Target'],166,0,166,0,503.24701733300026,,10,503.23793645800015,503.24701733300026,503.24701733300026,0.01902387500012992,505.98443470799975,[np.float64(-0.3158995815899582)],[np.float64(-0.2834728033472803)],[1],[0],[0],[2.746447167000042],['Target'],A_2,"001",2025-09-30_17h31.41.680,Visual Search Experiment_Urvashi Bhansali_13 September,,2025.2.0,121.14200568727854,2025-09-30 17h31.41.728549 +0530,
167,0,167,[np.float64(-0.13598326359832635)],[np.float64(0.22489539748953974)],[1],[0],[0],[3.153989333000027],['Target'],167,0,167,0,506.0053910410006,,5,505.99717220799994,506.0053910410006,506.0053910410006,0.011734041999261535,509.15123612499974,[np.float64(-0.13598326359832635)],[np.float64(0.22489539748953974)],[1],[0],[0],[3.153989333000027],['Target'],A_2,"001",2025-09-30_17h31.41.680,Visual Search Experiment_Urvashi Bhansali_13 September,,2025.2.0,121.14200568727854,2025-09-30 17h31.41.728549 +0530,
168,0,168,[np.float64(-0.4100418410041841)],[np.float64(-0.37552301255230125)],[1],[0],[0],[2.893814625000232],['Target'],168,0,168,0,509.18421962499997,,10,509.17432262500006,509.18421962499997,509.18421962499997,0.02150300000084826,512.0681879579997,[np.float64(-0.4100418410041841)],[np.float64(-0.37552301255230125)],[1],[0],[0],[2.893814625000232],['Target'],A_2,"001",2025-09-30_17h31.41.680,Visual Search Experiment_Urvashi Bhansali_13 September,,2025.2.0,121.14200568727854,2025-09-30 17h31.41.728549 +0530,
169,0,169,[np.float64(0.4006276150627615)],[np.float64(0.13598326359832635)],[1],[0],[0],[2.671660791999784],['Target'],169,0,169,0,512.088882,,5,512.0805289999998,512.088882,512.088882,0.011414292000154092,514.7522680000002,[np.float64(0.4006276150627615)],[np.float64(0.13598326359832635)],[1],[0],[0],[2.671660791999784],['Target'],A_2,"001",2025-09-30_17h31.41.680,Visual Search Experiment_Urvashi Bhansali_13 September,,2025.2.0,121.14200568727854,2025-09-30 17h31.41.728549 +0530,
170,0,170,[np.float64(0.4769874476987448)],[np.float64(-0.401673640167364)],[1],[0],[0],[2.834743750000598],['Target'],170,0,170,0,514.7750407909998,,5,514.7661190409999,514.7750407909998,514.7750407909998,0.012932915999954275,517.6009248330001,[np.float64(0.4769874476987448)],[np.float64(-0.401673640167364)],[1],[0],[0],[2.834743750000598],['Target'],A_2,"001",2025-09-30_17h31.41.680,Visual Search Experiment_Urvashi Bhansali_13 September,,2025.2.0,121.14200568727854,2025-09-30 17h31.41.728549 +0530,
171,0,171,[np.float64(0.2615062761506276)],[np.float64(0.06694560669456066)],[1],[0],[0],[2.3599820829995224],['Target'],171,0,171,0,517.633215625,,10,517.6238923330002,517.633215625,517.633215625,0.021183540999118122,519.9839212910001,[np.float64(0.2615062761506276)],[np.float64(0.06694560669456066)],[1],[0],[0],[2.3599820829995224],['Target'],A_2,"001",2025-09-30_17h31.41.680,Visual Search Experiment_Urvashi Bhansali_13 September,,2025.2.0,121.14200568727854,2025-09-30 17h31.41.728549 +0530,
172,0,172,[np.float64(-0.46129707112970714)],[np.float64(-0.027196652719665274)],[1],[0],[0],[2.7632329999996728],['Target'],172,0,172,0,520.0145709580001,,10,520.0045835830006,520.0145709580001,520.0145709580001,0.01956729199991969,522.7678671660005,[np.float64(-0.46129707112970714)],[np.float64(-0.027196652719665274)],[1],[0],[0],[2.7632329999996728],['Target'],A_2,"001",2025-09-30_17h31.41.680,Visual Search Experiment_Urvashi Bhansali_13 September,,2025.2.0,121.14200568727854,2025-09-30 17h31.41.728549 +0530,
173,0,173,[np.float64(0.12447698744769875)],[np.float64(0.40585774058577406)],[1],[0],[0],[2.288369457999579],['Target'],173,0,173,0,522.7887341659998,,5,522.7807288330005,522.7887341659998,522.7887341659998,0.011181458000464772,525.0691947080004,[np.float64(0.12447698744769875)],[np.float64(0.40585774058577406)],[1],[0],[0],[2.288369457999579],['Target'],A_2,"001",2025-09-30_17h31.41.680,Visual Search Experiment_Urvashi Bhansali_13 September,,2025.2.0,121.14200568727854,2025-09-30 17h31.41.728549 +0530,
174,0,174,[np.float64(0.18305439330543932)],[np.float64(0.21652719665271966)],[1],[0],[0],[2.1923918749998847],['Target'],174,0,174,0,525.102243458,,10,525.0923565000003,525.102243458,525.102243458,0.021406666000075347,527.2847982080002,[np.float64(0.18305439330543932)],[np.float64(0.21652719665271966)],[1],[0],[0],[2.1923918749998847],['Target'],A_2,"001",2025-09-30_17h31.41.680,Visual Search Experiment_Urvashi Bhansali_13 September,,2025.2.0,121.14200568727854,2025-09-30 17h31.41.728549 +0530,
175,0,175,[np.float64(0.49686192468619245)],[np.float64(0.015690376569037656)],[1],[0],[0],[2.0711689169993406],['Target'],175,0,175,0,527.3050428750003,,5,527.296802541,527.3050428750003,527.3050428750003,0.011069125000176427,529.3680397079997,[np.float64(0.49686192468619245)],[np.float64(0.015690376569037656)],[1],[0],[0],[2.0711689169993406],['Target'],A_2,"001",2025-09-30_17h31.41.680,Visual Search Experiment_Urvashi Bhansali_13 September,,2025.2.0,121.14200568727854,2025-09-30 17h31.41.728549 +0530,
176,0,176,[np.float64(-0.2834728033472803)],[np.float64(-0.401673640167364)],[1],[0],[0],[3.143127417000869],['Target'],176,0,176,0,529.400827083,,10,529.3908250000004,529.400827083,529.400827083,0.02116424999985611,532.5340030830002,[np.float64(-0.2834728033472803)],[np.float64(-0.401673640167364)],[1],[0],[0],[3.143127417000869],['Target'],A_2,"001",2025-09-30_17h31.41.680,Visual Search Experiment_Urvashi Bhansali_13 September,,2025.2.0,121.14200568727854,2025-09-30 17h31.41.728549 +0530,
177,0,177,[np.float64(0.2175732217573222)],[np.float64(-0.0198744769874477)],[1],[0],[0],[1.6719683749997785],['Target'],177,0,177,0,532.5549608749998,,5,532.5468403330005,532.5549608749998,532.5549608749998,0.01118041700010508,534.2188805000005,[np.float64(0.2175732217573222)],[np.float64(-0.0198744769874477)],[1],[0],[0],[1.6719683749997785],['Target'],A_2,"001",2025-09-30_17h31.41.680,Visual Search Experiment_Urvashi Bhansali_13 September,,2025.2.0,121.14200568727854,2025-09-30 17h31.41.728549 +0530,
178,0,178,[np.float64(0.14539748953974896)],[np.float64(0.4456066945606695)],[1],[0],[0],[2.793347666000045],['Target'],178,0,178,0,534.2519740830003,,10,534.2413063330005,534.2519740830003,534.2519740830003,0.02146824999999808,537.0347014580002,[np.float64(0.14539748953974896)],[np.float64(0.4456066945606695)],[1],[0],[0],[2.793347666000045],['Target'],A_2,"001",2025-09-30_17h31.41.680,Visual Search Experiment_Urvashi Bhansali_13 September,,2025.2.0,121.14200568727854,2025-09-30 17h31.41.728549 +0530,
179,0,179,[np.float64(-0.28556485355648537)],[np.float64(-0.3410041841004184)],[1],[0],[0],[1.5878737920002095],['Target'],179,0,179,0,537.055377791,,5,537.0473810000003,537.055377791,537.055377791,0.011422540999774355,538.6353240409999,[np.float64(-0.28556485355648537)],[np.float64(-0.3410041841004184)],[1],[0],[0],[1.5878737920002095],['Target'],A_2,"001",2025-09-30_17h31.41.680,Visual Search Experiment_Urvashi Bhansali_13 September,,2025.2.0,121.14200568727854,2025-09-30 17h31.41.728549 +0530,
180,0,180,[np.float64(0.41527196652719667)],[np.float64(0.1098326359832636)],[1],[0],[0],[2.518019166999693],['Target'],180,0,180,0,538.6589571660006,,5,538.6502184999999,538.6589571660006,538.6589571660006,0.013218125000094005,541.1683002910004,[np.float64(0.41527196652719667)],[np.float64(0.1098326359832636)],[1],[0],[0],[2.518019166999693],['Target'],A_2,"001",2025-09-30_17h31.41.680,Visual Search Experiment_Urvashi Bhansali_13 September,,2025.2.0,121.14200568727854,2025-09-30 17h31.41.728549 +0530,
181,0,181,[np.float64(-0.4696652719665272)],[np.float64(-0.33368200836820083)],[1],[0],[0],[2.4195652500002325],['Target'],181,0,181,0,541.1906938330003,,5,541.1820088330005,541.1906938330003,541.1906938330003,0.012787124999704247,543.6016407500001,[np.float64(-0.4696652719665272)],[np.float64(-0.33368200836820083)],[1],[0],[0],[2.4195652500002325],['Target'],A_2,"001",2025-09-30_17h31.41.680,Visual Search Experiment_Urvashi Bhansali_13 September,,2025.2.0,121.14200568727854,2025-09-30 17h31.41.728549 +0530,
182,0,182,[np.float64(-0.37552301255230125)],[np.float64(-0.18619246861924685)],[1],[0],[0],[2.8527360839998437],['Target'],182,0,182,0,543.6244470410002,,5,543.6156097499997,543.6244470410002,543.6244470410002,0.013029000000642554,546.4684101250004,[np.float64(-0.37552301255230125)],[np.float64(-0.18619246861924685)],[1],[0],[0],[2.8527360839998437],['Target'],A_2,"001",2025-09-30_17h31.41.680,Visual Search Experiment_Urvashi Bhansali_13 September,,2025.2.0,121.14200568727854,2025-09-30 17h31.41.728549 +0530,
183,0,183,[np.float64(0.056485355648535567)],[np.float64(0.4330543933054393)],[1],[0],[0],[3.951911457999813],['Target'],183,0,183,0,546.491479708,,5,546.4826295410003,546.491479708,546.491479708,0.012545333000161918,550.4346134580001,[np.float64(0.056485355648535567)],[np.float64(0.4330543933054393)],[1],[0],[0],[3.951911457999813],['Target'],A_2,"001",2025-09-30_17h31.41.680,Visual Search Experiment_Urvashi Bhansali_13 September,,2025.2.0,121.14200568727854,2025-09-30 17h31.41.728549 +0530,
184,0,184,[np.float64(-0.012552301255230125)],[np.float64(0.29811715481171547)],[1],[0],[0],[2.051746665999417],['Target'],184,0,184,0,550.4587258749998,,5,550.4499282500001,550.4587258749998,550.4587258749998,0.01334683299955941,552.5017365829999,[np.float64(-0.012552301255230125)],[np.float64(0.29811715481171547)],[1],[0],[0],[2.051746665999417],['Target'],A_2,"001",2025-09-30_17h31.41.680,Visual Search Experiment_Urvashi Bhansali_13 September,,2025.2.0,121.14200568727854,2025-09-30 17h31.41.728549 +0530,
185,0,185,[np.float64(-0.14748953974895398)],[np.float64(0.13493723849372385)],[1],[0],[0],[1.7010189580005317],['Target'],185,0,185,0,552.524654416,,5,552.5159333330002,552.524654416,552.524654416,0.012764084000082221,554.2170294160005,[np.float64(-0.14748953974895398)],[np.float64(0.13493723849372385)],[1],[0],[0],[1.7010189580005317],['Target'],A_2,"001",2025-09-30_17h31.41.680,Visual Search Experiment_Urvashi Bhansali_13 September,,2025.2.0,121.14200568727854,2025-09-30 17h31.41.728549 +0530,
186,0,186,[np.float64(0.4602510460251046)],[np.float64(-0.19142259414225943)],[1],[0],[0],[2.9021591249993435],['Target'],186,0,186,0,554.2401325830006,,5,554.2314877910003,554.2401325830006,554.2401325830006,0.01248691700038762,557.1337140830001,[np.float64(0.4602510460251046)],[np.float64(-0.19142259414225943)],[1],[0],[0],[2.9021591249993435],['Target'],A_2,"001",2025-09-30_17h31.41.680,Visual Search Experiment_Urvashi Bhansali_13 September,,2025.2.0,121.14200568727854,2025-09-30 17h31.41.728549 +0530,
187,0,187,[np.float64(0.3253138075313807)],[np.float64(-0.09414225941422594)],[1],[0],[0],[2.0855512499992983],['Target'],187,0,187,0,557.1569129999998,,5,557.1484165829997,557.1569129999998,557.1569129999998,0.013031833000241022,559.2340317500002,[np.float64(0.3253138075313807)],[np.float64(-0.09414225941422594)],[1],[0],[0],[2.0855512499992983],['Target'],A_2,"001",2025-09-30_17h31.41.680,Visual Search Experiment_Urvashi Bhansali_13 September,,2025.2.0,121.14200568727854,2025-09-30 17h31.41.728549 +0530,
188,0,188,[np.float64(-0.25523012552301255)],[np.float64(-0.3253138075313807)],[1],[0],[0],[6.052862042000015],['Target'],188,0,188,0,559.2567807080004,,5,559.2482122500005,559.2567807080004,559.2567807080004,0.012267250000149943,565.3011394160003,[np.float64(-0.25523012552301255)],[np.float64(-0.3253138075313807)],[1],[0],[0],[6.052862042000015],['Target'],A_2,"001",2025-09-30_17h31.41.680,Visual Search Experiment_Urvashi Bhansali_13 September,,2025.2.0,121.14200568727854,2025-09-30 17h31.41.728549 +0530,
189,0,189,[np.float64(0.37552301255230125)],[np.float64(0.3723849372384937)],[1],[0],[0],[3.151469000000361],['Target'],189,0,189,0,565.3250681250001,,5,565.3161184580003,565.3250681250001,565.3250681250001,0.013334833000044455,568.467652583,[np.float64(0.37552301255230125)],[np.float64(0.3723849372384937)],[1],[0],[0],[3.151469000000361],['Target'],A_2,"001",2025-09-30_17h31.41.680,Visual Search Experiment_Urvashi Bhansali_13 September,,2025.2.0,121.14200568727854,2025-09-30 17h31.41.728549 +0530,
190,0,190,[np.float64(0.4884937238493724)],[np.float64(0.016736401673640166)],[1],[0],[0],[2.6771656669998265],['Target'],190,0,190,0,568.5003711660001,,10,568.4902325410003,568.5003711660001,568.5003711660001,0.021026583000093524,571.167448833,[np.float64(0.4884937238493724)],[np.float64(0.016736401673640166)],[1],[0],[0],[2.6771656669998265],['Target'],A_2,"001",2025-09-30_17h31.41.680,Visual Search Experiment_Urvashi Bhansali_13 September,,2025.2.0,121.14200568727854,2025-09-30 17h31.41.728549 +0530,
191,0,191,[np.float64(0.49581589958158995)],[np.float64(0.46338912133891214)],[1],[0],[0],[2.7209725000002436],['Target'],191,0,191,0,571.1884265409999,,5,571.1800834579999,571.1884265409999,571.1884265409999,0.011660875000416127,573.901122708,[np.float64(0.49581589958158995)],[np.float64(0.46338912133891214)],[1],[0],[0],[2.7209725000002436],['Target'],A_2,"001",2025-09-30_17h31.41.680,Visual Search Experiment_Urvashi Bhansali_13 September,,2025.2.0,121.14200568727854,2025-09-30 17h31.41.728549 +0530,
192,0,192,[np.float64(0.26359832635983266)],[np.float64(0.10251046025104603)],[1],[0],[0],[1.7345409999998083],['Target'],192,0,192,0,573.9248785830005,,5,573.9161232910001,573.9248785830005,573.9248785830005,0.01328241600003821,575.6507255410006,[np.float64(0.26359832635983266)],[np.float64(0.10251046025104603)],[1],[0],[0],[1.7345409999998083],['Target'],A_2,"001",2025-09-30_17h31.41.680,Visual Search Experiment_Urvashi Bhansali_13 September,,2025.2.0,121.14200568727854,2025-09-30 17h31.41.728549 +0530,
193,0,193,[np.float64(0.10355648535564854)],[np.float64(-0.16631799163179917)],[1],[0],[0],[2.277161750000232],['Target'],193,0,193,0,575.6843727080004,,10,575.6738393750002,575.6843727080004,575.6843727080004,0.021649000000252272,577.9510473330001,[np.float64(0.10355648535564854)],[np.float64(-0.16631799163179917)],[1],[0],[0],[2.277161750000232],['Target'],A_2,"001",2025-09-30_17h31.41.680,Visual Search Experiment_Urvashi Bhansali_13 September,,2025.2.0,121.14200568727854,2025-09-30 17h31.41.728549 +0530,
194,0,194,[np.float64(-0.4780334728033473)],[np.float64(-0.2510460251046025)],[1],[0],[0],[3.0715739590004887],['Target'],194,0,194,0,577.9716007080006,,5,577.9635416660003,577.9716007080006,577.9716007080006,0.011232165999899735,581.0351847080001,[np.float64(-0.4780334728033473)],[np.float64(-0.2510460251046025)],[1],[0],[0],[3.0715739590004887],['Target'],A_2,"001",2025-09-30_17h31.41.680,Visual Search Experiment_Urvashi Bhansali_13 September,,2025.2.0,121.14200568727854,2025-09-30 17h31.41.728549 +0530,
195,0,195,[np.float64(-0.16527196652719664)],[np.float64(0.1087866108786611)],[1],[0],[0],[2.8094202089996543],['Target'],195,0,195,0,581.0683987500006,,10,581.0578344160003,581.0683987500006,581.0683987500006,0.021724833000007493,583.86730575,[np.float64(-0.16527196652719664)],[np.float64(0.1087866108786611)],[1],[0],[0],[2.8094202089996543],['Target'],A_2,"001",2025-09-30_17h31.41.680,Visual Search Experiment_Urvashi Bhansali_13 September,,2025.2.0,121.14200568727854,2025-09-30 17h31.41.728549 +0530,
196,0,196,[np.float64(0.28765690376569036)],[np.float64(-0.09414225941422594)],[1],[0],[0],[3.6958908750002593],['Target'],196,0,196,0,583.897736416,,10,583.8883834580001,583.897736416,583.897736416,0.01928299999963201,587.584339041,[np.float64(0.28765690376569036)],[np.float64(-0.09414225941422594)],[1],[0],[0],[3.6958908750002593],['Target'],A_2,"001",2025-09-30_17h31.41.680,Visual Search Experiment_Urvashi Bhansali_13 September,,2025.2.0,121.14200568727854,2025-09-30 17h31.41.728549 +0530,
197,0,197,[np.float64(-0.02405857740585774)],[np.float64(0.35669456066945604)],[1],[0],[0],[3.5774573749995398],['Target'],197,0,197,0,587.6153047500002,,10,587.6061087910002,587.6153047500002,587.6153047500002,0.020223292000082438,591.1836172080002,[np.float64(-0.02405857740585774)],[np.float64(0.35669456066945604)],[1],[0],[0],[3.5774573749995398],['Target'],A_2,"001",2025-09-30_17h31.41.680,Visual Search Experiment_Urvashi Bhansali_13 September,,2025.2.0,121.14200568727854,2025-09-30 17h31.41.728549 +0530,
198,0,198,[np.float64(-0.008368200836820083)],[np.float64(-0.42887029288702927)],[1],[0],[0],[4.213167500000054],['Target'],198,0,198,0,591.2134359580004,,10,591.2042067500006,591.2134359580004,591.2134359580004,0.019313624999995227,595.4174284580004,[np.float64(-0.008368200836820083)],[np.float64(-0.42887029288702927)],[1],[0],[0],[4.213167500000054],['Target'],A_2,"001",2025-09-30_17h31.41.680,Visual Search Experiment_Urvashi Bhansali_13 September,,2025.2.0,121.14200568727854,2025-09-30 17h31.41.728549 +0530,
199,0,199,[np.float64(-0.2604602510460251)],[np.float64(0.16108786610878661)],[1],[0],[0],[1.9459864169994034],['Target'],199,0,199,0,595.447796208,,10,595.4387190830003,595.447796208,595.447796208,0.019765957999879902,597.3847675409997,[np.float64(-0.2604602510460251)],[np.float64(0.16108786610878661)],[1],[0],[0],[1.9459864169994034],['Target'],A_2,"001",2025-09-30_17h31.41.680,Visual Search Experiment_Urvashi Bhansali_13 September,,2025.2.0,121.14200568727854,2025-09-30 17h31.41.728549 +0530,
