pos,corr_resp,thisN,thisTrialN,thisRepN,key_resp.keys,key_resp.corr,key_resp.rt,key_resp.duration,key_resp_2.keys,key_resp_2.corr,key_resp_2.rt,key_resp_2.duration,trials.thisRepN,trials.thisTrialN,trials.thisN,trials.thisIndex,trials_2.thisRepN,trials_2.thisTrialN,trials_2.thisN,trials_2.thisIndex,thisRow.t,notes,trial.started,Fixation.started,line1.started,line2.started,line3.started,line4.started,Fixation.stopped,protrianglefixation.started,key_resp.started,trial.stopped,trials.key_resp.keys,trials.key_resp.corr,trials.key_resp.rt,trials.key_resp.duration,trial_2.started,Fixation_2.started,line1_2.started,line2_2.started,line3_2.started,line4_2.started,Fixation_2.stopped,protrianglefixation_2.started,key_resp_2.started,trial_2.stopped,trials_2.key_resp_2.keys,trials_2.key_resp_2.corr,trials_2.key_resp_2.rt,trials_2.key_resp_2.duration,participant,session,date,expName,expVersion,psychopyVersion,frameRate,expStart,
-50,x,0,0,0,x,1,8.09748533399761,None,,,,,0,0,0,0,,,,,0.020856833001744235,,0.015028875001007691,0.020856833001744235,1.0065887080018001,1.0065887080018001,1.0065887080018001,1.0065887080018001,1.0148491660002037,1.9927896250010235,1.9927896250010235,10.261306541000522,x,1,8.09748533399761,None,,,,,,,,,,,,,,,AA_200,"001",2025-10-02_12h59.02.579,Motor sequence Learning task_Recent_Experiment_Tutorial 4_Urvashi Bhansali_AU2320139,,2025.2.0,None,2025-10-02 12h59.02.601901 +0530,
150,v,1,1,0,v,1,4.291514290998748,None,,,,,0,1,1,1,,,,,10.26907758300149,,10.26149762500063,10.26907758300149,11.258415958000114,11.258415958000114,11.258415958000114,11.258415958000114,11.26588108299984,12.276675790999434,12.276675790999434,16.577179333002277,v,1,4.291514290998748,None,,,,,,,,,,,,,,,AA_200,"001",2025-10-02_12h59.02.579,Motor sequence Learning task_Recent_Experiment_Tutorial 4_Urvashi Bhansali_AU2320139,,2025.2.0,None,2025-10-02 12h59.02.601901 +0530,
50,c,2,2,0,c,1,9.119037374999607,None,,,,,0,2,2,2,,,,,16.588184457999887,,16.57781433299897,16.588184457999887,17.575076375000208,17.575076375000208,17.575076375000208,17.575076375000208,17.58277416599958,18.575077875000716,18.575077875000716,27.711296458001016,c,1,9.119037374999607,None,,,,,,,,,,,,,,,AA_200,"001",2025-10-02_12h59.02.579,Motor sequence Learning task_Recent_Experiment_Tutorial 4_Urvashi Bhansali_AU2320139,,2025.2.0,None,2025-10-02 12h59.02.601901 +0530,
-150,z,3,3,0,z,1,0.9250736670001061,None,,,,,0,3,3,3,,,,,27.725501500000973,,27.711870750001253,27.725501500000973,28.708427624998876,28.708427624998876,28.708427624998876,28.708427624998876,28.7159583749999,29.7084769159992,29.7084769159992,30.643394582999463,z,1,0.9250736670001061,None,,,,,,,,,,,,,,,AA_200,"001",2025-10-02_12h59.02.579,Motor sequence Learning task_Recent_Experiment_Tutorial 4_Urvashi Bhansali_AU2320139,,2025.2.0,None,2025-10-02 12h59.02.601901 +0530,
-50,x,4,0,1,x,1,0.8656075830003829,None,,,,,1,0,4,0,,,,,30.654682832999242,,30.64395337500173,30.654682832999242,31.641841208002006,31.641841208002006,31.641841208002006,31.641841208002006,31.64911558300082,32.64195345800181,32.64195345800181,33.509932541001035,x,1,0.8656075830003829,None,,,,,,,,,,,,,,,AA_200,"001",2025-10-02_12h59.02.579,Motor sequence Learning task_Recent_Experiment_Tutorial 4_Urvashi Bhansali_AU2320139,,2025.2.0,None,2025-10-02 12h59.02.601901 +0530,
150,v,5,1,1,v,1,1.1688922089997504,None,,,,,1,1,5,1,,,,,33.52139349999925,,33.51050487500106,33.52139349999925,34.50856674999886,34.50856674999886,34.50856674999886,34.50856674999886,34.516108540999994,35.50858787499965,35.50858787499965,36.684729083001,v,1,1.1688922089997504,None,,,,,,,,,,,,,,,AA_200,"001",2025-10-02_12h59.02.579,Motor sequence Learning task_Recent_Experiment_Tutorial 4_Urvashi Bhansali_AU2320139,,2025.2.0,None,2025-10-02 12h59.02.601901 +0530,
50,c,6,2,1,c,1,1.025817707999522,None,,,,,1,2,6,2,,,,,36.69562874999974,,36.68530779100183,36.69562874999974,37.683111250000366,37.683111250000366,37.683111250000366,37.683111250000366,37.691911124999024,38.6835994159992,38.6835994159992,39.71735962499952,c,1,1.025817707999522,None,,,,,,,,,,,,,,,AA_200,"001",2025-10-02_12h59.02.579,Motor sequence Learning task_Recent_Experiment_Tutorial 4_Urvashi Bhansali_AU2320139,,2025.2.0,None,2025-10-02 12h59.02.601901 +0530,
-150,z,7,3,1,z,1,0.7369728750018112,None,,,,,1,3,7,3,,,,,39.72885558300186,,39.717975874998956,39.72885558300186,40.716322374999436,40.716322374999436,40.716322374999436,40.716322374999436,40.7251320409996,41.70843199999945,41.70843199999945,42.45092899999872,z,1,0.7369728750018112,None,,,,,,,,,,,,,,,AA_200,"001",2025-10-02_12h59.02.579,Motor sequence Learning task_Recent_Experiment_Tutorial 4_Urvashi Bhansali_AU2320139,,2025.2.0,None,2025-10-02 12h59.02.601901 +0530,
-50,x,8,0,2,x,1,1.0572885000001406,None,,,,,2,0,8,0,,,,,42.46244558300168,,42.45148654100194,42.46244558300168,43.450147457999265,43.450147457999265,43.450147457999265,43.450147457999265,43.45946541599915,44.450036665999505,44.450036665999505,45.51002912500189,x,1,1.0572885000001406,None,,,,,,,,,,,,,,,AA_200,"001",2025-10-02_12h59.02.579,Motor sequence Learning task_Recent_Experiment_Tutorial 4_Urvashi Bhansali_AU2320139,,2025.2.0,None,2025-10-02 12h59.02.601901 +0530,
150,v,9,1,2,v,1,1.0408989589996054,None,,,,,2,1,9,1,,,,,45.52159104100065,,45.510583833001874,45.52159104100065,46.50846008300141,46.50846008300141,46.50846008300141,46.50846008300141,46.51582079099899,47.508379708000575,47.508379708000575,48.55090820799887,v,1,1.0408989589996054,None,,,,,,,,,,,,,,,AA_200,"001",2025-10-02_12h59.02.579,Motor sequence Learning task_Recent_Experiment_Tutorial 4_Urvashi Bhansali_AU2320139,,2025.2.0,None,2025-10-02 12h59.02.601901 +0530,
50,c,10,2,2,c,1,1.2095090840011835,None,,,,,2,2,10,2,,,,,48.56209529099942,,48.55140150000079,48.56209529099942,49.549420957999246,49.549420957999246,49.549420957999246,49.549420957999246,49.558432958001504,50.549628000000666,50.549628000000666,51.76749658300105,c,1,1.2095090840011835,None,,,,,,,,,,,,,,,AA_200,"001",2025-10-02_12h59.02.579,Motor sequence Learning task_Recent_Experiment_Tutorial 4_Urvashi Bhansali_AU2320139,,2025.2.0,None,2025-10-02 12h59.02.601901 +0530,
-150,z,11,3,2,z,1,0.9959680829997524,None,,,,,2,3,11,3,,,,,51.77834383300069,,51.76800604100208,51.77834383300069,52.76606733299923,52.76606733299923,52.76606733299923,52.76606733299923,52.775102333001996,53.766204666000704,53.766204666000704,54.767630458001804,z,1,0.9959680829997524,None,,,,,,,,,,,,,,,AA_200,"001",2025-10-02_12h59.02.579,Motor sequence Learning task_Recent_Experiment_Tutorial 4_Urvashi Bhansali_AU2320139,,2025.2.0,None,2025-10-02 12h59.02.601901 +0530,
-50,x,12,0,3,x,1,1.5322693340021942,None,,,,,3,0,12,0,,,,,54.77908933300205,,54.768184541000664,54.77908933300205,55.76690824999969,55.76690824999969,55.76690824999969,55.76690824999969,55.79318699999931,56.766647500000545,56.766647500000545,58.300844207999035,x,1,1.5322693340021942,None,,,,,,,,,,,,,,,AA_200,"001",2025-10-02_12h59.02.579,Motor sequence Learning task_Recent_Experiment_Tutorial 4_Urvashi Bhansali_AU2320139,,2025.2.0,None,2025-10-02 12h59.02.601901 +0530,
150,v,13,1,3,v,1,0.7196754579999833,None,,,,,3,1,13,1,,,,,58.31256604100054,,58.30156374999933,58.31256604100054,59.300067374999344,59.300067374999344,59.300067374999344,59.300067374999344,59.308759625000675,60.30029641600049,60.30029641600049,61.02722170800189,v,1,0.7196754579999833,None,,,,,,,,,,,,,,,AA_200,"001",2025-10-02_12h59.02.579,Motor sequence Learning task_Recent_Experiment_Tutorial 4_Urvashi Bhansali_AU2320139,,2025.2.0,None,2025-10-02 12h59.02.601901 +0530,
50,c,14,2,3,c,1,0.7765869999966526,None,,,,,3,2,14,2,,,,,61.03876941600174,,61.02794287500001,61.03876941600174,62.02557154100214,62.02557154100214,62.02557154100214,62.02557154100214,62.03279333300088,63.025309208002,63.025309208002,63.810024165999494,c,1,0.7765869999966526,None,,,,,,,,,,,,,,,AA_200,"001",2025-10-02_12h59.02.579,Motor sequence Learning task_Recent_Experiment_Tutorial 4_Urvashi Bhansali_AU2320139,,2025.2.0,None,2025-10-02 12h59.02.601901 +0530,
-150,z,15,3,3,z,1,0.8575367079974967,None,,,,,3,3,15,3,,,,,63.82163495799978,,63.81059208300212,63.82163495799978,64.80842262499937,64.80842262499937,64.80842262499937,64.80842262499937,64.81581741600166,65.80024837499877,65.80024837499877,66.6609775830002,z,1,0.8575367079974967,None,,,,,,,,,,,,,,,AA_200,"001",2025-10-02_12h59.02.579,Motor sequence Learning task_Recent_Experiment_Tutorial 4_Urvashi Bhansali_AU2320139,,2025.2.0,None,2025-10-02 12h59.02.601901 +0530,
-50,x,16,0,4,x,1,0.8162152910008444,None,,,,,4,0,16,0,,,,,66.67345979099991,,66.66177608300131,66.67345979099991,67.65865195800143,67.65865195800143,67.65865195800143,67.65865195800143,67.66619562499909,68.65848295799879,68.65848295799879,69.47685008299959,x,1,0.8162152910008444,None,,,,,,,,,,,,,,,AA_200,"001",2025-10-02_12h59.02.579,Motor sequence Learning task_Recent_Experiment_Tutorial 4_Urvashi Bhansali_AU2320139,,2025.2.0,None,2025-10-02 12h59.02.601901 +0530,
150,v,17,1,4,v,1,0.9776112079998711,None,,,,,4,1,17,1,,,,,69.48844687499877,,69.47756129100162,69.48844687499877,70.4749249580018,70.4749249580018,70.4749249580018,70.4749249580018,70.48259429099926,71.47516175000055,71.47516175000055,72.46039262500199,v,1,0.9776112079998711,None,,,,,,,,,,,,,,,AA_200,"001",2025-10-02_12h59.02.579,Motor sequence Learning task_Recent_Experiment_Tutorial 4_Urvashi Bhansali_AU2320139,,2025.2.0,None,2025-10-02 12h59.02.601901 +0530,
50,c,18,2,4,c,1,0.8721070830033568,None,,,,,4,2,18,2,,,,,72.47161287500057,,72.46094937499947,72.47161287500057,73.4583857079997,73.4583857079997,73.4583857079997,73.4583857079997,73.46564691599997,74.4583770829995,74.4583770829995,75.3338209579997,c,1,0.8721070830033568,None,,,,,,,,,,,,,,,AA_200,"001",2025-10-02_12h59.02.579,Motor sequence Learning task_Recent_Experiment_Tutorial 4_Urvashi Bhansali_AU2320139,,2025.2.0,None,2025-10-02 12h59.02.601901 +0530,
-150,z,19,3,4,z,1,0.9640310000031604,None,,,,,4,3,19,3,,,,,75.34604958300042,,75.33436000000074,75.34604958300042,76.3336734580007,76.3336734580007,76.3336734580007,76.3336734580007,76.35968933299955,77.33253183299894,77.33253183299894,78.30090016599934,z,1,0.9640310000031604,None,,,,,,,,,,,,,,,AA_200,"001",2025-10-02_12h59.02.579,Motor sequence Learning task_Recent_Experiment_Tutorial 4_Urvashi Bhansali_AU2320139,,2025.2.0,None,2025-10-02 12h59.02.601901 +0530,
-50,x,20,0,5,x,1,0.8466157909970207,None,,,,,5,0,20,0,,,,,78.31289016600203,,78.30167679100123,78.31289016600203,79.29958141600218,79.29958141600218,79.29958141600218,79.29958141600218,79.30855129100019,80.29986554100105,80.29986554100105,81.15065366600174,x,1,0.8466157909970207,None,,,,,,,,,,,,,,,AA_200,"001",2025-10-02_12h59.02.579,Motor sequence Learning task_Recent_Experiment_Tutorial 4_Urvashi Bhansali_AU2320139,,2025.2.0,None,2025-10-02 12h59.02.601901 +0530,
150,v,21,1,5,v,1,1.0887123749998864,None,,,,,5,1,21,1,,,,,81.1623251250021,,81.15117070799897,81.1623251250021,82.14979020800092,82.14979020800092,82.14979020800092,82.14979020800092,82.1586122080007,83.14965841600133,83.14965841600133,84.24382004099971,v,1,1.0887123749998864,None,,,,,,,,,,,,,,,AA_200,"001",2025-10-02_12h59.02.579,Motor sequence Learning task_Recent_Experiment_Tutorial 4_Urvashi Bhansali_AU2320139,,2025.2.0,None,2025-10-02 12h59.02.601901 +0530,
50,c,22,2,5,c,1,0.9945916249998845,None,,,,,5,2,22,2,,,,,84.256193833,,84.24441624999963,84.256193833,85.24167550000129,85.24167550000129,85.24167550000129,85.24167550000129,85.2491456659991,86.24181829100053,86.24181829100053,87.24399708300189,c,1,0.9945916249998845,None,,,,,,,,,,,,,,,AA_200,"001",2025-10-02_12h59.02.579,Motor sequence Learning task_Recent_Experiment_Tutorial 4_Urvashi Bhansali_AU2320139,,2025.2.0,None,2025-10-02 12h59.02.601901 +0530,
-150,z,23,3,5,z,1,1.0384728329991049,None,,,,,5,3,23,3,,,,,87.25891529100045,,87.24459545799982,87.25891529100045,88.24162762500055,88.24162762500055,88.24162762500055,88.24162762500055,88.24899695800195,89.2417967500005,89.2417967500005,90.28357037499882,z,1,1.0384728329991049,None,,,,,,,,,,,,,,,AA_200,"001",2025-10-02_12h59.02.579,Motor sequence Learning task_Recent_Experiment_Tutorial 4_Urvashi Bhansali_AU2320139,,2025.2.0,None,2025-10-02 12h59.02.601901 +0530,
-50,x,24,0,6,x,1,0.7284719999988738,None,,,,,6,0,24,0,,,,,90.2954471660014,,90.2841154580019,90.2954471660014,91.27492145799988,91.27492145799988,91.27492145799988,91.27492145799988,91.29276887499873,92.27487174999987,92.27487174999987,93.0106207079989,x,1,0.7284719999988738,None,,,,,,,,,,,,,,,AA_200,"001",2025-10-02_12h59.02.579,Motor sequence Learning task_Recent_Experiment_Tutorial 4_Urvashi Bhansali_AU2320139,,2025.2.0,None,2025-10-02 12h59.02.601901 +0530,
150,v,25,1,6,v,1,0.7556814999989001,None,,,,,6,1,25,1,,,,,93.0213404160022,,93.01116233300127,93.0213404160022,94.00844595799936,94.00844595799936,94.00844595799936,94.00844595799936,94.01572433299953,95.00842950000151,95.00842950000151,95.76746995800204,v,1,0.7556814999989001,None,,,,,,,,,,,,,,,AA_200,"001",2025-10-02_12h59.02.579,Motor sequence Learning task_Recent_Experiment_Tutorial 4_Urvashi Bhansali_AU2320139,,2025.2.0,None,2025-10-02 12h59.02.601901 +0530,
50,c,26,2,6,c,1,0.7695127079969097,None,,,,,6,2,26,2,,,,,95.7792717500015,,95.76800320799885,95.7792717500015,96.76638866600115,96.76638866600115,96.76638866600115,96.76638866600115,96.77522495800076,97.7665609579999,97.7665609579999,98.5433427909993,c,1,0.7695127079969097,None,,,,,,,,,,,,,,,AA_200,"001",2025-10-02_12h59.02.579,Motor sequence Learning task_Recent_Experiment_Tutorial 4_Urvashi Bhansali_AU2320139,,2025.2.0,None,2025-10-02 12h59.02.601901 +0530,
-150,z,27,3,6,z,1,0.7222898750005697,None,,,,,6,3,27,3,,,,,98.55450387499877,,98.54387945800045,98.55450387499877,99.54155966600229,99.54155966600229,99.54155966600229,99.54155966600229,99.5493705000008,100.54167574999883,100.54167574999883,101.2680416660005,z,1,0.7222898750005697,None,,,,,,,,,,,,,,,AA_200,"001",2025-10-02_12h59.02.579,Motor sequence Learning task_Recent_Experiment_Tutorial 4_Urvashi Bhansali_AU2320139,,2025.2.0,None,2025-10-02 12h59.02.601901 +0530,
-50,x,28,0,7,x,1,0.8806397910011583,None,,,,,7,0,28,0,,,,,101.27927975000057,,101.26857474999997,101.27927975000057,102.26657891600189,102.26657891600189,102.26657891600189,102.26657891600189,102.27525900000182,103.26633245799894,103.26633245799894,104.15074791599909,x,1,0.8806397910011583,None,,,,,,,,,,,,,,,AA_200,"001",2025-10-02_12h59.02.579,Motor sequence Learning task_Recent_Experiment_Tutorial 4_Urvashi Bhansali_AU2320139,,2025.2.0,None,2025-10-02 12h59.02.601901 +0530,
150,v,29,1,7,v,1,0.8787480840001081,None,,,,,7,1,29,1,,,,,104.16205925000031,,104.15129158299897,104.16205925000031,105.1495287079997,105.1495287079997,105.1495287079997,105.1495287079997,105.1585582910011,106.15012420800122,106.15012420800122,107.03408454099917,v,1,0.8787480840001081,None,,,,,,,,,,,,,,,AA_200,"001",2025-10-02_12h59.02.579,Motor sequence Learning task_Recent_Experiment_Tutorial 4_Urvashi Bhansali_AU2320139,,2025.2.0,None,2025-10-02 12h59.02.601901 +0530,
50,c,30,2,7,c,1,0.35284416700233123,None,,,,,7,2,30,2,,,,,107.04571816600219,,107.03461183300169,107.04571816600219,108.0251323750017,108.0251323750017,108.0251323750017,108.0251323750017,108.0417454160015,109.02502525000091,109.02502525000091,109.38468433299931,c,1,0.35284416700233123,None,,,,,,,,,,,,,,,AA_200,"001",2025-10-02_12h59.02.579,Motor sequence Learning task_Recent_Experiment_Tutorial 4_Urvashi Bhansali_AU2320139,,2025.2.0,None,2025-10-02 12h59.02.601901 +0530,
-150,z,31,3,7,z,1,0.32724083400171367,None,,,,,7,3,31,3,,,,,109.3959227910018,,109.38539270800175,109.3959227910018,110.38310720799927,110.38310720799927,110.38310720799927,110.38310720799927,110.39182445800179,111.38354895800148,111.38354895800148,111.71759983300217,z,1,0.32724083400171367,None,,,,,,,,,,,,,,,AA_200,"001",2025-10-02_12h59.02.579,Motor sequence Learning task_Recent_Experiment_Tutorial 4_Urvashi Bhansali_AU2320139,,2025.2.0,None,2025-10-02 12h59.02.601901 +0530,
-50,x,32,0,8,x,1,0.28253695799867273,None,,,,,8,0,32,0,,,,,111.72875658300109,,111.71814170799917,111.72875658300109,112.71703779100062,112.71703779100062,112.71703779100062,112.71703779100062,112.74313654100115,113.71705916599967,113.71705916599967,114.00996529099939,x,1,0.28253695799867273,None,,,,,,,,,,,,,,,AA_200,"001",2025-10-02_12h59.02.579,Motor sequence Learning task_Recent_Experiment_Tutorial 4_Urvashi Bhansali_AU2320139,,2025.2.0,None,2025-10-02 12h59.02.601901 +0530,
150,v,33,1,8,v,1,1.085941625002306,None,,,,,8,1,33,1,,,,,114.02125050000177,,114.01096391600004,114.02125050000177,115.00832033299957,115.00832033299957,115.00832033299957,115.00832033299957,115.01579024999955,115.99974895800187,115.99974895800187,117.09326612500081,v,1,1.085941625002306,None,,,,,,,,,,,,,,,AA_200,"001",2025-10-02_12h59.02.579,Motor sequence Learning task_Recent_Experiment_Tutorial 4_Urvashi Bhansali_AU2320139,,2025.2.0,None,2025-10-02 12h59.02.601901 +0530,
50,c,34,2,8,c,1,1.1600134580003214,None,,,,,8,2,34,2,,,,,117.10478262499964,,117.09396216599998,117.10478262499964,118.08300183300162,118.08300183300162,118.08300183300162,118.08300183300162,118.09877595800208,119.08347733299888,119.08347733299888,120.25076983300096,c,1,1.1600134580003214,None,,,,,,,,,,,,,,,AA_200,"001",2025-10-02_12h59.02.579,Motor sequence Learning task_Recent_Experiment_Tutorial 4_Urvashi Bhansali_AU2320139,,2025.2.0,None,2025-10-02 12h59.02.601901 +0530,
-150,z,35,3,8,z,1,0.5176306249995832,None,,,,,8,3,35,3,,,,,120.2626145409995,,120.25130537500081,120.2626145409995,121.24984270799905,121.24984270799905,121.24984270799905,121.24984270799905,121.25867983300122,122.2498693330017,122.2498693330017,122.77726612500192,z,1,0.5176306249995832,None,,,,,,,,,,,,,,,AA_200,"001",2025-10-02_12h59.02.579,Motor sequence Learning task_Recent_Experiment_Tutorial 4_Urvashi Bhansali_AU2320139,,2025.2.0,None,2025-10-02 12h59.02.601901 +0530,
-50,x,36,0,9,x,1,0.4105993329976627,None,,,,,9,0,36,0,,,,,122.78790783300065,,122.77773695799988,122.78790783300065,123.7748932909999,123.7748932909999,123.7748932909999,123.7748932909999,123.78235695799958,124.77487437500167,124.77487437500167,125.19322720800119,x,1,0.4105993329976627,None,,,,,,,,,,,,,,,AA_200,"001",2025-10-02_12h59.02.579,Motor sequence Learning task_Recent_Experiment_Tutorial 4_Urvashi Bhansali_AU2320139,,2025.2.0,None,2025-10-02 12h59.02.601901 +0530,
150,v,37,1,9,v,1,0.5031059169996297,None,,,,,9,1,37,1,,,,,125.20449520799957,,125.19375454100009,125.20449520799957,126.19245204099934,126.19245204099934,126.19245204099934,126.19245204099934,126.19901162500173,127.1922843329994,127.1922843329994,127.70046604100207,v,1,0.5031059169996297,None,,,,,,,,,,,,,,,AA_200,"001",2025-10-02_12h59.02.579,Motor sequence Learning task_Recent_Experiment_Tutorial 4_Urvashi Bhansali_AU2320139,,2025.2.0,None,2025-10-02 12h59.02.601901 +0530,
50,c,38,2,9,c,1,0.4783380830012902,None,,,,,9,2,38,2,,,,,127.71248149999883,,127.70092199999999,127.71248149999883,128.69907395799964,128.69907395799964,128.69907395799964,128.69907395799964,128.70987637500002,129.69899912500114,129.69899912500114,130.18317537500116,c,1,0.4783380830012902,None,,,,,,,,,,,,,,,AA_200,"001",2025-10-02_12h59.02.579,Motor sequence Learning task_Recent_Experiment_Tutorial 4_Urvashi Bhansali_AU2320139,,2025.2.0,None,2025-10-02 12h59.02.601901 +0530,
-150,z,39,3,9,z,1,0.8004895410012978,None,,,,,9,3,39,3,,,,,130.21005666600104,,130.1836333329993,130.21005666600104,131.18266829099957,131.18266829099957,131.18266829099957,131.18266829099957,131.19959479099998,132.17567579100069,132.17567579100069,132.98418854099873,z,1,0.8004895410012978,None,,,,,,,,,,,,,,,AA_200,"001",2025-10-02_12h59.02.579,Motor sequence Learning task_Recent_Experiment_Tutorial 4_Urvashi Bhansali_AU2320139,,2025.2.0,None,2025-10-02 12h59.02.601901 +0530,
-50,x,40,0,10,x,1,0.39224120800281526,None,,,,,10,0,40,0,,,,,132.99549766600103,,132.98464445799982,132.99549766600103,133.982946291002,133.982946291002,133.982946291002,133.982946291002,133.99234799999977,134.9829122910014,134.9829122910014,135.38364020800145,x,1,0.39224120800281526,None,,,,,,,,,,,,,,,AA_200,"001",2025-10-02_12h59.02.579,Motor sequence Learning task_Recent_Experiment_Tutorial 4_Urvashi Bhansali_AU2320139,,2025.2.0,None,2025-10-02 12h59.02.601901 +0530,
150,v,41,1,10,v,1,0.6781995839992305,None,,,,,10,1,41,1,,,,,135.3915641249987,,135.38404895799977,135.3915641249987,136.37513120800213,136.37513120800213,136.37513120800213,136.37513120800213,136.38210362500104,137.38195212500068,137.38195212500068,138.06729016600002,v,1,0.6781995839992305,None,,,,,,,,,,,,,,,AA_200,"001",2025-10-02_12h59.02.579,Motor sequence Learning task_Recent_Experiment_Tutorial 4_Urvashi Bhansali_AU2320139,,2025.2.0,None,2025-10-02 12h59.02.601901 +0530,
50,c,42,2,10,c,1,0.649953790998552,None,,,,,10,2,42,2,,,,,138.07888345800166,,138.06772358300077,138.07888345800166,139.06516620800176,139.06516620800176,139.06516620800176,139.06516620800176,139.0757790409989,140.06603804100087,140.06603804100087,140.72684916599974,c,1,0.649953790998552,None,,,,,,,,,,,,,,,AA_200,"001",2025-10-02_12h59.02.579,Motor sequence Learning task_Recent_Experiment_Tutorial 4_Urvashi Bhansali_AU2320139,,2025.2.0,None,2025-10-02 12h59.02.601901 +0530,
-150,z,43,3,10,z,1,0.5877752500018687,None,,,,,10,3,43,3,,,,,140.73735233299885,,140.7273290000012,140.73735233299885,141.72595725000065,141.72595725000065,141.72595725000065,141.72595725000065,141.732640000002,142.72522229099923,142.72522229099923,143.31719029099986,z,1,0.5877752500018687,None,,,,,,,,,,,,,,,AA_200,"001",2025-10-02_12h59.02.579,Motor sequence Learning task_Recent_Experiment_Tutorial 4_Urvashi Bhansali_AU2320139,,2025.2.0,None,2025-10-02 12h59.02.601901 +0530,
-50,x,44,0,11,x,1,0.39402966600027867,None,,,,,11,0,44,0,,,,,143.32911341599902,,143.31762066599913,143.32911341599902,144.31526904099883,144.31526904099883,144.31526904099883,144.31526904099883,144.3257502910019,145.31587795800078,145.31587795800078,145.71671337500084,x,1,0.39402966600027867,None,,,,,,,,,,,,,,,AA_200,"001",2025-10-02_12h59.02.579,Motor sequence Learning task_Recent_Experiment_Tutorial 4_Urvashi Bhansali_AU2320139,,2025.2.0,None,2025-10-02 12h59.02.601901 +0530,
150,v,45,1,11,v,1,0.5688471249995928,None,,,,,11,1,45,1,,,,,145.7285285830003,,145.71711979099928,145.7285285830003,146.71542587500153,146.71542587500153,146.71542587500153,146.71542587500153,146.72582287499972,147.7160500409991,147.7160500409991,148.29340833300012,v,1,0.5688471249995928,None,,,,,,,,,,,,,,,AA_200,"001",2025-10-02_12h59.02.579,Motor sequence Learning task_Recent_Experiment_Tutorial 4_Urvashi Bhansali_AU2320139,,2025.2.0,None,2025-10-02 12h59.02.601901 +0530,
50,c,46,2,11,c,1,0.670264208001754,None,,,,,11,2,46,2,,,,,148.30416362500182,,148.29389012500178,148.30416362500182,149.28228600000148,149.28228600000148,149.28228600000148,149.28228600000148,149.2989445000021,150.28251945800002,150.28251945800002,150.96002920799947,c,1,0.670264208001754,None,,,,,,,,,,,,,,,AA_200,"001",2025-10-02_12h59.02.579,Motor sequence Learning task_Recent_Experiment_Tutorial 4_Urvashi Bhansali_AU2320139,,2025.2.0,None,2025-10-02 12h59.02.601901 +0530,
-150,z,47,3,11,z,1,0.30615600000237464,None,,,,,11,3,47,3,,,,,150.97083604100044,,150.96050008300153,150.97083604100044,151.9587004999994,151.9587004999994,151.9587004999994,151.9587004999994,151.9652956659993,152.95960495799955,152.95960495799955,153.26713283299978,z,1,0.30615600000237464,None,,,,,,,,,,,,,,,AA_200,"001",2025-10-02_12h59.02.579,Motor sequence Learning task_Recent_Experiment_Tutorial 4_Urvashi Bhansali_AU2320139,,2025.2.0,None,2025-10-02 12h59.02.601901 +0530,
-50,x,48,0,12,x,1,0.3991187079991505,None,,,,,12,0,48,0,,,,,153.27860683299878,,153.26755387500089,153.27860683299878,154.26613316600196,154.26613316600196,154.26613316600196,154.26613316600196,154.27569079100067,155.26654812500055,155.26654812500055,155.66737175000162,x,1,0.3991187079991505,None,,,,,,,,,,,,,,,AA_200,"001",2025-10-02_12h59.02.579,Motor sequence Learning task_Recent_Experiment_Tutorial 4_Urvashi Bhansali_AU2320139,,2025.2.0,None,2025-10-02 12h59.02.601901 +0530,
150,v,49,1,12,v,1,0.33429591699677985,None,,,,,12,1,49,1,,,,,155.6790047079994,,155.66779687500093,155.6790047079994,156.6654842909993,156.6654842909993,156.6654842909993,156.6654842909993,156.67676058299912,157.66641629100195,157.66641629100195,158.01001654100037,v,1,0.33429591699677985,None,,,,,,,,,,,,,,,AA_200,"001",2025-10-02_12h59.02.579,Motor sequence Learning task_Recent_Experiment_Tutorial 4_Urvashi Bhansali_AU2320139,,2025.2.0,None,2025-10-02 12h59.02.601901 +0530,
50,c,50,2,12,c,1,0.43320383399986895,None,,,,,12,2,50,2,,,,,158.02102000000014,,158.01050620800015,158.02102000000014,159.0094273750001,159.0094273750001,159.0094273750001,159.0094273750001,159.01552937499946,159.99925912500112,159.99925912500112,160.43378641600066,c,1,0.43320383399986895,None,,,,,,,,,,,,,,,AA_200,"001",2025-10-02_12h59.02.579,Motor sequence Learning task_Recent_Experiment_Tutorial 4_Urvashi Bhansali_AU2320139,,2025.2.0,None,2025-10-02 12h59.02.601901 +0530,
-150,z,51,3,12,z,1,0.24586058299973956,None,,,,,12,3,51,3,,,,,160.44543937500202,,160.43420920800054,160.44543937500202,161.4326654159995,161.4326654159995,161.4326654159995,161.4326654159995,161.44310445800147,162.43261300000086,162.43261300000086,162.6834205410014,z,1,0.24586058299973956,None,,,,,,,,,,,,,,,AA_200,"001",2025-10-02_12h59.02.579,Motor sequence Learning task_Recent_Experiment_Tutorial 4_Urvashi Bhansali_AU2320139,,2025.2.0,None,2025-10-02 12h59.02.601901 +0530,
-50,x,52,0,13,x,1,0.4211202910009888,None,,,,,13,0,52,0,,,,,162.69527587500124,,162.6838440829997,162.69527587500124,163.68171050000092,163.68171050000092,163.68171050000092,163.68171050000092,163.6922835410005,164.6822731659995,164.6822731659995,165.11009491599907,x,1,0.4211202910009888,None,,,,,,,,,,,,,,,AA_200,"001",2025-10-02_12h59.02.579,Motor sequence Learning task_Recent_Experiment_Tutorial 4_Urvashi Bhansali_AU2320139,,2025.2.0,None,2025-10-02 12h59.02.601901 +0530,
150,v,53,1,13,v,1,0.34314858399739023,None,,,,,13,1,53,1,,,,,165.12104279100095,,165.11053837500003,165.12104279100095,166.10857520799982,166.10857520799982,166.10857520799982,166.10857520799982,166.11571083300078,167.10831220800173,167.10831220800173,167.45982224999898,v,1,0.34314858399739023,None,,,,,,,,,,,,,,,AA_200,"001",2025-10-02_12h59.02.579,Motor sequence Learning task_Recent_Experiment_Tutorial 4_Urvashi Bhansali_AU2320139,,2025.2.0,None,2025-10-02 12h59.02.601901 +0530,
50,c,54,2,13,c,1,0.4371510830023908,None,,,,,13,2,54,2,,,,,167.4713298329989,,167.4603734580014,167.4713298329989,168.45816558300066,168.45816558300066,168.45816558300066,168.45816558300066,168.46621624999898,169.45815287500227,169.45815287500227,169.900123833002,c,1,0.4371510830023908,None,,,,,,,,,,,,,,,AA_200,"001",2025-10-02_12h59.02.579,Motor sequence Learning task_Recent_Experiment_Tutorial 4_Urvashi Bhansali_AU2320139,,2025.2.0,None,2025-10-02 12h59.02.601901 +0530,
-150,z,55,3,13,z,1,0.3932572500016249,None,,,,,13,3,55,3,,,,,169.91206183300164,,169.90053650000118,169.91206183300164,170.89956362500016,170.89956362500016,170.89956362500016,170.89956362500016,170.90907362500002,171.90006554100182,171.90006554100182,172.30048399999941,z,1,0.3932572500016249,None,,,,,,,,,,,,,,,AA_200,"001",2025-10-02_12h59.02.579,Motor sequence Learning task_Recent_Experiment_Tutorial 4_Urvashi Bhansali_AU2320139,,2025.2.0,None,2025-10-02 12h59.02.601901 +0530,
-50,x,56,0,14,x,1,0.6051399159987341,None,,,,,14,0,56,0,,,,,172.31185962499876,,172.30103304099976,172.31185962499876,173.29999920800037,173.29999920800037,173.29999920800037,173.29999920800037,173.3081425829987,174.2991782499994,174.2991782499994,174.9101625000003,x,1,0.6051399159987341,None,,,,,,,,,,,,,,,AA_200,"001",2025-10-02_12h59.02.579,Motor sequence Learning task_Recent_Experiment_Tutorial 4_Urvashi Bhansali_AU2320139,,2025.2.0,None,2025-10-02 12h59.02.601901 +0530,
150,v,57,1,14,v,1,0.7331254580021778,None,,,,,14,1,57,1,,,,,174.9224707909998,,174.91106408300038,174.9224707909998,175.90817187500215,175.90817187500215,175.90817187500215,175.90817187500215,175.91546216600182,176.90811587500139,176.90811587500139,177.64378529100213,v,1,0.7331254580021778,None,,,,,,,,,,,,,,,AA_200,"001",2025-10-02_12h59.02.579,Motor sequence Learning task_Recent_Experiment_Tutorial 4_Urvashi Bhansali_AU2320139,,2025.2.0,None,2025-10-02 12h59.02.601901 +0530,
50,c,58,2,14,c,1,0.3485382500002743,None,,,,,14,2,58,2,,,,,177.65582370799893,,177.64461766599925,177.65582370799893,178.6415757499999,178.6415757499999,178.6415757499999,178.6415757499999,178.64899774999867,179.6416113330015,179.6416113330015,179.9932594999991,c,1,0.3485382500002743,None,,,,,,,,,,,,,,,AA_200,"001",2025-10-02_12h59.02.579,Motor sequence Learning task_Recent_Experiment_Tutorial 4_Urvashi Bhansali_AU2320139,,2025.2.0,None,2025-10-02 12h59.02.601901 +0530,
-150,z,59,3,14,z,1,0.2850817910002661,None,,,,,14,3,59,3,,,,,180.00520462500208,,179.99383845800185,180.00520462500208,180.99261050000132,180.99261050000132,180.99261050000132,180.99261050000132,180.99979262499983,181.98301183299918,181.98301183299918,182.2768341660012,z,1,0.2850817910002661,None,,,,,,,,,,,,,,,AA_200,"001",2025-10-02_12h59.02.579,Motor sequence Learning task_Recent_Experiment_Tutorial 4_Urvashi Bhansali_AU2320139,,2025.2.0,None,2025-10-02 12h59.02.601901 +0530,
-50,x,60,0,15,x,1,0.2791955829998187,None,,,,,15,0,60,0,,,,,182.2884892910006,,182.2774720410016,182.2884892910006,183.26659741600088,183.26659741600088,183.26659741600088,183.26659741600088,183.28265779100184,184.27487279100023,184.27487279100023,184.56118145800065,x,1,0.2791955829998187,None,,,,,,,,,,,,,,,AA_200,"001",2025-10-02_12h59.02.579,Motor sequence Learning task_Recent_Experiment_Tutorial 4_Urvashi Bhansali_AU2320139,,2025.2.0,None,2025-10-02 12h59.02.601901 +0530,
150,v,61,1,15,v,1,0.5212499999979627,None,,,,,15,1,61,1,,,,,184.57287616599933,,184.56195925000065,184.57287616599933,185.55831545800174,185.55831545800174,185.55831545800174,185.55831545800174,185.56577912500143,186.55871775000196,186.55871775000196,187.08389741599967,v,1,0.5212499999979627,None,,,,,,,,,,,,,,,AA_200,"001",2025-10-02_12h59.02.579,Motor sequence Learning task_Recent_Experiment_Tutorial 4_Urvashi Bhansali_AU2320139,,2025.2.0,None,2025-10-02 12h59.02.601901 +0530,
50,c,62,2,15,c,1,0.9836353329992562,None,,,,,15,2,62,2,,,,,187.0959253330002,,187.08440899999914,187.0959253330002,188.08254029100135,188.08254029100135,188.08254029100135,188.08254029100135,188.091607958002,189.08234304100188,189.08234304100188,190.07678416600174,c,1,0.9836353329992562,None,,,,,,,,,,,,,,,AA_200,"001",2025-10-02_12h59.02.579,Motor sequence Learning task_Recent_Experiment_Tutorial 4_Urvashi Bhansali_AU2320139,,2025.2.0,None,2025-10-02 12h59.02.601901 +0530,
-150,z,63,3,15,z,1,0.888030832997174,None,,,,,15,3,63,3,,,,,190.08833500000037,,190.07741529100167,190.08833500000037,191.0748327500005,191.0748327500005,191.0748327500005,191.0748327500005,191.08228566600155,192.07485920800173,192.07485920800173,192.96727933299917,z,1,0.888030832997174,None,,,,,,,,,,,,,,,AA_200,"001",2025-10-02_12h59.02.579,Motor sequence Learning task_Recent_Experiment_Tutorial 4_Urvashi Bhansali_AU2320139,,2025.2.0,None,2025-10-02 12h59.02.601901 +0530,
-50,x,64,0,16,x,1,0.464381041998422,None,,,,,16,0,64,0,,,,,192.9788621250009,,192.96780820799904,192.9788621250009,193.96653349999906,193.96653349999906,193.96653349999906,193.96653349999906,193.9755668329999,194.96637462500075,194.96637462500075,195.43429987499985,x,1,0.464381041998422,None,,,,,,,,,,,,,,,AA_200,"001",2025-10-02_12h59.02.579,Motor sequence Learning task_Recent_Experiment_Tutorial 4_Urvashi Bhansali_AU2320139,,2025.2.0,None,2025-10-02 12h59.02.601901 +0530,
150,v,65,1,16,v,1,0.6149875410010281,None,,,,,16,1,65,1,,,,,195.4461951250014,,195.43486537500212,195.4461951250014,196.43352658300137,196.43352658300137,196.43352658300137,196.43352658300137,196.459730458002,197.43271558299966,197.43271558299966,198.05047087500134,v,1,0.6149875410010281,None,,,,,,,,,,,,,,,AA_200,"001",2025-10-02_12h59.02.579,Motor sequence Learning task_Recent_Experiment_Tutorial 4_Urvashi Bhansali_AU2320139,,2025.2.0,None,2025-10-02 12h59.02.601901 +0530,
50,c,66,2,16,c,1,0.5387202080019051,None,,,,,16,2,66,2,,,,,198.0624961249996,,198.05106320800041,198.0624961249996,199.04930295799932,199.04930295799932,199.04930295799932,199.04930295799932,199.05826570800127,200.04894350000177,200.04894350000177,200.5930797910005,c,1,0.5387202080019051,None,,,,,,,,,,,,,,,AA_200,"001",2025-10-02_12h59.02.579,Motor sequence Learning task_Recent_Experiment_Tutorial 4_Urvashi Bhansali_AU2320139,,2025.2.0,None,2025-10-02 12h59.02.601901 +0530,
-150,z,67,3,16,z,1,0.3795758330015815,None,,,,,16,3,67,3,,,,,200.60481387500113,,200.5936672909993,200.60481387500113,201.58382479099964,201.58382479099964,201.58382479099964,201.58382479099964,201.6266050410013,202.58310258300116,202.58310258300116,202.96722687500005,z,1,0.3795758330015815,None,,,,,,,,,,,,,,,AA_200,"001",2025-10-02_12h59.02.579,Motor sequence Learning task_Recent_Experiment_Tutorial 4_Urvashi Bhansali_AU2320139,,2025.2.0,None,2025-10-02 12h59.02.601901 +0530,
-50,x,68,0,17,x,1,0.2849861659997259,None,,,,,17,0,68,0,,,,,202.97909970800174,,202.96777450000081,202.97909970800174,203.96638079100012,203.96638079100012,203.96638079100012,203.96638079100012,203.97514099999898,204.96664383299867,204.96664383299867,205.26015987500068,x,1,0.2849861659997259,None,,,,,,,,,,,,,,,AA_200,"001",2025-10-02_12h59.02.579,Motor sequence Learning task_Recent_Experiment_Tutorial 4_Urvashi Bhansali_AU2320139,,2025.2.0,None,2025-10-02 12h59.02.601901 +0530,
150,v,69,1,17,v,1,0.30729737499859766,None,,,,,17,1,69,1,,,,,205.27230916600092,,205.26086874999964,205.27230916600092,206.25816391600165,206.25816391600165,206.25816391600165,206.25816391600165,206.26534141600132,207.2582536660011,207.2582536660011,207.57821854099893,v,1,0.30729737499859766,None,,,,,,,,,,,,,,,AA_200,"001",2025-10-02_12h59.02.579,Motor sequence Learning task_Recent_Experiment_Tutorial 4_Urvashi Bhansali_AU2320139,,2025.2.0,None,2025-10-02 12h59.02.601901 +0530,
50,c,70,2,17,c,1,0.31976750000103493,None,,,,,17,2,70,2,,,,,207.5901212079989,,207.57892395800081,207.5901212079989,208.57480904100157,208.57480904100157,208.57480904100157,208.57480904100157,208.58220558299945,209.57474266600184,209.57474266600184,209.9003155829996,c,1,0.31976750000103493,None,,,,,,,,,,,,,,,AA_200,"001",2025-10-02_12h59.02.579,Motor sequence Learning task_Recent_Experiment_Tutorial 4_Urvashi Bhansali_AU2320139,,2025.2.0,None,2025-10-02 12h59.02.601901 +0530,
-150,z,71,3,17,z,1,0.3035549580017687,None,,,,,17,3,71,3,,,,,209.9121402910023,,209.90086162499938,209.9121402910023,210.8914411250007,210.8914411250007,210.8914411250007,210.8914411250007,210.90833137500158,211.89980779100006,211.89980779100006,212.2096825410008,z,1,0.3035549580017687,None,,,,,,,,,,,,,,,AA_200,"001",2025-10-02_12h59.02.579,Motor sequence Learning task_Recent_Experiment_Tutorial 4_Urvashi Bhansali_AU2320139,,2025.2.0,None,2025-10-02 12h59.02.601901 +0530,
-50,x,72,0,18,x,1,0.32425112499913666,None,,,,,18,0,72,0,,,,,212.22127516600085,,212.2101963749992,212.22127516600085,213.2081396249996,213.2081396249996,213.2081396249996,213.2081396249996,213.21548108299976,214.20807837499888,214.20807837499888,214.5335496660009,x,1,0.32425112499913666,None,,,,,,,,,,,,,,,AA_200,"001",2025-10-02_12h59.02.579,Motor sequence Learning task_Recent_Experiment_Tutorial 4_Urvashi Bhansali_AU2320139,,2025.2.0,None,2025-10-02 12h59.02.601901 +0530,
150,v,73,1,18,v,1,0.36850083299941616,None,,,,,18,1,73,1,,,,,214.54570366600092,,214.53405508300057,214.54570366600092,215.53339058300116,215.53339058300116,215.53339058300116,215.53339058300116,215.55951375000222,216.53483899999992,216.53483899999992,216.90968204100136,v,1,0.36850083299941616,None,,,,,,,,,,,,,,,AA_200,"001",2025-10-02_12h59.02.579,Motor sequence Learning task_Recent_Experiment_Tutorial 4_Urvashi Bhansali_AU2320139,,2025.2.0,None,2025-10-02 12h59.02.601901 +0530,
50,c,74,2,18,c,1,0.31061966700144694,None,,,,,18,2,74,2,,,,,216.92128162500012,,216.91022841599988,216.92128162500012,217.9085893750016,217.9085893750016,217.9085893750016,217.9085893750016,217.91610508300073,218.89956600000005,218.89956600000005,219.2171586250006,c,1,0.31061966700144694,None,,,,,,,,,,,,,,,AA_200,"001",2025-10-02_12h59.02.579,Motor sequence Learning task_Recent_Experiment_Tutorial 4_Urvashi Bhansali_AU2320139,,2025.2.0,None,2025-10-02 12h59.02.601901 +0530,
-150,z,75,3,18,z,1,0.2680836250001448,None,,,,,18,3,75,3,,,,,219.22923445800188,,219.21770954100066,219.22923445800188,220.21682004100148,220.21682004100148,220.21682004100148,220.21682004100148,220.2429040829993,221.21612091600036,221.21612091600036,221.4935613330017,z,1,0.2680836250001448,None,,,,,,,,,,,,,,,AA_200,"001",2025-10-02_12h59.02.579,Motor sequence Learning task_Recent_Experiment_Tutorial 4_Urvashi Bhansali_AU2320139,,2025.2.0,None,2025-10-02 12h59.02.601901 +0530,
-50,x,76,0,19,x,1,0.3942958750012622,None,,,,,19,0,76,0,,,,,221.5051435409987,,221.49414945800163,221.5051435409987,222.4914671660008,222.4914671660008,222.4914671660008,222.4914671660008,222.499084957999,223.49180120800156,223.49180120800156,223.89345316600156,x,1,0.3942958750012622,None,,,,,,,,,,,,,,,AA_200,"001",2025-10-02_12h59.02.579,Motor sequence Learning task_Recent_Experiment_Tutorial 4_Urvashi Bhansali_AU2320139,,2025.2.0,None,2025-10-02 12h59.02.601901 +0530,
150,v,77,1,19,v,1,0.4565005000004021,None,,,,,19,1,77,1,,,,,223.9053152910019,,223.89417500000127,223.9053152910019,224.89143754100223,224.89143754100223,224.89143754100223,224.89143754100223,224.89889712500008,225.8915547079996,225.8915547079996,226.3507575830008,v,1,0.4565005000004021,None,,,,,,,,,,,,,,,AA_200,"001",2025-10-02_12h59.02.579,Motor sequence Learning task_Recent_Experiment_Tutorial 4_Urvashi Bhansali_AU2320139,,2025.2.0,None,2025-10-02 12h59.02.601901 +0530,
50,c,78,2,19,c,1,0.28454770800090046,None,,,,,19,2,78,2,,,,,226.36239129100068,,226.3515054999989,226.36239129100068,227.34945033300028,227.34945033300028,227.34945033300028,227.34945033300028,227.35812137500034,228.34944379100125,228.34944379100125,228.64343804099917,c,1,0.28454770800090046,None,,,,,,,,,,,,,,,AA_200,"001",2025-10-02_12h59.02.579,Motor sequence Learning task_Recent_Experiment_Tutorial 4_Urvashi Bhansali_AU2320139,,2025.2.0,None,2025-10-02 12h59.02.601901 +0530,
-150,z,79,3,19,z,1,0.2855107499999576,None,,,,,19,3,79,3,,,,,228.6553582910019,,228.64405333299874,228.6553582910019,229.6414745000002,229.6414745000002,229.6414745000002,229.6414745000002,229.6488932909997,230.64147208299983,230.64147208299983,230.93346324999948,z,1,0.2855107499999576,None,,,,,,,,,,,,,,,AA_200,"001",2025-10-02_12h59.02.579,Motor sequence Learning task_Recent_Experiment_Tutorial 4_Urvashi Bhansali_AU2320139,,2025.2.0,None,2025-10-02 12h59.02.601901 +0530,
-50,x,80,0,20,x,1,0.30873562499982654,None,,,,,20,0,80,0,,,,,230.9452587500018,,230.9340313749999,230.9452587500018,231.92490349999935,231.92490349999935,231.92490349999935,231.92490349999935,231.94142841600114,232.93319704100213,232.93319704100213,233.25118937500156,x,1,0.30873562499982654,None,,,,,,,,,,,,,,,AA_200,"001",2025-10-02_12h59.02.579,Motor sequence Learning task_Recent_Experiment_Tutorial 4_Urvashi Bhansali_AU2320139,,2025.2.0,None,2025-10-02 12h59.02.601901 +0530,
150,v,81,1,20,v,1,0.6350574159987445,None,,,,,20,1,81,1,,,,,233.26253387500037,,233.25173845799873,233.26253387500037,234.2496065410014,234.2496065410014,234.2496065410014,234.2496065410014,234.25833104100093,235.24978237500181,235.24978237500181,235.89320233300168,v,1,0.6350574159987445,None,,,,,,,,,,,,,,,AA_200,"001",2025-10-02_12h59.02.579,Motor sequence Learning task_Recent_Experiment_Tutorial 4_Urvashi Bhansali_AU2320139,,2025.2.0,None,2025-10-02 12h59.02.601901 +0530,
50,c,82,2,20,c,1,0.7263129579987435,None,,,,,20,2,82,2,,,,,235.90509337500043,,235.89374979100103,235.90509337500043,236.89186770800006,236.89186770800006,236.89186770800006,236.89186770800006,236.89947949999987,237.8913919580009,237.8913919580009,238.62634895800147,c,1,0.7263129579987435,None,,,,,,,,,,,,,,,AA_200,"001",2025-10-02_12h59.02.579,Motor sequence Learning task_Recent_Experiment_Tutorial 4_Urvashi Bhansali_AU2320139,,2025.2.0,None,2025-10-02 12h59.02.601901 +0530,
-150,z,83,3,20,z,1,0.3627057909980067,None,,,,,20,3,83,3,,,,,238.63838820800083,,238.62690004099932,238.63838820800083,239.6247207080014,239.6247207080014,239.6247207080014,239.6247207080014,239.6321875829999,240.62494229100048,240.62494229100048,240.99317387500196,z,1,0.3627057909980067,None,,,,,,,,,,,,,,,AA_200,"001",2025-10-02_12h59.02.579,Motor sequence Learning task_Recent_Experiment_Tutorial 4_Urvashi Bhansali_AU2320139,,2025.2.0,None,2025-10-02 12h59.02.601901 +0530,
-50,x,84,0,21,x,1,0.683121874997596,None,,,,,21,0,84,0,,,,,241.00470525000128,,240.99371337499906,241.00470525000128,241.99133329100005,241.99133329100005,241.99133329100005,241.99133329100005,241.99857079100184,242.9915292500009,242.9915292500009,243.67715429099917,x,1,0.683121874997596,None,,,,,,,,,,,,,,,AA_200,"001",2025-10-02_12h59.02.579,Motor sequence Learning task_Recent_Experiment_Tutorial 4_Urvashi Bhansali_AU2320139,,2025.2.0,None,2025-10-02 12h59.02.601901 +0530,
150,v,85,1,21,v,1,0.7174627499989583,None,,,,,21,1,85,1,,,,,243.68803529100114,,243.67777458300043,243.68803529100114,244.67474950000178,244.67474950000178,244.67474950000178,244.67474950000178,244.68236375000197,245.67493320799986,245.67493320799986,246.40037987500182,v,1,0.7174627499989583,None,,,,,,,,,,,,,,,AA_200,"001",2025-10-02_12h59.02.579,Motor sequence Learning task_Recent_Experiment_Tutorial 4_Urvashi Bhansali_AU2320139,,2025.2.0,None,2025-10-02 12h59.02.601901 +0530,
50,c,86,2,21,c,1,0.2799623339997197,None,,,,,21,2,86,2,,,,,246.41229775000102,,246.4009610409994,246.41229775000102,247.3995407500006,247.3995407500006,247.3995407500006,247.3995407500006,247.40814891600166,248.39962091599955,248.39962091599955,248.6846253750009,c,1,0.2799623339997197,None,,,,,,,,,,,,,,,AA_200,"001",2025-10-02_12h59.02.579,Motor sequence Learning task_Recent_Experiment_Tutorial 4_Urvashi Bhansali_AU2320139,,2025.2.0,None,2025-10-02 12h59.02.601901 +0530,
-150,z,87,3,21,z,1,0.4976413340009458,None,,,,,21,3,87,3,,,,,248.6957067910007,,248.68513366600018,248.6957067910007,249.68268866600192,249.68268866600192,249.68268866600192,249.68268866600192,249.6923898749992,250.68293395799992,250.68293395799992,251.19502087500223,z,1,0.4976413340009458,None,,,,,,,,,,,,,,,AA_200,"001",2025-10-02_12h59.02.579,Motor sequence Learning task_Recent_Experiment_Tutorial 4_Urvashi Bhansali_AU2320139,,2025.2.0,None,2025-10-02 12h59.02.601901 +0530,
-50,x,88,0,22,x,1,0.26997170799950254,None,,,,,22,0,88,0,,,,,251.20877641599873,,251.19618029100093,251.20877641599873,252.19160691599973,252.19160691599973,252.19160691599973,252.19160691599973,252.19915641600164,253.19147150000208,253.19147150000208,253.4788700829995,x,1,0.26997170799950254,None,,,,,,,,,,,,,,,AA_200,"001",2025-10-02_12h59.02.579,Motor sequence Learning task_Recent_Experiment_Tutorial 4_Urvashi Bhansali_AU2320139,,2025.2.0,None,2025-10-02 12h59.02.601901 +0530,
150,v,89,1,22,v,1,0.3707999580001342,None,,,,,22,1,89,1,,,,,253.48953158299992,,253.4799649580018,253.48953158299992,254.47470737500043,254.47470737500043,254.47470737500043,254.47470737500043,254.48279491599897,255.47460637499898,255.47460637499898,255.85054133300218,v,1,0.3707999580001342,None,,,,,,,,,,,,,,,AA_200,"001",2025-10-02_12h59.02.579,Motor sequence Learning task_Recent_Experiment_Tutorial 4_Urvashi Bhansali_AU2320139,,2025.2.0,None,2025-10-02 12h59.02.601901 +0530,
50,c,90,2,22,c,1,0.3384704580021207,None,,,,,22,2,90,2,,,,,255.86187654099922,,255.8511143329997,255.86187654099922,256.84916654100016,256.84916654100016,256.84916654100016,256.84916654100016,256.8590675410014,257.8498042499996,257.8498042499996,258.1935700409995,c,1,0.3384704580021207,None,,,,,,,,,,,,,,,AA_200,"001",2025-10-02_12h59.02.579,Motor sequence Learning task_Recent_Experiment_Tutorial 4_Urvashi Bhansali_AU2320139,,2025.2.0,None,2025-10-02 12h59.02.601901 +0530,
-150,z,91,3,22,z,1,0.754162000001088,None,,,,,22,3,91,3,,,,,258.20385579100184,,258.19425204100116,258.20385579100184,259.1915647909991,259.1915647909991,259.1915647909991,259.1915647909991,259.199877957999,260.18506816599984,260.18506816599984,260.94303854100144,z,1,0.754162000001088,None,,,,,,,,,,,,,,,AA_200,"001",2025-10-02_12h59.02.579,Motor sequence Learning task_Recent_Experiment_Tutorial 4_Urvashi Bhansali_AU2320139,,2025.2.0,None,2025-10-02 12h59.02.601901 +0530,
-50,x,92,0,23,x,1,0.4547270840012061,None,,,,,23,0,92,0,,,,,260.95481054099946,,260.943559583,260.95481054099946,261.94131970799936,261.94131970799936,261.94131970799936,261.94131970799936,261.9485117080003,262.9414863330021,262.9414863330021,263.40043974999935,x,1,0.4547270840012061,None,,,,,,,,,,,,,,,AA_200,"001",2025-10-02_12h59.02.579,Motor sequence Learning task_Recent_Experiment_Tutorial 4_Urvashi Bhansali_AU2320139,,2025.2.0,None,2025-10-02 12h59.02.601901 +0530,
150,v,93,1,23,v,1,0.3959097910010314,None,,,,,23,1,93,1,,,,,263.41180087500106,,263.4009840409999,263.41180087500106,264.3991453330018,264.3991453330018,264.3991453330018,264.3991453330018,264.4083228749987,265.3992697499998,265.3992697499998,265.8009574159987,v,1,0.3959097910010314,None,,,,,,,,,,,,,,,AA_200,"001",2025-10-02_12h59.02.579,Motor sequence Learning task_Recent_Experiment_Tutorial 4_Urvashi Bhansali_AU2320139,,2025.2.0,None,2025-10-02 12h59.02.601901 +0530,
50,c,94,2,23,c,1,0.43241820800176356,None,,,,,23,2,94,2,,,,,265.8122994580008,,265.8015518329994,265.8122994580008,266.7993962500004,266.7993962500004,266.7993962500004,266.7993962500004,266.80912575000184,267.79975900000136,267.79975900000136,268.23366383300163,c,1,0.43241820800176356,None,,,,,,,,,,,,,,,AA_200,"001",2025-10-02_12h59.02.579,Motor sequence Learning task_Recent_Experiment_Tutorial 4_Urvashi Bhansali_AU2320139,,2025.2.0,None,2025-10-02 12h59.02.601901 +0530,
-150,z,95,3,23,z,1,0.2763970829983009,None,,,,,23,3,95,3,,,,,268.2454017500022,,268.23418075000154,268.2454017500022,269.2327675410015,269.2327675410015,269.2327675410015,269.2327675410015,269.24142383300205,270.2596355829992,270.2596355829992,270.5435291249996,z,1,0.2763970829983009,None,,,,,,,,,,,,,,,AA_200,"001",2025-10-02_12h59.02.579,Motor sequence Learning task_Recent_Experiment_Tutorial 4_Urvashi Bhansali_AU2320139,,2025.2.0,None,2025-10-02 12h59.02.601901 +0530,
-50,x,96,0,24,x,1,0.3765166249977483,None,,,,,24,0,96,0,,,,,270.55483670800095,,270.5442086660005,270.55483670800095,271.5415205829995,271.5415205829995,271.5415205829995,271.5415205829995,271.5490903329992,272.5414062910022,272.5414062910022,272.9265609159993,x,1,0.3765166249977483,None,,,,,,,,,,,,,,,AA_200,"001",2025-10-02_12h59.02.579,Motor sequence Learning task_Recent_Experiment_Tutorial 4_Urvashi Bhansali_AU2320139,,2025.2.0,None,2025-10-02 12h59.02.601901 +0530,
150,v,97,1,24,v,1,1.3479338329998427,None,,,,,24,1,97,1,,,,,272.93806729100106,,272.92729970800065,272.93806729100106,273.92475037500117,273.92475037500117,273.92475037500117,273.92475037500117,273.9322277499996,274.9248485829994,274.9248485829994,276.2763254160018,v,1,1.3479338329998427,None,,,,,,,,,,,,,,,AA_200,"001",2025-10-02_12h59.02.579,Motor sequence Learning task_Recent_Experiment_Tutorial 4_Urvashi Bhansali_AU2320139,,2025.2.0,None,2025-10-02 12h59.02.601901 +0530,
50,c,98,2,24,c,1,0.696176875000674,None,,,,,24,2,98,2,,,,,276.28751129100056,,276.2768752910015,276.28751129100056,277.27466099999947,277.27466099999947,277.27466099999947,277.27466099999947,277.2820500000016,278.27464899999904,278.27464899999904,278.9766653330007,c,1,0.696176875000674,None,,,,,,,,,,,,,,,AA_200,"001",2025-10-02_12h59.02.579,Motor sequence Learning task_Recent_Experiment_Tutorial 4_Urvashi Bhansali_AU2320139,,2025.2.0,None,2025-10-02 12h59.02.601901 +0530,
-150,z,99,3,24,z,1,0.6771402079975815,None,,,,,24,3,99,3,,,,,278.9883872909995,,278.97739795800226,278.9883872909995,279.97468166600083,279.97468166600083,279.97468166600083,279.97468166600083,279.9826032080018,280.9746574160017,280.9746574160017,281.65967595799884,z,1,0.6771402079975815,None,,,,,,,,,,,,,,,AA_200,"001",2025-10-02_12h59.02.579,Motor sequence Learning task_Recent_Experiment_Tutorial 4_Urvashi Bhansali_AU2320139,,2025.2.0,None,2025-10-02 12h59.02.601901 +0530,
-50,x,100,0,25,x,1,0.4834679170016898,None,,,,,25,0,100,0,,,,,281.6714851659999,,281.660282249999,281.6714851659999,282.660338624999,282.660338624999,282.660338624999,282.660338624999,282.67672075000155,283.65017658299985,283.65017658299985,284.1434846660013,x,1,0.4834679170016898,None,,,,,,,,,,,,,,,AA_200,"001",2025-10-02_12h59.02.579,Motor sequence Learning task_Recent_Experiment_Tutorial 4_Urvashi Bhansali_AU2320139,,2025.2.0,None,2025-10-02 12h59.02.601901 +0530,
150,v,101,1,25,v,1,0.657088959000248,None,,,,,25,1,101,1,,,,,284.15557833300045,,284.1440592500003,284.15557833300045,285.14133650000076,285.14133650000076,285.14133650000076,285.14133650000076,285.149205624999,286.1596188330004,286.1596188330004,286.82684599999993,v,1,0.657088959000248,None,,,,,,,,,,,,,,,AA_200,"001",2025-10-02_12h59.02.579,Motor sequence Learning task_Recent_Experiment_Tutorial 4_Urvashi Bhansali_AU2320139,,2025.2.0,None,2025-10-02 12h59.02.601901 +0530,
50,c,102,2,25,c,1,0.9450279170014255,None,,,,,25,2,102,2,,,,,286.83906333300183,,286.827418249999,286.83906333300183,287.82470591600213,287.82470591600213,287.82470591600213,287.82470591600213,287.832482875001,288.82458604099884,288.82458604099884,289.7772917500006,c,1,0.9450279170014255,None,,,,,,,,,,,,,,,AA_200,"001",2025-10-02_12h59.02.579,Motor sequence Learning task_Recent_Experiment_Tutorial 4_Urvashi Bhansali_AU2320139,,2025.2.0,None,2025-10-02 12h59.02.601901 +0530,
-150,z,103,3,25,z,1,0.3659597499972733,None,,,,,25,3,103,3,,,,,289.78993787500076,,289.77798450000046,289.78993787500076,290.77462829100114,290.77462829100114,290.77462829100114,290.77462829100114,290.78216820799935,291.77461066600154,291.77461066600154,292.14372558299874,z,1,0.3659597499972733,None,,,,,,,,,,,,,,,AA_200,"001",2025-10-02_12h59.02.579,Motor sequence Learning task_Recent_Experiment_Tutorial 4_Urvashi Bhansali_AU2320139,,2025.2.0,None,2025-10-02 12h59.02.601901 +0530,
-50,x,104,0,26,x,1,0.6211143750006158,None,,,,,26,0,104,0,,,,,292.15677991600023,,292.14465829099936,292.15677991600023,293.1412619160001,293.1412619160001,293.1412619160001,293.1412619160001,293.1491789159991,294.14132512500146,294.14132512500146,294.7675420000014,x,1,0.6211143750006158,None,,,,,,,,,,,,,,,AA_200,"001",2025-10-02_12h59.02.579,Motor sequence Learning task_Recent_Experiment_Tutorial 4_Urvashi Bhansali_AU2320139,,2025.2.0,None,2025-10-02 12h59.02.601901 +0530,
150,v,105,1,26,v,1,0.8156789589993423,None,,,,,26,1,105,1,,,,,294.7790700410005,,294.76807641599953,294.7790700410005,295.7658405000002,295.7658405000002,295.7658405000002,295.7658405000002,295.7748099160017,296.7667463329999,296.7667463329999,297.5838264160011,v,1,0.8156789589993423,None,,,,,,,,,,,,,,,AA_200,"001",2025-10-02_12h59.02.579,Motor sequence Learning task_Recent_Experiment_Tutorial 4_Urvashi Bhansali_AU2320139,,2025.2.0,None,2025-10-02 12h59.02.601901 +0530,
50,c,106,2,26,c,1,0.4541439579988946,None,,,,,26,2,106,2,,,,,297.59552979100044,,297.58434091600066,297.59552979100044,298.5831627910011,298.5831627910011,298.5831627910011,298.5831627910011,298.60941937499956,299.58319279100033,299.58319279100033,300.0430067080015,c,1,0.4541439579988946,None,,,,,,,,,,,,,,,AA_200,"001",2025-10-02_12h59.02.579,Motor sequence Learning task_Recent_Experiment_Tutorial 4_Urvashi Bhansali_AU2320139,,2025.2.0,None,2025-10-02 12h59.02.601901 +0530,
-150,z,107,3,26,z,1,0.41406075000122655,None,,,,,26,3,107,3,,,,,300.0550312500018,,300.04379920800056,300.0550312500018,301.0412273330003,301.0412273330003,301.0412273330003,301.0412273330003,301.0491116250014,302.04125233300147,302.04125233300147,302.46002691600006,z,1,0.41406075000122655,None,,,,,,,,,,,,,,,AA_200,"001",2025-10-02_12h59.02.579,Motor sequence Learning task_Recent_Experiment_Tutorial 4_Urvashi Bhansali_AU2320139,,2025.2.0,None,2025-10-02 12h59.02.601901 +0530,
-50,x,108,0,27,x,1,0.501236832998984,None,,,,,27,0,108,0,,,,,302.4723468750017,,302.4608506660006,302.4723468750017,303.4579578330013,303.4579578330013,303.4579578330013,303.4579578330013,303.4653647910018,304.45793358300216,304.45793358300216,304.9670911659996,x,1,0.501236832998984,None,,,,,,,,,,,,,,,AA_200,"001",2025-10-02_12h59.02.579,Motor sequence Learning task_Recent_Experiment_Tutorial 4_Urvashi Bhansali_AU2320139,,2025.2.0,None,2025-10-02 12h59.02.601901 +0530,
150,v,109,1,27,v,1,0.7288617920021352,None,,,,,27,1,109,1,,,,,304.9790920410014,,304.96760820800046,304.9790920410014,305.9580766660001,305.9580766660001,305.9580766660001,305.9580766660001,305.97472054100217,306.9663280829991,306.9663280829991,307.7002764579993,v,1,0.7288617920021352,None,,,,,,,,,,,,,,,AA_200,"001",2025-10-02_12h59.02.579,Motor sequence Learning task_Recent_Experiment_Tutorial 4_Urvashi Bhansali_AU2320139,,2025.2.0,None,2025-10-02 12h59.02.601901 +0530,
50,c,110,2,27,c,1,0.5520829589986533,None,,,,,27,2,110,2,,,,,307.711433708002,,307.70082637499945,307.711433708002,308.6990509999996,308.6990509999996,308.6990509999996,308.6990509999996,308.70819466600005,309.6990920829994,309.6990920829994,310.25963654099905,c,1,0.5520829589986533,None,,,,,,,,,,,,,,,AA_200,"001",2025-10-02_12h59.02.579,Motor sequence Learning task_Recent_Experiment_Tutorial 4_Urvashi Bhansali_AU2320139,,2025.2.0,None,2025-10-02 12h59.02.601901 +0530,
-150,z,111,3,27,z,1,0.4889700419989822,None,,,,,27,3,111,3,,,,,310.2718246250006,,310.26031200000216,310.2718246250006,311.25787704100003,311.25787704100003,311.25787704100003,311.25787704100003,311.26574566600175,312.25814812500175,312.25814812500175,312.7502124579987,z,1,0.4889700419989822,None,,,,,,,,,,,,,,,AA_200,"001",2025-10-02_12h59.02.579,Motor sequence Learning task_Recent_Experiment_Tutorial 4_Urvashi Bhansali_AU2320139,,2025.2.0,None,2025-10-02 12h59.02.601901 +0530,
-50,x,112,0,28,x,1,0.4355499579978641,None,,,,,28,0,112,0,,,,,312.76184666599875,,312.75072704099875,312.76184666599875,313.7492925410006,313.7492925410006,313.7492925410006,313.7492925410006,313.7582637910018,314.74849412500043,314.74849412500043,315.1933577500022,x,1,0.4355499579978641,None,,,,,,,,,,,,,,,AA_200,"001",2025-10-02_12h59.02.579,Motor sequence Learning task_Recent_Experiment_Tutorial 4_Urvashi Bhansali_AU2320139,,2025.2.0,None,2025-10-02 12h59.02.601901 +0530,
150,v,113,1,28,v,1,0.5546274579974124,None,,,,,28,1,113,1,,,,,315.2049022909996,,315.19405583299886,315.2049022909996,316.191306875,316.191306875,316.191306875,316.191306875,316.19873633300085,317.1913408750006,317.1913408750006,317.7508471660003,v,1,0.5546274579974124,None,,,,,,,,,,,,,,,AA_200,"001",2025-10-02_12h59.02.579,Motor sequence Learning task_Recent_Experiment_Tutorial 4_Urvashi Bhansali_AU2320139,,2025.2.0,None,2025-10-02 12h59.02.601901 +0530,
50,c,114,2,28,c,1,0.35605637499975273,None,,,,,28,2,114,2,,,,,317.76262237500123,,317.75153133300046,317.76262237500123,318.749144333,318.749144333,318.749144333,318.749144333,318.7579570830021,319.74885633300073,319.74885633300073,320.1098931250017,c,1,0.35605637499975273,None,,,,,,,,,,,,,,,AA_200,"001",2025-10-02_12h59.02.579,Motor sequence Learning task_Recent_Experiment_Tutorial 4_Urvashi Bhansali_AU2320139,,2025.2.0,None,2025-10-02 12h59.02.601901 +0530,
-150,z,115,3,28,z,1,0.38483304100009263,None,,,,,28,3,115,3,,,,,320.12203141600185,,320.11102554100216,320.12203141600185,321.1079277079989,321.1079277079989,321.1079277079989,321.1079277079989,321.1154245409998,322.1079427500008,322.1079427500008,322.50025220799944,z,1,0.38483304100009263,None,,,,,,,,,,,,,,,AA_200,"001",2025-10-02_12h59.02.579,Motor sequence Learning task_Recent_Experiment_Tutorial 4_Urvashi Bhansali_AU2320139,,2025.2.0,None,2025-10-02 12h59.02.601901 +0530,
-50,x,116,0,29,x,1,0.4286184160009725,None,,,,,29,0,116,0,,,,,322.5118656250015,,322.5007685829987,322.5118656250015,323.52641349999976,323.52641349999976,323.52641349999976,323.52641349999976,323.52641349999976,324.52618433300086,324.52618433300086,324.9603652500009,x,1,0.4286184160009725,None,,,,,,,,,,,,,,,AA_200,"001",2025-10-02_12h59.02.579,Motor sequence Learning task_Recent_Experiment_Tutorial 4_Urvashi Bhansali_AU2320139,,2025.2.0,None,2025-10-02 12h59.02.601901 +0530,
150,v,117,1,29,v,1,0.32077887500054203,None,,,,,29,1,117,1,,,,,324.97314933300004,,324.96130654100125,324.97314933300004,325.9580353749989,325.9580353749989,325.9580353749989,325.9580353749989,325.9654461249993,326.95787137500156,326.95787137500156,327.2836506249987,v,1,0.32077887500054203,None,,,,,,,,,,,,,,,AA_200,"001",2025-10-02_12h59.02.579,Motor sequence Learning task_Recent_Experiment_Tutorial 4_Urvashi Bhansali_AU2320139,,2025.2.0,None,2025-10-02 12h59.02.601901 +0530,
50,c,118,2,29,c,1,0.3635249170001771,None,,,,,29,2,118,2,,,,,327.2954587080021,,327.2841978329998,327.2954587080021,328.28254820800066,328.28254820800066,328.28254820800066,328.28254820800066,328.291512415999,329.28216779099967,329.28216779099967,329.6612217080001,c,1,0.3635249170001771,None,,,,,,,,,,,,,,,AA_200,"001",2025-10-02_12h59.02.579,Motor sequence Learning task_Recent_Experiment_Tutorial 4_Urvashi Bhansali_AU2320139,,2025.2.0,None,2025-10-02 12h59.02.601901 +0530,
-150,z,119,3,29,z,1,0.49104533300123876,None,,,,,29,3,119,3,,,,,329.67325424999945,,329.66205691600044,329.67325424999945,330.6579457080006,330.6579457080006,330.6579457080006,330.6579457080006,330.6653629579996,331.658556082999,331.658556082999,332.159571958,z,1,0.49104533300123876,None,,,,,,,,,,,,,,,AA_200,"001",2025-10-02_12h59.02.579,Motor sequence Learning task_Recent_Experiment_Tutorial 4_Urvashi Bhansali_AU2320139,,2025.2.0,None,2025-10-02 12h59.02.601901 +0530,
-50,x,120,0,30,x,1,0.9927576250011043,None,,,,,30,0,120,0,,,,,332.1713502909988,,332.16011033299947,332.1713502909988,333.1579031250003,333.1579031250003,333.1579031250003,333.1579031250003,333.16510141600156,334.1578362500004,334.1578362500004,335.1594651660016,x,1,0.9927576250011043,None,,,,,,,,,,,,,,,AA_200,"001",2025-10-02_12h59.02.579,Motor sequence Learning task_Recent_Experiment_Tutorial 4_Urvashi Bhansali_AU2320139,,2025.2.0,None,2025-10-02 12h59.02.601901 +0530,
150,v,121,1,30,v,1,0.32065666600101395,None,,,,,30,1,121,1,,,,,335.1709495409996,,335.1599928329997,335.1709495409996,336.1578759160002,336.1578759160002,336.1578759160002,336.1578759160002,336.1652529999992,337.14975816600054,337.14975816600054,337.47756508300154,v,1,0.32065666600101395,None,,,,,,,,,,,,,,,AA_200,"001",2025-10-02_12h59.02.579,Motor sequence Learning task_Recent_Experiment_Tutorial 4_Urvashi Bhansali_AU2320139,,2025.2.0,None,2025-10-02 12h59.02.601901 +0530,
50,c,122,2,30,c,1,0.35970745899976464,None,,,,,30,2,122,2,,,,,337.48936825000055,,337.4783825000013,337.48936825000055,338.47503700000016,338.47503700000016,338.47503700000016,338.47503700000016,338.48255383300057,339.47474491600224,339.47474491600224,339.84326000000146,c,1,0.35970745899976464,None,,,,,,,,,,,,,,,AA_200,"001",2025-10-02_12h59.02.579,Motor sequence Learning task_Recent_Experiment_Tutorial 4_Urvashi Bhansali_AU2320139,,2025.2.0,None,2025-10-02 12h59.02.601901 +0530,
-150,z,123,3,30,z,1,0.3232342499977676,None,,,,,30,3,123,3,,,,,339.85467533300107,,339.8439017080018,339.85467533300107,340.84114950000003,340.84114950000003,340.84114950000003,340.84114950000003,340.84868308300065,341.84117533300014,341.84117533300014,342.16688825000165,z,1,0.3232342499977676,None,,,,,,,,,,,,,,,AA_200,"001",2025-10-02_12h59.02.579,Motor sequence Learning task_Recent_Experiment_Tutorial 4_Urvashi Bhansali_AU2320139,,2025.2.0,None,2025-10-02 12h59.02.601901 +0530,
-50,x,124,0,31,c,0,0.36804304199904436,None,,,,,31,0,124,0,,,,,342.17848854100157,,342.167419333,342.17848854100157,343.1655557910017,343.1655557910017,343.1655557910017,343.1655557910017,343.1747112910016,344.16627879099906,344.16627879099906,344.54368137500205,c,0,0.36804304199904436,None,,,,,,,,,,,,,,,AA_200,"001",2025-10-02_12h59.02.579,Motor sequence Learning task_Recent_Experiment_Tutorial 4_Urvashi Bhansali_AU2320139,,2025.2.0,None,2025-10-02 12h59.02.601901 +0530,
150,v,125,1,31,v,1,0.37620158299978357,None,,,,,31,1,125,1,,,,,344.55602229099895,,344.54451816599976,344.55602229099895,345.5413038330007,345.5413038330007,345.5413038330007,345.5413038330007,345.5486332500004,346.5420020829988,346.5420020829988,346.9265764160009,v,1,0.37620158299978357,None,,,,,,,,,,,,,,,AA_200,"001",2025-10-02_12h59.02.579,Motor sequence Learning task_Recent_Experiment_Tutorial 4_Urvashi Bhansali_AU2320139,,2025.2.0,None,2025-10-02 12h59.02.601901 +0530,
50,c,126,2,31,c,1,0.28973045800012187,None,,,,,31,2,126,2,,,,,346.93806104100076,,346.927151666001,346.93806104100076,347.9247696250022,347.9247696250022,347.9247696250022,347.9247696250022,347.93208016599965,348.9245079579996,348.9245079579996,349.217017166,c,1,0.28973045800012187,None,,,,,,,,,,,,,,,AA_200,"001",2025-10-02_12h59.02.579,Motor sequence Learning task_Recent_Experiment_Tutorial 4_Urvashi Bhansali_AU2320139,,2025.2.0,None,2025-10-02 12h59.02.601901 +0530,
-150,z,127,3,31,z,1,0.4409812920021068,None,,,,,31,3,127,3,,,,,349.2285188329988,,349.2175347500015,349.2285188329988,350.21558749999895,350.21558749999895,350.21558749999895,350.21558749999895,350.22474416600016,351.2161395000003,351.2161395000003,351.6595647079994,z,1,0.4409812920021068,None,,,,,,,,,,,,,,,AA_200,"001",2025-10-02_12h59.02.579,Motor sequence Learning task_Recent_Experiment_Tutorial 4_Urvashi Bhansali_AU2320139,,2025.2.0,None,2025-10-02 12h59.02.601901 +0530,
-50,x,128,0,32,x,1,0.8451265419971605,None,,,,,32,0,128,0,,,,,351.67169662499873,,351.6602234160018,351.67169662499873,352.65790854100123,352.65790854100123,352.65790854100123,352.65790854100123,352.66533466599867,353.6579165410003,353.6579165410003,354.51066691600136,x,1,0.8451265419971605,None,,,,,,,,,,,,,,,AA_200,"001",2025-10-02_12h59.02.579,Motor sequence Learning task_Recent_Experiment_Tutorial 4_Urvashi Bhansali_AU2320139,,2025.2.0,None,2025-10-02 12h59.02.601901 +0530,
150,v,129,1,32,v,1,1.4631209580002178,None,,,,,32,1,129,1,,,,,354.5209706249989,,354.51122508299886,354.5209706249989,355.5079106660014,355.5079106660014,355.5079106660014,355.5079106660014,355.51531766599874,356.5079104159995,356.5079104159995,357.9760813749999,v,1,1.4631209580002178,None,,,,,,,,,,,,,,,AA_200,"001",2025-10-02_12h59.02.579,Motor sequence Learning task_Recent_Experiment_Tutorial 4_Urvashi Bhansali_AU2320139,,2025.2.0,None,2025-10-02 12h59.02.601901 +0530,
50,c,130,2,32,c,1,1.1063470000008238,None,,,,,32,2,130,2,,,,,357.986806541001,,357.9766511250018,357.986806541001,358.97470270800113,358.97470270800113,358.97470270800113,358.97470270800113,358.98235362500054,359.9745855000001,359.9745855000001,361.08385441599967,c,1,1.1063470000008238,None,,,,,,,,,,,,,,,AA_200,"001",2025-10-02_12h59.02.579,Motor sequence Learning task_Recent_Experiment_Tutorial 4_Urvashi Bhansali_AU2320139,,2025.2.0,None,2025-10-02 12h59.02.601901 +0530,
-150,z,131,3,32,z,1,0.5869343749982363,None,,,,,32,3,131,3,,,,,361.09508029100107,,361.08457341599933,361.09508029100107,362.0828268330006,362.0828268330006,362.0828268330006,362.0828268330006,362.0914770410018,363.0829934159992,363.0829934159992,363.6769655829994,z,1,0.5869343749982363,None,,,,,,,,,,,,,,,AA_200,"001",2025-10-02_12h59.02.579,Motor sequence Learning task_Recent_Experiment_Tutorial 4_Urvashi Bhansali_AU2320139,,2025.2.0,None,2025-10-02 12h59.02.601901 +0530,
-50,x,132,0,33,x,1,1.0462454579974292,None,,,,,33,0,132,0,,,,,363.68778462499904,,363.67755558299905,363.68778462499904,364.6745662079993,364.6745662079993,364.6745662079993,364.6745662079993,364.68203837500187,365.6744619580022,365.6744619580022,366.7262855830013,x,1,1.0462454579974292,None,,,,,,,,,,,,,,,AA_200,"001",2025-10-02_12h59.02.579,Motor sequence Learning task_Recent_Experiment_Tutorial 4_Urvashi Bhansali_AU2320139,,2025.2.0,None,2025-10-02 12h59.02.601901 +0530,
150,v,133,1,33,v,1,0.695428750001156,None,,,,,33,1,133,1,,,,,366.7356477909998,,366.7267932909999,366.7356477909998,367.72447516600005,367.72447516600005,367.72447516600005,367.72447516600005,367.7317204579995,368.71631374999924,368.71631374999924,369.4170058330019,v,1,0.695428750001156,None,,,,,,,,,,,,,,,AA_200,"001",2025-10-02_12h59.02.579,Motor sequence Learning task_Recent_Experiment_Tutorial 4_Urvashi Bhansali_AU2320139,,2025.2.0,None,2025-10-02 12h59.02.601901 +0530,
50,c,134,2,33,c,1,0.6099325420000241,None,,,,,33,2,134,2,,,,,369.42829345800055,,369.41755929099963,369.42829345800055,370.41647337500035,370.41647337500035,370.41647337500035,370.41647337500035,370.4425557909999,371.41573841599893,371.41573841599893,372.0331733330022,c,1,0.6099325420000241,None,,,,,,,,,,,,,,,AA_200,"001",2025-10-02_12h59.02.579,Motor sequence Learning task_Recent_Experiment_Tutorial 4_Urvashi Bhansali_AU2320139,,2025.2.0,None,2025-10-02 12h59.02.601901 +0530,
-150,z,135,3,33,z,1,0.7341758329966979,None,,,,,33,3,135,3,,,,,372.0594772500008,,372.0336876250003,372.0594772500008,373.02440454099997,373.02440454099997,373.02440454099997,373.02440454099997,373.0579987500023,374.03243329100223,374.03243329100223,374.77613641599964,z,1,0.7341758329966979,None,,,,,,,,,,,,,,,AA_200,"001",2025-10-02_12h59.02.579,Motor sequence Learning task_Recent_Experiment_Tutorial 4_Urvashi Bhansali_AU2320139,,2025.2.0,None,2025-10-02 12h59.02.601901 +0530,
-50,x,136,0,34,x,1,0.5989997910000966,None,,,,,34,0,136,0,,,,,374.78656979100197,,374.7766658750006,374.78656979100197,375.77460679100113,375.77460679100113,375.77460679100113,375.77460679100113,375.78189320800084,376.77460908300054,376.77460908300054,377.37657158300135,x,1,0.5989997910000966,None,,,,,,,,,,,,,,,AA_200,"001",2025-10-02_12h59.02.579,Motor sequence Learning task_Recent_Experiment_Tutorial 4_Urvashi Bhansali_AU2320139,,2025.2.0,None,2025-10-02 12h59.02.601901 +0530,
150,v,137,1,34,v,1,0.79279041600239,None,,,,,34,1,137,1,,,,,377.3867521659995,,377.37715124999886,377.3867521659995,378.3744908330009,378.3744908330009,378.3744908330009,378.3744908330009,378.3817895829998,379.3746679579999,379.3746679579999,380.17692204099876,v,1,0.79279041600239,None,,,,,,,,,,,,,,,AA_200,"001",2025-10-02_12h59.02.579,Motor sequence Learning task_Recent_Experiment_Tutorial 4_Urvashi Bhansali_AU2320139,,2025.2.0,None,2025-10-02 12h59.02.601901 +0530,
50,c,138,2,34,c,1,0.6559122079997906,None,,,,,34,2,138,2,,,,,380.18770795800083,,380.1778483750022,380.18770795800083,381.17516137500206,381.17516137500206,381.17516137500206,381.17516137500206,381.1821952499995,382.17450912500135,382.17450912500135,382.83359508300055,c,1,0.6559122079997906,None,,,,,,,,,,,,,,,AA_200,"001",2025-10-02_12h59.02.579,Motor sequence Learning task_Recent_Experiment_Tutorial 4_Urvashi Bhansali_AU2320139,,2025.2.0,None,2025-10-02 12h59.02.601901 +0530,
-150,z,139,3,34,z,1,0.6959164580002835,None,,,,,34,3,139,3,,,,,382.8453222499993,,382.83411791600156,382.8453222499993,383.8326053749988,383.8326053749988,383.8326053749988,383.8326053749988,383.84127616600017,384.8324139159995,384.8324139159995,385.5333584159998,z,1,0.6959164580002835,None,,,,,,,,,,,,,,,AA_200,"001",2025-10-02_12h59.02.579,Motor sequence Learning task_Recent_Experiment_Tutorial 4_Urvashi Bhansali_AU2320139,,2025.2.0,None,2025-10-02 12h59.02.601901 +0530,
-50,x,140,0,35,x,1,1.2386919160016987,None,,,,,35,0,140,0,,,,,385.5450535000018,,385.5338857499992,385.5450535000018,386.53222454099887,386.53222454099887,386.53222454099887,386.53222454099887,386.54135558300186,387.52460741600225,387.52460741600225,388.77785975000006,x,1,1.2386919160016987,None,,,,,,,,,,,,,,,AA_200,"001",2025-10-02_12h59.02.579,Motor sequence Learning task_Recent_Experiment_Tutorial 4_Urvashi Bhansali_AU2320139,,2025.2.0,None,2025-10-02 12h59.02.601901 +0530,
150,v,141,1,35,v,1,0.731658291999338,None,,,,,35,1,141,1,,,,,388.789919791001,,388.77861683300216,388.789919791001,389.7749151249991,389.7749151249991,389.7749151249991,389.7749151249991,389.78225816600025,390.77457129100003,390.77457129100003,391.5103225829989,v,1,0.731658291999338,None,,,,,,,,,,,,,,,AA_200,"001",2025-10-02_12h59.02.579,Motor sequence Learning task_Recent_Experiment_Tutorial 4_Urvashi Bhansali_AU2320139,,2025.2.0,None,2025-10-02 12h59.02.601901 +0530,
50,c,142,2,35,c,1,1.64011795800252,None,,,,,35,2,142,2,,,,,391.5222804160003,,391.5109828329987,391.5222804160003,392.5078052909994,392.5078052909994,392.5078052909994,392.5078052909994,392.51543016600044,393.5079618749987,393.5079618749987,395.1497723329994,c,1,1.64011795800252,None,,,,,,,,,,,,,,,AA_200,"001",2025-10-02_12h59.02.579,Motor sequence Learning task_Recent_Experiment_Tutorial 4_Urvashi Bhansali_AU2320139,,2025.2.0,None,2025-10-02 12h59.02.601901 +0530,
-150,z,143,3,35,z,1,0.3460075000002689,None,,,,,35,3,143,3,,,,,395.16202979100126,,395.15033400000175,395.16202979100126,396.149246625002,396.149246625002,396.149246625002,396.149246625002,396.1582142080006,397.14909658300166,397.14909658300166,397.4999286250022,z,1,0.3460075000002689,None,,,,,,,,,,,,,,,AA_200,"001",2025-10-02_12h59.02.579,Motor sequence Learning task_Recent_Experiment_Tutorial 4_Urvashi Bhansali_AU2320139,,2025.2.0,None,2025-10-02 12h59.02.601901 +0530,
-50,x,144,0,36,x,1,0.34653133300162153,None,,,,,36,0,144,0,,,,,397.51171016599983,,397.50046674999976,397.51171016599983,398.49943754099877,398.49943754099877,398.49943754099877,398.49943754099877,398.50825291599904,399.49849800000084,399.49849800000084,399.8501796660021,x,1,0.34653133300162153,None,,,,,,,,,,,,,,,AA_200,"001",2025-10-02_12h59.02.579,Motor sequence Learning task_Recent_Experiment_Tutorial 4_Urvashi Bhansali_AU2320139,,2025.2.0,None,2025-10-02 12h59.02.601901 +0530,
150,v,145,1,36,v,1,0.5579791659984039,None,,,,,36,1,145,1,,,,,399.86156095800106,,399.85058766600196,399.86156095800106,400.8488342080018,400.8488342080018,400.8488342080018,400.8488342080018,400.8579842500003,401.8483872079996,401.8483872079996,402.4093193330009,v,1,0.5579791659984039,None,,,,,,,,,,,,,,,AA_200,"001",2025-10-02_12h59.02.579,Motor sequence Learning task_Recent_Experiment_Tutorial 4_Urvashi Bhansali_AU2320139,,2025.2.0,None,2025-10-02 12h59.02.601901 +0530,
50,c,146,2,36,c,1,0.6082357499981299,None,,,,,36,2,146,2,,,,,402.42010633300015,,402.4099715830016,402.42010633300015,403.39983187500184,403.39983187500184,403.39983187500184,403.39983187500184,403.4428157500006,404.4077633750021,404.4077633750021,405.0272670000013,c,1,0.6082357499981299,None,,,,,,,,,,,,,,,AA_200,"001",2025-10-02_12h59.02.579,Motor sequence Learning task_Recent_Experiment_Tutorial 4_Urvashi Bhansali_AU2320139,,2025.2.0,None,2025-10-02 12h59.02.601901 +0530,
-150,z,147,3,36,z,1,0.5342383749994042,None,,,,,36,3,147,3,,,,,405.04133687500143,,405.0278143329997,405.04133687500143,406.0243840410003,406.0243840410003,406.0243840410003,406.0243840410003,406.0321883329998,407.02449120800156,407.02449120800156,407.5659159579991,z,1,0.5342383749994042,None,,,,,,,,,,,,,,,AA_200,"001",2025-10-02_12h59.02.579,Motor sequence Learning task_Recent_Experiment_Tutorial 4_Urvashi Bhansali_AU2320139,,2025.2.0,None,2025-10-02 12h59.02.601901 +0530,
-50,x,148,0,37,x,1,0.5631710420020681,None,,,,,37,0,148,0,,,,,407.57569295800204,,407.5663682080012,407.57569295800204,408.55778162500064,408.55778162500064,408.55778162500064,408.55778162500064,408.57460866600013,409.55765733299995,409.55765733299995,410.1261787910007,x,1,0.5631710420020681,None,,,,,,,,,,,,,,,AA_200,"001",2025-10-02_12h59.02.579,Motor sequence Learning task_Recent_Experiment_Tutorial 4_Urvashi Bhansali_AU2320139,,2025.2.0,None,2025-10-02 12h59.02.601901 +0530,
150,v,149,1,37,v,1,0.4260859169989999,None,,,,,37,1,149,1,,,,,410.1368306660006,,410.1268131659999,410.1368306660006,411.124403875001,411.124403875001,411.124403875001,411.124403875001,411.13172404099896,412.1246630409987,412.1246630409987,412.5600979160008,v,1,0.4260859169989999,None,,,,,,,,,,,,,,,AA_200,"001",2025-10-02_12h59.02.579,Motor sequence Learning task_Recent_Experiment_Tutorial 4_Urvashi Bhansali_AU2320139,,2025.2.0,None,2025-10-02 12h59.02.601901 +0530,
50,c,150,2,37,c,1,0.49696954200044274,None,,,,,37,2,150,2,,,,,412.57103979100066,,412.56103537500167,412.57103979100066,413.5578014579987,413.5578014579987,413.5578014579987,413.5578014579987,413.56543570800204,414.55771529100093,414.55771529100093,415.0594467910014,c,1,0.49696954200044274,None,,,,,,,,,,,,,,,AA_200,"001",2025-10-02_12h59.02.579,Motor sequence Learning task_Recent_Experiment_Tutorial 4_Urvashi Bhansali_AU2320139,,2025.2.0,None,2025-10-02 12h59.02.601901 +0530,
-150,z,151,3,37,z,1,0.5409905000014987,None,,,,,37,3,151,3,,,,,415.06973949999883,,415.0599695410019,415.06973949999883,416.0577609159991,416.0577609159991,416.0577609159991,416.0577609159991,416.0653674999994,417.0577177910018,417.0577177910018,417.60042845800126,z,1,0.5409905000014987,None,,,,,,,,,,,,,,,AA_200,"001",2025-10-02_12h59.02.579,Motor sequence Learning task_Recent_Experiment_Tutorial 4_Urvashi Bhansali_AU2320139,,2025.2.0,None,2025-10-02 12h59.02.601901 +0530,
-50,x,152,0,38,x,1,0.45569679099935456,None,,,,,38,0,152,0,,,,,417.6119155410015,,417.60117075000016,417.6119155410015,418.5910938750021,418.5910938750021,418.5910938750021,418.5910938750021,418.6079062909994,419.59895920800045,419.59895920800045,420.05986854100047,x,1,0.45569679099935456,None,,,,,,,,,,,,,,,AA_200,"001",2025-10-02_12h59.02.579,Motor sequence Learning task_Recent_Experiment_Tutorial 4_Urvashi Bhansali_AU2320139,,2025.2.0,None,2025-10-02 12h59.02.601901 +0530,
150,v,153,1,38,v,1,0.8647044999997888,None,,,,,38,1,153,1,,,,,420.0706759579989,,420.0607007910003,420.0706759579989,421.0578399160004,421.0578399160004,421.0578399160004,421.0578399160004,421.0652122909996,422.0577860000012,422.0577860000012,422.9270597909999,v,1,0.8647044999997888,None,,,,,,,,,,,,,,,AA_200,"001",2025-10-02_12h59.02.579,Motor sequence Learning task_Recent_Experiment_Tutorial 4_Urvashi Bhansali_AU2320139,,2025.2.0,None,2025-10-02 12h59.02.601901 +0530,
50,c,154,2,38,c,1,0.2790674999996554,None,,,,,38,2,154,2,,,,,422.9382368330007,,422.9278965000012,422.9382368330007,423.9247613330008,423.9247613330008,423.9247613330008,423.9247613330008,423.93163750000167,424.92443487499986,424.92443487499986,425.20947974999945,c,1,0.2790674999996554,None,,,,,,,,,,,,,,,AA_200,"001",2025-10-02_12h59.02.579,Motor sequence Learning task_Recent_Experiment_Tutorial 4_Urvashi Bhansali_AU2320139,,2025.2.0,None,2025-10-02 12h59.02.601901 +0530,
-150,z,155,3,38,z,1,0.30159870799980126,None,,,,,38,3,155,3,,,,,425.2196441660017,,425.2099960000014,425.2196441660017,426.207728333,426.207728333,426.207728333,426.207728333,426.21491945800153,427.20773349999945,427.20773349999945,427.51711079099914,z,1,0.30159870799980126,None,,,,,,,,,,,,,,,AA_200,"001",2025-10-02_12h59.02.579,Motor sequence Learning task_Recent_Experiment_Tutorial 4_Urvashi Bhansali_AU2320139,,2025.2.0,None,2025-10-02 12h59.02.601901 +0530,
-50,x,156,0,39,x,1,0.4287718329978816,None,,,,,39,0,156,0,,,,,427.52838133299883,,427.517682665999,427.52838133299883,428.51636779100227,428.51636779100227,428.51636779100227,428.51636779100227,428.5424931250018,429.5155942499987,429.5155942499987,429.9502285000017,x,1,0.4287718329978816,None,,,,,,,,,,,,,,,AA_200,"001",2025-10-02_12h59.02.579,Motor sequence Learning task_Recent_Experiment_Tutorial 4_Urvashi Bhansali_AU2320139,,2025.2.0,None,2025-10-02 12h59.02.601901 +0530,
150,v,157,1,39,v,1,0.47513837500082445,None,,,,,39,1,157,1,,,,,429.9614877499989,,429.9507702910014,429.9614877499989,430.9490638749994,430.9490638749994,430.9490638749994,430.9490638749994,430.9580833330001,431.95003112500126,431.95003112500126,432.433549333,v,1,0.47513837500082445,None,,,,,,,,,,,,,,,AA_200,"001",2025-10-02_12h59.02.579,Motor sequence Learning task_Recent_Experiment_Tutorial 4_Urvashi Bhansali_AU2320139,,2025.2.0,None,2025-10-02 12h59.02.601901 +0530,
50,c,158,2,39,c,1,0.42148625000118045,None,,,,,39,2,158,2,,,,,432.4443447500016,,432.4340770000017,432.4443447500016,433.4323529159992,433.4323529159992,433.4323529159992,433.4323529159992,433.4411873329991,434.43276770800003,434.43276770800003,434.8595126250002,c,1,0.42148625000118045,None,,,,,,,,,,,,,,,AA_200,"001",2025-10-02_12h59.02.579,Motor sequence Learning task_Recent_Experiment_Tutorial 4_Urvashi Bhansali_AU2320139,,2025.2.0,None,2025-10-02 12h59.02.601901 +0530,
-150,z,159,3,39,z,1,0.6063954589990317,None,,,,,39,3,159,3,,,,,434.8701195829999,,434.8602251250013,434.8701195829999,435.85815279099916,435.85815279099916,435.85815279099916,435.85815279099916,435.86477545800153,436.85773816599976,436.85773816599976,437.4667036659994,z,1,0.6063954589990317,None,,,,,,,,,,,,,,,AA_200,"001",2025-10-02_12h59.02.579,Motor sequence Learning task_Recent_Experiment_Tutorial 4_Urvashi Bhansali_AU2320139,,2025.2.0,None,2025-10-02 12h59.02.601901 +0530,
-50,x,160,0,40,x,1,0.6140079159995366,None,,,,,40,0,160,0,,,,,437.47824670800037,,437.4672519580017,437.47824670800037,438.4658575409994,438.4658575409994,438.4658575409994,438.4658575409994,438.4746384579994,439.47607779100144,439.47607779100144,440.09309437499905,x,1,0.6140079159995366,None,,,,,,,,,,,,,,,AA_200,"001",2025-10-02_12h59.02.579,Motor sequence Learning task_Recent_Experiment_Tutorial 4_Urvashi Bhansali_AU2320139,,2025.2.0,None,2025-10-02 12h59.02.601901 +0530,
150,v,161,1,40,v,1,1.3519833339996694,None,,,,,40,1,161,1,,,,,440.10385920800036,,440.093895541002,440.10385920800036,441.0910917500005,441.0910917500005,441.0910917500005,441.0910917500005,441.0985905410016,442.0910329159997,442.0910329159997,443.45056404099887,v,1,1.3519833339996694,None,,,,,,,,,,,,,,,AA_200,"001",2025-10-02_12h59.02.579,Motor sequence Learning task_Recent_Experiment_Tutorial 4_Urvashi Bhansali_AU2320139,,2025.2.0,None,2025-10-02 12h59.02.601901 +0530,
50,c,162,2,40,c,1,0.3568167080011335,None,,,,,40,2,162,2,,,,,443.4618550410014,,443.45108883300054,443.4618550410014,444.4490368330007,444.4490368330007,444.4490368330007,444.4490368330007,444.45787525000196,445.44911649999995,445.44911649999995,445.80926895800076,c,1,0.3568167080011335,None,,,,,,,,,,,,,,,AA_200,"001",2025-10-02_12h59.02.579,Motor sequence Learning task_Recent_Experiment_Tutorial 4_Urvashi Bhansali_AU2320139,,2025.2.0,None,2025-10-02 12h59.02.601901 +0530,
-150,z,163,3,40,z,1,0.44092595799884293,None,,,,,40,3,163,3,,,,,445.8198748750001,,445.80987408299916,445.8198748750001,446.79967233299976,446.79967233299976,446.79967233299976,446.79967233299976,446.84277341599955,447.8078653750017,447.8078653750017,448.2500754579996,z,1,0.44092595799884293,None,,,,,,,,,,,,,,,AA_200,"001",2025-10-02_12h59.02.579,Motor sequence Learning task_Recent_Experiment_Tutorial 4_Urvashi Bhansali_AU2320139,,2025.2.0,None,2025-10-02 12h59.02.601901 +0530,
-50,x,164,0,41,x,1,0.5427611659979448,None,,,,,41,0,164,0,,,,,448.2611618330011,,448.2505882500009,448.2611618330011,449.24915266600146,449.24915266600146,449.24915266600146,449.24915266600146,449.2577844160005,450.24903370800166,450.24903370800166,450.7999841250021,x,1,0.5427611659979448,None,,,,,,,,,,,,,,,AA_200,"001",2025-10-02_12h59.02.579,Motor sequence Learning task_Recent_Experiment_Tutorial 4_Urvashi Bhansali_AU2320139,,2025.2.0,None,2025-10-02 12h59.02.601901 +0530,
150,v,165,1,41,v,1,0.5111892499990063,None,,,,,41,1,165,1,,,,,450.81164595800146,,450.80052316599904,450.81164595800146,451.79955308300123,451.79955308300123,451.79955308300123,451.79955308300123,451.80852483299896,452.7996603749998,452.7996603749998,453.3169897910011,v,1,0.5111892499990063,None,,,,,,,,,,,,,,,AA_200,"001",2025-10-02_12h59.02.579,Motor sequence Learning task_Recent_Experiment_Tutorial 4_Urvashi Bhansali_AU2320139,,2025.2.0,None,2025-10-02 12h59.02.601901 +0530,
50,c,166,2,41,c,1,0.8027239160001045,None,,,,,41,2,166,2,,,,,453.32933245800086,,453.3175708330018,453.32933245800086,454.3154035000007,454.3154035000007,454.3154035000007,454.3154035000007,454.3244718329988,455.31596808299946,455.31596808299946,456.12647116600056,c,1,0.8027239160001045,None,,,,,,,,,,,,,,,AA_200,"001",2025-10-02_12h59.02.579,Motor sequence Learning task_Recent_Experiment_Tutorial 4_Urvashi Bhansali_AU2320139,,2025.2.0,None,2025-10-02 12h59.02.601901 +0530,
-150,z,167,3,41,z,1,0.8002863749970857,None,,,,,41,3,167,3,,,,,456.1385909160017,,456.1272832079994,456.1385909160017,457.1242925830011,457.1242925830011,457.1242925830011,457.1242925830011,457.1321444160021,458.1243590410013,458.1243590410013,458.93358383300074,z,1,0.8002863749970857,None,,,,,,,,,,,,,,,AA_200,"001",2025-10-02_12h59.02.579,Motor sequence Learning task_Recent_Experiment_Tutorial 4_Urvashi Bhansali_AU2320139,,2025.2.0,None,2025-10-02 12h59.02.601901 +0530,
-50,x,168,0,42,x,1,0.69857279200005,None,,,,,42,0,168,0,,,,,458.9452617079987,,458.9341787910016,458.9452617079987,459.9252058330021,459.9252058330021,459.9252058330021,459.9252058330021,459.94107908300066,460.9329133329993,460.9329133329993,461.63411308300056,x,1,0.69857279200005,None,,,,,,,,,,,,,,,AA_200,"001",2025-10-02_12h59.02.579,Motor sequence Learning task_Recent_Experiment_Tutorial 4_Urvashi Bhansali_AU2320139,,2025.2.0,None,2025-10-02 12h59.02.601901 +0530,
150,v,169,1,42,v,1,0.2728939589978836,None,,,,,42,1,169,1,,,,,461.6454635000009,,461.63484920799965,461.6454635000009,462.6321262499987,462.6321262499987,462.6321262499987,462.6321262499987,462.6412595410002,463.6325906250022,463.6325906250022,463.9092898750023,v,1,0.2728939589978836,None,,,,,,,,,,,,,,,AA_200,"001",2025-10-02_12h59.02.579,Motor sequence Learning task_Recent_Experiment_Tutorial 4_Urvashi Bhansali_AU2320139,,2025.2.0,None,2025-10-02 12h59.02.601901 +0530,
50,c,170,2,42,c,1,0.3779026669981249,None,,,,,42,2,170,2,,,,,463.9209105830014,,463.9099021660004,463.9209105830014,464.90759766599876,464.90759766599876,464.90759766599876,464.90759766599876,464.9153915829993,465.9076260410002,465.9076260410002,466.2931277909993,c,1,0.3779026669981249,None,,,,,,,,,,,,,,,AA_200,"001",2025-10-02_12h59.02.579,Motor sequence Learning task_Recent_Experiment_Tutorial 4_Urvashi Bhansali_AU2320139,,2025.2.0,None,2025-10-02 12h59.02.601901 +0530,
-150,z,171,3,42,z,1,0.3033742500010703,None,,,,,42,3,171,3,,,,,466.3046550830004,,466.29380379099894,466.3046550830004,467.2909771250015,467.2909771250015,467.2909771250015,467.2909771250015,467.29841512500207,468.29096608300097,468.29096608300097,468.5999984580012,z,1,0.3033742500010703,None,,,,,,,,,,,,,,,AA_200,"001",2025-10-02_12h59.02.579,Motor sequence Learning task_Recent_Experiment_Tutorial 4_Urvashi Bhansali_AU2320139,,2025.2.0,None,2025-10-02 12h59.02.601901 +0530,
-50,x,172,0,43,x,1,0.4158845830024802,None,,,,,43,0,172,0,,,,,468.6118653750018,,468.60056608300147,468.6118653750018,469.6003817080018,469.6003817080018,469.6003817080018,469.6003817080018,469.6258073329991,470.5994861250001,470.5994861250001,471.02619929100183,x,1,0.4158845830024802,None,,,,,,,,,,,,,,,AA_200,"001",2025-10-02_12h59.02.579,Motor sequence Learning task_Recent_Experiment_Tutorial 4_Urvashi Bhansali_AU2320139,,2025.2.0,None,2025-10-02 12h59.02.601901 +0530,
150,v,173,1,43,v,1,0.6578652919997694,None,,,,,43,1,173,1,,,,,471.03566608300025,,471.02673666600094,471.03566608300025,472.02440091600147,472.02440091600147,472.02440091600147,472.02440091600147,472.0317654999999,473.0243778330005,473.0243778330005,473.6943089580018,v,1,0.6578652919997694,None,,,,,,,,,,,,,,,AA_200,"001",2025-10-02_12h59.02.579,Motor sequence Learning task_Recent_Experiment_Tutorial 4_Urvashi Bhansali_AU2320139,,2025.2.0,None,2025-10-02 12h59.02.601901 +0530,
50,c,174,2,43,c,1,0.3758090830015135,None,,,,,43,2,174,2,,,,,473.7086500000005,,473.69507112499923,473.7086500000005,474.69157908299894,474.69157908299894,474.69157908299894,474.69157908299894,474.6988814159995,475.69148100000166,475.69148100000166,476.0764437079997,c,1,0.3758090830015135,None,,,,,,,,,,,,,,,AA_200,"001",2025-10-02_12h59.02.579,Motor sequence Learning task_Recent_Experiment_Tutorial 4_Urvashi Bhansali_AU2320139,,2025.2.0,None,2025-10-02 12h59.02.601901 +0530,
-150,z,175,3,43,z,1,0.28966291599863325,None,,,,,43,3,175,3,,,,,476.08721312499983,,476.07706645800135,476.08721312499983,477.07511166599943,477.07511166599943,477.07511166599943,477.07511166599943,477.08232841599965,478.0665630000003,478.0665630000003,478.3598846249988,z,1,0.28966291599863325,None,,,,,,,,,,,,,,,AA_200,"001",2025-10-02_12h59.02.579,Motor sequence Learning task_Recent_Experiment_Tutorial 4_Urvashi Bhansali_AU2320139,,2025.2.0,None,2025-10-02 12h59.02.601901 +0530,
-50,x,176,0,44,x,1,0.18007708300137892,None,,,,,44,0,176,0,,,,,478.37133900000117,,478.36065299999973,478.37133900000117,479.35818379099874,479.35818379099874,479.35818379099874,479.35818379099874,479.36542312500023,480.3580048750009,480.3580048750009,480.5428322910011,x,1,0.18007708300137892,None,,,,,,,,,,,,,,,AA_200,"001",2025-10-02_12h59.02.579,Motor sequence Learning task_Recent_Experiment_Tutorial 4_Urvashi Bhansali_AU2320139,,2025.2.0,None,2025-10-02 12h59.02.601901 +0530,
150,v,177,1,44,v,1,0.2836117090009793,None,,,,,44,1,177,1,,,,,480.5538669160014,,480.5433980000016,480.5538669160014,481.5414023330013,481.5414023330013,481.5414023330013,481.5414023330013,481.5486759580017,482.54146425,482.54146425,482.83352749999904,v,1,0.2836117090009793,None,,,,,,,,,,,,,,,AA_200,"001",2025-10-02_12h59.02.579,Motor sequence Learning task_Recent_Experiment_Tutorial 4_Urvashi Bhansali_AU2320139,,2025.2.0,None,2025-10-02 12h59.02.601901 +0530,
50,c,178,2,44,c,1,0.3047845410001173,None,,,,,44,2,178,2,,,,,482.84458670800086,,482.834083791,482.84458670800086,483.832438333,483.832438333,483.832438333,483.832438333,483.8414108750003,484.8322687910004,484.8322687910004,485.14291041600154,c,1,0.3047845410001173,None,,,,,,,,,,,,,,,AA_200,"001",2025-10-02_12h59.02.579,Motor sequence Learning task_Recent_Experiment_Tutorial 4_Urvashi Bhansali_AU2320139,,2025.2.0,None,2025-10-02 12h59.02.601901 +0530,
-150,z,179,3,44,z,1,0.28260779199990793,None,,,,,44,3,179,3,,,,,485.15380179099884,,485.1434650830015,485.15380179099884,486.14155783300157,486.14155783300157,486.14155783300157,486.14155783300157,486.14839375000156,487.1413767910017,487.1413767910017,487.42640570799995,z,1,0.28260779199990793,None,,,,,,,,,,,,,,,AA_200,"001",2025-10-02_12h59.02.579,Motor sequence Learning task_Recent_Experiment_Tutorial 4_Urvashi Bhansali_AU2320139,,2025.2.0,None,2025-10-02 12h59.02.601901 +0530,
-50,x,180,0,45,x,1,0.4956173749997106,None,,,,,45,0,180,0,,,,,487.4375852910016,,487.42701337499966,487.4375852910016,488.42482637500143,488.42482637500143,488.42482637500143,488.42482637500143,488.4320947910019,489.41629583300164,489.41629583300164,489.91670220800006,x,1,0.4956173749997106,None,,,,,,,,,,,,,,,AA_200,"001",2025-10-02_12h59.02.579,Motor sequence Learning task_Recent_Experiment_Tutorial 4_Urvashi Bhansali_AU2320139,,2025.2.0,None,2025-10-02 12h59.02.601901 +0530,
150,v,181,1,45,v,1,0.6015692500004661,None,,,,,45,1,181,1,,,,,489.92834620800204,,489.91724850000173,489.92834620800204,490.9156569580009,490.9156569580009,490.9156569580009,490.9156569580009,490.9248872499993,491.9153294159987,491.9153294159987,492.5262764580002,v,1,0.6015692500004661,None,,,,,,,,,,,,,,,AA_200,"001",2025-10-02_12h59.02.579,Motor sequence Learning task_Recent_Experiment_Tutorial 4_Urvashi Bhansali_AU2320139,,2025.2.0,None,2025-10-02 12h59.02.601901 +0530,
50,c,182,2,45,c,1,0.2871314580006583,None,,,,,45,2,182,2,,,,,492.53725554099947,,492.5268380410016,492.53725554099947,493.5249162910004,493.5249162910004,493.5249162910004,493.5249162910004,493.53256925000096,494.52471983299984,494.52471983299984,494.8171123329994,c,1,0.2871314580006583,None,,,,,,,,,,,,,,,AA_200,"001",2025-10-02_12h59.02.579,Motor sequence Learning task_Recent_Experiment_Tutorial 4_Urvashi Bhansali_AU2320139,,2025.2.0,None,2025-10-02 12h59.02.601901 +0530,
-150,z,183,3,45,z,1,0.39204070800042246,None,,,,,45,3,183,3,,,,,494.8280975410016,,494.81783483300023,494.8280975410016,495.8157281249987,495.8157281249987,495.8157281249987,495.8157281249987,495.8249560000004,496.8156506250016,496.8156506250016,497.22705945800044,z,1,0.39204070800042246,None,,,,,,,,,,,,,,,AA_200,"001",2025-10-02_12h59.02.579,Motor sequence Learning task_Recent_Experiment_Tutorial 4_Urvashi Bhansali_AU2320139,,2025.2.0,None,2025-10-02 12h59.02.601901 +0530,
-50,x,184,0,46,x,1,0.36689054199814564,None,,,,,46,0,184,0,,,,,497.2425701249995,,497.22759720799877,497.2425701249995,498.2249965830015,498.2249965830015,498.2249965830015,498.2249965830015,498.2316140410003,499.2247032080013,499.2247032080013,499.6003989160017,x,1,0.36689054199814564,None,,,,,,,,,,,,,,,AA_200,"001",2025-10-02_12h59.02.579,Motor sequence Learning task_Recent_Experiment_Tutorial 4_Urvashi Bhansali_AU2320139,,2025.2.0,None,2025-10-02 12h59.02.601901 +0530,
150,v,185,1,46,v,1,1.0541902080003638,None,,,,,46,1,185,1,,,,,499.6113638329989,,499.6009962909993,499.6113638329989,500.59937612499925,500.59937612499925,500.59937612499925,500.59937612499925,500.60882245800167,501.59950899999967,501.59950899999967,502.6592344160017,v,1,1.0541902080003638,None,,,,,,,,,,,,,,,AA_200,"001",2025-10-02_12h59.02.579,Motor sequence Learning task_Recent_Experiment_Tutorial 4_Urvashi Bhansali_AU2320139,,2025.2.0,None,2025-10-02 12h59.02.601901 +0530,
50,c,186,2,46,c,1,0.4555206660006661,None,,,,,46,2,186,2,,,,,502.6698919160008,,502.65975362500103,502.6698919160008,503.64863916600007,503.64863916600007,503.64863916600007,503.64863916600007,503.6656002910022,504.6580376250022,504.6580376250022,505.1158143749999,c,1,0.4555206660006661,None,,,,,,,,,,,,,,,AA_200,"001",2025-10-02_12h59.02.579,Motor sequence Learning task_Recent_Experiment_Tutorial 4_Urvashi Bhansali_AU2320139,,2025.2.0,None,2025-10-02 12h59.02.601901 +0530,
-150,z,187,3,46,z,1,0.6115186249990074,None,,,,,46,3,187,3,,,,,505.14215316600166,,505.1162212500021,505.14215316600166,506.10815620799985,506.10815620799985,506.10815620799985,506.10815620799985,506.13182445799976,507.10798975000216,507.10798975000216,507.726309083002,z,1,0.6115186249990074,None,,,,,,,,,,,,,,,AA_200,"001",2025-10-02_12h59.02.579,Motor sequence Learning task_Recent_Experiment_Tutorial 4_Urvashi Bhansali_AU2320139,,2025.2.0,None,2025-10-02 12h59.02.601901 +0530,
-50,x,188,0,47,x,1,0.6627396250005404,None,,,,,47,0,188,0,,,,,507.73692279100214,,507.7268540410005,507.73692279100214,508.7162185410016,508.7162185410016,508.7162185410016,508.7162185410016,508.75915033300043,509.7247824160004,509.7247824160004,510.39260191599897,x,1,0.6627396250005404,None,,,,,,,,,,,,,,,AA_200,"001",2025-10-02_12h59.02.579,Motor sequence Learning task_Recent_Experiment_Tutorial 4_Urvashi Bhansali_AU2320139,,2025.2.0,None,2025-10-02 12h59.02.601901 +0530,
150,v,189,1,47,v,1,0.3800827909981308,None,,,,,47,1,189,1,,,,,510.4034446660007,,510.3931517080018,510.4034446660007,511.38205625000046,511.38205625000046,511.38205625000046,511.38205625000046,511.3983006660019,512.3913239159992,512.3913239159992,512.7771412500006,v,1,0.3800827909981308,None,,,,,,,,,,,,,,,AA_200,"001",2025-10-02_12h59.02.579,Motor sequence Learning task_Recent_Experiment_Tutorial 4_Urvashi Bhansali_AU2320139,,2025.2.0,None,2025-10-02 12h59.02.601901 +0530,
50,c,190,2,47,c,1,1.1746916250012873,None,,,,,47,2,190,2,,,,,512.7887996249992,,512.7782532080018,512.7887996249992,513.7748484580006,513.7748484580006,513.7748484580006,513.7748484580006,513.7823278329997,514.7746571659991,514.7746571659991,515.959785125,c,1,1.1746916250012873,None,,,,,,,,,,,,,,,AA_200,"001",2025-10-02_12h59.02.579,Motor sequence Learning task_Recent_Experiment_Tutorial 4_Urvashi Bhansali_AU2320139,,2025.2.0,None,2025-10-02 12h59.02.601901 +0530,
-150,z,191,3,47,z,1,0.40596641700176406,None,,,,,47,3,191,3,,,,,515.9701453330017,,515.9603239579992,515.9701453330017,516.9580940000014,516.9580940000014,516.9580940000014,516.9580940000014,516.9653335410003,517.958257000002,517.958257000002,518.3673320410016,z,1,0.40596641700176406,None,,,,,,,,,,,,,,,AA_200,"001",2025-10-02_12h59.02.579,Motor sequence Learning task_Recent_Experiment_Tutorial 4_Urvashi Bhansali_AU2320139,,2025.2.0,None,2025-10-02 12h59.02.601901 +0530,
-50,x,192,0,48,x,1,0.43822566699964227,None,,,,,48,0,192,0,,,,,518.3783947910015,,518.3680012080004,518.3783947910015,519.366294083,519.366294083,519.366294083,519.366294083,519.3924015000011,520.3659004580004,520.3659004580004,520.8098755409992,x,1,0.43822566699964227,None,,,,,,,,,,,,,,,AA_200,"001",2025-10-02_12h59.02.579,Motor sequence Learning task_Recent_Experiment_Tutorial 4_Urvashi Bhansali_AU2320139,,2025.2.0,None,2025-10-02 12h59.02.601901 +0530,
150,v,193,1,48,v,1,0.5645249159970263,None,,,,,48,1,193,1,,,,,520.8202042910016,,520.8104569999996,520.8202042910016,521.8079474160004,521.8079474160004,521.8079474160004,521.8079474160004,521.8155187500015,522.807628458002,522.807628458002,523.3766676250016,v,1,0.5645249159970263,None,,,,,,,,,,,,,,,AA_200,"001",2025-10-02_12h59.02.579,Motor sequence Learning task_Recent_Experiment_Tutorial 4_Urvashi Bhansali_AU2320139,,2025.2.0,None,2025-10-02 12h59.02.601901 +0530,
50,c,194,2,48,c,1,0.5812550000009651,None,,,,,48,2,194,2,,,,,523.3880338750023,,523.3775417079996,523.3880338750023,524.3745052500017,524.3745052500017,524.3745052500017,524.3745052500017,524.3820179159993,525.3748394579998,525.3748394579998,525.9602818330022,c,1,0.5812550000009651,None,,,,,,,,,,,,,,,AA_200,"001",2025-10-02_12h59.02.579,Motor sequence Learning task_Recent_Experiment_Tutorial 4_Urvashi Bhansali_AU2320139,,2025.2.0,None,2025-10-02 12h59.02.601901 +0530,
-150,z,195,3,48,z,1,0.3798349999997299,None,,,,,48,3,195,3,,,,,525.9714887500013,,525.9610669159993,525.9714887500013,526.9577257500023,526.9577257500023,526.9577257500023,526.9577257500023,526.9651743329996,527.958125166002,527.958125166002,528.3428440829994,z,1,0.3798349999997299,None,,,,,,,,,,,,,,,AA_200,"001",2025-10-02_12h59.02.579,Motor sequence Learning task_Recent_Experiment_Tutorial 4_Urvashi Bhansali_AU2320139,,2025.2.0,None,2025-10-02 12h59.02.601901 +0530,
-50,x,196,0,49,x,1,1.1390010830000392,None,,,,,49,0,196,0,,,,,528.354050416001,,528.3434551249993,528.354050416001,529.3409638330013,529.3409638330013,529.3409638330013,529.3409638330013,529.3484329579987,530.3409820410016,530.3409820410016,531.4839395830022,x,1,1.1390010830000392,None,,,,,,,,,,,,,,,AA_200,"001",2025-10-02_12h59.02.579,Motor sequence Learning task_Recent_Experiment_Tutorial 4_Urvashi Bhansali_AU2320139,,2025.2.0,None,2025-10-02 12h59.02.601901 +0530,
150,v,197,1,49,v,1,0.5404090409974742,None,,,,,49,1,197,1,,,,,531.4950745409988,,531.4844519580001,531.4950745409988,532.4823188750015,532.4823188750015,532.4823188750015,532.4823188750015,532.4917750000022,533.4824693750015,533.4824693750015,534.0261087500003,v,1,0.5404090409974742,None,,,,,,,,,,,,,,,AA_200,"001",2025-10-02_12h59.02.579,Motor sequence Learning task_Recent_Experiment_Tutorial 4_Urvashi Bhansali_AU2320139,,2025.2.0,None,2025-10-02 12h59.02.601901 +0530,
50,c,198,2,49,c,1,0.4815548340011446,None,,,,,49,2,198,2,,,,,534.0378653750013,,534.0268315829999,534.0378653750013,535.0243147500005,535.0243147500005,535.0243147500005,535.0243147500005,535.0320331660005,536.0242347499989,536.0242347499989,536.5092460830019,c,1,0.4815548340011446,None,,,,,,,,,,,,,,,AA_200,"001",2025-10-02_12h59.02.579,Motor sequence Learning task_Recent_Experiment_Tutorial 4_Urvashi Bhansali_AU2320139,,2025.2.0,None,2025-10-02 12h59.02.601901 +0530,
-150,z,199,3,49,z,1,0.43018908300291514,None,,,,,49,3,199,3,,,,,536.5208856659992,,536.5097877910011,536.5208856659992,537.5075652910018,537.5075652910018,537.5075652910018,537.5075652910018,537.5150324160022,538.507562666,538.507562666,538.9433289580011,z,1,0.43018908300291514,None,,,,,,,,,,,,,,,AA_200,"001",2025-10-02_12h59.02.579,Motor sequence Learning task_Recent_Experiment_Tutorial 4_Urvashi Bhansali_AU2320139,,2025.2.0,None,2025-10-02 12h59.02.601901 +0530,
-50,x,0,0,0,,,,,x,1,0.3038075830008893,None,,,,,0,0,0,0,538.9694084580005,,,,,,,,,,,,,,,,538.960932500002,538.9694084580005,539.9446019999996,539.9446019999996,539.9446019999996,539.9446019999996,539.9647083330019,540.9409284579997,540.9409284579997,541.2497340000009,x,1,0.3038075830008893,None,AA_200,"001",2025-10-02_12h59.02.579,Motor sequence Learning task_Recent_Experiment_Tutorial 4_Urvashi Bhansali_AU2320139,,2025.2.0,None,2025-10-02 12h59.02.601901 +0530,
-150,z,1,1,0,,,,,z,1,1.4182052910000493,None,,,,,0,1,1,3,541.2609902080003,,,,,,,,,,,,,,,,541.2502944160005,541.2609902080003,542.2486428330012,542.2486428330012,542.2486428330012,542.2486428330012,542.258281208,543.2414691660015,543.2414691660015,544.6665772500019,z,1,1.4182052910000493,None,AA_200,"001",2025-10-02_12h59.02.579,Motor sequence Learning task_Recent_Experiment_Tutorial 4_Urvashi Bhansali_AU2320139,,2025.2.0,None,2025-10-02 12h59.02.601901 +0530,
150,v,2,2,0,,,,,v,1,0.7909180830029072,None,,,,,0,2,2,1,544.6775217499999,,,,,,,,,,,,,,,,544.6671370830009,544.6775217499999,545.6576337080005,545.6576337080005,545.6576337080005,545.6576337080005,545.674832916,546.6575695409992,546.6575695409992,547.4595348330004,v,1,0.7909180830029072,None,AA_200,"001",2025-10-02_12h59.02.579,Motor sequence Learning task_Recent_Experiment_Tutorial 4_Urvashi Bhansali_AU2320139,,2025.2.0,None,2025-10-02 12h59.02.601901 +0530,
50,c,3,3,0,,,,,c,1,0.37418391699975473,None,,,,,0,3,3,2,547.4695522080001,,,,,,,,,,,,,,,,547.4601312500017,547.4695522080001,548.4575699999987,548.4575699999987,548.4575699999987,548.4575699999987,548.4649743750015,549.449358165999,549.449358165999,549.8257262080006,c,1,0.37418391699975473,None,AA_200,"001",2025-10-02_12h59.02.579,Motor sequence Learning task_Recent_Experiment_Tutorial 4_Urvashi Bhansali_AU2320139,,2025.2.0,None,2025-10-02 12h59.02.601901 +0530,
150,v,4,0,1,,,,,v,1,0.8152744170001824,None,,,,,1,0,4,1,549.8360722079997,,,,,,,,,,,,,,,,549.8262995410005,549.8360722079997,550.8163041660009,550.8163041660009,550.8163041660009,550.8163041660009,550.8590825409992,551.8242129999999,551.8242129999999,552.6425027500009,v,1,0.8152744170001824,None,AA_200,"001",2025-10-02_12h59.02.579,Motor sequence Learning task_Recent_Experiment_Tutorial 4_Urvashi Bhansali_AU2320139,,2025.2.0,None,2025-10-02 12h59.02.601901 +0530,
50,c,5,1,1,,,,,c,1,0.6004916249985399,None,,,,,1,1,5,2,552.6529315000007,,,,,,,,,,,,,,,,552.6430598330007,552.6529315000007,553.6409147500017,553.6409147500017,553.6409147500017,553.6409147500017,553.6488843330008,554.6408916250002,554.6408916250002,555.261127791,c,1,0.6004916249985399,None,AA_200,"001",2025-10-02_12h59.02.579,Motor sequence Learning task_Recent_Experiment_Tutorial 4_Urvashi Bhansali_AU2320139,,2025.2.0,None,2025-10-02 12h59.02.601901 +0530,
-50,x,6,2,1,,,,,x,1,1.2497406660004344,None,,,,,1,2,6,0,555.2742669580002,,,,,,,,,,,,,,,,555.2622351659993,555.2742669580002,556.2575569580004,556.2575569580004,556.2575569580004,556.2575569580004,556.2653756660002,557.257556083001,557.257556083001,558.5096236249992,x,1,1.2497406660004344,None,AA_200,"001",2025-10-02_12h59.02.579,Motor sequence Learning task_Recent_Experiment_Tutorial 4_Urvashi Bhansali_AU2320139,,2025.2.0,None,2025-10-02 12h59.02.601901 +0530,
-150,z,7,3,1,,,,,z,1,0.5326081669991254,None,,,,,1,3,7,3,558.5202642080003,,,,,,,,,,,,,,,,558.5103580409996,558.5202642080003,559.5075684580006,559.5075684580006,559.5075684580006,559.5075684580006,559.5150262499992,560.5076008329997,560.5076008329997,561.0423601250004,z,1,0.5326081669991254,None,AA_200,"001",2025-10-02_12h59.02.579,Motor sequence Learning task_Recent_Experiment_Tutorial 4_Urvashi Bhansali_AU2320139,,2025.2.0,None,2025-10-02 12h59.02.601901 +0530,
-150,z,8,0,2,,,,,z,1,0.5214607499983686,None,,,,,2,0,8,3,561.0527843749987,,,,,,,,,,,,,,,,561.0428891660013,561.0527843749987,562.0410566249993,562.0410566249993,562.0410566249993,562.0410566249993,562.0484402080001,563.0327507500006,563.0327507500006,563.5593941660009,z,1,0.5214607499983686,None,AA_200,"001",2025-10-02_12h59.02.579,Motor sequence Learning task_Recent_Experiment_Tutorial 4_Urvashi Bhansali_AU2320139,,2025.2.0,None,2025-10-02 12h59.02.601901 +0530,
50,c,9,1,2,,,,,c,1,0.8425832499997341,None,,,,,2,1,9,2,563.5699515000015,,,,,,,,,,,,,,,,563.5600440830021,563.5699515000015,564.5578224160017,564.5578224160017,564.5578224160017,564.5578224160017,564.565178249999,565.5575785000001,565.5575785000001,566.4092925000004,c,1,0.8425832499997341,None,AA_200,"001",2025-10-02_12h59.02.579,Motor sequence Learning task_Recent_Experiment_Tutorial 4_Urvashi Bhansali_AU2320139,,2025.2.0,None,2025-10-02 12h59.02.601901 +0530,
-50,x,10,2,2,,,,,x,1,0.9975057500014373,None,,,,,2,2,10,0,566.4193037910009,,,,,,,,,,,,,,,,566.4097956250007,566.4193037910009,567.4075619159994,567.4075619159994,567.4075619159994,567.4075619159994,567.4148722909995,568.4074869579999,568.4074869579999,569.4093605000016,x,1,0.9975057500014373,None,AA_200,"001",2025-10-02_12h59.02.579,Motor sequence Learning task_Recent_Experiment_Tutorial 4_Urvashi Bhansali_AU2320139,,2025.2.0,None,2025-10-02 12h59.02.601901 +0530,
150,v,11,3,2,,,,,v,1,0.5934398750032415,None,,,,,2,3,11,1,569.4196523329992,,,,,,,,,,,,,,,,569.4099172499991,569.4196523329992,570.4082138330014,570.4082138330014,570.4082138330014,570.4082138330014,570.4149355830014,571.4075642499993,571.4075642499993,572.010163166,v,1,0.5934398750032415,None,AA_200,"001",2025-10-02_12h59.02.579,Motor sequence Learning task_Recent_Experiment_Tutorial 4_Urvashi Bhansali_AU2320139,,2025.2.0,None,2025-10-02 12h59.02.601901 +0530,
50,c,12,0,3,,,,,c,1,0.6228364580019843,None,,,,,3,0,12,2,572.0209075410021,,,,,,,,,,,,,,,,572.0109372080005,572.0209075410021,573.0081797499988,573.0081797499988,573.0081797499988,573.0081797499988,573.0149830000009,574.0075941659998,574.0075941659998,574.6334218750017,c,1,0.6228364580019843,None,AA_200,"001",2025-10-02_12h59.02.579,Motor sequence Learning task_Recent_Experiment_Tutorial 4_Urvashi Bhansali_AU2320139,,2025.2.0,None,2025-10-02 12h59.02.601901 +0530,
-150,z,13,1,3,,,,,z,1,0.5836563749980996,None,,,,,3,1,13,3,574.6445510000012,,,,,,,,,,,,,,,,574.6339472910004,574.6445510000012,575.6334171660019,575.6334171660019,575.6334171660019,575.6334171660019,575.6589459160023,576.6322295409991,576.6322295409991,577.2261517080005,z,1,0.5836563749980996,None,AA_200,"001",2025-10-02_12h59.02.579,Motor sequence Learning task_Recent_Experiment_Tutorial 4_Urvashi Bhansali_AU2320139,,2025.2.0,None,2025-10-02 12h59.02.601901 +0530,
-50,x,14,2,3,,,,,x,1,0.6003040420000616,None,,,,,3,2,14,0,577.2368746659995,,,,,,,,,,,,,,,,577.2269327499998,577.2368746659995,578.2241702079991,578.2241702079991,578.2241702079991,578.2241702079991,578.2319060830014,579.2244812079989,579.2244812079989,579.8275389160008,x,1,0.6003040420000616,None,AA_200,"001",2025-10-02_12h59.02.579,Motor sequence Learning task_Recent_Experiment_Tutorial 4_Urvashi Bhansali_AU2320139,,2025.2.0,None,2025-10-02 12h59.02.601901 +0530,
150,v,15,3,3,,,,,v,1,0.6182737090020964,None,,,,,3,3,15,1,579.8404126249989,,,,,,,,,,,,,,,,579.8284430410022,579.8404126249989,580.8242643330013,580.8242643330013,580.8242643330013,580.8242643330013,580.8319557499999,581.8244618749995,581.8244618749995,582.4501676660002,v,1,0.6182737090020964,None,AA_200,"001",2025-10-02_12h59.02.579,Motor sequence Learning task_Recent_Experiment_Tutorial 4_Urvashi Bhansali_AU2320139,,2025.2.0,None,2025-10-02 12h59.02.601901 +0530,
150,v,16,0,4,,,,,v,1,0.7641147499998624,None,,,,,4,0,16,1,582.4616772080008,,,,,,,,,,,,,,,,582.4507755410013,582.4616772080008,583.4415655830016,583.4415655830016,583.4415655830016,583.4415655830016,583.4577716659987,584.4486394580017,584.4486394580017,585.2168731660022,v,1,0.7641147499998624,None,AA_200,"001",2025-10-02_12h59.02.579,Motor sequence Learning task_Recent_Experiment_Tutorial 4_Urvashi Bhansali_AU2320139,,2025.2.0,None,2025-10-02 12h59.02.601901 +0530,
-50,x,17,1,4,,,,,x,1,0.6638189999976021,None,,,,,4,1,17,0,585.2280777080014,,,,,,,,,,,,,,,,585.2174611250011,585.2280777080014,586.2154552079992,586.2154552079992,586.2154552079992,586.2154552079992,586.2242869580004,587.2158543330006,587.2158543330006,587.8830540830022,x,1,0.6638189999976021,None,AA_200,"001",2025-10-02_12h59.02.579,Motor sequence Learning task_Recent_Experiment_Tutorial 4_Urvashi Bhansali_AU2320139,,2025.2.0,None,2025-10-02 12h59.02.601901 +0530,
-150,z,18,2,4,,,,,z,1,0.6288376249976864,None,,,,,4,2,18,3,587.8951561249996,,,,,,,,,,,,,,,,587.8836312909989,587.8951561249996,588.882135374999,588.882135374999,588.882135374999,588.882135374999,588.8914338750001,589.882767250001,589.882767250001,590.5166066250022,z,1,0.6288376249976864,None,AA_200,"001",2025-10-02_12h59.02.579,Motor sequence Learning task_Recent_Experiment_Tutorial 4_Urvashi Bhansali_AU2320139,,2025.2.0,None,2025-10-02 12h59.02.601901 +0530,
50,c,19,3,4,,,,,c,1,1.1659954589995323,None,,,,,4,3,19,2,590.5284895830009,,,,,,,,,,,,,,,,590.517129666001,590.5284895830009,591.5158576659996,591.5158576659996,591.5158576659996,591.5158576659996,591.5252194999994,592.5145345829987,592.5145345829987,593.6831002910003,c,1,1.1659954589995323,None,AA_200,"001",2025-10-02_12h59.02.579,Motor sequence Learning task_Recent_Experiment_Tutorial 4_Urvashi Bhansali_AU2320139,,2025.2.0,None,2025-10-02 12h59.02.601901 +0530,
150,v,20,0,5,,,,,v,1,0.5502792919978674,None,,,,,5,0,20,1,593.6948729579999,,,,,,,,,,,,,,,,593.6836992909994,593.6948729579999,594.6821676250001,594.6821676250001,594.6821676250001,594.6821676250001,594.6907086249994,595.6741308749988,595.6741308749988,596.233138208001,v,1,0.5502792919978674,None,AA_200,"001",2025-10-02_12h59.02.579,Motor sequence Learning task_Recent_Experiment_Tutorial 4_Urvashi Bhansali_AU2320139,,2025.2.0,None,2025-10-02 12h59.02.601901 +0530,
-50,x,21,1,5,,,,,x,1,0.9388409580024017,None,,,,,5,1,21,0,596.2443323750012,,,,,,,,,,,,,,,,596.2337072080009,596.2443323750012,597.2323469580006,597.2323469580006,597.2323469580006,597.2323469580006,597.2413646659988,598.2315485830004,598.2315485830004,599.1756504160003,x,1,0.9388409580024017,None,AA_200,"001",2025-10-02_12h59.02.579,Motor sequence Learning task_Recent_Experiment_Tutorial 4_Urvashi Bhansali_AU2320139,,2025.2.0,None,2025-10-02 12h59.02.601901 +0530,
-150,z,22,2,5,,,,,z,1,0.5871852909986046,None,,,,,5,2,22,3,599.1875094160023,,,,,,,,,,,,,,,,599.1762391660013,599.1875094160023,600.1653166249998,600.1653166249998,600.1653166249998,600.1653166249998,600.1820350830021,601.1741588330005,601.1741588330005,601.7670611249996,z,1,0.5871852909986046,None,AA_200,"001",2025-10-02_12h59.02.579,Motor sequence Learning task_Recent_Experiment_Tutorial 4_Urvashi Bhansali_AU2320139,,2025.2.0,None,2025-10-02 12h59.02.601901 +0530,
50,c,23,3,5,,,,,c,1,0.7995156249999127,None,,,,,5,3,23,2,601.7784180830022,,,,,,,,,,,,,,,,601.7676098330012,601.7784180830022,602.7650386659989,602.7650386659989,602.7650386659989,602.7650386659989,602.7749777909994,603.7657257499995,603.7657257499995,604.5683267080021,c,1,0.7995156249999127,None,AA_200,"001",2025-10-02_12h59.02.579,Motor sequence Learning task_Recent_Experiment_Tutorial 4_Urvashi Bhansali_AU2320139,,2025.2.0,None,2025-10-02 12h59.02.601901 +0530,
-150,z,24,0,6,,,,,z,1,0.5735452089975297,None,,,,,6,0,24,3,604.5778346660009,,,,,,,,,,,,,,,,604.5688054999991,604.5778346660009,605.565154666001,605.565154666001,605.565154666001,605.565154666001,605.5743233329995,606.5656546249993,606.5656546249993,607.1422520410015,z,1,0.5735452089975297,None,AA_200,"001",2025-10-02_12h59.02.579,Motor sequence Learning task_Recent_Experiment_Tutorial 4_Urvashi Bhansali_AU2320139,,2025.2.0,None,2025-10-02 12h59.02.601901 +0530,
-50,x,25,1,6,,,,,x,1,0.6780262499996752,None,,,,,6,1,25,0,607.1524245410001,,,,,,,,,,,,,,,,607.1427799580015,607.1524245410001,608.1407734579989,608.1407734579989,608.1407734579989,608.1407734579989,608.1479667080021,609.140751166,609.140751166,609.8259729160018,x,1,0.6780262499996752,None,AA_200,"001",2025-10-02_12h59.02.579,Motor sequence Learning task_Recent_Experiment_Tutorial 4_Urvashi Bhansali_AU2320139,,2025.2.0,None,2025-10-02 12h59.02.601901 +0530,
150,v,26,2,6,,,,,v,1,0.5699257920023229,None,,,,,6,2,26,1,609.8365081660013,,,,,,,,,,,,,,,,609.8266062910006,609.8365081660013,610.8241479999997,610.8241479999997,610.8241479999997,610.8241479999997,610.8315938330015,611.8241944580004,611.8241944580004,612.399655125002,v,1,0.5699257920023229,None,AA_200,"001",2025-10-02_12h59.02.579,Motor sequence Learning task_Recent_Experiment_Tutorial 4_Urvashi Bhansali_AU2320139,,2025.2.0,None,2025-10-02 12h59.02.601901 +0530,
50,c,27,3,6,,,,,c,1,1.8889486250009213,None,,,,,6,3,27,2,612.4109260410005,,,,,,,,,,,,,,,,612.4002403750019,612.4109260410005,613.3991075000013,613.3991075000013,613.3991075000013,613.3991075000013,613.4075733329992,614.3908894160013,614.3908894160013,616.283231333,c,1,1.8889486250009213,None,AA_200,"001",2025-10-02_12h59.02.579,Motor sequence Learning task_Recent_Experiment_Tutorial 4_Urvashi Bhansali_AU2320139,,2025.2.0,None,2025-10-02 12h59.02.601901 +0530,
50,c,28,0,7,,,,,c,1,2.243759708999278,None,,,,,7,0,28,2,616.2945797499997,,,,,,,,,,,,,,,,616.2839398750002,616.2945797499997,617.2813297909997,617.2813297909997,617.2813297909997,617.2813297909997,617.290987583001,618.2823445409995,618.2823445409995,620.5330510000022,c,1,2.243759708999278,None,AA_200,"001",2025-10-02_12h59.02.579,Motor sequence Learning task_Recent_Experiment_Tutorial 4_Urvashi Bhansali_AU2320139,,2025.2.0,None,2025-10-02 12h59.02.601901 +0530,
-50,x,29,1,7,,,,,x,1,0.6966133749992878,None,,,,,7,1,29,0,620.5444760829996,,,,,,,,,,,,,,,,620.5336661250003,620.5444760829996,621.5241117910009,621.5241117910009,621.5241117910009,621.5241117910009,621.5412157909996,622.5241778749987,622.5241778749987,623.2259477080006,x,1,0.6966133749992878,None,AA_200,"001",2025-10-02_12h59.02.579,Motor sequence Learning task_Recent_Experiment_Tutorial 4_Urvashi Bhansali_AU2320139,,2025.2.0,None,2025-10-02 12h59.02.601901 +0530,
-150,z,30,2,7,,,,,z,1,0.6020575000002282,None,,,,,7,2,30,3,623.2364704159991,,,,,,,,,,,,,,,,623.2265594580022,623.2364704159991,624.2240516250022,624.2240516250022,624.2240516250022,624.2240516250022,624.2314612910013,625.224725291002,625.224725291002,625.8333178329995,z,1,0.6020575000002282,None,AA_200,"001",2025-10-02_12h59.02.579,Motor sequence Learning task_Recent_Experiment_Tutorial 4_Urvashi Bhansali_AU2320139,,2025.2.0,None,2025-10-02 12h59.02.601901 +0530,
150,v,31,3,7,,,,,v,1,0.5479463749979914,None,,,,,7,3,31,1,625.8443955830007,,,,,,,,,,,,,,,,625.8338781660023,625.8443955830007,626.8325306250008,626.8325306250008,626.8325306250008,626.8325306250008,626.8415437910007,627.8317277499991,627.8317277499991,628.3828512910004,v,1,0.5479463749979914,None,AA_200,"001",2025-10-02_12h59.02.579,Motor sequence Learning task_Recent_Experiment_Tutorial 4_Urvashi Bhansali_AU2320139,,2025.2.0,None,2025-10-02 12h59.02.601901 +0530,
50,c,32,0,8,,,,,c,1,0.667576084000757,None,,,,,8,0,32,2,628.3944198749996,,,,,,,,,,,,,,,,628.383406541001,628.3944198749996,629.3743953750018,629.3743953750018,629.3743953750018,629.3743953750018,629.3907248329997,630.382052500001,630.382052500001,631.0594127080003,c,1,0.667576084000757,None,AA_200,"001",2025-10-02_12h59.02.579,Motor sequence Learning task_Recent_Experiment_Tutorial 4_Urvashi Bhansali_AU2320139,,2025.2.0,None,2025-10-02 12h59.02.601901 +0530,
150,v,33,1,8,,,,,v,1,1.5368776670002262,None,,,,,8,1,33,1,631.0698345410019,,,,,,,,,,,,,,,,631.0600650000015,631.0698345410019,632.0577354160014,632.0577354160014,632.0577354160014,632.0577354160014,632.0649989160011,633.0755862080005,633.0755862080005,634.6162399999994,v,1,1.5368776670002262,None,AA_200,"001",2025-10-02_12h59.02.579,Motor sequence Learning task_Recent_Experiment_Tutorial 4_Urvashi Bhansali_AU2320139,,2025.2.0,None,2025-10-02 12h59.02.601901 +0530,
-150,z,34,2,8,,,,,z,1,0.6315677909988153,None,,,,,8,2,34,3,634.6278121249998,,,,,,,,,,,,,,,,634.6167553330015,634.6278121249998,635.6149494580022,635.6149494580022,635.6149494580022,635.6149494580022,635.6253976660009,636.614900083001,636.614900083001,637.2495184159998,z,1,0.6315677909988153,None,AA_200,"001",2025-10-02_12h59.02.579,Motor sequence Learning task_Recent_Experiment_Tutorial 4_Urvashi Bhansali_AU2320139,,2025.2.0,None,2025-10-02 12h59.02.601901 +0530,
-50,x,35,3,8,,,,,c,0,0.5347007910022512,None,,,,,8,3,35,0,637.2610890409997,,,,,,,,,,,,,,,,637.2500294999991,637.2610890409997,638.2487534159991,638.2487534159991,638.2487534159991,638.2487534159991,638.2577057500021,639.2407319580016,639.2407319580016,639.7829009999987,c,0,0.5347007910022512,None,AA_200,"001",2025-10-02_12h59.02.579,Motor sequence Learning task_Recent_Experiment_Tutorial 4_Urvashi Bhansali_AU2320139,,2025.2.0,None,2025-10-02 12h59.02.601901 +0530,
-50,x,36,0,9,,,,,x,1,0.8844497499994759,None,,,,,9,0,36,0,639.7943483749987,,,,,,,,,,,,,,,,639.7834415409998,639.7943483749987,640.7823699580003,640.7823699580003,640.7823699580003,640.7823699580003,640.791715833002,641.7819102499998,641.7819102499998,642.6762969580013,x,1,0.8844497499994759,None,AA_200,"001",2025-10-02_12h59.02.579,Motor sequence Learning task_Recent_Experiment_Tutorial 4_Urvashi Bhansali_AU2320139,,2025.2.0,None,2025-10-02 12h59.02.601901 +0530,
50,c,37,1,9,,,,,c,1,0.9213076249980077,None,,,,,9,1,37,2,642.6874959160014,,,,,,,,,,,,,,,,642.6772569160021,642.6874959160014,643.6743438330013,643.6743438330013,643.6743438330013,643.6743438330013,643.6819446660011,644.6740143329989,644.6740143329989,645.6004997500022,c,1,0.9213076249980077,None,AA_200,"001",2025-10-02_12h59.02.579,Motor sequence Learning task_Recent_Experiment_Tutorial 4_Urvashi Bhansali_AU2320139,,2025.2.0,None,2025-10-02 12h59.02.601901 +0530,
150,v,38,2,9,,,,,v,1,0.7079355000023497,None,,,,,9,2,38,1,645.6120171660004,,,,,,,,,,,,,,,,645.6010456660006,645.6120171660004,646.5991846249999,646.5991846249999,646.5991846249999,646.5991846249999,646.6073408330012,647.5983416660019,647.5983416660019,648.3103517500022,v,1,0.7079355000023497,None,AA_200,"001",2025-10-02_12h59.02.579,Motor sequence Learning task_Recent_Experiment_Tutorial 4_Urvashi Bhansali_AU2320139,,2025.2.0,None,2025-10-02 12h59.02.601901 +0530,
-150,z,39,3,9,,,,,z,1,0.6154303750008694,None,,,,,9,3,39,3,648.3246195409993,,,,,,,,,,,,,,,,648.3109575830022,648.3246195409993,649.3080489579988,649.3080489579988,649.3080489579988,649.3080489579988,649.3155126250022,650.3077982079994,650.3077982079994,650.9271494999994,z,1,0.6154303750008694,None,AA_200,"001",2025-10-02_12h59.02.579,Motor sequence Learning task_Recent_Experiment_Tutorial 4_Urvashi Bhansali_AU2320139,,2025.2.0,None,2025-10-02 12h59.02.601901 +0530,
-50,x,40,0,10,,,,,x,1,0.6263485419985955,None,,,,,10,0,40,0,650.9411658749996,,,,,,,,,,,,,,,,650.9277505409991,650.9411658749996,651.9426507499993,651.9426507499993,651.9426507499993,651.9426507499993,651.9426507499993,652.9247852080007,652.9247852080007,653.5593463330006,x,1,0.6263485419985955,None,AA_200,"001",2025-10-02_12h59.02.579,Motor sequence Learning task_Recent_Experiment_Tutorial 4_Urvashi Bhansali_AU2320139,,2025.2.0,None,2025-10-02 12h59.02.601901 +0530,
50,c,41,1,10,,,,,c,1,0.8168771669988928,None,,,,,10,1,41,2,653.5709795410003,,,,,,,,,,,,,,,,653.559961875002,653.5709795410003,654.5574427499996,654.5574427499996,654.5574427499996,654.5574427499996,654.5647858750017,655.5581500000008,655.5581500000008,656.383238082999,c,1,0.8168771669988928,None,AA_200,"001",2025-10-02_12h59.02.579,Motor sequence Learning task_Recent_Experiment_Tutorial 4_Urvashi Bhansali_AU2320139,,2025.2.0,None,2025-10-02 12h59.02.601901 +0530,
-150,z,42,2,10,,,,,z,1,1.128690708999784,None,,,,,10,2,42,3,656.3946422080007,,,,,,,,,,,,,,,,656.3838230000001,656.3946422080007,657.3825822500003,657.3825822500003,657.3825822500003,657.3825822500003,657.3908044580021,658.3817747079993,658.3817747079993,659.5164597910007,z,1,1.128690708999784,None,AA_200,"001",2025-10-02_12h59.02.579,Motor sequence Learning task_Recent_Experiment_Tutorial 4_Urvashi Bhansali_AU2320139,,2025.2.0,None,2025-10-02 12h59.02.601901 +0530,
150,v,43,3,10,,,,,v,1,2.226989124999818,None,,,,,10,3,43,1,659.527866583001,,,,,,,,,,,,,,,,659.5170125410004,659.527866583001,660.5158943329989,660.5158943329989,660.5158943329989,660.5158943329989,660.5247660829991,661.5077567500011,661.5077567500011,663.7425144160006,v,1,2.226989124999818,None,AA_200,"001",2025-10-02_12h59.02.579,Motor sequence Learning task_Recent_Experiment_Tutorial 4_Urvashi Bhansali_AU2320139,,2025.2.0,None,2025-10-02 12h59.02.601901 +0530,
-150,z,44,0,11,,,,,z,1,0.5880572919995757,None,,,,,11,0,44,3,663.7518057080015,,,,,,,,,,,,,,,,663.7430305410016,663.7518057080015,664.7408568749997,664.7408568749997,664.7408568749997,664.7408568749997,664.7480811249989,665.7411810000012,665.7411810000012,666.3334827910003,z,1,0.5880572919995757,None,AA_200,"001",2025-10-02_12h59.02.579,Motor sequence Learning task_Recent_Experiment_Tutorial 4_Urvashi Bhansali_AU2320139,,2025.2.0,None,2025-10-02 12h59.02.601901 +0530,
50,c,45,1,11,,,,,c,1,0.6759945829981007,None,,,,,11,1,45,2,666.344189083,,,,,,,,,,,,,,,,666.3342395,666.344189083,667.3323985409988,667.3323985409988,667.3323985409988,667.3323985409988,667.3414212909993,668.3322402080012,668.3322402080012,669.0166164580005,c,1,0.6759945829981007,None,AA_200,"001",2025-10-02_12h59.02.579,Motor sequence Learning task_Recent_Experiment_Tutorial 4_Urvashi Bhansali_AU2320139,,2025.2.0,None,2025-10-02 12h59.02.601901 +0530,
-50,x,46,2,11,,,,,x,1,0.8556237500015413,None,,,,,11,2,46,0,669.0273672910007,,,,,,,,,,,,,,,,669.0173785830011,669.0273672910007,670.0150696250021,670.0150696250021,670.0150696250021,670.0150696250021,670.0242004579995,671.0155746660021,671.0155746660021,671.8760489580018,x,1,0.8556237500015413,None,AA_200,"001",2025-10-02_12h59.02.579,Motor sequence Learning task_Recent_Experiment_Tutorial 4_Urvashi Bhansali_AU2320139,,2025.2.0,None,2025-10-02 12h59.02.601901 +0530,
150,v,47,3,11,,,,,v,1,0.3396398330005468,None,,,,,11,3,47,1,671.8866194580005,,,,,,,,,,,,,,,,671.8767982909994,671.8866194580005,672.8744726250006,672.8744726250006,672.8744726250006,672.8744726250006,672.8815966660004,673.8745175000004,673.8745175000004,674.2169484160004,v,1,0.3396398330005468,None,AA_200,"001",2025-10-02_12h59.02.579,Motor sequence Learning task_Recent_Experiment_Tutorial 4_Urvashi Bhansali_AU2320139,,2025.2.0,None,2025-10-02 12h59.02.601901 +0530,
150,v,48,0,12,,,,,v,1,0.7229149579980003,None,,,,,12,0,48,1,674.2279244160018,,,,,,,,,,,,,,,,674.217488708,674.2279244160018,675.2151152080005,675.2151152080005,675.2151152080005,675.2151152080005,675.2242042079997,676.2151107909995,676.2151107909995,676.9424896660021,v,1,0.7229149579980003,None,AA_200,"001",2025-10-02_12h59.02.579,Motor sequence Learning task_Recent_Experiment_Tutorial 4_Urvashi Bhansali_AU2320139,,2025.2.0,None,2025-10-02 12h59.02.601901 +0530,
-150,z,49,1,12,,,,,z,1,0.589378458000283,None,,,,,12,1,49,3,676.952875291001,,,,,,,,,,,,,,,,676.9430831249992,676.952875291001,677.9326690830021,677.9326690830021,677.9326690830021,677.9326690830021,677.9756037080006,678.9406367910015,678.9406367910015,679.5333327080007,z,1,0.589378458000283,None,AA_200,"001",2025-10-02_12h59.02.579,Motor sequence Learning task_Recent_Experiment_Tutorial 4_Urvashi Bhansali_AU2320139,,2025.2.0,None,2025-10-02 12h59.02.601901 +0530,
50,c,50,2,12,,,,,c,1,0.5940547909995075,None,,,,,12,2,50,2,679.5441725000019,,,,,,,,,,,,,,,,679.5340726249997,679.5441725000019,680.5335923330022,680.5335923330022,680.5335923330022,680.5335923330022,680.5437295830016,681.5319246660001,681.5319246660001,682.1328618750013,c,1,0.5940547909995075,None,AA_200,"001",2025-10-02_12h59.02.579,Motor sequence Learning task_Recent_Experiment_Tutorial 4_Urvashi Bhansali_AU2320139,,2025.2.0,None,2025-10-02 12h59.02.601901 +0530,
-50,x,51,3,12,,,,,x,1,0.52079191699886,None,,,,,12,3,51,0,682.1440683330002,,,,,,,,,,,,,,,,682.1334179160003,682.1440683330002,683.1317851249987,683.1317851249987,683.1317851249987,683.1317851249987,683.1412615410009,684.1320190000006,684.1320190000006,684.659135291,x,1,0.52079191699886,None,AA_200,"001",2025-10-02_12h59.02.579,Motor sequence Learning task_Recent_Experiment_Tutorial 4_Urvashi Bhansali_AU2320139,,2025.2.0,None,2025-10-02 12h59.02.601901 +0530,
150,v,52,0,13,,,,,v,1,0.7096291250018112,None,,,,,13,0,52,1,684.6695423749989,,,,,,,,,,,,,,,,684.659846333001,684.6695423749989,685.6580077079998,685.6580077079998,685.6580077079998,685.6580077079998,685.6651537500002,686.6490857909994,686.6490857909994,687.3665072910007,v,1,0.7096291250018112,None,AA_200,"001",2025-10-02_12h59.02.579,Motor sequence Learning task_Recent_Experiment_Tutorial 4_Urvashi Bhansali_AU2320139,,2025.2.0,None,2025-10-02 12h59.02.601901 +0530,
-50,x,53,1,13,,,,,x,1,0.9228277919974062,None,,,,,13,1,53,0,687.3772617079994,,,,,,,,,,,,,,,,687.3670286660017,687.3772617079994,688.3651709580008,688.3651709580008,688.3651709580008,688.3651709580008,688.3739822909993,689.3658449579998,689.3658449579998,690.2924819159998,x,1,0.9228277919974062,None,AA_200,"001",2025-10-02_12h59.02.579,Motor sequence Learning task_Recent_Experiment_Tutorial 4_Urvashi Bhansali_AU2320139,,2025.2.0,None,2025-10-02 12h59.02.601901 +0530,
50,c,54,2,13,,,,,c,1,0.6830192089983029,None,,,,,13,2,54,2,690.3025401660016,,,,,,,,,,,,,,,,690.2931582499987,690.3025401660016,691.2911144999998,691.2911144999998,691.2911144999998,691.2911144999998,691.2982431660021,692.2905934580012,692.2905934580012,692.9754543330018,c,1,0.6830192089983029,None,AA_200,"001",2025-10-02_12h59.02.579,Motor sequence Learning task_Recent_Experiment_Tutorial 4_Urvashi Bhansali_AU2320139,,2025.2.0,None,2025-10-02 12h59.02.601901 +0530,
-150,z,55,3,13,,,,,z,1,0.6545569999980216,None,,,,,13,3,55,3,692.9858937499994,,,,,,,,,,,,,,,,692.9758831250001,692.9858937499994,693.9740167910022,693.9740167910022,693.9740167910022,693.9740167910022,693.9816795000006,694.9739773330002,694.9739773330002,695.6329497080005,z,1,0.6545569999980216,None,AA_200,"001",2025-10-02_12h59.02.579,Motor sequence Learning task_Recent_Experiment_Tutorial 4_Urvashi Bhansali_AU2320139,,2025.2.0,None,2025-10-02 12h59.02.601901 +0530,
-150,z,56,0,14,,,,,z,1,0.6297650409978814,None,,,,,14,0,56,3,695.6450257910001,,,,,,,,,,,,,,,,695.6335245000009,695.6450257910001,696.6317311250023,696.6317311250023,696.6317311250023,696.6317311250023,696.6407519579989,697.6318336250006,697.6318336250006,698.2660327500016,z,1,0.6297650409978814,None,AA_200,"001",2025-10-02_12h59.02.579,Motor sequence Learning task_Recent_Experiment_Tutorial 4_Urvashi Bhansali_AU2320139,,2025.2.0,None,2025-10-02 12h59.02.601901 +0530,
-50,x,57,1,14,,,,,x,1,0.9184795409964863,None,,,,,14,1,57,0,698.2776806660004,,,,,,,,,,,,,,,,698.2666089580016,698.2776806660004,699.265057790999,699.265057790999,699.265057790999,699.265057790999,699.2741500830016,700.2660672909988,700.2660672909988,701.1926366250009,x,1,0.9184795409964863,None,AA_200,"001",2025-10-02_12h59.02.579,Motor sequence Learning task_Recent_Experiment_Tutorial 4_Urvashi Bhansali_AU2320139,,2025.2.0,None,2025-10-02 12h59.02.601901 +0530,
50,c,58,2,14,,,,,c,1,0.7750204590010981,None,,,,,14,2,58,2,701.2046612910017,,,,,,,,,,,,,,,,701.1933521659994,701.2046612910017,702.1906417909995,702.1906417909995,702.1906417909995,702.1906417909995,702.1980255830022,703.1905902500002,703.1905902500002,703.9760319580018,c,1,0.7750204590010981,None,AA_200,"001",2025-10-02_12h59.02.579,Motor sequence Learning task_Recent_Experiment_Tutorial 4_Urvashi Bhansali_AU2320139,,2025.2.0,None,2025-10-02 12h59.02.601901 +0530,
150,v,59,3,14,,,,,v,1,0.5684684999978344,None,,,,,14,3,59,1,703.9875759160022,,,,,,,,,,,,,,,,703.976659041,703.9875759160022,704.973924124999,704.973924124999,704.973924124999,704.973924124999,704.9812471250007,705.973857625002,705.973857625002,706.5494849999995,v,1,0.5684684999978344,None,AA_200,"001",2025-10-02_12h59.02.579,Motor sequence Learning task_Recent_Experiment_Tutorial 4_Urvashi Bhansali_AU2320139,,2025.2.0,None,2025-10-02 12h59.02.601901 +0530,
-150,z,60,0,15,,,,,z,1,0.5397457079998276,None,,,,,15,0,60,3,706.5613118330002,,,,,,,,,,,,,,,,706.5500361660015,706.5613118330002,707.5498804999988,707.5498804999988,707.5498804999988,707.5498804999988,707.5757077910021,708.5476135829995,708.5476135829995,709.092246958,z,1,0.5397457079998276,None,AA_200,"001",2025-10-02_12h59.02.579,Motor sequence Learning task_Recent_Experiment_Tutorial 4_Urvashi Bhansali_AU2320139,,2025.2.0,None,2025-10-02 12h59.02.601901 +0530,
50,c,61,1,15,,,,,c,1,0.6562063329984085,None,,,,,15,1,61,2,709.1038935409997,,,,,,,,,,,,,,,,709.0928615830016,709.1038935409997,710.0906420829997,710.0906420829997,710.0906420829997,710.0906420829997,710.0978969999996,711.0819903330012,711.0819903330012,711.7443472500017,c,1,0.6562063329984085,None,AA_200,"001",2025-10-02_12h59.02.579,Motor sequence Learning task_Recent_Experiment_Tutorial 4_Urvashi Bhansali_AU2320139,,2025.2.0,None,2025-10-02 12h59.02.601901 +0530,
150,v,62,2,15,,,,,v,1,0.8532957919996988,None,,,,,15,2,62,1,711.7571240830002,,,,,,,,,,,,,,,,711.7456144579992,711.7571240830002,712.7403604579995,712.7403604579995,712.7403604579995,712.7403604579995,712.7467182500004,713.740817291,713.740817291,714.5995933330014,v,1,0.8532957919996988,None,AA_200,"001",2025-10-02_12h59.02.579,Motor sequence Learning task_Recent_Experiment_Tutorial 4_Urvashi Bhansali_AU2320139,,2025.2.0,None,2025-10-02 12h59.02.601901 +0530,
-50,x,63,3,15,,,,,x,1,0.48718004200054565,None,,,,,15,3,63,0,714.6117565410023,,,,,,,,,,,,,,,,714.6001875000002,714.6117565410023,715.5986232079995,715.5986232079995,715.5986232079995,715.5986232079995,715.6075166660012,716.5989417080018,716.5989417080018,717.0915869160017,x,1,0.48718004200054565,None,AA_200,"001",2025-10-02_12h59.02.579,Motor sequence Learning task_Recent_Experiment_Tutorial 4_Urvashi Bhansali_AU2320139,,2025.2.0,None,2025-10-02 12h59.02.601901 +0530,
-50,x,64,0,16,,,,,x,1,0.769937334000133,None,,,,,16,0,64,0,717.0973612080015,,,,,,,,,,,,,,,,717.0918204160007,717.0973612080015,718.0904452079994,718.0904452079994,718.0904452079994,718.0904452079994,718.0904452079994,719.0816767910001,719.0816767910001,719.8591545830022,x,1,0.769937334000133,None,AA_200,"001",2025-10-02_12h59.02.579,Motor sequence Learning task_Recent_Experiment_Tutorial 4_Urvashi Bhansali_AU2320139,,2025.2.0,None,2025-10-02 12h59.02.601901 +0530,
50,c,65,1,16,,,,,c,1,0.6146630000002915,None,,,,,16,1,65,2,719.8700241250008,,,,,,,,,,,,,,,,719.859658207999,719.8700241250008,720.8480572080007,720.8480572080007,720.8480572080007,720.8480572080007,720.8647109580015,721.8572910000003,721.8572910000003,722.4760504160004,c,1,0.6146630000002915,None,AA_200,"001",2025-10-02_12h59.02.579,Motor sequence Learning task_Recent_Experiment_Tutorial 4_Urvashi Bhansali_AU2320139,,2025.2.0,None,2025-10-02 12h59.02.601901 +0530,
150,v,66,2,16,,,,,v,1,0.6079124999996566,None,,,,,16,2,66,1,722.4877782080002,,,,,,,,,,,,,,,,722.4766586660007,722.4877782080002,723.4746916660006,723.4746916660006,723.4746916660006,723.4746916660006,723.4815532909997,724.4740115000022,724.4740115000022,725.0921753330003,v,1,0.6079124999996566,None,AA_200,"001",2025-10-02_12h59.02.579,Motor sequence Learning task_Recent_Experiment_Tutorial 4_Urvashi Bhansali_AU2320139,,2025.2.0,None,2025-10-02 12h59.02.601901 +0530,
-150,z,67,3,16,,,,,z,1,0.9202049589985108,None,,,,,16,3,67,3,725.1035608330021,,,,,,,,,,,,,,,,725.0927272080007,725.1035608330021,726.0828653749995,726.0828653749995,726.0828653749995,726.0828653749995,726.1255868750013,727.0906506659994,727.0906506659994,728.0168115000015,z,1,0.9202049589985108,None,AA_200,"001",2025-10-02_12h59.02.579,Motor sequence Learning task_Recent_Experiment_Tutorial 4_Urvashi Bhansali_AU2320139,,2025.2.0,None,2025-10-02 12h59.02.601901 +0530,
150,v,68,0,17,,,,,v,1,0.8135777079987747,None,,,,,17,0,68,1,728.0282528749995,,,,,,,,,,,,,,,,728.017394333001,728.0282528749995,729.0153918750002,729.0153918750002,729.0153918750002,729.0153918750002,729.0241207500003,730.0151620830002,730.0151620830002,730.833282333002,v,1,0.8135777079987747,None,AA_200,"001",2025-10-02_12h59.02.579,Motor sequence Learning task_Recent_Experiment_Tutorial 4_Urvashi Bhansali_AU2320139,,2025.2.0,None,2025-10-02 12h59.02.601901 +0530,
-150,z,69,1,17,,,,,z,1,0.6291484590001346,None,,,,,17,1,69,3,730.8449570830016,,,,,,,,,,,,,,,,730.8338386659998,730.8449570830016,731.8317055000007,731.8317055000007,731.8317055000007,731.8317055000007,731.8407651250018,732.8316221659989,732.8316221659989,733.4667305000003,z,1,0.6291484590001346,None,AA_200,"001",2025-10-02_12h59.02.579,Motor sequence Learning task_Recent_Experiment_Tutorial 4_Urvashi Bhansali_AU2320139,,2025.2.0,None,2025-10-02 12h59.02.601901 +0530,
50,c,70,2,17,,,,,c,1,0.7269254169987107,None,,,,,17,2,70,2,733.478273875,,,,,,,,,,,,,,,,733.4673278750015,733.478273875,734.4656163330001,734.4656163330001,734.4656163330001,734.4656163330001,734.4742722080009,735.4658385410003,735.4658385410003,736.1996494160012,c,1,0.7269254169987107,None,AA_200,"001",2025-10-02_12h59.02.579,Motor sequence Learning task_Recent_Experiment_Tutorial 4_Urvashi Bhansali_AU2320139,,2025.2.0,None,2025-10-02 12h59.02.601901 +0530,
-50,x,71,3,17,,,,,x,1,0.4594963750023453,None,,,,,17,3,71,0,736.2114385410023,,,,,,,,,,,,,,,,736.2002683749997,736.2114385410023,737.1984115830019,737.1984115830019,737.1984115830019,737.1984115830019,737.2075401250004,738.1980392080004,738.1980392080004,738.6707111249998,x,1,0.4594963750023453,None,AA_200,"001",2025-10-02_12h59.02.579,Motor sequence Learning task_Recent_Experiment_Tutorial 4_Urvashi Bhansali_AU2320139,,2025.2.0,None,2025-10-02 12h59.02.601901 +0530,
-150,z,72,0,18,,,,,z,1,0.8806853749993024,None,,,,,18,0,72,3,738.6779139999999,,,,,,,,,,,,,,,,738.671238875002,738.6779139999999,739.6653102080018,739.6653102080018,739.6653102080018,739.6653102080018,739.6739014580016,740.6652678329992,740.6652678329992,741.5516270000007,z,1,0.8806853749993024,None,AA_200,"001",2025-10-02_12h59.02.579,Motor sequence Learning task_Recent_Experiment_Tutorial 4_Urvashi Bhansali_AU2320139,,2025.2.0,None,2025-10-02 12h59.02.601901 +0530,
150,v,73,1,18,,,,,v,1,0.5507268750006915,None,,,,,18,1,73,1,741.5622033750005,,,,,,,,,,,,,,,,741.5521693750015,741.5622033750005,742.5486528750007,742.5486528750007,742.5486528750007,742.5486528750007,742.5571767500005,743.5487164160004,743.5487164160004,744.1092610000014,v,1,0.5507268750006915,None,AA_200,"001",2025-10-02_12h59.02.579,Motor sequence Learning task_Recent_Experiment_Tutorial 4_Urvashi Bhansali_AU2320139,,2025.2.0,None,2025-10-02 12h59.02.601901 +0530,
50,c,74,2,18,,,,,c,1,0.29639941699861083,None,,,,,18,2,74,2,744.1210304160013,,,,,,,,,,,,,,,,744.109902958,744.1210304160013,745.1071197080018,745.1071197080018,745.1071197080018,745.1071197080018,745.1145245000007,746.1071222499995,746.1071222499995,746.4091999580014,c,1,0.29639941699861083,None,AA_200,"001",2025-10-02_12h59.02.579,Motor sequence Learning task_Recent_Experiment_Tutorial 4_Urvashi Bhansali_AU2320139,,2025.2.0,None,2025-10-02 12h59.02.601901 +0530,
-50,x,75,3,18,,,,,x,1,0.36808129199926043,None,,,,,18,3,75,0,746.4211159160004,,,,,,,,,,,,,,,,746.4098701250005,746.4211159160004,747.4071372910003,747.4071372910003,747.4071372910003,747.4071372910003,747.4151501250017,748.4072474160021,748.4072474160021,748.7830661250009,x,1,0.36808129199926043,None,AA_200,"001",2025-10-02_12h59.02.579,Motor sequence Learning task_Recent_Experiment_Tutorial 4_Urvashi Bhansali_AU2320139,,2025.2.0,None,2025-10-02 12h59.02.601901 +0530,
150,v,76,0,19,,,,,v,1,0.762632959002076,None,,,,,19,0,76,1,748.7946146249997,,,,,,,,,,,,,,,,748.7836759160018,748.7946146249997,749.781843875,749.781843875,749.781843875,749.781843875,749.7904972910001,750.7817250830012,750.7817250830012,751.5500685410007,v,1,0.762632959002076,None,AA_200,"001",2025-10-02_12h59.02.579,Motor sequence Learning task_Recent_Experiment_Tutorial 4_Urvashi Bhansali_AU2320139,,2025.2.0,None,2025-10-02 12h59.02.601901 +0530,
-50,x,77,1,19,,,,,x,1,0.8761237500002608,None,,,,,19,1,77,0,751.5615391659994,,,,,,,,,,,,,,,,751.5506267910023,751.5615391659994,752.5479431249987,752.5479431249987,752.5479431249987,752.5479431249987,752.5573586249993,753.549056625001,753.549056625001,754.433035500002,x,1,0.8761237500002608,None,AA_200,"001",2025-10-02_12h59.02.579,Motor sequence Learning task_Recent_Experiment_Tutorial 4_Urvashi Bhansali_AU2320139,,2025.2.0,None,2025-10-02 12h59.02.601901 +0530,
-150,z,78,2,19,,,,,z,1,0.5251879169991298,None,,,,,19,2,78,3,754.444751125,,,,,,,,,,,,,,,,754.4336295829999,754.444751125,755.4324110410016,755.4324110410016,755.4324110410016,755.4324110410016,755.4587698329997,756.4320259580018,756.4320259580018,756.9586804579994,z,1,0.5251879169991298,None,AA_200,"001",2025-10-02_12h59.02.579,Motor sequence Learning task_Recent_Experiment_Tutorial 4_Urvashi Bhansali_AU2320139,,2025.2.0,None,2025-10-02 12h59.02.601901 +0530,
50,c,79,3,19,,,,,c,1,0.5858117499992659,None,,,,,19,3,79,2,756.9701720000012,,,,,,,,,,,,,,,,756.9592012079993,756.9701720000012,757.9572922910011,757.9572922910011,757.9572922910011,757.9572922910011,757.964647290999,758.9573437500003,758.9573437500003,759.5492185830008,c,1,0.5858117499992659,None,AA_200,"001",2025-10-02_12h59.02.579,Motor sequence Learning task_Recent_Experiment_Tutorial 4_Urvashi Bhansali_AU2320139,,2025.2.0,None,2025-10-02 12h59.02.601901 +0530,
-150,z,80,0,20,,,,,z,1,0.6015245409980707,None,,,,,20,0,80,3,759.560504041001,,,,,,,,,,,,,,,,759.5498201660012,759.560504041001,760.5486028330015,760.5486028330015,760.5486028330015,760.5486028330015,760.5574569160017,761.5405217080006,761.5405217080006,762.1495136250014,z,1,0.6015245409980707,None,AA_200,"001",2025-10-02_12h59.02.579,Motor sequence Learning task_Recent_Experiment_Tutorial 4_Urvashi Bhansali_AU2320139,,2025.2.0,None,2025-10-02 12h59.02.601901 +0530,
-50,x,81,1,20,,,,,x,1,0.7929490829992574,None,,,,,20,1,81,0,762.1610497080001,,,,,,,,,,,,,,,,762.1500938329991,762.1610497080001,763.1494517079991,763.1494517079991,763.1494517079991,763.1494517079991,763.1752605410002,764.148078041002,764.148078041002,764.949988458,x,1,0.7929490829992574,None,AA_200,"001",2025-10-02_12h59.02.579,Motor sequence Learning task_Recent_Experiment_Tutorial 4_Urvashi Bhansali_AU2320139,,2025.2.0,None,2025-10-02 12h59.02.601901 +0530,
150,v,82,2,20,,,,,v,1,0.5433064579992788,None,,,,,20,2,82,1,764.9613264159998,,,,,,,,,,,,,,,,764.9505451660007,764.9613264159998,765.9485289580007,765.9485289580007,765.9485289580007,765.9485289580007,765.9573922500022,766.9486377499998,766.9486377499998,767.4995108330004,v,1,0.5433064579992788,None,AA_200,"001",2025-10-02_12h59.02.579,Motor sequence Learning task_Recent_Experiment_Tutorial 4_Urvashi Bhansali_AU2320139,,2025.2.0,None,2025-10-02 12h59.02.601901 +0530,
50,c,83,3,20,,,,,c,1,0.5146600000007311,None,,,,,20,3,83,2,767.5107998749991,,,,,,,,,,,,,,,,767.5000982499987,767.5107998749991,768.498390875,768.498390875,768.498390875,768.498390875,768.5074124579987,769.4982418750005,769.4982418750005,770.0159282080022,c,1,0.5146600000007311,None,AA_200,"001",2025-10-02_12h59.02.579,Motor sequence Learning task_Recent_Experiment_Tutorial 4_Urvashi Bhansali_AU2320139,,2025.2.0,None,2025-10-02 12h59.02.601901 +0530,
-150,z,84,0,21,,,,,z,1,0.6244224580004811,None,,,,,21,0,84,3,770.0279640830013,,,,,,,,,,,,,,,,770.0164750000004,770.0279640830013,771.0151766250019,771.0151766250019,771.0151766250019,771.0151766250019,771.024278249999,772.0072444580001,772.0072444580001,772.6330000410017,z,1,0.6244224580004811,None,AA_200,"001",2025-10-02_12h59.02.579,Motor sequence Learning task_Recent_Experiment_Tutorial 4_Urvashi Bhansali_AU2320139,,2025.2.0,None,2025-10-02 12h59.02.601901 +0530,
-50,x,85,1,21,,,,,x,1,0.8753935419990739,None,,,,,21,1,85,0,772.6449122500017,,,,,,,,,,,,,,,,772.6335829999989,772.6449122500017,773.6320617909987,773.6320617909987,773.6320617909987,773.6320617909987,773.6407509160017,774.6314008750014,774.6314008750014,775.5088045410012,x,1,0.8753935419990739,None,AA_200,"001",2025-10-02_12h59.02.579,Motor sequence Learning task_Recent_Experiment_Tutorial 4_Urvashi Bhansali_AU2320139,,2025.2.0,None,2025-10-02 12h59.02.601901 +0530,
50,c,86,2,21,,,,,c,1,0.7017329579975922,None,,,,,21,2,86,2,775.520431625002,,,,,,,,,,,,,,,,775.5093285000003,775.520431625002,776.5262256249989,776.5262256249989,776.5262256249989,776.5262256249989,776.5262256249989,777.498879791001,777.498879791001,778.2098392080006,c,1,0.7017329579975922,None,AA_200,"001",2025-10-02_12h59.02.579,Motor sequence Learning task_Recent_Experiment_Tutorial 4_Urvashi Bhansali_AU2320139,,2025.2.0,None,2025-10-02 12h59.02.601901 +0530,
150,v,87,3,21,,,,,v,1,0.5480980000029376,None,,,,,21,3,87,1,778.2214449160019,,,,,,,,,,,,,,,,778.2105850000007,778.2214449160019,779.2074187910002,779.2074187910002,779.2074187910002,779.2074187910002,779.2149302910002,780.2255031249988,780.2255031249988,780.775474500002,v,1,0.5480980000029376,None,AA_200,"001",2025-10-02_12h59.02.579,Motor sequence Learning task_Recent_Experiment_Tutorial 4_Urvashi Bhansali_AU2320139,,2025.2.0,None,2025-10-02 12h59.02.601901 +0530,
-150,z,88,0,22,,,,,z,1,0.5013996669986227,None,,,,,22,0,88,3,780.7868377500017,,,,,,,,,,,,,,,,780.7760601250011,780.7868377500017,781.7756612080011,781.7756612080011,781.7756612080011,781.7756612080011,781.7829022080005,782.7741246660007,782.7741246660007,783.282435000001,z,1,0.5013996669986227,None,AA_200,"001",2025-10-02_12h59.02.579,Motor sequence Learning task_Recent_Experiment_Tutorial 4_Urvashi Bhansali_AU2320139,,2025.2.0,None,2025-10-02 12h59.02.601901 +0530,
50,c,89,1,22,,,,,c,1,0.46323520800069673,None,,,,,22,1,89,2,783.3084157080011,,,,,,,,,,,,,,,,783.2829560409991,783.3084157080011,784.2737379159989,784.2737379159989,784.2737379159989,784.2737379159989,784.3073063750016,785.2822018750012,785.2822018750012,785.7491243330005,c,1,0.46323520800069673,None,AA_200,"001",2025-10-02_12h59.02.579,Motor sequence Learning task_Recent_Experiment_Tutorial 4_Urvashi Bhansali_AU2320139,,2025.2.0,None,2025-10-02 12h59.02.601901 +0530,
-50,x,90,2,22,,,,,x,1,0.7952416250009264,None,,,,,22,2,90,0,785.7576392080009,,,,,,,,,,,,,,,,785.7496018330021,785.7576392080009,786.7406459160011,786.7406459160011,786.7406459160011,786.7406459160011,786.7482103330003,787.7412910829989,787.7412910829989,788.5434874999992,x,1,0.7952416250009264,None,AA_200,"001",2025-10-02_12h59.02.579,Motor sequence Learning task_Recent_Experiment_Tutorial 4_Urvashi Bhansali_AU2320139,,2025.2.0,None,2025-10-02 12h59.02.601901 +0530,
150,v,91,3,22,,,,,v,1,0.4679938340013905,None,,,,,22,3,91,1,788.5573329580002,,,,,,,,,,,,,,,,788.5440729580005,788.5573329580002,789.5405445830002,789.5405445830002,789.5405445830002,789.5405445830002,789.5477807079988,790.5404312499995,790.5404312499995,791.0102649159999,v,1,0.4679938340013905,None,AA_200,"001",2025-10-02_12h59.02.579,Motor sequence Learning task_Recent_Experiment_Tutorial 4_Urvashi Bhansali_AU2320139,,2025.2.0,None,2025-10-02 12h59.02.601901 +0530,
150,v,92,0,23,,,,,v,1,0.6292467079983908,None,,,,,23,0,92,1,791.0222000829999,,,,,,,,,,,,,,,,791.011100415999,791.0222000829999,792.0070661659993,792.0070661659993,792.0070661659993,792.0070661659993,792.0144369160007,793.0070833329992,793.0070833329992,793.6421716250006,v,1,0.6292467079983908,None,AA_200,"001",2025-10-02_12h59.02.579,Motor sequence Learning task_Recent_Experiment_Tutorial 4_Urvashi Bhansali_AU2320139,,2025.2.0,None,2025-10-02 12h59.02.601901 +0530,
50,c,93,1,23,,,,,c,1,0.43894587500108173,None,,,,,23,1,93,2,793.6535494580021,,,,,,,,,,,,,,,,793.6427334159998,793.6535494580021,794.6403882080012,794.6403882080012,794.6403882080012,794.6403882080012,794.647687916,795.6403829580013,795.6403829580013,796.0824224159987,c,1,0.43894587500108173,None,AA_200,"001",2025-10-02_12h59.02.579,Motor sequence Learning task_Recent_Experiment_Tutorial 4_Urvashi Bhansali_AU2320139,,2025.2.0,None,2025-10-02 12h59.02.601901 +0530,
-150,z,94,2,23,,,,,z,1,0.5098973749991274,None,,,,,23,2,94,3,796.0948459579995,,,,,,,,,,,,,,,,796.0829744160001,796.0948459579995,797.0737765000013,797.0737765000013,797.0737765000013,797.0737765000013,797.0906335,798.0812613750022,798.0812613750022,798.5996982500001,z,1,0.5098973749991274,None,AA_200,"001",2025-10-02_12h59.02.579,Motor sequence Learning task_Recent_Experiment_Tutorial 4_Urvashi Bhansali_AU2320139,,2025.2.0,None,2025-10-02 12h59.02.601901 +0530,
-50,x,95,3,23,,,,,x,1,0.41961370799981523,None,,,,,23,3,95,0,798.6109717079999,,,,,,,,,,,,,,,,798.6002311250013,798.6109717079999,799.5986209160001,799.5986209160001,799.5986209160001,799.5986209160001,799.607269958,800.598475625,800.598475625,801.0255282079997,x,1,0.41961370799981523,None,AA_200,"001",2025-10-02_12h59.02.579,Motor sequence Learning task_Recent_Experiment_Tutorial 4_Urvashi Bhansali_AU2320139,,2025.2.0,None,2025-10-02 12h59.02.601901 +0530,
-50,x,96,0,24,,,,,x,1,0.6353650000019115,None,,,,,24,0,96,0,801.0371439580013,,,,,,,,,,,,,,,,801.0260716250014,801.0371439580013,802.0239173750015,802.0239173750015,802.0239173750015,802.0239173750015,802.0312127500001,803.0237206660022,803.0237206660022,803.6662952080005,x,1,0.6353650000019115,None,AA_200,"001",2025-10-02_12h59.02.579,Motor sequence Learning task_Recent_Experiment_Tutorial 4_Urvashi Bhansali_AU2320139,,2025.2.0,None,2025-10-02 12h59.02.601901 +0530,
50,c,97,1,24,,,,,c,1,1.0172475420004048,None,,,,,24,1,97,2,803.6776152909988,,,,,,,,,,,,,,,,803.666867666001,803.6776152909988,804.6649714160012,804.6649714160012,804.6649714160012,804.6649714160012,804.6743167080022,805.6647643750002,805.6647643750002,806.6920838750011,c,1,1.0172475420004048,None,AA_200,"001",2025-10-02_12h59.02.579,Motor sequence Learning task_Recent_Experiment_Tutorial 4_Urvashi Bhansali_AU2320139,,2025.2.0,None,2025-10-02 12h59.02.601901 +0530,
150,v,98,2,24,,,,,v,1,0.6725397909976891,None,,,,,24,2,98,1,806.7033953749997,,,,,,,,,,,,,,,,806.6926349160021,806.7033953749997,807.6904358749998,807.6904358749998,807.6904358749998,807.6904358749998,807.6977866250018,808.6904296659995,808.6904296659995,809.3657271660013,v,1,0.6725397909976891,None,AA_200,"001",2025-10-02_12h59.02.579,Motor sequence Learning task_Recent_Experiment_Tutorial 4_Urvashi Bhansali_AU2320139,,2025.2.0,None,2025-10-02 12h59.02.601901 +0530,
-150,z,99,3,24,,,,,z,1,0.5975810420022754,None,,,,,24,3,99,3,809.3780062500009,,,,,,,,,,,,,,,,809.3662554160001,809.3780062500009,810.3655371659988,810.3655371659988,810.3655371659988,810.3655371659988,810.374506250002,811.3753551250011,811.3753551250011,811.9753175000005,z,1,0.5975810420022754,None,AA_200,"001",2025-10-02_12h59.02.579,Motor sequence Learning task_Recent_Experiment_Tutorial 4_Urvashi Bhansali_AU2320139,,2025.2.0,None,2025-10-02 12h59.02.601901 +0530,
-150,z,100,0,25,,,,,z,1,0.4998898330013617,None,,,,,25,0,100,3,811.9868185830019,,,,,,,,,,,,,,,,811.9758782909994,811.9868185830019,812.9738951660001,812.9738951660001,812.9738951660001,812.9738951660001,812.9815186660016,813.9738460830013,813.9738460830013,814.4753347500009,z,1,0.4998898330013617,None,AA_200,"001",2025-10-02_12h59.02.579,Motor sequence Learning task_Recent_Experiment_Tutorial 4_Urvashi Bhansali_AU2320139,,2025.2.0,None,2025-10-02 12h59.02.601901 +0530,
-50,x,101,1,25,,,,,x,1,0.48603441700106487,None,,,,,25,1,101,0,814.4869645830004,,,,,,,,,,,,,,,,814.476066457999,814.4869645830004,815.4737294580009,815.4737294580009,815.4737294580009,815.4737294580009,815.4812432079998,816.4737832079991,816.4737832079991,816.9662781660008,x,1,0.48603441700106487,None,AA_200,"001",2025-10-02_12h59.02.579,Motor sequence Learning task_Recent_Experiment_Tutorial 4_Urvashi Bhansali_AU2320139,,2025.2.0,None,2025-10-02 12h59.02.601901 +0530,
50,c,102,2,25,,,,,c,1,0.6504576669976814,None,,,,,25,2,102,2,816.9780668749991,,,,,,,,,,,,,,,,816.9669842910007,816.9780668749991,817.9649917079987,817.9649917079987,817.9649917079987,817.9649917079987,817.9739804160017,818.9571562080018,818.9571562080018,819.6164401249989,c,1,0.6504576669976814,None,AA_200,"001",2025-10-02_12h59.02.579,Motor sequence Learning task_Recent_Experiment_Tutorial 4_Urvashi Bhansali_AU2320139,,2025.2.0,None,2025-10-02 12h59.02.601901 +0530,
150,v,103,3,25,,,,,v,1,0.7043037920011557,None,,,,,25,3,103,1,819.6288300000015,,,,,,,,,,,,,,,,819.6172499579989,819.6288300000015,820.6151997080015,820.6151997080015,820.6151997080015,820.6151997080015,820.6238006249987,821.6153472500009,821.6153472500009,822.3253163750014,v,1,0.7043037920011557,None,AA_200,"001",2025-10-02_12h59.02.579,Motor sequence Learning task_Recent_Experiment_Tutorial 4_Urvashi Bhansali_AU2320139,,2025.2.0,None,2025-10-02 12h59.02.601901 +0530,
150,v,104,0,26,,,,,v,1,0.6536122910001723,None,,,,,26,0,104,1,822.3366863330011,,,,,,,,,,,,,,,,822.3258559160022,822.3366863330011,823.3238147500015,823.3238147500015,823.3238147500015,823.3238147500015,823.3315480000019,824.3239368750001,824.3239368750001,824.9826909580006,v,1,0.6536122910001723,None,AA_200,"001",2025-10-02_12h59.02.579,Motor sequence Learning task_Recent_Experiment_Tutorial 4_Urvashi Bhansali_AU2320139,,2025.2.0,None,2025-10-02 12h59.02.601901 +0530,
-150,z,105,1,26,,,,,z,1,0.692531874999986,None,,,,,26,1,105,3,824.994468500001,,,,,,,,,,,,,,,,824.9832485830011,824.994468500001,825.9814643749996,825.9814643749996,825.9814643749996,825.9814643749996,825.9906132079996,826.9819656660002,826.9819656660002,827.6825290410015,z,1,0.692531874999986,None,AA_200,"001",2025-10-02_12h59.02.579,Motor sequence Learning task_Recent_Experiment_Tutorial 4_Urvashi Bhansali_AU2320139,,2025.2.0,None,2025-10-02 12h59.02.601901 +0530,
-50,x,106,2,26,,,,,x,1,0.6289331250009127,None,,,,,26,2,106,0,827.6938324160001,,,,,,,,,,,,,,,,827.6830848749996,827.6938324160001,828.6816439579998,828.6816439579998,828.6816439579998,828.6816439579998,828.6904183750012,829.6745765000014,829.6745765000014,830.3085136250011,x,1,0.6289331250009127,None,AA_200,"001",2025-10-02_12h59.02.579,Motor sequence Learning task_Recent_Experiment_Tutorial 4_Urvashi Bhansali_AU2320139,,2025.2.0,None,2025-10-02 12h59.02.601901 +0530,
50,c,107,3,26,,,,,c,1,0.3141630840000289,None,,,,,26,3,107,2,830.319936791002,,,,,,,,,,,,,,,,830.3090530000009,830.319936791002,831.3071464579989,831.3071464579989,831.3071464579989,831.3071464579989,831.3144469159997,832.3071365830001,832.3071365830001,832.6262804159996,c,1,0.3141630840000289,None,AA_200,"001",2025-10-02_12h59.02.579,Motor sequence Learning task_Recent_Experiment_Tutorial 4_Urvashi Bhansali_AU2320139,,2025.2.0,None,2025-10-02 12h59.02.601901 +0530,
50,c,108,0,27,,,,,c,1,1.105474542000593,None,,,,,27,0,108,2,832.6379794999993,,,,,,,,,,,,,,,,832.626886375001,832.6379794999993,833.623662500002,833.623662500002,833.623662500002,833.623662500002,833.6314506660019,834.6238885410021,834.6238885410021,835.7436019580018,c,1,1.105474542000593,None,AA_200,"001",2025-10-02_12h59.02.579,Motor sequence Learning task_Recent_Experiment_Tutorial 4_Urvashi Bhansali_AU2320139,,2025.2.0,None,2025-10-02 12h59.02.601901 +0530,
-50,x,109,1,27,,,,,x,1,1.2907786249998026,None,,,,,27,1,109,0,835.7572487910002,,,,,,,,,,,,,,,,835.7442054160019,835.7572487910002,836.7410861659991,836.7410861659991,836.7410861659991,836.7410861659991,836.7485929159993,837.74059175,837.74059175,839.0328314580001,x,1,1.2907786249998026,None,AA_200,"001",2025-10-02_12h59.02.579,Motor sequence Learning task_Recent_Experiment_Tutorial 4_Urvashi Bhansali_AU2320139,,2025.2.0,None,2025-10-02 12h59.02.601901 +0530,
150,v,110,2,27,,,,,v,1,0.5883078330007265,None,,,,,27,2,110,1,839.0444679579996,,,,,,,,,,,,,,,,839.0333790830009,839.0444679579996,840.0237732080022,840.0237732080022,840.0237732080022,840.0237732080022,840.0404640410015,841.0318628749992,841.0318628749992,841.6264366249998,v,1,0.5883078330007265,None,AA_200,"001",2025-10-02_12h59.02.579,Motor sequence Learning task_Recent_Experiment_Tutorial 4_Urvashi Bhansali_AU2320139,,2025.2.0,None,2025-10-02 12h59.02.601901 +0530,
-150,z,111,3,27,,,,,z,1,0.5253161660002661,None,,,,,27,3,111,3,841.6393002080003,,,,,,,,,,,,,,,,841.627176541002,841.6393002080003,842.6237373750009,842.6237373750009,842.6237373750009,842.6237373750009,842.6309341660017,843.623850791002,843.623850791002,844.159098958,z,1,0.5253161660002661,None,AA_200,"001",2025-10-02_12h59.02.579,Motor sequence Learning task_Recent_Experiment_Tutorial 4_Urvashi Bhansali_AU2320139,,2025.2.0,None,2025-10-02 12h59.02.601901 +0530,
150,v,112,0,28,,,,,v,1,0.7701839159999508,None,,,,,28,0,112,1,844.1708147909994,,,,,,,,,,,,,,,,844.1598642909994,844.1708147909994,845.1569951250021,845.1569951250021,845.1569951250021,845.1569951250021,845.1652137500023,846.1569627079989,846.1569627079989,846.9331221659995,v,1,0.7701839159999508,None,AA_200,"001",2025-10-02_12h59.02.579,Motor sequence Learning task_Recent_Experiment_Tutorial 4_Urvashi Bhansali_AU2320139,,2025.2.0,None,2025-10-02 12h59.02.601901 +0530,
-50,x,113,1,28,,,,,x,1,0.81064891600181,None,,,,,28,1,113,0,846.944746833,,,,,,,,,,,,,,,,846.933721333,846.944746833,847.9313084999994,847.9313084999994,847.9313084999994,847.9313084999994,847.9403704159995,848.9313380000021,848.9313380000021,849.7495956660023,x,1,0.81064891600181,None,AA_200,"001",2025-10-02_12h59.02.579,Motor sequence Learning task_Recent_Experiment_Tutorial 4_Urvashi Bhansali_AU2320139,,2025.2.0,None,2025-10-02 12h59.02.601901 +0530,
50,c,114,2,28,,,,,c,1,1.1936492079985328,None,,,,,28,2,114,2,849.7611283750011,,,,,,,,,,,,,,,,849.7501484579989,849.7611283750011,850.7410180000006,850.7410180000006,850.7410180000006,850.7410180000006,850.7577157910018,851.7403472500009,851.7403472500009,852.9427326660007,c,1,1.1936492079985328,None,AA_200,"001",2025-10-02_12h59.02.579,Motor sequence Learning task_Recent_Experiment_Tutorial 4_Urvashi Bhansali_AU2320139,,2025.2.0,None,2025-10-02 12h59.02.601901 +0530,
-150,z,115,3,28,,,,,z,1,0.8282854159988347,None,,,,,28,3,115,3,852.9548614580017,,,,,,,,,,,,,,,,852.9435624580001,852.9548614580017,853.9477287910013,853.9477287910013,853.9477287910013,853.9477287910013,853.9477287910013,854.9405048330009,854.9405048330009,855.7752677909994,z,1,0.8282854159988347,None,AA_200,"001",2025-10-02_12h59.02.579,Motor sequence Learning task_Recent_Experiment_Tutorial 4_Urvashi Bhansali_AU2320139,,2025.2.0,None,2025-10-02 12h59.02.601901 +0530,
150,v,116,0,29,,,,,v,1,0.5850977090012748,None,,,,,29,0,116,1,855.7867945830003,,,,,,,,,,,,,,,,855.7758522910008,855.7867945830003,856.7651431660015,856.7651431660015,856.7651431660015,856.7651431660015,856.7814899160003,857.7736516660007,857.7736516660007,858.3769979579993,v,1,0.5850977090012748,None,AA_200,"001",2025-10-02_12h59.02.579,Motor sequence Learning task_Recent_Experiment_Tutorial 4_Urvashi Bhansali_AU2320139,,2025.2.0,None,2025-10-02 12h59.02.601901 +0530,
-150,z,117,1,29,,,,,z,1,0.5568413330001931,None,,,,,29,1,117,3,858.3891415409998,,,,,,,,,,,,,,,,858.3778772500009,858.3891415409998,859.3738410410006,859.3738410410006,859.3738410410006,859.3738410410006,859.3811479579999,860.3739366250011,860.3739366250011,860.932536332999,z,1,0.5568413330001931,None,AA_200,"001",2025-10-02_12h59.02.579,Motor sequence Learning task_Recent_Experiment_Tutorial 4_Urvashi Bhansali_AU2320139,,2025.2.0,None,2025-10-02 12h59.02.601901 +0530,
-50,x,118,2,29,,,,,x,1,1.161125209000602,None,,,,,29,2,118,0,860.9442502499987,,,,,,,,,,,,,,,,860.9331063329992,860.9442502499987,861.9309275410014,861.9309275410014,861.9309275410014,861.9309275410014,861.9405544580004,862.9316117080016,862.9316117080016,864.099717041001,x,1,1.161125209000602,None,AA_200,"001",2025-10-02_12h59.02.579,Motor sequence Learning task_Recent_Experiment_Tutorial 4_Urvashi Bhansali_AU2320139,,2025.2.0,None,2025-10-02 12h59.02.601901 +0530,
50,c,119,3,29,,,,,c,1,0.8114187920000404,None,,,,,29,3,119,2,864.111349750001,,,,,,,,,,,,,,,,864.1003680409995,864.111349750001,865.0988565410007,865.0988565410007,865.0988565410007,865.0988565410007,865.1249262080019,866.0981032080017,866.0981032080017,866.9160767909998,c,1,0.8114187920000404,None,AA_200,"001",2025-10-02_12h59.02.579,Motor sequence Learning task_Recent_Experiment_Tutorial 4_Urvashi Bhansali_AU2320139,,2025.2.0,None,2025-10-02 12h59.02.601901 +0530,
-50,x,120,0,30,,,,,x,1,0.9990574169969477,None,,,,,30,0,120,0,866.9247605410019,,,,,,,,,,,,,,,,866.9165019579996,866.9247605410019,867.9155295829987,867.9155295829987,867.9155295829987,867.9155295829987,867.9155295829987,868.9145766660004,868.9145766660004,869.9155497079992,x,1,0.9990574169969477,None,AA_200,"001",2025-10-02_12h59.02.579,Motor sequence Learning task_Recent_Experiment_Tutorial 4_Urvashi Bhansali_AU2320139,,2025.2.0,None,2025-10-02 12h59.02.601901 +0530,
150,v,121,1,30,,,,,v,1,1.179137749997608,None,,,,,30,1,121,1,869.9419650000018,,,,,,,,,,,,,,,,869.9161126250001,869.9419650000018,870.9154597500019,870.9154597500019,870.9154597500019,870.9154597500019,870.9590731249991,871.9153533749995,871.9153533749995,873.0988963749987,v,1,1.179137749997608,None,AA_200,"001",2025-10-02_12h59.02.579,Motor sequence Learning task_Recent_Experiment_Tutorial 4_Urvashi Bhansali_AU2320139,,2025.2.0,None,2025-10-02 12h59.02.601901 +0530,
50,c,122,2,30,,,,,c,1,1.179272083001706,None,,,,,30,2,122,2,873.125333,,,,,,,,,,,,,,,,873.0994487909993,873.125333,874.0991387909999,874.0991387909999,874.0991387909999,874.0991387909999,874.141739540999,875.0901467910007,875.0901467910007,876.2758187500003,c,1,1.179272083001706,None,AA_200,"001",2025-10-02_12h59.02.579,Motor sequence Learning task_Recent_Experiment_Tutorial 4_Urvashi Bhansali_AU2320139,,2025.2.0,None,2025-10-02 12h59.02.601901 +0530,
-150,z,123,3,30,,,,,z,1,0.9807233329993323,None,,,,,30,3,123,3,876.2839268749995,,,,,,,,,,,,,,,,876.2762852910018,876.2839268749995,877.2669897080013,877.2669897080013,877.2669897080013,877.2669897080013,877.2767803749994,878.2736195409998,878.2736195409998,879.258865415999,z,1,0.9807233329993323,None,AA_200,"001",2025-10-02_12h59.02.579,Motor sequence Learning task_Recent_Experiment_Tutorial 4_Urvashi Bhansali_AU2320139,,2025.2.0,None,2025-10-02 12h59.02.601901 +0530,
150,v,124,0,31,,,,,v,1,0.6321984589994827,None,,,,,31,0,124,1,879.2699022500019,,,,,,,,,,,,,,,,879.2597410000017,879.2699022500019,880.2571189580012,880.2571189580012,880.2571189580012,880.2571189580012,880.2648104580003,881.2570642079991,881.2570642079991,881.891904291002,v,1,0.6321984589994827,None,AA_200,"001",2025-10-02_12h59.02.579,Motor sequence Learning task_Recent_Experiment_Tutorial 4_Urvashi Bhansali_AU2320139,,2025.2.0,None,2025-10-02 12h59.02.601901 +0530,
-150,z,125,1,31,,,,,z,1,1.0486568750020524,None,,,,,31,1,125,3,881.9021429999993,,,,,,,,,,,,,,,,881.8924263750014,881.9021429999993,882.8903510829987,882.8903510829987,882.8903510829987,882.8903510829987,882.897724208,883.8904629159988,883.8904629159988,884.9422795409992,z,1,1.0486568750020524,None,AA_200,"001",2025-10-02_12h59.02.579,Motor sequence Learning task_Recent_Experiment_Tutorial 4_Urvashi Bhansali_AU2320139,,2025.2.0,None,2025-10-02 12h59.02.601901 +0530,
-50,x,126,2,31,,,,,x,1,1.593809207999584,None,,,,,31,2,126,0,884.9526588750014,,,,,,,,,,,,,,,,884.9430387079992,884.9526588750014,885.9404357909989,885.9404357909989,885.9404357909989,885.9404357909989,885.9478399159998,886.9403357500014,886.9403357500014,888.5418910000008,x,1,1.593809207999584,None,AA_200,"001",2025-10-02_12h59.02.579,Motor sequence Learning task_Recent_Experiment_Tutorial 4_Urvashi Bhansali_AU2320139,,2025.2.0,None,2025-10-02 12h59.02.601901 +0530,
50,c,127,3,31,,,,,c,1,1.281110665997403,None,,,,,31,3,127,2,888.5520812499999,,,,,,,,,,,,,,,,888.5424879999991,888.5520812499999,889.5404188749999,889.5404188749999,889.5404188749999,889.5404188749999,889.5476231659995,890.5319639160007,890.5319639160007,891.8158499580022,c,1,1.281110665997403,None,AA_200,"001",2025-10-02_12h59.02.579,Motor sequence Learning task_Recent_Experiment_Tutorial 4_Urvashi Bhansali_AU2320139,,2025.2.0,None,2025-10-02 12h59.02.601901 +0530,
-50,x,128,0,32,,,,,x,1,1.9415549160003138,None,,,,,32,0,128,0,891.8271620410014,,,,,,,,,,,,,,,,891.8164134580002,891.8271620410014,892.814947040999,892.814947040999,892.814947040999,892.814947040999,892.8238564579988,893.8144022910019,893.8144022910019,895.7583784160015,x,1,1.9415549160003138,None,AA_200,"001",2025-10-02_12h59.02.579,Motor sequence Learning task_Recent_Experiment_Tutorial 4_Urvashi Bhansali_AU2320139,,2025.2.0,None,2025-10-02 12h59.02.601901 +0530,
-150,z,129,1,32,,,,,c,0,0.8829724579991307,None,,,,,32,1,129,3,895.7691118750008,,,,,,,,,,,,,,,,895.7589925409993,895.7691118750008,896.7569722910011,896.7569722910011,896.7569722910011,896.7569722910011,896.7643777500016,897.7568901660015,897.7568901660015,898.641727582999,c,0,0.8829724579991307,None,AA_200,"001",2025-10-02_12h59.02.579,Motor sequence Learning task_Recent_Experiment_Tutorial 4_Urvashi Bhansali_AU2320139,,2025.2.0,None,2025-10-02 12h59.02.601901 +0530,
150,v,130,2,32,,,,,v,1,0.5687964999997348,None,,,,,32,2,130,1,898.6519759580005,,,,,,,,,,,,,,,,898.6422972500004,898.6519759580005,899.6319777499994,899.6319777499994,899.6319777499994,899.6319777499994,899.6485485000012,900.632019749999,900.632019749999,901.2100269160001,v,1,0.5687964999997348,None,AA_200,"001",2025-10-02_12h59.02.579,Motor sequence Learning task_Recent_Experiment_Tutorial 4_Urvashi Bhansali_AU2320139,,2025.2.0,None,2025-10-02 12h59.02.601901 +0530,
50,c,131,3,32,,,,,c,1,0.4604748749989085,None,,,,,32,3,131,2,901.2229179999995,,,,,,,,,,,,,,,,901.2113541660001,901.2229179999995,902.2069738329992,902.2069738329992,902.2069738329992,902.2069738329992,902.2143642500014,903.207209958,903.207209958,903.6756151250011,c,1,0.4604748749989085,None,AA_200,"001",2025-10-02_12h59.02.579,Motor sequence Learning task_Recent_Experiment_Tutorial 4_Urvashi Bhansali_AU2320139,,2025.2.0,None,2025-10-02 12h59.02.601901 +0530,
-50,x,132,0,33,,,,,x,1,0.6931142079993151,None,,,,,33,0,132,0,903.687347957999,,,,,,,,,,,,,,,,903.6762297080022,903.687347957999,904.6745865410012,904.6745865410012,904.6745865410012,904.6745865410012,904.6812404580014,905.6735990410016,905.6735990410016,906.3760216250012,x,1,0.6931142079993151,None,AA_200,"001",2025-10-02_12h59.02.579,Motor sequence Learning task_Recent_Experiment_Tutorial 4_Urvashi Bhansali_AU2320139,,2025.2.0,None,2025-10-02 12h59.02.601901 +0530,
150,v,133,1,33,,,,,v,1,0.794932124998013,None,,,,,33,1,133,1,906.3879079580001,,,,,,,,,,,,,,,,906.376969375,906.3879079580001,907.3736414160012,907.3736414160012,907.3736414160012,907.3736414160012,907.3810449580014,908.3735809579994,908.3735809579994,909.1757887499989,v,1,0.794932124998013,None,AA_200,"001",2025-10-02_12h59.02.579,Motor sequence Learning task_Recent_Experiment_Tutorial 4_Urvashi Bhansali_AU2320139,,2025.2.0,None,2025-10-02 12h59.02.601901 +0530,
-150,z,134,2,33,,,,,z,1,0.7177318750000268,None,,,,,33,2,134,3,909.1861375410008,,,,,,,,,,,,,,,,909.1764110830009,909.1861375410008,910.1737480000011,910.1737480000011,910.1737480000011,910.1737480000011,910.1812373749999,911.1737720000019,911.1737720000019,911.8994090410015,z,1,0.7177318750000268,None,AA_200,"001",2025-10-02_12h59.02.579,Motor sequence Learning task_Recent_Experiment_Tutorial 4_Urvashi Bhansali_AU2320139,,2025.2.0,None,2025-10-02 12h59.02.601901 +0530,
50,c,135,3,33,,,,,c,1,1.1329942920019676,None,,,,,33,3,135,2,911.910777000001,,,,,,,,,,,,,,,,911.8999902079995,911.910777000001,912.8978712079988,912.8978712079988,912.8978712079988,912.8978712079988,912.9075978750006,913.8984112910002,913.8984112910002,915.0419386249996,c,1,1.1329942920019676,None,AA_200,"001",2025-10-02_12h59.02.579,Motor sequence Learning task_Recent_Experiment_Tutorial 4_Urvashi Bhansali_AU2320139,,2025.2.0,None,2025-10-02 12h59.02.601901 +0530,
150,v,136,0,34,,,,,v,1,0.6689959579998686,None,,,,,34,0,136,1,915.0528350829991,,,,,,,,,,,,,,,,915.0424803329988,915.0528350829991,916.0402756660005,916.0402756660005,916.0402756660005,916.0402756660005,916.0476582910014,917.0404085830014,917.0404085830014,917.7159221660004,v,1,0.6689959579998686,None,AA_200,"001",2025-10-02_12h59.02.579,Motor sequence Learning task_Recent_Experiment_Tutorial 4_Urvashi Bhansali_AU2320139,,2025.2.0,None,2025-10-02 12h59.02.601901 +0530,
-50,x,137,1,34,,,,,c,0,1.6861524999985704,None,,,,,34,1,137,0,917.7274752910016,,,,,,,,,,,,,,,,917.7165051660013,917.7274752910016,918.7154357910003,918.7154357910003,918.7154357910003,918.7154357910003,918.741724208001,919.7152139159989,919.7152139159989,921.408657041,c,0,1.6861524999985704,None,AA_200,"001",2025-10-02_12h59.02.579,Motor sequence Learning task_Recent_Experiment_Tutorial 4_Urvashi Bhansali_AU2320139,,2025.2.0,None,2025-10-02 12h59.02.601901 +0530,
-150,z,138,2,34,,,,,z,1,1.1981623329993454,None,,,,,34,2,138,3,921.420228125,,,,,,,,,,,,,,,,921.409288625,921.420228125,922.3989399160018,922.3989399160018,922.3989399160018,922.3989399160018,922.4418147910001,923.4069769580019,923.4069769580019,924.6089039580002,z,1,1.1981623329993454,None,AA_200,"001",2025-10-02_12h59.02.579,Motor sequence Learning task_Recent_Experiment_Tutorial 4_Urvashi Bhansali_AU2320139,,2025.2.0,None,2025-10-02 12h59.02.601901 +0530,
50,c,139,3,34,,,,,c,1,1.5723580829981074,None,,,,,34,3,139,2,924.6206782910012,,,,,,,,,,,,,,,,924.609576791001,924.6206782910012,925.6072621249987,925.6072621249987,925.6072621249987,925.6072621249987,925.6144615830017,926.6069520000019,926.6069520000019,928.1937722080002,c,1,1.5723580829981074,None,AA_200,"001",2025-10-02_12h59.02.579,Motor sequence Learning task_Recent_Experiment_Tutorial 4_Urvashi Bhansali_AU2320139,,2025.2.0,None,2025-10-02 12h59.02.601901 +0530,
50,c,140,0,35,,,,,c,1,0.8975909590008087,None,,,,,35,0,140,2,928.205029875,,,,,,,,,,,,,,,,928.1945235000021,928.205029875,929.1902572500003,929.1902572500003,929.1902572500003,929.1902572500003,929.1975824580004,930.200470415999,930.200470415999,931.1085505830015,c,1,0.8975909590008087,None,AA_200,"001",2025-10-02_12h59.02.579,Motor sequence Learning task_Recent_Experiment_Tutorial 4_Urvashi Bhansali_AU2320139,,2025.2.0,None,2025-10-02 12h59.02.601901 +0530,
-150,z,141,1,35,,,,,z,1,0.8562405839984422,None,,,,,35,1,141,3,931.1200827499997,,,,,,,,,,,,,,,,931.1091291660014,931.1200827499997,932.1068575829995,932.1068575829995,932.1068575829995,932.1068575829995,932.1142866660011,933.1068295410005,933.1068295410005,933.9656452910021,z,1,0.8562405839984422,None,AA_200,"001",2025-10-02_12h59.02.579,Motor sequence Learning task_Recent_Experiment_Tutorial 4_Urvashi Bhansali_AU2320139,,2025.2.0,None,2025-10-02 12h59.02.601901 +0530,
150,v,142,2,35,,,,,v,1,1.5788490829982038,None,,,,,35,2,142,1,933.9776279580001,,,,,,,,,,,,,,,,933.9662046660014,933.9776279580001,934.9568713750014,934.9568713750014,934.9568713750014,934.9568713750014,934.9737022080008,935.9672138329988,935.9672138329988,937.5488504160021,v,1,1.5788490829982038,None,AA_200,"001",2025-10-02_12h59.02.579,Motor sequence Learning task_Recent_Experiment_Tutorial 4_Urvashi Bhansali_AU2320139,,2025.2.0,None,2025-10-02 12h59.02.601901 +0530,
-50,x,143,3,35,,,,,x,1,1.735674832998484,None,,,,,35,3,143,0,937.560635165999,,,,,,,,,,,,,,,,937.5494136250018,937.560635165999,938.5481820410023,938.5481820410023,938.5481820410023,938.5481820410023,938.557194625002,939.5491802500001,939.5491802500001,941.292024958002,x,1,1.735674832998484,None,AA_200,"001",2025-10-02_12h59.02.579,Motor sequence Learning task_Recent_Experiment_Tutorial 4_Urvashi Bhansali_AU2320139,,2025.2.0,None,2025-10-02 12h59.02.601901 +0530,
50,c,144,0,36,,,,,c,1,1.5867507080001815,None,,,,,36,0,144,2,941.3033258750002,,,,,,,,,,,,,,,,941.2926721660006,941.3033258750002,942.2901301660022,942.2901301660022,942.2901301660022,942.2901301660022,942.297334040999,943.2901091249987,943.2901091249987,944.8826729579996,c,1,1.5867507080001815,None,AA_200,"001",2025-10-02_12h59.02.579,Motor sequence Learning task_Recent_Experiment_Tutorial 4_Urvashi Bhansali_AU2320139,,2025.2.0,None,2025-10-02 12h59.02.601901 +0530,
150,v,145,1,36,,,,,v,1,0.7250287499991828,None,,,,,36,1,145,1,944.8940492080001,,,,,,,,,,,,,,,,944.8832520409997,944.8940492080001,945.8743832079999,945.8743832079999,945.8743832079999,945.8743832079999,945.8903858330013,946.8825935410023,946.8825935410023,947.6159666659987,v,1,0.7250287499991828,None,AA_200,"001",2025-10-02_12h59.02.579,Motor sequence Learning task_Recent_Experiment_Tutorial 4_Urvashi Bhansali_AU2320139,,2025.2.0,None,2025-10-02 12h59.02.601901 +0530,
-50,x,146,2,36,,,,,x,1,0.752873625002394,None,,,,,36,2,146,0,947.6278069580003,,,,,,,,,,,,,,,,947.6165257079992,947.6278069580003,948.614730207999,948.614730207999,948.614730207999,948.614730207999,948.6237085829998,949.6147402079987,949.6147402079987,950.3756027080017,x,1,0.752873625002394,None,AA_200,"001",2025-10-02_12h59.02.579,Motor sequence Learning task_Recent_Experiment_Tutorial 4_Urvashi Bhansali_AU2320139,,2025.2.0,None,2025-10-02 12h59.02.601901 +0530,
-150,z,147,3,36,,,,,z,1,1.687089166000078,None,,,,,36,3,147,3,950.3869100830016,,,,,,,,,,,,,,,,950.3763408330014,950.3869100830016,951.3738368330014,951.3738368330014,951.3738368330014,951.3738368330014,951.3811191249988,952.3734567079991,952.3734567079991,954.0655560410014,z,1,1.687089166000078,None,AA_200,"001",2025-10-02_12h59.02.579,Motor sequence Learning task_Recent_Experiment_Tutorial 4_Urvashi Bhansali_AU2320139,,2025.2.0,None,2025-10-02 12h59.02.601901 +0530,
-150,z,148,0,37,,,,,z,1,1.7833659590032767,None,,,,,37,0,148,3,954.0770003750004,,,,,,,,,,,,,,,,954.0661276659994,954.0770003750004,955.0649753329999,955.0649753329999,955.0649753329999,955.0649753329999,955.0737520410003,956.065064958002,956.065064958002,957.8585931660018,z,1,1.7833659590032767,None,AA_200,"001",2025-10-02_12h59.02.579,Motor sequence Learning task_Recent_Experiment_Tutorial 4_Urvashi Bhansali_AU2320139,,2025.2.0,None,2025-10-02 12h59.02.601901 +0530,
-50,x,149,1,37,,,,,x,1,0.7403407919991878,None,,,,,37,1,149,0,957.8701355410012,,,,,,,,,,,,,,,,957.8591419580007,957.8701355410012,958.8568628749999,958.8568628749999,958.8568628749999,958.8568628749999,958.8641035410001,959.8569947079995,959.8569947079995,960.5992952080014,x,1,0.7403407919991878,None,AA_200,"001",2025-10-02_12h59.02.579,Motor sequence Learning task_Recent_Experiment_Tutorial 4_Urvashi Bhansali_AU2320139,,2025.2.0,None,2025-10-02 12h59.02.601901 +0530,
50,c,150,2,37,,,,,c,1,0.9019895410019672,None,,,,,37,2,150,2,960.6109539579993,,,,,,,,,,,,,,,,960.5998255830018,960.6109539579993,961.5980210830021,961.5980210830021,961.5980210830021,961.5980210830021,961.606948875,962.5984613750006,962.5984613750006,963.5089772909996,c,1,0.9019895410019672,None,AA_200,"001",2025-10-02_12h59.02.579,Motor sequence Learning task_Recent_Experiment_Tutorial 4_Urvashi Bhansali_AU2320139,,2025.2.0,None,2025-10-02 12h59.02.601901 +0530,
150,v,151,3,37,,,,,v,1,0.9118307079988881,None,,,,,37,3,151,1,963.5171287500016,,,,,,,,,,,,,,,,963.5095901659988,963.5171287500016,964.5070023330009,964.5070023330009,964.5070023330009,964.5070023330009,964.5145228330002,965.5085184580021,965.5085184580021,966.4271530000005,v,1,0.9118307079988881,None,AA_200,"001",2025-10-02_12h59.02.579,Motor sequence Learning task_Recent_Experiment_Tutorial 4_Urvashi Bhansali_AU2320139,,2025.2.0,None,2025-10-02 12h59.02.601901 +0530,
-50,x,152,0,38,,,,,x,1,2.9228869170001417,None,,,,,38,0,152,0,966.4412695829997,,,,,,,,,,,,,,,,966.4284444160003,966.4412695829997,967.4247472499992,967.4247472499992,967.4247472499992,967.4247472499992,967.4306236660013,968.4336243750004,968.4336243750004,971.3583223749993,x,1,2.9228869170001417,None,AA_200,"001",2025-10-02_12h59.02.579,Motor sequence Learning task_Recent_Experiment_Tutorial 4_Urvashi Bhansali_AU2320139,,2025.2.0,None,2025-10-02 12h59.02.601901 +0530,
-150,z,153,1,38,,,,,z,1,0.9142240000001038,None,,,,,38,1,153,3,971.3702265409993,,,,,,,,,,,,,,,,971.3588955000014,971.3702265409993,972.3480665409988,972.3480665409988,972.3480665409988,972.3480665409988,972.3647794579992,973.3568918749988,973.3568918749988,974.2765820829991,z,1,0.9142240000001038,None,AA_200,"001",2025-10-02_12h59.02.579,Motor sequence Learning task_Recent_Experiment_Tutorial 4_Urvashi Bhansali_AU2320139,,2025.2.0,None,2025-10-02 12h59.02.601901 +0530,
50,c,154,2,38,,,,,c,1,1.1896269999997457,None,,,,,38,2,154,2,974.2887161250001,,,,,,,,,,,,,,,,974.2774655409994,974.2887161250001,975.2735718330005,975.2735718330005,975.2735718330005,975.2735718330005,975.2816837909995,976.2734684160023,976.2734684160023,977.4770495000012,c,1,1.1896269999997457,None,AA_200,"001",2025-10-02_12h59.02.579,Motor sequence Learning task_Recent_Experiment_Tutorial 4_Urvashi Bhansali_AU2320139,,2025.2.0,None,2025-10-02 12h59.02.601901 +0530,
150,v,155,3,38,,,,,v,1,1.2714177920024667,None,,,,,38,3,155,1,977.4900519160001,,,,,,,,,,,,,,,,977.4783170830015,977.4900519160001,978.473500832999,978.473500832999,978.473500832999,978.473500832999,978.4806787080015,979.4915841250004,979.4915841250004,980.7655183749994,v,1,1.2714177920024667,None,AA_200,"001",2025-10-02_12h59.02.579,Motor sequence Learning task_Recent_Experiment_Tutorial 4_Urvashi Bhansali_AU2320139,,2025.2.0,None,2025-10-02 12h59.02.601901 +0530,
50,c,156,0,39,,,,,c,1,1.6818504160000884,None,,,,,39,0,156,2,980.791754291,,,,,,,,,,,,,,,,980.7661047080001,980.791754291,981.7570528750002,981.7570528750002,981.7570528750002,981.7570528750002,981.7816173749998,982.7750111659989,982.7750111659989,984.4588871250016,c,1,1.6818504160000884,None,AA_200,"001",2025-10-02_12h59.02.579,Motor sequence Learning task_Recent_Experiment_Tutorial 4_Urvashi Bhansali_AU2320139,,2025.2.0,None,2025-10-02 12h59.02.601901 +0530,
150,v,157,1,39,,,,,v,1,1.2667750410000735,None,,,,,39,1,157,1,984.470415415999,,,,,,,,,,,,,,,,984.459580540999,984.470415415999,985.4569392080011,985.4569392080011,985.4569392080011,985.4569392080011,985.4641744159999,986.4569609159989,986.4569609159989,987.7321418749998,v,1,1.2667750410000735,None,AA_200,"001",2025-10-02_12h59.02.579,Motor sequence Learning task_Recent_Experiment_Tutorial 4_Urvashi Bhansali_AU2320139,,2025.2.0,None,2025-10-02 12h59.02.601901 +0530,
-50,x,158,2,39,,,,,x,1,2.6252217500004917,None,,,,,39,2,158,0,987.7437636659997,,,,,,,,,,,,,,,,987.7326077079997,987.7437636659997,988.7327420000001,988.7327420000001,988.7327420000001,988.7327420000001,988.7583034160016,989.7314756660016,989.7314756660016,992.3590536660013,x,1,2.6252217500004917,None,AA_200,"001",2025-10-02_12h59.02.579,Motor sequence Learning task_Recent_Experiment_Tutorial 4_Urvashi Bhansali_AU2320139,,2025.2.0,None,2025-10-02 12h59.02.601901 +0530,
-150,z,159,3,39,,,,,z,1,0.9509649999999965,None,,,,,39,3,159,3,992.3711617500012,,,,,,,,,,,,,,,,992.3599216250004,992.3711617500012,993.3567817080002,993.3567817080002,993.3567817080002,993.3567817080002,993.3646293330021,994.3672834159988,994.3672834159988,995.325619457999,z,1,0.9509649999999965,None,AA_200,"001",2025-10-02_12h59.02.579,Motor sequence Learning task_Recent_Experiment_Tutorial 4_Urvashi Bhansali_AU2320139,,2025.2.0,None,2025-10-02 12h59.02.601901 +0530,
150,v,160,0,40,,,,,v,1,0.4698579579999205,None,,,,,40,0,160,1,995.3371153750013,,,,,,,,,,,,,,,,995.3262224579994,995.3371153750013,996.3233877909988,996.3233877909988,996.3233877909988,996.3233877909988,996.330857666002,997.3234027500002,997.3234027500002,997.7990871660004,v,1,0.4698579579999205,None,AA_200,"001",2025-10-02_12h59.02.579,Motor sequence Learning task_Recent_Experiment_Tutorial 4_Urvashi Bhansali_AU2320139,,2025.2.0,None,2025-10-02 12h59.02.601901 +0530,
50,c,161,1,40,,,,,c,1,0.6963306670004386,None,,,,,40,1,161,2,997.8107743330002,,,,,,,,,,,,,,,,997.7996722499993,997.8107743330002,998.7900014580009,998.7900014580009,998.7900014580009,998.7900014580009,998.8069555830007,999.7978229580003,999.7978229580003,1000.4991108329996,c,1,0.6963306670004386,None,AA_200,"001",2025-10-02_12h59.02.579,Motor sequence Learning task_Recent_Experiment_Tutorial 4_Urvashi Bhansali_AU2320139,,2025.2.0,None,2025-10-02 12h59.02.601901 +0530,
-150,z,162,2,40,,,,,z,1,1.4650420409998333,None,,,,,40,2,162,3,1000.5106041250001,,,,,,,,,,,,,,,,1000.4996579159997,1000.5106041250001,1001.4987439159995,1001.4987439159995,1001.4987439159995,1001.4987439159995,1001.5248054160002,1002.4980433749988,1002.4980433749988,1003.9658530000015,z,1,1.4650420409998333,None,AA_200,"001",2025-10-02_12h59.02.579,Motor sequence Learning task_Recent_Experiment_Tutorial 4_Urvashi Bhansali_AU2320139,,2025.2.0,None,2025-10-02 12h59.02.601901 +0530,
-50,x,163,3,40,,,,,x,1,0.9502221670009021,None,,,,,40,3,163,0,1003.9773319160013,,,,,,,,,,,,,,,,1003.9664058750022,1003.9773319160013,1004.9653104999998,1004.9653104999998,1004.9653104999998,1004.9653104999998,1004.9914908749997,1005.9647669580008,1005.9647669580008,1006.9250430829998,x,1,0.9502221670009021,None,AA_200,"001",2025-10-02_12h59.02.579,Motor sequence Learning task_Recent_Experiment_Tutorial 4_Urvashi Bhansali_AU2320139,,2025.2.0,None,2025-10-02 12h59.02.601901 +0530,
50,c,164,0,41,,,,,c,1,1.4034639580022485,None,,,,,41,0,164,2,1006.9360569580022,,,,,,,,,,,,,,,,1006.9256050410004,1006.9360569580022,1007.9234539159988,1007.9234539159988,1007.9234539159988,1007.9234539159988,1007.9308497499987,1008.9234919580013,1008.9234919580013,1010.3325638329989,c,1,1.4034639580022485,None,AA_200,"001",2025-10-02_12h59.02.579,Motor sequence Learning task_Recent_Experiment_Tutorial 4_Urvashi Bhansali_AU2320139,,2025.2.0,None,2025-10-02 12h59.02.601901 +0530,
-50,x,165,1,41,,,,,x,1,1.2838790830028302,None,,,,,41,1,165,0,1010.3437312499991,,,,,,,,,,,,,,,,1010.3331345410006,1010.3437312499991,1011.3317826660023,1011.3317826660023,1011.3317826660023,1011.3317826660023,1011.341300250002,1012.3319165829998,1012.3319165829998,1013.6252023750021,x,1,1.2838790830028302,None,AA_200,"001",2025-10-02_12h59.02.579,Motor sequence Learning task_Recent_Experiment_Tutorial 4_Urvashi Bhansali_AU2320139,,2025.2.0,None,2025-10-02 12h59.02.601901 +0530,
150,v,166,2,41,,,,,v,1,0.4567877920017054,None,,,,,41,2,166,1,1013.633973041,,,,,,,,,,,,,,,,1013.6256660409999,1013.633973041,1014.6234767499991,1014.6234767499991,1014.6234767499991,1014.6234767499991,1014.6309539579997,1015.6150227910002,1015.6150227910002,1016.0750578330008,v,1,0.4567877920017054,None,AA_200,"001",2025-10-02_12h59.02.579,Motor sequence Learning task_Recent_Experiment_Tutorial 4_Urvashi Bhansali_AU2320139,,2025.2.0,None,2025-10-02 12h59.02.601901 +0530,
-150,z,167,3,41,,,,,z,1,0.5993710839975392,None,,,,,41,3,167,3,1016.0850948750012,,,,,,,,,,,,,,,,1016.0755951659994,1016.0850948750012,1017.0734497500016,1017.0734497500016,1017.0734497500016,1017.0734497500016,1017.0807679579993,1018.0733495410022,1018.0733495410022,1018.6754248329999,z,1,0.5993710839975392,None,AA_200,"001",2025-10-02_12h59.02.579,Motor sequence Learning task_Recent_Experiment_Tutorial 4_Urvashi Bhansali_AU2320139,,2025.2.0,None,2025-10-02 12h59.02.601901 +0530,
-150,z,168,0,42,,,,,z,1,0.8778889159984828,None,,,,,42,0,168,3,1018.6858967500011,,,,,,,,,,,,,,,,1018.676261208002,1018.6858967500011,1019.6734271249989,1019.6734271249989,1019.6734271249989,1019.6734271249989,1019.6809484580008,1020.6667892500009,1020.6667892500009,1021.5488062080003,z,1,0.8778889159984828,None,AA_200,"001",2025-10-02_12h59.02.579,Motor sequence Learning task_Recent_Experiment_Tutorial 4_Urvashi Bhansali_AU2320139,,2025.2.0,None,2025-10-02 12h59.02.601901 +0530,
50,c,169,1,42,,,,,c,1,1.7526163750007981,None,,,,,42,1,169,2,1021.5602320830003,,,,,,,,,,,,,,,,1021.5493590410006,1021.5602320830003,1022.5400477080002,1022.5400477080002,1022.5400477080002,1022.5400477080002,1022.556924708002,1023.5400106250017,1023.5400106250017,1025.299290166,c,1,1.7526163750007981,None,AA_200,"001",2025-10-02_12h59.02.579,Motor sequence Learning task_Recent_Experiment_Tutorial 4_Urvashi Bhansali_AU2320139,,2025.2.0,None,2025-10-02 12h59.02.601901 +0530,
150,v,170,2,42,,,,,v,1,0.6260360420019424,None,,,,,42,2,170,1,1025.3103937080014,,,,,,,,,,,,,,,,1025.2998503750023,1025.3103937080014,1026.297960374999,1026.297960374999,1026.297960374999,1026.297960374999,1026.3069420829997,1027.2984866250008,1027.2984866250008,1027.9330765410014,v,1,0.6260360420019424,None,AA_200,"001",2025-10-02_12h59.02.579,Motor sequence Learning task_Recent_Experiment_Tutorial 4_Urvashi Bhansali_AU2320139,,2025.2.0,None,2025-10-02 12h59.02.601901 +0530,
-50,x,171,3,42,,,,,x,1,0.8174733750020096,None,,,,,42,3,171,0,1027.9448547499996,,,,,,,,,,,,,,,,1027.9336782909995,1027.9448547499996,1028.9313754159994,1028.9313754159994,1028.9313754159994,1028.9313754159994,1028.9404819160009,1029.9309552910017,1029.9309552910017,1030.7500360830018,x,1,0.8174733750020096,None,AA_200,"001",2025-10-02_12h59.02.579,Motor sequence Learning task_Recent_Experiment_Tutorial 4_Urvashi Bhansali_AU2320139,,2025.2.0,None,2025-10-02 12h59.02.601901 +0530,
150,v,172,0,43,,,,,v,1,0.3992541249972419,None,,,,,43,0,172,1,1030.761229541,,,,,,,,,,,,,,,,1030.7505691250008,1030.761229541,1031.7477834580022,1031.7477834580022,1031.7477834580022,1031.7477834580022,1031.7569121660017,1032.7490584160005,1032.7490584160005,1033.1582677080005,v,1,0.3992541249972419,None,AA_200,"001",2025-10-02_12h59.02.579,Motor sequence Learning task_Recent_Experiment_Tutorial 4_Urvashi Bhansali_AU2320139,,2025.2.0,None,2025-10-02 12h59.02.601901 +0530,
-50,x,173,1,43,,,,,x,1,0.7296851669998432,None,,,,,43,1,173,0,1033.170066499999,,,,,,,,,,,,,,,,1033.158826875002,1033.170066499999,1034.1568427909988,1034.1568427909988,1034.1568427909988,1034.1568427909988,1034.1644990410023,1035.1566470830003,1035.1566470830003,1035.8923072500002,x,1,0.7296851669998432,None,AA_200,"001",2025-10-02_12h59.02.579,Motor sequence Learning task_Recent_Experiment_Tutorial 4_Urvashi Bhansali_AU2320139,,2025.2.0,None,2025-10-02 12h59.02.601901 +0530,
50,c,174,2,43,,,,,c,1,1.0911399590004294,None,,,,,43,2,174,2,1035.9042350410018,,,,,,,,,,,,,,,,1035.8930256249987,1035.9042350410018,1036.8900759999997,1036.8900759999997,1036.8900759999997,1036.8900759999997,1036.897465500002,1037.8900159160003,1037.8900159160003,1038.9916999160014,c,1,1.0911399590004294,None,AA_200,"001",2025-10-02_12h59.02.579,Motor sequence Learning task_Recent_Experiment_Tutorial 4_Urvashi Bhansali_AU2320139,,2025.2.0,None,2025-10-02 12h59.02.601901 +0530,
-150,z,175,3,43,,,,,z,1,0.7611855830000422,None,,,,,43,3,175,3,1039.0029895000007,,,,,,,,,,,,,,,,1038.9922413329987,1039.0029895000007,1039.9820449580002,1039.9820449580002,1039.9820449580002,1039.9820449580002,1040.0250083329993,1040.9899892079993,1040.9899892079993,1041.7583830410003,z,1,0.7611855830000422,None,AA_200,"001",2025-10-02_12h59.02.579,Motor sequence Learning task_Recent_Experiment_Tutorial 4_Urvashi Bhansali_AU2320139,,2025.2.0,None,2025-10-02 12h59.02.601901 +0530,
-150,z,176,0,44,,,,,z,1,0.6264612090017181,None,,,,,44,0,176,3,1041.7709283330005,,,,,,,,,,,,,,,,1041.7589422909987,1041.7709283330005,1042.756727625001,1042.756727625001,1042.756727625001,1042.756727625001,1042.764065708001,1043.7566825409995,1043.7566825409995,1044.3920719160014,z,1,0.6264612090017181,None,AA_200,"001",2025-10-02_12h59.02.579,Motor sequence Learning task_Recent_Experiment_Tutorial 4_Urvashi Bhansali_AU2320139,,2025.2.0,None,2025-10-02 12h59.02.601901 +0530,
150,v,177,1,44,,,,,v,1,1.0409727910009678,None,,,,,44,1,177,1,1044.4038124159997,,,,,,,,,,,,,,,,1044.3927523330021,1044.4038124159997,1045.3900082910004,1045.3900082910004,1045.3900082910004,1045.3900082910004,1045.3973430000005,1046.390028624999,1046.390028624999,1047.4417545409997,v,1,1.0409727910009678,None,AA_200,"001",2025-10-02_12h59.02.579,Motor sequence Learning task_Recent_Experiment_Tutorial 4_Urvashi Bhansali_AU2320139,,2025.2.0,None,2025-10-02 12h59.02.601901 +0530,
-50,x,178,2,44,,,,,x,1,0.8219444580026902,None,,,,,44,2,178,0,1047.4541586660016,,,,,,,,,,,,,,,,1047.4424151659987,1047.4541586660016,1048.440033666,1048.440033666,1048.440033666,1048.440033666,1048.447562333,1049.440100666001,1049.440100666001,1050.2658416250015,x,1,0.8219444580026902,None,AA_200,"001",2025-10-02_12h59.02.579,Motor sequence Learning task_Recent_Experiment_Tutorial 4_Urvashi Bhansali_AU2320139,,2025.2.0,None,2025-10-02 12h59.02.601901 +0530,
50,c,179,3,44,,,,,c,1,0.7199340830011351,None,,,,,44,3,179,2,1050.2776076660011,,,,,,,,,,,,,,,,1050.266426000002,1050.2776076660011,1051.2648470000022,1051.2648470000022,1051.2648470000022,1051.2648470000022,1051.2737385830005,1052.2750787500008,1052.2750787500008,1052.9990600829988,c,1,0.7199340830011351,None,AA_200,"001",2025-10-02_12h59.02.579,Motor sequence Learning task_Recent_Experiment_Tutorial 4_Urvashi Bhansali_AU2320139,,2025.2.0,None,2025-10-02 12h59.02.601901 +0530,
-150,z,180,0,45,,,,,z,1,2.253225541997381,None,,,,,45,0,180,3,1053.011207874999,,,,,,,,,,,,,,,,1052.9996413750014,1053.011207874999,1053.9989111249997,1053.9989111249997,1053.9989111249997,1053.9989111249997,1054.025003791001,1054.9980704580012,1054.9980704580012,1057.258252333002,z,1,2.253225541997381,None,AA_200,"001",2025-10-02_12h59.02.579,Motor sequence Learning task_Recent_Experiment_Tutorial 4_Urvashi Bhansali_AU2320139,,2025.2.0,None,2025-10-02 12h59.02.601901 +0530,
150,v,181,1,45,,,,,v,1,0.47361062499840045,None,,,,,45,1,181,1,1057.2702816660021,,,,,,,,,,,,,,,,1057.2588088330012,1057.2702816660021,1058.2566962909987,1058.2566962909987,1058.2566962909987,1058.2566962909987,1058.2637724160013,1059.258232250002,1059.258232250002,1059.7418467079988,v,1,0.47361062499840045,None,AA_200,"001",2025-10-02_12h59.02.579,Motor sequence Learning task_Recent_Experiment_Tutorial 4_Urvashi Bhansali_AU2320139,,2025.2.0,None,2025-10-02 12h59.02.601901 +0530,
50,c,182,2,45,,,,,c,1,0.7929548749998503,None,,,,,45,2,182,2,1059.753503625001,,,,,,,,,,,,,,,,1059.742429291,1059.753503625001,1060.739896166,1060.739896166,1060.739896166,1060.739896166,1060.7476019999995,1061.7399001250014,1061.7399001250014,1062.534291,c,1,0.7929548749998503,None,AA_200,"001",2025-10-02_12h59.02.579,Motor sequence Learning task_Recent_Experiment_Tutorial 4_Urvashi Bhansali_AU2320139,,2025.2.0,None,2025-10-02 12h59.02.601901 +0530,
-50,x,183,3,45,,,,,x,1,1.3649222089989053,None,,,,,45,3,183,0,1062.5447983330014,,,,,,,,,,,,,,,,1062.5348014160008,1062.5447983330014,1063.5305669580011,1063.5305669580011,1063.5305669580011,1063.5305669580011,1063.5401698329988,1064.530819208001,1064.530819208001,1065.899886457999,x,1,1.3649222089989053,None,AA_200,"001",2025-10-02_12h59.02.579,Motor sequence Learning task_Recent_Experiment_Tutorial 4_Urvashi Bhansali_AU2320139,,2025.2.0,None,2025-10-02 12h59.02.601901 +0530,
150,v,184,0,46,,,,,v,1,0.745147707999422,None,,,,,46,0,184,1,1065.9109869999993,,,,,,,,,,,,,,,,1065.9004218750015,1065.9109869999993,1066.898340415999,1066.898340415999,1066.898340415999,1066.898340415999,1066.906997375001,1067.8975556660007,1067.8975556660007,1068.649274833002,v,1,0.745147707999422,None,AA_200,"001",2025-10-02_12h59.02.579,Motor sequence Learning task_Recent_Experiment_Tutorial 4_Urvashi Bhansali_AU2320139,,2025.2.0,None,2025-10-02 12h59.02.601901 +0530,
-150,z,185,1,46,,,,,z,1,0.7432382500010135,None,,,,,46,1,185,3,1068.6609753750017,,,,,,,,,,,,,,,,1068.6498529160017,1068.6609753750017,1069.648509999999,1069.648509999999,1069.648509999999,1069.648509999999,1069.674723832999,1070.648336582999,1070.648336582999,1071.3993369160016,z,1,0.7432382500010135,None,AA_200,"001",2025-10-02_12h59.02.579,Motor sequence Learning task_Recent_Experiment_Tutorial 4_Urvashi Bhansali_AU2320139,,2025.2.0,None,2025-10-02 12h59.02.601901 +0530,
50,c,186,2,46,,,,,c,1,1.528884499999549,None,,,,,46,2,186,2,1071.4108720830009,,,,,,,,,,,,,,,,1071.3999247079992,1071.4108720830009,1072.3981279580003,1072.3981279580003,1072.3981279580003,1072.3981279580003,1072.407516708001,1073.3976838330018,1073.3976838330018,1074.9326971660012,c,1,1.528884499999549,None,AA_200,"001",2025-10-02_12h59.02.579,Motor sequence Learning task_Recent_Experiment_Tutorial 4_Urvashi Bhansali_AU2320139,,2025.2.0,None,2025-10-02 12h59.02.601901 +0530,
-50,x,187,3,46,,,,,x,1,0.7340789169975324,None,,,,,46,3,187,0,1074.9438128750007,,,,,,,,,,,,,,,,1074.9332810000014,1074.9438128750007,1075.932019374999,1075.932019374999,1075.932019374999,1075.932019374999,1075.9579875830023,1076.9323890410014,1076.9323890410014,1077.6753019159987,x,1,0.7340789169975324,None,AA_200,"001",2025-10-02_12h59.02.579,Motor sequence Learning task_Recent_Experiment_Tutorial 4_Urvashi Bhansali_AU2320139,,2025.2.0,None,2025-10-02 12h59.02.601901 +0530,
150,v,188,0,47,,,,,v,1,0.506748666997737,None,,,,,47,0,188,1,1077.6868486249987,,,,,,,,,,,,,,,,1077.6759202499998,1077.6868486249987,1078.6736480830004,1078.6736480830004,1078.6736480830004,1078.6736480830004,1078.6808615830014,1079.6737099999991,1079.6737099999991,1080.182316833001,v,1,0.506748666997737,None,AA_200,"001",2025-10-02_12h59.02.579,Motor sequence Learning task_Recent_Experiment_Tutorial 4_Urvashi Bhansali_AU2320139,,2025.2.0,None,2025-10-02 12h59.02.601901 +0530,
-150,z,189,1,47,,,,,z,1,2.1656575000015437,None,,,,,47,1,189,3,1080.193930333,,,,,,,,,,,,,,,,1080.182893707999,1080.193930333,1081.1737667080015,1081.1737667080015,1081.1737667080015,1081.1737667080015,1081.190438665999,1082.181691165999,1082.181691165999,1084.349742958002,z,1,2.1656575000015437,None,AA_200,"001",2025-10-02_12h59.02.579,Motor sequence Learning task_Recent_Experiment_Tutorial 4_Urvashi Bhansali_AU2320139,,2025.2.0,None,2025-10-02 12h59.02.601901 +0530,
-50,x,190,2,47,,,,,x,1,1.9734175000012328,None,,,,,47,2,190,0,1084.3605982500012,,,,,,,,,,,,,,,,1084.3502780410017,1084.3605982500012,1085.3486137500004,1085.3486137500004,1085.3486137500004,1085.3486137500004,1085.374708583,1086.3476515830007,1086.3476515830007,1088.3256582079994,x,1,1.9734175000012328,None,AA_200,"001",2025-10-02_12h59.02.579,Motor sequence Learning task_Recent_Experiment_Tutorial 4_Urvashi Bhansali_AU2320139,,2025.2.0,None,2025-10-02 12h59.02.601901 +0530,
50,c,191,3,47,,,,,c,1,1.8513124999990396,None,,,,,47,3,191,2,1088.3375615410005,,,,,,,,,,,,,,,,1088.3264612909989,1088.3375615410005,1089.3237645000008,1089.3237645000008,1089.3237645000008,1089.3237645000008,1089.331098499999,1090.3237678330006,1090.3237678330006,1092.1831262500018,c,1,1.8513124999990396,None,AA_200,"001",2025-10-02_12h59.02.579,Motor sequence Learning task_Recent_Experiment_Tutorial 4_Urvashi Bhansali_AU2320139,,2025.2.0,None,2025-10-02 12h59.02.601901 +0530,
50,c,192,0,48,,,,,c,1,2.677304875000118,None,,,,,48,0,192,2,1092.1946412910002,,,,,,,,,,,,,,,,1092.1836940409994,1092.1946412910002,1093.1816231250014,1093.1816231250014,1093.1816231250014,1093.1816231250014,1093.1911492079998,1094.1822466660014,1094.1822466660014,1096.8656403329987,c,1,2.677304875000118,None,AA_200,"001",2025-10-02_12h59.02.579,Motor sequence Learning task_Recent_Experiment_Tutorial 4_Urvashi Bhansali_AU2320139,,2025.2.0,None,2025-10-02 12h59.02.601901 +0530,
-50,x,193,1,48,,,,,x,1,1.2759473750011239,None,,,,,48,1,193,0,1096.8773105830005,,,,,,,,,,,,,,,,1096.8662372910003,1096.8773105830005,1097.856644333002,1097.856644333002,1097.856644333002,1097.856644333002,1097.8733962080005,1098.864197875002,1098.864197875002,1100.1418070830005,x,1,1.2759473750011239,None,AA_200,"001",2025-10-02_12h59.02.579,Motor sequence Learning task_Recent_Experiment_Tutorial 4_Urvashi Bhansali_AU2320139,,2025.2.0,None,2025-10-02 12h59.02.601901 +0530,
150,v,194,2,48,,,,,v,1,0.7349845409989939,None,,,,,48,2,194,1,1100.1532713330016,,,,,,,,,,,,,,,,1100.1424615409996,1100.1532713330016,1101.1399724580006,1101.1399724580006,1101.1399724580006,1101.1399724580006,1101.1474425000015,1102.140017791,1102.140017791,1102.8825695410014,v,1,0.7349845409989939,None,AA_200,"001",2025-10-02_12h59.02.579,Motor sequence Learning task_Recent_Experiment_Tutorial 4_Urvashi Bhansali_AU2320139,,2025.2.0,None,2025-10-02 12h59.02.601901 +0530,
-150,z,195,3,48,,,,,z,1,4.009274208001443,None,,,,,48,3,195,3,1102.894081833001,,,,,,,,,,,,,,,,1102.8831359159994,1102.894081833001,1103.8820857499995,1103.8820857499995,1103.8820857499995,1103.8820857499995,1103.908087625001,1104.8814953750007,1104.8814953750007,1108.8932903329987,z,1,4.009274208001443,None,AA_200,"001",2025-10-02_12h59.02.579,Motor sequence Learning task_Recent_Experiment_Tutorial 4_Urvashi Bhansali_AU2320139,,2025.2.0,None,2025-10-02 12h59.02.601901 +0530,
-50,x,196,0,49,,,,,x,1,0.9142465410004661,None,,,,,49,0,196,0,1108.9066549160016,,,,,,,,,,,,,,,,1108.8944284579993,1108.9066549160016,1109.8899432910002,1109.8899432910002,1109.8899432910002,1109.8899432910002,1109.8974476660005,1110.9080674159995,1110.9080674159995,1111.825393375002,x,1,0.9142465410004661,None,AA_200,"001",2025-10-02_12h59.02.579,Motor sequence Learning task_Recent_Experiment_Tutorial 4_Urvashi Bhansali_AU2320139,,2025.2.0,None,2025-10-02 12h59.02.601901 +0530,
50,c,197,1,49,,,,,c,1,4.821409374999348,None,,,,,49,1,197,2,1111.837227791002,,,,,,,,,,,,,,,,1111.8262411659998,1111.837227791002,1112.8232691660014,1112.8232691660014,1112.8232691660014,1112.8232691660014,1112.8308426250005,1113.8149922500015,1113.8149922500015,1118.659431832999,c,1,4.821409374999348,None,AA_200,"001",2025-10-02_12h59.02.579,Motor sequence Learning task_Recent_Experiment_Tutorial 4_Urvashi Bhansali_AU2320139,,2025.2.0,None,2025-10-02 12h59.02.601901 +0530,
-150,z,198,2,49,,,,,z,1,2.7570212079990597,None,,,,,49,2,198,3,1118.6738024580009,,,,,,,,,,,,,,,,1118.660056916,1118.6738024580009,1119.6571120410008,1119.6571120410008,1119.6571120410008,1119.6571120410008,1119.6641146250004,1120.656619207999,1120.656619207999,1123.4158641659997,z,1,2.7570212079990597,None,AA_200,"001",2025-10-02_12h59.02.579,Motor sequence Learning task_Recent_Experiment_Tutorial 4_Urvashi Bhansali_AU2320139,,2025.2.0,None,2025-10-02 12h59.02.601901 +0530,
150,v,199,3,49,,,,,v,1,0.805577874998562,None,,,,,49,3,199,1,1123.4273715830022,,,,,,,,,,,,,,,,1123.4164192079988,1123.4273715830022,1124.4144992910005,1124.4144992910005,1124.4144992910005,1124.4144992910005,1124.4238575410018,1125.4145347910016,1125.4145347910016,1126.225184291001,v,1,0.805577874998562,None,AA_200,"001",2025-10-02_12h59.02.579,Motor sequence Learning task_Recent_Experiment_Tutorial 4_Urvashi Bhansali_AU2320139,,2025.2.0,None,2025-10-02 12h59.02.601901 +0530,
