thisN,thisTrialN,thisRepN,mouse.x,mouse.y,mouse.leftButton,mouse.midButton,mouse.rightButton,mouse.time,mouse.clicked_name,trials.thisRepN,trials.thisTrialN,trials.thisN,trials.thisIndex,thisRow.t,notes,num_Distractor,trial.started,fixation.started,Target.started,mouse.started,trial.stopped,trials.mouse.x,trials.mouse.y,trials.mouse.leftButton,trials.mouse.midButton,trials.mouse.rightButton,trials.mouse.time,trials.mouse.clicked_name,participant,session,date,expName,expVersion,psychopyVersion,frameRate,expStart,
0,0,0,[np.float64(-0.11401673640167365)],[np.float64(0.46443514644351463)],[1],[0],[0],[3.0884780420001334],['Target'],0,0,0,0,0.033095833000515995,,10,0.021091958000397426,0.033095833000515995,0.033095833000515995,0.021105167000314395,3.1096271250007703,[np.float64(-0.11401673640167365)],[np.float64(0.46443514644351463)],[1],[0],[0],[3.0884780420001334],['Target'],exp-1-u,"001",2025-09-30_17h13.57.359,Visual Search Experiment_Urvashi Bhansali_13 September,,2025.2.0,118.39199939012315,2025-09-30 17h13.57.415959 +0530,
1,0,1,[np.float64(-0.4246861924686193)],[np.float64(-0.26464435146443516)],[1],[0],[0],[1.6537879580000663],['Target'],1,0,1,0,3.1264454170004683,,5,3.120265625000684,3.1264454170004683,3.1264454170004683,0.00883745800001634,4.774114542000461,[np.float64(-0.4246861924686193)],[np.float64(-0.26464435146443516)],[1],[0],[0],[1.6537879580000663],['Target'],exp-1-u,"001",2025-09-30_17h13.57.359,Visual Search Experiment_Urvashi Bhansali_13 September,,2025.2.0,118.39199939012315,2025-09-30 17h13.57.415959 +0530,
2,0,2,[np.float64(0.4246861924686193)],[np.float64(0.1087866108786611)],[1],[0],[0],[1.7626366250005958],['Target'],2,0,2,0,4.803864917000283,,10,4.79467329199997,4.803864917000283,4.803864917000283,0.019305957999677048,6.557340333000866,[np.float64(0.4246861924686193)],[np.float64(0.1087866108786611)],[1],[0],[0],[1.7626366250005958],['Target'],exp-1-u,"001",2025-09-30_17h13.57.359,Visual Search Experiment_Urvashi Bhansali_13 September,,2025.2.0,118.39199939012315,2025-09-30 17h13.57.415959 +0530,
3,0,3,[np.float64(-0.42782426778242677)],[np.float64(0.3493723849372385)],[1],[0],[0],[1.4748421250005777],['Target'],3,0,3,0,6.572590250000758,,5,6.566370000000461,6.572590250000758,6.572590250000758,0.00817800000004354,8.041270000000623,[np.float64(-0.42782426778242677)],[np.float64(0.3493723849372385)],[1],[0],[0],[1.4748421250005777],['Target'],exp-1-u,"001",2025-09-30_17h13.57.359,Visual Search Experiment_Urvashi Bhansali_13 September,,2025.2.0,118.39199939012315,2025-09-30 17h13.57.415959 +0530,
4,0,4,[np.float64(0.25732217573221755)],[np.float64(0.3023012552301255)],[1],[0],[0],[1.496718792000138],['Target'],4,0,4,0,8.068329292000271,,10,8.059188667000853,8.068329292000271,8.068329292000271,0.01653995800006669,9.555954625000595,[np.float64(0.25732217573221755)],[np.float64(0.3023012552301255)],[1],[0],[0],[1.496718792000138],['Target'],exp-1-u,"001",2025-09-30_17h13.57.359,Visual Search Experiment_Urvashi Bhansali_13 September,,2025.2.0,118.39199939012315,2025-09-30 17h13.57.415959 +0530,
5,0,5,[np.float64(0.4895397489539749)],[np.float64(0.11715481171548117)],[1],[0],[0],[1.341332875000262],['Target'],5,0,5,0,9.573643458000333,,5,9.566543917000672,9.573643458000333,9.573643458000333,0.009664832999987993,10.907934542000476,[np.float64(0.4895397489539749)],[np.float64(0.11715481171548117)],[1],[0],[0],[1.341332875000262],['Target'],exp-1-u,"001",2025-09-30_17h13.57.359,Visual Search Experiment_Urvashi Bhansali_13 September,,2025.2.0,118.39199939012315,2025-09-30 17h13.57.415959 +0530,
6,0,6,[np.float64(-0.4309623430962343)],[np.float64(-0.33472803347280333)],[1],[0],[0],[1.802852583999993],['Target'],6,0,6,0,10.928059958000631,,5,10.920452542000021,10.928059958000631,10.928059958000631,0.01097879099961574,12.72337462500036,[np.float64(-0.4309623430962343)],[np.float64(-0.33472803347280333)],[1],[0],[0],[1.802852583999993],['Target'],exp-1-u,"001",2025-09-30_17h13.57.359,Visual Search Experiment_Urvashi Bhansali_13 September,,2025.2.0,118.39199939012315,2025-09-30 17h13.57.415959 +0530,
7,0,7,[np.float64(-0.303347280334728)],[np.float64(0.15585774058577406)],[1],[0],[0],[1.7430366250000588],['Target'],7,0,7,0,12.758024917000512,,10,12.747348333000446,12.758024917000512,12.758024917000512,0.022332916999403096,14.49041358300019,[np.float64(-0.303347280334728)],[np.float64(0.15585774058577406)],[1],[0],[0],[1.7430366250000588],['Target'],exp-1-u,"001",2025-09-30_17h13.57.359,Visual Search Experiment_Urvashi Bhansali_13 September,,2025.2.0,118.39199939012315,2025-09-30 17h13.57.415959 +0530,
8,0,8,[np.float64(-0.038702928870292884)],[np.float64(0.3692468619246862)],[1],[0],[0],[1.7012201669995193],['Target'],8,0,8,0,14.513792917000501,,10,14.505964417000541,14.513792917000501,14.513792917000501,0.014567875000466302,16.207231167000828,[np.float64(-0.038702928870292884)],[np.float64(0.3692468619246862)],[1],[0],[0],[1.7012201669995193],['Target'],exp-1-u,"001",2025-09-30_17h13.57.359,Visual Search Experiment_Urvashi Bhansali_13 September,,2025.2.0,118.39199939012315,2025-09-30 17h13.57.415959 +0530,
9,0,9,[np.float64(0.16527196652719664)],[np.float64(-0.4246861924686193)],[1],[0],[0],[1.9392521669997222],['Target'],9,0,9,0,16.224454125000193,,5,16.217796542000542,16.224454125000193,16.224454125000193,0.009216916000696074,18.157177292000597,[np.float64(0.16527196652719664)],[np.float64(-0.4246861924686193)],[1],[0],[0],[1.9392521669997222],['Target'],exp-1-u,"001",2025-09-30_17h13.57.359,Visual Search Experiment_Urvashi Bhansali_13 September,,2025.2.0,118.39199939012315,2025-09-30 17h13.57.415959 +0530,
10,0,10,[np.float64(-0.3692468619246862)],[np.float64(0.2112970711297071)],[1],[0],[0],[1.1017982500006838],['Target'],10,0,10,0,18.179464917000587,,5,18.171168917000614,18.179464917000587,18.179464917000587,0.01218074999997043,19.27302066700031,[np.float64(-0.3692468619246862)],[np.float64(0.2112970711297071)],[1],[0],[0],[1.1017982500006838],['Target'],exp-1-u,"001",2025-09-30_17h13.57.359,Visual Search Experiment_Urvashi Bhansali_13 September,,2025.2.0,118.39199939012315,2025-09-30 17h13.57.415959 +0530,
11,0,11,[np.float64(-0.17573221757322174)],[np.float64(0.497907949790795)],[1],[0],[0],[1.5461545409998507],['Target'],11,0,11,0,19.29282641700047,,5,19.284993250000298,19.29282641700047,19.29282641700047,0.01061962499989022,20.83119550000083,[np.float64(-0.17573221757322174)],[np.float64(0.497907949790795)],[1],[0],[0],[1.5461545409998507],['Target'],exp-1-u,"001",2025-09-30_17h13.57.359,Visual Search Experiment_Urvashi Bhansali_13 September,,2025.2.0,118.39199939012315,2025-09-30 17h13.57.415959 +0530,
12,0,12,[np.float64(-0.33472803347280333)],[np.float64(0.4194560669456067)],[1],[0],[0],[1.1174944579997828],['Target'],12,0,12,0,20.84482450000087,,5,20.838653333000366,20.84482450000087,20.84482450000087,0.006720666000546771,21.956194958000196,[np.float64(-0.33472803347280333)],[np.float64(0.4194560669456067)],[1],[0],[0],[1.1174944579997828],['Target'],exp-1-u,"001",2025-09-30_17h13.57.359,Visual Search Experiment_Urvashi Bhansali_13 September,,2025.2.0,118.39199939012315,2025-09-30 17h13.57.415959 +0530,
13,0,13,[np.float64(0.4769874476987448)],[np.float64(0.06694560669456066)],[1],[0],[0],[1.9072247499998412],['Target'],13,0,13,0,21.973502792000545,,5,21.966710292000243,21.973502792000545,21.973502792000545,0.009482040999500896,23.87400579200039,[np.float64(0.4769874476987448)],[np.float64(0.06694560669456066)],[1],[0],[0],[1.9072247499998412],['Target'],exp-1-u,"001",2025-09-30_17h13.57.359,Visual Search Experiment_Urvashi Bhansali_13 September,,2025.2.0,118.39199939012315,2025-09-30 17h13.57.415959 +0530,
14,0,14,[np.float64(0.07426778242677824)],[np.float64(0.35564853556485354)],[1],[0],[0],[1.0539697500007605],['Target'],14,0,14,0,23.895479292000346,,5,23.88754437500029,23.895479292000346,23.895479292000346,0.011630040999989433,24.941570500000125,[np.float64(0.07426778242677824)],[np.float64(0.35564853556485354)],[1],[0],[0],[1.0539697500007605],['Target'],exp-1-u,"001",2025-09-30_17h13.57.359,Visual Search Experiment_Urvashi Bhansali_13 September,,2025.2.0,118.39199939012315,2025-09-30 17h13.57.415959 +0530,
15,0,15,[np.float64(-0.41841004184100417)],[np.float64(-0.09100418410041841)],[1],[0],[0],[1.5763628339991556],['Target'],15,0,15,0,24.971643374999985,,10,24.96291270800066,24.971643374999985,24.971643374999985,0.019435375000284694,26.539305250000325,[np.float64(-0.41841004184100417)],[np.float64(-0.09100418410041841)],[1],[0],[0],[1.5763628339991556],['Target'],exp-1-u,"001",2025-09-30_17h13.57.359,Visual Search Experiment_Urvashi Bhansali_13 September,,2025.2.0,118.39199939012315,2025-09-30 17h13.57.415959 +0530,
16,0,16,[np.float64(-0.4895397489539749)],[np.float64(0.24790794979079497)],[1],[0],[0],[1.5850996249992022],['Target'],16,0,16,0,26.563516750000417,,10,26.55552762500065,26.563516750000417,26.563516750000417,0.01481287499973405,28.14066512500085,[np.float64(-0.4895397489539749)],[np.float64(0.24790794979079497)],[1],[0],[0],[1.5850996249992022],['Target'],exp-1-u,"001",2025-09-30_17h13.57.359,Visual Search Experiment_Urvashi Bhansali_13 September,,2025.2.0,118.39199939012315,2025-09-30 17h13.57.415959 +0530,
17,0,17,[np.float64(0.28870292887029286)],[np.float64(-0.3117154811715481)],[1],[0],[0],[2.8743978750007955],['Target'],17,0,17,0,28.15626175000034,,5,28.150148667000394,28.15626175000034,28.15626175000034,0.00845024999944144,31.02461116700033,[np.float64(0.28870292887029286)],[np.float64(-0.3117154811715481)],[1],[0],[0],[2.8743978750007955],['Target'],exp-1-u,"001",2025-09-30_17h13.57.359,Visual Search Experiment_Urvashi Bhansali_13 September,,2025.2.0,118.39199939012315,2025-09-30 17h13.57.415959 +0530,
18,0,18,[np.float64(0.42887029288702927)],[np.float64(0.33472803347280333)],[1],[0],[0],[2.152051207999648],['Target'],18,0,18,0,31.04537183299999,,5,31.037676750000173,31.04537183299999,31.04537183299999,0.01149670800077729,33.18976733300042,[np.float64(0.42887029288702927)],[np.float64(0.33472803347280333)],[1],[0],[0],[2.152051207999648],['Target'],exp-1-u,"001",2025-09-30_17h13.57.359,Visual Search Experiment_Urvashi Bhansali_13 September,,2025.2.0,118.39199939012315,2025-09-30 17h13.57.415959 +0530,
19,0,19,[np.float64(0.2688284518828452)],[np.float64(0.3117154811715481)],[1],[0],[0],[2.221131625000453],['Target'],19,0,19,0,33.209850083000674,,10,33.202214417000505,33.209850083000674,33.209850083000674,0.011416624999583291,35.423394542000096,[np.float64(0.2688284518828452)],[np.float64(0.3117154811715481)],[1],[0],[0],[2.221131625000453],['Target'],exp-1-u,"001",2025-09-30_17h13.57.359,Visual Search Experiment_Urvashi Bhansali_13 September,,2025.2.0,118.39199939012315,2025-09-30 17h13.57.415959 +0530,
20,0,20,[np.float64(-0.4330543933054393)],[np.float64(0.48535564853556484)],[1],[0],[0],[1.8609328330003336],['Target'],20,0,20,0,35.44296525000027,,5,35.43494225000086,35.44296525000027,35.44296525000027,0.010455124999680265,37.295960667000145,[np.float64(-0.4330543933054393)],[np.float64(0.48535564853556484)],[1],[0],[0],[1.8609328330003336],['Target'],exp-1-u,"001",2025-09-30_17h13.57.359,Visual Search Experiment_Urvashi Bhansali_13 September,,2025.2.0,118.39199939012315,2025-09-30 17h13.57.415959 +0530,
21,0,21,[np.float64(0.11610878661087866)],[np.float64(-0.21338912133891214)],[1],[0],[0],[2.016377584000111],['Target'],21,0,21,0,37.315020333000575,,5,37.308223083000485,37.315020333000575,37.315020333000575,0.011257584000304632,39.32466404200022,[np.float64(0.11610878661087866)],[np.float64(-0.21338912133891214)],[1],[0],[0],[2.016377584000111],['Target'],exp-1-u,"001",2025-09-30_17h13.57.359,Visual Search Experiment_Urvashi Bhansali_13 September,,2025.2.0,118.39199939012315,2025-09-30 17h13.57.415959 +0530,
22,0,22,[np.float64(0.4089958158995816)],[np.float64(-0.16317991631799164)],[1],[0],[0],[2.228267667000182],['Target'],22,0,22,0,39.35314791700057,,10,39.34423083300044,39.35314791700057,39.35314791700057,0.018037458000435436,41.57253650000075,[np.float64(0.4089958158995816)],[np.float64(-0.16317991631799164)],[1],[0],[0],[2.228267667000182],['Target'],exp-1-u,"001",2025-09-30_17h13.57.359,Visual Search Experiment_Urvashi Bhansali_13 September,,2025.2.0,118.39199939012315,2025-09-30 17h13.57.415959 +0530,
23,0,23,[np.float64(0.32426778242677823)],[np.float64(0.25523012552301255)],[1],[0],[0],[1.1749562499999229],['Target'],23,0,23,0,41.58881691700026,,5,41.582452167000156,41.58881691700026,41.58881691700026,0.008747208999920986,42.75745545800055,[np.float64(0.32426778242677823)],[np.float64(0.25523012552301255)],[1],[0],[0],[1.1749562499999229],['Target'],exp-1-u,"001",2025-09-30_17h13.57.359,Visual Search Experiment_Urvashi Bhansali_13 September,,2025.2.0,118.39199939012315,2025-09-30 17h13.57.415959 +0530,
24,0,24,[np.float64(-0.22071129707112971)],[np.float64(0.04707112970711297)],[1],[0],[0],[2.2474819170001865],['Target'],24,0,24,0,42.784958875000484,,10,42.775708957999996,42.784958875000484,42.784958875000484,0.017240500000298198,45.02323441700082,[np.float64(-0.22071129707112971)],[np.float64(0.04707112970711297)],[1],[0],[0],[2.2474819170001865],['Target'],exp-1-u,"001",2025-09-30_17h13.57.359,Visual Search Experiment_Urvashi Bhansali_13 September,,2025.2.0,118.39199939012315,2025-09-30 17h13.57.415959 +0530,
25,0,25,[np.float64(-0.22280334728033474)],[np.float64(-0.06799163179916318)],[1],[0],[0],[1.30668308300028],['Target'],25,0,25,0,45.040664208000635,,5,45.03396704200077,45.040664208000635,45.040664208000635,0.009284291999392735,46.34071558300002,[np.float64(-0.22280334728033474)],[np.float64(-0.06799163179916318)],[1],[0],[0],[1.30668308300028],['Target'],exp-1-u,"001",2025-09-30_17h13.57.359,Visual Search Experiment_Urvashi Bhansali_13 September,,2025.2.0,118.39199939012315,2025-09-30 17h13.57.415959 +0530,
26,0,26,[np.float64(0.24790794979079497)],[np.float64(0.4560669456066946)],[1],[0],[0],[1.5556380000007266],['Target'],26,0,26,0,46.360634125000615,,5,46.35266683300051,46.360634125000615,46.360634125000615,0.010572958000011567,47.908353499999976,[np.float64(0.24790794979079497)],[np.float64(0.4560669456066946)],[1],[0],[0],[1.5556380000007266],['Target'],exp-1-u,"001",2025-09-30_17h13.57.359,Visual Search Experiment_Urvashi Bhansali_13 September,,2025.2.0,118.39199939012315,2025-09-30 17h13.57.415959 +0530,
27,0,27,[np.float64(-0.100418410041841)],[np.float64(-0.41631799163179917)],[1],[0],[0],[2.1539535829997476],['Target'],27,0,27,0,47.92599954200068,,5,47.91874870800075,47.92599954200068,47.92599954200068,0.00921566599936341,50.07274779199997,[np.float64(-0.100418410041841)],[np.float64(-0.41631799163179917)],[1],[0],[0],[2.1539535829997476],['Target'],exp-1-u,"001",2025-09-30_17h13.57.359,Visual Search Experiment_Urvashi Bhansali_13 September,,2025.2.0,118.39199939012315,2025-09-30 17h13.57.415959 +0530,
28,0,28,[np.float64(0.1307531380753138)],[np.float64(0.028242677824267783)],[1],[0],[0],[2.81530233400008],['Target'],28,0,28,0,50.10080212499997,,10,50.09103354200033,50.10080212499997,50.10080212499997,0.017347875000268687,52.906377375000375,[np.float64(0.1307531380753138)],[np.float64(0.028242677824267783)],[1],[0],[0],[2.81530233400008],['Target'],exp-1-u,"001",2025-09-30_17h13.57.359,Visual Search Experiment_Urvashi Bhansali_13 September,,2025.2.0,118.39199939012315,2025-09-30 17h13.57.415959 +0530,
29,0,29,[np.float64(0.1589958158995816)],[np.float64(-0.45188284518828453)],[1],[0],[0],[2.9334261249996416],['Target'],29,0,29,0,52.93160487500063,,10,52.923416833000374,52.93160487500063,52.93160487500063,0.015355957999418024,55.85689008300051,[np.float64(0.1589958158995816)],[np.float64(-0.45188284518828453)],[1],[0],[0],[2.9334261249996416],['Target'],exp-1-u,"001",2025-09-30_17h13.57.359,Visual Search Experiment_Urvashi Bhansali_13 September,,2025.2.0,118.39199939012315,2025-09-30 17h13.57.415959 +0530,
30,0,30,[np.float64(0.24476987447698745)],[np.float64(0.008368200836820083)],[1],[0],[0],[1.8828192910004873],['Target'],30,0,30,0,55.88495275000059,,10,55.87479025000084,55.88495275000059,55.88495275000059,0.016348999999536318,57.75764808300028,[np.float64(0.24476987447698745)],[np.float64(0.008368200836820083)],[1],[0],[0],[1.8828192910004873],['Target'],exp-1-u,"001",2025-09-30_17h13.57.359,Visual Search Experiment_Urvashi Bhansali_13 September,,2025.2.0,118.39199939012315,2025-09-30 17h13.57.415959 +0530,
31,0,31,[np.float64(-0.49686192468619245)],[np.float64(-0.11297071129707113)],[1],[0],[0],[2.0158741249997547],['Target'],31,0,31,0,57.78472675000012,,10,57.77469108300011,57.78472675000012,57.78472675000012,0.015814667000086047,59.790626625000186,[np.float64(-0.49686192468619245)],[np.float64(-0.11297071129707113)],[1],[0],[0],[2.0158741249997547],['Target'],exp-1-u,"001",2025-09-30_17h13.57.359,Visual Search Experiment_Urvashi Bhansali_13 September,,2025.2.0,118.39199939012315,2025-09-30 17h13.57.415959 +0530,
32,0,32,[np.float64(0.1903765690376569)],[np.float64(0.2395397489539749)],[1],[0],[0],[1.445476625000083],['Target'],32,0,32,0,59.81993908300046,,10,59.81103337500008,59.81993908300046,59.81993908300046,0.018495207999876584,61.25655558300059,[np.float64(0.1903765690376569)],[np.float64(0.2395397489539749)],[1],[0],[0],[1.445476625000083],['Target'],exp-1-u,"001",2025-09-30_17h13.57.359,Visual Search Experiment_Urvashi Bhansali_13 September,,2025.2.0,118.39199939012315,2025-09-30 17h13.57.415959 +0530,
33,0,33,[np.float64(-0.07217573221757322)],[np.float64(0.17154811715481172)],[1],[0],[0],[2.8631629169994994],['Target'],33,0,33,0,61.284521792000305,,10,61.27565329200024,61.284521792000305,61.284521792000305,0.017667250000158674,64.13887029200032,[np.float64(-0.07217573221757322)],[np.float64(0.17154811715481172)],[1],[0],[0],[2.8631629169994994],['Target'],exp-1-u,"001",2025-09-30_17h13.57.359,Visual Search Experiment_Urvashi Bhansali_13 September,,2025.2.0,118.39199939012315,2025-09-30 17h13.57.415959 +0530,
34,0,34,[np.float64(-0.11610878661087866)],[np.float64(0.497907949790795)],[1],[0],[0],[4.589886666999519],['Target'],34,0,34,0,64.1626218750007,,10,64.15439550000065,64.1626218750007,64.1626218750007,0.01418633299999783,68.74435391700081,[np.float64(-0.11610878661087866)],[np.float64(0.497907949790795)],[1],[0],[0],[4.589886666999519],['Target'],exp-1-u,"001",2025-09-30_17h13.57.359,Visual Search Experiment_Urvashi Bhansali_13 September,,2025.2.0,118.39199939012315,2025-09-30 17h13.57.415959 +0530,
35,0,35,[np.float64(0.39748953974895396)],[np.float64(0.26673640167364016)],[1],[0],[0],[1.7858417079996798],['Target'],35,0,35,0,68.76233516700086,,5,68.75547333300074,68.76233516700086,68.76233516700086,0.009635749999688414,70.54137320800055,[np.float64(0.39748953974895396)],[np.float64(0.26673640167364016)],[1],[0],[0],[1.7858417079996798],['Target'],exp-1-u,"001",2025-09-30_17h13.57.359,Visual Search Experiment_Urvashi Bhansali_13 September,,2025.2.0,118.39199939012315,2025-09-30 17h13.57.415959 +0530,
36,0,36,[np.float64(-0.4393305439330544)],[np.float64(-0.3786610878661088)],[1],[0],[0],[2.929003707999982],['Target'],36,0,36,0,70.56939775000046,,10,70.56070308300059,70.56939775000046,70.56939775000046,0.017774791000192636,73.48975433300075,[np.float64(-0.4393305439330544)],[np.float64(-0.3786610878661088)],[1],[0],[0],[2.929003707999982],['Target'],exp-1-u,"001",2025-09-30_17h13.57.359,Visual Search Experiment_Urvashi Bhansali_13 September,,2025.2.0,118.39199939012315,2025-09-30 17h13.57.415959 +0530,
37,0,37,[np.float64(-0.4372384937238494)],[np.float64(-0.06380753138075314)],[1],[0],[0],[2.3897245000007388],['Target'],37,0,37,0,73.50807862500005,,5,73.50113541700011,73.50807862500005,73.50807862500005,0.009867208999821742,75.89091283300058,[np.float64(-0.4372384937238494)],[np.float64(-0.06380753138075314)],[1],[0],[0],[2.3897245000007388],['Target'],exp-1-u,"001",2025-09-30_17h13.57.359,Visual Search Experiment_Urvashi Bhansali_13 September,,2025.2.0,118.39199939012315,2025-09-30 17h13.57.415959 +0530,
38,0,38,[np.float64(0.4696652719665272)],[np.float64(-0.08891213389121339)],[1],[0],[0],[1.4533553749997736],['Target'],38,0,38,0,75.91204554200067,,5,75.90386879200014,75.91204554200067,75.91204554200067,0.011439375000009022,77.35726870800045,[np.float64(0.4696652719665272)],[np.float64(-0.08891213389121339)],[1],[0],[0],[1.4533553749997736],['Target'],exp-1-u,"001",2025-09-30_17h13.57.359,Visual Search Experiment_Urvashi Bhansali_13 September,,2025.2.0,118.39199939012315,2025-09-30 17h13.57.415959 +0530,
39,0,39,[np.float64(-0.2813807531380753)],[np.float64(-0.26464435146443516)],[1],[0],[0],[1.7314656670005206],['Target'],39,0,39,0,77.3844733750002,,10,77.374645375,77.3844733750002,77.3844733750002,0.016490916999828187,79.10615529200004,[np.float64(-0.2813807531380753)],[np.float64(-0.26464435146443516)],[1],[0],[0],[1.7314656670005206],['Target'],exp-1-u,"001",2025-09-30_17h13.57.359,Visual Search Experiment_Urvashi Bhansali_13 September,,2025.2.0,118.39199939012315,2025-09-30 17h13.57.415959 +0530,
40,0,40,[np.float64(0.08577405857740586)],[np.float64(-0.5)],[1],[0],[0],[2.915755416999673],[None],40,0,40,0,79.13415825000084,,10,79.12388675000057,79.13415825000084,79.13415825000084,0.016712249999727646,82.03969608300031,[np.float64(0.08577405857740586)],[np.float64(-0.5)],[1],[0],[0],[2.915755416999673],[None],exp-1-u,"001",2025-09-30_17h13.57.359,Visual Search Experiment_Urvashi Bhansali_13 September,,2025.2.0,118.39199939012315,2025-09-30 17h13.57.415959 +0530,
41,0,41,[np.float64(0.07322175732217573)],[np.float64(-0.2907949790794979)],[1],[0],[0],[2.4406183750006676],['Target'],41,0,41,0,82.05765383300059,,5,82.05087875000027,82.05765383300059,82.05765383300059,0.00931483299973479,84.49157858300077,[np.float64(0.07322175732217573)],[np.float64(-0.2907949790794979)],[1],[0],[0],[2.4406183750006676],['Target'],exp-1-u,"001",2025-09-30_17h13.57.359,Visual Search Experiment_Urvashi Bhansali_13 September,,2025.2.0,118.39199939012315,2025-09-30 17h13.57.415959 +0530,
42,0,42,[np.float64(0.13912133891213388)],[np.float64(-0.2301255230125523)],[1],[0],[0],[2.2352899159996014],['Target'],42,0,42,0,84.51314050000019,,5,84.50514720800038,84.51314050000019,84.51314050000019,0.011936333999983617,86.74047970800075,[np.float64(0.13912133891213388)],[np.float64(-0.2301255230125523)],[1],[0],[0],[2.2352899159996014],['Target'],exp-1-u,"001",2025-09-30_17h13.57.359,Visual Search Experiment_Urvashi Bhansali_13 September,,2025.2.0,118.39199939012315,2025-09-30 17h13.57.415959 +0530,
43,0,43,[np.float64(0.07635983263598327)],[np.float64(-0.36715481171548114)],[1],[0],[0],[1.705915083999571],['Target'],43,0,43,0,86.75770595800077,,5,86.75127658300062,86.75770595800077,86.75770595800077,0.00937408299978415,88.45724475000043,[np.float64(0.07635983263598327)],[np.float64(-0.36715481171548114)],[1],[0],[0],[1.705915083999571],['Target'],exp-1-u,"001",2025-09-30_17h13.57.359,Visual Search Experiment_Urvashi Bhansali_13 September,,2025.2.0,118.39199939012315,2025-09-30 17h13.57.415959 +0530,
44,0,44,[np.float64(0.06799163179916318)],[np.float64(-0.04184100418410042)],[1],[0],[0],[1.2714307919995917],['Target'],44,0,44,0,88.47708916700049,,5,88.46886791700035,88.47708916700049,88.47708916700049,0.01018762500007142,89.7403661670005,[np.float64(0.06799163179916318)],[np.float64(-0.04184100418410042)],[1],[0],[0],[1.2714307919995917],['Target'],exp-1-u,"001",2025-09-30_17h13.57.359,Visual Search Experiment_Urvashi Bhansali_13 September,,2025.2.0,118.39199939012315,2025-09-30 17h13.57.415959 +0530,
45,0,45,[np.float64(0.45397489539748953)],[np.float64(-0.348326359832636)],[1],[0],[0],[3.4613446659996043],['Target'],45,0,45,0,89.77030766700045,,10,89.76127762500073,89.77030766700045,89.77030766700045,0.019475041999612586,93.22265808300017,[np.float64(0.45397489539748953)],[np.float64(-0.348326359832636)],[1],[0],[0],[3.4613446659996043],['Target'],exp-1-u,"001",2025-09-30_17h13.57.359,Visual Search Experiment_Urvashi Bhansali_13 September,,2025.2.0,118.39199939012315,2025-09-30 17h13.57.415959 +0530,
46,0,46,[np.float64(0.3368200836820084)],[np.float64(-0.3985355648535565)],[1],[0],[0],[1.4023108329993192],['Target'],46,0,46,0,93.2949414170007,,10,93.28765850000036,93.2949414170007,93.2949414170007,0.06388474999948812,94.6900163750006,[np.float64(0.3368200836820084)],[np.float64(-0.3985355648535565)],[1],[0],[0],[1.4023108329993192],['Target'],exp-1-u,"001",2025-09-30_17h13.57.359,Visual Search Experiment_Urvashi Bhansali_13 September,,2025.2.0,118.39199939012315,2025-09-30 17h13.57.415959 +0530,
47,0,47,[np.float64(-0.40481171548117156)],[np.float64(-0.03556485355648536)],[1],[0],[0],[2.0147045419998904],['Target'],47,0,47,0,94.71813533300065,,10,94.70847654200043,94.71813533300065,94.71813533300065,0.01665487500031304,96.72322683300081,[np.float64(-0.40481171548117156)],[np.float64(-0.03556485355648536)],[1],[0],[0],[2.0147045419998904],['Target'],exp-1-u,"001",2025-09-30_17h13.57.359,Visual Search Experiment_Urvashi Bhansali_13 September,,2025.2.0,118.39199939012315,2025-09-30 17h13.57.415959 +0530,
48,0,48,[np.float64(0.03765690376569038)],[np.float64(0.3786610878661088)],[1],[0],[0],[1.6220230409999203],['Target'],48,0,48,0,96.74256745800085,,5,96.73458975000085,96.74256745800085,96.74256745800085,0.010080791999826033,98.35666912500074,[np.float64(0.03765690376569038)],[np.float64(0.3786610878661088)],[1],[0],[0],[1.6220230409999203],['Target'],exp-1-u,"001",2025-09-30_17h13.57.359,Visual Search Experiment_Urvashi Bhansali_13 September,,2025.2.0,118.39199939012315,2025-09-30 17h13.57.415959 +0530,
49,0,49,[np.float64(0.48535564853556484)],[np.float64(0.4006276150627615)],[1],[0],[0],[1.8881999170007475],['Target'],49,0,49,0,98.37684762500066,,5,98.3694279170004,98.37684762500066,98.37684762500066,0.011238957999921695,100.25767041700055,[np.float64(0.48535564853556484)],[np.float64(0.4006276150627615)],[1],[0],[0],[1.8881999170007475],['Target'],exp-1-u,"001",2025-09-30_17h13.57.359,Visual Search Experiment_Urvashi Bhansali_13 September,,2025.2.0,118.39199939012315,2025-09-30 17h13.57.415959 +0530,
50,0,50,[np.float64(-0.4131799163179916)],[np.float64(-0.2897489539748954)],[1],[0],[0],[2.0890157499998168],['Target'],50,0,50,0,100.27717416700034,,5,100.26932950000082,100.27717416700034,100.27717416700034,0.010445916000207944,102.35838262500056,[np.float64(-0.4131799163179916)],[np.float64(-0.2897489539748954)],[1],[0],[0],[2.0890157499998168],['Target'],exp-1-u,"001",2025-09-30_17h13.57.359,Visual Search Experiment_Urvashi Bhansali_13 September,,2025.2.0,118.39199939012315,2025-09-30 17h13.57.415959 +0530,
51,0,51,[np.float64(0.1589958158995816)],[np.float64(0.1297071129707113)],[1],[0],[0],[1.4204958330001318],['Target'],51,0,51,0,102.37636183300037,,5,102.36881816700043,102.37636183300037,102.37636183300037,0.009504541000751487,103.78936816700025,[np.float64(0.1589958158995816)],[np.float64(0.1297071129707113)],[1],[0],[0],[1.4204958330001318],['Target'],exp-1-u,"001",2025-09-30_17h13.57.359,Visual Search Experiment_Urvashi Bhansali_13 September,,2025.2.0,118.39199939012315,2025-09-30 17h13.57.415959 +0530,
52,0,52,[np.float64(-0.17782426778242677)],[np.float64(0.4089958158995816)],[1],[0],[0],[1.3888502079998943],['Target'],52,0,52,0,103.80993650000073,,5,103.80217854200055,103.80993650000073,103.80993650000073,0.011177542000041285,105.19107100000019,[np.float64(-0.17782426778242677)],[np.float64(0.4089958158995816)],[1],[0],[0],[1.3888502079998943],['Target'],exp-1-u,"001",2025-09-30_17h13.57.359,Visual Search Experiment_Urvashi Bhansali_13 September,,2025.2.0,118.39199939012315,2025-09-30 17h13.57.415959 +0530,
53,0,53,[np.float64(0.20606694560669456)],[np.float64(0.14853556485355648)],[1],[0],[0],[1.5485944169995491],['Target'],53,0,53,0,105.21773050000047,,10,105.20834737500081,105.21773050000047,105.21773050000047,0.016166958999747294,106.75699900000018,[np.float64(0.20606694560669456)],[np.float64(0.14853556485355648)],[1],[0],[0],[1.5485944169995491],['Target'],exp-1-u,"001",2025-09-30_17h13.57.359,Visual Search Experiment_Urvashi Bhansali_13 September,,2025.2.0,118.39199939012315,2025-09-30 17h13.57.415959 +0530,
54,0,54,[np.float64(0.15585774058577406)],[np.float64(-0.4801255230125523)],[1],[0],[0],[2.3548864579997826],['Target'],54,0,54,0,106.77658833300029,,5,106.76896162499997,106.77658833300029,106.77658833300029,0.010092624999742839,109.12390854200021,[np.float64(0.15585774058577406)],[np.float64(-0.4801255230125523)],[1],[0],[0],[2.3548864579997826],['Target'],exp-1-u,"001",2025-09-30_17h13.57.359,Visual Search Experiment_Urvashi Bhansali_13 September,,2025.2.0,118.39199939012315,2025-09-30 17h13.57.415959 +0530,
55,0,55,[np.float64(0.4801255230125523)],[np.float64(0.030334728033472803)],[1],[0],[0],[2.9789545829999042],['Target'],55,0,55,0,109.15381645800062,,10,109.1449899170002,109.15381645800062,109.15381645800062,0.019130417000269517,112.12398870800007,[np.float64(0.4801255230125523)],[np.float64(0.030334728033472803)],[1],[0],[0],[2.9789545829999042],['Target'],exp-1-u,"001",2025-09-30_17h13.57.359,Visual Search Experiment_Urvashi Bhansali_13 September,,2025.2.0,118.39199939012315,2025-09-30 17h13.57.415959 +0530,
56,0,56,[np.float64(-0.24790794979079497)],[np.float64(-0.03556485355648536)],[1],[0],[0],[1.8305350829996314],['Target'],56,0,56,0,112.15148954200049,,10,112.1421961670003,112.15148954200049,112.15148954200049,0.01686679100021138,113.9727702500004,[np.float64(-0.24790794979079497)],[np.float64(-0.03556485355648536)],[1],[0],[0],[1.8305350829996314],['Target'],exp-1-u,"001",2025-09-30_17h13.57.359,Visual Search Experiment_Urvashi Bhansali_13 September,,2025.2.0,118.39199939012315,2025-09-30 17h13.57.415959 +0530,
57,0,57,[np.float64(0.0397489539748954)],[np.float64(0.24372384937238495)],[1],[0],[0],[2.2243708750002043],['Target'],57,0,57,0,113.99007083300057,,5,113.98371900000075,113.99007083300057,113.99007083300057,0.00906954099991708,116.20815083300022,[np.float64(0.0397489539748954)],[np.float64(0.24372384937238495)],[1],[0],[0],[2.2243708750002043],['Target'],exp-1-u,"001",2025-09-30_17h13.57.359,Visual Search Experiment_Urvashi Bhansali_13 September,,2025.2.0,118.39199939012315,2025-09-30 17h13.57.415959 +0530,
58,0,58,[np.float64(0.30962343096234307)],[np.float64(-0.39539748953974896)],[1],[0],[0],[2.1276575000001685],['Target'],58,0,58,0,116.23657787500088,,10,116.22777416700046,116.23657787500088,116.23657787500088,0.018094916000336525,118.35546258300019,[np.float64(0.30962343096234307)],[np.float64(-0.39539748953974896)],[1],[0],[0],[2.1276575000001685],['Target'],exp-1-u,"001",2025-09-30_17h13.57.359,Visual Search Experiment_Urvashi Bhansali_13 September,,2025.2.0,118.39199939012315,2025-09-30 17h13.57.415959 +0530,
59,0,59,[np.float64(0.3253138075313807)],[np.float64(-0.30962343096234307)],[1],[0],[0],[1.5417129999996178],['Target'],59,0,59,0,118.37115766700026,,5,118.36476316700009,118.37115766700026,118.37115766700026,0.008249958000305924,119.9065300000002,[np.float64(0.3253138075313807)],[np.float64(-0.30962343096234307)],[1],[0],[0],[1.5417129999996178],['Target'],exp-1-u,"001",2025-09-30_17h13.57.359,Visual Search Experiment_Urvashi Bhansali_13 September,,2025.2.0,118.39199939012315,2025-09-30 17h13.57.415959 +0530,
60,0,60,[np.float64(-0.34205020920502094)],[np.float64(0.2594142259414226)],[1],[0],[0],[2.032089041999825],['Target'],60,0,60,0,119.93440816700058,,10,119.92478437500085,119.93440816700058,119.93440816700058,0.016684208000697254,121.95692791700003,[np.float64(-0.34205020920502094)],[np.float64(0.2594142259414226)],[1],[0],[0],[2.032089041999825],['Target'],exp-1-u,"001",2025-09-30_17h13.57.359,Visual Search Experiment_Urvashi Bhansali_13 September,,2025.2.0,118.39199939012315,2025-09-30 17h13.57.415959 +0530,
61,0,61,[np.float64(-0.25313807531380755)],[np.float64(-0.19246861924686193)],[1],[0],[0],[4.146772375000182],['Target'],61,0,61,0,121.98470162500053,,10,121.97631520800041,121.98470162500053,121.98470162500053,0.017590999999811174,126.12313600000016,[np.float64(-0.25313807531380755)],[np.float64(-0.19246861924686193)],[1],[0],[0],[4.146772375000182],['Target'],exp-1-u,"001",2025-09-30_17h13.57.359,Visual Search Experiment_Urvashi Bhansali_13 September,,2025.2.0,118.39199939012315,2025-09-30 17h13.57.415959 +0530,
62,0,62,[np.float64(-0.446652719665272)],[np.float64(-0.08054393305439331)],[1],[0],[0],[1.698902499999349],['Target'],62,0,62,0,126.15077337500043,,10,126.14082579200021,126.15077337500043,126.15077337500043,0.016064207999988867,127.83977683300054,[np.float64(-0.446652719665272)],[np.float64(-0.08054393305439331)],[1],[0],[0],[1.698902499999349],['Target'],exp-1-u,"001",2025-09-30_17h13.57.359,Visual Search Experiment_Urvashi Bhansali_13 September,,2025.2.0,118.39199939012315,2025-09-30 17h13.57.415959 +0530,
63,0,63,[np.float64(-0.46234309623430964)],[np.float64(0.0020920502092050207)],[1],[0],[0],[1.7050216249999721],['Target'],63,0,63,0,127.85818695800026,,5,127.85107325000081,127.85818695800026,127.85818695800026,0.009733290999974997,129.55614241700005,[np.float64(-0.46234309623430964)],[np.float64(0.0020920502092050207)],[1],[0],[0],[1.7050216249999721],['Target'],exp-1-u,"001",2025-09-30_17h13.57.359,Visual Search Experiment_Urvashi Bhansali_13 September,,2025.2.0,118.39199939012315,2025-09-30 17h13.57.415959 +0530,
64,0,64,[np.float64(-0.32322175732217573)],[np.float64(-0.016736401673640166)],[1],[0],[0],[1.740643624999393],['Target'],64,0,64,0,129.57490558300015,,5,129.56743237500086,129.57490558300015,129.57490558300015,0.009571958999913477,131.3081449170004,[np.float64(-0.32322175732217573)],[np.float64(-0.016736401673640166)],[1],[0],[0],[1.740643624999393],['Target'],exp-1-u,"001",2025-09-30_17h13.57.359,Visual Search Experiment_Urvashi Bhansali_13 September,,2025.2.0,118.39199939012315,2025-09-30 17h13.57.415959 +0530,
65,0,65,[np.float64(-0.4027196652719665)],[np.float64(0.01778242677824268)],[1],[0],[0],[1.0781975419995433],['Target'],65,0,65,0,131.3386015420001,,10,131.32957562500087,131.3386015420001,131.3386015420001,0.019786167000347632,132.40781991700078,[np.float64(-0.4027196652719665)],[np.float64(0.01778242677824268)],[1],[0],[0],[1.0781975419995433],['Target'],exp-1-u,"001",2025-09-30_17h13.57.359,Visual Search Experiment_Urvashi Bhansali_13 September,,2025.2.0,118.39199939012315,2025-09-30 17h13.57.415959 +0530,
66,0,66,[np.float64(0.2918410041841004)],[np.float64(0.09100418410041841)],[1],[0],[0],[1.3964694170008443],['Target'],66,0,66,0,132.4348490000002,,10,132.4260610830006,132.4348490000002,132.4348490000002,0.016440084000350907,133.82256841700018,[np.float64(0.2918410041841004)],[np.float64(0.09100418410041841)],[1],[0],[0],[1.3964694170008443],['Target'],exp-1-u,"001",2025-09-30_17h13.57.359,Visual Search Experiment_Urvashi Bhansali_13 September,,2025.2.0,118.39199939012315,2025-09-30 17h13.57.415959 +0530,
67,0,67,[np.float64(0.29811715481171547)],[np.float64(0.2928870292887029)],[1],[0],[0],[2.4515461670007426],['Target'],67,0,67,0,133.84687058300005,,10,133.83880862500064,133.84687058300005,133.84687058300005,0.014870875000269734,136.29039312500026,[np.float64(0.29811715481171547)],[np.float64(0.2928870292887029)],[1],[0],[0],[2.4515461670007426],['Target'],exp-1-u,"001",2025-09-30_17h13.57.359,Visual Search Experiment_Urvashi Bhansali_13 September,,2025.2.0,118.39199939012315,2025-09-30 17h13.57.415959 +0530,
68,0,68,[np.float64(0.12866108786610878)],[np.float64(0.04288702928870293)],[1],[0],[0],[1.7409664999995584],['Target'],68,0,68,0,136.30662991700046,,5,136.30016641700058,136.30662991700046,136.30662991700046,0.008462666000013996,138.04121312500047,[np.float64(0.12866108786610878)],[np.float64(0.04288702928870293)],[1],[0],[0],[1.7409664999995584],['Target'],exp-1-u,"001",2025-09-30_17h13.57.359,Visual Search Experiment_Urvashi Bhansali_13 September,,2025.2.0,118.39199939012315,2025-09-30 17h13.57.415959 +0530,
69,0,69,[np.float64(-0.350418410041841)],[np.float64(-0.29602510460251047)],[1],[0],[0],[1.9686817920000976],['Target'],69,0,69,0,138.06291662500007,,5,138.05464058300004,138.06291662500007,138.06291662500007,0.011746333999326453,140.02337829200042,[np.float64(-0.350418410041841)],[np.float64(-0.29602510460251047)],[1],[0],[0],[1.9686817920000976],['Target'],exp-1-u,"001",2025-09-30_17h13.57.359,Visual Search Experiment_Urvashi Bhansali_13 September,,2025.2.0,118.39199939012315,2025-09-30 17h13.57.415959 +0530,
70,0,70,[np.float64(0.3891213389121339)],[np.float64(-0.38284518828451886)],[1],[0],[0],[1.6874739579998277],['Target'],70,0,70,0,140.04411100000016,,5,140.03615133300082,140.04411100000016,140.04411100000016,0.011185000000295986,141.72366604200033,[np.float64(0.3891213389121339)],[np.float64(-0.38284518828451886)],[1],[0],[0],[1.6874739579998277],['Target'],exp-1-u,"001",2025-09-30_17h13.57.359,Visual Search Experiment_Urvashi Bhansali_13 September,,2025.2.0,118.39199939012315,2025-09-30 17h13.57.415959 +0530,
71,0,71,[np.float64(-0.3127615062761506)],[np.float64(-0.22594142259414227)],[1],[0],[0],[3.522989625000264],['Target'],71,0,71,0,141.74067729200033,,5,141.73389225000028,141.74067729200033,141.74067729200033,0.009128624999902968,145.25692704200083,[np.float64(-0.3127615062761506)],[np.float64(-0.22594142259414227)],[1],[0],[0],[3.522989625000264],['Target'],exp-1-u,"001",2025-09-30_17h13.57.359,Visual Search Experiment_Urvashi Bhansali_13 September,,2025.2.0,118.39199939012315,2025-09-30 17h13.57.415959 +0530,
72,0,72,[np.float64(0.4497907949790795)],[np.float64(0.21652719665271966)],[1],[0],[0],[1.481190792000234],['Target'],72,0,72,0,145.28523575000054,,10,145.275941375,145.28523575000054,145.28523575000054,0.017493250000370608,146.75717633300064,[np.float64(0.4497907949790795)],[np.float64(0.21652719665271966)],[1],[0],[0],[1.481190792000234],['Target'],exp-1-u,"001",2025-09-30_17h13.57.359,Visual Search Experiment_Urvashi Bhansali_13 September,,2025.2.0,118.39199939012315,2025-09-30 17h13.57.415959 +0530,
73,0,73,[np.float64(-0.301255230125523)],[np.float64(0.4895397489539749)],[1],[0],[0],[6.401825791000192],['Target'],73,0,73,0,146.78411725000024,,10,146.77494045800086,146.78411725000024,146.78411725000024,0.016156749999936437,153.17683891700017,[np.float64(-0.301255230125523)],[np.float64(0.4895397489539749)],[1],[0],[0],[6.401825791000192],['Target'],exp-1-u,"001",2025-09-30_17h13.57.359,Visual Search Experiment_Urvashi Bhansali_13 September,,2025.2.0,118.39199939012315,2025-09-30 17h13.57.415959 +0530,
74,0,74,[np.float64(-0.10146443514644352)],[np.float64(0.20920502092050208)],[1],[0],[0],[1.5448369169998841],['Target'],74,0,74,0,153.20387737500005,,10,153.194964583,153.20387737500005,153.20387737500005,0.01694958299958671,154.73983775000033,[np.float64(-0.10146443514644352)],[np.float64(0.20920502092050208)],[1],[0],[0],[1.5448369169998841],['Target'],exp-1-u,"001",2025-09-30_17h13.57.359,Visual Search Experiment_Urvashi Bhansali_13 September,,2025.2.0,118.39199939012315,2025-09-30 17h13.57.415959 +0530,
75,0,75,[np.float64(-0.006276150627615063)],[np.float64(-0.2918410041841004)],[1],[0],[0],[2.5079711670005054],['Target'],75,0,75,0,154.75754054200024,,5,154.75021137500062,154.75754054200024,154.75754054200024,0.009082124999622465,157.25825775000067,[np.float64(-0.006276150627615063)],[np.float64(-0.2918410041841004)],[1],[0],[0],[2.5079711670005054],['Target'],exp-1-u,"001",2025-09-30_17h13.57.359,Visual Search Experiment_Urvashi Bhansali_13 September,,2025.2.0,118.39199939012315,2025-09-30 17h13.57.415959 +0530,
76,0,76,[np.float64(0.3410041841004184)],[np.float64(-0.3410041841004184)],[1],[0],[0],[3.077197165999678],['Target'],76,0,76,0,157.28906395800004,,10,157.27983125000083,157.28906395800004,157.28906395800004,0.020078749999811407,160.3570867920007,[np.float64(0.3410041841004184)],[np.float64(-0.3410041841004184)],[1],[0],[0],[3.077197165999678],['Target'],exp-1-u,"001",2025-09-30_17h13.57.359,Visual Search Experiment_Urvashi Bhansali_13 September,,2025.2.0,118.39199939012315,2025-09-30 17h13.57.415959 +0530,
77,0,77,[np.float64(-0.23221757322175732)],[np.float64(0.2594142259414226)],[1],[0],[0],[2.453774916999464],['Target'],77,0,77,0,160.37673216700023,,5,160.36912208300055,160.37673216700023,160.37673216700023,0.010453916999722423,162.82295825000074,[np.float64(-0.23221757322175732)],[np.float64(0.2594142259414226)],[1],[0],[0],[2.453774916999464],['Target'],exp-1-u,"001",2025-09-30_17h13.57.359,Visual Search Experiment_Urvashi Bhansali_13 September,,2025.2.0,118.39199939012315,2025-09-30 17h13.57.415959 +0530,
78,0,78,[np.float64(0.08368200836820083)],[np.float64(-0.39539748953974896)],[1],[0],[0],[2.087249625000368],['Target'],78,0,78,0,162.84401200000048,,5,162.83587366700067,162.84401200000048,162.84401200000048,0.011190541999894776,164.92318333300045,[np.float64(0.08368200836820083)],[np.float64(-0.39539748953974896)],[1],[0],[0],[2.087249625000368],['Target'],exp-1-u,"001",2025-09-30_17h13.57.359,Visual Search Experiment_Urvashi Bhansali_13 September,,2025.2.0,118.39199939012315,2025-09-30 17h13.57.415959 +0530,
79,0,79,[np.float64(-0.39644351464435146)],[np.float64(-0.3169456066945607)],[1],[0],[0],[4.953880541999752],['Target'],79,0,79,0,164.9441114580004,,5,164.9361770000005,164.9441114580004,164.9441114580004,0.011440207999839913,169.8901151250002,[np.float64(-0.39644351464435146)],[np.float64(-0.3169456066945607)],[1],[0],[0],[4.953880541999752],['Target'],exp-1-u,"001",2025-09-30_17h13.57.359,Visual Search Experiment_Urvashi Bhansali_13 September,,2025.2.0,118.39199939012315,2025-09-30 17h13.57.415959 +0530,
80,0,80,[np.float64(0.3054393305439331)],[np.float64(-0.01778242677824268)],[1],[0],[0],[1.9707100830000854],['Target'],80,0,80,0,169.9111887500003,,5,169.90281429200058,169.9111887500003,169.9111887500003,0.011119957999653707,171.87359487499998,[np.float64(0.3054393305439331)],[np.float64(-0.01778242677824268)],[1],[0],[0],[1.9707100830000854],['Target'],exp-1-u,"001",2025-09-30_17h13.57.359,Visual Search Experiment_Urvashi Bhansali_13 September,,2025.2.0,118.39199939012315,2025-09-30 17h13.57.415959 +0530,
81,0,81,[np.float64(0.2824267782426778)],[np.float64(0.010460251046025104)],[1],[0],[0],[1.278371999999763],['Target'],81,0,81,0,171.90371770800084,,10,171.89458224999998,171.90371770800084,171.90371770800084,0.019413250000070548,173.1730082920003,[np.float64(0.2824267782426778)],[np.float64(0.010460251046025104)],[1],[0],[0],[1.278371999999763],['Target'],exp-1-u,"001",2025-09-30_17h13.57.359,Visual Search Experiment_Urvashi Bhansali_13 September,,2025.2.0,118.39199939012315,2025-09-30 17h13.57.415959 +0530,
82,0,82,[np.float64(-0.41631799163179917)],[np.float64(0.47384937238493724)],[1],[0],[0],[2.967202875000112],['Target'],82,0,82,0,173.20172629200079,,10,173.19278654200025,173.20172629200079,173.20172629200079,0.018602916999952868,176.16005258300083,[np.float64(-0.41631799163179917)],[np.float64(0.47384937238493724)],[1],[0],[0],[2.967202875000112],['Target'],exp-1-u,"001",2025-09-30_17h13.57.359,Visual Search Experiment_Urvashi Bhansali_13 September,,2025.2.0,118.39199939012315,2025-09-30 17h13.57.415959 +0530,
83,0,83,[np.float64(0.13389121338912133)],[np.float64(-0.03138075313807531)],[1],[0],[0],[3.2974659169994993],['Target'],83,0,83,0,176.1857947920007,,10,176.1767225830008,176.1857947920007,176.1857947920007,0.015511749999859603,179.47425354200004,[np.float64(0.13389121338912133)],[np.float64(-0.03138075313807531)],[1],[0],[0],[3.2974659169994993],['Target'],exp-1-u,"001",2025-09-30_17h13.57.359,Visual Search Experiment_Urvashi Bhansali_13 September,,2025.2.0,118.39199939012315,2025-09-30 17h13.57.415959 +0530,
84,0,84,[np.float64(-0.014644351464435146)],[np.float64(0.027196652719665274)],[1],[0],[0],[3.470906209000532],['Target'],84,0,84,0,179.49442795800041,,5,179.48649150000074,179.49442795800041,179.49442795800041,0.010405833999357128,182.9574652500005,[np.float64(-0.014644351464435146)],[np.float64(0.027196652719665274)],[1],[0],[0],[3.470906209000532],['Target'],exp-1-u,"001",2025-09-30_17h13.57.359,Visual Search Experiment_Urvashi Bhansali_13 September,,2025.2.0,118.39199939012315,2025-09-30 17h13.57.415959 +0530,
85,0,85,[np.float64(-0.3023012552301255)],[np.float64(-0.45397489539748953)],[1],[0],[0],[4.161330417000499],['Target'],85,0,85,0,182.9878790420007,,10,182.97868850000032,182.9878790420007,182.9878790420007,0.01929387499967561,187.1400620000004,[np.float64(-0.3023012552301255)],[np.float64(-0.45397489539748953)],[1],[0],[0],[4.161330417000499],['Target'],exp-1-u,"001",2025-09-30_17h13.57.359,Visual Search Experiment_Urvashi Bhansali_13 September,,2025.2.0,118.39199939012315,2025-09-30 17h13.57.415959 +0530,
86,0,86,[np.float64(0.036610878661087864)],[np.float64(-0.4309623430962343)],[1],[0],[0],[3.015164124999501],['Target'],86,0,86,0,187.1670939580008,,10,187.15826512500007,187.1670939580008,187.1670939580008,0.016625500000372995,190.17346166700008,[np.float64(0.036610878661087864)],[np.float64(-0.4309623430962343)],[1],[0],[0],[3.015164124999501],['Target'],exp-1-u,"001",2025-09-30_17h13.57.359,Visual Search Experiment_Urvashi Bhansali_13 September,,2025.2.0,118.39199939012315,2025-09-30 17h13.57.415959 +0530,
87,0,87,[np.float64(-0.34518828451882844)],[np.float64(0.12343096234309624)],[1],[0],[0],[2.1078236659996037],['Target'],87,0,87,0,190.18925275000038,,5,190.18297441700088,190.18925275000038,190.18925275000038,0.008601457999247941,192.29085620800015,[np.float64(-0.34518828451882844)],[np.float64(0.12343096234309624)],[1],[0],[0],[2.1078236659996037],['Target'],exp-1-u,"001",2025-09-30_17h13.57.359,Visual Search Experiment_Urvashi Bhansali_13 September,,2025.2.0,118.39199939012315,2025-09-30 17h13.57.415959 +0530,
88,0,88,[np.float64(-0.12343096234309624)],[np.float64(-0.2384937238493724)],[1],[0],[0],[4.06311100000039],['Target'],88,0,88,0,192.31898983300016,,10,192.3098894170007,192.31898983300016,192.31898983300016,0.017874542000754445,196.37306950000038,[np.float64(-0.12343096234309624)],[np.float64(-0.2384937238493724)],[1],[0],[0],[4.06311100000039],['Target'],exp-1-u,"001",2025-09-30_17h13.57.359,Visual Search Experiment_Urvashi Bhansali_13 September,,2025.2.0,118.39199939012315,2025-09-30 17h13.57.415959 +0530,
89,0,89,[np.float64(-0.038702928870292884)],[np.float64(-0.28556485355648537)],[1],[0],[0],[3.1070193340001424],['Target'],89,0,89,0,196.3905902080005,,5,196.38363908300016,196.3905902080005,196.3905902080005,0.009231416000147874,199.49070783300067,[np.float64(-0.038702928870292884)],[np.float64(-0.28556485355648537)],[1],[0],[0],[3.1070193340001424],['Target'],exp-1-u,"001",2025-09-30_17h13.57.359,Visual Search Experiment_Urvashi Bhansali_13 September,,2025.2.0,118.39199939012315,2025-09-30 17h13.57.415959 +0530,
90,0,90,[np.float64(0.034518828451882845)],[np.float64(-0.3608786610878661)],[1],[0],[0],[1.6219650410002941],['Target'],90,0,90,0,199.509247125,,5,199.50188850000086,199.509247125,199.509247125,0.009843917000580404,201.12391829200078,[np.float64(0.034518828451882845)],[np.float64(-0.3608786610878661)],[1],[0],[0],[1.6219650410002941],['Target'],exp-1-u,"001",2025-09-30_17h13.57.359,Visual Search Experiment_Urvashi Bhansali_13 September,,2025.2.0,118.39199939012315,2025-09-30 17h13.57.415959 +0530,
91,0,91,[np.float64(0.15271966527196654)],[np.float64(-0.46129707112970714)],[1],[0],[0],[2.1371072920001097],['Target'],91,0,91,0,201.144946333,,5,201.1369030830001,201.144946333,201.144946333,0.011069791999943845,203.2740622500005,[np.float64(0.15271966527196654)],[np.float64(-0.46129707112970714)],[1],[0],[0],[2.1371072920001097],['Target'],exp-1-u,"001",2025-09-30_17h13.57.359,Visual Search Experiment_Urvashi Bhansali_13 September,,2025.2.0,118.39199939012315,2025-09-30 17h13.57.415959 +0530,
92,0,92,[np.float64(0.4497907949790795)],[np.float64(0.3587866108786611)],[1],[0],[0],[2.136554083000192],['Target'],92,0,92,0,203.29508983300002,,5,203.28714670800036,203.29508983300002,203.29508983300002,0.011604208999415278,205.42377687500084,[np.float64(0.4497907949790795)],[np.float64(0.3587866108786611)],[1],[0],[0],[2.136554083000192],['Target'],exp-1-u,"001",2025-09-30_17h13.57.359,Visual Search Experiment_Urvashi Bhansali_13 September,,2025.2.0,118.39199939012315,2025-09-30 17h13.57.415959 +0530,
93,0,93,[np.float64(0.35564853556485354)],[np.float64(0.42782426778242677)],[1],[0],[0],[1.577129917000093],['Target'],93,0,93,0,205.4558507920001,,10,205.4461744580003,205.4558507920001,205.4558507920001,0.0206243339998764,207.02335545800088,[np.float64(0.35564853556485354)],[np.float64(0.42782426778242677)],[1],[0],[0],[1.577129917000093],['Target'],exp-1-u,"001",2025-09-30_17h13.57.359,Visual Search Experiment_Urvashi Bhansali_13 September,,2025.2.0,118.39199939012315,2025-09-30 17h13.57.415959 +0530,
94,0,94,[np.float64(-0.46129707112970714)],[np.float64(0.4236401673640167)],[1],[0],[0],[2.182243500000368],['Target'],94,0,94,0,207.0508840420007,,10,207.04125858300085,207.0508840420007,207.0508840420007,0.016492749999997613,209.22354779200032,[np.float64(-0.46129707112970714)],[np.float64(0.4236401673640167)],[1],[0],[0],[2.182243500000368],['Target'],exp-1-u,"001",2025-09-30_17h13.57.359,Visual Search Experiment_Urvashi Bhansali_13 September,,2025.2.0,118.39199939012315,2025-09-30 17h13.57.415959 +0530,
95,0,95,[np.float64(-0.3692468619246862)],[np.float64(0.012552301255230125)],[1],[0],[0],[1.8558184170005916],['Target'],95,0,95,0,209.24319341700084,,5,209.2352995000001,209.24319341700084,209.24319341700084,0.01006687500012049,211.0911822500002,[np.float64(-0.3692468619246862)],[np.float64(0.012552301255230125)],[1],[0],[0],[1.8558184170005916],['Target'],exp-1-u,"001",2025-09-30_17h13.57.359,Visual Search Experiment_Urvashi Bhansali_13 September,,2025.2.0,118.39199939012315,2025-09-30 17h13.57.415959 +0530,
96,0,96,[np.float64(-0.4801255230125523)],[np.float64(0.4895397489539749)],[1],[0],[0],[3.54014187499979],[None],96,0,96,0,211.11208804200032,,5,211.1040067920003,211.11208804200032,211.11208804200032,0.011335249999319785,214.64421887500066,[np.float64(-0.4801255230125523)],[np.float64(0.4895397489539749)],[1],[0],[0],[3.54014187499979],[None],exp-1-u,"001",2025-09-30_17h13.57.359,Visual Search Experiment_Urvashi Bhansali_13 September,,2025.2.0,118.39199939012315,2025-09-30 17h13.57.415959 +0530,
97,0,97,[np.float64(-0.38493723849372385)],[np.float64(-0.07112970711297072)],[1],[0],[0],[2.1002367080000113],['Target'],97,0,97,0,214.66352095800084,,5,214.6563582080007,214.66352095800084,214.66352095800084,0.010592542000267713,216.75665995800045,[np.float64(-0.38493723849372385)],[np.float64(-0.07112970711297072)],[1],[0],[0],[2.1002367080000113],['Target'],exp-1-u,"001",2025-09-30_17h13.57.359,Visual Search Experiment_Urvashi Bhansali_13 September,,2025.2.0,118.39199939012315,2025-09-30 17h13.57.415959 +0530,
98,0,98,[np.float64(-0.028242677824267783)],[np.float64(0.14539748953974896)],[1],[0],[0],[2.5715732079997906],['Target'],98,0,98,0,216.7788379170006,,5,216.770104833,216.7788379170006,216.7788379170006,0.011935208000068087,219.3417555420001,[np.float64(-0.028242677824267783)],[np.float64(0.14539748953974896)],[1],[0],[0],[2.5715732079997906],['Target'],exp-1-u,"001",2025-09-30_17h13.57.359,Visual Search Experiment_Urvashi Bhansali_13 September,,2025.2.0,118.39199939012315,2025-09-30 17h13.57.415959 +0530,
99,0,99,[np.float64(-0.23430962343096234)],[np.float64(0.17154811715481172)],[1],[0],[0],[3.301961332999781],['Target'],99,0,99,0,219.36320270800024,,5,219.35511266700087,219.36320270800024,219.36320270800024,0.011749291999876732,222.65715241700036,[np.float64(-0.23430962343096234)],[np.float64(0.17154811715481172)],[1],[0],[0],[3.301961332999781],['Target'],exp-1-u,"001",2025-09-30_17h13.57.359,Visual Search Experiment_Urvashi Bhansali_13 September,,2025.2.0,118.39199939012315,2025-09-30 17h13.57.415959 +0530,
100,0,100,[np.float64(-0.4686192468619247)],[np.float64(0.08158995815899582)],[1],[0],[0],[1.5197114160000638],['Target'],100,0,100,0,222.6794961250007,,5,222.6705335000006,222.6794961250007,222.6794961250007,0.01179687500007276,224.19030016700071,[np.float64(-0.4686192468619247)],[np.float64(0.08158995815899582)],[1],[0],[0],[1.5197114160000638],['Target'],exp-1-u,"001",2025-09-30_17h13.57.359,Visual Search Experiment_Urvashi Bhansali_13 September,,2025.2.0,118.39199939012315,2025-09-30 17h13.57.415959 +0530,
101,0,101,[np.float64(-0.32426778242677823)],[np.float64(-0.4790794979079498)],[1],[0],[0],[3.1289187499996842],['Target'],101,0,101,0,224.21901700000035,,10,224.21022616700066,224.21901700000035,224.21901700000035,0.01805379199959134,227.33918320800058,[np.float64(-0.32426778242677823)],[np.float64(-0.4790794979079498)],[1],[0],[0],[3.1289187499996842],['Target'],exp-1-u,"001",2025-09-30_17h13.57.359,Visual Search Experiment_Urvashi Bhansali_13 September,,2025.2.0,118.39199939012315,2025-09-30 17h13.57.415959 +0530,
102,0,102,[np.float64(-0.10669456066945607)],[np.float64(0.2824267782426778)],[1],[0],[0],[2.1576874580005097],['Target'],102,0,102,0,227.35573945800024,,5,227.34936508300052,227.35573945800024,227.35573945800024,0.008458457999950042,229.50710691700078,[np.float64(-0.10669456066945607)],[np.float64(0.2824267782426778)],[1],[0],[0],[2.1576874580005097],['Target'],exp-1-u,"001",2025-09-30_17h13.57.359,Visual Search Experiment_Urvashi Bhansali_13 September,,2025.2.0,118.39199939012315,2025-09-30 17h13.57.415959 +0530,
103,0,103,[np.float64(0.3912133891213389)],[np.float64(-0.15376569037656904)],[1],[0],[0],[1.5621585420003612],['Target'],103,0,103,0,229.537247708,,10,229.52795141700062,229.537247708,229.537247708,0.019773875000282715,231.09015112500038,[np.float64(0.3912133891213389)],[np.float64(-0.15376569037656904)],[1],[0],[0],[1.5621585420003612],['Target'],exp-1-u,"001",2025-09-30_17h13.57.359,Visual Search Experiment_Urvashi Bhansali_13 September,,2025.2.0,118.39199939012315,2025-09-30 17h13.57.415959 +0530,
104,0,104,[np.float64(0.03138075313807531)],[np.float64(-0.0899581589958159)],[1],[0],[0],[3.2988359580003817],['Target'],104,0,104,0,231.11753741700068,,10,231.107767083,231.11753741700068,231.11753741700068,0.01669487500021205,234.40665216700017,[np.float64(0.03138075313807531)],[np.float64(-0.0899581589958159)],[1],[0],[0],[3.2988359580003817],['Target'],exp-1-u,"001",2025-09-30_17h13.57.359,Visual Search Experiment_Urvashi Bhansali_13 September,,2025.2.0,118.39199939012315,2025-09-30 17h13.57.415959 +0530,
105,0,105,[np.float64(0.33577405857740583)],[np.float64(-0.2719665271966527)],[1],[0],[0],[1.905410583000048],['Target'],105,0,105,0,234.42522325000027,,5,234.4179939580008,234.42522325000027,234.42522325000027,0.009700583000267216,236.32347350000055,[np.float64(0.33577405857740583)],[np.float64(-0.2719665271966527)],[1],[0],[0],[1.905410583000048],['Target'],exp-1-u,"001",2025-09-30_17h13.57.359,Visual Search Experiment_Urvashi Bhansali_13 September,,2025.2.0,118.39199939012315,2025-09-30 17h13.57.415959 +0530,
106,0,106,[np.float64(-0.08891213389121339)],[np.float64(0.20502092050209206)],[1],[0],[0],[3.4447024999999485],['Target'],106,0,106,0,236.35382475000006,,10,236.34481691700057,236.35382475000006,236.35382475000006,0.0194782500002475,239.7895572920006,[np.float64(-0.08891213389121339)],[np.float64(0.20502092050209206)],[1],[0],[0],[3.4447024999999485],['Target'],exp-1-u,"001",2025-09-30_17h13.57.359,Visual Search Experiment_Urvashi Bhansali_13 September,,2025.2.0,118.39199939012315,2025-09-30 17h13.57.415959 +0530,
107,0,107,[np.float64(-0.4205020920502092)],[np.float64(0.016736401673640166)],[1],[0],[0],[1.622327416999724],['Target'],107,0,107,0,239.8071372080003,,5,239.80016150000029,239.8071372080003,239.8071372080003,0.009092917000089074,241.42253779200018,[np.float64(-0.4205020920502092)],[np.float64(0.016736401673640166)],[1],[0],[0],[1.622327416999724],['Target'],exp-1-u,"001",2025-09-30_17h13.57.359,Visual Search Experiment_Urvashi Bhansali_13 September,,2025.2.0,118.39199939012315,2025-09-30 17h13.57.415959 +0530,
108,0,108,[np.float64(-0.2384937238493724)],[np.float64(-0.4299163179916318)],[1],[0],[0],[1.8228250409993052],['Target'],108,0,108,0,241.44157004200042,,5,241.43396095800017,241.44157004200042,241.44157004200042,0.009959583999261667,243.2568478330004,[np.float64(-0.2384937238493724)],[np.float64(-0.4299163179916318)],[1],[0],[0],[1.8228250409993052],['Target'],exp-1-u,"001",2025-09-30_17h13.57.359,Visual Search Experiment_Urvashi Bhansali_13 September,,2025.2.0,118.39199939012315,2025-09-30 17h13.57.415959 +0530,
109,0,109,[np.float64(0.19142259414225943)],[np.float64(-0.036610878661087864)],[1],[0],[0],[8.328735458000665],['Target'],109,0,109,0,243.28669337500014,,10,243.27750062500036,243.28669337500014,243.28669337500014,0.019095499999821186,251.60629083300046,[np.float64(0.19142259414225943)],[np.float64(-0.036610878661087864)],[1],[0],[0],[8.328735458000665],['Target'],exp-1-u,"001",2025-09-30_17h13.57.359,Visual Search Experiment_Urvashi Bhansali_13 September,,2025.2.0,118.39199939012315,2025-09-30 17h13.57.415959 +0530,
110,0,110,[np.float64(-0.17468619246861924)],[np.float64(-0.3472803347280335)],[1],[0],[0],[2.0897667079998428],['Target'],110,0,110,0,251.62449529200057,,5,251.61750741700052,251.62449529200057,251.62449529200057,0.00938420800048334,253.7073558330003,[np.float64(-0.17468619246861924)],[np.float64(-0.3472803347280335)],[1],[0],[0],[2.0897667079998428],['Target'],exp-1-u,"001",2025-09-30_17h13.57.359,Visual Search Experiment_Urvashi Bhansali_13 September,,2025.2.0,118.39199939012315,2025-09-30 17h13.57.415959 +0530,
111,0,111,[np.float64(0.20711297071129708)],[np.float64(-0.17573221757322174)],[1],[0],[0],[2.243600165999851],['Target'],111,0,111,0,253.73872041700088,,10,253.7294387080001,253.73872041700088,253.73872041700088,0.019777167000029294,255.97308987500037,[np.float64(0.20711297071129708)],[np.float64(-0.17573221757322174)],[1],[0],[0],[2.243600165999851],['Target'],exp-1-u,"001",2025-09-30_17h13.57.359,Visual Search Experiment_Urvashi Bhansali_13 September,,2025.2.0,118.39199939012315,2025-09-30 17h13.57.415959 +0530,
112,0,112,[np.float64(-0.12866108786610878)],[np.float64(-0.09518828451882845)],[1],[0],[0],[1.8390434580005603],['Target'],112,0,112,0,255.99093637500027,,5,255.98386237500017,255.99093637500027,255.99093637500027,0.009264124999390333,257.822954667,[np.float64(-0.12866108786610878)],[np.float64(-0.09518828451882845)],[1],[0],[0],[1.8390434580005603],['Target'],exp-1-u,"001",2025-09-30_17h13.57.359,Visual Search Experiment_Urvashi Bhansali_13 September,,2025.2.0,118.39199939012315,2025-09-30 17h13.57.415959 +0530,
113,0,113,[np.float64(0.42677824267782427)],[np.float64(0.46548117154811713)],[1],[0],[0],[3.826244582999607],['Target'],113,0,113,0,257.8421525830008,,5,257.83429008300027,257.8421525830008,257.8421525830008,0.0098563749997993,261.6606135000002,[np.float64(0.42677824267782427)],[np.float64(0.46548117154811713)],[1],[0],[0],[3.826244582999607],['Target'],exp-1-u,"001",2025-09-30_17h13.57.359,Visual Search Experiment_Urvashi Bhansali_13 September,,2025.2.0,118.39199939012315,2025-09-30 17h13.57.415959 +0530,
114,0,114,[np.float64(0.41631799163179917)],[np.float64(0.47280334728033474)],[1],[0],[0],[1.062504333999641],['Target'],114,0,114,0,261.68923229200027,,10,261.67985000000044,261.68923229200027,261.68923229200027,0.017917124999257794,262.7424120830001,[np.float64(0.41631799163179917)],[np.float64(0.47280334728033474)],[1],[0],[0],[1.062504333999641],['Target'],exp-1-u,"001",2025-09-30_17h13.57.359,Visual Search Experiment_Urvashi Bhansali_13 September,,2025.2.0,118.39199939012315,2025-09-30 17h13.57.415959 +0530,
115,0,115,[np.float64(-0.07322175732217573)],[np.float64(-0.37656903765690375)],[1],[0],[0],[2.3710156249999272],['Target'],115,0,115,0,262.75983183300013,,5,262.75263687500046,262.75983183300013,262.75983183300013,0.008919167000385642,265.1237317920004,[np.float64(-0.07322175732217573)],[np.float64(-0.37656903765690375)],[1],[0],[0],[2.3710156249999272],['Target'],exp-1-u,"001",2025-09-30_17h13.57.359,Visual Search Experiment_Urvashi Bhansali_13 September,,2025.2.0,118.39199939012315,2025-09-30 17h13.57.415959 +0530,
116,0,116,[np.float64(0.16317991631799164)],[np.float64(0.4571129707112971)],[1],[0],[0],[1.7535241250006948],['Target'],116,0,116,0,265.144812042,,5,265.13671966700076,265.144812042,265.144812042,0.01151279199984856,266.89029800000026,[np.float64(0.16317991631799164)],[np.float64(0.4571129707112971)],[1],[0],[0],[1.7535241250006948],['Target'],exp-1-u,"001",2025-09-30_17h13.57.359,Visual Search Experiment_Urvashi Bhansali_13 September,,2025.2.0,118.39199939012315,2025-09-30 17h13.57.415959 +0530,
117,0,117,[np.float64(0.04079497907949791)],[np.float64(0.038702928870292884)],[1],[0],[0],[1.4884277499995733],['Target'],117,0,117,0,266.909823125,,5,266.90205525000056,266.909823125,266.909823125,0.009906833000059123,268.3905391670005,[np.float64(0.04079497907949791)],[np.float64(0.038702928870292884)],[1],[0],[0],[1.4884277499995733],['Target'],exp-1-u,"001",2025-09-30_17h13.57.359,Visual Search Experiment_Urvashi Bhansali_13 September,,2025.2.0,118.39199939012315,2025-09-30 17h13.57.415959 +0530,
118,0,118,[np.float64(0.19351464435146443)],[np.float64(0.4320083682008368)],[1],[0],[0],[2.177283582999735],['Target'],118,0,118,0,268.4209526250006,,10,268.411750792,268.4209526250006,268.4209526250006,0.019359375000021828,270.5890678330006,[np.float64(0.19351464435146443)],[np.float64(0.4320083682008368)],[1],[0],[0],[2.177283582999735],['Target'],exp-1-u,"001",2025-09-30_17h13.57.359,Visual Search Experiment_Urvashi Bhansali_13 September,,2025.2.0,118.39199939012315,2025-09-30 17h13.57.415959 +0530,
119,0,119,[np.float64(0.47594142259414224)],[np.float64(0.4320083682008368)],[1],[0],[0],[2.183391292000124],['Target'],119,0,119,0,270.6148369170005,,10,270.60634491700057,270.6148369170005,270.6148369170005,0.016311874999701104,272.7897782500004,[np.float64(0.47594142259414224)],[np.float64(0.4320083682008368)],[1],[0],[0],[2.183391292000124],['Target'],exp-1-u,"001",2025-09-30_17h13.57.359,Visual Search Experiment_Urvashi Bhansali_13 September,,2025.2.0,118.39199939012315,2025-09-30 17h13.57.415959 +0530,
120,0,120,[np.float64(0.1297071129707113)],[np.float64(-0.09623430962343096)],[1],[0],[0],[3.649252957999124],['Target'],120,0,120,0,272.817304917,,10,272.8081230830003,272.817304917,272.817304917,0.017283416999816836,276.4574474580004,[np.float64(0.1297071129707113)],[np.float64(-0.09623430962343096)],[1],[0],[0],[3.649252957999124],['Target'],exp-1-u,"001",2025-09-30_17h13.57.359,Visual Search Experiment_Urvashi Bhansali_13 September,,2025.2.0,118.39199939012315,2025-09-30 17h13.57.415959 +0530,
121,0,121,[np.float64(-0.10355648535564854)],[np.float64(0.4299163179916318)],[1],[0],[0],[2.1048245410001982],['Target'],121,0,121,0,276.47758333300044,,5,276.469619083,276.47758333300044,276.47758333300044,0.010327749999305524,278.57452700000067,[np.float64(-0.10355648535564854)],[np.float64(0.4299163179916318)],[1],[0],[0],[2.1048245410001982],['Target'],exp-1-u,"001",2025-09-30_17h13.57.359,Visual Search Experiment_Urvashi Bhansali_13 September,,2025.2.0,118.39199939012315,2025-09-30 17h13.57.415959 +0530,
122,0,122,[np.float64(-0.4560669456066946)],[np.float64(0.02405857740585774)],[1],[0],[0],[1.734693917000186],['Target'],122,0,122,0,278.59705462500006,,5,278.58858645800046,278.59705462500006,278.59705462500006,0.01227283299976989,280.3233292500008,[np.float64(-0.4560669456066946)],[np.float64(0.02405857740585774)],[1],[0],[0],[1.734693917000186],['Target'],exp-1-u,"001",2025-09-30_17h13.57.359,Visual Search Experiment_Urvashi Bhansali_13 September,,2025.2.0,118.39199939012315,2025-09-30 17h13.57.415959 +0530,
123,0,123,[np.float64(-0.13389121338912133)],[np.float64(-0.1809623430962343)],[1],[0],[0],[2.953744208999524],['Target'],123,0,123,0,280.34417741700054,,5,280.3362232920008,280.34417741700054,280.34417741700054,0.01126383300015732,283.29003337500035,[np.float64(-0.13389121338912133)],[np.float64(-0.1809623430962343)],[1],[0],[0],[2.953744208999524],['Target'],exp-1-u,"001",2025-09-30_17h13.57.359,Visual Search Experiment_Urvashi Bhansali_13 September,,2025.2.0,118.39199939012315,2025-09-30 17h13.57.415959 +0530,
124,0,124,[np.float64(-0.06903765690376569)],[np.float64(0.20606694560669456)],[1],[0],[0],[2.803677208999943],['Target'],124,0,124,0,283.3105112500007,,5,283.30247641700043,283.3105112500007,283.3105112500007,0.010890458000176295,286.10621141700085,[np.float64(-0.06903765690376569)],[np.float64(0.20606694560669456)],[1],[0],[0],[2.803677208999943],['Target'],exp-1-u,"001",2025-09-30_17h13.57.359,Visual Search Experiment_Urvashi Bhansali_13 September,,2025.2.0,118.39199939012315,2025-09-30 17h13.57.415959 +0530,
125,0,125,[np.float64(-0.029288702928870293)],[np.float64(0.3682008368200837)],[1],[0],[0],[1.4385069579993797],['Target'],125,0,125,0,286.1274928750008,,5,286.1190240420001,286.1274928750008,286.1274928750008,0.011275415999989491,287.55759433300045,[np.float64(-0.029288702928870293)],[np.float64(0.3682008368200837)],[1],[0],[0],[1.4385069579993797],['Target'],exp-1-u,"001",2025-09-30_17h13.57.359,Visual Search Experiment_Urvashi Bhansali_13 September,,2025.2.0,118.39199939012315,2025-09-30 17h13.57.415959 +0530,
126,0,126,[np.float64(0.3399581589958159)],[np.float64(0.04602510460251046)],[1],[0],[0],[1.402817000000141],['Target'],126,0,126,0,287.57917004200044,,5,287.57083587500074,287.57917004200044,287.57917004200044,0.011448833999565977,288.9737313330006,[np.float64(0.3399581589958159)],[np.float64(0.04602510460251046)],[1],[0],[0],[1.402817000000141],['Target'],exp-1-u,"001",2025-09-30_17h13.57.359,Visual Search Experiment_Urvashi Bhansali_13 September,,2025.2.0,118.39199939012315,2025-09-30 17h13.57.415959 +0530,
127,0,127,[np.float64(0.29916317991631797)],[np.float64(-0.18305439330543932)],[1],[0],[0],[2.0035874579998563],['Target'],127,0,127,0,288.99569175000033,,5,288.9870542080007,288.99569175000033,288.99569175000033,0.011660375000246859,290.99070208300054,[np.float64(0.29916317991631797)],[np.float64(-0.18305439330543932)],[1],[0],[0],[2.0035874579998563],['Target'],exp-1-u,"001",2025-09-30_17h13.57.359,Visual Search Experiment_Urvashi Bhansali_13 September,,2025.2.0,118.39199939012315,2025-09-30 17h13.57.415959 +0530,
128,0,128,[np.float64(-0.37656903765690375)],[np.float64(-0.13179916317991633)],[1],[0],[0],[2.0866294160005054],['Target'],128,0,128,0,291.0108633330001,,5,291.0027340830002,291.0108633330001,291.0108633330001,0.010487874999853375,293.0894194580005,[np.float64(-0.37656903765690375)],[np.float64(-0.13179916317991633)],[1],[0],[0],[2.0866294160005054],['Target'],exp-1-u,"001",2025-09-30_17h13.57.359,Visual Search Experiment_Urvashi Bhansali_13 September,,2025.2.0,118.39199939012315,2025-09-30 17h13.57.415959 +0530,
129,0,129,[np.float64(0.4801255230125523)],[np.float64(0.11820083682008369)],[1],[0],[0],[1.7462529590002305],['Target'],129,0,129,0,293.1186687500003,,10,293.1093095420001,293.1186687500003,293.1186687500003,0.018253583999467082,294.8555986670008,[np.float64(0.4801255230125523)],[np.float64(0.11820083682008369)],[1],[0],[0],[1.7462529590002305],['Target'],exp-1-u,"001",2025-09-30_17h13.57.359,Visual Search Experiment_Urvashi Bhansali_13 September,,2025.2.0,118.39199939012315,2025-09-30 17h13.57.415959 +0530,
130,0,130,[np.float64(-0.03765690376569038)],[np.float64(-0.34518828451882844)],[1],[0],[0],[2.4017342919996736],['Target'],130,0,130,0,294.879783333,,10,294.8717708330005,294.879783333,294.879783333,0.014713083000060578,297.2735512920008,[np.float64(-0.03765690376569038)],[np.float64(-0.34518828451882844)],[1],[0],[0],[2.4017342919996736],['Target'],exp-1-u,"001",2025-09-30_17h13.57.359,Visual Search Experiment_Urvashi Bhansali_13 September,,2025.2.0,118.39199939012315,2025-09-30 17h13.57.415959 +0530,
131,0,131,[np.float64(0.3807531380753138)],[np.float64(0.3608786610878661)],[1],[0],[0],[2.9226751659998627],['Target'],131,0,131,0,297.29102304200023,,5,297.2843353750004,297.29102304200023,297.29102304200023,0.009244040999874414,300.207077,[np.float64(0.3807531380753138)],[np.float64(0.3608786610878661)],[1],[0],[0],[2.9226751659998627],['Target'],exp-1-u,"001",2025-09-30_17h13.57.359,Visual Search Experiment_Urvashi Bhansali_13 September,,2025.2.0,118.39199939012315,2025-09-30 17h13.57.415959 +0530,
132,0,132,[np.float64(0.04497907949790795)],[np.float64(0.37447698744769875)],[1],[0],[0],[2.345184750000044],['Target'],132,0,132,0,300.2373115420005,,10,300.2278227500001,300.2373115420005,300.2373115420005,0.01885708300051192,302.57304850000037,[np.float64(0.04497907949790795)],[np.float64(0.37447698744769875)],[1],[0],[0],[2.345184750000044],['Target'],exp-1-u,"001",2025-09-30_17h13.57.359,Visual Search Experiment_Urvashi Bhansali_13 September,,2025.2.0,118.39199939012315,2025-09-30 17h13.57.415959 +0530,
133,0,133,[np.float64(-0.3023012552301255)],[np.float64(-0.4089958158995816)],[1],[0],[0],[2.4491853749996153],['Target'],133,0,133,0,302.59892387500076,,10,302.59027975000026,302.59892387500076,302.59892387500076,0.01607966600022337,305.03950279200035,[np.float64(-0.3023012552301255)],[np.float64(-0.4089958158995816)],[1],[0],[0],[2.4491853749996153],['Target'],exp-1-u,"001",2025-09-30_17h13.57.359,Visual Search Experiment_Urvashi Bhansali_13 September,,2025.2.0,118.39199939012315,2025-09-30 17h13.57.415959 +0530,
134,0,134,[np.float64(-0.0198744769874477)],[np.float64(-0.446652719665272)],[1],[0],[0],[2.5991088750006384],['Target'],134,0,134,0,305.0653574580001,,10,305.05674304200056,305.0653574580001,305.0653574580001,0.016238166999755776,307.65589116700085,[np.float64(-0.0198744769874477)],[np.float64(-0.446652719665272)],[1],[0],[0],[2.5991088750006384],['Target'],exp-1-u,"001",2025-09-30_17h13.57.359,Visual Search Experiment_Urvashi Bhansali_13 September,,2025.2.0,118.39199939012315,2025-09-30 17h13.57.415959 +0530,
135,0,135,[np.float64(-0.20397489539748953)],[np.float64(0.3294979079497908)],[1],[0],[0],[1.641249790999609],['Target'],135,0,135,0,307.6725509580001,,5,307.6660524580002,307.6725509580001,307.6725509580001,0.008743792000132089,309.30736650000017,[np.float64(-0.20397489539748953)],[np.float64(0.3294979079497908)],[1],[0],[0],[1.641249790999609],['Target'],exp-1-u,"001",2025-09-30_17h13.57.359,Visual Search Experiment_Urvashi Bhansali_13 September,,2025.2.0,118.39199939012315,2025-09-30 17h13.57.415959 +0530,
136,0,136,[np.float64(0.37552301255230125)],[np.float64(-0.3702928870292887)],[1],[0],[0],[1.7690050840001277],['Target'],136,0,136,0,309.3290673750007,,5,309.3206609580002,309.3290673750007,309.3290673750007,0.01203066600010061,311.08972370800075,[np.float64(0.37552301255230125)],[np.float64(-0.3702928870292887)],[1],[0],[0],[1.7690050840001277],['Target'],exp-1-u,"001",2025-09-30_17h13.57.359,Visual Search Experiment_Urvashi Bhansali_13 September,,2025.2.0,118.39199939012315,2025-09-30 17h13.57.415959 +0530,
137,0,137,[np.float64(0.3064853556485356)],[np.float64(-0.39644351464435146)],[1],[0],[0],[1.8035692080002264],['Target'],137,0,137,0,311.110727708,,5,311.10261354200065,311.110727708,311.110727708,0.011242374999710592,312.90623162500015,[np.float64(0.3064853556485356)],[np.float64(-0.39644351464435146)],[1],[0],[0],[1.8035692080002264],['Target'],exp-1-u,"001",2025-09-30_17h13.57.359,Visual Search Experiment_Urvashi Bhansali_13 September,,2025.2.0,118.39199939012315,2025-09-30 17h13.57.415959 +0530,
138,0,138,[np.float64(-0.16631799163179917)],[np.float64(-0.25732217573221755)],[1],[0],[0],[2.014293749999524],['Target'],138,0,138,0,312.9344219170007,,10,312.9251531250002,312.9344219170007,312.9344219170007,0.017362458999741648,314.93949516700013,[np.float64(-0.16631799163179917)],[np.float64(-0.25732217573221755)],[1],[0],[0],[2.014293749999524],['Target'],exp-1-u,"001",2025-09-30_17h13.57.359,Visual Search Experiment_Urvashi Bhansali_13 September,,2025.2.0,118.39199939012315,2025-09-30 17h13.57.415959 +0530,
139,0,139,[np.float64(0.021966527196652718)],[np.float64(0.23221757322175732)],[1],[0],[0],[3.0878670419997434],['Target'],139,0,139,0,314.95866466700045,,5,314.9512646250005,314.95866466700045,314.95866466700045,0.01038762499956647,318.03918775000056,[np.float64(0.021966527196652718)],[np.float64(0.23221757322175732)],[1],[0],[0],[3.0878670419997434],['Target'],exp-1-u,"001",2025-09-30_17h13.57.359,Visual Search Experiment_Urvashi Bhansali_13 September,,2025.2.0,118.39199939012315,2025-09-30 17h13.57.415959 +0530,
140,0,140,[np.float64(-0.028242677824267783)],[np.float64(0.4811715481171548)],[1],[0],[0],[2.611372374999519],[None],140,0,140,0,318.05709537500024,,5,318.0501983330005,318.05709537500024,318.05709537500024,0.009207625000271946,320.6616597080001,[np.float64(-0.028242677824267783)],[np.float64(0.4811715481171548)],[1],[0],[0],[2.611372374999519],[None],exp-1-u,"001",2025-09-30_17h13.57.359,Visual Search Experiment_Urvashi Bhansali_13 September,,2025.2.0,118.39199939012315,2025-09-30 17h13.57.415959 +0530,
141,0,141,[np.float64(-0.42573221757322177)],[np.float64(-0.17677824267782427)],[1],[0],[0],[2.8653748340002494],['Target'],141,0,141,0,320.6852819580008,,5,320.67540033300065,320.6852819580008,320.6852819580008,0.012000791999525973,323.540831542,[np.float64(-0.42573221757322177)],[np.float64(-0.17677824267782427)],[1],[0],[0],[2.8653748340002494],['Target'],exp-1-u,"001",2025-09-30_17h13.57.359,Visual Search Experiment_Urvashi Bhansali_13 September,,2025.2.0,118.39199939012315,2025-09-30 17h13.57.415959 +0530,
142,0,142,[np.float64(0.12238493723849372)],[np.float64(0.08891213389121339)],[1],[0],[0],[4.120767375000469],['Target'],142,0,142,0,323.5613012500007,,5,323.55319504199997,323.5613012500007,323.5613012500007,0.01054329099952156,327.6740218750001,[np.float64(0.12238493723849372)],[np.float64(0.08891213389121339)],[1],[0],[0],[4.120767375000469],['Target'],exp-1-u,"001",2025-09-30_17h13.57.359,Visual Search Experiment_Urvashi Bhansali_13 September,,2025.2.0,118.39199939012315,2025-09-30 17h13.57.415959 +0530,
143,0,143,[np.float64(-0.12866108786610878)],[np.float64(0.12133891213389121)],[1],[0],[0],[3.779827290999492],['Target'],143,0,143,0,327.70275245800076,,10,327.693355417,327.70275245800076,327.70275245800076,0.01801070800047455,331.473227208,[np.float64(-0.12866108786610878)],[np.float64(0.12133891213389121)],[1],[0],[0],[3.779827290999492],['Target'],exp-1-u,"001",2025-09-30_17h13.57.359,Visual Search Experiment_Urvashi Bhansali_13 September,,2025.2.0,118.39199939012315,2025-09-30 17h13.57.415959 +0530,
144,0,144,[np.float64(0.07740585774058577)],[np.float64(-0.07845188284518828)],[1],[0],[0],[3.263754708000306],['Target'],144,0,144,0,331.500765625,,10,331.49223837500085,331.500765625,331.500765625,0.017369374999361753,334.7560346670007,[np.float64(0.07740585774058577)],[np.float64(-0.07845188284518828)],[1],[0],[0],[3.263754708000306],['Target'],exp-1-u,"001",2025-09-30_17h13.57.359,Visual Search Experiment_Urvashi Bhansali_13 September,,2025.2.0,118.39199939012315,2025-09-30 17h13.57.415959 +0530,
145,0,145,[np.float64(0.20920502092050208)],[np.float64(-0.40585774058577406)],[1],[0],[0],[1.7663254169992797],['Target'],145,0,145,0,334.78130816700013,,10,334.7727125420006,334.78130816700013,334.78130816700013,0.01548820900006831,336.5390922080005,[np.float64(0.20920502092050208)],[np.float64(-0.40585774058577406)],[1],[0],[0],[1.7663254169992797],['Target'],exp-1-u,"001",2025-09-30_17h13.57.359,Visual Search Experiment_Urvashi Bhansali_13 September,,2025.2.0,118.39199939012315,2025-09-30 17h13.57.415959 +0530,
146,0,146,[np.float64(0.40794979079497906)],[np.float64(-0.20397489539748953)],[1],[0],[0],[1.2717402499993113],['Target'],146,0,146,0,336.55834533300003,,5,336.55021558300086,336.55834533300003,336.55834533300003,0.00973645799967926,337.8220059580008,[np.float64(0.40794979079497906)],[np.float64(-0.20397489539748953)],[1],[0],[0],[1.2717402499993113],['Target'],exp-1-u,"001",2025-09-30_17h13.57.359,Visual Search Experiment_Urvashi Bhansali_13 September,,2025.2.0,118.39199939012315,2025-09-30 17h13.57.415959 +0530,
147,0,147,[np.float64(0.24163179916317992)],[np.float64(0.33472803347280333)],[1],[0],[0],[2.490619666999919],['Target'],147,0,147,0,337.8399316670002,,5,337.832859958,337.8399316670002,337.8399316670002,0.009316749999925378,340.32353520800007,[np.float64(0.24163179916317992)],[np.float64(0.33472803347280333)],[1],[0],[0],[2.490619666999919],['Target'],exp-1-u,"001",2025-09-30_17h13.57.359,Visual Search Experiment_Urvashi Bhansali_13 September,,2025.2.0,118.39199939012315,2025-09-30 17h13.57.415959 +0530,
148,0,148,[np.float64(-0.49581589958158995)],[np.float64(-0.2730125523012552)],[1],[0],[0],[3.005084708999675],['Target'],148,0,148,0,340.34355975000017,,5,340.33534379200046,340.34355975000017,340.34355975000017,0.010246292000374524,343.340479083,[np.float64(-0.49581589958158995)],[np.float64(-0.2730125523012552)],[1],[0],[0],[3.005084708999675],['Target'],exp-1-u,"001",2025-09-30_17h13.57.359,Visual Search Experiment_Urvashi Bhansali_13 September,,2025.2.0,118.39199939012315,2025-09-30 17h13.57.415959 +0530,
149,0,149,[np.float64(-0.4320083682008368)],[np.float64(0.4602510460251046)],[1],[0],[0],[5.653591750000487],['Target'],149,0,149,0,343.3612668750002,,5,343.3532802080008,343.3612668750002,343.3612668750002,0.011835500000415777,349.006930042,[np.float64(-0.4320083682008368)],[np.float64(0.4602510460251046)],[1],[0],[0],[5.653591750000487],['Target'],exp-1-u,"001",2025-09-30_17h13.57.359,Visual Search Experiment_Urvashi Bhansali_13 September,,2025.2.0,118.39199939012315,2025-09-30 17h13.57.415959 +0530,
150,0,150,[np.float64(-0.401673640167364)],[np.float64(0.19456066945606695)],[1],[0],[0],[3.6387374160003674],['Target'],150,0,150,0,349.02742679200037,,5,349.0193080830004,349.02742679200037,349.02742679200037,0.011158125000292785,352.6581215420001,[np.float64(-0.401673640167364)],[np.float64(0.19456066945606695)],[1],[0],[0],[3.6387374160003674],['Target'],exp-1-u,"001",2025-09-30_17h13.57.359,Visual Search Experiment_Urvashi Bhansali_13 September,,2025.2.0,118.39199939012315,2025-09-30 17h13.57.415959 +0530,
151,0,151,[np.float64(-0.23430962343096234)],[np.float64(-0.12238493723849372)],[1],[0],[0],[6.968046375000085],['Target'],151,0,151,0,352.6794032500002,,5,352.6712464170005,352.6794032500002,352.6794032500002,0.011421125000197208,359.63934875000086,[np.float64(-0.23430962343096234)],[np.float64(-0.12238493723849372)],[1],[0],[0],[6.968046375000085],['Target'],exp-1-u,"001",2025-09-30_17h13.57.359,Visual Search Experiment_Urvashi Bhansali_13 September,,2025.2.0,118.39199939012315,2025-09-30 17h13.57.415959 +0530,
152,0,152,[np.float64(0.14958158995815898)],[np.float64(0.29811715481171547)],[1],[0],[0],[2.204608250000092],['Target'],152,0,152,0,359.660531042,,5,359.65245700000014,359.660531042,359.660531042,0.011609874999521708,361.85711616700064,[np.float64(0.14958158995815898)],[np.float64(0.29811715481171547)],[1],[0],[0],[2.204608250000092],['Target'],exp-1-u,"001",2025-09-30_17h13.57.359,Visual Search Experiment_Urvashi Bhansali_13 September,,2025.2.0,118.39199939012315,2025-09-30 17h13.57.415959 +0530,
153,0,153,[np.float64(-0.26778242677824265)],[np.float64(0.1297071129707113)],[1],[0],[0],[1.4872950419994595],['Target'],153,0,153,0,361.876932917,,5,361.86885679200077,361.876932917,361.876932917,0.010252957999909995,363.3562046670004,[np.float64(-0.26778242677824265)],[np.float64(0.1297071129707113)],[1],[0],[0],[1.4872950419994595],['Target'],exp-1-u,"001",2025-09-30_17h13.57.359,Visual Search Experiment_Urvashi Bhansali_13 September,,2025.2.0,118.39199939012315,2025-09-30 17h13.57.415959 +0530,
154,0,154,[np.float64(0.3514644351464435)],[np.float64(-0.08158995815899582)],[1],[0],[0],[2.8992574170006264],['Target'],154,0,154,0,363.3842664170006,,10,363.37453262500003,363.3842664170006,363.3842664170006,0.017011165999974764,366.2738363330009,[np.float64(0.3514644351464435)],[np.float64(-0.08158995815899582)],[1],[0],[0],[2.8992574170006264],['Target'],exp-1-u,"001",2025-09-30_17h13.57.359,Visual Search Experiment_Urvashi Bhansali_13 September,,2025.2.0,118.39199939012315,2025-09-30 17h13.57.415959 +0530,
155,0,155,[np.float64(-0.23326359832635984)],[np.float64(-0.21443514644351463)],[1],[0],[0],[3.014851207999527],['Target'],155,0,155,0,366.30098629200074,,10,366.2923515830007,366.30098629200074,366.30098629200074,0.016903415999877325,369.307265208,[np.float64(-0.23326359832635984)],[np.float64(-0.21443514644351463)],[1],[0],[0],[3.014851207999527],['Target'],exp-1-u,"001",2025-09-30_17h13.57.359,Visual Search Experiment_Urvashi Bhansali_13 September,,2025.2.0,118.39199939012315,2025-09-30 17h13.57.415959 +0530,
156,0,156,[np.float64(0.4686192468619247)],[np.float64(-0.29602510460251047)],[1],[0],[0],[2.4965177079993737],['Target'],156,0,156,0,369.33573700000034,,10,369.32692295800007,369.33573700000034,369.33573700000034,0.01765224999962811,371.8234854580005,[np.float64(0.4686192468619247)],[np.float64(-0.29602510460251047)],[1],[0],[0],[2.4965177079993737],['Target'],exp-1-u,"001",2025-09-30_17h13.57.359,Visual Search Experiment_Urvashi Bhansali_13 September,,2025.2.0,118.39199939012315,2025-09-30 17h13.57.415959 +0530,
157,0,157,[np.float64(0.34205020920502094)],[np.float64(0.3054393305439331)],[1],[0],[0],[2.6719832500002667],['Target'],157,0,157,0,371.8418775830005,,5,371.83428820800054,371.8418775830005,371.8418775830005,0.009725082999466395,374.50633283300067,[np.float64(0.34205020920502094)],[np.float64(0.3054393305439331)],[1],[0],[0],[2.6719832500002667],['Target'],exp-1-u,"001",2025-09-30_17h13.57.359,Visual Search Experiment_Urvashi Bhansali_13 September,,2025.2.0,118.39199939012315,2025-09-30 17h13.57.415959 +0530,
158,0,158,[np.float64(0.02301255230125523)],[np.float64(0.399581589958159)],[1],[0],[0],[1.7547407499996552],['Target'],158,0,158,0,374.52649091700005,,5,374.5186947500006,374.52649091700005,374.52649091700005,0.011021374999472755,376.2734917500002,[np.float64(0.02301255230125523)],[np.float64(0.399581589958159)],[1],[0],[0],[1.7547407499996552],['Target'],exp-1-u,"001",2025-09-30_17h13.57.359,Visual Search Experiment_Urvashi Bhansali_13 September,,2025.2.0,118.39199939012315,2025-09-30 17h13.57.415959 +0530,
159,0,159,[np.float64(0.42573221757322177)],[np.float64(-0.07322175732217573)],[1],[0],[0],[1.7281991250001738],['Target'],159,0,159,0,376.30334183300056,,10,376.29413450000084,376.30334183300056,376.30334183300056,0.019165458000315994,378.0223806670001,[np.float64(0.42573221757322177)],[np.float64(-0.07322175732217573)],[1],[0],[0],[1.7281991250001738],['Target'],exp-1-u,"001",2025-09-30_17h13.57.359,Visual Search Experiment_Urvashi Bhansali_13 September,,2025.2.0,118.39199939012315,2025-09-30 17h13.57.415959 +0530,
160,0,160,[np.float64(0.46129707112970714)],[np.float64(0.028242677824267783)],[1],[0],[0],[1.6673369170002843],['Target'],160,0,160,0,378.0505947920001,,10,378.04017575000034,378.0505947920001,378.0505947920001,0.016114250000100583,379.7075548750008,[np.float64(0.46129707112970714)],[np.float64(0.028242677824267783)],[1],[0],[0],[1.6673369170002843],['Target'],exp-1-u,"001",2025-09-30_17h13.57.359,Visual Search Experiment_Urvashi Bhansali_13 September,,2025.2.0,118.39199939012315,2025-09-30 17h13.57.415959 +0530,
161,0,161,[np.float64(-0.35669456066945604)],[np.float64(-0.3064853556485356)],[1],[0],[0],[2.332007916999828],['Target'],161,0,161,0,379.73400629200023,,10,379.724215708,379.73400629200023,379.73400629200023,0.01525808299993514,382.0562632500005,[np.float64(-0.35669456066945604)],[np.float64(-0.3064853556485356)],[1],[0],[0],[2.332007916999828],['Target'],exp-1-u,"001",2025-09-30_17h13.57.359,Visual Search Experiment_Urvashi Bhansali_13 September,,2025.2.0,118.39199939012315,2025-09-30 17h13.57.415959 +0530,
162,0,162,[np.float64(0.4801255230125523)],[np.float64(-0.37552301255230125)],[1],[0],[0],[2.3572201669994683],['Target'],162,0,162,0,382.07320337500005,,5,382.06635475000076,382.07320337500005,382.07320337500005,0.00872195899955841,384.42365600000085,[np.float64(0.4801255230125523)],[np.float64(-0.37552301255230125)],[1],[0],[0],[2.3572201669994683],['Target'],exp-1-u,"001",2025-09-30_17h13.57.359,Visual Search Experiment_Urvashi Bhansali_13 September,,2025.2.0,118.39199939012315,2025-09-30 17h13.57.415959 +0530,
163,0,163,[np.float64(0.3723849372384937)],[np.float64(0.42677824267782427)],[1],[0],[0],[2.5613172080002187],['Target'],163,0,163,0,384.45474600000034,,10,384.4452903750007,384.45474600000034,384.45474600000034,0.020040832999256963,387.00666645800084,[np.float64(0.3723849372384937)],[np.float64(0.42677824267782427)],[1],[0],[0],[2.5613172080002187],['Target'],exp-1-u,"001",2025-09-30_17h13.57.359,Visual Search Experiment_Urvashi Bhansali_13 September,,2025.2.0,118.39199939012315,2025-09-30 17h13.57.415959 +0530,
164,0,164,[np.float64(0.1579497907949791)],[np.float64(-0.1412133891213389)],[1],[0],[0],[2.3796017499998925],['Target'],164,0,164,0,387.03578733300037,,10,387.0269714170008,387.03578733300037,387.03578733300037,0.018277416999808338,389.406627542,[np.float64(0.1579497907949791)],[np.float64(-0.1412133891213389)],[1],[0],[0],[2.3796017499998925],['Target'],exp-1-u,"001",2025-09-30_17h13.57.359,Visual Search Experiment_Urvashi Bhansali_13 September,,2025.2.0,118.39199939012315,2025-09-30 17h13.57.415959 +0530,
165,0,165,[np.float64(0.24790794979079497)],[np.float64(0.14644351464435146)],[1],[0],[0],[3.164837125000304],['Target'],165,0,165,0,389.4345231670004,,10,389.42572420800025,389.4345231670004,389.4345231670004,0.017097208000450337,392.59063058300035,[np.float64(0.24790794979079497)],[np.float64(0.14644351464435146)],[1],[0],[0],[3.164837125000304],['Target'],exp-1-u,"001",2025-09-30_17h13.57.359,Visual Search Experiment_Urvashi Bhansali_13 September,,2025.2.0,118.39199939012315,2025-09-30 17h13.57.415959 +0530,
166,0,166,[np.float64(-0.3399581589958159)],[np.float64(0.21443514644351463)],[1],[0],[0],[1.5465000829999553],['Target'],166,0,166,0,392.61933195800066,,10,392.61035125000035,392.61933195800066,392.61933195800066,0.017813624999689637,394.15690070800065,[np.float64(-0.3399581589958159)],[np.float64(0.21443514644351463)],[1],[0],[0],[1.5465000829999553],['Target'],exp-1-u,"001",2025-09-30_17h13.57.359,Visual Search Experiment_Urvashi Bhansali_13 September,,2025.2.0,118.39199939012315,2025-09-30 17h13.57.415959 +0530,
167,0,167,[np.float64(0.23640167364016737)],[np.float64(-0.3713389121338912)],[1],[0],[0],[2.5713059580002664],['Target'],167,0,167,0,394.17718754200087,,5,394.1690668750007,394.17718754200087,394.17718754200087,0.010195374999966589,396.74044691700055,[np.float64(0.23640167364016737)],[np.float64(-0.3713389121338912)],[1],[0],[0],[2.5713059580002664],['Target'],exp-1-u,"001",2025-09-30_17h13.57.359,Visual Search Experiment_Urvashi Bhansali_13 September,,2025.2.0,118.39199939012315,2025-09-30 17h13.57.415959 +0530,
168,0,168,[np.float64(-0.07845188284518828)],[np.float64(0.3985355648535565)],[1],[0],[0],[2.3609655000000203],['Target'],168,0,168,0,396.77110708300006,,10,396.76200937500016,396.77110708300006,396.77110708300006,0.019643374999759544,399.1230317920008,[np.float64(-0.07845188284518828)],[np.float64(0.3985355648535565)],[1],[0],[0],[2.3609655000000203],['Target'],exp-1-u,"001",2025-09-30_17h13.57.359,Visual Search Experiment_Urvashi Bhansali_13 September,,2025.2.0,118.39199939012315,2025-09-30 17h13.57.415959 +0530,
169,0,169,[np.float64(-0.3891213389121339)],[np.float64(0.12552301255230125)],[1],[0],[0],[4.6309076249999634],['Target'],169,0,169,0,399.15085154200005,,10,399.1418155000001,399.15085154200005,399.15085154200005,0.017482791000475117,403.7727787500007,[np.float64(-0.3891213389121339)],[np.float64(0.12552301255230125)],[1],[0],[0],[4.6309076249999634],['Target'],exp-1-u,"001",2025-09-30_17h13.57.359,Visual Search Experiment_Urvashi Bhansali_13 September,,2025.2.0,118.39199939012315,2025-09-30 17h13.57.415959 +0530,
170,0,170,[np.float64(0.39748953974895396)],[np.float64(0.07531380753138076)],[1],[0],[0],[1.5493501660002948],['Target'],170,0,170,0,403.80055212500065,,10,403.79077979200065,403.80055212500065,403.80055212500065,0.016346041999895533,405.3401737080003,[np.float64(0.39748953974895396)],[np.float64(0.07531380753138076)],[1],[0],[0],[1.5493501660002948],['Target'],exp-1-u,"001",2025-09-30_17h13.57.359,Visual Search Experiment_Urvashi Bhansali_13 September,,2025.2.0,118.39199939012315,2025-09-30 17h13.57.415959 +0530,
171,0,171,[np.float64(-0.40690376569037656)],[np.float64(0.19142259414225943)],[1],[0],[0],[2.1645680419997007],['Target'],171,0,171,0,405.36799820800024,,10,405.3586875830006,405.36799820800024,405.36799820800024,0.01758904199959943,407.52330283300034,[np.float64(-0.40690376569037656)],[np.float64(0.19142259414225943)],[1],[0],[0],[2.1645680419997007],['Target'],exp-1-u,"001",2025-09-30_17h13.57.359,Visual Search Experiment_Urvashi Bhansali_13 September,,2025.2.0,118.39199939012315,2025-09-30 17h13.57.415959 +0530,
172,0,172,[np.float64(0.12447698744769875)],[np.float64(-0.16527196652719664)],[1],[0],[0],[2.331871499999579],['Target'],172,0,172,0,407.55002562500067,,10,407.541172833,407.55002562500067,407.55002562500067,0.016340541999852576,409.8730947920003,[np.float64(0.12447698744769875)],[np.float64(-0.16527196652719664)],[1],[0],[0],[2.331871499999579],['Target'],exp-1-u,"001",2025-09-30_17h13.57.359,Visual Search Experiment_Urvashi Bhansali_13 September,,2025.2.0,118.39199939012315,2025-09-30 17h13.57.415959 +0530,
173,0,173,[np.float64(0.3023012552301255)],[np.float64(-0.06799163179916318)],[1],[0],[0],[3.7127841659994374],['Target'],173,0,173,0,409.901721833,,10,409.89289508300044,409.901721833,409.901721833,0.018270292000124755,413.6057227500005,[np.float64(0.3023012552301255)],[np.float64(-0.06799163179916318)],[1],[0],[0],[3.7127841659994374],['Target'],exp-1-u,"001",2025-09-30_17h13.57.359,Visual Search Experiment_Urvashi Bhansali_13 September,,2025.2.0,118.39199939012315,2025-09-30 17h13.57.415959 +0530,
174,0,174,[np.float64(0.401673640167364)],[np.float64(0.48640167364016734)],[1],[0],[0],[4.705222292000144],['Target'],174,0,174,0,413.62960162500076,,10,413.62173883300056,413.62960162500076,413.62960162500076,0.014829542000370566,418.3270287080004,[np.float64(0.401673640167364)],[np.float64(0.48640167364016734)],[1],[0],[0],[4.705222292000144],['Target'],exp-1-u,"001",2025-09-30_17h13.57.359,Visual Search Experiment_Urvashi Bhansali_13 September,,2025.2.0,118.39199939012315,2025-09-30 17h13.57.415959 +0530,
175,0,175,[np.float64(0.48535564853556484)],[np.float64(0.30857740585774057)],[1],[0],[0],[1.719568999999865],['Target'],175,0,175,0,418.34416704200066,,5,418.3373737920001,418.34416704200066,418.34416704200066,0.00880745799986471,420.0570243330003,[np.float64(0.48535564853556484)],[np.float64(0.30857740585774057)],[1],[0],[0],[1.719568999999865],['Target'],exp-1-u,"001",2025-09-30_17h13.57.359,Visual Search Experiment_Urvashi Bhansali_13 September,,2025.2.0,118.39199939012315,2025-09-30 17h13.57.415959 +0530,
176,0,176,[np.float64(0.2615062761506276)],[np.float64(-0.2709205020920502)],[1],[0],[0],[2.744744083000114],['Target'],176,0,176,0,420.0874233330005,,10,420.07821737500035,420.0874233330005,420.0874233330005,0.019562415999644145,422.8229967080006,[np.float64(0.2615062761506276)],[np.float64(-0.2709205020920502)],[1],[0],[0],[2.744744083000114],['Target'],exp-1-u,"001",2025-09-30_17h13.57.359,Visual Search Experiment_Urvashi Bhansali_13 September,,2025.2.0,118.39199939012315,2025-09-30 17h13.57.415959 +0530,
177,0,177,[np.float64(-0.12866108786610878)],[np.float64(0.2301255230125523)],[1],[0],[0],[1.9900794590002988],['Target'],177,0,177,0,422.8403084170004,,5,422.83369225000024,422.8403084170004,422.8403084170004,0.009097000000110711,424.82383870800004,[np.float64(-0.12866108786610878)],[np.float64(0.2301255230125523)],[1],[0],[0],[1.9900794590002988],['Target'],exp-1-u,"001",2025-09-30_17h13.57.359,Visual Search Experiment_Urvashi Bhansali_13 September,,2025.2.0,118.39199939012315,2025-09-30 17h13.57.415959 +0530,
178,0,178,[np.float64(0.01778242677824268)],[np.float64(0.4351464435146444)],[1],[0],[0],[1.9281399999999849],['Target'],178,0,178,0,424.8531176250008,,10,424.8442454170008,424.8531176250008,424.8531176250008,0.01872295899920573,426.77242670800024,[np.float64(0.01778242677824268)],[np.float64(0.4351464435146444)],[1],[0],[0],[1.9281399999999849],['Target'],exp-1-u,"001",2025-09-30_17h13.57.359,Visual Search Experiment_Urvashi Bhansali_13 September,,2025.2.0,118.39199939012315,2025-09-30 17h13.57.415959 +0530,
179,0,179,[np.float64(-0.2175732217573222)],[np.float64(-0.4790794979079498)],[1],[0],[0],[3.3667854579998675],['Target'],179,0,179,0,426.8001003750005,,10,426.7897535000002,426.8001003750005,426.8001003750005,0.015898916999503854,430.15660766700057,[np.float64(-0.2175732217573222)],[np.float64(-0.4790794979079498)],[1],[0],[0],[3.3667854579998675],['Target'],exp-1-u,"001",2025-09-30_17h13.57.359,Visual Search Experiment_Urvashi Bhansali_13 September,,2025.2.0,118.39199939012315,2025-09-30 17h13.57.415959 +0530,
180,0,180,[np.float64(-0.01882845188284519)],[np.float64(0.45397489539748953)],[1],[0],[0],[1.9051244169995698],['Target'],180,0,180,0,430.1759420420003,,5,430.16826758300067,430.1759420420003,430.1759420420003,0.009877125000457454,432.0734702920008,[np.float64(-0.01882845188284519)],[np.float64(0.45397489539748953)],[1],[0],[0],[1.9051244169995698],['Target'],exp-1-u,"001",2025-09-30_17h13.57.359,Visual Search Experiment_Urvashi Bhansali_13 September,,2025.2.0,118.39199939012315,2025-09-30 17h13.57.415959 +0530,
181,0,181,[np.float64(0.1705020920502092)],[np.float64(0.23744769874476987)],[1],[0],[0],[2.118717459000436],['Target'],181,0,181,0,432.09652133300006,,5,432.0880565000007,432.09652133300006,432.09652133300006,0.012840917000175978,434.2068304580007,[np.float64(0.1705020920502092)],[np.float64(0.23744769874476987)],[1],[0],[0],[2.118717459000436],['Target'],exp-1-u,"001",2025-09-30_17h13.57.359,Visual Search Experiment_Urvashi Bhansali_13 September,,2025.2.0,118.39199939012315,2025-09-30 17h13.57.415959 +0530,
182,0,182,[np.float64(-0.1401673640167364)],[np.float64(0.25523012552301255)],[1],[0],[0],[1.8873119160007263],['Target'],182,0,182,0,434.2281407500004,,5,434.21939333299997,434.2281407500004,434.2281407500004,0.011630457999672217,436.106759667,[np.float64(-0.1401673640167364)],[np.float64(0.25523012552301255)],[1],[0],[0],[1.8873119160007263],['Target'],exp-1-u,"001",2025-09-30_17h13.57.359,Visual Search Experiment_Urvashi Bhansali_13 September,,2025.2.0,118.39199939012315,2025-09-30 17h13.57.415959 +0530,
183,0,183,[np.float64(0.48326359832635984)],[np.float64(-0.2196652719665272)],[1],[0],[0],[1.9130439589998787],['Target'],183,0,183,0,436.1351872080004,,10,436.12605045800046,436.1351872080004,436.1351872080004,0.017463041999690176,438.0391466250003,[np.float64(0.48326359832635984)],[np.float64(-0.2196652719665272)],[1],[0],[0],[1.9130439589998787],['Target'],exp-1-u,"001",2025-09-30_17h13.57.359,Visual Search Experiment_Urvashi Bhansali_13 September,,2025.2.0,118.39199939012315,2025-09-30 17h13.57.415959 +0530,
184,0,184,[np.float64(-0.3797071129707113)],[np.float64(-0.12656903765690378)],[1],[0],[0],[2.0073944169998867],['Target'],184,0,184,0,438.057306875,,5,438.050115,438.057306875,438.057306875,0.009488499999861233,440.0575890830005,[np.float64(-0.3797071129707113)],[np.float64(-0.12656903765690378)],[1],[0],[0],[2.0073944169998867],['Target'],exp-1-u,"001",2025-09-30_17h13.57.359,Visual Search Experiment_Urvashi Bhansali_13 September,,2025.2.0,118.39199939012315,2025-09-30 17h13.57.415959 +0530,
185,0,185,[np.float64(0.11506276150627615)],[np.float64(0.07845188284518828)],[1],[0],[0],[2.536682957999801],['Target'],185,0,185,0,440.07794166700023,,5,440.0697104580004,440.07794166700023,440.07794166700023,0.010502042000553047,442.6064670000005,[np.float64(0.11506276150627615)],[np.float64(0.07845188284518828)],[1],[0],[0],[2.536682957999801],['Target'],exp-1-u,"001",2025-09-30_17h13.57.359,Visual Search Experiment_Urvashi Bhansali_13 September,,2025.2.0,118.39199939012315,2025-09-30 17h13.57.415959 +0530,
186,0,186,[np.float64(-0.3776150627615063)],[np.float64(-0.28765690376569036)],[1],[0],[0],[3.1448326669997186],['Target'],186,0,186,0,442.6371679170006,,10,442.62792525000077,442.6371679170006,442.6371679170006,0.020175333000224782,445.7728047080009,[np.float64(-0.3776150627615063)],[np.float64(-0.28765690376569036)],[1],[0],[0],[3.1448326669997186],['Target'],exp-1-u,"001",2025-09-30_17h13.57.359,Visual Search Experiment_Urvashi Bhansali_13 September,,2025.2.0,118.39199939012315,2025-09-30 17h13.57.415959 +0530,
187,0,187,[np.float64(-0.41736401673640167)],[np.float64(0.006276150627615063)],[1],[0],[0],[2.115821084000345],['Target'],187,0,187,0,445.80044975000055,,10,445.7912459580002,445.80044975000055,445.80044975000055,0.016915707999942242,447.90713295800015,[np.float64(-0.41736401673640167)],[np.float64(0.006276150627615063)],[1],[0],[0],[2.115821084000345],['Target'],exp-1-u,"001",2025-09-30_17h13.57.359,Visual Search Experiment_Urvashi Bhansali_13 September,,2025.2.0,118.39199939012315,2025-09-30 17h13.57.415959 +0530,
188,0,188,[np.float64(-0.08368200836820083)],[np.float64(-0.2290794979079498)],[1],[0],[0],[3.17043620899949],['Target'],188,0,188,0,447.927541,,5,447.91972912500023,447.927541,447.927541,0.01072266600021976,451.0902310830006,[np.float64(-0.08368200836820083)],[np.float64(-0.2290794979079498)],[1],[0],[0],[3.17043620899949],['Target'],exp-1-u,"001",2025-09-30_17h13.57.359,Visual Search Experiment_Urvashi Bhansali_13 September,,2025.2.0,118.39199939012315,2025-09-30 17h13.57.415959 +0530,
189,0,189,[np.float64(0.1809623430962343)],[np.float64(0.3880753138075314)],[1],[0],[0],[4.260828542000127],['Target'],189,0,189,0,451.1210308330001,,10,451.1116255000006,451.1210308330001,451.1210308330001,0.019479124999634223,455.37250354200023,[np.float64(0.1809623430962343)],[np.float64(0.3880753138075314)],[1],[0],[0],[4.260828542000127],['Target'],exp-1-u,"001",2025-09-30_17h13.57.359,Visual Search Experiment_Urvashi Bhansali_13 September,,2025.2.0,118.39199939012315,2025-09-30 17h13.57.415959 +0530,
190,0,190,[np.float64(-0.45292887029288703)],[np.float64(-0.3294979079497908)],[1],[0],[0],[3.357163791999483],['Target'],190,0,190,0,455.3910435000007,,5,455.38366683300046,455.3910435000007,455.3910435000007,0.009620875000109663,458.74088737500006,[np.float64(-0.45292887029288703)],[np.float64(-0.3294979079497908)],[1],[0],[0],[3.357163791999483],['Target'],exp-1-u,"001",2025-09-30_17h13.57.359,Visual Search Experiment_Urvashi Bhansali_13 September,,2025.2.0,118.39199939012315,2025-09-30 17h13.57.415959 +0530,
191,0,191,[np.float64(-0.07531380753138076)],[np.float64(-0.45083682008368203)],[1],[0],[0],[2.629795374999958],['Target'],191,0,191,0,458.76867533300083,,10,458.7594413330007,458.76867533300083,458.76867533300083,0.017079958000067563,461.3892797080007,[np.float64(-0.07531380753138076)],[np.float64(-0.45083682008368203)],[1],[0],[0],[2.629795374999958],['Target'],exp-1-u,"001",2025-09-30_17h13.57.359,Visual Search Experiment_Urvashi Bhansali_13 September,,2025.2.0,118.39199939012315,2025-09-30 17h13.57.415959 +0530,
192,0,192,[np.float64(0.38493723849372385)],[np.float64(-0.4801255230125523)],[1],[0],[0],[3.1659543329997177],['Target'],192,0,192,0,461.4169392920003,,10,461.4068541250008,461.4169392920003,461.4169392920003,0.016618790999928024,464.5728546250002,[np.float64(0.38493723849372385)],[np.float64(-0.4801255230125523)],[1],[0],[0],[3.1659543329997177],['Target'],exp-1-u,"001",2025-09-30_17h13.57.359,Visual Search Experiment_Urvashi Bhansali_13 September,,2025.2.0,118.39199939012315,2025-09-30 17h13.57.415959 +0530,
193,0,193,[np.float64(-0.4309623430962343)],[np.float64(0.4592050209205021)],[1],[0],[0],[2.6741989580004883],['Target'],193,0,193,0,464.59154625000065,,5,464.5838172920003,464.59154625000065,464.59154625000065,0.009725458999128023,467.2580927500003,[np.float64(-0.4309623430962343)],[np.float64(0.4592050209205021)],[1],[0],[0],[2.6741989580004883],['Target'],exp-1-u,"001",2025-09-30_17h13.57.359,Visual Search Experiment_Urvashi Bhansali_13 September,,2025.2.0,118.39199939012315,2025-09-30 17h13.57.415959 +0530,
194,0,194,[np.float64(-0.1506276150627615)],[np.float64(0.24581589958158995)],[1],[0],[0],[2.318491125000037],['Target'],194,0,194,0,467.2792017920001,,5,467.2709042920005,467.2792017920001,467.2792017920001,0.011381832999177277,469.5894494580007,[np.float64(-0.1506276150627615)],[np.float64(0.24581589958158995)],[1],[0],[0],[2.318491125000037],['Target'],exp-1-u,"001",2025-09-30_17h13.57.359,Visual Search Experiment_Urvashi Bhansali_13 September,,2025.2.0,118.39199939012315,2025-09-30 17h13.57.415959 +0530,
195,0,195,[np.float64(-0.028242677824267783)],[np.float64(0.45083682008368203)],[1],[0],[0],[1.9294860840000183],['Target'],195,0,195,0,469.62006100000053,,10,469.61011941700053,469.62006100000053,469.62006100000053,0.019429166999543668,471.53965345800043,[np.float64(-0.028242677824267783)],[np.float64(0.45083682008368203)],[1],[0],[0],[1.9294860840000183],['Target'],exp-1-u,"001",2025-09-30_17h13.57.359,Visual Search Experiment_Urvashi Bhansali_13 September,,2025.2.0,118.39199939012315,2025-09-30 17h13.57.415959 +0530,
196,0,196,[np.float64(-0.42887029288702927)],[np.float64(0.39539748953974896)],[1],[0],[0],[2.7555253749997064],['Target'],196,0,196,0,471.5587502920007,,5,471.55083583300075,471.5587502920007,471.5587502920007,0.010001499999816588,474.30639558300027,[np.float64(-0.42887029288702927)],[np.float64(0.39539748953974896)],[1],[0],[0],[2.7555253749997064],['Target'],exp-1-u,"001",2025-09-30_17h13.57.359,Visual Search Experiment_Urvashi Bhansali_13 September,,2025.2.0,118.39199939012315,2025-09-30 17h13.57.415959 +0530,
197,0,197,[np.float64(0.14644351464435146)],[np.float64(-0.0031380753138075313)],[1],[0],[0],[2.5868064590003996],['Target'],197,0,197,0,474.32555420800054,,10,474.3179884170004,474.32555420800054,474.32555420800054,0.010939791999589943,476.90482883300047,[np.float64(0.14644351464435146)],[np.float64(-0.0031380753138075313)],[1],[0],[0],[2.5868064590003996],['Target'],exp-1-u,"001",2025-09-30_17h13.57.359,Visual Search Experiment_Urvashi Bhansali_13 September,,2025.2.0,118.39199939012315,2025-09-30 17h13.57.415959 +0530,
198,0,198,[np.float64(-0.45502092050209203)],[np.float64(-0.3200836820083682)],[1],[0],[0],[1.9537963749999108],['Target'],198,0,198,0,476.92598666700087,,10,476.9184784580002,476.92598666700087,476.92598666700087,0.012702999999419262,478.8723260830002,[np.float64(-0.45502092050209203)],[np.float64(-0.3200836820083682)],[1],[0],[0],[1.9537963749999108],['Target'],exp-1-u,"001",2025-09-30_17h13.57.359,Visual Search Experiment_Urvashi Bhansali_13 September,,2025.2.0,118.39199939012315,2025-09-30 17h13.57.415959 +0530,
199,0,199,[np.float64(0.37447698744769875)],[np.float64(-0.33263598326359833)],[1],[0],[0],[1.9655428749993007],['Target'],199,0,199,0,478.9002964170004,,10,478.8904352920008,478.9002964170004,478.9002964170004,0.016870499999640742,480.8560335000002,[np.float64(0.37447698744769875)],[np.float64(-0.33263598326359833)],[1],[0],[0],[1.9655428749993007],['Target'],exp-1-u,"001",2025-09-30_17h13.57.359,Visual Search Experiment_Urvashi Bhansali_13 September,,2025.2.0,118.39199939012315,2025-09-30 17h13.57.415959 +0530,
