prime,target,condition,correctAns,thisN,thisTrialN,thisRepN,key_resp.keys,key_resp.corr,key_resp.rt,key_resp.duration,trials.thisRepN,trials.thisTrialN,trials.thisN,trials.thisIndex,thisRow.t,notes,instructions.started,text_2.started,key_resp_2.started,instructions.stopped,key_resp_2.keys,key_resp_2.rt,key_resp_2.duration,trial.started,fix_text.started,blank1_bg.started,fix_text.stopped,prime_text.started,blank1_bg.stopped,prime_text.stopped,blank2_bg.started,blank2_bg.stopped,target_text.started,key_resp.started,trial.stopped,trials.key_resp.keys,trials.key_resp.corr,trials.key_resp.rt,trials.key_resp.duration,feedback_correct.started,greenCircle.started,redCrosss.started,blank3_bg.started,greenCircle.stopped,redCrosss.stopped,blank3_bg.stopped,feedback_correct.stopped,thanks.started,text_3.started,participant,session,date,expName,expVersion,psychopyVersion,frameRate,expStart,
,,,,,,,,,,,,,,,,,0.006779709001420997,0.018115625003702007,0.018115625003702007,38.189925458995276,space,37.98277824900288,None,,,,,,,,,,,,,,,,,,,,,,,,,,,g,"001",2025-11-10_22h15.17.337,2nd exp,,2025.2.0,None,2025-11-10 22h15.17.419455 +0530,
She does not like apples,She like does apples not,transposition_unrelated,left,0,0,0,left,1,3.2868939990003128,None,0,0,0,7,38.259389208993525,,,,,,,,,38.21778712500236,38.259389208993525,38.49344420900161,38.49900220899144,38.6343744170008,38.682649124995805,38.82831687499129,38.83744329199544,38.937047958999756,38.937047958999756,38.937047958999756,42.23054458400293,left,1,3.2868939990003128,None,42.23113645899866,42.328017708990956,42.328017708990956,42.433403959003044,42.51805966699612,42.51805966699612,43.23844887499581,43.218458709001425,,,g,"001",2025-11-10_22h15.17.337,2nd exp,,2025.2.0,None,2025-11-10 22h15.17.419455 +0530,
The boy can read fast,The read can boy fast,repetition_unrelated,left,1,1,0,left,1,5.4034410000022035,None,0,1,1,1,43.23844887499581,,,,,,,,,43.232731708994834,43.23844887499581,43.47743670899945,43.48550904200238,43.678245624993,43.66518954199273,43.86667341699649,43.87828704199637,43.966392667003674,43.97807354199176,43.97807354199176,49.38654904199939,left,1,5.4034410000022035,None,49.38705687499896,49.414778999998816,49.414778999998816,49.586888874997385,49.61270433399477,49.61270433399477,50.38433724999777,50.377457791997585,,,g,"001",2025-11-10_22h15.17.337,2nd exp,,2025.2.0,None,2025-11-10 22h15.17.419455 +0530,
The boy can read fast,The read can boy fast,transposition_unrelated,left,2,2,0,left,1,2.2316079570009606,None,0,2,2,3,50.38433724999777,,,,,,,,,50.37798137500067,50.38433724999777,50.63630991699756,50.628250458990806,50.83337799999572,50.83337799999572,51.02827549999347,51.03469266700267,51.12818858399987,51.13445345900254,51.13445345900254,53.36991275000037,left,1,2.2316079570009606,None,53.37044770899229,53.3840372919949,53.3840372919949,53.5708851669915,53.579070666994085,53.579070666994085,54.38115299999481,54.36088725000445,,,g,"001",2025-11-10_22h15.17.337,2nd exp,,2025.2.0,None,2025-11-10 22h15.17.419455 +0530,
She does not like apples,She does not like apples,repetition_related,right,3,3,0,right,1,2.0710559569997713,None,0,3,3,4,54.38115299999481,,,,,,,,,54.37544533399341,54.38115299999481,54.62059641699307,54.62822899999446,54.81715416700172,54.81715416700172,55.01159333399846,55.018033041997114,55.11176254200109,55.11878895899281,55.11878895899281,57.19716116700147,right,1,2.0710559569997713,None,57.19775795900205,57.21203304200026,57.21203304200026,57.39416316700226,57.410918166991905,57.410918166991905,58.20044479200442,58.17796379199717,,,g,"001",2025-11-10_22h15.17.337,2nd exp,,2025.2.0,None,2025-11-10 22h15.17.419455 +0530,
They have finished the work,They finished have the work,transposition_related,right,4,4,0,left,0,1.6608589990064502,None,0,4,4,10,58.20044479200442,,,,,,,,,58.19497229199624,58.20044479200442,58.44357783399755,58.44357783399755,58.6450018750038,58.632996749991435,58.833146083998145,58.8448287499923,58.93340599999647,58.94499770899711,58.94499770899711,60.61369862499123,left,0,1.6608589990064502,None,60.614244500000495,60.62834095899598,60.62834095899598,60.810070291990996,60.82653816699167,60.82653816699167,61.61517299999832,61.594555083996966,,,g,"001",2025-11-10_22h15.17.337,2nd exp,,2025.2.0,None,2025-11-10 22h15.17.419455 +0530,
The dog is barking loudly,The dog barking is loudly,transposition_related,right,5,5,0,left,0,1.6342454989935504,None,0,5,5,14,61.61517299999832,,,,,,,,,61.610277667001355,61.62792808399536,61.860165499994764,61.876796541997464,62.0615140000009,62.04813675000332,62.24967416700383,62.26159141700191,62.349896749990876,62.36147004200029,62.36147004200029,64.00297375000082,left,0,1.6342454989935504,None,64.0034799999994,64.01747391700337,64.01747391700337,64.20453183399513,64.21230804199877,64.21230804199877,65.0096416669985,64.99411237500317,,,g,"001",2025-11-10_22h15.17.337,2nd exp,,2025.2.0,None,2025-11-10 22h15.17.419455 +0530,
The dog is barking loudly,The barking dog loudly is,transposition_unrelated,left,6,6,0,left,1,1.3480285830009962,None,0,6,6,15,65.0096416669985,,,,,,,,,65.00347149999288,65.0096416669985,65.2531185419939,65.2531185419939,65.4497487089975,65.4497487089975,65.64490608399501,65.65151587499713,65.74476612500439,65.75170237499697,65.75170237499697,67.10299520900298,left,1,1.3480285830009962,None,67.10350054199807,67.11752183399221,67.11752183399221,67.30497762499726,67.32834795900271,67.32834795900271,68.11415687500266,68.09410833400034,,,g,"001",2025-11-10_22h15.17.337,2nd exp,,2025.2.0,None,2025-11-10 22h15.17.419455 +0530,
They have finished the work,They work the have finished,transposition_unrelated,left,7,7,0,left,1,1.2127042080101091,None,0,7,7,11,68.11415687500266,,,,,,,,,68.10834737500409,68.11415687500266,68.35400037499494,68.36185337499774,68.55064879199199,68.55064879199199,68.74473587499233,68.75127574999351,68.84489708399633,68.85194408400275,68.85194408400275,70.06948566700157,left,1,1.2127042080101091,None,70.06998754199594,70.08433516700461,70.08433516700461,70.27092662500218,70.27861320899683,70.27861320899683,71.07787879199896,71.06080733399722,,,g,"001",2025-11-10_22h15.17.337,2nd exp,,2025.2.0,None,2025-11-10 22h15.17.419455 +0530,
The boy can read fast,The boy can read fast,transposition_related,right,8,8,0,right,1,1.0129149580025114,None,0,8,8,2,71.07787879199896,,,,,,,,,71.07166724999843,71.07787879199896,71.3201568749937,71.3201568749937,71.51734708399454,71.51734708399454,71.71149983399664,71.71811083400098,71.8115883339924,71.81858749999083,71.81858749999083,72.83629470899177,right,1,1.0129149580025114,None,72.83679274999304,72.85144412500085,72.85144412500085,73.03729729200131,73.045043584003,73.045043584003,73.84788191699772,73.82751504199405,,,g,"001",2025-11-10_22h15.17.337,2nd exp,,2025.2.0,None,2025-11-10 22h15.17.419455 +0530,
They have finished the work,They have finished the work,repetition_related,right,9,9,0,right,1,1.0670947499893373,None,0,9,9,8,73.84788191699772,,,,,,,,,73.84210258399253,73.84788191699772,74.08738720900146,74.09471925000253,74.28415220900206,74.28415220900206,74.47810212499462,74.48455245899095,74.57812649999687,74.58525720899343,74.58525720899343,75.6638284590008,right,1,1.0670947499893373,None,75.66450204199646,75.6796838339942,75.6796838339942,75.8602106670005,75.87715025000216,75.87715025000216,76.65980566700455,76.64403433399275,,,g,"001",2025-11-10_22h15.17.337,2nd exp,,2025.2.0,None,2025-11-10 22h15.17.419455 +0530,
They have finished the work,They finished have the work,repetition_unrelated,left,10,10,0,left,1,0.9949158750096103,None,0,10,10,9,76.65980566700455,,,,,,,,,76.65451437499723,76.66550158399332,76.91011904200423,76.91011904200423,77.11153024999658,77.09865545899083,77.29976758400153,77.31141962499532,77.40043783400324,77.41153491700243,77.41153491700243,78.41372549999505,left,1,0.9949158750096103,None,78.41434241700335,78.42975512499106,78.42975512499106,78.61088616699271,78.62733337499958,78.62733337499958,79.4129786669946,79.39402966700436,,,g,"001",2025-11-10_22h15.17.337,2nd exp,,2025.2.0,None,2025-11-10 22h15.17.419455 +0530,
She does not like apples,She not does like apples,repetition_unrelated,left,11,11,0,left,1,1.4501047910016496,None,0,11,11,5,79.4129786669946,,,,,,,,,79.40792412500014,79.42809566699725,79.66027091699652,79.67760524999176,79.86150674999226,79.84893708399613,80.04993487500178,80.06161983399943,80.1516045419994,80.16025695900316,80.16025695900316,81.61444995900092,left,1,1.4501047910016496,None,81.61507212500146,81.63021945899527,81.63021945899527,81.81029275000037,81.82753187499475,81.82753187499475,82.61333658399235,82.59407504199771,,,g,"001",2025-11-10_22h15.17.337,2nd exp,,2025.2.0,None,2025-11-10 22h15.17.419455 +0530,
The dog is barking loudly,The loudly is barking dog,repetition_unrelated,left,12,12,0,left,1,1.122712081996724,None,0,12,12,13,82.61333658399235,,,,,,,,,82.60811800000374,82.6279559169925,82.86071108399483,82.86909070899128,83.0614719169971,83.04860370900133,83.25001799999154,83.26149745899602,83.34959712499403,83.36159079200297,83.36159079200297,84.48626583399891,left,1,1.122712081996724,None,84.48675875000481,84.50096691699582,84.50096691699582,84.68691404200217,84.69437995899352,84.69437995899352,85.49757658399176,85.47735120900325,,,g,"001",2025-11-10_22h15.17.337,2nd exp,,2025.2.0,None,2025-11-10 22h15.17.419455 +0530,
The boy can read fast,The boy can read fast,repetition_related,right,13,13,0,right,1,1.0103595410037087,None,0,13,13,0,85.49757658399176,,,,,,,,,85.49163020899869,85.49757658399176,85.73743179200392,85.74518337499467,85.93408716699923,85.93408716699923,86.12813420899329,86.1348929169908,86.22859062500356,86.23582824999176,86.23582824999176,87.25199016700208,right,1,1.0103595410037087,None,87.25255024999205,87.26578754199727,87.26578754199727,87.44425179199607,87.46103187499102,87.46103187499102,88.24640695899143,88.22731745899364,,,g,"001",2025-11-10_22h15.17.337,2nd exp,,2025.2.0,None,2025-11-10 22h15.17.419455 +0530,
She does not like apples,She not does like apples,transposition_related,right,14,14,0,left,0,1.6966279990010662,None,0,14,14,6,88.24640695899143,,,,,,,,,88.2414279999939,88.26135645899922,88.5031278749957,88.5031278749957,88.69418404200405,88.70089595900208,88.88298662500165,88.90130154199142,88.99344129199744,88.99344129199744,88.99344129199744,90.69675808399916,left,0,1.6966279990010662,None,90.69729850000294,90.71231191699917,90.71231191699917,90.90454637499352,90.9114014999941,90.9114014999941,91.7137239589938,91.69388541700027,,,g,"001",2025-11-10_22h15.17.337,2nd exp,,2025.2.0,None,2025-11-10 22h15.17.419455 +0530,
The dog is barking loudly,The dog is barking loudly,repetition_related,right,15,15,0,right,1,1.0982932079932652,None,0,15,15,12,91.7137239589938,,,,,,,,,91.70797516699531,91.7137239589938,91.94345395900018,91.96099829199375,92.14481745900412,92.13203045900445,92.3332983750006,92.34481966699241,92.43324191699503,92.44477170899336,92.44477170899336,93.54709466699569,right,1,1.0982932079932652,None,93.54771279200213,93.56311091699172,93.56311091699172,93.74404900000081,93.76082845899509,93.76082845899509,94.54799708399514,94.52770841699385,,,g,"001",2025-11-10_22h15.17.337,2nd exp,,2025.2.0,None,2025-11-10 22h15.17.419455 +0530,
The boy can read fast,The read can boy fast,transposition_unrelated,left,16,0,1,left,1,1.7770662499970058,None,1,0,16,3,94.54799708399514,,,,,,,,,94.54208341699268,94.56146587499825,94.79409283399582,94.80231616699893,94.99490104199504,94.98248983400117,95.1836977089988,95.19487525000295,95.28360870899633,95.29484516699449,95.29484516699449,97.08043295900279,left,1,1.7770662499970058,None,97.08110037499864,97.09702529199421,97.09702529199421,97.27747470900067,97.29412133399455,97.29412133399455,98.08160350000253,98.0605649999925,,,g,"001",2025-11-10_22h15.17.337,2nd exp,,2025.2.0,None,2025-11-10 22h15.17.419455 +0530,
She does not like apples,She not does like apples,transposition_related,right,17,1,1,left,0,1.449720916003571,None,1,1,17,6,98.08160350000253,,,,,,,,,98.0764384590002,98.09461091700359,98.32768112499616,98.3360596249986,98.52819608399295,98.51580712500436,98.71655470899714,98.7284171670035,98.81667137499608,98.82814004199463,98.82814004199463,100.27997687499737,left,0,1.449720916003571,None,100.28059129200119,100.29574766699807,100.29574766699807,100.47752654200303,100.4939779999986,100.4939779999986,101.28089666699816,101.26059258400346,,,g,"001",2025-11-10_22h15.17.337,2nd exp,,2025.2.0,None,2025-11-10 22h15.17.419455 +0530,
They have finished the work,They finished have the work,repetition_unrelated,left,18,2,1,left,1,0.8415679569880012,None,1,2,18,9,101.28089666699816,,,,,,,,,101.27546233400062,101.29474583399133,101.52728141700209,101.53588541700447,101.72827687500103,101.71552395899198,101.9170904999919,101.9281162499974,102.01622141699772,102.02822529200057,102.02822529200057,102.88063412500196,left,1,0.8415679569880012,None,102.88128929199593,102.89648379199207,102.89648379199207,103.0772745419963,103.09374512499198,103.09374512499198,103.88018541700148,103.8606550419936,,,g,"001",2025-11-10_22h15.17.337,2nd exp,,2025.2.0,None,2025-11-10 22h15.17.419455 +0530,
The boy can read fast,The read can boy fast,repetition_unrelated,left,19,3,1,left,1,1.3926672499947017,None,1,3,19,1,103.88018541700148,,,,,,,,,103.87502049999603,103.89463204199274,104.12683533399832,104.14362858400273,104.3281417919934,104.31616020899673,104.51616529199237,104.52814366700477,104.61661983399244,104.62806045899924,104.62806045899924,106.03042033399106,left,1,1.3926672499947017,None,106.03111108399753,106.04635770899768,106.04635770899768,106.22742133399879,106.24423620899324,106.24423620899324,107.03131545899669,107.01066545899084,,,g,"001",2025-11-10_22h15.17.337,2nd exp,,2025.2.0,None,2025-11-10 22h15.17.419455 +0530,
They have finished the work,They have finished the work,repetition_related,right,20,4,1,right,1,0.7165998319978826,None,1,4,20,8,107.03131545899669,,,,,,,,,107.02540362499713,107.04459270900406,107.27729604199703,107.28559395899356,107.47815329200239,107.46516116699786,107.66636762500275,107.6781683750014,107.76666183400084,107.778095458998,107.778095458998,108.49712316699151,right,1,0.7165998319978826,None,108.49776454200037,108.51308079199225,108.51308079199225,108.69404483400285,108.71072608399845,108.71072608399845,109.49723349999113,109.47730154199235,,,g,"001",2025-11-10_22h15.17.337,2nd exp,,2025.2.0,None,2025-11-10 22h15.17.419455 +0530,
The dog is barking loudly,The loudly is barking dog,repetition_unrelated,left,21,5,1,left,1,0.865817332000006,None,1,5,21,13,109.49723349999113,,,,,,,,,109.49209254200105,109.51136587499059,109.74343487499573,109.76083045899577,109.94486029200198,109.93203825000091,110.13302316699992,110.14470350000192,110.23295458400389,110.24481512499915,110.24481512499915,111.11363704199903,left,1,0.865817332000006,None,111.11422395899717,111.12944633400184,111.12944633400184,111.32070270899567,111.32816708399332,111.32816708399332,112.13116904199705,112.11063687500427,,,g,"001",2025-11-10_22h15.17.337,2nd exp,,2025.2.0,None,2025-11-10 22h15.17.419455 +0530,
The boy can read fast,The boy can read fast,repetition_related,right,22,6,1,right,1,0.7491171659930842,None,1,6,22,0,112.13116904199705,,,,,,,,,112.12524941700394,112.13116904199705,112.36077591699723,112.37775329199212,112.56146783399163,112.54838858399307,112.7497012919921,112.76194037499954,112.85000933399715,112.86138466699049,112.86138466699049,113.61350862499967,right,1,0.7491171659930842,None,113.61409758399532,113.62963116700121,113.62963116700121,113.81150608399184,113.82845270899998,113.82845270899998,114.62236820899125,114.6018888749968,,,g,"001",2025-11-10_22h15.17.337,2nd exp,,2025.2.0,None,2025-11-10 22h15.17.419455 +0530,
She does not like apples,She not does like apples,repetition_unrelated,left,23,7,1,left,1,0.9041382080031326,None,1,7,23,5,114.62236820899125,,,,,,,,,114.61580041699926,114.62236820899125,114.86013704199286,114.86838312499458,115.06147870900168,115.04944629200327,115.24974579199625,115.26148879199172,115.34951595899474,115.36140295899531,115.36140295899531,116.26954454199586,left,1,0.9041382080031326,None,116.27004529199621,116.28501845899154,116.28501845899154,116.4702750419965,116.47669695899822,116.47669695899822,117.27597266700468,117.26069458399434,,,g,"001",2025-11-10_22h15.17.337,2nd exp,,2025.2.0,None,2025-11-10 22h15.17.419455 +0530,
She does not like apples,She does not like apples,repetition_related,right,24,8,1,right,1,1.1508139159996063,None,1,8,24,4,117.27597266700468,,,,,,,,,117.26957375000347,117.27597266700468,117.5196351249906,117.5196351249906,117.71667645899288,117.71667645899288,117.91138616700482,117.91803162499855,118.01130091700179,118.01852279200102,118.01852279200102,119.18069287500111,right,1,1.1508139159996063,None,119.18134562499472,119.19680262499605,119.19680262499605,119.3772575000039,119.39502937499492,119.39502937499492,120.18115575000411,120.1610250419908,,,g,"001",2025-11-10_22h15.17.337,2nd exp,,2025.2.0,None,2025-11-10 22h15.17.419455 +0530,
They have finished the work,They finished have the work,transposition_related,right,25,9,1,left,0,0.6522388329904061,None,1,9,25,10,120.18115575000411,,,,,,,,,120.17602458399779,120.19467020899174,120.42740145900461,120.43576141700032,120.62821329200233,120.6162305839971,120.81635599999572,120.82815266700345,120.91699995899398,120.9280820839922,120.9280820839922,121.58679670900165,left,0,0.6522388329904061,None,121.58731483400334,121.60089658400102,121.60089658400102,121.79483404199709,121.80476229199849,121.80476229199849,122.60682245899807,122.58533233399794,,,g,"001",2025-11-10_22h15.17.337,2nd exp,,2025.2.0,None,2025-11-10 22h15.17.419455 +0530,
The dog is barking loudly,The dog barking is loudly,transposition_related,right,26,10,1,right,1,1.1404233330104034,None,1,10,26,14,122.60682245899807,,,,,,,,,122.59995137499936,122.60682245899807,122.83737033400394,122.85430558399821,123.03378104200237,123.03378104200237,123.22800029200152,123.2346454590006,123.32801337499404,123.33511600000202,123.33511600000202,124.48028212499048,right,1,1.1404233330104034,None,124.48087341699284,124.49628174999089,124.49628174999089,124.67742158399778,124.69332741700055,124.69332741700055,125.47983174999536,125.46050954199745,,,g,"001",2025-11-10_22h15.17.337,2nd exp,,2025.2.0,None,2025-11-10 22h15.17.419455 +0530,
The boy can read fast,The boy can read fast,transposition_related,right,27,11,1,right,1,1.0071785829932196,None,1,11,27,2,125.47983174999536,,,,,,,,,125.47472237500187,125.49466591699456,125.7275496670045,125.73569312499603,125.92815049999626,125.91551024999353,126.11632779199863,126.12810429200181,126.21623270900454,126.22807620899403,126.22807620899403,127.2471195840044,right,1,1.0071785829932196,None,127.24775137499091,127.26329462499416,127.26329462499416,127.46173620899208,127.46856233400467,127.46856233400467,,128.25169716699747,,,g,"001",2025-11-10_22h15.17.337,2nd exp,,2025.2.0,None,2025-11-10 22h15.17.419455 +0530,
They have finished the work,They work the have finished,transposition_unrelated,left,28,12,1,left,1,0.6715300409996416,None,1,12,28,11,128.27395370899467,,,,,,,,,128.2671445839951,128.27395370899467,128.49405249999836,128.5202399169939,128.69478329199774,128.68179304199293,128.88327470899094,128.8947980840021,128.9836846669932,128.99472029200115,128.99472029200115,129.66990491699835,left,1,0.6715300409996416,None,129.67041849999805,129.68479691700486,129.68479691700486,129.87045191699872,129.8781120420026,129.8781120420026,130.67507987499994,130.65333820899832,,,g,"001",2025-11-10_22h15.17.337,2nd exp,,2025.2.0,None,2025-11-10 22h15.17.419455 +0530,
She does not like apples,She like does apples not,transposition_unrelated,left,29,13,1,left,1,1.0336955829989165,None,1,13,29,7,130.67507987499994,,,,,,,,,130.66818508399592,130.67507987499994,130.91971929199644,130.91971929199644,131.11706324999977,131.11706324999977,131.31143124999653,131.31789637499605,131.41135345899966,131.41833966699778,131.41833966699778,132.46381187500083,left,1,1.0336955829989165,None,132.4645093339932,132.47989804200188,132.47989804200188,132.66042245899735,132.67803133399866,132.67803133399866,133.46604183399177,133.44402899999113,,,g,"001",2025-11-10_22h15.17.337,2nd exp,,2025.2.0,None,2025-11-10 22h15.17.419455 +0530,
The dog is barking loudly,The dog is barking loudly,repetition_related,right,30,14,1,right,1,0.7687838750134688,None,1,14,30,12,133.46604183399177,,,,,,,,,133.46012929199787,133.46604183399177,133.709890291997,133.709890291997,133.9114915419923,133.89872962499794,134.09978345899435,134.1115048339998,134.2000816249929,134.2114140420017,134.2114140420017,134.98632749999524,right,1,0.7687838750134688,None,134.9868209999986,134.99988654199115,134.99988654199115,135.18729270900076,135.19491787499283,135.19491787499283,135.99318725000194,135.97729858399543,,,g,"001",2025-11-10_22h15.17.337,2nd exp,,2025.2.0,None,2025-11-10 22h15.17.419455 +0530,
The dog is barking loudly,The barking dog loudly is,transposition_unrelated,left,31,15,1,left,1,0.8698044999910053,None,1,15,31,15,135.99318725000194,,,,,,,,,135.9867659589945,135.99318725000194,136.23631845899217,136.23631845899217,136.43339166700025,136.43339166700025,136.62806295900373,136.63482895899506,136.7281840420037,136.73521349999646,136.73521349999646,137.61296554199362,left,1,0.8698044999910053,None,137.61364162499376,137.628367583995,137.628367583995,137.81015316699632,137.82748387499305,137.82748387499305,138.61334258399438,138.59387941699242,,,g,"001",2025-11-10_22h15.17.337,2nd exp,,2025.2.0,None,2025-11-10 22h15.17.419455 +0530,
They have finished the work,They work the have finished,transposition_unrelated,left,32,0,2,left,1,0.6925229569897056,None,2,0,32,11,138.61334258399438,,,,,,,,,138.60810912499437,138.627776334004,138.86005591700086,138.8774384589924,139.06131762500445,139.04887445899658,139.25031541699718,139.26134612500027,139.34949958400102,139.36147154199716,139.36147154199716,140.06356558400148,left,1,0.6925229569897056,None,140.06428175000474,140.0788948749978,140.0788948749978,140.26088333399093,140.27740095899208,140.27740095899208,141.06254237500252,141.0441144590004,,,g,"001",2025-11-10_22h15.17.337,2nd exp,,2025.2.0,None,2025-11-10 22h15.17.419455 +0530,
The boy can read fast,The read can boy fast,transposition_unrelated,left,33,1,2,left,1,0.9235482079966459,None,2,1,33,3,141.06254237500252,,,,,,,,,141.05734170899086,141.0778036249976,141.31056737499603,141.31897500000196,141.5114335840044,141.49813074999838,141.69991554199078,141.71142504199815,141.8000490419945,141.811353416997,141.811353416997,142.7469797090016,left,1,0.9235482079966459,None,142.74762816699513,142.76221116699162,142.76221116699162,142.9441772919963,142.96124841699202,142.96124841699202,143.74790820899943,143.7282960839948,,,g,"001",2025-11-10_22h15.17.337,2nd exp,,2025.2.0,None,2025-11-10 22h15.17.419455 +0530,
The dog is barking loudly,The loudly is barking dog,repetition_unrelated,left,34,2,2,left,1,1.081311916001141,None,2,2,34,13,143.74790820899943,,,,,,,,,143.74247604199627,143.761232208999,143.9939895419957,144.00232666700322,144.19473604200175,144.18175204200088,144.38315695899655,144.39468991699687,144.48361399999703,144.49456804199144,144.49456804199144,145.5810165419971,left,1,1.081311916001141,None,145.58157395900344,145.59670416699373,145.59670416699373,145.77818454199587,145.79575687499892,145.79575687499892,146.58623612500378,146.56865166699572,,,g,"001",2025-11-10_22h15.17.337,2nd exp,,2025.2.0,None,2025-11-10 22h15.17.419455 +0530,
The dog is barking loudly,The barking dog loudly is,transposition_unrelated,left,35,3,2,left,1,1.0377827910124324,None,2,3,35,15,146.58623612500378,,,,,,,,,146.57921462500235,146.58623612500378,146.82687024999177,146.8352460419992,147.02820195899403,147.01506674999837,147.2166047089995,147.22796099999687,147.3166241250001,147.32797241699882,147.32797241699882,148.36951166699873,left,1,1.0377827910124324,None,148.3700194999983,148.38462054199772,148.38462054199772,148.5705522920034,148.57830637499865,148.57830637499865,149.38029674999416,149.36063374999503,,,g,"001",2025-11-10_22h15.17.337,2nd exp,,2025.2.0,None,2025-11-10 22h15.17.419455 +0530,
They have finished the work,They finished have the work,repetition_unrelated,left,36,4,2,left,1,1.7189845410030102,None,2,4,36,9,149.38029674999416,,,,,,,,,149.37438637499872,149.38029674999416,149.6207064170012,149.6283767089917,149.8170239589963,149.8170239589963,150.0112808339909,150.0179185839952,150.11138241700246,150.118610000005,150.118610000005,151.84690925000177,left,1,1.7189845410030102,None,151.84760595900298,151.86304458399536,151.86304458399536,152.04329766699811,152.06042441699537,152.06042441699537,152.8455409169983,152.8272201249929,,,g,"001",2025-11-10_22h15.17.337,2nd exp,,2025.2.0,None,2025-11-10 22h15.17.419455 +0530,
The boy can read fast,The read can boy fast,repetition_unrelated,left,37,5,2,left,1,2.187886998988688,None,2,5,37,1,152.8455409169983,,,,,,,,,152.84033462499792,152.8611832500028,153.0939285420027,153.10226037500252,153.29462504199182,153.2827129590005,153.4833876670018,153.49467050000385,153.58290320899687,153.59461754199583,153.59461754199583,155.78630104199692,left,1,2.187886998988688,None,155.78680745899328,155.80224999999336,155.80224999999336,155.98745366699586,155.99521916700178,155.99521916700178,156.79685366699414,156.77779558399925,,,g,"001",2025-11-10_22h15.17.337,2nd exp,,2025.2.0,None,2025-11-10 22h15.17.419455 +0530,
She does not like apples,She like does apples not,transposition_unrelated,left,38,6,2,left,1,1.200598750001518,None,2,6,38,7,156.79685366699414,,,,,,,,,156.79106666699226,156.79685366699414,157.03715945899603,157.04450991700287,157.23379120900063,157.23379120900063,157.42789316699782,157.43464395900082,157.52788879199943,157.53491120900435,157.53491120900435,158.74713345899363,left,1,1.200598750001518,None,158.74782045900065,158.7627149589971,158.7627149589971,158.94407004199456,158.96058916699258,158.96058916699258,159.74758591699356,159.72812345900456,,,g,"001",2025-11-10_22h15.17.337,2nd exp,,2025.2.0,None,2025-11-10 22h15.17.419455 +0530,
The dog is barking loudly,The dog barking is loudly,transposition_related,right,39,7,2,left,0,1.5519017079932382,None,2,7,39,14,159.74758591699356,,,,,,,,,159.7421022089984,159.7613120419992,159.99332275000052,160.01018266699975,160.1945985420025,160.1824451249995,160.38309570899582,160.39462279199506,160.48374658399553,160.49456725000346,160.49456725000346,162.05303812499915,left,0,1.5519017079932382,None,162.05357049999293,162.06799345900072,162.06799345900072,162.2538757500006,162.2615674999979,162.2615674999979,163.06028066699218,163.04385908399126,,,g,"001",2025-11-10_22h15.17.337,2nd exp,,2025.2.0,None,2025-11-10 22h15.17.419455 +0530,
The dog is barking loudly,The dog is barking loudly,repetition_related,right,40,8,2,right,1,1.1473738750064513,None,2,8,40,12,163.06028066699218,,,,,,,,,163.05405033400166,163.06028066699218,163.30290262500057,163.30290262500057,163.4998355419957,163.4998355419957,163.69456254200486,163.70130529199378,163.80196354199143,163.80196354199143,163.80196354199143,164.95310758399137,right,1,1.1473738750064513,None,164.9536178339913,164.9679846670042,164.9679846670042,165.1540884999995,165.16183762499713,165.16183762499713,165.96318574999168,165.9438786249957,,,g,"001",2025-11-10_22h15.17.337,2nd exp,,2025.2.0,None,2025-11-10 22h15.17.419455 +0530,
She does not like apples,She does not like apples,repetition_related,right,41,9,2,right,1,0.866086373993312,None,2,9,41,4,165.96318574999168,,,,,,,,,165.95734933399945,165.96318574999168,166.20380270900205,166.2111893340043,166.400595375002,166.400595375002,166.5946081669972,166.6012663750007,166.69471937499475,166.70321041699208,166.70321041699208,167.58058924999204,right,1,0.866086373993312,None,167.5811864999996,167.59660687499854,167.59660687499854,167.7772204590001,167.7942160419916,167.7942160419916,168.5799004589935,168.56054158399638,,,g,"001",2025-11-10_22h15.17.337,2nd exp,,2025.2.0,None,2025-11-10 22h15.17.419455 +0530,
The boy can read fast,The boy can read fast,transposition_related,right,42,10,2,right,1,1.0836635829909937,None,2,10,42,2,168.5799004589935,,,,,,,,,168.57468583399896,168.5946006669983,168.82672862500476,168.84335495899722,169.0280281669984,169.01606808399083,169.21685845899628,169.22790070899646,169.31613662499876,169.32801716700487,169.32801716700487,170.41982374999498,right,1,1.0836635829909937,None,170.4203208340041,170.4356480419956,170.4356480419956,170.6208601249964,170.62853383399488,170.62853383399488,171.41774883399194,171.41053941700375,,,g,"001",2025-11-10_22h15.17.337,2nd exp,,2025.2.0,None,2025-11-10 22h15.17.419455 +0530,
The boy can read fast,The boy can read fast,repetition_related,right,43,11,2,right,1,1.0727135820052354,None,2,11,43,0,171.41774883399194,,,,,,,,,171.41104337500292,171.41774883399194,171.66967512499832,171.66128358399146,171.86657812500198,171.86657812500198,172.06137133399898,172.06807599999593,172.161309624993,172.16784774999542,172.16784774999542,173.24656595899432,right,1,1.0727135820052354,None,173.24711112499062,173.26193120899552,173.26193120899552,173.44323575000453,173.46038399999088,173.46038399999088,174.24558662499476,174.2270808750036,,,g,"001",2025-11-10_22h15.17.337,2nd exp,,2025.2.0,None,2025-11-10 22h15.17.419455 +0530,
She does not like apples,She not does like apples,transposition_related,right,44,12,2,left,0,0.8905241239990573,None,2,12,44,6,174.24558662499476,,,,,,,,,174.24036883399822,174.2610900419968,174.49332762499398,174.51020175000303,174.69462554200436,174.68184854199353,174.88321133400314,174.8946367919998,174.9831395420042,174.99459120900428,174.99459120900428,175.8968631250027,left,0,0.8905241239990573,None,175.89747974999773,175.91275750000204,175.91275750000204,176.09337095900264,176.11059637500148,176.11059637500148,176.89796245899925,176.87718949999544,,,g,"001",2025-11-10_22h15.17.337,2nd exp,,2025.2.0,None,2025-11-10 22h15.17.419455 +0530,
They have finished the work,They have finished the work,repetition_related,right,45,13,2,right,1,0.8473916660004761,None,2,13,45,8,176.89796245899925,,,,,,,,,176.89269395900192,176.911054917,177.14389595900138,177.15219558399986,177.34478316699096,177.3316194999934,177.53297158399073,177.54464174999157,177.6331857920013,177.6446952499973,177.6446952499973,178.49666187500407,right,1,0.8473916660004761,None,178.49726429200382,178.51249104199815,178.51249104199815,178.69337945900043,178.71015941699443,178.71015941699443,179.49341791699408,179.4778709999955,,,g,"001",2025-11-10_22h15.17.337,2nd exp,,2025.2.0,None,2025-11-10 22h15.17.419455 +0530,
They have finished the work,They finished have the work,transposition_related,right,46,14,2,left,0,0.8462572080024984,None,2,14,46,10,179.49341791699408,,,,,,,,,179.4878277090029,179.49881804200413,179.74336941700312,179.74336941700312,179.94486237499223,179.9326532089908,180.1336013340042,180.1446442919987,180.23327058399445,180.24473479199514,180.24473479199514,181.09646383399377,left,0,0.8462572080024984,None,181.09696308399725,181.11359658399306,181.11359658399306,181.29401558400423,181.31081316700147,181.31081316700147,182.0967141250003,182.07718529200065,,,g,"001",2025-11-10_22h15.17.337,2nd exp,,2025.2.0,None,2025-11-10 22h15.17.419455 +0530,
She does not like apples,She not does like apples,repetition_unrelated,left,47,15,2,left,1,0.9293610410095425,None,2,15,47,5,182.0967141250003,,,,,,,,,182.09156316699227,182.11118849999912,182.34324975000345,182.35997483399115,182.54465554199123,182.5318755000044,182.7329968749982,182.74467466700298,182.83292104199063,182.8445974589995,182.8445974589995,183.7800383339927,left,1,0.9293610410095425,None,183.78061595899635,183.79643649999343,183.79643649999343,183.97669883399794,183.9933279169927,183.9933279169927,184.78003912499116,184.76063783399877,,,g,"001",2025-11-10_22h15.17.337,2nd exp,,2025.2.0,None,2025-11-10 22h15.17.419455 +0530,
The dog is barking loudly,The barking dog loudly is,transposition_unrelated,left,48,0,3,left,1,1.5991633330122568,None,3,0,48,15,184.78003912499116,,,,,,,,,184.77471408399288,184.79445724999823,185.02673062500253,185.04353887500474,185.22799887499423,185.21505995899497,185.4169859590038,185.42801791700185,185.5169094169978,185.52791045900085,185.52791045900085,187.13000887499948,left,1,1.5991633330122568,None,187.13063574999978,187.1460315000004,187.1460315000004,187.32729345899133,187.34434054199664,187.34434054199664,188.12516174999473,188.11047695900197,,,g,"001",2025-11-10_22h15.17.337,2nd exp,,2025.2.0,None,2025-11-10 22h15.17.419455 +0530,
The dog is barking loudly,The dog barking is loudly,transposition_related,right,49,1,3,left,0,1.7638414579996606,None,3,1,49,14,188.12516174999473,,,,,,,,,188.11979558400344,188.13013470900478,188.3766115000035,188.3766115000035,188.57806054200046,188.56487045899848,188.76608979199955,188.77789608399326,188.86645649999264,188.87800687499112,188.87800687499112,190.6467402089911,left,0,1.7638414579996606,None,190.64737704199797,190.66290645899426,190.66290645899426,190.84334162500454,190.86104433400033,190.86104433400033,191.64740237499063,191.62718741699064,,,g,"001",2025-11-10_22h15.17.337,2nd exp,,2025.2.0,None,2025-11-10 22h15.17.419455 +0530,
They have finished the work,They have finished the work,repetition_related,right,50,2,3,right,1,0.8739909580035601,None,3,2,50,8,191.64740237499063,,,,,,,,,191.64208695899288,191.66122570900188,191.89338241699443,191.91032100000302,192.09469179199368,192.08205512499262,192.28325320899603,192.29471649999323,192.38323004200356,192.3946541250043,192.3946541250043,193.28043124999385,right,1,0.8739909580035601,None,193.28110933399876,193.2969787089969,193.2969787089969,193.48104020899336,193.49465566700383,193.49465566700383,194.29003095900407,194.26849124999717,,,g,"001",2025-11-10_22h15.17.337,2nd exp,,2025.2.0,None,2025-11-10 22h15.17.419455 +0530,
She does not like apples,She does not like apples,repetition_related,right,51,3,3,right,1,1.4335988329985412,None,3,3,51,4,194.29003095900407,,,,,,,,,194.28313116700156,194.29003095900407,194.52702866699838,194.53538083400053,194.72794570900442,194.71498941699974,194.91655983400415,194.92798608400335,195.01614570899983,195.02793979199487,195.02793979199487,196.46989712500363,right,1,1.4335988329985412,None,196.4704059999931,196.48489587499353,196.48489587499353,196.6703974169941,196.68288141700032,196.68288141700032,197.47587437499897,197.46042304199364,,,g,"001",2025-11-10_22h15.17.337,2nd exp,,2025.2.0,None,2025-11-10 22h15.17.419455 +0530,
She does not like apples,She not does like apples,transposition_related,right,52,4,3,left,0,0.5453642909997143,None,3,4,52,6,197.47587437499897,,,,,,,,,197.46945887499896,197.47587437499897,197.71991783399426,197.71991783399426,197.91682266700082,197.91682266700082,198.1112385000015,198.1179767089925,198.21122204199492,198.21820041700266,198.21820041700266,198.76954241699423,left,0,0.5453642909997143,None,198.77005020900106,198.78481495899905,198.78481495899905,198.9704631670029,198.9781972089986,198.9781972089986,199.7808173749945,199.76044416699733,,,g,"001",2025-11-10_22h15.17.337,2nd exp,,2025.2.0,None,2025-11-10 22h15.17.419455 +0530,
The boy can read fast,The read can boy fast,repetition_unrelated,left,53,5,3,left,1,0.9333534160105046,None,3,5,53,1,199.7808173749945,,,,,,,,,199.7746374999988,199.7808173749945,200.02082091699413,200.02854600000137,200.21722141699865,200.21722141699865,200.41120950000186,200.4178613749973,200.51140624999243,200.51903549999406,200.51903549999406,201.46370683399437,left,1,0.9333534160105046,None,201.46435749999364,201.47984766699665,201.47984766699665,201.66059820899682,201.6766337089939,201.6766337089939,202.46364362500026,202.4438147500041,,,g,"001",2025-11-10_22h15.17.337,2nd exp,,2025.2.0,None,2025-11-10 22h15.17.419455 +0530,
They have finished the work,They finished have the work,transposition_related,right,54,6,3,left,0,1.4971928329905495,None,3,6,54,10,202.46364362500026,,,,,,,,,202.4584041670023,202.47783812499256,202.70994729199447,202.72711574999266,202.91136250000272,202.89851637500396,203.099549999999,203.11134291699273,203.1996818750049,203.2112895839964,203.2112895839964,204.71331241699227,left,0,1.4971928329905495,None,204.71392199999536,204.729466417004,204.729466417004,204.91008841700386,204.9278130419989,204.9278130419989,205.7149697089917,205.69501737499377,,,g,"001",2025-11-10_22h15.17.337,2nd exp,,2025.2.0,None,2025-11-10 22h15.17.419455 +0530,
The boy can read fast,The boy can read fast,repetition_related,right,55,7,3,right,1,1.033170248992974,None,3,7,55,0,205.7149697089917,,,,,,,,,205.70921987500333,205.72812329199223,205.959989666997,205.9769098340039,206.1697624590015,206.16186129199923,206.3663566250034,206.3597261669929,206.4501526249951,206.46116766700288,206.46116766700288,207.4967080839997,right,1,1.033170248992974,None,207.49732995899103,207.5120339589921,207.5120339589921,207.693547709001,207.71056870899338,207.71056870899338,208.4992086669954,208.47706816699065,,,g,"001",2025-11-10_22h15.17.337,2nd exp,,2025.2.0,None,2025-11-10 22h15.17.419455 +0530,
They have finished the work,They finished have the work,repetition_unrelated,left,56,8,3,left,1,1.5650667910085758,None,3,8,56,9,208.4992086669954,,,,,,,,,208.49315720899904,208.4992086669954,208.74346666700148,208.74346666700148,208.94456229200296,208.93149099999573,209.13144520900096,209.14412250000169,209.23259124999458,209.24424133400316,209.24424133400316,210.8133056670049,left,1,1.5650667910085758,None,210.81391774999793,210.82961029199942,210.82961029199942,211.0106443340046,211.02784374999464,211.02784374999464,211.8140748339938,211.7939046669926,,,g,"001",2025-11-10_22h15.17.337,2nd exp,,2025.2.0,None,2025-11-10 22h15.17.419455 +0530,
She does not like apples,She not does like apples,repetition_unrelated,left,57,9,3,left,1,0.5908521250094054,None,3,9,57,5,211.8140748339938,,,,,,,,,211.80855558399344,211.82775633399433,212.05994700000156,212.07656975000282,212.26137045900396,212.24849770899164,212.44954862499435,212.46118966699578,212.54989729200315,212.56128866699873,212.56128866699873,213.16343837499153,left,1,0.5908521250094054,None,213.16408558399417,213.1794570839993,213.1794570839993,213.35990716700326,213.37688458399498,213.37688458399498,214.15837925000233,214.1437533749995,,,g,"001",2025-11-10_22h15.17.337,2nd exp,,2025.2.0,None,2025-11-10 22h15.17.419455 +0530,
She does not like apples,She like does apples not,transposition_unrelated,left,58,10,3,left,1,0.7536550829972839,None,3,10,58,7,214.15837925000233,,,,,,,,,214.15289712499361,214.1643069589918,214.4097336249979,214.4097336249979,214.61112924999907,214.5982885419944,214.79944049999176,214.81133162499464,214.9117857090023,214.92849674999889,214.92849674999889,215.68653508399439,left,1,0.7536550829972839,None,215.6870989589952,215.70282579200284,215.70282579200284,215.8871679589938,215.89488974999404,215.89488974999404,216.69701604200236,216.67720704199746,,,g,"001",2025-11-10_22h15.17.337,2nd exp,,2025.2.0,None,2025-11-10 22h15.17.419455 +0530,
The dog is barking loudly,The dog is barking loudly,repetition_related,right,59,11,3,right,1,0.8181327079946641,None,3,11,59,12,216.69701604200236,,,,,,,,,216.69097670899646,216.69701604200236,216.93708862499625,216.94444845899125,217.13375291699776,217.13375291699776,217.32791887500207,217.33478554199974,217.42782199999783,217.43499537499156,217.43499537499156,218.26361195900245,right,1,0.8181327079946641,None,218.2642511669983,218.27988516699406,218.27988516699406,218.4598786669958,218.47697224999138,218.47697224999138,219.26312420899922,219.24385312499362,,,g,"001",2025-11-10_22h15.17.337,2nd exp,,2025.2.0,None,2025-11-10 22h15.17.419455 +0530,
They have finished the work,They work the have finished,transposition_unrelated,left,60,12,3,left,1,0.9488160819892073,None,3,12,60,11,219.26312420899922,,,,,,,,,219.25789129199984,219.27780837500177,219.51003341699834,219.5284052920033,219.71133545899647,219.6991337090003,219.89983479199873,219.911311459,219.9996957090043,220.01126524999563,220.01126524999563,220.96340941700328,left,1,0.9488160819892073,None,220.9640345420048,220.97966229199665,220.97966229199665,221.1600185839925,221.1771033749974,221.1771033749974,222.06683324999176,221.94368608399236,,,g,"001",2025-11-10_22h15.17.337,2nd exp,,2025.2.0,None,2025-11-10 22h15.17.419455 +0530,
The boy can read fast,The boy can read fast,transposition_related,right,61,13,3,left,0,0.45579887500207406,None,3,13,61,2,222.06683324999176,,,,,,,,,222.06328162499995,222.06683324999176,222.21045679200324,222.31112250000297,222.4110999169934,222.39824779199262,222.60059162499965,222.6109070419916,222.69985579200147,222.7112183339923,222.7112183339923,223.16905324999243,left,0,0.45579887500207406,None,223.1695513339946,223.1839653749921,223.1839653749921,223.36995362499147,223.37726758400095,223.37726758400095,224.17590124999697,224.1603297499969,,,g,"001",2025-11-10_22h15.17.337,2nd exp,,2025.2.0,None,2025-11-10 22h15.17.419455 +0530,
The boy can read fast,The read can boy fast,transposition_unrelated,left,62,14,3,left,1,0.7659937080024974,None,3,14,62,3,224.17590124999697,,,,,,,,,224.16983874999278,224.17590124999697,224.4190075420047,224.4190075420047,224.6161898339924,224.6161898339924,224.8110206249985,224.81748250000237,224.9111977499997,224.9179666669952,224.9179666669952,225.6861234169919,left,1,0.7659937080024974,None,225.68663720900076,225.70141579199117,225.70141579199117,225.8868436670018,225.89467229199363,225.89467229199363,226.69689350000408,226.67711308399157,,,g,"001",2025-11-10_22h15.17.337,2nd exp,,2025.2.0,None,2025-11-10 22h15.17.419455 +0530,
The dog is barking loudly,The loudly is barking dog,repetition_unrelated,left,63,15,3,left,1,0.9582208740030183,None,3,15,63,13,226.69689350000408,,,,,,,,,226.69143241699203,226.69689350000408,226.93697037499805,226.94446174999757,227.13340962499205,227.13340962499205,227.3277879590023,227.33425562499906,227.42776745899755,227.43469966699195,227.43469966699195,228.39684170899272,left,1,0.9582208740030183,None,228.39743341699068,228.41221208400384,228.41221208400384,228.59331949999614,228.60972695899545,228.60972695899545,229.3965705419978,229.37680295899918,,,g,"001",2025-11-10_22h15.17.337,2nd exp,,2025.2.0,None,2025-11-10 22h15.17.419455 +0530,
The boy can read fast,The read can boy fast,repetition_unrelated,left,64,0,4,left,1,0.8563240410003345,None,4,0,64,1,229.3965705419978,,,,,,,,,229.39172504199087,229.4110895000049,229.6431790839997,229.65985358400212,229.84444041700044,229.8314912920032,230.0325478750019,230.0444400839915,230.13302245899104,230.1445100419951,230.1445100419951,231.01333266700385,left,1,0.8563240410003345,None,231.0139124589914,231.02822333399672,231.02822333399672,231.21001716700266,231.22669395900448,231.22669395900448,232.01304358399648,231.99362758400093,,,g,"001",2025-11-10_22h15.17.337,2nd exp,,2025.2.0,None,2025-11-10 22h15.17.419455 +0530,
She does not like apples,She like does apples not,transposition_unrelated,left,65,1,4,left,1,1.085595206997823,None,4,1,65,7,232.01304358399648,,,,,,,,,232.00808416699874,232.02776895900024,232.25978233400383,232.27721508400282,232.46117308399698,232.44818633400428,232.64954191699508,232.66118654199818,232.7497249589942,232.761144374992,232.761144374992,233.85273520900228,left,1,1.085595206997823,None,233.85323404199153,233.86751483399712,233.86751483399712,234.0533921669994,234.06145012499474,234.06145012499474,234.86455625000235,234.84356829199533,,,g,"001",2025-11-10_22h15.17.337,2nd exp,,2025.2.0,None,2025-11-10 22h15.17.419455 +0530,
The dog is barking loudly,The barking dog loudly is,transposition_unrelated,left,66,2,4,left,1,0.7942868749960326,None,4,2,66,15,234.86455625000235,,,,,,,,,234.85905179199472,234.86455625000235,235.1035108340002,235.11116920899076,235.29973729199264,235.29973729199264,235.4943915420008,235.50075337500311,235.59448316699127,235.60143654199783,235.60143654199783,236.4024583749997,left,1,0.7942868749960326,None,236.40295720899303,236.41723904199898,236.41723904199898,236.60355391699704,236.6108572499943,236.6108572499943,237.41458691700245,237.39353962500172,,,g,"001",2025-11-10_22h15.17.337,2nd exp,,2025.2.0,None,2025-11-10 22h15.17.419455 +0530,
They have finished the work,They finished have the work,transposition_related,right,67,3,4,right,1,0.9103010830003768,None,4,3,67,10,237.41458691700245,,,,,,,,,237.40901587500412,237.41458691700245,237.65347433400166,237.66069945899653,237.84297516700462,237.84833591699135,238.03350379200128,238.05094504199224,238.1444595840003,238.15122054200037,238.15122054200037,239.069422458997,right,1,0.9103010830003768,None,239.06997299999057,239.08309583399387,239.08309583399387,239.2705447920016,239.27873249999539,239.27873249999539,240.07613454200327,240.0603767499997,,,g,"001",2025-11-10_22h15.17.337,2nd exp,,2025.2.0,None,2025-11-10 22h15.17.419455 +0530,
They have finished the work,They have finished the work,repetition_related,right,68,4,4,right,1,0.7185461659973953,None,4,4,68,8,240.07613454200327,,,,,,,,,240.06979762499395,240.07613454200327,240.3193417500006,240.3193417500006,240.5164429169963,240.5164429169963,240.71112595900195,240.7176942090009,240.81121649999113,240.81809849999263,240.81809849999263,241.54656279199116,right,1,0.7185461659973953,None,241.54715358400426,241.5620668749907,241.5620668749907,241.74327712500235,241.76004041699343,241.76004041699343,242.54547574999742,242.5269582500041,,,g,"001",2025-11-10_22h15.17.337,2nd exp,,2025.2.0,None,2025-11-10 22h15.17.419455 +0530,
The dog is barking loudly,The loudly is barking dog,repetition_unrelated,left,69,5,4,left,1,0.7078960409999127,None,4,5,69,13,242.54547574999742,,,,,,,,,242.5406534999929,242.56103712499316,242.79314483399503,242.80997695900442,242.99458633399627,242.98193337499106,243.18268225000065,243.1944005839905,243.28246299999591,243.29451079199498,243.29451079199498,244.01442595900153,left,1,0.7078960409999127,None,244.01500499999383,244.03000016699662,244.03000016699662,244.20997487500426,244.22730050000246,244.22730050000246,245.0117400839954,244.99380174999533,,,g,"001",2025-11-10_22h15.17.337,2nd exp,,2025.2.0,None,2025-11-10 22h15.17.419455 +0530,
She does not like apples,She does not like apples,repetition_related,right,70,6,4,right,1,0.6415849579934729,None,4,6,70,4,245.0117400839954,,,,,,,,,245.00685666699428,245.02747316699242,245.25973183399765,245.27663358399877,245.4612482090015,245.44844558399927,245.64958641699923,245.66103908399236,245.74917470899527,245.7611507499969,245.7611507499969,246.413445416998,right,1,0.6415849579934729,None,246.41407441699994,246.42845679199672,246.42845679199672,246.6104342500039,246.62716262499453,246.62716262499453,247.41198937500303,247.39342108399433,,,g,"001",2025-11-10_22h15.17.337,2nd exp,,2025.2.0,None,2025-11-10 22h15.17.419455 +0530,
The dog is barking loudly,The dog barking is loudly,transposition_related,right,71,7,4,left,0,1.010061916007544,None,4,7,71,14,247.41198937500303,,,,,,,,,247.40700520899554,247.42759150000347,247.6776672499982,247.69455825000477,247.85991400000057,247.8767632090021,248.0500074169977,248.0611227920017,248.1496952919988,248.16123054199852,248.16123054199852,249.1798178339959,left,0,1.010061916007544,None,249.18050216700067,249.1952634999907,249.1952634999907,249.3764898340014,249.39312924999103,249.39312924999103,250.1797771249985,250.16034633399977,,,g,"001",2025-11-10_22h15.17.337,2nd exp,,2025.2.0,None,2025-11-10 22h15.17.419455 +0530,
The boy can read fast,The boy can read fast,repetition_related,right,72,8,4,right,1,0.7019484160118736,None,4,8,72,0,250.1797771249985,,,,,,,,,250.1745045419957,250.19398795899178,250.42692674999125,250.43514979199972,250.62776775000384,250.61491279199254,250.8265647090011,250.8265647090011,250.91590287500003,250.92746108399297,250.92746108399297,251.6366487089981,right,1,0.7019484160118736,None,251.63720445899526,251.65205224999227,251.65205224999227,251.83694074999948,251.84443133400055,251.84443133400055,252.64736279199133,252.62705920900044,,,g,"001",2025-11-10_22h15.17.337,2nd exp,,2025.2.0,None,2025-11-10 22h15.17.419455 +0530,
She does not like apples,She not does like apples,transposition_related,right,73,9,4,left,0,0.8937060829921393,None,4,9,73,6,252.64736279199133,,,,,,,,,252.64161937500467,252.64736279199133,252.88676116699935,252.89408991699747,253.0836486670014,253.0836486670014,253.2778241670021,253.28445483399264,253.37773383400054,253.38471279200166,253.38471279200166,254.28647900000215,left,0,0.8937060829921393,None,254.28702912500012,254.30097012499755,254.30097012499755,254.48694029200124,254.494810624994,254.494810624994,255.29930087499088,255.27710087499872,,,g,"001",2025-11-10_22h15.17.337,2nd exp,,2025.2.0,None,2025-11-10 22h15.17.419455 +0530,
They have finished the work,They finished have the work,repetition_unrelated,left,74,10,4,left,1,1.2342213740048464,None,4,10,74,9,255.29930087499088,,,,,,,,,255.2935803750006,255.29930087499088,255.53665275000094,255.5444055419939,255.73423412500415,255.73423412500415,255.9277370839991,255.93433583399747,256.027886625001,256.035022666998,256.035022666998,257.2807204589917,left,1,1.2342213740048464,None,257.2813486669911,257.2964451250009,257.2964451250009,257.4765572920005,257.4939385000034,257.4939385000034,258.28097337500367,258.26032754199696,,,g,"001",2025-11-10_22h15.17.337,2nd exp,,2025.2.0,None,2025-11-10 22h15.17.419455 +0530,
The dog is barking loudly,The dog is barking loudly,repetition_related,right,75,11,4,right,1,0.6895892489992548,None,4,11,75,12,258.28097337500367,,,,,,,,,258.27590529200097,258.2942729589995,258.52659345899883,258.5433199590043,258.7279710419971,258.7151233750046,258.9162674590043,258.9278494589962,259.01662570900226,259.0275957919948,259.0275957919948,259.7192898749927,right,1,0.6895892489992548,None,259.719801750005,259.73439941699326,259.73439941699326,259.9202923339908,259.92810729199846,259.92810729199846,260.73107995899045,260.71035870899505,,,g,"001",2025-11-10_22h15.17.337,2nd exp,,2025.2.0,None,2025-11-10 22h15.17.419455 +0530,
She does not like apples,She not does like apples,repetition_unrelated,left,76,12,4,left,1,0.66499754099641,None,4,12,76,5,260.73107995899045,,,,,,,,,260.7249439169973,260.73107995899045,260.9700095839944,260.97773804199824,261.1667854589905,261.1667854589905,261.36099929199554,261.36747366699274,261.4610969170026,261.468150708999,261.468150708999,262.13572270900477,left,1,0.66499754099641,None,262.136221541994,262.1515906669956,262.1515906669956,262.3368935000035,262.3446092919912,262.3446092919912,263.1487730420049,263.1271390000038,,,g,"001",2025-11-10_22h15.17.337,2nd exp,,2025.2.0,None,2025-11-10 22h15.17.419455 +0530,
They have finished the work,They work the have finished,transposition_unrelated,left,77,13,4,left,1,0.8192129570088582,None,4,13,77,11,263.1487730420049,,,,,,,,,263.14291716700245,263.1487730420049,263.3868777919997,263.3946072499966,263.5834925419913,263.5834925419913,263.7776492499979,263.7841370419919,263.8778221249959,263.88481479199254,263.88481479199254,264.71336379199056,left,1,0.8192129570088582,None,264.7140387919935,264.7297368750005,264.7297368750005,264.91042200000084,264.9268750839983,264.9268750839983,265.711186333996,265.6932053749915,,,g,"001",2025-11-10_22h15.17.337,2nd exp,,2025.2.0,None,2025-11-10 22h15.17.419455 +0530,
The boy can read fast,The read can boy fast,transposition_unrelated,left,78,14,4,left,1,1.1338369580043945,None,4,14,78,3,265.711186333996,,,,,,,,,265.7048800000048,265.72776441699534,265.95986145899224,265.9772683749907,266.1611410839978,266.1477897089935,266.3488633340021,266.3610556670028,266.44925654199324,266.4610489589977,266.4610489589977,267.5973614169925,left,1,1.1338369580043945,None,267.59799949999433,267.61303320899606,267.61303320899606,267.793754333994,267.8101029590034,267.8101029590034,268.59127520899347,268.57694316699053,,,g,"001",2025-11-10_22h15.17.337,2nd exp,,2025.2.0,None,2025-11-10 22h15.17.419455 +0530,
The boy can read fast,The boy can read fast,transposition_related,right,79,15,4,right,1,0.9323328329919605,None,4,15,79,2,268.59127520899347,,,,,,,,,268.58590216700395,268.59700620899093,268.8429839169985,268.8429839169985,269.04489920899505,269.0314421249932,269.23326354200253,269.24438662499597,269.3327336249931,269.34457425000437,269.34457425000437,270.2797722499963,right,1,0.9323328329919605,None,270.2803799169924,270.2957454589923,270.2957454589923,270.48683991699363,270.49457970900403,270.49457970900403,271.296219041993,271.27688350000244,,,g,"001",2025-11-10_22h15.17.337,2nd exp,,2025.2.0,None,2025-11-10 22h15.17.419455 +0530,
They have finished the work,They finished have the work,transposition_related,right,80,0,5,left,0,1.047138873997028,None,5,0,80,10,271.296219041993,,,,,,,,,271.29058516699297,271.296219041993,271.5265288340015,271.54323220899096,271.72780670899374,271.7148267089942,271.91626608399383,271.9277482920006,272.01624804199673,272.0276803750021,272.0276803750021,273.079493792,left,0,1.047138873997028,None,273.0797137089976,273.09383720900223,273.09383720900223,273.2769460839918,273.2843868339987,273.2843868339987,274.07513095899776,274.06044074999227,,,g,"001",2025-11-10_22h15.17.337,2nd exp,,2025.2.0,None,2025-11-10 22h15.17.419455 +0530,
They have finished the work,They work the have finished,transposition_unrelated,left,81,1,5,left,1,1.4860224989970447,None,5,1,81,11,274.07513095899776,,,,,,,,,274.0695023750013,274.08083341699967,274.32645770900126,274.32645770900126,274.5281305840035,274.51519704199745,274.71632833399053,274.7278720839968,274.81651120899187,274.82776625000406,274.82776625000406,276.3199229169986,left,1,1.4860224989970447,None,276.3204648749961,276.3354817090003,276.3354817090003,276.5209382500034,276.5290853750048,276.5290853750048,277.3300803339953,277.31071295899164,,,g,"001",2025-11-10_22h15.17.337,2nd exp,,2025.2.0,None,2025-11-10 22h15.17.419455 +0530,
The boy can read fast,The read can boy fast,transposition_unrelated,left,82,2,5,left,1,0.8685109570069471,None,5,2,82,3,277.3300803339953,,,,,,,,,277.3242735419917,277.3300803339953,277.57038829199155,277.5777892089973,277.76704683399294,277.76704683399294,277.9611989999976,277.96789233399613,278.0611047499988,278.0681501670042,278.0681501670042,278.94672212499427,left,1,0.8685109570069471,None,278.94734466700174,278.9626220420032,278.9626220420032,279.143882999997,279.16042200000084,279.16042200000084,279.95078033399477,279.92926812499354,,,g,"001",2025-11-10_22h15.17.337,2nd exp,,2025.2.0,None,2025-11-10 22h15.17.419455 +0530,
They have finished the work,They finished have the work,repetition_unrelated,left,83,3,5,right,0,0.8579836660064757,None,5,3,83,9,279.95078033399477,,,,,,,,,279.94520541699603,279.96134983400407,280.19467462500324,280.21153824999055,280.411477792004,280.3948702089983,280.6008229589934,280.5938454999996,280.6827815419965,280.6946504170046,280.6946504170046,281.56399324999074,right,0,0.8579836660064757,None,281.56460199999856,281.58041029199376,281.58041029199376,281.7604722919932,281.7771839999914,281.7771839999914,282.55964762499207,282.5444470420043,,,g,"001",2025-11-10_22h15.17.337,2nd exp,,2025.2.0,None,2025-11-10 22h15.17.419455 +0530,
They have finished the work,They have finished the work,repetition_related,right,84,4,5,right,1,0.8501768330024788,None,5,4,84,8,282.55964762499207,,,,,,,,,282.55373595899437,282.565108625,282.8105341250048,282.8105341250048,283.0114109169954,282.9993837499933,283.2003985839983,283.21121900000435,283.2993715000048,283.3112770419975,283.3112770419975,284.1697824589937,right,1,0.8501768330024788,None,284.1703758340009,284.1838120839966,284.1838120839966,284.3704410420032,284.37815420900006,284.37815420900006,285.1825870419998,285.1611501669977,,,g,"001",2025-11-10_22h15.17.337,2nd exp,,2025.2.0,None,2025-11-10 22h15.17.419455 +0530,
The dog is barking loudly,The loudly is barking dog,repetition_unrelated,left,85,5,5,left,1,0.8446564159967238,None,5,5,85,13,285.1825870419998,,,,,,,,,285.1761914999952,285.1825870419998,285.4202919590025,285.4277327500022,285.6168333340029,285.6168333340029,285.8109948749916,285.8176797920023,285.91112916699785,285.9188441669976,285.9188441669976,286.76958570900024,left,1,0.8446564159967238,None,286.77017999999225,286.78349466700456,286.78349466700456,286.9702796670026,286.97811608399206,286.97811608399206,287.77989399999205,287.76037908399303,,,g,"001",2025-11-10_22h15.17.337,2nd exp,,2025.2.0,None,2025-11-10 22h15.17.419455 +0530,
She does not like apples,She does not like apples,repetition_related,right,86,6,5,left,0,0.8690596660017036,None,5,6,86,4,287.77989399999205,,,,,,,,,287.7739739999961,287.77989399999205,288.0202110419923,288.02793662500335,288.217079583992,288.217079583992,288.41104070900474,288.4176491669932,288.51114291699196,288.51841062499443,288.51841062499443,289.3965135420003,left,0,0.8690596660017036,None,289.39709450000373,289.4127251250029,289.4127251250029,289.5937810839969,289.61053808400175,289.61053808400175,290.3965697919921,290.3774180839973,,,g,"001",2025-11-10_22h15.17.337,2nd exp,,2025.2.0,None,2025-11-10 22h15.17.419455 +0530,
The dog is barking loudly,The dog is barking loudly,repetition_related,right,87,7,5,right,1,1.0581019160017604,None,5,7,87,12,290.3965697919921,,,,,,,,,290.3909756249923,290.4109625419951,290.6436389589944,290.6520049999963,290.8444834999973,290.8318929169909,291.033044374999,291.0444197500037,291.1336308750033,291.144148374995,291.144148374995,292.213498083991,right,1,1.0581019160017604,None,292.2141861669952,292.2301716249931,292.2301716249931,292.4291256669967,292.4291256669967,292.4291256669967,,293.2288718339987,,,g,"001",2025-11-10_22h15.17.337,2nd exp,,2025.2.0,None,2025-11-10 22h15.17.419455 +0530,
The boy can read fast,The read can boy fast,repetition_unrelated,left,88,8,5,left,1,0.9098873329930939,None,5,8,88,1,293.2517558749969,,,,,,,,,293.2450891250046,293.2517558749969,293.4598628340027,293.5111294590024,293.66108199999144,293.64881945899106,293.8493416249985,293.86118879199785,293.9492944999947,293.96129837499757,293.96129837499757,294.8787469169911,left,1,0.9098873329930939,None,294.87904920900473,294.8884565420012,294.8884565420012,295.07927099999506,295.09576516700326,295.09576516700326,295.8965466669906,295.878466833994,,,g,"001",2025-11-10_22h15.17.337,2nd exp,,2025.2.0,None,2025-11-10 22h15.17.419455 +0530,
The dog is barking loudly,The barking dog loudly is,transposition_unrelated,left,89,9,5,left,1,0.733350666007027,None,5,9,89,15,295.8965466669906,,,,,,,,,295.8880800839979,295.8965466669906,296.12687474999984,296.14427199999045,296.327850792004,296.31499524999526,296.51602629199624,296.52779649999866,296.6162814589916,296.627795124994,296.627795124994,297.369730624996,left,1,0.733350666007027,None,297.37028441700386,297.38512370899844,297.38512370899844,297.5710664590006,297.5949133749964,297.5949133749964,298.37846345899743,298.3602241250046,,,g,"001",2025-11-10_22h15.17.337,2nd exp,,2025.2.0,None,2025-11-10 22h15.17.419455 +0530,
She does not like apples,She not does like apples,transposition_related,right,90,10,5,left,0,0.7821547909989022,None,5,10,90,6,298.37846345899743,,,,,,,,,298.3714599590021,298.37846345899743,298.61929491699266,298.61929491699266,298.81716374999087,298.81716374999087,299.0110351250041,299.0179082090035,299.1112403339939,299.1188849589962,299.1188849589962,299.91314958399744,left,0,0.7821547909989022,None,299.91355241699785,299.9270586670027,299.9270586670027,300.12832004200027,300.12832004200027,300.12832004200027,300.92493866699806,300.911194291999,,,g,"001",2025-11-10_22h15.17.337,2nd exp,,2025.2.0,None,2025-11-10 22h15.17.419455 +0530,
The boy can read fast,The boy can read fast,repetition_related,right,91,11,5,right,1,0.8859822490048828,None,5,11,91,0,300.92493866699806,,,,,,,,,300.9188522500044,300.92493866699806,301.16053916700184,301.16687095900124,301.3609296670038,301.34771616700164,301.54975170899706,301.56102820899105,301.64878237499215,301.66013654199196,301.66013654199196,302.5526881669939,right,1,0.8859822490048828,None,302.5531939999928,302.56807083399326,302.56807083399326,302.75300108399824,302.7603901249968,302.7603901249968,303.55152987499605,303.54390416700335,,,g,"001",2025-11-10_22h15.17.337,2nd exp,,2025.2.0,None,2025-11-10 22h15.17.419455 +0530,
The boy can read fast,The boy can read fast,transposition_related,right,92,12,5,right,1,1.4340864160039928,None,5,12,92,2,303.55152987499605,,,,,,,,,303.54450604200247,303.55152987499605,303.80322595899634,303.7947728750005,304.00012587499805,304.00012587499805,304.1942844169971,304.20137312500447,304.2944100419991,304.30094883400307,304.30094883400307,305.7463004589954,right,1,1.4340864160039928,None,305.7466180000047,305.7603558749979,305.7603558749979,305.94315991699114,305.9507777090039,305.9507777090039,306.7478240420023,306.7273504170007,,,g,"001",2025-11-10_22h15.17.337,2nd exp,,2025.2.0,None,2025-11-10 22h15.17.419455 +0530,
She does not like apples,She not does like apples,repetition_unrelated,left,93,13,5,left,1,0.7964811660058331,None,5,13,93,5,306.7478240420023,,,,,,,,,306.74211529199965,306.7608179169911,307.01145091699436,307.01145091699436,307.200085791992,307.200085791992,307.3989904170012,307.39428916700126,307.48160612500214,307.4944919589907,307.4944919589907,308.29659787499986,left,1,0.7964811660058331,None,308.296972791999,308.3107167089911,308.3107167089911,308.4941162920004,308.5012737090001,308.5012737090001,309.2937009169982,309.27907820900145,,,g,"001",2025-11-10_22h15.17.337,2nd exp,,2025.2.0,None,2025-11-10 22h15.17.419455 +0530,
She does not like apples,She like does apples not,transposition_unrelated,left,94,14,5,left,1,0.9504268329910701,None,5,14,94,7,309.2937009169982,,,,,,,,,309.2865939589974,309.31191083400336,309.54398858400236,309.5619789170014,309.7443917920027,309.73247795899806,309.93275908399664,309.9444142499997,310.0327891249908,310.0445008749957,310.0445008749957,311.00124333400163,left,1,0.9504268329910701,None,311.0018694169994,311.01874258399766,311.01874258399766,311.20446637499845,311.2276633750007,311.2276633750007,312.016768083995,311.99503733399615,,,g,"001",2025-11-10_22h15.17.337,2nd exp,,2025.2.0,None,2025-11-10 22h15.17.419455 +0530,
The dog is barking loudly,The dog barking is loudly,transposition_related,right,95,15,5,right,1,0.8132379989983747,None,5,15,95,14,312.016768083995,,,,,,,,,312.0105477920006,312.016768083995,312.2537617920025,312.26113504200475,312.4437729170022,312.45103541699063,312.6326971249946,312.650774291993,312.7444287919934,312.7516231250047,312.7516231250047,313.56937433399435,right,1,0.8132379989983747,None,313.56987474999914,313.5847547089943,313.5847547089943,313.7705962089967,313.7783807090018,313.7783807090018,314.57644995900046,314.5606870420015,,,g,"001",2025-11-10_22h15.17.337,2nd exp,,2025.2.0,None,2025-11-10 22h15.17.419455 +0530,
The dog is barking loudly,The barking dog loudly is,transposition_unrelated,left,96,0,6,left,1,1.093650875001913,None,6,0,96,15,314.57644995900046,,,,,,,,,314.56983020900225,314.57644995900046,314.81969824999396,314.81969824999396,315.0160909999977,315.0160909999977,315.2112151670008,315.218503208991,315.3109583339974,315.3180172919965,315.3180172919965,316.4198442920024,left,1,1.093650875001913,None,316.42047529199044,316.4352682919998,316.4352682919998,316.6195226669952,316.6270008339925,316.6270008339925,317.4310264169908,317.4102613339928,,,g,"001",2025-11-10_22h15.17.337,2nd exp,,2025.2.0,None,2025-11-10 22h15.17.419455 +0530,
She does not like apples,She does not like apples,repetition_related,right,97,1,6,right,1,0.965964956994867,None,6,1,97,4,317.4310264169908,,,,,,,,,317.4248759589973,317.4310264169908,317.6702470839955,317.677878167,317.8671390419913,317.8671390419913,318.061041708992,318.0677402500005,318.1612602919922,318.1688036669948,318.1688036669948,319.1468321249995,right,1,0.965964956994867,None,319.1475356250012,319.162603417004,319.162603417004,319.3432461670018,319.36096654199355,319.36096654199355,320.14230733399745,320.1269533750019,,,g,"001",2025-11-10_22h15.17.337,2nd exp,,2025.2.0,None,2025-11-10 22h15.17.419455 +0530,
She does not like apples,She not does like apples,transposition_related,right,98,2,6,left,0,1.0452874159964267,None,6,2,98,6,320.14230733399745,,,,,,,,,320.1367687089951,320.14816062500176,320.3930266249954,320.3930266249954,320.5944346250035,320.582274083994,320.78358066700457,320.7940959589905,320.88279579200025,320.8943413340021,320.8943413340021,321.94614499999443,left,0,1.0452874159964267,None,321.9467495419958,321.9624403749913,321.9624403749913,322.14305975000025,322.160367916993,322.160367916993,322.9411003339919,322.92692733400327,,,g,"001",2025-11-10_22h15.17.337,2nd exp,,2025.2.0,None,2025-11-10 22h15.17.419455 +0530,
She does not like apples,She like does apples not,transposition_unrelated,left,99,3,6,left,1,0.8982457490055822,None,6,3,99,7,322.9411003339919,,,,,,,,,322.9356307919952,322.9458501670015,323.1928792090039,323.1928792090039,323.39428166700236,323.38129191700136,323.58293224999215,323.594428958997,323.68279937500483,323.6944235419942,323.6944235419942,324.59650016699743,left,1,0.8982457490055822,None,324.59713387499505,324.6138666670013,324.6138666670013,324.793859833997,324.81064174999483,324.81064174999483,325.5955869169993,325.57686754199676,,,g,"001",2025-11-10_22h15.17.337,2nd exp,,2025.2.0,None,2025-11-10 22h15.17.419455 +0530,
The dog is barking loudly,The loudly is barking dog,repetition_unrelated,left,100,4,6,left,1,0.7652847079880303,None,6,4,100,13,325.5955869169993,,,,,,,,,325.59039445899543,325.61100770899793,325.84310691700375,325.8604626669985,326.0443971670029,326.0317585839948,326.2331681249925,326.2444094999955,326.33328320899454,326.3442890839942,326.3442890839942,327.11274666700047,left,1,0.7652847079880303,None,327.113385042001,327.12819324999873,327.12819324999873,327.30993379199936,327.3268300839991,327.3268300839991,328.11217712500365,328.09350895899115,,,g,"001",2025-11-10_22h15.17.337,2nd exp,,2025.2.0,None,2025-11-10 22h15.17.419455 +0530,
The boy can read fast,The read can boy fast,transposition_unrelated,left,101,5,6,left,1,0.7671755829942413,None,6,5,101,3,328.11217712500365,,,,,,,,,328.1069862089935,328.1276490839955,328.3598722089955,328.37705554199056,328.5609751250013,328.54789979199995,328.74911874999816,328.7609153749945,328.84922612499213,328.8612677499914,328.8612677499914,329.6360507089994,left,1,0.7671755829942413,None,329.63655137499154,329.6510927499912,329.6510927499912,329.83674112499284,329.84474883400253,329.84474883400253,330.6472487919964,330.62736016699637,,,g,"001",2025-11-10_22h15.17.337,2nd exp,,2025.2.0,None,2025-11-10 22h15.17.419455 +0530,
She does not like apples,She not does like apples,repetition_unrelated,left,102,6,6,left,1,0.575668040997698,None,6,6,102,5,330.6472487919964,,,,,,,,,330.64099874999374,330.6472487919964,330.8871297089936,330.8943861669977,331.0948560840043,331.0948560840043,331.2846635419992,331.2846635419992,331.37762191699585,331.384810042,331.384810042,331.963101041998,left,1,0.575668040997698,None,331.96368449999136,331.97850733400264,331.97850733400264,332.1602155419969,332.17692158400314,332.17692158400314,332.9630599999946,332.9435702920018,,,g,"001",2025-11-10_22h15.17.337,2nd exp,,2025.2.0,None,2025-11-10 22h15.17.419455 +0530,
The dog is barking loudly,The dog barking is loudly,transposition_related,right,103,7,6,left,0,1.2703993330069352,None,6,7,103,14,332.9630599999946,,,,,,,,,332.9579165000032,332.9775494170026,333.21032825000293,333.21883949999756,333.41098200000124,333.397767167,333.59984391699254,333.61106558400206,333.6998838750005,333.71098220899876,333.71098220899876,334.987060792002,left,0,1.2703993330069352,None,334.98767558399413,335.0020707920048,335.0020707920048,335.1871424169949,335.19487837499764,335.19487837499764,335.99818749999395,335.9768898750044,,,g,"001",2025-11-10_22h15.17.337,2nd exp,,2025.2.0,None,2025-11-10 22h15.17.419455 +0530,
They have finished the work,They finished have the work,repetition_unrelated,left,104,8,6,left,1,0.7385746660002042,None,6,8,104,9,335.99818749999395,,,,,,,,,335.9923867500038,335.99818749999395,336.23670645899256,336.24407816700113,336.4338351250044,336.4338351250044,336.6276662500022,336.6342174589954,336.7278953339992,336.7353480419988,336.7353480419988,337.4804148749972,left,1,0.7385746660002042,None,337.48106449999614,337.49183895900205,337.49183895900205,337.6767933749943,337.6853423339926,337.6853423339926,338.47970162499405,338.4600835839956,,,g,"001",2025-11-10_22h15.17.337,2nd exp,,2025.2.0,None,2025-11-10 22h15.17.419455 +0530,
The boy can read fast,The boy can read fast,transposition_related,right,105,9,6,right,1,0.8186883750022389,None,6,9,105,2,338.47970162499405,,,,,,,,,338.47478208399843,338.4941864589928,338.72644979199686,338.74379345899797,338.9276502499997,338.9147939169925,339.1157886250003,339.1275865839998,339.2161477089976,339.22758595900086,339.22758595900086,340.0524766669987,right,1,0.8186883750022389,None,340.0529713750002,340.0650676249934,340.0650676249934,340.25325812499796,340.26056595900445,340.26056595900445,341.06452962500043,341.04353291699954,,,g,"001",2025-11-10_22h15.17.337,2nd exp,,2025.2.0,None,2025-11-10 22h15.17.419455 +0530,
They have finished the work,They have finished the work,repetition_related,right,106,10,6,right,1,0.8062519580125809,None,6,10,106,8,341.06452962500043,,,,,,,,,341.0590338750044,341.06452962500043,341.30294254199544,341.31036091699207,341.5000817919936,341.5000817919936,341.6942910420039,341.7007619590004,341.7941867920017,341.80094529199414,341.80094529199414,342.61321470899566,right,1,0.8062519580125809,None,342.6137944999937,342.62767491699196,342.62767491699196,342.80959283400443,342.82687891699607,342.82687891699607,343.6084037499968,343.5935930419946,,,g,"001",2025-11-10_22h15.17.337,2nd exp,,2025.2.0,None,2025-11-10 22h15.17.419455 +0530,
They have finished the work,They finished have the work,transposition_related,right,107,11,6,left,0,0.7321319159964332,None,6,11,107,10,343.6084037499968,,,,,,,,,343.6031175840035,343.6142090420035,343.85966308400384,343.85966308400384,344.0608607920003,344.0478170419956,344.24905795899394,344.2608801250026,344.34901283399086,344.3609746669972,344.3609746669972,345.0964702499914,left,0,0.7321319159964332,None,345.0970189590007,345.1114354589954,345.1114354589954,345.29305412499525,345.30965554199065,345.30965554199065,346.09171145899745,346.0768473749922,,,g,"001",2025-11-10_22h15.17.337,2nd exp,,2025.2.0,None,2025-11-10 22h15.17.419455 +0530,
They have finished the work,They work the have finished,transposition_unrelated,left,108,12,6,left,1,1.950743125009467,None,6,12,108,11,346.09171145899745,,,,,,,,,346.0863691249979,346.0972667919996,346.3428232919978,346.3428232919978,346.54413108399604,346.53077133400075,346.7323983749957,346.744114000001,346.83228270900145,346.84429554200324,346.84429554200324,348.8023724169907,left,1,1.950743125009467,None,348.80287870900065,348.81737824999436,348.81737824999436,349.0036802090035,349.01095204199373,349.01095204199373,349.8122512090049,349.79340854199836,,,g,"001",2025-11-10_22h15.17.337,2nd exp,,2025.2.0,None,2025-11-10 22h15.17.419455 +0530,
The boy can read fast,The boy can read fast,repetition_related,right,109,13,6,right,1,0.8028222909924807,None,6,13,109,0,349.8122512090049,,,,,,,,,349.8066431670013,349.8122512090049,350.0534198749956,350.0607863750047,350.25077891700494,350.25077891700494,350.4443176249915,350.4509132499952,350.54431991699676,350.55114437500015,350.55114437500015,351.36289512499934,right,1,0.8028222909924807,None,351.3632958340022,351.37743704199966,351.37743704199966,351.56088812499365,351.5712315839919,351.5712315839919,352.3719553749979,352.3517442500015,,,g,"001",2025-11-10_22h15.17.337,2nd exp,,2025.2.0,None,2025-11-10 22h15.17.419455 +0530,
The dog is barking loudly,The dog is barking loudly,repetition_related,right,110,14,6,left,0,0.8569349160097772,None,6,14,110,12,352.3719553749979,,,,,,,,,352.36600554200413,352.3719553749979,352.6096625420032,352.6181282500038,352.81103462500323,352.797528458992,352.99902208399726,353.01087041699793,353.0994558340026,353.1109173339937,353.1109173339937,353.9789905420039,left,0,0.8569349160097772,None,353.9792402919993,353.9889803749975,353.9889803749975,354.1769580419932,354.1853840840049,354.1853840840049,354.97853320899594,354.9600495839986,,,g,"001",2025-11-10_22h15.17.337,2nd exp,,2025.2.0,None,2025-11-10 22h15.17.419455 +0530,
The boy can read fast,The read can boy fast,repetition_unrelated,left,111,15,6,left,1,0.8772067490062909,None,6,15,111,1,354.97853320899594,,,,,,,,,354.97364574999665,354.99392691699904,355.22612066699367,355.2434424999956,355.4276892499911,355.4141592919914,355.61600395900314,355.627531584003,355.715609958992,355.72762779200275,355.72762779200275,356.61300183400454,left,1,0.8772067490062909,None,356.61358541699883,356.6275731249916,356.6275731249916,356.8101187089924,356.81830400000035,356.81830400000035,357.61327225000423,357.59410016699985,,,g,"001",2025-11-10_22h15.17.337,2nd exp,,2025.2.0,None,2025-11-10 22h15.17.419455 +0530,
They have finished the work,They finished have the work,repetition_unrelated,left,112,0,7,left,1,2.0129773750086315,None,7,0,112,9,357.61327225000423,,,,,,,,,357.60823812500166,357.6274885839957,357.8594740839908,357.87631812499603,358.0609656669985,358.0480109999917,358.24892899999395,358.26098412499414,358.36083916699863,358.36083916699863,358.36083916699863,360.3800999590021,left,1,2.0129773750086315,None,360.3806282500009,360.396435208997,360.396435208997,360.57699945899367,360.5941246250004,360.5941246250004,361.37958758400055,361.3606995839946,,,g,"001",2025-11-10_22h15.17.337,2nd exp,,2025.2.0,None,2025-11-10 22h15.17.419455 +0530,
The boy can read fast,The read can boy fast,transposition_unrelated,left,113,1,7,left,1,0.6700299160002032,None,7,1,113,3,361.37958758400055,,,,,,,,,361.37466670900176,361.39414791700256,361.62623179200455,361.64369637500204,361.82771204199526,361.81532362499274,362.0160499170015,362.02775716700125,362.1156083340029,362.1276113339991,362.1276113339991,362.8021566249954,left,1,0.6700299160002032,None,362.80264962499496,362.8157527919975,362.8157527919975,363.0028439589951,363.0101756249933,363.0101756249933,363.8134803749999,363.79336212499766,,,g,"001",2025-11-10_22h15.17.337,2nd exp,,2025.2.0,None,2025-11-10 22h15.17.419455 +0530,
They have finished the work,They finished have the work,transposition_related,right,114,2,7,left,0,1.180134916008683,None,7,2,114,10,363.8134803749999,,,,,,,,,363.80790899999556,363.8134803749999,364.0537349170045,364.0611646670004,364.249779958991,364.249779958991,364.4441893750045,364.45080229199084,364.54441333399154,364.5515144999954,364.5515144999954,365.73555374999705,left,0,1.180134916008683,None,365.73604191699997,365.7493332919985,365.7493332919985,365.9370039170026,365.9443755419925,365.9443755419925,366.7421763750026,366.72681741700217,,,g,"001",2025-11-10_22h15.17.337,2nd exp,,2025.2.0,None,2025-11-10 22h15.17.419455 +0530,
They have finished the work,They have finished the work,repetition_related,right,115,3,7,right,1,0.5972361659951275,None,7,3,115,8,366.7421763750026,,,,,,,,,366.7361607089988,366.7421763750026,366.9858679589961,366.9858679589961,367.1824935420009,367.1824935420009,367.37755420900066,367.38398654200137,367.47750383400125,367.48426995899354,367.48426995899354,368.08454470899596,right,1,0.5972361659951275,None,368.0850092500041,368.0958427089936,368.0958427089936,368.281285709003,368.29421462499886,368.29421462499886,369.08960429199215,369.06820204199175,,,g,"001",2025-11-10_22h15.17.337,2nd exp,,2025.2.0,None,2025-11-10 22h15.17.419455 +0530,
The dog is barking loudly,The dog barking is loudly,transposition_related,right,116,4,7,left,0,0.9412587489932775,None,7,4,116,14,369.08960429199215,,,,,,,,,369.0828047499963,369.08960429199215,369.3358005420014,369.3358005420014,369.5269761669915,369.5338208750036,369.71583916699456,369.7339923749969,369.8262337089982,369.8262337089982,369.8262337089982,370.7797328750021,left,0,0.9412587489932775,None,370.7803697920026,370.79516333399806,370.79516333399806,370.9767988340027,370.99356141699536,370.99356141699536,371.7790374169999,371.76020816700475,,,g,"001",2025-11-10_22h15.17.337,2nd exp,,2025.2.0,None,2025-11-10 22h15.17.419455 +0530,
The boy can read fast,The read can boy fast,repetition_unrelated,left,117,5,7,left,1,0.9047885829932056,None,7,5,117,1,371.7790374169999,,,,,,,,,371.77387154199823,371.7941844169982,372.0266047920013,372.0348576249962,372.2276302090031,372.21484162499837,372.41569387499476,372.4275324999908,372.5157632920018,372.52761674999783,372.52761674999783,373.43607941699156,left,1,0.9047885829932056,None,373.43660983399604,373.4520625839941,373.4520625839941,373.6365056670038,373.6439613340044,373.6439613340044,374.44925862499804,374.42677325000113,,,g,"001",2025-11-10_22h15.17.337,2nd exp,,2025.2.0,None,2025-11-10 22h15.17.419455 +0530,
She does not like apples,She like does apples not,transposition_unrelated,left,118,6,7,left,1,1.1220540830108803,None,7,6,118,7,374.44925862499804,,,,,,,,,374.44322291699063,374.44925862499804,374.6868160000013,374.69455220899545,374.88344441699155,374.88344441699155,375.0775945839996,375.08427212499373,375.17752733400266,375.1844973749976,375.1844973749976,376.3129428749962,left,1,1.1220540830108803,None,376.31352495899773,376.32821491699724,376.32821491699724,376.5098764169961,376.5270099170011,376.5270099170011,377.3080617090018,377.29349399999774,,,g,"001",2025-11-10_22h15.17.337,2nd exp,,2025.2.0,None,2025-11-10 22h15.17.419455 +0530,
She does not like apples,She does not like apples,repetition_related,right,119,7,7,right,1,0.4895655410073232,None,7,7,119,4,377.3080617090018,,,,,,,,,377.3026863749983,377.3138342919992,377.559606625,377.559606625,377.76096937499824,377.747984333997,377.9496927919972,377.960894333999,378.0498365419917,378.06080491699686,378.06080491699686,378.55247679199965,right,1,0.4895655410073232,None,378.5529793339956,378.56756570900325,378.56756570900325,378.7610295420018,378.7776529999974,378.7776529999974,379.56707416700374,379.55148558400106,,,g,"001",2025-11-10_22h15.17.337,2nd exp,,2025.2.0,None,2025-11-10 22h15.17.419455 +0530,
She does not like apples,She not does like apples,repetition_unrelated,left,120,8,7,left,1,0.5879382490093121,None,7,8,120,5,379.56707416700374,,,,,,,,,379.56056379199435,379.56707416700374,379.803395541996,379.8111527089932,379.9995557499933,379.9995557499933,380.19419424999796,380.20061899999564,380.3013348749955,380.3013348749955,380.3013348749955,380.89612891699653,left,1,0.5879382490093121,None,380.89671200000157,380.9116417500045,380.9116417500045,381.0928619589977,381.1100086249935,381.1100086249935,381.8827641669923,381.8768266249972,,,g,"001",2025-11-10_22h15.17.337,2nd exp,,2025.2.0,None,2025-11-10 22h15.17.419455 +0530,
She does not like apples,She not does like apples,transposition_related,right,121,9,7,left,0,0.8209557910013245,None,7,9,121,6,381.8827641669923,,,,,,,,,381.8773768749961,381.89426704199286,382.1431096669985,382.1324915839941,382.34416266699554,382.331216999999,382.53271012500045,382.5443680419994,382.6324455419963,382.6442831250024,382.6442831250024,383.46919391700067,left,0,0.8209557910013245,None,383.46967245900305,383.4845714999974,383.4845714999974,383.6699796250032,383.6777018339926,383.6777018339926,384.4802695840044,384.4600731669925,,,g,"001",2025-11-10_22h15.17.337,2nd exp,,2025.2.0,None,2025-11-10 22h15.17.419455 +0530,
They have finished the work,They work the have finished,transposition_unrelated,left,122,10,7,left,1,0.6111179989966331,None,7,10,122,11,384.4802695840044,,,,,,,,,384.4745255839953,384.4802695840044,384.7201210420026,384.7283347499906,384.9168278750003,384.9168278750003,385.1109710419987,385.1176542920002,385.2109213340009,385.2179152919998,385.2179152919998,385.8359930419974,left,1,0.6111179989966331,None,385.8364883339964,385.850634041999,385.850634041999,386.036367416993,386.04408333399624,386.04408333399624,386.8466887919931,386.82681408399367,,,g,"001",2025-11-10_22h15.17.337,2nd exp,,2025.2.0,None,2025-11-10 22h15.17.419455 +0530,
The dog is barking loudly,The dog is barking loudly,repetition_related,right,123,11,7,right,1,0.7413655409909552,None,7,11,123,12,386.8466887919931,,,,,,,,,386.84097112499876,386.8466887919931,387.0867349170003,387.09448087499186,387.2834023750038,387.2834023750038,387.4775678750011,387.48421141700237,387.57755166699644,387.58471345900034,387.58471345900034,388.3289139589906,right,1,0.7413655409909552,None,388.32935066700156,388.34120650000114,388.34120650000114,388.5263078339922,388.5351269590028,388.5351269590028,389.3299791669997,389.3101706669986,,,g,"001",2025-11-10_22h15.17.337,2nd exp,,2025.2.0,None,2025-11-10 22h15.17.419455 +0530,
The boy can read fast,The boy can read fast,transposition_related,right,124,12,7,right,1,1.2633995829964988,None,7,12,124,2,389.3299791669997,,,,,,,,,389.3248611250019,389.34418137499597,389.5761887090048,389.5931943750038,389.7776735420048,389.76450666699384,389.9659828750009,389.9775209590007,390.06605795900396,390.0776101669908,390.0776101669908,391.34624887499376,right,1,1.2633995829964988,None,391.34687329200096,391.36212754200096,391.36212754200096,391.5435877919954,391.5602174169908,391.5602174169908,392.3475702919968,392.32671716700133,,,g,"001",2025-11-10_22h15.17.337,2nd exp,,2025.2.0,None,2025-11-10 22h15.17.419455 +0530,
The dog is barking loudly,The loudly is barking dog,repetition_unrelated,left,125,13,7,left,1,0.5646887909970246,None,7,13,125,13,392.3475702919968,,,,,,,,,392.342409208999,392.3606018749997,392.5929937089968,392.6013364169921,392.7942028749967,392.7811593749939,392.9828509999934,392.9942139170016,393.08256087500195,393.0942990839976,393.0942990839976,393.66295445899596,left,1,0.5646887909970246,None,393.6636009590002,393.6784050419956,393.6784050419956,393.8594181249937,393.8764720839972,393.8764720839972,394.65800595899054,394.64344958399306,,,g,"001",2025-11-10_22h15.17.337,2nd exp,,2025.2.0,None,2025-11-10 22h15.17.419455 +0530,
The dog is barking loudly,The barking dog loudly is,transposition_unrelated,left,126,14,7,left,1,0.9219514580036048,None,7,14,126,15,394.65800595899054,,,,,,,,,394.65263470899663,394.66387220899924,394.9093761249969,394.9093761249969,395.11087470900384,395.09879291699326,395.2990776249935,395.31108670899994,395.399156458996,395.41090141699533,395.41090141699533,396.33579979199567,left,1,0.9219514580036048,None,396.3363102919975,396.3507554169919,396.3507554169919,396.53668133399333,396.5447902089945,396.5447902089945,397.34559704200365,397.3267354999989,,,g,"001",2025-11-10_22h15.17.337,2nd exp,,2025.2.0,None,2025-11-10 22h15.17.419455 +0530,
The boy can read fast,The boy can read fast,repetition_related,right,127,15,7,right,1,0.7910874990047887,None,7,15,127,0,397.34559704200365,,,,,,,,,397.33979662500496,397.34559704200365,397.5866280839982,397.5942409999989,397.78347249999933,397.78347249999933,397.9775791669963,397.9842843749939,398.07755916699534,398.08475608400477,398.08475608400477,398.87968033399375,right,1,0.7910874990047887,None,398.8803084590036,398.89580162499624,398.89580162499624,399.07779287500307,399.09796566699515,399.09796566699515,399.887881542003,399.86813649999385,,,g,"001",2025-11-10_22h15.17.337,2nd exp,,2025.2.0,None,2025-11-10 22h15.17.419455 +0530,
She does not like apples,She like does apples not,transposition_unrelated,left,128,0,8,left,1,0.5112192079977831,None,8,0,128,7,399.887881542003,,,,,,,,,399.8810602089943,399.887881542003,400.12627399999474,400.13457420899067,400.3277726249944,400.3148499999952,400.51576454199676,400.5274319589953,400.61599150000256,400.6274847089953,400.6274847089953,401.1456901670026,left,1,0.5112192079977831,None,401.1459191250033,401.15624579199357,401.15624579199357,401.3436498749943,401.35069024999393,401.35069024999393,402.15091949999623,402.13500300000305,,,g,"001",2025-11-10_22h15.17.337,2nd exp,,2025.2.0,None,2025-11-10 22h15.17.419455 +0530,
She does not like apples,She not does like apples,transposition_related,right,129,1,8,left,0,2.275446457992075,None,8,1,129,6,402.15091949999623,,,,,,,,,402.1443943339982,402.15091949999623,402.39275858399924,402.39275858399924,402.59438700000464,402.5811436249933,402.78264445900277,402.79411750000145,402.8829583339975,402.89424658399366,402.89424658399366,405.1799575420009,left,0,2.275446457992075,None,405.1806142919959,405.19614191699657,405.19614191699657,405.3767092499911,405.3928049590031,405.3928049590031,406.1786813749932,406.1599532919936,,,g,"001",2025-11-10_22h15.17.337,2nd exp,,2025.2.0,None,2025-11-10 22h15.17.419455 +0530,
The boy can read fast,The boy can read fast,transposition_related,right,130,2,8,right,1,0.7419310830009636,None,8,2,130,2,406.1786813749932,,,,,,,,,406.17359925000346,406.1939359590033,406.4269193749933,406.43509870900016,406.6277093749959,406.6151047089952,406.81602450000355,406.8275152089918,406.9157902089937,406.9276859169913,406.9276859169913,407.67968237500463,right,1,0.7419310830009636,None,407.68033200000355,407.6955884589988,407.6955884589988,407.87620883400086,407.89294966700254,407.89294966700254,408.68013504199916,408.66003762499895,,,g,"001",2025-11-10_22h15.17.337,2nd exp,,2025.2.0,None,2025-11-10 22h15.17.419455 +0530,
The dog is barking loudly,The loudly is barking dog,repetition_unrelated,left,131,3,8,left,1,0.5310808740032371,None,8,3,131,13,408.68013504199916,,,,,,,,,408.6748545839946,408.6941142089927,408.9261989999941,408.9433092499967,409.12740787499934,409.1152365839953,409.31663750000007,409.32746383399353,409.41555220900045,409.42753683400224,409.42753683400224,409.9629081250023,left,1,0.5310808740032371,None,409.9635671249998,409.97866112500196,409.97866112500196,410.1602788750024,410.1768939169997,410.1768939169997,410.96643124999537,410.9439375840011,,,g,"001",2025-11-10_22h15.17.337,2nd exp,,2025.2.0,None,2025-11-10 22h15.17.419455 +0530,
They have finished the work,They finished have the work,repetition_unrelated,left,132,4,8,left,1,1.4905534999998054,None,8,4,132,9,410.96643124999537,,,,,,,,,410.9602530419943,410.96643124999537,411.20968904199253,411.20968904199253,411.4108752500033,411.3985477499955,411.5995269589912,411.6107763339969,411.6996256249986,411.7108500839968,411.7108500839968,413.21310924999125,left,1,1.4905534999998054,None,413.2137980839907,413.2283983340021,413.2283983340021,413.40949608400115,413.4267233339924,413.4267233339924,414.19975629200053,414.19375158399635,,,g,"001",2025-11-10_22h15.17.337,2nd exp,,2025.2.0,None,2025-11-10 22h15.17.419455 +0530,
They have finished the work,They finished have the work,transposition_related,right,133,5,8,left,0,1.0576580409979215,None,8,5,133,10,414.19975629200053,,,,,,,,,414.19426816700434,414.2108353749936,414.46022320899647,414.4491074169928,414.66083820899075,414.6484890419961,414.8494567089947,414.860905249996,414.9497597919981,414.96081962500466,414.96081962500466,416.02971029200125,left,0,1.0576580409979215,None,416.03037979199144,416.04635308399156,416.04635308399156,416.2261252919998,416.2428512089973,416.2428512089973,417.0295932089939,417.01026724999247,,,g,"001",2025-11-10_22h15.17.337,2nd exp,,2025.2.0,None,2025-11-10 22h15.17.419455 +0530,
The boy can read fast,The read can boy fast,repetition_unrelated,left,134,6,8,left,1,0.6707869160018163,None,8,6,134,1,417.0295932089939,,,,,,,,,417.02432687499095,417.0440379999927,417.2765116249939,417.28460245899623,417.4775755839946,417.46499329200014,417.6658428340015,417.67750720899494,417.76585616699595,417.7775607090007,417.7775607090007,418.45207833399763,left,1,0.6707869160018163,None,418.4526323750033,418.46715758400387,418.46715758400387,418.65316066700325,418.66060016700067,418.66060016700067,419.4513130839914,419.4440539999923,,,g,"001",2025-11-10_22h15.17.337,2nd exp,,2025.2.0,None,2025-11-10 22h15.17.419455 +0530,
The boy can read fast,The read can boy fast,transposition_unrelated,left,135,7,8,left,1,0.797647624000092,None,8,7,135,3,419.4513130839914,,,,,,,,,419.44455866700446,419.4513130839914,419.7025616669998,419.6942152499978,419.8931097500026,419.8931097500026,420.0828840000031,420.10114633399644,420.1941208339995,420.20063316699816,420.20063316699816,421.00225375000446,left,1,0.797647624000092,None,421.0027360840031,421.01776750000136,421.01776750000136,421.2033949589968,421.2113557499979,421.2113557499979,422.0144742499979,421.99364916699415,,,g,"001",2025-11-10_22h15.17.337,2nd exp,,2025.2.0,None,2025-11-10 22h15.17.419455 +0530,
She does not like apples,She not does like apples,repetition_unrelated,left,136,8,8,left,1,1.0091925829910906,None,8,8,136,5,422.0144742499979,,,,,,,,,422.0084861249925,422.0144742499979,422.2531852090033,422.2608132089954,422.4500803339906,422.4500803339906,422.644244916999,422.6509031250025,422.74403954199806,422.7510735419928,422.7510735419928,423.76298983399465,left,1,1.0091925829910906,None,423.76361912499124,423.7792515839974,423.7792515839974,423.9599964999943,423.97765854200406,423.97765854200406,424.76353891700273,424.7436993750016,,,g,"001",2025-11-10_22h15.17.337,2nd exp,,2025.2.0,None,2025-11-10 22h15.17.419455 +0530,
They have finished the work,They have finished the work,repetition_related,right,137,9,8,right,1,0.6884923330071615,None,8,9,137,8,424.76353891700273,,,,,,,,,424.7585154999979,424.7773399169964,425.00969424999494,425.01796579199436,425.2107197919977,425.1987069169991,425.3995922500035,425.41082029200334,425.4997040419985,425.51074991699716,425.51074991699716,426.20245279200026,right,1,0.6884923330071615,None,426.20297270899755,426.21613166699535,426.21613166699535,426.4035455419944,426.4112702499988,426.4112702499988,427.21458358399104,427.1936417090037,,,g,"001",2025-11-10_22h15.17.337,2nd exp,,2025.2.0,None,2025-11-10 22h15.17.419455 +0530,
She does not like apples,She does not like apples,repetition_related,right,138,10,8,right,1,1.5358890409988817,None,8,10,138,4,427.21458358399104,,,,,,,,,427.2087312090007,427.21458358399104,427.4533043339907,427.46098849999544,427.6501583749923,427.6501583749923,427.8440759170044,427.8507715839951,427.94414891699853,427.95125116700365,427.95125116700365,429.4963384589937,right,1,1.5358890409988817,None,429.49691304199223,429.5124137499952,429.5124137499952,429.6928796669963,429.7098477499967,429.7098477499967,430.4970997499913,430.4771088339912,,,g,"001",2025-11-10_22h15.17.337,2nd exp,,2025.2.0,None,2025-11-10 22h15.17.419455 +0530,
The boy can read fast,The boy can read fast,repetition_related,right,139,11,8,right,1,0.5199877490085782,None,8,11,139,0,430.4970997499913,,,,,,,,,430.49189016700257,430.5107859589916,430.74457083399466,430.76140133399167,430.94250837499567,430.94250837499567,431.1330948340037,431.1441039170022,431.2325825839944,431.2441295000026,431.2441295000026,431.7690445420012,right,1,0.5199877490085782,None,431.76953020899964,431.78320366700063,431.78320366700063,431.9678509170044,431.9758653750032,431.9758653750032,432.7732744169916,432.7517339170008,,,g,"001",2025-11-10_22h15.17.337,2nd exp,,2025.2.0,None,2025-11-10 22h15.17.419455 +0530,
They have finished the work,They work the have finished,transposition_unrelated,left,140,12,8,left,1,1.453287166004884,None,8,12,140,11,432.7732744169916,,,,,,,,,432.76736324999365,432.778558334001,433.01974516699556,433.02765962500416,433.2166276670032,433.2166276670032,433.4106960420031,433.41743233399757,433.51068583400047,433.5177092919912,433.5177092919912,434.9794884169969,left,1,1.453287166004884,None,434.98014691699063,434.99478824999824,434.99478824999824,435.1769710420049,435.1940132089949,435.1940132089949,435.9804355840024,435.95979279199673,,,g,"001",2025-11-10_22h15.17.337,2nd exp,,2025.2.0,None,2025-11-10 22h15.17.419455 +0530,
The dog is barking loudly,The dog is barking loudly,repetition_related,right,141,13,8,right,1,1.0875165829929756,None,8,13,141,12,435.9804355840024,,,,,,,,,435.9749316249945,435.99396720899676,436.226587208992,436.2348688339989,436.4274122920033,436.414428959004,436.6161069999944,436.62749045899545,436.7156306669931,436.72741445900465,436.72741445900465,437.81931912500295,right,1,1.0875165829929756,None,437.81982566700026,437.83368604199495,437.83368604199495,438.0201625839982,438.0279108340037,438.0279108340037,438.82542070899217,438.8100410000043,,,g,"001",2025-11-10_22h15.17.337,2nd exp,,2025.2.0,None,2025-11-10 22h15.17.419455 +0530,
The dog is barking loudly,The dog barking is loudly,transposition_related,right,142,14,8,left,0,0.7450286240054993,None,8,14,142,14,438.82542070899217,,,,,,,,,438.8190824589983,438.82542070899217,439.06885441699706,439.06885441699706,439.2657420839969,439.2657420839969,439.4607822090038,439.4674771669961,439.5607167499984,439.5677332089981,439.5677332089981,440.3194308749953,left,0,0.7450286240054993,None,440.3201007500029,440.33341308399395,440.33341308399395,440.51999324999633,440.5277979590028,440.5277979590028,441.32598841699655,441.3099812089931,,,g,"001",2025-11-10_22h15.17.337,2nd exp,,2025.2.0,None,2025-11-10 22h15.17.419455 +0530,
The dog is barking loudly,The barking dog loudly is,transposition_unrelated,left,143,15,8,left,1,0.6809598739928333,None,8,15,143,15,441.32598841699655,,,,,,,,,441.31932495899673,441.32598841699655,441.5689064170001,441.5689064170001,441.7662500419974,441.7662500419974,441.9607241249905,441.96739829199214,442.0606458340044,442.0678428340034,442.0678428340034,442.7525408340007,left,1,0.6809598739928333,None,442.75304841699835,442.76754229200014,442.76754229200014,442.95320145899314,442.9610381669918,442.9610381669918,443.7635463339975,443.7433549169946,,,g,"001",2025-11-10_22h15.17.337,2nd exp,,2025.2.0,None,2025-11-10 22h15.17.419455 +0530,
She does not like apples,She does not like apples,repetition_related,right,144,0,9,right,1,1.188591665995773,None,9,0,144,4,443.7635463339975,,,,,,,,,443.75771679199534,443.7635463339975,444.0031665839924,444.01051133399596,444.19983770899125,444.19983770899125,444.394000625005,444.4006250419916,444.49402658399777,444.5011286249937,444.5011286249937,445.6961033749976,right,1,1.188591665995773,None,445.6966575419938,445.71197958399716,445.71197958399716,445.89275362499757,445.90939829200215,445.90939829200215,446.6973916669958,446.67705920900335,,,g,"001",2025-11-10_22h15.17.337,2nd exp,,2025.2.0,None,2025-11-10 22h15.17.419455 +0530,
The boy can read fast,The boy can read fast,transposition_related,right,145,1,9,right,1,0.8335416240006452,None,9,1,145,2,446.6973916669958,,,,,,,,,446.69213887499063,446.71071379199566,446.9433124999923,446.9516047920042,447.1441511250014,447.1322852919984,447.33276483399095,447.34421658399515,447.43266458400467,447.44412549999834,447.44412549999834,448.286279042004,right,1,0.8335416240006452,None,448.2869607920002,448.2999176669982,448.2999176669982,448.48673716699705,448.4948865000042,448.4948865000042,449.2847754169925,449.27722429200367,,,g,"001",2025-11-10_22h15.17.337,2nd exp,,2025.2.0,None,2025-11-10 22h15.17.419455 +0530,
The boy can read fast,The boy can read fast,repetition_related,right,146,2,9,right,1,0.7467627080040984,None,9,2,146,0,449.2847754169925,,,,,,,,,449.27777141699335,449.2847754169925,449.53573087499535,449.53573087499535,449.732850083994,449.732850083994,449.92744924999715,449.93413612499717,450.0273460419994,450.033907584002,450.033907584002,450.7856952919974,right,1,0.7467627080040984,None,450.7861939169961,450.800760750004,450.800760750004,450.9908059169975,450.99801195900363,450.99801195900363,451.79668200000015,451.7770258340024,,,g,"001",2025-11-10_22h15.17.337,2nd exp,,2025.2.0,None,2025-11-10 22h15.17.419455 +0530,
She does not like apples,She like does apples not,transposition_unrelated,left,147,3,9,left,1,0.5508847910095938,None,9,3,147,7,451.79668200000015,,,,,,,,,451.7907956669951,451.79668200000015,452.03627087500354,452.04399508399365,452.233341041996,452.233341041996,452.4273761670047,452.43400574999396,452.5274956249923,452.5347279999987,452.5347279999987,453.096987500001,left,1,0.5508847910095938,None,453.097619209002,453.1128658749949,453.1128658749949,453.2935502920009,453.3109358340007,453.3109358340007,454.09547258399834,454.07668399999966,,,g,"001",2025-11-10_22h15.17.337,2nd exp,,2025.2.0,None,2025-11-10 22h15.17.419455 +0530,
The dog is barking loudly,The barking dog loudly is,transposition_unrelated,left,148,4,9,left,1,1.1937122490053298,None,9,4,148,15,454.09547258399834,,,,,,,,,454.09030762499606,454.110596833998,454.3433865419938,454.35188554199704,454.5441096249997,454.53111066699785,454.73218562499096,454.74414799999795,454.83252562499547,454.84404191699286,454.84404191699286,456.046240124997,left,1,1.1937122490053298,None,456.0468683749932,456.0624703749927,456.0624703749927,456.24321995899663,456.26017716700153,456.26017716700153,457.0484548749955,457.027167459004,,,g,"001",2025-11-10_22h15.17.337,2nd exp,,2025.2.0,None,2025-11-10 22h15.17.419455 +0530,
They have finished the work,They finished have the work,transposition_related,right,149,5,9,left,0,1.1582799989992054,None,9,5,149,10,457.0484548749955,,,,,,,,,457.04309187499166,457.0605946669966,457.29337983399455,457.3015389170032,457.4941153749969,457.4813636250037,457.68286762500065,457.69413991700276,457.782597833997,457.79404920899833,457.79404920899833,458.9629552499973,left,0,1.1582799989992054,None,458.9636225419963,458.97912799999176,458.97912799999176,459.1600257090031,459.17655674999696,459.17655674999696,459.96341658399615,459.94335220899666,,,g,"001",2025-11-10_22h15.17.337,2nd exp,,2025.2.0,None,2025-11-10 22h15.17.419455 +0530,
The dog is barking loudly,The dog barking is loudly,transposition_related,right,150,6,9,left,0,0.7206879159930395,None,9,6,150,14,459.96341658399615,,,,,,,,,459.9580797499948,459.9772122919967,460.2094983339921,460.22610583399364,460.41071629199723,460.3977867089998,460.59942641700036,460.6107169589959,460.69963099999586,460.7106310419913,460.7106310419913,461.4361697919958,left,0,0.7206879159930395,None,461.4366681669926,461.45149474999926,461.45149474999926,461.63642749999417,461.6438214999944,461.6438214999944,462.44673254199733,462.42668683399097,,,g,"001",2025-11-10_22h15.17.337,2nd exp,,2025.2.0,None,2025-11-10 22h15.17.419455 +0530,
The boy can read fast,The read can boy fast,repetition_unrelated,left,151,7,9,left,1,0.9819942489993991,None,9,7,151,1,462.44673254199733,,,,,,,,,462.4408227499953,462.44673254199733,462.6866206669947,462.6943437919981,462.8834788749955,462.8834788749955,463.07739933399716,463.08411429199623,463.1772687499906,463.184328000003,463.184328000003,464.16888699999254,left,1,0.9819942489993991,None,464.16936716699274,464.18394979200093,464.18394979200093,464.37049745899276,464.3779217919946,464.3779217919946,465.18078412499744,465.16101570900355,,,g,"001",2025-11-10_22h15.17.337,2nd exp,,2025.2.0,None,2025-11-10 22h15.17.419455 +0530,
The dog is barking loudly,The loudly is barking dog,repetition_unrelated,left,152,8,9,left,1,0.6583615410054335,None,9,8,152,13,465.18078412499744,,,,,,,,,465.17437395900197,465.18078412499744,465.4197787089943,465.42746654199436,465.6105599589937,465.617762666996,465.7995737500023,465.81837287500093,465.91884220899374,465.91884220899374,465.91884220899374,466.57940795899776,left,1,0.6583615410054335,None,466.58001958399836,466.59516533400165,466.59516533400165,466.77622358399094,466.7932874590042,466.7932874590042,467.5797128339909,467.5599317919987,,,g,"001",2025-11-10_22h15.17.337,2nd exp,,2025.2.0,None,2025-11-10 22h15.17.419455 +0530,
They have finished the work,They finished have the work,repetition_unrelated,left,153,9,9,left,1,1.165761707990896,None,9,9,153,9,467.5797128339909,,,,,,,,,467.5743499169912,467.5939537919912,467.82608191699546,467.8427614169923,468.02746599999955,468.01447179200477,468.2157881250023,468.2274683339929,468.3160688749922,468.3273921670043,468.3273921670043,469.49613979199785,left,1,1.165761707990896,None,469.4967591250024,469.5121599589911,469.5121599589911,469.69314295900404,469.7105226249987,469.7105226249987,470.49724974999845,470.47672779200366,,,g,"001",2025-11-10_22h15.17.337,2nd exp,,2025.2.0,None,2025-11-10 22h15.17.419455 +0530,
She does not like apples,She not does like apples,repetition_unrelated,left,154,10,9,left,1,0.8189805000001797,None,9,10,154,5,470.49724974999845,,,,,,,,,470.4918215420039,470.5105336669949,470.7433170000004,470.7516365420015,470.9440496669995,470.9310150419915,471.13241708399437,471.1439935419912,471.23267174999637,471.24414504200104,471.24414504200104,472.0689822919958,left,1,0.8189805000001797,None,472.0694857920025,472.08312087500235,472.08312087500235,472.27030945899605,472.27774454199243,472.27774454199243,473.08088633399166,473.05994516699866,,,g,"001",2025-11-10_22h15.17.337,2nd exp,,2025.2.0,None,2025-11-10 22h15.17.419455 +0530,
They have finished the work,They have finished the work,repetition_related,right,155,11,9,right,1,0.7471776659949683,None,9,11,155,8,473.08088633399166,,,,,,,,,473.07491758400283,473.08088633399166,473.3197129589971,473.3270077089983,473.51651404199947,473.51651404199947,473.7106942090031,473.7173201669939,473.81072733399924,473.8178273340018,473.8178273340018,474.56906637499924,right,1,0.7471776659949683,None,474.56956358399475,474.58418195899867,474.58418195899867,474.769813292005,474.7775420840044,474.7775420840044,475.57989541700226,475.5599387919938,,,g,"001",2025-11-10_22h15.17.337,2nd exp,,2025.2.0,None,2025-11-10 22h15.17.419455 +0530,
The boy can read fast,The read can boy fast,transposition_unrelated,left,156,12,9,left,1,0.5755142910056747,None,9,12,156,3,475.57989541700226,,,,,,,,,475.57396254199557,475.57989541700226,475.81976849999046,475.8274572090013,476.0166521670035,476.0166521670035,476.2107689169934,476.2174619589932,476.3107162499946,476.31784770899685,476.31784770899685,476.89601954199316,left,1,0.5755142910056747,None,476.89660525000363,476.91184262499155,476.91184262499155,477.09333004200016,477.1099411250034,477.1099411250034,477.8964170419931,477.8765196250024,,,g,"001",2025-11-10_22h15.17.337,2nd exp,,2025.2.0,None,2025-11-10 22h15.17.419455 +0530,
They have finished the work,They work the have finished,transposition_unrelated,left,157,13,9,left,1,1.0470599580003181,None,9,13,157,11,477.8964170419931,,,,,,,,,477.89118716699886,477.9105440419953,478.14331395899353,478.1516509170033,478.3441398750001,478.3313510839944,478.53212950000307,478.544174249997,478.63278158399044,478.64387420899584,478.64387420899584,479.6960164170014,left,1,1.0470599580003181,None,479.69659974999377,479.7124004590005,479.7124004590005,479.8936189590022,479.91048325000156,479.91048325000156,480.698327584003,480.67720408400055,,,g,"001",2025-11-10_22h15.17.337,2nd exp,,2025.2.0,None,2025-11-10 22h15.17.419455 +0530,
The dog is barking loudly,The dog is barking loudly,repetition_related,right,158,14,9,right,1,0.7067752490111161,None,9,14,158,12,480.698327584003,,,,,,,,,480.6929252090049,480.71061395900324,480.94300012500025,480.95184500000323,481.16103674999613,481.1447387090011,481.36083420900104,481.3427285420039,481.43299674999435,481.4429929589969,481.4429929589969,482.16316516700317,right,1,0.7067752490111161,None,482.1637902499933,482.178862959001,482.178862959001,482.37760854199587,482.3863134169951,482.3863134169951,,483.1678374589974,,,g,"001",2025-11-10_22h15.17.337,2nd exp,,2025.2.0,None,2025-11-10 22h15.17.419455 +0530,
She does not like apples,She not does like apples,transposition_related,right,159,15,9,left,0,1.5441764989955118,None,9,15,159,6,483.1889324999938,,,,,,,,,483.1819301670039,483.1889324999938,483.40942491700116,483.43524262499704,483.61063450000074,483.5977205419913,483.79907404199184,483.8107362919982,483.89957829199557,483.9106052089919,483.9106052089919,485.4627713749942,left,0,1.5441764989955118,None,485.4633502499928,485.47868304199073,485.47868304199073,485.67007033400296,485.67750720899494,485.67750720899494,486.47933795899735,486.45995591700193,,,g,"001",2025-11-10_22h15.17.337,2nd exp,,2025.2.0,None,2025-11-10 22h15.17.419455 +0530,
They have finished the work,They finished have the work,repetition_unrelated,left,160,0,10,left,1,0.8249582909920719,None,10,0,160,9,486.47933795899735,,,,,,,,,486.4734072919964,486.47933795899735,486.709393083991,486.72676737500296,486.91070679199765,486.89775962500426,487.09924716700334,487.11070637499506,487.1991497089912,487.21080516699294,487.21080516699294,488.0462715419999,left,1,0.8249582909920719,None,488.0469501250045,488.06156524999824,488.06156524999824,488.24446912499843,488.2513879170001,488.2513879170001,489.0464021249936,489.0273199170042,,,g,"001",2025-11-10_22h15.17.337,2nd exp,,2025.2.0,None,2025-11-10 22h15.17.419455 +0530,
She does not like apples,She not does like apples,transposition_related,right,161,1,10,left,0,0.9896131249988684,None,10,1,161,6,489.0464021249936,,,,,,,,,489.04102520899323,489.06053854199126,489.292751874993,489.30967833400064,489.49410545900173,489.4812549999915,489.6823274999915,489.69404887499695,489.78259958399576,489.79403483399074,489.79403483399074,490.79622187500354,left,0,0.9896131249988684,None,490.79687370899774,490.8118614589912,490.8118614589912,490.99336920899805,491.01008070899115,491.01008070899115,491.79552170899115,491.77647116700246,,,g,"001",2025-11-10_22h15.17.337,2nd exp,,2025.2.0,None,2025-11-10 22h15.17.419455 +0530,
They have finished the work,They work the have finished,transposition_unrelated,left,162,2,10,left,1,1.1174205830029678,None,10,2,162,11,491.79552170899115,,,,,,,,,491.7902699999977,491.81053129199427,492.04263520899985,492.05949658399913,492.24414187499497,492.2316769169993,492.4326800419949,492.44396954200056,492.53219275000447,492.5440679589956,492.5440679589956,493.66899799999373,left,1,1.1174205830029678,None,493.6694942089962,493.6840560839919,493.6840560839919,493.87016929200036,493.8779572499916,493.8779572499916,494.6795621670026,494.6599808750034,,,g,"001",2025-11-10_22h15.17.337,2nd exp,,2025.2.0,None,2025-11-10 22h15.17.419455 +0530,
The boy can read fast,The boy can read fast,repetition_related,right,163,3,10,right,1,1.0964875409990782,None,10,3,163,0,494.6795621670026,,,,,,,,,494.6737073340046,494.6795621670026,494.9198945840035,494.92771683400497,495.1166707090015,495.1166707090015,495.31066841699067,495.3173096669925,495.41077095900255,495.4180279169959,495.4180279169959,496.51881312500336,right,1,1.0964875409990782,None,496.5192958749976,496.5323170420015,496.5323170420015,496.7204904590035,496.74447375000454,496.74447375000454,497.5322223749972,497.5103340839996,,,g,"001",2025-11-10_22h15.17.337,2nd exp,,2025.2.0,None,2025-11-10 22h15.17.419455 +0530,
The dog is barking loudly,The loudly is barking dog,repetition_unrelated,left,164,4,10,left,1,1.2995137489924673,None,10,4,164,13,497.5322223749972,,,,,,,,,497.5261690000043,497.5322223749972,497.7697720839933,497.77746854200086,497.966645374996,497.966645374996,498.16063354199287,498.16722691699397,498.2606976669922,498.2679297919967,498.2679297919967,499.5796543750039,left,1,1.2995137489924673,None,499.5803060000035,499.59497879199625,499.59497879199625,499.776137791996,499.7929346669989,499.7929346669989,500.5807233749947,500.55988933399203,,,g,"001",2025-11-10_22h15.17.337,2nd exp,,2025.2.0,None,2025-11-10 22h15.17.419455 +0530,
She does not like apples,She not does like apples,repetition_unrelated,left,165,5,10,left,1,0.8039064580079867,None,10,5,165,5,500.5807233749947,,,,,,,,,500.5754249169986,500.5938202499965,500.82606891699834,500.84285308400285,501.02733933400305,501.01435275000404,501.2158062499948,501.2273465000035,501.31545491699944,501.327454667,501.327454667,502.13517187499383,left,1,0.8039064580079867,None,502.135653749996,502.15027704200475,502.15027704200475,502.3360727499967,502.34396524999465,502.34396524999465,503.14803183400363,503.127090458991,,,g,"001",2025-11-10_22h15.17.337,2nd exp,,2025.2.0,None,2025-11-10 22h15.17.419455 +0530,
The dog is barking loudly,The barking dog loudly is,transposition_unrelated,left,166,6,10,left,1,0.840923832001863,None,10,6,166,15,503.14803183400363,,,,,,,,,503.14207441700273,503.14803183400363,503.38671779200376,503.3943849589996,503.57672804199683,503.5835988750041,503.76607674999104,503.78424883399566,503.87715908400423,503.88438845900237,503.88438845900237,504.72949149999477,left,1,0.840923832001863,None,504.7301038750011,504.74531129200477,504.74531129200477,504.9266651670041,504.9434086669935,504.9434086669935,505.7296815000009,505.7099912919948,,,g,"001",2025-11-10_22h15.17.337,2nd exp,,2025.2.0,None,2025-11-10 22h15.17.419455 +0530,
The boy can read fast,The boy can read fast,transposition_related,right,167,7,10,right,1,1.0110194989974843,None,10,7,167,2,505.7296815000009,,,,,,,,,505.72373712499393,505.74384354200447,505.9759521669912,505.99276262499916,506.1773200000025,506.16469399999187,506.36553512499086,506.37728737499856,506.4662557089905,506.4772817089979,506.4772817089979,507.49609066700214,right,1,1.0110194989974843,None,507.49670233399956,507.51254316700215,507.51254316700215,507.6979216670006,507.7106199169939,507.7106199169939,508.5057904169953,508.4845209589985,,,g,"001",2025-11-10_22h15.17.337,2nd exp,,2025.2.0,None,2025-11-10 22h15.17.419455 +0530,
They have finished the work,They finished have the work,transposition_related,right,168,8,10,left,0,0.6232694159989478,None,10,8,168,10,508.5057904169953,,,,,,,,,508.49879979199613,508.5057904169953,508.7434459590004,508.75181495900324,508.9440300419956,508.93106504199386,509.132969208993,509.14399270899594,509.2326586669951,509.24385541699303,509.24385541699303,509.87974608399963,left,0,0.6232694159989478,None,509.88043587499124,509.89515912499337,509.89515912499337,510.0766915839922,510.0933565000014,510.0933565000014,510.8787215420016,510.8598895000032,,,g,"001",2025-11-10_22h15.17.337,2nd exp,,2025.2.0,None,2025-11-10 22h15.17.419455 +0530,
The boy can read fast,The read can boy fast,transposition_unrelated,left,169,9,10,left,1,0.8958295409975108,None,10,9,169,3,510.8787215420016,,,,,,,,,510.8735455839924,510.8938945419941,511.14475054199283,511.14475054199283,511.3270886669925,511.3338711249962,511.5155715000001,511.5272329589934,511.6154330839927,511.6273539590038,511.6273539590038,512.5294422919978,left,1,0.8958295409975108,None,512.5300496249984,512.5449035420024,512.5449035420024,512.7264205419924,512.7445358749974,512.7445358749974,513.5305356250028,513.5099868340039,,,g,"001",2025-11-10_22h15.17.337,2nd exp,,2025.2.0,None,2025-11-10 22h15.17.419455 +0530,
They have finished the work,They have finished the work,repetition_related,right,170,10,10,right,1,0.7857876659982139,None,10,10,170,8,513.5305356250028,,,,,,,,,513.525320959001,513.5438023339957,513.7761133750028,513.7933106249984,513.9772989170015,513.9642432499968,514.1660636250017,514.1773670419934,514.2661753339926,514.277245624995,514.277245624995,515.0691013339965,right,1,0.7857876659982139,None,515.0696025420038,515.082932624995,515.082932624995,515.2774930839951,515.2858852920035,515.2858852920035,516.0813409590046,516.0605429589923,,,g,"001",2025-11-10_22h15.17.337,2nd exp,,2025.2.0,None,2025-11-10 22h15.17.419455 +0530,
The dog is barking loudly,The dog barking is loudly,transposition_related,right,171,11,10,left,0,0.5171552499959944,None,10,11,171,14,516.0813409590046,,,,,,,,,516.0751438339939,516.0813409590046,516.3198029170017,516.3275069999945,516.5166957089968,516.5166957089968,516.7106700419972,516.7173614170024,516.8105804999941,516.8180809170008,516.8180809170008,517.3464701249904,left,0,0.5171552499959944,None,517.3472094169992,517.3627339169907,517.3627339169907,517.5432182499935,517.5601927499956,517.5601927499956,518.348984583994,518.3266531249974,,,g,"001",2025-11-10_22h15.17.337,2nd exp,,2025.2.0,None,2025-11-10 22h15.17.419455 +0530,
She does not like apples,She like does apples not,transposition_unrelated,left,172,12,10,left,1,0.7667957080120686,None,10,12,172,7,518.348984583994,,,,,,,,,518.3430173749948,518.348984583994,518.592682292001,518.592682292001,518.7939821670006,518.7812478339911,518.982357624991,518.993991958996,519.0825818339945,519.0940647919924,519.0940647919924,519.8685992090032,left,1,0.7667957080120686,None,519.8690998340026,519.8836672500038,519.8836672500038,520.0697839999921,520.0776342089957,520.0776342089957,520.8805254170002,520.8598855000018,,,g,"001",2025-11-10_22h15.17.337,2nd exp,,2025.2.0,None,2025-11-10 22h15.17.419455 +0530,
The dog is barking loudly,The dog is barking loudly,repetition_related,right,173,13,10,right,1,0.669782248995034,None,10,13,173,12,520.8805254170002,,,,,,,,,520.8745639999979,520.8805254170002,521.1201662919921,521.1278550419956,521.3166077499918,521.3166077499918,521.5108343750035,521.5180848339951,521.6108365419932,521.6181232499948,521.6181232499948,522.2961399170017,right,1,0.669782248995034,None,522.2968232919957,522.3121187499928,522.3121187499928,522.4933338339906,522.515047916997,522.515047916997,523.2966999170021,523.2764619170048,,,g,"001",2025-11-10_22h15.17.337,2nd exp,,2025.2.0,None,2025-11-10 22h15.17.419455 +0530,
She does not like apples,She does not like apples,repetition_related,right,174,14,10,left,0,0.9729178319976199,None,10,14,174,4,523.2966999170021,,,,,,,,,523.2914261669939,523.3104809590004,523.5434253339918,523.5518012919929,523.743978833998,523.7322739999945,523.9329435840045,523.9440052089922,524.032897875004,524.043935291993,524.043935291993,525.0188170839974,left,0,0.9729178319976199,None,525.0193022089952,525.033669958997,525.033669958997,525.2198044999968,525.227571209005,525.227571209005,526.0305620419967,526.0097532090003,,,g,"001",2025-11-10_22h15.17.337,2nd exp,,2025.2.0,None,2025-11-10 22h15.17.419455 +0530,
The boy can read fast,The read can boy fast,repetition_unrelated,left,175,15,10,left,1,1.141022832991439,None,10,15,175,1,526.0305620419967,,,,,,,,,526.0244021669932,526.0305620419967,526.2699544589996,526.2779247919971,526.466817166991,526.466817166991,526.6605603749922,526.6672152499959,526.7606918749952,526.7678865420021,526.7678865420021,527.9129419590026,left,1,1.141022832991439,None,527.9135607920034,527.9289206669928,527.9289206669928,528.1096584999905,528.1265633339935,528.1265633339935,528.9134635419905,528.8931983340008,,,g,"001",2025-11-10_22h15.17.337,2nd exp,,2025.2.0,None,2025-11-10 22h15.17.419455 +0530,
They have finished the work,They finished have the work,transposition_related,right,176,0,11,left,0,0.7857342079951195,None,11,0,176,10,528.9134635419905,,,,,,,,,528.9081949590036,528.9270803749969,529.159254416998,529.1765314999939,529.3592479170038,529.3483920419967,529.5472960839979,529.5607397919957,529.6608955839911,529.6608955839911,529.6608955839911,530.4528889999929,left,0,0.7857342079951195,None,530.4535044999939,530.4668327919935,530.4668327919935,530.6531197089935,530.6598800840002,530.6598800840002,531.4643621669966,531.4435724590003,,,g,"001",2025-11-10_22h15.17.337,2nd exp,,2025.2.0,None,2025-11-10 22h15.17.419455 +0530,
The boy can read fast,The boy can read fast,repetition_related,right,177,1,11,right,1,0.6804881659918465,None,11,1,177,0,531.4643621669966,,,,,,,,,531.4582772089925,531.4643621669966,531.703334417005,531.7114602499933,531.9001548749948,531.9001548749948,532.0940355839994,532.1008284589916,532.1933437090047,532.2010356249957,532.2010356249957,532.8854869589995,right,1,0.6804881659918465,None,532.8859818749916,532.9004803339922,532.9004803339922,533.086443209002,533.0945200839924,533.0945200839924,533.8915335839993,533.8764771669958,,,g,"001",2025-11-10_22h15.17.337,2nd exp,,2025.2.0,None,2025-11-10 22h15.17.419455 +0530,
The boy can read fast,The read can boy fast,transposition_unrelated,left,178,2,11,left,1,1.305069624009775,None,11,2,178,3,533.8915335839993,,,,,,,,,533.8850745419913,533.8915335839993,534.1354333749914,534.1354333749914,534.3332195840048,534.3332195840048,534.5280529169977,534.5349539169983,534.6344684999931,534.6344684999931,534.6344684999931,535.9458619999932,left,1,1.305069624009775,None,535.9464465839992,535.9615973339969,535.9615973339969,536.143192042,536.1604141669959,536.1604141669959,536.9455006670032,536.9264770839945,,,g,"001",2025-11-10_22h15.17.337,2nd exp,,2025.2.0,None,2025-11-10 22h15.17.419455 +0530,
The dog is barking loudly,The loudly is barking dog,repetition_unrelated,left,179,3,11,left,1,1.2565762489975896,None,11,3,179,13,536.9455006670032,,,,,,,,,536.9401192090008,536.9603870839928,537.1933307500003,537.2019847089978,537.3939003749983,537.3818163749966,537.5824521250033,537.5939254169934,537.6825576669944,537.6940054169972,537.6940054169972,538.9528190839919,left,1,1.2565762489975896,None,538.9533244999911,538.9682984590036,538.9682984590036,539.1528090840002,539.1613836670003,539.1613836670003,539.9596814999968,539.9433750000026,,,g,"001",2025-11-10_22h15.17.337,2nd exp,,2025.2.0,None,2025-11-10 22h15.17.419455 +0530,
The dog is barking loudly,The dog barking is loudly,transposition_related,right,180,4,11,right,1,0.6963552489905851,None,11,4,180,14,539.9596814999968,,,,,,,,,539.9528480419976,539.9596814999968,540.2023377919977,540.2023377919977,540.4001904589968,540.4001904589968,540.6030973339948,540.6030973339948,540.7020693340019,540.7020693340019,540.7020693340019,541.4021332919947,right,1,0.6963552489905851,None,541.4026408339996,541.4185724999988,541.4185724999988,541.6036477089947,541.6275526249956,541.6275526249956,542.413923250002,542.3935238339909,,,g,"001",2025-11-10_22h15.17.337,2nd exp,,2025.2.0,None,2025-11-10 22h15.17.419455 +0530,
They have finished the work,They finished have the work,repetition_unrelated,left,181,5,11,left,1,0.6140850410010898,None,11,5,181,9,542.413923250002,,,,,,,,,542.4080077499966,542.413923250002,542.6530602919956,542.6612463749916,542.8499373749946,542.8499373749946,543.0440450000024,543.0507267920038,543.1439726249955,543.1512503749982,543.1512503749982,543.7687844169996,left,1,0.6140850410010898,None,543.7692999589926,543.7826571670012,543.7826571670012,543.9696909999911,543.9778770839912,543.9778770839912,544.7813187089923,544.7602206669981,,,g,"001",2025-11-10_22h15.17.337,2nd exp,,2025.2.0,None,2025-11-10 22h15.17.419455 +0530,
The dog is barking loudly,The barking dog loudly is,transposition_unrelated,left,182,6,11,left,1,0.5208875410025939,None,11,6,182,15,544.7813187089923,,,,,,,,,544.7753438749933,544.7813187089923,545.020185166999,545.0440804590035,545.2108552499994,545.2176306670008,545.3994535840029,545.4174069169967,545.5108053750009,545.5180662089988,545.5180662089988,546.0460731670028,left,1,0.5208875410025939,None,546.0466857919964,546.0623590839969,546.0623590839969,546.2430523749936,546.2600406669953,546.2600406669953,547.0471501669963,547.0274937499926,,,g,"001",2025-11-10_22h15.17.337,2nd exp,,2025.2.0,None,2025-11-10 22h15.17.419455 +0530,
She does not like apples,She not does like apples,transposition_related,right,183,7,11,right,1,0.4623193320003338,None,11,7,183,6,547.0471501669963,,,,,,,,,547.0417242919939,547.060412833991,547.293352749999,547.3015816249972,547.4939488340024,547.4810031249945,547.682944041997,547.6940065419913,547.7828362500004,547.7938736670039,547.7938736670039,548.261721834002,right,1,0.4623193320003338,None,548.2621824999951,548.2780892919982,548.2780892919982,548.4594236249977,548.4759407919919,548.4759407919919,549.2498772090039,549.243717749996,,,g,"001",2025-11-10_22h15.17.337,2nd exp,,2025.2.0,None,2025-11-10 22h15.17.419455 +0530,
She does not like apples,She not does like apples,repetition_unrelated,left,184,8,11,left,1,0.49255274899769574,None,11,8,184,5,549.2498772090039,,,,,,,,,549.2442619999929,549.2603729169932,549.5092212089949,549.4988978750043,549.7104923750012,549.698898417002,549.8987655419915,549.910607999991,549.9991914589918,550.010686499998,550.010686499998,550.5130395419983,left,1,0.49255274899769574,None,550.5136571670009,550.5283380420005,550.5283380420005,550.7277399589948,550.7277399589948,550.7277399589948,551.5306292919995,551.510615459003,,,g,"001",2025-11-10_22h15.17.337,2nd exp,,2025.2.0,None,2025-11-10 22h15.17.419455 +0530,
The boy can read fast,The read can boy fast,repetition_unrelated,left,185,9,11,left,1,0.536600332998205,None,11,9,185,1,551.5306292919995,,,,,,,,,551.5244415839989,551.5306292919995,551.7592019589938,551.7765344590007,551.9606575420039,551.9476361249981,552.1493825840007,552.1606853339908,552.2495200839912,552.2605548339925,552.2605548339925,552.8022466669936,left,1,0.536600332998205,None,552.8027847920021,552.817101749999,552.817101749999,553.0025107090041,553.0106483339914,553.0106483339914,553.8071585839934,553.7864110840019,,,g,"001",2025-11-10_22h15.17.337,2nd exp,,2025.2.0,None,2025-11-10 22h15.17.419455 +0530,
She does not like apples,She does not like apples,repetition_related,right,186,10,11,right,1,0.4740923739882419,None,11,10,186,4,553.8071585839934,,,,,,,,,553.8001733339916,553.8071585839934,554.052231499998,554.052231499998,554.2611820839957,554.2611820839957,554.4601629590034,554.4508628750045,554.5441409999912,554.5519858750049,554.5519858750049,555.0294672500022,right,1,0.4740923739882419,None,555.0301256669918,555.0456446669996,555.0456446669996,555.226802374993,555.2427278749965,555.2427278749965,556.0251047499914,556.0100578339916,,,g,"001",2025-11-10_22h15.17.337,2nd exp,,2025.2.0,None,2025-11-10 22h15.17.419455 +0530,
She does not like apples,She like does apples not,transposition_unrelated,left,187,11,11,left,1,0.5144656659977045,None,11,11,187,7,556.0251047499914,,,,,,,,,556.019338291997,556.0304437919986,556.2764034589927,556.2764034589927,556.4771812499966,556.4654627499986,556.6663732919988,556.6771409999928,556.7661373339943,556.777065125003,556.777065125003,557.2960497500026,left,1,0.5144656659977045,None,557.2966407089989,557.3120203750004,557.3120203750004,557.4928760000039,557.5106022499967,557.5106022499967,558.2965816249925,558.2770554169983,,,g,"001",2025-11-10_22h15.17.337,2nd exp,,2025.2.0,None,2025-11-10 22h15.17.419455 +0530,
The dog is barking loudly,The dog is barking loudly,repetition_related,right,188,12,11,right,1,0.5659162079973612,None,11,12,188,12,558.2965816249925,,,,,,,,,558.2911744589946,558.3103824589925,558.5431905419973,558.5518522499915,558.7440424169909,558.7320392499969,558.932859166991,558.9438682920008,559.0324538749992,559.0439989169972,559.0439989169972,559.6179368750018,right,1,0.5659162079973612,None,559.6183100420021,559.6304585839971,559.6304585839971,559.8093577499967,559.8264262500015,559.8264262500015,560.6124101669993,560.5936299169989,,,g,"001",2025-11-10_22h15.17.337,2nd exp,,2025.2.0,None,2025-11-10 22h15.17.419455 +0530,
They have finished the work,They work the have finished,transposition_unrelated,left,189,13,11,left,1,0.5003010829968844,None,11,13,189,11,560.6124101669993,,,,,,,,,560.6072092919931,560.6270706249925,560.8693480420043,560.8693480420043,561.0608574590005,561.0666565839929,561.2496499589906,561.267483167001,561.360501624993,561.3675277500006,561.3675277500006,561.8796226669947,left,1,0.5003010829968844,None,561.8802839589916,561.8952690419974,561.8952690419974,562.0763815419923,562.0934962500032,562.0934962500032,562.8755508339964,562.8605722499924,,,g,"001",2025-11-10_22h15.17.337,2nd exp,,2025.2.0,None,2025-11-10 22h15.17.419455 +0530,
They have finished the work,They have finished the work,repetition_related,right,190,14,11,right,1,0.6987663329928182,None,11,14,190,8,562.8755508339964,,,,,,,,,562.8699130839959,562.8810162500013,563.1264278750023,563.1264278750023,563.327279959005,563.3149283340026,563.5155113340006,563.5273011249956,563.6161444169993,563.6271777920047,563.6271777920047,564.3301275419944,right,1,0.6987663329928182,None,564.3307139590033,564.3670131249964,564.3670131249964,564.535107417003,564.560697916997,564.560697916997,565.3431338749942,565.3279712920048,,,g,"001",2025-11-10_22h15.17.337,2nd exp,,2025.2.0,None,2025-11-10 22h15.17.419455 +0530,
The boy can read fast,The boy can read fast,transposition_related,right,191,15,11,right,1,0.8575352909974754,None,11,15,191,2,565.3431338749942,,,,,,,,,565.3355570839922,565.3431338749942,565.5765617919969,565.5849538750044,565.777348167001,565.7646894589998,565.9655515420018,565.9771520840004,566.0660413750011,566.0773201669945,566.0773201669945,566.946311541993,right,1,0.8575352909974754,None,566.9469506250025,566.9625745419908,566.9625745419908,567.1426536249928,567.160000584001,567.160000584001,567.9471228750044,567.9265367089974,,,g,"001",2025-11-10_22h15.17.337,2nd exp,,2025.2.0,None,2025-11-10 22h15.17.419455 +0530,
She does not like apples,She does not like apples,repetition_related,right,192,0,12,right,1,0.4047457489941735,None,12,0,192,4,567.9471228750044,,,,,,,,,567.9418495839927,567.9605484170024,568.192669541997,568.2095072090015,568.3940099169995,568.3815240840049,568.5827303340047,568.5940762919927,568.6940435839933,568.6940435839933,568.6940435839933,569.1028002090025,right,1,0.4047457489941735,None,569.1033069169935,569.1189834590041,569.1189834590041,569.3031447090034,569.3109215419972,569.3109215419972,570.1169309590041,570.0950044170022,,,g,"001",2025-11-10_22h15.17.337,2nd exp,,2025.2.0,None,2025-11-10 22h15.17.419455 +0530,
The dog is barking loudly,The dog is barking loudly,repetition_related,right,193,1,12,right,1,0.8346359580027638,None,12,1,193,12,570.1169309590041,,,,,,,,,570.1104872089927,570.1169309590041,570.3533936250024,570.3611497090023,570.549579708997,570.549579708997,570.7439584169915,570.7508302499918,570.8438852919935,570.8510562919982,570.8510562919982,571.6962011249998,right,1,0.8346359580027638,None,571.6968338339939,571.7119654999988,571.7119654999988,571.8934505840007,571.9103224589926,571.9103224589926,572.6963095840038,572.6771928340022,,,g,"001",2025-11-10_22h15.17.337,2nd exp,,2025.2.0,None,2025-11-10 22h15.17.419455 +0530,
The boy can read fast,The read can boy fast,repetition_unrelated,left,194,2,12,left,1,0.571721415995853,None,12,2,194,1,572.6963095840038,,,,,,,,,572.6909200419905,572.7104753750027,572.9432475420035,572.9516037089925,573.1442335839965,573.131830458995,573.3327581249905,573.3439033750037,573.4322378340003,573.4438496670045,573.4438496670045,574.0191959999938,left,1,0.571721415995853,None,574.0197052919975,574.0323944169941,574.0323944169941,574.2188853340049,574.2267323749984,574.2267323749984,575.0220798749942,575.0021984589985,,,g,"001",2025-11-10_22h15.17.337,2nd exp,,2025.2.0,None,2025-11-10 22h15.17.419455 +0530,
She does not like apples,She like does apples not,transposition_unrelated,left,195,3,12,left,1,0.623688082996523,None,12,3,195,7,575.0220798749942,,,,,,,,,575.0161135840026,575.0437557499972,575.2697194170032,575.286784625001,575.4666076669964,575.4666076669964,575.6605616250017,575.6674408340041,575.7606543339934,575.767874083991,575.767874083991,576.3958167090022,left,1,0.623688082996523,None,576.3965198340011,576.4125887499977,576.4125887499977,576.5932290420023,576.6102516669926,576.6102516669926,577.3968619999941,577.3765393749927,,,g,"001",2025-11-10_22h15.17.337,2nd exp,,2025.2.0,None,2025-11-10 22h15.17.419455 +0530,
They have finished the work,They finished have the work,repetition_unrelated,left,196,4,12,left,1,0.519687125008204,None,12,4,196,9,577.3968619999941,,,,,,,,,577.3914556669915,577.410466041998,577.6425365839968,577.6598387089907,577.8439429999999,577.8309573750012,578.0327419169917,578.0439897500037,578.1321082089999,578.1438920420042,578.1438920420042,578.6692926249962,left,1,0.519687125008204,None,578.6698856669973,578.6822419169912,578.6822419169912,578.8698722090048,578.8780570840026,578.8780570840026,579.6820422500023,579.6607759170001,,,g,"001",2025-11-10_22h15.17.337,2nd exp,,2025.2.0,None,2025-11-10 22h15.17.419455 +0530,
The boy can read fast,The boy can read fast,transposition_related,right,197,5,12,right,1,0.5029826660029357,None,12,5,197,2,579.6820422500023,,,,,,,,,579.6754752919951,579.6820422500023,579.9198158749932,579.9275973339973,580.1166874170012,580.1166874170012,580.3109613339911,580.3180297090003,580.417780333999,580.417780333999,580.417780333999,580.9295746669959,right,1,0.5029826660029357,None,580.9302854589914,580.9450136249943,580.9450136249943,581.1266955000028,581.1436654169956,581.1436654169956,581.9302860000025,581.9103224169958,,,g,"001",2025-11-10_22h15.17.337,2nd exp,,2025.2.0,None,2025-11-10 22h15.17.419455 +0530,
The dog is barking loudly,The loudly is barking dog,repetition_unrelated,left,198,6,12,left,1,0.5719715829909546,None,12,6,198,13,581.9302860000025,,,,,,,,,581.9248606670008,581.9437128339923,582.1765540839988,582.1848956250033,582.377290666991,582.364363708999,582.5660481669911,582.5772797499958,582.665696666998,582.6774137500033,582.6774137500033,583.252776334004,left,1,0.5719715829909546,None,583.2532903340034,583.2669625419949,583.2669625419949,583.453301667003,583.4614748339955,583.4614748339955,584.2576499589923,584.2432220420014,,,g,"001",2025-11-10_22h15.17.337,2nd exp,,2025.2.0,None,2025-11-10 22h15.17.419455 +0530,
The dog is barking loudly,The barking dog loudly is,transposition_unrelated,left,199,7,12,left,1,0.7853231240005698,None,12,7,199,15,584.2576499589923,,,,,,,,,584.2515655419993,584.2576499589923,584.5021164589998,584.5021164589998,584.6998829999939,584.6998829999939,584.8938659999985,584.9007523750042,584.9937674590037,585.0009726249991,585.0009726249991,585.7960560420033,left,1,0.7853231240005698,None,585.7967166250019,585.8118953749945,585.8118953749945,585.9931255839911,586.0106309169933,586.0106309169933,586.7967417089967,586.7771694999974,,,g,"001",2025-11-10_22h15.17.337,2nd exp,,2025.2.0,None,2025-11-10 22h15.17.419455 +0530,
They have finished the work,They finished have the work,transposition_related,right,200,8,12,left,0,0.4525891240045894,None,12,8,200,10,586.7967417089967,,,,,,,,,586.7913695000025,586.8105372919963,587.0430931250012,587.0516756669967,587.2438192499976,587.2308270840003,587.4322371669987,587.4438443340041,587.5331015839911,587.543776416991,587.543776416991,588.002433333997,left,0,0.4525891240045894,None,588.0030117499991,588.0178809589997,588.0178809589997,588.2028740840033,588.2107235419971,588.2107235419971,589.0127304170019,588.9931019590003,,,g,"001",2025-11-10_22h15.17.337,2nd exp,,2025.2.0,None,2025-11-10 22h15.17.419455 +0530,
She does not like apples,She not does like apples,transposition_related,right,201,9,12,left,0,0.4465383749920875,None,12,9,201,6,589.0127304170019,,,,,,,,,589.0067039169953,589.0127304170019,589.2530085839971,589.2607244999963,589.4494557500002,589.4494557500002,589.6437667499995,589.650491249995,589.7437468749995,589.7507581669925,589.7507581669925,590.2021767499973,left,0,0.4465383749920875,None,590.2026712919906,590.215832959002,590.215832959002,590.4028606249922,590.4104874170007,590.4104874170007,591.2070777500048,591.1859350000013,,,g,"001",2025-11-10_22h15.17.337,2nd exp,,2025.2.0,None,2025-11-10 22h15.17.419455 +0530,
They have finished the work,They have finished the work,repetition_related,right,202,10,12,right,1,0.5334543329954613,None,12,10,202,8,591.2070777500048,,,,,,,,,591.2001600840013,591.2070777500048,591.4522629999992,591.4522629999992,591.6497316669993,591.6497316669993,591.8438102920045,591.8505242090032,591.9437566249981,591.9507866670028,591.9507866670028,592.4961453339929,right,1,0.5334543329954613,None,592.4967800000013,592.5117091249995,592.5117091249995,592.6932375000033,592.7104887500027,592.7104887500027,593.4944117089908,593.4765267500043,,,g,"001",2025-11-10_22h15.17.337,2nd exp,,2025.2.0,None,2025-11-10 22h15.17.419455 +0530,
The boy can read fast,The read can boy fast,transposition_unrelated,left,203,11,12,left,1,0.43537766599911265,None,12,11,203,3,593.4944117089908,,,,,,,,,593.4898136249976,593.5100274169963,593.7435201250046,593.7512471249938,593.9439435840031,593.9326402919978,594.1438702089945,594.1438702089945,594.2438375420024,594.2438375420024,594.2438375420024,594.685326833991,left,1,0.43537766599911265,None,594.6858186669997,594.699335458994,594.699335458994,594.8860557089938,594.893777499994,594.893777499994,595.691745959004,595.6763560840045,,,g,"001",2025-11-10_22h15.17.337,2nd exp,,2025.2.0,None,2025-11-10 22h15.17.419455 +0530,
The boy can read fast,The boy can read fast,repetition_related,right,204,12,12,right,1,0.6478350410034182,None,12,12,204,0,595.691745959004,,,,,,,,,595.6851206249994,595.691745959004,595.9355759589962,595.9355759589962,596.133147458997,596.133147458997,596.3271217500005,596.3338725420035,596.4270393750048,596.4353858749964,596.4353858749964,597.0854419590032,right,1,0.6478350410034182,None,597.0859245000029,597.1009382089978,597.1009382089978,597.2864087920025,597.2940902499977,597.2940902499977,598.0978637090011,598.0767393749993,,,g,"001",2025-11-10_22h15.17.337,2nd exp,,2025.2.0,None,2025-11-10 22h15.17.419455 +0530,
They have finished the work,They work the have finished,transposition_unrelated,left,205,13,12,left,1,0.6126339999900665,None,12,13,205,11,598.0978637090011,,,,,,,,,598.0918980419956,598.0978637090011,598.3364790839987,598.3438433339907,598.5338576249924,598.5338576249924,598.7271711249923,598.7338377089909,598.8271427500003,598.8344774169964,598.8344774169964,599.4520480840001,left,1,0.6126339999900665,None,599.4526103340031,599.4663913340046,599.4663913340046,599.6532675420021,599.6773427089938,599.6773427089938,600.463050624996,600.4433836249955,,,g,"001",2025-11-10_22h15.17.337,2nd exp,,2025.2.0,None,2025-11-10 22h15.17.419455 +0530,
She does not like apples,She not does like apples,repetition_unrelated,left,206,14,12,left,1,0.6488033329951577,None,12,14,206,5,600.463050624996,,,,,,,,,600.4570061249979,600.463050624996,600.7031609999976,600.7108273339982,600.9000523339928,600.9000523339928,601.1111285420047,601.1111285420047,601.2010930419929,601.2010930419929,601.2010930419929,601.8629452089954,left,1,0.6488033329951577,None,601.8637003750046,601.8786377920042,601.8786377920042,602.0598855839926,602.0768027500017,602.0768027500017,602.8624319590017,602.8434551669925,,,g,"001",2025-11-10_22h15.17.337,2nd exp,,2025.2.0,None,2025-11-10 22h15.17.419455 +0530,
The dog is barking loudly,The dog barking is loudly,transposition_related,right,207,15,12,right,1,0.6780001240113052,None,12,15,207,14,602.8624319590017,,,,,,,,,602.8570101249934,602.8770587089966,603.1091502920026,603.1259630839922,603.3109317499911,603.2966572500009,603.511440125003,603.5280069169967,603.6279223750025,603.6279223750025,603.6279223750025,604.3129073339951,right,1,0.6780001240113052,None,604.3134814999939,604.3295909589942,604.3295909589942,604.5097745419916,604.526691334002,604.526691334002,605.3122269589949,605.2929894169938,,,g,"001",2025-11-10_22h15.17.337,2nd exp,,2025.2.0,None,2025-11-10 22h15.17.419455 +0530,
The boy can read fast,The read can boy fast,transposition_unrelated,left,208,0,13,left,1,0.509555165990605,None,13,0,208,3,605.3122269589949,,,,,,,,,605.3069746249967,605.3271086669993,605.5598753340018,605.568205042,605.7606358339981,605.7484507089976,605.9492612089962,605.9604655419971,606.0492810419964,606.0603802090045,606.0603802090045,606.5793668749975,left,1,0.509555165990605,None,606.5799939589924,606.5949980839941,606.5949980839941,606.7762834589957,606.7932405419997,606.7932405419997,607.579664208999,607.5600716250046,,,g,"001",2025-11-10_22h15.17.337,2nd exp,,2025.2.0,None,2025-11-10 22h15.17.419455 +0530,
She does not like apples,She not does like apples,transposition_related,right,209,1,13,left,0,0.4937955829955172,None,13,1,209,6,607.579664208999,,,,,,,,,607.5744897499972,607.5938460000034,607.8264318339934,607.8348595839925,608.0273820000002,608.0151879589976,608.2155230839999,608.2270954169944,608.3270979590015,608.3270979590015,608.3270979590015,608.8294023749913,left,0,0.4937955829955172,None,608.8300669169985,608.8453171669971,608.8453171669971,609.0365747920005,609.0606539589935,609.0606539589935,609.8463311669911,609.8263999999908,,,g,"001",2025-11-10_22h15.17.337,2nd exp,,2025.2.0,None,2025-11-10 22h15.17.419455 +0530,
They have finished the work,They finished have the work,transposition_related,right,210,2,13,left,0,0.6097218330105534,None,13,2,210,10,609.8463311669911,,,,,,,,,609.8402109589952,609.8463311669911,610.0759884589934,610.0925049999933,610.2771872089943,610.2652591670048,610.4661693340022,610.4771907090035,610.5660939170048,610.5770689170022,610.5770689170022,611.195855041995,left,0,0.6097218330105534,None,611.1966119999997,611.2121351669921,611.2121351669921,611.3930770839943,611.4097745000036,611.4097745000036,612.1953034589969,612.1764034999942,,,g,"001",2025-11-10_22h15.17.337,2nd exp,,2025.2.0,None,2025-11-10 22h15.17.419455 +0530,
The dog is barking loudly,The barking dog loudly is,transposition_unrelated,left,211,3,13,right,0,0.5748528739932226,None,13,3,211,15,612.1953034589969,,,,,,,,,612.1898962089908,612.2104407919978,612.4430532919941,612.4515971670044,612.6438057089981,612.6310429589939,612.8328055419988,612.8438077500032,612.932073834003,612.9439028749912,612.9439028749912,613.5302752919961,right,0,0.5748528739932226,None,613.5309696250042,613.545676291993,613.545676291993,613.7259085419937,613.7431689170044,613.7431689170044,614.5294114589924,614.5097704170039,,,g,"001",2025-11-10_22h15.17.337,2nd exp,,2025.2.0,None,2025-11-10 22h15.17.419455 +0530,
They have finished the work,They have finished the work,repetition_related,right,212,4,13,right,1,0.5773637080128537,None,13,4,212,8,614.5294114589924,,,,,,,,,614.5236942089978,614.543640584001,614.7765368340042,614.7849515839916,614.9770753749908,614.9641383339913,615.1652793340036,615.1776089589985,615.265411542001,615.2772548339999,615.2772548339999,615.8625420419994,right,1,0.5773637080128537,None,615.8631794169924,615.8786355839984,615.8786355839984,616.0605142919958,616.0771381249942,616.0771381249942,616.8721419999929,616.851012375002,,,g,"001",2025-11-10_22h15.17.337,2nd exp,,2025.2.0,None,2025-11-10 22h15.17.419455 +0530,
The dog is barking loudly,The dog barking is loudly,transposition_related,right,213,5,13,left,0,1.0663105409912532,None,13,5,213,14,616.8721419999929,,,,,,,,,616.8652029590012,616.8721419999929,617.1096620839962,617.1181283750047,617.3106705419923,617.2979553339974,617.4986561669939,617.5105149589945,617.6000414589944,617.6092847499967,617.6092847499967,618.679438584004,left,0,1.0663105409912532,None,618.6800545839942,618.6951335839985,618.6951335839985,618.8762293750042,618.8924402089906,618.8924402089906,619.6758931670047,619.6596475839906,,,g,"001",2025-11-10_22h15.17.337,2nd exp,,2025.2.0,None,2025-11-10 22h15.17.419455 +0530,
The dog is barking loudly,The dog is barking loudly,repetition_related,right,214,6,13,left,0,0.6694677079940448,None,13,6,214,12,619.6758931670047,,,,,,,,,619.6703815420042,619.6810810419993,619.9257413339947,619.9257413339947,620.1273818339978,620.1152483750047,620.3155067089974,620.327207084003,620.4156443340034,620.4271295840008,620.4271295840008,621.102191041995,left,0,0.6694677079940448,None,621.1026971249958,621.1183329170017,621.1183329170017,621.3026160419977,621.3103447920003,621.3103447920003,622.1134022089973,622.0933546669985,,,g,"001",2025-11-10_22h15.17.337,2nd exp,,2025.2.0,None,2025-11-10 22h15.17.419455 +0530,
The boy can read fast,The boy can read fast,repetition_related,right,215,7,13,right,1,1.5637445820029825,None,13,7,215,0,622.1134022089973,,,,,,,,,622.1074151249923,622.1134022089973,622.3537101669936,622.3614382499945,622.5503542499937,622.5503542499937,622.7438925000024,622.750944458996,622.8437255839963,622.8507499169937,622.8507499169937,624.4188842919975,right,1,1.5637445820029825,None,624.4193720420008,624.432148042004,624.432148042004,624.6199323750043,624.6276552920026,624.6276552920026,625.4171711249946,625.4096175419982,,,g,"001",2025-11-10_22h15.17.337,2nd exp,,2025.2.0,None,2025-11-10 22h15.17.419455 +0530,
The boy can read fast,The boy can read fast,transposition_related,right,216,8,13,right,1,0.9332927079958608,None,13,8,216,2,625.4171711249946,,,,,,,,,625.410136874998,625.4171711249946,625.668963499993,625.6604938340024,625.8657672090048,625.8657672090048,626.0604404170008,626.0670970840001,626.1604825419927,626.1671159169928,626.1671159169928,627.1129886669951,right,1,0.9332927079958608,None,627.1136907920009,627.1292347089911,627.1292347089911,627.3091996250005,627.3263800419954,627.3263800419954,628.1124427089962,628.0929864589998,,,g,"001",2025-11-10_22h15.17.337,2nd exp,,2025.2.0,None,2025-11-10 22h15.17.419455 +0530,
She does not like apples,She not does like apples,repetition_unrelated,left,217,9,13,left,1,0.6959661239961861,None,13,9,217,5,628.1124427089962,,,,,,,,,628.1071997090039,628.1270815839962,628.3596338749921,628.3681765420042,628.5603529170039,628.5474105419999,628.7489722089958,628.7604165840021,628.8490383339958,628.8604818339954,628.8604818339954,629.5623467919941,left,1,0.6959661239961861,None,629.5629180419928,629.577721041991,629.577721041991,629.7591469170002,629.7757253339951,629.7757253339951,630.558545708991,630.5439364589984,,,g,"001",2025-11-10_22h15.17.337,2nd exp,,2025.2.0,None,2025-11-10 22h15.17.419455 +0530,
She does not like apples,She like does apples not,transposition_unrelated,left,218,10,13,left,1,0.5008108330075629,None,13,10,218,7,630.558545708991,,,,,,,,,630.5529936669918,630.5636968750041,630.8095663339918,630.8095663339918,631.0104649169953,630.9976763339946,631.1989677919919,631.2107541250007,631.2985547499993,631.3104106249957,631.3104106249957,631.8188994169905,left,1,0.5008108330075629,None,631.8194014589972,631.832566875004,631.832566875004,632.0196276249917,632.0282014999975,632.0282014999975,632.8298244589969,632.8105340839975,,,g,"001",2025-11-10_22h15.17.337,2nd exp,,2025.2.0,None,2025-11-10 22h15.17.419455 +0530,
They have finished the work,They finished have the work,repetition_unrelated,left,219,11,13,left,1,0.775423999002669,None,13,11,219,9,632.8298244589969,,,,,,,,,632.8227279169951,632.8298244589969,633.0696507919929,633.0769887499919,633.2661845419934,633.2661845419934,633.4603134999925,633.4669972919946,633.5604662919941,633.5678605419962,633.5678605419962,634.3458535840036,left,1,0.775423999002669,None,634.3464572919911,634.3616519589996,634.3616519589996,634.5424368749955,634.5600062500016,634.5600062500016,635.3468842500006,635.3267043749947,,,g,"001",2025-11-10_22h15.17.337,2nd exp,,2025.2.0,None,2025-11-10 22h15.17.419455 +0530,
The dog is barking loudly,The loudly is barking dog,repetition_unrelated,left,220,12,13,left,1,1.1305377910030074,None,13,12,220,13,635.3468842500006,,,,,,,,,635.341602208995,635.3603351249913,635.5930141249992,635.6015069589921,635.793707083998,635.7808413750026,635.9824046249996,635.9937214169913,636.0828052919969,636.0936222089949,636.0936222089949,637.2291184999922,left,1,1.1305377910030074,None,637.2296999590035,637.2449953339965,637.2449953339965,637.425803709004,637.443043124993,637.443043124993,638.2286097500037,638.2096807499911,,,g,"001",2025-11-10_22h15.17.337,2nd exp,,2025.2.0,None,2025-11-10 22h15.17.419455 +0530,
She does not like apples,She does not like apples,repetition_related,right,221,13,13,right,1,0.6402156659896718,None,13,13,221,4,638.2286097500037,,,,,,,,,638.223370666994,638.2435525420005,638.4765248750045,638.4848879999918,638.6772639589908,638.6640559590014,638.8660802919912,638.8772679590038,638.965935041997,638.9769901669933,638.9769901669933,639.6297433750005,right,1,0.6402156659896718,None,639.6304388339922,639.6451540839917,639.6451540839917,639.8256978749996,639.8431740840024,639.8431740840024,640.6307464589918,640.6100581670034,,,g,"001",2025-11-10_22h15.17.337,2nd exp,,2025.2.0,None,2025-11-10 22h15.17.419455 +0530,
The boy can read fast,The read can boy fast,repetition_unrelated,left,222,14,13,left,1,0.8060722079972038,None,13,14,222,1,640.6307464589918,,,,,,,,,640.6254256249958,640.643697624997,640.8763190839963,640.8846851249982,641.0770910839929,641.0641083340015,641.2655747919925,641.2771586669987,641.3655605840031,641.377010458993,641.377010458993,642.1858713340043,left,1,0.8060722079972038,None,642.1863761669956,642.1991217500035,642.1991217500035,642.386553999997,642.3939259170002,642.3939259170002,643.1979797919921,643.1764497499971,,,g,"001",2025-11-10_22h15.17.337,2nd exp,,2025.2.0,None,2025-11-10 22h15.17.419455 +0530,
They have finished the work,They work the have finished,transposition_unrelated,left,223,15,13,left,1,0.6097840820002602,None,13,15,223,11,643.1979797919921,,,,,,,,,643.1918494589918,643.1979797919921,643.4362542919989,643.4439513340039,643.6338640000031,643.6338640000031,643.8270877920004,643.8339620839979,643.9269568750024,643.934213917004,643.934213917004,644.5524374169909,left,1,0.6097840820002602,None,644.5530549999967,644.5663390839909,644.5663390839909,644.7519033749995,644.7597280839982,644.7597280839982,645.5569067920005,645.5352061669983,,,g,"001",2025-11-10_22h15.17.337,2nd exp,,2025.2.0,None,2025-11-10 22h15.17.419455 +0530,
The dog is barking loudly,The dog is barking loudly,repetition_related,right,224,0,14,right,1,0.8198903739976231,None,14,0,224,12,645.5569067920005,,,,,,,,,645.5508630419936,645.5614780839969,645.802833416994,645.8105832089932,645.9997144170047,645.9997144170047,646.1936709169968,646.2003101250011,646.2936940840009,646.301006291993,646.301006291993,647.129134584,right,1,0.8198903739976231,None,647.1298638750013,647.1452463339956,647.1452463339956,647.3264172499912,647.3432467499952,647.3432467499952,648.1290657499922,648.1096058340045,,,g,"001",2025-11-10_22h15.17.337,2nd exp,,2025.2.0,None,2025-11-10 22h15.17.419455 +0530,
She does not like apples,She not does like apples,repetition_unrelated,left,225,1,14,left,1,0.4579298739990918,None,14,1,225,5,648.1290657499922,,,,,,,,,648.1237989590009,648.1438489589927,648.3757974170003,648.3925867499929,648.5769958750025,648.5641724169982,648.7660527919943,648.7770842500031,648.865987541998,648.8769873339916,648.8769873339916,649.3462553749996,left,1,0.4579298739990918,None,649.3469579590019,649.362938249993,649.362938249993,649.5430215840024,649.5592667500023,649.5592667500023,650.3457522919925,650.3263227499992,,,g,"001",2025-11-10_22h15.17.337,2nd exp,,2025.2.0,None,2025-11-10 22h15.17.419455 +0530,
The dog is barking loudly,The dog barking is loudly,transposition_related,right,226,2,14,left,0,0.7970041660009883,None,14,2,226,14,650.3457522919925,,,,,,,,,650.3405883749947,650.3603639170033,650.5924190420046,650.6095439170022,650.7937607089989,650.7815181250044,650.9824512920022,650.9937608750042,651.0820077090029,651.0938310839992,651.0938310839992,651.8956918750046,left,0,0.7970041660009883,None,651.8962543749949,651.9114160419995,651.9114160419995,652.0933466669958,652.1102345840045,652.1102345840045,652.8993737499986,652.8842973749997,,,g,"001",2025-11-10_22h15.17.337,2nd exp,,2025.2.0,None,2025-11-10 22h15.17.419455 +0530,
The dog is barking loudly,The loudly is barking dog,repetition_unrelated,left,227,3,14,left,1,0.9911669159919256,None,14,3,227,13,652.8993737499986,,,,,,,,,652.8932212499931,652.8993737499986,653.1423208749911,653.1423208749911,653.3436842499941,653.3307172920031,653.5321004169964,653.5437099999981,653.6328165000014,653.6436156669952,653.6436156669952,654.646000875,left,1,0.9911669159919256,None,654.6466444169928,654.6614097089914,654.6614097089914,654.8433417920023,654.8600731250044,654.8600731250044,655.6455290419981,655.6266255419905,,,g,"001",2025-11-10_22h15.17.337,2nd exp,,2025.2.0,None,2025-11-10 22h15.17.419455 +0530,
They have finished the work,They finished have the work,repetition_unrelated,left,228,4,14,left,1,0.5579060829913942,None,14,4,228,9,655.6455290419981,,,,,,,,,655.6402379170031,655.6602158750029,655.8924274169985,655.9096179999906,656.0936947500013,656.0807045419933,656.2827011250047,656.2936361250031,656.3822643750027,656.3938182919956,656.3938182919956,656.9637532920024,left,1,0.5579060829913942,None,656.9643789590045,656.9803664170031,656.9803664170031,657.1779140839935,657.1945113340043,657.1945113340043,657.9777124590037,657.9610572919919,,,g,"001",2025-11-10_22h15.17.337,2nd exp,,2025.2.0,None,2025-11-10 22h15.17.419455 +0530,
They have finished the work,They have finished the work,repetition_related,right,229,5,14,right,1,0.6220206659927499,None,14,5,229,8,657.9777124590037,,,,,,,,,657.969684124997,657.9777124590037,658.2109775419958,658.2277971669973,658.4275630839984,658.4109826249914,658.6262677499908,658.609807959001,658.6987181250006,658.7106668749911,658.7106668749911,659.335571292002,right,1,0.6220206659927499,None,659.3360964169988,659.350672792003,659.350672792003,659.5363388749975,659.5444958750013,659.5444958750013,660.3473054170026,660.3270144589915,,,g,"001",2025-11-10_22h15.17.337,2nd exp,,2025.2.0,None,2025-11-10 22h15.17.419455 +0530,
She does not like apples,She not does like apples,transposition_related,right,230,6,14,left,0,1.3439377500035334,None,14,6,230,6,660.3473054170026,,,,,,,,,660.341080083992,660.3473054170026,660.5862247920013,660.594000541998,660.7837791670026,660.7837791670026,660.9770514169941,660.9841647089925,661.0774978339905,661.0856686250045,661.0856686250045,662.4352992499917,left,0,1.3439377500035334,None,662.4357961249916,662.4513193750026,662.4513193750026,662.634360875003,662.6430041249987,662.6430041249987,663.4385887919925,663.4182115000003,,,g,"001",2025-11-10_22h15.17.337,2nd exp,,2025.2.0,None,2025-11-10 22h15.17.419455 +0530,
The boy can read fast,The read can boy fast,repetition_unrelated,left,231,7,14,left,1,0.5426071249967208,None,14,7,231,1,663.4385887919925,,,,,,,,,663.4325234169955,663.4602688750019,663.6864682500018,663.7272483339912,663.8835142500029,663.8835142500029,664.0770379589958,664.0837015419966,664.1769273340033,664.1839297499973,664.1839297499973,664.7345928750001,left,1,0.5426071249967208,None,664.7350922500045,664.7498433750006,664.7498433750006,664.9361255419935,664.9439531249955,664.9439531249955,665.7487739589997,665.727093124995,,,g,"001",2025-11-10_22h15.17.337,2nd exp,,2025.2.0,None,2025-11-10 22h15.17.419455 +0530,
She does not like apples,She does not like apples,repetition_related,right,232,8,14,right,1,0.6151763319940073,None,14,8,232,4,665.7487739589997,,,,,,,,,665.7425451250019,665.7487739589997,665.9862622920045,665.9935775839986,666.1770229999966,666.1838984589995,666.3655517089937,666.3834572499909,666.4770115839929,666.4843073340016,666.4843073340016,667.102265124995,right,1,0.6151763319940073,None,667.1027717090037,667.1173216669995,667.1173216669995,667.302907624995,667.3106212499988,667.3106212499988,668.1132842919906,668.092901208991,,,g,"001",2025-11-10_22h15.17.337,2nd exp,,2025.2.0,None,2025-11-10 22h15.17.419455 +0530,
The boy can read fast,The boy can read fast,repetition_related,right,233,9,14,right,1,0.7283547910046764,None,14,9,233,0,668.1132842919906,,,,,,,,,668.1073021250049,668.1132842919906,668.3531159169943,668.3608153340028,668.5499869589985,668.5499869589985,668.7483392919967,668.7483392919967,668.8438436669967,668.8510850839957,668.8510850839957,669.5854277500039,right,1,0.7283547910046764,None,669.5859125839925,669.6006814589928,669.6006814589928,669.7862095000019,669.7925889589969,669.7925889589969,670.5924027919973,670.5767198340036,,,g,"001",2025-11-10_22h15.17.337,2nd exp,,2025.2.0,None,2025-11-10 22h15.17.419455 +0530,
The boy can read fast,The read can boy fast,transposition_unrelated,left,234,10,14,left,1,0.4533472079929197,None,14,10,234,3,670.5924027919973,,,,,,,,,670.5853782499908,670.5924027919973,670.8353557919909,670.8353557919909,671.0323369999969,671.0323369999969,671.2270181249914,671.2337020419945,671.3275987919915,671.344019333992,671.344019333992,671.801845791997,left,1,0.4533472079929197,None,671.8023319589993,671.8157221250003,671.8157221250003,672.0026754999999,672.0104317090008,672.0104317090008,672.8085717920039,672.7929480000021,,,g,"001",2025-11-10_22h15.17.337,2nd exp,,2025.2.0,None,2025-11-10 22h15.17.419455 +0530,
The boy can read fast,The boy can read fast,transposition_related,right,235,11,14,right,1,1.2040211659914348,None,14,11,235,2,672.8085717920039,,,,,,,,,672.8018077089946,672.8085717920039,673.0519323339977,673.0519323339977,673.2499525000021,673.2499525000021,673.4436391670024,673.4507703749987,673.543776874998,673.5512932919955,673.5512932919955,674.7623449169914,right,1,1.2040211659914348,None,674.7629438339936,674.7778087920015,674.7778087920015,674.9689220419968,674.9689220419968,674.9689220419968,675.7784866669972,675.7596373749984,,,g,"001",2025-11-10_22h15.17.337,2nd exp,,2025.2.0,None,2025-11-10 22h15.17.419455 +0530,
She does not like apples,She like does apples not,transposition_unrelated,left,236,12,14,left,1,0.6990906239952892,None,14,12,236,7,675.7784866669972,,,,,,,,,675.7726817499934,675.7784866669972,676.0096095000044,676.026245999994,676.210289249997,676.1973938339943,676.399231250005,676.4105011670035,676.4992058339994,676.5101633339946,676.5101633339946,677.212230249992,left,1,0.6990906239952892,None,677.212841458997,677.2281023749965,677.2281023749965,677.4098672499968,677.4265092499991,677.4265092499991,678.2124700839922,678.1929687499942,,,g,"001",2025-11-10_22h15.17.337,2nd exp,,2025.2.0,None,2025-11-10 22h15.17.419455 +0530,
The dog is barking loudly,The barking dog loudly is,transposition_unrelated,left,237,13,14,left,1,0.6557770820072619,None,14,13,237,15,678.2124700839922,,,,,,,,,678.2070708340034,678.2268720839929,678.4590291249915,678.4759045840037,678.6603555000038,678.6476444169966,678.8485490419989,678.8603797090036,678.9487579589913,678.9605032919935,678.9605032919935,679.6185022499994,left,1,0.6557770820072619,None,679.6189857499994,679.6342812090006,679.6342812090006,679.8194718750019,679.8272264589905,679.8272264589905,680.6311145420041,680.6098898339987,,,g,"001",2025-11-10_22h15.17.337,2nd exp,,2025.2.0,None,2025-11-10 22h15.17.419455 +0530,
They have finished the work,They work the have finished,transposition_unrelated,left,238,14,14,left,1,0.6272825000050943,None,14,14,238,11,680.6311145420041,,,,,,,,,680.6250448749925,680.6311145420041,680.8693978340016,680.8770147920004,681.066278333994,681.066278333994,681.2604029590002,681.2671424169966,681.3606482089963,681.3688974169927,681.3688974169927,682.0019462499913,left,1,0.6272825000050943,None,682.0024487499904,682.0181900839962,682.0181900839962,682.2028552499978,682.2105482089974,682.2105482089974,683.0091842090042,682.9933147919946,,,g,"001",2025-11-10_22h15.17.337,2nd exp,,2025.2.0,None,2025-11-10 22h15.17.419455 +0530,
They have finished the work,They finished have the work,transposition_related,right,239,15,14,left,0,0.5549494580045575,None,14,15,239,10,683.0091842090042,,,,,,,,,683.0027127089998,683.0091842090042,683.2516637499939,683.2516637499939,683.450620167001,683.443797874992,683.6436375839985,683.6505118749919,683.7509964999917,683.7509964999917,683.7509964999917,684.3123288749921,left,0,0.5549494580045575,None,684.3129404170031,684.3277713749994,684.3277713749994,684.5090063749958,684.5260991669929,684.5260991669929,685.3119510419929,685.2934438340017,,,g,"001",2025-11-10_22h15.17.337,2nd exp,,2025.2.0,None,2025-11-10 22h15.17.419455 +0530,
She does not like apples,She does not like apples,repetition_related,right,240,0,15,right,1,0.5165167079976527,None,15,0,240,4,685.3119510419929,,,,,,,,,685.3068057499913,685.326833166997,685.5589927919937,685.5756776249909,685.7603348749981,685.747317041998,685.9489109169954,685.9603996249934,686.0486476670048,686.060491917,686.060491917,686.5790864589944,right,1,0.5165167079976527,None,686.5797227500007,686.5949106670014,686.5949106670014,686.7768965839932,686.7926712089975,686.7926712089975,687.5805877499952,687.5673243339988,,,g,"001",2025-11-10_22h15.17.337,2nd exp,,2025.2.0,None,2025-11-10 22h15.17.419455 +0530,
She does not like apples,She like does apples not,transposition_unrelated,left,241,1,15,left,1,0.523945332999574,None,15,1,241,7,687.5805877499952,,,,,,,,,687.5749027919956,687.5805877499952,687.8256179169985,687.8256179169985,688.026959625,688.0141972919955,688.2158497920027,688.227035459,688.3153480000037,688.326911917,688.326911917,688.8628646249999,left,1,0.523945332999574,None,688.863563958992,688.8793535419973,688.8793535419973,689.0596696669963,689.0764279169962,689.0764279169962,689.8650658340048,689.8427587089973,,,g,"001",2025-11-10_22h15.17.337,2nd exp,,2025.2.0,None,2025-11-10 22h15.17.419455 +0530,
They have finished the work,They finished have the work,repetition_unrelated,left,242,2,15,left,1,0.5096928739949362,None,15,2,242,9,689.8650658340048,,,,,,,,,689.8589315419958,689.8650658340048,690.1090011670021,690.1090011670021,690.3103101250017,690.2975428339996,690.4991648750001,690.5102910839923,690.5989758749929,690.6102054170042,690.6102054170042,691.128916792004,left,1,0.5096928739949362,None,691.1293215839978,691.1442786249972,691.1442786249972,691.325554333991,691.3423017500027,691.3423017500027,692.130629584004,692.1096672919957,,,g,"001",2025-11-10_22h15.17.337,2nd exp,,2025.2.0,None,2025-11-10 22h15.17.419455 +0530,
The dog is barking loudly,The barking dog loudly is,transposition_unrelated,left,243,3,15,left,1,0.6864947080030106,None,15,3,243,15,692.130629584004,,,,,,,,,692.1251343339973,692.1434936250007,692.3761965419981,692.3845809589984,692.5770592920016,692.5641541249934,692.7655439590017,692.777032375001,692.8770917090005,692.8843903749948,692.8843903749948,693.578940249994,left,1,0.6864947080030106,None,693.5795614999952,693.5952507089969,693.5952507089969,693.7769342919928,693.7938584590011,693.7938584590011,694.5800130839925,694.5602272919932,,,g,"001",2025-11-10_22h15.17.337,2nd exp,,2025.2.0,None,2025-11-10 22h15.17.419455 +0530,
She does not like apples,She not does like apples,transposition_related,right,244,4,15,left,0,0.4288259580062004,None,15,4,244,6,694.5800130839925,,,,,,,,,694.5746205000032,694.593565749994,694.8261409169936,694.8344645420002,695.0270848749933,695.013858374994,695.2152760839963,695.2270014590031,695.3151690840023,695.3269762089913,695.3269762089913,695.7623619170045,left,0,0.4288259580062004,None,695.7629892090044,695.7784472089988,695.7784472089988,695.9590164999972,695.976332124992,695.976332124992,696.7627764589997,696.7428385419917,,,g,"001",2025-11-10_22h15.17.337,2nd exp,,2025.2.0,None,2025-11-10 22h15.17.419455 +0530,
The boy can read fast,The boy can read fast,transposition_related,right,245,5,15,right,1,0.5483988330088323,None,15,5,245,2,696.7627764589997,,,,,,,,,696.7574108749977,696.7767867499933,697.0095186669932,697.0181740839907,697.2104614589916,697.1973704169941,697.3987314590049,697.4104092920024,697.4985555419989,697.5103776250035,697.5103776250035,698.0623469999991,right,1,0.5483988330088323,None,698.0629647919995,698.0781162499916,698.0781162499916,698.263393250003,698.2770107499964,698.2770107499964,699.0655772500031,699.0509170000005,,,g,"001",2025-11-10_22h15.17.337,2nd exp,,2025.2.0,None,2025-11-10 22h15.17.419455 +0530,
The boy can read fast,The read can boy fast,repetition_unrelated,left,246,6,15,left,1,0.5724352069955785,None,15,6,246,1,699.0655772500031,,,,,,,,,699.0594134169951,699.0655772500031,699.3089931249997,699.3089931249997,699.510372417004,699.4973241669941,699.6991386250011,699.7103656669933,699.7987785419973,699.810311209003,699.810311209003,700.3858486669924,left,1,0.5724352069955785,None,700.3863640839991,700.3999689589982,700.3999689589982,700.586758874997,700.5945565839938,700.5945565839938,701.3955282090028,701.3762007500045,,,g,"001",2025-11-10_22h15.17.337,2nd exp,,2025.2.0,None,2025-11-10 22h15.17.419455 +0530,
She does not like apples,She not does like apples,repetition_unrelated,left,247,7,15,left,1,0.5881479999952717,None,15,7,247,5,701.3955282090028,,,,,,,,,701.3894580839988,701.3955282090028,701.636333167,701.6441349590023,701.8336658339977,701.8336658339977,702.027149667003,702.033815458999,702.1270401670045,702.1344344590034,702.1344344590034,702.7289797919948,left,1,0.5881479999952717,None,702.729490999991,702.7445495839929,702.7445495839929,702.9260977090016,702.943556083992,702.943556083992,703.730089167002,703.7097467499989,,,g,"001",2025-11-10_22h15.17.337,2nd exp,,2025.2.0,None,2025-11-10 22h15.17.419455 +0530,
The dog is barking loudly,The dog is barking loudly,repetition_related,right,248,8,15,right,1,0.580524915989372,None,15,8,248,12,703.730089167002,,,,,,,,,703.7240152500017,703.7434995840013,703.9758458750002,703.984130249999,704.1770939589915,704.1651597089949,704.3656598749949,704.3768987090007,704.465750125004,704.4770126249932,704.4770126249932,705.0621090420027,right,1,0.580524915989372,None,705.0627040419931,705.0779163749976,705.0779163749976,705.260244834004,705.2773442920006,705.2773442920006,706.059182500001,706.0432962089981,,,g,"001",2025-11-10_22h15.17.337,2nd exp,,2025.2.0,None,2025-11-10 22h15.17.419455 +0530,
The dog is barking loudly,The dog barking is loudly,transposition_related,right,249,9,15,right,1,0.891323124000337,None,15,9,249,14,706.059182500001,,,,,,,,,706.0536019589927,706.0649778749939,706.3094644999946,706.3094644999946,706.510410709001,706.4973421250033,706.6988201670029,706.710255375001,706.7991241249983,706.8101700839907,706.8101700839907,707.7125266670046,right,1,0.891323124000337,None,707.7131272090046,707.7293277089921,707.7293277089921,707.9094822500047,707.9256329170021,707.9256329170021,708.7137017920031,708.6936365000001,,,g,"001",2025-11-10_22h15.17.337,2nd exp,,2025.2.0,None,2025-11-10 22h15.17.419455 +0530,
They have finished the work,They work the have finished,transposition_unrelated,left,250,10,15,left,1,0.5594197909958893,None,15,10,250,11,708.7137017920031,,,,,,,,,708.7082579999988,708.7270732920006,708.9594668339996,708.9679254999937,709.1603144169931,709.1473607499938,709.348497250001,709.3603472090035,709.4602605419932,709.4602605419932,709.4602605419932,710.0291408749908,left,1,0.5594197909958893,None,710.0297750839964,710.0449607920018,710.0449607920018,710.225634167,710.2427532919974,710.2427532919974,711.0248744589917,711.0100794169994,,,g,"001",2025-11-10_22h15.17.337,2nd exp,,2025.2.0,None,2025-11-10 22h15.17.419455 +0530,
They have finished the work,They have finished the work,repetition_related,right,251,11,15,right,1,0.949563540998497,None,15,11,251,8,711.0248744589917,,,,,,,,,711.0193942500046,711.0304007499944,711.2755988339923,711.2755988339923,711.4773020419962,711.4654140839993,711.6658394169935,711.6769117499935,711.7654264169978,711.7768406669929,711.7768406669929,712.728834249996,right,1,0.949563540998497,None,712.7294189169916,712.7447620419989,712.7447620419989,712.9270538339915,712.9515467919991,712.9515467919991,713.7302065840049,713.7099931669945,,,g,"001",2025-11-10_22h15.17.337,2nd exp,,2025.2.0,None,2025-11-10 22h15.17.419455 +0530,
The boy can read fast,The read can boy fast,transposition_unrelated,left,252,12,15,left,1,0.5634324160055257,None,15,12,252,3,713.7302065840049,,,,,,,,,713.7243177089986,713.7434704170009,713.9762101669912,713.984814084004,714.1770164170011,714.163844499999,714.3653424170043,714.3769690420013,714.4659205839998,714.4768972500024,714.4768972500024,715.0454285419983,left,1,0.5634324160055257,None,715.0460817089916,715.0614882090013,715.0614882090013,715.2430025420035,715.2597816670022,715.2597816670022,716.0458740419999,716.026609624998,,,g,"001",2025-11-10_22h15.17.337,2nd exp,,2025.2.0,None,2025-11-10 22h15.17.419455 +0530,
They have finished the work,They finished have the work,transposition_related,right,253,13,15,left,0,0.5005847070133314,None,15,13,253,10,716.0458740419999,,,,,,,,,716.0405790420045,716.0602141669951,716.2928879999963,716.3013884999964,716.4938072499936,716.480588749997,716.6819074169907,716.6940029999969,716.782186958997,716.7936609169992,716.7936609169992,717.302487583991,left,0,0.5005847070133314,None,717.3031042090006,717.3173854170018,717.3173854170018,717.5020877920033,717.5099340000015,717.5099340000015,718.3145885839913,718.2932462089957,,,g,"001",2025-11-10_22h15.17.337,2nd exp,,2025.2.0,None,2025-11-10 22h15.17.419455 +0530,
The boy can read fast,The boy can read fast,repetition_related,right,254,14,15,right,1,0.5858912499970756,None,15,14,254,0,718.3145885839913,,,,,,,,,718.3084517499956,718.3145885839913,718.5529847089929,718.5607877089933,718.7505612919922,718.7505612919922,718.9435397089983,718.950282292004,719.043720458998,719.0512048340024,719.0512048340024,719.645818584002,right,1,0.5858912499970756,None,719.6464574589918,719.6616918749933,719.6616918749933,719.8427289169922,719.8595852919971,719.8595852919971,720.6460752499988,720.6263125419937,,,g,"001",2025-11-10_22h15.17.337,2nd exp,,2025.2.0,None,2025-11-10 22h15.17.419455 +0530,
The dog is barking loudly,The loudly is barking dog,repetition_unrelated,left,255,15,15,left,1,0.5870573739957763,None,15,15,255,13,720.6460752499988,,,,,,,,,720.6406557919981,720.6602886250039,720.8930292919977,720.9016649590048,721.1109792499919,721.0943647090025,721.3104972919973,721.2923029999947,721.3939752919978,721.4010539589945,721.4010539589945,721.9961097920022,left,1,0.5870573739957763,None,721.9967911249987,722.010600499998,722.010600499998,722.1923875840002,722.2091332919954,722.2091332919954,722.9942188749992,722.9761270839954,,,g,"001",2025-11-10_22h15.17.337,2nd exp,,2025.2.0,None,2025-11-10 22h15.17.419455 +0530,
The boy can read fast,The read can boy fast,repetition_unrelated,left,256,0,16,left,1,0.46541550000256393,None,16,0,256,1,722.9942188749992,,,,,,,,,722.989095375,723.0101875419932,723.2423569169914,723.2589090419933,723.4432612090022,723.4306790419942,723.632310874993,723.6435650420026,723.7321981249988,723.7436326669995,723.7436326669995,724.2125357500045,left,1,0.46541550000256393,None,724.2131857499917,724.2274330420041,724.2274330420041,724.4096631249995,724.4262280419935,724.4262280419935,725.212888583992,725.1933665419929,,,g,"001",2025-11-10_22h15.17.337,2nd exp,,2025.2.0,None,2025-11-10 22h15.17.419455 +0530,
She does not like apples,She not does like apples,transposition_related,right,257,1,16,left,0,1.1807817070075544,None,16,1,257,6,725.212888583992,,,,,,,,,725.2077706669952,725.2268357089924,725.459679541993,725.4678009589989,725.6601639169967,725.6479664170038,725.8487390840019,725.8602063339931,725.9488326669962,725.9602844170004,725.9602844170004,727.1455957089929,left,0,1.1807817070075544,None,727.1461996669968,727.1612854589912,727.1612854589912,727.3430810839927,727.3602636249998,727.3602636249998,728.132267708992,728.1264479590027,,,g,"001",2025-11-10_22h15.17.337,2nd exp,,2025.2.0,None,2025-11-10 22h15.17.419455 +0530,
She does not like apples,She not does like apples,repetition_unrelated,left,258,2,16,left,1,0.7939965409896104,None,16,2,258,5,728.132267708992,,,,,,,,,728.1270010839944,728.1435305839987,728.3924336249911,728.3818866670044,728.593555917003,728.5816063340026,728.7921048339922,728.7921048339922,728.8812982919917,728.8929763339984,728.8929763339984,729.6956577919918,left,1,0.7939965409896104,None,729.6963081669965,729.7115250420029,729.7115250420029,729.8933068339975,729.9104492920014,729.9104492920014,730.6962975839997,730.6767177500005,,,g,"001",2025-11-10_22h15.17.337,2nd exp,,2025.2.0,None,2025-11-10 22h15.17.419455 +0530,
The boy can read fast,The boy can read fast,transposition_related,right,259,3,16,right,1,0.6573482909880113,None,16,3,259,2,730.6962975839997,,,,,,,,,730.6908923750016,730.7102976669994,730.9432991249923,730.9518591669912,731.1418768339936,731.1418768339936,731.3321097089938,731.3437195839942,731.4324390419933,731.4425735419936,731.4425735419936,732.1020731669996,right,1,0.6573482909880113,None,732.1025647089991,732.1177043339994,732.1177043339994,732.3025374169956,732.3106452089996,732.3106452089996,733.1146532919956,733.0934812499909,,,g,"001",2025-11-10_22h15.17.337,2nd exp,,2025.2.0,None,2025-11-10 22h15.17.419455 +0530,
She does not like apples,She does not like apples,repetition_related,right,260,4,16,right,1,1.3839216659980593,None,16,4,260,4,733.1146532919956,,,,,,,,,733.1085495839943,733.1146532919956,733.352744333999,733.3605992090015,733.5496894169919,733.5496894169919,733.7436040419998,733.7504854169965,733.8437280840008,733.8509673749941,733.8509673749941,735.2464312499942,right,1,1.3839216659980593,None,735.2470575000043,735.2622345839918,735.2622345839918,735.4535409999953,735.4770974589919,735.4770974589919,736.264793209004,736.2428907499998,,,g,"001",2025-11-10_22h15.17.337,2nd exp,,2025.2.0,None,2025-11-10 22h15.17.419455 +0530,
The dog is barking loudly,The dog is barking loudly,repetition_related,right,261,5,16,right,1,1.1633460830053082,None,16,5,261,12,736.264793209004,,,,,,,,,736.2588151249947,736.264793209004,736.4928048750007,736.5096327089996,736.6935832089948,736.6819026669982,736.882413083993,736.8935984589916,736.9823332090018,736.993406499998,736.993406499998,738.1624434169935,right,1,1.1633460830053082,None,738.1630799999984,738.177743334003,738.177743334003,738.359743708992,738.3768835840019,738.3768835840019,739.1580034999934,739.1434179170028,,,g,"001",2025-11-10_22h15.17.337,2nd exp,,2025.2.0,None,2025-11-10 22h15.17.419455 +0530,
The dog is barking loudly,The loudly is barking dog,repetition_unrelated,left,262,6,16,left,1,0.7664147909963503,None,16,6,262,13,739.1580034999934,,,,,,,,,739.152475291994,739.1635743749939,739.4089084589941,739.4089084589941,739.6102657919982,739.5974654589954,739.7992350419954,739.810180667002,739.8991236669972,739.9102062089951,739.9102062089951,740.6790931249998,left,1,0.7664147909963503,None,740.6797024169937,740.6946934169973,740.6946934169973,740.8764337500033,740.893577416995,740.893577416995,741.6778957920033,741.6600555420009,,,g,"001",2025-11-10_22h15.17.337,2nd exp,,2025.2.0,None,2025-11-10 22h15.17.419455 +0530,
She does not like apples,She like does apples not,transposition_unrelated,left,263,7,16,left,1,0.5818066240026383,None,16,7,263,7,741.6778957920033,,,,,,,,,741.6725948340027,741.6934535000037,741.9261747499986,741.9345918750041,742.1269697090029,742.1140157089976,742.3164657919988,742.3266664590046,742.4156235419941,742.426894749995,742.426894749995,743.0121523339913,left,1,0.5818066240026383,None,743.0127607089962,743.0286619590042,743.0286619590042,743.2096493339923,743.2266663749906,743.2266663749906,744.0119800840039,743.9928760839975,,,g,"001",2025-11-10_22h15.17.337,2nd exp,,2025.2.0,None,2025-11-10 22h15.17.419455 +0530,
The boy can read fast,The read can boy fast,transposition_unrelated,left,264,8,16,left,1,0.5543225409928709,None,16,8,264,3,744.0119800840039,,,,,,,,,744.0068362089951,744.0268475000048,744.2594966670003,744.2679465840047,744.4603270420048,744.4471369999956,744.6488781249936,744.6601637499989,744.748735000001,744.760266583995,744.760266583995,745.318319500002,left,1,0.5543225409928709,None,745.3188014589978,745.334321916991,745.334321916991,745.5184001250018,745.526311374997,745.526311374997,746.3236959589995,746.3016769999958,,,g,"001",2025-11-10_22h15.17.337,2nd exp,,2025.2.0,None,2025-11-10 22h15.17.419455 +0530,
They have finished the work,They finished have the work,transposition_related,right,265,9,16,left,0,0.880665457007126,None,16,9,265,10,746.3236959589995,,,,,,,,,746.3166502919921,746.3236959589995,746.5687814999983,746.5687814999983,746.7605559590011,746.7665532090032,746.948689124998,746.9667064169917,747.0604669169988,747.0678533750033,747.0678533750033,747.9521487919992,left,0,0.880665457007126,None,747.9526705839962,747.9675313339976,747.9675313339976,748.1528099169955,748.1607544589933,748.1607544589933,748.9632025419996,748.9428301669977,,,g,"001",2025-11-10_22h15.17.337,2nd exp,,2025.2.0,None,2025-11-10 22h15.17.419455 +0530,
The boy can read fast,The boy can read fast,repetition_related,right,266,10,16,right,1,0.7000419160031015,None,16,10,266,0,748.9632025419996,,,,,,,,,748.956903333994,748.9632025419996,749.2029414589924,749.2107564589969,749.4002860420005,749.4002860420005,749.5934800419927,749.6002063339984,749.6940866249934,749.7103379170003,749.7103379170003,750.4188254589972,right,1,0.7000419160031015,None,750.419448583998,750.4338094169943,750.4338094169943,750.6190347499942,750.6269314590027,750.6269314590027,751.4305369590002,751.4101842919918,,,g,"001",2025-11-10_22h15.17.337,2nd exp,,2025.2.0,None,2025-11-10 22h15.17.419455 +0530,
They have finished the work,They finished have the work,repetition_unrelated,left,267,11,16,left,1,0.4468328329967335,None,16,11,267,9,751.4305369590002,,,,,,,,,751.4246541250031,751.4305369590002,751.6699310840049,751.6936460419965,751.8662464170047,751.8662464170047,752.0602120419935,752.0672686670005,752.159236749998,752.1666200839973,752.1666200839973,752.6186886670039,left,1,0.4468328329967335,None,752.619198542001,752.6324589169963,752.6324589169963,752.8195097499993,752.8271878749947,752.8271878749947,753.6261551249918,753.6099987499911,,,g,"001",2025-11-10_22h15.17.337,2nd exp,,2025.2.0,None,2025-11-10 22h15.17.419455 +0530,
They have finished the work,They work the have finished,transposition_unrelated,left,268,12,16,left,1,0.6347065410081996,None,16,12,268,11,753.6261551249918,,,,,,,,,753.6196280000004,753.6261551249918,753.8687274169934,753.8687274169934,754.0662849590008,754.0662849590008,754.2606843749963,754.2701096249948,754.3675904589909,754.3675904589909,754.3675904589909,755.0125568749936,left,1,0.6347065410081996,None,755.013179667003,755.0280032919982,755.0280032919982,755.2091977919918,755.2254883749993,755.2254883749993,756.0073224590014,755.9928804590018,,,g,"001",2025-11-10_22h15.17.337,2nd exp,,2025.2.0,None,2025-11-10 22h15.17.419455 +0530,
They have finished the work,They have finished the work,repetition_related,right,269,13,16,right,1,0.7151535409939243,None,16,13,269,8,756.0073224590014,,,,,,,,,756.0019416669966,756.0124483749969,756.2594131249934,756.2594131249934,756.460248916992,756.4473264999979,756.660514749994,756.660514749994,756.7491584169911,756.7602044999949,756.7602044999949,757.4789964590018,right,1,0.7151535409939243,None,757.4796294999978,757.4944629590027,757.4944629590027,757.6760422919906,757.6940021670016,757.6940021670016,758.480085874995,758.4596295419906,,,g,"001",2025-11-10_22h15.17.337,2nd exp,,2025.2.0,None,2025-11-10 22h15.17.419455 +0530,
The dog is barking loudly,The dog barking is loudly,transposition_related,right,270,14,16,left,0,0.7642936240008567,None,16,14,270,14,758.480085874995,,,,,,,,,758.474503999998,758.4934471250017,758.726297250003,758.7350010840019,758.9269723339967,758.9149377499998,759.1157242920017,759.1269566249975,759.2268982090027,759.2268982090027,759.2268982090027,759.995694666999,left,0,0.7642936240008567,None,759.9963184999942,760.0116303749965,760.0116303749965,760.1923087089963,760.2094866249972,760.2094866249972,760.9935603339982,760.9765044169908,,,g,"001",2025-11-10_22h15.17.337,2nd exp,,2025.2.0,None,2025-11-10 22h15.17.419455 +0530,
The dog is barking loudly,The barking dog loudly is,transposition_unrelated,left,271,15,16,left,1,0.7127657489909325,None,16,15,271,15,760.9935603339982,,,,,,,,,760.9881542920048,761.0102164999989,761.2428421249933,761.2510935000028,761.4435136249958,761.4313582920004,761.6319576249953,761.6435811669944,761.7319412090001,761.7434404590022,761.7434404590022,762.4621809590026,left,1,0.7127657489909325,None,762.462801458998,762.4783155420009,762.4783155420009,762.658827709005,762.6767874590005,762.6767874590005,763.4572721250006,763.442824999991,,,g,"001",2025-11-10_22h15.17.337,2nd exp,,2025.2.0,None,2025-11-10 22h15.17.419455 +0530,
The dog is barking loudly,The loudly is barking dog,repetition_unrelated,left,272,0,17,left,1,1.0389429570059292,None,17,0,272,13,763.4572721250006,,,,,,,,,763.4518242499908,763.4623562089982,763.7088597919937,763.7088597919937,763.9102221670037,763.8978018339985,764.0987828340003,764.1102281249914,764.2101217500021,764.2101217500021,764.2101217500021,765.251736834005,left,1,1.0389429570059292,None,765.2522380839946,765.2654677919927,765.2654677919927,765.4529057920008,765.4606120419921,765.4606120419921,766.2586172919982,766.24281625,,,g,"001",2025-11-10_22h15.17.337,2nd exp,,2025.2.0,None,2025-11-10 22h15.17.419455 +0530,
The dog is barking loudly,The dog barking is loudly,transposition_related,right,273,1,17,left,0,1.4323725830035983,None,17,1,273,14,766.2586172919982,,,,,,,,,766.2520682089962,766.2586172919982,766.5017285840004,766.5017285840004,766.7000739170035,766.7000739170035,766.8935292919923,766.900335458995,766.9935573749972,767.0006326250004,767.0006326250004,768.4350271669973,left,0,1.4323725830035983,None,768.4355199999991,768.4503566670028,768.4503566670028,768.635288541991,768.6434110419941,768.6434110419941,769.4381196250033,769.4181562089943,,,g,"001",2025-11-10_22h15.17.337,2nd exp,,2025.2.0,None,2025-11-10 22h15.17.419455 +0530,
She does not like apples,She like does apples not,transposition_unrelated,left,274,2,17,left,1,0.6310319159965729,None,17,2,274,7,769.4381196250033,,,,,,,,,769.4311375419929,769.4381196250033,769.6850230839918,769.6850230839918,769.8832586249919,769.8832586249919,770.0769205840043,770.083625291998,770.1768670419988,770.1840609999927,770.1840609999927,770.8188403340027,left,1,0.6310319159965729,None,770.8194254589907,770.8331499589985,770.8331499589985,771.019398000004,771.0272750000004,771.0272750000004,771.8297120420029,771.8094894169917,,,g,"001",2025-11-10_22h15.17.337,2nd exp,,2025.2.0,None,2025-11-10 22h15.17.419455 +0530,
They have finished the work,They finished have the work,repetition_unrelated,left,275,3,17,left,1,1.2083433739899192,None,17,3,275,9,771.8297120420029,,,,,,,,,771.8237258339941,771.8297120420029,772.0695343749976,772.0773086249974,772.2667289590026,772.2667289590026,772.4601856249938,772.4670653339999,772.5602598340047,772.5675289999926,772.5675289999926,773.7790558339912,left,1,1.2083433739899192,None,773.7797021669976,773.7946929169993,773.7946929169993,773.9763523750007,773.9940329590027,773.9940329590027,774.7795125419943,774.7600346249965,,,g,"001",2025-11-10_22h15.17.337,2nd exp,,2025.2.0,None,2025-11-10 22h15.17.419455 +0530,
She does not like apples,She not does like apples,transposition_related,right,276,4,17,left,0,0.593172291002702,None,17,4,276,6,774.7795125419943,,,,,,,,,774.7742699170049,774.793532249998,775.0256159589917,775.0428026669979,775.2267988340027,775.2147881669953,775.4157386250008,775.4267355839984,775.5153535839927,775.5266916249966,775.5266916249966,776.1287040839961,left,0,0.593172291002702,None,776.1293935419963,776.1450735840044,776.1450735840044,776.3262812920002,776.343881541994,776.343881541994,777.1283308339916,777.1095301250025,,,g,"001",2025-11-10_22h15.17.337,2nd exp,,2025.2.0,None,2025-11-10 22h15.17.419455 +0530,
They have finished the work,They finished have the work,transposition_related,right,277,5,17,left,0,0.8869942079909379,None,17,5,277,10,777.1283308339916,,,,,,,,,777.1232410419907,777.1433533749951,777.3762237499905,777.3845594589948,777.5770631249907,777.5647547499975,777.7656432499934,777.776811417003,777.8653610420006,777.8768480839935,777.8768480839935,778.7685262500017,left,0,0.8869942079909379,None,778.7690000419971,778.7838431669952,778.7838431669952,778.969497291997,778.9777011249971,778.9777011249971,779.7794862919982,779.7601472499955,,,g,"001",2025-11-10_22h15.17.337,2nd exp,,2025.2.0,None,2025-11-10 22h15.17.419455 +0530,
The boy can read fast,The boy can read fast,repetition_related,right,278,6,17,right,1,0.5663425829989137,None,17,6,278,0,779.7794862919982,,,,,,,,,779.7733604169916,779.7794862919982,780.0194486669934,780.0276983749936,780.2172138750029,780.2172138750029,780.4102192919963,780.4169502500008,780.5101929999946,780.5173842920049,780.5173842920049,781.0955440840044,right,1,0.5663425829989137,None,781.0961764999956,781.1124782499974,781.1124782499974,781.2927117090003,781.3099233749963,781.3099233749963,782.0961247919913,782.0767064999964,,,g,"001",2025-11-10_22h15.17.337,2nd exp,,2025.2.0,None,2025-11-10 22h15.17.419455 +0530,
The dog is barking loudly,The barking dog loudly is,transposition_unrelated,left,279,7,17,left,1,1.4052115000085905,None,17,7,279,15,782.0961247919913,,,,,,,,,782.0908530000015,782.1099976669939,782.3427752919961,782.350980749994,782.543591499998,782.5316615000047,782.7323997089989,782.7420663749945,782.8317759589991,782.8434852089995,782.8434852089995,784.2522955000022,left,1,1.4052115000085905,None,784.2528792090015,784.267225167001,784.267225167001,784.4603054170002,784.4686246670026,784.4686246670026,785.2591407089931,785.2434335839935,,,g,"001",2025-11-10_22h15.17.337,2nd exp,,2025.2.0,None,2025-11-10 22h15.17.419455 +0530,
The dog is barking loudly,The dog is barking loudly,repetition_related,right,280,8,17,right,1,1.0476620409899624,None,17,8,280,12,785.2591407089931,,,,,,,,,785.2527706669935,785.2591407089931,785.4995571250038,785.4995571250038,785.7004964170046,785.693495583997,785.8940131669951,785.9014234170027,785.9939822089946,786.0021618750034,786.0021618750034,787.0517994590045,right,1,1.0476620409899624,None,787.0522974589985,787.0659527090029,787.0659527090029,787.2532982919947,787.2611752090015,787.2611752090015,788.0624214169948,788.0427192499919,,,g,"001",2025-11-10_22h15.17.337,2nd exp,,2025.2.0,None,2025-11-10 22h15.17.419455 +0530,
She does not like apples,She not does like apples,repetition_unrelated,left,281,9,17,left,1,1.2739001659938367,None,17,9,281,5,788.0624214169948,,,,,,,,,788.0565898339992,788.0624214169948,788.3025883749942,788.3103696670005,788.5000902920001,788.5000902920001,788.6935010839952,788.7005243750027,788.7934313750011,788.8006290000048,788.8006290000048,790.0788139590004,left,1,1.2739001659938367,None,790.079434542,790.0949520419963,790.0949520419963,790.2759875000047,790.2928076249955,790.2928076249955,791.0803158339986,791.0598205839924,,,g,"001",2025-11-10_22h15.17.337,2nd exp,,2025.2.0,None,2025-11-10 22h15.17.419455 +0530,
They have finished the work,They have finished the work,repetition_related,right,282,10,17,right,1,0.9181009160092799,None,17,10,282,8,791.0803158339986,,,,,,,,,791.0749642500014,791.0933152499929,791.3262127920025,791.3345385419962,791.527207334002,791.513868708993,791.7155518749933,791.7269072920026,791.8154204169987,791.8269256249914,791.8269256249914,792.7523647920025,right,1,0.9181009160092799,None,792.7530054169911,792.7671143750049,792.7671143750049,792.9532246669987,792.9611892090034,792.9611892090034,793.764936416992,793.7433850419911,,,g,"001",2025-11-10_22h15.17.337,2nd exp,,2025.2.0,None,2025-11-10 22h15.17.419455 +0530,
She does not like apples,She does not like apples,repetition_related,right,283,11,17,left,0,0.472717916010879,None,17,11,283,4,793.764936416992,,,,,,,,,793.7587097499927,793.764936416992,794.0026854169992,794.0104176669993,794.1998530419951,794.1998530419951,794.3936205420032,794.4005071249994,794.4934420420032,794.500686333995,794.500686333995,794.9789671670005,left,0,0.472717916010879,None,794.9796099999949,794.9953094999946,794.9953094999946,795.1757390419953,795.1930452919914,795.1930452919914,795.9790492920001,795.9597229999927,,,g,"001",2025-11-10_22h15.17.337,2nd exp,,2025.2.0,None,2025-11-10 22h15.17.419455 +0530,
The boy can read fast,The read can boy fast,repetition_unrelated,left,284,12,17,left,1,1.222107623994816,None,17,12,284,1,795.9790492920001,,,,,,,,,795.9737644999987,795.9932657919999,796.2260455420037,796.2345852919971,796.4271660840022,796.4147948750033,796.6154582089948,796.6267936670047,796.7155879589991,796.7262878750043,796.7262878750043,797.9519817919936,left,1,1.222107623994816,None,797.952491834003,797.9663465420017,797.9663465420017,798.1531048750039,798.1613031669986,798.1613031669986,798.9505110839964,798.9432425419946,,,g,"001",2025-11-10_22h15.17.337,2nd exp,,2025.2.0,None,2025-11-10 22h15.17.419455 +0530,
The boy can read fast,The read can boy fast,transposition_unrelated,left,285,13,17,left,1,0.955159500008449,None,17,13,285,3,798.9505110839964,,,,,,,,,798.9437758749991,798.9505110839964,799.2019226669945,799.1935203339963,799.3997244170023,799.3997244170023,799.5934628340037,799.6003313340043,799.6935347919934,799.7001429999946,799.7001429999946,800.662324459001,left,1,0.955159500008449,None,800.6629733750015,800.677751833995,800.677751833995,800.859200167004,800.8759672919987,800.8759672919987,801.6572504590004,801.6431049999956,,,g,"001",2025-11-10_22h15.17.337,2nd exp,,2025.2.0,None,2025-11-10 22h15.17.419455 +0530,
The boy can read fast,The boy can read fast,transposition_related,right,286,14,17,right,1,0.5539498329890193,None,17,14,286,2,801.6572504590004,,,,,,,,,801.6517469590035,801.6633674589975,801.9094315840048,801.9094315840048,802.1102001249965,802.0981872499979,802.2989232499967,802.310171249992,802.398617874991,802.4101270840038,802.4101270840038,802.9684009170014,right,1,0.5539498329890193,None,802.9688928749965,802.9841637920035,802.9841637920035,803.1694909170037,803.1772375419969,803.1772375419969,803.9810249589937,803.9601447500027,,,g,"001",2025-11-10_22h15.17.337,2nd exp,,2025.2.0,None,2025-11-10 22h15.17.419455 +0530,
They have finished the work,They work the have finished,transposition_unrelated,left,287,15,17,left,1,0.7026926249964163,None,17,15,287,11,803.9810249589937,,,,,,,,,803.9749706669973,803.9810249589937,804.2192947919975,804.2271873339923,804.4103671249904,804.4161554169987,804.5988326670049,804.6167571249971,804.7101524589962,804.7174634590046,804.7174634590046,805.4291336250026,left,1,0.7026926249964163,None,805.4298097089923,805.4451628749957,805.4451628749957,805.6259679590003,805.642615083998,805.642615083998,806.4270575419941,806.409954458999,,,g,"001",2025-11-10_22h15.17.337,2nd exp,,2025.2.0,None,2025-11-10 22h15.17.419455 +0530,
They have finished the work,They finished have the work,repetition_unrelated,left,288,0,18,left,1,0.72733787400648,None,18,0,288,9,806.4270575419941,,,,,,,,,806.4209215839946,806.443476083994,806.6765064170031,806.6848542499938,806.876948124991,806.8649671250023,807.0657509169978,807.076820125003,807.1652375839913,807.1769047089911,807.1769047089911,807.9121596670011,left,1,0.72733787400648,None,807.9127976669988,807.9280616250035,807.9280616250035,808.1095549169986,808.127261333997,808.127261333997,808.9133304589923,808.8934206249978,,,g,"001",2025-11-10_22h15.17.337,2nd exp,,2025.2.0,None,2025-11-10 22h15.17.419455 +0530,
She does not like apples,She not does like apples,transposition_related,right,289,1,18,left,0,0.8945587490015896,None,18,1,289,6,808.9133304589923,,,,,,,,,808.9080332919984,808.9266162089916,809.1593524170021,809.1678398749937,809.3601052089944,809.3471447089978,809.5488299169956,809.5601286669989,809.6481238339911,809.659584708992,809.659584708992,810.562321874997,left,0,0.8945587490015896,None,810.5630168339994,810.5781677499908,810.5781677499908,810.7593316669954,810.7770593750029,810.7770593750029,811.5618316670007,811.5427623339929,,,g,"001",2025-11-10_22h15.17.337,2nd exp,,2025.2.0,None,2025-11-10 22h15.17.419455 +0530,
The boy can read fast,The boy can read fast,transposition_related,right,290,2,18,right,1,0.7929088749951916,None,18,2,290,2,811.5618316670007,,,,,,,,,811.5565175419906,811.5767266250041,811.8094419169938,811.8178642499988,812.010210124994,811.9980266670027,812.1985922919994,812.2100239169959,812.2988974589971,812.3101142919913,812.3101142919913,813.1120212499955,right,1,0.7929088749951916,None,813.1124391670019,813.1274573339906,813.1274573339906,813.3096133340005,813.3272076669964,813.3272076669964,814.1121240420034,814.0932225419965,,,g,"001",2025-11-10_22h15.17.337,2nd exp,,2025.2.0,None,2025-11-10 22h15.17.419455 +0530,
The dog is barking loudly,The loudly is barking dog,repetition_unrelated,left,291,3,18,right,0,0.818236875013099,None,18,3,291,13,814.1121240420034,,,,,,,,,814.106847624993,814.1266354590043,814.3594614589965,814.3678080840036,814.5601979170024,814.5480576249975,814.7489071669988,814.7600404169934,814.8608860840031,814.8776619169948,814.8776619169948,815.7020219169935,right,0,0.818236875013099,None,815.7025741249963,815.7156595419947,815.7156595419947,815.9026825420005,815.9094752090023,815.9094752090023,816.7132328750013,816.6930014590034,,,g,"001",2025-11-10_22h15.17.337,2nd exp,,2025.2.0,None,2025-11-10 22h15.17.419455 +0530,
The boy can read fast,The read can boy fast,repetition_unrelated,left,292,4,18,left,1,0.919474333000835,None,18,4,292,1,816.7132328750013,,,,,,,,,816.7072058749909,816.7132328750013,816.9530874170014,816.960837791994,817.1500169170031,817.1500169170031,817.3433985419979,817.3505483749905,817.4433587919921,817.450366709003,817.450366709003,818.3792014170031,left,1,0.919474333000835,None,818.3799299999955,818.3944639169931,818.3944639169931,818.5761145839933,818.5929610839958,818.5929610839958,819.3797060420038,819.3600404589961,,,g,"001",2025-11-10_22h15.17.337,2nd exp,,2025.2.0,None,2025-11-10 22h15.17.419455 +0530,
She does not like apples,She not does like apples,repetition_unrelated,left,293,5,18,left,1,0.7999950829980662,None,18,5,293,5,819.3797060420038,,,,,,,,,819.374184500004,819.3932091669994,819.6260716249963,819.634374041998,819.8267507499986,819.8150250420003,820.0155202500027,820.0267957920005,820.1148643339984,820.1268633750005,820.1268633750005,820.9355922499963,left,1,0.7999950829980662,None,820.9362445839943,820.9494542920002,820.9494542920002,821.1362282500049,821.1440073339909,821.1440073339909,821.9465432919969,821.9268494589924,,,g,"001",2025-11-10_22h15.17.337,2nd exp,,2025.2.0,None,2025-11-10 22h15.17.419455 +0530,
The dog is barking loudly,The barking dog loudly is,transposition_unrelated,left,294,6,18,left,1,1.0468356659985147,None,18,6,294,15,821.9465432919969,,,,,,,,,821.9403224999987,821.9465432919969,822.1858862499939,822.1941355839954,822.382828834001,822.382828834001,822.5766794999945,822.5833922919992,822.6766772919946,822.6839061249921,822.6839061249921,823.734877291994,left,1,1.0468356659985147,None,823.7353676249913,823.7486225419998,823.7486225419998,823.936085334004,823.9438010000013,823.9438010000013,824.7414407089964,824.7260065419978,,,g,"001",2025-11-10_22h15.17.337,2nd exp,,2025.2.0,None,2025-11-10 22h15.17.419455 +0530,
The dog is barking loudly,The dog barking is loudly,transposition_related,right,295,7,18,left,0,1.4817312080122065,None,18,7,295,14,824.7414407089964,,,,,,,,,824.7348970839957,824.7414407089964,824.9854791669932,824.9854791669932,825.1821804589999,825.1821804589999,825.3768147090013,825.3835089589993,825.4767065420019,825.4839591249911,825.4839591249911,826.9685157089989,left,0,1.4817312080122065,None,826.9690326669952,826.9824039999949,826.9824039999949,827.169880292,827.177632958992,827.177632958992,827.9795084999932,827.9598813749908,,,g,"001",2025-11-10_22h15.17.337,2nd exp,,2025.2.0,None,2025-11-10 22h15.17.419455 +0530,
She does not like apples,She like does apples not,transposition_unrelated,left,296,8,18,left,1,0.7840056240092963,None,18,8,296,7,827.9795084999932,,,,,,,,,827.9735064999986,827.9795084999932,828.2191212089965,828.226900499998,828.4164372919913,828.4164372919913,828.6101337919972,828.6170549999952,828.710291084004,828.7178168340033,828.7178168340033,829.5125951249938,left,1,0.7840056240092963,None,829.5132836669945,829.5280610839982,829.5280610839982,829.7093406670028,829.7436460000026,829.7436460000026,830.513074167,830.4931218339916,,,g,"001",2025-11-10_22h15.17.337,2nd exp,,2025.2.0,None,2025-11-10 22h15.17.419455 +0530,
They have finished the work,They work the have finished,transposition_unrelated,left,297,9,18,left,1,0.8027039159933338,None,18,9,297,11,830.513074167,,,,,,,,,830.5077265839936,830.526671708998,830.7592818339908,830.7676961249963,830.9601355839986,830.9479454169923,831.1486215839977,831.1601399589999,831.2485641669919,831.260099459003,831.260099459003,832.068925708998,left,1,0.8027039159933338,None,832.0695798749948,832.0850619169942,832.0850619169942,832.269382583996,832.2775699589984,832.2775699589984,833.0763874169934,833.0597048749914,,,g,"001",2025-11-10_22h15.17.337,2nd exp,,2025.2.0,None,2025-11-10 22h15.17.419455 +0530,
They have finished the work,They finished have the work,transposition_related,right,298,10,18,left,0,0.9494226240058197,None,18,10,298,10,833.0763874169934,,,,,,,,,833.0699104590021,833.0763874169934,833.3185776669998,833.3185776669998,833.5169066669914,833.510112584001,833.7101385419955,833.7168303340004,833.8100449589983,833.817072958991,833.817072958991,834.7686330839933,left,0,0.9494226240058197,None,834.7691372090048,834.7843886670016,834.7843886670016,834.9693149999948,834.9772010000015,834.9772010000015,835.7800233750022,835.7597377089987,,,g,"001",2025-11-10_22h15.17.337,2nd exp,,2025.2.0,None,2025-11-10 22h15.17.419455 +0530,
The boy can read fast,The boy can read fast,repetition_related,right,299,11,18,right,1,0.7909908330038888,None,18,11,299,0,835.7800233750022,,,,,,,,,835.7740755419945,835.7800233750022,836.0192833750043,836.0269501669973,836.2166164170048,836.2166164170048,836.4100913339935,836.4167992089933,836.5102035839955,836.5174344589905,836.5174344589905,837.312239833991,right,1,0.7909908330038888,None,837.3129016669991,837.3277919169923,837.3277919169923,837.5092804169981,837.5261645839928,837.5261645839928,838.315740334001,838.2932263749972,,,g,"001",2025-11-10_22h15.17.337,2nd exp,,2025.2.0,None,2025-11-10 22h15.17.419455 +0530,
They have finished the work,They have finished the work,repetition_related,right,300,12,18,right,1,0.5363609159976477,None,18,12,300,8,838.315740334001,,,,,,,,,838.3098341250006,838.315740334001,838.5592212920019,838.5592212920019,838.7602552089957,838.7480116670049,838.9487580839923,838.9602655420022,839.0487642499938,839.0599981669948,839.0599981669948,839.600885708991,right,1,0.5363609159976477,None,839.6013946669991,839.6162882089993,839.6162882089993,839.8022013339942,839.8103233750007,839.8103233750007,840.6079791669908,840.5859958749934,,,g,"001",2025-11-10_22h15.17.337,2nd exp,,2025.2.0,None,2025-11-10 22h15.17.419455 +0530,
The dog is barking loudly,The dog is barking loudly,repetition_related,right,301,13,18,right,1,0.62728629099729,None,18,13,301,12,840.6079791669908,,,,,,,,,840.6010615419946,840.6079791669908,840.8522708749952,840.8522708749952,841.0431011670007,841.0498059169913,841.2321054589993,841.2501060840004,841.3433625839971,841.351031416998,841.351031416998,841.9865878749988,right,1,0.62728629099729,None,841.9872018339956,842.0021597500017,842.0021597500017,842.1852732499974,842.1935272499977,842.1935272499977,842.9903965419944,842.9691316249955,,,g,"001",2025-11-10_22h15.17.337,2nd exp,,2025.2.0,None,2025-11-10 22h15.17.419455 +0530,
She does not like apples,She does not like apples,repetition_related,right,302,14,18,right,1,0.4624446660018293,None,18,14,302,4,842.9903965419944,,,,,,,,,842.9845732090034,842.9955167919979,843.2359583340003,843.2437964589917,843.4333464170049,843.4333464170049,843.6267777500034,843.6334586669982,843.7269007919967,843.7341812090017,843.7341812090017,844.2016363339935,right,1,0.4624446660018293,None,844.2021269169927,844.2161072089948,844.2161072089948,844.4019417499949,844.4101831669977,844.4101831669977,845.2066568339942,845.1848289170011,,,g,"001",2025-11-10_22h15.17.337,2nd exp,,2025.2.0,None,2025-11-10 22h15.17.419455 +0530,
The boy can read fast,The read can boy fast,transposition_unrelated,left,303,15,18,left,1,0.6577102070004912,None,18,15,303,3,845.2066568339942,,,,,,,,,845.1996383749938,845.2066568339942,845.4518741249922,845.4518741249922,845.6421098339924,845.6421098339924,845.8320814170002,845.8500676249969,845.9433447920019,845.9505090419989,845.9505090419989,846.6119403749908,left,1,0.6577102070004912,None,846.6125280839915,846.6277887089964,846.6277887089964,846.8090153749945,846.8265589170041,846.8265589170041,847.6134870419919,847.5937580839964,,,g,"001",2025-11-10_22h15.17.337,2nd exp,,2025.2.0,None,2025-11-10 22h15.17.419455 +0530,
They have finished the work,They work the have finished,transposition_unrelated,left,304,0,19,left,1,0.6820925830106717,None,19,0,304,11,847.6134870419919,,,,,,,,,847.6080769590044,847.6265349589958,847.8594319590047,847.867842874999,848.0599657919956,848.0472109169932,848.2487690419948,848.2600909589964,848.3488873339957,848.3599546670011,848.3599546670011,849.0484422500012,left,1,0.6820925830106717,None,849.0488817089936,849.0617816250015,849.0617816250015,849.2420313750044,849.2588175419951,849.2588175419951,850.0487603749934,850.0271138340031,,,g,"001",2025-11-10_22h15.17.337,2nd exp,,2025.2.0,None,2025-11-10 22h15.17.419455 +0530,
The dog is barking loudly,The loudly is barking dog,repetition_unrelated,left,305,1,19,left,1,0.5735925409971969,None,19,1,305,13,850.0487603749934,,,,,,,,,850.0428557499981,850.0603794999915,850.2922465839947,850.309494000001,850.4934135840012,850.4818081249978,850.6822981250007,850.6935120419948,850.782063916995,850.7934049589967,850.7934049589967,851.3796637089981,left,1,0.5735925409971969,None,851.3803859589971,851.3952537500008,851.3952537500008,851.5762535419926,851.5935431669932,851.5935431669932,852.3802661249938,852.3599313339946,,,g,"001",2025-11-10_22h15.17.337,2nd exp,,2025.2.0,None,2025-11-10 22h15.17.419455 +0530,
She does not like apples,She like does apples not,transposition_unrelated,left,306,2,19,left,1,0.5672628739994252,None,19,2,306,7,852.3802661249938,,,,,,,,,852.3748051250004,852.3932300419983,852.6253709169978,852.643390333993,852.8267571250035,852.8146679999918,853.0151323750033,853.0266714589961,853.1152962499909,853.1267387090047,853.1267387090047,853.7127937920013,left,1,0.5672628739994252,None,853.713510542002,853.7285925000033,853.7285925000033,853.9094115000044,853.9265248750016,853.9265248750016,854.7120187919936,854.6933851670037,,,g,"001",2025-11-10_22h15.17.337,2nd exp,,2025.2.0,None,2025-11-10 22h15.17.419455 +0530,
The boy can read fast,The boy can read fast,repetition_related,right,307,3,19,right,1,0.6011272489995463,None,19,3,307,0,854.7120187919936,,,,,,,,,854.7068066249922,854.7267135839938,854.9592640420015,854.9675861669966,855.1599984589993,855.1482797920034,855.3485052920005,855.3599430000031,855.4484207499918,855.4588530839974,855.4588530839974,856.068614459,right,1,0.6011272489995463,None,856.069204333995,856.0837989169959,856.0837989169959,856.269427584004,856.2776304589934,856.2776304589934,857.0769504999917,857.0527531669941,,,g,"001",2025-11-10_22h15.17.337,2nd exp,,2025.2.0,None,2025-11-10 22h15.17.419455 +0530,
The boy can read fast,The boy can read fast,transposition_related,right,308,4,19,right,1,0.7575919160008198,None,19,4,308,2,857.0769504999917,,,,,,,,,857.053251624995,857.0769504999917,857.3182470839965,857.3182470839965,857.5155564169982,857.5155564169982,857.709894833999,857.7166412499937,857.809889917,857.8163789999962,857.8163789999962,858.5789914589986,right,1,0.7575919160008198,None,858.579600416997,858.5955358749925,858.5955358749925,858.7756264589989,858.7932946670044,858.7932946670044,859.5785769170034,859.5597631249984,,,g,"001",2025-11-10_22h15.17.337,2nd exp,,2025.2.0,None,2025-11-10 22h15.17.419455 +0530,
The dog is barking loudly,The dog is barking loudly,repetition_related,right,309,5,19,right,1,0.7913322910026181,None,19,5,309,12,859.5785769170034,,,,,,,,,859.5733006249939,859.5932577499916,859.8258213749941,859.8342903339944,860.0269328339928,860.0144978339958,860.2149448339915,860.2267507920042,860.3156040419999,860.3265715419984,860.3265715419984,861.1293460000015,right,1,0.7913322910026181,None,861.130037541996,861.1452224999957,861.1452224999957,861.325337916991,861.3423686250026,861.3423686250026,862.1244969169929,862.1097766250023,,,g,"001",2025-11-10_22h15.17.337,2nd exp,,2025.2.0,None,2025-11-10 22h15.17.419455 +0530,
The dog is barking loudly,The barking dog loudly is,transposition_unrelated,left,310,6,19,left,1,0.6650569580087904,None,19,6,310,15,862.1244969169929,,,,,,,,,862.118959208994,862.1297197919921,862.3758265420038,862.3758265420038,862.5767122090037,862.5643933340034,862.7663813340041,862.7764639169909,862.8650097920035,862.8767250419914,862.8767250419914,863.5451772919914,left,1,0.6650569580087904,None,863.545833791999,863.560837625002,863.560837625002,863.7424903339997,863.7593641249987,863.7593641249987,864.5461344170035,864.5259594169911,,,g,"001",2025-11-10_22h15.17.337,2nd exp,,2025.2.0,None,2025-11-10 22h15.17.419455 +0530,
She does not like apples,She not does like apples,transposition_related,right,311,7,19,left,0,0.7157317490054993,None,19,7,311,6,864.5461344170035,,,,,,,,,864.5406509169989,864.5599586669996,864.792471875,864.8009593339957,864.9933388749923,864.9811586669966,865.1825255000003,865.192855500005,865.2822650000016,865.2929980839981,865.2929980839981,866.0120335419924,left,0,0.7157317490054993,None,866.012645166993,866.0282374590024,866.0282374590024,866.208653041991,866.2253719589935,866.2253719589935,867.0118067919975,866.9929776249919,,,g,"001",2025-11-10_22h15.17.337,2nd exp,,2025.2.0,None,2025-11-10 22h15.17.419455 +0530,
They have finished the work,They finished have the work,transposition_related,right,312,8,19,left,0,0.7816994580061873,None,19,8,312,10,867.0118067919975,,,,,,,,,867.0066736669978,867.0265489169979,867.2592877499992,867.2676373339928,867.4600782089983,867.4481062499981,867.648411874994,867.6600559170038,867.7484933749947,867.7599735840049,867.7599735840049,868.5456756670028,left,0,0.7816994580061873,None,868.5463015839923,868.5612317920022,868.5612317920022,868.743128999995,868.7603186249908,868.7603186249908,869.5479909589922,869.5266404169961,,,g,"001",2025-11-10_22h15.17.337,2nd exp,,2025.2.0,None,2025-11-10 22h15.17.419455 +0530,
She does not like apples,She not does like apples,repetition_unrelated,left,313,9,19,left,1,0.908262625001953,None,19,9,313,5,869.5479909589922,,,,,,,,,869.5425766669941,869.5598071249988,869.7927795839933,869.8010586669989,869.9934299169981,869.9807723339909,870.1816299999919,870.193476417,870.281453292002,870.2932710000023,870.2932710000023,871.2128714999999,left,1,0.908262625001953,None,871.2134957919916,871.2291003339924,871.2291003339924,871.4091508749989,871.4265084999934,871.4265084999934,872.212431833992,872.1925999590021,,,g,"001",2025-11-10_22h15.17.337,2nd exp,,2025.2.0,None,2025-11-10 22h15.17.419455 +0530,
The boy can read fast,The read can boy fast,repetition_unrelated,left,314,10,19,left,1,0.5617559990059817,None,19,10,314,1,872.212431833992,,,,,,,,,872.2069652089995,872.2265888340044,872.459169875001,872.4675402089924,872.659922042003,872.6479382090038,872.8483316670026,872.8601547500002,872.9487829169957,872.9599969589908,872.9599969589908,873.5289632499916,left,1,0.5617559990059817,None,873.5295927090046,873.5450054169924,873.5450054169924,873.7258774590009,873.7426282090019,873.7426282090019,874.5288827500044,874.5094647919905,,,g,"001",2025-11-10_22h15.17.337,2nd exp,,2025.2.0,None,2025-11-10 22h15.17.419455 +0530,
She does not like apples,She does not like apples,repetition_related,right,315,11,19,right,1,0.8589701659948332,None,19,11,315,4,874.5288827500044,,,,,,,,,874.5235463339923,874.5431641250034,874.7761214589991,874.7845392089948,874.9766065419972,874.9637076670042,875.165171583998,875.1767262499925,875.2653101250035,875.2765835839964,875.2765835839964,876.1452154589933,right,1,0.8589701659948332,None,876.1456529169955,876.1607956249936,876.1607956249936,876.3521677499957,876.3521677499957,876.3521677499957,877.1564242500026,877.1354297499929,,,g,"001",2025-11-10_22h15.17.337,2nd exp,,2025.2.0,None,2025-11-10 22h15.17.419455 +0530,
They have finished the work,They finished have the work,repetition_unrelated,left,316,12,19,left,1,0.5203264570009196,None,19,12,316,9,877.1564242500026,,,,,,,,,877.1494614590047,877.1564242500026,877.3927359590016,877.4011592089955,877.5933645839978,877.5808781669912,877.7818648340035,877.7933424999937,877.8932292919926,877.8932292919926,877.8932292919926,878.4185744169954,left,1,0.5203264570009196,None,878.419058583997,878.4322076669923,878.4322076669923,878.6190954999911,878.6272170419979,878.6272170419979,879.4253431669931,879.4096799590043,,,g,"001",2025-11-10_22h15.17.337,2nd exp,,2025.2.0,None,2025-11-10 22h15.17.419455 +0530,
They have finished the work,They have finished the work,repetition_related,right,317,13,19,right,1,0.4315202909929212,None,19,13,317,8,879.4253431669931,,,,,,,,,879.418947750004,879.4253431669931,879.6683281250007,879.6683281250007,879.8653303339961,879.8653303339961,880.0600032090006,880.0668937500013,880.1599128749949,880.1670664999983,880.1670664999983,880.6018313749955,right,1,0.4315202909929212,None,880.6023221670039,880.6161404589948,880.6161404589948,880.8026752919977,880.810875583993,880.810875583993,881.6120532499917,881.5929072500003,,,g,"001",2025-11-10_22h15.17.337,2nd exp,,2025.2.0,None,2025-11-10 22h15.17.419455 +0530,
The boy can read fast,The read can boy fast,transposition_unrelated,left,318,14,19,left,1,0.6128200410021236,None,19,14,318,3,881.6120532499917,,,,,,,,,881.6060947090009,881.6120532499917,881.8525654169935,881.8602847919974,882.0496995839931,882.0496995839931,882.2431662919989,882.2498745839985,882.3433132089995,882.3505417089909,882.3505417089909,882.9683065419958,left,1,0.6128200410021236,None,882.9688131669973,882.983384459003,882.983384459003,883.169263208998,883.1772279169963,883.1772279169963,883.9785930840007,883.9592772500037,,,g,"001",2025-11-10_22h15.17.337,2nd exp,,2025.2.0,None,2025-11-10 22h15.17.419455 +0530,
The dog is barking loudly,The dog barking is loudly,transposition_related,right,319,15,19,left,0,0.9117457910033409,None,19,15,319,14,883.9785930840007,,,,,,,,,883.9726798749907,883.9785930840007,884.2194033339911,884.2271117499913,884.4104774589941,884.4173897919973,884.5987224589917,884.6166435420018,884.7105924999923,884.7185443339986,884.7185443339986,885.6348094169953,left,0,0.9117457910033409,None,885.6353008339938,885.6488891670015,885.6488891670015,885.8350505419949,885.8430121249985,885.8430121249985,886.6457810839929,886.6258329589909,,,g,"001",2025-11-10_22h15.17.337,2nd exp,,2025.2.0,None,2025-11-10 22h15.17.419455 +0530,
She does not like apples,She does not like apples,repetition_related,right,320,0,20,right,1,0.5813085819972912,None,20,0,320,4,886.6457810839929,,,,,,,,,886.639904124997,886.6457810839929,886.8860997089942,886.8938213340007,887.0933405419928,887.0933405419928,887.2836132499942,887.2836132499942,887.3766480839986,887.3838412920013,887.3838412920013,887.9680251669924,right,1,0.5813085819972912,None,887.9685261669947,887.9841504590004,887.9841504590004,888.1693152499938,888.177050541999,888.177050541999,888.9751641250041,888.9597667499911,,,g,"001",2025-11-10_22h15.17.337,2nd exp,,2025.2.0,None,2025-11-10 22h15.17.419455 +0530,
She does not like apples,She not does like apples,transposition_related,right,321,1,20,left,0,0.6032207910029683,None,20,1,321,6,888.9751641250041,,,,,,,,,888.9686662500026,888.9751641250041,889.218586959003,889.218586959003,889.4094392090046,889.416366666992,889.598621666999,889.6165068749979,889.7099642090034,889.7170061249926,889.7170061249926,890.3287852089998,left,0,0.6032207910029683,None,890.3294716249948,890.3464051250048,890.3464051250048,890.526207834002,890.5433636669914,890.5433636669914,891.329320417004,891.3098045840015,,,g,"001",2025-11-10_22h15.17.337,2nd exp,,2025.2.0,None,2025-11-10 22h15.17.419455 +0530,
The dog is barking loudly,The barking dog loudly is,transposition_unrelated,left,322,2,20,left,1,0.7895804160070838,None,20,2,322,15,891.329320417004,,,,,,,,,891.3240589999914,891.3431487499911,891.5760938339954,891.5844160419947,891.7765644169995,891.7644427920022,891.9653554999968,891.9766425839916,892.0652916249965,892.0764774589916,892.0764774589916,892.8687112089974,left,1,0.7895804160070838,None,892.8692342499999,892.8845415419928,892.8845415419928,893.0699577499909,893.0933822919906,893.0933822919906,893.8793582090002,893.8591667089931,,,g,"001",2025-11-10_22h15.17.337,2nd exp,,2025.2.0,None,2025-11-10 22h15.17.419455 +0530,
They have finished the work,They finished have the work,repetition_unrelated,left,323,3,20,left,1,0.7788885830086656,None,20,3,323,9,893.8793582090002,,,,,,,,,893.8732331249921,893.8793582090002,894.1191765419935,894.126977042004,894.3165816249966,894.3165816249966,894.5100611249945,894.5169239169918,894.6099141250015,894.6171528749983,894.6171528749983,895.4015947089938,left,1,0.7788885830086656,None,895.4020821669983,895.4160352089966,895.4160352089966,895.6017490419908,895.609994917002,895.609994917002,896.4009299169993,896.3846170000033,,,g,"001",2025-11-10_22h15.17.337,2nd exp,,2025.2.0,None,2025-11-10 22h15.17.419455 +0530,
They have finished the work,They work the have finished,transposition_unrelated,left,324,4,20,left,1,1.0986827489978168,None,20,4,324,11,896.4009299169993,,,,,,,,,896.3940720840037,896.4009299169993,896.6518827499967,896.6518827499967,896.8428283340036,896.8496571669966,897.0306540419988,897.0500909169932,897.143242584003,897.1504471249937,897.1504471249937,898.251622041993,left,1,1.0986827489978168,None,898.252110166999,898.2677177500009,898.2677177500009,898.4526787089999,898.4604561669985,898.4604561669985,899.265618999998,899.2435542500025,,,g,"001",2025-11-10_22h15.17.337,2nd exp,,2025.2.0,None,2025-11-10 22h15.17.419455 +0530,
The dog is barking loudly,The dog is barking loudly,repetition_related,right,325,5,20,right,1,0.6004794570035301,None,20,5,325,12,899.265618999998,,,,,,,,,899.2593415839947,899.265618999998,899.5029995420045,899.5267359999998,899.7100236249971,899.7267260840017,899.9001990840043,899.9001990840043,899.9934057089995,900.0013502090005,900.0013502090005,900.6123142919969,right,1,0.6004794570035301,None,900.6129967089946,900.6285035839974,900.6285035839974,900.8087524589937,900.8260958339961,900.8260958339961,901.6122514169983,901.5926282500004,,,g,"001",2025-11-10_22h15.17.337,2nd exp,,2025.2.0,None,2025-11-10 22h15.17.419455 +0530,
The boy can read fast,The read can boy fast,transposition_unrelated,left,326,6,20,left,1,0.49078191599983256,None,20,6,326,3,901.6122514169983,,,,,,,,,901.6067685839953,901.626520167003,901.8587831670011,901.8765134589921,902.0600926250045,902.0474051249912,902.2488924999925,902.2599784589984,902.3484783750027,902.3600108749961,902.3600108749961,902.8623999589909,left,1,0.49078191599983256,None,902.8630987499928,902.8785695419938,902.8785695419938,903.0595475419977,903.0767068749992,903.0767068749992,903.864782042001,903.8425234589959,,,g,"001",2025-11-10_22h15.17.337,2nd exp,,2025.2.0,None,2025-11-10 22h15.17.419455 +0530,
She does not like apples,She not does like apples,repetition_unrelated,left,327,7,20,left,1,0.5479692079970846,None,20,7,327,5,903.864782042001,,,,,,,,,903.858765041994,903.864782042001,904.1090202499909,904.1090202499909,904.3099720839964,904.2982027499966,904.5099781669996,904.5099781669996,904.5987912919954,904.6098797919985,904.6098797919985,905.1618866249919,left,1,0.5479692079970846,None,905.1624778340047,905.177977416999,905.177977416999,905.3590952090017,905.3761905839929,905.3761905839929,906.1609716669918,906.1425156670011,,,g,"001",2025-11-10_22h15.17.337,2nd exp,,2025.2.0,None,2025-11-10 22h15.17.419455 +0530,
The boy can read fast,The boy can read fast,transposition_related,right,328,8,20,right,1,0.3677707909955643,None,20,8,328,2,906.1609716669918,,,,,,,,,906.1556905000034,906.1765045840002,906.4106444999925,906.419602916998,906.6269282089925,906.6269282089925,906.8262881669943,906.8085049590009,906.8980771249917,906.9099386250018,906.9099386250018,907.2855837919924,right,1,0.3677707909955643,None,907.2862552089937,907.2997114169993,907.2997114169993,907.4858082499995,907.4941301249928,907.4941301249928,908.2833462919953,908.2758659169922,,,g,"001",2025-11-10_22h15.17.337,2nd exp,,2025.2.0,None,2025-11-10 22h15.17.419455 +0530,
The boy can read fast,The boy can read fast,repetition_related,right,329,9,20,right,1,0.7021447909937706,None,20,9,329,0,908.2833462919953,,,,,,,,,908.2763650839915,908.2833462919953,908.5350909169938,908.5265469169972,908.7326274170046,908.7326274170046,908.9265852919925,908.9332715420023,909.0267378339922,909.0335182919953,909.0335182919953,909.7456590420043,right,1,0.7021447909937706,None,909.746315958997,909.7619274589961,909.7619274589961,909.9427342089912,909.9767061669991,909.9767061669991,910.7462280420004,910.7263145000034,,,g,"001",2025-11-10_22h15.17.337,2nd exp,,2025.2.0,None,2025-11-10 22h15.17.419455 +0530,
They have finished the work,They finished have the work,transposition_related,right,330,10,20,left,0,0.49053479099529795,None,20,10,330,10,910.7462280420004,,,,,,,,,910.7406918339984,910.7596819169994,910.9919620419969,911.0088044589938,911.192872708998,911.1808954169974,911.3822482499963,911.3932918749924,911.481932041992,911.4931263339968,911.4931263339968,911.9953889169992,left,0,0.49053479099529795,None,911.9960349169996,912.0110132090049,912.0110132090049,912.1923355000035,912.2093969169946,912.2093969169946,912.9946272919915,912.9757761670044,,,g,"001",2025-11-10_22h15.17.337,2nd exp,,2025.2.0,None,2025-11-10 22h15.17.419455 +0530,
The boy can read fast,The read can boy fast,repetition_unrelated,left,331,11,20,left,1,0.5597137080039829,None,20,11,331,1,912.9946272919915,,,,,,,,,912.9891376250016,913.0098457089916,913.2426158750022,913.2508334589947,913.4435549170012,913.4316940839926,913.6423695839912,913.6423695839912,913.731472792002,913.742922541991,913.742922541991,914.3128316249931,left,1,0.5597137080039829,None,914.3135207919986,914.3282858339953,914.3282858339953,914.5085399169911,914.525924542002,914.525924542002,915.3135409590031,915.2925211669935,,,g,"001",2025-11-10_22h15.17.337,2nd exp,,2025.2.0,None,2025-11-10 22h15.17.419455 +0530,
They have finished the work,They have finished the work,repetition_related,right,332,12,20,right,1,0.4552254160080338,None,20,12,332,8,915.3135409590031,,,,,,,,,915.3080564999982,915.3264997499937,915.5596868749999,915.5682166250044,915.7600469589961,915.7476860000024,915.9483344170003,915.9600793339923,916.0488305420004,916.059349874995,916.059349874995,916.5183926250029,right,1,0.4552254160080338,None,916.5188915839972,916.5334831249929,916.5334831249929,916.7193689589913,916.7270710000012,916.7270710000012,917.5317299589951,917.5096592500049,,,g,"001",2025-11-10_22h15.17.337,2nd exp,,2025.2.0,None,2025-11-10 22h15.17.419455 +0530,
The dog is barking loudly,The loudly is barking dog,repetition_unrelated,left,333,13,20,left,1,0.4431781239982229,None,20,13,333,13,917.5317299589951,,,,,,,,,917.5251304169942,917.5317299589951,917.7697197499947,917.7776704169955,917.9664002089994,917.9664002089994,918.1598459169909,918.1665453339956,918.2599166250002,918.2672609169967,918.2672609169967,918.7183678750007,left,1,0.4431781239982229,None,918.7189358339965,918.7331951669912,918.7331951669912,918.9188831249921,918.9267277500039,918.9267277500039,919.7257843749976,919.7095853749925,,,g,"001",2025-11-10_22h15.17.337,2nd exp,,2025.2.0,None,2025-11-10 22h15.17.419455 +0530,
The dog is barking loudly,The dog barking is loudly,transposition_related,right,334,14,20,right,1,0.677839499010588,None,20,14,334,14,919.7257843749976,,,,,,,,,919.7188092919969,919.7257843749976,919.968264583993,919.968264583993,920.1666489999916,920.1598705840006,920.3598763339978,920.3665424999926,920.4597933750047,920.466943499996,920.466943499996,921.1519994169939,right,1,0.677839499010588,None,921.1525885839947,921.1665247089986,921.1665247089986,921.351877958994,921.359618041999,921.359618041999,922.1619762089977,922.142509458994,,,g,"001",2025-11-10_22h15.17.337,2nd exp,,2025.2.0,None,2025-11-10 22h15.17.419455 +0530,
She does not like apples,She like does apples not,transposition_unrelated,left,335,15,20,left,1,1.222908625000855,None,20,15,335,7,922.1619762089977,,,,,,,,,922.1559804999997,922.1619762089977,922.4023208339931,922.4100844999921,922.5997271669912,922.5997271669912,922.7932722090045,922.8000461670017,922.8932342089975,922.9004409170011,922.9004409170011,924.1287556669995,left,1,1.222908625000855,None,924.129362666994,924.1443365419982,924.1443365419982,924.3257273339987,924.3429434589925,924.3429434589925,925.1281922499911,925.1094687500008,,,g,"001",2025-11-10_22h15.17.337,2nd exp,,2025.2.0,None,2025-11-10 22h15.17.419455 +0530,
The boy can read fast,The boy can read fast,transposition_related,right,336,0,21,right,1,0.5947298329992918,None,21,0,336,2,925.1281922499911,,,,,,,,,925.1229935419979,925.1431442920002,925.375922709005,925.3841244170035,925.5765166249912,925.5646629590046,925.7653909590008,925.776603499995,925.8648346669943,925.8765304589906,925.8765304589906,926.4788812089973,right,1,0.5947298329992918,None,926.4795516669983,926.4944376249914,926.4944376249914,926.6753397089924,926.6925623749994,926.6925623749994,927.478858041999,927.4594709590019,,,g,"001",2025-11-10_22h15.17.337,2nd exp,,2025.2.0,None,2025-11-10 22h15.17.419455 +0530,
They have finished the work,They finished have the work,transposition_related,right,337,1,21,left,0,0.4908212080044905,None,21,1,337,10,927.478858041999,,,,,,,,,927.4734612500033,927.4929626669909,927.7260004169948,927.734407750002,927.9265604999964,927.9136236249906,928.1150726249907,928.1265848750045,928.2152083340043,928.2264714170014,928.2264714170014,928.7285242090002,left,0,0.4908212080044905,None,928.729230166995,928.759983291995,928.759983291995,928.9257864999963,928.9522690000013,928.9522690000013,929.7296225419996,929.7091702920006,,,g,"001",2025-11-10_22h15.17.337,2nd exp,,2025.2.0,None,2025-11-10 22h15.17.419455 +0530,
The boy can read fast,The read can boy fast,repetition_unrelated,left,338,2,21,left,1,0.6105767909903079,None,21,2,338,1,929.7296225419996,,,,,,,,,929.7237427920045,929.743131833995,929.9761624169914,929.9851302089955,930.1765521670022,930.1634894169983,930.3650336669962,930.3766127919953,930.4650111669907,930.4765478339978,930.4765478339978,931.0956825419998,left,1,0.6105767909903079,None,931.0960844590008,931.1095487499988,931.1095487499988,931.2923158749909,931.3002534589905,931.3002534589905,932.0961928750039,932.0762893749925,,,g,"001",2025-11-10_22h15.17.337,2nd exp,,2025.2.0,None,2025-11-10 22h15.17.419455 +0530,
The dog is barking loudly,The dog barking is loudly,transposition_related,right,339,3,21,left,0,0.8725337490031961,None,21,3,339,14,932.0961928750039,,,,,,,,,932.0908807090018,932.1097491669934,932.3429046669917,932.3512019170012,932.5434847500001,932.531242416997,932.7313032090024,932.7432157089934,932.8320969589986,932.8431365839933,932.8431365839933,933.7180864169932,left,0,0.8725337490031961,None,933.7185826249915,933.7341815840045,933.7341815840045,933.9194112090045,933.9275645419984,933.9275645419984,934.7310452499951,934.7091714999988,,,g,"001",2025-11-10_22h15.17.337,2nd exp,,2025.2.0,None,2025-11-10 22h15.17.419455 +0530,
They have finished the work,They finished have the work,repetition_unrelated,left,340,4,21,left,1,0.5120598330104258,None,21,4,340,9,934.7310452499951,,,,,,,,,934.7244710419909,934.7310452499951,934.9689877089986,934.9766663749906,935.1599981670006,935.1668579590041,935.348323541999,935.366574833999,935.4598056249961,935.4670218749961,935.4670218749961,935.9959713749995,left,1,0.5120598330104258,None,935.9965902090044,936.012544458994,936.012544458994,936.2106209999911,936.2272228340007,936.2272228340007,,937.0007614999922,,,g,"001",2025-11-10_22h15.17.337,2nd exp,,2025.2.0,None,2025-11-10 22h15.17.419455 +0530,
The dog is barking loudly,The dog is barking loudly,repetition_related,right,341,5,21,right,1,1.7083835410012398,None,21,5,341,12,937.0207399999927,,,,,,,,,937.013780209003,937.0207399999927,937.2426119589945,937.2687146249955,937.4433686669945,937.4312615840026,937.6321052919957,937.6431866249914,937.7317562919925,937.743091833996,937.743091833996,939.4619830419979,right,1,1.7083835410012398,None,939.4626286249986,939.4774768339994,939.4774768339994,939.6597892919963,939.6768092919956,939.6768092919956,940.4622758750047,940.4428302919987,,,g,"001",2025-11-10_22h15.17.337,2nd exp,,2025.2.0,None,2025-11-10 22h15.17.419455 +0530,
They have finished the work,They have finished the work,repetition_related,right,342,6,21,right,1,2.6813554580003256,None,21,6,342,8,940.4622758750047,,,,,,,,,940.4569198340032,940.476502666992,940.7085226670024,940.7259369590029,940.909933959003,940.8977672089968,941.0989485000027,941.1097551249986,941.1991229589912,941.2085411669977,941.2085411669977,943.8953047499963,right,1,2.6813554580003256,None,943.8958923750033,943.9109517920006,943.9109517920006,944.102628291992,944.1106688750006,944.1106688750006,944.9132624170015,944.8927715419995,,,g,"001",2025-11-10_22h15.17.337,2nd exp,,2025.2.0,None,2025-11-10 22h15.17.419455 +0530,
She does not like apples,She like does apples not,transposition_unrelated,left,343,7,21,left,1,2.115727208001772,None,21,7,343,7,944.9132624170015,,,,,,,,,944.9071219589969,944.9132624170015,945.1424016249948,945.1594864999934,945.3431849589979,945.3302331669984,945.5321074590029,945.5432452090026,945.6316559589905,945.6431532089919,945.6431532089919,947.7617130839935,left,1,2.115727208001772,None,947.762326208991,947.7770951669954,947.7770951669954,947.9585117090028,947.9757520839921,947.9757520839921,948.759199084001,948.7430847499927,,,g,"001",2025-11-10_22h15.17.337,2nd exp,,2025.2.0,None,2025-11-10 22h15.17.419455 +0530,
She does not like apples,She does not like apples,repetition_related,right,344,8,21,right,1,0.5890352489950601,None,21,8,344,4,948.759199084001,,,,,,,,,948.7532484169933,948.764469583999,949.0085082500009,949.0085082500009,949.2100387090031,949.1982064589974,949.3983986669919,949.4097661669948,949.4984112919919,949.5097702089988,949.5097702089988,950.1016228340013,right,1,0.5890352489950601,None,950.1021302089939,950.1167867920012,950.1167867920012,950.2969116669992,950.3174653339956,950.3174653339956,951.1045311670023,951.0846485840011,,,g,"001",2025-11-10_22h15.17.337,2nd exp,,2025.2.0,None,2025-11-10 22h15.17.419455 +0530,
The dog is barking loudly,The loudly is barking dog,repetition_unrelated,left,345,9,21,left,1,1.2490322499943431,None,21,9,345,13,951.1045311670023,,,,,,,,,951.0976417499915,951.1045311670023,951.3520024169993,951.3520024169993,951.5494823339977,951.5494823339977,951.7431948339945,951.749912291998,951.8431050840009,951.8516290839907,951.8516290839907,953.1119694590016,left,1,1.2490322499943431,None,953.1126245839987,953.1278037919983,953.1278037919983,953.3089734169916,953.3269025420013,953.3269025420013,954.1110163749981,954.0927408339921,,,g,"001",2025-11-10_22h15.17.337,2nd exp,,2025.2.0,None,2025-11-10 22h15.17.419455 +0530,
The boy can read fast,The boy can read fast,repetition_related,right,346,10,21,right,1,0.6648526240023784,None,21,10,346,0,954.1110163749981,,,,,,,,,954.1057787919999,954.126375916996,954.359333417,954.3677213339979,954.5599068750016,954.5468946670007,954.7485964999942,954.7598981670017,954.8479032920004,954.8598156249936,954.8598156249936,955.5284348749992,right,1,0.6648526240023784,None,955.5290442499972,955.5441909999936,955.5441909999936,955.7252112499991,955.7422934170027,955.7422934170027,956.528363541991,956.5097560839931,,,g,"001",2025-11-10_22h15.17.337,2nd exp,,2025.2.0,None,2025-11-10 22h15.17.419455 +0530,
She does not like apples,She not does like apples,repetition_unrelated,left,347,11,21,right,0,0.6721733330050483,None,21,11,347,5,956.528363541991,,,,,,,,,956.5230345000018,956.5434560419963,956.7757838749967,956.7928025839938,956.9765428340033,956.9635914590035,957.1649045419908,957.1765696670045,957.2650934169942,957.2764445840003,957.2764445840003,957.9515641250036,right,0,0.6721733330050483,None,957.9520647089957,957.9671799170028,957.9671799170028,958.1515078749944,958.1592439590022,958.1592439590022,958.9562944589998,958.934645500005,,,g,"001",2025-11-10_22h15.17.337,2nd exp,,2025.2.0,None,2025-11-10 22h15.17.419455 +0530,
They have finished the work,They work the have finished,transposition_unrelated,left,348,12,21,left,1,0.6669586240022909,None,21,12,348,11,958.9562944589998,,,,,,,,,958.9493941249966,958.9562944589998,959.2019163749937,959.2019163749937,959.4001849999913,959.4001849999913,959.5931838749966,959.6003368340025,959.6932911250042,959.7005837500037,959.7005837500037,960.3785682089947,left,1,0.6669586240022909,None,960.3792813339969,960.395308334002,960.395308334002,960.575837958997,960.593832833998,960.593832833998,961.380985041993,961.3604446669924,,,g,"001",2025-11-10_22h15.17.337,2nd exp,,2025.2.0,None,2025-11-10 22h15.17.419455 +0530,
The dog is barking loudly,The barking dog loudly is,transposition_unrelated,left,349,13,21,left,1,0.9260670410003513,None,21,13,349,15,961.380985041993,,,,,,,,,961.3752983339946,961.393152042001,961.6257241249987,961.6347187499923,961.8266697090003,961.814867958994,962.0145459999912,962.0266912499937,962.1152969169925,962.1264003749966,962.1264003749966,963.0623387499945,left,1,0.9260670410003513,None,963.0629771249951,963.0792460419907,963.0792460419907,963.2592230839946,963.2768137090025,963.2768137090025,964.0636053339986,964.0427259999997,,,g,"001",2025-11-10_22h15.17.337,2nd exp,,2025.2.0,None,2025-11-10 22h15.17.419455 +0530,
She does not like apples,She not does like apples,transposition_related,right,350,14,21,left,0,0.6416384570038645,None,21,14,350,6,964.0636053339986,,,,,,,,,964.0582505420025,964.0762702089996,964.3089959589997,964.3173376249906,964.5097660000029,964.4969534999982,964.6985974169947,964.7097364590009,964.798449666996,964.8096869169967,964.8096869169967,965.4627232920029,left,0,0.6416384570038645,None,965.4633839169983,965.4786152919987,965.4786152919987,965.659140667005,965.6768237920041,965.6768237920041,966.4764462919993,966.4442266249971,,,g,"001",2025-11-10_22h15.17.337,2nd exp,,2025.2.0,None,2025-11-10 22h15.17.419455 +0530,
The boy can read fast,The read can boy fast,transposition_unrelated,left,351,15,21,left,1,0.8251553750014864,None,21,15,351,3,966.4764462919993,,,,,,,,,966.4539025419945,966.4938329589932,966.7091744999925,966.7424450840044,966.9095195419941,966.8971863339975,967.0974469170033,967.1094348750048,967.1972192499961,967.2102300419938,967.2102300419938,968.0452550000045,left,1,0.8251553750014864,None,968.045869249996,968.0621606249915,968.0621606249915,968.2418588339933,968.2590633340005,968.2590633340005,969.0443884169945,969.0256237089925,,,g,"001",2025-11-10_22h15.17.337,2nd exp,,2025.2.0,None,2025-11-10 22h15.17.419455 +0530,
She does not like apples,She like does apples not,transposition_unrelated,left,352,0,22,left,1,0.8637875410058768,None,22,0,352,7,969.0443884169945,,,,,,,,,969.0391174169927,969.0597126670036,969.2930457920011,969.2998400420038,969.4929920839932,969.4929920839932,969.6810381249961,969.6932284590002,969.7809803749988,969.793557500001,969.793557500001,970.6621405000042,left,1,0.8637875410058768,None,970.6626838340017,970.677674999999,970.677674999999,970.8597342499997,970.8766779169964,970.8766779169964,971.6595528339967,971.6435672919906,,,g,"001",2025-11-10_22h15.17.337,2nd exp,,2025.2.0,None,2025-11-10 22h15.17.419455 +0530,
The dog is barking loudly,The dog is barking loudly,repetition_related,right,353,1,22,right,1,0.7571110829885583,None,22,1,353,12,971.6595528339967,,,,,,,,,971.6525408339949,971.6773472499917,971.9267433339992,971.9267433339992,972.1270261669997,972.1431337090035,972.3264411669952,972.3084491670015,972.3980449999945,972.409924541993,972.409924541993,973.178638708996,right,1,0.7571110829885583,None,973.1792199999909,973.1942807919986,973.1942807919986,973.3751285839971,973.3925295840017,973.3925295840017,974.1782357499906,974.1589652919938,,,g,"001",2025-11-10_22h15.17.337,2nd exp,,2025.2.0,None,2025-11-10 22h15.17.419455 +0530,
They have finished the work,They finished have the work,transposition_related,right,354,2,22,left,0,0.46084429099573754,None,22,2,354,10,974.1782357499906,,,,,,,,,974.1728977500024,974.192927541997,974.4251061249961,974.4424981250049,974.6264325419907,974.6133874590014,974.814623541999,974.8267049169954,974.9152221669938,974.9263854589954,974.9263854589954,975.3952753339981,left,0,0.46084429099573754,None,975.3958982500044,975.4108965839987,975.4108965839987,975.5919558750029,975.6092122499977,975.6092122499977,976.3955875419924,976.3756576669984,,,g,"001",2025-11-10_22h15.17.337,2nd exp,,2025.2.0,None,2025-11-10 22h15.17.419455 +0530,
She does not like apples,She not does like apples,transposition_related,right,355,3,22,left,0,0.8756447909981944,None,22,3,355,6,976.3955875419924,,,,,,,,,976.3903682919918,976.4096675000037,976.642392291993,976.6508657499944,976.8431132499973,976.8300620840018,977.0300529590022,977.043113791995,977.1434603340022,977.1603736249963,977.1603736249963,978.0462485419994,left,0,0.8756447909981944,None,978.0470502090029,978.0622760419938,978.0622760419938,978.2420229589916,978.2586062920018,978.2586062920018,979.0469757090032,979.0256655839912,,,g,"001",2025-11-10_22h15.17.337,2nd exp,,2025.2.0,None,2025-11-10 22h15.17.419455 +0530,
The boy can read fast,The read can boy fast,repetition_unrelated,left,356,4,22,left,1,0.5369999160029693,None,22,4,356,1,979.0469757090032,,,,,,,,,979.041669667,979.059692416995,979.2918497499923,979.3090087919991,979.4928598340048,979.480733999997,979.6816503750015,979.6931780419982,979.7815547920036,979.793094875,979.793094875,980.3350509169977,left,1,0.5369999160029693,None,980.3355303749995,980.3510139999999,980.3510139999999,980.5359754999954,980.543649416999,980.543649416999,981.3460065419931,981.3254087499954,,,g,"001",2025-11-10_22h15.17.337,2nd exp,,2025.2.0,None,2025-11-10 22h15.17.419455 +0530,
The dog is barking loudly,The loudly is barking dog,repetition_unrelated,left,357,5,22,left,1,0.5644007490045624,None,22,5,357,13,981.3460065419931,,,,,,,,,981.3398015419953,981.3460065419931,981.5855497500015,981.5928684169921,981.7820677919954,981.7820677919954,981.9763745419914,981.9829509589908,982.0764520840021,982.083613499999,982.083613499999,982.6520823750034,left,1,0.5644007490045624,None,982.6527182919963,982.6668527919974,982.6668527919974,982.8522015420021,982.8600264169945,982.8600264169945,983.6635937090032,983.6423593749932,,,g,"001",2025-11-10_22h15.17.337,2nd exp,,2025.2.0,None,2025-11-10 22h15.17.419455 +0530,
They have finished the work,They finished have the work,repetition_unrelated,left,358,6,22,left,1,0.5840054160071304,None,22,6,358,9,983.6635937090032,,,,,,,,,983.6575554589945,983.6635937090032,983.9011459169997,983.9084091669938,984.0994577090023,984.0994577090023,984.293031084002,984.2994592089963,984.3930885839945,984.3999055839959,984.3999055839959,984.9956385419937,left,1,0.5840054160071304,None,984.9962938749959,985.0115658750001,985.0115658750001,985.1918342919962,985.2085654169932,985.2085654169932,985.9945174169989,985.9762234170048,,,g,"001",2025-11-10_22h15.17.337,2nd exp,,2025.2.0,None,2025-11-10 22h15.17.419455 +0530,
The boy can read fast,The boy can read fast,repetition_related,right,359,7,22,right,1,0.6318689580075443,None,22,7,359,0,985.9945174169989,,,,,,,,,985.9891809999972,986.0095921250031,986.2418492500001,986.2591456669907,986.4432132090005,986.4303413750022,986.6311575419968,986.6431825839973,986.7312220839958,986.7430856249994,986.7430856249994,987.3784628339927,right,1,0.6318689580075443,None,987.3790973750001,987.3942130840005,987.3942130840005,987.5756863749993,987.5922617920005,987.5922617920005,988.3777045000024,988.3589280419983,,,g,"001",2025-11-10_22h15.17.337,2nd exp,,2025.2.0,None,2025-11-10 22h15.17.419455 +0530,
They have finished the work,They have finished the work,repetition_related,right,360,8,22,right,1,0.5114632079930743,None,22,8,360,8,988.3777045000024,,,,,,,,,988.3723429590027,988.3930055840028,988.6259989169921,988.6341727499967,988.8254178749921,988.8254178749921,989.0151285000029,989.0266491249931,989.1144417089963,989.1264666249917,989.1264666249917,989.645401834001,right,1,0.5114632079930743,None,989.646025583992,989.661127208994,989.661127208994,989.8425265839905,989.8677687500021,989.8677687500021,990.6439771250007,990.6255629590014,,,g,"001",2025-11-10_22h15.17.337,2nd exp,,2025.2.0,None,2025-11-10 22h15.17.419455 +0530,
She does not like apples,She does not like apples,repetition_related,right,361,9,22,right,1,0.9586076239938848,None,22,9,361,4,990.6439771250007,,,,,,,,,990.6386744589981,990.659555124992,990.8917876249907,990.9091457920003,991.1104126669961,991.0938472919952,991.309317124993,991.2918689170037,991.3814708749996,991.3931592500012,991.3931592500012,992.3620873339969,right,1,0.9586076239938848,None,992.3626797920006,992.3772345000034,992.3772345000034,992.558181542001,992.5751204169937,992.5751204169937,993.3611626249913,993.3421771669964,,,g,"001",2025-11-10_22h15.17.337,2nd exp,,2025.2.0,None,2025-11-10 22h15.17.419455 +0530,
The boy can read fast,The boy can read fast,transposition_related,right,362,10,22,right,1,0.5278064990125131,None,22,10,362,2,993.3611626249913,,,,,,,,,993.3559085000015,993.3763325839973,993.6085153750028,993.6251522499952,993.8098231250042,993.7965310419968,993.9979882500047,994.0098339999968,994.0982132089994,994.1099363340036,994.1099363340036,994.6451082089916,right,1,0.5278064990125131,None,994.6456912089925,994.6610196249967,994.6610196249967,994.841885959002,994.8587467089965,994.8587467089965,995.6422134169989,995.625699458993,,,g,"001",2025-11-10_22h15.17.337,2nd exp,,2025.2.0,None,2025-11-10 22h15.17.419455 +0530,
She does not like apples,She not does like apples,repetition_unrelated,left,363,11,22,left,1,0.8757289579953067,None,22,11,363,5,995.6422134169989,,,,,,,,,995.6361972500017,995.6478813339927,995.8915290419973,995.8915290419973,996.0931334999914,996.0798326670047,996.2812848750036,996.2930502090021,996.3812318339915,996.3929907919955,996.3929907919955,997.278601500002,left,1,0.8757289579953067,None,997.2792342500034,997.2945044170046,997.2945044170046,997.4758331670018,997.4922142089927,997.4922142089927,998.2781927920005,998.2589333749929,,,g,"001",2025-11-10_22h15.17.337,2nd exp,,2025.2.0,None,2025-11-10 22h15.17.419455 +0530,
The dog is barking loudly,The dog barking is loudly,transposition_related,right,364,12,22,left,0,0.8770832070003962,None,22,12,364,14,998.2781927920005,,,,,,,,,998.2730653339968,998.292881041998,998.5256470000022,998.5341682089929,998.7266024169949,998.7134889169974,998.9146448749962,998.9263883340027,999.0146479169925,999.0265077499935,999.0265077499935,999.9119032500021,left,0,0.8770832070003962,None,999.9125121249963,999.9277204590035,999.9277204590035,1000.1091076669982,1000.1256726249994,1000.1256726249994,1000.912589708998,1000.8922925840016,,,g,"001",2025-11-10_22h15.17.337,2nd exp,,2025.2.0,None,2025-11-10 22h15.17.419455 +0530,
They have finished the work,They work the have finished,transposition_unrelated,left,365,13,22,left,1,0.8397768750000978,None,22,13,365,11,1000.912589708998,,,,,,,,,1000.9073778750026,1000.9263423340017,1001.1588923340023,1001.1671173749928,1001.359768209004,1001.3466454589943,1001.5480621669994,1001.5596125000011,1001.6479502089933,1001.6598244589986,1001.6598244589986,1002.5119465000025,left,1,0.8397768750000978,None,1002.5126120839996,1002.5276123340009,1002.5276123340009,1002.7089844589937,1002.7263825419941,1002.7263825419941,1003.5126306250022,1003.4922821670043,,,g,"001",2025-11-10_22h15.17.337,2nd exp,,2025.2.0,None,2025-11-10 22h15.17.419455 +0530,
The dog is barking loudly,The barking dog loudly is,transposition_unrelated,left,366,14,22,left,1,0.5516198330005864,None,22,14,366,15,1003.5126306250022,,,,,,,,,1003.5070125420025,1003.5261713340005,1003.7584122919943,1003.7757319169905,1003.9597454169998,1003.9464017499995,1004.1479267090035,1004.1597461249912,1004.247927791992,1004.2598330420005,1004.2598330420005,1004.8176341670041,left,1,0.5516198330005864,None,1004.8181028340041,1004.8327404169977,1004.8327404169977,1005.0188744589977,1005.0267701249977,1005.0267701249977,1005.8296392499906,1005.8087404169928,,,g,"001",2025-11-10_22h15.17.337,2nd exp,,2025.2.0,None,2025-11-10 22h15.17.419455 +0530,
The boy can read fast,The read can boy fast,transposition_unrelated,left,367,15,22,left,1,0.6246270830015419,None,22,15,367,3,1005.8296392499906,,,,,,,,,1005.8234029589948,1005.8296392499906,1006.068575792,1006.0758331669931,1006.2653837919934,1006.2653837919934,1006.4595995839918,1006.466074416996,1006.559775583999,1006.566741542003,1006.566741542003,1007.1953074589983,left,1,0.6246270830015419,None,1007.195920291997,1007.210915083997,1007.210915083997,1007.391806708998,1007.4090057499998,1007.4090057499998,1008.1811331249919,1008.1754661250015,,,g,"001",2025-11-10_22h15.17.337,2nd exp,,2025.2.0,None,2025-11-10 22h15.17.419455 +0530,
,,,,,,,,,,,,,,,,,,,,,,,,,,,,,,,,,,,,,,,,,,,,,,,,1008.1758830420004,1008.1923101249995,,,,,,,,,
