prime,target,condition,correctAns,thisN,thisTrialN,thisRepN,key_resp.keys,key_resp.corr,key_resp.rt,key_resp.duration,trials.thisRepN,trials.thisTrialN,trials.thisN,trials.thisIndex,thisRow.t,notes,instructions.started,text_2.started,key_resp_2.started,instructions.stopped,key_resp_2.keys,key_resp_2.rt,key_resp_2.duration,trial.started,fix_text.started,blank1_bg.started,fix_text.stopped,prime_text.started,blank1_bg.stopped,prime_text.stopped,blank2_bg.started,blank2_bg.stopped,target_text.started,key_resp.started,trial.stopped,trials.key_resp.keys,trials.key_resp.corr,trials.key_resp.rt,trials.key_resp.duration,feedback_correct.started,greenCircle.started,redCrosss.started,blank3_bg.started,greenCircle.stopped,redCrosss.stopped,blank3_bg.stopped,feedback_correct.stopped,thanks.started,text_3.started,participant,session,date,expName,expVersion,psychopyVersion,frameRate,expStart,
,,,,,,,,,,,,,,,,,0.005670541999279521,0.013889958005165681,0.013889958005165681,19.21616433300369,space,19.02117658199859,None,,,,,,,,,,,,,,,,,,,,,,,,,,,k,"001",2025-11-10_21h16.03.799,2nd exp,,2025.2.0,None,2025-11-10 21h16.03.874817 +0530,
The boy can read fast,The read can boy fast,transposition_unrelated,left,0,0,0,left,1,8.126928665995365,None,0,0,0,3,19.25534679199336,,,,,,,,,19.238063583004987,19.25534679199336,19.475262167004985,19.494236375001492,19.66621650000161,19.671012791994144,19.86455958300212,19.86455958300212,19.963698833002127,19.963698833002127,19.963698833002127,28.096797624995816,left,1,8.126928665995365,None,28.097075458004838,28.177040750000742,28.177040750000742,28.29734529199777,28.372294582994073,28.372294582994073,29.106559082996682,29.089149624996935,,,k,"001",2025-11-10_21h16.03.799,2nd exp,,2025.2.0,None,2025-11-10 21h16.03.874817 +0530,
They have finished the work,They finished have the work,transposition_related,right,1,1,0,left,0,4.969059916009428,None,0,1,1,10,29.106559082996682,,,,,,,,,29.101249707993702,29.106559082996682,29.347391207993496,29.347391207993496,29.53773949999595,29.53773949999595,29.726856708002742,29.745748582994565,29.839281291991938,29.845654499993543,29.845654499993543,34.82431041699601,left,0,4.969059916009428,None,34.82460395799717,34.8462389579945,34.8462389579945,35.02243283299322,35.03859808300331,35.03859808300331,35.82561520799936,35.81139883300057,,,k,"001",2025-11-10_21h16.03.799,2nd exp,,2025.2.0,None,2025-11-10 21h16.03.874817 +0530,
The dog is barking loudly,The barking dog loudly is,transposition_unrelated,left,2,2,0,left,1,2.0056902070064098,None,0,2,2,15,35.82561520799936,,,,,,,,,35.82075887499377,35.82561520799936,36.07245720799256,36.07245720799256,36.272671208003885,36.25985404200037,36.45951654200326,36.472454832997755,36.55983399999968,36.572537250001915,36.572537250001915,38.579906333005056,left,1,2.0056902070064098,None,38.58024233300239,38.59146412499831,38.59146412499831,38.78494787499949,38.791381207993254,38.791381207993254,39.589004458001,39.57300279199262,,,k,"001",2025-11-10_21h16.03.799,2nd exp,,2025.2.0,None,2025-11-10 21h16.03.874817 +0530,
She does not like apples,She not does like apples,repetition_unrelated,left,3,3,0,right,0,6.205519665993052,None,0,3,3,5,39.589004458001,,,,,,,,,39.58323504199507,39.589004458001,39.83102008300193,39.83102008300193,40.02107600000454,40.02564416700625,40.211109875002876,40.229213667000295,40.32271641699481,40.32918549999886,40.32918549999886,46.5404433329968,right,0,6.205519665993052,None,46.5406917079963,46.55081820799387,46.55081820799387,46.73935616700328,46.74965420800436,46.74965420800436,47.538225374999456,47.523117582997656,,,k,"001",2025-11-10_21h16.03.799,2nd exp,,2025.2.0,None,2025-11-10 21h16.03.874817 +0530,
The dog is barking loudly,The dog barking is loudly,transposition_related,right,4,4,0,left,0,2.2820425829995656,None,0,4,4,14,47.538225374999456,,,,,,,,,47.533150000002934,47.54270533300587,47.78827595799521,47.78827595799521,47.98930341699452,47.975796500002616,48.176293124997756,48.1894126249972,48.27766879199771,48.2892012920056,48.2892012920056,50.57404133300588,left,0,2.2820425829995656,None,50.574425999991945,50.58512479199271,50.58512479199271,50.77211045799777,50.77903974999208,50.77903974999208,51.57171670800017,51.5559362500062,,,k,"001",2025-11-10_21h16.03.799,2nd exp,,2025.2.0,None,2025-11-10 21h16.03.874817 +0530,
She does not like apples,She not does like apples,transposition_related,right,5,5,0,left,0,3.3023020410037134,None,0,5,5,6,51.57171670800017,,,,,,,,,51.5666471250006,51.57645679199777,51.82289879200107,51.82289879200107,52.02268266699684,52.01168595800118,52.210741375005455,52.22263141699659,52.31015124999976,52.32279266699334,52.32279266699334,55.63024391699582,left,0,3.3023020410037134,None,55.63061741700221,55.641829999993206,55.641829999993206,55.8311175419949,55.837706542006345,55.837706542006345,56.6312853749987,56.61468650000461,,,k,"001",2025-11-10_21h16.03.799,2nd exp,,2025.2.0,None,2025-11-10 21h16.03.874817 +0530,
They have finished the work,They work the have finished,transposition_unrelated,left,6,6,0,left,1,1.8047356250026496,None,0,6,6,11,56.6312853749987,,,,,,,,,56.62514679199376,56.6312853749987,56.88068137499795,56.88068137499795,57.07857441699889,57.07857441699889,57.27290658300626,57.27961270799278,57.37903629199718,57.37903629199718,57.37903629199718,59.19131591699261,left,1,1.8047356250026496,None,59.19165220799914,59.203390291993855,59.203390291993855,59.38856541700079,59.39643262499885,59.39643262499885,60.18775504200312,60.17187754200131,,,k,"001",2025-11-10_21h16.03.799,2nd exp,,2025.2.0,None,2025-11-10 21h16.03.874817 +0530,
She does not like apples,She like does apples not,transposition_unrelated,left,7,7,0,left,1,1.3274507070018444,None,0,7,7,7,60.18775504200312,,,,,,,,,60.18302437500097,60.191830458003096,60.43911145799211,60.43911145799211,60.63900641699729,60.63900641699729,60.82732104200113,60.839312916999916,60.92740962500102,60.939177124993876,60.939177124993876,62.27373466700374,left,1,1.3274507070018444,None,62.274032083005295,62.285395957995206,62.285395957995206,62.47217858300428,62.47988600000099,62.47988600000099,63.27227262499218,63.256388708003215,,,k,"001",2025-11-10_21h16.03.799,2nd exp,,2025.2.0,None,2025-11-10 21h16.03.874817 +0530,
They have finished the work,They finished have the work,repetition_unrelated,left,8,8,0,left,1,1.2867058330011787,None,0,8,8,9,63.27227262499218,,,,,,,,,63.26757616699615,63.27605429200048,63.52236770799209,63.52236770799209,63.72248574999685,63.72248574999685,63.91097208300198,63.92249366699252,64.01078862500435,64.02281374999438,64.02281374999438,65.31320816700463,left,1,1.2867058330011787,None,65.31348245800473,65.32470054199803,65.32470054199803,65.51501416700194,65.52119979199779,65.52119979199779,66.32263758299814,66.30634370799817,,,k,"001",2025-11-10_21h16.03.799,2nd exp,,2025.2.0,None,2025-11-10 21h16.03.874817 +0530,
The boy can read fast,The boy can read fast,transposition_related,right,9,9,0,right,1,1.0713590829982422,None,0,9,9,2,66.32263758299814,,,,,,,,,66.3173583750031,66.32263758299814,66.55418725000345,66.57253908300481,66.76272837500437,66.74321724999754,66.96221524999419,66.96221524999419,67.0626540420053,67.0626540420053,67.0626540420053,68.14058612499502,right,1,1.0713590829982422,None,68.14086800000223,68.15215399999579,68.15215399999579,68.33879962499486,68.34531116699509,68.34531116699509,69.12852041699807,69.12280562499654,,,k,"001",2025-11-10_21h16.03.799,2nd exp,,2025.2.0,None,2025-11-10 21h16.03.874817 +0530,
The boy can read fast,The boy can read fast,repetition_related,right,10,10,0,right,1,2.6471845830092207,None,0,10,10,0,69.12852041699807,,,,,,,,,69.12335395799892,69.13921916700201,69.38925162500527,69.37652995799726,69.58927420800319,69.5771392500028,69.77659441699507,69.7893090419966,69.87791666699923,69.88922562499647,69.88922562499647,72.54063395799312,right,1,2.6471845830092207,None,72.5410399169923,72.55339766699763,72.55339766699763,72.73911650000082,72.74681704200339,72.74681704200339,73.54097229200124,73.52845445800631,,,k,"001",2025-11-10_21h16.03.799,2nd exp,,2025.2.0,None,2025-11-10 21h16.03.874817 +0530,
The boy can read fast,The read can boy fast,repetition_unrelated,left,11,11,0,left,1,1.0256757910101442,None,0,11,11,1,73.54097229200124,,,,,,,,,73.53425637500186,73.54097229200124,73.78820558299776,73.78820558299776,73.9893188749993,73.9762269579951,74.17727174999891,74.18932416700409,74.27738775000034,74.28918704199896,74.28918704199896,75.32471849999274,left,1,1.0256757910101442,None,75.32525620800152,75.33708462500363,75.33708462500363,75.52104350000445,75.52899779200379,75.52899779200379,76.32192570800544,76.3065221249999,,,k,"001",2025-11-10_21h16.03.799,2nd exp,,2025.2.0,None,2025-11-10 21h16.03.874817 +0530,
They have finished the work,They have finished the work,repetition_related,right,12,12,0,right,1,2.3734534999966854,None,0,12,12,8,76.32192570800544,,,,,,,,,76.31711012500455,76.32631783299439,76.57250937499339,76.57250937499339,76.77244412500295,76.77244412500295,76.96069412499492,76.97258587500255,77.05960337500437,77.07243991699943,77.07243991699943,79.45740758300235,right,1,2.3734534999966854,None,79.45780824999383,79.46940266700403,79.46940266700403,79.65444054199907,79.66278833299293,79.66278833299293,80.45479504199466,80.43948216699937,,,k,"001",2025-11-10_21h16.03.799,2nd exp,,2025.2.0,None,2025-11-10 21h16.03.874817 +0530,
The dog is barking loudly,The dog is barking loudly,repetition_related,right,13,13,0,right,1,2.949469583007158,None,0,13,13,12,80.45479504199466,,,,,,,,,80.4501253329945,80.4591901669919,80.70580529200379,80.70580529200379,80.90512929200486,80.90512929200486,81.09474924999813,81.10584049999306,81.19476675000624,81.20598779199645,81.20598779199645,84.15788362499734,right,1,2.949469583007158,None,84.15848108299542,84.17005520800012,84.17005520800012,84.35521458300354,84.36528195800202,84.36528195800202,85.15034424999612,85.13802499999292,,,k,"001",2025-11-10_21h16.03.799,2nd exp,,2025.2.0,None,2025-11-10 21h16.03.874817 +0530,
The dog is barking loudly,The loudly is barking dog,repetition_unrelated,left,14,14,0,left,1,1.1063032910024049,None,0,14,14,13,85.15034424999612,,,,,,,,,85.1455472499947,85.15450904199679,85.40598012499686,85.39331608300563,85.60585500000161,85.59413458299241,85.7944842500001,85.80585541699838,85.8940367920004,85.90571500000078,85.90571500000078,87.02463316700596,left,1,1.1063032910024049,None,87.0252516670007,87.03710050000518,87.03710050000518,87.22192724999331,87.2333833330049,87.2333833330049,88.02754358299717,88.01282524999988,,,k,"001",2025-11-10_21h16.03.799,2nd exp,,2025.2.0,None,2025-11-10 21h16.03.874817 +0530,
She does not like apples,She does not like apples,repetition_related,right,15,15,0,right,1,1.6205418330064276,None,0,15,15,4,88.02754358299717,,,,,,,,,88.02229487500153,88.02754358299717,88.27131595800165,88.27131595800165,88.47241283299809,88.46078179200413,88.65928274999897,88.67251874999783,88.76100129200495,88.77242816699436,88.77242816699436,90.39645699999528,right,1,1.6205418330064276,None,90.39676449999388,90.40836124999623,90.40836124999623,90.59713500000362,90.60422887500317,90.60422887500317,91.40311033300532,91.3888217079948,,,k,"001",2025-11-10_21h16.03.799,2nd exp,,2025.2.0,None,2025-11-10 21h16.03.874817 +0530,
The boy can read fast,The read can boy fast,repetition_unrelated,left,16,0,1,left,1,1.8477849579940084,None,1,0,16,1,91.40311033300532,,,,,,,,,91.3979130420048,91.40311033300532,91.64550787500048,91.64550787500048,91.8374866249942,91.8374866249942,92.02797004199238,92.04568624999956,92.14515741700598,92.14515741700598,92.14515741700598,93.9963351250044,left,1,1.8477849579940084,None,93.9966851670033,94.00836141699983,94.00836141699983,94.18782545799331,94.20575270800327,94.20575270800327,94.98823750000156,94.97295125000528,,,k,"001",2025-11-10_21h16.03.799,2nd exp,,2025.2.0,None,2025-11-10 21h16.03.874817 +0530,
She does not like apples,She not does like apples,transposition_related,right,17,1,1,left,0,1.3318789989862125,None,1,1,17,6,94.98823750000156,,,,,,,,,94.98349008300283,94.99281812499976,95.24757345799298,95.23932545799471,95.43753920799645,95.43753920799645,95.62645487500413,95.645533582996,95.73927570799424,95.74603054199542,95.74603054199542,97.09061170800123,left,0,1.3318789989862125,None,97.09091475000605,97.1023262499948,97.1023262499948,97.2889695000049,97.29705166700296,97.29705166700296,98.0878034579946,98.07213133299956,,,k,"001",2025-11-10_21h16.03.799,2nd exp,,2025.2.0,None,2025-11-10 21h16.03.874817 +0530,
They have finished the work,They work the have finished,transposition_unrelated,left,18,2,1,left,1,3.032269791001454,None,1,2,18,11,98.0878034579946,,,,,,,,,98.08289624999452,98.0923843329947,98.33907204199932,98.33907204199932,98.53918545799388,98.53918545799388,98.72753483300039,98.7390989580017,98.82657291699434,98.83921516699775,98.83921516699775,101.87403270800132,left,1,3.032269791001454,None,101.87442812499648,101.8859535829979,101.8859535829979,102.07105174999742,102.07954783299647,102.07954783299647,102.8666393750027,102.85499095800333,,,k,"001",2025-11-10_21h16.03.799,2nd exp,,2025.2.0,None,2025-11-10 21h16.03.874817 +0530,
They have finished the work,They have finished the work,repetition_related,right,19,3,1,right,1,1.6277563750045374,None,1,3,19,8,102.8666393750027,,,,,,,,,102.86180400000012,102.87084324999887,103.12261120800395,103.10961287499231,103.32245725000394,103.32245725000394,103.50977566700021,103.52268570799788,103.60936874999607,103.62246062500344,103.62246062500344,105.25805783299438,right,1,1.6277563750045374,None,105.25867958299932,105.27039104199503,105.27039104199503,105.45569741699728,105.46215979200497,105.46215979200497,106.254827458004,106.23952583299251,,,k,"001",2025-11-10_21h16.03.799,2nd exp,,2025.2.0,None,2025-11-10 21h16.03.874817 +0530,
She does not like apples,She not does like apples,repetition_unrelated,left,20,4,1,left,1,1.2652891249890672,None,1,4,20,5,106.254827458004,,,,,,,,,106.25007058300253,106.25927541700366,106.50574533299368,106.50574533299368,106.70584029199381,106.6943919579935,106.89331924999715,106.9059017499967,106.99401358299656,107.00576591699792,107.00576591699792,108.27469495800324,left,1,1.2652891249890672,None,108.27528254200297,108.28712887500296,108.28712887500296,108.47098154199193,108.4811037920008,108.4811037920008,109.26642029199866,109.25486437500513,,,k,"001",2025-11-10_21h16.03.799,2nd exp,,2025.2.0,None,2025-11-10 21h16.03.874817 +0530,
She does not like apples,She does not like apples,repetition_related,right,21,5,1,right,1,1.8314545000030193,None,1,5,21,4,109.26642029199866,,,,,,,,,109.26158954200218,109.27159095800016,109.52258575000451,109.51068254199345,109.72253491700394,109.72253491700394,109.91159879199404,109.92282920799335,110.01104895799654,110.02249658299843,110.02249658299843,111.85798995799269,right,1,1.8314545000030193,None,111.85858954199648,111.87025162500504,111.87025162500504,112.05527166700631,112.0653592919989,112.0653592919989,112.86103895799897,112.84599145800166,,,k,"001",2025-11-10_21h16.03.799,2nd exp,,2025.2.0,None,2025-11-10 21h16.03.874817 +0530,
The dog is barking loudly,The dog barking is loudly,transposition_related,right,22,6,1,left,0,2.0104393320070812,None,1,6,22,14,112.86103895799897,,,,,,,,,112.8558283750026,112.86103895799897,113.10591020800348,113.10591020800348,113.30594137500157,113.29331441699469,113.49404350000259,113.5056832919945,113.59395508299349,113.6054039580049,113.6054039580049,115.62408979199245,left,0,2.0104393320070812,None,115.62432029200136,115.63903270800074,115.63903270800074,115.82088266700157,115.83905908299494,115.83905908299494,116.61783179199847,116.60653995799657,,,k,"001",2025-11-10_21h16.03.799,2nd exp,,2025.2.0,None,2025-11-10 21h16.03.874817 +0530,
The dog is barking loudly,The dog is barking loudly,repetition_related,right,23,7,1,right,1,1.0699615820049075,None,1,7,23,12,116.61783179199847,,,,,,,,,116.61266787500062,116.62392695799645,116.87239441700513,116.87239441700513,117.07263700000476,117.06180049999966,117.26115308300359,117.27268041699426,117.36219545800122,117.37276541699248,117.37276541699248,118.44712208300189,right,1,1.0699615820049075,None,118.44741100000101,118.45849016700231,118.45849016700231,118.6470382080006,118.65671250000014,118.65671250000014,119.4472226670041,119.43097641700297,,,k,"001",2025-11-10_21h16.03.799,2nd exp,,2025.2.0,None,2025-11-10 21h16.03.874817 +0530,
They have finished the work,They finished have the work,transposition_related,right,24,8,1,left,0,1.117808707000222,None,1,8,24,10,119.4472226670041,,,,,,,,,119.44153283299238,119.4472226670041,119.69716441699711,119.69716441699711,119.88762279199727,119.88762279199727,120.07664691700484,120.09531904199685,120.1892143330042,120.19593062499189,120.19593062499189,121.3238939169969,left,0,1.117808707000222,None,121.32419004199619,121.33571874999325,121.33571874999325,121.52235066700086,121.52896195799985,121.52896195799985,122.32895516700228,122.31279799999902,,,k,"001",2025-11-10_21h16.03.799,2nd exp,,2025.2.0,None,2025-11-10 21h16.03.874817 +0530,
The boy can read fast,The read can boy fast,transposition_unrelated,left,25,9,1,left,1,1.0030797910003457,None,1,9,25,3,122.32895516700228,,,,,,,,,122.3233280830027,122.32895516700228,122.57242670799315,122.57242670799315,122.77217816699704,122.77217816699704,122.9609222500003,122.972323916998,123.0608975829964,123.07253304199548,123.07253304199548,124.0792351669952,left,1,1.0030797910003457,None,124.07957899999747,124.0912451250042,124.0912451250042,124.27218545800133,124.28842724999413,124.28842724999413,125.06604541699926,125.0551524170005,,,k,"001",2025-11-10_21h16.03.799,2nd exp,,2025.2.0,None,2025-11-10 21h16.03.874817 +0530,
The boy can read fast,The boy can read fast,repetition_related,right,26,10,1,right,1,1.959100499007036,None,1,10,26,0,125.06604541699926,,,,,,,,,125.06115166700329,125.07126412499929,125.33068987500155,125.31089049999719,125.52242816699436,125.52242816699436,125.71106849999342,125.72888270800468,125.82237212499604,125.82237212499604,125.82237212499604,127.79058687499491,right,1,1.959100499007036,None,127.79090766700392,127.80231212500075,127.80231212500075,127.98891887499485,127.99658604200522,127.99658604200522,128.77586341700226,128.7715741669963,,,k,"001",2025-11-10_21h16.03.799,2nd exp,,2025.2.0,None,2025-11-10 21h16.03.874817 +0530,
The boy can read fast,The boy can read fast,transposition_related,right,27,11,1,right,1,1.1485351250012172,None,1,11,27,2,128.77586341700226,,,,,,,,,128.77186787499522,128.7891971670033,129.03907112499292,129.02652337499603,129.2388958329975,129.22744554199744,129.4271242919931,129.43911375000607,129.52756562500144,129.53899116700632,129.53899116700632,130.69060104200616,right,1,1.1485351250012172,None,130.69097962499654,130.7028784580034,130.7028784580034,130.8890512920043,130.8996732079977,130.8996732079977,131.68823016699753,131.67287720799504,,,k,"001",2025-11-10_21h16.03.799,2nd exp,,2025.2.0,None,2025-11-10 21h16.03.874817 +0530,
She does not like apples,She like does apples not,transposition_unrelated,left,28,12,1,left,1,1.8071531239984324,None,1,12,28,7,131.68823016699753,,,,,,,,,131.68348862499988,131.69262866700592,131.93899716700253,131.93899716700253,132.13909675000468,132.12708649999695,132.32762070800527,132.33907941699727,132.42652654199628,132.4391981249937,132.4391981249937,134.25790454199887,left,1,1.8071531239984324,None,134.25854729200364,134.27008124999702,134.27008124999702,134.45441095800197,134.46275904199865,134.46275904199865,135.25252162499237,135.2382621249999,,,k,"001",2025-11-10_21h16.03.799,2nd exp,,2025.2.0,None,2025-11-10 21h16.03.874817 +0530,
They have finished the work,They finished have the work,repetition_unrelated,left,29,13,1,left,1,1.8876562079967698,None,1,13,29,9,135.25252162499237,,,,,,,,,135.24788795800123,135.25662874999398,135.50599633299862,135.49423695799487,135.70577924999816,135.70577924999816,135.89428487500118,135.9057625419955,135.99264270800631,136.00565416700556,136.00565416700556,137.89651245799905,left,1,1.8876562079967698,None,137.89678700000513,137.90791016699222,137.90791016699222,138.09862295800122,138.10487616699538,138.10487616699538,138.90428025000438,138.88839175000612,,,k,"001",2025-11-10_21h16.03.799,2nd exp,,2025.2.0,None,2025-11-10 21h16.03.874817 +0530,
The dog is barking loudly,The loudly is barking dog,repetition_unrelated,left,30,14,1,left,1,1.2897417070053052,None,1,14,30,13,138.90428025000438,,,,,,,,,138.89905233299942,138.90428025000438,139.14704604199505,139.14704604199505,139.33837087500433,139.33837087500433,139.52596879200428,139.54586537499563,139.63913533299637,139.6456342080055,139.6456342080055,140.94121599999198,left,1,1.2897417070053052,None,140.94178716700117,140.95339579199208,140.95339579199208,141.1384375829948,141.14668983299634,141.14668983299634,141.9336035419983,141.92267987500236,,,k,"001",2025-11-10_21h16.03.799,2nd exp,,2025.2.0,None,2025-11-10 21h16.03.874817 +0530,
The dog is barking loudly,The barking dog loudly is,transposition_unrelated,left,31,15,1,left,1,1.105044915995677,None,1,15,31,15,141.9336035419983,,,,,,,,,141.92885404199478,141.9553569999989,142.1890725830017,142.1973350420012,142.388902916995,142.388902916995,142.5763833749952,142.58914608300256,142.6791218330036,142.68910933300504,142.68910933300504,143.79638358300144,left,1,1.105044915995677,None,143.79665312499856,143.8078108750051,143.8078108750051,143.98892829200486,144.00478095799917,144.00478095799917,144.7874742080021,144.77288975000556,,,k,"001",2025-11-10_21h16.03.799,2nd exp,,2025.2.0,None,2025-11-10 21h16.03.874817 +0530,
She does not like apples,She does not like apples,repetition_related,right,32,0,2,right,1,1.2543764160072897,None,2,0,32,4,144.7874742080021,,,,,,,,,144.7825981250062,144.79191979199823,145.0470760419994,145.03899229200033,145.24600920800003,145.24600920800003,145.44544066699746,145.44544066699746,145.539200625004,145.54678408299515,145.54678408299515,146.80712862500513,right,1,1.2543764160072897,None,146.8075206670037,146.81909150000138,146.81909150000138,147.00484641699586,147.01148454200302,147.01148454200302,147.8040454580041,147.78892245799943,,,k,"001",2025-11-10_21h16.03.799,2nd exp,,2025.2.0,None,2025-11-10 21h16.03.874817 +0530,
They have finished the work,They finished have the work,repetition_unrelated,left,33,1,2,left,1,1.2783316239947453,None,2,1,33,9,147.8040454580041,,,,,,,,,147.79900045800605,147.8086559999938,148.05569970799843,148.05569970799843,148.25587766700482,148.24333220800327,148.44426062499406,148.45591345800494,148.5436262919975,148.55561500000476,148.55561500000476,149.84118824999314,left,1,1.2783316239947453,None,149.84178649999376,149.85335312499956,149.85335312499956,150.0379387080029,150.04487341700587,150.04487341700587,150.836324332995,150.82170037500327,,,k,"001",2025-11-10_21h16.03.799,2nd exp,,2025.2.0,None,2025-11-10 21h16.03.874817 +0530,
The boy can read fast,The boy can read fast,transposition_related,right,34,2,2,right,1,1.5839578330051154,None,2,2,34,2,150.836324332995,,,,,,,,,150.83149866700114,150.84100087499246,151.08824691700283,151.08824691700283,151.2890306670015,151.27754154200375,151.47717258299235,151.4890120420023,151.57641191700532,151.58890670799883,151.58890670799883,153.17974175000563,right,1,1.5839578330051154,None,153.18002216699824,153.1912028749939,153.1912028749939,153.38122433300305,153.3879579170025,153.3879579170025,154.18951291700068,154.17286804200558,,,k,"001",2025-11-10_21h16.03.799,2nd exp,,2025.2.0,None,2025-11-10 21h16.03.874817 +0530,
The dog is barking loudly,The barking dog loudly is,transposition_unrelated,left,35,3,2,left,1,1.7401577910059132,None,2,3,35,15,154.18951291700068,,,,,,,,,154.18421570799546,154.18951291700068,154.43032275000587,154.43032275000587,154.62191400000302,154.62191400000302,154.81083975000365,154.8289014579932,154.92241087500588,154.92871745799494,154.92871745799494,156.67453429200395,left,1,1.7401577910059132,None,156.67510475000017,156.68685791699681,156.68685791699681,156.87194583300152,156.8919368749921,156.8919368749921,157.6716723330028,157.6562489170028,,,k,"001",2025-11-10_21h16.03.799,2nd exp,,2025.2.0,None,2025-11-10 21h16.03.874817 +0530,
The boy can read fast,The read can boy fast,repetition_unrelated,left,36,4,2,left,1,1.7523552080092486,None,2,4,36,1,157.6716723330028,,,,,,,,,157.6667230000021,157.67618774999573,157.9218352500029,157.9218352500029,158.12739970799885,158.12100479200308,158.3223704169941,158.3223704169941,158.4109472919954,158.4224773330061,158.4224773330061,160.18002579199674,left,1,1.7523552080092486,None,160.180310249998,160.19155158300418,160.19155158300418,160.38191270800598,160.38825070799794,160.38825070799794,161.18644612499338,161.17104149999795,,,k,"001",2025-11-10_21h16.03.799,2nd exp,,2025.2.0,None,2025-11-10 21h16.03.874817 +0530,
They have finished the work,They work the have finished,transposition_unrelated,left,37,5,2,left,1,2.117962207994424,None,2,5,37,11,161.18644612499338,,,,,,,,,161.1813267079997,161.18644612499338,161.42988183299894,161.42988183299894,161.62079204199836,161.62079204199836,161.8105402920046,161.82874304200232,161.92244725000637,161.9287704580056,161.9287704580056,164.05786008300493,left,1,2.117962207994424,None,164.05829866700515,164.06978954200167,164.06978954200167,164.25410329199804,164.2622364169947,164.2622364169947,165.05513920799422,165.03939829199226,,,k,"001",2025-11-10_21h16.03.799,2nd exp,,2025.2.0,None,2025-11-10 21h16.03.874817 +0530,
The dog is barking loudly,The dog barking is loudly,transposition_related,right,38,6,2,left,0,1.6648297490028199,None,2,6,38,14,165.05513920799422,,,,,,,,,165.05025274999207,165.05970399999933,165.30536354199285,165.30536354199285,165.50577504199464,165.4937473750033,165.69394287500472,165.7055905419984,165.79333554199548,165.8058675420034,165.8058675420034,167.47441862500273,left,0,1.6648297490028199,None,167.47479512500286,167.48639512500085,167.48639512500085,167.6713238749944,167.6799165830016,167.6799165830016,168.4686599580018,168.45533379199333,,,k,"001",2025-11-10_21h16.03.799,2nd exp,,2025.2.0,None,2025-11-10 21h16.03.874817 +0530,
The boy can read fast,The read can boy fast,transposition_unrelated,left,39,7,2,left,1,0.8138917489995947,None,2,7,39,3,168.4686599580018,,,,,,,,,168.4635233750014,168.47427133300516,168.72258512499684,168.72258512499684,168.92229970799235,168.92229970799235,169.10820529199555,169.12145654199412,169.20940191700356,169.22164133300248,169.22164133300248,170.04124029200466,left,1,0.8138917489995947,None,170.0417959579936,170.05370958299318,170.05370958299318,170.23835529199278,170.24595087500347,170.24595087500347,171.03321770799812,171.0225896250049,,,k,"001",2025-11-10_21h16.03.799,2nd exp,,2025.2.0,None,2025-11-10 21h16.03.874817 +0530,
The boy can read fast,The boy can read fast,repetition_related,right,40,8,2,right,1,0.4503325819969177,None,2,8,40,0,171.03321770799812,,,,,,,,,171.02835304199834,171.03739970800234,171.2888980419957,171.27672337500553,171.48894141700293,171.48894141700293,171.67659950000234,171.68884866699227,171.77628454199294,171.7890613329946,171.7890613329946,172.24616637500003,right,1,0.4503325819969177,None,172.24645737500396,172.25799208300305,172.25799208300305,172.4375120420009,172.4542831669969,172.4542831669969,173.23617462499533,173.22143279199372,,,k,"001",2025-11-10_21h16.03.799,2nd exp,,2025.2.0,None,2025-11-10 21h16.03.874817 +0530,
They have finished the work,They finished have the work,transposition_related,right,41,9,2,left,0,1.1198997489991598,None,2,9,41,10,173.23617462499533,,,,,,,,,173.23135516699404,173.24058083299315,173.48805783300486,173.48805783300486,173.6949653329939,173.67605924999225,173.88913395800046,173.88913395800046,173.97657304200402,173.99559049999516,173.99559049999516,175.1246070000052,left,0,1.1198997489991598,None,175.12523779200274,175.13708820799366,175.13708820799366,175.32222295799875,175.3291548749985,175.3291548749985,176.12752137500502,176.11269795800035,,,k,"001",2025-11-10_21h16.03.799,2nd exp,,2025.2.0,None,2025-11-10 21h16.03.874817 +0530,
She does not like apples,She like does apples not,transposition_unrelated,left,42,10,2,left,1,1.3391502080048667,None,2,10,42,7,176.12752137500502,,,,,,,,,176.12213662499562,176.12752137500502,176.3722302919923,176.3722302919923,176.57246191699232,176.5587737080059,176.76092504199187,176.7723045419989,176.85968733299524,176.8722259579954,176.8722259579954,178.22215762500127,left,1,1.3391502080048667,None,178.2223050419998,178.22908166699926,178.22908166699926,178.41433070799394,178.42127983299724,178.42127983299724,179.2101279579947,179.19703254199703,,,k,"001",2025-11-10_21h16.03.799,2nd exp,,2025.2.0,None,2025-11-10 21h16.03.874817 +0530,
They have finished the work,They have finished the work,repetition_related,right,43,11,2,right,1,1.1666894580121152,None,2,11,43,8,179.2101279579947,,,,,,,,,179.20587683300255,179.2217464169953,179.4635992919939,179.4635992919939,179.66232379199937,179.65560933300003,179.8555454169982,179.86060829200142,179.95569033299398,179.96253845799947,179.96253845799947,181.14124558299955,right,1,1.1666894580121152,None,181.14170199999353,181.1544242920063,181.1544242920063,181.33787750000192,181.34589112500544,181.34589112500544,182.13833737499954,182.1222846669989,,,k,"001",2025-11-10_21h16.03.799,2nd exp,,2025.2.0,None,2025-11-10 21h16.03.874817 +0530,
She does not like apples,She not does like apples,repetition_unrelated,left,44,12,2,left,1,2.002224623996881,None,2,12,44,5,182.13833737499954,,,,,,,,,182.13362345799396,182.14290841699403,182.38901795800484,182.38901795800484,182.58892291699885,182.57528487499803,182.7775532079977,182.78887695800222,182.8774846669985,182.8890007500013,182.8890007500013,184.895449292002,left,1,2.002224623996881,None,184.89570966700558,184.90787487500347,184.90787487500347,185.088342499992,185.1053502499999,185.1053502499999,185.8769835419953,185.87279887500335,,,k,"001",2025-11-10_21h16.03.799,2nd exp,,2025.2.0,None,2025-11-10 21h16.03.874817 +0530,
She does not like apples,She not does like apples,transposition_related,right,45,13,2,left,0,1.1630148319964064,None,2,13,45,6,185.8769835419953,,,,,,,,,185.8730585000012,185.89433041699522,186.1377344999928,186.1377344999928,186.34453887499694,186.32524504199682,186.5394337500038,186.54658783299965,186.6441770829988,186.6441770829988,186.6441770829988,187.81325320800534,left,0,1.1630148319964064,None,187.8135290420032,187.8247682920046,187.8247682920046,188.014923041992,188.02083670800494,188.02083670800494,188.81900725000014,188.80435212499287,,,k,"001",2025-11-10_21h16.03.799,2nd exp,,2025.2.0,None,2025-11-10 21h16.03.874817 +0530,
The dog is barking loudly,The dog is barking loudly,repetition_related,right,46,14,2,right,1,1.2925954579986865,None,2,14,46,12,188.81900725000014,,,,,,,,,188.81361800000013,188.81900725000014,189.06361658299284,189.06361658299284,189.25400333300058,189.25845500000287,189.44403912499547,189.46199329200317,189.5554782919935,189.5554782919935,189.5554782919935,190.85797862500476,right,1,1.2925954579986865,None,190.85851274999732,190.86998029200186,190.86998029200186,191.05481304199202,191.06513304199325,191.06513304199325,191.85045970800275,191.8393635419925,,,k,"001",2025-11-10_21h16.03.799,2nd exp,,2025.2.0,None,2025-11-10 21h16.03.874817 +0530,
The dog is barking loudly,The loudly is barking dog,repetition_unrelated,left,47,15,2,left,1,0.8462088329979451,None,2,15,47,13,191.85045970800275,,,,,,,,,191.84565987500537,191.8719498749997,192.1041941250005,192.12209158300539,192.3056667500059,192.2917175420007,192.49422245800088,192.50578362500528,192.5936956670048,192.60575474999496,192.60575474999496,193.4575186669972,left,1,0.8462088329979451,None,193.45794812499662,193.4694907499943,193.4694907499943,193.65467833299772,193.66137091700512,193.66137091700512,194.45275574999687,194.43787016699207,,,k,"001",2025-11-10_21h16.03.799,2nd exp,,2025.2.0,None,2025-11-10 21h16.03.874817 +0530,
The boy can read fast,The boy can read fast,transposition_related,right,48,0,3,right,1,2.198413916004938,None,3,0,48,2,194.45275574999687,,,,,,,,,194.44800925000163,194.45717829199566,194.7056354170054,194.7056354170054,194.9056968329969,194.8931425829942,195.0940372920013,195.105726416994,195.19398412499868,195.20553833300073,195.20553833300073,197.40783633300452,right,1,2.198413916004938,None,197.40840924999793,197.42016700000386,197.42016700000386,197.6039625830017,197.61017775000073,197.61017775000073,198.40389512499678,198.3879026670038,,,k,"001",2025-11-10_21h16.03.799,2nd exp,,2025.2.0,None,2025-11-10 21h16.03.874817 +0530,
She does not like apples,She not does like apples,repetition_unrelated,left,49,1,3,left,1,1.0003264580009272,None,3,1,49,5,198.40389512499678,,,,,,,,,198.39907637500437,198.4085757080029,198.65559358299652,198.65559358299652,198.85541908300365,198.85541908300365,199.04419683299784,199.05561108299298,199.14377258300374,199.1555652919924,199.1555652919924,200.1633264580014,left,1,1.0003264580009272,None,200.1636116669979,200.17462775000604,200.17462775000604,200.36352662500576,200.37059058299928,200.37059058299928,201.172543416993,201.1562254169985,,,k,"001",2025-11-10_21h16.03.799,2nd exp,,2025.2.0,None,2025-11-10 21h16.03.874817 +0530,
The dog is barking loudly,The dog barking is loudly,transposition_related,right,50,2,3,left,0,5.943536123988451,None,3,2,50,14,201.172543416993,,,,,,,,,201.16733291700075,201.172543416993,201.41387083299924,201.41387083299924,201.60404249999556,201.60404249999556,201.7929673329927,201.81204091699328,201.9118708330061,201.9118708330061,201.9118708330061,207.858091083006,left,0,5.943536123988451,None,207.85875387499982,207.87162224999338,207.87162224999338,208.05565391699201,208.0631186249957,208.0631186249957,208.86295341700315,208.84603258299467,,,k,"001",2025-11-10_21h16.03.799,2nd exp,,2025.2.0,None,2025-11-10 21h16.03.874817 +0530,
The boy can read fast,The read can boy fast,repetition_unrelated,left,51,3,3,left,1,2.666067208003369,None,3,3,51,1,208.86295341700315,,,,,,,,,208.8572569579992,208.86295341700315,209.1053350000002,209.11280795799394,209.30564679199597,209.29289212499862,209.49421516699658,209.50540900000487,209.59314604199608,209.60563666699454,209.60563666699454,212.2743330420053,left,1,2.666067208003369,None,212.2747090000048,212.2861156250001,212.2861156250001,212.47061162500177,212.47698020799726,212.47698020799726,213.2714052079973,213.25595350000367,,,k,"001",2025-11-10_21h16.03.799,2nd exp,,2025.2.0,None,2025-11-10 21h16.03.874817 +0530,
She does not like apples,She like does apples not,transposition_unrelated,left,52,4,3,left,1,1.172397207992617,None,3,4,52,7,213.2714052079973,,,,,,,,,213.2667958749953,213.27579754199542,213.52229129199986,213.52229129199986,213.72200833300303,213.72200833300303,213.9106752499938,213.92212145800295,214.00913350000337,214.02210766699864,214.02210766699864,215.19632716699562,left,1,1.172397207992617,None,215.19665141700534,215.20808583300095,215.20808583300095,215.39966762499535,215.40557508300117,215.40557508300117,216.2039865830011,216.18802229200082,,,k,"001",2025-11-10_21h16.03.799,2nd exp,,2025.2.0,None,2025-11-10 21h16.03.874817 +0530,
The boy can read fast,The read can boy fast,transposition_unrelated,left,53,5,3,left,1,1.127386166001088,None,3,5,53,3,216.2039865830011,,,,,,,,,216.19846662499185,216.2039865830011,216.44693158299197,216.44693158299197,216.63745762499457,216.64273537500412,216.82713191700168,216.84529883299547,216.93879833299434,216.94492570799775,216.94492570799775,218.07468079199316,left,1,1.127386166001088,None,218.07526650000364,218.08701233299507,218.08701233299507,218.270512624993,218.27710550000484,218.27710550000484,219.0711688750016,219.05590849999862,,,k,"001",2025-11-10_21h16.03.799,2nd exp,,2025.2.0,None,2025-11-10 21h16.03.874817 +0530,
The dog is barking loudly,The barking dog loudly is,transposition_unrelated,left,54,6,3,left,1,1.6572090410045348,None,3,6,54,15,219.0711688750016,,,,,,,,,219.0664508750051,219.07576058300037,219.32221499999287,219.32221499999287,219.52225616699434,219.50989808299346,219.71077483300178,219.72224008299236,219.8096077920054,219.82216374999552,219.82216374999552,221.49057654199714,left,1,1.6572090410045348,None,221.4909654170042,221.50276495800063,221.50276495800063,221.68838716699975,221.69475741700444,221.69475741700444,222.48395087500103,222.47285495800315,,,k,"001",2025-11-10_21h16.03.799,2nd exp,,2025.2.0,None,2025-11-10 21h16.03.874817 +0530,
The dog is barking loudly,The dog is barking loudly,repetition_related,right,55,7,3,right,1,1.6124816660012584,None,3,7,55,12,222.48395087500103,,,,,,,,,222.47908575000474,222.5052502920007,222.7380244579981,222.74644308300049,222.93878908299666,222.92558233300224,223.12697970800218,223.13882133299194,223.227243041998,223.23884637499577,223.23884637499577,224.85748816699197,right,1,1.6124816660012584,None,224.85788024999783,224.86929791700095,224.86929791700095,225.05429612500302,225.06059779200586,225.06059779200586,225.8527434169955,225.83777050000208,,,k,"001",2025-11-10_21h16.03.799,2nd exp,,2025.2.0,None,2025-11-10 21h16.03.874817 +0530,
They have finished the work,They finished have the work,transposition_related,right,56,8,3,right,1,2.5596084160060855,None,3,8,56,10,225.8527434169955,,,,,,,,,225.84783483299543,225.8573822079925,226.10563866699522,226.10563866699522,226.30538062499545,226.30538062499545,226.49294570799975,226.5057233330008,226.593683375002,226.605606541998,226.605606541998,229.17368599999463,right,1,2.5596084160060855,None,229.17406829200627,229.18556604199694,229.18556604199694,229.37184233299922,229.3784774579981,229.3784774579981,230.17594379199727,230.1611872920039,,,k,"001",2025-11-10_21h16.03.799,2nd exp,,2025.2.0,None,2025-11-10 21h16.03.874817 +0530,
The dog is barking loudly,The loudly is barking dog,repetition_unrelated,left,57,9,3,left,1,4.141920207999647,None,3,9,57,13,230.17594379199727,,,,,,,,,230.171098042003,230.17594379199727,230.4220553329942,230.4220553329942,230.62214150000364,230.60919279200607,230.80968087499787,230.82220487500308,230.91082183299295,230.9223170829937,230.9223170829937,235.0741069999931,left,1,4.141920207999647,None,235.07441220799228,235.08546279200527,235.08546279200527,235.27134712500265,235.27763662500365,235.27763662500365,236.07069720799336,236.05521345799207,,,k,"001",2025-11-10_21h16.03.799,2nd exp,,2025.2.0,None,2025-11-10 21h16.03.874817 +0530,
They have finished the work,They have finished the work,repetition_related,right,58,10,3,right,1,1.2856539159984095,None,3,10,58,8,236.07069720799336,,,,,,,,,236.06558387499535,236.07530870799383,236.32218816700333,236.32218816700333,236.52217983300216,236.5097340420034,236.710698416995,236.7222418750025,236.8106642079947,236.82215508300578,236.82215508300578,238.1128206669964,right,1,1.2856539159984095,None,238.11310683299962,238.12424587500573,238.12424587500573,238.3040629580064,238.3207867500023,238.3207867500023,239.10284795799816,239.08932558300148,,,k,"001",2025-11-10_21h16.03.799,2nd exp,,2025.2.0,None,2025-11-10 21h16.03.874817 +0530,
They have finished the work,They finished have the work,repetition_unrelated,left,59,11,3,right,0,2.0303522070025792,None,3,11,59,9,239.10284795799816,,,,,,,,,239.09798941700137,239.10745595800108,239.36334295799315,239.35549154199543,239.55433870799607,239.56071370799327,239.74280437499692,239.76196937500208,239.8614457079966,239.8614457079966,239.8614457079966,241.89640654200048,right,0,2.0303522070025792,None,241.89668829199218,241.90810975000204,241.90810975000204,242.10046050000528,242.1220481670025,242.1220481670025,242.90004749999207,242.88806516700424,,,k,"001",2025-11-10_21h16.03.799,2nd exp,,2025.2.0,None,2025-11-10 21h16.03.874817 +0530,
They have finished the work,They work the have finished,transposition_unrelated,left,60,12,3,left,1,1.2370454159972724,None,3,12,60,11,242.90004749999207,,,,,,,,,242.89467129200057,242.90004749999207,243.14695904200198,243.14695904200198,243.3379706669948,243.3379706669948,243.52724083300564,243.54579716699664,243.6388401669974,243.64553279199754,243.64553279199754,244.88912574999267,left,1,1.2370454159972724,None,244.88936162499886,244.8978633749939,244.8978633749939,245.0882817919919,245.09345354199468,245.09345354199468,245.88802850000502,245.87221083299664,,,k,"001",2025-11-10_21h16.03.799,2nd exp,,2025.2.0,None,2025-11-10 21h16.03.874817 +0530,
The boy can read fast,The boy can read fast,repetition_related,right,61,13,3,right,1,1.9658225829916773,None,3,13,61,0,245.88802850000502,,,,,,,,,245.88238845800515,245.88802850000502,246.13044966700545,246.13044966700545,246.32881158299278,246.32217275000585,246.52204508299474,246.5268481670064,246.62210166700243,246.62875466699188,246.62875466699188,248.59594237500278,right,1,1.9658225829916773,None,248.59628800000064,248.6080364579975,248.6080364579975,248.7973427919933,248.80403737499728,248.80403737499728,249.6036216670036,249.58859533299983,,,k,"001",2025-11-10_21h16.03.799,2nd exp,,2025.2.0,None,2025-11-10 21h16.03.874817 +0530,
She does not like apples,She not does like apples,transposition_related,right,62,14,3,left,0,1.1988988319935743,None,3,14,62,6,249.6036216670036,,,,,,,,,249.59837145799247,249.6036216670036,249.84741933300393,249.84741933300393,250.0380401250004,250.04359041700081,250.2266231669928,250.24590808300127,250.3455851250037,250.3455851250037,250.3455851250037,251.54621374999988,left,0,1.1988988319935743,None,251.54649554200296,251.55780491699988,251.55780491699988,251.74701004200324,251.7564573330019,251.7564573330019,252.54123474999506,252.5298950419965,,,k,"001",2025-11-10_21h16.03.799,2nd exp,,2025.2.0,None,2025-11-10 21h16.03.874817 +0530,
She does not like apples,She does not like apples,repetition_related,right,63,15,3,right,1,1.529720124002779,None,3,15,63,4,252.54123474999506,,,,,,,,,252.5356444170029,252.54123474999506,252.7965572499961,252.78882845799671,252.9874321249954,252.99220412499562,253.17601174999436,253.1950620419957,253.28901824999775,253.2957333749946,253.2957333749946,254.83005458299886,right,1,1.529720124002779,None,254.83042124999338,254.84144829200523,254.84144829200523,255.030864750006,255.03807116700045,255.03807116700045,255.82837670799927,255.82245837499795,,,k,"001",2025-11-10_21h16.03.799,2nd exp,,2025.2.0,None,2025-11-10 21h16.03.874817 +0530,
She does not like apples,She does not like apples,repetition_related,right,64,0,4,right,1,1.7228065829986008,None,4,0,64,4,255.82837670799927,,,,,,,,,255.82288791700557,255.82837670799927,256.0800533750007,256.0722299170011,256.2778423330019,256.2778423330019,256.47207566699944,256.47863333299756,256.5722849580052,256.57864279199566,256.57864279199566,258.30761791700206,right,1,1.7228065829986008,None,258.30806733299687,258.3193082920043,258.3193082920043,258.5040866250056,258.51380600000266,258.51380600000266,259.3031939999928,259.2882788749994,,,k,"001",2025-11-10_21h16.03.799,2nd exp,,2025.2.0,None,2025-11-10 21h16.03.874817 +0530,
They have finished the work,They finished have the work,repetition_unrelated,left,65,1,4,left,1,1.9529151250026189,None,4,1,65,9,259.3031939999928,,,,,,,,,259.29845312499674,259.3069574169931,259.5544969170005,259.5544969170005,259.7554705829971,259.741660707994,259.94244237500243,259.9554267079948,260.04295704199467,260.05532629200025,260.05532629200025,262.01187354199647,left,1,1.9529151250026189,None,262.0121415829926,262.02412362500036,262.02412362500036,262.2046361249959,262.22117287499714,262.22117287499714,263.00413637500606,262.9879212920059,,,k,"001",2025-11-10_21h16.03.799,2nd exp,,2025.2.0,None,2025-11-10 21h16.03.874817 +0530,
The boy can read fast,The read can boy fast,transposition_unrelated,left,66,2,4,left,1,0.8726747080072528,None,4,2,66,3,263.00413637500606,,,,,,,,,262.9991759580007,263.0085762499948,263.2554672080005,263.2554672080005,263.46221562499704,263.45549062499776,263.6554987499985,263.6554987499985,263.7428808330005,263.7625607079972,263.7625607079972,264.64132999999856,left,1,0.8726747080072528,None,264.6419221249962,264.65327095800603,264.65327095800603,264.8388256670005,264.84646158300166,264.84646158300166,265.64211383300426,265.62768537500233,,,k,"001",2025-11-10_21h16.03.799,2nd exp,,2025.2.0,None,2025-11-10 21h16.03.874817 +0530,
She does not like apples,She not does like apples,transposition_related,right,67,3,4,left,0,1.0211044159950688,None,4,3,67,6,265.64211383300426,,,,,,,,,265.6373117920011,265.64211383300426,265.88894262499525,265.88894262499525,266.0890060420061,266.0770827499946,266.2761775419931,266.2889424580062,266.37655562500004,266.38894237499335,266.38894237499335,267.4129766249971,left,0,1.0211044159950688,None,267.41324945799715,267.4246976669965,267.4246976669965,267.6042714579962,267.6219846669992,267.6219846669992,268.4040379999933,268.388526833005,,,k,"001",2025-11-10_21h16.03.799,2nd exp,,2025.2.0,None,2025-11-10 21h16.03.874817 +0530,
The dog is barking loudly,The dog is barking loudly,repetition_related,right,68,4,4,right,1,1.2273875410028268,None,4,4,68,12,268.4040379999933,,,,,,,,,268.3992406250036,268.40773304199683,268.6637115420017,268.6555358750047,268.8614293330029,268.8614293330029,269.0601477080054,269.0601477080054,269.1555349580012,269.1606287500035,269.1606287500035,270.39015320800536,right,1,1.2273875410028268,None,270.3905490000034,270.40176745799545,270.40176745799545,270.58740012500493,270.5971392079955,270.5971392079955,271.381303999995,271.37242741699447,,,k,"001",2025-11-10_21h16.03.799,2nd exp,,2025.2.0,None,2025-11-10 21h16.03.874817 +0530,
The dog is barking loudly,The loudly is barking dog,repetition_unrelated,left,69,5,4,left,1,1.4990920410054969,None,4,5,69,13,271.381303999995,,,,,,,,,271.3765150830004,271.3872711669974,271.63875749999715,271.6263338330027,271.8388124579942,271.82625983300386,272.0274247079942,272.0388090829947,272.12729099999706,272.13883233300294,272.13883233300294,273.6400057919964,left,1,1.4990920410054969,None,273.64024100000097,273.65010458299366,273.65010458299366,273.83861287499894,273.84606354200514,273.84606354200514,274.63680133299204,274.621487832992,,,k,"001",2025-11-10_21h16.03.799,2nd exp,,2025.2.0,None,2025-11-10 21h16.03.874817 +0530,
They have finished the work,They have finished the work,repetition_related,right,70,6,4,right,1,1.7999837079987628,None,4,6,70,8,274.63680133299204,,,,,,,,,274.6319942919945,274.64138825000555,274.88895991699246,274.88895991699246,275.0877995829942,275.0877995829942,275.2758212500048,275.2887870419945,275.37613437499385,275.3888861250016,275.3888861250016,277.1967541250051,right,1,1.7999837079987628,None,277.1970372499927,277.2075595829956,277.2075595829956,277.3967725419934,277.40388395800255,277.40388395800255,278.2042274169944,278.1890111669927,,,k,"001",2025-11-10_21h16.03.799,2nd exp,,2025.2.0,None,2025-11-10 21h16.03.874817 +0530,
The boy can read fast,The boy can read fast,repetition_related,right,71,7,4,right,1,0.9951582909998251,None,4,7,71,0,278.2042274169944,,,,,,,,,278.19852849999734,278.2042274169944,278.44717025000136,278.44717025000136,278.6458398329996,278.6458398329996,278.8386914169969,278.84511125000427,278.9446786670014,278.9446786670014,278.9446786670014,279.94587170799787,right,1,0.9951582909998251,None,279.9461378749984,279.9578104579996,279.9578104579996,280.1481359169993,280.15396970800066,280.15396970800066,280.9483523329982,280.9376254170056,,,k,"001",2025-11-10_21h16.03.799,2nd exp,,2025.2.0,None,2025-11-10 21h16.03.874817 +0530,
The boy can read fast,The read can boy fast,repetition_unrelated,left,72,8,4,left,1,1.2208376659982605,None,4,8,72,1,280.9483523329982,,,,,,,,,280.9429400420049,280.9483523329982,281.18806758300343,281.1963216669974,281.39512841700343,281.3762231669971,281.58885762499995,281.58885762499995,281.67571700000553,281.6939186670061,281.6939186670061,282.9234721669927,left,1,1.2208376659982605,None,282.9237082079926,282.93324291700264,282.93324291700264,283.12178079200385,283.12816100000055,283.12816100000055,283.9197016669932,283.9045444999938,,,k,"001",2025-11-10_21h16.03.799,2nd exp,,2025.2.0,None,2025-11-10 21h16.03.874817 +0530,
The dog is barking loudly,The barking dog loudly is,transposition_unrelated,left,73,9,4,left,1,1.2504996659990866,None,4,9,73,15,283.9197016669932,,,,,,,,,283.91503033299523,283.9234543329949,284.1721078749979,284.1721078749979,284.37195075000636,284.37195075000636,284.55908674999955,284.5724807499937,284.65979608299676,284.67208845799905,284.67208845799905,285.9295026250038,left,1,1.2504996659990866,None,285.9297804579983,285.94087999999465,285.94087999999465,286.13327616700553,286.13926899999205,286.13926899999205,286.9379503749951,286.9208911250025,,,k,"001",2025-11-10_21h16.03.799,2nd exp,,2025.2.0,None,2025-11-10 21h16.03.874817 +0530,
The boy can read fast,The boy can read fast,transposition_related,right,74,10,4,right,1,1.0538851660094224,None,4,10,74,2,286.9379503749951,,,,,,,,,286.93257599999197,286.9379503749951,287.1804804580024,287.1804804580024,287.37134966699523,287.3769262919959,287.56078329199227,287.5786808330013,287.678668958004,287.678668958004,287.678668958004,288.7408274579939,right,1,1.0538851660094224,None,288.7414227499976,288.7525842079922,288.7525842079922,288.9387252500019,288.9463470829942,288.9463470829942,289.73888591700234,289.7224562079937,,,k,"001",2025-11-10_21h16.03.799,2nd exp,,2025.2.0,None,2025-11-10 21h16.03.874817 +0530,
She does not like apples,She like does apples not,transposition_unrelated,left,75,11,4,left,1,1.2895981250039767,None,4,11,75,7,289.73888591700234,,,,,,,,,289.73409633300616,289.7551628329966,289.98845358300605,289.99598904199956,290.18874741699256,290.1774516250007,290.3772302080033,290.38899937500537,290.47729729200364,290.4888930830057,290.4888930830057,291.7908937079919,left,1,1.2895981250039767,None,291.791444167,291.8027397499973,291.8027397499973,291.98773291699763,291.9940642080037,291.9940642080037,292.7853155420016,292.7708284580003,,,k,"001",2025-11-10_21h16.03.799,2nd exp,,2025.2.0,None,2025-11-10 21h16.03.874817 +0530,
The dog is barking loudly,The dog barking is loudly,transposition_related,right,76,12,4,left,0,1.206632665998768,None,4,12,76,14,292.7853155420016,,,,,,,,,292.78055949999543,292.7899217499944,293.0389726249996,293.0389726249996,293.2388917920034,293.2388917920034,293.427025166995,293.4386746670061,293.525636499995,293.5387331670063,293.5387331670063,294.75758062499517,left,0,1.206632665998768,None,294.7581395830057,294.7698710830009,294.7698710830009,294.953874208004,294.9601397499937,294.9601397499937,295.7527683329972,295.73759883300227,,,k,"001",2025-11-10_21h16.03.799,2nd exp,,2025.2.0,None,2025-11-10 21h16.03.874817 +0530,
They have finished the work,They finished have the work,transposition_related,right,77,13,4,left,0,1.964087540996843,None,4,13,77,10,295.7527683329972,,,,,,,,,295.7479364579922,295.75703858300403,296.00546691700583,296.00546691700583,296.20551562499895,296.20551562499895,296.3940164999949,296.4052892920008,296.494112417,296.5053928749985,296.5053928749985,298.47409129199514,left,0,1.964087540996843,None,298.4745132079988,298.486233292002,298.486233292002,298.6711648329947,298.67749800000456,298.67749800000456,299.46669370800373,299.45500704199367,,,k,"001",2025-11-10_21h16.03.799,2nd exp,,2025.2.0,None,2025-11-10 21h16.03.874817 +0530,
They have finished the work,They work the have finished,transposition_unrelated,left,78,14,4,left,1,2.5424594999931287,None,4,14,78,11,299.46669370800373,,,,,,,,,299.4618886669923,299.4884236249927,299.72221966700454,299.73058216700156,299.92187099999865,299.92187099999865,300.11028404200624,300.1221708749945,300.2094891250017,300.2220797500049,300.2220797500049,302.77435725000396,left,1,2.5424594999931287,None,302.77493124999455,302.78798470800393,302.78798470800393,302.97090154199395,302.9774742919981,302.9774742919981,303.76799370799563,303.75411295800586,,,k,"001",2025-11-10_21h16.03.799,2nd exp,,2025.2.0,None,2025-11-10 21h16.03.874817 +0530,
She does not like apples,She not does like apples,repetition_unrelated,left,79,15,4,left,1,0.9059743739926489,None,4,15,79,5,303.76799370799563,,,,,,,,,303.76319800000056,303.77285058300185,304.0222915829945,304.00953904200287,304.2220387499983,304.2220387499983,304.4102092079993,304.42204787499213,304.50942499999655,304.5221089999977,304.5221089999977,305.4391394580016,left,1,0.9059743739926489,None,305.4394308329938,305.4501104170049,305.4501104170049,305.6320234580053,305.64487295800063,305.64487295800063,306.42889904200274,306.42240524999215,,,k,"001",2025-11-10_21h16.03.799,2nd exp,,2025.2.0,None,2025-11-10 21h16.03.874817 +0530,
She does not like apples,She not does like apples,transposition_related,right,80,0,5,left,0,0.8863576239964459,None,5,0,80,6,306.42889904200274,,,,,,,,,306.4229722080054,306.42889904200274,306.6803837500047,306.6721310419962,306.8784670419991,306.8721870419977,307.07198529200105,307.0783715830039,307.1719650830055,307.1776783749956,307.1776783749956,308.07328929200594,left,0,0.8863576239964459,None,308.07355883299897,308.0840617079957,308.0840617079957,308.2719797500031,308.282240792003,308.282240792003,309.07202350000443,309.0559207079932,,,k,"001",2025-11-10_21h16.03.799,2nd exp,,2025.2.0,None,2025-11-10 21h16.03.874817 +0530,
They have finished the work,They finished have the work,transposition_related,right,81,1,5,left,0,1.070947583008092,None,5,1,81,10,309.07202350000443,,,,,,,,,309.06693766699755,309.07716437500494,309.3148818329937,309.320911332994,309.5222619999986,309.5112470000022,309.7111012079986,309.72217191700474,309.8106858749961,309.82195495799533,309.82195495799533,310.8957514999929,left,0,1.070947583008092,None,310.89603187500325,310.9074029170006,310.9074029170006,311.08718470799795,311.1045904170023,311.1045904170023,311.8865067919978,311.8708640830009,,,k,"001",2025-11-10_21h16.03.799,2nd exp,,2025.2.0,None,2025-11-10 21h16.03.874817 +0530,
She does not like apples,She not does like apples,repetition_unrelated,left,82,2,5,left,1,1.1406047079944983,None,5,2,82,5,311.8865067919978,,,,,,,,,311.88163579200045,311.8910873749992,312.1467537080025,312.138703042001,312.33743037500244,312.33743037500244,312.5259476249921,312.544714417003,312.6388544579968,312.6453434169962,312.6453434169962,313.7908674579958,left,1,1.1406047079944983,None,313.7914081670024,313.8032840829983,313.8032840829983,313.9887245419959,313.9964154170011,313.9964154170011,314.78918362500553,314.77266129199415,,,k,"001",2025-11-10_21h16.03.799,2nd exp,,2025.2.0,None,2025-11-10 21h16.03.874817 +0530,
They have finished the work,They finished have the work,repetition_unrelated,left,83,3,5,left,1,1.51578133298608,None,5,3,83,9,314.78918362500553,,,,,,,,,314.7844595829956,314.8051937499986,315.0377217500063,315.0442164999986,315.2387207080028,315.2261885420012,315.4274659579969,315.4386624579929,315.5261412079999,315.5389535830036,315.5389535830036,317.0575040419935,left,1,1.51578133298608,None,317.057908917006,317.06934237500536,317.06934237500536,317.2553170829924,317.26304604200413,317.26304604200413,318.0551026250032,318.0390824579954,,,k,"001",2025-11-10_21h16.03.799,2nd exp,,2025.2.0,None,2025-11-10 21h16.03.874817 +0530,
She does not like apples,She like does apples not,transposition_unrelated,left,84,4,5,left,1,1.1054704990092432,None,5,4,84,7,318.0551026250032,,,,,,,,,318.05015720799565,318.0596123330033,318.30400820799696,318.30400820799696,318.5052949170058,318.49225966699305,318.69372841699806,318.70555066700035,318.7926278329978,318.8052810829977,318.8052810829977,319.9120947920019,left,1,1.1054704990092432,None,319.9124414169928,319.9240932919929,319.9240932919929,320.11394229199504,320.1204559579928,320.1204559579928,320.92046599999594,320.90450958299334,,,k,"001",2025-11-10_21h16.03.799,2nd exp,,2025.2.0,None,2025-11-10 21h16.03.874817 +0530,
The dog is barking loudly,The dog barking is loudly,transposition_related,right,85,5,5,left,0,0.927185124004609,None,5,5,85,14,320.92046599999594,,,,,,,,,320.9153165829921,320.92046599999594,321.1634641249984,321.1634641249984,321.35390445799567,321.35390445799567,321.5446215830016,321.5555022500048,321.64285870800086,321.6624956250016,321.6624956250016,322.5964219580055,left,0,0.927185124004609,None,322.59670424999786,322.60797729200567,322.60797729200567,322.78735170800064,322.8054012499924,322.8054012499924,323.5837378750002,323.5722420420061,,,k,"001",2025-11-10_21h16.03.799,2nd exp,,2025.2.0,None,2025-11-10 21h16.03.874817 +0530,
The dog is barking loudly,The loudly is barking dog,repetition_unrelated,left,86,6,5,left,1,1.32710599899292,None,5,6,86,13,323.5837378750002,,,,,,,,,323.57889062499453,323.60497549999855,323.84652654199454,323.84652654199454,324.03849491699657,324.03849491699657,324.22716604199377,324.24514604199794,324.3454174579965,324.3454174579965,324.3454174579965,325.678867249997,left,1,1.32710599899292,None,325.6791461669927,325.6906060829933,325.6906060829933,325.8704871670052,325.8876025000063,325.8876025000063,326.66883637499996,326.65416687499965,,,k,"001",2025-11-10_21h16.03.799,2nd exp,,2025.2.0,None,2025-11-10 21h16.03.874817 +0530,
They have finished the work,They have finished the work,repetition_related,right,87,7,5,right,1,1.2315259989991318,None,5,7,87,8,326.66883637499996,,,,,,,,,326.66407783300383,326.6730741249921,326.9303307079972,326.91030008299276,327.1204857919947,327.1256222920056,327.30937991700193,327.32876587500505,327.42201612499775,327.42201612499775,327.42201612499775,328.6574522919982,right,1,1.2315259989991318,None,328.6580421249964,328.66988487499475,328.66988487499475,328.87175241700606,328.88887829199666,328.88887829199666,329.6699309579999,329.6550804580038,,,k,"001",2025-11-10_21h16.03.799,2nd exp,,2025.2.0,None,2025-11-10 21h16.03.874817 +0530,
The boy can read fast,The boy can read fast,repetition_related,right,88,8,5,right,1,0.7019642490049591,None,5,8,88,0,329.6699309579999,,,,,,,,,329.6647315000009,329.6699309579999,329.9053447079932,329.91318737500114,330.10538695799187,330.10538695799187,330.29424533300335,330.30537545800325,330.3940184999956,330.40554199999315,330.40554199999315,331.1129758330062,right,1,0.7019642490049591,None,331.11325216699333,331.12457524999627,331.12457524999627,331.3142019579973,331.32056024999474,331.32056024999474,332.11653004199616,332.10500524999225,,,k,"001",2025-11-10_21h16.03.799,2nd exp,,2025.2.0,None,2025-11-10 21h16.03.874817 +0530,
The boy can read fast,The read can boy fast,repetition_unrelated,left,89,9,5,left,1,0.9033102490066085,None,5,9,89,1,332.11653004199616,,,,,,,,,332.11114037499647,332.11653004199616,332.3627546670032,332.3627546670032,332.56076987499546,332.56076987499546,332.75549195799977,332.761903000006,332.8553852500045,332.86211708300107,332.86211708300107,333.7742854169919,left,1,0.9033102490066085,None,333.7748602079955,333.78690995799843,333.78690995799843,333.97097754200513,333.97843229200225,333.97843229200225,334.7706929999986,334.7557702079939,,,k,"001",2025-11-10_21h16.03.799,2nd exp,,2025.2.0,None,2025-11-10 21h16.03.874817 +0530,
The dog is barking loudly,The dog is barking loudly,repetition_related,right,90,10,5,right,1,1.73550416600483,None,5,10,90,12,334.7706929999986,,,,,,,,,334.7657747500052,334.7744587079942,335.0221700830007,335.0221700830007,335.2219561670063,335.2094998329994,335.4104962919955,335.4219648330036,335.5094005830033,335.5218816669949,335.5218816669949,337.26308129199606,right,1,1.73550416600483,None,337.26335995800036,337.27463579199684,337.27463579199684,337.4629388750036,337.4703886250063,337.4703886250063,338.26135833299486,338.24573500000406,,,k,"001",2025-11-10_21h16.03.799,2nd exp,,2025.2.0,None,2025-11-10 21h16.03.874817 +0530,
They have finished the work,They work the have finished,transposition_unrelated,left,91,11,5,left,1,4.032463623996591,None,5,11,91,11,338.26135833299486,,,,,,,,,338.25684837499284,338.27138737500354,338.51213991700206,338.51213991700206,338.71137733300566,338.7053578750056,338.90534804199706,338.9118127499969,339.005350833002,339.01179529199726,339.01179529199726,343.04607500000566,left,1,4.032463623996591,None,343.0464157079987,343.0579284999985,343.0579284999985,343.2476240830001,343.25453841699346,343.25453841699346,344.05330495799717,344.03770975000225,,,k,"001",2025-11-10_21h16.03.799,2nd exp,,2025.2.0,None,2025-11-10 21h16.03.874817 +0530,
The dog is barking loudly,The barking dog loudly is,transposition_unrelated,left,92,12,5,left,1,1.6441503740061307,None,5,12,92,15,344.05330495799717,,,,,,,,,344.0481207080011,344.05330495799717,344.2876695419982,344.29605466699286,344.49496850000287,344.4763670829998,344.68872816700605,344.6951230830018,344.78864254200016,344.79469270800473,344.79469270800473,346.44606274999387,left,1,1.6441503740061307,None,346.4463594169938,346.45777624999755,346.45777624999755,346.6477726669982,346.6540541249997,346.6540541249997,347.4556176250044,347.43861616699724,,,k,"001",2025-11-10_21h16.03.799,2nd exp,,2025.2.0,None,2025-11-10 21h16.03.874817 +0530,
The boy can read fast,The read can boy fast,transposition_unrelated,left,93,13,5,left,1,1.8435884579957929,None,5,13,93,3,347.4556176250044,,,,,,,,,347.4503507500049,347.4556176250044,347.69670754199615,347.69670754199615,347.8945239169989,347.8945239169989,348.0886402920005,348.0950241249957,348.1946611250023,348.1946611250023,348.1946611250023,350.04081645800034,left,1,1.8435884579957929,None,350.0413953749958,350.0528564999986,350.0528564999986,350.237676292003,350.24930049999966,350.24930049999966,351.03652904200135,351.0209171669994,,,k,"001",2025-11-10_21h16.03.799,2nd exp,,2025.2.0,None,2025-11-10 21h16.03.874817 +0530,
She does not like apples,She does not like apples,repetition_related,right,94,14,5,right,1,3.262385041001835,None,5,14,94,4,351.03652904200135,,,,,,,,,351.0316151250008,351.04100391699467,351.288667832996,351.288667832996,351.48850887500157,351.47687899999437,351.6772219580016,351.6887085829949,351.776972541993,351.7886228749994,351.7886228749994,355.0574262919981,right,1,3.262385041001835,None,355.0579862500017,355.06981124999584,355.06981124999584,355.2547987500002,355.26123274999554,355.26123274999554,356.0600235419988,356.0441930829984,,,k,"001",2025-11-10_21h16.03.799,2nd exp,,2025.2.0,None,2025-11-10 21h16.03.874817 +0530,
The boy can read fast,The boy can read fast,transposition_related,right,95,15,5,right,1,3.374629707002896,None,5,15,95,2,356.0600235419988,,,,,,,,,356.05479341700266,356.0600235419988,356.305426292005,356.305426292005,356.50522920799267,356.50522920799267,356.69283479200385,356.7053864579939,356.7939024579973,356.80533745800494,356.80533745800494,360.19005183299305,right,1,3.374629707002896,None,360.19036875000165,360.20184174999304,360.20184174999304,360.38846724999894,360.3960772080027,360.3960772080027,361.1952665419958,361.1792072919925,,,k,"001",2025-11-10_21h16.03.799,2nd exp,,2025.2.0,None,2025-11-10 21h16.03.874817 +0530,
The dog is barking loudly,The dog is barking loudly,repetition_related,right,96,0,6,right,1,5.751575916001457,None,6,0,96,12,361.1952665419958,,,,,,,,,361.1899055829999,361.1952665419958,361.4385603330011,361.4385603330011,361.6385112499993,361.62713224999607,361.82716595800593,361.8386492080026,361.9260405420064,361.9386862079991,361.9386862079991,367.69568229200377,right,1,5.751575916001457,None,367.69595679199847,367.7072187080048,367.7072187080048,367.88752358300553,367.9043996249966,367.9043996249966,368.687502707995,368.67163737499504,,,k,"001",2025-11-10_21h16.03.799,2nd exp,,2025.2.0,None,2025-11-10 21h16.03.874817 +0530,
The boy can read fast,The boy can read fast,transposition_related,right,97,1,6,right,1,1.452282207988901,None,6,1,97,2,368.687502707995,,,,,,,,,368.6829534580029,368.6918932499975,368.9464729169995,368.93864849999954,369.1383795830043,369.1383795830043,369.32712616700155,369.344070207997,369.43843525000557,369.43843525000557,369.43843525000557,370.89603212500515,right,1,1.452282207988901,None,370.8963117499952,370.90733116699266,370.90733116699266,371.09737408299407,371.1043594579969,371.1043594579969,371.89440874999855,371.88796779200493,,,k,"001",2025-11-10_21h16.03.799,2nd exp,,2025.2.0,None,2025-11-10 21h16.03.874817 +0530,
The boy can read fast,The boy can read fast,repetition_related,right,98,2,6,right,1,1.1947202909941552,None,6,2,98,0,371.89440874999855,,,,,,,,,371.88850079200347,371.89440874999855,372.1460697500006,372.13846220799314,372.34486483299406,372.34486483299406,372.53851629199926,372.5453392500058,372.64496412499284,372.64496412499284,372.64496412499284,373.8460840829939,right,1,1.1947202909941552,None,373.84635441699356,373.85772791699856,373.85772791699856,374.04691587500565,374.0539178750041,374.0539178750041,374.8550767919951,374.8390654579998,,,k,"001",2025-11-10_21h16.03.799,2nd exp,,2025.2.0,None,2025-11-10 21h16.03.874817 +0530,
She does not like apples,She not does like apples,transposition_related,right,99,3,6,left,0,1.8647465409885626,None,6,3,99,6,374.8550767919951,,,,,,,,,374.8494869580027,374.8550767919951,375.0968578329921,375.0968578329921,375.28776116699737,375.29248891699535,375.4770946249919,375.4950317500043,375.5938406250061,375.5938406250061,375.5938406250061,377.46285387499665,left,0,1.8647465409885626,None,377.46312674999353,377.4743552919972,377.4743552919972,377.65383404199383,377.6719321249984,377.6719321249984,378.4532928330009,378.4388831249962,,,k,"001",2025-11-10_21h16.03.799,2nd exp,,2025.2.0,None,2025-11-10 21h16.03.874817 +0530,
The boy can read fast,The read can boy fast,transposition_unrelated,left,100,4,6,left,1,0.9384497069986537,None,6,4,100,3,378.4532928330009,,,,,,,,,378.44840458300314,378.4578483749938,378.71340366700315,378.7052870000043,378.9036547919968,378.9036547919968,379.09382725000614,379.1108143750025,379.20526808299473,379.21107037499314,379.21107037499314,380.15682799999195,left,1,0.9384497069986537,None,380.15711491700495,380.1685298329976,380.1685298329976,380.3552656249958,380.3627866250026,380.3627866250026,381.1592896249931,381.14423129199713,,,k,"001",2025-11-10_21h16.03.799,2nd exp,,2025.2.0,None,2025-11-10 21h16.03.874817 +0530,
She does not like apples,She does not like apples,repetition_related,right,101,5,6,right,1,4.633382791012991,None,6,5,101,4,381.1592896249931,,,,,,,,,381.15470295799605,381.1592896249931,381.40528366700164,381.40528366700164,381.6046031250007,381.6046031250007,381.79289562499616,381.80527541700576,381.89281345800555,381.9051936670003,381.9051936670003,386.54106620799575,right,1,4.633382791012991,None,386.5416533749958,386.5536762499978,386.5536762499978,386.7371003750013,386.7449267079937,386.7449267079937,387.5377712500049,387.5209812079993,,,k,"001",2025-11-10_21h16.03.799,2nd exp,,2025.2.0,None,2025-11-10 21h16.03.874817 +0530,
They have finished the work,They have finished the work,repetition_related,right,102,6,6,right,1,1.1615156659972854,None,6,6,102,8,387.5377712500049,,,,,,,,,387.5326420420024,387.5551833329955,387.787015666996,387.804002667006,387.9886410829931,387.9761050829984,388.17718149999564,388.18868700000166,388.27585566700145,388.28877583300346,388.28877583300346,389.4574265830015,right,1,1.1615156659972854,None,389.45799733299646,389.46958849999646,389.46958849999646,389.6539898750052,389.6620277500042,389.6620277500042,390.453936417005,390.437814667006,,,k,"001",2025-11-10_21h16.03.799,2nd exp,,2025.2.0,None,2025-11-10 21h16.03.874817 +0530,
The dog is barking loudly,The dog barking is loudly,transposition_related,right,103,7,6,left,0,1.7378615000052378,None,6,7,103,14,390.453936417005,,,,,,,,,390.4491557080037,390.4583491670055,390.7051800420013,390.7051800420013,390.90522637500544,390.89418816700345,391.09342333300447,391.1052884170058,391.192710000003,391.20529041699774,391.20529041699774,392.9454250830022,left,0,1.7378615000052378,None,392.9457678329927,392.9571144579968,392.9571144579968,393.1467837920063,393.15375383300125,393.15375383300125,393.9452554580057,393.9301082919992,,,k,"001",2025-11-10_21h16.03.799,2nd exp,,2025.2.0,None,2025-11-10 21h16.03.874817 +0530,
The boy can read fast,The read can boy fast,repetition_unrelated,left,104,8,6,left,1,1.135515624002437,None,6,8,104,1,393.9452554580057,,,,,,,,,393.9398607079929,393.9452554580057,394.196168208,394.196168208,394.3873062079947,394.3873062079947,394.57593999999517,394.5950569580018,394.6946274170041,394.6946274170041,394.6946274170041,395.8401269580063,left,1,1.135515624002437,None,395.8404026670032,395.8516250419925,395.8516250419925,396.0371050829999,396.04356820799876,396.04356820799876,396.837037958001,396.82106724999903,,,k,"001",2025-11-10_21h16.03.799,2nd exp,,2025.2.0,None,2025-11-10 21h16.03.874817 +0530,
She does not like apples,She like does apples not,transposition_unrelated,left,105,9,6,left,1,1.3344422079971991,None,6,9,105,7,396.837037958001,,,,,,,,,396.83233195799403,396.8413567499956,397.08860512499814,397.08860512499814,397.2884245000023,397.27679829200497,397.47584275000554,397.4886290830036,397.57609241700266,397.58853125000314,397.58853125000314,398.9287635829969,left,1,1.3344422079971991,None,398.9290289579949,398.94074883300345,398.94074883300345,399.1301390830049,399.13696608299506,399.13696608299506,399.93913908299874,399.9223626250023,,,k,"001",2025-11-10_21h16.03.799,2nd exp,,2025.2.0,None,2025-11-10 21h16.03.874817 +0530,
The dog is barking loudly,The loudly is barking dog,repetition_unrelated,left,106,10,6,left,1,1.6948909159982577,None,6,10,106,13,399.93913908299874,,,,,,,,,399.93393520799873,399.93913908299874,400.1798364999995,400.1798364999995,400.37039920799725,400.37039920799725,400.5588321249961,400.5775282079994,400.67195395799354,400.67195395799354,400.67195395799354,402.37421349999204,left,1,1.6948909159982577,None,402.3746417079965,402.3860825830052,402.3860825830052,402.57164116700005,402.5792104580032,402.5792104580032,403.37625329199363,403.36073820799356,,,k,"001",2025-11-10_21h16.03.799,2nd exp,,2025.2.0,None,2025-11-10 21h16.03.874817 +0530,
They have finished the work,They finished have the work,repetition_unrelated,left,107,11,6,left,1,1.9848885829997016,None,6,11,107,9,403.37625329199363,,,,,,,,,403.3711462079955,403.37625329199363,403.62197391700465,403.62197391700465,403.82177583299926,403.82177583299926,404.0103656669962,404.0217168329982,404.11008333299833,404.1219302499958,404.1219302499958,406.1127055419929,left,1,1.9848885829997016,None,406.11298499999975,406.12429812499613,406.12429812499613,406.31400604199735,406.32039112500206,406.32039112500206,407.1150239999988,407.10420950000116,,,k,"001",2025-11-10_21h16.03.799,2nd exp,,2025.2.0,None,2025-11-10 21h16.03.874817 +0530,
They have finished the work,They work the have finished,transposition_unrelated,left,108,12,6,left,1,1.1556341240066104,None,6,12,108,11,407.1150239999988,,,,,,,,,407.10961729199335,407.1150239999988,407.3635333330021,407.3635333330021,407.5549622079998,407.5549622079998,407.7433418750006,407.76148254200234,407.8612287080032,407.8612287080032,407.8612287080032,409.023989082998,left,1,1.1556341240066104,None,409.02452116699715,409.03615241700027,409.03615241700027,409.22177545800514,409.22868674999336,409.22868674999336,410.02049987499777,410.0101095419959,,,k,"001",2025-11-10_21h16.03.799,2nd exp,,2025.2.0,None,2025-11-10 21h16.03.874817 +0530,
They have finished the work,They finished have the work,transposition_related,right,109,13,6,left,0,1.8066453319916036,None,6,13,109,10,410.02049987499777,,,,,,,,,410.01531045799493,410.02049987499777,410.2718262080016,410.2600162919989,410.47204587499436,410.47204587499436,410.6594209169998,410.67187799999374,410.7602110000007,410.7720014170045,410.7720014170045,412.5908964580012,left,0,1.8066453319916036,None,412.59152720800193,412.60335691699584,412.60335691699584,412.7883189169952,412.79602808300115,412.79602808300115,413.5870167079993,413.57220183299796,,,k,"001",2025-11-10_21h16.03.799,2nd exp,,2025.2.0,None,2025-11-10 21h16.03.874817 +0530,
The dog is barking loudly,The barking dog loudly is,transposition_unrelated,left,110,14,6,left,1,0.8062692910025362,None,6,14,110,15,413.5870167079993,,,,,,,,,413.5822079579957,413.591553249993,413.83848408299673,413.83848408299673,414.03841458300303,414.026172458005,414.2270959580055,414.23851020800066,414.32711354199273,414.33838420799293,414.33838420799293,415.15735537500586,left,1,0.8062692910025362,None,415.15797687499435,415.16995308299374,415.16995308299374,415.35375024999666,415.36107549999724,415.36107549999724,416.153612042006,416.1378910420026,,,k,"001",2025-11-10_21h16.03.799,2nd exp,,2025.2.0,None,2025-11-10 21h16.03.874817 +0530,
She does not like apples,She not does like apples,repetition_unrelated,left,111,15,6,left,1,3.1960679159965366,None,6,15,111,5,416.153612042006,,,,,,,,,416.14865320800163,416.15736254199874,416.4049309999973,416.4049309999973,416.6051694170019,416.6051694170019,416.79338358300447,416.80538654199336,416.8935825420049,416.90528233299847,416.90528233299847,420.10731175000547,left,1,3.1960679159965366,None,420.1078676670004,420.1194738329941,420.1194738329941,420.30366770799446,420.3106135419948,420.3106135419948,421.1033732079959,421.0874266669998,,,k,"001",2025-11-10_21h16.03.799,2nd exp,,2025.2.0,None,2025-11-10 21h16.03.874817 +0530,
The boy can read fast,The read can boy fast,transposition_unrelated,left,112,0,7,left,1,0.985739708004985,None,7,0,112,3,421.1033732079959,,,,,,,,,421.09834395800135,421.107817666998,421.3551955830044,421.3551955830044,421.5539223749947,421.5539223749947,421.7436054169957,421.7551835829945,421.84295674999885,421.85513374999573,421.85513374999573,422.84607991699886,left,1,0.985739708004985,None,422.8464259579923,422.85755254200194,422.85755254200194,423.03709041699767,423.05520504199376,423.05520504199376,423.8369835420017,423.8209157079982,,,k,"001",2025-11-10_21h16.03.799,2nd exp,,2025.2.0,None,2025-11-10 21h16.03.874817 +0530,
They have finished the work,They work the have finished,transposition_unrelated,left,113,1,7,left,1,1.9424304569984088,None,7,1,113,11,423.8369835420017,,,,,,,,,423.83214129200496,423.8413060419989,424.09704270800285,424.0885715829936,424.2869205419993,424.2869205419993,424.47577037499286,424.494963249992,424.5887320000038,424.5954029580025,424.5954029580025,426.5407044169988,left,1,1.9424304569984088,None,426.54128441700595,426.5531991250027,426.5531991250027,426.73802316699584,426.74438708300295,426.74438708300295,427.54404766700463,427.52774870800204,,,k,"001",2025-11-10_21h16.03.799,2nd exp,,2025.2.0,None,2025-11-10 21h16.03.874817 +0530,
She does not like apples,She not does like apples,repetition_unrelated,left,114,2,7,left,1,1.0531630820041755,None,7,2,114,5,427.54404766700463,,,,,,,,,427.5389923329931,427.54404766700463,427.7883589580015,427.7883589580015,427.98860683299426,427.97580208300496,428.17691787499643,428.1886268329981,428.27577879199816,428.28852858299797,428.28852858299797,429.34542808300466,left,1,1.0531630820041755,None,429.3457049580029,429.35708583300584,429.35708583300584,429.5471607079962,429.55368658299267,429.55368658299267,430.3450510830007,430.329906458006,,,k,"001",2025-11-10_21h16.03.799,2nd exp,,2025.2.0,None,2025-11-10 21h16.03.874817 +0530,
The boy can read fast,The boy can read fast,transposition_related,right,115,3,7,right,1,3.5575208329973975,None,7,3,115,2,430.3450510830007,,,,,,,,,430.3397636669979,430.3450510830007,430.59616154199466,430.59616154199466,430.7871777919936,430.7871777919936,430.9766127500043,430.9948677079956,431.0884060829994,431.0884060829994,431.0884060829994,434.6565644170041,right,1,3.5575208329973975,None,434.65687125000113,434.6682144170045,434.6682144170045,434.8550591670064,434.86250595799356,434.86250595799356,435.6541707919969,435.6432516250061,,,k,"001",2025-11-10_21h16.03.799,2nd exp,,2025.2.0,None,2025-11-10 21h16.03.874817 +0530,
The boy can read fast,The read can boy fast,repetition_unrelated,left,116,4,7,left,1,5.42227837399696,None,7,4,116,1,435.6541707919969,,,,,,,,,435.64807212499727,435.6541707919969,435.9050561250042,435.89369470799284,436.1049631250062,436.0914119579975,436.29342604200065,436.30508525000187,436.3936151670059,436.4052100830013,436.4052100830013,441.82968945799803,left,1,5.42227837399696,None,441.8299609999958,441.8420840829931,441.8420840829931,442.02955487500003,442.03686629199365,442.03686629199365,442.8287508749927,442.81344612500106,,,k,"001",2025-11-10_21h16.03.799,2nd exp,,2025.2.0,None,2025-11-10 21h16.03.874817 +0530,
The dog is barking loudly,The loudly is barking dog,repetition_unrelated,left,117,5,7,left,1,2.899808665999444,None,7,5,117,13,442.8287508749927,,,,,,,,,442.8226854999957,442.8287508749927,443.07952079200186,443.07952079200186,443.2788554169965,443.2788554169965,443.47161537500506,443.4774601669924,443.5718271670048,443.5785960420035,443.5785960420035,446.49031737500627,left,1,2.899808665999444,None,446.4907158749993,446.50248095800634,446.50248095800634,446.6884252500022,446.6947715830029,446.6947715830029,447.48646420799196,447.47206954199646,,,k,"001",2025-11-10_21h16.03.799,2nd exp,,2025.2.0,None,2025-11-10 21h16.03.874817 +0530,
She does not like apples,She not does like apples,transposition_related,right,118,6,7,left,0,0.9714937079988886,None,7,6,118,6,447.48646420799196,,,,,,,,,447.4816760829999,447.491168499997,447.7384145830001,447.7384145830001,447.9381231669977,447.9381231669977,448.1273555420048,448.13861650000035,448.22651916700124,448.2385518749943,448.2385518749943,449.2127012080018,left,0,0.9714937079988886,None,449.2129756249924,449.2242387919978,449.2242387919978,449.40396670799237,449.4218222920026,449.4218222920026,450.20426916699216,450.1889388749987,,,k,"001",2025-11-10_21h16.03.799,2nd exp,,2025.2.0,None,2025-11-10 21h16.03.874817 +0530,
The dog is barking loudly,The barking dog loudly is,transposition_unrelated,left,119,7,7,left,1,2.6068826249975245,None,7,7,119,15,450.20426916699216,,,,,,,,,450.199465083002,450.2088563330035,450.4620811670029,450.4549273750017,450.6547518330044,450.6547518330044,450.84373387499363,450.86137920799956,450.9551466249977,450.96181129199977,450.96181129199977,453.5732859580021,left,1,2.6068826249975245,None,453.5736946669931,453.5853793749993,453.5853793749993,453.77158883299853,453.7795964169927,453.7795964169927,454.573961874994,454.5621238750027,,,k,"001",2025-11-10_21h16.03.799,2nd exp,,2025.2.0,None,2025-11-10 21h16.03.874817 +0530,
The dog is barking loudly,The dog barking is loudly,transposition_related,right,120,8,7,left,0,1.698354541003937,None,7,8,120,14,454.573961874994,,,,,,,,,454.5691440829978,454.573961874994,454.8219674169959,454.8219674169959,455.0216921669926,455.00941199999943,455.2090718749969,455.221963457996,455.3092598749936,455.3219139580033,455.3219139580033,457.024120083006,left,0,1.698354541003937,None,457.02468654200493,457.03674287500326,457.03674287500326,457.22030904199346,457.22682483299286,457.22682483299286,458.0190602920047,458.0043061670003,,,k,"001",2025-11-10_21h16.03.799,2nd exp,,2025.2.0,None,2025-11-10 21h16.03.874817 +0530,
They have finished the work,They finished have the work,transposition_related,right,121,9,7,left,0,6.22177591601212,None,7,9,121,10,458.0190602920047,,,,,,,,,458.0142402079946,458.02363825000066,458.2717299579963,458.2717299579963,458.4714967079926,458.4714967079926,458.6599681249936,458.6719480000029,458.7592552080023,458.7718249169993,458.7718249169993,464.99618820799515,left,0,6.22177591601212,None,464.99654012499377,465.0077049579995,465.0077049579995,465.18797620800615,465.20380058299634,465.20380058299634,465.9820604580018,465.9714180419978,,,k,"001",2025-11-10_21h16.03.799,2nd exp,,2025.2.0,None,2025-11-10 21h16.03.874817 +0530,
They have finished the work,They have finished the work,repetition_related,right,122,10,7,right,1,0.9751797079952667,None,7,10,122,8,465.9820604580018,,,,,,,,,465.97715370799415,465.9869056669995,466.2466189169936,466.22606445799465,466.44409662499675,466.44409662499675,466.63846087499405,466.6448899579991,466.73835145799967,466.7450589170039,466.7450589170039,467.7241114579956,right,1,0.9751797079952667,None,467.7246983329969,467.73642333300086,467.73642333300086,467.92039608300547,467.92890812500264,467.92890812500264,468.7163777919923,468.705514375004,,,k,"001",2025-11-10_21h16.03.799,2nd exp,,2025.2.0,None,2025-11-10 21h16.03.874817 +0530,
They have finished the work,They finished have the work,repetition_unrelated,left,123,11,7,left,1,0.978368625001167,None,7,11,123,9,468.7163777919923,,,,,,,,,468.711481499995,468.73811183299404,468.9715814999945,468.97908400000597,469.1716504999931,469.16038879199186,469.3603526670049,469.37183624999307,469.46023954199336,469.4718137500022,469.4718137500022,470.45722104200104,left,1,0.978368625001167,None,470.45775191699795,470.4693619579921,470.4693619579921,470.65502020799613,470.66273999999976,470.66273999999976,471.459176999997,471.4446608750004,,,k,"001",2025-11-10_21h16.03.799,2nd exp,,2025.2.0,None,2025-11-10 21h16.03.874817 +0530,
The dog is barking loudly,The dog is barking loudly,repetition_related,right,124,12,7,right,1,1.0791721240093466,None,7,12,124,12,471.459176999997,,,,,,,,,471.45436583299306,471.459176999997,471.70501662499737,471.70501662499737,471.90497754199896,471.90497754199896,472.0924780829955,472.1051953330025,472.19341483300377,472.20495124999434,472.20495124999434,473.2901480419969,right,1,1.0791721240093466,None,473.290542207993,473.3023608749936,473.3023608749936,473.4874399580003,473.496132166998,473.496132166998,474.28813754199655,474.27226399999927,,,k,"001",2025-11-10_21h16.03.799,2nd exp,,2025.2.0,None,2025-11-10 21h16.03.874817 +0530,
She does not like apples,She does not like apples,repetition_related,right,125,13,7,right,1,1.7054419159976533,None,7,13,125,4,474.28813754199655,,,,,,,,,474.28329074999783,474.29203241699724,474.5385323329974,474.5385323329974,474.73841791700397,474.73841791700397,474.92668837499514,474.9383893329941,475.02739070799726,475.0385004999989,475.0385004999989,476.74586279199866,right,1,1.7054419159976533,None,476.7461317499983,476.75745829200605,476.75745829200605,476.9499522499973,476.97166833300435,476.97166833300435,477.7538375830045,477.73783808300504,,,k,"001",2025-11-10_21h16.03.799,2nd exp,,2025.2.0,None,2025-11-10 21h16.03.874817 +0530,
The boy can read fast,The boy can read fast,repetition_related,right,126,14,7,right,1,1.306437040999299,None,7,14,126,0,477.7538375830045,,,,,,,,,477.7485219579976,477.7538375830045,477.9967184999987,477.9967184999987,478.1943740419956,478.1943740419956,478.38848362499266,478.3949213330052,478.48799712500477,478.4946146669972,478.4946146669972,479.8070882079919,right,1,1.306437040999299,None,479.80765991700173,479.8193828749936,479.8193828749936,480.0044050830038,480.015174250002,480.015174250002,480.8026097080001,480.78753775000223,,,k,"001",2025-11-10_21h16.03.799,2nd exp,,2025.2.0,None,2025-11-10 21h16.03.874817 +0530,
She does not like apples,She like does apples not,transposition_unrelated,left,127,15,7,left,1,1.396889291005209,None,7,15,127,7,480.8026097080001,,,,,,,,,480.7979110000015,480.8065128750022,481.05499745800626,481.05499745800626,481.25481637500343,481.25481637500343,481.4432486250007,481.4550208750006,481.54308737500105,481.55495666699426,481.55495666699426,482.95721304199833,left,1,1.396889291005209,None,482.9577008750057,482.9692080829991,482.9692080829991,483.1549398749921,483.1621448749938,483.1621448749938,483.95536729200103,483.9387769169989,,,k,"001",2025-11-10_21h16.03.799,2nd exp,,2025.2.0,None,2025-11-10 21h16.03.874817 +0530,
The boy can read fast,The read can boy fast,transposition_unrelated,left,128,0,8,left,1,0.9656035830121255,None,8,0,128,3,483.95536729200103,,,,,,,,,483.95056174999627,483.971564624997,484.20512191699527,484.21292529199854,484.4050908749923,484.4050908749923,484.59427137499733,484.6053006669972,484.6931992500031,484.70519195799716,484.70519195799716,485.6732417500025,left,1,0.9656035830121255,None,485.67362120799953,485.685069500003,485.685069500003,485.871709250001,485.8797735419939,485.8797735419939,486.6738150000019,486.6622751669929,,,k,"001",2025-11-10_21h16.03.799,2nd exp,,2025.2.0,None,2025-11-10 21h16.03.874817 +0530,
The boy can read fast,The boy can read fast,transposition_related,right,129,1,8,right,1,1.0661302079970483,None,8,1,129,2,486.6738150000019,,,,,,,,,486.667806707992,486.6738150000019,486.921782874997,486.921782874997,487.1216393749928,487.1216393749928,487.30931549999514,487.3220968749956,487.41031395799655,487.42158008299884,487.42158008299884,488.49069512500137,right,1,1.0661302079970483,None,488.49107266700594,488.50283120799577,488.50283120799577,488.68728795800416,488.6945805830037,488.6945805830037,489.4828451670037,489.4719102920062,,,k,"001",2025-11-10_21h16.03.799,2nd exp,,2025.2.0,None,2025-11-10 21h16.03.874817 +0530,
The boy can read fast,The read can boy fast,repetition_unrelated,left,130,2,8,left,1,1.2990885410108604,None,8,2,130,1,489.4828451670037,,,,,,,,,489.4780495830055,489.48713754200435,489.7378033330024,489.72483191700303,489.93832579199807,489.9253242499981,490.1270717080042,490.1385410829971,490.2259426249948,490.2385389580013,490.2385389580013,491.54044420800346,left,1,1.2990885410108604,None,491.54117245800444,491.55361395799264,491.55361395799264,491.738488832998,491.7462229579978,491.7462229579978,492.53785370799596,492.5221708750032,,,k,"001",2025-11-10_21h16.03.799,2nd exp,,2025.2.0,None,2025-11-10 21h16.03.874817 +0530,
They have finished the work,They have finished the work,repetition_related,right,131,3,8,right,1,1.0130619580013445,None,8,3,131,8,492.53785370799596,,,,,,,,,492.53255683300085,492.54204174999904,492.7886211669975,492.7886211669975,492.988275583004,492.988275583004,493.17643937500543,493.18841262499336,493.27693187499244,493.28852620799444,493.28852620799444,494.3072569999931,right,1,1.0130619580013445,None,494.3078526669997,494.31951691699214,494.31951691699214,494.505902082994,494.51251975000196,494.51251975000196,495.3086670000048,495.2941295000055,,,k,"001",2025-11-10_21h16.03.799,2nd exp,,2025.2.0,None,2025-11-10 21h16.03.874817 +0530,
She does not like apples,She not does like apples,repetition_unrelated,left,132,4,8,left,1,3.949706583007355,None,8,4,132,5,495.3086670000048,,,,,,,,,495.3039300829987,495.3086670000048,495.5538168329949,495.5538168329949,495.75508412500494,495.74128895800095,495.9427323330019,495.95493137500307,496.0433075000037,496.05508204200305,496.05508204200305,500.00687875000585,left,1,3.949706583007355,None,500.00725675000285,500.0201320829947,500.0201320829947,500.2034515419946,500.21134949999396,500.21134949999396,501.00318812500336,500.9870842079981,,,k,"001",2025-11-10_21h16.03.799,2nd exp,,2025.2.0,None,2025-11-10 21h16.03.874817 +0530,
The dog is barking loudly,The loudly is barking dog,repetition_unrelated,left,133,5,8,left,1,0.8944759580044774,None,8,5,133,13,501.00318812500336,,,,,,,,,500.99824395800533,501.0076715000032,501.25488570799644,501.25488570799644,501.4549245829985,501.4549245829985,501.64242725000076,501.65497270799824,501.7430221669929,501.754918791994,501.754918791994,502.657361125006,left,1,0.8944759580044774,None,502.65795900000376,502.66978545799793,502.66978545799793,502.855120082997,502.8620099580003,502.8620099580003,503.66073220799444,503.6447036250029,,,k,"001",2025-11-10_21h16.03.799,2nd exp,,2025.2.0,None,2025-11-10 21h16.03.874817 +0530,
She does not like apples,She not does like apples,transposition_related,right,134,6,8,left,0,0.8182638330035843,None,8,6,134,6,503.66073220799444,,,,,,,,,503.6554896669986,503.66073220799444,503.9051147499995,503.9051147499995,504.1048050829995,504.1048050829995,504.29246520799643,504.30509004200576,504.3932922499953,504.4050971669931,504.4050971669931,505.22850033300347,left,0,0.8182638330035843,None,505.22878408299584,505.24070641699655,505.24070641699655,505.4306182080036,505.4374269999971,505.4374269999971,506.2387124579982,506.2219606669969,,,k,"001",2025-11-10_21h16.03.799,2nd exp,,2025.2.0,None,2025-11-10 21h16.03.874817 +0530,
They have finished the work,They finished have the work,repetition_unrelated,left,135,7,8,right,0,0.7414819580008043,None,8,7,135,9,506.2387124579982,,,,,,,,,506.2333467499993,506.2387124579982,506.47977674999856,506.47977674999856,506.6699849169963,506.6699849169963,506.85998424999707,506.87647033299436,506.97169849999773,506.97169849999773,506.97169849999773,507.72334845799196,right,0,0.7414819580008043,None,507.7236335829948,507.73425208299886,507.73425208299886,507.9214947080036,507.9312730829988,507.9312730829988,508.7260734169977,508.7105708330055,,,k,"001",2025-11-10_21h16.03.799,2nd exp,,2025.2.0,None,2025-11-10 21h16.03.874817 +0530,
She does not like apples,She does not like apples,repetition_related,right,136,8,8,right,1,2.3624857070099097,None,8,8,136,4,508.7260734169977,,,,,,,,,508.7210699169955,508.7260734169977,508.971786042006,508.971786042006,509.17151079200266,509.15822008300165,509.359999332999,509.37182558300265,509.45989450000343,509.4717258330056,509.4717258330056,511.84067908300494,right,1,2.3624857070099097,None,511.8411519999936,511.85233545799565,511.85233545799565,512.0383290829923,512.0485100829974,512.0485100829974,512.8439780420013,512.8286136249953,,,k,"001",2025-11-10_21h16.03.799,2nd exp,,2025.2.0,None,2025-11-10 21h16.03.874817 +0530,
The dog is barking loudly,The barking dog loudly is,transposition_unrelated,left,137,9,8,left,1,1.8617517910024617,None,8,9,137,15,512.8439780420013,,,,,,,,,512.8389872499974,512.8439780420013,513.0883037919994,513.0883037919994,513.2885084169975,513.2885084169975,513.4764111669938,513.488270707996,513.5756062919972,513.5883883329952,513.5883883329952,515.4570634999982,left,1,1.8617517910024617,None,515.4576959580008,515.4688412919932,515.4688412919932,515.6536507499986,515.6619398750045,515.6619398750045,516.4493455829943,516.4378108749952,,,k,"001",2025-11-10_21h16.03.799,2nd exp,,2025.2.0,None,2025-11-10 21h16.03.874817 +0530,
The dog is barking loudly,The dog is barking loudly,repetition_related,right,138,10,8,right,1,3.46748383299564,None,8,10,138,12,516.4493455829943,,,,,,,,,516.4444368749973,516.4539922080003,516.7049243749934,516.6932084580039,516.9050293329929,516.9050293329929,517.092336332993,517.1050440830004,517.1934390829992,517.204932291992,517.204932291992,520.6791427499993,right,1,3.46748383299564,None,520.6794200000004,520.6906491669943,520.6906491669943,520.8802017080016,520.887473166993,520.887473166993,521.6849826249963,521.6704731670034,,,k,"001",2025-11-10_21h16.03.799,2nd exp,,2025.2.0,None,2025-11-10 21h16.03.874817 +0530,
They have finished the work,They finished have the work,transposition_related,right,139,11,8,left,0,1.1720901660009986,None,8,11,139,10,521.6849826249963,,,,,,,,,521.6795520000014,521.6849826249963,521.9290521670046,521.9290521670046,522.1200198330043,522.1200198330043,522.3100663329969,522.3281560829928,522.4216900000029,522.4279635419953,522.4279635419953,523.6066704580007,left,0,1.1720901660009986,None,523.6070652920025,523.6185527500056,523.6185527500056,523.8049586249981,523.8126400420006,523.8126400420006,524.601129542003,524.5892997079936,,,k,"001",2025-11-10_21h16.03.799,2nd exp,,2025.2.0,None,2025-11-10 21h16.03.874817 +0530,
They have finished the work,They work the have finished,transposition_unrelated,left,140,12,8,left,1,1.2690509569947608,None,8,12,140,11,524.601129542003,,,,,,,,,524.5960477920016,524.6065410419978,524.8549145419965,524.8549145419965,525.0549309579947,525.0431109579949,525.242439166992,525.2548868750018,525.3438967499969,525.3548437919962,525.3548437919962,526.6281015419954,left,1,1.2690509569947608,None,526.6283712919976,526.6403832079959,526.6403832079959,526.8301143330027,526.8368233329966,526.8368233329966,527.6378769580042,527.6219430829951,,,k,"001",2025-11-10_21h16.03.799,2nd exp,,2025.2.0,None,2025-11-10 21h16.03.874817 +0530,
She does not like apples,She like does apples not,transposition_unrelated,left,141,13,8,left,1,1.0272312080051051,None,8,13,141,7,527.6378769580042,,,,,,,,,527.6325790419942,527.6378769580042,527.8716420830024,527.8798364169925,528.0783337500034,528.0601094580052,528.2716719169985,528.2716719169985,528.3588902079937,528.3785257080017,528.3785257080017,529.4122846249957,left,1,1.0272312080051051,None,529.4125783329946,529.4238116670022,529.4238116670022,529.6135945830029,529.6199892500008,529.6199892500008,530.4215265420062,530.4040847919969,,,k,"001",2025-11-10_21h16.03.799,2nd exp,,2025.2.0,None,2025-11-10 21h16.03.874817 +0530,
The dog is barking loudly,The dog barking is loudly,transposition_related,right,142,14,8,left,0,0.8620317909953883,None,8,14,142,14,530.4215265420062,,,,,,,,,530.4164129580022,530.4215265420062,530.6629191669927,530.6629191669927,530.8614142919978,530.8614142919978,531.054932125,531.054932125,531.1430562500027,531.1617678750044,531.1617678750044,532.0279852079984,left,0,0.8620317909953883,None,532.028251708005,532.0400759170006,532.0400759170006,532.2297861249972,532.2368221249926,532.2368221249926,533.0290602919995,533.0132902500045,,,k,"001",2025-11-10_21h16.03.799,2nd exp,,2025.2.0,None,2025-11-10 21h16.03.874817 +0530,
The boy can read fast,The boy can read fast,repetition_related,right,143,15,8,right,1,0.925328666009591,None,8,15,143,0,533.0290602919995,,,,,,,,,533.023572457998,533.0290602919995,533.2702312500041,533.2788299579988,533.4785263749945,533.4581783750036,533.671370666998,533.671370666998,533.7588726669928,533.7784423330013,533.7784423330013,534.7071032499953,right,1,0.925328666009591,None,534.7076970000053,534.7192597079993,534.7192597079993,534.9049104580045,534.9152950419957,534.9152950419957,535.7042910419987,535.6956175829982,,,k,"001",2025-11-10_21h16.03.799,2nd exp,,2025.2.0,None,2025-11-10 21h16.03.874817 +0530,
The boy can read fast,The boy can read fast,transposition_related,right,144,0,9,right,1,0.9225722489936743,None,9,0,144,2,535.7042910419987,,,,,,,,,535.6959925419942,535.7042910419987,535.9549927500047,535.942272500004,536.1542303330061,536.1542303330061,536.3433239169972,536.3549508750002,536.4422836250014,536.4550278749957,536.4550278749957,537.3801147920021,right,1,0.9225722489936743,None,537.3804552079964,537.3912509579968,537.3912509579968,537.580230749998,537.5897474999947,537.5897474999947,538.3838741670043,538.3721552920033,,,k,"001",2025-11-10_21h16.03.799,2nd exp,,2025.2.0,None,2025-11-10 21h16.03.874817 +0530,
The boy can read fast,The read can boy fast,repetition_unrelated,left,145,1,9,left,1,0.833133624997572,None,9,1,145,1,538.3838741670043,,,,,,,,,538.3785424579983,538.3838741670043,538.6290368329937,538.6290368329937,538.8273961670056,538.8273961670056,539.021607082992,539.0280393330031,539.1284602499945,539.1284602499945,539.1284602499945,539.9738878329954,left,1,0.833133624997572,None,539.9745167079964,539.9859520000027,539.9859520000027,540.1714772080013,540.1790933330049,540.1790933330049,540.9770827500033,540.9619924169965,,,k,"001",2025-11-10_21h16.03.799,2nd exp,,2025.2.0,None,2025-11-10 21h16.03.874817 +0530,
She does not like apples,She does not like apples,repetition_related,right,146,2,9,right,1,2.2317725409957347,None,9,2,146,4,540.9770827500033,,,,,,,,,540.9718926250061,540.9770827500033,541.2215817499964,541.2215817499964,541.4216042500047,541.4088556670031,541.6098573329946,541.6216577500018,541.7100089580053,541.7217189999938,541.7217189999938,543.9570799170033,right,1,2.2317725409957347,None,543.9575748329953,543.9688564579992,543.9688564579992,544.1541264999978,544.1605482080049,544.1605482080049,544.9535407079966,544.9379530830047,,,k,"001",2025-11-10_21h16.03.799,2nd exp,,2025.2.0,None,2025-11-10 21h16.03.874817 +0530,
They have finished the work,They have finished the work,repetition_related,right,147,3,9,right,1,0.9796049160067923,None,9,3,147,8,544.9535407079966,,,,,,,,,544.9487015420018,544.9580447920016,545.2048854580062,545.2048854580062,545.4050354999927,545.3925097079918,545.5922693750035,545.6048565829988,545.6936124170024,545.7049193330022,545.7049193330022,546.6898316250008,right,1,0.9796049160067923,None,546.6902246669924,546.7017554579943,546.7017554579943,546.8867914580042,546.8953597079962,546.8953597079962,547.6861822920037,547.6707235829963,,,k,"001",2025-11-10_21h16.03.799,2nd exp,,2025.2.0,None,2025-11-10 21h16.03.874817 +0530,
She does not like apples,She not does like apples,repetition_unrelated,left,148,4,9,left,1,0.9409688739979174,None,9,4,148,5,547.6861822920037,,,,,,,,,547.6812402499927,547.6903493330028,547.9382455000014,547.9382455000014,548.1378821249964,548.1256499580049,548.3256920419954,548.3384026249987,548.4266130420001,548.4383269999962,548.4383269999962,549.3904955420003,left,1,0.9409688739979174,None,549.3909079580044,549.4021507500001,549.4021507500001,549.5869634999981,549.5931854170049,549.5931854170049,550.3855622080009,550.3703642920009,,,k,"001",2025-11-10_21h16.03.799,2nd exp,,2025.2.0,None,2025-11-10 21h16.03.874817 +0530,
The dog is barking loudly,The barking dog loudly is,transposition_unrelated,left,149,5,9,left,1,0.9778624580067117,None,9,5,149,15,550.3855622080009,,,,,,,,,550.3807980419951,550.3897440830042,550.6381505829922,550.6381505829922,550.838115666993,550.838115666993,551.025234707995,551.0381388329988,551.1255596249975,551.1385032499966,551.1385032499966,552.1231489170023,left,1,0.9778624580067117,None,552.1235331250064,552.135120417006,552.135120417006,552.3201493749948,552.3284699999931,552.3284699999931,553.1219191669952,553.1054698329972,,,k,"001",2025-11-10_21h16.03.799,2nd exp,,2025.2.0,None,2025-11-10 21h16.03.874817 +0530,
They have finished the work,They finished have the work,transposition_related,right,150,6,9,left,0,2.1278985410026507,None,9,6,150,10,553.1219191669952,,,,,,,,,553.1171487919928,553.1380820000049,553.3703145000036,553.3882050419925,553.5717367920006,553.5578757079929,553.7601894580002,553.7715394169936,553.8588642919931,553.871623375002,553.871623375002,556.0072290829994,left,0,2.1278985410026507,None,556.0078245420009,556.0193439580034,556.0193439580034,556.2037007500039,556.2102052080008,556.2102052080008,557.002519332993,556.9877804169955,,,k,"001",2025-11-10_21h16.03.799,2nd exp,,2025.2.0,None,2025-11-10 21h16.03.874817 +0530,
The dog is barking loudly,The dog barking is loudly,transposition_related,right,151,7,9,left,0,2.3140312489995267,None,9,7,151,14,557.002519332993,,,,,,,,,556.997821625002,557.0067467920016,557.2540554169973,557.2540554169973,557.4548748749949,557.4416236249963,557.6426212079969,557.655125958001,557.7427549580025,557.7551232919941,557.7551232919941,560.0732126249932,left,0,2.3140312489995267,None,560.0736181249958,560.0852386670012,560.0852386670012,560.2717182079941,560.279989667004,560.279989667004,561.0704165000061,561.0553391249996,,,k,"001",2025-11-10_21h16.03.799,2nd exp,,2025.2.0,None,2025-11-10 21h16.03.874817 +0530,
The boy can read fast,The boy can read fast,repetition_related,right,152,8,9,right,1,0.8024739159882301,None,9,8,152,0,561.0704165000061,,,,,,,,,561.0654595829983,561.0751237499935,561.3211029170052,561.3211029170052,561.5216488750011,561.5103201250022,561.7105708750023,561.7216918329941,561.8097267919948,561.8215183749999,561.8215183749999,562.6281262499979,right,1,0.8024739159882301,None,562.6284882920008,562.6545756669948,562.6545756669948,562.8213232499984,562.8536812079983,562.8536812079983,563.6203407499997,563.6100730000035,,,k,"001",2025-11-10_21h16.03.799,2nd exp,,2025.2.0,None,2025-11-10 21h16.03.874817 +0530,
The boy can read fast,The read can boy fast,transposition_unrelated,left,153,9,9,left,1,2.7022899159928784,None,9,9,153,3,563.6203407499997,,,,,,,,,563.6155459580041,563.6255228749942,563.8715867080027,563.8715867080027,564.0715772080002,564.0715772080002,564.2605857500021,564.2716589170013,564.3600515419967,564.3784681249963,564.3784681249963,567.089797416993,left,1,2.7022899159928784,None,567.0901033749979,567.1031217080017,567.1031217080017,567.2869972920016,567.294768916996,567.294768916996,568.0847852919978,568.0705650000018,,,k,"001",2025-11-10_21h16.03.799,2nd exp,,2025.2.0,None,2025-11-10 21h16.03.874817 +0530,
The dog is barking loudly,The dog is barking loudly,repetition_related,right,154,10,9,right,1,1.3312785410089418,None,9,10,154,12,568.0847852919978,,,,,,,,,568.0796190830006,568.0893475000048,568.3381834169995,568.3381834169995,568.5382937079994,568.5264315420063,568.7263089579938,568.7381550830032,568.825620292002,568.8380987080018,568.8380987080018,570.1736764579982,right,1,1.3312785410089418,None,570.1742017499928,570.1858127919986,570.1858127919986,570.3718061249965,570.3824568749988,570.3824568749988,571.1737855829997,571.1596960000024,,,k,"001",2025-11-10_21h16.03.799,2nd exp,,2025.2.0,None,2025-11-10 21h16.03.874817 +0530,
They have finished the work,They finished have the work,repetition_unrelated,left,155,11,9,left,1,1.3516968740004813,None,9,11,155,9,571.1737855829997,,,,,,,,,571.1687264170032,571.1737855829997,571.4216175829933,571.4216175829933,571.6216378329991,571.6097159170022,571.8102070419991,571.8216905419977,571.9097240419942,571.9215958330024,571.9215958330024,573.2791443750029,left,1,1.3516968740004813,None,573.2794145420048,573.2903144169977,573.2903144169977,573.4803893749922,573.4867417500063,573.4867417500063,574.2830361249944,574.2705364580033,,,k,"001",2025-11-10_21h16.03.799,2nd exp,,2025.2.0,None,2025-11-10 21h16.03.874817 +0530,
They have finished the work,They work the have finished,transposition_unrelated,left,156,12,9,left,1,2.9259268320020055,None,9,12,156,11,574.2830361249944,,,,,,,,,574.2775266669923,574.2830361249944,574.528939708005,574.528939708005,574.7277490419947,574.7277490419947,574.9214935000055,574.9279022919945,575.0274569169997,575.0274569169997,575.0274569169997,577.9568862919987,left,1,2.9259268320020055,None,577.9574591669952,577.9688687080052,577.9688687080052,578.154098125,578.1616230420041,578.1616230420041,578.9539456670027,578.938456332995,,,k,"001",2025-11-10_21h16.03.799,2nd exp,,2025.2.0,None,2025-11-10 21h16.03.874817 +0530,
The dog is barking loudly,The loudly is barking dog,repetition_unrelated,left,157,13,9,left,1,4.694403248999151,None,9,13,157,13,578.9539456670027,,,,,,,,,578.9492801669985,578.9582375000027,579.2049512499943,579.2049512499943,579.4047501669993,579.3921834170033,579.5924365419924,579.6048017919966,579.6933464579924,579.7048844999954,579.7048844999954,584.4064311249967,left,1,4.694403248999151,None,584.4067124580033,584.4181494579971,584.4181494579971,584.6051565829985,584.6122300830029,584.6122300830029,585.4101959580003,585.3949617500039,,,k,"001",2025-11-10_21h16.03.799,2nd exp,,2025.2.0,None,2025-11-10 21h16.03.874817 +0530,
She does not like apples,She not does like apples,transposition_related,right,158,14,9,left,0,0.9278616660012631,None,9,14,158,6,585.4101959580003,,,,,,,,,585.4052596249967,585.4101959580003,585.6550800830009,585.6550800830009,585.8548864170007,585.8422606669919,586.0438049170043,586.0549007079971,586.1428577079932,586.1549982919969,586.1549982919969,587.090396457992,left,0,0.9278616660012631,None,587.0909318750055,587.1025444169936,587.1025444169936,587.2881185000006,587.2962690830027,587.2962690830027,588.0824341669941,588.0711662079993,,,k,"001",2025-11-10_21h16.03.799,2nd exp,,2025.2.0,None,2025-11-10 21h16.03.874817 +0530,
She does not like apples,She like does apples not,transposition_unrelated,left,159,15,9,left,1,1.790530290993047,None,9,15,159,7,588.0824341669941,,,,,,,,,588.0776654999936,588.0866466669977,588.3381927919982,588.3266657079948,588.5383241670061,588.5262118329993,588.7253535420023,588.738169749995,588.8264725420013,588.8383007499942,588.8383007499942,590.6400301669928,left,1,1.790530290993047,None,590.6404259580013,590.6516451670032,590.6516451670032,590.838061167,590.8454329579981,590.8454329579981,591.6365177080006,591.6212094999937,,,k,"001",2025-11-10_21h16.03.799,2nd exp,,2025.2.0,None,2025-11-10 21h16.03.874817 +0530,
The dog is barking loudly,The barking dog loudly is,transposition_unrelated,left,160,0,10,left,1,1.1255188749928493,None,10,0,160,15,591.6365177080006,,,,,,,,,591.6317661670037,591.6409293750039,591.8882495830039,591.8882495830039,592.0882086670026,592.0882086670026,592.2767299999978,592.2882750830031,592.3754340000014,592.3881944580062,592.3881944580062,593.5236139579938,left,1,1.1255188749928493,None,593.5238991670049,593.5345933329954,593.5345933329954,593.7203930419928,593.7278223329922,593.7278223329922,594.5203325000039,594.504830292004,,,k,"001",2025-11-10_21h16.03.799,2nd exp,,2025.2.0,None,2025-11-10 21h16.03.874817 +0530,
They have finished the work,They have finished the work,repetition_related,right,161,1,10,right,1,2.4486007079976844,None,10,1,161,8,594.5203325000039,,,,,,,,,594.5156202920043,594.5247470000031,594.7711832079949,594.7711832079949,594.9713437500031,594.9601157919969,595.1592297500029,595.1713079579931,595.2597331669967,595.2715841250028,595.2715841250028,597.7237302919966,right,1,2.4486007079976844,None,597.7240877080039,597.7348837080062,597.7348837080062,597.921661750006,597.9326575419982,597.9326575419982,598.7378083749936,598.7111202499946,,,k,"001",2025-11-10_21h16.03.799,2nd exp,,2025.2.0,None,2025-11-10 21h16.03.874817 +0530,
They have finished the work,They work the have finished,transposition_unrelated,left,162,2,10,left,1,0.9141914159990847,None,10,2,162,11,598.7378083749936,,,,,,,,,598.7163632919983,598.7378083749936,598.9706391670043,598.9791327499988,599.1716077080055,599.1569668750017,599.3601490000001,599.3716484579927,599.4602411670057,599.471559957994,599.471559957994,600.3903727919969,left,1,0.9141914159990847,None,600.3909484169999,600.401969582992,600.401969582992,600.5870790420013,600.5936815000023,600.5936815000023,601.3861278749973,601.3705907499971,,,k,"001",2025-11-10_21h16.03.799,2nd exp,,2025.2.0,None,2025-11-10 21h16.03.874817 +0530,
She does not like apples,She not does like apples,transposition_related,right,163,3,10,left,0,1.6763953320041765,None,10,3,163,6,601.3861278749973,,,,,,,,,601.3814222079964,601.390027417001,601.6382957080059,601.6382957080059,601.8382562500046,601.8267663330043,602.0266118750005,602.0383134580043,602.1267461669922,602.1381986250053,602.1381986250053,603.8240120830014,left,0,1.6763953320041765,None,603.8246089169988,603.8360719170014,603.8360719170014,604.0209790829977,604.0285639170033,604.0285639170033,604.8379220000061,604.8108714169939,,,k,"001",2025-11-10_21h16.03.799,2nd exp,,2025.2.0,None,2025-11-10 21h16.03.874817 +0530,
She does not like apples,She like does apples not,transposition_unrelated,left,164,4,10,left,1,0.902245999997831,None,10,4,164,7,604.8379220000061,,,,,,,,,604.815845707999,604.8379220000061,605.0712463329983,605.0776942079974,605.2713909580052,605.2589194169996,605.4600308749941,605.4715000419965,605.5587942080019,605.5713832079928,605.5713832079928,606.4790473329922,left,1,0.902245999997831,None,606.4793233749951,606.4902032499958,606.4902032499958,606.6807847500022,606.6866763330036,606.6866763330036,607.4866371249955,607.4707309170044,,,k,"001",2025-11-10_21h16.03.799,2nd exp,,2025.2.0,None,2025-11-10 21h16.03.874817 +0530,
The dog is barking loudly,The loudly is barking dog,repetition_unrelated,left,165,5,10,left,1,1.2547107909922488,None,10,5,165,13,607.4866371249955,,,,,,,,,607.4812802079978,607.4866371249955,607.729786291995,607.729786291995,607.9206717500056,607.926229292003,608.1092321250035,608.128012000001,608.2214596669946,608.2277710000053,608.2277710000053,609.4898292080034,left,1,1.2547107909922488,None,609.4901056249946,609.5009993330023,609.5009993330023,609.6872724169953,609.6941879170045,609.6941879170045,610.4837038749974,610.4702412920014,,,k,"001",2025-11-10_21h16.03.799,2nd exp,,2025.2.0,None,2025-11-10 21h16.03.874817 +0530,
The boy can read fast,The boy can read fast,transposition_related,right,166,6,10,right,1,0.6672002499981318,None,10,6,166,2,610.4837038749974,,,,,,,,,610.4789325419988,610.4891200830025,610.7382715419953,610.7267636670003,610.9377635830024,610.9377635830024,611.1267644170002,611.1380396669992,611.2267122079938,611.2382281669998,611.2382281669998,611.9122299169976,right,1,0.6672002499981318,None,611.9125126669969,611.9238599579985,611.9238599579985,612.1130897080002,612.1213492919924,612.1213492919924,612.9070922079991,612.8966536249936,,,k,"001",2025-11-10_21h16.03.799,2nd exp,,2025.2.0,None,2025-11-10 21h16.03.874817 +0530,
The boy can read fast,The read can boy fast,repetition_unrelated,left,167,7,10,left,1,0.6805282080022153,None,10,7,167,1,612.9070922079991,,,,,,,,,612.9021507500001,612.9070922079991,613.1624776669923,613.1546654999984,613.3604294999968,613.3604294999968,613.5547682920005,613.5606342919928,613.6548894169973,613.661818624998,613.661818624998,614.3455719170015,left,1,0.6805282080022153,None,614.3458479999972,614.3570973330061,614.3570973330061,614.5464652079972,614.5532777500048,614.5532777500048,615.3550252080022,615.3387210829969,,,k,"001",2025-11-10_21h16.03.799,2nd exp,,2025.2.0,None,2025-11-10 21h16.03.874817 +0530,
She does not like apples,She not does like apples,repetition_unrelated,left,168,8,10,left,1,1.5103009579906939,None,10,8,168,5,615.3550252080022,,,,,,,,,615.349749083005,615.3550252080022,615.5956603749946,615.5956603749946,615.7949321250053,615.7949321250053,615.9881672920019,615.9945871249947,616.0882222920045,616.0950512080017,616.0950512080017,617.6123147500039,left,1,1.5103009579906939,None,617.6125894169963,617.6233950419992,617.6233950419992,617.8129018750042,617.8200062079995,617.8200062079995,618.6174571250012,618.605437124992,,,k,"001",2025-11-10_21h16.03.799,2nd exp,,2025.2.0,None,2025-11-10 21h16.03.874817 +0530,
She does not like apples,She does not like apples,repetition_related,right,169,9,10,right,1,3.162920249000308,None,10,9,169,4,618.6174571250012,,,,,,,,,618.6117919169919,618.6174571250012,618.8629480420059,618.8629480420059,619.0547089579923,619.0547089579923,619.2434842079965,619.2611245830049,619.3616214999929,619.3616214999929,619.3616214999929,622.5290255830041,right,1,3.162920249000308,None,622.5293700420007,622.5407209169935,622.5407209169935,622.7302675419924,622.7385118749953,622.7385118749953,623.5366969580064,623.5210301250045,,,k,"001",2025-11-10_21h16.03.799,2nd exp,,2025.2.0,None,2025-11-10 21h16.03.874817 +0530,
The dog is barking loudly,The dog barking is loudly,transposition_related,right,170,10,10,left,0,1.9023852500104113,None,10,10,170,14,623.5366969580064,,,,,,,,,623.5311007080018,623.5366969580064,623.7793373750028,623.7793373750028,623.9764324999996,623.9764324999996,624.1715928329941,624.1779897499946,624.2777788329986,624.2777788329986,624.2777788329986,626.1897877500014,left,0,1.9023852500104113,None,626.1900633329933,626.2006222500058,626.2006222500058,626.387117374994,626.3937240829982,626.3937240829982,627.1864362079941,627.1716038330051,,,k,"001",2025-11-10_21h16.03.799,2nd exp,,2025.2.0,None,2025-11-10 21h16.03.874817 +0530,
The boy can read fast,The read can boy fast,transposition_unrelated,left,171,11,10,left,1,2.1601944159920095,None,10,11,171,3,627.1864362079941,,,,,,,,,627.1809105830034,627.1906830420048,627.4383249579987,627.4383249579987,627.6380452919984,627.6380452919984,627.8252685829939,627.8380916669994,627.9263062499958,627.9379135420022,627.9379135420022,630.1064676669921,left,1,2.1601944159920095,None,630.10686575,630.1186639999942,630.1186639999942,630.3048581250041,630.3124677919986,630.3124677919986,631.1081283329986,631.094274832998,,,k,"001",2025-11-10_21h16.03.799,2nd exp,,2025.2.0,None,2025-11-10 21h16.03.874817 +0530,
They have finished the work,They finished have the work,transposition_related,right,172,12,10,left,0,2.1709171249967767,None,10,12,172,10,631.1081283329986,,,,,,,,,631.1033449170063,631.1081283329986,631.3546622499998,631.3546622499998,631.5538166250044,631.5538166250044,631.743372041994,631.7548094579979,631.8432603330002,631.8549326670036,631.8549326670036,634.0289231670031,left,0,2.1709171249967767,None,634.0292123749969,634.0405247919989,634.0405247919989,634.2281712919939,634.2374279170035,634.2374279170035,635.0267077080061,635.0118777080061,,,k,"001",2025-11-10_21h16.03.799,2nd exp,,2025.2.0,None,2025-11-10 21h16.03.874817 +0530,
The boy can read fast,The boy can read fast,repetition_related,right,173,13,10,right,1,1.0544798330083722,None,10,13,173,0,635.0267077080061,,,,,,,,,635.021408332992,635.0267077080061,635.2799871669995,635.2715180829982,635.4698342500051,635.4745251249988,635.659673083006,635.6777203749953,635.771628167,635.778381791999,635.778381791999,636.8402293749969,right,1,1.0544798330083722,None,636.8407616670011,636.8524974169995,636.8524974169995,637.0381845420052,637.0460992080043,637.0460992080043,637.8441142920055,637.8277545000019,,,k,"001",2025-11-10_21h16.03.799,2nd exp,,2025.2.0,None,2025-11-10 21h16.03.874817 +0530,
The dog is barking loudly,The dog is barking loudly,repetition_related,right,174,14,10,right,1,2.221717708001961,None,10,14,174,12,637.8441142920055,,,,,,,,,637.8387174579984,637.8441142920055,638.0877150419983,638.0877150419983,638.2879599169974,638.2879599169974,638.4766065000003,638.4882092500047,638.5756212080014,638.5880672079948,638.5880672079948,640.8124669999961,right,1,2.221717708001961,None,640.8127409580047,640.8239415419957,640.8239415419957,641.0131435829971,641.019832542006,641.019832542006,641.8189660000062,641.8035055829969,,,k,"001",2025-11-10_21h16.03.799,2nd exp,,2025.2.0,None,2025-11-10 21h16.03.874817 +0530,
They have finished the work,They finished have the work,repetition_unrelated,left,175,15,10,left,1,1.5614650409988826,None,10,15,175,9,641.8189660000062,,,,,,,,,641.8138256249949,641.8189660000062,642.062766832998,642.062766832998,642.2607706669951,642.2607706669951,642.4547616250056,642.4611776670063,642.5547800000058,642.5611321250035,642.5611321250035,644.1290425420011,left,1,1.5614650409988826,None,644.1293500829925,644.1405464169948,644.1405464169948,644.3300360830035,644.3365711670049,644.3365711670049,645.1311082920001,645.1201445829938,,,k,"001",2025-11-10_21h16.03.799,2nd exp,,2025.2.0,None,2025-11-10 21h16.03.874817 +0530,
They have finished the work,They have finished the work,repetition_related,right,176,0,11,right,1,3.1943347500055097,None,11,0,176,8,645.1311082920001,,,,,,,,,645.1257517920021,645.1311082920001,645.3796009999933,645.3796009999933,645.576946125002,645.576946125002,645.7713267079962,645.777038500004,645.8713647080003,645.8779579999973,645.8779579999973,649.0787628329999,right,1,3.1943347500055097,None,649.0790399999969,649.0908935420011,649.0908935420011,649.2805223750038,649.2867534169927,649.2867534169927,650.0838632079976,650.0714512080012,,,k,"001",2025-11-10_21h16.03.799,2nd exp,,2025.2.0,None,2025-11-10 21h16.03.874817 +0530,
They have finished the work,They finished have the work,transposition_related,right,177,1,11,left,0,1.7503104159986833,None,11,1,177,10,650.0838632079976,,,,,,,,,650.0783919170062,650.0838632079976,650.3300747920002,650.3300747920002,650.5202806250018,650.5202806250018,650.7097100829997,650.7277197499934,650.8275488329964,650.8275488329964,650.8275488329964,652.5903410000028,left,0,1.7503104159986833,None,652.5909434579953,652.6030101249926,652.6030101249926,652.7865127499972,652.7928698329924,652.7928698329924,653.5873731669999,653.5718918750063,,,k,"001",2025-11-10_21h16.03.799,2nd exp,,2025.2.0,None,2025-11-10 21h16.03.874817 +0530,
She does not like apples,She like does apples not,transposition_unrelated,left,178,2,11,left,1,3.159027873989544,None,11,2,178,7,653.5873731669999,,,,,,,,,653.5826241250033,653.5917783750047,653.8381487080042,653.8381487080042,654.0373982500023,654.0373982500023,654.226408167,654.2380376670044,654.3266595000023,654.3381208329956,654.3381208329956,657.506141417005,left,1,3.159027873989544,None,657.5064214169979,657.5176315419958,657.5176315419958,657.7045832080039,657.712348874993,657.712348874993,658.5011186250049,658.4874694169994,,,k,"001",2025-11-10_21h16.03.799,2nd exp,,2025.2.0,None,2025-11-10 21h16.03.874817 +0530,
The boy can read fast,The boy can read fast,repetition_related,right,179,3,11,right,1,0.9088963319954928,None,11,3,179,0,658.5011186250049,,,,,,,,,658.4962822499947,658.505807583002,658.7545002080005,658.7545002080005,658.9545563749998,658.942257207993,659.1420488330041,659.1548107499984,659.2420874170057,659.2548856670037,659.2548856670037,660.1727442919946,right,1,0.9088963319954928,None,660.1730224579951,660.1837423749967,660.1837423749967,660.3712955420051,660.3788180419942,660.3788180419942,661.1731582079956,661.1600753749954,,,k,"001",2025-11-10_21h16.03.799,2nd exp,,2025.2.0,None,2025-11-10 21h16.03.874817 +0530,
The boy can read fast,The read can boy fast,transposition_unrelated,left,180,4,11,left,1,3.4086027489975095,None,11,4,180,3,661.1731582079956,,,,,,,,,661.1668022920057,661.1731582079956,661.4214028330025,661.4214028330025,661.621275832993,661.6087565829948,661.8096595829993,661.8215234999952,661.9099417919933,661.9214057079953,661.9214057079953,665.3395715420047,left,1,3.4086027489975095,None,665.339864833004,665.3507890420005,665.3507890420005,665.5368327920005,665.5444125829963,665.5444125829963,666.3359327499929,666.3205040829926,,,k,"001",2025-11-10_21h16.03.799,2nd exp,,2025.2.0,None,2025-11-10 21h16.03.874817 +0530,
They have finished the work,They finished have the work,repetition_unrelated,left,181,5,11,left,1,1.4686292909900658,None,11,5,181,9,666.3359327499929,,,,,,,,,666.331132124993,666.3405274169927,666.5880325000035,666.5880325000035,666.7879184170015,666.7879184170015,666.9755770000047,666.9881836249988,667.0771850419987,667.0879497919959,667.0879497919959,668.5624447500013,left,1,1.4686292909900658,None,668.5627896670048,668.5738529579976,668.5738529579976,668.7636991670006,668.7700062499935,668.7700062499935,669.5711138750048,669.5552773329982,,,k,"001",2025-11-10_21h16.03.799,2nd exp,,2025.2.0,None,2025-11-10 21h16.03.874817 +0530,
She does not like apples,She does not like apples,repetition_related,right,182,6,11,right,1,2.0317981250118464,None,11,6,182,4,669.5711138750048,,,,,,,,,669.5658026669989,669.5711138750048,669.8127149579959,669.8127149579959,670.0104520419991,670.0104520419991,670.2047138329945,670.2110791669984,670.3047177499975,670.3106147079961,670.3106147079961,672.3456379169947,right,1,2.0317981250118464,None,672.345907416995,672.3571606250043,672.3571606250043,672.5503272920032,672.5567638329958,672.5567638329958,673.349299124995,673.3371112500026,,,k,"001",2025-11-10_21h16.03.799,2nd exp,,2025.2.0,None,2025-11-10 21h16.03.874817 +0530,
She does not like apples,She not does like apples,transposition_related,right,183,7,11,left,0,0.9127669159934158,None,11,7,183,6,673.349299124995,,,,,,,,,673.343829999998,673.349299124995,673.596046916995,673.596046916995,673.7876180830062,673.7876180830062,673.9761539169995,673.9936135000025,674.0878952079947,674.0936872500024,674.0936872500024,675.0121837500046,left,0,0.9127669159934158,None,675.0124625419994,675.0239349579933,675.0239349579933,675.2139506669919,675.2203822080046,675.2203822080046,676.0209911669954,676.005212374992,,,k,"001",2025-11-10_21h16.03.799,2nd exp,,2025.2.0,None,2025-11-10 21h16.03.874817 +0530,
They have finished the work,They work the have finished,transposition_unrelated,left,184,8,11,left,1,3.0660786660009762,None,11,8,184,11,676.0209911669954,,,,,,,,,676.015442332995,676.0209911669954,676.2627349999966,676.2627349999966,676.4532254579972,676.4532254579972,676.643411416997,676.661127667001,676.7546732079936,676.7613090420055,676.7613090420055,679.8290111669921,left,1,3.0660786660009762,None,679.829369375002,679.8406066250027,679.8406066250027,680.0299216669955,680.0365894999995,680.0365894999995,680.8360087500041,680.8202847079956,,,k,"001",2025-11-10_21h16.03.799,2nd exp,,2025.2.0,None,2025-11-10 21h16.03.874817 +0530,
The boy can read fast,The boy can read fast,transposition_related,right,185,9,11,right,1,0.8876947489916347,None,11,9,185,2,680.8360087500041,,,,,,,,,680.8307201249991,680.8360087500041,681.0798021670053,681.0798021670053,681.2696819580015,681.2696819580015,681.4595499999996,681.477774125,681.5715008330008,681.5782147919963,681.5782147919963,682.4736405000003,right,1,0.8876947489916347,None,682.4742452499922,682.4860317499988,682.4860317499988,682.6712350830057,682.6780596669996,682.6780596669996,683.4707881670038,683.4551094579947,,,k,"001",2025-11-10_21h16.03.799,2nd exp,,2025.2.0,None,2025-11-10 21h16.03.874817 +0530,
The dog is barking loudly,The dog is barking loudly,repetition_related,right,186,10,11,right,1,1.1183756239915965,None,11,10,186,12,683.4707881670038,,,,,,,,,683.4660699999949,683.4751914579974,683.7212760419934,683.7212760419934,683.9212608329981,683.9087389170018,684.1100032499962,684.1213127079973,684.2095039580017,684.2214382079983,684.2214382079983,685.3448171250056,right,1,1.1183756239915965,None,685.3450885000057,685.3566187499964,685.3566187499964,685.5368995419994,685.5530680420052,685.5530680420052,686.3334328329947,686.3217858330027,,,k,"001",2025-11-10_21h16.03.799,2nd exp,,2025.2.0,None,2025-11-10 21h16.03.874817 +0530,
The dog is barking loudly,The dog barking is loudly,transposition_related,right,187,11,11,left,0,0.887044415998389,None,11,11,187,14,686.3334328329947,,,,,,,,,686.3285643330019,686.3392817499989,686.5880790420051,686.5880790420051,686.7942958750064,686.7764714170044,686.9880380419927,686.9880380419927,687.0755642919976,687.0946710419958,687.0946710419958,687.9902557500027,left,0,0.887044415998389,None,687.9908534999995,688.0027498330019,688.0027498330019,688.187095041998,688.1950320420001,688.1950320420001,688.9860800000024,688.9717269169923,,,k,"001",2025-11-10_21h16.03.799,2nd exp,,2025.2.0,None,2025-11-10 21h16.03.874817 +0530,
The boy can read fast,The read can boy fast,repetition_unrelated,left,188,12,11,left,1,0.8336589159880532,None,11,12,188,1,688.9860800000024,,,,,,,,,688.981161417003,688.9904384169931,689.2378370829974,689.2378370829974,689.4379525419936,689.4379525419936,689.626392332997,689.6381327080016,689.7264774170035,689.7379944999993,689.7379944999993,690.5889987919945,left,1,0.8336589159880532,None,690.5893450830044,690.5979761670023,690.5979761670023,690.780198374996,690.7955005830008,690.7955005830008,691.5857233749994,691.5703561669943,,,k,"001",2025-11-10_21h16.03.799,2nd exp,,2025.2.0,None,2025-11-10 21h16.03.874817 +0530,
She does not like apples,She not does like apples,repetition_unrelated,left,189,13,11,left,1,1.1011071250104578,None,11,13,189,5,691.5857233749994,,,,,,,,,691.5805662920029,691.5905686670012,691.8379757499933,691.8379757499933,692.0379398329969,692.0379398329969,692.2253816250013,692.238041042001,692.327466792005,692.327466792005,692.327466792005,693.439414583001,left,1,1.1011071250104578,None,693.4397009579989,693.4512764999963,693.4512764999963,693.6375163750054,693.6453614170023,693.6453614170023,694.4360786670004,694.4208941249963,,,k,"001",2025-11-10_21h16.03.799,2nd exp,,2025.2.0,None,2025-11-10 21h16.03.874817 +0530,
The dog is barking loudly,The barking dog loudly is,transposition_unrelated,left,190,14,11,left,1,0.9345458329917165,None,11,14,190,15,694.4360786670004,,,,,,,,,694.4312999169924,694.4406638329965,694.6879321250017,694.6879321250017,694.888059207995,694.8762347080046,695.0754304580041,695.088095375002,695.1761976249982,695.188050583005,695.188050583005,696.1283562080062,left,1,0.9345458329917165,None,696.1286338329955,696.1401527919952,696.1401527919952,696.3305624579953,696.3365302080056,696.3365302080056,697.135057624997,697.121614417003,,,k,"001",2025-11-10_21h16.03.799,2nd exp,,2025.2.0,None,2025-11-10 21h16.03.874817 +0530,
The dog is barking loudly,The loudly is barking dog,repetition_unrelated,left,191,15,11,right,0,0.9651342500001192,None,11,15,191,13,697.135057624997,,,,,,,,,697.129469499996,697.135057624997,697.3701278749941,697.3784719169926,697.577033249996,697.5573613330052,697.7712261249981,697.7712261249981,697.8587790419988,697.8782859170024,697.8782859170024,698.8454044999962,right,0,0.9651342500001192,None,698.8457358330052,698.8571862919925,698.8571862919925,699.0461953750055,699.0530407500046,699.0530407500046,699.8447158750059,699.8290851670026,,,k,"001",2025-11-10_21h16.03.799,2nd exp,,2025.2.0,None,2025-11-10 21h16.03.874817 +0530,
They have finished the work,They finished have the work,transposition_related,right,192,0,12,left,0,1.1925578330119606,None,12,0,192,10,699.8447158750059,,,,,,,,,699.8390809999983,699.8447158750059,700.0953916669969,700.0879089170048,700.2867927079933,700.2867927079933,700.4764472919924,700.4943987080042,700.5878887500003,700.5939444579999,700.5939444579999,701.7906035420019,left,0,1.1925578330119606,None,701.7911223330011,701.8028213749931,701.8028213749931,701.9878673750063,701.995042124996,701.995042124996,702.790155374998,702.778393792003,,,k,"001",2025-11-10_21h16.03.799,2nd exp,,2025.2.0,None,2025-11-10 21h16.03.874817 +0530,
They have finished the work,They work the have finished,transposition_unrelated,left,193,1,12,left,1,0.8203196660033427,None,12,1,193,11,702.790155374998,,,,,,,,,702.7839219580055,702.790155374998,703.0379613749974,703.0379613749974,703.2379544169962,703.2263183750038,703.4265094169969,703.4380732080026,703.5264290829946,703.5379618750012,703.5379618750012,704.361845499996,left,1,0.8203196660033427,None,704.3621155830042,704.373823707996,704.373823707996,704.5625638329948,704.5705318330001,704.5705318330001,705.3610137079959,705.3457545419951,,,k,"001",2025-11-10_21h16.03.799,2nd exp,,2025.2.0,None,2025-11-10 21h16.03.874817 +0530,
The dog is barking loudly,The loudly is barking dog,repetition_unrelated,left,194,2,12,left,1,0.8186207069957163,None,12,2,194,13,705.3610137079959,,,,,,,,,705.355602458003,705.3610137079959,705.6121017919941,705.6045909170061,705.8045601250051,705.8045601250051,705.9933583329985,706.0113022500009,706.1046545830031,706.1107185830042,706.1107185830042,706.9396439999982,left,1,0.8186207069957163,None,706.9400102499931,706.9513976250018,706.9513976250018,707.1367473330029,707.1447294579993,707.1447294579993,707.9344505420013,707.9200684169919,,,k,"001",2025-11-10_21h16.03.799,2nd exp,,2025.2.0,None,2025-11-10 21h16.03.874817 +0530,
They have finished the work,They have finished the work,repetition_related,right,195,3,12,right,1,1.3813234159897547,None,12,3,195,8,707.9344505420013,,,,,,,,,707.9295797920058,707.9389258750016,708.1880654169945,708.1765456249996,708.3879977500037,708.3764975829981,708.5762642920017,708.5879450829962,708.6754391249997,708.6878471670061,708.6878471670061,710.0734579580021,right,1,1.3813234159897547,None,710.074035083002,710.0857437499944,710.0857437499944,710.2697973750037,710.2774497079954,710.2774497079954,711.0701818329981,711.0539982079936,,,k,"001",2025-11-10_21h16.03.799,2nd exp,,2025.2.0,None,2025-11-10 21h16.03.874817 +0530,
The dog is barking loudly,The barking dog loudly is,transposition_unrelated,left,196,4,12,left,1,3.6737034160032636,None,12,4,196,15,711.0701818329981,,,,,,,,,711.0653820419975,711.0746393750014,711.3214713329944,711.3214713329944,711.5212275420054,711.5087926669949,711.7106801670016,711.7209615419997,711.810109041995,711.8209712499956,711.8209712499956,715.5064263329987,left,1,3.6737034160032636,None,715.5068242080015,715.5184412920062,715.5184412920062,715.7029446249944,715.7092636250018,715.7092636250018,716.5030612499977,716.4873446669953,,,k,"001",2025-11-10_21h16.03.799,2nd exp,,2025.2.0,None,2025-11-10 21h16.03.874817 +0530,
The boy can read fast,The read can boy fast,transposition_unrelated,left,197,5,12,left,1,1.0738322499964852,None,12,5,197,3,716.5030612499977,,,,,,,,,716.4983227079938,716.5067560829921,716.7536902919965,716.7536902919965,716.954591207992,716.9403700830007,717.1440215000039,717.1543149579957,717.2428059999947,717.2545196669962,717.2545196669962,718.339667082997,left,1,1.0738322499964852,None,718.3400707499968,718.351730082999,718.351730082999,718.5379542919982,718.5456299579964,718.5456299579964,719.3399655419926,719.3289455829945,,,k,"001",2025-11-10_21h16.03.799,2nd exp,,2025.2.0,None,2025-11-10 21h16.03.874817 +0530,
The boy can read fast,The boy can read fast,repetition_related,right,198,6,12,right,1,0.7942141660023481,None,12,6,198,0,719.3399655419926,,,,,,,,,719.3343131669972,719.3399655419926,719.5880840829923,719.5880840829923,719.7881209579937,719.7881209579937,719.975319582998,719.9879373750009,720.0763284999994,720.0880397080036,720.0880397080036,720.8893993749953,right,1,0.7942141660023481,None,720.8897189999989,720.9025979169965,720.9025979169965,721.0864821669966,721.0948386670061,721.0948386670061,721.8839755829977,721.8700287079992,,,k,"001",2025-11-10_21h16.03.799,2nd exp,,2025.2.0,None,2025-11-10 21h16.03.874817 +0530,
She does not like apples,She like does apples not,transposition_unrelated,left,199,7,12,left,1,1.0431551660003606,None,12,7,199,7,721.8839755829977,,,,,,,,,721.8789162500034,721.8891734170029,722.1381777920033,722.1270440420049,722.3381792500004,722.3265384169936,722.5260117500002,722.5379175419948,722.6263493330043,722.638049250003,722.638049250003,723.6896306249982,left,1,1.0431551660003606,None,723.690136499994,723.7018085419986,723.7018085419986,723.8864348749921,723.8926661250007,723.8926661250007,724.6851704169967,724.670592208,,,k,"001",2025-11-10_21h16.03.799,2nd exp,,2025.2.0,None,2025-11-10 21h16.03.874817 +0530,
They have finished the work,They finished have the work,repetition_unrelated,left,200,8,12,right,0,1.797236915997928,None,12,8,200,9,724.6851704169967,,,,,,,,,724.6805057919992,724.6895561249985,724.9379292499943,724.9379292499943,725.1379592080048,725.1379592080048,725.3260199170036,725.3379946670029,725.4253337499977,725.4379215420049,725.4379215420049,727.2400012080034,right,0,1.797236915997928,None,727.2404719579936,727.251945875003,727.251945875003,727.437851041992,727.4459961669927,727.4459961669927,728.2422040829988,728.2282887500041,,,k,"001",2025-11-10_21h16.03.799,2nd exp,,2025.2.0,None,2025-11-10 21h16.03.874817 +0530,
The boy can read fast,The read can boy fast,repetition_unrelated,left,201,9,12,left,1,2.140965040991432,None,12,9,201,1,728.2422040829988,,,,,,,,,728.237279042005,728.2422040829988,728.4878375830012,728.4878375830012,728.6878977500019,728.6878977500019,728.8764820420038,728.8877444579994,728.9764259170042,728.9880283329985,728.9880283329985,731.1401302080048,left,1,2.140965040991432,None,731.140504541996,731.1522217919992,731.1522217919992,731.3376431249926,731.3451886669936,731.3451886669936,732.135708582995,732.1207792920031,,,k,"001",2025-11-10_21h16.03.799,2nd exp,,2025.2.0,None,2025-11-10 21h16.03.874817 +0530,
She does not like apples,She not does like apples,repetition_unrelated,left,202,10,12,left,1,0.6959364159993129,None,12,10,202,5,732.135708582995,,,,,,,,,732.1308385830052,732.1400392499927,732.3879402919993,732.3879402919993,732.5878310830012,732.5878310830012,732.7761267500027,732.788082250001,732.8755289169931,732.8880223330052,732.8880223330052,733.5896253749961,left,1,0.6959364159993129,None,733.5900044580048,733.6018449580006,733.6018449580006,733.7885640830063,733.7956747499993,733.7956747499993,734.5943841249973,734.5789737500018,,,k,"001",2025-11-10_21h16.03.799,2nd exp,,2025.2.0,None,2025-11-10 21h16.03.874817 +0530,
The boy can read fast,The boy can read fast,transposition_related,right,203,11,12,right,1,1.4080172489921097,None,12,11,203,2,734.5943841249973,,,,,,,,,734.589195499997,734.5943841249973,734.8380067919934,734.8380067919934,735.0379702079954,735.0256732499984,735.225139000002,735.2379705829953,735.3263821669971,735.3379227499972,735.3379227499972,736.7562663330027,right,1,1.4080172489921097,None,736.756559417001,736.7678135419992,736.7678135419992,736.9531643749942,736.961066207994,736.961066207994,737.7518302079989,737.7367487919983,,,k,"001",2025-11-10_21h16.03.799,2nd exp,,2025.2.0,None,2025-11-10 21h16.03.874817 +0530,
She does not like apples,She not does like apples,transposition_related,right,204,12,12,left,0,0.7422561660059728,None,12,12,204,6,737.7518302079989,,,,,,,,,737.747139250001,737.7561183329963,738.0045359999931,738.0045359999931,738.2046456249955,738.1936449579953,738.3927919169946,738.4044437919947,738.4930486670055,738.5045555830002,738.5045555830002,739.2559182080004,left,0,0.7422561660059728,None,739.2562044579972,739.2672331670037,739.2672331670037,739.4545132500061,739.4622176669945,739.4622176669945,740.2543767500028,740.2382947080041,,,k,"001",2025-11-10_21h16.03.799,2nd exp,,2025.2.0,None,2025-11-10 21h16.03.874817 +0530,
The dog is barking loudly,The dog barking is loudly,transposition_related,right,205,13,12,left,0,0.7661338739999337,None,12,13,205,14,740.2543767500028,,,,,,,,,740.2495988330047,740.2589146669925,740.504554375002,740.504554375002,740.7043752919999,740.7043752919999,740.8920788329997,740.9048472499999,740.9928363329964,741.0045387499995,741.0045387499995,741.7734758330043,left,0,0.7661338739999337,None,741.7740455830062,741.7858938749996,741.7858938749996,741.9711533749942,741.9792279579997,741.9792279579997,742.7660744580062,742.754985874999,,,k,"001",2025-11-10_21h16.03.799,2nd exp,,2025.2.0,None,2025-11-10 21h16.03.874817 +0530,
The dog is barking loudly,The dog is barking loudly,repetition_related,right,206,14,12,right,1,1.0634277909994125,None,12,14,206,12,742.7660744580062,,,,,,,,,742.7613646669924,742.7874802919978,743.0200020420016,743.0269155419955,743.2210049580026,743.2081365420017,743.4092785829998,743.4213539579941,743.5084872080042,743.5212984999962,743.5212984999962,744.5894215419976,right,1,1.0634277909994125,None,744.5898285000003,744.6028526250011,744.6028526250011,744.7878328749939,744.7954692500061,744.7954692500061,745.5903129999933,745.5764370419929,,,k,"001",2025-11-10_21h16.03.799,2nd exp,,2025.2.0,None,2025-11-10 21h16.03.874817 +0530,
She does not like apples,She does not like apples,repetition_related,right,207,15,12,left,0,0.7396793740044814,None,12,15,207,4,745.5903129999933,,,,,,,,,745.5854907500034,745.5903129999933,745.837766208002,745.837766208002,746.0378247500048,746.0254737499927,746.2263804579998,746.2380437919928,746.326285624993,746.337931083006,746.337931083006,747.0900163750048,left,0,0.7396793740044814,None,747.0905087080027,747.1020554999996,747.1020554999996,747.287781417006,747.2955252919928,747.2955252919928,748.091168125,748.0769077919977,,,k,"001",2025-11-10_21h16.03.799,2nd exp,,2025.2.0,None,2025-11-10 21h16.03.874817 +0530,
They have finished the work,They work the have finished,transposition_unrelated,left,208,0,13,left,1,6.248684915990452,None,13,0,208,11,748.091168125,,,,,,,,,748.0861788750044,748.091168125,748.337933332994,748.337933332994,748.5377944999927,748.5377944999927,748.7248464580043,748.7379945830035,748.8263740830007,748.8379047079943,748.8379047079943,755.0894768750004,left,1,6.248684915990452,None,755.0898097919999,755.1026006669999,755.1026006669999,755.2868788750056,755.2978011249943,755.2978011249943,756.0833036249969,756.0716473329958,,,k,"001",2025-11-10_21h16.03.799,2nd exp,,2025.2.0,None,2025-11-10 21h16.03.874817 +0530,
They have finished the work,They finished have the work,transposition_related,right,209,1,13,left,0,1.8858963329985272,None,13,1,209,10,756.0833036249969,,,,,,,,,756.078369416995,756.0889390420052,756.3380701249989,756.3380701249989,756.5380388750054,756.5380388750054,756.7251104580064,756.7378758330015,756.825560792,756.8380151250021,756.8380151250021,758.7287062079995,left,0,1.8858963329985272,None,758.7290606250026,758.7402672919998,758.7402672919998,758.9301327499998,758.9545182919974,758.9545182919974,759.736573000002,759.7206263330008,,,k,"001",2025-11-10_21h16.03.799,2nd exp,,2025.2.0,None,2025-11-10 21h16.03.874817 +0530,
She does not like apples,She like does apples not,transposition_unrelated,left,210,2,13,left,1,0.6567521660035709,None,13,2,210,7,759.736573000002,,,,,,,,,759.731179208,759.736573000002,759.979534750004,759.979534750004,760.169480083001,760.1741615420033,760.3596426669974,760.3774698750058,760.4781245000049,760.4781245000049,760.4781245000049,761.1395940420043,left,1,0.6567521660035709,None,761.1399960419949,761.1520122499933,761.1520122499933,761.3379015419923,761.3456839169958,761.3456839169958,762.1372390420001,762.1213982500049,,,k,"001",2025-11-10_21h16.03.799,2nd exp,,2025.2.0,None,2025-11-10 21h16.03.874817 +0530,
They have finished the work,They finished have the work,repetition_unrelated,left,211,3,13,left,1,1.096884582992061,None,13,3,211,9,762.1372390420001,,,,,,,,,762.1326456249953,762.1414773330034,762.3877745420032,762.3877745420032,762.5879215000023,762.5760729579924,762.776428541998,762.7879205420031,762.8761342079961,762.8879299999971,762.8879299999971,763.9892911250063,left,1,1.096884582992061,None,763.9896923750057,764.001374792002,764.001374792002,764.1878231250012,764.1956337080046,764.1956337080046,764.9914777920058,764.9767159579933,,,k,"001",2025-11-10_21h16.03.799,2nd exp,,2025.2.0,None,2025-11-10 21h16.03.874817 +0530,
The boy can read fast,The read can boy fast,transposition_unrelated,left,212,4,13,left,1,0.6149936239962699,None,13,4,212,3,764.9914777920058,,,,,,,,,764.9866183749982,764.9914777920058,765.2379083749984,765.2379083749984,765.4378273750044,765.4378273750044,765.6261992079963,765.6378374170017,765.7251431670011,765.7377439169941,765.7377439169941,766.3566619579942,left,1,0.6149936239962699,None,766.3571533749928,766.3689297920064,766.3689297920064,766.5543497920007,766.5618985829933,766.5618985829933,767.3536712920031,767.3430243750045,,,k,"001",2025-11-10_21h16.03.799,2nd exp,,2025.2.0,None,2025-11-10 21h16.03.874817 +0530,
The boy can read fast,The boy can read fast,repetition_related,right,213,5,13,right,1,0.40420645799895283,None,13,5,213,0,767.3536712920031,,,,,,,,,767.3485197080008,767.3536712920031,767.6045882920007,767.5917662919965,767.8046332499944,767.8046332499944,767.993136457997,768.0046052079997,768.0921412919997,768.1044907500036,768.1044907500036,768.5119600000035,right,1,0.40420645799895283,None,768.5123049999966,768.5238022919948,768.5238022919948,768.7128814579919,768.7197395419935,768.7197395419935,769.517272416997,769.5031955419981,,,k,"001",2025-11-10_21h16.03.799,2nd exp,,2025.2.0,None,2025-11-10 21h16.03.874817 +0530,
The dog is barking loudly,The loudly is barking dog,repetition_unrelated,left,214,6,13,left,1,0.95736487400427,None,13,6,214,13,769.517272416997,,,,,,,,,769.5120790829969,769.517272416997,769.7628439580003,769.7628439580003,769.9607682500064,769.9607682500064,770.1545760000008,770.160995541999,770.254356999998,770.2603201250022,770.2603201250022,771.2232618749986,left,1,0.95736487400427,None,771.2237920420012,771.2356849579955,771.2356849579955,771.4209522500023,771.4293671250052,771.4293671250052,772.2259118749935,772.2109691670048,,,k,"001",2025-11-10_21h16.03.799,2nd exp,,2025.2.0,None,2025-11-10 21h16.03.874817 +0530,
She does not like apples,She not does like apples,transposition_related,right,215,7,13,left,0,1.062643790995935,None,13,7,215,6,772.2259118749935,,,,,,,,,772.2208017079975,772.2259118749935,772.4713174579956,772.4713174579956,772.6710621249949,772.6710621249949,772.8596485830058,772.8711774169933,772.9587508749973,772.9710462499934,772.9710462499934,774.0398429170018,left,0,1.062643790995935,None,774.0402972080046,774.0518576670001,774.0518576670001,774.2377835420048,774.2454136669985,774.2454136669985,775.0434977080004,775.0281824169942,,,k,"001",2025-11-10_21h16.03.799,2nd exp,,2025.2.0,None,2025-11-10 21h16.03.874817 +0530,
They have finished the work,They have finished the work,repetition_related,right,216,8,13,right,1,2.8945511240017368,None,13,8,216,8,775.0434977080004,,,,,,,,,775.038304457994,775.0434977080004,775.2877438750002,775.2877438750002,775.4878307500039,775.4760023330018,775.6763767079974,775.6878472079989,775.7764507079992,775.787724541995,775.787724541995,778.690022291994,right,1,2.8945511240017368,None,778.690637666994,778.702451374993,778.702451374993,778.887414124998,778.8937963749922,778.8937963749922,779.6938152920047,779.6784414169961,,,k,"001",2025-11-10_21h16.03.799,2nd exp,,2025.2.0,None,2025-11-10 21h16.03.874817 +0530,
The boy can read fast,The boy can read fast,transposition_related,right,217,9,13,right,1,5.02596754100523,None,13,9,217,2,779.6938152920047,,,,,,,,,779.6884245830006,779.6938152920047,779.9377925000008,779.9377925000008,780.1378982500028,780.1262170419941,780.3264164169959,780.3378352080035,780.4255834999931,780.4377899999963,780.4377899999963,785.4724720420054,right,1,5.02596754100523,None,785.4727535830025,785.4837200000038,785.4837200000038,785.6709987079958,785.6783456249977,785.6783456249977,786.4693350000016,786.4541964999953,,,k,"001",2025-11-10_21h16.03.799,2nd exp,,2025.2.0,None,2025-11-10 21h16.03.874817 +0530,
The dog is barking loudly,The barking dog loudly is,transposition_unrelated,left,218,10,13,left,1,0.823339416005183,None,13,10,218,15,786.4693350000016,,,,,,,,,786.4646179999982,786.4731285000016,786.7212218329951,786.7212218329951,786.9210723750002,786.9210723750002,787.1091749579937,787.121166166995,787.2092018330004,787.2210101249948,787.2210101249948,788.0557753750036,left,1,0.823339416005183,None,788.0560677920002,788.0672397080052,788.0672397080052,788.254083916996,788.2604381249985,788.2604381249985,789.0498969170003,789.0383357079991,,,k,"001",2025-11-10_21h16.03.799,2nd exp,,2025.2.0,None,2025-11-10 21h16.03.874817 +0530,
The dog is barking loudly,The dog barking is loudly,transposition_related,right,219,11,13,left,0,0.986881706994609,None,13,11,219,14,789.0498969170003,,,,,,,,,789.0451708750043,789.0558779580024,789.3045026670006,789.3045026670006,789.5041277919954,789.4929961250018,789.6930932079995,789.7045820829953,789.7929044170014,789.8044277500012,789.8044277500012,790.7942134579935,left,0,0.986881706994609,None,790.7944830000051,790.8064914169954,790.8064914169954,790.9962381670048,791.0029795830051,791.0029795830051,791.8039255420008,791.7882651249965,,,k,"001",2025-11-10_21h16.03.799,2nd exp,,2025.2.0,None,2025-11-10 21h16.03.874817 +0530,
The boy can read fast,The read can boy fast,repetition_unrelated,left,220,12,13,left,1,0.7740962070092792,None,13,12,220,1,791.8039255420008,,,,,,,,,791.7985170419997,791.8039255420008,792.0367130829982,792.0440150420036,792.2447007919982,792.2241955420031,792.4377792919986,792.4377792919986,792.5253407499986,792.5441482080059,792.5441482080059,793.3232521669997,left,1,0.7740962070092792,None,793.3238235419994,793.3351347919961,793.3351347919961,793.5210922080005,793.528735874992,793.528735874992,794.3265822079993,794.3115838749945,,,k,"001",2025-11-10_21h16.03.799,2nd exp,,2025.2.0,None,2025-11-10 21h16.03.874817 +0530,
She does not like apples,She not does like apples,repetition_unrelated,left,221,13,13,left,1,0.7908338319975883,None,13,13,221,5,794.3265822079993,,,,,,,,,794.3213562080055,794.3265822079993,794.5713602920005,794.5713602920005,794.7712071249989,794.7712071249989,794.9595573330007,794.9711815000046,795.0584802920057,795.0712413750007,795.0712413750007,795.8728055419924,left,1,0.7908338319975883,None,795.873157916998,795.8845244169934,795.8845244169934,796.0711120829947,796.0787294579932,796.0787294579932,796.8704432079976,796.8595779169991,,,k,"001",2025-11-10_21h16.03.799,2nd exp,,2025.2.0,None,2025-11-10 21h16.03.874817 +0530,
She does not like apples,She does not like apples,repetition_related,right,222,14,13,left,0,1.1279424160020426,None,13,14,222,4,796.8704432079976,,,,,,,,,796.865331042005,796.8704432079976,797.1209232919937,797.1095420829952,797.3212849580013,797.3098253329954,797.5084895000036,797.5210988750041,797.608398832992,797.6212147500046,797.6212147500046,798.7562749579956,left,0,1.1279424160020426,None,798.756665791996,798.7682681250008,798.7682681250008,798.9543563750049,798.9618656670064,798.9618656670064,799.7598723749979,799.7443322920008,,,k,"001",2025-11-10_21h16.03.799,2nd exp,,2025.2.0,None,2025-11-10 21h16.03.874817 +0530,
The dog is barking loudly,The dog is barking loudly,repetition_related,right,223,15,13,right,1,1.2117170410056133,None,13,15,223,12,799.7598723749979,,,,,,,,,799.7548357500054,799.7598723749979,800.0044122079998,800.0044122079998,800.2044282080024,800.2044282080024,800.392803374998,800.4044890829973,800.492553707998,800.5043865420012,800.5043865420012,801.7232154999947,right,1,1.2117170410056133,None,801.7235422079975,801.734836167001,801.734836167001,801.9210694170033,801.9320973330032,801.9320973330032,802.7227521250024,802.7093109999987,,,k,"001",2025-11-10_21h16.03.799,2nd exp,,2025.2.0,None,2025-11-10 21h16.03.874817 +0530,
The boy can read fast,The boy can read fast,transposition_related,right,224,0,14,right,1,1.092878166004084,None,14,0,224,2,802.7227521250024,,,,,,,,,802.7167627080053,802.7227521250024,802.9710329170048,802.9710329170048,803.1710594169999,803.1584676250059,803.3594390420039,803.3711404170026,803.4592843330029,803.4709925420029,803.4709925420029,804.573247458,right,1,1.092878166004084,None,804.5738944170007,804.5855544579972,804.5855544579972,804.7696017499984,804.7806650419952,804.7806650419952,805.5705747500033,805.5548497080017,,,k,"001",2025-11-10_21h16.03.799,2nd exp,,2025.2.0,None,2025-11-10 21h16.03.874817 +0530,
The dog is barking loudly,The barking dog loudly is,transposition_unrelated,left,225,1,14,left,1,0.8666528739995556,None,14,1,225,15,805.5705747500033,,,,,,,,,805.5657489169971,805.5749810419948,805.8210921669961,805.8210921669961,806.0211354170024,806.0101290830062,806.2090805000043,806.2212529999961,806.3089819169982,806.3211869579973,806.3211869579973,807.1897438330052,left,1,0.8666528739995556,None,807.1902156249998,807.2026366670034,807.2026366670034,807.3871994579968,807.3954516670055,807.3954516670055,808.1896539580048,808.1777484579943,,,k,"001",2025-11-10_21h16.03.799,2nd exp,,2025.2.0,None,2025-11-10 21h16.03.874817 +0530,
The dog is barking loudly,The dog barking is loudly,transposition_related,right,226,2,14,right,1,0.9660264990088763,None,14,2,226,14,808.1896539580048,,,,,,,,,808.1833210000041,808.1896539580048,808.4376176670048,808.4376176670048,808.6378975419939,808.6252710830013,808.8265778329951,808.8375098749966,808.9267196250003,808.9377937079989,808.9377937079989,809.9065129999944,right,1,0.9660264990088763,None,809.9070834169979,809.9187234169949,809.9187234169949,810.1044247919926,810.1120743329957,810.1120743329957,810.9065758329962,810.8925918750028,,,k,"001",2025-11-10_21h16.03.799,2nd exp,,2025.2.0,None,2025-11-10 21h16.03.874817 +0530,
The boy can read fast,The read can boy fast,transposition_unrelated,left,227,3,14,left,1,1.1173346240102546,None,14,3,227,3,810.9065758329962,,,,,,,,,810.9010290830047,810.9065758329962,811.1543233749981,811.1543233749981,811.3541922919976,811.3541922919976,811.5424143749988,811.554598207993,811.6426674999966,811.6543464580027,811.6543464580027,812.7788390420028,left,1,1.1173346240102546,None,812.7791189169948,812.7903476670035,812.7903476670035,812.9792040000029,812.9877055830002,812.9877055830002,813.7866787499952,813.7713137919927,,,k,"001",2025-11-10_21h16.03.799,2nd exp,,2025.2.0,None,2025-11-10 21h16.03.874817 +0530,
They have finished the work,They finished have the work,transposition_related,right,228,4,14,left,0,1.261888541004737,None,14,4,228,10,813.7866787499952,,,,,,,,,813.7814139169932,813.7866787499952,814.0293267499947,814.0293267499947,814.226960999993,814.226960999993,814.4211630829959,814.427548541993,814.5210790830024,814.5278405419958,814.5278405419958,815.7952950829931,left,0,1.261888541004737,None,815.7955677499995,815.8068629579939,815.8068629579939,815.987192917004,816.0041130829923,816.0041130829923,816.781997625003,816.7701809169957,,,k,"001",2025-11-10_21h16.03.799,2nd exp,,2025.2.0,None,2025-11-10 21h16.03.874817 +0530,
They have finished the work,They have finished the work,repetition_related,right,229,5,14,right,1,0.9252372909977566,None,14,5,229,8,816.781997625003,,,,,,,,,816.7770216670033,816.7863713330007,817.0461415829923,817.026342541998,817.2441573329997,817.2441573329997,817.4377073329961,817.4440960420034,817.5444414170051,817.5444414170051,817.5444414170051,818.4729407919949,right,1,0.9252372909977566,None,818.4733284579997,818.4849804169935,818.4849804169935,818.6703373329947,818.6806361670024,818.6806361670024,819.4689286670036,819.4553414999973,,,k,"001",2025-11-10_21h16.03.799,2nd exp,,2025.2.0,None,2025-11-10 21h16.03.874817 +0530,
They have finished the work,They finished have the work,repetition_unrelated,left,230,6,14,left,1,0.6495505830098409,None,14,6,230,9,819.4689286670036,,,,,,,,,819.4630520420033,819.4738314580027,819.7209422500018,819.7209422500018,819.9212080830039,819.9093187919934,820.1084498749988,820.1210002080043,820.2085557919927,820.2211037079978,820.2211037079978,820.8731686249957,left,1,0.6495505830098409,None,820.8736847079999,820.8853747499961,820.8853747499961,821.0708055830037,821.0785113330057,821.0785113330057,821.876497958001,821.861533000003,,,k,"001",2025-11-10_21h16.03.799,2nd exp,,2025.2.0,None,2025-11-10 21h16.03.874817 +0530,
She does not like apples,She not does like apples,transposition_related,right,231,7,14,left,0,0.9694245409918949,None,14,7,231,6,821.876497958001,,,,,,,,,821.8713110829995,821.876497958001,822.121201832997,822.121201832997,822.3210054170049,822.3084582919982,822.5085330000002,822.5212287920003,822.6100258749939,822.6211380830064,822.6211380830064,823.5950881669996,left,0,0.9694245409918949,None,823.5954352080007,823.6069635000022,823.6069635000022,823.7863833750016,823.8042900830042,823.8042900830042,824.5863406249991,824.5711623329989,,,k,"001",2025-11-10_21h16.03.799,2nd exp,,2025.2.0,None,2025-11-10 21h16.03.874817 +0530,
The dog is barking loudly,The dog is barking loudly,repetition_related,right,232,8,14,right,1,1.3382107080105925,None,14,8,232,12,824.5863406249991,,,,,,,,,824.581257333004,824.5910829999921,824.8459700420062,824.8377908749972,825.0444766669971,825.0444766669971,825.2375605419948,825.2423875420063,825.3377014169964,825.3442352080019,825.3442352080019,826.6899211669952,right,1,1.3382107080105925,None,826.6904994579963,826.7023273329978,826.7023273329978,826.8869012499927,826.8932745829952,826.8932745829952,827.6843574999948,827.6698812919931,,,k,"001",2025-11-10_21h16.03.799,2nd exp,,2025.2.0,None,2025-11-10 21h16.03.874817 +0530,
She does not like apples,She does not like apples,repetition_related,right,233,9,14,right,1,0.7787329160055378,None,14,9,233,4,827.6843574999948,,,,,,,,,827.6794749580004,827.688546874997,827.9376812919945,827.9259429170052,828.1377982919948,828.1377982919948,828.3265362919919,828.3378615830006,828.4263305829954,828.4377282500063,828.4377282500063,829.2232740420004,right,1,0.7787329160055378,None,829.22382775,829.2357471249998,829.2357471249998,829.421008958001,829.4292934169935,829.4292934169935,830.2189382499928,830.2045494170015,,,k,"001",2025-11-10_21h16.03.799,2nd exp,,2025.2.0,None,2025-11-10 21h16.03.874817 +0530,
The boy can read fast,The boy can read fast,repetition_related,right,234,10,14,right,1,0.818297290999908,None,14,10,234,0,830.2189382499928,,,,,,,,,830.2140292919939,830.2235871669982,830.4711355000036,830.4711355000036,830.6708239580039,830.6708239580039,830.8591341669962,830.8712228749937,830.959331082995,830.9710067499982,830.9710067499982,831.7954772079975,right,1,0.818297290999908,None,831.7957574169995,831.8069721670036,831.8069721670036,831.9992010419955,832.021174124995,832.021174124995,832.8016576670052,832.7865707919991,,,k,"001",2025-11-10_21h16.03.799,2nd exp,,2025.2.0,None,2025-11-10 21h16.03.874817 +0530,
The dog is barking loudly,The loudly is barking dog,repetition_unrelated,left,235,11,14,left,1,4.26981633300602,None,14,11,235,13,832.8016576670052,,,,,,,,,832.7962987920037,832.8016576670052,833.046164542,833.046164542,833.2428639169957,833.2428639169957,833.4377617080027,833.4439907920023,833.5377045829955,833.5448528749985,833.5448528749985,837.8232270830049,left,1,4.26981633300602,None,837.8236250000045,837.8352919169993,837.8352919169993,838.0194452919968,838.0265954999923,838.0265954999923,838.8191463749972,838.8040593329933,,,k,"001",2025-11-10_21h16.03.799,2nd exp,,2025.2.0,None,2025-11-10 21h16.03.874817 +0530,
She does not like apples,She not does like apples,repetition_unrelated,left,236,12,14,right,0,2.5637416660028975,None,14,12,236,5,838.8191463749972,,,,,,,,,838.8144502499927,838.8229325830034,839.0710440830007,839.0710440830007,839.2709245419974,839.2709245419974,839.4596082920034,839.4709443329921,839.5579614580056,839.5710440830007,839.5710440830007,842.1393956249958,right,0,2.5637416660028975,None,842.1398659999977,842.1517859580053,842.1517859580053,842.3361657500063,842.3431285419938,842.3431285419938,843.1301467500016,843.1201457499992,,,k,"001",2025-11-10_21h16.03.799,2nd exp,,2025.2.0,None,2025-11-10 21h16.03.874817 +0530,
She does not like apples,She like does apples not,transposition_unrelated,left,237,13,14,left,1,1.2576673330040649,None,14,13,237,7,843.1301467500016,,,,,,,,,843.1252767080005,843.1360992919945,843.3877684170002,843.3751556670031,843.5875191670057,843.5875191670057,843.7747058749956,843.7877062079933,843.8759304169944,843.8876602920063,843.8876602920063,845.1558147079922,left,1,1.2576673330040649,None,845.1561021670059,845.1673192080052,845.1673192080052,845.352981707998,845.3594935000001,845.3594935000001,846.1533507080021,846.1383378750033,,,k,"001",2025-11-10_21h16.03.799,2nd exp,,2025.2.0,None,2025-11-10 21h16.03.874817 +0530,
They have finished the work,They work the have finished,transposition_unrelated,left,238,14,14,left,1,0.9237332080083434,None,14,14,238,11,846.1533507080021,,,,,,,,,846.1485582919995,846.1577831250033,846.4044009579957,846.4044009579957,846.6042684999993,846.6042684999993,846.7930015830061,846.804344958,846.8930115419935,846.9044872499944,846.9044872499944,847.8401171669975,left,1,0.9237332080083434,None,847.8407237920037,847.8527183330007,847.8527183330007,848.0366277080029,848.0441655000031,848.0441655000031,848.8349859169975,848.8203168750042,,,k,"001",2025-11-10_21h16.03.799,2nd exp,,2025.2.0,None,2025-11-10 21h16.03.874817 +0530,
The boy can read fast,The read can boy fast,repetition_unrelated,left,239,15,14,left,1,1.1372161659965059,None,14,15,239,1,848.8349859169975,,,,,,,,,848.8301979579992,848.8393303750054,849.0877307079936,849.0877307079936,849.2876869169995,849.2876869169995,849.4754759999923,849.4877051670046,849.5756606670038,849.5879115419957,849.5879115419957,850.7284124169964,left,1,1.1372161659965059,None,850.7287565830047,850.7402409999922,850.7402409999922,850.930274917002,850.936227750004,850.936227750004,851.7247545830032,851.7197009579977,,,k,"001",2025-11-10_21h16.03.799,2nd exp,,2025.2.0,None,2025-11-10 21h16.03.874817 +0530,
The boy can read fast,The read can boy fast,repetition_unrelated,left,240,0,15,left,1,0.8835307489935076,None,15,0,240,1,851.7247545830032,,,,,,,,,851.720095208002,851.7247545830032,851.9793402499927,851.9710134170018,852.1701244169963,852.1701244169963,852.358672375005,852.377479332994,852.4709673329926,852.4765233329963,852.4765233329963,853.361725958006,left,1,0.8835307489935076,None,853.3620450000017,853.3735713329952,853.3735713329952,853.5526719579939,853.5709819170006,853.5709819170006,854.3530519170017,854.337417667004,,,k,"001",2025-11-10_21h16.03.799,2nd exp,,2025.2.0,None,2025-11-10 21h16.03.874817 +0530,
She does not like apples,She not does like apples,repetition_unrelated,left,241,1,15,left,1,0.9504374159878353,None,15,1,241,5,854.3530519170017,,,,,,,,,854.3481514580053,854.3577201250009,854.6125170830055,854.6046465419931,854.8043483329966,854.8043483329966,854.9917563750059,855.0107600829942,855.1097200420045,855.1097200420045,855.1097200420045,856.0727068330016,left,1,0.9504374159878353,None,856.073094833002,856.0847506669961,856.0847506669961,856.2709242080018,856.2774118749949,856.2774118749949,857.0724801670003,857.0548350000026,,,k,"001",2025-11-10_21h16.03.799,2nd exp,,2025.2.0,None,2025-11-10 21h16.03.874817 +0530,
The dog is barking loudly,The dog barking is loudly,transposition_related,right,242,2,15,left,0,0.7218538750021253,None,15,2,242,14,857.0724801670003,,,,,,,,,857.0677560829936,857.0875831669982,857.3208764580049,857.3289659169968,857.5209031249979,857.5209031249979,857.7090869170061,857.7209416249971,857.809384082997,857.8210677919997,857.8210677919997,858.5455360829947,left,0,0.7218538750021253,None,858.5458754580031,858.5568270420044,858.5568270420044,858.7456979169947,858.7552490420057,858.7552490420057,859.5519843749935,859.5366057499923,,,k,"001",2025-11-10_21h16.03.799,2nd exp,,2025.2.0,None,2025-11-10 21h16.03.874817 +0530,
The boy can read fast,The boy can read fast,repetition_related,right,243,3,15,right,1,2.0737439570075367,None,15,3,243,0,859.5519843749935,,,,,,,,,859.5463977920008,859.5519843749935,859.7958993749926,859.7958993749926,859.9860841670015,859.9860841670015,860.1765787920012,860.1946974169987,860.2951464170037,860.2951464170037,860.2951464170037,862.3730484169937,right,1,2.0737439570075367,None,862.3734777499922,862.3850239169988,862.3850239169988,862.5708715829969,862.5774686249933,862.5774686249933,863.370291416999,863.3544110829971,,,k,"001",2025-11-10_21h16.03.799,2nd exp,,2025.2.0,None,2025-11-10 21h16.03.874817 +0530,
She does not like apples,She not does like apples,transposition_related,right,244,4,15,left,0,0.6499524159880821,None,15,4,244,6,863.370291416999,,,,,,,,,863.3655683749967,863.3746522080037,863.6211864170036,863.6211864170036,863.8211665419949,863.8211665419949,864.0095492499968,864.0210058329976,864.1084960830049,864.1209285829973,864.1209285829973,864.7729554169928,left,0,0.6499524159880821,None,864.7734940829978,864.7850947080005,864.7850947080005,864.9694820830046,864.9776647919934,864.9776647919934,865.7704260829923,865.7548927080061,,,k,"001",2025-11-10_21h16.03.799,2nd exp,,2025.2.0,None,2025-11-10 21h16.03.874817 +0530,
The boy can read fast,The boy can read fast,transposition_related,right,245,5,15,right,1,0.7486889159918064,None,15,5,245,2,865.7704260829923,,,,,,,,,865.7657428749953,865.7748096249998,866.0208460830036,866.0208460830036,866.2208756250038,866.2092723329988,866.4095290419937,866.4210807079944,866.5083326250024,866.5211027500045,866.5211027500045,867.2731562499976,right,1,0.7486889159918064,None,867.2736793749937,867.2852310830058,867.2852310830058,867.470965792003,867.4785271250003,867.4785271250003,868.2763856670063,868.2606543330039,,,k,"001",2025-11-10_21h16.03.799,2nd exp,,2025.2.0,None,2025-11-10 21h16.03.874817 +0530,
The dog is barking loudly,The barking dog loudly is,transposition_unrelated,left,246,6,15,left,1,0.9016222489881329,None,15,6,246,15,868.2763856670063,,,,,,,,,868.271212874999,868.2763856670063,868.5209459170001,868.5209459170001,868.7209328750032,868.7081218329986,868.9083841669926,868.9210250420001,869.0082915829989,869.0210217080021,869.0210217080021,869.9285787499975,left,1,0.9016222489881329,None,869.9288934999931,869.9400342080044,869.9400342080044,870.1289987500058,870.135948916999,870.135948916999,870.9281078750064,870.9125015000027,,,k,"001",2025-11-10_21h16.03.799,2nd exp,,2025.2.0,None,2025-11-10 21h16.03.874817 +0530,
They have finished the work,They have finished the work,repetition_related,right,247,7,15,right,1,0.8487577069899999,None,15,7,247,8,870.9281078750064,,,,,,,,,870.9227366249979,870.9281078750064,871.1788474999921,871.1788474999921,871.3697342499945,871.3697342499945,871.558508083006,871.5775606669922,871.6710970419954,871.6779517079995,871.6779517079995,872.5283314169938,right,1,0.8487577069899999,None,872.5286780419992,872.5401152080012,872.5401152080012,872.7198586250015,872.7375440000033,872.7375440000033,873.5145176249935,873.5035724170011,,,k,"001",2025-11-10_21h16.03.799,2nd exp,,2025.2.0,None,2025-11-10 21h16.03.874817 +0530,
They have finished the work,They finished have the work,transposition_related,right,248,8,15,left,0,0.6773611240059836,None,15,8,248,10,873.5145176249935,,,,,,,,,873.5097779579955,873.5194481249928,873.7775440419937,873.759488249998,873.9769067919988,873.9769067919988,874.1711135829974,874.1775222080032,874.2710434579931,874.277325624993,874.277325624993,874.9617929170054,left,0,0.6773611240059836,None,874.9620654579921,874.9738448749995,874.9738448749995,875.162645999997,875.1693935829971,875.1693935829971,875.9706195000035,875.9549980000011,,,k,"001",2025-11-10_21h16.03.799,2nd exp,,2025.2.0,None,2025-11-10 21h16.03.874817 +0530,
The boy can read fast,The read can boy fast,transposition_unrelated,left,249,9,15,left,1,0.5477043319988297,None,15,9,249,3,875.9706195000035,,,,,,,,,875.9650598330045,875.9706195000035,876.2125340420025,876.2125340420025,876.402747250002,876.4074654169963,876.5931408750039,876.6097774999944,876.704474416998,876.710952458001,876.710952458001,877.2612787919934,left,1,0.5477043319988297,None,877.2615598330012,877.2729787919961,877.2729787919961,877.4625107079919,877.4695397079922,877.4695397079922,878.261358542004,878.2460674169997,,,k,"001",2025-11-10_21h16.03.799,2nd exp,,2025.2.0,None,2025-11-10 21h16.03.874817 +0530,
She does not like apples,She does not like apples,repetition_related,right,250,10,15,left,0,0.8240795000019716,None,15,10,250,4,878.261358542004,,,,,,,,,878.2558417919936,878.261358542004,878.511764541996,878.511764541996,878.7028712500032,878.7028712500032,878.8926794580038,878.9104815829924,879.0043736249936,879.0043736249936,879.0043736249936,879.8393693749967,left,0,0.8240795000019716,None,879.839756500005,879.8515587500005,879.8515587500005,880.0375846249954,880.0446895420027,880.0446895420027,880.8436006249976,880.8280570420029,,,k,"001",2025-11-10_21h16.03.799,2nd exp,,2025.2.0,None,2025-11-10 21h16.03.874817 +0530,
The dog is barking loudly,The loudly is barking dog,repetition_unrelated,left,251,11,15,left,1,4.594079331989633,None,15,11,251,13,880.8436006249976,,,,,,,,,880.8381518329988,880.8436006249976,881.087734582994,881.087734582994,881.2875699169963,881.2742672919994,881.4759727500059,881.4877286669944,881.5759256250021,881.5878218750004,881.5878218750004,886.1894655420037,left,1,4.594079331989633,None,886.1898685420019,886.2022483750043,886.2022483750043,886.3861399169982,886.394561167006,886.394561167006,887.1834875829954,887.170709500002,,,k,"001",2025-11-10_21h16.03.799,2nd exp,,2025.2.0,None,2025-11-10 21h16.03.874817 +0530,
The dog is barking loudly,The dog is barking loudly,repetition_related,right,252,12,15,right,1,2.08292254099797,None,15,12,252,12,887.1834875829954,,,,,,,,,887.1785583330056,887.1886640000012,887.4375334579963,887.4375334579963,887.6376857919968,887.6376857919968,887.8252447919949,887.8376215419994,887.9254761670018,887.9375642499945,887.9375642499945,890.0225702500029,right,1,2.08292254099797,None,890.0229525000032,890.034630042006,890.034630042006,890.2199715419993,890.2267719999945,890.2267719999945,891.0215337080008,891.0048251249973,,,k,"001",2025-11-10_21h16.03.799,2nd exp,,2025.2.0,None,2025-11-10 21h16.03.874817 +0530,
They have finished the work,They work the have finished,transposition_unrelated,left,253,13,15,left,1,2.997644624003442,None,15,13,253,11,891.0215337080008,,,,,,,,,891.0162434999947,891.0374674579944,891.2710197080014,891.2785655000043,891.471006916996,891.471006916996,891.6592163750029,891.6710932919959,891.7591644170025,891.7710264170018,891.7710264170018,894.7723540419975,left,1,2.997644624003442,None,894.7727770420024,894.7844177079969,894.7844177079969,894.9692992920027,894.9759518329956,894.9759518329956,895.7695526250027,895.7532884169923,,,k,"001",2025-11-10_21h16.03.799,2nd exp,,2025.2.0,None,2025-11-10 21h16.03.874817 +0530,
She does not like apples,She like does apples not,transposition_unrelated,left,254,14,15,left,1,1.0683022499870276,None,15,14,254,7,895.7695526250027,,,,,,,,,895.7647182920045,895.7740457079926,896.0209941670037,896.0209941670037,896.2205692080024,896.2205692080024,896.409196958004,896.4210556670005,896.5092613330053,896.5209736249963,896.5209736249963,897.5949647499947,left,1,1.0683022499870276,None,897.5952425830037,897.6067145419947,897.6067145419947,897.796946167,897.8028852499992,897.8028852499992,898.5970007919968,898.5796581250033,,,k,"001",2025-11-10_21h16.03.799,2nd exp,,2025.2.0,None,2025-11-10 21h16.03.874817 +0530,
They have finished the work,They finished have the work,repetition_unrelated,left,255,15,15,left,1,0.9534739579976304,None,15,15,255,9,898.5970007919968,,,,,,,,,898.5918309169938,898.5970007919968,898.8459218749922,898.8459218749922,899.0434876670042,899.0434876670042,899.2375300419953,899.2439317499957,899.3375835000043,899.3437099580042,899.3437099580042,900.3066764579999,left,1,0.9534739579976304,None,900.3073012919922,900.3190265830053,900.3190265830053,900.504197125003,900.5111310829961,900.5111310829961,901.3106194580032,901.2945620419923,,,k,"001",2025-11-10_21h16.03.799,2nd exp,,2025.2.0,None,2025-11-10 21h16.03.874817 +0530,
The dog is barking loudly,The loudly is barking dog,repetition_unrelated,left,256,0,16,left,1,0.7987057489954168,None,16,0,256,13,901.3106194580032,,,,,,,,,901.3052284580044,901.3106194580032,901.5526375829941,901.5526375829941,901.7543156250031,901.7409932080045,901.9424613330048,901.9543268330017,902.0428999169962,902.0544325829978,902.0544325829978,902.8559021669935,left,1,0.7987057489954168,None,902.8562958330003,902.8681254169933,902.8681254169933,903.0540683330037,903.060545166998,903.060545166998,903.8564639999968,903.8441100000055,,,k,"001",2025-11-10_21h16.03.799,2nd exp,,2025.2.0,None,2025-11-10 21h16.03.874817 +0530,
The dog is barking loudly,The dog is barking loudly,repetition_related,right,257,1,16,right,1,1.1376606660051038,None,16,1,257,12,903.8564639999968,,,,,,,,,903.8498837499938,903.8564639999968,904.1042207919963,904.1042207919963,904.3043087080005,904.2929267919972,904.4927715829981,904.5043121250055,904.5917760000011,904.6043621249992,904.6043621249992,905.7454211669974,right,1,1.1376606660051038,None,905.7457756670046,905.7568279999978,905.7568279999978,905.9466487919999,905.9532429169922,905.9532429169922,906.7444081669964,906.7294309580029,,,k,"001",2025-11-10_21h16.03.799,2nd exp,,2025.2.0,None,2025-11-10 21h16.03.874817 +0530,
She does not like apples,She does not like apples,repetition_related,right,258,2,16,left,0,0.8744568330002949,None,16,2,258,4,906.7444081669964,,,,,,,,,906.7389220420009,906.7444081669964,906.9955600829999,906.9955600829999,907.1918410829967,907.1918410829967,907.3875691249996,907.3940402500011,907.4877746249986,907.4945298749954,907.4945298749954,908.3731597080041,left,0,0.8744568330002949,None,908.3737346249982,908.3854648330016,908.3854648330016,908.5693852080003,908.5775267499994,908.5775267499994,909.3686798749986,909.3531612499937,,,k,"001",2025-11-10_21h16.03.799,2nd exp,,2025.2.0,None,2025-11-10 21h16.03.874817 +0530,
They have finished the work,They finished have the work,repetition_unrelated,left,259,3,16,left,1,2.2908773330127588,None,16,3,259,9,909.3686798749986,,,,,,,,,909.3638728749938,909.3732765000022,909.6204628330015,909.6204628330015,909.820862624998,909.808305707993,910.0090637079993,910.0211765830027,910.1090981669986,910.1210069999943,910.1210069999943,912.4224377920036,left,1,2.2908773330127588,None,912.4227126670012,912.4341837079992,912.4341837079992,912.6196825829975,912.626546917003,912.626546917003,913.4199132079957,913.4046484169958,,,k,"001",2025-11-10_21h16.03.799,2nd exp,,2025.2.0,None,2025-11-10 21h16.03.874817 +0530,
She does not like apples,She not does like apples,transposition_related,right,260,4,16,left,0,8.630808582005557,None,16,4,260,6,913.4199132079957,,,,,,,,,913.4151289169968,913.4243507079955,913.6707579579961,913.6707579579961,913.870918917004,913.870918917004,914.0591399999976,914.0708717079979,914.1578211250016,914.170378291994,914.170378291994,922.805742083001,left,0,8.630808582005557,None,922.8061537920003,922.8176665420033,922.8176665420033,923.0042722920043,923.0119464580057,923.0119464580057,923.8087783329975,923.7935558750032,,,k,"001",2025-11-10_21h16.03.799,2nd exp,,2025.2.0,None,2025-11-10 21h16.03.874817 +0530,
The boy can read fast,The boy can read fast,transposition_related,right,261,5,16,right,1,0.9965332909923745,None,16,5,261,2,923.8087783329975,,,,,,,,,923.8036020419968,923.8087783329975,924.0541349999985,924.0541349999985,924.2542189579981,924.2542189579981,924.442835541995,924.4542412919982,924.5422994580003,924.554202875006,924.554202875006,925.5556395000021,right,1,0.9965332909923745,None,925.555994082999,925.5675225000014,925.5675225000014,925.7528377499984,925.759087917002,925.759087917002,926.5533955830033,926.5367569579976,,,k,"001",2025-11-10_21h16.03.799,2nd exp,,2025.2.0,None,2025-11-10 21h16.03.874817 +0530,
She does not like apples,She like does apples not,transposition_unrelated,left,262,6,16,left,1,1.015435374007211,None,16,6,262,7,926.5533955830033,,,,,,,,,926.5481967499945,926.5708898330049,926.8043245419976,926.8125054580014,927.0040651669988,926.9914794999931,927.192423792003,927.2040803330019,927.2927368329983,927.3041866249987,927.3041866249987,928.3230651250051,left,1,1.015435374007211,None,928.323622166994,928.3350504169939,928.3350504169939,928.5208485000039,928.5285178750055,928.5285178750055,929.3266678749933,929.3110528749967,,,k,"001",2025-11-10_21h16.03.799,2nd exp,,2025.2.0,None,2025-11-10 21h16.03.874817 +0530,
The dog is barking loudly,The dog barking is loudly,transposition_related,right,263,7,16,left,0,1.395549958004267,None,16,7,263,14,929.3266678749933,,,,,,,,,929.3215269999928,929.3266678749933,929.5699324169982,929.5699324169982,929.7709401250031,929.7583274170029,929.9588985419978,929.9709991669952,930.0595012919948,930.071077792003,930.071077792003,931.4724634580052,left,0,1.395549958004267,None,931.4729674169939,931.4845321250032,931.4845321250032,931.6693044999993,931.6757934579946,931.6757934579946,932.4694412079989,932.4532950419962,,,k,"001",2025-11-10_21h16.03.799,2nd exp,,2025.2.0,None,2025-11-10 21h16.03.874817 +0530,
She does not like apples,She not does like apples,repetition_unrelated,left,264,8,16,left,1,2.125626708002528,None,16,8,264,5,932.4694412079989,,,,,,,,,932.4646852080041,932.4741357500025,932.7209408329945,932.7209408329945,932.9209760829981,932.9094825829961,933.1082543329976,933.1206952499924,933.2088330830011,933.2207867919933,933.2207867919933,935.3558624169964,left,1,2.125626708002528,None,935.3561654170044,935.367426458004,935.367426458004,935.5542292080063,935.5620218749973,935.5620218749973,936.3535333750042,936.3372611249943,,,k,"001",2025-11-10_21h16.03.799,2nd exp,,2025.2.0,None,2025-11-10 21h16.03.874817 +0530,
They have finished the work,They work the have finished,transposition_unrelated,left,265,9,16,left,1,6.686102166000637,None,16,9,265,11,936.3535333750042,,,,,,,,,936.3487335829996,936.358051999996,936.6041657080059,936.6041657080059,936.8041857920034,936.7924378750031,936.9929597080045,937.0044545419951,937.0931302079989,937.1040741670004,937.1040741670004,943.7948867499945,left,1,6.686102166000637,None,943.7951668750029,943.8066529579955,943.8066529579955,943.995743499996,944.0027038749977,944.0027038749977,944.796069707998,944.7795488330012,,,k,"001",2025-11-10_21h16.03.799,2nd exp,,2025.2.0,None,2025-11-10 21h16.03.874817 +0530,
The boy can read fast,The boy can read fast,repetition_related,right,266,10,16,right,1,0.40909220799221657,None,16,10,266,0,944.796069707998,,,,,,,,,944.7903435000044,944.796069707998,945.0449729579996,945.0449729579996,945.2371839999978,945.2371839999978,945.4258900830027,945.4440238749958,945.5375899170031,945.5447385419975,945.5447385419975,945.9565930829995,right,1,0.40909220799221657,None,945.957210958004,945.9688496250019,945.9688496250019,946.153872541996,946.1617807080038,946.1617807080038,946.9513703330013,946.937711000006,,,k,"001",2025-11-10_21h16.03.799,2nd exp,,2025.2.0,None,2025-11-10 21h16.03.874817 +0530,
They have finished the work,They finished have the work,transposition_related,right,267,11,16,left,0,2.5596738329913933,None,16,11,267,10,946.9513703330013,,,,,,,,,946.9472767080006,946.9560983330011,947.2044494169968,947.2044494169968,947.404461166996,947.404461166996,947.5917466249957,947.6042543749936,947.6931101249938,947.7040750419983,947.7040750419983,950.272435292005,left,0,2.5596738329913933,None,950.272855874995,950.284941417005,950.284941417005,950.4707222500001,950.4771791670064,950.4771791670064,951.2714267499978,951.253866375002,,,k,"001",2025-11-10_21h16.03.799,2nd exp,,2025.2.0,None,2025-11-10 21h16.03.874817 +0530,
The boy can read fast,The read can boy fast,transposition_unrelated,left,268,12,16,left,1,0.6613241659943014,None,16,12,268,3,951.2714267499978,,,,,,,,,951.2664965000004,951.2874318329996,951.5204027919972,951.5287268329994,951.7209129169933,951.7081319999998,951.9082373749989,951.9209651669953,952.0081091669999,952.0209960420034,952.0209960420034,952.6897118329944,left,1,0.6613241659943014,None,952.6903214579943,952.7021669170063,952.7021669170063,952.8873882920016,952.8949352500058,952.8949352500058,953.6933941669995,953.6778757499997,,,k,"001",2025-11-10_21h16.03.799,2nd exp,,2025.2.0,None,2025-11-10 21h16.03.874817 +0530,
They have finished the work,They have finished the work,repetition_related,right,269,13,16,left,0,5.434684916006518,None,16,13,269,8,953.6933941669995,,,,,,,,,953.6881427079934,953.6933941669995,953.937505666996,953.945011082993,954.1375872920034,954.1251164580026,954.3260108329996,954.3375312919961,954.4243847920006,954.4374171249947,954.4374171249947,959.8778196250059,left,0,5.434684916006518,None,959.878099374997,959.8895587080042,959.8895587080042,960.0786233749968,960.086536917006,960.086536917006,960.878538332996,960.8620036249922,,,k,"001",2025-11-10_21h16.03.799,2nd exp,,2025.2.0,None,2025-11-10 21h16.03.874817 +0530,
The dog is barking loudly,The barking dog loudly is,transposition_unrelated,left,270,14,16,left,1,2.6549644579936285,None,16,14,270,15,960.878538332996,,,,,,,,,960.8730769169924,960.878538332996,961.1295199580054,961.1295199580054,961.3198467500042,961.3198467500042,961.5093372080009,961.5274647920014,961.620725832996,961.620725832996,961.620725832996,964.2777899999928,left,1,2.6549644579936285,None,964.2780524580012,964.2894147079933,964.2894147079933,964.4795435419946,964.4863970419974,964.4863970419974,965.2865054580034,965.2701841249946,,,k,"001",2025-11-10_21h16.03.799,2nd exp,,2025.2.0,None,2025-11-10 21h16.03.874817 +0530,
The boy can read fast,The read can boy fast,repetition_unrelated,left,271,15,16,left,1,1.1586681240005419,None,16,15,271,1,965.2865054580034,,,,,,,,,965.2812096249982,965.2865054580034,965.5196745830035,965.5274802079948,965.7271390829992,965.7084064579976,965.9207442500046,965.9272633749933,966.020683166993,966.020683166993,966.020683166993,967.1894137079944,left,1,1.1586681240005419,None,967.1896919580031,967.2030247079965,967.2030247079965,967.3864600829984,967.3933482080029,967.3933482080029,968.1867676669935,968.171035583,,,k,"001",2025-11-10_21h16.03.799,2nd exp,,2025.2.0,None,2025-11-10 21h16.03.874817 +0530,
They have finished the work,They have finished the work,repetition_related,right,272,0,17,left,0,0.6807282079971628,None,17,0,272,8,968.1867676669935,,,,,,,,,968.1821681669971,968.2038449579995,968.4366745830048,968.4448459169944,968.6373655000061,968.6239171250054,968.8255980829999,968.8376392920036,968.9260236249975,968.9375446670019,968.9375446670019,969.6221775830054,left,0,0.6807282079971628,None,969.6225601670012,969.6345044579939,969.6345044579939,969.8200449169963,969.828247707992,969.828247707992,970.6202729579963,970.6044470000052,,,k,"001",2025-11-10_21h16.03.799,2nd exp,,2025.2.0,None,2025-11-10 21h16.03.874817 +0530,
The boy can read fast,The read can boy fast,repetition_unrelated,left,273,1,17,left,1,0.9013526240014471,None,17,1,273,1,970.6202729579963,,,,,,,,,970.6155224999966,970.6246339170029,970.8708568330039,970.8708568330039,971.0708660829987,971.0708660829987,971.259124958,971.2706202919944,971.3592704579933,971.3706984169985,971.3706984169985,972.2776247500005,left,1,0.9013526240014471,None,972.2778989579965,972.2892868329945,972.2892868329945,972.469976458,972.4862445829931,972.4862445829931,973.2688539999945,973.2537060000031,,,k,"001",2025-11-10_21h16.03.799,2nd exp,,2025.2.0,None,2025-11-10 21h16.03.874817 +0530,
She does not like apples,She does not like apples,repetition_related,right,274,2,17,left,0,0.7602981239906512,None,17,2,274,4,973.2688539999945,,,,,,,,,973.2638309579925,973.2724325419986,973.5288662079984,973.5209780830046,973.7198890419968,973.7249487079971,973.9089810419973,973.9279965419992,974.0262640830042,974.0207309999969,974.0207309999969,974.7896098750061,left,0,0.7602981239906512,None,974.79017475,974.8021182079974,974.8021182079974,974.9873458749935,974.9949764170015,974.9949764170015,975.7913145000057,975.7766897919937,,,k,"001",2025-11-10_21h16.03.799,2nd exp,,2025.2.0,None,2025-11-10 21h16.03.874817 +0530,
The boy can read fast,The boy can read fast,transposition_related,right,275,3,17,right,1,0.8086063739901874,None,17,3,275,2,975.7913145000057,,,,,,,,,975.7863027919957,975.7913145000057,976.0374944170035,976.0374944170035,976.237547124998,976.2245324169926,976.4260962499975,976.4373025829991,976.5245934169943,976.537444792004,976.537444792004,977.3564897079923,right,1,0.8086063739901874,None,977.3568036249926,977.3691350000008,977.3691350000008,977.5530463329924,977.5601378749998,977.5601378749998,978.3535247499967,978.3379281249945,,,k,"001",2025-11-10_21h16.03.799,2nd exp,,2025.2.0,None,2025-11-10 21h16.03.874817 +0530,
They have finished the work,They finished have the work,transposition_related,right,276,4,17,left,0,1.7749092070007464,None,17,4,276,10,978.3535247499967,,,,,,,,,978.3488561249978,978.3573558329954,978.604118999996,978.604118999996,978.8041368749982,978.791113875006,978.9916620000004,979.0041519579972,979.0923709579947,979.1039996670006,979.1039996670006,980.8888483329938,left,0,1.7749092070007464,None,980.889137332997,980.9003061669937,980.9003061669937,981.0874036250025,981.0950107919925,981.0950107919925,981.886690416999,981.8779837500042,,,k,"001",2025-11-10_21h16.03.799,2nd exp,,2025.2.0,None,2025-11-10 21h16.03.874817 +0530,
They have finished the work,They finished have the work,repetition_unrelated,left,277,5,17,left,1,1.9173298750101821,None,17,5,277,9,981.886690416999,,,,,,,,,981.8783558330033,981.886690416999,982.1375361249957,982.1259382080025,982.3373371670023,982.3373371670023,982.5257541669998,982.5375183750002,982.6248707500054,982.6375006250018,982.6375006250018,984.5618890000042,left,1,1.9173298750101821,None,984.5621628749941,984.5729738749942,984.5729738749942,984.7652131670038,984.7711517080024,984.7711517080024,985.5683635419991,985.5530732079933,,,k,"001",2025-11-10_21h16.03.799,2nd exp,,2025.2.0,None,2025-11-10 21h16.03.874817 +0530,
She does not like apples,She not does like apples,repetition_unrelated,left,278,6,17,left,1,1.416159583008266,None,17,6,278,5,985.5683635419991,,,,,,,,,985.5629190829932,985.5683635419991,985.8122576250025,985.8122576250025,986.0026805829984,986.0026805829984,986.1925701250002,986.2104407919978,986.3041261250037,986.3106204999931,986.3106204999931,987.7390080829937,left,1,1.416159583008266,None,987.7395191249961,987.7513748750061,987.7513748750061,987.9372503750055,987.9446286250022,987.9446286250022,988.7359264999977,988.7205451250047,,,k,"001",2025-11-10_21h16.03.799,2nd exp,,2025.2.0,None,2025-11-10 21h16.03.874817 +0530,
The dog is barking loudly,The loudly is barking dog,repetition_unrelated,left,279,7,17,left,1,3.3909299160004593,None,17,7,279,13,988.7359264999977,,,,,,,,,988.7312240829924,988.7402117500023,988.9874647919933,988.9874647919933,989.187274291995,989.1751826249965,989.3762120000029,989.387501707999,989.4749441250024,989.4870686670038,989.4870686670038,992.8890539580025,left,1,3.3909299160004593,None,992.8894408750057,992.9010714579927,992.9010714579927,993.0873222079972,993.0956093749992,993.0956093749992,993.8894785830053,993.878028082996,,,k,"001",2025-11-10_21h16.03.799,2nd exp,,2025.2.0,None,2025-11-10 21h16.03.874817 +0530,
The dog is barking loudly,The dog is barking loudly,repetition_related,right,280,8,17,right,1,0.8441697070084047,None,17,8,280,12,993.8894785830053,,,,,,,,,993.8845391670038,993.8894785830053,994.1372609579994,994.1372609579994,994.3375180419971,994.3375180419971,994.5256797079928,994.5372465830005,994.6246924169973,994.6374245000043,994.6374245000043,995.4890176250046,right,1,0.8441697070084047,None,995.4894059579965,995.5008843329997,995.5008843329997,995.6873432499997,995.6949015830032,995.6949015830032,996.4941769580037,996.4780567499984,,,k,"001",2025-11-10_21h16.03.799,2nd exp,,2025.2.0,None,2025-11-10 21h16.03.874817 +0530,
She does not like apples,She like does apples not,transposition_unrelated,left,281,9,17,left,1,4.082783206991735,None,17,9,281,7,996.4941769580037,,,,,,,,,996.4889235419978,996.4941769580037,996.7373132920038,996.7448235000047,996.9375167919934,996.9258663329965,997.1256060419983,997.137369707998,997.226025416996,997.2374140419997,997.2374140419997,1001.3226913749968,left,1,4.082783206991735,None,1001.3230503329978,1001.3345554169937,1001.3345554169937,1001.5196994580037,1001.5263920419966,1001.5263920419966,1002.3192469579953,1002.3031681669963,,,k,"001",2025-11-10_21h16.03.799,2nd exp,,2025.2.0,None,2025-11-10 21h16.03.874817 +0530,
They have finished the work,They work the have finished,transposition_unrelated,left,282,10,17,left,1,4.0786811660073,None,17,10,282,11,1002.3192469579953,,,,,,,,,1002.3143293750036,1002.3227594170021,1002.5707431670016,1002.5707431670016,1002.7702331250039,1002.7702331250039,1002.9580492499954,1002.9707725420012,1003.0594581250043,1003.0708666249993,1003.0708666249993,1007.1562983750046,left,1,4.0786811660073,None,1007.1567247920029,1007.1681749999989,1007.1681749999989,1007.3539400000009,1007.361998583001,1007.361998583001,1008.1535135419981,1008.1377635419922,,,k,"001",2025-11-10_21h16.03.799,2nd exp,,2025.2.0,None,2025-11-10 21h16.03.874817 +0530,
The dog is barking loudly,The barking dog loudly is,transposition_unrelated,left,283,11,17,left,1,0.9909647489985218,None,17,11,283,15,1008.1535135419981,,,,,,,,,1008.1487422499922,1008.1578423750034,1008.404071625002,1008.404071625002,1008.6040648750059,1008.5914079579961,1008.792696916993,1008.8039220420033,1008.8925486249937,1008.9040451670007,1008.9040451670007,1009.9054010830005,left,1,0.9909647489985218,None,1009.9057246669981,1009.9168633749941,1009.9168633749941,1010.1037279169977,1010.1112334579957,1010.1112334579957,1010.9076462920057,1010.8931897919974,,,k,"001",2025-11-10_21h16.03.799,2nd exp,,2025.2.0,None,2025-11-10 21h16.03.874817 +0530,
She does not like apples,She not does like apples,transposition_related,right,284,12,17,left,0,1.2650293329934357,None,17,12,284,6,1010.9076462920057,,,,,,,,,1010.9025709169946,1010.9076462920057,1011.1544209999993,1011.1544209999993,1011.3445275419945,1011.3445275419945,1011.5375710829976,1011.5541929579922,1011.6409506250056,1011.6540762079967,1011.6540762079967,1012.9222280829999,left,0,1.2650293329934357,None,1012.9226219999982,1012.9342450830009,1012.9342450830009,1013.1205426670058,1013.1273481669923,1013.1273481669923,1013.9199638749997,1013.9037128329946,,,k,"001",2025-11-10_21h16.03.799,2nd exp,,2025.2.0,None,2025-11-10 21h16.03.874817 +0530,
The boy can read fast,The read can boy fast,transposition_unrelated,left,285,13,17,left,1,0.5232739159982884,None,17,13,285,3,1013.9199638749997,,,,,,,,,1013.9151473329985,1013.9373158329981,1014.1691527079965,1014.1861809169932,1014.3707870420039,1014.358255625004,1014.5599044999981,1014.5708277499944,1014.6588365829957,1014.6707424579945,1014.6707424579945,1015.206178374996,left,1,0.5232739159982884,None,1015.2067732919968,1015.2187447079923,1015.2187447079923,1015.4023968330002,1015.4086904580035,1015.4086904580035,1016.1972894579958,1016.1869382500008,,,k,"001",2025-11-10_21h16.03.799,2nd exp,,2025.2.0,None,2025-11-10 21h16.03.874817 +0530,
The boy can read fast,The boy can read fast,repetition_related,right,286,14,17,right,1,0.9228552909917198,None,17,14,286,0,1016.1972894579958,,,,,,,,,1016.1923711249983,1016.202488416995,1016.4540513329994,1016.4422423329961,1016.6540995830001,1016.6422175829939,1016.8431196250021,1016.8539840830053,1016.9422895829921,1016.9540580829926,1016.9540580829926,1017.8890184170014,right,1,0.9228552909917198,None,1017.8894025829941,1017.9010565829958,1017.9010565829958,1018.0873186669924,1018.0937523329922,1018.0937523329922,1018.8864064999943,1018.8712240000023,,,k,"001",2025-11-10_21h16.03.799,2nd exp,,2025.2.0,None,2025-11-10 21h16.03.874817 +0530,
The dog is barking loudly,The dog barking is loudly,transposition_related,right,287,15,17,left,0,1.84540029100026,None,17,15,287,14,1018.8864064999943,,,,,,,,,1018.8816709999955,1018.8908363749943,1019.1374326670048,1019.1374326670048,1019.337442582997,1019.3255927499995,1019.5259941249969,1019.5371627080021,1019.6259935419948,1019.6373694999929,1019.6373694999929,1021.4889280000061,left,0,1.84540029100026,None,1021.4893395419931,1021.5008061669942,1021.5008061669942,1021.6869635000039,1021.6933346250007,1021.6933346250007,1022.4757498749968,1022.4700377499976,,,k,"001",2025-11-10_21h16.03.799,2nd exp,,2025.2.0,None,2025-11-10 21h16.03.874817 +0530,
The dog is barking loudly,The dog barking is loudly,transposition_related,right,288,0,18,left,0,1.2922682490025181,None,18,0,288,14,1022.4757498749968,,,,,,,,,1022.4705451670015,1022.4874962920003,1022.7373458749935,1022.7244988330058,1022.9373484169919,1022.9248822079971,1023.124846916995,1023.1376102079957,1023.2256425829983,1023.237523207994,1023.237523207994,1024.5386018330028,left,0,1.2922682490025181,None,1024.538878124993,1024.5501362499926,1024.5501362499926,1024.737348583003,1024.744894916992,1024.744894916992,1025.5418379170005,1025.5267601249943,,,k,"001",2025-11-10_21h16.03.799,2nd exp,,2025.2.0,None,2025-11-10 21h16.03.874817 +0530,
The boy can read fast,The boy can read fast,repetition_related,right,289,1,18,right,1,1.263235666003311,None,18,1,289,0,1025.5418379170005,,,,,,,,,1025.5362860000023,1025.5418379170005,1025.787305292004,1025.787305292004,1025.987367291993,1025.987367291993,1026.1748247079959,1026.1875258329965,1026.2759177919943,1026.2875042499945,1026.2875042499945,1027.5563873749925,right,1,1.263235666003311,None,1027.556739749998,1027.5680775420042,1027.5680775420042,1027.7526369999978,1027.7598088749946,1027.7598088749946,1028.5531593750056,1028.5368267919985,,,k,"001",2025-11-10_21h16.03.799,2nd exp,,2025.2.0,None,2025-11-10 21h16.03.874817 +0530,
The dog is barking loudly,The dog is barking loudly,repetition_related,right,290,2,18,left,0,0.8575584569916828,None,18,2,290,12,1028.5531593750056,,,,,,,,,1028.547973541994,1028.556750082993,1028.8037905829988,1028.8037905829988,1029.004029792006,1028.9924624999985,1029.1925754580006,1029.204056417002,1029.2914495419973,1029.3040624169953,1029.3040624169953,1030.1731139170006,left,0,0.8575584569916828,None,1030.1735873330035,1030.1850414579967,1030.1850414579967,1030.370649791992,1030.3783878749964,1030.3783878749964,1031.170274832999,1031.1544222499942,,,k,"001",2025-11-10_21h16.03.799,2nd exp,,2025.2.0,None,2025-11-10 21h16.03.874817 +0530,
They have finished the work,They finished have the work,transposition_related,right,291,3,18,left,0,1.7659648740082048,None,18,3,291,10,1031.170274832999,,,,,,,,,1031.1655714170047,1031.1740871670045,1031.4206581670005,1031.4206581670005,1031.6204125829972,1031.6204125829972,1031.8098694579967,1031.820648916997,1031.9089142500015,1031.920744749994,1031.920744749994,1033.688865374992,left,0,1.7659648740082048,None,1033.6893040419964,1033.7007449999946,1033.7007449999946,1033.885917666994,1033.8922526669921,1033.8922526669921,1034.6797417079943,1034.6698939579946,,,k,"001",2025-11-10_21h16.03.799,2nd exp,,2025.2.0,None,2025-11-10 21h16.03.874817 +0530,
They have finished the work,They have finished the work,repetition_related,right,292,4,18,right,1,1.6259608319960535,None,18,4,292,8,1034.6797417079943,,,,,,,,,1034.6759572080045,1034.6858547919983,1034.937518042003,1034.9258760420053,1035.1373246250005,1035.1373246250005,1035.3256942080043,1035.337343457999,1035.425480292004,1035.4374894999928,1035.4374894999928,1037.0722591249942,right,1,1.6259608319960535,None,1037.0726424169989,1037.0858677499928,1037.0858677499928,1037.270563041995,1037.2779153330048,1037.2779153330048,1038.0658785419946,1038.0547212919919,,,k,"001",2025-11-10_21h16.03.799,2nd exp,,2025.2.0,None,2025-11-10 21h16.03.874817 +0530,
They have finished the work,They work the have finished,transposition_unrelated,left,293,5,18,left,1,0.7888939160038717,None,18,5,293,11,1038.0658785419946,,,,,,,,,1038.0610011249955,1038.087084957995,1038.3200009580032,1038.326975374992,1038.5206353749963,1038.5091386249987,1038.7080491249944,1038.7208470829937,1038.8095393330004,1038.820552624995,1038.820552624995,1039.6114325420058,left,1,0.7888939160038717,None,1039.611725499999,1039.6231804169947,1039.6231804169947,1039.814318417004,1039.8201504169992,1039.8201504169992,1040.6191837079969,1040.6042210419982,,,k,"001",2025-11-10_21h16.03.799,2nd exp,,2025.2.0,None,2025-11-10 21h16.03.874817 +0530,
The boy can read fast,The read can boy fast,transposition_unrelated,left,294,6,18,left,1,0.6554737080004998,None,18,6,294,3,1040.6191837079969,,,,,,,,,1040.613638291994,1040.6191837079969,1040.8525364170055,1040.8603755420045,1041.059844000003,1041.0412860829965,1041.253971416998,1041.2597937919927,1041.3539235829958,1041.3599632499972,1041.3599632499972,1042.0230213329924,left,1,0.6554737080004998,None,1042.023436916992,1042.035279082993,1042.035279082993,1042.220689958005,1042.227554541998,1042.227554541998,1043.0263692080043,1043.0112771669956,,,k,"001",2025-11-10_21h16.03.799,2nd exp,,2025.2.0,None,2025-11-10 21h16.03.874817 +0530,
She does not like apples,She not does like apples,transposition_related,right,295,7,18,left,0,2.2387097489990992,None,18,7,295,6,1043.0263692080043,,,,,,,,,1043.0211269580032,1043.0263692080043,1043.2706596670032,1043.2706596670032,1043.4705914170045,1043.4705914170045,1043.6578658329963,1043.6708624169987,1043.759285292006,1043.7705554580025,1043.7705554580025,1046.0115587920009,left,0,2.2387097489990992,None,1046.0119122500037,1046.0229469170008,1046.0229469170008,1046.2125311669952,1046.219771582997,1046.219771582997,1047.0200271670037,1047.0042125420005,,,k,"001",2025-11-10_21h16.03.799,2nd exp,,2025.2.0,None,2025-11-10 21h16.03.874817 +0530,
The boy can read fast,The read can boy fast,repetition_unrelated,left,296,8,18,left,1,1.4446425409987569,None,18,8,296,1,1047.0200271670037,,,,,,,,,1047.014773582996,1047.0200271670037,1047.2627107080043,1047.2627107080043,1047.452451457997,1047.4571613750013,1047.6420227079943,1047.6601978749968,1047.7539366249985,1047.7605791249953,1047.7605791249953,1049.2116034999926,left,1,1.4446425409987569,None,1049.2118815830036,1049.2231428749947,1049.2231428749947,1049.4032538750034,1049.4203220420022,1049.4203220420022,1050.203394541997,1050.187335124996,,,k,"001",2025-11-10_21h16.03.799,2nd exp,,2025.2.0,None,2025-11-10 21h16.03.874817 +0530,
She does not like apples,She does not like apples,repetition_related,right,297,9,18,left,0,1.2690967070084298,None,18,9,297,4,1050.203394541997,,,,,,,,,1050.1986662919953,1050.2079621669982,1050.4613458749955,1050.4538341250009,1050.6608607499948,1050.6608607499948,1050.8603347080061,1050.8603347080061,1050.9539824999956,1050.960028417001,1050.960028417001,1052.2390312079951,left,0,1.2690967070084298,None,1052.2393179579958,1052.2505906669976,1052.2505906669976,1052.4359674169973,1052.4431272079964,1052.4431272079964,1053.2312423330004,1053.2199978749995,,,k,"001",2025-11-10_21h16.03.799,2nd exp,,2025.2.0,None,2025-11-10 21h16.03.874817 +0530,
She does not like apples,She like does apples not,transposition_unrelated,left,298,10,18,left,1,1.6296854579995852,None,18,10,298,7,1053.2312423330004,,,,,,,,,1053.2263526250026,1053.2364328749973,1053.4874462080043,1053.4749821250007,1053.6872374999948,1053.6749631249986,1053.8762207499967,1053.887315208005,1053.975066125,1053.9873418749921,1053.9873418749921,1055.6230502499966,left,1,1.6296854579995852,None,1055.623413333,1055.6350994579989,1055.6350994579989,1055.8190880000038,1055.826317458006,1055.826317458006,1056.6201008329954,1056.604544582995,,,k,"001",2025-11-10_21h16.03.799,2nd exp,,2025.2.0,None,2025-11-10 21h16.03.874817 +0530,
The dog is barking loudly,The loudly is barking dog,repetition_unrelated,left,299,11,18,left,1,1.0863888329913607,None,18,11,299,13,1056.6201008329954,,,,,,,,,1056.615067000006,1056.6248169169994,1056.870748250003,1056.870748250003,1057.0703009169956,1057.0703009169956,1057.2594751249999,1057.2708013749943,1057.3595475829934,1057.370665208,1057.370665208,1058.4611766669987,left,1,1.0863888329913607,None,1058.4614571249986,1058.473207749994,1058.473207749994,1058.6527308749937,1058.6693877920043,1058.6693877920043,1059.4515925000014,1059.436279667003,,,k,"001",2025-11-10_21h16.03.799,2nd exp,,2025.2.0,None,2025-11-10 21h16.03.874817 +0530,
They have finished the work,They finished have the work,repetition_unrelated,left,300,12,18,left,1,0.8859989999909885,None,18,12,300,9,1059.4515925000014,,,,,,,,,1059.4466641670006,1059.456044999999,1059.7122742920037,1059.7039891669992,1059.9029720830003,1059.9076654999953,1060.091973292001,1060.1104787920049,1060.209937541993,1060.209937541993,1060.209937541993,1061.106026249996,left,1,0.8859989999909885,None,1061.1063328330056,1061.117467958,1061.117467958,1061.3024328750034,1061.3090362499934,1061.3090362499934,1062.1014060419984,1062.087125082995,,,k,"001",2025-11-10_21h16.03.799,2nd exp,,2025.2.0,None,2025-11-10 21h16.03.874817 +0530,
The boy can read fast,The boy can read fast,transposition_related,right,301,13,18,right,1,0.7640045000007376,None,18,13,301,2,1062.1014060419984,,,,,,,,,1062.096529500006,1062.1061028749973,1062.3527797499992,1062.3527797499992,1062.5539082079922,1062.5415740829922,1062.742258416998,1062.7541368749953,1062.8420159579982,1062.8538280829962,1062.8538280829962,1063.622136332997,right,1,0.7640045000007376,None,1063.6225148329977,1063.634021167003,1063.634021167003,1063.8202155829931,1063.8264539999946,1063.8264539999946,1064.619715791996,1064.6045413329994,,,k,"001",2025-11-10_21h16.03.799,2nd exp,,2025.2.0,None,2025-11-10 21h16.03.874817 +0530,
The dog is barking loudly,The barking dog loudly is,transposition_unrelated,left,302,14,18,left,1,1.37717862399586,None,18,14,302,15,1064.619715791996,,,,,,,,,1064.614719833,1064.6234660420014,1064.870681750006,1064.870681750006,1065.0708484579955,1065.058188916999,1065.2582320420042,1065.2706843329943,1065.3587356250064,1065.3706327919936,1065.3706327919936,1066.7559806670033,left,1,1.37717862399586,None,1066.75658175,1066.7687143749936,1066.7687143749936,1066.9538177499926,1066.9605839169963,1066.9605839169963,1067.7581140830007,1067.7425091250043,,,k,"001",2025-11-10_21h16.03.799,2nd exp,,2025.2.0,None,2025-11-10 21h16.03.874817 +0530,
She does not like apples,She not does like apples,repetition_unrelated,left,303,15,18,left,1,0.6496174990024883,None,18,15,303,5,1067.7581140830007,,,,,,,,,1067.7530642920028,1067.7581140830007,1068.0040847500059,1068.0040847500059,1068.203970500006,1068.1913258749992,1068.3916822080064,1068.4042085419933,1068.491563417003,1068.5040993750008,1068.5040993750008,1069.1561050419987,left,1,0.6496174990024883,None,1069.1565897919936,1069.167989833004,1069.167989833004,1069.3541482080036,1069.3624230830028,1069.3624230830028,1070.1574304170063,1070.1422933330032,,,k,"001",2025-11-10_21h16.03.799,2nd exp,,2025.2.0,None,2025-11-10 21h16.03.874817 +0530,
The boy can read fast,The read can boy fast,transposition_unrelated,left,304,0,19,left,1,0.7108267489966238,None,19,0,304,3,1070.1574304170063,,,,,,,,,1070.1525273330044,1070.1574304170063,1070.4040984169987,1070.4040984169987,1070.604137500006,1070.604137500006,1070.7914706250012,1070.8041352919972,1070.8915786669968,1070.903844667002,1070.903844667002,1071.6226372920064,left,1,0.7108267489966238,None,1071.622985042006,1071.634674749992,1071.634674749992,1071.8206330829998,1071.828475125003,1071.828475125003,1072.615610666995,1072.6045039169985,,,k,"001",2025-11-10_21h16.03.799,2nd exp,,2025.2.0,None,2025-11-10 21h16.03.874817 +0530,
The boy can read fast,The boy can read fast,repetition_related,right,305,1,19,right,1,0.651836999997613,None,19,1,305,0,1072.615610666995,,,,,,,,,1072.610724500002,1072.6371913750045,1072.8695979579934,1072.8778867920046,1073.0707520419965,1073.0577459170017,1073.2590269170032,1073.2706398750015,1073.3583352080022,1073.370739207996,1073.370739207996,1074.0283250420034,right,1,0.651836999997613,None,1074.0286023329973,1074.0404173330026,1074.0404173330026,1074.2312704170035,1074.2373424999969,1074.2373424999969,1075.031373167003,1075.0202522079926,,,k,"001",2025-11-10_21h16.03.799,2nd exp,,2025.2.0,None,2025-11-10 21h16.03.874817 +0530,
The boy can read fast,The read can boy fast,repetition_unrelated,left,306,2,19,left,1,1.5199519989982946,None,19,2,306,1,1075.031373167003,,,,,,,,,1075.0252229579928,1075.031373167003,1075.2784577919956,1075.2784577919956,1075.4778324579966,1075.4778324579966,1075.6766047080018,1075.6766047080018,1075.7705667919945,1075.777483333004,1075.777483333004,1077.3057955830009,left,1,1.5199519989982946,None,1077.306330624997,1077.318423417004,1077.318423417004,1077.5028345000028,1077.5115135420056,1077.5115135420056,1078.2965328749997,1078.2862426670035,,,k,"001",2025-11-10_21h16.03.799,2nd exp,,2025.2.0,None,2025-11-10 21h16.03.874817 +0530,
The boy can read fast,The boy can read fast,transposition_related,right,307,3,19,right,1,0.9875783739989856,None,19,3,307,2,1078.2965328749997,,,,,,,,,1078.2914896669972,1078.3023119999998,1078.554021707998,1078.542142124992,1078.753793708005,1078.753793708005,1078.941054416995,1078.9540110829985,1079.0428484580043,1079.0539313329937,1079.0539313329937,1080.0442656670057,right,1,0.9875783739989856,None,1080.044535167006,1080.056512916999,1080.056512916999,1080.2357749999937,1080.2525529169943,1080.2525529169943,1081.0363090419996,1081.0210930829926,,,k,"001",2025-11-10_21h16.03.799,2nd exp,,2025.2.0,None,2025-11-10 21h16.03.874817 +0530,
They have finished the work,They work the have finished,transposition_unrelated,left,308,4,19,left,1,4.186742874997435,None,19,4,308,11,1081.0363090419996,,,,,,,,,1081.0312773750047,1081.0409135829977,1081.2872352919949,1081.2872352919949,1081.4872191670001,1081.4872191670001,1081.6756655420031,1081.6929809580033,1081.7873981250013,1081.794305125004,1081.794305125004,1085.9889143750042,left,1,4.186742874997435,None,1085.9892501669965,1086.0009256670019,1086.0009256670019,1086.1857251670008,1086.1933984579955,1086.1933984579955,1086.9841093750001,1086.970044332993,,,k,"001",2025-11-10_21h16.03.799,2nd exp,,2025.2.0,None,2025-11-10 21h16.03.874817 +0530,
They have finished the work,They finished have the work,transposition_related,right,309,5,19,left,0,2.7560637069982477,None,19,5,309,10,1086.9841093750001,,,,,,,,,1086.9791657919995,1086.9883737920027,1087.2372422500048,1087.2256022499932,1087.4372251250024,1087.425861583004,1087.625457749993,1087.6372904580057,1087.725484708004,1087.7372702499997,1087.7372702499997,1090.5057397920027,left,0,2.7560637069982477,None,1090.506183874997,1090.518551208006,1090.518551208006,1090.7038761250005,1090.711693958001,1090.711693958001,1091.509785125003,1091.4941349169967,,,k,"001",2025-11-10_21h16.03.799,2nd exp,,2025.2.0,None,2025-11-10 21h16.03.874817 +0530,
She does not like apples,She like does apples not,transposition_unrelated,left,310,6,19,left,1,0.6772764990018914,None,19,6,310,7,1091.509785125003,,,,,,,,,1091.504521499999,1091.509785125003,1091.7529268749931,1091.7529268749931,1091.9540935419936,1091.9411116669944,1092.141363667004,1092.1538220420043,1092.2426988329971,1092.2536947920016,1092.2536947920016,1092.9390389170003,left,1,0.6772764990018914,None,1092.9394599170046,1092.9512187499931,1092.9512187499931,1093.137366875002,1093.1456215829967,1093.1456215829967,1093.941462917006,1093.9261637500022,,,k,"001",2025-11-10_21h16.03.799,2nd exp,,2025.2.0,None,2025-11-10 21h16.03.874817 +0530,
The dog is barking loudly,The dog is barking loudly,repetition_related,right,311,7,19,right,1,2.0210153740044916,None,19,7,311,12,1093.941462917006,,,,,,,,,1093.9365426250006,1093.941462917006,1094.1871304579981,1094.1871304579981,1094.3871036250057,1094.3871036250057,1094.575531124996,1094.5876184579975,1094.6746467079938,1094.6868658330059,1094.6868658330059,1096.7113426249998,right,1,2.0210153740044916,None,1096.711611916995,1096.7230631249986,1096.7230631249986,1096.9121987919934,1096.918996708002,1096.918996708002,1097.7164022920042,1097.7043426669989,,,k,"001",2025-11-10_21h16.03.799,2nd exp,,2025.2.0,None,2025-11-10 21h16.03.874817 +0530,
The dog is barking loudly,The barking dog loudly is,transposition_unrelated,left,312,8,19,left,1,3.6255328739935067,None,19,8,312,15,1097.7164022920042,,,,,,,,,1097.7109916250047,1097.7164022920042,1097.9624783329928,1097.9624783329928,1098.160620583003,1098.160620583003,1098.3538753329922,1098.3598280419974,1098.453999874997,1098.453999874997,1098.453999874997,1102.0887855829933,left,1,3.6255328739935067,None,1102.0890818329935,1102.1009333330003,1102.1009333330003,1102.2860085830034,1102.2933252920047,1102.2933252920047,1103.0851732919982,1103.0711089169927,,,k,"001",2025-11-10_21h16.03.799,2nd exp,,2025.2.0,None,2025-11-10 21h16.03.874817 +0530,
She does not like apples,She does not like apples,repetition_related,right,313,9,19,left,0,6.706253165990347,None,19,9,313,4,1103.0851732919982,,,,,,,,,1103.0801997920062,1103.0899203750014,1103.3373275829945,1103.3373275829945,1103.537152667006,1103.5260824580037,1103.726126374997,1103.7374244579987,1103.826005875002,1103.8370375829982,1103.8370375829982,1110.5457327500044,left,0,6.706253165990347,None,1110.5461015420005,1110.5572139580036,1110.5572139580036,1110.7458642080019,1110.7524356249924,1110.7524356249924,1111.5536812920036,1111.5376841249963,,,k,"001",2025-11-10_21h16.03.799,2nd exp,,2025.2.0,None,2025-11-10 21h16.03.874817 +0530,
They have finished the work,They finished have the work,repetition_unrelated,left,314,10,19,left,1,1.9908045410120394,None,19,10,314,9,1111.5536812920036,,,,,,,,,1111.547717207999,1111.5536812920036,1111.7954308329936,1111.7954308329936,1111.9920820419939,1111.9920820419939,1112.1874516669923,1112.1938361670036,1112.2937642500037,1112.2937642500037,1112.2937642500037,1114.2887951669982,left,1,1.9908045410120394,None,1114.2891660829919,1114.3010862079973,1114.3010862079973,1114.485611666998,1114.4924494580046,1114.4924494580046,1115.282082916994,1115.2709422500047,,,k,"001",2025-11-10_21h16.03.799,2nd exp,,2025.2.0,None,2025-11-10 21h16.03.874817 +0530,
They have finished the work,They have finished the work,repetition_related,right,315,11,19,left,0,3.8174697079957696,None,19,11,315,8,1115.282082916994,,,,,,,,,1115.2772064580058,1115.3035159580031,1115.5361981250026,1115.5439728750061,1115.7372557500057,1115.725231874996,1115.9257683329924,1115.9370789170061,1116.0247102919966,1116.0372613749932,1116.0372613749932,1119.8613919579948,left,0,3.8174697079957696,None,1119.8616587080032,1119.873226708005,1119.873226708005,1120.0537449169933,1120.068969874992,1120.068969874992,1120.860557292006,1120.8443827080046,,,k,"001",2025-11-10_21h16.03.799,2nd exp,,2025.2.0,None,2025-11-10 21h16.03.874817 +0530,
The dog is barking loudly,The dog barking is loudly,transposition_related,right,316,12,19,right,1,0.4321154990029754,None,19,12,316,14,1120.860557292006,,,,,,,,,1120.855342750001,1120.860557292006,1121.112036624996,1121.1039203330001,1121.3022551250033,1121.3022551250033,1121.4912184169953,1121.509660333002,1121.6039095830056,1121.6101676669932,1121.6101676669932,1122.044615042003,right,1,0.4321154990029754,None,1122.044962083004,1122.0563849169994,1122.0563849169994,1122.2463336670044,1122.2522902920027,1122.2522902920027,1123.0544814580062,1123.0377313749923,,,k,"001",2025-11-10_21h16.03.799,2nd exp,,2025.2.0,None,2025-11-10 21h16.03.874817 +0530,
She does not like apples,She not does like apples,transposition_related,right,317,13,19,left,0,1.1012333749968093,None,19,13,317,6,1123.0544814580062,,,,,,,,,1123.049201582995,1123.0544814580062,1123.2952106669982,1123.2952106669982,1123.4855181250023,1123.4855181250023,1123.6753418330045,1123.693549417003,1123.7870700000058,1123.7870700000058,1123.7870700000058,1124.8947247079923,left,0,1.1012333749968093,None,1124.8950024579972,1124.9064502919937,1124.9064502919937,1125.0962679999939,1125.1204763330024,1125.1204763330024,1125.9029630830046,1125.8872946250049,,,k,"001",2025-11-10_21h16.03.799,2nd exp,,2025.2.0,None,2025-11-10 21h16.03.874817 +0530,
The dog is barking loudly,The loudly is barking dog,repetition_unrelated,left,318,14,19,left,1,3.6020197909965646,None,19,14,318,13,1125.9029630830046,,,,,,,,,1125.897790582996,1125.9029630830046,1126.1457602500013,1126.1457602500013,1126.335955542003,1126.3408638330002,1126.5250855420018,1126.5427475420001,1126.637053792001,1126.6432329579984,1126.6432329579984,1130.2551359579957,left,1,3.6020197909965646,None,1130.2554333750013,1130.266569792002,1130.266569792002,1130.4536859999935,1130.4601545000041,1130.4601545000041,1131.2574765419995,1131.2427437919978,,,k,"001",2025-11-10_21h16.03.799,2nd exp,,2025.2.0,None,2025-11-10 21h16.03.874817 +0530,
She does not like apples,She not does like apples,repetition_unrelated,left,319,15,19,left,1,0.06298674899153411,None,19,15,319,5,1131.2574765419995,,,,,,,,,1131.252749332998,1131.2574765419995,1131.503932416992,1131.503932416992,1131.7039693749975,1131.7039693749975,1131.8924913329975,1131.903721833005,1131.9923790829926,1132.0038729579974,1132.0038729579974,1132.0717829999921,left,1,0.06298674899153411,None,1132.0720568749966,1132.0834393749974,1132.0834393749974,1132.2695612079988,1132.2781013750064,1132.2781013750064,1133.0698052920052,1133.054311333006,,,k,"001",2025-11-10_21h16.03.799,2nd exp,,2025.2.0,None,2025-11-10 21h16.03.874817 +0530,
The boy can read fast,The boy can read fast,repetition_related,right,320,0,20,right,1,0.5833337490039412,None,20,0,320,0,1133.0698052920052,,,,,,,,,1133.0648910000018,1133.0743875000044,1133.3204584170016,1133.3204584170016,1133.5204818329948,1133.5088449579926,1133.7088661250018,1133.7204676669935,1133.8086998329964,1133.8204281670041,1133.8204281670041,1134.4117021669954,right,1,0.5833337490039412,None,1134.4119692079985,1134.422823874993,1134.422823874993,1134.6124370000034,1134.6206093749934,1134.6206093749934,1135.4185013749957,1135.4034427919978,,,k,"001",2025-11-10_21h16.03.799,2nd exp,,2025.2.0,None,2025-11-10 21h16.03.874817 +0530,
The dog is barking loudly,The dog barking is loudly,transposition_related,right,321,1,20,left,0,1.0401548740046564,None,20,1,321,14,1135.4185013749957,,,,,,,,,1135.413270332996,1135.4185013749957,1135.6622320000024,1135.6622320000024,1135.8581252919976,1135.8581252919976,1136.0536587499955,1136.0594318749936,1136.1536711249937,1136.1596175000013,1136.1596175000013,1137.205938375002,left,0,1.0401548740046564,None,1137.2065369170014,1137.2180483330012,1137.2180483330012,1137.4038643749955,1137.4111622500059,1137.4111622500059,1138.205304874995,1138.1877372080053,,,k,"001",2025-11-10_21h16.03.799,2nd exp,,2025.2.0,None,2025-11-10 21h16.03.874817 +0530,
The boy can read fast,The read can boy fast,transposition_unrelated,left,322,2,20,left,1,0.7576368329901015,None,20,2,322,3,1138.205304874995,,,,,,,,,1138.2005735419953,1138.220326374998,1138.4536950000038,1138.4611860830046,1138.653687041995,1138.6422812079982,1138.8532907079934,1138.8532907079934,1138.9411613330012,1138.9529732920055,1138.9529732920055,1139.722074624995,left,1,0.7576368329901015,None,1139.7223518329993,1139.7341476250003,1139.7341476250003,1139.9204871249967,1139.9270154169935,1139.9270154169935,1140.7203718329984,1140.7039404170064,,,k,"001",2025-11-10_21h16.03.799,2nd exp,,2025.2.0,None,2025-11-10 21h16.03.874817 +0530,
They have finished the work,They finished have the work,transposition_related,right,323,3,20,left,0,0.937115791006363,None,20,3,323,10,1140.7203718329984,,,,,,,,,1140.7150137080025,1140.7369941249926,1140.9689239169966,1140.986102625,1141.170503375004,1141.1582729579968,1141.3589869580028,1141.3705491250003,1141.4579099580005,1141.4704093750042,1141.4704093750042,1142.4107696669962,left,0,0.937115791006363,None,1142.4110417079937,1142.4229227079923,1142.4229227079923,1142.6028847919952,1142.6201861669979,1142.6201861669979,1143.4020495830046,1143.386338832992,,,k,"001",2025-11-10_21h16.03.799,2nd exp,,2025.2.0,None,2025-11-10 21h16.03.874817 +0530,
The dog is barking loudly,The barking dog loudly is,transposition_unrelated,left,324,4,20,left,1,1.070765707991086,None,20,4,324,15,1143.4020495830046,,,,,,,,,1143.3970948329952,1143.4067947080039,1143.6618988749979,1143.6537967500044,1143.8523906670016,1143.8570742500015,1144.0408625830023,1144.0595419580059,1144.153722957999,1144.153722957999,1144.153722957999,1145.2272974999942,left,1,1.070765707991086,None,1145.2275671249954,1145.2394033330056,1145.2394033330056,1145.419257792004,1145.4374843749974,1145.4374843749974,1146.2154966249946,1146.2040298329957,,,k,"001",2025-11-10_21h16.03.799,2nd exp,,2025.2.0,None,2025-11-10 21h16.03.874817 +0530,
The dog is barking loudly,The loudly is barking dog,repetition_unrelated,left,325,5,20,left,1,1.0263595410069684,None,20,5,325,13,1146.2154966249946,,,,,,,,,1146.2107506250031,1146.2369604580017,1146.4688100000058,1146.487084249995,1146.6768259579985,1146.6591525830008,1146.8705503329984,1146.8705503329984,1146.9579914999922,1146.9770806669985,1146.9770806669985,1148.0050054169988,left,1,1.0263595410069684,None,1148.0052899169968,1148.017843624999,1148.017843624999,1148.2035426249931,1148.210904874999,1148.210904874999,1149.0068412919936,1148.9927216249926,,,k,"001",2025-11-10_21h16.03.799,2nd exp,,2025.2.0,None,2025-11-10 21h16.03.874817 +0530,
She does not like apples,She like does apples not,transposition_unrelated,left,326,6,20,left,1,1.0475001250015339,None,20,6,326,7,1149.0068412919936,,,,,,,,,1149.0020893750043,1149.0068412919936,1149.2539682499919,1149.2539682499919,1149.4537366250006,1149.4413937499921,1149.642254958002,1149.6536998329975,1149.7421502920042,1149.7538589579926,1149.7538589579926,1150.805343,left,1,1.0475001250015339,None,1150.8057412079943,1150.817426833004,1150.817426833004,1151.0026078329975,1151.0089341249986,1151.0089341249986,1151.800849207997,1151.7867882499995,,,k,"001",2025-11-10_21h16.03.799,2nd exp,,2025.2.0,None,2025-11-10 21h16.03.874817 +0530,
The dog is barking loudly,The dog is barking loudly,repetition_related,right,327,7,20,left,0,0.5026537070079939,None,20,7,327,12,1151.800849207997,,,,,,,,,1151.796149457994,1151.805356708006,1152.0538104169973,1152.0538104169973,1152.2534628330031,1152.2534628330031,1152.442081125002,1152.4536071670009,1152.5426772920036,1152.5537227500026,1152.5537227500026,1153.0610526670062,left,0,0.5026537070079939,None,1153.0614365420042,1153.0730954579922,1153.0730954579922,1153.2628436249943,1153.269243332994,1153.269243332994,1154.0678032080032,1154.0534304579924,,,k,"001",2025-11-10_21h16.03.799,2nd exp,,2025.2.0,None,2025-11-10 21h16.03.874817 +0530,
She does not like apples,She not does like apples,repetition_unrelated,left,328,8,20,left,1,2.0143971659999806,None,20,8,328,5,1154.0678032080032,,,,,,,,,1154.0624784169922,1154.0678032080032,1154.3115110829967,1154.3115110829967,1154.5026252079988,1154.5026252079988,1154.692505125,1154.7098434999934,1154.8039064170007,1154.8107756249956,1154.8107756249956,1156.8281334579951,left,1,2.0143971659999806,None,1156.8284856249957,1156.8395815830008,1156.8395815830008,1157.029159208003,1157.035525625004,1157.035525625004,1157.8376631669962,1157.8210430420004,,,k,"001",2025-11-10_21h16.03.799,2nd exp,,2025.2.0,None,2025-11-10 21h16.03.874817 +0530,
They have finished the work,They have finished the work,repetition_related,right,329,9,20,right,1,4.697720790994936,None,20,9,329,8,1157.8376631669962,,,,,,,,,1157.832427250003,1157.8376631669962,1158.0791552500013,1158.0791552500013,1158.2693271250027,1158.2740507080016,1158.4588439999934,1158.4770596250019,1158.576623999994,1158.576623999994,1158.576623999994,1163.2779105829977,right,1,4.697720790994936,None,1163.2781929170014,1163.2896236670058,1163.2896236670058,1163.479651667003,1163.4856278329971,1163.4856278329971,1164.2838432919962,1164.2708215830062,,,k,"001",2025-11-10_21h16.03.799,2nd exp,,2025.2.0,None,2025-11-10 21h16.03.874817 +0530,
They have finished the work,They finished have the work,repetition_unrelated,left,330,10,20,left,1,11.620168373992783,None,20,10,330,9,1164.2838432919962,,,,,,,,,1164.2785708330048,1164.2838432919962,1164.528509833006,1164.528509833006,1164.726063042006,1164.726063042006,1164.9204809170042,1164.927077291999,1165.0205006250035,1165.0268990420009,1165.0268990420009,1176.655427916994,left,1,11.620168373992783,None,1176.6558532920026,1176.667696125005,1176.667696125005,1176.8522501249972,1176.8588113330043,1176.8588113330043,1177.6510729169968,1177.6357947499928,,,k,"001",2025-11-10_21h16.03.799,2nd exp,,2025.2.0,None,2025-11-10 21h16.03.874817 +0530,
The boy can read fast,The boy can read fast,transposition_related,right,331,11,20,left,0,1.5481309999886435,None,20,11,331,2,1177.6510729169968,,,,,,,,,1177.646239958005,1177.6555356250028,1177.9036722500023,1177.9036722500023,1178.1036649580055,1178.091268499993,1178.2919061249995,1178.3036929170048,1178.3923066669959,1178.403577457997,1178.403577457997,1179.9557257080014,left,0,1.5481309999886435,None,1179.9563196249946,1179.968210082996,1179.968210082996,1180.1526977500034,1180.1591114579933,1180.1591114579933,1180.952975082997,1180.9368171669921,,,k,"001",2025-11-10_21h16.03.799,2nd exp,,2025.2.0,None,2025-11-10 21h16.03.874817 +0530,
She does not like apples,She does not like apples,repetition_related,right,332,12,20,left,0,5.837711665997631,None,20,12,332,4,1180.952975082997,,,,,,,,,1180.9481370419962,1180.957582499992,1181.2038552080048,1181.2038552080048,1181.4036139999953,1181.3926281669992,1181.5922317499935,1181.603672917001,1181.692362917005,1181.7037047500053,1181.7037047500053,1187.5448135829938,left,0,5.837711665997631,None,1187.5450956669956,1187.555756917005,1187.555756917005,1187.7471346670063,1187.7530337079952,1187.7530337079952,1188.5540428329987,1188.537094667001,,,k,"001",2025-11-10_21h16.03.799,2nd exp,,2025.2.0,None,2025-11-10 21h16.03.874817 +0530,
She does not like apples,She not does like apples,transposition_related,right,333,13,20,left,0,0.9411808320001,None,20,13,333,6,1188.5540428329987,,,,,,,,,1188.5410489170026,1188.5540428329987,1188.7935063329933,1188.7935063329933,1188.9914436249965,1188.9868890829966,1189.1871251669945,1189.1931624169956,1189.2870737079938,1189.2938986249937,1189.2938986249937,1190.2388205000025,left,0,0.9411808320001,None,1190.2393214170006,1190.2534659999947,1190.2534659999947,1190.4368764579995,1190.4437688329926,1190.4437688329926,1191.235374374999,1191.220157542004,,,k,"001",2025-11-10_21h16.03.799,2nd exp,,2025.2.0,None,2025-11-10 21h16.03.874817 +0530,
The boy can read fast,The read can boy fast,repetition_unrelated,left,334,14,20,left,1,0.6898501249961555,None,20,14,334,1,1191.235374374999,,,,,,,,,1191.2305331249954,1191.2399605419923,1191.4871191249986,1191.4871191249986,1191.6870718330028,1191.6870718330028,1191.874583124998,1191.8871090829925,1191.9756008330005,1191.987050041993,1191.987050041993,1192.6885594579944,left,1,0.6898501249961555,None,1192.688951499993,1192.7005577920063,1192.7005577920063,1192.8867698329996,1192.8944517500058,1192.8944517500058,1193.6854579999927,1193.670292374998,,,k,"001",2025-11-10_21h16.03.799,2nd exp,,2025.2.0,None,2025-11-10 21h16.03.874817 +0530,
They have finished the work,They work the have finished,transposition_unrelated,left,335,15,20,left,1,0.7039569159969687,None,20,15,335,11,1193.6854579999927,,,,,,,,,1193.6805345829925,1193.6899062080047,1193.9372547499952,1193.9372547499952,1194.1369984170015,1194.1369984170015,1194.3260509579995,1194.337287041999,1194.4246120419994,1194.4370821670018,1194.4370821670018,1195.1445052079944,left,1,0.7039569159969687,None,1195.1447813749983,1195.1558854579926,1195.1558854579926,1195.3358472919936,1195.3532051670045,1195.3532051670045,1196.1353012079926,1196.1207637079933,,,k,"001",2025-11-10_21h16.03.799,2nd exp,,2025.2.0,None,2025-11-10 21h16.03.874817 +0530,
The boy can read fast,The read can boy fast,transposition_unrelated,left,336,0,21,left,1,0.600238665996585,None,21,0,336,3,1196.1353012079926,,,,,,,,,1196.1302556250012,1196.139826832994,1196.3958147499943,1196.3873237920052,1196.5916325419967,1196.5916325419967,1196.7868528749968,1196.7926215000043,1196.8870139579958,1196.8935550419992,1196.8935550419992,1197.505033583002,left,1,0.600238665996585,None,1197.5052785000007,1197.5154440000042,1197.5154440000042,1197.7038530830032,1197.7105507499946,1197.7105507499946,1198.5002012920013,1198.487264957992,,,k,"001",2025-11-10_21h16.03.799,2nd exp,,2025.2.0,None,2025-11-10 21h16.03.874817 +0530,
The dog is barking loudly,The barking dog loudly is,transposition_unrelated,left,337,1,21,left,1,0.7202671660052147,None,21,1,337,15,1198.5002012920013,,,,,,,,,1198.4952314580005,1198.5048757500044,1198.7538230000064,1198.7538230000064,1198.9538168330037,1198.9406965420058,1199.1407950419962,1199.1542740830046,1199.2410246249929,1199.2535431669967,1199.2535431669967,1199.9759475419996,left,1,0.7202671660052147,None,1199.9761746669974,1199.9860633749922,1199.9860633749922,1200.169311791993,1200.1758205829974,1200.1758205829974,1200.9628572079964,1200.9539860420045,,,k,"001",2025-11-10_21h16.03.799,2nd exp,,2025.2.0,None,2025-11-10 21h16.03.874817 +0530,
The dog is barking loudly,The dog is barking loudly,repetition_related,right,338,2,21,left,0,0.8592900410003494,None,21,2,338,12,1200.9628572079964,,,,,,,,,1200.9580281249946,1200.9692007919948,1201.2261049999943,1201.2073669999954,1201.4201944170054,1201.4201944170054,1201.6074862919922,1201.6251434169972,1201.720473207999,1201.720473207999,1201.720473207999,1202.5883782500023,left,0,0.8592900410003494,None,1202.5886626669962,1202.6001614580018,1202.6001614580018,1202.7871871669922,1202.7936488749983,1202.7936488749983,1203.5932125419931,1203.5774743749935,,,k,"001",2025-11-10_21h16.03.799,2nd exp,,2025.2.0,None,2025-11-10 21h16.03.874817 +0530,
She does not like apples,She not does like apples,transposition_related,right,339,3,21,left,0,0.5497583329997724,None,21,3,339,6,1203.5932125419931,,,,,,,,,1203.5872361670044,1203.5932125419931,1203.837232167003,1203.837232167003,1204.0355900419963,1204.0355900419963,1204.2255712079932,1204.237021791996,1204.3245590000006,1204.3369569579954,1204.3369569579954,1204.8887024169962,left,0,0.5497583329997724,None,1204.8891988749965,1204.9007473329984,1204.9007473329984,1205.0861718749948,1205.0936394169985,1205.0936394169985,1205.8831822079956,1205.8692897919973,,,k,"001",2025-11-10_21h16.03.799,2nd exp,,2025.2.0,None,2025-11-10 21h16.03.874817 +0530,
The boy can read fast,The boy can read fast,repetition_related,right,340,4,21,right,1,0.5705611659941496,None,21,4,340,0,1205.8831822079956,,,,,,,,,1205.8782267920033,1205.8879965420056,1206.1370686250011,1206.1370686250011,1206.3369564169989,1206.3369564169989,1206.5251447079936,1206.5370135830017,1206.6242951250024,1206.6371031669987,1206.6371031669987,1207.211089874996,right,1,0.5705611659941496,None,1207.2113639580057,1207.2229105419974,1207.2229105419974,1207.4124073330022,1207.4193767079996,1207.4193767079996,1208.2105098750035,1208.195198375004,,,k,"001",2025-11-10_21h16.03.799,2nd exp,,2025.2.0,None,2025-11-10 21h16.03.874817 +0530,
They have finished the work,They finished have the work,transposition_related,right,341,5,21,left,0,1.0290357080084505,None,21,5,341,10,1208.2105098750035,,,,,,,,,1208.2051006249967,1208.2105098750035,1208.4619462499977,1208.453651542004,1208.6521910419979,1208.6569905829965,1208.8423717499973,1208.8592510000017,1208.9537877919938,1208.9596204580012,1208.9596204580012,1209.9939391249936,left,0,1.0290357080084505,None,1209.9942197920027,1210.0055005829927,1210.0055005829927,1210.1867686670012,1210.2021945419983,1210.2021945419983,1210.9897469999996,1210.9761111249973,,,k,"001",2025-11-10_21h16.03.799,2nd exp,,2025.2.0,None,2025-11-10 21h16.03.874817 +0530,
The dog is barking loudly,The loudly is barking dog,repetition_unrelated,left,342,6,21,left,1,1.8291904579964466,None,21,6,342,13,1210.9897469999996,,,,,,,,,1210.9853267500002,1211.003696083004,1211.2355001249962,1211.252155042006,1211.4434510830033,1211.4258725419932,1211.6371565000009,1211.6371565000009,1211.7242614580027,1211.7432696250034,1211.7432696250034,1213.5779550830048,left,1,1.8291904579964466,None,1213.5782277079998,1213.5894577080035,1213.5894577080035,1213.769595167003,1213.7868780419958,1213.7868780419958,1214.568294333003,1214.5526614580012,,,k,"001",2025-11-10_21h16.03.799,2nd exp,,2025.2.0,None,2025-11-10 21h16.03.874817 +0530,
They have finished the work,They finished have the work,repetition_unrelated,left,343,7,21,left,1,1.428006832007668,None,21,7,343,9,1214.568294333003,,,,,,,,,1214.5633206670027,1214.5721212079952,1214.8280261670006,1214.820413583002,1215.0263169999962,1215.0263169999962,1215.2204475000035,1215.226903082992,1215.326407457993,1215.326407457993,1215.326407457993,1216.7612662079919,left,1,1.428006832007668,None,1216.761541083004,1216.7727745830052,1216.7727745830052,1216.9627546249976,1216.9869250829943,1216.9869250829943,1217.7691728749924,1217.7534644999978,,,k,"001",2025-11-10_21h16.03.799,2nd exp,,2025.2.0,None,2025-11-10 21h16.03.874817 +0530,
She does not like apples,She not does like apples,repetition_unrelated,left,344,8,21,left,1,0.6052871660067467,None,21,8,344,5,1217.7691728749924,,,,,,,,,1217.7639447499969,1217.7691728749924,1218.0103049169993,1218.0103049169993,1218.2025457080017,1218.2025457080017,1218.3921120419982,1218.410157833001,1218.5035850419954,1218.5101416249963,1218.5101416249963,1219.1224044580013,left,1,0.6052871660067467,None,1219.1230015000037,1219.1348450420046,1219.1348450420046,1219.320337666999,1219.3280289999966,1219.3280289999966,1220.1280743749958,1220.1113650420011,,,k,"001",2025-11-10_21h16.03.799,2nd exp,,2025.2.0,None,2025-11-10 21h16.03.874817 +0530,
They have finished the work,They have finished the work,repetition_related,right,345,9,21,right,1,0.6897175000049174,None,21,9,345,8,1220.1280743749958,,,,,,,,,1220.1220182499965,1220.1280743749958,1220.3702993750048,1220.3787831670052,1220.5705840419978,1220.5705840419978,1220.758522499993,1220.7702637500042,1220.8585363750026,1220.8705390419927,1220.8705390419927,1221.5725080419943,right,1,0.6897175000049174,None,1221.5731265829963,1221.5851431670017,1221.5851431670017,1221.7690276249923,1221.775859375004,1221.775859375004,1222.5688460829988,1222.553041332998,,,k,"001",2025-11-10_21h16.03.799,2nd exp,,2025.2.0,None,2025-11-10 21h16.03.874817 +0530,
She does not like apples,She does not like apples,repetition_related,right,346,10,21,right,1,1.2088727910013404,None,21,10,346,4,1222.5688460829988,,,,,,,,,1222.5639565419988,1222.572693916998,1222.8203686250054,1222.8203686250054,1223.0204587079934,1223.008058708001,1223.2091364999942,1223.2201615420054,1223.3085415829992,1223.3203769579995,1223.3203769579995,1224.538196708003,right,1,1.2088727910013404,None,1224.5384751670063,1224.5499234169984,1224.5499234169984,1224.7369950419961,1224.7449331669923,1224.7449331669923,1225.5434039579995,1225.5273920829932,,,k,"001",2025-11-10_21h16.03.799,2nd exp,,2025.2.0,None,2025-11-10 21h16.03.874817 +0530,
The boy can read fast,The read can boy fast,repetition_unrelated,left,347,11,21,left,1,0.6209697490121471,None,21,11,347,1,1225.5434039579995,,,,,,,,,1225.5377363750013,1225.5434039579995,1225.7870062080037,1225.7952543749998,1225.9870098329993,1225.975343416998,1226.175846541999,1226.1870331249957,1226.275305749994,1226.287190707997,1226.287190707997,1226.9115044579958,left,1,0.6209697490121471,None,1226.9118385000038,1226.9228224580002,1226.9228224580002,1227.102514875005,1227.120279041992,1227.120279041992,1227.901303916995,1227.8858568330033,,,k,"001",2025-11-10_21h16.03.799,2nd exp,,2025.2.0,None,2025-11-10 21h16.03.874817 +0530,
They have finished the work,They work the have finished,transposition_unrelated,left,348,12,21,left,1,0.7564172489946941,None,21,12,348,11,1227.901303916995,,,,,,,,,1227.8964040830033,1227.905573791999,1228.1618632080063,1228.153653500005,1228.3603974169964,1228.3603974169964,1228.553622249994,1228.559374250006,1228.653706875004,1228.6597975829936,1228.6597975829936,1229.4224227499944,left,1,0.7564172489946941,None,1229.422981249998,1229.4346654580004,1229.4346654580004,1229.620221374993,1229.6278468749952,1229.6278468749952,1230.4205838329945,1230.4036128330044,,,k,"001",2025-11-10_21h16.03.799,2nd exp,,2025.2.0,None,2025-11-10 21h16.03.874817 +0530,
She does not like apples,She like does apples not,transposition_unrelated,left,349,13,21,left,1,1.332665123991319,None,21,13,349,7,1230.4205838329945,,,,,,,,,1230.4158464170032,1230.4369073330017,1230.6703847080062,1230.6785983750015,1230.8701797499962,1230.8589082499966,1231.0589351249946,1231.0704368750012,1231.1588162080006,1231.170332958005,1231.170332958005,1232.5060657919967,left,1,1.332665123991319,None,1232.5064477499982,1232.5178611250012,1232.5178611250012,1232.7035882500059,1232.7112124169944,1232.7112124169944,1233.5028812079981,1233.4872839580057,,,k,"001",2025-11-10_21h16.03.799,2nd exp,,2025.2.0,None,2025-11-10 21h16.03.874817 +0530,
The dog is barking loudly,The dog barking is loudly,transposition_related,right,350,14,21,left,0,0.9250034160068026,None,21,14,350,14,1233.5028812079981,,,,,,,,,1233.4980001249933,1233.5201712919952,1233.7534912919946,1233.7608883329958,1233.953432082999,1233.953432082999,1234.1423356669984,1234.1535855830007,1234.2419530420011,1234.2539259170007,1234.2539259170007,1235.189319666999,left,0,0.9250034160068026,None,1235.189870000002,1235.2014396669983,1235.2014396669983,1235.3857317079965,1235.3920239169965,1235.3920239169965,1236.1853520419972,1236.169459458004,,,k,"001",2025-11-10_21h16.03.799,2nd exp,,2025.2.0,None,2025-11-10 21h16.03.874817 +0530,
The boy can read fast,The boy can read fast,transposition_related,right,351,15,21,right,1,0.5178144160017837,None,21,15,351,2,1236.1853520419972,,,,,,,,,1236.1804979580047,1236.189937957999,1236.4370417500031,1236.4370417500031,1236.6371798750042,1236.6252099580015,1236.8258107500005,1236.836962417001,1236.9248152079963,1236.9370821670018,1236.9370821670018,1237.4610200000025,right,1,0.5178144160017837,None,1237.4612972079922,1237.4726635830011,1237.4726635830011,1237.6618666249997,1237.6687460419926,1237.6687460419926,1238.4599057919986,1238.4533750830014,,,k,"001",2025-11-10_21h16.03.799,2nd exp,,2025.2.0,None,2025-11-10 21h16.03.874817 +0530,
The boy can read fast,The boy can read fast,repetition_related,right,352,0,22,right,1,0.6218741240008967,None,22,0,352,0,1238.4599057919986,,,,,,,,,1238.4538942079962,1238.4599057919986,1238.7111512499978,1238.7033121669956,1238.903512207995,1238.903512207995,1239.0917340000015,1239.1102013329946,1239.2036631670053,1239.2099811249936,1239.2099811249936,1239.8389117500046,right,1,0.6218741240008967,None,1239.8394485829922,1239.8513165829936,1239.8513165829936,1240.0353985830006,1240.0426413329988,1240.0426413329988,1240.8321968749951,1240.8207628329983,,,k,"001",2025-11-10_21h16.03.799,2nd exp,,2025.2.0,None,2025-11-10 21h16.03.874817 +0530,
The boy can read fast,The read can boy fast,repetition_unrelated,left,353,1,22,left,1,1.5506242489936994,None,22,1,353,1,1240.8321968749951,,,,,,,,,1240.827472332996,1240.838041791998,1241.0871616670047,1241.0871616670047,1241.2867291669972,1241.2867291669972,1241.475514042002,1241.4870120419946,1241.5751664999989,1241.5871346670028,1241.5871346670028,1243.144652499992,left,1,1.5506242489936994,None,1243.144921125,1243.156150750001,1243.156150750001,1243.3366907500022,1243.352150666993,1243.352150666993,1244.1424823749985,1244.1275024999923,,,k,"001",2025-11-10_21h16.03.799,2nd exp,,2025.2.0,None,2025-11-10 21h16.03.874817 +0530,
The dog is barking loudly,The dog barking is loudly,transposition_related,right,354,2,22,left,0,0.030539332001353614,None,22,2,354,14,1244.1424823749985,,,,,,,,,1244.1373215829954,1244.1424823749985,1244.3952482500026,1244.386978208,1244.585766832999,1244.585766832999,1244.7754634169978,1244.7933795419958,1244.8869685829995,1244.8931779169943,1244.8931779169943,1244.9264597500005,left,0,0.030539332001353614,None,1244.9267323749955,1244.9389782079961,1244.9389782079961,1245.1202190420008,1245.1358332920063,1245.1358332920063,1245.923322082992,1245.9092688749952,,,k,"001",2025-11-10_21h16.03.799,2nd exp,,2025.2.0,None,2025-11-10 21h16.03.874817 +0530,
They have finished the work,They work the have finished,transposition_unrelated,left,355,3,22,left,1,1.0862958329962566,None,22,3,355,11,1245.923322082992,,,,,,,,,1245.918408957994,1245.923322082992,1246.1703049170028,1246.1703049170028,1246.3768570829998,1246.3576197079965,1246.5767468749982,1246.5767468749982,1246.6703715420008,1246.6703715420008,1246.6703715420008,1247.761030249996,left,1,1.0862958329962566,None,1247.7613887500047,1247.7728559170064,1247.7728559170064,1247.9623882919986,1247.9686689579976,1247.9686689579976,1248.765894666998,1248.7528300830018,,,k,"001",2025-11-10_21h16.03.799,2nd exp,,2025.2.0,None,2025-11-10 21h16.03.874817 +0530,
They have finished the work,They finished have the work,repetition_unrelated,left,356,4,22,left,1,1.9850355819944525,None,22,4,356,9,1248.765894666998,,,,,,,,,1248.760508583,1248.765894666998,1249.0111691670027,1249.0111691670027,1249.208042792001,1249.208042792001,1249.4036908749986,1249.4101368330012,1249.5035202500003,1249.509600999998,1249.509600999998,1251.5050349999947,left,1,1.9850355819944525,None,1251.505316708004,1251.516472999996,1251.516472999996,1251.7035462079948,1251.7110640000028,1251.7110640000028,1252.5069090000034,1252.4925158330007,,,k,"001",2025-11-10_21h16.03.799,2nd exp,,2025.2.0,None,2025-11-10 21h16.03.874817 +0530,
The dog is barking loudly,The barking dog loudly is,transposition_unrelated,left,357,5,22,left,1,0.736070874001598,None,22,5,357,15,1252.5069090000034,,,,,,,,,1252.5022831249953,1252.5069090000034,1252.7528850420058,1252.7528850420058,1252.9537751250027,1252.9396283749957,1253.141835041999,1253.1534924169973,1253.2423757920042,1253.253502958003,1253.253502958003,1253.9947550420038,left,1,0.736070874001598,None,1253.995027500001,1254.0062498750049,1254.0062498750049,1254.1944594170054,1254.2020689170022,1254.2020689170022,1255.0049032499956,1254.9879504169949,,,k,"001",2025-11-10_21h16.03.799,2nd exp,,2025.2.0,None,2025-11-10 21h16.03.874817 +0530,
She does not like apples,She not does like apples,transposition_related,right,358,6,22,left,0,0.5787563740013866,None,22,6,358,6,1255.0049032499956,,,,,,,,,1254.9990546670015,1255.0049032499956,1255.2466407500033,1255.2529162080027,1255.435583707993,1255.4408301249932,1255.6253268750006,1255.641947541997,1255.736998458,1255.7436981670035,1255.7436981670035,1256.327871166999,left,0,0.5787563740013866,None,1256.3281521669996,1256.3393680419977,1256.3393680419977,1256.5294087079965,1256.535905249999,1256.535905249999,1257.3343204169942,1257.3189487920026,,,k,"001",2025-11-10_21h16.03.799,2nd exp,,2025.2.0,None,2025-11-10 21h16.03.874817 +0530,
They have finished the work,They finished have the work,transposition_related,right,359,7,22,left,0,0.9763466239965055,None,22,7,359,10,1257.3343204169942,,,,,,,,,1257.3290571249963,1257.3343204169942,1257.5787771250034,1257.5787771250034,1257.7690792499925,1257.7737095420016,1257.9588942919945,1257.9775479999953,1258.070355082993,1258.0770761250023,1258.0770761250023,1259.0552802500024,left,0,0.9763466239965055,None,1259.0556651249935,1259.0669779580057,1259.0669779580057,1259.2535650000063,1259.2610653330048,1259.2610653330048,1260.0535386669944,1260.0374497500015,,,k,"001",2025-11-10_21h16.03.799,2nd exp,,2025.2.0,None,2025-11-10 21h16.03.874817 +0530,
The boy can read fast,The boy can read fast,transposition_related,right,360,8,22,right,1,0.43366995800170116,None,22,8,360,2,1260.0535386669944,,,,,,,,,1260.048656125,1260.0702582079975,1260.303507042001,1260.3106945829932,1260.503561125006,1260.503561125006,1260.69209425,1260.703835207998,1260.7918545419961,1260.8036529170058,1260.8036529170058,1261.2446677080006,right,1,0.43366995800170116,None,1261.2449421670026,1261.2561870000063,1261.2561870000063,1261.4359087079938,1261.453397749996,1261.453397749996,1262.2355733330041,1262.2192737919977,,,k,"001",2025-11-10_21h16.03.799,2nd exp,,2025.2.0,None,2025-11-10 21h16.03.874817 +0530,
She does not like apples,She not does like apples,repetition_unrelated,left,361,9,22,left,1,0.7529176660027588,None,22,9,361,5,1262.2355733330041,,,,,,,,,1262.230607999998,1262.240313125003,1262.4942313329957,1262.4868023330055,1262.6865230830008,1262.6865230830008,1262.8751290829969,1262.893399374996,1262.993375332997,1262.993375332997,1262.993375332997,1263.7557961249986,left,1,0.7529176660027588,None,1263.7562860000035,1263.767566458002,1263.767566458002,1263.9534490420046,1263.9613530829956,1263.9613530829956,1264.7584864999953,1264.7423821249977,,,k,"001",2025-11-10_21h16.03.799,2nd exp,,2025.2.0,None,2025-11-10 21h16.03.874817 +0530,
The boy can read fast,The read can boy fast,transposition_unrelated,left,362,10,22,left,1,0.6586982909939252,None,22,10,362,3,1264.7584864999953,,,,,,,,,1264.7537846250052,1264.7584864999953,1265.003235791999,1265.003235791999,1265.2033422919922,1265.1894782080053,1265.3922467499942,1265.4035575419985,1265.4908938330045,1265.5034400419972,1265.5034400419972,1266.1722514580033,left,1,0.6586982909939252,None,1266.1725174169987,1266.1852620419959,1266.1852620419959,1266.369233999998,1266.3755137919943,1266.3755137919943,1267.1700142079935,1267.154100957996,,,k,"001",2025-11-10_21h16.03.799,2nd exp,,2025.2.0,None,2025-11-10 21h16.03.874817 +0530,
They have finished the work,They have finished the work,repetition_related,right,363,11,22,right,1,0.8368041240028106,None,22,11,363,8,1267.1700142079935,,,,,,,,,1267.1648386250017,1267.175416625003,1267.4199376670003,1267.4199376670003,1267.6205848329992,1267.6076329579955,1267.807646041998,1267.8200536249933,1267.9077681670024,1267.9203269999998,1267.9203269999998,1268.7609898749943,right,1,0.8368041240028106,None,1268.7613409579935,1268.7733498750022,1268.7733498750022,1268.9615980420058,1268.9686630829965,1268.9686630829965,1269.774495791993,1269.7552562079945,,,k,"001",2025-11-10_21h16.03.799,2nd exp,,2025.2.0,None,2025-11-10 21h16.03.874817 +0530,
The dog is barking loudly,The dog is barking loudly,repetition_related,right,364,12,22,right,1,0.9076795410073828,None,22,12,364,12,1269.774495791993,,,,,,,,,1269.766140916996,1269.774495791993,1270.011511167002,1270.0229807919968,1270.2074892920064,1270.2074892920064,1270.4035907499929,1270.4100232920027,1270.503703082999,1270.5104798329994,1270.5104798329994,1271.4218862080015,right,1,0.9076795410073828,None,1271.4222633750032,1271.4332339579996,1271.4332339579996,1271.6187110000028,1271.6274596250005,1271.6274596250005,1272.4192956670013,1272.4031401669927,,,k,"001",2025-11-10_21h16.03.799,2nd exp,,2025.2.0,None,2025-11-10 21h16.03.874817 +0530,
She does not like apples,She does not like apples,repetition_related,right,365,13,22,right,1,0.7588304989913013,None,22,13,365,4,1272.4192956670013,,,,,,,,,1272.4144645829947,1272.4237532919942,1272.6701254170039,1272.6701254170039,1272.8701172919973,1272.858475999994,1273.0584294169967,1273.0703709170048,1273.1578400419967,1273.1701694170042,1273.1701694170042,1273.9383134579984,right,1,0.7588304989913013,None,1273.9385837500013,1273.9486351249943,1273.9486351249943,1274.1370043329953,1274.144915458004,1274.144915458004,1274.936015667001,1274.9206048329943,,,k,"001",2025-11-10_21h16.03.799,2nd exp,,2025.2.0,None,2025-11-10 21h16.03.874817 +0530,
The dog is barking loudly,The loudly is barking dog,repetition_unrelated,left,366,14,22,left,1,0.944035749998875,None,22,14,366,13,1274.936015667001,,,,,,,,,1274.9311368329945,1274.9405574999982,1275.1855280419986,1275.1855280419986,1275.3868649999931,1275.3725126670033,1275.5743891250022,1275.5870324169955,1275.6742337079922,1275.6869542079949,1275.6869542079949,1276.6391099579923,left,1,0.944035749998875,None,1276.6396797920024,1276.6506357920007,1276.6506357920007,1276.835734082997,1276.8439203330054,1276.8439203330054,1277.636241250002,1277.6207247919956,,,k,"001",2025-11-10_21h16.03.799,2nd exp,,2025.2.0,None,2025-11-10 21h16.03.874817 +0530,
She does not like apples,She like does apples not,transposition_unrelated,left,367,15,22,left,1,1.5110399580007652,None,22,15,367,7,1277.636241250002,,,,,,,,,1277.631191499997,1277.640965707993,1277.8868731669936,1277.8868731669936,1278.0868192500056,1278.0868192500056,1278.2742507499934,1278.2870620829926,1278.3738649580046,1278.3868931670004,1278.3868931670004,1279.9058665420016,left,1,1.5110399580007652,None,1279.9062534169934,1279.9173612500017,1279.9173612500017,1280.1030195829953,1280.1108043749991,1280.1108043749991,1280.8923222080048,1280.886923375001,,,k,"001",2025-11-10_21h16.03.799,2nd exp,,2025.2.0,None,2025-11-10 21h16.03.874817 +0530,
,,,,,,,,,,,,,,,,,,,,,,,,,,,,,,,,,,,,,,,,,,,,,,,,1280.8873112919973,1280.9034726249956,,,,,,,,,
