21.3285 	WARNING 	Font Manager failed to load file /System/Library/PrivateFrameworks/FontServices.framework/Resources/Reserved/PingFangUI.ttc
21.3786 	WARNING 	Font Manager failed to load file /System/Library/PrivateFrameworks/FontServices.framework/Resources/Reserved/PingFangUI.ttc
24.7273 	INFO 	Loaded monitor calibration from ['2025_08_12 07:11']
24.7361 	WARNING 	User requested fullscreen with size [1024  768], but screen is actually [1470, 956]. Using actual size
24.9746 	INFO 	Using renderer 'Apple M2' for graphics
24.9747 	INFO 	OpenGL version supported by driver is 2..
25.0228 	EXP 	Created window1 = Window(allowGUI=False, allowStencil=False, autoLog=True, backendConf=UNKNOWN, backgroundFit=<method-wrapper '__getattribute__' of attributeSetter object at 0x154d46890>, backgroundImage=<method-wrapper '__getattribute__' of attributeSetter object at 0x154d468f0>, bitsMode=UNKNOWN, blendMode='avg', bpc=(8, 8, 8), color=array([0, 0, 0]), colorSpace='rgb', depthBits=8, fullscr=True, gamma=None, gammaErrorPolicy='raise', infoMsg=UNKNOWN, lms=UNKNOWN, monitor=<psychopy.monitors.calibTools.Monitor object at 0x154d23df0>, multiSample=False, name='window1', numSamples=2, pos=[np.float64(0.0), np.float64(0.0)], screen=0, size=array([2940, 1912]), stencilBits=0, stereo=False, title='PsychoPy', units='height', useFBO=True, useRetina=True, viewOri=0.0, viewPos=None, viewScale=None, waitBlanking=True, winType='pyglet')
25.0228 	EXP 	window1: backgroundImage = ''
25.0228 	EXP 	window1: backgroundFit = 'none'
25.3531 	EXP 	window1: Attempting to measure frame rate of screen (0) ...
25.3532 	EXP 	window1: recordFrameIntervals = False
25.5790 	EXP 	window1: recordFrameIntervals = True
26.4121 	WARNING 	Couldn't measure a consistent frame rate!
  - Is your graphics card set to sync to vertical blank?
  - Are you running other processes on your computer?

27.5705 	INFO 	keyboard.Keyboard is using ptb backend.
27.5705 	EXP 	2nd exp: status = STARTED
27.6290 	EXP 	Created text_2 = TextStim(__class__=<class 'psychopy.visual.text.TextStim'>, alignHoriz=method-wrapper(...), alignText='center', alignVert=method-wrapper(...), anchorHoriz='center', anchorVert='center', antialias=True, autoDraw=False, autoLog=True, bold=False, color=array([1., 1., 1.]), colorSpace='rgb', contrast=1.0, depth=0.0, draggable=False, flipHoriz=False, flipVert=False, font='Arial', fontFiles=[], height=np.float64(0.05), italic=False, languageStyle='LTR', name='text_2', opacity=1, ori=0.0, pos=array([0., 0.]), rgb=UNKNOWN, text=str(...), units='height', win=Window(...), wrapWidth=1)
27.6308 	EXP 	Created fix_text = TextStim(__class__=<class 'psychopy.visual.text.TextStim'>, alignHoriz=method-wrapper(...), alignText='center', alignVert=method-wrapper(...), anchorHoriz='center', anchorVert='center', antialias=True, autoDraw=False, autoLog=True, bold=False, color=array([1., 1., 1.]), colorSpace='rgb', contrast=1.0, depth=-1.0, draggable=False, flipHoriz=False, flipVert=False, font='Arial', fontFiles=[], height=np.float64(0.07), italic=False, languageStyle='LTR', name='fix_text', opacity=1, ori=0.0, pos=array([0., 0.]), rgb=UNKNOWN, text='+', units='height', win=Window(...), wrapWidth=1)
27.6315 	EXP 	Created blank1_bg = Rect(__class__=<class 'psychopy.visual.rect.Rect'>, anchor=('center', 'center'), autoDraw=False, autoLog=True, closeShape=True, color=method-wrapper(...), colorSpace='rgb', contrast=None, depth=-2.0, draggable=False, fillColor=array([1, 1, 1]), fillColorSpace='rgb', fillRGB=array([1, 1, 1]), interpolate=True, lineColor=array([1., 1., 1.]), lineColorSpace='rgb', lineRGB=array([1, 1, 1]), lineWidth=1.0, name='blank1_bg', opacity=1, ori=0.0, pos=array([0., 0.]), size=array([2., 2.]), units='height', vertices=ndarray(...), win=Window(...))
27.6319 	EXP 	Created prime_text = TextStim(__class__=<class 'psychopy.visual.text.TextStim'>, alignHoriz=method-wrapper(...), alignText='center', alignVert=method-wrapper(...), anchorHoriz='center', anchorVert='center', antialias=True, autoDraw=False, autoLog=True, bold=False, color=array([1., 1., 1.]), colorSpace='rgb', contrast=1.0, depth=-3.0, draggable=False, flipHoriz=False, flipVert=False, font='Arial', fontFiles=[], height=0.05, italic=False, languageStyle='LTR', name='prime_text', opacity=1, ori=0.0, pos=array([0., 0.]), rgb=UNKNOWN, text='', units='height', win=Window(...), wrapWidth=1)
27.6325 	EXP 	Created blank2_bg = Rect(__class__=<class 'psychopy.visual.rect.Rect'>, anchor=('center', 'center'), autoDraw=False, autoLog=True, closeShape=True, color=method-wrapper(...), colorSpace='rgb', contrast=None, depth=-4.0, draggable=False, fillColor=array([1, 1, 1]), fillColorSpace='rgb', fillRGB=array([1, 1, 1]), interpolate=True, lineColor=array([1., 1., 1.]), lineColorSpace='rgb', lineRGB=array([1, 1, 1]), lineWidth=1.0, name='blank2_bg', opacity=1, ori=0.0, pos=array([0., 0.]), size=array([0.5, 0.5]), units='height', vertices=ndarray(...), win=Window(...))
27.6329 	EXP 	Created target_text = TextStim(__class__=<class 'psychopy.visual.text.TextStim'>, alignHoriz=method-wrapper(...), alignText='center', alignVert=method-wrapper(...), anchorHoriz='center', anchorVert='center', antialias=True, autoDraw=False, autoLog=True, bold=False, color=array([1., 1., 1.]), colorSpace='rgb', contrast=1.0, depth=-5.0, draggable=False, flipHoriz=False, flipVert=False, font='Arial', fontFiles=[], height=0.05, italic=False, languageStyle='LTR', name='target_text', opacity=1, ori=0.0, pos=array([0., 0.]), rgb=UNKNOWN, text='', units='height', win=Window(...), wrapWidth=1)
27.6335 	EXP 	Created blank3_bg = Rect(__class__=<class 'psychopy.visual.rect.Rect'>, anchor=('center', 'center'), autoDraw=False, autoLog=True, closeShape=True, color=method-wrapper(...), colorSpace='rgb', contrast=None, depth=-1.0, draggable=False, fillColor=array([1, 1, 1]), fillColorSpace='rgb', fillRGB=array([1, 1, 1]), interpolate=True, lineColor=array([1., 1., 1.]), lineColorSpace='rgb', lineRGB=array([1, 1, 1]), lineWidth=1.0, name='blank3_bg', opacity=1, ori=0.0, pos=array([0., 0.]), size=array([2., 2.]), units='height', vertices=ndarray(...), win=Window(...))
27.6378 	EXP 	Created greenCircle = ShapeStim(__class__=<class 'psychopy.visual.shape.ShapeStim'>, anchor=('center', 'center'), autoDraw=False, autoLog=True, closeShape=True, color=method-wrapper(...), colorSpace='rgb', contrast=None, depth=-2.0, draggable=False, fillColor=array([-1.        ,  0.00392157, -1.        ]), fillColorSpace='rgb', fillRGB=array([-1.        ,  0.00392157, -1.        ]), interpolate=True, lineColor=array([1., 1., 1.]), lineColorSpace='rgb', lineRGB=array([1, 1, 1]), lineWidth=1.0, name='greenCircle', opacity=1, ori=0.0, pos=array([0., 0.]), size=array([0.2, 0.2]), units='height', vertices=ndarray(...), win=Window(...), windingRule=None)
27.6390 	EXP 	Created redCrosss = ShapeStim(__class__=<class 'psychopy.visual.shape.ShapeStim'>, anchor=('center', 'center'), autoDraw=False, autoLog=True, closeShape=True, color=method-wrapper(...), colorSpace='rgb', contrast=None, depth=-3.0, draggable=False, fillColor=array([ 1, -1, -1]), fillColorSpace='rgb', fillRGB=array([ 1, -1, -1]), interpolate=True, lineColor=array([1., 1., 1.]), lineColorSpace='rgb', lineRGB=array([1, 1, 1]), lineWidth=1.0, name='redCrosss', opacity=1, ori=0.0, pos=array([0., 0.]), size=array([0.2, 0.2]), units='height', vertices=ndarray(...), win=Window(...), windingRule=None)
27.6407 	EXP 	Created text_3 = TextStim(__class__=<class 'psychopy.visual.text.TextStim'>, alignHoriz=method-wrapper(...), alignText='center', alignVert=method-wrapper(...), anchorHoriz='center', anchorVert='center', antialias=True, autoDraw=False, autoLog=True, bold=False, color=array([1., 1., 1.]), colorSpace='rgb', contrast=1.0, depth=0.0, draggable=False, flipHoriz=False, flipVert=False, font='Arial', fontFiles=[], height=np.float64(0.05), italic=False, languageStyle='LTR', name='text_3', opacity=1, ori=0.0, pos=array([0., 0.]), rgb=UNKNOWN, text='thank you for partcipating. its an honour', units='height', win=Window(...), wrapWidth=1)
0.0140 	INFO 	Keyboard events cleared
0.0139 	EXP 	text_2: autoDraw = True
19.2160 	EXP 	Device response: <KeyPress from None: t=19.035110123993945, value=space, duration=None>
19.2161 	EXP 	Device response: <KeyPress from None: t=19.035110123993945, value=space, duration=0.16182783400290646>
19.2330 	EXP 	Imported Conditions file/stimuli_correctAns.csv as conditions, 16 conditions, 4 params
19.2357 	EXP 	New trial (rep=0, index=0): <Trial 0 (0 in rep 0) data={'prime': 'The boy can read fast', 'target': 'The read can boy fast', 'condition': 'transposition_unrelated', 'correctAns': 'left', 'thisN': 0, 'thisTrialN': 0, 'thisRepN': 0}>
19.2513 	DATA 	Keypress: space
19.2553 	WARNING 	t of last frame was 215.84ms (=1/4)
19.2553 	EXP 	text_2: autoDraw = False
19.2553 	EXP 	prime_text: height = np.float64(0.05)
19.2553 	EXP 	prime_text: height = np.float64(0.05)
19.2553 	EXP 	prime_text: height = np.float64(0.05)
19.2553 	EXP 	prime_text: text = 'The boy can read fast'
19.2553 	EXP 	target_text: height = np.float64(0.05)
19.2553 	EXP 	target_text: height = np.float64(0.05)
19.2553 	EXP 	target_text: height = np.float64(0.05)
19.2553 	EXP 	target_text: text = 'The read can boy fast'
19.2553 	EXP 	fix_text: autoDraw = True
19.4753 	WARNING 	t of last frame was 20.38ms (=1/49)
19.4753 	EXP 	blank1_bg: autoDraw = True
19.4942 	EXP 	fix_text: autoDraw = False
19.6662 	EXP 	prime_text: autoDraw = True
19.6710 	EXP 	blank1_bg: autoDraw = False
19.8646 	EXP 	prime_text: autoDraw = False
19.8646 	EXP 	blank2_bg: autoDraw = True
19.9639 	INFO 	Keyboard events cleared
19.9637 	EXP 	blank2_bg: autoDraw = False
19.9637 	EXP 	target_text: autoDraw = True
28.0966 	EXP 	Device response: <KeyPress from None: t=28.090702040994074, value=left, duration=None>
28.1731 	DATA 	Keypress: left
28.1770 	WARNING 	t of last frame was 81.55ms (=1/12)
28.1770 	EXP 	fix_text: autoDraw = False
28.1770 	EXP 	blank1_bg: autoDraw = False
28.1770 	EXP 	prime_text: autoDraw = False
28.1770 	EXP 	blank2_bg: autoDraw = False
28.1770 	EXP 	target_text: autoDraw = False
28.1770 	EXP 	greenCircle: autoDraw = True
28.1770 	EXP 	redCrosss: autoDraw = True
28.2897 	EXP 	Device response: <KeyPress from None: t=28.090702040994074, value=left, duration=0.18603508301021066>
28.2973 	EXP 	blank3_bg: autoDraw = True
28.3723 	EXP 	greenCircle: autoDraw = False
28.3723 	EXP 	redCrosss: autoDraw = False
29.0893 	EXP 	New trial (rep=0, index=1): <Trial 1 (1 in rep 0) data={'prime': 'They have finished the work', 'target': 'They finished have the work', 'condition': 'transposition_related', 'correctAns': 'right', 'thisN': 1, 'thisTrialN': 1, 'thisRepN': 0}>
29.1066 	EXP 	blank3_bg: autoDraw = False
29.1066 	EXP 	blank3_bg: autoDraw = False
29.1066 	EXP 	greenCircle: autoDraw = False
29.1066 	EXP 	redCrosss: autoDraw = False
29.1066 	EXP 	prime_text: height = np.float64(0.05)
29.1066 	EXP 	prime_text: height = np.float64(0.05)
29.1066 	EXP 	prime_text: height = np.float64(0.05)
29.1066 	EXP 	prime_text: text = 'They have finished the work'
29.1066 	EXP 	target_text: height = np.float64(0.05)
29.1066 	EXP 	target_text: height = np.float64(0.05)
29.1066 	EXP 	target_text: height = np.float64(0.05)
29.1066 	EXP 	target_text: text = 'They finished have the work'
29.1066 	EXP 	fix_text: autoDraw = True
29.3474 	EXP 	fix_text: autoDraw = False
29.3474 	EXP 	blank1_bg: autoDraw = True
29.5377 	EXP 	blank1_bg: autoDraw = False
29.5377 	EXP 	prime_text: autoDraw = True
29.7269 	EXP 	prime_text: autoDraw = False
29.7457 	EXP 	blank2_bg: autoDraw = True
29.8393 	EXP 	blank2_bg: autoDraw = False
29.8458 	INFO 	Keyboard events cleared
29.8457 	EXP 	target_text: autoDraw = True
34.8241 	EXP 	Device response: <KeyPress from None: t=34.8147834160045, value=left, duration=None>
34.8424 	DATA 	Keypress: left
34.8462 	WARNING 	t of last frame was 23.18ms (=1/43)
34.8462 	EXP 	fix_text: autoDraw = False
34.8462 	EXP 	blank1_bg: autoDraw = False
34.8462 	EXP 	prime_text: autoDraw = False
34.8462 	EXP 	blank2_bg: autoDraw = False
34.8462 	EXP 	target_text: autoDraw = False
34.8462 	EXP 	greenCircle: autoDraw = True
34.8462 	EXP 	redCrosss: autoDraw = True
35.0224 	EXP 	blank3_bg: autoDraw = True
35.0237 	EXP 	Device response: <KeyPress from None: t=34.8147834160045, value=left, duration=0.2024642079923069>
35.0386 	EXP 	greenCircle: autoDraw = False
35.0386 	EXP 	redCrosss: autoDraw = False
35.8116 	EXP 	New trial (rep=0, index=2): <Trial 2 (2 in rep 0) data={'prime': 'The dog is barking loudly', 'target': 'The barking dog loudly is', 'condition': 'transposition_unrelated', 'correctAns': 'left', 'thisN': 2, 'thisTrialN': 2, 'thisRepN': 0}>
35.8256 	EXP 	blank3_bg: autoDraw = False
35.8256 	EXP 	blank3_bg: autoDraw = False
35.8256 	EXP 	greenCircle: autoDraw = False
35.8256 	EXP 	redCrosss: autoDraw = False
35.8256 	EXP 	prime_text: height = np.float64(0.05)
35.8256 	EXP 	prime_text: height = np.float64(0.05)
35.8256 	EXP 	prime_text: height = np.float64(0.05)
35.8256 	EXP 	prime_text: text = 'The dog is barking loudly'
35.8256 	EXP 	target_text: height = np.float64(0.05)
35.8256 	EXP 	target_text: height = np.float64(0.05)
35.8256 	EXP 	target_text: height = np.float64(0.05)
35.8256 	EXP 	target_text: text = 'The barking dog loudly is'
35.8256 	EXP 	fix_text: autoDraw = True
36.0725 	EXP 	fix_text: autoDraw = False
36.0725 	EXP 	blank1_bg: autoDraw = True
36.2599 	EXP 	blank1_bg: autoDraw = False
36.2727 	EXP 	prime_text: autoDraw = True
36.4595 	EXP 	prime_text: autoDraw = False
36.4725 	EXP 	blank2_bg: autoDraw = True
36.5598 	EXP 	blank2_bg: autoDraw = False
36.5728 	INFO 	Keyboard events cleared
36.5725 	EXP 	target_text: autoDraw = True
38.5797 	EXP 	Device response: <KeyPress from None: t=38.57833174899861, value=left, duration=None>
38.5864 	DATA 	Keypress: left
38.5915 	EXP 	fix_text: autoDraw = False
38.5915 	EXP 	blank1_bg: autoDraw = False
38.5915 	EXP 	prime_text: autoDraw = False
38.5915 	EXP 	blank2_bg: autoDraw = False
38.5915 	EXP 	target_text: autoDraw = False
38.5915 	EXP 	greenCircle: autoDraw = True
38.5915 	EXP 	redCrosss: autoDraw = True
38.7849 	EXP 	blank3_bg: autoDraw = True
38.7914 	EXP 	greenCircle: autoDraw = False
38.7914 	EXP 	redCrosss: autoDraw = False
38.7926 	EXP 	Device response: <KeyPress from None: t=38.57833174899861, value=left, duration=0.21231775000342168>
39.5732 	EXP 	New trial (rep=0, index=3): <Trial 3 (3 in rep 0) data={'prime': 'She does not like apples', 'target': 'She not does like apples', 'condition': 'repetition_unrelated', 'correctAns': 'left', 'thisN': 3, 'thisTrialN': 3, 'thisRepN': 0}>
39.5890 	EXP 	blank3_bg: autoDraw = False
39.5890 	EXP 	blank3_bg: autoDraw = False
39.5890 	EXP 	greenCircle: autoDraw = False
39.5890 	EXP 	redCrosss: autoDraw = False
39.5890 	EXP 	prime_text: height = np.float64(0.05)
39.5890 	EXP 	prime_text: height = np.float64(0.05)
39.5890 	EXP 	prime_text: height = np.float64(0.05)
39.5890 	EXP 	prime_text: text = 'She does not like apples'
39.5890 	EXP 	target_text: height = np.float64(0.05)
39.5890 	EXP 	target_text: height = np.float64(0.05)
39.5890 	EXP 	target_text: height = np.float64(0.05)
39.5890 	EXP 	target_text: text = 'She not does like apples'
39.5890 	EXP 	fix_text: autoDraw = True
39.8310 	EXP 	fix_text: autoDraw = False
39.8310 	EXP 	blank1_bg: autoDraw = True
40.0211 	EXP 	prime_text: autoDraw = True
40.0256 	EXP 	blank1_bg: autoDraw = False
40.2111 	EXP 	prime_text: autoDraw = False
40.2292 	EXP 	blank2_bg: autoDraw = True
40.3227 	EXP 	blank2_bg: autoDraw = False
40.3293 	INFO 	Keyboard events cleared
40.3292 	EXP 	target_text: autoDraw = True
46.5403 	EXP 	Device response: <KeyPress from None: t=46.53477066599589, value=right, duration=None>
46.5466 	DATA 	Keypress: right
46.5508 	EXP 	fix_text: autoDraw = False
46.5508 	EXP 	blank1_bg: autoDraw = False
46.5508 	EXP 	prime_text: autoDraw = False
46.5508 	EXP 	blank2_bg: autoDraw = False
46.5508 	EXP 	target_text: autoDraw = False
46.5508 	EXP 	greenCircle: autoDraw = True
46.5508 	EXP 	redCrosss: autoDraw = True
46.5726 	WARNING 	Multiple dropped frames have occurred - I'll stop bothering you about them!
46.7394 	EXP 	blank3_bg: autoDraw = True
46.7407 	EXP 	Device response: <KeyPress from None: t=46.53477066599589, value=right, duration=0.20208258299680892>
46.7497 	EXP 	greenCircle: autoDraw = False
46.7497 	EXP 	redCrosss: autoDraw = False
47.5234 	EXP 	New trial (rep=0, index=4): <Trial 4 (4 in rep 0) data={'prime': 'The dog is barking loudly', 'target': 'The dog barking is loudly', 'condition': 'transposition_related', 'correctAns': 'right', 'thisN': 4, 'thisTrialN': 4, 'thisRepN': 0}>
47.5382 	EXP 	blank3_bg: autoDraw = False
47.5382 	EXP 	blank3_bg: autoDraw = False
47.5382 	EXP 	greenCircle: autoDraw = False
47.5382 	EXP 	redCrosss: autoDraw = False
47.5382 	EXP 	prime_text: height = np.float64(0.05)
47.5382 	EXP 	prime_text: height = np.float64(0.05)
47.5382 	EXP 	prime_text: height = np.float64(0.05)
47.5382 	EXP 	prime_text: text = 'The dog is barking loudly'
47.5382 	EXP 	target_text: height = np.float64(0.05)
47.5382 	EXP 	target_text: height = np.float64(0.05)
47.5382 	EXP 	target_text: height = np.float64(0.05)
47.5382 	EXP 	target_text: text = 'The dog barking is loudly'
47.5427 	EXP 	fix_text: autoDraw = True
47.7883 	EXP 	fix_text: autoDraw = False
47.7883 	EXP 	blank1_bg: autoDraw = True
47.9758 	EXP 	blank1_bg: autoDraw = False
47.9893 	EXP 	prime_text: autoDraw = True
48.1763 	EXP 	prime_text: autoDraw = False
48.1894 	EXP 	blank2_bg: autoDraw = True
48.2777 	EXP 	blank2_bg: autoDraw = False
48.2894 	INFO 	Keyboard events cleared
48.2892 	EXP 	target_text: autoDraw = True
50.5738 	EXP 	Device response: <KeyPress from None: t=50.571327041005134, value=left, duration=None>
50.5810 	DATA 	Keypress: left
50.5851 	EXP 	fix_text: autoDraw = False
50.5851 	EXP 	blank1_bg: autoDraw = False
50.5851 	EXP 	prime_text: autoDraw = False
50.5851 	EXP 	blank2_bg: autoDraw = False
50.5851 	EXP 	target_text: autoDraw = False
50.5851 	EXP 	greenCircle: autoDraw = True
50.5851 	EXP 	redCrosss: autoDraw = True
50.7721 	EXP 	blank3_bg: autoDraw = True
50.7790 	EXP 	greenCircle: autoDraw = False
50.7790 	EXP 	redCrosss: autoDraw = False
50.7903 	EXP 	Device response: <KeyPress from None: t=50.571327041005134, value=left, duration=0.21635666699148715>
51.5562 	EXP 	New trial (rep=0, index=5): <Trial 5 (5 in rep 0) data={'prime': 'She does not like apples', 'target': 'She not does like apples', 'condition': 'transposition_related', 'correctAns': 'right', 'thisN': 5, 'thisTrialN': 5, 'thisRepN': 0}>
51.5717 	EXP 	blank3_bg: autoDraw = False
51.5717 	EXP 	blank3_bg: autoDraw = False
51.5717 	EXP 	greenCircle: autoDraw = False
51.5717 	EXP 	redCrosss: autoDraw = False
51.5717 	EXP 	prime_text: height = np.float64(0.05)
51.5717 	EXP 	prime_text: height = np.float64(0.05)
51.5717 	EXP 	prime_text: height = np.float64(0.05)
51.5717 	EXP 	prime_text: text = 'She does not like apples'
51.5717 	EXP 	target_text: height = np.float64(0.05)
51.5717 	EXP 	target_text: height = np.float64(0.05)
51.5717 	EXP 	target_text: height = np.float64(0.05)
51.5717 	EXP 	target_text: text = 'She not does like apples'
51.5765 	EXP 	fix_text: autoDraw = True
51.8229 	EXP 	fix_text: autoDraw = False
51.8229 	EXP 	blank1_bg: autoDraw = True
52.0117 	EXP 	blank1_bg: autoDraw = False
52.0227 	EXP 	prime_text: autoDraw = True
52.2107 	EXP 	prime_text: autoDraw = False
52.2226 	EXP 	blank2_bg: autoDraw = True
52.3102 	EXP 	blank2_bg: autoDraw = False
52.3230 	INFO 	Keyboard events cleared
52.3228 	EXP 	target_text: autoDraw = True
55.6300 	EXP 	Device response: <KeyPress from None: t=55.625208458004636, value=left, duration=None>
55.6381 	DATA 	Keypress: left
55.6418 	EXP 	fix_text: autoDraw = False
55.6418 	EXP 	blank1_bg: autoDraw = False
55.6418 	EXP 	prime_text: autoDraw = False
55.6418 	EXP 	blank2_bg: autoDraw = False
55.6418 	EXP 	target_text: autoDraw = False
55.6418 	EXP 	greenCircle: autoDraw = True
55.6418 	EXP 	redCrosss: autoDraw = True
55.8311 	EXP 	blank3_bg: autoDraw = True
55.8377 	EXP 	greenCircle: autoDraw = False
55.8377 	EXP 	redCrosss: autoDraw = False
55.8571 	EXP 	Device response: <KeyPress from None: t=55.625208458004636, value=left, duration=0.22990974999265745>
56.6149 	EXP 	New trial (rep=0, index=6): <Trial 6 (6 in rep 0) data={'prime': 'They have finished the work', 'target': 'They work the have finished', 'condition': 'transposition_unrelated', 'correctAns': 'left', 'thisN': 6, 'thisTrialN': 6, 'thisRepN': 0}>
56.6313 	EXP 	blank3_bg: autoDraw = False
56.6313 	EXP 	blank3_bg: autoDraw = False
56.6313 	EXP 	greenCircle: autoDraw = False
56.6313 	EXP 	redCrosss: autoDraw = False
56.6313 	EXP 	prime_text: height = np.float64(0.05)
56.6313 	EXP 	prime_text: height = np.float64(0.05)
56.6313 	EXP 	prime_text: height = np.float64(0.05)
56.6313 	EXP 	prime_text: text = 'They have finished the work'
56.6313 	EXP 	target_text: height = np.float64(0.05)
56.6313 	EXP 	target_text: height = np.float64(0.05)
56.6313 	EXP 	target_text: height = np.float64(0.05)
56.6313 	EXP 	target_text: text = 'They work the have finished'
56.6313 	EXP 	fix_text: autoDraw = True
56.8807 	EXP 	fix_text: autoDraw = False
56.8807 	EXP 	blank1_bg: autoDraw = True
57.0786 	EXP 	blank1_bg: autoDraw = False
57.0786 	EXP 	prime_text: autoDraw = True
57.2729 	EXP 	prime_text: autoDraw = False
57.2796 	EXP 	blank2_bg: autoDraw = True
57.3792 	INFO 	Keyboard events cleared
57.3790 	EXP 	blank2_bg: autoDraw = False
57.3790 	EXP 	target_text: autoDraw = True
59.1910 	EXP 	Device response: <KeyPress from None: t=59.18384633300593, value=left, duration=None>
59.1991 	DATA 	Keypress: left
59.2034 	EXP 	fix_text: autoDraw = False
59.2034 	EXP 	blank1_bg: autoDraw = False
59.2034 	EXP 	prime_text: autoDraw = False
59.2034 	EXP 	blank2_bg: autoDraw = False
59.2034 	EXP 	target_text: autoDraw = False
59.2034 	EXP 	greenCircle: autoDraw = True
59.2034 	EXP 	redCrosss: autoDraw = True
59.3886 	EXP 	blank3_bg: autoDraw = True
59.3964 	EXP 	greenCircle: autoDraw = False
59.3964 	EXP 	redCrosss: autoDraw = False
59.4224 	EXP 	Device response: <KeyPress from None: t=59.18384633300593, value=left, duration=0.23676329098816495>
60.1722 	EXP 	New trial (rep=0, index=7): <Trial 7 (7 in rep 0) data={'prime': 'She does not like apples', 'target': 'She like does apples not', 'condition': 'transposition_unrelated', 'correctAns': 'left', 'thisN': 7, 'thisTrialN': 7, 'thisRepN': 0}>
60.1878 	EXP 	blank3_bg: autoDraw = False
60.1878 	EXP 	blank3_bg: autoDraw = False
60.1878 	EXP 	greenCircle: autoDraw = False
60.1878 	EXP 	redCrosss: autoDraw = False
60.1878 	EXP 	prime_text: height = np.float64(0.05)
60.1878 	EXP 	prime_text: height = np.float64(0.05)
60.1878 	EXP 	prime_text: height = np.float64(0.05)
60.1878 	EXP 	prime_text: text = 'She does not like apples'
60.1878 	EXP 	target_text: height = np.float64(0.05)
60.1878 	EXP 	target_text: height = np.float64(0.05)
60.1878 	EXP 	target_text: height = np.float64(0.05)
60.1878 	EXP 	target_text: text = 'She like does apples not'
60.1918 	EXP 	fix_text: autoDraw = True
60.4391 	EXP 	fix_text: autoDraw = False
60.4391 	EXP 	blank1_bg: autoDraw = True
60.6390 	EXP 	blank1_bg: autoDraw = False
60.6390 	EXP 	prime_text: autoDraw = True
60.8273 	EXP 	prime_text: autoDraw = False
60.8393 	EXP 	blank2_bg: autoDraw = True
60.9274 	EXP 	blank2_bg: autoDraw = False
60.9394 	INFO 	Keyboard events cleared
60.9392 	EXP 	target_text: autoDraw = True
62.2735 	EXP 	Device response: <KeyPress from None: t=62.26669974900142, value=left, duration=None>
62.2812 	DATA 	Keypress: left
62.2854 	EXP 	fix_text: autoDraw = False
62.2854 	EXP 	blank1_bg: autoDraw = False
62.2854 	EXP 	prime_text: autoDraw = False
62.2854 	EXP 	blank2_bg: autoDraw = False
62.2854 	EXP 	target_text: autoDraw = False
62.2854 	EXP 	greenCircle: autoDraw = True
62.2854 	EXP 	redCrosss: autoDraw = True
62.4722 	EXP 	blank3_bg: autoDraw = True
62.4799 	EXP 	greenCircle: autoDraw = False
62.4799 	EXP 	redCrosss: autoDraw = False
62.4811 	EXP 	Device response: <KeyPress from None: t=62.26669974900142, value=left, duration=0.21234108399949037>
63.2567 	EXP 	New trial (rep=0, index=8): <Trial 8 (8 in rep 0) data={'prime': 'They have finished the work', 'target': 'They finished have the work', 'condition': 'repetition_unrelated', 'correctAns': 'left', 'thisN': 8, 'thisTrialN': 8, 'thisRepN': 0}>
63.2723 	EXP 	blank3_bg: autoDraw = False
63.2723 	EXP 	blank3_bg: autoDraw = False
63.2723 	EXP 	greenCircle: autoDraw = False
63.2723 	EXP 	redCrosss: autoDraw = False
63.2723 	EXP 	prime_text: height = np.float64(0.05)
63.2723 	EXP 	prime_text: height = np.float64(0.05)
63.2723 	EXP 	prime_text: height = np.float64(0.05)
63.2723 	EXP 	prime_text: text = 'They have finished the work'
63.2723 	EXP 	target_text: height = np.float64(0.05)
63.2723 	EXP 	target_text: height = np.float64(0.05)
63.2723 	EXP 	target_text: height = np.float64(0.05)
63.2723 	EXP 	target_text: text = 'They finished have the work'
63.2761 	EXP 	fix_text: autoDraw = True
63.5224 	EXP 	fix_text: autoDraw = False
63.5224 	EXP 	blank1_bg: autoDraw = True
63.7225 	EXP 	blank1_bg: autoDraw = False
63.7225 	EXP 	prime_text: autoDraw = True
63.9110 	EXP 	prime_text: autoDraw = False
63.9225 	EXP 	blank2_bg: autoDraw = True
64.0108 	EXP 	blank2_bg: autoDraw = False
64.0231 	INFO 	Keyboard events cleared
64.0228 	EXP 	target_text: autoDraw = True
65.3130 	EXP 	Device response: <KeyPress from None: t=65.30962833299418, value=left, duration=None>
65.3201 	DATA 	Keypress: left
65.3247 	EXP 	fix_text: autoDraw = False
65.3247 	EXP 	blank1_bg: autoDraw = False
65.3247 	EXP 	prime_text: autoDraw = False
65.3247 	EXP 	blank2_bg: autoDraw = False
65.3247 	EXP 	target_text: autoDraw = False
65.3247 	EXP 	greenCircle: autoDraw = True
65.3247 	EXP 	redCrosss: autoDraw = True
65.5150 	EXP 	blank3_bg: autoDraw = True
65.5212 	EXP 	greenCircle: autoDraw = False
65.5212 	EXP 	redCrosss: autoDraw = False
65.5406 	EXP 	Device response: <KeyPress from None: t=65.30962833299418, value=left, duration=0.22435445799783338>
66.3067 	EXP 	New trial (rep=0, index=9): <Trial 9 (9 in rep 0) data={'prime': 'The boy can read fast', 'target': 'The boy can read fast', 'condition': 'transposition_related', 'correctAns': 'right', 'thisN': 9, 'thisTrialN': 9, 'thisRepN': 0}>
66.3226 	EXP 	blank3_bg: autoDraw = False
66.3226 	EXP 	blank3_bg: autoDraw = False
66.3226 	EXP 	greenCircle: autoDraw = False
66.3226 	EXP 	redCrosss: autoDraw = False
66.3226 	EXP 	prime_text: height = np.float64(0.05)
66.3226 	EXP 	prime_text: height = np.float64(0.05)
66.3226 	EXP 	prime_text: height = np.float64(0.05)
66.3226 	EXP 	prime_text: text = 'The boy can read fast'
66.3226 	EXP 	target_text: height = np.float64(0.05)
66.3226 	EXP 	target_text: height = np.float64(0.05)
66.3226 	EXP 	target_text: height = np.float64(0.05)
66.3226 	EXP 	target_text: text = 'The boy can read fast'
66.3226 	EXP 	fix_text: autoDraw = True
66.5542 	EXP 	blank1_bg: autoDraw = True
66.5725 	EXP 	fix_text: autoDraw = False
66.7432 	EXP 	blank1_bg: autoDraw = False
66.7627 	EXP 	prime_text: autoDraw = True
66.9622 	EXP 	prime_text: autoDraw = False
66.9622 	EXP 	blank2_bg: autoDraw = True
67.0628 	INFO 	Keyboard events cleared
67.0627 	EXP 	blank2_bg: autoDraw = False
67.0627 	EXP 	target_text: autoDraw = True
68.1404 	EXP 	Device response: <KeyPress from None: t=68.13410091599508, value=right, duration=None>
68.1480 	DATA 	Keypress: right
68.1522 	EXP 	fix_text: autoDraw = False
68.1522 	EXP 	blank1_bg: autoDraw = False
68.1522 	EXP 	prime_text: autoDraw = False
68.1522 	EXP 	blank2_bg: autoDraw = False
68.1522 	EXP 	target_text: autoDraw = False
68.1522 	EXP 	greenCircle: autoDraw = True
68.1522 	EXP 	redCrosss: autoDraw = True
68.3244 	EXP 	Device response: <KeyPress from None: t=68.13410091599508, value=right, duration=0.1877148330095224>
68.3388 	EXP 	blank3_bg: autoDraw = True
68.3453 	EXP 	greenCircle: autoDraw = False
68.3453 	EXP 	redCrosss: autoDraw = False
69.1231 	EXP 	New trial (rep=0, index=10): <Trial 10 (10 in rep 0) data={'prime': 'The boy can read fast', 'target': 'The boy can read fast', 'condition': 'repetition_related', 'correctAns': 'right', 'thisN': 10, 'thisTrialN': 10, 'thisRepN': 0}>
69.1285 	EXP 	blank3_bg: autoDraw = False
69.1285 	EXP 	blank3_bg: autoDraw = False
69.1285 	EXP 	greenCircle: autoDraw = False
69.1285 	EXP 	redCrosss: autoDraw = False
69.1285 	EXP 	prime_text: text = 'The boy can read fast'
69.1285 	EXP 	target_text: text = 'The boy can read fast'
69.1392 	EXP 	fix_text: autoDraw = True
69.3765 	EXP 	fix_text: autoDraw = False
69.3893 	EXP 	blank1_bg: autoDraw = True
69.5771 	EXP 	blank1_bg: autoDraw = False
69.5893 	EXP 	prime_text: autoDraw = True
69.7766 	EXP 	prime_text: autoDraw = False
69.7893 	EXP 	blank2_bg: autoDraw = True
69.8779 	EXP 	blank2_bg: autoDraw = False
69.8895 	INFO 	Keyboard events cleared
69.8892 	EXP 	target_text: autoDraw = True
72.5404 	EXP 	Device response: <KeyPress from None: t=72.53651533300581, value=right, duration=None>
72.5491 	DATA 	Keypress: right
72.5534 	EXP 	fix_text: autoDraw = False
72.5534 	EXP 	blank1_bg: autoDraw = False
72.5534 	EXP 	prime_text: autoDraw = False
72.5534 	EXP 	blank2_bg: autoDraw = False
72.5534 	EXP 	target_text: autoDraw = False
72.5534 	EXP 	greenCircle: autoDraw = True
72.5534 	EXP 	redCrosss: autoDraw = True
72.7391 	EXP 	blank3_bg: autoDraw = True
72.7468 	EXP 	greenCircle: autoDraw = False
72.7468 	EXP 	redCrosss: autoDraw = False
72.7479 	EXP 	Device response: <KeyPress from None: t=72.53651533300581, value=right, duration=0.2058920409908751>
73.5287 	EXP 	New trial (rep=0, index=11): <Trial 11 (11 in rep 0) data={'prime': 'The boy can read fast', 'target': 'The read can boy fast', 'condition': 'repetition_unrelated', 'correctAns': 'left', 'thisN': 11, 'thisTrialN': 11, 'thisRepN': 0}>
73.5410 	EXP 	blank3_bg: autoDraw = False
73.5410 	EXP 	blank3_bg: autoDraw = False
73.5410 	EXP 	greenCircle: autoDraw = False
73.5410 	EXP 	redCrosss: autoDraw = False
73.5410 	EXP 	prime_text: text = 'The boy can read fast'
73.5410 	EXP 	target_text: height = np.float64(0.05)
73.5410 	EXP 	target_text: height = np.float64(0.05)
73.5410 	EXP 	target_text: height = np.float64(0.05)
73.5410 	EXP 	target_text: text = 'The read can boy fast'
73.5410 	EXP 	fix_text: autoDraw = True
73.7882 	EXP 	fix_text: autoDraw = False
73.7882 	EXP 	blank1_bg: autoDraw = True
73.9762 	EXP 	blank1_bg: autoDraw = False
73.9893 	EXP 	prime_text: autoDraw = True
74.1773 	EXP 	prime_text: autoDraw = False
74.1893 	EXP 	blank2_bg: autoDraw = True
74.2774 	EXP 	blank2_bg: autoDraw = False
74.2894 	INFO 	Keyboard events cleared
74.2892 	EXP 	target_text: autoDraw = True
75.3244 	EXP 	Device response: <KeyPress from None: t=75.31495595800516, value=left, duration=None>
75.3327 	DATA 	Keypress: left
75.3371 	EXP 	fix_text: autoDraw = False
75.3371 	EXP 	blank1_bg: autoDraw = False
75.3371 	EXP 	prime_text: autoDraw = False
75.3371 	EXP 	blank2_bg: autoDraw = False
75.3371 	EXP 	target_text: autoDraw = False
75.3371 	EXP 	greenCircle: autoDraw = True
75.3371 	EXP 	redCrosss: autoDraw = True
75.5210 	EXP 	blank3_bg: autoDraw = True
75.5290 	EXP 	greenCircle: autoDraw = False
75.5290 	EXP 	redCrosss: autoDraw = False
75.5403 	EXP 	Device response: <KeyPress from None: t=75.31495595800516, value=left, duration=0.2164068749989383>
76.3068 	EXP 	New trial (rep=0, index=12): <Trial 12 (12 in rep 0) data={'prime': 'They have finished the work', 'target': 'They have finished the work', 'condition': 'repetition_related', 'correctAns': 'right', 'thisN': 12, 'thisTrialN': 12, 'thisRepN': 0}>
76.3219 	EXP 	blank3_bg: autoDraw = False
76.3219 	EXP 	blank3_bg: autoDraw = False
76.3219 	EXP 	greenCircle: autoDraw = False
76.3219 	EXP 	redCrosss: autoDraw = False
76.3219 	EXP 	prime_text: height = np.float64(0.05)
76.3219 	EXP 	prime_text: height = np.float64(0.05)
76.3219 	EXP 	prime_text: height = np.float64(0.05)
76.3219 	EXP 	prime_text: text = 'They have finished the work'
76.3219 	EXP 	target_text: height = np.float64(0.05)
76.3219 	EXP 	target_text: height = np.float64(0.05)
76.3219 	EXP 	target_text: height = np.float64(0.05)
76.3219 	EXP 	target_text: text = 'They have finished the work'
76.3263 	EXP 	fix_text: autoDraw = True
76.5725 	EXP 	fix_text: autoDraw = False
76.5725 	EXP 	blank1_bg: autoDraw = True
76.7724 	EXP 	blank1_bg: autoDraw = False
76.7724 	EXP 	prime_text: autoDraw = True
76.9607 	EXP 	prime_text: autoDraw = False
76.9726 	EXP 	blank2_bg: autoDraw = True
77.0596 	EXP 	blank2_bg: autoDraw = False
77.0726 	INFO 	Keyboard events cleared
77.0724 	EXP 	target_text: autoDraw = True
79.4572 	EXP 	Device response: <KeyPress from None: t=79.44598195799335, value=right, duration=None>
79.4652 	DATA 	Keypress: right
79.4694 	EXP 	fix_text: autoDraw = False
79.4694 	EXP 	blank1_bg: autoDraw = False
79.4694 	EXP 	prime_text: autoDraw = False
79.4694 	EXP 	blank2_bg: autoDraw = False
79.4694 	EXP 	target_text: autoDraw = False
79.4694 	EXP 	greenCircle: autoDraw = True
79.4694 	EXP 	redCrosss: autoDraw = True
79.6544 	EXP 	blank3_bg: autoDraw = True
79.6628 	EXP 	greenCircle: autoDraw = False
79.6628 	EXP 	redCrosss: autoDraw = False
79.6908 	EXP 	Device response: <KeyPress from None: t=79.44598195799335, value=right, duration=0.23620929100434296>
80.4397 	EXP 	New trial (rep=0, index=13): <Trial 13 (13 in rep 0) data={'prime': 'The dog is barking loudly', 'target': 'The dog is barking loudly', 'condition': 'repetition_related', 'correctAns': 'right', 'thisN': 13, 'thisTrialN': 13, 'thisRepN': 0}>
80.4548 	EXP 	blank3_bg: autoDraw = False
80.4548 	EXP 	blank3_bg: autoDraw = False
80.4548 	EXP 	greenCircle: autoDraw = False
80.4548 	EXP 	redCrosss: autoDraw = False
80.4548 	EXP 	prime_text: height = np.float64(0.05)
80.4548 	EXP 	prime_text: height = np.float64(0.05)
80.4548 	EXP 	prime_text: height = np.float64(0.05)
80.4548 	EXP 	prime_text: text = 'The dog is barking loudly'
80.4548 	EXP 	target_text: height = np.float64(0.05)
80.4548 	EXP 	target_text: height = np.float64(0.05)
80.4548 	EXP 	target_text: height = np.float64(0.05)
80.4548 	EXP 	target_text: text = 'The dog is barking loudly'
80.4592 	EXP 	fix_text: autoDraw = True
80.7058 	EXP 	fix_text: autoDraw = False
80.7058 	EXP 	blank1_bg: autoDraw = True
80.9051 	EXP 	blank1_bg: autoDraw = False
80.9051 	EXP 	prime_text: autoDraw = True
81.0947 	EXP 	prime_text: autoDraw = False
81.1058 	EXP 	blank2_bg: autoDraw = True
81.1948 	EXP 	blank2_bg: autoDraw = False
81.2062 	INFO 	Keyboard events cleared
81.2060 	EXP 	target_text: autoDraw = True
84.1575 	EXP 	Device response: <KeyPress from None: t=84.15556020800432, value=right, duration=None>
84.1658 	DATA 	Keypress: right
84.1701 	EXP 	fix_text: autoDraw = False
84.1701 	EXP 	blank1_bg: autoDraw = False
84.1701 	EXP 	prime_text: autoDraw = False
84.1701 	EXP 	blank2_bg: autoDraw = False
84.1701 	EXP 	target_text: autoDraw = False
84.1701 	EXP 	greenCircle: autoDraw = True
84.1701 	EXP 	redCrosss: autoDraw = True
84.3552 	EXP 	blank3_bg: autoDraw = True
84.3565 	EXP 	Device response: <KeyPress from None: t=84.15556020800432, value=right, duration=0.18991966599423904>
84.3653 	EXP 	greenCircle: autoDraw = False
84.3653 	EXP 	redCrosss: autoDraw = False
85.1383 	EXP 	New trial (rep=0, index=14): <Trial 14 (14 in rep 0) data={'prime': 'The dog is barking loudly', 'target': 'The loudly is barking dog', 'condition': 'repetition_unrelated', 'correctAns': 'left', 'thisN': 14, 'thisTrialN': 14, 'thisRepN': 0}>
85.1503 	EXP 	blank3_bg: autoDraw = False
85.1503 	EXP 	blank3_bg: autoDraw = False
85.1503 	EXP 	greenCircle: autoDraw = False
85.1503 	EXP 	redCrosss: autoDraw = False
85.1503 	EXP 	prime_text: text = 'The dog is barking loudly'
85.1503 	EXP 	target_text: height = np.float64(0.05)
85.1503 	EXP 	target_text: height = np.float64(0.05)
85.1503 	EXP 	target_text: height = np.float64(0.05)
85.1503 	EXP 	target_text: text = 'The loudly is barking dog'
85.1545 	EXP 	fix_text: autoDraw = True
85.3933 	EXP 	fix_text: autoDraw = False
85.4060 	EXP 	blank1_bg: autoDraw = True
85.5941 	EXP 	blank1_bg: autoDraw = False
85.6059 	EXP 	prime_text: autoDraw = True
85.7945 	EXP 	prime_text: autoDraw = False
85.8059 	EXP 	blank2_bg: autoDraw = True
85.8940 	EXP 	blank2_bg: autoDraw = False
85.9059 	INFO 	Keyboard events cleared
85.9057 	EXP 	target_text: autoDraw = True
87.0243 	EXP 	Device response: <KeyPress from None: t=87.01210566599912, value=left, duration=None>
87.0328 	DATA 	Keypress: left
87.0371 	EXP 	fix_text: autoDraw = False
87.0371 	EXP 	blank1_bg: autoDraw = False
87.0371 	EXP 	prime_text: autoDraw = False
87.0371 	EXP 	blank2_bg: autoDraw = False
87.0371 	EXP 	target_text: autoDraw = False
87.0371 	EXP 	greenCircle: autoDraw = True
87.0371 	EXP 	redCrosss: autoDraw = True
87.2219 	EXP 	blank3_bg: autoDraw = True
87.2239 	EXP 	Device response: <KeyPress from None: t=87.01210566599912, value=left, duration=0.2084523329976946>
87.2334 	EXP 	greenCircle: autoDraw = False
87.2334 	EXP 	redCrosss: autoDraw = False
88.0130 	EXP 	New trial (rep=0, index=15): <Trial 15 (15 in rep 0) data={'prime': 'She does not like apples', 'target': 'She does not like apples', 'condition': 'repetition_related', 'correctAns': 'right', 'thisN': 15, 'thisTrialN': 15, 'thisRepN': 0}>
88.0275 	EXP 	blank3_bg: autoDraw = False
88.0275 	EXP 	blank3_bg: autoDraw = False
88.0275 	EXP 	greenCircle: autoDraw = False
88.0275 	EXP 	redCrosss: autoDraw = False
88.0275 	EXP 	prime_text: height = np.float64(0.05)
88.0275 	EXP 	prime_text: height = np.float64(0.05)
88.0275 	EXP 	prime_text: height = np.float64(0.05)
88.0275 	EXP 	prime_text: text = 'She does not like apples'
88.0275 	EXP 	target_text: height = np.float64(0.05)
88.0275 	EXP 	target_text: height = np.float64(0.05)
88.0275 	EXP 	target_text: height = np.float64(0.05)
88.0275 	EXP 	target_text: text = 'She does not like apples'
88.0275 	EXP 	fix_text: autoDraw = True
88.2713 	EXP 	fix_text: autoDraw = False
88.2713 	EXP 	blank1_bg: autoDraw = True
88.4608 	EXP 	blank1_bg: autoDraw = False
88.4724 	EXP 	prime_text: autoDraw = True
88.6593 	EXP 	prime_text: autoDraw = False
88.6725 	EXP 	blank2_bg: autoDraw = True
88.7610 	EXP 	blank2_bg: autoDraw = False
88.7726 	INFO 	Keyboard events cleared
88.7724 	EXP 	target_text: autoDraw = True
90.3963 	EXP 	Device response: <KeyPress from None: t=90.39303966599982, value=right, duration=None>
90.4038 	DATA 	Keypress: right
90.4084 	EXP 	fix_text: autoDraw = False
90.4084 	EXP 	blank1_bg: autoDraw = False
90.4084 	EXP 	prime_text: autoDraw = False
90.4084 	EXP 	blank2_bg: autoDraw = False
90.4084 	EXP 	target_text: autoDraw = False
90.4084 	EXP 	greenCircle: autoDraw = True
90.4084 	EXP 	redCrosss: autoDraw = True
90.5412 	EXP 	Device response: <KeyPress from None: t=90.39303966599982, value=right, duration=0.1404325420007808>
90.5971 	EXP 	blank3_bg: autoDraw = True
90.6042 	EXP 	greenCircle: autoDraw = False
90.6042 	EXP 	redCrosss: autoDraw = False
91.3890 	EXP 	New trial (rep=1, index=0): <Trial 16 (0 in rep 1) data={'prime': 'The boy can read fast', 'target': 'The read can boy fast', 'condition': 'repetition_unrelated', 'correctAns': 'left', 'thisN': 16, 'thisTrialN': 0, 'thisRepN': 1}>
91.4031 	EXP 	blank3_bg: autoDraw = False
91.4031 	EXP 	blank3_bg: autoDraw = False
91.4031 	EXP 	greenCircle: autoDraw = False
91.4031 	EXP 	redCrosss: autoDraw = False
91.4031 	EXP 	prime_text: height = np.float64(0.05)
91.4031 	EXP 	prime_text: height = np.float64(0.05)
91.4031 	EXP 	prime_text: height = np.float64(0.05)
91.4031 	EXP 	prime_text: text = 'The boy can read fast'
91.4031 	EXP 	target_text: height = np.float64(0.05)
91.4031 	EXP 	target_text: height = np.float64(0.05)
91.4031 	EXP 	target_text: height = np.float64(0.05)
91.4031 	EXP 	target_text: text = 'The read can boy fast'
91.4031 	EXP 	fix_text: autoDraw = True
91.6455 	EXP 	fix_text: autoDraw = False
91.6455 	EXP 	blank1_bg: autoDraw = True
91.8375 	EXP 	blank1_bg: autoDraw = False
91.8375 	EXP 	prime_text: autoDraw = True
92.0280 	EXP 	prime_text: autoDraw = False
92.0457 	EXP 	blank2_bg: autoDraw = True
92.1453 	INFO 	Keyboard events cleared
92.1452 	EXP 	blank2_bg: autoDraw = False
92.1452 	EXP 	target_text: autoDraw = True
93.9961 	EXP 	Device response: <KeyPress from None: t=93.99301395799557, value=left, duration=None>
94.0037 	DATA 	Keypress: left
94.0084 	EXP 	fix_text: autoDraw = False
94.0084 	EXP 	blank1_bg: autoDraw = False
94.0084 	EXP 	prime_text: autoDraw = False
94.0084 	EXP 	blank2_bg: autoDraw = False
94.0084 	EXP 	target_text: autoDraw = False
94.0084 	EXP 	greenCircle: autoDraw = True
94.0084 	EXP 	redCrosss: autoDraw = True
94.1736 	EXP 	Device response: <KeyPress from None: t=93.99301395799557, value=left, duration=0.17635770799824968>
94.1878 	EXP 	blank3_bg: autoDraw = True
94.2058 	EXP 	greenCircle: autoDraw = False
94.2058 	EXP 	redCrosss: autoDraw = False
94.9733 	EXP 	New trial (rep=1, index=1): <Trial 17 (1 in rep 1) data={'prime': 'She does not like apples', 'target': 'She not does like apples', 'condition': 'transposition_related', 'correctAns': 'right', 'thisN': 17, 'thisTrialN': 1, 'thisRepN': 1}>
94.9882 	EXP 	blank3_bg: autoDraw = False
94.9882 	EXP 	blank3_bg: autoDraw = False
94.9882 	EXP 	greenCircle: autoDraw = False
94.9882 	EXP 	redCrosss: autoDraw = False
94.9882 	EXP 	prime_text: height = np.float64(0.05)
94.9882 	EXP 	prime_text: height = np.float64(0.05)
94.9882 	EXP 	prime_text: height = np.float64(0.05)
94.9882 	EXP 	prime_text: text = 'She does not like apples'
94.9882 	EXP 	target_text: height = np.float64(0.05)
94.9882 	EXP 	target_text: height = np.float64(0.05)
94.9882 	EXP 	target_text: height = np.float64(0.05)
94.9882 	EXP 	target_text: text = 'She not does like apples'
94.9928 	EXP 	fix_text: autoDraw = True
95.2393 	EXP 	fix_text: autoDraw = False
95.2476 	EXP 	blank1_bg: autoDraw = True
95.4375 	EXP 	blank1_bg: autoDraw = False
95.4375 	EXP 	prime_text: autoDraw = True
95.6265 	EXP 	prime_text: autoDraw = False
95.6455 	EXP 	blank2_bg: autoDraw = True
95.7393 	EXP 	blank2_bg: autoDraw = False
95.7462 	INFO 	Keyboard events cleared
95.7460 	EXP 	target_text: autoDraw = True
97.0904 	EXP 	Device response: <KeyPress from None: t=97.07798312399245, value=left, duration=None>
97.0980 	DATA 	Keypress: left
97.1023 	EXP 	fix_text: autoDraw = False
97.1023 	EXP 	blank1_bg: autoDraw = False
97.1023 	EXP 	prime_text: autoDraw = False
97.1023 	EXP 	blank2_bg: autoDraw = False
97.1023 	EXP 	target_text: autoDraw = False
97.1023 	EXP 	greenCircle: autoDraw = True
97.1023 	EXP 	redCrosss: autoDraw = True
97.2890 	EXP 	blank3_bg: autoDraw = True
97.2971 	EXP 	greenCircle: autoDraw = False
97.2971 	EXP 	redCrosss: autoDraw = False
97.2982 	EXP 	Device response: <KeyPress from None: t=97.07798312399245, value=left, duration=0.21230558400566224>
98.0724 	EXP 	New trial (rep=1, index=2): <Trial 18 (2 in rep 1) data={'prime': 'They have finished the work', 'target': 'They work the have finished', 'condition': 'transposition_unrelated', 'correctAns': 'left', 'thisN': 18, 'thisTrialN': 2, 'thisRepN': 1}>
98.0878 	EXP 	blank3_bg: autoDraw = False
98.0878 	EXP 	blank3_bg: autoDraw = False
98.0878 	EXP 	greenCircle: autoDraw = False
98.0878 	EXP 	redCrosss: autoDraw = False
98.0878 	EXP 	prime_text: height = np.float64(0.05)
98.0878 	EXP 	prime_text: height = np.float64(0.05)
98.0878 	EXP 	prime_text: height = np.float64(0.05)
98.0878 	EXP 	prime_text: text = 'They have finished the work'
98.0878 	EXP 	target_text: height = np.float64(0.05)
98.0878 	EXP 	target_text: height = np.float64(0.05)
98.0878 	EXP 	target_text: height = np.float64(0.05)
98.0878 	EXP 	target_text: text = 'They work the have finished'
98.0924 	EXP 	fix_text: autoDraw = True
98.3391 	EXP 	fix_text: autoDraw = False
98.3391 	EXP 	blank1_bg: autoDraw = True
98.5392 	EXP 	blank1_bg: autoDraw = False
98.5392 	EXP 	prime_text: autoDraw = True
98.7275 	EXP 	prime_text: autoDraw = False
98.7391 	EXP 	blank2_bg: autoDraw = True
98.8266 	EXP 	blank2_bg: autoDraw = False
98.8395 	INFO 	Keyboard events cleared
98.8392 	EXP 	target_text: autoDraw = True
101.8738 	EXP 	Device response: <KeyPress from None: t=101.87158749900118, value=left, duration=None>
101.8818 	DATA 	Keypress: left
101.8860 	EXP 	fix_text: autoDraw = False
101.8860 	EXP 	blank1_bg: autoDraw = False
101.8860 	EXP 	prime_text: autoDraw = False
101.8860 	EXP 	blank2_bg: autoDraw = False
101.8860 	EXP 	target_text: autoDraw = False
101.8860 	EXP 	greenCircle: autoDraw = True
101.8860 	EXP 	redCrosss: autoDraw = True
102.0711 	EXP 	blank3_bg: autoDraw = True
102.0795 	EXP 	greenCircle: autoDraw = False
102.0795 	EXP 	redCrosss: autoDraw = False
102.1235 	EXP 	Device response: <KeyPress from None: t=101.87158749900118, value=left, duration=0.24599270899489056>
102.8552 	EXP 	New trial (rep=1, index=3): <Trial 19 (3 in rep 1) data={'prime': 'They have finished the work', 'target': 'They have finished the work', 'condition': 'repetition_related', 'correctAns': 'right', 'thisN': 19, 'thisTrialN': 3, 'thisRepN': 1}>
102.8666 	EXP 	blank3_bg: autoDraw = False
102.8666 	EXP 	blank3_bg: autoDraw = False
102.8666 	EXP 	greenCircle: autoDraw = False
102.8666 	EXP 	redCrosss: autoDraw = False
102.8666 	EXP 	prime_text: text = 'They have finished the work'
102.8666 	EXP 	target_text: height = np.float64(0.05)
102.8666 	EXP 	target_text: height = np.float64(0.05)
102.8666 	EXP 	target_text: height = np.float64(0.05)
102.8666 	EXP 	target_text: text = 'They have finished the work'
102.8708 	EXP 	fix_text: autoDraw = True
103.1096 	EXP 	fix_text: autoDraw = False
103.1226 	EXP 	blank1_bg: autoDraw = True
103.3225 	EXP 	blank1_bg: autoDraw = False
103.3225 	EXP 	prime_text: autoDraw = True
103.5098 	EXP 	prime_text: autoDraw = False
103.5227 	EXP 	blank2_bg: autoDraw = True
103.6094 	EXP 	blank2_bg: autoDraw = False
103.6227 	INFO 	Keyboard events cleared
103.6225 	EXP 	target_text: autoDraw = True
105.2577 	EXP 	Device response: <KeyPress from None: t=105.25030158300069, value=right, duration=None>
105.2661 	DATA 	Keypress: right
105.2704 	EXP 	fix_text: autoDraw = False
105.2704 	EXP 	blank1_bg: autoDraw = False
105.2704 	EXP 	prime_text: autoDraw = False
105.2704 	EXP 	blank2_bg: autoDraw = False
105.2704 	EXP 	target_text: autoDraw = False
105.2704 	EXP 	greenCircle: autoDraw = True
105.2704 	EXP 	redCrosss: autoDraw = True
105.4242 	EXP 	Device response: <KeyPress from None: t=105.25030158300069, value=right, duration=0.16427275000023656>
105.4557 	EXP 	blank3_bg: autoDraw = True
105.4622 	EXP 	greenCircle: autoDraw = False
105.4622 	EXP 	redCrosss: autoDraw = False
106.2398 	EXP 	New trial (rep=1, index=4): <Trial 20 (4 in rep 1) data={'prime': 'She does not like apples', 'target': 'She not does like apples', 'condition': 'repetition_unrelated', 'correctAns': 'left', 'thisN': 20, 'thisTrialN': 4, 'thisRepN': 1}>
106.2548 	EXP 	blank3_bg: autoDraw = False
106.2548 	EXP 	blank3_bg: autoDraw = False
106.2548 	EXP 	greenCircle: autoDraw = False
106.2548 	EXP 	redCrosss: autoDraw = False
106.2548 	EXP 	prime_text: height = np.float64(0.05)
106.2548 	EXP 	prime_text: height = np.float64(0.05)
106.2548 	EXP 	prime_text: height = np.float64(0.05)
106.2548 	EXP 	prime_text: text = 'She does not like apples'
106.2548 	EXP 	target_text: height = np.float64(0.05)
106.2548 	EXP 	target_text: height = np.float64(0.05)
106.2548 	EXP 	target_text: height = np.float64(0.05)
106.2548 	EXP 	target_text: text = 'She not does like apples'
106.2593 	EXP 	fix_text: autoDraw = True
106.5057 	EXP 	fix_text: autoDraw = False
106.5057 	EXP 	blank1_bg: autoDraw = True
106.6944 	EXP 	blank1_bg: autoDraw = False
106.7058 	EXP 	prime_text: autoDraw = True
106.8933 	EXP 	prime_text: autoDraw = False
106.9059 	EXP 	blank2_bg: autoDraw = True
106.9940 	EXP 	blank2_bg: autoDraw = False
107.0060 	INFO 	Keyboard events cleared
107.0058 	EXP 	target_text: autoDraw = True
108.2743 	EXP 	Device response: <KeyPress from None: t=108.27116395799385, value=left, duration=None>
108.2827 	DATA 	Keypress: left
108.2871 	EXP 	fix_text: autoDraw = False
108.2871 	EXP 	blank1_bg: autoDraw = False
108.2871 	EXP 	prime_text: autoDraw = False
108.2871 	EXP 	blank2_bg: autoDraw = False
108.2871 	EXP 	target_text: autoDraw = False
108.2871 	EXP 	greenCircle: autoDraw = True
108.2871 	EXP 	redCrosss: autoDraw = True
108.4710 	EXP 	blank3_bg: autoDraw = True
108.4723 	EXP 	Device response: <KeyPress from None: t=108.27116395799385, value=left, duration=0.19229891600843985>
108.4811 	EXP 	greenCircle: autoDraw = False
108.4811 	EXP 	redCrosss: autoDraw = False
109.2553 	EXP 	New trial (rep=1, index=5): <Trial 21 (5 in rep 1) data={'prime': 'She does not like apples', 'target': 'She does not like apples', 'condition': 'repetition_related', 'correctAns': 'right', 'thisN': 21, 'thisTrialN': 5, 'thisRepN': 1}>
109.2664 	EXP 	blank3_bg: autoDraw = False
109.2664 	EXP 	blank3_bg: autoDraw = False
109.2664 	EXP 	greenCircle: autoDraw = False
109.2664 	EXP 	redCrosss: autoDraw = False
109.2664 	EXP 	prime_text: text = 'She does not like apples'
109.2664 	EXP 	target_text: height = np.float64(0.05)
109.2664 	EXP 	target_text: height = np.float64(0.05)
109.2664 	EXP 	target_text: height = np.float64(0.05)
109.2664 	EXP 	target_text: text = 'She does not like apples'
109.2716 	EXP 	fix_text: autoDraw = True
109.5107 	EXP 	fix_text: autoDraw = False
109.5226 	EXP 	blank1_bg: autoDraw = True
109.7225 	EXP 	blank1_bg: autoDraw = False
109.7225 	EXP 	prime_text: autoDraw = True
109.9116 	EXP 	prime_text: autoDraw = False
109.9228 	EXP 	blank2_bg: autoDraw = True
110.0110 	EXP 	blank2_bg: autoDraw = False
110.0227 	INFO 	Keyboard events cleared
110.0225 	EXP 	target_text: autoDraw = True
111.8576 	EXP 	Device response: <KeyPress from None: t=111.85405670800537, value=right, duration=None>
111.8658 	DATA 	Keypress: right
111.8703 	EXP 	fix_text: autoDraw = False
111.8703 	EXP 	blank1_bg: autoDraw = False
111.8703 	EXP 	prime_text: autoDraw = False
111.8703 	EXP 	blank2_bg: autoDraw = False
111.8703 	EXP 	target_text: autoDraw = False
111.8703 	EXP 	greenCircle: autoDraw = True
111.8703 	EXP 	redCrosss: autoDraw = True
112.0553 	EXP 	blank3_bg: autoDraw = True
112.0565 	EXP 	Device response: <KeyPress from None: t=111.85405670800537, value=right, duration=0.1922986249992391>
112.0654 	EXP 	greenCircle: autoDraw = False
112.0654 	EXP 	redCrosss: autoDraw = False
112.8462 	EXP 	New trial (rep=1, index=6): <Trial 22 (6 in rep 1) data={'prime': 'The dog is barking loudly', 'target': 'The dog barking is loudly', 'condition': 'transposition_related', 'correctAns': 'right', 'thisN': 22, 'thisTrialN': 6, 'thisRepN': 1}>
112.8610 	EXP 	blank3_bg: autoDraw = False
112.8610 	EXP 	blank3_bg: autoDraw = False
112.8610 	EXP 	greenCircle: autoDraw = False
112.8610 	EXP 	redCrosss: autoDraw = False
112.8610 	EXP 	prime_text: height = np.float64(0.05)
112.8610 	EXP 	prime_text: height = np.float64(0.05)
112.8610 	EXP 	prime_text: height = np.float64(0.05)
112.8610 	EXP 	prime_text: text = 'The dog is barking loudly'
112.8610 	EXP 	target_text: height = np.float64(0.05)
112.8610 	EXP 	target_text: height = np.float64(0.05)
112.8610 	EXP 	target_text: height = np.float64(0.05)
112.8610 	EXP 	target_text: text = 'The dog barking is loudly'
112.8610 	EXP 	fix_text: autoDraw = True
113.1059 	EXP 	fix_text: autoDraw = False
113.1059 	EXP 	blank1_bg: autoDraw = True
113.2933 	EXP 	blank1_bg: autoDraw = False
113.3059 	EXP 	prime_text: autoDraw = True
113.4940 	EXP 	prime_text: autoDraw = False
113.5057 	EXP 	blank2_bg: autoDraw = True
113.5940 	EXP 	blank2_bg: autoDraw = False
113.6056 	INFO 	Keyboard events cleared
113.6054 	EXP 	target_text: autoDraw = True
115.6239 	EXP 	Device response: <KeyPress from None: t=115.61591912400036, value=left, duration=None>
115.6302 	DATA 	Keypress: left
115.6390 	EXP 	fix_text: autoDraw = False
115.6390 	EXP 	blank1_bg: autoDraw = False
115.6390 	EXP 	prime_text: autoDraw = False
115.6390 	EXP 	blank2_bg: autoDraw = False
115.6390 	EXP 	target_text: autoDraw = False
115.6390 	EXP 	greenCircle: autoDraw = True
115.6390 	EXP 	redCrosss: autoDraw = True
115.8209 	EXP 	blank3_bg: autoDraw = True
115.8391 	EXP 	greenCircle: autoDraw = False
115.8391 	EXP 	redCrosss: autoDraw = False
115.8628 	EXP 	Device response: <KeyPress from None: t=115.61591912400036, value=left, duration=0.24026283400598913>
116.6068 	EXP 	New trial (rep=1, index=7): <Trial 23 (7 in rep 1) data={'prime': 'The dog is barking loudly', 'target': 'The dog is barking loudly', 'condition': 'repetition_related', 'correctAns': 'right', 'thisN': 23, 'thisTrialN': 7, 'thisRepN': 1}>
116.6178 	EXP 	blank3_bg: autoDraw = False
116.6178 	EXP 	blank3_bg: autoDraw = False
116.6178 	EXP 	greenCircle: autoDraw = False
116.6178 	EXP 	redCrosss: autoDraw = False
116.6178 	EXP 	prime_text: text = 'The dog is barking loudly'
116.6178 	EXP 	target_text: height = np.float64(0.05)
116.6178 	EXP 	target_text: height = np.float64(0.05)
116.6178 	EXP 	target_text: height = np.float64(0.05)
116.6178 	EXP 	target_text: text = 'The dog is barking loudly'
116.6239 	EXP 	fix_text: autoDraw = True
116.8724 	EXP 	fix_text: autoDraw = False
116.8724 	EXP 	blank1_bg: autoDraw = True
117.0618 	EXP 	blank1_bg: autoDraw = False
117.0726 	EXP 	prime_text: autoDraw = True
117.2612 	EXP 	prime_text: autoDraw = False
117.2727 	EXP 	blank2_bg: autoDraw = True
117.3622 	EXP 	blank2_bg: autoDraw = False
117.3730 	INFO 	Keyboard events cleared
117.3728 	EXP 	target_text: autoDraw = True
118.4469 	EXP 	Device response: <KeyPress from None: t=118.44284437400347, value=right, duration=None>
118.4546 	DATA 	Keypress: right
118.4585 	EXP 	fix_text: autoDraw = False
118.4585 	EXP 	blank1_bg: autoDraw = False
118.4585 	EXP 	prime_text: autoDraw = False
118.4585 	EXP 	blank2_bg: autoDraw = False
118.4585 	EXP 	target_text: autoDraw = False
118.4585 	EXP 	greenCircle: autoDraw = True
118.4585 	EXP 	redCrosss: autoDraw = True
118.6470 	EXP 	blank3_bg: autoDraw = True
118.6483 	EXP 	Device response: <KeyPress from None: t=118.44284437400347, value=right, duration=0.20038662500155624>
118.6567 	EXP 	greenCircle: autoDraw = False
118.6567 	EXP 	redCrosss: autoDraw = False
119.4312 	EXP 	New trial (rep=1, index=8): <Trial 24 (8 in rep 1) data={'prime': 'They have finished the work', 'target': 'They finished have the work', 'condition': 'transposition_related', 'correctAns': 'right', 'thisN': 24, 'thisTrialN': 8, 'thisRepN': 1}>
119.4472 	EXP 	blank3_bg: autoDraw = False
119.4472 	EXP 	blank3_bg: autoDraw = False
119.4472 	EXP 	greenCircle: autoDraw = False
119.4472 	EXP 	redCrosss: autoDraw = False
119.4472 	EXP 	prime_text: height = np.float64(0.05)
119.4472 	EXP 	prime_text: height = np.float64(0.05)
119.4472 	EXP 	prime_text: height = np.float64(0.05)
119.4472 	EXP 	prime_text: text = 'They have finished the work'
119.4472 	EXP 	target_text: height = np.float64(0.05)
119.4472 	EXP 	target_text: height = np.float64(0.05)
119.4472 	EXP 	target_text: height = np.float64(0.05)
119.4472 	EXP 	target_text: text = 'They finished have the work'
119.4472 	EXP 	fix_text: autoDraw = True
119.6972 	EXP 	fix_text: autoDraw = False
119.6972 	EXP 	blank1_bg: autoDraw = True
119.8876 	EXP 	blank1_bg: autoDraw = False
119.8876 	EXP 	prime_text: autoDraw = True
120.0766 	EXP 	prime_text: autoDraw = False
120.0953 	EXP 	blank2_bg: autoDraw = True
120.1892 	EXP 	blank2_bg: autoDraw = False
120.1961 	INFO 	Keyboard events cleared
120.1959 	EXP 	target_text: autoDraw = True
121.3237 	EXP 	Device response: <KeyPress from None: t=121.31381149899971, value=left, duration=None>
121.3314 	DATA 	Keypress: left
121.3357 	EXP 	fix_text: autoDraw = False
121.3357 	EXP 	blank1_bg: autoDraw = False
121.3357 	EXP 	prime_text: autoDraw = False
121.3357 	EXP 	blank2_bg: autoDraw = False
121.3357 	EXP 	target_text: autoDraw = False
121.3357 	EXP 	greenCircle: autoDraw = True
121.3357 	EXP 	redCrosss: autoDraw = True
121.5130 	EXP 	Device response: <KeyPress from None: t=121.31381149899971, value=left, duration=0.19631674999254756>
121.5224 	EXP 	blank3_bg: autoDraw = True
121.5290 	EXP 	greenCircle: autoDraw = False
121.5290 	EXP 	redCrosss: autoDraw = False
122.3130 	EXP 	New trial (rep=1, index=9): <Trial 25 (9 in rep 1) data={'prime': 'The boy can read fast', 'target': 'The read can boy fast', 'condition': 'transposition_unrelated', 'correctAns': 'left', 'thisN': 25, 'thisTrialN': 9, 'thisRepN': 1}>
122.3290 	EXP 	blank3_bg: autoDraw = False
122.3290 	EXP 	blank3_bg: autoDraw = False
122.3290 	EXP 	greenCircle: autoDraw = False
122.3290 	EXP 	redCrosss: autoDraw = False
122.3290 	EXP 	prime_text: height = np.float64(0.05)
122.3290 	EXP 	prime_text: height = np.float64(0.05)
122.3290 	EXP 	prime_text: height = np.float64(0.05)
122.3290 	EXP 	prime_text: text = 'The boy can read fast'
122.3290 	EXP 	target_text: height = np.float64(0.05)
122.3290 	EXP 	target_text: height = np.float64(0.05)
122.3290 	EXP 	target_text: height = np.float64(0.05)
122.3290 	EXP 	target_text: text = 'The read can boy fast'
122.3290 	EXP 	fix_text: autoDraw = True
122.5724 	EXP 	fix_text: autoDraw = False
122.5724 	EXP 	blank1_bg: autoDraw = True
122.7722 	EXP 	blank1_bg: autoDraw = False
122.7722 	EXP 	prime_text: autoDraw = True
122.9609 	EXP 	prime_text: autoDraw = False
122.9723 	EXP 	blank2_bg: autoDraw = True
123.0609 	EXP 	blank2_bg: autoDraw = False
123.0728 	INFO 	Keyboard events cleared
123.0725 	EXP 	target_text: autoDraw = True
124.0790 	EXP 	Device response: <KeyPress from None: t=124.07574283299618, value=left, duration=None>
124.0868 	DATA 	Keypress: left
124.0912 	EXP 	fix_text: autoDraw = False
124.0912 	EXP 	blank1_bg: autoDraw = False
124.0912 	EXP 	prime_text: autoDraw = False
124.0912 	EXP 	blank2_bg: autoDraw = False
124.0912 	EXP 	target_text: autoDraw = False
124.0912 	EXP 	greenCircle: autoDraw = True
124.0912 	EXP 	redCrosss: autoDraw = True
124.2722 	EXP 	blank3_bg: autoDraw = True
124.2733 	EXP 	Device response: <KeyPress from None: t=124.07574283299618, value=left, duration=0.18834112500189804>
124.2884 	EXP 	greenCircle: autoDraw = False
124.2884 	EXP 	redCrosss: autoDraw = False
125.0555 	EXP 	New trial (rep=1, index=10): <Trial 26 (10 in rep 1) data={'prime': 'The boy can read fast', 'target': 'The boy can read fast', 'condition': 'repetition_related', 'correctAns': 'right', 'thisN': 26, 'thisTrialN': 10, 'thisRepN': 1}>
125.0660 	EXP 	blank3_bg: autoDraw = False
125.0660 	EXP 	blank3_bg: autoDraw = False
125.0660 	EXP 	greenCircle: autoDraw = False
125.0660 	EXP 	redCrosss: autoDraw = False
125.0660 	EXP 	prime_text: text = 'The boy can read fast'
125.0660 	EXP 	target_text: height = np.float64(0.05)
125.0660 	EXP 	target_text: height = np.float64(0.05)
125.0660 	EXP 	target_text: height = np.float64(0.05)
125.0660 	EXP 	target_text: text = 'The boy can read fast'
125.0713 	EXP 	fix_text: autoDraw = True
125.3109 	EXP 	fix_text: autoDraw = False
125.3307 	EXP 	blank1_bg: autoDraw = True
125.5224 	EXP 	blank1_bg: autoDraw = False
125.5224 	EXP 	prime_text: autoDraw = True
125.7111 	EXP 	prime_text: autoDraw = False
125.7289 	EXP 	blank2_bg: autoDraw = True
125.8226 	INFO 	Keyboard events cleared
125.8224 	EXP 	blank2_bg: autoDraw = False
125.8224 	EXP 	target_text: autoDraw = True
127.7904 	EXP 	Device response: <KeyPress from None: t=127.78158954100218, value=right, duration=None>
127.7980 	DATA 	Keypress: right
127.8023 	EXP 	fix_text: autoDraw = False
127.8023 	EXP 	blank1_bg: autoDraw = False
127.8023 	EXP 	prime_text: autoDraw = False
127.8023 	EXP 	blank2_bg: autoDraw = False
127.8023 	EXP 	target_text: autoDraw = False
127.8023 	EXP 	greenCircle: autoDraw = True
127.8023 	EXP 	redCrosss: autoDraw = True
127.9889 	EXP 	blank3_bg: autoDraw = True
127.9966 	EXP 	greenCircle: autoDraw = False
127.9966 	EXP 	redCrosss: autoDraw = False
127.9977 	EXP 	Device response: <KeyPress from None: t=127.78158954100218, value=right, duration=0.212418750001234>
128.7717 	EXP 	New trial (rep=1, index=11): <Trial 27 (11 in rep 1) data={'prime': 'The boy can read fast', 'target': 'The boy can read fast', 'condition': 'transposition_related', 'correctAns': 'right', 'thisN': 27, 'thisTrialN': 11, 'thisRepN': 1}>
128.7759 	EXP 	blank3_bg: autoDraw = False
128.7759 	EXP 	blank3_bg: autoDraw = False
128.7759 	EXP 	greenCircle: autoDraw = False
128.7759 	EXP 	redCrosss: autoDraw = False
128.7759 	EXP 	prime_text: text = 'The boy can read fast'
128.7759 	EXP 	target_text: text = 'The boy can read fast'
128.7892 	EXP 	fix_text: autoDraw = True
129.0265 	EXP 	fix_text: autoDraw = False
129.0391 	EXP 	blank1_bg: autoDraw = True
129.2274 	EXP 	blank1_bg: autoDraw = False
129.2389 	EXP 	prime_text: autoDraw = True
129.4271 	EXP 	prime_text: autoDraw = False
129.4391 	EXP 	blank2_bg: autoDraw = True
129.5276 	EXP 	blank2_bg: autoDraw = False
129.5392 	INFO 	Keyboard events cleared
129.5390 	EXP 	target_text: autoDraw = True
130.6904 	EXP 	Device response: <KeyPress from None: t=130.68763783300528, value=right, duration=None>
130.6986 	DATA 	Keypress: right
130.7029 	EXP 	fix_text: autoDraw = False
130.7029 	EXP 	blank1_bg: autoDraw = False
130.7029 	EXP 	prime_text: autoDraw = False
130.7029 	EXP 	blank2_bg: autoDraw = False
130.7029 	EXP 	target_text: autoDraw = False
130.7029 	EXP 	greenCircle: autoDraw = True
130.7029 	EXP 	redCrosss: autoDraw = True
130.8891 	EXP 	blank3_bg: autoDraw = True
130.8908 	EXP 	Device response: <KeyPress from None: t=130.68763783300528, value=right, duration=0.1923008749872679>
130.8997 	EXP 	greenCircle: autoDraw = False
130.8997 	EXP 	redCrosss: autoDraw = False
131.6732 	EXP 	New trial (rep=1, index=12): <Trial 28 (12 in rep 1) data={'prime': 'She does not like apples', 'target': 'She like does apples not', 'condition': 'transposition_unrelated', 'correctAns': 'left', 'thisN': 28, 'thisTrialN': 12, 'thisRepN': 1}>
131.6882 	EXP 	blank3_bg: autoDraw = False
131.6882 	EXP 	blank3_bg: autoDraw = False
131.6882 	EXP 	greenCircle: autoDraw = False
131.6882 	EXP 	redCrosss: autoDraw = False
131.6882 	EXP 	prime_text: height = np.float64(0.05)
131.6882 	EXP 	prime_text: height = np.float64(0.05)
131.6882 	EXP 	prime_text: height = np.float64(0.05)
131.6882 	EXP 	prime_text: text = 'She does not like apples'
131.6882 	EXP 	target_text: height = np.float64(0.05)
131.6882 	EXP 	target_text: height = np.float64(0.05)
131.6882 	EXP 	target_text: height = np.float64(0.05)
131.6882 	EXP 	target_text: text = 'She like does apples not'
131.6926 	EXP 	fix_text: autoDraw = True
131.9390 	EXP 	fix_text: autoDraw = False
131.9390 	EXP 	blank1_bg: autoDraw = True
132.1271 	EXP 	blank1_bg: autoDraw = False
132.1391 	EXP 	prime_text: autoDraw = True
132.3276 	EXP 	prime_text: autoDraw = False
132.3391 	EXP 	blank2_bg: autoDraw = True
132.4265 	EXP 	blank2_bg: autoDraw = False
132.4395 	INFO 	Keyboard events cleared
132.4392 	EXP 	target_text: autoDraw = True
134.2575 	EXP 	Device response: <KeyPress from None: t=134.24645187400165, value=left, duration=None>
134.2658 	DATA 	Keypress: left
134.2701 	EXP 	fix_text: autoDraw = False
134.2701 	EXP 	blank1_bg: autoDraw = False
134.2701 	EXP 	prime_text: autoDraw = False
134.2701 	EXP 	blank2_bg: autoDraw = False
134.2701 	EXP 	target_text: autoDraw = False
134.2701 	EXP 	greenCircle: autoDraw = True
134.2701 	EXP 	redCrosss: autoDraw = True
134.4544 	EXP 	blank3_bg: autoDraw = True
134.4628 	EXP 	greenCircle: autoDraw = False
134.4628 	EXP 	redCrosss: autoDraw = False
134.4641 	EXP 	Device response: <KeyPress from None: t=134.24645187400165, value=left, duration=0.2163473340042401>
135.2384 	EXP 	New trial (rep=1, index=13): <Trial 29 (13 in rep 1) data={'prime': 'They have finished the work', 'target': 'They finished have the work', 'condition': 'repetition_unrelated', 'correctAns': 'left', 'thisN': 29, 'thisTrialN': 13, 'thisRepN': 1}>
135.2525 	EXP 	blank3_bg: autoDraw = False
135.2525 	EXP 	blank3_bg: autoDraw = False
135.2525 	EXP 	greenCircle: autoDraw = False
135.2525 	EXP 	redCrosss: autoDraw = False
135.2525 	EXP 	prime_text: height = np.float64(0.05)
135.2525 	EXP 	prime_text: height = np.float64(0.05)
135.2525 	EXP 	prime_text: height = np.float64(0.05)
135.2525 	EXP 	prime_text: text = 'They have finished the work'
135.2525 	EXP 	target_text: height = np.float64(0.05)
135.2525 	EXP 	target_text: height = np.float64(0.05)
135.2525 	EXP 	target_text: height = np.float64(0.05)
135.2525 	EXP 	target_text: text = 'They finished have the work'
135.2566 	EXP 	fix_text: autoDraw = True
135.4942 	EXP 	fix_text: autoDraw = False
135.5060 	EXP 	blank1_bg: autoDraw = True
135.7058 	EXP 	blank1_bg: autoDraw = False
135.7058 	EXP 	prime_text: autoDraw = True
135.8943 	EXP 	prime_text: autoDraw = False
135.9058 	EXP 	blank2_bg: autoDraw = True
135.9926 	EXP 	blank2_bg: autoDraw = False
136.0059 	INFO 	Keyboard events cleared
136.0057 	EXP 	target_text: autoDraw = True
137.8963 	EXP 	Device response: <KeyPress from None: t=137.89340345800156, value=left, duration=None>
137.9035 	DATA 	Keypress: left
137.9079 	EXP 	fix_text: autoDraw = False
137.9079 	EXP 	blank1_bg: autoDraw = False
137.9079 	EXP 	prime_text: autoDraw = False
137.9079 	EXP 	blank2_bg: autoDraw = False
137.9079 	EXP 	target_text: autoDraw = False
137.9079 	EXP 	greenCircle: autoDraw = True
137.9079 	EXP 	redCrosss: autoDraw = True
138.0986 	EXP 	blank3_bg: autoDraw = True
138.1049 	EXP 	greenCircle: autoDraw = False
138.1049 	EXP 	redCrosss: autoDraw = False
138.1124 	EXP 	Device response: <KeyPress from None: t=137.89340345800156, value=left, duration=0.21233824999944773>
138.8886 	EXP 	New trial (rep=1, index=14): <Trial 30 (14 in rep 1) data={'prime': 'The dog is barking loudly', 'target': 'The loudly is barking dog', 'condition': 'repetition_unrelated', 'correctAns': 'left', 'thisN': 30, 'thisTrialN': 14, 'thisRepN': 1}>
138.9043 	EXP 	blank3_bg: autoDraw = False
138.9043 	EXP 	blank3_bg: autoDraw = False
138.9043 	EXP 	greenCircle: autoDraw = False
138.9043 	EXP 	redCrosss: autoDraw = False
138.9043 	EXP 	prime_text: height = np.float64(0.05)
138.9043 	EXP 	prime_text: height = np.float64(0.05)
138.9043 	EXP 	prime_text: height = np.float64(0.05)
138.9043 	EXP 	prime_text: text = 'The dog is barking loudly'
138.9043 	EXP 	target_text: height = np.float64(0.05)
138.9043 	EXP 	target_text: height = np.float64(0.05)
138.9043 	EXP 	target_text: height = np.float64(0.05)
138.9043 	EXP 	target_text: text = 'The loudly is barking dog'
138.9043 	EXP 	fix_text: autoDraw = True
139.1470 	EXP 	fix_text: autoDraw = False
139.1470 	EXP 	blank1_bg: autoDraw = True
139.3384 	EXP 	blank1_bg: autoDraw = False
139.3384 	EXP 	prime_text: autoDraw = True
139.5260 	EXP 	prime_text: autoDraw = False
139.5459 	EXP 	blank2_bg: autoDraw = True
139.6391 	EXP 	blank2_bg: autoDraw = False
139.6458 	INFO 	Keyboard events cleared
139.6456 	EXP 	target_text: autoDraw = True
140.9409 	EXP 	Device response: <KeyPress from None: t=140.93546162400162, value=left, duration=None>
140.9491 	DATA 	Keypress: left
140.9534 	EXP 	fix_text: autoDraw = False
140.9534 	EXP 	blank1_bg: autoDraw = False
140.9534 	EXP 	prime_text: autoDraw = False
140.9534 	EXP 	blank2_bg: autoDraw = False
140.9534 	EXP 	target_text: autoDraw = False
140.9534 	EXP 	greenCircle: autoDraw = True
140.9534 	EXP 	redCrosss: autoDraw = True
141.1384 	EXP 	blank3_bg: autoDraw = True
141.1467 	EXP 	greenCircle: autoDraw = False
141.1467 	EXP 	redCrosss: autoDraw = False
141.1625 	EXP 	Device response: <KeyPress from None: t=140.93546162400162, value=left, duration=0.2242589169909479>
141.9229 	EXP 	New trial (rep=1, index=15): <Trial 31 (15 in rep 1) data={'prime': 'The dog is barking loudly', 'target': 'The barking dog loudly is', 'condition': 'transposition_unrelated', 'correctAns': 'left', 'thisN': 31, 'thisTrialN': 15, 'thisRepN': 1}>
141.9336 	EXP 	blank3_bg: autoDraw = False
141.9336 	EXP 	blank3_bg: autoDraw = False
141.9336 	EXP 	greenCircle: autoDraw = False
141.9336 	EXP 	redCrosss: autoDraw = False
141.9336 	EXP 	prime_text: text = 'The dog is barking loudly'
141.9336 	EXP 	target_text: height = np.float64(0.05)
141.9336 	EXP 	target_text: height = np.float64(0.05)
141.9336 	EXP 	target_text: height = np.float64(0.05)
141.9336 	EXP 	target_text: text = 'The barking dog loudly is'
141.9554 	EXP 	fix_text: autoDraw = True
142.1891 	EXP 	blank1_bg: autoDraw = True
142.1973 	EXP 	fix_text: autoDraw = False
142.3889 	EXP 	blank1_bg: autoDraw = False
142.3889 	EXP 	prime_text: autoDraw = True
142.5764 	EXP 	prime_text: autoDraw = False
142.5891 	EXP 	blank2_bg: autoDraw = True
142.6791 	EXP 	blank2_bg: autoDraw = False
142.6893 	INFO 	Keyboard events cleared
142.6891 	EXP 	target_text: autoDraw = True
143.7962 	EXP 	Device response: <KeyPress from None: t=143.79424941599427, value=left, duration=None>
143.8037 	DATA 	Keypress: left
143.8078 	EXP 	fix_text: autoDraw = False
143.8078 	EXP 	blank1_bg: autoDraw = False
143.8078 	EXP 	prime_text: autoDraw = False
143.8078 	EXP 	blank2_bg: autoDraw = False
143.8078 	EXP 	target_text: autoDraw = False
143.8078 	EXP 	greenCircle: autoDraw = True
143.8078 	EXP 	redCrosss: autoDraw = True
143.9740 	EXP 	Device response: <KeyPress from None: t=143.79424941599427, value=left, duration=0.1764034580119187>
143.9889 	EXP 	blank3_bg: autoDraw = True
144.0048 	EXP 	greenCircle: autoDraw = False
144.0048 	EXP 	redCrosss: autoDraw = False
144.7731 	EXP 	New trial (rep=2, index=0): <Trial 32 (0 in rep 2) data={'prime': 'She does not like apples', 'target': 'She does not like apples', 'condition': 'repetition_related', 'correctAns': 'right', 'thisN': 32, 'thisTrialN': 0, 'thisRepN': 2}>
144.7875 	EXP 	blank3_bg: autoDraw = False
144.7875 	EXP 	blank3_bg: autoDraw = False
144.7875 	EXP 	greenCircle: autoDraw = False
144.7875 	EXP 	redCrosss: autoDraw = False
144.7875 	EXP 	prime_text: height = np.float64(0.05)
144.7875 	EXP 	prime_text: height = np.float64(0.05)
144.7875 	EXP 	prime_text: height = np.float64(0.05)
144.7875 	EXP 	prime_text: text = 'She does not like apples'
144.7875 	EXP 	target_text: height = np.float64(0.05)
144.7875 	EXP 	target_text: height = np.float64(0.05)
144.7875 	EXP 	target_text: height = np.float64(0.05)
144.7875 	EXP 	target_text: text = 'She does not like apples'
144.7919 	EXP 	fix_text: autoDraw = True
145.0390 	EXP 	fix_text: autoDraw = False
145.0471 	EXP 	blank1_bg: autoDraw = True
145.2460 	EXP 	blank1_bg: autoDraw = False
145.2460 	EXP 	prime_text: autoDraw = True
145.4454 	EXP 	prime_text: autoDraw = False
145.4454 	EXP 	blank2_bg: autoDraw = True
145.5392 	EXP 	blank2_bg: autoDraw = False
145.5470 	INFO 	Keyboard events cleared
145.5468 	EXP 	target_text: autoDraw = True
146.8069 	EXP 	Device response: <KeyPress from None: t=146.80123979100608, value=right, duration=None>
146.8148 	DATA 	Keypress: right
146.8191 	EXP 	fix_text: autoDraw = False
146.8191 	EXP 	blank1_bg: autoDraw = False
146.8191 	EXP 	prime_text: autoDraw = False
146.8191 	EXP 	blank2_bg: autoDraw = False
146.8191 	EXP 	target_text: autoDraw = False
146.8191 	EXP 	greenCircle: autoDraw = True
146.8191 	EXP 	redCrosss: autoDraw = True
146.9957 	EXP 	Device response: <KeyPress from None: t=146.80123979100608, value=right, duration=0.1882801249885233>
147.0048 	EXP 	blank3_bg: autoDraw = True
147.0115 	EXP 	greenCircle: autoDraw = False
147.0115 	EXP 	redCrosss: autoDraw = False
147.7891 	EXP 	New trial (rep=2, index=1): <Trial 33 (1 in rep 2) data={'prime': 'They have finished the work', 'target': 'They finished have the work', 'condition': 'repetition_unrelated', 'correctAns': 'left', 'thisN': 33, 'thisTrialN': 1, 'thisRepN': 2}>
147.8040 	EXP 	blank3_bg: autoDraw = False
147.8040 	EXP 	blank3_bg: autoDraw = False
147.8040 	EXP 	greenCircle: autoDraw = False
147.8040 	EXP 	redCrosss: autoDraw = False
147.8040 	EXP 	prime_text: height = np.float64(0.05)
147.8040 	EXP 	prime_text: height = np.float64(0.05)
147.8040 	EXP 	prime_text: height = np.float64(0.05)
147.8040 	EXP 	prime_text: text = 'They have finished the work'
147.8040 	EXP 	target_text: height = np.float64(0.05)
147.8040 	EXP 	target_text: height = np.float64(0.05)
147.8040 	EXP 	target_text: height = np.float64(0.05)
147.8040 	EXP 	target_text: text = 'They finished have the work'
147.8087 	EXP 	fix_text: autoDraw = True
148.0557 	EXP 	fix_text: autoDraw = False
148.0557 	EXP 	blank1_bg: autoDraw = True
148.2433 	EXP 	blank1_bg: autoDraw = False
148.2559 	EXP 	prime_text: autoDraw = True
148.4443 	EXP 	prime_text: autoDraw = False
148.4559 	EXP 	blank2_bg: autoDraw = True
148.5436 	EXP 	blank2_bg: autoDraw = False
148.5559 	INFO 	Keyboard events cleared
148.5556 	EXP 	target_text: autoDraw = True
149.8408 	EXP 	Device response: <KeyPress from None: t=149.834054166, value=left, duration=None>
149.8490 	DATA 	Keypress: left
149.8534 	EXP 	fix_text: autoDraw = False
149.8534 	EXP 	blank1_bg: autoDraw = False
149.8534 	EXP 	prime_text: autoDraw = False
149.8534 	EXP 	blank2_bg: autoDraw = False
149.8534 	EXP 	target_text: autoDraw = False
149.8534 	EXP 	greenCircle: autoDraw = True
149.8534 	EXP 	redCrosss: autoDraw = True
150.0379 	EXP 	blank3_bg: autoDraw = True
150.0449 	EXP 	greenCircle: autoDraw = False
150.0449 	EXP 	redCrosss: autoDraw = False
150.0568 	EXP 	Device response: <KeyPress from None: t=149.834054166, value=left, duration=0.21942833300272468>
150.8220 	EXP 	New trial (rep=2, index=2): <Trial 34 (2 in rep 2) data={'prime': 'The boy can read fast', 'target': 'The boy can read fast', 'condition': 'transposition_related', 'correctAns': 'right', 'thisN': 34, 'thisTrialN': 2, 'thisRepN': 2}>
150.8363 	EXP 	blank3_bg: autoDraw = False
150.8363 	EXP 	blank3_bg: autoDraw = False
150.8363 	EXP 	greenCircle: autoDraw = False
150.8363 	EXP 	redCrosss: autoDraw = False
150.8363 	EXP 	prime_text: height = np.float64(0.05)
150.8363 	EXP 	prime_text: height = np.float64(0.05)
150.8363 	EXP 	prime_text: height = np.float64(0.05)
150.8363 	EXP 	prime_text: text = 'The boy can read fast'
150.8363 	EXP 	target_text: height = np.float64(0.05)
150.8363 	EXP 	target_text: height = np.float64(0.05)
150.8363 	EXP 	target_text: height = np.float64(0.05)
150.8363 	EXP 	target_text: text = 'The boy can read fast'
150.8410 	EXP 	fix_text: autoDraw = True
151.0882 	EXP 	fix_text: autoDraw = False
151.0882 	EXP 	blank1_bg: autoDraw = True
151.2775 	EXP 	blank1_bg: autoDraw = False
151.2890 	EXP 	prime_text: autoDraw = True
151.4772 	EXP 	prime_text: autoDraw = False
151.4890 	EXP 	blank2_bg: autoDraw = True
151.5764 	EXP 	blank2_bg: autoDraw = False
151.5891 	INFO 	Keyboard events cleared
151.5889 	EXP 	target_text: autoDraw = True
153.1795 	EXP 	Device response: <KeyPress from None: t=153.17296754100244, value=right, duration=None>
153.1867 	DATA 	Keypress: right
153.1912 	EXP 	fix_text: autoDraw = False
153.1912 	EXP 	blank1_bg: autoDraw = False
153.1912 	EXP 	prime_text: autoDraw = False
153.1912 	EXP 	blank2_bg: autoDraw = False
153.1912 	EXP 	target_text: autoDraw = False
153.1912 	EXP 	greenCircle: autoDraw = True
153.1912 	EXP 	redCrosss: autoDraw = True
153.3812 	EXP 	blank3_bg: autoDraw = True
153.3880 	EXP 	greenCircle: autoDraw = False
153.3880 	EXP 	redCrosss: autoDraw = False
153.4069 	EXP 	Device response: <KeyPress from None: t=153.17296754100244, value=right, duration=0.22444066699245013>
154.1732 	EXP 	New trial (rep=2, index=3): <Trial 35 (3 in rep 2) data={'prime': 'The dog is barking loudly', 'target': 'The barking dog loudly is', 'condition': 'transposition_unrelated', 'correctAns': 'left', 'thisN': 35, 'thisTrialN': 3, 'thisRepN': 2}>
154.1895 	EXP 	blank3_bg: autoDraw = False
154.1895 	EXP 	blank3_bg: autoDraw = False
154.1895 	EXP 	greenCircle: autoDraw = False
154.1895 	EXP 	redCrosss: autoDraw = False
154.1895 	EXP 	prime_text: height = np.float64(0.05)
154.1895 	EXP 	prime_text: height = np.float64(0.05)
154.1895 	EXP 	prime_text: height = np.float64(0.05)
154.1895 	EXP 	prime_text: text = 'The dog is barking loudly'
154.1895 	EXP 	target_text: height = np.float64(0.05)
154.1895 	EXP 	target_text: height = np.float64(0.05)
154.1895 	EXP 	target_text: height = np.float64(0.05)
154.1895 	EXP 	target_text: text = 'The barking dog loudly is'
154.1895 	EXP 	fix_text: autoDraw = True
154.4303 	EXP 	fix_text: autoDraw = False
154.4303 	EXP 	blank1_bg: autoDraw = True
154.6219 	EXP 	blank1_bg: autoDraw = False
154.6219 	EXP 	prime_text: autoDraw = True
154.8108 	EXP 	prime_text: autoDraw = False
154.8289 	EXP 	blank2_bg: autoDraw = True
154.9224 	EXP 	blank2_bg: autoDraw = False
154.9289 	INFO 	Keyboard events cleared
154.9287 	EXP 	target_text: autoDraw = True
156.6742 	EXP 	Device response: <KeyPress from None: t=156.668958166003, value=left, duration=None>
156.6827 	DATA 	Keypress: left
156.6869 	EXP 	fix_text: autoDraw = False
156.6869 	EXP 	blank1_bg: autoDraw = False
156.6869 	EXP 	prime_text: autoDraw = False
156.6869 	EXP 	blank2_bg: autoDraw = False
156.6869 	EXP 	target_text: autoDraw = False
156.6869 	EXP 	greenCircle: autoDraw = True
156.6869 	EXP 	redCrosss: autoDraw = True
156.8719 	EXP 	blank3_bg: autoDraw = True
156.8734 	EXP 	Device response: <KeyPress from None: t=156.668958166003, value=left, duration=0.1963255000009667>
156.8919 	EXP 	greenCircle: autoDraw = False
156.8919 	EXP 	redCrosss: autoDraw = False
157.6565 	EXP 	New trial (rep=2, index=4): <Trial 36 (4 in rep 2) data={'prime': 'The boy can read fast', 'target': 'The read can boy fast', 'condition': 'repetition_unrelated', 'correctAns': 'left', 'thisN': 36, 'thisTrialN': 4, 'thisRepN': 2}>
157.6717 	EXP 	blank3_bg: autoDraw = False
157.6717 	EXP 	blank3_bg: autoDraw = False
157.6717 	EXP 	greenCircle: autoDraw = False
157.6717 	EXP 	redCrosss: autoDraw = False
157.6717 	EXP 	prime_text: height = np.float64(0.05)
157.6717 	EXP 	prime_text: height = np.float64(0.05)
157.6717 	EXP 	prime_text: height = np.float64(0.05)
157.6717 	EXP 	prime_text: text = 'The boy can read fast'
157.6717 	EXP 	target_text: height = np.float64(0.05)
157.6717 	EXP 	target_text: height = np.float64(0.05)
157.6717 	EXP 	target_text: height = np.float64(0.05)
157.6717 	EXP 	target_text: text = 'The read can boy fast'
157.6762 	EXP 	fix_text: autoDraw = True
157.9218 	EXP 	fix_text: autoDraw = False
157.9218 	EXP 	blank1_bg: autoDraw = True
158.1210 	EXP 	blank1_bg: autoDraw = False
158.1274 	EXP 	prime_text: autoDraw = True
158.3224 	EXP 	prime_text: autoDraw = False
158.3224 	EXP 	blank2_bg: autoDraw = True
158.4109 	EXP 	blank2_bg: autoDraw = False
158.4227 	INFO 	Keyboard events cleared
158.4225 	EXP 	target_text: autoDraw = True
160.1798 	EXP 	Device response: <KeyPress from None: t=160.17493441600527, value=left, duration=None>
160.1871 	DATA 	Keypress: left
160.1916 	EXP 	fix_text: autoDraw = False
160.1916 	EXP 	blank1_bg: autoDraw = False
160.1916 	EXP 	prime_text: autoDraw = False
160.1916 	EXP 	blank2_bg: autoDraw = False
160.1916 	EXP 	target_text: autoDraw = False
160.1916 	EXP 	greenCircle: autoDraw = True
160.1916 	EXP 	redCrosss: autoDraw = True
160.3819 	EXP 	blank3_bg: autoDraw = True
160.3883 	EXP 	greenCircle: autoDraw = False
160.3883 	EXP 	redCrosss: autoDraw = False
160.3895 	EXP 	Device response: <KeyPress from None: t=160.17493441600527, value=left, duration=0.21225054199749138>
161.1712 	EXP 	New trial (rep=2, index=5): <Trial 37 (5 in rep 2) data={'prime': 'They have finished the work', 'target': 'They work the have finished', 'condition': 'transposition_unrelated', 'correctAns': 'left', 'thisN': 37, 'thisTrialN': 5, 'thisRepN': 2}>
161.1864 	EXP 	blank3_bg: autoDraw = False
161.1864 	EXP 	blank3_bg: autoDraw = False
161.1864 	EXP 	greenCircle: autoDraw = False
161.1864 	EXP 	redCrosss: autoDraw = False
161.1864 	EXP 	prime_text: height = np.float64(0.05)
161.1864 	EXP 	prime_text: height = np.float64(0.05)
161.1864 	EXP 	prime_text: height = np.float64(0.05)
161.1864 	EXP 	prime_text: text = 'They have finished the work'
161.1864 	EXP 	target_text: height = np.float64(0.05)
161.1864 	EXP 	target_text: height = np.float64(0.05)
161.1864 	EXP 	target_text: height = np.float64(0.05)
161.1864 	EXP 	target_text: text = 'They work the have finished'
161.1864 	EXP 	fix_text: autoDraw = True
161.4299 	EXP 	fix_text: autoDraw = False
161.4299 	EXP 	blank1_bg: autoDraw = True
161.6208 	EXP 	blank1_bg: autoDraw = False
161.6208 	EXP 	prime_text: autoDraw = True
161.8105 	EXP 	prime_text: autoDraw = False
161.8287 	EXP 	blank2_bg: autoDraw = True
161.9224 	EXP 	blank2_bg: autoDraw = False
161.9289 	INFO 	Keyboard events cleared
161.9288 	EXP 	target_text: autoDraw = True
164.0575 	EXP 	Device response: <KeyPress from None: t=164.04680454099434, value=left, duration=None>
164.0657 	DATA 	Keypress: left
164.0698 	EXP 	fix_text: autoDraw = False
164.0698 	EXP 	blank1_bg: autoDraw = False
164.0698 	EXP 	prime_text: autoDraw = False
164.0698 	EXP 	blank2_bg: autoDraw = False
164.0698 	EXP 	target_text: autoDraw = False
164.0698 	EXP 	greenCircle: autoDraw = True
164.0698 	EXP 	redCrosss: autoDraw = True
164.2541 	EXP 	blank3_bg: autoDraw = True
164.2622 	EXP 	greenCircle: autoDraw = False
164.2622 	EXP 	redCrosss: autoDraw = False
164.2729 	EXP 	Device response: <KeyPress from None: t=164.04680454099434, value=left, duration=0.21626508299959823>
165.0397 	EXP 	New trial (rep=2, index=6): <Trial 38 (6 in rep 2) data={'prime': 'The dog is barking loudly', 'target': 'The dog barking is loudly', 'condition': 'transposition_related', 'correctAns': 'right', 'thisN': 38, 'thisTrialN': 6, 'thisRepN': 2}>
165.0551 	EXP 	blank3_bg: autoDraw = False
165.0551 	EXP 	blank3_bg: autoDraw = False
165.0551 	EXP 	greenCircle: autoDraw = False
165.0551 	EXP 	redCrosss: autoDraw = False
165.0551 	EXP 	prime_text: height = np.float64(0.05)
165.0551 	EXP 	prime_text: height = np.float64(0.05)
165.0551 	EXP 	prime_text: height = np.float64(0.05)
165.0551 	EXP 	prime_text: text = 'The dog is barking loudly'
165.0551 	EXP 	target_text: height = np.float64(0.05)
165.0551 	EXP 	target_text: height = np.float64(0.05)
165.0551 	EXP 	target_text: height = np.float64(0.05)
165.0551 	EXP 	target_text: text = 'The dog barking is loudly'
165.0597 	EXP 	fix_text: autoDraw = True
165.3054 	EXP 	fix_text: autoDraw = False
165.3054 	EXP 	blank1_bg: autoDraw = True
165.4937 	EXP 	blank1_bg: autoDraw = False
165.5058 	EXP 	prime_text: autoDraw = True
165.6939 	EXP 	prime_text: autoDraw = False
165.7056 	EXP 	blank2_bg: autoDraw = True
165.7933 	EXP 	blank2_bg: autoDraw = False
165.8060 	INFO 	Keyboard events cleared
165.8059 	EXP 	target_text: autoDraw = True
167.4741 	EXP 	Device response: <KeyPress from None: t=167.47077787399758, value=left, duration=None>
167.4821 	DATA 	Keypress: left
167.4864 	EXP 	fix_text: autoDraw = False
167.4864 	EXP 	blank1_bg: autoDraw = False
167.4864 	EXP 	prime_text: autoDraw = False
167.4864 	EXP 	blank2_bg: autoDraw = False
167.4864 	EXP 	target_text: autoDraw = False
167.4864 	EXP 	greenCircle: autoDraw = True
167.4864 	EXP 	redCrosss: autoDraw = True
167.6713 	EXP 	blank3_bg: autoDraw = True
167.6725 	EXP 	Device response: <KeyPress from None: t=167.47077787399758, value=left, duration=0.2003042500000447>
167.6799 	EXP 	greenCircle: autoDraw = False
167.6799 	EXP 	redCrosss: autoDraw = False
168.4555 	EXP 	New trial (rep=2, index=7): <Trial 39 (7 in rep 2) data={'prime': 'The boy can read fast', 'target': 'The read can boy fast', 'condition': 'transposition_unrelated', 'correctAns': 'left', 'thisN': 39, 'thisTrialN': 7, 'thisRepN': 2}>
168.4687 	EXP 	blank3_bg: autoDraw = False
168.4687 	EXP 	blank3_bg: autoDraw = False
168.4687 	EXP 	greenCircle: autoDraw = False
168.4687 	EXP 	redCrosss: autoDraw = False
168.4687 	EXP 	prime_text: height = np.float64(0.05)
168.4687 	EXP 	prime_text: height = np.float64(0.05)
168.4687 	EXP 	prime_text: height = np.float64(0.05)
168.4687 	EXP 	prime_text: text = 'The boy can read fast'
168.4687 	EXP 	target_text: height = np.float64(0.05)
168.4687 	EXP 	target_text: height = np.float64(0.05)
168.4687 	EXP 	target_text: height = np.float64(0.05)
168.4687 	EXP 	target_text: text = 'The read can boy fast'
168.4743 	EXP 	fix_text: autoDraw = True
168.7226 	EXP 	fix_text: autoDraw = False
168.7226 	EXP 	blank1_bg: autoDraw = True
168.9223 	EXP 	blank1_bg: autoDraw = False
168.9223 	EXP 	prime_text: autoDraw = True
169.1082 	EXP 	prime_text: autoDraw = False
169.1215 	EXP 	blank2_bg: autoDraw = True
169.2094 	EXP 	blank2_bg: autoDraw = False
169.2219 	INFO 	Keyboard events cleared
169.2216 	EXP 	target_text: autoDraw = True
170.0408 	EXP 	Device response: <KeyPress from None: t=170.0356632490002, value=left, duration=None>
170.0493 	DATA 	Keypress: left
170.0537 	EXP 	fix_text: autoDraw = False
170.0537 	EXP 	blank1_bg: autoDraw = False
170.0537 	EXP 	prime_text: autoDraw = False
170.0537 	EXP 	blank2_bg: autoDraw = False
170.0537 	EXP 	target_text: autoDraw = False
170.0537 	EXP 	greenCircle: autoDraw = True
170.0537 	EXP 	redCrosss: autoDraw = True
170.2131 	EXP 	Device response: <KeyPress from None: t=170.0356632490002, value=left, duration=0.17628099999274127>
170.2384 	EXP 	blank3_bg: autoDraw = True
170.2460 	EXP 	greenCircle: autoDraw = False
170.2460 	EXP 	redCrosss: autoDraw = False
171.0228 	EXP 	New trial (rep=2, index=8): <Trial 40 (8 in rep 2) data={'prime': 'The boy can read fast', 'target': 'The boy can read fast', 'condition': 'repetition_related', 'correctAns': 'right', 'thisN': 40, 'thisTrialN': 8, 'thisRepN': 2}>
171.0332 	EXP 	blank3_bg: autoDraw = False
171.0332 	EXP 	blank3_bg: autoDraw = False
171.0332 	EXP 	greenCircle: autoDraw = False
171.0332 	EXP 	redCrosss: autoDraw = False
171.0332 	EXP 	prime_text: text = 'The boy can read fast'
171.0332 	EXP 	target_text: height = np.float64(0.05)
171.0332 	EXP 	target_text: height = np.float64(0.05)
171.0332 	EXP 	target_text: height = np.float64(0.05)
171.0332 	EXP 	target_text: text = 'The boy can read fast'
171.0374 	EXP 	fix_text: autoDraw = True
171.2767 	EXP 	fix_text: autoDraw = False
171.2889 	EXP 	blank1_bg: autoDraw = True
171.4889 	EXP 	blank1_bg: autoDraw = False
171.4889 	EXP 	prime_text: autoDraw = True
171.6766 	EXP 	prime_text: autoDraw = False
171.6888 	EXP 	blank2_bg: autoDraw = True
171.7763 	EXP 	blank2_bg: autoDraw = False
171.7893 	INFO 	Keyboard events cleared
171.7891 	EXP 	target_text: autoDraw = True
172.2460 	EXP 	Device response: <KeyPress from None: t=172.23951799899805, value=right, duration=None>
172.2534 	DATA 	Keypress: right
172.2580 	EXP 	fix_text: autoDraw = False
172.2580 	EXP 	blank1_bg: autoDraw = False
172.2580 	EXP 	prime_text: autoDraw = False
172.2580 	EXP 	blank2_bg: autoDraw = False
172.2580 	EXP 	target_text: autoDraw = False
172.2580 	EXP 	greenCircle: autoDraw = True
172.2580 	EXP 	redCrosss: autoDraw = True
172.4375 	EXP 	blank3_bg: autoDraw = True
172.4543 	EXP 	greenCircle: autoDraw = False
172.4543 	EXP 	redCrosss: autoDraw = False
172.4737 	EXP 	Device response: <KeyPress from None: t=172.23951799899805, value=right, duration=0.23239087499678135>
173.2217 	EXP 	New trial (rep=2, index=9): <Trial 41 (9 in rep 2) data={'prime': 'They have finished the work', 'target': 'They finished have the work', 'condition': 'transposition_related', 'correctAns': 'right', 'thisN': 41, 'thisTrialN': 9, 'thisRepN': 2}>
173.2362 	EXP 	blank3_bg: autoDraw = False
173.2362 	EXP 	blank3_bg: autoDraw = False
173.2362 	EXP 	greenCircle: autoDraw = False
173.2362 	EXP 	redCrosss: autoDraw = False
173.2362 	EXP 	prime_text: height = np.float64(0.05)
173.2362 	EXP 	prime_text: height = np.float64(0.05)
173.2362 	EXP 	prime_text: height = np.float64(0.05)
173.2362 	EXP 	prime_text: text = 'They have finished the work'
173.2362 	EXP 	target_text: height = np.float64(0.05)
173.2362 	EXP 	target_text: height = np.float64(0.05)
173.2362 	EXP 	target_text: height = np.float64(0.05)
173.2362 	EXP 	target_text: text = 'They finished have the work'
173.2406 	EXP 	fix_text: autoDraw = True
173.4881 	EXP 	fix_text: autoDraw = False
173.4881 	EXP 	blank1_bg: autoDraw = True
173.6761 	EXP 	blank1_bg: autoDraw = False
173.6950 	EXP 	prime_text: autoDraw = True
173.8891 	EXP 	prime_text: autoDraw = False
173.8891 	EXP 	blank2_bg: autoDraw = True
173.9766 	EXP 	blank2_bg: autoDraw = False
173.9958 	INFO 	Keyboard events cleared
173.9956 	EXP 	target_text: autoDraw = True
175.1242 	EXP 	Device response: <KeyPress from None: t=175.11556487399503, value=left, duration=None>
175.1329 	DATA 	Keypress: left
175.1371 	EXP 	fix_text: autoDraw = False
175.1371 	EXP 	blank1_bg: autoDraw = False
175.1371 	EXP 	prime_text: autoDraw = False
175.1371 	EXP 	blank2_bg: autoDraw = False
175.1371 	EXP 	target_text: autoDraw = False
175.1371 	EXP 	greenCircle: autoDraw = True
175.1371 	EXP 	redCrosss: autoDraw = True
175.2905 	EXP 	Device response: <KeyPress from None: t=175.11556487399503, value=left, duration=0.1643258749973029>
175.3222 	EXP 	blank3_bg: autoDraw = True
175.3292 	EXP 	greenCircle: autoDraw = False
175.3292 	EXP 	redCrosss: autoDraw = False
176.1129 	EXP 	New trial (rep=2, index=10): <Trial 42 (10 in rep 2) data={'prime': 'She does not like apples', 'target': 'She like does apples not', 'condition': 'transposition_unrelated', 'correctAns': 'left', 'thisN': 42, 'thisTrialN': 10, 'thisRepN': 2}>
176.1275 	EXP 	blank3_bg: autoDraw = False
176.1275 	EXP 	blank3_bg: autoDraw = False
176.1275 	EXP 	greenCircle: autoDraw = False
176.1275 	EXP 	redCrosss: autoDraw = False
176.1275 	EXP 	prime_text: height = np.float64(0.05)
176.1275 	EXP 	prime_text: height = np.float64(0.05)
176.1275 	EXP 	prime_text: height = np.float64(0.05)
176.1275 	EXP 	prime_text: text = 'She does not like apples'
176.1275 	EXP 	target_text: height = np.float64(0.05)
176.1275 	EXP 	target_text: height = np.float64(0.05)
176.1275 	EXP 	target_text: height = np.float64(0.05)
176.1275 	EXP 	target_text: text = 'She like does apples not'
176.1275 	EXP 	fix_text: autoDraw = True
176.3722 	EXP 	fix_text: autoDraw = False
176.3722 	EXP 	blank1_bg: autoDraw = True
176.5588 	EXP 	blank1_bg: autoDraw = False
176.5725 	EXP 	prime_text: autoDraw = True
176.7609 	EXP 	prime_text: autoDraw = False
176.7723 	EXP 	blank2_bg: autoDraw = True
176.8597 	EXP 	blank2_bg: autoDraw = False
176.8725 	INFO 	Keyboard events cleared
176.8722 	EXP 	target_text: autoDraw = True
178.2221 	EXP 	Device response: <KeyPress from None: t=178.21148304099916, value=left, duration=None>
178.2255 	DATA 	Keypress: left
178.2291 	EXP 	fix_text: autoDraw = False
178.2291 	EXP 	blank1_bg: autoDraw = False
178.2291 	EXP 	prime_text: autoDraw = False
178.2291 	EXP 	blank2_bg: autoDraw = False
178.2291 	EXP 	target_text: autoDraw = False
178.2291 	EXP 	greenCircle: autoDraw = True
178.2291 	EXP 	redCrosss: autoDraw = True
178.3786 	EXP 	Device response: <KeyPress from None: t=178.21148304099916, value=left, duration=0.16424362499674316>
178.4143 	EXP 	blank3_bg: autoDraw = True
178.4213 	EXP 	greenCircle: autoDraw = False
178.4213 	EXP 	redCrosss: autoDraw = False
179.1972 	EXP 	New trial (rep=2, index=11): <Trial 43 (11 in rep 2) data={'prime': 'They have finished the work', 'target': 'They have finished the work', 'condition': 'repetition_related', 'correctAns': 'right', 'thisN': 43, 'thisTrialN': 11, 'thisRepN': 2}>
179.2101 	EXP 	blank3_bg: autoDraw = False
179.2101 	EXP 	blank3_bg: autoDraw = False
179.2101 	EXP 	greenCircle: autoDraw = False
179.2101 	EXP 	redCrosss: autoDraw = False
179.2101 	EXP 	prime_text: height = np.float64(0.05)
179.2101 	EXP 	prime_text: height = np.float64(0.05)
179.2101 	EXP 	prime_text: height = np.float64(0.05)
179.2101 	EXP 	prime_text: text = 'They have finished the work'
179.2101 	EXP 	target_text: height = np.float64(0.05)
179.2101 	EXP 	target_text: height = np.float64(0.05)
179.2101 	EXP 	target_text: height = np.float64(0.05)
179.2101 	EXP 	target_text: text = 'They have finished the work'
179.2217 	EXP 	fix_text: autoDraw = True
179.4636 	EXP 	fix_text: autoDraw = False
179.4636 	EXP 	blank1_bg: autoDraw = True
179.6556 	EXP 	blank1_bg: autoDraw = False
179.6623 	EXP 	prime_text: autoDraw = True
179.8555 	EXP 	prime_text: autoDraw = False
179.8606 	EXP 	blank2_bg: autoDraw = True
179.9557 	EXP 	blank2_bg: autoDraw = False
179.9627 	INFO 	Keyboard events cleared
179.9625 	EXP 	target_text: autoDraw = True
181.1410 	EXP 	Device response: <KeyPress from None: t=181.12930541600508, value=right, duration=None>
181.1500 	DATA 	Keypress: right
181.1544 	EXP 	fix_text: autoDraw = False
181.1544 	EXP 	blank1_bg: autoDraw = False
181.1544 	EXP 	prime_text: autoDraw = False
181.1544 	EXP 	blank2_bg: autoDraw = False
181.1544 	EXP 	target_text: autoDraw = False
181.1544 	EXP 	greenCircle: autoDraw = True
181.1544 	EXP 	redCrosss: autoDraw = True
181.3379 	EXP 	blank3_bg: autoDraw = True
181.3459 	EXP 	greenCircle: autoDraw = False
181.3459 	EXP 	redCrosss: autoDraw = False
181.3470 	EXP 	Device response: <KeyPress from None: t=181.12930541600508, value=right, duration=0.2124228329921607>
182.1226 	EXP 	New trial (rep=2, index=12): <Trial 44 (12 in rep 2) data={'prime': 'She does not like apples', 'target': 'She not does like apples', 'condition': 'repetition_unrelated', 'correctAns': 'left', 'thisN': 44, 'thisTrialN': 12, 'thisRepN': 2}>
182.1383 	EXP 	blank3_bg: autoDraw = False
182.1383 	EXP 	blank3_bg: autoDraw = False
182.1383 	EXP 	greenCircle: autoDraw = False
182.1383 	EXP 	redCrosss: autoDraw = False
182.1383 	EXP 	prime_text: height = np.float64(0.05)
182.1383 	EXP 	prime_text: height = np.float64(0.05)
182.1383 	EXP 	prime_text: height = np.float64(0.05)
182.1383 	EXP 	prime_text: text = 'She does not like apples'
182.1383 	EXP 	target_text: height = np.float64(0.05)
182.1383 	EXP 	target_text: height = np.float64(0.05)
182.1383 	EXP 	target_text: height = np.float64(0.05)
182.1383 	EXP 	target_text: text = 'She not does like apples'
182.1429 	EXP 	fix_text: autoDraw = True
182.3890 	EXP 	fix_text: autoDraw = False
182.3890 	EXP 	blank1_bg: autoDraw = True
182.5753 	EXP 	blank1_bg: autoDraw = False
182.5889 	EXP 	prime_text: autoDraw = True
182.7776 	EXP 	prime_text: autoDraw = False
182.7889 	EXP 	blank2_bg: autoDraw = True
182.8775 	EXP 	blank2_bg: autoDraw = False
182.8892 	INFO 	Keyboard events cleared
182.8890 	EXP 	target_text: autoDraw = True
184.8953 	EXP 	Device response: <KeyPress from None: t=184.89132466599403, value=left, duration=None>
184.9027 	DATA 	Keypress: left
184.9079 	EXP 	fix_text: autoDraw = False
184.9079 	EXP 	blank1_bg: autoDraw = False
184.9079 	EXP 	prime_text: autoDraw = False
184.9079 	EXP 	blank2_bg: autoDraw = False
184.9079 	EXP 	target_text: autoDraw = False
184.9079 	EXP 	greenCircle: autoDraw = True
184.9079 	EXP 	redCrosss: autoDraw = True
185.0883 	EXP 	blank3_bg: autoDraw = True
185.0897 	EXP 	Device response: <KeyPress from None: t=184.89132466599403, value=left, duration=0.19234150000556838>
185.1054 	EXP 	greenCircle: autoDraw = False
185.1054 	EXP 	redCrosss: autoDraw = False
185.8730 	EXP 	New trial (rep=2, index=13): <Trial 45 (13 in rep 2) data={'prime': 'She does not like apples', 'target': 'She not does like apples', 'condition': 'transposition_related', 'correctAns': 'right', 'thisN': 45, 'thisTrialN': 13, 'thisRepN': 2}>
185.8770 	EXP 	blank3_bg: autoDraw = False
185.8770 	EXP 	blank3_bg: autoDraw = False
185.8770 	EXP 	greenCircle: autoDraw = False
185.8770 	EXP 	redCrosss: autoDraw = False
185.8770 	EXP 	prime_text: text = 'She does not like apples'
185.8770 	EXP 	target_text: text = 'She not does like apples'
185.8943 	EXP 	fix_text: autoDraw = True
186.1377 	EXP 	fix_text: autoDraw = False
186.1377 	EXP 	blank1_bg: autoDraw = True
186.3252 	EXP 	blank1_bg: autoDraw = False
186.3445 	EXP 	prime_text: autoDraw = True
186.5394 	EXP 	prime_text: autoDraw = False
186.5466 	EXP 	blank2_bg: autoDraw = True
186.6444 	INFO 	Keyboard events cleared
186.6442 	EXP 	blank2_bg: autoDraw = False
186.6442 	EXP 	target_text: autoDraw = True
187.8131 	EXP 	Device response: <KeyPress from None: t=187.80728737400204, value=left, duration=None>
187.8204 	DATA 	Keypress: left
187.8248 	EXP 	fix_text: autoDraw = False
187.8248 	EXP 	blank1_bg: autoDraw = False
187.8248 	EXP 	prime_text: autoDraw = False
187.8248 	EXP 	blank2_bg: autoDraw = False
187.8248 	EXP 	target_text: autoDraw = False
187.8248 	EXP 	greenCircle: autoDraw = True
187.8248 	EXP 	redCrosss: autoDraw = True
187.9778 	EXP 	Device response: <KeyPress from None: t=187.80728737400204, value=left, duration=0.1681797089986503>
188.0149 	EXP 	blank3_bg: autoDraw = True
188.0208 	EXP 	greenCircle: autoDraw = False
188.0208 	EXP 	redCrosss: autoDraw = False
188.8046 	EXP 	New trial (rep=2, index=14): <Trial 46 (14 in rep 2) data={'prime': 'The dog is barking loudly', 'target': 'The dog is barking loudly', 'condition': 'repetition_related', 'correctAns': 'right', 'thisN': 46, 'thisTrialN': 14, 'thisRepN': 2}>
188.8190 	EXP 	blank3_bg: autoDraw = False
188.8190 	EXP 	blank3_bg: autoDraw = False
188.8190 	EXP 	greenCircle: autoDraw = False
188.8190 	EXP 	redCrosss: autoDraw = False
188.8190 	EXP 	prime_text: height = np.float64(0.05)
188.8190 	EXP 	prime_text: height = np.float64(0.05)
188.8190 	EXP 	prime_text: height = np.float64(0.05)
188.8190 	EXP 	prime_text: text = 'The dog is barking loudly'
188.8190 	EXP 	target_text: height = np.float64(0.05)
188.8190 	EXP 	target_text: height = np.float64(0.05)
188.8190 	EXP 	target_text: height = np.float64(0.05)
188.8190 	EXP 	target_text: text = 'The dog is barking loudly'
188.8190 	EXP 	fix_text: autoDraw = True
189.0636 	EXP 	fix_text: autoDraw = False
189.0636 	EXP 	blank1_bg: autoDraw = True
189.2540 	EXP 	prime_text: autoDraw = True
189.2585 	EXP 	blank1_bg: autoDraw = False
189.4440 	EXP 	prime_text: autoDraw = False
189.4620 	EXP 	blank2_bg: autoDraw = True
189.5557 	INFO 	Keyboard events cleared
189.5555 	EXP 	blank2_bg: autoDraw = False
189.5555 	EXP 	target_text: autoDraw = True
190.8576 	EXP 	Device response: <KeyPress from None: t=190.8481836659921, value=right, duration=None>
190.8656 	DATA 	Keypress: right
190.8700 	EXP 	fix_text: autoDraw = False
190.8700 	EXP 	blank1_bg: autoDraw = False
190.8700 	EXP 	prime_text: autoDraw = False
190.8700 	EXP 	blank2_bg: autoDraw = False
190.8700 	EXP 	target_text: autoDraw = False
190.8700 	EXP 	greenCircle: autoDraw = True
190.8700 	EXP 	redCrosss: autoDraw = True
191.0548 	EXP 	blank3_bg: autoDraw = True
191.0560 	EXP 	Device response: <KeyPress from None: t=190.8481836659921, value=right, duration=0.20029820800118614>
191.0651 	EXP 	greenCircle: autoDraw = False
191.0651 	EXP 	redCrosss: autoDraw = False
191.8396 	EXP 	New trial (rep=2, index=15): <Trial 47 (15 in rep 2) data={'prime': 'The dog is barking loudly', 'target': 'The loudly is barking dog', 'condition': 'repetition_unrelated', 'correctAns': 'left', 'thisN': 47, 'thisTrialN': 15, 'thisRepN': 2}>
191.8505 	EXP 	blank3_bg: autoDraw = False
191.8505 	EXP 	blank3_bg: autoDraw = False
191.8505 	EXP 	greenCircle: autoDraw = False
191.8505 	EXP 	redCrosss: autoDraw = False
191.8505 	EXP 	prime_text: text = 'The dog is barking loudly'
191.8505 	EXP 	target_text: height = np.float64(0.05)
191.8505 	EXP 	target_text: height = np.float64(0.05)
191.8505 	EXP 	target_text: height = np.float64(0.05)
191.8505 	EXP 	target_text: text = 'The loudly is barking dog'
191.8719 	EXP 	fix_text: autoDraw = True
192.1042 	EXP 	blank1_bg: autoDraw = True
192.1221 	EXP 	fix_text: autoDraw = False
192.2917 	EXP 	blank1_bg: autoDraw = False
192.3057 	EXP 	prime_text: autoDraw = True
192.4942 	EXP 	prime_text: autoDraw = False
192.5058 	EXP 	blank2_bg: autoDraw = True
192.5937 	EXP 	blank2_bg: autoDraw = False
192.6060 	INFO 	Keyboard events cleared
192.6058 	EXP 	target_text: autoDraw = True
193.4572 	EXP 	Device response: <KeyPress from None: t=193.45207491600013, value=left, duration=None>
193.4653 	DATA 	Keypress: left
193.4695 	EXP 	fix_text: autoDraw = False
193.4695 	EXP 	blank1_bg: autoDraw = False
193.4695 	EXP 	prime_text: autoDraw = False
193.4695 	EXP 	blank2_bg: autoDraw = False
193.4695 	EXP 	target_text: autoDraw = False
193.4695 	EXP 	greenCircle: autoDraw = True
193.4695 	EXP 	redCrosss: autoDraw = True
193.6402 	EXP 	Device response: <KeyPress from None: t=193.45207491600013, value=left, duration=0.18440070799260866>
193.6547 	EXP 	blank3_bg: autoDraw = True
193.6614 	EXP 	greenCircle: autoDraw = False
193.6614 	EXP 	redCrosss: autoDraw = False
194.4381 	EXP 	New trial (rep=3, index=0): <Trial 48 (0 in rep 3) data={'prime': 'The boy can read fast', 'target': 'The boy can read fast', 'condition': 'transposition_related', 'correctAns': 'right', 'thisN': 48, 'thisTrialN': 0, 'thisRepN': 3}>
194.4528 	EXP 	blank3_bg: autoDraw = False
194.4528 	EXP 	blank3_bg: autoDraw = False
194.4528 	EXP 	greenCircle: autoDraw = False
194.4528 	EXP 	redCrosss: autoDraw = False
194.4528 	EXP 	prime_text: height = np.float64(0.05)
194.4528 	EXP 	prime_text: height = np.float64(0.05)
194.4528 	EXP 	prime_text: height = np.float64(0.05)
194.4528 	EXP 	prime_text: text = 'The boy can read fast'
194.4528 	EXP 	target_text: height = np.float64(0.05)
194.4528 	EXP 	target_text: height = np.float64(0.05)
194.4528 	EXP 	target_text: height = np.float64(0.05)
194.4528 	EXP 	target_text: text = 'The boy can read fast'
194.4572 	EXP 	fix_text: autoDraw = True
194.7056 	EXP 	fix_text: autoDraw = False
194.7056 	EXP 	blank1_bg: autoDraw = True
194.8931 	EXP 	blank1_bg: autoDraw = False
194.9057 	EXP 	prime_text: autoDraw = True
195.0940 	EXP 	prime_text: autoDraw = False
195.1057 	EXP 	blank2_bg: autoDraw = True
195.1940 	EXP 	blank2_bg: autoDraw = False
195.2057 	INFO 	Keyboard events cleared
195.2055 	EXP 	target_text: autoDraw = True
197.4074 	EXP 	Device response: <KeyPress from None: t=197.40403724899807, value=right, duration=None>
197.4158 	DATA 	Keypress: right
197.4202 	EXP 	fix_text: autoDraw = False
197.4202 	EXP 	blank1_bg: autoDraw = False
197.4202 	EXP 	prime_text: autoDraw = False
197.4202 	EXP 	blank2_bg: autoDraw = False
197.4202 	EXP 	target_text: autoDraw = False
197.4202 	EXP 	greenCircle: autoDraw = True
197.4202 	EXP 	redCrosss: autoDraw = True
197.6040 	EXP 	blank3_bg: autoDraw = True
197.6102 	EXP 	greenCircle: autoDraw = False
197.6102 	EXP 	redCrosss: autoDraw = False
197.6241 	EXP 	Device response: <KeyPress from None: t=197.40403724899807, value=right, duration=0.21234116700361483>
198.3882 	EXP 	New trial (rep=3, index=1): <Trial 49 (1 in rep 3) data={'prime': 'She does not like apples', 'target': 'She not does like apples', 'condition': 'repetition_unrelated', 'correctAns': 'left', 'thisN': 49, 'thisTrialN': 1, 'thisRepN': 3}>
198.4039 	EXP 	blank3_bg: autoDraw = False
198.4039 	EXP 	blank3_bg: autoDraw = False
198.4039 	EXP 	greenCircle: autoDraw = False
198.4039 	EXP 	redCrosss: autoDraw = False
198.4039 	EXP 	prime_text: height = np.float64(0.05)
198.4039 	EXP 	prime_text: height = np.float64(0.05)
198.4039 	EXP 	prime_text: height = np.float64(0.05)
198.4039 	EXP 	prime_text: text = 'She does not like apples'
198.4039 	EXP 	target_text: height = np.float64(0.05)
198.4039 	EXP 	target_text: height = np.float64(0.05)
198.4039 	EXP 	target_text: height = np.float64(0.05)
198.4039 	EXP 	target_text: text = 'She not does like apples'
198.4086 	EXP 	fix_text: autoDraw = True
198.6556 	EXP 	fix_text: autoDraw = False
198.6556 	EXP 	blank1_bg: autoDraw = True
198.8554 	EXP 	blank1_bg: autoDraw = False
198.8554 	EXP 	prime_text: autoDraw = True
199.0442 	EXP 	prime_text: autoDraw = False
199.0556 	EXP 	blank2_bg: autoDraw = True
199.1438 	EXP 	blank2_bg: autoDraw = False
199.1558 	INFO 	Keyboard events cleared
199.1556 	EXP 	target_text: autoDraw = True
200.1631 	EXP 	Device response: <KeyPress from None: t=200.1559738329961, value=left, duration=None>
200.1704 	DATA 	Keypress: left
200.1746 	EXP 	fix_text: autoDraw = False
200.1746 	EXP 	blank1_bg: autoDraw = False
200.1746 	EXP 	prime_text: autoDraw = False
200.1746 	EXP 	blank2_bg: autoDraw = False
200.1746 	EXP 	target_text: autoDraw = False
200.1746 	EXP 	greenCircle: autoDraw = True
200.1746 	EXP 	redCrosss: autoDraw = True
200.2907 	EXP 	Device response: <KeyPress from None: t=200.1559738329961, value=left, duration=0.13235958300356288>
200.3635 	EXP 	blank3_bg: autoDraw = True
200.3706 	EXP 	greenCircle: autoDraw = False
200.3706 	EXP 	redCrosss: autoDraw = False
201.1565 	EXP 	New trial (rep=3, index=2): <Trial 50 (2 in rep 3) data={'prime': 'The dog is barking loudly', 'target': 'The dog barking is loudly', 'condition': 'transposition_related', 'correctAns': 'right', 'thisN': 50, 'thisTrialN': 2, 'thisRepN': 3}>
201.1725 	EXP 	blank3_bg: autoDraw = False
201.1725 	EXP 	blank3_bg: autoDraw = False
201.1725 	EXP 	greenCircle: autoDraw = False
201.1725 	EXP 	redCrosss: autoDraw = False
201.1725 	EXP 	prime_text: height = np.float64(0.05)
201.1725 	EXP 	prime_text: height = np.float64(0.05)
201.1725 	EXP 	prime_text: height = np.float64(0.05)
201.1725 	EXP 	prime_text: text = 'The dog is barking loudly'
201.1725 	EXP 	target_text: height = np.float64(0.05)
201.1725 	EXP 	target_text: height = np.float64(0.05)
201.1725 	EXP 	target_text: height = np.float64(0.05)
201.1725 	EXP 	target_text: text = 'The dog barking is loudly'
201.1725 	EXP 	fix_text: autoDraw = True
201.4139 	EXP 	fix_text: autoDraw = False
201.4139 	EXP 	blank1_bg: autoDraw = True
201.6040 	EXP 	blank1_bg: autoDraw = False
201.6040 	EXP 	prime_text: autoDraw = True
201.7930 	EXP 	prime_text: autoDraw = False
201.8120 	EXP 	blank2_bg: autoDraw = True
201.9121 	INFO 	Keyboard events cleared
201.9119 	EXP 	blank2_bg: autoDraw = False
201.9119 	EXP 	target_text: autoDraw = True
207.8577 	EXP 	Device response: <KeyPress from None: t=207.8554877909919, value=left, duration=None>
207.8667 	DATA 	Keypress: left
207.8716 	EXP 	fix_text: autoDraw = False
207.8716 	EXP 	blank1_bg: autoDraw = False
207.8716 	EXP 	prime_text: autoDraw = False
207.8716 	EXP 	blank2_bg: autoDraw = False
207.8716 	EXP 	target_text: autoDraw = False
207.8716 	EXP 	greenCircle: autoDraw = True
207.8716 	EXP 	redCrosss: autoDraw = True
208.0240 	EXP 	Device response: <KeyPress from None: t=207.8554877909919, value=left, duration=0.16600787501374725>
208.0557 	EXP 	blank3_bg: autoDraw = True
208.0631 	EXP 	greenCircle: autoDraw = False
208.0631 	EXP 	redCrosss: autoDraw = False
208.8463 	EXP 	New trial (rep=3, index=3): <Trial 51 (3 in rep 3) data={'prime': 'The boy can read fast', 'target': 'The read can boy fast', 'condition': 'repetition_unrelated', 'correctAns': 'left', 'thisN': 51, 'thisTrialN': 3, 'thisRepN': 3}>
208.8630 	EXP 	blank3_bg: autoDraw = False
208.8630 	EXP 	blank3_bg: autoDraw = False
208.8630 	EXP 	greenCircle: autoDraw = False
208.8630 	EXP 	redCrosss: autoDraw = False
208.8630 	EXP 	prime_text: height = np.float64(0.05)
208.8630 	EXP 	prime_text: height = np.float64(0.05)
208.8630 	EXP 	prime_text: height = np.float64(0.05)
208.8630 	EXP 	prime_text: text = 'The boy can read fast'
208.8630 	EXP 	target_text: height = np.float64(0.05)
208.8630 	EXP 	target_text: height = np.float64(0.05)
208.8630 	EXP 	target_text: height = np.float64(0.05)
208.8630 	EXP 	target_text: text = 'The read can boy fast'
208.8630 	EXP 	fix_text: autoDraw = True
209.1053 	EXP 	blank1_bg: autoDraw = True
209.1128 	EXP 	fix_text: autoDraw = False
209.2929 	EXP 	blank1_bg: autoDraw = False
209.3056 	EXP 	prime_text: autoDraw = True
209.4942 	EXP 	prime_text: autoDraw = False
209.5054 	EXP 	blank2_bg: autoDraw = True
209.5931 	EXP 	blank2_bg: autoDraw = False
209.6059 	INFO 	Keyboard events cleared
209.6056 	EXP 	target_text: autoDraw = True
212.2740 	EXP 	Device response: <KeyPress from None: t=212.27180258299632, value=left, duration=None>
212.2818 	DATA 	Keypress: left
212.2861 	EXP 	fix_text: autoDraw = False
212.2861 	EXP 	blank1_bg: autoDraw = False
212.2861 	EXP 	prime_text: autoDraw = False
212.2861 	EXP 	blank2_bg: autoDraw = False
212.2861 	EXP 	target_text: autoDraw = False
212.2861 	EXP 	greenCircle: autoDraw = True
212.2861 	EXP 	redCrosss: autoDraw = True
212.4069 	EXP 	Device response: <KeyPress from None: t=212.27180258299632, value=left, duration=0.1301509159966372>
212.4706 	EXP 	blank3_bg: autoDraw = True
212.4770 	EXP 	greenCircle: autoDraw = False
212.4770 	EXP 	redCrosss: autoDraw = False
213.2562 	EXP 	New trial (rep=3, index=4): <Trial 52 (4 in rep 3) data={'prime': 'She does not like apples', 'target': 'She like does apples not', 'condition': 'transposition_unrelated', 'correctAns': 'left', 'thisN': 52, 'thisTrialN': 4, 'thisRepN': 3}>
213.2714 	EXP 	blank3_bg: autoDraw = False
213.2714 	EXP 	blank3_bg: autoDraw = False
213.2714 	EXP 	greenCircle: autoDraw = False
213.2714 	EXP 	redCrosss: autoDraw = False
213.2714 	EXP 	prime_text: height = np.float64(0.05)
213.2714 	EXP 	prime_text: height = np.float64(0.05)
213.2714 	EXP 	prime_text: height = np.float64(0.05)
213.2714 	EXP 	prime_text: text = 'She does not like apples'
213.2714 	EXP 	target_text: height = np.float64(0.05)
213.2714 	EXP 	target_text: height = np.float64(0.05)
213.2714 	EXP 	target_text: height = np.float64(0.05)
213.2714 	EXP 	target_text: text = 'She like does apples not'
213.2758 	EXP 	fix_text: autoDraw = True
213.5223 	EXP 	fix_text: autoDraw = False
213.5223 	EXP 	blank1_bg: autoDraw = True
213.7220 	EXP 	blank1_bg: autoDraw = False
213.7220 	EXP 	prime_text: autoDraw = True
213.9107 	EXP 	prime_text: autoDraw = False
213.9221 	EXP 	blank2_bg: autoDraw = True
214.0091 	EXP 	blank2_bg: autoDraw = False
214.0223 	INFO 	Keyboard events cleared
214.0221 	EXP 	target_text: autoDraw = True
215.1961 	EXP 	Device response: <KeyPress from None: t=215.19458720799594, value=left, duration=None>
215.2035 	DATA 	Keypress: left
215.2081 	EXP 	fix_text: autoDraw = False
215.2081 	EXP 	blank1_bg: autoDraw = False
215.2081 	EXP 	prime_text: autoDraw = False
215.2081 	EXP 	blank2_bg: autoDraw = False
215.2081 	EXP 	target_text: autoDraw = False
215.2081 	EXP 	greenCircle: autoDraw = True
215.2081 	EXP 	redCrosss: autoDraw = True
215.3901 	EXP 	Device response: <KeyPress from None: t=215.19458720799594, value=left, duration=0.1922365000064019>
215.3997 	EXP 	blank3_bg: autoDraw = True
215.4056 	EXP 	greenCircle: autoDraw = False
215.4056 	EXP 	redCrosss: autoDraw = False
216.1883 	EXP 	New trial (rep=3, index=5): <Trial 53 (5 in rep 3) data={'prime': 'The boy can read fast', 'target': 'The read can boy fast', 'condition': 'transposition_unrelated', 'correctAns': 'left', 'thisN': 53, 'thisTrialN': 5, 'thisRepN': 3}>
216.2040 	EXP 	blank3_bg: autoDraw = False
216.2040 	EXP 	blank3_bg: autoDraw = False
216.2040 	EXP 	greenCircle: autoDraw = False
216.2040 	EXP 	redCrosss: autoDraw = False
216.2040 	EXP 	prime_text: height = np.float64(0.05)
216.2040 	EXP 	prime_text: height = np.float64(0.05)
216.2040 	EXP 	prime_text: height = np.float64(0.05)
216.2040 	EXP 	prime_text: text = 'The boy can read fast'
216.2040 	EXP 	target_text: height = np.float64(0.05)
216.2040 	EXP 	target_text: height = np.float64(0.05)
216.2040 	EXP 	target_text: height = np.float64(0.05)
216.2040 	EXP 	target_text: text = 'The read can boy fast'
216.2040 	EXP 	fix_text: autoDraw = True
216.4469 	EXP 	fix_text: autoDraw = False
216.4469 	EXP 	blank1_bg: autoDraw = True
216.6375 	EXP 	prime_text: autoDraw = True
216.6427 	EXP 	blank1_bg: autoDraw = False
216.8271 	EXP 	prime_text: autoDraw = False
216.8453 	EXP 	blank2_bg: autoDraw = True
216.9388 	EXP 	blank2_bg: autoDraw = False
216.9451 	INFO 	Keyboard events cleared
216.9449 	EXP 	target_text: autoDraw = True
218.0743 	EXP 	Device response: <KeyPress from None: t=218.0723978330061, value=left, duration=None>
218.0826 	DATA 	Keypress: left
218.0870 	EXP 	fix_text: autoDraw = False
218.0870 	EXP 	blank1_bg: autoDraw = False
218.0870 	EXP 	prime_text: autoDraw = False
218.0870 	EXP 	blank2_bg: autoDraw = False
218.0870 	EXP 	target_text: autoDraw = False
218.0870 	EXP 	greenCircle: autoDraw = True
218.0870 	EXP 	redCrosss: autoDraw = True
218.2567 	EXP 	Device response: <KeyPress from None: t=218.0723978330061, value=left, duration=0.176369832988712>
218.2705 	EXP 	blank3_bg: autoDraw = True
218.2771 	EXP 	greenCircle: autoDraw = False
218.2771 	EXP 	redCrosss: autoDraw = False
219.0562 	EXP 	New trial (rep=3, index=6): <Trial 54 (6 in rep 3) data={'prime': 'The dog is barking loudly', 'target': 'The barking dog loudly is', 'condition': 'transposition_unrelated', 'correctAns': 'left', 'thisN': 54, 'thisTrialN': 6, 'thisRepN': 3}>
219.0712 	EXP 	blank3_bg: autoDraw = False
219.0712 	EXP 	blank3_bg: autoDraw = False
219.0712 	EXP 	greenCircle: autoDraw = False
219.0712 	EXP 	redCrosss: autoDraw = False
219.0712 	EXP 	prime_text: height = np.float64(0.05)
219.0712 	EXP 	prime_text: height = np.float64(0.05)
219.0712 	EXP 	prime_text: height = np.float64(0.05)
219.0712 	EXP 	prime_text: text = 'The dog is barking loudly'
219.0712 	EXP 	target_text: height = np.float64(0.05)
219.0712 	EXP 	target_text: height = np.float64(0.05)
219.0712 	EXP 	target_text: height = np.float64(0.05)
219.0712 	EXP 	target_text: text = 'The barking dog loudly is'
219.0758 	EXP 	fix_text: autoDraw = True
219.3222 	EXP 	fix_text: autoDraw = False
219.3222 	EXP 	blank1_bg: autoDraw = True
219.5099 	EXP 	blank1_bg: autoDraw = False
219.5223 	EXP 	prime_text: autoDraw = True
219.7108 	EXP 	prime_text: autoDraw = False
219.7222 	EXP 	blank2_bg: autoDraw = True
219.8096 	EXP 	blank2_bg: autoDraw = False
219.8224 	INFO 	Keyboard events cleared
219.8222 	EXP 	target_text: autoDraw = True
221.4903 	EXP 	Device response: <KeyPress from None: t=221.47945758300193, value=left, duration=None>
221.4985 	DATA 	Keypress: left
221.5028 	EXP 	fix_text: autoDraw = False
221.5028 	EXP 	blank1_bg: autoDraw = False
221.5028 	EXP 	prime_text: autoDraw = False
221.5028 	EXP 	blank2_bg: autoDraw = False
221.5028 	EXP 	target_text: autoDraw = False
221.5028 	EXP 	greenCircle: autoDraw = True
221.5028 	EXP 	redCrosss: autoDraw = True
221.6741 	EXP 	Device response: <KeyPress from None: t=221.47945758300193, value=left, duration=0.19232262499281205>
221.6884 	EXP 	blank3_bg: autoDraw = True
221.6948 	EXP 	greenCircle: autoDraw = False
221.6948 	EXP 	redCrosss: autoDraw = False
222.4732 	EXP 	New trial (rep=3, index=7): <Trial 55 (7 in rep 3) data={'prime': 'The dog is barking loudly', 'target': 'The dog is barking loudly', 'condition': 'repetition_related', 'correctAns': 'right', 'thisN': 55, 'thisTrialN': 7, 'thisRepN': 3}>
222.4840 	EXP 	blank3_bg: autoDraw = False
222.4840 	EXP 	blank3_bg: autoDraw = False
222.4840 	EXP 	greenCircle: autoDraw = False
222.4840 	EXP 	redCrosss: autoDraw = False
222.4840 	EXP 	prime_text: text = 'The dog is barking loudly'
222.4840 	EXP 	target_text: height = np.float64(0.05)
222.4840 	EXP 	target_text: height = np.float64(0.05)
222.4840 	EXP 	target_text: height = np.float64(0.05)
222.4840 	EXP 	target_text: text = 'The dog is barking loudly'
222.5053 	EXP 	fix_text: autoDraw = True
222.7380 	EXP 	blank1_bg: autoDraw = True
222.7464 	EXP 	fix_text: autoDraw = False
222.9256 	EXP 	blank1_bg: autoDraw = False
222.9388 	EXP 	prime_text: autoDraw = True
223.1270 	EXP 	prime_text: autoDraw = False
223.1388 	EXP 	blank2_bg: autoDraw = True
223.2272 	EXP 	blank2_bg: autoDraw = False
223.2390 	INFO 	Keyboard events cleared
223.2388 	EXP 	target_text: autoDraw = True
224.8571 	EXP 	Device response: <KeyPress from None: t=224.85141512399423, value=right, duration=None>
224.8650 	DATA 	Keypress: right
224.8693 	EXP 	fix_text: autoDraw = False
224.8693 	EXP 	blank1_bg: autoDraw = False
224.8693 	EXP 	prime_text: autoDraw = False
224.8693 	EXP 	blank2_bg: autoDraw = False
224.8693 	EXP 	target_text: autoDraw = False
224.8693 	EXP 	greenCircle: autoDraw = True
224.8693 	EXP 	redCrosss: autoDraw = True
225.0543 	EXP 	blank3_bg: autoDraw = True
225.0606 	EXP 	greenCircle: autoDraw = False
225.0606 	EXP 	redCrosss: autoDraw = False
225.0809 	EXP 	Device response: <KeyPress from None: t=224.85141512399423, value=right, duration=0.2282796670042444>
225.8381 	EXP 	New trial (rep=3, index=8): <Trial 56 (8 in rep 3) data={'prime': 'They have finished the work', 'target': 'They finished have the work', 'condition': 'transposition_related', 'correctAns': 'right', 'thisN': 56, 'thisTrialN': 8, 'thisRepN': 3}>
225.8527 	EXP 	blank3_bg: autoDraw = False
225.8527 	EXP 	blank3_bg: autoDraw = False
225.8527 	EXP 	greenCircle: autoDraw = False
225.8527 	EXP 	redCrosss: autoDraw = False
225.8527 	EXP 	prime_text: height = np.float64(0.05)
225.8527 	EXP 	prime_text: height = np.float64(0.05)
225.8527 	EXP 	prime_text: height = np.float64(0.05)
225.8527 	EXP 	prime_text: text = 'They have finished the work'
225.8527 	EXP 	target_text: height = np.float64(0.05)
225.8527 	EXP 	target_text: height = np.float64(0.05)
225.8527 	EXP 	target_text: height = np.float64(0.05)
225.8527 	EXP 	target_text: text = 'They finished have the work'
225.8574 	EXP 	fix_text: autoDraw = True
226.1056 	EXP 	fix_text: autoDraw = False
226.1056 	EXP 	blank1_bg: autoDraw = True
226.3054 	EXP 	blank1_bg: autoDraw = False
226.3054 	EXP 	prime_text: autoDraw = True
226.4929 	EXP 	prime_text: autoDraw = False
226.5057 	EXP 	blank2_bg: autoDraw = True
226.5937 	EXP 	blank2_bg: autoDraw = False
226.6058 	INFO 	Keyboard events cleared
226.6056 	EXP 	target_text: autoDraw = True
229.1735 	EXP 	Device response: <KeyPress from None: t=229.1653203330061, value=right, duration=None>
229.1814 	DATA 	Keypress: right
229.1856 	EXP 	fix_text: autoDraw = False
229.1856 	EXP 	blank1_bg: autoDraw = False
229.1856 	EXP 	prime_text: autoDraw = False
229.1856 	EXP 	blank2_bg: autoDraw = False
229.1856 	EXP 	target_text: autoDraw = False
229.1856 	EXP 	greenCircle: autoDraw = True
229.1856 	EXP 	redCrosss: autoDraw = True
229.3628 	EXP 	Device response: <KeyPress from None: t=229.1653203330061, value=right, duration=0.19381233298918232>
229.3718 	EXP 	blank3_bg: autoDraw = True
229.3785 	EXP 	greenCircle: autoDraw = False
229.3785 	EXP 	redCrosss: autoDraw = False
230.1614 	EXP 	New trial (rep=3, index=9): <Trial 57 (9 in rep 3) data={'prime': 'The dog is barking loudly', 'target': 'The loudly is barking dog', 'condition': 'repetition_unrelated', 'correctAns': 'left', 'thisN': 57, 'thisTrialN': 9, 'thisRepN': 3}>
230.1759 	EXP 	blank3_bg: autoDraw = False
230.1759 	EXP 	blank3_bg: autoDraw = False
230.1759 	EXP 	greenCircle: autoDraw = False
230.1759 	EXP 	redCrosss: autoDraw = False
230.1759 	EXP 	prime_text: height = np.float64(0.05)
230.1759 	EXP 	prime_text: height = np.float64(0.05)
230.1759 	EXP 	prime_text: height = np.float64(0.05)
230.1759 	EXP 	prime_text: text = 'The dog is barking loudly'
230.1759 	EXP 	target_text: height = np.float64(0.05)
230.1759 	EXP 	target_text: height = np.float64(0.05)
230.1759 	EXP 	target_text: height = np.float64(0.05)
230.1759 	EXP 	target_text: text = 'The loudly is barking dog'
230.1759 	EXP 	fix_text: autoDraw = True
230.4221 	EXP 	fix_text: autoDraw = False
230.4221 	EXP 	blank1_bg: autoDraw = True
230.6092 	EXP 	blank1_bg: autoDraw = False
230.6221 	EXP 	prime_text: autoDraw = True
230.8097 	EXP 	prime_text: autoDraw = False
230.8222 	EXP 	blank2_bg: autoDraw = True
230.9108 	EXP 	blank2_bg: autoDraw = False
230.9226 	INFO 	Keyboard events cleared
230.9223 	EXP 	target_text: autoDraw = True
235.0739 	EXP 	Device response: <KeyPress from None: t=235.0643391659978, value=left, duration=None>
235.0813 	DATA 	Keypress: left
235.0855 	EXP 	fix_text: autoDraw = False
235.0855 	EXP 	blank1_bg: autoDraw = False
235.0855 	EXP 	prime_text: autoDraw = False
235.0855 	EXP 	blank2_bg: autoDraw = False
235.0855 	EXP 	target_text: autoDraw = False
235.0855 	EXP 	greenCircle: autoDraw = True
235.0855 	EXP 	redCrosss: autoDraw = True
235.2622 	EXP 	Device response: <KeyPress from None: t=235.0643391659978, value=left, duration=0.19396158300514799>
235.2713 	EXP 	blank3_bg: autoDraw = True
235.2776 	EXP 	greenCircle: autoDraw = False
235.2776 	EXP 	redCrosss: autoDraw = False
236.0554 	EXP 	New trial (rep=3, index=10): <Trial 58 (10 in rep 3) data={'prime': 'They have finished the work', 'target': 'They have finished the work', 'condition': 'repetition_related', 'correctAns': 'right', 'thisN': 58, 'thisTrialN': 10, 'thisRepN': 3}>
236.0707 	EXP 	blank3_bg: autoDraw = False
236.0707 	EXP 	blank3_bg: autoDraw = False
236.0707 	EXP 	greenCircle: autoDraw = False
236.0707 	EXP 	redCrosss: autoDraw = False
236.0707 	EXP 	prime_text: height = np.float64(0.05)
236.0707 	EXP 	prime_text: height = np.float64(0.05)
236.0707 	EXP 	prime_text: height = np.float64(0.05)
236.0707 	EXP 	prime_text: text = 'They have finished the work'
236.0707 	EXP 	target_text: height = np.float64(0.05)
236.0707 	EXP 	target_text: height = np.float64(0.05)
236.0707 	EXP 	target_text: height = np.float64(0.05)
236.0707 	EXP 	target_text: text = 'They have finished the work'
236.0753 	EXP 	fix_text: autoDraw = True
236.3222 	EXP 	fix_text: autoDraw = False
236.3222 	EXP 	blank1_bg: autoDraw = True
236.5097 	EXP 	blank1_bg: autoDraw = False
236.5222 	EXP 	prime_text: autoDraw = True
236.7107 	EXP 	prime_text: autoDraw = False
236.7222 	EXP 	blank2_bg: autoDraw = True
236.8107 	EXP 	blank2_bg: autoDraw = False
236.8224 	INFO 	Keyboard events cleared
236.8222 	EXP 	target_text: autoDraw = True
238.1126 	EXP 	Device response: <KeyPress from None: t=238.10791012400296, value=right, duration=None>
238.1197 	DATA 	Keypress: right
238.1242 	EXP 	fix_text: autoDraw = False
238.1242 	EXP 	blank1_bg: autoDraw = False
238.1242 	EXP 	prime_text: autoDraw = False
238.1242 	EXP 	blank2_bg: autoDraw = False
238.1242 	EXP 	target_text: autoDraw = False
238.1242 	EXP 	greenCircle: autoDraw = True
238.1242 	EXP 	redCrosss: autoDraw = True
238.3041 	EXP 	blank3_bg: autoDraw = True
238.3052 	EXP 	Device response: <KeyPress from None: t=238.10791012400296, value=right, duration=0.1923407089925604>
238.3208 	EXP 	greenCircle: autoDraw = False
238.3208 	EXP 	redCrosss: autoDraw = False
239.0897 	EXP 	New trial (rep=3, index=11): <Trial 59 (11 in rep 3) data={'prime': 'They have finished the work', 'target': 'They finished have the work', 'condition': 'repetition_unrelated', 'correctAns': 'left', 'thisN': 59, 'thisTrialN': 11, 'thisRepN': 3}>
239.1028 	EXP 	blank3_bg: autoDraw = False
239.1028 	EXP 	blank3_bg: autoDraw = False
239.1028 	EXP 	greenCircle: autoDraw = False
239.1028 	EXP 	redCrosss: autoDraw = False
239.1028 	EXP 	prime_text: text = 'They have finished the work'
239.1028 	EXP 	target_text: height = np.float64(0.05)
239.1028 	EXP 	target_text: height = np.float64(0.05)
239.1028 	EXP 	target_text: height = np.float64(0.05)
239.1028 	EXP 	target_text: text = 'They finished have the work'
239.1075 	EXP 	fix_text: autoDraw = True
239.3555 	EXP 	fix_text: autoDraw = False
239.3633 	EXP 	blank1_bg: autoDraw = True
239.5543 	EXP 	prime_text: autoDraw = True
239.5607 	EXP 	blank1_bg: autoDraw = False
239.7428 	EXP 	prime_text: autoDraw = False
239.7620 	EXP 	blank2_bg: autoDraw = True
239.8616 	INFO 	Keyboard events cleared
239.8614 	EXP 	blank2_bg: autoDraw = False
239.8614 	EXP 	target_text: autoDraw = True
241.8962 	EXP 	Device response: <KeyPress from None: t=241.89188124900102, value=right, duration=None>
241.9035 	DATA 	Keypress: right
241.9081 	EXP 	fix_text: autoDraw = False
241.9081 	EXP 	blank1_bg: autoDraw = False
241.9081 	EXP 	prime_text: autoDraw = False
241.9081 	EXP 	blank2_bg: autoDraw = False
241.9081 	EXP 	target_text: autoDraw = False
241.9081 	EXP 	greenCircle: autoDraw = True
241.9081 	EXP 	redCrosss: autoDraw = True
242.0909 	EXP 	Device response: <KeyPress from None: t=241.89188124900102, value=right, duration=0.19227395899361>
242.1005 	EXP 	blank3_bg: autoDraw = True
242.1220 	EXP 	greenCircle: autoDraw = False
242.1220 	EXP 	redCrosss: autoDraw = False
242.8884 	EXP 	New trial (rep=3, index=12): <Trial 60 (12 in rep 3) data={'prime': 'They have finished the work', 'target': 'They work the have finished', 'condition': 'transposition_unrelated', 'correctAns': 'left', 'thisN': 60, 'thisTrialN': 12, 'thisRepN': 3}>
242.9000 	EXP 	blank3_bg: autoDraw = False
242.9000 	EXP 	blank3_bg: autoDraw = False
242.9000 	EXP 	greenCircle: autoDraw = False
242.9000 	EXP 	redCrosss: autoDraw = False
242.9000 	EXP 	prime_text: text = 'They have finished the work'
242.9000 	EXP 	target_text: height = np.float64(0.05)
242.9000 	EXP 	target_text: height = np.float64(0.05)
242.9000 	EXP 	target_text: height = np.float64(0.05)
242.9000 	EXP 	target_text: text = 'They work the have finished'
242.9000 	EXP 	fix_text: autoDraw = True
243.1470 	EXP 	fix_text: autoDraw = False
243.1470 	EXP 	blank1_bg: autoDraw = True
243.3380 	EXP 	blank1_bg: autoDraw = False
243.3380 	EXP 	prime_text: autoDraw = True
243.5272 	EXP 	prime_text: autoDraw = False
243.5458 	EXP 	blank2_bg: autoDraw = True
243.6388 	EXP 	blank2_bg: autoDraw = False
243.6457 	INFO 	Keyboard events cleared
243.6455 	EXP 	target_text: autoDraw = True
244.8890 	EXP 	Device response: <KeyPress from None: t=244.88264866599638, value=left, duration=None>
244.8945 	DATA 	Keypress: left
244.8979 	EXP 	fix_text: autoDraw = False
244.8979 	EXP 	blank1_bg: autoDraw = False
244.8979 	EXP 	prime_text: autoDraw = False
244.8979 	EXP 	blank2_bg: autoDraw = False
244.8979 	EXP 	target_text: autoDraw = False
244.8979 	EXP 	greenCircle: autoDraw = True
244.8979 	EXP 	redCrosss: autoDraw = True
245.0720 	EXP 	Device response: <KeyPress from None: t=244.88264866599638, value=left, duration=0.18448091699974611>
245.0883 	EXP 	blank3_bg: autoDraw = True
245.0935 	EXP 	greenCircle: autoDraw = False
245.0935 	EXP 	redCrosss: autoDraw = False
245.8725 	EXP 	New trial (rep=3, index=13): <Trial 61 (13 in rep 3) data={'prime': 'The boy can read fast', 'target': 'The boy can read fast', 'condition': 'repetition_related', 'correctAns': 'right', 'thisN': 61, 'thisTrialN': 13, 'thisRepN': 3}>
245.8880 	EXP 	blank3_bg: autoDraw = False
245.8880 	EXP 	blank3_bg: autoDraw = False
245.8880 	EXP 	greenCircle: autoDraw = False
245.8880 	EXP 	redCrosss: autoDraw = False
245.8880 	EXP 	prime_text: height = np.float64(0.05)
245.8880 	EXP 	prime_text: height = np.float64(0.05)
245.8880 	EXP 	prime_text: height = np.float64(0.05)
245.8880 	EXP 	prime_text: text = 'The boy can read fast'
245.8880 	EXP 	target_text: height = np.float64(0.05)
245.8880 	EXP 	target_text: height = np.float64(0.05)
245.8880 	EXP 	target_text: height = np.float64(0.05)
245.8880 	EXP 	target_text: text = 'The boy can read fast'
245.8880 	EXP 	fix_text: autoDraw = True
246.1304 	EXP 	fix_text: autoDraw = False
246.1304 	EXP 	blank1_bg: autoDraw = True
246.3222 	EXP 	blank1_bg: autoDraw = False
246.3288 	EXP 	prime_text: autoDraw = True
246.5220 	EXP 	prime_text: autoDraw = False
246.5268 	EXP 	blank2_bg: autoDraw = True
246.6221 	EXP 	blank2_bg: autoDraw = False
246.6289 	INFO 	Keyboard events cleared
246.6288 	EXP 	target_text: autoDraw = True
248.5957 	EXP 	Device response: <KeyPress from None: t=248.5946493329975, value=right, duration=None>
248.6035 	DATA 	Keypress: right
248.6080 	EXP 	fix_text: autoDraw = False
248.6080 	EXP 	blank1_bg: autoDraw = False
248.6080 	EXP 	prime_text: autoDraw = False
248.6080 	EXP 	blank2_bg: autoDraw = False
248.6080 	EXP 	target_text: autoDraw = False
248.6080 	EXP 	greenCircle: autoDraw = True
248.6080 	EXP 	redCrosss: autoDraw = True
248.7973 	EXP 	blank3_bg: autoDraw = True
248.8040 	EXP 	greenCircle: autoDraw = False
248.8040 	EXP 	redCrosss: autoDraw = False
248.8240 	EXP 	Device response: <KeyPress from None: t=248.5946493329975, value=right, duration=0.2243330000055721>
249.5889 	EXP 	New trial (rep=3, index=14): <Trial 62 (14 in rep 3) data={'prime': 'She does not like apples', 'target': 'She not does like apples', 'condition': 'transposition_related', 'correctAns': 'right', 'thisN': 62, 'thisTrialN': 14, 'thisRepN': 3}>
249.6036 	EXP 	blank3_bg: autoDraw = False
249.6036 	EXP 	blank3_bg: autoDraw = False
249.6036 	EXP 	greenCircle: autoDraw = False
249.6036 	EXP 	redCrosss: autoDraw = False
249.6036 	EXP 	prime_text: height = np.float64(0.05)
249.6036 	EXP 	prime_text: height = np.float64(0.05)
249.6036 	EXP 	prime_text: height = np.float64(0.05)
249.6036 	EXP 	prime_text: text = 'She does not like apples'
249.6036 	EXP 	target_text: height = np.float64(0.05)
249.6036 	EXP 	target_text: height = np.float64(0.05)
249.6036 	EXP 	target_text: height = np.float64(0.05)
249.6036 	EXP 	target_text: text = 'She not does like apples'
249.6036 	EXP 	fix_text: autoDraw = True
249.8474 	EXP 	fix_text: autoDraw = False
249.8474 	EXP 	blank1_bg: autoDraw = True
250.0380 	EXP 	prime_text: autoDraw = True
250.0436 	EXP 	blank1_bg: autoDraw = False
250.2266 	EXP 	prime_text: autoDraw = False
250.2459 	EXP 	blank2_bg: autoDraw = True
250.3458 	INFO 	Keyboard events cleared
250.3456 	EXP 	blank2_bg: autoDraw = False
250.3456 	EXP 	target_text: autoDraw = True
251.5460 	EXP 	Device response: <KeyPress from None: t=251.54455924899958, value=left, duration=None>
251.5529 	DATA 	Keypress: left
251.5578 	EXP 	fix_text: autoDraw = False
251.5578 	EXP 	blank1_bg: autoDraw = False
251.5578 	EXP 	prime_text: autoDraw = False
251.5578 	EXP 	blank2_bg: autoDraw = False
251.5578 	EXP 	target_text: autoDraw = False
251.5578 	EXP 	greenCircle: autoDraw = True
251.5578 	EXP 	redCrosss: autoDraw = True
251.7470 	EXP 	blank3_bg: autoDraw = True
251.7482 	EXP 	Device response: <KeyPress from None: t=251.54455924899958, value=left, duration=0.19635395899240393>
251.7565 	EXP 	greenCircle: autoDraw = False
251.7565 	EXP 	redCrosss: autoDraw = False
252.5301 	EXP 	New trial (rep=3, index=15): <Trial 63 (15 in rep 3) data={'prime': 'She does not like apples', 'target': 'She does not like apples', 'condition': 'repetition_related', 'correctAns': 'right', 'thisN': 63, 'thisTrialN': 15, 'thisRepN': 3}>
252.5412 	EXP 	blank3_bg: autoDraw = False
252.5412 	EXP 	blank3_bg: autoDraw = False
252.5412 	EXP 	greenCircle: autoDraw = False
252.5412 	EXP 	redCrosss: autoDraw = False
252.5412 	EXP 	prime_text: text = 'She does not like apples'
252.5412 	EXP 	target_text: height = np.float64(0.05)
252.5412 	EXP 	target_text: height = np.float64(0.05)
252.5412 	EXP 	target_text: height = np.float64(0.05)
252.5412 	EXP 	target_text: text = 'She does not like apples'
252.5412 	EXP 	fix_text: autoDraw = True
252.7888 	EXP 	fix_text: autoDraw = False
252.7966 	EXP 	blank1_bg: autoDraw = True
252.9874 	EXP 	prime_text: autoDraw = True
252.9922 	EXP 	blank1_bg: autoDraw = False
253.1760 	EXP 	prime_text: autoDraw = False
253.1951 	EXP 	blank2_bg: autoDraw = True
253.2890 	EXP 	blank2_bg: autoDraw = False
253.2959 	INFO 	Keyboard events cleared
253.2957 	EXP 	target_text: autoDraw = True
254.8298 	EXP 	Device response: <KeyPress from None: t=254.82552962399495, value=right, duration=None>
254.8370 	DATA 	Keypress: right
254.8414 	EXP 	fix_text: autoDraw = False
254.8414 	EXP 	blank1_bg: autoDraw = False
254.8414 	EXP 	prime_text: autoDraw = False
254.8414 	EXP 	blank2_bg: autoDraw = False
254.8414 	EXP 	target_text: autoDraw = False
254.8414 	EXP 	greenCircle: autoDraw = True
254.8414 	EXP 	redCrosss: autoDraw = True
254.9962 	EXP 	Device response: <KeyPress from None: t=254.82552962399495, value=right, duration=0.1642947920045117>
255.0309 	EXP 	blank3_bg: autoDraw = True
255.0381 	EXP 	greenCircle: autoDraw = False
255.0381 	EXP 	redCrosss: autoDraw = False
255.8227 	EXP 	New trial (rep=4, index=0): <Trial 64 (0 in rep 4) data={'prime': 'She does not like apples', 'target': 'She does not like apples', 'condition': 'repetition_related', 'correctAns': 'right', 'thisN': 64, 'thisTrialN': 0, 'thisRepN': 4}>
255.8284 	EXP 	blank3_bg: autoDraw = False
255.8284 	EXP 	blank3_bg: autoDraw = False
255.8284 	EXP 	greenCircle: autoDraw = False
255.8284 	EXP 	redCrosss: autoDraw = False
255.8284 	EXP 	prime_text: text = 'She does not like apples'
255.8284 	EXP 	target_text: text = 'She does not like apples'
255.8284 	EXP 	fix_text: autoDraw = True
256.0722 	EXP 	fix_text: autoDraw = False
256.0801 	EXP 	blank1_bg: autoDraw = True
256.2778 	EXP 	blank1_bg: autoDraw = False
256.2778 	EXP 	prime_text: autoDraw = True
256.4721 	EXP 	prime_text: autoDraw = False
256.4786 	EXP 	blank2_bg: autoDraw = True
256.5723 	EXP 	blank2_bg: autoDraw = False
256.5788 	INFO 	Keyboard events cleared
256.5786 	EXP 	target_text: autoDraw = True
258.3073 	EXP 	Device response: <KeyPress from None: t=258.30151241600106, value=right, duration=None>
258.3151 	DATA 	Keypress: right
258.3193 	EXP 	fix_text: autoDraw = False
258.3193 	EXP 	blank1_bg: autoDraw = False
258.3193 	EXP 	prime_text: autoDraw = False
258.3193 	EXP 	blank2_bg: autoDraw = False
258.3193 	EXP 	target_text: autoDraw = False
258.3193 	EXP 	greenCircle: autoDraw = True
258.3193 	EXP 	redCrosss: autoDraw = True
258.5041 	EXP 	blank3_bg: autoDraw = True
258.5054 	EXP 	Device response: <KeyPress from None: t=258.30151241600106, value=right, duration=0.19623449999198783>
258.5138 	EXP 	greenCircle: autoDraw = False
258.5138 	EXP 	redCrosss: autoDraw = False
259.2885 	EXP 	New trial (rep=4, index=1): <Trial 65 (1 in rep 4) data={'prime': 'They have finished the work', 'target': 'They finished have the work', 'condition': 'repetition_unrelated', 'correctAns': 'left', 'thisN': 65, 'thisTrialN': 1, 'thisRepN': 4}>
259.3032 	EXP 	blank3_bg: autoDraw = False
259.3032 	EXP 	blank3_bg: autoDraw = False
259.3032 	EXP 	greenCircle: autoDraw = False
259.3032 	EXP 	redCrosss: autoDraw = False
259.3032 	EXP 	prime_text: height = np.float64(0.05)
259.3032 	EXP 	prime_text: height = np.float64(0.05)
259.3032 	EXP 	prime_text: height = np.float64(0.05)
259.3032 	EXP 	prime_text: text = 'They have finished the work'
259.3032 	EXP 	target_text: height = np.float64(0.05)
259.3032 	EXP 	target_text: height = np.float64(0.05)
259.3032 	EXP 	target_text: height = np.float64(0.05)
259.3032 	EXP 	target_text: text = 'They finished have the work'
259.3070 	EXP 	fix_text: autoDraw = True
259.5545 	EXP 	fix_text: autoDraw = False
259.5545 	EXP 	blank1_bg: autoDraw = True
259.7417 	EXP 	blank1_bg: autoDraw = False
259.7555 	EXP 	prime_text: autoDraw = True
259.9424 	EXP 	prime_text: autoDraw = False
259.9554 	EXP 	blank2_bg: autoDraw = True
260.0430 	EXP 	blank2_bg: autoDraw = False
260.0555 	INFO 	Keyboard events cleared
260.0553 	EXP 	target_text: autoDraw = True
262.0117 	EXP 	Device response: <KeyPress from None: t=262.00831208299496, value=left, duration=None>
262.0189 	DATA 	Keypress: left
262.0241 	EXP 	fix_text: autoDraw = False
262.0241 	EXP 	blank1_bg: autoDraw = False
262.0241 	EXP 	prime_text: autoDraw = False
262.0241 	EXP 	blank2_bg: autoDraw = False
262.0241 	EXP 	target_text: autoDraw = False
262.0241 	EXP 	greenCircle: autoDraw = True
262.0241 	EXP 	redCrosss: autoDraw = True
262.2046 	EXP 	blank3_bg: autoDraw = True
262.2212 	EXP 	greenCircle: autoDraw = False
262.2212 	EXP 	redCrosss: autoDraw = False
262.2294 	EXP 	Device response: <KeyPress from None: t=262.00831208299496, value=left, duration=0.21635454100032803>
262.9883 	EXP 	New trial (rep=4, index=2): <Trial 66 (2 in rep 4) data={'prime': 'The boy can read fast', 'target': 'The read can boy fast', 'condition': 'transposition_unrelated', 'correctAns': 'left', 'thisN': 66, 'thisTrialN': 2, 'thisRepN': 4}>
263.0041 	EXP 	blank3_bg: autoDraw = False
263.0041 	EXP 	blank3_bg: autoDraw = False
263.0041 	EXP 	greenCircle: autoDraw = False
263.0041 	EXP 	redCrosss: autoDraw = False
263.0041 	EXP 	prime_text: height = np.float64(0.05)
263.0041 	EXP 	prime_text: height = np.float64(0.05)
263.0041 	EXP 	prime_text: height = np.float64(0.05)
263.0041 	EXP 	prime_text: text = 'The boy can read fast'
263.0041 	EXP 	target_text: height = np.float64(0.05)
263.0041 	EXP 	target_text: height = np.float64(0.05)
263.0041 	EXP 	target_text: height = np.float64(0.05)
263.0041 	EXP 	target_text: text = 'The read can boy fast'
263.0086 	EXP 	fix_text: autoDraw = True
263.2555 	EXP 	fix_text: autoDraw = False
263.2555 	EXP 	blank1_bg: autoDraw = True
263.4555 	EXP 	blank1_bg: autoDraw = False
263.4622 	EXP 	prime_text: autoDraw = True
263.6555 	EXP 	prime_text: autoDraw = False
263.6555 	EXP 	blank2_bg: autoDraw = True
263.7429 	EXP 	blank2_bg: autoDraw = False
263.7627 	INFO 	Keyboard events cleared
263.7626 	EXP 	target_text: autoDraw = True
264.6410 	EXP 	Device response: <KeyPress from None: t=264.63531316599983, value=left, duration=None>
264.6491 	DATA 	Keypress: left
264.6533 	EXP 	fix_text: autoDraw = False
264.6533 	EXP 	blank1_bg: autoDraw = False
264.6533 	EXP 	prime_text: autoDraw = False
264.6533 	EXP 	blank2_bg: autoDraw = False
264.6533 	EXP 	target_text: autoDraw = False
264.6533 	EXP 	greenCircle: autoDraw = True
264.6533 	EXP 	redCrosss: autoDraw = True
264.8130 	EXP 	Device response: <KeyPress from None: t=264.63531316599983, value=left, duration=0.17631362499378156>
264.8388 	EXP 	blank3_bg: autoDraw = True
264.8465 	EXP 	greenCircle: autoDraw = False
264.8465 	EXP 	redCrosss: autoDraw = False
265.6279 	EXP 	New trial (rep=4, index=3): <Trial 67 (3 in rep 4) data={'prime': 'She does not like apples', 'target': 'She not does like apples', 'condition': 'transposition_related', 'correctAns': 'right', 'thisN': 67, 'thisTrialN': 3, 'thisRepN': 4}>
265.6421 	EXP 	blank3_bg: autoDraw = False
265.6421 	EXP 	blank3_bg: autoDraw = False
265.6421 	EXP 	greenCircle: autoDraw = False
265.6421 	EXP 	redCrosss: autoDraw = False
265.6421 	EXP 	prime_text: height = np.float64(0.05)
265.6421 	EXP 	prime_text: height = np.float64(0.05)
265.6421 	EXP 	prime_text: height = np.float64(0.05)
265.6421 	EXP 	prime_text: text = 'She does not like apples'
265.6421 	EXP 	target_text: height = np.float64(0.05)
265.6421 	EXP 	target_text: height = np.float64(0.05)
265.6421 	EXP 	target_text: height = np.float64(0.05)
265.6421 	EXP 	target_text: text = 'She not does like apples'
265.6421 	EXP 	fix_text: autoDraw = True
265.8889 	EXP 	fix_text: autoDraw = False
265.8889 	EXP 	blank1_bg: autoDraw = True
266.0771 	EXP 	blank1_bg: autoDraw = False
266.0890 	EXP 	prime_text: autoDraw = True
266.2762 	EXP 	prime_text: autoDraw = False
266.2889 	EXP 	blank2_bg: autoDraw = True
266.3766 	EXP 	blank2_bg: autoDraw = False
266.3892 	INFO 	Keyboard events cleared
266.3889 	EXP 	target_text: autoDraw = True
267.4128 	EXP 	Device response: <KeyPress from None: t=267.4101509159955, value=left, duration=None>
267.4198 	DATA 	Keypress: left
267.4247 	EXP 	fix_text: autoDraw = False
267.4247 	EXP 	blank1_bg: autoDraw = False
267.4247 	EXP 	prime_text: autoDraw = False
267.4247 	EXP 	blank2_bg: autoDraw = False
267.4247 	EXP 	target_text: autoDraw = False
267.4247 	EXP 	greenCircle: autoDraw = True
267.4247 	EXP 	redCrosss: autoDraw = True
267.5897 	EXP 	Device response: <KeyPress from None: t=267.4101509159955, value=left, duration=0.17637466700398363>
267.6043 	EXP 	blank3_bg: autoDraw = True
267.6220 	EXP 	greenCircle: autoDraw = False
267.6220 	EXP 	redCrosss: autoDraw = False
268.3888 	EXP 	New trial (rep=4, index=4): <Trial 68 (4 in rep 4) data={'prime': 'The dog is barking loudly', 'target': 'The dog is barking loudly', 'condition': 'repetition_related', 'correctAns': 'right', 'thisN': 68, 'thisTrialN': 4, 'thisRepN': 4}>
268.4040 	EXP 	blank3_bg: autoDraw = False
268.4040 	EXP 	blank3_bg: autoDraw = False
268.4040 	EXP 	greenCircle: autoDraw = False
268.4040 	EXP 	redCrosss: autoDraw = False
268.4040 	EXP 	prime_text: height = np.float64(0.05)
268.4040 	EXP 	prime_text: height = np.float64(0.05)
268.4040 	EXP 	prime_text: height = np.float64(0.05)
268.4040 	EXP 	prime_text: text = 'The dog is barking loudly'
268.4040 	EXP 	target_text: height = np.float64(0.05)
268.4040 	EXP 	target_text: height = np.float64(0.05)
268.4040 	EXP 	target_text: height = np.float64(0.05)
268.4040 	EXP 	target_text: text = 'The dog is barking loudly'
268.4077 	EXP 	fix_text: autoDraw = True
268.6555 	EXP 	fix_text: autoDraw = False
268.6637 	EXP 	blank1_bg: autoDraw = True
268.8614 	EXP 	blank1_bg: autoDraw = False
268.8614 	EXP 	prime_text: autoDraw = True
269.0601 	EXP 	prime_text: autoDraw = False
269.0601 	EXP 	blank2_bg: autoDraw = True
269.1555 	EXP 	blank2_bg: autoDraw = False
269.1608 	INFO 	Keyboard events cleared
269.1606 	EXP 	target_text: autoDraw = True
270.3899 	EXP 	Device response: <KeyPress from None: t=270.38809699899866, value=right, duration=None>
270.3975 	DATA 	Keypress: right
270.4018 	EXP 	fix_text: autoDraw = False
270.4018 	EXP 	blank1_bg: autoDraw = False
270.4018 	EXP 	prime_text: autoDraw = False
270.4018 	EXP 	blank2_bg: autoDraw = False
270.4018 	EXP 	target_text: autoDraw = False
270.4018 	EXP 	greenCircle: autoDraw = True
270.4018 	EXP 	redCrosss: autoDraw = True
270.5874 	EXP 	blank3_bg: autoDraw = True
270.5887 	EXP 	Device response: <KeyPress from None: t=270.38809699899866, value=right, duration=0.19631662500614766>
270.5971 	EXP 	greenCircle: autoDraw = False
270.5971 	EXP 	redCrosss: autoDraw = False
271.3726 	EXP 	New trial (rep=4, index=5): <Trial 69 (5 in rep 4) data={'prime': 'The dog is barking loudly', 'target': 'The loudly is barking dog', 'condition': 'repetition_unrelated', 'correctAns': 'left', 'thisN': 69, 'thisTrialN': 5, 'thisRepN': 4}>
271.3813 	EXP 	blank3_bg: autoDraw = False
271.3813 	EXP 	blank3_bg: autoDraw = False
271.3813 	EXP 	greenCircle: autoDraw = False
271.3813 	EXP 	redCrosss: autoDraw = False
271.3813 	EXP 	prime_text: text = 'The dog is barking loudly'
271.3813 	EXP 	target_text: height = np.float64(0.05)
271.3813 	EXP 	target_text: height = np.float64(0.05)
271.3813 	EXP 	target_text: height = np.float64(0.05)
271.3813 	EXP 	target_text: text = 'The loudly is barking dog'
271.3873 	EXP 	fix_text: autoDraw = True
271.6263 	EXP 	fix_text: autoDraw = False
271.6388 	EXP 	blank1_bg: autoDraw = True
271.8263 	EXP 	blank1_bg: autoDraw = False
271.8388 	EXP 	prime_text: autoDraw = True
272.0274 	EXP 	prime_text: autoDraw = False
272.0388 	EXP 	blank2_bg: autoDraw = True
272.1273 	EXP 	blank2_bg: autoDraw = False
272.1391 	INFO 	Keyboard events cleared
272.1388 	EXP 	target_text: autoDraw = True
273.6398 	EXP 	Device response: <KeyPress from None: t=273.63802516600117, value=left, duration=None>
273.6459 	DATA 	Keypress: left
273.6501 	EXP 	fix_text: autoDraw = False
273.6501 	EXP 	blank1_bg: autoDraw = False
273.6501 	EXP 	prime_text: autoDraw = False
273.6501 	EXP 	blank2_bg: autoDraw = False
273.6501 	EXP 	target_text: autoDraw = False
273.6501 	EXP 	greenCircle: autoDraw = True
273.6501 	EXP 	redCrosss: autoDraw = True
273.8386 	EXP 	blank3_bg: autoDraw = True
273.8461 	EXP 	greenCircle: autoDraw = False
273.8461 	EXP 	redCrosss: autoDraw = False
273.8736 	EXP 	Device response: <KeyPress from None: t=273.63802516600117, value=left, duration=0.2242797920043813>
274.6219 	EXP 	New trial (rep=4, index=6): <Trial 70 (6 in rep 4) data={'prime': 'They have finished the work', 'target': 'They have finished the work', 'condition': 'repetition_related', 'correctAns': 'right', 'thisN': 70, 'thisTrialN': 6, 'thisRepN': 4}>
274.6368 	EXP 	blank3_bg: autoDraw = False
274.6368 	EXP 	blank3_bg: autoDraw = False
274.6368 	EXP 	greenCircle: autoDraw = False
274.6368 	EXP 	redCrosss: autoDraw = False
274.6368 	EXP 	prime_text: height = np.float64(0.05)
274.6368 	EXP 	prime_text: height = np.float64(0.05)
274.6368 	EXP 	prime_text: height = np.float64(0.05)
274.6368 	EXP 	prime_text: text = 'They have finished the work'
274.6368 	EXP 	target_text: height = np.float64(0.05)
274.6368 	EXP 	target_text: height = np.float64(0.05)
274.6368 	EXP 	target_text: height = np.float64(0.05)
274.6368 	EXP 	target_text: text = 'They have finished the work'
274.6414 	EXP 	fix_text: autoDraw = True
274.8890 	EXP 	fix_text: autoDraw = False
274.8890 	EXP 	blank1_bg: autoDraw = True
275.0878 	EXP 	blank1_bg: autoDraw = False
275.0878 	EXP 	prime_text: autoDraw = True
275.2758 	EXP 	prime_text: autoDraw = False
275.2888 	EXP 	blank2_bg: autoDraw = True
275.3761 	EXP 	blank2_bg: autoDraw = False
275.3891 	INFO 	Keyboard events cleared
275.3889 	EXP 	target_text: autoDraw = True
277.1906 	EXP 	Device response: <KeyPress from None: t=277.18897445799666, value=right, duration=None>
277.2031 	DATA 	Keypress: right
277.2076 	EXP 	fix_text: autoDraw = False
277.2076 	EXP 	blank1_bg: autoDraw = False
277.2076 	EXP 	prime_text: autoDraw = False
277.2076 	EXP 	blank2_bg: autoDraw = False
277.2076 	EXP 	target_text: autoDraw = False
277.2076 	EXP 	greenCircle: autoDraw = True
277.2076 	EXP 	redCrosss: autoDraw = True
277.3620 	EXP 	Device response: <KeyPress from None: t=277.18897445799666, value=right, duration=0.16823466600908432>
277.3968 	EXP 	blank3_bg: autoDraw = True
277.4039 	EXP 	greenCircle: autoDraw = False
277.4039 	EXP 	redCrosss: autoDraw = False
278.1893 	EXP 	New trial (rep=4, index=7): <Trial 71 (7 in rep 4) data={'prime': 'The boy can read fast', 'target': 'The boy can read fast', 'condition': 'repetition_related', 'correctAns': 'right', 'thisN': 71, 'thisTrialN': 7, 'thisRepN': 4}>
278.2042 	EXP 	blank3_bg: autoDraw = False
278.2042 	EXP 	blank3_bg: autoDraw = False
278.2042 	EXP 	greenCircle: autoDraw = False
278.2042 	EXP 	redCrosss: autoDraw = False
278.2042 	EXP 	prime_text: height = np.float64(0.05)
278.2042 	EXP 	prime_text: height = np.float64(0.05)
278.2042 	EXP 	prime_text: height = np.float64(0.05)
278.2042 	EXP 	prime_text: text = 'The boy can read fast'
278.2042 	EXP 	target_text: height = np.float64(0.05)
278.2042 	EXP 	target_text: height = np.float64(0.05)
278.2042 	EXP 	target_text: height = np.float64(0.05)
278.2042 	EXP 	target_text: text = 'The boy can read fast'
278.2042 	EXP 	fix_text: autoDraw = True
278.4472 	EXP 	fix_text: autoDraw = False
278.4472 	EXP 	blank1_bg: autoDraw = True
278.6458 	EXP 	blank1_bg: autoDraw = False
278.6458 	EXP 	prime_text: autoDraw = True
278.8387 	EXP 	prime_text: autoDraw = False
278.8451 	EXP 	blank2_bg: autoDraw = True
278.9449 	INFO 	Keyboard events cleared
278.9447 	EXP 	blank2_bg: autoDraw = False
278.9447 	EXP 	target_text: autoDraw = True
279.9457 	EXP 	Device response: <KeyPress from None: t=279.93991158300196, value=right, duration=None>
279.9527 	DATA 	Keypress: right
279.9578 	EXP 	fix_text: autoDraw = False
279.9578 	EXP 	blank1_bg: autoDraw = False
279.9578 	EXP 	prime_text: autoDraw = False
279.9578 	EXP 	blank2_bg: autoDraw = False
279.9578 	EXP 	target_text: autoDraw = False
279.9578 	EXP 	greenCircle: autoDraw = True
279.9578 	EXP 	redCrosss: autoDraw = True
280.1481 	EXP 	blank3_bg: autoDraw = True
280.1540 	EXP 	greenCircle: autoDraw = False
280.1540 	EXP 	redCrosss: autoDraw = False
280.1734 	EXP 	Device response: <KeyPress from None: t=279.93991158300196, value=right, duration=0.22434512499603443>
280.9378 	EXP 	New trial (rep=4, index=8): <Trial 72 (8 in rep 4) data={'prime': 'The boy can read fast', 'target': 'The read can boy fast', 'condition': 'repetition_unrelated', 'correctAns': 'left', 'thisN': 72, 'thisTrialN': 8, 'thisRepN': 4}>
280.9484 	EXP 	blank3_bg: autoDraw = False
280.9484 	EXP 	blank3_bg: autoDraw = False
280.9484 	EXP 	greenCircle: autoDraw = False
280.9484 	EXP 	redCrosss: autoDraw = False
280.9484 	EXP 	prime_text: text = 'The boy can read fast'
280.9484 	EXP 	target_text: height = np.float64(0.05)
280.9484 	EXP 	target_text: height = np.float64(0.05)
280.9484 	EXP 	target_text: height = np.float64(0.05)
280.9484 	EXP 	target_text: text = 'The read can boy fast'
280.9484 	EXP 	fix_text: autoDraw = True
281.1881 	EXP 	blank1_bg: autoDraw = True
281.1963 	EXP 	fix_text: autoDraw = False
281.3762 	EXP 	blank1_bg: autoDraw = False
281.3951 	EXP 	prime_text: autoDraw = True
281.5889 	EXP 	prime_text: autoDraw = False
281.5889 	EXP 	blank2_bg: autoDraw = True
281.6757 	EXP 	blank2_bg: autoDraw = False
281.6941 	INFO 	Keyboard events cleared
281.6939 	EXP 	target_text: autoDraw = True
282.9233 	EXP 	Device response: <KeyPress from None: t=282.9148392490024, value=left, duration=None>
282.9292 	DATA 	Keypress: left
282.9332 	EXP 	fix_text: autoDraw = False
282.9332 	EXP 	blank1_bg: autoDraw = False
282.9332 	EXP 	prime_text: autoDraw = False
282.9332 	EXP 	blank2_bg: autoDraw = False
282.9332 	EXP 	target_text: autoDraw = False
282.9332 	EXP 	greenCircle: autoDraw = True
282.9332 	EXP 	redCrosss: autoDraw = True
283.1074 	EXP 	Device response: <KeyPress from None: t=282.9148392490024, value=left, duration=0.18839083399507217>
283.1218 	EXP 	blank3_bg: autoDraw = True
283.1282 	EXP 	greenCircle: autoDraw = False
283.1282 	EXP 	redCrosss: autoDraw = False
283.9048 	EXP 	New trial (rep=4, index=9): <Trial 73 (9 in rep 4) data={'prime': 'The dog is barking loudly', 'target': 'The barking dog loudly is', 'condition': 'transposition_unrelated', 'correctAns': 'left', 'thisN': 73, 'thisTrialN': 9, 'thisRepN': 4}>
283.9197 	EXP 	blank3_bg: autoDraw = False
283.9197 	EXP 	blank3_bg: autoDraw = False
283.9197 	EXP 	greenCircle: autoDraw = False
283.9197 	EXP 	redCrosss: autoDraw = False
283.9197 	EXP 	prime_text: height = np.float64(0.05)
283.9197 	EXP 	prime_text: height = np.float64(0.05)
283.9197 	EXP 	prime_text: height = np.float64(0.05)
283.9197 	EXP 	prime_text: text = 'The dog is barking loudly'
283.9197 	EXP 	target_text: height = np.float64(0.05)
283.9197 	EXP 	target_text: height = np.float64(0.05)
283.9197 	EXP 	target_text: height = np.float64(0.05)
283.9197 	EXP 	target_text: text = 'The barking dog loudly is'
283.9235 	EXP 	fix_text: autoDraw = True
284.1721 	EXP 	fix_text: autoDraw = False
284.1721 	EXP 	blank1_bg: autoDraw = True
284.3720 	EXP 	blank1_bg: autoDraw = False
284.3720 	EXP 	prime_text: autoDraw = True
284.5591 	EXP 	prime_text: autoDraw = False
284.5725 	EXP 	blank2_bg: autoDraw = True
284.6598 	EXP 	blank2_bg: autoDraw = False
284.6723 	INFO 	Keyboard events cleared
284.6721 	EXP 	target_text: autoDraw = True
285.9293 	EXP 	Device response: <KeyPress from None: t=285.9226764990017, value=left, duration=None>
285.9363 	DATA 	Keypress: left
285.9409 	EXP 	fix_text: autoDraw = False
285.9409 	EXP 	blank1_bg: autoDraw = False
285.9409 	EXP 	prime_text: autoDraw = False
285.9409 	EXP 	blank2_bg: autoDraw = False
285.9409 	EXP 	target_text: autoDraw = False
285.9409 	EXP 	greenCircle: autoDraw = True
285.9409 	EXP 	redCrosss: autoDraw = True
286.1235 	EXP 	Device response: <KeyPress from None: t=285.9226764990017, value=left, duration=0.1963986670016311>
286.1333 	EXP 	blank3_bg: autoDraw = True
286.1393 	EXP 	greenCircle: autoDraw = False
286.1393 	EXP 	redCrosss: autoDraw = False
286.9212 	EXP 	New trial (rep=4, index=10): <Trial 74 (10 in rep 4) data={'prime': 'The boy can read fast', 'target': 'The boy can read fast', 'condition': 'transposition_related', 'correctAns': 'right', 'thisN': 74, 'thisTrialN': 10, 'thisRepN': 4}>
286.9380 	EXP 	blank3_bg: autoDraw = False
286.9380 	EXP 	blank3_bg: autoDraw = False
286.9380 	EXP 	greenCircle: autoDraw = False
286.9380 	EXP 	redCrosss: autoDraw = False
286.9380 	EXP 	prime_text: height = np.float64(0.05)
286.9380 	EXP 	prime_text: height = np.float64(0.05)
286.9380 	EXP 	prime_text: height = np.float64(0.05)
286.9380 	EXP 	prime_text: text = 'The boy can read fast'
286.9380 	EXP 	target_text: height = np.float64(0.05)
286.9380 	EXP 	target_text: height = np.float64(0.05)
286.9380 	EXP 	target_text: height = np.float64(0.05)
286.9380 	EXP 	target_text: text = 'The boy can read fast'
286.9380 	EXP 	fix_text: autoDraw = True
287.1805 	EXP 	fix_text: autoDraw = False
287.1805 	EXP 	blank1_bg: autoDraw = True
287.3713 	EXP 	prime_text: autoDraw = True
287.3769 	EXP 	blank1_bg: autoDraw = False
287.5608 	EXP 	prime_text: autoDraw = False
287.5787 	EXP 	blank2_bg: autoDraw = True
287.6789 	INFO 	Keyboard events cleared
287.6787 	EXP 	blank2_bg: autoDraw = False
287.6787 	EXP 	target_text: autoDraw = True
288.7405 	EXP 	Device response: <KeyPress from None: t=288.73264262400335, value=right, duration=None>
288.7484 	DATA 	Keypress: right
288.7526 	EXP 	fix_text: autoDraw = False
288.7526 	EXP 	blank1_bg: autoDraw = False
288.7526 	EXP 	prime_text: autoDraw = False
288.7526 	EXP 	blank2_bg: autoDraw = False
288.7526 	EXP 	target_text: autoDraw = False
288.7526 	EXP 	greenCircle: autoDraw = True
288.7526 	EXP 	redCrosss: autoDraw = True
288.9387 	EXP 	blank3_bg: autoDraw = True
288.9463 	EXP 	greenCircle: autoDraw = False
288.9463 	EXP 	redCrosss: autoDraw = False
288.9624 	EXP 	Device response: <KeyPress from None: t=288.73264262400335, value=right, duration=0.22841174999484792>
289.7228 	EXP 	New trial (rep=4, index=11): <Trial 75 (11 in rep 4) data={'prime': 'She does not like apples', 'target': 'She like does apples not', 'condition': 'transposition_unrelated', 'correctAns': 'left', 'thisN': 75, 'thisTrialN': 11, 'thisRepN': 4}>
289.7389 	EXP 	blank3_bg: autoDraw = False
289.7389 	EXP 	blank3_bg: autoDraw = False
289.7389 	EXP 	greenCircle: autoDraw = False
289.7389 	EXP 	redCrosss: autoDraw = False
289.7389 	EXP 	prime_text: height = np.float64(0.05)
289.7389 	EXP 	prime_text: height = np.float64(0.05)
289.7389 	EXP 	prime_text: height = np.float64(0.05)
289.7389 	EXP 	prime_text: text = 'She does not like apples'
289.7389 	EXP 	target_text: height = np.float64(0.05)
289.7389 	EXP 	target_text: height = np.float64(0.05)
289.7389 	EXP 	target_text: height = np.float64(0.05)
289.7389 	EXP 	target_text: text = 'She like does apples not'
289.7552 	EXP 	fix_text: autoDraw = True
289.9885 	EXP 	blank1_bg: autoDraw = True
289.9960 	EXP 	fix_text: autoDraw = False
290.1775 	EXP 	blank1_bg: autoDraw = False
290.1887 	EXP 	prime_text: autoDraw = True
290.3772 	EXP 	prime_text: autoDraw = False
290.3890 	EXP 	blank2_bg: autoDraw = True
290.4773 	EXP 	blank2_bg: autoDraw = False
290.4891 	INFO 	Keyboard events cleared
290.4889 	EXP 	target_text: autoDraw = True
291.7905 	EXP 	Device response: <KeyPress from None: t=291.77859558300406, value=left, duration=None>
291.7984 	DATA 	Keypress: left
291.8027 	EXP 	fix_text: autoDraw = False
291.8027 	EXP 	blank1_bg: autoDraw = False
291.8027 	EXP 	prime_text: autoDraw = False
291.8027 	EXP 	blank2_bg: autoDraw = False
291.8027 	EXP 	target_text: autoDraw = False
291.8027 	EXP 	greenCircle: autoDraw = True
291.8027 	EXP 	redCrosss: autoDraw = True
291.9737 	EXP 	Device response: <KeyPress from None: t=291.77859558300406, value=left, duration=0.18840849999105558>
291.9877 	EXP 	blank3_bg: autoDraw = True
291.9941 	EXP 	greenCircle: autoDraw = False
291.9941 	EXP 	redCrosss: autoDraw = False
292.7710 	EXP 	New trial (rep=4, index=12): <Trial 76 (12 in rep 4) data={'prime': 'The dog is barking loudly', 'target': 'The dog barking is loudly', 'condition': 'transposition_related', 'correctAns': 'right', 'thisN': 76, 'thisTrialN': 12, 'thisRepN': 4}>
292.7853 	EXP 	blank3_bg: autoDraw = False
292.7853 	EXP 	blank3_bg: autoDraw = False
292.7853 	EXP 	greenCircle: autoDraw = False
292.7853 	EXP 	redCrosss: autoDraw = False
292.7853 	EXP 	prime_text: height = np.float64(0.05)
292.7853 	EXP 	prime_text: height = np.float64(0.05)
292.7853 	EXP 	prime_text: height = np.float64(0.05)
292.7853 	EXP 	prime_text: text = 'The dog is barking loudly'
292.7853 	EXP 	target_text: height = np.float64(0.05)
292.7853 	EXP 	target_text: height = np.float64(0.05)
292.7853 	EXP 	target_text: height = np.float64(0.05)
292.7853 	EXP 	target_text: text = 'The dog barking is loudly'
292.7899 	EXP 	fix_text: autoDraw = True
293.0390 	EXP 	fix_text: autoDraw = False
293.0390 	EXP 	blank1_bg: autoDraw = True
293.2389 	EXP 	blank1_bg: autoDraw = False
293.2389 	EXP 	prime_text: autoDraw = True
293.4270 	EXP 	prime_text: autoDraw = False
293.4387 	EXP 	blank2_bg: autoDraw = True
293.5256 	EXP 	blank2_bg: autoDraw = False
293.5389 	INFO 	Keyboard events cleared
293.5387 	EXP 	target_text: autoDraw = True
294.7572 	EXP 	Device response: <KeyPress from None: t=294.74545166599273, value=left, duration=None>
294.7655 	DATA 	Keypress: left
294.7699 	EXP 	fix_text: autoDraw = False
294.7699 	EXP 	blank1_bg: autoDraw = False
294.7699 	EXP 	prime_text: autoDraw = False
294.7699 	EXP 	blank2_bg: autoDraw = False
294.7699 	EXP 	target_text: autoDraw = False
294.7699 	EXP 	greenCircle: autoDraw = True
294.7699 	EXP 	redCrosss: autoDraw = True
294.9398 	EXP 	Device response: <KeyPress from None: t=294.74545166599273, value=left, duration=0.1844279170036316>
294.9539 	EXP 	blank3_bg: autoDraw = True
294.9601 	EXP 	greenCircle: autoDraw = False
294.9601 	EXP 	redCrosss: autoDraw = False
295.7378 	EXP 	New trial (rep=4, index=13): <Trial 77 (13 in rep 4) data={'prime': 'They have finished the work', 'target': 'They finished have the work', 'condition': 'transposition_related', 'correctAns': 'right', 'thisN': 77, 'thisTrialN': 13, 'thisRepN': 4}>
295.7528 	EXP 	blank3_bg: autoDraw = False
295.7528 	EXP 	blank3_bg: autoDraw = False
295.7528 	EXP 	greenCircle: autoDraw = False
295.7528 	EXP 	redCrosss: autoDraw = False
295.7528 	EXP 	prime_text: height = np.float64(0.05)
295.7528 	EXP 	prime_text: height = np.float64(0.05)
295.7528 	EXP 	prime_text: height = np.float64(0.05)
295.7528 	EXP 	prime_text: text = 'They have finished the work'
295.7528 	EXP 	target_text: height = np.float64(0.05)
295.7528 	EXP 	target_text: height = np.float64(0.05)
295.7528 	EXP 	target_text: height = np.float64(0.05)
295.7528 	EXP 	target_text: text = 'They finished have the work'
295.7570 	EXP 	fix_text: autoDraw = True
296.0055 	EXP 	fix_text: autoDraw = False
296.0055 	EXP 	blank1_bg: autoDraw = True
296.2055 	EXP 	blank1_bg: autoDraw = False
296.2055 	EXP 	prime_text: autoDraw = True
296.3940 	EXP 	prime_text: autoDraw = False
296.4053 	EXP 	blank2_bg: autoDraw = True
296.4941 	EXP 	blank2_bg: autoDraw = False
296.5056 	INFO 	Keyboard events cleared
296.5054 	EXP 	target_text: autoDraw = True
298.4738 	EXP 	Device response: <KeyPress from None: t=298.469565833002, value=left, duration=None>
298.4820 	DATA 	Keypress: left
298.4862 	EXP 	fix_text: autoDraw = False
298.4862 	EXP 	blank1_bg: autoDraw = False
298.4862 	EXP 	prime_text: autoDraw = False
298.4862 	EXP 	blank2_bg: autoDraw = False
298.4862 	EXP 	target_text: autoDraw = False
298.4862 	EXP 	greenCircle: autoDraw = True
298.4862 	EXP 	redCrosss: autoDraw = True
298.6573 	EXP 	Device response: <KeyPress from None: t=298.469565833002, value=left, duration=0.17621166599565186>
298.6712 	EXP 	blank3_bg: autoDraw = True
298.6775 	EXP 	greenCircle: autoDraw = False
298.6775 	EXP 	redCrosss: autoDraw = False
299.4553 	EXP 	New trial (rep=4, index=14): <Trial 78 (14 in rep 4) data={'prime': 'They have finished the work', 'target': 'They work the have finished', 'condition': 'transposition_unrelated', 'correctAns': 'left', 'thisN': 78, 'thisTrialN': 14, 'thisRepN': 4}>
299.4667 	EXP 	blank3_bg: autoDraw = False
299.4667 	EXP 	blank3_bg: autoDraw = False
299.4667 	EXP 	greenCircle: autoDraw = False
299.4667 	EXP 	redCrosss: autoDraw = False
299.4667 	EXP 	prime_text: text = 'They have finished the work'
299.4667 	EXP 	target_text: height = np.float64(0.05)
299.4667 	EXP 	target_text: height = np.float64(0.05)
299.4667 	EXP 	target_text: height = np.float64(0.05)
299.4667 	EXP 	target_text: text = 'They work the have finished'
299.4884 	EXP 	fix_text: autoDraw = True
299.7222 	EXP 	blank1_bg: autoDraw = True
299.7306 	EXP 	fix_text: autoDraw = False
299.9219 	EXP 	blank1_bg: autoDraw = False
299.9219 	EXP 	prime_text: autoDraw = True
300.1103 	EXP 	prime_text: autoDraw = False
300.1222 	EXP 	blank2_bg: autoDraw = True
300.2095 	EXP 	blank2_bg: autoDraw = False
300.2223 	INFO 	Keyboard events cleared
300.2221 	EXP 	target_text: autoDraw = True
302.7740 	EXP 	Device response: <KeyPress from None: t=302.7646243329946, value=left, duration=None>
302.7838 	DATA 	Keypress: left
302.7880 	EXP 	fix_text: autoDraw = False
302.7880 	EXP 	blank1_bg: autoDraw = False
302.7880 	EXP 	prime_text: autoDraw = False
302.7880 	EXP 	blank2_bg: autoDraw = False
302.7880 	EXP 	target_text: autoDraw = False
302.7880 	EXP 	greenCircle: autoDraw = True
302.7880 	EXP 	redCrosss: autoDraw = True
302.9571 	EXP 	Device response: <KeyPress from None: t=302.7646243329946, value=left, duration=0.1819683750072727>
302.9709 	EXP 	blank3_bg: autoDraw = True
302.9775 	EXP 	greenCircle: autoDraw = False
302.9775 	EXP 	redCrosss: autoDraw = False
303.7543 	EXP 	New trial (rep=4, index=15): <Trial 79 (15 in rep 4) data={'prime': 'She does not like apples', 'target': 'She not does like apples', 'condition': 'repetition_unrelated', 'correctAns': 'left', 'thisN': 79, 'thisTrialN': 15, 'thisRepN': 4}>
303.7680 	EXP 	blank3_bg: autoDraw = False
303.7680 	EXP 	blank3_bg: autoDraw = False
303.7680 	EXP 	greenCircle: autoDraw = False
303.7680 	EXP 	redCrosss: autoDraw = False
303.7680 	EXP 	prime_text: height = np.float64(0.05)
303.7680 	EXP 	prime_text: height = np.float64(0.05)
303.7680 	EXP 	prime_text: height = np.float64(0.05)
303.7680 	EXP 	prime_text: text = 'She does not like apples'
303.7680 	EXP 	target_text: height = np.float64(0.05)
303.7680 	EXP 	target_text: height = np.float64(0.05)
303.7680 	EXP 	target_text: height = np.float64(0.05)
303.7680 	EXP 	target_text: text = 'She not does like apples'
303.7729 	EXP 	fix_text: autoDraw = True
304.0095 	EXP 	fix_text: autoDraw = False
304.0223 	EXP 	blank1_bg: autoDraw = True
304.2220 	EXP 	blank1_bg: autoDraw = False
304.2220 	EXP 	prime_text: autoDraw = True
304.4102 	EXP 	prime_text: autoDraw = False
304.4220 	EXP 	blank2_bg: autoDraw = True
304.5094 	EXP 	blank2_bg: autoDraw = False
304.5223 	INFO 	Keyboard events cleared
304.5221 	EXP 	target_text: autoDraw = True
305.4292 	EXP 	Device response: <KeyPress from None: t=305.42816316599783, value=left, duration=None>
305.4459 	DATA 	Keypress: left
305.4501 	EXP 	fix_text: autoDraw = False
305.4501 	EXP 	blank1_bg: autoDraw = False
305.4501 	EXP 	prime_text: autoDraw = False
305.4501 	EXP 	blank2_bg: autoDraw = False
305.4501 	EXP 	target_text: autoDraw = False
305.4501 	EXP 	greenCircle: autoDraw = True
305.4501 	EXP 	redCrosss: autoDraw = True
305.5960 	EXP 	Device response: <KeyPress from None: t=305.42816316599783, value=left, duration=0.16426520800450817>
305.6320 	EXP 	blank3_bg: autoDraw = True
305.6449 	EXP 	greenCircle: autoDraw = False
305.6449 	EXP 	redCrosss: autoDraw = False
306.4228 	EXP 	New trial (rep=5, index=0): <Trial 80 (0 in rep 5) data={'prime': 'She does not like apples', 'target': 'She not does like apples', 'condition': 'transposition_related', 'correctAns': 'right', 'thisN': 80, 'thisTrialN': 0, 'thisRepN': 5}>
306.4289 	EXP 	blank3_bg: autoDraw = False
306.4289 	EXP 	blank3_bg: autoDraw = False
306.4289 	EXP 	greenCircle: autoDraw = False
306.4289 	EXP 	redCrosss: autoDraw = False
306.4289 	EXP 	prime_text: text = 'She does not like apples'
306.4289 	EXP 	target_text: text = 'She not does like apples'
306.4289 	EXP 	fix_text: autoDraw = True
306.6721 	EXP 	fix_text: autoDraw = False
306.6804 	EXP 	blank1_bg: autoDraw = True
306.8722 	EXP 	blank1_bg: autoDraw = False
306.8785 	EXP 	prime_text: autoDraw = True
307.0720 	EXP 	prime_text: autoDraw = False
307.0784 	EXP 	blank2_bg: autoDraw = True
307.1720 	EXP 	blank2_bg: autoDraw = False
307.1779 	INFO 	Keyboard events cleared
307.1777 	EXP 	target_text: autoDraw = True
308.0731 	EXP 	Device response: <KeyPress from None: t=308.06411341599596, value=left, duration=None>
308.0800 	DATA 	Keypress: left
308.0841 	EXP 	fix_text: autoDraw = False
308.0841 	EXP 	blank1_bg: autoDraw = False
308.0841 	EXP 	prime_text: autoDraw = False
308.0841 	EXP 	blank2_bg: autoDraw = False
308.0841 	EXP 	target_text: autoDraw = False
308.0841 	EXP 	greenCircle: autoDraw = True
308.0841 	EXP 	redCrosss: autoDraw = True
308.2720 	EXP 	blank3_bg: autoDraw = True
308.2735 	EXP 	Device response: <KeyPress from None: t=308.06411341599596, value=left, duration=0.20033425001020078>
308.2822 	EXP 	greenCircle: autoDraw = False
308.2822 	EXP 	redCrosss: autoDraw = False
309.0561 	EXP 	New trial (rep=5, index=1): <Trial 81 (1 in rep 5) data={'prime': 'They have finished the work', 'target': 'They finished have the work', 'condition': 'transposition_related', 'correctAns': 'right', 'thisN': 81, 'thisTrialN': 1, 'thisRepN': 5}>
309.0720 	EXP 	blank3_bg: autoDraw = False
309.0720 	EXP 	blank3_bg: autoDraw = False
309.0720 	EXP 	greenCircle: autoDraw = False
309.0720 	EXP 	redCrosss: autoDraw = False
309.0720 	EXP 	prime_text: height = np.float64(0.05)
309.0720 	EXP 	prime_text: height = np.float64(0.05)
309.0720 	EXP 	prime_text: height = np.float64(0.05)
309.0720 	EXP 	prime_text: text = 'They have finished the work'
309.0720 	EXP 	target_text: height = np.float64(0.05)
309.0720 	EXP 	target_text: height = np.float64(0.05)
309.0720 	EXP 	target_text: height = np.float64(0.05)
309.0720 	EXP 	target_text: text = 'They finished have the work'
309.0772 	EXP 	fix_text: autoDraw = True
309.3149 	EXP 	blank1_bg: autoDraw = True
309.3209 	EXP 	fix_text: autoDraw = False
309.5112 	EXP 	blank1_bg: autoDraw = False
309.5223 	EXP 	prime_text: autoDraw = True
309.7111 	EXP 	prime_text: autoDraw = False
309.7222 	EXP 	blank2_bg: autoDraw = True
309.8107 	EXP 	blank2_bg: autoDraw = False
309.8221 	INFO 	Keyboard events cleared
309.8220 	EXP 	target_text: autoDraw = True
310.8956 	EXP 	Device response: <KeyPress from None: t=310.89298745800625, value=left, duration=None>
310.9029 	DATA 	Keypress: left
310.9074 	EXP 	fix_text: autoDraw = False
310.9074 	EXP 	blank1_bg: autoDraw = False
310.9074 	EXP 	prime_text: autoDraw = False
310.9074 	EXP 	blank2_bg: autoDraw = False
310.9074 	EXP 	target_text: autoDraw = False
310.9074 	EXP 	greenCircle: autoDraw = True
310.9074 	EXP 	redCrosss: autoDraw = True
311.0872 	EXP 	blank3_bg: autoDraw = True
311.0960 	EXP 	Device response: <KeyPress from None: t=310.89298745800625, value=left, duration=0.19638395799847785>
311.1046 	EXP 	greenCircle: autoDraw = False
311.1046 	EXP 	redCrosss: autoDraw = False
311.8712 	EXP 	New trial (rep=5, index=2): <Trial 82 (2 in rep 5) data={'prime': 'She does not like apples', 'target': 'She not does like apples', 'condition': 'repetition_unrelated', 'correctAns': 'left', 'thisN': 82, 'thisTrialN': 2, 'thisRepN': 5}>
311.8865 	EXP 	blank3_bg: autoDraw = False
311.8865 	EXP 	blank3_bg: autoDraw = False
311.8865 	EXP 	greenCircle: autoDraw = False
311.8865 	EXP 	redCrosss: autoDraw = False
311.8865 	EXP 	prime_text: height = np.float64(0.05)
311.8865 	EXP 	prime_text: height = np.float64(0.05)
311.8865 	EXP 	prime_text: height = np.float64(0.05)
311.8865 	EXP 	prime_text: text = 'She does not like apples'
311.8865 	EXP 	target_text: height = np.float64(0.05)
311.8865 	EXP 	target_text: height = np.float64(0.05)
311.8865 	EXP 	target_text: height = np.float64(0.05)
311.8865 	EXP 	target_text: text = 'She not does like apples'
311.8911 	EXP 	fix_text: autoDraw = True
312.1387 	EXP 	fix_text: autoDraw = False
312.1468 	EXP 	blank1_bg: autoDraw = True
312.3374 	EXP 	blank1_bg: autoDraw = False
312.3374 	EXP 	prime_text: autoDraw = True
312.5259 	EXP 	prime_text: autoDraw = False
312.5447 	EXP 	blank2_bg: autoDraw = True
312.6389 	EXP 	blank2_bg: autoDraw = False
312.6455 	INFO 	Keyboard events cleared
312.6453 	EXP 	target_text: autoDraw = True
313.7905 	EXP 	Device response: <KeyPress from None: t=313.78601904099924, value=left, duration=None>
313.7989 	DATA 	Keypress: left
313.8033 	EXP 	fix_text: autoDraw = False
313.8033 	EXP 	blank1_bg: autoDraw = False
313.8033 	EXP 	prime_text: autoDraw = False
313.8033 	EXP 	blank2_bg: autoDraw = False
313.8033 	EXP 	target_text: autoDraw = False
313.8033 	EXP 	greenCircle: autoDraw = True
313.8033 	EXP 	redCrosss: autoDraw = True
313.9572 	EXP 	Device response: <KeyPress from None: t=313.78601904099924, value=left, duration=0.16828620800515637>
313.9887 	EXP 	blank3_bg: autoDraw = True
313.9964 	EXP 	greenCircle: autoDraw = False
313.9964 	EXP 	redCrosss: autoDraw = False
314.7730 	EXP 	New trial (rep=5, index=3): <Trial 83 (3 in rep 5) data={'prime': 'They have finished the work', 'target': 'They finished have the work', 'condition': 'repetition_unrelated', 'correctAns': 'left', 'thisN': 83, 'thisTrialN': 3, 'thisRepN': 5}>
314.7892 	EXP 	blank3_bg: autoDraw = False
314.7892 	EXP 	blank3_bg: autoDraw = False
314.7892 	EXP 	greenCircle: autoDraw = False
314.7892 	EXP 	redCrosss: autoDraw = False
314.7892 	EXP 	prime_text: height = np.float64(0.05)
314.7892 	EXP 	prime_text: height = np.float64(0.05)
314.7892 	EXP 	prime_text: height = np.float64(0.05)
314.7892 	EXP 	prime_text: text = 'They have finished the work'
314.7892 	EXP 	target_text: height = np.float64(0.05)
314.7892 	EXP 	target_text: height = np.float64(0.05)
314.7892 	EXP 	target_text: height = np.float64(0.05)
314.7892 	EXP 	target_text: text = 'They finished have the work'
314.8052 	EXP 	fix_text: autoDraw = True
315.0377 	EXP 	blank1_bg: autoDraw = True
315.0442 	EXP 	fix_text: autoDraw = False
315.2262 	EXP 	blank1_bg: autoDraw = False
315.2387 	EXP 	prime_text: autoDraw = True
315.4275 	EXP 	prime_text: autoDraw = False
315.4387 	EXP 	blank2_bg: autoDraw = True
315.5261 	EXP 	blank2_bg: autoDraw = False
315.5392 	INFO 	Keyboard events cleared
315.5390 	EXP 	target_text: autoDraw = True
317.0571 	EXP 	Device response: <KeyPress from None: t=317.0548484579922, value=left, duration=None>
317.0652 	DATA 	Keypress: left
317.0693 	EXP 	fix_text: autoDraw = False
317.0693 	EXP 	blank1_bg: autoDraw = False
317.0693 	EXP 	prime_text: autoDraw = False
317.0693 	EXP 	blank2_bg: autoDraw = False
317.0693 	EXP 	target_text: autoDraw = False
317.0693 	EXP 	greenCircle: autoDraw = True
317.0693 	EXP 	redCrosss: autoDraw = True
317.2295 	EXP 	Device response: <KeyPress from None: t=317.0548484579922, value=left, duration=0.16839179101225454>
317.2553 	EXP 	blank3_bg: autoDraw = True
317.2630 	EXP 	greenCircle: autoDraw = False
317.2630 	EXP 	redCrosss: autoDraw = False
318.0393 	EXP 	New trial (rep=5, index=4): <Trial 84 (4 in rep 5) data={'prime': 'She does not like apples', 'target': 'She like does apples not', 'condition': 'transposition_unrelated', 'correctAns': 'left', 'thisN': 84, 'thisTrialN': 4, 'thisRepN': 5}>
318.0551 	EXP 	blank3_bg: autoDraw = False
318.0551 	EXP 	blank3_bg: autoDraw = False
318.0551 	EXP 	greenCircle: autoDraw = False
318.0551 	EXP 	redCrosss: autoDraw = False
318.0551 	EXP 	prime_text: height = np.float64(0.05)
318.0551 	EXP 	prime_text: height = np.float64(0.05)
318.0551 	EXP 	prime_text: height = np.float64(0.05)
318.0551 	EXP 	prime_text: text = 'She does not like apples'
318.0551 	EXP 	target_text: height = np.float64(0.05)
318.0551 	EXP 	target_text: height = np.float64(0.05)
318.0551 	EXP 	target_text: height = np.float64(0.05)
318.0551 	EXP 	target_text: text = 'She like does apples not'
318.0596 	EXP 	fix_text: autoDraw = True
318.3040 	EXP 	fix_text: autoDraw = False
318.3040 	EXP 	blank1_bg: autoDraw = True
318.4923 	EXP 	blank1_bg: autoDraw = False
318.5053 	EXP 	prime_text: autoDraw = True
318.6937 	EXP 	prime_text: autoDraw = False
318.7056 	EXP 	blank2_bg: autoDraw = True
318.7926 	EXP 	blank2_bg: autoDraw = False
318.8055 	INFO 	Keyboard events cleared
318.8053 	EXP 	target_text: autoDraw = True
319.9119 	EXP 	Device response: <KeyPress from None: t=319.9108319990046, value=left, duration=None>
319.9195 	DATA 	Keypress: left
319.9241 	EXP 	fix_text: autoDraw = False
319.9241 	EXP 	blank1_bg: autoDraw = False
319.9241 	EXP 	prime_text: autoDraw = False
319.9241 	EXP 	blank2_bg: autoDraw = False
319.9241 	EXP 	target_text: autoDraw = False
319.9241 	EXP 	greenCircle: autoDraw = True
319.9241 	EXP 	redCrosss: autoDraw = True
320.0573 	EXP 	Device response: <KeyPress from None: t=319.9108319990046, value=left, duration=0.144320624996908>
320.1139 	EXP 	blank3_bg: autoDraw = True
320.1205 	EXP 	greenCircle: autoDraw = False
320.1205 	EXP 	redCrosss: autoDraw = False
320.9048 	EXP 	New trial (rep=5, index=5): <Trial 85 (5 in rep 5) data={'prime': 'The dog is barking loudly', 'target': 'The dog barking is loudly', 'condition': 'transposition_related', 'correctAns': 'right', 'thisN': 85, 'thisTrialN': 5, 'thisRepN': 5}>
320.9205 	EXP 	blank3_bg: autoDraw = False
320.9205 	EXP 	blank3_bg: autoDraw = False
320.9205 	EXP 	greenCircle: autoDraw = False
320.9205 	EXP 	redCrosss: autoDraw = False
320.9205 	EXP 	prime_text: height = np.float64(0.05)
320.9205 	EXP 	prime_text: height = np.float64(0.05)
320.9205 	EXP 	prime_text: height = np.float64(0.05)
320.9205 	EXP 	prime_text: text = 'The dog is barking loudly'
320.9205 	EXP 	target_text: height = np.float64(0.05)
320.9205 	EXP 	target_text: height = np.float64(0.05)
320.9205 	EXP 	target_text: height = np.float64(0.05)
320.9205 	EXP 	target_text: text = 'The dog barking is loudly'
320.9205 	EXP 	fix_text: autoDraw = True
321.1635 	EXP 	fix_text: autoDraw = False
321.1635 	EXP 	blank1_bg: autoDraw = True
321.3539 	EXP 	blank1_bg: autoDraw = False
321.3539 	EXP 	prime_text: autoDraw = True
321.5446 	EXP 	prime_text: autoDraw = False
321.5555 	EXP 	blank2_bg: autoDraw = True
321.6429 	EXP 	blank2_bg: autoDraw = False
321.6627 	INFO 	Keyboard events cleared
321.6625 	EXP 	target_text: autoDraw = True
322.5962 	EXP 	Device response: <KeyPress from None: t=322.58975237399864, value=left, duration=None>
322.6034 	DATA 	Keypress: left
322.6080 	EXP 	fix_text: autoDraw = False
322.6080 	EXP 	blank1_bg: autoDraw = False
322.6080 	EXP 	prime_text: autoDraw = False
322.6080 	EXP 	blank2_bg: autoDraw = False
322.6080 	EXP 	target_text: autoDraw = False
322.6080 	EXP 	greenCircle: autoDraw = True
322.6080 	EXP 	redCrosss: autoDraw = True
322.7733 	EXP 	Device response: <KeyPress from None: t=322.58975237399864, value=left, duration=0.17631795900524594>
322.7874 	EXP 	blank3_bg: autoDraw = True
322.8054 	EXP 	greenCircle: autoDraw = False
322.8054 	EXP 	redCrosss: autoDraw = False
323.5726 	EXP 	New trial (rep=5, index=6): <Trial 86 (6 in rep 5) data={'prime': 'The dog is barking loudly', 'target': 'The loudly is barking dog', 'condition': 'repetition_unrelated', 'correctAns': 'left', 'thisN': 86, 'thisTrialN': 6, 'thisRepN': 5}>
323.5837 	EXP 	blank3_bg: autoDraw = False
323.5837 	EXP 	blank3_bg: autoDraw = False
323.5837 	EXP 	greenCircle: autoDraw = False
323.5837 	EXP 	redCrosss: autoDraw = False
323.5837 	EXP 	prime_text: text = 'The dog is barking loudly'
323.5837 	EXP 	target_text: height = np.float64(0.05)
323.5837 	EXP 	target_text: height = np.float64(0.05)
323.5837 	EXP 	target_text: height = np.float64(0.05)
323.5837 	EXP 	target_text: text = 'The loudly is barking dog'
323.6050 	EXP 	fix_text: autoDraw = True
323.8465 	EXP 	fix_text: autoDraw = False
323.8465 	EXP 	blank1_bg: autoDraw = True
324.0385 	EXP 	blank1_bg: autoDraw = False
324.0385 	EXP 	prime_text: autoDraw = True
324.2272 	EXP 	prime_text: autoDraw = False
324.2451 	EXP 	blank2_bg: autoDraw = True
324.3456 	INFO 	Keyboard events cleared
324.3454 	EXP 	blank2_bg: autoDraw = False
324.3454 	EXP 	target_text: autoDraw = True
325.6787 	EXP 	Device response: <KeyPress from None: t=325.6725957909948, value=left, duration=None>
325.6860 	DATA 	Keypress: left
325.6906 	EXP 	fix_text: autoDraw = False
325.6906 	EXP 	blank1_bg: autoDraw = False
325.6906 	EXP 	prime_text: autoDraw = False
325.6906 	EXP 	blank2_bg: autoDraw = False
325.6906 	EXP 	target_text: autoDraw = False
325.6906 	EXP 	greenCircle: autoDraw = True
325.6906 	EXP 	redCrosss: autoDraw = True
325.8705 	EXP 	blank3_bg: autoDraw = True
325.8876 	EXP 	greenCircle: autoDraw = False
325.8876 	EXP 	redCrosss: autoDraw = False
325.8891 	EXP 	Device response: <KeyPress from None: t=325.6725957909948, value=left, duration=0.21243829200102482>
326.6544 	EXP 	New trial (rep=5, index=7): <Trial 87 (7 in rep 5) data={'prime': 'They have finished the work', 'target': 'They have finished the work', 'condition': 'repetition_related', 'correctAns': 'right', 'thisN': 87, 'thisTrialN': 7, 'thisRepN': 5}>
326.6688 	EXP 	blank3_bg: autoDraw = False
326.6688 	EXP 	blank3_bg: autoDraw = False
326.6688 	EXP 	greenCircle: autoDraw = False
326.6688 	EXP 	redCrosss: autoDraw = False
326.6688 	EXP 	prime_text: height = np.float64(0.05)
326.6688 	EXP 	prime_text: height = np.float64(0.05)
326.6688 	EXP 	prime_text: height = np.float64(0.05)
326.6688 	EXP 	prime_text: text = 'They have finished the work'
326.6688 	EXP 	target_text: height = np.float64(0.05)
326.6688 	EXP 	target_text: height = np.float64(0.05)
326.6688 	EXP 	target_text: height = np.float64(0.05)
326.6688 	EXP 	target_text: text = 'They have finished the work'
326.6731 	EXP 	fix_text: autoDraw = True
326.9103 	EXP 	fix_text: autoDraw = False
326.9303 	EXP 	blank1_bg: autoDraw = True
327.1205 	EXP 	prime_text: autoDraw = True
327.1256 	EXP 	blank1_bg: autoDraw = False
327.3094 	EXP 	prime_text: autoDraw = False
327.3288 	EXP 	blank2_bg: autoDraw = True
327.4223 	INFO 	Keyboard events cleared
327.4220 	EXP 	blank2_bg: autoDraw = False
327.4220 	EXP 	target_text: autoDraw = True
328.6571 	EXP 	Device response: <KeyPress from None: t=328.6536526239943, value=right, duration=None>
328.6656 	DATA 	Keypress: right
328.6699 	EXP 	fix_text: autoDraw = False
328.6699 	EXP 	blank1_bg: autoDraw = False
328.6699 	EXP 	prime_text: autoDraw = False
328.6699 	EXP 	blank2_bg: autoDraw = False
328.6699 	EXP 	target_text: autoDraw = False
328.6699 	EXP 	greenCircle: autoDraw = True
328.6699 	EXP 	redCrosss: autoDraw = True
328.8405 	EXP 	Device response: <KeyPress from None: t=328.6536526239943, value=right, duration=0.18435100000351667>
328.8718 	EXP 	blank3_bg: autoDraw = True
328.8889 	EXP 	greenCircle: autoDraw = False
328.8889 	EXP 	redCrosss: autoDraw = False
329.6554 	EXP 	New trial (rep=5, index=8): <Trial 88 (8 in rep 5) data={'prime': 'The boy can read fast', 'target': 'The boy can read fast', 'condition': 'repetition_related', 'correctAns': 'right', 'thisN': 88, 'thisTrialN': 8, 'thisRepN': 5}>
329.6699 	EXP 	blank3_bg: autoDraw = False
329.6699 	EXP 	blank3_bg: autoDraw = False
329.6699 	EXP 	greenCircle: autoDraw = False
329.6699 	EXP 	redCrosss: autoDraw = False
329.6699 	EXP 	prime_text: height = np.float64(0.05)
329.6699 	EXP 	prime_text: height = np.float64(0.05)
329.6699 	EXP 	prime_text: height = np.float64(0.05)
329.6699 	EXP 	prime_text: text = 'The boy can read fast'
329.6699 	EXP 	target_text: height = np.float64(0.05)
329.6699 	EXP 	target_text: height = np.float64(0.05)
329.6699 	EXP 	target_text: height = np.float64(0.05)
329.6699 	EXP 	target_text: text = 'The boy can read fast'
329.6699 	EXP 	fix_text: autoDraw = True
329.9053 	EXP 	blank1_bg: autoDraw = True
329.9132 	EXP 	fix_text: autoDraw = False
330.1054 	EXP 	blank1_bg: autoDraw = False
330.1054 	EXP 	prime_text: autoDraw = True
330.2942 	EXP 	prime_text: autoDraw = False
330.3054 	EXP 	blank2_bg: autoDraw = True
330.3940 	EXP 	blank2_bg: autoDraw = False
330.4058 	INFO 	Keyboard events cleared
330.4055 	EXP 	target_text: autoDraw = True
331.1128 	EXP 	Device response: <KeyPress from None: t=331.10760849900544, value=right, duration=None>
331.1200 	DATA 	Keypress: right
331.1246 	EXP 	fix_text: autoDraw = False
331.1246 	EXP 	blank1_bg: autoDraw = False
331.1246 	EXP 	prime_text: autoDraw = False
331.1246 	EXP 	blank2_bg: autoDraw = False
331.1246 	EXP 	target_text: autoDraw = False
331.1246 	EXP 	greenCircle: autoDraw = True
331.1246 	EXP 	redCrosss: autoDraw = True
331.3142 	EXP 	blank3_bg: autoDraw = True
331.3206 	EXP 	greenCircle: autoDraw = False
331.3206 	EXP 	redCrosss: autoDraw = False
331.3398 	EXP 	Device response: <KeyPress from None: t=331.10760849900544, value=right, duration=0.22421929199481383>
332.1053 	EXP 	New trial (rep=5, index=9): <Trial 89 (9 in rep 5) data={'prime': 'The boy can read fast', 'target': 'The read can boy fast', 'condition': 'repetition_unrelated', 'correctAns': 'left', 'thisN': 89, 'thisTrialN': 9, 'thisRepN': 5}>
332.1165 	EXP 	blank3_bg: autoDraw = False
332.1165 	EXP 	blank3_bg: autoDraw = False
332.1165 	EXP 	greenCircle: autoDraw = False
332.1165 	EXP 	redCrosss: autoDraw = False
332.1165 	EXP 	prime_text: text = 'The boy can read fast'
332.1165 	EXP 	target_text: height = np.float64(0.05)
332.1165 	EXP 	target_text: height = np.float64(0.05)
332.1165 	EXP 	target_text: height = np.float64(0.05)
332.1165 	EXP 	target_text: text = 'The read can boy fast'
332.1165 	EXP 	fix_text: autoDraw = True
332.3628 	EXP 	fix_text: autoDraw = False
332.3628 	EXP 	blank1_bg: autoDraw = True
332.5608 	EXP 	blank1_bg: autoDraw = False
332.5608 	EXP 	prime_text: autoDraw = True
332.7555 	EXP 	prime_text: autoDraw = False
332.7619 	EXP 	blank2_bg: autoDraw = True
332.8554 	EXP 	blank2_bg: autoDraw = False
332.8623 	INFO 	Keyboard events cleared
332.8621 	EXP 	target_text: autoDraw = True
333.7739 	EXP 	Device response: <KeyPress from None: t=333.7654939990025, value=left, duration=None>
333.7826 	DATA 	Keypress: left
333.7869 	EXP 	fix_text: autoDraw = False
333.7869 	EXP 	blank1_bg: autoDraw = False
333.7869 	EXP 	prime_text: autoDraw = False
333.7869 	EXP 	blank2_bg: autoDraw = False
333.7869 	EXP 	target_text: autoDraw = False
333.7869 	EXP 	greenCircle: autoDraw = True
333.7869 	EXP 	redCrosss: autoDraw = True
333.9233 	EXP 	Device response: <KeyPress from None: t=333.7654939990025, value=left, duration=0.14832462499907706>
333.9710 	EXP 	blank3_bg: autoDraw = True
333.9784 	EXP 	greenCircle: autoDraw = False
333.9784 	EXP 	redCrosss: autoDraw = False
334.7560 	EXP 	New trial (rep=5, index=10): <Trial 90 (10 in rep 5) data={'prime': 'The dog is barking loudly', 'target': 'The dog is barking loudly', 'condition': 'repetition_related', 'correctAns': 'right', 'thisN': 90, 'thisTrialN': 10, 'thisRepN': 5}>
334.7707 	EXP 	blank3_bg: autoDraw = False
334.7707 	EXP 	blank3_bg: autoDraw = False
334.7707 	EXP 	greenCircle: autoDraw = False
334.7707 	EXP 	redCrosss: autoDraw = False
334.7707 	EXP 	prime_text: height = np.float64(0.05)
334.7707 	EXP 	prime_text: height = np.float64(0.05)
334.7707 	EXP 	prime_text: height = np.float64(0.05)
334.7707 	EXP 	prime_text: text = 'The dog is barking loudly'
334.7707 	EXP 	target_text: height = np.float64(0.05)
334.7707 	EXP 	target_text: height = np.float64(0.05)
334.7707 	EXP 	target_text: height = np.float64(0.05)
334.7707 	EXP 	target_text: text = 'The dog is barking loudly'
334.7745 	EXP 	fix_text: autoDraw = True
335.0222 	EXP 	fix_text: autoDraw = False
335.0222 	EXP 	blank1_bg: autoDraw = True
335.2095 	EXP 	blank1_bg: autoDraw = False
335.2220 	EXP 	prime_text: autoDraw = True
335.4105 	EXP 	prime_text: autoDraw = False
335.4220 	EXP 	blank2_bg: autoDraw = True
335.5094 	EXP 	blank2_bg: autoDraw = False
335.5221 	INFO 	Keyboard events cleared
335.5219 	EXP 	target_text: autoDraw = True
337.2629 	EXP 	Device response: <KeyPress from None: t=337.25746754099964, value=right, duration=None>
337.2701 	DATA 	Keypress: right
337.2746 	EXP 	fix_text: autoDraw = False
337.2746 	EXP 	blank1_bg: autoDraw = False
337.2746 	EXP 	prime_text: autoDraw = False
337.2746 	EXP 	blank2_bg: autoDraw = False
337.2746 	EXP 	target_text: autoDraw = False
337.2746 	EXP 	greenCircle: autoDraw = True
337.2746 	EXP 	redCrosss: autoDraw = True
337.4629 	EXP 	blank3_bg: autoDraw = True
337.4704 	EXP 	greenCircle: autoDraw = False
337.4704 	EXP 	redCrosss: autoDraw = False
337.4785 	EXP 	Device response: <KeyPress from None: t=337.25746754099964, value=right, duration=0.2162806249980349>
338.2460 	EXP 	New trial (rep=5, index=11): <Trial 91 (11 in rep 5) data={'prime': 'They have finished the work', 'target': 'They work the have finished', 'condition': 'transposition_unrelated', 'correctAns': 'left', 'thisN': 91, 'thisTrialN': 11, 'thisRepN': 5}>
338.2614 	EXP 	blank3_bg: autoDraw = False
338.2614 	EXP 	blank3_bg: autoDraw = False
338.2614 	EXP 	greenCircle: autoDraw = False
338.2614 	EXP 	redCrosss: autoDraw = False
338.2614 	EXP 	prime_text: height = np.float64(0.05)
338.2614 	EXP 	prime_text: height = np.float64(0.05)
338.2614 	EXP 	prime_text: height = np.float64(0.05)
338.2614 	EXP 	prime_text: text = 'They have finished the work'
338.2614 	EXP 	target_text: height = np.float64(0.05)
338.2614 	EXP 	target_text: height = np.float64(0.05)
338.2614 	EXP 	target_text: height = np.float64(0.05)
338.2614 	EXP 	target_text: text = 'They work the have finished'
338.2714 	EXP 	fix_text: autoDraw = True
338.5121 	EXP 	fix_text: autoDraw = False
338.5121 	EXP 	blank1_bg: autoDraw = True
338.7054 	EXP 	blank1_bg: autoDraw = False
338.7114 	EXP 	prime_text: autoDraw = True
338.9053 	EXP 	prime_text: autoDraw = False
338.9118 	EXP 	blank2_bg: autoDraw = True
339.0054 	EXP 	blank2_bg: autoDraw = False
339.0120 	INFO 	Keyboard events cleared
339.0118 	EXP 	target_text: autoDraw = True
343.0459 	EXP 	Device response: <KeyPress from None: t=343.04433016599796, value=left, duration=None>
343.0535 	DATA 	Keypress: left
343.0579 	EXP 	fix_text: autoDraw = False
343.0579 	EXP 	blank1_bg: autoDraw = False
343.0579 	EXP 	prime_text: autoDraw = False
343.0579 	EXP 	blank2_bg: autoDraw = False
343.0579 	EXP 	target_text: autoDraw = False
343.0579 	EXP 	greenCircle: autoDraw = True
343.0579 	EXP 	redCrosss: autoDraw = True
343.2476 	EXP 	blank3_bg: autoDraw = True
343.2545 	EXP 	greenCircle: autoDraw = False
343.2545 	EXP 	redCrosss: autoDraw = False
343.2729 	EXP 	Device response: <KeyPress from None: t=343.04433016599796, value=left, duration=0.22200391700607724>
344.0379 	EXP 	New trial (rep=5, index=12): <Trial 92 (12 in rep 5) data={'prime': 'The dog is barking loudly', 'target': 'The barking dog loudly is', 'condition': 'transposition_unrelated', 'correctAns': 'left', 'thisN': 92, 'thisTrialN': 12, 'thisRepN': 5}>
344.0533 	EXP 	blank3_bg: autoDraw = False
344.0533 	EXP 	blank3_bg: autoDraw = False
344.0533 	EXP 	greenCircle: autoDraw = False
344.0533 	EXP 	redCrosss: autoDraw = False
344.0533 	EXP 	prime_text: height = np.float64(0.05)
344.0533 	EXP 	prime_text: height = np.float64(0.05)
344.0533 	EXP 	prime_text: height = np.float64(0.05)
344.0533 	EXP 	prime_text: text = 'The dog is barking loudly'
344.0533 	EXP 	target_text: height = np.float64(0.05)
344.0533 	EXP 	target_text: height = np.float64(0.05)
344.0533 	EXP 	target_text: height = np.float64(0.05)
344.0533 	EXP 	target_text: text = 'The barking dog loudly is'
344.0533 	EXP 	fix_text: autoDraw = True
344.2877 	EXP 	blank1_bg: autoDraw = True
344.2961 	EXP 	fix_text: autoDraw = False
344.4764 	EXP 	blank1_bg: autoDraw = False
344.4950 	EXP 	prime_text: autoDraw = True
344.6887 	EXP 	prime_text: autoDraw = False
344.6951 	EXP 	blank2_bg: autoDraw = True
344.7886 	EXP 	blank2_bg: autoDraw = False
344.7949 	INFO 	Keyboard events cleared
344.7947 	EXP 	target_text: autoDraw = True
346.4459 	EXP 	Device response: <KeyPress from None: t=346.43891899900336, value=left, duration=None>
346.4531 	DATA 	Keypress: left
346.4578 	EXP 	fix_text: autoDraw = False
346.4578 	EXP 	blank1_bg: autoDraw = False
346.4578 	EXP 	prime_text: autoDraw = False
346.4578 	EXP 	blank2_bg: autoDraw = False
346.4578 	EXP 	target_text: autoDraw = False
346.4578 	EXP 	greenCircle: autoDraw = True
346.4578 	EXP 	redCrosss: autoDraw = True
346.6070 	EXP 	Device response: <KeyPress from None: t=346.43891899900336, value=left, duration=0.16032445899327286>
346.6478 	EXP 	blank3_bg: autoDraw = True
346.6541 	EXP 	greenCircle: autoDraw = False
346.6541 	EXP 	redCrosss: autoDraw = False
347.4390 	EXP 	New trial (rep=5, index=13): <Trial 93 (13 in rep 5) data={'prime': 'The boy can read fast', 'target': 'The read can boy fast', 'condition': 'transposition_unrelated', 'correctAns': 'left', 'thisN': 93, 'thisTrialN': 13, 'thisRepN': 5}>
347.4556 	EXP 	blank3_bg: autoDraw = False
347.4556 	EXP 	blank3_bg: autoDraw = False
347.4556 	EXP 	greenCircle: autoDraw = False
347.4556 	EXP 	redCrosss: autoDraw = False
347.4556 	EXP 	prime_text: height = np.float64(0.05)
347.4556 	EXP 	prime_text: height = np.float64(0.05)
347.4556 	EXP 	prime_text: height = np.float64(0.05)
347.4556 	EXP 	prime_text: text = 'The boy can read fast'
347.4556 	EXP 	target_text: height = np.float64(0.05)
347.4556 	EXP 	target_text: height = np.float64(0.05)
347.4556 	EXP 	target_text: height = np.float64(0.05)
347.4556 	EXP 	target_text: text = 'The read can boy fast'
347.4556 	EXP 	fix_text: autoDraw = True
347.6967 	EXP 	fix_text: autoDraw = False
347.6967 	EXP 	blank1_bg: autoDraw = True
347.8945 	EXP 	blank1_bg: autoDraw = False
347.8945 	EXP 	prime_text: autoDraw = True
348.0886 	EXP 	prime_text: autoDraw = False
348.0950 	EXP 	blank2_bg: autoDraw = True
348.1949 	INFO 	Keyboard events cleared
348.1947 	EXP 	blank2_bg: autoDraw = False
348.1947 	EXP 	target_text: autoDraw = True
350.0405 	EXP 	Device response: <KeyPress from None: t=350.038362457999, value=left, duration=None>
350.0487 	DATA 	Keypress: left
350.0529 	EXP 	fix_text: autoDraw = False
350.0529 	EXP 	blank1_bg: autoDraw = False
350.0529 	EXP 	prime_text: autoDraw = False
350.0529 	EXP 	blank2_bg: autoDraw = False
350.0529 	EXP 	target_text: autoDraw = False
350.0529 	EXP 	greenCircle: autoDraw = True
350.0529 	EXP 	redCrosss: autoDraw = True
350.2377 	EXP 	blank3_bg: autoDraw = True
350.2396 	EXP 	Device response: <KeyPress from None: t=350.038362457999, value=left, duration=0.19572608299495187>
350.2493 	EXP 	greenCircle: autoDraw = False
350.2493 	EXP 	redCrosss: autoDraw = False
351.0212 	EXP 	New trial (rep=5, index=14): <Trial 94 (14 in rep 5) data={'prime': 'She does not like apples', 'target': 'She does not like apples', 'condition': 'repetition_related', 'correctAns': 'right', 'thisN': 94, 'thisTrialN': 14, 'thisRepN': 5}>
351.0365 	EXP 	blank3_bg: autoDraw = False
351.0365 	EXP 	blank3_bg: autoDraw = False
351.0365 	EXP 	greenCircle: autoDraw = False
351.0365 	EXP 	redCrosss: autoDraw = False
351.0365 	EXP 	prime_text: height = np.float64(0.05)
351.0365 	EXP 	prime_text: height = np.float64(0.05)
351.0365 	EXP 	prime_text: height = np.float64(0.05)
351.0365 	EXP 	prime_text: text = 'She does not like apples'
351.0365 	EXP 	target_text: height = np.float64(0.05)
351.0365 	EXP 	target_text: height = np.float64(0.05)
351.0365 	EXP 	target_text: height = np.float64(0.05)
351.0365 	EXP 	target_text: text = 'She does not like apples'
351.0410 	EXP 	fix_text: autoDraw = True
351.2887 	EXP 	fix_text: autoDraw = False
351.2887 	EXP 	blank1_bg: autoDraw = True
351.4769 	EXP 	blank1_bg: autoDraw = False
351.4885 	EXP 	prime_text: autoDraw = True
351.6772 	EXP 	prime_text: autoDraw = False
351.6887 	EXP 	blank2_bg: autoDraw = True
351.7770 	EXP 	blank2_bg: autoDraw = False
351.7888 	INFO 	Keyboard events cleared
351.7886 	EXP 	target_text: autoDraw = True
355.0571 	EXP 	Device response: <KeyPress from None: t=355.0511073329981, value=right, duration=None>
355.0656 	DATA 	Keypress: right
355.0698 	EXP 	fix_text: autoDraw = False
355.0698 	EXP 	blank1_bg: autoDraw = False
355.0698 	EXP 	prime_text: autoDraw = False
355.0698 	EXP 	blank2_bg: autoDraw = False
355.0698 	EXP 	target_text: autoDraw = False
355.0698 	EXP 	greenCircle: autoDraw = True
355.0698 	EXP 	redCrosss: autoDraw = True
355.2405 	EXP 	Device response: <KeyPress from None: t=355.0511073329981, value=right, duration=0.18182954100484494>
355.2548 	EXP 	blank3_bg: autoDraw = True
355.2612 	EXP 	greenCircle: autoDraw = False
355.2612 	EXP 	redCrosss: autoDraw = False
356.0444 	EXP 	New trial (rep=5, index=15): <Trial 95 (15 in rep 5) data={'prime': 'The boy can read fast', 'target': 'The boy can read fast', 'condition': 'transposition_related', 'correctAns': 'right', 'thisN': 95, 'thisTrialN': 15, 'thisRepN': 5}>
356.0600 	EXP 	blank3_bg: autoDraw = False
356.0600 	EXP 	blank3_bg: autoDraw = False
356.0600 	EXP 	greenCircle: autoDraw = False
356.0600 	EXP 	redCrosss: autoDraw = False
356.0600 	EXP 	prime_text: height = np.float64(0.05)
356.0600 	EXP 	prime_text: height = np.float64(0.05)
356.0600 	EXP 	prime_text: height = np.float64(0.05)
356.0600 	EXP 	prime_text: text = 'The boy can read fast'
356.0600 	EXP 	target_text: height = np.float64(0.05)
356.0600 	EXP 	target_text: height = np.float64(0.05)
356.0600 	EXP 	target_text: height = np.float64(0.05)
356.0600 	EXP 	target_text: text = 'The boy can read fast'
356.0600 	EXP 	fix_text: autoDraw = True
356.3054 	EXP 	fix_text: autoDraw = False
356.3054 	EXP 	blank1_bg: autoDraw = True
356.5052 	EXP 	blank1_bg: autoDraw = False
356.5052 	EXP 	prime_text: autoDraw = True
356.6928 	EXP 	prime_text: autoDraw = False
356.7054 	EXP 	blank2_bg: autoDraw = True
356.7939 	EXP 	blank2_bg: autoDraw = False
356.8056 	INFO 	Keyboard events cleared
356.8053 	EXP 	target_text: autoDraw = True
360.1899 	EXP 	Device response: <KeyPress from None: t=360.1800698739971, value=right, duration=None>
360.1975 	DATA 	Keypress: right
360.2018 	EXP 	fix_text: autoDraw = False
360.2018 	EXP 	blank1_bg: autoDraw = False
360.2018 	EXP 	prime_text: autoDraw = False
360.2018 	EXP 	blank2_bg: autoDraw = False
360.2018 	EXP 	target_text: autoDraw = False
360.2018 	EXP 	greenCircle: autoDraw = True
360.2018 	EXP 	redCrosss: autoDraw = True
360.3397 	EXP 	Device response: <KeyPress from None: t=360.1800698739971, value=right, duration=0.15787366700533312>
360.3885 	EXP 	blank3_bg: autoDraw = True
360.3961 	EXP 	greenCircle: autoDraw = False
360.3961 	EXP 	redCrosss: autoDraw = False
361.1794 	EXP 	New trial (rep=6, index=0): <Trial 96 (0 in rep 6) data={'prime': 'The dog is barking loudly', 'target': 'The dog is barking loudly', 'condition': 'repetition_related', 'correctAns': 'right', 'thisN': 96, 'thisTrialN': 0, 'thisRepN': 6}>
361.1953 	EXP 	blank3_bg: autoDraw = False
361.1953 	EXP 	blank3_bg: autoDraw = False
361.1953 	EXP 	greenCircle: autoDraw = False
361.1953 	EXP 	redCrosss: autoDraw = False
361.1953 	EXP 	prime_text: height = np.float64(0.05)
361.1953 	EXP 	prime_text: height = np.float64(0.05)
361.1953 	EXP 	prime_text: height = np.float64(0.05)
361.1953 	EXP 	prime_text: text = 'The dog is barking loudly'
361.1953 	EXP 	target_text: height = np.float64(0.05)
361.1953 	EXP 	target_text: height = np.float64(0.05)
361.1953 	EXP 	target_text: height = np.float64(0.05)
361.1953 	EXP 	target_text: text = 'The dog is barking loudly'
361.1953 	EXP 	fix_text: autoDraw = True
361.4386 	EXP 	fix_text: autoDraw = False
361.4386 	EXP 	blank1_bg: autoDraw = True
361.6271 	EXP 	blank1_bg: autoDraw = False
361.6385 	EXP 	prime_text: autoDraw = True
361.8272 	EXP 	prime_text: autoDraw = False
361.8386 	EXP 	blank2_bg: autoDraw = True
361.9260 	EXP 	blank2_bg: autoDraw = False
361.9389 	INFO 	Keyboard events cleared
361.9387 	EXP 	target_text: autoDraw = True
367.6955 	EXP 	Device response: <KeyPress from None: t=367.69038799899863, value=right, duration=None>
367.7027 	DATA 	Keypress: right
367.7072 	EXP 	fix_text: autoDraw = False
367.7072 	EXP 	blank1_bg: autoDraw = False
367.7072 	EXP 	prime_text: autoDraw = False
367.7072 	EXP 	blank2_bg: autoDraw = False
367.7072 	EXP 	target_text: autoDraw = False
367.7072 	EXP 	greenCircle: autoDraw = True
367.7072 	EXP 	redCrosss: autoDraw = True
367.8875 	EXP 	blank3_bg: autoDraw = True
367.9044 	EXP 	greenCircle: autoDraw = False
367.9044 	EXP 	redCrosss: autoDraw = False
367.9058 	EXP 	Device response: <KeyPress from None: t=367.69038799899863, value=right, duration=0.20583983400138095>
368.6720 	EXP 	New trial (rep=6, index=1): <Trial 97 (1 in rep 6) data={'prime': 'The boy can read fast', 'target': 'The boy can read fast', 'condition': 'transposition_related', 'correctAns': 'right', 'thisN': 97, 'thisTrialN': 1, 'thisRepN': 6}>
368.6875 	EXP 	blank3_bg: autoDraw = False
368.6875 	EXP 	blank3_bg: autoDraw = False
368.6875 	EXP 	greenCircle: autoDraw = False
368.6875 	EXP 	redCrosss: autoDraw = False
368.6875 	EXP 	prime_text: height = np.float64(0.05)
368.6875 	EXP 	prime_text: height = np.float64(0.05)
368.6875 	EXP 	prime_text: height = np.float64(0.05)
368.6875 	EXP 	prime_text: text = 'The boy can read fast'
368.6875 	EXP 	target_text: height = np.float64(0.05)
368.6875 	EXP 	target_text: height = np.float64(0.05)
368.6875 	EXP 	target_text: height = np.float64(0.05)
368.6875 	EXP 	target_text: text = 'The boy can read fast'
368.6919 	EXP 	fix_text: autoDraw = True
368.9386 	EXP 	fix_text: autoDraw = False
368.9465 	EXP 	blank1_bg: autoDraw = True
369.1384 	EXP 	blank1_bg: autoDraw = False
369.1384 	EXP 	prime_text: autoDraw = True
369.3271 	EXP 	prime_text: autoDraw = False
369.3441 	EXP 	blank2_bg: autoDraw = True
369.4386 	INFO 	Keyboard events cleared
369.4384 	EXP 	blank2_bg: autoDraw = False
369.4384 	EXP 	target_text: autoDraw = True
370.8958 	EXP 	Device response: <KeyPress from None: t=370.8908202909952, value=right, duration=None>
370.9032 	DATA 	Keypress: right
370.9073 	EXP 	fix_text: autoDraw = False
370.9073 	EXP 	blank1_bg: autoDraw = False
370.9073 	EXP 	prime_text: autoDraw = False
370.9073 	EXP 	blank2_bg: autoDraw = False
370.9073 	EXP 	target_text: autoDraw = False
370.9073 	EXP 	greenCircle: autoDraw = True
370.9073 	EXP 	redCrosss: autoDraw = True
371.0974 	EXP 	blank3_bg: autoDraw = True
371.1044 	EXP 	greenCircle: autoDraw = False
371.1044 	EXP 	redCrosss: autoDraw = False
371.1057 	EXP 	Device response: <KeyPress from None: t=370.8908202909952, value=right, duration=0.21223900000040885>
371.8883 	EXP 	New trial (rep=6, index=2): <Trial 98 (2 in rep 6) data={'prime': 'The boy can read fast', 'target': 'The boy can read fast', 'condition': 'repetition_related', 'correctAns': 'right', 'thisN': 98, 'thisTrialN': 2, 'thisRepN': 6}>
371.8944 	EXP 	blank3_bg: autoDraw = False
371.8944 	EXP 	blank3_bg: autoDraw = False
371.8944 	EXP 	greenCircle: autoDraw = False
371.8944 	EXP 	redCrosss: autoDraw = False
371.8944 	EXP 	prime_text: text = 'The boy can read fast'
371.8944 	EXP 	target_text: text = 'The boy can read fast'
371.8944 	EXP 	fix_text: autoDraw = True
372.1385 	EXP 	fix_text: autoDraw = False
372.1461 	EXP 	blank1_bg: autoDraw = True
372.3449 	EXP 	blank1_bg: autoDraw = False
372.3449 	EXP 	prime_text: autoDraw = True
372.5385 	EXP 	prime_text: autoDraw = False
372.5453 	EXP 	blank2_bg: autoDraw = True
372.6451 	INFO 	Keyboard events cleared
372.6450 	EXP 	blank2_bg: autoDraw = False
372.6450 	EXP 	target_text: autoDraw = True
373.8459 	EXP 	Device response: <KeyPress from None: t=373.8397577489959, value=right, duration=None>
373.8534 	DATA 	Keypress: right
373.8577 	EXP 	fix_text: autoDraw = False
373.8577 	EXP 	blank1_bg: autoDraw = False
373.8577 	EXP 	prime_text: autoDraw = False
373.8577 	EXP 	blank2_bg: autoDraw = False
373.8577 	EXP 	target_text: autoDraw = False
373.8577 	EXP 	greenCircle: autoDraw = True
373.8577 	EXP 	redCrosss: autoDraw = True
374.0469 	EXP 	blank3_bg: autoDraw = True
374.0539 	EXP 	greenCircle: autoDraw = False
374.0539 	EXP 	redCrosss: autoDraw = False
374.0964 	EXP 	Device response: <KeyPress from None: t=373.8397577489959, value=right, duration=0.2522424589988077>
374.8394 	EXP 	New trial (rep=6, index=3): <Trial 99 (3 in rep 6) data={'prime': 'She does not like apples', 'target': 'She not does like apples', 'condition': 'transposition_related', 'correctAns': 'right', 'thisN': 99, 'thisTrialN': 3, 'thisRepN': 6}>
374.8551 	EXP 	blank3_bg: autoDraw = False
374.8551 	EXP 	blank3_bg: autoDraw = False
374.8551 	EXP 	greenCircle: autoDraw = False
374.8551 	EXP 	redCrosss: autoDraw = False
374.8551 	EXP 	prime_text: height = np.float64(0.05)
374.8551 	EXP 	prime_text: height = np.float64(0.05)
374.8551 	EXP 	prime_text: height = np.float64(0.05)
374.8551 	EXP 	prime_text: text = 'She does not like apples'
374.8551 	EXP 	target_text: height = np.float64(0.05)
374.8551 	EXP 	target_text: height = np.float64(0.05)
374.8551 	EXP 	target_text: height = np.float64(0.05)
374.8551 	EXP 	target_text: text = 'She not does like apples'
374.8551 	EXP 	fix_text: autoDraw = True
375.0969 	EXP 	fix_text: autoDraw = False
375.0969 	EXP 	blank1_bg: autoDraw = True
375.2878 	EXP 	prime_text: autoDraw = True
375.2925 	EXP 	blank1_bg: autoDraw = False
375.4771 	EXP 	prime_text: autoDraw = False
375.4950 	EXP 	blank2_bg: autoDraw = True
375.5940 	INFO 	Keyboard events cleared
375.5938 	EXP 	blank2_bg: autoDraw = False
375.5938 	EXP 	target_text: autoDraw = True
377.4627 	EXP 	Device response: <KeyPress from None: t=377.458665165992, value=left, duration=None>
377.4701 	DATA 	Keypress: left
377.4744 	EXP 	fix_text: autoDraw = False
377.4744 	EXP 	blank1_bg: autoDraw = False
377.4744 	EXP 	prime_text: autoDraw = False
377.4744 	EXP 	blank2_bg: autoDraw = False
377.4744 	EXP 	target_text: autoDraw = False
377.4744 	EXP 	greenCircle: autoDraw = True
377.4744 	EXP 	redCrosss: autoDraw = True
377.6398 	EXP 	Device response: <KeyPress from None: t=377.458665165992, value=left, duration=0.17229575000237674>
377.6538 	EXP 	blank3_bg: autoDraw = True
377.6719 	EXP 	greenCircle: autoDraw = False
377.6719 	EXP 	redCrosss: autoDraw = False
378.4392 	EXP 	New trial (rep=6, index=4): <Trial 100 (4 in rep 6) data={'prime': 'The boy can read fast', 'target': 'The read can boy fast', 'condition': 'transposition_unrelated', 'correctAns': 'left', 'thisN': 100, 'thisTrialN': 4, 'thisRepN': 6}>
378.4533 	EXP 	blank3_bg: autoDraw = False
378.4533 	EXP 	blank3_bg: autoDraw = False
378.4533 	EXP 	greenCircle: autoDraw = False
378.4533 	EXP 	redCrosss: autoDraw = False
378.4533 	EXP 	prime_text: height = np.float64(0.05)
378.4533 	EXP 	prime_text: height = np.float64(0.05)
378.4533 	EXP 	prime_text: height = np.float64(0.05)
378.4533 	EXP 	prime_text: text = 'The boy can read fast'
378.4533 	EXP 	target_text: height = np.float64(0.05)
378.4533 	EXP 	target_text: height = np.float64(0.05)
378.4533 	EXP 	target_text: height = np.float64(0.05)
378.4533 	EXP 	target_text: text = 'The read can boy fast'
378.4578 	EXP 	fix_text: autoDraw = True
378.7053 	EXP 	fix_text: autoDraw = False
378.7134 	EXP 	blank1_bg: autoDraw = True
378.9037 	EXP 	blank1_bg: autoDraw = False
378.9037 	EXP 	prime_text: autoDraw = True
379.0938 	EXP 	prime_text: autoDraw = False
379.1108 	EXP 	blank2_bg: autoDraw = True
379.2053 	EXP 	blank2_bg: autoDraw = False
379.2112 	INFO 	Keyboard events cleared
379.2111 	EXP 	target_text: autoDraw = True
380.1566 	EXP 	Device response: <KeyPress from None: t=380.1495914989937, value=left, duration=None>
380.1643 	DATA 	Keypress: left
380.1685 	EXP 	fix_text: autoDraw = False
380.1685 	EXP 	blank1_bg: autoDraw = False
380.1685 	EXP 	prime_text: autoDraw = False
380.1685 	EXP 	blank2_bg: autoDraw = False
380.1685 	EXP 	target_text: autoDraw = False
380.1685 	EXP 	greenCircle: autoDraw = True
380.1685 	EXP 	redCrosss: autoDraw = True
380.3235 	EXP 	Device response: <KeyPress from None: t=380.1495914989937, value=left, duration=0.16835120900941547>
380.3553 	EXP 	blank3_bg: autoDraw = True
380.3628 	EXP 	greenCircle: autoDraw = False
380.3628 	EXP 	redCrosss: autoDraw = False
381.1444 	EXP 	New trial (rep=6, index=5): <Trial 101 (5 in rep 6) data={'prime': 'She does not like apples', 'target': 'She does not like apples', 'condition': 'repetition_related', 'correctAns': 'right', 'thisN': 101, 'thisTrialN': 5, 'thisRepN': 6}>
381.1593 	EXP 	blank3_bg: autoDraw = False
381.1593 	EXP 	blank3_bg: autoDraw = False
381.1593 	EXP 	greenCircle: autoDraw = False
381.1593 	EXP 	redCrosss: autoDraw = False
381.1593 	EXP 	prime_text: height = np.float64(0.05)
381.1593 	EXP 	prime_text: height = np.float64(0.05)
381.1593 	EXP 	prime_text: height = np.float64(0.05)
381.1593 	EXP 	prime_text: text = 'She does not like apples'
381.1593 	EXP 	target_text: height = np.float64(0.05)
381.1593 	EXP 	target_text: height = np.float64(0.05)
381.1593 	EXP 	target_text: height = np.float64(0.05)
381.1593 	EXP 	target_text: text = 'She does not like apples'
381.1593 	EXP 	fix_text: autoDraw = True
381.4053 	EXP 	fix_text: autoDraw = False
381.4053 	EXP 	blank1_bg: autoDraw = True
381.6046 	EXP 	blank1_bg: autoDraw = False
381.6046 	EXP 	prime_text: autoDraw = True
381.7929 	EXP 	prime_text: autoDraw = False
381.8053 	EXP 	blank2_bg: autoDraw = True
381.8928 	EXP 	blank2_bg: autoDraw = False
381.9054 	INFO 	Keyboard events cleared
381.9052 	EXP 	target_text: autoDraw = True
386.5407 	EXP 	Device response: <KeyPress from None: t=386.5386859160062, value=right, duration=None>
386.5492 	DATA 	Keypress: right
386.5537 	EXP 	fix_text: autoDraw = False
386.5537 	EXP 	blank1_bg: autoDraw = False
386.5537 	EXP 	prime_text: autoDraw = False
386.5537 	EXP 	blank2_bg: autoDraw = False
386.5537 	EXP 	target_text: autoDraw = False
386.5537 	EXP 	greenCircle: autoDraw = True
386.5537 	EXP 	redCrosss: autoDraw = True
386.7371 	EXP 	blank3_bg: autoDraw = True
386.7449 	EXP 	greenCircle: autoDraw = False
386.7449 	EXP 	redCrosss: autoDraw = False
386.7775 	EXP 	Device response: <KeyPress from None: t=386.5386859160062, value=right, duration=0.2340131249948172>
387.5213 	EXP 	New trial (rep=6, index=6): <Trial 102 (6 in rep 6) data={'prime': 'They have finished the work', 'target': 'They have finished the work', 'condition': 'repetition_related', 'correctAns': 'right', 'thisN': 102, 'thisTrialN': 6, 'thisRepN': 6}>
387.5378 	EXP 	blank3_bg: autoDraw = False
387.5378 	EXP 	blank3_bg: autoDraw = False
387.5378 	EXP 	greenCircle: autoDraw = False
387.5378 	EXP 	redCrosss: autoDraw = False
387.5378 	EXP 	prime_text: height = np.float64(0.05)
387.5378 	EXP 	prime_text: height = np.float64(0.05)
387.5378 	EXP 	prime_text: height = np.float64(0.05)
387.5378 	EXP 	prime_text: text = 'They have finished the work'
387.5378 	EXP 	target_text: height = np.float64(0.05)
387.5378 	EXP 	target_text: height = np.float64(0.05)
387.5378 	EXP 	target_text: height = np.float64(0.05)
387.5378 	EXP 	target_text: text = 'They have finished the work'
387.5552 	EXP 	fix_text: autoDraw = True
387.7870 	EXP 	blank1_bg: autoDraw = True
387.8040 	EXP 	fix_text: autoDraw = False
387.9761 	EXP 	blank1_bg: autoDraw = False
387.9886 	EXP 	prime_text: autoDraw = True
388.1772 	EXP 	prime_text: autoDraw = False
388.1887 	EXP 	blank2_bg: autoDraw = True
388.2759 	EXP 	blank2_bg: autoDraw = False
388.2890 	INFO 	Keyboard events cleared
388.2888 	EXP 	target_text: autoDraw = True
389.4571 	EXP 	Device response: <KeyPress from None: t=389.45039520799764, value=right, duration=None>
389.4653 	DATA 	Keypress: right
389.4696 	EXP 	fix_text: autoDraw = False
389.4696 	EXP 	blank1_bg: autoDraw = False
389.4696 	EXP 	prime_text: autoDraw = False
389.4696 	EXP 	blank2_bg: autoDraw = False
389.4696 	EXP 	target_text: autoDraw = False
389.4696 	EXP 	greenCircle: autoDraw = True
389.4696 	EXP 	redCrosss: autoDraw = True
389.6540 	EXP 	blank3_bg: autoDraw = True
389.6620 	EXP 	greenCircle: autoDraw = False
389.6620 	EXP 	redCrosss: autoDraw = False
389.7058 	EXP 	Device response: <KeyPress from None: t=389.45039520799764, value=right, duration=0.2522264580038609>
390.4382 	EXP 	New trial (rep=6, index=7): <Trial 103 (7 in rep 6) data={'prime': 'The dog is barking loudly', 'target': 'The dog barking is loudly', 'condition': 'transposition_related', 'correctAns': 'right', 'thisN': 103, 'thisTrialN': 7, 'thisRepN': 6}>
390.4539 	EXP 	blank3_bg: autoDraw = False
390.4539 	EXP 	blank3_bg: autoDraw = False
390.4539 	EXP 	greenCircle: autoDraw = False
390.4539 	EXP 	redCrosss: autoDraw = False
390.4539 	EXP 	prime_text: height = np.float64(0.05)
390.4539 	EXP 	prime_text: height = np.float64(0.05)
390.4539 	EXP 	prime_text: height = np.float64(0.05)
390.4539 	EXP 	prime_text: text = 'The dog is barking loudly'
390.4539 	EXP 	target_text: height = np.float64(0.05)
390.4539 	EXP 	target_text: height = np.float64(0.05)
390.4539 	EXP 	target_text: height = np.float64(0.05)
390.4539 	EXP 	target_text: text = 'The dog barking is loudly'
390.4583 	EXP 	fix_text: autoDraw = True
390.7052 	EXP 	fix_text: autoDraw = False
390.7052 	EXP 	blank1_bg: autoDraw = True
390.8942 	EXP 	blank1_bg: autoDraw = False
390.9052 	EXP 	prime_text: autoDraw = True
391.0934 	EXP 	prime_text: autoDraw = False
391.1053 	EXP 	blank2_bg: autoDraw = True
391.1927 	EXP 	blank2_bg: autoDraw = False
391.2055 	INFO 	Keyboard events cleared
391.2053 	EXP 	target_text: autoDraw = True
392.9452 	EXP 	Device response: <KeyPress from None: t=392.94325258300523, value=left, duration=None>
392.9527 	DATA 	Keypress: left
392.9571 	EXP 	fix_text: autoDraw = False
392.9571 	EXP 	blank1_bg: autoDraw = False
392.9571 	EXP 	prime_text: autoDraw = False
392.9571 	EXP 	blank2_bg: autoDraw = False
392.9571 	EXP 	target_text: autoDraw = False
392.9571 	EXP 	greenCircle: autoDraw = True
392.9571 	EXP 	redCrosss: autoDraw = True
393.1066 	EXP 	Device response: <KeyPress from None: t=392.94325258300523, value=left, duration=0.152307957992889>
393.1468 	EXP 	blank3_bg: autoDraw = True
393.1538 	EXP 	greenCircle: autoDraw = False
393.1538 	EXP 	redCrosss: autoDraw = False
393.9303 	EXP 	New trial (rep=6, index=8): <Trial 104 (8 in rep 6) data={'prime': 'The boy can read fast', 'target': 'The read can boy fast', 'condition': 'repetition_unrelated', 'correctAns': 'left', 'thisN': 104, 'thisTrialN': 8, 'thisRepN': 6}>
393.9453 	EXP 	blank3_bg: autoDraw = False
393.9453 	EXP 	blank3_bg: autoDraw = False
393.9453 	EXP 	greenCircle: autoDraw = False
393.9453 	EXP 	redCrosss: autoDraw = False
393.9453 	EXP 	prime_text: height = np.float64(0.05)
393.9453 	EXP 	prime_text: height = np.float64(0.05)
393.9453 	EXP 	prime_text: height = np.float64(0.05)
393.9453 	EXP 	prime_text: text = 'The boy can read fast'
393.9453 	EXP 	target_text: height = np.float64(0.05)
393.9453 	EXP 	target_text: height = np.float64(0.05)
393.9453 	EXP 	target_text: height = np.float64(0.05)
393.9453 	EXP 	target_text: text = 'The read can boy fast'
393.9453 	EXP 	fix_text: autoDraw = True
394.1962 	EXP 	fix_text: autoDraw = False
394.1962 	EXP 	blank1_bg: autoDraw = True
394.3873 	EXP 	blank1_bg: autoDraw = False
394.3873 	EXP 	prime_text: autoDraw = True
394.5759 	EXP 	prime_text: autoDraw = False
394.5951 	EXP 	blank2_bg: autoDraw = True
394.6948 	INFO 	Keyboard events cleared
394.6946 	EXP 	blank2_bg: autoDraw = False
394.6946 	EXP 	target_text: autoDraw = True
395.8399 	EXP 	Device response: <KeyPress from None: t=395.83022291600355, value=left, duration=None>
395.8473 	DATA 	Keypress: left
395.8516 	EXP 	fix_text: autoDraw = False
395.8516 	EXP 	blank1_bg: autoDraw = False
395.8516 	EXP 	prime_text: autoDraw = False
395.8516 	EXP 	blank2_bg: autoDraw = False
395.8516 	EXP 	target_text: autoDraw = False
395.8516 	EXP 	greenCircle: autoDraw = True
395.8516 	EXP 	redCrosss: autoDraw = True
395.9736 	EXP 	Device response: <KeyPress from None: t=395.83022291600355, value=left, duration=0.13634616699710023>
396.0371 	EXP 	blank3_bg: autoDraw = True
396.0436 	EXP 	greenCircle: autoDraw = False
396.0436 	EXP 	redCrosss: autoDraw = False
396.8214 	EXP 	New trial (rep=6, index=9): <Trial 105 (9 in rep 6) data={'prime': 'She does not like apples', 'target': 'She like does apples not', 'condition': 'transposition_unrelated', 'correctAns': 'left', 'thisN': 105, 'thisTrialN': 9, 'thisRepN': 6}>
396.8370 	EXP 	blank3_bg: autoDraw = False
396.8370 	EXP 	blank3_bg: autoDraw = False
396.8370 	EXP 	greenCircle: autoDraw = False
396.8370 	EXP 	redCrosss: autoDraw = False
396.8370 	EXP 	prime_text: height = np.float64(0.05)
396.8370 	EXP 	prime_text: height = np.float64(0.05)
396.8370 	EXP 	prime_text: height = np.float64(0.05)
396.8370 	EXP 	prime_text: text = 'She does not like apples'
396.8370 	EXP 	target_text: height = np.float64(0.05)
396.8370 	EXP 	target_text: height = np.float64(0.05)
396.8370 	EXP 	target_text: height = np.float64(0.05)
396.8370 	EXP 	target_text: text = 'She like does apples not'
396.8414 	EXP 	fix_text: autoDraw = True
397.0886 	EXP 	fix_text: autoDraw = False
397.0886 	EXP 	blank1_bg: autoDraw = True
397.2768 	EXP 	blank1_bg: autoDraw = False
397.2884 	EXP 	prime_text: autoDraw = True
397.4758 	EXP 	prime_text: autoDraw = False
397.4886 	EXP 	blank2_bg: autoDraw = True
397.5761 	EXP 	blank2_bg: autoDraw = False
397.5887 	INFO 	Keyboard events cleared
397.5885 	EXP 	target_text: autoDraw = True
398.9286 	EXP 	Device response: <KeyPress from None: t=398.92305641599523, value=left, duration=None>
398.9357 	DATA 	Keypress: left
398.9407 	EXP 	fix_text: autoDraw = False
398.9407 	EXP 	blank1_bg: autoDraw = False
398.9407 	EXP 	prime_text: autoDraw = False
398.9407 	EXP 	blank2_bg: autoDraw = False
398.9407 	EXP 	target_text: autoDraw = False
398.9407 	EXP 	greenCircle: autoDraw = True
398.9407 	EXP 	redCrosss: autoDraw = True
399.0792 	EXP 	Device response: <KeyPress from None: t=398.92305641599523, value=left, duration=0.15237158299714793>
399.1301 	EXP 	blank3_bg: autoDraw = True
399.1370 	EXP 	greenCircle: autoDraw = False
399.1370 	EXP 	redCrosss: autoDraw = False
399.9227 	EXP 	New trial (rep=6, index=10): <Trial 106 (10 in rep 6) data={'prime': 'The dog is barking loudly', 'target': 'The loudly is barking dog', 'condition': 'repetition_unrelated', 'correctAns': 'left', 'thisN': 106, 'thisTrialN': 10, 'thisRepN': 6}>
399.9391 	EXP 	blank3_bg: autoDraw = False
399.9391 	EXP 	blank3_bg: autoDraw = False
399.9391 	EXP 	greenCircle: autoDraw = False
399.9391 	EXP 	redCrosss: autoDraw = False
399.9391 	EXP 	prime_text: height = np.float64(0.05)
399.9391 	EXP 	prime_text: height = np.float64(0.05)
399.9391 	EXP 	prime_text: height = np.float64(0.05)
399.9391 	EXP 	prime_text: text = 'The dog is barking loudly'
399.9391 	EXP 	target_text: height = np.float64(0.05)
399.9391 	EXP 	target_text: height = np.float64(0.05)
399.9391 	EXP 	target_text: height = np.float64(0.05)
399.9391 	EXP 	target_text: text = 'The loudly is barking dog'
399.9391 	EXP 	fix_text: autoDraw = True
400.1798 	EXP 	fix_text: autoDraw = False
400.1798 	EXP 	blank1_bg: autoDraw = True
400.3704 	EXP 	blank1_bg: autoDraw = False
400.3704 	EXP 	prime_text: autoDraw = True
400.5588 	EXP 	prime_text: autoDraw = False
400.5775 	EXP 	blank2_bg: autoDraw = True
400.6722 	INFO 	Keyboard events cleared
400.6720 	EXP 	blank2_bg: autoDraw = False
400.6720 	EXP 	target_text: autoDraw = True
402.3739 	EXP 	Device response: <KeyPress from None: t=402.366950333002, value=left, duration=None>
402.3819 	DATA 	Keypress: left
402.3861 	EXP 	fix_text: autoDraw = False
402.3861 	EXP 	blank1_bg: autoDraw = False
402.3861 	EXP 	prime_text: autoDraw = False
402.3861 	EXP 	blank2_bg: autoDraw = False
402.3861 	EXP 	target_text: autoDraw = False
402.3861 	EXP 	greenCircle: autoDraw = True
402.3861 	EXP 	redCrosss: autoDraw = True
402.5291 	EXP 	Device response: <KeyPress from None: t=402.366950333002, value=left, duration=0.16040420799981803>
402.5716 	EXP 	blank3_bg: autoDraw = True
402.5792 	EXP 	greenCircle: autoDraw = False
402.5792 	EXP 	redCrosss: autoDraw = False
403.3609 	EXP 	New trial (rep=6, index=11): <Trial 107 (11 in rep 6) data={'prime': 'They have finished the work', 'target': 'They finished have the work', 'condition': 'repetition_unrelated', 'correctAns': 'left', 'thisN': 107, 'thisTrialN': 11, 'thisRepN': 6}>
403.3763 	EXP 	blank3_bg: autoDraw = False
403.3763 	EXP 	blank3_bg: autoDraw = False
403.3763 	EXP 	greenCircle: autoDraw = False
403.3763 	EXP 	redCrosss: autoDraw = False
403.3763 	EXP 	prime_text: height = np.float64(0.05)
403.3763 	EXP 	prime_text: height = np.float64(0.05)
403.3763 	EXP 	prime_text: height = np.float64(0.05)
403.3763 	EXP 	prime_text: text = 'They have finished the work'
403.3763 	EXP 	target_text: height = np.float64(0.05)
403.3763 	EXP 	target_text: height = np.float64(0.05)
403.3763 	EXP 	target_text: height = np.float64(0.05)
403.3763 	EXP 	target_text: text = 'They finished have the work'
403.3763 	EXP 	fix_text: autoDraw = True
403.6220 	EXP 	fix_text: autoDraw = False
403.6220 	EXP 	blank1_bg: autoDraw = True
403.8218 	EXP 	blank1_bg: autoDraw = False
403.8218 	EXP 	prime_text: autoDraw = True
404.0104 	EXP 	prime_text: autoDraw = False
404.0217 	EXP 	blank2_bg: autoDraw = True
404.1101 	EXP 	blank2_bg: autoDraw = False
404.1222 	INFO 	Keyboard events cleared
404.1219 	EXP 	target_text: autoDraw = True
406.1125 	EXP 	Device response: <KeyPress from None: t=406.10691995799425, value=left, duration=None>
406.1197 	DATA 	Keypress: left
406.1243 	EXP 	fix_text: autoDraw = False
406.1243 	EXP 	blank1_bg: autoDraw = False
406.1243 	EXP 	prime_text: autoDraw = False
406.1243 	EXP 	blank2_bg: autoDraw = False
406.1243 	EXP 	target_text: autoDraw = False
406.1243 	EXP 	greenCircle: autoDraw = True
406.1243 	EXP 	redCrosss: autoDraw = True
406.2292 	EXP 	Device response: <KeyPress from None: t=406.10691995799425, value=left, duration=0.11632654099958017>
406.3140 	EXP 	blank3_bg: autoDraw = True
406.3204 	EXP 	greenCircle: autoDraw = False
406.3204 	EXP 	redCrosss: autoDraw = False
407.1044 	EXP 	New trial (rep=6, index=12): <Trial 108 (12 in rep 6) data={'prime': 'They have finished the work', 'target': 'They work the have finished', 'condition': 'transposition_unrelated', 'correctAns': 'left', 'thisN': 108, 'thisTrialN': 12, 'thisRepN': 6}>
407.1150 	EXP 	blank3_bg: autoDraw = False
407.1150 	EXP 	blank3_bg: autoDraw = False
407.1150 	EXP 	greenCircle: autoDraw = False
407.1150 	EXP 	redCrosss: autoDraw = False
407.1150 	EXP 	prime_text: text = 'They have finished the work'
407.1150 	EXP 	target_text: height = np.float64(0.05)
407.1150 	EXP 	target_text: height = np.float64(0.05)
407.1150 	EXP 	target_text: height = np.float64(0.05)
407.1150 	EXP 	target_text: text = 'They work the have finished'
407.1150 	EXP 	fix_text: autoDraw = True
407.3635 	EXP 	fix_text: autoDraw = False
407.3635 	EXP 	blank1_bg: autoDraw = True
407.5550 	EXP 	blank1_bg: autoDraw = False
407.5550 	EXP 	prime_text: autoDraw = True
407.7433 	EXP 	prime_text: autoDraw = False
407.7615 	EXP 	blank2_bg: autoDraw = True
407.8614 	INFO 	Keyboard events cleared
407.8612 	EXP 	blank2_bg: autoDraw = False
407.8612 	EXP 	target_text: autoDraw = True
409.0237 	EXP 	Device response: <KeyPress from None: t=409.0169371660013, value=left, duration=None>
409.0319 	DATA 	Keypress: left
409.0362 	EXP 	fix_text: autoDraw = False
409.0362 	EXP 	blank1_bg: autoDraw = False
409.0362 	EXP 	prime_text: autoDraw = False
409.0362 	EXP 	blank2_bg: autoDraw = False
409.0362 	EXP 	target_text: autoDraw = False
409.0362 	EXP 	greenCircle: autoDraw = True
409.0362 	EXP 	redCrosss: autoDraw = True
409.1897 	EXP 	Device response: <KeyPress from None: t=409.0169371660013, value=left, duration=0.16427645800285973>
409.2218 	EXP 	blank3_bg: autoDraw = True
409.2287 	EXP 	greenCircle: autoDraw = False
409.2287 	EXP 	redCrosss: autoDraw = False
410.0103 	EXP 	New trial (rep=6, index=13): <Trial 109 (13 in rep 6) data={'prime': 'They have finished the work', 'target': 'They finished have the work', 'condition': 'transposition_related', 'correctAns': 'right', 'thisN': 109, 'thisTrialN': 13, 'thisRepN': 6}>
410.0205 	EXP 	blank3_bg: autoDraw = False
410.0205 	EXP 	blank3_bg: autoDraw = False
410.0205 	EXP 	greenCircle: autoDraw = False
410.0205 	EXP 	redCrosss: autoDraw = False
410.0205 	EXP 	prime_text: text = 'They have finished the work'
410.0205 	EXP 	target_text: height = np.float64(0.05)
410.0205 	EXP 	target_text: height = np.float64(0.05)
410.0205 	EXP 	target_text: height = np.float64(0.05)
410.0205 	EXP 	target_text: text = 'They finished have the work'
410.0205 	EXP 	fix_text: autoDraw = True
410.2600 	EXP 	fix_text: autoDraw = False
410.2718 	EXP 	blank1_bg: autoDraw = True
410.4720 	EXP 	blank1_bg: autoDraw = False
410.4720 	EXP 	prime_text: autoDraw = True
410.6594 	EXP 	prime_text: autoDraw = False
410.6719 	EXP 	blank2_bg: autoDraw = True
410.7602 	EXP 	blank2_bg: autoDraw = False
410.7722 	INFO 	Keyboard events cleared
410.7720 	EXP 	target_text: autoDraw = True
412.5905 	EXP 	Device response: <KeyPress from None: t=412.57874762399297, value=left, duration=None>
412.5990 	DATA 	Keypress: left
412.6034 	EXP 	fix_text: autoDraw = False
412.6034 	EXP 	blank1_bg: autoDraw = False
412.6034 	EXP 	prime_text: autoDraw = False
412.6034 	EXP 	blank2_bg: autoDraw = False
412.6034 	EXP 	target_text: autoDraw = False
412.6034 	EXP 	greenCircle: autoDraw = True
412.6034 	EXP 	redCrosss: autoDraw = True
412.7232 	EXP 	Device response: <KeyPress from None: t=412.57874762399297, value=left, duration=0.14040100001147948>
412.7883 	EXP 	blank3_bg: autoDraw = True
412.7960 	EXP 	greenCircle: autoDraw = False
412.7960 	EXP 	redCrosss: autoDraw = False
413.5724 	EXP 	New trial (rep=6, index=14): <Trial 110 (14 in rep 6) data={'prime': 'The dog is barking loudly', 'target': 'The barking dog loudly is', 'condition': 'transposition_unrelated', 'correctAns': 'left', 'thisN': 110, 'thisTrialN': 14, 'thisRepN': 6}>
413.5870 	EXP 	blank3_bg: autoDraw = False
413.5870 	EXP 	blank3_bg: autoDraw = False
413.5870 	EXP 	greenCircle: autoDraw = False
413.5870 	EXP 	redCrosss: autoDraw = False
413.5870 	EXP 	prime_text: height = np.float64(0.05)
413.5870 	EXP 	prime_text: height = np.float64(0.05)
413.5870 	EXP 	prime_text: height = np.float64(0.05)
413.5870 	EXP 	prime_text: text = 'The dog is barking loudly'
413.5870 	EXP 	target_text: height = np.float64(0.05)
413.5870 	EXP 	target_text: height = np.float64(0.05)
413.5870 	EXP 	target_text: height = np.float64(0.05)
413.5870 	EXP 	target_text: text = 'The barking dog loudly is'
413.5916 	EXP 	fix_text: autoDraw = True
413.8385 	EXP 	fix_text: autoDraw = False
413.8385 	EXP 	blank1_bg: autoDraw = True
414.0262 	EXP 	blank1_bg: autoDraw = False
414.0384 	EXP 	prime_text: autoDraw = True
414.2271 	EXP 	prime_text: autoDraw = False
414.2385 	EXP 	blank2_bg: autoDraw = True
414.3271 	EXP 	blank2_bg: autoDraw = False
414.3386 	INFO 	Keyboard events cleared
414.3384 	EXP 	target_text: autoDraw = True
415.1570 	EXP 	Device response: <KeyPress from None: t=415.1447337080026, value=left, duration=None>
415.1657 	DATA 	Keypress: left
415.1700 	EXP 	fix_text: autoDraw = False
415.1700 	EXP 	blank1_bg: autoDraw = False
415.1700 	EXP 	prime_text: autoDraw = False
415.1700 	EXP 	blank2_bg: autoDraw = False
415.1700 	EXP 	target_text: autoDraw = False
415.1700 	EXP 	greenCircle: autoDraw = True
415.1700 	EXP 	redCrosss: autoDraw = True
415.3065 	EXP 	Device response: <KeyPress from None: t=415.1447337080026, value=left, duration=0.15235220799513627>
415.3538 	EXP 	blank3_bg: autoDraw = True
415.3611 	EXP 	greenCircle: autoDraw = False
415.3611 	EXP 	redCrosss: autoDraw = False
416.1382 	EXP 	New trial (rep=6, index=15): <Trial 111 (15 in rep 6) data={'prime': 'She does not like apples', 'target': 'She not does like apples', 'condition': 'repetition_unrelated', 'correctAns': 'left', 'thisN': 111, 'thisTrialN': 15, 'thisRepN': 6}>
416.1536 	EXP 	blank3_bg: autoDraw = False
416.1536 	EXP 	blank3_bg: autoDraw = False
416.1536 	EXP 	greenCircle: autoDraw = False
416.1536 	EXP 	redCrosss: autoDraw = False
416.1536 	EXP 	prime_text: height = np.float64(0.05)
416.1536 	EXP 	prime_text: height = np.float64(0.05)
416.1536 	EXP 	prime_text: height = np.float64(0.05)
416.1536 	EXP 	prime_text: text = 'She does not like apples'
416.1536 	EXP 	target_text: height = np.float64(0.05)
416.1536 	EXP 	target_text: height = np.float64(0.05)
416.1536 	EXP 	target_text: height = np.float64(0.05)
416.1536 	EXP 	target_text: text = 'She not does like apples'
416.1574 	EXP 	fix_text: autoDraw = True
416.4049 	EXP 	fix_text: autoDraw = False
416.4049 	EXP 	blank1_bg: autoDraw = True
416.6052 	EXP 	blank1_bg: autoDraw = False
416.6052 	EXP 	prime_text: autoDraw = True
416.7934 	EXP 	prime_text: autoDraw = False
416.8054 	EXP 	blank2_bg: autoDraw = True
416.8936 	EXP 	blank2_bg: autoDraw = False
416.9055 	INFO 	Keyboard events cleared
416.9053 	EXP 	target_text: autoDraw = True
420.1070 	EXP 	Device response: <KeyPress from None: t=420.10144837400003, value=left, duration=None>
420.1151 	DATA 	Keypress: left
420.1195 	EXP 	fix_text: autoDraw = False
420.1195 	EXP 	blank1_bg: autoDraw = False
420.1195 	EXP 	prime_text: autoDraw = False
420.1195 	EXP 	blank2_bg: autoDraw = False
420.1195 	EXP 	target_text: autoDraw = False
420.1195 	EXP 	greenCircle: autoDraw = True
420.1195 	EXP 	redCrosss: autoDraw = True
420.2459 	EXP 	Device response: <KeyPress from None: t=420.10144837400003, value=left, duration=0.13788420900527854>
420.3037 	EXP 	blank3_bg: autoDraw = True
420.3106 	EXP 	greenCircle: autoDraw = False
420.3106 	EXP 	redCrosss: autoDraw = False
421.0877 	EXP 	New trial (rep=7, index=0): <Trial 112 (0 in rep 7) data={'prime': 'The boy can read fast', 'target': 'The read can boy fast', 'condition': 'transposition_unrelated', 'correctAns': 'left', 'thisN': 112, 'thisTrialN': 0, 'thisRepN': 7}>
421.1034 	EXP 	blank3_bg: autoDraw = False
421.1034 	EXP 	blank3_bg: autoDraw = False
421.1034 	EXP 	greenCircle: autoDraw = False
421.1034 	EXP 	redCrosss: autoDraw = False
421.1034 	EXP 	prime_text: height = np.float64(0.05)
421.1034 	EXP 	prime_text: height = np.float64(0.05)
421.1034 	EXP 	prime_text: height = np.float64(0.05)
421.1034 	EXP 	prime_text: text = 'The boy can read fast'
421.1034 	EXP 	target_text: height = np.float64(0.05)
421.1034 	EXP 	target_text: height = np.float64(0.05)
421.1034 	EXP 	target_text: height = np.float64(0.05)
421.1034 	EXP 	target_text: text = 'The read can boy fast'
421.1078 	EXP 	fix_text: autoDraw = True
421.3552 	EXP 	fix_text: autoDraw = False
421.3552 	EXP 	blank1_bg: autoDraw = True
421.5539 	EXP 	blank1_bg: autoDraw = False
421.5539 	EXP 	prime_text: autoDraw = True
421.7436 	EXP 	prime_text: autoDraw = False
421.7552 	EXP 	blank2_bg: autoDraw = True
421.8430 	EXP 	blank2_bg: autoDraw = False
421.8554 	INFO 	Keyboard events cleared
421.8551 	EXP 	target_text: autoDraw = True
422.8458 	EXP 	Device response: <KeyPress from None: t=422.84099183299986, value=left, duration=None>
422.8533 	DATA 	Keypress: left
422.8576 	EXP 	fix_text: autoDraw = False
422.8576 	EXP 	blank1_bg: autoDraw = False
422.8576 	EXP 	prime_text: autoDraw = False
422.8576 	EXP 	blank2_bg: autoDraw = False
422.8576 	EXP 	target_text: autoDraw = False
422.8576 	EXP 	greenCircle: autoDraw = True
422.8576 	EXP 	redCrosss: autoDraw = True
423.0233 	EXP 	Device response: <KeyPress from None: t=422.84099183299986, value=left, duration=0.17227870799251832>
423.0371 	EXP 	blank3_bg: autoDraw = True
423.0552 	EXP 	greenCircle: autoDraw = False
423.0552 	EXP 	redCrosss: autoDraw = False
423.8213 	EXP 	New trial (rep=7, index=1): <Trial 113 (1 in rep 7) data={'prime': 'They have finished the work', 'target': 'They work the have finished', 'condition': 'transposition_unrelated', 'correctAns': 'left', 'thisN': 113, 'thisTrialN': 1, 'thisRepN': 7}>
423.8370 	EXP 	blank3_bg: autoDraw = False
423.8370 	EXP 	blank3_bg: autoDraw = False
423.8370 	EXP 	greenCircle: autoDraw = False
423.8370 	EXP 	redCrosss: autoDraw = False
423.8370 	EXP 	prime_text: height = np.float64(0.05)
423.8370 	EXP 	prime_text: height = np.float64(0.05)
423.8370 	EXP 	prime_text: height = np.float64(0.05)
423.8370 	EXP 	prime_text: text = 'They have finished the work'
423.8370 	EXP 	target_text: height = np.float64(0.05)
423.8370 	EXP 	target_text: height = np.float64(0.05)
423.8370 	EXP 	target_text: height = np.float64(0.05)
423.8370 	EXP 	target_text: text = 'They work the have finished'
423.8413 	EXP 	fix_text: autoDraw = True
424.0886 	EXP 	fix_text: autoDraw = False
424.0970 	EXP 	blank1_bg: autoDraw = True
424.2869 	EXP 	blank1_bg: autoDraw = False
424.2869 	EXP 	prime_text: autoDraw = True
424.4758 	EXP 	prime_text: autoDraw = False
424.4950 	EXP 	blank2_bg: autoDraw = True
424.5887 	EXP 	blank2_bg: autoDraw = False
424.5956 	INFO 	Keyboard events cleared
424.5954 	EXP 	target_text: autoDraw = True
426.5403 	EXP 	Device response: <KeyPress from None: t=426.5379042489949, value=left, duration=None>
426.5488 	DATA 	Keypress: left
426.5532 	EXP 	fix_text: autoDraw = False
426.5532 	EXP 	blank1_bg: autoDraw = False
426.5532 	EXP 	prime_text: autoDraw = False
426.5532 	EXP 	blank2_bg: autoDraw = False
426.5532 	EXP 	target_text: autoDraw = False
426.5532 	EXP 	greenCircle: autoDraw = True
426.5532 	EXP 	redCrosss: autoDraw = True
426.7236 	EXP 	Device response: <KeyPress from None: t=426.5379042489949, value=left, duration=0.18043587500869762>
426.7380 	EXP 	blank3_bg: autoDraw = True
426.7444 	EXP 	greenCircle: autoDraw = False
426.7444 	EXP 	redCrosss: autoDraw = False
427.5279 	EXP 	New trial (rep=7, index=2): <Trial 114 (2 in rep 7) data={'prime': 'She does not like apples', 'target': 'She not does like apples', 'condition': 'repetition_unrelated', 'correctAns': 'left', 'thisN': 114, 'thisTrialN': 2, 'thisRepN': 7}>
427.5440 	EXP 	blank3_bg: autoDraw = False
427.5440 	EXP 	blank3_bg: autoDraw = False
427.5440 	EXP 	greenCircle: autoDraw = False
427.5440 	EXP 	redCrosss: autoDraw = False
427.5440 	EXP 	prime_text: height = np.float64(0.05)
427.5440 	EXP 	prime_text: height = np.float64(0.05)
427.5440 	EXP 	prime_text: height = np.float64(0.05)
427.5440 	EXP 	prime_text: text = 'She does not like apples'
427.5440 	EXP 	target_text: height = np.float64(0.05)
427.5440 	EXP 	target_text: height = np.float64(0.05)
427.5440 	EXP 	target_text: height = np.float64(0.05)
427.5440 	EXP 	target_text: text = 'She not does like apples'
427.5440 	EXP 	fix_text: autoDraw = True
427.7884 	EXP 	fix_text: autoDraw = False
427.7884 	EXP 	blank1_bg: autoDraw = True
427.9758 	EXP 	blank1_bg: autoDraw = False
427.9886 	EXP 	prime_text: autoDraw = True
428.1769 	EXP 	prime_text: autoDraw = False
428.1886 	EXP 	blank2_bg: autoDraw = True
428.2758 	EXP 	blank2_bg: autoDraw = False
428.2888 	INFO 	Keyboard events cleared
428.2885 	EXP 	target_text: autoDraw = True
429.3452 	EXP 	Device response: <KeyPress from None: t=429.34179337399837, value=left, duration=None>
429.3525 	DATA 	Keypress: left
429.3571 	EXP 	fix_text: autoDraw = False
429.3571 	EXP 	blank1_bg: autoDraw = False
429.3571 	EXP 	prime_text: autoDraw = False
429.3571 	EXP 	blank2_bg: autoDraw = False
429.3571 	EXP 	target_text: autoDraw = False
429.3571 	EXP 	greenCircle: autoDraw = True
429.3571 	EXP 	redCrosss: autoDraw = True
429.4737 	EXP 	Device response: <KeyPress from None: t=429.34179337399837, value=left, duration=0.12435416699736379>
429.5472 	EXP 	blank3_bg: autoDraw = True
429.5537 	EXP 	greenCircle: autoDraw = False
429.5537 	EXP 	redCrosss: autoDraw = False
430.3301 	EXP 	New trial (rep=7, index=3): <Trial 115 (3 in rep 7) data={'prime': 'The boy can read fast', 'target': 'The boy can read fast', 'condition': 'transposition_related', 'correctAns': 'right', 'thisN': 115, 'thisTrialN': 3, 'thisRepN': 7}>
430.3451 	EXP 	blank3_bg: autoDraw = False
430.3451 	EXP 	blank3_bg: autoDraw = False
430.3451 	EXP 	greenCircle: autoDraw = False
430.3451 	EXP 	redCrosss: autoDraw = False
430.3451 	EXP 	prime_text: height = np.float64(0.05)
430.3451 	EXP 	prime_text: height = np.float64(0.05)
430.3451 	EXP 	prime_text: height = np.float64(0.05)
430.3451 	EXP 	prime_text: text = 'The boy can read fast'
430.3451 	EXP 	target_text: height = np.float64(0.05)
430.3451 	EXP 	target_text: height = np.float64(0.05)
430.3451 	EXP 	target_text: height = np.float64(0.05)
430.3451 	EXP 	target_text: text = 'The boy can read fast'
430.3451 	EXP 	fix_text: autoDraw = True
430.5962 	EXP 	fix_text: autoDraw = False
430.5962 	EXP 	blank1_bg: autoDraw = True
430.7872 	EXP 	blank1_bg: autoDraw = False
430.7872 	EXP 	prime_text: autoDraw = True
430.9766 	EXP 	prime_text: autoDraw = False
430.9949 	EXP 	blank2_bg: autoDraw = True
431.0887 	INFO 	Keyboard events cleared
431.0884 	EXP 	blank2_bg: autoDraw = False
431.0884 	EXP 	target_text: autoDraw = True
434.6564 	EXP 	Device response: <KeyPress from None: t=434.6460342079954, value=right, duration=None>
434.6641 	DATA 	Keypress: right
434.6682 	EXP 	fix_text: autoDraw = False
434.6682 	EXP 	blank1_bg: autoDraw = False
434.6682 	EXP 	prime_text: autoDraw = False
434.6682 	EXP 	blank2_bg: autoDraw = False
434.6682 	EXP 	target_text: autoDraw = False
434.6682 	EXP 	greenCircle: autoDraw = True
434.6682 	EXP 	redCrosss: autoDraw = True
434.8551 	EXP 	blank3_bg: autoDraw = True
434.8625 	EXP 	greenCircle: autoDraw = False
434.8625 	EXP 	redCrosss: autoDraw = False
434.8636 	EXP 	Device response: <KeyPress from None: t=434.6460342079954, value=right, duration=0.21004508300393354>
435.6434 	EXP 	New trial (rep=7, index=4): <Trial 116 (4 in rep 7) data={'prime': 'The boy can read fast', 'target': 'The read can boy fast', 'condition': 'repetition_unrelated', 'correctAns': 'left', 'thisN': 116, 'thisTrialN': 4, 'thisRepN': 7}>
435.6542 	EXP 	blank3_bg: autoDraw = False
435.6542 	EXP 	blank3_bg: autoDraw = False
435.6542 	EXP 	greenCircle: autoDraw = False
435.6542 	EXP 	redCrosss: autoDraw = False
435.6542 	EXP 	prime_text: text = 'The boy can read fast'
435.6542 	EXP 	target_text: height = np.float64(0.05)
435.6542 	EXP 	target_text: height = np.float64(0.05)
435.6542 	EXP 	target_text: height = np.float64(0.05)
435.6542 	EXP 	target_text: text = 'The read can boy fast'
435.6542 	EXP 	fix_text: autoDraw = True
435.8937 	EXP 	fix_text: autoDraw = False
435.9051 	EXP 	blank1_bg: autoDraw = True
436.0914 	EXP 	blank1_bg: autoDraw = False
436.1050 	EXP 	prime_text: autoDraw = True
436.2934 	EXP 	prime_text: autoDraw = False
436.3051 	EXP 	blank2_bg: autoDraw = True
436.3936 	EXP 	blank2_bg: autoDraw = False
436.4055 	INFO 	Keyboard events cleared
436.4052 	EXP 	target_text: autoDraw = True
441.8295 	EXP 	Device response: <KeyPress from None: t=441.8275946240028, value=left, duration=None>
441.8386 	DATA 	Keypress: left
441.8421 	EXP 	fix_text: autoDraw = False
441.8421 	EXP 	blank1_bg: autoDraw = False
441.8421 	EXP 	prime_text: autoDraw = False
441.8421 	EXP 	blank2_bg: autoDraw = False
441.8421 	EXP 	target_text: autoDraw = False
441.8421 	EXP 	greenCircle: autoDraw = True
441.8421 	EXP 	redCrosss: autoDraw = True
441.9896 	EXP 	Device response: <KeyPress from None: t=441.8275946240028, value=left, duration=0.1539783339976566>
442.0296 	EXP 	blank3_bg: autoDraw = True
442.0369 	EXP 	greenCircle: autoDraw = False
442.0369 	EXP 	redCrosss: autoDraw = False
442.8136 	EXP 	New trial (rep=7, index=5): <Trial 117 (5 in rep 7) data={'prime': 'The dog is barking loudly', 'target': 'The loudly is barking dog', 'condition': 'repetition_unrelated', 'correctAns': 'left', 'thisN': 117, 'thisTrialN': 5, 'thisRepN': 7}>
442.8288 	EXP 	blank3_bg: autoDraw = False
442.8288 	EXP 	blank3_bg: autoDraw = False
442.8288 	EXP 	greenCircle: autoDraw = False
442.8288 	EXP 	redCrosss: autoDraw = False
442.8288 	EXP 	prime_text: height = np.float64(0.05)
442.8288 	EXP 	prime_text: height = np.float64(0.05)
442.8288 	EXP 	prime_text: height = np.float64(0.05)
442.8288 	EXP 	prime_text: text = 'The dog is barking loudly'
442.8288 	EXP 	target_text: height = np.float64(0.05)
442.8288 	EXP 	target_text: height = np.float64(0.05)
442.8288 	EXP 	target_text: height = np.float64(0.05)
442.8288 	EXP 	target_text: text = 'The loudly is barking dog'
442.8288 	EXP 	fix_text: autoDraw = True
443.0795 	EXP 	fix_text: autoDraw = False
443.0795 	EXP 	blank1_bg: autoDraw = True
443.2789 	EXP 	blank1_bg: autoDraw = False
443.2789 	EXP 	prime_text: autoDraw = True
443.4716 	EXP 	prime_text: autoDraw = False
443.4775 	EXP 	blank2_bg: autoDraw = True
443.5718 	EXP 	blank2_bg: autoDraw = False
443.5788 	INFO 	Keyboard events cleared
443.5786 	EXP 	target_text: autoDraw = True
446.4900 	EXP 	Device response: <KeyPress from None: t=446.47847633299534, value=left, duration=None>
446.4983 	DATA 	Keypress: left
446.5025 	EXP 	fix_text: autoDraw = False
446.5025 	EXP 	blank1_bg: autoDraw = False
446.5025 	EXP 	prime_text: autoDraw = False
446.5025 	EXP 	blank2_bg: autoDraw = False
446.5025 	EXP 	target_text: autoDraw = False
446.5025 	EXP 	greenCircle: autoDraw = True
446.5025 	EXP 	redCrosss: autoDraw = True
446.6631 	EXP 	Device response: <KeyPress from None: t=446.47847633299534, value=left, duration=0.17800549999810755>
446.6884 	EXP 	blank3_bg: autoDraw = True
446.6948 	EXP 	greenCircle: autoDraw = False
446.6948 	EXP 	redCrosss: autoDraw = False
447.4723 	EXP 	New trial (rep=7, index=6): <Trial 118 (6 in rep 7) data={'prime': 'She does not like apples', 'target': 'She not does like apples', 'condition': 'transposition_related', 'correctAns': 'right', 'thisN': 118, 'thisTrialN': 6, 'thisRepN': 7}>
447.4865 	EXP 	blank3_bg: autoDraw = False
447.4865 	EXP 	blank3_bg: autoDraw = False
447.4865 	EXP 	greenCircle: autoDraw = False
447.4865 	EXP 	redCrosss: autoDraw = False
447.4865 	EXP 	prime_text: height = np.float64(0.05)
447.4865 	EXP 	prime_text: height = np.float64(0.05)
447.4865 	EXP 	prime_text: height = np.float64(0.05)
447.4865 	EXP 	prime_text: text = 'She does not like apples'
447.4865 	EXP 	target_text: height = np.float64(0.05)
447.4865 	EXP 	target_text: height = np.float64(0.05)
447.4865 	EXP 	target_text: height = np.float64(0.05)
447.4865 	EXP 	target_text: text = 'She not does like apples'
447.4912 	EXP 	fix_text: autoDraw = True
447.7384 	EXP 	fix_text: autoDraw = False
447.7384 	EXP 	blank1_bg: autoDraw = True
447.9381 	EXP 	blank1_bg: autoDraw = False
447.9381 	EXP 	prime_text: autoDraw = True
448.1274 	EXP 	prime_text: autoDraw = False
448.1386 	EXP 	blank2_bg: autoDraw = True
448.2265 	EXP 	blank2_bg: autoDraw = False
448.2388 	INFO 	Keyboard events cleared
448.2386 	EXP 	target_text: autoDraw = True
449.2125 	EXP 	Device response: <KeyPress from None: t=449.210151457999, value=left, duration=None>
449.2199 	DATA 	Keypress: left
449.2242 	EXP 	fix_text: autoDraw = False
449.2242 	EXP 	blank1_bg: autoDraw = False
449.2242 	EXP 	prime_text: autoDraw = False
449.2242 	EXP 	blank2_bg: autoDraw = False
449.2242 	EXP 	target_text: autoDraw = False
449.2242 	EXP 	greenCircle: autoDraw = True
449.2242 	EXP 	redCrosss: autoDraw = True
449.3903 	EXP 	Device response: <KeyPress from None: t=449.210151457999, value=left, duration=0.17217312499997206>
449.4040 	EXP 	blank3_bg: autoDraw = True
449.4218 	EXP 	greenCircle: autoDraw = False
449.4218 	EXP 	redCrosss: autoDraw = False
450.1893 	EXP 	New trial (rep=7, index=7): <Trial 119 (7 in rep 7) data={'prime': 'The dog is barking loudly', 'target': 'The barking dog loudly is', 'condition': 'transposition_unrelated', 'correctAns': 'left', 'thisN': 119, 'thisTrialN': 7, 'thisRepN': 7}>
450.2043 	EXP 	blank3_bg: autoDraw = False
450.2043 	EXP 	blank3_bg: autoDraw = False
450.2043 	EXP 	greenCircle: autoDraw = False
450.2043 	EXP 	redCrosss: autoDraw = False
450.2043 	EXP 	prime_text: height = np.float64(0.05)
450.2043 	EXP 	prime_text: height = np.float64(0.05)
450.2043 	EXP 	prime_text: height = np.float64(0.05)
450.2043 	EXP 	prime_text: text = 'The dog is barking loudly'
450.2043 	EXP 	target_text: height = np.float64(0.05)
450.2043 	EXP 	target_text: height = np.float64(0.05)
450.2043 	EXP 	target_text: height = np.float64(0.05)
450.2043 	EXP 	target_text: text = 'The barking dog loudly is'
450.2089 	EXP 	fix_text: autoDraw = True
450.4549 	EXP 	fix_text: autoDraw = False
450.4621 	EXP 	blank1_bg: autoDraw = True
450.6548 	EXP 	blank1_bg: autoDraw = False
450.6548 	EXP 	prime_text: autoDraw = True
450.8437 	EXP 	prime_text: autoDraw = False
450.8614 	EXP 	blank2_bg: autoDraw = True
450.9551 	EXP 	blank2_bg: autoDraw = False
450.9620 	INFO 	Keyboard events cleared
450.9618 	EXP 	target_text: autoDraw = True
453.5730 	EXP 	Device response: <KeyPress from None: t=453.5687689579936, value=left, duration=None>
453.5812 	DATA 	Keypress: left
453.5854 	EXP 	fix_text: autoDraw = False
453.5854 	EXP 	blank1_bg: autoDraw = False
453.5854 	EXP 	prime_text: autoDraw = False
453.5854 	EXP 	blank2_bg: autoDraw = False
453.5854 	EXP 	target_text: autoDraw = False
453.5854 	EXP 	greenCircle: autoDraw = True
453.5854 	EXP 	redCrosss: autoDraw = True
453.7065 	EXP 	Device response: <KeyPress from None: t=453.5687689579936, value=left, duration=0.13398783300362993>
453.7716 	EXP 	blank3_bg: autoDraw = True
453.7796 	EXP 	greenCircle: autoDraw = False
453.7796 	EXP 	redCrosss: autoDraw = False
454.5623 	EXP 	New trial (rep=7, index=8): <Trial 120 (8 in rep 7) data={'prime': 'The dog is barking loudly', 'target': 'The dog barking is loudly', 'condition': 'transposition_related', 'correctAns': 'right', 'thisN': 120, 'thisTrialN': 8, 'thisRepN': 7}>
454.5740 	EXP 	blank3_bg: autoDraw = False
454.5740 	EXP 	blank3_bg: autoDraw = False
454.5740 	EXP 	greenCircle: autoDraw = False
454.5740 	EXP 	redCrosss: autoDraw = False
454.5740 	EXP 	prime_text: text = 'The dog is barking loudly'
454.5740 	EXP 	target_text: height = np.float64(0.05)
454.5740 	EXP 	target_text: height = np.float64(0.05)
454.5740 	EXP 	target_text: height = np.float64(0.05)
454.5740 	EXP 	target_text: text = 'The dog barking is loudly'
454.5740 	EXP 	fix_text: autoDraw = True
454.8220 	EXP 	fix_text: autoDraw = False
454.8220 	EXP 	blank1_bg: autoDraw = True
455.0094 	EXP 	blank1_bg: autoDraw = False
455.0217 	EXP 	prime_text: autoDraw = True
455.2091 	EXP 	prime_text: autoDraw = False
455.2220 	EXP 	blank2_bg: autoDraw = True
455.3093 	EXP 	blank2_bg: autoDraw = False
455.3222 	INFO 	Keyboard events cleared
455.3219 	EXP 	target_text: autoDraw = True
457.0238 	EXP 	Device response: <KeyPress from None: t=457.02037770800234, value=left, duration=None>
457.0324 	DATA 	Keypress: left
457.0367 	EXP 	fix_text: autoDraw = False
457.0367 	EXP 	blank1_bg: autoDraw = False
457.0367 	EXP 	prime_text: autoDraw = False
457.0367 	EXP 	blank2_bg: autoDraw = False
457.0367 	EXP 	target_text: autoDraw = False
457.0367 	EXP 	greenCircle: autoDraw = True
457.0367 	EXP 	redCrosss: autoDraw = True
457.1069 	EXP 	Device response: <KeyPress from None: t=457.02037770800234, value=left, duration=0.08031366599607281>
457.2203 	EXP 	blank3_bg: autoDraw = True
457.2268 	EXP 	greenCircle: autoDraw = False
457.2268 	EXP 	redCrosss: autoDraw = False
458.0046 	EXP 	New trial (rep=7, index=9): <Trial 121 (9 in rep 7) data={'prime': 'They have finished the work', 'target': 'They finished have the work', 'condition': 'transposition_related', 'correctAns': 'right', 'thisN': 121, 'thisTrialN': 9, 'thisRepN': 7}>
458.0191 	EXP 	blank3_bg: autoDraw = False
458.0191 	EXP 	blank3_bg: autoDraw = False
458.0191 	EXP 	greenCircle: autoDraw = False
458.0191 	EXP 	redCrosss: autoDraw = False
458.0191 	EXP 	prime_text: height = np.float64(0.05)
458.0191 	EXP 	prime_text: height = np.float64(0.05)
458.0191 	EXP 	prime_text: height = np.float64(0.05)
458.0191 	EXP 	prime_text: text = 'They have finished the work'
458.0191 	EXP 	target_text: height = np.float64(0.05)
458.0191 	EXP 	target_text: height = np.float64(0.05)
458.0191 	EXP 	target_text: height = np.float64(0.05)
458.0191 	EXP 	target_text: text = 'They finished have the work'
458.0236 	EXP 	fix_text: autoDraw = True
458.2717 	EXP 	fix_text: autoDraw = False
458.2717 	EXP 	blank1_bg: autoDraw = True
458.4715 	EXP 	blank1_bg: autoDraw = False
458.4715 	EXP 	prime_text: autoDraw = True
458.6600 	EXP 	prime_text: autoDraw = False
458.6719 	EXP 	blank2_bg: autoDraw = True
458.7593 	EXP 	blank2_bg: autoDraw = False
458.7721 	INFO 	Keyboard events cleared
458.7718 	EXP 	target_text: autoDraw = True
464.9959 	EXP 	Device response: <KeyPress from None: t=464.9937027910055, value=left, duration=None>
465.0037 	DATA 	Keypress: left
465.0077 	EXP 	fix_text: autoDraw = False
465.0077 	EXP 	blank1_bg: autoDraw = False
465.0077 	EXP 	prime_text: autoDraw = False
465.0077 	EXP 	blank2_bg: autoDraw = False
465.0077 	EXP 	target_text: autoDraw = False
465.0077 	EXP 	greenCircle: autoDraw = True
465.0077 	EXP 	redCrosss: autoDraw = True
465.1736 	EXP 	Device response: <KeyPress from None: t=464.9937027910055, value=left, duration=0.1700004999875091>
465.1880 	EXP 	blank3_bg: autoDraw = True
465.2038 	EXP 	greenCircle: autoDraw = False
465.2038 	EXP 	redCrosss: autoDraw = False
465.9716 	EXP 	New trial (rep=7, index=10): <Trial 122 (10 in rep 7) data={'prime': 'They have finished the work', 'target': 'They have finished the work', 'condition': 'repetition_related', 'correctAns': 'right', 'thisN': 122, 'thisTrialN': 10, 'thisRepN': 7}>
465.9821 	EXP 	blank3_bg: autoDraw = False
465.9821 	EXP 	blank3_bg: autoDraw = False
465.9821 	EXP 	greenCircle: autoDraw = False
465.9821 	EXP 	redCrosss: autoDraw = False
465.9821 	EXP 	prime_text: text = 'They have finished the work'
465.9821 	EXP 	target_text: height = np.float64(0.05)
465.9821 	EXP 	target_text: height = np.float64(0.05)
465.9821 	EXP 	target_text: height = np.float64(0.05)
465.9821 	EXP 	target_text: text = 'They have finished the work'
465.9869 	EXP 	fix_text: autoDraw = True
466.2261 	EXP 	fix_text: autoDraw = False
466.2466 	EXP 	blank1_bg: autoDraw = True
466.4441 	EXP 	blank1_bg: autoDraw = False
466.4441 	EXP 	prime_text: autoDraw = True
466.6385 	EXP 	prime_text: autoDraw = False
466.6449 	EXP 	blank2_bg: autoDraw = True
466.7384 	EXP 	blank2_bg: autoDraw = False
466.7452 	INFO 	Keyboard events cleared
466.7451 	EXP 	target_text: autoDraw = True
467.7237 	EXP 	Device response: <KeyPress from None: t=467.72031541599426, value=right, duration=None>
467.7321 	DATA 	Keypress: right
467.7364 	EXP 	fix_text: autoDraw = False
467.7364 	EXP 	blank1_bg: autoDraw = False
467.7364 	EXP 	prime_text: autoDraw = False
467.7364 	EXP 	blank2_bg: autoDraw = False
467.7364 	EXP 	target_text: autoDraw = False
467.7364 	EXP 	greenCircle: autoDraw = True
467.7364 	EXP 	redCrosss: autoDraw = True
467.9204 	EXP 	blank3_bg: autoDraw = True
467.9289 	EXP 	greenCircle: autoDraw = False
467.9289 	EXP 	redCrosss: autoDraw = False
467.9303 	EXP 	Device response: <KeyPress from None: t=467.72031541599426, value=right, duration=0.20429508300730959>
468.7058 	EXP 	New trial (rep=7, index=11): <Trial 123 (11 in rep 7) data={'prime': 'They have finished the work', 'target': 'They finished have the work', 'condition': 'repetition_unrelated', 'correctAns': 'left', 'thisN': 123, 'thisTrialN': 11, 'thisRepN': 7}>
468.7164 	EXP 	blank3_bg: autoDraw = False
468.7164 	EXP 	blank3_bg: autoDraw = False
468.7164 	EXP 	greenCircle: autoDraw = False
468.7164 	EXP 	redCrosss: autoDraw = False
468.7164 	EXP 	prime_text: text = 'They have finished the work'
468.7164 	EXP 	target_text: height = np.float64(0.05)
468.7164 	EXP 	target_text: height = np.float64(0.05)
468.7164 	EXP 	target_text: height = np.float64(0.05)
468.7164 	EXP 	target_text: text = 'They finished have the work'
468.7381 	EXP 	fix_text: autoDraw = True
468.9716 	EXP 	blank1_bg: autoDraw = True
468.9791 	EXP 	fix_text: autoDraw = False
469.1604 	EXP 	blank1_bg: autoDraw = False
469.1717 	EXP 	prime_text: autoDraw = True
469.3604 	EXP 	prime_text: autoDraw = False
469.3718 	EXP 	blank2_bg: autoDraw = True
469.4602 	EXP 	blank2_bg: autoDraw = False
469.4720 	INFO 	Keyboard events cleared
469.4718 	EXP 	target_text: autoDraw = True
470.4569 	EXP 	Device response: <KeyPress from None: t=470.4502807079989, value=left, duration=None>
470.4652 	DATA 	Keypress: left
470.4694 	EXP 	fix_text: autoDraw = False
470.4694 	EXP 	blank1_bg: autoDraw = False
470.4694 	EXP 	prime_text: autoDraw = False
470.4694 	EXP 	blank2_bg: autoDraw = False
470.4694 	EXP 	target_text: autoDraw = False
470.4694 	EXP 	greenCircle: autoDraw = True
470.4694 	EXP 	redCrosss: autoDraw = True
470.6292 	EXP 	Device response: <KeyPress from None: t=470.4502807079989, value=left, duration=0.17216691600333434>
470.6550 	EXP 	blank3_bg: autoDraw = True
470.6627 	EXP 	greenCircle: autoDraw = False
470.6627 	EXP 	redCrosss: autoDraw = False
471.4449 	EXP 	New trial (rep=7, index=12): <Trial 124 (12 in rep 7) data={'prime': 'The dog is barking loudly', 'target': 'The dog is barking loudly', 'condition': 'repetition_related', 'correctAns': 'right', 'thisN': 124, 'thisTrialN': 12, 'thisRepN': 7}>
471.4592 	EXP 	blank3_bg: autoDraw = False
471.4592 	EXP 	blank3_bg: autoDraw = False
471.4592 	EXP 	greenCircle: autoDraw = False
471.4592 	EXP 	redCrosss: autoDraw = False
471.4592 	EXP 	prime_text: height = np.float64(0.05)
471.4592 	EXP 	prime_text: height = np.float64(0.05)
471.4592 	EXP 	prime_text: height = np.float64(0.05)
471.4592 	EXP 	prime_text: text = 'The dog is barking loudly'
471.4592 	EXP 	target_text: height = np.float64(0.05)
471.4592 	EXP 	target_text: height = np.float64(0.05)
471.4592 	EXP 	target_text: height = np.float64(0.05)
471.4592 	EXP 	target_text: text = 'The dog is barking loudly'
471.4592 	EXP 	fix_text: autoDraw = True
471.7050 	EXP 	fix_text: autoDraw = False
471.7050 	EXP 	blank1_bg: autoDraw = True
471.9050 	EXP 	blank1_bg: autoDraw = False
471.9050 	EXP 	prime_text: autoDraw = True
472.0925 	EXP 	prime_text: autoDraw = False
472.1052 	EXP 	blank2_bg: autoDraw = True
472.1934 	EXP 	blank2_bg: autoDraw = False
472.2052 	INFO 	Keyboard events cleared
472.2050 	EXP 	target_text: autoDraw = True
473.2899 	EXP 	Device response: <KeyPress from None: t=473.284205916003, value=right, duration=None>
473.2980 	DATA 	Keypress: right
473.3024 	EXP 	fix_text: autoDraw = False
473.3024 	EXP 	blank1_bg: autoDraw = False
473.3024 	EXP 	prime_text: autoDraw = False
473.3024 	EXP 	blank2_bg: autoDraw = False
473.3024 	EXP 	target_text: autoDraw = False
473.3024 	EXP 	greenCircle: autoDraw = True
473.3024 	EXP 	redCrosss: autoDraw = True
473.4874 	EXP 	blank3_bg: autoDraw = True
473.4961 	EXP 	greenCircle: autoDraw = False
473.4961 	EXP 	redCrosss: autoDraw = False
473.5049 	EXP 	Device response: <KeyPress from None: t=473.284205916003, value=right, duration=0.21630433299287688>
474.2726 	EXP 	New trial (rep=7, index=13): <Trial 125 (13 in rep 7) data={'prime': 'She does not like apples', 'target': 'She does not like apples', 'condition': 'repetition_related', 'correctAns': 'right', 'thisN': 125, 'thisTrialN': 13, 'thisRepN': 7}>
474.2881 	EXP 	blank3_bg: autoDraw = False
474.2881 	EXP 	blank3_bg: autoDraw = False
474.2881 	EXP 	greenCircle: autoDraw = False
474.2881 	EXP 	redCrosss: autoDraw = False
474.2881 	EXP 	prime_text: height = np.float64(0.05)
474.2881 	EXP 	prime_text: height = np.float64(0.05)
474.2881 	EXP 	prime_text: height = np.float64(0.05)
474.2881 	EXP 	prime_text: text = 'She does not like apples'
474.2881 	EXP 	target_text: height = np.float64(0.05)
474.2881 	EXP 	target_text: height = np.float64(0.05)
474.2881 	EXP 	target_text: height = np.float64(0.05)
474.2881 	EXP 	target_text: text = 'She does not like apples'
474.2920 	EXP 	fix_text: autoDraw = True
474.5385 	EXP 	fix_text: autoDraw = False
474.5385 	EXP 	blank1_bg: autoDraw = True
474.7384 	EXP 	blank1_bg: autoDraw = False
474.7384 	EXP 	prime_text: autoDraw = True
474.9267 	EXP 	prime_text: autoDraw = False
474.9384 	EXP 	blank2_bg: autoDraw = True
475.0274 	EXP 	blank2_bg: autoDraw = False
475.0387 	INFO 	Keyboard events cleared
475.0385 	EXP 	target_text: autoDraw = True
476.7457 	EXP 	Device response: <KeyPress from None: t=476.74404016599874, value=right, duration=None>
476.7532 	DATA 	Keypress: right
476.7575 	EXP 	fix_text: autoDraw = False
476.7575 	EXP 	blank1_bg: autoDraw = False
476.7575 	EXP 	prime_text: autoDraw = False
476.7575 	EXP 	blank2_bg: autoDraw = False
476.7575 	EXP 	target_text: autoDraw = False
476.7575 	EXP 	greenCircle: autoDraw = True
476.7575 	EXP 	redCrosss: autoDraw = True
476.9399 	EXP 	Device response: <KeyPress from None: t=476.74404016599874, value=right, duration=0.19234508300723974>
476.9500 	EXP 	blank3_bg: autoDraw = True
476.9717 	EXP 	greenCircle: autoDraw = False
476.9717 	EXP 	redCrosss: autoDraw = False
477.7382 	EXP 	New trial (rep=7, index=14): <Trial 126 (14 in rep 7) data={'prime': 'The boy can read fast', 'target': 'The boy can read fast', 'condition': 'repetition_related', 'correctAns': 'right', 'thisN': 126, 'thisTrialN': 14, 'thisRepN': 7}>
477.7538 	EXP 	blank3_bg: autoDraw = False
477.7538 	EXP 	blank3_bg: autoDraw = False
477.7538 	EXP 	greenCircle: autoDraw = False
477.7538 	EXP 	redCrosss: autoDraw = False
477.7538 	EXP 	prime_text: height = np.float64(0.05)
477.7538 	EXP 	prime_text: height = np.float64(0.05)
477.7538 	EXP 	prime_text: height = np.float64(0.05)
477.7538 	EXP 	prime_text: text = 'The boy can read fast'
477.7538 	EXP 	target_text: height = np.float64(0.05)
477.7538 	EXP 	target_text: height = np.float64(0.05)
477.7538 	EXP 	target_text: height = np.float64(0.05)
477.7538 	EXP 	target_text: text = 'The boy can read fast'
477.7538 	EXP 	fix_text: autoDraw = True
477.9967 	EXP 	fix_text: autoDraw = False
477.9967 	EXP 	blank1_bg: autoDraw = True
478.1944 	EXP 	blank1_bg: autoDraw = False
478.1944 	EXP 	prime_text: autoDraw = True
478.3885 	EXP 	prime_text: autoDraw = False
478.3949 	EXP 	blank2_bg: autoDraw = True
478.4880 	EXP 	blank2_bg: autoDraw = False
478.4948 	INFO 	Keyboard events cleared
478.4946 	EXP 	target_text: autoDraw = True
479.8067 	EXP 	Device response: <KeyPress from None: t=479.80112279100285, value=right, duration=None>
479.8150 	DATA 	Keypress: right
479.8194 	EXP 	fix_text: autoDraw = False
479.8194 	EXP 	blank1_bg: autoDraw = False
479.8194 	EXP 	prime_text: autoDraw = False
479.8194 	EXP 	blank2_bg: autoDraw = False
479.8194 	EXP 	target_text: autoDraw = False
479.8194 	EXP 	greenCircle: autoDraw = True
479.8194 	EXP 	redCrosss: autoDraw = True
480.0044 	EXP 	blank3_bg: autoDraw = True
480.0059 	EXP 	Device response: <KeyPress from None: t=479.80112279100285, value=right, duration=0.19623549999960233>
480.0152 	EXP 	greenCircle: autoDraw = False
480.0152 	EXP 	redCrosss: autoDraw = False
480.7878 	EXP 	New trial (rep=7, index=15): <Trial 127 (15 in rep 7) data={'prime': 'She does not like apples', 'target': 'She like does apples not', 'condition': 'transposition_unrelated', 'correctAns': 'left', 'thisN': 127, 'thisTrialN': 15, 'thisRepN': 7}>
480.8026 	EXP 	blank3_bg: autoDraw = False
480.8026 	EXP 	blank3_bg: autoDraw = False
480.8026 	EXP 	greenCircle: autoDraw = False
480.8026 	EXP 	redCrosss: autoDraw = False
480.8026 	EXP 	prime_text: height = np.float64(0.05)
480.8026 	EXP 	prime_text: height = np.float64(0.05)
480.8026 	EXP 	prime_text: height = np.float64(0.05)
480.8026 	EXP 	prime_text: text = 'She does not like apples'
480.8026 	EXP 	target_text: height = np.float64(0.05)
480.8026 	EXP 	target_text: height = np.float64(0.05)
480.8026 	EXP 	target_text: height = np.float64(0.05)
480.8026 	EXP 	target_text: text = 'She like does apples not'
480.8065 	EXP 	fix_text: autoDraw = True
481.0550 	EXP 	fix_text: autoDraw = False
481.0550 	EXP 	blank1_bg: autoDraw = True
481.2548 	EXP 	blank1_bg: autoDraw = False
481.2548 	EXP 	prime_text: autoDraw = True
481.4432 	EXP 	prime_text: autoDraw = False
481.4550 	EXP 	blank2_bg: autoDraw = True
481.5431 	EXP 	blank2_bg: autoDraw = False
481.5552 	INFO 	Keyboard events cleared
481.5550 	EXP 	target_text: autoDraw = True
482.9569 	EXP 	Device response: <KeyPress from None: t=482.9519315409998, value=left, duration=None>
482.9649 	DATA 	Keypress: left
482.9692 	EXP 	fix_text: autoDraw = False
482.9692 	EXP 	blank1_bg: autoDraw = False
482.9692 	EXP 	prime_text: autoDraw = False
482.9692 	EXP 	blank2_bg: autoDraw = False
482.9692 	EXP 	target_text: autoDraw = False
482.9692 	EXP 	greenCircle: autoDraw = True
482.9692 	EXP 	redCrosss: autoDraw = True
483.1065 	EXP 	Device response: <KeyPress from None: t=482.9519315409998, value=left, duration=0.1442912500060629>
483.1549 	EXP 	blank3_bg: autoDraw = True
483.1621 	EXP 	greenCircle: autoDraw = False
483.1621 	EXP 	redCrosss: autoDraw = False
483.9390 	EXP 	New trial (rep=8, index=0): <Trial 128 (0 in rep 8) data={'prime': 'The boy can read fast', 'target': 'The read can boy fast', 'condition': 'transposition_unrelated', 'correctAns': 'left', 'thisN': 128, 'thisTrialN': 0, 'thisRepN': 8}>
483.9554 	EXP 	blank3_bg: autoDraw = False
483.9554 	EXP 	blank3_bg: autoDraw = False
483.9554 	EXP 	greenCircle: autoDraw = False
483.9554 	EXP 	redCrosss: autoDraw = False
483.9554 	EXP 	prime_text: height = np.float64(0.05)
483.9554 	EXP 	prime_text: height = np.float64(0.05)
483.9554 	EXP 	prime_text: height = np.float64(0.05)
483.9554 	EXP 	prime_text: text = 'The boy can read fast'
483.9554 	EXP 	target_text: height = np.float64(0.05)
483.9554 	EXP 	target_text: height = np.float64(0.05)
483.9554 	EXP 	target_text: height = np.float64(0.05)
483.9554 	EXP 	target_text: text = 'The read can boy fast'
483.9716 	EXP 	fix_text: autoDraw = True
484.2051 	EXP 	blank1_bg: autoDraw = True
484.2129 	EXP 	fix_text: autoDraw = False
484.4051 	EXP 	blank1_bg: autoDraw = False
484.4051 	EXP 	prime_text: autoDraw = True
484.5943 	EXP 	prime_text: autoDraw = False
484.6053 	EXP 	blank2_bg: autoDraw = True
484.6932 	EXP 	blank2_bg: autoDraw = False
484.7054 	INFO 	Keyboard events cleared
484.7052 	EXP 	target_text: autoDraw = True
485.6730 	EXP 	Device response: <KeyPress from None: t=485.6708962910052, value=left, duration=None>
485.6809 	DATA 	Keypress: left
485.6851 	EXP 	fix_text: autoDraw = False
485.6851 	EXP 	blank1_bg: autoDraw = False
485.6851 	EXP 	prime_text: autoDraw = False
485.6851 	EXP 	blank2_bg: autoDraw = False
485.6851 	EXP 	target_text: autoDraw = False
485.6851 	EXP 	greenCircle: autoDraw = True
485.6851 	EXP 	redCrosss: autoDraw = True
485.8396 	EXP 	Device response: <KeyPress from None: t=485.6708962910052, value=left, duration=0.16426404198864475>
485.8717 	EXP 	blank3_bg: autoDraw = True
485.8798 	EXP 	greenCircle: autoDraw = False
485.8798 	EXP 	redCrosss: autoDraw = False
486.6625 	EXP 	New trial (rep=8, index=1): <Trial 129 (1 in rep 8) data={'prime': 'The boy can read fast', 'target': 'The boy can read fast', 'condition': 'transposition_related', 'correctAns': 'right', 'thisN': 129, 'thisTrialN': 1, 'thisRepN': 8}>
486.6738 	EXP 	blank3_bg: autoDraw = False
486.6738 	EXP 	blank3_bg: autoDraw = False
486.6738 	EXP 	greenCircle: autoDraw = False
486.6738 	EXP 	redCrosss: autoDraw = False
486.6738 	EXP 	prime_text: text = 'The boy can read fast'
486.6738 	EXP 	target_text: height = np.float64(0.05)
486.6738 	EXP 	target_text: height = np.float64(0.05)
486.6738 	EXP 	target_text: height = np.float64(0.05)
486.6738 	EXP 	target_text: text = 'The boy can read fast'
486.6738 	EXP 	fix_text: autoDraw = True
486.9218 	EXP 	fix_text: autoDraw = False
486.9218 	EXP 	blank1_bg: autoDraw = True
487.1216 	EXP 	blank1_bg: autoDraw = False
487.1216 	EXP 	prime_text: autoDraw = True
487.3093 	EXP 	prime_text: autoDraw = False
487.3221 	EXP 	blank2_bg: autoDraw = True
487.4103 	EXP 	blank2_bg: autoDraw = False
487.4218 	INFO 	Keyboard events cleared
487.4216 	EXP 	target_text: autoDraw = True
488.4904 	EXP 	Device response: <KeyPress from None: t=488.48779479099903, value=right, duration=None>
488.4984 	DATA 	Keypress: right
488.5028 	EXP 	fix_text: autoDraw = False
488.5028 	EXP 	blank1_bg: autoDraw = False
488.5028 	EXP 	prime_text: autoDraw = False
488.5028 	EXP 	blank2_bg: autoDraw = False
488.5028 	EXP 	target_text: autoDraw = False
488.5028 	EXP 	greenCircle: autoDraw = True
488.5028 	EXP 	redCrosss: autoDraw = True
488.6873 	EXP 	blank3_bg: autoDraw = True
488.6880 	EXP 	Device response: <KeyPress from None: t=488.48779479099903, value=right, duration=0.19233108300250024>
488.6946 	EXP 	greenCircle: autoDraw = False
488.6946 	EXP 	redCrosss: autoDraw = False
489.4722 	EXP 	New trial (rep=8, index=2): <Trial 130 (2 in rep 8) data={'prime': 'The boy can read fast', 'target': 'The read can boy fast', 'condition': 'repetition_unrelated', 'correctAns': 'left', 'thisN': 130, 'thisTrialN': 2, 'thisRepN': 8}>
489.4828 	EXP 	blank3_bg: autoDraw = False
489.4828 	EXP 	blank3_bg: autoDraw = False
489.4828 	EXP 	greenCircle: autoDraw = False
489.4828 	EXP 	redCrosss: autoDraw = False
489.4828 	EXP 	prime_text: text = 'The boy can read fast'
489.4828 	EXP 	target_text: height = np.float64(0.05)
489.4828 	EXP 	target_text: height = np.float64(0.05)
489.4828 	EXP 	target_text: height = np.float64(0.05)
489.4828 	EXP 	target_text: text = 'The read can boy fast'
489.4871 	EXP 	fix_text: autoDraw = True
489.7248 	EXP 	fix_text: autoDraw = False
489.7378 	EXP 	blank1_bg: autoDraw = True
489.9253 	EXP 	blank1_bg: autoDraw = False
489.9383 	EXP 	prime_text: autoDraw = True
490.1271 	EXP 	prime_text: autoDraw = False
490.1385 	EXP 	blank2_bg: autoDraw = True
490.2259 	EXP 	blank2_bg: autoDraw = False
490.2388 	INFO 	Keyboard events cleared
490.2385 	EXP 	target_text: autoDraw = True
491.5401 	EXP 	Device response: <KeyPress from None: t=491.53773229100625, value=left, duration=None>
491.5492 	DATA 	Keypress: left
491.5536 	EXP 	fix_text: autoDraw = False
491.5536 	EXP 	blank1_bg: autoDraw = False
491.5536 	EXP 	prime_text: autoDraw = False
491.5536 	EXP 	blank2_bg: autoDraw = False
491.5536 	EXP 	target_text: autoDraw = False
491.5536 	EXP 	greenCircle: autoDraw = True
491.5536 	EXP 	redCrosss: autoDraw = True
491.7118 	EXP 	Device response: <KeyPress from None: t=491.53773229100625, value=left, duration=0.17230729199945927>
491.7385 	EXP 	blank3_bg: autoDraw = True
491.7462 	EXP 	greenCircle: autoDraw = False
491.7462 	EXP 	redCrosss: autoDraw = False
492.5226 	EXP 	New trial (rep=8, index=3): <Trial 131 (3 in rep 8) data={'prime': 'They have finished the work', 'target': 'They have finished the work', 'condition': 'repetition_related', 'correctAns': 'right', 'thisN': 131, 'thisTrialN': 3, 'thisRepN': 8}>
492.5379 	EXP 	blank3_bg: autoDraw = False
492.5379 	EXP 	blank3_bg: autoDraw = False
492.5379 	EXP 	greenCircle: autoDraw = False
492.5379 	EXP 	redCrosss: autoDraw = False
492.5379 	EXP 	prime_text: height = np.float64(0.05)
492.5379 	EXP 	prime_text: height = np.float64(0.05)
492.5379 	EXP 	prime_text: height = np.float64(0.05)
492.5379 	EXP 	prime_text: text = 'They have finished the work'
492.5379 	EXP 	target_text: height = np.float64(0.05)
492.5379 	EXP 	target_text: height = np.float64(0.05)
492.5379 	EXP 	target_text: height = np.float64(0.05)
492.5379 	EXP 	target_text: text = 'They have finished the work'
492.5420 	EXP 	fix_text: autoDraw = True
492.7886 	EXP 	fix_text: autoDraw = False
492.7886 	EXP 	blank1_bg: autoDraw = True
492.9883 	EXP 	blank1_bg: autoDraw = False
492.9883 	EXP 	prime_text: autoDraw = True
493.1764 	EXP 	prime_text: autoDraw = False
493.1884 	EXP 	blank2_bg: autoDraw = True
493.2769 	EXP 	blank2_bg: autoDraw = False
493.2887 	INFO 	Keyboard events cleared
493.2885 	EXP 	target_text: autoDraw = True
494.3069 	EXP 	Device response: <KeyPress from None: t=494.3016772080009, value=right, duration=None>
494.3152 	DATA 	Keypress: right
494.3195 	EXP 	fix_text: autoDraw = False
494.3195 	EXP 	blank1_bg: autoDraw = False
494.3195 	EXP 	prime_text: autoDraw = False
494.3195 	EXP 	blank2_bg: autoDraw = False
494.3195 	EXP 	target_text: autoDraw = False
494.3195 	EXP 	greenCircle: autoDraw = True
494.3195 	EXP 	redCrosss: autoDraw = True
494.4967 	EXP 	Device response: <KeyPress from None: t=494.3016772080009, value=right, duration=0.18817533299443312>
494.5059 	EXP 	blank3_bg: autoDraw = True
494.5125 	EXP 	greenCircle: autoDraw = False
494.5125 	EXP 	redCrosss: autoDraw = False
495.2943 	EXP 	New trial (rep=8, index=4): <Trial 132 (4 in rep 8) data={'prime': 'She does not like apples', 'target': 'She not does like apples', 'condition': 'repetition_unrelated', 'correctAns': 'left', 'thisN': 132, 'thisTrialN': 4, 'thisRepN': 8}>
495.3087 	EXP 	blank3_bg: autoDraw = False
495.3087 	EXP 	blank3_bg: autoDraw = False
495.3087 	EXP 	greenCircle: autoDraw = False
495.3087 	EXP 	redCrosss: autoDraw = False
495.3087 	EXP 	prime_text: height = np.float64(0.05)
495.3087 	EXP 	prime_text: height = np.float64(0.05)
495.3087 	EXP 	prime_text: height = np.float64(0.05)
495.3087 	EXP 	prime_text: text = 'She does not like apples'
495.3087 	EXP 	target_text: height = np.float64(0.05)
495.3087 	EXP 	target_text: height = np.float64(0.05)
495.3087 	EXP 	target_text: height = np.float64(0.05)
495.3087 	EXP 	target_text: text = 'She not does like apples'
495.3087 	EXP 	fix_text: autoDraw = True
495.5538 	EXP 	fix_text: autoDraw = False
495.5538 	EXP 	blank1_bg: autoDraw = True
495.7413 	EXP 	blank1_bg: autoDraw = False
495.7551 	EXP 	prime_text: autoDraw = True
495.9427 	EXP 	prime_text: autoDraw = False
495.9549 	EXP 	blank2_bg: autoDraw = True
496.0433 	EXP 	blank2_bg: autoDraw = False
496.0553 	INFO 	Keyboard events cleared
496.0551 	EXP 	target_text: autoDraw = True
500.0066 	EXP 	Device response: <KeyPress from None: t=500.0048752080038, value=left, duration=None>
500.0155 	DATA 	Keypress: left
500.0201 	EXP 	fix_text: autoDraw = False
500.0201 	EXP 	blank1_bg: autoDraw = False
500.0201 	EXP 	prime_text: autoDraw = False
500.0201 	EXP 	blank2_bg: autoDraw = False
500.0201 	EXP 	target_text: autoDraw = False
500.0201 	EXP 	greenCircle: autoDraw = True
500.0201 	EXP 	redCrosss: autoDraw = True
500.1226 	EXP 	Device response: <KeyPress from None: t=500.0048752080038, value=left, duration=0.11434016599378083>
500.2035 	EXP 	blank3_bg: autoDraw = True
500.2113 	EXP 	greenCircle: autoDraw = False
500.2113 	EXP 	redCrosss: autoDraw = False
500.9874 	EXP 	New trial (rep=8, index=5): <Trial 133 (5 in rep 8) data={'prime': 'The dog is barking loudly', 'target': 'The loudly is barking dog', 'condition': 'repetition_unrelated', 'correctAns': 'left', 'thisN': 133, 'thisTrialN': 5, 'thisRepN': 8}>
501.0032 	EXP 	blank3_bg: autoDraw = False
501.0032 	EXP 	blank3_bg: autoDraw = False
501.0032 	EXP 	greenCircle: autoDraw = False
501.0032 	EXP 	redCrosss: autoDraw = False
501.0032 	EXP 	prime_text: height = np.float64(0.05)
501.0032 	EXP 	prime_text: height = np.float64(0.05)
501.0032 	EXP 	prime_text: height = np.float64(0.05)
501.0032 	EXP 	prime_text: text = 'The dog is barking loudly'
501.0032 	EXP 	target_text: height = np.float64(0.05)
501.0032 	EXP 	target_text: height = np.float64(0.05)
501.0032 	EXP 	target_text: height = np.float64(0.05)
501.0032 	EXP 	target_text: text = 'The loudly is barking dog'
501.0077 	EXP 	fix_text: autoDraw = True
501.2549 	EXP 	fix_text: autoDraw = False
501.2549 	EXP 	blank1_bg: autoDraw = True
501.4549 	EXP 	blank1_bg: autoDraw = False
501.4549 	EXP 	prime_text: autoDraw = True
501.6424 	EXP 	prime_text: autoDraw = False
501.6550 	EXP 	blank2_bg: autoDraw = True
501.7430 	EXP 	blank2_bg: autoDraw = False
501.7551 	INFO 	Keyboard events cleared
501.7549 	EXP 	target_text: autoDraw = True
502.6570 	EXP 	Device response: <KeyPress from None: t=502.64947845799907, value=left, duration=None>
502.6656 	DATA 	Keypress: left
502.6698 	EXP 	fix_text: autoDraw = False
502.6698 	EXP 	blank1_bg: autoDraw = False
502.6698 	EXP 	prime_text: autoDraw = False
502.6698 	EXP 	blank2_bg: autoDraw = False
502.6698 	EXP 	target_text: autoDraw = False
502.6698 	EXP 	greenCircle: autoDraw = True
502.6698 	EXP 	redCrosss: autoDraw = True
502.8231 	EXP 	Device response: <KeyPress from None: t=502.64947845799907, value=left, duration=0.16829295799834654>
502.8551 	EXP 	blank3_bg: autoDraw = True
502.8620 	EXP 	greenCircle: autoDraw = False
502.8620 	EXP 	redCrosss: autoDraw = False
503.6449 	EXP 	New trial (rep=8, index=6): <Trial 134 (6 in rep 8) data={'prime': 'She does not like apples', 'target': 'She not does like apples', 'condition': 'transposition_related', 'correctAns': 'right', 'thisN': 134, 'thisTrialN': 6, 'thisRepN': 8}>
503.6607 	EXP 	blank3_bg: autoDraw = False
503.6607 	EXP 	blank3_bg: autoDraw = False
503.6607 	EXP 	greenCircle: autoDraw = False
503.6607 	EXP 	redCrosss: autoDraw = False
503.6607 	EXP 	prime_text: height = np.float64(0.05)
503.6607 	EXP 	prime_text: height = np.float64(0.05)
503.6607 	EXP 	prime_text: height = np.float64(0.05)
503.6607 	EXP 	prime_text: text = 'She does not like apples'
503.6607 	EXP 	target_text: height = np.float64(0.05)
503.6607 	EXP 	target_text: height = np.float64(0.05)
503.6607 	EXP 	target_text: height = np.float64(0.05)
503.6607 	EXP 	target_text: text = 'She not does like apples'
503.6607 	EXP 	fix_text: autoDraw = True
503.9051 	EXP 	fix_text: autoDraw = False
503.9051 	EXP 	blank1_bg: autoDraw = True
504.1048 	EXP 	blank1_bg: autoDraw = False
504.1048 	EXP 	prime_text: autoDraw = True
504.2925 	EXP 	prime_text: autoDraw = False
504.3051 	EXP 	blank2_bg: autoDraw = True
504.3933 	EXP 	blank2_bg: autoDraw = False
504.4053 	INFO 	Keyboard events cleared
504.4051 	EXP 	target_text: autoDraw = True
505.2283 	EXP 	Device response: <KeyPress from None: t=505.22344358300325, value=left, duration=None>
505.2357 	DATA 	Keypress: left
505.2407 	EXP 	fix_text: autoDraw = False
505.2407 	EXP 	blank1_bg: autoDraw = False
505.2407 	EXP 	prime_text: autoDraw = False
505.2407 	EXP 	blank2_bg: autoDraw = False
505.2407 	EXP 	target_text: autoDraw = False
505.2407 	EXP 	greenCircle: autoDraw = True
505.2407 	EXP 	redCrosss: autoDraw = True
505.3791 	EXP 	Device response: <KeyPress from None: t=505.22344358300325, value=left, duration=0.15225537499645725>
505.4306 	EXP 	blank3_bg: autoDraw = True
505.4374 	EXP 	greenCircle: autoDraw = False
505.4374 	EXP 	redCrosss: autoDraw = False
506.2223 	EXP 	New trial (rep=8, index=7): <Trial 135 (7 in rep 8) data={'prime': 'They have finished the work', 'target': 'They finished have the work', 'condition': 'repetition_unrelated', 'correctAns': 'left', 'thisN': 135, 'thisTrialN': 7, 'thisRepN': 8}>
506.2387 	EXP 	blank3_bg: autoDraw = False
506.2387 	EXP 	blank3_bg: autoDraw = False
506.2387 	EXP 	greenCircle: autoDraw = False
506.2387 	EXP 	redCrosss: autoDraw = False
506.2387 	EXP 	prime_text: height = np.float64(0.05)
506.2387 	EXP 	prime_text: height = np.float64(0.05)
506.2387 	EXP 	prime_text: height = np.float64(0.05)
506.2387 	EXP 	prime_text: text = 'They have finished the work'
506.2387 	EXP 	target_text: height = np.float64(0.05)
506.2387 	EXP 	target_text: height = np.float64(0.05)
506.2387 	EXP 	target_text: height = np.float64(0.05)
506.2387 	EXP 	target_text: text = 'They finished have the work'
506.2387 	EXP 	fix_text: autoDraw = True
506.4798 	EXP 	fix_text: autoDraw = False
506.4798 	EXP 	blank1_bg: autoDraw = True
506.6700 	EXP 	blank1_bg: autoDraw = False
506.6700 	EXP 	prime_text: autoDraw = True
506.8600 	EXP 	prime_text: autoDraw = False
506.8765 	EXP 	blank2_bg: autoDraw = True
506.9719 	INFO 	Keyboard events cleared
506.9717 	EXP 	blank2_bg: autoDraw = False
506.9717 	EXP 	target_text: autoDraw = True
507.7232 	EXP 	Device response: <KeyPress from None: t=507.7132781660039, value=right, duration=None>
507.7302 	DATA 	Keypress: right
507.7343 	EXP 	fix_text: autoDraw = False
507.7343 	EXP 	blank1_bg: autoDraw = False
507.7343 	EXP 	prime_text: autoDraw = False
507.7343 	EXP 	blank2_bg: autoDraw = False
507.7343 	EXP 	target_text: autoDraw = False
507.7343 	EXP 	greenCircle: autoDraw = True
507.7343 	EXP 	redCrosss: autoDraw = True
507.9215 	EXP 	blank3_bg: autoDraw = True
507.9227 	EXP 	Device response: <KeyPress from None: t=507.7132781660039, value=right, duration=0.20039374999760184>
507.9313 	EXP 	greenCircle: autoDraw = False
507.9313 	EXP 	redCrosss: autoDraw = False
508.7108 	EXP 	New trial (rep=8, index=8): <Trial 136 (8 in rep 8) data={'prime': 'She does not like apples', 'target': 'She does not like apples', 'condition': 'repetition_related', 'correctAns': 'right', 'thisN': 136, 'thisTrialN': 8, 'thisRepN': 8}>
508.7261 	EXP 	blank3_bg: autoDraw = False
508.7261 	EXP 	blank3_bg: autoDraw = False
508.7261 	EXP 	greenCircle: autoDraw = False
508.7261 	EXP 	redCrosss: autoDraw = False
508.7261 	EXP 	prime_text: height = np.float64(0.05)
508.7261 	EXP 	prime_text: height = np.float64(0.05)
508.7261 	EXP 	prime_text: height = np.float64(0.05)
508.7261 	EXP 	prime_text: text = 'She does not like apples'
508.7261 	EXP 	target_text: height = np.float64(0.05)
508.7261 	EXP 	target_text: height = np.float64(0.05)
508.7261 	EXP 	target_text: height = np.float64(0.05)
508.7261 	EXP 	target_text: text = 'She does not like apples'
508.7261 	EXP 	fix_text: autoDraw = True
508.9718 	EXP 	fix_text: autoDraw = False
508.9718 	EXP 	blank1_bg: autoDraw = True
509.1582 	EXP 	blank1_bg: autoDraw = False
509.1715 	EXP 	prime_text: autoDraw = True
509.3600 	EXP 	prime_text: autoDraw = False
509.3718 	EXP 	blank2_bg: autoDraw = True
509.4599 	EXP 	blank2_bg: autoDraw = False
509.4720 	INFO 	Keyboard events cleared
509.4717 	EXP 	target_text: autoDraw = True
511.8403 	EXP 	Device response: <KeyPress from None: t=511.8343103740044, value=right, duration=None>
511.8482 	DATA 	Keypress: right
511.8523 	EXP 	fix_text: autoDraw = False
511.8523 	EXP 	blank1_bg: autoDraw = False
511.8523 	EXP 	prime_text: autoDraw = False
511.8523 	EXP 	blank2_bg: autoDraw = False
511.8523 	EXP 	target_text: autoDraw = False
511.8523 	EXP 	greenCircle: autoDraw = True
511.8523 	EXP 	redCrosss: autoDraw = True
512.0383 	EXP 	blank3_bg: autoDraw = True
512.0397 	EXP 	Device response: <KeyPress from None: t=511.8343103740044, value=right, duration=0.20026229199720547>
512.0485 	EXP 	greenCircle: autoDraw = False
512.0485 	EXP 	redCrosss: autoDraw = False
512.8288 	EXP 	New trial (rep=8, index=9): <Trial 137 (9 in rep 8) data={'prime': 'The dog is barking loudly', 'target': 'The barking dog loudly is', 'condition': 'transposition_unrelated', 'correctAns': 'left', 'thisN': 137, 'thisTrialN': 9, 'thisRepN': 8}>
512.8440 	EXP 	blank3_bg: autoDraw = False
512.8440 	EXP 	blank3_bg: autoDraw = False
512.8440 	EXP 	greenCircle: autoDraw = False
512.8440 	EXP 	redCrosss: autoDraw = False
512.8440 	EXP 	prime_text: height = np.float64(0.05)
512.8440 	EXP 	prime_text: height = np.float64(0.05)
512.8440 	EXP 	prime_text: height = np.float64(0.05)
512.8440 	EXP 	prime_text: text = 'The dog is barking loudly'
512.8440 	EXP 	target_text: height = np.float64(0.05)
512.8440 	EXP 	target_text: height = np.float64(0.05)
512.8440 	EXP 	target_text: height = np.float64(0.05)
512.8440 	EXP 	target_text: text = 'The barking dog loudly is'
512.8440 	EXP 	fix_text: autoDraw = True
513.0883 	EXP 	fix_text: autoDraw = False
513.0883 	EXP 	blank1_bg: autoDraw = True
513.2885 	EXP 	blank1_bg: autoDraw = False
513.2885 	EXP 	prime_text: autoDraw = True
513.4764 	EXP 	prime_text: autoDraw = False
513.4883 	EXP 	blank2_bg: autoDraw = True
513.5756 	EXP 	blank2_bg: autoDraw = False
513.5886 	INFO 	Keyboard events cleared
513.5884 	EXP 	target_text: autoDraw = True
515.4567 	EXP 	Device response: <KeyPress from None: t=515.4502262080059, value=left, duration=None>
515.4647 	DATA 	Keypress: left
515.4688 	EXP 	fix_text: autoDraw = False
515.4688 	EXP 	blank1_bg: autoDraw = False
515.4688 	EXP 	prime_text: autoDraw = False
515.4688 	EXP 	blank2_bg: autoDraw = False
515.4688 	EXP 	target_text: autoDraw = False
515.4688 	EXP 	greenCircle: autoDraw = True
515.4688 	EXP 	redCrosss: autoDraw = True
515.5901 	EXP 	Device response: <KeyPress from None: t=515.4502262080059, value=left, duration=0.13215954099723604>
515.6537 	EXP 	blank3_bg: autoDraw = True
515.6619 	EXP 	greenCircle: autoDraw = False
515.6619 	EXP 	redCrosss: autoDraw = False
516.4381 	EXP 	New trial (rep=8, index=10): <Trial 138 (10 in rep 8) data={'prime': 'The dog is barking loudly', 'target': 'The dog is barking loudly', 'condition': 'repetition_related', 'correctAns': 'right', 'thisN': 138, 'thisTrialN': 10, 'thisRepN': 8}>
516.4493 	EXP 	blank3_bg: autoDraw = False
516.4493 	EXP 	blank3_bg: autoDraw = False
516.4493 	EXP 	greenCircle: autoDraw = False
516.4493 	EXP 	redCrosss: autoDraw = False
516.4493 	EXP 	prime_text: text = 'The dog is barking loudly'
516.4493 	EXP 	target_text: height = np.float64(0.05)
516.4493 	EXP 	target_text: height = np.float64(0.05)
516.4493 	EXP 	target_text: height = np.float64(0.05)
516.4493 	EXP 	target_text: text = 'The dog is barking loudly'
516.4540 	EXP 	fix_text: autoDraw = True
516.6932 	EXP 	fix_text: autoDraw = False
516.7049 	EXP 	blank1_bg: autoDraw = True
516.9050 	EXP 	blank1_bg: autoDraw = False
516.9050 	EXP 	prime_text: autoDraw = True
517.0923 	EXP 	prime_text: autoDraw = False
517.1050 	EXP 	blank2_bg: autoDraw = True
517.1934 	EXP 	blank2_bg: autoDraw = False
517.2051 	INFO 	Keyboard events cleared
517.2049 	EXP 	target_text: autoDraw = True
520.6789 	EXP 	Device response: <KeyPress from None: t=520.6725062079931, value=right, duration=None>
520.6871 	DATA 	Keypress: right
520.6906 	EXP 	fix_text: autoDraw = False
520.6906 	EXP 	blank1_bg: autoDraw = False
520.6906 	EXP 	prime_text: autoDraw = False
520.6906 	EXP 	blank2_bg: autoDraw = False
520.6906 	EXP 	target_text: autoDraw = False
520.6906 	EXP 	greenCircle: autoDraw = True
520.6906 	EXP 	redCrosss: autoDraw = True
520.8802 	EXP 	blank3_bg: autoDraw = True
520.8875 	EXP 	greenCircle: autoDraw = False
520.8875 	EXP 	redCrosss: autoDraw = False
520.8886 	EXP 	Device response: <KeyPress from None: t=520.6725062079931, value=right, duration=0.2099062080087606>
521.6707 	EXP 	New trial (rep=8, index=11): <Trial 139 (11 in rep 8) data={'prime': 'They have finished the work', 'target': 'They finished have the work', 'condition': 'transposition_related', 'correctAns': 'right', 'thisN': 139, 'thisTrialN': 11, 'thisRepN': 8}>
521.6850 	EXP 	blank3_bg: autoDraw = False
521.6850 	EXP 	blank3_bg: autoDraw = False
521.6850 	EXP 	greenCircle: autoDraw = False
521.6850 	EXP 	redCrosss: autoDraw = False
521.6850 	EXP 	prime_text: height = np.float64(0.05)
521.6850 	EXP 	prime_text: height = np.float64(0.05)
521.6850 	EXP 	prime_text: height = np.float64(0.05)
521.6850 	EXP 	prime_text: text = 'They have finished the work'
521.6850 	EXP 	target_text: height = np.float64(0.05)
521.6850 	EXP 	target_text: height = np.float64(0.05)
521.6850 	EXP 	target_text: height = np.float64(0.05)
521.6850 	EXP 	target_text: text = 'They finished have the work'
521.6850 	EXP 	fix_text: autoDraw = True
521.9291 	EXP 	fix_text: autoDraw = False
521.9291 	EXP 	blank1_bg: autoDraw = True
522.1200 	EXP 	blank1_bg: autoDraw = False
522.1200 	EXP 	prime_text: autoDraw = True
522.3101 	EXP 	prime_text: autoDraw = False
522.3282 	EXP 	blank2_bg: autoDraw = True
522.4217 	EXP 	blank2_bg: autoDraw = False
522.4281 	INFO 	Keyboard events cleared
522.4280 	EXP 	target_text: autoDraw = True
523.6064 	EXP 	Device response: <KeyPress from None: t=523.6001198739978, value=left, duration=None>
523.6144 	DATA 	Keypress: left
523.6186 	EXP 	fix_text: autoDraw = False
523.6186 	EXP 	blank1_bg: autoDraw = False
523.6186 	EXP 	prime_text: autoDraw = False
523.6186 	EXP 	blank2_bg: autoDraw = False
523.6186 	EXP 	target_text: autoDraw = False
523.6186 	EXP 	greenCircle: autoDraw = True
523.6186 	EXP 	redCrosss: autoDraw = True
523.7568 	EXP 	Device response: <KeyPress from None: t=523.6001198739978, value=left, duration=0.15233429199724924>
523.8050 	EXP 	blank3_bg: autoDraw = True
523.8126 	EXP 	greenCircle: autoDraw = False
523.8126 	EXP 	redCrosss: autoDraw = False
524.5896 	EXP 	New trial (rep=8, index=12): <Trial 140 (12 in rep 8) data={'prime': 'They have finished the work', 'target': 'They work the have finished', 'condition': 'transposition_unrelated', 'correctAns': 'left', 'thisN': 140, 'thisTrialN': 12, 'thisRepN': 8}>
524.6011 	EXP 	blank3_bg: autoDraw = False
524.6011 	EXP 	blank3_bg: autoDraw = False
524.6011 	EXP 	greenCircle: autoDraw = False
524.6011 	EXP 	redCrosss: autoDraw = False
524.6011 	EXP 	prime_text: text = 'They have finished the work'
524.6011 	EXP 	target_text: height = np.float64(0.05)
524.6011 	EXP 	target_text: height = np.float64(0.05)
524.6011 	EXP 	target_text: height = np.float64(0.05)
524.6011 	EXP 	target_text: text = 'They work the have finished'
524.6065 	EXP 	fix_text: autoDraw = True
524.8549 	EXP 	fix_text: autoDraw = False
524.8549 	EXP 	blank1_bg: autoDraw = True
525.0431 	EXP 	blank1_bg: autoDraw = False
525.0549 	EXP 	prime_text: autoDraw = True
525.2424 	EXP 	prime_text: autoDraw = False
525.2549 	EXP 	blank2_bg: autoDraw = True
525.3439 	EXP 	blank2_bg: autoDraw = False
525.3551 	INFO 	Keyboard events cleared
525.3548 	EXP 	target_text: autoDraw = True
526.6279 	EXP 	Device response: <KeyPress from None: t=526.6239967489964, value=left, duration=None>
526.6354 	DATA 	Keypress: left
526.6404 	EXP 	fix_text: autoDraw = False
526.6404 	EXP 	blank1_bg: autoDraw = False
526.6404 	EXP 	prime_text: autoDraw = False
526.6404 	EXP 	blank2_bg: autoDraw = False
526.6404 	EXP 	target_text: autoDraw = False
526.6404 	EXP 	greenCircle: autoDraw = True
526.6404 	EXP 	redCrosss: autoDraw = True
526.7624 	EXP 	Device response: <KeyPress from None: t=526.6239967489964, value=left, duration=0.13235758400696795>
526.8301 	EXP 	blank3_bg: autoDraw = True
526.8368 	EXP 	greenCircle: autoDraw = False
526.8368 	EXP 	redCrosss: autoDraw = False
527.6223 	EXP 	New trial (rep=8, index=13): <Trial 141 (13 in rep 8) data={'prime': 'She does not like apples', 'target': 'She like does apples not', 'condition': 'transposition_unrelated', 'correctAns': 'left', 'thisN': 141, 'thisTrialN': 13, 'thisRepN': 8}>
527.6379 	EXP 	blank3_bg: autoDraw = False
527.6379 	EXP 	blank3_bg: autoDraw = False
527.6379 	EXP 	greenCircle: autoDraw = False
527.6379 	EXP 	redCrosss: autoDraw = False
527.6379 	EXP 	prime_text: height = np.float64(0.05)
527.6379 	EXP 	prime_text: height = np.float64(0.05)
527.6379 	EXP 	prime_text: height = np.float64(0.05)
527.6379 	EXP 	prime_text: text = 'She does not like apples'
527.6379 	EXP 	target_text: height = np.float64(0.05)
527.6379 	EXP 	target_text: height = np.float64(0.05)
527.6379 	EXP 	target_text: height = np.float64(0.05)
527.6379 	EXP 	target_text: text = 'She like does apples not'
527.6379 	EXP 	fix_text: autoDraw = True
527.8716 	EXP 	blank1_bg: autoDraw = True
527.8798 	EXP 	fix_text: autoDraw = False
528.0601 	EXP 	blank1_bg: autoDraw = False
528.0783 	EXP 	prime_text: autoDraw = True
528.2717 	EXP 	prime_text: autoDraw = False
528.2717 	EXP 	blank2_bg: autoDraw = True
528.3589 	EXP 	blank2_bg: autoDraw = False
528.3787 	INFO 	Keyboard events cleared
528.3785 	EXP 	target_text: autoDraw = True
529.4121 	EXP 	Device response: <KeyPress from None: t=529.4058288329979, value=left, duration=None>
529.4193 	DATA 	Keypress: left
529.4238 	EXP 	fix_text: autoDraw = False
529.4238 	EXP 	blank1_bg: autoDraw = False
529.4238 	EXP 	prime_text: autoDraw = False
529.4238 	EXP 	blank2_bg: autoDraw = False
529.4238 	EXP 	target_text: autoDraw = False
529.4238 	EXP 	greenCircle: autoDraw = True
529.4238 	EXP 	redCrosss: autoDraw = True
529.5735 	EXP 	Device response: <KeyPress from None: t=529.4058288329979, value=left, duration=0.1644452500040643>
529.6136 	EXP 	blank3_bg: autoDraw = True
529.6200 	EXP 	greenCircle: autoDraw = False
529.6200 	EXP 	redCrosss: autoDraw = False
530.4044 	EXP 	New trial (rep=8, index=14): <Trial 142 (14 in rep 8) data={'prime': 'The dog is barking loudly', 'target': 'The dog barking is loudly', 'condition': 'transposition_related', 'correctAns': 'right', 'thisN': 142, 'thisTrialN': 14, 'thisRepN': 8}>
530.4215 	EXP 	blank3_bg: autoDraw = False
530.4215 	EXP 	blank3_bg: autoDraw = False
530.4215 	EXP 	greenCircle: autoDraw = False
530.4215 	EXP 	redCrosss: autoDraw = False
530.4215 	EXP 	prime_text: height = np.float64(0.05)
530.4215 	EXP 	prime_text: height = np.float64(0.05)
530.4215 	EXP 	prime_text: height = np.float64(0.05)
530.4215 	EXP 	prime_text: text = 'The dog is barking loudly'
530.4215 	EXP 	target_text: height = np.float64(0.05)
530.4215 	EXP 	target_text: height = np.float64(0.05)
530.4215 	EXP 	target_text: height = np.float64(0.05)
530.4215 	EXP 	target_text: text = 'The dog barking is loudly'
530.4215 	EXP 	fix_text: autoDraw = True
530.6629 	EXP 	fix_text: autoDraw = False
530.6629 	EXP 	blank1_bg: autoDraw = True
530.8614 	EXP 	blank1_bg: autoDraw = False
530.8614 	EXP 	prime_text: autoDraw = True
531.0549 	EXP 	prime_text: autoDraw = False
531.0549 	EXP 	blank2_bg: autoDraw = True
531.1431 	EXP 	blank2_bg: autoDraw = False
531.1619 	INFO 	Keyboard events cleared
531.1618 	EXP 	target_text: autoDraw = True
532.0278 	EXP 	Device response: <KeyPress from None: t=532.0238756239996, value=left, duration=None>
532.0350 	DATA 	Keypress: left
532.0401 	EXP 	fix_text: autoDraw = False
532.0401 	EXP 	blank1_bg: autoDraw = False
532.0401 	EXP 	prime_text: autoDraw = False
532.0401 	EXP 	blank2_bg: autoDraw = False
532.0401 	EXP 	target_text: autoDraw = False
532.0401 	EXP 	greenCircle: autoDraw = True
532.0401 	EXP 	redCrosss: autoDraw = True
532.1728 	EXP 	Device response: <KeyPress from None: t=532.0238756239996, value=left, duration=0.14039299999421928>
532.2298 	EXP 	blank3_bg: autoDraw = True
532.2368 	EXP 	greenCircle: autoDraw = False
532.2368 	EXP 	redCrosss: autoDraw = False
533.0135 	EXP 	New trial (rep=8, index=15): <Trial 143 (15 in rep 8) data={'prime': 'The boy can read fast', 'target': 'The boy can read fast', 'condition': 'repetition_related', 'correctAns': 'right', 'thisN': 143, 'thisTrialN': 15, 'thisRepN': 8}>
533.0291 	EXP 	blank3_bg: autoDraw = False
533.0291 	EXP 	blank3_bg: autoDraw = False
533.0291 	EXP 	greenCircle: autoDraw = False
533.0291 	EXP 	redCrosss: autoDraw = False
533.0291 	EXP 	prime_text: height = np.float64(0.05)
533.0291 	EXP 	prime_text: height = np.float64(0.05)
533.0291 	EXP 	prime_text: height = np.float64(0.05)
533.0291 	EXP 	prime_text: text = 'The boy can read fast'
533.0291 	EXP 	target_text: height = np.float64(0.05)
533.0291 	EXP 	target_text: height = np.float64(0.05)
533.0291 	EXP 	target_text: height = np.float64(0.05)
533.0291 	EXP 	target_text: text = 'The boy can read fast'
533.0291 	EXP 	fix_text: autoDraw = True
533.2702 	EXP 	blank1_bg: autoDraw = True
533.2788 	EXP 	fix_text: autoDraw = False
533.4582 	EXP 	blank1_bg: autoDraw = False
533.4785 	EXP 	prime_text: autoDraw = True
533.6714 	EXP 	prime_text: autoDraw = False
533.6714 	EXP 	blank2_bg: autoDraw = True
533.7589 	EXP 	blank2_bg: autoDraw = False
533.7786 	INFO 	Keyboard events cleared
533.7784 	EXP 	target_text: autoDraw = True
534.7067 	EXP 	Device response: <KeyPress from None: t=534.7038408740045, value=right, duration=None>
534.7150 	DATA 	Keypress: right
534.7193 	EXP 	fix_text: autoDraw = False
534.7193 	EXP 	blank1_bg: autoDraw = False
534.7193 	EXP 	prime_text: autoDraw = False
534.7193 	EXP 	blank2_bg: autoDraw = False
534.7193 	EXP 	target_text: autoDraw = False
534.7193 	EXP 	greenCircle: autoDraw = True
534.7193 	EXP 	redCrosss: autoDraw = True
534.9049 	EXP 	blank3_bg: autoDraw = True
534.9063 	EXP 	Device response: <KeyPress from None: t=534.7038408740045, value=right, duration=0.19630537499324419>
534.9153 	EXP 	greenCircle: autoDraw = False
534.9153 	EXP 	redCrosss: autoDraw = False
535.6958 	EXP 	New trial (rep=9, index=0): <Trial 144 (0 in rep 9) data={'prime': 'The boy can read fast', 'target': 'The boy can read fast', 'condition': 'transposition_related', 'correctAns': 'right', 'thisN': 144, 'thisTrialN': 0, 'thisRepN': 9}>
535.7043 	EXP 	blank3_bg: autoDraw = False
535.7043 	EXP 	blank3_bg: autoDraw = False
535.7043 	EXP 	greenCircle: autoDraw = False
535.7043 	EXP 	redCrosss: autoDraw = False
535.7043 	EXP 	prime_text: text = 'The boy can read fast'
535.7043 	EXP 	target_text: text = 'The boy can read fast'
535.7043 	EXP 	fix_text: autoDraw = True
535.9423 	EXP 	fix_text: autoDraw = False
535.9550 	EXP 	blank1_bg: autoDraw = True
536.1542 	EXP 	blank1_bg: autoDraw = False
536.1542 	EXP 	prime_text: autoDraw = True
536.3433 	EXP 	prime_text: autoDraw = False
536.3550 	EXP 	blank2_bg: autoDraw = True
536.4423 	EXP 	blank2_bg: autoDraw = False
536.4553 	INFO 	Keyboard events cleared
536.4550 	EXP 	target_text: autoDraw = True
537.3799 	EXP 	Device response: <KeyPress from None: t=537.3776968739985, value=right, duration=None>
537.3876 	DATA 	Keypress: right
537.3913 	EXP 	fix_text: autoDraw = False
537.3913 	EXP 	blank1_bg: autoDraw = False
537.3913 	EXP 	prime_text: autoDraw = False
537.3913 	EXP 	blank2_bg: autoDraw = False
537.3913 	EXP 	target_text: autoDraw = False
537.3913 	EXP 	greenCircle: autoDraw = True
537.3913 	EXP 	redCrosss: autoDraw = True
537.5802 	EXP 	blank3_bg: autoDraw = True
537.5814 	EXP 	Device response: <KeyPress from None: t=537.3776968739985, value=right, duration=0.19636312499642372>
537.5897 	EXP 	greenCircle: autoDraw = False
537.5897 	EXP 	redCrosss: autoDraw = False
538.3725 	EXP 	New trial (rep=9, index=1): <Trial 145 (1 in rep 9) data={'prime': 'The boy can read fast', 'target': 'The read can boy fast', 'condition': 'repetition_unrelated', 'correctAns': 'left', 'thisN': 145, 'thisTrialN': 1, 'thisRepN': 9}>
538.3839 	EXP 	blank3_bg: autoDraw = False
538.3839 	EXP 	blank3_bg: autoDraw = False
538.3839 	EXP 	greenCircle: autoDraw = False
538.3839 	EXP 	redCrosss: autoDraw = False
538.3839 	EXP 	prime_text: text = 'The boy can read fast'
538.3839 	EXP 	target_text: height = np.float64(0.05)
538.3839 	EXP 	target_text: height = np.float64(0.05)
538.3839 	EXP 	target_text: height = np.float64(0.05)
538.3839 	EXP 	target_text: text = 'The read can boy fast'
538.3839 	EXP 	fix_text: autoDraw = True
538.6290 	EXP 	fix_text: autoDraw = False
538.6290 	EXP 	blank1_bg: autoDraw = True
538.8274 	EXP 	blank1_bg: autoDraw = False
538.8274 	EXP 	prime_text: autoDraw = True
539.0216 	EXP 	prime_text: autoDraw = False
539.0280 	EXP 	blank2_bg: autoDraw = True
539.1286 	INFO 	Keyboard events cleared
539.1285 	EXP 	blank2_bg: autoDraw = False
539.1285 	EXP 	target_text: autoDraw = True
539.9735 	EXP 	Device response: <KeyPress from None: t=539.9616740829952, value=left, duration=None>
539.9816 	DATA 	Keypress: left
539.9860 	EXP 	fix_text: autoDraw = False
539.9860 	EXP 	blank1_bg: autoDraw = False
539.9860 	EXP 	prime_text: autoDraw = False
539.9860 	EXP 	blank2_bg: autoDraw = False
539.9860 	EXP 	target_text: autoDraw = False
539.9860 	EXP 	greenCircle: autoDraw = True
539.9860 	EXP 	redCrosss: autoDraw = True
540.1229 	EXP 	Device response: <KeyPress from None: t=539.9616740829952, value=left, duration=0.15227529100957327>
540.1715 	EXP 	blank3_bg: autoDraw = True
540.1791 	EXP 	greenCircle: autoDraw = False
540.1791 	EXP 	redCrosss: autoDraw = False
540.9622 	EXP 	New trial (rep=9, index=2): <Trial 146 (2 in rep 9) data={'prime': 'She does not like apples', 'target': 'She does not like apples', 'condition': 'repetition_related', 'correctAns': 'right', 'thisN': 146, 'thisTrialN': 2, 'thisRepN': 9}>
540.9771 	EXP 	blank3_bg: autoDraw = False
540.9771 	EXP 	blank3_bg: autoDraw = False
540.9771 	EXP 	greenCircle: autoDraw = False
540.9771 	EXP 	redCrosss: autoDraw = False
540.9771 	EXP 	prime_text: height = np.float64(0.05)
540.9771 	EXP 	prime_text: height = np.float64(0.05)
540.9771 	EXP 	prime_text: height = np.float64(0.05)
540.9771 	EXP 	prime_text: text = 'She does not like apples'
540.9771 	EXP 	target_text: height = np.float64(0.05)
540.9771 	EXP 	target_text: height = np.float64(0.05)
540.9771 	EXP 	target_text: height = np.float64(0.05)
540.9771 	EXP 	target_text: text = 'She does not like apples'
540.9771 	EXP 	fix_text: autoDraw = True
541.2216 	EXP 	fix_text: autoDraw = False
541.2216 	EXP 	blank1_bg: autoDraw = True
541.4089 	EXP 	blank1_bg: autoDraw = False
541.4216 	EXP 	prime_text: autoDraw = True
541.6099 	EXP 	prime_text: autoDraw = False
541.6217 	EXP 	blank2_bg: autoDraw = True
541.7100 	EXP 	blank2_bg: autoDraw = False
541.7220 	INFO 	Keyboard events cleared
541.7217 	EXP 	target_text: autoDraw = True
543.9567 	EXP 	Device response: <KeyPress from None: t=543.9535922079958, value=right, duration=None>
543.9646 	DATA 	Keypress: right
543.9689 	EXP 	fix_text: autoDraw = False
543.9689 	EXP 	blank1_bg: autoDraw = False
543.9689 	EXP 	prime_text: autoDraw = False
543.9689 	EXP 	blank2_bg: autoDraw = False
543.9689 	EXP 	target_text: autoDraw = False
543.9689 	EXP 	greenCircle: autoDraw = True
543.9689 	EXP 	redCrosss: autoDraw = True
544.1398 	EXP 	Device response: <KeyPress from None: t=543.9535922079958, value=right, duration=0.18031845800578594>
544.1541 	EXP 	blank3_bg: autoDraw = True
544.1605 	EXP 	greenCircle: autoDraw = False
544.1605 	EXP 	redCrosss: autoDraw = False
544.9383 	EXP 	New trial (rep=9, index=3): <Trial 147 (3 in rep 9) data={'prime': 'They have finished the work', 'target': 'They have finished the work', 'condition': 'repetition_related', 'correctAns': 'right', 'thisN': 147, 'thisTrialN': 3, 'thisRepN': 9}>
544.9535 	EXP 	blank3_bg: autoDraw = False
544.9535 	EXP 	blank3_bg: autoDraw = False
544.9535 	EXP 	greenCircle: autoDraw = False
544.9535 	EXP 	redCrosss: autoDraw = False
544.9535 	EXP 	prime_text: height = np.float64(0.05)
544.9535 	EXP 	prime_text: height = np.float64(0.05)
544.9535 	EXP 	prime_text: height = np.float64(0.05)
544.9535 	EXP 	prime_text: text = 'They have finished the work'
544.9535 	EXP 	target_text: height = np.float64(0.05)
544.9535 	EXP 	target_text: height = np.float64(0.05)
544.9535 	EXP 	target_text: height = np.float64(0.05)
544.9535 	EXP 	target_text: text = 'They have finished the work'
544.9580 	EXP 	fix_text: autoDraw = True
545.2049 	EXP 	fix_text: autoDraw = False
545.2049 	EXP 	blank1_bg: autoDraw = True
545.3925 	EXP 	blank1_bg: autoDraw = False
545.4050 	EXP 	prime_text: autoDraw = True
545.5923 	EXP 	prime_text: autoDraw = False
545.6049 	EXP 	blank2_bg: autoDraw = True
545.6936 	EXP 	blank2_bg: autoDraw = False
545.7051 	INFO 	Keyboard events cleared
545.7049 	EXP 	target_text: autoDraw = True
546.6896 	EXP 	Device response: <KeyPress from None: t=546.684615916005, value=right, duration=None>
546.6974 	DATA 	Keypress: right
546.7018 	EXP 	fix_text: autoDraw = False
546.7018 	EXP 	blank1_bg: autoDraw = False
546.7018 	EXP 	prime_text: autoDraw = False
546.7018 	EXP 	blank2_bg: autoDraw = False
546.7018 	EXP 	target_text: autoDraw = False
546.7018 	EXP 	greenCircle: autoDraw = True
546.7018 	EXP 	redCrosss: autoDraw = True
546.8868 	EXP 	blank3_bg: autoDraw = True
546.8954 	EXP 	greenCircle: autoDraw = False
546.8954 	EXP 	redCrosss: autoDraw = False
546.9054 	EXP 	Device response: <KeyPress from None: t=546.684615916005, value=right, duration=0.21224449999863282>
547.6711 	EXP 	New trial (rep=9, index=4): <Trial 148 (4 in rep 9) data={'prime': 'She does not like apples', 'target': 'She not does like apples', 'condition': 'repetition_unrelated', 'correctAns': 'left', 'thisN': 148, 'thisTrialN': 4, 'thisRepN': 9}>
547.6862 	EXP 	blank3_bg: autoDraw = False
547.6862 	EXP 	blank3_bg: autoDraw = False
547.6862 	EXP 	greenCircle: autoDraw = False
547.6862 	EXP 	redCrosss: autoDraw = False
547.6862 	EXP 	prime_text: height = np.float64(0.05)
547.6862 	EXP 	prime_text: height = np.float64(0.05)
547.6862 	EXP 	prime_text: height = np.float64(0.05)
547.6862 	EXP 	prime_text: text = 'She does not like apples'
547.6862 	EXP 	target_text: height = np.float64(0.05)
547.6862 	EXP 	target_text: height = np.float64(0.05)
547.6862 	EXP 	target_text: height = np.float64(0.05)
547.6862 	EXP 	target_text: text = 'She not does like apples'
547.6903 	EXP 	fix_text: autoDraw = True
547.9382 	EXP 	fix_text: autoDraw = False
547.9382 	EXP 	blank1_bg: autoDraw = True
548.1256 	EXP 	blank1_bg: autoDraw = False
548.1379 	EXP 	prime_text: autoDraw = True
548.3257 	EXP 	prime_text: autoDraw = False
548.3384 	EXP 	blank2_bg: autoDraw = True
548.4266 	EXP 	blank2_bg: autoDraw = False
548.4386 	INFO 	Keyboard events cleared
548.4383 	EXP 	target_text: autoDraw = True
549.3901 	EXP 	Device response: <KeyPress from None: t=549.3794007910037, value=left, duration=None>
549.3979 	DATA 	Keypress: left
549.4022 	EXP 	fix_text: autoDraw = False
549.4022 	EXP 	blank1_bg: autoDraw = False
549.4022 	EXP 	prime_text: autoDraw = False
549.4022 	EXP 	blank2_bg: autoDraw = False
549.4022 	EXP 	target_text: autoDraw = False
549.4022 	EXP 	greenCircle: autoDraw = True
549.4022 	EXP 	redCrosss: autoDraw = True
549.5233 	EXP 	Device response: <KeyPress from None: t=549.3794007910037, value=left, duration=0.1364465829974506>
549.5870 	EXP 	blank3_bg: autoDraw = True
549.5932 	EXP 	greenCircle: autoDraw = False
549.5932 	EXP 	redCrosss: autoDraw = False
550.3706 	EXP 	New trial (rep=9, index=5): <Trial 149 (5 in rep 9) data={'prime': 'The dog is barking loudly', 'target': 'The barking dog loudly is', 'condition': 'transposition_unrelated', 'correctAns': 'left', 'thisN': 149, 'thisTrialN': 5, 'thisRepN': 9}>
550.3856 	EXP 	blank3_bg: autoDraw = False
550.3856 	EXP 	blank3_bg: autoDraw = False
550.3856 	EXP 	greenCircle: autoDraw = False
550.3856 	EXP 	redCrosss: autoDraw = False
550.3856 	EXP 	prime_text: height = np.float64(0.05)
550.3856 	EXP 	prime_text: height = np.float64(0.05)
550.3856 	EXP 	prime_text: height = np.float64(0.05)
550.3856 	EXP 	prime_text: text = 'The dog is barking loudly'
550.3856 	EXP 	target_text: height = np.float64(0.05)
550.3856 	EXP 	target_text: height = np.float64(0.05)
550.3856 	EXP 	target_text: height = np.float64(0.05)
550.3856 	EXP 	target_text: text = 'The barking dog loudly is'
550.3897 	EXP 	fix_text: autoDraw = True
550.6382 	EXP 	fix_text: autoDraw = False
550.6382 	EXP 	blank1_bg: autoDraw = True
550.8381 	EXP 	blank1_bg: autoDraw = False
550.8381 	EXP 	prime_text: autoDraw = True
551.0252 	EXP 	prime_text: autoDraw = False
551.0381 	EXP 	blank2_bg: autoDraw = True
551.1256 	EXP 	blank2_bg: autoDraw = False
551.1387 	INFO 	Keyboard events cleared
551.1385 	EXP 	target_text: autoDraw = True
552.1229 	EXP 	Device response: <KeyPress from None: t=552.1164762910048, value=left, duration=None>
552.1310 	DATA 	Keypress: left
552.1351 	EXP 	fix_text: autoDraw = False
552.1351 	EXP 	blank1_bg: autoDraw = False
552.1351 	EXP 	prime_text: autoDraw = False
552.1351 	EXP 	blank2_bg: autoDraw = False
552.1351 	EXP 	target_text: autoDraw = False
552.1351 	EXP 	greenCircle: autoDraw = True
552.1351 	EXP 	redCrosss: autoDraw = True
552.2729 	EXP 	Device response: <KeyPress from None: t=552.1164762910048, value=left, duration=0.1522338749928167>
552.3201 	EXP 	blank3_bg: autoDraw = True
552.3285 	EXP 	greenCircle: autoDraw = False
552.3285 	EXP 	redCrosss: autoDraw = False
553.1058 	EXP 	New trial (rep=9, index=6): <Trial 150 (6 in rep 9) data={'prime': 'They have finished the work', 'target': 'They finished have the work', 'condition': 'transposition_related', 'correctAns': 'right', 'thisN': 150, 'thisTrialN': 6, 'thisRepN': 9}>
553.1219 	EXP 	blank3_bg: autoDraw = False
553.1219 	EXP 	blank3_bg: autoDraw = False
553.1219 	EXP 	greenCircle: autoDraw = False
553.1219 	EXP 	redCrosss: autoDraw = False
553.1219 	EXP 	prime_text: height = np.float64(0.05)
553.1219 	EXP 	prime_text: height = np.float64(0.05)
553.1219 	EXP 	prime_text: height = np.float64(0.05)
553.1219 	EXP 	prime_text: text = 'They have finished the work'
553.1219 	EXP 	target_text: height = np.float64(0.05)
553.1219 	EXP 	target_text: height = np.float64(0.05)
553.1219 	EXP 	target_text: height = np.float64(0.05)
553.1219 	EXP 	target_text: text = 'They finished have the work'
553.1381 	EXP 	fix_text: autoDraw = True
553.3703 	EXP 	blank1_bg: autoDraw = True
553.3882 	EXP 	fix_text: autoDraw = False
553.5579 	EXP 	blank1_bg: autoDraw = False
553.5717 	EXP 	prime_text: autoDraw = True
553.7602 	EXP 	prime_text: autoDraw = False
553.7715 	EXP 	blank2_bg: autoDraw = True
553.8589 	EXP 	blank2_bg: autoDraw = False
553.8718 	INFO 	Keyboard events cleared
553.8716 	EXP 	target_text: autoDraw = True
556.0069 	EXP 	Device response: <KeyPress from None: t=555.9996140830044, value=left, duration=None>
556.0152 	DATA 	Keypress: left
556.0193 	EXP 	fix_text: autoDraw = False
556.0193 	EXP 	blank1_bg: autoDraw = False
556.0193 	EXP 	prime_text: autoDraw = False
556.0193 	EXP 	blank2_bg: autoDraw = False
556.0193 	EXP 	target_text: autoDraw = False
556.0193 	EXP 	greenCircle: autoDraw = True
556.0193 	EXP 	redCrosss: autoDraw = True
556.1568 	EXP 	Device response: <KeyPress from None: t=555.9996140830044, value=left, duration=0.15201970799535047>
556.2037 	EXP 	blank3_bg: autoDraw = True
556.2102 	EXP 	greenCircle: autoDraw = False
556.2102 	EXP 	redCrosss: autoDraw = False
556.9880 	EXP 	New trial (rep=9, index=7): <Trial 151 (7 in rep 9) data={'prime': 'The dog is barking loudly', 'target': 'The dog barking is loudly', 'condition': 'transposition_related', 'correctAns': 'right', 'thisN': 151, 'thisTrialN': 7, 'thisRepN': 9}>
557.0025 	EXP 	blank3_bg: autoDraw = False
557.0025 	EXP 	blank3_bg: autoDraw = False
557.0025 	EXP 	greenCircle: autoDraw = False
557.0025 	EXP 	redCrosss: autoDraw = False
557.0025 	EXP 	prime_text: height = np.float64(0.05)
557.0025 	EXP 	prime_text: height = np.float64(0.05)
557.0025 	EXP 	prime_text: height = np.float64(0.05)
557.0025 	EXP 	prime_text: text = 'The dog is barking loudly'
557.0025 	EXP 	target_text: height = np.float64(0.05)
557.0025 	EXP 	target_text: height = np.float64(0.05)
557.0025 	EXP 	target_text: height = np.float64(0.05)
557.0025 	EXP 	target_text: text = 'The dog barking is loudly'
557.0067 	EXP 	fix_text: autoDraw = True
557.2541 	EXP 	fix_text: autoDraw = False
557.2541 	EXP 	blank1_bg: autoDraw = True
557.4416 	EXP 	blank1_bg: autoDraw = False
557.4549 	EXP 	prime_text: autoDraw = True
557.6426 	EXP 	prime_text: autoDraw = False
557.6551 	EXP 	blank2_bg: autoDraw = True
557.7428 	EXP 	blank2_bg: autoDraw = False
557.7553 	INFO 	Keyboard events cleared
557.7551 	EXP 	target_text: autoDraw = True
560.0729 	EXP 	Device response: <KeyPress from None: t=560.0692396660015, value=left, duration=None>
560.0810 	DATA 	Keypress: left
560.0852 	EXP 	fix_text: autoDraw = False
560.0852 	EXP 	blank1_bg: autoDraw = False
560.0852 	EXP 	prime_text: autoDraw = False
560.0852 	EXP 	blank2_bg: autoDraw = False
560.0852 	EXP 	target_text: autoDraw = False
560.0852 	EXP 	greenCircle: autoDraw = True
560.0852 	EXP 	redCrosss: autoDraw = True
560.2450 	EXP 	Device response: <KeyPress from None: t=560.0692396660015, value=left, duration=0.17227470799116418>
560.2717 	EXP 	blank3_bg: autoDraw = True
560.2800 	EXP 	greenCircle: autoDraw = False
560.2800 	EXP 	redCrosss: autoDraw = False
561.0556 	EXP 	New trial (rep=9, index=8): <Trial 152 (8 in rep 9) data={'prime': 'The boy can read fast', 'target': 'The boy can read fast', 'condition': 'repetition_related', 'correctAns': 'right', 'thisN': 152, 'thisTrialN': 8, 'thisRepN': 9}>
561.0704 	EXP 	blank3_bg: autoDraw = False
561.0704 	EXP 	blank3_bg: autoDraw = False
561.0704 	EXP 	greenCircle: autoDraw = False
561.0704 	EXP 	redCrosss: autoDraw = False
561.0704 	EXP 	prime_text: height = np.float64(0.05)
561.0704 	EXP 	prime_text: height = np.float64(0.05)
561.0704 	EXP 	prime_text: height = np.float64(0.05)
561.0704 	EXP 	prime_text: text = 'The boy can read fast'
561.0704 	EXP 	target_text: height = np.float64(0.05)
561.0704 	EXP 	target_text: height = np.float64(0.05)
561.0704 	EXP 	target_text: height = np.float64(0.05)
561.0704 	EXP 	target_text: text = 'The boy can read fast'
561.0751 	EXP 	fix_text: autoDraw = True
561.3211 	EXP 	fix_text: autoDraw = False
561.3211 	EXP 	blank1_bg: autoDraw = True
561.5103 	EXP 	blank1_bg: autoDraw = False
561.5216 	EXP 	prime_text: autoDraw = True
561.7106 	EXP 	prime_text: autoDraw = False
561.7217 	EXP 	blank2_bg: autoDraw = True
561.8097 	EXP 	blank2_bg: autoDraw = False
561.8217 	INFO 	Keyboard events cleared
561.8215 	EXP 	target_text: autoDraw = True
562.6279 	EXP 	Device response: <KeyPress from None: t=562.6240826659923, value=right, duration=None>
562.6342 	DATA 	Keypress: right
562.6546 	EXP 	fix_text: autoDraw = False
562.6546 	EXP 	blank1_bg: autoDraw = False
562.6546 	EXP 	prime_text: autoDraw = False
562.6546 	EXP 	blank2_bg: autoDraw = False
562.6546 	EXP 	target_text: autoDraw = False
562.6546 	EXP 	greenCircle: autoDraw = True
562.6546 	EXP 	redCrosss: autoDraw = True
562.8063 	EXP 	Device response: <KeyPress from None: t=562.6240826659923, value=right, duration=0.18040891700366046>
562.8213 	EXP 	blank3_bg: autoDraw = True
562.8537 	EXP 	greenCircle: autoDraw = False
562.8537 	EXP 	redCrosss: autoDraw = False
563.6103 	EXP 	New trial (rep=9, index=9): <Trial 153 (9 in rep 9) data={'prime': 'The boy can read fast', 'target': 'The read can boy fast', 'condition': 'transposition_unrelated', 'correctAns': 'left', 'thisN': 153, 'thisTrialN': 9, 'thisRepN': 9}>
563.6203 	EXP 	blank3_bg: autoDraw = False
563.6203 	EXP 	blank3_bg: autoDraw = False
563.6203 	EXP 	greenCircle: autoDraw = False
563.6203 	EXP 	redCrosss: autoDraw = False
563.6203 	EXP 	prime_text: text = 'The boy can read fast'
563.6203 	EXP 	target_text: height = np.float64(0.05)
563.6203 	EXP 	target_text: height = np.float64(0.05)
563.6203 	EXP 	target_text: height = np.float64(0.05)
563.6203 	EXP 	target_text: text = 'The read can boy fast'
563.6255 	EXP 	fix_text: autoDraw = True
563.8716 	EXP 	fix_text: autoDraw = False
563.8716 	EXP 	blank1_bg: autoDraw = True
564.0716 	EXP 	blank1_bg: autoDraw = False
564.0716 	EXP 	prime_text: autoDraw = True
564.2606 	EXP 	prime_text: autoDraw = False
564.2717 	EXP 	blank2_bg: autoDraw = True
564.3601 	EXP 	blank2_bg: autoDraw = False
564.3787 	INFO 	Keyboard events cleared
564.3785 	EXP 	target_text: autoDraw = True
567.0896 	EXP 	Device response: <KeyPress from None: t=567.0808502489963, value=left, duration=None>
567.0990 	DATA 	Keypress: left
567.1031 	EXP 	fix_text: autoDraw = False
567.1031 	EXP 	blank1_bg: autoDraw = False
567.1031 	EXP 	prime_text: autoDraw = False
567.1031 	EXP 	blank2_bg: autoDraw = False
567.1031 	EXP 	target_text: autoDraw = False
567.1031 	EXP 	greenCircle: autoDraw = True
567.1031 	EXP 	redCrosss: autoDraw = True
567.2233 	EXP 	Device response: <KeyPress from None: t=567.0808502489963, value=left, duration=0.13398566700925585>
567.2870 	EXP 	blank3_bg: autoDraw = True
567.2948 	EXP 	greenCircle: autoDraw = False
567.2948 	EXP 	redCrosss: autoDraw = False
568.0708 	EXP 	New trial (rep=9, index=10): <Trial 154 (10 in rep 9) data={'prime': 'The dog is barking loudly', 'target': 'The dog is barking loudly', 'condition': 'repetition_related', 'correctAns': 'right', 'thisN': 154, 'thisTrialN': 10, 'thisRepN': 9}>
568.0848 	EXP 	blank3_bg: autoDraw = False
568.0848 	EXP 	blank3_bg: autoDraw = False
568.0848 	EXP 	greenCircle: autoDraw = False
568.0848 	EXP 	redCrosss: autoDraw = False
568.0848 	EXP 	prime_text: height = np.float64(0.05)
568.0848 	EXP 	prime_text: height = np.float64(0.05)
568.0848 	EXP 	prime_text: height = np.float64(0.05)
568.0848 	EXP 	prime_text: text = 'The dog is barking loudly'
568.0848 	EXP 	target_text: height = np.float64(0.05)
568.0848 	EXP 	target_text: height = np.float64(0.05)
568.0848 	EXP 	target_text: height = np.float64(0.05)
568.0848 	EXP 	target_text: text = 'The dog is barking loudly'
568.0893 	EXP 	fix_text: autoDraw = True
568.3382 	EXP 	fix_text: autoDraw = False
568.3382 	EXP 	blank1_bg: autoDraw = True
568.5264 	EXP 	blank1_bg: autoDraw = False
568.5383 	EXP 	prime_text: autoDraw = True
568.7263 	EXP 	prime_text: autoDraw = False
568.7382 	EXP 	blank2_bg: autoDraw = True
568.8256 	EXP 	blank2_bg: autoDraw = False
568.8383 	INFO 	Keyboard events cleared
568.8381 	EXP 	target_text: autoDraw = True
570.1733 	EXP 	Device response: <KeyPress from None: t=570.1694590830011, value=right, duration=None>
570.1816 	DATA 	Keypress: right
570.1858 	EXP 	fix_text: autoDraw = False
570.1858 	EXP 	blank1_bg: autoDraw = False
570.1858 	EXP 	prime_text: autoDraw = False
570.1858 	EXP 	blank2_bg: autoDraw = False
570.1858 	EXP 	target_text: autoDraw = False
570.1858 	EXP 	greenCircle: autoDraw = True
570.1858 	EXP 	redCrosss: autoDraw = True
570.3718 	EXP 	blank3_bg: autoDraw = True
570.3733 	EXP 	Device response: <KeyPress from None: t=570.1694590830011, value=right, duration=0.19218324999383185>
570.3825 	EXP 	greenCircle: autoDraw = False
570.3825 	EXP 	redCrosss: autoDraw = False
571.1599 	EXP 	New trial (rep=9, index=11): <Trial 155 (11 in rep 9) data={'prime': 'They have finished the work', 'target': 'They finished have the work', 'condition': 'repetition_unrelated', 'correctAns': 'left', 'thisN': 155, 'thisTrialN': 11, 'thisRepN': 9}>
571.1738 	EXP 	blank3_bg: autoDraw = False
571.1738 	EXP 	blank3_bg: autoDraw = False
571.1738 	EXP 	greenCircle: autoDraw = False
571.1738 	EXP 	redCrosss: autoDraw = False
571.1738 	EXP 	prime_text: height = np.float64(0.05)
571.1738 	EXP 	prime_text: height = np.float64(0.05)
571.1738 	EXP 	prime_text: height = np.float64(0.05)
571.1738 	EXP 	prime_text: text = 'They have finished the work'
571.1738 	EXP 	target_text: height = np.float64(0.05)
571.1738 	EXP 	target_text: height = np.float64(0.05)
571.1738 	EXP 	target_text: height = np.float64(0.05)
571.1738 	EXP 	target_text: text = 'They finished have the work'
571.1738 	EXP 	fix_text: autoDraw = True
571.4216 	EXP 	fix_text: autoDraw = False
571.4216 	EXP 	blank1_bg: autoDraw = True
571.6097 	EXP 	blank1_bg: autoDraw = False
571.6216 	EXP 	prime_text: autoDraw = True
571.8102 	EXP 	prime_text: autoDraw = False
571.8217 	EXP 	blank2_bg: autoDraw = True
571.9097 	EXP 	blank2_bg: autoDraw = False
571.9218 	INFO 	Keyboard events cleared
571.9216 	EXP 	target_text: autoDraw = True
573.2789 	EXP 	Device response: <KeyPress from None: t=573.2733815410029, value=left, duration=None>
573.2858 	DATA 	Keypress: left
573.2903 	EXP 	fix_text: autoDraw = False
573.2903 	EXP 	blank1_bg: autoDraw = False
573.2903 	EXP 	prime_text: autoDraw = False
573.2903 	EXP 	blank2_bg: autoDraw = False
573.2903 	EXP 	target_text: autoDraw = False
573.2903 	EXP 	greenCircle: autoDraw = True
573.2903 	EXP 	redCrosss: autoDraw = True
573.4282 	EXP 	Device response: <KeyPress from None: t=573.2733815410029, value=left, duration=0.1482626669894671>
573.4804 	EXP 	blank3_bg: autoDraw = True
573.4867 	EXP 	greenCircle: autoDraw = False
573.4867 	EXP 	redCrosss: autoDraw = False
574.2709 	EXP 	New trial (rep=9, index=12): <Trial 156 (12 in rep 9) data={'prime': 'They have finished the work', 'target': 'They work the have finished', 'condition': 'transposition_unrelated', 'correctAns': 'left', 'thisN': 156, 'thisTrialN': 12, 'thisRepN': 9}>
574.2830 	EXP 	blank3_bg: autoDraw = False
574.2830 	EXP 	blank3_bg: autoDraw = False
574.2830 	EXP 	greenCircle: autoDraw = False
574.2830 	EXP 	redCrosss: autoDraw = False
574.2830 	EXP 	prime_text: text = 'They have finished the work'
574.2830 	EXP 	target_text: height = np.float64(0.05)
574.2830 	EXP 	target_text: height = np.float64(0.05)
574.2830 	EXP 	target_text: height = np.float64(0.05)
574.2830 	EXP 	target_text: text = 'They work the have finished'
574.2830 	EXP 	fix_text: autoDraw = True
574.5289 	EXP 	fix_text: autoDraw = False
574.5289 	EXP 	blank1_bg: autoDraw = True
574.7277 	EXP 	blank1_bg: autoDraw = False
574.7277 	EXP 	prime_text: autoDraw = True
574.9215 	EXP 	prime_text: autoDraw = False
574.9279 	EXP 	blank2_bg: autoDraw = True
575.0276 	INFO 	Keyboard events cleared
575.0275 	EXP 	blank2_bg: autoDraw = False
575.0275 	EXP 	target_text: autoDraw = True
577.9565 	EXP 	Device response: <KeyPress from None: t=577.953460624005, value=left, duration=None>
577.9647 	DATA 	Keypress: left
577.9689 	EXP 	fix_text: autoDraw = False
577.9689 	EXP 	blank1_bg: autoDraw = False
577.9689 	EXP 	prime_text: autoDraw = False
577.9689 	EXP 	blank2_bg: autoDraw = False
577.9689 	EXP 	target_text: autoDraw = False
577.9689 	EXP 	greenCircle: autoDraw = True
577.9689 	EXP 	redCrosss: autoDraw = True
578.1391 	EXP 	Device response: <KeyPress from None: t=577.953460624005, value=left, duration=0.1779916669911472>
578.1541 	EXP 	blank3_bg: autoDraw = True
578.1616 	EXP 	greenCircle: autoDraw = False
578.1616 	EXP 	redCrosss: autoDraw = False
578.9387 	EXP 	New trial (rep=9, index=13): <Trial 157 (13 in rep 9) data={'prime': 'The dog is barking loudly', 'target': 'The loudly is barking dog', 'condition': 'repetition_unrelated', 'correctAns': 'left', 'thisN': 157, 'thisTrialN': 13, 'thisRepN': 9}>
578.9539 	EXP 	blank3_bg: autoDraw = False
578.9539 	EXP 	blank3_bg: autoDraw = False
578.9539 	EXP 	greenCircle: autoDraw = False
578.9539 	EXP 	redCrosss: autoDraw = False
578.9539 	EXP 	prime_text: height = np.float64(0.05)
578.9539 	EXP 	prime_text: height = np.float64(0.05)
578.9539 	EXP 	prime_text: height = np.float64(0.05)
578.9539 	EXP 	prime_text: text = 'The dog is barking loudly'
578.9539 	EXP 	target_text: height = np.float64(0.05)
578.9539 	EXP 	target_text: height = np.float64(0.05)
578.9539 	EXP 	target_text: height = np.float64(0.05)
578.9539 	EXP 	target_text: text = 'The loudly is barking dog'
578.9582 	EXP 	fix_text: autoDraw = True
579.2050 	EXP 	fix_text: autoDraw = False
579.2050 	EXP 	blank1_bg: autoDraw = True
579.3922 	EXP 	blank1_bg: autoDraw = False
579.4048 	EXP 	prime_text: autoDraw = True
579.5924 	EXP 	prime_text: autoDraw = False
579.6048 	EXP 	blank2_bg: autoDraw = True
579.6933 	EXP 	blank2_bg: autoDraw = False
579.7051 	INFO 	Keyboard events cleared
579.7049 	EXP 	target_text: autoDraw = True
584.4062 	EXP 	Device response: <KeyPress from None: t=584.3993926660041, value=left, duration=None>
584.4137 	DATA 	Keypress: left
584.4181 	EXP 	fix_text: autoDraw = False
584.4181 	EXP 	blank1_bg: autoDraw = False
584.4181 	EXP 	prime_text: autoDraw = False
584.4181 	EXP 	blank2_bg: autoDraw = False
584.4181 	EXP 	target_text: autoDraw = False
584.4181 	EXP 	greenCircle: autoDraw = True
584.4181 	EXP 	redCrosss: autoDraw = True
584.5791 	EXP 	Device response: <KeyPress from None: t=584.3993926660041, value=left, duration=0.17391512499307282>
584.6052 	EXP 	blank3_bg: autoDraw = True
584.6122 	EXP 	greenCircle: autoDraw = False
584.6122 	EXP 	redCrosss: autoDraw = False
585.3951 	EXP 	New trial (rep=9, index=14): <Trial 158 (14 in rep 9) data={'prime': 'She does not like apples', 'target': 'She not does like apples', 'condition': 'transposition_related', 'correctAns': 'right', 'thisN': 158, 'thisTrialN': 14, 'thisRepN': 9}>
585.4102 	EXP 	blank3_bg: autoDraw = False
585.4102 	EXP 	blank3_bg: autoDraw = False
585.4102 	EXP 	greenCircle: autoDraw = False
585.4102 	EXP 	redCrosss: autoDraw = False
585.4102 	EXP 	prime_text: height = np.float64(0.05)
585.4102 	EXP 	prime_text: height = np.float64(0.05)
585.4102 	EXP 	prime_text: height = np.float64(0.05)
585.4102 	EXP 	prime_text: text = 'She does not like apples'
585.4102 	EXP 	target_text: height = np.float64(0.05)
585.4102 	EXP 	target_text: height = np.float64(0.05)
585.4102 	EXP 	target_text: height = np.float64(0.05)
585.4102 	EXP 	target_text: text = 'She not does like apples'
585.4102 	EXP 	fix_text: autoDraw = True
585.6551 	EXP 	fix_text: autoDraw = False
585.6551 	EXP 	blank1_bg: autoDraw = True
585.8423 	EXP 	blank1_bg: autoDraw = False
585.8549 	EXP 	prime_text: autoDraw = True
586.0438 	EXP 	prime_text: autoDraw = False
586.0549 	EXP 	blank2_bg: autoDraw = True
586.1429 	EXP 	blank2_bg: autoDraw = False
586.1552 	INFO 	Keyboard events cleared
586.1550 	EXP 	target_text: autoDraw = True
587.0900 	EXP 	Device response: <KeyPress from None: t=587.0829529990006, value=left, duration=None>
587.0983 	DATA 	Keypress: left
587.1025 	EXP 	fix_text: autoDraw = False
587.1025 	EXP 	blank1_bg: autoDraw = False
587.1025 	EXP 	prime_text: autoDraw = False
587.1025 	EXP 	blank2_bg: autoDraw = False
587.1025 	EXP 	target_text: autoDraw = False
587.1025 	EXP 	greenCircle: autoDraw = True
587.1025 	EXP 	redCrosss: autoDraw = True
587.2622 	EXP 	Device response: <KeyPress from None: t=587.0829529990006, value=left, duration=0.17234000000462402>
587.2881 	EXP 	blank3_bg: autoDraw = True
587.2963 	EXP 	greenCircle: autoDraw = False
587.2963 	EXP 	redCrosss: autoDraw = False
588.0715 	EXP 	New trial (rep=9, index=15): <Trial 159 (15 in rep 9) data={'prime': 'She does not like apples', 'target': 'She like does apples not', 'condition': 'transposition_unrelated', 'correctAns': 'left', 'thisN': 159, 'thisTrialN': 15, 'thisRepN': 9}>
588.0824 	EXP 	blank3_bg: autoDraw = False
588.0824 	EXP 	blank3_bg: autoDraw = False
588.0824 	EXP 	greenCircle: autoDraw = False
588.0824 	EXP 	redCrosss: autoDraw = False
588.0824 	EXP 	prime_text: text = 'She does not like apples'
588.0824 	EXP 	target_text: height = np.float64(0.05)
588.0824 	EXP 	target_text: height = np.float64(0.05)
588.0824 	EXP 	target_text: height = np.float64(0.05)
588.0824 	EXP 	target_text: text = 'She like does apples not'
588.0866 	EXP 	fix_text: autoDraw = True
588.3267 	EXP 	fix_text: autoDraw = False
588.3382 	EXP 	blank1_bg: autoDraw = True
588.5262 	EXP 	blank1_bg: autoDraw = False
588.5383 	EXP 	prime_text: autoDraw = True
588.7254 	EXP 	prime_text: autoDraw = False
588.7382 	EXP 	blank2_bg: autoDraw = True
588.8265 	EXP 	blank2_bg: autoDraw = False
588.8385 	INFO 	Keyboard events cleared
588.8383 	EXP 	target_text: autoDraw = True
590.6398 	EXP 	Device response: <KeyPress from None: t=590.6289372489991, value=left, duration=None>
590.6475 	DATA 	Keypress: left
590.6516 	EXP 	fix_text: autoDraw = False
590.6516 	EXP 	blank1_bg: autoDraw = False
590.6516 	EXP 	prime_text: autoDraw = False
590.6516 	EXP 	blank2_bg: autoDraw = False
590.6516 	EXP 	target_text: autoDraw = False
590.6516 	EXP 	greenCircle: autoDraw = True
590.6516 	EXP 	redCrosss: autoDraw = True
590.7896 	EXP 	Device response: <KeyPress from None: t=590.6289372489991, value=left, duration=0.1522172090044478>
590.8381 	EXP 	blank3_bg: autoDraw = True
590.8454 	EXP 	greenCircle: autoDraw = False
590.8454 	EXP 	redCrosss: autoDraw = False
591.6215 	EXP 	New trial (rep=10, index=0): <Trial 160 (0 in rep 10) data={'prime': 'The dog is barking loudly', 'target': 'The barking dog loudly is', 'condition': 'transposition_unrelated', 'correctAns': 'left', 'thisN': 160, 'thisTrialN': 0, 'thisRepN': 10}>
591.6365 	EXP 	blank3_bg: autoDraw = False
591.6365 	EXP 	blank3_bg: autoDraw = False
591.6365 	EXP 	greenCircle: autoDraw = False
591.6365 	EXP 	redCrosss: autoDraw = False
591.6365 	EXP 	prime_text: height = np.float64(0.05)
591.6365 	EXP 	prime_text: height = np.float64(0.05)
591.6365 	EXP 	prime_text: height = np.float64(0.05)
591.6365 	EXP 	prime_text: text = 'The dog is barking loudly'
591.6365 	EXP 	target_text: height = np.float64(0.05)
591.6365 	EXP 	target_text: height = np.float64(0.05)
591.6365 	EXP 	target_text: height = np.float64(0.05)
591.6365 	EXP 	target_text: text = 'The barking dog loudly is'
591.6409 	EXP 	fix_text: autoDraw = True
591.8882 	EXP 	fix_text: autoDraw = False
591.8882 	EXP 	blank1_bg: autoDraw = True
592.0882 	EXP 	blank1_bg: autoDraw = False
592.0882 	EXP 	prime_text: autoDraw = True
592.2767 	EXP 	prime_text: autoDraw = False
592.2883 	EXP 	blank2_bg: autoDraw = True
592.3754 	EXP 	blank2_bg: autoDraw = False
592.3884 	INFO 	Keyboard events cleared
592.3882 	EXP 	target_text: autoDraw = True
593.5234 	EXP 	Device response: <KeyPress from None: t=593.5138164579985, value=left, duration=None>
593.5306 	DATA 	Keypress: left
593.5346 	EXP 	fix_text: autoDraw = False
593.5346 	EXP 	blank1_bg: autoDraw = False
593.5346 	EXP 	prime_text: autoDraw = False
593.5346 	EXP 	blank2_bg: autoDraw = False
593.5346 	EXP 	target_text: autoDraw = False
593.5346 	EXP 	greenCircle: autoDraw = True
593.5346 	EXP 	redCrosss: autoDraw = True
593.6564 	EXP 	Device response: <KeyPress from None: t=593.5138164579985, value=left, duration=0.13643395800318103>
593.7204 	EXP 	blank3_bg: autoDraw = True
593.7278 	EXP 	greenCircle: autoDraw = False
593.7278 	EXP 	redCrosss: autoDraw = False
594.5051 	EXP 	New trial (rep=10, index=1): <Trial 161 (1 in rep 10) data={'prime': 'They have finished the work', 'target': 'They have finished the work', 'condition': 'repetition_related', 'correctAns': 'right', 'thisN': 161, 'thisTrialN': 1, 'thisRepN': 10}>
594.5203 	EXP 	blank3_bg: autoDraw = False
594.5203 	EXP 	blank3_bg: autoDraw = False
594.5203 	EXP 	greenCircle: autoDraw = False
594.5203 	EXP 	redCrosss: autoDraw = False
594.5203 	EXP 	prime_text: height = np.float64(0.05)
594.5203 	EXP 	prime_text: height = np.float64(0.05)
594.5203 	EXP 	prime_text: height = np.float64(0.05)
594.5203 	EXP 	prime_text: text = 'They have finished the work'
594.5203 	EXP 	target_text: height = np.float64(0.05)
594.5203 	EXP 	target_text: height = np.float64(0.05)
594.5203 	EXP 	target_text: height = np.float64(0.05)
594.5203 	EXP 	target_text: text = 'They have finished the work'
594.5247 	EXP 	fix_text: autoDraw = True
594.7712 	EXP 	fix_text: autoDraw = False
594.7712 	EXP 	blank1_bg: autoDraw = True
594.9601 	EXP 	blank1_bg: autoDraw = False
594.9713 	EXP 	prime_text: autoDraw = True
595.1592 	EXP 	prime_text: autoDraw = False
595.1713 	EXP 	blank2_bg: autoDraw = True
595.2597 	EXP 	blank2_bg: autoDraw = False
595.2718 	INFO 	Keyboard events cleared
595.2716 	EXP 	target_text: autoDraw = True
597.7234 	EXP 	Device response: <KeyPress from None: t=597.7202965409961, value=right, duration=None>
597.7307 	DATA 	Keypress: right
597.7349 	EXP 	fix_text: autoDraw = False
597.7349 	EXP 	blank1_bg: autoDraw = False
597.7349 	EXP 	prime_text: autoDraw = False
597.7349 	EXP 	blank2_bg: autoDraw = False
597.7349 	EXP 	target_text: autoDraw = False
597.7349 	EXP 	greenCircle: autoDraw = True
597.7349 	EXP 	redCrosss: autoDraw = True
597.9217 	EXP 	blank3_bg: autoDraw = True
597.9234 	EXP 	Device response: <KeyPress from None: t=597.7202965409961, value=right, duration=0.19793720800953452>
597.9327 	EXP 	greenCircle: autoDraw = False
597.9327 	EXP 	redCrosss: autoDraw = False
598.7113 	EXP 	New trial (rep=10, index=2): <Trial 162 (2 in rep 10) data={'prime': 'They have finished the work', 'target': 'They work the have finished', 'condition': 'transposition_unrelated', 'correctAns': 'left', 'thisN': 162, 'thisTrialN': 2, 'thisRepN': 10}>
598.7378 	EXP 	blank3_bg: autoDraw = False
598.7378 	EXP 	blank3_bg: autoDraw = False
598.7378 	EXP 	greenCircle: autoDraw = False
598.7378 	EXP 	redCrosss: autoDraw = False
598.7378 	EXP 	prime_text: text = 'They have finished the work'
598.7378 	EXP 	target_text: height = np.float64(0.05)
598.7378 	EXP 	target_text: height = np.float64(0.05)
598.7378 	EXP 	target_text: height = np.float64(0.05)
598.7378 	EXP 	target_text: text = 'They work the have finished'
598.7378 	EXP 	fix_text: autoDraw = True
598.9706 	EXP 	blank1_bg: autoDraw = True
598.9791 	EXP 	fix_text: autoDraw = False
599.1570 	EXP 	blank1_bg: autoDraw = False
599.1716 	EXP 	prime_text: autoDraw = True
599.3601 	EXP 	prime_text: autoDraw = False
599.3716 	EXP 	blank2_bg: autoDraw = True
599.4602 	EXP 	blank2_bg: autoDraw = False
599.4718 	INFO 	Keyboard events cleared
599.4716 	EXP 	target_text: autoDraw = True
600.3900 	EXP 	Device response: <KeyPress from None: t=600.3858493330044, value=left, duration=None>
600.3978 	DATA 	Keypress: left
600.4020 	EXP 	fix_text: autoDraw = False
600.4020 	EXP 	blank1_bg: autoDraw = False
600.4020 	EXP 	prime_text: autoDraw = False
600.4020 	EXP 	blank2_bg: autoDraw = False
600.4020 	EXP 	target_text: autoDraw = False
600.4020 	EXP 	greenCircle: autoDraw = True
600.4020 	EXP 	redCrosss: autoDraw = True
600.5731 	EXP 	Device response: <KeyPress from None: t=600.3858493330044, value=left, duration=0.17693083299673162>
600.5871 	EXP 	blank3_bg: autoDraw = True
600.5937 	EXP 	greenCircle: autoDraw = False
600.5937 	EXP 	redCrosss: autoDraw = False
601.3710 	EXP 	New trial (rep=10, index=3): <Trial 163 (3 in rep 10) data={'prime': 'She does not like apples', 'target': 'She not does like apples', 'condition': 'transposition_related', 'correctAns': 'right', 'thisN': 163, 'thisTrialN': 3, 'thisRepN': 10}>
601.3861 	EXP 	blank3_bg: autoDraw = False
601.3861 	EXP 	blank3_bg: autoDraw = False
601.3861 	EXP 	greenCircle: autoDraw = False
601.3861 	EXP 	redCrosss: autoDraw = False
601.3861 	EXP 	prime_text: height = np.float64(0.05)
601.3861 	EXP 	prime_text: height = np.float64(0.05)
601.3861 	EXP 	prime_text: height = np.float64(0.05)
601.3861 	EXP 	prime_text: text = 'She does not like apples'
601.3861 	EXP 	target_text: height = np.float64(0.05)
601.3861 	EXP 	target_text: height = np.float64(0.05)
601.3861 	EXP 	target_text: height = np.float64(0.05)
601.3861 	EXP 	target_text: text = 'She not does like apples'
601.3900 	EXP 	fix_text: autoDraw = True
601.6383 	EXP 	fix_text: autoDraw = False
601.6383 	EXP 	blank1_bg: autoDraw = True
601.8268 	EXP 	blank1_bg: autoDraw = False
601.8383 	EXP 	prime_text: autoDraw = True
602.0266 	EXP 	prime_text: autoDraw = False
602.0383 	EXP 	blank2_bg: autoDraw = True
602.1267 	EXP 	blank2_bg: autoDraw = False
602.1384 	INFO 	Keyboard events cleared
602.1382 	EXP 	target_text: autoDraw = True
603.8236 	EXP 	Device response: <KeyPress from None: t=603.8147009990062, value=left, duration=None>
603.8317 	DATA 	Keypress: left
603.8361 	EXP 	fix_text: autoDraw = False
603.8361 	EXP 	blank1_bg: autoDraw = False
603.8361 	EXP 	prime_text: autoDraw = False
603.8361 	EXP 	blank2_bg: autoDraw = False
603.8361 	EXP 	target_text: autoDraw = False
603.8361 	EXP 	greenCircle: autoDraw = True
603.8361 	EXP 	redCrosss: autoDraw = True
603.9459 	EXP 	Device response: <KeyPress from None: t=603.8147009990062, value=left, duration=0.12825916698784567>
604.0210 	EXP 	blank3_bg: autoDraw = True
604.0286 	EXP 	greenCircle: autoDraw = False
604.0286 	EXP 	redCrosss: autoDraw = False
604.8111 	EXP 	New trial (rep=10, index=4): <Trial 164 (4 in rep 10) data={'prime': 'She does not like apples', 'target': 'She like does apples not', 'condition': 'transposition_unrelated', 'correctAns': 'left', 'thisN': 164, 'thisTrialN': 4, 'thisRepN': 10}>
604.8379 	EXP 	blank3_bg: autoDraw = False
604.8379 	EXP 	blank3_bg: autoDraw = False
604.8379 	EXP 	greenCircle: autoDraw = False
604.8379 	EXP 	redCrosss: autoDraw = False
604.8379 	EXP 	prime_text: text = 'She does not like apples'
604.8379 	EXP 	target_text: height = np.float64(0.05)
604.8379 	EXP 	target_text: height = np.float64(0.05)
604.8379 	EXP 	target_text: height = np.float64(0.05)
604.8379 	EXP 	target_text: text = 'She like does apples not'
604.8379 	EXP 	fix_text: autoDraw = True
605.0712 	EXP 	blank1_bg: autoDraw = True
605.0777 	EXP 	fix_text: autoDraw = False
605.2589 	EXP 	blank1_bg: autoDraw = False
605.2714 	EXP 	prime_text: autoDraw = True
605.4600 	EXP 	prime_text: autoDraw = False
605.4715 	EXP 	blank2_bg: autoDraw = True
605.5588 	EXP 	blank2_bg: autoDraw = False
605.5716 	INFO 	Keyboard events cleared
605.5714 	EXP 	target_text: autoDraw = True
606.4789 	EXP 	Device response: <KeyPress from None: t=606.473710582999, value=left, duration=None>
606.4857 	DATA 	Keypress: left
606.4902 	EXP 	fix_text: autoDraw = False
606.4902 	EXP 	blank1_bg: autoDraw = False
606.4902 	EXP 	prime_text: autoDraw = False
606.4902 	EXP 	blank2_bg: autoDraw = False
606.4902 	EXP 	target_text: autoDraw = False
606.4902 	EXP 	greenCircle: autoDraw = True
606.4902 	EXP 	redCrosss: autoDraw = True
606.6226 	EXP 	Device response: <KeyPress from None: t=606.473710582999, value=left, duration=0.14027437499316875>
606.6808 	EXP 	blank3_bg: autoDraw = True
606.6867 	EXP 	greenCircle: autoDraw = False
606.6867 	EXP 	redCrosss: autoDraw = False
607.4711 	EXP 	New trial (rep=10, index=5): <Trial 165 (5 in rep 10) data={'prime': 'The dog is barking loudly', 'target': 'The loudly is barking dog', 'condition': 'repetition_unrelated', 'correctAns': 'left', 'thisN': 165, 'thisTrialN': 5, 'thisRepN': 10}>
607.4866 	EXP 	blank3_bg: autoDraw = False
607.4866 	EXP 	blank3_bg: autoDraw = False
607.4866 	EXP 	greenCircle: autoDraw = False
607.4866 	EXP 	redCrosss: autoDraw = False
607.4866 	EXP 	prime_text: height = np.float64(0.05)
607.4866 	EXP 	prime_text: height = np.float64(0.05)
607.4866 	EXP 	prime_text: height = np.float64(0.05)
607.4866 	EXP 	prime_text: text = 'The dog is barking loudly'
607.4866 	EXP 	target_text: height = np.float64(0.05)
607.4866 	EXP 	target_text: height = np.float64(0.05)
607.4866 	EXP 	target_text: height = np.float64(0.05)
607.4866 	EXP 	target_text: text = 'The loudly is barking dog'
607.4866 	EXP 	fix_text: autoDraw = True
607.7298 	EXP 	fix_text: autoDraw = False
607.7298 	EXP 	blank1_bg: autoDraw = True
607.9207 	EXP 	prime_text: autoDraw = True
607.9262 	EXP 	blank1_bg: autoDraw = False
608.1092 	EXP 	prime_text: autoDraw = False
608.1280 	EXP 	blank2_bg: autoDraw = True
608.2215 	EXP 	blank2_bg: autoDraw = False
608.2279 	INFO 	Keyboard events cleared
608.2278 	EXP 	target_text: autoDraw = True
609.4896 	EXP 	Device response: <KeyPress from None: t=609.4825506659981, value=left, duration=None>
609.4968 	DATA 	Keypress: left
609.5010 	EXP 	fix_text: autoDraw = False
609.5010 	EXP 	blank1_bg: autoDraw = False
609.5010 	EXP 	prime_text: autoDraw = False
609.5010 	EXP 	blank2_bg: autoDraw = False
609.5010 	EXP 	target_text: autoDraw = False
609.5010 	EXP 	greenCircle: autoDraw = True
609.5010 	EXP 	redCrosss: autoDraw = True
609.6728 	EXP 	Device response: <KeyPress from None: t=609.4825506659981, value=left, duration=0.18444549999549054>
609.6873 	EXP 	blank3_bg: autoDraw = True
609.6942 	EXP 	greenCircle: autoDraw = False
609.6942 	EXP 	redCrosss: autoDraw = False
610.4705 	EXP 	New trial (rep=10, index=6): <Trial 166 (6 in rep 10) data={'prime': 'The boy can read fast', 'target': 'The boy can read fast', 'condition': 'transposition_related', 'correctAns': 'right', 'thisN': 166, 'thisTrialN': 6, 'thisRepN': 10}>
610.4837 	EXP 	blank3_bg: autoDraw = False
610.4837 	EXP 	blank3_bg: autoDraw = False
610.4837 	EXP 	greenCircle: autoDraw = False
610.4837 	EXP 	redCrosss: autoDraw = False
610.4837 	EXP 	prime_text: height = np.float64(0.05)
610.4837 	EXP 	prime_text: height = np.float64(0.05)
610.4837 	EXP 	prime_text: height = np.float64(0.05)
610.4837 	EXP 	prime_text: text = 'The boy can read fast'
610.4837 	EXP 	target_text: height = np.float64(0.05)
610.4837 	EXP 	target_text: height = np.float64(0.05)
610.4837 	EXP 	target_text: height = np.float64(0.05)
610.4837 	EXP 	target_text: text = 'The boy can read fast'
610.4891 	EXP 	fix_text: autoDraw = True
610.7268 	EXP 	fix_text: autoDraw = False
610.7383 	EXP 	blank1_bg: autoDraw = True
610.9378 	EXP 	blank1_bg: autoDraw = False
610.9378 	EXP 	prime_text: autoDraw = True
611.1268 	EXP 	prime_text: autoDraw = False
611.1380 	EXP 	blank2_bg: autoDraw = True
611.2267 	EXP 	blank2_bg: autoDraw = False
611.2385 	INFO 	Keyboard events cleared
611.2382 	EXP 	target_text: autoDraw = True
611.9120 	EXP 	Device response: <KeyPress from None: t=611.9055308329989, value=right, duration=None>
611.9189 	DATA 	Keypress: right
611.9239 	EXP 	fix_text: autoDraw = False
611.9239 	EXP 	blank1_bg: autoDraw = False
611.9239 	EXP 	prime_text: autoDraw = False
611.9239 	EXP 	blank2_bg: autoDraw = False
611.9239 	EXP 	target_text: autoDraw = False
611.9239 	EXP 	greenCircle: autoDraw = True
611.9239 	EXP 	redCrosss: autoDraw = True
612.1131 	EXP 	blank3_bg: autoDraw = True
612.1213 	EXP 	greenCircle: autoDraw = False
612.1213 	EXP 	redCrosss: autoDraw = False
612.1300 	EXP 	Device response: <KeyPress from None: t=611.9055308329989, value=right, duration=0.22031287499703467>
612.8969 	EXP 	New trial (rep=10, index=7): <Trial 167 (7 in rep 10) data={'prime': 'The boy can read fast', 'target': 'The read can boy fast', 'condition': 'repetition_unrelated', 'correctAns': 'left', 'thisN': 167, 'thisTrialN': 7, 'thisRepN': 10}>
612.9071 	EXP 	blank3_bg: autoDraw = False
612.9071 	EXP 	blank3_bg: autoDraw = False
612.9071 	EXP 	greenCircle: autoDraw = False
612.9071 	EXP 	redCrosss: autoDraw = False
612.9071 	EXP 	prime_text: text = 'The boy can read fast'
612.9071 	EXP 	target_text: height = np.float64(0.05)
612.9071 	EXP 	target_text: height = np.float64(0.05)
612.9071 	EXP 	target_text: height = np.float64(0.05)
612.9071 	EXP 	target_text: text = 'The read can boy fast'
612.9071 	EXP 	fix_text: autoDraw = True
613.1547 	EXP 	fix_text: autoDraw = False
613.1625 	EXP 	blank1_bg: autoDraw = True
613.3604 	EXP 	blank1_bg: autoDraw = False
613.3604 	EXP 	prime_text: autoDraw = True
613.5548 	EXP 	prime_text: autoDraw = False
613.5606 	EXP 	blank2_bg: autoDraw = True
613.6549 	EXP 	blank2_bg: autoDraw = False
613.6620 	INFO 	Keyboard events cleared
613.6618 	EXP 	target_text: autoDraw = True
614.3454 	EXP 	Device response: <KeyPress from None: t=614.3424117910035, value=left, duration=None>
614.3525 	DATA 	Keypress: left
614.3571 	EXP 	fix_text: autoDraw = False
614.3571 	EXP 	blank1_bg: autoDraw = False
614.3571 	EXP 	prime_text: autoDraw = False
614.3571 	EXP 	blank2_bg: autoDraw = False
614.3571 	EXP 	target_text: autoDraw = False
614.3571 	EXP 	greenCircle: autoDraw = True
614.3571 	EXP 	redCrosss: autoDraw = True
614.5120 	EXP 	Device response: <KeyPress from None: t=614.3424117910035, value=left, duration=0.16442658299638424>
614.5465 	EXP 	blank3_bg: autoDraw = True
614.5533 	EXP 	greenCircle: autoDraw = False
614.5533 	EXP 	redCrosss: autoDraw = False
615.3390 	EXP 	New trial (rep=10, index=8): <Trial 168 (8 in rep 10) data={'prime': 'She does not like apples', 'target': 'She not does like apples', 'condition': 'repetition_unrelated', 'correctAns': 'left', 'thisN': 168, 'thisTrialN': 8, 'thisRepN': 10}>
615.3550 	EXP 	blank3_bg: autoDraw = False
615.3550 	EXP 	blank3_bg: autoDraw = False
615.3550 	EXP 	greenCircle: autoDraw = False
615.3550 	EXP 	redCrosss: autoDraw = False
615.3550 	EXP 	prime_text: height = np.float64(0.05)
615.3550 	EXP 	prime_text: height = np.float64(0.05)
615.3550 	EXP 	prime_text: height = np.float64(0.05)
615.3550 	EXP 	prime_text: text = 'She does not like apples'
615.3550 	EXP 	target_text: height = np.float64(0.05)
615.3550 	EXP 	target_text: height = np.float64(0.05)
615.3550 	EXP 	target_text: height = np.float64(0.05)
615.3550 	EXP 	target_text: text = 'She not does like apples'
615.3550 	EXP 	fix_text: autoDraw = True
615.5957 	EXP 	fix_text: autoDraw = False
615.5957 	EXP 	blank1_bg: autoDraw = True
615.7949 	EXP 	blank1_bg: autoDraw = False
615.7949 	EXP 	prime_text: autoDraw = True
615.9882 	EXP 	prime_text: autoDraw = False
615.9946 	EXP 	blank2_bg: autoDraw = True
616.0882 	EXP 	blank2_bg: autoDraw = False
616.0952 	INFO 	Keyboard events cleared
616.0951 	EXP 	target_text: autoDraw = True
617.6121 	EXP 	Device response: <KeyPress from None: t=617.6054231659946, value=left, duration=None>
617.6188 	DATA 	Keypress: left
617.6234 	EXP 	fix_text: autoDraw = False
617.6234 	EXP 	blank1_bg: autoDraw = False
617.6234 	EXP 	prime_text: autoDraw = False
617.6234 	EXP 	blank2_bg: autoDraw = False
617.6234 	EXP 	target_text: autoDraw = False
617.6234 	EXP 	greenCircle: autoDraw = True
617.6234 	EXP 	redCrosss: autoDraw = True
617.7615 	EXP 	Device response: <KeyPress from None: t=617.6054231659946, value=left, duration=0.1522800829989137>
617.8129 	EXP 	blank3_bg: autoDraw = True
617.8200 	EXP 	greenCircle: autoDraw = False
617.8200 	EXP 	redCrosss: autoDraw = False
618.6057 	EXP 	New trial (rep=10, index=9): <Trial 169 (9 in rep 10) data={'prime': 'She does not like apples', 'target': 'She does not like apples', 'condition': 'repetition_related', 'correctAns': 'right', 'thisN': 169, 'thisTrialN': 9, 'thisRepN': 10}>
618.6175 	EXP 	blank3_bg: autoDraw = False
618.6175 	EXP 	blank3_bg: autoDraw = False
618.6175 	EXP 	greenCircle: autoDraw = False
618.6175 	EXP 	redCrosss: autoDraw = False
618.6175 	EXP 	prime_text: text = 'She does not like apples'
618.6175 	EXP 	target_text: height = np.float64(0.05)
618.6175 	EXP 	target_text: height = np.float64(0.05)
618.6175 	EXP 	target_text: height = np.float64(0.05)
618.6175 	EXP 	target_text: text = 'She does not like apples'
618.6175 	EXP 	fix_text: autoDraw = True
618.8629 	EXP 	fix_text: autoDraw = False
618.8629 	EXP 	blank1_bg: autoDraw = True
619.0547 	EXP 	blank1_bg: autoDraw = False
619.0547 	EXP 	prime_text: autoDraw = True
619.2435 	EXP 	prime_text: autoDraw = False
619.2611 	EXP 	blank2_bg: autoDraw = True
619.3618 	INFO 	Keyboard events cleared
619.3616 	EXP 	blank2_bg: autoDraw = False
619.3616 	EXP 	target_text: autoDraw = True
622.5288 	EXP 	Device response: <KeyPress from None: t=622.524619415999, value=right, duration=None>
622.5361 	DATA 	Keypress: right
622.5407 	EXP 	fix_text: autoDraw = False
622.5407 	EXP 	blank1_bg: autoDraw = False
622.5407 	EXP 	prime_text: autoDraw = False
622.5407 	EXP 	blank2_bg: autoDraw = False
622.5407 	EXP 	target_text: autoDraw = False
622.5407 	EXP 	greenCircle: autoDraw = True
622.5407 	EXP 	redCrosss: autoDraw = True
622.7303 	EXP 	blank3_bg: autoDraw = True
622.7315 	EXP 	Device response: <KeyPress from None: t=622.524619415999, value=right, duration=0.2058958330017049>
622.7385 	EXP 	greenCircle: autoDraw = False
622.7385 	EXP 	redCrosss: autoDraw = False
623.5214 	EXP 	New trial (rep=10, index=10): <Trial 170 (10 in rep 10) data={'prime': 'The dog is barking loudly', 'target': 'The dog barking is loudly', 'condition': 'transposition_related', 'correctAns': 'right', 'thisN': 170, 'thisTrialN': 10, 'thisRepN': 10}>
623.5367 	EXP 	blank3_bg: autoDraw = False
623.5367 	EXP 	blank3_bg: autoDraw = False
623.5367 	EXP 	greenCircle: autoDraw = False
623.5367 	EXP 	redCrosss: autoDraw = False
623.5367 	EXP 	prime_text: height = np.float64(0.05)
623.5367 	EXP 	prime_text: height = np.float64(0.05)
623.5367 	EXP 	prime_text: height = np.float64(0.05)
623.5367 	EXP 	prime_text: text = 'The dog is barking loudly'
623.5367 	EXP 	target_text: height = np.float64(0.05)
623.5367 	EXP 	target_text: height = np.float64(0.05)
623.5367 	EXP 	target_text: height = np.float64(0.05)
623.5367 	EXP 	target_text: text = 'The dog barking is loudly'
623.5367 	EXP 	fix_text: autoDraw = True
623.7793 	EXP 	fix_text: autoDraw = False
623.7793 	EXP 	blank1_bg: autoDraw = True
623.9764 	EXP 	blank1_bg: autoDraw = False
623.9764 	EXP 	prime_text: autoDraw = True
624.1716 	EXP 	prime_text: autoDraw = False
624.1780 	EXP 	blank2_bg: autoDraw = True
624.2779 	INFO 	Keyboard events cleared
624.2778 	EXP 	blank2_bg: autoDraw = False
624.2778 	EXP 	target_text: autoDraw = True
626.1896 	EXP 	Device response: <KeyPress from None: t=626.1802363330062, value=left, duration=None>
626.1965 	DATA 	Keypress: left
626.2006 	EXP 	fix_text: autoDraw = False
626.2006 	EXP 	blank1_bg: autoDraw = False
626.2006 	EXP 	prime_text: autoDraw = False
626.2006 	EXP 	blank2_bg: autoDraw = False
626.2006 	EXP 	target_text: autoDraw = False
626.2006 	EXP 	greenCircle: autoDraw = True
626.2006 	EXP 	redCrosss: autoDraw = True
626.3782 	EXP 	Device response: <KeyPress from None: t=626.1802363330062, value=left, duration=0.19216970799607225>
626.3871 	EXP 	blank3_bg: autoDraw = True
626.3937 	EXP 	greenCircle: autoDraw = False
626.3937 	EXP 	redCrosss: autoDraw = False
627.1718 	EXP 	New trial (rep=10, index=11): <Trial 171 (11 in rep 10) data={'prime': 'The boy can read fast', 'target': 'The read can boy fast', 'condition': 'transposition_unrelated', 'correctAns': 'left', 'thisN': 171, 'thisTrialN': 11, 'thisRepN': 10}>
627.1864 	EXP 	blank3_bg: autoDraw = False
627.1864 	EXP 	blank3_bg: autoDraw = False
627.1864 	EXP 	greenCircle: autoDraw = False
627.1864 	EXP 	redCrosss: autoDraw = False
627.1864 	EXP 	prime_text: height = np.float64(0.05)
627.1864 	EXP 	prime_text: height = np.float64(0.05)
627.1864 	EXP 	prime_text: height = np.float64(0.05)
627.1864 	EXP 	prime_text: text = 'The boy can read fast'
627.1864 	EXP 	target_text: height = np.float64(0.05)
627.1864 	EXP 	target_text: height = np.float64(0.05)
627.1864 	EXP 	target_text: height = np.float64(0.05)
627.1864 	EXP 	target_text: text = 'The read can boy fast'
627.1907 	EXP 	fix_text: autoDraw = True
627.4383 	EXP 	fix_text: autoDraw = False
627.4383 	EXP 	blank1_bg: autoDraw = True
627.6380 	EXP 	blank1_bg: autoDraw = False
627.6380 	EXP 	prime_text: autoDraw = True
627.8253 	EXP 	prime_text: autoDraw = False
627.8381 	EXP 	blank2_bg: autoDraw = True
627.9263 	EXP 	blank2_bg: autoDraw = False
627.9381 	INFO 	Keyboard events cleared
627.9379 	EXP 	target_text: autoDraw = True
630.1062 	EXP 	Device response: <KeyPress from None: t=630.098203415997, value=left, duration=None>
630.1144 	DATA 	Keypress: left
630.1187 	EXP 	fix_text: autoDraw = False
630.1187 	EXP 	blank1_bg: autoDraw = False
630.1187 	EXP 	prime_text: autoDraw = False
630.1187 	EXP 	blank2_bg: autoDraw = False
630.1187 	EXP 	target_text: autoDraw = False
630.1187 	EXP 	greenCircle: autoDraw = True
630.1187 	EXP 	redCrosss: autoDraw = True
630.2784 	EXP 	Device response: <KeyPress from None: t=630.098203415997, value=left, duration=0.17625529199722223>
630.3049 	EXP 	blank3_bg: autoDraw = True
630.3125 	EXP 	greenCircle: autoDraw = False
630.3125 	EXP 	redCrosss: autoDraw = False
631.0945 	EXP 	New trial (rep=10, index=12): <Trial 172 (12 in rep 10) data={'prime': 'They have finished the work', 'target': 'They finished have the work', 'condition': 'transposition_related', 'correctAns': 'right', 'thisN': 172, 'thisTrialN': 12, 'thisRepN': 10}>
631.1081 	EXP 	blank3_bg: autoDraw = False
631.1081 	EXP 	blank3_bg: autoDraw = False
631.1081 	EXP 	greenCircle: autoDraw = False
631.1081 	EXP 	redCrosss: autoDraw = False
631.1081 	EXP 	prime_text: height = np.float64(0.05)
631.1081 	EXP 	prime_text: height = np.float64(0.05)
631.1081 	EXP 	prime_text: height = np.float64(0.05)
631.1081 	EXP 	prime_text: text = 'They have finished the work'
631.1081 	EXP 	target_text: height = np.float64(0.05)
631.1081 	EXP 	target_text: height = np.float64(0.05)
631.1081 	EXP 	target_text: height = np.float64(0.05)
631.1081 	EXP 	target_text: text = 'They finished have the work'
631.1081 	EXP 	fix_text: autoDraw = True
631.3547 	EXP 	fix_text: autoDraw = False
631.3547 	EXP 	blank1_bg: autoDraw = True
631.5538 	EXP 	blank1_bg: autoDraw = False
631.5538 	EXP 	prime_text: autoDraw = True
631.7434 	EXP 	prime_text: autoDraw = False
631.7548 	EXP 	blank2_bg: autoDraw = True
631.8433 	EXP 	blank2_bg: autoDraw = False
631.8552 	INFO 	Keyboard events cleared
631.8549 	EXP 	target_text: autoDraw = True
634.0287 	EXP 	Device response: <KeyPress from None: t=634.0259552079951, value=left, duration=None>
634.0360 	DATA 	Keypress: left
634.0405 	EXP 	fix_text: autoDraw = False
634.0405 	EXP 	blank1_bg: autoDraw = False
634.0405 	EXP 	prime_text: autoDraw = False
634.0405 	EXP 	blank2_bg: autoDraw = False
634.0405 	EXP 	target_text: autoDraw = False
634.0405 	EXP 	greenCircle: autoDraw = True
634.0405 	EXP 	redCrosss: autoDraw = True
634.2123 	EXP 	Device response: <KeyPress from None: t=634.0259552079951, value=left, duration=0.1843202080053743>
634.2282 	EXP 	blank3_bg: autoDraw = True
634.2374 	EXP 	greenCircle: autoDraw = False
634.2374 	EXP 	redCrosss: autoDraw = False
635.0121 	EXP 	New trial (rep=10, index=13): <Trial 173 (13 in rep 10) data={'prime': 'The boy can read fast', 'target': 'The boy can read fast', 'condition': 'repetition_related', 'correctAns': 'right', 'thisN': 173, 'thisTrialN': 13, 'thisRepN': 10}>
635.0267 	EXP 	blank3_bg: autoDraw = False
635.0267 	EXP 	blank3_bg: autoDraw = False
635.0267 	EXP 	greenCircle: autoDraw = False
635.0267 	EXP 	redCrosss: autoDraw = False
635.0267 	EXP 	prime_text: height = np.float64(0.05)
635.0267 	EXP 	prime_text: height = np.float64(0.05)
635.0267 	EXP 	prime_text: height = np.float64(0.05)
635.0267 	EXP 	prime_text: text = 'The boy can read fast'
635.0267 	EXP 	target_text: height = np.float64(0.05)
635.0267 	EXP 	target_text: height = np.float64(0.05)
635.0267 	EXP 	target_text: height = np.float64(0.05)
635.0267 	EXP 	target_text: text = 'The boy can read fast'
635.0267 	EXP 	fix_text: autoDraw = True
635.2715 	EXP 	fix_text: autoDraw = False
635.2800 	EXP 	blank1_bg: autoDraw = True
635.4698 	EXP 	prime_text: autoDraw = True
635.4745 	EXP 	blank1_bg: autoDraw = False
635.6597 	EXP 	prime_text: autoDraw = False
635.6777 	EXP 	blank2_bg: autoDraw = True
635.7716 	EXP 	blank2_bg: autoDraw = False
635.7785 	INFO 	Keyboard events cleared
635.7784 	EXP 	target_text: autoDraw = True
636.8399 	EXP 	Device response: <KeyPress from None: t=636.8329309580004, value=right, duration=None>
636.8483 	DATA 	Keypress: right
636.8525 	EXP 	fix_text: autoDraw = False
636.8525 	EXP 	blank1_bg: autoDraw = False
636.8525 	EXP 	prime_text: autoDraw = False
636.8525 	EXP 	blank2_bg: autoDraw = False
636.8525 	EXP 	target_text: autoDraw = False
636.8525 	EXP 	greenCircle: autoDraw = True
636.8525 	EXP 	redCrosss: autoDraw = True
637.0119 	EXP 	Device response: <KeyPress from None: t=636.8329309580004, value=right, duration=0.17234725000162143>
637.0382 	EXP 	blank3_bg: autoDraw = True
637.0461 	EXP 	greenCircle: autoDraw = False
637.0461 	EXP 	redCrosss: autoDraw = False
637.8280 	EXP 	New trial (rep=10, index=14): <Trial 174 (14 in rep 10) data={'prime': 'The dog is barking loudly', 'target': 'The dog is barking loudly', 'condition': 'repetition_related', 'correctAns': 'right', 'thisN': 174, 'thisTrialN': 14, 'thisRepN': 10}>
637.8441 	EXP 	blank3_bg: autoDraw = False
637.8441 	EXP 	blank3_bg: autoDraw = False
637.8441 	EXP 	greenCircle: autoDraw = False
637.8441 	EXP 	redCrosss: autoDraw = False
637.8441 	EXP 	prime_text: height = np.float64(0.05)
637.8441 	EXP 	prime_text: height = np.float64(0.05)
637.8441 	EXP 	prime_text: height = np.float64(0.05)
637.8441 	EXP 	prime_text: text = 'The dog is barking loudly'
637.8441 	EXP 	target_text: height = np.float64(0.05)
637.8441 	EXP 	target_text: height = np.float64(0.05)
637.8441 	EXP 	target_text: height = np.float64(0.05)
637.8441 	EXP 	target_text: text = 'The dog is barking loudly'
637.8441 	EXP 	fix_text: autoDraw = True
638.0877 	EXP 	fix_text: autoDraw = False
638.0877 	EXP 	blank1_bg: autoDraw = True
638.2880 	EXP 	blank1_bg: autoDraw = False
638.2880 	EXP 	prime_text: autoDraw = True
638.4766 	EXP 	prime_text: autoDraw = False
638.4882 	EXP 	blank2_bg: autoDraw = True
638.5756 	EXP 	blank2_bg: autoDraw = False
638.5883 	INFO 	Keyboard events cleared
638.5881 	EXP 	target_text: autoDraw = True
640.8123 	EXP 	Device response: <KeyPress from None: t=640.8098687909951, value=right, duration=None>
640.8196 	DATA 	Keypress: right
640.8239 	EXP 	fix_text: autoDraw = False
640.8239 	EXP 	blank1_bg: autoDraw = False
640.8239 	EXP 	prime_text: autoDraw = False
640.8239 	EXP 	blank2_bg: autoDraw = False
640.8239 	EXP 	target_text: autoDraw = False
640.8239 	EXP 	greenCircle: autoDraw = True
640.8239 	EXP 	redCrosss: autoDraw = True
641.0131 	EXP 	blank3_bg: autoDraw = True
641.0198 	EXP 	greenCircle: autoDraw = False
641.0198 	EXP 	redCrosss: autoDraw = False
641.0395 	EXP 	Device response: <KeyPress from None: t=640.8098687909951, value=right, duration=0.22434491700551007>
641.8038 	EXP 	New trial (rep=10, index=15): <Trial 175 (15 in rep 10) data={'prime': 'They have finished the work', 'target': 'They finished have the work', 'condition': 'repetition_unrelated', 'correctAns': 'left', 'thisN': 175, 'thisTrialN': 15, 'thisRepN': 10}>
641.8190 	EXP 	blank3_bg: autoDraw = False
641.8190 	EXP 	blank3_bg: autoDraw = False
641.8190 	EXP 	greenCircle: autoDraw = False
641.8190 	EXP 	redCrosss: autoDraw = False
641.8190 	EXP 	prime_text: height = np.float64(0.05)
641.8190 	EXP 	prime_text: height = np.float64(0.05)
641.8190 	EXP 	prime_text: height = np.float64(0.05)
641.8190 	EXP 	prime_text: text = 'They have finished the work'
641.8190 	EXP 	target_text: height = np.float64(0.05)
641.8190 	EXP 	target_text: height = np.float64(0.05)
641.8190 	EXP 	target_text: height = np.float64(0.05)
641.8190 	EXP 	target_text: text = 'They finished have the work'
641.8190 	EXP 	fix_text: autoDraw = True
642.0628 	EXP 	fix_text: autoDraw = False
642.0628 	EXP 	blank1_bg: autoDraw = True
642.2608 	EXP 	blank1_bg: autoDraw = False
642.2608 	EXP 	prime_text: autoDraw = True
642.4548 	EXP 	prime_text: autoDraw = False
642.4612 	EXP 	blank2_bg: autoDraw = True
642.5548 	EXP 	blank2_bg: autoDraw = False
642.5613 	INFO 	Keyboard events cleared
642.5611 	EXP 	target_text: autoDraw = True
644.1288 	EXP 	Device response: <KeyPress from None: t=644.1226658329979, value=left, duration=None>
644.1359 	DATA 	Keypress: left
644.1405 	EXP 	fix_text: autoDraw = False
644.1405 	EXP 	blank1_bg: autoDraw = False
644.1405 	EXP 	prime_text: autoDraw = False
644.1405 	EXP 	blank2_bg: autoDraw = False
644.1405 	EXP 	target_text: autoDraw = False
644.1405 	EXP 	greenCircle: autoDraw = True
644.1405 	EXP 	redCrosss: autoDraw = True
644.2892 	EXP 	Device response: <KeyPress from None: t=644.1226658329979, value=left, duration=0.1643745830078842>
644.3300 	EXP 	blank3_bg: autoDraw = True
644.3366 	EXP 	greenCircle: autoDraw = False
644.3366 	EXP 	redCrosss: autoDraw = False
645.1204 	EXP 	New trial (rep=11, index=0): <Trial 176 (0 in rep 11) data={'prime': 'They have finished the work', 'target': 'They have finished the work', 'condition': 'repetition_related', 'correctAns': 'right', 'thisN': 176, 'thisTrialN': 0, 'thisRepN': 11}>
645.1311 	EXP 	blank3_bg: autoDraw = False
645.1311 	EXP 	blank3_bg: autoDraw = False
645.1311 	EXP 	greenCircle: autoDraw = False
645.1311 	EXP 	redCrosss: autoDraw = False
645.1311 	EXP 	prime_text: text = 'They have finished the work'
645.1311 	EXP 	target_text: height = np.float64(0.05)
645.1311 	EXP 	target_text: height = np.float64(0.05)
645.1311 	EXP 	target_text: height = np.float64(0.05)
645.1311 	EXP 	target_text: text = 'They have finished the work'
645.1311 	EXP 	fix_text: autoDraw = True
645.3796 	EXP 	fix_text: autoDraw = False
645.3796 	EXP 	blank1_bg: autoDraw = True
645.5769 	EXP 	blank1_bg: autoDraw = False
645.5769 	EXP 	prime_text: autoDraw = True
645.7713 	EXP 	prime_text: autoDraw = False
645.7770 	EXP 	blank2_bg: autoDraw = True
645.8714 	EXP 	blank2_bg: autoDraw = False
645.8782 	INFO 	Keyboard events cleared
645.8780 	EXP 	target_text: autoDraw = True
649.0786 	EXP 	Device response: <KeyPress from None: t=649.0723759579996, value=right, duration=None>
649.0873 	DATA 	Keypress: right
649.0909 	EXP 	fix_text: autoDraw = False
649.0909 	EXP 	blank1_bg: autoDraw = False
649.0909 	EXP 	prime_text: autoDraw = False
649.0909 	EXP 	blank2_bg: autoDraw = False
649.0909 	EXP 	target_text: autoDraw = False
649.0909 	EXP 	greenCircle: autoDraw = True
649.0909 	EXP 	redCrosss: autoDraw = True
649.2805 	EXP 	blank3_bg: autoDraw = True
649.2868 	EXP 	greenCircle: autoDraw = False
649.2868 	EXP 	redCrosss: autoDraw = False
649.3278 	EXP 	Device response: <KeyPress from None: t=649.0723759579996, value=right, duration=0.24993837499641813>
650.0718 	EXP 	New trial (rep=11, index=1): <Trial 177 (1 in rep 11) data={'prime': 'They have finished the work', 'target': 'They finished have the work', 'condition': 'transposition_related', 'correctAns': 'right', 'thisN': 177, 'thisTrialN': 1, 'thisRepN': 11}>
650.0839 	EXP 	blank3_bg: autoDraw = False
650.0839 	EXP 	blank3_bg: autoDraw = False
650.0839 	EXP 	greenCircle: autoDraw = False
650.0839 	EXP 	redCrosss: autoDraw = False
650.0839 	EXP 	prime_text: text = 'They have finished the work'
650.0839 	EXP 	target_text: height = np.float64(0.05)
650.0839 	EXP 	target_text: height = np.float64(0.05)
650.0839 	EXP 	target_text: height = np.float64(0.05)
650.0839 	EXP 	target_text: text = 'They finished have the work'
650.0839 	EXP 	fix_text: autoDraw = True
650.3301 	EXP 	fix_text: autoDraw = False
650.3301 	EXP 	blank1_bg: autoDraw = True
650.5203 	EXP 	blank1_bg: autoDraw = False
650.5203 	EXP 	prime_text: autoDraw = True
650.7097 	EXP 	prime_text: autoDraw = False
650.7277 	EXP 	blank2_bg: autoDraw = True
650.8277 	INFO 	Keyboard events cleared
650.8275 	EXP 	blank2_bg: autoDraw = False
650.8275 	EXP 	target_text: autoDraw = True
652.5900 	EXP 	Device response: <KeyPress from None: t=652.5779342909955, value=left, duration=None>
652.5987 	DATA 	Keypress: left
652.6030 	EXP 	fix_text: autoDraw = False
652.6030 	EXP 	blank1_bg: autoDraw = False
652.6030 	EXP 	prime_text: autoDraw = False
652.6030 	EXP 	blank2_bg: autoDraw = False
652.6030 	EXP 	target_text: autoDraw = False
652.6030 	EXP 	greenCircle: autoDraw = True
652.6030 	EXP 	redCrosss: autoDraw = True
652.7288 	EXP 	Device response: <KeyPress from None: t=652.5779342909955, value=left, duration=0.14422524999827147>
652.7865 	EXP 	blank3_bg: autoDraw = True
652.7929 	EXP 	greenCircle: autoDraw = False
652.7929 	EXP 	redCrosss: autoDraw = False
653.5722 	EXP 	New trial (rep=11, index=2): <Trial 178 (2 in rep 11) data={'prime': 'She does not like apples', 'target': 'She like does apples not', 'condition': 'transposition_unrelated', 'correctAns': 'left', 'thisN': 178, 'thisTrialN': 2, 'thisRepN': 11}>
653.5874 	EXP 	blank3_bg: autoDraw = False
653.5874 	EXP 	blank3_bg: autoDraw = False
653.5874 	EXP 	greenCircle: autoDraw = False
653.5874 	EXP 	redCrosss: autoDraw = False
653.5874 	EXP 	prime_text: height = np.float64(0.05)
653.5874 	EXP 	prime_text: height = np.float64(0.05)
653.5874 	EXP 	prime_text: height = np.float64(0.05)
653.5874 	EXP 	prime_text: text = 'She does not like apples'
653.5874 	EXP 	target_text: height = np.float64(0.05)
653.5874 	EXP 	target_text: height = np.float64(0.05)
653.5874 	EXP 	target_text: height = np.float64(0.05)
653.5874 	EXP 	target_text: text = 'She like does apples not'
653.5918 	EXP 	fix_text: autoDraw = True
653.8381 	EXP 	fix_text: autoDraw = False
653.8381 	EXP 	blank1_bg: autoDraw = True
654.0374 	EXP 	blank1_bg: autoDraw = False
654.0374 	EXP 	prime_text: autoDraw = True
654.2264 	EXP 	prime_text: autoDraw = False
654.2380 	EXP 	blank2_bg: autoDraw = True
654.3267 	EXP 	blank2_bg: autoDraw = False
654.3384 	INFO 	Keyboard events cleared
654.3381 	EXP 	target_text: autoDraw = True
657.5059 	EXP 	Device response: <KeyPress from None: t=657.4972513739922, value=left, duration=None>
657.5135 	DATA 	Keypress: left
657.5176 	EXP 	fix_text: autoDraw = False
657.5176 	EXP 	blank1_bg: autoDraw = False
657.5176 	EXP 	prime_text: autoDraw = False
657.5176 	EXP 	blank2_bg: autoDraw = False
657.5176 	EXP 	target_text: autoDraw = False
657.5176 	EXP 	greenCircle: autoDraw = True
657.5176 	EXP 	redCrosss: autoDraw = True
657.6731 	EXP 	Device response: <KeyPress from None: t=657.4972513739922, value=left, duration=0.16593987500527874>
657.7046 	EXP 	blank3_bg: autoDraw = True
657.7123 	EXP 	greenCircle: autoDraw = False
657.7123 	EXP 	redCrosss: autoDraw = False
658.4876 	EXP 	New trial (rep=11, index=3): <Trial 179 (3 in rep 11) data={'prime': 'The boy can read fast', 'target': 'The boy can read fast', 'condition': 'repetition_related', 'correctAns': 'right', 'thisN': 179, 'thisTrialN': 3, 'thisRepN': 11}>
658.5011 	EXP 	blank3_bg: autoDraw = False
658.5011 	EXP 	blank3_bg: autoDraw = False
658.5011 	EXP 	greenCircle: autoDraw = False
658.5011 	EXP 	redCrosss: autoDraw = False
658.5011 	EXP 	prime_text: height = np.float64(0.05)
658.5011 	EXP 	prime_text: height = np.float64(0.05)
658.5011 	EXP 	prime_text: height = np.float64(0.05)
658.5011 	EXP 	prime_text: text = 'The boy can read fast'
658.5011 	EXP 	target_text: height = np.float64(0.05)
658.5011 	EXP 	target_text: height = np.float64(0.05)
658.5011 	EXP 	target_text: height = np.float64(0.05)
658.5011 	EXP 	target_text: text = 'The boy can read fast'
658.5058 	EXP 	fix_text: autoDraw = True
658.7545 	EXP 	fix_text: autoDraw = False
658.7545 	EXP 	blank1_bg: autoDraw = True
658.9423 	EXP 	blank1_bg: autoDraw = False
658.9546 	EXP 	prime_text: autoDraw = True
659.1420 	EXP 	prime_text: autoDraw = False
659.1548 	EXP 	blank2_bg: autoDraw = True
659.2421 	EXP 	blank2_bg: autoDraw = False
659.2552 	INFO 	Keyboard events cleared
659.2549 	EXP 	target_text: autoDraw = True
660.1725 	EXP 	Device response: <KeyPress from None: t=660.163889124, value=right, duration=None>
660.1797 	DATA 	Keypress: right
660.1837 	EXP 	fix_text: autoDraw = False
660.1837 	EXP 	blank1_bg: autoDraw = False
660.1837 	EXP 	prime_text: autoDraw = False
660.1837 	EXP 	blank2_bg: autoDraw = False
660.1837 	EXP 	target_text: autoDraw = False
660.1837 	EXP 	greenCircle: autoDraw = True
660.1837 	EXP 	redCrosss: autoDraw = True
660.3713 	EXP 	blank3_bg: autoDraw = True
660.3788 	EXP 	greenCircle: autoDraw = False
660.3788 	EXP 	redCrosss: autoDraw = False
660.3800 	EXP 	Device response: <KeyPress from None: t=660.163889124, value=right, duration=0.21225170900288504>
661.1603 	EXP 	New trial (rep=11, index=4): <Trial 180 (4 in rep 11) data={'prime': 'The boy can read fast', 'target': 'The read can boy fast', 'condition': 'transposition_unrelated', 'correctAns': 'left', 'thisN': 180, 'thisTrialN': 4, 'thisRepN': 11}>
661.1732 	EXP 	blank3_bg: autoDraw = False
661.1732 	EXP 	blank3_bg: autoDraw = False
661.1732 	EXP 	greenCircle: autoDraw = False
661.1732 	EXP 	redCrosss: autoDraw = False
661.1732 	EXP 	prime_text: text = 'The boy can read fast'
661.1732 	EXP 	target_text: height = np.float64(0.05)
661.1732 	EXP 	target_text: height = np.float64(0.05)
661.1732 	EXP 	target_text: height = np.float64(0.05)
661.1732 	EXP 	target_text: text = 'The read can boy fast'
661.1732 	EXP 	fix_text: autoDraw = True
661.4214 	EXP 	fix_text: autoDraw = False
661.4214 	EXP 	blank1_bg: autoDraw = True
661.6088 	EXP 	blank1_bg: autoDraw = False
661.6213 	EXP 	prime_text: autoDraw = True
661.8097 	EXP 	prime_text: autoDraw = False
661.8215 	EXP 	blank2_bg: autoDraw = True
661.9099 	EXP 	blank2_bg: autoDraw = False
661.9216 	INFO 	Keyboard events cleared
661.9214 	EXP 	target_text: autoDraw = True
665.3394 	EXP 	Device response: <KeyPress from None: t=665.3301126239967, value=left, duration=None>
665.3468 	DATA 	Keypress: left
665.3508 	EXP 	fix_text: autoDraw = False
665.3508 	EXP 	blank1_bg: autoDraw = False
665.3508 	EXP 	prime_text: autoDraw = False
665.3508 	EXP 	blank2_bg: autoDraw = False
665.3508 	EXP 	target_text: autoDraw = False
665.3508 	EXP 	greenCircle: autoDraw = True
665.3508 	EXP 	redCrosss: autoDraw = True
665.4899 	EXP 	Device response: <KeyPress from None: t=665.3301126239967, value=left, duration=0.1539837919990532>
665.5368 	EXP 	blank3_bg: autoDraw = True
665.5444 	EXP 	greenCircle: autoDraw = False
665.5444 	EXP 	redCrosss: autoDraw = False
666.3209 	EXP 	New trial (rep=11, index=5): <Trial 181 (5 in rep 11) data={'prime': 'They have finished the work', 'target': 'They finished have the work', 'condition': 'repetition_unrelated', 'correctAns': 'left', 'thisN': 181, 'thisTrialN': 5, 'thisRepN': 11}>
666.3359 	EXP 	blank3_bg: autoDraw = False
666.3359 	EXP 	blank3_bg: autoDraw = False
666.3359 	EXP 	greenCircle: autoDraw = False
666.3359 	EXP 	redCrosss: autoDraw = False
666.3359 	EXP 	prime_text: height = np.float64(0.05)
666.3359 	EXP 	prime_text: height = np.float64(0.05)
666.3359 	EXP 	prime_text: height = np.float64(0.05)
666.3359 	EXP 	prime_text: text = 'They have finished the work'
666.3359 	EXP 	target_text: height = np.float64(0.05)
666.3359 	EXP 	target_text: height = np.float64(0.05)
666.3359 	EXP 	target_text: height = np.float64(0.05)
666.3359 	EXP 	target_text: text = 'They finished have the work'
666.3405 	EXP 	fix_text: autoDraw = True
666.5880 	EXP 	fix_text: autoDraw = False
666.5880 	EXP 	blank1_bg: autoDraw = True
666.7879 	EXP 	blank1_bg: autoDraw = False
666.7879 	EXP 	prime_text: autoDraw = True
666.9756 	EXP 	prime_text: autoDraw = False
666.9882 	EXP 	blank2_bg: autoDraw = True
667.0772 	EXP 	blank2_bg: autoDraw = False
667.0881 	INFO 	Keyboard events cleared
667.0879 	EXP 	target_text: autoDraw = True
668.5622 	EXP 	Device response: <KeyPress from None: t=668.556666998993, value=left, duration=None>
668.5698 	DATA 	Keypress: left
668.5739 	EXP 	fix_text: autoDraw = False
668.5739 	EXP 	blank1_bg: autoDraw = False
668.5739 	EXP 	prime_text: autoDraw = False
668.5739 	EXP 	blank2_bg: autoDraw = False
668.5739 	EXP 	target_text: autoDraw = False
668.5739 	EXP 	greenCircle: autoDraw = True
668.5739 	EXP 	redCrosss: autoDraw = True
668.7229 	EXP 	Device response: <KeyPress from None: t=668.556666998993, value=left, duration=0.16027733401278965>
668.7637 	EXP 	blank3_bg: autoDraw = True
668.7700 	EXP 	greenCircle: autoDraw = False
668.7700 	EXP 	redCrosss: autoDraw = False
669.5556 	EXP 	New trial (rep=11, index=6): <Trial 182 (6 in rep 11) data={'prime': 'She does not like apples', 'target': 'She does not like apples', 'condition': 'repetition_related', 'correctAns': 'right', 'thisN': 182, 'thisTrialN': 6, 'thisRepN': 11}>
669.5711 	EXP 	blank3_bg: autoDraw = False
669.5711 	EXP 	blank3_bg: autoDraw = False
669.5711 	EXP 	greenCircle: autoDraw = False
669.5711 	EXP 	redCrosss: autoDraw = False
669.5711 	EXP 	prime_text: height = np.float64(0.05)
669.5711 	EXP 	prime_text: height = np.float64(0.05)
669.5711 	EXP 	prime_text: height = np.float64(0.05)
669.5711 	EXP 	prime_text: text = 'She does not like apples'
669.5711 	EXP 	target_text: height = np.float64(0.05)
669.5711 	EXP 	target_text: height = np.float64(0.05)
669.5711 	EXP 	target_text: height = np.float64(0.05)
669.5711 	EXP 	target_text: text = 'She does not like apples'
669.5711 	EXP 	fix_text: autoDraw = True
669.8127 	EXP 	fix_text: autoDraw = False
669.8127 	EXP 	blank1_bg: autoDraw = True
670.0105 	EXP 	blank1_bg: autoDraw = False
670.0105 	EXP 	prime_text: autoDraw = True
670.2047 	EXP 	prime_text: autoDraw = False
670.2111 	EXP 	blank2_bg: autoDraw = True
670.3047 	EXP 	blank2_bg: autoDraw = False
670.3108 	INFO 	Keyboard events cleared
670.3106 	EXP 	target_text: autoDraw = True
672.3454 	EXP 	Device response: <KeyPress from None: t=672.3424792080041, value=right, duration=None>
672.3529 	DATA 	Keypress: right
672.3572 	EXP 	fix_text: autoDraw = False
672.3572 	EXP 	blank1_bg: autoDraw = False
672.3572 	EXP 	prime_text: autoDraw = False
672.3572 	EXP 	blank2_bg: autoDraw = False
672.3572 	EXP 	target_text: autoDraw = False
672.3572 	EXP 	greenCircle: autoDraw = True
672.3572 	EXP 	redCrosss: autoDraw = True
672.5401 	EXP 	Device response: <KeyPress from None: t=672.3424792080041, value=right, duration=0.19238845798827242>
672.5503 	EXP 	blank3_bg: autoDraw = True
672.5568 	EXP 	greenCircle: autoDraw = False
672.5568 	EXP 	redCrosss: autoDraw = False
673.3375 	EXP 	New trial (rep=11, index=7): <Trial 183 (7 in rep 11) data={'prime': 'She does not like apples', 'target': 'She not does like apples', 'condition': 'transposition_related', 'correctAns': 'right', 'thisN': 183, 'thisTrialN': 7, 'thisRepN': 11}>
673.3493 	EXP 	blank3_bg: autoDraw = False
673.3493 	EXP 	blank3_bg: autoDraw = False
673.3493 	EXP 	greenCircle: autoDraw = False
673.3493 	EXP 	redCrosss: autoDraw = False
673.3493 	EXP 	prime_text: text = 'She does not like apples'
673.3493 	EXP 	target_text: height = np.float64(0.05)
673.3493 	EXP 	target_text: height = np.float64(0.05)
673.3493 	EXP 	target_text: height = np.float64(0.05)
673.3493 	EXP 	target_text: text = 'She not does like apples'
673.3493 	EXP 	fix_text: autoDraw = True
673.5960 	EXP 	fix_text: autoDraw = False
673.5960 	EXP 	blank1_bg: autoDraw = True
673.7876 	EXP 	blank1_bg: autoDraw = False
673.7876 	EXP 	prime_text: autoDraw = True
673.9762 	EXP 	prime_text: autoDraw = False
673.9936 	EXP 	blank2_bg: autoDraw = True
674.0879 	EXP 	blank2_bg: autoDraw = False
674.0939 	INFO 	Keyboard events cleared
674.0937 	EXP 	target_text: autoDraw = True
675.0120 	EXP 	Device response: <KeyPress from None: t=675.0065232079942, value=left, duration=None>
675.0192 	DATA 	Keypress: left
675.0239 	EXP 	fix_text: autoDraw = False
675.0239 	EXP 	blank1_bg: autoDraw = False
675.0239 	EXP 	prime_text: autoDraw = False
675.0239 	EXP 	blank2_bg: autoDraw = False
675.0239 	EXP 	target_text: autoDraw = False
675.0239 	EXP 	greenCircle: autoDraw = True
675.0239 	EXP 	redCrosss: autoDraw = True
675.1566 	EXP 	Device response: <KeyPress from None: t=675.0065232079942, value=left, duration=0.148197833012091>
675.2140 	EXP 	blank3_bg: autoDraw = True
675.2204 	EXP 	greenCircle: autoDraw = False
675.2204 	EXP 	redCrosss: autoDraw = False
676.0055 	EXP 	New trial (rep=11, index=8): <Trial 184 (8 in rep 11) data={'prime': 'They have finished the work', 'target': 'They work the have finished', 'condition': 'transposition_unrelated', 'correctAns': 'left', 'thisN': 184, 'thisTrialN': 8, 'thisRepN': 11}>
676.0210 	EXP 	blank3_bg: autoDraw = False
676.0210 	EXP 	blank3_bg: autoDraw = False
676.0210 	EXP 	greenCircle: autoDraw = False
676.0210 	EXP 	redCrosss: autoDraw = False
676.0210 	EXP 	prime_text: height = np.float64(0.05)
676.0210 	EXP 	prime_text: height = np.float64(0.05)
676.0210 	EXP 	prime_text: height = np.float64(0.05)
676.0210 	EXP 	prime_text: text = 'They have finished the work'
676.0210 	EXP 	target_text: height = np.float64(0.05)
676.0210 	EXP 	target_text: height = np.float64(0.05)
676.0210 	EXP 	target_text: height = np.float64(0.05)
676.0210 	EXP 	target_text: text = 'They work the have finished'
676.0210 	EXP 	fix_text: autoDraw = True
676.2627 	EXP 	fix_text: autoDraw = False
676.2627 	EXP 	blank1_bg: autoDraw = True
676.4532 	EXP 	blank1_bg: autoDraw = False
676.4532 	EXP 	prime_text: autoDraw = True
676.6434 	EXP 	prime_text: autoDraw = False
676.6611 	EXP 	blank2_bg: autoDraw = True
676.7547 	EXP 	blank2_bg: autoDraw = False
676.7615 	INFO 	Keyboard events cleared
676.7613 	EXP 	target_text: autoDraw = True
679.8288 	EXP 	Device response: <KeyPress from None: t=679.8274572079972, value=left, duration=None>
679.8365 	DATA 	Keypress: left
679.8406 	EXP 	fix_text: autoDraw = False
679.8406 	EXP 	blank1_bg: autoDraw = False
679.8406 	EXP 	prime_text: autoDraw = False
679.8406 	EXP 	blank2_bg: autoDraw = False
679.8406 	EXP 	target_text: autoDraw = False
679.8406 	EXP 	greenCircle: autoDraw = True
679.8406 	EXP 	redCrosss: autoDraw = True
679.9954 	EXP 	Device response: <KeyPress from None: t=679.8274572079972, value=left, duration=0.1618920830078423>
680.0299 	EXP 	blank3_bg: autoDraw = True
680.0366 	EXP 	greenCircle: autoDraw = False
680.0366 	EXP 	redCrosss: autoDraw = False
680.8205 	EXP 	New trial (rep=11, index=9): <Trial 185 (9 in rep 11) data={'prime': 'The boy can read fast', 'target': 'The boy can read fast', 'condition': 'transposition_related', 'correctAns': 'right', 'thisN': 185, 'thisTrialN': 9, 'thisRepN': 11}>
680.8360 	EXP 	blank3_bg: autoDraw = False
680.8360 	EXP 	blank3_bg: autoDraw = False
680.8360 	EXP 	greenCircle: autoDraw = False
680.8360 	EXP 	redCrosss: autoDraw = False
680.8360 	EXP 	prime_text: height = np.float64(0.05)
680.8360 	EXP 	prime_text: height = np.float64(0.05)
680.8360 	EXP 	prime_text: height = np.float64(0.05)
680.8360 	EXP 	prime_text: text = 'The boy can read fast'
680.8360 	EXP 	target_text: height = np.float64(0.05)
680.8360 	EXP 	target_text: height = np.float64(0.05)
680.8360 	EXP 	target_text: height = np.float64(0.05)
680.8360 	EXP 	target_text: text = 'The boy can read fast'
680.8360 	EXP 	fix_text: autoDraw = True
681.0798 	EXP 	fix_text: autoDraw = False
681.0798 	EXP 	blank1_bg: autoDraw = True
681.2697 	EXP 	blank1_bg: autoDraw = False
681.2697 	EXP 	prime_text: autoDraw = True
681.4595 	EXP 	prime_text: autoDraw = False
681.4778 	EXP 	blank2_bg: autoDraw = True
681.5715 	EXP 	blank2_bg: autoDraw = False
681.5784 	INFO 	Keyboard events cleared
681.5782 	EXP 	target_text: autoDraw = True
682.4733 	EXP 	Device response: <KeyPress from None: t=682.4659772489977, value=right, duration=None>
682.4817 	DATA 	Keypress: right
682.4860 	EXP 	fix_text: autoDraw = False
682.4860 	EXP 	blank1_bg: autoDraw = False
682.4860 	EXP 	prime_text: autoDraw = False
682.4860 	EXP 	blank2_bg: autoDraw = False
682.4860 	EXP 	target_text: autoDraw = False
682.4860 	EXP 	greenCircle: autoDraw = True
682.4860 	EXP 	redCrosss: autoDraw = True
682.6712 	EXP 	blank3_bg: autoDraw = True
682.6781 	EXP 	greenCircle: autoDraw = False
682.6781 	EXP 	redCrosss: autoDraw = False
682.7064 	EXP 	Device response: <KeyPress from None: t=682.4659772489977, value=right, duration=0.2363511669973377>
683.4553 	EXP 	New trial (rep=11, index=10): <Trial 186 (10 in rep 11) data={'prime': 'The dog is barking loudly', 'target': 'The dog is barking loudly', 'condition': 'repetition_related', 'correctAns': 'right', 'thisN': 186, 'thisTrialN': 10, 'thisRepN': 11}>
683.4708 	EXP 	blank3_bg: autoDraw = False
683.4708 	EXP 	blank3_bg: autoDraw = False
683.4708 	EXP 	greenCircle: autoDraw = False
683.4708 	EXP 	redCrosss: autoDraw = False
683.4708 	EXP 	prime_text: height = np.float64(0.05)
683.4708 	EXP 	prime_text: height = np.float64(0.05)
683.4708 	EXP 	prime_text: height = np.float64(0.05)
683.4708 	EXP 	prime_text: text = 'The dog is barking loudly'
683.4708 	EXP 	target_text: height = np.float64(0.05)
683.4708 	EXP 	target_text: height = np.float64(0.05)
683.4708 	EXP 	target_text: height = np.float64(0.05)
683.4708 	EXP 	target_text: text = 'The dog is barking loudly'
683.4752 	EXP 	fix_text: autoDraw = True
683.7213 	EXP 	fix_text: autoDraw = False
683.7213 	EXP 	blank1_bg: autoDraw = True
683.9087 	EXP 	blank1_bg: autoDraw = False
683.9213 	EXP 	prime_text: autoDraw = True
684.1100 	EXP 	prime_text: autoDraw = False
684.1213 	EXP 	blank2_bg: autoDraw = True
684.2095 	EXP 	blank2_bg: autoDraw = False
684.2217 	INFO 	Keyboard events cleared
684.2214 	EXP 	target_text: autoDraw = True
685.3446 	EXP 	Device response: <KeyPress from None: t=685.339923623993, value=right, duration=None>
685.3521 	DATA 	Keypress: right
685.3566 	EXP 	fix_text: autoDraw = False
685.3566 	EXP 	blank1_bg: autoDraw = False
685.3566 	EXP 	prime_text: autoDraw = False
685.3566 	EXP 	blank2_bg: autoDraw = False
685.3566 	EXP 	target_text: autoDraw = False
685.3566 	EXP 	greenCircle: autoDraw = True
685.3566 	EXP 	redCrosss: autoDraw = True
685.5369 	EXP 	blank3_bg: autoDraw = True
685.5531 	EXP 	greenCircle: autoDraw = False
685.5531 	EXP 	redCrosss: autoDraw = False
685.5885 	EXP 	Device response: <KeyPress from None: t=685.339923623993, value=right, duration=0.2443912500020815>
686.3221 	EXP 	New trial (rep=11, index=11): <Trial 187 (11 in rep 11) data={'prime': 'The dog is barking loudly', 'target': 'The dog barking is loudly', 'condition': 'transposition_related', 'correctAns': 'right', 'thisN': 187, 'thisTrialN': 11, 'thisRepN': 11}>
686.3334 	EXP 	blank3_bg: autoDraw = False
686.3334 	EXP 	blank3_bg: autoDraw = False
686.3334 	EXP 	greenCircle: autoDraw = False
686.3334 	EXP 	redCrosss: autoDraw = False
686.3334 	EXP 	prime_text: text = 'The dog is barking loudly'
686.3334 	EXP 	target_text: height = np.float64(0.05)
686.3334 	EXP 	target_text: height = np.float64(0.05)
686.3334 	EXP 	target_text: height = np.float64(0.05)
686.3334 	EXP 	target_text: text = 'The dog barking is loudly'
686.3393 	EXP 	fix_text: autoDraw = True
686.5881 	EXP 	fix_text: autoDraw = False
686.5881 	EXP 	blank1_bg: autoDraw = True
686.7765 	EXP 	blank1_bg: autoDraw = False
686.7943 	EXP 	prime_text: autoDraw = True
686.9880 	EXP 	prime_text: autoDraw = False
686.9880 	EXP 	blank2_bg: autoDraw = True
687.0756 	EXP 	blank2_bg: autoDraw = False
687.0949 	INFO 	Keyboard events cleared
687.0947 	EXP 	target_text: autoDraw = True
687.9899 	EXP 	Device response: <KeyPress from None: t=687.9817880829942, value=left, duration=None>
687.9984 	DATA 	Keypress: left
688.0027 	EXP 	fix_text: autoDraw = False
688.0027 	EXP 	blank1_bg: autoDraw = False
688.0027 	EXP 	prime_text: autoDraw = False
688.0027 	EXP 	blank2_bg: autoDraw = False
688.0027 	EXP 	target_text: autoDraw = False
688.0027 	EXP 	greenCircle: autoDraw = True
688.0027 	EXP 	redCrosss: autoDraw = True
688.1289 	EXP 	Device response: <KeyPress from None: t=687.9817880829942, value=left, duration=0.14430975000141189>
688.1871 	EXP 	blank3_bg: autoDraw = True
688.1950 	EXP 	greenCircle: autoDraw = False
688.1950 	EXP 	redCrosss: autoDraw = False
688.9720 	EXP 	New trial (rep=11, index=12): <Trial 188 (12 in rep 11) data={'prime': 'The boy can read fast', 'target': 'The read can boy fast', 'condition': 'repetition_unrelated', 'correctAns': 'left', 'thisN': 188, 'thisTrialN': 12, 'thisRepN': 11}>
688.9861 	EXP 	blank3_bg: autoDraw = False
688.9861 	EXP 	blank3_bg: autoDraw = False
688.9861 	EXP 	greenCircle: autoDraw = False
688.9861 	EXP 	redCrosss: autoDraw = False
688.9861 	EXP 	prime_text: height = np.float64(0.05)
688.9861 	EXP 	prime_text: height = np.float64(0.05)
688.9861 	EXP 	prime_text: height = np.float64(0.05)
688.9861 	EXP 	prime_text: text = 'The boy can read fast'
688.9861 	EXP 	target_text: height = np.float64(0.05)
688.9861 	EXP 	target_text: height = np.float64(0.05)
688.9861 	EXP 	target_text: height = np.float64(0.05)
688.9861 	EXP 	target_text: text = 'The read can boy fast'
688.9904 	EXP 	fix_text: autoDraw = True
689.2378 	EXP 	fix_text: autoDraw = False
689.2378 	EXP 	blank1_bg: autoDraw = True
689.4380 	EXP 	blank1_bg: autoDraw = False
689.4380 	EXP 	prime_text: autoDraw = True
689.6264 	EXP 	prime_text: autoDraw = False
689.6381 	EXP 	blank2_bg: autoDraw = True
689.7265 	EXP 	blank2_bg: autoDraw = False
689.7382 	INFO 	Keyboard events cleared
689.7380 	EXP 	target_text: autoDraw = True
690.5887 	EXP 	Device response: <KeyPress from None: t=690.5717397489934, value=left, duration=None>
690.5947 	DATA 	Keypress: left
690.5980 	EXP 	fix_text: autoDraw = False
690.5980 	EXP 	blank1_bg: autoDraw = False
690.5980 	EXP 	prime_text: autoDraw = False
690.5980 	EXP 	blank2_bg: autoDraw = False
690.5980 	EXP 	target_text: autoDraw = False
690.5980 	EXP 	greenCircle: autoDraw = True
690.5980 	EXP 	redCrosss: autoDraw = True
690.7106 	EXP 	Device response: <KeyPress from None: t=690.5717397489934, value=left, duration=0.13637300000118557>
690.7802 	EXP 	blank3_bg: autoDraw = True
690.7955 	EXP 	greenCircle: autoDraw = False
690.7955 	EXP 	redCrosss: autoDraw = False
691.5707 	EXP 	New trial (rep=11, index=13): <Trial 189 (13 in rep 11) data={'prime': 'She does not like apples', 'target': 'She not does like apples', 'condition': 'repetition_unrelated', 'correctAns': 'left', 'thisN': 189, 'thisTrialN': 13, 'thisRepN': 11}>
691.5857 	EXP 	blank3_bg: autoDraw = False
691.5857 	EXP 	blank3_bg: autoDraw = False
691.5857 	EXP 	greenCircle: autoDraw = False
691.5857 	EXP 	redCrosss: autoDraw = False
691.5857 	EXP 	prime_text: height = np.float64(0.05)
691.5857 	EXP 	prime_text: height = np.float64(0.05)
691.5857 	EXP 	prime_text: height = np.float64(0.05)
691.5857 	EXP 	prime_text: text = 'She does not like apples'
691.5857 	EXP 	target_text: height = np.float64(0.05)
691.5857 	EXP 	target_text: height = np.float64(0.05)
691.5857 	EXP 	target_text: height = np.float64(0.05)
691.5857 	EXP 	target_text: text = 'She not does like apples'
691.5906 	EXP 	fix_text: autoDraw = True
691.8380 	EXP 	fix_text: autoDraw = False
691.8380 	EXP 	blank1_bg: autoDraw = True
692.0379 	EXP 	blank1_bg: autoDraw = False
692.0379 	EXP 	prime_text: autoDraw = True
692.2254 	EXP 	prime_text: autoDraw = False
692.2380 	EXP 	blank2_bg: autoDraw = True
692.3277 	INFO 	Keyboard events cleared
692.3275 	EXP 	blank2_bg: autoDraw = False
692.3275 	EXP 	target_text: autoDraw = True
693.4392 	EXP 	Device response: <KeyPress from None: t=693.4286537080043, value=left, duration=None>
693.4469 	DATA 	Keypress: left
693.4513 	EXP 	fix_text: autoDraw = False
693.4513 	EXP 	blank1_bg: autoDraw = False
693.4513 	EXP 	prime_text: autoDraw = False
693.4513 	EXP 	blank2_bg: autoDraw = False
693.4513 	EXP 	target_text: autoDraw = False
693.4513 	EXP 	greenCircle: autoDraw = True
693.4513 	EXP 	redCrosss: autoDraw = True
693.5893 	EXP 	Device response: <KeyPress from None: t=693.4286537080043, value=left, duration=0.1523532909923233>
693.6375 	EXP 	blank3_bg: autoDraw = True
693.6454 	EXP 	greenCircle: autoDraw = False
693.6454 	EXP 	redCrosss: autoDraw = False
694.4212 	EXP 	New trial (rep=11, index=14): <Trial 190 (14 in rep 11) data={'prime': 'The dog is barking loudly', 'target': 'The barking dog loudly is', 'condition': 'transposition_unrelated', 'correctAns': 'left', 'thisN': 190, 'thisTrialN': 14, 'thisRepN': 11}>
694.4361 	EXP 	blank3_bg: autoDraw = False
694.4361 	EXP 	blank3_bg: autoDraw = False
694.4361 	EXP 	greenCircle: autoDraw = False
694.4361 	EXP 	redCrosss: autoDraw = False
694.4361 	EXP 	prime_text: height = np.float64(0.05)
694.4361 	EXP 	prime_text: height = np.float64(0.05)
694.4361 	EXP 	prime_text: height = np.float64(0.05)
694.4361 	EXP 	prime_text: text = 'The dog is barking loudly'
694.4361 	EXP 	target_text: height = np.float64(0.05)
694.4361 	EXP 	target_text: height = np.float64(0.05)
694.4361 	EXP 	target_text: height = np.float64(0.05)
694.4361 	EXP 	target_text: text = 'The barking dog loudly is'
694.4407 	EXP 	fix_text: autoDraw = True
694.6879 	EXP 	fix_text: autoDraw = False
694.6879 	EXP 	blank1_bg: autoDraw = True
694.8762 	EXP 	blank1_bg: autoDraw = False
694.8881 	EXP 	prime_text: autoDraw = True
695.0754 	EXP 	prime_text: autoDraw = False
695.0881 	EXP 	blank2_bg: autoDraw = True
695.1762 	EXP 	blank2_bg: autoDraw = False
695.1883 	INFO 	Keyboard events cleared
695.1881 	EXP 	target_text: autoDraw = True
696.1281 	EXP 	Device response: <KeyPress from None: t=696.1227011659939, value=left, duration=None>
696.1356 	DATA 	Keypress: left
696.1402 	EXP 	fix_text: autoDraw = False
696.1402 	EXP 	blank1_bg: autoDraw = False
696.1402 	EXP 	prime_text: autoDraw = False
696.1402 	EXP 	blank2_bg: autoDraw = False
696.1402 	EXP 	target_text: autoDraw = False
696.1402 	EXP 	greenCircle: autoDraw = True
696.1402 	EXP 	redCrosss: autoDraw = True
696.2726 	EXP 	Device response: <KeyPress from None: t=696.1227011659939, value=left, duration=0.1482754169992404>
696.3306 	EXP 	blank3_bg: autoDraw = True
696.3365 	EXP 	greenCircle: autoDraw = False
696.3365 	EXP 	redCrosss: autoDraw = False
697.1219 	EXP 	New trial (rep=11, index=15): <Trial 191 (15 in rep 11) data={'prime': 'The dog is barking loudly', 'target': 'The loudly is barking dog', 'condition': 'repetition_unrelated', 'correctAns': 'left', 'thisN': 191, 'thisTrialN': 15, 'thisRepN': 11}>
697.1351 	EXP 	blank3_bg: autoDraw = False
697.1351 	EXP 	blank3_bg: autoDraw = False
697.1351 	EXP 	greenCircle: autoDraw = False
697.1351 	EXP 	redCrosss: autoDraw = False
697.1351 	EXP 	prime_text: text = 'The dog is barking loudly'
697.1351 	EXP 	target_text: height = np.float64(0.05)
697.1351 	EXP 	target_text: height = np.float64(0.05)
697.1351 	EXP 	target_text: height = np.float64(0.05)
697.1351 	EXP 	target_text: text = 'The loudly is barking dog'
697.1351 	EXP 	fix_text: autoDraw = True
697.3701 	EXP 	blank1_bg: autoDraw = True
697.3785 	EXP 	fix_text: autoDraw = False
697.5574 	EXP 	blank1_bg: autoDraw = False
697.5770 	EXP 	prime_text: autoDraw = True
697.7712 	EXP 	prime_text: autoDraw = False
697.7712 	EXP 	blank2_bg: autoDraw = True
697.8588 	EXP 	blank2_bg: autoDraw = False
697.8785 	INFO 	Keyboard events cleared
697.8783 	EXP 	target_text: autoDraw = True
698.8452 	EXP 	Device response: <KeyPress from None: t=698.843492333006, value=right, duration=None>
698.8528 	DATA 	Keypress: right
698.8572 	EXP 	fix_text: autoDraw = False
698.8572 	EXP 	blank1_bg: autoDraw = False
698.8572 	EXP 	prime_text: autoDraw = False
698.8572 	EXP 	blank2_bg: autoDraw = False
698.8572 	EXP 	target_text: autoDraw = False
698.8572 	EXP 	greenCircle: autoDraw = True
698.8572 	EXP 	redCrosss: autoDraw = True
698.9619 	EXP 	Device response: <KeyPress from None: t=698.843492333006, value=right, duration=0.11252995798713528>
699.0462 	EXP 	blank3_bg: autoDraw = True
699.0530 	EXP 	greenCircle: autoDraw = False
699.0530 	EXP 	redCrosss: autoDraw = False
699.8293 	EXP 	New trial (rep=12, index=0): <Trial 192 (0 in rep 12) data={'prime': 'They have finished the work', 'target': 'They finished have the work', 'condition': 'transposition_related', 'correctAns': 'right', 'thisN': 192, 'thisTrialN': 0, 'thisRepN': 12}>
699.8447 	EXP 	blank3_bg: autoDraw = False
699.8447 	EXP 	blank3_bg: autoDraw = False
699.8447 	EXP 	greenCircle: autoDraw = False
699.8447 	EXP 	redCrosss: autoDraw = False
699.8447 	EXP 	prime_text: height = np.float64(0.05)
699.8447 	EXP 	prime_text: height = np.float64(0.05)
699.8447 	EXP 	prime_text: height = np.float64(0.05)
699.8447 	EXP 	prime_text: text = 'They have finished the work'
699.8447 	EXP 	target_text: height = np.float64(0.05)
699.8447 	EXP 	target_text: height = np.float64(0.05)
699.8447 	EXP 	target_text: height = np.float64(0.05)
699.8447 	EXP 	target_text: text = 'They finished have the work'
699.8447 	EXP 	fix_text: autoDraw = True
700.0879 	EXP 	fix_text: autoDraw = False
700.0954 	EXP 	blank1_bg: autoDraw = True
700.2868 	EXP 	blank1_bg: autoDraw = False
700.2868 	EXP 	prime_text: autoDraw = True
700.4764 	EXP 	prime_text: autoDraw = False
700.4944 	EXP 	blank2_bg: autoDraw = True
700.5879 	EXP 	blank2_bg: autoDraw = False
700.5941 	INFO 	Keyboard events cleared
700.5939 	EXP 	target_text: autoDraw = True
701.7902 	EXP 	Device response: <KeyPress from None: t=701.7865707080055, value=left, duration=None>
701.7985 	DATA 	Keypress: left
701.8028 	EXP 	fix_text: autoDraw = False
701.8028 	EXP 	blank1_bg: autoDraw = False
701.8028 	EXP 	prime_text: autoDraw = False
701.8028 	EXP 	blank2_bg: autoDraw = False
701.8028 	EXP 	target_text: autoDraw = False
701.8028 	EXP 	greenCircle: autoDraw = True
701.8028 	EXP 	redCrosss: autoDraw = True
701.9615 	EXP 	Device response: <KeyPress from None: t=701.7865707080055, value=left, duration=0.16825887499726377>
701.9879 	EXP 	blank3_bg: autoDraw = True
701.9950 	EXP 	greenCircle: autoDraw = False
701.9950 	EXP 	redCrosss: autoDraw = False
702.7786 	EXP 	New trial (rep=12, index=1): <Trial 193 (1 in rep 12) data={'prime': 'They have finished the work', 'target': 'They work the have finished', 'condition': 'transposition_unrelated', 'correctAns': 'left', 'thisN': 193, 'thisTrialN': 1, 'thisRepN': 12}>
702.7902 	EXP 	blank3_bg: autoDraw = False
702.7902 	EXP 	blank3_bg: autoDraw = False
702.7902 	EXP 	greenCircle: autoDraw = False
702.7902 	EXP 	redCrosss: autoDraw = False
702.7902 	EXP 	prime_text: text = 'They have finished the work'
702.7902 	EXP 	target_text: height = np.float64(0.05)
702.7902 	EXP 	target_text: height = np.float64(0.05)
702.7902 	EXP 	target_text: height = np.float64(0.05)
702.7902 	EXP 	target_text: text = 'They work the have finished'
702.7902 	EXP 	fix_text: autoDraw = True
703.0380 	EXP 	fix_text: autoDraw = False
703.0380 	EXP 	blank1_bg: autoDraw = True
703.2263 	EXP 	blank1_bg: autoDraw = False
703.2380 	EXP 	prime_text: autoDraw = True
703.4265 	EXP 	prime_text: autoDraw = False
703.4381 	EXP 	blank2_bg: autoDraw = True
703.5264 	EXP 	blank2_bg: autoDraw = False
703.5382 	INFO 	Keyboard events cleared
703.5380 	EXP 	target_text: autoDraw = True
704.3616 	EXP 	Device response: <KeyPress from None: t=704.358387248998, value=left, duration=None>
704.3691 	DATA 	Keypress: left
704.3738 	EXP 	fix_text: autoDraw = False
704.3738 	EXP 	blank1_bg: autoDraw = False
704.3738 	EXP 	prime_text: autoDraw = False
704.3738 	EXP 	blank2_bg: autoDraw = False
704.3738 	EXP 	target_text: autoDraw = False
704.3738 	EXP 	greenCircle: autoDraw = True
704.3738 	EXP 	redCrosss: autoDraw = True
704.5054 	EXP 	Device response: <KeyPress from None: t=704.358387248998, value=left, duration=0.140376750001451>
704.5626 	EXP 	blank3_bg: autoDraw = True
704.5705 	EXP 	greenCircle: autoDraw = False
704.5705 	EXP 	redCrosss: autoDraw = False
705.3460 	EXP 	New trial (rep=12, index=2): <Trial 194 (2 in rep 12) data={'prime': 'The dog is barking loudly', 'target': 'The loudly is barking dog', 'condition': 'repetition_unrelated', 'correctAns': 'left', 'thisN': 194, 'thisTrialN': 2, 'thisRepN': 12}>
705.3610 	EXP 	blank3_bg: autoDraw = False
705.3610 	EXP 	blank3_bg: autoDraw = False
705.3610 	EXP 	greenCircle: autoDraw = False
705.3610 	EXP 	redCrosss: autoDraw = False
705.3610 	EXP 	prime_text: height = np.float64(0.05)
705.3610 	EXP 	prime_text: height = np.float64(0.05)
705.3610 	EXP 	prime_text: height = np.float64(0.05)
705.3610 	EXP 	prime_text: text = 'The dog is barking loudly'
705.3610 	EXP 	target_text: height = np.float64(0.05)
705.3610 	EXP 	target_text: height = np.float64(0.05)
705.3610 	EXP 	target_text: height = np.float64(0.05)
705.3610 	EXP 	target_text: text = 'The loudly is barking dog'
705.3610 	EXP 	fix_text: autoDraw = True
705.6046 	EXP 	fix_text: autoDraw = False
705.6121 	EXP 	blank1_bg: autoDraw = True
705.8046 	EXP 	blank1_bg: autoDraw = False
705.8046 	EXP 	prime_text: autoDraw = True
705.9934 	EXP 	prime_text: autoDraw = False
706.0113 	EXP 	blank2_bg: autoDraw = True
706.1047 	EXP 	blank2_bg: autoDraw = False
706.1109 	INFO 	Keyboard events cleared
706.1107 	EXP 	target_text: autoDraw = True
706.9394 	EXP 	Device response: <KeyPress from None: t=706.9294141239952, value=left, duration=None>
706.9473 	DATA 	Keypress: left
706.9514 	EXP 	fix_text: autoDraw = False
706.9514 	EXP 	blank1_bg: autoDraw = False
706.9514 	EXP 	prime_text: autoDraw = False
706.9514 	EXP 	blank2_bg: autoDraw = False
706.9514 	EXP 	target_text: autoDraw = False
706.9514 	EXP 	greenCircle: autoDraw = True
706.9514 	EXP 	redCrosss: autoDraw = True
707.0733 	EXP 	Device response: <KeyPress from None: t=706.9294141239952, value=left, duration=0.14032450001104735>
707.1367 	EXP 	blank3_bg: autoDraw = True
707.1447 	EXP 	greenCircle: autoDraw = False
707.1447 	EXP 	redCrosss: autoDraw = False
707.9203 	EXP 	New trial (rep=12, index=3): <Trial 195 (3 in rep 12) data={'prime': 'They have finished the work', 'target': 'They have finished the work', 'condition': 'repetition_related', 'correctAns': 'right', 'thisN': 195, 'thisTrialN': 3, 'thisRepN': 12}>
707.9345 	EXP 	blank3_bg: autoDraw = False
707.9345 	EXP 	blank3_bg: autoDraw = False
707.9345 	EXP 	greenCircle: autoDraw = False
707.9345 	EXP 	redCrosss: autoDraw = False
707.9345 	EXP 	prime_text: height = np.float64(0.05)
707.9345 	EXP 	prime_text: height = np.float64(0.05)
707.9345 	EXP 	prime_text: height = np.float64(0.05)
707.9345 	EXP 	prime_text: text = 'They have finished the work'
707.9345 	EXP 	target_text: height = np.float64(0.05)
707.9345 	EXP 	target_text: height = np.float64(0.05)
707.9345 	EXP 	target_text: height = np.float64(0.05)
707.9345 	EXP 	target_text: text = 'They have finished the work'
707.9389 	EXP 	fix_text: autoDraw = True
708.1765 	EXP 	fix_text: autoDraw = False
708.1881 	EXP 	blank1_bg: autoDraw = True
708.3765 	EXP 	blank1_bg: autoDraw = False
708.3880 	EXP 	prime_text: autoDraw = True
708.5763 	EXP 	prime_text: autoDraw = False
708.5879 	EXP 	blank2_bg: autoDraw = True
708.6754 	EXP 	blank2_bg: autoDraw = False
708.6880 	INFO 	Keyboard events cleared
708.6878 	EXP 	target_text: autoDraw = True
710.0731 	EXP 	Device response: <KeyPress from None: t=710.0692553739937, value=right, duration=None>
710.0814 	DATA 	Keypress: right
710.0857 	EXP 	fix_text: autoDraw = False
710.0857 	EXP 	blank1_bg: autoDraw = False
710.0857 	EXP 	prime_text: autoDraw = False
710.0857 	EXP 	blank2_bg: autoDraw = False
710.0857 	EXP 	target_text: autoDraw = False
710.0857 	EXP 	greenCircle: autoDraw = True
710.0857 	EXP 	redCrosss: autoDraw = True
710.2698 	EXP 	blank3_bg: autoDraw = True
710.2774 	EXP 	greenCircle: autoDraw = False
710.2774 	EXP 	redCrosss: autoDraw = False
710.2971 	EXP 	Device response: <KeyPress from None: t=710.0692553739937, value=right, duration=0.2203892500110669>
711.0544 	EXP 	New trial (rep=12, index=4): <Trial 196 (4 in rep 12) data={'prime': 'The dog is barking loudly', 'target': 'The barking dog loudly is', 'condition': 'transposition_unrelated', 'correctAns': 'left', 'thisN': 196, 'thisTrialN': 4, 'thisRepN': 12}>
711.0702 	EXP 	blank3_bg: autoDraw = False
711.0702 	EXP 	blank3_bg: autoDraw = False
711.0702 	EXP 	greenCircle: autoDraw = False
711.0702 	EXP 	redCrosss: autoDraw = False
711.0702 	EXP 	prime_text: height = np.float64(0.05)
711.0702 	EXP 	prime_text: height = np.float64(0.05)
711.0702 	EXP 	prime_text: height = np.float64(0.05)
711.0702 	EXP 	prime_text: text = 'The dog is barking loudly'
711.0702 	EXP 	target_text: height = np.float64(0.05)
711.0702 	EXP 	target_text: height = np.float64(0.05)
711.0702 	EXP 	target_text: height = np.float64(0.05)
711.0702 	EXP 	target_text: text = 'The barking dog loudly is'
711.0746 	EXP 	fix_text: autoDraw = True
711.3215 	EXP 	fix_text: autoDraw = False
711.3215 	EXP 	blank1_bg: autoDraw = True
711.5088 	EXP 	blank1_bg: autoDraw = False
711.5212 	EXP 	prime_text: autoDraw = True
711.7107 	EXP 	prime_text: autoDraw = False
711.7210 	EXP 	blank2_bg: autoDraw = True
711.8101 	EXP 	blank2_bg: autoDraw = False
711.8213 	INFO 	Keyboard events cleared
711.8210 	EXP 	target_text: autoDraw = True
715.5062 	EXP 	Device response: <KeyPress from None: t=715.494825791, value=left, duration=None>
715.5142 	DATA 	Keypress: left
715.5184 	EXP 	fix_text: autoDraw = False
715.5184 	EXP 	blank1_bg: autoDraw = False
715.5184 	EXP 	prime_text: autoDraw = False
715.5184 	EXP 	blank2_bg: autoDraw = False
715.5184 	EXP 	target_text: autoDraw = False
715.5184 	EXP 	greenCircle: autoDraw = True
715.5184 	EXP 	redCrosss: autoDraw = True
715.6393 	EXP 	Device response: <KeyPress from None: t=715.494825791, value=left, duration=0.13793666700075846>
715.7029 	EXP 	blank3_bg: autoDraw = True
715.7093 	EXP 	greenCircle: autoDraw = False
715.7093 	EXP 	redCrosss: autoDraw = False
716.4876 	EXP 	New trial (rep=12, index=5): <Trial 197 (5 in rep 12) data={'prime': 'The boy can read fast', 'target': 'The read can boy fast', 'condition': 'transposition_unrelated', 'correctAns': 'left', 'thisN': 197, 'thisTrialN': 5, 'thisRepN': 12}>
716.5031 	EXP 	blank3_bg: autoDraw = False
716.5031 	EXP 	blank3_bg: autoDraw = False
716.5031 	EXP 	greenCircle: autoDraw = False
716.5031 	EXP 	redCrosss: autoDraw = False
716.5031 	EXP 	prime_text: height = np.float64(0.05)
716.5031 	EXP 	prime_text: height = np.float64(0.05)
716.5031 	EXP 	prime_text: height = np.float64(0.05)
716.5031 	EXP 	prime_text: text = 'The boy can read fast'
716.5031 	EXP 	target_text: height = np.float64(0.05)
716.5031 	EXP 	target_text: height = np.float64(0.05)
716.5031 	EXP 	target_text: height = np.float64(0.05)
716.5031 	EXP 	target_text: text = 'The read can boy fast'
716.5068 	EXP 	fix_text: autoDraw = True
716.7537 	EXP 	fix_text: autoDraw = False
716.7537 	EXP 	blank1_bg: autoDraw = True
716.9404 	EXP 	blank1_bg: autoDraw = False
716.9546 	EXP 	prime_text: autoDraw = True
717.1440 	EXP 	prime_text: autoDraw = False
717.1543 	EXP 	blank2_bg: autoDraw = True
717.2428 	EXP 	blank2_bg: autoDraw = False
717.2547 	INFO 	Keyboard events cleared
717.2545 	EXP 	target_text: autoDraw = True
718.3394 	EXP 	Device response: <KeyPress from None: t=718.3284320829989, value=left, duration=None>
718.3475 	DATA 	Keypress: left
718.3517 	EXP 	fix_text: autoDraw = False
718.3517 	EXP 	blank1_bg: autoDraw = False
718.3517 	EXP 	prime_text: autoDraw = False
718.3517 	EXP 	blank2_bg: autoDraw = False
718.3517 	EXP 	target_text: autoDraw = False
718.3517 	EXP 	greenCircle: autoDraw = True
718.3517 	EXP 	redCrosss: autoDraw = True
718.4956 	EXP 	Device response: <KeyPress from None: t=718.3284320829989, value=left, duration=0.16032383299898356>
718.5380 	EXP 	blank3_bg: autoDraw = True
718.5456 	EXP 	greenCircle: autoDraw = False
718.5456 	EXP 	redCrosss: autoDraw = False
719.3292 	EXP 	New trial (rep=12, index=6): <Trial 198 (6 in rep 12) data={'prime': 'The boy can read fast', 'target': 'The boy can read fast', 'condition': 'repetition_related', 'correctAns': 'right', 'thisN': 198, 'thisTrialN': 6, 'thisRepN': 12}>
719.3400 	EXP 	blank3_bg: autoDraw = False
719.3400 	EXP 	blank3_bg: autoDraw = False
719.3400 	EXP 	greenCircle: autoDraw = False
719.3400 	EXP 	redCrosss: autoDraw = False
719.3400 	EXP 	prime_text: text = 'The boy can read fast'
719.3400 	EXP 	target_text: height = np.float64(0.05)
719.3400 	EXP 	target_text: height = np.float64(0.05)
719.3400 	EXP 	target_text: height = np.float64(0.05)
719.3400 	EXP 	target_text: text = 'The boy can read fast'
719.3400 	EXP 	fix_text: autoDraw = True
719.5881 	EXP 	fix_text: autoDraw = False
719.5881 	EXP 	blank1_bg: autoDraw = True
719.7881 	EXP 	blank1_bg: autoDraw = False
719.7881 	EXP 	prime_text: autoDraw = True
719.9753 	EXP 	prime_text: autoDraw = False
719.9879 	EXP 	blank2_bg: autoDraw = True
720.0763 	EXP 	blank2_bg: autoDraw = False
720.0883 	INFO 	Keyboard events cleared
720.0880 	EXP 	target_text: autoDraw = True
720.8892 	EXP 	Device response: <KeyPress from None: t=720.8823570410023, value=right, duration=None>
720.8983 	DATA 	Keypress: right
720.9026 	EXP 	fix_text: autoDraw = False
720.9026 	EXP 	blank1_bg: autoDraw = False
720.9026 	EXP 	prime_text: autoDraw = False
720.9026 	EXP 	blank2_bg: autoDraw = False
720.9026 	EXP 	target_text: autoDraw = False
720.9026 	EXP 	greenCircle: autoDraw = True
720.9026 	EXP 	redCrosss: autoDraw = True
721.0865 	EXP 	blank3_bg: autoDraw = True
721.0948 	EXP 	greenCircle: autoDraw = False
721.0948 	EXP 	redCrosss: autoDraw = False
721.1380 	EXP 	Device response: <KeyPress from None: t=720.8823570410023, value=right, duration=0.25226816699432675>
721.8702 	EXP 	New trial (rep=12, index=7): <Trial 199 (7 in rep 12) data={'prime': 'She does not like apples', 'target': 'She like does apples not', 'condition': 'transposition_unrelated', 'correctAns': 'left', 'thisN': 199, 'thisTrialN': 7, 'thisRepN': 12}>
721.8840 	EXP 	blank3_bg: autoDraw = False
721.8840 	EXP 	blank3_bg: autoDraw = False
721.8840 	EXP 	greenCircle: autoDraw = False
721.8840 	EXP 	redCrosss: autoDraw = False
721.8840 	EXP 	prime_text: height = np.float64(0.05)
721.8840 	EXP 	prime_text: height = np.float64(0.05)
721.8840 	EXP 	prime_text: height = np.float64(0.05)
721.8840 	EXP 	prime_text: text = 'She does not like apples'
721.8840 	EXP 	target_text: height = np.float64(0.05)
721.8840 	EXP 	target_text: height = np.float64(0.05)
721.8840 	EXP 	target_text: height = np.float64(0.05)
721.8840 	EXP 	target_text: text = 'She like does apples not'
721.8892 	EXP 	fix_text: autoDraw = True
722.1270 	EXP 	fix_text: autoDraw = False
722.1382 	EXP 	blank1_bg: autoDraw = True
722.3265 	EXP 	blank1_bg: autoDraw = False
722.3382 	EXP 	prime_text: autoDraw = True
722.5260 	EXP 	prime_text: autoDraw = False
722.5379 	EXP 	blank2_bg: autoDraw = True
722.6263 	EXP 	blank2_bg: autoDraw = False
722.6383 	INFO 	Keyboard events cleared
722.6380 	EXP 	target_text: autoDraw = True
723.6893 	EXP 	Device response: <KeyPress from None: t=723.6813092910015, value=left, duration=None>
723.6976 	DATA 	Keypress: left
723.7018 	EXP 	fix_text: autoDraw = False
723.7018 	EXP 	blank1_bg: autoDraw = False
723.7018 	EXP 	prime_text: autoDraw = False
723.7018 	EXP 	blank2_bg: autoDraw = False
723.7018 	EXP 	target_text: autoDraw = False
723.7018 	EXP 	greenCircle: autoDraw = True
723.7018 	EXP 	redCrosss: autoDraw = True
723.8622 	EXP 	Device response: <KeyPress from None: t=723.6813092910015, value=left, duration=0.1763668749917997>
723.8864 	EXP 	blank3_bg: autoDraw = True
723.8927 	EXP 	greenCircle: autoDraw = False
723.8927 	EXP 	redCrosss: autoDraw = False
724.6709 	EXP 	New trial (rep=12, index=8): <Trial 200 (8 in rep 12) data={'prime': 'They have finished the work', 'target': 'They finished have the work', 'condition': 'repetition_unrelated', 'correctAns': 'left', 'thisN': 200, 'thisTrialN': 8, 'thisRepN': 12}>
724.6852 	EXP 	blank3_bg: autoDraw = False
724.6852 	EXP 	blank3_bg: autoDraw = False
724.6852 	EXP 	greenCircle: autoDraw = False
724.6852 	EXP 	redCrosss: autoDraw = False
724.6852 	EXP 	prime_text: height = np.float64(0.05)
724.6852 	EXP 	prime_text: height = np.float64(0.05)
724.6852 	EXP 	prime_text: height = np.float64(0.05)
724.6852 	EXP 	prime_text: text = 'They have finished the work'
724.6852 	EXP 	target_text: height = np.float64(0.05)
724.6852 	EXP 	target_text: height = np.float64(0.05)
724.6852 	EXP 	target_text: height = np.float64(0.05)
724.6852 	EXP 	target_text: text = 'They finished have the work'
724.6896 	EXP 	fix_text: autoDraw = True
724.9379 	EXP 	fix_text: autoDraw = False
724.9379 	EXP 	blank1_bg: autoDraw = True
725.1380 	EXP 	blank1_bg: autoDraw = False
725.1380 	EXP 	prime_text: autoDraw = True
725.3260 	EXP 	prime_text: autoDraw = False
725.3380 	EXP 	blank2_bg: autoDraw = True
725.4253 	EXP 	blank2_bg: autoDraw = False
725.4382 	INFO 	Keyboard events cleared
725.4379 	EXP 	target_text: autoDraw = True
727.2396 	EXP 	Device response: <KeyPress from None: t=727.2352668329986, value=right, duration=None>
727.2477 	DATA 	Keypress: right
727.2519 	EXP 	fix_text: autoDraw = False
727.2519 	EXP 	blank1_bg: autoDraw = False
727.2519 	EXP 	prime_text: autoDraw = False
727.2519 	EXP 	blank2_bg: autoDraw = False
727.2519 	EXP 	target_text: autoDraw = False
727.2519 	EXP 	greenCircle: autoDraw = True
727.2519 	EXP 	redCrosss: autoDraw = True
727.3556 	EXP 	Device response: <KeyPress from None: t=727.2352668329986, value=right, duration=0.11218929100141395>
727.4379 	EXP 	blank3_bg: autoDraw = True
727.4460 	EXP 	greenCircle: autoDraw = False
727.4460 	EXP 	redCrosss: autoDraw = False
728.2285 	EXP 	New trial (rep=12, index=9): <Trial 201 (9 in rep 12) data={'prime': 'The boy can read fast', 'target': 'The read can boy fast', 'condition': 'repetition_unrelated', 'correctAns': 'left', 'thisN': 201, 'thisTrialN': 9, 'thisRepN': 12}>
728.2422 	EXP 	blank3_bg: autoDraw = False
728.2422 	EXP 	blank3_bg: autoDraw = False
728.2422 	EXP 	greenCircle: autoDraw = False
728.2422 	EXP 	redCrosss: autoDraw = False
728.2422 	EXP 	prime_text: height = np.float64(0.05)
728.2422 	EXP 	prime_text: height = np.float64(0.05)
728.2422 	EXP 	prime_text: height = np.float64(0.05)
728.2422 	EXP 	prime_text: text = 'The boy can read fast'
728.2422 	EXP 	target_text: height = np.float64(0.05)
728.2422 	EXP 	target_text: height = np.float64(0.05)
728.2422 	EXP 	target_text: height = np.float64(0.05)
728.2422 	EXP 	target_text: text = 'The read can boy fast'
728.2422 	EXP 	fix_text: autoDraw = True
728.4878 	EXP 	fix_text: autoDraw = False
728.4878 	EXP 	blank1_bg: autoDraw = True
728.6879 	EXP 	blank1_bg: autoDraw = False
728.6879 	EXP 	prime_text: autoDraw = True
728.8765 	EXP 	prime_text: autoDraw = False
728.8877 	EXP 	blank2_bg: autoDraw = True
728.9764 	EXP 	blank2_bg: autoDraw = False
728.9883 	INFO 	Keyboard events cleared
728.9880 	EXP 	target_text: autoDraw = True
731.1398 	EXP 	Device response: <KeyPress from None: t=731.1291037079936, value=left, duration=None>
731.1479 	DATA 	Keypress: left
731.1522 	EXP 	fix_text: autoDraw = False
731.1522 	EXP 	blank1_bg: autoDraw = False
731.1522 	EXP 	prime_text: autoDraw = False
731.1522 	EXP 	blank2_bg: autoDraw = False
731.1522 	EXP 	target_text: autoDraw = False
731.1522 	EXP 	greenCircle: autoDraw = True
731.1522 	EXP 	redCrosss: autoDraw = True
731.2395 	EXP 	Device response: <KeyPress from None: t=731.1291037079936, value=left, duration=0.10840116599865723>
731.3376 	EXP 	blank3_bg: autoDraw = True
731.3452 	EXP 	greenCircle: autoDraw = False
731.3452 	EXP 	redCrosss: autoDraw = False
732.1210 	EXP 	New trial (rep=12, index=10): <Trial 202 (10 in rep 12) data={'prime': 'She does not like apples', 'target': 'She not does like apples', 'condition': 'repetition_unrelated', 'correctAns': 'left', 'thisN': 202, 'thisTrialN': 10, 'thisRepN': 12}>
732.1357 	EXP 	blank3_bg: autoDraw = False
732.1357 	EXP 	blank3_bg: autoDraw = False
732.1357 	EXP 	greenCircle: autoDraw = False
732.1357 	EXP 	redCrosss: autoDraw = False
732.1357 	EXP 	prime_text: height = np.float64(0.05)
732.1357 	EXP 	prime_text: height = np.float64(0.05)
732.1357 	EXP 	prime_text: height = np.float64(0.05)
732.1357 	EXP 	prime_text: text = 'She does not like apples'
732.1357 	EXP 	target_text: height = np.float64(0.05)
732.1357 	EXP 	target_text: height = np.float64(0.05)
732.1357 	EXP 	target_text: height = np.float64(0.05)
732.1357 	EXP 	target_text: text = 'She not does like apples'
732.1400 	EXP 	fix_text: autoDraw = True
732.3879 	EXP 	fix_text: autoDraw = False
732.3879 	EXP 	blank1_bg: autoDraw = True
732.5878 	EXP 	blank1_bg: autoDraw = False
732.5878 	EXP 	prime_text: autoDraw = True
732.7761 	EXP 	prime_text: autoDraw = False
732.7881 	EXP 	blank2_bg: autoDraw = True
732.8755 	EXP 	blank2_bg: autoDraw = False
732.8883 	INFO 	Keyboard events cleared
732.8880 	EXP 	target_text: autoDraw = True
733.5894 	EXP 	Device response: <KeyPress from None: t=733.5840626239951, value=left, duration=None>
733.5974 	DATA 	Keypress: left
733.6018 	EXP 	fix_text: autoDraw = False
733.6018 	EXP 	blank1_bg: autoDraw = False
733.6018 	EXP 	prime_text: autoDraw = False
733.6018 	EXP 	blank2_bg: autoDraw = False
733.6018 	EXP 	target_text: autoDraw = False
733.6018 	EXP 	greenCircle: autoDraw = True
733.6018 	EXP 	redCrosss: autoDraw = True
733.7788 	EXP 	Device response: <KeyPress from None: t=733.5840626239951, value=left, duration=0.19228308400488459>
733.7886 	EXP 	blank3_bg: autoDraw = True
733.7957 	EXP 	greenCircle: autoDraw = False
733.7957 	EXP 	redCrosss: autoDraw = False
734.5792 	EXP 	New trial (rep=12, index=11): <Trial 203 (11 in rep 12) data={'prime': 'The boy can read fast', 'target': 'The boy can read fast', 'condition': 'transposition_related', 'correctAns': 'right', 'thisN': 203, 'thisTrialN': 11, 'thisRepN': 12}>
734.5944 	EXP 	blank3_bg: autoDraw = False
734.5944 	EXP 	blank3_bg: autoDraw = False
734.5944 	EXP 	greenCircle: autoDraw = False
734.5944 	EXP 	redCrosss: autoDraw = False
734.5944 	EXP 	prime_text: height = np.float64(0.05)
734.5944 	EXP 	prime_text: height = np.float64(0.05)
734.5944 	EXP 	prime_text: height = np.float64(0.05)
734.5944 	EXP 	prime_text: text = 'The boy can read fast'
734.5944 	EXP 	target_text: height = np.float64(0.05)
734.5944 	EXP 	target_text: height = np.float64(0.05)
734.5944 	EXP 	target_text: height = np.float64(0.05)
734.5944 	EXP 	target_text: text = 'The boy can read fast'
734.5944 	EXP 	fix_text: autoDraw = True
734.8380 	EXP 	fix_text: autoDraw = False
734.8380 	EXP 	blank1_bg: autoDraw = True
735.0257 	EXP 	blank1_bg: autoDraw = False
735.0380 	EXP 	prime_text: autoDraw = True
735.2251 	EXP 	prime_text: autoDraw = False
735.2380 	EXP 	blank2_bg: autoDraw = True
735.3264 	EXP 	blank2_bg: autoDraw = False
735.3382 	INFO 	Keyboard events cleared
735.3379 	EXP 	target_text: autoDraw = True
736.7561 	EXP 	Device response: <KeyPress from None: t=736.7460417489929, value=right, duration=None>
736.7635 	DATA 	Keypress: right
736.7678 	EXP 	fix_text: autoDraw = False
736.7678 	EXP 	blank1_bg: autoDraw = False
736.7678 	EXP 	prime_text: autoDraw = False
736.7678 	EXP 	blank2_bg: autoDraw = False
736.7678 	EXP 	target_text: autoDraw = False
736.7678 	EXP 	greenCircle: autoDraw = True
736.7678 	EXP 	redCrosss: autoDraw = True
736.9532 	EXP 	blank3_bg: autoDraw = True
736.9611 	EXP 	greenCircle: autoDraw = False
736.9611 	EXP 	redCrosss: autoDraw = False
736.9724 	EXP 	Device response: <KeyPress from None: t=736.7460417489929, value=right, duration=0.22431066700664815>
737.7370 	EXP 	New trial (rep=12, index=12): <Trial 204 (12 in rep 12) data={'prime': 'She does not like apples', 'target': 'She not does like apples', 'condition': 'transposition_related', 'correctAns': 'right', 'thisN': 204, 'thisTrialN': 12, 'thisRepN': 12}>
737.7518 	EXP 	blank3_bg: autoDraw = False
737.7518 	EXP 	blank3_bg: autoDraw = False
737.7518 	EXP 	greenCircle: autoDraw = False
737.7518 	EXP 	redCrosss: autoDraw = False
737.7518 	EXP 	prime_text: height = np.float64(0.05)
737.7518 	EXP 	prime_text: height = np.float64(0.05)
737.7518 	EXP 	prime_text: height = np.float64(0.05)
737.7518 	EXP 	prime_text: text = 'She does not like apples'
737.7518 	EXP 	target_text: height = np.float64(0.05)
737.7518 	EXP 	target_text: height = np.float64(0.05)
737.7518 	EXP 	target_text: height = np.float64(0.05)
737.7518 	EXP 	target_text: text = 'She not does like apples'
737.7561 	EXP 	fix_text: autoDraw = True
738.0045 	EXP 	fix_text: autoDraw = False
738.0045 	EXP 	blank1_bg: autoDraw = True
738.1936 	EXP 	blank1_bg: autoDraw = False
738.2046 	EXP 	prime_text: autoDraw = True
738.3928 	EXP 	prime_text: autoDraw = False
738.4044 	EXP 	blank2_bg: autoDraw = True
738.4930 	EXP 	blank2_bg: autoDraw = False
738.5048 	INFO 	Keyboard events cleared
738.5046 	EXP 	target_text: autoDraw = True
739.2557 	EXP 	Device response: <KeyPress from None: t=739.2469173330028, value=left, duration=None>
739.2631 	DATA 	Keypress: left
739.2672 	EXP 	fix_text: autoDraw = False
739.2672 	EXP 	blank1_bg: autoDraw = False
739.2672 	EXP 	prime_text: autoDraw = False
739.2672 	EXP 	blank2_bg: autoDraw = False
739.2672 	EXP 	target_text: autoDraw = False
739.2672 	EXP 	greenCircle: autoDraw = True
739.2672 	EXP 	redCrosss: autoDraw = True
739.4222 	EXP 	Device response: <KeyPress from None: t=739.2469173330028, value=left, duration=0.1723838329926366>
739.4545 	EXP 	blank3_bg: autoDraw = True
739.4622 	EXP 	greenCircle: autoDraw = False
739.4622 	EXP 	redCrosss: autoDraw = False
740.2386 	EXP 	New trial (rep=12, index=13): <Trial 205 (13 in rep 12) data={'prime': 'The dog is barking loudly', 'target': 'The dog barking is loudly', 'condition': 'transposition_related', 'correctAns': 'right', 'thisN': 205, 'thisTrialN': 13, 'thisRepN': 12}>
740.2544 	EXP 	blank3_bg: autoDraw = False
740.2544 	EXP 	blank3_bg: autoDraw = False
740.2544 	EXP 	greenCircle: autoDraw = False
740.2544 	EXP 	redCrosss: autoDraw = False
740.2544 	EXP 	prime_text: height = np.float64(0.05)
740.2544 	EXP 	prime_text: height = np.float64(0.05)
740.2544 	EXP 	prime_text: height = np.float64(0.05)
740.2544 	EXP 	prime_text: text = 'The dog is barking loudly'
740.2544 	EXP 	target_text: height = np.float64(0.05)
740.2544 	EXP 	target_text: height = np.float64(0.05)
740.2544 	EXP 	target_text: height = np.float64(0.05)
740.2544 	EXP 	target_text: text = 'The dog barking is loudly'
740.2589 	EXP 	fix_text: autoDraw = True
740.5046 	EXP 	fix_text: autoDraw = False
740.5046 	EXP 	blank1_bg: autoDraw = True
740.7044 	EXP 	blank1_bg: autoDraw = False
740.7044 	EXP 	prime_text: autoDraw = True
740.8921 	EXP 	prime_text: autoDraw = False
740.9048 	EXP 	blank2_bg: autoDraw = True
740.9928 	EXP 	blank2_bg: autoDraw = False
741.0048 	INFO 	Keyboard events cleared
741.0045 	EXP 	target_text: autoDraw = True
741.7731 	EXP 	Device response: <KeyPress from None: t=741.7707722909981, value=left, duration=None>
741.7816 	DATA 	Keypress: left
741.7859 	EXP 	fix_text: autoDraw = False
741.7859 	EXP 	blank1_bg: autoDraw = False
741.7859 	EXP 	prime_text: autoDraw = False
741.7859 	EXP 	blank2_bg: autoDraw = False
741.7859 	EXP 	target_text: autoDraw = False
741.7859 	EXP 	greenCircle: autoDraw = True
741.7859 	EXP 	redCrosss: autoDraw = True
741.9054 	EXP 	Device response: <KeyPress from None: t=741.7707722909981, value=left, duration=0.13238183299836237>
741.9712 	EXP 	blank3_bg: autoDraw = True
741.9792 	EXP 	greenCircle: autoDraw = False
741.9792 	EXP 	redCrosss: autoDraw = False
742.7553 	EXP 	New trial (rep=12, index=14): <Trial 206 (14 in rep 12) data={'prime': 'The dog is barking loudly', 'target': 'The dog is barking loudly', 'condition': 'repetition_related', 'correctAns': 'right', 'thisN': 206, 'thisTrialN': 14, 'thisRepN': 12}>
742.7661 	EXP 	blank3_bg: autoDraw = False
742.7661 	EXP 	blank3_bg: autoDraw = False
742.7661 	EXP 	greenCircle: autoDraw = False
742.7661 	EXP 	redCrosss: autoDraw = False
742.7661 	EXP 	prime_text: text = 'The dog is barking loudly'
742.7661 	EXP 	target_text: height = np.float64(0.05)
742.7661 	EXP 	target_text: height = np.float64(0.05)
742.7661 	EXP 	target_text: height = np.float64(0.05)
742.7661 	EXP 	target_text: text = 'The dog is barking loudly'
742.7875 	EXP 	fix_text: autoDraw = True
743.0200 	EXP 	blank1_bg: autoDraw = True
743.0269 	EXP 	fix_text: autoDraw = False
743.2081 	EXP 	blank1_bg: autoDraw = False
743.2210 	EXP 	prime_text: autoDraw = True
743.4093 	EXP 	prime_text: autoDraw = False
743.4214 	EXP 	blank2_bg: autoDraw = True
743.5085 	EXP 	blank2_bg: autoDraw = False
743.5215 	INFO 	Keyboard events cleared
743.5213 	EXP 	target_text: autoDraw = True
744.5892 	EXP 	Device response: <KeyPress from None: t=744.5848294579919, value=right, duration=None>
744.5986 	DATA 	Keypress: right
744.6029 	EXP 	fix_text: autoDraw = False
744.6029 	EXP 	blank1_bg: autoDraw = False
744.6029 	EXP 	prime_text: autoDraw = False
744.6029 	EXP 	blank2_bg: autoDraw = False
744.6029 	EXP 	target_text: autoDraw = False
744.6029 	EXP 	greenCircle: autoDraw = True
744.6029 	EXP 	redCrosss: autoDraw = True
744.7564 	EXP 	Device response: <KeyPress from None: t=744.5848294579919, value=right, duration=0.1682308750023367>
744.7878 	EXP 	blank3_bg: autoDraw = True
744.7955 	EXP 	greenCircle: autoDraw = False
744.7955 	EXP 	redCrosss: autoDraw = False
745.5766 	EXP 	New trial (rep=12, index=15): <Trial 207 (15 in rep 12) data={'prime': 'She does not like apples', 'target': 'She does not like apples', 'condition': 'repetition_related', 'correctAns': 'right', 'thisN': 207, 'thisTrialN': 15, 'thisRepN': 12}>
745.5903 	EXP 	blank3_bg: autoDraw = False
745.5903 	EXP 	blank3_bg: autoDraw = False
745.5903 	EXP 	greenCircle: autoDraw = False
745.5903 	EXP 	redCrosss: autoDraw = False
745.5903 	EXP 	prime_text: height = np.float64(0.05)
745.5903 	EXP 	prime_text: height = np.float64(0.05)
745.5903 	EXP 	prime_text: height = np.float64(0.05)
745.5903 	EXP 	prime_text: text = 'She does not like apples'
745.5903 	EXP 	target_text: height = np.float64(0.05)
745.5903 	EXP 	target_text: height = np.float64(0.05)
745.5903 	EXP 	target_text: height = np.float64(0.05)
745.5903 	EXP 	target_text: text = 'She does not like apples'
745.5903 	EXP 	fix_text: autoDraw = True
745.8378 	EXP 	fix_text: autoDraw = False
745.8378 	EXP 	blank1_bg: autoDraw = True
746.0255 	EXP 	blank1_bg: autoDraw = False
746.0378 	EXP 	prime_text: autoDraw = True
746.2264 	EXP 	prime_text: autoDraw = False
746.2380 	EXP 	blank2_bg: autoDraw = True
746.3263 	EXP 	blank2_bg: autoDraw = False
746.3382 	INFO 	Keyboard events cleared
746.3379 	EXP 	target_text: autoDraw = True
747.0896 	EXP 	Device response: <KeyPress from None: t=747.0777149159985, value=left, duration=None>
747.0979 	DATA 	Keypress: left
747.1021 	EXP 	fix_text: autoDraw = False
747.1021 	EXP 	blank1_bg: autoDraw = False
747.1021 	EXP 	prime_text: autoDraw = False
747.1021 	EXP 	blank2_bg: autoDraw = False
747.1021 	EXP 	target_text: autoDraw = False
747.1021 	EXP 	greenCircle: autoDraw = True
747.1021 	EXP 	redCrosss: autoDraw = True
747.1891 	EXP 	Device response: <KeyPress from None: t=747.0777149159985, value=left, duration=0.10431970799982082>
747.2878 	EXP 	blank3_bg: autoDraw = True
747.2955 	EXP 	greenCircle: autoDraw = False
747.2955 	EXP 	redCrosss: autoDraw = False
748.0771 	EXP 	New trial (rep=13, index=0): <Trial 208 (0 in rep 13) data={'prime': 'They have finished the work', 'target': 'They work the have finished', 'condition': 'transposition_unrelated', 'correctAns': 'left', 'thisN': 208, 'thisTrialN': 0, 'thisRepN': 13}>
748.0912 	EXP 	blank3_bg: autoDraw = False
748.0912 	EXP 	blank3_bg: autoDraw = False
748.0912 	EXP 	greenCircle: autoDraw = False
748.0912 	EXP 	redCrosss: autoDraw = False
748.0912 	EXP 	prime_text: height = np.float64(0.05)
748.0912 	EXP 	prime_text: height = np.float64(0.05)
748.0912 	EXP 	prime_text: height = np.float64(0.05)
748.0912 	EXP 	prime_text: text = 'They have finished the work'
748.0912 	EXP 	target_text: height = np.float64(0.05)
748.0912 	EXP 	target_text: height = np.float64(0.05)
748.0912 	EXP 	target_text: height = np.float64(0.05)
748.0912 	EXP 	target_text: text = 'They work the have finished'
748.0912 	EXP 	fix_text: autoDraw = True
748.3379 	EXP 	fix_text: autoDraw = False
748.3379 	EXP 	blank1_bg: autoDraw = True
748.5378 	EXP 	blank1_bg: autoDraw = False
748.5378 	EXP 	prime_text: autoDraw = True
748.7248 	EXP 	prime_text: autoDraw = False
748.7380 	EXP 	blank2_bg: autoDraw = True
748.8264 	EXP 	blank2_bg: autoDraw = False
748.8381 	INFO 	Keyboard events cleared
748.8379 	EXP 	target_text: autoDraw = True
755.0893 	EXP 	Device response: <KeyPress from None: t=755.0866961659922, value=left, duration=None>
755.0981 	DATA 	Keypress: left
755.1026 	EXP 	fix_text: autoDraw = False
755.1026 	EXP 	blank1_bg: autoDraw = False
755.1026 	EXP 	prime_text: autoDraw = False
755.1026 	EXP 	blank2_bg: autoDraw = False
755.1026 	EXP 	target_text: autoDraw = False
755.1026 	EXP 	greenCircle: autoDraw = True
755.1026 	EXP 	redCrosss: autoDraw = True
755.2869 	EXP 	blank3_bg: autoDraw = True
755.2885 	EXP 	Device response: <KeyPress from None: t=755.0866961659922, value=left, duration=0.1977051670110086>
755.2978 	EXP 	greenCircle: autoDraw = False
755.2978 	EXP 	redCrosss: autoDraw = False
756.0720 	EXP 	New trial (rep=13, index=1): <Trial 209 (1 in rep 13) data={'prime': 'They have finished the work', 'target': 'They finished have the work', 'condition': 'transposition_related', 'correctAns': 'right', 'thisN': 209, 'thisTrialN': 1, 'thisRepN': 13}>
756.0833 	EXP 	blank3_bg: autoDraw = False
756.0833 	EXP 	blank3_bg: autoDraw = False
756.0833 	EXP 	greenCircle: autoDraw = False
756.0833 	EXP 	redCrosss: autoDraw = False
756.0833 	EXP 	prime_text: text = 'They have finished the work'
756.0833 	EXP 	target_text: height = np.float64(0.05)
756.0833 	EXP 	target_text: height = np.float64(0.05)
756.0833 	EXP 	target_text: height = np.float64(0.05)
756.0833 	EXP 	target_text: text = 'They finished have the work'
756.0889 	EXP 	fix_text: autoDraw = True
756.3381 	EXP 	fix_text: autoDraw = False
756.3381 	EXP 	blank1_bg: autoDraw = True
756.5380 	EXP 	blank1_bg: autoDraw = False
756.5380 	EXP 	prime_text: autoDraw = True
756.7251 	EXP 	prime_text: autoDraw = False
756.7379 	EXP 	blank2_bg: autoDraw = True
756.8256 	EXP 	blank2_bg: autoDraw = False
756.8382 	INFO 	Keyboard events cleared
756.8380 	EXP 	target_text: autoDraw = True
758.7285 	EXP 	Device response: <KeyPress from None: t=758.7240102079959, value=left, duration=None>
758.7359 	DATA 	Keypress: left
758.7403 	EXP 	fix_text: autoDraw = False
758.7403 	EXP 	blank1_bg: autoDraw = False
758.7403 	EXP 	prime_text: autoDraw = False
758.7403 	EXP 	blank2_bg: autoDraw = False
758.7403 	EXP 	target_text: autoDraw = False
758.7403 	EXP 	greenCircle: autoDraw = True
758.7403 	EXP 	redCrosss: autoDraw = True
758.9301 	EXP 	blank3_bg: autoDraw = True
758.9314 	EXP 	Device response: <KeyPress from None: t=758.7240102079959, value=left, duration=0.20037575000606012>
758.9545 	EXP 	greenCircle: autoDraw = False
758.9545 	EXP 	redCrosss: autoDraw = False
759.7209 	EXP 	New trial (rep=13, index=2): <Trial 210 (2 in rep 13) data={'prime': 'She does not like apples', 'target': 'She like does apples not', 'condition': 'transposition_unrelated', 'correctAns': 'left', 'thisN': 210, 'thisTrialN': 2, 'thisRepN': 13}>
759.7366 	EXP 	blank3_bg: autoDraw = False
759.7366 	EXP 	blank3_bg: autoDraw = False
759.7366 	EXP 	greenCircle: autoDraw = False
759.7366 	EXP 	redCrosss: autoDraw = False
759.7366 	EXP 	prime_text: height = np.float64(0.05)
759.7366 	EXP 	prime_text: height = np.float64(0.05)
759.7366 	EXP 	prime_text: height = np.float64(0.05)
759.7366 	EXP 	prime_text: text = 'She does not like apples'
759.7366 	EXP 	target_text: height = np.float64(0.05)
759.7366 	EXP 	target_text: height = np.float64(0.05)
759.7366 	EXP 	target_text: height = np.float64(0.05)
759.7366 	EXP 	target_text: text = 'She like does apples not'
759.7366 	EXP 	fix_text: autoDraw = True
759.9795 	EXP 	fix_text: autoDraw = False
759.9795 	EXP 	blank1_bg: autoDraw = True
760.1695 	EXP 	prime_text: autoDraw = True
760.1742 	EXP 	blank1_bg: autoDraw = False
760.3596 	EXP 	prime_text: autoDraw = False
760.3775 	EXP 	blank2_bg: autoDraw = True
760.4783 	INFO 	Keyboard events cleared
760.4781 	EXP 	blank2_bg: autoDraw = False
760.4781 	EXP 	target_text: autoDraw = True
761.1393 	EXP 	Device response: <KeyPress from None: t=761.1349653329962, value=left, duration=None>
761.1477 	DATA 	Keypress: left
761.1520 	EXP 	fix_text: autoDraw = False
761.1520 	EXP 	blank1_bg: autoDraw = False
761.1520 	EXP 	prime_text: autoDraw = False
761.1520 	EXP 	blank2_bg: autoDraw = False
761.1520 	EXP 	target_text: autoDraw = False
761.1520 	EXP 	greenCircle: autoDraw = True
761.1520 	EXP 	redCrosss: autoDraw = True
761.3058 	EXP 	Device response: <KeyPress from None: t=761.1349653329962, value=left, duration=0.1643973750033183>
761.3379 	EXP 	blank3_bg: autoDraw = True
761.3457 	EXP 	greenCircle: autoDraw = False
761.3457 	EXP 	redCrosss: autoDraw = False
762.1217 	EXP 	New trial (rep=13, index=3): <Trial 211 (3 in rep 13) data={'prime': 'They have finished the work', 'target': 'They finished have the work', 'condition': 'repetition_unrelated', 'correctAns': 'left', 'thisN': 211, 'thisTrialN': 3, 'thisRepN': 13}>
762.1372 	EXP 	blank3_bg: autoDraw = False
762.1372 	EXP 	blank3_bg: autoDraw = False
762.1372 	EXP 	greenCircle: autoDraw = False
762.1372 	EXP 	redCrosss: autoDraw = False
762.1372 	EXP 	prime_text: height = np.float64(0.05)
762.1372 	EXP 	prime_text: height = np.float64(0.05)
762.1372 	EXP 	prime_text: height = np.float64(0.05)
762.1372 	EXP 	prime_text: text = 'They have finished the work'
762.1372 	EXP 	target_text: height = np.float64(0.05)
762.1372 	EXP 	target_text: height = np.float64(0.05)
762.1372 	EXP 	target_text: height = np.float64(0.05)
762.1372 	EXP 	target_text: text = 'They finished have the work'
762.1415 	EXP 	fix_text: autoDraw = True
762.3878 	EXP 	fix_text: autoDraw = False
762.3878 	EXP 	blank1_bg: autoDraw = True
762.5761 	EXP 	blank1_bg: autoDraw = False
762.5879 	EXP 	prime_text: autoDraw = True
762.7764 	EXP 	prime_text: autoDraw = False
762.7879 	EXP 	blank2_bg: autoDraw = True
762.8761 	EXP 	blank2_bg: autoDraw = False
762.8882 	INFO 	Keyboard events cleared
762.8879 	EXP 	target_text: autoDraw = True
763.9891 	EXP 	Device response: <KeyPress from None: t=763.984915915993, value=left, duration=None>
763.9970 	DATA 	Keypress: left
764.0014 	EXP 	fix_text: autoDraw = False
764.0014 	EXP 	blank1_bg: autoDraw = False
764.0014 	EXP 	prime_text: autoDraw = False
764.0014 	EXP 	blank2_bg: autoDraw = False
764.0014 	EXP 	target_text: autoDraw = False
764.0014 	EXP 	greenCircle: autoDraw = True
764.0014 	EXP 	redCrosss: autoDraw = True
764.1452 	EXP 	Device response: <KeyPress from None: t=763.984915915993, value=left, duration=0.15636479201202746>
764.1878 	EXP 	blank3_bg: autoDraw = True
764.1956 	EXP 	greenCircle: autoDraw = False
764.1956 	EXP 	redCrosss: autoDraw = False
764.9769 	EXP 	New trial (rep=13, index=4): <Trial 212 (4 in rep 13) data={'prime': 'The boy can read fast', 'target': 'The read can boy fast', 'condition': 'transposition_unrelated', 'correctAns': 'left', 'thisN': 212, 'thisTrialN': 4, 'thisRepN': 13}>
764.9915 	EXP 	blank3_bg: autoDraw = False
764.9915 	EXP 	blank3_bg: autoDraw = False
764.9915 	EXP 	greenCircle: autoDraw = False
764.9915 	EXP 	redCrosss: autoDraw = False
764.9915 	EXP 	prime_text: height = np.float64(0.05)
764.9915 	EXP 	prime_text: height = np.float64(0.05)
764.9915 	EXP 	prime_text: height = np.float64(0.05)
764.9915 	EXP 	prime_text: text = 'The boy can read fast'
764.9915 	EXP 	target_text: height = np.float64(0.05)
764.9915 	EXP 	target_text: height = np.float64(0.05)
764.9915 	EXP 	target_text: height = np.float64(0.05)
764.9915 	EXP 	target_text: text = 'The read can boy fast'
764.9915 	EXP 	fix_text: autoDraw = True
765.2379 	EXP 	fix_text: autoDraw = False
765.2379 	EXP 	blank1_bg: autoDraw = True
765.4378 	EXP 	blank1_bg: autoDraw = False
765.4378 	EXP 	prime_text: autoDraw = True
765.6262 	EXP 	prime_text: autoDraw = False
765.6378 	EXP 	blank2_bg: autoDraw = True
765.7251 	EXP 	blank2_bg: autoDraw = False
765.7379 	INFO 	Keyboard events cleared
765.7377 	EXP 	target_text: autoDraw = True
766.3563 	EXP 	Device response: <KeyPress from None: t=766.3528202489979, value=left, duration=None>
766.3646 	DATA 	Keypress: left
766.3689 	EXP 	fix_text: autoDraw = False
766.3689 	EXP 	blank1_bg: autoDraw = False
766.3689 	EXP 	prime_text: autoDraw = False
766.3689 	EXP 	blank2_bg: autoDraw = False
766.3689 	EXP 	target_text: autoDraw = False
766.3689 	EXP 	greenCircle: autoDraw = True
766.3689 	EXP 	redCrosss: autoDraw = True
766.5059 	EXP 	Device response: <KeyPress from None: t=766.3528202489979, value=left, duration=0.14430724999692757>
766.5543 	EXP 	blank3_bg: autoDraw = True
766.5619 	EXP 	greenCircle: autoDraw = False
766.5619 	EXP 	redCrosss: autoDraw = False
767.3432 	EXP 	New trial (rep=13, index=5): <Trial 213 (5 in rep 13) data={'prime': 'The boy can read fast', 'target': 'The boy can read fast', 'condition': 'repetition_related', 'correctAns': 'right', 'thisN': 213, 'thisTrialN': 5, 'thisRepN': 13}>
767.3537 	EXP 	blank3_bg: autoDraw = False
767.3537 	EXP 	blank3_bg: autoDraw = False
767.3537 	EXP 	greenCircle: autoDraw = False
767.3537 	EXP 	redCrosss: autoDraw = False
767.3537 	EXP 	prime_text: text = 'The boy can read fast'
767.3537 	EXP 	target_text: height = np.float64(0.05)
767.3537 	EXP 	target_text: height = np.float64(0.05)
767.3537 	EXP 	target_text: height = np.float64(0.05)
767.3537 	EXP 	target_text: text = 'The boy can read fast'
767.3537 	EXP 	fix_text: autoDraw = True
767.5918 	EXP 	fix_text: autoDraw = False
767.6046 	EXP 	blank1_bg: autoDraw = True
767.8046 	EXP 	blank1_bg: autoDraw = False
767.8046 	EXP 	prime_text: autoDraw = True
767.9931 	EXP 	prime_text: autoDraw = False
768.0046 	EXP 	blank2_bg: autoDraw = True
768.0921 	EXP 	blank2_bg: autoDraw = False
768.1047 	INFO 	Keyboard events cleared
768.1045 	EXP 	target_text: autoDraw = True
768.5118 	EXP 	Device response: <KeyPress from None: t=768.5087814159924, value=right, duration=None>
768.5190 	DATA 	Keypress: right
768.5238 	EXP 	fix_text: autoDraw = False
768.5238 	EXP 	blank1_bg: autoDraw = False
768.5238 	EXP 	prime_text: autoDraw = False
768.5238 	EXP 	blank2_bg: autoDraw = False
768.5238 	EXP 	target_text: autoDraw = False
768.5238 	EXP 	greenCircle: autoDraw = True
768.5238 	EXP 	redCrosss: autoDraw = True
768.6728 	EXP 	Device response: <KeyPress from None: t=768.5087814159924, value=right, duration=0.15635958300845232>
768.7129 	EXP 	blank3_bg: autoDraw = True
768.7197 	EXP 	greenCircle: autoDraw = False
768.7197 	EXP 	redCrosss: autoDraw = False
769.5034 	EXP 	New trial (rep=13, index=6): <Trial 214 (6 in rep 13) data={'prime': 'The dog is barking loudly', 'target': 'The loudly is barking dog', 'condition': 'repetition_unrelated', 'correctAns': 'left', 'thisN': 214, 'thisTrialN': 6, 'thisRepN': 13}>
769.5173 	EXP 	blank3_bg: autoDraw = False
769.5173 	EXP 	blank3_bg: autoDraw = False
769.5173 	EXP 	greenCircle: autoDraw = False
769.5173 	EXP 	redCrosss: autoDraw = False
769.5173 	EXP 	prime_text: height = np.float64(0.05)
769.5173 	EXP 	prime_text: height = np.float64(0.05)
769.5173 	EXP 	prime_text: height = np.float64(0.05)
769.5173 	EXP 	prime_text: text = 'The dog is barking loudly'
769.5173 	EXP 	target_text: height = np.float64(0.05)
769.5173 	EXP 	target_text: height = np.float64(0.05)
769.5173 	EXP 	target_text: height = np.float64(0.05)
769.5173 	EXP 	target_text: text = 'The loudly is barking dog'
769.5173 	EXP 	fix_text: autoDraw = True
769.7628 	EXP 	fix_text: autoDraw = False
769.7628 	EXP 	blank1_bg: autoDraw = True
769.9608 	EXP 	blank1_bg: autoDraw = False
769.9608 	EXP 	prime_text: autoDraw = True
770.1546 	EXP 	prime_text: autoDraw = False
770.1610 	EXP 	blank2_bg: autoDraw = True
770.2544 	EXP 	blank2_bg: autoDraw = False
770.2605 	INFO 	Keyboard events cleared
770.2603 	EXP 	target_text: autoDraw = True
771.2229 	EXP 	Device response: <KeyPress from None: t=771.2177476659999, value=left, duration=None>
771.2313 	DATA 	Keypress: left
771.2357 	EXP 	fix_text: autoDraw = False
771.2357 	EXP 	blank1_bg: autoDraw = False
771.2357 	EXP 	prime_text: autoDraw = False
771.2357 	EXP 	blank2_bg: autoDraw = False
771.2357 	EXP 	target_text: autoDraw = False
771.2357 	EXP 	greenCircle: autoDraw = True
771.2357 	EXP 	redCrosss: autoDraw = True
771.3730 	EXP 	Device response: <KeyPress from None: t=771.2177476659999, value=left, duration=0.14421712499461137>
771.4210 	EXP 	blank3_bg: autoDraw = True
771.4294 	EXP 	greenCircle: autoDraw = False
771.4294 	EXP 	redCrosss: autoDraw = False
772.2112 	EXP 	New trial (rep=13, index=7): <Trial 215 (7 in rep 13) data={'prime': 'She does not like apples', 'target': 'She not does like apples', 'condition': 'transposition_related', 'correctAns': 'right', 'thisN': 215, 'thisTrialN': 7, 'thisRepN': 13}>
772.2259 	EXP 	blank3_bg: autoDraw = False
772.2259 	EXP 	blank3_bg: autoDraw = False
772.2259 	EXP 	greenCircle: autoDraw = False
772.2259 	EXP 	redCrosss: autoDraw = False
772.2259 	EXP 	prime_text: height = np.float64(0.05)
772.2259 	EXP 	prime_text: height = np.float64(0.05)
772.2259 	EXP 	prime_text: height = np.float64(0.05)
772.2259 	EXP 	prime_text: text = 'She does not like apples'
772.2259 	EXP 	target_text: height = np.float64(0.05)
772.2259 	EXP 	target_text: height = np.float64(0.05)
772.2259 	EXP 	target_text: height = np.float64(0.05)
772.2259 	EXP 	target_text: text = 'She not does like apples'
772.2259 	EXP 	fix_text: autoDraw = True
772.4713 	EXP 	fix_text: autoDraw = False
772.4713 	EXP 	blank1_bg: autoDraw = True
772.6711 	EXP 	blank1_bg: autoDraw = False
772.6711 	EXP 	prime_text: autoDraw = True
772.8596 	EXP 	prime_text: autoDraw = False
772.8712 	EXP 	blank2_bg: autoDraw = True
772.9588 	EXP 	blank2_bg: autoDraw = False
772.9713 	INFO 	Keyboard events cleared
772.9710 	EXP 	target_text: autoDraw = True
774.0395 	EXP 	Device response: <KeyPress from None: t=774.0337925409985, value=left, duration=None>
774.0477 	DATA 	Keypress: left
774.0519 	EXP 	fix_text: autoDraw = False
774.0519 	EXP 	blank1_bg: autoDraw = False
774.0519 	EXP 	prime_text: autoDraw = False
774.0519 	EXP 	blank2_bg: autoDraw = False
774.0519 	EXP 	target_text: autoDraw = False
774.0519 	EXP 	greenCircle: autoDraw = True
774.0519 	EXP 	redCrosss: autoDraw = True
774.1952 	EXP 	Device response: <KeyPress from None: t=774.0337925409985, value=left, duration=0.1562482080043992>
774.2378 	EXP 	blank3_bg: autoDraw = True
774.2454 	EXP 	greenCircle: autoDraw = False
774.2454 	EXP 	redCrosss: autoDraw = False
775.0284 	EXP 	New trial (rep=13, index=8): <Trial 216 (8 in rep 13) data={'prime': 'They have finished the work', 'target': 'They have finished the work', 'condition': 'repetition_related', 'correctAns': 'right', 'thisN': 216, 'thisTrialN': 8, 'thisRepN': 13}>
775.0435 	EXP 	blank3_bg: autoDraw = False
775.0435 	EXP 	blank3_bg: autoDraw = False
775.0435 	EXP 	greenCircle: autoDraw = False
775.0435 	EXP 	redCrosss: autoDraw = False
775.0435 	EXP 	prime_text: height = np.float64(0.05)
775.0435 	EXP 	prime_text: height = np.float64(0.05)
775.0435 	EXP 	prime_text: height = np.float64(0.05)
775.0435 	EXP 	prime_text: text = 'They have finished the work'
775.0435 	EXP 	target_text: height = np.float64(0.05)
775.0435 	EXP 	target_text: height = np.float64(0.05)
775.0435 	EXP 	target_text: height = np.float64(0.05)
775.0435 	EXP 	target_text: text = 'They have finished the work'
775.0435 	EXP 	fix_text: autoDraw = True
775.2877 	EXP 	fix_text: autoDraw = False
775.2877 	EXP 	blank1_bg: autoDraw = True
775.4760 	EXP 	blank1_bg: autoDraw = False
775.4878 	EXP 	prime_text: autoDraw = True
775.6764 	EXP 	prime_text: autoDraw = False
775.6878 	EXP 	blank2_bg: autoDraw = True
775.7765 	EXP 	blank2_bg: autoDraw = False
775.7879 	INFO 	Keyboard events cleared
775.7877 	EXP 	target_text: autoDraw = True
778.6897 	EXP 	Device response: <KeyPress from None: t=778.6823540409969, value=right, duration=None>
778.6981 	DATA 	Keypress: right
778.7025 	EXP 	fix_text: autoDraw = False
778.7025 	EXP 	blank1_bg: autoDraw = False
778.7025 	EXP 	prime_text: autoDraw = False
778.7025 	EXP 	blank2_bg: autoDraw = False
778.7025 	EXP 	target_text: autoDraw = False
778.7025 	EXP 	greenCircle: autoDraw = True
778.7025 	EXP 	redCrosss: autoDraw = True
778.8730 	EXP 	Device response: <KeyPress from None: t=778.6823540409969, value=right, duration=0.18590612499974668>
778.8874 	EXP 	blank3_bg: autoDraw = True
778.8938 	EXP 	greenCircle: autoDraw = False
778.8938 	EXP 	redCrosss: autoDraw = False
779.6787 	EXP 	New trial (rep=13, index=9): <Trial 217 (9 in rep 13) data={'prime': 'The boy can read fast', 'target': 'The boy can read fast', 'condition': 'transposition_related', 'correctAns': 'right', 'thisN': 217, 'thisTrialN': 9, 'thisRepN': 13}>
779.6938 	EXP 	blank3_bg: autoDraw = False
779.6938 	EXP 	blank3_bg: autoDraw = False
779.6938 	EXP 	greenCircle: autoDraw = False
779.6938 	EXP 	redCrosss: autoDraw = False
779.6938 	EXP 	prime_text: height = np.float64(0.05)
779.6938 	EXP 	prime_text: height = np.float64(0.05)
779.6938 	EXP 	prime_text: height = np.float64(0.05)
779.6938 	EXP 	prime_text: text = 'The boy can read fast'
779.6938 	EXP 	target_text: height = np.float64(0.05)
779.6938 	EXP 	target_text: height = np.float64(0.05)
779.6938 	EXP 	target_text: height = np.float64(0.05)
779.6938 	EXP 	target_text: text = 'The boy can read fast'
779.6938 	EXP 	fix_text: autoDraw = True
779.9378 	EXP 	fix_text: autoDraw = False
779.9378 	EXP 	blank1_bg: autoDraw = True
780.1262 	EXP 	blank1_bg: autoDraw = False
780.1379 	EXP 	prime_text: autoDraw = True
780.3264 	EXP 	prime_text: autoDraw = False
780.3378 	EXP 	blank2_bg: autoDraw = True
780.4256 	EXP 	blank2_bg: autoDraw = False
780.4380 	INFO 	Keyboard events cleared
780.4378 	EXP 	target_text: autoDraw = True
785.4723 	EXP 	Device response: <KeyPress from None: t=785.4638447489997, value=right, duration=None>
785.4796 	DATA 	Keypress: right
785.4837 	EXP 	fix_text: autoDraw = False
785.4837 	EXP 	blank1_bg: autoDraw = False
785.4837 	EXP 	prime_text: autoDraw = False
785.4837 	EXP 	blank2_bg: autoDraw = False
785.4837 	EXP 	target_text: autoDraw = False
785.4837 	EXP 	greenCircle: autoDraw = True
785.4837 	EXP 	redCrosss: autoDraw = True
785.6399 	EXP 	Device response: <KeyPress from None: t=785.4638447489997, value=right, duration=0.1700756670034025>
785.6710 	EXP 	blank3_bg: autoDraw = True
785.6783 	EXP 	greenCircle: autoDraw = False
785.6783 	EXP 	redCrosss: autoDraw = False
786.4544 	EXP 	New trial (rep=13, index=10): <Trial 218 (10 in rep 13) data={'prime': 'The dog is barking loudly', 'target': 'The barking dog loudly is', 'condition': 'transposition_unrelated', 'correctAns': 'left', 'thisN': 218, 'thisTrialN': 10, 'thisRepN': 13}>
786.4693 	EXP 	blank3_bg: autoDraw = False
786.4693 	EXP 	blank3_bg: autoDraw = False
786.4693 	EXP 	greenCircle: autoDraw = False
786.4693 	EXP 	redCrosss: autoDraw = False
786.4693 	EXP 	prime_text: height = np.float64(0.05)
786.4693 	EXP 	prime_text: height = np.float64(0.05)
786.4693 	EXP 	prime_text: height = np.float64(0.05)
786.4693 	EXP 	prime_text: text = 'The dog is barking loudly'
786.4693 	EXP 	target_text: height = np.float64(0.05)
786.4693 	EXP 	target_text: height = np.float64(0.05)
786.4693 	EXP 	target_text: height = np.float64(0.05)
786.4693 	EXP 	target_text: text = 'The barking dog loudly is'
786.4731 	EXP 	fix_text: autoDraw = True
786.7212 	EXP 	fix_text: autoDraw = False
786.7212 	EXP 	blank1_bg: autoDraw = True
786.9211 	EXP 	blank1_bg: autoDraw = False
786.9211 	EXP 	prime_text: autoDraw = True
787.1092 	EXP 	prime_text: autoDraw = False
787.1212 	EXP 	blank2_bg: autoDraw = True
787.2092 	EXP 	blank2_bg: autoDraw = False
787.2212 	INFO 	Keyboard events cleared
787.2210 	EXP 	target_text: autoDraw = True
788.0556 	EXP 	Device response: <KeyPress from None: t=788.0444345830037, value=left, duration=None>
788.0630 	DATA 	Keypress: left
788.0672 	EXP 	fix_text: autoDraw = False
788.0672 	EXP 	blank1_bg: autoDraw = False
788.0672 	EXP 	prime_text: autoDraw = False
788.0672 	EXP 	blank2_bg: autoDraw = False
788.0672 	EXP 	target_text: autoDraw = False
788.0672 	EXP 	greenCircle: autoDraw = True
788.0672 	EXP 	redCrosss: autoDraw = True
788.1893 	EXP 	Device response: <KeyPress from None: t=788.0444345830037, value=left, duration=0.13638495799386874>
788.2541 	EXP 	blank3_bg: autoDraw = True
788.2604 	EXP 	greenCircle: autoDraw = False
788.2604 	EXP 	redCrosss: autoDraw = False
789.0386 	EXP 	New trial (rep=13, index=11): <Trial 219 (11 in rep 13) data={'prime': 'The dog is barking loudly', 'target': 'The dog barking is loudly', 'condition': 'transposition_related', 'correctAns': 'right', 'thisN': 219, 'thisTrialN': 11, 'thisRepN': 13}>
789.0499 	EXP 	blank3_bg: autoDraw = False
789.0499 	EXP 	blank3_bg: autoDraw = False
789.0499 	EXP 	greenCircle: autoDraw = False
789.0499 	EXP 	redCrosss: autoDraw = False
789.0499 	EXP 	prime_text: text = 'The dog is barking loudly'
789.0499 	EXP 	target_text: height = np.float64(0.05)
789.0499 	EXP 	target_text: height = np.float64(0.05)
789.0499 	EXP 	target_text: height = np.float64(0.05)
789.0499 	EXP 	target_text: text = 'The dog barking is loudly'
789.0559 	EXP 	fix_text: autoDraw = True
789.3045 	EXP 	fix_text: autoDraw = False
789.3045 	EXP 	blank1_bg: autoDraw = True
789.4930 	EXP 	blank1_bg: autoDraw = False
789.5041 	EXP 	prime_text: autoDraw = True
789.6931 	EXP 	prime_text: autoDraw = False
789.7046 	EXP 	blank2_bg: autoDraw = True
789.7929 	EXP 	blank2_bg: autoDraw = False
789.8047 	INFO 	Keyboard events cleared
789.8044 	EXP 	target_text: autoDraw = True
790.7940 	EXP 	Device response: <KeyPress from None: t=790.7914146239928, value=left, duration=None>
790.8013 	DATA 	Keypress: left
790.8065 	EXP 	fix_text: autoDraw = False
790.8065 	EXP 	blank1_bg: autoDraw = False
790.8065 	EXP 	prime_text: autoDraw = False
790.8065 	EXP 	blank2_bg: autoDraw = False
790.8065 	EXP 	target_text: autoDraw = False
790.8065 	EXP 	greenCircle: autoDraw = True
790.8065 	EXP 	redCrosss: autoDraw = True
790.9562 	EXP 	Device response: <KeyPress from None: t=790.7914146239928, value=left, duration=0.16033666700241156>
790.9962 	EXP 	blank3_bg: autoDraw = True
791.0030 	EXP 	greenCircle: autoDraw = False
791.0030 	EXP 	redCrosss: autoDraw = False
791.7886 	EXP 	New trial (rep=13, index=12): <Trial 220 (12 in rep 13) data={'prime': 'The boy can read fast', 'target': 'The read can boy fast', 'condition': 'repetition_unrelated', 'correctAns': 'left', 'thisN': 220, 'thisTrialN': 12, 'thisRepN': 13}>
791.8039 	EXP 	blank3_bg: autoDraw = False
791.8039 	EXP 	blank3_bg: autoDraw = False
791.8039 	EXP 	greenCircle: autoDraw = False
791.8039 	EXP 	redCrosss: autoDraw = False
791.8039 	EXP 	prime_text: height = np.float64(0.05)
791.8039 	EXP 	prime_text: height = np.float64(0.05)
791.8039 	EXP 	prime_text: height = np.float64(0.05)
791.8039 	EXP 	prime_text: text = 'The boy can read fast'
791.8039 	EXP 	target_text: height = np.float64(0.05)
791.8039 	EXP 	target_text: height = np.float64(0.05)
791.8039 	EXP 	target_text: height = np.float64(0.05)
791.8039 	EXP 	target_text: text = 'The read can boy fast'
791.8039 	EXP 	fix_text: autoDraw = True
792.0367 	EXP 	blank1_bg: autoDraw = True
792.0440 	EXP 	fix_text: autoDraw = False
792.2242 	EXP 	blank1_bg: autoDraw = False
792.2447 	EXP 	prime_text: autoDraw = True
792.4378 	EXP 	prime_text: autoDraw = False
792.4378 	EXP 	blank2_bg: autoDraw = True
792.5253 	EXP 	blank2_bg: autoDraw = False
792.5443 	INFO 	Keyboard events cleared
792.5441 	EXP 	target_text: autoDraw = True
793.3229 	EXP 	Device response: <KeyPress from None: t=793.3183203740045, value=left, duration=None>
793.3310 	DATA 	Keypress: left
793.3351 	EXP 	fix_text: autoDraw = False
793.3351 	EXP 	blank1_bg: autoDraw = False
793.3351 	EXP 	prime_text: autoDraw = False
793.3351 	EXP 	blank2_bg: autoDraw = False
793.3351 	EXP 	target_text: autoDraw = False
793.3351 	EXP 	greenCircle: autoDraw = True
793.3351 	EXP 	redCrosss: autoDraw = True
793.4787 	EXP 	Device response: <KeyPress from None: t=793.3183203740045, value=left, duration=0.15691125000012107>
793.5211 	EXP 	blank3_bg: autoDraw = True
793.5287 	EXP 	greenCircle: autoDraw = False
793.5287 	EXP 	redCrosss: autoDraw = False
794.3118 	EXP 	New trial (rep=13, index=13): <Trial 221 (13 in rep 13) data={'prime': 'She does not like apples', 'target': 'She not does like apples', 'condition': 'repetition_unrelated', 'correctAns': 'left', 'thisN': 221, 'thisTrialN': 13, 'thisRepN': 13}>
794.3266 	EXP 	blank3_bg: autoDraw = False
794.3266 	EXP 	blank3_bg: autoDraw = False
794.3266 	EXP 	greenCircle: autoDraw = False
794.3266 	EXP 	redCrosss: autoDraw = False
794.3266 	EXP 	prime_text: height = np.float64(0.05)
794.3266 	EXP 	prime_text: height = np.float64(0.05)
794.3266 	EXP 	prime_text: height = np.float64(0.05)
794.3266 	EXP 	prime_text: text = 'She does not like apples'
794.3266 	EXP 	target_text: height = np.float64(0.05)
794.3266 	EXP 	target_text: height = np.float64(0.05)
794.3266 	EXP 	target_text: height = np.float64(0.05)
794.3266 	EXP 	target_text: text = 'She not does like apples'
794.3266 	EXP 	fix_text: autoDraw = True
794.5714 	EXP 	fix_text: autoDraw = False
794.5714 	EXP 	blank1_bg: autoDraw = True
794.7712 	EXP 	blank1_bg: autoDraw = False
794.7712 	EXP 	prime_text: autoDraw = True
794.9596 	EXP 	prime_text: autoDraw = False
794.9712 	EXP 	blank2_bg: autoDraw = True
795.0585 	EXP 	blank2_bg: autoDraw = False
795.0715 	INFO 	Keyboard events cleared
795.0712 	EXP 	target_text: autoDraw = True
795.8725 	EXP 	Device response: <KeyPress from None: t=795.8621783739945, value=left, duration=None>
795.8804 	DATA 	Keypress: left
795.8845 	EXP 	fix_text: autoDraw = False
795.8845 	EXP 	blank1_bg: autoDraw = False
795.8845 	EXP 	prime_text: autoDraw = False
795.8845 	EXP 	blank2_bg: autoDraw = False
795.8845 	EXP 	target_text: autoDraw = False
795.8845 	EXP 	greenCircle: autoDraw = True
795.8845 	EXP 	redCrosss: autoDraw = True
796.0118 	EXP 	Device response: <KeyPress from None: t=795.8621783739945, value=left, duration=0.1444307089986978>
796.0711 	EXP 	blank3_bg: autoDraw = True
796.0787 	EXP 	greenCircle: autoDraw = False
796.0787 	EXP 	redCrosss: autoDraw = False
796.8598 	EXP 	New trial (rep=13, index=14): <Trial 222 (14 in rep 13) data={'prime': 'She does not like apples', 'target': 'She does not like apples', 'condition': 'repetition_related', 'correctAns': 'right', 'thisN': 222, 'thisTrialN': 14, 'thisRepN': 13}>
796.8704 	EXP 	blank3_bg: autoDraw = False
796.8704 	EXP 	blank3_bg: autoDraw = False
796.8704 	EXP 	greenCircle: autoDraw = False
796.8704 	EXP 	redCrosss: autoDraw = False
796.8704 	EXP 	prime_text: text = 'She does not like apples'
796.8704 	EXP 	target_text: height = np.float64(0.05)
796.8704 	EXP 	target_text: height = np.float64(0.05)
796.8704 	EXP 	target_text: height = np.float64(0.05)
796.8704 	EXP 	target_text: text = 'She does not like apples'
796.8704 	EXP 	fix_text: autoDraw = True
797.1095 	EXP 	fix_text: autoDraw = False
797.1209 	EXP 	blank1_bg: autoDraw = True
797.3098 	EXP 	blank1_bg: autoDraw = False
797.3213 	EXP 	prime_text: autoDraw = True
797.5085 	EXP 	prime_text: autoDraw = False
797.5211 	EXP 	blank2_bg: autoDraw = True
797.6084 	EXP 	blank2_bg: autoDraw = False
797.6215 	INFO 	Keyboard events cleared
797.6212 	EXP 	target_text: autoDraw = True
798.7560 	EXP 	Device response: <KeyPress from None: t=798.749269249005, value=left, duration=None>
798.7640 	DATA 	Keypress: left
798.7683 	EXP 	fix_text: autoDraw = False
798.7683 	EXP 	blank1_bg: autoDraw = False
798.7683 	EXP 	prime_text: autoDraw = False
798.7683 	EXP 	blank2_bg: autoDraw = False
798.7683 	EXP 	target_text: autoDraw = False
798.7683 	EXP 	greenCircle: autoDraw = True
798.7683 	EXP 	redCrosss: autoDraw = True
798.9280 	EXP 	Device response: <KeyPress from None: t=798.749269249005, value=left, duration=0.17634474999795202>
798.9544 	EXP 	blank3_bg: autoDraw = True
798.9619 	EXP 	greenCircle: autoDraw = False
798.9619 	EXP 	redCrosss: autoDraw = False
799.7446 	EXP 	New trial (rep=13, index=15): <Trial 223 (15 in rep 13) data={'prime': 'The dog is barking loudly', 'target': 'The dog is barking loudly', 'condition': 'repetition_related', 'correctAns': 'right', 'thisN': 223, 'thisTrialN': 15, 'thisRepN': 13}>
799.7599 	EXP 	blank3_bg: autoDraw = False
799.7599 	EXP 	blank3_bg: autoDraw = False
799.7599 	EXP 	greenCircle: autoDraw = False
799.7599 	EXP 	redCrosss: autoDraw = False
799.7599 	EXP 	prime_text: height = np.float64(0.05)
799.7599 	EXP 	prime_text: height = np.float64(0.05)
799.7599 	EXP 	prime_text: height = np.float64(0.05)
799.7599 	EXP 	prime_text: text = 'The dog is barking loudly'
799.7599 	EXP 	target_text: height = np.float64(0.05)
799.7599 	EXP 	target_text: height = np.float64(0.05)
799.7599 	EXP 	target_text: height = np.float64(0.05)
799.7599 	EXP 	target_text: text = 'The dog is barking loudly'
799.7599 	EXP 	fix_text: autoDraw = True
800.0044 	EXP 	fix_text: autoDraw = False
800.0044 	EXP 	blank1_bg: autoDraw = True
800.2044 	EXP 	blank1_bg: autoDraw = False
800.2044 	EXP 	prime_text: autoDraw = True
800.3928 	EXP 	prime_text: autoDraw = False
800.4045 	EXP 	blank2_bg: autoDraw = True
800.4926 	EXP 	blank2_bg: autoDraw = False
800.5046 	INFO 	Keyboard events cleared
800.5044 	EXP 	target_text: autoDraw = True
801.7229 	EXP 	Device response: <KeyPress from None: t=801.7161907080008, value=right, duration=None>
801.7307 	DATA 	Keypress: right
801.7348 	EXP 	fix_text: autoDraw = False
801.7348 	EXP 	blank1_bg: autoDraw = False
801.7348 	EXP 	prime_text: autoDraw = False
801.7348 	EXP 	blank2_bg: autoDraw = False
801.7348 	EXP 	target_text: autoDraw = False
801.7348 	EXP 	greenCircle: autoDraw = True
801.7348 	EXP 	redCrosss: autoDraw = True
801.9211 	EXP 	blank3_bg: autoDraw = True
801.9226 	EXP 	Device response: <KeyPress from None: t=801.7161907080008, value=right, duration=0.2043591660039965>
801.9321 	EXP 	greenCircle: autoDraw = False
801.9321 	EXP 	redCrosss: autoDraw = False
802.7095 	EXP 	New trial (rep=14, index=0): <Trial 224 (0 in rep 14) data={'prime': 'The boy can read fast', 'target': 'The boy can read fast', 'condition': 'transposition_related', 'correctAns': 'right', 'thisN': 224, 'thisTrialN': 0, 'thisRepN': 14}>
802.7228 	EXP 	blank3_bg: autoDraw = False
802.7228 	EXP 	blank3_bg: autoDraw = False
802.7228 	EXP 	greenCircle: autoDraw = False
802.7228 	EXP 	redCrosss: autoDraw = False
802.7228 	EXP 	prime_text: height = np.float64(0.05)
802.7228 	EXP 	prime_text: height = np.float64(0.05)
802.7228 	EXP 	prime_text: height = np.float64(0.05)
802.7228 	EXP 	prime_text: text = 'The boy can read fast'
802.7228 	EXP 	target_text: height = np.float64(0.05)
802.7228 	EXP 	target_text: height = np.float64(0.05)
802.7228 	EXP 	target_text: height = np.float64(0.05)
802.7228 	EXP 	target_text: text = 'The boy can read fast'
802.7228 	EXP 	fix_text: autoDraw = True
802.9710 	EXP 	fix_text: autoDraw = False
802.9710 	EXP 	blank1_bg: autoDraw = True
803.1585 	EXP 	blank1_bg: autoDraw = False
803.1711 	EXP 	prime_text: autoDraw = True
803.3594 	EXP 	prime_text: autoDraw = False
803.3711 	EXP 	blank2_bg: autoDraw = True
803.4593 	EXP 	blank2_bg: autoDraw = False
803.4712 	INFO 	Keyboard events cleared
803.4710 	EXP 	target_text: autoDraw = True
804.5729 	EXP 	Device response: <KeyPress from None: t=804.5639482080005, value=right, duration=None>
804.5814 	DATA 	Keypress: right
804.5856 	EXP 	fix_text: autoDraw = False
804.5856 	EXP 	blank1_bg: autoDraw = False
804.5856 	EXP 	prime_text: autoDraw = False
804.5856 	EXP 	blank2_bg: autoDraw = False
804.5856 	EXP 	target_text: autoDraw = False
804.5856 	EXP 	greenCircle: autoDraw = True
804.5856 	EXP 	redCrosss: autoDraw = True
804.7696 	EXP 	blank3_bg: autoDraw = True
804.7715 	EXP 	Device response: <KeyPress from None: t=804.5639482080005, value=right, duration=0.2044446660001995>
804.7807 	EXP 	greenCircle: autoDraw = False
804.7807 	EXP 	redCrosss: autoDraw = False
805.5551 	EXP 	New trial (rep=14, index=1): <Trial 225 (1 in rep 14) data={'prime': 'The dog is barking loudly', 'target': 'The barking dog loudly is', 'condition': 'transposition_unrelated', 'correctAns': 'left', 'thisN': 225, 'thisTrialN': 1, 'thisRepN': 14}>
805.5706 	EXP 	blank3_bg: autoDraw = False
805.5706 	EXP 	blank3_bg: autoDraw = False
805.5706 	EXP 	greenCircle: autoDraw = False
805.5706 	EXP 	redCrosss: autoDraw = False
805.5706 	EXP 	prime_text: height = np.float64(0.05)
805.5706 	EXP 	prime_text: height = np.float64(0.05)
805.5706 	EXP 	prime_text: height = np.float64(0.05)
805.5706 	EXP 	prime_text: text = 'The dog is barking loudly'
805.5706 	EXP 	target_text: height = np.float64(0.05)
805.5706 	EXP 	target_text: height = np.float64(0.05)
805.5706 	EXP 	target_text: height = np.float64(0.05)
805.5706 	EXP 	target_text: text = 'The barking dog loudly is'
805.5750 	EXP 	fix_text: autoDraw = True
805.8211 	EXP 	fix_text: autoDraw = False
805.8211 	EXP 	blank1_bg: autoDraw = True
806.0101 	EXP 	blank1_bg: autoDraw = False
806.0211 	EXP 	prime_text: autoDraw = True
806.2091 	EXP 	prime_text: autoDraw = False
806.2213 	EXP 	blank2_bg: autoDraw = True
806.3090 	EXP 	blank2_bg: autoDraw = False
806.3214 	INFO 	Keyboard events cleared
806.3212 	EXP 	target_text: autoDraw = True
807.1893 	EXP 	Device response: <KeyPress from None: t=807.1879352489923, value=left, duration=None>
807.1982 	DATA 	Keypress: left
807.2026 	EXP 	fix_text: autoDraw = False
807.2026 	EXP 	blank1_bg: autoDraw = False
807.2026 	EXP 	prime_text: autoDraw = False
807.2026 	EXP 	blank2_bg: autoDraw = False
807.2026 	EXP 	target_text: autoDraw = False
807.2026 	EXP 	greenCircle: autoDraw = True
807.2026 	EXP 	redCrosss: autoDraw = True
807.3438 	EXP 	Device response: <KeyPress from None: t=807.1879352489923, value=left, duration=0.15238450000470039>
807.3872 	EXP 	blank3_bg: autoDraw = True
807.3955 	EXP 	greenCircle: autoDraw = False
807.3955 	EXP 	redCrosss: autoDraw = False
808.1780 	EXP 	New trial (rep=14, index=2): <Trial 226 (2 in rep 14) data={'prime': 'The dog is barking loudly', 'target': 'The dog barking is loudly', 'condition': 'transposition_related', 'correctAns': 'right', 'thisN': 226, 'thisTrialN': 2, 'thisRepN': 14}>
808.1897 	EXP 	blank3_bg: autoDraw = False
808.1897 	EXP 	blank3_bg: autoDraw = False
808.1897 	EXP 	greenCircle: autoDraw = False
808.1897 	EXP 	redCrosss: autoDraw = False
808.1897 	EXP 	prime_text: text = 'The dog is barking loudly'
808.1897 	EXP 	target_text: height = np.float64(0.05)
808.1897 	EXP 	target_text: height = np.float64(0.05)
808.1897 	EXP 	target_text: height = np.float64(0.05)
808.1897 	EXP 	target_text: text = 'The dog barking is loudly'
808.1897 	EXP 	fix_text: autoDraw = True
808.4376 	EXP 	fix_text: autoDraw = False
808.4376 	EXP 	blank1_bg: autoDraw = True
808.6253 	EXP 	blank1_bg: autoDraw = False
808.6379 	EXP 	prime_text: autoDraw = True
808.8266 	EXP 	prime_text: autoDraw = False
808.8375 	EXP 	blank2_bg: autoDraw = True
808.9267 	EXP 	blank2_bg: autoDraw = False
808.9380 	INFO 	Keyboard events cleared
808.9378 	EXP 	target_text: autoDraw = True
809.9062 	EXP 	Device response: <KeyPress from None: t=809.9039178740059, value=right, duration=None>
809.9144 	DATA 	Keypress: right
809.9187 	EXP 	fix_text: autoDraw = False
809.9187 	EXP 	blank1_bg: autoDraw = False
809.9187 	EXP 	prime_text: autoDraw = False
809.9187 	EXP 	blank2_bg: autoDraw = False
809.9187 	EXP 	target_text: autoDraw = False
809.9187 	EXP 	greenCircle: autoDraw = True
809.9187 	EXP 	redCrosss: autoDraw = True
810.0777 	EXP 	Device response: <KeyPress from None: t=809.9039178740059, value=right, duration=0.16822233398852404>
810.1044 	EXP 	blank3_bg: autoDraw = True
810.1121 	EXP 	greenCircle: autoDraw = False
810.1121 	EXP 	redCrosss: autoDraw = False
810.8928 	EXP 	New trial (rep=14, index=3): <Trial 227 (3 in rep 14) data={'prime': 'The boy can read fast', 'target': 'The read can boy fast', 'condition': 'transposition_unrelated', 'correctAns': 'left', 'thisN': 227, 'thisTrialN': 3, 'thisRepN': 14}>
810.9066 	EXP 	blank3_bg: autoDraw = False
810.9066 	EXP 	blank3_bg: autoDraw = False
810.9066 	EXP 	greenCircle: autoDraw = False
810.9066 	EXP 	redCrosss: autoDraw = False
810.9066 	EXP 	prime_text: height = np.float64(0.05)
810.9066 	EXP 	prime_text: height = np.float64(0.05)
810.9066 	EXP 	prime_text: height = np.float64(0.05)
810.9066 	EXP 	prime_text: text = 'The boy can read fast'
810.9066 	EXP 	target_text: height = np.float64(0.05)
810.9066 	EXP 	target_text: height = np.float64(0.05)
810.9066 	EXP 	target_text: height = np.float64(0.05)
810.9066 	EXP 	target_text: text = 'The read can boy fast'
810.9066 	EXP 	fix_text: autoDraw = True
811.1543 	EXP 	fix_text: autoDraw = False
811.1543 	EXP 	blank1_bg: autoDraw = True
811.3542 	EXP 	blank1_bg: autoDraw = False
811.3542 	EXP 	prime_text: autoDraw = True
811.5424 	EXP 	prime_text: autoDraw = False
811.5546 	EXP 	blank2_bg: autoDraw = True
811.6427 	EXP 	blank2_bg: autoDraw = False
811.6545 	INFO 	Keyboard events cleared
811.6543 	EXP 	target_text: autoDraw = True
812.7786 	EXP 	Device response: <KeyPress from None: t=812.7717627490056, value=left, duration=None>
812.7858 	DATA 	Keypress: left
812.7903 	EXP 	fix_text: autoDraw = False
812.7903 	EXP 	blank1_bg: autoDraw = False
812.7903 	EXP 	prime_text: autoDraw = False
812.7903 	EXP 	blank2_bg: autoDraw = False
812.7903 	EXP 	target_text: autoDraw = False
812.7903 	EXP 	greenCircle: autoDraw = True
812.7903 	EXP 	redCrosss: autoDraw = True
812.9439 	EXP 	Device response: <KeyPress from None: t=812.7717627490056, value=left, duration=0.16841529199155048>
812.9792 	EXP 	blank3_bg: autoDraw = True
812.9877 	EXP 	greenCircle: autoDraw = False
812.9877 	EXP 	redCrosss: autoDraw = False
813.7716 	EXP 	New trial (rep=14, index=4): <Trial 228 (4 in rep 14) data={'prime': 'They have finished the work', 'target': 'They finished have the work', 'condition': 'transposition_related', 'correctAns': 'right', 'thisN': 228, 'thisTrialN': 4, 'thisRepN': 14}>
813.7867 	EXP 	blank3_bg: autoDraw = False
813.7867 	EXP 	blank3_bg: autoDraw = False
813.7867 	EXP 	greenCircle: autoDraw = False
813.7867 	EXP 	redCrosss: autoDraw = False
813.7867 	EXP 	prime_text: height = np.float64(0.05)
813.7867 	EXP 	prime_text: height = np.float64(0.05)
813.7867 	EXP 	prime_text: height = np.float64(0.05)
813.7867 	EXP 	prime_text: text = 'They have finished the work'
813.7867 	EXP 	target_text: height = np.float64(0.05)
813.7867 	EXP 	target_text: height = np.float64(0.05)
813.7867 	EXP 	target_text: height = np.float64(0.05)
813.7867 	EXP 	target_text: text = 'They finished have the work'
813.7867 	EXP 	fix_text: autoDraw = True
814.0293 	EXP 	fix_text: autoDraw = False
814.0293 	EXP 	blank1_bg: autoDraw = True
814.2270 	EXP 	blank1_bg: autoDraw = False
814.2270 	EXP 	prime_text: autoDraw = True
814.4212 	EXP 	prime_text: autoDraw = False
814.4275 	EXP 	blank2_bg: autoDraw = True
814.5211 	EXP 	blank2_bg: autoDraw = False
814.5280 	INFO 	Keyboard events cleared
814.5278 	EXP 	target_text: autoDraw = True
815.7951 	EXP 	Device response: <KeyPress from None: t=815.7897993329971, value=left, duration=None>
815.8022 	DATA 	Keypress: left
815.8069 	EXP 	fix_text: autoDraw = False
815.8069 	EXP 	blank1_bg: autoDraw = False
815.8069 	EXP 	prime_text: autoDraw = False
815.8069 	EXP 	blank2_bg: autoDraw = False
815.8069 	EXP 	target_text: autoDraw = False
815.8069 	EXP 	greenCircle: autoDraw = True
815.8069 	EXP 	redCrosss: autoDraw = True
815.9730 	EXP 	Device response: <KeyPress from None: t=815.7897993329971, value=left, duration=0.17220441599783953>
815.9872 	EXP 	blank3_bg: autoDraw = True
816.0041 	EXP 	greenCircle: autoDraw = False
816.0041 	EXP 	redCrosss: autoDraw = False
816.7706 	EXP 	New trial (rep=14, index=5): <Trial 229 (5 in rep 14) data={'prime': 'They have finished the work', 'target': 'They have finished the work', 'condition': 'repetition_related', 'correctAns': 'right', 'thisN': 229, 'thisTrialN': 5, 'thisRepN': 14}>
816.7820 	EXP 	blank3_bg: autoDraw = False
816.7820 	EXP 	blank3_bg: autoDraw = False
816.7820 	EXP 	greenCircle: autoDraw = False
816.7820 	EXP 	redCrosss: autoDraw = False
816.7820 	EXP 	prime_text: text = 'They have finished the work'
816.7820 	EXP 	target_text: height = np.float64(0.05)
816.7820 	EXP 	target_text: height = np.float64(0.05)
816.7820 	EXP 	target_text: height = np.float64(0.05)
816.7820 	EXP 	target_text: text = 'They have finished the work'
816.7864 	EXP 	fix_text: autoDraw = True
817.0263 	EXP 	fix_text: autoDraw = False
817.0461 	EXP 	blank1_bg: autoDraw = True
817.2442 	EXP 	blank1_bg: autoDraw = False
817.2442 	EXP 	prime_text: autoDraw = True
817.4377 	EXP 	prime_text: autoDraw = False
817.4441 	EXP 	blank2_bg: autoDraw = True
817.5446 	INFO 	Keyboard events cleared
817.5444 	EXP 	blank2_bg: autoDraw = False
817.5444 	EXP 	target_text: autoDraw = True
818.4727 	EXP 	Device response: <KeyPress from None: t=818.4697659579979, value=right, duration=None>
818.4807 	DATA 	Keypress: right
818.4850 	EXP 	fix_text: autoDraw = False
818.4850 	EXP 	blank1_bg: autoDraw = False
818.4850 	EXP 	prime_text: autoDraw = False
818.4850 	EXP 	blank2_bg: autoDraw = False
818.4850 	EXP 	target_text: autoDraw = False
818.4850 	EXP 	greenCircle: autoDraw = True
818.4850 	EXP 	redCrosss: autoDraw = True
818.6703 	EXP 	blank3_bg: autoDraw = True
818.6715 	EXP 	Device response: <KeyPress from None: t=818.4697659579979, value=right, duration=0.1921355410013348>
818.6806 	EXP 	greenCircle: autoDraw = False
818.6806 	EXP 	redCrosss: autoDraw = False
819.4556 	EXP 	New trial (rep=14, index=6): <Trial 230 (6 in rep 14) data={'prime': 'They have finished the work', 'target': 'They finished have the work', 'condition': 'repetition_unrelated', 'correctAns': 'left', 'thisN': 230, 'thisTrialN': 6, 'thisRepN': 14}>
819.4689 	EXP 	blank3_bg: autoDraw = False
819.4689 	EXP 	blank3_bg: autoDraw = False
819.4689 	EXP 	greenCircle: autoDraw = False
819.4689 	EXP 	redCrosss: autoDraw = False
819.4689 	EXP 	prime_text: text = 'They have finished the work'
819.4689 	EXP 	target_text: height = np.float64(0.05)
819.4689 	EXP 	target_text: height = np.float64(0.05)
819.4689 	EXP 	target_text: height = np.float64(0.05)
819.4689 	EXP 	target_text: text = 'They finished have the work'
819.4738 	EXP 	fix_text: autoDraw = True
819.7209 	EXP 	fix_text: autoDraw = False
819.7209 	EXP 	blank1_bg: autoDraw = True
819.9093 	EXP 	blank1_bg: autoDraw = False
819.9212 	EXP 	prime_text: autoDraw = True
820.1084 	EXP 	prime_text: autoDraw = False
820.1210 	EXP 	blank2_bg: autoDraw = True
820.2086 	EXP 	blank2_bg: autoDraw = False
820.2213 	INFO 	Keyboard events cleared
820.2211 	EXP 	target_text: autoDraw = True
820.8728 	EXP 	Device response: <KeyPress from None: t=820.8707422080042, value=left, duration=None>
820.8811 	DATA 	Keypress: left
820.8854 	EXP 	fix_text: autoDraw = False
820.8854 	EXP 	blank1_bg: autoDraw = False
820.8854 	EXP 	prime_text: autoDraw = False
820.8854 	EXP 	blank2_bg: autoDraw = False
820.8854 	EXP 	target_text: autoDraw = False
820.8854 	EXP 	greenCircle: autoDraw = True
820.8854 	EXP 	redCrosss: autoDraw = True
820.9951 	EXP 	Device response: <KeyPress from None: t=820.8707422080042, value=left, duration=0.12031833299261052>
821.0708 	EXP 	blank3_bg: autoDraw = True
821.0785 	EXP 	greenCircle: autoDraw = False
821.0785 	EXP 	redCrosss: autoDraw = False
821.8618 	EXP 	New trial (rep=14, index=7): <Trial 231 (7 in rep 14) data={'prime': 'She does not like apples', 'target': 'She not does like apples', 'condition': 'transposition_related', 'correctAns': 'right', 'thisN': 231, 'thisTrialN': 7, 'thisRepN': 14}>
821.8765 	EXP 	blank3_bg: autoDraw = False
821.8765 	EXP 	blank3_bg: autoDraw = False
821.8765 	EXP 	greenCircle: autoDraw = False
821.8765 	EXP 	redCrosss: autoDraw = False
821.8765 	EXP 	prime_text: height = np.float64(0.05)
821.8765 	EXP 	prime_text: height = np.float64(0.05)
821.8765 	EXP 	prime_text: height = np.float64(0.05)
821.8765 	EXP 	prime_text: text = 'She does not like apples'
821.8765 	EXP 	target_text: height = np.float64(0.05)
821.8765 	EXP 	target_text: height = np.float64(0.05)
821.8765 	EXP 	target_text: height = np.float64(0.05)
821.8765 	EXP 	target_text: text = 'She not does like apples'
821.8765 	EXP 	fix_text: autoDraw = True
822.1212 	EXP 	fix_text: autoDraw = False
822.1212 	EXP 	blank1_bg: autoDraw = True
822.3085 	EXP 	blank1_bg: autoDraw = False
822.3210 	EXP 	prime_text: autoDraw = True
822.5085 	EXP 	prime_text: autoDraw = False
822.5212 	EXP 	blank2_bg: autoDraw = True
822.6100 	EXP 	blank2_bg: autoDraw = False
822.6213 	INFO 	Keyboard events cleared
822.6211 	EXP 	target_text: autoDraw = True
823.5948 	EXP 	Device response: <KeyPress from None: t=823.590651748993, value=left, duration=None>
823.6024 	DATA 	Keypress: left
823.6070 	EXP 	fix_text: autoDraw = False
823.6070 	EXP 	blank1_bg: autoDraw = False
823.6070 	EXP 	prime_text: autoDraw = False
823.6070 	EXP 	blank2_bg: autoDraw = False
823.6070 	EXP 	target_text: autoDraw = False
823.6070 	EXP 	greenCircle: autoDraw = True
823.6070 	EXP 	redCrosss: autoDraw = True
823.7725 	EXP 	Device response: <KeyPress from None: t=823.590651748993, value=left, duration=0.1723373340064427>
823.7864 	EXP 	blank3_bg: autoDraw = True
823.8043 	EXP 	greenCircle: autoDraw = False
823.8043 	EXP 	redCrosss: autoDraw = False
824.5715 	EXP 	New trial (rep=14, index=8): <Trial 232 (8 in rep 14) data={'prime': 'The dog is barking loudly', 'target': 'The dog is barking loudly', 'condition': 'repetition_related', 'correctAns': 'right', 'thisN': 232, 'thisTrialN': 8, 'thisRepN': 14}>
824.5863 	EXP 	blank3_bg: autoDraw = False
824.5863 	EXP 	blank3_bg: autoDraw = False
824.5863 	EXP 	greenCircle: autoDraw = False
824.5863 	EXP 	redCrosss: autoDraw = False
824.5863 	EXP 	prime_text: height = np.float64(0.05)
824.5863 	EXP 	prime_text: height = np.float64(0.05)
824.5863 	EXP 	prime_text: height = np.float64(0.05)
824.5863 	EXP 	prime_text: text = 'The dog is barking loudly'
824.5863 	EXP 	target_text: height = np.float64(0.05)
824.5863 	EXP 	target_text: height = np.float64(0.05)
824.5863 	EXP 	target_text: height = np.float64(0.05)
824.5863 	EXP 	target_text: text = 'The dog is barking loudly'
824.5911 	EXP 	fix_text: autoDraw = True
824.8378 	EXP 	fix_text: autoDraw = False
824.8460 	EXP 	blank1_bg: autoDraw = True
825.0445 	EXP 	blank1_bg: autoDraw = False
825.0445 	EXP 	prime_text: autoDraw = True
825.2376 	EXP 	prime_text: autoDraw = False
825.2424 	EXP 	blank2_bg: autoDraw = True
825.3377 	EXP 	blank2_bg: autoDraw = False
825.3444 	INFO 	Keyboard events cleared
825.3442 	EXP 	target_text: autoDraw = True
826.6896 	EXP 	Device response: <KeyPress from None: t=826.6825140830042, value=right, duration=None>
826.6980 	DATA 	Keypress: right
826.7023 	EXP 	fix_text: autoDraw = False
826.7023 	EXP 	blank1_bg: autoDraw = False
826.7023 	EXP 	prime_text: autoDraw = False
826.7023 	EXP 	blank2_bg: autoDraw = False
826.7023 	EXP 	target_text: autoDraw = False
826.7023 	EXP 	greenCircle: autoDraw = True
826.7023 	EXP 	redCrosss: autoDraw = True
826.8729 	EXP 	Device response: <KeyPress from None: t=826.6825140830042, value=right, duration=0.18837858299957588>
826.8869 	EXP 	blank3_bg: autoDraw = True
826.8933 	EXP 	greenCircle: autoDraw = False
826.8933 	EXP 	redCrosss: autoDraw = False
827.6702 	EXP 	New trial (rep=14, index=9): <Trial 233 (9 in rep 14) data={'prime': 'She does not like apples', 'target': 'She does not like apples', 'condition': 'repetition_related', 'correctAns': 'right', 'thisN': 233, 'thisTrialN': 9, 'thisRepN': 14}>
827.6844 	EXP 	blank3_bg: autoDraw = False
827.6844 	EXP 	blank3_bg: autoDraw = False
827.6844 	EXP 	greenCircle: autoDraw = False
827.6844 	EXP 	redCrosss: autoDraw = False
827.6844 	EXP 	prime_text: height = np.float64(0.05)
827.6844 	EXP 	prime_text: height = np.float64(0.05)
827.6844 	EXP 	prime_text: height = np.float64(0.05)
827.6844 	EXP 	prime_text: text = 'She does not like apples'
827.6844 	EXP 	target_text: height = np.float64(0.05)
827.6844 	EXP 	target_text: height = np.float64(0.05)
827.6844 	EXP 	target_text: height = np.float64(0.05)
827.6844 	EXP 	target_text: text = 'She does not like apples'
827.6885 	EXP 	fix_text: autoDraw = True
827.9259 	EXP 	fix_text: autoDraw = False
827.9377 	EXP 	blank1_bg: autoDraw = True
828.1378 	EXP 	blank1_bg: autoDraw = False
828.1378 	EXP 	prime_text: autoDraw = True
828.3265 	EXP 	prime_text: autoDraw = False
828.3379 	EXP 	blank2_bg: autoDraw = True
828.4263 	EXP 	blank2_bg: autoDraw = False
828.4379 	INFO 	Keyboard events cleared
828.4377 	EXP 	target_text: autoDraw = True
829.2229 	EXP 	Device response: <KeyPress from None: t=829.216550874, value=right, duration=None>
829.2315 	DATA 	Keypress: right
829.2357 	EXP 	fix_text: autoDraw = False
829.2357 	EXP 	blank1_bg: autoDraw = False
829.2357 	EXP 	prime_text: autoDraw = False
829.2357 	EXP 	blank2_bg: autoDraw = False
829.2357 	EXP 	target_text: autoDraw = False
829.2357 	EXP 	greenCircle: autoDraw = True
829.2357 	EXP 	redCrosss: autoDraw = True
829.3731 	EXP 	Device response: <KeyPress from None: t=829.216550874, value=right, duration=0.14411654199648183>
829.4210 	EXP 	blank3_bg: autoDraw = True
829.4293 	EXP 	greenCircle: autoDraw = False
829.4293 	EXP 	redCrosss: autoDraw = False
830.2048 	EXP 	New trial (rep=14, index=10): <Trial 234 (10 in rep 14) data={'prime': 'The boy can read fast', 'target': 'The boy can read fast', 'condition': 'repetition_related', 'correctAns': 'right', 'thisN': 234, 'thisTrialN': 10, 'thisRepN': 14}>
830.2189 	EXP 	blank3_bg: autoDraw = False
830.2189 	EXP 	blank3_bg: autoDraw = False
830.2189 	EXP 	greenCircle: autoDraw = False
830.2189 	EXP 	redCrosss: autoDraw = False
830.2189 	EXP 	prime_text: height = np.float64(0.05)
830.2189 	EXP 	prime_text: height = np.float64(0.05)
830.2189 	EXP 	prime_text: height = np.float64(0.05)
830.2189 	EXP 	prime_text: text = 'The boy can read fast'
830.2189 	EXP 	target_text: height = np.float64(0.05)
830.2189 	EXP 	target_text: height = np.float64(0.05)
830.2189 	EXP 	target_text: height = np.float64(0.05)
830.2189 	EXP 	target_text: text = 'The boy can read fast'
830.2236 	EXP 	fix_text: autoDraw = True
830.4711 	EXP 	fix_text: autoDraw = False
830.4711 	EXP 	blank1_bg: autoDraw = True
830.6708 	EXP 	blank1_bg: autoDraw = False
830.6708 	EXP 	prime_text: autoDraw = True
830.8591 	EXP 	prime_text: autoDraw = False
830.8712 	EXP 	blank2_bg: autoDraw = True
830.9593 	EXP 	blank2_bg: autoDraw = False
830.9712 	INFO 	Keyboard events cleared
830.9710 	EXP 	target_text: autoDraw = True
831.7953 	EXP 	Device response: <KeyPress from None: t=831.7893874159927, value=right, duration=None>
831.8025 	DATA 	Keypress: right
831.8070 	EXP 	fix_text: autoDraw = False
831.8070 	EXP 	blank1_bg: autoDraw = False
831.8070 	EXP 	prime_text: autoDraw = False
831.8070 	EXP 	blank2_bg: autoDraw = False
831.8070 	EXP 	target_text: autoDraw = False
831.8070 	EXP 	greenCircle: autoDraw = True
831.8070 	EXP 	redCrosss: autoDraw = True
831.9891 	EXP 	Device response: <KeyPress from None: t=831.7893874159927, value=right, duration=0.1963767500128597>
831.9992 	EXP 	blank3_bg: autoDraw = True
832.0212 	EXP 	greenCircle: autoDraw = False
832.0212 	EXP 	redCrosss: autoDraw = False
832.7868 	EXP 	New trial (rep=14, index=11): <Trial 235 (11 in rep 14) data={'prime': 'The dog is barking loudly', 'target': 'The loudly is barking dog', 'condition': 'repetition_unrelated', 'correctAns': 'left', 'thisN': 235, 'thisTrialN': 11, 'thisRepN': 14}>
832.8017 	EXP 	blank3_bg: autoDraw = False
832.8017 	EXP 	blank3_bg: autoDraw = False
832.8017 	EXP 	greenCircle: autoDraw = False
832.8017 	EXP 	redCrosss: autoDraw = False
832.8017 	EXP 	prime_text: height = np.float64(0.05)
832.8017 	EXP 	prime_text: height = np.float64(0.05)
832.8017 	EXP 	prime_text: height = np.float64(0.05)
832.8017 	EXP 	prime_text: text = 'The dog is barking loudly'
832.8017 	EXP 	target_text: height = np.float64(0.05)
832.8017 	EXP 	target_text: height = np.float64(0.05)
832.8017 	EXP 	target_text: height = np.float64(0.05)
832.8017 	EXP 	target_text: text = 'The loudly is barking dog'
832.8017 	EXP 	fix_text: autoDraw = True
833.0462 	EXP 	fix_text: autoDraw = False
833.0462 	EXP 	blank1_bg: autoDraw = True
833.2429 	EXP 	blank1_bg: autoDraw = False
833.2429 	EXP 	prime_text: autoDraw = True
833.4378 	EXP 	prime_text: autoDraw = False
833.4440 	EXP 	blank2_bg: autoDraw = True
833.5377 	EXP 	blank2_bg: autoDraw = False
833.5450 	INFO 	Keyboard events cleared
833.5449 	EXP 	target_text: autoDraw = True
837.8229 	EXP 	Device response: <KeyPress from None: t=837.8147410829988, value=left, duration=None>
837.8310 	DATA 	Keypress: left
837.8353 	EXP 	fix_text: autoDraw = False
837.8353 	EXP 	blank1_bg: autoDraw = False
837.8353 	EXP 	prime_text: autoDraw = False
837.8353 	EXP 	blank2_bg: autoDraw = False
837.8353 	EXP 	target_text: autoDraw = False
837.8353 	EXP 	greenCircle: autoDraw = True
837.8353 	EXP 	redCrosss: autoDraw = True
837.9563 	EXP 	Device response: <KeyPress from None: t=837.8147410829988, value=left, duration=0.13775366600020789>
838.0194 	EXP 	blank3_bg: autoDraw = True
838.0266 	EXP 	greenCircle: autoDraw = False
838.0266 	EXP 	redCrosss: autoDraw = False
838.8042 	EXP 	New trial (rep=14, index=12): <Trial 236 (12 in rep 14) data={'prime': 'She does not like apples', 'target': 'She not does like apples', 'condition': 'repetition_unrelated', 'correctAns': 'left', 'thisN': 236, 'thisTrialN': 12, 'thisRepN': 14}>
838.8191 	EXP 	blank3_bg: autoDraw = False
838.8191 	EXP 	blank3_bg: autoDraw = False
838.8191 	EXP 	greenCircle: autoDraw = False
838.8191 	EXP 	redCrosss: autoDraw = False
838.8191 	EXP 	prime_text: height = np.float64(0.05)
838.8191 	EXP 	prime_text: height = np.float64(0.05)
838.8191 	EXP 	prime_text: height = np.float64(0.05)
838.8191 	EXP 	prime_text: text = 'She does not like apples'
838.8191 	EXP 	target_text: height = np.float64(0.05)
838.8191 	EXP 	target_text: height = np.float64(0.05)
838.8191 	EXP 	target_text: height = np.float64(0.05)
838.8191 	EXP 	target_text: text = 'She not does like apples'
838.8229 	EXP 	fix_text: autoDraw = True
839.0710 	EXP 	fix_text: autoDraw = False
839.0710 	EXP 	blank1_bg: autoDraw = True
839.2709 	EXP 	blank1_bg: autoDraw = False
839.2709 	EXP 	prime_text: autoDraw = True
839.4596 	EXP 	prime_text: autoDraw = False
839.4709 	EXP 	blank2_bg: autoDraw = True
839.5580 	EXP 	blank2_bg: autoDraw = False
839.5712 	INFO 	Keyboard events cleared
839.5710 	EXP 	target_text: autoDraw = True
842.1391 	EXP 	Device response: <KeyPress from None: t=842.1348708330042, value=right, duration=None>
842.1476 	DATA 	Keypress: right
842.1518 	EXP 	fix_text: autoDraw = False
842.1518 	EXP 	blank1_bg: autoDraw = False
842.1518 	EXP 	prime_text: autoDraw = False
842.1518 	EXP 	blank2_bg: autoDraw = False
842.1518 	EXP 	target_text: autoDraw = False
842.1518 	EXP 	greenCircle: autoDraw = True
842.1518 	EXP 	redCrosss: autoDraw = True
842.2113 	EXP 	Device response: <KeyPress from None: t=842.1348708330042, value=right, duration=0.06989183300174773>
842.3362 	EXP 	blank3_bg: autoDraw = True
842.3431 	EXP 	greenCircle: autoDraw = False
842.3431 	EXP 	redCrosss: autoDraw = False
843.1204 	EXP 	New trial (rep=14, index=13): <Trial 237 (13 in rep 14) data={'prime': 'She does not like apples', 'target': 'She like does apples not', 'condition': 'transposition_unrelated', 'correctAns': 'left', 'thisN': 237, 'thisTrialN': 13, 'thisRepN': 14}>
843.1301 	EXP 	blank3_bg: autoDraw = False
843.1301 	EXP 	blank3_bg: autoDraw = False
843.1301 	EXP 	greenCircle: autoDraw = False
843.1301 	EXP 	redCrosss: autoDraw = False
843.1301 	EXP 	prime_text: text = 'She does not like apples'
843.1301 	EXP 	target_text: height = np.float64(0.05)
843.1301 	EXP 	target_text: height = np.float64(0.05)
843.1301 	EXP 	target_text: height = np.float64(0.05)
843.1301 	EXP 	target_text: text = 'She like does apples not'
843.1361 	EXP 	fix_text: autoDraw = True
843.3752 	EXP 	fix_text: autoDraw = False
843.3878 	EXP 	blank1_bg: autoDraw = True
843.5875 	EXP 	blank1_bg: autoDraw = False
843.5875 	EXP 	prime_text: autoDraw = True
843.7747 	EXP 	prime_text: autoDraw = False
843.7877 	EXP 	blank2_bg: autoDraw = True
843.8759 	EXP 	blank2_bg: autoDraw = False
843.8878 	INFO 	Keyboard events cleared
843.8877 	EXP 	target_text: autoDraw = True
845.1556 	EXP 	Device response: <KeyPress from None: t=845.1454171660007, value=left, duration=None>
845.1632 	DATA 	Keypress: left
845.1673 	EXP 	fix_text: autoDraw = False
845.1673 	EXP 	blank1_bg: autoDraw = False
845.1673 	EXP 	prime_text: autoDraw = False
845.1673 	EXP 	blank2_bg: autoDraw = False
845.1673 	EXP 	target_text: autoDraw = False
845.1673 	EXP 	greenCircle: autoDraw = True
845.1673 	EXP 	redCrosss: autoDraw = True
845.3120 	EXP 	Device response: <KeyPress from None: t=845.1454171660007, value=left, duration=0.16032266699767206>
845.3530 	EXP 	blank3_bg: autoDraw = True
845.3595 	EXP 	greenCircle: autoDraw = False
845.3595 	EXP 	redCrosss: autoDraw = False
846.1386 	EXP 	New trial (rep=14, index=14): <Trial 238 (14 in rep 14) data={'prime': 'They have finished the work', 'target': 'They work the have finished', 'condition': 'transposition_unrelated', 'correctAns': 'left', 'thisN': 238, 'thisTrialN': 14, 'thisRepN': 14}>
846.1534 	EXP 	blank3_bg: autoDraw = False
846.1534 	EXP 	blank3_bg: autoDraw = False
846.1534 	EXP 	greenCircle: autoDraw = False
846.1534 	EXP 	redCrosss: autoDraw = False
846.1534 	EXP 	prime_text: height = np.float64(0.05)
846.1534 	EXP 	prime_text: height = np.float64(0.05)
846.1534 	EXP 	prime_text: height = np.float64(0.05)
846.1534 	EXP 	prime_text: text = 'They have finished the work'
846.1534 	EXP 	target_text: height = np.float64(0.05)
846.1534 	EXP 	target_text: height = np.float64(0.05)
846.1534 	EXP 	target_text: height = np.float64(0.05)
846.1534 	EXP 	target_text: text = 'They work the have finished'
846.1578 	EXP 	fix_text: autoDraw = True
846.4044 	EXP 	fix_text: autoDraw = False
846.4044 	EXP 	blank1_bg: autoDraw = True
846.6043 	EXP 	blank1_bg: autoDraw = False
846.6043 	EXP 	prime_text: autoDraw = True
846.7930 	EXP 	prime_text: autoDraw = False
846.8043 	EXP 	blank2_bg: autoDraw = True
846.8930 	EXP 	blank2_bg: autoDraw = False
846.9047 	INFO 	Keyboard events cleared
846.9045 	EXP 	target_text: autoDraw = True
847.8397 	EXP 	Device response: <KeyPress from None: t=847.8283200830047, value=left, duration=None>
847.8483 	DATA 	Keypress: left
847.8527 	EXP 	fix_text: autoDraw = False
847.8527 	EXP 	blank1_bg: autoDraw = False
847.8527 	EXP 	prime_text: autoDraw = False
847.8527 	EXP 	blank2_bg: autoDraw = False
847.8527 	EXP 	target_text: autoDraw = False
847.8527 	EXP 	greenCircle: autoDraw = True
847.8527 	EXP 	redCrosss: autoDraw = True
847.9611 	EXP 	Device response: <KeyPress from None: t=847.8283200830047, value=left, duration=0.12835787500080187>
848.0366 	EXP 	blank3_bg: autoDraw = True
848.0442 	EXP 	greenCircle: autoDraw = False
848.0442 	EXP 	redCrosss: autoDraw = False
848.8207 	EXP 	New trial (rep=14, index=15): <Trial 239 (15 in rep 14) data={'prime': 'The boy can read fast', 'target': 'The read can boy fast', 'condition': 'repetition_unrelated', 'correctAns': 'left', 'thisN': 239, 'thisTrialN': 15, 'thisRepN': 14}>
848.8350 	EXP 	blank3_bg: autoDraw = False
848.8350 	EXP 	blank3_bg: autoDraw = False
848.8350 	EXP 	greenCircle: autoDraw = False
848.8350 	EXP 	redCrosss: autoDraw = False
848.8350 	EXP 	prime_text: height = np.float64(0.05)
848.8350 	EXP 	prime_text: height = np.float64(0.05)
848.8350 	EXP 	prime_text: height = np.float64(0.05)
848.8350 	EXP 	prime_text: text = 'The boy can read fast'
848.8350 	EXP 	target_text: height = np.float64(0.05)
848.8350 	EXP 	target_text: height = np.float64(0.05)
848.8350 	EXP 	target_text: height = np.float64(0.05)
848.8350 	EXP 	target_text: text = 'The read can boy fast'
848.8393 	EXP 	fix_text: autoDraw = True
849.0877 	EXP 	fix_text: autoDraw = False
849.0877 	EXP 	blank1_bg: autoDraw = True
849.2877 	EXP 	blank1_bg: autoDraw = False
849.2877 	EXP 	prime_text: autoDraw = True
849.4755 	EXP 	prime_text: autoDraw = False
849.4877 	EXP 	blank2_bg: autoDraw = True
849.5757 	EXP 	blank2_bg: autoDraw = False
849.5881 	INFO 	Keyboard events cleared
849.5879 	EXP 	target_text: autoDraw = True
850.7282 	EXP 	Device response: <KeyPress from None: t=850.7251958739944, value=left, duration=None>
850.7357 	DATA 	Keypress: left
850.7402 	EXP 	fix_text: autoDraw = False
850.7402 	EXP 	blank1_bg: autoDraw = False
850.7402 	EXP 	prime_text: autoDraw = False
850.7402 	EXP 	blank2_bg: autoDraw = False
850.7402 	EXP 	target_text: autoDraw = False
850.7402 	EXP 	greenCircle: autoDraw = True
850.7402 	EXP 	redCrosss: autoDraw = True
850.8559 	EXP 	Device response: <KeyPress from None: t=850.7251958739944, value=left, duration=0.12445166699762922>
850.9303 	EXP 	blank3_bg: autoDraw = True
850.9362 	EXP 	greenCircle: autoDraw = False
850.9362 	EXP 	redCrosss: autoDraw = False
851.7199 	EXP 	New trial (rep=15, index=0): <Trial 240 (0 in rep 15) data={'prime': 'The boy can read fast', 'target': 'The read can boy fast', 'condition': 'repetition_unrelated', 'correctAns': 'left', 'thisN': 240, 'thisTrialN': 0, 'thisRepN': 15}>
851.7248 	EXP 	blank3_bg: autoDraw = False
851.7248 	EXP 	blank3_bg: autoDraw = False
851.7248 	EXP 	greenCircle: autoDraw = False
851.7248 	EXP 	redCrosss: autoDraw = False
851.7248 	EXP 	prime_text: text = 'The boy can read fast'
851.7248 	EXP 	target_text: text = 'The read can boy fast'
851.7248 	EXP 	fix_text: autoDraw = True
851.9710 	EXP 	fix_text: autoDraw = False
851.9793 	EXP 	blank1_bg: autoDraw = True
852.1701 	EXP 	blank1_bg: autoDraw = False
852.1701 	EXP 	prime_text: autoDraw = True
852.3587 	EXP 	prime_text: autoDraw = False
852.3775 	EXP 	blank2_bg: autoDraw = True
852.4710 	EXP 	blank2_bg: autoDraw = False
852.4767 	INFO 	Keyboard events cleared
852.4765 	EXP 	target_text: autoDraw = True
853.3615 	EXP 	Device response: <KeyPress from None: t=853.3601191659982, value=left, duration=None>
853.3691 	DATA 	Keypress: left
853.3736 	EXP 	fix_text: autoDraw = False
853.3736 	EXP 	blank1_bg: autoDraw = False
853.3736 	EXP 	prime_text: autoDraw = False
853.3736 	EXP 	blank2_bg: autoDraw = False
853.3736 	EXP 	target_text: autoDraw = False
853.3736 	EXP 	greenCircle: autoDraw = True
853.3736 	EXP 	redCrosss: autoDraw = True
853.4555 	EXP 	Device response: <KeyPress from None: t=853.3601191659982, value=left, duration=0.08849208299943712>
853.5527 	EXP 	blank3_bg: autoDraw = True
853.5710 	EXP 	greenCircle: autoDraw = False
853.5710 	EXP 	redCrosss: autoDraw = False
854.3377 	EXP 	New trial (rep=15, index=1): <Trial 241 (1 in rep 15) data={'prime': 'She does not like apples', 'target': 'She not does like apples', 'condition': 'repetition_unrelated', 'correctAns': 'left', 'thisN': 241, 'thisTrialN': 1, 'thisRepN': 15}>
854.3531 	EXP 	blank3_bg: autoDraw = False
854.3531 	EXP 	blank3_bg: autoDraw = False
854.3531 	EXP 	greenCircle: autoDraw = False
854.3531 	EXP 	redCrosss: autoDraw = False
854.3531 	EXP 	prime_text: height = np.float64(0.05)
854.3531 	EXP 	prime_text: height = np.float64(0.05)
854.3531 	EXP 	prime_text: height = np.float64(0.05)
854.3531 	EXP 	prime_text: text = 'She does not like apples'
854.3531 	EXP 	target_text: height = np.float64(0.05)
854.3531 	EXP 	target_text: height = np.float64(0.05)
854.3531 	EXP 	target_text: height = np.float64(0.05)
854.3531 	EXP 	target_text: text = 'She not does like apples'
854.3577 	EXP 	fix_text: autoDraw = True
854.6046 	EXP 	fix_text: autoDraw = False
854.6125 	EXP 	blank1_bg: autoDraw = True
854.8043 	EXP 	blank1_bg: autoDraw = False
854.8043 	EXP 	prime_text: autoDraw = True
854.9918 	EXP 	prime_text: autoDraw = False
855.0108 	EXP 	blank2_bg: autoDraw = True
855.1099 	INFO 	Keyboard events cleared
855.1097 	EXP 	blank2_bg: autoDraw = False
855.1097 	EXP 	target_text: autoDraw = True
856.0725 	EXP 	Device response: <KeyPress from None: t=856.0602331239934, value=left, duration=None>
856.0804 	DATA 	Keypress: left
856.0848 	EXP 	fix_text: autoDraw = False
856.0848 	EXP 	blank1_bg: autoDraw = False
856.0848 	EXP 	prime_text: autoDraw = False
856.0848 	EXP 	blank2_bg: autoDraw = False
856.0848 	EXP 	target_text: autoDraw = False
856.0848 	EXP 	greenCircle: autoDraw = True
856.0848 	EXP 	redCrosss: autoDraw = True
856.2388 	EXP 	Device response: <KeyPress from None: t=856.0602331239934, value=left, duration=0.17689987500489224>
856.2709 	EXP 	blank3_bg: autoDraw = True
856.2774 	EXP 	greenCircle: autoDraw = False
856.2774 	EXP 	redCrosss: autoDraw = False
857.0551 	EXP 	New trial (rep=15, index=2): <Trial 242 (2 in rep 15) data={'prime': 'The dog is barking loudly', 'target': 'The dog barking is loudly', 'condition': 'transposition_related', 'correctAns': 'right', 'thisN': 242, 'thisTrialN': 2, 'thisRepN': 15}>
857.0725 	EXP 	blank3_bg: autoDraw = False
857.0725 	EXP 	blank3_bg: autoDraw = False
857.0725 	EXP 	greenCircle: autoDraw = False
857.0725 	EXP 	redCrosss: autoDraw = False
857.0725 	EXP 	prime_text: height = np.float64(0.05)
857.0725 	EXP 	prime_text: height = np.float64(0.05)
857.0725 	EXP 	prime_text: height = np.float64(0.05)
857.0725 	EXP 	prime_text: text = 'The dog is barking loudly'
857.0725 	EXP 	target_text: height = np.float64(0.05)
857.0725 	EXP 	target_text: height = np.float64(0.05)
857.0725 	EXP 	target_text: height = np.float64(0.05)
857.0725 	EXP 	target_text: text = 'The dog barking is loudly'
857.0876 	EXP 	fix_text: autoDraw = True
857.3209 	EXP 	blank1_bg: autoDraw = True
857.3290 	EXP 	fix_text: autoDraw = False
857.5209 	EXP 	blank1_bg: autoDraw = False
857.5209 	EXP 	prime_text: autoDraw = True
857.7091 	EXP 	prime_text: autoDraw = False
857.7209 	EXP 	blank2_bg: autoDraw = True
857.8094 	EXP 	blank2_bg: autoDraw = False
857.8213 	INFO 	Keyboard events cleared
857.8211 	EXP 	target_text: autoDraw = True
858.5453 	EXP 	Device response: <KeyPress from None: t=858.5430249579949, value=left, duration=None>
858.5528 	DATA 	Keypress: left
858.5568 	EXP 	fix_text: autoDraw = False
858.5568 	EXP 	blank1_bg: autoDraw = False
858.5568 	EXP 	prime_text: autoDraw = False
858.5568 	EXP 	blank2_bg: autoDraw = False
858.5568 	EXP 	target_text: autoDraw = False
858.5568 	EXP 	greenCircle: autoDraw = True
858.5568 	EXP 	redCrosss: autoDraw = True
858.7457 	EXP 	blank3_bg: autoDraw = True
858.7469 	EXP 	Device response: <KeyPress from None: t=858.5430249579949, value=left, duration=0.20036291600263212>
858.7552 	EXP 	greenCircle: autoDraw = False
858.7552 	EXP 	redCrosss: autoDraw = False
859.5368 	EXP 	New trial (rep=15, index=3): <Trial 243 (3 in rep 15) data={'prime': 'The boy can read fast', 'target': 'The boy can read fast', 'condition': 'repetition_related', 'correctAns': 'right', 'thisN': 243, 'thisTrialN': 3, 'thisRepN': 15}>
859.5520 	EXP 	blank3_bg: autoDraw = False
859.5520 	EXP 	blank3_bg: autoDraw = False
859.5520 	EXP 	greenCircle: autoDraw = False
859.5520 	EXP 	redCrosss: autoDraw = False
859.5520 	EXP 	prime_text: height = np.float64(0.05)
859.5520 	EXP 	prime_text: height = np.float64(0.05)
859.5520 	EXP 	prime_text: height = np.float64(0.05)
859.5520 	EXP 	prime_text: text = 'The boy can read fast'
859.5520 	EXP 	target_text: height = np.float64(0.05)
859.5520 	EXP 	target_text: height = np.float64(0.05)
859.5520 	EXP 	target_text: height = np.float64(0.05)
859.5520 	EXP 	target_text: text = 'The boy can read fast'
859.5520 	EXP 	fix_text: autoDraw = True
859.7959 	EXP 	fix_text: autoDraw = False
859.7959 	EXP 	blank1_bg: autoDraw = True
859.9861 	EXP 	blank1_bg: autoDraw = False
859.9861 	EXP 	prime_text: autoDraw = True
860.1766 	EXP 	prime_text: autoDraw = False
860.1947 	EXP 	blank2_bg: autoDraw = True
860.2953 	INFO 	Keyboard events cleared
860.2951 	EXP 	blank2_bg: autoDraw = False
860.2951 	EXP 	target_text: autoDraw = True
862.3727 	EXP 	Device response: <KeyPress from None: t=862.3689634990005, value=right, duration=None>
862.3807 	DATA 	Keypress: right
862.3850 	EXP 	fix_text: autoDraw = False
862.3850 	EXP 	blank1_bg: autoDraw = False
862.3850 	EXP 	prime_text: autoDraw = False
862.3850 	EXP 	blank2_bg: autoDraw = False
862.3850 	EXP 	target_text: autoDraw = False
862.3850 	EXP 	greenCircle: autoDraw = True
862.3850 	EXP 	redCrosss: autoDraw = True
862.5618 	EXP 	Device response: <KeyPress from None: t=862.3689634990005, value=right, duration=0.18841420899843797>
862.5709 	EXP 	blank3_bg: autoDraw = True
862.5775 	EXP 	greenCircle: autoDraw = False
862.5775 	EXP 	redCrosss: autoDraw = False
863.3547 	EXP 	New trial (rep=15, index=4): <Trial 244 (4 in rep 15) data={'prime': 'She does not like apples', 'target': 'She not does like apples', 'condition': 'transposition_related', 'correctAns': 'right', 'thisN': 244, 'thisTrialN': 4, 'thisRepN': 15}>
863.3703 	EXP 	blank3_bg: autoDraw = False
863.3703 	EXP 	blank3_bg: autoDraw = False
863.3703 	EXP 	greenCircle: autoDraw = False
863.3703 	EXP 	redCrosss: autoDraw = False
863.3703 	EXP 	prime_text: height = np.float64(0.05)
863.3703 	EXP 	prime_text: height = np.float64(0.05)
863.3703 	EXP 	prime_text: height = np.float64(0.05)
863.3703 	EXP 	prime_text: text = 'She does not like apples'
863.3703 	EXP 	target_text: height = np.float64(0.05)
863.3703 	EXP 	target_text: height = np.float64(0.05)
863.3703 	EXP 	target_text: height = np.float64(0.05)
863.3703 	EXP 	target_text: text = 'She not does like apples'
863.3747 	EXP 	fix_text: autoDraw = True
863.6212 	EXP 	fix_text: autoDraw = False
863.6212 	EXP 	blank1_bg: autoDraw = True
863.8212 	EXP 	blank1_bg: autoDraw = False
863.8212 	EXP 	prime_text: autoDraw = True
864.0095 	EXP 	prime_text: autoDraw = False
864.0210 	EXP 	blank2_bg: autoDraw = True
864.1085 	EXP 	blank2_bg: autoDraw = False
864.1211 	INFO 	Keyboard events cleared
864.1209 	EXP 	target_text: autoDraw = True
864.7726 	EXP 	Device response: <KeyPress from None: t=864.770968123994, value=left, duration=None>
864.7809 	DATA 	Keypress: left
864.7851 	EXP 	fix_text: autoDraw = False
864.7851 	EXP 	blank1_bg: autoDraw = False
864.7851 	EXP 	prime_text: autoDraw = False
864.7851 	EXP 	blank2_bg: autoDraw = False
864.7851 	EXP 	target_text: autoDraw = False
864.7851 	EXP 	greenCircle: autoDraw = True
864.7851 	EXP 	redCrosss: autoDraw = True
864.8891 	EXP 	Device response: <KeyPress from None: t=864.770968123994, value=left, duration=0.10833350000029895>
864.9695 	EXP 	blank3_bg: autoDraw = True
864.9777 	EXP 	greenCircle: autoDraw = False
864.9777 	EXP 	redCrosss: autoDraw = False
865.7552 	EXP 	New trial (rep=15, index=5): <Trial 245 (5 in rep 15) data={'prime': 'The boy can read fast', 'target': 'The boy can read fast', 'condition': 'transposition_related', 'correctAns': 'right', 'thisN': 245, 'thisTrialN': 5, 'thisRepN': 15}>
865.7704 	EXP 	blank3_bg: autoDraw = False
865.7704 	EXP 	blank3_bg: autoDraw = False
865.7704 	EXP 	greenCircle: autoDraw = False
865.7704 	EXP 	redCrosss: autoDraw = False
865.7704 	EXP 	prime_text: height = np.float64(0.05)
865.7704 	EXP 	prime_text: height = np.float64(0.05)
865.7704 	EXP 	prime_text: height = np.float64(0.05)
865.7704 	EXP 	prime_text: text = 'The boy can read fast'
865.7704 	EXP 	target_text: height = np.float64(0.05)
865.7704 	EXP 	target_text: height = np.float64(0.05)
865.7704 	EXP 	target_text: height = np.float64(0.05)
865.7704 	EXP 	target_text: text = 'The boy can read fast'
865.7748 	EXP 	fix_text: autoDraw = True
866.0208 	EXP 	fix_text: autoDraw = False
866.0208 	EXP 	blank1_bg: autoDraw = True
866.2093 	EXP 	blank1_bg: autoDraw = False
866.2209 	EXP 	prime_text: autoDraw = True
866.4095 	EXP 	prime_text: autoDraw = False
866.4211 	EXP 	blank2_bg: autoDraw = True
866.5083 	EXP 	blank2_bg: autoDraw = False
866.5214 	INFO 	Keyboard events cleared
866.5211 	EXP 	target_text: autoDraw = True
867.2728 	EXP 	Device response: <KeyPress from None: t=867.2699044579931, value=right, duration=None>
867.2809 	DATA 	Keypress: right
867.2852 	EXP 	fix_text: autoDraw = False
867.2852 	EXP 	blank1_bg: autoDraw = False
867.2852 	EXP 	prime_text: autoDraw = False
867.2852 	EXP 	blank2_bg: autoDraw = False
867.2852 	EXP 	target_text: autoDraw = False
867.2852 	EXP 	greenCircle: autoDraw = True
867.2852 	EXP 	redCrosss: autoDraw = True
867.4063 	EXP 	Device response: <KeyPress from None: t=867.2699044579931, value=right, duration=0.12426258300547488>
867.4710 	EXP 	blank3_bg: autoDraw = True
867.4785 	EXP 	greenCircle: autoDraw = False
867.4785 	EXP 	redCrosss: autoDraw = False
868.2609 	EXP 	New trial (rep=15, index=6): <Trial 246 (6 in rep 15) data={'prime': 'The dog is barking loudly', 'target': 'The barking dog loudly is', 'condition': 'transposition_unrelated', 'correctAns': 'left', 'thisN': 246, 'thisTrialN': 6, 'thisRepN': 15}>
868.2764 	EXP 	blank3_bg: autoDraw = False
868.2764 	EXP 	blank3_bg: autoDraw = False
868.2764 	EXP 	greenCircle: autoDraw = False
868.2764 	EXP 	redCrosss: autoDraw = False
868.2764 	EXP 	prime_text: height = np.float64(0.05)
868.2764 	EXP 	prime_text: height = np.float64(0.05)
868.2764 	EXP 	prime_text: height = np.float64(0.05)
868.2764 	EXP 	prime_text: text = 'The dog is barking loudly'
868.2764 	EXP 	target_text: height = np.float64(0.05)
868.2764 	EXP 	target_text: height = np.float64(0.05)
868.2764 	EXP 	target_text: height = np.float64(0.05)
868.2764 	EXP 	target_text: text = 'The barking dog loudly is'
868.2764 	EXP 	fix_text: autoDraw = True
868.5209 	EXP 	fix_text: autoDraw = False
868.5209 	EXP 	blank1_bg: autoDraw = True
868.7081 	EXP 	blank1_bg: autoDraw = False
868.7209 	EXP 	prime_text: autoDraw = True
868.9084 	EXP 	prime_text: autoDraw = False
868.9210 	EXP 	blank2_bg: autoDraw = True
869.0083 	EXP 	blank2_bg: autoDraw = False
869.0212 	INFO 	Keyboard events cleared
869.0210 	EXP 	target_text: autoDraw = True
869.9283 	EXP 	Device response: <KeyPress from None: t=869.9227287489921, value=left, duration=None>
869.9357 	DATA 	Keypress: left
869.9400 	EXP 	fix_text: autoDraw = False
869.9400 	EXP 	blank1_bg: autoDraw = False
869.9400 	EXP 	prime_text: autoDraw = False
869.9400 	EXP 	blank2_bg: autoDraw = False
869.9400 	EXP 	target_text: autoDraw = False
869.9400 	EXP 	greenCircle: autoDraw = True
869.9400 	EXP 	redCrosss: autoDraw = True
870.0559 	EXP 	Device response: <KeyPress from None: t=869.9227287489921, value=left, duration=0.12840675000916235>
870.1290 	EXP 	blank3_bg: autoDraw = True
870.1359 	EXP 	greenCircle: autoDraw = False
870.1359 	EXP 	redCrosss: autoDraw = False
870.9127 	EXP 	New trial (rep=15, index=7): <Trial 247 (7 in rep 15) data={'prime': 'They have finished the work', 'target': 'They have finished the work', 'condition': 'repetition_related', 'correctAns': 'right', 'thisN': 247, 'thisTrialN': 7, 'thisRepN': 15}>
870.9281 	EXP 	blank3_bg: autoDraw = False
870.9281 	EXP 	blank3_bg: autoDraw = False
870.9281 	EXP 	greenCircle: autoDraw = False
870.9281 	EXP 	redCrosss: autoDraw = False
870.9281 	EXP 	prime_text: height = np.float64(0.05)
870.9281 	EXP 	prime_text: height = np.float64(0.05)
870.9281 	EXP 	prime_text: height = np.float64(0.05)
870.9281 	EXP 	prime_text: text = 'They have finished the work'
870.9281 	EXP 	target_text: height = np.float64(0.05)
870.9281 	EXP 	target_text: height = np.float64(0.05)
870.9281 	EXP 	target_text: height = np.float64(0.05)
870.9281 	EXP 	target_text: text = 'They have finished the work'
870.9281 	EXP 	fix_text: autoDraw = True
871.1788 	EXP 	fix_text: autoDraw = False
871.1788 	EXP 	blank1_bg: autoDraw = True
871.3697 	EXP 	blank1_bg: autoDraw = False
871.3697 	EXP 	prime_text: autoDraw = True
871.5585 	EXP 	prime_text: autoDraw = False
871.5776 	EXP 	blank2_bg: autoDraw = True
871.6711 	EXP 	blank2_bg: autoDraw = False
871.6781 	INFO 	Keyboard events cleared
871.6780 	EXP 	target_text: autoDraw = True
872.5281 	EXP 	Device response: <KeyPress from None: t=872.5267778739944, value=right, duration=None>
872.5357 	DATA 	Keypress: right
872.5401 	EXP 	fix_text: autoDraw = False
872.5401 	EXP 	blank1_bg: autoDraw = False
872.5401 	EXP 	prime_text: autoDraw = False
872.5401 	EXP 	blank2_bg: autoDraw = False
872.5401 	EXP 	target_text: autoDraw = False
872.5401 	EXP 	greenCircle: autoDraw = True
872.5401 	EXP 	redCrosss: autoDraw = True
872.7058 	EXP 	Device response: <KeyPress from None: t=872.5267778739944, value=right, duration=0.1762485840008594>
872.7199 	EXP 	blank3_bg: autoDraw = True
872.7375 	EXP 	greenCircle: autoDraw = False
872.7375 	EXP 	redCrosss: autoDraw = False
873.5039 	EXP 	New trial (rep=15, index=8): <Trial 248 (8 in rep 15) data={'prime': 'They have finished the work', 'target': 'They finished have the work', 'condition': 'transposition_related', 'correctAns': 'right', 'thisN': 248, 'thisTrialN': 8, 'thisRepN': 15}>
873.5145 	EXP 	blank3_bg: autoDraw = False
873.5145 	EXP 	blank3_bg: autoDraw = False
873.5145 	EXP 	greenCircle: autoDraw = False
873.5145 	EXP 	redCrosss: autoDraw = False
873.5145 	EXP 	prime_text: text = 'They have finished the work'
873.5145 	EXP 	target_text: height = np.float64(0.05)
873.5145 	EXP 	target_text: height = np.float64(0.05)
873.5145 	EXP 	target_text: height = np.float64(0.05)
873.5145 	EXP 	target_text: text = 'They finished have the work'
873.5194 	EXP 	fix_text: autoDraw = True
873.7595 	EXP 	fix_text: autoDraw = False
873.7775 	EXP 	blank1_bg: autoDraw = True
873.9769 	EXP 	blank1_bg: autoDraw = False
873.9769 	EXP 	prime_text: autoDraw = True
874.1711 	EXP 	prime_text: autoDraw = False
874.1775 	EXP 	blank2_bg: autoDraw = True
874.2710 	EXP 	blank2_bg: autoDraw = False
874.2775 	INFO 	Keyboard events cleared
874.2773 	EXP 	target_text: autoDraw = True
874.9616 	EXP 	Device response: <KeyPress from None: t=874.9547580409999, value=left, duration=None>
874.9700 	DATA 	Keypress: left
874.9738 	EXP 	fix_text: autoDraw = False
874.9738 	EXP 	blank1_bg: autoDraw = False
874.9738 	EXP 	prime_text: autoDraw = False
874.9738 	EXP 	blank2_bg: autoDraw = False
874.9738 	EXP 	target_text: autoDraw = False
874.9738 	EXP 	greenCircle: autoDraw = True
874.9738 	EXP 	redCrosss: autoDraw = True
875.1057 	EXP 	Device response: <KeyPress from None: t=874.9547580409999, value=left, duration=0.14025295799365267>
875.1626 	EXP 	blank3_bg: autoDraw = True
875.1694 	EXP 	greenCircle: autoDraw = False
875.1694 	EXP 	redCrosss: autoDraw = False
875.9553 	EXP 	New trial (rep=15, index=9): <Trial 249 (9 in rep 15) data={'prime': 'The boy can read fast', 'target': 'The read can boy fast', 'condition': 'transposition_unrelated', 'correctAns': 'left', 'thisN': 249, 'thisTrialN': 9, 'thisRepN': 15}>
875.9706 	EXP 	blank3_bg: autoDraw = False
875.9706 	EXP 	blank3_bg: autoDraw = False
875.9706 	EXP 	greenCircle: autoDraw = False
875.9706 	EXP 	redCrosss: autoDraw = False
875.9706 	EXP 	prime_text: height = np.float64(0.05)
875.9706 	EXP 	prime_text: height = np.float64(0.05)
875.9706 	EXP 	prime_text: height = np.float64(0.05)
875.9706 	EXP 	prime_text: text = 'The boy can read fast'
875.9706 	EXP 	target_text: height = np.float64(0.05)
875.9706 	EXP 	target_text: height = np.float64(0.05)
875.9706 	EXP 	target_text: height = np.float64(0.05)
875.9706 	EXP 	target_text: text = 'The read can boy fast'
875.9706 	EXP 	fix_text: autoDraw = True
876.2125 	EXP 	fix_text: autoDraw = False
876.2125 	EXP 	blank1_bg: autoDraw = True
876.4027 	EXP 	prime_text: autoDraw = True
876.4075 	EXP 	blank1_bg: autoDraw = False
876.5931 	EXP 	prime_text: autoDraw = False
876.6098 	EXP 	blank2_bg: autoDraw = True
876.7045 	EXP 	blank2_bg: autoDraw = False
876.7111 	INFO 	Keyboard events cleared
876.7110 	EXP 	target_text: autoDraw = True
877.2611 	EXP 	Device response: <KeyPress from None: t=877.2587256239931, value=left, duration=None>
877.2684 	DATA 	Keypress: left
877.2730 	EXP 	fix_text: autoDraw = False
877.2730 	EXP 	blank1_bg: autoDraw = False
877.2730 	EXP 	prime_text: autoDraw = False
877.2730 	EXP 	blank2_bg: autoDraw = False
877.2730 	EXP 	target_text: autoDraw = False
877.2730 	EXP 	greenCircle: autoDraw = True
877.2730 	EXP 	redCrosss: autoDraw = True
877.3887 	EXP 	Device response: <KeyPress from None: t=877.2587256239931, value=left, duration=0.12417983400519006>
877.4625 	EXP 	blank3_bg: autoDraw = True
877.4695 	EXP 	greenCircle: autoDraw = False
877.4695 	EXP 	redCrosss: autoDraw = False
878.2463 	EXP 	New trial (rep=15, index=10): <Trial 250 (10 in rep 15) data={'prime': 'She does not like apples', 'target': 'She does not like apples', 'condition': 'repetition_related', 'correctAns': 'right', 'thisN': 250, 'thisTrialN': 10, 'thisRepN': 15}>
878.2614 	EXP 	blank3_bg: autoDraw = False
878.2614 	EXP 	blank3_bg: autoDraw = False
878.2614 	EXP 	greenCircle: autoDraw = False
878.2614 	EXP 	redCrosss: autoDraw = False
878.2614 	EXP 	prime_text: height = np.float64(0.05)
878.2614 	EXP 	prime_text: height = np.float64(0.05)
878.2614 	EXP 	prime_text: height = np.float64(0.05)
878.2614 	EXP 	prime_text: text = 'She does not like apples'
878.2614 	EXP 	target_text: height = np.float64(0.05)
878.2614 	EXP 	target_text: height = np.float64(0.05)
878.2614 	EXP 	target_text: height = np.float64(0.05)
878.2614 	EXP 	target_text: text = 'She does not like apples'
878.2614 	EXP 	fix_text: autoDraw = True
878.5118 	EXP 	fix_text: autoDraw = False
878.5118 	EXP 	blank1_bg: autoDraw = True
878.7029 	EXP 	blank1_bg: autoDraw = False
878.7029 	EXP 	prime_text: autoDraw = True
878.8927 	EXP 	prime_text: autoDraw = False
878.9105 	EXP 	blank2_bg: autoDraw = True
879.0046 	INFO 	Keyboard events cleared
879.0044 	EXP 	blank2_bg: autoDraw = False
879.0044 	EXP 	target_text: autoDraw = True
879.8391 	EXP 	Device response: <KeyPress from None: t=879.8285602079995, value=left, duration=None>
879.8472 	DATA 	Keypress: left
879.8516 	EXP 	fix_text: autoDraw = False
879.8516 	EXP 	blank1_bg: autoDraw = False
879.8516 	EXP 	prime_text: autoDraw = False
879.8516 	EXP 	blank2_bg: autoDraw = False
879.8516 	EXP 	target_text: autoDraw = False
879.8516 	EXP 	greenCircle: autoDraw = True
879.8516 	EXP 	redCrosss: autoDraw = True
880.0056 	EXP 	Device response: <KeyPress from None: t=879.8285602079995, value=left, duration=0.1682690830057254>
880.0376 	EXP 	blank3_bg: autoDraw = True
880.0447 	EXP 	greenCircle: autoDraw = False
880.0447 	EXP 	redCrosss: autoDraw = False
880.8283 	EXP 	New trial (rep=15, index=11): <Trial 251 (11 in rep 15) data={'prime': 'The dog is barking loudly', 'target': 'The loudly is barking dog', 'condition': 'repetition_unrelated', 'correctAns': 'left', 'thisN': 251, 'thisTrialN': 11, 'thisRepN': 15}>
880.8436 	EXP 	blank3_bg: autoDraw = False
880.8436 	EXP 	blank3_bg: autoDraw = False
880.8436 	EXP 	greenCircle: autoDraw = False
880.8436 	EXP 	redCrosss: autoDraw = False
880.8436 	EXP 	prime_text: height = np.float64(0.05)
880.8436 	EXP 	prime_text: height = np.float64(0.05)
880.8436 	EXP 	prime_text: height = np.float64(0.05)
880.8436 	EXP 	prime_text: text = 'The dog is barking loudly'
880.8436 	EXP 	target_text: height = np.float64(0.05)
880.8436 	EXP 	target_text: height = np.float64(0.05)
880.8436 	EXP 	target_text: height = np.float64(0.05)
880.8436 	EXP 	target_text: text = 'The loudly is barking dog'
880.8436 	EXP 	fix_text: autoDraw = True
881.0877 	EXP 	fix_text: autoDraw = False
881.0877 	EXP 	blank1_bg: autoDraw = True
881.2743 	EXP 	blank1_bg: autoDraw = False
881.2876 	EXP 	prime_text: autoDraw = True
881.4760 	EXP 	prime_text: autoDraw = False
881.4877 	EXP 	blank2_bg: autoDraw = True
881.5759 	EXP 	blank2_bg: autoDraw = False
881.5881 	INFO 	Keyboard events cleared
881.5878 	EXP 	target_text: autoDraw = True
886.1892 	EXP 	Device response: <KeyPress from None: t=886.1820071239927, value=left, duration=None>
886.1978 	DATA 	Keypress: left
886.2022 	EXP 	fix_text: autoDraw = False
886.2022 	EXP 	blank1_bg: autoDraw = False
886.2022 	EXP 	prime_text: autoDraw = False
886.2022 	EXP 	blank2_bg: autoDraw = False
886.2022 	EXP 	target_text: autoDraw = False
886.2022 	EXP 	greenCircle: autoDraw = True
886.2022 	EXP 	redCrosss: autoDraw = True
886.3861 	EXP 	blank3_bg: autoDraw = True
886.3946 	EXP 	greenCircle: autoDraw = False
886.3946 	EXP 	redCrosss: autoDraw = False
886.4121 	EXP 	Device response: <KeyPress from None: t=886.1820071239927, value=left, duration=0.2218714590126183>
887.1710 	EXP 	New trial (rep=15, index=12): <Trial 252 (12 in rep 15) data={'prime': 'The dog is barking loudly', 'target': 'The dog is barking loudly', 'condition': 'repetition_related', 'correctAns': 'right', 'thisN': 252, 'thisTrialN': 12, 'thisRepN': 15}>
887.1835 	EXP 	blank3_bg: autoDraw = False
887.1835 	EXP 	blank3_bg: autoDraw = False
887.1835 	EXP 	greenCircle: autoDraw = False
887.1835 	EXP 	redCrosss: autoDraw = False
887.1835 	EXP 	prime_text: text = 'The dog is barking loudly'
887.1835 	EXP 	target_text: height = np.float64(0.05)
887.1835 	EXP 	target_text: height = np.float64(0.05)
887.1835 	EXP 	target_text: height = np.float64(0.05)
887.1835 	EXP 	target_text: text = 'The dog is barking loudly'
887.1887 	EXP 	fix_text: autoDraw = True
887.4375 	EXP 	fix_text: autoDraw = False
887.4375 	EXP 	blank1_bg: autoDraw = True
887.6377 	EXP 	blank1_bg: autoDraw = False
887.6377 	EXP 	prime_text: autoDraw = True
887.8252 	EXP 	prime_text: autoDraw = False
887.8376 	EXP 	blank2_bg: autoDraw = True
887.9255 	EXP 	blank2_bg: autoDraw = False
887.9378 	INFO 	Keyboard events cleared
887.9376 	EXP 	target_text: autoDraw = True
890.0223 	EXP 	Device response: <KeyPress from None: t=890.0205724989937, value=right, duration=None>
890.0304 	DATA 	Keypress: right
890.0346 	EXP 	fix_text: autoDraw = False
890.0346 	EXP 	blank1_bg: autoDraw = False
890.0346 	EXP 	prime_text: autoDraw = False
890.0346 	EXP 	blank2_bg: autoDraw = False
890.0346 	EXP 	target_text: autoDraw = False
890.0346 	EXP 	greenCircle: autoDraw = True
890.0346 	EXP 	redCrosss: autoDraw = True
890.2056 	EXP 	Device response: <KeyPress from None: t=890.0205724989937, value=right, duration=0.18032104200392496>
890.2200 	EXP 	blank3_bg: autoDraw = True
890.2268 	EXP 	greenCircle: autoDraw = False
890.2268 	EXP 	redCrosss: autoDraw = False
891.0051 	EXP 	New trial (rep=15, index=13): <Trial 253 (13 in rep 15) data={'prime': 'They have finished the work', 'target': 'They work the have finished', 'condition': 'transposition_unrelated', 'correctAns': 'left', 'thisN': 253, 'thisTrialN': 13, 'thisRepN': 15}>
891.0215 	EXP 	blank3_bg: autoDraw = False
891.0215 	EXP 	blank3_bg: autoDraw = False
891.0215 	EXP 	greenCircle: autoDraw = False
891.0215 	EXP 	redCrosss: autoDraw = False
891.0215 	EXP 	prime_text: height = np.float64(0.05)
891.0215 	EXP 	prime_text: height = np.float64(0.05)
891.0215 	EXP 	prime_text: height = np.float64(0.05)
891.0215 	EXP 	prime_text: text = 'They have finished the work'
891.0215 	EXP 	target_text: height = np.float64(0.05)
891.0215 	EXP 	target_text: height = np.float64(0.05)
891.0215 	EXP 	target_text: height = np.float64(0.05)
891.0215 	EXP 	target_text: text = 'They work the have finished'
891.0375 	EXP 	fix_text: autoDraw = True
891.2710 	EXP 	blank1_bg: autoDraw = True
891.2786 	EXP 	fix_text: autoDraw = False
891.4710 	EXP 	blank1_bg: autoDraw = False
891.4710 	EXP 	prime_text: autoDraw = True
891.6592 	EXP 	prime_text: autoDraw = False
891.6711 	EXP 	blank2_bg: autoDraw = True
891.7592 	EXP 	blank2_bg: autoDraw = False
891.7713 	INFO 	Keyboard events cleared
891.7710 	EXP 	target_text: autoDraw = True
894.7721 	EXP 	Device response: <KeyPress from None: t=894.7687776660023, value=left, duration=None>
894.7802 	DATA 	Keypress: left
894.7844 	EXP 	fix_text: autoDraw = False
894.7844 	EXP 	blank1_bg: autoDraw = False
894.7844 	EXP 	prime_text: autoDraw = False
894.7844 	EXP 	blank2_bg: autoDraw = False
894.7844 	EXP 	target_text: autoDraw = False
894.7844 	EXP 	greenCircle: autoDraw = True
894.7844 	EXP 	redCrosss: autoDraw = True
894.9554 	EXP 	Device response: <KeyPress from None: t=894.7687776660023, value=left, duration=0.17794533299456816>
894.9693 	EXP 	blank3_bg: autoDraw = True
894.9760 	EXP 	greenCircle: autoDraw = False
894.9760 	EXP 	redCrosss: autoDraw = False
895.7536 	EXP 	New trial (rep=15, index=14): <Trial 254 (14 in rep 15) data={'prime': 'She does not like apples', 'target': 'She like does apples not', 'condition': 'transposition_unrelated', 'correctAns': 'left', 'thisN': 254, 'thisTrialN': 14, 'thisRepN': 15}>
895.7696 	EXP 	blank3_bg: autoDraw = False
895.7696 	EXP 	blank3_bg: autoDraw = False
895.7696 	EXP 	greenCircle: autoDraw = False
895.7696 	EXP 	redCrosss: autoDraw = False
895.7696 	EXP 	prime_text: height = np.float64(0.05)
895.7696 	EXP 	prime_text: height = np.float64(0.05)
895.7696 	EXP 	prime_text: height = np.float64(0.05)
895.7696 	EXP 	prime_text: text = 'She does not like apples'
895.7696 	EXP 	target_text: height = np.float64(0.05)
895.7696 	EXP 	target_text: height = np.float64(0.05)
895.7696 	EXP 	target_text: height = np.float64(0.05)
895.7696 	EXP 	target_text: text = 'She like does apples not'
895.7740 	EXP 	fix_text: autoDraw = True
896.0210 	EXP 	fix_text: autoDraw = False
896.0210 	EXP 	blank1_bg: autoDraw = True
896.2206 	EXP 	blank1_bg: autoDraw = False
896.2206 	EXP 	prime_text: autoDraw = True
896.4092 	EXP 	prime_text: autoDraw = False
896.4211 	EXP 	blank2_bg: autoDraw = True
896.5093 	EXP 	blank2_bg: autoDraw = False
896.5212 	INFO 	Keyboard events cleared
896.5210 	EXP 	target_text: autoDraw = True
897.5948 	EXP 	Device response: <KeyPress from None: t=897.5893912079919, value=left, duration=None>
897.6021 	DATA 	Keypress: left
897.6067 	EXP 	fix_text: autoDraw = False
897.6067 	EXP 	blank1_bg: autoDraw = False
897.6067 	EXP 	prime_text: autoDraw = False
897.6067 	EXP 	blank2_bg: autoDraw = False
897.6067 	EXP 	target_text: autoDraw = False
897.6067 	EXP 	greenCircle: autoDraw = True
897.6067 	EXP 	redCrosss: autoDraw = True
897.7559 	EXP 	Device response: <KeyPress from None: t=897.5893912079919, value=left, duration=0.16035112501413096>
897.7969 	EXP 	blank3_bg: autoDraw = True
897.8029 	EXP 	greenCircle: autoDraw = False
897.8029 	EXP 	redCrosss: autoDraw = False
898.5799 	EXP 	New trial (rep=15, index=15): <Trial 255 (15 in rep 15) data={'prime': 'They have finished the work', 'target': 'They finished have the work', 'condition': 'repetition_unrelated', 'correctAns': 'left', 'thisN': 255, 'thisTrialN': 15, 'thisRepN': 15}>
898.5970 	EXP 	blank3_bg: autoDraw = False
898.5970 	EXP 	blank3_bg: autoDraw = False
898.5970 	EXP 	greenCircle: autoDraw = False
898.5970 	EXP 	redCrosss: autoDraw = False
898.5970 	EXP 	prime_text: height = np.float64(0.05)
898.5970 	EXP 	prime_text: height = np.float64(0.05)
898.5970 	EXP 	prime_text: height = np.float64(0.05)
898.5970 	EXP 	prime_text: text = 'They have finished the work'
898.5970 	EXP 	target_text: height = np.float64(0.05)
898.5970 	EXP 	target_text: height = np.float64(0.05)
898.5970 	EXP 	target_text: height = np.float64(0.05)
898.5970 	EXP 	target_text: text = 'They finished have the work'
898.5970 	EXP 	fix_text: autoDraw = True
898.8459 	EXP 	fix_text: autoDraw = False
898.8459 	EXP 	blank1_bg: autoDraw = True
899.0435 	EXP 	blank1_bg: autoDraw = False
899.0435 	EXP 	prime_text: autoDraw = True
899.2375 	EXP 	prime_text: autoDraw = False
899.2439 	EXP 	blank2_bg: autoDraw = True
899.3376 	EXP 	blank2_bg: autoDraw = False
899.3439 	INFO 	Keyboard events cleared
899.3437 	EXP 	target_text: autoDraw = True
900.3063 	EXP 	Device response: <KeyPress from None: t=900.2972677910002, value=left, duration=None>
900.3148 	DATA 	Keypress: left
900.3190 	EXP 	fix_text: autoDraw = False
900.3190 	EXP 	blank1_bg: autoDraw = False
900.3190 	EXP 	prime_text: autoDraw = False
900.3190 	EXP 	blank2_bg: autoDraw = False
900.3190 	EXP 	target_text: autoDraw = False
900.3190 	EXP 	greenCircle: autoDraw = True
900.3190 	EXP 	redCrosss: autoDraw = True
900.4556 	EXP 	Device response: <KeyPress from None: t=900.2972677910002, value=left, duration=0.148390082991682>
900.5042 	EXP 	blank3_bg: autoDraw = True
900.5111 	EXP 	greenCircle: autoDraw = False
900.5111 	EXP 	redCrosss: autoDraw = False
901.2948 	EXP 	New trial (rep=16, index=0): <Trial 256 (0 in rep 16) data={'prime': 'The dog is barking loudly', 'target': 'The loudly is barking dog', 'condition': 'repetition_unrelated', 'correctAns': 'left', 'thisN': 256, 'thisTrialN': 0, 'thisRepN': 16}>
901.3106 	EXP 	blank3_bg: autoDraw = False
901.3106 	EXP 	blank3_bg: autoDraw = False
901.3106 	EXP 	greenCircle: autoDraw = False
901.3106 	EXP 	redCrosss: autoDraw = False
901.3106 	EXP 	prime_text: height = np.float64(0.05)
901.3106 	EXP 	prime_text: height = np.float64(0.05)
901.3106 	EXP 	prime_text: height = np.float64(0.05)
901.3106 	EXP 	prime_text: text = 'The dog is barking loudly'
901.3106 	EXP 	target_text: height = np.float64(0.05)
901.3106 	EXP 	target_text: height = np.float64(0.05)
901.3106 	EXP 	target_text: height = np.float64(0.05)
901.3106 	EXP 	target_text: text = 'The loudly is barking dog'
901.3106 	EXP 	fix_text: autoDraw = True
901.5526 	EXP 	fix_text: autoDraw = False
901.5526 	EXP 	blank1_bg: autoDraw = True
901.7410 	EXP 	blank1_bg: autoDraw = False
901.7543 	EXP 	prime_text: autoDraw = True
901.9425 	EXP 	prime_text: autoDraw = False
901.9543 	EXP 	blank2_bg: autoDraw = True
902.0429 	EXP 	blank2_bg: autoDraw = False
902.0547 	INFO 	Keyboard events cleared
902.0544 	EXP 	target_text: autoDraw = True
902.8557 	EXP 	Device response: <KeyPress from None: t=902.8532415410009, value=left, duration=None>
902.8639 	DATA 	Keypress: left
902.8681 	EXP 	fix_text: autoDraw = False
902.8681 	EXP 	blank1_bg: autoDraw = False
902.8681 	EXP 	prime_text: autoDraw = False
902.8681 	EXP 	blank2_bg: autoDraw = False
902.8681 	EXP 	target_text: autoDraw = False
902.8681 	EXP 	greenCircle: autoDraw = True
902.8681 	EXP 	redCrosss: autoDraw = True
903.0222 	EXP 	Device response: <KeyPress from None: t=902.8532415410009, value=left, duration=0.16028599999845028>
903.0541 	EXP 	blank3_bg: autoDraw = True
903.0605 	EXP 	greenCircle: autoDraw = False
903.0605 	EXP 	redCrosss: autoDraw = False
903.8443 	EXP 	New trial (rep=16, index=1): <Trial 257 (1 in rep 16) data={'prime': 'The dog is barking loudly', 'target': 'The dog is barking loudly', 'condition': 'repetition_related', 'correctAns': 'right', 'thisN': 257, 'thisTrialN': 1, 'thisRepN': 16}>
903.8565 	EXP 	blank3_bg: autoDraw = False
903.8565 	EXP 	blank3_bg: autoDraw = False
903.8565 	EXP 	greenCircle: autoDraw = False
903.8565 	EXP 	redCrosss: autoDraw = False
903.8565 	EXP 	prime_text: text = 'The dog is barking loudly'
903.8565 	EXP 	target_text: height = np.float64(0.05)
903.8565 	EXP 	target_text: height = np.float64(0.05)
903.8565 	EXP 	target_text: height = np.float64(0.05)
903.8565 	EXP 	target_text: text = 'The dog is barking loudly'
903.8565 	EXP 	fix_text: autoDraw = True
904.1042 	EXP 	fix_text: autoDraw = False
904.1042 	EXP 	blank1_bg: autoDraw = True
904.2929 	EXP 	blank1_bg: autoDraw = False
904.3043 	EXP 	prime_text: autoDraw = True
904.4928 	EXP 	prime_text: autoDraw = False
904.5043 	EXP 	blank2_bg: autoDraw = True
904.5918 	EXP 	blank2_bg: autoDraw = False
904.6046 	INFO 	Keyboard events cleared
904.6044 	EXP 	target_text: autoDraw = True
905.7452 	EXP 	Device response: <KeyPress from None: t=905.742126748999, value=right, duration=None>
905.7526 	DATA 	Keypress: right
905.7568 	EXP 	fix_text: autoDraw = False
905.7568 	EXP 	blank1_bg: autoDraw = False
905.7568 	EXP 	prime_text: autoDraw = False
905.7568 	EXP 	blank2_bg: autoDraw = False
905.7568 	EXP 	target_text: autoDraw = False
905.7568 	EXP 	greenCircle: autoDraw = True
905.7568 	EXP 	redCrosss: autoDraw = True
905.8886 	EXP 	Device response: <KeyPress from None: t=905.742126748999, value=right, duration=0.14434920900384896>
905.9466 	EXP 	blank3_bg: autoDraw = True
905.9532 	EXP 	greenCircle: autoDraw = False
905.9532 	EXP 	redCrosss: autoDraw = False
906.7297 	EXP 	New trial (rep=16, index=2): <Trial 258 (2 in rep 16) data={'prime': 'She does not like apples', 'target': 'She does not like apples', 'condition': 'repetition_related', 'correctAns': 'right', 'thisN': 258, 'thisTrialN': 2, 'thisRepN': 16}>
906.7444 	EXP 	blank3_bg: autoDraw = False
906.7444 	EXP 	blank3_bg: autoDraw = False
906.7444 	EXP 	greenCircle: autoDraw = False
906.7444 	EXP 	redCrosss: autoDraw = False
906.7444 	EXP 	prime_text: height = np.float64(0.05)
906.7444 	EXP 	prime_text: height = np.float64(0.05)
906.7444 	EXP 	prime_text: height = np.float64(0.05)
906.7444 	EXP 	prime_text: text = 'She does not like apples'
906.7444 	EXP 	target_text: height = np.float64(0.05)
906.7444 	EXP 	target_text: height = np.float64(0.05)
906.7444 	EXP 	target_text: height = np.float64(0.05)
906.7444 	EXP 	target_text: text = 'She does not like apples'
906.7444 	EXP 	fix_text: autoDraw = True
906.9956 	EXP 	fix_text: autoDraw = False
906.9956 	EXP 	blank1_bg: autoDraw = True
907.1918 	EXP 	blank1_bg: autoDraw = False
907.1918 	EXP 	prime_text: autoDraw = True
907.3876 	EXP 	prime_text: autoDraw = False
907.3940 	EXP 	blank2_bg: autoDraw = True
907.4878 	EXP 	blank2_bg: autoDraw = False
907.4947 	INFO 	Keyboard events cleared
907.4945 	EXP 	target_text: autoDraw = True
908.3728 	EXP 	Device response: <KeyPress from None: t=908.3690560410032, value=left, duration=None>
908.3812 	DATA 	Keypress: left
908.3855 	EXP 	fix_text: autoDraw = False
908.3855 	EXP 	blank1_bg: autoDraw = False
908.3855 	EXP 	prime_text: autoDraw = False
908.3855 	EXP 	blank2_bg: autoDraw = False
908.3855 	EXP 	target_text: autoDraw = False
908.3855 	EXP 	greenCircle: autoDraw = True
908.3855 	EXP 	redCrosss: autoDraw = True
908.4727 	EXP 	Device response: <KeyPress from None: t=908.3690560410032, value=left, duration=0.09239883298869245>
908.5694 	EXP 	blank3_bg: autoDraw = True
908.5775 	EXP 	greenCircle: autoDraw = False
908.5775 	EXP 	redCrosss: autoDraw = False
909.3535 	EXP 	New trial (rep=16, index=3): <Trial 259 (3 in rep 16) data={'prime': 'They have finished the work', 'target': 'They finished have the work', 'condition': 'repetition_unrelated', 'correctAns': 'left', 'thisN': 259, 'thisTrialN': 3, 'thisRepN': 16}>
909.3687 	EXP 	blank3_bg: autoDraw = False
909.3687 	EXP 	blank3_bg: autoDraw = False
909.3687 	EXP 	greenCircle: autoDraw = False
909.3687 	EXP 	redCrosss: autoDraw = False
909.3687 	EXP 	prime_text: height = np.float64(0.05)
909.3687 	EXP 	prime_text: height = np.float64(0.05)
909.3687 	EXP 	prime_text: height = np.float64(0.05)
909.3687 	EXP 	prime_text: text = 'They have finished the work'
909.3687 	EXP 	target_text: height = np.float64(0.05)
909.3687 	EXP 	target_text: height = np.float64(0.05)
909.3687 	EXP 	target_text: height = np.float64(0.05)
909.3687 	EXP 	target_text: text = 'They finished have the work'
909.3733 	EXP 	fix_text: autoDraw = True
909.6205 	EXP 	fix_text: autoDraw = False
909.6205 	EXP 	blank1_bg: autoDraw = True
909.8083 	EXP 	blank1_bg: autoDraw = False
909.8209 	EXP 	prime_text: autoDraw = True
910.0091 	EXP 	prime_text: autoDraw = False
910.0212 	EXP 	blank2_bg: autoDraw = True
910.1091 	EXP 	blank2_bg: autoDraw = False
910.1212 	INFO 	Keyboard events cleared
910.1210 	EXP 	target_text: autoDraw = True
912.4222 	EXP 	Device response: <KeyPress from None: t=912.4119700830051, value=left, duration=None>
912.4299 	DATA 	Keypress: left
912.4342 	EXP 	fix_text: autoDraw = False
912.4342 	EXP 	blank1_bg: autoDraw = False
912.4342 	EXP 	prime_text: autoDraw = False
912.4342 	EXP 	blank2_bg: autoDraw = False
912.4342 	EXP 	target_text: autoDraw = False
912.4342 	EXP 	greenCircle: autoDraw = True
912.4342 	EXP 	redCrosss: autoDraw = True
912.5557 	EXP 	Device response: <KeyPress from None: t=912.4119700830051, value=left, duration=0.13233733299421147>
912.6197 	EXP 	blank3_bg: autoDraw = True
912.6265 	EXP 	greenCircle: autoDraw = False
912.6265 	EXP 	redCrosss: autoDraw = False
913.4050 	EXP 	New trial (rep=16, index=4): <Trial 260 (4 in rep 16) data={'prime': 'She does not like apples', 'target': 'She not does like apples', 'condition': 'transposition_related', 'correctAns': 'right', 'thisN': 260, 'thisTrialN': 4, 'thisRepN': 16}>
913.4199 	EXP 	blank3_bg: autoDraw = False
913.4199 	EXP 	blank3_bg: autoDraw = False
913.4199 	EXP 	greenCircle: autoDraw = False
913.4199 	EXP 	redCrosss: autoDraw = False
913.4199 	EXP 	prime_text: height = np.float64(0.05)
913.4199 	EXP 	prime_text: height = np.float64(0.05)
913.4199 	EXP 	prime_text: height = np.float64(0.05)
913.4199 	EXP 	prime_text: text = 'She does not like apples'
913.4199 	EXP 	target_text: height = np.float64(0.05)
913.4199 	EXP 	target_text: height = np.float64(0.05)
913.4199 	EXP 	target_text: height = np.float64(0.05)
913.4199 	EXP 	target_text: text = 'She not does like apples'
913.4244 	EXP 	fix_text: autoDraw = True
913.6708 	EXP 	fix_text: autoDraw = False
913.6708 	EXP 	blank1_bg: autoDraw = True
913.8709 	EXP 	blank1_bg: autoDraw = False
913.8709 	EXP 	prime_text: autoDraw = True
914.0591 	EXP 	prime_text: autoDraw = False
914.0709 	EXP 	blank2_bg: autoDraw = True
914.1578 	EXP 	blank2_bg: autoDraw = False
914.1706 	INFO 	Keyboard events cleared
914.1704 	EXP 	target_text: autoDraw = True
922.8055 	EXP 	Device response: <KeyPress from None: t=922.8012617490022, value=left, duration=None>
922.8134 	DATA 	Keypress: left
922.8177 	EXP 	fix_text: autoDraw = False
922.8177 	EXP 	blank1_bg: autoDraw = False
922.8177 	EXP 	prime_text: autoDraw = False
922.8177 	EXP 	blank2_bg: autoDraw = False
922.8177 	EXP 	target_text: autoDraw = False
922.8177 	EXP 	greenCircle: autoDraw = True
922.8177 	EXP 	redCrosss: autoDraw = True
922.9558 	EXP 	Device response: <KeyPress from None: t=922.8012617490022, value=left, duration=0.14992512499156874>
923.0043 	EXP 	blank3_bg: autoDraw = True
923.0119 	EXP 	greenCircle: autoDraw = False
923.0119 	EXP 	redCrosss: autoDraw = False
923.7938 	EXP 	New trial (rep=16, index=5): <Trial 261 (5 in rep 16) data={'prime': 'The boy can read fast', 'target': 'The boy can read fast', 'condition': 'transposition_related', 'correctAns': 'right', 'thisN': 261, 'thisTrialN': 5, 'thisRepN': 16}>
923.8088 	EXP 	blank3_bg: autoDraw = False
923.8088 	EXP 	blank3_bg: autoDraw = False
923.8088 	EXP 	greenCircle: autoDraw = False
923.8088 	EXP 	redCrosss: autoDraw = False
923.8088 	EXP 	prime_text: height = np.float64(0.05)
923.8088 	EXP 	prime_text: height = np.float64(0.05)
923.8088 	EXP 	prime_text: height = np.float64(0.05)
923.8088 	EXP 	prime_text: text = 'The boy can read fast'
923.8088 	EXP 	target_text: height = np.float64(0.05)
923.8088 	EXP 	target_text: height = np.float64(0.05)
923.8088 	EXP 	target_text: height = np.float64(0.05)
923.8088 	EXP 	target_text: text = 'The boy can read fast'
923.8088 	EXP 	fix_text: autoDraw = True
924.0541 	EXP 	fix_text: autoDraw = False
924.0541 	EXP 	blank1_bg: autoDraw = True
924.2542 	EXP 	blank1_bg: autoDraw = False
924.2542 	EXP 	prime_text: autoDraw = True
924.4428 	EXP 	prime_text: autoDraw = False
924.4542 	EXP 	blank2_bg: autoDraw = True
924.5423 	EXP 	blank2_bg: autoDraw = False
924.5544 	INFO 	Keyboard events cleared
924.5542 	EXP 	target_text: autoDraw = True
925.5554 	EXP 	Device response: <KeyPress from None: t=925.5508444159932, value=right, duration=None>
925.5632 	DATA 	Keypress: right
925.5675 	EXP 	fix_text: autoDraw = False
925.5675 	EXP 	blank1_bg: autoDraw = False
925.5675 	EXP 	prime_text: autoDraw = False
925.5675 	EXP 	blank2_bg: autoDraw = False
925.5675 	EXP 	target_text: autoDraw = False
925.5675 	EXP 	greenCircle: autoDraw = True
925.5675 	EXP 	redCrosss: autoDraw = True
925.7388 	EXP 	Device response: <KeyPress from None: t=925.5508444159932, value=right, duration=0.1843068750022212>
925.7528 	EXP 	blank3_bg: autoDraw = True
925.7591 	EXP 	greenCircle: autoDraw = False
925.7591 	EXP 	redCrosss: autoDraw = False
926.5371 	EXP 	New trial (rep=16, index=6): <Trial 262 (6 in rep 16) data={'prime': 'She does not like apples', 'target': 'She like does apples not', 'condition': 'transposition_unrelated', 'correctAns': 'left', 'thisN': 262, 'thisTrialN': 6, 'thisRepN': 16}>
926.5534 	EXP 	blank3_bg: autoDraw = False
926.5534 	EXP 	blank3_bg: autoDraw = False
926.5534 	EXP 	greenCircle: autoDraw = False
926.5534 	EXP 	redCrosss: autoDraw = False
926.5534 	EXP 	prime_text: height = np.float64(0.05)
926.5534 	EXP 	prime_text: height = np.float64(0.05)
926.5534 	EXP 	prime_text: height = np.float64(0.05)
926.5534 	EXP 	prime_text: text = 'She does not like apples'
926.5534 	EXP 	target_text: height = np.float64(0.05)
926.5534 	EXP 	target_text: height = np.float64(0.05)
926.5534 	EXP 	target_text: height = np.float64(0.05)
926.5534 	EXP 	target_text: text = 'She like does apples not'
926.5709 	EXP 	fix_text: autoDraw = True
926.8043 	EXP 	blank1_bg: autoDraw = True
926.8125 	EXP 	fix_text: autoDraw = False
926.9915 	EXP 	blank1_bg: autoDraw = False
927.0041 	EXP 	prime_text: autoDraw = True
927.1924 	EXP 	prime_text: autoDraw = False
927.2041 	EXP 	blank2_bg: autoDraw = True
927.2927 	EXP 	blank2_bg: autoDraw = False
927.3044 	INFO 	Keyboard events cleared
927.3042 	EXP 	target_text: autoDraw = True
928.3227 	EXP 	Device response: <KeyPress from None: t=928.3197054990014, value=left, duration=None>
928.3308 	DATA 	Keypress: left
928.3351 	EXP 	fix_text: autoDraw = False
928.3351 	EXP 	blank1_bg: autoDraw = False
928.3351 	EXP 	prime_text: autoDraw = False
928.3351 	EXP 	blank2_bg: autoDraw = False
928.3351 	EXP 	target_text: autoDraw = False
928.3351 	EXP 	greenCircle: autoDraw = True
928.3351 	EXP 	redCrosss: autoDraw = True
928.4892 	EXP 	Device response: <KeyPress from None: t=928.3197054990014, value=left, duration=0.16438466700492427>
928.5208 	EXP 	blank3_bg: autoDraw = True
928.5285 	EXP 	greenCircle: autoDraw = False
928.5285 	EXP 	redCrosss: autoDraw = False
929.3113 	EXP 	New trial (rep=16, index=7): <Trial 263 (7 in rep 16) data={'prime': 'The dog is barking loudly', 'target': 'The dog barking is loudly', 'condition': 'transposition_related', 'correctAns': 'right', 'thisN': 263, 'thisTrialN': 7, 'thisRepN': 16}>
929.3267 	EXP 	blank3_bg: autoDraw = False
929.3267 	EXP 	blank3_bg: autoDraw = False
929.3267 	EXP 	greenCircle: autoDraw = False
929.3267 	EXP 	redCrosss: autoDraw = False
929.3267 	EXP 	prime_text: height = np.float64(0.05)
929.3267 	EXP 	prime_text: height = np.float64(0.05)
929.3267 	EXP 	prime_text: height = np.float64(0.05)
929.3267 	EXP 	prime_text: text = 'The dog is barking loudly'
929.3267 	EXP 	target_text: height = np.float64(0.05)
929.3267 	EXP 	target_text: height = np.float64(0.05)
929.3267 	EXP 	target_text: height = np.float64(0.05)
929.3267 	EXP 	target_text: text = 'The dog barking is loudly'
929.3267 	EXP 	fix_text: autoDraw = True
929.5699 	EXP 	fix_text: autoDraw = False
929.5699 	EXP 	blank1_bg: autoDraw = True
929.7583 	EXP 	blank1_bg: autoDraw = False
929.7709 	EXP 	prime_text: autoDraw = True
929.9589 	EXP 	prime_text: autoDraw = False
929.9710 	EXP 	blank2_bg: autoDraw = True
930.0595 	EXP 	blank2_bg: autoDraw = False
930.0713 	INFO 	Keyboard events cleared
930.0711 	EXP 	target_text: autoDraw = True
931.4722 	EXP 	Device response: <KeyPress from None: t=931.4667309159995, value=left, duration=None>
931.4802 	DATA 	Keypress: left
931.4845 	EXP 	fix_text: autoDraw = False
931.4845 	EXP 	blank1_bg: autoDraw = False
931.4845 	EXP 	prime_text: autoDraw = False
931.4845 	EXP 	blank2_bg: autoDraw = False
931.4845 	EXP 	target_text: autoDraw = False
931.4845 	EXP 	greenCircle: autoDraw = True
931.4845 	EXP 	redCrosss: autoDraw = True
931.6558 	EXP 	Device response: <KeyPress from None: t=931.4667309159995, value=left, duration=0.18029029200260993>
931.6693 	EXP 	blank3_bg: autoDraw = True
931.6758 	EXP 	greenCircle: autoDraw = False
931.6758 	EXP 	redCrosss: autoDraw = False
932.4537 	EXP 	New trial (rep=16, index=8): <Trial 264 (8 in rep 16) data={'prime': 'She does not like apples', 'target': 'She not does like apples', 'condition': 'repetition_unrelated', 'correctAns': 'left', 'thisN': 264, 'thisTrialN': 8, 'thisRepN': 16}>
932.4694 	EXP 	blank3_bg: autoDraw = False
932.4694 	EXP 	blank3_bg: autoDraw = False
932.4694 	EXP 	greenCircle: autoDraw = False
932.4694 	EXP 	redCrosss: autoDraw = False
932.4694 	EXP 	prime_text: height = np.float64(0.05)
932.4694 	EXP 	prime_text: height = np.float64(0.05)
932.4694 	EXP 	prime_text: height = np.float64(0.05)
932.4694 	EXP 	prime_text: text = 'She does not like apples'
932.4694 	EXP 	target_text: height = np.float64(0.05)
932.4694 	EXP 	target_text: height = np.float64(0.05)
932.4694 	EXP 	target_text: height = np.float64(0.05)
932.4694 	EXP 	target_text: text = 'She not does like apples'
932.4741 	EXP 	fix_text: autoDraw = True
932.7209 	EXP 	fix_text: autoDraw = False
932.7209 	EXP 	blank1_bg: autoDraw = True
932.9095 	EXP 	blank1_bg: autoDraw = False
932.9210 	EXP 	prime_text: autoDraw = True
933.1083 	EXP 	prime_text: autoDraw = False
933.1207 	EXP 	blank2_bg: autoDraw = True
933.2088 	EXP 	blank2_bg: autoDraw = False
933.2210 	INFO 	Keyboard events cleared
933.2208 	EXP 	target_text: autoDraw = True
935.3557 	EXP 	Device response: <KeyPress from None: t=935.3464957910037, value=left, duration=None>
935.3631 	DATA 	Keypress: left
935.3674 	EXP 	fix_text: autoDraw = False
935.3674 	EXP 	blank1_bg: autoDraw = False
935.3674 	EXP 	prime_text: autoDraw = False
935.3674 	EXP 	blank2_bg: autoDraw = False
935.3674 	EXP 	target_text: autoDraw = False
935.3674 	EXP 	greenCircle: autoDraw = True
935.3674 	EXP 	redCrosss: autoDraw = True
935.5287 	EXP 	Device response: <KeyPress from None: t=935.3464957910037, value=left, duration=0.18044866700074635>
935.5542 	EXP 	blank3_bg: autoDraw = True
935.5620 	EXP 	greenCircle: autoDraw = False
935.5620 	EXP 	redCrosss: autoDraw = False
936.3376 	EXP 	New trial (rep=16, index=9): <Trial 265 (9 in rep 16) data={'prime': 'They have finished the work', 'target': 'They work the have finished', 'condition': 'transposition_unrelated', 'correctAns': 'left', 'thisN': 265, 'thisTrialN': 9, 'thisRepN': 16}>
936.3535 	EXP 	blank3_bg: autoDraw = False
936.3535 	EXP 	blank3_bg: autoDraw = False
936.3535 	EXP 	greenCircle: autoDraw = False
936.3535 	EXP 	redCrosss: autoDraw = False
936.3535 	EXP 	prime_text: height = np.float64(0.05)
936.3535 	EXP 	prime_text: height = np.float64(0.05)
936.3535 	EXP 	prime_text: height = np.float64(0.05)
936.3535 	EXP 	prime_text: text = 'They have finished the work'
936.3535 	EXP 	target_text: height = np.float64(0.05)
936.3535 	EXP 	target_text: height = np.float64(0.05)
936.3535 	EXP 	target_text: height = np.float64(0.05)
936.3535 	EXP 	target_text: text = 'They work the have finished'
936.3581 	EXP 	fix_text: autoDraw = True
936.6042 	EXP 	fix_text: autoDraw = False
936.6042 	EXP 	blank1_bg: autoDraw = True
936.7924 	EXP 	blank1_bg: autoDraw = False
936.8042 	EXP 	prime_text: autoDraw = True
936.9930 	EXP 	prime_text: autoDraw = False
937.0045 	EXP 	blank2_bg: autoDraw = True
937.0931 	EXP 	blank2_bg: autoDraw = False
937.1042 	INFO 	Keyboard events cleared
937.1041 	EXP 	target_text: autoDraw = True
943.7947 	EXP 	Device response: <KeyPress from None: t=943.7902487910033, value=left, duration=None>
943.8019 	DATA 	Keypress: left
943.8067 	EXP 	fix_text: autoDraw = False
943.8067 	EXP 	blank1_bg: autoDraw = False
943.8067 	EXP 	prime_text: autoDraw = False
943.8067 	EXP 	blank2_bg: autoDraw = False
943.8067 	EXP 	target_text: autoDraw = False
943.8067 	EXP 	greenCircle: autoDraw = True
943.8067 	EXP 	redCrosss: autoDraw = True
943.9553 	EXP 	Device response: <KeyPress from None: t=943.7902487910033, value=left, duration=0.15706116700312123>
943.9957 	EXP 	blank3_bg: autoDraw = True
944.0027 	EXP 	greenCircle: autoDraw = False
944.0027 	EXP 	redCrosss: autoDraw = False
944.7798 	EXP 	New trial (rep=16, index=10): <Trial 266 (10 in rep 16) data={'prime': 'The boy can read fast', 'target': 'The boy can read fast', 'condition': 'repetition_related', 'correctAns': 'right', 'thisN': 266, 'thisTrialN': 10, 'thisRepN': 16}>
944.7961 	EXP 	blank3_bg: autoDraw = False
944.7961 	EXP 	blank3_bg: autoDraw = False
944.7961 	EXP 	greenCircle: autoDraw = False
944.7961 	EXP 	redCrosss: autoDraw = False
944.7961 	EXP 	prime_text: height = np.float64(0.05)
944.7961 	EXP 	prime_text: height = np.float64(0.05)
944.7961 	EXP 	prime_text: height = np.float64(0.05)
944.7961 	EXP 	prime_text: text = 'The boy can read fast'
944.7961 	EXP 	target_text: height = np.float64(0.05)
944.7961 	EXP 	target_text: height = np.float64(0.05)
944.7961 	EXP 	target_text: height = np.float64(0.05)
944.7961 	EXP 	target_text: text = 'The boy can read fast'
944.7961 	EXP 	fix_text: autoDraw = True
945.0450 	EXP 	fix_text: autoDraw = False
945.0450 	EXP 	blank1_bg: autoDraw = True
945.2372 	EXP 	blank1_bg: autoDraw = False
945.2372 	EXP 	prime_text: autoDraw = True
945.4259 	EXP 	prime_text: autoDraw = False
945.4440 	EXP 	blank2_bg: autoDraw = True
945.5376 	EXP 	blank2_bg: autoDraw = False
945.5449 	INFO 	Keyboard events cleared
945.5447 	EXP 	target_text: autoDraw = True
945.9562 	EXP 	Device response: <KeyPress from None: t=945.9539074579952, value=right, duration=None>
945.9645 	DATA 	Keypress: right
945.9688 	EXP 	fix_text: autoDraw = False
945.9688 	EXP 	blank1_bg: autoDraw = False
945.9688 	EXP 	prime_text: autoDraw = False
945.9688 	EXP 	blank2_bg: autoDraw = False
945.9688 	EXP 	target_text: autoDraw = False
945.9688 	EXP 	greenCircle: autoDraw = True
945.9688 	EXP 	redCrosss: autoDraw = True
946.1539 	EXP 	blank3_bg: autoDraw = True
946.1618 	EXP 	greenCircle: autoDraw = False
946.1618 	EXP 	redCrosss: autoDraw = False
946.1886 	EXP 	Device response: <KeyPress from None: t=945.9539074579952, value=right, duration=0.22441091600921936>
946.9380 	EXP 	New trial (rep=16, index=11): <Trial 267 (11 in rep 16) data={'prime': 'They have finished the work', 'target': 'They finished have the work', 'condition': 'transposition_related', 'correctAns': 'right', 'thisN': 267, 'thisTrialN': 11, 'thisRepN': 16}>
946.9514 	EXP 	blank3_bg: autoDraw = False
946.9514 	EXP 	blank3_bg: autoDraw = False
946.9514 	EXP 	greenCircle: autoDraw = False
946.9514 	EXP 	redCrosss: autoDraw = False
946.9514 	EXP 	prime_text: height = np.float64(0.05)
946.9514 	EXP 	prime_text: height = np.float64(0.05)
946.9514 	EXP 	prime_text: height = np.float64(0.05)
946.9514 	EXP 	prime_text: text = 'They have finished the work'
946.9514 	EXP 	target_text: height = np.float64(0.05)
946.9514 	EXP 	target_text: height = np.float64(0.05)
946.9514 	EXP 	target_text: height = np.float64(0.05)
946.9514 	EXP 	target_text: text = 'They finished have the work'
946.9561 	EXP 	fix_text: autoDraw = True
947.2044 	EXP 	fix_text: autoDraw = False
947.2044 	EXP 	blank1_bg: autoDraw = True
947.4045 	EXP 	blank1_bg: autoDraw = False
947.4045 	EXP 	prime_text: autoDraw = True
947.5917 	EXP 	prime_text: autoDraw = False
947.6043 	EXP 	blank2_bg: autoDraw = True
947.6931 	EXP 	blank2_bg: autoDraw = False
947.7043 	INFO 	Keyboard events cleared
947.7041 	EXP 	target_text: autoDraw = True
950.2722 	EXP 	Device response: <KeyPress from None: t=950.2638239579974, value=left, duration=None>
950.2806 	DATA 	Keypress: left
950.2849 	EXP 	fix_text: autoDraw = False
950.2849 	EXP 	blank1_bg: autoDraw = False
950.2849 	EXP 	prime_text: autoDraw = False
950.2849 	EXP 	blank2_bg: autoDraw = False
950.2849 	EXP 	target_text: autoDraw = False
950.2849 	EXP 	greenCircle: autoDraw = True
950.2849 	EXP 	redCrosss: autoDraw = True
950.4387 	EXP 	Device response: <KeyPress from None: t=950.2638239579974, value=left, duration=0.16503704100614414>
950.4707 	EXP 	blank3_bg: autoDraw = True
950.4772 	EXP 	greenCircle: autoDraw = False
950.4772 	EXP 	redCrosss: autoDraw = False
951.2542 	EXP 	New trial (rep=16, index=12): <Trial 268 (12 in rep 16) data={'prime': 'The boy can read fast', 'target': 'The read can boy fast', 'condition': 'transposition_unrelated', 'correctAns': 'left', 'thisN': 268, 'thisTrialN': 12, 'thisRepN': 16}>
951.2714 	EXP 	blank3_bg: autoDraw = False
951.2714 	EXP 	blank3_bg: autoDraw = False
951.2714 	EXP 	greenCircle: autoDraw = False
951.2714 	EXP 	redCrosss: autoDraw = False
951.2714 	EXP 	prime_text: height = np.float64(0.05)
951.2714 	EXP 	prime_text: height = np.float64(0.05)
951.2714 	EXP 	prime_text: height = np.float64(0.05)
951.2714 	EXP 	prime_text: text = 'The boy can read fast'
951.2714 	EXP 	target_text: height = np.float64(0.05)
951.2714 	EXP 	target_text: height = np.float64(0.05)
951.2714 	EXP 	target_text: height = np.float64(0.05)
951.2714 	EXP 	target_text: text = 'The read can boy fast'
951.2874 	EXP 	fix_text: autoDraw = True
951.5204 	EXP 	blank1_bg: autoDraw = True
951.5287 	EXP 	fix_text: autoDraw = False
951.7081 	EXP 	blank1_bg: autoDraw = False
951.7209 	EXP 	prime_text: autoDraw = True
951.9082 	EXP 	prime_text: autoDraw = False
951.9210 	EXP 	blank2_bg: autoDraw = True
952.0081 	EXP 	blank2_bg: autoDraw = False
952.0212 	INFO 	Keyboard events cleared
952.0210 	EXP 	target_text: autoDraw = True
952.6893 	EXP 	Device response: <KeyPress from None: t=952.6824285409966, value=left, duration=None>
952.6979 	DATA 	Keypress: left
952.7022 	EXP 	fix_text: autoDraw = False
952.7022 	EXP 	blank1_bg: autoDraw = False
952.7022 	EXP 	prime_text: autoDraw = False
952.7022 	EXP 	blank2_bg: autoDraw = False
952.7022 	EXP 	target_text: autoDraw = False
952.7022 	EXP 	greenCircle: autoDraw = True
952.7022 	EXP 	redCrosss: autoDraw = True
952.8556 	EXP 	Device response: <KeyPress from None: t=952.6824285409966, value=left, duration=0.1683440420019906>
952.8874 	EXP 	blank3_bg: autoDraw = True
952.8949 	EXP 	greenCircle: autoDraw = False
952.8949 	EXP 	redCrosss: autoDraw = False
953.6781 	EXP 	New trial (rep=16, index=13): <Trial 269 (13 in rep 16) data={'prime': 'They have finished the work', 'target': 'They have finished the work', 'condition': 'repetition_related', 'correctAns': 'right', 'thisN': 269, 'thisTrialN': 13, 'thisRepN': 16}>
953.6934 	EXP 	blank3_bg: autoDraw = False
953.6934 	EXP 	blank3_bg: autoDraw = False
953.6934 	EXP 	greenCircle: autoDraw = False
953.6934 	EXP 	redCrosss: autoDraw = False
953.6934 	EXP 	prime_text: height = np.float64(0.05)
953.6934 	EXP 	prime_text: height = np.float64(0.05)
953.6934 	EXP 	prime_text: height = np.float64(0.05)
953.6934 	EXP 	prime_text: text = 'They have finished the work'
953.6934 	EXP 	target_text: height = np.float64(0.05)
953.6934 	EXP 	target_text: height = np.float64(0.05)
953.6934 	EXP 	target_text: height = np.float64(0.05)
953.6934 	EXP 	target_text: text = 'They have finished the work'
953.6934 	EXP 	fix_text: autoDraw = True
953.9375 	EXP 	blank1_bg: autoDraw = True
953.9450 	EXP 	fix_text: autoDraw = False
954.1251 	EXP 	blank1_bg: autoDraw = False
954.1376 	EXP 	prime_text: autoDraw = True
954.3260 	EXP 	prime_text: autoDraw = False
954.3375 	EXP 	blank2_bg: autoDraw = True
954.4244 	EXP 	blank2_bg: autoDraw = False
954.4377 	INFO 	Keyboard events cleared
954.4374 	EXP 	target_text: autoDraw = True
959.8776 	EXP 	Device response: <KeyPress from None: t=959.8722026239993, value=left, duration=None>
959.8849 	DATA 	Keypress: left
959.8896 	EXP 	fix_text: autoDraw = False
959.8896 	EXP 	blank1_bg: autoDraw = False
959.8896 	EXP 	prime_text: autoDraw = False
959.8896 	EXP 	blank2_bg: autoDraw = False
959.8896 	EXP 	target_text: autoDraw = False
959.8896 	EXP 	greenCircle: autoDraw = True
959.8896 	EXP 	redCrosss: autoDraw = True
960.0449 	EXP 	Device response: <KeyPress from None: t=959.8722026239993, value=left, duration=0.16593550000106916>
960.0786 	EXP 	blank3_bg: autoDraw = True
960.0865 	EXP 	greenCircle: autoDraw = False
960.0865 	EXP 	redCrosss: autoDraw = False
960.8622 	EXP 	New trial (rep=16, index=14): <Trial 270 (14 in rep 16) data={'prime': 'The dog is barking loudly', 'target': 'The barking dog loudly is', 'condition': 'transposition_unrelated', 'correctAns': 'left', 'thisN': 270, 'thisTrialN': 14, 'thisRepN': 16}>
960.8785 	EXP 	blank3_bg: autoDraw = False
960.8785 	EXP 	blank3_bg: autoDraw = False
960.8785 	EXP 	greenCircle: autoDraw = False
960.8785 	EXP 	redCrosss: autoDraw = False
960.8785 	EXP 	prime_text: height = np.float64(0.05)
960.8785 	EXP 	prime_text: height = np.float64(0.05)
960.8785 	EXP 	prime_text: height = np.float64(0.05)
960.8785 	EXP 	prime_text: text = 'The dog is barking loudly'
960.8785 	EXP 	target_text: height = np.float64(0.05)
960.8785 	EXP 	target_text: height = np.float64(0.05)
960.8785 	EXP 	target_text: height = np.float64(0.05)
960.8785 	EXP 	target_text: text = 'The barking dog loudly is'
960.8785 	EXP 	fix_text: autoDraw = True
961.1295 	EXP 	fix_text: autoDraw = False
961.1295 	EXP 	blank1_bg: autoDraw = True
961.3198 	EXP 	blank1_bg: autoDraw = False
961.3198 	EXP 	prime_text: autoDraw = True
961.5093 	EXP 	prime_text: autoDraw = False
961.5275 	EXP 	blank2_bg: autoDraw = True
961.6210 	INFO 	Keyboard events cleared
961.6207 	EXP 	blank2_bg: autoDraw = False
961.6207 	EXP 	target_text: autoDraw = True
964.2776 	EXP 	Device response: <KeyPress from None: t=964.2758005409996, value=left, duration=None>
964.2848 	DATA 	Keypress: left
964.2894 	EXP 	fix_text: autoDraw = False
964.2894 	EXP 	blank1_bg: autoDraw = False
964.2894 	EXP 	prime_text: autoDraw = False
964.2894 	EXP 	blank2_bg: autoDraw = False
964.2894 	EXP 	target_text: autoDraw = False
964.2894 	EXP 	greenCircle: autoDraw = True
964.2894 	EXP 	redCrosss: autoDraw = True
964.4222 	EXP 	Device response: <KeyPress from None: t=964.2758005409996, value=left, duration=0.14197887500631623>
964.4795 	EXP 	blank3_bg: autoDraw = True
964.4864 	EXP 	greenCircle: autoDraw = False
964.4864 	EXP 	redCrosss: autoDraw = False
965.2705 	EXP 	New trial (rep=16, index=15): <Trial 271 (15 in rep 16) data={'prime': 'The boy can read fast', 'target': 'The read can boy fast', 'condition': 'repetition_unrelated', 'correctAns': 'left', 'thisN': 271, 'thisTrialN': 15, 'thisRepN': 16}>
965.2865 	EXP 	blank3_bg: autoDraw = False
965.2865 	EXP 	blank3_bg: autoDraw = False
965.2865 	EXP 	greenCircle: autoDraw = False
965.2865 	EXP 	redCrosss: autoDraw = False
965.2865 	EXP 	prime_text: height = np.float64(0.05)
965.2865 	EXP 	prime_text: height = np.float64(0.05)
965.2865 	EXP 	prime_text: height = np.float64(0.05)
965.2865 	EXP 	prime_text: text = 'The boy can read fast'
965.2865 	EXP 	target_text: height = np.float64(0.05)
965.2865 	EXP 	target_text: height = np.float64(0.05)
965.2865 	EXP 	target_text: height = np.float64(0.05)
965.2865 	EXP 	target_text: text = 'The read can boy fast'
965.2865 	EXP 	fix_text: autoDraw = True
965.5197 	EXP 	blank1_bg: autoDraw = True
965.5275 	EXP 	fix_text: autoDraw = False
965.7084 	EXP 	blank1_bg: autoDraw = False
965.7271 	EXP 	prime_text: autoDraw = True
965.9207 	EXP 	prime_text: autoDraw = False
965.9273 	EXP 	blank2_bg: autoDraw = True
966.0209 	INFO 	Keyboard events cleared
966.0207 	EXP 	blank2_bg: autoDraw = False
966.0207 	EXP 	target_text: autoDraw = True
967.1892 	EXP 	Device response: <KeyPress from None: t=967.1794465410057, value=left, duration=None>
967.1964 	DATA 	Keypress: left
967.2030 	EXP 	fix_text: autoDraw = False
967.2030 	EXP 	blank1_bg: autoDraw = False
967.2030 	EXP 	prime_text: autoDraw = False
967.2030 	EXP 	blank2_bg: autoDraw = False
967.2030 	EXP 	target_text: autoDraw = False
967.2030 	EXP 	greenCircle: autoDraw = True
967.2030 	EXP 	redCrosss: autoDraw = True
967.3720 	EXP 	Device response: <KeyPress from None: t=967.1794465410057, value=left, duration=0.1841469579958357>
967.3865 	EXP 	blank3_bg: autoDraw = True
967.3933 	EXP 	greenCircle: autoDraw = False
967.3933 	EXP 	redCrosss: autoDraw = False
968.1713 	EXP 	New trial (rep=17, index=0): <Trial 272 (0 in rep 17) data={'prime': 'They have finished the work', 'target': 'They have finished the work', 'condition': 'repetition_related', 'correctAns': 'right', 'thisN': 272, 'thisTrialN': 0, 'thisRepN': 17}>
968.1868 	EXP 	blank3_bg: autoDraw = False
968.1868 	EXP 	blank3_bg: autoDraw = False
968.1868 	EXP 	greenCircle: autoDraw = False
968.1868 	EXP 	redCrosss: autoDraw = False
968.1868 	EXP 	prime_text: height = np.float64(0.05)
968.1868 	EXP 	prime_text: height = np.float64(0.05)
968.1868 	EXP 	prime_text: height = np.float64(0.05)
968.1868 	EXP 	prime_text: text = 'They have finished the work'
968.1868 	EXP 	target_text: height = np.float64(0.05)
968.1868 	EXP 	target_text: height = np.float64(0.05)
968.1868 	EXP 	target_text: height = np.float64(0.05)
968.1868 	EXP 	target_text: text = 'They have finished the work'
968.2038 	EXP 	fix_text: autoDraw = True
968.4367 	EXP 	blank1_bg: autoDraw = True
968.4448 	EXP 	fix_text: autoDraw = False
968.6239 	EXP 	blank1_bg: autoDraw = False
968.6374 	EXP 	prime_text: autoDraw = True
968.8256 	EXP 	prime_text: autoDraw = False
968.8376 	EXP 	blank2_bg: autoDraw = True
968.9260 	EXP 	blank2_bg: autoDraw = False
968.9377 	INFO 	Keyboard events cleared
968.9375 	EXP 	target_text: autoDraw = True
969.6219 	EXP 	Device response: <KeyPress from None: t=969.6183571659931, value=left, duration=None>
969.6302 	DATA 	Keypress: left
969.6345 	EXP 	fix_text: autoDraw = False
969.6345 	EXP 	blank1_bg: autoDraw = False
969.6345 	EXP 	prime_text: autoDraw = False
969.6345 	EXP 	blank2_bg: autoDraw = False
969.6345 	EXP 	target_text: autoDraw = False
969.6345 	EXP 	greenCircle: autoDraw = True
969.6345 	EXP 	redCrosss: autoDraw = True
969.7055 	EXP 	Device response: <KeyPress from None: t=969.6183571659931, value=left, duration=0.08032270800322294>
969.8200 	EXP 	blank3_bg: autoDraw = True
969.8282 	EXP 	greenCircle: autoDraw = False
969.8282 	EXP 	redCrosss: autoDraw = False
970.6047 	EXP 	New trial (rep=17, index=1): <Trial 273 (1 in rep 17) data={'prime': 'The boy can read fast', 'target': 'The read can boy fast', 'condition': 'repetition_unrelated', 'correctAns': 'left', 'thisN': 273, 'thisTrialN': 1, 'thisRepN': 17}>
970.6203 	EXP 	blank3_bg: autoDraw = False
970.6203 	EXP 	blank3_bg: autoDraw = False
970.6203 	EXP 	greenCircle: autoDraw = False
970.6203 	EXP 	redCrosss: autoDraw = False
970.6203 	EXP 	prime_text: height = np.float64(0.05)
970.6203 	EXP 	prime_text: height = np.float64(0.05)
970.6203 	EXP 	prime_text: height = np.float64(0.05)
970.6203 	EXP 	prime_text: text = 'The boy can read fast'
970.6203 	EXP 	target_text: height = np.float64(0.05)
970.6203 	EXP 	target_text: height = np.float64(0.05)
970.6203 	EXP 	target_text: height = np.float64(0.05)
970.6203 	EXP 	target_text: text = 'The read can boy fast'
970.6246 	EXP 	fix_text: autoDraw = True
970.8709 	EXP 	fix_text: autoDraw = False
970.8709 	EXP 	blank1_bg: autoDraw = True
971.0709 	EXP 	blank1_bg: autoDraw = False
971.0709 	EXP 	prime_text: autoDraw = True
971.2591 	EXP 	prime_text: autoDraw = False
971.2706 	EXP 	blank2_bg: autoDraw = True
971.3593 	EXP 	blank2_bg: autoDraw = False
971.3710 	INFO 	Keyboard events cleared
971.3707 	EXP 	target_text: autoDraw = True
972.2774 	EXP 	Device response: <KeyPress from None: t=972.272155041006, value=left, duration=None>
972.2847 	DATA 	Keypress: left
972.2893 	EXP 	fix_text: autoDraw = False
972.2893 	EXP 	blank1_bg: autoDraw = False
972.2893 	EXP 	prime_text: autoDraw = False
972.2893 	EXP 	blank2_bg: autoDraw = False
972.2893 	EXP 	target_text: autoDraw = False
972.2893 	EXP 	greenCircle: autoDraw = True
972.2893 	EXP 	redCrosss: autoDraw = True
972.4053 	EXP 	Device response: <KeyPress from None: t=972.272155041006, value=left, duration=0.12833562499145046>
972.4700 	EXP 	blank3_bg: autoDraw = True
972.4862 	EXP 	greenCircle: autoDraw = False
972.4862 	EXP 	redCrosss: autoDraw = False
973.2539 	EXP 	New trial (rep=17, index=2): <Trial 274 (2 in rep 17) data={'prime': 'She does not like apples', 'target': 'She does not like apples', 'condition': 'repetition_related', 'correctAns': 'right', 'thisN': 274, 'thisTrialN': 2, 'thisRepN': 17}>
973.2689 	EXP 	blank3_bg: autoDraw = False
973.2689 	EXP 	blank3_bg: autoDraw = False
973.2689 	EXP 	greenCircle: autoDraw = False
973.2689 	EXP 	redCrosss: autoDraw = False
973.2689 	EXP 	prime_text: height = np.float64(0.05)
973.2689 	EXP 	prime_text: height = np.float64(0.05)
973.2689 	EXP 	prime_text: height = np.float64(0.05)
973.2689 	EXP 	prime_text: text = 'She does not like apples'
973.2689 	EXP 	target_text: height = np.float64(0.05)
973.2689 	EXP 	target_text: height = np.float64(0.05)
973.2689 	EXP 	target_text: height = np.float64(0.05)
973.2689 	EXP 	target_text: text = 'She does not like apples'
973.2724 	EXP 	fix_text: autoDraw = True
973.5210 	EXP 	fix_text: autoDraw = False
973.5289 	EXP 	blank1_bg: autoDraw = True
973.7199 	EXP 	prime_text: autoDraw = True
973.7249 	EXP 	blank1_bg: autoDraw = False
973.9090 	EXP 	prime_text: autoDraw = False
973.9280 	EXP 	blank2_bg: autoDraw = True
974.0209 	INFO 	Keyboard events cleared
974.0207 	EXP 	target_text: autoDraw = True
974.0263 	EXP 	blank2_bg: autoDraw = False
974.7892 	EXP 	Device response: <KeyPress from None: t=974.7811257489957, value=left, duration=None>
974.7978 	DATA 	Keypress: left
974.8021 	EXP 	fix_text: autoDraw = False
974.8021 	EXP 	blank1_bg: autoDraw = False
974.8021 	EXP 	prime_text: autoDraw = False
974.8021 	EXP 	blank2_bg: autoDraw = False
974.8021 	EXP 	target_text: autoDraw = False
974.8021 	EXP 	greenCircle: autoDraw = True
974.8021 	EXP 	redCrosss: autoDraw = True
974.9387 	EXP 	Device response: <KeyPress from None: t=974.7811257489957, value=left, duration=0.15248133400746156>
974.9873 	EXP 	blank3_bg: autoDraw = True
974.9950 	EXP 	greenCircle: autoDraw = False
974.9950 	EXP 	redCrosss: autoDraw = False
975.7769 	EXP 	New trial (rep=17, index=3): <Trial 275 (3 in rep 17) data={'prime': 'The boy can read fast', 'target': 'The boy can read fast', 'condition': 'transposition_related', 'correctAns': 'right', 'thisN': 275, 'thisTrialN': 3, 'thisRepN': 17}>
975.7913 	EXP 	blank3_bg: autoDraw = False
975.7913 	EXP 	blank3_bg: autoDraw = False
975.7913 	EXP 	greenCircle: autoDraw = False
975.7913 	EXP 	redCrosss: autoDraw = False
975.7913 	EXP 	prime_text: height = np.float64(0.05)
975.7913 	EXP 	prime_text: height = np.float64(0.05)
975.7913 	EXP 	prime_text: height = np.float64(0.05)
975.7913 	EXP 	prime_text: text = 'The boy can read fast'
975.7913 	EXP 	target_text: height = np.float64(0.05)
975.7913 	EXP 	target_text: height = np.float64(0.05)
975.7913 	EXP 	target_text: height = np.float64(0.05)
975.7913 	EXP 	target_text: text = 'The boy can read fast'
975.7913 	EXP 	fix_text: autoDraw = True
976.0375 	EXP 	fix_text: autoDraw = False
976.0375 	EXP 	blank1_bg: autoDraw = True
976.2245 	EXP 	blank1_bg: autoDraw = False
976.2375 	EXP 	prime_text: autoDraw = True
976.4261 	EXP 	prime_text: autoDraw = False
976.4373 	EXP 	blank2_bg: autoDraw = True
976.5246 	EXP 	blank2_bg: autoDraw = False
976.5377 	INFO 	Keyboard events cleared
976.5374 	EXP 	target_text: autoDraw = True
977.3563 	EXP 	Device response: <KeyPress from None: t=977.3461600409937, value=right, duration=None>
977.3638 	DATA 	Keypress: right
977.3691 	EXP 	fix_text: autoDraw = False
977.3691 	EXP 	blank1_bg: autoDraw = False
977.3691 	EXP 	prime_text: autoDraw = False
977.3691 	EXP 	blank2_bg: autoDraw = False
977.3691 	EXP 	target_text: autoDraw = False
977.3691 	EXP 	greenCircle: autoDraw = True
977.3691 	EXP 	redCrosss: autoDraw = True
977.5530 	EXP 	blank3_bg: autoDraw = True
977.5601 	EXP 	greenCircle: autoDraw = False
977.5601 	EXP 	redCrosss: autoDraw = False
977.5721 	EXP 	Device response: <KeyPress from None: t=977.3461600409937, value=right, duration=0.22029283300798852>
978.3382 	EXP 	New trial (rep=17, index=4): <Trial 276 (4 in rep 17) data={'prime': 'They have finished the work', 'target': 'They finished have the work', 'condition': 'transposition_related', 'correctAns': 'right', 'thisN': 276, 'thisTrialN': 4, 'thisRepN': 17}>
978.3535 	EXP 	blank3_bg: autoDraw = False
978.3535 	EXP 	blank3_bg: autoDraw = False
978.3535 	EXP 	greenCircle: autoDraw = False
978.3535 	EXP 	redCrosss: autoDraw = False
978.3535 	EXP 	prime_text: height = np.float64(0.05)
978.3535 	EXP 	prime_text: height = np.float64(0.05)
978.3535 	EXP 	prime_text: height = np.float64(0.05)
978.3535 	EXP 	prime_text: text = 'They have finished the work'
978.3535 	EXP 	target_text: height = np.float64(0.05)
978.3535 	EXP 	target_text: height = np.float64(0.05)
978.3535 	EXP 	target_text: height = np.float64(0.05)
978.3535 	EXP 	target_text: text = 'They finished have the work'
978.3574 	EXP 	fix_text: autoDraw = True
978.6041 	EXP 	fix_text: autoDraw = False
978.6041 	EXP 	blank1_bg: autoDraw = True
978.7911 	EXP 	blank1_bg: autoDraw = False
978.8041 	EXP 	prime_text: autoDraw = True
978.9917 	EXP 	prime_text: autoDraw = False
979.0042 	EXP 	blank2_bg: autoDraw = True
979.0924 	EXP 	blank2_bg: autoDraw = False
979.1042 	INFO 	Keyboard events cleared
979.1040 	EXP 	target_text: autoDraw = True
980.8886 	EXP 	Device response: <KeyPress from None: t=980.8789914990048, value=left, duration=None>
980.8962 	DATA 	Keypress: left
980.9003 	EXP 	fix_text: autoDraw = False
980.9003 	EXP 	blank1_bg: autoDraw = False
980.9003 	EXP 	prime_text: autoDraw = False
980.9003 	EXP 	blank2_bg: autoDraw = False
980.9003 	EXP 	target_text: autoDraw = False
980.9003 	EXP 	greenCircle: autoDraw = True
980.9003 	EXP 	redCrosss: autoDraw = True
981.0617 	EXP 	Device response: <KeyPress from None: t=980.8789914990048, value=left, duration=0.17639783398772124>
981.0874 	EXP 	blank3_bg: autoDraw = True
981.0950 	EXP 	greenCircle: autoDraw = False
981.0950 	EXP 	redCrosss: autoDraw = False
981.8782 	EXP 	New trial (rep=17, index=5): <Trial 277 (5 in rep 17) data={'prime': 'They have finished the work', 'target': 'They finished have the work', 'condition': 'repetition_unrelated', 'correctAns': 'left', 'thisN': 277, 'thisTrialN': 5, 'thisRepN': 17}>
981.8867 	EXP 	blank3_bg: autoDraw = False
981.8867 	EXP 	blank3_bg: autoDraw = False
981.8867 	EXP 	greenCircle: autoDraw = False
981.8867 	EXP 	redCrosss: autoDraw = False
981.8867 	EXP 	prime_text: text = 'They have finished the work'
981.8867 	EXP 	target_text: text = 'They finished have the work'
981.8867 	EXP 	fix_text: autoDraw = True
982.1259 	EXP 	fix_text: autoDraw = False
982.1375 	EXP 	blank1_bg: autoDraw = True
982.3373 	EXP 	blank1_bg: autoDraw = False
982.3373 	EXP 	prime_text: autoDraw = True
982.5258 	EXP 	prime_text: autoDraw = False
982.5375 	EXP 	blank2_bg: autoDraw = True
982.6249 	EXP 	blank2_bg: autoDraw = False
982.6377 	INFO 	Keyboard events cleared
982.6375 	EXP 	target_text: autoDraw = True
984.5617 	EXP 	Device response: <KeyPress from None: t=984.5549323330051, value=left, duration=None>
984.5688 	DATA 	Keypress: left
984.5730 	EXP 	fix_text: autoDraw = False
984.5730 	EXP 	blank1_bg: autoDraw = False
984.5730 	EXP 	prime_text: autoDraw = False
984.5730 	EXP 	blank2_bg: autoDraw = False
984.5730 	EXP 	target_text: autoDraw = False
984.5730 	EXP 	greenCircle: autoDraw = True
984.5730 	EXP 	redCrosss: autoDraw = True
984.7554 	EXP 	Device response: <KeyPress from None: t=984.5549323330051, value=left, duration=0.19640120799886063>
984.7652 	EXP 	blank3_bg: autoDraw = True
984.7712 	EXP 	greenCircle: autoDraw = False
984.7712 	EXP 	redCrosss: autoDraw = False
985.5533 	EXP 	New trial (rep=17, index=6): <Trial 278 (6 in rep 17) data={'prime': 'She does not like apples', 'target': 'She not does like apples', 'condition': 'repetition_unrelated', 'correctAns': 'left', 'thisN': 278, 'thisTrialN': 6, 'thisRepN': 17}>
985.5684 	EXP 	blank3_bg: autoDraw = False
985.5684 	EXP 	blank3_bg: autoDraw = False
985.5684 	EXP 	greenCircle: autoDraw = False
985.5684 	EXP 	redCrosss: autoDraw = False
985.5684 	EXP 	prime_text: height = np.float64(0.05)
985.5684 	EXP 	prime_text: height = np.float64(0.05)
985.5684 	EXP 	prime_text: height = np.float64(0.05)
985.5684 	EXP 	prime_text: text = 'She does not like apples'
985.5684 	EXP 	target_text: height = np.float64(0.05)
985.5684 	EXP 	target_text: height = np.float64(0.05)
985.5684 	EXP 	target_text: height = np.float64(0.05)
985.5684 	EXP 	target_text: text = 'She not does like apples'
985.5684 	EXP 	fix_text: autoDraw = True
985.8123 	EXP 	fix_text: autoDraw = False
985.8123 	EXP 	blank1_bg: autoDraw = True
986.0027 	EXP 	blank1_bg: autoDraw = False
986.0027 	EXP 	prime_text: autoDraw = True
986.1926 	EXP 	prime_text: autoDraw = False
986.2104 	EXP 	blank2_bg: autoDraw = True
986.3041 	EXP 	blank2_bg: autoDraw = False
986.3108 	INFO 	Keyboard events cleared
986.3106 	EXP 	target_text: autoDraw = True
987.7388 	EXP 	Device response: <KeyPress from None: t=987.7268547910062, value=left, duration=None>
987.7471 	DATA 	Keypress: left
987.7514 	EXP 	fix_text: autoDraw = False
987.7514 	EXP 	blank1_bg: autoDraw = False
987.7514 	EXP 	prime_text: autoDraw = False
987.7514 	EXP 	blank2_bg: autoDraw = False
987.7514 	EXP 	target_text: autoDraw = False
987.7514 	EXP 	greenCircle: autoDraw = True
987.7514 	EXP 	redCrosss: autoDraw = True
987.9111 	EXP 	Device response: <KeyPress from None: t=987.7268547910062, value=left, duration=0.18040054199809674>
987.9373 	EXP 	blank3_bg: autoDraw = True
987.9446 	EXP 	greenCircle: autoDraw = False
987.9446 	EXP 	redCrosss: autoDraw = False
988.7209 	EXP 	New trial (rep=17, index=7): <Trial 279 (7 in rep 17) data={'prime': 'The dog is barking loudly', 'target': 'The loudly is barking dog', 'condition': 'repetition_unrelated', 'correctAns': 'left', 'thisN': 279, 'thisTrialN': 7, 'thisRepN': 17}>
988.7359 	EXP 	blank3_bg: autoDraw = False
988.7359 	EXP 	blank3_bg: autoDraw = False
988.7359 	EXP 	greenCircle: autoDraw = False
988.7359 	EXP 	redCrosss: autoDraw = False
988.7359 	EXP 	prime_text: height = np.float64(0.05)
988.7359 	EXP 	prime_text: height = np.float64(0.05)
988.7359 	EXP 	prime_text: height = np.float64(0.05)
988.7359 	EXP 	prime_text: text = 'The dog is barking loudly'
988.7359 	EXP 	target_text: height = np.float64(0.05)
988.7359 	EXP 	target_text: height = np.float64(0.05)
988.7359 	EXP 	target_text: height = np.float64(0.05)
988.7359 	EXP 	target_text: text = 'The loudly is barking dog'
988.7402 	EXP 	fix_text: autoDraw = True
988.9875 	EXP 	fix_text: autoDraw = False
988.9875 	EXP 	blank1_bg: autoDraw = True
989.1752 	EXP 	blank1_bg: autoDraw = False
989.1873 	EXP 	prime_text: autoDraw = True
989.3762 	EXP 	prime_text: autoDraw = False
989.3875 	EXP 	blank2_bg: autoDraw = True
989.4749 	EXP 	blank2_bg: autoDraw = False
989.4873 	INFO 	Keyboard events cleared
989.4871 	EXP 	target_text: autoDraw = True
992.8888 	EXP 	Device response: <KeyPress from None: t=992.8781194159965, value=left, duration=None>
992.8968 	DATA 	Keypress: left
992.9011 	EXP 	fix_text: autoDraw = False
992.9011 	EXP 	blank1_bg: autoDraw = False
992.9011 	EXP 	prime_text: autoDraw = False
992.9011 	EXP 	blank2_bg: autoDraw = False
992.9011 	EXP 	target_text: autoDraw = False
992.9011 	EXP 	greenCircle: autoDraw = True
992.9011 	EXP 	redCrosss: autoDraw = True
993.0220 	EXP 	Device response: <KeyPress from None: t=992.8781194159965, value=left, duration=0.13798679200408515>
993.0873 	EXP 	blank3_bg: autoDraw = True
993.0956 	EXP 	greenCircle: autoDraw = False
993.0956 	EXP 	redCrosss: autoDraw = False
993.8783 	EXP 	New trial (rep=17, index=8): <Trial 280 (8 in rep 17) data={'prime': 'The dog is barking loudly', 'target': 'The dog is barking loudly', 'condition': 'repetition_related', 'correctAns': 'right', 'thisN': 280, 'thisTrialN': 8, 'thisRepN': 17}>
993.8895 	EXP 	blank3_bg: autoDraw = False
993.8895 	EXP 	blank3_bg: autoDraw = False
993.8895 	EXP 	greenCircle: autoDraw = False
993.8895 	EXP 	redCrosss: autoDraw = False
993.8895 	EXP 	prime_text: text = 'The dog is barking loudly'
993.8895 	EXP 	target_text: height = np.float64(0.05)
993.8895 	EXP 	target_text: height = np.float64(0.05)
993.8895 	EXP 	target_text: height = np.float64(0.05)
993.8895 	EXP 	target_text: text = 'The dog is barking loudly'
993.8895 	EXP 	fix_text: autoDraw = True
994.1373 	EXP 	fix_text: autoDraw = False
994.1373 	EXP 	blank1_bg: autoDraw = True
994.3375 	EXP 	blank1_bg: autoDraw = False
994.3375 	EXP 	prime_text: autoDraw = True
994.5257 	EXP 	prime_text: autoDraw = False
994.5372 	EXP 	blank2_bg: autoDraw = True
994.6247 	EXP 	blank2_bg: autoDraw = False
994.6376 	INFO 	Keyboard events cleared
994.6374 	EXP 	target_text: autoDraw = True
995.4887 	EXP 	Device response: <KeyPress from None: t=995.4816828740004, value=right, duration=None>
995.4967 	DATA 	Keypress: right
995.5009 	EXP 	fix_text: autoDraw = False
995.5009 	EXP 	blank1_bg: autoDraw = False
995.5009 	EXP 	prime_text: autoDraw = False
995.5009 	EXP 	blank2_bg: autoDraw = False
995.5009 	EXP 	target_text: autoDraw = False
995.5009 	EXP 	greenCircle: autoDraw = True
995.5009 	EXP 	redCrosss: autoDraw = True
995.6873 	EXP 	blank3_bg: autoDraw = True
995.6949 	EXP 	greenCircle: autoDraw = False
995.6949 	EXP 	redCrosss: autoDraw = False
995.7043 	EXP 	Device response: <KeyPress from None: t=995.4816828740004, value=right, duration=0.22024283399514388>
996.4783 	EXP 	New trial (rep=17, index=9): <Trial 281 (9 in rep 17) data={'prime': 'She does not like apples', 'target': 'She like does apples not', 'condition': 'transposition_unrelated', 'correctAns': 'left', 'thisN': 281, 'thisTrialN': 9, 'thisRepN': 17}>
996.4942 	EXP 	blank3_bg: autoDraw = False
996.4942 	EXP 	blank3_bg: autoDraw = False
996.4942 	EXP 	greenCircle: autoDraw = False
996.4942 	EXP 	redCrosss: autoDraw = False
996.4942 	EXP 	prime_text: height = np.float64(0.05)
996.4942 	EXP 	prime_text: height = np.float64(0.05)
996.4942 	EXP 	prime_text: height = np.float64(0.05)
996.4942 	EXP 	prime_text: text = 'She does not like apples'
996.4942 	EXP 	target_text: height = np.float64(0.05)
996.4942 	EXP 	target_text: height = np.float64(0.05)
996.4942 	EXP 	target_text: height = np.float64(0.05)
996.4942 	EXP 	target_text: text = 'She like does apples not'
996.4942 	EXP 	fix_text: autoDraw = True
996.7373 	EXP 	blank1_bg: autoDraw = True
996.7448 	EXP 	fix_text: autoDraw = False
996.9259 	EXP 	blank1_bg: autoDraw = False
996.9375 	EXP 	prime_text: autoDraw = True
997.1256 	EXP 	prime_text: autoDraw = False
997.1374 	EXP 	blank2_bg: autoDraw = True
997.2260 	EXP 	blank2_bg: autoDraw = False
997.2377 	INFO 	Keyboard events cleared
997.2374 	EXP 	target_text: autoDraw = True
1001.3223 	EXP 	Device response: <KeyPress from None: t=1001.3203011239966, value=left, duration=None>
1001.3302 	DATA 	Keypress: left
1001.3346 	EXP 	fix_text: autoDraw = False
1001.3346 	EXP 	blank1_bg: autoDraw = False
1001.3346 	EXP 	prime_text: autoDraw = False
1001.3346 	EXP 	blank2_bg: autoDraw = False
1001.3346 	EXP 	target_text: autoDraw = False
1001.3346 	EXP 	greenCircle: autoDraw = True
1001.3346 	EXP 	redCrosss: autoDraw = True
1001.4609 	EXP 	Device response: <KeyPress from None: t=1001.3203011239966, value=left, duration=0.1339349170011701>
1001.5197 	EXP 	blank3_bg: autoDraw = True
1001.5264 	EXP 	greenCircle: autoDraw = False
1001.5264 	EXP 	redCrosss: autoDraw = False
1002.3035 	EXP 	New trial (rep=17, index=10): <Trial 282 (10 in rep 17) data={'prime': 'They have finished the work', 'target': 'They work the have finished', 'condition': 'transposition_unrelated', 'correctAns': 'left', 'thisN': 282, 'thisTrialN': 10, 'thisRepN': 17}>
1002.3192 	EXP 	blank3_bg: autoDraw = False
1002.3192 	EXP 	blank3_bg: autoDraw = False
1002.3192 	EXP 	greenCircle: autoDraw = False
1002.3192 	EXP 	redCrosss: autoDraw = False
1002.3192 	EXP 	prime_text: height = np.float64(0.05)
1002.3192 	EXP 	prime_text: height = np.float64(0.05)
1002.3192 	EXP 	prime_text: height = np.float64(0.05)
1002.3192 	EXP 	prime_text: text = 'They have finished the work'
1002.3192 	EXP 	target_text: height = np.float64(0.05)
1002.3192 	EXP 	target_text: height = np.float64(0.05)
1002.3192 	EXP 	target_text: height = np.float64(0.05)
1002.3192 	EXP 	target_text: text = 'They work the have finished'
1002.3228 	EXP 	fix_text: autoDraw = True
1002.5707 	EXP 	fix_text: autoDraw = False
1002.5707 	EXP 	blank1_bg: autoDraw = True
1002.7702 	EXP 	blank1_bg: autoDraw = False
1002.7702 	EXP 	prime_text: autoDraw = True
1002.9580 	EXP 	prime_text: autoDraw = False
1002.9708 	EXP 	blank2_bg: autoDraw = True
1003.0595 	EXP 	blank2_bg: autoDraw = False
1003.0711 	INFO 	Keyboard events cleared
1003.0709 	EXP 	target_text: autoDraw = True
1007.1559 	EXP 	Device response: <KeyPress from None: t=1007.1496470830025, value=left, duration=None>
1007.1640 	DATA 	Keypress: left
1007.1682 	EXP 	fix_text: autoDraw = False
1007.1682 	EXP 	blank1_bg: autoDraw = False
1007.1682 	EXP 	prime_text: autoDraw = False
1007.1682 	EXP 	blank2_bg: autoDraw = False
1007.1682 	EXP 	target_text: autoDraw = False
1007.1682 	EXP 	greenCircle: autoDraw = True
1007.1682 	EXP 	redCrosss: autoDraw = True
1007.2780 	EXP 	Device response: <KeyPress from None: t=1007.1496470830025, value=left, duration=0.12186420799116604>
1007.3539 	EXP 	blank3_bg: autoDraw = True
1007.3620 	EXP 	greenCircle: autoDraw = False
1007.3620 	EXP 	redCrosss: autoDraw = False
1008.1380 	EXP 	New trial (rep=17, index=11): <Trial 283 (11 in rep 17) data={'prime': 'The dog is barking loudly', 'target': 'The barking dog loudly is', 'condition': 'transposition_unrelated', 'correctAns': 'left', 'thisN': 283, 'thisTrialN': 11, 'thisRepN': 17}>
1008.1535 	EXP 	blank3_bg: autoDraw = False
1008.1535 	EXP 	blank3_bg: autoDraw = False
1008.1535 	EXP 	greenCircle: autoDraw = False
1008.1535 	EXP 	redCrosss: autoDraw = False
1008.1535 	EXP 	prime_text: height = np.float64(0.05)
1008.1535 	EXP 	prime_text: height = np.float64(0.05)
1008.1535 	EXP 	prime_text: height = np.float64(0.05)
1008.1535 	EXP 	prime_text: text = 'The dog is barking loudly'
1008.1535 	EXP 	target_text: height = np.float64(0.05)
1008.1535 	EXP 	target_text: height = np.float64(0.05)
1008.1535 	EXP 	target_text: height = np.float64(0.05)
1008.1535 	EXP 	target_text: text = 'The barking dog loudly is'
1008.1578 	EXP 	fix_text: autoDraw = True
1008.4041 	EXP 	fix_text: autoDraw = False
1008.4041 	EXP 	blank1_bg: autoDraw = True
1008.5914 	EXP 	blank1_bg: autoDraw = False
1008.6041 	EXP 	prime_text: autoDraw = True
1008.7927 	EXP 	prime_text: autoDraw = False
1008.8039 	EXP 	blank2_bg: autoDraw = True
1008.8925 	EXP 	blank2_bg: autoDraw = False
1008.9043 	INFO 	Keyboard events cleared
1008.9040 	EXP 	target_text: autoDraw = True
1009.9052 	EXP 	Device response: <KeyPress from None: t=1009.895118874003, value=left, duration=None>
1009.9127 	DATA 	Keypress: left
1009.9169 	EXP 	fix_text: autoDraw = False
1009.9169 	EXP 	blank1_bg: autoDraw = False
1009.9169 	EXP 	prime_text: autoDraw = False
1009.9169 	EXP 	blank2_bg: autoDraw = False
1009.9169 	EXP 	target_text: autoDraw = False
1009.9169 	EXP 	greenCircle: autoDraw = True
1009.9169 	EXP 	redCrosss: autoDraw = True
1010.0448 	EXP 	Device response: <KeyPress from None: t=1009.895118874003, value=left, duration=0.1444439170008991>
1010.1037 	EXP 	blank3_bg: autoDraw = True
1010.1112 	EXP 	greenCircle: autoDraw = False
1010.1112 	EXP 	redCrosss: autoDraw = False
1010.8934 	EXP 	New trial (rep=17, index=12): <Trial 284 (12 in rep 17) data={'prime': 'She does not like apples', 'target': 'She not does like apples', 'condition': 'transposition_related', 'correctAns': 'right', 'thisN': 284, 'thisTrialN': 12, 'thisRepN': 17}>
1010.9076 	EXP 	blank3_bg: autoDraw = False
1010.9076 	EXP 	blank3_bg: autoDraw = False
1010.9076 	EXP 	greenCircle: autoDraw = False
1010.9076 	EXP 	redCrosss: autoDraw = False
1010.9076 	EXP 	prime_text: height = np.float64(0.05)
1010.9076 	EXP 	prime_text: height = np.float64(0.05)
1010.9076 	EXP 	prime_text: height = np.float64(0.05)
1010.9076 	EXP 	prime_text: text = 'She does not like apples'
1010.9076 	EXP 	target_text: height = np.float64(0.05)
1010.9076 	EXP 	target_text: height = np.float64(0.05)
1010.9076 	EXP 	target_text: height = np.float64(0.05)
1010.9076 	EXP 	target_text: text = 'She not does like apples'
1010.9076 	EXP 	fix_text: autoDraw = True
1011.1544 	EXP 	fix_text: autoDraw = False
1011.1544 	EXP 	blank1_bg: autoDraw = True
1011.3445 	EXP 	blank1_bg: autoDraw = False
1011.3445 	EXP 	prime_text: autoDraw = True
1011.5376 	EXP 	prime_text: autoDraw = False
1011.5542 	EXP 	blank2_bg: autoDraw = True
1011.6410 	EXP 	blank2_bg: autoDraw = False
1011.6543 	INFO 	Keyboard events cleared
1011.6541 	EXP 	target_text: autoDraw = True
1012.9220 	EXP 	Device response: <KeyPress from None: t=1012.9191904159961, value=left, duration=None>
1012.9301 	DATA 	Keypress: left
1012.9342 	EXP 	fix_text: autoDraw = False
1012.9342 	EXP 	blank1_bg: autoDraw = False
1012.9342 	EXP 	prime_text: autoDraw = False
1012.9342 	EXP 	blank2_bg: autoDraw = False
1012.9342 	EXP 	target_text: autoDraw = False
1012.9342 	EXP 	greenCircle: autoDraw = True
1012.9342 	EXP 	redCrosss: autoDraw = True
1013.0888 	EXP 	Device response: <KeyPress from None: t=1012.9191904159961, value=left, duration=0.16423004200623836>
1013.1205 	EXP 	blank3_bg: autoDraw = True
1013.1273 	EXP 	greenCircle: autoDraw = False
1013.1273 	EXP 	redCrosss: autoDraw = False
1013.9041 	EXP 	New trial (rep=17, index=13): <Trial 285 (13 in rep 17) data={'prime': 'The boy can read fast', 'target': 'The read can boy fast', 'condition': 'transposition_unrelated', 'correctAns': 'left', 'thisN': 285, 'thisTrialN': 13, 'thisRepN': 17}>
1013.9200 	EXP 	blank3_bg: autoDraw = False
1013.9200 	EXP 	blank3_bg: autoDraw = False
1013.9200 	EXP 	greenCircle: autoDraw = False
1013.9200 	EXP 	redCrosss: autoDraw = False
1013.9200 	EXP 	prime_text: height = np.float64(0.05)
1013.9200 	EXP 	prime_text: height = np.float64(0.05)
1013.9200 	EXP 	prime_text: height = np.float64(0.05)
1013.9200 	EXP 	prime_text: text = 'The boy can read fast'
1013.9200 	EXP 	target_text: height = np.float64(0.05)
1013.9200 	EXP 	target_text: height = np.float64(0.05)
1013.9200 	EXP 	target_text: height = np.float64(0.05)
1013.9200 	EXP 	target_text: text = 'The read can boy fast'
1013.9373 	EXP 	fix_text: autoDraw = True
1014.1692 	EXP 	blank1_bg: autoDraw = True
1014.1862 	EXP 	fix_text: autoDraw = False
1014.3583 	EXP 	blank1_bg: autoDraw = False
1014.3708 	EXP 	prime_text: autoDraw = True
1014.5599 	EXP 	prime_text: autoDraw = False
1014.5708 	EXP 	blank2_bg: autoDraw = True
1014.6588 	EXP 	blank2_bg: autoDraw = False
1014.6710 	INFO 	Keyboard events cleared
1014.6707 	EXP 	target_text: autoDraw = True
1015.2058 	EXP 	Device response: <KeyPress from None: t=1015.1941314989963, value=left, duration=None>
1015.2145 	DATA 	Keypress: left
1015.2187 	EXP 	fix_text: autoDraw = False
1015.2187 	EXP 	blank1_bg: autoDraw = False
1015.2187 	EXP 	prime_text: autoDraw = False
1015.2187 	EXP 	blank2_bg: autoDraw = False
1015.2187 	EXP 	target_text: autoDraw = False
1015.2187 	EXP 	greenCircle: autoDraw = True
1015.2187 	EXP 	redCrosss: autoDraw = True
1015.3225 	EXP 	Device response: <KeyPress from None: t=1015.1941314989963, value=left, duration=0.1203724590013735>
1015.4024 	EXP 	blank3_bg: autoDraw = True
1015.4087 	EXP 	greenCircle: autoDraw = False
1015.4087 	EXP 	redCrosss: autoDraw = False
1016.1871 	EXP 	New trial (rep=17, index=14): <Trial 286 (14 in rep 17) data={'prime': 'The boy can read fast', 'target': 'The boy can read fast', 'condition': 'repetition_related', 'correctAns': 'right', 'thisN': 286, 'thisTrialN': 14, 'thisRepN': 17}>
1016.1973 	EXP 	blank3_bg: autoDraw = False
1016.1973 	EXP 	blank3_bg: autoDraw = False
1016.1973 	EXP 	greenCircle: autoDraw = False
1016.1973 	EXP 	redCrosss: autoDraw = False
1016.1973 	EXP 	prime_text: text = 'The boy can read fast'
1016.1973 	EXP 	target_text: height = np.float64(0.05)
1016.1973 	EXP 	target_text: height = np.float64(0.05)
1016.1973 	EXP 	target_text: height = np.float64(0.05)
1016.1973 	EXP 	target_text: text = 'The boy can read fast'
1016.2025 	EXP 	fix_text: autoDraw = True
1016.4422 	EXP 	fix_text: autoDraw = False
1016.4541 	EXP 	blank1_bg: autoDraw = True
1016.6422 	EXP 	blank1_bg: autoDraw = False
1016.6541 	EXP 	prime_text: autoDraw = True
1016.8431 	EXP 	prime_text: autoDraw = False
1016.8540 	EXP 	blank2_bg: autoDraw = True
1016.9423 	EXP 	blank2_bg: autoDraw = False
1016.9543 	INFO 	Keyboard events cleared
1016.9541 	EXP 	target_text: autoDraw = True
1017.8888 	EXP 	Device response: <KeyPress from None: t=1017.877019623993, value=right, duration=None>
1017.8967 	DATA 	Keypress: right
1017.9011 	EXP 	fix_text: autoDraw = False
1017.9011 	EXP 	blank1_bg: autoDraw = False
1017.9011 	EXP 	prime_text: autoDraw = False
1017.9011 	EXP 	blank2_bg: autoDraw = False
1017.9011 	EXP 	target_text: autoDraw = False
1017.9011 	EXP 	greenCircle: autoDraw = True
1017.9011 	EXP 	redCrosss: autoDraw = True
1018.0557 	EXP 	Device response: <KeyPress from None: t=1017.877019623993, value=right, duration=0.17633100000966806>
1018.0873 	EXP 	blank3_bg: autoDraw = True
1018.0938 	EXP 	greenCircle: autoDraw = False
1018.0938 	EXP 	redCrosss: autoDraw = False
1018.8715 	EXP 	New trial (rep=17, index=15): <Trial 287 (15 in rep 17) data={'prime': 'The dog is barking loudly', 'target': 'The dog barking is loudly', 'condition': 'transposition_related', 'correctAns': 'right', 'thisN': 287, 'thisTrialN': 15, 'thisRepN': 17}>
1018.8864 	EXP 	blank3_bg: autoDraw = False
1018.8864 	EXP 	blank3_bg: autoDraw = False
1018.8864 	EXP 	greenCircle: autoDraw = False
1018.8864 	EXP 	redCrosss: autoDraw = False
1018.8864 	EXP 	prime_text: height = np.float64(0.05)
1018.8864 	EXP 	prime_text: height = np.float64(0.05)
1018.8864 	EXP 	prime_text: height = np.float64(0.05)
1018.8864 	EXP 	prime_text: text = 'The dog is barking loudly'
1018.8864 	EXP 	target_text: height = np.float64(0.05)
1018.8864 	EXP 	target_text: height = np.float64(0.05)
1018.8864 	EXP 	target_text: height = np.float64(0.05)
1018.8864 	EXP 	target_text: text = 'The dog barking is loudly'
1018.8908 	EXP 	fix_text: autoDraw = True
1019.1374 	EXP 	fix_text: autoDraw = False
1019.1374 	EXP 	blank1_bg: autoDraw = True
1019.3256 	EXP 	blank1_bg: autoDraw = False
1019.3374 	EXP 	prime_text: autoDraw = True
1019.5260 	EXP 	prime_text: autoDraw = False
1019.5372 	EXP 	blank2_bg: autoDraw = True
1019.6260 	EXP 	blank2_bg: autoDraw = False
1019.6376 	INFO 	Keyboard events cleared
1019.6374 	EXP 	target_text: autoDraw = True
1021.4887 	EXP 	Device response: <KeyPress from None: t=1021.4828774159978, value=left, duration=None>
1021.4966 	DATA 	Keypress: left
1021.5008 	EXP 	fix_text: autoDraw = False
1021.5008 	EXP 	blank1_bg: autoDraw = False
1021.5008 	EXP 	prime_text: autoDraw = False
1021.5008 	EXP 	blank2_bg: autoDraw = False
1021.5008 	EXP 	target_text: autoDraw = False
1021.5008 	EXP 	greenCircle: autoDraw = True
1021.5008 	EXP 	redCrosss: autoDraw = True
1021.6726 	EXP 	Device response: <KeyPress from None: t=1021.4828774159978, value=left, duration=0.18440012499922886>
1021.6870 	EXP 	blank3_bg: autoDraw = True
1021.6933 	EXP 	greenCircle: autoDraw = False
1021.6933 	EXP 	redCrosss: autoDraw = False
1022.4703 	EXP 	New trial (rep=18, index=0): <Trial 288 (0 in rep 18) data={'prime': 'The dog is barking loudly', 'target': 'The dog barking is loudly', 'condition': 'transposition_related', 'correctAns': 'right', 'thisN': 288, 'thisTrialN': 0, 'thisRepN': 18}>
1022.4757 	EXP 	blank3_bg: autoDraw = False
1022.4757 	EXP 	blank3_bg: autoDraw = False
1022.4757 	EXP 	greenCircle: autoDraw = False
1022.4757 	EXP 	redCrosss: autoDraw = False
1022.4757 	EXP 	prime_text: text = 'The dog is barking loudly'
1022.4757 	EXP 	target_text: text = 'The dog barking is loudly'
1022.4875 	EXP 	fix_text: autoDraw = True
1022.7245 	EXP 	fix_text: autoDraw = False
1022.7373 	EXP 	blank1_bg: autoDraw = True
1022.9249 	EXP 	blank1_bg: autoDraw = False
1022.9373 	EXP 	prime_text: autoDraw = True
1023.1248 	EXP 	prime_text: autoDraw = False
1023.1376 	EXP 	blank2_bg: autoDraw = True
1023.2256 	EXP 	blank2_bg: autoDraw = False
1023.2378 	INFO 	Keyboard events cleared
1023.2375 	EXP 	target_text: autoDraw = True
1024.5384 	EXP 	Device response: <KeyPress from None: t=1024.5298937490006, value=left, duration=None>
1024.5461 	DATA 	Keypress: left
1024.5501 	EXP 	fix_text: autoDraw = False
1024.5501 	EXP 	blank1_bg: autoDraw = False
1024.5501 	EXP 	prime_text: autoDraw = False
1024.5501 	EXP 	blank2_bg: autoDraw = False
1024.5501 	EXP 	target_text: autoDraw = False
1024.5501 	EXP 	greenCircle: autoDraw = True
1024.5501 	EXP 	redCrosss: autoDraw = True
1024.7054 	EXP 	Device response: <KeyPress from None: t=1024.5298937490006, value=left, duration=0.16829916699498426>
1024.7373 	EXP 	blank3_bg: autoDraw = True
1024.7449 	EXP 	greenCircle: autoDraw = False
1024.7449 	EXP 	redCrosss: autoDraw = False
1025.5270 	EXP 	New trial (rep=18, index=1): <Trial 289 (1 in rep 18) data={'prime': 'The boy can read fast', 'target': 'The boy can read fast', 'condition': 'repetition_related', 'correctAns': 'right', 'thisN': 289, 'thisTrialN': 1, 'thisRepN': 18}>
1025.5418 	EXP 	blank3_bg: autoDraw = False
1025.5418 	EXP 	blank3_bg: autoDraw = False
1025.5418 	EXP 	greenCircle: autoDraw = False
1025.5418 	EXP 	redCrosss: autoDraw = False
1025.5418 	EXP 	prime_text: height = np.float64(0.05)
1025.5418 	EXP 	prime_text: height = np.float64(0.05)
1025.5418 	EXP 	prime_text: height = np.float64(0.05)
1025.5418 	EXP 	prime_text: text = 'The boy can read fast'
1025.5418 	EXP 	target_text: height = np.float64(0.05)
1025.5418 	EXP 	target_text: height = np.float64(0.05)
1025.5418 	EXP 	target_text: height = np.float64(0.05)
1025.5418 	EXP 	target_text: text = 'The boy can read fast'
1025.5418 	EXP 	fix_text: autoDraw = True
1025.7873 	EXP 	fix_text: autoDraw = False
1025.7873 	EXP 	blank1_bg: autoDraw = True
1025.9874 	EXP 	blank1_bg: autoDraw = False
1025.9874 	EXP 	prime_text: autoDraw = True
1026.1748 	EXP 	prime_text: autoDraw = False
1026.1875 	EXP 	blank2_bg: autoDraw = True
1026.2759 	EXP 	blank2_bg: autoDraw = False
1026.2877 	INFO 	Keyboard events cleared
1026.2875 	EXP 	target_text: autoDraw = True
1027.5561 	EXP 	Device response: <KeyPress from None: t=1027.5508273330051, value=right, duration=None>
1027.5639 	DATA 	Keypress: right
1027.5681 	EXP 	fix_text: autoDraw = False
1027.5681 	EXP 	blank1_bg: autoDraw = False
1027.5681 	EXP 	prime_text: autoDraw = False
1027.5681 	EXP 	blank2_bg: autoDraw = False
1027.5681 	EXP 	target_text: autoDraw = False
1027.5681 	EXP 	greenCircle: autoDraw = True
1027.5681 	EXP 	redCrosss: autoDraw = True
1027.7526 	EXP 	blank3_bg: autoDraw = True
1027.7598 	EXP 	greenCircle: autoDraw = False
1027.7598 	EXP 	redCrosss: autoDraw = False
1027.8109 	EXP 	Device response: <KeyPress from None: t=1027.5508273330051, value=right, duration=0.25215516598836984>
1028.5372 	EXP 	New trial (rep=18, index=2): <Trial 290 (2 in rep 18) data={'prime': 'The dog is barking loudly', 'target': 'The dog is barking loudly', 'condition': 'repetition_related', 'correctAns': 'right', 'thisN': 290, 'thisTrialN': 2, 'thisRepN': 18}>
1028.5532 	EXP 	blank3_bg: autoDraw = False
1028.5532 	EXP 	blank3_bg: autoDraw = False
1028.5532 	EXP 	greenCircle: autoDraw = False
1028.5532 	EXP 	redCrosss: autoDraw = False
1028.5532 	EXP 	prime_text: height = np.float64(0.05)
1028.5532 	EXP 	prime_text: height = np.float64(0.05)
1028.5532 	EXP 	prime_text: height = np.float64(0.05)
1028.5532 	EXP 	prime_text: text = 'The dog is barking loudly'
1028.5532 	EXP 	target_text: height = np.float64(0.05)
1028.5532 	EXP 	target_text: height = np.float64(0.05)
1028.5532 	EXP 	target_text: height = np.float64(0.05)
1028.5532 	EXP 	target_text: text = 'The dog is barking loudly'
1028.5568 	EXP 	fix_text: autoDraw = True
1028.8038 	EXP 	fix_text: autoDraw = False
1028.8038 	EXP 	blank1_bg: autoDraw = True
1028.9925 	EXP 	blank1_bg: autoDraw = False
1029.0040 	EXP 	prime_text: autoDraw = True
1029.1926 	EXP 	prime_text: autoDraw = False
1029.2041 	EXP 	blank2_bg: autoDraw = True
1029.2914 	EXP 	blank2_bg: autoDraw = False
1029.3043 	INFO 	Keyboard events cleared
1029.3041 	EXP 	target_text: autoDraw = True
1030.1727 	EXP 	Device response: <KeyPress from None: t=1030.1617232489953, value=left, duration=None>
1030.1809 	DATA 	Keypress: left
1030.1850 	EXP 	fix_text: autoDraw = False
1030.1850 	EXP 	blank1_bg: autoDraw = False
1030.1850 	EXP 	prime_text: autoDraw = False
1030.1850 	EXP 	blank2_bg: autoDraw = False
1030.1850 	EXP 	target_text: autoDraw = False
1030.1850 	EXP 	greenCircle: autoDraw = True
1030.1850 	EXP 	redCrosss: autoDraw = True
1030.3277 	EXP 	Device response: <KeyPress from None: t=1030.1617232489953, value=left, duration=0.16020250000292435>
1030.3706 	EXP 	blank3_bg: autoDraw = True
1030.3784 	EXP 	greenCircle: autoDraw = False
1030.3784 	EXP 	redCrosss: autoDraw = False
1031.1548 	EXP 	New trial (rep=18, index=3): <Trial 291 (3 in rep 18) data={'prime': 'They have finished the work', 'target': 'They finished have the work', 'condition': 'transposition_related', 'correctAns': 'right', 'thisN': 291, 'thisTrialN': 3, 'thisRepN': 18}>
1031.1703 	EXP 	blank3_bg: autoDraw = False
1031.1703 	EXP 	blank3_bg: autoDraw = False
1031.1703 	EXP 	greenCircle: autoDraw = False
1031.1703 	EXP 	redCrosss: autoDraw = False
1031.1703 	EXP 	prime_text: height = np.float64(0.05)
1031.1703 	EXP 	prime_text: height = np.float64(0.05)
1031.1703 	EXP 	prime_text: height = np.float64(0.05)
1031.1703 	EXP 	prime_text: text = 'They have finished the work'
1031.1703 	EXP 	target_text: height = np.float64(0.05)
1031.1703 	EXP 	target_text: height = np.float64(0.05)
1031.1703 	EXP 	target_text: height = np.float64(0.05)
1031.1703 	EXP 	target_text: text = 'They finished have the work'
1031.1741 	EXP 	fix_text: autoDraw = True
1031.4207 	EXP 	fix_text: autoDraw = False
1031.4207 	EXP 	blank1_bg: autoDraw = True
1031.6204 	EXP 	blank1_bg: autoDraw = False
1031.6204 	EXP 	prime_text: autoDraw = True
1031.8099 	EXP 	prime_text: autoDraw = False
1031.8206 	EXP 	blank2_bg: autoDraw = True
1031.9089 	EXP 	blank2_bg: autoDraw = False
1031.9210 	INFO 	Keyboard events cleared
1031.9207 	EXP 	target_text: autoDraw = True
1033.6886 	EXP 	Device response: <KeyPress from None: t=1033.6868147490022, value=left, duration=None>
1033.6966 	DATA 	Keypress: left
1033.7007 	EXP 	fix_text: autoDraw = False
1033.7007 	EXP 	blank1_bg: autoDraw = False
1033.7007 	EXP 	prime_text: autoDraw = False
1033.7007 	EXP 	blank2_bg: autoDraw = False
1033.7007 	EXP 	target_text: autoDraw = False
1033.7007 	EXP 	greenCircle: autoDraw = True
1033.7007 	EXP 	redCrosss: autoDraw = True
1033.8118 	EXP 	Device response: <KeyPress from None: t=1033.6868147490022, value=left, duration=0.12020824999490287>
1033.8859 	EXP 	blank3_bg: autoDraw = True
1033.8923 	EXP 	greenCircle: autoDraw = False
1033.8923 	EXP 	redCrosss: autoDraw = False
1034.6702 	EXP 	New trial (rep=18, index=4): <Trial 292 (4 in rep 18) data={'prime': 'They have finished the work', 'target': 'They have finished the work', 'condition': 'repetition_related', 'correctAns': 'right', 'thisN': 292, 'thisTrialN': 4, 'thisRepN': 18}>
1034.6797 	EXP 	blank3_bg: autoDraw = False
1034.6797 	EXP 	blank3_bg: autoDraw = False
1034.6797 	EXP 	greenCircle: autoDraw = False
1034.6797 	EXP 	redCrosss: autoDraw = False
1034.6797 	EXP 	prime_text: text = 'They have finished the work'
1034.6797 	EXP 	target_text: height = np.float64(0.05)
1034.6797 	EXP 	target_text: height = np.float64(0.05)
1034.6797 	EXP 	target_text: height = np.float64(0.05)
1034.6797 	EXP 	target_text: text = 'They have finished the work'
1034.6859 	EXP 	fix_text: autoDraw = True
1034.9259 	EXP 	fix_text: autoDraw = False
1034.9375 	EXP 	blank1_bg: autoDraw = True
1035.1373 	EXP 	blank1_bg: autoDraw = False
1035.1373 	EXP 	prime_text: autoDraw = True
1035.3257 	EXP 	prime_text: autoDraw = False
1035.3373 	EXP 	blank2_bg: autoDraw = True
1035.4255 	EXP 	blank2_bg: autoDraw = False
1035.4377 	INFO 	Keyboard events cleared
1035.4375 	EXP 	target_text: autoDraw = True
1037.0720 	EXP 	Device response: <KeyPress from None: t=1037.0635556240013, value=right, duration=None>
1037.0816 	DATA 	Keypress: right
1037.0859 	EXP 	fix_text: autoDraw = False
1037.0859 	EXP 	blank1_bg: autoDraw = False
1037.0859 	EXP 	prime_text: autoDraw = False
1037.0859 	EXP 	blank2_bg: autoDraw = False
1037.0859 	EXP 	target_text: autoDraw = False
1037.0859 	EXP 	greenCircle: autoDraw = True
1037.0859 	EXP 	redCrosss: autoDraw = True
1037.2706 	EXP 	blank3_bg: autoDraw = True
1037.2779 	EXP 	greenCircle: autoDraw = False
1037.2779 	EXP 	redCrosss: autoDraw = False
1037.2952 	EXP 	Device response: <KeyPress from None: t=1037.0635556240013, value=right, duration=0.22424250000040047>
1038.0550 	EXP 	New trial (rep=18, index=5): <Trial 293 (5 in rep 18) data={'prime': 'They have finished the work', 'target': 'They work the have finished', 'condition': 'transposition_unrelated', 'correctAns': 'left', 'thisN': 293, 'thisTrialN': 5, 'thisRepN': 18}>
1038.0659 	EXP 	blank3_bg: autoDraw = False
1038.0659 	EXP 	blank3_bg: autoDraw = False
1038.0659 	EXP 	greenCircle: autoDraw = False
1038.0659 	EXP 	redCrosss: autoDraw = False
1038.0659 	EXP 	prime_text: text = 'They have finished the work'
1038.0659 	EXP 	target_text: height = np.float64(0.05)
1038.0659 	EXP 	target_text: height = np.float64(0.05)
1038.0659 	EXP 	target_text: height = np.float64(0.05)
1038.0659 	EXP 	target_text: text = 'They work the have finished'
1038.0871 	EXP 	fix_text: autoDraw = True
1038.3200 	EXP 	blank1_bg: autoDraw = True
1038.3270 	EXP 	fix_text: autoDraw = False
1038.5091 	EXP 	blank1_bg: autoDraw = False
1038.5206 	EXP 	prime_text: autoDraw = True
1038.7080 	EXP 	prime_text: autoDraw = False
1038.7208 	EXP 	blank2_bg: autoDraw = True
1038.8095 	EXP 	blank2_bg: autoDraw = False
1038.8208 	INFO 	Keyboard events cleared
1038.8206 	EXP 	target_text: autoDraw = True
1039.6112 	EXP 	Device response: <KeyPress from None: t=1039.6095329990058, value=left, duration=None>
1039.6187 	DATA 	Keypress: left
1039.6232 	EXP 	fix_text: autoDraw = False
1039.6232 	EXP 	blank1_bg: autoDraw = False
1039.6232 	EXP 	prime_text: autoDraw = False
1039.6232 	EXP 	blank2_bg: autoDraw = False
1039.6232 	EXP 	target_text: autoDraw = False
1039.6232 	EXP 	greenCircle: autoDraw = True
1039.6232 	EXP 	redCrosss: autoDraw = True
1039.7556 	EXP 	Device response: <KeyPress from None: t=1039.6095329990058, value=left, duration=0.14432237499568146>
1039.8143 	EXP 	blank3_bg: autoDraw = True
1039.8202 	EXP 	greenCircle: autoDraw = False
1039.8202 	EXP 	redCrosss: autoDraw = False
1040.6045 	EXP 	New trial (rep=18, index=6): <Trial 294 (6 in rep 18) data={'prime': 'The boy can read fast', 'target': 'The read can boy fast', 'condition': 'transposition_unrelated', 'correctAns': 'left', 'thisN': 294, 'thisTrialN': 6, 'thisRepN': 18}>
1040.6192 	EXP 	blank3_bg: autoDraw = False
1040.6192 	EXP 	blank3_bg: autoDraw = False
1040.6192 	EXP 	greenCircle: autoDraw = False
1040.6192 	EXP 	redCrosss: autoDraw = False
1040.6192 	EXP 	prime_text: height = np.float64(0.05)
1040.6192 	EXP 	prime_text: height = np.float64(0.05)
1040.6192 	EXP 	prime_text: height = np.float64(0.05)
1040.6192 	EXP 	prime_text: text = 'The boy can read fast'
1040.6192 	EXP 	target_text: height = np.float64(0.05)
1040.6192 	EXP 	target_text: height = np.float64(0.05)
1040.6192 	EXP 	target_text: height = np.float64(0.05)
1040.6192 	EXP 	target_text: text = 'The read can boy fast'
1040.6192 	EXP 	fix_text: autoDraw = True
1040.8525 	EXP 	blank1_bg: autoDraw = True
1040.8604 	EXP 	fix_text: autoDraw = False
1041.0413 	EXP 	blank1_bg: autoDraw = False
1041.0598 	EXP 	prime_text: autoDraw = True
1041.2540 	EXP 	prime_text: autoDraw = False
1041.2598 	EXP 	blank2_bg: autoDraw = True
1041.3539 	EXP 	blank2_bg: autoDraw = False
1041.3601 	INFO 	Keyboard events cleared
1041.3600 	EXP 	target_text: autoDraw = True
1042.0227 	EXP 	Device response: <KeyPress from None: t=1042.0155119580013, value=left, duration=None>
1042.0309 	DATA 	Keypress: left
1042.0353 	EXP 	fix_text: autoDraw = False
1042.0353 	EXP 	blank1_bg: autoDraw = False
1042.0353 	EXP 	prime_text: autoDraw = False
1042.0353 	EXP 	blank2_bg: autoDraw = False
1042.0353 	EXP 	target_text: autoDraw = False
1042.0353 	EXP 	greenCircle: autoDraw = True
1042.0353 	EXP 	redCrosss: autoDraw = True
1042.1949 	EXP 	Device response: <KeyPress from None: t=1042.0155119580013, value=left, duration=0.1763093750050757>
1042.2207 	EXP 	blank3_bg: autoDraw = True
1042.2276 	EXP 	greenCircle: autoDraw = False
1042.2276 	EXP 	redCrosss: autoDraw = False
1043.0115 	EXP 	New trial (rep=18, index=7): <Trial 295 (7 in rep 18) data={'prime': 'She does not like apples', 'target': 'She not does like apples', 'condition': 'transposition_related', 'correctAns': 'right', 'thisN': 295, 'thisTrialN': 7, 'thisRepN': 18}>
1043.0264 	EXP 	blank3_bg: autoDraw = False
1043.0264 	EXP 	blank3_bg: autoDraw = False
1043.0264 	EXP 	greenCircle: autoDraw = False
1043.0264 	EXP 	redCrosss: autoDraw = False
1043.0264 	EXP 	prime_text: height = np.float64(0.05)
1043.0264 	EXP 	prime_text: height = np.float64(0.05)
1043.0264 	EXP 	prime_text: height = np.float64(0.05)
1043.0264 	EXP 	prime_text: text = 'She does not like apples'
1043.0264 	EXP 	target_text: height = np.float64(0.05)
1043.0264 	EXP 	target_text: height = np.float64(0.05)
1043.0264 	EXP 	target_text: height = np.float64(0.05)
1043.0264 	EXP 	target_text: text = 'She not does like apples'
1043.0264 	EXP 	fix_text: autoDraw = True
1043.2707 	EXP 	fix_text: autoDraw = False
1043.2707 	EXP 	blank1_bg: autoDraw = True
1043.4706 	EXP 	blank1_bg: autoDraw = False
1043.4706 	EXP 	prime_text: autoDraw = True
1043.6579 	EXP 	prime_text: autoDraw = False
1043.6709 	EXP 	blank2_bg: autoDraw = True
1043.7593 	EXP 	blank2_bg: autoDraw = False
1043.7708 	INFO 	Keyboard events cleared
1043.7706 	EXP 	target_text: autoDraw = True
1046.0113 	EXP 	Device response: <KeyPress from None: t=1046.0093757489958, value=left, duration=None>
1046.0186 	DATA 	Keypress: left
1046.0229 	EXP 	fix_text: autoDraw = False
1046.0229 	EXP 	blank1_bg: autoDraw = False
1046.0229 	EXP 	prime_text: autoDraw = False
1046.0229 	EXP 	blank2_bg: autoDraw = False
1046.0229 	EXP 	target_text: autoDraw = False
1046.0229 	EXP 	greenCircle: autoDraw = True
1046.0229 	EXP 	redCrosss: autoDraw = True
1046.1556 	EXP 	Device response: <KeyPress from None: t=1046.0093757489958, value=left, duration=0.14024404200608842>
1046.2125 	EXP 	blank3_bg: autoDraw = True
1046.2198 	EXP 	greenCircle: autoDraw = False
1046.2198 	EXP 	redCrosss: autoDraw = False
1047.0045 	EXP 	New trial (rep=18, index=8): <Trial 296 (8 in rep 18) data={'prime': 'The boy can read fast', 'target': 'The read can boy fast', 'condition': 'repetition_unrelated', 'correctAns': 'left', 'thisN': 296, 'thisTrialN': 8, 'thisRepN': 18}>
1047.0200 	EXP 	blank3_bg: autoDraw = False
1047.0200 	EXP 	blank3_bg: autoDraw = False
1047.0200 	EXP 	greenCircle: autoDraw = False
1047.0200 	EXP 	redCrosss: autoDraw = False
1047.0200 	EXP 	prime_text: height = np.float64(0.05)
1047.0200 	EXP 	prime_text: height = np.float64(0.05)
1047.0200 	EXP 	prime_text: height = np.float64(0.05)
1047.0200 	EXP 	prime_text: text = 'The boy can read fast'
1047.0200 	EXP 	target_text: height = np.float64(0.05)
1047.0200 	EXP 	target_text: height = np.float64(0.05)
1047.0200 	EXP 	target_text: height = np.float64(0.05)
1047.0200 	EXP 	target_text: text = 'The read can boy fast'
1047.0200 	EXP 	fix_text: autoDraw = True
1047.2627 	EXP 	fix_text: autoDraw = False
1047.2627 	EXP 	blank1_bg: autoDraw = True
1047.4525 	EXP 	prime_text: autoDraw = True
1047.4572 	EXP 	blank1_bg: autoDraw = False
1047.6420 	EXP 	prime_text: autoDraw = False
1047.6602 	EXP 	blank2_bg: autoDraw = True
1047.7539 	EXP 	blank2_bg: autoDraw = False
1047.7608 	INFO 	Keyboard events cleared
1047.7606 	EXP 	target_text: autoDraw = True
1049.2114 	EXP 	Device response: <KeyPress from None: t=1049.2053014160047, value=left, duration=None>
1049.2187 	DATA 	Keypress: left
1049.2231 	EXP 	fix_text: autoDraw = False
1049.2231 	EXP 	blank1_bg: autoDraw = False
1049.2231 	EXP 	prime_text: autoDraw = False
1049.2231 	EXP 	blank2_bg: autoDraw = False
1049.2231 	EXP 	target_text: autoDraw = False
1049.2231 	EXP 	greenCircle: autoDraw = True
1049.2231 	EXP 	redCrosss: autoDraw = True
1049.3890 	EXP 	Device response: <KeyPress from None: t=1049.2053014160047, value=left, duration=0.17219037500035483>
1049.4033 	EXP 	blank3_bg: autoDraw = True
1049.4203 	EXP 	greenCircle: autoDraw = False
1049.4203 	EXP 	redCrosss: autoDraw = False
1050.1877 	EXP 	New trial (rep=18, index=9): <Trial 297 (9 in rep 18) data={'prime': 'She does not like apples', 'target': 'She does not like apples', 'condition': 'repetition_related', 'correctAns': 'right', 'thisN': 297, 'thisTrialN': 9, 'thisRepN': 18}>
1050.2034 	EXP 	blank3_bg: autoDraw = False
1050.2034 	EXP 	blank3_bg: autoDraw = False
1050.2034 	EXP 	greenCircle: autoDraw = False
1050.2034 	EXP 	redCrosss: autoDraw = False
1050.2034 	EXP 	prime_text: height = np.float64(0.05)
1050.2034 	EXP 	prime_text: height = np.float64(0.05)
1050.2034 	EXP 	prime_text: height = np.float64(0.05)
1050.2034 	EXP 	prime_text: text = 'She does not like apples'
1050.2034 	EXP 	target_text: height = np.float64(0.05)
1050.2034 	EXP 	target_text: height = np.float64(0.05)
1050.2034 	EXP 	target_text: height = np.float64(0.05)
1050.2034 	EXP 	target_text: text = 'She does not like apples'
1050.2080 	EXP 	fix_text: autoDraw = True
1050.4538 	EXP 	fix_text: autoDraw = False
1050.4613 	EXP 	blank1_bg: autoDraw = True
1050.6609 	EXP 	blank1_bg: autoDraw = False
1050.6609 	EXP 	prime_text: autoDraw = True
1050.8603 	EXP 	prime_text: autoDraw = False
1050.8603 	EXP 	blank2_bg: autoDraw = True
1050.9540 	EXP 	blank2_bg: autoDraw = False
1050.9602 	INFO 	Keyboard events cleared
1050.9600 	EXP 	target_text: autoDraw = True
1052.2388 	EXP 	Device response: <KeyPress from None: t=1052.229208624005, value=left, duration=None>
1052.2464 	DATA 	Keypress: left
1052.2506 	EXP 	fix_text: autoDraw = False
1052.2506 	EXP 	blank1_bg: autoDraw = False
1052.2506 	EXP 	prime_text: autoDraw = False
1052.2506 	EXP 	blank2_bg: autoDraw = False
1052.2506 	EXP 	target_text: autoDraw = False
1052.2506 	EXP 	greenCircle: autoDraw = True
1052.2506 	EXP 	redCrosss: autoDraw = True
1052.3221 	EXP 	Device response: <KeyPress from None: t=1052.229208624005, value=left, duration=0.08832841699768323>
1052.4360 	EXP 	blank3_bg: autoDraw = True
1052.4431 	EXP 	greenCircle: autoDraw = False
1052.4431 	EXP 	redCrosss: autoDraw = False
1053.2203 	EXP 	New trial (rep=18, index=10): <Trial 298 (10 in rep 18) data={'prime': 'She does not like apples', 'target': 'She like does apples not', 'condition': 'transposition_unrelated', 'correctAns': 'left', 'thisN': 298, 'thisTrialN': 10, 'thisRepN': 18}>
1053.2312 	EXP 	blank3_bg: autoDraw = False
1053.2312 	EXP 	blank3_bg: autoDraw = False
1053.2312 	EXP 	greenCircle: autoDraw = False
1053.2312 	EXP 	redCrosss: autoDraw = False
1053.2312 	EXP 	prime_text: text = 'She does not like apples'
1053.2312 	EXP 	target_text: height = np.float64(0.05)
1053.2312 	EXP 	target_text: height = np.float64(0.05)
1053.2312 	EXP 	target_text: height = np.float64(0.05)
1053.2312 	EXP 	target_text: text = 'She like does apples not'
1053.2364 	EXP 	fix_text: autoDraw = True
1053.4750 	EXP 	fix_text: autoDraw = False
1053.4874 	EXP 	blank1_bg: autoDraw = True
1053.6750 	EXP 	blank1_bg: autoDraw = False
1053.6872 	EXP 	prime_text: autoDraw = True
1053.8762 	EXP 	prime_text: autoDraw = False
1053.8873 	EXP 	blank2_bg: autoDraw = True
1053.9751 	EXP 	blank2_bg: autoDraw = False
1053.9876 	INFO 	Keyboard events cleared
1053.9873 	EXP 	target_text: autoDraw = True
1055.6227 	EXP 	Device response: <KeyPress from None: t=1055.6171381659951, value=left, duration=None>
1055.6309 	DATA 	Keypress: left
1055.6351 	EXP 	fix_text: autoDraw = False
1055.6351 	EXP 	blank1_bg: autoDraw = False
1055.6351 	EXP 	prime_text: autoDraw = False
1055.6351 	EXP 	blank2_bg: autoDraw = False
1055.6351 	EXP 	target_text: autoDraw = False
1055.6351 	EXP 	greenCircle: autoDraw = True
1055.6351 	EXP 	redCrosss: autoDraw = True
1055.7948 	EXP 	Device response: <KeyPress from None: t=1055.6171381659951, value=left, duration=0.17636091700114775>
1055.8191 	EXP 	blank3_bg: autoDraw = True
1055.8263 	EXP 	greenCircle: autoDraw = False
1055.8263 	EXP 	redCrosss: autoDraw = False
1056.6048 	EXP 	New trial (rep=18, index=11): <Trial 299 (11 in rep 18) data={'prime': 'The dog is barking loudly', 'target': 'The loudly is barking dog', 'condition': 'repetition_unrelated', 'correctAns': 'left', 'thisN': 299, 'thisTrialN': 11, 'thisRepN': 18}>
1056.6201 	EXP 	blank3_bg: autoDraw = False
1056.6201 	EXP 	blank3_bg: autoDraw = False
1056.6201 	EXP 	greenCircle: autoDraw = False
1056.6201 	EXP 	redCrosss: autoDraw = False
1056.6201 	EXP 	prime_text: height = np.float64(0.05)
1056.6201 	EXP 	prime_text: height = np.float64(0.05)
1056.6201 	EXP 	prime_text: height = np.float64(0.05)
1056.6201 	EXP 	prime_text: text = 'The dog is barking loudly'
1056.6201 	EXP 	target_text: height = np.float64(0.05)
1056.6201 	EXP 	target_text: height = np.float64(0.05)
1056.6201 	EXP 	target_text: height = np.float64(0.05)
1056.6201 	EXP 	target_text: text = 'The loudly is barking dog'
1056.6248 	EXP 	fix_text: autoDraw = True
1056.8707 	EXP 	fix_text: autoDraw = False
1056.8707 	EXP 	blank1_bg: autoDraw = True
1057.0703 	EXP 	blank1_bg: autoDraw = False
1057.0703 	EXP 	prime_text: autoDraw = True
1057.2595 	EXP 	prime_text: autoDraw = False
1057.2708 	EXP 	blank2_bg: autoDraw = True
1057.3595 	EXP 	blank2_bg: autoDraw = False
1057.3709 	INFO 	Keyboard events cleared
1057.3707 	EXP 	target_text: autoDraw = True
1058.4610 	EXP 	Device response: <KeyPress from None: t=1058.4571402909933, value=left, duration=None>
1058.4681 	DATA 	Keypress: left
1058.4732 	EXP 	fix_text: autoDraw = False
1058.4732 	EXP 	blank1_bg: autoDraw = False
1058.4732 	EXP 	prime_text: autoDraw = False
1058.4732 	EXP 	blank2_bg: autoDraw = False
1058.4732 	EXP 	target_text: autoDraw = False
1058.4732 	EXP 	greenCircle: autoDraw = True
1058.4732 	EXP 	redCrosss: autoDraw = True
1058.6053 	EXP 	Device response: <KeyPress from None: t=1058.4571402909933, value=left, duration=0.14025620800384786>
1058.6527 	EXP 	blank3_bg: autoDraw = True
1058.6694 	EXP 	greenCircle: autoDraw = False
1058.6694 	EXP 	redCrosss: autoDraw = False
1059.4366 	EXP 	New trial (rep=18, index=12): <Trial 300 (12 in rep 18) data={'prime': 'They have finished the work', 'target': 'They finished have the work', 'condition': 'repetition_unrelated', 'correctAns': 'left', 'thisN': 300, 'thisTrialN': 12, 'thisRepN': 18}>
1059.4516 	EXP 	blank3_bg: autoDraw = False
1059.4516 	EXP 	blank3_bg: autoDraw = False
1059.4516 	EXP 	greenCircle: autoDraw = False
1059.4516 	EXP 	redCrosss: autoDraw = False
1059.4516 	EXP 	prime_text: height = np.float64(0.05)
1059.4516 	EXP 	prime_text: height = np.float64(0.05)
1059.4516 	EXP 	prime_text: height = np.float64(0.05)
1059.4516 	EXP 	prime_text: text = 'They have finished the work'
1059.4516 	EXP 	target_text: height = np.float64(0.05)
1059.4516 	EXP 	target_text: height = np.float64(0.05)
1059.4516 	EXP 	target_text: height = np.float64(0.05)
1059.4516 	EXP 	target_text: text = 'They finished have the work'
1059.4560 	EXP 	fix_text: autoDraw = True
1059.7040 	EXP 	fix_text: autoDraw = False
1059.7123 	EXP 	blank1_bg: autoDraw = True
1059.9030 	EXP 	prime_text: autoDraw = True
1059.9077 	EXP 	blank1_bg: autoDraw = False
1060.0920 	EXP 	prime_text: autoDraw = False
1060.1105 	EXP 	blank2_bg: autoDraw = True
1060.2101 	INFO 	Keyboard events cleared
1060.2099 	EXP 	blank2_bg: autoDraw = False
1060.2099 	EXP 	target_text: autoDraw = True
1061.1058 	EXP 	Device response: <KeyPress from None: t=1061.0960057079938, value=left, duration=None>
1061.1133 	DATA 	Keypress: left
1061.1175 	EXP 	fix_text: autoDraw = False
1061.1175 	EXP 	blank1_bg: autoDraw = False
1061.1175 	EXP 	prime_text: autoDraw = False
1061.1175 	EXP 	blank2_bg: autoDraw = False
1061.1175 	EXP 	target_text: autoDraw = False
1061.1175 	EXP 	greenCircle: autoDraw = True
1061.1175 	EXP 	redCrosss: autoDraw = True
1061.2886 	EXP 	Device response: <KeyPress from None: t=1061.0960057079938, value=left, duration=0.1842237500095507>
1061.3024 	EXP 	blank3_bg: autoDraw = True
1061.3090 	EXP 	greenCircle: autoDraw = False
1061.3090 	EXP 	redCrosss: autoDraw = False
1062.0874 	EXP 	New trial (rep=18, index=13): <Trial 301 (13 in rep 18) data={'prime': 'The boy can read fast', 'target': 'The boy can read fast', 'condition': 'transposition_related', 'correctAns': 'right', 'thisN': 301, 'thisTrialN': 13, 'thisRepN': 18}>
1062.1014 	EXP 	blank3_bg: autoDraw = False
1062.1014 	EXP 	blank3_bg: autoDraw = False
1062.1014 	EXP 	greenCircle: autoDraw = False
1062.1014 	EXP 	redCrosss: autoDraw = False
1062.1014 	EXP 	prime_text: height = np.float64(0.05)
1062.1014 	EXP 	prime_text: height = np.float64(0.05)
1062.1014 	EXP 	prime_text: height = np.float64(0.05)
1062.1014 	EXP 	prime_text: text = 'The boy can read fast'
1062.1014 	EXP 	target_text: height = np.float64(0.05)
1062.1014 	EXP 	target_text: height = np.float64(0.05)
1062.1014 	EXP 	target_text: height = np.float64(0.05)
1062.1014 	EXP 	target_text: text = 'The boy can read fast'
1062.1061 	EXP 	fix_text: autoDraw = True
1062.3528 	EXP 	fix_text: autoDraw = False
1062.3528 	EXP 	blank1_bg: autoDraw = True
1062.5416 	EXP 	blank1_bg: autoDraw = False
1062.5539 	EXP 	prime_text: autoDraw = True
1062.7423 	EXP 	prime_text: autoDraw = False
1062.7541 	EXP 	blank2_bg: autoDraw = True
1062.8420 	EXP 	blank2_bg: autoDraw = False
1062.8540 	INFO 	Keyboard events cleared
1062.8538 	EXP 	target_text: autoDraw = True
1063.6219 	EXP 	Device response: <KeyPress from None: t=1063.6179153330013, value=right, duration=None>
1063.6299 	DATA 	Keypress: right
1063.6340 	EXP 	fix_text: autoDraw = False
1063.6340 	EXP 	blank1_bg: autoDraw = False
1063.6340 	EXP 	prime_text: autoDraw = False
1063.6340 	EXP 	blank2_bg: autoDraw = False
1063.6340 	EXP 	target_text: autoDraw = False
1063.6340 	EXP 	greenCircle: autoDraw = True
1063.6340 	EXP 	redCrosss: autoDraw = True
1063.8058 	EXP 	Device response: <KeyPress from None: t=1063.6179153330013, value=right, duration=0.1763467909913743>
1063.8202 	EXP 	blank3_bg: autoDraw = True
1063.8265 	EXP 	greenCircle: autoDraw = False
1063.8265 	EXP 	redCrosss: autoDraw = False
1064.6048 	EXP 	New trial (rep=18, index=14): <Trial 302 (14 in rep 18) data={'prime': 'The dog is barking loudly', 'target': 'The barking dog loudly is', 'condition': 'transposition_unrelated', 'correctAns': 'left', 'thisN': 302, 'thisTrialN': 14, 'thisRepN': 18}>
1064.6197 	EXP 	blank3_bg: autoDraw = False
1064.6197 	EXP 	blank3_bg: autoDraw = False
1064.6197 	EXP 	greenCircle: autoDraw = False
1064.6197 	EXP 	redCrosss: autoDraw = False
1064.6197 	EXP 	prime_text: height = np.float64(0.05)
1064.6197 	EXP 	prime_text: height = np.float64(0.05)
1064.6197 	EXP 	prime_text: height = np.float64(0.05)
1064.6197 	EXP 	prime_text: text = 'The dog is barking loudly'
1064.6197 	EXP 	target_text: height = np.float64(0.05)
1064.6197 	EXP 	target_text: height = np.float64(0.05)
1064.6197 	EXP 	target_text: height = np.float64(0.05)
1064.6197 	EXP 	target_text: text = 'The barking dog loudly is'
1064.6235 	EXP 	fix_text: autoDraw = True
1064.8707 	EXP 	fix_text: autoDraw = False
1064.8707 	EXP 	blank1_bg: autoDraw = True
1065.0582 	EXP 	blank1_bg: autoDraw = False
1065.0708 	EXP 	prime_text: autoDraw = True
1065.2582 	EXP 	prime_text: autoDraw = False
1065.2707 	EXP 	blank2_bg: autoDraw = True
1065.3587 	EXP 	blank2_bg: autoDraw = False
1065.3709 	INFO 	Keyboard events cleared
1065.3706 	EXP 	target_text: autoDraw = True
1066.7556 	EXP 	Device response: <KeyPress from None: t=1066.7479151659936, value=left, duration=None>
1066.7645 	DATA 	Keypress: left
1066.7687 	EXP 	fix_text: autoDraw = False
1066.7687 	EXP 	blank1_bg: autoDraw = False
1066.7687 	EXP 	prime_text: autoDraw = False
1066.7687 	EXP 	blank2_bg: autoDraw = False
1066.7687 	EXP 	target_text: autoDraw = False
1066.7687 	EXP 	greenCircle: autoDraw = True
1066.7687 	EXP 	redCrosss: autoDraw = True
1066.9447 	EXP 	Device response: <KeyPress from None: t=1066.7479151659936, value=left, duration=0.1923091250064317>
1066.9538 	EXP 	blank3_bg: autoDraw = True
1066.9606 	EXP 	greenCircle: autoDraw = False
1066.9606 	EXP 	redCrosss: autoDraw = False
1067.7427 	EXP 	New trial (rep=18, index=15): <Trial 303 (15 in rep 18) data={'prime': 'She does not like apples', 'target': 'She not does like apples', 'condition': 'repetition_unrelated', 'correctAns': 'left', 'thisN': 303, 'thisTrialN': 15, 'thisRepN': 18}>
1067.7581 	EXP 	blank3_bg: autoDraw = False
1067.7581 	EXP 	blank3_bg: autoDraw = False
1067.7581 	EXP 	greenCircle: autoDraw = False
1067.7581 	EXP 	redCrosss: autoDraw = False
1067.7581 	EXP 	prime_text: height = np.float64(0.05)
1067.7581 	EXP 	prime_text: height = np.float64(0.05)
1067.7581 	EXP 	prime_text: height = np.float64(0.05)
1067.7581 	EXP 	prime_text: text = 'She does not like apples'
1067.7581 	EXP 	target_text: height = np.float64(0.05)
1067.7581 	EXP 	target_text: height = np.float64(0.05)
1067.7581 	EXP 	target_text: height = np.float64(0.05)
1067.7581 	EXP 	target_text: text = 'She not does like apples'
1067.7581 	EXP 	fix_text: autoDraw = True
1068.0041 	EXP 	fix_text: autoDraw = False
1068.0041 	EXP 	blank1_bg: autoDraw = True
1068.1913 	EXP 	blank1_bg: autoDraw = False
1068.2040 	EXP 	prime_text: autoDraw = True
1068.3917 	EXP 	prime_text: autoDraw = False
1068.4042 	EXP 	blank2_bg: autoDraw = True
1068.4916 	EXP 	blank2_bg: autoDraw = False
1068.5043 	INFO 	Keyboard events cleared
1068.5041 	EXP 	target_text: autoDraw = True
1069.1558 	EXP 	Device response: <KeyPress from None: t=1069.153825165995, value=left, duration=None>
1069.1639 	DATA 	Keypress: left
1069.1680 	EXP 	fix_text: autoDraw = False
1069.1680 	EXP 	blank1_bg: autoDraw = False
1069.1680 	EXP 	prime_text: autoDraw = False
1069.1680 	EXP 	blank2_bg: autoDraw = False
1069.1680 	EXP 	target_text: autoDraw = False
1069.1680 	EXP 	greenCircle: autoDraw = True
1069.1680 	EXP 	redCrosss: autoDraw = True
1069.3218 	EXP 	Device response: <KeyPress from None: t=1069.153825165995, value=left, duration=0.1603371670062188>
1069.3541 	EXP 	blank3_bg: autoDraw = True
1069.3624 	EXP 	greenCircle: autoDraw = False
1069.3624 	EXP 	redCrosss: autoDraw = False
1070.1425 	EXP 	New trial (rep=19, index=0): <Trial 304 (0 in rep 19) data={'prime': 'The boy can read fast', 'target': 'The read can boy fast', 'condition': 'transposition_unrelated', 'correctAns': 'left', 'thisN': 304, 'thisTrialN': 0, 'thisRepN': 19}>
1070.1574 	EXP 	blank3_bg: autoDraw = False
1070.1574 	EXP 	blank3_bg: autoDraw = False
1070.1574 	EXP 	greenCircle: autoDraw = False
1070.1574 	EXP 	redCrosss: autoDraw = False
1070.1574 	EXP 	prime_text: height = np.float64(0.05)
1070.1574 	EXP 	prime_text: height = np.float64(0.05)
1070.1574 	EXP 	prime_text: height = np.float64(0.05)
1070.1574 	EXP 	prime_text: text = 'The boy can read fast'
1070.1574 	EXP 	target_text: height = np.float64(0.05)
1070.1574 	EXP 	target_text: height = np.float64(0.05)
1070.1574 	EXP 	target_text: height = np.float64(0.05)
1070.1574 	EXP 	target_text: text = 'The read can boy fast'
1070.1574 	EXP 	fix_text: autoDraw = True
1070.4041 	EXP 	fix_text: autoDraw = False
1070.4041 	EXP 	blank1_bg: autoDraw = True
1070.6041 	EXP 	blank1_bg: autoDraw = False
1070.6041 	EXP 	prime_text: autoDraw = True
1070.7915 	EXP 	prime_text: autoDraw = False
1070.8041 	EXP 	blank2_bg: autoDraw = True
1070.8916 	EXP 	blank2_bg: autoDraw = False
1070.9040 	INFO 	Keyboard events cleared
1070.9038 	EXP 	target_text: autoDraw = True
1071.6224 	EXP 	Device response: <KeyPress from None: t=1071.614755415998, value=left, duration=None>
1071.6305 	DATA 	Keypress: left
1071.6347 	EXP 	fix_text: autoDraw = False
1071.6347 	EXP 	blank1_bg: autoDraw = False
1071.6347 	EXP 	prime_text: autoDraw = False
1071.6347 	EXP 	blank2_bg: autoDraw = False
1071.6347 	EXP 	target_text: autoDraw = False
1071.6347 	EXP 	greenCircle: autoDraw = True
1071.6347 	EXP 	redCrosss: autoDraw = True
1071.7884 	EXP 	Device response: <KeyPress from None: t=1071.614755415998, value=left, duration=0.16827787499642>
1071.8206 	EXP 	blank3_bg: autoDraw = True
1071.8285 	EXP 	greenCircle: autoDraw = False
1071.8285 	EXP 	redCrosss: autoDraw = False
1072.6048 	EXP 	New trial (rep=19, index=1): <Trial 305 (1 in rep 19) data={'prime': 'The boy can read fast', 'target': 'The boy can read fast', 'condition': 'repetition_related', 'correctAns': 'right', 'thisN': 305, 'thisTrialN': 1, 'thisRepN': 19}>
1072.6156 	EXP 	blank3_bg: autoDraw = False
1072.6156 	EXP 	blank3_bg: autoDraw = False
1072.6156 	EXP 	greenCircle: autoDraw = False
1072.6156 	EXP 	redCrosss: autoDraw = False
1072.6156 	EXP 	prime_text: text = 'The boy can read fast'
1072.6156 	EXP 	target_text: height = np.float64(0.05)
1072.6156 	EXP 	target_text: height = np.float64(0.05)
1072.6156 	EXP 	target_text: height = np.float64(0.05)
1072.6156 	EXP 	target_text: text = 'The boy can read fast'
1072.6372 	EXP 	fix_text: autoDraw = True
1072.8696 	EXP 	blank1_bg: autoDraw = True
1072.8779 	EXP 	fix_text: autoDraw = False
1073.0577 	EXP 	blank1_bg: autoDraw = False
1073.0708 	EXP 	prime_text: autoDraw = True
1073.2590 	EXP 	prime_text: autoDraw = False
1073.2706 	EXP 	blank2_bg: autoDraw = True
1073.3583 	EXP 	blank2_bg: autoDraw = False
1073.3710 	INFO 	Keyboard events cleared
1073.3707 	EXP 	target_text: autoDraw = True
1074.0281 	EXP 	Device response: <KeyPress from None: t=1074.0226870829938, value=right, duration=None>
1074.0368 	DATA 	Keypress: right
1074.0404 	EXP 	fix_text: autoDraw = False
1074.0404 	EXP 	blank1_bg: autoDraw = False
1074.0404 	EXP 	prime_text: autoDraw = False
1074.0404 	EXP 	blank2_bg: autoDraw = False
1074.0404 	EXP 	target_text: autoDraw = False
1074.0404 	EXP 	greenCircle: autoDraw = True
1074.0404 	EXP 	redCrosss: autoDraw = True
1074.2219 	EXP 	Device response: <KeyPress from None: t=1074.0226870829938, value=right, duration=0.18829970801016316>
1074.2313 	EXP 	blank3_bg: autoDraw = True
1074.2373 	EXP 	greenCircle: autoDraw = False
1074.2373 	EXP 	redCrosss: autoDraw = False
1075.0204 	EXP 	New trial (rep=19, index=2): <Trial 306 (2 in rep 19) data={'prime': 'The boy can read fast', 'target': 'The read can boy fast', 'condition': 'repetition_unrelated', 'correctAns': 'left', 'thisN': 306, 'thisTrialN': 2, 'thisRepN': 19}>
1075.0314 	EXP 	blank3_bg: autoDraw = False
1075.0314 	EXP 	blank3_bg: autoDraw = False
1075.0314 	EXP 	greenCircle: autoDraw = False
1075.0314 	EXP 	redCrosss: autoDraw = False
1075.0314 	EXP 	prime_text: text = 'The boy can read fast'
1075.0314 	EXP 	target_text: height = np.float64(0.05)
1075.0314 	EXP 	target_text: height = np.float64(0.05)
1075.0314 	EXP 	target_text: height = np.float64(0.05)
1075.0314 	EXP 	target_text: text = 'The read can boy fast'
1075.0314 	EXP 	fix_text: autoDraw = True
1075.2785 	EXP 	fix_text: autoDraw = False
1075.2785 	EXP 	blank1_bg: autoDraw = True
1075.4778 	EXP 	blank1_bg: autoDraw = False
1075.4778 	EXP 	prime_text: autoDraw = True
1075.6766 	EXP 	prime_text: autoDraw = False
1075.6766 	EXP 	blank2_bg: autoDraw = True
1075.7706 	EXP 	blank2_bg: autoDraw = False
1075.7777 	INFO 	Keyboard events cleared
1075.7775 	EXP 	target_text: autoDraw = True
1077.3054 	EXP 	Device response: <KeyPress from None: t=1077.2975294990028, value=left, duration=None>
1077.3141 	DATA 	Keypress: left
1077.3184 	EXP 	fix_text: autoDraw = False
1077.3184 	EXP 	blank1_bg: autoDraw = False
1077.3184 	EXP 	prime_text: autoDraw = False
1077.3184 	EXP 	blank2_bg: autoDraw = False
1077.3184 	EXP 	target_text: autoDraw = False
1077.3184 	EXP 	greenCircle: autoDraw = True
1077.3184 	EXP 	redCrosss: autoDraw = True
1077.4219 	EXP 	Device response: <KeyPress from None: t=1077.2975294990028, value=left, duration=0.12044199999945704>
1077.5028 	EXP 	blank3_bg: autoDraw = True
1077.5115 	EXP 	greenCircle: autoDraw = False
1077.5115 	EXP 	redCrosss: autoDraw = False
1078.2864 	EXP 	New trial (rep=19, index=3): <Trial 307 (3 in rep 19) data={'prime': 'The boy can read fast', 'target': 'The boy can read fast', 'condition': 'transposition_related', 'correctAns': 'right', 'thisN': 307, 'thisTrialN': 3, 'thisRepN': 19}>
1078.2965 	EXP 	blank3_bg: autoDraw = False
1078.2965 	EXP 	blank3_bg: autoDraw = False
1078.2965 	EXP 	greenCircle: autoDraw = False
1078.2965 	EXP 	redCrosss: autoDraw = False
1078.2965 	EXP 	prime_text: text = 'The boy can read fast'
1078.2965 	EXP 	target_text: height = np.float64(0.05)
1078.2965 	EXP 	target_text: height = np.float64(0.05)
1078.2965 	EXP 	target_text: height = np.float64(0.05)
1078.2965 	EXP 	target_text: text = 'The boy can read fast'
1078.3023 	EXP 	fix_text: autoDraw = True
1078.5421 	EXP 	fix_text: autoDraw = False
1078.5540 	EXP 	blank1_bg: autoDraw = True
1078.7538 	EXP 	blank1_bg: autoDraw = False
1078.7538 	EXP 	prime_text: autoDraw = True
1078.9411 	EXP 	prime_text: autoDraw = False
1078.9540 	EXP 	blank2_bg: autoDraw = True
1079.0428 	EXP 	blank2_bg: autoDraw = False
1079.0541 	INFO 	Keyboard events cleared
1079.0539 	EXP 	target_text: autoDraw = True
1080.0441 	EXP 	Device response: <KeyPress from None: t=1080.0415999160032, value=right, duration=None>
1080.0516 	DATA 	Keypress: right
1080.0565 	EXP 	fix_text: autoDraw = False
1080.0565 	EXP 	blank1_bg: autoDraw = False
1080.0565 	EXP 	prime_text: autoDraw = False
1080.0565 	EXP 	blank2_bg: autoDraw = False
1080.0565 	EXP 	target_text: autoDraw = False
1080.0565 	EXP 	greenCircle: autoDraw = True
1080.0565 	EXP 	redCrosss: autoDraw = True
1080.2358 	EXP 	blank3_bg: autoDraw = True
1080.2526 	EXP 	greenCircle: autoDraw = False
1080.2526 	EXP 	redCrosss: autoDraw = False
1080.2623 	EXP 	Device response: <KeyPress from None: t=1080.0415999160032, value=right, duration=0.2162126249895664>
1081.0213 	EXP 	New trial (rep=19, index=4): <Trial 308 (4 in rep 19) data={'prime': 'They have finished the work', 'target': 'They work the have finished', 'condition': 'transposition_unrelated', 'correctAns': 'left', 'thisN': 308, 'thisTrialN': 4, 'thisRepN': 19}>
1081.0363 	EXP 	blank3_bg: autoDraw = False
1081.0363 	EXP 	blank3_bg: autoDraw = False
1081.0363 	EXP 	greenCircle: autoDraw = False
1081.0363 	EXP 	redCrosss: autoDraw = False
1081.0363 	EXP 	prime_text: height = np.float64(0.05)
1081.0363 	EXP 	prime_text: height = np.float64(0.05)
1081.0363 	EXP 	prime_text: height = np.float64(0.05)
1081.0363 	EXP 	prime_text: text = 'They have finished the work'
1081.0363 	EXP 	target_text: height = np.float64(0.05)
1081.0363 	EXP 	target_text: height = np.float64(0.05)
1081.0363 	EXP 	target_text: height = np.float64(0.05)
1081.0363 	EXP 	target_text: text = 'They work the have finished'
1081.0409 	EXP 	fix_text: autoDraw = True
1081.2872 	EXP 	fix_text: autoDraw = False
1081.2872 	EXP 	blank1_bg: autoDraw = True
1081.4872 	EXP 	blank1_bg: autoDraw = False
1081.4872 	EXP 	prime_text: autoDraw = True
1081.6757 	EXP 	prime_text: autoDraw = False
1081.6930 	EXP 	blank2_bg: autoDraw = True
1081.7874 	EXP 	blank2_bg: autoDraw = False
1081.7945 	INFO 	Keyboard events cleared
1081.7943 	EXP 	target_text: autoDraw = True
1085.9887 	EXP 	Device response: <KeyPress from None: t=1085.981120832992, value=left, duration=None>
1085.9966 	DATA 	Keypress: left
1086.0009 	EXP 	fix_text: autoDraw = False
1086.0009 	EXP 	blank1_bg: autoDraw = False
1086.0009 	EXP 	prime_text: autoDraw = False
1086.0009 	EXP 	blank2_bg: autoDraw = False
1086.0009 	EXP 	target_text: autoDraw = False
1086.0009 	EXP 	greenCircle: autoDraw = True
1086.0009 	EXP 	redCrosss: autoDraw = True
1086.1224 	EXP 	Device response: <KeyPress from None: t=1085.981120832992, value=left, duration=0.12993570801336318>
1086.1857 	EXP 	blank3_bg: autoDraw = True
1086.1934 	EXP 	greenCircle: autoDraw = False
1086.1934 	EXP 	redCrosss: autoDraw = False
1086.9704 	EXP 	New trial (rep=19, index=5): <Trial 309 (5 in rep 19) data={'prime': 'They have finished the work', 'target': 'They finished have the work', 'condition': 'transposition_related', 'correctAns': 'right', 'thisN': 309, 'thisTrialN': 5, 'thisRepN': 19}>
1086.9841 	EXP 	blank3_bg: autoDraw = False
1086.9841 	EXP 	blank3_bg: autoDraw = False
1086.9841 	EXP 	greenCircle: autoDraw = False
1086.9841 	EXP 	redCrosss: autoDraw = False
1086.9841 	EXP 	prime_text: text = 'They have finished the work'
1086.9841 	EXP 	target_text: height = np.float64(0.05)
1086.9841 	EXP 	target_text: height = np.float64(0.05)
1086.9841 	EXP 	target_text: height = np.float64(0.05)
1086.9841 	EXP 	target_text: text = 'They finished have the work'
1086.9884 	EXP 	fix_text: autoDraw = True
1087.2256 	EXP 	fix_text: autoDraw = False
1087.2372 	EXP 	blank1_bg: autoDraw = True
1087.4259 	EXP 	blank1_bg: autoDraw = False
1087.4372 	EXP 	prime_text: autoDraw = True
1087.6255 	EXP 	prime_text: autoDraw = False
1087.6373 	EXP 	blank2_bg: autoDraw = True
1087.7255 	EXP 	blank2_bg: autoDraw = False
1087.7375 	INFO 	Keyboard events cleared
1087.7373 	EXP 	target_text: autoDraw = True
1090.5055 	EXP 	Device response: <KeyPress from None: t=1090.4934426239925, value=left, duration=None>
1090.5141 	DATA 	Keypress: left
1090.5186 	EXP 	fix_text: autoDraw = False
1090.5186 	EXP 	blank1_bg: autoDraw = False
1090.5186 	EXP 	prime_text: autoDraw = False
1090.5186 	EXP 	blank2_bg: autoDraw = False
1090.5186 	EXP 	target_text: autoDraw = False
1090.5186 	EXP 	greenCircle: autoDraw = True
1090.5186 	EXP 	redCrosss: autoDraw = True
1090.6217 	EXP 	Device response: <KeyPress from None: t=1090.4934426239925, value=left, duration=0.12205716701282654>
1090.7039 	EXP 	blank3_bg: autoDraw = True
1090.7117 	EXP 	greenCircle: autoDraw = False
1090.7117 	EXP 	redCrosss: autoDraw = False
1091.4944 	EXP 	New trial (rep=19, index=6): <Trial 310 (6 in rep 19) data={'prime': 'She does not like apples', 'target': 'She like does apples not', 'condition': 'transposition_unrelated', 'correctAns': 'left', 'thisN': 310, 'thisTrialN': 6, 'thisRepN': 19}>
1091.5098 	EXP 	blank3_bg: autoDraw = False
1091.5098 	EXP 	blank3_bg: autoDraw = False
1091.5098 	EXP 	greenCircle: autoDraw = False
1091.5098 	EXP 	redCrosss: autoDraw = False
1091.5098 	EXP 	prime_text: height = np.float64(0.05)
1091.5098 	EXP 	prime_text: height = np.float64(0.05)
1091.5098 	EXP 	prime_text: height = np.float64(0.05)
1091.5098 	EXP 	prime_text: text = 'She does not like apples'
1091.5098 	EXP 	target_text: height = np.float64(0.05)
1091.5098 	EXP 	target_text: height = np.float64(0.05)
1091.5098 	EXP 	target_text: height = np.float64(0.05)
1091.5098 	EXP 	target_text: text = 'She like does apples not'
1091.5098 	EXP 	fix_text: autoDraw = True
1091.7529 	EXP 	fix_text: autoDraw = False
1091.7529 	EXP 	blank1_bg: autoDraw = True
1091.9411 	EXP 	blank1_bg: autoDraw = False
1091.9541 	EXP 	prime_text: autoDraw = True
1092.1414 	EXP 	prime_text: autoDraw = False
1092.1538 	EXP 	blank2_bg: autoDraw = True
1092.2427 	EXP 	blank2_bg: autoDraw = False
1092.2539 	INFO 	Keyboard events cleared
1092.2537 	EXP 	target_text: autoDraw = True
1092.9388 	EXP 	Device response: <KeyPress from None: t=1092.931056040994, value=left, duration=None>
1092.9470 	DATA 	Keypress: left
1092.9512 	EXP 	fix_text: autoDraw = False
1092.9512 	EXP 	blank1_bg: autoDraw = False
1092.9512 	EXP 	prime_text: autoDraw = False
1092.9512 	EXP 	blank2_bg: autoDraw = False
1092.9512 	EXP 	target_text: autoDraw = False
1092.9512 	EXP 	greenCircle: autoDraw = True
1092.9512 	EXP 	redCrosss: autoDraw = True
1093.1051 	EXP 	Device response: <KeyPress from None: t=1092.931056040994, value=left, duration=0.16839041700586677>
1093.1374 	EXP 	blank3_bg: autoDraw = True
1093.1456 	EXP 	greenCircle: autoDraw = False
1093.1456 	EXP 	redCrosss: autoDraw = False
1093.9264 	EXP 	New trial (rep=19, index=7): <Trial 311 (7 in rep 19) data={'prime': 'The dog is barking loudly', 'target': 'The dog is barking loudly', 'condition': 'repetition_related', 'correctAns': 'right', 'thisN': 311, 'thisTrialN': 7, 'thisRepN': 19}>
1093.9415 	EXP 	blank3_bg: autoDraw = False
1093.9415 	EXP 	blank3_bg: autoDraw = False
1093.9415 	EXP 	greenCircle: autoDraw = False
1093.9415 	EXP 	redCrosss: autoDraw = False
1093.9415 	EXP 	prime_text: height = np.float64(0.05)
1093.9415 	EXP 	prime_text: height = np.float64(0.05)
1093.9415 	EXP 	prime_text: height = np.float64(0.05)
1093.9415 	EXP 	prime_text: text = 'The dog is barking loudly'
1093.9415 	EXP 	target_text: height = np.float64(0.05)
1093.9415 	EXP 	target_text: height = np.float64(0.05)
1093.9415 	EXP 	target_text: height = np.float64(0.05)
1093.9415 	EXP 	target_text: text = 'The dog is barking loudly'
1093.9415 	EXP 	fix_text: autoDraw = True
1094.1871 	EXP 	fix_text: autoDraw = False
1094.1871 	EXP 	blank1_bg: autoDraw = True
1094.3871 	EXP 	blank1_bg: autoDraw = False
1094.3871 	EXP 	prime_text: autoDraw = True
1094.5755 	EXP 	prime_text: autoDraw = False
1094.5876 	EXP 	blank2_bg: autoDraw = True
1094.6746 	EXP 	blank2_bg: autoDraw = False
1094.6871 	INFO 	Keyboard events cleared
1094.6869 	EXP 	target_text: autoDraw = True
1096.7111 	EXP 	Device response: <KeyPress from None: t=1096.7079756239982, value=right, duration=None>
1096.7184 	DATA 	Keypress: right
1096.7231 	EXP 	fix_text: autoDraw = False
1096.7231 	EXP 	blank1_bg: autoDraw = False
1096.7231 	EXP 	prime_text: autoDraw = False
1096.7231 	EXP 	blank2_bg: autoDraw = False
1096.7231 	EXP 	target_text: autoDraw = False
1096.7231 	EXP 	greenCircle: autoDraw = True
1096.7231 	EXP 	redCrosss: autoDraw = True
1096.8557 	EXP 	Device response: <KeyPress from None: t=1096.7079756239982, value=right, duration=0.1362702089973027>
1096.9122 	EXP 	blank3_bg: autoDraw = True
1096.9190 	EXP 	greenCircle: autoDraw = False
1096.9190 	EXP 	redCrosss: autoDraw = False
1097.7047 	EXP 	New trial (rep=19, index=8): <Trial 312 (8 in rep 19) data={'prime': 'The dog is barking loudly', 'target': 'The barking dog loudly is', 'condition': 'transposition_unrelated', 'correctAns': 'left', 'thisN': 312, 'thisTrialN': 8, 'thisRepN': 19}>
1097.7164 	EXP 	blank3_bg: autoDraw = False
1097.7164 	EXP 	blank3_bg: autoDraw = False
1097.7164 	EXP 	greenCircle: autoDraw = False
1097.7164 	EXP 	redCrosss: autoDraw = False
1097.7164 	EXP 	prime_text: text = 'The dog is barking loudly'
1097.7164 	EXP 	target_text: height = np.float64(0.05)
1097.7164 	EXP 	target_text: height = np.float64(0.05)
1097.7164 	EXP 	target_text: height = np.float64(0.05)
1097.7164 	EXP 	target_text: text = 'The barking dog loudly is'
1097.7164 	EXP 	fix_text: autoDraw = True
1097.9625 	EXP 	fix_text: autoDraw = False
1097.9625 	EXP 	blank1_bg: autoDraw = True
1098.1606 	EXP 	blank1_bg: autoDraw = False
1098.1606 	EXP 	prime_text: autoDraw = True
1098.3539 	EXP 	prime_text: autoDraw = False
1098.3598 	EXP 	blank2_bg: autoDraw = True
1098.4542 	INFO 	Keyboard events cleared
1098.4540 	EXP 	blank2_bg: autoDraw = False
1098.4540 	EXP 	target_text: autoDraw = True
1102.0886 	EXP 	Device response: <KeyPress from None: t=1102.0796216239978, value=left, duration=None>
1102.0970 	DATA 	Keypress: left
1102.1009 	EXP 	fix_text: autoDraw = False
1102.1009 	EXP 	blank1_bg: autoDraw = False
1102.1009 	EXP 	prime_text: autoDraw = False
1102.1009 	EXP 	blank2_bg: autoDraw = False
1102.1009 	EXP 	target_text: autoDraw = False
1102.1009 	EXP 	greenCircle: autoDraw = True
1102.1009 	EXP 	redCrosss: autoDraw = True
1102.1938 	EXP 	Device response: <KeyPress from None: t=1102.0796216239978, value=left, duration=0.10998616700817365>
1102.2860 	EXP 	blank3_bg: autoDraw = True
1102.2933 	EXP 	greenCircle: autoDraw = False
1102.2933 	EXP 	redCrosss: autoDraw = False
1103.0713 	EXP 	New trial (rep=19, index=9): <Trial 313 (9 in rep 19) data={'prime': 'She does not like apples', 'target': 'She does not like apples', 'condition': 'repetition_related', 'correctAns': 'right', 'thisN': 313, 'thisTrialN': 9, 'thisRepN': 19}>
1103.0852 	EXP 	blank3_bg: autoDraw = False
1103.0852 	EXP 	blank3_bg: autoDraw = False
1103.0852 	EXP 	greenCircle: autoDraw = False
1103.0852 	EXP 	redCrosss: autoDraw = False
1103.0852 	EXP 	prime_text: height = np.float64(0.05)
1103.0852 	EXP 	prime_text: height = np.float64(0.05)
1103.0852 	EXP 	prime_text: height = np.float64(0.05)
1103.0852 	EXP 	prime_text: text = 'She does not like apples'
1103.0852 	EXP 	target_text: height = np.float64(0.05)
1103.0852 	EXP 	target_text: height = np.float64(0.05)
1103.0852 	EXP 	target_text: height = np.float64(0.05)
1103.0852 	EXP 	target_text: text = 'She does not like apples'
1103.0899 	EXP 	fix_text: autoDraw = True
1103.3373 	EXP 	fix_text: autoDraw = False
1103.3373 	EXP 	blank1_bg: autoDraw = True
1103.5261 	EXP 	blank1_bg: autoDraw = False
1103.5372 	EXP 	prime_text: autoDraw = True
1103.7261 	EXP 	prime_text: autoDraw = False
1103.7374 	EXP 	blank2_bg: autoDraw = True
1103.8260 	EXP 	blank2_bg: autoDraw = False
1103.8372 	INFO 	Keyboard events cleared
1103.8370 	EXP 	target_text: autoDraw = True
1110.5455 	EXP 	Device response: <KeyPress from None: t=1110.5433633329958, value=left, duration=None>
1110.5536 	DATA 	Keypress: left
1110.5572 	EXP 	fix_text: autoDraw = False
1110.5572 	EXP 	blank1_bg: autoDraw = False
1110.5572 	EXP 	prime_text: autoDraw = False
1110.5572 	EXP 	blank2_bg: autoDraw = False
1110.5572 	EXP 	target_text: autoDraw = False
1110.5572 	EXP 	greenCircle: autoDraw = True
1110.5572 	EXP 	redCrosss: autoDraw = True
1110.7049 	EXP 	Device response: <KeyPress from None: t=1110.5433633329958, value=left, duration=0.15762662500492297>
1110.7459 	EXP 	blank3_bg: autoDraw = True
1110.7524 	EXP 	greenCircle: autoDraw = False
1110.7524 	EXP 	redCrosss: autoDraw = False
1111.5379 	EXP 	New trial (rep=19, index=10): <Trial 314 (10 in rep 19) data={'prime': 'They have finished the work', 'target': 'They finished have the work', 'condition': 'repetition_unrelated', 'correctAns': 'left', 'thisN': 314, 'thisTrialN': 10, 'thisRepN': 19}>
1111.5537 	EXP 	blank3_bg: autoDraw = False
1111.5537 	EXP 	blank3_bg: autoDraw = False
1111.5537 	EXP 	greenCircle: autoDraw = False
1111.5537 	EXP 	redCrosss: autoDraw = False
1111.5537 	EXP 	prime_text: height = np.float64(0.05)
1111.5537 	EXP 	prime_text: height = np.float64(0.05)
1111.5537 	EXP 	prime_text: height = np.float64(0.05)
1111.5537 	EXP 	prime_text: text = 'They have finished the work'
1111.5537 	EXP 	target_text: height = np.float64(0.05)
1111.5537 	EXP 	target_text: height = np.float64(0.05)
1111.5537 	EXP 	target_text: height = np.float64(0.05)
1111.5537 	EXP 	target_text: text = 'They finished have the work'
1111.5537 	EXP 	fix_text: autoDraw = True
1111.7954 	EXP 	fix_text: autoDraw = False
1111.7954 	EXP 	blank1_bg: autoDraw = True
1111.9921 	EXP 	blank1_bg: autoDraw = False
1111.9921 	EXP 	prime_text: autoDraw = True
1112.1875 	EXP 	prime_text: autoDraw = False
1112.1938 	EXP 	blank2_bg: autoDraw = True
1112.2939 	INFO 	Keyboard events cleared
1112.2938 	EXP 	blank2_bg: autoDraw = False
1112.2938 	EXP 	target_text: autoDraw = True
1114.2886 	EXP 	Device response: <KeyPress from None: t=1114.2846471240046, value=left, duration=None>
1114.2967 	DATA 	Keypress: left
1114.3011 	EXP 	fix_text: autoDraw = False
1114.3011 	EXP 	blank1_bg: autoDraw = False
1114.3011 	EXP 	prime_text: autoDraw = False
1114.3011 	EXP 	blank2_bg: autoDraw = False
1114.3011 	EXP 	target_text: autoDraw = False
1114.3011 	EXP 	greenCircle: autoDraw = True
1114.3011 	EXP 	redCrosss: autoDraw = True
1114.4856 	EXP 	blank3_bg: autoDraw = True
1114.4924 	EXP 	greenCircle: autoDraw = False
1114.4924 	EXP 	redCrosss: autoDraw = False
1114.4938 	EXP 	Device response: <KeyPress from None: t=1114.2846471240046, value=left, duration=0.20427062499220483>
1115.2712 	EXP 	New trial (rep=19, index=11): <Trial 315 (11 in rep 19) data={'prime': 'They have finished the work', 'target': 'They have finished the work', 'condition': 'repetition_related', 'correctAns': 'right', 'thisN': 315, 'thisTrialN': 11, 'thisRepN': 19}>
1115.2821 	EXP 	blank3_bg: autoDraw = False
1115.2821 	EXP 	blank3_bg: autoDraw = False
1115.2821 	EXP 	greenCircle: autoDraw = False
1115.2821 	EXP 	redCrosss: autoDraw = False
1115.2821 	EXP 	prime_text: text = 'They have finished the work'
1115.2821 	EXP 	target_text: height = np.float64(0.05)
1115.2821 	EXP 	target_text: height = np.float64(0.05)
1115.2821 	EXP 	target_text: height = np.float64(0.05)
1115.2821 	EXP 	target_text: text = 'They have finished the work'
1115.3035 	EXP 	fix_text: autoDraw = True
1115.5362 	EXP 	blank1_bg: autoDraw = True
1115.5440 	EXP 	fix_text: autoDraw = False
1115.7252 	EXP 	blank1_bg: autoDraw = False
1115.7373 	EXP 	prime_text: autoDraw = True
1115.9258 	EXP 	prime_text: autoDraw = False
1115.9371 	EXP 	blank2_bg: autoDraw = True
1116.0247 	EXP 	blank2_bg: autoDraw = False
1116.0375 	INFO 	Keyboard events cleared
1116.0373 	EXP 	target_text: autoDraw = True
1119.8612 	EXP 	Device response: <KeyPress from None: t=1119.854835207996, value=left, duration=None>
1119.8684 	DATA 	Keypress: left
1119.8732 	EXP 	fix_text: autoDraw = False
1119.8732 	EXP 	blank1_bg: autoDraw = False
1119.8732 	EXP 	prime_text: autoDraw = False
1119.8732 	EXP 	blank2_bg: autoDraw = False
1119.8732 	EXP 	target_text: autoDraw = False
1119.8732 	EXP 	greenCircle: autoDraw = True
1119.8732 	EXP 	redCrosss: autoDraw = True
1120.0390 	EXP 	Device response: <KeyPress from None: t=1119.854835207996, value=left, duration=0.17789216600067448>
1120.0537 	EXP 	blank3_bg: autoDraw = True
1120.0690 	EXP 	greenCircle: autoDraw = False
1120.0690 	EXP 	redCrosss: autoDraw = False
1120.8446 	EXP 	New trial (rep=19, index=12): <Trial 316 (12 in rep 19) data={'prime': 'The dog is barking loudly', 'target': 'The dog barking is loudly', 'condition': 'transposition_related', 'correctAns': 'right', 'thisN': 316, 'thisTrialN': 12, 'thisRepN': 19}>
1120.8606 	EXP 	blank3_bg: autoDraw = False
1120.8606 	EXP 	blank3_bg: autoDraw = False
1120.8606 	EXP 	greenCircle: autoDraw = False
1120.8606 	EXP 	redCrosss: autoDraw = False
1120.8606 	EXP 	prime_text: height = np.float64(0.05)
1120.8606 	EXP 	prime_text: height = np.float64(0.05)
1120.8606 	EXP 	prime_text: height = np.float64(0.05)
1120.8606 	EXP 	prime_text: text = 'The dog is barking loudly'
1120.8606 	EXP 	target_text: height = np.float64(0.05)
1120.8606 	EXP 	target_text: height = np.float64(0.05)
1120.8606 	EXP 	target_text: height = np.float64(0.05)
1120.8606 	EXP 	target_text: text = 'The dog barking is loudly'
1120.8606 	EXP 	fix_text: autoDraw = True
1121.1039 	EXP 	fix_text: autoDraw = False
1121.1120 	EXP 	blank1_bg: autoDraw = True
1121.3023 	EXP 	blank1_bg: autoDraw = False
1121.3023 	EXP 	prime_text: autoDraw = True
1121.4912 	EXP 	prime_text: autoDraw = False
1121.5097 	EXP 	blank2_bg: autoDraw = True
1121.6039 	EXP 	blank2_bg: autoDraw = False
1121.6103 	INFO 	Keyboard events cleared
1121.6102 	EXP 	target_text: autoDraw = True
1122.0444 	EXP 	Device response: <KeyPress from None: t=1122.0423534989968, value=right, duration=None>
1122.0518 	DATA 	Keypress: right
1122.0564 	EXP 	fix_text: autoDraw = False
1122.0564 	EXP 	blank1_bg: autoDraw = False
1122.0564 	EXP 	prime_text: autoDraw = False
1122.0564 	EXP 	blank2_bg: autoDraw = False
1122.0564 	EXP 	target_text: autoDraw = False
1122.0564 	EXP 	greenCircle: autoDraw = True
1122.0564 	EXP 	redCrosss: autoDraw = True
1122.2280 	EXP 	Device response: <KeyPress from None: t=1122.0423534989968, value=right, duration=0.18442491699534003>
1122.2463 	EXP 	blank3_bg: autoDraw = True
1122.2523 	EXP 	greenCircle: autoDraw = False
1122.2523 	EXP 	redCrosss: autoDraw = False
1122.5951 	EXP 	Device response: <KeyPress from None: t=1122.592346998994, value=left, duration=None>
1122.6063 	DATA 	Keypress: left
1122.7708 	EXP 	Device response: <KeyPress from None: t=1122.592346998994, value=left, duration=0.17238041700329632>
1123.0380 	EXP 	New trial (rep=19, index=13): <Trial 317 (13 in rep 19) data={'prime': 'She does not like apples', 'target': 'She not does like apples', 'condition': 'transposition_related', 'correctAns': 'right', 'thisN': 317, 'thisTrialN': 13, 'thisRepN': 19}>
1123.0545 	EXP 	blank3_bg: autoDraw = False
1123.0545 	EXP 	blank3_bg: autoDraw = False
1123.0545 	EXP 	greenCircle: autoDraw = False
1123.0545 	EXP 	redCrosss: autoDraw = False
1123.0545 	EXP 	prime_text: height = np.float64(0.05)
1123.0545 	EXP 	prime_text: height = np.float64(0.05)
1123.0545 	EXP 	prime_text: height = np.float64(0.05)
1123.0545 	EXP 	prime_text: text = 'She does not like apples'
1123.0545 	EXP 	target_text: height = np.float64(0.05)
1123.0545 	EXP 	target_text: height = np.float64(0.05)
1123.0545 	EXP 	target_text: height = np.float64(0.05)
1123.0545 	EXP 	target_text: text = 'She not does like apples'
1123.0545 	EXP 	fix_text: autoDraw = True
1123.2952 	EXP 	fix_text: autoDraw = False
1123.2952 	EXP 	blank1_bg: autoDraw = True
1123.4855 	EXP 	blank1_bg: autoDraw = False
1123.4855 	EXP 	prime_text: autoDraw = True
1123.6753 	EXP 	prime_text: autoDraw = False
1123.6935 	EXP 	blank2_bg: autoDraw = True
1123.7873 	INFO 	Keyboard events cleared
1123.7871 	EXP 	blank2_bg: autoDraw = False
1123.7871 	EXP 	target_text: autoDraw = True
1124.8945 	EXP 	Device response: <KeyPress from None: t=1124.8883920829976, value=left, duration=None>
1124.9019 	DATA 	Keypress: left
1124.9065 	EXP 	fix_text: autoDraw = False
1124.9065 	EXP 	blank1_bg: autoDraw = False
1124.9065 	EXP 	prime_text: autoDraw = False
1124.9065 	EXP 	blank2_bg: autoDraw = False
1124.9065 	EXP 	target_text: autoDraw = False
1124.9065 	EXP 	greenCircle: autoDraw = True
1124.9065 	EXP 	redCrosss: autoDraw = True
1125.0963 	EXP 	blank3_bg: autoDraw = True
1125.0975 	EXP 	Device response: <KeyPress from None: t=1124.8883920829976, value=left, duration=0.20028729099431075>
1125.1205 	EXP 	greenCircle: autoDraw = False
1125.1205 	EXP 	redCrosss: autoDraw = False
1125.8875 	EXP 	New trial (rep=19, index=14): <Trial 318 (14 in rep 19) data={'prime': 'The dog is barking loudly', 'target': 'The loudly is barking dog', 'condition': 'repetition_unrelated', 'correctAns': 'left', 'thisN': 318, 'thisTrialN': 14, 'thisRepN': 19}>
1125.9030 	EXP 	blank3_bg: autoDraw = False
1125.9030 	EXP 	blank3_bg: autoDraw = False
1125.9030 	EXP 	greenCircle: autoDraw = False
1125.9030 	EXP 	redCrosss: autoDraw = False
1125.9030 	EXP 	prime_text: height = np.float64(0.05)
1125.9030 	EXP 	prime_text: height = np.float64(0.05)
1125.9030 	EXP 	prime_text: height = np.float64(0.05)
1125.9030 	EXP 	prime_text: text = 'The dog is barking loudly'
1125.9030 	EXP 	target_text: height = np.float64(0.05)
1125.9030 	EXP 	target_text: height = np.float64(0.05)
1125.9030 	EXP 	target_text: height = np.float64(0.05)
1125.9030 	EXP 	target_text: text = 'The loudly is barking dog'
1125.9030 	EXP 	fix_text: autoDraw = True
1126.1458 	EXP 	fix_text: autoDraw = False
1126.1458 	EXP 	blank1_bg: autoDraw = True
1126.3360 	EXP 	prime_text: autoDraw = True
1126.3409 	EXP 	blank1_bg: autoDraw = False
1126.5251 	EXP 	prime_text: autoDraw = False
1126.5427 	EXP 	blank2_bg: autoDraw = True
1126.6371 	EXP 	blank2_bg: autoDraw = False
1126.6434 	INFO 	Keyboard events cleared
1126.6432 	EXP 	target_text: autoDraw = True
1130.2549 	EXP 	Device response: <KeyPress from None: t=1130.2453204159974, value=left, duration=None>
1130.2624 	DATA 	Keypress: left
1130.2666 	EXP 	fix_text: autoDraw = False
1130.2666 	EXP 	blank1_bg: autoDraw = False
1130.2666 	EXP 	prime_text: autoDraw = False
1130.2666 	EXP 	blank2_bg: autoDraw = False
1130.2666 	EXP 	target_text: autoDraw = False
1130.2666 	EXP 	greenCircle: autoDraw = True
1130.2666 	EXP 	redCrosss: autoDraw = True
1130.4389 	EXP 	Device response: <KeyPress from None: t=1130.2453204159974, value=left, duration=0.18996116700873245>
1130.4537 	EXP 	blank3_bg: autoDraw = True
1130.4602 	EXP 	greenCircle: autoDraw = False
1130.4602 	EXP 	redCrosss: autoDraw = False
1131.2429 	EXP 	New trial (rep=19, index=15): <Trial 319 (15 in rep 19) data={'prime': 'She does not like apples', 'target': 'She not does like apples', 'condition': 'repetition_unrelated', 'correctAns': 'left', 'thisN': 319, 'thisTrialN': 15, 'thisRepN': 19}>
1131.2575 	EXP 	blank3_bg: autoDraw = False
1131.2575 	EXP 	blank3_bg: autoDraw = False
1131.2575 	EXP 	greenCircle: autoDraw = False
1131.2575 	EXP 	redCrosss: autoDraw = False
1131.2575 	EXP 	prime_text: height = np.float64(0.05)
1131.2575 	EXP 	prime_text: height = np.float64(0.05)
1131.2575 	EXP 	prime_text: height = np.float64(0.05)
1131.2575 	EXP 	prime_text: text = 'She does not like apples'
1131.2575 	EXP 	target_text: height = np.float64(0.05)
1131.2575 	EXP 	target_text: height = np.float64(0.05)
1131.2575 	EXP 	target_text: height = np.float64(0.05)
1131.2575 	EXP 	target_text: text = 'She not does like apples'
1131.2575 	EXP 	fix_text: autoDraw = True
1131.5039 	EXP 	fix_text: autoDraw = False
1131.5039 	EXP 	blank1_bg: autoDraw = True
1131.7040 	EXP 	blank1_bg: autoDraw = False
1131.7040 	EXP 	prime_text: autoDraw = True
1131.8925 	EXP 	prime_text: autoDraw = False
1131.9037 	EXP 	blank2_bg: autoDraw = True
1131.9924 	EXP 	blank2_bg: autoDraw = False
1132.0041 	INFO 	Keyboard events cleared
1132.0039 	EXP 	target_text: autoDraw = True
1132.0715 	EXP 	Device response: <KeyPress from None: t=1132.0669584989955, value=left, duration=None>
1132.0792 	DATA 	Keypress: left
1132.0834 	EXP 	fix_text: autoDraw = False
1132.0834 	EXP 	blank1_bg: autoDraw = False
1132.0834 	EXP 	prime_text: autoDraw = False
1132.0834 	EXP 	blank2_bg: autoDraw = False
1132.0834 	EXP 	target_text: autoDraw = False
1132.0834 	EXP 	greenCircle: autoDraw = True
1132.0834 	EXP 	redCrosss: autoDraw = True
1132.1881 	EXP 	Device response: <KeyPress from None: t=1132.0669584989955, value=left, duration=0.11228595901047811>
1132.2696 	EXP 	blank3_bg: autoDraw = True
1132.2781 	EXP 	greenCircle: autoDraw = False
1132.2781 	EXP 	redCrosss: autoDraw = False
1133.0547 	EXP 	New trial (rep=20, index=0): <Trial 320 (0 in rep 20) data={'prime': 'The boy can read fast', 'target': 'The boy can read fast', 'condition': 'repetition_related', 'correctAns': 'right', 'thisN': 320, 'thisTrialN': 0, 'thisRepN': 20}>
1133.0698 	EXP 	blank3_bg: autoDraw = False
1133.0698 	EXP 	blank3_bg: autoDraw = False
1133.0698 	EXP 	greenCircle: autoDraw = False
1133.0698 	EXP 	redCrosss: autoDraw = False
1133.0698 	EXP 	prime_text: height = np.float64(0.05)
1133.0698 	EXP 	prime_text: height = np.float64(0.05)
1133.0698 	EXP 	prime_text: height = np.float64(0.05)
1133.0698 	EXP 	prime_text: text = 'The boy can read fast'
1133.0698 	EXP 	target_text: height = np.float64(0.05)
1133.0698 	EXP 	target_text: height = np.float64(0.05)
1133.0698 	EXP 	target_text: height = np.float64(0.05)
1133.0698 	EXP 	target_text: text = 'The boy can read fast'
1133.0744 	EXP 	fix_text: autoDraw = True
1133.3205 	EXP 	fix_text: autoDraw = False
1133.3205 	EXP 	blank1_bg: autoDraw = True
1133.5088 	EXP 	blank1_bg: autoDraw = False
1133.5205 	EXP 	prime_text: autoDraw = True
1133.7089 	EXP 	prime_text: autoDraw = False
1133.7205 	EXP 	blank2_bg: autoDraw = True
1133.8087 	EXP 	blank2_bg: autoDraw = False
1133.8206 	INFO 	Keyboard events cleared
1133.8204 	EXP 	target_text: autoDraw = True
1134.4054 	EXP 	Device response: <KeyPress from None: t=1134.403850415998, value=right, duration=None>
1134.4183 	DATA 	Keypress: right
1134.4228 	EXP 	fix_text: autoDraw = False
1134.4228 	EXP 	blank1_bg: autoDraw = False
1134.4228 	EXP 	prime_text: autoDraw = False
1134.4228 	EXP 	blank2_bg: autoDraw = False
1134.4228 	EXP 	target_text: autoDraw = False
1134.4228 	EXP 	greenCircle: autoDraw = True
1134.4228 	EXP 	redCrosss: autoDraw = True
1134.6124 	EXP 	blank3_bg: autoDraw = True
1134.6136 	EXP 	Device response: <KeyPress from None: t=1134.403850415998, value=right, duration=0.2085073329944862>
1134.6206 	EXP 	greenCircle: autoDraw = False
1134.6206 	EXP 	redCrosss: autoDraw = False
1135.4036 	EXP 	New trial (rep=20, index=1): <Trial 321 (1 in rep 20) data={'prime': 'The dog is barking loudly', 'target': 'The dog barking is loudly', 'condition': 'transposition_related', 'correctAns': 'right', 'thisN': 321, 'thisTrialN': 1, 'thisRepN': 20}>
1135.4185 	EXP 	blank3_bg: autoDraw = False
1135.4185 	EXP 	blank3_bg: autoDraw = False
1135.4185 	EXP 	greenCircle: autoDraw = False
1135.4185 	EXP 	redCrosss: autoDraw = False
1135.4185 	EXP 	prime_text: height = np.float64(0.05)
1135.4185 	EXP 	prime_text: height = np.float64(0.05)
1135.4185 	EXP 	prime_text: height = np.float64(0.05)
1135.4185 	EXP 	prime_text: text = 'The dog is barking loudly'
1135.4185 	EXP 	target_text: height = np.float64(0.05)
1135.4185 	EXP 	target_text: height = np.float64(0.05)
1135.4185 	EXP 	target_text: height = np.float64(0.05)
1135.4185 	EXP 	target_text: text = 'The dog barking is loudly'
1135.4185 	EXP 	fix_text: autoDraw = True
1135.6622 	EXP 	fix_text: autoDraw = False
1135.6622 	EXP 	blank1_bg: autoDraw = True
1135.8581 	EXP 	blank1_bg: autoDraw = False
1135.8581 	EXP 	prime_text: autoDraw = True
1136.0537 	EXP 	prime_text: autoDraw = False
1136.0594 	EXP 	blank2_bg: autoDraw = True
1136.1537 	EXP 	blank2_bg: autoDraw = False
1136.1598 	INFO 	Keyboard events cleared
1136.1596 	EXP 	target_text: autoDraw = True
1137.2055 	EXP 	Device response: <KeyPress from None: t=1137.1998391660018, value=left, duration=None>
1137.2137 	DATA 	Keypress: left
1137.2180 	EXP 	fix_text: autoDraw = False
1137.2180 	EXP 	blank1_bg: autoDraw = False
1137.2180 	EXP 	prime_text: autoDraw = False
1137.2180 	EXP 	blank2_bg: autoDraw = False
1137.2180 	EXP 	target_text: autoDraw = False
1137.2180 	EXP 	greenCircle: autoDraw = True
1137.2180 	EXP 	redCrosss: autoDraw = True
1137.3716 	EXP 	Device response: <KeyPress from None: t=1137.1998391660018, value=left, duration=0.16413608299626503>
1137.4039 	EXP 	blank3_bg: autoDraw = True
1137.4112 	EXP 	greenCircle: autoDraw = False
1137.4112 	EXP 	redCrosss: autoDraw = False
1138.1880 	EXP 	New trial (rep=20, index=2): <Trial 322 (2 in rep 20) data={'prime': 'The boy can read fast', 'target': 'The read can boy fast', 'condition': 'transposition_unrelated', 'correctAns': 'left', 'thisN': 322, 'thisTrialN': 2, 'thisRepN': 20}>
1138.2053 	EXP 	blank3_bg: autoDraw = False
1138.2053 	EXP 	blank3_bg: autoDraw = False
1138.2053 	EXP 	greenCircle: autoDraw = False
1138.2053 	EXP 	redCrosss: autoDraw = False
1138.2053 	EXP 	prime_text: height = np.float64(0.05)
1138.2053 	EXP 	prime_text: height = np.float64(0.05)
1138.2053 	EXP 	prime_text: height = np.float64(0.05)
1138.2053 	EXP 	prime_text: text = 'The boy can read fast'
1138.2053 	EXP 	target_text: height = np.float64(0.05)
1138.2053 	EXP 	target_text: height = np.float64(0.05)
1138.2053 	EXP 	target_text: height = np.float64(0.05)
1138.2053 	EXP 	target_text: text = 'The read can boy fast'
1138.2203 	EXP 	fix_text: autoDraw = True
1138.4537 	EXP 	blank1_bg: autoDraw = True
1138.4612 	EXP 	fix_text: autoDraw = False
1138.6423 	EXP 	blank1_bg: autoDraw = False
1138.6537 	EXP 	prime_text: autoDraw = True
1138.8533 	EXP 	prime_text: autoDraw = False
1138.8533 	EXP 	blank2_bg: autoDraw = True
1138.9412 	EXP 	blank2_bg: autoDraw = False
1138.9532 	INFO 	Keyboard events cleared
1138.9530 	EXP 	target_text: autoDraw = True
1139.7219 	EXP 	Device response: <KeyPress from None: t=1139.7107257909956, value=left, duration=None>
1139.7299 	DATA 	Keypress: left
1139.7341 	EXP 	fix_text: autoDraw = False
1139.7341 	EXP 	blank1_bg: autoDraw = False
1139.7341 	EXP 	prime_text: autoDraw = False
1139.7341 	EXP 	blank2_bg: autoDraw = False
1139.7341 	EXP 	target_text: autoDraw = False
1139.7341 	EXP 	greenCircle: autoDraw = True
1139.7341 	EXP 	redCrosss: autoDraw = True
1139.8893 	EXP 	Device response: <KeyPress from None: t=1139.7107257909956, value=left, duration=0.17631316700135358>
1139.9205 	EXP 	blank3_bg: autoDraw = True
1139.9270 	EXP 	greenCircle: autoDraw = False
1139.9270 	EXP 	redCrosss: autoDraw = False
1140.7042 	EXP 	New trial (rep=20, index=3): <Trial 323 (3 in rep 20) data={'prime': 'They have finished the work', 'target': 'They finished have the work', 'condition': 'transposition_related', 'correctAns': 'right', 'thisN': 323, 'thisTrialN': 3, 'thisRepN': 20}>
1140.7204 	EXP 	blank3_bg: autoDraw = False
1140.7204 	EXP 	blank3_bg: autoDraw = False
1140.7204 	EXP 	greenCircle: autoDraw = False
1140.7204 	EXP 	redCrosss: autoDraw = False
1140.7204 	EXP 	prime_text: height = np.float64(0.05)
1140.7204 	EXP 	prime_text: height = np.float64(0.05)
1140.7204 	EXP 	prime_text: height = np.float64(0.05)
1140.7204 	EXP 	prime_text: text = 'They have finished the work'
1140.7204 	EXP 	target_text: height = np.float64(0.05)
1140.7204 	EXP 	target_text: height = np.float64(0.05)
1140.7204 	EXP 	target_text: height = np.float64(0.05)
1140.7204 	EXP 	target_text: text = 'They finished have the work'
1140.7370 	EXP 	fix_text: autoDraw = True
1140.9689 	EXP 	blank1_bg: autoDraw = True
1140.9861 	EXP 	fix_text: autoDraw = False
1141.1583 	EXP 	blank1_bg: autoDraw = False
1141.1705 	EXP 	prime_text: autoDraw = True
1141.3590 	EXP 	prime_text: autoDraw = False
1141.3705 	EXP 	blank2_bg: autoDraw = True
1141.4579 	EXP 	blank2_bg: autoDraw = False
1141.4706 	INFO 	Keyboard events cleared
1141.4704 	EXP 	target_text: autoDraw = True
1142.4106 	EXP 	Device response: <KeyPress from None: t=1142.4076059990039, value=left, duration=None>
1142.4179 	DATA 	Keypress: left
1142.4229 	EXP 	fix_text: autoDraw = False
1142.4229 	EXP 	blank1_bg: autoDraw = False
1142.4229 	EXP 	prime_text: autoDraw = False
1142.4229 	EXP 	blank2_bg: autoDraw = False
1142.4229 	EXP 	target_text: autoDraw = False
1142.4229 	EXP 	greenCircle: autoDraw = True
1142.4229 	EXP 	redCrosss: autoDraw = True
1142.5882 	EXP 	Device response: <KeyPress from None: t=1142.4076059990039, value=left, duration=0.17240708399913274>
1142.6029 	EXP 	blank3_bg: autoDraw = True
1142.6202 	EXP 	greenCircle: autoDraw = False
1142.6202 	EXP 	redCrosss: autoDraw = False
1143.3866 	EXP 	New trial (rep=20, index=4): <Trial 324 (4 in rep 20) data={'prime': 'The dog is barking loudly', 'target': 'The barking dog loudly is', 'condition': 'transposition_unrelated', 'correctAns': 'left', 'thisN': 324, 'thisTrialN': 4, 'thisRepN': 20}>
1143.4020 	EXP 	blank3_bg: autoDraw = False
1143.4020 	EXP 	blank3_bg: autoDraw = False
1143.4020 	EXP 	greenCircle: autoDraw = False
1143.4020 	EXP 	redCrosss: autoDraw = False
1143.4020 	EXP 	prime_text: height = np.float64(0.05)
1143.4020 	EXP 	prime_text: height = np.float64(0.05)
1143.4020 	EXP 	prime_text: height = np.float64(0.05)
1143.4020 	EXP 	prime_text: text = 'The dog is barking loudly'
1143.4020 	EXP 	target_text: height = np.float64(0.05)
1143.4020 	EXP 	target_text: height = np.float64(0.05)
1143.4020 	EXP 	target_text: height = np.float64(0.05)
1143.4020 	EXP 	target_text: text = 'The barking dog loudly is'
1143.4068 	EXP 	fix_text: autoDraw = True
1143.6538 	EXP 	fix_text: autoDraw = False
1143.6619 	EXP 	blank1_bg: autoDraw = True
1143.8524 	EXP 	prime_text: autoDraw = True
1143.8571 	EXP 	blank1_bg: autoDraw = False
1144.0409 	EXP 	prime_text: autoDraw = False
1144.0595 	EXP 	blank2_bg: autoDraw = True
1144.1539 	INFO 	Keyboard events cleared
1144.1537 	EXP 	blank2_bg: autoDraw = False
1144.1537 	EXP 	target_text: autoDraw = True
1145.2271 	EXP 	Device response: <KeyPress from None: t=1145.2245624579955, value=left, duration=None>
1145.2345 	DATA 	Keypress: left
1145.2394 	EXP 	fix_text: autoDraw = False
1145.2394 	EXP 	blank1_bg: autoDraw = False
1145.2394 	EXP 	prime_text: autoDraw = False
1145.2394 	EXP 	blank2_bg: autoDraw = False
1145.2394 	EXP 	target_text: autoDraw = False
1145.2394 	EXP 	greenCircle: autoDraw = True
1145.2394 	EXP 	redCrosss: autoDraw = True
1145.2763 	EXP 	Device response: <KeyPress from None: t=1145.2725662080047, value=right, duration=None>
1145.2807 	DATA 	Keypress: right
1145.3097 	EXP 	Device response: <KeyPress from None: t=1145.2725662080047, value=right, duration=0.031912624996039085>
1145.4193 	EXP 	blank3_bg: autoDraw = True
1145.4290 	EXP 	Device response: <KeyPress from None: t=1145.2245624579955, value=left, duration=0.2003462499997113>
1145.4375 	EXP 	greenCircle: autoDraw = False
1145.4375 	EXP 	redCrosss: autoDraw = False
1146.2044 	EXP 	New trial (rep=20, index=5): <Trial 325 (5 in rep 20) data={'prime': 'The dog is barking loudly', 'target': 'The loudly is barking dog', 'condition': 'repetition_unrelated', 'correctAns': 'left', 'thisN': 325, 'thisTrialN': 5, 'thisRepN': 20}>
1146.2155 	EXP 	blank3_bg: autoDraw = False
1146.2155 	EXP 	blank3_bg: autoDraw = False
1146.2155 	EXP 	greenCircle: autoDraw = False
1146.2155 	EXP 	redCrosss: autoDraw = False
1146.2155 	EXP 	prime_text: text = 'The dog is barking loudly'
1146.2155 	EXP 	target_text: height = np.float64(0.05)
1146.2155 	EXP 	target_text: height = np.float64(0.05)
1146.2155 	EXP 	target_text: height = np.float64(0.05)
1146.2155 	EXP 	target_text: text = 'The loudly is barking dog'
1146.2370 	EXP 	fix_text: autoDraw = True
1146.4688 	EXP 	blank1_bg: autoDraw = True
1146.4871 	EXP 	fix_text: autoDraw = False
1146.6592 	EXP 	blank1_bg: autoDraw = False
1146.6768 	EXP 	prime_text: autoDraw = True
1146.8706 	EXP 	prime_text: autoDraw = False
1146.8706 	EXP 	blank2_bg: autoDraw = True
1146.9580 	EXP 	blank2_bg: autoDraw = False
1146.9772 	INFO 	Keyboard events cleared
1146.9771 	EXP 	target_text: autoDraw = True
1148.0048 	EXP 	Device response: <KeyPress from None: t=1148.003507499001, value=left, duration=None>
1148.0136 	DATA 	Keypress: left
1148.0178 	EXP 	fix_text: autoDraw = False
1148.0178 	EXP 	blank1_bg: autoDraw = False
1148.0178 	EXP 	prime_text: autoDraw = False
1148.0178 	EXP 	blank2_bg: autoDraw = False
1148.0178 	EXP 	target_text: autoDraw = False
1148.0178 	EXP 	greenCircle: autoDraw = True
1148.0178 	EXP 	redCrosss: autoDraw = True
1148.1389 	EXP 	Device response: <KeyPress from None: t=1148.003507499001, value=left, duration=0.1323336249915883>
1148.2035 	EXP 	blank3_bg: autoDraw = True
1148.2109 	EXP 	greenCircle: autoDraw = False
1148.2109 	EXP 	redCrosss: autoDraw = False
1148.9929 	EXP 	New trial (rep=20, index=6): <Trial 326 (6 in rep 20) data={'prime': 'She does not like apples', 'target': 'She like does apples not', 'condition': 'transposition_unrelated', 'correctAns': 'left', 'thisN': 326, 'thisTrialN': 6, 'thisRepN': 20}>
1149.0068 	EXP 	blank3_bg: autoDraw = False
1149.0068 	EXP 	blank3_bg: autoDraw = False
1149.0068 	EXP 	greenCircle: autoDraw = False
1149.0068 	EXP 	redCrosss: autoDraw = False
1149.0068 	EXP 	prime_text: height = np.float64(0.05)
1149.0068 	EXP 	prime_text: height = np.float64(0.05)
1149.0068 	EXP 	prime_text: height = np.float64(0.05)
1149.0068 	EXP 	prime_text: text = 'She does not like apples'
1149.0068 	EXP 	target_text: height = np.float64(0.05)
1149.0068 	EXP 	target_text: height = np.float64(0.05)
1149.0068 	EXP 	target_text: height = np.float64(0.05)
1149.0068 	EXP 	target_text: text = 'She like does apples not'
1149.0068 	EXP 	fix_text: autoDraw = True
1149.2540 	EXP 	fix_text: autoDraw = False
1149.2540 	EXP 	blank1_bg: autoDraw = True
1149.4414 	EXP 	blank1_bg: autoDraw = False
1149.4537 	EXP 	prime_text: autoDraw = True
1149.6423 	EXP 	prime_text: autoDraw = False
1149.6537 	EXP 	blank2_bg: autoDraw = True
1149.7422 	EXP 	blank2_bg: autoDraw = False
1149.7541 	INFO 	Keyboard events cleared
1149.7539 	EXP 	target_text: autoDraw = True
1150.8051 	EXP 	Device response: <KeyPress from None: t=1150.8014654580038, value=left, duration=None>
1150.8131 	DATA 	Keypress: left
1150.8174 	EXP 	fix_text: autoDraw = False
1150.8174 	EXP 	blank1_bg: autoDraw = False
1150.8174 	EXP 	prime_text: autoDraw = False
1150.8174 	EXP 	blank2_bg: autoDraw = False
1150.8174 	EXP 	target_text: autoDraw = False
1150.8174 	EXP 	greenCircle: autoDraw = True
1150.8174 	EXP 	redCrosss: autoDraw = True
1150.9278 	EXP 	Device response: <KeyPress from None: t=1150.8014654580038, value=left, duration=0.12435974999971222>
1151.0026 	EXP 	blank3_bg: autoDraw = True
1151.0089 	EXP 	greenCircle: autoDraw = False
1151.0089 	EXP 	redCrosss: autoDraw = False
1151.7870 	EXP 	New trial (rep=20, index=7): <Trial 327 (7 in rep 20) data={'prime': 'The dog is barking loudly', 'target': 'The dog is barking loudly', 'condition': 'repetition_related', 'correctAns': 'right', 'thisN': 327, 'thisTrialN': 7, 'thisRepN': 20}>
1151.8008 	EXP 	blank3_bg: autoDraw = False
1151.8008 	EXP 	blank3_bg: autoDraw = False
1151.8008 	EXP 	greenCircle: autoDraw = False
1151.8008 	EXP 	redCrosss: autoDraw = False
1151.8008 	EXP 	prime_text: height = np.float64(0.05)
1151.8008 	EXP 	prime_text: height = np.float64(0.05)
1151.8008 	EXP 	prime_text: height = np.float64(0.05)
1151.8008 	EXP 	prime_text: text = 'The dog is barking loudly'
1151.8008 	EXP 	target_text: height = np.float64(0.05)
1151.8008 	EXP 	target_text: height = np.float64(0.05)
1151.8008 	EXP 	target_text: height = np.float64(0.05)
1151.8008 	EXP 	target_text: text = 'The dog is barking loudly'
1151.8054 	EXP 	fix_text: autoDraw = True
1152.0538 	EXP 	fix_text: autoDraw = False
1152.0538 	EXP 	blank1_bg: autoDraw = True
1152.2535 	EXP 	blank1_bg: autoDraw = False
1152.2535 	EXP 	prime_text: autoDraw = True
1152.4421 	EXP 	prime_text: autoDraw = False
1152.4536 	EXP 	blank2_bg: autoDraw = True
1152.5427 	EXP 	blank2_bg: autoDraw = False
1152.5539 	INFO 	Keyboard events cleared
1152.5537 	EXP 	target_text: autoDraw = True
1153.0607 	EXP 	Device response: <KeyPress from None: t=1153.0564469990059, value=left, duration=None>
1153.0684 	DATA 	Keypress: left
1153.0731 	EXP 	fix_text: autoDraw = False
1153.0731 	EXP 	blank1_bg: autoDraw = False
1153.0731 	EXP 	prime_text: autoDraw = False
1153.0731 	EXP 	blank2_bg: autoDraw = False
1153.0731 	EXP 	target_text: autoDraw = False
1153.0731 	EXP 	greenCircle: autoDraw = True
1153.0731 	EXP 	redCrosss: autoDraw = True
1153.2271 	EXP 	Device response: <KeyPress from None: t=1153.0564469990059, value=left, duration=0.16836037499888334>
1153.2628 	EXP 	blank3_bg: autoDraw = True
1153.2692 	EXP 	greenCircle: autoDraw = False
1153.2692 	EXP 	redCrosss: autoDraw = False
1154.0536 	EXP 	New trial (rep=20, index=8): <Trial 328 (8 in rep 20) data={'prime': 'She does not like apples', 'target': 'She not does like apples', 'condition': 'repetition_unrelated', 'correctAns': 'left', 'thisN': 328, 'thisTrialN': 8, 'thisRepN': 20}>
1154.0678 	EXP 	blank3_bg: autoDraw = False
1154.0678 	EXP 	blank3_bg: autoDraw = False
1154.0678 	EXP 	greenCircle: autoDraw = False
1154.0678 	EXP 	redCrosss: autoDraw = False
1154.0678 	EXP 	prime_text: height = np.float64(0.05)
1154.0678 	EXP 	prime_text: height = np.float64(0.05)
1154.0678 	EXP 	prime_text: height = np.float64(0.05)
1154.0678 	EXP 	prime_text: text = 'She does not like apples'
1154.0678 	EXP 	target_text: height = np.float64(0.05)
1154.0678 	EXP 	target_text: height = np.float64(0.05)
1154.0678 	EXP 	target_text: height = np.float64(0.05)
1154.0678 	EXP 	target_text: text = 'She not does like apples'
1154.0678 	EXP 	fix_text: autoDraw = True
1154.3115 	EXP 	fix_text: autoDraw = False
1154.3115 	EXP 	blank1_bg: autoDraw = True
1154.5026 	EXP 	blank1_bg: autoDraw = False
1154.5026 	EXP 	prime_text: autoDraw = True
1154.6925 	EXP 	prime_text: autoDraw = False
1154.7098 	EXP 	blank2_bg: autoDraw = True
1154.8039 	EXP 	blank2_bg: autoDraw = False
1154.8110 	INFO 	Keyboard events cleared
1154.8108 	EXP 	target_text: autoDraw = True
1156.8279 	EXP 	Device response: <KeyPress from None: t=1156.8252447080013, value=left, duration=None>
1156.8356 	DATA 	Keypress: left
1156.8396 	EXP 	fix_text: autoDraw = False
1156.8396 	EXP 	blank1_bg: autoDraw = False
1156.8396 	EXP 	prime_text: autoDraw = False
1156.8396 	EXP 	blank2_bg: autoDraw = False
1156.8396 	EXP 	target_text: autoDraw = False
1156.8396 	EXP 	greenCircle: autoDraw = True
1156.8396 	EXP 	redCrosss: autoDraw = True
1156.9946 	EXP 	Device response: <KeyPress from None: t=1156.8252447080013, value=left, duration=0.16437225000117905>
1157.0292 	EXP 	blank3_bg: autoDraw = True
1157.0355 	EXP 	greenCircle: autoDraw = False
1157.0355 	EXP 	redCrosss: autoDraw = False
1157.8213 	EXP 	New trial (rep=20, index=9): <Trial 329 (9 in rep 20) data={'prime': 'They have finished the work', 'target': 'They have finished the work', 'condition': 'repetition_related', 'correctAns': 'right', 'thisN': 329, 'thisTrialN': 9, 'thisRepN': 20}>
1157.8377 	EXP 	blank3_bg: autoDraw = False
1157.8377 	EXP 	blank3_bg: autoDraw = False
1157.8377 	EXP 	greenCircle: autoDraw = False
1157.8377 	EXP 	redCrosss: autoDraw = False
1157.8377 	EXP 	prime_text: height = np.float64(0.05)
1157.8377 	EXP 	prime_text: height = np.float64(0.05)
1157.8377 	EXP 	prime_text: height = np.float64(0.05)
1157.8377 	EXP 	prime_text: text = 'They have finished the work'
1157.8377 	EXP 	target_text: height = np.float64(0.05)
1157.8377 	EXP 	target_text: height = np.float64(0.05)
1157.8377 	EXP 	target_text: height = np.float64(0.05)
1157.8377 	EXP 	target_text: text = 'They have finished the work'
1157.8377 	EXP 	fix_text: autoDraw = True
1158.0792 	EXP 	fix_text: autoDraw = False
1158.0792 	EXP 	blank1_bg: autoDraw = True
1158.2693 	EXP 	prime_text: autoDraw = True
1158.2741 	EXP 	blank1_bg: autoDraw = False
1158.4588 	EXP 	prime_text: autoDraw = False
1158.4771 	EXP 	blank2_bg: autoDraw = True
1158.5768 	INFO 	Keyboard events cleared
1158.5766 	EXP 	blank2_bg: autoDraw = False
1158.5766 	EXP 	target_text: autoDraw = True
1163.2777 	EXP 	Device response: <KeyPress from None: t=1163.2744229579985, value=right, duration=None>
1163.2851 	DATA 	Keypress: right
1163.2896 	EXP 	fix_text: autoDraw = False
1163.2896 	EXP 	blank1_bg: autoDraw = False
1163.2896 	EXP 	prime_text: autoDraw = False
1163.2896 	EXP 	blank2_bg: autoDraw = False
1163.2896 	EXP 	target_text: autoDraw = False
1163.2896 	EXP 	greenCircle: autoDraw = True
1163.2896 	EXP 	redCrosss: autoDraw = True
1163.4389 	EXP 	Device response: <KeyPress from None: t=1163.2744229579985, value=right, duration=0.15349287500430364>
1163.4797 	EXP 	blank3_bg: autoDraw = True
1163.4856 	EXP 	greenCircle: autoDraw = False
1163.4856 	EXP 	redCrosss: autoDraw = False
1164.2712 	EXP 	New trial (rep=20, index=10): <Trial 330 (10 in rep 20) data={'prime': 'They have finished the work', 'target': 'They finished have the work', 'condition': 'repetition_unrelated', 'correctAns': 'left', 'thisN': 330, 'thisTrialN': 10, 'thisRepN': 20}>
1164.2838 	EXP 	blank3_bg: autoDraw = False
1164.2838 	EXP 	blank3_bg: autoDraw = False
1164.2838 	EXP 	greenCircle: autoDraw = False
1164.2838 	EXP 	redCrosss: autoDraw = False
1164.2838 	EXP 	prime_text: text = 'They have finished the work'
1164.2838 	EXP 	target_text: height = np.float64(0.05)
1164.2838 	EXP 	target_text: height = np.float64(0.05)
1164.2838 	EXP 	target_text: height = np.float64(0.05)
1164.2838 	EXP 	target_text: text = 'They finished have the work'
1164.2838 	EXP 	fix_text: autoDraw = True
1164.5285 	EXP 	fix_text: autoDraw = False
1164.5285 	EXP 	blank1_bg: autoDraw = True
1164.7261 	EXP 	blank1_bg: autoDraw = False
1164.7261 	EXP 	prime_text: autoDraw = True
1164.9205 	EXP 	prime_text: autoDraw = False
1164.9271 	EXP 	blank2_bg: autoDraw = True
1165.0205 	EXP 	blank2_bg: autoDraw = False
1165.0271 	INFO 	Keyboard events cleared
1165.0269 	EXP 	target_text: autoDraw = True
1176.6551 	EXP 	Device response: <KeyPress from None: t=1176.6471402489988, value=left, duration=None>
1176.6635 	DATA 	Keypress: left
1176.6677 	EXP 	fix_text: autoDraw = False
1176.6677 	EXP 	blank1_bg: autoDraw = False
1176.6677 	EXP 	prime_text: autoDraw = False
1176.6677 	EXP 	blank2_bg: autoDraw = False
1176.6677 	EXP 	target_text: autoDraw = False
1176.6677 	EXP 	greenCircle: autoDraw = True
1176.6677 	EXP 	redCrosss: autoDraw = True
1176.7551 	EXP 	Device response: <KeyPress from None: t=1176.6471402489988, value=left, duration=0.09790358399914112>
1176.8523 	EXP 	blank3_bg: autoDraw = True
1176.8588 	EXP 	greenCircle: autoDraw = False
1176.8588 	EXP 	redCrosss: autoDraw = False
1177.6360 	EXP 	New trial (rep=20, index=11): <Trial 331 (11 in rep 20) data={'prime': 'The boy can read fast', 'target': 'The boy can read fast', 'condition': 'transposition_related', 'correctAns': 'right', 'thisN': 331, 'thisTrialN': 11, 'thisRepN': 20}>
1177.6511 	EXP 	blank3_bg: autoDraw = False
1177.6511 	EXP 	blank3_bg: autoDraw = False
1177.6511 	EXP 	greenCircle: autoDraw = False
1177.6511 	EXP 	redCrosss: autoDraw = False
1177.6511 	EXP 	prime_text: height = np.float64(0.05)
1177.6511 	EXP 	prime_text: height = np.float64(0.05)
1177.6511 	EXP 	prime_text: height = np.float64(0.05)
1177.6511 	EXP 	prime_text: text = 'The boy can read fast'
1177.6511 	EXP 	target_text: height = np.float64(0.05)
1177.6511 	EXP 	target_text: height = np.float64(0.05)
1177.6511 	EXP 	target_text: height = np.float64(0.05)
1177.6511 	EXP 	target_text: text = 'The boy can read fast'
1177.6555 	EXP 	fix_text: autoDraw = True
1177.9037 	EXP 	fix_text: autoDraw = False
1177.9037 	EXP 	blank1_bg: autoDraw = True
1178.0913 	EXP 	blank1_bg: autoDraw = False
1178.1037 	EXP 	prime_text: autoDraw = True
1178.2919 	EXP 	prime_text: autoDraw = False
1178.3037 	EXP 	blank2_bg: autoDraw = True
1178.3923 	EXP 	blank2_bg: autoDraw = False
1178.4038 	INFO 	Keyboard events cleared
1178.4036 	EXP 	target_text: autoDraw = True
1179.9554 	EXP 	Device response: <KeyPress from None: t=1179.9517915829929, value=left, duration=None>
1179.9639 	DATA 	Keypress: left
1179.9682 	EXP 	fix_text: autoDraw = False
1179.9682 	EXP 	blank1_bg: autoDraw = False
1179.9682 	EXP 	prime_text: autoDraw = False
1179.9682 	EXP 	blank2_bg: autoDraw = False
1179.9682 	EXP 	target_text: autoDraw = False
1179.9682 	EXP 	greenCircle: autoDraw = True
1179.9682 	EXP 	redCrosss: autoDraw = True
1180.1115 	EXP 	Device response: <KeyPress from None: t=1179.9517915829929, value=left, duration=0.15216775001317728>
1180.1527 	EXP 	blank3_bg: autoDraw = True
1180.1591 	EXP 	greenCircle: autoDraw = False
1180.1591 	EXP 	redCrosss: autoDraw = False
1180.9371 	EXP 	New trial (rep=20, index=12): <Trial 332 (12 in rep 20) data={'prime': 'She does not like apples', 'target': 'She does not like apples', 'condition': 'repetition_related', 'correctAns': 'right', 'thisN': 332, 'thisTrialN': 12, 'thisRepN': 20}>
1180.9530 	EXP 	blank3_bg: autoDraw = False
1180.9530 	EXP 	blank3_bg: autoDraw = False
1180.9530 	EXP 	greenCircle: autoDraw = False
1180.9530 	EXP 	redCrosss: autoDraw = False
1180.9530 	EXP 	prime_text: height = np.float64(0.05)
1180.9530 	EXP 	prime_text: height = np.float64(0.05)
1180.9530 	EXP 	prime_text: height = np.float64(0.05)
1180.9530 	EXP 	prime_text: text = 'She does not like apples'
1180.9530 	EXP 	target_text: height = np.float64(0.05)
1180.9530 	EXP 	target_text: height = np.float64(0.05)
1180.9530 	EXP 	target_text: height = np.float64(0.05)
1180.9530 	EXP 	target_text: text = 'She does not like apples'
1180.9576 	EXP 	fix_text: autoDraw = True
1181.2039 	EXP 	fix_text: autoDraw = False
1181.2039 	EXP 	blank1_bg: autoDraw = True
1181.3926 	EXP 	blank1_bg: autoDraw = False
1181.4036 	EXP 	prime_text: autoDraw = True
1181.5922 	EXP 	prime_text: autoDraw = False
1181.6037 	EXP 	blank2_bg: autoDraw = True
1181.6924 	EXP 	blank2_bg: autoDraw = False
1181.7040 	INFO 	Keyboard events cleared
1181.7037 	EXP 	target_text: autoDraw = True
1187.5446 	EXP 	Device response: <KeyPress from None: t=1187.5415457079944, value=left, duration=None>
1187.5518 	DATA 	Keypress: left
1187.5558 	EXP 	fix_text: autoDraw = False
1187.5558 	EXP 	blank1_bg: autoDraw = False
1187.5558 	EXP 	prime_text: autoDraw = False
1187.5558 	EXP 	blank2_bg: autoDraw = False
1187.5558 	EXP 	target_text: autoDraw = False
1187.5558 	EXP 	greenCircle: autoDraw = True
1187.5558 	EXP 	redCrosss: autoDraw = True
1187.6715 	EXP 	Device response: <KeyPress from None: t=1187.5415457079944, value=left, duration=0.1219460410065949>
1187.7471 	EXP 	blank3_bg: autoDraw = True
1187.7530 	EXP 	greenCircle: autoDraw = False
1187.7530 	EXP 	redCrosss: autoDraw = False
1188.5372 	EXP 	New trial (rep=20, index=13): <Trial 333 (13 in rep 20) data={'prime': 'She does not like apples', 'target': 'She not does like apples', 'condition': 'transposition_related', 'correctAns': 'right', 'thisN': 333, 'thisTrialN': 13, 'thisRepN': 20}>
1188.5540 	EXP 	blank3_bg: autoDraw = False
1188.5540 	EXP 	blank3_bg: autoDraw = False
1188.5540 	EXP 	greenCircle: autoDraw = False
1188.5540 	EXP 	redCrosss: autoDraw = False
1188.5540 	EXP 	prime_text: text = 'She does not like apples'
1188.5540 	EXP 	target_text: height = np.float64(0.05)
1188.5540 	EXP 	target_text: height = np.float64(0.05)
1188.5540 	EXP 	target_text: height = np.float64(0.05)
1188.5540 	EXP 	target_text: text = 'She not does like apples'
1188.5540 	EXP 	fix_text: autoDraw = True
1188.7935 	EXP 	fix_text: autoDraw = False
1188.7935 	EXP 	blank1_bg: autoDraw = True
1188.9869 	EXP 	blank1_bg: autoDraw = False
1188.9914 	EXP 	prime_text: autoDraw = True
1189.1871 	EXP 	prime_text: autoDraw = False
1189.1932 	EXP 	blank2_bg: autoDraw = True
1189.2871 	EXP 	blank2_bg: autoDraw = False
1189.2941 	INFO 	Keyboard events cleared
1189.2939 	EXP 	target_text: autoDraw = True
1190.2385 	EXP 	Device response: <KeyPress from None: t=1190.2351559990057, value=left, duration=None>
1190.2492 	DATA 	Keypress: left
1190.2535 	EXP 	fix_text: autoDraw = False
1190.2535 	EXP 	blank1_bg: autoDraw = False
1190.2535 	EXP 	prime_text: autoDraw = False
1190.2535 	EXP 	blank2_bg: autoDraw = False
1190.2535 	EXP 	target_text: autoDraw = False
1190.2535 	EXP 	greenCircle: autoDraw = True
1190.2535 	EXP 	redCrosss: autoDraw = True
1190.3610 	EXP 	Device response: <KeyPress from None: t=1190.2351559990057, value=left, duration=0.12023545899137389>
1190.4369 	EXP 	blank3_bg: autoDraw = True
1190.4438 	EXP 	greenCircle: autoDraw = False
1190.4438 	EXP 	redCrosss: autoDraw = False
1191.2205 	EXP 	New trial (rep=20, index=14): <Trial 334 (14 in rep 20) data={'prime': 'The boy can read fast', 'target': 'The read can boy fast', 'condition': 'repetition_unrelated', 'correctAns': 'left', 'thisN': 334, 'thisTrialN': 14, 'thisRepN': 20}>
1191.2354 	EXP 	blank3_bg: autoDraw = False
1191.2354 	EXP 	blank3_bg: autoDraw = False
1191.2354 	EXP 	greenCircle: autoDraw = False
1191.2354 	EXP 	redCrosss: autoDraw = False
1191.2354 	EXP 	prime_text: height = np.float64(0.05)
1191.2354 	EXP 	prime_text: height = np.float64(0.05)
1191.2354 	EXP 	prime_text: height = np.float64(0.05)
1191.2354 	EXP 	prime_text: text = 'The boy can read fast'
1191.2354 	EXP 	target_text: height = np.float64(0.05)
1191.2354 	EXP 	target_text: height = np.float64(0.05)
1191.2354 	EXP 	target_text: height = np.float64(0.05)
1191.2354 	EXP 	target_text: text = 'The read can boy fast'
1191.2400 	EXP 	fix_text: autoDraw = True
1191.4871 	EXP 	fix_text: autoDraw = False
1191.4871 	EXP 	blank1_bg: autoDraw = True
1191.6871 	EXP 	blank1_bg: autoDraw = False
1191.6871 	EXP 	prime_text: autoDraw = True
1191.8746 	EXP 	prime_text: autoDraw = False
1191.8871 	EXP 	blank2_bg: autoDraw = True
1191.9756 	EXP 	blank2_bg: autoDraw = False
1191.9873 	INFO 	Keyboard events cleared
1191.9871 	EXP 	target_text: autoDraw = True
1192.6883 	EXP 	Device response: <KeyPress from None: t=1192.6770227079978, value=left, duration=None>
1192.6963 	DATA 	Keypress: left
1192.7006 	EXP 	fix_text: autoDraw = False
1192.7006 	EXP 	blank1_bg: autoDraw = False
1192.7006 	EXP 	prime_text: autoDraw = False
1192.7006 	EXP 	blank2_bg: autoDraw = False
1192.7006 	EXP 	target_text: autoDraw = False
1192.7006 	EXP 	greenCircle: autoDraw = True
1192.7006 	EXP 	redCrosss: autoDraw = True
1192.8278 	EXP 	Device response: <KeyPress from None: t=1192.6770227079978, value=left, duration=0.14850283300620504>
1192.8868 	EXP 	blank3_bg: autoDraw = True
1192.8945 	EXP 	greenCircle: autoDraw = False
1192.8945 	EXP 	redCrosss: autoDraw = False
1193.6706 	EXP 	New trial (rep=20, index=15): <Trial 335 (15 in rep 20) data={'prime': 'They have finished the work', 'target': 'They work the have finished', 'condition': 'transposition_unrelated', 'correctAns': 'left', 'thisN': 335, 'thisTrialN': 15, 'thisRepN': 20}>
1193.6855 	EXP 	blank3_bg: autoDraw = False
1193.6855 	EXP 	blank3_bg: autoDraw = False
1193.6855 	EXP 	greenCircle: autoDraw = False
1193.6855 	EXP 	redCrosss: autoDraw = False
1193.6855 	EXP 	prime_text: height = np.float64(0.05)
1193.6855 	EXP 	prime_text: height = np.float64(0.05)
1193.6855 	EXP 	prime_text: height = np.float64(0.05)
1193.6855 	EXP 	prime_text: text = 'They have finished the work'
1193.6855 	EXP 	target_text: height = np.float64(0.05)
1193.6855 	EXP 	target_text: height = np.float64(0.05)
1193.6855 	EXP 	target_text: height = np.float64(0.05)
1193.6855 	EXP 	target_text: text = 'They work the have finished'
1193.6899 	EXP 	fix_text: autoDraw = True
1193.9373 	EXP 	fix_text: autoDraw = False
1193.9373 	EXP 	blank1_bg: autoDraw = True
1194.1370 	EXP 	blank1_bg: autoDraw = False
1194.1370 	EXP 	prime_text: autoDraw = True
1194.3261 	EXP 	prime_text: autoDraw = False
1194.3373 	EXP 	blank2_bg: autoDraw = True
1194.4246 	EXP 	blank2_bg: autoDraw = False
1194.4372 	INFO 	Keyboard events cleared
1194.4371 	EXP 	target_text: autoDraw = True
1195.1443 	EXP 	Device response: <KeyPress from None: t=1195.141111207995, value=left, duration=None>
1195.1516 	DATA 	Keypress: left
1195.1559 	EXP 	fix_text: autoDraw = False
1195.1559 	EXP 	blank1_bg: autoDraw = False
1195.1559 	EXP 	prime_text: autoDraw = False
1195.1559 	EXP 	blank2_bg: autoDraw = False
1195.1559 	EXP 	target_text: autoDraw = False
1195.1559 	EXP 	greenCircle: autoDraw = True
1195.1559 	EXP 	redCrosss: autoDraw = True
1195.3217 	EXP 	Device response: <KeyPress from None: t=1195.141111207995, value=left, duration=0.17620691600313876>
1195.3358 	EXP 	blank3_bg: autoDraw = True
1195.3532 	EXP 	greenCircle: autoDraw = False
1195.3532 	EXP 	redCrosss: autoDraw = False
1196.1210 	EXP 	New trial (rep=21, index=0): <Trial 336 (0 in rep 21) data={'prime': 'The boy can read fast', 'target': 'The read can boy fast', 'condition': 'transposition_unrelated', 'correctAns': 'left', 'thisN': 336, 'thisTrialN': 0, 'thisRepN': 21}>
1196.1353 	EXP 	blank3_bg: autoDraw = False
1196.1353 	EXP 	blank3_bg: autoDraw = False
1196.1353 	EXP 	greenCircle: autoDraw = False
1196.1353 	EXP 	redCrosss: autoDraw = False
1196.1353 	EXP 	prime_text: height = np.float64(0.05)
1196.1353 	EXP 	prime_text: height = np.float64(0.05)
1196.1353 	EXP 	prime_text: height = np.float64(0.05)
1196.1353 	EXP 	prime_text: text = 'The boy can read fast'
1196.1353 	EXP 	target_text: height = np.float64(0.05)
1196.1353 	EXP 	target_text: height = np.float64(0.05)
1196.1353 	EXP 	target_text: height = np.float64(0.05)
1196.1353 	EXP 	target_text: text = 'The read can boy fast'
1196.1398 	EXP 	fix_text: autoDraw = True
1196.3873 	EXP 	fix_text: autoDraw = False
1196.3958 	EXP 	blank1_bg: autoDraw = True
1196.5916 	EXP 	blank1_bg: autoDraw = False
1196.5916 	EXP 	prime_text: autoDraw = True
1196.7869 	EXP 	prime_text: autoDraw = False
1196.7926 	EXP 	blank2_bg: autoDraw = True
1196.8870 	EXP 	blank2_bg: autoDraw = False
1196.8938 	INFO 	Keyboard events cleared
1196.8936 	EXP 	target_text: autoDraw = True
1197.5049 	EXP 	Device response: <KeyPress from None: t=1197.493884333002, value=left, duration=None>
1197.5112 	DATA 	Keypress: left
1197.5154 	EXP 	fix_text: autoDraw = False
1197.5154 	EXP 	blank1_bg: autoDraw = False
1197.5154 	EXP 	prime_text: autoDraw = False
1197.5154 	EXP 	blank2_bg: autoDraw = False
1197.5154 	EXP 	target_text: autoDraw = False
1197.5154 	EXP 	greenCircle: autoDraw = True
1197.5154 	EXP 	redCrosss: autoDraw = True
1197.6714 	EXP 	Device response: <KeyPress from None: t=1197.493884333002, value=left, duration=0.168281416001264>
1197.7039 	EXP 	blank3_bg: autoDraw = True
1197.7106 	EXP 	greenCircle: autoDraw = False
1197.7106 	EXP 	redCrosss: autoDraw = False
1198.4874 	EXP 	New trial (rep=21, index=1): <Trial 337 (1 in rep 21) data={'prime': 'The dog is barking loudly', 'target': 'The barking dog loudly is', 'condition': 'transposition_unrelated', 'correctAns': 'left', 'thisN': 337, 'thisTrialN': 1, 'thisRepN': 21}>
1198.5002 	EXP 	blank3_bg: autoDraw = False
1198.5002 	EXP 	blank3_bg: autoDraw = False
1198.5002 	EXP 	greenCircle: autoDraw = False
1198.5002 	EXP 	redCrosss: autoDraw = False
1198.5002 	EXP 	prime_text: height = np.float64(0.05)
1198.5002 	EXP 	prime_text: height = np.float64(0.05)
1198.5002 	EXP 	prime_text: height = np.float64(0.05)
1198.5002 	EXP 	prime_text: text = 'The dog is barking loudly'
1198.5002 	EXP 	target_text: height = np.float64(0.05)
1198.5002 	EXP 	target_text: height = np.float64(0.05)
1198.5002 	EXP 	target_text: height = np.float64(0.05)
1198.5002 	EXP 	target_text: text = 'The barking dog loudly is'
1198.5049 	EXP 	fix_text: autoDraw = True
1198.7538 	EXP 	fix_text: autoDraw = False
1198.7538 	EXP 	blank1_bg: autoDraw = True
1198.9407 	EXP 	blank1_bg: autoDraw = False
1198.9538 	EXP 	prime_text: autoDraw = True
1199.1408 	EXP 	prime_text: autoDraw = False
1199.1543 	EXP 	blank2_bg: autoDraw = True
1199.2410 	EXP 	blank2_bg: autoDraw = False
1199.2537 	INFO 	Keyboard events cleared
1199.2535 	EXP 	target_text: autoDraw = True
1199.9758 	EXP 	Device response: <KeyPress from None: t=1199.973878374003, value=left, duration=None>
1199.9819 	DATA 	Keypress: left
1199.9861 	EXP 	fix_text: autoDraw = False
1199.9861 	EXP 	blank1_bg: autoDraw = False
1199.9861 	EXP 	prime_text: autoDraw = False
1199.9861 	EXP 	blank2_bg: autoDraw = False
1199.9861 	EXP 	target_text: autoDraw = False
1199.9861 	EXP 	greenCircle: autoDraw = True
1199.9861 	EXP 	redCrosss: autoDraw = True
1200.1598 	EXP 	Device response: <KeyPress from None: t=1199.973878374003, value=left, duration=0.1843513749918202>
1200.1693 	EXP 	blank3_bg: autoDraw = True
1200.1758 	EXP 	greenCircle: autoDraw = False
1200.1758 	EXP 	redCrosss: autoDraw = False
1200.9541 	EXP 	New trial (rep=21, index=2): <Trial 338 (2 in rep 21) data={'prime': 'The dog is barking loudly', 'target': 'The dog is barking loudly', 'condition': 'repetition_related', 'correctAns': 'right', 'thisN': 338, 'thisTrialN': 2, 'thisRepN': 21}>
1200.9629 	EXP 	blank3_bg: autoDraw = False
1200.9629 	EXP 	blank3_bg: autoDraw = False
1200.9629 	EXP 	greenCircle: autoDraw = False
1200.9629 	EXP 	redCrosss: autoDraw = False
1200.9629 	EXP 	prime_text: text = 'The dog is barking loudly'
1200.9629 	EXP 	target_text: height = np.float64(0.05)
1200.9629 	EXP 	target_text: height = np.float64(0.05)
1200.9629 	EXP 	target_text: height = np.float64(0.05)
1200.9629 	EXP 	target_text: text = 'The dog is barking loudly'
1200.9692 	EXP 	fix_text: autoDraw = True
1201.2074 	EXP 	fix_text: autoDraw = False
1201.2261 	EXP 	blank1_bg: autoDraw = True
1201.4202 	EXP 	blank1_bg: autoDraw = False
1201.4202 	EXP 	prime_text: autoDraw = True
1201.6075 	EXP 	prime_text: autoDraw = False
1201.6251 	EXP 	blank2_bg: autoDraw = True
1201.7206 	INFO 	Keyboard events cleared
1201.7205 	EXP 	blank2_bg: autoDraw = False
1201.7205 	EXP 	target_text: autoDraw = True
1202.5882 	EXP 	Device response: <KeyPress from None: t=1202.5798314160056, value=left, duration=None>
1202.5956 	DATA 	Keypress: left
1202.6002 	EXP 	fix_text: autoDraw = False
1202.6002 	EXP 	blank1_bg: autoDraw = False
1202.6002 	EXP 	prime_text: autoDraw = False
1202.6002 	EXP 	blank2_bg: autoDraw = False
1202.6002 	EXP 	target_text: autoDraw = False
1202.6002 	EXP 	greenCircle: autoDraw = True
1202.6002 	EXP 	redCrosss: autoDraw = True
1202.7103 	EXP 	Device response: <KeyPress from None: t=1202.5798314160056, value=left, duration=0.12424874999851454>
1202.7872 	EXP 	blank3_bg: autoDraw = True
1202.7936 	EXP 	greenCircle: autoDraw = False
1202.7936 	EXP 	redCrosss: autoDraw = False
1203.5777 	EXP 	New trial (rep=21, index=3): <Trial 339 (3 in rep 21) data={'prime': 'She does not like apples', 'target': 'She not does like apples', 'condition': 'transposition_related', 'correctAns': 'right', 'thisN': 339, 'thisTrialN': 3, 'thisRepN': 21}>
1203.5932 	EXP 	blank3_bg: autoDraw = False
1203.5932 	EXP 	blank3_bg: autoDraw = False
1203.5932 	EXP 	greenCircle: autoDraw = False
1203.5932 	EXP 	redCrosss: autoDraw = False
1203.5932 	EXP 	prime_text: height = np.float64(0.05)
1203.5932 	EXP 	prime_text: height = np.float64(0.05)
1203.5932 	EXP 	prime_text: height = np.float64(0.05)
1203.5932 	EXP 	prime_text: text = 'She does not like apples'
1203.5932 	EXP 	target_text: height = np.float64(0.05)
1203.5932 	EXP 	target_text: height = np.float64(0.05)
1203.5932 	EXP 	target_text: height = np.float64(0.05)
1203.5932 	EXP 	target_text: text = 'She not does like apples'
1203.5932 	EXP 	fix_text: autoDraw = True
1203.8372 	EXP 	fix_text: autoDraw = False
1203.8372 	EXP 	blank1_bg: autoDraw = True
1204.0356 	EXP 	blank1_bg: autoDraw = False
1204.0356 	EXP 	prime_text: autoDraw = True
1204.2256 	EXP 	prime_text: autoDraw = False
1204.2370 	EXP 	blank2_bg: autoDraw = True
1204.3246 	EXP 	blank2_bg: autoDraw = False
1204.3371 	INFO 	Keyboard events cleared
1204.3370 	EXP 	target_text: autoDraw = True
1204.8884 	EXP 	Device response: <KeyPress from None: t=1204.886793957994, value=left, duration=None>
1204.8965 	DATA 	Keypress: left
1204.9007 	EXP 	fix_text: autoDraw = False
1204.9007 	EXP 	blank1_bg: autoDraw = False
1204.9007 	EXP 	prime_text: autoDraw = False
1204.9007 	EXP 	blank2_bg: autoDraw = False
1204.9007 	EXP 	target_text: autoDraw = False
1204.9007 	EXP 	greenCircle: autoDraw = True
1204.9007 	EXP 	redCrosss: autoDraw = True
1205.0384 	EXP 	Device response: <KeyPress from None: t=1204.886793957994, value=left, duration=0.14433870800712612>
1205.0862 	EXP 	blank3_bg: autoDraw = True
1205.0936 	EXP 	greenCircle: autoDraw = False
1205.0936 	EXP 	redCrosss: autoDraw = False
1205.8695 	EXP 	New trial (rep=21, index=4): <Trial 340 (4 in rep 21) data={'prime': 'The boy can read fast', 'target': 'The boy can read fast', 'condition': 'repetition_related', 'correctAns': 'right', 'thisN': 340, 'thisTrialN': 4, 'thisRepN': 21}>
1205.8832 	EXP 	blank3_bg: autoDraw = False
1205.8832 	EXP 	blank3_bg: autoDraw = False
1205.8832 	EXP 	greenCircle: autoDraw = False
1205.8832 	EXP 	redCrosss: autoDraw = False
1205.8832 	EXP 	prime_text: height = np.float64(0.05)
1205.8832 	EXP 	prime_text: height = np.float64(0.05)
1205.8832 	EXP 	prime_text: height = np.float64(0.05)
1205.8832 	EXP 	prime_text: text = 'The boy can read fast'
1205.8832 	EXP 	target_text: height = np.float64(0.05)
1205.8832 	EXP 	target_text: height = np.float64(0.05)
1205.8832 	EXP 	target_text: height = np.float64(0.05)
1205.8832 	EXP 	target_text: text = 'The boy can read fast'
1205.8880 	EXP 	fix_text: autoDraw = True
1206.1371 	EXP 	fix_text: autoDraw = False
1206.1371 	EXP 	blank1_bg: autoDraw = True
1206.3370 	EXP 	blank1_bg: autoDraw = False
1206.3370 	EXP 	prime_text: autoDraw = True
1206.5251 	EXP 	prime_text: autoDraw = False
1206.5370 	EXP 	blank2_bg: autoDraw = True
1206.6243 	EXP 	blank2_bg: autoDraw = False
1206.6373 	INFO 	Keyboard events cleared
1206.6371 	EXP 	target_text: autoDraw = True
1207.2109 	EXP 	Device response: <KeyPress from None: t=1207.207765040992, value=right, duration=None>
1207.2181 	DATA 	Keypress: right
1207.2229 	EXP 	fix_text: autoDraw = False
1207.2229 	EXP 	blank1_bg: autoDraw = False
1207.2229 	EXP 	prime_text: autoDraw = False
1207.2229 	EXP 	blank2_bg: autoDraw = False
1207.2229 	EXP 	target_text: autoDraw = False
1207.2229 	EXP 	greenCircle: autoDraw = True
1207.2229 	EXP 	redCrosss: autoDraw = True
1207.4124 	EXP 	blank3_bg: autoDraw = True
1207.4194 	EXP 	greenCircle: autoDraw = False
1207.4194 	EXP 	redCrosss: autoDraw = False
1207.4208 	EXP 	Device response: <KeyPress from None: t=1207.207765040992, value=right, duration=0.20826883301197086>
1208.1954 	EXP 	New trial (rep=21, index=5): <Trial 341 (5 in rep 21) data={'prime': 'They have finished the work', 'target': 'They finished have the work', 'condition': 'transposition_related', 'correctAns': 'right', 'thisN': 341, 'thisTrialN': 5, 'thisRepN': 21}>
1208.2105 	EXP 	blank3_bg: autoDraw = False
1208.2105 	EXP 	blank3_bg: autoDraw = False
1208.2105 	EXP 	greenCircle: autoDraw = False
1208.2105 	EXP 	redCrosss: autoDraw = False
1208.2105 	EXP 	prime_text: height = np.float64(0.05)
1208.2105 	EXP 	prime_text: height = np.float64(0.05)
1208.2105 	EXP 	prime_text: height = np.float64(0.05)
1208.2105 	EXP 	prime_text: text = 'They have finished the work'
1208.2105 	EXP 	target_text: height = np.float64(0.05)
1208.2105 	EXP 	target_text: height = np.float64(0.05)
1208.2105 	EXP 	target_text: height = np.float64(0.05)
1208.2105 	EXP 	target_text: text = 'They finished have the work'
1208.2105 	EXP 	fix_text: autoDraw = True
1208.4537 	EXP 	fix_text: autoDraw = False
1208.4619 	EXP 	blank1_bg: autoDraw = True
1208.6522 	EXP 	prime_text: autoDraw = True
1208.6570 	EXP 	blank1_bg: autoDraw = False
1208.8424 	EXP 	prime_text: autoDraw = False
1208.8593 	EXP 	blank2_bg: autoDraw = True
1208.9538 	EXP 	blank2_bg: autoDraw = False
1208.9598 	INFO 	Keyboard events cleared
1208.9596 	EXP 	target_text: autoDraw = True
1209.9937 	EXP 	Device response: <KeyPress from None: t=1209.988726416006, value=left, duration=None>
1210.0010 	DATA 	Keypress: left
1210.0055 	EXP 	fix_text: autoDraw = False
1210.0055 	EXP 	blank1_bg: autoDraw = False
1210.0055 	EXP 	prime_text: autoDraw = False
1210.0055 	EXP 	blank2_bg: autoDraw = False
1210.0055 	EXP 	target_text: autoDraw = False
1210.0055 	EXP 	greenCircle: autoDraw = True
1210.0055 	EXP 	redCrosss: autoDraw = True
1210.1778 	EXP 	Device response: <KeyPress from None: t=1209.988726416006, value=left, duration=0.1851101249922067>
1210.1868 	EXP 	blank3_bg: autoDraw = True
1210.2022 	EXP 	greenCircle: autoDraw = False
1210.2022 	EXP 	redCrosss: autoDraw = False
1210.9763 	EXP 	New trial (rep=21, index=6): <Trial 342 (6 in rep 21) data={'prime': 'The dog is barking loudly', 'target': 'The loudly is barking dog', 'condition': 'repetition_unrelated', 'correctAns': 'left', 'thisN': 342, 'thisTrialN': 6, 'thisRepN': 21}>
1210.9897 	EXP 	blank3_bg: autoDraw = False
1210.9897 	EXP 	blank3_bg: autoDraw = False
1210.9897 	EXP 	greenCircle: autoDraw = False
1210.9897 	EXP 	redCrosss: autoDraw = False
1210.9897 	EXP 	prime_text: height = np.float64(0.05)
1210.9897 	EXP 	prime_text: height = np.float64(0.05)
1210.9897 	EXP 	prime_text: height = np.float64(0.05)
1210.9897 	EXP 	prime_text: text = 'The dog is barking loudly'
1210.9897 	EXP 	target_text: height = np.float64(0.05)
1210.9897 	EXP 	target_text: height = np.float64(0.05)
1210.9897 	EXP 	target_text: height = np.float64(0.05)
1210.9897 	EXP 	target_text: text = 'The loudly is barking dog'
1211.0037 	EXP 	fix_text: autoDraw = True
1211.2355 	EXP 	blank1_bg: autoDraw = True
1211.2522 	EXP 	fix_text: autoDraw = False
1211.4259 	EXP 	blank1_bg: autoDraw = False
1211.4435 	EXP 	prime_text: autoDraw = True
1211.6372 	EXP 	prime_text: autoDraw = False
1211.6372 	EXP 	blank2_bg: autoDraw = True
1211.7243 	EXP 	blank2_bg: autoDraw = False
1211.7434 	INFO 	Keyboard events cleared
1211.7433 	EXP 	target_text: autoDraw = True
1213.5778 	EXP 	Device response: <KeyPress from None: t=1213.5725295409939, value=left, duration=None>
1213.5851 	DATA 	Keypress: left
1213.5895 	EXP 	fix_text: autoDraw = False
1213.5895 	EXP 	blank1_bg: autoDraw = False
1213.5895 	EXP 	prime_text: autoDraw = False
1213.5895 	EXP 	blank2_bg: autoDraw = False
1213.5895 	EXP 	target_text: autoDraw = False
1213.5895 	EXP 	greenCircle: autoDraw = True
1213.5895 	EXP 	redCrosss: autoDraw = True
1213.7553 	EXP 	Device response: <KeyPress from None: t=1213.5725295409939, value=left, duration=0.1764321250084322>
1213.7696 	EXP 	blank3_bg: autoDraw = True
1213.7869 	EXP 	greenCircle: autoDraw = False
1213.7869 	EXP 	redCrosss: autoDraw = False
1214.5529 	EXP 	New trial (rep=21, index=7): <Trial 343 (7 in rep 21) data={'prime': 'They have finished the work', 'target': 'They finished have the work', 'condition': 'repetition_unrelated', 'correctAns': 'left', 'thisN': 343, 'thisTrialN': 7, 'thisRepN': 21}>
1214.5683 	EXP 	blank3_bg: autoDraw = False
1214.5683 	EXP 	blank3_bg: autoDraw = False
1214.5683 	EXP 	greenCircle: autoDraw = False
1214.5683 	EXP 	redCrosss: autoDraw = False
1214.5683 	EXP 	prime_text: height = np.float64(0.05)
1214.5683 	EXP 	prime_text: height = np.float64(0.05)
1214.5683 	EXP 	prime_text: height = np.float64(0.05)
1214.5683 	EXP 	prime_text: text = 'They have finished the work'
1214.5683 	EXP 	target_text: height = np.float64(0.05)
1214.5683 	EXP 	target_text: height = np.float64(0.05)
1214.5683 	EXP 	target_text: height = np.float64(0.05)
1214.5683 	EXP 	target_text: text = 'They finished have the work'
1214.5721 	EXP 	fix_text: autoDraw = True
1214.8204 	EXP 	fix_text: autoDraw = False
1214.8280 	EXP 	blank1_bg: autoDraw = True
1215.0263 	EXP 	blank1_bg: autoDraw = False
1215.0263 	EXP 	prime_text: autoDraw = True
1215.2204 	EXP 	prime_text: autoDraw = False
1215.2269 	EXP 	blank2_bg: autoDraw = True
1215.3266 	INFO 	Keyboard events cleared
1215.3264 	EXP 	blank2_bg: autoDraw = False
1215.3264 	EXP 	target_text: autoDraw = True
1216.7611 	EXP 	Device response: <KeyPress from None: t=1216.7544973740005, value=left, duration=None>
1216.7684 	DATA 	Keypress: left
1216.7728 	EXP 	fix_text: autoDraw = False
1216.7728 	EXP 	blank1_bg: autoDraw = False
1216.7728 	EXP 	prime_text: autoDraw = False
1216.7728 	EXP 	blank2_bg: autoDraw = False
1216.7728 	EXP 	target_text: autoDraw = False
1216.7728 	EXP 	greenCircle: autoDraw = True
1216.7728 	EXP 	redCrosss: autoDraw = True
1216.9628 	EXP 	blank3_bg: autoDraw = True
1216.9640 	EXP 	Device response: <KeyPress from None: t=1216.7544973740005, value=left, duration=0.20029912500467617>
1216.9869 	EXP 	greenCircle: autoDraw = False
1216.9869 	EXP 	redCrosss: autoDraw = False
1217.7537 	EXP 	New trial (rep=21, index=8): <Trial 344 (8 in rep 21) data={'prime': 'She does not like apples', 'target': 'She not does like apples', 'condition': 'repetition_unrelated', 'correctAns': 'left', 'thisN': 344, 'thisTrialN': 8, 'thisRepN': 21}>
1217.7692 	EXP 	blank3_bg: autoDraw = False
1217.7692 	EXP 	blank3_bg: autoDraw = False
1217.7692 	EXP 	greenCircle: autoDraw = False
1217.7692 	EXP 	redCrosss: autoDraw = False
1217.7692 	EXP 	prime_text: height = np.float64(0.05)
1217.7692 	EXP 	prime_text: height = np.float64(0.05)
1217.7692 	EXP 	prime_text: height = np.float64(0.05)
1217.7692 	EXP 	prime_text: text = 'She does not like apples'
1217.7692 	EXP 	target_text: height = np.float64(0.05)
1217.7692 	EXP 	target_text: height = np.float64(0.05)
1217.7692 	EXP 	target_text: height = np.float64(0.05)
1217.7692 	EXP 	target_text: text = 'She not does like apples'
1217.7692 	EXP 	fix_text: autoDraw = True
1218.0103 	EXP 	fix_text: autoDraw = False
1218.0103 	EXP 	blank1_bg: autoDraw = True
1218.2025 	EXP 	blank1_bg: autoDraw = False
1218.2025 	EXP 	prime_text: autoDraw = True
1218.3921 	EXP 	prime_text: autoDraw = False
1218.4102 	EXP 	blank2_bg: autoDraw = True
1218.5036 	EXP 	blank2_bg: autoDraw = False
1218.5103 	INFO 	Keyboard events cleared
1218.5101 	EXP 	target_text: autoDraw = True
1219.1221 	EXP 	Device response: <KeyPress from None: t=1219.1155012490053, value=left, duration=None>
1219.1306 	DATA 	Keypress: left
1219.1348 	EXP 	fix_text: autoDraw = False
1219.1348 	EXP 	blank1_bg: autoDraw = False
1219.1348 	EXP 	prime_text: autoDraw = False
1219.1348 	EXP 	blank2_bg: autoDraw = False
1219.1348 	EXP 	target_text: autoDraw = False
1219.1348 	EXP 	greenCircle: autoDraw = True
1219.1348 	EXP 	redCrosss: autoDraw = True
1219.2936 	EXP 	Device response: <KeyPress from None: t=1219.1155012490053, value=left, duration=0.1762229999876581>
1219.3203 	EXP 	blank3_bg: autoDraw = True
1219.3280 	EXP 	greenCircle: autoDraw = False
1219.3280 	EXP 	redCrosss: autoDraw = False
1220.1116 	EXP 	New trial (rep=21, index=9): <Trial 345 (9 in rep 21) data={'prime': 'They have finished the work', 'target': 'They have finished the work', 'condition': 'repetition_related', 'correctAns': 'right', 'thisN': 345, 'thisTrialN': 9, 'thisRepN': 21}>
1220.1281 	EXP 	blank3_bg: autoDraw = False
1220.1281 	EXP 	blank3_bg: autoDraw = False
1220.1281 	EXP 	greenCircle: autoDraw = False
1220.1281 	EXP 	redCrosss: autoDraw = False
1220.1281 	EXP 	prime_text: height = np.float64(0.05)
1220.1281 	EXP 	prime_text: height = np.float64(0.05)
1220.1281 	EXP 	prime_text: height = np.float64(0.05)
1220.1281 	EXP 	prime_text: text = 'They have finished the work'
1220.1281 	EXP 	target_text: height = np.float64(0.05)
1220.1281 	EXP 	target_text: height = np.float64(0.05)
1220.1281 	EXP 	target_text: height = np.float64(0.05)
1220.1281 	EXP 	target_text: text = 'They have finished the work'
1220.1281 	EXP 	fix_text: autoDraw = True
1220.3703 	EXP 	blank1_bg: autoDraw = True
1220.3788 	EXP 	fix_text: autoDraw = False
1220.5706 	EXP 	blank1_bg: autoDraw = False
1220.5706 	EXP 	prime_text: autoDraw = True
1220.7585 	EXP 	prime_text: autoDraw = False
1220.7703 	EXP 	blank2_bg: autoDraw = True
1220.8585 	EXP 	blank2_bg: autoDraw = False
1220.8708 	INFO 	Keyboard events cleared
1220.8705 	EXP 	target_text: autoDraw = True
1221.5722 	EXP 	Device response: <KeyPress from None: t=1221.560363333003, value=right, duration=None>
1221.5808 	DATA 	Keypress: right
1221.5851 	EXP 	fix_text: autoDraw = False
1221.5851 	EXP 	blank1_bg: autoDraw = False
1221.5851 	EXP 	prime_text: autoDraw = False
1221.5851 	EXP 	blank2_bg: autoDraw = False
1221.5851 	EXP 	target_text: autoDraw = False
1221.5851 	EXP 	greenCircle: autoDraw = True
1221.5851 	EXP 	redCrosss: autoDraw = True
1221.6723 	EXP 	Device response: <KeyPress from None: t=1221.560363333003, value=right, duration=0.10440162499435246>
1221.7690 	EXP 	blank3_bg: autoDraw = True
1221.7759 	EXP 	greenCircle: autoDraw = False
1221.7759 	EXP 	redCrosss: autoDraw = False
1222.5533 	EXP 	New trial (rep=21, index=10): <Trial 346 (10 in rep 21) data={'prime': 'She does not like apples', 'target': 'She does not like apples', 'condition': 'repetition_related', 'correctAns': 'right', 'thisN': 346, 'thisTrialN': 10, 'thisRepN': 21}>
1222.5688 	EXP 	blank3_bg: autoDraw = False
1222.5688 	EXP 	blank3_bg: autoDraw = False
1222.5688 	EXP 	greenCircle: autoDraw = False
1222.5688 	EXP 	redCrosss: autoDraw = False
1222.5688 	EXP 	prime_text: height = np.float64(0.05)
1222.5688 	EXP 	prime_text: height = np.float64(0.05)
1222.5688 	EXP 	prime_text: height = np.float64(0.05)
1222.5688 	EXP 	prime_text: text = 'She does not like apples'
1222.5688 	EXP 	target_text: height = np.float64(0.05)
1222.5688 	EXP 	target_text: height = np.float64(0.05)
1222.5688 	EXP 	target_text: height = np.float64(0.05)
1222.5688 	EXP 	target_text: text = 'She does not like apples'
1222.5727 	EXP 	fix_text: autoDraw = True
1222.8204 	EXP 	fix_text: autoDraw = False
1222.8204 	EXP 	blank1_bg: autoDraw = True
1223.0081 	EXP 	blank1_bg: autoDraw = False
1223.0205 	EXP 	prime_text: autoDraw = True
1223.2091 	EXP 	prime_text: autoDraw = False
1223.2202 	EXP 	blank2_bg: autoDraw = True
1223.3085 	EXP 	blank2_bg: autoDraw = False
1223.3206 	INFO 	Keyboard events cleared
1223.3204 	EXP 	target_text: autoDraw = True
1224.5380 	EXP 	Device response: <KeyPress from None: t=1224.529340041001, value=right, duration=None>
1224.5457 	DATA 	Keypress: right
1224.5499 	EXP 	fix_text: autoDraw = False
1224.5499 	EXP 	blank1_bg: autoDraw = False
1224.5499 	EXP 	prime_text: autoDraw = False
1224.5499 	EXP 	blank2_bg: autoDraw = False
1224.5499 	EXP 	target_text: autoDraw = False
1224.5499 	EXP 	greenCircle: autoDraw = True
1224.5499 	EXP 	redCrosss: autoDraw = True
1224.7048 	EXP 	Device response: <KeyPress from None: t=1224.529340041001, value=right, duration=0.17228845799400005>
1224.7370 	EXP 	blank3_bg: autoDraw = True
1224.7449 	EXP 	greenCircle: autoDraw = False
1224.7449 	EXP 	redCrosss: autoDraw = False
1225.5276 	EXP 	New trial (rep=21, index=11): <Trial 347 (11 in rep 21) data={'prime': 'The boy can read fast', 'target': 'The read can boy fast', 'condition': 'repetition_unrelated', 'correctAns': 'left', 'thisN': 347, 'thisTrialN': 11, 'thisRepN': 21}>
1225.5434 	EXP 	blank3_bg: autoDraw = False
1225.5434 	EXP 	blank3_bg: autoDraw = False
1225.5434 	EXP 	greenCircle: autoDraw = False
1225.5434 	EXP 	redCrosss: autoDraw = False
1225.5434 	EXP 	prime_text: height = np.float64(0.05)
1225.5434 	EXP 	prime_text: height = np.float64(0.05)
1225.5434 	EXP 	prime_text: height = np.float64(0.05)
1225.5434 	EXP 	prime_text: text = 'The boy can read fast'
1225.5434 	EXP 	target_text: height = np.float64(0.05)
1225.5434 	EXP 	target_text: height = np.float64(0.05)
1225.5434 	EXP 	target_text: height = np.float64(0.05)
1225.5434 	EXP 	target_text: text = 'The read can boy fast'
1225.5434 	EXP 	fix_text: autoDraw = True
1225.7870 	EXP 	blank1_bg: autoDraw = True
1225.7953 	EXP 	fix_text: autoDraw = False
1225.9753 	EXP 	blank1_bg: autoDraw = False
1225.9870 	EXP 	prime_text: autoDraw = True
1226.1758 	EXP 	prime_text: autoDraw = False
1226.1870 	EXP 	blank2_bg: autoDraw = True
1226.2753 	EXP 	blank2_bg: autoDraw = False
1226.2874 	INFO 	Keyboard events cleared
1226.2872 	EXP 	target_text: autoDraw = True
1226.9113 	EXP 	Device response: <KeyPress from None: t=1226.908265916005, value=left, duration=None>
1226.9187 	DATA 	Keypress: left
1226.9228 	EXP 	fix_text: autoDraw = False
1226.9228 	EXP 	blank1_bg: autoDraw = False
1226.9228 	EXP 	prime_text: autoDraw = False
1226.9228 	EXP 	blank2_bg: autoDraw = False
1226.9228 	EXP 	target_text: autoDraw = False
1226.9228 	EXP 	greenCircle: autoDraw = True
1226.9228 	EXP 	redCrosss: autoDraw = True
1227.0887 	EXP 	Device response: <KeyPress from None: t=1226.908265916005, value=left, duration=0.17231395799899474>
1227.1025 	EXP 	blank3_bg: autoDraw = True
1227.1203 	EXP 	greenCircle: autoDraw = False
1227.1203 	EXP 	redCrosss: autoDraw = False
1227.8861 	EXP 	New trial (rep=21, index=12): <Trial 348 (12 in rep 21) data={'prime': 'They have finished the work', 'target': 'They work the have finished', 'condition': 'transposition_unrelated', 'correctAns': 'left', 'thisN': 348, 'thisTrialN': 12, 'thisRepN': 21}>
1227.9013 	EXP 	blank3_bg: autoDraw = False
1227.9013 	EXP 	blank3_bg: autoDraw = False
1227.9013 	EXP 	greenCircle: autoDraw = False
1227.9013 	EXP 	redCrosss: autoDraw = False
1227.9013 	EXP 	prime_text: height = np.float64(0.05)
1227.9013 	EXP 	prime_text: height = np.float64(0.05)
1227.9013 	EXP 	prime_text: height = np.float64(0.05)
1227.9013 	EXP 	prime_text: text = 'They have finished the work'
1227.9013 	EXP 	target_text: height = np.float64(0.05)
1227.9013 	EXP 	target_text: height = np.float64(0.05)
1227.9013 	EXP 	target_text: height = np.float64(0.05)
1227.9013 	EXP 	target_text: text = 'They work the have finished'
1227.9056 	EXP 	fix_text: autoDraw = True
1228.1537 	EXP 	fix_text: autoDraw = False
1228.1619 	EXP 	blank1_bg: autoDraw = True
1228.3604 	EXP 	blank1_bg: autoDraw = False
1228.3604 	EXP 	prime_text: autoDraw = True
1228.5536 	EXP 	prime_text: autoDraw = False
1228.5594 	EXP 	blank2_bg: autoDraw = True
1228.6537 	EXP 	blank2_bg: autoDraw = False
1228.6600 	INFO 	Keyboard events cleared
1228.6598 	EXP 	target_text: autoDraw = True
1229.4220 	EXP 	Device response: <KeyPress from None: t=1229.4162956660002, value=left, duration=None>
1229.4305 	DATA 	Keypress: left
1229.4347 	EXP 	fix_text: autoDraw = False
1229.4347 	EXP 	blank1_bg: autoDraw = False
1229.4347 	EXP 	prime_text: autoDraw = False
1229.4347 	EXP 	blank2_bg: autoDraw = False
1229.4347 	EXP 	target_text: autoDraw = False
1229.4347 	EXP 	greenCircle: autoDraw = True
1229.4347 	EXP 	redCrosss: autoDraw = True
1229.5886 	EXP 	Device response: <KeyPress from None: t=1229.4162956660002, value=left, duration=0.16825241700280458>
1229.6202 	EXP 	blank3_bg: autoDraw = True
1229.6278 	EXP 	greenCircle: autoDraw = False
1229.6278 	EXP 	redCrosss: autoDraw = False
1230.4039 	EXP 	New trial (rep=21, index=13): <Trial 349 (13 in rep 21) data={'prime': 'She does not like apples', 'target': 'She like does apples not', 'condition': 'transposition_unrelated', 'correctAns': 'left', 'thisN': 349, 'thisTrialN': 13, 'thisRepN': 21}>
1230.4206 	EXP 	blank3_bg: autoDraw = False
1230.4206 	EXP 	blank3_bg: autoDraw = False
1230.4206 	EXP 	greenCircle: autoDraw = False
1230.4206 	EXP 	redCrosss: autoDraw = False
1230.4206 	EXP 	prime_text: height = np.float64(0.05)
1230.4206 	EXP 	prime_text: height = np.float64(0.05)
1230.4206 	EXP 	prime_text: height = np.float64(0.05)
1230.4206 	EXP 	prime_text: text = 'She does not like apples'
1230.4206 	EXP 	target_text: height = np.float64(0.05)
1230.4206 	EXP 	target_text: height = np.float64(0.05)
1230.4206 	EXP 	target_text: height = np.float64(0.05)
1230.4206 	EXP 	target_text: text = 'She like does apples not'
1230.4369 	EXP 	fix_text: autoDraw = True
1230.6704 	EXP 	blank1_bg: autoDraw = True
1230.6786 	EXP 	fix_text: autoDraw = False
1230.8589 	EXP 	blank1_bg: autoDraw = False
1230.8702 	EXP 	prime_text: autoDraw = True
1231.0589 	EXP 	prime_text: autoDraw = False
1231.0704 	EXP 	blank2_bg: autoDraw = True
1231.1588 	EXP 	blank2_bg: autoDraw = False
1231.1706 	INFO 	Keyboard events cleared
1231.1703 	EXP 	target_text: autoDraw = True
1232.5058 	EXP 	Device response: <KeyPress from None: t=1232.503105123993, value=left, duration=None>
1232.5136 	DATA 	Keypress: left
1232.5179 	EXP 	fix_text: autoDraw = False
1232.5179 	EXP 	blank1_bg: autoDraw = False
1232.5179 	EXP 	prime_text: autoDraw = False
1232.5179 	EXP 	blank2_bg: autoDraw = False
1232.5179 	EXP 	target_text: autoDraw = False
1232.5179 	EXP 	greenCircle: autoDraw = True
1232.5179 	EXP 	redCrosss: autoDraw = True
1232.6384 	EXP 	Device response: <KeyPress from None: t=1232.503105123993, value=left, duration=0.12434258400753606>
1232.7036 	EXP 	blank3_bg: autoDraw = True
1232.7112 	EXP 	greenCircle: autoDraw = False
1232.7112 	EXP 	redCrosss: autoDraw = False
1233.4875 	EXP 	New trial (rep=21, index=14): <Trial 350 (14 in rep 21) data={'prime': 'The dog is barking loudly', 'target': 'The dog barking is loudly', 'condition': 'transposition_related', 'correctAns': 'right', 'thisN': 350, 'thisTrialN': 14, 'thisRepN': 21}>
1233.5029 	EXP 	blank3_bg: autoDraw = False
1233.5029 	EXP 	blank3_bg: autoDraw = False
1233.5029 	EXP 	greenCircle: autoDraw = False
1233.5029 	EXP 	redCrosss: autoDraw = False
1233.5029 	EXP 	prime_text: height = np.float64(0.05)
1233.5029 	EXP 	prime_text: height = np.float64(0.05)
1233.5029 	EXP 	prime_text: height = np.float64(0.05)
1233.5029 	EXP 	prime_text: text = 'The dog is barking loudly'
1233.5029 	EXP 	target_text: height = np.float64(0.05)
1233.5029 	EXP 	target_text: height = np.float64(0.05)
1233.5029 	EXP 	target_text: height = np.float64(0.05)
1233.5029 	EXP 	target_text: text = 'The dog barking is loudly'
1233.5202 	EXP 	fix_text: autoDraw = True
1233.7535 	EXP 	blank1_bg: autoDraw = True
1233.7609 	EXP 	fix_text: autoDraw = False
1233.9534 	EXP 	blank1_bg: autoDraw = False
1233.9534 	EXP 	prime_text: autoDraw = True
1234.1423 	EXP 	prime_text: autoDraw = False
1234.1536 	EXP 	blank2_bg: autoDraw = True
1234.2420 	EXP 	blank2_bg: autoDraw = False
1234.2542 	INFO 	Keyboard events cleared
1234.2539 	EXP 	target_text: autoDraw = True
1235.1890 	EXP 	Device response: <KeyPress from None: t=1235.179035416004, value=left, duration=None>
1235.1972 	DATA 	Keypress: left
1235.2014 	EXP 	fix_text: autoDraw = False
1235.2014 	EXP 	blank1_bg: autoDraw = False
1235.2014 	EXP 	prime_text: autoDraw = False
1235.2014 	EXP 	blank2_bg: autoDraw = False
1235.2014 	EXP 	target_text: autoDraw = False
1235.2014 	EXP 	greenCircle: autoDraw = True
1235.2014 	EXP 	redCrosss: autoDraw = True
1235.3050 	EXP 	Device response: <KeyPress from None: t=1235.179035416004, value=left, duration=0.1163322079955833>
1235.3857 	EXP 	blank3_bg: autoDraw = True
1235.3920 	EXP 	greenCircle: autoDraw = False
1235.3920 	EXP 	redCrosss: autoDraw = False
1236.1698 	EXP 	New trial (rep=21, index=15): <Trial 351 (15 in rep 21) data={'prime': 'The boy can read fast', 'target': 'The boy can read fast', 'condition': 'transposition_related', 'correctAns': 'right', 'thisN': 351, 'thisTrialN': 15, 'thisRepN': 21}>
1236.1854 	EXP 	blank3_bg: autoDraw = False
1236.1854 	EXP 	blank3_bg: autoDraw = False
1236.1854 	EXP 	greenCircle: autoDraw = False
1236.1854 	EXP 	redCrosss: autoDraw = False
1236.1854 	EXP 	prime_text: height = np.float64(0.05)
1236.1854 	EXP 	prime_text: height = np.float64(0.05)
1236.1854 	EXP 	prime_text: height = np.float64(0.05)
1236.1854 	EXP 	prime_text: text = 'The boy can read fast'
1236.1854 	EXP 	target_text: height = np.float64(0.05)
1236.1854 	EXP 	target_text: height = np.float64(0.05)
1236.1854 	EXP 	target_text: height = np.float64(0.05)
1236.1854 	EXP 	target_text: text = 'The boy can read fast'
1236.1899 	EXP 	fix_text: autoDraw = True
1236.4370 	EXP 	fix_text: autoDraw = False
1236.4370 	EXP 	blank1_bg: autoDraw = True
1236.6252 	EXP 	blank1_bg: autoDraw = False
1236.6372 	EXP 	prime_text: autoDraw = True
1236.8258 	EXP 	prime_text: autoDraw = False
1236.8370 	EXP 	blank2_bg: autoDraw = True
1236.9248 	EXP 	blank2_bg: autoDraw = False
1236.9373 	INFO 	Keyboard events cleared
1236.9371 	EXP 	target_text: autoDraw = True
1237.4608 	EXP 	Device response: <KeyPress from None: t=1237.4550084990042, value=right, duration=None>
1237.4680 	DATA 	Keypress: right
1237.4727 	EXP 	fix_text: autoDraw = False
1237.4727 	EXP 	blank1_bg: autoDraw = False
1237.4727 	EXP 	prime_text: autoDraw = False
1237.4727 	EXP 	blank2_bg: autoDraw = False
1237.4727 	EXP 	target_text: autoDraw = False
1237.4727 	EXP 	greenCircle: autoDraw = True
1237.4727 	EXP 	redCrosss: autoDraw = True
1237.6216 	EXP 	Device response: <KeyPress from None: t=1237.4550084990042, value=right, duration=0.16036962499492802>
1237.6619 	EXP 	blank3_bg: autoDraw = True
1237.6687 	EXP 	greenCircle: autoDraw = False
1237.6687 	EXP 	redCrosss: autoDraw = False
1238.4537 	EXP 	New trial (rep=22, index=0): <Trial 352 (0 in rep 22) data={'prime': 'The boy can read fast', 'target': 'The boy can read fast', 'condition': 'repetition_related', 'correctAns': 'right', 'thisN': 352, 'thisTrialN': 0, 'thisRepN': 22}>
1238.4599 	EXP 	blank3_bg: autoDraw = False
1238.4599 	EXP 	blank3_bg: autoDraw = False
1238.4599 	EXP 	greenCircle: autoDraw = False
1238.4599 	EXP 	redCrosss: autoDraw = False
1238.4599 	EXP 	prime_text: text = 'The boy can read fast'
1238.4599 	EXP 	target_text: text = 'The boy can read fast'
1238.4599 	EXP 	fix_text: autoDraw = True
1238.7033 	EXP 	fix_text: autoDraw = False
1238.7112 	EXP 	blank1_bg: autoDraw = True
1238.9035 	EXP 	blank1_bg: autoDraw = False
1238.9035 	EXP 	prime_text: autoDraw = True
1239.0917 	EXP 	prime_text: autoDraw = False
1239.1102 	EXP 	blank2_bg: autoDraw = True
1239.2037 	EXP 	blank2_bg: autoDraw = False
1239.2101 	INFO 	Keyboard events cleared
1239.2100 	EXP 	target_text: autoDraw = True
1239.8386 	EXP 	Device response: <KeyPress from None: t=1239.8319194990036, value=right, duration=None>
1239.8471 	DATA 	Keypress: right
1239.8513 	EXP 	fix_text: autoDraw = False
1239.8513 	EXP 	blank1_bg: autoDraw = False
1239.8513 	EXP 	prime_text: autoDraw = False
1239.8513 	EXP 	blank2_bg: autoDraw = False
1239.8513 	EXP 	target_text: autoDraw = False
1239.8513 	EXP 	greenCircle: autoDraw = True
1239.8513 	EXP 	redCrosss: autoDraw = True
1240.0354 	EXP 	blank3_bg: autoDraw = True
1240.0426 	EXP 	greenCircle: autoDraw = False
1240.0426 	EXP 	redCrosss: autoDraw = False
1240.0621 	EXP 	Device response: <KeyPress from None: t=1239.8319194990036, value=right, duration=0.2283447090012487>
1240.8211 	EXP 	New trial (rep=22, index=1): <Trial 353 (1 in rep 22) data={'prime': 'The boy can read fast', 'target': 'The read can boy fast', 'condition': 'repetition_unrelated', 'correctAns': 'left', 'thisN': 353, 'thisTrialN': 1, 'thisRepN': 22}>
1240.8322 	EXP 	blank3_bg: autoDraw = False
1240.8322 	EXP 	blank3_bg: autoDraw = False
1240.8322 	EXP 	greenCircle: autoDraw = False
1240.8322 	EXP 	redCrosss: autoDraw = False
1240.8322 	EXP 	prime_text: text = 'The boy can read fast'
1240.8322 	EXP 	target_text: height = np.float64(0.05)
1240.8322 	EXP 	target_text: height = np.float64(0.05)
1240.8322 	EXP 	target_text: height = np.float64(0.05)
1240.8322 	EXP 	target_text: text = 'The read can boy fast'
1240.8380 	EXP 	fix_text: autoDraw = True
1241.0872 	EXP 	fix_text: autoDraw = False
1241.0872 	EXP 	blank1_bg: autoDraw = True
1241.2867 	EXP 	blank1_bg: autoDraw = False
1241.2867 	EXP 	prime_text: autoDraw = True
1241.4755 	EXP 	prime_text: autoDraw = False
1241.4870 	EXP 	blank2_bg: autoDraw = True
1241.5752 	EXP 	blank2_bg: autoDraw = False
1241.5874 	INFO 	Keyboard events cleared
1241.5871 	EXP 	target_text: autoDraw = True
1243.1445 	EXP 	Device response: <KeyPress from None: t=1243.1378599989985, value=left, duration=None>
1243.1516 	DATA 	Keypress: left
1243.1562 	EXP 	fix_text: autoDraw = False
1243.1562 	EXP 	blank1_bg: autoDraw = False
1243.1562 	EXP 	prime_text: autoDraw = False
1243.1562 	EXP 	blank2_bg: autoDraw = False
1243.1562 	EXP 	target_text: autoDraw = False
1243.1562 	EXP 	greenCircle: autoDraw = True
1243.1562 	EXP 	redCrosss: autoDraw = True
1243.3221 	EXP 	Device response: <KeyPress from None: t=1243.1378599989985, value=left, duration=0.1763645839964738>
1243.3367 	EXP 	blank3_bg: autoDraw = True
1243.3522 	EXP 	greenCircle: autoDraw = False
1243.3522 	EXP 	redCrosss: autoDraw = False
1244.1277 	EXP 	New trial (rep=22, index=2): <Trial 354 (2 in rep 22) data={'prime': 'The dog is barking loudly', 'target': 'The dog barking is loudly', 'condition': 'transposition_related', 'correctAns': 'right', 'thisN': 354, 'thisTrialN': 2, 'thisRepN': 22}>
1244.1425 	EXP 	blank3_bg: autoDraw = False
1244.1425 	EXP 	blank3_bg: autoDraw = False
1244.1425 	EXP 	greenCircle: autoDraw = False
1244.1425 	EXP 	redCrosss: autoDraw = False
1244.1425 	EXP 	prime_text: height = np.float64(0.05)
1244.1425 	EXP 	prime_text: height = np.float64(0.05)
1244.1425 	EXP 	prime_text: height = np.float64(0.05)
1244.1425 	EXP 	prime_text: text = 'The dog is barking loudly'
1244.1425 	EXP 	target_text: height = np.float64(0.05)
1244.1425 	EXP 	target_text: height = np.float64(0.05)
1244.1425 	EXP 	target_text: height = np.float64(0.05)
1244.1425 	EXP 	target_text: text = 'The dog barking is loudly'
1244.1425 	EXP 	fix_text: autoDraw = True
1244.3870 	EXP 	fix_text: autoDraw = False
1244.3952 	EXP 	blank1_bg: autoDraw = True
1244.4933 	EXP 	Device response: <KeyPress from None: t=1244.4898897079984, value=left, duration=None>
1244.4975 	DATA 	Keypress: left
1244.5858 	EXP 	blank1_bg: autoDraw = False
1244.5858 	EXP 	prime_text: autoDraw = True
1244.6219 	EXP 	Device response: <KeyPress from None: t=1244.4898897079984, value=left, duration=0.12833541599684395>
1244.7215 	EXP 	Device response: <KeyPress from None: t=1244.7167716239928, value=left, duration=None>
1244.7303 	DATA 	Keypress: left
1244.7755 	EXP 	prime_text: autoDraw = False
1244.7934 	EXP 	blank2_bg: autoDraw = True
1244.8439 	EXP 	Device response: <KeyPress from None: t=1244.7167716239928, value=left, duration=0.12437687499914318>
1244.8870 	EXP 	blank2_bg: autoDraw = False
1244.8933 	INFO 	Keyboard events cleared
1244.8932 	EXP 	target_text: autoDraw = True
1244.9263 	EXP 	Device response: <KeyPress from None: t=1244.9237904990005, value=left, duration=None>
1244.9337 	DATA 	Keypress: left
1244.9390 	EXP 	fix_text: autoDraw = False
1244.9390 	EXP 	blank1_bg: autoDraw = False
1244.9390 	EXP 	prime_text: autoDraw = False
1244.9390 	EXP 	blank2_bg: autoDraw = False
1244.9390 	EXP 	target_text: autoDraw = False
1244.9390 	EXP 	greenCircle: autoDraw = True
1244.9390 	EXP 	redCrosss: autoDraw = True
1245.0552 	EXP 	Device response: <KeyPress from None: t=1244.9237904990005, value=left, duration=0.12439670899766497>
1245.1202 	EXP 	blank3_bg: autoDraw = True
1245.1358 	EXP 	greenCircle: autoDraw = False
1245.1358 	EXP 	redCrosss: autoDraw = False
1245.1374 	EXP 	Device response: <KeyPress from None: t=1245.1338526659965, value=left, duration=None>
1245.1487 	DATA 	Keypress: left
1245.2619 	EXP 	Device response: <KeyPress from None: t=1245.1338526659965, value=left, duration=0.1203039170068223>
1245.3284 	EXP 	Device response: <KeyPress from None: t=1245.3218196660018, value=left, duration=None>
1245.3331 	DATA 	Keypress: left
1245.4370 	EXP 	Device response: <KeyPress from None: t=1245.3218196660018, value=left, duration=0.11231720799696632>
1245.5055 	EXP 	Device response: <KeyPress from None: t=1245.5018377079978, value=left, duration=None>
1245.5164 	DATA 	Keypress: left
1245.6380 	EXP 	Device response: <KeyPress from None: t=1245.5018377079978, value=left, duration=0.12831054099660832>
1245.9095 	EXP 	New trial (rep=22, index=3): <Trial 355 (3 in rep 22) data={'prime': 'They have finished the work', 'target': 'They work the have finished', 'condition': 'transposition_unrelated', 'correctAns': 'left', 'thisN': 355, 'thisTrialN': 3, 'thisRepN': 22}>
1245.9233 	EXP 	blank3_bg: autoDraw = False
1245.9233 	EXP 	blank3_bg: autoDraw = False
1245.9233 	EXP 	greenCircle: autoDraw = False
1245.9233 	EXP 	redCrosss: autoDraw = False
1245.9233 	EXP 	prime_text: height = np.float64(0.05)
1245.9233 	EXP 	prime_text: height = np.float64(0.05)
1245.9233 	EXP 	prime_text: height = np.float64(0.05)
1245.9233 	EXP 	prime_text: text = 'They have finished the work'
1245.9233 	EXP 	target_text: height = np.float64(0.05)
1245.9233 	EXP 	target_text: height = np.float64(0.05)
1245.9233 	EXP 	target_text: height = np.float64(0.05)
1245.9233 	EXP 	target_text: text = 'They work the have finished'
1245.9233 	EXP 	fix_text: autoDraw = True
1246.1703 	EXP 	fix_text: autoDraw = False
1246.1703 	EXP 	blank1_bg: autoDraw = True
1246.3576 	EXP 	blank1_bg: autoDraw = False
1246.3769 	EXP 	prime_text: autoDraw = True
1246.5767 	EXP 	prime_text: autoDraw = False
1246.5767 	EXP 	blank2_bg: autoDraw = True
1246.6706 	INFO 	Keyboard events cleared
1246.6704 	EXP 	blank2_bg: autoDraw = False
1246.6704 	EXP 	target_text: autoDraw = True
1247.7608 	EXP 	Device response: <KeyPress from None: t=1247.7567881659925, value=left, duration=None>
1247.7685 	DATA 	Keypress: left
1247.7729 	EXP 	fix_text: autoDraw = False
1247.7729 	EXP 	blank1_bg: autoDraw = False
1247.7729 	EXP 	prime_text: autoDraw = False
1247.7729 	EXP 	blank2_bg: autoDraw = False
1247.7729 	EXP 	target_text: autoDraw = False
1247.7729 	EXP 	greenCircle: autoDraw = True
1247.7729 	EXP 	redCrosss: autoDraw = True
1247.8942 	EXP 	Device response: <KeyPress from None: t=1247.7567881659925, value=left, duration=0.13627154201094527>
1247.9624 	EXP 	blank3_bg: autoDraw = True
1247.9687 	EXP 	greenCircle: autoDraw = False
1247.9687 	EXP 	redCrosss: autoDraw = False
1247.9766 	EXP 	Device response: <KeyPress from None: t=1247.9717668329977, value=left, duration=None>
1247.9807 	DATA 	Keypress: left
1248.1038 	EXP 	Device response: <KeyPress from None: t=1247.9717668329977, value=left, duration=0.12429812499613035>
1248.1882 	EXP 	Device response: <KeyPress from None: t=1248.180784999, value=left, duration=None>
1248.1932 	DATA 	Keypress: left
1248.2953 	EXP 	Device response: <KeyPress from None: t=1248.180784999, value=left, duration=0.10834712500218302>
1248.3614 	EXP 	Device response: <KeyPress from None: t=1248.3557464990008, value=left, duration=None>
1248.3659 	DATA 	Keypress: left
1248.4962 	EXP 	Device response: <KeyPress from None: t=1248.3557464990008, value=left, duration=0.13235262500529643>
1248.5721 	EXP 	Device response: <KeyPress from None: t=1248.5698115830019, value=left, duration=None>
1248.5833 	DATA 	Keypress: left
1248.7041 	EXP 	Device response: <KeyPress from None: t=1248.5698115830019, value=left, duration=0.1322022910026135>
1248.7532 	EXP 	New trial (rep=22, index=4): <Trial 356 (4 in rep 22) data={'prime': 'They have finished the work', 'target': 'They finished have the work', 'condition': 'repetition_unrelated', 'correctAns': 'left', 'thisN': 356, 'thisTrialN': 4, 'thisRepN': 22}>
1248.7659 	EXP 	blank3_bg: autoDraw = False
1248.7659 	EXP 	blank3_bg: autoDraw = False
1248.7659 	EXP 	greenCircle: autoDraw = False
1248.7659 	EXP 	redCrosss: autoDraw = False
1248.7659 	EXP 	prime_text: text = 'They have finished the work'
1248.7659 	EXP 	target_text: height = np.float64(0.05)
1248.7659 	EXP 	target_text: height = np.float64(0.05)
1248.7659 	EXP 	target_text: height = np.float64(0.05)
1248.7659 	EXP 	target_text: text = 'They finished have the work'
1248.7659 	EXP 	fix_text: autoDraw = True
1249.0112 	EXP 	fix_text: autoDraw = False
1249.0112 	EXP 	blank1_bg: autoDraw = True
1249.2080 	EXP 	blank1_bg: autoDraw = False
1249.2080 	EXP 	prime_text: autoDraw = True
1249.4037 	EXP 	prime_text: autoDraw = False
1249.4101 	EXP 	blank2_bg: autoDraw = True
1249.5035 	EXP 	blank2_bg: autoDraw = False
1249.5098 	INFO 	Keyboard events cleared
1249.5096 	EXP 	target_text: autoDraw = True
1251.5048 	EXP 	Device response: <KeyPress from None: t=1251.4947237489978, value=left, duration=None>
1251.5124 	DATA 	Keypress: left
1251.5165 	EXP 	fix_text: autoDraw = False
1251.5165 	EXP 	blank1_bg: autoDraw = False
1251.5165 	EXP 	prime_text: autoDraw = False
1251.5165 	EXP 	blank2_bg: autoDraw = False
1251.5165 	EXP 	target_text: autoDraw = False
1251.5165 	EXP 	greenCircle: autoDraw = True
1251.5165 	EXP 	redCrosss: autoDraw = True
1251.6549 	EXP 	Device response: <KeyPress from None: t=1251.4947237489978, value=left, duration=0.15232854199712165>
1251.7035 	EXP 	blank3_bg: autoDraw = True
1251.7111 	EXP 	greenCircle: autoDraw = False
1251.7111 	EXP 	redCrosss: autoDraw = False
1251.7386 	EXP 	Device response: <KeyPress from None: t=1251.736682207993, value=left, duration=None>
1251.7498 	DATA 	Keypress: left
1251.8595 	EXP 	Device response: <KeyPress from None: t=1251.736682207993, value=left, duration=0.11617941599979531>
1251.9708 	EXP 	Device response: <KeyPress from None: t=1251.961688416006, value=left, duration=None>
1251.9754 	DATA 	Keypress: left
1252.0887 	EXP 	Device response: <KeyPress from None: t=1251.961688416006, value=left, duration=0.1162574169866275>
1252.4927 	EXP 	New trial (rep=22, index=5): <Trial 357 (5 in rep 22) data={'prime': 'The dog is barking loudly', 'target': 'The barking dog loudly is', 'condition': 'transposition_unrelated', 'correctAns': 'left', 'thisN': 357, 'thisTrialN': 5, 'thisRepN': 22}>
1252.5069 	EXP 	blank3_bg: autoDraw = False
1252.5069 	EXP 	blank3_bg: autoDraw = False
1252.5069 	EXP 	greenCircle: autoDraw = False
1252.5069 	EXP 	redCrosss: autoDraw = False
1252.5069 	EXP 	prime_text: height = np.float64(0.05)
1252.5069 	EXP 	prime_text: height = np.float64(0.05)
1252.5069 	EXP 	prime_text: height = np.float64(0.05)
1252.5069 	EXP 	prime_text: text = 'The dog is barking loudly'
1252.5069 	EXP 	target_text: height = np.float64(0.05)
1252.5069 	EXP 	target_text: height = np.float64(0.05)
1252.5069 	EXP 	target_text: height = np.float64(0.05)
1252.5069 	EXP 	target_text: text = 'The barking dog loudly is'
1252.5069 	EXP 	fix_text: autoDraw = True
1252.7529 	EXP 	fix_text: autoDraw = False
1252.7529 	EXP 	blank1_bg: autoDraw = True
1252.9396 	EXP 	blank1_bg: autoDraw = False
1252.9538 	EXP 	prime_text: autoDraw = True
1253.1418 	EXP 	prime_text: autoDraw = False
1253.1535 	EXP 	blank2_bg: autoDraw = True
1253.2424 	EXP 	blank2_bg: autoDraw = False
1253.2537 	INFO 	Keyboard events cleared
1253.2535 	EXP 	target_text: autoDraw = True
1253.9946 	EXP 	Device response: <KeyPress from None: t=1253.9896540409973, value=left, duration=None>
1254.0019 	DATA 	Keypress: left
1254.0062 	EXP 	fix_text: autoDraw = False
1254.0062 	EXP 	blank1_bg: autoDraw = False
1254.0062 	EXP 	prime_text: autoDraw = False
1254.0062 	EXP 	blank2_bg: autoDraw = False
1254.0062 	EXP 	target_text: autoDraw = False
1254.0062 	EXP 	greenCircle: autoDraw = True
1254.0062 	EXP 	redCrosss: autoDraw = True
1254.1555 	EXP 	Device response: <KeyPress from None: t=1253.9896540409973, value=left, duration=0.1563091669959249>
1254.1945 	EXP 	blank3_bg: autoDraw = True
1254.2021 	EXP 	greenCircle: autoDraw = False
1254.2021 	EXP 	redCrosss: autoDraw = False
1254.9882 	EXP 	New trial (rep=22, index=6): <Trial 358 (6 in rep 22) data={'prime': 'She does not like apples', 'target': 'She not does like apples', 'condition': 'transposition_related', 'correctAns': 'right', 'thisN': 358, 'thisTrialN': 6, 'thisRepN': 22}>
1255.0049 	EXP 	blank3_bg: autoDraw = False
1255.0049 	EXP 	blank3_bg: autoDraw = False
1255.0049 	EXP 	greenCircle: autoDraw = False
1255.0049 	EXP 	redCrosss: autoDraw = False
1255.0049 	EXP 	prime_text: height = np.float64(0.05)
1255.0049 	EXP 	prime_text: height = np.float64(0.05)
1255.0049 	EXP 	prime_text: height = np.float64(0.05)
1255.0049 	EXP 	prime_text: text = 'She does not like apples'
1255.0049 	EXP 	target_text: height = np.float64(0.05)
1255.0049 	EXP 	target_text: height = np.float64(0.05)
1255.0049 	EXP 	target_text: height = np.float64(0.05)
1255.0049 	EXP 	target_text: text = 'She not does like apples'
1255.0049 	EXP 	fix_text: autoDraw = True
1255.2466 	EXP 	blank1_bg: autoDraw = True
1255.2529 	EXP 	fix_text: autoDraw = False
1255.4356 	EXP 	prime_text: autoDraw = True
1255.4408 	EXP 	blank1_bg: autoDraw = False
1255.6253 	EXP 	prime_text: autoDraw = False
1255.6419 	EXP 	blank2_bg: autoDraw = True
1255.7370 	EXP 	blank2_bg: autoDraw = False
1255.7439 	INFO 	Keyboard events cleared
1255.7437 	EXP 	target_text: autoDraw = True
1256.3277 	EXP 	Device response: <KeyPress from None: t=1256.3225250410032, value=left, duration=None>
1256.3347 	DATA 	Keypress: left
1256.3394 	EXP 	fix_text: autoDraw = False
1256.3394 	EXP 	blank1_bg: autoDraw = False
1256.3394 	EXP 	prime_text: autoDraw = False
1256.3394 	EXP 	blank2_bg: autoDraw = False
1256.3394 	EXP 	target_text: autoDraw = False
1256.3394 	EXP 	greenCircle: autoDraw = True
1256.3394 	EXP 	redCrosss: autoDraw = True
1256.4607 	EXP 	Device response: <KeyPress from None: t=1256.3225250410032, value=left, duration=0.1363342919939896>
1256.5294 	EXP 	blank3_bg: autoDraw = True
1256.5359 	EXP 	greenCircle: autoDraw = False
1256.5359 	EXP 	redCrosss: autoDraw = False
1257.3192 	EXP 	New trial (rep=22, index=7): <Trial 359 (7 in rep 22) data={'prime': 'They have finished the work', 'target': 'They finished have the work', 'condition': 'transposition_related', 'correctAns': 'right', 'thisN': 359, 'thisTrialN': 7, 'thisRepN': 22}>
1257.3343 	EXP 	blank3_bg: autoDraw = False
1257.3343 	EXP 	blank3_bg: autoDraw = False
1257.3343 	EXP 	greenCircle: autoDraw = False
1257.3343 	EXP 	redCrosss: autoDraw = False
1257.3343 	EXP 	prime_text: height = np.float64(0.05)
1257.3343 	EXP 	prime_text: height = np.float64(0.05)
1257.3343 	EXP 	prime_text: height = np.float64(0.05)
1257.3343 	EXP 	prime_text: text = 'They have finished the work'
1257.3343 	EXP 	target_text: height = np.float64(0.05)
1257.3343 	EXP 	target_text: height = np.float64(0.05)
1257.3343 	EXP 	target_text: height = np.float64(0.05)
1257.3343 	EXP 	target_text: text = 'They finished have the work'
1257.3343 	EXP 	fix_text: autoDraw = True
1257.5788 	EXP 	fix_text: autoDraw = False
1257.5788 	EXP 	blank1_bg: autoDraw = True
1257.7691 	EXP 	prime_text: autoDraw = True
1257.7737 	EXP 	blank1_bg: autoDraw = False
1257.9589 	EXP 	prime_text: autoDraw = False
1257.9775 	EXP 	blank2_bg: autoDraw = True
1258.0704 	EXP 	blank2_bg: autoDraw = False
1258.0772 	INFO 	Keyboard events cleared
1258.0771 	EXP 	target_text: autoDraw = True
1259.0550 	EXP 	Device response: <KeyPress from None: t=1259.0534911239956, value=left, duration=None>
1259.0628 	DATA 	Keypress: left
1259.0670 	EXP 	fix_text: autoDraw = False
1259.0670 	EXP 	blank1_bg: autoDraw = False
1259.0670 	EXP 	prime_text: autoDraw = False
1259.0670 	EXP 	blank2_bg: autoDraw = False
1259.0670 	EXP 	target_text: autoDraw = False
1259.0670 	EXP 	greenCircle: autoDraw = True
1259.0670 	EXP 	redCrosss: autoDraw = True
1259.2052 	EXP 	Device response: <KeyPress from None: t=1259.0534911239956, value=left, duration=0.14026516700687353>
1259.2536 	EXP 	blank3_bg: autoDraw = True
1259.2611 	EXP 	greenCircle: autoDraw = False
1259.2611 	EXP 	redCrosss: autoDraw = False
1260.0378 	EXP 	New trial (rep=22, index=8): <Trial 360 (8 in rep 22) data={'prime': 'The boy can read fast', 'target': 'The boy can read fast', 'condition': 'transposition_related', 'correctAns': 'right', 'thisN': 360, 'thisTrialN': 8, 'thisRepN': 22}>
1260.0535 	EXP 	blank3_bg: autoDraw = False
1260.0535 	EXP 	blank3_bg: autoDraw = False
1260.0535 	EXP 	greenCircle: autoDraw = False
1260.0535 	EXP 	redCrosss: autoDraw = False
1260.0535 	EXP 	prime_text: height = np.float64(0.05)
1260.0535 	EXP 	prime_text: height = np.float64(0.05)
1260.0535 	EXP 	prime_text: height = np.float64(0.05)
1260.0535 	EXP 	prime_text: text = 'The boy can read fast'
1260.0535 	EXP 	target_text: height = np.float64(0.05)
1260.0535 	EXP 	target_text: height = np.float64(0.05)
1260.0535 	EXP 	target_text: height = np.float64(0.05)
1260.0535 	EXP 	target_text: text = 'The boy can read fast'
1260.0703 	EXP 	fix_text: autoDraw = True
1260.3035 	EXP 	blank1_bg: autoDraw = True
1260.3107 	EXP 	fix_text: autoDraw = False
1260.5036 	EXP 	blank1_bg: autoDraw = False
1260.5036 	EXP 	prime_text: autoDraw = True
1260.6921 	EXP 	prime_text: autoDraw = False
1260.7038 	EXP 	blank2_bg: autoDraw = True
1260.7919 	EXP 	blank2_bg: autoDraw = False
1260.8039 	INFO 	Keyboard events cleared
1260.8037 	EXP 	target_text: autoDraw = True
1261.2445 	EXP 	Device response: <KeyPress from None: t=1261.2374320829986, value=right, duration=None>
1261.2515 	DATA 	Keypress: right
1261.2562 	EXP 	fix_text: autoDraw = False
1261.2562 	EXP 	blank1_bg: autoDraw = False
1261.2562 	EXP 	prime_text: autoDraw = False
1261.2562 	EXP 	blank2_bg: autoDraw = False
1261.2562 	EXP 	target_text: autoDraw = False
1261.2562 	EXP 	greenCircle: autoDraw = True
1261.2562 	EXP 	redCrosss: autoDraw = True
1261.4221 	EXP 	Device response: <KeyPress from None: t=1261.2374320829986, value=right, duration=0.17638341599376872>
1261.4359 	EXP 	blank3_bg: autoDraw = True
1261.4534 	EXP 	greenCircle: autoDraw = False
1261.4534 	EXP 	redCrosss: autoDraw = False
1262.2197 	EXP 	New trial (rep=22, index=9): <Trial 361 (9 in rep 22) data={'prime': 'She does not like apples', 'target': 'She not does like apples', 'condition': 'repetition_unrelated', 'correctAns': 'left', 'thisN': 361, 'thisTrialN': 9, 'thisRepN': 22}>
1262.2356 	EXP 	blank3_bg: autoDraw = False
1262.2356 	EXP 	blank3_bg: autoDraw = False
1262.2356 	EXP 	greenCircle: autoDraw = False
1262.2356 	EXP 	redCrosss: autoDraw = False
1262.2356 	EXP 	prime_text: height = np.float64(0.05)
1262.2356 	EXP 	prime_text: height = np.float64(0.05)
1262.2356 	EXP 	prime_text: height = np.float64(0.05)
1262.2356 	EXP 	prime_text: text = 'She does not like apples'
1262.2356 	EXP 	target_text: height = np.float64(0.05)
1262.2356 	EXP 	target_text: height = np.float64(0.05)
1262.2356 	EXP 	target_text: height = np.float64(0.05)
1262.2356 	EXP 	target_text: text = 'She not does like apples'
1262.2403 	EXP 	fix_text: autoDraw = True
1262.4868 	EXP 	fix_text: autoDraw = False
1262.4942 	EXP 	blank1_bg: autoDraw = True
1262.6865 	EXP 	blank1_bg: autoDraw = False
1262.6865 	EXP 	prime_text: autoDraw = True
1262.8751 	EXP 	prime_text: autoDraw = False
1262.8934 	EXP 	blank2_bg: autoDraw = True
1262.9935 	INFO 	Keyboard events cleared
1262.9934 	EXP 	blank2_bg: autoDraw = False
1262.9934 	EXP 	target_text: autoDraw = True
1263.7554 	EXP 	Device response: <KeyPress from None: t=1263.7463736659993, value=left, duration=None>
1263.7634 	DATA 	Keypress: left
1263.7676 	EXP 	fix_text: autoDraw = False
1263.7676 	EXP 	blank1_bg: autoDraw = False
1263.7676 	EXP 	prime_text: autoDraw = False
1263.7676 	EXP 	blank2_bg: autoDraw = False
1263.7676 	EXP 	target_text: autoDraw = False
1263.7676 	EXP 	greenCircle: autoDraw = True
1263.7676 	EXP 	redCrosss: autoDraw = True
1263.9046 	EXP 	Device response: <KeyPress from None: t=1263.7463736659993, value=left, duration=0.14828983299958054>
1263.9534 	EXP 	blank3_bg: autoDraw = True
1263.9614 	EXP 	greenCircle: autoDraw = False
1263.9614 	EXP 	redCrosss: autoDraw = False
1264.7426 	EXP 	New trial (rep=22, index=10): <Trial 362 (10 in rep 22) data={'prime': 'The boy can read fast', 'target': 'The read can boy fast', 'condition': 'transposition_unrelated', 'correctAns': 'left', 'thisN': 362, 'thisTrialN': 10, 'thisRepN': 22}>
1264.7585 	EXP 	blank3_bg: autoDraw = False
1264.7585 	EXP 	blank3_bg: autoDraw = False
1264.7585 	EXP 	greenCircle: autoDraw = False
1264.7585 	EXP 	redCrosss: autoDraw = False
1264.7585 	EXP 	prime_text: height = np.float64(0.05)
1264.7585 	EXP 	prime_text: height = np.float64(0.05)
1264.7585 	EXP 	prime_text: height = np.float64(0.05)
1264.7585 	EXP 	prime_text: text = 'The boy can read fast'
1264.7585 	EXP 	target_text: height = np.float64(0.05)
1264.7585 	EXP 	target_text: height = np.float64(0.05)
1264.7585 	EXP 	target_text: height = np.float64(0.05)
1264.7585 	EXP 	target_text: text = 'The read can boy fast'
1264.7585 	EXP 	fix_text: autoDraw = True
1265.0032 	EXP 	fix_text: autoDraw = False
1265.0032 	EXP 	blank1_bg: autoDraw = True
1265.1895 	EXP 	blank1_bg: autoDraw = False
1265.2033 	EXP 	prime_text: autoDraw = True
1265.3922 	EXP 	prime_text: autoDraw = False
1265.4036 	EXP 	blank2_bg: autoDraw = True
1265.4909 	EXP 	blank2_bg: autoDraw = False
1265.5036 	INFO 	Keyboard events cleared
1265.5034 	EXP 	target_text: autoDraw = True
1266.1721 	EXP 	Device response: <KeyPress from None: t=1266.1622245409962, value=left, duration=None>
1266.1793 	DATA 	Keypress: left
1266.1853 	EXP 	fix_text: autoDraw = False
1266.1853 	EXP 	blank1_bg: autoDraw = False
1266.1853 	EXP 	prime_text: autoDraw = False
1266.1853 	EXP 	blank2_bg: autoDraw = False
1266.1853 	EXP 	target_text: autoDraw = False
1266.1853 	EXP 	greenCircle: autoDraw = True
1266.1853 	EXP 	redCrosss: autoDraw = True
1266.3111 	EXP 	Device response: <KeyPress from None: t=1266.1622245409962, value=left, duration=0.1444235000089975>
1266.3692 	EXP 	blank3_bg: autoDraw = True
1266.3755 	EXP 	greenCircle: autoDraw = False
1266.3755 	EXP 	redCrosss: autoDraw = False
1267.1543 	EXP 	New trial (rep=22, index=11): <Trial 363 (11 in rep 22) data={'prime': 'They have finished the work', 'target': 'They have finished the work', 'condition': 'repetition_related', 'correctAns': 'right', 'thisN': 363, 'thisTrialN': 11, 'thisRepN': 22}>
1267.1700 	EXP 	blank3_bg: autoDraw = False
1267.1700 	EXP 	blank3_bg: autoDraw = False
1267.1700 	EXP 	greenCircle: autoDraw = False
1267.1700 	EXP 	redCrosss: autoDraw = False
1267.1700 	EXP 	prime_text: height = np.float64(0.05)
1267.1700 	EXP 	prime_text: height = np.float64(0.05)
1267.1700 	EXP 	prime_text: height = np.float64(0.05)
1267.1700 	EXP 	prime_text: text = 'They have finished the work'
1267.1700 	EXP 	target_text: height = np.float64(0.05)
1267.1700 	EXP 	target_text: height = np.float64(0.05)
1267.1700 	EXP 	target_text: height = np.float64(0.05)
1267.1700 	EXP 	target_text: text = 'They have finished the work'
1267.1754 	EXP 	fix_text: autoDraw = True
1267.4199 	EXP 	fix_text: autoDraw = False
1267.4199 	EXP 	blank1_bg: autoDraw = True
1267.6076 	EXP 	blank1_bg: autoDraw = False
1267.6206 	EXP 	prime_text: autoDraw = True
1267.8076 	EXP 	prime_text: autoDraw = False
1267.8201 	EXP 	blank2_bg: autoDraw = True
1267.9078 	EXP 	blank2_bg: autoDraw = False
1267.9205 	INFO 	Keyboard events cleared
1267.9203 	EXP 	target_text: autoDraw = True
1268.7608 	EXP 	Device response: <KeyPress from None: t=1268.7572232490056, value=right, duration=None>
1268.7684 	DATA 	Keypress: right
1268.7733 	EXP 	fix_text: autoDraw = False
1268.7733 	EXP 	blank1_bg: autoDraw = False
1268.7733 	EXP 	prime_text: autoDraw = False
1268.7733 	EXP 	blank2_bg: autoDraw = False
1268.7733 	EXP 	target_text: autoDraw = False
1268.7733 	EXP 	greenCircle: autoDraw = True
1268.7733 	EXP 	redCrosss: autoDraw = True
1268.9276 	EXP 	Device response: <KeyPress from None: t=1268.7572232490056, value=right, duration=0.1644401669909712>
1268.9616 	EXP 	blank3_bg: autoDraw = True
1268.9687 	EXP 	greenCircle: autoDraw = False
1268.9687 	EXP 	redCrosss: autoDraw = False
1269.7551 	EXP 	Device response: <KeyPress from None: t=1269.7432393740019, value=right, duration=None>
1269.7555 	EXP 	New trial (rep=22, index=12): <Trial 364 (12 in rep 22) data={'prime': 'The dog is barking loudly', 'target': 'The dog is barking loudly', 'condition': 'repetition_related', 'correctAns': 'right', 'thisN': 364, 'thisTrialN': 12, 'thisRepN': 22}>
1269.7704 	DATA 	Keypress: right
1269.7745 	EXP 	blank3_bg: autoDraw = False
1269.7745 	EXP 	blank3_bg: autoDraw = False
1269.7745 	EXP 	greenCircle: autoDraw = False
1269.7745 	EXP 	redCrosss: autoDraw = False
1269.7745 	EXP 	prime_text: height = np.float64(0.05)
1269.7745 	EXP 	prime_text: height = np.float64(0.05)
1269.7745 	EXP 	prime_text: height = np.float64(0.05)
1269.7745 	EXP 	prime_text: text = 'The dog is barking loudly'
1269.7745 	EXP 	target_text: height = np.float64(0.05)
1269.7745 	EXP 	target_text: height = np.float64(0.05)
1269.7745 	EXP 	target_text: height = np.float64(0.05)
1269.7745 	EXP 	target_text: text = 'The dog is barking loudly'
1269.7745 	EXP 	fix_text: autoDraw = True
1269.8550 	EXP 	Device response: <KeyPress from None: t=1269.7432393740019, value=right, duration=0.10434929199982435>
1270.0115 	EXP 	blank1_bg: autoDraw = True
1270.0127 	EXP 	Device response: <KeyPress from None: t=1270.0062094159948, value=right, duration=None>
1270.0163 	DATA 	Keypress: right
1270.0230 	EXP 	fix_text: autoDraw = False
1270.1938 	EXP 	Device response: <KeyPress from None: t=1270.0062094159948, value=right, duration=0.18032408300496172>
1270.2075 	EXP 	blank1_bg: autoDraw = False
1270.2075 	EXP 	prime_text: autoDraw = True
1270.4036 	EXP 	prime_text: autoDraw = False
1270.4100 	EXP 	blank2_bg: autoDraw = True
1270.5037 	EXP 	blank2_bg: autoDraw = False
1270.5107 	INFO 	Keyboard events cleared
1270.5105 	EXP 	target_text: autoDraw = True
1271.4216 	EXP 	Device response: <KeyPress from None: t=1271.4182281660032, value=right, duration=None>
1271.4291 	DATA 	Keypress: right
1271.4332 	EXP 	fix_text: autoDraw = False
1271.4332 	EXP 	blank1_bg: autoDraw = False
1271.4332 	EXP 	prime_text: autoDraw = False
1271.4332 	EXP 	blank2_bg: autoDraw = False
1271.4332 	EXP 	target_text: autoDraw = False
1271.4332 	EXP 	greenCircle: autoDraw = True
1271.4332 	EXP 	redCrosss: autoDraw = True
1271.6187 	EXP 	blank3_bg: autoDraw = True
1271.6200 	EXP 	Device response: <KeyPress from None: t=1271.4182281660032, value=right, duration=0.20027920800202992>
1271.6275 	EXP 	greenCircle: autoDraw = False
1271.6275 	EXP 	redCrosss: autoDraw = False
1272.4035 	EXP 	New trial (rep=22, index=13): <Trial 365 (13 in rep 22) data={'prime': 'She does not like apples', 'target': 'She does not like apples', 'condition': 'repetition_related', 'correctAns': 'right', 'thisN': 365, 'thisTrialN': 13, 'thisRepN': 22}>
1272.4193 	EXP 	blank3_bg: autoDraw = False
1272.4193 	EXP 	blank3_bg: autoDraw = False
1272.4193 	EXP 	greenCircle: autoDraw = False
1272.4193 	EXP 	redCrosss: autoDraw = False
1272.4193 	EXP 	prime_text: height = np.float64(0.05)
1272.4193 	EXP 	prime_text: height = np.float64(0.05)
1272.4193 	EXP 	prime_text: height = np.float64(0.05)
1272.4193 	EXP 	prime_text: text = 'She does not like apples'
1272.4193 	EXP 	target_text: height = np.float64(0.05)
1272.4193 	EXP 	target_text: height = np.float64(0.05)
1272.4193 	EXP 	target_text: height = np.float64(0.05)
1272.4193 	EXP 	target_text: text = 'She does not like apples'
1272.4238 	EXP 	fix_text: autoDraw = True
1272.6701 	EXP 	fix_text: autoDraw = False
1272.6701 	EXP 	blank1_bg: autoDraw = True
1272.8585 	EXP 	blank1_bg: autoDraw = False
1272.8701 	EXP 	prime_text: autoDraw = True
1273.0584 	EXP 	prime_text: autoDraw = False
1273.0704 	EXP 	blank2_bg: autoDraw = True
1273.1578 	EXP 	blank2_bg: autoDraw = False
1273.1703 	INFO 	Keyboard events cleared
1273.1702 	EXP 	target_text: autoDraw = True
1273.9381 	EXP 	Device response: <KeyPress from None: t=1273.9290659989929, value=right, duration=None>
1273.9446 	DATA 	Keypress: right
1273.9486 	EXP 	fix_text: autoDraw = False
1273.9486 	EXP 	blank1_bg: autoDraw = False
1273.9486 	EXP 	prime_text: autoDraw = False
1273.9486 	EXP 	blank2_bg: autoDraw = False
1273.9486 	EXP 	target_text: autoDraw = False
1273.9486 	EXP 	greenCircle: autoDraw = True
1273.9486 	EXP 	redCrosss: autoDraw = True
1274.1053 	EXP 	Device response: <KeyPress from None: t=1273.9290659989929, value=right, duration=0.1724252500134753>
1274.1370 	EXP 	blank3_bg: autoDraw = True
1274.1449 	EXP 	greenCircle: autoDraw = False
1274.1449 	EXP 	redCrosss: autoDraw = False
1274.9208 	EXP 	New trial (rep=22, index=14): <Trial 366 (14 in rep 22) data={'prime': 'The dog is barking loudly', 'target': 'The loudly is barking dog', 'condition': 'repetition_unrelated', 'correctAns': 'left', 'thisN': 366, 'thisTrialN': 14, 'thisRepN': 22}>
1274.9360 	EXP 	blank3_bg: autoDraw = False
1274.9360 	EXP 	blank3_bg: autoDraw = False
1274.9360 	EXP 	greenCircle: autoDraw = False
1274.9360 	EXP 	redCrosss: autoDraw = False
1274.9360 	EXP 	prime_text: height = np.float64(0.05)
1274.9360 	EXP 	prime_text: height = np.float64(0.05)
1274.9360 	EXP 	prime_text: height = np.float64(0.05)
1274.9360 	EXP 	prime_text: text = 'The dog is barking loudly'
1274.9360 	EXP 	target_text: height = np.float64(0.05)
1274.9360 	EXP 	target_text: height = np.float64(0.05)
1274.9360 	EXP 	target_text: height = np.float64(0.05)
1274.9360 	EXP 	target_text: text = 'The loudly is barking dog'
1274.9406 	EXP 	fix_text: autoDraw = True
1275.1855 	EXP 	fix_text: autoDraw = False
1275.1855 	EXP 	blank1_bg: autoDraw = True
1275.3725 	EXP 	blank1_bg: autoDraw = False
1275.3869 	EXP 	prime_text: autoDraw = True
1275.4216 	EXP 	Device response: <KeyPress from None: t=1275.4200573330018, value=right, duration=None>
1275.4308 	DATA 	Keypress: right
1275.5744 	EXP 	prime_text: autoDraw = False
1275.5870 	EXP 	blank2_bg: autoDraw = True
1275.6112 	EXP 	Device response: <KeyPress from None: t=1275.4200573330018, value=right, duration=0.18843749999359716>
1275.6742 	EXP 	blank2_bg: autoDraw = False
1275.6872 	INFO 	Keyboard events cleared
1275.6870 	EXP 	target_text: autoDraw = True
1276.6388 	EXP 	Device response: <KeyPress from None: t=1276.6310779579944, value=left, duration=None>
1276.6464 	DATA 	Keypress: left
1276.6506 	EXP 	fix_text: autoDraw = False
1276.6506 	EXP 	blank1_bg: autoDraw = False
1276.6506 	EXP 	prime_text: autoDraw = False
1276.6506 	EXP 	blank2_bg: autoDraw = False
1276.6506 	EXP 	target_text: autoDraw = False
1276.6506 	EXP 	greenCircle: autoDraw = True
1276.6506 	EXP 	redCrosss: autoDraw = True
1276.7554 	EXP 	Device response: <KeyPress from None: t=1276.6310779579944, value=left, duration=0.11226537500624545>
1276.8357 	EXP 	blank3_bg: autoDraw = True
1276.8439 	EXP 	greenCircle: autoDraw = False
1276.8439 	EXP 	redCrosss: autoDraw = False
1277.5540 	EXP 	Device response: <KeyPress from None: t=1277.5510204989987, value=right, duration=None>
1277.5580 	DATA 	Keypress: right
1277.6210 	EXP 	New trial (rep=22, index=15): <Trial 367 (15 in rep 22) data={'prime': 'She does not like apples', 'target': 'She like does apples not', 'condition': 'transposition_unrelated', 'correctAns': 'left', 'thisN': 367, 'thisTrialN': 15, 'thisRepN': 22}>
1277.6362 	EXP 	blank3_bg: autoDraw = False
1277.6362 	EXP 	blank3_bg: autoDraw = False
1277.6362 	EXP 	greenCircle: autoDraw = False
1277.6362 	EXP 	redCrosss: autoDraw = False
1277.6362 	EXP 	prime_text: height = np.float64(0.05)
1277.6362 	EXP 	prime_text: height = np.float64(0.05)
1277.6362 	EXP 	prime_text: height = np.float64(0.05)
1277.6362 	EXP 	prime_text: text = 'She does not like apples'
1277.6362 	EXP 	target_text: height = np.float64(0.05)
1277.6362 	EXP 	target_text: height = np.float64(0.05)
1277.6362 	EXP 	target_text: height = np.float64(0.05)
1277.6362 	EXP 	target_text: text = 'She like does apples not'
1277.6410 	EXP 	fix_text: autoDraw = True
1277.7548 	EXP 	Device response: <KeyPress from None: t=1277.5510204989987, value=right, duration=0.1923183339968091>
1277.8869 	EXP 	fix_text: autoDraw = False
1277.8869 	EXP 	blank1_bg: autoDraw = True
1278.0868 	EXP 	blank1_bg: autoDraw = False
1278.0868 	EXP 	prime_text: autoDraw = True
1278.1047 	EXP 	Device response: <KeyPress from None: t=1278.0960682489967, value=left, duration=None>
1278.1086 	DATA 	Keypress: left
1278.2387 	EXP 	Device response: <KeyPress from None: t=1278.0960682489967, value=left, duration=0.1323001669952646>
1278.2743 	EXP 	prime_text: autoDraw = False
1278.2871 	EXP 	blank2_bg: autoDraw = True
1278.3739 	EXP 	blank2_bg: autoDraw = False
1278.3871 	INFO 	Keyboard events cleared
1278.3869 	EXP 	target_text: autoDraw = True
1279.9055 	EXP 	Device response: <KeyPress from None: t=1279.8980172909942, value=left, duration=None>
1279.9131 	DATA 	Keypress: left
1279.9174 	EXP 	fix_text: autoDraw = False
1279.9174 	EXP 	blank1_bg: autoDraw = False
1279.9174 	EXP 	prime_text: autoDraw = False
1279.9174 	EXP 	blank2_bg: autoDraw = False
1279.9174 	EXP 	target_text: autoDraw = False
1279.9174 	EXP 	greenCircle: autoDraw = True
1279.9174 	EXP 	redCrosss: autoDraw = True
1280.0445 	EXP 	Device response: <KeyPress from None: t=1279.8980172909942, value=left, duration=0.14021475000481587>
1280.1030 	EXP 	blank3_bg: autoDraw = True
1280.1108 	EXP 	greenCircle: autoDraw = False
1280.1108 	EXP 	redCrosss: autoDraw = False
1280.8923 	EXP 	blank3_bg: autoDraw = False
1280.8923 	EXP 	blank3_bg: autoDraw = False
1280.8923 	EXP 	greenCircle: autoDraw = False
1280.8923 	EXP 	redCrosss: autoDraw = False
1280.9035 	EXP 	text_3: autoDraw = True
1286.9552 	EXP 	Device response: <KeyPress from None: t=1286.9447327490052, value=right, duration=None>
1286.9597 	DATA 	Keypress: right
1287.0774 	EXP 	Device response: <KeyPress from None: t=1286.9447327490052, value=right, duration=0.12600199998996686>
1315.3109 	EXP 	Device response: <KeyPress from None: t=1315.3056923330005, value=escape, duration=None>
1315.3167 	DATA 	Keypress: escape
1315.3547 	EXP 	Device response: <KeyPress from None: t=1315.3056923330005, value=escape, duration=0.041840833000605926>
1315.3548 	EXP 	2nd exp: status = STOPPED
1315.3610 	EXP 	text_3: autoDraw = False
1315.3611 	EXP 	2nd exp: status = STOPPED
1315.5024 	INFO 	saved data to '/Users/urvashibhansali/Documents/AU [Psych] (1-4 years) /3rd Year/Semester 5 Monsoon 25-26/PSY310/Solo Project/data/k_2nd exp_2025-11-10_21h15.57.633.csv'
1315.5054 	INFO 	saved data to /Users/urvashibhansali/Documents/AU [Psych] (1-4 years) /3rd Year/Semester 5 Monsoon 25-26/PSY310/Solo Project/data/k_2nd exp_2025-11-10_21h15.57.633.psydat
1315.7057 	WARNING 	Stopping key buffers but this could be dangerous ifother keyboards rely on the same.
