thisN,thisTrialN,thisRepN,mouse.x,mouse.y,mouse.leftButton,mouse.midButton,mouse.rightButton,mouse.time,mouse.clicked_name,trials.thisRepN,trials.thisTrialN,trials.thisN,trials.thisIndex,thisRow.t,notes,num_Distractor,trial.started,fixation.started,Target.started,mouse.started,trial.stopped,trials.mouse.x,trials.mouse.y,trials.mouse.leftButton,trials.mouse.midButton,trials.mouse.rightButton,trials.mouse.time,trials.mouse.clicked_name,participant,session,date,expName,expVersion,psychopyVersion,frameRate,expStart,
0,0,0,[np.float64(0.29916317991631797)],[np.float64(0.16317991631799164)],[1],[0],[0],[13.587159167000209],['Target'],0,0,0,0,0.050696042000708985,,10,0.021435624999867287,0.050696042000708985,0.050696042000708985,0.021447208000608953,13.60867912499998,[np.float64(0.29916317991631797)],[np.float64(0.16317991631799164)],[1],[0],[0],[13.587159167000209],['Target'],K_4,"001",2025-09-30_18h27.37.896,Visual Search Experiment_Urvashi Bhansali_13 September,,2025.2.0,120.16245916384389,2025-09-30 18h27.37.952523 +0530,
1,0,1,[np.float64(-0.3158995815899582)],[np.float64(-0.07322175732217573)],[1],[0],[0],[7.5348522500007675],['Target'],1,0,1,0,13.629552750000585,,5,13.62112425000123,13.629552750000585,13.629552750000585,0.010795292000693735,21.156053583999892,[np.float64(-0.3158995815899582)],[np.float64(-0.07322175732217573)],[1],[0],[0],[7.5348522500007675],['Target'],K_4,"001",2025-09-30_18h27.37.896,Visual Search Experiment_Urvashi Bhansali_13 September,,2025.2.0,120.16245916384389,2025-09-30 18h27.37.952523 +0530,
2,0,2,[np.float64(0.012552301255230125)],[np.float64(0.05439330543933055)],[1],[0],[0],[5.291169583999363],['Target'],2,0,2,0,21.188615791999837,,10,21.17876329200044,21.188615791999837,21.188615791999837,0.021699957998862374,26.46998516700114,[np.float64(0.012552301255230125)],[np.float64(0.05439330543933055)],[1],[0],[0],[5.291169583999363],['Target'],K_4,"001",2025-09-30_18h27.37.896,Visual Search Experiment_Urvashi Bhansali_13 September,,2025.2.0,120.16245916384389,2025-09-30 18h27.37.952523 +0530,
3,0,3,[np.float64(-0.33472803347280333)],[np.float64(0.4372384937238494)],[1],[0],[0],[3.2282081250014016],['Target'],3,0,3,0,26.501049542001056,,10,26.491649375000634,26.501049542001056,26.501049542001056,0.02036341699931654,29.719908125000075,[np.float64(-0.33472803347280333)],[np.float64(0.4372384937238494)],[1],[0],[0],[3.2282081250014016],['Target'],K_4,"001",2025-09-30_18h27.37.896,Visual Search Experiment_Urvashi Bhansali_13 September,,2025.2.0,120.16245916384389,2025-09-30 18h27.37.952523 +0530,
4,0,4,[np.float64(-0.303347280334728)],[np.float64(0.12552301255230125)],[1],[0],[0],[1.8955842499999562],['Target'],4,0,4,0,29.749896000001172,,10,29.74094150000019,29.749896000001172,29.749896000001172,0.019608332999268896,31.636575667000216,[np.float64(-0.303347280334728)],[np.float64(0.12552301255230125)],[1],[0],[0],[1.8955842499999562],['Target'],K_4,"001",2025-09-30_18h27.37.896,Visual Search Experiment_Urvashi Bhansali_13 September,,2025.2.0,120.16245916384389,2025-09-30 18h27.37.952523 +0530,
5,0,5,[np.float64(-0.2918410041841004)],[np.float64(-0.28556485355648537)],[1],[0],[0],[1.7885362500001065],['Target'],5,0,5,0,31.65747795900097,,5,31.649228917000073,31.65747795900097,31.65747795900097,0.011554208000234212,33.437834125001245,[np.float64(-0.2918410041841004)],[np.float64(-0.28556485355648537)],[1],[0],[0],[1.7885362500001065],['Target'],K_4,"001",2025-09-30_18h27.37.896,Visual Search Experiment_Urvashi Bhansali_13 September,,2025.2.0,120.16245916384389,2025-09-30 18h27.37.952523 +0530,
6,0,6,[np.float64(-0.4665271966527197)],[np.float64(0.0198744769874477)],[1],[0],[0],[1.3194363330003398],['Target'],6,0,6,0,33.46044012499988,,5,33.451788166999904,33.46044012499988,33.46044012499988,0.012635875000341912,34.77129062499989,[np.float64(-0.4665271966527197)],[np.float64(0.0198744769874477)],[1],[0],[0],[1.3194363330003398],['Target'],K_4,"001",2025-09-30_18h27.37.896,Visual Search Experiment_Urvashi Bhansali_13 September,,2025.2.0,120.16245916384389,2025-09-30 18h27.37.952523 +0530,
7,0,7,[np.float64(-0.1997907949790795)],[np.float64(0.37343096234309625)],[1],[0],[0],[3.392389833999914],['Target'],7,0,7,0,34.80432975000076,,10,34.794500250000056,34.80432975000076,34.80432975000076,0.02221204099987517,38.18693545899987,[np.float64(-0.1997907949790795)],[np.float64(0.37343096234309625)],[1],[0],[0],[3.392389833999914],['Target'],K_4,"001",2025-09-30_18h27.37.896,Visual Search Experiment_Urvashi Bhansali_13 September,,2025.2.0,120.16245916384389,2025-09-30 18h27.37.952523 +0530,
8,0,8,[np.float64(0.13598326359832635)],[np.float64(-0.40585774058577406)],[1],[0],[0],[1.7559007920008298],['Target'],8,0,8,0,38.20641933400111,,5,38.19853541700104,38.20641933400111,38.20641933400111,0.01045854100084398,39.95451800000046,[np.float64(0.13598326359832635)],[np.float64(-0.40585774058577406)],[1],[0],[0],[1.7559007920008298],['Target'],K_4,"001",2025-09-30_18h27.37.896,Visual Search Experiment_Urvashi Bhansali_13 September,,2025.2.0,120.16245916384389,2025-09-30 18h27.37.952523 +0530,
9,0,9,[np.float64(0.3776150627615063)],[np.float64(0.4236401673640167)],[1],[0],[0],[1.9531170840000414],['Target'],9,0,9,0,39.97592058400005,,5,39.96747450000112,39.97592058400005,39.97592058400005,0.011644500000329572,41.92068179200032,[np.float64(0.3776150627615063)],[np.float64(0.4236401673640167)],[1],[0],[0],[1.9531170840000414],['Target'],K_4,"001",2025-09-30_18h27.37.896,Visual Search Experiment_Urvashi Bhansali_13 September,,2025.2.0,120.16245916384389,2025-09-30 18h27.37.952523 +0530,
10,0,10,[np.float64(-0.45083682008368203)],[np.float64(0.2709205020920502)],[1],[0],[0],[2.569792917000086],['Target'],10,0,10,0,41.94315383400135,,5,41.934739917000115,41.94315383400135,41.94315383400135,0.0126931249997142,44.5046081670007,[np.float64(-0.45083682008368203)],[np.float64(0.2709205020920502)],[1],[0],[0],[2.569792917000086],['Target'],K_4,"001",2025-09-30_18h27.37.896,Visual Search Experiment_Urvashi Bhansali_13 September,,2025.2.0,120.16245916384389,2025-09-30 18h27.37.952523 +0530,
11,0,11,[np.float64(-0.4100418410041841)],[np.float64(-0.3064853556485356)],[1],[0],[0],[1.8513285420012835],['Target'],11,0,11,0,44.52808733399979,,5,44.51926195899978,44.52808733399979,44.52808733399979,0.013238457999250386,46.370650209000814,[np.float64(-0.4100418410041841)],[np.float64(-0.3064853556485356)],[1],[0],[0],[1.8513285420012835],['Target'],K_4,"001",2025-09-30_18h27.37.896,Visual Search Experiment_Urvashi Bhansali_13 September,,2025.2.0,120.16245916384389,2025-09-30 18h27.37.952523 +0530,
12,0,12,[np.float64(0.48221757322175735)],[np.float64(0.3514644351464435)],[1],[0],[0],[1.8546426660013822],['Target'],12,0,12,0,46.392720167001244,,5,46.38395741700151,46.392720167001244,46.392720167001244,0.0123442910007725,48.238668250000046,[np.float64(0.48221757322175735)],[np.float64(0.3514644351464435)],[1],[0],[0],[1.8546426660013822],['Target'],K_4,"001",2025-09-30_18h27.37.896,Visual Search Experiment_Urvashi Bhansali_13 September,,2025.2.0,120.16245916384389,2025-09-30 18h27.37.952523 +0530,
13,0,13,[np.float64(-0.33472803347280333)],[np.float64(0.02405857740585774)],[1],[0],[0],[2.7584277919995657],['Target'],13,0,13,0,48.27176312499978,,10,48.26157041700026,48.27176312499978,48.27176312499978,0.021477166999829933,51.02003741699991,[np.float64(-0.33472803347280333)],[np.float64(0.02405857740585774)],[1],[0],[0],[2.7584277919995657],['Target'],K_4,"001",2025-09-30_18h27.37.896,Visual Search Experiment_Urvashi Bhansali_13 September,,2025.2.0,120.16245916384389,2025-09-30 18h27.37.952523 +0530,
14,0,14,[np.float64(-0.2813807531380753)],[np.float64(-0.41422594142259417)],[1],[0],[0],[2.006421041000067],['Target'],14,0,14,0,51.039423250000254,,5,51.03157600000122,51.039423250000254,51.039423250000254,0.010398582999187056,53.038073208999776,[np.float64(-0.2813807531380753)],[np.float64(-0.41422594142259417)],[1],[0],[0],[2.006421041000067],['Target'],K_4,"001",2025-09-30_18h27.37.896,Visual Search Experiment_Urvashi Bhansali_13 September,,2025.2.0,120.16245916384389,2025-09-30 18h27.37.952523 +0530,
15,0,15,[np.float64(-0.48221757322175735)],[np.float64(-0.4382845188284519)],[1],[0],[0],[1.5343384999996488],['Target'],15,0,15,0,53.061469500000385,,5,53.05268845899991,53.061469500000385,53.061469500000385,0.0132825420005247,54.58708704200035,[np.float64(-0.48221757322175735)],[np.float64(-0.4382845188284519)],[1],[0],[0],[1.5343384999996488],['Target'],K_4,"001",2025-09-30_18h27.37.896,Visual Search Experiment_Urvashi Bhansali_13 September,,2025.2.0,120.16245916384389,2025-09-30 18h27.37.952523 +0530,
16,0,16,[np.float64(-0.04497907949790795)],[np.float64(-0.348326359832636)],[1],[0],[0],[1.4706596249998256],['Target'],16,0,16,0,54.608739209001214,,5,54.60051250000106,54.608739209001214,54.608739209001214,0.012258958000529674,56.07123870900068,[np.float64(-0.04497907949790795)],[np.float64(-0.348326359832636)],[1],[0],[0],[1.4706596249998256],['Target'],K_4,"001",2025-09-30_18h27.37.896,Visual Search Experiment_Urvashi Bhansali_13 September,,2025.2.0,120.16245916384389,2025-09-30 18h27.37.952523 +0530,
17,0,17,[np.float64(-0.009414225941422594)],[np.float64(0.021966527196652718)],[1],[0],[0],[2.86942524999904],['Target'],17,0,17,0,56.09360262500013,,5,56.084829917001116,56.09360262500013,56.09360262500013,0.01262545799909276,58.95433066700025,[np.float64(-0.009414225941422594)],[np.float64(0.021966527196652718)],[1],[0],[0],[2.86942524999904],['Target'],K_4,"001",2025-09-30_18h27.37.896,Visual Search Experiment_Urvashi Bhansali_13 September,,2025.2.0,120.16245916384389,2025-09-30 18h27.37.952523 +0530,
18,0,18,[np.float64(-0.35251046025104604)],[np.float64(-0.12447698744769875)],[1],[0],[0],[2.311067667000316],['Target'],18,0,18,0,58.98698845900071,,10,58.977345209001214,58.98698845900071,58.98698845900071,0.021470874999067746,61.288460834000944,[np.float64(-0.35251046025104604)],[np.float64(-0.12447698744769875)],[1],[0],[0],[2.311067667000316],['Target'],K_4,"001",2025-09-30_18h27.37.896,Visual Search Experiment_Urvashi Bhansali_13 September,,2025.2.0,120.16245916384389,2025-09-30 18h27.37.952523 +0530,
19,0,19,[np.float64(-0.14748953974895398)],[np.float64(0.11401673640167365)],[1],[0],[0],[1.9292740840010083],['Target'],19,0,19,0,61.31788887500079,,10,61.30846541699975,61.31788887500079,61.31788887500079,0.018941000000268104,63.23779958399973,[np.float64(-0.14748953974895398)],[np.float64(0.11401673640167365)],[1],[0],[0],[1.9292740840010083],['Target'],K_4,"001",2025-09-30_18h27.37.896,Visual Search Experiment_Urvashi Bhansali_13 September,,2025.2.0,120.16245916384389,2025-09-30 18h27.37.952523 +0530,
20,0,20,[np.float64(-0.49581589958158995)],[np.float64(-0.4330543933054393)],[1],[0],[0],[2.829175958000633],['Target'],20,0,20,0,63.26770212500014,,10,63.25817037500019,63.26770212500014,63.26770212500014,0.018932375000076718,66.08740270900125,[np.float64(-0.49581589958158995)],[np.float64(-0.4330543933054393)],[1],[0],[0],[2.829175958000633],['Target'],K_4,"001",2025-09-30_18h27.37.896,Visual Search Experiment_Urvashi Bhansali_13 September,,2025.2.0,120.16245916384389,2025-09-30 18h27.37.952523 +0530,
21,0,21,[np.float64(-0.17782426778242677)],[np.float64(0.4382845188284519)],[1],[0],[0],[2.563672874999611],['Target'],21,0,21,0,66.11593125000036,,10,66.10699183399993,66.11593125000036,66.11593125000036,0.01828745900093054,68.67072033400109,[np.float64(-0.17782426778242677)],[np.float64(0.4382845188284519)],[1],[0],[0],[2.563672874999611],['Target'],K_4,"001",2025-09-30_18h27.37.896,Visual Search Experiment_Urvashi Bhansali_13 September,,2025.2.0,120.16245916384389,2025-09-30 18h27.37.952523 +0530,
22,0,22,[np.float64(-0.40376569037656906)],[np.float64(0.16108786610878661)],[1],[0],[0],[1.8718447079991165],['Target'],22,0,22,0,68.69149037500028,,5,68.68333341700054,68.69149037500028,68.69149037500028,0.01128670900106954,70.55525454200142,[np.float64(-0.40376569037656906)],[np.float64(0.16108786610878661)],[1],[0],[0],[1.8718447079991165],['Target'],K_4,"001",2025-09-30_18h27.37.896,Visual Search Experiment_Urvashi Bhansali_13 September,,2025.2.0,120.16245916384389,2025-09-30 18h27.37.952523 +0530,
23,0,23,[np.float64(0.2834728033472803)],[np.float64(0.10669456066945607)],[1],[0],[0],[1.7029209159991296],['Target'],23,0,23,0,70.5773505420002,,5,70.56895529200119,70.5773505420002,70.5773505420002,0.012186459000076866,72.27194862500073,[np.float64(0.2834728033472803)],[np.float64(0.10669456066945607)],[1],[0],[0],[1.7029209159991296],['Target'],K_4,"001",2025-09-30_18h27.37.896,Visual Search Experiment_Urvashi Bhansali_13 September,,2025.2.0,120.16245916384389,2025-09-30 18h27.37.952523 +0530,
24,0,24,[np.float64(-0.44142259414225943)],[np.float64(-0.2719665271966527)],[1],[0],[0],[2.61903062500096],['Target'],24,0,24,0,72.29390200000125,,5,72.28536079200057,72.29390200000125,72.29390200000125,0.012057583000569139,74.90446891700049,[np.float64(-0.44142259414225943)],[np.float64(-0.2719665271966527)],[1],[0],[0],[2.61903062500096],['Target'],K_4,"001",2025-09-30_18h27.37.896,Visual Search Experiment_Urvashi Bhansali_13 September,,2025.2.0,120.16245916384389,2025-09-30 18h27.37.952523 +0530,
25,0,25,[np.float64(0.23221757322175732)],[np.float64(-0.22489539748953974)],[1],[0],[0],[2.4190346249997674],['Target'],25,0,25,0,74.92714158400122,,5,74.9186403750009,74.92714158400122,74.92714158400122,0.01281349999953818,77.33773812500112,[np.float64(0.23221757322175732)],[np.float64(-0.22489539748953974)],[1],[0],[0],[2.4190346249997674],['Target'],K_4,"001",2025-09-30_18h27.37.896,Visual Search Experiment_Urvashi Bhansali_13 September,,2025.2.0,120.16245916384389,2025-09-30 18h27.37.952523 +0530,
26,0,26,[np.float64(0.20606694560669456)],[np.float64(-0.2918410041841004)],[1],[0],[0],[1.368349082998975],['Target'],26,0,26,0,77.36070416700022,,5,77.35186087500006,77.36070416700022,77.36070416700022,0.013163625000743195,78.72027716699995,[np.float64(0.20606694560669456)],[np.float64(-0.2918410041841004)],[1],[0],[0],[1.368349082998975],['Target'],K_4,"001",2025-09-30_18h27.37.896,Visual Search Experiment_Urvashi Bhansali_13 September,,2025.2.0,120.16245916384389,2025-09-30 18h27.37.952523 +0530,
27,0,27,[np.float64(-0.3064853556485356)],[np.float64(-0.25418410041841005)],[1],[0],[0],[2.012749208000969],['Target'],27,0,27,0,78.75054562500009,,10,78.74149812500036,78.75054562500009,78.75054562500009,0.02001604200086149,80.75430166700062,[np.float64(-0.3064853556485356)],[np.float64(-0.25418410041841005)],[1],[0],[0],[2.012749208000969],['Target'],K_4,"001",2025-09-30_18h27.37.896,Visual Search Experiment_Urvashi Bhansali_13 September,,2025.2.0,120.16245916384389,2025-09-30 18h27.37.952523 +0530,
28,0,28,[np.float64(0.3713389121338912)],[np.float64(0.401673640167364)],[1],[0],[0],[2.671754458000578],['Target'],28,0,28,0,80.77400858400142,,5,80.76601104200017,80.77400858400142,80.77400858400142,0.01060449999931734,83.43784408400097,[np.float64(0.3713389121338912)],[np.float64(0.401673640167364)],[1],[0],[0],[2.671754458000578],['Target'],K_4,"001",2025-09-30_18h27.37.896,Visual Search Experiment_Urvashi Bhansali_13 September,,2025.2.0,120.16245916384389,2025-09-30 18h27.37.952523 +0530,
29,0,29,[np.float64(-0.45292887029288703)],[np.float64(-0.18619246861924685)],[1],[0],[0],[2.0447460409995983],['Target'],29,0,29,0,83.46969558400087,,10,83.45989887500036,83.46969558400087,83.46969558400087,0.02062412499981292,85.50468366700079,[np.float64(-0.45292887029288703)],[np.float64(-0.18619246861924685)],[1],[0],[0],[2.0447460409995983],['Target'],K_4,"001",2025-09-30_18h27.37.896,Visual Search Experiment_Urvashi Bhansali_13 September,,2025.2.0,120.16245916384389,2025-09-30 18h27.37.952523 +0530,
30,0,30,[np.float64(0.16108786610878661)],[np.float64(0.36610878661087864)],[1],[0],[0],[2.5376644169991778],['Target'],30,0,30,0,85.52387475000069,,5,85.51594870900044,85.52387475000069,85.52387475000069,0.010072916998979053,88.05367483400005,[np.float64(0.16108786610878661)],[np.float64(0.36610878661087864)],[1],[0],[0],[2.5376644169991778],['Target'],K_4,"001",2025-09-30_18h27.37.896,Visual Search Experiment_Urvashi Bhansali_13 September,,2025.2.0,120.16245916384389,2025-09-30 18h27.37.952523 +0530,
31,0,31,[np.float64(0.09518828451882845)],[np.float64(0.4236401673640167)],[1],[0],[0],[1.9131710000001476],['Target'],31,0,31,0,88.0833522920002,,10,88.07421470900044,88.0833522920002,88.0833522920002,0.01930125000035332,89.98743879200083,[np.float64(0.09518828451882845)],[np.float64(0.4236401673640167)],[1],[0],[0],[1.9131710000001476],['Target'],K_4,"001",2025-09-30_18h27.37.896,Visual Search Experiment_Urvashi Bhansali_13 September,,2025.2.0,120.16245916384389,2025-09-30 18h27.37.952523 +0530,
32,0,32,[np.float64(0.09832635983263599)],[np.float64(0.17782426778242677)],[1],[0],[0],[1.829095832999883],['Target'],32,0,32,0,90.01755187500021,,10,90.00831495900093,90.01755187500021,90.01755187500021,0.01927224999963073,91.83745720900151,[np.float64(0.09832635983263599)],[np.float64(0.17782426778242677)],[1],[0],[0],[1.829095832999883],['Target'],K_4,"001",2025-09-30_18h27.37.896,Visual Search Experiment_Urvashi Bhansali_13 September,,2025.2.0,120.16245916384389,2025-09-30 18h27.37.952523 +0530,
33,0,33,[np.float64(-0.23430962343096234)],[np.float64(0.46548117154811713)],[1],[0],[0],[2.677366042000358],['Target'],33,0,33,0,91.86559833400133,,10,91.85685120900052,91.86559833400133,91.86559833400133,0.017874499999379623,94.53426841700093,[np.float64(-0.23430962343096234)],[np.float64(0.46548117154811713)],[1],[0],[0],[2.677366042000358],['Target'],K_4,"001",2025-09-30_18h27.37.896,Visual Search Experiment_Urvashi Bhansali_13 September,,2025.2.0,120.16245916384389,2025-09-30 18h27.37.952523 +0530,
34,0,34,[np.float64(0.14330543933054393)],[np.float64(-0.4330543933054393)],[1],[0],[0],[2.9466522080001596],['Target'],34,0,34,0,94.54821562500001,,5,94.54179133400066,94.54821562500001,94.54821562500001,0.006775666999601526,97.48850716700144,[np.float64(0.14330543933054393)],[np.float64(-0.4330543933054393)],[1],[0],[0],[2.9466522080001596],['Target'],K_4,"001",2025-09-30_18h27.37.896,Visual Search Experiment_Urvashi Bhansali_13 September,,2025.2.0,120.16245916384389,2025-09-30 18h27.37.952523 +0530,
35,0,35,[np.float64(-0.09205020920502092)],[np.float64(0.07217573221757322)],[1],[0],[0],[1.8866053330002615],['Target'],35,0,35,0,97.50974200000019,,5,97.50112512499982,97.50974200000019,97.50974200000019,0.011354874999597087,99.38779779200013,[np.float64(-0.09205020920502092)],[np.float64(0.07217573221757322)],[1],[0],[0],[1.8866053330002615],['Target'],K_4,"001",2025-09-30_18h27.37.896,Visual Search Experiment_Urvashi Bhansali_13 September,,2025.2.0,120.16245916384389,2025-09-30 18h27.37.952523 +0530,
36,0,36,[np.float64(0.14748953974895398)],[np.float64(0.29811715481171547)],[1],[0],[0],[1.71055191600135],['Target'],36,0,36,0,99.41974187500091,,10,99.40949820900096,99.41974187500091,99.41974187500091,0.020725917000163463,101.1200917920014,[np.float64(0.14748953974895398)],[np.float64(0.29811715481171547)],[1],[0],[0],[1.71055191600135],['Target'],K_4,"001",2025-09-30_18h27.37.896,Visual Search Experiment_Urvashi Bhansali_13 September,,2025.2.0,120.16245916384389,2025-09-30 18h27.37.952523 +0530,
37,0,37,[np.float64(-0.45188284518828453)],[np.float64(-0.2384937238493724)],[1],[0],[0],[2.1065920000000915],['Target'],37,0,37,0,101.13841262500137,,5,101.13088437500119,101.13841262500137,101.13841262500137,0.009593417000360205,103.23752887500086,[np.float64(-0.45188284518828453)],[np.float64(-0.2384937238493724)],[1],[0],[0],[2.1065920000000915],['Target'],K_4,"001",2025-09-30_18h27.37.896,Visual Search Experiment_Urvashi Bhansali_13 September,,2025.2.0,120.16245916384389,2025-09-30 18h27.37.952523 +0530,
38,0,38,[np.float64(-0.34309623430962344)],[np.float64(-0.3023012552301255)],[1],[0],[0],[1.7783769999987271],['Target'],38,0,38,0,103.26855604200136,,10,103.25891220900121,103.26855604200136,103.26855604200136,0.020374292000269634,105.03733850000026,[np.float64(-0.34309623430962344)],[np.float64(-0.3023012552301255)],[1],[0],[0],[1.7783769999987271],['Target'],K_4,"001",2025-09-30_18h27.37.896,Visual Search Experiment_Urvashi Bhansali_13 September,,2025.2.0,120.16245916384389,2025-09-30 18h27.37.952523 +0530,
39,0,39,[np.float64(0.4330543933054393)],[np.float64(0.4089958158995816)],[1],[0],[0],[1.77253245799875],['Target'],39,0,39,0,105.05688770900088,,5,105.04871283400098,105.05688770900088,105.05688770900088,0.010094833000039216,106.82132637500035,[np.float64(0.4330543933054393)],[np.float64(0.4089958158995816)],[1],[0],[0],[1.77253245799875],['Target'],K_4,"001",2025-09-30_18h27.37.896,Visual Search Experiment_Urvashi Bhansali_13 September,,2025.2.0,120.16245916384389,2025-09-30 18h27.37.952523 +0530,
40,0,40,[np.float64(-0.22384937238493724)],[np.float64(0.4790794979079498)],[1],[0],[0],[2.981568208000681],['Target'],40,0,40,0,106.85274712499995,,10,106.84310470899982,106.85274712499995,106.85274712499995,0.020452374999877065,109.82473295900127,[np.float64(-0.22384937238493724)],[np.float64(0.4790794979079498)],[1],[0],[0],[2.981568208000681],['Target'],K_4,"001",2025-09-30_18h27.37.896,Visual Search Experiment_Urvashi Bhansali_13 September,,2025.2.0,120.16245916384389,2025-09-30 18h27.37.952523 +0530,
41,0,41,[np.float64(-0.32112970711297073)],[np.float64(-0.19246861924686193)],[1],[0],[0],[2.018867250000767],['Target'],41,0,41,0,109.84359399999994,,5,109.83578450000095,109.84359399999994,109.84359399999994,0.009931874999892898,111.85473104199991,[np.float64(-0.32112970711297073)],[np.float64(-0.19246861924686193)],[1],[0],[0],[2.018867250000767],['Target'],K_4,"001",2025-09-30_18h27.37.896,Visual Search Experiment_Urvashi Bhansali_13 September,,2025.2.0,120.16245916384389,2025-09-30 18h27.37.952523 +0530,
42,0,42,[np.float64(-0.10355648535564854)],[np.float64(0.35564853556485354)],[1],[0],[0],[2.66040358400096],['Target'],42,0,42,0,111.88684291699974,,10,111.87707275000139,111.88684291699974,111.88684291699974,0.020771375000549597,114.53752270900077,[np.float64(-0.10355648535564854)],[np.float64(0.35564853556485354)],[1],[0],[0],[2.66040358400096],['Target'],K_4,"001",2025-09-30_18h27.37.896,Visual Search Experiment_Urvashi Bhansali_13 September,,2025.2.0,120.16245916384389,2025-09-30 18h27.37.952523 +0530,
43,0,43,[np.float64(-0.29811715481171547)],[np.float64(-0.23117154811715482)],[1],[0],[0],[1.694320250000601],['Target'],43,0,43,0,114.61623337499987,,5,114.61019775000022,114.61623337499987,114.61623337499987,0.07147450000047684,116.30459250000058,[np.float64(-0.29811715481171547)],[np.float64(-0.23117154811715482)],[1],[0],[0],[1.694320250000601],['Target'],K_4,"001",2025-09-30_18h27.37.896,Visual Search Experiment_Urvashi Bhansali_13 September,,2025.2.0,120.16245916384389,2025-09-30 18h27.37.952523 +0530,
44,0,44,[np.float64(-0.26464435146443516)],[np.float64(0.1401673640167364)],[1],[0],[0],[1.7365288339988183],['Target'],44,0,44,0,116.32648029200027,,5,116.31775795900103,116.32648029200027,116.32648029200027,0.011805041000116034,118.05435129200123,[np.float64(-0.26464435146443516)],[np.float64(0.1401673640167364)],[1],[0],[0],[1.7365288339988183],['Target'],K_4,"001",2025-09-30_18h27.37.896,Visual Search Experiment_Urvashi Bhansali_13 September,,2025.2.0,120.16245916384389,2025-09-30 18h27.37.952523 +0530,
45,0,45,[np.float64(-0.10669456066945607)],[np.float64(-0.38284518828451886)],[1],[0],[0],[1.6201925000004849],['Target'],45,0,45,0,118.07536462500138,,5,118.06734574999973,118.07536462500138,118.07536462500138,0.011774999999033753,119.68761175000145,[np.float64(-0.10669456066945607)],[np.float64(-0.38284518828451886)],[1],[0],[0],[1.6201925000004849],['Target'],K_4,"001",2025-09-30_18h27.37.896,Visual Search Experiment_Urvashi Bhansali_13 September,,2025.2.0,120.16245916384389,2025-09-30 18h27.37.952523 +0530,
46,0,46,[np.float64(0.25313807531380755)],[np.float64(-0.21548117154811716)],[1],[0],[0],[1.6358528750006371],['Target'],46,0,46,0,119.70961629200065,,5,119.70115958400129,119.70961629200065,119.70961629200065,0.012218124998980784,121.33707666700138,[np.float64(0.25313807531380755)],[np.float64(-0.21548117154811716)],[1],[0],[0],[1.6358528750006371],['Target'],K_4,"001",2025-09-30_18h27.37.896,Visual Search Experiment_Urvashi Bhansali_13 September,,2025.2.0,120.16245916384389,2025-09-30 18h27.37.952523 +0530,
47,0,47,[np.float64(0.4905857740585774)],[np.float64(0.2175732217573222)],[1],[0],[0],[3.044743374999598],['Target'],47,0,47,0,121.36986162500034,,10,121.3596878340013,121.36986162500034,121.36986162500034,0.021457000000737025,124.40449249999983,[np.float64(0.4905857740585774)],[np.float64(0.2175732217573222)],[1],[0],[0],[3.044743374999598],['Target'],K_4,"001",2025-09-30_18h27.37.896,Visual Search Experiment_Urvashi Bhansali_13 September,,2025.2.0,120.16245916384389,2025-09-30 18h27.37.952523 +0530,
48,0,48,[np.float64(-0.4351464435146444)],[np.float64(0.25523012552301255)],[1],[0],[0],[2.3453675830005523],['Target'],48,0,48,0,124.43376262499987,,10,124.42480650000107,124.43376262499987,124.43376262499987,0.01877862499895855,126.77021908400093,[np.float64(-0.4351464435146444)],[np.float64(0.25523012552301255)],[1],[0],[0],[2.3453675830005523],['Target'],K_4,"001",2025-09-30_18h27.37.896,Visual Search Experiment_Urvashi Bhansali_13 September,,2025.2.0,120.16245916384389,2025-09-30 18h27.37.952523 +0530,
49,0,49,[np.float64(0.07322175732217573)],[np.float64(0.02301255230125523)],[1],[0],[0],[1.7731191669990949],['Target'],49,0,49,0,126.78899937500137,,5,126.78159433400106,126.78899937500137,126.78899937500137,0.010076500000650412,128.55476566700054,[np.float64(0.07322175732217573)],[np.float64(0.02301255230125523)],[1],[0],[0],[1.7731191669990949],['Target'],K_4,"001",2025-09-30_18h27.37.896,Visual Search Experiment_Urvashi Bhansali_13 September,,2025.2.0,120.16245916384389,2025-09-30 18h27.37.952523 +0530,
50,0,50,[np.float64(0.49581589958158995)],[np.float64(-0.4686192468619247)],[1],[0],[0],[2.6795535420005763],['Target'],50,0,50,0,128.58314687500024,,10,128.57395895900117,128.58314687500024,128.58314687500024,0.01796762499907345,131.25355791699985,[np.float64(0.49581589958158995)],[np.float64(-0.4686192468619247)],[1],[0],[0],[2.6795535420005763],['Target'],K_4,"001",2025-09-30_18h27.37.896,Visual Search Experiment_Urvashi Bhansali_13 September,,2025.2.0,120.16245916384389,2025-09-30 18h27.37.952523 +0530,
51,0,51,[np.float64(0.16631799163179917)],[np.float64(0.17364016736401675)],[1],[0],[0],[1.7890657500011002],['Target'],51,0,51,0,131.27235366700006,,5,131.26450766700145,131.27235366700006,131.27235366700006,0.009828416999880574,133.053631959001,[np.float64(0.16631799163179917)],[np.float64(0.17364016736401675)],[1],[0],[0],[1.7890657500011002],['Target'],K_4,"001",2025-09-30_18h27.37.896,Visual Search Experiment_Urvashi Bhansali_13 September,,2025.2.0,120.16245916384389,2025-09-30 18h27.37.952523 +0530,
52,0,52,[np.float64(0.04497907949790795)],[np.float64(-0.3577405857740586)],[1],[0],[0],[1.7884957089991076],['Target'],52,0,52,0,133.0746559170002,,5,133.06645995899999,133.0746559170002,133.0746559170002,0.011588875000597909,134.85502687500048,[np.float64(0.04497907949790795)],[np.float64(-0.3577405857740586)],[1],[0],[0],[1.7884957089991076],['Target'],K_4,"001",2025-09-30_18h27.37.896,Visual Search Experiment_Urvashi Bhansali_13 September,,2025.2.0,120.16245916384389,2025-09-30 18h27.37.952523 +0530,
53,0,53,[np.float64(0.4916317991631799)],[np.float64(-0.23430962343096234)],[1],[0],[0],[2.675751124999806],['Target'],53,0,53,0,134.88881883400063,,10,134.8781095840004,134.88881883400063,134.88881883400063,0.021905583000261686,137.55390070900103,[np.float64(0.4916317991631799)],[np.float64(-0.23430962343096234)],[1],[0],[0],[2.675751124999806],['Target'],K_4,"001",2025-09-30_18h27.37.896,Visual Search Experiment_Urvashi Bhansali_13 September,,2025.2.0,120.16245916384389,2025-09-30 18h27.37.952523 +0530,
54,0,54,[np.float64(0.39435146443514646)],[np.float64(0.28661087866108786)],[1],[0],[0],[2.1983414589994936],['Target'],54,0,54,0,137.58134554200115,,10,137.57252679200064,137.58134554200115,137.58134554200115,0.017299750001257053,139.77093324999987,[np.float64(0.39435146443514646)],[np.float64(0.28661087866108786)],[1],[0],[0],[2.1983414589994936],['Target'],K_4,"001",2025-09-30_18h27.37.896,Visual Search Experiment_Urvashi Bhansali_13 September,,2025.2.0,120.16245916384389,2025-09-30 18h27.37.952523 +0530,
55,0,55,[np.float64(-0.12552301255230125)],[np.float64(-0.13912133891213388)],[1],[0],[0],[2.6305447080012527],['Target'],55,0,55,0,139.7991552500007,,10,139.7903675840007,139.7991552500007,139.7991552500007,0.018070957999952952,142.42098012499991,[np.float64(-0.12552301255230125)],[np.float64(-0.13912133891213388)],[1],[0],[0],[2.6305447080012527],['Target'],K_4,"001",2025-09-30_18h27.37.896,Visual Search Experiment_Urvashi Bhansali_13 September,,2025.2.0,120.16245916384389,2025-09-30 18h27.37.952523 +0530,
56,0,56,[np.float64(0.13598326359832635)],[np.float64(0.3117154811715481)],[1],[0],[0],[2.4966854579997744],['Target'],56,0,56,0,142.4492957500006,,10,142.44003320900083,142.4492957500006,142.4492957500006,0.017754082999090315,144.93676324999979,[np.float64(0.13598326359832635)],[np.float64(0.3117154811715481)],[1],[0],[0],[2.4966854579997744],['Target'],K_4,"001",2025-09-30_18h27.37.896,Visual Search Experiment_Urvashi Bhansali_13 September,,2025.2.0,120.16245916384389,2025-09-30 18h27.37.952523 +0530,
57,0,57,[np.float64(-0.08263598326359832)],[np.float64(-0.14435146443514643)],[1],[0],[0],[2.4071852920005767],['Target'],57,0,57,0,144.95588562500052,,5,144.94793358400057,144.95588562500052,144.95588562500052,0.009810790999836172,147.3551850420008,[np.float64(-0.08263598326359832)],[np.float64(-0.14435146443514643)],[1],[0],[0],[2.4071852920005767],['Target'],K_4,"001",2025-09-30_18h27.37.896,Visual Search Experiment_Urvashi Bhansali_13 September,,2025.2.0,120.16245916384389,2025-09-30 18h27.37.952523 +0530,
58,0,58,[np.float64(-0.11192468619246862)],[np.float64(0.42782426778242677)],[1],[0],[0],[2.593848624999737],['Target'],58,0,58,0,147.3871148750004,,10,147.37707141700048,147.3871148750004,147.3871148750004,0.020768124999449356,149.9709726250003,[np.float64(-0.11192468619246862)],[np.float64(0.42782426778242677)],[1],[0],[0],[2.593848624999737],['Target'],K_4,"001",2025-09-30_18h27.37.896,Visual Search Experiment_Urvashi Bhansali_13 September,,2025.2.0,120.16245916384389,2025-09-30 18h27.37.952523 +0530,
59,0,59,[np.float64(0.3106694560669456)],[np.float64(0.24476987447698745)],[1],[0],[0],[3.170890707999206],['Target'],59,0,59,0,149.99104195900145,,5,149.98289308400126,149.99104195900145,149.99104195900145,0.01042158299969742,153.1538521250004,[np.float64(0.3106694560669456)],[np.float64(0.24476987447698745)],[1],[0],[0],[3.170890707999206],['Target'],K_4,"001",2025-09-30_18h27.37.896,Visual Search Experiment_Urvashi Bhansali_13 September,,2025.2.0,120.16245916384389,2025-09-30 18h27.37.952523 +0530,
60,0,60,[np.float64(0.22489539748953974)],[np.float64(0.34309623430962344)],[1],[0],[0],[1.7874306250014342],['Target'],60,0,60,0,153.17465612500018,,5,153.16663979199984,153.17465612500018,153.17465612500018,0.011503708999953233,154.95413470899985,[np.float64(0.22489539748953974)],[np.float64(0.34309623430962344)],[1],[0],[0],[1.7874306250014342],['Target'],K_4,"001",2025-09-30_18h27.37.896,Visual Search Experiment_Urvashi Bhansali_13 September,,2025.2.0,120.16245916384389,2025-09-30 18h27.37.952523 +0530,
61,0,61,[np.float64(-0.17782426778242677)],[np.float64(-0.22698744769874477)],[1],[0],[0],[2.6277016250005545],['Target'],61,0,61,0,154.984888459001,,10,154.9753735840004,154.984888459001,154.984888459001,0.019980917000793852,157.60311250000086,[np.float64(-0.17782426778242677)],[np.float64(-0.22698744769874477)],[1],[0],[0],[2.6277016250005545],['Target'],K_4,"001",2025-09-30_18h27.37.896,Visual Search Experiment_Urvashi Bhansali_13 September,,2025.2.0,120.16245916384389,2025-09-30 18h27.37.952523 +0530,
62,0,62,[np.float64(-0.42573221757322177)],[np.float64(0.3023012552301255)],[1],[0],[0],[2.4559388750003563],['Target'],62,0,62,0,157.62241008400088,,5,157.61462833400037,157.62241008400088,157.62241008400088,0.01038387500011595,160.0706262090007,[np.float64(-0.42573221757322177)],[np.float64(0.3023012552301255)],[1],[0],[0],[2.4559388750003563],['Target'],K_4,"001",2025-09-30_18h27.37.896,Visual Search Experiment_Urvashi Bhansali_13 September,,2025.2.0,120.16245916384389,2025-09-30 18h27.37.952523 +0530,
63,0,63,[np.float64(-0.2803347280334728)],[np.float64(0.021966527196652718)],[1],[0],[0],[1.4205941670006723],['Target'],63,0,63,0,160.091791750001,,5,160.08361479199993,160.091791750001,160.091791750001,0.011553124999409192,161.5042802500011,[np.float64(-0.2803347280334728)],[np.float64(0.021966527196652718)],[1],[0],[0],[1.4205941670006723],['Target'],K_4,"001",2025-09-30_18h27.37.896,Visual Search Experiment_Urvashi Bhansali_13 September,,2025.2.0,120.16245916384389,2025-09-30 18h27.37.952523 +0530,
64,0,64,[np.float64(-0.2688284518828452)],[np.float64(-0.0700836820083682)],[1],[0],[0],[1.2861611250009446],['Target'],64,0,64,0,161.52657474999978,,5,161.5180515000011,161.52657474999978,161.52657474999978,0.012430666998625384,162.80428229200152,[np.float64(-0.2688284518828452)],[np.float64(-0.0700836820083682)],[1],[0],[0],[1.2861611250009446],['Target'],K_4,"001",2025-09-30_18h27.37.896,Visual Search Experiment_Urvashi Bhansali_13 September,,2025.2.0,120.16245916384389,2025-09-30 18h27.37.952523 +0530,
65,0,65,[np.float64(0.24163179916317992)],[np.float64(0.348326359832636)],[1],[0],[0],[1.8876919580015965],['Target'],65,0,65,0,162.82637412500117,,5,162.81768925000142,162.82637412500117,162.82637412500117,0.012103541999749723,164.7054542500009,[np.float64(0.24163179916317992)],[np.float64(0.348326359832636)],[1],[0],[0],[1.8876919580015965],['Target'],K_4,"001",2025-09-30_18h27.37.896,Visual Search Experiment_Urvashi Bhansali_13 September,,2025.2.0,120.16245916384389,2025-09-30 18h27.37.952523 +0530,
66,0,66,[np.float64(0.021966527196652718)],[np.float64(0.40794979079497906)],[1],[0],[0],[1.6355950409997604],['Target'],66,0,66,0,164.72741162500097,,5,164.7187712089999,164.72741162500097,164.72741162500097,0.011835958999654395,166.354419917001,[np.float64(0.021966527196652718)],[np.float64(0.40794979079497906)],[1],[0],[0],[1.6355950409997604],['Target'],K_4,"001",2025-09-30_18h27.37.896,Visual Search Experiment_Urvashi Bhansali_13 September,,2025.2.0,120.16245916384389,2025-09-30 18h27.37.952523 +0530,
67,0,67,[np.float64(0.49476987447698745)],[np.float64(-0.15376569037656904)],[1],[0],[0],[2.411556582999765],['Target'],67,0,67,0,166.3844914170004,,10,166.37526437500128,166.3844914170004,166.3844914170004,0.019441790998826036,168.7868592499999,[np.float64(0.49476987447698745)],[np.float64(-0.15376569037656904)],[1],[0],[0],[2.411556582999765],['Target'],K_4,"001",2025-09-30_18h27.37.896,Visual Search Experiment_Urvashi Bhansali_13 September,,2025.2.0,120.16245916384389,2025-09-30 18h27.37.952523 +0530,
68,0,68,[np.float64(-0.4372384937238494)],[np.float64(0.39330543933054396)],[1],[0],[0],[2.898274749999473],['Target'],68,0,68,0,168.8151857920002,,10,168.80631829200138,168.8151857920002,168.8151857920002,0.01853008400030376,171.70467195899982,[np.float64(-0.4372384937238494)],[np.float64(0.39330543933054396)],[1],[0],[0],[2.898274749999473],['Target'],K_4,"001",2025-09-30_18h27.37.896,Visual Search Experiment_Urvashi Bhansali_13 September,,2025.2.0,120.16245916384389,2025-09-30 18h27.37.952523 +0530,
69,0,69,[np.float64(-0.45397489539748953)],[np.float64(0.3807531380753138)],[1],[0],[0],[1.0622323340012372],['Target'],69,0,69,0,171.73459175000062,,10,171.7255784170011,171.73459175000062,171.73459175000062,0.018989457999850856,172.78785791700102,[np.float64(-0.45397489539748953)],[np.float64(0.3807531380753138)],[1],[0],[0],[1.0622323340012372],['Target'],K_4,"001",2025-09-30_18h27.37.896,Visual Search Experiment_Urvashi Bhansali_13 September,,2025.2.0,120.16245916384389,2025-09-30 18h27.37.952523 +0530,
70,0,70,[np.float64(0.1684100418410042)],[np.float64(0.04811715481171548)],[1],[0],[0],[1.7867641249995359],['Target'],70,0,70,0,172.80949891700038,,5,172.80018879199997,172.80949891700038,172.80949891700038,0.010263707999911276,174.5870277920003,[np.float64(0.1684100418410042)],[np.float64(0.04811715481171548)],[1],[0],[0],[1.7867641249995359],['Target'],K_4,"001",2025-09-30_18h27.37.896,Visual Search Experiment_Urvashi Bhansali_13 September,,2025.2.0,120.16245916384389,2025-09-30 18h27.37.952523 +0530,
71,0,71,[np.float64(-0.4215481171548117)],[np.float64(0.14748953974895398)],[1],[0],[0],[2.045630708000317],['Target'],71,0,71,0,174.6180552090009,,10,174.6080794999998,174.6180552090009,174.6180552090009,0.019211667000490706,176.65374729200084,[np.float64(-0.4215481171548117)],[np.float64(0.14748953974895398)],[1],[0],[0],[2.045630708000317],['Target'],K_4,"001",2025-09-30_18h27.37.896,Visual Search Experiment_Urvashi Bhansali_13 September,,2025.2.0,120.16245916384389,2025-09-30 18h27.37.952523 +0530,
72,0,72,[np.float64(-0.23221757322175732)],[np.float64(-0.3682008368200837)],[1],[0],[0],[1.7894183329990483],['Target'],72,0,72,0,176.6737837920009,,5,176.6652523749999,176.6737837920009,176.6737837920009,0.0102716249984951,178.45474662500055,[np.float64(-0.23221757322175732)],[np.float64(-0.3682008368200837)],[1],[0],[0],[1.7894183329990483],['Target'],K_4,"001",2025-09-30_18h27.37.896,Visual Search Experiment_Urvashi Bhansali_13 September,,2025.2.0,120.16245916384389,2025-09-30 18h27.37.952523 +0530,
73,0,73,[np.float64(-0.25313807531380755)],[np.float64(-0.3587866108786611)],[1],[0],[0],[1.026027083000372],['Target'],73,0,73,0,178.48831274999975,,10,178.47736262500075,178.48831274999975,178.48831274999975,0.021110083998792106,179.5034419170006,[np.float64(-0.25313807531380755)],[np.float64(-0.3587866108786611)],[1],[0],[0],[1.026027083000372],['Target'],K_4,"001",2025-09-30_18h27.37.896,Visual Search Experiment_Urvashi Bhansali_13 September,,2025.2.0,120.16245916384389,2025-09-30 18h27.37.952523 +0530,
74,0,74,[np.float64(-0.2625523012552301)],[np.float64(0.2280334728033473)],[1],[0],[0],[1.8733815830000822],['Target'],74,0,74,0,179.5228350840007,,5,179.5147925000001,179.5228350840007,179.5228350840007,0.010008541999923182,181.38824687499982,[np.float64(-0.2625523012552301)],[np.float64(0.2280334728033473)],[1],[0],[0],[1.8733815830000822],['Target'],K_4,"001",2025-09-30_18h27.37.896,Visual Search Experiment_Urvashi Bhansali_13 September,,2025.2.0,120.16245916384389,2025-09-30 18h27.37.952523 +0530,
75,0,75,[np.float64(-0.06276150627615062)],[np.float64(-0.19874476987447698)],[1],[0],[0],[1.2352368749998277],['Target'],75,0,75,0,181.4103496250009,,5,181.4014915000007,181.4103496250009,181.4103496250009,0.011962124999627122,182.6367797920011,[np.float64(-0.06276150627615062)],[np.float64(-0.19874476987447698)],[1],[0],[0],[1.2352368749998277],['Target'],K_4,"001",2025-09-30_18h27.37.896,Visual Search Experiment_Urvashi Bhansali_13 September,,2025.2.0,120.16245916384389,2025-09-30 18h27.37.952523 +0530,
76,0,76,[np.float64(-0.1788702928870293)],[np.float64(-0.35355648535564854)],[1],[0],[0],[1.3711931249999907],['Target'],76,0,76,0,182.6576934170007,,5,182.6495034590007,182.6576934170007,182.6576934170007,0.01137150000067777,184.02077137500055,[np.float64(-0.1788702928870293)],[np.float64(-0.35355648535564854)],[1],[0],[0],[1.3711931249999907],['Target'],K_4,"001",2025-09-30_18h27.37.896,Visual Search Experiment_Urvashi Bhansali_13 September,,2025.2.0,120.16245916384389,2025-09-30 18h27.37.952523 +0530,
77,0,77,[np.float64(0.04707112970711297)],[np.float64(0.4225941422594142)],[1],[0],[0],[1.9526293750004697],['Target'],77,0,77,0,184.04344162500092,,5,184.03484616700007,184.04344162500092,184.04344162500092,0.012790042001142865,185.98754779200135,[np.float64(0.04707112970711297)],[np.float64(0.4225941422594142)],[1],[0],[0],[1.9526293750004697],['Target'],K_4,"001",2025-09-30_18h27.37.896,Visual Search Experiment_Urvashi Bhansali_13 September,,2025.2.0,120.16245916384389,2025-09-30 18h27.37.952523 +0530,
78,0,78,[np.float64(0.28870292887029286)],[np.float64(-0.1297071129707113)],[1],[0],[0],[2.0775252080002247],['Target'],78,0,78,0,186.01876908400118,,10,186.00902195900017,186.01876908400118,186.01876908400118,0.0201692919999914,188.08658987499985,[np.float64(0.28870292887029286)],[np.float64(-0.1297071129707113)],[1],[0],[0],[2.0775252080002247],['Target'],K_4,"001",2025-09-30_18h27.37.896,Visual Search Experiment_Urvashi Bhansali_13 September,,2025.2.0,120.16245916384389,2025-09-30 18h27.37.952523 +0530,
79,0,79,[np.float64(0.3127615062761506)],[np.float64(-0.3263598326359833)],[1],[0],[0],[1.6896522919996642],['Target'],79,0,79,0,188.10572895900077,,5,188.0978365840001,188.10572895900077,188.10572895900077,0.009997832999943057,189.7875467089998,[np.float64(0.3127615062761506)],[np.float64(-0.3263598326359833)],[1],[0],[0],[1.6896522919996642],['Target'],K_4,"001",2025-09-30_18h27.37.896,Visual Search Experiment_Urvashi Bhansali_13 September,,2025.2.0,120.16245916384389,2025-09-30 18h27.37.952523 +0530,
80,0,80,[np.float64(-0.3692468619246862)],[np.float64(0.04811715481171548)],[1],[0],[0],[4.678783125000336],['Target'],80,0,80,0,189.81901225000001,,10,189.80903491699974,189.81901225000001,189.81901225000001,0.02029995800148754,194.48785895900073,[np.float64(-0.3692468619246862)],[np.float64(0.04811715481171548)],[1],[0],[0],[4.678783125000336],['Target'],K_4,"001",2025-09-30_18h27.37.896,Visual Search Experiment_Urvashi Bhansali_13 September,,2025.2.0,120.16245916384389,2025-09-30 18h27.37.952523 +0530,
81,0,81,[np.float64(0.032426778242677826)],[np.float64(-0.1412133891213389)],[1],[0],[0],[2.8545945000005304],['Target'],81,0,81,0,194.50748550000026,,5,194.4995552500004,194.50748550000026,194.50748550000026,0.010328042000764981,197.35421545900135,[np.float64(0.032426778242677826)],[np.float64(-0.1412133891213389)],[1],[0],[0],[2.8545945000005304],['Target'],K_4,"001",2025-09-30_18h27.37.896,Visual Search Experiment_Urvashi Bhansali_13 September,,2025.2.0,120.16245916384389,2025-09-30 18h27.37.952523 +0530,
82,0,82,[np.float64(-0.21652719665271966)],[np.float64(0.3776150627615063)],[1],[0],[0],[2.445049916001153],['Target'],82,0,82,0,197.38511587500034,,10,197.37518379200083,197.38511587500034,197.38511587500034,0.019894625000233646,199.8202748750009,[np.float64(-0.21652719665271966)],[np.float64(0.3776150627615063)],[1],[0],[0],[2.445049916001153],['Target'],K_4,"001",2025-09-30_18h27.37.896,Visual Search Experiment_Urvashi Bhansali_13 September,,2025.2.0,120.16245916384389,2025-09-30 18h27.37.952523 +0530,
83,0,83,[np.float64(-0.3389121338912134)],[np.float64(-0.35564853556485354)],[1],[0],[0],[3.014605042000767],['Target'],83,0,83,0,199.8479996670012,,10,199.83913204200144,199.8479996670012,199.8479996670012,0.01758329200129083,202.8537905840003,[np.float64(-0.3389121338912134)],[np.float64(-0.35564853556485354)],[1],[0],[0],[3.014605042000767],['Target'],K_4,"001",2025-09-30_18h27.37.896,Visual Search Experiment_Urvashi Bhansali_13 September,,2025.2.0,120.16245916384389,2025-09-30 18h27.37.952523 +0530,
84,0,84,[np.float64(-0.35355648535564854)],[np.float64(-0.2395397489539749)],[1],[0],[0],[1.4309820409998792],['Target'],84,0,84,0,202.8821036670015,,10,202.87283641700014,202.8821036670015,202.8821036670015,0.017771999999240506,204.30387275000066,[np.float64(-0.35355648535564854)],[np.float64(-0.2395397489539749)],[1],[0],[0],[1.4309820409998792],['Target'],K_4,"001",2025-09-30_18h27.37.896,Visual Search Experiment_Urvashi Bhansali_13 September,,2025.2.0,120.16245916384389,2025-09-30 18h27.37.952523 +0530,
85,0,85,[np.float64(0.36297071129707115)],[np.float64(-0.2102510460251046)],[1],[0],[0],[1.9414809170011722],['Target'],85,0,85,0,204.32362762500088,,5,204.31553454200002,204.32362762500088,204.32362762500088,0.010087667000334477,206.25708337500146,[np.float64(0.36297071129707115)],[np.float64(-0.2102510460251046)],[1],[0],[0],[1.9414809170011722],['Target'],K_4,"001",2025-09-30_18h27.37.896,Visual Search Experiment_Urvashi Bhansali_13 September,,2025.2.0,120.16245916384389,2025-09-30 18h27.37.952523 +0530,
86,0,86,[np.float64(-0.19874476987447698)],[np.float64(0.38702928870292885)],[1],[0],[0],[1.857945916999597],['Target'],86,0,86,0,206.2897815840006,,10,206.2794353750014,206.2897815840006,206.2897815840006,0.021263957998598926,208.13743391699973,[np.float64(-0.19874476987447698)],[np.float64(0.38702928870292885)],[1],[0],[0],[1.857945916999597],['Target'],K_4,"001",2025-09-30_18h27.37.896,Visual Search Experiment_Urvashi Bhansali_13 September,,2025.2.0,120.16245916384389,2025-09-30 18h27.37.952523 +0530,
87,0,87,[np.float64(-0.043933054393305436)],[np.float64(-0.4121338912133891)],[1],[0],[0],[4.8970994999999675],['Target'],87,0,87,0,208.16596904200014,,10,208.15676137500122,208.16596904200014,208.16596904200014,0.018029749999186606,213.05391079200126,[np.float64(-0.043933054393305436)],[np.float64(-0.4121338912133891)],[1],[0],[0],[4.8970994999999675],['Target'],K_4,"001",2025-09-30_18h27.37.896,Visual Search Experiment_Urvashi Bhansali_13 September,,2025.2.0,120.16245916384389,2025-09-30 18h27.37.952523 +0530,
88,0,88,[np.float64(-0.4696652719665272)],[np.float64(0.4769874476987448)],[1],[0],[0],[4.042808542000785],['Target'],88,0,88,0,213.08196099999986,,10,213.07291512499978,213.08196099999986,213.08196099999986,0.018025917001068592,217.1157900420003,[np.float64(-0.4696652719665272)],[np.float64(0.4769874476987448)],[1],[0],[0],[4.042808542000785],['Target'],K_4,"001",2025-09-30_18h27.37.896,Visual Search Experiment_Urvashi Bhansali_13 September,,2025.2.0,120.16245916384389,2025-09-30 18h27.37.952523 +0530,
89,0,89,[np.float64(-0.32217573221757323)],[np.float64(0.2688284518828452)],[1],[0],[0],[1.545308542001294],['Target'],89,0,89,0,217.1332529170013,,5,217.12624154200057,217.1332529170013,217.1332529170013,0.009222874999977648,218.67162745899986,[np.float64(-0.32217573221757323)],[np.float64(0.2688284518828452)],[1],[0],[0],[1.545308542001294],['Target'],K_4,"001",2025-09-30_18h27.37.896,Visual Search Experiment_Urvashi Bhansali_13 September,,2025.2.0,120.16245916384389,2025-09-30 18h27.37.952523 +0530,
90,0,90,[np.float64(0.2928870292887029)],[np.float64(0.3054393305439331)],[1],[0],[0],[2.527235958001256],['Target'],90,0,90,0,218.7032172090003,,10,218.69341570899996,218.7032172090003,218.7032172090003,0.02019516700056556,221.22070229200108,[np.float64(0.2928870292887029)],[np.float64(0.3054393305439331)],[1],[0],[0],[2.527235958001256],['Target'],K_4,"001",2025-09-30_18h27.37.896,Visual Search Experiment_Urvashi Bhansali_13 September,,2025.2.0,120.16245916384389,2025-09-30 18h27.37.952523 +0530,
91,0,91,[np.float64(-0.0397489539748954)],[np.float64(0.446652719665272)],[1],[0],[0],[3.822394874998281],['Target'],91,0,91,0,221.24133429200083,,5,221.23315854199973,221.24133429200083,221.24133429200083,0.011104125000201748,225.05563145900123,[np.float64(-0.0397489539748954)],[np.float64(0.446652719665272)],[1],[0],[0],[3.822394874998281],['Target'],K_4,"001",2025-09-30_18h27.37.896,Visual Search Experiment_Urvashi Bhansali_13 September,,2025.2.0,120.16245916384389,2025-09-30 18h27.37.952523 +0530,
92,0,92,[np.float64(-0.28451882845188287)],[np.float64(0.20606694560669456)],[1],[0],[0],[3.701489749999382],['Target'],92,0,92,0,225.07837491700047,,5,225.06968675000098,225.07837491700047,225.07837491700047,0.012504124999395572,228.77124575000016,[np.float64(-0.28451882845188287)],[np.float64(0.20606694560669456)],[1],[0],[0],[3.701489749999382],['Target'],K_4,"001",2025-09-30_18h27.37.896,Visual Search Experiment_Urvashi Bhansali_13 September,,2025.2.0,120.16245916384389,2025-09-30 18h27.37.952523 +0530,
93,0,93,[np.float64(0.2280334728033473)],[np.float64(0.08158995815899582)],[1],[0],[0],[2.060403125000448],['Target'],93,0,93,0,228.8029346250005,,10,228.79321241700018,228.8029346250005,228.8029346250005,0.020506999999270192,230.85366654200152,[np.float64(0.2280334728033473)],[np.float64(0.08158995815899582)],[1],[0],[0],[2.060403125000448],['Target'],K_4,"001",2025-09-30_18h27.37.896,Visual Search Experiment_Urvashi Bhansali_13 September,,2025.2.0,120.16245916384389,2025-09-30 18h27.37.952523 +0530,
94,0,94,[np.float64(0.4121338912133891)],[np.float64(-0.19665271966527198)],[1],[0],[0],[2.7143938339995657],['Target'],94,0,94,0,230.88137045900112,,10,230.8724918750013,230.88137045900112,230.88137045900112,0.017548292000356014,233.5869365840008,[np.float64(0.4121338912133891)],[np.float64(-0.19665271966527198)],[1],[0],[0],[2.7143938339995657],['Target'],K_4,"001",2025-09-30_18h27.37.896,Visual Search Experiment_Urvashi Bhansali_13 September,,2025.2.0,120.16245916384389,2025-09-30 18h27.37.952523 +0530,
95,0,95,[np.float64(0.42677824267782427)],[np.float64(0.3587866108786611)],[1],[0],[0],[2.6142580840005394],['Target'],95,0,95,0,233.61562595900068,,10,233.60605945899988,233.61562595900068,233.61562595900068,0.018087708000166458,236.220374292001,[np.float64(0.42677824267782427)],[np.float64(0.3587866108786611)],[1],[0],[0],[2.6142580840005394],['Target'],K_4,"001",2025-09-30_18h27.37.896,Visual Search Experiment_Urvashi Bhansali_13 September,,2025.2.0,120.16245916384389,2025-09-30 18h27.37.952523 +0530,
96,0,96,[np.float64(0.3200836820083682)],[np.float64(-0.19874476987447698)],[1],[0],[0],[3.0480470830007107],['Target'],96,0,96,0,236.24870020900016,,10,236.23962516699976,236.24870020900016,236.24870020900016,0.017903166999531095,239.2877233750005,[np.float64(0.3200836820083682)],[np.float64(-0.19874476987447698)],[1],[0],[0],[3.0480470830007107],['Target'],K_4,"001",2025-09-30_18h27.37.896,Visual Search Experiment_Urvashi Bhansali_13 September,,2025.2.0,120.16245916384389,2025-09-30 18h27.37.952523 +0530,
97,0,97,[np.float64(0.37343096234309625)],[np.float64(0.10669456066945607)],[1],[0],[0],[2.0297997079997003],['Target'],97,0,97,0,239.31573270900117,,10,239.30693554200116,239.31573270900117,239.31573270900117,0.017726915999446646,241.33678687500105,[np.float64(0.37343096234309625)],[np.float64(0.10669456066945607)],[1],[0],[0],[2.0297997079997003],['Target'],K_4,"001",2025-09-30_18h27.37.896,Visual Search Experiment_Urvashi Bhansali_13 September,,2025.2.0,120.16245916384389,2025-09-30 18h27.37.952523 +0530,
98,0,98,[np.float64(-0.21652719665271966)],[np.float64(-0.3723849372384937)],[1],[0],[0],[4.112825250000242],['Target'],98,0,98,0,241.367123,,10,241.35764616699998,241.367123,241.367123,0.019725166001080652,245.4705164170009,[np.float64(-0.21652719665271966)],[np.float64(-0.3723849372384937)],[1],[0],[0],[4.112825250000242],['Target'],K_4,"001",2025-09-30_18h27.37.896,Visual Search Experiment_Urvashi Bhansali_13 September,,2025.2.0,120.16245916384389,2025-09-30 18h27.37.952523 +0530,
99,0,99,[np.float64(-0.36297071129707115)],[np.float64(-0.3190376569037657)],[1],[0],[0],[2.0552379159998964],['Target'],99,0,99,0,245.49056745900089,,5,245.48223387500002,245.49056745900089,245.49056745900089,0.010380708001321182,247.53753404200143,[np.float64(-0.36297071129707115)],[np.float64(-0.3190376569037657)],[1],[0],[0],[2.0552379159998964],['Target'],K_4,"001",2025-09-30_18h27.37.896,Visual Search Experiment_Urvashi Bhansali_13 September,,2025.2.0,120.16245916384389,2025-09-30 18h27.37.952523 +0530,
100,0,100,[np.float64(0.02092050209205021)],[np.float64(-0.021966527196652718)],[1],[0],[0],[4.645102125001358],['Target'],100,0,100,0,247.5683450000015,,10,247.558858417,247.5683450000015,247.5683450000015,0.019907542000510148,252.20401674999994,[np.float64(0.02092050209205021)],[np.float64(-0.021966527196652718)],[1],[0],[0],[4.645102125001358],['Target'],K_4,"001",2025-09-30_18h27.37.896,Visual Search Experiment_Urvashi Bhansali_13 September,,2025.2.0,120.16245916384389,2025-09-30 18h27.37.952523 +0530,
101,0,101,[np.float64(-0.015690376569037656)],[np.float64(-0.051255230125523014)],[1],[0],[0],[2.913218166999286],[None],101,0,101,0,252.23248170900115,,10,252.2233905840003,252.23248170900115,252.23248170900115,0.01806320899959246,255.1366537089998,[np.float64(-0.015690376569037656)],[np.float64(-0.051255230125523014)],[1],[0],[0],[2.913218166999286],[None],K_4,"001",2025-09-30_18h27.37.896,Visual Search Experiment_Urvashi Bhansali_13 September,,2025.2.0,120.16245916384389,2025-09-30 18h27.37.952523 +0530,
102,0,102,[np.float64(-0.4602510460251046)],[np.float64(-0.26569037656903766)],[1],[0],[0],[1.7230529999997088],['Target'],102,0,102,0,255.15577962499992,,5,255.14784670900008,255.15577962499992,255.15577962499992,0.00995554200017068,256.87096045900034,[np.float64(-0.4602510460251046)],[np.float64(-0.26569037656903766)],[1],[0],[0],[1.7230529999997088],['Target'],K_4,"001",2025-09-30_18h27.37.896,Visual Search Experiment_Urvashi Bhansali_13 September,,2025.2.0,120.16245916384389,2025-09-30 18h27.37.952523 +0530,
103,0,103,[np.float64(-0.10564853556485355)],[np.float64(-0.3294979079497908)],[1],[0],[0],[1.6773837500004447],['Target'],103,0,103,0,256.90190104199974,,10,256.8923210419998,256.90190104199974,256.90190104199974,0.019979415999841876,258.5697449590007,[np.float64(-0.10564853556485355)],[np.float64(-0.3294979079497908)],[1],[0],[0],[1.6773837500004447],['Target'],K_4,"001",2025-09-30_18h27.37.896,Visual Search Experiment_Urvashi Bhansali_13 September,,2025.2.0,120.16245916384389,2025-09-30 18h27.37.952523 +0530,
104,0,104,[np.float64(0.4602510460251046)],[np.float64(0.04497907949790795)],[1],[0],[0],[3.182581792001656],['Target'],104,0,104,0,258.59758525000143,,10,258.58775400000013,258.59758525000143,258.59758525000143,0.016920500000196625,261.77038308400006,[np.float64(0.4602510460251046)],[np.float64(0.04497907949790795)],[1],[0],[0],[3.182581792001656],['Target'],K_4,"001",2025-09-30_18h27.37.896,Visual Search Experiment_Urvashi Bhansali_13 September,,2025.2.0,120.16245916384389,2025-09-30 18h27.37.952523 +0530,
105,0,105,[np.float64(0.4372384937238494)],[np.float64(0.30857740585774057)],[1],[0],[0],[2.047579541000232],['Target'],105,0,105,0,261.7982644590011,,10,261.78936858400084,261.7982644590011,261.7982644590011,0.017533209000248462,263.8369989170005,[np.float64(0.4372384937238494)],[np.float64(0.30857740585774057)],[1],[0],[0],[2.047579541000232],['Target'],K_4,"001",2025-09-30_18h27.37.896,Visual Search Experiment_Urvashi Bhansali_13 September,,2025.2.0,120.16245916384389,2025-09-30 18h27.37.952523 +0530,
106,0,106,[np.float64(0.18200836820083682)],[np.float64(0.07112970711297072)],[1],[0],[0],[2.8894779170004767],['Target'],106,0,106,0,263.85723845900065,,5,263.84894350000104,263.85723845900065,263.85723845900065,0.010925458000201616,266.73849275000066,[np.float64(0.18200836820083682)],[np.float64(0.07112970711297072)],[1],[0],[0],[2.8894779170004767],['Target'],K_4,"001",2025-09-30_18h27.37.896,Visual Search Experiment_Urvashi Bhansali_13 September,,2025.2.0,120.16245916384389,2025-09-30 18h27.37.952523 +0530,
107,0,107,[np.float64(-0.01778242677824268)],[np.float64(-0.09205020920502092)],[1],[0],[0],[1.8937620839988085],['Target'],107,0,107,0,266.7697090420006,,10,266.760348709,266.7697090420006,266.7697090420006,0.020348542000647285,268.6541521250001,[np.float64(-0.01778242677824268)],[np.float64(-0.09205020920502092)],[1],[0],[0],[1.8937620839988085],['Target'],K_4,"001",2025-09-30_18h27.37.896,Visual Search Experiment_Urvashi Bhansali_13 September,,2025.2.0,120.16245916384389,2025-09-30 18h27.37.952523 +0530,
108,0,108,[np.float64(-0.4089958158995816)],[np.float64(-0.4811715481171548)],[1],[0],[0],[4.464436624999507],['Target'],108,0,108,0,268.6821476670011,,10,268.6728790420002,268.6821476670011,268.6821476670011,0.017562540999279008,273.1373645420008,[np.float64(-0.4089958158995816)],[np.float64(-0.4811715481171548)],[1],[0],[0],[4.464436624999507],['Target'],K_4,"001",2025-09-30_18h27.37.896,Visual Search Experiment_Urvashi Bhansali_13 September,,2025.2.0,120.16245916384389,2025-09-30 18h27.37.952523 +0530,
109,0,109,[np.float64(-0.09623430962343096)],[np.float64(-0.32322175732217573)],[1],[0],[0],[1.798546083000474],['Target'],109,0,109,0,273.16426533400045,,10,273.15567716700025,273.16426533400045,273.16426533400045,0.016788416998679168,274.9542824170003,[np.float64(-0.09623430962343096)],[np.float64(-0.32322175732217573)],[1],[0],[0],[1.798546083000474],['Target'],K_4,"001",2025-09-30_18h27.37.896,Visual Search Experiment_Urvashi Bhansali_13 September,,2025.2.0,120.16245916384389,2025-09-30 18h27.37.952523 +0530,
110,0,110,[np.float64(-0.02092050209205021)],[np.float64(0.45188284518828453)],[1],[0],[0],[2.4302137499998935],['Target'],110,0,110,0,274.983321959,,10,274.97400966700116,274.983321959,274.983321959,0.018340082999202423,277.4042872500013,[np.float64(-0.02092050209205021)],[np.float64(0.45188284518828453)],[1],[0],[0],[2.4302137499998935],['Target'],K_4,"001",2025-09-30_18h27.37.896,Visual Search Experiment_Urvashi Bhansali_13 September,,2025.2.0,120.16245916384389,2025-09-30 18h27.37.952523 +0530,
111,0,111,[np.float64(0.3368200836820084)],[np.float64(-0.06171548117154812)],[1],[0],[0],[2.66237750000073],['Target'],111,0,111,0,277.43340025,,10,277.42427879200113,277.43340025,277.43340025,0.01862204099961673,280.0867085000009,[np.float64(0.3368200836820084)],[np.float64(-0.06171548117154812)],[1],[0],[0],[2.66237750000073],['Target'],K_4,"001",2025-09-30_18h27.37.896,Visual Search Experiment_Urvashi Bhansali_13 September,,2025.2.0,120.16245916384389,2025-09-30 18h27.37.952523 +0530,
112,0,112,[np.float64(-0.3682008368200837)],[np.float64(-0.2834728033472803)],[1],[0],[0],[1.6224799589999748],['Target'],112,0,112,0,280.1064556250003,,5,280.09836041700146,280.1064556250003,280.1064556250003,0.010539667000557529,281.72091441700104,[np.float64(-0.3682008368200837)],[np.float64(-0.2834728033472803)],[1],[0],[0],[1.6224799589999748],['Target'],K_4,"001",2025-09-30_18h27.37.896,Visual Search Experiment_Urvashi Bhansali_13 September,,2025.2.0,120.16245916384389,2025-09-30 18h27.37.952523 +0530,
113,0,113,[np.float64(0.23535564853556484)],[np.float64(-0.401673640167364)],[1],[0],[0],[2.894379375000426],['Target'],113,0,113,0,281.75304241699996,,10,281.7428954170009,281.75304241699996,281.75304241699996,0.020507709001321928,284.63732654200066,[np.float64(0.23535564853556484)],[np.float64(-0.401673640167364)],[1],[0],[0],[2.894379375000426],['Target'],K_4,"001",2025-09-30_18h27.37.896,Visual Search Experiment_Urvashi Bhansali_13 September,,2025.2.0,120.16245916384389,2025-09-30 18h27.37.952523 +0530,
114,0,114,[np.float64(0.4665271966527197)],[np.float64(0.0020920502092050207)],[1],[0],[0],[2.7371208330005175],['Target'],114,0,114,0,284.659404334001,,5,284.6509607500011,284.659404334001,284.659404334001,0.012093875000573462,287.38815175000127,[np.float64(0.4665271966527197)],[np.float64(0.0020920502092050207)],[1],[0],[0],[2.7371208330005175],['Target'],K_4,"001",2025-09-30_18h27.37.896,Visual Search Experiment_Urvashi Bhansali_13 September,,2025.2.0,120.16245916384389,2025-09-30 18h27.37.952523 +0530,
115,0,115,[np.float64(0.3713389121338912)],[np.float64(-0.48640167364016734)],[1],[0],[0],[3.8683127080003032],['Target'],115,0,115,0,287.41055108399996,,5,287.40190158400037,287.41055108399996,287.41055108399996,0.012729916999887791,291.27028608399996,[np.float64(0.3713389121338912)],[np.float64(-0.48640167364016734)],[1],[0],[0],[3.8683127080003032],['Target'],K_4,"001",2025-09-30_18h27.37.896,Visual Search Experiment_Urvashi Bhansali_13 September,,2025.2.0,120.16245916384389,2025-09-30 18h27.37.952523 +0530,
116,0,116,[np.float64(-0.27615062761506276)],[np.float64(0.08682008368200837)],[1],[0],[0],[2.003429458000028],['Target'],116,0,116,0,291.2925602920004,,5,291.28380020900113,291.2925602920004,291.2925602920004,0.012155374999565538,293.287303000001,[np.float64(-0.27615062761506276)],[np.float64(0.08682008368200837)],[1],[0],[0],[2.003429458000028],['Target'],K_4,"001",2025-09-30_18h27.37.896,Visual Search Experiment_Urvashi Bhansali_13 September,,2025.2.0,120.16245916384389,2025-09-30 18h27.37.952523 +0530,
117,0,117,[np.float64(-0.2939330543933054)],[np.float64(-0.26359832635983266)],[1],[0],[0],[1.5367269580001448],['Target'],117,0,117,0,293.3092212500014,,5,293.30051616700075,293.3092212500014,293.3092212500014,0.011890375000803033,294.8373026670015,[np.float64(-0.2939330543933054)],[np.float64(-0.26359832635983266)],[1],[0],[0],[1.5367269580001448],['Target'],K_4,"001",2025-09-30_18h27.37.896,Visual Search Experiment_Urvashi Bhansali_13 September,,2025.2.0,120.16245916384389,2025-09-30 18h27.37.952523 +0530,
118,0,118,[np.float64(0.4027196652719665)],[np.float64(0.07635983263598327)],[1],[0],[0],[2.045173625001553],['Target'],118,0,118,0,294.86814312500064,,10,294.85848562499996,294.86814312500064,294.86814312500064,0.019620625000243308,296.9036960000012,[np.float64(0.4027196652719665)],[np.float64(0.07635983263598327)],[1],[0],[0],[2.045173625001553],['Target'],K_4,"001",2025-09-30_18h27.37.896,Visual Search Experiment_Urvashi Bhansali_13 September,,2025.2.0,120.16245916384389,2025-09-30 18h27.37.952523 +0530,
119,0,119,[np.float64(0.49476987447698745)],[np.float64(0.20711297071129708)],[1],[0],[0],[2.6892953750011657],['Target'],119,0,119,0,296.9239328340009,,5,296.9153419590002,296.9239328340009,296.9239328340009,0.010634207999828504,299.6047273340009,[np.float64(0.49476987447698745)],[np.float64(0.20711297071129708)],[1],[0],[0],[2.6892953750011657],['Target'],K_4,"001",2025-09-30_18h27.37.896,Visual Search Experiment_Urvashi Bhansali_13 September,,2025.2.0,120.16245916384389,2025-09-30 18h27.37.952523 +0530,
120,0,120,[np.float64(-0.32322175732217573)],[np.float64(-0.14644351464435146)],[1],[0],[0],[2.2676219169989054],['Target'],120,0,120,0,299.6280896670014,,5,299.6191849170009,299.6280896670014,299.6280896670014,0.012920665998535696,301.8868572500014,[np.float64(-0.32322175732217573)],[np.float64(-0.14644351464435146)],[1],[0],[0],[2.2676219169989054],['Target'],K_4,"001",2025-09-30_18h27.37.896,Visual Search Experiment_Urvashi Bhansali_13 September,,2025.2.0,120.16245916384389,2025-09-30 18h27.37.952523 +0530,
121,0,121,[np.float64(-0.007322175732217573)],[np.float64(-0.16108786610878661)],[1],[0],[0],[1.5561669590006204],['Target'],121,0,121,0,301.90777100000014,,5,301.8995722090003,301.90777100000014,301.90777100000014,0.01151741600006062,303.4557932919997,[np.float64(-0.007322175732217573)],[np.float64(-0.16108786610878661)],[1],[0],[0],[1.5561669590006204],['Target'],K_4,"001",2025-09-30_18h27.37.896,Visual Search Experiment_Urvashi Bhansali_13 September,,2025.2.0,120.16245916384389,2025-09-30 18h27.37.952523 +0530,
122,0,122,[np.float64(0.14958158995815898)],[np.float64(0.11715481171548117)],[1],[0],[0],[2.15091187500002],['Target'],122,0,122,0,303.4769016250011,,5,303.46844500000043,303.4769016250011,303.4769016250011,0.011525500000061584,305.6193912920007,[np.float64(0.14958158995815898)],[np.float64(0.11715481171548117)],[1],[0],[0],[2.15091187500002],['Target'],K_4,"001",2025-09-30_18h27.37.896,Visual Search Experiment_Urvashi Bhansali_13 September,,2025.2.0,120.16245916384389,2025-09-30 18h27.37.952523 +0530,
123,0,123,[np.float64(0.02405857740585774)],[np.float64(0.03556485355648536)],[1],[0],[0],[2.0770140000004176],['Target'],123,0,123,0,305.6338185420009,,5,305.62770741700115,305.6338185420009,305.6338185420009,0.007435292000081972,307.70481391700014,[np.float64(0.02405857740585774)],[np.float64(0.03556485355648536)],[1],[0],[0],[2.0770140000004176],['Target'],K_4,"001",2025-09-30_18h27.37.896,Visual Search Experiment_Urvashi Bhansali_13 September,,2025.2.0,120.16245916384389,2025-09-30 18h27.37.952523 +0530,
124,0,124,[np.float64(-0.15376569037656904)],[np.float64(0.15690376569037656)],[1],[0],[0],[1.5520739170005982],['Target'],124,0,124,0,307.7266820420009,,5,307.71835891699993,307.7266820420009,307.7266820420009,0.012079124999218038,309.2704529170005,[np.float64(-0.15376569037656904)],[np.float64(0.15690376569037656)],[1],[0],[0],[1.5520739170005982],['Target'],K_4,"001",2025-09-30_18h27.37.896,Visual Search Experiment_Urvashi Bhansali_13 September,,2025.2.0,120.16245916384389,2025-09-30 18h27.37.952523 +0530,
125,0,125,[np.float64(-0.37343096234309625)],[np.float64(0.006276150627615063)],[1],[0],[0],[1.6041743340010726],['Target'],125,0,125,0,309.2896422499998,,10,309.2824502500007,309.2896422499998,309.2896422499998,0.011108874999990803,310.88666654200097,[np.float64(-0.37343096234309625)],[np.float64(0.006276150627615063)],[1],[0],[0],[1.6041743340010726],['Target'],K_4,"001",2025-09-30_18h27.37.896,Visual Search Experiment_Urvashi Bhansali_13 September,,2025.2.0,120.16245916384389,2025-09-30 18h27.37.952523 +0530,
126,0,126,[np.float64(-0.3577405857740586)],[np.float64(-0.22384937238493724)],[1],[0],[0],[1.344746666998617],['Target'],126,0,126,0,310.8991477090003,,5,310.8935372920005,310.8991477090003,310.8991477090003,0.0059853749989997596,312.2383553340005,[np.float64(-0.3577405857740586)],[np.float64(-0.22384937238493724)],[1],[0],[0],[1.344746666998617],['Target'],K_4,"001",2025-09-30_18h27.37.896,Visual Search Experiment_Urvashi Bhansali_13 September,,2025.2.0,120.16245916384389,2025-09-30 18h27.37.952523 +0530,
127,0,127,[np.float64(0.4874476987447699)],[np.float64(-0.3598326359832636)],[1],[0],[0],[2.302041749999262],['Target'],127,0,127,0,312.2596032090005,,5,312.25140612500036,312.2596032090005,312.2596032090005,0.012029207999148639,314.55349941700115,[np.float64(0.4874476987447699)],[np.float64(-0.3598326359832636)],[1],[0],[0],[2.302041749999262],['Target'],K_4,"001",2025-09-30_18h27.37.896,Visual Search Experiment_Urvashi Bhansali_13 September,,2025.2.0,120.16245916384389,2025-09-30 18h27.37.952523 +0530,
128,0,128,[np.float64(0.02615062761506276)],[np.float64(0.17677824267782427)],[1],[0],[0],[1.8198264170005132],['Target'],128,0,128,0,314.5754605840011,,5,314.56697516700115,314.5754605840011,314.5754605840011,0.011702416999469278,316.38686125000095,[np.float64(0.02615062761506276)],[np.float64(0.17677824267782427)],[1],[0],[0],[1.8198264170005132],['Target'],K_4,"001",2025-09-30_18h27.37.896,Visual Search Experiment_Urvashi Bhansali_13 September,,2025.2.0,120.16245916384389,2025-09-30 18h27.37.952523 +0530,
129,0,129,[np.float64(-0.301255230125523)],[np.float64(-0.3880753138075314)],[1],[0],[0],[1.804512500000783],['Target'],129,0,129,0,316.4072805420001,,5,316.3988605000013,316.4072805420001,316.4072805420001,0.010330167000574875,318.2034348750003,[np.float64(-0.301255230125523)],[np.float64(-0.3880753138075314)],[1],[0],[0],[1.804512500000783],['Target'],K_4,"001",2025-09-30_18h27.37.896,Visual Search Experiment_Urvashi Bhansali_13 September,,2025.2.0,120.16245916384389,2025-09-30 18h27.37.952523 +0530,
130,0,130,[np.float64(-0.1903765690376569)],[np.float64(-0.08682008368200837)],[1],[0],[0],[1.3464453750002576],['Target'],130,0,130,0,318.2330254590015,,10,318.22360904200104,318.2330254590015,318.2330254590015,0.018670625000595464,319.5700938750015,[np.float64(-0.1903765690376569)],[np.float64(-0.08682008368200837)],[1],[0],[0],[1.3464453750002576],['Target'],K_4,"001",2025-09-30_18h27.37.896,Visual Search Experiment_Urvashi Bhansali_13 September,,2025.2.0,120.16245916384389,2025-09-30 18h27.37.952523 +0530,
131,0,131,[np.float64(0.3493723849372385)],[np.float64(-0.4707112970711297)],[1],[0],[0],[2.448153375000402],['Target'],131,0,131,0,319.5980643340008,,10,319.5887222500005,319.5980643340008,319.5980643340008,0.01772266700027103,322.0369289999999,[np.float64(0.3493723849372385)],[np.float64(-0.4707112970711297)],[1],[0],[0],[2.448153375000402],['Target'],K_4,"001",2025-09-30_18h27.37.896,Visual Search Experiment_Urvashi Bhansali_13 September,,2025.2.0,120.16245916384389,2025-09-30 18h27.37.952523 +0530,
132,0,132,[np.float64(0.01882845188284519)],[np.float64(0.2834728033472803)],[1],[0],[0],[1.7822607920006703],['Target'],132,0,132,0,322.06490108400067,,10,322.0551268750005,322.06490108400067,322.06490108400067,0.016733500000555068,323.83743970900105,[np.float64(0.01882845188284519)],[np.float64(0.2834728033472803)],[1],[0],[0],[1.7822607920006703],['Target'],K_4,"001",2025-09-30_18h27.37.896,Visual Search Experiment_Urvashi Bhansali_13 September,,2025.2.0,120.16245916384389,2025-09-30 18h27.37.952523 +0530,
133,0,133,[np.float64(0.39330543933054396)],[np.float64(-0.2730125523012552)],[1],[0],[0],[2.1700001249992056],['Target'],133,0,133,0,323.85817812500136,,5,323.8503276250012,323.85817812500136,323.85817812500136,0.010904250000749016,326.0203947500013,[np.float64(0.39330543933054396)],[np.float64(-0.2730125523012552)],[1],[0],[0],[2.1700001249992056],['Target'],K_4,"001",2025-09-30_18h27.37.896,Visual Search Experiment_Urvashi Bhansali_13 September,,2025.2.0,120.16245916384389,2025-09-30 18h27.37.952523 +0530,
134,0,134,[np.float64(0.01778242677824268)],[np.float64(-0.2405857740585774)],[1],[0],[0],[1.805142999999589],['Target'],134,0,134,0,326.0406524170012,,5,326.0327857090015,326.0406524170012,326.0406524170012,0.01084087500021269,327.8379800420007,[np.float64(0.01778242677824268)],[np.float64(-0.2405857740585774)],[1],[0],[0],[1.805142999999589],['Target'],K_4,"001",2025-09-30_18h27.37.896,Visual Search Experiment_Urvashi Bhansali_13 September,,2025.2.0,120.16245916384389,2025-09-30 18h27.37.952523 +0530,
135,0,135,[np.float64(0.15585774058577406)],[np.float64(0.45397489539748953)],[1],[0],[0],[2.7868385410001792],['Target'],135,0,135,0,327.8587612090014,,5,327.85051312500036,327.8587612090014,327.8587612090014,0.010917375000644824,330.6374090420013,[np.float64(0.15585774058577406)],[np.float64(0.45397489539748953)],[1],[0],[0],[2.7868385410001792],['Target'],K_4,"001",2025-09-30_18h27.37.896,Visual Search Experiment_Urvashi Bhansali_13 September,,2025.2.0,120.16245916384389,2025-09-30 18h27.37.952523 +0530,
136,0,136,[np.float64(0.3399581589958159)],[np.float64(-0.14644351464435146)],[1],[0],[0],[1.6862520829999994],['Target'],136,0,136,0,330.6585090839999,,5,330.65070000000014,330.6585090839999,330.6585090839999,0.01141845900019689,332.33699887500006,[np.float64(0.3399581589958159)],[np.float64(-0.14644351464435146)],[1],[0],[0],[1.6862520829999994],['Target'],K_4,"001",2025-09-30_18h27.37.896,Visual Search Experiment_Urvashi Bhansali_13 September,,2025.2.0,120.16245916384389,2025-09-30 18h27.37.952523 +0530,
137,0,137,[np.float64(0.06903765690376569)],[np.float64(-0.26359832635983266)],[1],[0],[0],[1.306235582998852],['Target'],137,0,137,0,332.3568013340009,,5,332.3485833750001,332.3568013340009,332.3568013340009,0.010615749999487889,333.654889292,[np.float64(0.06903765690376569)],[np.float64(-0.26359832635983266)],[1],[0],[0],[1.306235582998852],['Target'],K_4,"001",2025-09-30_18h27.37.896,Visual Search Experiment_Urvashi Bhansali_13 September,,2025.2.0,120.16245916384389,2025-09-30 18h27.37.952523 +0530,
138,0,138,[np.float64(0.35251046025104604)],[np.float64(0.200836820083682)],[1],[0],[0],[3.1269874579993484],['Target'],138,0,138,0,333.6873075000003,,10,333.6773887500003,333.6873075000003,333.6873075000003,0.020881291000478086,336.80443175000073,[np.float64(0.35251046025104604)],[np.float64(0.200836820083682)],[1],[0],[0],[3.1269874579993484],['Target'],K_4,"001",2025-09-30_18h27.37.896,Visual Search Experiment_Urvashi Bhansali_13 September,,2025.2.0,120.16245916384389,2025-09-30 18h27.37.952523 +0530,
139,0,139,[np.float64(-0.08368200836820083)],[np.float64(-0.3682008368200837)],[1],[0],[0],[2.1785119169999234],['Target'],139,0,139,0,336.8342106250002,,10,336.82517770900085,336.8342106250002,336.8342106250002,0.018840000000636792,339.0037387090015,[np.float64(-0.08368200836820083)],[np.float64(-0.3682008368200837)],[1],[0],[0],[2.1785119169999234],['Target'],K_4,"001",2025-09-30_18h27.37.896,Visual Search Experiment_Urvashi Bhansali_13 September,,2025.2.0,120.16245916384389,2025-09-30 18h27.37.952523 +0530,
140,0,140,[np.float64(0.08054393305439331)],[np.float64(0.446652719665272)],[1],[0],[0],[3.5151317919990106],['Target'],140,0,140,0,339.0312549999999,,10,339.02169954200144,339.0312549999999,339.0312549999999,0.016320833999998285,342.53687479200016,[np.float64(0.08054393305439331)],[np.float64(0.446652719665272)],[1],[0],[0],[3.5151317919990106],['Target'],K_4,"001",2025-09-30_18h27.37.896,Visual Search Experiment_Urvashi Bhansali_13 September,,2025.2.0,120.16245916384389,2025-09-30 18h27.37.952523 +0530,
141,0,141,[np.float64(0.3378661087866109)],[np.float64(-0.08786610878661087)],[1],[0],[0],[2.3472640840009262],['Target'],141,0,141,0,342.5654343340011,,10,342.5562345840008,342.5654343340011,342.5654343340011,0.01768633299980138,344.9035505419997,[np.float64(0.3378661087866109)],[np.float64(-0.08786610878661087)],[1],[0],[0],[2.3472640840009262],['Target'],K_4,"001",2025-09-30_18h27.37.896,Visual Search Experiment_Urvashi Bhansali_13 September,,2025.2.0,120.16245916384389,2025-09-30 18h27.37.952523 +0530,
142,0,142,[np.float64(0.22071129707112971)],[np.float64(0.28765690376569036)],[1],[0],[0],[1.5813383750009962],['Target'],142,0,142,0,344.9310502090011,,10,344.9223991250001,344.9310502090011,344.9310502090011,0.017394875001627952,346.50378054199973,[np.float64(0.22071129707112971)],[np.float64(0.28765690376569036)],[1],[0],[0],[1.5813383750009962],['Target'],K_4,"001",2025-09-30_18h27.37.896,Visual Search Experiment_Urvashi Bhansali_13 September,,2025.2.0,120.16245916384389,2025-09-30 18h27.37.952523 +0530,
143,0,143,[np.float64(0.06276150627615062)],[np.float64(0.05753138075313807)],[1],[0],[0],[1.2483849999989616],['Target'],143,0,143,0,346.5306817090004,,10,346.5216850000015,346.5306817090004,346.5306817090004,0.017025791999913054,347.770114500001,[np.float64(0.06276150627615062)],[np.float64(0.05753138075313807)],[1],[0],[0],[1.2483849999989616],['Target'],K_4,"001",2025-09-30_18h27.37.896,Visual Search Experiment_Urvashi Bhansali_13 September,,2025.2.0,120.16245916384389,2025-09-30 18h27.37.952523 +0530,
144,0,144,[np.float64(0.37552301255230125)],[np.float64(-0.15690376569037656)],[1],[0],[0],[1.455800542000361],['Target'],144,0,144,0,347.7888120000007,,5,347.7814485840008,347.7888120000007,347.7888120000007,0.009770208000190905,349.2373282919998,[np.float64(0.37552301255230125)],[np.float64(-0.15690376569037656)],[1],[0],[0],[1.455800542000361],['Target'],K_4,"001",2025-09-30_18h27.37.896,Visual Search Experiment_Urvashi Bhansali_13 September,,2025.2.0,120.16245916384389,2025-09-30 18h27.37.952523 +0530,
145,0,145,[np.float64(-0.1684100418410042)],[np.float64(0.29497907949790797)],[1],[0],[0],[1.886096333999376],['Target'],145,0,145,0,349.25894450000123,,5,349.25039687500066,349.25894450000123,349.25894450000123,0.011427375000494067,351.1365460420002,[np.float64(-0.1684100418410042)],[np.float64(0.29497907949790797)],[1],[0],[0],[1.886096333999376],['Target'],K_4,"001",2025-09-30_18h27.37.896,Visual Search Experiment_Urvashi Bhansali_13 September,,2025.2.0,120.16245916384389,2025-09-30 18h27.37.952523 +0530,
146,0,146,[np.float64(0.20711297071129708)],[np.float64(-0.26464435146443516)],[1],[0],[0],[2.713436541998817],['Target'],146,0,146,0,351.16649812500145,,10,351.1571637090001,351.16649812500145,351.16649812500145,0.018940208999993047,353.870652167001,[np.float64(0.20711297071129708)],[np.float64(-0.26464435146443516)],[1],[0],[0],[2.713436541998817],['Target'],K_4,"001",2025-09-30_18h27.37.896,Visual Search Experiment_Urvashi Bhansali_13 September,,2025.2.0,120.16245916384389,2025-09-30 18h27.37.952523 +0530,
147,0,147,[np.float64(-0.18723849372384938)],[np.float64(-0.4874476987447699)],[1],[0],[0],[3.030461624999589],['Target'],147,0,147,0,353.8987980840011,,10,353.8899708750014,353.8987980840011,353.8987980840011,0.017626165999899968,356.9204831250008,[np.float64(-0.18723849372384938)],[np.float64(-0.4874476987447699)],[1],[0],[0],[3.030461624999589],['Target'],K_4,"001",2025-09-30_18h27.37.896,Visual Search Experiment_Urvashi Bhansali_13 September,,2025.2.0,120.16245916384389,2025-09-30 18h27.37.952523 +0530,
148,0,148,[np.float64(0.2280334728033473)],[np.float64(0.3138075313807531)],[1],[0],[0],[2.2383014999995794],['Target'],148,0,148,0,356.9404017500001,,5,356.93273595900064,356.9404017500001,356.9404017500001,0.010417333000077633,359.1710990420015,[np.float64(0.2280334728033473)],[np.float64(0.3138075313807531)],[1],[0],[0],[2.2383014999995794],['Target'],K_4,"001",2025-09-30_18h27.37.896,Visual Search Experiment_Urvashi Bhansali_13 September,,2025.2.0,120.16245916384389,2025-09-30 18h27.37.952523 +0530,
149,0,149,[np.float64(-0.09100418410041841)],[np.float64(-0.21338912133891214)],[1],[0],[0],[1.8192070409986627],['Target'],149,0,149,0,359.1936238340004,,5,359.1850875,359.1936238340004,359.1936238340004,0.012419958000464248,361.00436891699974,[np.float64(-0.09100418410041841)],[np.float64(-0.21338912133891214)],[1],[0],[0],[1.8192070409986627],['Target'],K_4,"001",2025-09-30_18h27.37.896,Visual Search Experiment_Urvashi Bhansali_13 September,,2025.2.0,120.16245916384389,2025-09-30 18h27.37.952523 +0530,
150,0,150,[np.float64(0.4424686192468619)],[np.float64(0.32322175732217573)],[1],[0],[0],[2.7021250420002616],['Target'],150,0,150,0,361.027341250001,,5,361.0183301249999,361.027341250001,361.027341250001,0.012190875000669621,363.72051416700015,[np.float64(0.4424686192468619)],[np.float64(0.32322175732217573)],[1],[0],[0],[2.7021250420002616],['Target'],K_4,"001",2025-09-30_18h27.37.896,Visual Search Experiment_Urvashi Bhansali_13 September,,2025.2.0,120.16245916384389,2025-09-30 18h27.37.952523 +0530,
151,0,151,[np.float64(-0.0198744769874477)],[np.float64(0.07845188284518828)],[1],[0],[0],[1.9037342080009694],['Target'],151,0,151,0,363.7418575419997,,5,363.733800375001,363.7418575419997,363.7418575419997,0.011663416000374127,365.63760095900034,[np.float64(-0.0198744769874477)],[np.float64(0.07845188284518828)],[1],[0],[0],[1.9037342080009694],['Target'],K_4,"001",2025-09-30_18h27.37.896,Visual Search Experiment_Urvashi Bhansali_13 September,,2025.2.0,120.16245916384389,2025-09-30 18h27.37.952523 +0530,
152,0,152,[np.float64(0.14330543933054393)],[np.float64(0.03556485355648536)],[1],[0],[0],[1.6193253330002335],['Target'],152,0,152,0,365.65879375000077,,5,365.6505846250002,365.65879375000077,365.65879375000077,0.011459542000011425,367.26998458399976,[np.float64(0.14330543933054393)],[np.float64(0.03556485355648536)],[1],[0],[0],[1.6193253330002335],['Target'],K_4,"001",2025-09-30_18h27.37.896,Visual Search Experiment_Urvashi Bhansali_13 September,,2025.2.0,120.16245916384389,2025-09-30 18h27.37.952523 +0530,
153,0,153,[np.float64(0.3786610878661088)],[np.float64(-0.36401673640167365)],[1],[0],[0],[3.9785159589991963],['Target'],153,0,153,0,367.301704042,,10,367.2918394590015,367.301704042,367.301704042,0.02015304099950299,371.27041479200125,[np.float64(0.3786610878661088)],[np.float64(-0.36401673640167365)],[1],[0],[0],[3.9785159589991963],['Target'],K_4,"001",2025-09-30_18h27.37.896,Visual Search Experiment_Urvashi Bhansali_13 September,,2025.2.0,120.16245916384389,2025-09-30 18h27.37.952523 +0530,
154,0,154,[np.float64(0.04707112970711297)],[np.float64(0.18410041841004185)],[1],[0],[0],[2.2047635409999202],['Target'],154,0,154,0,371.29127462500037,,5,371.28326200000083,371.29127462500037,371.29127462500037,0.011110333000033279,373.4880857090011,[np.float64(0.04707112970711297)],[np.float64(0.18410041841004185)],[1],[0],[0],[2.2047635409999202],['Target'],K_4,"001",2025-09-30_18h27.37.896,Visual Search Experiment_Urvashi Bhansali_13 September,,2025.2.0,120.16245916384389,2025-09-30 18h27.37.952523 +0530,
155,0,155,[np.float64(-0.2301255230125523)],[np.float64(-0.13702928870292888)],[1],[0],[0],[2.2852122919994144],['Target'],155,0,155,0,373.50952483400033,,5,373.50139050000143,373.50952483400033,373.50952483400033,0.011235917001613416,375.7866547499998,[np.float64(-0.2301255230125523)],[np.float64(-0.13702928870292888)],[1],[0],[0],[2.2852122919994144],['Target'],K_4,"001",2025-09-30_18h27.37.896,Visual Search Experiment_Urvashi Bhansali_13 September,,2025.2.0,120.16245916384389,2025-09-30 18h27.37.952523 +0530,
156,0,156,[np.float64(-0.027196652719665274)],[np.float64(-0.13807531380753138)],[1],[0],[0],[2.245918624999831],['Target'],156,0,156,0,375.81673579200105,,10,375.80766345899974,375.81673579200105,375.81673579200105,0.01941787499890779,378.05361995900057,[np.float64(-0.027196652719665274)],[np.float64(-0.13807531380753138)],[1],[0],[0],[2.245918624999831],['Target'],K_4,"001",2025-09-30_18h27.37.896,Visual Search Experiment_Urvashi Bhansali_13 September,,2025.2.0,120.16245916384389,2025-09-30 18h27.37.952523 +0530,
157,0,157,[np.float64(0.07845188284518828)],[np.float64(-0.3389121338912134)],[1],[0],[0],[2.880244499998298],['Target'],157,0,157,0,378.08100600000034,,10,378.07239762500103,378.08100600000034,378.08100600000034,0.016905916998439352,380.9526761670004,[np.float64(0.07845188284518828)],[np.float64(-0.3389121338912134)],[1],[0],[0],[2.880244499998298],['Target'],K_4,"001",2025-09-30_18h27.37.896,Visual Search Experiment_Urvashi Bhansali_13 September,,2025.2.0,120.16245916384389,2025-09-30 18h27.37.952523 +0530,
158,0,158,[np.float64(-0.18514644351464435)],[np.float64(-0.22489539748953974)],[1],[0],[0],[2.533965916998568],['Target'],158,0,158,0,380.9778101669999,,10,380.96969225000066,380.9778101669999,380.9778101669999,0.01544099999955506,383.50371770899983,[np.float64(-0.18514644351464435)],[np.float64(-0.22489539748953974)],[1],[0],[0],[2.533965916998568],['Target'],K_4,"001",2025-09-30_18h27.37.896,Visual Search Experiment_Urvashi Bhansali_13 September,,2025.2.0,120.16245916384389,2025-09-30 18h27.37.952523 +0530,
159,0,159,[np.float64(-0.021966527196652718)],[np.float64(-0.11820083682008369)],[1],[0],[0],[10.75473995900029],[None],159,0,159,0,383.5232949170004,,5,383.5156910000005,383.5232949170004,383.5232949170004,0.01016091699966637,394.2705071670007,[np.float64(-0.021966527196652718)],[np.float64(-0.11820083682008369)],[1],[0],[0],[10.75473995900029],[None],K_4,"001",2025-09-30_18h27.37.896,Visual Search Experiment_Urvashi Bhansali_13 September,,2025.2.0,120.16245916384389,2025-09-30 18h27.37.952523 +0530,
160,0,160,[np.float64(0.4435146443514644)],[np.float64(0.0397489539748954)],[1],[0],[0],[2.2357146670001384],['Target'],160,0,160,0,394.2924245000013,,5,394.2837785419997,394.2924245000013,394.2924245000013,0.011621541998465545,396.5195462090014,[np.float64(0.4435146443514644)],[np.float64(0.0397489539748954)],[1],[0],[0],[2.2357146670001384],['Target'],K_4,"001",2025-09-30_18h27.37.896,Visual Search Experiment_Urvashi Bhansali_13 September,,2025.2.0,120.16245916384389,2025-09-30 18h27.37.952523 +0530,
161,0,161,[np.float64(0.007322175732217573)],[np.float64(0.40585774058577406)],[1],[0],[0],[3.6464700839987927],['Target'],161,0,161,0,396.54926866700043,,10,396.5401461250003,396.54926866700043,396.54926866700043,0.01942975000019942,400.1866573340012,[np.float64(0.007322175732217573)],[np.float64(0.40585774058577406)],[1],[0],[0],[3.6464700839987927],['Target'],K_4,"001",2025-09-30_18h27.37.896,Visual Search Experiment_Urvashi Bhansali_13 September,,2025.2.0,120.16245916384389,2025-09-30 18h27.37.952523 +0530,
162,0,162,[np.float64(0.2384937238493724)],[np.float64(-0.12133891213389121)],[1],[0],[0],[1.8727572090010653],['Target'],162,0,162,0,400.20525700000144,,5,400.19759262499974,400.20525700000144,400.20525700000144,0.009256708000975777,402.0704161670001,[np.float64(0.2384937238493724)],[np.float64(-0.12133891213389121)],[1],[0],[0],[1.8727572090010653],['Target'],K_4,"001",2025-09-30_18h27.37.896,Visual Search Experiment_Urvashi Bhansali_13 September,,2025.2.0,120.16245916384389,2025-09-30 18h27.37.952523 +0530,
163,0,163,[np.float64(-0.04602510460251046)],[np.float64(-0.49372384937238495)],[1],[0],[0],[2.4622300840001117],['Target'],163,0,163,0,402.10030854199977,,10,402.09089841700006,402.10030854199977,402.10030854199977,0.01885795799898915,404.55316970900094,[np.float64(-0.04602510460251046)],[np.float64(-0.49372384937238495)],[1],[0],[0],[2.4622300840001117],['Target'],K_4,"001",2025-09-30_18h27.37.896,Visual Search Experiment_Urvashi Bhansali_13 September,,2025.2.0,120.16245916384389,2025-09-30 18h27.37.952523 +0530,
164,0,164,[np.float64(-0.4686192468619247)],[np.float64(0.12552301255230125)],[1],[0],[0],[3.0316369169995596],['Target'],164,0,164,0,404.5809928340004,,10,404.5713107090014,404.5809928340004,404.5809928340004,0.016396875000282307,407.6029926250012,[np.float64(-0.4686192468619247)],[np.float64(0.12552301255230125)],[1],[0],[0],[3.0316369169995596],['Target'],K_4,"001",2025-09-30_18h27.37.896,Visual Search Experiment_Urvashi Bhansali_13 September,,2025.2.0,120.16245916384389,2025-09-30 18h27.37.952523 +0530,
165,0,165,[np.float64(0.010460251046025104)],[np.float64(-0.26778242677824265)],[1],[0],[0],[3.964423584000542],['Target'],165,0,165,0,407.6315785000006,,10,407.6225668750012,407.6315785000006,407.6315785000006,0.017897083000207203,411.587040542001,[np.float64(0.010460251046025104)],[np.float64(-0.26778242677824265)],[1],[0],[0],[3.964423584000542],['Target'],K_4,"001",2025-09-30_18h27.37.896,Visual Search Experiment_Urvashi Bhansali_13 September,,2025.2.0,120.16245916384389,2025-09-30 18h27.37.952523 +0530,
166,0,166,[np.float64(0.4341004184100418)],[np.float64(-0.06903765690376569)],[1],[0],[0],[4.682602167000368],['Target'],166,0,166,0,411.6143752090011,,10,411.6047505000006,411.6143752090011,411.6143752090011,0.016165791999810608,416.28741179200006,[np.float64(0.4341004184100418)],[np.float64(-0.06903765690376569)],[1],[0],[0],[4.682602167000368],['Target'],K_4,"001",2025-09-30_18h27.37.896,Visual Search Experiment_Urvashi Bhansali_13 September,,2025.2.0,120.16245916384389,2025-09-30 18h27.37.952523 +0530,
167,0,167,[np.float64(0.3713389121338912)],[np.float64(-0.3493723849372385)],[1],[0],[0],[2.705267041999832],['Target'],167,0,167,0,416.30755741699977,,5,416.29954675000045,416.30755741699977,416.30755741699977,0.010427667000840302,419.0049167500001,[np.float64(0.3713389121338912)],[np.float64(-0.3493723849372385)],[1],[0],[0],[2.705267041999832],['Target'],K_4,"001",2025-09-30_18h27.37.896,Visual Search Experiment_Urvashi Bhansali_13 September,,2025.2.0,120.16245916384389,2025-09-30 18h27.37.952523 +0530,
168,0,168,[np.float64(0.051255230125523014)],[np.float64(0.3284518828451883)],[1],[0],[0],[1.8608578339990345],['Target'],168,0,168,0,419.03501725000024,,10,419.0260467090011,419.03501725000024,419.03501725000024,0.0195548339997913,420.88694487500106,[np.float64(0.051255230125523014)],[np.float64(0.3284518828451883)],[1],[0],[0],[1.8608578339990345],['Target'],K_4,"001",2025-09-30_18h27.37.896,Visual Search Experiment_Urvashi Bhansali_13 September,,2025.2.0,120.16245916384389,2025-09-30 18h27.37.952523 +0530,
169,0,169,[np.float64(0.17468619246861924)],[np.float64(0.47175732217573224)],[1],[0],[0],[2.043826875000377],['Target'],169,0,169,0,420.9060078340008,,5,420.89806450000106,420.9060078340008,420.9060078340008,0.009863665998636861,422.94197325000096,[np.float64(0.17468619246861924)],[np.float64(0.47175732217573224)],[1],[0],[0],[2.043826875000377],['Target'],K_4,"001",2025-09-30_18h27.37.896,Visual Search Experiment_Urvashi Bhansali_13 September,,2025.2.0,120.16245916384389,2025-09-30 18h27.37.952523 +0530,
170,0,170,[np.float64(-0.06276150627615062)],[np.float64(0.15271966527196654)],[1],[0],[0],[2.3091755419991387],['Target'],170,0,170,0,422.9707165840009,,10,422.9613387090012,422.9707165840009,422.9707165840009,0.018050167000183137,425.27056616700065,[np.float64(-0.06276150627615062)],[np.float64(0.15271966527196654)],[1],[0],[0],[2.3091755419991387],['Target'],K_4,"001",2025-09-30_18h27.37.896,Visual Search Experiment_Urvashi Bhansali_13 September,,2025.2.0,120.16245916384389,2025-09-30 18h27.37.952523 +0530,
171,0,171,[np.float64(-0.08054393305439331)],[np.float64(-0.4476987447698745)],[1],[0],[0],[3.497426332998657],['Target'],171,0,171,0,425.2982278750005,,10,425.28933245900043,425.2982278750005,425.2982278750005,0.01705699999911303,428.78680625000015,[np.float64(-0.08054393305439331)],[np.float64(-0.4476987447698745)],[1],[0],[0],[3.497426332998657],['Target'],K_4,"001",2025-09-30_18h27.37.896,Visual Search Experiment_Urvashi Bhansali_13 September,,2025.2.0,120.16245916384389,2025-09-30 18h27.37.952523 +0530,
172,0,172,[np.float64(0.25627615062761505)],[np.float64(0.49476987447698745)],[1],[0],[0],[3.868148999999903],['Target'],172,0,172,0,428.81415775000096,,10,428.80547275000026,428.81415775000096,428.81415775000096,0.016961291001280188,432.6736825420012,[np.float64(0.25627615062761505)],[np.float64(0.49476987447698745)],[1],[0],[0],[3.868148999999903],['Target'],K_4,"001",2025-09-30_18h27.37.896,Visual Search Experiment_Urvashi Bhansali_13 September,,2025.2.0,120.16245916384389,2025-09-30 18h27.37.952523 +0530,
173,0,173,[np.float64(0.46443514644351463)],[np.float64(0.34205020920502094)],[1],[0],[0],[2.203065625000818],['Target'],173,0,173,0,432.6920817090013,,5,432.6845578749999,432.6920817090013,432.6920817090013,0.009684124999694177,434.8876836670006,[np.float64(0.46443514644351463)],[np.float64(0.34205020920502094)],[1],[0],[0],[2.203065625000818],['Target'],K_4,"001",2025-09-30_18h27.37.896,Visual Search Experiment_Urvashi Bhansali_13 September,,2025.2.0,120.16245916384389,2025-09-30 18h27.37.952523 +0530,
174,0,174,[np.float64(-0.11820083682008369)],[np.float64(0.48535564853556484)],[1],[0],[0],[2.580836958000873],['Target'],174,0,174,0,434.92017420900083,,10,434.90962233400023,434.92017420900083,434.92017420900083,0.020693791999292444,437.4905057920005,[np.float64(-0.11820083682008369)],[np.float64(0.48535564853556484)],[1],[0],[0],[2.580836958000873],['Target'],K_4,"001",2025-09-30_18h27.37.896,Visual Search Experiment_Urvashi Bhansali_13 September,,2025.2.0,120.16245916384389,2025-09-30 18h27.37.952523 +0530,
175,0,175,[np.float64(0.2918410041841004)],[np.float64(-0.32426778242677823)],[1],[0],[0],[4.11101220800083],['Target'],175,0,175,0,437.5170607500004,,10,437.508555417,437.5170607500004,437.5170607500004,0.016999125000438653,441.61961387500014,[np.float64(0.2918410041841004)],[np.float64(-0.32426778242677823)],[1],[0],[0],[4.11101220800083],['Target'],K_4,"001",2025-09-30_18h27.37.896,Visual Search Experiment_Urvashi Bhansali_13 September,,2025.2.0,120.16245916384389,2025-09-30 18h27.37.952523 +0530,
176,0,176,[np.float64(0.14435146443514643)],[np.float64(0.12656903765690378)],[1],[0],[0],[2.6485698750002484],['Target'],176,0,176,0,441.6474448750014,,10,441.6385449589998,441.6474448750014,441.6474448750014,0.01729920899924764,444.2871706250007,[np.float64(0.14435146443514643)],[np.float64(0.12656903765690378)],[1],[0],[0],[2.6485698750002484],['Target'],K_4,"001",2025-09-30_18h27.37.896,Visual Search Experiment_Urvashi Bhansali_13 September,,2025.2.0,120.16245916384389,2025-09-30 18h27.37.952523 +0530,
177,0,177,[np.float64(-0.35251046025104604)],[np.float64(0.4205020920502092)],[1],[0],[0],[1.9130735840008128],['Target'],177,0,177,0,444.3152072920002,,10,444.3064504169997,444.3152072920002,444.3152072920002,0.01758108299873129,446.2195655000014,[np.float64(-0.35251046025104604)],[np.float64(0.4205020920502092)],[1],[0],[0],[1.9130735840008128],['Target'],K_4,"001",2025-09-30_18h27.37.896,Visual Search Experiment_Urvashi Bhansali_13 September,,2025.2.0,120.16245916384389,2025-09-30 18h27.37.952523 +0530,
178,0,178,[np.float64(0.0010460251046025104)],[np.float64(0.3692468619246862)],[1],[0],[0],[1.8231825409984594],['Target'],178,0,178,0,446.23887900000045,,5,446.23091670900067,446.23887900000045,446.23887900000045,0.009941000000253553,448.05417595900144,[np.float64(0.0010460251046025104)],[np.float64(0.3692468619246862)],[1],[0],[0],[1.8231825409984594],['Target'],K_4,"001",2025-09-30_18h27.37.896,Visual Search Experiment_Urvashi Bhansali_13 September,,2025.2.0,120.16245916384389,2025-09-30 18h27.37.952523 +0530,
179,0,179,[np.float64(-0.2625523012552301)],[np.float64(0.3190376569037657)],[1],[0],[0],[1.812110583001413],['Target'],179,0,179,0,448.0844593340007,,10,448.0750141670014,448.0844593340007,448.0844593340007,0.01934495900059119,449.8871641250007,[np.float64(-0.2625523012552301)],[np.float64(0.3190376569037657)],[1],[0],[0],[1.812110583001413],['Target'],K_4,"001",2025-09-30_18h27.37.896,Visual Search Experiment_Urvashi Bhansali_13 September,,2025.2.0,120.16245916384389,2025-09-30 18h27.37.952523 +0530,
180,0,180,[np.float64(-0.10669456066945607)],[np.float64(0.3985355648535565)],[1],[0],[0],[1.4465574159985408],['Target'],180,0,180,0,449.91531033400133,,10,449.90659100000084,449.91531033400133,449.91531033400133,0.017528125001263106,451.35319362500013,[np.float64(-0.10669456066945607)],[np.float64(0.3985355648535565)],[1],[0],[0],[1.4465574159985408],['Target'],K_4,"001",2025-09-30_18h27.37.896,Visual Search Experiment_Urvashi Bhansali_13 September,,2025.2.0,120.16245916384389,2025-09-30 18h27.37.952523 +0530,
181,0,181,[np.float64(-0.23430962343096234)],[np.float64(0.3807531380753138)],[1],[0],[0],[1.5045790420008416],['Target'],181,0,181,0,451.372062542001,,5,451.3651026250009,451.372062542001,451.372062542001,0.010271791999912239,452.8697405840012,[np.float64(-0.23430962343096234)],[np.float64(0.3807531380753138)],[1],[0],[0],[1.5045790420008416],['Target'],K_4,"001",2025-09-30_18h27.37.896,Visual Search Experiment_Urvashi Bhansali_13 September,,2025.2.0,120.16245916384389,2025-09-30 18h27.37.952523 +0530,
182,0,182,[np.float64(-0.21548117154811716)],[np.float64(0.4194560669456067)],[1],[0],[0],[0.9713417909988493],['Target'],182,0,182,0,452.8906394170008,,5,452.8821527500004,452.8906394170008,452.8906394170008,0.01069462499981455,453.8535628340014,[np.float64(-0.21548117154811716)],[np.float64(0.4194560669456067)],[1],[0],[0],[0.9713417909988493],['Target'],K_4,"001",2025-09-30_18h27.37.896,Visual Search Experiment_Urvashi Bhansali_13 September,,2025.2.0,120.16245916384389,2025-09-30 18h27.37.952523 +0530,
183,0,183,[np.float64(0.3263598326359833)],[np.float64(0.12552301255230125)],[1],[0],[0],[1.2029705839995586],['Target'],183,0,183,0,453.8753873750011,,5,453.8671271250005,453.8753873750011,453.8753873750011,0.01160945900119259,455.07014750000053,[np.float64(0.3263598326359833)],[np.float64(0.12552301255230125)],[1],[0],[0],[1.2029705839995586],['Target'],K_4,"001",2025-09-30_18h27.37.896,Visual Search Experiment_Urvashi Bhansali_13 September,,2025.2.0,120.16245916384389,2025-09-30 18h27.37.952523 +0530,
184,0,184,[np.float64(-0.2907949790794979)],[np.float64(-0.0596234309623431)],[1],[0],[0],[2.0121466250002413],['Target'],184,0,184,0,455.09996125,,10,455.0909637920013,455.09996125,455.09996125,0.019336708999617258,457.103157042,[np.float64(-0.2907949790794979)],[np.float64(-0.0596234309623431)],[1],[0],[0],[2.0121466250002413],['Target'],K_4,"001",2025-09-30_18h27.37.896,Visual Search Experiment_Urvashi Bhansali_13 September,,2025.2.0,120.16245916384389,2025-09-30 18h27.37.952523 +0530,
185,0,185,[np.float64(0.3127615062761506)],[np.float64(0.26673640167364016)],[1],[0],[0],[1.7887950419990375],['Target'],185,0,185,0,457.1226399590014,,5,457.11476920899986,457.1226399590014,457.1226399590014,0.010327832998882513,458.90362508399994,[np.float64(0.3127615062761506)],[np.float64(0.26673640167364016)],[1],[0],[0],[1.7887950419990375],['Target'],K_4,"001",2025-09-30_18h27.37.896,Visual Search Experiment_Urvashi Bhansali_13 September,,2025.2.0,120.16245916384389,2025-09-30 18h27.37.952523 +0530,
186,0,186,[np.float64(-0.2730125523012552)],[np.float64(-0.060669456066945605)],[1],[0],[0],[2.348438625000199],['Target'],186,0,186,0,458.93289579200064,,10,458.92376195900033,458.93289579200064,458.93289579200064,0.01898816599896236,461.2723009170004,[np.float64(-0.2730125523012552)],[np.float64(-0.060669456066945605)],[1],[0],[0],[2.348438625000199],['Target'],K_4,"001",2025-09-30_18h27.37.896,Visual Search Experiment_Urvashi Bhansali_13 September,,2025.2.0,120.16245916384389,2025-09-30 18h27.37.952523 +0530,
187,0,187,[np.float64(-0.3786610878661088)],[np.float64(-0.24581589958158995)],[1],[0],[0],[1.2261322499998641],['Target'],187,0,187,0,461.3041296250012,,10,461.29462200000125,461.3041296250012,461.3041296250012,0.014902375000019674,462.52081312500013,[np.float64(-0.3786610878661088)],[np.float64(-0.24581589958158995)],[1],[0],[0],[1.2261322499998641],['Target'],K_4,"001",2025-09-30_18h27.37.896,Visual Search Experiment_Urvashi Bhansali_13 September,,2025.2.0,120.16245916384389,2025-09-30 18h27.37.952523 +0530,
188,0,188,[np.float64(-0.34414225941422594)],[np.float64(-0.2792887029288703)],[1],[0],[0],[1.8659374999988358],['Target'],188,0,188,0,462.5414387920009,,5,462.5348968750004,462.5414387920009,462.5414387920009,0.01259475000006205,464.4009294590014,[np.float64(-0.34414225941422594)],[np.float64(-0.2792887029288703)],[1],[0],[0],[1.8659374999988358],['Target'],K_4,"001",2025-09-30_18h27.37.896,Visual Search Experiment_Urvashi Bhansali_13 September,,2025.2.0,120.16245916384389,2025-09-30 18h27.37.952523 +0530,
189,0,189,[np.float64(-0.3598326359832636)],[np.float64(-0.36297071129707115)],[1],[0],[0],[1.6637647919997107],['Target'],189,0,189,0,464.43408962500143,,10,464.42381008400116,464.43408962500143,464.43408962500143,0.021377791999839246,466.0876798750014,[np.float64(-0.3598326359832636)],[np.float64(-0.36297071129707115)],[1],[0],[0],[1.6637647919997107],['Target'],K_4,"001",2025-09-30_18h27.37.896,Visual Search Experiment_Urvashi Bhansali_13 September,,2025.2.0,120.16245916384389,2025-09-30 18h27.37.952523 +0530,
190,0,190,[np.float64(0.3294979079497908)],[np.float64(0.448744769874477)],[1],[0],[0],[2.42546399999992],['Target'],190,0,190,0,466.12041254200085,,10,466.1116698340011,466.12041254200085,466.12041254200085,0.022230708998904447,468.5371779590005,[np.float64(0.3294979079497908)],[np.float64(0.448744769874477)],[1],[0],[0],[2.42546399999992],['Target'],K_4,"001",2025-09-30_18h27.37.896,Visual Search Experiment_Urvashi Bhansali_13 September,,2025.2.0,120.16245916384389,2025-09-30 18h27.37.952523 +0530,
191,0,191,[np.float64(-0.030334728033472803)],[np.float64(-0.4476987447698745)],[1],[0],[0],[2.754876915998466],['Target'],191,0,191,0,468.5571990839999,,5,468.5492869999998,468.5571990839999,468.5571990839999,0.010250583000015467,471.30423987500035,[np.float64(-0.030334728033472803)],[np.float64(-0.4476987447698745)],[1],[0],[0],[2.754876915998466],['Target'],K_4,"001",2025-09-30_18h27.37.896,Visual Search Experiment_Urvashi Bhansali_13 September,,2025.2.0,120.16245916384389,2025-09-30 18h27.37.952523 +0530,
192,0,192,[np.float64(0.1903765690376569)],[np.float64(0.06485355648535565)],[1],[0],[0],[1.7773905829999421],['Target'],192,0,192,0,471.33602125000107,,10,471.3264104589998,471.33602125000107,471.33602125000107,0.02038708300096914,473.1038434590009,[np.float64(0.1903765690376569)],[np.float64(0.06485355648535565)],[1],[0],[0],[1.7773905829999421],['Target'],K_4,"001",2025-09-30_18h27.37.896,Visual Search Experiment_Urvashi Bhansali_13 September,,2025.2.0,120.16245916384389,2025-09-30 18h27.37.952523 +0530,
193,0,193,[np.float64(0.4351464435146444)],[np.float64(-0.46443514644351463)],[1],[0],[0],[4.046689624999999],['Target'],193,0,193,0,473.1325280000001,,10,473.1234626250007,473.1325280000001,473.1325280000001,0.017854208999779075,477.170196250001,[np.float64(0.4351464435146444)],[np.float64(-0.46443514644351463)],[1],[0],[0],[4.046689624999999],['Target'],K_4,"001",2025-09-30_18h27.37.896,Visual Search Experiment_Urvashi Bhansali_13 September,,2025.2.0,120.16245916384389,2025-09-30 18h27.37.952523 +0530,
194,0,194,[np.float64(-0.45502092050209203)],[np.float64(-0.3807531380753138)],[1],[0],[0],[2.1544797909991757],['Target'],194,0,194,0,477.1903550420011,,5,477.18226416700054,477.1903550420011,477.1903550420011,0.010365957999965758,479.33679645899974,[np.float64(-0.45502092050209203)],[np.float64(-0.3807531380753138)],[1],[0],[0],[2.1544797909991757],['Target'],K_4,"001",2025-09-30_18h27.37.896,Visual Search Experiment_Urvashi Bhansali_13 September,,2025.2.0,120.16245916384389,2025-09-30 18h27.37.952523 +0530,
195,0,195,[np.float64(0.2510460251046025)],[np.float64(0.032426778242677826)],[1],[0],[0],[1.420684374999837],['Target'],195,0,195,0,479.3580089170009,,5,479.3497475840013,479.3580089170009,479.3580089170009,0.011168457998792292,480.77048895900043,[np.float64(0.2510460251046025)],[np.float64(0.032426778242677826)],[1],[0],[0],[1.420684374999837],['Target'],K_4,"001",2025-09-30_18h27.37.896,Visual Search Experiment_Urvashi Bhansali_13 September,,2025.2.0,120.16245916384389,2025-09-30 18h27.37.952523 +0530,
196,0,196,[np.float64(-0.4665271966527197)],[np.float64(0.4320083682008368)],[1],[0],[0],[2.6694244999998773],['Target'],196,0,196,0,480.7923535000009,,5,480.7841035000001,480.7923535000009,480.7923535000009,0.011703833000865416,483.4535985000002,[np.float64(-0.4665271966527197)],[np.float64(0.4320083682008368)],[1],[0],[0],[2.6694244999998773],['Target'],K_4,"001",2025-09-30_18h27.37.896,Visual Search Experiment_Urvashi Bhansali_13 September,,2025.2.0,120.16245916384389,2025-09-30 18h27.37.952523 +0530,
197,0,197,[np.float64(-0.12761506276150628)],[np.float64(-0.0041841004184100415)],[1],[0],[0],[2.6296203750007408],['Target'],197,0,197,0,483.47593037499973,,5,483.4672399170013,483.47593037499973,483.47593037499973,0.012062583000442828,486.09692641699985,[np.float64(-0.12761506276150628)],[np.float64(-0.0041841004184100415)],[1],[0],[0],[2.6296203750007408],['Target'],K_4,"001",2025-09-30_18h27.37.896,Visual Search Experiment_Urvashi Bhansali_13 September,,2025.2.0,120.16245916384389,2025-09-30 18h27.37.952523 +0530,
198,0,198,[np.float64(-0.3786610878661088)],[np.float64(-0.35669456066945604)],[1],[0],[0],[1.7266513340000529],['Target'],198,0,198,0,486.11909545900016,,5,486.1105337090012,486.11909545900016,486.11909545900016,0.012083874999007094,487.8372371250007,[np.float64(-0.3786610878661088)],[np.float64(-0.35669456066945604)],[1],[0],[0],[1.7266513340000529],['Target'],K_4,"001",2025-09-30_18h27.37.896,Visual Search Experiment_Urvashi Bhansali_13 September,,2025.2.0,120.16245916384389,2025-09-30 18h27.37.952523 +0530,
199,0,199,[np.float64(0.26778242677824265)],[np.float64(-0.35355648535564854)],[1],[0],[0],[1.75467958399895],['Target'],199,0,199,0,487.8574902500004,,5,487.84931204200075,487.8574902500004,487.8574902500004,0.010476375000507687,489.604061,[np.float64(0.26778242677824265)],[np.float64(-0.35355648535564854)],[1],[0],[0],[1.75467958399895],['Target'],K_4,"001",2025-09-30_18h27.37.896,Visual Search Experiment_Urvashi Bhansali_13 September,,2025.2.0,120.16245916384389,2025-09-30 18h27.37.952523 +0530,
