22.7769 	WARNING 	Font Manager failed to load file /System/Library/PrivateFrameworks/FontServices.framework/Resources/Reserved/PingFangUI.ttc
22.8711 	WARNING 	Font Manager failed to load file /System/Library/PrivateFrameworks/FontServices.framework/Resources/Reserved/PingFangUI.ttc
31.7820 	INFO 	Loaded monitor calibration from ['2025_08_12 07:11']
31.7982 	WARNING 	User requested fullscreen with size [1024  768], but screen is actually [1470, 956]. Using actual size
32.0644 	INFO 	Using renderer 'Apple M2' for graphics
32.0644 	INFO 	OpenGL version supported by driver is 2..
32.1213 	EXP 	Created window1 = Window(allowGUI=False, allowStencil=False, autoLog=True, backendConf=UNKNOWN, backgroundFit=<method-wrapper '__getattribute__' of attributeSetter object at 0x1550a23e0>, backgroundImage=<method-wrapper '__getattribute__' of attributeSetter object at 0x1550a2440>, bitsMode=UNKNOWN, blendMode='avg', bpc=(8, 8, 8), color=array([0, 0, 0]), colorSpace='rgb', depthBits=8, fullscr=True, gamma=None, gammaErrorPolicy='raise', infoMsg=UNKNOWN, lms=UNKNOWN, monitor=<psychopy.monitors.calibTools.Monitor object at 0x15501ad70>, multiSample=False, name='window1', numSamples=2, pos=[np.float64(0.0), np.float64(0.0)], screen=0, size=array([2940, 1912]), stencilBits=0, stereo=False, title='PsychoPy', units='height', useFBO=True, useRetina=True, viewOri=0.0, viewPos=None, viewScale=None, waitBlanking=True, winType='pyglet')
32.1213 	EXP 	window1: backgroundImage = ''
32.1213 	EXP 	window1: backgroundFit = 'none'
32.4461 	EXP 	window1: Attempting to measure frame rate of screen (0) ...
32.4461 	EXP 	window1: recordFrameIntervals = False
32.6880 	EXP 	window1: recordFrameIntervals = True
33.5254 	WARNING 	Couldn't measure a consistent frame rate!
  - Is your graphics card set to sync to vertical blank?
  - Are you running other processes on your computer?

34.7580 	INFO 	keyboard.Keyboard is using ptb backend.
34.7580 	EXP 	2nd exp: status = STARTED
34.8217 	EXP 	Created text_2 = TextStim(__class__=<class 'psychopy.visual.text.TextStim'>, alignHoriz=method-wrapper(...), alignText='center', alignVert=method-wrapper(...), anchorHoriz='center', anchorVert='center', antialias=True, autoDraw=False, autoLog=True, bold=False, color=array([1., 1., 1.]), colorSpace='rgb', contrast=1.0, depth=0.0, draggable=False, flipHoriz=False, flipVert=False, font='Arial', fontFiles=[], height=np.float64(0.05), italic=False, languageStyle='LTR', name='text_2', opacity=1, ori=0.0, pos=array([0., 0.]), rgb=UNKNOWN, text=str(...), units='height', win=Window(...), wrapWidth=1)
34.8234 	EXP 	Created fix_text = TextStim(__class__=<class 'psychopy.visual.text.TextStim'>, alignHoriz=method-wrapper(...), alignText='center', alignVert=method-wrapper(...), anchorHoriz='center', anchorVert='center', antialias=True, autoDraw=False, autoLog=True, bold=False, color=array([1., 1., 1.]), colorSpace='rgb', contrast=1.0, depth=-1.0, draggable=False, flipHoriz=False, flipVert=False, font='Arial', fontFiles=[], height=np.float64(0.07), italic=False, languageStyle='LTR', name='fix_text', opacity=1, ori=0.0, pos=array([0., 0.]), rgb=UNKNOWN, text='+', units='height', win=Window(...), wrapWidth=1)
34.8241 	EXP 	Created blank1_bg = Rect(__class__=<class 'psychopy.visual.rect.Rect'>, anchor=('center', 'center'), autoDraw=False, autoLog=True, closeShape=True, color=method-wrapper(...), colorSpace='rgb', contrast=None, depth=-2.0, draggable=False, fillColor=array([1, 1, 1]), fillColorSpace='rgb', fillRGB=array([1, 1, 1]), interpolate=True, lineColor=array([1., 1., 1.]), lineColorSpace='rgb', lineRGB=array([1, 1, 1]), lineWidth=1.0, name='blank1_bg', opacity=1, ori=0.0, pos=array([0., 0.]), size=array([2., 2.]), units='height', vertices=ndarray(...), win=Window(...))
34.8245 	EXP 	Created prime_text = TextStim(__class__=<class 'psychopy.visual.text.TextStim'>, alignHoriz=method-wrapper(...), alignText='center', alignVert=method-wrapper(...), anchorHoriz='center', anchorVert='center', antialias=True, autoDraw=False, autoLog=True, bold=False, color=array([1., 1., 1.]), colorSpace='rgb', contrast=1.0, depth=-3.0, draggable=False, flipHoriz=False, flipVert=False, font='Arial', fontFiles=[], height=0.05, italic=False, languageStyle='LTR', name='prime_text', opacity=1, ori=0.0, pos=array([0., 0.]), rgb=UNKNOWN, text='', units='height', win=Window(...), wrapWidth=1)
34.8251 	EXP 	Created blank2_bg = Rect(__class__=<class 'psychopy.visual.rect.Rect'>, anchor=('center', 'center'), autoDraw=False, autoLog=True, closeShape=True, color=method-wrapper(...), colorSpace='rgb', contrast=None, depth=-4.0, draggable=False, fillColor=array([1, 1, 1]), fillColorSpace='rgb', fillRGB=array([1, 1, 1]), interpolate=True, lineColor=array([1., 1., 1.]), lineColorSpace='rgb', lineRGB=array([1, 1, 1]), lineWidth=1.0, name='blank2_bg', opacity=1, ori=0.0, pos=array([0., 0.]), size=array([0.5, 0.5]), units='height', vertices=ndarray(...), win=Window(...))
34.8255 	EXP 	Created target_text = TextStim(__class__=<class 'psychopy.visual.text.TextStim'>, alignHoriz=method-wrapper(...), alignText='center', alignVert=method-wrapper(...), anchorHoriz='center', anchorVert='center', antialias=True, autoDraw=False, autoLog=True, bold=False, color=array([1., 1., 1.]), colorSpace='rgb', contrast=1.0, depth=-5.0, draggable=False, flipHoriz=False, flipVert=False, font='Arial', fontFiles=[], height=0.05, italic=False, languageStyle='LTR', name='target_text', opacity=1, ori=0.0, pos=array([0., 0.]), rgb=UNKNOWN, text='', units='height', win=Window(...), wrapWidth=1)
34.8261 	EXP 	Created blank3_bg = Rect(__class__=<class 'psychopy.visual.rect.Rect'>, anchor=('center', 'center'), autoDraw=False, autoLog=True, closeShape=True, color=method-wrapper(...), colorSpace='rgb', contrast=None, depth=-1.0, draggable=False, fillColor=array([1, 1, 1]), fillColorSpace='rgb', fillRGB=array([1, 1, 1]), interpolate=True, lineColor=array([1., 1., 1.]), lineColorSpace='rgb', lineRGB=array([1, 1, 1]), lineWidth=1.0, name='blank3_bg', opacity=1, ori=0.0, pos=array([0., 0.]), size=array([2., 2.]), units='height', vertices=ndarray(...), win=Window(...))
34.8320 	EXP 	Created greenCircle = ShapeStim(__class__=<class 'psychopy.visual.shape.ShapeStim'>, anchor=('center', 'center'), autoDraw=False, autoLog=True, closeShape=True, color=method-wrapper(...), colorSpace='rgb', contrast=None, depth=-2.0, draggable=False, fillColor=array([-1.        ,  0.00392157, -1.        ]), fillColorSpace='rgb', fillRGB=array([-1.        ,  0.00392157, -1.        ]), interpolate=True, lineColor=array([1., 1., 1.]), lineColorSpace='rgb', lineRGB=array([1, 1, 1]), lineWidth=1.0, name='greenCircle', opacity=1, ori=0.0, pos=array([0., 0.]), size=array([0.2, 0.2]), units='height', vertices=ndarray(...), win=Window(...), windingRule=None)
34.8332 	EXP 	Created redCrosss = ShapeStim(__class__=<class 'psychopy.visual.shape.ShapeStim'>, anchor=('center', 'center'), autoDraw=False, autoLog=True, closeShape=True, color=method-wrapper(...), colorSpace='rgb', contrast=None, depth=-3.0, draggable=False, fillColor=array([ 1, -1, -1]), fillColorSpace='rgb', fillRGB=array([ 1, -1, -1]), interpolate=True, lineColor=array([1., 1., 1.]), lineColorSpace='rgb', lineRGB=array([1, 1, 1]), lineWidth=1.0, name='redCrosss', opacity=1, ori=0.0, pos=array([0., 0.]), size=array([0.2, 0.2]), units='height', vertices=ndarray(...), win=Window(...), windingRule=None)
34.8336 	EXP 	Created text = TextStim(__class__=<class 'psychopy.visual.text.TextStim'>, alignHoriz=method-wrapper(...), alignText='center', alignVert=method-wrapper(...), anchorHoriz='center', anchorVert='center', antialias=True, autoDraw=False, autoLog=True, bold=False, color=array([1., 1., 1.]), colorSpace='rgb', contrast=1.0, depth=-1.0, draggable=False, flipHoriz=False, flipVert=False, font='Arial', fontFiles=[], height=0.05, italic=False, languageStyle='LTR', name='text', opacity=1, ori=0.0, pos=array([0., 0.]), rgb=UNKNOWN, text='', units='height', win=Window(...), wrapWidth=1)
34.8353 	EXP 	Created text_3 = TextStim(__class__=<class 'psychopy.visual.text.TextStim'>, alignHoriz=method-wrapper(...), alignText='center', alignVert=method-wrapper(...), anchorHoriz='center', anchorVert='center', antialias=True, autoDraw=False, autoLog=True, bold=False, color=array([1., 1., 1.]), colorSpace='rgb', contrast=1.0, depth=0.0, draggable=False, flipHoriz=False, flipVert=False, font='Arial', fontFiles=[], height=np.float64(0.05), italic=False, languageStyle='LTR', name='text_3', opacity=1, ori=0.0, pos=array([0., 0.]), rgb=UNKNOWN, text='thank you for partcipating. its an honour', units='height', win=Window(...), wrapWidth=1)
0.0131 	INFO 	Keyboard events cleared
0.0130 	EXP 	text_2: autoDraw = True
6.8028 	EXP 	Device response: <KeyPress from None: t=6.545126541997888, value=space, duration=None>
6.8030 	EXP 	Device response: <KeyPress from None: t=6.545126541997888, value=space, duration=0.07386020800913684>
6.8359 	EXP 	Imported Conditions file/stimuli_correctAns.csv as conditions, 16 conditions, 4 params
6.8416 	EXP 	New trial (rep=0, index=0): <Trial 0 (0 in rep 0) data={'prime': 'The dog is barking loudly', 'target': 'The dog barking is loudly', 'condition': 'transposition_related', 'correctAns': 'right', 'thisN': 0, 'thisTrialN': 0, 'thisRepN': 0}>
6.8639 	DATA 	Keypress: space
6.8683 	WARNING 	t of last frame was 318.46ms (=1/3)
6.8683 	EXP 	text_2: autoDraw = False
6.8683 	EXP 	prime_text: height = np.float64(0.05)
6.8683 	EXP 	prime_text: height = np.float64(0.05)
6.8683 	EXP 	prime_text: height = np.float64(0.05)
6.8683 	EXP 	prime_text: text = 'The dog is barking loudly'
6.8683 	EXP 	target_text: height = np.float64(0.05)
6.8683 	EXP 	target_text: height = np.float64(0.05)
6.8683 	EXP 	target_text: height = np.float64(0.05)
6.8683 	EXP 	target_text: text = 'The dog barking is loudly'
6.8683 	EXP 	fix_text: autoDraw = True
7.0551 	EXP 	blank1_bg: autoDraw = True
7.1165 	EXP 	fix_text: autoDraw = False
7.2499 	EXP 	blank1_bg: autoDraw = False
7.2499 	EXP 	prime_text: autoDraw = True
7.4388 	EXP 	prime_text: autoDraw = False
7.4488 	EXP 	blank2_bg: autoDraw = True
7.5374 	EXP 	blank2_bg: autoDraw = False
7.5504 	INFO 	Keyboard events cleared
7.5502 	EXP 	target_text: autoDraw = True
8.6345 	EXP 	Device response: <KeyPress from None: t=8.623648125008913, value=right, duration=None>
8.7286 	DATA 	Keypress: right
8.7328 	WARNING 	t of last frame was 99.42ms (=1/10)
8.7328 	EXP 	fix_text: autoDraw = False
8.7328 	EXP 	blank1_bg: autoDraw = False
8.7328 	EXP 	prime_text: autoDraw = False
8.7328 	EXP 	blank2_bg: autoDraw = False
8.7328 	EXP 	target_text: autoDraw = False
8.7328 	EXP 	greenCircle: autoDraw = True
8.7328 	EXP 	redCrosss: autoDraw = True
8.7334 	EXP 	Device response: <KeyPress from None: t=8.623648125008913, value=right, duration=0.06833024999650661>
8.8326 	EXP 	blank3_bg: autoDraw = True
8.9216 	EXP 	greenCircle: autoDraw = False
8.9216 	EXP 	redCrosss: autoDraw = False
9.6240 	EXP 	New trial (rep=0, index=1): <Trial 1 (1 in rep 0) data={'prime': 'The boy can read fast', 'target': 'The boy can read fast', 'condition': 'transposition_related', 'correctAns': 'right', 'thisN': 1, 'thisTrialN': 1, 'thisRepN': 0}>
9.6361 	WARNING 	t of last frame was 20.89ms (=1/47)
9.6361 	EXP 	blank3_bg: autoDraw = False
9.6361 	EXP 	blank3_bg: autoDraw = False
9.6361 	EXP 	greenCircle: autoDraw = False
9.6361 	EXP 	redCrosss: autoDraw = False
9.6361 	EXP 	text: height = np.float64(0.05)
9.6361 	EXP 	text: height = np.float64(0.05)
9.6361 	EXP 	text: height = np.float64(0.05)
9.6361 	EXP 	text: text = 'Take a short break! Press any key to continue.'
9.6361 	EXP 	text: autoDraw = False
9.6361 	EXP 	prime_text: height = np.float64(0.05)
9.6361 	EXP 	prime_text: height = np.float64(0.05)
9.6361 	EXP 	prime_text: height = np.float64(0.05)
9.6361 	EXP 	prime_text: text = 'The boy can read fast'
9.6361 	EXP 	target_text: height = np.float64(0.05)
9.6361 	EXP 	target_text: height = np.float64(0.05)
9.6361 	EXP 	target_text: height = np.float64(0.05)
9.6361 	EXP 	target_text: text = 'The boy can read fast'
9.6361 	EXP 	fix_text: autoDraw = True
9.8658 	EXP 	blank1_bg: autoDraw = True
9.8820 	EXP 	fix_text: autoDraw = False
10.0525 	EXP 	blank1_bg: autoDraw = False
10.0729 	EXP 	prime_text: autoDraw = True
10.2668 	EXP 	prime_text: autoDraw = False
10.2668 	EXP 	blank2_bg: autoDraw = True
10.3554 	EXP 	blank2_bg: autoDraw = False
10.3738 	INFO 	Keyboard events cleared
10.3737 	EXP 	target_text: autoDraw = True
11.1515 	EXP 	Device response: <KeyPress from None: t=11.142669458000455, value=right, duration=None>
11.1718 	DATA 	Keypress: right
11.1758 	WARNING 	t of last frame was 25.58ms (=1/39)
11.1758 	EXP 	fix_text: autoDraw = False
11.1758 	EXP 	blank1_bg: autoDraw = False
11.1758 	EXP 	prime_text: autoDraw = False
11.1758 	EXP 	blank2_bg: autoDraw = False
11.1758 	EXP 	target_text: autoDraw = False
11.1758 	EXP 	greenCircle: autoDraw = True
11.1758 	EXP 	redCrosss: autoDraw = True
11.2511 	EXP 	Device response: <KeyPress from None: t=11.142669458000455, value=right, duration=0.10426904199994169>
11.3490 	EXP 	blank3_bg: autoDraw = True
11.3741 	EXP 	greenCircle: autoDraw = False
11.3741 	EXP 	redCrosss: autoDraw = False
12.1342 	EXP 	New trial (rep=0, index=2): <Trial 2 (2 in rep 0) data={'prime': 'She does not like apples', 'target': 'She not does like apples', 'condition': 'transposition_related', 'correctAns': 'right', 'thisN': 2, 'thisTrialN': 2, 'thisRepN': 0}>
12.1524 	EXP 	blank3_bg: autoDraw = False
12.1524 	EXP 	blank3_bg: autoDraw = False
12.1524 	EXP 	greenCircle: autoDraw = False
12.1524 	EXP 	redCrosss: autoDraw = False
12.1524 	EXP 	text: text = 'Take a short break! Press any key to continue.'
12.1524 	EXP 	text: autoDraw = False
12.1524 	EXP 	prime_text: height = np.float64(0.05)
12.1524 	EXP 	prime_text: height = np.float64(0.05)
12.1524 	EXP 	prime_text: height = np.float64(0.05)
12.1524 	EXP 	prime_text: text = 'She does not like apples'
12.1524 	EXP 	target_text: height = np.float64(0.05)
12.1524 	EXP 	target_text: height = np.float64(0.05)
12.1524 	EXP 	target_text: height = np.float64(0.05)
12.1524 	EXP 	target_text: text = 'She not does like apples'
12.1524 	EXP 	fix_text: autoDraw = True
12.3756 	EXP 	blank1_bg: autoDraw = True
12.4000 	EXP 	fix_text: autoDraw = False
12.5708 	EXP 	blank1_bg: autoDraw = False
12.5833 	EXP 	prime_text: autoDraw = True
12.7727 	EXP 	prime_text: autoDraw = False
12.7727 	EXP 	blank2_bg: autoDraw = True
12.8668 	EXP 	blank2_bg: autoDraw = False
12.8735 	INFO 	Keyboard events cleared
12.8733 	EXP 	target_text: autoDraw = True
14.3410 	EXP 	Device response: <KeyPress from None: t=14.337571500000195, value=right, duration=None>
14.3477 	DATA 	Keypress: right
14.3527 	EXP 	fix_text: autoDraw = False
14.3527 	EXP 	blank1_bg: autoDraw = False
14.3527 	EXP 	prime_text: autoDraw = False
14.3527 	EXP 	blank2_bg: autoDraw = False
14.3527 	EXP 	target_text: autoDraw = False
14.3527 	EXP 	greenCircle: autoDraw = True
14.3527 	EXP 	redCrosss: autoDraw = True
14.5066 	EXP 	Device response: <KeyPress from None: t=14.337571500000195, value=right, duration=0.16427995800040662>
14.5419 	EXP 	blank3_bg: autoDraw = True
14.5485 	EXP 	greenCircle: autoDraw = False
14.5485 	EXP 	redCrosss: autoDraw = False
15.3255 	EXP 	New trial (rep=0, index=3): <Trial 3 (3 in rep 0) data={'prime': 'She does not like apples', 'target': 'She does not like apples', 'condition': 'repetition_related', 'correctAns': 'right', 'thisN': 3, 'thisTrialN': 3, 'thisRepN': 0}>
15.3359 	EXP 	blank3_bg: autoDraw = False
15.3359 	EXP 	blank3_bg: autoDraw = False
15.3359 	EXP 	greenCircle: autoDraw = False
15.3359 	EXP 	redCrosss: autoDraw = False
15.3359 	EXP 	text: text = 'Take a short break! Press any key to continue.'
15.3359 	EXP 	text: autoDraw = False
15.3359 	EXP 	prime_text: text = 'She does not like apples'
15.3359 	EXP 	target_text: height = np.float64(0.05)
15.3359 	EXP 	target_text: height = np.float64(0.05)
15.3359 	EXP 	target_text: height = np.float64(0.05)
15.3359 	EXP 	target_text: text = 'She does not like apples'
15.3359 	EXP 	fix_text: autoDraw = True
15.5755 	EXP 	blank1_bg: autoDraw = True
15.5818 	EXP 	fix_text: autoDraw = False
15.7653 	EXP 	prime_text: autoDraw = True
15.7699 	EXP 	blank1_bg: autoDraw = False
15.9553 	EXP 	prime_text: autoDraw = False
15.9735 	EXP 	blank2_bg: autoDraw = True
16.0668 	EXP 	blank2_bg: autoDraw = False
16.0737 	INFO 	Keyboard events cleared
16.0736 	EXP 	target_text: autoDraw = True
17.3402 	EXP 	Device response: <KeyPress from None: t=17.33747475000564, value=right, duration=None>
17.3471 	DATA 	Keypress: right
17.3523 	EXP 	fix_text: autoDraw = False
17.3523 	EXP 	blank1_bg: autoDraw = False
17.3523 	EXP 	prime_text: autoDraw = False
17.3523 	EXP 	blank2_bg: autoDraw = False
17.3523 	EXP 	target_text: autoDraw = False
17.3523 	EXP 	greenCircle: autoDraw = True
17.3523 	EXP 	redCrosss: autoDraw = True
17.4849 	EXP 	Device response: <KeyPress from None: t=17.33747475000564, value=right, duration=0.13629241699527483>
17.5420 	EXP 	blank3_bg: autoDraw = True
17.5485 	EXP 	greenCircle: autoDraw = False
17.5485 	EXP 	redCrosss: autoDraw = False
18.3254 	EXP 	New trial (rep=0, index=4): <Trial 4 (4 in rep 0) data={'prime': 'The dog is barking loudly', 'target': 'The dog is barking loudly', 'condition': 'repetition_related', 'correctAns': 'right', 'thisN': 4, 'thisTrialN': 4, 'thisRepN': 0}>
18.3405 	EXP 	blank3_bg: autoDraw = False
18.3405 	EXP 	blank3_bg: autoDraw = False
18.3405 	EXP 	greenCircle: autoDraw = False
18.3405 	EXP 	redCrosss: autoDraw = False
18.3405 	EXP 	text: text = 'Take a short break! Press any key to continue.'
18.3405 	EXP 	text: autoDraw = False
18.3405 	EXP 	prime_text: height = np.float64(0.05)
18.3405 	EXP 	prime_text: height = np.float64(0.05)
18.3405 	EXP 	prime_text: height = np.float64(0.05)
18.3405 	EXP 	prime_text: text = 'The dog is barking loudly'
18.3405 	EXP 	target_text: height = np.float64(0.05)
18.3405 	EXP 	target_text: height = np.float64(0.05)
18.3405 	EXP 	target_text: height = np.float64(0.05)
18.3405 	EXP 	target_text: text = 'The dog is barking loudly'
18.3405 	EXP 	fix_text: autoDraw = True
18.5759 	EXP 	blank1_bg: autoDraw = True
18.5821 	EXP 	fix_text: autoDraw = False
18.7737 	EXP 	blank1_bg: autoDraw = False
18.7737 	EXP 	prime_text: autoDraw = True
18.9727 	EXP 	prime_text: autoDraw = False
18.9727 	EXP 	blank2_bg: autoDraw = True
19.0669 	EXP 	blank2_bg: autoDraw = False
19.0739 	INFO 	Keyboard events cleared
19.0738 	EXP 	target_text: autoDraw = True
20.7074 	EXP 	Device response: <KeyPress from None: t=20.703481000004103, value=right, duration=None>
20.7143 	DATA 	Keypress: right
20.7193 	EXP 	fix_text: autoDraw = False
20.7193 	EXP 	blank1_bg: autoDraw = False
20.7193 	EXP 	prime_text: autoDraw = False
20.7193 	EXP 	blank2_bg: autoDraw = False
20.7193 	EXP 	target_text: autoDraw = False
20.7193 	EXP 	greenCircle: autoDraw = True
20.7193 	EXP 	redCrosss: autoDraw = True
20.8182 	EXP 	Device response: <KeyPress from None: t=20.703481000004103, value=right, duration=0.1042339580017142>
20.9089 	EXP 	blank3_bg: autoDraw = True
20.9153 	EXP 	greenCircle: autoDraw = False
20.9153 	EXP 	redCrosss: autoDraw = False
21.6923 	EXP 	New trial (rep=0, index=5): <Trial 5 (5 in rep 0) data={'prime': 'The boy can read fast', 'target': 'The read can boy fast', 'condition': 'repetition_unrelated', 'correctAns': 'left', 'thisN': 5, 'thisTrialN': 5, 'thisRepN': 0}>
21.7068 	EXP 	blank3_bg: autoDraw = False
21.7068 	EXP 	blank3_bg: autoDraw = False
21.7068 	EXP 	greenCircle: autoDraw = False
21.7068 	EXP 	redCrosss: autoDraw = False
21.7068 	EXP 	text: text = 'Take a short break! Press any key to continue.'
21.7068 	EXP 	text: autoDraw = False
21.7068 	EXP 	prime_text: height = np.float64(0.05)
21.7068 	EXP 	prime_text: height = np.float64(0.05)
21.7068 	EXP 	prime_text: height = np.float64(0.05)
21.7068 	EXP 	prime_text: text = 'The boy can read fast'
21.7068 	EXP 	target_text: height = np.float64(0.05)
21.7068 	EXP 	target_text: height = np.float64(0.05)
21.7068 	EXP 	target_text: height = np.float64(0.05)
21.7068 	EXP 	target_text: text = 'The read can boy fast'
21.7068 	EXP 	fix_text: autoDraw = True
21.9427 	EXP 	blank1_bg: autoDraw = True
21.9490 	EXP 	fix_text: autoDraw = False
22.1387 	EXP 	blank1_bg: autoDraw = False
22.1387 	EXP 	prime_text: autoDraw = True
22.3334 	EXP 	prime_text: autoDraw = False
22.3395 	EXP 	blank2_bg: autoDraw = True
22.4335 	EXP 	blank2_bg: autoDraw = False
22.4403 	INFO 	Keyboard events cleared
22.4401 	EXP 	target_text: autoDraw = True
24.0353 	EXP 	Device response: <KeyPress from None: t=24.027423083010945, value=left, duration=None>
24.0445 	DATA 	Keypress: left
24.0488 	EXP 	fix_text: autoDraw = False
24.0488 	EXP 	blank1_bg: autoDraw = False
24.0488 	EXP 	prime_text: autoDraw = False
24.0488 	EXP 	blank2_bg: autoDraw = False
24.0488 	EXP 	target_text: autoDraw = False
24.0488 	EXP 	greenCircle: autoDraw = True
24.0488 	EXP 	redCrosss: autoDraw = True
24.1347 	EXP 	Device response: <KeyPress from None: t=24.027423083010945, value=left, duration=0.10026308399392292>
24.2333 	EXP 	blank3_bg: autoDraw = True
24.2412 	EXP 	greenCircle: autoDraw = False
24.2412 	EXP 	redCrosss: autoDraw = False
25.0177 	EXP 	New trial (rep=0, index=6): <Trial 6 (6 in rep 0) data={'prime': 'The boy can read fast', 'target': 'The read can boy fast', 'condition': 'transposition_unrelated', 'correctAns': 'left', 'thisN': 6, 'thisTrialN': 6, 'thisRepN': 0}>
25.0241 	EXP 	blank3_bg: autoDraw = False
25.0241 	EXP 	blank3_bg: autoDraw = False
25.0241 	EXP 	greenCircle: autoDraw = False
25.0241 	EXP 	redCrosss: autoDraw = False
25.0241 	EXP 	text: text = 'Take a short break! Press any key to continue.'
25.0241 	EXP 	text: autoDraw = False
25.0241 	EXP 	prime_text: text = 'The boy can read fast'
25.0241 	EXP 	target_text: text = 'The read can boy fast'
25.0241 	EXP 	fix_text: autoDraw = True
25.2589 	EXP 	blank1_bg: autoDraw = True
25.2652 	EXP 	fix_text: autoDraw = False
25.4555 	EXP 	blank1_bg: autoDraw = False
25.4555 	EXP 	prime_text: autoDraw = True
25.6502 	EXP 	prime_text: autoDraw = False
25.6571 	EXP 	blank2_bg: autoDraw = True
25.7500 	EXP 	blank2_bg: autoDraw = False
25.7563 	INFO 	Keyboard events cleared
25.7562 	EXP 	target_text: autoDraw = True
27.6240 	EXP 	Device response: <KeyPress from None: t=27.6202025829989, value=left, duration=None>
27.6305 	DATA 	Keypress: left
27.6355 	EXP 	fix_text: autoDraw = False
27.6355 	EXP 	blank1_bg: autoDraw = False
27.6355 	EXP 	prime_text: autoDraw = False
27.6355 	EXP 	blank2_bg: autoDraw = False
27.6355 	EXP 	target_text: autoDraw = False
27.6355 	EXP 	greenCircle: autoDraw = True
27.6355 	EXP 	redCrosss: autoDraw = True
27.7513 	EXP 	Device response: <KeyPress from None: t=27.6202025829989, value=left, duration=0.12027533400396351>
27.8250 	EXP 	blank3_bg: autoDraw = True
27.8318 	EXP 	greenCircle: autoDraw = False
27.8318 	EXP 	redCrosss: autoDraw = False
28.6165 	EXP 	New trial (rep=0, index=7): <Trial 7 (7 in rep 0) data={'prime': 'They have finished the work', 'target': 'They have finished the work', 'condition': 'repetition_related', 'correctAns': 'right', 'thisN': 7, 'thisTrialN': 7, 'thisRepN': 0}>
28.6348 	EXP 	blank3_bg: autoDraw = False
28.6348 	EXP 	blank3_bg: autoDraw = False
28.6348 	EXP 	greenCircle: autoDraw = False
28.6348 	EXP 	redCrosss: autoDraw = False
28.6348 	EXP 	text: text = 'Take a short break! Press any key to continue.'
28.6348 	EXP 	text: autoDraw = False
28.6348 	EXP 	prime_text: height = np.float64(0.05)
28.6348 	EXP 	prime_text: height = np.float64(0.05)
28.6348 	EXP 	prime_text: height = np.float64(0.05)
28.6348 	EXP 	prime_text: text = 'They have finished the work'
28.6348 	EXP 	target_text: height = np.float64(0.05)
28.6348 	EXP 	target_text: height = np.float64(0.05)
28.6348 	EXP 	target_text: height = np.float64(0.05)
28.6348 	EXP 	target_text: text = 'They have finished the work'
28.6348 	EXP 	fix_text: autoDraw = True
28.8585 	EXP 	blank1_bg: autoDraw = True
28.8826 	EXP 	fix_text: autoDraw = False
29.0501 	EXP 	blank1_bg: autoDraw = False
29.0569 	EXP 	prime_text: autoDraw = True
29.2561 	EXP 	prime_text: autoDraw = False
29.2561 	EXP 	blank2_bg: autoDraw = True
29.3501 	EXP 	blank2_bg: autoDraw = False
29.3566 	INFO 	Keyboard events cleared
29.3564 	EXP 	target_text: autoDraw = True
30.7245 	EXP 	Device response: <KeyPress from None: t=30.721190666998154, value=right, duration=None>
30.7319 	DATA 	Keypress: right
30.7362 	EXP 	fix_text: autoDraw = False
30.7362 	EXP 	blank1_bg: autoDraw = False
30.7362 	EXP 	prime_text: autoDraw = False
30.7362 	EXP 	blank2_bg: autoDraw = False
30.7362 	EXP 	target_text: autoDraw = False
30.7362 	EXP 	greenCircle: autoDraw = True
30.7362 	EXP 	redCrosss: autoDraw = True
30.8511 	EXP 	Device response: <KeyPress from None: t=30.721190666998154, value=right, duration=0.1282362500060117>
30.9251 	EXP 	blank3_bg: autoDraw = True
30.9319 	EXP 	greenCircle: autoDraw = False
30.9319 	EXP 	redCrosss: autoDraw = False
31.7089 	EXP 	New trial (rep=0, index=8): <Trial 8 (8 in rep 0) data={'prime': 'The boy can read fast', 'target': 'The boy can read fast', 'condition': 'repetition_related', 'correctAns': 'right', 'thisN': 8, 'thisTrialN': 8, 'thisRepN': 0}>
31.7245 	EXP 	blank3_bg: autoDraw = False
31.7245 	EXP 	blank3_bg: autoDraw = False
31.7245 	EXP 	greenCircle: autoDraw = False
31.7245 	EXP 	redCrosss: autoDraw = False
31.7245 	EXP 	text: text = 'Take a short break! Press any key to continue.'
31.7245 	EXP 	text: autoDraw = False
31.7245 	EXP 	prime_text: height = np.float64(0.05)
31.7245 	EXP 	prime_text: height = np.float64(0.05)
31.7245 	EXP 	prime_text: height = np.float64(0.05)
31.7245 	EXP 	prime_text: text = 'The boy can read fast'
31.7245 	EXP 	target_text: height = np.float64(0.05)
31.7245 	EXP 	target_text: height = np.float64(0.05)
31.7245 	EXP 	target_text: height = np.float64(0.05)
31.7245 	EXP 	target_text: text = 'The boy can read fast'
31.7245 	EXP 	fix_text: autoDraw = True
31.9583 	EXP 	blank1_bg: autoDraw = True
31.9652 	EXP 	fix_text: autoDraw = False
32.1552 	EXP 	blank1_bg: autoDraw = False
32.1552 	EXP 	prime_text: autoDraw = True
32.3501 	EXP 	prime_text: autoDraw = False
32.3566 	EXP 	blank2_bg: autoDraw = True
32.4500 	EXP 	blank2_bg: autoDraw = False
32.4572 	INFO 	Keyboard events cleared
32.4570 	EXP 	target_text: autoDraw = True
33.5846 	EXP 	Device response: <KeyPress from None: t=33.57311833300628, value=right, duration=None>
33.5920 	DATA 	Keypress: right
33.5962 	EXP 	fix_text: autoDraw = False
33.5962 	EXP 	blank1_bg: autoDraw = False
33.5962 	EXP 	prime_text: autoDraw = False
33.5962 	EXP 	blank2_bg: autoDraw = False
33.5962 	EXP 	target_text: autoDraw = False
33.5962 	EXP 	greenCircle: autoDraw = True
33.5962 	EXP 	redCrosss: autoDraw = True
33.7409 	EXP 	Device response: <KeyPress from None: t=33.57311833300628, value=right, duration=0.16428362499573268>
33.7823 	EXP 	blank3_bg: autoDraw = True
33.7885 	EXP 	greenCircle: autoDraw = False
33.7885 	EXP 	redCrosss: autoDraw = False
34.5678 	EXP 	New trial (rep=0, index=9): <Trial 9 (9 in rep 0) data={'prime': 'They have finished the work', 'target': 'They work the have finished', 'condition': 'transposition_unrelated', 'correctAns': 'left', 'thisN': 9, 'thisTrialN': 9, 'thisRepN': 0}>
34.5844 	EXP 	blank3_bg: autoDraw = False
34.5844 	EXP 	blank3_bg: autoDraw = False
34.5844 	EXP 	greenCircle: autoDraw = False
34.5844 	EXP 	redCrosss: autoDraw = False
34.5844 	EXP 	text: text = 'Take a short break! Press any key to continue.'
34.5844 	EXP 	text: autoDraw = False
34.5844 	EXP 	prime_text: height = np.float64(0.05)
34.5844 	EXP 	prime_text: height = np.float64(0.05)
34.5844 	EXP 	prime_text: height = np.float64(0.05)
34.5844 	EXP 	prime_text: text = 'They have finished the work'
34.5844 	EXP 	target_text: height = np.float64(0.05)
34.5844 	EXP 	target_text: height = np.float64(0.05)
34.5844 	EXP 	target_text: height = np.float64(0.05)
34.5844 	EXP 	target_text: text = 'They work the have finished'
34.5844 	EXP 	fix_text: autoDraw = True
34.8169 	EXP 	blank1_bg: autoDraw = True
34.8248 	EXP 	fix_text: autoDraw = False
35.0169 	EXP 	blank1_bg: autoDraw = False
35.0169 	EXP 	prime_text: autoDraw = True
35.2060 	EXP 	prime_text: autoDraw = False
35.2060 	EXP 	blank2_bg: autoDraw = True
35.3000 	EXP 	blank2_bg: autoDraw = False
35.3062 	INFO 	Keyboard events cleared
35.3060 	EXP 	target_text: autoDraw = True
36.6352 	EXP 	Device response: <KeyPress from None: t=36.627057707999484, value=left, duration=None>
36.6427 	DATA 	Keypress: left
36.6470 	EXP 	fix_text: autoDraw = False
36.6470 	EXP 	blank1_bg: autoDraw = False
36.6470 	EXP 	prime_text: autoDraw = False
36.6470 	EXP 	blank2_bg: autoDraw = False
36.6470 	EXP 	target_text: autoDraw = False
36.6470 	EXP 	greenCircle: autoDraw = True
36.6470 	EXP 	redCrosss: autoDraw = True
36.7344 	EXP 	Device response: <KeyPress from None: t=36.627057707999484, value=left, duration=0.1003986249997979>
36.8319 	EXP 	blank3_bg: autoDraw = True
36.8383 	EXP 	greenCircle: autoDraw = False
36.8383 	EXP 	redCrosss: autoDraw = False
37.6176 	EXP 	New trial (rep=0, index=10): <Trial 10 (10 in rep 0) data={'prime': 'She does not like apples', 'target': 'She like does apples not', 'condition': 'transposition_unrelated', 'correctAns': 'left', 'thisN': 10, 'thisTrialN': 10, 'thisRepN': 0}>
37.6343 	EXP 	blank3_bg: autoDraw = False
37.6343 	EXP 	blank3_bg: autoDraw = False
37.6343 	EXP 	greenCircle: autoDraw = False
37.6343 	EXP 	redCrosss: autoDraw = False
37.6343 	EXP 	text: text = 'Take a short break! Press any key to continue.'
37.6343 	EXP 	text: autoDraw = False
37.6343 	EXP 	prime_text: height = np.float64(0.05)
37.6343 	EXP 	prime_text: height = np.float64(0.05)
37.6343 	EXP 	prime_text: height = np.float64(0.05)
37.6343 	EXP 	prime_text: text = 'She does not like apples'
37.6343 	EXP 	target_text: height = np.float64(0.05)
37.6343 	EXP 	target_text: height = np.float64(0.05)
37.6343 	EXP 	target_text: height = np.float64(0.05)
37.6343 	EXP 	target_text: text = 'She like does apples not'
37.6343 	EXP 	fix_text: autoDraw = True
37.8584 	EXP 	blank1_bg: autoDraw = True
37.8834 	EXP 	fix_text: autoDraw = False
38.0560 	EXP 	blank1_bg: autoDraw = False
38.0560 	EXP 	prime_text: autoDraw = True
38.2502 	EXP 	prime_text: autoDraw = False
38.2568 	EXP 	blank2_bg: autoDraw = True
38.3498 	EXP 	blank2_bg: autoDraw = False
38.3564 	INFO 	Keyboard events cleared
38.3562 	EXP 	target_text: autoDraw = True
39.4349 	EXP 	Device response: <KeyPress from None: t=39.43101229199965, value=left, duration=None>
39.4427 	DATA 	Keypress: left
39.4469 	EXP 	fix_text: autoDraw = False
39.4469 	EXP 	blank1_bg: autoDraw = False
39.4469 	EXP 	prime_text: autoDraw = False
39.4469 	EXP 	blank2_bg: autoDraw = False
39.4469 	EXP 	target_text: autoDraw = False
39.4469 	EXP 	greenCircle: autoDraw = True
39.4469 	EXP 	redCrosss: autoDraw = True
39.5743 	EXP 	Device response: <KeyPress from None: t=39.43101229199965, value=left, duration=0.13629245800257195>
39.6333 	EXP 	blank3_bg: autoDraw = True
39.6418 	EXP 	greenCircle: autoDraw = False
39.6418 	EXP 	redCrosss: autoDraw = False
40.4170 	EXP 	New trial (rep=0, index=11): <Trial 11 (11 in rep 0) data={'prime': 'She does not like apples', 'target': 'She not does like apples', 'condition': 'repetition_unrelated', 'correctAns': 'left', 'thisN': 11, 'thisTrialN': 11, 'thisRepN': 0}>
40.4280 	EXP 	blank3_bg: autoDraw = False
40.4280 	EXP 	blank3_bg: autoDraw = False
40.4280 	EXP 	greenCircle: autoDraw = False
40.4280 	EXP 	redCrosss: autoDraw = False
40.4280 	EXP 	text: text = 'Take a short break! Press any key to continue.'
40.4280 	EXP 	text: autoDraw = False
40.4280 	EXP 	prime_text: text = 'She does not like apples'
40.4280 	EXP 	target_text: height = np.float64(0.05)
40.4280 	EXP 	target_text: height = np.float64(0.05)
40.4280 	EXP 	target_text: height = np.float64(0.05)
40.4280 	EXP 	target_text: text = 'She not does like apples'
40.4280 	EXP 	fix_text: autoDraw = True
40.6655 	EXP 	blank1_bg: autoDraw = True
40.6728 	EXP 	fix_text: autoDraw = False
40.8541 	EXP 	blank1_bg: autoDraw = False
40.8541 	EXP 	prime_text: autoDraw = True
41.0505 	EXP 	prime_text: autoDraw = False
41.0565 	EXP 	blank2_bg: autoDraw = True
41.1502 	EXP 	blank2_bg: autoDraw = False
41.1571 	INFO 	Keyboard events cleared
41.1569 	EXP 	target_text: autoDraw = True
42.1848 	EXP 	Device response: <KeyPress from None: t=42.17283866700018, value=left, duration=None>
42.1943 	DATA 	Keypress: left
42.1986 	EXP 	fix_text: autoDraw = False
42.1986 	EXP 	blank1_bg: autoDraw = False
42.1986 	EXP 	prime_text: autoDraw = False
42.1986 	EXP 	blank2_bg: autoDraw = False
42.1986 	EXP 	target_text: autoDraw = False
42.1986 	EXP 	greenCircle: autoDraw = True
42.1986 	EXP 	redCrosss: autoDraw = True
42.3238 	EXP 	Device response: <KeyPress from None: t=42.17283866700018, value=left, duration=0.14836762500635814>
42.3821 	EXP 	blank3_bg: autoDraw = True
42.3884 	EXP 	greenCircle: autoDraw = False
42.3884 	EXP 	redCrosss: autoDraw = False
43.1667 	EXP 	New trial (rep=0, index=12): <Trial 12 (12 in rep 0) data={'prime': 'They have finished the work', 'target': 'They finished have the work', 'condition': 'transposition_related', 'correctAns': 'right', 'thisN': 12, 'thisTrialN': 12, 'thisRepN': 0}>
43.1824 	EXP 	blank3_bg: autoDraw = False
43.1824 	EXP 	blank3_bg: autoDraw = False
43.1824 	EXP 	greenCircle: autoDraw = False
43.1824 	EXP 	redCrosss: autoDraw = False
43.1824 	EXP 	text: text = 'Take a short break! Press any key to continue.'
43.1824 	EXP 	text: autoDraw = False
43.1824 	EXP 	prime_text: height = np.float64(0.05)
43.1824 	EXP 	prime_text: height = np.float64(0.05)
43.1824 	EXP 	prime_text: height = np.float64(0.05)
43.1824 	EXP 	prime_text: text = 'They have finished the work'
43.1824 	EXP 	target_text: height = np.float64(0.05)
43.1824 	EXP 	target_text: height = np.float64(0.05)
43.1824 	EXP 	target_text: height = np.float64(0.05)
43.1824 	EXP 	target_text: text = 'They finished have the work'
43.1824 	EXP 	fix_text: autoDraw = True
43.4085 	EXP 	blank1_bg: autoDraw = True
43.4222 	EXP 	fix_text: autoDraw = False
43.6000 	EXP 	blank1_bg: autoDraw = False
43.6068 	EXP 	prime_text: autoDraw = True
43.8003 	EXP 	prime_text: autoDraw = False
43.8067 	EXP 	blank2_bg: autoDraw = True
43.9000 	EXP 	blank2_bg: autoDraw = False
43.9069 	INFO 	Keyboard events cleared
43.9067 	EXP 	target_text: autoDraw = True
45.4179 	EXP 	Device response: <KeyPress from None: t=45.40675804200873, value=right, duration=None>
45.4257 	DATA 	Keypress: right
45.4300 	EXP 	fix_text: autoDraw = False
45.4300 	EXP 	blank1_bg: autoDraw = False
45.4300 	EXP 	prime_text: autoDraw = False
45.4300 	EXP 	blank2_bg: autoDraw = False
45.4300 	EXP 	target_text: autoDraw = False
45.4300 	EXP 	greenCircle: autoDraw = True
45.4300 	EXP 	redCrosss: autoDraw = True
45.5513 	EXP 	Device response: <KeyPress from None: t=45.40675804200873, value=right, duration=0.13229270798910875>
45.6152 	EXP 	blank3_bg: autoDraw = True
45.6226 	EXP 	greenCircle: autoDraw = False
45.6226 	EXP 	redCrosss: autoDraw = False
46.4005 	EXP 	New trial (rep=0, index=13): <Trial 13 (13 in rep 0) data={'prime': 'They have finished the work', 'target': 'They finished have the work', 'condition': 'repetition_unrelated', 'correctAns': 'left', 'thisN': 13, 'thisTrialN': 13, 'thisRepN': 0}>
46.4061 	EXP 	blank3_bg: autoDraw = False
46.4061 	EXP 	blank3_bg: autoDraw = False
46.4061 	EXP 	greenCircle: autoDraw = False
46.4061 	EXP 	redCrosss: autoDraw = False
46.4061 	EXP 	text: text = 'Take a short break! Press any key to continue.'
46.4061 	EXP 	text: autoDraw = False
46.4061 	EXP 	prime_text: text = 'They have finished the work'
46.4061 	EXP 	target_text: text = 'They finished have the work'
46.4061 	EXP 	fix_text: autoDraw = True
46.6420 	EXP 	blank1_bg: autoDraw = True
46.6484 	EXP 	fix_text: autoDraw = False
46.8366 	EXP 	blank1_bg: autoDraw = False
46.8500 	EXP 	prime_text: autoDraw = True
47.0398 	EXP 	prime_text: autoDraw = False
47.0398 	EXP 	blank2_bg: autoDraw = True
47.1335 	EXP 	blank2_bg: autoDraw = False
47.1400 	INFO 	Keyboard events cleared
47.1398 	EXP 	target_text: autoDraw = True
48.3518 	EXP 	Device response: <KeyPress from None: t=48.342797999997856, value=left, duration=None>
48.3603 	DATA 	Keypress: left
48.3646 	EXP 	fix_text: autoDraw = False
48.3646 	EXP 	blank1_bg: autoDraw = False
48.3646 	EXP 	prime_text: autoDraw = False
48.3646 	EXP 	blank2_bg: autoDraw = False
48.3646 	EXP 	target_text: autoDraw = False
48.3646 	EXP 	greenCircle: autoDraw = True
48.3646 	EXP 	redCrosss: autoDraw = True
48.4851 	EXP 	Device response: <KeyPress from None: t=48.342797999997856, value=left, duration=0.13229454201064073>
48.5498 	EXP 	blank3_bg: autoDraw = True
48.5562 	EXP 	greenCircle: autoDraw = False
48.5562 	EXP 	redCrosss: autoDraw = False
49.3408 	EXP 	New trial (rep=0, index=14): <Trial 14 (14 in rep 0) data={'prime': 'The dog is barking loudly', 'target': 'The barking dog loudly is', 'condition': 'transposition_unrelated', 'correctAns': 'left', 'thisN': 14, 'thisTrialN': 14, 'thisRepN': 0}>
49.3555 	EXP 	blank3_bg: autoDraw = False
49.3555 	EXP 	blank3_bg: autoDraw = False
49.3555 	EXP 	greenCircle: autoDraw = False
49.3555 	EXP 	redCrosss: autoDraw = False
49.3555 	EXP 	text: text = 'Take a short break! Press any key to continue.'
49.3555 	EXP 	text: autoDraw = False
49.3555 	EXP 	prime_text: height = np.float64(0.05)
49.3555 	EXP 	prime_text: height = np.float64(0.05)
49.3555 	EXP 	prime_text: height = np.float64(0.05)
49.3555 	EXP 	prime_text: text = 'The dog is barking loudly'
49.3555 	EXP 	target_text: height = np.float64(0.05)
49.3555 	EXP 	target_text: height = np.float64(0.05)
49.3555 	EXP 	target_text: height = np.float64(0.05)
49.3555 	EXP 	target_text: text = 'The barking dog loudly is'
49.3555 	EXP 	fix_text: autoDraw = True
49.5925 	EXP 	blank1_bg: autoDraw = True
49.5989 	EXP 	fix_text: autoDraw = False
49.7817 	EXP 	prime_text: autoDraw = True
49.7864 	EXP 	blank1_bg: autoDraw = False
49.9707 	EXP 	prime_text: autoDraw = False
49.9898 	EXP 	blank2_bg: autoDraw = True
50.0838 	INFO 	Keyboard events cleared
50.0835 	EXP 	blank2_bg: autoDraw = False
50.0835 	EXP 	target_text: autoDraw = True
51.0515 	EXP 	Device response: <KeyPress from None: t=51.0396240830014, value=left, duration=None>
51.0597 	DATA 	Keypress: left
51.0640 	EXP 	fix_text: autoDraw = False
51.0640 	EXP 	blank1_bg: autoDraw = False
51.0640 	EXP 	prime_text: autoDraw = False
51.0640 	EXP 	blank2_bg: autoDraw = False
51.0640 	EXP 	target_text: autoDraw = False
51.0640 	EXP 	greenCircle: autoDraw = True
51.0640 	EXP 	redCrosss: autoDraw = True
51.1908 	EXP 	Device response: <KeyPress from None: t=51.0396240830014, value=left, duration=0.1444181670085527>
51.2498 	EXP 	blank3_bg: autoDraw = True
51.2581 	EXP 	greenCircle: autoDraw = False
51.2581 	EXP 	redCrosss: autoDraw = False
52.0389 	EXP 	New trial (rep=0, index=15): <Trial 15 (15 in rep 0) data={'prime': 'The dog is barking loudly', 'target': 'The loudly is barking dog', 'condition': 'repetition_unrelated', 'correctAns': 'left', 'thisN': 15, 'thisTrialN': 15, 'thisRepN': 0}>
52.0664 	WARNING 	Multiple dropped frames have occurred - I'll stop bothering you about them!
52.0663 	EXP 	blank3_bg: autoDraw = False
52.0663 	EXP 	blank3_bg: autoDraw = False
52.0663 	EXP 	greenCircle: autoDraw = False
52.0663 	EXP 	redCrosss: autoDraw = False
52.0663 	EXP 	text: text = 'Take a short break! Press any key to continue.'
52.0663 	EXP 	text: autoDraw = False
52.0663 	EXP 	prime_text: text = 'The dog is barking loudly'
52.0663 	EXP 	target_text: height = np.float64(0.05)
52.0663 	EXP 	target_text: height = np.float64(0.05)
52.0663 	EXP 	target_text: height = np.float64(0.05)
52.0663 	EXP 	target_text: text = 'The loudly is barking dog'
52.0663 	EXP 	fix_text: autoDraw = True
52.2834 	EXP 	blank1_bg: autoDraw = True
52.3078 	EXP 	fix_text: autoDraw = False
52.4723 	EXP 	blank1_bg: autoDraw = False
52.4833 	EXP 	prime_text: autoDraw = True
52.6719 	EXP 	prime_text: autoDraw = False
52.6834 	EXP 	blank2_bg: autoDraw = True
52.7720 	EXP 	blank2_bg: autoDraw = False
52.7835 	INFO 	Keyboard events cleared
52.7833 	EXP 	target_text: autoDraw = True
53.6350 	EXP 	Device response: <KeyPress from None: t=53.629612832999555, value=left, duration=None>
53.6428 	DATA 	Keypress: left
53.6472 	EXP 	fix_text: autoDraw = False
53.6472 	EXP 	blank1_bg: autoDraw = False
53.6472 	EXP 	prime_text: autoDraw = False
53.6472 	EXP 	blank2_bg: autoDraw = False
53.6472 	EXP 	target_text: autoDraw = False
53.6472 	EXP 	greenCircle: autoDraw = True
53.6472 	EXP 	redCrosss: autoDraw = True
53.7408 	EXP 	Device response: <KeyPress from None: t=53.629612832999555, value=left, duration=0.10433141700923443>
53.8318 	EXP 	blank3_bg: autoDraw = True
53.8401 	EXP 	greenCircle: autoDraw = False
53.8401 	EXP 	redCrosss: autoDraw = False
54.6174 	EXP 	New trial (rep=1, index=0): <Trial 16 (0 in rep 1) data={'prime': 'The boy can read fast', 'target': 'The read can boy fast', 'condition': 'transposition_unrelated', 'correctAns': 'left', 'thisN': 16, 'thisTrialN': 0, 'thisRepN': 1}>
54.6348 	EXP 	blank3_bg: autoDraw = False
54.6348 	EXP 	blank3_bg: autoDraw = False
54.6348 	EXP 	greenCircle: autoDraw = False
54.6348 	EXP 	redCrosss: autoDraw = False
54.6348 	EXP 	text: text = 'Take a short break! Press any key to continue.'
54.6348 	EXP 	text: autoDraw = False
54.6348 	EXP 	prime_text: height = np.float64(0.05)
54.6348 	EXP 	prime_text: height = np.float64(0.05)
54.6348 	EXP 	prime_text: height = np.float64(0.05)
54.6348 	EXP 	prime_text: text = 'The boy can read fast'
54.6348 	EXP 	target_text: height = np.float64(0.05)
54.6348 	EXP 	target_text: height = np.float64(0.05)
54.6348 	EXP 	target_text: height = np.float64(0.05)
54.6348 	EXP 	target_text: text = 'The read can boy fast'
54.6348 	EXP 	fix_text: autoDraw = True
54.8580 	EXP 	blank1_bg: autoDraw = True
54.8827 	EXP 	fix_text: autoDraw = False
55.0498 	EXP 	blank1_bg: autoDraw = False
55.0564 	EXP 	prime_text: autoDraw = True
55.2499 	EXP 	prime_text: autoDraw = False
55.2557 	EXP 	blank2_bg: autoDraw = True
55.3499 	EXP 	blank2_bg: autoDraw = False
55.3567 	INFO 	Keyboard events cleared
55.3565 	EXP 	target_text: autoDraw = True
57.4179 	EXP 	Device response: <KeyPress from None: t=57.40852104200167, value=left, duration=None>
57.4246 	DATA 	Keypress: left
57.4286 	EXP 	fix_text: autoDraw = False
57.4286 	EXP 	blank1_bg: autoDraw = False
57.4286 	EXP 	prime_text: autoDraw = False
57.4286 	EXP 	blank2_bg: autoDraw = False
57.4286 	EXP 	target_text: autoDraw = False
57.4286 	EXP 	greenCircle: autoDraw = True
57.4286 	EXP 	redCrosss: autoDraw = True
57.5012 	EXP 	Device response: <KeyPress from None: t=57.40852104200167, value=left, duration=0.08835012500640005>
57.6168 	EXP 	blank3_bg: autoDraw = True
57.6243 	EXP 	greenCircle: autoDraw = False
57.6243 	EXP 	redCrosss: autoDraw = False
58.4059 	EXP 	New trial (rep=1, index=1): <Trial 17 (1 in rep 1) data={'prime': 'She does not like apples', 'target': 'She like does apples not', 'condition': 'transposition_unrelated', 'correctAns': 'left', 'thisN': 17, 'thisTrialN': 1, 'thisRepN': 1}>
58.4188 	EXP 	blank3_bg: autoDraw = False
58.4188 	EXP 	blank3_bg: autoDraw = False
58.4188 	EXP 	greenCircle: autoDraw = False
58.4188 	EXP 	redCrosss: autoDraw = False
58.4188 	EXP 	text: text = 'Take a short break! Press any key to continue.'
58.4188 	EXP 	text: autoDraw = False
58.4188 	EXP 	prime_text: height = np.float64(0.05)
58.4188 	EXP 	prime_text: height = np.float64(0.05)
58.4188 	EXP 	prime_text: height = np.float64(0.05)
58.4188 	EXP 	prime_text: text = 'She does not like apples'
58.4188 	EXP 	target_text: height = np.float64(0.05)
58.4188 	EXP 	target_text: height = np.float64(0.05)
58.4188 	EXP 	target_text: height = np.float64(0.05)
58.4188 	EXP 	target_text: text = 'She like does apples not'
58.4188 	EXP 	fix_text: autoDraw = True
58.6576 	EXP 	blank1_bg: autoDraw = True
58.6656 	EXP 	fix_text: autoDraw = False
58.8490 	EXP 	prime_text: autoDraw = True
58.8538 	EXP 	blank1_bg: autoDraw = False
59.0372 	EXP 	prime_text: autoDraw = False
59.0668 	EXP 	blank2_bg: autoDraw = True
59.1561 	INFO 	Keyboard events cleared
59.1559 	EXP 	blank2_bg: autoDraw = False
59.1559 	EXP 	target_text: autoDraw = True
60.2678 	EXP 	Device response: <KeyPress from None: t=60.26148841700342, value=left, duration=None>
60.2753 	DATA 	Keypress: left
60.2795 	EXP 	fix_text: autoDraw = False
60.2795 	EXP 	blank1_bg: autoDraw = False
60.2795 	EXP 	prime_text: autoDraw = False
60.2795 	EXP 	blank2_bg: autoDraw = False
60.2795 	EXP 	target_text: autoDraw = False
60.2795 	EXP 	greenCircle: autoDraw = True
60.2795 	EXP 	redCrosss: autoDraw = True
60.3724 	EXP 	Device response: <KeyPress from None: t=60.26148841700342, value=left, duration=0.10822529099823441>
60.4667 	EXP 	blank3_bg: autoDraw = True
60.4731 	EXP 	greenCircle: autoDraw = False
60.4731 	EXP 	redCrosss: autoDraw = False
61.2505 	EXP 	New trial (rep=1, index=2): <Trial 18 (2 in rep 1) data={'prime': 'They have finished the work', 'target': 'They finished have the work', 'condition': 'transposition_related', 'correctAns': 'right', 'thisN': 18, 'thisTrialN': 2, 'thisRepN': 1}>
61.2645 	EXP 	blank3_bg: autoDraw = False
61.2645 	EXP 	blank3_bg: autoDraw = False
61.2645 	EXP 	greenCircle: autoDraw = False
61.2645 	EXP 	redCrosss: autoDraw = False
61.2645 	EXP 	text: text = 'Take a short break! Press any key to continue.'
61.2645 	EXP 	text: autoDraw = False
61.2645 	EXP 	prime_text: height = np.float64(0.05)
61.2645 	EXP 	prime_text: height = np.float64(0.05)
61.2645 	EXP 	prime_text: height = np.float64(0.05)
61.2645 	EXP 	prime_text: text = 'They have finished the work'
61.2645 	EXP 	target_text: height = np.float64(0.05)
61.2645 	EXP 	target_text: height = np.float64(0.05)
61.2645 	EXP 	target_text: height = np.float64(0.05)
61.2645 	EXP 	target_text: text = 'They finished have the work'
61.2645 	EXP 	fix_text: autoDraw = True
61.4909 	EXP 	blank1_bg: autoDraw = True
61.5053 	EXP 	fix_text: autoDraw = False
61.6885 	EXP 	blank1_bg: autoDraw = False
61.6885 	EXP 	prime_text: autoDraw = True
61.8834 	EXP 	prime_text: autoDraw = False
61.8882 	EXP 	blank2_bg: autoDraw = True
61.9833 	EXP 	blank2_bg: autoDraw = False
61.9887 	INFO 	Keyboard events cleared
61.9885 	EXP 	target_text: autoDraw = True
63.6846 	EXP 	Device response: <KeyPress from None: t=63.683374625004944, value=left, duration=None>
63.6915 	DATA 	Keypress: left
63.6959 	EXP 	fix_text: autoDraw = False
63.6959 	EXP 	blank1_bg: autoDraw = False
63.6959 	EXP 	prime_text: autoDraw = False
63.6959 	EXP 	blank2_bg: autoDraw = False
63.6959 	EXP 	target_text: autoDraw = False
63.6959 	EXP 	greenCircle: autoDraw = True
63.6959 	EXP 	redCrosss: autoDraw = True
63.8181 	EXP 	Device response: <KeyPress from None: t=63.683374625004944, value=left, duration=0.12833458300156053>
63.8828 	EXP 	blank3_bg: autoDraw = True
63.8899 	EXP 	greenCircle: autoDraw = False
63.8899 	EXP 	redCrosss: autoDraw = False
64.6673 	EXP 	New trial (rep=1, index=3): <Trial 19 (3 in rep 1) data={'prime': 'The dog is barking loudly', 'target': 'The dog is barking loudly', 'condition': 'repetition_related', 'correctAns': 'right', 'thisN': 19, 'thisTrialN': 3, 'thisRepN': 1}>
64.6811 	EXP 	blank3_bg: autoDraw = False
64.6811 	EXP 	blank3_bg: autoDraw = False
64.6811 	EXP 	greenCircle: autoDraw = False
64.6811 	EXP 	redCrosss: autoDraw = False
64.6811 	EXP 	text: text = 'Take a short break! Press any key to continue.'
64.6811 	EXP 	text: autoDraw = False
64.6811 	EXP 	prime_text: height = np.float64(0.05)
64.6811 	EXP 	prime_text: height = np.float64(0.05)
64.6811 	EXP 	prime_text: height = np.float64(0.05)
64.6811 	EXP 	prime_text: text = 'The dog is barking loudly'
64.6811 	EXP 	target_text: height = np.float64(0.05)
64.6811 	EXP 	target_text: height = np.float64(0.05)
64.6811 	EXP 	target_text: height = np.float64(0.05)
64.6811 	EXP 	target_text: text = 'The dog is barking loudly'
64.6811 	EXP 	fix_text: autoDraw = True
64.9080 	EXP 	blank1_bg: autoDraw = True
64.9232 	EXP 	fix_text: autoDraw = False
65.1025 	EXP 	blank1_bg: autoDraw = False
65.1155 	EXP 	prime_text: autoDraw = True
65.3047 	EXP 	prime_text: autoDraw = False
65.3047 	EXP 	blank2_bg: autoDraw = True
65.4002 	EXP 	blank2_bg: autoDraw = False
65.4063 	INFO 	Keyboard events cleared
65.4059 	EXP 	target_text: autoDraw = True
67.6727 	EXP 	Device response: <KeyPress from None: t=67.67025220800133, value=right, duration=None>
67.6804 	DATA 	Keypress: right
67.6856 	EXP 	fix_text: autoDraw = False
67.6856 	EXP 	blank1_bg: autoDraw = False
67.6856 	EXP 	prime_text: autoDraw = False
67.6856 	EXP 	blank2_bg: autoDraw = False
67.6856 	EXP 	target_text: autoDraw = False
67.6856 	EXP 	greenCircle: autoDraw = True
67.6856 	EXP 	redCrosss: autoDraw = True
67.7849 	EXP 	Device response: <KeyPress from None: t=67.67025220800133, value=right, duration=0.11237762500240933>
67.8839 	EXP 	blank3_bg: autoDraw = True
67.9005 	EXP 	greenCircle: autoDraw = False
67.9005 	EXP 	redCrosss: autoDraw = False
68.6721 	EXP 	New trial (rep=1, index=4): <Trial 20 (4 in rep 1) data={'prime': 'They have finished the work', 'target': 'They have finished the work', 'condition': 'repetition_related', 'correctAns': 'right', 'thisN': 20, 'thisTrialN': 4, 'thisRepN': 1}>
68.6868 	EXP 	blank3_bg: autoDraw = False
68.6868 	EXP 	blank3_bg: autoDraw = False
68.6868 	EXP 	greenCircle: autoDraw = False
68.6868 	EXP 	redCrosss: autoDraw = False
68.6868 	EXP 	text: text = 'Take a short break! Press any key to continue.'
68.6868 	EXP 	text: autoDraw = False
68.6868 	EXP 	prime_text: height = np.float64(0.05)
68.6868 	EXP 	prime_text: height = np.float64(0.05)
68.6868 	EXP 	prime_text: height = np.float64(0.05)
68.6868 	EXP 	prime_text: text = 'They have finished the work'
68.6868 	EXP 	target_text: height = np.float64(0.05)
68.6868 	EXP 	target_text: height = np.float64(0.05)
68.6868 	EXP 	target_text: height = np.float64(0.05)
68.6868 	EXP 	target_text: text = 'They have finished the work'
68.6868 	EXP 	fix_text: autoDraw = True
68.9167 	EXP 	blank1_bg: autoDraw = True
68.9325 	EXP 	fix_text: autoDraw = False
69.1043 	EXP 	blank1_bg: autoDraw = False
69.1160 	EXP 	prime_text: autoDraw = True
69.3026 	EXP 	prime_text: autoDraw = False
69.3203 	EXP 	blank2_bg: autoDraw = True
69.4155 	EXP 	blank2_bg: autoDraw = False
69.4203 	INFO 	Keyboard events cleared
69.4201 	EXP 	target_text: autoDraw = True
70.3886 	EXP 	Device response: <KeyPress from None: t=70.38622616700013, value=right, duration=None>
70.3919 	DATA 	Keypress: right
70.3985 	EXP 	fix_text: autoDraw = False
70.3985 	EXP 	blank1_bg: autoDraw = False
70.3985 	EXP 	prime_text: autoDraw = False
70.3985 	EXP 	blank2_bg: autoDraw = False
70.3985 	EXP 	target_text: autoDraw = False
70.3985 	EXP 	greenCircle: autoDraw = True
70.3985 	EXP 	redCrosss: autoDraw = True
70.5719 	EXP 	Device response: <KeyPress from None: t=70.38622616700013, value=right, duration=0.1843351249990519>
70.5894 	EXP 	blank3_bg: autoDraw = True
70.5894 	EXP 	greenCircle: autoDraw = False
70.5894 	EXP 	redCrosss: autoDraw = False
71.3730 	EXP 	New trial (rep=1, index=5): <Trial 21 (5 in rep 1) data={'prime': 'They have finished the work', 'target': 'They finished have the work', 'condition': 'repetition_unrelated', 'correctAns': 'left', 'thisN': 21, 'thisTrialN': 5, 'thisRepN': 1}>
71.3825 	EXP 	blank3_bg: autoDraw = False
71.3825 	EXP 	blank3_bg: autoDraw = False
71.3825 	EXP 	greenCircle: autoDraw = False
71.3825 	EXP 	redCrosss: autoDraw = False
71.3825 	EXP 	text: text = 'Take a short break! Press any key to continue.'
71.3825 	EXP 	text: autoDraw = False
71.3825 	EXP 	prime_text: text = 'They have finished the work'
71.3825 	EXP 	target_text: height = np.float64(0.05)
71.3825 	EXP 	target_text: height = np.float64(0.05)
71.3825 	EXP 	target_text: height = np.float64(0.05)
71.3825 	EXP 	target_text: text = 'They finished have the work'
71.3825 	EXP 	fix_text: autoDraw = True
71.6223 	EXP 	fix_text: autoDraw = False
71.6223 	EXP 	blank1_bg: autoDraw = True
71.8160 	EXP 	blank1_bg: autoDraw = False
71.8160 	EXP 	prime_text: autoDraw = True
72.0034 	EXP 	prime_text: autoDraw = False
72.0202 	EXP 	blank2_bg: autoDraw = True
72.1159 	EXP 	blank2_bg: autoDraw = False
72.1207 	INFO 	Keyboard events cleared
72.1204 	EXP 	target_text: autoDraw = True
73.3345 	EXP 	Device response: <KeyPress from None: t=73.3281862080039, value=left, duration=None>
73.3455 	DATA 	Keypress: left
73.3670 	EXP 	fix_text: autoDraw = False
73.3670 	EXP 	blank1_bg: autoDraw = False
73.3670 	EXP 	prime_text: autoDraw = False
73.3670 	EXP 	blank2_bg: autoDraw = False
73.3670 	EXP 	target_text: autoDraw = False
73.3670 	EXP 	greenCircle: autoDraw = True
73.3670 	EXP 	redCrosss: autoDraw = True
73.4179 	EXP 	Device response: <KeyPress from None: t=73.3281862080039, value=left, duration=0.08428150000690948>
73.5342 	EXP 	blank3_bg: autoDraw = True
73.5673 	EXP 	greenCircle: autoDraw = False
73.5673 	EXP 	redCrosss: autoDraw = False
74.3237 	EXP 	New trial (rep=1, index=6): <Trial 22 (6 in rep 1) data={'prime': 'They have finished the work', 'target': 'They work the have finished', 'condition': 'transposition_unrelated', 'correctAns': 'left', 'thisN': 22, 'thisTrialN': 6, 'thisRepN': 1}>
74.3354 	EXP 	blank3_bg: autoDraw = False
74.3354 	EXP 	blank3_bg: autoDraw = False
74.3354 	EXP 	greenCircle: autoDraw = False
74.3354 	EXP 	redCrosss: autoDraw = False
74.3354 	EXP 	text: text = 'Take a short break! Press any key to continue.'
74.3354 	EXP 	text: autoDraw = False
74.3354 	EXP 	prime_text: text = 'They have finished the work'
74.3354 	EXP 	target_text: height = np.float64(0.05)
74.3354 	EXP 	target_text: height = np.float64(0.05)
74.3354 	EXP 	target_text: height = np.float64(0.05)
74.3354 	EXP 	target_text: text = 'They work the have finished'
74.3354 	EXP 	fix_text: autoDraw = True
74.5659 	EXP 	blank1_bg: autoDraw = True
74.5827 	EXP 	fix_text: autoDraw = False
74.7832 	EXP 	blank1_bg: autoDraw = False
74.7832 	EXP 	prime_text: autoDraw = True
74.9713 	EXP 	prime_text: autoDraw = False
74.9713 	EXP 	blank2_bg: autoDraw = True
75.0708 	INFO 	Keyboard events cleared
75.0706 	EXP 	blank2_bg: autoDraw = False
75.0706 	EXP 	target_text: autoDraw = True
75.9595 	EXP 	Device response: <KeyPress from None: t=75.95107633300358, value=left, duration=None>
75.9645 	DATA 	Keypress: left
75.9681 	EXP 	fix_text: autoDraw = False
75.9681 	EXP 	blank1_bg: autoDraw = False
75.9681 	EXP 	prime_text: autoDraw = False
75.9681 	EXP 	blank2_bg: autoDraw = False
75.9681 	EXP 	target_text: autoDraw = False
75.9681 	EXP 	greenCircle: autoDraw = True
75.9681 	EXP 	redCrosss: autoDraw = True
76.0708 	EXP 	Device response: <KeyPress from None: t=75.95107633300358, value=left, duration=0.11632958399422932>
76.1555 	EXP 	blank3_bg: autoDraw = True
76.1661 	EXP 	greenCircle: autoDraw = False
76.1661 	EXP 	redCrosss: autoDraw = False
76.9394 	EXP 	New trial (rep=1, index=7): <Trial 23 (7 in rep 1) data={'prime': 'She does not like apples', 'target': 'She does not like apples', 'condition': 'repetition_related', 'correctAns': 'right', 'thisN': 23, 'thisTrialN': 7, 'thisRepN': 1}>
76.9522 	EXP 	blank3_bg: autoDraw = False
76.9522 	EXP 	blank3_bg: autoDraw = False
76.9522 	EXP 	greenCircle: autoDraw = False
76.9522 	EXP 	redCrosss: autoDraw = False
76.9522 	EXP 	text: text = 'Take a short break! Press any key to continue.'
76.9522 	EXP 	text: autoDraw = False
76.9522 	EXP 	prime_text: height = np.float64(0.05)
76.9522 	EXP 	prime_text: height = np.float64(0.05)
76.9522 	EXP 	prime_text: height = np.float64(0.05)
76.9522 	EXP 	prime_text: text = 'She does not like apples'
76.9522 	EXP 	target_text: height = np.float64(0.05)
76.9522 	EXP 	target_text: height = np.float64(0.05)
76.9522 	EXP 	target_text: height = np.float64(0.05)
76.9522 	EXP 	target_text: text = 'She does not like apples'
76.9522 	EXP 	fix_text: autoDraw = True
77.1887 	EXP 	blank1_bg: autoDraw = True
77.1986 	EXP 	fix_text: autoDraw = False
77.3820 	EXP 	blank1_bg: autoDraw = False
77.3865 	EXP 	prime_text: autoDraw = True
77.5821 	EXP 	prime_text: autoDraw = False
77.5868 	EXP 	blank2_bg: autoDraw = True
77.6825 	EXP 	blank2_bg: autoDraw = False
77.6874 	INFO 	Keyboard events cleared
77.6871 	EXP 	target_text: autoDraw = True
80.5517 	EXP 	Device response: <KeyPress from None: t=80.53635379200568, value=right, duration=None>
80.5598 	DATA 	Keypress: right
80.5659 	EXP 	fix_text: autoDraw = False
80.5659 	EXP 	blank1_bg: autoDraw = False
80.5659 	EXP 	prime_text: autoDraw = False
80.5659 	EXP 	blank2_bg: autoDraw = False
80.5659 	EXP 	target_text: autoDraw = False
80.5659 	EXP 	greenCircle: autoDraw = True
80.5659 	EXP 	redCrosss: autoDraw = True
80.6514 	EXP 	Device response: <KeyPress from None: t=80.53635379200568, value=right, duration=0.10591100000601728>
80.7502 	EXP 	blank3_bg: autoDraw = True
80.7572 	EXP 	greenCircle: autoDraw = False
80.7572 	EXP 	redCrosss: autoDraw = False
81.5342 	EXP 	New trial (rep=1, index=8): <Trial 24 (8 in rep 1) data={'prime': 'The boy can read fast', 'target': 'The read can boy fast', 'condition': 'repetition_unrelated', 'correctAns': 'left', 'thisN': 24, 'thisTrialN': 8, 'thisRepN': 1}>
81.5486 	EXP 	blank3_bg: autoDraw = False
81.5486 	EXP 	blank3_bg: autoDraw = False
81.5486 	EXP 	greenCircle: autoDraw = False
81.5486 	EXP 	redCrosss: autoDraw = False
81.5486 	EXP 	text: text = 'Take a short break! Press any key to continue.'
81.5486 	EXP 	text: autoDraw = False
81.5486 	EXP 	prime_text: height = np.float64(0.05)
81.5486 	EXP 	prime_text: height = np.float64(0.05)
81.5486 	EXP 	prime_text: height = np.float64(0.05)
81.5486 	EXP 	prime_text: text = 'The boy can read fast'
81.5486 	EXP 	target_text: height = np.float64(0.05)
81.5486 	EXP 	target_text: height = np.float64(0.05)
81.5486 	EXP 	target_text: height = np.float64(0.05)
81.5486 	EXP 	target_text: text = 'The read can boy fast'
81.5486 	EXP 	fix_text: autoDraw = True
81.7748 	EXP 	blank1_bg: autoDraw = True
81.7891 	EXP 	fix_text: autoDraw = False
81.9720 	EXP 	blank1_bg: autoDraw = False
81.9720 	EXP 	prime_text: autoDraw = True
82.1669 	EXP 	prime_text: autoDraw = False
82.1721 	EXP 	blank2_bg: autoDraw = True
82.2668 	EXP 	blank2_bg: autoDraw = False
82.2724 	INFO 	Keyboard events cleared
82.2722 	EXP 	target_text: autoDraw = True
83.3724 	EXP 	Device response: <KeyPress from None: t=83.37092516700795, value=left, duration=None>
83.3790 	DATA 	Keypress: left
83.3997 	EXP 	fix_text: autoDraw = False
83.3997 	EXP 	blank1_bg: autoDraw = False
83.3997 	EXP 	prime_text: autoDraw = False
83.3997 	EXP 	blank2_bg: autoDraw = False
83.3997 	EXP 	target_text: autoDraw = False
83.3997 	EXP 	greenCircle: autoDraw = True
83.3997 	EXP 	redCrosss: autoDraw = True
83.5177 	EXP 	Device response: <KeyPress from None: t=83.37092516700795, value=left, duration=0.14033516599738505>
83.5668 	EXP 	blank3_bg: autoDraw = True
83.6003 	EXP 	greenCircle: autoDraw = False
83.6003 	EXP 	redCrosss: autoDraw = False
84.3500 	EXP 	New trial (rep=1, index=9): <Trial 25 (9 in rep 1) data={'prime': 'She does not like apples', 'target': 'She not does like apples', 'condition': 'transposition_related', 'correctAns': 'right', 'thisN': 25, 'thisTrialN': 9, 'thisRepN': 1}>
84.3617 	EXP 	blank3_bg: autoDraw = False
84.3617 	EXP 	blank3_bg: autoDraw = False
84.3617 	EXP 	greenCircle: autoDraw = False
84.3617 	EXP 	redCrosss: autoDraw = False
84.3617 	EXP 	text: text = 'Take a short break! Press any key to continue.'
84.3617 	EXP 	text: autoDraw = False
84.3617 	EXP 	prime_text: height = np.float64(0.05)
84.3617 	EXP 	prime_text: height = np.float64(0.05)
84.3617 	EXP 	prime_text: height = np.float64(0.05)
84.3617 	EXP 	prime_text: text = 'She does not like apples'
84.3617 	EXP 	target_text: height = np.float64(0.05)
84.3617 	EXP 	target_text: height = np.float64(0.05)
84.3617 	EXP 	target_text: height = np.float64(0.05)
84.3617 	EXP 	target_text: text = 'She not does like apples'
84.3617 	EXP 	fix_text: autoDraw = True
84.5911 	EXP 	blank1_bg: autoDraw = True
84.6058 	EXP 	fix_text: autoDraw = False
84.7892 	EXP 	blank1_bg: autoDraw = False
84.7892 	EXP 	prime_text: autoDraw = True
84.9836 	EXP 	prime_text: autoDraw = False
84.9888 	EXP 	blank2_bg: autoDraw = True
85.0835 	EXP 	blank2_bg: autoDraw = False
85.0895 	INFO 	Keyboard events cleared
85.0892 	EXP 	target_text: autoDraw = True
86.1228 	EXP 	Device response: <KeyPress from None: t=86.11894737499824, value=left, duration=None>
86.1292 	DATA 	Keypress: left
86.1499 	EXP 	fix_text: autoDraw = False
86.1499 	EXP 	blank1_bg: autoDraw = False
86.1499 	EXP 	prime_text: autoDraw = False
86.1499 	EXP 	blank2_bg: autoDraw = False
86.1499 	EXP 	target_text: autoDraw = False
86.1499 	EXP 	greenCircle: autoDraw = True
86.1499 	EXP 	redCrosss: autoDraw = True
86.2345 	EXP 	Device response: <KeyPress from None: t=86.11894737499824, value=left, duration=0.10418958301306702>
86.3247 	EXP 	blank3_bg: autoDraw = True
86.3391 	EXP 	greenCircle: autoDraw = False
86.3391 	EXP 	redCrosss: autoDraw = False
87.1163 	EXP 	New trial (rep=1, index=10): <Trial 26 (10 in rep 1) data={'prime': 'The boy can read fast', 'target': 'The boy can read fast', 'condition': 'repetition_related', 'correctAns': 'right', 'thisN': 26, 'thisTrialN': 10, 'thisRepN': 1}>
87.1300 	EXP 	blank3_bg: autoDraw = False
87.1300 	EXP 	blank3_bg: autoDraw = False
87.1300 	EXP 	greenCircle: autoDraw = False
87.1300 	EXP 	redCrosss: autoDraw = False
87.1300 	EXP 	text: text = 'Take a short break! Press any key to continue.'
87.1300 	EXP 	text: autoDraw = False
87.1300 	EXP 	prime_text: height = np.float64(0.05)
87.1300 	EXP 	prime_text: height = np.float64(0.05)
87.1300 	EXP 	prime_text: height = np.float64(0.05)
87.1300 	EXP 	prime_text: text = 'The boy can read fast'
87.1300 	EXP 	target_text: height = np.float64(0.05)
87.1300 	EXP 	target_text: height = np.float64(0.05)
87.1300 	EXP 	target_text: height = np.float64(0.05)
87.1300 	EXP 	target_text: text = 'The boy can read fast'
87.1300 	EXP 	fix_text: autoDraw = True
87.3578 	EXP 	blank1_bg: autoDraw = True
87.3722 	EXP 	fix_text: autoDraw = False
87.5556 	EXP 	blank1_bg: autoDraw = False
87.5556 	EXP 	prime_text: autoDraw = True
87.7502 	EXP 	prime_text: autoDraw = False
87.7554 	EXP 	blank2_bg: autoDraw = True
87.8501 	EXP 	blank2_bg: autoDraw = False
87.8557 	INFO 	Keyboard events cleared
87.8555 	EXP 	target_text: autoDraw = True
89.2061 	EXP 	Device response: <KeyPress from None: t=89.20190454200201, value=right, duration=None>
89.2125 	DATA 	Keypress: right
89.2184 	EXP 	fix_text: autoDraw = False
89.2184 	EXP 	blank1_bg: autoDraw = False
89.2184 	EXP 	prime_text: autoDraw = False
89.2184 	EXP 	blank2_bg: autoDraw = False
89.2184 	EXP 	target_text: autoDraw = False
89.2184 	EXP 	greenCircle: autoDraw = True
89.2184 	EXP 	redCrosss: autoDraw = True
89.3178 	EXP 	Device response: <KeyPress from None: t=89.20190454200201, value=right, duration=0.10819516600167844>
89.4081 	EXP 	blank3_bg: autoDraw = True
89.4153 	EXP 	greenCircle: autoDraw = False
89.4153 	EXP 	redCrosss: autoDraw = False
90.2008 	EXP 	New trial (rep=1, index=11): <Trial 27 (11 in rep 1) data={'prime': 'She does not like apples', 'target': 'She not does like apples', 'condition': 'repetition_unrelated', 'correctAns': 'left', 'thisN': 27, 'thisTrialN': 11, 'thisRepN': 1}>
90.2153 	EXP 	blank3_bg: autoDraw = False
90.2153 	EXP 	blank3_bg: autoDraw = False
90.2153 	EXP 	greenCircle: autoDraw = False
90.2153 	EXP 	redCrosss: autoDraw = False
90.2153 	EXP 	text: text = 'Take a short break! Press any key to continue.'
90.2153 	EXP 	text: autoDraw = False
90.2153 	EXP 	prime_text: height = np.float64(0.05)
90.2153 	EXP 	prime_text: height = np.float64(0.05)
90.2153 	EXP 	prime_text: height = np.float64(0.05)
90.2153 	EXP 	prime_text: text = 'She does not like apples'
90.2153 	EXP 	target_text: height = np.float64(0.05)
90.2153 	EXP 	target_text: height = np.float64(0.05)
90.2153 	EXP 	target_text: height = np.float64(0.05)
90.2153 	EXP 	target_text: text = 'She not does like apples'
90.2153 	EXP 	fix_text: autoDraw = True
90.4406 	EXP 	blank1_bg: autoDraw = True
90.4548 	EXP 	fix_text: autoDraw = False
90.6333 	EXP 	blank1_bg: autoDraw = False
90.6386 	EXP 	prime_text: autoDraw = True
90.8335 	EXP 	prime_text: autoDraw = False
90.8385 	EXP 	blank2_bg: autoDraw = True
90.9335 	EXP 	blank2_bg: autoDraw = False
90.9391 	INFO 	Keyboard events cleared
90.9389 	EXP 	target_text: autoDraw = True
91.9343 	EXP 	Device response: <KeyPress from None: t=91.92467824999767, value=left, duration=None>
91.9428 	DATA 	Keypress: left
91.9472 	EXP 	fix_text: autoDraw = False
91.9472 	EXP 	blank1_bg: autoDraw = False
91.9472 	EXP 	prime_text: autoDraw = False
91.9472 	EXP 	blank2_bg: autoDraw = False
91.9472 	EXP 	target_text: autoDraw = False
91.9472 	EXP 	greenCircle: autoDraw = True
91.9472 	EXP 	redCrosss: autoDraw = True
92.0510 	EXP 	Device response: <KeyPress from None: t=91.92467824999767, value=left, duration=0.12045858301280532>
92.1336 	EXP 	blank3_bg: autoDraw = True
92.1401 	EXP 	greenCircle: autoDraw = False
92.1401 	EXP 	redCrosss: autoDraw = False
92.9167 	EXP 	New trial (rep=1, index=12): <Trial 28 (12 in rep 1) data={'prime': 'The dog is barking loudly', 'target': 'The dog barking is loudly', 'condition': 'transposition_related', 'correctAns': 'right', 'thisN': 28, 'thisTrialN': 12, 'thisRepN': 1}>
92.9307 	EXP 	blank3_bg: autoDraw = False
92.9307 	EXP 	blank3_bg: autoDraw = False
92.9307 	EXP 	greenCircle: autoDraw = False
92.9307 	EXP 	redCrosss: autoDraw = False
92.9307 	EXP 	text: text = 'Take a short break! Press any key to continue.'
92.9307 	EXP 	text: autoDraw = False
92.9307 	EXP 	prime_text: height = np.float64(0.05)
92.9307 	EXP 	prime_text: height = np.float64(0.05)
92.9307 	EXP 	prime_text: height = np.float64(0.05)
92.9307 	EXP 	prime_text: text = 'The dog is barking loudly'
92.9307 	EXP 	target_text: height = np.float64(0.05)
92.9307 	EXP 	target_text: height = np.float64(0.05)
92.9307 	EXP 	target_text: height = np.float64(0.05)
92.9307 	EXP 	target_text: text = 'The dog barking is loudly'
92.9307 	EXP 	fix_text: autoDraw = True
93.1573 	EXP 	blank1_bg: autoDraw = True
93.1712 	EXP 	fix_text: autoDraw = False
93.3500 	EXP 	blank1_bg: autoDraw = False
93.3549 	EXP 	prime_text: autoDraw = True
93.5503 	EXP 	prime_text: autoDraw = False
93.5552 	EXP 	blank2_bg: autoDraw = True
93.6500 	EXP 	blank2_bg: autoDraw = False
93.6556 	INFO 	Keyboard events cleared
93.6554 	EXP 	target_text: autoDraw = True
96.1185 	EXP 	Device response: <KeyPress from None: t=96.10316829200019, value=left, duration=None>
96.1264 	DATA 	Keypress: left
96.1324 	EXP 	fix_text: autoDraw = False
96.1324 	EXP 	blank1_bg: autoDraw = False
96.1324 	EXP 	prime_text: autoDraw = False
96.1324 	EXP 	blank2_bg: autoDraw = False
96.1324 	EXP 	target_text: autoDraw = False
96.1324 	EXP 	greenCircle: autoDraw = True
96.1324 	EXP 	redCrosss: autoDraw = True
96.1677 	EXP 	Device response: <KeyPress from None: t=96.10316829200019, value=left, duration=0.058002541001769714>
96.3168 	EXP 	blank3_bg: autoDraw = True
96.3240 	EXP 	greenCircle: autoDraw = False
96.3240 	EXP 	redCrosss: autoDraw = False
97.1004 	EXP 	New trial (rep=1, index=13): <Trial 29 (13 in rep 1) data={'prime': 'The boy can read fast', 'target': 'The boy can read fast', 'condition': 'transposition_related', 'correctAns': 'right', 'thisN': 29, 'thisTrialN': 13, 'thisRepN': 1}>
97.1156 	EXP 	blank3_bg: autoDraw = False
97.1156 	EXP 	blank3_bg: autoDraw = False
97.1156 	EXP 	greenCircle: autoDraw = False
97.1156 	EXP 	redCrosss: autoDraw = False
97.1156 	EXP 	text: text = 'Take a short break! Press any key to continue.'
97.1156 	EXP 	text: autoDraw = False
97.1156 	EXP 	prime_text: height = np.float64(0.05)
97.1156 	EXP 	prime_text: height = np.float64(0.05)
97.1156 	EXP 	prime_text: height = np.float64(0.05)
97.1156 	EXP 	prime_text: text = 'The boy can read fast'
97.1156 	EXP 	target_text: height = np.float64(0.05)
97.1156 	EXP 	target_text: height = np.float64(0.05)
97.1156 	EXP 	target_text: height = np.float64(0.05)
97.1156 	EXP 	target_text: text = 'The boy can read fast'
97.1156 	EXP 	fix_text: autoDraw = True
97.3408 	EXP 	blank1_bg: autoDraw = True
97.3548 	EXP 	fix_text: autoDraw = False
97.5387 	EXP 	blank1_bg: autoDraw = False
97.5387 	EXP 	prime_text: autoDraw = True
97.7333 	EXP 	prime_text: autoDraw = False
97.7384 	EXP 	blank2_bg: autoDraw = True
97.8334 	EXP 	blank2_bg: autoDraw = False
97.8391 	INFO 	Keyboard events cleared
97.8389 	EXP 	target_text: autoDraw = True
99.1509 	EXP 	Device response: <KeyPress from None: t=99.14678466699843, value=right, duration=None>
99.1582 	DATA 	Keypress: right
99.1625 	EXP 	fix_text: autoDraw = False
99.1625 	EXP 	blank1_bg: autoDraw = False
99.1625 	EXP 	prime_text: autoDraw = False
99.1625 	EXP 	blank2_bg: autoDraw = False
99.1625 	EXP 	target_text: autoDraw = False
99.1625 	EXP 	greenCircle: autoDraw = True
99.1625 	EXP 	redCrosss: autoDraw = True
99.2843 	EXP 	Device response: <KeyPress from None: t=99.14678466699843, value=right, duration=0.1282022500090534>
99.3414 	EXP 	blank3_bg: autoDraw = True
99.3556 	EXP 	greenCircle: autoDraw = False
99.3556 	EXP 	redCrosss: autoDraw = False
100.1338 	EXP 	New trial (rep=1, index=14): <Trial 30 (14 in rep 1) data={'prime': 'The dog is barking loudly', 'target': 'The barking dog loudly is', 'condition': 'transposition_unrelated', 'correctAns': 'left', 'thisN': 30, 'thisTrialN': 14, 'thisRepN': 1}>
100.1476 	EXP 	blank3_bg: autoDraw = False
100.1476 	EXP 	blank3_bg: autoDraw = False
100.1476 	EXP 	greenCircle: autoDraw = False
100.1476 	EXP 	redCrosss: autoDraw = False
100.1476 	EXP 	text: text = 'Take a short break! Press any key to continue.'
100.1476 	EXP 	text: autoDraw = False
100.1476 	EXP 	prime_text: height = np.float64(0.05)
100.1476 	EXP 	prime_text: height = np.float64(0.05)
100.1476 	EXP 	prime_text: height = np.float64(0.05)
100.1476 	EXP 	prime_text: text = 'The dog is barking loudly'
100.1476 	EXP 	target_text: height = np.float64(0.05)
100.1476 	EXP 	target_text: height = np.float64(0.05)
100.1476 	EXP 	target_text: height = np.float64(0.05)
100.1476 	EXP 	target_text: text = 'The barking dog loudly is'
100.1476 	EXP 	fix_text: autoDraw = True
100.3743 	EXP 	blank1_bg: autoDraw = True
100.3883 	EXP 	fix_text: autoDraw = False
100.5719 	EXP 	blank1_bg: autoDraw = False
100.5719 	EXP 	prime_text: autoDraw = True
100.7667 	EXP 	prime_text: autoDraw = False
100.7717 	EXP 	blank2_bg: autoDraw = True
100.8667 	EXP 	blank2_bg: autoDraw = False
100.8721 	INFO 	Keyboard events cleared
100.8718 	EXP 	target_text: autoDraw = True
102.3176 	EXP 	Device response: <KeyPress from None: t=102.31060966700898, value=left, duration=None>
102.3239 	DATA 	Keypress: left
102.3284 	EXP 	fix_text: autoDraw = False
102.3284 	EXP 	blank1_bg: autoDraw = False
102.3284 	EXP 	prime_text: autoDraw = False
102.3284 	EXP 	blank2_bg: autoDraw = False
102.3284 	EXP 	target_text: autoDraw = False
102.3284 	EXP 	greenCircle: autoDraw = True
102.3284 	EXP 	redCrosss: autoDraw = True
102.4180 	EXP 	Device response: <KeyPress from None: t=102.31060966700898, value=left, duration=0.09634920798998792>
102.5167 	EXP 	blank3_bg: autoDraw = True
102.5247 	EXP 	greenCircle: autoDraw = False
102.5247 	EXP 	redCrosss: autoDraw = False
103.3081 	EXP 	New trial (rep=1, index=15): <Trial 31 (15 in rep 1) data={'prime': 'The dog is barking loudly', 'target': 'The loudly is barking dog', 'condition': 'repetition_unrelated', 'correctAns': 'left', 'thisN': 31, 'thisTrialN': 15, 'thisRepN': 1}>
103.3191 	EXP 	blank3_bg: autoDraw = False
103.3191 	EXP 	blank3_bg: autoDraw = False
103.3191 	EXP 	greenCircle: autoDraw = False
103.3191 	EXP 	redCrosss: autoDraw = False
103.3191 	EXP 	text: text = 'Take a short break! Press any key to continue.'
103.3191 	EXP 	text: autoDraw = False
103.3191 	EXP 	prime_text: text = 'The dog is barking loudly'
103.3191 	EXP 	target_text: height = np.float64(0.05)
103.3191 	EXP 	target_text: height = np.float64(0.05)
103.3191 	EXP 	target_text: height = np.float64(0.05)
103.3191 	EXP 	target_text: text = 'The loudly is barking dog'
103.3191 	EXP 	fix_text: autoDraw = True
103.5583 	EXP 	blank1_bg: autoDraw = True
103.5651 	EXP 	fix_text: autoDraw = False
103.7487 	EXP 	prime_text: autoDraw = True
103.7543 	EXP 	blank1_bg: autoDraw = False
103.9377 	EXP 	prime_text: autoDraw = False
103.9569 	EXP 	blank2_bg: autoDraw = True
104.0563 	INFO 	Keyboard events cleared
104.0560 	EXP 	blank2_bg: autoDraw = False
104.0560 	EXP 	target_text: autoDraw = True
105.4252 	EXP 	Device response: <KeyPress from None: t=105.41866616701009, value=left, duration=None>
105.4347 	DATA 	Keypress: left
105.4387 	EXP 	fix_text: autoDraw = False
105.4387 	EXP 	blank1_bg: autoDraw = False
105.4387 	EXP 	prime_text: autoDraw = False
105.4387 	EXP 	blank2_bg: autoDraw = False
105.4387 	EXP 	target_text: autoDraw = False
105.4387 	EXP 	greenCircle: autoDraw = True
105.4387 	EXP 	redCrosss: autoDraw = True
105.4684 	EXP 	Device response: <KeyPress from None: t=105.41866616701009, value=left, duration=0.044287790995440446>
105.6251 	EXP 	blank3_bg: autoDraw = True
105.6318 	EXP 	greenCircle: autoDraw = False
105.6318 	EXP 	redCrosss: autoDraw = False
106.4177 	EXP 	New trial (rep=2, index=0): <Trial 32 (0 in rep 2) data={'prime': 'She does not like apples', 'target': 'She like does apples not', 'condition': 'transposition_unrelated', 'correctAns': 'left', 'thisN': 32, 'thisTrialN': 0, 'thisRepN': 2}>
106.4331 	EXP 	blank3_bg: autoDraw = False
106.4331 	EXP 	blank3_bg: autoDraw = False
106.4331 	EXP 	greenCircle: autoDraw = False
106.4331 	EXP 	redCrosss: autoDraw = False
106.4331 	EXP 	text: text = 'Take a short break! Press any key to continue.'
106.4331 	EXP 	text: autoDraw = False
106.4331 	EXP 	prime_text: height = np.float64(0.05)
106.4331 	EXP 	prime_text: height = np.float64(0.05)
106.4331 	EXP 	prime_text: height = np.float64(0.05)
106.4331 	EXP 	prime_text: text = 'She does not like apples'
106.4331 	EXP 	target_text: height = np.float64(0.05)
106.4331 	EXP 	target_text: height = np.float64(0.05)
106.4331 	EXP 	target_text: height = np.float64(0.05)
106.4331 	EXP 	target_text: text = 'She like does apples not'
106.4331 	EXP 	fix_text: autoDraw = True
106.6589 	EXP 	blank1_bg: autoDraw = True
106.6829 	EXP 	fix_text: autoDraw = False
106.8570 	EXP 	blank1_bg: autoDraw = False
106.8570 	EXP 	prime_text: autoDraw = True
107.0502 	EXP 	prime_text: autoDraw = False
107.0571 	EXP 	blank2_bg: autoDraw = True
107.1569 	INFO 	Keyboard events cleared
107.1567 	EXP 	blank2_bg: autoDraw = False
107.1567 	EXP 	target_text: autoDraw = True
108.1355 	EXP 	Device response: <KeyPress from None: t=108.12865820800653, value=left, duration=None>
108.1450 	DATA 	Keypress: left
108.1492 	EXP 	fix_text: autoDraw = False
108.1492 	EXP 	blank1_bg: autoDraw = False
108.1492 	EXP 	prime_text: autoDraw = False
108.1492 	EXP 	blank2_bg: autoDraw = False
108.1492 	EXP 	target_text: autoDraw = False
108.1492 	EXP 	greenCircle: autoDraw = True
108.1492 	EXP 	redCrosss: autoDraw = True
108.1842 	EXP 	Device response: <KeyPress from None: t=108.12865820800653, value=left, duration=0.052228166998247616>
108.3317 	EXP 	blank3_bg: autoDraw = True
108.3387 	EXP 	greenCircle: autoDraw = False
108.3387 	EXP 	redCrosss: autoDraw = False
109.1174 	EXP 	New trial (rep=2, index=1): <Trial 33 (1 in rep 2) data={'prime': 'They have finished the work', 'target': 'They finished have the work', 'condition': 'transposition_related', 'correctAns': 'right', 'thisN': 33, 'thisTrialN': 1, 'thisRepN': 2}>
109.1327 	EXP 	blank3_bg: autoDraw = False
109.1327 	EXP 	blank3_bg: autoDraw = False
109.1327 	EXP 	greenCircle: autoDraw = False
109.1327 	EXP 	redCrosss: autoDraw = False
109.1327 	EXP 	text: text = 'Take a short break! Press any key to continue.'
109.1327 	EXP 	text: autoDraw = False
109.1327 	EXP 	prime_text: height = np.float64(0.05)
109.1327 	EXP 	prime_text: height = np.float64(0.05)
109.1327 	EXP 	prime_text: height = np.float64(0.05)
109.1327 	EXP 	prime_text: text = 'They have finished the work'
109.1327 	EXP 	target_text: height = np.float64(0.05)
109.1327 	EXP 	target_text: height = np.float64(0.05)
109.1327 	EXP 	target_text: height = np.float64(0.05)
109.1327 	EXP 	target_text: text = 'They finished have the work'
109.1327 	EXP 	fix_text: autoDraw = True
109.3581 	EXP 	blank1_bg: autoDraw = True
109.3730 	EXP 	fix_text: autoDraw = False
109.5528 	EXP 	blank1_bg: autoDraw = False
109.5665 	EXP 	prime_text: autoDraw = True
109.7562 	EXP 	prime_text: autoDraw = False
109.7562 	EXP 	blank2_bg: autoDraw = True
109.8498 	EXP 	blank2_bg: autoDraw = False
109.8559 	INFO 	Keyboard events cleared
109.8557 	EXP 	target_text: autoDraw = True
110.8909 	EXP 	Device response: <KeyPress from None: t=110.88952537500882, value=left, duration=None>
110.8982 	DATA 	Keypress: left
110.9024 	EXP 	fix_text: autoDraw = False
110.9024 	EXP 	blank1_bg: autoDraw = False
110.9024 	EXP 	prime_text: autoDraw = False
110.9024 	EXP 	blank2_bg: autoDraw = False
110.9024 	EXP 	target_text: autoDraw = False
110.9024 	EXP 	greenCircle: autoDraw = True
110.9024 	EXP 	redCrosss: autoDraw = True
110.9844 	EXP 	Device response: <KeyPress from None: t=110.88952537500882, value=left, duration=0.09231262499815784>
111.0924 	EXP 	blank3_bg: autoDraw = True
111.0984 	EXP 	greenCircle: autoDraw = False
111.0984 	EXP 	redCrosss: autoDraw = False
111.8841 	EXP 	New trial (rep=2, index=2): <Trial 34 (2 in rep 2) data={'prime': 'They have finished the work', 'target': 'They finished have the work', 'condition': 'repetition_unrelated', 'correctAns': 'left', 'thisN': 34, 'thisTrialN': 2, 'thisRepN': 2}>
111.8896 	EXP 	blank3_bg: autoDraw = False
111.8896 	EXP 	blank3_bg: autoDraw = False
111.8896 	EXP 	greenCircle: autoDraw = False
111.8896 	EXP 	redCrosss: autoDraw = False
111.8896 	EXP 	text: text = 'Take a short break! Press any key to continue.'
111.8896 	EXP 	text: autoDraw = False
111.8896 	EXP 	prime_text: text = 'They have finished the work'
111.8896 	EXP 	target_text: text = 'They finished have the work'
111.8896 	EXP 	fix_text: autoDraw = True
112.1259 	EXP 	blank1_bg: autoDraw = True
112.1332 	EXP 	fix_text: autoDraw = False
112.3229 	EXP 	blank1_bg: autoDraw = False
112.3229 	EXP 	prime_text: autoDraw = True
112.5166 	EXP 	prime_text: autoDraw = False
112.5223 	EXP 	blank2_bg: autoDraw = True
112.6165 	EXP 	blank2_bg: autoDraw = False
112.6229 	INFO 	Keyboard events cleared
112.6227 	EXP 	target_text: autoDraw = True
113.6019 	EXP 	Device response: <KeyPress from None: t=113.58934020801098, value=left, duration=None>
113.6100 	DATA 	Keypress: left
113.6143 	EXP 	fix_text: autoDraw = False
113.6143 	EXP 	blank1_bg: autoDraw = False
113.6143 	EXP 	prime_text: autoDraw = False
113.6143 	EXP 	blank2_bg: autoDraw = False
113.6143 	EXP 	target_text: autoDraw = False
113.6143 	EXP 	greenCircle: autoDraw = True
113.6143 	EXP 	redCrosss: autoDraw = True
113.7073 	EXP 	Device response: <KeyPress from None: t=113.58934020801098, value=left, duration=0.11644212499959394>
113.7983 	EXP 	blank3_bg: autoDraw = True
113.8054 	EXP 	greenCircle: autoDraw = False
113.8054 	EXP 	redCrosss: autoDraw = False
114.5839 	EXP 	New trial (rep=2, index=3): <Trial 35 (3 in rep 2) data={'prime': 'The boy can read fast', 'target': 'The boy can read fast', 'condition': 'transposition_related', 'correctAns': 'right', 'thisN': 35, 'thisTrialN': 3, 'thisRepN': 2}>
114.5997 	EXP 	blank3_bg: autoDraw = False
114.5997 	EXP 	blank3_bg: autoDraw = False
114.5997 	EXP 	greenCircle: autoDraw = False
114.5997 	EXP 	redCrosss: autoDraw = False
114.5997 	EXP 	text: text = 'Take a short break! Press any key to continue.'
114.5997 	EXP 	text: autoDraw = False
114.5997 	EXP 	prime_text: height = np.float64(0.05)
114.5997 	EXP 	prime_text: height = np.float64(0.05)
114.5997 	EXP 	prime_text: height = np.float64(0.05)
114.5997 	EXP 	prime_text: text = 'The boy can read fast'
114.5997 	EXP 	target_text: height = np.float64(0.05)
114.5997 	EXP 	target_text: height = np.float64(0.05)
114.5997 	EXP 	target_text: height = np.float64(0.05)
114.5997 	EXP 	target_text: text = 'The boy can read fast'
114.5997 	EXP 	fix_text: autoDraw = True
114.8246 	EXP 	blank1_bg: autoDraw = True
114.8386 	EXP 	fix_text: autoDraw = False
115.0230 	EXP 	blank1_bg: autoDraw = False
115.0230 	EXP 	prime_text: autoDraw = True
115.2166 	EXP 	prime_text: autoDraw = False
115.2226 	EXP 	blank2_bg: autoDraw = True
115.3167 	EXP 	blank2_bg: autoDraw = False
115.3233 	INFO 	Keyboard events cleared
115.3231 	EXP 	target_text: autoDraw = True
117.2684 	EXP 	Device response: <KeyPress from None: t=117.26640029200644, value=right, duration=None>
117.2762 	DATA 	Keypress: right
117.2805 	EXP 	fix_text: autoDraw = False
117.2805 	EXP 	blank1_bg: autoDraw = False
117.2805 	EXP 	prime_text: autoDraw = False
117.2805 	EXP 	blank2_bg: autoDraw = False
117.2805 	EXP 	target_text: autoDraw = False
117.2805 	EXP 	greenCircle: autoDraw = True
117.2805 	EXP 	redCrosss: autoDraw = True
117.3845 	EXP 	Device response: <KeyPress from None: t=117.26640029200644, value=right, duration=0.11628491600276902>
117.4650 	EXP 	blank3_bg: autoDraw = True
117.4727 	EXP 	greenCircle: autoDraw = False
117.4727 	EXP 	redCrosss: autoDraw = False
118.2500 	EXP 	New trial (rep=2, index=4): <Trial 36 (4 in rep 2) data={'prime': 'The boy can read fast', 'target': 'The read can boy fast', 'condition': 'repetition_unrelated', 'correctAns': 'left', 'thisN': 36, 'thisTrialN': 4, 'thisRepN': 2}>
118.2613 	EXP 	blank3_bg: autoDraw = False
118.2613 	EXP 	blank3_bg: autoDraw = False
118.2613 	EXP 	greenCircle: autoDraw = False
118.2613 	EXP 	redCrosss: autoDraw = False
118.2613 	EXP 	text: text = 'Take a short break! Press any key to continue.'
118.2613 	EXP 	text: autoDraw = False
118.2613 	EXP 	prime_text: text = 'The boy can read fast'
118.2613 	EXP 	target_text: height = np.float64(0.05)
118.2613 	EXP 	target_text: height = np.float64(0.05)
118.2613 	EXP 	target_text: height = np.float64(0.05)
118.2613 	EXP 	target_text: text = 'The read can boy fast'
118.2613 	EXP 	fix_text: autoDraw = True
118.4923 	EXP 	blank1_bg: autoDraw = True
118.5076 	EXP 	fix_text: autoDraw = False
118.6892 	EXP 	blank1_bg: autoDraw = False
118.6892 	EXP 	prime_text: autoDraw = True
118.8834 	EXP 	prime_text: autoDraw = False
118.8899 	EXP 	blank2_bg: autoDraw = True
118.9895 	INFO 	Keyboard events cleared
118.9893 	EXP 	blank2_bg: autoDraw = False
118.9893 	EXP 	target_text: autoDraw = True
120.2016 	EXP 	Device response: <KeyPress from None: t=120.19931716700376, value=left, duration=None>
120.2092 	DATA 	Keypress: left
120.2134 	EXP 	fix_text: autoDraw = False
120.2134 	EXP 	blank1_bg: autoDraw = False
120.2134 	EXP 	prime_text: autoDraw = False
120.2134 	EXP 	blank2_bg: autoDraw = False
120.2134 	EXP 	target_text: autoDraw = False
120.2134 	EXP 	greenCircle: autoDraw = True
120.2134 	EXP 	redCrosss: autoDraw = True
120.3017 	EXP 	Device response: <KeyPress from None: t=120.19931716700376, value=left, duration=0.10021783299453091>
120.3986 	EXP 	blank3_bg: autoDraw = True
120.4066 	EXP 	greenCircle: autoDraw = False
120.4066 	EXP 	redCrosss: autoDraw = False
121.1828 	EXP 	New trial (rep=2, index=5): <Trial 37 (5 in rep 2) data={'prime': 'The boy can read fast', 'target': 'The boy can read fast', 'condition': 'repetition_related', 'correctAns': 'right', 'thisN': 37, 'thisTrialN': 5, 'thisRepN': 2}>
121.1936 	EXP 	blank3_bg: autoDraw = False
121.1936 	EXP 	blank3_bg: autoDraw = False
121.1936 	EXP 	greenCircle: autoDraw = False
121.1936 	EXP 	redCrosss: autoDraw = False
121.1936 	EXP 	text: text = 'Take a short break! Press any key to continue.'
121.1936 	EXP 	text: autoDraw = False
121.1936 	EXP 	prime_text: text = 'The boy can read fast'
121.1936 	EXP 	target_text: height = np.float64(0.05)
121.1936 	EXP 	target_text: height = np.float64(0.05)
121.1936 	EXP 	target_text: height = np.float64(0.05)
121.1936 	EXP 	target_text: text = 'The boy can read fast'
121.1936 	EXP 	fix_text: autoDraw = True
121.4241 	EXP 	blank1_bg: autoDraw = True
121.4392 	EXP 	fix_text: autoDraw = False
121.6166 	EXP 	blank1_bg: autoDraw = False
121.6230 	EXP 	prime_text: autoDraw = True
121.8165 	EXP 	prime_text: autoDraw = False
121.8226 	EXP 	blank2_bg: autoDraw = True
121.9165 	EXP 	blank2_bg: autoDraw = False
121.9241 	INFO 	Keyboard events cleared
121.9239 	EXP 	target_text: autoDraw = True
123.1852 	EXP 	Device response: <KeyPress from None: t=123.17923645800329, value=right, duration=None>
123.1936 	DATA 	Keypress: right
123.1980 	EXP 	fix_text: autoDraw = False
123.1980 	EXP 	blank1_bg: autoDraw = False
123.1980 	EXP 	prime_text: autoDraw = False
123.1980 	EXP 	blank2_bg: autoDraw = False
123.1980 	EXP 	target_text: autoDraw = False
123.1980 	EXP 	greenCircle: autoDraw = True
123.1980 	EXP 	redCrosss: autoDraw = True
123.3345 	EXP 	Device response: <KeyPress from None: t=123.17923645800329, value=right, duration=0.14436695900803898>
123.3816 	EXP 	blank3_bg: autoDraw = True
123.3900 	EXP 	greenCircle: autoDraw = False
123.3900 	EXP 	redCrosss: autoDraw = False
124.1658 	EXP 	New trial (rep=2, index=6): <Trial 38 (6 in rep 2) data={'prime': 'The dog is barking loudly', 'target': 'The dog is barking loudly', 'condition': 'repetition_related', 'correctAns': 'right', 'thisN': 38, 'thisTrialN': 6, 'thisRepN': 2}>
124.1811 	EXP 	blank3_bg: autoDraw = False
124.1811 	EXP 	blank3_bg: autoDraw = False
124.1811 	EXP 	greenCircle: autoDraw = False
124.1811 	EXP 	redCrosss: autoDraw = False
124.1811 	EXP 	text: text = 'Take a short break! Press any key to continue.'
124.1811 	EXP 	text: autoDraw = False
124.1811 	EXP 	prime_text: height = np.float64(0.05)
124.1811 	EXP 	prime_text: height = np.float64(0.05)
124.1811 	EXP 	prime_text: height = np.float64(0.05)
124.1811 	EXP 	prime_text: text = 'The dog is barking loudly'
124.1811 	EXP 	target_text: height = np.float64(0.05)
124.1811 	EXP 	target_text: height = np.float64(0.05)
124.1811 	EXP 	target_text: height = np.float64(0.05)
124.1811 	EXP 	target_text: text = 'The dog is barking loudly'
124.1811 	EXP 	fix_text: autoDraw = True
124.4090 	EXP 	blank1_bg: autoDraw = True
124.4223 	EXP 	fix_text: autoDraw = False
124.6050 	EXP 	blank1_bg: autoDraw = False
124.6050 	EXP 	prime_text: autoDraw = True
124.8001 	EXP 	prime_text: autoDraw = False
124.8066 	EXP 	blank2_bg: autoDraw = True
124.9054 	INFO 	Keyboard events cleared
124.9052 	EXP 	blank2_bg: autoDraw = False
124.9052 	EXP 	target_text: autoDraw = True
126.5685 	EXP 	Device response: <KeyPress from None: t=126.56106595799793, value=right, duration=None>
126.5769 	DATA 	Keypress: right
126.5813 	EXP 	fix_text: autoDraw = False
126.5813 	EXP 	blank1_bg: autoDraw = False
126.5813 	EXP 	prime_text: autoDraw = False
126.5813 	EXP 	blank2_bg: autoDraw = False
126.5813 	EXP 	target_text: autoDraw = False
126.5813 	EXP 	greenCircle: autoDraw = True
126.5813 	EXP 	redCrosss: autoDraw = True
126.7398 	EXP 	Device response: <KeyPress from None: t=126.56106595799793, value=right, duration=0.1723684170137858>
126.7665 	EXP 	blank3_bg: autoDraw = True
126.7744 	EXP 	greenCircle: autoDraw = False
126.7744 	EXP 	redCrosss: autoDraw = False
127.5553 	EXP 	New trial (rep=2, index=7): <Trial 39 (7 in rep 2) data={'prime': 'The dog is barking loudly', 'target': 'The dog barking is loudly', 'condition': 'transposition_related', 'correctAns': 'right', 'thisN': 39, 'thisTrialN': 7, 'thisRepN': 2}>
127.5829 	EXP 	blank3_bg: autoDraw = False
127.5829 	EXP 	blank3_bg: autoDraw = False
127.5829 	EXP 	greenCircle: autoDraw = False
127.5829 	EXP 	redCrosss: autoDraw = False
127.5829 	EXP 	text: text = 'Take a short break! Press any key to continue.'
127.5829 	EXP 	text: autoDraw = False
127.5829 	EXP 	prime_text: text = 'The dog is barking loudly'
127.5829 	EXP 	target_text: height = np.float64(0.05)
127.5829 	EXP 	target_text: height = np.float64(0.05)
127.5829 	EXP 	target_text: height = np.float64(0.05)
127.5829 	EXP 	target_text: text = 'The dog barking is loudly'
127.5829 	EXP 	fix_text: autoDraw = True
127.7987 	EXP 	blank1_bg: autoDraw = True
127.8332 	EXP 	fix_text: autoDraw = False
127.9875 	EXP 	blank1_bg: autoDraw = False
128.0000 	EXP 	prime_text: autoDraw = True
128.1881 	EXP 	prime_text: autoDraw = False
128.2000 	EXP 	blank2_bg: autoDraw = True
128.2888 	EXP 	blank2_bg: autoDraw = False
128.3003 	INFO 	Keyboard events cleared
128.3001 	EXP 	target_text: autoDraw = True
129.8514 	EXP 	Device response: <KeyPress from None: t=129.84705491700151, value=left, duration=None>
129.8595 	DATA 	Keypress: left
129.8638 	EXP 	fix_text: autoDraw = False
129.8638 	EXP 	blank1_bg: autoDraw = False
129.8638 	EXP 	prime_text: autoDraw = False
129.8638 	EXP 	blank2_bg: autoDraw = False
129.8638 	EXP 	target_text: autoDraw = False
129.8638 	EXP 	greenCircle: autoDraw = True
129.8638 	EXP 	redCrosss: autoDraw = True
129.9845 	EXP 	Device response: <KeyPress from None: t=129.84705491700151, value=left, duration=0.13231683299818542>
130.0482 	EXP 	blank3_bg: autoDraw = True
130.0551 	EXP 	greenCircle: autoDraw = False
130.0551 	EXP 	redCrosss: autoDraw = False
130.8342 	EXP 	New trial (rep=2, index=8): <Trial 40 (8 in rep 2) data={'prime': 'The dog is barking loudly', 'target': 'The barking dog loudly is', 'condition': 'transposition_unrelated', 'correctAns': 'left', 'thisN': 40, 'thisTrialN': 8, 'thisRepN': 2}>
130.8470 	EXP 	blank3_bg: autoDraw = False
130.8470 	EXP 	blank3_bg: autoDraw = False
130.8470 	EXP 	greenCircle: autoDraw = False
130.8470 	EXP 	redCrosss: autoDraw = False
130.8470 	EXP 	text: text = 'Take a short break! Press any key to continue.'
130.8470 	EXP 	text: autoDraw = False
130.8470 	EXP 	prime_text: text = 'The dog is barking loudly'
130.8470 	EXP 	target_text: height = np.float64(0.05)
130.8470 	EXP 	target_text: height = np.float64(0.05)
130.8470 	EXP 	target_text: height = np.float64(0.05)
130.8470 	EXP 	target_text: text = 'The barking dog loudly is'
130.8470 	EXP 	fix_text: autoDraw = True
131.0756 	EXP 	blank1_bg: autoDraw = True
131.0887 	EXP 	fix_text: autoDraw = False
131.2715 	EXP 	blank1_bg: autoDraw = False
131.2715 	EXP 	prime_text: autoDraw = True
131.4665 	EXP 	prime_text: autoDraw = False
131.4719 	EXP 	blank2_bg: autoDraw = True
131.5666 	EXP 	blank2_bg: autoDraw = False
131.5736 	INFO 	Keyboard events cleared
131.5734 	EXP 	target_text: autoDraw = True
133.1185 	EXP 	Device response: <KeyPress from None: t=133.1140659579978, value=left, duration=None>
133.1271 	DATA 	Keypress: left
133.1315 	EXP 	fix_text: autoDraw = False
133.1315 	EXP 	blank1_bg: autoDraw = False
133.1315 	EXP 	prime_text: autoDraw = False
133.1315 	EXP 	blank2_bg: autoDraw = False
133.1315 	EXP 	target_text: autoDraw = False
133.1315 	EXP 	greenCircle: autoDraw = True
133.1315 	EXP 	redCrosss: autoDraw = True
133.2016 	EXP 	Device response: <KeyPress from None: t=133.1140659579978, value=left, duration=0.08424766700773034>
133.3166 	EXP 	blank3_bg: autoDraw = True
133.3249 	EXP 	greenCircle: autoDraw = False
133.3249 	EXP 	redCrosss: autoDraw = False
134.1008 	EXP 	New trial (rep=2, index=9): <Trial 41 (9 in rep 2) data={'prime': 'They have finished the work', 'target': 'They work the have finished', 'condition': 'transposition_unrelated', 'correctAns': 'left', 'thisN': 41, 'thisTrialN': 9, 'thisRepN': 2}>
134.1177 	EXP 	blank3_bg: autoDraw = False
134.1177 	EXP 	blank3_bg: autoDraw = False
134.1177 	EXP 	greenCircle: autoDraw = False
134.1177 	EXP 	redCrosss: autoDraw = False
134.1177 	EXP 	text: text = 'Take a short break! Press any key to continue.'
134.1177 	EXP 	text: autoDraw = False
134.1177 	EXP 	prime_text: height = np.float64(0.05)
134.1177 	EXP 	prime_text: height = np.float64(0.05)
134.1177 	EXP 	prime_text: height = np.float64(0.05)
134.1177 	EXP 	prime_text: text = 'They have finished the work'
134.1177 	EXP 	target_text: height = np.float64(0.05)
134.1177 	EXP 	target_text: height = np.float64(0.05)
134.1177 	EXP 	target_text: height = np.float64(0.05)
134.1177 	EXP 	target_text: text = 'They work the have finished'
134.1177 	EXP 	fix_text: autoDraw = True
134.3421 	EXP 	blank1_bg: autoDraw = True
134.3651 	EXP 	fix_text: autoDraw = False
134.5401 	EXP 	blank1_bg: autoDraw = False
134.5401 	EXP 	prime_text: autoDraw = True
134.7333 	EXP 	prime_text: autoDraw = False
134.7397 	EXP 	blank2_bg: autoDraw = True
134.8403 	INFO 	Keyboard events cleared
134.8401 	EXP 	blank2_bg: autoDraw = False
134.8401 	EXP 	target_text: autoDraw = True
136.2013 	EXP 	Device response: <KeyPress from None: t=136.1929661250033, value=left, duration=None>
136.2093 	DATA 	Keypress: left
136.2135 	EXP 	fix_text: autoDraw = False
136.2135 	EXP 	blank1_bg: autoDraw = False
136.2135 	EXP 	prime_text: autoDraw = False
136.2135 	EXP 	blank2_bg: autoDraw = False
136.2135 	EXP 	target_text: autoDraw = False
136.2135 	EXP 	greenCircle: autoDraw = True
136.2135 	EXP 	redCrosss: autoDraw = True
136.3518 	EXP 	Device response: <KeyPress from None: t=136.1929661250033, value=left, duration=0.15229370800079778>
136.3991 	EXP 	blank3_bg: autoDraw = True
136.4059 	EXP 	greenCircle: autoDraw = False
136.4059 	EXP 	redCrosss: autoDraw = False
137.1834 	EXP 	New trial (rep=2, index=10): <Trial 42 (10 in rep 2) data={'prime': 'She does not like apples', 'target': 'She not does like apples', 'condition': 'transposition_related', 'correctAns': 'right', 'thisN': 42, 'thisTrialN': 10, 'thisRepN': 2}>
137.1997 	EXP 	blank3_bg: autoDraw = False
137.1997 	EXP 	blank3_bg: autoDraw = False
137.1997 	EXP 	greenCircle: autoDraw = False
137.1997 	EXP 	redCrosss: autoDraw = False
137.1997 	EXP 	text: text = 'Take a short break! Press any key to continue.'
137.1997 	EXP 	text: autoDraw = False
137.1997 	EXP 	prime_text: height = np.float64(0.05)
137.1997 	EXP 	prime_text: height = np.float64(0.05)
137.1997 	EXP 	prime_text: height = np.float64(0.05)
137.1997 	EXP 	prime_text: text = 'She does not like apples'
137.1997 	EXP 	target_text: height = np.float64(0.05)
137.1997 	EXP 	target_text: height = np.float64(0.05)
137.1997 	EXP 	target_text: height = np.float64(0.05)
137.1997 	EXP 	target_text: text = 'She not does like apples'
137.1997 	EXP 	fix_text: autoDraw = True
137.4244 	EXP 	blank1_bg: autoDraw = True
137.4500 	EXP 	fix_text: autoDraw = False
137.6234 	EXP 	blank1_bg: autoDraw = False
137.6234 	EXP 	prime_text: autoDraw = True
137.8165 	EXP 	prime_text: autoDraw = False
137.8230 	EXP 	blank2_bg: autoDraw = True
137.9239 	INFO 	Keyboard events cleared
137.9237 	EXP 	blank2_bg: autoDraw = False
137.9237 	EXP 	target_text: autoDraw = True
138.6850 	EXP 	Device response: <KeyPress from None: t=138.6828645420028, value=left, duration=None>
138.6930 	DATA 	Keypress: left
138.6972 	EXP 	fix_text: autoDraw = False
138.6972 	EXP 	blank1_bg: autoDraw = False
138.6972 	EXP 	prime_text: autoDraw = False
138.6972 	EXP 	blank2_bg: autoDraw = False
138.6972 	EXP 	target_text: autoDraw = False
138.6972 	EXP 	greenCircle: autoDraw = True
138.6972 	EXP 	redCrosss: autoDraw = True
138.8177 	EXP 	Device response: <KeyPress from None: t=138.6828645420028, value=left, duration=0.13232295800116844>
138.8829 	EXP 	blank3_bg: autoDraw = True
138.8911 	EXP 	greenCircle: autoDraw = False
138.8911 	EXP 	redCrosss: autoDraw = False
139.6664 	EXP 	New trial (rep=2, index=11): <Trial 43 (11 in rep 2) data={'prime': 'They have finished the work', 'target': 'They have finished the work', 'condition': 'repetition_related', 'correctAns': 'right', 'thisN': 43, 'thisTrialN': 11, 'thisRepN': 2}>
139.6834 	EXP 	blank3_bg: autoDraw = False
139.6834 	EXP 	blank3_bg: autoDraw = False
139.6834 	EXP 	greenCircle: autoDraw = False
139.6834 	EXP 	redCrosss: autoDraw = False
139.6834 	EXP 	text: text = 'Take a short break! Press any key to continue.'
139.6834 	EXP 	text: autoDraw = False
139.6834 	EXP 	prime_text: height = np.float64(0.05)
139.6834 	EXP 	prime_text: height = np.float64(0.05)
139.6834 	EXP 	prime_text: height = np.float64(0.05)
139.6834 	EXP 	prime_text: text = 'They have finished the work'
139.6834 	EXP 	target_text: height = np.float64(0.05)
139.6834 	EXP 	target_text: height = np.float64(0.05)
139.6834 	EXP 	target_text: height = np.float64(0.05)
139.6834 	EXP 	target_text: text = 'They have finished the work'
139.6834 	EXP 	fix_text: autoDraw = True
139.9077 	EXP 	blank1_bg: autoDraw = True
139.9331 	EXP 	fix_text: autoDraw = False
140.1067 	EXP 	blank1_bg: autoDraw = False
140.1067 	EXP 	prime_text: autoDraw = True
140.2998 	EXP 	prime_text: autoDraw = False
140.3057 	EXP 	blank2_bg: autoDraw = True
140.3999 	EXP 	blank2_bg: autoDraw = False
140.4067 	INFO 	Keyboard events cleared
140.4065 	EXP 	target_text: autoDraw = True
144.1514 	EXP 	Device response: <KeyPress from None: t=144.14475412500906, value=right, duration=None>
144.1592 	DATA 	Keypress: right
144.1634 	EXP 	fix_text: autoDraw = False
144.1634 	EXP 	blank1_bg: autoDraw = False
144.1634 	EXP 	prime_text: autoDraw = False
144.1634 	EXP 	blank2_bg: autoDraw = False
144.1634 	EXP 	target_text: autoDraw = False
144.1634 	EXP 	greenCircle: autoDraw = True
144.1634 	EXP 	redCrosss: autoDraw = True
144.2512 	EXP 	Device response: <KeyPress from None: t=144.14475412500906, value=right, duration=0.09887491699191742>
144.3496 	EXP 	blank3_bg: autoDraw = True
144.3574 	EXP 	greenCircle: autoDraw = False
144.3574 	EXP 	redCrosss: autoDraw = False
145.1405 	EXP 	New trial (rep=2, index=12): <Trial 44 (12 in rep 2) data={'prime': 'The boy can read fast', 'target': 'The read can boy fast', 'condition': 'transposition_unrelated', 'correctAns': 'left', 'thisN': 44, 'thisTrialN': 12, 'thisRepN': 2}>
145.1556 	EXP 	blank3_bg: autoDraw = False
145.1556 	EXP 	blank3_bg: autoDraw = False
145.1556 	EXP 	greenCircle: autoDraw = False
145.1556 	EXP 	redCrosss: autoDraw = False
145.1556 	EXP 	text: text = 'Take a short break! Press any key to continue.'
145.1556 	EXP 	text: autoDraw = False
145.1556 	EXP 	prime_text: height = np.float64(0.05)
145.1556 	EXP 	prime_text: height = np.float64(0.05)
145.1556 	EXP 	prime_text: height = np.float64(0.05)
145.1556 	EXP 	prime_text: text = 'The boy can read fast'
145.1556 	EXP 	target_text: height = np.float64(0.05)
145.1556 	EXP 	target_text: height = np.float64(0.05)
145.1556 	EXP 	target_text: height = np.float64(0.05)
145.1556 	EXP 	target_text: text = 'The read can boy fast'
145.1556 	EXP 	fix_text: autoDraw = True
145.3919 	EXP 	blank1_bg: autoDraw = True
145.3983 	EXP 	fix_text: autoDraw = False
145.5823 	EXP 	prime_text: autoDraw = True
145.5870 	EXP 	blank1_bg: autoDraw = False
145.7714 	EXP 	prime_text: autoDraw = False
145.7895 	EXP 	blank2_bg: autoDraw = True
145.8901 	INFO 	Keyboard events cleared
145.8899 	EXP 	blank2_bg: autoDraw = False
145.8899 	EXP 	target_text: autoDraw = True
146.9849 	EXP 	Device response: <KeyPress from None: t=146.98232195799937, value=left, duration=None>
146.9930 	DATA 	Keypress: left
146.9972 	EXP 	fix_text: autoDraw = False
146.9972 	EXP 	blank1_bg: autoDraw = False
146.9972 	EXP 	prime_text: autoDraw = False
146.9972 	EXP 	blank2_bg: autoDraw = False
146.9972 	EXP 	target_text: autoDraw = False
146.9972 	EXP 	greenCircle: autoDraw = True
146.9972 	EXP 	redCrosss: autoDraw = True
147.1009 	EXP 	Device response: <KeyPress from None: t=146.98232195799937, value=left, duration=0.10818291699979454>
147.1816 	EXP 	blank3_bg: autoDraw = True
147.1891 	EXP 	greenCircle: autoDraw = False
147.1891 	EXP 	redCrosss: autoDraw = False
147.9670 	EXP 	New trial (rep=2, index=13): <Trial 45 (13 in rep 2) data={'prime': 'The dog is barking loudly', 'target': 'The loudly is barking dog', 'condition': 'repetition_unrelated', 'correctAns': 'left', 'thisN': 45, 'thisTrialN': 13, 'thisRepN': 2}>
147.9826 	EXP 	blank3_bg: autoDraw = False
147.9826 	EXP 	blank3_bg: autoDraw = False
147.9826 	EXP 	greenCircle: autoDraw = False
147.9826 	EXP 	redCrosss: autoDraw = False
147.9826 	EXP 	text: text = 'Take a short break! Press any key to continue.'
147.9826 	EXP 	text: autoDraw = False
147.9826 	EXP 	prime_text: height = np.float64(0.05)
147.9826 	EXP 	prime_text: height = np.float64(0.05)
147.9826 	EXP 	prime_text: height = np.float64(0.05)
147.9826 	EXP 	prime_text: text = 'The dog is barking loudly'
147.9826 	EXP 	target_text: height = np.float64(0.05)
147.9826 	EXP 	target_text: height = np.float64(0.05)
147.9826 	EXP 	target_text: height = np.float64(0.05)
147.9826 	EXP 	target_text: text = 'The loudly is barking dog'
147.9826 	EXP 	fix_text: autoDraw = True
148.2085 	EXP 	blank1_bg: autoDraw = True
148.2231 	EXP 	fix_text: autoDraw = False
148.4031 	EXP 	blank1_bg: autoDraw = False
148.4165 	EXP 	prime_text: autoDraw = True
148.6063 	EXP 	prime_text: autoDraw = False
148.6063 	EXP 	blank2_bg: autoDraw = True
148.6998 	EXP 	blank2_bg: autoDraw = False
148.7066 	INFO 	Keyboard events cleared
148.7064 	EXP 	target_text: autoDraw = True
150.7733 	EXP 	Device response: <KeyPress from None: t=150.7692415000056, value=left, duration=None>
150.7812 	DATA 	Keypress: left
150.7859 	EXP 	fix_text: autoDraw = False
150.7859 	EXP 	blank1_bg: autoDraw = False
150.7859 	EXP 	prime_text: autoDraw = False
150.7859 	EXP 	blank2_bg: autoDraw = False
150.7859 	EXP 	target_text: autoDraw = False
150.7859 	EXP 	greenCircle: autoDraw = True
150.7859 	EXP 	redCrosss: autoDraw = True
150.9345 	EXP 	Device response: <KeyPress from None: t=150.7692415000056, value=left, duration=0.15627695800503716>
150.9743 	EXP 	blank3_bg: autoDraw = True
150.9815 	EXP 	greenCircle: autoDraw = False
150.9815 	EXP 	redCrosss: autoDraw = False
151.7675 	EXP 	New trial (rep=2, index=14): <Trial 46 (14 in rep 2) data={'prime': 'She does not like apples', 'target': 'She does not like apples', 'condition': 'repetition_related', 'correctAns': 'right', 'thisN': 46, 'thisTrialN': 14, 'thisRepN': 2}>
151.7835 	EXP 	blank3_bg: autoDraw = False
151.7835 	EXP 	blank3_bg: autoDraw = False
151.7835 	EXP 	greenCircle: autoDraw = False
151.7835 	EXP 	redCrosss: autoDraw = False
151.7835 	EXP 	text: text = 'Take a short break! Press any key to continue.'
151.7835 	EXP 	text: autoDraw = False
151.7835 	EXP 	prime_text: height = np.float64(0.05)
151.7835 	EXP 	prime_text: height = np.float64(0.05)
151.7835 	EXP 	prime_text: height = np.float64(0.05)
151.7835 	EXP 	prime_text: text = 'She does not like apples'
151.7835 	EXP 	target_text: height = np.float64(0.05)
151.7835 	EXP 	target_text: height = np.float64(0.05)
151.7835 	EXP 	target_text: height = np.float64(0.05)
151.7835 	EXP 	target_text: text = 'She does not like apples'
151.7835 	EXP 	fix_text: autoDraw = True
152.0092 	EXP 	blank1_bg: autoDraw = True
152.0227 	EXP 	fix_text: autoDraw = False
152.2042 	EXP 	blank1_bg: autoDraw = False
152.2172 	EXP 	prime_text: autoDraw = True
152.4057 	EXP 	prime_text: autoDraw = False
152.4057 	EXP 	blank2_bg: autoDraw = True
152.4999 	EXP 	blank2_bg: autoDraw = False
152.5062 	INFO 	Keyboard events cleared
152.5060 	EXP 	target_text: autoDraw = True
155.0848 	EXP 	Device response: <KeyPress from None: t=155.08171004200995, value=right, duration=None>
155.0931 	DATA 	Keypress: right
155.0975 	EXP 	fix_text: autoDraw = False
155.0975 	EXP 	blank1_bg: autoDraw = False
155.0975 	EXP 	prime_text: autoDraw = False
155.0975 	EXP 	blank2_bg: autoDraw = False
155.0975 	EXP 	target_text: autoDraw = False
155.0975 	EXP 	greenCircle: autoDraw = True
155.0975 	EXP 	redCrosss: autoDraw = True
155.2347 	EXP 	Device response: <KeyPress from None: t=155.08171004200995, value=right, duration=0.14998083299724385>
155.2821 	EXP 	blank3_bg: autoDraw = True
155.2910 	EXP 	greenCircle: autoDraw = False
155.2910 	EXP 	redCrosss: autoDraw = False
156.0657 	EXP 	New trial (rep=2, index=15): <Trial 47 (15 in rep 2) data={'prime': 'She does not like apples', 'target': 'She not does like apples', 'condition': 'repetition_unrelated', 'correctAns': 'left', 'thisN': 47, 'thisTrialN': 15, 'thisRepN': 2}>
156.0772 	EXP 	blank3_bg: autoDraw = False
156.0772 	EXP 	blank3_bg: autoDraw = False
156.0772 	EXP 	greenCircle: autoDraw = False
156.0772 	EXP 	redCrosss: autoDraw = False
156.0772 	EXP 	text: text = 'Take a short break! Press any key to continue.'
156.0772 	EXP 	text: autoDraw = False
156.0772 	EXP 	prime_text: text = 'She does not like apples'
156.0772 	EXP 	target_text: height = np.float64(0.05)
156.0772 	EXP 	target_text: height = np.float64(0.05)
156.0772 	EXP 	target_text: height = np.float64(0.05)
156.0772 	EXP 	target_text: text = 'She not does like apples'
156.0772 	EXP 	fix_text: autoDraw = True
156.3086 	EXP 	blank1_bg: autoDraw = True
156.3228 	EXP 	fix_text: autoDraw = False
156.5055 	EXP 	blank1_bg: autoDraw = False
156.5055 	EXP 	prime_text: autoDraw = True
156.6997 	EXP 	prime_text: autoDraw = False
156.7063 	EXP 	blank2_bg: autoDraw = True
156.8000 	EXP 	blank2_bg: autoDraw = False
156.8067 	INFO 	Keyboard events cleared
156.8065 	EXP 	target_text: autoDraw = True
159.3674 	EXP 	Device response: <KeyPress from None: t=159.3661526250071, value=left, duration=None>
159.3752 	DATA 	Keypress: left
159.3793 	EXP 	fix_text: autoDraw = False
159.3793 	EXP 	blank1_bg: autoDraw = False
159.3793 	EXP 	prime_text: autoDraw = False
159.3793 	EXP 	blank2_bg: autoDraw = False
159.3793 	EXP 	target_text: autoDraw = False
159.3793 	EXP 	greenCircle: autoDraw = True
159.3793 	EXP 	redCrosss: autoDraw = True
159.5183 	EXP 	Device response: <KeyPress from None: t=159.3661526250071, value=left, duration=0.14190449999296106>
159.5664 	EXP 	blank3_bg: autoDraw = True
159.5739 	EXP 	greenCircle: autoDraw = False
159.5739 	EXP 	redCrosss: autoDraw = False
160.3568 	EXP 	New trial (rep=3, index=0): <Trial 48 (0 in rep 3) data={'prime': 'They have finished the work', 'target': 'They work the have finished', 'condition': 'transposition_unrelated', 'correctAns': 'left', 'thisN': 48, 'thisTrialN': 0, 'thisRepN': 3}>
160.3718 	EXP 	blank3_bg: autoDraw = False
160.3718 	EXP 	blank3_bg: autoDraw = False
160.3718 	EXP 	greenCircle: autoDraw = False
160.3718 	EXP 	redCrosss: autoDraw = False
160.3718 	EXP 	text: text = 'Take a short break! Press any key to continue.'
160.3718 	EXP 	text: autoDraw = False
160.3718 	EXP 	prime_text: height = np.float64(0.05)
160.3718 	EXP 	prime_text: height = np.float64(0.05)
160.3718 	EXP 	prime_text: height = np.float64(0.05)
160.3718 	EXP 	prime_text: text = 'They have finished the work'
160.3718 	EXP 	target_text: height = np.float64(0.05)
160.3718 	EXP 	target_text: height = np.float64(0.05)
160.3718 	EXP 	target_text: height = np.float64(0.05)
160.3718 	EXP 	target_text: text = 'They work the have finished'
160.3718 	EXP 	fix_text: autoDraw = True
160.5985 	EXP 	blank1_bg: autoDraw = True
160.6164 	EXP 	fix_text: autoDraw = False
160.7872 	EXP 	blank1_bg: autoDraw = False
160.8056 	EXP 	prime_text: autoDraw = True
160.9997 	EXP 	prime_text: autoDraw = False
160.9997 	EXP 	blank2_bg: autoDraw = True
161.0881 	EXP 	blank2_bg: autoDraw = False
161.1069 	INFO 	Keyboard events cleared
161.1067 	EXP 	target_text: autoDraw = True
166.0510 	EXP 	Device response: <KeyPress from None: t=166.0459845830046, value=left, duration=None>
166.0595 	DATA 	Keypress: left
166.0639 	EXP 	fix_text: autoDraw = False
166.0639 	EXP 	blank1_bg: autoDraw = False
166.0639 	EXP 	prime_text: autoDraw = False
166.0639 	EXP 	blank2_bg: autoDraw = False
166.0639 	EXP 	target_text: autoDraw = False
166.0639 	EXP 	greenCircle: autoDraw = True
166.0639 	EXP 	redCrosss: autoDraw = True
166.1573 	EXP 	Device response: <KeyPress from None: t=166.0459845830046, value=left, duration=0.1096099169953959>
166.2483 	EXP 	blank3_bg: autoDraw = True
166.2552 	EXP 	greenCircle: autoDraw = False
166.2552 	EXP 	redCrosss: autoDraw = False
167.0338 	EXP 	New trial (rep=3, index=1): <Trial 49 (1 in rep 3) data={'prime': 'She does not like apples', 'target': 'She not does like apples', 'condition': 'transposition_related', 'correctAns': 'right', 'thisN': 49, 'thisTrialN': 1, 'thisRepN': 3}>
167.0496 	EXP 	blank3_bg: autoDraw = False
167.0496 	EXP 	blank3_bg: autoDraw = False
167.0496 	EXP 	greenCircle: autoDraw = False
167.0496 	EXP 	redCrosss: autoDraw = False
167.0496 	EXP 	text: text = 'Take a short break! Press any key to continue.'
167.0496 	EXP 	text: autoDraw = False
167.0496 	EXP 	prime_text: height = np.float64(0.05)
167.0496 	EXP 	prime_text: height = np.float64(0.05)
167.0496 	EXP 	prime_text: height = np.float64(0.05)
167.0496 	EXP 	prime_text: text = 'She does not like apples'
167.0496 	EXP 	target_text: height = np.float64(0.05)
167.0496 	EXP 	target_text: height = np.float64(0.05)
167.0496 	EXP 	target_text: height = np.float64(0.05)
167.0496 	EXP 	target_text: text = 'She not does like apples'
167.0496 	EXP 	fix_text: autoDraw = True
167.2752 	EXP 	blank1_bg: autoDraw = True
167.2883 	EXP 	fix_text: autoDraw = False
167.4663 	EXP 	blank1_bg: autoDraw = False
167.4730 	EXP 	prime_text: autoDraw = True
167.6665 	EXP 	prime_text: autoDraw = False
167.6709 	EXP 	blank2_bg: autoDraw = True
167.7664 	EXP 	blank2_bg: autoDraw = False
167.7726 	INFO 	Keyboard events cleared
167.7725 	EXP 	target_text: autoDraw = True
168.4850 	EXP 	Device response: <KeyPress from None: t=168.48223120800685, value=left, duration=None>
168.4931 	DATA 	Keypress: left
168.4972 	EXP 	fix_text: autoDraw = False
168.4972 	EXP 	blank1_bg: autoDraw = False
168.4972 	EXP 	prime_text: autoDraw = False
168.4972 	EXP 	blank2_bg: autoDraw = False
168.4972 	EXP 	target_text: autoDraw = False
168.4972 	EXP 	greenCircle: autoDraw = True
168.4972 	EXP 	redCrosss: autoDraw = True
168.6017 	EXP 	Device response: <KeyPress from None: t=168.48223120800685, value=left, duration=0.11631570900499355>
168.6823 	EXP 	blank3_bg: autoDraw = True
168.6904 	EXP 	greenCircle: autoDraw = False
168.6904 	EXP 	redCrosss: autoDraw = False
169.4677 	EXP 	New trial (rep=3, index=2): <Trial 50 (2 in rep 3) data={'prime': 'The dog is barking loudly', 'target': 'The dog barking is loudly', 'condition': 'transposition_related', 'correctAns': 'right', 'thisN': 50, 'thisTrialN': 2, 'thisRepN': 3}>
169.4845 	EXP 	blank3_bg: autoDraw = False
169.4845 	EXP 	blank3_bg: autoDraw = False
169.4845 	EXP 	greenCircle: autoDraw = False
169.4845 	EXP 	redCrosss: autoDraw = False
169.4845 	EXP 	text: text = 'Take a short break! Press any key to continue.'
169.4845 	EXP 	text: autoDraw = False
169.4845 	EXP 	prime_text: height = np.float64(0.05)
169.4845 	EXP 	prime_text: height = np.float64(0.05)
169.4845 	EXP 	prime_text: height = np.float64(0.05)
169.4845 	EXP 	prime_text: text = 'The dog is barking loudly'
169.4845 	EXP 	target_text: height = np.float64(0.05)
169.4845 	EXP 	target_text: height = np.float64(0.05)
169.4845 	EXP 	target_text: height = np.float64(0.05)
169.4845 	EXP 	target_text: text = 'The dog barking is loudly'
169.4845 	EXP 	fix_text: autoDraw = True
169.7093 	EXP 	blank1_bg: autoDraw = True
169.7317 	EXP 	fix_text: autoDraw = False
169.9074 	EXP 	blank1_bg: autoDraw = False
169.9074 	EXP 	prime_text: autoDraw = True
170.1040 	EXP 	prime_text: autoDraw = False
170.1166 	EXP 	blank2_bg: autoDraw = True
170.2066 	INFO 	Keyboard events cleared
170.2064 	EXP 	blank2_bg: autoDraw = False
170.2064 	EXP 	target_text: autoDraw = True
172.3847 	EXP 	Device response: <KeyPress from None: t=172.37512275000336, value=left, duration=None>
172.3925 	DATA 	Keypress: left
172.3967 	EXP 	fix_text: autoDraw = False
172.3967 	EXP 	blank1_bg: autoDraw = False
172.3967 	EXP 	prime_text: autoDraw = False
172.3967 	EXP 	blank2_bg: autoDraw = False
172.3967 	EXP 	target_text: autoDraw = False
172.3967 	EXP 	greenCircle: autoDraw = True
172.3967 	EXP 	redCrosss: autoDraw = True
172.4845 	EXP 	Device response: <KeyPress from None: t=172.37512275000336, value=left, duration=0.1005877919960767>
172.5830 	EXP 	blank3_bg: autoDraw = True
172.5908 	EXP 	greenCircle: autoDraw = False
172.5908 	EXP 	redCrosss: autoDraw = False
173.3670 	EXP 	New trial (rep=3, index=3): <Trial 51 (3 in rep 3) data={'prime': 'The boy can read fast', 'target': 'The boy can read fast', 'condition': 'transposition_related', 'correctAns': 'right', 'thisN': 51, 'thisTrialN': 3, 'thisRepN': 3}>
173.3824 	EXP 	blank3_bg: autoDraw = False
173.3824 	EXP 	blank3_bg: autoDraw = False
173.3824 	EXP 	greenCircle: autoDraw = False
173.3824 	EXP 	redCrosss: autoDraw = False
173.3824 	EXP 	text: text = 'Take a short break! Press any key to continue.'
173.3824 	EXP 	text: autoDraw = False
173.3824 	EXP 	prime_text: height = np.float64(0.05)
173.3824 	EXP 	prime_text: height = np.float64(0.05)
173.3824 	EXP 	prime_text: height = np.float64(0.05)
173.3824 	EXP 	prime_text: text = 'The boy can read fast'
173.3824 	EXP 	target_text: height = np.float64(0.05)
173.3824 	EXP 	target_text: height = np.float64(0.05)
173.3824 	EXP 	target_text: height = np.float64(0.05)
173.3824 	EXP 	target_text: text = 'The boy can read fast'
173.3824 	EXP 	fix_text: autoDraw = True
173.6089 	EXP 	blank1_bg: autoDraw = True
173.6224 	EXP 	fix_text: autoDraw = False
173.8039 	EXP 	blank1_bg: autoDraw = False
173.8167 	EXP 	prime_text: autoDraw = True
174.0045 	EXP 	prime_text: autoDraw = False
174.0045 	EXP 	blank2_bg: autoDraw = True
174.0997 	EXP 	blank2_bg: autoDraw = False
174.1060 	INFO 	Keyboard events cleared
174.1058 	EXP 	target_text: autoDraw = True
175.1513 	EXP 	Device response: <KeyPress from None: t=175.14509387500584, value=right, duration=None>
175.1593 	DATA 	Keypress: right
175.1637 	EXP 	fix_text: autoDraw = False
175.1637 	EXP 	blank1_bg: autoDraw = False
175.1637 	EXP 	prime_text: autoDraw = False
175.1637 	EXP 	blank2_bg: autoDraw = False
175.1637 	EXP 	target_text: autoDraw = False
175.1637 	EXP 	greenCircle: autoDraw = True
175.1637 	EXP 	redCrosss: autoDraw = True
175.2849 	EXP 	Device response: <KeyPress from None: t=175.14509387500584, value=right, duration=0.13629258300352376>
175.3485 	EXP 	blank3_bg: autoDraw = True
175.3548 	EXP 	greenCircle: autoDraw = False
175.3548 	EXP 	redCrosss: autoDraw = False
176.1331 	EXP 	New trial (rep=3, index=4): <Trial 52 (4 in rep 3) data={'prime': 'She does not like apples', 'target': 'She not does like apples', 'condition': 'repetition_unrelated', 'correctAns': 'left', 'thisN': 52, 'thisTrialN': 4, 'thisRepN': 3}>
176.1492 	EXP 	blank3_bg: autoDraw = False
176.1492 	EXP 	blank3_bg: autoDraw = False
176.1492 	EXP 	greenCircle: autoDraw = False
176.1492 	EXP 	redCrosss: autoDraw = False
176.1492 	EXP 	text: text = 'Take a short break! Press any key to continue.'
176.1492 	EXP 	text: autoDraw = False
176.1492 	EXP 	prime_text: height = np.float64(0.05)
176.1492 	EXP 	prime_text: height = np.float64(0.05)
176.1492 	EXP 	prime_text: height = np.float64(0.05)
176.1492 	EXP 	prime_text: text = 'She does not like apples'
176.1492 	EXP 	target_text: height = np.float64(0.05)
176.1492 	EXP 	target_text: height = np.float64(0.05)
176.1492 	EXP 	target_text: height = np.float64(0.05)
176.1492 	EXP 	target_text: text = 'She not does like apples'
176.1492 	EXP 	fix_text: autoDraw = True
176.3746 	EXP 	blank1_bg: autoDraw = True
176.3885 	EXP 	fix_text: autoDraw = False
176.5720 	EXP 	blank1_bg: autoDraw = False
176.5720 	EXP 	prime_text: autoDraw = True
176.7665 	EXP 	prime_text: autoDraw = False
176.7729 	EXP 	blank2_bg: autoDraw = True
176.8666 	EXP 	blank2_bg: autoDraw = False
176.8736 	INFO 	Keyboard events cleared
176.8735 	EXP 	target_text: autoDraw = True
177.9678 	EXP 	Device response: <KeyPress from None: t=177.96101887500845, value=left, duration=None>
177.9758 	DATA 	Keypress: left
177.9800 	EXP 	fix_text: autoDraw = False
177.9800 	EXP 	blank1_bg: autoDraw = False
177.9800 	EXP 	prime_text: autoDraw = False
177.9800 	EXP 	blank2_bg: autoDraw = False
177.9800 	EXP 	target_text: autoDraw = False
177.9800 	EXP 	greenCircle: autoDraw = True
177.9800 	EXP 	redCrosss: autoDraw = True
178.0898 	EXP 	Device response: <KeyPress from None: t=177.96101887500845, value=left, duration=0.12429170799441636>
178.1648 	EXP 	blank3_bg: autoDraw = True
178.1730 	EXP 	greenCircle: autoDraw = False
178.1730 	EXP 	redCrosss: autoDraw = False
178.9508 	EXP 	New trial (rep=3, index=5): <Trial 53 (5 in rep 3) data={'prime': 'They have finished the work', 'target': 'They have finished the work', 'condition': 'repetition_related', 'correctAns': 'right', 'thisN': 53, 'thisTrialN': 5, 'thisRepN': 3}>
178.9675 	EXP 	blank3_bg: autoDraw = False
178.9675 	EXP 	blank3_bg: autoDraw = False
178.9675 	EXP 	greenCircle: autoDraw = False
178.9675 	EXP 	redCrosss: autoDraw = False
178.9675 	EXP 	text: text = 'Take a short break! Press any key to continue.'
178.9675 	EXP 	text: autoDraw = False
178.9675 	EXP 	prime_text: height = np.float64(0.05)
178.9675 	EXP 	prime_text: height = np.float64(0.05)
178.9675 	EXP 	prime_text: height = np.float64(0.05)
178.9675 	EXP 	prime_text: text = 'They have finished the work'
178.9675 	EXP 	target_text: height = np.float64(0.05)
178.9675 	EXP 	target_text: height = np.float64(0.05)
178.9675 	EXP 	target_text: height = np.float64(0.05)
178.9675 	EXP 	target_text: text = 'They have finished the work'
178.9675 	EXP 	fix_text: autoDraw = True
179.1921 	EXP 	blank1_bg: autoDraw = True
179.2148 	EXP 	fix_text: autoDraw = False
179.3896 	EXP 	blank1_bg: autoDraw = False
179.3896 	EXP 	prime_text: autoDraw = True
179.5832 	EXP 	prime_text: autoDraw = False
179.5896 	EXP 	blank2_bg: autoDraw = True
179.6833 	EXP 	blank2_bg: autoDraw = False
179.6900 	INFO 	Keyboard events cleared
179.6898 	EXP 	target_text: autoDraw = True
181.4511 	EXP 	Device response: <KeyPress from None: t=181.44289137500164, value=right, duration=None>
181.4592 	DATA 	Keypress: right
181.4636 	EXP 	fix_text: autoDraw = False
181.4636 	EXP 	blank1_bg: autoDraw = False
181.4636 	EXP 	prime_text: autoDraw = False
181.4636 	EXP 	blank2_bg: autoDraw = False
181.4636 	EXP 	target_text: autoDraw = False
181.4636 	EXP 	greenCircle: autoDraw = True
181.4636 	EXP 	redCrosss: autoDraw = True
181.5848 	EXP 	Device response: <KeyPress from None: t=181.44289137500164, value=right, duration=0.13258208300976548>
181.6482 	EXP 	blank3_bg: autoDraw = True
181.6545 	EXP 	greenCircle: autoDraw = False
181.6545 	EXP 	redCrosss: autoDraw = False
182.4331 	EXP 	New trial (rep=3, index=6): <Trial 54 (6 in rep 3) data={'prime': 'The boy can read fast', 'target': 'The read can boy fast', 'condition': 'repetition_unrelated', 'correctAns': 'left', 'thisN': 54, 'thisTrialN': 6, 'thisRepN': 3}>
182.4480 	EXP 	blank3_bg: autoDraw = False
182.4480 	EXP 	blank3_bg: autoDraw = False
182.4480 	EXP 	greenCircle: autoDraw = False
182.4480 	EXP 	redCrosss: autoDraw = False
182.4480 	EXP 	text: text = 'Take a short break! Press any key to continue.'
182.4480 	EXP 	text: autoDraw = False
182.4480 	EXP 	prime_text: height = np.float64(0.05)
182.4480 	EXP 	prime_text: height = np.float64(0.05)
182.4480 	EXP 	prime_text: height = np.float64(0.05)
182.4480 	EXP 	prime_text: text = 'The boy can read fast'
182.4480 	EXP 	target_text: height = np.float64(0.05)
182.4480 	EXP 	target_text: height = np.float64(0.05)
182.4480 	EXP 	target_text: height = np.float64(0.05)
182.4480 	EXP 	target_text: text = 'The read can boy fast'
182.4480 	EXP 	fix_text: autoDraw = True
182.6756 	EXP 	blank1_bg: autoDraw = True
182.6902 	EXP 	fix_text: autoDraw = False
182.8725 	EXP 	blank1_bg: autoDraw = False
182.8725 	EXP 	prime_text: autoDraw = True
183.0667 	EXP 	prime_text: autoDraw = False
183.0729 	EXP 	blank2_bg: autoDraw = True
183.1668 	EXP 	blank2_bg: autoDraw = False
183.1729 	INFO 	Keyboard events cleared
183.1726 	EXP 	target_text: autoDraw = True
184.1840 	EXP 	Device response: <KeyPress from None: t=184.17584550000902, value=left, duration=None>
184.1914 	DATA 	Keypress: left
184.1956 	EXP 	fix_text: autoDraw = False
184.1956 	EXP 	blank1_bg: autoDraw = False
184.1956 	EXP 	prime_text: autoDraw = False
184.1956 	EXP 	blank2_bg: autoDraw = False
184.1956 	EXP 	target_text: autoDraw = False
184.1956 	EXP 	greenCircle: autoDraw = True
184.1956 	EXP 	redCrosss: autoDraw = True
184.2676 	EXP 	Device response: <KeyPress from None: t=184.17584550000902, value=left, duration=0.08832591699319892>
184.3749 	EXP 	blank3_bg: autoDraw = True
184.3899 	EXP 	greenCircle: autoDraw = False
184.3899 	EXP 	redCrosss: autoDraw = False
185.1582 	EXP 	New trial (rep=3, index=7): <Trial 55 (7 in rep 3) data={'prime': 'The dog is barking loudly', 'target': 'The barking dog loudly is', 'condition': 'transposition_unrelated', 'correctAns': 'left', 'thisN': 55, 'thisTrialN': 7, 'thisRepN': 3}>
185.1739 	EXP 	blank3_bg: autoDraw = False
185.1739 	EXP 	blank3_bg: autoDraw = False
185.1739 	EXP 	greenCircle: autoDraw = False
185.1739 	EXP 	redCrosss: autoDraw = False
185.1739 	EXP 	text: text = 'Take a short break! Press any key to continue.'
185.1739 	EXP 	text: autoDraw = False
185.1739 	EXP 	prime_text: height = np.float64(0.05)
185.1739 	EXP 	prime_text: height = np.float64(0.05)
185.1739 	EXP 	prime_text: height = np.float64(0.05)
185.1739 	EXP 	prime_text: text = 'The dog is barking loudly'
185.1739 	EXP 	target_text: height = np.float64(0.05)
185.1739 	EXP 	target_text: height = np.float64(0.05)
185.1739 	EXP 	target_text: height = np.float64(0.05)
185.1739 	EXP 	target_text: text = 'The barking dog loudly is'
185.1739 	EXP 	fix_text: autoDraw = True
185.4086 	EXP 	blank1_bg: autoDraw = True
185.4160 	EXP 	fix_text: autoDraw = False
185.5981 	EXP 	blank1_bg: autoDraw = False
185.5981 	EXP 	prime_text: autoDraw = True
185.7879 	EXP 	prime_text: autoDraw = False
185.8064 	EXP 	blank2_bg: autoDraw = True
185.8999 	EXP 	blank2_bg: autoDraw = False
185.9066 	INFO 	Keyboard events cleared
185.9064 	EXP 	target_text: autoDraw = True
187.0073 	EXP 	Device response: <KeyPress from None: t=187.0007843330095, value=left, duration=None>
187.0148 	DATA 	Keypress: left
187.0190 	EXP 	fix_text: autoDraw = False
187.0190 	EXP 	blank1_bg: autoDraw = False
187.0190 	EXP 	prime_text: autoDraw = False
187.0190 	EXP 	blank2_bg: autoDraw = False
187.0190 	EXP 	target_text: autoDraw = False
187.0190 	EXP 	greenCircle: autoDraw = True
187.0190 	EXP 	redCrosss: autoDraw = True
187.1238 	EXP 	Device response: <KeyPress from None: t=187.0007843330095, value=left, duration=0.11632308398839086>
187.2079 	EXP 	blank3_bg: autoDraw = True
187.2149 	EXP 	greenCircle: autoDraw = False
187.2149 	EXP 	redCrosss: autoDraw = False
187.9995 	EXP 	New trial (rep=3, index=8): <Trial 56 (8 in rep 3) data={'prime': 'The dog is barking loudly', 'target': 'The dog is barking loudly', 'condition': 'repetition_related', 'correctAns': 'right', 'thisN': 56, 'thisTrialN': 8, 'thisRepN': 3}>
188.0109 	EXP 	blank3_bg: autoDraw = False
188.0109 	EXP 	blank3_bg: autoDraw = False
188.0109 	EXP 	greenCircle: autoDraw = False
188.0109 	EXP 	redCrosss: autoDraw = False
188.0109 	EXP 	text: text = 'Take a short break! Press any key to continue.'
188.0109 	EXP 	text: autoDraw = False
188.0109 	EXP 	prime_text: text = 'The dog is barking loudly'
188.0109 	EXP 	target_text: height = np.float64(0.05)
188.0109 	EXP 	target_text: height = np.float64(0.05)
188.0109 	EXP 	target_text: height = np.float64(0.05)
188.0109 	EXP 	target_text: text = 'The dog is barking loudly'
188.0109 	EXP 	fix_text: autoDraw = True
188.2423 	EXP 	blank1_bg: autoDraw = True
188.2560 	EXP 	fix_text: autoDraw = False
188.4389 	EXP 	blank1_bg: autoDraw = False
188.4389 	EXP 	prime_text: autoDraw = True
188.6333 	EXP 	prime_text: autoDraw = False
188.6399 	EXP 	blank2_bg: autoDraw = True
188.7331 	EXP 	blank2_bg: autoDraw = False
188.7400 	INFO 	Keyboard events cleared
188.7399 	EXP 	target_text: autoDraw = True
191.1678 	EXP 	Device response: <KeyPress from None: t=191.1620222920028, value=right, duration=None>
191.1785 	DATA 	Keypress: right
191.1830 	EXP 	fix_text: autoDraw = False
191.1830 	EXP 	blank1_bg: autoDraw = False
191.1830 	EXP 	prime_text: autoDraw = False
191.1830 	EXP 	blank2_bg: autoDraw = False
191.1830 	EXP 	target_text: autoDraw = False
191.1830 	EXP 	greenCircle: autoDraw = True
191.1830 	EXP 	redCrosss: autoDraw = True
191.3015 	EXP 	Device response: <KeyPress from None: t=191.1620222920028, value=right, duration=0.12991245799639728>
191.3664 	EXP 	blank3_bg: autoDraw = True
191.3749 	EXP 	greenCircle: autoDraw = False
191.3749 	EXP 	redCrosss: autoDraw = False
192.1573 	EXP 	New trial (rep=3, index=9): <Trial 57 (9 in rep 3) data={'prime': 'The boy can read fast', 'target': 'The boy can read fast', 'condition': 'repetition_related', 'correctAns': 'right', 'thisN': 57, 'thisTrialN': 9, 'thisRepN': 3}>
192.1719 	EXP 	blank3_bg: autoDraw = False
192.1719 	EXP 	blank3_bg: autoDraw = False
192.1719 	EXP 	greenCircle: autoDraw = False
192.1719 	EXP 	redCrosss: autoDraw = False
192.1719 	EXP 	text: text = 'Take a short break! Press any key to continue.'
192.1719 	EXP 	text: autoDraw = False
192.1719 	EXP 	prime_text: height = np.float64(0.05)
192.1719 	EXP 	prime_text: height = np.float64(0.05)
192.1719 	EXP 	prime_text: height = np.float64(0.05)
192.1719 	EXP 	prime_text: text = 'The boy can read fast'
192.1719 	EXP 	target_text: height = np.float64(0.05)
192.1719 	EXP 	target_text: height = np.float64(0.05)
192.1719 	EXP 	target_text: height = np.float64(0.05)
192.1719 	EXP 	target_text: text = 'The boy can read fast'
192.1719 	EXP 	fix_text: autoDraw = True
192.4087 	EXP 	blank1_bg: autoDraw = True
192.4154 	EXP 	fix_text: autoDraw = False
192.5992 	EXP 	prime_text: autoDraw = True
192.6038 	EXP 	blank1_bg: autoDraw = False
192.7872 	EXP 	prime_text: autoDraw = False
192.8064 	EXP 	blank2_bg: autoDraw = True
192.9059 	INFO 	Keyboard events cleared
192.9058 	EXP 	blank2_bg: autoDraw = False
192.9058 	EXP 	target_text: autoDraw = True
193.9676 	EXP 	Device response: <KeyPress from None: t=193.95755158300744, value=right, duration=None>
193.9754 	DATA 	Keypress: right
193.9796 	EXP 	fix_text: autoDraw = False
193.9796 	EXP 	blank1_bg: autoDraw = False
193.9796 	EXP 	prime_text: autoDraw = False
193.9796 	EXP 	blank2_bg: autoDraw = False
193.9796 	EXP 	target_text: autoDraw = False
193.9796 	EXP 	greenCircle: autoDraw = True
193.9796 	EXP 	redCrosss: autoDraw = True
194.1176 	EXP 	Device response: <KeyPress from None: t=193.95755158300744, value=right, duration=0.156367916992167>
194.3584 	EXP 	blank3_bg: autoDraw = True
194.3584 	EXP 	greenCircle: autoDraw = False
194.3584 	EXP 	redCrosss: autoDraw = False
194.9715 	EXP 	New trial (rep=3, index=10): <Trial 58 (10 in rep 3) data={'prime': 'The boy can read fast', 'target': 'The read can boy fast', 'condition': 'transposition_unrelated', 'correctAns': 'left', 'thisN': 58, 'thisTrialN': 10, 'thisRepN': 3}>
194.9816 	EXP 	blank3_bg: autoDraw = False
194.9816 	EXP 	greenCircle: autoDraw = False
194.9816 	EXP 	redCrosss: autoDraw = False
194.9816 	EXP 	text: text = 'Take a short break! Press any key to continue.'
194.9816 	EXP 	text: autoDraw = False
194.9816 	EXP 	prime_text: text = 'The boy can read fast'
194.9816 	EXP 	target_text: height = np.float64(0.05)
194.9816 	EXP 	target_text: height = np.float64(0.05)
194.9816 	EXP 	target_text: height = np.float64(0.05)
194.9816 	EXP 	target_text: text = 'The read can boy fast'
194.9816 	EXP 	fix_text: autoDraw = True
195.2164 	EXP 	blank1_bg: autoDraw = True
195.2239 	EXP 	fix_text: autoDraw = False
195.4046 	EXP 	blank1_bg: autoDraw = False
195.4165 	EXP 	prime_text: autoDraw = True
195.6039 	EXP 	prime_text: autoDraw = False
195.6162 	EXP 	blank2_bg: autoDraw = True
195.7038 	EXP 	blank2_bg: autoDraw = False
195.7166 	INFO 	Keyboard events cleared
195.7163 	EXP 	target_text: autoDraw = True
196.3572 	EXP 	Device response: <KeyPress from None: t=196.35343187500257, value=left, duration=None>
196.3644 	DATA 	Keypress: left
196.3688 	EXP 	fix_text: autoDraw = False
196.3688 	EXP 	blank1_bg: autoDraw = False
196.3688 	EXP 	prime_text: autoDraw = False
196.3688 	EXP 	blank2_bg: autoDraw = False
196.3688 	EXP 	target_text: autoDraw = False
196.3688 	EXP 	greenCircle: autoDraw = True
196.3688 	EXP 	redCrosss: autoDraw = True
196.4843 	EXP 	Device response: <KeyPress from None: t=196.35343187500257, value=left, duration=0.1203881670080591>
196.5592 	EXP 	blank3_bg: autoDraw = True
196.5652 	EXP 	greenCircle: autoDraw = False
196.5652 	EXP 	redCrosss: autoDraw = False
197.3488 	EXP 	New trial (rep=3, index=11): <Trial 59 (11 in rep 3) data={'prime': 'They have finished the work', 'target': 'They finished have the work', 'condition': 'repetition_unrelated', 'correctAns': 'left', 'thisN': 59, 'thisTrialN': 11, 'thisRepN': 3}>
197.3632 	EXP 	blank3_bg: autoDraw = False
197.3632 	EXP 	blank3_bg: autoDraw = False
197.3632 	EXP 	greenCircle: autoDraw = False
197.3632 	EXP 	redCrosss: autoDraw = False
197.3632 	EXP 	text: text = 'Take a short break! Press any key to continue.'
197.3632 	EXP 	text: autoDraw = False
197.3632 	EXP 	prime_text: height = np.float64(0.05)
197.3632 	EXP 	prime_text: height = np.float64(0.05)
197.3632 	EXP 	prime_text: height = np.float64(0.05)
197.3632 	EXP 	prime_text: text = 'They have finished the work'
197.3632 	EXP 	target_text: height = np.float64(0.05)
197.3632 	EXP 	target_text: height = np.float64(0.05)
197.3632 	EXP 	target_text: height = np.float64(0.05)
197.3632 	EXP 	target_text: text = 'They finished have the work'
197.3632 	EXP 	fix_text: autoDraw = True
197.5919 	EXP 	blank1_bg: autoDraw = True
197.6051 	EXP 	fix_text: autoDraw = False
197.7900 	EXP 	blank1_bg: autoDraw = False
197.7900 	EXP 	prime_text: autoDraw = True
197.9831 	EXP 	prime_text: autoDraw = False
197.9895 	EXP 	blank2_bg: autoDraw = True
198.0830 	EXP 	blank2_bg: autoDraw = False
198.0892 	INFO 	Keyboard events cleared
198.0890 	EXP 	target_text: autoDraw = True
199.4844 	EXP 	Device response: <KeyPress from None: t=199.4823830420064, value=left, duration=None>
199.4923 	DATA 	Keypress: left
199.4965 	EXP 	fix_text: autoDraw = False
199.4965 	EXP 	blank1_bg: autoDraw = False
199.4965 	EXP 	prime_text: autoDraw = False
199.4965 	EXP 	blank2_bg: autoDraw = False
199.4965 	EXP 	target_text: autoDraw = False
199.4965 	EXP 	greenCircle: autoDraw = True
199.4965 	EXP 	redCrosss: autoDraw = True
199.6403 	EXP 	Device response: <KeyPress from None: t=199.4823830420064, value=left, duration=0.15237995800271165>
199.6824 	EXP 	blank3_bg: autoDraw = True
199.6900 	EXP 	greenCircle: autoDraw = False
199.6900 	EXP 	redCrosss: autoDraw = False
200.4667 	EXP 	New trial (rep=3, index=12): <Trial 60 (12 in rep 3) data={'prime': 'They have finished the work', 'target': 'They finished have the work', 'condition': 'transposition_related', 'correctAns': 'right', 'thisN': 60, 'thisTrialN': 12, 'thisRepN': 3}>
200.4719 	EXP 	blank3_bg: autoDraw = False
200.4719 	EXP 	blank3_bg: autoDraw = False
200.4719 	EXP 	greenCircle: autoDraw = False
200.4719 	EXP 	redCrosss: autoDraw = False
200.4719 	EXP 	text: text = 'Take a short break! Press any key to continue.'
200.4719 	EXP 	text: autoDraw = False
200.4719 	EXP 	prime_text: text = 'They have finished the work'
200.4719 	EXP 	target_text: text = 'They finished have the work'
200.4719 	EXP 	fix_text: autoDraw = True
200.7077 	EXP 	blank1_bg: autoDraw = True
200.7148 	EXP 	fix_text: autoDraw = False
200.9061 	EXP 	blank1_bg: autoDraw = False
200.9061 	EXP 	prime_text: autoDraw = True
201.0996 	EXP 	prime_text: autoDraw = False
201.1053 	EXP 	blank2_bg: autoDraw = True
201.1998 	EXP 	blank2_bg: autoDraw = False
201.2062 	INFO 	Keyboard events cleared
201.2060 	EXP 	target_text: autoDraw = True
202.3902 	EXP 	Device response: <KeyPress from None: t=202.38832716700563, value=left, duration=None>
202.3974 	DATA 	Keypress: left
202.4020 	EXP 	fix_text: autoDraw = False
202.4020 	EXP 	blank1_bg: autoDraw = False
202.4020 	EXP 	prime_text: autoDraw = False
202.4020 	EXP 	blank2_bg: autoDraw = False
202.4020 	EXP 	target_text: autoDraw = False
202.4020 	EXP 	greenCircle: autoDraw = True
202.4020 	EXP 	redCrosss: autoDraw = True
202.5177 	EXP 	Device response: <KeyPress from None: t=202.38832716700563, value=left, duration=0.1203478749957867>
202.5922 	EXP 	blank3_bg: autoDraw = True
202.5985 	EXP 	greenCircle: autoDraw = False
202.5985 	EXP 	redCrosss: autoDraw = False
203.3828 	EXP 	New trial (rep=3, index=13): <Trial 61 (13 in rep 3) data={'prime': 'She does not like apples', 'target': 'She like does apples not', 'condition': 'transposition_unrelated', 'correctAns': 'left', 'thisN': 61, 'thisTrialN': 13, 'thisRepN': 3}>
203.3986 	EXP 	blank3_bg: autoDraw = False
203.3986 	EXP 	blank3_bg: autoDraw = False
203.3986 	EXP 	greenCircle: autoDraw = False
203.3986 	EXP 	redCrosss: autoDraw = False
203.3986 	EXP 	text: text = 'Take a short break! Press any key to continue.'
203.3986 	EXP 	text: autoDraw = False
203.3986 	EXP 	prime_text: height = np.float64(0.05)
203.3986 	EXP 	prime_text: height = np.float64(0.05)
203.3986 	EXP 	prime_text: height = np.float64(0.05)
203.3986 	EXP 	prime_text: text = 'She does not like apples'
203.3986 	EXP 	target_text: height = np.float64(0.05)
203.3986 	EXP 	target_text: height = np.float64(0.05)
203.3986 	EXP 	target_text: height = np.float64(0.05)
203.3986 	EXP 	target_text: text = 'She like does apples not'
203.3986 	EXP 	fix_text: autoDraw = True
203.6251 	EXP 	blank1_bg: autoDraw = True
203.6384 	EXP 	fix_text: autoDraw = False
203.8219 	EXP 	blank1_bg: autoDraw = False
203.8219 	EXP 	prime_text: autoDraw = True
204.0164 	EXP 	prime_text: autoDraw = False
204.0228 	EXP 	blank2_bg: autoDraw = True
204.1163 	EXP 	blank2_bg: autoDraw = False
204.1232 	INFO 	Keyboard events cleared
204.1231 	EXP 	target_text: autoDraw = True
204.9905 	EXP 	Device response: <KeyPress from None: t=204.98938141700637, value=left, duration=None>
204.9982 	DATA 	Keypress: left
205.0021 	EXP 	fix_text: autoDraw = False
205.0021 	EXP 	blank1_bg: autoDraw = False
205.0021 	EXP 	prime_text: autoDraw = False
205.0021 	EXP 	blank2_bg: autoDraw = False
205.0021 	EXP 	target_text: autoDraw = False
205.0021 	EXP 	greenCircle: autoDraw = True
205.0021 	EXP 	redCrosss: autoDraw = True
205.1176 	EXP 	Device response: <KeyPress from None: t=204.98938141700637, value=left, duration=0.12010962500062305>
205.1921 	EXP 	blank3_bg: autoDraw = True
205.1986 	EXP 	greenCircle: autoDraw = False
205.1986 	EXP 	redCrosss: autoDraw = False
205.9833 	EXP 	New trial (rep=3, index=14): <Trial 62 (14 in rep 3) data={'prime': 'She does not like apples', 'target': 'She does not like apples', 'condition': 'repetition_related', 'correctAns': 'right', 'thisN': 62, 'thisTrialN': 14, 'thisRepN': 3}>
205.9951 	EXP 	blank3_bg: autoDraw = False
205.9951 	EXP 	blank3_bg: autoDraw = False
205.9951 	EXP 	greenCircle: autoDraw = False
205.9951 	EXP 	redCrosss: autoDraw = False
205.9951 	EXP 	text: text = 'Take a short break! Press any key to continue.'
205.9951 	EXP 	text: autoDraw = False
205.9951 	EXP 	prime_text: text = 'She does not like apples'
205.9951 	EXP 	target_text: height = np.float64(0.05)
205.9951 	EXP 	target_text: height = np.float64(0.05)
205.9951 	EXP 	target_text: height = np.float64(0.05)
205.9951 	EXP 	target_text: text = 'She does not like apples'
205.9951 	EXP 	fix_text: autoDraw = True
206.2247 	EXP 	blank1_bg: autoDraw = True
206.2384 	EXP 	fix_text: autoDraw = False
206.4220 	EXP 	blank1_bg: autoDraw = False
206.4220 	EXP 	prime_text: autoDraw = True
206.6165 	EXP 	prime_text: autoDraw = False
206.6231 	EXP 	blank2_bg: autoDraw = True
206.7164 	EXP 	blank2_bg: autoDraw = False
206.7229 	INFO 	Keyboard events cleared
206.7227 	EXP 	target_text: autoDraw = True
207.7676 	EXP 	Device response: <KeyPress from None: t=207.75923608300218, value=right, duration=None>
207.7750 	DATA 	Keypress: right
207.7792 	EXP 	fix_text: autoDraw = False
207.7792 	EXP 	blank1_bg: autoDraw = False
207.7792 	EXP 	prime_text: autoDraw = False
207.7792 	EXP 	blank2_bg: autoDraw = False
207.7792 	EXP 	target_text: autoDraw = False
207.7792 	EXP 	greenCircle: autoDraw = True
207.7792 	EXP 	redCrosss: autoDraw = True
207.9182 	EXP 	Device response: <KeyPress from None: t=207.75923608300218, value=right, duration=0.15236187500704546>
207.9648 	EXP 	blank3_bg: autoDraw = True
207.9727 	EXP 	greenCircle: autoDraw = False
207.9727 	EXP 	redCrosss: autoDraw = False
208.7490 	EXP 	New trial (rep=3, index=15): <Trial 63 (15 in rep 3) data={'prime': 'The dog is barking loudly', 'target': 'The loudly is barking dog', 'condition': 'repetition_unrelated', 'correctAns': 'left', 'thisN': 63, 'thisTrialN': 15, 'thisRepN': 3}>
208.7636 	EXP 	blank3_bg: autoDraw = False
208.7636 	EXP 	blank3_bg: autoDraw = False
208.7636 	EXP 	greenCircle: autoDraw = False
208.7636 	EXP 	redCrosss: autoDraw = False
208.7636 	EXP 	text: text = 'Take a short break! Press any key to continue.'
208.7636 	EXP 	text: autoDraw = False
208.7636 	EXP 	prime_text: height = np.float64(0.05)
208.7636 	EXP 	prime_text: height = np.float64(0.05)
208.7636 	EXP 	prime_text: height = np.float64(0.05)
208.7636 	EXP 	prime_text: text = 'The dog is barking loudly'
208.7636 	EXP 	target_text: height = np.float64(0.05)
208.7636 	EXP 	target_text: height = np.float64(0.05)
208.7636 	EXP 	target_text: height = np.float64(0.05)
208.7636 	EXP 	target_text: text = 'The loudly is barking dog'
208.7636 	EXP 	fix_text: autoDraw = True
208.9918 	EXP 	blank1_bg: autoDraw = True
209.0046 	EXP 	fix_text: autoDraw = False
209.1899 	EXP 	blank1_bg: autoDraw = False
209.1899 	EXP 	prime_text: autoDraw = True
209.3832 	EXP 	prime_text: autoDraw = False
209.3896 	EXP 	blank2_bg: autoDraw = True
209.4830 	EXP 	blank2_bg: autoDraw = False
209.4891 	INFO 	Keyboard events cleared
209.4889 	EXP 	target_text: autoDraw = True
210.3507 	EXP 	Device response: <KeyPress from None: t=210.34720262500923, value=left, duration=None>
210.3574 	DATA 	Keypress: left
210.3615 	EXP 	fix_text: autoDraw = False
210.3615 	EXP 	blank1_bg: autoDraw = False
210.3615 	EXP 	prime_text: autoDraw = False
210.3615 	EXP 	blank2_bg: autoDraw = False
210.3615 	EXP 	target_text: autoDraw = False
210.3615 	EXP 	greenCircle: autoDraw = True
210.3615 	EXP 	redCrosss: autoDraw = True
210.4676 	EXP 	Device response: <KeyPress from None: t=210.34720262500923, value=left, duration=0.11216266699193511>
210.5496 	EXP 	blank3_bg: autoDraw = True
210.5574 	EXP 	greenCircle: autoDraw = False
210.5574 	EXP 	redCrosss: autoDraw = False
211.3385 	EXP 	New trial (rep=4, index=0): <Trial 64 (0 in rep 4) data={'prime': 'She does not like apples', 'target': 'She not does like apples', 'condition': 'repetition_unrelated', 'correctAns': 'left', 'thisN': 64, 'thisTrialN': 0, 'thisRepN': 4}>
211.3529 	EXP 	blank3_bg: autoDraw = False
211.3529 	EXP 	blank3_bg: autoDraw = False
211.3529 	EXP 	greenCircle: autoDraw = False
211.3529 	EXP 	redCrosss: autoDraw = False
211.3529 	EXP 	text: text = 'Take a short break! Press any key to continue.'
211.3529 	EXP 	text: autoDraw = False
211.3529 	EXP 	prime_text: height = np.float64(0.05)
211.3529 	EXP 	prime_text: height = np.float64(0.05)
211.3529 	EXP 	prime_text: height = np.float64(0.05)
211.3529 	EXP 	prime_text: text = 'She does not like apples'
211.3529 	EXP 	target_text: height = np.float64(0.05)
211.3529 	EXP 	target_text: height = np.float64(0.05)
211.3529 	EXP 	target_text: height = np.float64(0.05)
211.3529 	EXP 	target_text: text = 'She not does like apples'
211.3529 	EXP 	fix_text: autoDraw = True
211.5829 	EXP 	blank1_bg: autoDraw = True
211.5983 	EXP 	fix_text: autoDraw = False
211.7712 	EXP 	blank1_bg: autoDraw = False
211.7832 	EXP 	prime_text: autoDraw = True
211.9716 	EXP 	prime_text: autoDraw = False
211.9830 	EXP 	blank2_bg: autoDraw = True
212.0715 	EXP 	blank2_bg: autoDraw = False
212.0832 	INFO 	Keyboard events cleared
212.0830 	EXP 	target_text: autoDraw = True
213.1511 	EXP 	Device response: <KeyPress from None: t=213.1430132920068, value=left, duration=None>
213.1591 	DATA 	Keypress: left
213.1634 	EXP 	fix_text: autoDraw = False
213.1634 	EXP 	blank1_bg: autoDraw = False
213.1634 	EXP 	prime_text: autoDraw = False
213.1634 	EXP 	blank2_bg: autoDraw = False
213.1634 	EXP 	target_text: autoDraw = False
213.1634 	EXP 	greenCircle: autoDraw = True
213.1634 	EXP 	redCrosss: autoDraw = True
213.3015 	EXP 	Device response: <KeyPress from None: t=213.1430132920068, value=left, duration=0.1524304999911692>
213.3484 	EXP 	blank3_bg: autoDraw = True
213.3567 	EXP 	greenCircle: autoDraw = False
213.3567 	EXP 	redCrosss: autoDraw = False
214.1331 	EXP 	New trial (rep=4, index=1): <Trial 65 (1 in rep 4) data={'prime': 'They have finished the work', 'target': 'They finished have the work', 'condition': 'transposition_related', 'correctAns': 'right', 'thisN': 65, 'thisTrialN': 1, 'thisRepN': 4}>
214.1488 	EXP 	blank3_bg: autoDraw = False
214.1488 	EXP 	blank3_bg: autoDraw = False
214.1488 	EXP 	greenCircle: autoDraw = False
214.1488 	EXP 	redCrosss: autoDraw = False
214.1488 	EXP 	text: text = 'Take a short break! Press any key to continue.'
214.1488 	EXP 	text: autoDraw = False
214.1488 	EXP 	prime_text: height = np.float64(0.05)
214.1488 	EXP 	prime_text: height = np.float64(0.05)
214.1488 	EXP 	prime_text: height = np.float64(0.05)
214.1488 	EXP 	prime_text: text = 'They have finished the work'
214.1488 	EXP 	target_text: height = np.float64(0.05)
214.1488 	EXP 	target_text: height = np.float64(0.05)
214.1488 	EXP 	target_text: height = np.float64(0.05)
214.1488 	EXP 	target_text: text = 'They finished have the work'
214.1488 	EXP 	fix_text: autoDraw = True
214.3742 	EXP 	blank1_bg: autoDraw = True
214.3888 	EXP 	fix_text: autoDraw = False
214.5720 	EXP 	blank1_bg: autoDraw = False
214.5720 	EXP 	prime_text: autoDraw = True
214.7664 	EXP 	prime_text: autoDraw = False
214.7726 	EXP 	blank2_bg: autoDraw = True
214.8662 	EXP 	blank2_bg: autoDraw = False
214.8725 	INFO 	Keyboard events cleared
214.8723 	EXP 	target_text: autoDraw = True
216.2177 	EXP 	Device response: <KeyPress from None: t=216.2099453330011, value=left, duration=None>
216.2254 	DATA 	Keypress: left
216.2297 	EXP 	fix_text: autoDraw = False
216.2297 	EXP 	blank1_bg: autoDraw = False
216.2297 	EXP 	prime_text: autoDraw = False
216.2297 	EXP 	blank2_bg: autoDraw = False
216.2297 	EXP 	target_text: autoDraw = False
216.2297 	EXP 	greenCircle: autoDraw = True
216.2297 	EXP 	redCrosss: autoDraw = True
216.3395 	EXP 	Device response: <KeyPress from None: t=216.2099453330011, value=left, duration=0.12850983400130644>
216.4151 	EXP 	blank3_bg: autoDraw = True
216.4215 	EXP 	greenCircle: autoDraw = False
216.4215 	EXP 	redCrosss: autoDraw = False
217.2008 	EXP 	New trial (rep=4, index=2): <Trial 66 (2 in rep 4) data={'prime': 'The boy can read fast', 'target': 'The read can boy fast', 'condition': 'transposition_unrelated', 'correctAns': 'left', 'thisN': 66, 'thisTrialN': 2, 'thisRepN': 4}>
217.2164 	EXP 	blank3_bg: autoDraw = False
217.2164 	EXP 	blank3_bg: autoDraw = False
217.2164 	EXP 	greenCircle: autoDraw = False
217.2164 	EXP 	redCrosss: autoDraw = False
217.2164 	EXP 	text: text = 'Take a short break! Press any key to continue.'
217.2164 	EXP 	text: autoDraw = False
217.2164 	EXP 	prime_text: height = np.float64(0.05)
217.2164 	EXP 	prime_text: height = np.float64(0.05)
217.2164 	EXP 	prime_text: height = np.float64(0.05)
217.2164 	EXP 	prime_text: text = 'The boy can read fast'
217.2164 	EXP 	target_text: height = np.float64(0.05)
217.2164 	EXP 	target_text: height = np.float64(0.05)
217.2164 	EXP 	target_text: height = np.float64(0.05)
217.2164 	EXP 	target_text: text = 'The read can boy fast'
217.2164 	EXP 	fix_text: autoDraw = True
217.4414 	EXP 	blank1_bg: autoDraw = True
217.4663 	EXP 	fix_text: autoDraw = False
217.6399 	EXP 	blank1_bg: autoDraw = False
217.6399 	EXP 	prime_text: autoDraw = True
217.8389 	EXP 	prime_text: autoDraw = False
217.8389 	EXP 	blank2_bg: autoDraw = True
217.9331 	EXP 	blank2_bg: autoDraw = False
217.9397 	INFO 	Keyboard events cleared
217.9396 	EXP 	target_text: autoDraw = True
218.8681 	EXP 	Device response: <KeyPress from None: t=218.86295441701077, value=left, duration=None>
218.8764 	DATA 	Keypress: left
218.8808 	EXP 	fix_text: autoDraw = False
218.8808 	EXP 	blank1_bg: autoDraw = False
218.8808 	EXP 	prime_text: autoDraw = False
218.8808 	EXP 	blank2_bg: autoDraw = False
218.8808 	EXP 	target_text: autoDraw = False
218.8808 	EXP 	greenCircle: autoDraw = True
218.8808 	EXP 	redCrosss: autoDraw = True
219.0063 	EXP 	Device response: <KeyPress from None: t=218.86295441701077, value=left, duration=0.14066108298720792>
219.0662 	EXP 	blank3_bg: autoDraw = True
219.0729 	EXP 	greenCircle: autoDraw = False
219.0729 	EXP 	redCrosss: autoDraw = False
219.8505 	EXP 	New trial (rep=4, index=3): <Trial 67 (3 in rep 4) data={'prime': 'They have finished the work', 'target': 'They finished have the work', 'condition': 'repetition_unrelated', 'correctAns': 'left', 'thisN': 67, 'thisTrialN': 3, 'thisRepN': 4}>
219.8669 	EXP 	blank3_bg: autoDraw = False
219.8669 	EXP 	blank3_bg: autoDraw = False
219.8669 	EXP 	greenCircle: autoDraw = False
219.8669 	EXP 	redCrosss: autoDraw = False
219.8669 	EXP 	text: text = 'Take a short break! Press any key to continue.'
219.8669 	EXP 	text: autoDraw = False
219.8669 	EXP 	prime_text: height = np.float64(0.05)
219.8669 	EXP 	prime_text: height = np.float64(0.05)
219.8669 	EXP 	prime_text: height = np.float64(0.05)
219.8669 	EXP 	prime_text: text = 'They have finished the work'
219.8669 	EXP 	target_text: height = np.float64(0.05)
219.8669 	EXP 	target_text: height = np.float64(0.05)
219.8669 	EXP 	target_text: height = np.float64(0.05)
219.8669 	EXP 	target_text: text = 'They finished have the work'
219.8669 	EXP 	fix_text: autoDraw = True
220.0920 	EXP 	blank1_bg: autoDraw = True
220.1151 	EXP 	fix_text: autoDraw = False
220.2893 	EXP 	blank1_bg: autoDraw = False
220.2893 	EXP 	prime_text: autoDraw = True
220.4827 	EXP 	prime_text: autoDraw = False
220.4895 	EXP 	blank2_bg: autoDraw = True
220.5832 	EXP 	blank2_bg: autoDraw = False
220.5899 	INFO 	Keyboard events cleared
220.5897 	EXP 	target_text: autoDraw = True
221.9842 	EXP 	Device response: <KeyPress from None: t=221.98286829200515, value=left, duration=None>
221.9919 	DATA 	Keypress: left
221.9963 	EXP 	fix_text: autoDraw = False
221.9963 	EXP 	blank1_bg: autoDraw = False
221.9963 	EXP 	prime_text: autoDraw = False
221.9963 	EXP 	blank2_bg: autoDraw = False
221.9963 	EXP 	target_text: autoDraw = False
221.9963 	EXP 	greenCircle: autoDraw = True
221.9963 	EXP 	redCrosss: autoDraw = True
222.0904 	EXP 	Device response: <KeyPress from None: t=221.98286829200515, value=left, duration=0.10424200000124983>
222.1825 	EXP 	blank3_bg: autoDraw = True
222.1898 	EXP 	greenCircle: autoDraw = False
222.1898 	EXP 	redCrosss: autoDraw = False
222.9673 	EXP 	New trial (rep=4, index=4): <Trial 68 (4 in rep 4) data={'prime': 'The boy can read fast', 'target': 'The read can boy fast', 'condition': 'repetition_unrelated', 'correctAns': 'left', 'thisN': 68, 'thisTrialN': 4, 'thisRepN': 4}>
222.9833 	EXP 	blank3_bg: autoDraw = False
222.9833 	EXP 	blank3_bg: autoDraw = False
222.9833 	EXP 	greenCircle: autoDraw = False
222.9833 	EXP 	redCrosss: autoDraw = False
222.9833 	EXP 	text: text = 'Take a short break! Press any key to continue.'
222.9833 	EXP 	text: autoDraw = False
222.9833 	EXP 	prime_text: height = np.float64(0.05)
222.9833 	EXP 	prime_text: height = np.float64(0.05)
222.9833 	EXP 	prime_text: height = np.float64(0.05)
222.9833 	EXP 	prime_text: text = 'The boy can read fast'
222.9833 	EXP 	target_text: height = np.float64(0.05)
222.9833 	EXP 	target_text: height = np.float64(0.05)
222.9833 	EXP 	target_text: height = np.float64(0.05)
222.9833 	EXP 	target_text: text = 'The read can boy fast'
222.9833 	EXP 	fix_text: autoDraw = True
223.2086 	EXP 	blank1_bg: autoDraw = True
223.2330 	EXP 	fix_text: autoDraw = False
223.3996 	EXP 	blank1_bg: autoDraw = False
223.4054 	EXP 	prime_text: autoDraw = True
223.5999 	EXP 	prime_text: autoDraw = False
223.6066 	EXP 	blank2_bg: autoDraw = True
223.6998 	EXP 	blank2_bg: autoDraw = False
223.7062 	INFO 	Keyboard events cleared
223.7061 	EXP 	target_text: autoDraw = True
224.4348 	EXP 	Device response: <KeyPress from None: t=224.43090041700634, value=left, duration=None>
224.4430 	DATA 	Keypress: left
224.4473 	EXP 	fix_text: autoDraw = False
224.4473 	EXP 	blank1_bg: autoDraw = False
224.4473 	EXP 	prime_text: autoDraw = False
224.4473 	EXP 	blank2_bg: autoDraw = False
224.4473 	EXP 	target_text: autoDraw = False
224.4473 	EXP 	greenCircle: autoDraw = True
224.4473 	EXP 	redCrosss: autoDraw = True
224.5848 	EXP 	Device response: <KeyPress from None: t=224.43090041700634, value=left, duration=0.14427799999248236>
224.6330 	EXP 	blank3_bg: autoDraw = True
224.6405 	EXP 	greenCircle: autoDraw = False
224.6405 	EXP 	redCrosss: autoDraw = False
225.4172 	EXP 	New trial (rep=4, index=5): <Trial 69 (5 in rep 4) data={'prime': 'The dog is barking loudly', 'target': 'The dog is barking loudly', 'condition': 'repetition_related', 'correctAns': 'right', 'thisN': 69, 'thisTrialN': 5, 'thisRepN': 4}>
225.4335 	EXP 	blank3_bg: autoDraw = False
225.4335 	EXP 	blank3_bg: autoDraw = False
225.4335 	EXP 	greenCircle: autoDraw = False
225.4335 	EXP 	redCrosss: autoDraw = False
225.4335 	EXP 	text: text = 'Take a short break! Press any key to continue.'
225.4335 	EXP 	text: autoDraw = False
225.4335 	EXP 	prime_text: height = np.float64(0.05)
225.4335 	EXP 	prime_text: height = np.float64(0.05)
225.4335 	EXP 	prime_text: height = np.float64(0.05)
225.4335 	EXP 	prime_text: text = 'The dog is barking loudly'
225.4335 	EXP 	target_text: height = np.float64(0.05)
225.4335 	EXP 	target_text: height = np.float64(0.05)
225.4335 	EXP 	target_text: height = np.float64(0.05)
225.4335 	EXP 	target_text: text = 'The dog is barking loudly'
225.4335 	EXP 	fix_text: autoDraw = True
225.6578 	EXP 	blank1_bg: autoDraw = True
225.6820 	EXP 	fix_text: autoDraw = False
225.8560 	EXP 	blank1_bg: autoDraw = False
225.8560 	EXP 	prime_text: autoDraw = True
226.0562 	EXP 	prime_text: autoDraw = False
226.0562 	EXP 	blank2_bg: autoDraw = True
226.1561 	INFO 	Keyboard events cleared
226.1559 	EXP 	blank2_bg: autoDraw = False
226.1559 	EXP 	target_text: autoDraw = True
226.9340 	EXP 	Device response: <KeyPress from None: t=226.93076245801058, value=right, duration=None>
226.9416 	DATA 	Keypress: right
226.9458 	EXP 	fix_text: autoDraw = False
226.9458 	EXP 	blank1_bg: autoDraw = False
226.9458 	EXP 	prime_text: autoDraw = False
226.9458 	EXP 	blank2_bg: autoDraw = False
226.9458 	EXP 	target_text: autoDraw = False
226.9458 	EXP 	greenCircle: autoDraw = True
226.9458 	EXP 	redCrosss: autoDraw = True
227.1010 	EXP 	Device response: <KeyPress from None: t=226.93076245801058, value=right, duration=0.1603249999898253>
227.1329 	EXP 	blank3_bg: autoDraw = True
227.1394 	EXP 	greenCircle: autoDraw = False
227.1394 	EXP 	redCrosss: autoDraw = False
227.9241 	EXP 	New trial (rep=4, index=6): <Trial 70 (6 in rep 4) data={'prime': 'The dog is barking loudly', 'target': 'The dog barking is loudly', 'condition': 'transposition_related', 'correctAns': 'right', 'thisN': 70, 'thisTrialN': 6, 'thisRepN': 4}>
227.9351 	EXP 	blank3_bg: autoDraw = False
227.9351 	EXP 	blank3_bg: autoDraw = False
227.9351 	EXP 	greenCircle: autoDraw = False
227.9351 	EXP 	redCrosss: autoDraw = False
227.9351 	EXP 	text: text = 'Take a short break! Press any key to continue.'
227.9351 	EXP 	text: autoDraw = False
227.9351 	EXP 	prime_text: text = 'The dog is barking loudly'
227.9351 	EXP 	target_text: height = np.float64(0.05)
227.9351 	EXP 	target_text: height = np.float64(0.05)
227.9351 	EXP 	target_text: height = np.float64(0.05)
227.9351 	EXP 	target_text: text = 'The dog barking is loudly'
227.9351 	EXP 	fix_text: autoDraw = True
228.1752 	EXP 	blank1_bg: autoDraw = True
228.1821 	EXP 	fix_text: autoDraw = False
228.3722 	EXP 	blank1_bg: autoDraw = False
228.3722 	EXP 	prime_text: autoDraw = True
228.5665 	EXP 	prime_text: autoDraw = False
228.5729 	EXP 	blank2_bg: autoDraw = True
228.6726 	INFO 	Keyboard events cleared
228.6724 	EXP 	blank2_bg: autoDraw = False
228.6724 	EXP 	target_text: autoDraw = True
229.8176 	EXP 	Device response: <KeyPress from None: t=229.80708287500602, value=left, duration=None>
229.8266 	DATA 	Keypress: left
229.8308 	EXP 	fix_text: autoDraw = False
229.8308 	EXP 	blank1_bg: autoDraw = False
229.8308 	EXP 	prime_text: autoDraw = False
229.8308 	EXP 	blank2_bg: autoDraw = False
229.8308 	EXP 	target_text: autoDraw = False
229.8308 	EXP 	greenCircle: autoDraw = True
229.8308 	EXP 	redCrosss: autoDraw = True
229.9343 	EXP 	Device response: <KeyPress from None: t=229.80708287500602, value=left, duration=0.11998595799377654>
230.0157 	EXP 	blank3_bg: autoDraw = True
230.0225 	EXP 	greenCircle: autoDraw = False
230.0225 	EXP 	redCrosss: autoDraw = False
230.8004 	EXP 	New trial (rep=4, index=7): <Trial 71 (7 in rep 4) data={'prime': 'She does not like apples', 'target': 'She like does apples not', 'condition': 'transposition_unrelated', 'correctAns': 'left', 'thisN': 71, 'thisTrialN': 7, 'thisRepN': 4}>
230.8156 	EXP 	blank3_bg: autoDraw = False
230.8156 	EXP 	blank3_bg: autoDraw = False
230.8156 	EXP 	greenCircle: autoDraw = False
230.8156 	EXP 	redCrosss: autoDraw = False
230.8156 	EXP 	text: text = 'Take a short break! Press any key to continue.'
230.8156 	EXP 	text: autoDraw = False
230.8156 	EXP 	prime_text: height = np.float64(0.05)
230.8156 	EXP 	prime_text: height = np.float64(0.05)
230.8156 	EXP 	prime_text: height = np.float64(0.05)
230.8156 	EXP 	prime_text: text = 'She does not like apples'
230.8156 	EXP 	target_text: height = np.float64(0.05)
230.8156 	EXP 	target_text: height = np.float64(0.05)
230.8156 	EXP 	target_text: height = np.float64(0.05)
230.8156 	EXP 	target_text: text = 'She like does apples not'
230.8156 	EXP 	fix_text: autoDraw = True
231.0420 	EXP 	blank1_bg: autoDraw = True
231.0551 	EXP 	fix_text: autoDraw = False
231.2368 	EXP 	blank1_bg: autoDraw = False
231.2496 	EXP 	prime_text: autoDraw = True
231.4394 	EXP 	prime_text: autoDraw = False
231.4394 	EXP 	blank2_bg: autoDraw = True
231.5331 	EXP 	blank2_bg: autoDraw = False
231.5398 	INFO 	Keyboard events cleared
231.5397 	EXP 	target_text: autoDraw = True
232.5513 	EXP 	Device response: <KeyPress from None: t=232.54158266700688, value=left, duration=None>
232.5589 	DATA 	Keypress: left
232.5630 	EXP 	fix_text: autoDraw = False
232.5630 	EXP 	blank1_bg: autoDraw = False
232.5630 	EXP 	prime_text: autoDraw = False
232.5630 	EXP 	blank2_bg: autoDraw = False
232.5630 	EXP 	target_text: autoDraw = False
232.5630 	EXP 	greenCircle: autoDraw = True
232.5630 	EXP 	redCrosss: autoDraw = True
232.6679 	EXP 	Device response: <KeyPress from None: t=232.54158266700688, value=left, duration=0.12436970799171831>
232.7497 	EXP 	blank3_bg: autoDraw = True
232.7579 	EXP 	greenCircle: autoDraw = False
232.7579 	EXP 	redCrosss: autoDraw = False
233.5408 	EXP 	New trial (rep=4, index=8): <Trial 72 (8 in rep 4) data={'prime': 'The boy can read fast', 'target': 'The boy can read fast', 'condition': 'repetition_related', 'correctAns': 'right', 'thisN': 72, 'thisTrialN': 8, 'thisRepN': 4}>
233.5563 	EXP 	blank3_bg: autoDraw = False
233.5563 	EXP 	blank3_bg: autoDraw = False
233.5563 	EXP 	greenCircle: autoDraw = False
233.5563 	EXP 	redCrosss: autoDraw = False
233.5563 	EXP 	text: text = 'Take a short break! Press any key to continue.'
233.5563 	EXP 	text: autoDraw = False
233.5563 	EXP 	prime_text: height = np.float64(0.05)
233.5563 	EXP 	prime_text: height = np.float64(0.05)
233.5563 	EXP 	prime_text: height = np.float64(0.05)
233.5563 	EXP 	prime_text: text = 'The boy can read fast'
233.5563 	EXP 	target_text: height = np.float64(0.05)
233.5563 	EXP 	target_text: height = np.float64(0.05)
233.5563 	EXP 	target_text: height = np.float64(0.05)
233.5563 	EXP 	target_text: text = 'The boy can read fast'
233.5563 	EXP 	fix_text: autoDraw = True
233.7919 	EXP 	blank1_bg: autoDraw = True
233.7992 	EXP 	fix_text: autoDraw = False
233.9893 	EXP 	blank1_bg: autoDraw = False
233.9893 	EXP 	prime_text: autoDraw = True
234.1830 	EXP 	prime_text: autoDraw = False
234.1890 	EXP 	blank2_bg: autoDraw = True
234.2830 	EXP 	blank2_bg: autoDraw = False
234.2896 	INFO 	Keyboard events cleared
234.2894 	EXP 	target_text: autoDraw = True
235.3569 	EXP 	Device response: <KeyPress from None: t=235.3555772920081, value=right, duration=None>
235.3644 	DATA 	Keypress: right
235.3689 	EXP 	fix_text: autoDraw = False
235.3689 	EXP 	blank1_bg: autoDraw = False
235.3689 	EXP 	prime_text: autoDraw = False
235.3689 	EXP 	blank2_bg: autoDraw = False
235.3689 	EXP 	target_text: autoDraw = False
235.3689 	EXP 	greenCircle: autoDraw = True
235.3689 	EXP 	redCrosss: autoDraw = True
235.5235 	EXP 	Device response: <KeyPress from None: t=235.3555772920081, value=right, duration=0.16425891600374598>
235.5582 	EXP 	blank3_bg: autoDraw = True
235.5649 	EXP 	greenCircle: autoDraw = False
235.5649 	EXP 	redCrosss: autoDraw = False
236.3508 	EXP 	New trial (rep=4, index=9): <Trial 73 (9 in rep 4) data={'prime': 'They have finished the work', 'target': 'They work the have finished', 'condition': 'transposition_unrelated', 'correctAns': 'left', 'thisN': 73, 'thisTrialN': 9, 'thisRepN': 4}>
236.3665 	EXP 	blank3_bg: autoDraw = False
236.3665 	EXP 	blank3_bg: autoDraw = False
236.3665 	EXP 	greenCircle: autoDraw = False
236.3665 	EXP 	redCrosss: autoDraw = False
236.3665 	EXP 	text: text = 'Take a short break! Press any key to continue.'
236.3665 	EXP 	text: autoDraw = False
236.3665 	EXP 	prime_text: height = np.float64(0.05)
236.3665 	EXP 	prime_text: height = np.float64(0.05)
236.3665 	EXP 	prime_text: height = np.float64(0.05)
236.3665 	EXP 	prime_text: text = 'They have finished the work'
236.3665 	EXP 	target_text: height = np.float64(0.05)
236.3665 	EXP 	target_text: height = np.float64(0.05)
236.3665 	EXP 	target_text: height = np.float64(0.05)
236.3665 	EXP 	target_text: text = 'They work the have finished'
236.3665 	EXP 	fix_text: autoDraw = True
236.5923 	EXP 	blank1_bg: autoDraw = True
236.6057 	EXP 	fix_text: autoDraw = False
236.7869 	EXP 	blank1_bg: autoDraw = False
236.7997 	EXP 	prime_text: autoDraw = True
236.9865 	EXP 	prime_text: autoDraw = False
236.9996 	EXP 	blank2_bg: autoDraw = True
237.0901 	INFO 	Keyboard events cleared
237.0899 	EXP 	blank2_bg: autoDraw = False
237.0899 	EXP 	target_text: autoDraw = True
238.2516 	EXP 	Device response: <KeyPress from None: t=238.23942754200834, value=left, duration=None>
238.2599 	DATA 	Keypress: left
238.2642 	EXP 	fix_text: autoDraw = False
238.2642 	EXP 	blank1_bg: autoDraw = False
238.2642 	EXP 	prime_text: autoDraw = False
238.2642 	EXP 	blank2_bg: autoDraw = False
238.2642 	EXP 	target_text: autoDraw = False
238.2642 	EXP 	greenCircle: autoDraw = True
238.2642 	EXP 	redCrosss: autoDraw = True
238.3679 	EXP 	Device response: <KeyPress from None: t=238.23942754200834, value=left, duration=0.12441199999011587>
238.4484 	EXP 	blank3_bg: autoDraw = True
238.4570 	EXP 	greenCircle: autoDraw = False
238.4570 	EXP 	redCrosss: autoDraw = False
239.2327 	EXP 	New trial (rep=4, index=10): <Trial 74 (10 in rep 4) data={'prime': 'She does not like apples', 'target': 'She does not like apples', 'condition': 'repetition_related', 'correctAns': 'right', 'thisN': 74, 'thisTrialN': 10, 'thisRepN': 4}>
239.2486 	EXP 	blank3_bg: autoDraw = False
239.2486 	EXP 	blank3_bg: autoDraw = False
239.2486 	EXP 	greenCircle: autoDraw = False
239.2486 	EXP 	redCrosss: autoDraw = False
239.2486 	EXP 	text: text = 'Take a short break! Press any key to continue.'
239.2486 	EXP 	text: autoDraw = False
239.2486 	EXP 	prime_text: height = np.float64(0.05)
239.2486 	EXP 	prime_text: height = np.float64(0.05)
239.2486 	EXP 	prime_text: height = np.float64(0.05)
239.2486 	EXP 	prime_text: text = 'She does not like apples'
239.2486 	EXP 	target_text: height = np.float64(0.05)
239.2486 	EXP 	target_text: height = np.float64(0.05)
239.2486 	EXP 	target_text: height = np.float64(0.05)
239.2486 	EXP 	target_text: text = 'She does not like apples'
239.2486 	EXP 	fix_text: autoDraw = True
239.4751 	EXP 	blank1_bg: autoDraw = True
239.4885 	EXP 	fix_text: autoDraw = False
239.6700 	EXP 	blank1_bg: autoDraw = False
239.6700 	EXP 	prime_text: autoDraw = True
239.8664 	EXP 	prime_text: autoDraw = False
239.8729 	EXP 	blank2_bg: autoDraw = True
239.9666 	EXP 	blank2_bg: autoDraw = False
239.9737 	INFO 	Keyboard events cleared
239.9735 	EXP 	target_text: autoDraw = True
241.0342 	EXP 	Device response: <KeyPress from None: t=241.02342641699943, value=right, duration=None>
241.0418 	DATA 	Keypress: right
241.0461 	EXP 	fix_text: autoDraw = False
241.0461 	EXP 	blank1_bg: autoDraw = False
241.0461 	EXP 	prime_text: autoDraw = False
241.0461 	EXP 	blank2_bg: autoDraw = False
241.0461 	EXP 	target_text: autoDraw = False
241.0461 	EXP 	greenCircle: autoDraw = True
241.0461 	EXP 	redCrosss: autoDraw = True
241.1894 	EXP 	Device response: <KeyPress from None: t=241.02342641699943, value=right, duration=0.1642865830071969>
241.2315 	EXP 	blank3_bg: autoDraw = True
241.2383 	EXP 	greenCircle: autoDraw = False
241.2383 	EXP 	redCrosss: autoDraw = False
242.0159 	EXP 	New trial (rep=4, index=11): <Trial 75 (11 in rep 4) data={'prime': 'The boy can read fast', 'target': 'The boy can read fast', 'condition': 'transposition_related', 'correctAns': 'right', 'thisN': 75, 'thisTrialN': 11, 'thisRepN': 4}>
242.0316 	EXP 	blank3_bg: autoDraw = False
242.0316 	EXP 	blank3_bg: autoDraw = False
242.0316 	EXP 	greenCircle: autoDraw = False
242.0316 	EXP 	redCrosss: autoDraw = False
242.0316 	EXP 	text: text = 'Take a short break! Press any key to continue.'
242.0316 	EXP 	text: autoDraw = False
242.0316 	EXP 	prime_text: height = np.float64(0.05)
242.0316 	EXP 	prime_text: height = np.float64(0.05)
242.0316 	EXP 	prime_text: height = np.float64(0.05)
242.0316 	EXP 	prime_text: text = 'The boy can read fast'
242.0316 	EXP 	target_text: height = np.float64(0.05)
242.0316 	EXP 	target_text: height = np.float64(0.05)
242.0316 	EXP 	target_text: height = np.float64(0.05)
242.0316 	EXP 	target_text: text = 'The boy can read fast'
242.0316 	EXP 	fix_text: autoDraw = True
242.2574 	EXP 	blank1_bg: autoDraw = True
242.2713 	EXP 	fix_text: autoDraw = False
242.4497 	EXP 	blank1_bg: autoDraw = False
242.4564 	EXP 	prime_text: autoDraw = True
242.6497 	EXP 	prime_text: autoDraw = False
242.6565 	EXP 	blank2_bg: autoDraw = True
242.7498 	EXP 	blank2_bg: autoDraw = False
242.7569 	INFO 	Keyboard events cleared
242.7568 	EXP 	target_text: autoDraw = True
244.1344 	EXP 	Device response: <KeyPress from None: t=244.12441299999773, value=right, duration=None>
244.1427 	DATA 	Keypress: right
244.1470 	EXP 	fix_text: autoDraw = False
244.1470 	EXP 	blank1_bg: autoDraw = False
244.1470 	EXP 	prime_text: autoDraw = False
244.1470 	EXP 	blank2_bg: autoDraw = False
244.1470 	EXP 	target_text: autoDraw = False
244.1470 	EXP 	greenCircle: autoDraw = True
244.1470 	EXP 	redCrosss: autoDraw = True
244.2895 	EXP 	Device response: <KeyPress from None: t=244.12441299999773, value=right, duration=0.16029241700016428>
244.3324 	EXP 	blank3_bg: autoDraw = True
244.3391 	EXP 	greenCircle: autoDraw = False
244.3391 	EXP 	redCrosss: autoDraw = False
245.1173 	EXP 	New trial (rep=4, index=12): <Trial 76 (12 in rep 4) data={'prime': 'She does not like apples', 'target': 'She not does like apples', 'condition': 'transposition_related', 'correctAns': 'right', 'thisN': 76, 'thisTrialN': 12, 'thisRepN': 4}>
245.1331 	EXP 	blank3_bg: autoDraw = False
245.1331 	EXP 	blank3_bg: autoDraw = False
245.1331 	EXP 	greenCircle: autoDraw = False
245.1331 	EXP 	redCrosss: autoDraw = False
245.1331 	EXP 	text: text = 'Take a short break! Press any key to continue.'
245.1331 	EXP 	text: autoDraw = False
245.1331 	EXP 	prime_text: height = np.float64(0.05)
245.1331 	EXP 	prime_text: height = np.float64(0.05)
245.1331 	EXP 	prime_text: height = np.float64(0.05)
245.1331 	EXP 	prime_text: text = 'She does not like apples'
245.1331 	EXP 	target_text: height = np.float64(0.05)
245.1331 	EXP 	target_text: height = np.float64(0.05)
245.1331 	EXP 	target_text: height = np.float64(0.05)
245.1331 	EXP 	target_text: text = 'She not does like apples'
245.1331 	EXP 	fix_text: autoDraw = True
245.3588 	EXP 	blank1_bg: autoDraw = True
245.3723 	EXP 	fix_text: autoDraw = False
245.5539 	EXP 	blank1_bg: autoDraw = False
245.5663 	EXP 	prime_text: autoDraw = True
245.7561 	EXP 	prime_text: autoDraw = False
245.7561 	EXP 	blank2_bg: autoDraw = True
245.8496 	EXP 	blank2_bg: autoDraw = False
245.8565 	INFO 	Keyboard events cleared
245.8564 	EXP 	target_text: autoDraw = True
246.8006 	EXP 	Device response: <KeyPress from None: t=246.79831383300188, value=left, duration=None>
246.8083 	DATA 	Keypress: left
246.8126 	EXP 	fix_text: autoDraw = False
246.8126 	EXP 	blank1_bg: autoDraw = False
246.8126 	EXP 	prime_text: autoDraw = False
246.8126 	EXP 	blank2_bg: autoDraw = False
246.8126 	EXP 	target_text: autoDraw = False
246.8126 	EXP 	greenCircle: autoDraw = True
246.8126 	EXP 	redCrosss: autoDraw = True
246.9570 	EXP 	Device response: <KeyPress from None: t=246.79831383300188, value=left, duration=0.15220129200315569>
246.9991 	EXP 	blank3_bg: autoDraw = True
247.0070 	EXP 	greenCircle: autoDraw = False
247.0070 	EXP 	redCrosss: autoDraw = False
247.7837 	EXP 	New trial (rep=4, index=13): <Trial 77 (13 in rep 4) data={'prime': 'The dog is barking loudly', 'target': 'The loudly is barking dog', 'condition': 'repetition_unrelated', 'correctAns': 'left', 'thisN': 77, 'thisTrialN': 13, 'thisRepN': 4}>
247.7995 	EXP 	blank3_bg: autoDraw = False
247.7995 	EXP 	blank3_bg: autoDraw = False
247.7995 	EXP 	greenCircle: autoDraw = False
247.7995 	EXP 	redCrosss: autoDraw = False
247.7995 	EXP 	text: text = 'Take a short break! Press any key to continue.'
247.7995 	EXP 	text: autoDraw = False
247.7995 	EXP 	prime_text: height = np.float64(0.05)
247.7995 	EXP 	prime_text: height = np.float64(0.05)
247.7995 	EXP 	prime_text: height = np.float64(0.05)
247.7995 	EXP 	prime_text: text = 'The dog is barking loudly'
247.7995 	EXP 	target_text: height = np.float64(0.05)
247.7995 	EXP 	target_text: height = np.float64(0.05)
247.7995 	EXP 	target_text: height = np.float64(0.05)
247.7995 	EXP 	target_text: text = 'The loudly is barking dog'
247.7995 	EXP 	fix_text: autoDraw = True
248.0256 	EXP 	blank1_bg: autoDraw = True
248.0390 	EXP 	fix_text: autoDraw = False
248.2186 	EXP 	blank1_bg: autoDraw = False
248.2330 	EXP 	prime_text: autoDraw = True
248.4228 	EXP 	prime_text: autoDraw = False
248.4228 	EXP 	blank2_bg: autoDraw = True
248.5163 	EXP 	blank2_bg: autoDraw = False
248.5223 	INFO 	Keyboard events cleared
248.5221 	EXP 	target_text: autoDraw = True
249.3236 	EXP 	Device response: <KeyPress from None: t=249.3211964170041, value=left, duration=None>
249.3310 	DATA 	Keypress: left
249.3356 	EXP 	fix_text: autoDraw = False
249.3356 	EXP 	blank1_bg: autoDraw = False
249.3356 	EXP 	prime_text: autoDraw = False
249.3356 	EXP 	blank2_bg: autoDraw = False
249.3356 	EXP 	target_text: autoDraw = False
249.3356 	EXP 	greenCircle: autoDraw = True
249.3356 	EXP 	redCrosss: autoDraw = True
249.4676 	EXP 	Device response: <KeyPress from None: t=249.3211964170041, value=left, duration=0.14039229099580552>
249.5234 	EXP 	blank3_bg: autoDraw = True
249.5320 	EXP 	greenCircle: autoDraw = False
249.5320 	EXP 	redCrosss: autoDraw = False
250.3078 	EXP 	New trial (rep=4, index=14): <Trial 78 (14 in rep 4) data={'prime': 'The dog is barking loudly', 'target': 'The barking dog loudly is', 'condition': 'transposition_unrelated', 'correctAns': 'left', 'thisN': 78, 'thisTrialN': 14, 'thisRepN': 4}>
250.3186 	EXP 	blank3_bg: autoDraw = False
250.3186 	EXP 	blank3_bg: autoDraw = False
250.3186 	EXP 	greenCircle: autoDraw = False
250.3186 	EXP 	redCrosss: autoDraw = False
250.3186 	EXP 	text: text = 'Take a short break! Press any key to continue.'
250.3186 	EXP 	text: autoDraw = False
250.3186 	EXP 	prime_text: text = 'The dog is barking loudly'
250.3186 	EXP 	target_text: height = np.float64(0.05)
250.3186 	EXP 	target_text: height = np.float64(0.05)
250.3186 	EXP 	target_text: height = np.float64(0.05)
250.3186 	EXP 	target_text: text = 'The barking dog loudly is'
250.3186 	EXP 	fix_text: autoDraw = True
250.5592 	EXP 	blank1_bg: autoDraw = True
250.5654 	EXP 	fix_text: autoDraw = False
250.7560 	EXP 	blank1_bg: autoDraw = False
250.7560 	EXP 	prime_text: autoDraw = True
250.9553 	EXP 	prime_text: autoDraw = False
250.9553 	EXP 	blank2_bg: autoDraw = True
251.0497 	EXP 	blank2_bg: autoDraw = False
251.0566 	INFO 	Keyboard events cleared
251.0564 	EXP 	target_text: autoDraw = True
251.8673 	EXP 	Device response: <KeyPress from None: t=251.86317329200392, value=left, duration=None>
251.8765 	DATA 	Keypress: left
251.8807 	EXP 	fix_text: autoDraw = False
251.8807 	EXP 	blank1_bg: autoDraw = False
251.8807 	EXP 	prime_text: autoDraw = False
251.8807 	EXP 	blank2_bg: autoDraw = False
251.8807 	EXP 	target_text: autoDraw = False
251.8807 	EXP 	greenCircle: autoDraw = True
251.8807 	EXP 	redCrosss: autoDraw = True
252.0174 	EXP 	Device response: <KeyPress from None: t=251.86317329200392, value=left, duration=0.144331040995894>
252.0661 	EXP 	blank3_bg: autoDraw = True
252.0727 	EXP 	greenCircle: autoDraw = False
252.0727 	EXP 	redCrosss: autoDraw = False
252.8555 	EXP 	New trial (rep=4, index=15): <Trial 79 (15 in rep 4) data={'prime': 'They have finished the work', 'target': 'They have finished the work', 'condition': 'repetition_related', 'correctAns': 'right', 'thisN': 79, 'thisTrialN': 15, 'thisRepN': 4}>
252.8694 	EXP 	blank3_bg: autoDraw = False
252.8694 	EXP 	blank3_bg: autoDraw = False
252.8694 	EXP 	greenCircle: autoDraw = False
252.8694 	EXP 	redCrosss: autoDraw = False
252.8694 	EXP 	text: text = 'Take a short break! Press any key to continue.'
252.8694 	EXP 	text: autoDraw = False
252.8694 	EXP 	prime_text: height = np.float64(0.05)
252.8694 	EXP 	prime_text: height = np.float64(0.05)
252.8694 	EXP 	prime_text: height = np.float64(0.05)
252.8694 	EXP 	prime_text: text = 'They have finished the work'
252.8694 	EXP 	target_text: height = np.float64(0.05)
252.8694 	EXP 	target_text: height = np.float64(0.05)
252.8694 	EXP 	target_text: height = np.float64(0.05)
252.8694 	EXP 	target_text: text = 'They have finished the work'
252.8694 	EXP 	fix_text: autoDraw = True
253.0985 	EXP 	blank1_bg: autoDraw = True
253.1150 	EXP 	fix_text: autoDraw = False
253.2861 	EXP 	blank1_bg: autoDraw = False
253.3065 	EXP 	prime_text: autoDraw = True
253.4995 	EXP 	prime_text: autoDraw = False
253.4995 	EXP 	blank2_bg: autoDraw = True
253.5886 	EXP 	blank2_bg: autoDraw = False
253.6000 	INFO 	Keyboard events cleared
253.5997 	EXP 	target_text: autoDraw = True
255.0512 	EXP 	Device response: <KeyPress from None: t=255.04003229200316, value=right, duration=None>
255.0590 	DATA 	Keypress: right
255.0633 	EXP 	fix_text: autoDraw = False
255.0633 	EXP 	blank1_bg: autoDraw = False
255.0633 	EXP 	prime_text: autoDraw = False
255.0633 	EXP 	blank2_bg: autoDraw = False
255.0633 	EXP 	target_text: autoDraw = False
255.0633 	EXP 	greenCircle: autoDraw = True
255.0633 	EXP 	redCrosss: autoDraw = True
255.1902 	EXP 	Device response: <KeyPress from None: t=255.04003229200316, value=right, duration=0.14437508300761692>
255.2491 	EXP 	blank3_bg: autoDraw = True
255.2569 	EXP 	greenCircle: autoDraw = False
255.2569 	EXP 	redCrosss: autoDraw = False
256.0327 	EXP 	New trial (rep=5, index=0): <Trial 80 (0 in rep 5) data={'prime': 'They have finished the work', 'target': 'They have finished the work', 'condition': 'repetition_related', 'correctAns': 'right', 'thisN': 80, 'thisTrialN': 0, 'thisRepN': 5}>
256.0388 	EXP 	blank3_bg: autoDraw = False
256.0388 	EXP 	blank3_bg: autoDraw = False
256.0388 	EXP 	greenCircle: autoDraw = False
256.0388 	EXP 	redCrosss: autoDraw = False
256.0388 	EXP 	text: text = 'Take a short break! Press any key to continue.'
256.0388 	EXP 	text: autoDraw = False
256.0388 	EXP 	prime_text: text = 'They have finished the work'
256.0388 	EXP 	target_text: text = 'They have finished the work'
256.0388 	EXP 	fix_text: autoDraw = True
256.2751 	EXP 	blank1_bg: autoDraw = True
256.2819 	EXP 	fix_text: autoDraw = False
256.4704 	EXP 	blank1_bg: autoDraw = False
256.4704 	EXP 	prime_text: autoDraw = True
256.6662 	EXP 	prime_text: autoDraw = False
256.6710 	EXP 	blank2_bg: autoDraw = True
256.7663 	EXP 	blank2_bg: autoDraw = False
256.7728 	INFO 	Keyboard events cleared
256.7726 	EXP 	target_text: autoDraw = True
257.6902 	EXP 	Device response: <KeyPress from None: t=257.68908770800044, value=right, duration=None>
257.6977 	DATA 	Keypress: right
257.7021 	EXP 	fix_text: autoDraw = False
257.7021 	EXP 	blank1_bg: autoDraw = False
257.7021 	EXP 	prime_text: autoDraw = False
257.7021 	EXP 	blank2_bg: autoDraw = False
257.7021 	EXP 	target_text: autoDraw = False
257.7021 	EXP 	greenCircle: autoDraw = True
257.7021 	EXP 	redCrosss: autoDraw = True
257.8510 	EXP 	Device response: <KeyPress from None: t=257.68908770800044, value=right, duration=0.14828041700820904>
257.8926 	EXP 	blank3_bg: autoDraw = True
257.8993 	EXP 	greenCircle: autoDraw = False
257.8993 	EXP 	redCrosss: autoDraw = False
258.6836 	EXP 	New trial (rep=5, index=1): <Trial 81 (1 in rep 5) data={'prime': 'The dog is barking loudly', 'target': 'The barking dog loudly is', 'condition': 'transposition_unrelated', 'correctAns': 'left', 'thisN': 81, 'thisTrialN': 1, 'thisRepN': 5}>
258.6986 	EXP 	blank3_bg: autoDraw = False
258.6986 	EXP 	blank3_bg: autoDraw = False
258.6986 	EXP 	greenCircle: autoDraw = False
258.6986 	EXP 	redCrosss: autoDraw = False
258.6986 	EXP 	text: text = 'Take a short break! Press any key to continue.'
258.6986 	EXP 	text: autoDraw = False
258.6986 	EXP 	prime_text: height = np.float64(0.05)
258.6986 	EXP 	prime_text: height = np.float64(0.05)
258.6986 	EXP 	prime_text: height = np.float64(0.05)
258.6986 	EXP 	prime_text: text = 'The dog is barking loudly'
258.6986 	EXP 	target_text: height = np.float64(0.05)
258.6986 	EXP 	target_text: height = np.float64(0.05)
258.6986 	EXP 	target_text: height = np.float64(0.05)
258.6986 	EXP 	target_text: text = 'The barking dog loudly is'
258.6986 	EXP 	fix_text: autoDraw = True
258.9254 	EXP 	blank1_bg: autoDraw = True
258.9387 	EXP 	fix_text: autoDraw = False
259.1233 	EXP 	blank1_bg: autoDraw = False
259.1233 	EXP 	prime_text: autoDraw = True
259.3163 	EXP 	prime_text: autoDraw = False
259.3229 	EXP 	blank2_bg: autoDraw = True
259.4226 	INFO 	Keyboard events cleared
259.4225 	EXP 	blank2_bg: autoDraw = False
259.4225 	EXP 	target_text: autoDraw = True
260.0341 	EXP 	Device response: <KeyPress from None: t=260.02903975000663, value=left, duration=None>
260.0419 	DATA 	Keypress: left
260.0463 	EXP 	fix_text: autoDraw = False
260.0463 	EXP 	blank1_bg: autoDraw = False
260.0463 	EXP 	prime_text: autoDraw = False
260.0463 	EXP 	blank2_bg: autoDraw = False
260.0463 	EXP 	target_text: autoDraw = False
260.0463 	EXP 	greenCircle: autoDraw = True
260.0463 	EXP 	redCrosss: autoDraw = True
260.1071 	EXP 	Device response: <KeyPress from None: t=260.02903975000663, value=left, duration=0.07213445799425244>
260.2330 	EXP 	blank3_bg: autoDraw = True
260.2414 	EXP 	greenCircle: autoDraw = False
260.2414 	EXP 	redCrosss: autoDraw = False
261.0174 	EXP 	New trial (rep=5, index=2): <Trial 82 (2 in rep 5) data={'prime': 'The dog is barking loudly', 'target': 'The dog barking is loudly', 'condition': 'transposition_related', 'correctAns': 'right', 'thisN': 82, 'thisTrialN': 2, 'thisRepN': 5}>
261.0302 	EXP 	blank3_bg: autoDraw = False
261.0302 	EXP 	blank3_bg: autoDraw = False
261.0302 	EXP 	greenCircle: autoDraw = False
261.0302 	EXP 	redCrosss: autoDraw = False
261.0302 	EXP 	text: text = 'Take a short break! Press any key to continue.'
261.0302 	EXP 	text: autoDraw = False
261.0302 	EXP 	prime_text: text = 'The dog is barking loudly'
261.0302 	EXP 	target_text: height = np.float64(0.05)
261.0302 	EXP 	target_text: height = np.float64(0.05)
261.0302 	EXP 	target_text: height = np.float64(0.05)
261.0302 	EXP 	target_text: text = 'The dog barking is loudly'
261.0302 	EXP 	fix_text: autoDraw = True
261.2585 	EXP 	blank1_bg: autoDraw = True
261.2718 	EXP 	fix_text: autoDraw = False
261.4557 	EXP 	blank1_bg: autoDraw = False
261.4557 	EXP 	prime_text: autoDraw = True
261.6561 	EXP 	prime_text: autoDraw = False
261.6561 	EXP 	blank2_bg: autoDraw = True
261.7557 	INFO 	Keyboard events cleared
261.7555 	EXP 	blank2_bg: autoDraw = False
261.7555 	EXP 	target_text: autoDraw = True
263.4015 	EXP 	Device response: <KeyPress from None: t=263.393968208009, value=left, duration=None>
263.4100 	DATA 	Keypress: left
263.4145 	EXP 	fix_text: autoDraw = False
263.4145 	EXP 	blank1_bg: autoDraw = False
263.4145 	EXP 	prime_text: autoDraw = False
263.4145 	EXP 	blank2_bg: autoDraw = False
263.4145 	EXP 	target_text: autoDraw = False
263.4145 	EXP 	greenCircle: autoDraw = True
263.4145 	EXP 	redCrosss: autoDraw = True
263.5068 	EXP 	Device response: <KeyPress from None: t=263.393968208009, value=left, duration=0.10829691699473187>
263.5980 	EXP 	blank3_bg: autoDraw = True
263.6049 	EXP 	greenCircle: autoDraw = False
263.6049 	EXP 	redCrosss: autoDraw = False
264.3827 	EXP 	New trial (rep=5, index=3): <Trial 83 (3 in rep 5) data={'prime': 'The boy can read fast', 'target': 'The boy can read fast', 'condition': 'transposition_related', 'correctAns': 'right', 'thisN': 83, 'thisTrialN': 3, 'thisRepN': 5}>
264.3971 	EXP 	blank3_bg: autoDraw = False
264.3971 	EXP 	blank3_bg: autoDraw = False
264.3971 	EXP 	greenCircle: autoDraw = False
264.3971 	EXP 	redCrosss: autoDraw = False
264.3971 	EXP 	text: text = 'Take a short break! Press any key to continue.'
264.3971 	EXP 	text: autoDraw = False
264.3971 	EXP 	prime_text: height = np.float64(0.05)
264.3971 	EXP 	prime_text: height = np.float64(0.05)
264.3971 	EXP 	prime_text: height = np.float64(0.05)
264.3971 	EXP 	prime_text: text = 'The boy can read fast'
264.3971 	EXP 	target_text: height = np.float64(0.05)
264.3971 	EXP 	target_text: height = np.float64(0.05)
264.3971 	EXP 	target_text: height = np.float64(0.05)
264.3971 	EXP 	target_text: text = 'The boy can read fast'
264.3971 	EXP 	fix_text: autoDraw = True
264.6245 	EXP 	blank1_bg: autoDraw = True
264.6381 	EXP 	fix_text: autoDraw = False
264.8232 	EXP 	blank1_bg: autoDraw = False
264.8232 	EXP 	prime_text: autoDraw = True
265.0228 	EXP 	prime_text: autoDraw = False
265.0228 	EXP 	blank2_bg: autoDraw = True
265.1163 	EXP 	blank2_bg: autoDraw = False
265.1231 	INFO 	Keyboard events cleared
265.1230 	EXP 	target_text: autoDraw = True
267.0681 	EXP 	Device response: <KeyPress from None: t=267.0588275420014, value=right, duration=None>
267.0766 	DATA 	Keypress: right
267.0810 	EXP 	fix_text: autoDraw = False
267.0810 	EXP 	blank1_bg: autoDraw = False
267.0810 	EXP 	prime_text: autoDraw = False
267.0810 	EXP 	blank2_bg: autoDraw = False
267.0810 	EXP 	target_text: autoDraw = False
267.0810 	EXP 	greenCircle: autoDraw = True
267.0810 	EXP 	redCrosss: autoDraw = True
267.2014 	EXP 	Device response: <KeyPress from None: t=267.0588275420014, value=right, duration=0.14022370800375938>
267.2661 	EXP 	blank3_bg: autoDraw = True
267.2739 	EXP 	greenCircle: autoDraw = False
267.2739 	EXP 	redCrosss: autoDraw = False
268.0502 	EXP 	New trial (rep=5, index=4): <Trial 84 (4 in rep 5) data={'prime': 'The boy can read fast', 'target': 'The read can boy fast', 'condition': 'transposition_unrelated', 'correctAns': 'left', 'thisN': 84, 'thisTrialN': 4, 'thisRepN': 5}>
268.0614 	EXP 	blank3_bg: autoDraw = False
268.0614 	EXP 	blank3_bg: autoDraw = False
268.0614 	EXP 	greenCircle: autoDraw = False
268.0614 	EXP 	redCrosss: autoDraw = False
268.0614 	EXP 	text: text = 'Take a short break! Press any key to continue.'
268.0614 	EXP 	text: autoDraw = False
268.0614 	EXP 	prime_text: text = 'The boy can read fast'
268.0614 	EXP 	target_text: height = np.float64(0.05)
268.0614 	EXP 	target_text: height = np.float64(0.05)
268.0614 	EXP 	target_text: height = np.float64(0.05)
268.0614 	EXP 	target_text: text = 'The read can boy fast'
268.0614 	EXP 	fix_text: autoDraw = True
268.2914 	EXP 	blank1_bg: autoDraw = True
268.3049 	EXP 	fix_text: autoDraw = False
268.4867 	EXP 	blank1_bg: autoDraw = False
268.4998 	EXP 	prime_text: autoDraw = True
268.6877 	EXP 	prime_text: autoDraw = False
268.6877 	EXP 	blank2_bg: autoDraw = True
268.7828 	EXP 	blank2_bg: autoDraw = False
268.7886 	INFO 	Keyboard events cleared
268.7884 	EXP 	target_text: autoDraw = True
269.4405 	EXP 	Device response: <KeyPress from None: t=269.43366141700244, value=left, duration=None>
269.4476 	DATA 	Keypress: left
269.4522 	EXP 	fix_text: autoDraw = False
269.4522 	EXP 	blank1_bg: autoDraw = False
269.4522 	EXP 	prime_text: autoDraw = False
269.4522 	EXP 	blank2_bg: autoDraw = False
269.4522 	EXP 	target_text: autoDraw = False
269.4522 	EXP 	greenCircle: autoDraw = True
269.4522 	EXP 	redCrosss: autoDraw = True
269.5569 	EXP 	Device response: <KeyPress from None: t=269.43366141700244, value=left, duration=0.12033016599889379>
269.6410 	EXP 	blank3_bg: autoDraw = True
269.6481 	EXP 	greenCircle: autoDraw = False
269.6481 	EXP 	redCrosss: autoDraw = False
270.4249 	EXP 	New trial (rep=5, index=5): <Trial 85 (5 in rep 5) data={'prime': 'The boy can read fast', 'target': 'The read can boy fast', 'condition': 'repetition_unrelated', 'correctAns': 'left', 'thisN': 85, 'thisTrialN': 5, 'thisRepN': 5}>
270.4313 	EXP 	blank3_bg: autoDraw = False
270.4313 	EXP 	blank3_bg: autoDraw = False
270.4313 	EXP 	greenCircle: autoDraw = False
270.4313 	EXP 	redCrosss: autoDraw = False
270.4313 	EXP 	text: text = 'Take a short break! Press any key to continue.'
270.4313 	EXP 	text: autoDraw = False
270.4313 	EXP 	prime_text: text = 'The boy can read fast'
270.4313 	EXP 	target_text: text = 'The read can boy fast'
270.4313 	EXP 	fix_text: autoDraw = True
270.6735 	EXP 	fix_text: autoDraw = False
270.6735 	EXP 	blank1_bg: autoDraw = True
270.8662 	EXP 	blank1_bg: autoDraw = False
270.8724 	EXP 	prime_text: autoDraw = True
271.0661 	EXP 	prime_text: autoDraw = False
271.0709 	EXP 	blank2_bg: autoDraw = True
271.1662 	EXP 	blank2_bg: autoDraw = False
271.1721 	INFO 	Keyboard events cleared
271.1719 	EXP 	target_text: autoDraw = True
272.0842 	EXP 	Device response: <KeyPress from None: t=272.0796717500052, value=left, duration=None>
272.0922 	DATA 	Keypress: left
272.0965 	EXP 	fix_text: autoDraw = False
272.0965 	EXP 	blank1_bg: autoDraw = False
272.0965 	EXP 	prime_text: autoDraw = False
272.0965 	EXP 	blank2_bg: autoDraw = False
272.0965 	EXP 	target_text: autoDraw = False
272.0965 	EXP 	greenCircle: autoDraw = True
272.0965 	EXP 	redCrosss: autoDraw = True
272.2068 	EXP 	Device response: <KeyPress from None: t=272.0796717500052, value=left, duration=0.12024445799761452>
272.2829 	EXP 	blank3_bg: autoDraw = True
272.2912 	EXP 	greenCircle: autoDraw = False
272.2912 	EXP 	redCrosss: autoDraw = False
273.0673 	EXP 	New trial (rep=5, index=6): <Trial 86 (6 in rep 5) data={'prime': 'They have finished the work', 'target': 'They work the have finished', 'condition': 'transposition_unrelated', 'correctAns': 'left', 'thisN': 86, 'thisTrialN': 6, 'thisRepN': 5}>
273.0835 	EXP 	blank3_bg: autoDraw = False
273.0835 	EXP 	blank3_bg: autoDraw = False
273.0835 	EXP 	greenCircle: autoDraw = False
273.0835 	EXP 	redCrosss: autoDraw = False
273.0835 	EXP 	text: text = 'Take a short break! Press any key to continue.'
273.0835 	EXP 	text: autoDraw = False
273.0835 	EXP 	prime_text: height = np.float64(0.05)
273.0835 	EXP 	prime_text: height = np.float64(0.05)
273.0835 	EXP 	prime_text: height = np.float64(0.05)
273.0835 	EXP 	prime_text: text = 'They have finished the work'
273.0835 	EXP 	target_text: height = np.float64(0.05)
273.0835 	EXP 	target_text: height = np.float64(0.05)
273.0835 	EXP 	target_text: height = np.float64(0.05)
273.0835 	EXP 	target_text: text = 'They work the have finished'
273.0835 	EXP 	fix_text: autoDraw = True
273.3088 	EXP 	blank1_bg: autoDraw = True
273.3226 	EXP 	fix_text: autoDraw = False
273.5026 	EXP 	blank1_bg: autoDraw = False
273.5162 	EXP 	prime_text: autoDraw = True
273.7054 	EXP 	prime_text: autoDraw = False
273.7054 	EXP 	blank2_bg: autoDraw = True
273.7996 	EXP 	blank2_bg: autoDraw = False
273.8064 	INFO 	Keyboard events cleared
273.8062 	EXP 	target_text: autoDraw = True
274.7179 	EXP 	Device response: <KeyPress from None: t=274.7137076250074, value=left, duration=None>
274.7258 	DATA 	Keypress: left
274.7300 	EXP 	fix_text: autoDraw = False
274.7300 	EXP 	blank1_bg: autoDraw = False
274.7300 	EXP 	prime_text: autoDraw = False
274.7300 	EXP 	blank2_bg: autoDraw = False
274.7300 	EXP 	target_text: autoDraw = False
274.7300 	EXP 	greenCircle: autoDraw = True
274.7300 	EXP 	redCrosss: autoDraw = True
274.8681 	EXP 	Device response: <KeyPress from None: t=274.7137076250074, value=left, duration=0.14424395799869671>
274.9160 	EXP 	blank3_bg: autoDraw = True
274.9240 	EXP 	greenCircle: autoDraw = False
274.9240 	EXP 	redCrosss: autoDraw = False
275.7053 	EXP 	New trial (rep=5, index=7): <Trial 87 (7 in rep 5) data={'prime': 'The dog is barking loudly', 'target': 'The loudly is barking dog', 'condition': 'repetition_unrelated', 'correctAns': 'left', 'thisN': 87, 'thisTrialN': 7, 'thisRepN': 5}>
275.7195 	EXP 	blank3_bg: autoDraw = False
275.7195 	EXP 	blank3_bg: autoDraw = False
275.7195 	EXP 	greenCircle: autoDraw = False
275.7195 	EXP 	redCrosss: autoDraw = False
275.7195 	EXP 	text: text = 'Take a short break! Press any key to continue.'
275.7195 	EXP 	text: autoDraw = False
275.7195 	EXP 	prime_text: height = np.float64(0.05)
275.7195 	EXP 	prime_text: height = np.float64(0.05)
275.7195 	EXP 	prime_text: height = np.float64(0.05)
275.7195 	EXP 	prime_text: text = 'The dog is barking loudly'
275.7195 	EXP 	target_text: height = np.float64(0.05)
275.7195 	EXP 	target_text: height = np.float64(0.05)
275.7195 	EXP 	target_text: height = np.float64(0.05)
275.7195 	EXP 	target_text: text = 'The loudly is barking dog'
275.7195 	EXP 	fix_text: autoDraw = True
275.9496 	EXP 	blank1_bg: autoDraw = True
275.9646 	EXP 	fix_text: autoDraw = False
276.1498 	EXP 	blank1_bg: autoDraw = False
276.1498 	EXP 	prime_text: autoDraw = True
276.3377 	EXP 	prime_text: autoDraw = False
276.3498 	EXP 	blank2_bg: autoDraw = True
276.4386 	EXP 	blank2_bg: autoDraw = False
276.4499 	INFO 	Keyboard events cleared
276.4497 	EXP 	target_text: autoDraw = True
277.9508 	EXP 	Device response: <KeyPress from None: t=277.9446522920043, value=left, duration=None>
277.9585 	DATA 	Keypress: left
277.9627 	EXP 	fix_text: autoDraw = False
277.9627 	EXP 	blank1_bg: autoDraw = False
277.9627 	EXP 	prime_text: autoDraw = False
277.9627 	EXP 	blank2_bg: autoDraw = False
277.9627 	EXP 	target_text: autoDraw = False
277.9627 	EXP 	greenCircle: autoDraw = True
277.9627 	EXP 	redCrosss: autoDraw = True
278.0513 	EXP 	Device response: <KeyPress from None: t=277.9446522920043, value=left, duration=0.10028654099733103>
278.1495 	EXP 	blank3_bg: autoDraw = True
278.1576 	EXP 	greenCircle: autoDraw = False
278.1576 	EXP 	redCrosss: autoDraw = False
278.9335 	EXP 	New trial (rep=5, index=8): <Trial 88 (8 in rep 5) data={'prime': 'She does not like apples', 'target': 'She not does like apples', 'condition': 'repetition_unrelated', 'correctAns': 'left', 'thisN': 88, 'thisTrialN': 8, 'thisRepN': 5}>
278.9492 	EXP 	blank3_bg: autoDraw = False
278.9492 	EXP 	blank3_bg: autoDraw = False
278.9492 	EXP 	greenCircle: autoDraw = False
278.9492 	EXP 	redCrosss: autoDraw = False
278.9492 	EXP 	text: text = 'Take a short break! Press any key to continue.'
278.9492 	EXP 	text: autoDraw = False
278.9492 	EXP 	prime_text: height = np.float64(0.05)
278.9492 	EXP 	prime_text: height = np.float64(0.05)
278.9492 	EXP 	prime_text: height = np.float64(0.05)
278.9492 	EXP 	prime_text: text = 'She does not like apples'
278.9492 	EXP 	target_text: height = np.float64(0.05)
278.9492 	EXP 	target_text: height = np.float64(0.05)
278.9492 	EXP 	target_text: height = np.float64(0.05)
278.9492 	EXP 	target_text: text = 'She not does like apples'
278.9492 	EXP 	fix_text: autoDraw = True
279.1741 	EXP 	blank1_bg: autoDraw = True
279.1997 	EXP 	fix_text: autoDraw = False
279.3723 	EXP 	blank1_bg: autoDraw = False
279.3723 	EXP 	prime_text: autoDraw = True
279.5662 	EXP 	prime_text: autoDraw = False
279.5727 	EXP 	blank2_bg: autoDraw = True
279.6733 	INFO 	Keyboard events cleared
279.6731 	EXP 	blank2_bg: autoDraw = False
279.6731 	EXP 	target_text: autoDraw = True
282.7847 	EXP 	Device response: <KeyPress from None: t=282.7802993330115, value=left, duration=None>
282.7933 	DATA 	Keypress: left
282.7976 	EXP 	fix_text: autoDraw = False
282.7976 	EXP 	blank1_bg: autoDraw = False
282.7976 	EXP 	prime_text: autoDraw = False
282.7976 	EXP 	blank2_bg: autoDraw = False
282.7976 	EXP 	target_text: autoDraw = False
282.7976 	EXP 	greenCircle: autoDraw = True
282.7976 	EXP 	redCrosss: autoDraw = True
282.9402 	EXP 	Device response: <KeyPress from None: t=282.7802993330115, value=left, duration=0.15789616698748432>
282.9823 	EXP 	blank3_bg: autoDraw = True
282.9899 	EXP 	greenCircle: autoDraw = False
282.9899 	EXP 	redCrosss: autoDraw = False
283.7672 	EXP 	New trial (rep=5, index=9): <Trial 89 (9 in rep 5) data={'prime': 'They have finished the work', 'target': 'They finished have the work', 'condition': 'repetition_unrelated', 'correctAns': 'left', 'thisN': 89, 'thisTrialN': 9, 'thisRepN': 5}>
283.7841 	EXP 	blank3_bg: autoDraw = False
283.7841 	EXP 	blank3_bg: autoDraw = False
283.7841 	EXP 	greenCircle: autoDraw = False
283.7841 	EXP 	redCrosss: autoDraw = False
283.7841 	EXP 	text: text = 'Take a short break! Press any key to continue.'
283.7841 	EXP 	text: autoDraw = False
283.7841 	EXP 	prime_text: height = np.float64(0.05)
283.7841 	EXP 	prime_text: height = np.float64(0.05)
283.7841 	EXP 	prime_text: height = np.float64(0.05)
283.7841 	EXP 	prime_text: text = 'They have finished the work'
283.7841 	EXP 	target_text: height = np.float64(0.05)
283.7841 	EXP 	target_text: height = np.float64(0.05)
283.7841 	EXP 	target_text: height = np.float64(0.05)
283.7841 	EXP 	target_text: text = 'They finished have the work'
283.7841 	EXP 	fix_text: autoDraw = True
284.0078 	EXP 	blank1_bg: autoDraw = True
284.0315 	EXP 	fix_text: autoDraw = False
284.2044 	EXP 	blank1_bg: autoDraw = False
284.2164 	EXP 	prime_text: autoDraw = True
284.4063 	EXP 	prime_text: autoDraw = False
284.4063 	EXP 	blank2_bg: autoDraw = True
284.4996 	EXP 	blank2_bg: autoDraw = False
284.5063 	INFO 	Keyboard events cleared
284.5062 	EXP 	target_text: autoDraw = True
288.8734 	EXP 	Device response: <KeyPress from None: t=288.8722162920021, value=left, duration=None>
288.8809 	DATA 	Keypress: left
288.8855 	EXP 	fix_text: autoDraw = False
288.8855 	EXP 	blank1_bg: autoDraw = False
288.8855 	EXP 	prime_text: autoDraw = False
288.8855 	EXP 	blank2_bg: autoDraw = False
288.8855 	EXP 	target_text: autoDraw = False
288.8855 	EXP 	greenCircle: autoDraw = True
288.8855 	EXP 	redCrosss: autoDraw = True
289.0008 	EXP 	Device response: <KeyPress from None: t=288.8722162920021, value=left, duration=0.12197837499843445>
289.0739 	EXP 	blank3_bg: autoDraw = True
289.0813 	EXP 	greenCircle: autoDraw = False
289.0813 	EXP 	redCrosss: autoDraw = False
289.8584 	EXP 	New trial (rep=5, index=10): <Trial 90 (10 in rep 5) data={'prime': 'The dog is barking loudly', 'target': 'The dog is barking loudly', 'condition': 'repetition_related', 'correctAns': 'right', 'thisN': 90, 'thisTrialN': 10, 'thisRepN': 5}>
289.8743 	EXP 	blank3_bg: autoDraw = False
289.8743 	EXP 	blank3_bg: autoDraw = False
289.8743 	EXP 	greenCircle: autoDraw = False
289.8743 	EXP 	redCrosss: autoDraw = False
289.8743 	EXP 	text: text = 'Take a short break! Press any key to continue.'
289.8743 	EXP 	text: autoDraw = False
289.8743 	EXP 	prime_text: height = np.float64(0.05)
289.8743 	EXP 	prime_text: height = np.float64(0.05)
289.8743 	EXP 	prime_text: height = np.float64(0.05)
289.8743 	EXP 	prime_text: text = 'The dog is barking loudly'
289.8743 	EXP 	target_text: height = np.float64(0.05)
289.8743 	EXP 	target_text: height = np.float64(0.05)
289.8743 	EXP 	target_text: height = np.float64(0.05)
289.8743 	EXP 	target_text: text = 'The dog is barking loudly'
289.8743 	EXP 	fix_text: autoDraw = True
290.1081 	EXP 	blank1_bg: autoDraw = True
290.1147 	EXP 	fix_text: autoDraw = False
290.2979 	EXP 	blank1_bg: autoDraw = False
290.2979 	EXP 	prime_text: autoDraw = True
290.4879 	EXP 	prime_text: autoDraw = False
290.5060 	EXP 	blank2_bg: autoDraw = True
290.5996 	EXP 	blank2_bg: autoDraw = False
290.6065 	INFO 	Keyboard events cleared
290.6063 	EXP 	target_text: autoDraw = True
292.0071 	EXP 	Device response: <KeyPress from None: t=292.004771042004, value=right, duration=None>
292.0144 	DATA 	Keypress: right
292.0188 	EXP 	fix_text: autoDraw = False
292.0188 	EXP 	blank1_bg: autoDraw = False
292.0188 	EXP 	prime_text: autoDraw = False
292.0188 	EXP 	blank2_bg: autoDraw = False
292.0188 	EXP 	target_text: autoDraw = False
292.0188 	EXP 	greenCircle: autoDraw = True
292.0188 	EXP 	redCrosss: autoDraw = True
292.1677 	EXP 	Device response: <KeyPress from None: t=292.004771042004, value=right, duration=0.15631074999691918>
292.2075 	EXP 	blank3_bg: autoDraw = True
292.2147 	EXP 	greenCircle: autoDraw = False
292.2147 	EXP 	redCrosss: autoDraw = False
293.0003 	EXP 	New trial (rep=5, index=11): <Trial 91 (11 in rep 5) data={'prime': 'She does not like apples', 'target': 'She does not like apples', 'condition': 'repetition_related', 'correctAns': 'right', 'thisN': 91, 'thisTrialN': 11, 'thisRepN': 5}>
293.0163 	EXP 	blank3_bg: autoDraw = False
293.0163 	EXP 	blank3_bg: autoDraw = False
293.0163 	EXP 	greenCircle: autoDraw = False
293.0163 	EXP 	redCrosss: autoDraw = False
293.0163 	EXP 	text: text = 'Take a short break! Press any key to continue.'
293.0163 	EXP 	text: autoDraw = False
293.0163 	EXP 	prime_text: height = np.float64(0.05)
293.0163 	EXP 	prime_text: height = np.float64(0.05)
293.0163 	EXP 	prime_text: height = np.float64(0.05)
293.0163 	EXP 	prime_text: text = 'She does not like apples'
293.0163 	EXP 	target_text: height = np.float64(0.05)
293.0163 	EXP 	target_text: height = np.float64(0.05)
293.0163 	EXP 	target_text: height = np.float64(0.05)
293.0163 	EXP 	target_text: text = 'She does not like apples'
293.0163 	EXP 	fix_text: autoDraw = True
293.2411 	EXP 	blank1_bg: autoDraw = True
293.2648 	EXP 	fix_text: autoDraw = False
293.4329 	EXP 	blank1_bg: autoDraw = False
293.4395 	EXP 	prime_text: autoDraw = True
293.6329 	EXP 	prime_text: autoDraw = False
293.6394 	EXP 	blank2_bg: autoDraw = True
293.7398 	INFO 	Keyboard events cleared
293.7397 	EXP 	blank2_bg: autoDraw = False
293.7397 	EXP 	target_text: autoDraw = True
295.7401 	EXP 	Device response: <KeyPress from None: t=295.73662333301036, value=right, duration=None>
295.7478 	DATA 	Keypress: right
295.7519 	EXP 	fix_text: autoDraw = False
295.7519 	EXP 	blank1_bg: autoDraw = False
295.7519 	EXP 	prime_text: autoDraw = False
295.7519 	EXP 	blank2_bg: autoDraw = False
295.7519 	EXP 	target_text: autoDraw = False
295.7519 	EXP 	greenCircle: autoDraw = True
295.7519 	EXP 	redCrosss: autoDraw = True
295.9014 	EXP 	Device response: <KeyPress from None: t=295.73662333301036, value=right, duration=0.16042887499497738>
295.9410 	EXP 	blank3_bg: autoDraw = True
295.9479 	EXP 	greenCircle: autoDraw = False
295.9479 	EXP 	redCrosss: autoDraw = False
296.7327 	EXP 	New trial (rep=5, index=12): <Trial 92 (12 in rep 5) data={'prime': 'She does not like apples', 'target': 'She not does like apples', 'condition': 'transposition_related', 'correctAns': 'right', 'thisN': 92, 'thisTrialN': 12, 'thisRepN': 5}>
296.7443 	EXP 	blank3_bg: autoDraw = False
296.7443 	EXP 	blank3_bg: autoDraw = False
296.7443 	EXP 	greenCircle: autoDraw = False
296.7443 	EXP 	redCrosss: autoDraw = False
296.7443 	EXP 	text: text = 'Take a short break! Press any key to continue.'
296.7443 	EXP 	text: autoDraw = False
296.7443 	EXP 	prime_text: text = 'She does not like apples'
296.7443 	EXP 	target_text: height = np.float64(0.05)
296.7443 	EXP 	target_text: height = np.float64(0.05)
296.7443 	EXP 	target_text: height = np.float64(0.05)
296.7443 	EXP 	target_text: text = 'She not does like apples'
296.7443 	EXP 	fix_text: autoDraw = True
296.9752 	EXP 	blank1_bg: autoDraw = True
296.9888 	EXP 	fix_text: autoDraw = False
297.1717 	EXP 	blank1_bg: autoDraw = False
297.1717 	EXP 	prime_text: autoDraw = True
297.3661 	EXP 	prime_text: autoDraw = False
297.3714 	EXP 	blank2_bg: autoDraw = True
297.4659 	EXP 	blank2_bg: autoDraw = False
297.4721 	INFO 	Keyboard events cleared
297.4719 	EXP 	target_text: autoDraw = True
298.1014 	EXP 	Device response: <KeyPress from None: t=298.089546083007, value=left, duration=None>
298.1105 	DATA 	Keypress: left
298.1150 	EXP 	fix_text: autoDraw = False
298.1150 	EXP 	blank1_bg: autoDraw = False
298.1150 	EXP 	prime_text: autoDraw = False
298.1150 	EXP 	blank2_bg: autoDraw = False
298.1150 	EXP 	target_text: autoDraw = False
298.1150 	EXP 	greenCircle: autoDraw = True
298.1150 	EXP 	redCrosss: autoDraw = True
298.2343 	EXP 	Device response: <KeyPress from None: t=298.089546083007, value=left, duration=0.13636654199217446>
298.2997 	EXP 	blank3_bg: autoDraw = True
298.3072 	EXP 	greenCircle: autoDraw = False
298.3072 	EXP 	redCrosss: autoDraw = False
299.0839 	EXP 	New trial (rep=5, index=13): <Trial 93 (13 in rep 5) data={'prime': 'They have finished the work', 'target': 'They finished have the work', 'condition': 'transposition_related', 'correctAns': 'right', 'thisN': 93, 'thisTrialN': 13, 'thisRepN': 5}>
299.0998 	EXP 	blank3_bg: autoDraw = False
299.0998 	EXP 	blank3_bg: autoDraw = False
299.0998 	EXP 	greenCircle: autoDraw = False
299.0998 	EXP 	redCrosss: autoDraw = False
299.0998 	EXP 	text: text = 'Take a short break! Press any key to continue.'
299.0998 	EXP 	text: autoDraw = False
299.0998 	EXP 	prime_text: height = np.float64(0.05)
299.0998 	EXP 	prime_text: height = np.float64(0.05)
299.0998 	EXP 	prime_text: height = np.float64(0.05)
299.0998 	EXP 	prime_text: text = 'They have finished the work'
299.0998 	EXP 	target_text: height = np.float64(0.05)
299.0998 	EXP 	target_text: height = np.float64(0.05)
299.0998 	EXP 	target_text: height = np.float64(0.05)
299.0998 	EXP 	target_text: text = 'They finished have the work'
299.0998 	EXP 	fix_text: autoDraw = True
299.3322 	EXP 	blank1_bg: autoDraw = True
299.3479 	EXP 	fix_text: autoDraw = False
299.5232 	EXP 	blank1_bg: autoDraw = False
299.5232 	EXP 	prime_text: autoDraw = True
299.7163 	EXP 	prime_text: autoDraw = False
299.7228 	EXP 	blank2_bg: autoDraw = True
299.8233 	INFO 	Keyboard events cleared
299.8231 	EXP 	blank2_bg: autoDraw = False
299.8231 	EXP 	target_text: autoDraw = True
300.8567 	EXP 	Device response: <KeyPress from None: t=300.8515518750064, value=left, duration=None>
300.8642 	DATA 	Keypress: left
300.8688 	EXP 	fix_text: autoDraw = False
300.8688 	EXP 	blank1_bg: autoDraw = False
300.8688 	EXP 	prime_text: autoDraw = False
300.8688 	EXP 	blank2_bg: autoDraw = False
300.8688 	EXP 	target_text: autoDraw = False
300.8688 	EXP 	greenCircle: autoDraw = True
300.8688 	EXP 	redCrosss: autoDraw = True
300.9901 	EXP 	Device response: <KeyPress from None: t=300.8515518750064, value=left, duration=0.136319375000312>
301.0583 	EXP 	blank3_bg: autoDraw = True
301.0650 	EXP 	greenCircle: autoDraw = False
301.0650 	EXP 	redCrosss: autoDraw = False
301.8506 	EXP 	New trial (rep=5, index=14): <Trial 94 (14 in rep 5) data={'prime': 'The boy can read fast', 'target': 'The boy can read fast', 'condition': 'repetition_related', 'correctAns': 'right', 'thisN': 94, 'thisTrialN': 14, 'thisRepN': 5}>
301.8653 	EXP 	blank3_bg: autoDraw = False
301.8653 	EXP 	blank3_bg: autoDraw = False
301.8653 	EXP 	greenCircle: autoDraw = False
301.8653 	EXP 	redCrosss: autoDraw = False
301.8653 	EXP 	text: text = 'Take a short break! Press any key to continue.'
301.8653 	EXP 	text: autoDraw = False
301.8653 	EXP 	prime_text: height = np.float64(0.05)
301.8653 	EXP 	prime_text: height = np.float64(0.05)
301.8653 	EXP 	prime_text: height = np.float64(0.05)
301.8653 	EXP 	prime_text: text = 'The boy can read fast'
301.8653 	EXP 	target_text: height = np.float64(0.05)
301.8653 	EXP 	target_text: height = np.float64(0.05)
301.8653 	EXP 	target_text: height = np.float64(0.05)
301.8653 	EXP 	target_text: text = 'The boy can read fast'
301.8653 	EXP 	fix_text: autoDraw = True
302.0921 	EXP 	blank1_bg: autoDraw = True
302.1056 	EXP 	fix_text: autoDraw = False
302.2862 	EXP 	blank1_bg: autoDraw = False
302.2998 	EXP 	prime_text: autoDraw = True
302.4893 	EXP 	prime_text: autoDraw = False
302.4893 	EXP 	blank2_bg: autoDraw = True
302.5828 	EXP 	blank2_bg: autoDraw = False
302.5890 	INFO 	Keyboard events cleared
302.5889 	EXP 	target_text: autoDraw = True
303.3180 	EXP 	Device response: <KeyPress from None: t=303.31550912500825, value=right, duration=None>
303.3265 	DATA 	Keypress: right
303.3308 	EXP 	fix_text: autoDraw = False
303.3308 	EXP 	blank1_bg: autoDraw = False
303.3308 	EXP 	prime_text: autoDraw = False
303.3308 	EXP 	blank2_bg: autoDraw = False
303.3308 	EXP 	target_text: autoDraw = False
303.3308 	EXP 	greenCircle: autoDraw = True
303.3308 	EXP 	redCrosss: autoDraw = True
303.4680 	EXP 	Device response: <KeyPress from None: t=303.31550912500825, value=right, duration=0.14418341699638404>
303.5161 	EXP 	blank3_bg: autoDraw = True
303.5241 	EXP 	greenCircle: autoDraw = False
303.5241 	EXP 	redCrosss: autoDraw = False
304.2994 	EXP 	New trial (rep=5, index=15): <Trial 95 (15 in rep 5) data={'prime': 'She does not like apples', 'target': 'She like does apples not', 'condition': 'transposition_unrelated', 'correctAns': 'left', 'thisN': 95, 'thisTrialN': 15, 'thisRepN': 5}>
304.3144 	EXP 	blank3_bg: autoDraw = False
304.3144 	EXP 	blank3_bg: autoDraw = False
304.3144 	EXP 	greenCircle: autoDraw = False
304.3144 	EXP 	redCrosss: autoDraw = False
304.3144 	EXP 	text: text = 'Take a short break! Press any key to continue.'
304.3144 	EXP 	text: autoDraw = False
304.3144 	EXP 	prime_text: height = np.float64(0.05)
304.3144 	EXP 	prime_text: height = np.float64(0.05)
304.3144 	EXP 	prime_text: height = np.float64(0.05)
304.3144 	EXP 	prime_text: text = 'She does not like apples'
304.3144 	EXP 	target_text: height = np.float64(0.05)
304.3144 	EXP 	target_text: height = np.float64(0.05)
304.3144 	EXP 	target_text: height = np.float64(0.05)
304.3144 	EXP 	target_text: text = 'She like does apples not'
304.3144 	EXP 	fix_text: autoDraw = True
304.5419 	EXP 	blank1_bg: autoDraw = True
304.5551 	EXP 	fix_text: autoDraw = False
304.7365 	EXP 	blank1_bg: autoDraw = False
304.7495 	EXP 	prime_text: autoDraw = True
304.9392 	EXP 	prime_text: autoDraw = False
304.9392 	EXP 	blank2_bg: autoDraw = True
305.0391 	INFO 	Keyboard events cleared
305.0390 	EXP 	blank2_bg: autoDraw = False
305.0390 	EXP 	target_text: autoDraw = True
305.7058 	EXP 	Device response: <KeyPress from None: t=305.7034784580028, value=left, duration=None>
305.7133 	DATA 	Keypress: left
305.7183 	EXP 	fix_text: autoDraw = False
305.7183 	EXP 	blank1_bg: autoDraw = False
305.7183 	EXP 	prime_text: autoDraw = False
305.7183 	EXP 	blank2_bg: autoDraw = False
305.7183 	EXP 	target_text: autoDraw = False
305.7183 	EXP 	greenCircle: autoDraw = True
305.7183 	EXP 	redCrosss: autoDraw = True
305.8395 	EXP 	Device response: <KeyPress from None: t=305.7034784580028, value=left, duration=0.1322903340042103>
305.9074 	EXP 	blank3_bg: autoDraw = True
305.9147 	EXP 	greenCircle: autoDraw = False
305.9147 	EXP 	redCrosss: autoDraw = False
306.7005 	EXP 	New trial (rep=6, index=0): <Trial 96 (0 in rep 6) data={'prime': 'The boy can read fast', 'target': 'The boy can read fast', 'condition': 'repetition_related', 'correctAns': 'right', 'thisN': 96, 'thisTrialN': 0, 'thisRepN': 6}>
306.7161 	EXP 	blank3_bg: autoDraw = False
306.7161 	EXP 	blank3_bg: autoDraw = False
306.7161 	EXP 	greenCircle: autoDraw = False
306.7161 	EXP 	redCrosss: autoDraw = False
306.7161 	EXP 	text: text = 'Take a short break! Press any key to continue.'
306.7161 	EXP 	text: autoDraw = False
306.7161 	EXP 	prime_text: height = np.float64(0.05)
306.7161 	EXP 	prime_text: height = np.float64(0.05)
306.7161 	EXP 	prime_text: height = np.float64(0.05)
306.7161 	EXP 	prime_text: text = 'The boy can read fast'
306.7161 	EXP 	target_text: height = np.float64(0.05)
306.7161 	EXP 	target_text: height = np.float64(0.05)
306.7161 	EXP 	target_text: height = np.float64(0.05)
306.7161 	EXP 	target_text: text = 'The boy can read fast'
306.7161 	EXP 	fix_text: autoDraw = True
306.9409 	EXP 	blank1_bg: autoDraw = True
306.9661 	EXP 	fix_text: autoDraw = False
307.1328 	EXP 	blank1_bg: autoDraw = False
307.1395 	EXP 	prime_text: autoDraw = True
307.3393 	EXP 	prime_text: autoDraw = False
307.3393 	EXP 	blank2_bg: autoDraw = True
307.4389 	INFO 	Keyboard events cleared
307.4387 	EXP 	blank2_bg: autoDraw = False
307.4387 	EXP 	target_text: autoDraw = True
307.9846 	EXP 	Device response: <KeyPress from None: t=307.9753489170107, value=right, duration=None>
307.9930 	DATA 	Keypress: right
307.9973 	EXP 	fix_text: autoDraw = False
307.9973 	EXP 	blank1_bg: autoDraw = False
307.9973 	EXP 	prime_text: autoDraw = False
307.9973 	EXP 	blank2_bg: autoDraw = False
307.9973 	EXP 	target_text: autoDraw = False
307.9973 	EXP 	greenCircle: autoDraw = True
307.9973 	EXP 	redCrosss: autoDraw = True
308.1180 	EXP 	Device response: <KeyPress from None: t=307.9753489170107, value=right, duration=0.13236729099298827>
308.1827 	EXP 	blank3_bg: autoDraw = True
308.1891 	EXP 	greenCircle: autoDraw = False
308.1891 	EXP 	redCrosss: autoDraw = False
308.9663 	EXP 	New trial (rep=6, index=1): <Trial 97 (1 in rep 6) data={'prime': 'She does not like apples', 'target': 'She not does like apples', 'condition': 'transposition_related', 'correctAns': 'right', 'thisN': 97, 'thisTrialN': 1, 'thisRepN': 6}>
308.9827 	EXP 	blank3_bg: autoDraw = False
308.9827 	EXP 	blank3_bg: autoDraw = False
308.9827 	EXP 	greenCircle: autoDraw = False
308.9827 	EXP 	redCrosss: autoDraw = False
308.9827 	EXP 	text: text = 'Take a short break! Press any key to continue.'
308.9827 	EXP 	text: autoDraw = False
308.9827 	EXP 	prime_text: height = np.float64(0.05)
308.9827 	EXP 	prime_text: height = np.float64(0.05)
308.9827 	EXP 	prime_text: height = np.float64(0.05)
308.9827 	EXP 	prime_text: text = 'She does not like apples'
308.9827 	EXP 	target_text: height = np.float64(0.05)
308.9827 	EXP 	target_text: height = np.float64(0.05)
308.9827 	EXP 	target_text: height = np.float64(0.05)
308.9827 	EXP 	target_text: text = 'She not does like apples'
308.9827 	EXP 	fix_text: autoDraw = True
309.2079 	EXP 	blank1_bg: autoDraw = True
309.2231 	EXP 	fix_text: autoDraw = False
309.4050 	EXP 	blank1_bg: autoDraw = False
309.4050 	EXP 	prime_text: autoDraw = True
309.5994 	EXP 	prime_text: autoDraw = False
309.6059 	EXP 	blank2_bg: autoDraw = True
309.6997 	EXP 	blank2_bg: autoDraw = False
309.7067 	INFO 	Keyboard events cleared
309.7066 	EXP 	target_text: autoDraw = True
310.4012 	EXP 	Device response: <KeyPress from None: t=310.3993576250068, value=left, duration=None>
310.4093 	DATA 	Keypress: left
310.4137 	EXP 	fix_text: autoDraw = False
310.4137 	EXP 	blank1_bg: autoDraw = False
310.4137 	EXP 	prime_text: autoDraw = False
310.4137 	EXP 	blank2_bg: autoDraw = False
310.4137 	EXP 	target_text: autoDraw = False
310.4137 	EXP 	greenCircle: autoDraw = True
310.4137 	EXP 	redCrosss: autoDraw = True
310.5013 	EXP 	Device response: <KeyPress from None: t=310.3993576250068, value=left, duration=0.10015704200486653>
310.5981 	EXP 	blank3_bg: autoDraw = True
310.6048 	EXP 	greenCircle: autoDraw = False
310.6048 	EXP 	redCrosss: autoDraw = False
311.3820 	EXP 	New trial (rep=6, index=2): <Trial 98 (2 in rep 6) data={'prime': 'The boy can read fast', 'target': 'The read can boy fast', 'condition': 'transposition_unrelated', 'correctAns': 'left', 'thisN': 98, 'thisTrialN': 2, 'thisRepN': 6}>
311.3966 	EXP 	blank3_bg: autoDraw = False
311.3966 	EXP 	blank3_bg: autoDraw = False
311.3966 	EXP 	greenCircle: autoDraw = False
311.3966 	EXP 	redCrosss: autoDraw = False
311.3966 	EXP 	text: text = 'Take a short break! Press any key to continue.'
311.3966 	EXP 	text: autoDraw = False
311.3966 	EXP 	prime_text: height = np.float64(0.05)
311.3966 	EXP 	prime_text: height = np.float64(0.05)
311.3966 	EXP 	prime_text: height = np.float64(0.05)
311.3966 	EXP 	prime_text: text = 'The boy can read fast'
311.3966 	EXP 	target_text: height = np.float64(0.05)
311.3966 	EXP 	target_text: height = np.float64(0.05)
311.3966 	EXP 	target_text: height = np.float64(0.05)
311.3966 	EXP 	target_text: text = 'The read can boy fast'
311.3966 	EXP 	fix_text: autoDraw = True
311.6244 	EXP 	blank1_bg: autoDraw = True
311.6374 	EXP 	fix_text: autoDraw = False
311.8210 	EXP 	blank1_bg: autoDraw = False
311.8210 	EXP 	prime_text: autoDraw = True
312.0163 	EXP 	prime_text: autoDraw = False
312.0227 	EXP 	blank2_bg: autoDraw = True
312.1225 	INFO 	Keyboard events cleared
312.1223 	EXP 	blank2_bg: autoDraw = False
312.1223 	EXP 	target_text: autoDraw = True
312.9345 	EXP 	Device response: <KeyPress from None: t=312.932246167009, value=right, duration=None>
312.9423 	DATA 	Keypress: right
312.9466 	EXP 	fix_text: autoDraw = False
312.9466 	EXP 	blank1_bg: autoDraw = False
312.9466 	EXP 	prime_text: autoDraw = False
312.9466 	EXP 	blank2_bg: autoDraw = False
312.9466 	EXP 	target_text: autoDraw = False
312.9466 	EXP 	greenCircle: autoDraw = True
312.9466 	EXP 	redCrosss: autoDraw = True
313.1008 	EXP 	Device response: <KeyPress from None: t=312.932246167009, value=right, duration=0.16022554099617992>
313.1327 	EXP 	blank3_bg: autoDraw = True
313.1391 	EXP 	greenCircle: autoDraw = False
313.1391 	EXP 	redCrosss: autoDraw = False
313.9172 	EXP 	New trial (rep=6, index=3): <Trial 99 (3 in rep 6) data={'prime': 'She does not like apples', 'target': 'She like does apples not', 'condition': 'transposition_unrelated', 'correctAns': 'left', 'thisN': 99, 'thisTrialN': 3, 'thisRepN': 6}>
313.9357 	EXP 	blank3_bg: autoDraw = False
313.9357 	EXP 	blank3_bg: autoDraw = False
313.9357 	EXP 	greenCircle: autoDraw = False
313.9357 	EXP 	redCrosss: autoDraw = False
313.9357 	EXP 	text: text = 'Take a short break! Press any key to continue.'
313.9357 	EXP 	text: autoDraw = False
313.9357 	EXP 	prime_text: height = np.float64(0.05)
313.9357 	EXP 	prime_text: height = np.float64(0.05)
313.9357 	EXP 	prime_text: height = np.float64(0.05)
313.9357 	EXP 	prime_text: text = 'She does not like apples'
313.9357 	EXP 	target_text: height = np.float64(0.05)
313.9357 	EXP 	target_text: height = np.float64(0.05)
313.9357 	EXP 	target_text: height = np.float64(0.05)
313.9357 	EXP 	target_text: text = 'She like does apples not'
313.9357 	EXP 	fix_text: autoDraw = True
314.1586 	EXP 	blank1_bg: autoDraw = True
314.1814 	EXP 	fix_text: autoDraw = False
314.3555 	EXP 	blank1_bg: autoDraw = False
314.3555 	EXP 	prime_text: autoDraw = True
314.5494 	EXP 	prime_text: autoDraw = False
314.5554 	EXP 	blank2_bg: autoDraw = True
314.6491 	EXP 	blank2_bg: autoDraw = False
314.6664 	INFO 	Keyboard events cleared
314.6662 	EXP 	target_text: autoDraw = True
315.6679 	EXP 	Device response: <KeyPress from None: t=315.6631921250082, value=left, duration=None>
315.6763 	DATA 	Keypress: left
315.6807 	EXP 	fix_text: autoDraw = False
315.6807 	EXP 	blank1_bg: autoDraw = False
315.6807 	EXP 	prime_text: autoDraw = False
315.6807 	EXP 	blank2_bg: autoDraw = False
315.6807 	EXP 	target_text: autoDraw = False
315.6807 	EXP 	greenCircle: autoDraw = True
315.6807 	EXP 	redCrosss: autoDraw = True
315.7556 	EXP 	Device response: <KeyPress from None: t=315.6631921250082, value=left, duration=0.08829683299700264>
315.8646 	EXP 	blank3_bg: autoDraw = True
315.8733 	EXP 	greenCircle: autoDraw = False
315.8733 	EXP 	redCrosss: autoDraw = False
316.6502 	EXP 	New trial (rep=6, index=4): <Trial 100 (4 in rep 6) data={'prime': 'They have finished the work', 'target': 'They finished have the work', 'condition': 'transposition_related', 'correctAns': 'right', 'thisN': 100, 'thisTrialN': 4, 'thisRepN': 6}>
316.6662 	EXP 	blank3_bg: autoDraw = False
316.6662 	EXP 	blank3_bg: autoDraw = False
316.6662 	EXP 	greenCircle: autoDraw = False
316.6662 	EXP 	redCrosss: autoDraw = False
316.6662 	EXP 	text: text = 'Take a short break! Press any key to continue.'
316.6662 	EXP 	text: autoDraw = False
316.6662 	EXP 	prime_text: height = np.float64(0.05)
316.6662 	EXP 	prime_text: height = np.float64(0.05)
316.6662 	EXP 	prime_text: height = np.float64(0.05)
316.6662 	EXP 	prime_text: text = 'They have finished the work'
316.6662 	EXP 	target_text: height = np.float64(0.05)
316.6662 	EXP 	target_text: height = np.float64(0.05)
316.6662 	EXP 	target_text: height = np.float64(0.05)
316.6662 	EXP 	target_text: text = 'They finished have the work'
316.6662 	EXP 	fix_text: autoDraw = True
316.8913 	EXP 	blank1_bg: autoDraw = True
316.9157 	EXP 	fix_text: autoDraw = False
317.0895 	EXP 	blank1_bg: autoDraw = False
317.0895 	EXP 	prime_text: autoDraw = True
317.2893 	EXP 	prime_text: autoDraw = False
317.2893 	EXP 	blank2_bg: autoDraw = True
317.3828 	EXP 	blank2_bg: autoDraw = False
317.3897 	INFO 	Keyboard events cleared
317.3896 	EXP 	target_text: autoDraw = True
319.2071 	EXP 	Device response: <KeyPress from None: t=319.2011526670103, value=left, duration=None>
319.2143 	DATA 	Keypress: left
319.2188 	EXP 	fix_text: autoDraw = False
319.2188 	EXP 	blank1_bg: autoDraw = False
319.2188 	EXP 	prime_text: autoDraw = False
319.2188 	EXP 	blank2_bg: autoDraw = False
319.2188 	EXP 	target_text: autoDraw = False
319.2188 	EXP 	greenCircle: autoDraw = True
319.2188 	EXP 	redCrosss: autoDraw = True
319.3008 	EXP 	Device response: <KeyPress from None: t=319.2011526670103, value=left, duration=0.09624862499185838>
319.4075 	EXP 	blank3_bg: autoDraw = True
319.4146 	EXP 	greenCircle: autoDraw = False
319.4146 	EXP 	redCrosss: autoDraw = False
320.1915 	EXP 	New trial (rep=6, index=5): <Trial 101 (5 in rep 6) data={'prime': 'The boy can read fast', 'target': 'The boy can read fast', 'condition': 'transposition_related', 'correctAns': 'right', 'thisN': 101, 'thisTrialN': 5, 'thisRepN': 6}>
320.2073 	EXP 	blank3_bg: autoDraw = False
320.2073 	EXP 	blank3_bg: autoDraw = False
320.2073 	EXP 	greenCircle: autoDraw = False
320.2073 	EXP 	redCrosss: autoDraw = False
320.2073 	EXP 	text: text = 'Take a short break! Press any key to continue.'
320.2073 	EXP 	text: autoDraw = False
320.2073 	EXP 	prime_text: height = np.float64(0.05)
320.2073 	EXP 	prime_text: height = np.float64(0.05)
320.2073 	EXP 	prime_text: height = np.float64(0.05)
320.2073 	EXP 	prime_text: text = 'The boy can read fast'
320.2073 	EXP 	target_text: height = np.float64(0.05)
320.2073 	EXP 	target_text: height = np.float64(0.05)
320.2073 	EXP 	target_text: height = np.float64(0.05)
320.2073 	EXP 	target_text: text = 'The boy can read fast'
320.2073 	EXP 	fix_text: autoDraw = True
320.4420 	EXP 	blank1_bg: autoDraw = True
320.4482 	EXP 	fix_text: autoDraw = False
320.6388 	EXP 	blank1_bg: autoDraw = False
320.6388 	EXP 	prime_text: autoDraw = True
320.8328 	EXP 	prime_text: autoDraw = False
320.8391 	EXP 	blank2_bg: autoDraw = True
320.9327 	EXP 	blank2_bg: autoDraw = False
320.9389 	INFO 	Keyboard events cleared
320.9387 	EXP 	target_text: autoDraw = True
322.1072 	EXP 	Device response: <KeyPress from None: t=322.1050898329995, value=right, duration=None>
322.1145 	DATA 	Keypress: right
322.1188 	EXP 	fix_text: autoDraw = False
322.1188 	EXP 	blank1_bg: autoDraw = False
322.1188 	EXP 	prime_text: autoDraw = False
322.1188 	EXP 	blank2_bg: autoDraw = False
322.1188 	EXP 	target_text: autoDraw = False
322.1188 	EXP 	greenCircle: autoDraw = True
322.1188 	EXP 	redCrosss: autoDraw = True
322.2340 	EXP 	Device response: <KeyPress from None: t=322.1050898329995, value=right, duration=0.12022816701210104>
322.3084 	EXP 	blank3_bg: autoDraw = True
322.3153 	EXP 	greenCircle: autoDraw = False
322.3153 	EXP 	redCrosss: autoDraw = False
323.1008 	EXP 	New trial (rep=6, index=6): <Trial 102 (6 in rep 6) data={'prime': 'They have finished the work', 'target': 'They work the have finished', 'condition': 'transposition_unrelated', 'correctAns': 'left', 'thisN': 102, 'thisTrialN': 6, 'thisRepN': 6}>
323.1169 	EXP 	blank3_bg: autoDraw = False
323.1169 	EXP 	blank3_bg: autoDraw = False
323.1169 	EXP 	greenCircle: autoDraw = False
323.1169 	EXP 	redCrosss: autoDraw = False
323.1169 	EXP 	text: text = 'Take a short break! Press any key to continue.'
323.1169 	EXP 	text: autoDraw = False
323.1169 	EXP 	prime_text: height = np.float64(0.05)
323.1169 	EXP 	prime_text: height = np.float64(0.05)
323.1169 	EXP 	prime_text: height = np.float64(0.05)
323.1169 	EXP 	prime_text: text = 'They have finished the work'
323.1169 	EXP 	target_text: height = np.float64(0.05)
323.1169 	EXP 	target_text: height = np.float64(0.05)
323.1169 	EXP 	target_text: height = np.float64(0.05)
323.1169 	EXP 	target_text: text = 'They work the have finished'
323.1169 	EXP 	fix_text: autoDraw = True
323.3412 	EXP 	blank1_bg: autoDraw = True
323.3645 	EXP 	fix_text: autoDraw = False
323.5386 	EXP 	blank1_bg: autoDraw = False
323.5386 	EXP 	prime_text: autoDraw = True
323.7330 	EXP 	prime_text: autoDraw = False
323.7396 	EXP 	blank2_bg: autoDraw = True
323.8329 	EXP 	blank2_bg: autoDraw = False
323.8393 	INFO 	Keyboard events cleared
323.8392 	EXP 	target_text: autoDraw = True
324.7846 	EXP 	Device response: <KeyPress from None: t=324.7809895829996, value=left, duration=None>
324.7929 	DATA 	Keypress: left
324.7972 	EXP 	fix_text: autoDraw = False
324.7972 	EXP 	blank1_bg: autoDraw = False
324.7972 	EXP 	prime_text: autoDraw = False
324.7972 	EXP 	blank2_bg: autoDraw = False
324.7972 	EXP 	target_text: autoDraw = False
324.7972 	EXP 	greenCircle: autoDraw = True
324.7972 	EXP 	redCrosss: autoDraw = True
324.9010 	EXP 	Device response: <KeyPress from None: t=324.7809895829996, value=left, duration=0.11230775000876747>
324.9828 	EXP 	blank3_bg: autoDraw = True
324.9910 	EXP 	greenCircle: autoDraw = False
324.9910 	EXP 	redCrosss: autoDraw = False
325.7722 	EXP 	New trial (rep=6, index=7): <Trial 103 (7 in rep 6) data={'prime': 'They have finished the work', 'target': 'They have finished the work', 'condition': 'repetition_related', 'correctAns': 'right', 'thisN': 103, 'thisTrialN': 7, 'thisRepN': 6}>
325.7847 	EXP 	blank3_bg: autoDraw = False
325.7847 	EXP 	blank3_bg: autoDraw = False
325.7847 	EXP 	greenCircle: autoDraw = False
325.7847 	EXP 	redCrosss: autoDraw = False
325.7847 	EXP 	text: text = 'Take a short break! Press any key to continue.'
325.7847 	EXP 	text: autoDraw = False
325.7847 	EXP 	prime_text: text = 'They have finished the work'
325.7847 	EXP 	target_text: height = np.float64(0.05)
325.7847 	EXP 	target_text: height = np.float64(0.05)
325.7847 	EXP 	target_text: height = np.float64(0.05)
325.7847 	EXP 	target_text: text = 'They have finished the work'
325.7847 	EXP 	fix_text: autoDraw = True
326.0154 	EXP 	blank1_bg: autoDraw = True
326.0312 	EXP 	fix_text: autoDraw = False
326.2036 	EXP 	blank1_bg: autoDraw = False
326.2224 	EXP 	prime_text: autoDraw = True
326.4163 	EXP 	prime_text: autoDraw = False
326.4163 	EXP 	blank2_bg: autoDraw = True
326.5037 	EXP 	blank2_bg: autoDraw = False
326.5229 	INFO 	Keyboard events cleared
326.5227 	EXP 	target_text: autoDraw = True
327.7847 	EXP 	Device response: <KeyPress from None: t=327.7769205000077, value=right, duration=None>
327.7945 	DATA 	Keypress: right
327.7987 	EXP 	fix_text: autoDraw = False
327.7987 	EXP 	blank1_bg: autoDraw = False
327.7987 	EXP 	prime_text: autoDraw = False
327.7987 	EXP 	blank2_bg: autoDraw = False
327.7987 	EXP 	target_text: autoDraw = False
327.7987 	EXP 	greenCircle: autoDraw = True
327.7987 	EXP 	redCrosss: autoDraw = True
327.9010 	EXP 	Device response: <KeyPress from None: t=327.7769205000077, value=right, duration=0.11631754199333955>
327.9812 	EXP 	blank3_bg: autoDraw = True
327.9874 	EXP 	greenCircle: autoDraw = False
327.9874 	EXP 	redCrosss: autoDraw = False
328.7660 	EXP 	New trial (rep=6, index=8): <Trial 104 (8 in rep 6) data={'prime': 'They have finished the work', 'target': 'They finished have the work', 'condition': 'repetition_unrelated', 'correctAns': 'left', 'thisN': 104, 'thisTrialN': 8, 'thisRepN': 6}>
328.7770 	EXP 	blank3_bg: autoDraw = False
328.7770 	EXP 	blank3_bg: autoDraw = False
328.7770 	EXP 	greenCircle: autoDraw = False
328.7770 	EXP 	redCrosss: autoDraw = False
328.7770 	EXP 	text: text = 'Take a short break! Press any key to continue.'
328.7770 	EXP 	text: autoDraw = False
328.7770 	EXP 	prime_text: text = 'They have finished the work'
328.7770 	EXP 	target_text: height = np.float64(0.05)
328.7770 	EXP 	target_text: height = np.float64(0.05)
328.7770 	EXP 	target_text: height = np.float64(0.05)
328.7770 	EXP 	target_text: text = 'They finished have the work'
328.7770 	EXP 	fix_text: autoDraw = True
329.0064 	EXP 	blank1_bg: autoDraw = True
329.0224 	EXP 	fix_text: autoDraw = False
329.1990 	EXP 	blank1_bg: autoDraw = False
329.2047 	EXP 	prime_text: autoDraw = True
329.3996 	EXP 	prime_text: autoDraw = False
329.4060 	EXP 	blank2_bg: autoDraw = True
329.4994 	EXP 	blank2_bg: autoDraw = False
329.5057 	INFO 	Keyboard events cleared
329.5055 	EXP 	target_text: autoDraw = True
330.4398 	EXP 	Device response: <KeyPress from None: t=330.43680795800174, value=left, duration=None>
330.4474 	DATA 	Keypress: left
330.4521 	EXP 	fix_text: autoDraw = False
330.4521 	EXP 	blank1_bg: autoDraw = False
330.4521 	EXP 	prime_text: autoDraw = False
330.4521 	EXP 	blank2_bg: autoDraw = False
330.4521 	EXP 	target_text: autoDraw = False
330.4521 	EXP 	greenCircle: autoDraw = True
330.4521 	EXP 	redCrosss: autoDraw = True
330.5171 	EXP 	Device response: <KeyPress from None: t=330.43680795800174, value=left, duration=0.0762836670037359>
330.6417 	EXP 	blank3_bg: autoDraw = True
330.6491 	EXP 	greenCircle: autoDraw = False
330.6491 	EXP 	redCrosss: autoDraw = False
331.4328 	EXP 	New trial (rep=6, index=9): <Trial 105 (9 in rep 6) data={'prime': 'She does not like apples', 'target': 'She does not like apples', 'condition': 'repetition_related', 'correctAns': 'right', 'thisN': 105, 'thisTrialN': 9, 'thisRepN': 6}>
331.4475 	EXP 	blank3_bg: autoDraw = False
331.4475 	EXP 	blank3_bg: autoDraw = False
331.4475 	EXP 	greenCircle: autoDraw = False
331.4475 	EXP 	redCrosss: autoDraw = False
331.4475 	EXP 	text: text = 'Take a short break! Press any key to continue.'
331.4475 	EXP 	text: autoDraw = False
331.4475 	EXP 	prime_text: height = np.float64(0.05)
331.4475 	EXP 	prime_text: height = np.float64(0.05)
331.4475 	EXP 	prime_text: height = np.float64(0.05)
331.4475 	EXP 	prime_text: text = 'She does not like apples'
331.4475 	EXP 	target_text: height = np.float64(0.05)
331.4475 	EXP 	target_text: height = np.float64(0.05)
331.4475 	EXP 	target_text: height = np.float64(0.05)
331.4475 	EXP 	target_text: text = 'She does not like apples'
331.4475 	EXP 	fix_text: autoDraw = True
331.6748 	EXP 	blank1_bg: autoDraw = True
331.6895 	EXP 	fix_text: autoDraw = False
331.8730 	EXP 	blank1_bg: autoDraw = False
331.8730 	EXP 	prime_text: autoDraw = True
332.0661 	EXP 	prime_text: autoDraw = False
332.0725 	EXP 	blank2_bg: autoDraw = True
332.1662 	EXP 	blank2_bg: autoDraw = False
332.1733 	INFO 	Keyboard events cleared
332.1731 	EXP 	target_text: autoDraw = True
333.1735 	EXP 	Device response: <KeyPress from None: t=333.16775079201034, value=right, duration=None>
333.1806 	DATA 	Keypress: right
333.1853 	EXP 	fix_text: autoDraw = False
333.1853 	EXP 	blank1_bg: autoDraw = False
333.1853 	EXP 	prime_text: autoDraw = False
333.1853 	EXP 	blank2_bg: autoDraw = False
333.1853 	EXP 	target_text: autoDraw = False
333.1853 	EXP 	greenCircle: autoDraw = True
333.1853 	EXP 	redCrosss: autoDraw = True
333.2902 	EXP 	Device response: <KeyPress from None: t=333.16775079201034, value=right, duration=0.11624074999417644>
333.3755 	EXP 	blank3_bg: autoDraw = True
333.3814 	EXP 	greenCircle: autoDraw = False
333.3814 	EXP 	redCrosss: autoDraw = False
334.1658 	EXP 	New trial (rep=6, index=10): <Trial 106 (10 in rep 6) data={'prime': 'The dog is barking loudly', 'target': 'The dog is barking loudly', 'condition': 'repetition_related', 'correctAns': 'right', 'thisN': 106, 'thisTrialN': 10, 'thisRepN': 6}>
334.1808 	EXP 	blank3_bg: autoDraw = False
334.1808 	EXP 	blank3_bg: autoDraw = False
334.1808 	EXP 	greenCircle: autoDraw = False
334.1808 	EXP 	redCrosss: autoDraw = False
334.1808 	EXP 	text: text = 'Take a short break! Press any key to continue.'
334.1808 	EXP 	text: autoDraw = False
334.1808 	EXP 	prime_text: height = np.float64(0.05)
334.1808 	EXP 	prime_text: height = np.float64(0.05)
334.1808 	EXP 	prime_text: height = np.float64(0.05)
334.1808 	EXP 	prime_text: text = 'The dog is barking loudly'
334.1808 	EXP 	target_text: height = np.float64(0.05)
334.1808 	EXP 	target_text: height = np.float64(0.05)
334.1808 	EXP 	target_text: height = np.float64(0.05)
334.1808 	EXP 	target_text: text = 'The dog is barking loudly'
334.1808 	EXP 	fix_text: autoDraw = True
334.4083 	EXP 	blank1_bg: autoDraw = True
334.4218 	EXP 	fix_text: autoDraw = False
334.6062 	EXP 	blank1_bg: autoDraw = False
334.6062 	EXP 	prime_text: autoDraw = True
334.7997 	EXP 	prime_text: autoDraw = False
334.8063 	EXP 	blank2_bg: autoDraw = True
334.8996 	EXP 	blank2_bg: autoDraw = False
334.9063 	INFO 	Keyboard events cleared
334.9061 	EXP 	target_text: autoDraw = True
335.8677 	EXP 	Device response: <KeyPress from None: t=335.865775667, value=right, duration=None>
335.8761 	DATA 	Keypress: right
335.8804 	EXP 	fix_text: autoDraw = False
335.8804 	EXP 	blank1_bg: autoDraw = False
335.8804 	EXP 	prime_text: autoDraw = False
335.8804 	EXP 	blank2_bg: autoDraw = False
335.8804 	EXP 	target_text: autoDraw = False
335.8804 	EXP 	greenCircle: autoDraw = True
335.8804 	EXP 	redCrosss: autoDraw = True
336.0008 	EXP 	Device response: <KeyPress from None: t=335.865775667, value=right, duration=0.12828625000838656>
336.0645 	EXP 	blank3_bg: autoDraw = True
336.0714 	EXP 	greenCircle: autoDraw = False
336.0714 	EXP 	redCrosss: autoDraw = False
336.8485 	EXP 	New trial (rep=6, index=11): <Trial 107 (11 in rep 6) data={'prime': 'The boy can read fast', 'target': 'The read can boy fast', 'condition': 'repetition_unrelated', 'correctAns': 'left', 'thisN': 107, 'thisTrialN': 11, 'thisRepN': 6}>
336.8632 	EXP 	blank3_bg: autoDraw = False
336.8632 	EXP 	blank3_bg: autoDraw = False
336.8632 	EXP 	greenCircle: autoDraw = False
336.8632 	EXP 	redCrosss: autoDraw = False
336.8632 	EXP 	text: text = 'Take a short break! Press any key to continue.'
336.8632 	EXP 	text: autoDraw = False
336.8632 	EXP 	prime_text: height = np.float64(0.05)
336.8632 	EXP 	prime_text: height = np.float64(0.05)
336.8632 	EXP 	prime_text: height = np.float64(0.05)
336.8632 	EXP 	prime_text: text = 'The boy can read fast'
336.8632 	EXP 	target_text: height = np.float64(0.05)
336.8632 	EXP 	target_text: height = np.float64(0.05)
336.8632 	EXP 	target_text: height = np.float64(0.05)
336.8632 	EXP 	target_text: text = 'The read can boy fast'
336.8632 	EXP 	fix_text: autoDraw = True
337.0917 	EXP 	blank1_bg: autoDraw = True
337.1054 	EXP 	fix_text: autoDraw = False
337.2887 	EXP 	blank1_bg: autoDraw = False
337.2887 	EXP 	prime_text: autoDraw = True
337.4830 	EXP 	prime_text: autoDraw = False
337.4895 	EXP 	blank2_bg: autoDraw = True
337.5894 	INFO 	Keyboard events cleared
337.5892 	EXP 	blank2_bg: autoDraw = False
337.5892 	EXP 	target_text: autoDraw = True
338.4840 	EXP 	Device response: <KeyPress from None: t=338.48062012500304, value=left, duration=None>
338.4923 	DATA 	Keypress: left
338.4965 	EXP 	fix_text: autoDraw = False
338.4965 	EXP 	blank1_bg: autoDraw = False
338.4965 	EXP 	prime_text: autoDraw = False
338.4965 	EXP 	blank2_bg: autoDraw = False
338.4965 	EXP 	target_text: autoDraw = False
338.4965 	EXP 	greenCircle: autoDraw = True
338.4965 	EXP 	redCrosss: autoDraw = True
338.5842 	EXP 	Device response: <KeyPress from None: t=338.48062012500304, value=left, duration=0.09631420799996704>
338.6814 	EXP 	blank3_bg: autoDraw = True
338.6898 	EXP 	greenCircle: autoDraw = False
338.6898 	EXP 	redCrosss: autoDraw = False
339.4672 	EXP 	New trial (rep=6, index=12): <Trial 108 (12 in rep 6) data={'prime': 'She does not like apples', 'target': 'She not does like apples', 'condition': 'repetition_unrelated', 'correctAns': 'left', 'thisN': 108, 'thisTrialN': 12, 'thisRepN': 6}>
339.4831 	EXP 	blank3_bg: autoDraw = False
339.4831 	EXP 	blank3_bg: autoDraw = False
339.4831 	EXP 	greenCircle: autoDraw = False
339.4831 	EXP 	redCrosss: autoDraw = False
339.4831 	EXP 	text: text = 'Take a short break! Press any key to continue.'
339.4831 	EXP 	text: autoDraw = False
339.4831 	EXP 	prime_text: height = np.float64(0.05)
339.4831 	EXP 	prime_text: height = np.float64(0.05)
339.4831 	EXP 	prime_text: height = np.float64(0.05)
339.4831 	EXP 	prime_text: text = 'She does not like apples'
339.4831 	EXP 	target_text: height = np.float64(0.05)
339.4831 	EXP 	target_text: height = np.float64(0.05)
339.4831 	EXP 	target_text: height = np.float64(0.05)
339.4831 	EXP 	target_text: text = 'She not does like apples'
339.4831 	EXP 	fix_text: autoDraw = True
339.7083 	EXP 	blank1_bg: autoDraw = True
339.7327 	EXP 	fix_text: autoDraw = False
339.9062 	EXP 	blank1_bg: autoDraw = False
339.9062 	EXP 	prime_text: autoDraw = True
340.1061 	EXP 	prime_text: autoDraw = False
340.1061 	EXP 	blank2_bg: autoDraw = True
340.1994 	EXP 	blank2_bg: autoDraw = False
340.2063 	INFO 	Keyboard events cleared
340.2061 	EXP 	target_text: autoDraw = True
341.0010 	EXP 	Device response: <KeyPress from None: t=340.99567066700547, value=left, duration=None>
341.0091 	DATA 	Keypress: left
341.0132 	EXP 	fix_text: autoDraw = False
341.0132 	EXP 	blank1_bg: autoDraw = False
341.0132 	EXP 	prime_text: autoDraw = False
341.0132 	EXP 	blank2_bg: autoDraw = False
341.0132 	EXP 	target_text: autoDraw = False
341.0132 	EXP 	greenCircle: autoDraw = True
341.0132 	EXP 	redCrosss: autoDraw = True
341.0886 	EXP 	Device response: <KeyPress from None: t=340.99567066700547, value=left, duration=0.08811566600343212>
341.1989 	EXP 	blank3_bg: autoDraw = True
341.2066 	EXP 	greenCircle: autoDraw = False
341.2066 	EXP 	redCrosss: autoDraw = False
341.9829 	EXP 	New trial (rep=6, index=13): <Trial 109 (13 in rep 6) data={'prime': 'The dog is barking loudly', 'target': 'The barking dog loudly is', 'condition': 'transposition_unrelated', 'correctAns': 'left', 'thisN': 109, 'thisTrialN': 13, 'thisRepN': 6}>
341.9994 	EXP 	blank3_bg: autoDraw = False
341.9994 	EXP 	blank3_bg: autoDraw = False
341.9994 	EXP 	greenCircle: autoDraw = False
341.9994 	EXP 	redCrosss: autoDraw = False
341.9994 	EXP 	text: text = 'Take a short break! Press any key to continue.'
341.9994 	EXP 	text: autoDraw = False
341.9994 	EXP 	prime_text: height = np.float64(0.05)
341.9994 	EXP 	prime_text: height = np.float64(0.05)
341.9994 	EXP 	prime_text: height = np.float64(0.05)
341.9994 	EXP 	prime_text: text = 'The dog is barking loudly'
341.9994 	EXP 	target_text: height = np.float64(0.05)
341.9994 	EXP 	target_text: height = np.float64(0.05)
341.9994 	EXP 	target_text: height = np.float64(0.05)
341.9994 	EXP 	target_text: text = 'The barking dog loudly is'
341.9994 	EXP 	fix_text: autoDraw = True
342.2246 	EXP 	blank1_bg: autoDraw = True
342.2494 	EXP 	fix_text: autoDraw = False
342.4187 	EXP 	blank1_bg: autoDraw = False
342.4331 	EXP 	prime_text: autoDraw = True
342.6217 	EXP 	prime_text: autoDraw = False
342.6217 	EXP 	blank2_bg: autoDraw = True
342.7161 	EXP 	blank2_bg: autoDraw = False
342.7230 	INFO 	Keyboard events cleared
342.7228 	EXP 	target_text: autoDraw = True
343.8674 	EXP 	Device response: <KeyPress from None: t=343.8574569170014, value=left, duration=None>
343.8747 	DATA 	Keypress: left
343.8789 	EXP 	fix_text: autoDraw = False
343.8789 	EXP 	blank1_bg: autoDraw = False
343.8789 	EXP 	prime_text: autoDraw = False
343.8789 	EXP 	blank2_bg: autoDraw = False
343.8789 	EXP 	target_text: autoDraw = False
343.8789 	EXP 	greenCircle: autoDraw = True
343.8789 	EXP 	redCrosss: autoDraw = True
343.9673 	EXP 	Device response: <KeyPress from None: t=343.8574569170014, value=left, duration=0.10440766600368079>
344.0646 	EXP 	blank3_bg: autoDraw = True
344.0710 	EXP 	greenCircle: autoDraw = False
344.0710 	EXP 	redCrosss: autoDraw = False
344.8489 	EXP 	New trial (rep=6, index=14): <Trial 110 (14 in rep 6) data={'prime': 'The dog is barking loudly', 'target': 'The dog barking is loudly', 'condition': 'transposition_related', 'correctAns': 'right', 'thisN': 110, 'thisTrialN': 14, 'thisRepN': 6}>
344.8595 	EXP 	blank3_bg: autoDraw = False
344.8595 	EXP 	blank3_bg: autoDraw = False
344.8595 	EXP 	greenCircle: autoDraw = False
344.8595 	EXP 	redCrosss: autoDraw = False
344.8595 	EXP 	text: text = 'Take a short break! Press any key to continue.'
344.8595 	EXP 	text: autoDraw = False
344.8595 	EXP 	prime_text: text = 'The dog is barking loudly'
344.8595 	EXP 	target_text: height = np.float64(0.05)
344.8595 	EXP 	target_text: height = np.float64(0.05)
344.8595 	EXP 	target_text: height = np.float64(0.05)
344.8595 	EXP 	target_text: text = 'The dog barking is loudly'
344.8595 	EXP 	fix_text: autoDraw = True
345.0921 	EXP 	blank1_bg: autoDraw = True
345.0983 	EXP 	fix_text: autoDraw = False
345.2886 	EXP 	blank1_bg: autoDraw = False
345.2886 	EXP 	prime_text: autoDraw = True
345.4828 	EXP 	prime_text: autoDraw = False
345.4891 	EXP 	blank2_bg: autoDraw = True
345.5828 	EXP 	blank2_bg: autoDraw = False
345.5898 	INFO 	Keyboard events cleared
345.5896 	EXP 	target_text: autoDraw = True
347.5735 	EXP 	Device response: <KeyPress from None: t=347.5674929579982, value=left, duration=None>
347.5818 	DATA 	Keypress: left
347.5855 	EXP 	fix_text: autoDraw = False
347.5855 	EXP 	blank1_bg: autoDraw = False
347.5855 	EXP 	prime_text: autoDraw = False
347.5855 	EXP 	blank2_bg: autoDraw = False
347.5855 	EXP 	target_text: autoDraw = False
347.5855 	EXP 	greenCircle: autoDraw = True
347.5855 	EXP 	redCrosss: autoDraw = True
347.6897 	EXP 	Device response: <KeyPress from None: t=347.5674929579982, value=left, duration=0.12024037500668783>
347.7745 	EXP 	blank3_bg: autoDraw = True
347.7813 	EXP 	greenCircle: autoDraw = False
347.7813 	EXP 	redCrosss: autoDraw = False
348.5672 	EXP 	New trial (rep=6, index=15): <Trial 111 (15 in rep 6) data={'prime': 'The dog is barking loudly', 'target': 'The loudly is barking dog', 'condition': 'repetition_unrelated', 'correctAns': 'left', 'thisN': 111, 'thisTrialN': 15, 'thisRepN': 6}>
348.5783 	EXP 	blank3_bg: autoDraw = False
348.5783 	EXP 	blank3_bg: autoDraw = False
348.5783 	EXP 	greenCircle: autoDraw = False
348.5783 	EXP 	redCrosss: autoDraw = False
348.5783 	EXP 	text: text = 'Take a short break! Press any key to continue.'
348.5783 	EXP 	text: autoDraw = False
348.5783 	EXP 	prime_text: text = 'The dog is barking loudly'
348.5783 	EXP 	target_text: height = np.float64(0.05)
348.5783 	EXP 	target_text: height = np.float64(0.05)
348.5783 	EXP 	target_text: height = np.float64(0.05)
348.5783 	EXP 	target_text: text = 'The loudly is barking dog'
348.5783 	EXP 	fix_text: autoDraw = True
348.8088 	EXP 	blank1_bg: autoDraw = True
348.8228 	EXP 	fix_text: autoDraw = False
349.0050 	EXP 	blank1_bg: autoDraw = False
349.0050 	EXP 	prime_text: autoDraw = True
349.1996 	EXP 	prime_text: autoDraw = False
349.2060 	EXP 	blank2_bg: autoDraw = True
349.2993 	EXP 	blank2_bg: autoDraw = False
349.3064 	INFO 	Keyboard events cleared
349.3062 	EXP 	target_text: autoDraw = True
350.1678 	EXP 	Device response: <KeyPress from None: t=350.16055737499846, value=left, duration=None>
350.1762 	DATA 	Keypress: left
350.1806 	EXP 	fix_text: autoDraw = False
350.1806 	EXP 	blank1_bg: autoDraw = False
350.1806 	EXP 	prime_text: autoDraw = False
350.1806 	EXP 	blank2_bg: autoDraw = False
350.1806 	EXP 	target_text: autoDraw = False
350.1806 	EXP 	greenCircle: autoDraw = True
350.1806 	EXP 	redCrosss: autoDraw = True
350.2508 	EXP 	Device response: <KeyPress from None: t=350.16055737499846, value=left, duration=0.08409287501126528>
350.3645 	EXP 	blank3_bg: autoDraw = True
350.3708 	EXP 	greenCircle: autoDraw = False
350.3708 	EXP 	redCrosss: autoDraw = False
351.1485 	EXP 	New trial (rep=7, index=0): <Trial 112 (0 in rep 7) data={'prime': 'They have finished the work', 'target': 'They work the have finished', 'condition': 'transposition_unrelated', 'correctAns': 'left', 'thisN': 112, 'thisTrialN': 0, 'thisRepN': 7}>
351.1628 	EXP 	blank3_bg: autoDraw = False
351.1628 	EXP 	blank3_bg: autoDraw = False
351.1628 	EXP 	greenCircle: autoDraw = False
351.1628 	EXP 	redCrosss: autoDraw = False
351.1628 	EXP 	text: text = 'Take a short break! Press any key to continue.'
351.1628 	EXP 	text: autoDraw = False
351.1628 	EXP 	prime_text: height = np.float64(0.05)
351.1628 	EXP 	prime_text: height = np.float64(0.05)
351.1628 	EXP 	prime_text: height = np.float64(0.05)
351.1628 	EXP 	prime_text: text = 'They have finished the work'
351.1628 	EXP 	target_text: height = np.float64(0.05)
351.1628 	EXP 	target_text: height = np.float64(0.05)
351.1628 	EXP 	target_text: height = np.float64(0.05)
351.1628 	EXP 	target_text: text = 'They work the have finished'
351.1628 	EXP 	fix_text: autoDraw = True
351.3917 	EXP 	blank1_bg: autoDraw = True
351.4051 	EXP 	fix_text: autoDraw = False
351.5877 	EXP 	blank1_bg: autoDraw = False
351.5877 	EXP 	prime_text: autoDraw = True
351.7828 	EXP 	prime_text: autoDraw = False
351.7892 	EXP 	blank2_bg: autoDraw = True
351.8828 	EXP 	blank2_bg: autoDraw = False
351.8893 	INFO 	Keyboard events cleared
351.8892 	EXP 	target_text: autoDraw = True
354.4677 	EXP 	Device response: <KeyPress from None: t=354.45809887500945, value=left, duration=None>
354.4753 	DATA 	Keypress: left
354.4795 	EXP 	fix_text: autoDraw = False
354.4795 	EXP 	blank1_bg: autoDraw = False
354.4795 	EXP 	prime_text: autoDraw = False
354.4795 	EXP 	blank2_bg: autoDraw = False
354.4795 	EXP 	target_text: autoDraw = False
354.4795 	EXP 	greenCircle: autoDraw = True
354.4795 	EXP 	redCrosss: autoDraw = True
354.5562 	EXP 	Device response: <KeyPress from None: t=354.45809887500945, value=left, duration=0.09406449999369215>
354.6648 	EXP 	blank3_bg: autoDraw = True
354.6718 	EXP 	greenCircle: autoDraw = False
354.6718 	EXP 	redCrosss: autoDraw = False
355.4503 	EXP 	New trial (rep=7, index=1): <Trial 113 (1 in rep 7) data={'prime': 'She does not like apples', 'target': 'She like does apples not', 'condition': 'transposition_unrelated', 'correctAns': 'left', 'thisN': 113, 'thisTrialN': 1, 'thisRepN': 7}>
355.4660 	EXP 	blank3_bg: autoDraw = False
355.4660 	EXP 	blank3_bg: autoDraw = False
355.4660 	EXP 	greenCircle: autoDraw = False
355.4660 	EXP 	redCrosss: autoDraw = False
355.4660 	EXP 	text: text = 'Take a short break! Press any key to continue.'
355.4660 	EXP 	text: autoDraw = False
355.4660 	EXP 	prime_text: height = np.float64(0.05)
355.4660 	EXP 	prime_text: height = np.float64(0.05)
355.4660 	EXP 	prime_text: height = np.float64(0.05)
355.4660 	EXP 	prime_text: text = 'She does not like apples'
355.4660 	EXP 	target_text: height = np.float64(0.05)
355.4660 	EXP 	target_text: height = np.float64(0.05)
355.4660 	EXP 	target_text: height = np.float64(0.05)
355.4660 	EXP 	target_text: text = 'She like does apples not'
355.4660 	EXP 	fix_text: autoDraw = True
355.6902 	EXP 	blank1_bg: autoDraw = True
355.7149 	EXP 	fix_text: autoDraw = False
355.8827 	EXP 	blank1_bg: autoDraw = False
355.8892 	EXP 	prime_text: autoDraw = True
356.0829 	EXP 	prime_text: autoDraw = False
356.0892 	EXP 	blank2_bg: autoDraw = True
356.1828 	EXP 	blank2_bg: autoDraw = False
356.1891 	INFO 	Keyboard events cleared
356.1889 	EXP 	target_text: autoDraw = True
357.0847 	EXP 	Device response: <KeyPress from None: t=357.07571625000855, value=left, duration=None>
357.0930 	DATA 	Keypress: left
357.0974 	EXP 	fix_text: autoDraw = False
357.0974 	EXP 	blank1_bg: autoDraw = False
357.0974 	EXP 	prime_text: autoDraw = False
357.0974 	EXP 	blank2_bg: autoDraw = False
357.0974 	EXP 	target_text: autoDraw = False
357.0974 	EXP 	greenCircle: autoDraw = True
357.0974 	EXP 	redCrosss: autoDraw = True
357.2178 	EXP 	Device response: <KeyPress from None: t=357.07571625000855, value=left, duration=0.13625429199601058>
357.2813 	EXP 	blank3_bg: autoDraw = True
357.2880 	EXP 	greenCircle: autoDraw = False
357.2880 	EXP 	redCrosss: autoDraw = False
358.0664 	EXP 	New trial (rep=7, index=2): <Trial 114 (2 in rep 7) data={'prime': 'They have finished the work', 'target': 'They finished have the work', 'condition': 'repetition_unrelated', 'correctAns': 'left', 'thisN': 114, 'thisTrialN': 2, 'thisRepN': 7}>
358.0827 	EXP 	blank3_bg: autoDraw = False
358.0827 	EXP 	blank3_bg: autoDraw = False
358.0827 	EXP 	greenCircle: autoDraw = False
358.0827 	EXP 	redCrosss: autoDraw = False
358.0827 	EXP 	text: text = 'Take a short break! Press any key to continue.'
358.0827 	EXP 	text: autoDraw = False
358.0827 	EXP 	prime_text: height = np.float64(0.05)
358.0827 	EXP 	prime_text: height = np.float64(0.05)
358.0827 	EXP 	prime_text: height = np.float64(0.05)
358.0827 	EXP 	prime_text: text = 'They have finished the work'
358.0827 	EXP 	target_text: height = np.float64(0.05)
358.0827 	EXP 	target_text: height = np.float64(0.05)
358.0827 	EXP 	target_text: height = np.float64(0.05)
358.0827 	EXP 	target_text: text = 'They finished have the work'
358.0827 	EXP 	fix_text: autoDraw = True
358.3083 	EXP 	blank1_bg: autoDraw = True
358.3326 	EXP 	fix_text: autoDraw = False
358.4996 	EXP 	blank1_bg: autoDraw = False
358.5063 	EXP 	prime_text: autoDraw = True
358.6996 	EXP 	prime_text: autoDraw = False
358.7060 	EXP 	blank2_bg: autoDraw = True
358.7995 	EXP 	blank2_bg: autoDraw = False
358.8066 	INFO 	Keyboard events cleared
358.8064 	EXP 	target_text: autoDraw = True
359.7012 	EXP 	Device response: <KeyPress from None: t=359.6925844170037, value=left, duration=None>
359.7096 	DATA 	Keypress: left
359.7138 	EXP 	fix_text: autoDraw = False
359.7138 	EXP 	blank1_bg: autoDraw = False
359.7138 	EXP 	prime_text: autoDraw = False
359.7138 	EXP 	blank2_bg: autoDraw = False
359.7138 	EXP 	target_text: autoDraw = False
359.7138 	EXP 	greenCircle: autoDraw = True
359.7138 	EXP 	redCrosss: autoDraw = True
359.8070 	EXP 	Device response: <KeyPress from None: t=359.6925844170037, value=left, duration=0.10840487500536256>
359.8995 	EXP 	blank3_bg: autoDraw = True
359.9071 	EXP 	greenCircle: autoDraw = False
359.9071 	EXP 	redCrosss: autoDraw = False
360.6898 	EXP 	New trial (rep=7, index=3): <Trial 115 (3 in rep 7) data={'prime': 'She does not like apples', 'target': 'She does not like apples', 'condition': 'repetition_related', 'correctAns': 'right', 'thisN': 115, 'thisTrialN': 3, 'thisRepN': 7}>
360.7054 	EXP 	blank3_bg: autoDraw = False
360.7054 	EXP 	blank3_bg: autoDraw = False
360.7054 	EXP 	greenCircle: autoDraw = False
360.7054 	EXP 	redCrosss: autoDraw = False
360.7054 	EXP 	text: text = 'Take a short break! Press any key to continue.'
360.7054 	EXP 	text: autoDraw = False
360.7054 	EXP 	prime_text: height = np.float64(0.05)
360.7054 	EXP 	prime_text: height = np.float64(0.05)
360.7054 	EXP 	prime_text: height = np.float64(0.05)
360.7054 	EXP 	prime_text: text = 'She does not like apples'
360.7054 	EXP 	target_text: height = np.float64(0.05)
360.7054 	EXP 	target_text: height = np.float64(0.05)
360.7054 	EXP 	target_text: height = np.float64(0.05)
360.7054 	EXP 	target_text: text = 'She does not like apples'
360.7054 	EXP 	fix_text: autoDraw = True
360.9315 	EXP 	blank1_bg: autoDraw = True
360.9492 	EXP 	fix_text: autoDraw = False
361.1201 	EXP 	blank1_bg: autoDraw = False
361.1393 	EXP 	prime_text: autoDraw = True
361.3329 	EXP 	prime_text: autoDraw = False
361.3329 	EXP 	blank2_bg: autoDraw = True
361.4202 	EXP 	blank2_bg: autoDraw = False
361.4398 	INFO 	Keyboard events cleared
361.4396 	EXP 	target_text: autoDraw = True
362.1676 	EXP 	Device response: <KeyPress from None: t=362.1585809579992, value=right, duration=None>
362.1761 	DATA 	Keypress: right
362.1803 	EXP 	fix_text: autoDraw = False
362.1803 	EXP 	blank1_bg: autoDraw = False
362.1803 	EXP 	prime_text: autoDraw = False
362.1803 	EXP 	blank2_bg: autoDraw = False
362.1803 	EXP 	target_text: autoDraw = False
362.1803 	EXP 	greenCircle: autoDraw = True
362.1803 	EXP 	redCrosss: autoDraw = True
362.3178 	EXP 	Device response: <KeyPress from None: t=362.1585809579992, value=right, duration=0.15238775000034366>
362.3651 	EXP 	blank3_bg: autoDraw = True
362.3733 	EXP 	greenCircle: autoDraw = False
362.3733 	EXP 	redCrosss: autoDraw = False
363.1491 	EXP 	New trial (rep=7, index=4): <Trial 116 (4 in rep 7) data={'prime': 'The boy can read fast', 'target': 'The read can boy fast', 'condition': 'transposition_unrelated', 'correctAns': 'left', 'thisN': 116, 'thisTrialN': 4, 'thisRepN': 7}>
363.1642 	EXP 	blank3_bg: autoDraw = False
363.1642 	EXP 	blank3_bg: autoDraw = False
363.1642 	EXP 	greenCircle: autoDraw = False
363.1642 	EXP 	redCrosss: autoDraw = False
363.1642 	EXP 	text: text = 'Take a short break! Press any key to continue.'
363.1642 	EXP 	text: autoDraw = False
363.1642 	EXP 	prime_text: height = np.float64(0.05)
363.1642 	EXP 	prime_text: height = np.float64(0.05)
363.1642 	EXP 	prime_text: height = np.float64(0.05)
363.1642 	EXP 	prime_text: text = 'The boy can read fast'
363.1642 	EXP 	target_text: height = np.float64(0.05)
363.1642 	EXP 	target_text: height = np.float64(0.05)
363.1642 	EXP 	target_text: height = np.float64(0.05)
363.1642 	EXP 	target_text: text = 'The read can boy fast'
363.1642 	EXP 	fix_text: autoDraw = True
363.3917 	EXP 	blank1_bg: autoDraw = True
363.4049 	EXP 	fix_text: autoDraw = False
363.5881 	EXP 	blank1_bg: autoDraw = False
363.5881 	EXP 	prime_text: autoDraw = True
363.7827 	EXP 	prime_text: autoDraw = False
363.7891 	EXP 	blank2_bg: autoDraw = True
363.8829 	EXP 	blank2_bg: autoDraw = False
363.8898 	INFO 	Keyboard events cleared
363.8896 	EXP 	target_text: autoDraw = True
364.6567 	EXP 	Device response: <KeyPress from None: t=364.65555437500007, value=left, duration=None>
364.6638 	DATA 	Keypress: left
364.6685 	EXP 	fix_text: autoDraw = False
364.6685 	EXP 	blank1_bg: autoDraw = False
364.6685 	EXP 	prime_text: autoDraw = False
364.6685 	EXP 	blank2_bg: autoDraw = False
364.6685 	EXP 	target_text: autoDraw = False
364.6685 	EXP 	greenCircle: autoDraw = True
364.6685 	EXP 	redCrosss: autoDraw = True
364.7839 	EXP 	Device response: <KeyPress from None: t=364.65555437500007, value=left, duration=0.12427087500691414>
364.8585 	EXP 	blank3_bg: autoDraw = True
364.8648 	EXP 	greenCircle: autoDraw = False
364.8648 	EXP 	redCrosss: autoDraw = False
365.6499 	EXP 	New trial (rep=7, index=5): <Trial 117 (5 in rep 7) data={'prime': 'The boy can read fast', 'target': 'The boy can read fast', 'condition': 'repetition_related', 'correctAns': 'right', 'thisN': 117, 'thisTrialN': 5, 'thisRepN': 7}>
365.6611 	EXP 	blank3_bg: autoDraw = False
365.6611 	EXP 	blank3_bg: autoDraw = False
365.6611 	EXP 	greenCircle: autoDraw = False
365.6611 	EXP 	redCrosss: autoDraw = False
365.6611 	EXP 	text: text = 'Take a short break! Press any key to continue.'
365.6611 	EXP 	text: autoDraw = False
365.6611 	EXP 	prime_text: text = 'The boy can read fast'
365.6611 	EXP 	target_text: height = np.float64(0.05)
365.6611 	EXP 	target_text: height = np.float64(0.05)
365.6611 	EXP 	target_text: height = np.float64(0.05)
365.6611 	EXP 	target_text: text = 'The boy can read fast'
365.6611 	EXP 	fix_text: autoDraw = True
365.8919 	EXP 	blank1_bg: autoDraw = True
365.9057 	EXP 	fix_text: autoDraw = False
366.0864 	EXP 	blank1_bg: autoDraw = False
366.0995 	EXP 	prime_text: autoDraw = True
366.2884 	EXP 	prime_text: autoDraw = False
366.2884 	EXP 	blank2_bg: autoDraw = True
366.3828 	EXP 	blank2_bg: autoDraw = False
366.3895 	INFO 	Keyboard events cleared
366.3893 	EXP 	target_text: autoDraw = True
368.0341 	EXP 	Device response: <KeyPress from None: t=368.0324668329995, value=right, duration=None>
368.0435 	DATA 	Keypress: right
368.0478 	EXP 	fix_text: autoDraw = False
368.0478 	EXP 	blank1_bg: autoDraw = False
368.0478 	EXP 	prime_text: autoDraw = False
368.0478 	EXP 	blank2_bg: autoDraw = False
368.0478 	EXP 	target_text: autoDraw = False
368.0478 	EXP 	greenCircle: autoDraw = True
368.0478 	EXP 	redCrosss: autoDraw = True
368.1673 	EXP 	Device response: <KeyPress from None: t=368.0324668329995, value=right, duration=0.12420275001204573>
368.2326 	EXP 	blank3_bg: autoDraw = True
368.2406 	EXP 	greenCircle: autoDraw = False
368.2406 	EXP 	redCrosss: autoDraw = False
369.0168 	EXP 	New trial (rep=7, index=6): <Trial 118 (6 in rep 7) data={'prime': 'The boy can read fast', 'target': 'The read can boy fast', 'condition': 'repetition_unrelated', 'correctAns': 'left', 'thisN': 118, 'thisTrialN': 6, 'thisRepN': 7}>
369.0276 	EXP 	blank3_bg: autoDraw = False
369.0276 	EXP 	blank3_bg: autoDraw = False
369.0276 	EXP 	greenCircle: autoDraw = False
369.0276 	EXP 	redCrosss: autoDraw = False
369.0276 	EXP 	text: text = 'Take a short break! Press any key to continue.'
369.0276 	EXP 	text: autoDraw = False
369.0276 	EXP 	prime_text: text = 'The boy can read fast'
369.0276 	EXP 	target_text: height = np.float64(0.05)
369.0276 	EXP 	target_text: height = np.float64(0.05)
369.0276 	EXP 	target_text: height = np.float64(0.05)
369.0276 	EXP 	target_text: text = 'The read can boy fast'
369.0276 	EXP 	fix_text: autoDraw = True
369.2583 	EXP 	blank1_bg: autoDraw = True
369.2720 	EXP 	fix_text: autoDraw = False
369.4556 	EXP 	blank1_bg: autoDraw = False
369.4556 	EXP 	prime_text: autoDraw = True
369.6494 	EXP 	prime_text: autoDraw = False
369.6560 	EXP 	blank2_bg: autoDraw = True
369.7495 	EXP 	blank2_bg: autoDraw = False
369.7566 	INFO 	Keyboard events cleared
369.7564 	EXP 	target_text: autoDraw = True
370.8013 	EXP 	Device response: <KeyPress from None: t=370.79336375001003, value=left, duration=None>
370.8097 	DATA 	Keypress: left
370.8140 	EXP 	fix_text: autoDraw = False
370.8140 	EXP 	blank1_bg: autoDraw = False
370.8140 	EXP 	prime_text: autoDraw = False
370.8140 	EXP 	blank2_bg: autoDraw = False
370.8140 	EXP 	target_text: autoDraw = False
370.8140 	EXP 	greenCircle: autoDraw = True
370.8140 	EXP 	redCrosss: autoDraw = True
370.9395 	EXP 	Device response: <KeyPress from None: t=370.79336375001003, value=left, duration=0.14428100000077393>
370.9986 	EXP 	blank3_bg: autoDraw = True
371.0057 	EXP 	greenCircle: autoDraw = False
371.0057 	EXP 	redCrosss: autoDraw = False
371.7823 	EXP 	New trial (rep=7, index=7): <Trial 119 (7 in rep 7) data={'prime': 'The dog is barking loudly', 'target': 'The dog is barking loudly', 'condition': 'repetition_related', 'correctAns': 'right', 'thisN': 119, 'thisTrialN': 7, 'thisRepN': 7}>
371.7979 	EXP 	blank3_bg: autoDraw = False
371.7979 	EXP 	blank3_bg: autoDraw = False
371.7979 	EXP 	greenCircle: autoDraw = False
371.7979 	EXP 	redCrosss: autoDraw = False
371.7979 	EXP 	text: text = 'Take a short break! Press any key to continue.'
371.7979 	EXP 	text: autoDraw = False
371.7979 	EXP 	prime_text: height = np.float64(0.05)
371.7979 	EXP 	prime_text: height = np.float64(0.05)
371.7979 	EXP 	prime_text: height = np.float64(0.05)
371.7979 	EXP 	prime_text: text = 'The dog is barking loudly'
371.7979 	EXP 	target_text: height = np.float64(0.05)
371.7979 	EXP 	target_text: height = np.float64(0.05)
371.7979 	EXP 	target_text: height = np.float64(0.05)
371.7979 	EXP 	target_text: text = 'The dog is barking loudly'
371.7979 	EXP 	fix_text: autoDraw = True
372.0250 	EXP 	blank1_bg: autoDraw = True
372.0383 	EXP 	fix_text: autoDraw = False
372.2218 	EXP 	blank1_bg: autoDraw = False
372.2218 	EXP 	prime_text: autoDraw = True
372.4160 	EXP 	prime_text: autoDraw = False
372.4219 	EXP 	blank2_bg: autoDraw = True
372.5161 	EXP 	blank2_bg: autoDraw = False
372.5223 	INFO 	Keyboard events cleared
372.5221 	EXP 	target_text: autoDraw = True
373.3728 	EXP 	Device response: <KeyPress from None: t=373.37026645800506, value=right, duration=None>
373.3799 	DATA 	Keypress: right
373.3849 	EXP 	fix_text: autoDraw = False
373.3849 	EXP 	blank1_bg: autoDraw = False
373.3849 	EXP 	prime_text: autoDraw = False
373.3849 	EXP 	blank2_bg: autoDraw = False
373.3849 	EXP 	target_text: autoDraw = False
373.3849 	EXP 	greenCircle: autoDraw = True
373.3849 	EXP 	redCrosss: autoDraw = True
373.4901 	EXP 	Device response: <KeyPress from None: t=373.37026645800506, value=right, duration=0.11635691700212192>
373.5749 	EXP 	blank3_bg: autoDraw = True
373.5819 	EXP 	greenCircle: autoDraw = False
373.5819 	EXP 	redCrosss: autoDraw = False
374.3671 	EXP 	New trial (rep=7, index=8): <Trial 120 (8 in rep 7) data={'prime': 'The dog is barking loudly', 'target': 'The barking dog loudly is', 'condition': 'transposition_unrelated', 'correctAns': 'left', 'thisN': 120, 'thisTrialN': 8, 'thisRepN': 7}>
374.3785 	EXP 	blank3_bg: autoDraw = False
374.3785 	EXP 	blank3_bg: autoDraw = False
374.3785 	EXP 	greenCircle: autoDraw = False
374.3785 	EXP 	redCrosss: autoDraw = False
374.3785 	EXP 	text: text = 'Take a short break! Press any key to continue.'
374.3785 	EXP 	text: autoDraw = False
374.3785 	EXP 	prime_text: text = 'The dog is barking loudly'
374.3785 	EXP 	target_text: height = np.float64(0.05)
374.3785 	EXP 	target_text: height = np.float64(0.05)
374.3785 	EXP 	target_text: height = np.float64(0.05)
374.3785 	EXP 	target_text: text = 'The barking dog loudly is'
374.3785 	EXP 	fix_text: autoDraw = True
374.6080 	EXP 	blank1_bg: autoDraw = True
374.6221 	EXP 	fix_text: autoDraw = False
374.8030 	EXP 	blank1_bg: autoDraw = False
374.8163 	EXP 	prime_text: autoDraw = True
375.0043 	EXP 	prime_text: autoDraw = False
375.0043 	EXP 	blank2_bg: autoDraw = True
375.0994 	EXP 	blank2_bg: autoDraw = False
375.1063 	INFO 	Keyboard events cleared
375.1061 	EXP 	target_text: autoDraw = True
375.6229 	EXP 	Device response: <KeyPress from None: t=375.6162636670051, value=left, duration=None>
375.6299 	DATA 	Keypress: left
375.6350 	EXP 	fix_text: autoDraw = False
375.6350 	EXP 	blank1_bg: autoDraw = False
375.6350 	EXP 	prime_text: autoDraw = False
375.6350 	EXP 	blank2_bg: autoDraw = False
375.6350 	EXP 	target_text: autoDraw = False
375.6350 	EXP 	greenCircle: autoDraw = True
375.6350 	EXP 	redCrosss: autoDraw = True
375.7505 	EXP 	Device response: <KeyPress from None: t=375.6162636670051, value=left, duration=0.1283414579957025>
375.8251 	EXP 	blank3_bg: autoDraw = True
375.8318 	EXP 	greenCircle: autoDraw = False
375.8318 	EXP 	redCrosss: autoDraw = False
376.6156 	EXP 	New trial (rep=7, index=9): <Trial 121 (9 in rep 7) data={'prime': 'She does not like apples', 'target': 'She not does like apples', 'condition': 'transposition_related', 'correctAns': 'right', 'thisN': 121, 'thisTrialN': 9, 'thisRepN': 7}>
376.6312 	EXP 	blank3_bg: autoDraw = False
376.6312 	EXP 	blank3_bg: autoDraw = False
376.6312 	EXP 	greenCircle: autoDraw = False
376.6312 	EXP 	redCrosss: autoDraw = False
376.6312 	EXP 	text: text = 'Take a short break! Press any key to continue.'
376.6312 	EXP 	text: autoDraw = False
376.6312 	EXP 	prime_text: height = np.float64(0.05)
376.6312 	EXP 	prime_text: height = np.float64(0.05)
376.6312 	EXP 	prime_text: height = np.float64(0.05)
376.6312 	EXP 	prime_text: text = 'She does not like apples'
376.6312 	EXP 	target_text: height = np.float64(0.05)
376.6312 	EXP 	target_text: height = np.float64(0.05)
376.6312 	EXP 	target_text: height = np.float64(0.05)
376.6312 	EXP 	target_text: text = 'She not does like apples'
376.6312 	EXP 	fix_text: autoDraw = True
376.8586 	EXP 	blank1_bg: autoDraw = True
376.8721 	EXP 	fix_text: autoDraw = False
377.0492 	EXP 	blank1_bg: autoDraw = False
377.0559 	EXP 	prime_text: autoDraw = True
377.2493 	EXP 	prime_text: autoDraw = False
377.2549 	EXP 	blank2_bg: autoDraw = True
377.3494 	EXP 	blank2_bg: autoDraw = False
377.3563 	INFO 	Keyboard events cleared
377.3561 	EXP 	target_text: autoDraw = True
378.0679 	EXP 	Device response: <KeyPress from None: t=378.0592234170035, value=left, duration=None>
378.0766 	DATA 	Keypress: left
378.0810 	EXP 	fix_text: autoDraw = False
378.0810 	EXP 	blank1_bg: autoDraw = False
378.0810 	EXP 	prime_text: autoDraw = False
378.0810 	EXP 	blank2_bg: autoDraw = False
378.0810 	EXP 	target_text: autoDraw = False
378.0810 	EXP 	greenCircle: autoDraw = True
378.0810 	EXP 	redCrosss: autoDraw = True
378.2048 	EXP 	Device response: <KeyPress from None: t=378.0592234170035, value=left, duration=0.14438287500524893>
378.2660 	EXP 	blank3_bg: autoDraw = True
378.2725 	EXP 	greenCircle: autoDraw = False
378.2725 	EXP 	redCrosss: autoDraw = False
379.0552 	EXP 	New trial (rep=7, index=10): <Trial 122 (10 in rep 7) data={'prime': 'She does not like apples', 'target': 'She not does like apples', 'condition': 'repetition_unrelated', 'correctAns': 'left', 'thisN': 122, 'thisTrialN': 10, 'thisRepN': 7}>
379.0661 	EXP 	blank3_bg: autoDraw = False
379.0661 	EXP 	blank3_bg: autoDraw = False
379.0661 	EXP 	greenCircle: autoDraw = False
379.0661 	EXP 	redCrosss: autoDraw = False
379.0661 	EXP 	text: text = 'Take a short break! Press any key to continue.'
379.0661 	EXP 	text: autoDraw = False
379.0661 	EXP 	prime_text: text = 'She does not like apples'
379.0661 	EXP 	target_text: text = 'She not does like apples'
379.0661 	EXP 	fix_text: autoDraw = True
379.2993 	EXP 	blank1_bg: autoDraw = True
379.3071 	EXP 	fix_text: autoDraw = False
379.4993 	EXP 	blank1_bg: autoDraw = False
379.4993 	EXP 	prime_text: autoDraw = True
379.6879 	EXP 	prime_text: autoDraw = False
379.6996 	EXP 	blank2_bg: autoDraw = True
379.7866 	EXP 	blank2_bg: autoDraw = False
379.8059 	INFO 	Keyboard events cleared
379.8057 	EXP 	target_text: autoDraw = True
380.4842 	EXP 	Device response: <KeyPress from None: t=380.47215237500495, value=left, duration=None>
380.4922 	DATA 	Keypress: left
380.4965 	EXP 	fix_text: autoDraw = False
380.4965 	EXP 	blank1_bg: autoDraw = False
380.4965 	EXP 	prime_text: autoDraw = False
380.4965 	EXP 	blank2_bg: autoDraw = False
380.4965 	EXP 	target_text: autoDraw = False
380.4965 	EXP 	greenCircle: autoDraw = True
380.4965 	EXP 	redCrosss: autoDraw = True
380.5837 	EXP 	Device response: <KeyPress from None: t=380.47215237500495, value=left, duration=0.10432625000248663>
380.6826 	EXP 	blank3_bg: autoDraw = True
380.6901 	EXP 	greenCircle: autoDraw = False
380.6901 	EXP 	redCrosss: autoDraw = False
381.4666 	EXP 	New trial (rep=7, index=11): <Trial 123 (11 in rep 7) data={'prime': 'They have finished the work', 'target': 'They have finished the work', 'condition': 'repetition_related', 'correctAns': 'right', 'thisN': 123, 'thisTrialN': 11, 'thisRepN': 7}>
381.4815 	EXP 	blank3_bg: autoDraw = False
381.4815 	EXP 	blank3_bg: autoDraw = False
381.4815 	EXP 	greenCircle: autoDraw = False
381.4815 	EXP 	redCrosss: autoDraw = False
381.4815 	EXP 	text: text = 'Take a short break! Press any key to continue.'
381.4815 	EXP 	text: autoDraw = False
381.4815 	EXP 	prime_text: height = np.float64(0.05)
381.4815 	EXP 	prime_text: height = np.float64(0.05)
381.4815 	EXP 	prime_text: height = np.float64(0.05)
381.4815 	EXP 	prime_text: text = 'They have finished the work'
381.4815 	EXP 	target_text: height = np.float64(0.05)
381.4815 	EXP 	target_text: height = np.float64(0.05)
381.4815 	EXP 	target_text: height = np.float64(0.05)
381.4815 	EXP 	target_text: text = 'They have finished the work'
381.4815 	EXP 	fix_text: autoDraw = True
381.7083 	EXP 	blank1_bg: autoDraw = True
381.7221 	EXP 	fix_text: autoDraw = False
381.9064 	EXP 	blank1_bg: autoDraw = False
381.9064 	EXP 	prime_text: autoDraw = True
382.0994 	EXP 	prime_text: autoDraw = False
382.1060 	EXP 	blank2_bg: autoDraw = True
382.1995 	EXP 	blank2_bg: autoDraw = False
382.2066 	INFO 	Keyboard events cleared
382.2064 	EXP 	target_text: autoDraw = True
383.0180 	EXP 	Device response: <KeyPress from None: t=383.0141072920087, value=right, duration=None>
383.0261 	DATA 	Keypress: right
383.0303 	EXP 	fix_text: autoDraw = False
383.0303 	EXP 	blank1_bg: autoDraw = False
383.0303 	EXP 	prime_text: autoDraw = False
383.0303 	EXP 	blank2_bg: autoDraw = False
383.0303 	EXP 	target_text: autoDraw = False
383.0303 	EXP 	greenCircle: autoDraw = True
383.0303 	EXP 	redCrosss: autoDraw = True
383.1513 	EXP 	Device response: <KeyPress from None: t=383.0141072920087, value=right, duration=0.13228879099187907>
383.2159 	EXP 	blank3_bg: autoDraw = True
383.2235 	EXP 	greenCircle: autoDraw = False
383.2235 	EXP 	redCrosss: autoDraw = False
384.0004 	EXP 	New trial (rep=7, index=12): <Trial 124 (12 in rep 7) data={'prime': 'The boy can read fast', 'target': 'The boy can read fast', 'condition': 'transposition_related', 'correctAns': 'right', 'thisN': 124, 'thisTrialN': 12, 'thisRepN': 7}>
384.0151 	EXP 	blank3_bg: autoDraw = False
384.0151 	EXP 	blank3_bg: autoDraw = False
384.0151 	EXP 	greenCircle: autoDraw = False
384.0151 	EXP 	redCrosss: autoDraw = False
384.0151 	EXP 	text: text = 'Take a short break! Press any key to continue.'
384.0151 	EXP 	text: autoDraw = False
384.0151 	EXP 	prime_text: height = np.float64(0.05)
384.0151 	EXP 	prime_text: height = np.float64(0.05)
384.0151 	EXP 	prime_text: height = np.float64(0.05)
384.0151 	EXP 	prime_text: text = 'The boy can read fast'
384.0151 	EXP 	target_text: height = np.float64(0.05)
384.0151 	EXP 	target_text: height = np.float64(0.05)
384.0151 	EXP 	target_text: height = np.float64(0.05)
384.0151 	EXP 	target_text: text = 'The boy can read fast'
384.0151 	EXP 	fix_text: autoDraw = True
384.2414 	EXP 	blank1_bg: autoDraw = True
384.2562 	EXP 	fix_text: autoDraw = False
384.4394 	EXP 	blank1_bg: autoDraw = False
384.4394 	EXP 	prime_text: autoDraw = True
384.6328 	EXP 	prime_text: autoDraw = False
384.6392 	EXP 	blank2_bg: autoDraw = True
384.7327 	EXP 	blank2_bg: autoDraw = False
384.7391 	INFO 	Keyboard events cleared
384.7390 	EXP 	target_text: autoDraw = True
385.5508 	EXP 	Device response: <KeyPress from None: t=385.5479795420106, value=right, duration=None>
385.5592 	DATA 	Keypress: right
385.5634 	EXP 	fix_text: autoDraw = False
385.5634 	EXP 	blank1_bg: autoDraw = False
385.5634 	EXP 	prime_text: autoDraw = False
385.5634 	EXP 	blank2_bg: autoDraw = False
385.5634 	EXP 	target_text: autoDraw = False
385.5634 	EXP 	greenCircle: autoDraw = True
385.5634 	EXP 	redCrosss: autoDraw = True
385.7339 	EXP 	Device response: <KeyPress from None: t=385.5479795420106, value=right, duration=0.17641687499417458>
385.7477 	EXP 	blank3_bg: autoDraw = True
385.7540 	EXP 	greenCircle: autoDraw = False
385.7540 	EXP 	redCrosss: autoDraw = False
386.5323 	EXP 	New trial (rep=7, index=13): <Trial 125 (13 in rep 7) data={'prime': 'They have finished the work', 'target': 'They finished have the work', 'condition': 'transposition_related', 'correctAns': 'right', 'thisN': 125, 'thisTrialN': 13, 'thisRepN': 7}>
386.5478 	EXP 	blank3_bg: autoDraw = False
386.5478 	EXP 	blank3_bg: autoDraw = False
386.5478 	EXP 	greenCircle: autoDraw = False
386.5478 	EXP 	redCrosss: autoDraw = False
386.5478 	EXP 	text: text = 'Take a short break! Press any key to continue.'
386.5478 	EXP 	text: autoDraw = False
386.5478 	EXP 	prime_text: height = np.float64(0.05)
386.5478 	EXP 	prime_text: height = np.float64(0.05)
386.5478 	EXP 	prime_text: height = np.float64(0.05)
386.5478 	EXP 	prime_text: text = 'They have finished the work'
386.5478 	EXP 	target_text: height = np.float64(0.05)
386.5478 	EXP 	target_text: height = np.float64(0.05)
386.5478 	EXP 	target_text: height = np.float64(0.05)
386.5478 	EXP 	target_text: text = 'They finished have the work'
386.5478 	EXP 	fix_text: autoDraw = True
386.7750 	EXP 	blank1_bg: autoDraw = True
386.7884 	EXP 	fix_text: autoDraw = False
386.9697 	EXP 	blank1_bg: autoDraw = False
386.9827 	EXP 	prime_text: autoDraw = True
387.1709 	EXP 	prime_text: autoDraw = False
387.1709 	EXP 	blank2_bg: autoDraw = True
387.2660 	EXP 	blank2_bg: autoDraw = False
387.2726 	INFO 	Keyboard events cleared
387.2724 	EXP 	target_text: autoDraw = True
388.1836 	EXP 	Device response: <KeyPress from None: t=388.17803612499847, value=left, duration=None>
388.1911 	DATA 	Keypress: left
388.1953 	EXP 	fix_text: autoDraw = False
388.1953 	EXP 	blank1_bg: autoDraw = False
388.1953 	EXP 	prime_text: autoDraw = False
388.1953 	EXP 	blank2_bg: autoDraw = False
388.1953 	EXP 	target_text: autoDraw = False
388.1953 	EXP 	greenCircle: autoDraw = True
388.1953 	EXP 	redCrosss: autoDraw = True
388.2841 	EXP 	Device response: <KeyPress from None: t=388.17803612499847, value=left, duration=0.09616062500572298>
388.3816 	EXP 	blank3_bg: autoDraw = True
388.3884 	EXP 	greenCircle: autoDraw = False
388.3884 	EXP 	redCrosss: autoDraw = False
389.1671 	EXP 	New trial (rep=7, index=14): <Trial 126 (14 in rep 7) data={'prime': 'The dog is barking loudly', 'target': 'The dog barking is loudly', 'condition': 'transposition_related', 'correctAns': 'right', 'thisN': 126, 'thisTrialN': 14, 'thisRepN': 7}>
389.1835 	EXP 	blank3_bg: autoDraw = False
389.1835 	EXP 	blank3_bg: autoDraw = False
389.1835 	EXP 	greenCircle: autoDraw = False
389.1835 	EXP 	redCrosss: autoDraw = False
389.1835 	EXP 	text: text = 'Take a short break! Press any key to continue.'
389.1835 	EXP 	text: autoDraw = False
389.1835 	EXP 	prime_text: height = np.float64(0.05)
389.1835 	EXP 	prime_text: height = np.float64(0.05)
389.1835 	EXP 	prime_text: height = np.float64(0.05)
389.1835 	EXP 	prime_text: text = 'The dog is barking loudly'
389.1835 	EXP 	target_text: height = np.float64(0.05)
389.1835 	EXP 	target_text: height = np.float64(0.05)
389.1835 	EXP 	target_text: height = np.float64(0.05)
389.1835 	EXP 	target_text: text = 'The dog barking is loudly'
389.1835 	EXP 	fix_text: autoDraw = True
389.4083 	EXP 	blank1_bg: autoDraw = True
389.4315 	EXP 	fix_text: autoDraw = False
389.6052 	EXP 	blank1_bg: autoDraw = False
389.6052 	EXP 	prime_text: autoDraw = True
389.7994 	EXP 	prime_text: autoDraw = False
389.8060 	EXP 	blank2_bg: autoDraw = True
389.8995 	EXP 	blank2_bg: autoDraw = False
389.9060 	INFO 	Keyboard events cleared
389.9058 	EXP 	target_text: autoDraw = True
391.1177 	EXP 	Device response: <KeyPress from None: t=391.11492208301206, value=left, duration=None>
391.1263 	DATA 	Keypress: left
391.1306 	EXP 	fix_text: autoDraw = False
391.1306 	EXP 	blank1_bg: autoDraw = False
391.1306 	EXP 	prime_text: autoDraw = False
391.1306 	EXP 	blank2_bg: autoDraw = False
391.1306 	EXP 	target_text: autoDraw = False
391.1306 	EXP 	greenCircle: autoDraw = True
391.1306 	EXP 	redCrosss: autoDraw = True
391.2177 	EXP 	Device response: <KeyPress from None: t=391.11492208301206, value=left, duration=0.09634379199997056>
391.3160 	EXP 	blank3_bg: autoDraw = True
391.3239 	EXP 	greenCircle: autoDraw = False
391.3239 	EXP 	redCrosss: autoDraw = False
392.0997 	EXP 	New trial (rep=7, index=15): <Trial 127 (15 in rep 7) data={'prime': 'The dog is barking loudly', 'target': 'The loudly is barking dog', 'condition': 'repetition_unrelated', 'correctAns': 'left', 'thisN': 127, 'thisTrialN': 15, 'thisRepN': 7}>
392.1117 	EXP 	blank3_bg: autoDraw = False
392.1117 	EXP 	blank3_bg: autoDraw = False
392.1117 	EXP 	greenCircle: autoDraw = False
392.1117 	EXP 	redCrosss: autoDraw = False
392.1117 	EXP 	text: text = 'Take a short break! Press any key to continue.'
392.1117 	EXP 	text: autoDraw = False
392.1117 	EXP 	prime_text: text = 'The dog is barking loudly'
392.1117 	EXP 	target_text: height = np.float64(0.05)
392.1117 	EXP 	target_text: height = np.float64(0.05)
392.1117 	EXP 	target_text: height = np.float64(0.05)
392.1117 	EXP 	target_text: text = 'The loudly is barking dog'
392.1117 	EXP 	fix_text: autoDraw = True
392.3407 	EXP 	blank1_bg: autoDraw = True
392.3556 	EXP 	fix_text: autoDraw = False
392.5328 	EXP 	blank1_bg: autoDraw = False
392.5389 	EXP 	prime_text: autoDraw = True
392.7393 	EXP 	prime_text: autoDraw = False
392.7393 	EXP 	blank2_bg: autoDraw = True
392.8415 	INFO 	Keyboard events cleared
392.8413 	EXP 	blank2_bg: autoDraw = False
392.8413 	EXP 	target_text: autoDraw = True
393.8172 	EXP 	Device response: <KeyPress from None: t=393.8127890420001, value=left, duration=None>
393.8234 	DATA 	Keypress: left
393.8276 	EXP 	fix_text: autoDraw = False
393.8276 	EXP 	blank1_bg: autoDraw = False
393.8276 	EXP 	prime_text: autoDraw = False
393.8276 	EXP 	blank2_bg: autoDraw = False
393.8276 	EXP 	target_text: autoDraw = False
393.8276 	EXP 	greenCircle: autoDraw = True
393.8276 	EXP 	redCrosss: autoDraw = True
393.9230 	EXP 	Device response: <KeyPress from None: t=393.8127890420001, value=left, duration=0.10828166600549594>
394.0147 	EXP 	blank3_bg: autoDraw = True
394.0221 	EXP 	greenCircle: autoDraw = False
394.0221 	EXP 	redCrosss: autoDraw = False
394.8001 	EXP 	New trial (rep=8, index=0): <Trial 128 (0 in rep 8) data={'prime': 'The dog is barking loudly', 'target': 'The dog is barking loudly', 'condition': 'repetition_related', 'correctAns': 'right', 'thisN': 128, 'thisTrialN': 0, 'thisRepN': 8}>
394.8119 	EXP 	blank3_bg: autoDraw = False
394.8119 	EXP 	blank3_bg: autoDraw = False
394.8119 	EXP 	greenCircle: autoDraw = False
394.8119 	EXP 	redCrosss: autoDraw = False
394.8119 	EXP 	text: text = 'Take a short break! Press any key to continue.'
394.8119 	EXP 	text: autoDraw = False
394.8119 	EXP 	prime_text: text = 'The dog is barking loudly'
394.8119 	EXP 	target_text: height = np.float64(0.05)
394.8119 	EXP 	target_text: height = np.float64(0.05)
394.8119 	EXP 	target_text: height = np.float64(0.05)
394.8119 	EXP 	target_text: text = 'The dog is barking loudly'
394.8119 	EXP 	fix_text: autoDraw = True
395.0404 	EXP 	blank1_bg: autoDraw = True
395.0565 	EXP 	fix_text: autoDraw = False
395.2372 	EXP 	blank1_bg: autoDraw = False
395.2372 	EXP 	prime_text: autoDraw = True
395.4328 	EXP 	prime_text: autoDraw = False
395.4392 	EXP 	blank2_bg: autoDraw = True
395.5329 	EXP 	blank2_bg: autoDraw = False
395.5402 	INFO 	Keyboard events cleared
395.5400 	EXP 	target_text: autoDraw = True
397.4506 	EXP 	Device response: <KeyPress from None: t=397.4387341670081, value=right, duration=None>
397.4586 	DATA 	Keypress: right
397.4630 	EXP 	fix_text: autoDraw = False
397.4630 	EXP 	blank1_bg: autoDraw = False
397.4630 	EXP 	prime_text: autoDraw = False
397.4630 	EXP 	blank2_bg: autoDraw = False
397.4630 	EXP 	target_text: autoDraw = False
397.4630 	EXP 	greenCircle: autoDraw = True
397.4630 	EXP 	redCrosss: autoDraw = True
397.6003 	EXP 	Device response: <KeyPress from None: t=397.4387341670081, value=right, duration=0.16033283299475443>
397.6479 	EXP 	blank3_bg: autoDraw = True
397.6552 	EXP 	greenCircle: autoDraw = False
397.6552 	EXP 	redCrosss: autoDraw = False
398.4321 	EXP 	New trial (rep=8, index=1): <Trial 129 (1 in rep 8) data={'prime': 'The boy can read fast', 'target': 'The read can boy fast', 'condition': 'transposition_unrelated', 'correctAns': 'left', 'thisN': 129, 'thisTrialN': 1, 'thisRepN': 8}>
398.4468 	EXP 	blank3_bg: autoDraw = False
398.4468 	EXP 	blank3_bg: autoDraw = False
398.4468 	EXP 	greenCircle: autoDraw = False
398.4468 	EXP 	redCrosss: autoDraw = False
398.4468 	EXP 	text: text = 'Take a short break! Press any key to continue.'
398.4468 	EXP 	text: autoDraw = False
398.4468 	EXP 	prime_text: height = np.float64(0.05)
398.4468 	EXP 	prime_text: height = np.float64(0.05)
398.4468 	EXP 	prime_text: height = np.float64(0.05)
398.4468 	EXP 	prime_text: text = 'The boy can read fast'
398.4468 	EXP 	target_text: height = np.float64(0.05)
398.4468 	EXP 	target_text: height = np.float64(0.05)
398.4468 	EXP 	target_text: height = np.float64(0.05)
398.4468 	EXP 	target_text: text = 'The read can boy fast'
398.4468 	EXP 	fix_text: autoDraw = True
398.6744 	EXP 	blank1_bg: autoDraw = True
398.6879 	EXP 	fix_text: autoDraw = False
398.8659 	EXP 	blank1_bg: autoDraw = False
398.8726 	EXP 	prime_text: autoDraw = True
399.0721 	EXP 	prime_text: autoDraw = False
399.0721 	EXP 	blank2_bg: autoDraw = True
399.1661 	EXP 	blank2_bg: autoDraw = False
399.1730 	INFO 	Keyboard events cleared
399.1728 	EXP 	target_text: autoDraw = True
399.8846 	EXP 	Device response: <KeyPress from None: t=399.8797100420052, value=left, duration=None>
399.8927 	DATA 	Keypress: left
399.8969 	EXP 	fix_text: autoDraw = False
399.8969 	EXP 	blank1_bg: autoDraw = False
399.8969 	EXP 	prime_text: autoDraw = False
399.8969 	EXP 	blank2_bg: autoDraw = False
399.8969 	EXP 	target_text: autoDraw = False
399.8969 	EXP 	greenCircle: autoDraw = True
399.8969 	EXP 	redCrosss: autoDraw = True
400.0171 	EXP 	Device response: <KeyPress from None: t=399.8797100420052, value=left, duration=0.13234466599533334>
400.0826 	EXP 	blank3_bg: autoDraw = True
400.0907 	EXP 	greenCircle: autoDraw = False
400.0907 	EXP 	redCrosss: autoDraw = False
400.8671 	EXP 	New trial (rep=8, index=2): <Trial 130 (2 in rep 8) data={'prime': 'The dog is barking loudly', 'target': 'The barking dog loudly is', 'condition': 'transposition_unrelated', 'correctAns': 'left', 'thisN': 130, 'thisTrialN': 2, 'thisRepN': 8}>
400.8824 	EXP 	blank3_bg: autoDraw = False
400.8824 	EXP 	blank3_bg: autoDraw = False
400.8824 	EXP 	greenCircle: autoDraw = False
400.8824 	EXP 	redCrosss: autoDraw = False
400.8824 	EXP 	text: text = 'Take a short break! Press any key to continue.'
400.8824 	EXP 	text: autoDraw = False
400.8824 	EXP 	prime_text: height = np.float64(0.05)
400.8824 	EXP 	prime_text: height = np.float64(0.05)
400.8824 	EXP 	prime_text: height = np.float64(0.05)
400.8824 	EXP 	prime_text: text = 'The dog is barking loudly'
400.8824 	EXP 	target_text: height = np.float64(0.05)
400.8824 	EXP 	target_text: height = np.float64(0.05)
400.8824 	EXP 	target_text: height = np.float64(0.05)
400.8824 	EXP 	target_text: text = 'The barking dog loudly is'
400.8824 	EXP 	fix_text: autoDraw = True
401.1075 	EXP 	blank1_bg: autoDraw = True
401.1327 	EXP 	fix_text: autoDraw = False
401.3068 	EXP 	blank1_bg: autoDraw = False
401.3068 	EXP 	prime_text: autoDraw = True
401.5058 	EXP 	prime_text: autoDraw = False
401.5058 	EXP 	blank2_bg: autoDraw = True
401.5995 	EXP 	blank2_bg: autoDraw = False
401.6060 	INFO 	Keyboard events cleared
401.6058 	EXP 	target_text: autoDraw = True
402.5678 	EXP 	Device response: <KeyPress from None: t=402.5626234579977, value=left, duration=None>
402.5761 	DATA 	Keypress: left
402.5804 	EXP 	fix_text: autoDraw = False
402.5804 	EXP 	blank1_bg: autoDraw = False
402.5804 	EXP 	prime_text: autoDraw = False
402.5804 	EXP 	blank2_bg: autoDraw = False
402.5804 	EXP 	target_text: autoDraw = False
402.5804 	EXP 	greenCircle: autoDraw = True
402.5804 	EXP 	redCrosss: autoDraw = True
402.6837 	EXP 	Device response: <KeyPress from None: t=402.5626234579977, value=left, duration=0.11233316700963769>
402.7644 	EXP 	blank3_bg: autoDraw = True
402.7706 	EXP 	greenCircle: autoDraw = False
402.7706 	EXP 	redCrosss: autoDraw = False
403.5486 	EXP 	New trial (rep=8, index=3): <Trial 131 (3 in rep 8) data={'prime': 'The dog is barking loudly', 'target': 'The dog barking is loudly', 'condition': 'transposition_related', 'correctAns': 'right', 'thisN': 131, 'thisTrialN': 3, 'thisRepN': 8}>
403.5605 	EXP 	blank3_bg: autoDraw = False
403.5605 	EXP 	blank3_bg: autoDraw = False
403.5605 	EXP 	greenCircle: autoDraw = False
403.5605 	EXP 	redCrosss: autoDraw = False
403.5605 	EXP 	text: text = 'Take a short break! Press any key to continue.'
403.5605 	EXP 	text: autoDraw = False
403.5605 	EXP 	prime_text: text = 'The dog is barking loudly'
403.5605 	EXP 	target_text: height = np.float64(0.05)
403.5605 	EXP 	target_text: height = np.float64(0.05)
403.5605 	EXP 	target_text: height = np.float64(0.05)
403.5605 	EXP 	target_text: text = 'The dog barking is loudly'
403.5605 	EXP 	fix_text: autoDraw = True
403.7918 	EXP 	blank1_bg: autoDraw = True
403.8056 	EXP 	fix_text: autoDraw = False
403.9888 	EXP 	blank1_bg: autoDraw = False
403.9888 	EXP 	prime_text: autoDraw = True
404.1887 	EXP 	prime_text: autoDraw = False
404.1887 	EXP 	blank2_bg: autoDraw = True
404.2827 	EXP 	blank2_bg: autoDraw = False
404.2896 	INFO 	Keyboard events cleared
404.2894 	EXP 	target_text: autoDraw = True
405.3739 	EXP 	Device response: <KeyPress from None: t=405.3725853750075, value=left, duration=None>
405.3814 	DATA 	Keypress: left
405.3861 	EXP 	fix_text: autoDraw = False
405.3861 	EXP 	blank1_bg: autoDraw = False
405.3861 	EXP 	prime_text: autoDraw = False
405.3861 	EXP 	blank2_bg: autoDraw = False
405.3861 	EXP 	target_text: autoDraw = False
405.3861 	EXP 	greenCircle: autoDraw = True
405.3861 	EXP 	redCrosss: autoDraw = True
405.4901 	EXP 	Device response: <KeyPress from None: t=405.3725853750075, value=left, duration=0.11628783299238421>
405.5750 	EXP 	blank3_bg: autoDraw = True
405.5813 	EXP 	greenCircle: autoDraw = False
405.5813 	EXP 	redCrosss: autoDraw = False
406.3581 	EXP 	New trial (rep=8, index=4): <Trial 132 (4 in rep 8) data={'prime': 'She does not like apples', 'target': 'She does not like apples', 'condition': 'repetition_related', 'correctAns': 'right', 'thisN': 132, 'thisTrialN': 4, 'thisRepN': 8}>
406.3726 	EXP 	blank3_bg: autoDraw = False
406.3726 	EXP 	blank3_bg: autoDraw = False
406.3726 	EXP 	greenCircle: autoDraw = False
406.3726 	EXP 	redCrosss: autoDraw = False
406.3726 	EXP 	text: text = 'Take a short break! Press any key to continue.'
406.3726 	EXP 	text: autoDraw = False
406.3726 	EXP 	prime_text: height = np.float64(0.05)
406.3726 	EXP 	prime_text: height = np.float64(0.05)
406.3726 	EXP 	prime_text: height = np.float64(0.05)
406.3726 	EXP 	prime_text: text = 'She does not like apples'
406.3726 	EXP 	target_text: height = np.float64(0.05)
406.3726 	EXP 	target_text: height = np.float64(0.05)
406.3726 	EXP 	target_text: height = np.float64(0.05)
406.3726 	EXP 	target_text: text = 'She does not like apples'
406.3726 	EXP 	fix_text: autoDraw = True
406.6083 	EXP 	blank1_bg: autoDraw = True
406.6146 	EXP 	fix_text: autoDraw = False
406.7978 	EXP 	blank1_bg: autoDraw = False
406.7978 	EXP 	prime_text: autoDraw = True
406.9875 	EXP 	prime_text: autoDraw = False
407.0058 	EXP 	blank2_bg: autoDraw = True
407.0993 	EXP 	blank2_bg: autoDraw = False
407.1062 	INFO 	Keyboard events cleared
407.1060 	EXP 	target_text: autoDraw = True
407.9513 	EXP 	Device response: <KeyPress from None: t=407.94176029200025, value=right, duration=None>
407.9598 	DATA 	Keypress: right
407.9640 	EXP 	fix_text: autoDraw = False
407.9640 	EXP 	blank1_bg: autoDraw = False
407.9640 	EXP 	prime_text: autoDraw = False
407.9640 	EXP 	blank2_bg: autoDraw = False
407.9640 	EXP 	target_text: autoDraw = False
407.9640 	EXP 	greenCircle: autoDraw = True
407.9640 	EXP 	redCrosss: autoDraw = True
408.0732 	EXP 	Device response: <KeyPress from None: t=407.94176029200025, value=right, duration=0.12795570799789857>
408.1480 	EXP 	blank3_bg: autoDraw = True
408.1543 	EXP 	greenCircle: autoDraw = False
408.1543 	EXP 	redCrosss: autoDraw = False
408.9325 	EXP 	New trial (rep=8, index=5): <Trial 133 (5 in rep 8) data={'prime': 'They have finished the work', 'target': 'They finished have the work', 'condition': 'transposition_related', 'correctAns': 'right', 'thisN': 133, 'thisTrialN': 5, 'thisRepN': 8}>
408.9468 	EXP 	blank3_bg: autoDraw = False
408.9468 	EXP 	blank3_bg: autoDraw = False
408.9468 	EXP 	greenCircle: autoDraw = False
408.9468 	EXP 	redCrosss: autoDraw = False
408.9468 	EXP 	text: text = 'Take a short break! Press any key to continue.'
408.9468 	EXP 	text: autoDraw = False
408.9468 	EXP 	prime_text: height = np.float64(0.05)
408.9468 	EXP 	prime_text: height = np.float64(0.05)
408.9468 	EXP 	prime_text: height = np.float64(0.05)
408.9468 	EXP 	prime_text: text = 'They have finished the work'
408.9468 	EXP 	target_text: height = np.float64(0.05)
408.9468 	EXP 	target_text: height = np.float64(0.05)
408.9468 	EXP 	target_text: height = np.float64(0.05)
408.9468 	EXP 	target_text: text = 'They finished have the work'
408.9468 	EXP 	fix_text: autoDraw = True
409.1752 	EXP 	blank1_bg: autoDraw = True
409.1886 	EXP 	fix_text: autoDraw = False
409.3724 	EXP 	blank1_bg: autoDraw = False
409.3724 	EXP 	prime_text: autoDraw = True
409.5660 	EXP 	prime_text: autoDraw = False
409.5724 	EXP 	blank2_bg: autoDraw = True
409.6659 	EXP 	blank2_bg: autoDraw = False
409.6738 	INFO 	Keyboard events cleared
409.6736 	EXP 	target_text: autoDraw = True
410.6172 	EXP 	Device response: <KeyPress from None: t=410.60637604200747, value=left, duration=None>
410.6248 	DATA 	Keypress: left
410.6290 	EXP 	fix_text: autoDraw = False
410.6290 	EXP 	blank1_bg: autoDraw = False
410.6290 	EXP 	prime_text: autoDraw = False
410.6290 	EXP 	blank2_bg: autoDraw = False
410.6290 	EXP 	target_text: autoDraw = False
410.6290 	EXP 	greenCircle: autoDraw = True
410.6290 	EXP 	redCrosss: autoDraw = True
410.7178 	EXP 	Device response: <KeyPress from None: t=410.60637604200747, value=left, duration=0.10431704099755734>
410.8147 	EXP 	blank3_bg: autoDraw = True
410.8210 	EXP 	greenCircle: autoDraw = False
410.8210 	EXP 	redCrosss: autoDraw = False
411.6003 	EXP 	New trial (rep=8, index=6): <Trial 134 (6 in rep 8) data={'prime': 'The dog is barking loudly', 'target': 'The loudly is barking dog', 'condition': 'repetition_unrelated', 'correctAns': 'left', 'thisN': 134, 'thisTrialN': 6, 'thisRepN': 8}>
411.6158 	EXP 	blank3_bg: autoDraw = False
411.6158 	EXP 	blank3_bg: autoDraw = False
411.6158 	EXP 	greenCircle: autoDraw = False
411.6158 	EXP 	redCrosss: autoDraw = False
411.6158 	EXP 	text: text = 'Take a short break! Press any key to continue.'
411.6158 	EXP 	text: autoDraw = False
411.6158 	EXP 	prime_text: height = np.float64(0.05)
411.6158 	EXP 	prime_text: height = np.float64(0.05)
411.6158 	EXP 	prime_text: height = np.float64(0.05)
411.6158 	EXP 	prime_text: text = 'The dog is barking loudly'
411.6158 	EXP 	target_text: height = np.float64(0.05)
411.6158 	EXP 	target_text: height = np.float64(0.05)
411.6158 	EXP 	target_text: height = np.float64(0.05)
411.6158 	EXP 	target_text: text = 'The loudly is barking dog'
411.6158 	EXP 	fix_text: autoDraw = True
411.8415 	EXP 	blank1_bg: autoDraw = True
411.8569 	EXP 	fix_text: autoDraw = False
412.0386 	EXP 	blank1_bg: autoDraw = False
412.0386 	EXP 	prime_text: autoDraw = True
412.2328 	EXP 	prime_text: autoDraw = False
412.2389 	EXP 	blank2_bg: autoDraw = True
412.3326 	EXP 	blank2_bg: autoDraw = False
412.3395 	INFO 	Keyboard events cleared
412.3394 	EXP 	target_text: autoDraw = True
413.1399 	EXP 	Device response: <KeyPress from None: t=413.1363881670113, value=left, duration=None>
413.1472 	DATA 	Keypress: left
413.1520 	EXP 	fix_text: autoDraw = False
413.1520 	EXP 	blank1_bg: autoDraw = False
413.1520 	EXP 	prime_text: autoDraw = False
413.1520 	EXP 	blank2_bg: autoDraw = False
413.1520 	EXP 	target_text: autoDraw = False
413.1520 	EXP 	greenCircle: autoDraw = True
413.1520 	EXP 	redCrosss: autoDraw = True
413.2673 	EXP 	Device response: <KeyPress from None: t=413.1363881670113, value=left, duration=0.12424804100010078>
413.3413 	EXP 	blank3_bg: autoDraw = True
413.3477 	EXP 	greenCircle: autoDraw = False
413.3477 	EXP 	redCrosss: autoDraw = False
414.1339 	EXP 	New trial (rep=8, index=7): <Trial 135 (7 in rep 8) data={'prime': 'She does not like apples', 'target': 'She not does like apples', 'condition': 'repetition_unrelated', 'correctAns': 'left', 'thisN': 135, 'thisTrialN': 7, 'thisRepN': 8}>
414.1493 	EXP 	blank3_bg: autoDraw = False
414.1493 	EXP 	blank3_bg: autoDraw = False
414.1493 	EXP 	greenCircle: autoDraw = False
414.1493 	EXP 	redCrosss: autoDraw = False
414.1493 	EXP 	text: text = 'Take a short break! Press any key to continue.'
414.1493 	EXP 	text: autoDraw = False
414.1493 	EXP 	prime_text: height = np.float64(0.05)
414.1493 	EXP 	prime_text: height = np.float64(0.05)
414.1493 	EXP 	prime_text: height = np.float64(0.05)
414.1493 	EXP 	prime_text: text = 'She does not like apples'
414.1493 	EXP 	target_text: height = np.float64(0.05)
414.1493 	EXP 	target_text: height = np.float64(0.05)
414.1493 	EXP 	target_text: height = np.float64(0.05)
414.1493 	EXP 	target_text: text = 'She not does like apples'
414.1493 	EXP 	fix_text: autoDraw = True
414.3826 	EXP 	blank1_bg: autoDraw = True
414.3906 	EXP 	fix_text: autoDraw = False
414.5825 	EXP 	blank1_bg: autoDraw = False
414.5825 	EXP 	prime_text: autoDraw = True
414.7727 	EXP 	prime_text: autoDraw = False
414.7727 	EXP 	blank2_bg: autoDraw = True
414.8700 	EXP 	blank2_bg: autoDraw = False
414.8828 	INFO 	Keyboard events cleared
414.8826 	EXP 	target_text: autoDraw = True
415.5674 	EXP 	Device response: <KeyPress from None: t=415.55823295800656, value=left, duration=None>
415.5746 	DATA 	Keypress: left
415.5786 	EXP 	fix_text: autoDraw = False
415.5786 	EXP 	blank1_bg: autoDraw = False
415.5786 	EXP 	prime_text: autoDraw = False
415.5786 	EXP 	blank2_bg: autoDraw = False
415.5786 	EXP 	target_text: autoDraw = False
415.5786 	EXP 	greenCircle: autoDraw = True
415.5786 	EXP 	redCrosss: autoDraw = True
415.6503 	EXP 	Device response: <KeyPress from None: t=415.55823295800656, value=left, duration=0.08443891699425876>
415.7648 	EXP 	blank3_bg: autoDraw = True
415.7734 	EXP 	greenCircle: autoDraw = False
415.7734 	EXP 	redCrosss: autoDraw = False
416.5501 	EXP 	New trial (rep=8, index=8): <Trial 136 (8 in rep 8) data={'prime': 'They have finished the work', 'target': 'They have finished the work', 'condition': 'repetition_related', 'correctAns': 'right', 'thisN': 136, 'thisTrialN': 8, 'thisRepN': 8}>
416.5660 	EXP 	blank3_bg: autoDraw = False
416.5660 	EXP 	blank3_bg: autoDraw = False
416.5660 	EXP 	greenCircle: autoDraw = False
416.5660 	EXP 	redCrosss: autoDraw = False
416.5660 	EXP 	text: text = 'Take a short break! Press any key to continue.'
416.5660 	EXP 	text: autoDraw = False
416.5660 	EXP 	prime_text: height = np.float64(0.05)
416.5660 	EXP 	prime_text: height = np.float64(0.05)
416.5660 	EXP 	prime_text: height = np.float64(0.05)
416.5660 	EXP 	prime_text: text = 'They have finished the work'
416.5660 	EXP 	target_text: height = np.float64(0.05)
416.5660 	EXP 	target_text: height = np.float64(0.05)
416.5660 	EXP 	target_text: height = np.float64(0.05)
416.5660 	EXP 	target_text: text = 'They have finished the work'
416.5660 	EXP 	fix_text: autoDraw = True
416.7916 	EXP 	blank1_bg: autoDraw = True
416.8157 	EXP 	fix_text: autoDraw = False
416.9825 	EXP 	blank1_bg: autoDraw = False
416.9881 	EXP 	prime_text: autoDraw = True
417.1891 	EXP 	prime_text: autoDraw = False
417.1891 	EXP 	blank2_bg: autoDraw = True
417.2826 	EXP 	blank2_bg: autoDraw = False
417.2895 	INFO 	Keyboard events cleared
417.2893 	EXP 	target_text: autoDraw = True
417.8233 	EXP 	Device response: <KeyPress from None: t=417.82224283300457, value=right, duration=None>
417.8398 	DATA 	Keypress: right
417.8440 	EXP 	fix_text: autoDraw = False
417.8440 	EXP 	blank1_bg: autoDraw = False
417.8440 	EXP 	prime_text: autoDraw = False
417.8440 	EXP 	blank2_bg: autoDraw = False
417.8440 	EXP 	target_text: autoDraw = False
417.8440 	EXP 	greenCircle: autoDraw = True
417.8440 	EXP 	redCrosss: autoDraw = True
417.9671 	EXP 	Device response: <KeyPress from None: t=417.82224283300457, value=right, duration=0.1362774589943001>
418.0247 	EXP 	blank3_bg: autoDraw = True
418.0398 	EXP 	greenCircle: autoDraw = False
418.0398 	EXP 	redCrosss: autoDraw = False
418.8153 	EXP 	New trial (rep=8, index=9): <Trial 137 (9 in rep 8) data={'prime': 'She does not like apples', 'target': 'She like does apples not', 'condition': 'transposition_unrelated', 'correctAns': 'left', 'thisN': 137, 'thisTrialN': 9, 'thisRepN': 8}>
418.8297 	EXP 	blank3_bg: autoDraw = False
418.8297 	EXP 	blank3_bg: autoDraw = False
418.8297 	EXP 	greenCircle: autoDraw = False
418.8297 	EXP 	redCrosss: autoDraw = False
418.8297 	EXP 	text: text = 'Take a short break! Press any key to continue.'
418.8297 	EXP 	text: autoDraw = False
418.8297 	EXP 	prime_text: height = np.float64(0.05)
418.8297 	EXP 	prime_text: height = np.float64(0.05)
418.8297 	EXP 	prime_text: height = np.float64(0.05)
418.8297 	EXP 	prime_text: text = 'She does not like apples'
418.8297 	EXP 	target_text: height = np.float64(0.05)
418.8297 	EXP 	target_text: height = np.float64(0.05)
418.8297 	EXP 	target_text: height = np.float64(0.05)
418.8297 	EXP 	target_text: text = 'She like does apples not'
418.8297 	EXP 	fix_text: autoDraw = True
419.0584 	EXP 	blank1_bg: autoDraw = True
419.0718 	EXP 	fix_text: autoDraw = False
419.2543 	EXP 	blank1_bg: autoDraw = False
419.2543 	EXP 	prime_text: autoDraw = True
419.4493 	EXP 	prime_text: autoDraw = False
419.4556 	EXP 	blank2_bg: autoDraw = True
419.5494 	EXP 	blank2_bg: autoDraw = False
419.5564 	INFO 	Keyboard events cleared
419.5563 	EXP 	target_text: autoDraw = True
420.6734 	EXP 	Device response: <KeyPress from None: t=420.6682204170065, value=left, duration=None>
420.6807 	DATA 	Keypress: left
420.6852 	EXP 	fix_text: autoDraw = False
420.6852 	EXP 	blank1_bg: autoDraw = False
420.6852 	EXP 	prime_text: autoDraw = False
420.6852 	EXP 	blank2_bg: autoDraw = False
420.6852 	EXP 	target_text: autoDraw = False
420.6852 	EXP 	greenCircle: autoDraw = True
420.6852 	EXP 	redCrosss: autoDraw = True
420.7677 	EXP 	Device response: <KeyPress from None: t=420.6682204170065, value=left, duration=0.09634733300481457>
420.8745 	EXP 	blank3_bg: autoDraw = True
420.8811 	EXP 	greenCircle: autoDraw = False
420.8811 	EXP 	redCrosss: autoDraw = False
421.6657 	EXP 	New trial (rep=8, index=10): <Trial 138 (10 in rep 8) data={'prime': 'They have finished the work', 'target': 'They finished have the work', 'condition': 'repetition_unrelated', 'correctAns': 'left', 'thisN': 138, 'thisTrialN': 10, 'thisRepN': 8}>
421.6821 	EXP 	blank3_bg: autoDraw = False
421.6821 	EXP 	blank3_bg: autoDraw = False
421.6821 	EXP 	greenCircle: autoDraw = False
421.6821 	EXP 	redCrosss: autoDraw = False
421.6821 	EXP 	text: text = 'Take a short break! Press any key to continue.'
421.6821 	EXP 	text: autoDraw = False
421.6821 	EXP 	prime_text: height = np.float64(0.05)
421.6821 	EXP 	prime_text: height = np.float64(0.05)
421.6821 	EXP 	prime_text: height = np.float64(0.05)
421.6821 	EXP 	prime_text: text = 'They have finished the work'
421.6821 	EXP 	target_text: height = np.float64(0.05)
421.6821 	EXP 	target_text: height = np.float64(0.05)
421.6821 	EXP 	target_text: height = np.float64(0.05)
421.6821 	EXP 	target_text: text = 'They finished have the work'
421.6821 	EXP 	fix_text: autoDraw = True
421.9082 	EXP 	blank1_bg: autoDraw = True
421.9220 	EXP 	fix_text: autoDraw = False
422.1045 	EXP 	blank1_bg: autoDraw = False
422.1045 	EXP 	prime_text: autoDraw = True
422.2994 	EXP 	prime_text: autoDraw = False
422.3059 	EXP 	blank2_bg: autoDraw = True
422.3993 	EXP 	blank2_bg: autoDraw = False
422.4060 	INFO 	Keyboard events cleared
422.4059 	EXP 	target_text: autoDraw = True
423.0401 	EXP 	Device response: <KeyPress from None: t=423.03320670800167, value=left, duration=None>
423.0474 	DATA 	Keypress: left
423.0520 	EXP 	fix_text: autoDraw = False
423.0520 	EXP 	blank1_bg: autoDraw = False
423.0520 	EXP 	prime_text: autoDraw = False
423.0520 	EXP 	blank2_bg: autoDraw = False
423.0520 	EXP 	target_text: autoDraw = False
423.0520 	EXP 	greenCircle: autoDraw = True
423.0520 	EXP 	redCrosss: autoDraw = True
423.1345 	EXP 	Device response: <KeyPress from None: t=423.03320670800167, value=left, duration=0.09621329201036133>
423.2407 	EXP 	blank3_bg: autoDraw = True
423.2478 	EXP 	greenCircle: autoDraw = False
423.2478 	EXP 	redCrosss: autoDraw = False
424.0333 	EXP 	New trial (rep=8, index=11): <Trial 139 (11 in rep 8) data={'prime': 'They have finished the work', 'target': 'They work the have finished', 'condition': 'transposition_unrelated', 'correctAns': 'left', 'thisN': 139, 'thisTrialN': 11, 'thisRepN': 8}>
424.0445 	EXP 	blank3_bg: autoDraw = False
424.0445 	EXP 	blank3_bg: autoDraw = False
424.0445 	EXP 	greenCircle: autoDraw = False
424.0445 	EXP 	redCrosss: autoDraw = False
424.0445 	EXP 	text: text = 'Take a short break! Press any key to continue.'
424.0445 	EXP 	text: autoDraw = False
424.0445 	EXP 	prime_text: text = 'They have finished the work'
424.0445 	EXP 	target_text: height = np.float64(0.05)
424.0445 	EXP 	target_text: height = np.float64(0.05)
424.0445 	EXP 	target_text: height = np.float64(0.05)
424.0445 	EXP 	target_text: text = 'They work the have finished'
424.0445 	EXP 	fix_text: autoDraw = True
424.2748 	EXP 	blank1_bg: autoDraw = True
424.2885 	EXP 	fix_text: autoDraw = False
424.4691 	EXP 	blank1_bg: autoDraw = False
424.4828 	EXP 	prime_text: autoDraw = True
424.6721 	EXP 	prime_text: autoDraw = False
424.6721 	EXP 	blank2_bg: autoDraw = True
424.7658 	EXP 	blank2_bg: autoDraw = False
424.7721 	INFO 	Keyboard events cleared
424.7719 	EXP 	target_text: autoDraw = True
425.3846 	EXP 	Device response: <KeyPress from None: t=425.3811141670012, value=left, duration=None>
425.3930 	DATA 	Keypress: left
425.3973 	EXP 	fix_text: autoDraw = False
425.3973 	EXP 	blank1_bg: autoDraw = False
425.3973 	EXP 	prime_text: autoDraw = False
425.3973 	EXP 	blank2_bg: autoDraw = False
425.3973 	EXP 	target_text: autoDraw = False
425.3973 	EXP 	greenCircle: autoDraw = True
425.3973 	EXP 	redCrosss: autoDraw = True
425.4843 	EXP 	Device response: <KeyPress from None: t=425.3811141670012, value=left, duration=0.10027841600822285>
425.5831 	EXP 	blank3_bg: autoDraw = True
425.5912 	EXP 	greenCircle: autoDraw = False
425.5912 	EXP 	redCrosss: autoDraw = False
426.3722 	EXP 	New trial (rep=8, index=12): <Trial 140 (12 in rep 8) data={'prime': 'She does not like apples', 'target': 'She not does like apples', 'condition': 'transposition_related', 'correctAns': 'right', 'thisN': 140, 'thisTrialN': 12, 'thisRepN': 8}>
426.3868 	EXP 	blank3_bg: autoDraw = False
426.3868 	EXP 	blank3_bg: autoDraw = False
426.3868 	EXP 	greenCircle: autoDraw = False
426.3868 	EXP 	redCrosss: autoDraw = False
426.3868 	EXP 	text: text = 'Take a short break! Press any key to continue.'
426.3868 	EXP 	text: autoDraw = False
426.3868 	EXP 	prime_text: height = np.float64(0.05)
426.3868 	EXP 	prime_text: height = np.float64(0.05)
426.3868 	EXP 	prime_text: height = np.float64(0.05)
426.3868 	EXP 	prime_text: text = 'She does not like apples'
426.3868 	EXP 	target_text: height = np.float64(0.05)
426.3868 	EXP 	target_text: height = np.float64(0.05)
426.3868 	EXP 	target_text: height = np.float64(0.05)
426.3868 	EXP 	target_text: text = 'She not does like apples'
426.3868 	EXP 	fix_text: autoDraw = True
426.6148 	EXP 	blank1_bg: autoDraw = True
426.6310 	EXP 	fix_text: autoDraw = False
426.8035 	EXP 	blank1_bg: autoDraw = False
426.8231 	EXP 	prime_text: autoDraw = True
427.0159 	EXP 	blank2_bg: autoDraw = True
427.0209 	EXP 	prime_text: autoDraw = False
427.1034 	EXP 	blank2_bg: autoDraw = False
427.1223 	INFO 	Keyboard events cleared
427.1221 	EXP 	target_text: autoDraw = True
427.6574 	EXP 	Device response: <KeyPress from None: t=427.6509924580023, value=left, duration=None>
427.6649 	DATA 	Keypress: left
427.6686 	EXP 	fix_text: autoDraw = False
427.6686 	EXP 	blank1_bg: autoDraw = False
427.6686 	EXP 	prime_text: autoDraw = False
427.6686 	EXP 	blank2_bg: autoDraw = False
427.6686 	EXP 	target_text: autoDraw = False
427.6686 	EXP 	greenCircle: autoDraw = True
427.6686 	EXP 	redCrosss: autoDraw = True
427.7672 	EXP 	Device response: <KeyPress from None: t=427.6509924580023, value=left, duration=0.11242358399613295>
427.8576 	EXP 	blank3_bg: autoDraw = True
427.8644 	EXP 	greenCircle: autoDraw = False
427.8644 	EXP 	redCrosss: autoDraw = False
428.6500 	EXP 	New trial (rep=8, index=13): <Trial 141 (13 in rep 8) data={'prime': 'The boy can read fast', 'target': 'The read can boy fast', 'condition': 'repetition_unrelated', 'correctAns': 'left', 'thisN': 141, 'thisTrialN': 13, 'thisRepN': 8}>
428.6651 	EXP 	blank3_bg: autoDraw = False
428.6651 	EXP 	blank3_bg: autoDraw = False
428.6651 	EXP 	greenCircle: autoDraw = False
428.6651 	EXP 	redCrosss: autoDraw = False
428.6651 	EXP 	text: text = 'Take a short break! Press any key to continue.'
428.6651 	EXP 	text: autoDraw = False
428.6651 	EXP 	prime_text: height = np.float64(0.05)
428.6651 	EXP 	prime_text: height = np.float64(0.05)
428.6651 	EXP 	prime_text: height = np.float64(0.05)
428.6651 	EXP 	prime_text: text = 'The boy can read fast'
428.6651 	EXP 	target_text: height = np.float64(0.05)
428.6651 	EXP 	target_text: height = np.float64(0.05)
428.6651 	EXP 	target_text: height = np.float64(0.05)
428.6651 	EXP 	target_text: text = 'The read can boy fast'
428.6651 	EXP 	fix_text: autoDraw = True
428.8919 	EXP 	blank1_bg: autoDraw = True
428.9054 	EXP 	fix_text: autoDraw = False
429.0862 	EXP 	blank1_bg: autoDraw = False
429.0994 	EXP 	prime_text: autoDraw = True
429.2892 	EXP 	prime_text: autoDraw = False
429.2892 	EXP 	blank2_bg: autoDraw = True
429.3827 	EXP 	blank2_bg: autoDraw = False
429.3896 	INFO 	Keyboard events cleared
429.3894 	EXP 	target_text: autoDraw = True
429.9344 	EXP 	Device response: <KeyPress from None: t=429.9229977500072, value=left, duration=None>
429.9426 	DATA 	Keypress: left
429.9468 	EXP 	fix_text: autoDraw = False
429.9468 	EXP 	blank1_bg: autoDraw = False
429.9468 	EXP 	prime_text: autoDraw = False
429.9468 	EXP 	blank2_bg: autoDraw = False
429.9468 	EXP 	target_text: autoDraw = False
429.9468 	EXP 	greenCircle: autoDraw = True
429.9468 	EXP 	redCrosss: autoDraw = True
430.0345 	EXP 	Device response: <KeyPress from None: t=429.9229977500072, value=left, duration=0.10860070800117683>
430.1327 	EXP 	blank3_bg: autoDraw = True
430.1412 	EXP 	greenCircle: autoDraw = False
430.1412 	EXP 	redCrosss: autoDraw = False
430.9164 	EXP 	New trial (rep=8, index=14): <Trial 142 (14 in rep 8) data={'prime': 'The boy can read fast', 'target': 'The boy can read fast', 'condition': 'repetition_related', 'correctAns': 'right', 'thisN': 142, 'thisTrialN': 14, 'thisRepN': 8}>
430.9273 	EXP 	blank3_bg: autoDraw = False
430.9273 	EXP 	blank3_bg: autoDraw = False
430.9273 	EXP 	greenCircle: autoDraw = False
430.9273 	EXP 	redCrosss: autoDraw = False
430.9273 	EXP 	text: text = 'Take a short break! Press any key to continue.'
430.9273 	EXP 	text: autoDraw = False
430.9273 	EXP 	prime_text: text = 'The boy can read fast'
430.9273 	EXP 	target_text: height = np.float64(0.05)
430.9273 	EXP 	target_text: height = np.float64(0.05)
430.9273 	EXP 	target_text: height = np.float64(0.05)
430.9273 	EXP 	target_text: text = 'The boy can read fast'
430.9273 	EXP 	fix_text: autoDraw = True
431.1575 	EXP 	blank1_bg: autoDraw = True
431.1726 	EXP 	fix_text: autoDraw = False
431.3548 	EXP 	blank1_bg: autoDraw = False
431.3548 	EXP 	prime_text: autoDraw = True
431.5494 	EXP 	prime_text: autoDraw = False
431.5557 	EXP 	blank2_bg: autoDraw = True
431.6556 	INFO 	Keyboard events cleared
431.6554 	EXP 	blank2_bg: autoDraw = False
431.6554 	EXP 	target_text: autoDraw = True
432.3898 	EXP 	Device response: <KeyPress from None: t=432.3878623750061, value=right, duration=None>
432.3973 	DATA 	Keypress: right
432.4020 	EXP 	fix_text: autoDraw = False
432.4020 	EXP 	blank1_bg: autoDraw = False
432.4020 	EXP 	prime_text: autoDraw = False
432.4020 	EXP 	blank2_bg: autoDraw = False
432.4020 	EXP 	target_text: autoDraw = False
432.4020 	EXP 	greenCircle: autoDraw = True
432.4020 	EXP 	redCrosss: autoDraw = True
432.5175 	EXP 	Device response: <KeyPress from None: t=432.3878623750061, value=right, duration=0.11635304200171959>
432.5811 	EXP 	blank3_bg: autoDraw = True
432.5981 	EXP 	greenCircle: autoDraw = False
432.5981 	EXP 	redCrosss: autoDraw = False
433.3656 	EXP 	New trial (rep=8, index=15): <Trial 143 (15 in rep 8) data={'prime': 'The boy can read fast', 'target': 'The boy can read fast', 'condition': 'transposition_related', 'correctAns': 'right', 'thisN': 143, 'thisTrialN': 15, 'thisRepN': 8}>
433.3717 	EXP 	blank3_bg: autoDraw = False
433.3717 	EXP 	blank3_bg: autoDraw = False
433.3717 	EXP 	greenCircle: autoDraw = False
433.3717 	EXP 	redCrosss: autoDraw = False
433.3717 	EXP 	text: text = 'Take a short break! Press any key to continue.'
433.3717 	EXP 	text: autoDraw = False
433.3717 	EXP 	prime_text: text = 'The boy can read fast'
433.3717 	EXP 	target_text: text = 'The boy can read fast'
433.3717 	EXP 	fix_text: autoDraw = True
433.6082 	EXP 	blank1_bg: autoDraw = True
433.6147 	EXP 	fix_text: autoDraw = False
433.8022 	EXP 	blank1_bg: autoDraw = False
433.8159 	EXP 	prime_text: autoDraw = True
434.0053 	EXP 	prime_text: autoDraw = False
434.0053 	EXP 	blank2_bg: autoDraw = True
434.0994 	EXP 	blank2_bg: autoDraw = False
434.1064 	INFO 	Keyboard events cleared
434.1062 	EXP 	target_text: autoDraw = True
434.6839 	EXP 	Device response: <KeyPress from None: t=434.6738734170067, value=right, duration=None>
434.6914 	DATA 	Keypress: right
434.6959 	EXP 	fix_text: autoDraw = False
434.6959 	EXP 	blank1_bg: autoDraw = False
434.6959 	EXP 	prime_text: autoDraw = False
434.6959 	EXP 	blank2_bg: autoDraw = False
434.6959 	EXP 	target_text: autoDraw = False
434.6959 	EXP 	greenCircle: autoDraw = True
434.6959 	EXP 	redCrosss: autoDraw = True
434.8173 	EXP 	Device response: <KeyPress from None: t=434.6738734170067, value=right, duration=0.13627350000024308>
434.8812 	EXP 	blank3_bg: autoDraw = True
434.8894 	EXP 	greenCircle: autoDraw = False
434.8894 	EXP 	redCrosss: autoDraw = False
435.6662 	EXP 	New trial (rep=9, index=0): <Trial 144 (0 in rep 9) data={'prime': 'She does not like apples', 'target': 'She not does like apples', 'condition': 'transposition_related', 'correctAns': 'right', 'thisN': 144, 'thisTrialN': 0, 'thisRepN': 9}>
435.6818 	EXP 	blank3_bg: autoDraw = False
435.6818 	EXP 	blank3_bg: autoDraw = False
435.6818 	EXP 	greenCircle: autoDraw = False
435.6818 	EXP 	redCrosss: autoDraw = False
435.6818 	EXP 	text: text = 'Take a short break! Press any key to continue.'
435.6818 	EXP 	text: autoDraw = False
435.6818 	EXP 	prime_text: height = np.float64(0.05)
435.6818 	EXP 	prime_text: height = np.float64(0.05)
435.6818 	EXP 	prime_text: height = np.float64(0.05)
435.6818 	EXP 	prime_text: text = 'She does not like apples'
435.6818 	EXP 	target_text: height = np.float64(0.05)
435.6818 	EXP 	target_text: height = np.float64(0.05)
435.6818 	EXP 	target_text: height = np.float64(0.05)
435.6818 	EXP 	target_text: text = 'She not does like apples'
435.6818 	EXP 	fix_text: autoDraw = True
435.9081 	EXP 	blank1_bg: autoDraw = True
435.9218 	EXP 	fix_text: autoDraw = False
436.1064 	EXP 	blank1_bg: autoDraw = False
436.1064 	EXP 	prime_text: autoDraw = True
436.2993 	EXP 	prime_text: autoDraw = False
436.3059 	EXP 	blank2_bg: autoDraw = True
436.3991 	EXP 	blank2_bg: autoDraw = False
436.4051 	INFO 	Keyboard events cleared
436.4049 	EXP 	target_text: autoDraw = True
436.8398 	EXP 	Device response: <KeyPress from None: t=436.8367886250053, value=left, duration=None>
436.8473 	DATA 	Keypress: left
436.8520 	EXP 	fix_text: autoDraw = False
436.8520 	EXP 	blank1_bg: autoDraw = False
436.8520 	EXP 	prime_text: autoDraw = False
436.8520 	EXP 	blank2_bg: autoDraw = False
436.8520 	EXP 	target_text: autoDraw = False
436.8520 	EXP 	greenCircle: autoDraw = True
436.8520 	EXP 	redCrosss: autoDraw = True
436.9338 	EXP 	Device response: <KeyPress from None: t=436.8367886250053, value=left, duration=0.08836941700428724>
437.0414 	EXP 	blank3_bg: autoDraw = True
437.0477 	EXP 	greenCircle: autoDraw = False
437.0477 	EXP 	redCrosss: autoDraw = False
437.8333 	EXP 	New trial (rep=9, index=1): <Trial 145 (1 in rep 9) data={'prime': 'The dog is barking loudly', 'target': 'The loudly is barking dog', 'condition': 'repetition_unrelated', 'correctAns': 'left', 'thisN': 145, 'thisTrialN': 1, 'thisRepN': 9}>
437.8486 	EXP 	blank3_bg: autoDraw = False
437.8486 	EXP 	blank3_bg: autoDraw = False
437.8486 	EXP 	greenCircle: autoDraw = False
437.8486 	EXP 	redCrosss: autoDraw = False
437.8486 	EXP 	text: text = 'Take a short break! Press any key to continue.'
437.8486 	EXP 	text: autoDraw = False
437.8486 	EXP 	prime_text: height = np.float64(0.05)
437.8486 	EXP 	prime_text: height = np.float64(0.05)
437.8486 	EXP 	prime_text: height = np.float64(0.05)
437.8486 	EXP 	prime_text: text = 'The dog is barking loudly'
437.8486 	EXP 	target_text: height = np.float64(0.05)
437.8486 	EXP 	target_text: height = np.float64(0.05)
437.8486 	EXP 	target_text: height = np.float64(0.05)
437.8486 	EXP 	target_text: text = 'The loudly is barking dog'
437.8486 	EXP 	fix_text: autoDraw = True
438.0749 	EXP 	blank1_bg: autoDraw = True
438.0885 	EXP 	fix_text: autoDraw = False
438.2686 	EXP 	blank1_bg: autoDraw = False
438.2825 	EXP 	prime_text: autoDraw = True
438.4724 	EXP 	prime_text: autoDraw = False
438.4724 	EXP 	blank2_bg: autoDraw = True
438.5659 	EXP 	blank2_bg: autoDraw = False
438.5719 	INFO 	Keyboard events cleared
438.5718 	EXP 	target_text: autoDraw = True
439.0838 	EXP 	Device response: <KeyPress from None: t=439.07277570800215, value=left, duration=None>
439.0922 	DATA 	Keypress: left
439.0965 	EXP 	fix_text: autoDraw = False
439.0965 	EXP 	blank1_bg: autoDraw = False
439.0965 	EXP 	prime_text: autoDraw = False
439.0965 	EXP 	blank2_bg: autoDraw = False
439.0965 	EXP 	target_text: autoDraw = False
439.0965 	EXP 	greenCircle: autoDraw = True
439.0965 	EXP 	redCrosss: autoDraw = True
439.1506 	EXP 	Device response: <KeyPress from None: t=439.07277570800215, value=left, duration=0.0762871670012828>
439.2827 	EXP 	blank3_bg: autoDraw = True
439.2909 	EXP 	greenCircle: autoDraw = False
439.2909 	EXP 	redCrosss: autoDraw = False
440.0666 	EXP 	New trial (rep=9, index=2): <Trial 146 (2 in rep 9) data={'prime': 'They have finished the work', 'target': 'They have finished the work', 'condition': 'repetition_related', 'correctAns': 'right', 'thisN': 146, 'thisTrialN': 2, 'thisRepN': 9}>
440.0802 	EXP 	blank3_bg: autoDraw = False
440.0802 	EXP 	blank3_bg: autoDraw = False
440.0802 	EXP 	greenCircle: autoDraw = False
440.0802 	EXP 	redCrosss: autoDraw = False
440.0802 	EXP 	text: text = 'Take a short break! Press any key to continue.'
440.0802 	EXP 	text: autoDraw = False
440.0802 	EXP 	prime_text: height = np.float64(0.05)
440.0802 	EXP 	prime_text: height = np.float64(0.05)
440.0802 	EXP 	prime_text: height = np.float64(0.05)
440.0802 	EXP 	prime_text: text = 'They have finished the work'
440.0802 	EXP 	target_text: height = np.float64(0.05)
440.0802 	EXP 	target_text: height = np.float64(0.05)
440.0802 	EXP 	target_text: height = np.float64(0.05)
440.0802 	EXP 	target_text: text = 'They have finished the work'
440.0802 	EXP 	fix_text: autoDraw = True
440.3085 	EXP 	blank1_bg: autoDraw = True
440.3228 	EXP 	fix_text: autoDraw = False
440.5026 	EXP 	blank1_bg: autoDraw = False
440.5161 	EXP 	prime_text: autoDraw = True
440.7057 	EXP 	prime_text: autoDraw = False
440.7057 	EXP 	blank2_bg: autoDraw = True
440.8063 	INFO 	Keyboard events cleared
440.8061 	EXP 	blank2_bg: autoDraw = False
440.8061 	EXP 	target_text: autoDraw = True
441.2563 	EXP 	Device response: <KeyPress from None: t=441.2516768750065, value=right, duration=None>
441.2635 	DATA 	Keypress: right
441.2681 	EXP 	fix_text: autoDraw = False
441.2681 	EXP 	blank1_bg: autoDraw = False
441.2681 	EXP 	prime_text: autoDraw = False
441.2681 	EXP 	blank2_bg: autoDraw = False
441.2681 	EXP 	target_text: autoDraw = False
441.2681 	EXP 	greenCircle: autoDraw = True
441.2681 	EXP 	redCrosss: autoDraw = True
441.4169 	EXP 	Device response: <KeyPress from None: t=441.2516768750065, value=right, duration=0.15637662500375882>
441.4575 	EXP 	blank3_bg: autoDraw = True
441.4643 	EXP 	greenCircle: autoDraw = False
441.4643 	EXP 	redCrosss: autoDraw = False
442.2503 	EXP 	New trial (rep=9, index=3): <Trial 147 (3 in rep 9) data={'prime': 'The boy can read fast', 'target': 'The read can boy fast', 'condition': 'repetition_unrelated', 'correctAns': 'left', 'thisN': 147, 'thisTrialN': 3, 'thisRepN': 9}>
442.2657 	EXP 	blank3_bg: autoDraw = False
442.2657 	EXP 	blank3_bg: autoDraw = False
442.2657 	EXP 	greenCircle: autoDraw = False
442.2657 	EXP 	redCrosss: autoDraw = False
442.2657 	EXP 	text: text = 'Take a short break! Press any key to continue.'
442.2657 	EXP 	text: autoDraw = False
442.2657 	EXP 	prime_text: height = np.float64(0.05)
442.2657 	EXP 	prime_text: height = np.float64(0.05)
442.2657 	EXP 	prime_text: height = np.float64(0.05)
442.2657 	EXP 	prime_text: text = 'The boy can read fast'
442.2657 	EXP 	target_text: height = np.float64(0.05)
442.2657 	EXP 	target_text: height = np.float64(0.05)
442.2657 	EXP 	target_text: height = np.float64(0.05)
442.2657 	EXP 	target_text: text = 'The read can boy fast'
442.2657 	EXP 	fix_text: autoDraw = True
442.4915 	EXP 	blank1_bg: autoDraw = True
442.5057 	EXP 	fix_text: autoDraw = False
442.6852 	EXP 	blank1_bg: autoDraw = False
442.6992 	EXP 	prime_text: autoDraw = True
442.8888 	EXP 	prime_text: autoDraw = False
442.8888 	EXP 	blank2_bg: autoDraw = True
442.9826 	EXP 	blank2_bg: autoDraw = False
442.9894 	INFO 	Keyboard events cleared
442.9892 	EXP 	target_text: autoDraw = True
443.3846 	EXP 	Device response: <KeyPress from None: t=443.3716421249992, value=left, duration=None>
443.3930 	DATA 	Keypress: left
443.3973 	EXP 	fix_text: autoDraw = False
443.3973 	EXP 	blank1_bg: autoDraw = False
443.3973 	EXP 	prime_text: autoDraw = False
443.3973 	EXP 	blank2_bg: autoDraw = False
443.3973 	EXP 	target_text: autoDraw = False
443.3973 	EXP 	greenCircle: autoDraw = True
443.3973 	EXP 	redCrosss: autoDraw = True
443.4558 	EXP 	Device response: <KeyPress from None: t=443.3716421249992, value=left, duration=0.08034895799937658>
443.5813 	EXP 	blank3_bg: autoDraw = True
443.5895 	EXP 	greenCircle: autoDraw = False
443.5895 	EXP 	redCrosss: autoDraw = False
444.3652 	EXP 	New trial (rep=9, index=4): <Trial 148 (4 in rep 9) data={'prime': 'The boy can read fast', 'target': 'The boy can read fast', 'condition': 'repetition_related', 'correctAns': 'right', 'thisN': 148, 'thisTrialN': 4, 'thisRepN': 9}>
444.3771 	EXP 	blank3_bg: autoDraw = False
444.3771 	EXP 	blank3_bg: autoDraw = False
444.3771 	EXP 	greenCircle: autoDraw = False
444.3771 	EXP 	redCrosss: autoDraw = False
444.3771 	EXP 	text: text = 'Take a short break! Press any key to continue.'
444.3771 	EXP 	text: autoDraw = False
444.3771 	EXP 	prime_text: text = 'The boy can read fast'
444.3771 	EXP 	target_text: height = np.float64(0.05)
444.3771 	EXP 	target_text: height = np.float64(0.05)
444.3771 	EXP 	target_text: height = np.float64(0.05)
444.3771 	EXP 	target_text: text = 'The boy can read fast'
444.3771 	EXP 	fix_text: autoDraw = True
444.6085 	EXP 	blank1_bg: autoDraw = True
444.6217 	EXP 	fix_text: autoDraw = False
444.8037 	EXP 	blank1_bg: autoDraw = False
444.8037 	EXP 	prime_text: autoDraw = True
444.9995 	EXP 	prime_text: autoDraw = False
445.0060 	EXP 	blank2_bg: autoDraw = True
445.1055 	INFO 	Keyboard events cleared
445.1053 	EXP 	blank2_bg: autoDraw = False
445.1053 	EXP 	target_text: autoDraw = True
445.5341 	EXP 	Device response: <KeyPress from None: t=445.5275302920054, value=right, duration=None>
445.5421 	DATA 	Keypress: right
445.5463 	EXP 	fix_text: autoDraw = False
445.5463 	EXP 	blank1_bg: autoDraw = False
445.5463 	EXP 	prime_text: autoDraw = False
445.5463 	EXP 	blank2_bg: autoDraw = False
445.5463 	EXP 	target_text: autoDraw = False
445.5463 	EXP 	greenCircle: autoDraw = True
445.5463 	EXP 	redCrosss: autoDraw = True
445.6902 	EXP 	Device response: <KeyPress from None: t=445.5275302920054, value=right, duration=0.1562822080013575>
445.7323 	EXP 	blank3_bg: autoDraw = True
445.7401 	EXP 	greenCircle: autoDraw = False
445.7401 	EXP 	redCrosss: autoDraw = False
446.5170 	EXP 	New trial (rep=9, index=5): <Trial 149 (5 in rep 9) data={'prime': 'They have finished the work', 'target': 'They finished have the work', 'condition': 'transposition_related', 'correctAns': 'right', 'thisN': 149, 'thisTrialN': 5, 'thisRepN': 9}>
446.5328 	EXP 	blank3_bg: autoDraw = False
446.5328 	EXP 	blank3_bg: autoDraw = False
446.5328 	EXP 	greenCircle: autoDraw = False
446.5328 	EXP 	redCrosss: autoDraw = False
446.5328 	EXP 	text: text = 'Take a short break! Press any key to continue.'
446.5328 	EXP 	text: autoDraw = False
446.5328 	EXP 	prime_text: height = np.float64(0.05)
446.5328 	EXP 	prime_text: height = np.float64(0.05)
446.5328 	EXP 	prime_text: height = np.float64(0.05)
446.5328 	EXP 	prime_text: text = 'They have finished the work'
446.5328 	EXP 	target_text: height = np.float64(0.05)
446.5328 	EXP 	target_text: height = np.float64(0.05)
446.5328 	EXP 	target_text: height = np.float64(0.05)
446.5328 	EXP 	target_text: text = 'They finished have the work'
446.5328 	EXP 	fix_text: autoDraw = True
446.7575 	EXP 	blank1_bg: autoDraw = True
446.7716 	EXP 	fix_text: autoDraw = False
446.9558 	EXP 	blank1_bg: autoDraw = False
446.9558 	EXP 	prime_text: autoDraw = True
447.1548 	EXP 	prime_text: autoDraw = False
447.1548 	EXP 	blank2_bg: autoDraw = True
447.2493 	EXP 	blank2_bg: autoDraw = False
447.2561 	INFO 	Keyboard events cleared
447.2560 	EXP 	target_text: autoDraw = True
447.7514 	EXP 	Device response: <KeyPress from None: t=447.7466039580031, value=left, duration=None>
447.7600 	DATA 	Keypress: left
447.7644 	EXP 	fix_text: autoDraw = False
447.7644 	EXP 	blank1_bg: autoDraw = False
447.7644 	EXP 	prime_text: autoDraw = False
447.7644 	EXP 	blank2_bg: autoDraw = False
447.7644 	EXP 	target_text: autoDraw = False
447.7644 	EXP 	greenCircle: autoDraw = True
447.7644 	EXP 	redCrosss: autoDraw = True
447.8400 	EXP 	Device response: <KeyPress from None: t=447.7466039580031, value=left, duration=0.09230449999449775>
447.9479 	EXP 	blank3_bg: autoDraw = True
447.9554 	EXP 	greenCircle: autoDraw = False
447.9554 	EXP 	redCrosss: autoDraw = False
448.7320 	EXP 	New trial (rep=9, index=6): <Trial 150 (6 in rep 9) data={'prime': 'The boy can read fast', 'target': 'The boy can read fast', 'condition': 'transposition_related', 'correctAns': 'right', 'thisN': 150, 'thisTrialN': 6, 'thisRepN': 9}>
448.7467 	EXP 	blank3_bg: autoDraw = False
448.7467 	EXP 	blank3_bg: autoDraw = False
448.7467 	EXP 	greenCircle: autoDraw = False
448.7467 	EXP 	redCrosss: autoDraw = False
448.7467 	EXP 	text: text = 'Take a short break! Press any key to continue.'
448.7467 	EXP 	text: autoDraw = False
448.7467 	EXP 	prime_text: height = np.float64(0.05)
448.7467 	EXP 	prime_text: height = np.float64(0.05)
448.7467 	EXP 	prime_text: height = np.float64(0.05)
448.7467 	EXP 	prime_text: text = 'The boy can read fast'
448.7467 	EXP 	target_text: height = np.float64(0.05)
448.7467 	EXP 	target_text: height = np.float64(0.05)
448.7467 	EXP 	target_text: height = np.float64(0.05)
448.7467 	EXP 	target_text: text = 'The boy can read fast'
448.7467 	EXP 	fix_text: autoDraw = True
448.9751 	EXP 	blank1_bg: autoDraw = True
448.9892 	EXP 	fix_text: autoDraw = False
449.1720 	EXP 	blank1_bg: autoDraw = False
449.1720 	EXP 	prime_text: autoDraw = True
449.3659 	EXP 	prime_text: autoDraw = False
449.3724 	EXP 	blank2_bg: autoDraw = True
449.4659 	EXP 	blank2_bg: autoDraw = False
449.4736 	INFO 	Keyboard events cleared
449.4734 	EXP 	target_text: autoDraw = True
449.9011 	EXP 	Device response: <KeyPress from None: t=449.8975258749997, value=right, duration=None>
449.9093 	DATA 	Keypress: right
449.9136 	EXP 	fix_text: autoDraw = False
449.9136 	EXP 	blank1_bg: autoDraw = False
449.9136 	EXP 	prime_text: autoDraw = False
449.9136 	EXP 	blank2_bg: autoDraw = False
449.9136 	EXP 	target_text: autoDraw = False
449.9136 	EXP 	greenCircle: autoDraw = True
449.9136 	EXP 	redCrosss: autoDraw = True
450.0173 	EXP 	Device response: <KeyPress from None: t=449.8975258749997, value=right, duration=0.11219670801074244>
450.0978 	EXP 	blank3_bg: autoDraw = True
450.1060 	EXP 	greenCircle: autoDraw = False
450.1060 	EXP 	redCrosss: autoDraw = False
450.8833 	EXP 	New trial (rep=9, index=7): <Trial 151 (7 in rep 9) data={'prime': 'The dog is barking loudly', 'target': 'The barking dog loudly is', 'condition': 'transposition_unrelated', 'correctAns': 'left', 'thisN': 151, 'thisTrialN': 7, 'thisRepN': 9}>
450.8984 	EXP 	blank3_bg: autoDraw = False
450.8984 	EXP 	blank3_bg: autoDraw = False
450.8984 	EXP 	greenCircle: autoDraw = False
450.8984 	EXP 	redCrosss: autoDraw = False
450.8984 	EXP 	text: text = 'Take a short break! Press any key to continue.'
450.8984 	EXP 	text: autoDraw = False
450.8984 	EXP 	prime_text: height = np.float64(0.05)
450.8984 	EXP 	prime_text: height = np.float64(0.05)
450.8984 	EXP 	prime_text: height = np.float64(0.05)
450.8984 	EXP 	prime_text: text = 'The dog is barking loudly'
450.8984 	EXP 	target_text: height = np.float64(0.05)
450.8984 	EXP 	target_text: height = np.float64(0.05)
450.8984 	EXP 	target_text: height = np.float64(0.05)
450.8984 	EXP 	target_text: text = 'The barking dog loudly is'
450.8984 	EXP 	fix_text: autoDraw = True
451.1243 	EXP 	blank1_bg: autoDraw = True
451.1379 	EXP 	fix_text: autoDraw = False
451.3159 	EXP 	blank1_bg: autoDraw = False
451.3225 	EXP 	prime_text: autoDraw = True
451.5159 	EXP 	prime_text: autoDraw = False
451.5219 	EXP 	blank2_bg: autoDraw = True
451.6157 	EXP 	blank2_bg: autoDraw = False
451.6220 	INFO 	Keyboard events cleared
451.6218 	EXP 	target_text: autoDraw = True
451.9845 	EXP 	Device response: <KeyPress from None: t=451.98045158300374, value=left, duration=None>
451.9934 	DATA 	Keypress: left
451.9978 	EXP 	fix_text: autoDraw = False
451.9978 	EXP 	blank1_bg: autoDraw = False
451.9978 	EXP 	prime_text: autoDraw = False
451.9978 	EXP 	blank2_bg: autoDraw = False
451.9978 	EXP 	target_text: autoDraw = False
451.9978 	EXP 	greenCircle: autoDraw = True
451.9978 	EXP 	redCrosss: autoDraw = True
452.0561 	EXP 	Device response: <KeyPress from None: t=451.98045158300374, value=left, duration=0.0723031249945052>
452.1828 	EXP 	blank3_bg: autoDraw = True
452.1902 	EXP 	greenCircle: autoDraw = False
452.1902 	EXP 	redCrosss: autoDraw = False
452.9713 	EXP 	New trial (rep=9, index=8): <Trial 152 (8 in rep 9) data={'prime': 'The boy can read fast', 'target': 'The read can boy fast', 'condition': 'transposition_unrelated', 'correctAns': 'left', 'thisN': 152, 'thisTrialN': 8, 'thisRepN': 9}>
452.9850 	EXP 	blank3_bg: autoDraw = False
452.9850 	EXP 	blank3_bg: autoDraw = False
452.9850 	EXP 	greenCircle: autoDraw = False
452.9850 	EXP 	redCrosss: autoDraw = False
452.9850 	EXP 	text: text = 'Take a short break! Press any key to continue.'
452.9850 	EXP 	text: autoDraw = False
452.9850 	EXP 	prime_text: height = np.float64(0.05)
452.9850 	EXP 	prime_text: height = np.float64(0.05)
452.9850 	EXP 	prime_text: height = np.float64(0.05)
452.9850 	EXP 	prime_text: text = 'The boy can read fast'
452.9850 	EXP 	target_text: height = np.float64(0.05)
452.9850 	EXP 	target_text: height = np.float64(0.05)
452.9850 	EXP 	target_text: height = np.float64(0.05)
452.9850 	EXP 	target_text: text = 'The read can boy fast'
452.9850 	EXP 	fix_text: autoDraw = True
453.2144 	EXP 	blank1_bg: autoDraw = True
453.2326 	EXP 	fix_text: autoDraw = False
453.4045 	EXP 	blank1_bg: autoDraw = False
453.4159 	EXP 	prime_text: autoDraw = True
453.6041 	EXP 	prime_text: autoDraw = False
453.6159 	EXP 	blank2_bg: autoDraw = True
453.7041 	EXP 	blank2_bg: autoDraw = False
453.7163 	INFO 	Keyboard events cleared
453.7161 	EXP 	target_text: autoDraw = True
454.1340 	EXP 	Device response: <KeyPress from None: t=454.124439332998, value=left, duration=None>
454.1417 	DATA 	Keypress: left
454.1459 	EXP 	fix_text: autoDraw = False
454.1459 	EXP 	blank1_bg: autoDraw = False
454.1459 	EXP 	prime_text: autoDraw = False
454.1459 	EXP 	blank2_bg: autoDraw = False
454.1459 	EXP 	target_text: autoDraw = False
454.1459 	EXP 	greenCircle: autoDraw = True
454.1459 	EXP 	redCrosss: autoDraw = True
454.2174 	EXP 	Device response: <KeyPress from None: t=454.124439332998, value=left, duration=0.0882231249997858>
454.3326 	EXP 	blank3_bg: autoDraw = True
454.3408 	EXP 	greenCircle: autoDraw = False
454.3408 	EXP 	redCrosss: autoDraw = False
455.1168 	EXP 	New trial (rep=9, index=9): <Trial 153 (9 in rep 9) data={'prime': 'They have finished the work', 'target': 'They work the have finished', 'condition': 'transposition_unrelated', 'correctAns': 'left', 'thisN': 153, 'thisTrialN': 9, 'thisRepN': 9}>
455.1326 	EXP 	blank3_bg: autoDraw = False
455.1326 	EXP 	blank3_bg: autoDraw = False
455.1326 	EXP 	greenCircle: autoDraw = False
455.1326 	EXP 	redCrosss: autoDraw = False
455.1326 	EXP 	text: text = 'Take a short break! Press any key to continue.'
455.1326 	EXP 	text: autoDraw = False
455.1326 	EXP 	prime_text: height = np.float64(0.05)
455.1326 	EXP 	prime_text: height = np.float64(0.05)
455.1326 	EXP 	prime_text: height = np.float64(0.05)
455.1326 	EXP 	prime_text: text = 'They have finished the work'
455.1326 	EXP 	target_text: height = np.float64(0.05)
455.1326 	EXP 	target_text: height = np.float64(0.05)
455.1326 	EXP 	target_text: height = np.float64(0.05)
455.1326 	EXP 	target_text: text = 'They work the have finished'
455.1326 	EXP 	fix_text: autoDraw = True
455.3583 	EXP 	blank1_bg: autoDraw = True
455.3718 	EXP 	fix_text: autoDraw = False
455.5531 	EXP 	blank1_bg: autoDraw = False
455.5661 	EXP 	prime_text: autoDraw = True
455.7555 	EXP 	prime_text: autoDraw = False
455.7555 	EXP 	blank2_bg: autoDraw = True
455.8491 	EXP 	blank2_bg: autoDraw = False
455.8554 	INFO 	Keyboard events cleared
455.8552 	EXP 	target_text: autoDraw = True
456.3175 	EXP 	Device response: <KeyPress from None: t=456.3143910830113, value=left, duration=None>
456.3254 	DATA 	Keypress: left
456.3298 	EXP 	fix_text: autoDraw = False
456.3298 	EXP 	blank1_bg: autoDraw = False
456.3298 	EXP 	prime_text: autoDraw = False
456.3298 	EXP 	blank2_bg: autoDraw = False
456.3298 	EXP 	target_text: autoDraw = False
456.3298 	EXP 	greenCircle: autoDraw = True
456.3298 	EXP 	redCrosss: autoDraw = True
456.4012 	EXP 	Device response: <KeyPress from None: t=456.3143910830113, value=left, duration=0.08492891700007021>
456.5160 	EXP 	blank3_bg: autoDraw = True
456.5236 	EXP 	greenCircle: autoDraw = False
456.5236 	EXP 	redCrosss: autoDraw = False
457.3073 	EXP 	New trial (rep=9, index=10): <Trial 154 (10 in rep 9) data={'prime': 'They have finished the work', 'target': 'They finished have the work', 'condition': 'repetition_unrelated', 'correctAns': 'left', 'thisN': 154, 'thisTrialN': 10, 'thisRepN': 9}>
457.3184 	EXP 	blank3_bg: autoDraw = False
457.3184 	EXP 	blank3_bg: autoDraw = False
457.3184 	EXP 	greenCircle: autoDraw = False
457.3184 	EXP 	redCrosss: autoDraw = False
457.3184 	EXP 	text: text = 'Take a short break! Press any key to continue.'
457.3184 	EXP 	text: autoDraw = False
457.3184 	EXP 	prime_text: text = 'They have finished the work'
457.3184 	EXP 	target_text: height = np.float64(0.05)
457.3184 	EXP 	target_text: height = np.float64(0.05)
457.3184 	EXP 	target_text: height = np.float64(0.05)
457.3184 	EXP 	target_text: text = 'They finished have the work'
457.3184 	EXP 	fix_text: autoDraw = True
457.5582 	EXP 	blank1_bg: autoDraw = True
457.5646 	EXP 	fix_text: autoDraw = False
457.7477 	EXP 	prime_text: autoDraw = True
457.7523 	EXP 	blank1_bg: autoDraw = False
457.9373 	EXP 	prime_text: autoDraw = False
457.9555 	EXP 	blank2_bg: autoDraw = True
458.0494 	EXP 	blank2_bg: autoDraw = False
458.0566 	INFO 	Keyboard events cleared
458.0564 	EXP 	target_text: autoDraw = True
458.5066 	EXP 	Device response: <KeyPress from None: t=458.5023666250054, value=left, duration=None>
458.5143 	DATA 	Keypress: left
458.5186 	EXP 	fix_text: autoDraw = False
458.5186 	EXP 	blank1_bg: autoDraw = False
458.5186 	EXP 	prime_text: autoDraw = False
458.5186 	EXP 	blank2_bg: autoDraw = False
458.5186 	EXP 	target_text: autoDraw = False
458.5186 	EXP 	greenCircle: autoDraw = True
458.5186 	EXP 	redCrosss: autoDraw = True
458.6006 	EXP 	Device response: <KeyPress from None: t=458.5023666250054, value=left, duration=0.08817962500324938>
458.7079 	EXP 	blank3_bg: autoDraw = True
458.7143 	EXP 	greenCircle: autoDraw = False
458.7143 	EXP 	redCrosss: autoDraw = False
459.4996 	EXP 	New trial (rep=9, index=11): <Trial 155 (11 in rep 9) data={'prime': 'The dog is barking loudly', 'target': 'The dog barking is loudly', 'condition': 'transposition_related', 'correctAns': 'right', 'thisN': 155, 'thisTrialN': 11, 'thisRepN': 9}>
459.5160 	EXP 	blank3_bg: autoDraw = False
459.5160 	EXP 	blank3_bg: autoDraw = False
459.5160 	EXP 	greenCircle: autoDraw = False
459.5160 	EXP 	redCrosss: autoDraw = False
459.5160 	EXP 	text: text = 'Take a short break! Press any key to continue.'
459.5160 	EXP 	text: autoDraw = False
459.5160 	EXP 	prime_text: height = np.float64(0.05)
459.5160 	EXP 	prime_text: height = np.float64(0.05)
459.5160 	EXP 	prime_text: height = np.float64(0.05)
459.5160 	EXP 	prime_text: text = 'The dog is barking loudly'
459.5160 	EXP 	target_text: height = np.float64(0.05)
459.5160 	EXP 	target_text: height = np.float64(0.05)
459.5160 	EXP 	target_text: height = np.float64(0.05)
459.5160 	EXP 	target_text: text = 'The dog barking is loudly'
459.5160 	EXP 	fix_text: autoDraw = True
459.7412 	EXP 	blank1_bg: autoDraw = True
459.7566 	EXP 	fix_text: autoDraw = False
459.9327 	EXP 	blank1_bg: autoDraw = False
459.9394 	EXP 	prime_text: autoDraw = True
460.1385 	EXP 	prime_text: autoDraw = False
460.1385 	EXP 	blank2_bg: autoDraw = True
460.2326 	EXP 	blank2_bg: autoDraw = False
460.2393 	INFO 	Keyboard events cleared
460.2391 	EXP 	target_text: autoDraw = True
461.5344 	EXP 	Device response: <KeyPress from None: t=461.53029670800606, value=left, duration=None>
461.5429 	DATA 	Keypress: left
461.5472 	EXP 	fix_text: autoDraw = False
461.5472 	EXP 	blank1_bg: autoDraw = False
461.5472 	EXP 	prime_text: autoDraw = False
461.5472 	EXP 	blank2_bg: autoDraw = False
461.5472 	EXP 	target_text: autoDraw = False
461.5472 	EXP 	greenCircle: autoDraw = True
461.5472 	EXP 	redCrosss: autoDraw = True
461.6172 	EXP 	Device response: <KeyPress from None: t=461.53029670800606, value=left, duration=0.08020170900272205>
461.7324 	EXP 	blank3_bg: autoDraw = True
461.7401 	EXP 	greenCircle: autoDraw = False
461.7401 	EXP 	redCrosss: autoDraw = False
462.5233 	EXP 	New trial (rep=9, index=12): <Trial 156 (12 in rep 9) data={'prime': 'She does not like apples', 'target': 'She like does apples not', 'condition': 'transposition_unrelated', 'correctAns': 'left', 'thisN': 156, 'thisTrialN': 12, 'thisRepN': 9}>
462.5401 	EXP 	blank3_bg: autoDraw = False
462.5401 	EXP 	blank3_bg: autoDraw = False
462.5401 	EXP 	greenCircle: autoDraw = False
462.5401 	EXP 	redCrosss: autoDraw = False
462.5401 	EXP 	text: text = 'Take a short break! Press any key to continue.'
462.5401 	EXP 	text: autoDraw = False
462.5401 	EXP 	prime_text: height = np.float64(0.05)
462.5401 	EXP 	prime_text: height = np.float64(0.05)
462.5401 	EXP 	prime_text: height = np.float64(0.05)
462.5401 	EXP 	prime_text: text = 'She does not like apples'
462.5401 	EXP 	target_text: height = np.float64(0.05)
462.5401 	EXP 	target_text: height = np.float64(0.05)
462.5401 	EXP 	target_text: height = np.float64(0.05)
462.5401 	EXP 	target_text: text = 'She like does apples not'
462.5401 	EXP 	fix_text: autoDraw = True
462.7752 	EXP 	blank1_bg: autoDraw = True
462.7814 	EXP 	fix_text: autoDraw = False
462.9655 	EXP 	prime_text: autoDraw = True
462.9718 	EXP 	blank1_bg: autoDraw = False
463.1535 	EXP 	prime_text: autoDraw = False
463.1723 	EXP 	blank2_bg: autoDraw = True
463.2662 	INFO 	Keyboard events cleared
463.2659 	EXP 	blank2_bg: autoDraw = False
463.2659 	EXP 	target_text: autoDraw = True
463.7177 	EXP 	Device response: <KeyPress from None: t=463.7112393749994, value=left, duration=None>
463.7258 	DATA 	Keypress: left
463.7302 	EXP 	fix_text: autoDraw = False
463.7302 	EXP 	blank1_bg: autoDraw = False
463.7302 	EXP 	prime_text: autoDraw = False
463.7302 	EXP 	blank2_bg: autoDraw = False
463.7302 	EXP 	target_text: autoDraw = False
463.7302 	EXP 	greenCircle: autoDraw = True
463.7302 	EXP 	redCrosss: autoDraw = True
463.7893 	EXP 	Device response: <KeyPress from None: t=463.7112393749994, value=left, duration=0.07220783299999312>
463.9148 	EXP 	blank3_bg: autoDraw = True
463.9236 	EXP 	greenCircle: autoDraw = False
463.9236 	EXP 	redCrosss: autoDraw = False
464.6996 	EXP 	New trial (rep=9, index=13): <Trial 157 (13 in rep 9) data={'prime': 'She does not like apples', 'target': 'She not does like apples', 'condition': 'repetition_unrelated', 'correctAns': 'left', 'thisN': 157, 'thisTrialN': 13, 'thisRepN': 9}>
464.7110 	EXP 	blank3_bg: autoDraw = False
464.7110 	EXP 	blank3_bg: autoDraw = False
464.7110 	EXP 	greenCircle: autoDraw = False
464.7110 	EXP 	redCrosss: autoDraw = False
464.7110 	EXP 	text: text = 'Take a short break! Press any key to continue.'
464.7110 	EXP 	text: autoDraw = False
464.7110 	EXP 	prime_text: text = 'She does not like apples'
464.7110 	EXP 	target_text: height = np.float64(0.05)
464.7110 	EXP 	target_text: height = np.float64(0.05)
464.7110 	EXP 	target_text: height = np.float64(0.05)
464.7110 	EXP 	target_text: text = 'She not does like apples'
464.7110 	EXP 	fix_text: autoDraw = True
464.9410 	EXP 	blank1_bg: autoDraw = True
464.9545 	EXP 	fix_text: autoDraw = False
465.1368 	EXP 	blank1_bg: autoDraw = False
465.1493 	EXP 	prime_text: autoDraw = True
465.3390 	EXP 	prime_text: autoDraw = False
465.3390 	EXP 	blank2_bg: autoDraw = True
465.4325 	EXP 	blank2_bg: autoDraw = False
465.4387 	INFO 	Keyboard events cleared
465.4386 	EXP 	target_text: autoDraw = True
465.9182 	EXP 	Device response: <KeyPress from None: t=465.91116375000274, value=left, duration=None>
465.9268 	DATA 	Keypress: left
465.9311 	EXP 	fix_text: autoDraw = False
465.9311 	EXP 	blank1_bg: autoDraw = False
465.9311 	EXP 	prime_text: autoDraw = False
465.9311 	EXP 	blank2_bg: autoDraw = False
465.9311 	EXP 	target_text: autoDraw = False
465.9311 	EXP 	greenCircle: autoDraw = True
465.9311 	EXP 	redCrosss: autoDraw = True
465.9891 	EXP 	Device response: <KeyPress from None: t=465.91116375000274, value=left, duration=0.07618649999494664>
466.1162 	EXP 	blank3_bg: autoDraw = True
466.1238 	EXP 	greenCircle: autoDraw = False
466.1238 	EXP 	redCrosss: autoDraw = False
466.9064 	EXP 	New trial (rep=9, index=14): <Trial 158 (14 in rep 9) data={'prime': 'She does not like apples', 'target': 'She does not like apples', 'condition': 'repetition_related', 'correctAns': 'right', 'thisN': 158, 'thisTrialN': 14, 'thisRepN': 9}>
466.9179 	EXP 	blank3_bg: autoDraw = False
466.9179 	EXP 	blank3_bg: autoDraw = False
466.9179 	EXP 	greenCircle: autoDraw = False
466.9179 	EXP 	redCrosss: autoDraw = False
466.9179 	EXP 	text: text = 'Take a short break! Press any key to continue.'
466.9179 	EXP 	text: autoDraw = False
466.9179 	EXP 	prime_text: text = 'She does not like apples'
466.9179 	EXP 	target_text: height = np.float64(0.05)
466.9179 	EXP 	target_text: height = np.float64(0.05)
466.9179 	EXP 	target_text: height = np.float64(0.05)
466.9179 	EXP 	target_text: text = 'She does not like apples'
466.9179 	EXP 	fix_text: autoDraw = True
467.1477 	EXP 	blank1_bg: autoDraw = True
467.1657 	EXP 	fix_text: autoDraw = False
467.3347 	EXP 	blank1_bg: autoDraw = False
467.3555 	EXP 	prime_text: autoDraw = True
467.5549 	EXP 	prime_text: autoDraw = False
467.5549 	EXP 	blank2_bg: autoDraw = True
467.6493 	INFO 	Keyboard events cleared
467.6491 	EXP 	blank2_bg: autoDraw = False
467.6491 	EXP 	target_text: autoDraw = True
468.1008 	EXP 	Device response: <KeyPress from None: t=468.0959497920121, value=right, duration=None>
468.1089 	DATA 	Keypress: right
468.1130 	EXP 	fix_text: autoDraw = False
468.1130 	EXP 	blank1_bg: autoDraw = False
468.1130 	EXP 	prime_text: autoDraw = False
468.1130 	EXP 	blank2_bg: autoDraw = False
468.1130 	EXP 	target_text: autoDraw = False
468.1130 	EXP 	greenCircle: autoDraw = True
468.1130 	EXP 	redCrosss: autoDraw = True
468.2338 	EXP 	Device response: <KeyPress from None: t=468.0959497920121, value=right, duration=0.1324612909957068>
468.2976 	EXP 	blank3_bg: autoDraw = True
468.3038 	EXP 	greenCircle: autoDraw = False
468.3038 	EXP 	redCrosss: autoDraw = False
469.0830 	EXP 	New trial (rep=9, index=15): <Trial 159 (15 in rep 9) data={'prime': 'The dog is barking loudly', 'target': 'The dog is barking loudly', 'condition': 'repetition_related', 'correctAns': 'right', 'thisN': 159, 'thisTrialN': 15, 'thisRepN': 9}>
469.0953 	EXP 	blank3_bg: autoDraw = False
469.0953 	EXP 	blank3_bg: autoDraw = False
469.0953 	EXP 	greenCircle: autoDraw = False
469.0953 	EXP 	redCrosss: autoDraw = False
469.0953 	EXP 	text: text = 'Take a short break! Press any key to continue.'
469.0953 	EXP 	text: autoDraw = False
469.0953 	EXP 	prime_text: height = np.float64(0.05)
469.0953 	EXP 	prime_text: height = np.float64(0.05)
469.0953 	EXP 	prime_text: height = np.float64(0.05)
469.0953 	EXP 	prime_text: text = 'The dog is barking loudly'
469.0953 	EXP 	target_text: height = np.float64(0.05)
469.0953 	EXP 	target_text: height = np.float64(0.05)
469.0953 	EXP 	target_text: height = np.float64(0.05)
469.0953 	EXP 	target_text: text = 'The dog is barking loudly'
469.0953 	EXP 	fix_text: autoDraw = True
469.3240 	EXP 	blank1_bg: autoDraw = True
469.3382 	EXP 	fix_text: autoDraw = False
469.5221 	EXP 	blank1_bg: autoDraw = False
469.5221 	EXP 	prime_text: autoDraw = True
469.7158 	EXP 	prime_text: autoDraw = False
469.7222 	EXP 	blank2_bg: autoDraw = True
469.8154 	EXP 	blank2_bg: autoDraw = False
469.8221 	INFO 	Keyboard events cleared
469.8220 	EXP 	target_text: autoDraw = True
470.4733 	EXP 	Device response: <KeyPress from None: t=470.4681597500021, value=right, duration=None>
470.4805 	DATA 	Keypress: right
470.4852 	EXP 	fix_text: autoDraw = False
470.4852 	EXP 	blank1_bg: autoDraw = False
470.4852 	EXP 	prime_text: autoDraw = False
470.4852 	EXP 	blank2_bg: autoDraw = False
470.4852 	EXP 	target_text: autoDraw = False
470.4852 	EXP 	greenCircle: autoDraw = True
470.4852 	EXP 	redCrosss: autoDraw = True
470.6170 	EXP 	Device response: <KeyPress from None: t=470.4681597500021, value=right, duration=0.14015854200988542>
470.6750 	EXP 	blank3_bg: autoDraw = True
470.6808 	EXP 	greenCircle: autoDraw = False
470.6808 	EXP 	redCrosss: autoDraw = False
471.4654 	EXP 	New trial (rep=10, index=0): <Trial 160 (0 in rep 10) data={'prime': 'She does not like apples', 'target': 'She does not like apples', 'condition': 'repetition_related', 'correctAns': 'right', 'thisN': 160, 'thisTrialN': 0, 'thisRepN': 10}>
471.4794 	EXP 	blank3_bg: autoDraw = False
471.4794 	EXP 	blank3_bg: autoDraw = False
471.4794 	EXP 	greenCircle: autoDraw = False
471.4794 	EXP 	redCrosss: autoDraw = False
471.4794 	EXP 	text: text = 'Take a short break! Press any key to continue.'
471.4794 	EXP 	text: autoDraw = False
471.4794 	EXP 	prime_text: height = np.float64(0.05)
471.4794 	EXP 	prime_text: height = np.float64(0.05)
471.4794 	EXP 	prime_text: height = np.float64(0.05)
471.4794 	EXP 	prime_text: text = 'She does not like apples'
471.4794 	EXP 	target_text: height = np.float64(0.05)
471.4794 	EXP 	target_text: height = np.float64(0.05)
471.4794 	EXP 	target_text: height = np.float64(0.05)
471.4794 	EXP 	target_text: text = 'She does not like apples'
471.4794 	EXP 	fix_text: autoDraw = True
471.7080 	EXP 	blank1_bg: autoDraw = True
471.7216 	EXP 	fix_text: autoDraw = False
471.9025 	EXP 	blank1_bg: autoDraw = False
471.9025 	EXP 	prime_text: autoDraw = True
472.0992 	EXP 	prime_text: autoDraw = False
472.1056 	EXP 	blank2_bg: autoDraw = True
472.2060 	INFO 	Keyboard events cleared
472.2058 	EXP 	blank2_bg: autoDraw = False
472.2058 	EXP 	target_text: autoDraw = True
472.7724 	EXP 	Device response: <KeyPress from None: t=472.76897850001114, value=right, duration=None>
472.7799 	DATA 	Keypress: right
472.7850 	EXP 	fix_text: autoDraw = False
472.7850 	EXP 	blank1_bg: autoDraw = False
472.7850 	EXP 	prime_text: autoDraw = False
472.7850 	EXP 	blank2_bg: autoDraw = False
472.7850 	EXP 	target_text: autoDraw = False
472.7850 	EXP 	greenCircle: autoDraw = True
472.7850 	EXP 	redCrosss: autoDraw = True
472.8719 	EXP 	Device response: <KeyPress from None: t=472.76897850001114, value=right, duration=0.10025720798876137>
472.9644 	EXP 	blank3_bg: autoDraw = True
472.9825 	EXP 	greenCircle: autoDraw = False
472.9825 	EXP 	redCrosss: autoDraw = False
473.7487 	EXP 	New trial (rep=10, index=1): <Trial 161 (1 in rep 10) data={'prime': 'The boy can read fast', 'target': 'The read can boy fast', 'condition': 'transposition_unrelated', 'correctAns': 'left', 'thisN': 161, 'thisTrialN': 1, 'thisRepN': 10}>
473.7635 	EXP 	blank3_bg: autoDraw = False
473.7635 	EXP 	blank3_bg: autoDraw = False
473.7635 	EXP 	greenCircle: autoDraw = False
473.7635 	EXP 	redCrosss: autoDraw = False
473.7635 	EXP 	text: text = 'Take a short break! Press any key to continue.'
473.7635 	EXP 	text: autoDraw = False
473.7635 	EXP 	prime_text: height = np.float64(0.05)
473.7635 	EXP 	prime_text: height = np.float64(0.05)
473.7635 	EXP 	prime_text: height = np.float64(0.05)
473.7635 	EXP 	prime_text: text = 'The boy can read fast'
473.7635 	EXP 	target_text: height = np.float64(0.05)
473.7635 	EXP 	target_text: height = np.float64(0.05)
473.7635 	EXP 	target_text: height = np.float64(0.05)
473.7635 	EXP 	target_text: text = 'The read can boy fast'
473.7635 	EXP 	fix_text: autoDraw = True
473.9918 	EXP 	blank1_bg: autoDraw = True
474.0054 	EXP 	fix_text: autoDraw = False
474.1876 	EXP 	blank1_bg: autoDraw = False
474.1876 	EXP 	prime_text: autoDraw = True
474.3826 	EXP 	prime_text: autoDraw = False
474.3891 	EXP 	blank2_bg: autoDraw = True
474.4893 	INFO 	Keyboard events cleared
474.4891 	EXP 	blank2_bg: autoDraw = False
474.4891 	EXP 	target_text: autoDraw = True
474.8730 	EXP 	Device response: <KeyPress from None: t=474.87093608301075, value=left, duration=None>
474.8800 	DATA 	Keypress: left
474.8845 	EXP 	fix_text: autoDraw = False
474.8845 	EXP 	blank1_bg: autoDraw = False
474.8845 	EXP 	prime_text: autoDraw = False
474.8845 	EXP 	blank2_bg: autoDraw = False
474.8845 	EXP 	target_text: autoDraw = False
474.8845 	EXP 	greenCircle: autoDraw = True
474.8845 	EXP 	redCrosss: autoDraw = True
474.9671 	EXP 	Device response: <KeyPress from None: t=474.87093608301075, value=left, duration=0.08837225000024773>
475.0746 	EXP 	blank3_bg: autoDraw = True
475.0809 	EXP 	greenCircle: autoDraw = False
475.0809 	EXP 	redCrosss: autoDraw = False
475.8649 	EXP 	New trial (rep=10, index=2): <Trial 162 (2 in rep 10) data={'prime': 'The boy can read fast', 'target': 'The boy can read fast', 'condition': 'repetition_related', 'correctAns': 'right', 'thisN': 162, 'thisTrialN': 2, 'thisRepN': 10}>
475.8751 	EXP 	blank3_bg: autoDraw = False
475.8751 	EXP 	blank3_bg: autoDraw = False
475.8751 	EXP 	greenCircle: autoDraw = False
475.8751 	EXP 	redCrosss: autoDraw = False
475.8751 	EXP 	text: text = 'Take a short break! Press any key to continue.'
475.8751 	EXP 	text: autoDraw = False
475.8751 	EXP 	prime_text: text = 'The boy can read fast'
475.8751 	EXP 	target_text: height = np.float64(0.05)
475.8751 	EXP 	target_text: height = np.float64(0.05)
475.8751 	EXP 	target_text: height = np.float64(0.05)
475.8751 	EXP 	target_text: text = 'The boy can read fast'
475.8751 	EXP 	fix_text: autoDraw = True
476.1083 	EXP 	blank1_bg: autoDraw = True
476.1141 	EXP 	fix_text: autoDraw = False
476.3046 	EXP 	blank1_bg: autoDraw = False
476.3046 	EXP 	prime_text: autoDraw = True
476.4993 	EXP 	prime_text: autoDraw = False
476.5059 	EXP 	blank2_bg: autoDraw = True
476.5994 	EXP 	blank2_bg: autoDraw = False
476.6065 	INFO 	Keyboard events cleared
476.6063 	EXP 	target_text: autoDraw = True
476.9840 	EXP 	Device response: <KeyPress from None: t=476.98088195800665, value=right, duration=None>
476.9921 	DATA 	Keypress: right
476.9964 	EXP 	fix_text: autoDraw = False
476.9964 	EXP 	blank1_bg: autoDraw = False
476.9964 	EXP 	prime_text: autoDraw = False
476.9964 	EXP 	blank2_bg: autoDraw = False
476.9964 	EXP 	target_text: autoDraw = False
476.9964 	EXP 	greenCircle: autoDraw = True
476.9964 	EXP 	redCrosss: autoDraw = True
477.1010 	EXP 	Device response: <KeyPress from None: t=476.98088195800665, value=right, duration=0.10828816700086463>
477.1828 	EXP 	blank3_bg: autoDraw = True
477.1906 	EXP 	greenCircle: autoDraw = False
477.1906 	EXP 	redCrosss: autoDraw = False
477.9734 	EXP 	New trial (rep=10, index=3): <Trial 163 (3 in rep 10) data={'prime': 'They have finished the work', 'target': 'They work the have finished', 'condition': 'transposition_unrelated', 'correctAns': 'left', 'thisN': 163, 'thisTrialN': 3, 'thisRepN': 10}>
477.9884 	EXP 	blank3_bg: autoDraw = False
477.9884 	EXP 	blank3_bg: autoDraw = False
477.9884 	EXP 	greenCircle: autoDraw = False
477.9884 	EXP 	redCrosss: autoDraw = False
477.9884 	EXP 	text: text = 'Take a short break! Press any key to continue.'
477.9884 	EXP 	text: autoDraw = False
477.9884 	EXP 	prime_text: height = np.float64(0.05)
477.9884 	EXP 	prime_text: height = np.float64(0.05)
477.9884 	EXP 	prime_text: height = np.float64(0.05)
477.9884 	EXP 	prime_text: text = 'They have finished the work'
477.9884 	EXP 	target_text: height = np.float64(0.05)
477.9884 	EXP 	target_text: height = np.float64(0.05)
477.9884 	EXP 	target_text: height = np.float64(0.05)
477.9884 	EXP 	target_text: text = 'They work the have finished'
477.9884 	EXP 	fix_text: autoDraw = True
478.2232 	EXP 	blank1_bg: autoDraw = True
478.2310 	EXP 	fix_text: autoDraw = False
478.4142 	EXP 	blank1_bg: autoDraw = False
478.4142 	EXP 	prime_text: autoDraw = True
478.6039 	EXP 	prime_text: autoDraw = False
478.6226 	EXP 	blank2_bg: autoDraw = True
478.7159 	EXP 	blank2_bg: autoDraw = False
478.7225 	INFO 	Keyboard events cleared
478.7223 	EXP 	target_text: autoDraw = True
479.1171 	EXP 	Device response: <KeyPress from None: t=479.10885670800053, value=left, duration=None>
479.1246 	DATA 	Keypress: left
479.1287 	EXP 	fix_text: autoDraw = False
479.1287 	EXP 	blank1_bg: autoDraw = False
479.1287 	EXP 	prime_text: autoDraw = False
479.1287 	EXP 	blank2_bg: autoDraw = False
479.1287 	EXP 	target_text: autoDraw = False
479.1287 	EXP 	greenCircle: autoDraw = True
479.1287 	EXP 	redCrosss: autoDraw = True
479.1877 	EXP 	Device response: <KeyPress from None: t=479.10885670800053, value=left, duration=0.07627641700673848>
479.3150 	EXP 	blank3_bg: autoDraw = True
479.3233 	EXP 	greenCircle: autoDraw = False
479.3233 	EXP 	redCrosss: autoDraw = False
480.0993 	EXP 	New trial (rep=10, index=4): <Trial 164 (4 in rep 10) data={'prime': 'They have finished the work', 'target': 'They have finished the work', 'condition': 'repetition_related', 'correctAns': 'right', 'thisN': 164, 'thisTrialN': 4, 'thisRepN': 10}>
480.1108 	EXP 	blank3_bg: autoDraw = False
480.1108 	EXP 	blank3_bg: autoDraw = False
480.1108 	EXP 	greenCircle: autoDraw = False
480.1108 	EXP 	redCrosss: autoDraw = False
480.1108 	EXP 	text: text = 'Take a short break! Press any key to continue.'
480.1108 	EXP 	text: autoDraw = False
480.1108 	EXP 	prime_text: text = 'They have finished the work'
480.1108 	EXP 	target_text: height = np.float64(0.05)
480.1108 	EXP 	target_text: height = np.float64(0.05)
480.1108 	EXP 	target_text: height = np.float64(0.05)
480.1108 	EXP 	target_text: text = 'They have finished the work'
480.1108 	EXP 	fix_text: autoDraw = True
480.3418 	EXP 	blank1_bg: autoDraw = True
480.3553 	EXP 	fix_text: autoDraw = False
480.5374 	EXP 	blank1_bg: autoDraw = False
480.5374 	EXP 	prime_text: autoDraw = True
480.7324 	EXP 	prime_text: autoDraw = False
480.7381 	EXP 	blank2_bg: autoDraw = True
480.8325 	EXP 	blank2_bg: autoDraw = False
480.8392 	INFO 	Keyboard events cleared
480.8391 	EXP 	target_text: autoDraw = True
481.2004 	EXP 	Device response: <KeyPress from None: t=481.1977676250099, value=right, duration=None>
481.2080 	DATA 	Keypress: right
481.2123 	EXP 	fix_text: autoDraw = False
481.2123 	EXP 	blank1_bg: autoDraw = False
481.2123 	EXP 	prime_text: autoDraw = False
481.2123 	EXP 	blank2_bg: autoDraw = False
481.2123 	EXP 	target_text: autoDraw = False
481.2123 	EXP 	greenCircle: autoDraw = True
481.2123 	EXP 	redCrosss: autoDraw = True
481.3008 	EXP 	Device response: <KeyPress from None: t=481.1977676250099, value=right, duration=0.09220062498934567>
481.3982 	EXP 	blank3_bg: autoDraw = True
481.4052 	EXP 	greenCircle: autoDraw = False
481.4052 	EXP 	redCrosss: autoDraw = False
482.1821 	EXP 	New trial (rep=10, index=5): <Trial 165 (5 in rep 10) data={'prime': 'The dog is barking loudly', 'target': 'The dog barking is loudly', 'condition': 'transposition_related', 'correctAns': 'right', 'thisN': 165, 'thisTrialN': 5, 'thisRepN': 10}>
482.1973 	EXP 	blank3_bg: autoDraw = False
482.1973 	EXP 	blank3_bg: autoDraw = False
482.1973 	EXP 	greenCircle: autoDraw = False
482.1973 	EXP 	redCrosss: autoDraw = False
482.1973 	EXP 	text: text = 'Take a short break! Press any key to continue.'
482.1973 	EXP 	text: autoDraw = False
482.1973 	EXP 	prime_text: height = np.float64(0.05)
482.1973 	EXP 	prime_text: height = np.float64(0.05)
482.1973 	EXP 	prime_text: height = np.float64(0.05)
482.1973 	EXP 	prime_text: text = 'The dog is barking loudly'
482.1973 	EXP 	target_text: height = np.float64(0.05)
482.1973 	EXP 	target_text: height = np.float64(0.05)
482.1973 	EXP 	target_text: height = np.float64(0.05)
482.1973 	EXP 	target_text: text = 'The dog barking is loudly'
482.1973 	EXP 	fix_text: autoDraw = True
482.4245 	EXP 	blank1_bg: autoDraw = True
482.4385 	EXP 	fix_text: autoDraw = False
482.6227 	EXP 	blank1_bg: autoDraw = False
482.6227 	EXP 	prime_text: autoDraw = True
482.8161 	EXP 	prime_text: autoDraw = False
482.8222 	EXP 	blank2_bg: autoDraw = True
482.9161 	EXP 	blank2_bg: autoDraw = False
482.9234 	INFO 	Keyboard events cleared
482.9233 	EXP 	target_text: autoDraw = True
483.2005 	EXP 	Device response: <KeyPress from None: t=483.19371641700855, value=left, duration=None>
483.2080 	DATA 	Keypress: left
483.2123 	EXP 	fix_text: autoDraw = False
483.2123 	EXP 	blank1_bg: autoDraw = False
483.2123 	EXP 	prime_text: autoDraw = False
483.2123 	EXP 	blank2_bg: autoDraw = False
483.2123 	EXP 	target_text: autoDraw = False
483.2123 	EXP 	greenCircle: autoDraw = True
483.2123 	EXP 	redCrosss: autoDraw = True
483.2725 	EXP 	Device response: <KeyPress from None: t=483.19371641700855, value=left, duration=0.07623587499256246>
483.3913 	EXP 	blank3_bg: autoDraw = True
483.4063 	EXP 	greenCircle: autoDraw = False
483.4063 	EXP 	redCrosss: autoDraw = False
484.1834 	EXP 	New trial (rep=10, index=6): <Trial 166 (6 in rep 10) data={'prime': 'The dog is barking loudly', 'target': 'The dog is barking loudly', 'condition': 'repetition_related', 'correctAns': 'right', 'thisN': 166, 'thisTrialN': 6, 'thisRepN': 10}>
484.1959 	EXP 	blank3_bg: autoDraw = False
484.1959 	EXP 	blank3_bg: autoDraw = False
484.1959 	EXP 	greenCircle: autoDraw = False
484.1959 	EXP 	redCrosss: autoDraw = False
484.1959 	EXP 	text: text = 'Take a short break! Press any key to continue.'
484.1959 	EXP 	text: autoDraw = False
484.1959 	EXP 	prime_text: text = 'The dog is barking loudly'
484.1959 	EXP 	target_text: height = np.float64(0.05)
484.1959 	EXP 	target_text: height = np.float64(0.05)
484.1959 	EXP 	target_text: height = np.float64(0.05)
484.1959 	EXP 	target_text: text = 'The dog is barking loudly'
484.1959 	EXP 	fix_text: autoDraw = True
484.4245 	EXP 	blank1_bg: autoDraw = True
484.4371 	EXP 	fix_text: autoDraw = False
484.6198 	EXP 	blank1_bg: autoDraw = False
484.6324 	EXP 	prime_text: autoDraw = True
484.8224 	EXP 	prime_text: autoDraw = False
484.8224 	EXP 	blank2_bg: autoDraw = True
484.9161 	EXP 	blank2_bg: autoDraw = False
484.9236 	INFO 	Keyboard events cleared
484.9234 	EXP 	target_text: autoDraw = True
485.3727 	EXP 	Device response: <KeyPress from None: t=485.3666297500022, value=right, duration=None>
485.3799 	DATA 	Keypress: right
485.3848 	EXP 	fix_text: autoDraw = False
485.3848 	EXP 	blank1_bg: autoDraw = False
485.3848 	EXP 	prime_text: autoDraw = False
485.3848 	EXP 	blank2_bg: autoDraw = False
485.3848 	EXP 	target_text: autoDraw = False
485.3848 	EXP 	greenCircle: autoDraw = True
485.3848 	EXP 	redCrosss: autoDraw = True
485.4674 	EXP 	Device response: <KeyPress from None: t=485.3666297500022, value=right, duration=0.09628700000757817>
485.5643 	EXP 	blank3_bg: autoDraw = True
485.5816 	EXP 	greenCircle: autoDraw = False
485.5816 	EXP 	redCrosss: autoDraw = False
486.3491 	EXP 	New trial (rep=10, index=7): <Trial 167 (7 in rep 10) data={'prime': 'The dog is barking loudly', 'target': 'The barking dog loudly is', 'condition': 'transposition_unrelated', 'correctAns': 'left', 'thisN': 167, 'thisTrialN': 7, 'thisRepN': 10}>
486.3605 	EXP 	blank3_bg: autoDraw = False
486.3605 	EXP 	blank3_bg: autoDraw = False
486.3605 	EXP 	greenCircle: autoDraw = False
486.3605 	EXP 	redCrosss: autoDraw = False
486.3605 	EXP 	text: text = 'Take a short break! Press any key to continue.'
486.3605 	EXP 	text: autoDraw = False
486.3605 	EXP 	prime_text: text = 'The dog is barking loudly'
486.3605 	EXP 	target_text: height = np.float64(0.05)
486.3605 	EXP 	target_text: height = np.float64(0.05)
486.3605 	EXP 	target_text: height = np.float64(0.05)
486.3605 	EXP 	target_text: text = 'The barking dog loudly is'
486.3605 	EXP 	fix_text: autoDraw = True
486.5909 	EXP 	blank1_bg: autoDraw = True
486.6044 	EXP 	fix_text: autoDraw = False
486.7825 	EXP 	blank1_bg: autoDraw = False
486.7888 	EXP 	prime_text: autoDraw = True
486.9825 	EXP 	prime_text: autoDraw = False
486.9884 	EXP 	blank2_bg: autoDraw = True
487.0826 	EXP 	blank2_bg: autoDraw = False
487.0902 	INFO 	Keyboard events cleared
487.0900 	EXP 	target_text: autoDraw = True
487.4564 	EXP 	Device response: <KeyPress from None: t=487.45462016700185, value=left, duration=None>
487.4637 	DATA 	Keypress: left
487.4684 	EXP 	fix_text: autoDraw = False
487.4684 	EXP 	blank1_bg: autoDraw = False
487.4684 	EXP 	prime_text: autoDraw = False
487.4684 	EXP 	blank2_bg: autoDraw = False
487.4684 	EXP 	target_text: autoDraw = False
487.4684 	EXP 	greenCircle: autoDraw = True
487.4684 	EXP 	redCrosss: autoDraw = True
487.5504 	EXP 	Device response: <KeyPress from None: t=487.45462016700185, value=left, duration=0.08824287500465289>
487.6579 	EXP 	blank3_bg: autoDraw = True
487.6643 	EXP 	greenCircle: autoDraw = False
487.6643 	EXP 	redCrosss: autoDraw = False
488.4487 	EXP 	New trial (rep=10, index=8): <Trial 168 (8 in rep 10) data={'prime': 'She does not like apples', 'target': 'She not does like apples', 'condition': 'transposition_related', 'correctAns': 'right', 'thisN': 168, 'thisTrialN': 8, 'thisRepN': 10}>
488.4626 	EXP 	blank3_bg: autoDraw = False
488.4626 	EXP 	blank3_bg: autoDraw = False
488.4626 	EXP 	greenCircle: autoDraw = False
488.4626 	EXP 	redCrosss: autoDraw = False
488.4626 	EXP 	text: text = 'Take a short break! Press any key to continue.'
488.4626 	EXP 	text: autoDraw = False
488.4626 	EXP 	prime_text: height = np.float64(0.05)
488.4626 	EXP 	prime_text: height = np.float64(0.05)
488.4626 	EXP 	prime_text: height = np.float64(0.05)
488.4626 	EXP 	prime_text: text = 'She does not like apples'
488.4626 	EXP 	target_text: height = np.float64(0.05)
488.4626 	EXP 	target_text: height = np.float64(0.05)
488.4626 	EXP 	target_text: height = np.float64(0.05)
488.4626 	EXP 	target_text: text = 'She not does like apples'
488.4626 	EXP 	fix_text: autoDraw = True
488.6914 	EXP 	blank1_bg: autoDraw = True
488.7050 	EXP 	fix_text: autoDraw = False
488.8881 	EXP 	blank1_bg: autoDraw = False
488.8881 	EXP 	prime_text: autoDraw = True
489.0826 	EXP 	prime_text: autoDraw = False
489.0890 	EXP 	blank2_bg: autoDraw = True
489.1887 	INFO 	Keyboard events cleared
489.1885 	EXP 	blank2_bg: autoDraw = False
489.1885 	EXP 	target_text: autoDraw = True
489.6050 	EXP 	Device response: <KeyPress from None: t=489.602539917003, value=left, duration=None>
489.6129 	DATA 	Keypress: left
489.6180 	EXP 	fix_text: autoDraw = False
489.6180 	EXP 	blank1_bg: autoDraw = False
489.6180 	EXP 	prime_text: autoDraw = False
489.6180 	EXP 	blank2_bg: autoDraw = False
489.6180 	EXP 	target_text: autoDraw = False
489.6180 	EXP 	greenCircle: autoDraw = True
489.6180 	EXP 	redCrosss: autoDraw = True
489.7005 	EXP 	Device response: <KeyPress from None: t=489.602539917003, value=left, duration=0.09639133300515823>
489.8057 	EXP 	blank3_bg: autoDraw = True
489.8146 	EXP 	greenCircle: autoDraw = False
489.8146 	EXP 	redCrosss: autoDraw = False
490.5900 	EXP 	New trial (rep=10, index=9): <Trial 169 (9 in rep 10) data={'prime': 'The dog is barking loudly', 'target': 'The loudly is barking dog', 'condition': 'repetition_unrelated', 'correctAns': 'left', 'thisN': 169, 'thisTrialN': 9, 'thisRepN': 10}>
490.6021 	EXP 	blank3_bg: autoDraw = False
490.6021 	EXP 	blank3_bg: autoDraw = False
490.6021 	EXP 	greenCircle: autoDraw = False
490.6021 	EXP 	redCrosss: autoDraw = False
490.6021 	EXP 	text: text = 'Take a short break! Press any key to continue.'
490.6021 	EXP 	text: autoDraw = False
490.6021 	EXP 	prime_text: height = np.float64(0.05)
490.6021 	EXP 	prime_text: height = np.float64(0.05)
490.6021 	EXP 	prime_text: height = np.float64(0.05)
490.6021 	EXP 	prime_text: text = 'The dog is barking loudly'
490.6021 	EXP 	target_text: height = np.float64(0.05)
490.6021 	EXP 	target_text: height = np.float64(0.05)
490.6021 	EXP 	target_text: height = np.float64(0.05)
490.6021 	EXP 	target_text: text = 'The loudly is barking dog'
490.6021 	EXP 	fix_text: autoDraw = True
490.8408 	EXP 	blank1_bg: autoDraw = True
490.8476 	EXP 	fix_text: autoDraw = False
491.0395 	EXP 	blank1_bg: autoDraw = False
491.0395 	EXP 	prime_text: autoDraw = True
491.2371 	EXP 	prime_text: autoDraw = False
491.2371 	EXP 	blank2_bg: autoDraw = True
491.3325 	EXP 	blank2_bg: autoDraw = False
491.3386 	INFO 	Keyboard events cleared
491.3384 	EXP 	target_text: autoDraw = True
491.7571 	EXP 	Device response: <KeyPress from None: t=491.7534843750036, value=left, duration=None>
491.7648 	DATA 	Keypress: left
491.7687 	EXP 	fix_text: autoDraw = False
491.7687 	EXP 	blank1_bg: autoDraw = False
491.7687 	EXP 	prime_text: autoDraw = False
491.7687 	EXP 	blank2_bg: autoDraw = False
491.7687 	EXP 	target_text: autoDraw = False
491.7687 	EXP 	greenCircle: autoDraw = True
491.7687 	EXP 	redCrosss: autoDraw = True
491.8228 	EXP 	Device response: <KeyPress from None: t=491.7534843750036, value=left, duration=0.06434308299503755>
491.9581 	EXP 	blank3_bg: autoDraw = True
491.9646 	EXP 	greenCircle: autoDraw = False
491.9646 	EXP 	redCrosss: autoDraw = False
492.7490 	EXP 	New trial (rep=10, index=10): <Trial 170 (10 in rep 10) data={'prime': 'The boy can read fast', 'target': 'The read can boy fast', 'condition': 'repetition_unrelated', 'correctAns': 'left', 'thisN': 170, 'thisTrialN': 10, 'thisRepN': 10}>
492.7611 	EXP 	blank3_bg: autoDraw = False
492.7611 	EXP 	blank3_bg: autoDraw = False
492.7611 	EXP 	greenCircle: autoDraw = False
492.7611 	EXP 	redCrosss: autoDraw = False
492.7611 	EXP 	text: text = 'Take a short break! Press any key to continue.'
492.7611 	EXP 	text: autoDraw = False
492.7611 	EXP 	prime_text: height = np.float64(0.05)
492.7611 	EXP 	prime_text: height = np.float64(0.05)
492.7611 	EXP 	prime_text: height = np.float64(0.05)
492.7611 	EXP 	prime_text: text = 'The boy can read fast'
492.7611 	EXP 	target_text: height = np.float64(0.05)
492.7611 	EXP 	target_text: height = np.float64(0.05)
492.7611 	EXP 	target_text: height = np.float64(0.05)
492.7611 	EXP 	target_text: text = 'The read can boy fast'
492.7611 	EXP 	fix_text: autoDraw = True
492.9916 	EXP 	blank1_bg: autoDraw = True
493.0055 	EXP 	fix_text: autoDraw = False
493.1825 	EXP 	blank1_bg: autoDraw = False
493.1892 	EXP 	prime_text: autoDraw = True
493.3827 	EXP 	prime_text: autoDraw = False
493.3889 	EXP 	blank2_bg: autoDraw = True
493.4824 	EXP 	blank2_bg: autoDraw = False
493.4895 	INFO 	Keyboard events cleared
493.4893 	EXP 	target_text: autoDraw = True
494.0677 	EXP 	Device response: <KeyPress from None: t=494.0593713749986, value=left, duration=None>
494.0763 	DATA 	Keypress: left
494.0806 	EXP 	fix_text: autoDraw = False
494.0806 	EXP 	blank1_bg: autoDraw = False
494.0806 	EXP 	prime_text: autoDraw = False
494.0806 	EXP 	blank2_bg: autoDraw = False
494.0806 	EXP 	target_text: autoDraw = False
494.0806 	EXP 	greenCircle: autoDraw = True
494.0806 	EXP 	redCrosss: autoDraw = True
494.1338 	EXP 	Device response: <KeyPress from None: t=494.0593713749986, value=left, duration=0.07240291700873058>
494.2658 	EXP 	blank3_bg: autoDraw = True
494.2735 	EXP 	greenCircle: autoDraw = False
494.2735 	EXP 	redCrosss: autoDraw = False
495.0505 	EXP 	New trial (rep=10, index=11): <Trial 171 (11 in rep 10) data={'prime': 'She does not like apples', 'target': 'She not does like apples', 'condition': 'repetition_unrelated', 'correctAns': 'left', 'thisN': 171, 'thisTrialN': 11, 'thisRepN': 10}>
495.0669 	EXP 	blank3_bg: autoDraw = False
495.0669 	EXP 	blank3_bg: autoDraw = False
495.0669 	EXP 	greenCircle: autoDraw = False
495.0669 	EXP 	redCrosss: autoDraw = False
495.0669 	EXP 	text: text = 'Take a short break! Press any key to continue.'
495.0669 	EXP 	text: autoDraw = False
495.0669 	EXP 	prime_text: height = np.float64(0.05)
495.0669 	EXP 	prime_text: height = np.float64(0.05)
495.0669 	EXP 	prime_text: height = np.float64(0.05)
495.0669 	EXP 	prime_text: text = 'She does not like apples'
495.0669 	EXP 	target_text: height = np.float64(0.05)
495.0669 	EXP 	target_text: height = np.float64(0.05)
495.0669 	EXP 	target_text: height = np.float64(0.05)
495.0669 	EXP 	target_text: text = 'She not does like apples'
495.0669 	EXP 	fix_text: autoDraw = True
495.2992 	EXP 	blank1_bg: autoDraw = True
495.3144 	EXP 	fix_text: autoDraw = False
495.4864 	EXP 	blank1_bg: autoDraw = False
495.4992 	EXP 	prime_text: autoDraw = True
495.6871 	EXP 	prime_text: autoDraw = False
495.6992 	EXP 	blank2_bg: autoDraw = True
495.7876 	EXP 	blank2_bg: autoDraw = False
495.7992 	INFO 	Keyboard events cleared
495.7989 	EXP 	target_text: autoDraw = True
496.2007 	EXP 	Device response: <KeyPress from None: t=496.19029895801214, value=left, duration=None>
496.2087 	DATA 	Keypress: left
496.2129 	EXP 	fix_text: autoDraw = False
496.2129 	EXP 	blank1_bg: autoDraw = False
496.2129 	EXP 	prime_text: autoDraw = False
496.2129 	EXP 	blank2_bg: autoDraw = False
496.2129 	EXP 	target_text: autoDraw = False
496.2129 	EXP 	greenCircle: autoDraw = True
496.2129 	EXP 	redCrosss: autoDraw = True
496.2503 	EXP 	Device response: <KeyPress from None: t=496.19029895801214, value=left, duration=0.05244695898727514>
496.3992 	EXP 	blank3_bg: autoDraw = True
496.4070 	EXP 	greenCircle: autoDraw = False
496.4070 	EXP 	redCrosss: autoDraw = False
497.1897 	EXP 	New trial (rep=10, index=12): <Trial 172 (12 in rep 10) data={'prime': 'The boy can read fast', 'target': 'The boy can read fast', 'condition': 'transposition_related', 'correctAns': 'right', 'thisN': 172, 'thisTrialN': 12, 'thisRepN': 10}>
497.2051 	EXP 	blank3_bg: autoDraw = False
497.2051 	EXP 	blank3_bg: autoDraw = False
497.2051 	EXP 	greenCircle: autoDraw = False
497.2051 	EXP 	redCrosss: autoDraw = False
497.2051 	EXP 	text: text = 'Take a short break! Press any key to continue.'
497.2051 	EXP 	text: autoDraw = False
497.2051 	EXP 	prime_text: height = np.float64(0.05)
497.2051 	EXP 	prime_text: height = np.float64(0.05)
497.2051 	EXP 	prime_text: height = np.float64(0.05)
497.2051 	EXP 	prime_text: text = 'The boy can read fast'
497.2051 	EXP 	target_text: height = np.float64(0.05)
497.2051 	EXP 	target_text: height = np.float64(0.05)
497.2051 	EXP 	target_text: height = np.float64(0.05)
497.2051 	EXP 	target_text: text = 'The boy can read fast'
497.2051 	EXP 	fix_text: autoDraw = True
497.4311 	EXP 	blank1_bg: autoDraw = True
497.4476 	EXP 	fix_text: autoDraw = False
497.6211 	EXP 	blank1_bg: autoDraw = False
497.6392 	EXP 	prime_text: autoDraw = True
497.8323 	EXP 	prime_text: autoDraw = False
497.8323 	EXP 	blank2_bg: autoDraw = True
497.9204 	EXP 	blank2_bg: autoDraw = False
497.9393 	INFO 	Keyboard events cleared
497.9392 	EXP 	target_text: autoDraw = True
498.3338 	EXP 	Device response: <KeyPress from None: t=498.3295710000093, value=right, duration=None>
498.3419 	DATA 	Keypress: right
498.3461 	EXP 	fix_text: autoDraw = False
498.3461 	EXP 	blank1_bg: autoDraw = False
498.3461 	EXP 	prime_text: autoDraw = False
498.3461 	EXP 	blank2_bg: autoDraw = False
498.3461 	EXP 	target_text: autoDraw = False
498.3461 	EXP 	greenCircle: autoDraw = True
498.3461 	EXP 	redCrosss: autoDraw = True
498.4337 	EXP 	Device response: <KeyPress from None: t=498.3295710000093, value=right, duration=0.09605270800238941>
498.5313 	EXP 	blank3_bg: autoDraw = True
498.5383 	EXP 	greenCircle: autoDraw = False
498.5383 	EXP 	redCrosss: autoDraw = False
499.3167 	EXP 	New trial (rep=10, index=13): <Trial 173 (13 in rep 10) data={'prime': 'She does not like apples', 'target': 'She like does apples not', 'condition': 'transposition_unrelated', 'correctAns': 'left', 'thisN': 173, 'thisTrialN': 13, 'thisRepN': 10}>
499.3328 	EXP 	blank3_bg: autoDraw = False
499.3328 	EXP 	blank3_bg: autoDraw = False
499.3328 	EXP 	greenCircle: autoDraw = False
499.3328 	EXP 	redCrosss: autoDraw = False
499.3328 	EXP 	text: text = 'Take a short break! Press any key to continue.'
499.3328 	EXP 	text: autoDraw = False
499.3328 	EXP 	prime_text: height = np.float64(0.05)
499.3328 	EXP 	prime_text: height = np.float64(0.05)
499.3328 	EXP 	prime_text: height = np.float64(0.05)
499.3328 	EXP 	prime_text: text = 'She does not like apples'
499.3328 	EXP 	target_text: height = np.float64(0.05)
499.3328 	EXP 	target_text: height = np.float64(0.05)
499.3328 	EXP 	target_text: height = np.float64(0.05)
499.3328 	EXP 	target_text: text = 'She like does apples not'
499.3328 	EXP 	fix_text: autoDraw = True
499.5582 	EXP 	blank1_bg: autoDraw = True
499.5718 	EXP 	fix_text: autoDraw = False
499.7513 	EXP 	blank1_bg: autoDraw = False
499.7658 	EXP 	prime_text: autoDraw = True
499.9555 	EXP 	prime_text: autoDraw = False
499.9555 	EXP 	blank2_bg: autoDraw = True
500.0492 	EXP 	blank2_bg: autoDraw = False
500.0560 	INFO 	Keyboard events cleared
500.0558 	EXP 	target_text: autoDraw = True
500.4173 	EXP 	Device response: <KeyPress from None: t=500.4053003750014, value=left, duration=None>
500.4254 	DATA 	Keypress: left
500.4296 	EXP 	fix_text: autoDraw = False
500.4296 	EXP 	blank1_bg: autoDraw = False
500.4296 	EXP 	prime_text: autoDraw = False
500.4296 	EXP 	blank2_bg: autoDraw = False
500.4296 	EXP 	target_text: autoDraw = False
500.4296 	EXP 	greenCircle: autoDraw = True
500.4296 	EXP 	redCrosss: autoDraw = True
500.5006 	EXP 	Device response: <KeyPress from None: t=500.4053003750014, value=left, duration=0.08834179199766368>
500.6149 	EXP 	blank3_bg: autoDraw = True
500.6221 	EXP 	greenCircle: autoDraw = False
500.6221 	EXP 	redCrosss: autoDraw = False
501.4003 	EXP 	New trial (rep=10, index=14): <Trial 174 (14 in rep 10) data={'prime': 'They have finished the work', 'target': 'They finished have the work', 'condition': 'repetition_unrelated', 'correctAns': 'left', 'thisN': 174, 'thisTrialN': 14, 'thisRepN': 10}>
501.4169 	EXP 	blank3_bg: autoDraw = False
501.4169 	EXP 	blank3_bg: autoDraw = False
501.4169 	EXP 	greenCircle: autoDraw = False
501.4169 	EXP 	redCrosss: autoDraw = False
501.4169 	EXP 	text: text = 'Take a short break! Press any key to continue.'
501.4169 	EXP 	text: autoDraw = False
501.4169 	EXP 	prime_text: height = np.float64(0.05)
501.4169 	EXP 	prime_text: height = np.float64(0.05)
501.4169 	EXP 	prime_text: height = np.float64(0.05)
501.4169 	EXP 	prime_text: text = 'They have finished the work'
501.4169 	EXP 	target_text: height = np.float64(0.05)
501.4169 	EXP 	target_text: height = np.float64(0.05)
501.4169 	EXP 	target_text: height = np.float64(0.05)
501.4169 	EXP 	target_text: text = 'They finished have the work'
501.4169 	EXP 	fix_text: autoDraw = True
501.6414 	EXP 	blank1_bg: autoDraw = True
501.6651 	EXP 	fix_text: autoDraw = False
501.8356 	EXP 	blank1_bg: autoDraw = False
501.8493 	EXP 	prime_text: autoDraw = True
502.0387 	EXP 	prime_text: autoDraw = False
502.0387 	EXP 	blank2_bg: autoDraw = True
502.1325 	EXP 	blank2_bg: autoDraw = False
502.1387 	INFO 	Keyboard events cleared
502.1385 	EXP 	target_text: autoDraw = True
502.4839 	EXP 	Device response: <KeyPress from None: t=502.48126300000877, value=left, duration=None>
502.4921 	DATA 	Keypress: left
502.4964 	EXP 	fix_text: autoDraw = False
502.4964 	EXP 	blank1_bg: autoDraw = False
502.4964 	EXP 	prime_text: autoDraw = False
502.4964 	EXP 	blank2_bg: autoDraw = False
502.4964 	EXP 	target_text: autoDraw = False
502.4964 	EXP 	greenCircle: autoDraw = True
502.4964 	EXP 	redCrosss: autoDraw = True
502.5841 	EXP 	Device response: <KeyPress from None: t=502.48126300000877, value=left, duration=0.09638087499479298>
502.6822 	EXP 	blank3_bg: autoDraw = True
502.6896 	EXP 	greenCircle: autoDraw = False
502.6896 	EXP 	redCrosss: autoDraw = False
503.4733 	EXP 	New trial (rep=10, index=15): <Trial 175 (15 in rep 10) data={'prime': 'They have finished the work', 'target': 'They finished have the work', 'condition': 'transposition_related', 'correctAns': 'right', 'thisN': 175, 'thisTrialN': 15, 'thisRepN': 10}>
503.4813 	EXP 	blank3_bg: autoDraw = False
503.4813 	EXP 	blank3_bg: autoDraw = False
503.4813 	EXP 	greenCircle: autoDraw = False
503.4813 	EXP 	redCrosss: autoDraw = False
503.4813 	EXP 	text: text = 'Take a short break! Press any key to continue.'
503.4813 	EXP 	text: autoDraw = False
503.4813 	EXP 	prime_text: text = 'They have finished the work'
503.4813 	EXP 	target_text: text = 'They finished have the work'
503.4813 	EXP 	fix_text: autoDraw = True
503.7242 	EXP 	fix_text: autoDraw = False
503.7242 	EXP 	blank1_bg: autoDraw = True
503.9144 	EXP 	prime_text: autoDraw = True
503.9203 	EXP 	blank1_bg: autoDraw = False
504.1045 	EXP 	prime_text: autoDraw = False
504.1222 	EXP 	blank2_bg: autoDraw = True
504.2160 	EXP 	blank2_bg: autoDraw = False
504.2219 	INFO 	Keyboard events cleared
504.2218 	EXP 	target_text: autoDraw = True
504.6896 	EXP 	Device response: <KeyPress from None: t=504.6842367920035, value=left, duration=None>
504.6968 	DATA 	Keypress: left
504.7013 	EXP 	fix_text: autoDraw = False
504.7013 	EXP 	blank1_bg: autoDraw = False
504.7013 	EXP 	prime_text: autoDraw = False
504.7013 	EXP 	blank2_bg: autoDraw = False
504.7013 	EXP 	target_text: autoDraw = False
504.7013 	EXP 	greenCircle: autoDraw = True
504.7013 	EXP 	redCrosss: autoDraw = True
504.7899 	EXP 	Device response: <KeyPress from None: t=504.6842367920035, value=left, duration=0.10021516600681935>
504.8906 	EXP 	blank3_bg: autoDraw = True
504.8976 	EXP 	greenCircle: autoDraw = False
504.8976 	EXP 	redCrosss: autoDraw = False
505.6742 	EXP 	New trial (rep=11, index=0): <Trial 176 (0 in rep 11) data={'prime': 'The dog is barking loudly', 'target': 'The dog is barking loudly', 'condition': 'repetition_related', 'correctAns': 'right', 'thisN': 176, 'thisTrialN': 0, 'thisRepN': 11}>
505.6895 	EXP 	blank3_bg: autoDraw = False
505.6895 	EXP 	blank3_bg: autoDraw = False
505.6895 	EXP 	greenCircle: autoDraw = False
505.6895 	EXP 	redCrosss: autoDraw = False
505.6895 	EXP 	text: text = 'Take a short break! Press any key to continue.'
505.6895 	EXP 	text: autoDraw = False
505.6895 	EXP 	prime_text: height = np.float64(0.05)
505.6895 	EXP 	prime_text: height = np.float64(0.05)
505.6895 	EXP 	prime_text: height = np.float64(0.05)
505.6895 	EXP 	prime_text: text = 'The dog is barking loudly'
505.6895 	EXP 	target_text: height = np.float64(0.05)
505.6895 	EXP 	target_text: height = np.float64(0.05)
505.6895 	EXP 	target_text: height = np.float64(0.05)
505.6895 	EXP 	target_text: text = 'The dog is barking loudly'
505.6895 	EXP 	fix_text: autoDraw = True
505.9234 	EXP 	blank1_bg: autoDraw = True
505.9314 	EXP 	fix_text: autoDraw = False
506.1219 	EXP 	blank1_bg: autoDraw = False
506.1219 	EXP 	prime_text: autoDraw = True
506.3158 	EXP 	prime_text: autoDraw = False
506.3218 	EXP 	blank2_bg: autoDraw = True
506.4159 	EXP 	blank2_bg: autoDraw = False
506.4222 	INFO 	Keyboard events cleared
506.4220 	EXP 	target_text: autoDraw = True
506.9837 	EXP 	Device response: <KeyPress from None: t=506.9721503750043, value=right, duration=None>
506.9914 	DATA 	Keypress: right
506.9957 	EXP 	fix_text: autoDraw = False
506.9957 	EXP 	blank1_bg: autoDraw = False
506.9957 	EXP 	prime_text: autoDraw = False
506.9957 	EXP 	blank2_bg: autoDraw = False
506.9957 	EXP 	target_text: autoDraw = False
506.9957 	EXP 	greenCircle: autoDraw = True
506.9957 	EXP 	redCrosss: autoDraw = True
507.0899 	EXP 	Device response: <KeyPress from None: t=506.9721503750043, value=right, duration=0.11235424999904353>
507.1810 	EXP 	blank3_bg: autoDraw = True
507.1890 	EXP 	greenCircle: autoDraw = False
507.1890 	EXP 	redCrosss: autoDraw = False
507.9653 	EXP 	New trial (rep=11, index=1): <Trial 177 (1 in rep 11) data={'prime': 'The boy can read fast', 'target': 'The boy can read fast', 'condition': 'transposition_related', 'correctAns': 'right', 'thisN': 177, 'thisTrialN': 1, 'thisRepN': 11}>
507.9801 	EXP 	blank3_bg: autoDraw = False
507.9801 	EXP 	blank3_bg: autoDraw = False
507.9801 	EXP 	greenCircle: autoDraw = False
507.9801 	EXP 	redCrosss: autoDraw = False
507.9801 	EXP 	text: text = 'Take a short break! Press any key to continue.'
507.9801 	EXP 	text: autoDraw = False
507.9801 	EXP 	prime_text: height = np.float64(0.05)
507.9801 	EXP 	prime_text: height = np.float64(0.05)
507.9801 	EXP 	prime_text: height = np.float64(0.05)
507.9801 	EXP 	prime_text: text = 'The boy can read fast'
507.9801 	EXP 	target_text: height = np.float64(0.05)
507.9801 	EXP 	target_text: height = np.float64(0.05)
507.9801 	EXP 	target_text: height = np.float64(0.05)
507.9801 	EXP 	target_text: text = 'The boy can read fast'
507.9801 	EXP 	fix_text: autoDraw = True
508.2082 	EXP 	blank1_bg: autoDraw = True
508.2212 	EXP 	fix_text: autoDraw = False
508.4038 	EXP 	blank1_bg: autoDraw = False
508.4038 	EXP 	prime_text: autoDraw = True
508.5994 	EXP 	prime_text: autoDraw = False
508.6060 	EXP 	blank2_bg: autoDraw = True
508.6993 	EXP 	blank2_bg: autoDraw = False
508.7064 	INFO 	Keyboard events cleared
508.7062 	EXP 	target_text: autoDraw = True
509.2401 	EXP 	Device response: <KeyPress from None: t=509.2340893750079, value=right, duration=None>
509.2473 	DATA 	Keypress: right
509.2518 	EXP 	fix_text: autoDraw = False
509.2518 	EXP 	blank1_bg: autoDraw = False
509.2518 	EXP 	prime_text: autoDraw = False
509.2518 	EXP 	blank2_bg: autoDraw = False
509.2518 	EXP 	target_text: autoDraw = False
509.2518 	EXP 	greenCircle: autoDraw = True
509.2518 	EXP 	redCrosss: autoDraw = True
509.3510 	EXP 	Device response: <KeyPress from None: t=509.2340893750079, value=right, duration=0.10830954200355336>
509.4410 	EXP 	blank3_bg: autoDraw = True
509.4477 	EXP 	greenCircle: autoDraw = False
509.4477 	EXP 	redCrosss: autoDraw = False
510.2333 	EXP 	New trial (rep=11, index=2): <Trial 178 (2 in rep 11) data={'prime': 'They have finished the work', 'target': 'They work the have finished', 'condition': 'transposition_unrelated', 'correctAns': 'left', 'thisN': 178, 'thisTrialN': 2, 'thisRepN': 11}>
510.2490 	EXP 	blank3_bg: autoDraw = False
510.2490 	EXP 	blank3_bg: autoDraw = False
510.2490 	EXP 	greenCircle: autoDraw = False
510.2490 	EXP 	redCrosss: autoDraw = False
510.2490 	EXP 	text: text = 'Take a short break! Press any key to continue.'
510.2490 	EXP 	text: autoDraw = False
510.2490 	EXP 	prime_text: height = np.float64(0.05)
510.2490 	EXP 	prime_text: height = np.float64(0.05)
510.2490 	EXP 	prime_text: height = np.float64(0.05)
510.2490 	EXP 	prime_text: text = 'They have finished the work'
510.2490 	EXP 	target_text: height = np.float64(0.05)
510.2490 	EXP 	target_text: height = np.float64(0.05)
510.2490 	EXP 	target_text: height = np.float64(0.05)
510.2490 	EXP 	target_text: text = 'They work the have finished'
510.2490 	EXP 	fix_text: autoDraw = True
510.4751 	EXP 	blank1_bg: autoDraw = True
510.4887 	EXP 	fix_text: autoDraw = False
510.6718 	EXP 	blank1_bg: autoDraw = False
510.6718 	EXP 	prime_text: autoDraw = True
510.8657 	EXP 	prime_text: autoDraw = False
510.8722 	EXP 	blank2_bg: autoDraw = True
510.9724 	INFO 	Keyboard events cleared
510.9722 	EXP 	blank2_bg: autoDraw = False
510.9722 	EXP 	target_text: autoDraw = True
511.4172 	EXP 	Device response: <KeyPress from None: t=511.40612900000997, value=left, duration=None>
511.4249 	DATA 	Keypress: left
511.4292 	EXP 	fix_text: autoDraw = False
511.4292 	EXP 	blank1_bg: autoDraw = False
511.4292 	EXP 	prime_text: autoDraw = False
511.4292 	EXP 	blank2_bg: autoDraw = False
511.4292 	EXP 	target_text: autoDraw = False
511.4292 	EXP 	greenCircle: autoDraw = True
511.4292 	EXP 	redCrosss: autoDraw = True
511.5070 	EXP 	Device response: <KeyPress from None: t=511.40612900000997, value=left, duration=0.09627533299499191>
511.6158 	EXP 	blank3_bg: autoDraw = True
511.6241 	EXP 	greenCircle: autoDraw = False
511.6241 	EXP 	redCrosss: autoDraw = False
512.3999 	EXP 	New trial (rep=11, index=3): <Trial 179 (3 in rep 11) data={'prime': 'They have finished the work', 'target': 'They finished have the work', 'condition': 'repetition_unrelated', 'correctAns': 'left', 'thisN': 179, 'thisTrialN': 3, 'thisRepN': 11}>
512.4113 	EXP 	blank3_bg: autoDraw = False
512.4113 	EXP 	blank3_bg: autoDraw = False
512.4113 	EXP 	greenCircle: autoDraw = False
512.4113 	EXP 	redCrosss: autoDraw = False
512.4113 	EXP 	text: text = 'Take a short break! Press any key to continue.'
512.4113 	EXP 	text: autoDraw = False
512.4113 	EXP 	prime_text: text = 'They have finished the work'
512.4113 	EXP 	target_text: height = np.float64(0.05)
512.4113 	EXP 	target_text: height = np.float64(0.05)
512.4113 	EXP 	target_text: height = np.float64(0.05)
512.4113 	EXP 	target_text: text = 'They finished have the work'
512.4113 	EXP 	fix_text: autoDraw = True
512.6414 	EXP 	blank1_bg: autoDraw = True
512.6554 	EXP 	fix_text: autoDraw = False
512.8366 	EXP 	blank1_bg: autoDraw = False
512.8491 	EXP 	prime_text: autoDraw = True
513.0381 	EXP 	prime_text: autoDraw = False
513.0381 	EXP 	blank2_bg: autoDraw = True
513.1324 	EXP 	blank2_bg: autoDraw = False
513.1394 	INFO 	Keyboard events cleared
513.1392 	EXP 	target_text: autoDraw = True
513.5734 	EXP 	Device response: <KeyPress from None: t=513.5709529169981, value=right, duration=None>
513.5807 	DATA 	Keypress: right
513.5852 	EXP 	fix_text: autoDraw = False
513.5852 	EXP 	blank1_bg: autoDraw = False
513.5852 	EXP 	prime_text: autoDraw = False
513.5852 	EXP 	blank2_bg: autoDraw = False
513.5852 	EXP 	target_text: autoDraw = False
513.5852 	EXP 	greenCircle: autoDraw = True
513.5852 	EXP 	redCrosss: autoDraw = True
513.6506 	EXP 	Device response: <KeyPress from None: t=513.5709529169981, value=right, duration=0.07241895800689235>
513.7749 	EXP 	blank3_bg: autoDraw = True
513.7811 	EXP 	greenCircle: autoDraw = False
513.7811 	EXP 	redCrosss: autoDraw = False
514.5657 	EXP 	New trial (rep=11, index=4): <Trial 180 (4 in rep 11) data={'prime': 'She does not like apples', 'target': 'She not does like apples', 'condition': 'transposition_related', 'correctAns': 'right', 'thisN': 180, 'thisTrialN': 4, 'thisRepN': 11}>
514.5805 	EXP 	blank3_bg: autoDraw = False
514.5805 	EXP 	blank3_bg: autoDraw = False
514.5805 	EXP 	greenCircle: autoDraw = False
514.5805 	EXP 	redCrosss: autoDraw = False
514.5805 	EXP 	text: text = 'Take a short break! Press any key to continue.'
514.5805 	EXP 	text: autoDraw = False
514.5805 	EXP 	prime_text: height = np.float64(0.05)
514.5805 	EXP 	prime_text: height = np.float64(0.05)
514.5805 	EXP 	prime_text: height = np.float64(0.05)
514.5805 	EXP 	prime_text: text = 'She does not like apples'
514.5805 	EXP 	target_text: height = np.float64(0.05)
514.5805 	EXP 	target_text: height = np.float64(0.05)
514.5805 	EXP 	target_text: height = np.float64(0.05)
514.5805 	EXP 	target_text: text = 'She not does like apples'
514.5805 	EXP 	fix_text: autoDraw = True
514.8075 	EXP 	blank1_bg: autoDraw = True
514.8208 	EXP 	fix_text: autoDraw = False
515.0060 	EXP 	blank1_bg: autoDraw = False
515.0060 	EXP 	prime_text: autoDraw = True
515.1991 	EXP 	prime_text: autoDraw = False
515.2041 	EXP 	blank2_bg: autoDraw = True
515.2990 	EXP 	blank2_bg: autoDraw = False
515.3061 	INFO 	Keyboard events cleared
515.3059 	EXP 	target_text: autoDraw = True
515.8845 	EXP 	Device response: <KeyPress from None: t=515.8809605420101, value=left, duration=None>
515.8926 	DATA 	Keypress: left
515.8968 	EXP 	fix_text: autoDraw = False
515.8968 	EXP 	blank1_bg: autoDraw = False
515.8968 	EXP 	prime_text: autoDraw = False
515.8968 	EXP 	blank2_bg: autoDraw = False
515.8968 	EXP 	target_text: autoDraw = False
515.8968 	EXP 	greenCircle: autoDraw = True
515.8968 	EXP 	redCrosss: autoDraw = True
515.9669 	EXP 	Device response: <KeyPress from None: t=515.8809605420101, value=left, duration=0.08429037500172853>
516.0813 	EXP 	blank3_bg: autoDraw = True
516.0881 	EXP 	greenCircle: autoDraw = False
516.0881 	EXP 	redCrosss: autoDraw = False
516.8653 	EXP 	New trial (rep=11, index=5): <Trial 181 (5 in rep 11) data={'prime': 'The boy can read fast', 'target': 'The read can boy fast', 'condition': 'transposition_unrelated', 'correctAns': 'left', 'thisN': 181, 'thisTrialN': 5, 'thisRepN': 11}>
516.8774 	EXP 	blank3_bg: autoDraw = False
516.8774 	EXP 	blank3_bg: autoDraw = False
516.8774 	EXP 	greenCircle: autoDraw = False
516.8774 	EXP 	redCrosss: autoDraw = False
516.8774 	EXP 	text: text = 'Take a short break! Press any key to continue.'
516.8774 	EXP 	text: autoDraw = False
516.8774 	EXP 	prime_text: height = np.float64(0.05)
516.8774 	EXP 	prime_text: height = np.float64(0.05)
516.8774 	EXP 	prime_text: height = np.float64(0.05)
516.8774 	EXP 	prime_text: text = 'The boy can read fast'
516.8774 	EXP 	target_text: height = np.float64(0.05)
516.8774 	EXP 	target_text: height = np.float64(0.05)
516.8774 	EXP 	target_text: height = np.float64(0.05)
516.8774 	EXP 	target_text: text = 'The read can boy fast'
516.8774 	EXP 	fix_text: autoDraw = True
517.1086 	EXP 	blank1_bg: autoDraw = True
517.1236 	EXP 	fix_text: autoDraw = False
517.3051 	EXP 	blank1_bg: autoDraw = False
517.3051 	EXP 	prime_text: autoDraw = True
517.4993 	EXP 	prime_text: autoDraw = False
517.5059 	EXP 	blank2_bg: autoDraw = True
517.5991 	EXP 	blank2_bg: autoDraw = False
517.6047 	INFO 	Keyboard events cleared
517.6045 	EXP 	target_text: autoDraw = True
518.0672 	EXP 	Device response: <KeyPress from None: t=518.0609512080118, value=left, duration=None>
518.0754 	DATA 	Keypress: left
518.0797 	EXP 	fix_text: autoDraw = False
518.0797 	EXP 	blank1_bg: autoDraw = False
518.0797 	EXP 	prime_text: autoDraw = False
518.0797 	EXP 	blank2_bg: autoDraw = False
518.0797 	EXP 	target_text: autoDraw = False
518.0797 	EXP 	greenCircle: autoDraw = True
518.0797 	EXP 	redCrosss: autoDraw = True
518.1505 	EXP 	Device response: <KeyPress from None: t=518.0609512080118, value=left, duration=0.0802724999957718>
518.2642 	EXP 	blank3_bg: autoDraw = True
518.2709 	EXP 	greenCircle: autoDraw = False
518.2709 	EXP 	redCrosss: autoDraw = False
519.0484 	EXP 	New trial (rep=11, index=6): <Trial 182 (6 in rep 11) data={'prime': 'The dog is barking loudly', 'target': 'The dog barking is loudly', 'condition': 'transposition_related', 'correctAns': 'right', 'thisN': 182, 'thisTrialN': 6, 'thisRepN': 11}>
519.0627 	EXP 	blank3_bg: autoDraw = False
519.0627 	EXP 	blank3_bg: autoDraw = False
519.0627 	EXP 	greenCircle: autoDraw = False
519.0627 	EXP 	redCrosss: autoDraw = False
519.0627 	EXP 	text: text = 'Take a short break! Press any key to continue.'
519.0627 	EXP 	text: autoDraw = False
519.0627 	EXP 	prime_text: height = np.float64(0.05)
519.0627 	EXP 	prime_text: height = np.float64(0.05)
519.0627 	EXP 	prime_text: height = np.float64(0.05)
519.0627 	EXP 	prime_text: text = 'The dog is barking loudly'
519.0627 	EXP 	target_text: height = np.float64(0.05)
519.0627 	EXP 	target_text: height = np.float64(0.05)
519.0627 	EXP 	target_text: height = np.float64(0.05)
519.0627 	EXP 	target_text: text = 'The dog barking is loudly'
519.0627 	EXP 	fix_text: autoDraw = True
519.2915 	EXP 	blank1_bg: autoDraw = True
519.3052 	EXP 	fix_text: autoDraw = False
519.4861 	EXP 	blank1_bg: autoDraw = False
519.4861 	EXP 	prime_text: autoDraw = True
519.6827 	EXP 	prime_text: autoDraw = False
519.6891 	EXP 	blank2_bg: autoDraw = True
519.7895 	INFO 	Keyboard events cleared
519.7893 	EXP 	blank2_bg: autoDraw = False
519.7893 	EXP 	target_text: autoDraw = True
520.4896 	EXP 	Device response: <KeyPress from None: t=520.4848097500071, value=left, duration=None>
520.4967 	DATA 	Keypress: left
520.5013 	EXP 	fix_text: autoDraw = False
520.5013 	EXP 	blank1_bg: autoDraw = False
520.5013 	EXP 	prime_text: autoDraw = False
520.5013 	EXP 	blank2_bg: autoDraw = False
520.5013 	EXP 	target_text: autoDraw = False
520.5013 	EXP 	greenCircle: autoDraw = True
520.5013 	EXP 	redCrosss: autoDraw = True
520.5714 	EXP 	Device response: <KeyPress from None: t=520.4848097500071, value=left, duration=0.08439633299713023>
520.6917 	EXP 	blank3_bg: autoDraw = True
520.6980 	EXP 	greenCircle: autoDraw = False
520.6980 	EXP 	redCrosss: autoDraw = False
521.4816 	EXP 	New trial (rep=11, index=7): <Trial 183 (7 in rep 11) data={'prime': 'She does not like apples', 'target': 'She does not like apples', 'condition': 'repetition_related', 'correctAns': 'right', 'thisN': 183, 'thisTrialN': 7, 'thisRepN': 11}>
521.4955 	EXP 	blank3_bg: autoDraw = False
521.4955 	EXP 	blank3_bg: autoDraw = False
521.4955 	EXP 	greenCircle: autoDraw = False
521.4955 	EXP 	redCrosss: autoDraw = False
521.4955 	EXP 	text: text = 'Take a short break! Press any key to continue.'
521.4955 	EXP 	text: autoDraw = False
521.4955 	EXP 	prime_text: height = np.float64(0.05)
521.4955 	EXP 	prime_text: height = np.float64(0.05)
521.4955 	EXP 	prime_text: height = np.float64(0.05)
521.4955 	EXP 	prime_text: text = 'She does not like apples'
521.4955 	EXP 	target_text: height = np.float64(0.05)
521.4955 	EXP 	target_text: height = np.float64(0.05)
521.4955 	EXP 	target_text: height = np.float64(0.05)
521.4955 	EXP 	target_text: text = 'She does not like apples'
521.4955 	EXP 	fix_text: autoDraw = True
521.7249 	EXP 	blank1_bg: autoDraw = True
521.7387 	EXP 	fix_text: autoDraw = False
521.9229 	EXP 	blank1_bg: autoDraw = False
521.9229 	EXP 	prime_text: autoDraw = True
522.1159 	EXP 	prime_text: autoDraw = False
522.1221 	EXP 	blank2_bg: autoDraw = True
522.2221 	INFO 	Keyboard events cleared
522.2219 	EXP 	blank2_bg: autoDraw = False
522.2219 	EXP 	target_text: autoDraw = True
522.6676 	EXP 	Device response: <KeyPress from None: t=522.658812958005, value=right, duration=None>
522.6757 	DATA 	Keypress: right
522.6799 	EXP 	fix_text: autoDraw = False
522.6799 	EXP 	blank1_bg: autoDraw = False
522.6799 	EXP 	prime_text: autoDraw = False
522.6799 	EXP 	blank2_bg: autoDraw = False
522.6799 	EXP 	target_text: autoDraw = False
522.6799 	EXP 	greenCircle: autoDraw = True
522.6799 	EXP 	redCrosss: autoDraw = True
522.7836 	EXP 	Device response: <KeyPress from None: t=522.658812958005, value=right, duration=0.11625608400208876>
522.8657 	EXP 	blank3_bg: autoDraw = True
522.8734 	EXP 	greenCircle: autoDraw = False
522.8734 	EXP 	redCrosss: autoDraw = False
523.6499 	EXP 	New trial (rep=11, index=8): <Trial 184 (8 in rep 11) data={'prime': 'They have finished the work', 'target': 'They finished have the work', 'condition': 'transposition_related', 'correctAns': 'right', 'thisN': 184, 'thisTrialN': 8, 'thisRepN': 11}>
523.6652 	EXP 	blank3_bg: autoDraw = False
523.6652 	EXP 	blank3_bg: autoDraw = False
523.6652 	EXP 	greenCircle: autoDraw = False
523.6652 	EXP 	redCrosss: autoDraw = False
523.6652 	EXP 	text: text = 'Take a short break! Press any key to continue.'
523.6652 	EXP 	text: autoDraw = False
523.6652 	EXP 	prime_text: height = np.float64(0.05)
523.6652 	EXP 	prime_text: height = np.float64(0.05)
523.6652 	EXP 	prime_text: height = np.float64(0.05)
523.6652 	EXP 	prime_text: text = 'They have finished the work'
523.6652 	EXP 	target_text: height = np.float64(0.05)
523.6652 	EXP 	target_text: height = np.float64(0.05)
523.6652 	EXP 	target_text: height = np.float64(0.05)
523.6652 	EXP 	target_text: text = 'They finished have the work'
523.6652 	EXP 	fix_text: autoDraw = True
523.8904 	EXP 	blank1_bg: autoDraw = True
523.9159 	EXP 	fix_text: autoDraw = False
524.0887 	EXP 	blank1_bg: autoDraw = False
524.0887 	EXP 	prime_text: autoDraw = True
524.2825 	EXP 	prime_text: autoDraw = False
524.2889 	EXP 	blank2_bg: autoDraw = True
524.3824 	EXP 	blank2_bg: autoDraw = False
524.3893 	INFO 	Keyboard events cleared
524.3891 	EXP 	target_text: autoDraw = True
524.8064 	EXP 	Device response: <KeyPress from None: t=524.8006556250039, value=left, duration=None>
524.8136 	DATA 	Keypress: left
524.8183 	EXP 	fix_text: autoDraw = False
524.8183 	EXP 	blank1_bg: autoDraw = False
524.8183 	EXP 	prime_text: autoDraw = False
524.8183 	EXP 	blank2_bg: autoDraw = False
524.8183 	EXP 	target_text: autoDraw = False
524.8183 	EXP 	greenCircle: autoDraw = True
524.8183 	EXP 	redCrosss: autoDraw = True
524.9068 	EXP 	Device response: <KeyPress from None: t=524.8006556250039, value=left, duration=0.10039308300474659>
525.0071 	EXP 	blank3_bg: autoDraw = True
525.0142 	EXP 	greenCircle: autoDraw = False
525.0142 	EXP 	redCrosss: autoDraw = False
525.8002 	EXP 	New trial (rep=11, index=9): <Trial 185 (9 in rep 11) data={'prime': 'The dog is barking loudly', 'target': 'The loudly is barking dog', 'condition': 'repetition_unrelated', 'correctAns': 'left', 'thisN': 185, 'thisTrialN': 9, 'thisRepN': 11}>
525.8170 	EXP 	blank3_bg: autoDraw = False
525.8170 	EXP 	blank3_bg: autoDraw = False
525.8170 	EXP 	greenCircle: autoDraw = False
525.8170 	EXP 	redCrosss: autoDraw = False
525.8170 	EXP 	text: text = 'Take a short break! Press any key to continue.'
525.8170 	EXP 	text: autoDraw = False
525.8170 	EXP 	prime_text: height = np.float64(0.05)
525.8170 	EXP 	prime_text: height = np.float64(0.05)
525.8170 	EXP 	prime_text: height = np.float64(0.05)
525.8170 	EXP 	prime_text: text = 'The dog is barking loudly'
525.8170 	EXP 	target_text: height = np.float64(0.05)
525.8170 	EXP 	target_text: height = np.float64(0.05)
525.8170 	EXP 	target_text: height = np.float64(0.05)
525.8170 	EXP 	target_text: text = 'The loudly is barking dog'
525.8170 	EXP 	fix_text: autoDraw = True
526.0416 	EXP 	blank1_bg: autoDraw = True
526.0649 	EXP 	fix_text: autoDraw = False
526.2363 	EXP 	blank1_bg: autoDraw = False
526.2492 	EXP 	prime_text: autoDraw = True
526.4390 	EXP 	prime_text: autoDraw = False
526.4390 	EXP 	blank2_bg: autoDraw = True
526.5323 	EXP 	blank2_bg: autoDraw = False
526.5391 	INFO 	Keyboard events cleared
526.5390 	EXP 	target_text: autoDraw = True
527.0170 	EXP 	Device response: <KeyPress from None: t=527.0056547080021, value=left, duration=None>
527.0245 	DATA 	Keypress: left
527.0288 	EXP 	fix_text: autoDraw = False
527.0288 	EXP 	blank1_bg: autoDraw = False
527.0288 	EXP 	prime_text: autoDraw = False
527.0288 	EXP 	blank2_bg: autoDraw = False
527.0288 	EXP 	target_text: autoDraw = False
527.0288 	EXP 	greenCircle: autoDraw = True
527.0288 	EXP 	redCrosss: autoDraw = True
527.1005 	EXP 	Device response: <KeyPress from None: t=527.0056547080021, value=left, duration=0.09233229199890047>
527.2142 	EXP 	blank3_bg: autoDraw = True
527.2216 	EXP 	greenCircle: autoDraw = False
527.2216 	EXP 	redCrosss: autoDraw = False
527.9984 	EXP 	New trial (rep=11, index=10): <Trial 186 (10 in rep 11) data={'prime': 'She does not like apples', 'target': 'She not does like apples', 'condition': 'repetition_unrelated', 'correctAns': 'left', 'thisN': 186, 'thisTrialN': 10, 'thisRepN': 11}>
528.0136 	EXP 	blank3_bg: autoDraw = False
528.0136 	EXP 	blank3_bg: autoDraw = False
528.0136 	EXP 	greenCircle: autoDraw = False
528.0136 	EXP 	redCrosss: autoDraw = False
528.0136 	EXP 	text: text = 'Take a short break! Press any key to continue.'
528.0136 	EXP 	text: autoDraw = False
528.0136 	EXP 	prime_text: height = np.float64(0.05)
528.0136 	EXP 	prime_text: height = np.float64(0.05)
528.0136 	EXP 	prime_text: height = np.float64(0.05)
528.0136 	EXP 	prime_text: text = 'She does not like apples'
528.0136 	EXP 	target_text: height = np.float64(0.05)
528.0136 	EXP 	target_text: height = np.float64(0.05)
528.0136 	EXP 	target_text: height = np.float64(0.05)
528.0136 	EXP 	target_text: text = 'She not does like apples'
528.0136 	EXP 	fix_text: autoDraw = True
528.2415 	EXP 	blank1_bg: autoDraw = True
528.2544 	EXP 	fix_text: autoDraw = False
528.4377 	EXP 	blank1_bg: autoDraw = False
528.4377 	EXP 	prime_text: autoDraw = True
528.6327 	EXP 	prime_text: autoDraw = False
528.6391 	EXP 	blank2_bg: autoDraw = True
528.7326 	EXP 	blank2_bg: autoDraw = False
528.7395 	INFO 	Keyboard events cleared
528.7393 	EXP 	target_text: autoDraw = True
529.2171 	EXP 	Device response: <KeyPress from None: t=529.2075300420111, value=left, duration=None>
529.2246 	DATA 	Keypress: left
529.2288 	EXP 	fix_text: autoDraw = False
529.2288 	EXP 	blank1_bg: autoDraw = False
529.2288 	EXP 	prime_text: autoDraw = False
529.2288 	EXP 	blank2_bg: autoDraw = False
529.2288 	EXP 	target_text: autoDraw = False
529.2288 	EXP 	greenCircle: autoDraw = True
529.2288 	EXP 	redCrosss: autoDraw = True
529.3002 	EXP 	Device response: <KeyPress from None: t=529.2075300420111, value=left, duration=0.08444391599914525>
529.4153 	EXP 	blank3_bg: autoDraw = True
529.4219 	EXP 	greenCircle: autoDraw = False
529.4219 	EXP 	redCrosss: autoDraw = False
530.2001 	EXP 	New trial (rep=11, index=11): <Trial 187 (11 in rep 11) data={'prime': 'The boy can read fast', 'target': 'The boy can read fast', 'condition': 'repetition_related', 'correctAns': 'right', 'thisN': 187, 'thisTrialN': 11, 'thisRepN': 11}>
530.2151 	EXP 	blank3_bg: autoDraw = False
530.2151 	EXP 	blank3_bg: autoDraw = False
530.2151 	EXP 	greenCircle: autoDraw = False
530.2151 	EXP 	redCrosss: autoDraw = False
530.2151 	EXP 	text: text = 'Take a short break! Press any key to continue.'
530.2151 	EXP 	text: autoDraw = False
530.2151 	EXP 	prime_text: height = np.float64(0.05)
530.2151 	EXP 	prime_text: height = np.float64(0.05)
530.2151 	EXP 	prime_text: height = np.float64(0.05)
530.2151 	EXP 	prime_text: text = 'The boy can read fast'
530.2151 	EXP 	target_text: height = np.float64(0.05)
530.2151 	EXP 	target_text: height = np.float64(0.05)
530.2151 	EXP 	target_text: height = np.float64(0.05)
530.2151 	EXP 	target_text: text = 'The boy can read fast'
530.2151 	EXP 	fix_text: autoDraw = True
530.4413 	EXP 	blank1_bg: autoDraw = True
530.4548 	EXP 	fix_text: autoDraw = False
530.6387 	EXP 	blank1_bg: autoDraw = False
530.6387 	EXP 	prime_text: autoDraw = True
530.8324 	EXP 	prime_text: autoDraw = False
530.8381 	EXP 	blank2_bg: autoDraw = True
530.9325 	EXP 	blank2_bg: autoDraw = False
530.9388 	INFO 	Keyboard events cleared
530.9386 	EXP 	target_text: autoDraw = True
531.4839 	EXP 	Device response: <KeyPress from None: t=531.473598542012, value=right, duration=None>
531.4921 	DATA 	Keypress: right
531.4964 	EXP 	fix_text: autoDraw = False
531.4964 	EXP 	blank1_bg: autoDraw = False
531.4964 	EXP 	prime_text: autoDraw = False
531.4964 	EXP 	blank2_bg: autoDraw = False
531.4964 	EXP 	target_text: autoDraw = False
531.4964 	EXP 	greenCircle: autoDraw = True
531.4964 	EXP 	redCrosss: autoDraw = True
531.5842 	EXP 	Device response: <KeyPress from None: t=531.473598542012, value=right, duration=0.10830149998946581>
531.6812 	EXP 	blank3_bg: autoDraw = True
531.6892 	EXP 	greenCircle: autoDraw = False
531.6892 	EXP 	redCrosss: autoDraw = False
532.4660 	EXP 	New trial (rep=11, index=12): <Trial 188 (12 in rep 11) data={'prime': 'The dog is barking loudly', 'target': 'The barking dog loudly is', 'condition': 'transposition_unrelated', 'correctAns': 'left', 'thisN': 188, 'thisTrialN': 12, 'thisRepN': 11}>
532.4819 	EXP 	blank3_bg: autoDraw = False
532.4819 	EXP 	blank3_bg: autoDraw = False
532.4819 	EXP 	greenCircle: autoDraw = False
532.4819 	EXP 	redCrosss: autoDraw = False
532.4819 	EXP 	text: text = 'Take a short break! Press any key to continue.'
532.4819 	EXP 	text: autoDraw = False
532.4819 	EXP 	prime_text: height = np.float64(0.05)
532.4819 	EXP 	prime_text: height = np.float64(0.05)
532.4819 	EXP 	prime_text: height = np.float64(0.05)
532.4819 	EXP 	prime_text: text = 'The dog is barking loudly'
532.4819 	EXP 	target_text: height = np.float64(0.05)
532.4819 	EXP 	target_text: height = np.float64(0.05)
532.4819 	EXP 	target_text: height = np.float64(0.05)
532.4819 	EXP 	target_text: text = 'The barking dog loudly is'
532.4819 	EXP 	fix_text: autoDraw = True
532.7078 	EXP 	blank1_bg: autoDraw = True
532.7213 	EXP 	fix_text: autoDraw = False
532.9013 	EXP 	blank1_bg: autoDraw = False
532.9160 	EXP 	prime_text: autoDraw = True
533.1057 	EXP 	prime_text: autoDraw = False
533.1057 	EXP 	blank2_bg: autoDraw = True
533.2055 	INFO 	Keyboard events cleared
533.2053 	EXP 	blank2_bg: autoDraw = False
533.2053 	EXP 	target_text: autoDraw = True
533.6339 	EXP 	Device response: <KeyPress from None: t=533.630493500008, value=left, duration=None>
533.6421 	DATA 	Keypress: left
533.6464 	EXP 	fix_text: autoDraw = False
533.6464 	EXP 	blank1_bg: autoDraw = False
533.6464 	EXP 	prime_text: autoDraw = False
533.6464 	EXP 	blank2_bg: autoDraw = False
533.6464 	EXP 	target_text: autoDraw = False
533.6464 	EXP 	greenCircle: autoDraw = True
533.6464 	EXP 	redCrosss: autoDraw = True
533.7341 	EXP 	Device response: <KeyPress from None: t=533.630493500008, value=left, duration=0.09234000000287779>
533.8309 	EXP 	blank3_bg: autoDraw = True
533.8387 	EXP 	greenCircle: autoDraw = False
533.8387 	EXP 	redCrosss: autoDraw = False
534.6149 	EXP 	New trial (rep=11, index=13): <Trial 189 (13 in rep 11) data={'prime': 'She does not like apples', 'target': 'She like does apples not', 'condition': 'transposition_unrelated', 'correctAns': 'left', 'thisN': 189, 'thisTrialN': 13, 'thisRepN': 11}>
534.6296 	EXP 	blank3_bg: autoDraw = False
534.6296 	EXP 	blank3_bg: autoDraw = False
534.6296 	EXP 	greenCircle: autoDraw = False
534.6296 	EXP 	redCrosss: autoDraw = False
534.6296 	EXP 	text: text = 'Take a short break! Press any key to continue.'
534.6296 	EXP 	text: autoDraw = False
534.6296 	EXP 	prime_text: height = np.float64(0.05)
534.6296 	EXP 	prime_text: height = np.float64(0.05)
534.6296 	EXP 	prime_text: height = np.float64(0.05)
534.6296 	EXP 	prime_text: text = 'She does not like apples'
534.6296 	EXP 	target_text: height = np.float64(0.05)
534.6296 	EXP 	target_text: height = np.float64(0.05)
534.6296 	EXP 	target_text: height = np.float64(0.05)
534.6296 	EXP 	target_text: text = 'She like does apples not'
534.6296 	EXP 	fix_text: autoDraw = True
534.8580 	EXP 	blank1_bg: autoDraw = True
534.8717 	EXP 	fix_text: autoDraw = False
535.0545 	EXP 	blank1_bg: autoDraw = False
535.0545 	EXP 	prime_text: autoDraw = True
535.2494 	EXP 	prime_text: autoDraw = False
535.2559 	EXP 	blank2_bg: autoDraw = True
535.3558 	INFO 	Keyboard events cleared
535.3556 	EXP 	blank2_bg: autoDraw = False
535.3556 	EXP 	target_text: autoDraw = True
535.7229 	EXP 	Device response: <KeyPress from None: t=535.7214636249992, value=left, duration=None>
535.7304 	DATA 	Keypress: left
535.7350 	EXP 	fix_text: autoDraw = False
535.7350 	EXP 	blank1_bg: autoDraw = False
535.7350 	EXP 	prime_text: autoDraw = False
535.7350 	EXP 	blank2_bg: autoDraw = False
535.7350 	EXP 	target_text: autoDraw = False
535.7350 	EXP 	greenCircle: autoDraw = True
535.7350 	EXP 	redCrosss: autoDraw = True
535.8230 	EXP 	Device response: <KeyPress from None: t=535.7214636249992, value=left, duration=0.10036216700973455>
535.9249 	EXP 	blank3_bg: autoDraw = True
535.9308 	EXP 	greenCircle: autoDraw = False
535.9308 	EXP 	redCrosss: autoDraw = False
536.7169 	EXP 	New trial (rep=11, index=14): <Trial 190 (14 in rep 11) data={'prime': 'They have finished the work', 'target': 'They have finished the work', 'condition': 'repetition_related', 'correctAns': 'right', 'thisN': 190, 'thisTrialN': 14, 'thisRepN': 11}>
536.7335 	EXP 	blank3_bg: autoDraw = False
536.7335 	EXP 	blank3_bg: autoDraw = False
536.7335 	EXP 	greenCircle: autoDraw = False
536.7335 	EXP 	redCrosss: autoDraw = False
536.7335 	EXP 	text: text = 'Take a short break! Press any key to continue.'
536.7335 	EXP 	text: autoDraw = False
536.7335 	EXP 	prime_text: height = np.float64(0.05)
536.7335 	EXP 	prime_text: height = np.float64(0.05)
536.7335 	EXP 	prime_text: height = np.float64(0.05)
536.7335 	EXP 	prime_text: text = 'They have finished the work'
536.7335 	EXP 	target_text: height = np.float64(0.05)
536.7335 	EXP 	target_text: height = np.float64(0.05)
536.7335 	EXP 	target_text: height = np.float64(0.05)
536.7335 	EXP 	target_text: text = 'They have finished the work'
536.7335 	EXP 	fix_text: autoDraw = True
536.9581 	EXP 	blank1_bg: autoDraw = True
536.9820 	EXP 	fix_text: autoDraw = False
537.1519 	EXP 	blank1_bg: autoDraw = False
537.1660 	EXP 	prime_text: autoDraw = True
537.3549 	EXP 	prime_text: autoDraw = False
537.3549 	EXP 	blank2_bg: autoDraw = True
537.4491 	EXP 	blank2_bg: autoDraw = False
537.4551 	INFO 	Keyboard events cleared
537.4549 	EXP 	target_text: autoDraw = True
537.9504 	EXP 	Device response: <KeyPress from None: t=537.9464364580053, value=right, duration=None>
537.9584 	DATA 	Keypress: right
537.9626 	EXP 	fix_text: autoDraw = False
537.9626 	EXP 	blank1_bg: autoDraw = False
537.9626 	EXP 	prime_text: autoDraw = False
537.9626 	EXP 	blank2_bg: autoDraw = False
537.9626 	EXP 	target_text: autoDraw = False
537.9626 	EXP 	greenCircle: autoDraw = True
537.9626 	EXP 	redCrosss: autoDraw = True
538.0568 	EXP 	Device response: <KeyPress from None: t=537.9464364580053, value=right, duration=0.10422462499991525>
538.1476 	EXP 	blank3_bg: autoDraw = True
538.1544 	EXP 	greenCircle: autoDraw = False
538.1544 	EXP 	redCrosss: autoDraw = False
538.9321 	EXP 	New trial (rep=11, index=15): <Trial 191 (15 in rep 11) data={'prime': 'The boy can read fast', 'target': 'The read can boy fast', 'condition': 'repetition_unrelated', 'correctAns': 'left', 'thisN': 191, 'thisTrialN': 15, 'thisRepN': 11}>
538.9479 	EXP 	blank3_bg: autoDraw = False
538.9479 	EXP 	blank3_bg: autoDraw = False
538.9479 	EXP 	greenCircle: autoDraw = False
538.9479 	EXP 	redCrosss: autoDraw = False
538.9479 	EXP 	text: text = 'Take a short break! Press any key to continue.'
538.9479 	EXP 	text: autoDraw = False
538.9479 	EXP 	prime_text: height = np.float64(0.05)
538.9479 	EXP 	prime_text: height = np.float64(0.05)
538.9479 	EXP 	prime_text: height = np.float64(0.05)
538.9479 	EXP 	prime_text: text = 'The boy can read fast'
538.9479 	EXP 	target_text: height = np.float64(0.05)
538.9479 	EXP 	target_text: height = np.float64(0.05)
538.9479 	EXP 	target_text: height = np.float64(0.05)
538.9479 	EXP 	target_text: text = 'The read can boy fast'
538.9479 	EXP 	fix_text: autoDraw = True
539.1749 	EXP 	blank1_bg: autoDraw = True
539.1888 	EXP 	fix_text: autoDraw = False
539.3725 	EXP 	blank1_bg: autoDraw = False
539.3725 	EXP 	prime_text: autoDraw = True
539.5657 	EXP 	prime_text: autoDraw = False
539.5715 	EXP 	blank2_bg: autoDraw = True
539.6656 	EXP 	blank2_bg: autoDraw = False
539.6726 	INFO 	Keyboard events cleared
539.6724 	EXP 	target_text: autoDraw = True
540.1227 	EXP 	Device response: <KeyPress from None: t=540.1212726250087, value=left, duration=None>
540.1301 	DATA 	Keypress: left
540.1347 	EXP 	fix_text: autoDraw = False
540.1347 	EXP 	blank1_bg: autoDraw = False
540.1347 	EXP 	prime_text: autoDraw = False
540.1347 	EXP 	blank2_bg: autoDraw = False
540.1347 	EXP 	target_text: autoDraw = False
540.1347 	EXP 	greenCircle: autoDraw = True
540.1347 	EXP 	redCrosss: autoDraw = True
540.2003 	EXP 	Device response: <KeyPress from None: t=540.1212726250087, value=left, duration=0.07249054199201055>
540.3148 	EXP 	blank3_bg: autoDraw = True
540.3308 	EXP 	greenCircle: autoDraw = False
540.3308 	EXP 	redCrosss: autoDraw = False
541.1003 	EXP 	New trial (rep=12, index=0): <Trial 192 (0 in rep 12) data={'prime': 'They have finished the work', 'target': 'They have finished the work', 'condition': 'repetition_related', 'correctAns': 'right', 'thisN': 192, 'thisTrialN': 0, 'thisRepN': 12}>
541.1167 	EXP 	blank3_bg: autoDraw = False
541.1167 	EXP 	blank3_bg: autoDraw = False
541.1167 	EXP 	greenCircle: autoDraw = False
541.1167 	EXP 	redCrosss: autoDraw = False
541.1167 	EXP 	text: text = 'Take a short break! Press any key to continue.'
541.1167 	EXP 	text: autoDraw = False
541.1167 	EXP 	prime_text: height = np.float64(0.05)
541.1167 	EXP 	prime_text: height = np.float64(0.05)
541.1167 	EXP 	prime_text: height = np.float64(0.05)
541.1167 	EXP 	prime_text: text = 'They have finished the work'
541.1167 	EXP 	target_text: height = np.float64(0.05)
541.1167 	EXP 	target_text: height = np.float64(0.05)
541.1167 	EXP 	target_text: height = np.float64(0.05)
541.1167 	EXP 	target_text: text = 'They have finished the work'
541.1167 	EXP 	fix_text: autoDraw = True
541.3415 	EXP 	blank1_bg: autoDraw = True
541.3641 	EXP 	fix_text: autoDraw = False
541.5326 	EXP 	blank1_bg: autoDraw = False
541.5390 	EXP 	prime_text: autoDraw = True
541.7371 	EXP 	prime_text: autoDraw = False
541.7492 	EXP 	blank2_bg: autoDraw = True
541.8396 	INFO 	Keyboard events cleared
541.8394 	EXP 	blank2_bg: autoDraw = False
541.8394 	EXP 	target_text: autoDraw = True
542.4554 	EXP 	Device response: <KeyPress from None: t=542.4543250830029, value=right, duration=None>
542.4731 	DATA 	Keypress: right
542.4773 	EXP 	fix_text: autoDraw = False
542.4773 	EXP 	blank1_bg: autoDraw = False
542.4773 	EXP 	prime_text: autoDraw = False
542.4773 	EXP 	blank2_bg: autoDraw = False
542.4773 	EXP 	target_text: autoDraw = False
542.4773 	EXP 	greenCircle: autoDraw = True
542.4773 	EXP 	redCrosss: autoDraw = True
542.6339 	EXP 	Device response: <KeyPress from None: t=542.4543250830029, value=right, duration=0.16820316700614057>
542.6657 	EXP 	blank3_bg: autoDraw = True
542.6729 	EXP 	greenCircle: autoDraw = False
542.6729 	EXP 	redCrosss: autoDraw = False
543.4543 	EXP 	New trial (rep=12, index=1): <Trial 193 (1 in rep 12) data={'prime': 'She does not like apples', 'target': 'She not does like apples', 'condition': 'repetition_unrelated', 'correctAns': 'left', 'thisN': 193, 'thisTrialN': 1, 'thisRepN': 12}>
543.4690 	EXP 	blank3_bg: autoDraw = False
543.4690 	EXP 	blank3_bg: autoDraw = False
543.4690 	EXP 	greenCircle: autoDraw = False
543.4690 	EXP 	redCrosss: autoDraw = False
543.4690 	EXP 	text: text = 'Take a short break! Press any key to continue.'
543.4690 	EXP 	text: autoDraw = False
543.4690 	EXP 	prime_text: height = np.float64(0.05)
543.4690 	EXP 	prime_text: height = np.float64(0.05)
543.4690 	EXP 	prime_text: height = np.float64(0.05)
543.4690 	EXP 	prime_text: text = 'She does not like apples'
543.4690 	EXP 	target_text: height = np.float64(0.05)
543.4690 	EXP 	target_text: height = np.float64(0.05)
543.4690 	EXP 	target_text: height = np.float64(0.05)
543.4690 	EXP 	target_text: text = 'She not does like apples'
543.4690 	EXP 	fix_text: autoDraw = True
543.6975 	EXP 	blank1_bg: autoDraw = True
543.7157 	EXP 	fix_text: autoDraw = False
543.8859 	EXP 	blank1_bg: autoDraw = False
543.9061 	EXP 	prime_text: autoDraw = True
544.0991 	EXP 	blank2_bg: autoDraw = True
544.1056 	EXP 	prime_text: autoDraw = False
544.1873 	EXP 	blank2_bg: autoDraw = False
544.1994 	INFO 	Keyboard events cleared
544.1992 	EXP 	target_text: autoDraw = True
544.7398 	EXP 	Device response: <KeyPress from None: t=544.7382165830059, value=left, duration=None>
544.7472 	DATA 	Keypress: left
544.7516 	EXP 	fix_text: autoDraw = False
544.7516 	EXP 	blank1_bg: autoDraw = False
544.7516 	EXP 	prime_text: autoDraw = False
544.7516 	EXP 	blank2_bg: autoDraw = False
544.7516 	EXP 	target_text: autoDraw = False
544.7516 	EXP 	greenCircle: autoDraw = True
544.7516 	EXP 	redCrosss: autoDraw = True
544.8564 	EXP 	Device response: <KeyPress from None: t=544.7382165830059, value=left, duration=0.11635937499522697>
544.9407 	EXP 	blank3_bg: autoDraw = True
544.9476 	EXP 	greenCircle: autoDraw = False
544.9476 	EXP 	redCrosss: autoDraw = False
545.7315 	EXP 	New trial (rep=12, index=2): <Trial 194 (2 in rep 12) data={'prime': 'She does not like apples', 'target': 'She not does like apples', 'condition': 'transposition_related', 'correctAns': 'right', 'thisN': 194, 'thisTrialN': 2, 'thisRepN': 12}>
545.7369 	EXP 	blank3_bg: autoDraw = False
545.7369 	EXP 	blank3_bg: autoDraw = False
545.7369 	EXP 	greenCircle: autoDraw = False
545.7369 	EXP 	redCrosss: autoDraw = False
545.7369 	EXP 	text: text = 'Take a short break! Press any key to continue.'
545.7369 	EXP 	text: autoDraw = False
545.7369 	EXP 	prime_text: text = 'She does not like apples'
545.7369 	EXP 	target_text: text = 'She not does like apples'
545.7369 	EXP 	fix_text: autoDraw = True
545.9745 	EXP 	blank1_bg: autoDraw = True
545.9809 	EXP 	fix_text: autoDraw = False
546.1709 	EXP 	blank1_bg: autoDraw = False
546.1709 	EXP 	prime_text: autoDraw = True
546.3658 	EXP 	prime_text: autoDraw = False
546.3722 	EXP 	blank2_bg: autoDraw = True
546.4659 	EXP 	blank2_bg: autoDraw = False
546.4724 	INFO 	Keyboard events cleared
546.4722 	EXP 	target_text: autoDraw = True
546.9005 	EXP 	Device response: <KeyPress from None: t=546.8876924580109, value=left, duration=None>
546.9085 	DATA 	Keypress: left
546.9128 	EXP 	fix_text: autoDraw = False
546.9128 	EXP 	blank1_bg: autoDraw = False
546.9128 	EXP 	prime_text: autoDraw = False
546.9128 	EXP 	blank2_bg: autoDraw = False
546.9128 	EXP 	target_text: autoDraw = False
546.9128 	EXP 	greenCircle: autoDraw = True
546.9128 	EXP 	redCrosss: autoDraw = True
546.9892 	EXP 	Device response: <KeyPress from None: t=546.8876924580109, value=left, duration=0.09655187498719897>
547.0976 	EXP 	blank3_bg: autoDraw = True
547.1063 	EXP 	greenCircle: autoDraw = False
547.1063 	EXP 	redCrosss: autoDraw = False
547.8821 	EXP 	New trial (rep=12, index=3): <Trial 195 (3 in rep 12) data={'prime': 'The boy can read fast', 'target': 'The boy can read fast', 'condition': 'transposition_related', 'correctAns': 'right', 'thisN': 195, 'thisTrialN': 3, 'thisRepN': 12}>
547.8967 	EXP 	blank3_bg: autoDraw = False
547.8967 	EXP 	blank3_bg: autoDraw = False
547.8967 	EXP 	greenCircle: autoDraw = False
547.8967 	EXP 	redCrosss: autoDraw = False
547.8967 	EXP 	text: text = 'Take a short break! Press any key to continue.'
547.8967 	EXP 	text: autoDraw = False
547.8967 	EXP 	prime_text: height = np.float64(0.05)
547.8967 	EXP 	prime_text: height = np.float64(0.05)
547.8967 	EXP 	prime_text: height = np.float64(0.05)
547.8967 	EXP 	prime_text: text = 'The boy can read fast'
547.8967 	EXP 	target_text: height = np.float64(0.05)
547.8967 	EXP 	target_text: height = np.float64(0.05)
547.8967 	EXP 	target_text: height = np.float64(0.05)
547.8967 	EXP 	target_text: text = 'The boy can read fast'
547.8967 	EXP 	fix_text: autoDraw = True
548.1247 	EXP 	blank1_bg: autoDraw = True
548.1387 	EXP 	fix_text: autoDraw = False
548.3223 	EXP 	blank1_bg: autoDraw = False
548.3223 	EXP 	prime_text: autoDraw = True
548.5215 	EXP 	prime_text: autoDraw = False
548.5215 	EXP 	blank2_bg: autoDraw = True
548.6159 	EXP 	blank2_bg: autoDraw = False
548.6230 	INFO 	Keyboard events cleared
548.6228 	EXP 	target_text: autoDraw = True
549.0505 	EXP 	Device response: <KeyPress from None: t=549.0400547080062, value=right, duration=None>
549.0585 	DATA 	Keypress: right
549.0627 	EXP 	fix_text: autoDraw = False
549.0627 	EXP 	blank1_bg: autoDraw = False
549.0627 	EXP 	prime_text: autoDraw = False
549.0627 	EXP 	blank2_bg: autoDraw = False
549.0627 	EXP 	target_text: autoDraw = False
549.0627 	EXP 	greenCircle: autoDraw = True
549.0627 	EXP 	redCrosss: autoDraw = True
549.1667 	EXP 	Device response: <KeyPress from None: t=549.0400547080062, value=right, duration=0.12038108399428893>
549.2481 	EXP 	blank3_bg: autoDraw = True
549.2552 	EXP 	greenCircle: autoDraw = False
549.2552 	EXP 	redCrosss: autoDraw = False
550.0317 	EXP 	New trial (rep=12, index=4): <Trial 196 (4 in rep 12) data={'prime': 'The boy can read fast', 'target': 'The read can boy fast', 'condition': 'transposition_unrelated', 'correctAns': 'left', 'thisN': 196, 'thisTrialN': 4, 'thisRepN': 12}>
550.0425 	EXP 	blank3_bg: autoDraw = False
550.0425 	EXP 	blank3_bg: autoDraw = False
550.0425 	EXP 	greenCircle: autoDraw = False
550.0425 	EXP 	redCrosss: autoDraw = False
550.0425 	EXP 	text: text = 'Take a short break! Press any key to continue.'
550.0425 	EXP 	text: autoDraw = False
550.0425 	EXP 	prime_text: text = 'The boy can read fast'
550.0425 	EXP 	target_text: height = np.float64(0.05)
550.0425 	EXP 	target_text: height = np.float64(0.05)
550.0425 	EXP 	target_text: height = np.float64(0.05)
550.0425 	EXP 	target_text: text = 'The read can boy fast'
550.0425 	EXP 	fix_text: autoDraw = True
550.2746 	EXP 	blank1_bg: autoDraw = True
550.2882 	EXP 	fix_text: autoDraw = False
550.4708 	EXP 	blank1_bg: autoDraw = False
550.4708 	EXP 	prime_text: autoDraw = True
550.6657 	EXP 	prime_text: autoDraw = False
550.6721 	EXP 	blank2_bg: autoDraw = True
550.7658 	EXP 	blank2_bg: autoDraw = False
550.7723 	INFO 	Keyboard events cleared
550.7721 	EXP 	target_text: autoDraw = True
551.4836 	EXP 	Device response: <KeyPress from None: t=551.4740635830094, value=left, duration=None>
551.4910 	DATA 	Keypress: left
551.4953 	EXP 	fix_text: autoDraw = False
551.4953 	EXP 	blank1_bg: autoDraw = False
551.4953 	EXP 	prime_text: autoDraw = False
551.4953 	EXP 	blank2_bg: autoDraw = False
551.4953 	EXP 	target_text: autoDraw = False
551.4953 	EXP 	greenCircle: autoDraw = True
551.4953 	EXP 	redCrosss: autoDraw = True
551.5669 	EXP 	Device response: <KeyPress from None: t=551.4740635830094, value=left, duration=0.08021291698969435>
551.6824 	EXP 	blank3_bg: autoDraw = True
551.6906 	EXP 	greenCircle: autoDraw = False
551.6906 	EXP 	redCrosss: autoDraw = False
552.4664 	EXP 	New trial (rep=12, index=5): <Trial 197 (5 in rep 12) data={'prime': 'They have finished the work', 'target': 'They finished have the work', 'condition': 'transposition_related', 'correctAns': 'right', 'thisN': 197, 'thisTrialN': 5, 'thisRepN': 12}>
552.4820 	EXP 	blank3_bg: autoDraw = False
552.4820 	EXP 	blank3_bg: autoDraw = False
552.4820 	EXP 	greenCircle: autoDraw = False
552.4820 	EXP 	redCrosss: autoDraw = False
552.4820 	EXP 	text: text = 'Take a short break! Press any key to continue.'
552.4820 	EXP 	text: autoDraw = False
552.4820 	EXP 	prime_text: height = np.float64(0.05)
552.4820 	EXP 	prime_text: height = np.float64(0.05)
552.4820 	EXP 	prime_text: height = np.float64(0.05)
552.4820 	EXP 	prime_text: text = 'They have finished the work'
552.4820 	EXP 	target_text: height = np.float64(0.05)
552.4820 	EXP 	target_text: height = np.float64(0.05)
552.4820 	EXP 	target_text: height = np.float64(0.05)
552.4820 	EXP 	target_text: text = 'They finished have the work'
552.4820 	EXP 	fix_text: autoDraw = True
552.7083 	EXP 	blank1_bg: autoDraw = True
552.7219 	EXP 	fix_text: autoDraw = False
552.9012 	EXP 	blank1_bg: autoDraw = False
552.9158 	EXP 	prime_text: autoDraw = True
553.1051 	EXP 	prime_text: autoDraw = False
553.1051 	EXP 	blank2_bg: autoDraw = True
553.1991 	EXP 	blank2_bg: autoDraw = False
553.2060 	INFO 	Keyboard events cleared
553.2058 	EXP 	target_text: autoDraw = True
553.7048 	EXP 	Device response: <KeyPress from None: t=553.7010344170121, value=right, duration=None>
553.7125 	DATA 	Keypress: right
553.7176 	EXP 	fix_text: autoDraw = False
553.7176 	EXP 	blank1_bg: autoDraw = False
553.7176 	EXP 	prime_text: autoDraw = False
553.7176 	EXP 	blank2_bg: autoDraw = False
553.7176 	EXP 	target_text: autoDraw = False
553.7176 	EXP 	greenCircle: autoDraw = True
553.7176 	EXP 	redCrosss: autoDraw = True
553.7545 	EXP 	Device response: <KeyPress from None: t=553.7010344170121, value=right, duration=0.052377124986378476>
553.8977 	EXP 	blank3_bg: autoDraw = True
553.9144 	EXP 	greenCircle: autoDraw = False
553.9144 	EXP 	redCrosss: autoDraw = False
554.6836 	EXP 	New trial (rep=12, index=6): <Trial 198 (6 in rep 12) data={'prime': 'The boy can read fast', 'target': 'The read can boy fast', 'condition': 'repetition_unrelated', 'correctAns': 'left', 'thisN': 198, 'thisTrialN': 6, 'thisRepN': 12}>
554.7014 	EXP 	blank3_bg: autoDraw = False
554.7014 	EXP 	blank3_bg: autoDraw = False
554.7014 	EXP 	greenCircle: autoDraw = False
554.7014 	EXP 	redCrosss: autoDraw = False
554.7014 	EXP 	text: text = 'Take a short break! Press any key to continue.'
554.7014 	EXP 	text: autoDraw = False
554.7014 	EXP 	prime_text: height = np.float64(0.05)
554.7014 	EXP 	prime_text: height = np.float64(0.05)
554.7014 	EXP 	prime_text: height = np.float64(0.05)
554.7014 	EXP 	prime_text: text = 'The boy can read fast'
554.7014 	EXP 	target_text: height = np.float64(0.05)
554.7014 	EXP 	target_text: height = np.float64(0.05)
554.7014 	EXP 	target_text: height = np.float64(0.05)
554.7014 	EXP 	target_text: text = 'The read can boy fast'
554.7014 	EXP 	fix_text: autoDraw = True
554.9249 	EXP 	blank1_bg: autoDraw = True
554.9479 	EXP 	fix_text: autoDraw = False
555.1188 	EXP 	blank1_bg: autoDraw = False
555.1323 	EXP 	prime_text: autoDraw = True
555.3224 	EXP 	prime_text: autoDraw = False
555.3224 	EXP 	blank2_bg: autoDraw = True
555.4154 	EXP 	blank2_bg: autoDraw = False
555.4328 	INFO 	Keyboard events cleared
555.4325 	EXP 	target_text: autoDraw = True
555.8898 	EXP 	Device response: <KeyPress from None: t=555.8840534580086, value=left, duration=None>
555.8974 	DATA 	Keypress: left
555.9017 	EXP 	fix_text: autoDraw = False
555.9017 	EXP 	blank1_bg: autoDraw = False
555.9017 	EXP 	prime_text: autoDraw = False
555.9017 	EXP 	blank2_bg: autoDraw = False
555.9017 	EXP 	target_text: autoDraw = False
555.9017 	EXP 	greenCircle: autoDraw = True
555.9017 	EXP 	redCrosss: autoDraw = True
555.9672 	EXP 	Device response: <KeyPress from None: t=555.8840534580086, value=left, duration=0.07618537500093225>
556.0914 	EXP 	blank3_bg: autoDraw = True
556.0982 	EXP 	greenCircle: autoDraw = False
556.0982 	EXP 	redCrosss: autoDraw = False
556.8746 	EXP 	New trial (rep=12, index=7): <Trial 199 (7 in rep 12) data={'prime': 'She does not like apples', 'target': 'She does not like apples', 'condition': 'repetition_related', 'correctAns': 'right', 'thisN': 199, 'thisTrialN': 7, 'thisRepN': 12}>
556.8903 	EXP 	blank3_bg: autoDraw = False
556.8903 	EXP 	blank3_bg: autoDraw = False
556.8903 	EXP 	greenCircle: autoDraw = False
556.8903 	EXP 	redCrosss: autoDraw = False
556.8903 	EXP 	text: text = 'Take a short break! Press any key to continue.'
556.8903 	EXP 	text: autoDraw = False
556.8903 	EXP 	prime_text: height = np.float64(0.05)
556.8903 	EXP 	prime_text: height = np.float64(0.05)
556.8903 	EXP 	prime_text: height = np.float64(0.05)
556.8903 	EXP 	prime_text: text = 'She does not like apples'
556.8903 	EXP 	target_text: height = np.float64(0.05)
556.8903 	EXP 	target_text: height = np.float64(0.05)
556.8903 	EXP 	target_text: height = np.float64(0.05)
556.8903 	EXP 	target_text: text = 'She does not like apples'
556.8903 	EXP 	fix_text: autoDraw = True
557.1236 	EXP 	blank1_bg: autoDraw = True
557.1309 	EXP 	fix_text: autoDraw = False
557.3158 	EXP 	blank1_bg: autoDraw = False
557.3225 	EXP 	prime_text: autoDraw = True
557.5158 	EXP 	prime_text: autoDraw = False
557.5222 	EXP 	blank2_bg: autoDraw = True
557.6160 	EXP 	blank2_bg: autoDraw = False
557.6228 	INFO 	Keyboard events cleared
557.6225 	EXP 	target_text: autoDraw = True
558.3730 	EXP 	Device response: <KeyPress from None: t=558.3719543750049, value=right, duration=None>
558.3804 	DATA 	Keypress: right
558.3850 	EXP 	fix_text: autoDraw = False
558.3850 	EXP 	blank1_bg: autoDraw = False
558.3850 	EXP 	prime_text: autoDraw = False
558.3850 	EXP 	blank2_bg: autoDraw = False
558.3850 	EXP 	target_text: autoDraw = False
558.3850 	EXP 	greenCircle: autoDraw = True
558.3850 	EXP 	redCrosss: autoDraw = True
558.5229 	EXP 	Device response: <KeyPress from None: t=558.3719543750049, value=right, duration=0.14819799999531824>
558.5747 	EXP 	blank3_bg: autoDraw = True
558.5810 	EXP 	greenCircle: autoDraw = False
558.5810 	EXP 	redCrosss: autoDraw = False
559.3651 	EXP 	New trial (rep=12, index=8): <Trial 200 (8 in rep 12) data={'prime': 'They have finished the work', 'target': 'They finished have the work', 'condition': 'repetition_unrelated', 'correctAns': 'left', 'thisN': 200, 'thisTrialN': 8, 'thisRepN': 12}>
559.3804 	EXP 	blank3_bg: autoDraw = False
559.3804 	EXP 	blank3_bg: autoDraw = False
559.3804 	EXP 	greenCircle: autoDraw = False
559.3804 	EXP 	redCrosss: autoDraw = False
559.3804 	EXP 	text: text = 'Take a short break! Press any key to continue.'
559.3804 	EXP 	text: autoDraw = False
559.3804 	EXP 	prime_text: height = np.float64(0.05)
559.3804 	EXP 	prime_text: height = np.float64(0.05)
559.3804 	EXP 	prime_text: height = np.float64(0.05)
559.3804 	EXP 	prime_text: text = 'They have finished the work'
559.3804 	EXP 	target_text: height = np.float64(0.05)
559.3804 	EXP 	target_text: height = np.float64(0.05)
559.3804 	EXP 	target_text: height = np.float64(0.05)
559.3804 	EXP 	target_text: text = 'They finished have the work'
559.3804 	EXP 	fix_text: autoDraw = True
559.6061 	EXP 	blank1_bg: autoDraw = True
559.6212 	EXP 	fix_text: autoDraw = False
559.7991 	EXP 	blank1_bg: autoDraw = False
559.8056 	EXP 	prime_text: autoDraw = True
560.0050 	EXP 	prime_text: autoDraw = False
560.0050 	EXP 	blank2_bg: autoDraw = True
560.0990 	EXP 	blank2_bg: autoDraw = False
560.1059 	INFO 	Keyboard events cleared
560.1057 	EXP 	target_text: autoDraw = True
560.5009 	EXP 	Device response: <KeyPress from None: t=560.4939338330005, value=left, duration=None>
560.5093 	DATA 	Keypress: left
560.5136 	EXP 	fix_text: autoDraw = False
560.5136 	EXP 	blank1_bg: autoDraw = False
560.5136 	EXP 	prime_text: autoDraw = False
560.5136 	EXP 	blank2_bg: autoDraw = False
560.5136 	EXP 	target_text: autoDraw = False
560.5136 	EXP 	greenCircle: autoDraw = True
560.5136 	EXP 	redCrosss: autoDraw = True
560.6175 	EXP 	Device response: <KeyPress from None: t=560.4939338330005, value=left, duration=0.11626058400725015>
560.6988 	EXP 	blank3_bg: autoDraw = True
560.7052 	EXP 	greenCircle: autoDraw = False
560.7052 	EXP 	redCrosss: autoDraw = False
561.4900 	EXP 	New trial (rep=12, index=9): <Trial 201 (9 in rep 12) data={'prime': 'They have finished the work', 'target': 'They work the have finished', 'condition': 'transposition_unrelated', 'correctAns': 'left', 'thisN': 201, 'thisTrialN': 9, 'thisRepN': 12}>
561.5014 	EXP 	blank3_bg: autoDraw = False
561.5014 	EXP 	blank3_bg: autoDraw = False
561.5014 	EXP 	greenCircle: autoDraw = False
561.5014 	EXP 	redCrosss: autoDraw = False
561.5014 	EXP 	text: text = 'Take a short break! Press any key to continue.'
561.5014 	EXP 	text: autoDraw = False
561.5014 	EXP 	prime_text: text = 'They have finished the work'
561.5014 	EXP 	target_text: height = np.float64(0.05)
561.5014 	EXP 	target_text: height = np.float64(0.05)
561.5014 	EXP 	target_text: height = np.float64(0.05)
561.5014 	EXP 	target_text: text = 'They work the have finished'
561.5014 	EXP 	fix_text: autoDraw = True
561.7420 	EXP 	blank1_bg: autoDraw = True
561.7482 	EXP 	fix_text: autoDraw = False
561.9315 	EXP 	prime_text: autoDraw = True
561.9365 	EXP 	blank1_bg: autoDraw = False
562.1205 	EXP 	prime_text: autoDraw = False
562.1389 	EXP 	blank2_bg: autoDraw = True
562.2326 	INFO 	Keyboard events cleared
562.2324 	EXP 	blank2_bg: autoDraw = False
562.2324 	EXP 	target_text: autoDraw = True
562.7170 	EXP 	Device response: <KeyPress from None: t=562.7118805000064, value=left, duration=None>
562.7248 	DATA 	Keypress: left
562.7290 	EXP 	fix_text: autoDraw = False
562.7290 	EXP 	blank1_bg: autoDraw = False
562.7290 	EXP 	prime_text: autoDraw = False
562.7290 	EXP 	blank2_bg: autoDraw = False
562.7290 	EXP 	target_text: autoDraw = False
562.7290 	EXP 	greenCircle: autoDraw = True
562.7290 	EXP 	redCrosss: autoDraw = True
562.8169 	EXP 	Device response: <KeyPress from None: t=562.7118805000064, value=left, duration=0.09619958300027065>
562.9156 	EXP 	blank3_bg: autoDraw = True
562.9234 	EXP 	greenCircle: autoDraw = False
562.9234 	EXP 	redCrosss: autoDraw = False
563.7047 	EXP 	New trial (rep=12, index=10): <Trial 202 (10 in rep 12) data={'prime': 'The dog is barking loudly', 'target': 'The dog is barking loudly', 'condition': 'repetition_related', 'correctAns': 'right', 'thisN': 202, 'thisTrialN': 10, 'thisRepN': 12}>
563.7188 	EXP 	blank3_bg: autoDraw = False
563.7188 	EXP 	blank3_bg: autoDraw = False
563.7188 	EXP 	greenCircle: autoDraw = False
563.7188 	EXP 	redCrosss: autoDraw = False
563.7188 	EXP 	text: text = 'Take a short break! Press any key to continue.'
563.7188 	EXP 	text: autoDraw = False
563.7188 	EXP 	prime_text: height = np.float64(0.05)
563.7188 	EXP 	prime_text: height = np.float64(0.05)
563.7188 	EXP 	prime_text: height = np.float64(0.05)
563.7188 	EXP 	prime_text: text = 'The dog is barking loudly'
563.7188 	EXP 	target_text: height = np.float64(0.05)
563.7188 	EXP 	target_text: height = np.float64(0.05)
563.7188 	EXP 	target_text: height = np.float64(0.05)
563.7188 	EXP 	target_text: text = 'The dog is barking loudly'
563.7188 	EXP 	fix_text: autoDraw = True
563.9490 	EXP 	blank1_bg: autoDraw = True
563.9642 	EXP 	fix_text: autoDraw = False
564.1491 	EXP 	blank1_bg: autoDraw = False
564.1491 	EXP 	prime_text: autoDraw = True
564.3360 	EXP 	prime_text: autoDraw = False
564.3547 	EXP 	blank2_bg: autoDraw = True
564.4490 	INFO 	Keyboard events cleared
564.4487 	EXP 	blank2_bg: autoDraw = False
564.4487 	EXP 	target_text: autoDraw = True
564.9508 	EXP 	Device response: <KeyPress from None: t=564.944827875006, value=right, duration=None>
564.9591 	DATA 	Keypress: right
564.9634 	EXP 	fix_text: autoDraw = False
564.9634 	EXP 	blank1_bg: autoDraw = False
564.9634 	EXP 	prime_text: autoDraw = False
564.9634 	EXP 	blank2_bg: autoDraw = False
564.9634 	EXP 	target_text: autoDraw = False
564.9634 	EXP 	greenCircle: autoDraw = True
564.9634 	EXP 	redCrosss: autoDraw = True
565.0842 	EXP 	Device response: <KeyPress from None: t=564.944827875006, value=right, duration=0.13628929200058337>
565.1474 	EXP 	blank3_bg: autoDraw = True
565.1544 	EXP 	greenCircle: autoDraw = False
565.1544 	EXP 	redCrosss: autoDraw = False
565.9319 	EXP 	New trial (rep=12, index=11): <Trial 203 (11 in rep 12) data={'prime': 'The dog is barking loudly', 'target': 'The dog barking is loudly', 'condition': 'transposition_related', 'correctAns': 'right', 'thisN': 203, 'thisTrialN': 11, 'thisRepN': 12}>
565.9430 	EXP 	blank3_bg: autoDraw = False
565.9430 	EXP 	blank3_bg: autoDraw = False
565.9430 	EXP 	greenCircle: autoDraw = False
565.9430 	EXP 	redCrosss: autoDraw = False
565.9430 	EXP 	text: text = 'Take a short break! Press any key to continue.'
565.9430 	EXP 	text: autoDraw = False
565.9430 	EXP 	prime_text: text = 'The dog is barking loudly'
565.9430 	EXP 	target_text: height = np.float64(0.05)
565.9430 	EXP 	target_text: height = np.float64(0.05)
565.9430 	EXP 	target_text: height = np.float64(0.05)
565.9430 	EXP 	target_text: text = 'The dog barking is loudly'
565.9430 	EXP 	fix_text: autoDraw = True
566.1745 	EXP 	blank1_bg: autoDraw = True
566.1881 	EXP 	fix_text: autoDraw = False
566.3720 	EXP 	blank1_bg: autoDraw = False
566.3720 	EXP 	prime_text: autoDraw = True
566.5657 	EXP 	prime_text: autoDraw = False
566.5721 	EXP 	blank2_bg: autoDraw = True
566.6718 	INFO 	Keyboard events cleared
566.6717 	EXP 	blank2_bg: autoDraw = False
566.6717 	EXP 	target_text: autoDraw = True
567.1843 	EXP 	Device response: <KeyPress from None: t=567.1789922500029, value=right, duration=None>
567.1926 	DATA 	Keypress: right
567.1969 	EXP 	fix_text: autoDraw = False
567.1969 	EXP 	blank1_bg: autoDraw = False
567.1969 	EXP 	prime_text: autoDraw = False
567.1969 	EXP 	blank2_bg: autoDraw = False
567.1969 	EXP 	target_text: autoDraw = False
567.1969 	EXP 	greenCircle: autoDraw = True
567.1969 	EXP 	redCrosss: autoDraw = True
567.3008 	EXP 	Device response: <KeyPress from None: t=567.1789922500029, value=right, duration=0.12004679199890234>
567.3809 	EXP 	blank3_bg: autoDraw = True
567.3891 	EXP 	greenCircle: autoDraw = False
567.3891 	EXP 	redCrosss: autoDraw = False
568.1656 	EXP 	New trial (rep=12, index=12): <Trial 204 (12 in rep 12) data={'prime': 'She does not like apples', 'target': 'She like does apples not', 'condition': 'transposition_unrelated', 'correctAns': 'left', 'thisN': 204, 'thisTrialN': 12, 'thisRepN': 12}>
568.1811 	EXP 	blank3_bg: autoDraw = False
568.1811 	EXP 	blank3_bg: autoDraw = False
568.1811 	EXP 	greenCircle: autoDraw = False
568.1811 	EXP 	redCrosss: autoDraw = False
568.1811 	EXP 	text: text = 'Take a short break! Press any key to continue.'
568.1811 	EXP 	text: autoDraw = False
568.1811 	EXP 	prime_text: height = np.float64(0.05)
568.1811 	EXP 	prime_text: height = np.float64(0.05)
568.1811 	EXP 	prime_text: height = np.float64(0.05)
568.1811 	EXP 	prime_text: text = 'She does not like apples'
568.1811 	EXP 	target_text: height = np.float64(0.05)
568.1811 	EXP 	target_text: height = np.float64(0.05)
568.1811 	EXP 	target_text: height = np.float64(0.05)
568.1811 	EXP 	target_text: text = 'She like does apples not'
568.1811 	EXP 	fix_text: autoDraw = True
568.4074 	EXP 	blank1_bg: autoDraw = True
568.4225 	EXP 	fix_text: autoDraw = False
568.6059 	EXP 	blank1_bg: autoDraw = False
568.6059 	EXP 	prime_text: autoDraw = True
568.7992 	EXP 	prime_text: autoDraw = False
568.8055 	EXP 	blank2_bg: autoDraw = True
568.8991 	EXP 	blank2_bg: autoDraw = False
568.9042 	INFO 	Keyboard events cleared
568.9040 	EXP 	target_text: autoDraw = True
570.6177 	EXP 	Device response: <KeyPress from None: t=570.610581083005, value=left, duration=None>
570.6263 	DATA 	Keypress: left
570.6305 	EXP 	fix_text: autoDraw = False
570.6305 	EXP 	blank1_bg: autoDraw = False
570.6305 	EXP 	prime_text: autoDraw = False
570.6305 	EXP 	blank2_bg: autoDraw = False
570.6305 	EXP 	target_text: autoDraw = False
570.6305 	EXP 	greenCircle: autoDraw = True
570.6305 	EXP 	redCrosss: autoDraw = True
570.7391 	EXP 	Device response: <KeyPress from None: t=570.610581083005, value=left, duration=0.12446241700672545>
570.8158 	EXP 	blank3_bg: autoDraw = True
570.8234 	EXP 	greenCircle: autoDraw = False
570.8234 	EXP 	redCrosss: autoDraw = False
571.5996 	EXP 	New trial (rep=12, index=13): <Trial 205 (13 in rep 12) data={'prime': 'The dog is barking loudly', 'target': 'The barking dog loudly is', 'condition': 'transposition_unrelated', 'correctAns': 'left', 'thisN': 205, 'thisTrialN': 13, 'thisRepN': 12}>
571.6156 	EXP 	blank3_bg: autoDraw = False
571.6156 	EXP 	blank3_bg: autoDraw = False
571.6156 	EXP 	greenCircle: autoDraw = False
571.6156 	EXP 	redCrosss: autoDraw = False
571.6156 	EXP 	text: text = 'Take a short break! Press any key to continue.'
571.6156 	EXP 	text: autoDraw = False
571.6156 	EXP 	prime_text: height = np.float64(0.05)
571.6156 	EXP 	prime_text: height = np.float64(0.05)
571.6156 	EXP 	prime_text: height = np.float64(0.05)
571.6156 	EXP 	prime_text: text = 'The dog is barking loudly'
571.6156 	EXP 	target_text: height = np.float64(0.05)
571.6156 	EXP 	target_text: height = np.float64(0.05)
571.6156 	EXP 	target_text: height = np.float64(0.05)
571.6156 	EXP 	target_text: text = 'The barking dog loudly is'
571.6156 	EXP 	fix_text: autoDraw = True
571.8412 	EXP 	blank1_bg: autoDraw = True
571.8555 	EXP 	fix_text: autoDraw = False
572.0323 	EXP 	blank1_bg: autoDraw = False
572.0390 	EXP 	prime_text: autoDraw = True
572.2325 	EXP 	prime_text: autoDraw = False
572.2391 	EXP 	blank2_bg: autoDraw = True
572.3322 	EXP 	blank2_bg: autoDraw = False
572.3385 	INFO 	Keyboard events cleared
572.3383 	EXP 	target_text: autoDraw = True
573.0511 	EXP 	Device response: <KeyPress from None: t=573.043631833003, value=left, duration=None>
573.0597 	DATA 	Keypress: left
573.0640 	EXP 	fix_text: autoDraw = False
573.0640 	EXP 	blank1_bg: autoDraw = False
573.0640 	EXP 	prime_text: autoDraw = False
573.0640 	EXP 	blank2_bg: autoDraw = False
573.0640 	EXP 	target_text: autoDraw = False
573.0640 	EXP 	greenCircle: autoDraw = True
573.0640 	EXP 	redCrosss: autoDraw = True
573.1382 	EXP 	Device response: <KeyPress from None: t=573.043631833003, value=left, duration=0.0922764169954462>
573.2475 	EXP 	blank3_bg: autoDraw = True
573.2542 	EXP 	greenCircle: autoDraw = False
573.2542 	EXP 	redCrosss: autoDraw = False
574.0322 	EXP 	New trial (rep=12, index=14): <Trial 206 (14 in rep 12) data={'prime': 'The boy can read fast', 'target': 'The boy can read fast', 'condition': 'repetition_related', 'correctAns': 'right', 'thisN': 206, 'thisTrialN': 14, 'thisRepN': 12}>
574.0479 	EXP 	blank3_bg: autoDraw = False
574.0479 	EXP 	blank3_bg: autoDraw = False
574.0479 	EXP 	greenCircle: autoDraw = False
574.0479 	EXP 	redCrosss: autoDraw = False
574.0479 	EXP 	text: text = 'Take a short break! Press any key to continue.'
574.0479 	EXP 	text: autoDraw = False
574.0479 	EXP 	prime_text: height = np.float64(0.05)
574.0479 	EXP 	prime_text: height = np.float64(0.05)
574.0479 	EXP 	prime_text: height = np.float64(0.05)
574.0479 	EXP 	prime_text: text = 'The boy can read fast'
574.0479 	EXP 	target_text: height = np.float64(0.05)
574.0479 	EXP 	target_text: height = np.float64(0.05)
574.0479 	EXP 	target_text: height = np.float64(0.05)
574.0479 	EXP 	target_text: text = 'The boy can read fast'
574.0479 	EXP 	fix_text: autoDraw = True
574.2747 	EXP 	blank1_bg: autoDraw = True
574.2883 	EXP 	fix_text: autoDraw = False
574.4657 	EXP 	blank1_bg: autoDraw = False
574.4722 	EXP 	prime_text: autoDraw = True
574.6655 	EXP 	prime_text: autoDraw = False
574.6712 	EXP 	blank2_bg: autoDraw = True
574.7657 	EXP 	blank2_bg: autoDraw = False
574.7726 	INFO 	Keyboard events cleared
574.7724 	EXP 	target_text: autoDraw = True
575.2562 	EXP 	Device response: <KeyPress from None: t=575.2515682500089, value=right, duration=None>
575.2635 	DATA 	Keypress: right
575.2682 	EXP 	fix_text: autoDraw = False
575.2682 	EXP 	blank1_bg: autoDraw = False
575.2682 	EXP 	prime_text: autoDraw = False
575.2682 	EXP 	blank2_bg: autoDraw = False
575.2682 	EXP 	target_text: autoDraw = False
575.2682 	EXP 	greenCircle: autoDraw = True
575.2682 	EXP 	redCrosss: autoDraw = True
575.3730 	EXP 	Device response: <KeyPress from None: t=575.2515682500089, value=right, duration=0.1203180419979617>
575.4568 	EXP 	blank3_bg: autoDraw = True
575.4641 	EXP 	greenCircle: autoDraw = False
575.4641 	EXP 	redCrosss: autoDraw = False
576.2498 	EXP 	New trial (rep=12, index=15): <Trial 207 (15 in rep 12) data={'prime': 'The dog is barking loudly', 'target': 'The loudly is barking dog', 'condition': 'repetition_unrelated', 'correctAns': 'left', 'thisN': 207, 'thisTrialN': 15, 'thisRepN': 12}>
576.2654 	EXP 	blank3_bg: autoDraw = False
576.2654 	EXP 	blank3_bg: autoDraw = False
576.2654 	EXP 	greenCircle: autoDraw = False
576.2654 	EXP 	redCrosss: autoDraw = False
576.2654 	EXP 	text: text = 'Take a short break! Press any key to continue.'
576.2654 	EXP 	text: autoDraw = False
576.2654 	EXP 	prime_text: height = np.float64(0.05)
576.2654 	EXP 	prime_text: height = np.float64(0.05)
576.2654 	EXP 	prime_text: height = np.float64(0.05)
576.2654 	EXP 	prime_text: text = 'The dog is barking loudly'
576.2654 	EXP 	target_text: height = np.float64(0.05)
576.2654 	EXP 	target_text: height = np.float64(0.05)
576.2654 	EXP 	target_text: height = np.float64(0.05)
576.2654 	EXP 	target_text: text = 'The loudly is barking dog'
576.2654 	EXP 	fix_text: autoDraw = True
576.4915 	EXP 	blank1_bg: autoDraw = True
576.5051 	EXP 	fix_text: autoDraw = False
576.6846 	EXP 	blank1_bg: autoDraw = False
576.6992 	EXP 	prime_text: autoDraw = True
576.8888 	EXP 	prime_text: autoDraw = False
576.8888 	EXP 	blank2_bg: autoDraw = True
576.9823 	EXP 	blank2_bg: autoDraw = False
576.9892 	INFO 	Keyboard events cleared
576.9890 	EXP 	target_text: autoDraw = True
577.5001 	EXP 	Device response: <KeyPress from None: t=577.493555167006, value=left, duration=None>
577.5077 	DATA 	Keypress: left
577.5119 	EXP 	fix_text: autoDraw = False
577.5119 	EXP 	blank1_bg: autoDraw = False
577.5119 	EXP 	prime_text: autoDraw = False
577.5119 	EXP 	blank2_bg: autoDraw = False
577.5119 	EXP 	target_text: autoDraw = False
577.5119 	EXP 	greenCircle: autoDraw = True
577.5119 	EXP 	redCrosss: autoDraw = True
577.5888 	EXP 	Device response: <KeyPress from None: t=577.493555167006, value=left, duration=0.0922500409942586>
577.6989 	EXP 	blank3_bg: autoDraw = True
577.7052 	EXP 	greenCircle: autoDraw = False
577.7052 	EXP 	redCrosss: autoDraw = False
578.4882 	EXP 	New trial (rep=13, index=0): <Trial 208 (0 in rep 13) data={'prime': 'The boy can read fast', 'target': 'The read can boy fast', 'condition': 'transposition_unrelated', 'correctAns': 'left', 'thisN': 208, 'thisTrialN': 0, 'thisRepN': 13}>
578.5032 	EXP 	blank3_bg: autoDraw = False
578.5032 	EXP 	blank3_bg: autoDraw = False
578.5032 	EXP 	greenCircle: autoDraw = False
578.5032 	EXP 	redCrosss: autoDraw = False
578.5032 	EXP 	text: text = 'Take a short break! Press any key to continue.'
578.5032 	EXP 	text: autoDraw = False
578.5032 	EXP 	prime_text: height = np.float64(0.05)
578.5032 	EXP 	prime_text: height = np.float64(0.05)
578.5032 	EXP 	prime_text: height = np.float64(0.05)
578.5032 	EXP 	prime_text: text = 'The boy can read fast'
578.5032 	EXP 	target_text: height = np.float64(0.05)
578.5032 	EXP 	target_text: height = np.float64(0.05)
578.5032 	EXP 	target_text: height = np.float64(0.05)
578.5032 	EXP 	target_text: text = 'The read can boy fast'
578.5032 	EXP 	fix_text: autoDraw = True
578.7324 	EXP 	blank1_bg: autoDraw = True
578.7476 	EXP 	fix_text: autoDraw = False
578.9201 	EXP 	blank1_bg: autoDraw = False
578.9389 	EXP 	prime_text: autoDraw = True
579.1325 	EXP 	blank2_bg: autoDraw = True
579.1395 	EXP 	prime_text: autoDraw = False
579.2207 	EXP 	blank2_bg: autoDraw = False
579.2325 	INFO 	Keyboard events cleared
579.2323 	EXP 	target_text: autoDraw = True
579.8066 	EXP 	Device response: <KeyPress from None: t=579.803424083002, value=left, duration=None>
579.8138 	DATA 	Keypress: left
579.8183 	EXP 	fix_text: autoDraw = False
579.8183 	EXP 	blank1_bg: autoDraw = False
579.8183 	EXP 	prime_text: autoDraw = False
579.8183 	EXP 	blank2_bg: autoDraw = False
579.8183 	EXP 	target_text: autoDraw = False
579.8183 	EXP 	greenCircle: autoDraw = True
579.8183 	EXP 	redCrosss: autoDraw = True
579.9170 	EXP 	Device response: <KeyPress from None: t=579.803424083002, value=left, duration=0.10437149999779649>
580.0077 	EXP 	blank3_bg: autoDraw = True
580.0142 	EXP 	greenCircle: autoDraw = False
580.0142 	EXP 	redCrosss: autoDraw = False
580.7911 	EXP 	New trial (rep=13, index=1): <Trial 209 (1 in rep 13) data={'prime': 'She does not like apples', 'target': 'She not does like apples', 'condition': 'repetition_unrelated', 'correctAns': 'left', 'thisN': 209, 'thisTrialN': 1, 'thisRepN': 13}>
580.8069 	EXP 	blank3_bg: autoDraw = False
580.8069 	EXP 	blank3_bg: autoDraw = False
580.8069 	EXP 	greenCircle: autoDraw = False
580.8069 	EXP 	redCrosss: autoDraw = False
580.8069 	EXP 	text: text = 'Take a short break! Press any key to continue.'
580.8069 	EXP 	text: autoDraw = False
580.8069 	EXP 	prime_text: height = np.float64(0.05)
580.8069 	EXP 	prime_text: height = np.float64(0.05)
580.8069 	EXP 	prime_text: height = np.float64(0.05)
580.8069 	EXP 	prime_text: text = 'She does not like apples'
580.8069 	EXP 	target_text: height = np.float64(0.05)
580.8069 	EXP 	target_text: height = np.float64(0.05)
580.8069 	EXP 	target_text: height = np.float64(0.05)
580.8069 	EXP 	target_text: text = 'She not does like apples'
580.8069 	EXP 	fix_text: autoDraw = True
581.0412 	EXP 	blank1_bg: autoDraw = True
581.0475 	EXP 	fix_text: autoDraw = False
581.2383 	EXP 	blank1_bg: autoDraw = False
581.2383 	EXP 	prime_text: autoDraw = True
581.4324 	EXP 	prime_text: autoDraw = False
581.4388 	EXP 	blank2_bg: autoDraw = True
581.5323 	EXP 	blank2_bg: autoDraw = False
581.5385 	INFO 	Keyboard events cleared
581.5383 	EXP 	target_text: autoDraw = True
582.1338 	EXP 	Device response: <KeyPress from None: t=582.1264398330095, value=left, duration=None>
582.1420 	DATA 	Keypress: left
582.1462 	EXP 	fix_text: autoDraw = False
582.1462 	EXP 	blank1_bg: autoDraw = False
582.1462 	EXP 	prime_text: autoDraw = False
582.1462 	EXP 	blank2_bg: autoDraw = False
582.1462 	EXP 	target_text: autoDraw = False
582.1462 	EXP 	greenCircle: autoDraw = True
582.1462 	EXP 	redCrosss: autoDraw = True
582.2668 	EXP 	Device response: <KeyPress from None: t=582.1264398330095, value=left, duration=0.13220991699199658>
582.3322 	EXP 	blank3_bg: autoDraw = True
582.3404 	EXP 	greenCircle: autoDraw = False
582.3404 	EXP 	redCrosss: autoDraw = False
583.1164 	EXP 	New trial (rep=13, index=2): <Trial 210 (2 in rep 13) data={'prime': 'They have finished the work', 'target': 'They work the have finished', 'condition': 'transposition_unrelated', 'correctAns': 'left', 'thisN': 210, 'thisTrialN': 2, 'thisRepN': 13}>
583.1321 	EXP 	blank3_bg: autoDraw = False
583.1321 	EXP 	blank3_bg: autoDraw = False
583.1321 	EXP 	greenCircle: autoDraw = False
583.1321 	EXP 	redCrosss: autoDraw = False
583.1321 	EXP 	text: text = 'Take a short break! Press any key to continue.'
583.1321 	EXP 	text: autoDraw = False
583.1321 	EXP 	prime_text: height = np.float64(0.05)
583.1321 	EXP 	prime_text: height = np.float64(0.05)
583.1321 	EXP 	prime_text: height = np.float64(0.05)
583.1321 	EXP 	prime_text: text = 'They have finished the work'
583.1321 	EXP 	target_text: height = np.float64(0.05)
583.1321 	EXP 	target_text: height = np.float64(0.05)
583.1321 	EXP 	target_text: height = np.float64(0.05)
583.1321 	EXP 	target_text: text = 'They work the have finished'
583.1321 	EXP 	fix_text: autoDraw = True
583.3581 	EXP 	blank1_bg: autoDraw = True
583.3715 	EXP 	fix_text: autoDraw = False
583.5511 	EXP 	blank1_bg: autoDraw = False
583.5657 	EXP 	prime_text: autoDraw = True
583.7541 	EXP 	prime_text: autoDraw = False
583.7541 	EXP 	blank2_bg: autoDraw = True
583.8490 	EXP 	blank2_bg: autoDraw = False
583.8552 	INFO 	Keyboard events cleared
583.8550 	EXP 	target_text: autoDraw = True
584.3008 	EXP 	Device response: <KeyPress from None: t=584.2902138750069, value=left, duration=None>
584.3092 	DATA 	Keypress: left
584.3134 	EXP 	fix_text: autoDraw = False
584.3134 	EXP 	blank1_bg: autoDraw = False
584.3134 	EXP 	prime_text: autoDraw = False
584.3134 	EXP 	blank2_bg: autoDraw = False
584.3134 	EXP 	target_text: autoDraw = False
584.3134 	EXP 	greenCircle: autoDraw = True
584.3134 	EXP 	redCrosss: autoDraw = True
584.4334 	EXP 	Device response: <KeyPress from None: t=584.2902138750069, value=left, duration=0.13239541699294932>
584.4989 	EXP 	blank3_bg: autoDraw = True
584.5070 	EXP 	greenCircle: autoDraw = False
584.5070 	EXP 	redCrosss: autoDraw = False
585.2888 	EXP 	New trial (rep=13, index=3): <Trial 211 (3 in rep 13) data={'prime': 'The dog is barking loudly', 'target': 'The loudly is barking dog', 'condition': 'repetition_unrelated', 'correctAns': 'left', 'thisN': 211, 'thisTrialN': 3, 'thisRepN': 13}>
585.3056 	EXP 	blank3_bg: autoDraw = False
585.3056 	EXP 	blank3_bg: autoDraw = False
585.3056 	EXP 	greenCircle: autoDraw = False
585.3056 	EXP 	redCrosss: autoDraw = False
585.3056 	EXP 	text: text = 'Take a short break! Press any key to continue.'
585.3056 	EXP 	text: autoDraw = False
585.3056 	EXP 	prime_text: height = np.float64(0.05)
585.3056 	EXP 	prime_text: height = np.float64(0.05)
585.3056 	EXP 	prime_text: height = np.float64(0.05)
585.3056 	EXP 	prime_text: text = 'The dog is barking loudly'
585.3056 	EXP 	target_text: height = np.float64(0.05)
585.3056 	EXP 	target_text: height = np.float64(0.05)
585.3056 	EXP 	target_text: height = np.float64(0.05)
585.3056 	EXP 	target_text: text = 'The loudly is barking dog'
585.3056 	EXP 	fix_text: autoDraw = True
585.5319 	EXP 	blank1_bg: autoDraw = True
585.5488 	EXP 	fix_text: autoDraw = False
585.7197 	EXP 	blank1_bg: autoDraw = False
585.7389 	EXP 	prime_text: autoDraw = True
585.9323 	EXP 	prime_text: autoDraw = False
585.9323 	EXP 	blank2_bg: autoDraw = True
586.0201 	EXP 	blank2_bg: autoDraw = False
586.0395 	INFO 	Keyboard events cleared
586.0393 	EXP 	target_text: autoDraw = True
586.6336 	EXP 	Device response: <KeyPress from None: t=586.6232512499992, value=left, duration=None>
586.6411 	DATA 	Keypress: left
586.6453 	EXP 	fix_text: autoDraw = False
586.6453 	EXP 	blank1_bg: autoDraw = False
586.6453 	EXP 	prime_text: autoDraw = False
586.6453 	EXP 	blank2_bg: autoDraw = False
586.6453 	EXP 	target_text: autoDraw = False
586.6453 	EXP 	greenCircle: autoDraw = True
586.6453 	EXP 	redCrosss: autoDraw = True
586.7509 	EXP 	Device response: <KeyPress from None: t=586.6232512499992, value=left, duration=0.11628179201215971>
586.8315 	EXP 	blank3_bg: autoDraw = True
586.8390 	EXP 	greenCircle: autoDraw = False
586.8390 	EXP 	redCrosss: autoDraw = False
587.6149 	EXP 	New trial (rep=13, index=4): <Trial 212 (4 in rep 13) data={'prime': 'She does not like apples', 'target': 'She like does apples not', 'condition': 'transposition_unrelated', 'correctAns': 'left', 'thisN': 212, 'thisTrialN': 4, 'thisRepN': 13}>
587.6298 	EXP 	blank3_bg: autoDraw = False
587.6298 	EXP 	blank3_bg: autoDraw = False
587.6298 	EXP 	greenCircle: autoDraw = False
587.6298 	EXP 	redCrosss: autoDraw = False
587.6298 	EXP 	text: text = 'Take a short break! Press any key to continue.'
587.6298 	EXP 	text: autoDraw = False
587.6298 	EXP 	prime_text: height = np.float64(0.05)
587.6298 	EXP 	prime_text: height = np.float64(0.05)
587.6298 	EXP 	prime_text: height = np.float64(0.05)
587.6298 	EXP 	prime_text: text = 'She does not like apples'
587.6298 	EXP 	target_text: height = np.float64(0.05)
587.6298 	EXP 	target_text: height = np.float64(0.05)
587.6298 	EXP 	target_text: height = np.float64(0.05)
587.6298 	EXP 	target_text: text = 'She like does apples not'
587.6298 	EXP 	fix_text: autoDraw = True
587.8570 	EXP 	blank1_bg: autoDraw = True
587.8710 	EXP 	fix_text: autoDraw = False
588.0557 	EXP 	blank1_bg: autoDraw = False
588.0557 	EXP 	prime_text: autoDraw = True
588.2490 	EXP 	prime_text: autoDraw = False
588.2544 	EXP 	blank2_bg: autoDraw = True
588.3492 	EXP 	blank2_bg: autoDraw = False
588.3558 	INFO 	Keyboard events cleared
588.3556 	EXP 	target_text: autoDraw = True
588.8836 	EXP 	Device response: <KeyPress from None: t=588.8801881670079, value=left, duration=None>
588.8916 	DATA 	Keypress: left
588.8958 	EXP 	fix_text: autoDraw = False
588.8958 	EXP 	blank1_bg: autoDraw = False
588.8958 	EXP 	prime_text: autoDraw = False
588.8958 	EXP 	blank2_bg: autoDraw = False
588.8958 	EXP 	target_text: autoDraw = False
588.8958 	EXP 	greenCircle: autoDraw = True
588.8958 	EXP 	redCrosss: autoDraw = True
589.0000 	EXP 	Device response: <KeyPress from None: t=588.8801881670079, value=left, duration=0.10827799999970011>
589.0809 	EXP 	blank3_bg: autoDraw = True
589.0874 	EXP 	greenCircle: autoDraw = False
589.0874 	EXP 	redCrosss: autoDraw = False
589.8668 	EXP 	New trial (rep=13, index=5): <Trial 213 (5 in rep 13) data={'prime': 'They have finished the work', 'target': 'They have finished the work', 'condition': 'repetition_related', 'correctAns': 'right', 'thisN': 213, 'thisTrialN': 5, 'thisRepN': 13}>
589.8832 	EXP 	blank3_bg: autoDraw = False
589.8832 	EXP 	blank3_bg: autoDraw = False
589.8832 	EXP 	greenCircle: autoDraw = False
589.8832 	EXP 	redCrosss: autoDraw = False
589.8832 	EXP 	text: text = 'Take a short break! Press any key to continue.'
589.8832 	EXP 	text: autoDraw = False
589.8832 	EXP 	prime_text: height = np.float64(0.05)
589.8832 	EXP 	prime_text: height = np.float64(0.05)
589.8832 	EXP 	prime_text: height = np.float64(0.05)
589.8832 	EXP 	prime_text: text = 'They have finished the work'
589.8832 	EXP 	target_text: height = np.float64(0.05)
589.8832 	EXP 	target_text: height = np.float64(0.05)
589.8832 	EXP 	target_text: height = np.float64(0.05)
589.8832 	EXP 	target_text: text = 'They have finished the work'
589.8832 	EXP 	fix_text: autoDraw = True
590.1081 	EXP 	blank1_bg: autoDraw = True
590.1313 	EXP 	fix_text: autoDraw = False
590.3011 	EXP 	blank1_bg: autoDraw = False
590.3158 	EXP 	prime_text: autoDraw = True
590.5057 	EXP 	prime_text: autoDraw = False
590.5057 	EXP 	blank2_bg: autoDraw = True
590.5990 	EXP 	blank2_bg: autoDraw = False
590.6057 	INFO 	Keyboard events cleared
590.6055 	EXP 	target_text: autoDraw = True
591.3174 	EXP 	Device response: <KeyPress from None: t=591.3152402080013, value=right, duration=None>
591.3256 	DATA 	Keypress: right
591.3299 	EXP 	fix_text: autoDraw = False
591.3299 	EXP 	blank1_bg: autoDraw = False
591.3299 	EXP 	prime_text: autoDraw = False
591.3299 	EXP 	blank2_bg: autoDraw = False
591.3299 	EXP 	target_text: autoDraw = False
591.3299 	EXP 	greenCircle: autoDraw = True
591.3299 	EXP 	redCrosss: autoDraw = True
591.4340 	EXP 	Device response: <KeyPress from None: t=591.3152402080013, value=right, duration=0.11622354200517293>
591.5155 	EXP 	blank3_bg: autoDraw = True
591.5218 	EXP 	greenCircle: autoDraw = False
591.5218 	EXP 	redCrosss: autoDraw = False
592.2999 	EXP 	New trial (rep=13, index=6): <Trial 214 (6 in rep 13) data={'prime': 'The boy can read fast', 'target': 'The boy can read fast', 'condition': 'transposition_related', 'correctAns': 'right', 'thisN': 214, 'thisTrialN': 6, 'thisRepN': 13}>
592.3158 	EXP 	blank3_bg: autoDraw = False
592.3158 	EXP 	blank3_bg: autoDraw = False
592.3158 	EXP 	greenCircle: autoDraw = False
592.3158 	EXP 	redCrosss: autoDraw = False
592.3158 	EXP 	text: text = 'Take a short break! Press any key to continue.'
592.3158 	EXP 	text: autoDraw = False
592.3158 	EXP 	prime_text: height = np.float64(0.05)
592.3158 	EXP 	prime_text: height = np.float64(0.05)
592.3158 	EXP 	prime_text: height = np.float64(0.05)
592.3158 	EXP 	prime_text: text = 'The boy can read fast'
592.3158 	EXP 	target_text: height = np.float64(0.05)
592.3158 	EXP 	target_text: height = np.float64(0.05)
592.3158 	EXP 	target_text: height = np.float64(0.05)
592.3158 	EXP 	target_text: text = 'The boy can read fast'
592.3158 	EXP 	fix_text: autoDraw = True
592.5414 	EXP 	blank1_bg: autoDraw = True
592.5569 	EXP 	fix_text: autoDraw = False
592.7363 	EXP 	blank1_bg: autoDraw = False
592.7492 	EXP 	prime_text: autoDraw = True
592.9390 	EXP 	prime_text: autoDraw = False
592.9390 	EXP 	blank2_bg: autoDraw = True
593.0323 	EXP 	blank2_bg: autoDraw = False
593.0390 	INFO 	Keyboard events cleared
593.0389 	EXP 	target_text: autoDraw = True
593.5177 	EXP 	Device response: <KeyPress from None: t=593.5152634170081, value=right, duration=None>
593.5260 	DATA 	Keypress: right
593.5303 	EXP 	fix_text: autoDraw = False
593.5303 	EXP 	blank1_bg: autoDraw = False
593.5303 	EXP 	prime_text: autoDraw = False
593.5303 	EXP 	blank2_bg: autoDraw = False
593.5303 	EXP 	target_text: autoDraw = False
593.5303 	EXP 	greenCircle: autoDraw = True
593.5303 	EXP 	redCrosss: autoDraw = True
593.6503 	EXP 	Device response: <KeyPress from None: t=593.5152634170081, value=right, duration=0.13214762500138022>
593.7158 	EXP 	blank3_bg: autoDraw = True
593.7236 	EXP 	greenCircle: autoDraw = False
593.7236 	EXP 	redCrosss: autoDraw = False
594.5001 	EXP 	New trial (rep=13, index=7): <Trial 215 (7 in rep 13) data={'prime': 'The dog is barking loudly', 'target': 'The dog barking is loudly', 'condition': 'transposition_related', 'correctAns': 'right', 'thisN': 215, 'thisTrialN': 7, 'thisRepN': 13}>
594.5160 	EXP 	blank3_bg: autoDraw = False
594.5160 	EXP 	blank3_bg: autoDraw = False
594.5160 	EXP 	greenCircle: autoDraw = False
594.5160 	EXP 	redCrosss: autoDraw = False
594.5160 	EXP 	text: text = 'Take a short break! Press any key to continue.'
594.5160 	EXP 	text: autoDraw = False
594.5160 	EXP 	prime_text: height = np.float64(0.05)
594.5160 	EXP 	prime_text: height = np.float64(0.05)
594.5160 	EXP 	prime_text: height = np.float64(0.05)
594.5160 	EXP 	prime_text: text = 'The dog is barking loudly'
594.5160 	EXP 	target_text: height = np.float64(0.05)
594.5160 	EXP 	target_text: height = np.float64(0.05)
594.5160 	EXP 	target_text: height = np.float64(0.05)
594.5160 	EXP 	target_text: text = 'The dog barking is loudly'
594.5160 	EXP 	fix_text: autoDraw = True
594.7410 	EXP 	blank1_bg: autoDraw = True
594.7656 	EXP 	fix_text: autoDraw = False
594.9354 	EXP 	blank1_bg: autoDraw = False
594.9491 	EXP 	prime_text: autoDraw = True
595.1387 	EXP 	prime_text: autoDraw = False
595.1387 	EXP 	blank2_bg: autoDraw = True
595.2325 	EXP 	blank2_bg: autoDraw = False
595.2396 	INFO 	Keyboard events cleared
595.2394 	EXP 	target_text: autoDraw = True
595.9898 	EXP 	Device response: <KeyPress from None: t=595.9850819999992, value=left, duration=None>
595.9970 	DATA 	Keypress: left
596.0016 	EXP 	fix_text: autoDraw = False
596.0016 	EXP 	blank1_bg: autoDraw = False
596.0016 	EXP 	prime_text: autoDraw = False
596.0016 	EXP 	blank2_bg: autoDraw = False
596.0016 	EXP 	target_text: autoDraw = False
596.0016 	EXP 	greenCircle: autoDraw = True
596.0016 	EXP 	redCrosss: autoDraw = True
596.0838 	EXP 	Device response: <KeyPress from None: t=595.9850819999992, value=left, duration=0.09627595799975097>
596.1912 	EXP 	blank3_bg: autoDraw = True
596.1977 	EXP 	greenCircle: autoDraw = False
596.1977 	EXP 	redCrosss: autoDraw = False
596.9743 	EXP 	New trial (rep=13, index=8): <Trial 216 (8 in rep 13) data={'prime': 'She does not like apples', 'target': 'She not does like apples', 'condition': 'transposition_related', 'correctAns': 'right', 'thisN': 216, 'thisTrialN': 8, 'thisRepN': 13}>
596.9895 	EXP 	blank3_bg: autoDraw = False
596.9895 	EXP 	blank3_bg: autoDraw = False
596.9895 	EXP 	greenCircle: autoDraw = False
596.9895 	EXP 	redCrosss: autoDraw = False
596.9895 	EXP 	text: text = 'Take a short break! Press any key to continue.'
596.9895 	EXP 	text: autoDraw = False
596.9895 	EXP 	prime_text: height = np.float64(0.05)
596.9895 	EXP 	prime_text: height = np.float64(0.05)
596.9895 	EXP 	prime_text: height = np.float64(0.05)
596.9895 	EXP 	prime_text: text = 'She does not like apples'
596.9895 	EXP 	target_text: height = np.float64(0.05)
596.9895 	EXP 	target_text: height = np.float64(0.05)
596.9895 	EXP 	target_text: height = np.float64(0.05)
596.9895 	EXP 	target_text: text = 'She not does like apples'
596.9895 	EXP 	fix_text: autoDraw = True
597.2237 	EXP 	blank1_bg: autoDraw = True
597.2307 	EXP 	fix_text: autoDraw = False
597.4219 	EXP 	blank1_bg: autoDraw = False
597.4219 	EXP 	prime_text: autoDraw = True
597.6157 	EXP 	prime_text: autoDraw = False
597.6221 	EXP 	blank2_bg: autoDraw = True
597.7158 	EXP 	blank2_bg: autoDraw = False
597.7223 	INFO 	Keyboard events cleared
597.7221 	EXP 	target_text: autoDraw = True
598.6391 	EXP 	Device response: <KeyPress from None: t=598.6329623330093, value=left, duration=None>
598.6464 	DATA 	Keypress: left
598.6510 	EXP 	fix_text: autoDraw = False
598.6510 	EXP 	blank1_bg: autoDraw = False
598.6510 	EXP 	prime_text: autoDraw = False
598.6510 	EXP 	blank2_bg: autoDraw = False
598.6510 	EXP 	target_text: autoDraw = False
598.6510 	EXP 	greenCircle: autoDraw = True
598.6510 	EXP 	redCrosss: autoDraw = True
598.7565 	EXP 	Device response: <KeyPress from None: t=598.6329623330093, value=left, duration=0.12031558399030473>
598.8405 	EXP 	blank3_bg: autoDraw = True
598.8475 	EXP 	greenCircle: autoDraw = False
598.8475 	EXP 	redCrosss: autoDraw = False
599.6240 	EXP 	New trial (rep=13, index=9): <Trial 217 (9 in rep 13) data={'prime': 'The boy can read fast', 'target': 'The boy can read fast', 'condition': 'repetition_related', 'correctAns': 'right', 'thisN': 217, 'thisTrialN': 9, 'thisRepN': 13}>
599.6403 	EXP 	blank3_bg: autoDraw = False
599.6403 	EXP 	blank3_bg: autoDraw = False
599.6403 	EXP 	greenCircle: autoDraw = False
599.6403 	EXP 	redCrosss: autoDraw = False
599.6403 	EXP 	text: text = 'Take a short break! Press any key to continue.'
599.6403 	EXP 	text: autoDraw = False
599.6403 	EXP 	prime_text: height = np.float64(0.05)
599.6403 	EXP 	prime_text: height = np.float64(0.05)
599.6403 	EXP 	prime_text: height = np.float64(0.05)
599.6403 	EXP 	prime_text: text = 'The boy can read fast'
599.6403 	EXP 	target_text: height = np.float64(0.05)
599.6403 	EXP 	target_text: height = np.float64(0.05)
599.6403 	EXP 	target_text: height = np.float64(0.05)
599.6403 	EXP 	target_text: text = 'The boy can read fast'
599.6403 	EXP 	fix_text: autoDraw = True
599.8749 	EXP 	blank1_bg: autoDraw = True
599.8812 	EXP 	fix_text: autoDraw = False
600.0643 	EXP 	blank1_bg: autoDraw = False
600.0643 	EXP 	prime_text: autoDraw = True
600.2530 	EXP 	prime_text: autoDraw = False
600.2721 	EXP 	blank2_bg: autoDraw = True
600.3651 	EXP 	blank2_bg: autoDraw = False
600.3723 	INFO 	Keyboard events cleared
600.3721 	EXP 	target_text: autoDraw = True
600.9232 	EXP 	Device response: <KeyPress from None: t=600.9209667500108, value=right, duration=None>
600.9304 	DATA 	Keypress: right
600.9349 	EXP 	fix_text: autoDraw = False
600.9349 	EXP 	blank1_bg: autoDraw = False
600.9349 	EXP 	prime_text: autoDraw = False
600.9349 	EXP 	blank2_bg: autoDraw = False
600.9349 	EXP 	target_text: autoDraw = False
600.9349 	EXP 	greenCircle: autoDraw = True
600.9349 	EXP 	redCrosss: autoDraw = True
601.0675 	EXP 	Device response: <KeyPress from None: t=600.9209667500108, value=right, duration=0.13618649999261834>
601.1240 	EXP 	blank3_bg: autoDraw = True
601.1307 	EXP 	greenCircle: autoDraw = False
601.1307 	EXP 	redCrosss: autoDraw = False
601.9168 	EXP 	New trial (rep=13, index=10): <Trial 218 (10 in rep 13) data={'prime': 'The boy can read fast', 'target': 'The read can boy fast', 'condition': 'repetition_unrelated', 'correctAns': 'left', 'thisN': 218, 'thisTrialN': 10, 'thisRepN': 13}>
601.9284 	EXP 	blank3_bg: autoDraw = False
601.9284 	EXP 	blank3_bg: autoDraw = False
601.9284 	EXP 	greenCircle: autoDraw = False
601.9284 	EXP 	redCrosss: autoDraw = False
601.9284 	EXP 	text: text = 'Take a short break! Press any key to continue.'
601.9284 	EXP 	text: autoDraw = False
601.9284 	EXP 	prime_text: text = 'The boy can read fast'
601.9284 	EXP 	target_text: height = np.float64(0.05)
601.9284 	EXP 	target_text: height = np.float64(0.05)
601.9284 	EXP 	target_text: height = np.float64(0.05)
601.9284 	EXP 	target_text: text = 'The read can boy fast'
601.9284 	EXP 	fix_text: autoDraw = True
602.1582 	EXP 	blank1_bg: autoDraw = True
602.1718 	EXP 	fix_text: autoDraw = False
602.3522 	EXP 	blank1_bg: autoDraw = False
602.3659 	EXP 	prime_text: autoDraw = True
602.5555 	EXP 	prime_text: autoDraw = False
602.5555 	EXP 	blank2_bg: autoDraw = True
602.6550 	INFO 	Keyboard events cleared
602.6547 	EXP 	blank2_bg: autoDraw = False
602.6547 	EXP 	target_text: autoDraw = True
603.2670 	EXP 	Device response: <KeyPress from None: t=603.2558499170118, value=left, duration=None>
603.2766 	DATA 	Keypress: left
603.2808 	EXP 	fix_text: autoDraw = False
603.2808 	EXP 	blank1_bg: autoDraw = False
603.2808 	EXP 	prime_text: autoDraw = False
603.2808 	EXP 	blank2_bg: autoDraw = False
603.2808 	EXP 	target_text: autoDraw = False
603.2808 	EXP 	greenCircle: autoDraw = True
603.2808 	EXP 	redCrosss: autoDraw = True
603.3676 	EXP 	Device response: <KeyPress from None: t=603.2558499170118, value=left, duration=0.10431949999474455>
603.4654 	EXP 	blank3_bg: autoDraw = True
603.4719 	EXP 	greenCircle: autoDraw = False
603.4719 	EXP 	redCrosss: autoDraw = False
604.2501 	EXP 	New trial (rep=13, index=11): <Trial 219 (11 in rep 13) data={'prime': 'They have finished the work', 'target': 'They finished have the work', 'condition': 'repetition_unrelated', 'correctAns': 'left', 'thisN': 219, 'thisTrialN': 11, 'thisRepN': 13}>
604.2655 	EXP 	blank3_bg: autoDraw = False
604.2655 	EXP 	blank3_bg: autoDraw = False
604.2655 	EXP 	greenCircle: autoDraw = False
604.2655 	EXP 	redCrosss: autoDraw = False
604.2655 	EXP 	text: text = 'Take a short break! Press any key to continue.'
604.2655 	EXP 	text: autoDraw = False
604.2655 	EXP 	prime_text: height = np.float64(0.05)
604.2655 	EXP 	prime_text: height = np.float64(0.05)
604.2655 	EXP 	prime_text: height = np.float64(0.05)
604.2655 	EXP 	prime_text: text = 'They have finished the work'
604.2655 	EXP 	target_text: height = np.float64(0.05)
604.2655 	EXP 	target_text: height = np.float64(0.05)
604.2655 	EXP 	target_text: height = np.float64(0.05)
604.2655 	EXP 	target_text: text = 'They finished have the work'
604.2655 	EXP 	fix_text: autoDraw = True
604.4911 	EXP 	blank1_bg: autoDraw = True
604.5049 	EXP 	fix_text: autoDraw = False
604.6849 	EXP 	blank1_bg: autoDraw = False
604.6990 	EXP 	prime_text: autoDraw = True
604.8888 	EXP 	prime_text: autoDraw = False
604.8888 	EXP 	blank2_bg: autoDraw = True
604.9883 	INFO 	Keyboard events cleared
604.9881 	EXP 	blank2_bg: autoDraw = False
604.9881 	EXP 	target_text: autoDraw = True
605.7502 	EXP 	Device response: <KeyPress from None: t=605.7438379170053, value=left, duration=None>
605.7579 	DATA 	Keypress: left
605.7621 	EXP 	fix_text: autoDraw = False
605.7621 	EXP 	blank1_bg: autoDraw = False
605.7621 	EXP 	prime_text: autoDraw = False
605.7621 	EXP 	blank2_bg: autoDraw = False
605.7621 	EXP 	target_text: autoDraw = False
605.7621 	EXP 	greenCircle: autoDraw = True
605.7621 	EXP 	redCrosss: autoDraw = True
605.8501 	EXP 	Device response: <KeyPress from None: t=605.7438379170053, value=left, duration=0.09619275000295602>
605.9490 	EXP 	blank3_bg: autoDraw = True
605.9567 	EXP 	greenCircle: autoDraw = False
605.9567 	EXP 	redCrosss: autoDraw = False
606.7394 	EXP 	New trial (rep=13, index=12): <Trial 220 (12 in rep 13) data={'prime': 'The dog is barking loudly', 'target': 'The dog is barking loudly', 'condition': 'repetition_related', 'correctAns': 'right', 'thisN': 220, 'thisTrialN': 12, 'thisRepN': 13}>
606.7542 	EXP 	blank3_bg: autoDraw = False
606.7542 	EXP 	blank3_bg: autoDraw = False
606.7542 	EXP 	greenCircle: autoDraw = False
606.7542 	EXP 	redCrosss: autoDraw = False
606.7542 	EXP 	text: text = 'Take a short break! Press any key to continue.'
606.7542 	EXP 	text: autoDraw = False
606.7542 	EXP 	prime_text: height = np.float64(0.05)
606.7542 	EXP 	prime_text: height = np.float64(0.05)
606.7542 	EXP 	prime_text: height = np.float64(0.05)
606.7542 	EXP 	prime_text: text = 'The dog is barking loudly'
606.7542 	EXP 	target_text: height = np.float64(0.05)
606.7542 	EXP 	target_text: height = np.float64(0.05)
606.7542 	EXP 	target_text: height = np.float64(0.05)
606.7542 	EXP 	target_text: text = 'The dog is barking loudly'
606.7542 	EXP 	fix_text: autoDraw = True
606.9810 	EXP 	blank1_bg: autoDraw = True
606.9979 	EXP 	fix_text: autoDraw = False
607.1699 	EXP 	blank1_bg: autoDraw = False
607.1891 	EXP 	prime_text: autoDraw = True
607.3881 	EXP 	prime_text: autoDraw = False
607.3881 	EXP 	blank2_bg: autoDraw = True
607.4825 	INFO 	Keyboard events cleared
607.4823 	EXP 	blank2_bg: autoDraw = False
607.4823 	EXP 	target_text: autoDraw = True
609.4341 	EXP 	Device response: <KeyPress from None: t=609.4247149170114, value=right, duration=None>
609.4418 	DATA 	Keypress: right
609.4461 	EXP 	fix_text: autoDraw = False
609.4461 	EXP 	blank1_bg: autoDraw = False
609.4461 	EXP 	prime_text: autoDraw = False
609.4461 	EXP 	blank2_bg: autoDraw = False
609.4461 	EXP 	target_text: autoDraw = False
609.4461 	EXP 	greenCircle: autoDraw = True
609.4461 	EXP 	redCrosss: autoDraw = True
609.5673 	EXP 	Device response: <KeyPress from None: t=609.4247149170114, value=right, duration=0.13640712499909569>
609.6319 	EXP 	blank3_bg: autoDraw = True
609.6387 	EXP 	greenCircle: autoDraw = False
609.6387 	EXP 	redCrosss: autoDraw = False
610.4207 	EXP 	New trial (rep=13, index=13): <Trial 221 (13 in rep 13) data={'prime': 'She does not like apples', 'target': 'She does not like apples', 'condition': 'repetition_related', 'correctAns': 'right', 'thisN': 221, 'thisTrialN': 13, 'thisRepN': 13}>
610.4346 	EXP 	blank3_bg: autoDraw = False
610.4346 	EXP 	blank3_bg: autoDraw = False
610.4346 	EXP 	greenCircle: autoDraw = False
610.4346 	EXP 	redCrosss: autoDraw = False
610.4346 	EXP 	text: text = 'Take a short break! Press any key to continue.'
610.4346 	EXP 	text: autoDraw = False
610.4346 	EXP 	prime_text: height = np.float64(0.05)
610.4346 	EXP 	prime_text: height = np.float64(0.05)
610.4346 	EXP 	prime_text: height = np.float64(0.05)
610.4346 	EXP 	prime_text: text = 'She does not like apples'
610.4346 	EXP 	target_text: height = np.float64(0.05)
610.4346 	EXP 	target_text: height = np.float64(0.05)
610.4346 	EXP 	target_text: height = np.float64(0.05)
610.4346 	EXP 	target_text: text = 'She does not like apples'
610.4346 	EXP 	fix_text: autoDraw = True
610.6643 	EXP 	blank1_bg: autoDraw = True
610.6823 	EXP 	fix_text: autoDraw = False
610.8515 	EXP 	blank1_bg: autoDraw = False
610.8723 	EXP 	prime_text: autoDraw = True
611.0658 	EXP 	blank2_bg: autoDraw = True
611.0722 	EXP 	prime_text: autoDraw = False
611.1536 	EXP 	blank2_bg: autoDraw = False
611.1657 	INFO 	Keyboard events cleared
611.1655 	EXP 	target_text: autoDraw = True
611.6729 	EXP 	Device response: <KeyPress from None: t=611.6677052080049, value=right, duration=None>
611.6801 	DATA 	Keypress: right
611.6846 	EXP 	fix_text: autoDraw = False
611.6846 	EXP 	blank1_bg: autoDraw = False
611.6846 	EXP 	prime_text: autoDraw = False
611.6846 	EXP 	blank2_bg: autoDraw = False
611.6846 	EXP 	target_text: autoDraw = False
611.6846 	EXP 	greenCircle: autoDraw = True
611.6846 	EXP 	redCrosss: autoDraw = True
611.8006 	EXP 	Device response: <KeyPress from None: t=611.6677052080049, value=right, duration=0.128309249994345>
611.8746 	EXP 	blank3_bg: autoDraw = True
611.8810 	EXP 	greenCircle: autoDraw = False
611.8810 	EXP 	redCrosss: autoDraw = False
612.6667 	EXP 	New trial (rep=13, index=14): <Trial 222 (14 in rep 13) data={'prime': 'The dog is barking loudly', 'target': 'The barking dog loudly is', 'condition': 'transposition_unrelated', 'correctAns': 'left', 'thisN': 222, 'thisTrialN': 14, 'thisRepN': 13}>
612.6829 	EXP 	blank3_bg: autoDraw = False
612.6829 	EXP 	blank3_bg: autoDraw = False
612.6829 	EXP 	greenCircle: autoDraw = False
612.6829 	EXP 	redCrosss: autoDraw = False
612.6829 	EXP 	text: text = 'Take a short break! Press any key to continue.'
612.6829 	EXP 	text: autoDraw = False
612.6829 	EXP 	prime_text: height = np.float64(0.05)
612.6829 	EXP 	prime_text: height = np.float64(0.05)
612.6829 	EXP 	prime_text: height = np.float64(0.05)
612.6829 	EXP 	prime_text: text = 'The dog is barking loudly'
612.6829 	EXP 	target_text: height = np.float64(0.05)
612.6829 	EXP 	target_text: height = np.float64(0.05)
612.6829 	EXP 	target_text: height = np.float64(0.05)
612.6829 	EXP 	target_text: text = 'The barking dog loudly is'
612.6829 	EXP 	fix_text: autoDraw = True
612.9081 	EXP 	blank1_bg: autoDraw = True
612.9313 	EXP 	fix_text: autoDraw = False
613.1011 	EXP 	blank1_bg: autoDraw = False
613.1158 	EXP 	prime_text: autoDraw = True
613.3054 	EXP 	prime_text: autoDraw = False
613.3054 	EXP 	blank2_bg: autoDraw = True
613.3989 	EXP 	blank2_bg: autoDraw = False
613.4060 	INFO 	Keyboard events cleared
613.4059 	EXP 	target_text: autoDraw = True
613.9502 	EXP 	Device response: <KeyPress from None: t=613.9456050419976, value=left, duration=None>
613.9581 	DATA 	Keypress: left
613.9623 	EXP 	fix_text: autoDraw = False
613.9623 	EXP 	blank1_bg: autoDraw = False
613.9623 	EXP 	prime_text: autoDraw = False
613.9623 	EXP 	blank2_bg: autoDraw = False
613.9623 	EXP 	target_text: autoDraw = False
613.9623 	EXP 	greenCircle: autoDraw = True
613.9623 	EXP 	redCrosss: autoDraw = True
614.0224 	EXP 	Device response: <KeyPress from None: t=613.9456050419976, value=left, duration=0.07234112500736956>
614.1474 	EXP 	blank3_bg: autoDraw = True
614.1550 	EXP 	greenCircle: autoDraw = False
614.1550 	EXP 	redCrosss: autoDraw = False
614.9316 	EXP 	New trial (rep=13, index=15): <Trial 223 (15 in rep 13) data={'prime': 'They have finished the work', 'target': 'They finished have the work', 'condition': 'transposition_related', 'correctAns': 'right', 'thisN': 223, 'thisTrialN': 15, 'thisRepN': 13}>
614.9467 	EXP 	blank3_bg: autoDraw = False
614.9467 	EXP 	blank3_bg: autoDraw = False
614.9467 	EXP 	greenCircle: autoDraw = False
614.9467 	EXP 	redCrosss: autoDraw = False
614.9467 	EXP 	text: text = 'Take a short break! Press any key to continue.'
614.9467 	EXP 	text: autoDraw = False
614.9467 	EXP 	prime_text: height = np.float64(0.05)
614.9467 	EXP 	prime_text: height = np.float64(0.05)
614.9467 	EXP 	prime_text: height = np.float64(0.05)
614.9467 	EXP 	prime_text: text = 'They have finished the work'
614.9467 	EXP 	target_text: height = np.float64(0.05)
614.9467 	EXP 	target_text: height = np.float64(0.05)
614.9467 	EXP 	target_text: height = np.float64(0.05)
614.9467 	EXP 	target_text: text = 'They finished have the work'
614.9467 	EXP 	fix_text: autoDraw = True
615.1743 	EXP 	blank1_bg: autoDraw = True
615.1888 	EXP 	fix_text: autoDraw = False
615.3656 	EXP 	blank1_bg: autoDraw = False
615.3724 	EXP 	prime_text: autoDraw = True
615.5657 	EXP 	prime_text: autoDraw = False
615.5722 	EXP 	blank2_bg: autoDraw = True
615.6658 	EXP 	blank2_bg: autoDraw = False
615.6727 	INFO 	Keyboard events cleared
615.6725 	EXP 	target_text: autoDraw = True
616.3730 	EXP 	Device response: <KeyPress from None: t=616.367579083002, value=left, duration=None>
616.3803 	DATA 	Keypress: left
616.3850 	EXP 	fix_text: autoDraw = False
616.3850 	EXP 	blank1_bg: autoDraw = False
616.3850 	EXP 	prime_text: autoDraw = False
616.3850 	EXP 	blank2_bg: autoDraw = False
616.3850 	EXP 	target_text: autoDraw = False
616.3850 	EXP 	greenCircle: autoDraw = True
616.3850 	EXP 	redCrosss: autoDraw = True
616.4835 	EXP 	Device response: <KeyPress from None: t=616.367579083002, value=left, duration=0.10425654200662393>
616.5748 	EXP 	blank3_bg: autoDraw = True
616.5808 	EXP 	greenCircle: autoDraw = False
616.5808 	EXP 	redCrosss: autoDraw = False
617.3664 	EXP 	New trial (rep=14, index=0): <Trial 224 (0 in rep 14) data={'prime': 'They have finished the work', 'target': 'They have finished the work', 'condition': 'repetition_related', 'correctAns': 'right', 'thisN': 224, 'thisTrialN': 0, 'thisRepN': 14}>
617.3773 	EXP 	blank3_bg: autoDraw = False
617.3773 	EXP 	blank3_bg: autoDraw = False
617.3773 	EXP 	greenCircle: autoDraw = False
617.3773 	EXP 	redCrosss: autoDraw = False
617.3773 	EXP 	text: text = 'Take a short break! Press any key to continue.'
617.3773 	EXP 	text: autoDraw = False
617.3773 	EXP 	prime_text: text = 'They have finished the work'
617.3773 	EXP 	target_text: height = np.float64(0.05)
617.3773 	EXP 	target_text: height = np.float64(0.05)
617.3773 	EXP 	target_text: height = np.float64(0.05)
617.3773 	EXP 	target_text: text = 'They have finished the work'
617.3773 	EXP 	fix_text: autoDraw = True
617.6072 	EXP 	blank1_bg: autoDraw = True
617.6206 	EXP 	fix_text: autoDraw = False
617.8052 	EXP 	blank1_bg: autoDraw = False
617.8052 	EXP 	prime_text: autoDraw = True
617.9990 	EXP 	prime_text: autoDraw = False
618.0046 	EXP 	blank2_bg: autoDraw = True
618.1021 	EXP 	blank2_bg: autoDraw = False
618.1149 	INFO 	Keyboard events cleared
618.1148 	EXP 	target_text: autoDraw = True
619.0838 	EXP 	Device response: <KeyPress from None: t=619.0764969169977, value=right, duration=None>
619.0921 	DATA 	Keypress: right
619.0964 	EXP 	fix_text: autoDraw = False
619.0964 	EXP 	blank1_bg: autoDraw = False
619.0964 	EXP 	prime_text: autoDraw = False
619.0964 	EXP 	blank2_bg: autoDraw = False
619.0964 	EXP 	target_text: autoDraw = False
619.0964 	EXP 	greenCircle: autoDraw = True
619.0964 	EXP 	redCrosss: autoDraw = True
619.1837 	EXP 	Device response: <KeyPress from None: t=619.0764969169977, value=right, duration=0.09632008300104644>
619.2814 	EXP 	blank3_bg: autoDraw = True
619.2900 	EXP 	greenCircle: autoDraw = False
619.2900 	EXP 	redCrosss: autoDraw = False
620.0653 	EXP 	New trial (rep=14, index=1): <Trial 225 (1 in rep 14) data={'prime': 'She does not like apples', 'target': 'She like does apples not', 'condition': 'transposition_unrelated', 'correctAns': 'left', 'thisN': 225, 'thisTrialN': 1, 'thisRepN': 14}>
620.0797 	EXP 	blank3_bg: autoDraw = False
620.0797 	EXP 	blank3_bg: autoDraw = False
620.0797 	EXP 	greenCircle: autoDraw = False
620.0797 	EXP 	redCrosss: autoDraw = False
620.0797 	EXP 	text: text = 'Take a short break! Press any key to continue.'
620.0797 	EXP 	text: autoDraw = False
620.0797 	EXP 	prime_text: height = np.float64(0.05)
620.0797 	EXP 	prime_text: height = np.float64(0.05)
620.0797 	EXP 	prime_text: height = np.float64(0.05)
620.0797 	EXP 	prime_text: text = 'She does not like apples'
620.0797 	EXP 	target_text: height = np.float64(0.05)
620.0797 	EXP 	target_text: height = np.float64(0.05)
620.0797 	EXP 	target_text: height = np.float64(0.05)
620.0797 	EXP 	target_text: text = 'She like does apples not'
620.0797 	EXP 	fix_text: autoDraw = True
620.3078 	EXP 	blank1_bg: autoDraw = True
620.3222 	EXP 	fix_text: autoDraw = False
620.5054 	EXP 	blank1_bg: autoDraw = False
620.5054 	EXP 	prime_text: autoDraw = True
620.6991 	EXP 	prime_text: autoDraw = False
620.7053 	EXP 	blank2_bg: autoDraw = True
620.7990 	EXP 	blank2_bg: autoDraw = False
620.8053 	INFO 	Keyboard events cleared
620.8051 	EXP 	target_text: autoDraw = True
621.2842 	EXP 	Device response: <KeyPress from None: t=621.2785127500101, value=left, duration=None>
621.2926 	DATA 	Keypress: left
621.2969 	EXP 	fix_text: autoDraw = False
621.2969 	EXP 	blank1_bg: autoDraw = False
621.2969 	EXP 	prime_text: autoDraw = False
621.2969 	EXP 	blank2_bg: autoDraw = False
621.2969 	EXP 	target_text: autoDraw = False
621.2969 	EXP 	greenCircle: autoDraw = True
621.2969 	EXP 	redCrosss: autoDraw = True
621.3833 	EXP 	Device response: <KeyPress from None: t=621.2785127500101, value=left, duration=0.09624624998832587>
621.4808 	EXP 	blank3_bg: autoDraw = True
621.4877 	EXP 	greenCircle: autoDraw = False
621.4877 	EXP 	redCrosss: autoDraw = False
622.2668 	EXP 	New trial (rep=14, index=2): <Trial 226 (2 in rep 14) data={'prime': 'She does not like apples', 'target': 'She does not like apples', 'condition': 'repetition_related', 'correctAns': 'right', 'thisN': 226, 'thisTrialN': 2, 'thisRepN': 14}>
622.2785 	EXP 	blank3_bg: autoDraw = False
622.2785 	EXP 	blank3_bg: autoDraw = False
622.2785 	EXP 	greenCircle: autoDraw = False
622.2785 	EXP 	redCrosss: autoDraw = False
622.2785 	EXP 	text: text = 'Take a short break! Press any key to continue.'
622.2785 	EXP 	text: autoDraw = False
622.2785 	EXP 	prime_text: text = 'She does not like apples'
622.2785 	EXP 	target_text: height = np.float64(0.05)
622.2785 	EXP 	target_text: height = np.float64(0.05)
622.2785 	EXP 	target_text: height = np.float64(0.05)
622.2785 	EXP 	target_text: text = 'She does not like apples'
622.2785 	EXP 	fix_text: autoDraw = True
622.5080 	EXP 	blank1_bg: autoDraw = True
622.5216 	EXP 	fix_text: autoDraw = False
622.6988 	EXP 	blank1_bg: autoDraw = False
622.7156 	EXP 	prime_text: autoDraw = True
622.9049 	EXP 	prime_text: autoDraw = False
622.9049 	EXP 	blank2_bg: autoDraw = True
622.9991 	EXP 	blank2_bg: autoDraw = False
623.0061 	INFO 	Keyboard events cleared
623.0059 	EXP 	target_text: autoDraw = True
623.4008 	EXP 	Device response: <KeyPress from None: t=623.3934282499977, value=right, duration=None>
623.4094 	DATA 	Keypress: right
623.4136 	EXP 	fix_text: autoDraw = False
623.4136 	EXP 	blank1_bg: autoDraw = False
623.4136 	EXP 	prime_text: autoDraw = False
623.4136 	EXP 	blank2_bg: autoDraw = False
623.4136 	EXP 	target_text: autoDraw = False
623.4136 	EXP 	greenCircle: autoDraw = True
623.4136 	EXP 	redCrosss: autoDraw = True
623.5173 	EXP 	Device response: <KeyPress from None: t=623.3934282499977, value=right, duration=0.12025212500884663>
623.5988 	EXP 	blank3_bg: autoDraw = True
623.6065 	EXP 	greenCircle: autoDraw = False
623.6065 	EXP 	redCrosss: autoDraw = False
624.3886 	EXP 	New trial (rep=14, index=3): <Trial 227 (3 in rep 14) data={'prime': 'The boy can read fast', 'target': 'The boy can read fast', 'condition': 'repetition_related', 'correctAns': 'right', 'thisN': 227, 'thisTrialN': 3, 'thisRepN': 14}>
624.4026 	EXP 	blank3_bg: autoDraw = False
624.4026 	EXP 	blank3_bg: autoDraw = False
624.4026 	EXP 	greenCircle: autoDraw = False
624.4026 	EXP 	redCrosss: autoDraw = False
624.4026 	EXP 	text: text = 'Take a short break! Press any key to continue.'
624.4026 	EXP 	text: autoDraw = False
624.4026 	EXP 	prime_text: height = np.float64(0.05)
624.4026 	EXP 	prime_text: height = np.float64(0.05)
624.4026 	EXP 	prime_text: height = np.float64(0.05)
624.4026 	EXP 	prime_text: text = 'The boy can read fast'
624.4026 	EXP 	target_text: height = np.float64(0.05)
624.4026 	EXP 	target_text: height = np.float64(0.05)
624.4026 	EXP 	target_text: height = np.float64(0.05)
624.4026 	EXP 	target_text: text = 'The boy can read fast'
624.4026 	EXP 	fix_text: autoDraw = True
624.6322 	EXP 	blank1_bg: autoDraw = True
624.6475 	EXP 	fix_text: autoDraw = False
624.8322 	EXP 	blank1_bg: autoDraw = False
624.8322 	EXP 	prime_text: autoDraw = True
625.0210 	EXP 	prime_text: autoDraw = False
625.0322 	EXP 	blank2_bg: autoDraw = True
625.1192 	EXP 	blank2_bg: autoDraw = False
625.1384 	INFO 	Keyboard events cleared
625.1382 	EXP 	target_text: autoDraw = True
625.5836 	EXP 	Device response: <KeyPress from None: t=625.5774181669985, value=right, duration=None>
625.5917 	DATA 	Keypress: right
625.5958 	EXP 	fix_text: autoDraw = False
625.5958 	EXP 	blank1_bg: autoDraw = False
625.5958 	EXP 	prime_text: autoDraw = False
625.5958 	EXP 	blank2_bg: autoDraw = False
625.5958 	EXP 	target_text: autoDraw = False
625.5958 	EXP 	greenCircle: autoDraw = True
625.5958 	EXP 	redCrosss: autoDraw = True
625.6835 	EXP 	Device response: <KeyPress from None: t=625.5774181669985, value=right, duration=0.10426687500148546>
625.7808 	EXP 	blank3_bg: autoDraw = True
625.7871 	EXP 	greenCircle: autoDraw = False
625.7871 	EXP 	redCrosss: autoDraw = False
626.5665 	EXP 	New trial (rep=14, index=4): <Trial 228 (4 in rep 14) data={'prime': 'The dog is barking loudly', 'target': 'The barking dog loudly is', 'condition': 'transposition_unrelated', 'correctAns': 'left', 'thisN': 228, 'thisTrialN': 4, 'thisRepN': 14}>
626.5820 	EXP 	blank3_bg: autoDraw = False
626.5820 	EXP 	blank3_bg: autoDraw = False
626.5820 	EXP 	greenCircle: autoDraw = False
626.5820 	EXP 	redCrosss: autoDraw = False
626.5820 	EXP 	text: text = 'Take a short break! Press any key to continue.'
626.5820 	EXP 	text: autoDraw = False
626.5820 	EXP 	prime_text: height = np.float64(0.05)
626.5820 	EXP 	prime_text: height = np.float64(0.05)
626.5820 	EXP 	prime_text: height = np.float64(0.05)
626.5820 	EXP 	prime_text: text = 'The dog is barking loudly'
626.5820 	EXP 	target_text: height = np.float64(0.05)
626.5820 	EXP 	target_text: height = np.float64(0.05)
626.5820 	EXP 	target_text: height = np.float64(0.05)
626.5820 	EXP 	target_text: text = 'The barking dog loudly is'
626.5820 	EXP 	fix_text: autoDraw = True
626.8081 	EXP 	blank1_bg: autoDraw = True
626.8313 	EXP 	fix_text: autoDraw = False
627.0033 	EXP 	blank1_bg: autoDraw = False
627.0156 	EXP 	prime_text: autoDraw = True
627.2055 	EXP 	prime_text: autoDraw = False
627.2055 	EXP 	blank2_bg: autoDraw = True
627.2990 	EXP 	blank2_bg: autoDraw = False
627.3057 	INFO 	Keyboard events cleared
627.3055 	EXP 	target_text: autoDraw = True
629.4835 	EXP 	Device response: <KeyPress from None: t=629.4801970830013, value=left, duration=None>
629.4915 	DATA 	Keypress: left
629.4958 	EXP 	fix_text: autoDraw = False
629.4958 	EXP 	blank1_bg: autoDraw = False
629.4958 	EXP 	prime_text: autoDraw = False
629.4958 	EXP 	blank2_bg: autoDraw = False
629.4958 	EXP 	target_text: autoDraw = False
629.4958 	EXP 	greenCircle: autoDraw = True
629.4958 	EXP 	redCrosss: autoDraw = True
629.5676 	EXP 	Device response: <KeyPress from None: t=629.4801970830013, value=left, duration=0.08449312500306405>
629.6815 	EXP 	blank3_bg: autoDraw = True
629.6898 	EXP 	greenCircle: autoDraw = False
629.6898 	EXP 	redCrosss: autoDraw = False
630.4666 	EXP 	New trial (rep=14, index=5): <Trial 229 (5 in rep 14) data={'prime': 'The boy can read fast', 'target': 'The read can boy fast', 'condition': 'transposition_unrelated', 'correctAns': 'left', 'thisN': 229, 'thisTrialN': 5, 'thisRepN': 14}>
630.4823 	EXP 	blank3_bg: autoDraw = False
630.4823 	EXP 	blank3_bg: autoDraw = False
630.4823 	EXP 	greenCircle: autoDraw = False
630.4823 	EXP 	redCrosss: autoDraw = False
630.4823 	EXP 	text: text = 'Take a short break! Press any key to continue.'
630.4823 	EXP 	text: autoDraw = False
630.4823 	EXP 	prime_text: height = np.float64(0.05)
630.4823 	EXP 	prime_text: height = np.float64(0.05)
630.4823 	EXP 	prime_text: height = np.float64(0.05)
630.4823 	EXP 	prime_text: text = 'The boy can read fast'
630.4823 	EXP 	target_text: height = np.float64(0.05)
630.4823 	EXP 	target_text: height = np.float64(0.05)
630.4823 	EXP 	target_text: height = np.float64(0.05)
630.4823 	EXP 	target_text: text = 'The read can boy fast'
630.4823 	EXP 	fix_text: autoDraw = True
630.7077 	EXP 	blank1_bg: autoDraw = True
630.7325 	EXP 	fix_text: autoDraw = False
630.9056 	EXP 	blank1_bg: autoDraw = False
630.9056 	EXP 	prime_text: autoDraw = True
631.1055 	EXP 	prime_text: autoDraw = False
631.1055 	EXP 	blank2_bg: autoDraw = True
631.2059 	INFO 	Keyboard events cleared
631.2057 	EXP 	blank2_bg: autoDraw = False
631.2057 	EXP 	target_text: autoDraw = True
631.7727 	EXP 	Device response: <KeyPress from None: t=631.7681998750049, value=left, duration=None>
631.7802 	DATA 	Keypress: left
631.7848 	EXP 	fix_text: autoDraw = False
631.7848 	EXP 	blank1_bg: autoDraw = False
631.7848 	EXP 	prime_text: autoDraw = False
631.7848 	EXP 	blank2_bg: autoDraw = False
631.7848 	EXP 	target_text: autoDraw = False
631.7848 	EXP 	greenCircle: autoDraw = True
631.7848 	EXP 	redCrosss: autoDraw = True
631.7857 	EXP 	Device response: <KeyPress from None: t=631.7681998750049, value=left, duration=0.016386250004870817>
631.9748 	EXP 	blank3_bg: autoDraw = True
631.9811 	EXP 	greenCircle: autoDraw = False
631.9811 	EXP 	redCrosss: autoDraw = False
632.7653 	EXP 	New trial (rep=14, index=6): <Trial 230 (6 in rep 14) data={'prime': 'They have finished the work', 'target': 'They finished have the work', 'condition': 'repetition_unrelated', 'correctAns': 'left', 'thisN': 230, 'thisTrialN': 6, 'thisRepN': 14}>
632.7814 	EXP 	blank3_bg: autoDraw = False
632.7814 	EXP 	blank3_bg: autoDraw = False
632.7814 	EXP 	greenCircle: autoDraw = False
632.7814 	EXP 	redCrosss: autoDraw = False
632.7814 	EXP 	text: text = 'Take a short break! Press any key to continue.'
632.7814 	EXP 	text: autoDraw = False
632.7814 	EXP 	prime_text: height = np.float64(0.05)
632.7814 	EXP 	prime_text: height = np.float64(0.05)
632.7814 	EXP 	prime_text: height = np.float64(0.05)
632.7814 	EXP 	prime_text: text = 'They have finished the work'
632.7814 	EXP 	target_text: height = np.float64(0.05)
632.7814 	EXP 	target_text: height = np.float64(0.05)
632.7814 	EXP 	target_text: height = np.float64(0.05)
632.7814 	EXP 	target_text: text = 'They finished have the work'
632.7814 	EXP 	fix_text: autoDraw = True
633.0073 	EXP 	blank1_bg: autoDraw = True
633.0207 	EXP 	fix_text: autoDraw = False
633.1990 	EXP 	blank1_bg: autoDraw = False
633.2057 	EXP 	prime_text: autoDraw = True
633.4054 	EXP 	prime_text: autoDraw = False
633.4054 	EXP 	blank2_bg: autoDraw = True
633.4990 	EXP 	blank2_bg: autoDraw = False
633.5060 	INFO 	Keyboard events cleared
633.5058 	EXP 	target_text: autoDraw = True
634.1838 	EXP 	Device response: <KeyPress from None: t=634.1731633330055, value=left, duration=None>
634.1922 	DATA 	Keypress: left
634.1966 	EXP 	fix_text: autoDraw = False
634.1966 	EXP 	blank1_bg: autoDraw = False
634.1966 	EXP 	prime_text: autoDraw = False
634.1966 	EXP 	blank2_bg: autoDraw = False
634.1966 	EXP 	target_text: autoDraw = False
634.1966 	EXP 	greenCircle: autoDraw = True
634.1966 	EXP 	redCrosss: autoDraw = True
634.2505 	EXP 	Device response: <KeyPress from None: t=634.1731633330055, value=left, duration=0.07230720900406595>
634.3817 	EXP 	blank3_bg: autoDraw = True
634.3889 	EXP 	greenCircle: autoDraw = False
634.3889 	EXP 	redCrosss: autoDraw = False
635.1650 	EXP 	New trial (rep=14, index=7): <Trial 231 (7 in rep 14) data={'prime': 'The boy can read fast', 'target': 'The boy can read fast', 'condition': 'transposition_related', 'correctAns': 'right', 'thisN': 231, 'thisTrialN': 7, 'thisRepN': 14}>
635.1807 	EXP 	blank3_bg: autoDraw = False
635.1807 	EXP 	blank3_bg: autoDraw = False
635.1807 	EXP 	greenCircle: autoDraw = False
635.1807 	EXP 	redCrosss: autoDraw = False
635.1807 	EXP 	text: text = 'Take a short break! Press any key to continue.'
635.1807 	EXP 	text: autoDraw = False
635.1807 	EXP 	prime_text: height = np.float64(0.05)
635.1807 	EXP 	prime_text: height = np.float64(0.05)
635.1807 	EXP 	prime_text: height = np.float64(0.05)
635.1807 	EXP 	prime_text: text = 'The boy can read fast'
635.1807 	EXP 	target_text: height = np.float64(0.05)
635.1807 	EXP 	target_text: height = np.float64(0.05)
635.1807 	EXP 	target_text: height = np.float64(0.05)
635.1807 	EXP 	target_text: text = 'The boy can read fast'
635.1807 	EXP 	fix_text: autoDraw = True
635.4079 	EXP 	blank1_bg: autoDraw = True
635.4212 	EXP 	fix_text: autoDraw = False
635.5988 	EXP 	blank1_bg: autoDraw = False
635.6046 	EXP 	prime_text: autoDraw = True
635.7990 	EXP 	prime_text: autoDraw = False
635.8055 	EXP 	blank2_bg: autoDraw = True
635.8989 	EXP 	blank2_bg: autoDraw = False
635.9056 	INFO 	Keyboard events cleared
635.9054 	EXP 	target_text: autoDraw = True
637.4724 	EXP 	Device response: <KeyPress from None: t=637.4660446250055, value=right, duration=None>
637.4797 	DATA 	Keypress: right
637.4847 	EXP 	fix_text: autoDraw = False
637.4847 	EXP 	blank1_bg: autoDraw = False
637.4847 	EXP 	prime_text: autoDraw = False
637.4847 	EXP 	blank2_bg: autoDraw = False
637.4847 	EXP 	target_text: autoDraw = False
637.4847 	EXP 	greenCircle: autoDraw = True
637.4847 	EXP 	redCrosss: autoDraw = True
637.5881 	EXP 	Device response: <KeyPress from None: t=637.4660446250055, value=right, duration=0.11627499999303836>
637.6640 	EXP 	blank3_bg: autoDraw = True
637.6810 	EXP 	greenCircle: autoDraw = False
637.6810 	EXP 	redCrosss: autoDraw = False
638.4497 	EXP 	New trial (rep=14, index=8): <Trial 232 (8 in rep 14) data={'prime': 'The dog is barking loudly', 'target': 'The dog is barking loudly', 'condition': 'repetition_related', 'correctAns': 'right', 'thisN': 232, 'thisTrialN': 8, 'thisRepN': 14}>
638.4658 	EXP 	blank3_bg: autoDraw = False
638.4658 	EXP 	blank3_bg: autoDraw = False
638.4658 	EXP 	greenCircle: autoDraw = False
638.4658 	EXP 	redCrosss: autoDraw = False
638.4658 	EXP 	text: text = 'Take a short break! Press any key to continue.'
638.4658 	EXP 	text: autoDraw = False
638.4658 	EXP 	prime_text: height = np.float64(0.05)
638.4658 	EXP 	prime_text: height = np.float64(0.05)
638.4658 	EXP 	prime_text: height = np.float64(0.05)
638.4658 	EXP 	prime_text: text = 'The dog is barking loudly'
638.4658 	EXP 	target_text: height = np.float64(0.05)
638.4658 	EXP 	target_text: height = np.float64(0.05)
638.4658 	EXP 	target_text: height = np.float64(0.05)
638.4658 	EXP 	target_text: text = 'The dog is barking loudly'
638.4658 	EXP 	fix_text: autoDraw = True
638.6910 	EXP 	blank1_bg: autoDraw = True
638.7147 	EXP 	fix_text: autoDraw = False
638.8889 	EXP 	blank1_bg: autoDraw = False
638.8889 	EXP 	prime_text: autoDraw = True
639.0823 	EXP 	prime_text: autoDraw = False
639.0888 	EXP 	blank2_bg: autoDraw = True
639.1893 	INFO 	Keyboard events cleared
639.1891 	EXP 	blank2_bg: autoDraw = False
639.1891 	EXP 	target_text: autoDraw = True
641.3840 	EXP 	Device response: <KeyPress from None: t=641.3749612500105, value=right, duration=None>
641.3925 	DATA 	Keypress: right
641.3969 	EXP 	fix_text: autoDraw = False
641.3969 	EXP 	blank1_bg: autoDraw = False
641.3969 	EXP 	prime_text: autoDraw = False
641.3969 	EXP 	blank2_bg: autoDraw = False
641.3969 	EXP 	target_text: autoDraw = False
641.3969 	EXP 	greenCircle: autoDraw = True
641.3969 	EXP 	redCrosss: autoDraw = True
641.4894 	EXP 	Device response: <KeyPress from None: t=641.3749612500105, value=right, duration=0.10832512499473523>
641.5811 	EXP 	blank3_bg: autoDraw = True
641.5879 	EXP 	greenCircle: autoDraw = False
641.5879 	EXP 	redCrosss: autoDraw = False
642.3666 	EXP 	New trial (rep=14, index=9): <Trial 233 (9 in rep 14) data={'prime': 'She does not like apples', 'target': 'She not does like apples', 'condition': 'transposition_related', 'correctAns': 'right', 'thisN': 233, 'thisTrialN': 9, 'thisRepN': 14}>
642.3830 	EXP 	blank3_bg: autoDraw = False
642.3830 	EXP 	blank3_bg: autoDraw = False
642.3830 	EXP 	greenCircle: autoDraw = False
642.3830 	EXP 	redCrosss: autoDraw = False
642.3830 	EXP 	text: text = 'Take a short break! Press any key to continue.'
642.3830 	EXP 	text: autoDraw = False
642.3830 	EXP 	prime_text: height = np.float64(0.05)
642.3830 	EXP 	prime_text: height = np.float64(0.05)
642.3830 	EXP 	prime_text: height = np.float64(0.05)
642.3830 	EXP 	prime_text: text = 'She does not like apples'
642.3830 	EXP 	target_text: height = np.float64(0.05)
642.3830 	EXP 	target_text: height = np.float64(0.05)
642.3830 	EXP 	target_text: height = np.float64(0.05)
642.3830 	EXP 	target_text: text = 'She not does like apples'
642.3830 	EXP 	fix_text: autoDraw = True
642.6081 	EXP 	blank1_bg: autoDraw = True
642.6313 	EXP 	fix_text: autoDraw = False
642.8026 	EXP 	blank1_bg: autoDraw = False
642.8156 	EXP 	prime_text: autoDraw = True
643.0056 	EXP 	prime_text: autoDraw = False
643.0056 	EXP 	blank2_bg: autoDraw = True
643.0990 	EXP 	blank2_bg: autoDraw = False
643.1059 	INFO 	Keyboard events cleared
643.1057 	EXP 	target_text: autoDraw = True
643.6225 	EXP 	Device response: <KeyPress from None: t=643.615848292, value=left, duration=None>
643.6302 	DATA 	Keypress: left
643.6348 	EXP 	fix_text: autoDraw = False
643.6348 	EXP 	blank1_bg: autoDraw = False
643.6348 	EXP 	prime_text: autoDraw = False
643.6348 	EXP 	blank2_bg: autoDraw = False
643.6348 	EXP 	target_text: autoDraw = False
643.6348 	EXP 	greenCircle: autoDraw = True
643.6348 	EXP 	redCrosss: autoDraw = True
643.7002 	EXP 	Device response: <KeyPress from None: t=643.615848292, value=left, duration=0.0804538750089705>
643.8232 	EXP 	blank3_bg: autoDraw = True
643.8307 	EXP 	greenCircle: autoDraw = False
643.8307 	EXP 	redCrosss: autoDraw = False
644.6076 	EXP 	New trial (rep=14, index=10): <Trial 234 (10 in rep 14) data={'prime': 'They have finished the work', 'target': 'They work the have finished', 'condition': 'transposition_unrelated', 'correctAns': 'left', 'thisN': 234, 'thisTrialN': 10, 'thisRepN': 14}>
644.6230 	EXP 	blank3_bg: autoDraw = False
644.6230 	EXP 	blank3_bg: autoDraw = False
644.6230 	EXP 	greenCircle: autoDraw = False
644.6230 	EXP 	redCrosss: autoDraw = False
644.6230 	EXP 	text: text = 'Take a short break! Press any key to continue.'
644.6230 	EXP 	text: autoDraw = False
644.6230 	EXP 	prime_text: height = np.float64(0.05)
644.6230 	EXP 	prime_text: height = np.float64(0.05)
644.6230 	EXP 	prime_text: height = np.float64(0.05)
644.6230 	EXP 	prime_text: text = 'They have finished the work'
644.6230 	EXP 	target_text: height = np.float64(0.05)
644.6230 	EXP 	target_text: height = np.float64(0.05)
644.6230 	EXP 	target_text: height = np.float64(0.05)
644.6230 	EXP 	target_text: text = 'They work the have finished'
644.6230 	EXP 	fix_text: autoDraw = True
644.8580 	EXP 	blank1_bg: autoDraw = True
644.8639 	EXP 	fix_text: autoDraw = False
645.0532 	EXP 	blank1_bg: autoDraw = False
645.0532 	EXP 	prime_text: autoDraw = True
645.2490 	EXP 	prime_text: autoDraw = False
645.2556 	EXP 	blank2_bg: autoDraw = True
645.3491 	EXP 	blank2_bg: autoDraw = False
645.3555 	INFO 	Keyboard events cleared
645.3553 	EXP 	target_text: autoDraw = True
646.0064 	EXP 	Device response: <KeyPress from None: t=645.9997974580037, value=left, duration=None>
646.0135 	DATA 	Keypress: left
646.0182 	EXP 	fix_text: autoDraw = False
646.0182 	EXP 	blank1_bg: autoDraw = False
646.0182 	EXP 	prime_text: autoDraw = False
646.0182 	EXP 	blank2_bg: autoDraw = False
646.0182 	EXP 	target_text: autoDraw = False
646.0182 	EXP 	greenCircle: autoDraw = True
646.0182 	EXP 	redCrosss: autoDraw = True
646.1172 	EXP 	Device response: <KeyPress from None: t=645.9997974580037, value=left, duration=0.1083961249969434>
646.2080 	EXP 	blank3_bg: autoDraw = True
646.2143 	EXP 	greenCircle: autoDraw = False
646.2143 	EXP 	redCrosss: autoDraw = False
646.9990 	EXP 	New trial (rep=14, index=11): <Trial 235 (11 in rep 14) data={'prime': 'The dog is barking loudly', 'target': 'The dog barking is loudly', 'condition': 'transposition_related', 'correctAns': 'right', 'thisN': 235, 'thisTrialN': 11, 'thisRepN': 14}>
647.0154 	EXP 	blank3_bg: autoDraw = False
647.0154 	EXP 	blank3_bg: autoDraw = False
647.0154 	EXP 	greenCircle: autoDraw = False
647.0154 	EXP 	redCrosss: autoDraw = False
647.0154 	EXP 	text: text = 'Take a short break! Press any key to continue.'
647.0154 	EXP 	text: autoDraw = False
647.0154 	EXP 	prime_text: height = np.float64(0.05)
647.0154 	EXP 	prime_text: height = np.float64(0.05)
647.0154 	EXP 	prime_text: height = np.float64(0.05)
647.0154 	EXP 	prime_text: text = 'The dog is barking loudly'
647.0154 	EXP 	target_text: height = np.float64(0.05)
647.0154 	EXP 	target_text: height = np.float64(0.05)
647.0154 	EXP 	target_text: height = np.float64(0.05)
647.0154 	EXP 	target_text: text = 'The dog barking is loudly'
647.0154 	EXP 	fix_text: autoDraw = True
647.2401 	EXP 	blank1_bg: autoDraw = True
647.2656 	EXP 	fix_text: autoDraw = False
647.4382 	EXP 	blank1_bg: autoDraw = False
647.4382 	EXP 	prime_text: autoDraw = True
647.6322 	EXP 	prime_text: autoDraw = False
647.6386 	EXP 	blank2_bg: autoDraw = True
647.7325 	EXP 	blank2_bg: autoDraw = False
647.7397 	INFO 	Keyboard events cleared
647.7395 	EXP 	target_text: autoDraw = True
648.2729 	EXP 	Device response: <KeyPress from None: t=648.2678050000104, value=right, duration=None>
648.2802 	DATA 	Keypress: right
648.2849 	EXP 	fix_text: autoDraw = False
648.2849 	EXP 	blank1_bg: autoDraw = False
648.2849 	EXP 	prime_text: autoDraw = False
648.2849 	EXP 	blank2_bg: autoDraw = False
648.2849 	EXP 	target_text: autoDraw = False
648.2849 	EXP 	greenCircle: autoDraw = True
648.2849 	EXP 	redCrosss: autoDraw = True
648.3895 	EXP 	Device response: <KeyPress from None: t=648.2678050000104, value=right, duration=0.11641149999923073>
648.4738 	EXP 	blank3_bg: autoDraw = True
648.4808 	EXP 	greenCircle: autoDraw = False
648.4808 	EXP 	redCrosss: autoDraw = False
649.2656 	EXP 	New trial (rep=14, index=12): <Trial 236 (12 in rep 14) data={'prime': 'The dog is barking loudly', 'target': 'The loudly is barking dog', 'condition': 'repetition_unrelated', 'correctAns': 'left', 'thisN': 236, 'thisTrialN': 12, 'thisRepN': 14}>
649.2772 	EXP 	blank3_bg: autoDraw = False
649.2772 	EXP 	blank3_bg: autoDraw = False
649.2772 	EXP 	greenCircle: autoDraw = False
649.2772 	EXP 	redCrosss: autoDraw = False
649.2772 	EXP 	text: text = 'Take a short break! Press any key to continue.'
649.2772 	EXP 	text: autoDraw = False
649.2772 	EXP 	prime_text: text = 'The dog is barking loudly'
649.2772 	EXP 	target_text: height = np.float64(0.05)
649.2772 	EXP 	target_text: height = np.float64(0.05)
649.2772 	EXP 	target_text: height = np.float64(0.05)
649.2772 	EXP 	target_text: text = 'The loudly is barking dog'
649.2772 	EXP 	fix_text: autoDraw = True
649.5073 	EXP 	blank1_bg: autoDraw = True
649.5212 	EXP 	fix_text: autoDraw = False
649.6989 	EXP 	blank1_bg: autoDraw = False
649.7053 	EXP 	prime_text: autoDraw = True
649.8988 	EXP 	prime_text: autoDraw = False
649.9045 	EXP 	blank2_bg: autoDraw = True
649.9990 	EXP 	blank2_bg: autoDraw = False
650.0061 	INFO 	Keyboard events cleared
650.0059 	EXP 	target_text: autoDraw = True
651.4220 	EXP 	Device response: <KeyPress from None: t=651.4196719580068, value=left, duration=None>
651.4292 	DATA 	Keypress: left
651.4343 	EXP 	fix_text: autoDraw = False
651.4343 	EXP 	blank1_bg: autoDraw = False
651.4343 	EXP 	prime_text: autoDraw = False
651.4343 	EXP 	blank2_bg: autoDraw = False
651.4343 	EXP 	target_text: autoDraw = False
651.4343 	EXP 	greenCircle: autoDraw = True
651.4343 	EXP 	redCrosss: autoDraw = True
651.5221 	EXP 	Device response: <KeyPress from None: t=651.4196719580068, value=left, duration=0.096283292004955>
651.6245 	EXP 	blank3_bg: autoDraw = True
651.6309 	EXP 	greenCircle: autoDraw = False
651.6309 	EXP 	redCrosss: autoDraw = False
652.4161 	EXP 	New trial (rep=14, index=13): <Trial 237 (13 in rep 14) data={'prime': 'She does not like apples', 'target': 'She not does like apples', 'condition': 'repetition_unrelated', 'correctAns': 'left', 'thisN': 237, 'thisTrialN': 13, 'thisRepN': 14}>
652.4310 	EXP 	blank3_bg: autoDraw = False
652.4310 	EXP 	blank3_bg: autoDraw = False
652.4310 	EXP 	greenCircle: autoDraw = False
652.4310 	EXP 	redCrosss: autoDraw = False
652.4310 	EXP 	text: text = 'Take a short break! Press any key to continue.'
652.4310 	EXP 	text: autoDraw = False
652.4310 	EXP 	prime_text: height = np.float64(0.05)
652.4310 	EXP 	prime_text: height = np.float64(0.05)
652.4310 	EXP 	prime_text: height = np.float64(0.05)
652.4310 	EXP 	prime_text: text = 'She does not like apples'
652.4310 	EXP 	target_text: height = np.float64(0.05)
652.4310 	EXP 	target_text: height = np.float64(0.05)
652.4310 	EXP 	target_text: height = np.float64(0.05)
652.4310 	EXP 	target_text: text = 'She not does like apples'
652.4310 	EXP 	fix_text: autoDraw = True
652.6578 	EXP 	blank1_bg: autoDraw = True
652.6712 	EXP 	fix_text: autoDraw = False
652.8540 	EXP 	blank1_bg: autoDraw = False
652.8540 	EXP 	prime_text: autoDraw = True
653.0489 	EXP 	prime_text: autoDraw = False
653.0553 	EXP 	blank2_bg: autoDraw = True
653.1543 	INFO 	Keyboard events cleared
653.1541 	EXP 	blank2_bg: autoDraw = False
653.1541 	EXP 	target_text: autoDraw = True
653.7673 	EXP 	Device response: <KeyPress from None: t=653.762660583001, value=left, duration=None>
653.7758 	DATA 	Keypress: left
653.7802 	EXP 	fix_text: autoDraw = False
653.7802 	EXP 	blank1_bg: autoDraw = False
653.7802 	EXP 	prime_text: autoDraw = False
653.7802 	EXP 	blank2_bg: autoDraw = False
653.7802 	EXP 	target_text: autoDraw = False
653.7802 	EXP 	greenCircle: autoDraw = True
653.7802 	EXP 	redCrosss: autoDraw = True
653.8898 	EXP 	Device response: <KeyPress from None: t=653.762660583001, value=left, duration=0.12432516700937413>
653.9639 	EXP 	blank3_bg: autoDraw = True
653.9703 	EXP 	greenCircle: autoDraw = False
653.9703 	EXP 	redCrosss: autoDraw = False
654.7482 	EXP 	New trial (rep=14, index=14): <Trial 238 (14 in rep 14) data={'prime': 'The boy can read fast', 'target': 'The read can boy fast', 'condition': 'repetition_unrelated', 'correctAns': 'left', 'thisN': 238, 'thisTrialN': 14, 'thisRepN': 14}>
654.7622 	EXP 	blank3_bg: autoDraw = False
654.7622 	EXP 	blank3_bg: autoDraw = False
654.7622 	EXP 	greenCircle: autoDraw = False
654.7622 	EXP 	redCrosss: autoDraw = False
654.7622 	EXP 	text: text = 'Take a short break! Press any key to continue.'
654.7622 	EXP 	text: autoDraw = False
654.7622 	EXP 	prime_text: height = np.float64(0.05)
654.7622 	EXP 	prime_text: height = np.float64(0.05)
654.7622 	EXP 	prime_text: height = np.float64(0.05)
654.7622 	EXP 	prime_text: text = 'The boy can read fast'
654.7622 	EXP 	target_text: height = np.float64(0.05)
654.7622 	EXP 	target_text: height = np.float64(0.05)
654.7622 	EXP 	target_text: height = np.float64(0.05)
654.7622 	EXP 	target_text: text = 'The read can boy fast'
654.7622 	EXP 	fix_text: autoDraw = True
654.9911 	EXP 	blank1_bg: autoDraw = True
655.0046 	EXP 	fix_text: autoDraw = False
655.1860 	EXP 	blank1_bg: autoDraw = False
655.1860 	EXP 	prime_text: autoDraw = True
655.3822 	EXP 	prime_text: autoDraw = False
655.3889 	EXP 	blank2_bg: autoDraw = True
655.4881 	INFO 	Keyboard events cleared
655.4880 	EXP 	blank2_bg: autoDraw = False
655.4880 	EXP 	target_text: autoDraw = True
656.1177 	EXP 	Device response: <KeyPress from None: t=656.115606583, value=left, duration=None>
656.1255 	DATA 	Keypress: left
656.1297 	EXP 	fix_text: autoDraw = False
656.1297 	EXP 	blank1_bg: autoDraw = False
656.1297 	EXP 	prime_text: autoDraw = False
656.1297 	EXP 	blank2_bg: autoDraw = False
656.1297 	EXP 	target_text: autoDraw = False
656.1297 	EXP 	greenCircle: autoDraw = True
656.1297 	EXP 	redCrosss: autoDraw = True
656.2000 	EXP 	Device response: <KeyPress from None: t=656.115606583, value=left, duration=0.07232700000167824>
656.3141 	EXP 	blank3_bg: autoDraw = True
656.3209 	EXP 	greenCircle: autoDraw = False
656.3209 	EXP 	redCrosss: autoDraw = False
657.1000 	EXP 	New trial (rep=14, index=15): <Trial 239 (15 in rep 14) data={'prime': 'They have finished the work', 'target': 'They finished have the work', 'condition': 'transposition_related', 'correctAns': 'right', 'thisN': 239, 'thisTrialN': 15, 'thisRepN': 14}>
657.1159 	EXP 	blank3_bg: autoDraw = False
657.1159 	EXP 	blank3_bg: autoDraw = False
657.1159 	EXP 	greenCircle: autoDraw = False
657.1159 	EXP 	redCrosss: autoDraw = False
657.1159 	EXP 	text: text = 'Take a short break! Press any key to continue.'
657.1159 	EXP 	text: autoDraw = False
657.1159 	EXP 	prime_text: height = np.float64(0.05)
657.1159 	EXP 	prime_text: height = np.float64(0.05)
657.1159 	EXP 	prime_text: height = np.float64(0.05)
657.1159 	EXP 	prime_text: text = 'They have finished the work'
657.1159 	EXP 	target_text: height = np.float64(0.05)
657.1159 	EXP 	target_text: height = np.float64(0.05)
657.1159 	EXP 	target_text: height = np.float64(0.05)
657.1159 	EXP 	target_text: text = 'They finished have the work'
657.1159 	EXP 	fix_text: autoDraw = True
657.3395 	EXP 	blank1_bg: autoDraw = True
657.3656 	EXP 	fix_text: autoDraw = False
657.5383 	EXP 	blank1_bg: autoDraw = False
657.5383 	EXP 	prime_text: autoDraw = True
657.7322 	EXP 	prime_text: autoDraw = False
657.7386 	EXP 	blank2_bg: autoDraw = True
657.8323 	EXP 	blank2_bg: autoDraw = False
657.8392 	INFO 	Keyboard events cleared
657.8390 	EXP 	target_text: autoDraw = True
658.3835 	EXP 	Device response: <KeyPress from None: t=658.3766260420089, value=left, duration=None>
658.3917 	DATA 	Keypress: left
658.3959 	EXP 	fix_text: autoDraw = False
658.3959 	EXP 	blank1_bg: autoDraw = False
658.3959 	EXP 	prime_text: autoDraw = False
658.3959 	EXP 	blank2_bg: autoDraw = False
658.3959 	EXP 	target_text: autoDraw = False
658.3959 	EXP 	greenCircle: autoDraw = True
658.3959 	EXP 	redCrosss: autoDraw = True
658.4836 	EXP 	Device response: <KeyPress from None: t=658.3766260420089, value=left, duration=0.104283790991758>
658.5806 	EXP 	blank3_bg: autoDraw = True
658.5890 	EXP 	greenCircle: autoDraw = False
658.5890 	EXP 	redCrosss: autoDraw = False
659.3668 	EXP 	New trial (rep=15, index=0): <Trial 240 (0 in rep 15) data={'prime': 'She does not like apples', 'target': 'She does not like apples', 'condition': 'repetition_related', 'correctAns': 'right', 'thisN': 240, 'thisTrialN': 0, 'thisRepN': 15}>
659.3827 	EXP 	blank3_bg: autoDraw = False
659.3827 	EXP 	blank3_bg: autoDraw = False
659.3827 	EXP 	greenCircle: autoDraw = False
659.3827 	EXP 	redCrosss: autoDraw = False
659.3827 	EXP 	text: text = 'Take a short break! Press any key to continue.'
659.3827 	EXP 	text: autoDraw = False
659.3827 	EXP 	prime_text: height = np.float64(0.05)
659.3827 	EXP 	prime_text: height = np.float64(0.05)
659.3827 	EXP 	prime_text: height = np.float64(0.05)
659.3827 	EXP 	prime_text: text = 'She does not like apples'
659.3827 	EXP 	target_text: height = np.float64(0.05)
659.3827 	EXP 	target_text: height = np.float64(0.05)
659.3827 	EXP 	target_text: height = np.float64(0.05)
659.3827 	EXP 	target_text: text = 'She does not like apples'
659.3827 	EXP 	fix_text: autoDraw = True
659.6156 	EXP 	blank1_bg: autoDraw = True
659.6239 	EXP 	fix_text: autoDraw = False
659.8155 	EXP 	blank1_bg: autoDraw = False
659.8155 	EXP 	prime_text: autoDraw = True
660.0037 	EXP 	prime_text: autoDraw = False
660.0157 	EXP 	blank2_bg: autoDraw = True
660.1030 	EXP 	blank2_bg: autoDraw = False
660.1157 	INFO 	Keyboard events cleared
660.1155 	EXP 	target_text: autoDraw = True
661.0007 	EXP 	Device response: <KeyPress from None: t=660.9986261669983, value=right, duration=None>
661.0083 	DATA 	Keypress: right
661.0125 	EXP 	fix_text: autoDraw = False
661.0125 	EXP 	blank1_bg: autoDraw = False
661.0125 	EXP 	prime_text: autoDraw = False
661.0125 	EXP 	blank2_bg: autoDraw = False
661.0125 	EXP 	target_text: autoDraw = False
661.0125 	EXP 	greenCircle: autoDraw = True
661.0125 	EXP 	redCrosss: autoDraw = True
661.1340 	EXP 	Device response: <KeyPress from None: t=660.9986261669983, value=right, duration=0.1282614580122754>
661.1987 	EXP 	blank3_bg: autoDraw = True
661.2061 	EXP 	greenCircle: autoDraw = False
661.2061 	EXP 	redCrosss: autoDraw = False
661.9830 	EXP 	New trial (rep=15, index=1): <Trial 241 (1 in rep 15) data={'prime': 'The dog is barking loudly', 'target': 'The dog barking is loudly', 'condition': 'transposition_related', 'correctAns': 'right', 'thisN': 241, 'thisTrialN': 1, 'thisRepN': 15}>
661.9988 	EXP 	blank3_bg: autoDraw = False
661.9988 	EXP 	blank3_bg: autoDraw = False
661.9988 	EXP 	greenCircle: autoDraw = False
661.9988 	EXP 	redCrosss: autoDraw = False
661.9988 	EXP 	text: text = 'Take a short break! Press any key to continue.'
661.9988 	EXP 	text: autoDraw = False
661.9988 	EXP 	prime_text: height = np.float64(0.05)
661.9988 	EXP 	prime_text: height = np.float64(0.05)
661.9988 	EXP 	prime_text: height = np.float64(0.05)
661.9988 	EXP 	prime_text: text = 'The dog is barking loudly'
661.9988 	EXP 	target_text: height = np.float64(0.05)
661.9988 	EXP 	target_text: height = np.float64(0.05)
661.9988 	EXP 	target_text: height = np.float64(0.05)
661.9988 	EXP 	target_text: text = 'The dog barking is loudly'
661.9988 	EXP 	fix_text: autoDraw = True
662.2236 	EXP 	blank1_bg: autoDraw = True
662.2488 	EXP 	fix_text: autoDraw = False
662.4202 	EXP 	blank1_bg: autoDraw = False
662.4324 	EXP 	prime_text: autoDraw = True
662.6217 	EXP 	prime_text: autoDraw = False
662.6217 	EXP 	blank2_bg: autoDraw = True
662.7209 	INFO 	Keyboard events cleared
662.7207 	EXP 	blank2_bg: autoDraw = False
662.7207 	EXP 	target_text: autoDraw = True
663.1730 	EXP 	Device response: <KeyPress from None: t=663.1674685830076, value=left, duration=None>
663.1801 	DATA 	Keypress: left
663.1848 	EXP 	fix_text: autoDraw = False
663.1848 	EXP 	blank1_bg: autoDraw = False
663.1848 	EXP 	prime_text: autoDraw = False
663.1848 	EXP 	blank2_bg: autoDraw = False
663.1848 	EXP 	target_text: autoDraw = False
663.1848 	EXP 	greenCircle: autoDraw = True
663.1848 	EXP 	redCrosss: autoDraw = True
663.2555 	EXP 	Device response: <KeyPress from None: t=663.1674685830076, value=left, duration=0.08424837500206195>
663.3732 	EXP 	blank3_bg: autoDraw = True
663.3805 	EXP 	greenCircle: autoDraw = False
663.3805 	EXP 	redCrosss: autoDraw = False
664.1564 	EXP 	New trial (rep=15, index=2): <Trial 242 (2 in rep 15) data={'prime': 'They have finished the work', 'target': 'They have finished the work', 'condition': 'repetition_related', 'correctAns': 'right', 'thisN': 242, 'thisTrialN': 2, 'thisRepN': 15}>
664.1717 	EXP 	blank3_bg: autoDraw = False
664.1717 	EXP 	blank3_bg: autoDraw = False
664.1717 	EXP 	greenCircle: autoDraw = False
664.1717 	EXP 	redCrosss: autoDraw = False
664.1717 	EXP 	text: text = 'Take a short break! Press any key to continue.'
664.1717 	EXP 	text: autoDraw = False
664.1717 	EXP 	prime_text: height = np.float64(0.05)
664.1717 	EXP 	prime_text: height = np.float64(0.05)
664.1717 	EXP 	prime_text: height = np.float64(0.05)
664.1717 	EXP 	prime_text: text = 'They have finished the work'
664.1717 	EXP 	target_text: height = np.float64(0.05)
664.1717 	EXP 	target_text: height = np.float64(0.05)
664.1717 	EXP 	target_text: height = np.float64(0.05)
664.1717 	EXP 	target_text: text = 'They have finished the work'
664.1717 	EXP 	fix_text: autoDraw = True
664.4071 	EXP 	blank1_bg: autoDraw = True
664.4140 	EXP 	fix_text: autoDraw = False
664.5975 	EXP 	prime_text: autoDraw = True
664.6020 	EXP 	blank1_bg: autoDraw = False
664.7873 	EXP 	prime_text: autoDraw = False
664.8053 	EXP 	blank2_bg: autoDraw = True
664.8990 	INFO 	Keyboard events cleared
664.8988 	EXP 	blank2_bg: autoDraw = False
664.8988 	EXP 	target_text: autoDraw = True
666.1667 	EXP 	Device response: <KeyPress from None: t=666.1555619999999, value=right, duration=None>
666.1740 	DATA 	Keypress: right
666.1783 	EXP 	fix_text: autoDraw = False
666.1783 	EXP 	blank1_bg: autoDraw = False
666.1783 	EXP 	prime_text: autoDraw = False
666.1783 	EXP 	blank2_bg: autoDraw = False
666.1783 	EXP 	target_text: autoDraw = False
666.1783 	EXP 	greenCircle: autoDraw = True
666.1783 	EXP 	redCrosss: autoDraw = True
666.2668 	EXP 	Device response: <KeyPress from None: t=666.1555619999999, value=right, duration=0.10407349999877624>
666.3655 	EXP 	blank3_bg: autoDraw = True
666.3735 	EXP 	greenCircle: autoDraw = False
666.3735 	EXP 	redCrosss: autoDraw = False
667.1555 	EXP 	New trial (rep=15, index=3): <Trial 243 (3 in rep 15) data={'prime': 'The boy can read fast', 'target': 'The read can boy fast', 'condition': 'repetition_unrelated', 'correctAns': 'left', 'thisN': 243, 'thisTrialN': 3, 'thisRepN': 15}>
667.1696 	EXP 	blank3_bg: autoDraw = False
667.1696 	EXP 	blank3_bg: autoDraw = False
667.1696 	EXP 	greenCircle: autoDraw = False
667.1696 	EXP 	redCrosss: autoDraw = False
667.1696 	EXP 	text: text = 'Take a short break! Press any key to continue.'
667.1696 	EXP 	text: autoDraw = False
667.1696 	EXP 	prime_text: height = np.float64(0.05)
667.1696 	EXP 	prime_text: height = np.float64(0.05)
667.1696 	EXP 	prime_text: height = np.float64(0.05)
667.1696 	EXP 	prime_text: text = 'The boy can read fast'
667.1696 	EXP 	target_text: height = np.float64(0.05)
667.1696 	EXP 	target_text: height = np.float64(0.05)
667.1696 	EXP 	target_text: height = np.float64(0.05)
667.1696 	EXP 	target_text: text = 'The read can boy fast'
667.1696 	EXP 	fix_text: autoDraw = True
667.3981 	EXP 	blank1_bg: autoDraw = True
667.4141 	EXP 	fix_text: autoDraw = False
667.5875 	EXP 	blank1_bg: autoDraw = False
667.6058 	EXP 	prime_text: autoDraw = True
667.7989 	EXP 	blank2_bg: autoDraw = True
667.8050 	EXP 	prime_text: autoDraw = False
667.8873 	EXP 	blank2_bg: autoDraw = False
667.9059 	INFO 	Keyboard events cleared
667.9057 	EXP 	target_text: autoDraw = True
668.3503 	EXP 	Device response: <KeyPress from None: t=668.3402212920046, value=left, duration=None>
668.3575 	DATA 	Keypress: left
668.3617 	EXP 	fix_text: autoDraw = False
668.3617 	EXP 	blank1_bg: autoDraw = False
668.3617 	EXP 	prime_text: autoDraw = False
668.3617 	EXP 	blank2_bg: autoDraw = False
668.3617 	EXP 	target_text: autoDraw = False
668.3617 	EXP 	greenCircle: autoDraw = True
668.3617 	EXP 	redCrosss: autoDraw = True
668.4377 	EXP 	Device response: <KeyPress from None: t=668.3402212920046, value=left, duration=0.09236279099422973>
668.5486 	EXP 	blank3_bg: autoDraw = True
668.5562 	EXP 	greenCircle: autoDraw = False
668.5562 	EXP 	redCrosss: autoDraw = False
669.3328 	EXP 	New trial (rep=15, index=4): <Trial 244 (4 in rep 15) data={'prime': 'She does not like apples', 'target': 'She not does like apples', 'condition': 'repetition_unrelated', 'correctAns': 'left', 'thisN': 244, 'thisTrialN': 4, 'thisRepN': 15}>
669.3486 	EXP 	blank3_bg: autoDraw = False
669.3486 	EXP 	blank3_bg: autoDraw = False
669.3486 	EXP 	greenCircle: autoDraw = False
669.3486 	EXP 	redCrosss: autoDraw = False
669.3486 	EXP 	text: text = 'Take a short break! Press any key to continue.'
669.3486 	EXP 	text: autoDraw = False
669.3486 	EXP 	prime_text: height = np.float64(0.05)
669.3486 	EXP 	prime_text: height = np.float64(0.05)
669.3486 	EXP 	prime_text: height = np.float64(0.05)
669.3486 	EXP 	prime_text: text = 'She does not like apples'
669.3486 	EXP 	target_text: height = np.float64(0.05)
669.3486 	EXP 	target_text: height = np.float64(0.05)
669.3486 	EXP 	target_text: height = np.float64(0.05)
669.3486 	EXP 	target_text: text = 'She not does like apples'
669.3486 	EXP 	fix_text: autoDraw = True
669.5745 	EXP 	blank1_bg: autoDraw = True
669.5880 	EXP 	fix_text: autoDraw = False
669.7689 	EXP 	blank1_bg: autoDraw = False
669.7822 	EXP 	prime_text: autoDraw = True
669.9717 	EXP 	prime_text: autoDraw = False
669.9717 	EXP 	blank2_bg: autoDraw = True
670.0655 	EXP 	blank2_bg: autoDraw = False
670.0723 	INFO 	Keyboard events cleared
670.0721 	EXP 	target_text: autoDraw = True
670.7839 	EXP 	Device response: <KeyPress from None: t=670.7752228750032, value=left, duration=None>
670.7920 	DATA 	Keypress: left
670.7963 	EXP 	fix_text: autoDraw = False
670.7963 	EXP 	blank1_bg: autoDraw = False
670.7963 	EXP 	prime_text: autoDraw = False
670.7963 	EXP 	blank2_bg: autoDraw = False
670.7963 	EXP 	target_text: autoDraw = False
670.7963 	EXP 	greenCircle: autoDraw = True
670.7963 	EXP 	redCrosss: autoDraw = True
670.8668 	EXP 	Device response: <KeyPress from None: t=670.7752228750032, value=left, duration=0.08838341699447483>
670.9810 	EXP 	blank3_bg: autoDraw = True
670.9896 	EXP 	greenCircle: autoDraw = False
670.9896 	EXP 	redCrosss: autoDraw = False
671.7659 	EXP 	New trial (rep=15, index=5): <Trial 245 (5 in rep 15) data={'prime': 'The boy can read fast', 'target': 'The boy can read fast', 'condition': 'transposition_related', 'correctAns': 'right', 'thisN': 245, 'thisTrialN': 5, 'thisRepN': 15}>
671.7807 	EXP 	blank3_bg: autoDraw = False
671.7807 	EXP 	blank3_bg: autoDraw = False
671.7807 	EXP 	greenCircle: autoDraw = False
671.7807 	EXP 	redCrosss: autoDraw = False
671.7807 	EXP 	text: text = 'Take a short break! Press any key to continue.'
671.7807 	EXP 	text: autoDraw = False
671.7807 	EXP 	prime_text: height = np.float64(0.05)
671.7807 	EXP 	prime_text: height = np.float64(0.05)
671.7807 	EXP 	prime_text: height = np.float64(0.05)
671.7807 	EXP 	prime_text: text = 'The boy can read fast'
671.7807 	EXP 	target_text: height = np.float64(0.05)
671.7807 	EXP 	target_text: height = np.float64(0.05)
671.7807 	EXP 	target_text: height = np.float64(0.05)
671.7807 	EXP 	target_text: text = 'The boy can read fast'
671.7807 	EXP 	fix_text: autoDraw = True
672.0073 	EXP 	blank1_bg: autoDraw = True
672.0228 	EXP 	fix_text: autoDraw = False
672.1988 	EXP 	blank1_bg: autoDraw = False
672.2055 	EXP 	prime_text: autoDraw = True
672.3991 	EXP 	prime_text: autoDraw = False
672.4055 	EXP 	blank2_bg: autoDraw = True
672.5050 	INFO 	Keyboard events cleared
672.5048 	EXP 	blank2_bg: autoDraw = False
672.5048 	EXP 	target_text: autoDraw = True
673.3674 	EXP 	Device response: <KeyPress from None: t=673.3561567500001, value=right, duration=None>
673.3752 	DATA 	Keypress: right
673.3795 	EXP 	fix_text: autoDraw = False
673.3795 	EXP 	blank1_bg: autoDraw = False
673.3795 	EXP 	prime_text: autoDraw = False
673.3795 	EXP 	blank2_bg: autoDraw = False
673.3795 	EXP 	target_text: autoDraw = False
673.3795 	EXP 	greenCircle: autoDraw = True
673.3795 	EXP 	redCrosss: autoDraw = True
673.4335 	EXP 	Device response: <KeyPress from None: t=673.3561567500001, value=right, duration=0.0724247500038473>
673.5639 	EXP 	blank3_bg: autoDraw = True
673.5702 	EXP 	greenCircle: autoDraw = False
673.5702 	EXP 	redCrosss: autoDraw = False
674.3495 	EXP 	New trial (rep=15, index=6): <Trial 246 (6 in rep 15) data={'prime': 'She does not like apples', 'target': 'She like does apples not', 'condition': 'transposition_unrelated', 'correctAns': 'left', 'thisN': 246, 'thisTrialN': 6, 'thisRepN': 15}>
674.3653 	EXP 	blank3_bg: autoDraw = False
674.3653 	EXP 	blank3_bg: autoDraw = False
674.3653 	EXP 	greenCircle: autoDraw = False
674.3653 	EXP 	redCrosss: autoDraw = False
674.3653 	EXP 	text: text = 'Take a short break! Press any key to continue.'
674.3653 	EXP 	text: autoDraw = False
674.3653 	EXP 	prime_text: height = np.float64(0.05)
674.3653 	EXP 	prime_text: height = np.float64(0.05)
674.3653 	EXP 	prime_text: height = np.float64(0.05)
674.3653 	EXP 	prime_text: text = 'She does not like apples'
674.3653 	EXP 	target_text: height = np.float64(0.05)
674.3653 	EXP 	target_text: height = np.float64(0.05)
674.3653 	EXP 	target_text: height = np.float64(0.05)
674.3653 	EXP 	target_text: text = 'She like does apples not'
674.3653 	EXP 	fix_text: autoDraw = True
674.5903 	EXP 	blank1_bg: autoDraw = True
674.6143 	EXP 	fix_text: autoDraw = False
674.7882 	EXP 	blank1_bg: autoDraw = False
674.7882 	EXP 	prime_text: autoDraw = True
674.9878 	EXP 	prime_text: autoDraw = False
674.9878 	EXP 	blank2_bg: autoDraw = True
675.0821 	EXP 	blank2_bg: autoDraw = False
675.0884 	INFO 	Keyboard events cleared
675.0882 	EXP 	target_text: autoDraw = True
675.7388 	EXP 	Device response: <KeyPress from None: t=675.7351243750018, value=left, duration=None>
675.7459 	DATA 	Keypress: left
675.7510 	EXP 	fix_text: autoDraw = False
675.7510 	EXP 	blank1_bg: autoDraw = False
675.7510 	EXP 	prime_text: autoDraw = False
675.7510 	EXP 	blank2_bg: autoDraw = False
675.7510 	EXP 	target_text: autoDraw = False
675.7510 	EXP 	greenCircle: autoDraw = True
675.7510 	EXP 	redCrosss: autoDraw = True
675.8897 	EXP 	Device response: <KeyPress from None: t=675.7351243750018, value=left, duration=0.14832633300102316>
675.9306 	EXP 	blank3_bg: autoDraw = True
675.9487 	EXP 	greenCircle: autoDraw = False
675.9487 	EXP 	redCrosss: autoDraw = False
676.7163 	EXP 	New trial (rep=15, index=7): <Trial 247 (7 in rep 15) data={'prime': 'The dog is barking loudly', 'target': 'The loudly is barking dog', 'condition': 'repetition_unrelated', 'correctAns': 'left', 'thisN': 247, 'thisTrialN': 7, 'thisRepN': 15}>
676.7319 	EXP 	blank3_bg: autoDraw = False
676.7319 	EXP 	blank3_bg: autoDraw = False
676.7319 	EXP 	greenCircle: autoDraw = False
676.7319 	EXP 	redCrosss: autoDraw = False
676.7319 	EXP 	text: text = 'Take a short break! Press any key to continue.'
676.7319 	EXP 	text: autoDraw = False
676.7319 	EXP 	prime_text: height = np.float64(0.05)
676.7319 	EXP 	prime_text: height = np.float64(0.05)
676.7319 	EXP 	prime_text: height = np.float64(0.05)
676.7319 	EXP 	prime_text: text = 'The dog is barking loudly'
676.7319 	EXP 	target_text: height = np.float64(0.05)
676.7319 	EXP 	target_text: height = np.float64(0.05)
676.7319 	EXP 	target_text: height = np.float64(0.05)
676.7319 	EXP 	target_text: text = 'The loudly is barking dog'
676.7319 	EXP 	fix_text: autoDraw = True
676.9576 	EXP 	blank1_bg: autoDraw = True
676.9711 	EXP 	fix_text: autoDraw = False
677.1532 	EXP 	blank1_bg: autoDraw = False
677.1655 	EXP 	prime_text: autoDraw = True
677.3546 	EXP 	prime_text: autoDraw = False
677.3546 	EXP 	blank2_bg: autoDraw = True
677.4557 	INFO 	Keyboard events cleared
677.4555 	EXP 	blank2_bg: autoDraw = False
677.4555 	EXP 	target_text: autoDraw = True
678.0834 	EXP 	Device response: <KeyPress from None: t=678.0750580830063, value=left, duration=None>
678.0908 	DATA 	Keypress: left
678.0949 	EXP 	fix_text: autoDraw = False
678.0949 	EXP 	blank1_bg: autoDraw = False
678.0949 	EXP 	prime_text: autoDraw = False
678.0949 	EXP 	blank2_bg: autoDraw = False
678.0949 	EXP 	target_text: autoDraw = False
678.0949 	EXP 	greenCircle: autoDraw = True
678.0949 	EXP 	redCrosss: autoDraw = True
678.1834 	EXP 	Device response: <KeyPress from None: t=678.0750580830063, value=left, duration=0.10436841699993238>
678.2817 	EXP 	blank3_bg: autoDraw = True
678.2895 	EXP 	greenCircle: autoDraw = False
678.2895 	EXP 	redCrosss: autoDraw = False
679.0652 	EXP 	New trial (rep=15, index=8): <Trial 248 (8 in rep 15) data={'prime': 'They have finished the work', 'target': 'They finished have the work', 'condition': 'transposition_related', 'correctAns': 'right', 'thisN': 248, 'thisTrialN': 8, 'thisRepN': 15}>
679.0802 	EXP 	blank3_bg: autoDraw = False
679.0802 	EXP 	blank3_bg: autoDraw = False
679.0802 	EXP 	greenCircle: autoDraw = False
679.0802 	EXP 	redCrosss: autoDraw = False
679.0802 	EXP 	text: text = 'Take a short break! Press any key to continue.'
679.0802 	EXP 	text: autoDraw = False
679.0802 	EXP 	prime_text: height = np.float64(0.05)
679.0802 	EXP 	prime_text: height = np.float64(0.05)
679.0802 	EXP 	prime_text: height = np.float64(0.05)
679.0802 	EXP 	prime_text: text = 'They have finished the work'
679.0802 	EXP 	target_text: height = np.float64(0.05)
679.0802 	EXP 	target_text: height = np.float64(0.05)
679.0802 	EXP 	target_text: height = np.float64(0.05)
679.0802 	EXP 	target_text: text = 'They finished have the work'
679.0802 	EXP 	fix_text: autoDraw = True
679.3079 	EXP 	blank1_bg: autoDraw = True
679.3214 	EXP 	fix_text: autoDraw = False
679.5051 	EXP 	blank1_bg: autoDraw = False
679.5051 	EXP 	prime_text: autoDraw = True
679.6988 	EXP 	prime_text: autoDraw = False
679.7045 	EXP 	blank2_bg: autoDraw = True
679.7989 	EXP 	blank2_bg: autoDraw = False
679.8057 	INFO 	Keyboard events cleared
679.8056 	EXP 	target_text: autoDraw = True
680.4669 	EXP 	Device response: <KeyPress from None: t=680.4580977919977, value=left, duration=None>
680.4746 	DATA 	Keypress: left
680.4788 	EXP 	fix_text: autoDraw = False
680.4788 	EXP 	blank1_bg: autoDraw = False
680.4788 	EXP 	prime_text: autoDraw = False
680.4788 	EXP 	blank2_bg: autoDraw = False
680.4788 	EXP 	target_text: autoDraw = False
680.4788 	EXP 	greenCircle: autoDraw = True
680.4788 	EXP 	redCrosss: autoDraw = True
680.5669 	EXP 	Device response: <KeyPress from None: t=680.4580977919977, value=left, duration=0.10425654100254178>
680.6642 	EXP 	blank3_bg: autoDraw = True
680.6706 	EXP 	greenCircle: autoDraw = False
680.6706 	EXP 	redCrosss: autoDraw = False
681.4483 	EXP 	New trial (rep=15, index=9): <Trial 249 (9 in rep 15) data={'prime': 'The dog is barking loudly', 'target': 'The barking dog loudly is', 'condition': 'transposition_unrelated', 'correctAns': 'left', 'thisN': 249, 'thisTrialN': 9, 'thisRepN': 15}>
681.4643 	EXP 	blank3_bg: autoDraw = False
681.4643 	EXP 	blank3_bg: autoDraw = False
681.4643 	EXP 	greenCircle: autoDraw = False
681.4643 	EXP 	redCrosss: autoDraw = False
681.4643 	EXP 	text: text = 'Take a short break! Press any key to continue.'
681.4643 	EXP 	text: autoDraw = False
681.4643 	EXP 	prime_text: height = np.float64(0.05)
681.4643 	EXP 	prime_text: height = np.float64(0.05)
681.4643 	EXP 	prime_text: height = np.float64(0.05)
681.4643 	EXP 	prime_text: text = 'The dog is barking loudly'
681.4643 	EXP 	target_text: height = np.float64(0.05)
681.4643 	EXP 	target_text: height = np.float64(0.05)
681.4643 	EXP 	target_text: height = np.float64(0.05)
681.4643 	EXP 	target_text: text = 'The barking dog loudly is'
681.4643 	EXP 	fix_text: autoDraw = True
681.6911 	EXP 	blank1_bg: autoDraw = True
681.7046 	EXP 	fix_text: autoDraw = False
681.8878 	EXP 	blank1_bg: autoDraw = False
681.8878 	EXP 	prime_text: autoDraw = True
682.0823 	EXP 	prime_text: autoDraw = False
682.0876 	EXP 	blank2_bg: autoDraw = True
682.1860 	INFO 	Keyboard events cleared
682.1858 	EXP 	blank2_bg: autoDraw = False
682.1858 	EXP 	target_text: autoDraw = True
682.8337 	EXP 	Device response: <KeyPress from None: t=682.8280208330107, value=left, duration=None>
682.8427 	DATA 	Keypress: left
682.8473 	EXP 	fix_text: autoDraw = False
682.8473 	EXP 	blank1_bg: autoDraw = False
682.8473 	EXP 	prime_text: autoDraw = False
682.8473 	EXP 	blank2_bg: autoDraw = False
682.8473 	EXP 	target_text: autoDraw = False
682.8473 	EXP 	greenCircle: autoDraw = True
682.8473 	EXP 	redCrosss: autoDraw = True
682.9005 	EXP 	Device response: <KeyPress from None: t=682.8280208330107, value=left, duration=0.06021591699391138>
683.0318 	EXP 	blank3_bg: autoDraw = True
683.0401 	EXP 	greenCircle: autoDraw = False
683.0401 	EXP 	redCrosss: autoDraw = False
683.8154 	EXP 	New trial (rep=15, index=10): <Trial 250 (10 in rep 15) data={'prime': 'She does not like apples', 'target': 'She not does like apples', 'condition': 'transposition_related', 'correctAns': 'right', 'thisN': 250, 'thisTrialN': 10, 'thisRepN': 15}>
683.8329 	EXP 	blank3_bg: autoDraw = False
683.8329 	EXP 	blank3_bg: autoDraw = False
683.8329 	EXP 	greenCircle: autoDraw = False
683.8329 	EXP 	redCrosss: autoDraw = False
683.8329 	EXP 	text: text = 'Take a short break! Press any key to continue.'
683.8329 	EXP 	text: autoDraw = False
683.8329 	EXP 	prime_text: height = np.float64(0.05)
683.8329 	EXP 	prime_text: height = np.float64(0.05)
683.8329 	EXP 	prime_text: height = np.float64(0.05)
683.8329 	EXP 	prime_text: text = 'She does not like apples'
683.8329 	EXP 	target_text: height = np.float64(0.05)
683.8329 	EXP 	target_text: height = np.float64(0.05)
683.8329 	EXP 	target_text: height = np.float64(0.05)
683.8329 	EXP 	target_text: text = 'She not does like apples'
683.8329 	EXP 	fix_text: autoDraw = True
684.0566 	EXP 	blank1_bg: autoDraw = True
684.0822 	EXP 	fix_text: autoDraw = False
684.2555 	EXP 	blank1_bg: autoDraw = False
684.2555 	EXP 	prime_text: autoDraw = True
684.4488 	EXP 	prime_text: autoDraw = False
684.4546 	EXP 	blank2_bg: autoDraw = True
684.5489 	EXP 	blank2_bg: autoDraw = False
684.5554 	INFO 	Keyboard events cleared
684.5552 	EXP 	target_text: autoDraw = True
685.1726 	EXP 	Device response: <KeyPress from None: t=685.1679513749987, value=left, duration=None>
685.1798 	DATA 	Keypress: left
685.1845 	EXP 	fix_text: autoDraw = False
685.1845 	EXP 	blank1_bg: autoDraw = False
685.1845 	EXP 	prime_text: autoDraw = False
685.1845 	EXP 	blank2_bg: autoDraw = False
685.1845 	EXP 	target_text: autoDraw = False
685.1845 	EXP 	greenCircle: autoDraw = True
685.1845 	EXP 	redCrosss: autoDraw = True
685.2898 	EXP 	Device response: <KeyPress from None: t=685.1679513749987, value=left, duration=0.1161991250119172>
685.3744 	EXP 	blank3_bg: autoDraw = True
685.3808 	EXP 	greenCircle: autoDraw = False
685.3808 	EXP 	redCrosss: autoDraw = False
686.1575 	EXP 	New trial (rep=15, index=11): <Trial 251 (11 in rep 15) data={'prime': 'The boy can read fast', 'target': 'The boy can read fast', 'condition': 'repetition_related', 'correctAns': 'right', 'thisN': 251, 'thisTrialN': 11, 'thisRepN': 15}>
686.1731 	EXP 	blank3_bg: autoDraw = False
686.1731 	EXP 	blank3_bg: autoDraw = False
686.1731 	EXP 	greenCircle: autoDraw = False
686.1731 	EXP 	redCrosss: autoDraw = False
686.1731 	EXP 	text: text = 'Take a short break! Press any key to continue.'
686.1731 	EXP 	text: autoDraw = False
686.1731 	EXP 	prime_text: height = np.float64(0.05)
686.1731 	EXP 	prime_text: height = np.float64(0.05)
686.1731 	EXP 	prime_text: height = np.float64(0.05)
686.1731 	EXP 	prime_text: text = 'The boy can read fast'
686.1731 	EXP 	target_text: height = np.float64(0.05)
686.1731 	EXP 	target_text: height = np.float64(0.05)
686.1731 	EXP 	target_text: height = np.float64(0.05)
686.1731 	EXP 	target_text: text = 'The boy can read fast'
686.1731 	EXP 	fix_text: autoDraw = True
686.4081 	EXP 	blank1_bg: autoDraw = True
686.4144 	EXP 	fix_text: autoDraw = False
686.5979 	EXP 	prime_text: autoDraw = True
686.6026 	EXP 	blank1_bg: autoDraw = False
686.7871 	EXP 	prime_text: autoDraw = False
686.8054 	EXP 	blank2_bg: autoDraw = True
686.8989 	EXP 	blank2_bg: autoDraw = False
686.9057 	INFO 	Keyboard events cleared
686.9056 	EXP 	target_text: autoDraw = True
687.8841 	EXP 	Device response: <KeyPress from None: t=687.8809084170061, value=right, duration=None>
687.8924 	DATA 	Keypress: right
687.8967 	EXP 	fix_text: autoDraw = False
687.8967 	EXP 	blank1_bg: autoDraw = False
687.8967 	EXP 	prime_text: autoDraw = False
687.8967 	EXP 	blank2_bg: autoDraw = False
687.8967 	EXP 	target_text: autoDraw = False
687.8967 	EXP 	greenCircle: autoDraw = True
687.8967 	EXP 	redCrosss: autoDraw = True
687.9839 	EXP 	Device response: <KeyPress from None: t=687.8809084170061, value=right, duration=0.09635408299800474>
688.0807 	EXP 	blank3_bg: autoDraw = True
688.0875 	EXP 	greenCircle: autoDraw = False
688.0875 	EXP 	redCrosss: autoDraw = False
688.8655 	EXP 	New trial (rep=15, index=12): <Trial 252 (12 in rep 15) data={'prime': 'They have finished the work', 'target': 'They work the have finished', 'condition': 'transposition_unrelated', 'correctAns': 'left', 'thisN': 252, 'thisTrialN': 12, 'thisRepN': 15}>
688.8817 	EXP 	blank3_bg: autoDraw = False
688.8817 	EXP 	blank3_bg: autoDraw = False
688.8817 	EXP 	greenCircle: autoDraw = False
688.8817 	EXP 	redCrosss: autoDraw = False
688.8817 	EXP 	text: text = 'Take a short break! Press any key to continue.'
688.8817 	EXP 	text: autoDraw = False
688.8817 	EXP 	prime_text: height = np.float64(0.05)
688.8817 	EXP 	prime_text: height = np.float64(0.05)
688.8817 	EXP 	prime_text: height = np.float64(0.05)
688.8817 	EXP 	prime_text: text = 'They have finished the work'
688.8817 	EXP 	target_text: height = np.float64(0.05)
688.8817 	EXP 	target_text: height = np.float64(0.05)
688.8817 	EXP 	target_text: height = np.float64(0.05)
688.8817 	EXP 	target_text: text = 'They work the have finished'
688.8817 	EXP 	fix_text: autoDraw = True
689.1081 	EXP 	blank1_bg: autoDraw = True
689.1208 	EXP 	fix_text: autoDraw = False
689.3049 	EXP 	blank1_bg: autoDraw = False
689.3049 	EXP 	prime_text: autoDraw = True
689.4989 	EXP 	prime_text: autoDraw = False
689.5053 	EXP 	blank2_bg: autoDraw = True
689.5987 	EXP 	blank2_bg: autoDraw = False
689.6055 	INFO 	Keyboard events cleared
689.6053 	EXP 	target_text: autoDraw = True
690.1003 	EXP 	Device response: <KeyPress from None: t=690.0939698750008, value=left, duration=None>
690.1081 	DATA 	Keypress: left
690.1123 	EXP 	fix_text: autoDraw = False
690.1123 	EXP 	blank1_bg: autoDraw = False
690.1123 	EXP 	prime_text: autoDraw = False
690.1123 	EXP 	blank2_bg: autoDraw = False
690.1123 	EXP 	target_text: autoDraw = False
690.1123 	EXP 	greenCircle: autoDraw = True
690.1123 	EXP 	redCrosss: autoDraw = True
690.2002 	EXP 	Device response: <KeyPress from None: t=690.0939698750008, value=left, duration=0.09608441700402182>
690.2988 	EXP 	blank3_bg: autoDraw = True
690.3063 	EXP 	greenCircle: autoDraw = False
690.3063 	EXP 	redCrosss: autoDraw = False
691.0897 	EXP 	New trial (rep=15, index=13): <Trial 253 (13 in rep 15) data={'prime': 'The boy can read fast', 'target': 'The read can boy fast', 'condition': 'transposition_unrelated', 'correctAns': 'left', 'thisN': 253, 'thisTrialN': 13, 'thisRepN': 15}>
691.1045 	EXP 	blank3_bg: autoDraw = False
691.1045 	EXP 	blank3_bg: autoDraw = False
691.1045 	EXP 	greenCircle: autoDraw = False
691.1045 	EXP 	redCrosss: autoDraw = False
691.1045 	EXP 	text: text = 'Take a short break! Press any key to continue.'
691.1045 	EXP 	text: autoDraw = False
691.1045 	EXP 	prime_text: height = np.float64(0.05)
691.1045 	EXP 	prime_text: height = np.float64(0.05)
691.1045 	EXP 	prime_text: height = np.float64(0.05)
691.1045 	EXP 	prime_text: text = 'The boy can read fast'
691.1045 	EXP 	target_text: height = np.float64(0.05)
691.1045 	EXP 	target_text: height = np.float64(0.05)
691.1045 	EXP 	target_text: height = np.float64(0.05)
691.1045 	EXP 	target_text: text = 'The read can boy fast'
691.1045 	EXP 	fix_text: autoDraw = True
691.3413 	EXP 	blank1_bg: autoDraw = True
691.3475 	EXP 	fix_text: autoDraw = False
691.5389 	EXP 	blank1_bg: autoDraw = False
691.5389 	EXP 	prime_text: autoDraw = True
691.7322 	EXP 	prime_text: autoDraw = False
691.7385 	EXP 	blank2_bg: autoDraw = True
691.8321 	EXP 	blank2_bg: autoDraw = False
691.8383 	INFO 	Keyboard events cleared
691.8381 	EXP 	target_text: autoDraw = True
692.6507 	EXP 	Device response: <KeyPress from None: t=692.6467907920014, value=left, duration=None>
692.6589 	DATA 	Keypress: left
692.6633 	EXP 	fix_text: autoDraw = False
692.6633 	EXP 	blank1_bg: autoDraw = False
692.6633 	EXP 	prime_text: autoDraw = False
692.6633 	EXP 	blank2_bg: autoDraw = False
692.6633 	EXP 	target_text: autoDraw = False
692.6633 	EXP 	greenCircle: autoDraw = True
692.6633 	EXP 	redCrosss: autoDraw = True
692.7506 	EXP 	Device response: <KeyPress from None: t=692.6467907920014, value=left, duration=0.09626600000774488>
692.8473 	EXP 	blank3_bg: autoDraw = True
692.8535 	EXP 	greenCircle: autoDraw = False
692.8535 	EXP 	redCrosss: autoDraw = False
693.6318 	EXP 	New trial (rep=15, index=14): <Trial 254 (14 in rep 15) data={'prime': 'They have finished the work', 'target': 'They finished have the work', 'condition': 'repetition_unrelated', 'correctAns': 'left', 'thisN': 254, 'thisTrialN': 14, 'thisRepN': 15}>
693.6478 	EXP 	blank3_bg: autoDraw = False
693.6478 	EXP 	blank3_bg: autoDraw = False
693.6478 	EXP 	greenCircle: autoDraw = False
693.6478 	EXP 	redCrosss: autoDraw = False
693.6478 	EXP 	text: text = 'Take a short break! Press any key to continue.'
693.6478 	EXP 	text: autoDraw = False
693.6478 	EXP 	prime_text: height = np.float64(0.05)
693.6478 	EXP 	prime_text: height = np.float64(0.05)
693.6478 	EXP 	prime_text: height = np.float64(0.05)
693.6478 	EXP 	prime_text: text = 'They have finished the work'
693.6478 	EXP 	target_text: height = np.float64(0.05)
693.6478 	EXP 	target_text: height = np.float64(0.05)
693.6478 	EXP 	target_text: height = np.float64(0.05)
693.6478 	EXP 	target_text: text = 'They finished have the work'
693.6478 	EXP 	fix_text: autoDraw = True
693.8741 	EXP 	blank1_bg: autoDraw = True
693.8879 	EXP 	fix_text: autoDraw = False
694.0723 	EXP 	blank1_bg: autoDraw = False
694.0723 	EXP 	prime_text: autoDraw = True
694.2654 	EXP 	prime_text: autoDraw = False
694.2717 	EXP 	blank2_bg: autoDraw = True
694.3657 	EXP 	blank2_bg: autoDraw = False
694.3726 	INFO 	Keyboard events cleared
694.3725 	EXP 	target_text: autoDraw = True
694.9064 	EXP 	Device response: <KeyPress from None: t=694.9037631670071, value=left, duration=None>
694.9136 	DATA 	Keypress: left
694.9180 	EXP 	fix_text: autoDraw = False
694.9180 	EXP 	blank1_bg: autoDraw = False
694.9180 	EXP 	prime_text: autoDraw = False
694.9180 	EXP 	blank2_bg: autoDraw = False
694.9180 	EXP 	target_text: autoDraw = False
694.9180 	EXP 	greenCircle: autoDraw = True
694.9180 	EXP 	redCrosss: autoDraw = True
695.0166 	EXP 	Device response: <KeyPress from None: t=694.9037631670071, value=left, duration=0.10427183299907483>
695.1073 	EXP 	blank3_bg: autoDraw = True
695.1145 	EXP 	greenCircle: autoDraw = False
695.1145 	EXP 	redCrosss: autoDraw = False
695.8991 	EXP 	New trial (rep=15, index=15): <Trial 255 (15 in rep 15) data={'prime': 'The dog is barking loudly', 'target': 'The dog is barking loudly', 'condition': 'repetition_related', 'correctAns': 'right', 'thisN': 255, 'thisTrialN': 15, 'thisRepN': 15}>
695.9154 	EXP 	blank3_bg: autoDraw = False
695.9154 	EXP 	blank3_bg: autoDraw = False
695.9154 	EXP 	greenCircle: autoDraw = False
695.9154 	EXP 	redCrosss: autoDraw = False
695.9154 	EXP 	text: text = 'Take a short break! Press any key to continue.'
695.9154 	EXP 	text: autoDraw = False
695.9154 	EXP 	prime_text: height = np.float64(0.05)
695.9154 	EXP 	prime_text: height = np.float64(0.05)
695.9154 	EXP 	prime_text: height = np.float64(0.05)
695.9154 	EXP 	prime_text: text = 'The dog is barking loudly'
695.9154 	EXP 	target_text: height = np.float64(0.05)
695.9154 	EXP 	target_text: height = np.float64(0.05)
695.9154 	EXP 	target_text: height = np.float64(0.05)
695.9154 	EXP 	target_text: text = 'The dog is barking loudly'
695.9154 	EXP 	fix_text: autoDraw = True
696.1409 	EXP 	blank1_bg: autoDraw = True
696.1562 	EXP 	fix_text: autoDraw = False
696.3353 	EXP 	blank1_bg: autoDraw = False
696.3489 	EXP 	prime_text: autoDraw = True
696.5382 	EXP 	prime_text: autoDraw = False
696.5382 	EXP 	blank2_bg: autoDraw = True
696.6321 	EXP 	blank2_bg: autoDraw = False
696.6384 	INFO 	Keyboard events cleared
696.6382 	EXP 	target_text: autoDraw = True
697.5837 	EXP 	Device response: <KeyPress from None: t=697.5767111669993, value=right, duration=None>
697.5917 	DATA 	Keypress: right
697.5960 	EXP 	fix_text: autoDraw = False
697.5960 	EXP 	blank1_bg: autoDraw = False
697.5960 	EXP 	prime_text: autoDraw = False
697.5960 	EXP 	blank2_bg: autoDraw = False
697.5960 	EXP 	target_text: autoDraw = False
697.5960 	EXP 	greenCircle: autoDraw = True
697.5960 	EXP 	redCrosss: autoDraw = True
697.7165 	EXP 	Device response: <KeyPress from None: t=697.5767111669993, value=right, duration=0.1362900000094669>
697.7817 	EXP 	blank3_bg: autoDraw = True
697.7896 	EXP 	greenCircle: autoDraw = False
697.7896 	EXP 	redCrosss: autoDraw = False
698.5663 	EXP 	New trial (rep=16, index=0): <Trial 256 (0 in rep 16) data={'prime': 'The dog is barking loudly', 'target': 'The loudly is barking dog', 'condition': 'repetition_unrelated', 'correctAns': 'left', 'thisN': 256, 'thisTrialN': 0, 'thisRepN': 16}>
698.5783 	EXP 	blank3_bg: autoDraw = False
698.5783 	EXP 	blank3_bg: autoDraw = False
698.5783 	EXP 	greenCircle: autoDraw = False
698.5783 	EXP 	redCrosss: autoDraw = False
698.5783 	EXP 	text: text = 'Take a short break! Press any key to continue.'
698.5783 	EXP 	text: autoDraw = False
698.5783 	EXP 	prime_text: text = 'The dog is barking loudly'
698.5783 	EXP 	target_text: height = np.float64(0.05)
698.5783 	EXP 	target_text: height = np.float64(0.05)
698.5783 	EXP 	target_text: height = np.float64(0.05)
698.5783 	EXP 	target_text: text = 'The loudly is barking dog'
698.5783 	EXP 	fix_text: autoDraw = True
698.8081 	EXP 	blank1_bg: autoDraw = True
698.8220 	EXP 	fix_text: autoDraw = False
699.0011 	EXP 	blank1_bg: autoDraw = False
699.0155 	EXP 	prime_text: autoDraw = True
699.2036 	EXP 	prime_text: autoDraw = False
699.2036 	EXP 	blank2_bg: autoDraw = True
699.2989 	EXP 	blank2_bg: autoDraw = False
699.3055 	INFO 	Keyboard events cleared
699.3054 	EXP 	target_text: autoDraw = True
699.8730 	EXP 	Device response: <KeyPress from None: t=699.8675839580101, value=left, duration=None>
699.8817 	DATA 	Keypress: left
699.8853 	EXP 	fix_text: autoDraw = False
699.8853 	EXP 	blank1_bg: autoDraw = False
699.8853 	EXP 	prime_text: autoDraw = False
699.8853 	EXP 	blank2_bg: autoDraw = False
699.8853 	EXP 	target_text: autoDraw = False
699.8853 	EXP 	greenCircle: autoDraw = True
699.8853 	EXP 	redCrosss: autoDraw = True
699.9665 	EXP 	Device response: <KeyPress from None: t=699.8675839580101, value=left, duration=0.09225774998776615>
700.0737 	EXP 	blank3_bg: autoDraw = True
700.0806 	EXP 	greenCircle: autoDraw = False
700.0806 	EXP 	redCrosss: autoDraw = False
700.8663 	EXP 	New trial (rep=16, index=1): <Trial 257 (1 in rep 16) data={'prime': 'They have finished the work', 'target': 'They finished have the work', 'condition': 'repetition_unrelated', 'correctAns': 'left', 'thisN': 257, 'thisTrialN': 1, 'thisRepN': 16}>
700.8821 	EXP 	blank3_bg: autoDraw = False
700.8821 	EXP 	blank3_bg: autoDraw = False
700.8821 	EXP 	greenCircle: autoDraw = False
700.8821 	EXP 	redCrosss: autoDraw = False
700.8821 	EXP 	text: text = 'Take a short break! Press any key to continue.'
700.8821 	EXP 	text: autoDraw = False
700.8821 	EXP 	prime_text: height = np.float64(0.05)
700.8821 	EXP 	prime_text: height = np.float64(0.05)
700.8821 	EXP 	prime_text: height = np.float64(0.05)
700.8821 	EXP 	prime_text: text = 'They have finished the work'
700.8821 	EXP 	target_text: height = np.float64(0.05)
700.8821 	EXP 	target_text: height = np.float64(0.05)
700.8821 	EXP 	target_text: height = np.float64(0.05)
700.8821 	EXP 	target_text: text = 'They finished have the work'
700.8821 	EXP 	fix_text: autoDraw = True
701.1077 	EXP 	blank1_bg: autoDraw = True
701.1313 	EXP 	fix_text: autoDraw = False
701.3056 	EXP 	blank1_bg: autoDraw = False
701.3056 	EXP 	prime_text: autoDraw = True
701.4989 	EXP 	prime_text: autoDraw = False
701.5053 	EXP 	blank2_bg: autoDraw = True
701.6059 	INFO 	Keyboard events cleared
701.6057 	EXP 	blank2_bg: autoDraw = False
701.6057 	EXP 	target_text: autoDraw = True
702.3501 	EXP 	Device response: <KeyPress from None: t=702.3394453330111, value=left, duration=None>
702.3577 	DATA 	Keypress: left
702.3620 	EXP 	fix_text: autoDraw = False
702.3620 	EXP 	blank1_bg: autoDraw = False
702.3620 	EXP 	prime_text: autoDraw = False
702.3620 	EXP 	blank2_bg: autoDraw = False
702.3620 	EXP 	target_text: autoDraw = False
702.3620 	EXP 	greenCircle: autoDraw = True
702.3620 	EXP 	redCrosss: autoDraw = True
702.4554 	EXP 	Device response: <KeyPress from None: t=702.3394453330111, value=left, duration=0.11238949999096803>
702.5488 	EXP 	blank3_bg: autoDraw = True
702.5571 	EXP 	greenCircle: autoDraw = False
702.5571 	EXP 	redCrosss: autoDraw = False
703.3388 	EXP 	New trial (rep=16, index=2): <Trial 258 (2 in rep 16) data={'prime': 'The dog is barking loudly', 'target': 'The barking dog loudly is', 'condition': 'transposition_unrelated', 'correctAns': 'left', 'thisN': 258, 'thisTrialN': 2, 'thisRepN': 16}>
703.3538 	EXP 	blank3_bg: autoDraw = False
703.3538 	EXP 	blank3_bg: autoDraw = False
703.3538 	EXP 	greenCircle: autoDraw = False
703.3538 	EXP 	redCrosss: autoDraw = False
703.3538 	EXP 	text: text = 'Take a short break! Press any key to continue.'
703.3538 	EXP 	text: autoDraw = False
703.3538 	EXP 	prime_text: height = np.float64(0.05)
703.3538 	EXP 	prime_text: height = np.float64(0.05)
703.3538 	EXP 	prime_text: height = np.float64(0.05)
703.3538 	EXP 	prime_text: text = 'The dog is barking loudly'
703.3538 	EXP 	target_text: height = np.float64(0.05)
703.3538 	EXP 	target_text: height = np.float64(0.05)
703.3538 	EXP 	target_text: height = np.float64(0.05)
703.3538 	EXP 	target_text: text = 'The barking dog loudly is'
703.3538 	EXP 	fix_text: autoDraw = True
703.5820 	EXP 	blank1_bg: autoDraw = True
703.5972 	EXP 	fix_text: autoDraw = False
703.7709 	EXP 	blank1_bg: autoDraw = False
703.7889 	EXP 	prime_text: autoDraw = True
703.9879 	EXP 	prime_text: autoDraw = False
703.9879 	EXP 	blank2_bg: autoDraw = True
704.0824 	INFO 	Keyboard events cleared
704.0821 	EXP 	blank2_bg: autoDraw = False
704.0821 	EXP 	target_text: autoDraw = True
704.9337 	EXP 	Device response: <KeyPress from None: t=704.9244680420088, value=left, duration=None>
704.9408 	DATA 	Keypress: left
704.9449 	EXP 	fix_text: autoDraw = False
704.9449 	EXP 	blank1_bg: autoDraw = False
704.9449 	EXP 	prime_text: autoDraw = False
704.9449 	EXP 	blank2_bg: autoDraw = False
704.9449 	EXP 	target_text: autoDraw = False
704.9449 	EXP 	greenCircle: autoDraw = True
704.9449 	EXP 	redCrosss: autoDraw = True
705.0332 	EXP 	Device response: <KeyPress from None: t=704.9244680420088, value=left, duration=0.09627437499875668>
705.1309 	EXP 	blank3_bg: autoDraw = True
705.1384 	EXP 	greenCircle: autoDraw = False
705.1384 	EXP 	redCrosss: autoDraw = False
705.9151 	EXP 	New trial (rep=16, index=3): <Trial 259 (3 in rep 16) data={'prime': 'The dog is barking loudly', 'target': 'The dog barking is loudly', 'condition': 'transposition_related', 'correctAns': 'right', 'thisN': 259, 'thisTrialN': 3, 'thisRepN': 16}>
705.9265 	EXP 	blank3_bg: autoDraw = False
705.9265 	EXP 	blank3_bg: autoDraw = False
705.9265 	EXP 	greenCircle: autoDraw = False
705.9265 	EXP 	redCrosss: autoDraw = False
705.9265 	EXP 	text: text = 'Take a short break! Press any key to continue.'
705.9265 	EXP 	text: autoDraw = False
705.9265 	EXP 	prime_text: text = 'The dog is barking loudly'
705.9265 	EXP 	target_text: height = np.float64(0.05)
705.9265 	EXP 	target_text: height = np.float64(0.05)
705.9265 	EXP 	target_text: height = np.float64(0.05)
705.9265 	EXP 	target_text: text = 'The dog barking is loudly'
705.9265 	EXP 	fix_text: autoDraw = True
706.1577 	EXP 	blank1_bg: autoDraw = True
706.1712 	EXP 	fix_text: autoDraw = False
706.3532 	EXP 	blank1_bg: autoDraw = False
706.3532 	EXP 	prime_text: autoDraw = True
706.5487 	EXP 	prime_text: autoDraw = False
706.5552 	EXP 	blank2_bg: autoDraw = True
706.6488 	EXP 	blank2_bg: autoDraw = False
706.6557 	INFO 	Keyboard events cleared
706.6556 	EXP 	target_text: autoDraw = True
707.7674 	EXP 	Device response: <KeyPress from None: t=707.763643541999, value=left, duration=None>
707.7759 	DATA 	Keypress: left
707.7802 	EXP 	fix_text: autoDraw = False
707.7802 	EXP 	blank1_bg: autoDraw = False
707.7802 	EXP 	prime_text: autoDraw = False
707.7802 	EXP 	blank2_bg: autoDraw = False
707.7802 	EXP 	target_text: autoDraw = False
707.7802 	EXP 	greenCircle: autoDraw = True
707.7802 	EXP 	redCrosss: autoDraw = True
707.8833 	EXP 	Device response: <KeyPress from None: t=707.763643541999, value=left, duration=0.11208137500216253>
707.9655 	EXP 	blank3_bg: autoDraw = True
707.9732 	EXP 	greenCircle: autoDraw = False
707.9732 	EXP 	redCrosss: autoDraw = False
708.7567 	EXP 	New trial (rep=16, index=4): <Trial 260 (4 in rep 16) data={'prime': 'The boy can read fast', 'target': 'The boy can read fast', 'condition': 'repetition_related', 'correctAns': 'right', 'thisN': 260, 'thisTrialN': 4, 'thisRepN': 16}>
708.7714 	EXP 	blank3_bg: autoDraw = False
708.7714 	EXP 	blank3_bg: autoDraw = False
708.7714 	EXP 	greenCircle: autoDraw = False
708.7714 	EXP 	redCrosss: autoDraw = False
708.7714 	EXP 	text: text = 'Take a short break! Press any key to continue.'
708.7714 	EXP 	text: autoDraw = False
708.7714 	EXP 	prime_text: height = np.float64(0.05)
708.7714 	EXP 	prime_text: height = np.float64(0.05)
708.7714 	EXP 	prime_text: height = np.float64(0.05)
708.7714 	EXP 	prime_text: text = 'The boy can read fast'
708.7714 	EXP 	target_text: height = np.float64(0.05)
708.7714 	EXP 	target_text: height = np.float64(0.05)
708.7714 	EXP 	target_text: height = np.float64(0.05)
708.7714 	EXP 	target_text: text = 'The boy can read fast'
708.7714 	EXP 	fix_text: autoDraw = True
709.0080 	EXP 	blank1_bg: autoDraw = True
709.0143 	EXP 	fix_text: autoDraw = False
709.2049 	EXP 	blank1_bg: autoDraw = False
709.2049 	EXP 	prime_text: autoDraw = True
709.3985 	EXP 	prime_text: autoDraw = False
709.4042 	EXP 	blank2_bg: autoDraw = True
709.4988 	EXP 	blank2_bg: autoDraw = False
709.5059 	INFO 	Keyboard events cleared
709.5057 	EXP 	target_text: autoDraw = True
710.1392 	EXP 	Device response: <KeyPress from None: t=710.1353058750101, value=right, duration=None>
710.1475 	DATA 	Keypress: right
710.1514 	EXP 	fix_text: autoDraw = False
710.1514 	EXP 	blank1_bg: autoDraw = False
710.1514 	EXP 	prime_text: autoDraw = False
710.1514 	EXP 	blank2_bg: autoDraw = False
710.1514 	EXP 	target_text: autoDraw = False
710.1514 	EXP 	greenCircle: autoDraw = True
710.1514 	EXP 	redCrosss: autoDraw = True
710.2667 	EXP 	Device response: <KeyPress from None: t=710.1353058750101, value=right, duration=0.1203355829929933>
710.3306 	EXP 	blank3_bg: autoDraw = True
710.3484 	EXP 	greenCircle: autoDraw = False
710.3484 	EXP 	redCrosss: autoDraw = False
711.1153 	EXP 	New trial (rep=16, index=5): <Trial 261 (5 in rep 16) data={'prime': 'The boy can read fast', 'target': 'The read can boy fast', 'condition': 'repetition_unrelated', 'correctAns': 'left', 'thisN': 261, 'thisTrialN': 5, 'thisRepN': 16}>
711.1268 	EXP 	blank3_bg: autoDraw = False
711.1268 	EXP 	blank3_bg: autoDraw = False
711.1268 	EXP 	greenCircle: autoDraw = False
711.1268 	EXP 	redCrosss: autoDraw = False
711.1268 	EXP 	text: text = 'Take a short break! Press any key to continue.'
711.1268 	EXP 	text: autoDraw = False
711.1268 	EXP 	prime_text: text = 'The boy can read fast'
711.1268 	EXP 	target_text: height = np.float64(0.05)
711.1268 	EXP 	target_text: height = np.float64(0.05)
711.1268 	EXP 	target_text: height = np.float64(0.05)
711.1268 	EXP 	target_text: text = 'The read can boy fast'
711.1268 	EXP 	fix_text: autoDraw = True
711.3576 	EXP 	blank1_bg: autoDraw = True
711.3711 	EXP 	fix_text: autoDraw = False
711.5542 	EXP 	blank1_bg: autoDraw = False
711.5542 	EXP 	prime_text: autoDraw = True
711.7488 	EXP 	prime_text: autoDraw = False
711.7552 	EXP 	blank2_bg: autoDraw = True
711.8488 	EXP 	blank2_bg: autoDraw = False
711.8557 	INFO 	Keyboard events cleared
711.8555 	EXP 	target_text: autoDraw = True
712.4171 	EXP 	Device response: <KeyPress from None: t=712.4072687500011, value=left, duration=None>
712.4249 	DATA 	Keypress: left
712.4290 	EXP 	fix_text: autoDraw = False
712.4290 	EXP 	blank1_bg: autoDraw = False
712.4290 	EXP 	prime_text: autoDraw = False
712.4290 	EXP 	blank2_bg: autoDraw = False
712.4290 	EXP 	target_text: autoDraw = False
712.4290 	EXP 	greenCircle: autoDraw = True
712.4290 	EXP 	redCrosss: autoDraw = True
712.5173 	EXP 	Device response: <KeyPress from None: t=712.4072687500011, value=left, duration=0.10820062500715721>
712.6154 	EXP 	blank3_bg: autoDraw = True
712.6230 	EXP 	greenCircle: autoDraw = False
712.6230 	EXP 	redCrosss: autoDraw = False
713.3993 	EXP 	New trial (rep=16, index=6): <Trial 262 (6 in rep 16) data={'prime': 'The boy can read fast', 'target': 'The boy can read fast', 'condition': 'transposition_related', 'correctAns': 'right', 'thisN': 262, 'thisTrialN': 6, 'thisRepN': 16}>
713.4100 	EXP 	blank3_bg: autoDraw = False
713.4100 	EXP 	blank3_bg: autoDraw = False
713.4100 	EXP 	greenCircle: autoDraw = False
713.4100 	EXP 	redCrosss: autoDraw = False
713.4100 	EXP 	text: text = 'Take a short break! Press any key to continue.'
713.4100 	EXP 	text: autoDraw = False
713.4100 	EXP 	prime_text: text = 'The boy can read fast'
713.4100 	EXP 	target_text: height = np.float64(0.05)
713.4100 	EXP 	target_text: height = np.float64(0.05)
713.4100 	EXP 	target_text: height = np.float64(0.05)
713.4100 	EXP 	target_text: text = 'The boy can read fast'
713.4100 	EXP 	fix_text: autoDraw = True
713.6413 	EXP 	blank1_bg: autoDraw = True
713.6548 	EXP 	fix_text: autoDraw = False
713.8377 	EXP 	blank1_bg: autoDraw = False
713.8377 	EXP 	prime_text: autoDraw = True
714.0320 	EXP 	prime_text: autoDraw = False
714.0377 	EXP 	blank2_bg: autoDraw = True
714.1323 	EXP 	blank2_bg: autoDraw = False
714.1392 	INFO 	Keyboard events cleared
714.1391 	EXP 	target_text: autoDraw = True
714.7168 	EXP 	Device response: <KeyPress from None: t=714.7062648749998, value=right, duration=None>
714.7243 	DATA 	Keypress: right
714.7286 	EXP 	fix_text: autoDraw = False
714.7286 	EXP 	blank1_bg: autoDraw = False
714.7286 	EXP 	prime_text: autoDraw = False
714.7286 	EXP 	blank2_bg: autoDraw = False
714.7286 	EXP 	target_text: autoDraw = False
714.7286 	EXP 	greenCircle: autoDraw = True
714.7286 	EXP 	redCrosss: autoDraw = True
714.8063 	EXP 	Device response: <KeyPress from None: t=714.7062648749998, value=right, duration=0.09616570800426416>
714.9153 	EXP 	blank3_bg: autoDraw = True
714.9232 	EXP 	greenCircle: autoDraw = False
714.9232 	EXP 	redCrosss: autoDraw = False
715.6997 	EXP 	New trial (rep=16, index=7): <Trial 263 (7 in rep 16) data={'prime': 'She does not like apples', 'target': 'She does not like apples', 'condition': 'repetition_related', 'correctAns': 'right', 'thisN': 263, 'thisTrialN': 7, 'thisRepN': 16}>
715.7146 	EXP 	blank3_bg: autoDraw = False
715.7146 	EXP 	blank3_bg: autoDraw = False
715.7146 	EXP 	greenCircle: autoDraw = False
715.7146 	EXP 	redCrosss: autoDraw = False
715.7146 	EXP 	text: text = 'Take a short break! Press any key to continue.'
715.7146 	EXP 	text: autoDraw = False
715.7146 	EXP 	prime_text: height = np.float64(0.05)
715.7146 	EXP 	prime_text: height = np.float64(0.05)
715.7146 	EXP 	prime_text: height = np.float64(0.05)
715.7146 	EXP 	prime_text: text = 'She does not like apples'
715.7146 	EXP 	target_text: height = np.float64(0.05)
715.7146 	EXP 	target_text: height = np.float64(0.05)
715.7146 	EXP 	target_text: height = np.float64(0.05)
715.7146 	EXP 	target_text: text = 'She does not like apples'
715.7146 	EXP 	fix_text: autoDraw = True
715.9410 	EXP 	blank1_bg: autoDraw = True
715.9551 	EXP 	fix_text: autoDraw = False
716.1381 	EXP 	blank1_bg: autoDraw = False
716.1381 	EXP 	prime_text: autoDraw = True
716.3320 	EXP 	prime_text: autoDraw = False
716.3368 	EXP 	blank2_bg: autoDraw = True
716.4323 	EXP 	blank2_bg: autoDraw = False
716.4391 	INFO 	Keyboard events cleared
716.4389 	EXP 	target_text: autoDraw = True
717.0881 	EXP 	Device response: <KeyPress from None: t=717.0831744580064, value=right, duration=None>
717.0952 	DATA 	Keypress: right
717.1005 	EXP 	fix_text: autoDraw = False
717.1005 	EXP 	blank1_bg: autoDraw = False
717.1005 	EXP 	prime_text: autoDraw = False
717.1005 	EXP 	blank2_bg: autoDraw = False
717.1005 	EXP 	target_text: autoDraw = False
717.1005 	EXP 	greenCircle: autoDraw = True
717.1005 	EXP 	redCrosss: autoDraw = True
717.2001 	EXP 	Device response: <KeyPress from None: t=717.0831744580064, value=right, duration=0.11230095899372827>
717.2811 	EXP 	blank3_bg: autoDraw = True
717.2977 	EXP 	greenCircle: autoDraw = False
717.2977 	EXP 	redCrosss: autoDraw = False
718.0661 	EXP 	New trial (rep=16, index=8): <Trial 264 (8 in rep 16) data={'prime': 'She does not like apples', 'target': 'She not does like apples', 'condition': 'repetition_unrelated', 'correctAns': 'left', 'thisN': 264, 'thisTrialN': 8, 'thisRepN': 16}>
718.0771 	EXP 	blank3_bg: autoDraw = False
718.0771 	EXP 	blank3_bg: autoDraw = False
718.0771 	EXP 	greenCircle: autoDraw = False
718.0771 	EXP 	redCrosss: autoDraw = False
718.0771 	EXP 	text: text = 'Take a short break! Press any key to continue.'
718.0771 	EXP 	text: autoDraw = False
718.0771 	EXP 	prime_text: text = 'She does not like apples'
718.0771 	EXP 	target_text: height = np.float64(0.05)
718.0771 	EXP 	target_text: height = np.float64(0.05)
718.0771 	EXP 	target_text: height = np.float64(0.05)
718.0771 	EXP 	target_text: text = 'She not does like apples'
718.0771 	EXP 	fix_text: autoDraw = True
718.3080 	EXP 	blank1_bg: autoDraw = True
718.3215 	EXP 	fix_text: autoDraw = False
718.5028 	EXP 	blank1_bg: autoDraw = False
718.5154 	EXP 	prime_text: autoDraw = True
718.7051 	EXP 	prime_text: autoDraw = False
718.7051 	EXP 	blank2_bg: autoDraw = True
718.7988 	EXP 	blank2_bg: autoDraw = False
718.8059 	INFO 	Keyboard events cleared
718.8057 	EXP 	target_text: autoDraw = True
719.4667 	EXP 	Device response: <KeyPress from None: t=719.462116833005, value=left, duration=None>
719.4745 	DATA 	Keypress: left
719.4787 	EXP 	fix_text: autoDraw = False
719.4787 	EXP 	blank1_bg: autoDraw = False
719.4787 	EXP 	prime_text: autoDraw = False
719.4787 	EXP 	blank2_bg: autoDraw = False
719.4787 	EXP 	target_text: autoDraw = False
719.4787 	EXP 	greenCircle: autoDraw = True
719.4787 	EXP 	redCrosss: autoDraw = True
719.5504 	EXP 	Device response: <KeyPress from None: t=719.462116833005, value=left, duration=0.08432087500113994>
719.6639 	EXP 	blank3_bg: autoDraw = True
719.6713 	EXP 	greenCircle: autoDraw = False
719.6713 	EXP 	redCrosss: autoDraw = False
720.4479 	EXP 	New trial (rep=16, index=9): <Trial 265 (9 in rep 16) data={'prime': 'The boy can read fast', 'target': 'The read can boy fast', 'condition': 'transposition_unrelated', 'correctAns': 'left', 'thisN': 265, 'thisTrialN': 9, 'thisRepN': 16}>
720.4621 	EXP 	blank3_bg: autoDraw = False
720.4621 	EXP 	blank3_bg: autoDraw = False
720.4621 	EXP 	greenCircle: autoDraw = False
720.4621 	EXP 	redCrosss: autoDraw = False
720.4621 	EXP 	text: text = 'Take a short break! Press any key to continue.'
720.4621 	EXP 	text: autoDraw = False
720.4621 	EXP 	prime_text: height = np.float64(0.05)
720.4621 	EXP 	prime_text: height = np.float64(0.05)
720.4621 	EXP 	prime_text: height = np.float64(0.05)
720.4621 	EXP 	prime_text: text = 'The boy can read fast'
720.4621 	EXP 	target_text: height = np.float64(0.05)
720.4621 	EXP 	target_text: height = np.float64(0.05)
720.4621 	EXP 	target_text: height = np.float64(0.05)
720.4621 	EXP 	target_text: text = 'The read can boy fast'
720.4621 	EXP 	fix_text: autoDraw = True
720.6907 	EXP 	blank1_bg: autoDraw = True
720.7050 	EXP 	fix_text: autoDraw = False
720.8873 	EXP 	blank1_bg: autoDraw = False
720.8873 	EXP 	prime_text: autoDraw = True
721.0821 	EXP 	prime_text: autoDraw = False
721.0887 	EXP 	blank2_bg: autoDraw = True
721.1823 	EXP 	blank2_bg: autoDraw = False
721.1898 	INFO 	Keyboard events cleared
721.1896 	EXP 	target_text: autoDraw = True
721.8339 	EXP 	Device response: <KeyPress from None: t=721.8320537920081, value=left, duration=None>
721.8423 	DATA 	Keypress: left
721.8466 	EXP 	fix_text: autoDraw = False
721.8466 	EXP 	blank1_bg: autoDraw = False
721.8466 	EXP 	prime_text: autoDraw = False
721.8466 	EXP 	blank2_bg: autoDraw = False
721.8466 	EXP 	target_text: autoDraw = False
721.8466 	EXP 	greenCircle: autoDraw = True
721.8466 	EXP 	redCrosss: autoDraw = True
721.9224 	EXP 	Device response: <KeyPress from None: t=721.8320537920081, value=left, duration=0.0843170409934828>
722.0309 	EXP 	blank3_bg: autoDraw = True
722.0385 	EXP 	greenCircle: autoDraw = False
722.0385 	EXP 	redCrosss: autoDraw = False
722.8153 	EXP 	New trial (rep=16, index=10): <Trial 266 (10 in rep 16) data={'prime': 'They have finished the work', 'target': 'They work the have finished', 'condition': 'transposition_unrelated', 'correctAns': 'left', 'thisN': 266, 'thisTrialN': 10, 'thisRepN': 16}>
722.8314 	EXP 	blank3_bg: autoDraw = False
722.8314 	EXP 	blank3_bg: autoDraw = False
722.8314 	EXP 	greenCircle: autoDraw = False
722.8314 	EXP 	redCrosss: autoDraw = False
722.8314 	EXP 	text: text = 'Take a short break! Press any key to continue.'
722.8314 	EXP 	text: autoDraw = False
722.8314 	EXP 	prime_text: height = np.float64(0.05)
722.8314 	EXP 	prime_text: height = np.float64(0.05)
722.8314 	EXP 	prime_text: height = np.float64(0.05)
722.8314 	EXP 	prime_text: text = 'They have finished the work'
722.8314 	EXP 	target_text: height = np.float64(0.05)
722.8314 	EXP 	target_text: height = np.float64(0.05)
722.8314 	EXP 	target_text: height = np.float64(0.05)
722.8314 	EXP 	target_text: text = 'They work the have finished'
722.8314 	EXP 	fix_text: autoDraw = True
723.0569 	EXP 	blank1_bg: autoDraw = True
723.0705 	EXP 	fix_text: autoDraw = False
723.2486 	EXP 	blank1_bg: autoDraw = False
723.2540 	EXP 	prime_text: autoDraw = True
723.4489 	EXP 	prime_text: autoDraw = False
723.4555 	EXP 	blank2_bg: autoDraw = True
723.5488 	EXP 	blank2_bg: autoDraw = False
723.5553 	INFO 	Keyboard events cleared
723.5551 	EXP 	target_text: autoDraw = True
724.1337 	EXP 	Device response: <KeyPress from None: t=724.121896333003, value=left, duration=None>
724.1413 	DATA 	Keypress: left
724.1455 	EXP 	fix_text: autoDraw = False
724.1455 	EXP 	blank1_bg: autoDraw = False
724.1455 	EXP 	prime_text: autoDraw = False
724.1455 	EXP 	blank2_bg: autoDraw = False
724.1455 	EXP 	target_text: autoDraw = False
724.1455 	EXP 	greenCircle: autoDraw = True
724.1455 	EXP 	redCrosss: autoDraw = True
724.2381 	EXP 	Device response: <KeyPress from None: t=724.121896333003, value=left, duration=0.1124206249951385>
724.3306 	EXP 	blank3_bg: autoDraw = True
724.3391 	EXP 	greenCircle: autoDraw = False
724.3391 	EXP 	redCrosss: autoDraw = False
725.1165 	EXP 	New trial (rep=16, index=11): <Trial 267 (11 in rep 16) data={'prime': 'They have finished the work', 'target': 'They finished have the work', 'condition': 'transposition_related', 'correctAns': 'right', 'thisN': 267, 'thisTrialN': 11, 'thisRepN': 16}>
725.1281 	EXP 	blank3_bg: autoDraw = False
725.1281 	EXP 	blank3_bg: autoDraw = False
725.1281 	EXP 	greenCircle: autoDraw = False
725.1281 	EXP 	redCrosss: autoDraw = False
725.1281 	EXP 	text: text = 'Take a short break! Press any key to continue.'
725.1281 	EXP 	text: autoDraw = False
725.1281 	EXP 	prime_text: text = 'They have finished the work'
725.1281 	EXP 	target_text: height = np.float64(0.05)
725.1281 	EXP 	target_text: height = np.float64(0.05)
725.1281 	EXP 	target_text: height = np.float64(0.05)
725.1281 	EXP 	target_text: text = 'They finished have the work'
725.1281 	EXP 	fix_text: autoDraw = True
725.3563 	EXP 	blank1_bg: autoDraw = True
725.3714 	EXP 	fix_text: autoDraw = False
725.5486 	EXP 	blank1_bg: autoDraw = False
725.5544 	EXP 	prime_text: autoDraw = True
725.7487 	EXP 	prime_text: autoDraw = False
725.7554 	EXP 	blank2_bg: autoDraw = True
725.8488 	EXP 	blank2_bg: autoDraw = False
725.8554 	INFO 	Keyboard events cleared
725.8552 	EXP 	target_text: autoDraw = True
727.2165 	EXP 	Device response: <KeyPress from None: t=727.2147808330046, value=left, duration=None>
727.2245 	DATA 	Keypress: left
727.2287 	EXP 	fix_text: autoDraw = False
727.2287 	EXP 	blank1_bg: autoDraw = False
727.2287 	EXP 	prime_text: autoDraw = False
727.2287 	EXP 	blank2_bg: autoDraw = False
727.2287 	EXP 	target_text: autoDraw = False
727.2287 	EXP 	greenCircle: autoDraw = True
727.2287 	EXP 	redCrosss: autoDraw = True
727.3168 	EXP 	Device response: <KeyPress from None: t=727.2147808330046, value=left, duration=0.09245583400479518>
727.4148 	EXP 	blank3_bg: autoDraw = True
727.4225 	EXP 	greenCircle: autoDraw = False
727.4225 	EXP 	redCrosss: autoDraw = False
728.1982 	EXP 	New trial (rep=16, index=12): <Trial 268 (12 in rep 16) data={'prime': 'She does not like apples', 'target': 'She not does like apples', 'condition': 'transposition_related', 'correctAns': 'right', 'thisN': 268, 'thisTrialN': 12, 'thisRepN': 16}>
728.2124 	EXP 	blank3_bg: autoDraw = False
728.2124 	EXP 	blank3_bg: autoDraw = False
728.2124 	EXP 	greenCircle: autoDraw = False
728.2124 	EXP 	redCrosss: autoDraw = False
728.2124 	EXP 	text: text = 'Take a short break! Press any key to continue.'
728.2124 	EXP 	text: autoDraw = False
728.2124 	EXP 	prime_text: height = np.float64(0.05)
728.2124 	EXP 	prime_text: height = np.float64(0.05)
728.2124 	EXP 	prime_text: height = np.float64(0.05)
728.2124 	EXP 	prime_text: text = 'She does not like apples'
728.2124 	EXP 	target_text: height = np.float64(0.05)
728.2124 	EXP 	target_text: height = np.float64(0.05)
728.2124 	EXP 	target_text: height = np.float64(0.05)
728.2124 	EXP 	target_text: text = 'She not does like apples'
728.2124 	EXP 	fix_text: autoDraw = True
728.4402 	EXP 	blank1_bg: autoDraw = True
728.4547 	EXP 	fix_text: autoDraw = False
728.6321 	EXP 	blank1_bg: autoDraw = False
728.6386 	EXP 	prime_text: autoDraw = True
728.8321 	EXP 	prime_text: autoDraw = False
728.8381 	EXP 	blank2_bg: autoDraw = True
728.9321 	EXP 	blank2_bg: autoDraw = False
728.9389 	INFO 	Keyboard events cleared
728.9388 	EXP 	target_text: autoDraw = True
729.4497 	EXP 	Device response: <KeyPress from None: t=729.4449764580058, value=right, duration=None>
729.4574 	DATA 	Keypress: right
729.4615 	EXP 	fix_text: autoDraw = False
729.4615 	EXP 	blank1_bg: autoDraw = False
729.4615 	EXP 	prime_text: autoDraw = False
729.4615 	EXP 	blank2_bg: autoDraw = False
729.4615 	EXP 	target_text: autoDraw = False
729.4615 	EXP 	greenCircle: autoDraw = True
729.4615 	EXP 	redCrosss: autoDraw = True
729.5839 	EXP 	Device response: <KeyPress from None: t=729.4449764580058, value=right, duration=0.1282407919934485>
729.6486 	EXP 	blank3_bg: autoDraw = True
729.6552 	EXP 	greenCircle: autoDraw = False
729.6552 	EXP 	redCrosss: autoDraw = False
730.4384 	EXP 	New trial (rep=16, index=13): <Trial 269 (13 in rep 16) data={'prime': 'She does not like apples', 'target': 'She like does apples not', 'condition': 'transposition_unrelated', 'correctAns': 'left', 'thisN': 269, 'thisTrialN': 13, 'thisRepN': 16}>
730.4651 	EXP 	blank3_bg: autoDraw = False
730.4651 	EXP 	blank3_bg: autoDraw = False
730.4651 	EXP 	greenCircle: autoDraw = False
730.4651 	EXP 	redCrosss: autoDraw = False
730.4651 	EXP 	text: text = 'Take a short break! Press any key to continue.'
730.4651 	EXP 	text: autoDraw = False
730.4651 	EXP 	prime_text: text = 'She does not like apples'
730.4651 	EXP 	target_text: height = np.float64(0.05)
730.4651 	EXP 	target_text: height = np.float64(0.05)
730.4651 	EXP 	target_text: height = np.float64(0.05)
730.4651 	EXP 	target_text: text = 'She like does apples not'
730.4651 	EXP 	fix_text: autoDraw = True
730.6822 	EXP 	blank1_bg: autoDraw = True
730.7151 	EXP 	fix_text: autoDraw = False
730.8820 	EXP 	blank1_bg: autoDraw = False
730.8820 	EXP 	prime_text: autoDraw = True
731.0702 	EXP 	prime_text: autoDraw = False
731.0879 	EXP 	blank2_bg: autoDraw = True
731.1821 	INFO 	Keyboard events cleared
731.1819 	EXP 	blank2_bg: autoDraw = False
731.1819 	EXP 	target_text: autoDraw = True
731.7167 	EXP 	Device response: <KeyPress from None: t=731.7078697920078, value=left, duration=None>
731.7248 	DATA 	Keypress: left
731.7290 	EXP 	fix_text: autoDraw = False
731.7290 	EXP 	blank1_bg: autoDraw = False
731.7290 	EXP 	prime_text: autoDraw = False
731.7290 	EXP 	blank2_bg: autoDraw = False
731.7290 	EXP 	target_text: autoDraw = False
731.7290 	EXP 	greenCircle: autoDraw = True
731.7290 	EXP 	redCrosss: autoDraw = True
731.8164 	EXP 	Device response: <KeyPress from None: t=731.7078697920078, value=left, duration=0.10024041599535849>
731.9153 	EXP 	blank3_bg: autoDraw = True
731.9232 	EXP 	greenCircle: autoDraw = False
731.9232 	EXP 	redCrosss: autoDraw = False
732.6996 	EXP 	New trial (rep=16, index=14): <Trial 270 (14 in rep 16) data={'prime': 'The dog is barking loudly', 'target': 'The dog is barking loudly', 'condition': 'repetition_related', 'correctAns': 'right', 'thisN': 270, 'thisTrialN': 14, 'thisRepN': 16}>
732.7131 	EXP 	blank3_bg: autoDraw = False
732.7131 	EXP 	blank3_bg: autoDraw = False
732.7131 	EXP 	greenCircle: autoDraw = False
732.7131 	EXP 	redCrosss: autoDraw = False
732.7131 	EXP 	text: text = 'Take a short break! Press any key to continue.'
732.7131 	EXP 	text: autoDraw = False
732.7131 	EXP 	prime_text: height = np.float64(0.05)
732.7131 	EXP 	prime_text: height = np.float64(0.05)
732.7131 	EXP 	prime_text: height = np.float64(0.05)
732.7131 	EXP 	prime_text: text = 'The dog is barking loudly'
732.7131 	EXP 	target_text: height = np.float64(0.05)
732.7131 	EXP 	target_text: height = np.float64(0.05)
732.7131 	EXP 	target_text: height = np.float64(0.05)
732.7131 	EXP 	target_text: text = 'The dog is barking loudly'
732.7131 	EXP 	fix_text: autoDraw = True
732.9412 	EXP 	blank1_bg: autoDraw = True
732.9543 	EXP 	fix_text: autoDraw = False
733.2471 	EXP 	blank1_bg: autoDraw = False
733.2471 	EXP 	prime_text: autoDraw = True
733.3476 	EXP 	blank2_bg: autoDraw = True
733.4357 	INFO 	Keyboard events cleared
733.4355 	EXP 	prime_text: autoDraw = False
733.4355 	EXP 	blank2_bg: autoDraw = False
733.4355 	EXP 	target_text: autoDraw = True
734.0395 	EXP 	Device response: <KeyPress from None: t=734.0357532080088, value=right, duration=None>
734.0482 	DATA 	Keypress: right
734.0519 	EXP 	fix_text: autoDraw = False
734.0519 	EXP 	blank1_bg: autoDraw = False
734.0519 	EXP 	prime_text: autoDraw = False
734.0519 	EXP 	blank2_bg: autoDraw = False
734.0519 	EXP 	target_text: autoDraw = False
734.0519 	EXP 	greenCircle: autoDraw = True
734.0519 	EXP 	redCrosss: autoDraw = True
734.1665 	EXP 	Device response: <KeyPress from None: t=734.0357532080088, value=right, duration=0.12423695898905862>
734.2399 	EXP 	blank3_bg: autoDraw = True
734.2471 	EXP 	greenCircle: autoDraw = False
734.2471 	EXP 	redCrosss: autoDraw = False
735.0232 	EXP 	New trial (rep=16, index=15): <Trial 271 (15 in rep 16) data={'prime': 'They have finished the work', 'target': 'They have finished the work', 'condition': 'repetition_related', 'correctAns': 'right', 'thisN': 271, 'thisTrialN': 15, 'thisRepN': 16}>
735.0399 	EXP 	blank3_bg: autoDraw = False
735.0399 	EXP 	blank3_bg: autoDraw = False
735.0399 	EXP 	greenCircle: autoDraw = False
735.0399 	EXP 	redCrosss: autoDraw = False
735.0399 	EXP 	text: text = 'Take a short break! Press any key to continue.'
735.0399 	EXP 	text: autoDraw = False
735.0399 	EXP 	prime_text: height = np.float64(0.05)
735.0399 	EXP 	prime_text: height = np.float64(0.05)
735.0399 	EXP 	prime_text: height = np.float64(0.05)
735.0399 	EXP 	prime_text: text = 'They have finished the work'
735.0399 	EXP 	target_text: height = np.float64(0.05)
735.0399 	EXP 	target_text: height = np.float64(0.05)
735.0399 	EXP 	target_text: height = np.float64(0.05)
735.0399 	EXP 	target_text: text = 'They have finished the work'
735.0399 	EXP 	fix_text: autoDraw = True
735.2741 	EXP 	blank1_bg: autoDraw = True
735.2806 	EXP 	fix_text: autoDraw = False
735.4639 	EXP 	prime_text: autoDraw = True
735.4687 	EXP 	blank1_bg: autoDraw = False
735.6537 	EXP 	prime_text: autoDraw = False
735.6714 	EXP 	blank2_bg: autoDraw = True
735.7714 	INFO 	Keyboard events cleared
735.7712 	EXP 	blank2_bg: autoDraw = False
735.7712 	EXP 	target_text: autoDraw = True
736.6498 	EXP 	Device response: <KeyPress from None: t=736.6447717499977, value=right, duration=None>
736.6579 	DATA 	Keypress: right
736.6622 	EXP 	fix_text: autoDraw = False
736.6622 	EXP 	blank1_bg: autoDraw = False
736.6622 	EXP 	prime_text: autoDraw = False
736.6622 	EXP 	blank2_bg: autoDraw = False
736.6622 	EXP 	target_text: autoDraw = False
736.6622 	EXP 	greenCircle: autoDraw = True
736.6622 	EXP 	redCrosss: autoDraw = True
736.7664 	EXP 	Device response: <KeyPress from None: t=736.6447717499977, value=right, duration=0.11218937500962056>
736.8481 	EXP 	blank3_bg: autoDraw = True
736.8553 	EXP 	greenCircle: autoDraw = False
736.8553 	EXP 	redCrosss: autoDraw = False
737.6317 	EXP 	New trial (rep=17, index=0): <Trial 272 (0 in rep 17) data={'prime': 'They have finished the work', 'target': 'They finished have the work', 'condition': 'repetition_unrelated', 'correctAns': 'left', 'thisN': 272, 'thisTrialN': 0, 'thisRepN': 17}>
737.6423 	EXP 	blank3_bg: autoDraw = False
737.6423 	EXP 	blank3_bg: autoDraw = False
737.6423 	EXP 	greenCircle: autoDraw = False
737.6423 	EXP 	redCrosss: autoDraw = False
737.6423 	EXP 	text: text = 'Take a short break! Press any key to continue.'
737.6423 	EXP 	text: autoDraw = False
737.6423 	EXP 	prime_text: text = 'They have finished the work'
737.6423 	EXP 	target_text: height = np.float64(0.05)
737.6423 	EXP 	target_text: height = np.float64(0.05)
737.6423 	EXP 	target_text: height = np.float64(0.05)
737.6423 	EXP 	target_text: text = 'They finished have the work'
737.6423 	EXP 	fix_text: autoDraw = True
737.8733 	EXP 	blank1_bg: autoDraw = True
737.8880 	EXP 	fix_text: autoDraw = False
738.0655 	EXP 	blank1_bg: autoDraw = False
738.0713 	EXP 	prime_text: autoDraw = True
738.2651 	EXP 	prime_text: autoDraw = False
738.2716 	EXP 	blank2_bg: autoDraw = True
738.3652 	EXP 	blank2_bg: autoDraw = False
738.3722 	INFO 	Keyboard events cleared
738.3721 	EXP 	target_text: autoDraw = True
738.8003 	EXP 	Device response: <KeyPress from None: t=738.797689250001, value=left, duration=None>
738.8083 	DATA 	Keypress: left
738.8124 	EXP 	fix_text: autoDraw = False
738.8124 	EXP 	blank1_bg: autoDraw = False
738.8124 	EXP 	prime_text: autoDraw = False
738.8124 	EXP 	blank2_bg: autoDraw = False
738.8124 	EXP 	target_text: autoDraw = False
738.8124 	EXP 	greenCircle: autoDraw = True
738.8124 	EXP 	redCrosss: autoDraw = True
738.9164 	EXP 	Device response: <KeyPress from None: t=738.797689250001, value=left, duration=0.11226100000203587>
738.9976 	EXP 	blank3_bg: autoDraw = True
739.0047 	EXP 	greenCircle: autoDraw = False
739.0047 	EXP 	redCrosss: autoDraw = False
739.7810 	EXP 	New trial (rep=17, index=1): <Trial 273 (1 in rep 17) data={'prime': 'The boy can read fast', 'target': 'The boy can read fast', 'condition': 'transposition_related', 'correctAns': 'right', 'thisN': 273, 'thisTrialN': 1, 'thisRepN': 17}>
739.7948 	EXP 	blank3_bg: autoDraw = False
739.7948 	EXP 	blank3_bg: autoDraw = False
739.7948 	EXP 	greenCircle: autoDraw = False
739.7948 	EXP 	redCrosss: autoDraw = False
739.7948 	EXP 	text: text = 'Take a short break! Press any key to continue.'
739.7948 	EXP 	text: autoDraw = False
739.7948 	EXP 	prime_text: height = np.float64(0.05)
739.7948 	EXP 	prime_text: height = np.float64(0.05)
739.7948 	EXP 	prime_text: height = np.float64(0.05)
739.7948 	EXP 	prime_text: text = 'The boy can read fast'
739.7948 	EXP 	target_text: height = np.float64(0.05)
739.7948 	EXP 	target_text: height = np.float64(0.05)
739.7948 	EXP 	target_text: height = np.float64(0.05)
739.7948 	EXP 	target_text: text = 'The boy can read fast'
739.7948 	EXP 	fix_text: autoDraw = True
740.0238 	EXP 	blank1_bg: autoDraw = True
740.0373 	EXP 	fix_text: autoDraw = False
740.2214 	EXP 	blank1_bg: autoDraw = False
740.2214 	EXP 	prime_text: autoDraw = True
740.4214 	EXP 	prime_text: autoDraw = False
740.4214 	EXP 	blank2_bg: autoDraw = True
740.5215 	INFO 	Keyboard events cleared
740.5213 	EXP 	blank2_bg: autoDraw = False
740.5213 	EXP 	target_text: autoDraw = True
741.1504 	EXP 	Device response: <KeyPress from None: t=741.147636624999, value=right, duration=None>
741.1584 	DATA 	Keypress: right
741.1626 	EXP 	fix_text: autoDraw = False
741.1626 	EXP 	blank1_bg: autoDraw = False
741.1626 	EXP 	prime_text: autoDraw = False
741.1626 	EXP 	blank2_bg: autoDraw = False
741.1626 	EXP 	target_text: autoDraw = False
741.1626 	EXP 	greenCircle: autoDraw = True
741.1626 	EXP 	redCrosss: autoDraw = True
741.2540 	EXP 	Device response: <KeyPress from None: t=741.147636624999, value=right, duration=0.10418291699897964>
741.3474 	EXP 	blank3_bg: autoDraw = True
741.3535 	EXP 	greenCircle: autoDraw = False
741.3535 	EXP 	redCrosss: autoDraw = False
742.1327 	EXP 	New trial (rep=17, index=2): <Trial 274 (2 in rep 17) data={'prime': 'She does not like apples', 'target': 'She not does like apples', 'condition': 'transposition_related', 'correctAns': 'right', 'thisN': 274, 'thisTrialN': 2, 'thisRepN': 17}>
742.1473 	EXP 	blank3_bg: autoDraw = False
742.1473 	EXP 	blank3_bg: autoDraw = False
742.1473 	EXP 	greenCircle: autoDraw = False
742.1473 	EXP 	redCrosss: autoDraw = False
742.1473 	EXP 	text: text = 'Take a short break! Press any key to continue.'
742.1473 	EXP 	text: autoDraw = False
742.1473 	EXP 	prime_text: height = np.float64(0.05)
742.1473 	EXP 	prime_text: height = np.float64(0.05)
742.1473 	EXP 	prime_text: height = np.float64(0.05)
742.1473 	EXP 	prime_text: text = 'She does not like apples'
742.1473 	EXP 	target_text: height = np.float64(0.05)
742.1473 	EXP 	target_text: height = np.float64(0.05)
742.1473 	EXP 	target_text: height = np.float64(0.05)
742.1473 	EXP 	target_text: text = 'She not does like apples'
742.1473 	EXP 	fix_text: autoDraw = True
742.3728 	EXP 	blank1_bg: autoDraw = True
742.3878 	EXP 	fix_text: autoDraw = False
742.5723 	EXP 	blank1_bg: autoDraw = False
742.5723 	EXP 	prime_text: autoDraw = True
742.7716 	EXP 	prime_text: autoDraw = False
742.7716 	EXP 	blank2_bg: autoDraw = True
742.8649 	EXP 	blank2_bg: autoDraw = False
742.8712 	INFO 	Keyboard events cleared
742.8711 	EXP 	target_text: autoDraw = True
743.5170 	EXP 	Device response: <KeyPress from None: t=743.5105217920063, value=left, duration=None>
743.5250 	DATA 	Keypress: left
743.5292 	EXP 	fix_text: autoDraw = False
743.5292 	EXP 	blank1_bg: autoDraw = False
743.5292 	EXP 	prime_text: autoDraw = False
743.5292 	EXP 	blank2_bg: autoDraw = False
743.5292 	EXP 	target_text: autoDraw = False
743.5292 	EXP 	greenCircle: autoDraw = True
743.5292 	EXP 	redCrosss: autoDraw = True
743.6054 	EXP 	Device response: <KeyPress from None: t=743.5105217920063, value=left, duration=0.08832866599550471>
743.7139 	EXP 	blank3_bg: autoDraw = True
743.7201 	EXP 	greenCircle: autoDraw = False
743.7201 	EXP 	redCrosss: autoDraw = False
744.4985 	EXP 	New trial (rep=17, index=3): <Trial 275 (3 in rep 17) data={'prime': 'They have finished the work', 'target': 'They have finished the work', 'condition': 'repetition_related', 'correctAns': 'right', 'thisN': 275, 'thisTrialN': 3, 'thisRepN': 17}>
744.5138 	EXP 	blank3_bg: autoDraw = False
744.5138 	EXP 	blank3_bg: autoDraw = False
744.5138 	EXP 	greenCircle: autoDraw = False
744.5138 	EXP 	redCrosss: autoDraw = False
744.5138 	EXP 	text: text = 'Take a short break! Press any key to continue.'
744.5138 	EXP 	text: autoDraw = False
744.5138 	EXP 	prime_text: height = np.float64(0.05)
744.5138 	EXP 	prime_text: height = np.float64(0.05)
744.5138 	EXP 	prime_text: height = np.float64(0.05)
744.5138 	EXP 	prime_text: text = 'They have finished the work'
744.5138 	EXP 	target_text: height = np.float64(0.05)
744.5138 	EXP 	target_text: height = np.float64(0.05)
744.5138 	EXP 	target_text: height = np.float64(0.05)
744.5138 	EXP 	target_text: text = 'They have finished the work'
744.5138 	EXP 	fix_text: autoDraw = True
744.7406 	EXP 	blank1_bg: autoDraw = True
744.7547 	EXP 	fix_text: autoDraw = False
744.9375 	EXP 	blank1_bg: autoDraw = False
744.9375 	EXP 	prime_text: autoDraw = True
745.1319 	EXP 	prime_text: autoDraw = False
745.1386 	EXP 	blank2_bg: autoDraw = True
745.2317 	EXP 	blank2_bg: autoDraw = False
745.2382 	INFO 	Keyboard events cleared
745.2380 	EXP 	target_text: autoDraw = True
745.8712 	EXP 	Device response: <KeyPress from None: t=745.8693933750037, value=right, duration=None>
745.8785 	DATA 	Keypress: right
745.8841 	EXP 	fix_text: autoDraw = False
745.8841 	EXP 	blank1_bg: autoDraw = False
745.8841 	EXP 	prime_text: autoDraw = False
745.8841 	EXP 	blank2_bg: autoDraw = False
745.8841 	EXP 	target_text: autoDraw = False
745.8841 	EXP 	greenCircle: autoDraw = True
745.8841 	EXP 	redCrosss: autoDraw = True
746.0165 	EXP 	Device response: <KeyPress from None: t=745.8693933750037, value=right, duration=0.1443984170036856>
746.0734 	EXP 	blank3_bg: autoDraw = True
746.0804 	EXP 	greenCircle: autoDraw = False
746.0804 	EXP 	redCrosss: autoDraw = False
746.8655 	EXP 	New trial (rep=17, index=4): <Trial 276 (4 in rep 17) data={'prime': 'The dog is barking loudly', 'target': 'The loudly is barking dog', 'condition': 'repetition_unrelated', 'correctAns': 'left', 'thisN': 276, 'thisTrialN': 4, 'thisRepN': 17}>
746.8740 	EXP 	blank3_bg: autoDraw = False
746.8740 	EXP 	blank3_bg: autoDraw = False
746.8740 	EXP 	greenCircle: autoDraw = False
746.8740 	EXP 	redCrosss: autoDraw = False
746.8740 	EXP 	text: text = 'Take a short break! Press any key to continue.'
746.8740 	EXP 	text: autoDraw = False
746.8740 	EXP 	prime_text: height = np.float64(0.05)
746.8740 	EXP 	prime_text: height = np.float64(0.05)
746.8740 	EXP 	prime_text: height = np.float64(0.05)
746.8740 	EXP 	prime_text: text = 'The dog is barking loudly'
746.8740 	EXP 	target_text: height = np.float64(0.05)
746.8740 	EXP 	target_text: height = np.float64(0.05)
746.8740 	EXP 	target_text: height = np.float64(0.05)
746.8740 	EXP 	target_text: text = 'The loudly is barking dog'
746.8740 	EXP 	fix_text: autoDraw = True
747.1056 	EXP 	blank1_bg: autoDraw = True
747.1219 	EXP 	fix_text: autoDraw = False
747.3051 	EXP 	blank1_bg: autoDraw = False
747.3051 	EXP 	prime_text: autoDraw = True
747.4983 	EXP 	prime_text: autoDraw = False
747.5043 	EXP 	blank2_bg: autoDraw = True
747.5987 	EXP 	blank2_bg: autoDraw = False
747.6059 	INFO 	Keyboard events cleared
747.6058 	EXP 	target_text: autoDraw = True
748.0815 	EXP 	Device response: <KeyPress from None: t=748.0702818330028, value=left, duration=None>
748.0837 	DATA 	Keypress: left
748.0867 	EXP 	fix_text: autoDraw = False
748.0867 	EXP 	blank1_bg: autoDraw = False
748.0867 	EXP 	prime_text: autoDraw = False
748.0867 	EXP 	blank2_bg: autoDraw = False
748.0867 	EXP 	target_text: autoDraw = False
748.0867 	EXP 	greenCircle: autoDraw = True
748.0867 	EXP 	redCrosss: autoDraw = True
748.1826 	EXP 	Device response: <KeyPress from None: t=748.0702818330028, value=left, duration=0.10449091700138524>
748.2733 	EXP 	blank3_bg: autoDraw = True
748.2810 	EXP 	greenCircle: autoDraw = False
748.2810 	EXP 	redCrosss: autoDraw = False
749.0573 	EXP 	New trial (rep=17, index=5): <Trial 277 (5 in rep 17) data={'prime': 'The boy can read fast', 'target': 'The read can boy fast', 'condition': 'repetition_unrelated', 'correctAns': 'left', 'thisN': 277, 'thisTrialN': 5, 'thisRepN': 17}>
749.0729 	EXP 	blank3_bg: autoDraw = False
749.0729 	EXP 	blank3_bg: autoDraw = False
749.0729 	EXP 	greenCircle: autoDraw = False
749.0729 	EXP 	redCrosss: autoDraw = False
749.0729 	EXP 	text: text = 'Take a short break! Press any key to continue.'
749.0729 	EXP 	text: autoDraw = False
749.0729 	EXP 	prime_text: height = np.float64(0.05)
749.0729 	EXP 	prime_text: height = np.float64(0.05)
749.0729 	EXP 	prime_text: height = np.float64(0.05)
749.0729 	EXP 	prime_text: text = 'The boy can read fast'
749.0729 	EXP 	target_text: height = np.float64(0.05)
749.0729 	EXP 	target_text: height = np.float64(0.05)
749.0729 	EXP 	target_text: height = np.float64(0.05)
749.0729 	EXP 	target_text: text = 'The read can boy fast'
749.0729 	EXP 	fix_text: autoDraw = True
749.3066 	EXP 	blank1_bg: autoDraw = True
749.3138 	EXP 	fix_text: autoDraw = False
749.5049 	EXP 	blank1_bg: autoDraw = False
749.5049 	EXP 	prime_text: autoDraw = True
749.6984 	EXP 	prime_text: autoDraw = False
749.7050 	EXP 	blank2_bg: autoDraw = True
749.7987 	EXP 	blank2_bg: autoDraw = False
749.8037 	INFO 	Keyboard events cleared
749.8035 	EXP 	target_text: autoDraw = True
750.7668 	EXP 	Device response: <KeyPress from None: t=750.7623810420046, value=left, duration=None>
750.7751 	DATA 	Keypress: left
750.7794 	EXP 	fix_text: autoDraw = False
750.7794 	EXP 	blank1_bg: autoDraw = False
750.7794 	EXP 	prime_text: autoDraw = False
750.7794 	EXP 	blank2_bg: autoDraw = False
750.7794 	EXP 	target_text: autoDraw = False
750.7794 	EXP 	greenCircle: autoDraw = True
750.7794 	EXP 	redCrosss: autoDraw = True
750.8728 	EXP 	Device response: <KeyPress from None: t=750.7623810420046, value=left, duration=0.10428949999914039>
750.9654 	EXP 	blank3_bg: autoDraw = True
750.9731 	EXP 	greenCircle: autoDraw = False
750.9731 	EXP 	redCrosss: autoDraw = False
751.7495 	EXP 	New trial (rep=17, index=6): <Trial 278 (6 in rep 17) data={'prime': 'They have finished the work', 'target': 'They work the have finished', 'condition': 'transposition_unrelated', 'correctAns': 'left', 'thisN': 278, 'thisTrialN': 6, 'thisRepN': 17}>
751.7666 	EXP 	blank3_bg: autoDraw = False
751.7666 	EXP 	blank3_bg: autoDraw = False
751.7666 	EXP 	greenCircle: autoDraw = False
751.7666 	EXP 	redCrosss: autoDraw = False
751.7666 	EXP 	text: text = 'Take a short break! Press any key to continue.'
751.7666 	EXP 	text: autoDraw = False
751.7666 	EXP 	prime_text: height = np.float64(0.05)
751.7666 	EXP 	prime_text: height = np.float64(0.05)
751.7666 	EXP 	prime_text: height = np.float64(0.05)
751.7666 	EXP 	prime_text: text = 'They have finished the work'
751.7666 	EXP 	target_text: height = np.float64(0.05)
751.7666 	EXP 	target_text: height = np.float64(0.05)
751.7666 	EXP 	target_text: height = np.float64(0.05)
751.7666 	EXP 	target_text: text = 'They work the have finished'
751.7666 	EXP 	fix_text: autoDraw = True
751.9913 	EXP 	blank1_bg: autoDraw = True
752.0139 	EXP 	fix_text: autoDraw = False
752.1846 	EXP 	blank1_bg: autoDraw = False
752.1986 	EXP 	prime_text: autoDraw = True
752.3881 	EXP 	prime_text: autoDraw = False
752.3881 	EXP 	blank2_bg: autoDraw = True
752.4819 	EXP 	blank2_bg: autoDraw = False
752.4882 	INFO 	Keyboard events cleared
752.4880 	EXP 	target_text: autoDraw = True
753.1891 	EXP 	Device response: <KeyPress from None: t=753.1822879170068, value=left, duration=None>
753.1961 	DATA 	Keypress: left
753.2011 	EXP 	fix_text: autoDraw = False
753.2011 	EXP 	blank1_bg: autoDraw = False
753.2011 	EXP 	prime_text: autoDraw = False
753.2011 	EXP 	blank2_bg: autoDraw = False
753.2011 	EXP 	target_text: autoDraw = False
753.2011 	EXP 	greenCircle: autoDraw = True
753.2011 	EXP 	redCrosss: autoDraw = True
753.2714 	EXP 	Device response: <KeyPress from None: t=753.1822879170068, value=left, duration=0.08433437500207219>
753.3901 	EXP 	blank3_bg: autoDraw = True
753.3970 	EXP 	greenCircle: autoDraw = False
753.3970 	EXP 	redCrosss: autoDraw = False
754.1817 	EXP 	New trial (rep=17, index=7): <Trial 279 (7 in rep 17) data={'prime': 'The dog is barking loudly', 'target': 'The dog barking is loudly', 'condition': 'transposition_related', 'correctAns': 'right', 'thisN': 279, 'thisTrialN': 7, 'thisRepN': 17}>
754.1972 	EXP 	blank3_bg: autoDraw = False
754.1972 	EXP 	blank3_bg: autoDraw = False
754.1972 	EXP 	greenCircle: autoDraw = False
754.1972 	EXP 	redCrosss: autoDraw = False
754.1972 	EXP 	text: text = 'Take a short break! Press any key to continue.'
754.1972 	EXP 	text: autoDraw = False
754.1972 	EXP 	prime_text: height = np.float64(0.05)
754.1972 	EXP 	prime_text: height = np.float64(0.05)
754.1972 	EXP 	prime_text: height = np.float64(0.05)
754.1972 	EXP 	prime_text: text = 'The dog is barking loudly'
754.1972 	EXP 	target_text: height = np.float64(0.05)
754.1972 	EXP 	target_text: height = np.float64(0.05)
754.1972 	EXP 	target_text: height = np.float64(0.05)
754.1972 	EXP 	target_text: text = 'The dog barking is loudly'
754.1972 	EXP 	fix_text: autoDraw = True
754.4234 	EXP 	blank1_bg: autoDraw = True
754.4372 	EXP 	fix_text: autoDraw = False
754.6150 	EXP 	blank1_bg: autoDraw = False
754.6216 	EXP 	prime_text: autoDraw = True
754.8150 	EXP 	prime_text: autoDraw = False
754.8218 	EXP 	blank2_bg: autoDraw = True
754.9151 	EXP 	blank2_bg: autoDraw = False
754.9222 	INFO 	Keyboard events cleared
754.9220 	EXP 	target_text: autoDraw = True
756.2508 	EXP 	Device response: <KeyPress from None: t=756.2472502500023, value=left, duration=None>
756.2589 	DATA 	Keypress: left
756.2632 	EXP 	fix_text: autoDraw = False
756.2632 	EXP 	blank1_bg: autoDraw = False
756.2632 	EXP 	prime_text: autoDraw = False
756.2632 	EXP 	blank2_bg: autoDraw = False
756.2632 	EXP 	target_text: autoDraw = False
756.2632 	EXP 	greenCircle: autoDraw = True
756.2632 	EXP 	redCrosss: autoDraw = True
756.3670 	EXP 	Device response: <KeyPress from None: t=756.2472502500023, value=left, duration=0.11634579200472217>
756.4475 	EXP 	blank3_bg: autoDraw = True
756.4559 	EXP 	greenCircle: autoDraw = False
756.4559 	EXP 	redCrosss: autoDraw = False
757.2319 	EXP 	New trial (rep=17, index=8): <Trial 280 (8 in rep 17) data={'prime': 'The boy can read fast', 'target': 'The read can boy fast', 'condition': 'transposition_unrelated', 'correctAns': 'left', 'thisN': 280, 'thisTrialN': 8, 'thisRepN': 17}>
757.2483 	EXP 	blank3_bg: autoDraw = False
757.2483 	EXP 	blank3_bg: autoDraw = False
757.2483 	EXP 	greenCircle: autoDraw = False
757.2483 	EXP 	redCrosss: autoDraw = False
757.2483 	EXP 	text: text = 'Take a short break! Press any key to continue.'
757.2483 	EXP 	text: autoDraw = False
757.2483 	EXP 	prime_text: height = np.float64(0.05)
757.2483 	EXP 	prime_text: height = np.float64(0.05)
757.2483 	EXP 	prime_text: height = np.float64(0.05)
757.2483 	EXP 	prime_text: text = 'The boy can read fast'
757.2483 	EXP 	target_text: height = np.float64(0.05)
757.2483 	EXP 	target_text: height = np.float64(0.05)
757.2483 	EXP 	target_text: height = np.float64(0.05)
757.2483 	EXP 	target_text: text = 'The read can boy fast'
757.2483 	EXP 	fix_text: autoDraw = True
757.4737 	EXP 	blank1_bg: autoDraw = True
757.4987 	EXP 	fix_text: autoDraw = False
757.6722 	EXP 	blank1_bg: autoDraw = False
757.6722 	EXP 	prime_text: autoDraw = True
757.8713 	EXP 	prime_text: autoDraw = False
757.8713 	EXP 	blank2_bg: autoDraw = True
757.9650 	EXP 	blank2_bg: autoDraw = False
757.9716 	INFO 	Keyboard events cleared
757.9715 	EXP 	target_text: autoDraw = True
759.3173 	EXP 	Device response: <KeyPress from None: t=759.3112113329989, value=left, duration=None>
759.3254 	DATA 	Keypress: left
759.3296 	EXP 	fix_text: autoDraw = False
759.3296 	EXP 	blank1_bg: autoDraw = False
759.3296 	EXP 	prime_text: autoDraw = False
759.3296 	EXP 	blank2_bg: autoDraw = False
759.3296 	EXP 	target_text: autoDraw = False
759.3296 	EXP 	greenCircle: autoDraw = True
759.3296 	EXP 	redCrosss: autoDraw = True
759.4334 	EXP 	Device response: <KeyPress from None: t=759.3112113329989, value=left, duration=0.1122097090119496>
759.5143 	EXP 	blank3_bg: autoDraw = True
759.5212 	EXP 	greenCircle: autoDraw = False
759.5212 	EXP 	redCrosss: autoDraw = False
760.2995 	EXP 	New trial (rep=17, index=9): <Trial 281 (9 in rep 17) data={'prime': 'She does not like apples', 'target': 'She not does like apples', 'condition': 'repetition_unrelated', 'correctAns': 'left', 'thisN': 281, 'thisTrialN': 9, 'thisRepN': 17}>
760.3156 	EXP 	blank3_bg: autoDraw = False
760.3156 	EXP 	blank3_bg: autoDraw = False
760.3156 	EXP 	greenCircle: autoDraw = False
760.3156 	EXP 	redCrosss: autoDraw = False
760.3156 	EXP 	text: text = 'Take a short break! Press any key to continue.'
760.3156 	EXP 	text: autoDraw = False
760.3156 	EXP 	prime_text: height = np.float64(0.05)
760.3156 	EXP 	prime_text: height = np.float64(0.05)
760.3156 	EXP 	prime_text: height = np.float64(0.05)
760.3156 	EXP 	prime_text: text = 'She does not like apples'
760.3156 	EXP 	target_text: height = np.float64(0.05)
760.3156 	EXP 	target_text: height = np.float64(0.05)
760.3156 	EXP 	target_text: height = np.float64(0.05)
760.3156 	EXP 	target_text: text = 'She not does like apples'
760.3156 	EXP 	fix_text: autoDraw = True
760.5414 	EXP 	blank1_bg: autoDraw = True
760.5551 	EXP 	fix_text: autoDraw = False
760.7341 	EXP 	blank1_bg: autoDraw = False
760.7485 	EXP 	prime_text: autoDraw = True
760.9380 	EXP 	prime_text: autoDraw = False
760.9380 	EXP 	blank2_bg: autoDraw = True
761.0320 	EXP 	blank2_bg: autoDraw = False
761.0378 	INFO 	Keyboard events cleared
761.0376 	EXP 	target_text: autoDraw = True
761.5166 	EXP 	Device response: <KeyPress from None: t=761.5150481669989, value=left, duration=None>
761.5244 	DATA 	Keypress: left
761.5287 	EXP 	fix_text: autoDraw = False
761.5287 	EXP 	blank1_bg: autoDraw = False
761.5287 	EXP 	prime_text: autoDraw = False
761.5287 	EXP 	blank2_bg: autoDraw = False
761.5287 	EXP 	target_text: autoDraw = False
761.5287 	EXP 	greenCircle: autoDraw = True
761.5287 	EXP 	redCrosss: autoDraw = True
761.6213 	EXP 	Device response: <KeyPress from None: t=761.5150481669989, value=left, duration=0.10430412500863895>
761.7143 	EXP 	blank3_bg: autoDraw = True
761.7212 	EXP 	greenCircle: autoDraw = False
761.7212 	EXP 	redCrosss: autoDraw = False
762.4983 	EXP 	New trial (rep=17, index=10): <Trial 282 (10 in rep 17) data={'prime': 'The dog is barking loudly', 'target': 'The barking dog loudly is', 'condition': 'transposition_unrelated', 'correctAns': 'left', 'thisN': 282, 'thisTrialN': 10, 'thisRepN': 17}>
762.5149 	EXP 	blank3_bg: autoDraw = False
762.5149 	EXP 	blank3_bg: autoDraw = False
762.5149 	EXP 	greenCircle: autoDraw = False
762.5149 	EXP 	redCrosss: autoDraw = False
762.5149 	EXP 	text: text = 'Take a short break! Press any key to continue.'
762.5149 	EXP 	text: autoDraw = False
762.5149 	EXP 	prime_text: height = np.float64(0.05)
762.5149 	EXP 	prime_text: height = np.float64(0.05)
762.5149 	EXP 	prime_text: height = np.float64(0.05)
762.5149 	EXP 	prime_text: text = 'The dog is barking loudly'
762.5149 	EXP 	target_text: height = np.float64(0.05)
762.5149 	EXP 	target_text: height = np.float64(0.05)
762.5149 	EXP 	target_text: height = np.float64(0.05)
762.5149 	EXP 	target_text: text = 'The barking dog loudly is'
762.5149 	EXP 	fix_text: autoDraw = True
762.7414 	EXP 	blank1_bg: autoDraw = True
762.7549 	EXP 	fix_text: autoDraw = False
762.9381 	EXP 	blank1_bg: autoDraw = False
762.9381 	EXP 	prime_text: autoDraw = True
763.1320 	EXP 	prime_text: autoDraw = False
763.1380 	EXP 	blank2_bg: autoDraw = True
763.2320 	EXP 	blank2_bg: autoDraw = False
763.2389 	INFO 	Keyboard events cleared
763.2387 	EXP 	target_text: autoDraw = True
764.0504 	EXP 	Device response: <KeyPress from None: t=764.0471057500108, value=left, duration=None>
764.0589 	DATA 	Keypress: left
764.0632 	EXP 	fix_text: autoDraw = False
764.0632 	EXP 	blank1_bg: autoDraw = False
764.0632 	EXP 	prime_text: autoDraw = False
764.0632 	EXP 	blank2_bg: autoDraw = False
764.0632 	EXP 	target_text: autoDraw = False
764.0632 	EXP 	greenCircle: autoDraw = True
764.0632 	EXP 	redCrosss: autoDraw = True
764.1501 	EXP 	Device response: <KeyPress from None: t=764.0471057500108, value=left, duration=0.1002236669883132>
764.2474 	EXP 	blank3_bg: autoDraw = True
764.2544 	EXP 	greenCircle: autoDraw = False
764.2544 	EXP 	redCrosss: autoDraw = False
765.0310 	EXP 	New trial (rep=17, index=11): <Trial 283 (11 in rep 17) data={'prime': 'The boy can read fast', 'target': 'The boy can read fast', 'condition': 'repetition_related', 'correctAns': 'right', 'thisN': 283, 'thisTrialN': 11, 'thisRepN': 17}>
765.0457 	EXP 	blank3_bg: autoDraw = False
765.0457 	EXP 	blank3_bg: autoDraw = False
765.0457 	EXP 	greenCircle: autoDraw = False
765.0457 	EXP 	redCrosss: autoDraw = False
765.0457 	EXP 	text: text = 'Take a short break! Press any key to continue.'
765.0457 	EXP 	text: autoDraw = False
765.0457 	EXP 	prime_text: height = np.float64(0.05)
765.0457 	EXP 	prime_text: height = np.float64(0.05)
765.0457 	EXP 	prime_text: height = np.float64(0.05)
765.0457 	EXP 	prime_text: text = 'The boy can read fast'
765.0457 	EXP 	target_text: height = np.float64(0.05)
765.0457 	EXP 	target_text: height = np.float64(0.05)
765.0457 	EXP 	target_text: height = np.float64(0.05)
765.0457 	EXP 	target_text: text = 'The boy can read fast'
765.0457 	EXP 	fix_text: autoDraw = True
765.2736 	EXP 	blank1_bg: autoDraw = True
765.2876 	EXP 	fix_text: autoDraw = False
765.4717 	EXP 	blank1_bg: autoDraw = False
765.4717 	EXP 	prime_text: autoDraw = True
765.6651 	EXP 	prime_text: autoDraw = False
765.6714 	EXP 	blank2_bg: autoDraw = True
765.7653 	EXP 	blank2_bg: autoDraw = False
765.7715 	INFO 	Keyboard events cleared
765.7713 	EXP 	target_text: autoDraw = True
766.5334 	EXP 	Device response: <KeyPress from None: t=766.5229818330117, value=right, duration=None>
766.5411 	DATA 	Keypress: right
766.5454 	EXP 	fix_text: autoDraw = False
766.5454 	EXP 	blank1_bg: autoDraw = False
766.5454 	EXP 	prime_text: autoDraw = False
766.5454 	EXP 	blank2_bg: autoDraw = False
766.5454 	EXP 	target_text: autoDraw = False
766.5454 	EXP 	greenCircle: autoDraw = True
766.5454 	EXP 	redCrosss: autoDraw = True
766.6836 	EXP 	Device response: <KeyPress from None: t=766.5229818330117, value=right, duration=0.1563869999954477>
766.7320 	EXP 	blank3_bg: autoDraw = True
766.7397 	EXP 	greenCircle: autoDraw = False
766.7397 	EXP 	redCrosss: autoDraw = False
767.5205 	EXP 	New trial (rep=17, index=12): <Trial 284 (12 in rep 17) data={'prime': 'The dog is barking loudly', 'target': 'The dog is barking loudly', 'condition': 'repetition_related', 'correctAns': 'right', 'thisN': 284, 'thisTrialN': 12, 'thisRepN': 17}>
767.5347 	EXP 	blank3_bg: autoDraw = False
767.5347 	EXP 	blank3_bg: autoDraw = False
767.5347 	EXP 	greenCircle: autoDraw = False
767.5347 	EXP 	redCrosss: autoDraw = False
767.5347 	EXP 	text: text = 'Take a short break! Press any key to continue.'
767.5347 	EXP 	text: autoDraw = False
767.5347 	EXP 	prime_text: height = np.float64(0.05)
767.5347 	EXP 	prime_text: height = np.float64(0.05)
767.5347 	EXP 	prime_text: height = np.float64(0.05)
767.5347 	EXP 	prime_text: text = 'The dog is barking loudly'
767.5347 	EXP 	target_text: height = np.float64(0.05)
767.5347 	EXP 	target_text: height = np.float64(0.05)
767.5347 	EXP 	target_text: height = np.float64(0.05)
767.5347 	EXP 	target_text: text = 'The dog is barking loudly'
767.5347 	EXP 	fix_text: autoDraw = True
767.7654 	EXP 	blank1_bg: autoDraw = True
767.7804 	EXP 	fix_text: autoDraw = False
767.9527 	EXP 	blank1_bg: autoDraw = False
767.9654 	EXP 	prime_text: autoDraw = True
768.1531 	EXP 	prime_text: autoDraw = False
768.1650 	EXP 	blank2_bg: autoDraw = True
768.2537 	EXP 	blank2_bg: autoDraw = False
768.2654 	INFO 	Keyboard events cleared
768.2651 	EXP 	target_text: autoDraw = True
768.6169 	EXP 	Device response: <KeyPress from None: t=768.6098979579983, value=left, duration=None>
768.6253 	DATA 	Keypress: left
768.6295 	EXP 	fix_text: autoDraw = False
768.6295 	EXP 	blank1_bg: autoDraw = False
768.6295 	EXP 	prime_text: autoDraw = False
768.6295 	EXP 	blank2_bg: autoDraw = False
768.6295 	EXP 	target_text: autoDraw = False
768.6295 	EXP 	greenCircle: autoDraw = True
768.6295 	EXP 	redCrosss: autoDraw = True
768.7334 	EXP 	Device response: <KeyPress from None: t=768.6098979579983, value=left, duration=0.1164127920055762>
768.8149 	EXP 	blank3_bg: autoDraw = True
768.8233 	EXP 	greenCircle: autoDraw = False
768.8233 	EXP 	redCrosss: autoDraw = False
769.6047 	EXP 	New trial (rep=17, index=13): <Trial 285 (13 in rep 17) data={'prime': 'She does not like apples', 'target': 'She does not like apples', 'condition': 'repetition_related', 'correctAns': 'right', 'thisN': 285, 'thisTrialN': 13, 'thisRepN': 17}>
769.6189 	EXP 	blank3_bg: autoDraw = False
769.6189 	EXP 	blank3_bg: autoDraw = False
769.6189 	EXP 	greenCircle: autoDraw = False
769.6189 	EXP 	redCrosss: autoDraw = False
769.6189 	EXP 	text: text = 'Take a short break! Press any key to continue.'
769.6189 	EXP 	text: autoDraw = False
769.6189 	EXP 	prime_text: height = np.float64(0.05)
769.6189 	EXP 	prime_text: height = np.float64(0.05)
769.6189 	EXP 	prime_text: height = np.float64(0.05)
769.6189 	EXP 	prime_text: text = 'She does not like apples'
769.6189 	EXP 	target_text: height = np.float64(0.05)
769.6189 	EXP 	target_text: height = np.float64(0.05)
769.6189 	EXP 	target_text: height = np.float64(0.05)
769.6189 	EXP 	target_text: text = 'She does not like apples'
769.6189 	EXP 	fix_text: autoDraw = True
769.8478 	EXP 	blank1_bg: autoDraw = True
769.8637 	EXP 	fix_text: autoDraw = False
770.0341 	EXP 	blank1_bg: autoDraw = False
770.0551 	EXP 	prime_text: autoDraw = True
770.2486 	EXP 	prime_text: autoDraw = False
770.2486 	EXP 	blank2_bg: autoDraw = True
770.3364 	EXP 	blank2_bg: autoDraw = False
770.3555 	INFO 	Keyboard events cleared
770.3553 	EXP 	target_text: autoDraw = True
770.9999 	EXP 	Device response: <KeyPress from None: t=770.993950707998, value=right, duration=None>
771.0078 	DATA 	Keypress: right
771.0121 	EXP 	fix_text: autoDraw = False
771.0121 	EXP 	blank1_bg: autoDraw = False
771.0121 	EXP 	prime_text: autoDraw = False
771.0121 	EXP 	blank2_bg: autoDraw = False
771.0121 	EXP 	target_text: autoDraw = False
771.0121 	EXP 	greenCircle: autoDraw = True
771.0121 	EXP 	redCrosss: autoDraw = True
771.1335 	EXP 	Device response: <KeyPress from None: t=770.993950707998, value=right, duration=0.13621262500237208>
771.1974 	EXP 	blank3_bg: autoDraw = True
771.2044 	EXP 	greenCircle: autoDraw = False
771.2044 	EXP 	redCrosss: autoDraw = False
771.9828 	EXP 	New trial (rep=17, index=14): <Trial 286 (14 in rep 17) data={'prime': 'She does not like apples', 'target': 'She like does apples not', 'condition': 'transposition_unrelated', 'correctAns': 'left', 'thisN': 286, 'thisTrialN': 14, 'thisRepN': 17}>
771.9945 	EXP 	blank3_bg: autoDraw = False
771.9945 	EXP 	blank3_bg: autoDraw = False
771.9945 	EXP 	greenCircle: autoDraw = False
771.9945 	EXP 	redCrosss: autoDraw = False
771.9945 	EXP 	text: text = 'Take a short break! Press any key to continue.'
771.9945 	EXP 	text: autoDraw = False
771.9945 	EXP 	prime_text: text = 'She does not like apples'
771.9945 	EXP 	target_text: height = np.float64(0.05)
771.9945 	EXP 	target_text: height = np.float64(0.05)
771.9945 	EXP 	target_text: height = np.float64(0.05)
771.9945 	EXP 	target_text: text = 'She like does apples not'
771.9945 	EXP 	fix_text: autoDraw = True
772.2234 	EXP 	blank1_bg: autoDraw = True
772.2371 	EXP 	fix_text: autoDraw = False
772.4219 	EXP 	blank1_bg: autoDraw = False
772.4219 	EXP 	prime_text: autoDraw = True
772.6212 	EXP 	prime_text: autoDraw = False
772.6212 	EXP 	blank2_bg: autoDraw = True
772.7151 	EXP 	blank2_bg: autoDraw = False
772.7218 	INFO 	Keyboard events cleared
772.7216 	EXP 	target_text: autoDraw = True
773.3667 	EXP 	Device response: <KeyPress from None: t=773.3578090829978, value=left, duration=None>
773.3739 	DATA 	Keypress: left
773.3781 	EXP 	fix_text: autoDraw = False
773.3781 	EXP 	blank1_bg: autoDraw = False
773.3781 	EXP 	prime_text: autoDraw = False
773.3781 	EXP 	blank2_bg: autoDraw = False
773.3781 	EXP 	target_text: autoDraw = False
773.3781 	EXP 	greenCircle: autoDraw = True
773.3781 	EXP 	redCrosss: autoDraw = True
773.4666 	EXP 	Device response: <KeyPress from None: t=773.3578090829978, value=left, duration=0.101128084002994>
773.5642 	EXP 	blank3_bg: autoDraw = True
773.5708 	EXP 	greenCircle: autoDraw = False
773.5708 	EXP 	redCrosss: autoDraw = False
774.3482 	EXP 	New trial (rep=17, index=15): <Trial 287 (15 in rep 17) data={'prime': 'They have finished the work', 'target': 'They finished have the work', 'condition': 'transposition_related', 'correctAns': 'right', 'thisN': 287, 'thisTrialN': 15, 'thisRepN': 17}>
774.3639 	EXP 	blank3_bg: autoDraw = False
774.3639 	EXP 	blank3_bg: autoDraw = False
774.3639 	EXP 	greenCircle: autoDraw = False
774.3639 	EXP 	redCrosss: autoDraw = False
774.3639 	EXP 	text: text = 'Take a short break! Press any key to continue.'
774.3639 	EXP 	text: autoDraw = False
774.3639 	EXP 	prime_text: height = np.float64(0.05)
774.3639 	EXP 	prime_text: height = np.float64(0.05)
774.3639 	EXP 	prime_text: height = np.float64(0.05)
774.3639 	EXP 	prime_text: text = 'They have finished the work'
774.3639 	EXP 	target_text: height = np.float64(0.05)
774.3639 	EXP 	target_text: height = np.float64(0.05)
774.3639 	EXP 	target_text: height = np.float64(0.05)
774.3639 	EXP 	target_text: text = 'They finished have the work'
774.3639 	EXP 	fix_text: autoDraw = True
774.5912 	EXP 	blank1_bg: autoDraw = True
774.6068 	EXP 	fix_text: autoDraw = False
774.7872 	EXP 	blank1_bg: autoDraw = False
774.7872 	EXP 	prime_text: autoDraw = True
774.9817 	EXP 	prime_text: autoDraw = False
774.9882 	EXP 	blank2_bg: autoDraw = True
775.0816 	EXP 	blank2_bg: autoDraw = False
775.0888 	INFO 	Keyboard events cleared
775.0886 	EXP 	target_text: autoDraw = True
775.8164 	EXP 	Device response: <KeyPress from None: t=775.8067492080008, value=left, duration=None>
775.8238 	DATA 	Keypress: left
775.8280 	EXP 	fix_text: autoDraw = False
775.8280 	EXP 	blank1_bg: autoDraw = False
775.8280 	EXP 	prime_text: autoDraw = False
775.8280 	EXP 	blank2_bg: autoDraw = False
775.8280 	EXP 	target_text: autoDraw = False
775.8280 	EXP 	greenCircle: autoDraw = True
775.8280 	EXP 	redCrosss: autoDraw = True
775.9559 	EXP 	Device response: <KeyPress from None: t=775.8067492080008, value=left, duration=0.14437687500321772>
776.0139 	EXP 	blank3_bg: autoDraw = True
776.0208 	EXP 	greenCircle: autoDraw = False
776.0208 	EXP 	redCrosss: autoDraw = False
776.7977 	EXP 	New trial (rep=18, index=0): <Trial 288 (0 in rep 18) data={'prime': 'They have finished the work', 'target': 'They finished have the work', 'condition': 'transposition_related', 'correctAns': 'right', 'thisN': 288, 'thisTrialN': 0, 'thisRepN': 18}>
776.8034 	EXP 	blank3_bg: autoDraw = False
776.8034 	EXP 	blank3_bg: autoDraw = False
776.8034 	EXP 	greenCircle: autoDraw = False
776.8034 	EXP 	redCrosss: autoDraw = False
776.8034 	EXP 	text: text = 'Take a short break! Press any key to continue.'
776.8034 	EXP 	text: autoDraw = False
776.8034 	EXP 	prime_text: text = 'They have finished the work'
776.8034 	EXP 	target_text: text = 'They finished have the work'
776.8034 	EXP 	fix_text: autoDraw = True
777.0395 	EXP 	blank1_bg: autoDraw = True
777.0471 	EXP 	fix_text: autoDraw = False
777.2382 	EXP 	blank1_bg: autoDraw = False
777.2382 	EXP 	prime_text: autoDraw = True
777.4319 	EXP 	prime_text: autoDraw = False
777.4376 	EXP 	blank2_bg: autoDraw = True
777.5320 	EXP 	blank2_bg: autoDraw = False
777.5381 	INFO 	Keyboard events cleared
777.5380 	EXP 	target_text: autoDraw = True
780.0542 	EXP 	Device response: <KeyPress from None: t=780.0528055830073, value=left, duration=None>
780.0616 	DATA 	Keypress: left
780.0670 	EXP 	fix_text: autoDraw = False
780.0670 	EXP 	blank1_bg: autoDraw = False
780.0670 	EXP 	prime_text: autoDraw = False
780.0670 	EXP 	blank2_bg: autoDraw = False
780.0670 	EXP 	target_text: autoDraw = False
780.0670 	EXP 	greenCircle: autoDraw = True
780.0670 	EXP 	redCrosss: autoDraw = True
780.1163 	EXP 	Device response: <KeyPress from None: t=780.0528055830073, value=left, duration=0.0623793749982724>
780.2480 	EXP 	blank3_bg: autoDraw = True
780.2637 	EXP 	greenCircle: autoDraw = False
780.2637 	EXP 	redCrosss: autoDraw = False
781.0331 	EXP 	New trial (rep=18, index=1): <Trial 289 (1 in rep 18) data={'prime': 'They have finished the work', 'target': 'They work the have finished', 'condition': 'transposition_unrelated', 'correctAns': 'left', 'thisN': 289, 'thisTrialN': 1, 'thisRepN': 18}>
781.0449 	EXP 	blank3_bg: autoDraw = False
781.0449 	EXP 	blank3_bg: autoDraw = False
781.0449 	EXP 	greenCircle: autoDraw = False
781.0449 	EXP 	redCrosss: autoDraw = False
781.0449 	EXP 	text: text = 'Take a short break! Press any key to continue.'
781.0449 	EXP 	text: autoDraw = False
781.0449 	EXP 	prime_text: text = 'They have finished the work'
781.0449 	EXP 	target_text: height = np.float64(0.05)
781.0449 	EXP 	target_text: height = np.float64(0.05)
781.0449 	EXP 	target_text: height = np.float64(0.05)
781.0449 	EXP 	target_text: text = 'They work the have finished'
781.0449 	EXP 	fix_text: autoDraw = True
781.2809 	EXP 	blank1_bg: autoDraw = True
781.2872 	EXP 	fix_text: autoDraw = False
781.4700 	EXP 	blank1_bg: autoDraw = False
781.4817 	EXP 	prime_text: autoDraw = True
781.6702 	EXP 	prime_text: autoDraw = False
781.6818 	EXP 	blank2_bg: autoDraw = True
781.7700 	EXP 	blank2_bg: autoDraw = False
781.7819 	INFO 	Keyboard events cleared
781.7817 	EXP 	target_text: autoDraw = True
782.3712 	EXP 	Device response: <KeyPress from None: t=782.3662834999996, value=left, duration=None>
782.3784 	DATA 	Keypress: left
782.3843 	EXP 	fix_text: autoDraw = False
782.3843 	EXP 	blank1_bg: autoDraw = False
782.3843 	EXP 	prime_text: autoDraw = False
782.3843 	EXP 	blank2_bg: autoDraw = False
782.3843 	EXP 	target_text: autoDraw = False
782.3843 	EXP 	greenCircle: autoDraw = True
782.3843 	EXP 	redCrosss: autoDraw = True
782.4837 	EXP 	Device response: <KeyPress from None: t=782.3662834999996, value=left, duration=0.11237491700740065>
782.5642 	EXP 	blank3_bg: autoDraw = True
782.5815 	EXP 	greenCircle: autoDraw = False
782.5815 	EXP 	redCrosss: autoDraw = False
783.3493 	EXP 	New trial (rep=18, index=2): <Trial 290 (2 in rep 18) data={'prime': 'The boy can read fast', 'target': 'The read can boy fast', 'condition': 'repetition_unrelated', 'correctAns': 'left', 'thisN': 290, 'thisTrialN': 2, 'thisRepN': 18}>
783.3646 	EXP 	blank3_bg: autoDraw = False
783.3646 	EXP 	blank3_bg: autoDraw = False
783.3646 	EXP 	greenCircle: autoDraw = False
783.3646 	EXP 	redCrosss: autoDraw = False
783.3646 	EXP 	text: text = 'Take a short break! Press any key to continue.'
783.3646 	EXP 	text: autoDraw = False
783.3646 	EXP 	prime_text: height = np.float64(0.05)
783.3646 	EXP 	prime_text: height = np.float64(0.05)
783.3646 	EXP 	prime_text: height = np.float64(0.05)
783.3646 	EXP 	prime_text: text = 'The boy can read fast'
783.3646 	EXP 	target_text: height = np.float64(0.05)
783.3646 	EXP 	target_text: height = np.float64(0.05)
783.3646 	EXP 	target_text: height = np.float64(0.05)
783.3646 	EXP 	target_text: text = 'The read can boy fast'
783.3646 	EXP 	fix_text: autoDraw = True
783.5903 	EXP 	blank1_bg: autoDraw = True
783.6037 	EXP 	fix_text: autoDraw = False
783.7885 	EXP 	blank1_bg: autoDraw = False
783.7885 	EXP 	prime_text: autoDraw = True
783.9820 	EXP 	prime_text: autoDraw = False
783.9880 	EXP 	blank2_bg: autoDraw = True
784.0815 	EXP 	blank2_bg: autoDraw = False
784.0887 	INFO 	Keyboard events cleared
784.0885 	EXP 	target_text: autoDraw = True
784.7168 	EXP 	Device response: <KeyPress from None: t=784.714312666998, value=left, duration=None>
784.7246 	DATA 	Keypress: left
784.7288 	EXP 	fix_text: autoDraw = False
784.7288 	EXP 	blank1_bg: autoDraw = False
784.7288 	EXP 	prime_text: autoDraw = False
784.7288 	EXP 	blank2_bg: autoDraw = False
784.7288 	EXP 	target_text: autoDraw = False
784.7288 	EXP 	greenCircle: autoDraw = True
784.7288 	EXP 	redCrosss: autoDraw = True
784.8224 	EXP 	Device response: <KeyPress from None: t=784.714312666998, value=left, duration=0.10431166600028519>
784.9142 	EXP 	blank3_bg: autoDraw = True
784.9220 	EXP 	greenCircle: autoDraw = False
784.9220 	EXP 	redCrosss: autoDraw = False
785.6994 	EXP 	New trial (rep=18, index=3): <Trial 291 (3 in rep 18) data={'prime': 'The boy can read fast', 'target': 'The boy can read fast', 'condition': 'transposition_related', 'correctAns': 'right', 'thisN': 291, 'thisTrialN': 3, 'thisRepN': 18}>
785.7104 	EXP 	blank3_bg: autoDraw = False
785.7104 	EXP 	blank3_bg: autoDraw = False
785.7104 	EXP 	greenCircle: autoDraw = False
785.7104 	EXP 	redCrosss: autoDraw = False
785.7104 	EXP 	text: text = 'Take a short break! Press any key to continue.'
785.7104 	EXP 	text: autoDraw = False
785.7104 	EXP 	prime_text: text = 'The boy can read fast'
785.7104 	EXP 	target_text: height = np.float64(0.05)
785.7104 	EXP 	target_text: height = np.float64(0.05)
785.7104 	EXP 	target_text: height = np.float64(0.05)
785.7104 	EXP 	target_text: text = 'The boy can read fast'
785.7104 	EXP 	fix_text: autoDraw = True
785.9405 	EXP 	blank1_bg: autoDraw = True
785.9540 	EXP 	fix_text: autoDraw = False
786.1381 	EXP 	blank1_bg: autoDraw = False
786.1381 	EXP 	prime_text: autoDraw = True
786.3316 	EXP 	prime_text: autoDraw = False
786.3382 	EXP 	blank2_bg: autoDraw = True
786.4316 	EXP 	blank2_bg: autoDraw = False
786.4384 	INFO 	Keyboard events cleared
786.4382 	EXP 	target_text: autoDraw = True
787.1002 	EXP 	Device response: <KeyPress from None: t=787.0942292920081, value=right, duration=None>
787.1084 	DATA 	Keypress: right
787.1128 	EXP 	fix_text: autoDraw = False
787.1128 	EXP 	blank1_bg: autoDraw = False
787.1128 	EXP 	prime_text: autoDraw = False
787.1128 	EXP 	blank2_bg: autoDraw = False
787.1128 	EXP 	target_text: autoDraw = False
787.1128 	EXP 	greenCircle: autoDraw = True
787.1128 	EXP 	redCrosss: autoDraw = True
787.2057 	EXP 	Device response: <KeyPress from None: t=787.0942292920081, value=right, duration=0.10826749999250751>
787.2981 	EXP 	blank3_bg: autoDraw = True
787.3062 	EXP 	greenCircle: autoDraw = False
787.3062 	EXP 	redCrosss: autoDraw = False
788.0816 	EXP 	New trial (rep=18, index=4): <Trial 292 (4 in rep 18) data={'prime': 'She does not like apples', 'target': 'She like does apples not', 'condition': 'transposition_unrelated', 'correctAns': 'left', 'thisN': 292, 'thisTrialN': 4, 'thisRepN': 18}>
788.0974 	EXP 	blank3_bg: autoDraw = False
788.0974 	EXP 	blank3_bg: autoDraw = False
788.0974 	EXP 	greenCircle: autoDraw = False
788.0974 	EXP 	redCrosss: autoDraw = False
788.0974 	EXP 	text: text = 'Take a short break! Press any key to continue.'
788.0974 	EXP 	text: autoDraw = False
788.0974 	EXP 	prime_text: height = np.float64(0.05)
788.0974 	EXP 	prime_text: height = np.float64(0.05)
788.0974 	EXP 	prime_text: height = np.float64(0.05)
788.0974 	EXP 	prime_text: text = 'She does not like apples'
788.0974 	EXP 	target_text: height = np.float64(0.05)
788.0974 	EXP 	target_text: height = np.float64(0.05)
788.0974 	EXP 	target_text: height = np.float64(0.05)
788.0974 	EXP 	target_text: text = 'She like does apples not'
788.0974 	EXP 	fix_text: autoDraw = True
788.3237 	EXP 	blank1_bg: autoDraw = True
788.3393 	EXP 	fix_text: autoDraw = False
788.5149 	EXP 	blank1_bg: autoDraw = False
788.5219 	EXP 	prime_text: autoDraw = True
788.7151 	EXP 	prime_text: autoDraw = False
788.7214 	EXP 	blank2_bg: autoDraw = True
788.8154 	EXP 	blank2_bg: autoDraw = False
788.8217 	INFO 	Keyboard events cleared
788.8215 	EXP 	target_text: autoDraw = True
789.3163 	EXP 	Device response: <KeyPress from None: t=789.305103000006, value=left, duration=None>
789.3230 	DATA 	Keypress: left
789.3272 	EXP 	fix_text: autoDraw = False
789.3272 	EXP 	blank1_bg: autoDraw = False
789.3272 	EXP 	prime_text: autoDraw = False
789.3272 	EXP 	blank2_bg: autoDraw = False
789.3272 	EXP 	target_text: autoDraw = False
789.3272 	EXP 	greenCircle: autoDraw = True
789.3272 	EXP 	redCrosss: autoDraw = True
789.3996 	EXP 	Device response: <KeyPress from None: t=789.305103000006, value=left, duration=0.08841937499528285>
789.5143 	EXP 	blank3_bg: autoDraw = True
789.5206 	EXP 	greenCircle: autoDraw = False
789.5206 	EXP 	redCrosss: autoDraw = False
790.2990 	EXP 	New trial (rep=18, index=5): <Trial 293 (5 in rep 18) data={'prime': 'The dog is barking loudly', 'target': 'The dog barking is loudly', 'condition': 'transposition_related', 'correctAns': 'right', 'thisN': 293, 'thisTrialN': 5, 'thisRepN': 18}>
790.3146 	EXP 	blank3_bg: autoDraw = False
790.3146 	EXP 	blank3_bg: autoDraw = False
790.3146 	EXP 	greenCircle: autoDraw = False
790.3146 	EXP 	redCrosss: autoDraw = False
790.3146 	EXP 	text: text = 'Take a short break! Press any key to continue.'
790.3146 	EXP 	text: autoDraw = False
790.3146 	EXP 	prime_text: height = np.float64(0.05)
790.3146 	EXP 	prime_text: height = np.float64(0.05)
790.3146 	EXP 	prime_text: height = np.float64(0.05)
790.3146 	EXP 	prime_text: text = 'The dog is barking loudly'
790.3146 	EXP 	target_text: height = np.float64(0.05)
790.3146 	EXP 	target_text: height = np.float64(0.05)
790.3146 	EXP 	target_text: height = np.float64(0.05)
790.3146 	EXP 	target_text: text = 'The dog barking is loudly'
790.3146 	EXP 	fix_text: autoDraw = True
790.5407 	EXP 	blank1_bg: autoDraw = True
790.5653 	EXP 	fix_text: autoDraw = False
790.7385 	EXP 	blank1_bg: autoDraw = False
790.7385 	EXP 	prime_text: autoDraw = True
790.9319 	EXP 	prime_text: autoDraw = False
790.9378 	EXP 	blank2_bg: autoDraw = True
791.0322 	EXP 	blank2_bg: autoDraw = False
791.0393 	INFO 	Keyboard events cleared
791.0391 	EXP 	target_text: autoDraw = True
791.6001 	EXP 	Device response: <KeyPress from None: t=791.5920590419992, value=left, duration=None>
791.6079 	DATA 	Keypress: left
791.6121 	EXP 	fix_text: autoDraw = False
791.6121 	EXP 	blank1_bg: autoDraw = False
791.6121 	EXP 	prime_text: autoDraw = False
791.6121 	EXP 	blank2_bg: autoDraw = False
791.6121 	EXP 	target_text: autoDraw = False
791.6121 	EXP 	greenCircle: autoDraw = True
791.6121 	EXP 	redCrosss: autoDraw = True
791.7056 	EXP 	Device response: <KeyPress from None: t=791.5920590419992, value=left, duration=0.10828558300272562>
791.7984 	EXP 	blank3_bg: autoDraw = True
791.8061 	EXP 	greenCircle: autoDraw = False
791.8061 	EXP 	redCrosss: autoDraw = False
792.5886 	EXP 	New trial (rep=18, index=6): <Trial 294 (6 in rep 18) data={'prime': 'She does not like apples', 'target': 'She does not like apples', 'condition': 'repetition_related', 'correctAns': 'right', 'thisN': 294, 'thisTrialN': 6, 'thisRepN': 18}>
792.6027 	EXP 	blank3_bg: autoDraw = False
792.6027 	EXP 	blank3_bg: autoDraw = False
792.6027 	EXP 	greenCircle: autoDraw = False
792.6027 	EXP 	redCrosss: autoDraw = False
792.6027 	EXP 	text: text = 'Take a short break! Press any key to continue.'
792.6027 	EXP 	text: autoDraw = False
792.6027 	EXP 	prime_text: height = np.float64(0.05)
792.6027 	EXP 	prime_text: height = np.float64(0.05)
792.6027 	EXP 	prime_text: height = np.float64(0.05)
792.6027 	EXP 	prime_text: text = 'She does not like apples'
792.6027 	EXP 	target_text: height = np.float64(0.05)
792.6027 	EXP 	target_text: height = np.float64(0.05)
792.6027 	EXP 	target_text: height = np.float64(0.05)
792.6027 	EXP 	target_text: text = 'She does not like apples'
792.6027 	EXP 	fix_text: autoDraw = True
792.8309 	EXP 	blank1_bg: autoDraw = True
792.8469 	EXP 	fix_text: autoDraw = False
793.0177 	EXP 	blank1_bg: autoDraw = False
793.0385 	EXP 	prime_text: autoDraw = True
793.2316 	EXP 	prime_text: autoDraw = False
793.2316 	EXP 	blank2_bg: autoDraw = True
793.3194 	EXP 	blank2_bg: autoDraw = False
793.3388 	INFO 	Keyboard events cleared
793.3386 	EXP 	target_text: autoDraw = True
794.5836 	EXP 	Device response: <KeyPress from None: t=794.5799856250087, value=right, duration=None>
794.5915 	DATA 	Keypress: right
794.5957 	EXP 	fix_text: autoDraw = False
794.5957 	EXP 	blank1_bg: autoDraw = False
794.5957 	EXP 	prime_text: autoDraw = False
794.5957 	EXP 	blank2_bg: autoDraw = False
794.5957 	EXP 	target_text: autoDraw = False
794.5957 	EXP 	greenCircle: autoDraw = True
794.5957 	EXP 	redCrosss: autoDraw = True
794.7001 	EXP 	Device response: <KeyPress from None: t=794.5799856250087, value=right, duration=0.1124077499989653>
794.7810 	EXP 	blank3_bg: autoDraw = True
794.7882 	EXP 	greenCircle: autoDraw = False
794.7882 	EXP 	redCrosss: autoDraw = False
795.5661 	EXP 	New trial (rep=18, index=7): <Trial 295 (7 in rep 18) data={'prime': 'The dog is barking loudly', 'target': 'The loudly is barking dog', 'condition': 'repetition_unrelated', 'correctAns': 'left', 'thisN': 295, 'thisTrialN': 7, 'thisRepN': 18}>
795.5821 	EXP 	blank3_bg: autoDraw = False
795.5821 	EXP 	blank3_bg: autoDraw = False
795.5821 	EXP 	greenCircle: autoDraw = False
795.5821 	EXP 	redCrosss: autoDraw = False
795.5821 	EXP 	text: text = 'Take a short break! Press any key to continue.'
795.5821 	EXP 	text: autoDraw = False
795.5821 	EXP 	prime_text: height = np.float64(0.05)
795.5821 	EXP 	prime_text: height = np.float64(0.05)
795.5821 	EXP 	prime_text: height = np.float64(0.05)
795.5821 	EXP 	prime_text: text = 'The dog is barking loudly'
795.5821 	EXP 	target_text: height = np.float64(0.05)
795.5821 	EXP 	target_text: height = np.float64(0.05)
795.5821 	EXP 	target_text: height = np.float64(0.05)
795.5821 	EXP 	target_text: text = 'The loudly is barking dog'
795.5821 	EXP 	fix_text: autoDraw = True
795.8066 	EXP 	blank1_bg: autoDraw = True
795.8307 	EXP 	fix_text: autoDraw = False
796.0054 	EXP 	blank1_bg: autoDraw = False
796.0054 	EXP 	prime_text: autoDraw = True
796.1983 	EXP 	prime_text: autoDraw = False
796.2048 	EXP 	blank2_bg: autoDraw = True
796.2986 	EXP 	blank2_bg: autoDraw = False
796.3050 	INFO 	Keyboard events cleared
796.3048 	EXP 	target_text: autoDraw = True
796.9335 	EXP 	Device response: <KeyPress from None: t=796.9270124169998, value=left, duration=None>
796.9420 	DATA 	Keypress: left
796.9463 	EXP 	fix_text: autoDraw = False
796.9463 	EXP 	blank1_bg: autoDraw = False
796.9463 	EXP 	prime_text: autoDraw = False
796.9463 	EXP 	blank2_bg: autoDraw = False
796.9463 	EXP 	target_text: autoDraw = False
796.9463 	EXP 	greenCircle: autoDraw = True
796.9463 	EXP 	redCrosss: autoDraw = True
797.0664 	EXP 	Device response: <KeyPress from None: t=796.9270124169998, value=left, duration=0.12824304100649897>
797.1319 	EXP 	blank3_bg: autoDraw = True
797.1388 	EXP 	greenCircle: autoDraw = False
797.1388 	EXP 	redCrosss: autoDraw = False
797.9162 	EXP 	New trial (rep=18, index=8): <Trial 296 (8 in rep 18) data={'prime': 'She does not like apples', 'target': 'She not does like apples', 'condition': 'transposition_related', 'correctAns': 'right', 'thisN': 296, 'thisTrialN': 8, 'thisRepN': 18}>
797.9329 	EXP 	blank3_bg: autoDraw = False
797.9329 	EXP 	blank3_bg: autoDraw = False
797.9329 	EXP 	greenCircle: autoDraw = False
797.9329 	EXP 	redCrosss: autoDraw = False
797.9329 	EXP 	text: text = 'Take a short break! Press any key to continue.'
797.9329 	EXP 	text: autoDraw = False
797.9329 	EXP 	prime_text: height = np.float64(0.05)
797.9329 	EXP 	prime_text: height = np.float64(0.05)
797.9329 	EXP 	prime_text: height = np.float64(0.05)
797.9329 	EXP 	prime_text: text = 'She does not like apples'
797.9329 	EXP 	target_text: height = np.float64(0.05)
797.9329 	EXP 	target_text: height = np.float64(0.05)
797.9329 	EXP 	target_text: height = np.float64(0.05)
797.9329 	EXP 	target_text: text = 'She not does like apples'
797.9329 	EXP 	fix_text: autoDraw = True
798.1570 	EXP 	blank1_bg: autoDraw = True
798.1820 	EXP 	fix_text: autoDraw = False
798.3522 	EXP 	blank1_bg: autoDraw = False
798.3657 	EXP 	prime_text: autoDraw = True
798.5545 	EXP 	prime_text: autoDraw = False
798.5545 	EXP 	blank2_bg: autoDraw = True
798.6486 	EXP 	blank2_bg: autoDraw = False
798.6558 	INFO 	Keyboard events cleared
798.6556 	EXP 	target_text: autoDraw = True
799.3171 	EXP 	Device response: <KeyPress from None: t=799.312192042009, value=left, duration=None>
799.3255 	DATA 	Keypress: left
799.3298 	EXP 	fix_text: autoDraw = False
799.3298 	EXP 	blank1_bg: autoDraw = False
799.3298 	EXP 	prime_text: autoDraw = False
799.3298 	EXP 	blank2_bg: autoDraw = False
799.3298 	EXP 	target_text: autoDraw = False
799.3298 	EXP 	greenCircle: autoDraw = True
799.3298 	EXP 	redCrosss: autoDraw = True
799.4499 	EXP 	Device response: <KeyPress from None: t=799.312192042009, value=left, duration=0.13208154099993408>
799.5140 	EXP 	blank3_bg: autoDraw = True
799.5210 	EXP 	greenCircle: autoDraw = False
799.5210 	EXP 	redCrosss: autoDraw = False
800.2995 	EXP 	New trial (rep=18, index=9): <Trial 297 (9 in rep 18) data={'prime': 'They have finished the work', 'target': 'They finished have the work', 'condition': 'repetition_unrelated', 'correctAns': 'left', 'thisN': 297, 'thisTrialN': 9, 'thisRepN': 18}>
800.3160 	EXP 	blank3_bg: autoDraw = False
800.3160 	EXP 	blank3_bg: autoDraw = False
800.3160 	EXP 	greenCircle: autoDraw = False
800.3160 	EXP 	redCrosss: autoDraw = False
800.3160 	EXP 	text: text = 'Take a short break! Press any key to continue.'
800.3160 	EXP 	text: autoDraw = False
800.3160 	EXP 	prime_text: height = np.float64(0.05)
800.3160 	EXP 	prime_text: height = np.float64(0.05)
800.3160 	EXP 	prime_text: height = np.float64(0.05)
800.3160 	EXP 	prime_text: text = 'They have finished the work'
800.3160 	EXP 	target_text: height = np.float64(0.05)
800.3160 	EXP 	target_text: height = np.float64(0.05)
800.3160 	EXP 	target_text: height = np.float64(0.05)
800.3160 	EXP 	target_text: text = 'They finished have the work'
800.3160 	EXP 	fix_text: autoDraw = True
800.5400 	EXP 	blank1_bg: autoDraw = True
800.5648 	EXP 	fix_text: autoDraw = False
800.7314 	EXP 	blank1_bg: autoDraw = False
800.7486 	EXP 	prime_text: autoDraw = True
800.9382 	EXP 	prime_text: autoDraw = False
800.9382 	EXP 	blank2_bg: autoDraw = True
801.0315 	EXP 	blank2_bg: autoDraw = False
801.0488 	INFO 	Keyboard events cleared
801.0486 	EXP 	target_text: autoDraw = True
801.7001 	EXP 	Device response: <KeyPress from None: t=801.6978768749977, value=left, duration=None>
801.7081 	DATA 	Keypress: left
801.7122 	EXP 	fix_text: autoDraw = False
801.7122 	EXP 	blank1_bg: autoDraw = False
801.7122 	EXP 	prime_text: autoDraw = False
801.7122 	EXP 	blank2_bg: autoDraw = False
801.7122 	EXP 	target_text: autoDraw = False
801.7122 	EXP 	greenCircle: autoDraw = True
801.7122 	EXP 	redCrosss: autoDraw = True
801.8055 	EXP 	Device response: <KeyPress from None: t=801.6978768749977, value=left, duration=0.10430666700995062>
801.8975 	EXP 	blank3_bg: autoDraw = True
801.9053 	EXP 	greenCircle: autoDraw = False
801.9053 	EXP 	redCrosss: autoDraw = False
802.6811 	EXP 	New trial (rep=18, index=10): <Trial 298 (10 in rep 18) data={'prime': 'The boy can read fast', 'target': 'The boy can read fast', 'condition': 'repetition_related', 'correctAns': 'right', 'thisN': 298, 'thisTrialN': 10, 'thisRepN': 18}>
802.6964 	EXP 	blank3_bg: autoDraw = False
802.6964 	EXP 	blank3_bg: autoDraw = False
802.6964 	EXP 	greenCircle: autoDraw = False
802.6964 	EXP 	redCrosss: autoDraw = False
802.6964 	EXP 	text: text = 'Take a short break! Press any key to continue.'
802.6964 	EXP 	text: autoDraw = False
802.6964 	EXP 	prime_text: height = np.float64(0.05)
802.6964 	EXP 	prime_text: height = np.float64(0.05)
802.6964 	EXP 	prime_text: height = np.float64(0.05)
802.6964 	EXP 	prime_text: text = 'The boy can read fast'
802.6964 	EXP 	target_text: height = np.float64(0.05)
802.6964 	EXP 	target_text: height = np.float64(0.05)
802.6964 	EXP 	target_text: height = np.float64(0.05)
802.6964 	EXP 	target_text: text = 'The boy can read fast'
802.6964 	EXP 	fix_text: autoDraw = True
802.9243 	EXP 	blank1_bg: autoDraw = True
802.9373 	EXP 	fix_text: autoDraw = False
803.1207 	EXP 	blank1_bg: autoDraw = False
803.1207 	EXP 	prime_text: autoDraw = True
803.3150 	EXP 	prime_text: autoDraw = False
803.3214 	EXP 	blank2_bg: autoDraw = True
803.4149 	EXP 	blank2_bg: autoDraw = False
803.4218 	INFO 	Keyboard events cleared
803.4216 	EXP 	target_text: autoDraw = True
803.9835 	EXP 	Device response: <KeyPress from None: t=803.9727513329999, value=right, duration=None>
803.9913 	DATA 	Keypress: right
803.9955 	EXP 	fix_text: autoDraw = False
803.9955 	EXP 	blank1_bg: autoDraw = False
803.9955 	EXP 	prime_text: autoDraw = False
803.9955 	EXP 	blank2_bg: autoDraw = False
803.9955 	EXP 	target_text: autoDraw = False
803.9955 	EXP 	greenCircle: autoDraw = True
803.9955 	EXP 	redCrosss: autoDraw = True
804.1056 	EXP 	Device response: <KeyPress from None: t=803.9727513329999, value=right, duration=0.1283340420050081>
804.1804 	EXP 	blank3_bg: autoDraw = True
804.1886 	EXP 	greenCircle: autoDraw = False
804.1886 	EXP 	redCrosss: autoDraw = False
804.9651 	EXP 	New trial (rep=18, index=11): <Trial 299 (11 in rep 18) data={'prime': 'The dog is barking loudly', 'target': 'The barking dog loudly is', 'condition': 'transposition_unrelated', 'correctAns': 'left', 'thisN': 299, 'thisTrialN': 11, 'thisRepN': 18}>
804.9813 	EXP 	blank3_bg: autoDraw = False
804.9813 	EXP 	blank3_bg: autoDraw = False
804.9813 	EXP 	greenCircle: autoDraw = False
804.9813 	EXP 	redCrosss: autoDraw = False
804.9813 	EXP 	text: text = 'Take a short break! Press any key to continue.'
804.9813 	EXP 	text: autoDraw = False
804.9813 	EXP 	prime_text: height = np.float64(0.05)
804.9813 	EXP 	prime_text: height = np.float64(0.05)
804.9813 	EXP 	prime_text: height = np.float64(0.05)
804.9813 	EXP 	prime_text: text = 'The dog is barking loudly'
804.9813 	EXP 	target_text: height = np.float64(0.05)
804.9813 	EXP 	target_text: height = np.float64(0.05)
804.9813 	EXP 	target_text: height = np.float64(0.05)
804.9813 	EXP 	target_text: text = 'The barking dog loudly is'
804.9813 	EXP 	fix_text: autoDraw = True
805.2071 	EXP 	blank1_bg: autoDraw = True
805.2209 	EXP 	fix_text: autoDraw = False
805.4041 	EXP 	blank1_bg: autoDraw = False
805.4041 	EXP 	prime_text: autoDraw = True
805.5987 	EXP 	prime_text: autoDraw = False
805.6035 	EXP 	blank2_bg: autoDraw = True
805.6985 	EXP 	blank2_bg: autoDraw = False
805.7055 	INFO 	Keyboard events cleared
805.7053 	EXP 	target_text: autoDraw = True
806.5387 	EXP 	Device response: <KeyPress from None: t=806.5336594170076, value=left, duration=None>
806.5458 	DATA 	Keypress: left
806.5509 	EXP 	fix_text: autoDraw = False
806.5509 	EXP 	blank1_bg: autoDraw = False
806.5509 	EXP 	prime_text: autoDraw = False
806.5509 	EXP 	blank2_bg: autoDraw = False
806.5509 	EXP 	target_text: autoDraw = False
806.5509 	EXP 	greenCircle: autoDraw = True
806.5509 	EXP 	redCrosss: autoDraw = True
806.6499 	EXP 	Device response: <KeyPress from None: t=806.5336594170076, value=left, duration=0.10838716599391773>
806.7404 	EXP 	blank3_bg: autoDraw = True
806.7471 	EXP 	greenCircle: autoDraw = False
806.7471 	EXP 	redCrosss: autoDraw = False
807.5327 	EXP 	New trial (rep=18, index=12): <Trial 300 (12 in rep 18) data={'prime': 'She does not like apples', 'target': 'She not does like apples', 'condition': 'repetition_unrelated', 'correctAns': 'left', 'thisN': 300, 'thisTrialN': 12, 'thisRepN': 18}>
807.5485 	EXP 	blank3_bg: autoDraw = False
807.5485 	EXP 	blank3_bg: autoDraw = False
807.5485 	EXP 	greenCircle: autoDraw = False
807.5485 	EXP 	redCrosss: autoDraw = False
807.5485 	EXP 	text: text = 'Take a short break! Press any key to continue.'
807.5485 	EXP 	text: autoDraw = False
807.5485 	EXP 	prime_text: height = np.float64(0.05)
807.5485 	EXP 	prime_text: height = np.float64(0.05)
807.5485 	EXP 	prime_text: height = np.float64(0.05)
807.5485 	EXP 	prime_text: text = 'She does not like apples'
807.5485 	EXP 	target_text: height = np.float64(0.05)
807.5485 	EXP 	target_text: height = np.float64(0.05)
807.5485 	EXP 	target_text: height = np.float64(0.05)
807.5485 	EXP 	target_text: text = 'She not does like apples'
807.5485 	EXP 	fix_text: autoDraw = True
807.7740 	EXP 	blank1_bg: autoDraw = True
807.7985 	EXP 	fix_text: autoDraw = False
807.9649 	EXP 	blank1_bg: autoDraw = False
807.9715 	EXP 	prime_text: autoDraw = True
808.1654 	EXP 	prime_text: autoDraw = False
808.1719 	EXP 	blank2_bg: autoDraw = True
808.2652 	EXP 	blank2_bg: autoDraw = False
808.2715 	INFO 	Keyboard events cleared
808.2712 	EXP 	target_text: autoDraw = True
808.8503 	EXP 	Device response: <KeyPress from None: t=808.8416885000042, value=left, duration=None>
808.8584 	DATA 	Keypress: left
808.8626 	EXP 	fix_text: autoDraw = False
808.8626 	EXP 	blank1_bg: autoDraw = False
808.8626 	EXP 	prime_text: autoDraw = False
808.8626 	EXP 	blank2_bg: autoDraw = False
808.8626 	EXP 	target_text: autoDraw = False
808.8626 	EXP 	greenCircle: autoDraw = True
808.8626 	EXP 	redCrosss: autoDraw = True
808.9562 	EXP 	Device response: <KeyPress from None: t=808.8416885000042, value=left, duration=0.10824620799394324>
809.0476 	EXP 	blank3_bg: autoDraw = True
809.0558 	EXP 	greenCircle: autoDraw = False
809.0558 	EXP 	redCrosss: autoDraw = False
809.8332 	EXP 	New trial (rep=18, index=13): <Trial 301 (13 in rep 18) data={'prime': 'The dog is barking loudly', 'target': 'The dog is barking loudly', 'condition': 'repetition_related', 'correctAns': 'right', 'thisN': 301, 'thisTrialN': 13, 'thisRepN': 18}>
809.8491 	EXP 	blank3_bg: autoDraw = False
809.8491 	EXP 	blank3_bg: autoDraw = False
809.8491 	EXP 	greenCircle: autoDraw = False
809.8491 	EXP 	redCrosss: autoDraw = False
809.8491 	EXP 	text: text = 'Take a short break! Press any key to continue.'
809.8491 	EXP 	text: autoDraw = False
809.8491 	EXP 	prime_text: height = np.float64(0.05)
809.8491 	EXP 	prime_text: height = np.float64(0.05)
809.8491 	EXP 	prime_text: height = np.float64(0.05)
809.8491 	EXP 	prime_text: text = 'The dog is barking loudly'
809.8491 	EXP 	target_text: height = np.float64(0.05)
809.8491 	EXP 	target_text: height = np.float64(0.05)
809.8491 	EXP 	target_text: height = np.float64(0.05)
809.8491 	EXP 	target_text: text = 'The dog is barking loudly'
809.8491 	EXP 	fix_text: autoDraw = True
810.0732 	EXP 	blank1_bg: autoDraw = True
810.0987 	EXP 	fix_text: autoDraw = False
810.2702 	EXP 	blank1_bg: autoDraw = False
810.2816 	EXP 	prime_text: autoDraw = True
810.4809 	EXP 	prime_text: autoDraw = False
810.4809 	EXP 	blank2_bg: autoDraw = True
810.5692 	EXP 	blank2_bg: autoDraw = False
810.5812 	INFO 	Keyboard events cleared
810.5809 	EXP 	target_text: autoDraw = True
811.2670 	EXP 	Device response: <KeyPress from None: t=811.2555945420027, value=right, duration=None>
811.2756 	DATA 	Keypress: right
811.2800 	EXP 	fix_text: autoDraw = False
811.2800 	EXP 	blank1_bg: autoDraw = False
811.2800 	EXP 	prime_text: autoDraw = False
811.2800 	EXP 	blank2_bg: autoDraw = False
811.2800 	EXP 	target_text: autoDraw = False
811.2800 	EXP 	greenCircle: autoDraw = True
811.2800 	EXP 	redCrosss: autoDraw = True
811.3895 	EXP 	Device response: <KeyPress from None: t=811.2555945420027, value=right, duration=0.12836508300097194>
811.4637 	EXP 	blank3_bg: autoDraw = True
811.4711 	EXP 	greenCircle: autoDraw = False
811.4711 	EXP 	redCrosss: autoDraw = False
812.2495 	EXP 	New trial (rep=18, index=14): <Trial 302 (14 in rep 18) data={'prime': 'They have finished the work', 'target': 'They have finished the work', 'condition': 'repetition_related', 'correctAns': 'right', 'thisN': 302, 'thisTrialN': 14, 'thisRepN': 18}>
812.2664 	EXP 	blank3_bg: autoDraw = False
812.2664 	EXP 	blank3_bg: autoDraw = False
812.2664 	EXP 	greenCircle: autoDraw = False
812.2664 	EXP 	redCrosss: autoDraw = False
812.2664 	EXP 	text: text = 'Take a short break! Press any key to continue.'
812.2664 	EXP 	text: autoDraw = False
812.2664 	EXP 	prime_text: height = np.float64(0.05)
812.2664 	EXP 	prime_text: height = np.float64(0.05)
812.2664 	EXP 	prime_text: height = np.float64(0.05)
812.2664 	EXP 	prime_text: text = 'They have finished the work'
812.2664 	EXP 	target_text: height = np.float64(0.05)
812.2664 	EXP 	target_text: height = np.float64(0.05)
812.2664 	EXP 	target_text: height = np.float64(0.05)
812.2664 	EXP 	target_text: text = 'They have finished the work'
812.2664 	EXP 	fix_text: autoDraw = True
812.4907 	EXP 	blank1_bg: autoDraw = True
812.5136 	EXP 	fix_text: autoDraw = False
812.6849 	EXP 	blank1_bg: autoDraw = False
812.6984 	EXP 	prime_text: autoDraw = True
812.8876 	EXP 	prime_text: autoDraw = False
812.8876 	EXP 	blank2_bg: autoDraw = True
812.9816 	EXP 	blank2_bg: autoDraw = False
812.9884 	INFO 	Keyboard events cleared
812.9883 	EXP 	target_text: autoDraw = True
814.9886 	EXP 	Device response: <KeyPress from None: t=814.9875639170059, value=right, duration=None>
814.9961 	DATA 	Keypress: right
815.0011 	EXP 	fix_text: autoDraw = False
815.0011 	EXP 	blank1_bg: autoDraw = False
815.0011 	EXP 	prime_text: autoDraw = False
815.0011 	EXP 	blank2_bg: autoDraw = False
815.0011 	EXP 	target_text: autoDraw = False
815.0011 	EXP 	greenCircle: autoDraw = True
815.0011 	EXP 	redCrosss: autoDraw = True
815.1171 	EXP 	Device response: <KeyPress from None: t=814.9875639170059, value=right, duration=0.12430720799602568>
815.1909 	EXP 	blank3_bg: autoDraw = True
815.1969 	EXP 	greenCircle: autoDraw = False
815.1969 	EXP 	redCrosss: autoDraw = False
815.9826 	EXP 	New trial (rep=18, index=15): <Trial 303 (15 in rep 18) data={'prime': 'The boy can read fast', 'target': 'The read can boy fast', 'condition': 'transposition_unrelated', 'correctAns': 'left', 'thisN': 303, 'thisTrialN': 15, 'thisRepN': 18}>
815.9983 	EXP 	blank3_bg: autoDraw = False
815.9983 	EXP 	blank3_bg: autoDraw = False
815.9983 	EXP 	greenCircle: autoDraw = False
815.9983 	EXP 	redCrosss: autoDraw = False
815.9983 	EXP 	text: text = 'Take a short break! Press any key to continue.'
815.9983 	EXP 	text: autoDraw = False
815.9983 	EXP 	prime_text: height = np.float64(0.05)
815.9983 	EXP 	prime_text: height = np.float64(0.05)
815.9983 	EXP 	prime_text: height = np.float64(0.05)
815.9983 	EXP 	prime_text: text = 'The boy can read fast'
815.9983 	EXP 	target_text: height = np.float64(0.05)
815.9983 	EXP 	target_text: height = np.float64(0.05)
815.9983 	EXP 	target_text: height = np.float64(0.05)
815.9983 	EXP 	target_text: text = 'The read can boy fast'
815.9983 	EXP 	fix_text: autoDraw = True
816.2233 	EXP 	blank1_bg: autoDraw = True
816.2479 	EXP 	fix_text: autoDraw = False
816.4149 	EXP 	blank1_bg: autoDraw = False
816.4218 	EXP 	prime_text: autoDraw = True
816.6217 	EXP 	prime_text: autoDraw = False
816.6217 	EXP 	blank2_bg: autoDraw = True
816.7153 	EXP 	blank2_bg: autoDraw = False
816.7215 	INFO 	Keyboard events cleared
816.7213 	EXP 	target_text: autoDraw = True
817.3054 	EXP 	Device response: <KeyPress from None: t=817.3015360830032, value=left, duration=None>
817.3127 	DATA 	Keypress: left
817.3179 	EXP 	fix_text: autoDraw = False
817.3179 	EXP 	blank1_bg: autoDraw = False
817.3179 	EXP 	prime_text: autoDraw = False
817.3179 	EXP 	blank2_bg: autoDraw = False
817.3179 	EXP 	target_text: autoDraw = False
817.3179 	EXP 	greenCircle: autoDraw = True
817.3179 	EXP 	redCrosss: autoDraw = True
817.4001 	EXP 	Device response: <KeyPress from None: t=817.3015360830032, value=left, duration=0.09631220900337212>
817.5070 	EXP 	blank3_bg: autoDraw = True
817.5137 	EXP 	greenCircle: autoDraw = False
817.5137 	EXP 	redCrosss: autoDraw = False
818.2993 	EXP 	New trial (rep=19, index=0): <Trial 304 (0 in rep 19) data={'prime': 'The boy can read fast', 'target': 'The boy can read fast', 'condition': 'transposition_related', 'correctAns': 'right', 'thisN': 304, 'thisTrialN': 0, 'thisRepN': 19}>
818.3101 	EXP 	blank3_bg: autoDraw = False
818.3101 	EXP 	blank3_bg: autoDraw = False
818.3101 	EXP 	greenCircle: autoDraw = False
818.3101 	EXP 	redCrosss: autoDraw = False
818.3101 	EXP 	text: text = 'Take a short break! Press any key to continue.'
818.3101 	EXP 	text: autoDraw = False
818.3101 	EXP 	prime_text: text = 'The boy can read fast'
818.3101 	EXP 	target_text: height = np.float64(0.05)
818.3101 	EXP 	target_text: height = np.float64(0.05)
818.3101 	EXP 	target_text: height = np.float64(0.05)
818.3101 	EXP 	target_text: text = 'The boy can read fast'
818.3101 	EXP 	fix_text: autoDraw = True
818.5410 	EXP 	blank1_bg: autoDraw = True
818.5545 	EXP 	fix_text: autoDraw = False
818.7360 	EXP 	blank1_bg: autoDraw = False
818.7487 	EXP 	prime_text: autoDraw = True
818.9380 	EXP 	prime_text: autoDraw = False
818.9380 	EXP 	blank2_bg: autoDraw = True
819.0316 	EXP 	blank2_bg: autoDraw = False
819.0384 	INFO 	Keyboard events cleared
819.0383 	EXP 	target_text: autoDraw = True
819.6667 	EXP 	Device response: <KeyPress from None: t=819.6644357920013, value=right, duration=None>
819.6775 	DATA 	Keypress: right
819.6818 	EXP 	fix_text: autoDraw = False
819.6818 	EXP 	blank1_bg: autoDraw = False
819.6818 	EXP 	prime_text: autoDraw = False
819.6818 	EXP 	blank2_bg: autoDraw = False
819.6818 	EXP 	target_text: autoDraw = False
819.6818 	EXP 	greenCircle: autoDraw = True
819.6818 	EXP 	redCrosss: autoDraw = True
819.8060 	EXP 	Device response: <KeyPress from None: t=819.6644357920013, value=right, duration=0.13632666600460652>
819.8647 	EXP 	blank3_bg: autoDraw = True
819.8722 	EXP 	greenCircle: autoDraw = False
819.8722 	EXP 	redCrosss: autoDraw = False
820.6493 	EXP 	New trial (rep=19, index=1): <Trial 305 (1 in rep 19) data={'prime': 'The boy can read fast', 'target': 'The read can boy fast', 'condition': 'transposition_unrelated', 'correctAns': 'left', 'thisN': 305, 'thisTrialN': 1, 'thisRepN': 19}>
820.6605 	EXP 	blank3_bg: autoDraw = False
820.6605 	EXP 	blank3_bg: autoDraw = False
820.6605 	EXP 	greenCircle: autoDraw = False
820.6605 	EXP 	redCrosss: autoDraw = False
820.6605 	EXP 	text: text = 'Take a short break! Press any key to continue.'
820.6605 	EXP 	text: autoDraw = False
820.6605 	EXP 	prime_text: text = 'The boy can read fast'
820.6605 	EXP 	target_text: height = np.float64(0.05)
820.6605 	EXP 	target_text: height = np.float64(0.05)
820.6605 	EXP 	target_text: height = np.float64(0.05)
820.6605 	EXP 	target_text: text = 'The read can boy fast'
820.6605 	EXP 	fix_text: autoDraw = True
820.8905 	EXP 	blank1_bg: autoDraw = True
820.9039 	EXP 	fix_text: autoDraw = False
821.0817 	EXP 	blank1_bg: autoDraw = False
821.0883 	EXP 	prime_text: autoDraw = True
821.2816 	EXP 	prime_text: autoDraw = False
821.2882 	EXP 	blank2_bg: autoDraw = True
821.3816 	EXP 	blank2_bg: autoDraw = False
821.3882 	INFO 	Keyboard events cleared
821.3880 	EXP 	target_text: autoDraw = True
821.9334 	EXP 	Device response: <KeyPress from None: t=821.9274306250009, value=left, duration=None>
821.9416 	DATA 	Keypress: left
821.9458 	EXP 	fix_text: autoDraw = False
821.9458 	EXP 	blank1_bg: autoDraw = False
821.9458 	EXP 	prime_text: autoDraw = False
821.9458 	EXP 	blank2_bg: autoDraw = False
821.9458 	EXP 	target_text: autoDraw = False
821.9458 	EXP 	greenCircle: autoDraw = True
821.9458 	EXP 	redCrosss: autoDraw = True
822.0051 	EXP 	Device response: <KeyPress from None: t=821.9274306250009, value=left, duration=0.07625979201111477>
822.1303 	EXP 	blank3_bg: autoDraw = True
822.1381 	EXP 	greenCircle: autoDraw = False
822.1381 	EXP 	redCrosss: autoDraw = False
822.9149 	EXP 	New trial (rep=19, index=2): <Trial 306 (2 in rep 19) data={'prime': 'The dog is barking loudly', 'target': 'The barking dog loudly is', 'condition': 'transposition_unrelated', 'correctAns': 'left', 'thisN': 306, 'thisTrialN': 2, 'thisRepN': 19}>
822.9306 	EXP 	blank3_bg: autoDraw = False
822.9306 	EXP 	blank3_bg: autoDraw = False
822.9306 	EXP 	greenCircle: autoDraw = False
822.9306 	EXP 	redCrosss: autoDraw = False
822.9306 	EXP 	text: text = 'Take a short break! Press any key to continue.'
822.9306 	EXP 	text: autoDraw = False
822.9306 	EXP 	prime_text: height = np.float64(0.05)
822.9306 	EXP 	prime_text: height = np.float64(0.05)
822.9306 	EXP 	prime_text: height = np.float64(0.05)
822.9306 	EXP 	prime_text: text = 'The dog is barking loudly'
822.9306 	EXP 	target_text: height = np.float64(0.05)
822.9306 	EXP 	target_text: height = np.float64(0.05)
822.9306 	EXP 	target_text: height = np.float64(0.05)
822.9306 	EXP 	target_text: text = 'The barking dog loudly is'
822.9306 	EXP 	fix_text: autoDraw = True
823.1563 	EXP 	blank1_bg: autoDraw = True
823.1704 	EXP 	fix_text: autoDraw = False
823.3482 	EXP 	blank1_bg: autoDraw = False
823.3547 	EXP 	prime_text: autoDraw = True
823.5485 	EXP 	prime_text: autoDraw = False
823.5544 	EXP 	blank2_bg: autoDraw = True
823.6483 	EXP 	blank2_bg: autoDraw = False
823.6553 	INFO 	Keyboard events cleared
823.6551 	EXP 	target_text: autoDraw = True
824.3165 	EXP 	Device response: <KeyPress from None: t=824.3073476249992, value=left, duration=None>
824.3241 	DATA 	Keypress: left
824.3283 	EXP 	fix_text: autoDraw = False
824.3283 	EXP 	blank1_bg: autoDraw = False
824.3283 	EXP 	prime_text: autoDraw = False
824.3283 	EXP 	blank2_bg: autoDraw = False
824.3283 	EXP 	target_text: autoDraw = False
824.3283 	EXP 	greenCircle: autoDraw = True
824.3283 	EXP 	redCrosss: autoDraw = True
824.4220 	EXP 	Device response: <KeyPress from None: t=824.3073476249992, value=left, duration=0.10824837500695139>
824.5142 	EXP 	blank3_bg: autoDraw = True
824.5223 	EXP 	greenCircle: autoDraw = False
824.5223 	EXP 	redCrosss: autoDraw = False
825.2989 	EXP 	New trial (rep=19, index=3): <Trial 307 (3 in rep 19) data={'prime': 'They have finished the work', 'target': 'They work the have finished', 'condition': 'transposition_unrelated', 'correctAns': 'left', 'thisN': 307, 'thisTrialN': 3, 'thisRepN': 19}>
825.3143 	EXP 	blank3_bg: autoDraw = False
825.3143 	EXP 	blank3_bg: autoDraw = False
825.3143 	EXP 	greenCircle: autoDraw = False
825.3143 	EXP 	redCrosss: autoDraw = False
825.3143 	EXP 	text: text = 'Take a short break! Press any key to continue.'
825.3143 	EXP 	text: autoDraw = False
825.3143 	EXP 	prime_text: height = np.float64(0.05)
825.3143 	EXP 	prime_text: height = np.float64(0.05)
825.3143 	EXP 	prime_text: height = np.float64(0.05)
825.3143 	EXP 	prime_text: text = 'They have finished the work'
825.3143 	EXP 	target_text: height = np.float64(0.05)
825.3143 	EXP 	target_text: height = np.float64(0.05)
825.3143 	EXP 	target_text: height = np.float64(0.05)
825.3143 	EXP 	target_text: text = 'They work the have finished'
825.3143 	EXP 	fix_text: autoDraw = True
825.5408 	EXP 	blank1_bg: autoDraw = True
825.5536 	EXP 	fix_text: autoDraw = False
825.7344 	EXP 	blank1_bg: autoDraw = False
825.7484 	EXP 	prime_text: autoDraw = True
825.9375 	EXP 	prime_text: autoDraw = False
825.9375 	EXP 	blank2_bg: autoDraw = True
826.0318 	EXP 	blank2_bg: autoDraw = False
826.0386 	INFO 	Keyboard events cleared
826.0384 	EXP 	target_text: autoDraw = True
826.5390 	EXP 	Device response: <KeyPress from None: t=826.5371797920088, value=left, duration=None>
826.5464 	DATA 	Keypress: left
826.5515 	EXP 	fix_text: autoDraw = False
826.5515 	EXP 	blank1_bg: autoDraw = False
826.5515 	EXP 	prime_text: autoDraw = False
826.5515 	EXP 	blank2_bg: autoDraw = False
826.5515 	EXP 	target_text: autoDraw = False
826.5515 	EXP 	greenCircle: autoDraw = True
826.5515 	EXP 	redCrosss: autoDraw = True
826.6163 	EXP 	Device response: <KeyPress from None: t=826.5371797920088, value=left, duration=0.07645974999468308>
826.7409 	EXP 	blank3_bg: autoDraw = True
826.7469 	EXP 	greenCircle: autoDraw = False
826.7469 	EXP 	redCrosss: autoDraw = False
827.5325 	EXP 	New trial (rep=19, index=4): <Trial 308 (4 in rep 19) data={'prime': 'The boy can read fast', 'target': 'The boy can read fast', 'condition': 'repetition_related', 'correctAns': 'right', 'thisN': 308, 'thisTrialN': 4, 'thisRepN': 19}>
827.5486 	EXP 	blank3_bg: autoDraw = False
827.5486 	EXP 	blank3_bg: autoDraw = False
827.5486 	EXP 	greenCircle: autoDraw = False
827.5486 	EXP 	redCrosss: autoDraw = False
827.5486 	EXP 	text: text = 'Take a short break! Press any key to continue.'
827.5486 	EXP 	text: autoDraw = False
827.5486 	EXP 	prime_text: height = np.float64(0.05)
827.5486 	EXP 	prime_text: height = np.float64(0.05)
827.5486 	EXP 	prime_text: height = np.float64(0.05)
827.5486 	EXP 	prime_text: text = 'The boy can read fast'
827.5486 	EXP 	target_text: height = np.float64(0.05)
827.5486 	EXP 	target_text: height = np.float64(0.05)
827.5486 	EXP 	target_text: height = np.float64(0.05)
827.5486 	EXP 	target_text: text = 'The boy can read fast'
827.5486 	EXP 	fix_text: autoDraw = True
827.7736 	EXP 	blank1_bg: autoDraw = True
827.7982 	EXP 	fix_text: autoDraw = False
827.9650 	EXP 	blank1_bg: autoDraw = False
827.9716 	EXP 	prime_text: autoDraw = True
828.1711 	EXP 	prime_text: autoDraw = False
828.1711 	EXP 	blank2_bg: autoDraw = True
828.2653 	EXP 	blank2_bg: autoDraw = False
828.2715 	INFO 	Keyboard events cleared
828.2713 	EXP 	target_text: autoDraw = True
828.9503 	EXP 	Device response: <KeyPress from None: t=828.9411824170093, value=right, duration=None>
828.9569 	DATA 	Keypress: right
828.9648 	EXP 	fix_text: autoDraw = False
828.9648 	EXP 	blank1_bg: autoDraw = False
828.9648 	EXP 	prime_text: autoDraw = False
828.9648 	EXP 	blank2_bg: autoDraw = False
828.9648 	EXP 	target_text: autoDraw = False
828.9648 	EXP 	greenCircle: autoDraw = True
828.9648 	EXP 	redCrosss: autoDraw = True
829.0889 	EXP 	Device response: <KeyPress from None: t=828.9411824170093, value=right, duration=0.14432016600039788>
829.1474 	EXP 	blank3_bg: autoDraw = True
829.1548 	EXP 	greenCircle: autoDraw = False
829.1548 	EXP 	redCrosss: autoDraw = False
829.9318 	EXP 	New trial (rep=19, index=5): <Trial 309 (5 in rep 19) data={'prime': 'She does not like apples', 'target': 'She not does like apples', 'condition': 'transposition_related', 'correctAns': 'right', 'thisN': 309, 'thisTrialN': 5, 'thisRepN': 19}>
829.9473 	EXP 	blank3_bg: autoDraw = False
829.9473 	EXP 	blank3_bg: autoDraw = False
829.9473 	EXP 	greenCircle: autoDraw = False
829.9473 	EXP 	redCrosss: autoDraw = False
829.9473 	EXP 	text: text = 'Take a short break! Press any key to continue.'
829.9473 	EXP 	text: autoDraw = False
829.9473 	EXP 	prime_text: height = np.float64(0.05)
829.9473 	EXP 	prime_text: height = np.float64(0.05)
829.9473 	EXP 	prime_text: height = np.float64(0.05)
829.9473 	EXP 	prime_text: text = 'She does not like apples'
829.9473 	EXP 	target_text: height = np.float64(0.05)
829.9473 	EXP 	target_text: height = np.float64(0.05)
829.9473 	EXP 	target_text: height = np.float64(0.05)
829.9473 	EXP 	target_text: text = 'She not does like apples'
829.9473 	EXP 	fix_text: autoDraw = True
830.1731 	EXP 	blank1_bg: autoDraw = True
830.1874 	EXP 	fix_text: autoDraw = False
830.3712 	EXP 	blank1_bg: autoDraw = False
830.3712 	EXP 	prime_text: autoDraw = True
830.5650 	EXP 	prime_text: autoDraw = False
830.5714 	EXP 	blank2_bg: autoDraw = True
830.6647 	EXP 	blank2_bg: autoDraw = False
830.6717 	INFO 	Keyboard events cleared
830.6715 	EXP 	target_text: autoDraw = True
831.4001 	EXP 	Device response: <KeyPress from None: t=831.3881615420105, value=left, duration=None>
831.4077 	DATA 	Keypress: left
831.4119 	EXP 	fix_text: autoDraw = False
831.4119 	EXP 	blank1_bg: autoDraw = False
831.4119 	EXP 	prime_text: autoDraw = False
831.4119 	EXP 	blank2_bg: autoDraw = False
831.4119 	EXP 	target_text: autoDraw = False
831.4119 	EXP 	greenCircle: autoDraw = True
831.4119 	EXP 	redCrosss: autoDraw = True
831.4997 	EXP 	Device response: <KeyPress from None: t=831.3881615420105, value=left, duration=0.10027616599109024>
831.5985 	EXP 	blank3_bg: autoDraw = True
831.6059 	EXP 	greenCircle: autoDraw = False
831.6059 	EXP 	redCrosss: autoDraw = False
832.3877 	EXP 	New trial (rep=19, index=6): <Trial 310 (6 in rep 19) data={'prime': 'She does not like apples', 'target': 'She like does apples not', 'condition': 'transposition_unrelated', 'correctAns': 'left', 'thisN': 310, 'thisTrialN': 6, 'thisRepN': 19}>
832.3979 	EXP 	blank3_bg: autoDraw = False
832.3979 	EXP 	blank3_bg: autoDraw = False
832.3979 	EXP 	greenCircle: autoDraw = False
832.3979 	EXP 	redCrosss: autoDraw = False
832.3979 	EXP 	text: text = 'Take a short break! Press any key to continue.'
832.3979 	EXP 	text: autoDraw = False
832.3979 	EXP 	prime_text: text = 'She does not like apples'
832.3979 	EXP 	target_text: height = np.float64(0.05)
832.3979 	EXP 	target_text: height = np.float64(0.05)
832.3979 	EXP 	target_text: height = np.float64(0.05)
832.3979 	EXP 	target_text: text = 'She like does apples not'
832.3979 	EXP 	fix_text: autoDraw = True
832.6319 	EXP 	blank1_bg: autoDraw = True
832.6393 	EXP 	fix_text: autoDraw = False
832.8195 	EXP 	blank1_bg: autoDraw = False
832.8377 	EXP 	prime_text: autoDraw = True
833.0320 	EXP 	prime_text: autoDraw = False
833.0320 	EXP 	blank2_bg: autoDraw = True
833.1203 	EXP 	blank2_bg: autoDraw = False
833.1320 	INFO 	Keyboard events cleared
833.1317 	EXP 	target_text: autoDraw = True
833.7556 	EXP 	Device response: <KeyPress from None: t=833.7520890000014, value=left, duration=None>
833.7628 	DATA 	Keypress: left
833.7679 	EXP 	fix_text: autoDraw = False
833.7679 	EXP 	blank1_bg: autoDraw = False
833.7679 	EXP 	prime_text: autoDraw = False
833.7679 	EXP 	blank2_bg: autoDraw = False
833.7679 	EXP 	target_text: autoDraw = False
833.7679 	EXP 	greenCircle: autoDraw = True
833.7679 	EXP 	redCrosss: autoDraw = True
833.8833 	EXP 	Device response: <KeyPress from None: t=833.7520890000014, value=left, duration=0.12830329200369306>
833.9571 	EXP 	blank3_bg: autoDraw = True
833.9637 	EXP 	greenCircle: autoDraw = False
833.9637 	EXP 	redCrosss: autoDraw = False
834.7493 	EXP 	New trial (rep=19, index=7): <Trial 311 (7 in rep 19) data={'prime': 'They have finished the work', 'target': 'They have finished the work', 'condition': 'repetition_related', 'correctAns': 'right', 'thisN': 311, 'thisTrialN': 7, 'thisRepN': 19}>
834.7643 	EXP 	blank3_bg: autoDraw = False
834.7643 	EXP 	blank3_bg: autoDraw = False
834.7643 	EXP 	greenCircle: autoDraw = False
834.7643 	EXP 	redCrosss: autoDraw = False
834.7643 	EXP 	text: text = 'Take a short break! Press any key to continue.'
834.7643 	EXP 	text: autoDraw = False
834.7643 	EXP 	prime_text: height = np.float64(0.05)
834.7643 	EXP 	prime_text: height = np.float64(0.05)
834.7643 	EXP 	prime_text: height = np.float64(0.05)
834.7643 	EXP 	prime_text: text = 'They have finished the work'
834.7643 	EXP 	target_text: height = np.float64(0.05)
834.7643 	EXP 	target_text: height = np.float64(0.05)
834.7643 	EXP 	target_text: height = np.float64(0.05)
834.7643 	EXP 	target_text: text = 'They have finished the work'
834.7643 	EXP 	fix_text: autoDraw = True
834.9983 	EXP 	blank1_bg: autoDraw = True
835.0064 	EXP 	fix_text: autoDraw = False
835.1985 	EXP 	blank1_bg: autoDraw = False
835.1985 	EXP 	prime_text: autoDraw = True
835.3856 	EXP 	prime_text: autoDraw = False
835.3981 	EXP 	blank2_bg: autoDraw = True
835.4885 	INFO 	Keyboard events cleared
835.4883 	EXP 	blank2_bg: autoDraw = False
835.4883 	EXP 	target_text: autoDraw = True
836.8168 	EXP 	Device response: <KeyPress from None: t=836.8150389580114, value=right, duration=None>
836.8291 	DATA 	Keypress: right
836.8345 	EXP 	fix_text: autoDraw = False
836.8345 	EXP 	blank1_bg: autoDraw = False
836.8345 	EXP 	prime_text: autoDraw = False
836.8345 	EXP 	blank2_bg: autoDraw = False
836.8345 	EXP 	target_text: autoDraw = False
836.8345 	EXP 	greenCircle: autoDraw = True
836.8345 	EXP 	redCrosss: autoDraw = True
836.9834 	EXP 	Device response: <KeyPress from None: t=836.8150389580114, value=right, duration=0.1602030840003863>
837.0239 	EXP 	blank3_bg: autoDraw = True
837.0303 	EXP 	greenCircle: autoDraw = False
837.0303 	EXP 	redCrosss: autoDraw = False
837.8073 	EXP 	New trial (rep=19, index=8): <Trial 312 (8 in rep 19) data={'prime': 'They have finished the work', 'target': 'They finished have the work', 'condition': 'transposition_related', 'correctAns': 'right', 'thisN': 312, 'thisTrialN': 8, 'thisRepN': 19}>
837.8179 	EXP 	blank3_bg: autoDraw = False
837.8179 	EXP 	blank3_bg: autoDraw = False
837.8179 	EXP 	greenCircle: autoDraw = False
837.8179 	EXP 	redCrosss: autoDraw = False
837.8179 	EXP 	text: text = 'Take a short break! Press any key to continue.'
837.8179 	EXP 	text: autoDraw = False
837.8179 	EXP 	prime_text: text = 'They have finished the work'
837.8179 	EXP 	target_text: height = np.float64(0.05)
837.8179 	EXP 	target_text: height = np.float64(0.05)
837.8179 	EXP 	target_text: height = np.float64(0.05)
837.8179 	EXP 	target_text: text = 'They finished have the work'
837.8179 	EXP 	fix_text: autoDraw = True
838.0575 	EXP 	blank1_bg: autoDraw = True
838.0638 	EXP 	fix_text: autoDraw = False
838.2540 	EXP 	blank1_bg: autoDraw = False
838.2540 	EXP 	prime_text: autoDraw = True
838.4486 	EXP 	prime_text: autoDraw = False
838.4546 	EXP 	blank2_bg: autoDraw = True
838.5548 	INFO 	Keyboard events cleared
838.5546 	EXP 	blank2_bg: autoDraw = False
838.5546 	EXP 	target_text: autoDraw = True
839.3162 	EXP 	Device response: <KeyPress from None: t=839.3089846670046, value=left, duration=None>
839.3236 	DATA 	Keypress: left
839.3278 	EXP 	fix_text: autoDraw = False
839.3278 	EXP 	blank1_bg: autoDraw = False
839.3278 	EXP 	prime_text: autoDraw = False
839.3278 	EXP 	blank2_bg: autoDraw = False
839.3278 	EXP 	target_text: autoDraw = False
839.3278 	EXP 	greenCircle: autoDraw = True
839.3278 	EXP 	redCrosss: autoDraw = True
839.4163 	EXP 	Device response: <KeyPress from None: t=839.3089846670046, value=left, duration=0.10432054099510424>
839.5145 	EXP 	blank3_bg: autoDraw = True
839.5216 	EXP 	greenCircle: autoDraw = False
839.5216 	EXP 	redCrosss: autoDraw = False
840.2983 	EXP 	New trial (rep=19, index=9): <Trial 313 (9 in rep 19) data={'prime': 'The dog is barking loudly', 'target': 'The dog is barking loudly', 'condition': 'repetition_related', 'correctAns': 'right', 'thisN': 313, 'thisTrialN': 9, 'thisRepN': 19}>
840.3137 	EXP 	blank3_bg: autoDraw = False
840.3137 	EXP 	blank3_bg: autoDraw = False
840.3137 	EXP 	greenCircle: autoDraw = False
840.3137 	EXP 	redCrosss: autoDraw = False
840.3137 	EXP 	text: text = 'Take a short break! Press any key to continue.'
840.3137 	EXP 	text: autoDraw = False
840.3137 	EXP 	prime_text: height = np.float64(0.05)
840.3137 	EXP 	prime_text: height = np.float64(0.05)
840.3137 	EXP 	prime_text: height = np.float64(0.05)
840.3137 	EXP 	prime_text: text = 'The dog is barking loudly'
840.3137 	EXP 	target_text: height = np.float64(0.05)
840.3137 	EXP 	target_text: height = np.float64(0.05)
840.3137 	EXP 	target_text: height = np.float64(0.05)
840.3137 	EXP 	target_text: text = 'The dog is barking loudly'
840.3137 	EXP 	fix_text: autoDraw = True
840.5404 	EXP 	blank1_bg: autoDraw = True
840.5545 	EXP 	fix_text: autoDraw = False
840.7384 	EXP 	blank1_bg: autoDraw = False
840.7384 	EXP 	prime_text: autoDraw = True
840.9316 	EXP 	prime_text: autoDraw = False
840.9381 	EXP 	blank2_bg: autoDraw = True
841.0319 	EXP 	blank2_bg: autoDraw = False
841.0391 	INFO 	Keyboard events cleared
841.0389 	EXP 	target_text: autoDraw = True
841.5829 	EXP 	Device response: <KeyPress from None: t=841.5809390830109, value=right, duration=None>
841.5901 	DATA 	Keypress: right
841.5943 	EXP 	fix_text: autoDraw = False
841.5943 	EXP 	blank1_bg: autoDraw = False
841.5943 	EXP 	prime_text: autoDraw = False
841.5943 	EXP 	blank2_bg: autoDraw = False
841.5943 	EXP 	target_text: autoDraw = False
841.5943 	EXP 	greenCircle: autoDraw = True
841.5943 	EXP 	redCrosss: autoDraw = True
841.6999 	EXP 	Device response: <KeyPress from None: t=841.5809390830109, value=right, duration=0.1132034170004772>
841.7808 	EXP 	blank3_bg: autoDraw = True
841.7874 	EXP 	greenCircle: autoDraw = False
841.7874 	EXP 	redCrosss: autoDraw = False
842.5648 	EXP 	New trial (rep=19, index=10): <Trial 314 (10 in rep 19) data={'prime': 'She does not like apples', 'target': 'She not does like apples', 'condition': 'repetition_unrelated', 'correctAns': 'left', 'thisN': 314, 'thisTrialN': 10, 'thisRepN': 19}>
842.5806 	EXP 	blank3_bg: autoDraw = False
842.5806 	EXP 	blank3_bg: autoDraw = False
842.5806 	EXP 	greenCircle: autoDraw = False
842.5806 	EXP 	redCrosss: autoDraw = False
842.5806 	EXP 	text: text = 'Take a short break! Press any key to continue.'
842.5806 	EXP 	text: autoDraw = False
842.5806 	EXP 	prime_text: height = np.float64(0.05)
842.5806 	EXP 	prime_text: height = np.float64(0.05)
842.5806 	EXP 	prime_text: height = np.float64(0.05)
842.5806 	EXP 	prime_text: text = 'She does not like apples'
842.5806 	EXP 	target_text: height = np.float64(0.05)
842.5806 	EXP 	target_text: height = np.float64(0.05)
842.5806 	EXP 	target_text: height = np.float64(0.05)
842.5806 	EXP 	target_text: text = 'She not does like apples'
842.5806 	EXP 	fix_text: autoDraw = True
842.8068 	EXP 	blank1_bg: autoDraw = True
842.8203 	EXP 	fix_text: autoDraw = False
842.9986 	EXP 	blank1_bg: autoDraw = False
843.0046 	EXP 	prime_text: autoDraw = True
843.1981 	EXP 	prime_text: autoDraw = False
843.2048 	EXP 	blank2_bg: autoDraw = True
843.2982 	EXP 	blank2_bg: autoDraw = False
843.3052 	INFO 	Keyboard events cleared
843.3050 	EXP 	target_text: autoDraw = True
843.7838 	EXP 	Device response: <KeyPress from None: t=843.77283445801, value=left, duration=None>
843.7911 	DATA 	Keypress: left
843.7952 	EXP 	fix_text: autoDraw = False
843.7952 	EXP 	blank1_bg: autoDraw = False
843.7952 	EXP 	prime_text: autoDraw = False
843.7952 	EXP 	blank2_bg: autoDraw = False
843.7952 	EXP 	target_text: autoDraw = False
843.7952 	EXP 	greenCircle: autoDraw = True
843.7952 	EXP 	redCrosss: autoDraw = True
843.9002 	EXP 	Device response: <KeyPress from None: t=843.77283445801, value=left, duration=0.12041029200190678>
843.9817 	EXP 	blank3_bg: autoDraw = True
843.9897 	EXP 	greenCircle: autoDraw = False
843.9897 	EXP 	redCrosss: autoDraw = False
844.7657 	EXP 	New trial (rep=19, index=11): <Trial 315 (11 in rep 19) data={'prime': 'She does not like apples', 'target': 'She does not like apples', 'condition': 'repetition_related', 'correctAns': 'right', 'thisN': 315, 'thisTrialN': 11, 'thisRepN': 19}>
844.7770 	EXP 	blank3_bg: autoDraw = False
844.7770 	EXP 	blank3_bg: autoDraw = False
844.7770 	EXP 	greenCircle: autoDraw = False
844.7770 	EXP 	redCrosss: autoDraw = False
844.7770 	EXP 	text: text = 'Take a short break! Press any key to continue.'
844.7770 	EXP 	text: autoDraw = False
844.7770 	EXP 	prime_text: text = 'She does not like apples'
844.7770 	EXP 	target_text: height = np.float64(0.05)
844.7770 	EXP 	target_text: height = np.float64(0.05)
844.7770 	EXP 	target_text: height = np.float64(0.05)
844.7770 	EXP 	target_text: text = 'She does not like apples'
844.7770 	EXP 	fix_text: autoDraw = True
845.0075 	EXP 	blank1_bg: autoDraw = True
845.0212 	EXP 	fix_text: autoDraw = False
845.2046 	EXP 	blank1_bg: autoDraw = False
845.2046 	EXP 	prime_text: autoDraw = True
845.3982 	EXP 	prime_text: autoDraw = False
845.4048 	EXP 	blank2_bg: autoDraw = True
845.4986 	EXP 	blank2_bg: autoDraw = False
845.5057 	INFO 	Keyboard events cleared
845.5055 	EXP 	target_text: autoDraw = True
846.0501 	EXP 	Device response: <KeyPress from None: t=846.0457970420102, value=right, duration=None>
846.0576 	DATA 	Keypress: right
846.0618 	EXP 	fix_text: autoDraw = False
846.0618 	EXP 	blank1_bg: autoDraw = False
846.0618 	EXP 	prime_text: autoDraw = False
846.0618 	EXP 	blank2_bg: autoDraw = False
846.0618 	EXP 	target_text: autoDraw = False
846.0618 	EXP 	greenCircle: autoDraw = True
846.0618 	EXP 	redCrosss: autoDraw = True
846.1496 	EXP 	Device response: <KeyPress from None: t=846.0457970420102, value=right, duration=0.10032199999841396>
846.2479 	EXP 	blank3_bg: autoDraw = True
846.2553 	EXP 	greenCircle: autoDraw = False
846.2553 	EXP 	redCrosss: autoDraw = False
847.0317 	EXP 	New trial (rep=19, index=12): <Trial 316 (12 in rep 19) data={'prime': 'The dog is barking loudly', 'target': 'The loudly is barking dog', 'condition': 'repetition_unrelated', 'correctAns': 'left', 'thisN': 316, 'thisTrialN': 12, 'thisRepN': 19}>
847.0463 	EXP 	blank3_bg: autoDraw = False
847.0463 	EXP 	blank3_bg: autoDraw = False
847.0463 	EXP 	greenCircle: autoDraw = False
847.0463 	EXP 	redCrosss: autoDraw = False
847.0463 	EXP 	text: text = 'Take a short break! Press any key to continue.'
847.0463 	EXP 	text: autoDraw = False
847.0463 	EXP 	prime_text: height = np.float64(0.05)
847.0463 	EXP 	prime_text: height = np.float64(0.05)
847.0463 	EXP 	prime_text: height = np.float64(0.05)
847.0463 	EXP 	prime_text: text = 'The dog is barking loudly'
847.0463 	EXP 	target_text: height = np.float64(0.05)
847.0463 	EXP 	target_text: height = np.float64(0.05)
847.0463 	EXP 	target_text: height = np.float64(0.05)
847.0463 	EXP 	target_text: text = 'The loudly is barking dog'
847.0463 	EXP 	fix_text: autoDraw = True
847.2742 	EXP 	blank1_bg: autoDraw = True
847.2878 	EXP 	fix_text: autoDraw = False
847.4648 	EXP 	blank1_bg: autoDraw = False
847.4716 	EXP 	prime_text: autoDraw = True
847.6650 	EXP 	prime_text: autoDraw = False
847.6714 	EXP 	blank2_bg: autoDraw = True
847.7647 	EXP 	blank2_bg: autoDraw = False
847.7719 	INFO 	Keyboard events cleared
847.7717 	EXP 	target_text: autoDraw = True
848.2885 	EXP 	Device response: <KeyPress from None: t=848.2836355000036, value=left, duration=None>
848.2954 	DATA 	Keypress: left
848.3008 	EXP 	fix_text: autoDraw = False
848.3008 	EXP 	blank1_bg: autoDraw = False
848.3008 	EXP 	prime_text: autoDraw = False
848.3008 	EXP 	blank2_bg: autoDraw = False
848.3008 	EXP 	target_text: autoDraw = False
848.3008 	EXP 	greenCircle: autoDraw = True
848.3008 	EXP 	redCrosss: autoDraw = True
848.3843 	EXP 	Device response: <KeyPress from None: t=848.2836355000036, value=left, duration=0.09641108299547341>
848.4901 	EXP 	blank3_bg: autoDraw = True
848.4971 	EXP 	greenCircle: autoDraw = False
848.4971 	EXP 	redCrosss: autoDraw = False
849.2827 	EXP 	New trial (rep=19, index=13): <Trial 317 (13 in rep 19) data={'prime': 'The boy can read fast', 'target': 'The read can boy fast', 'condition': 'repetition_unrelated', 'correctAns': 'left', 'thisN': 317, 'thisTrialN': 13, 'thisRepN': 19}>
849.2975 	EXP 	blank3_bg: autoDraw = False
849.2975 	EXP 	blank3_bg: autoDraw = False
849.2975 	EXP 	greenCircle: autoDraw = False
849.2975 	EXP 	redCrosss: autoDraw = False
849.2975 	EXP 	text: text = 'Take a short break! Press any key to continue.'
849.2975 	EXP 	text: autoDraw = False
849.2975 	EXP 	prime_text: height = np.float64(0.05)
849.2975 	EXP 	prime_text: height = np.float64(0.05)
849.2975 	EXP 	prime_text: height = np.float64(0.05)
849.2975 	EXP 	prime_text: text = 'The boy can read fast'
849.2975 	EXP 	target_text: height = np.float64(0.05)
849.2975 	EXP 	target_text: height = np.float64(0.05)
849.2975 	EXP 	target_text: height = np.float64(0.05)
849.2975 	EXP 	target_text: text = 'The read can boy fast'
849.2975 	EXP 	fix_text: autoDraw = True
849.5238 	EXP 	blank1_bg: autoDraw = True
849.5373 	EXP 	fix_text: autoDraw = False
849.7189 	EXP 	blank1_bg: autoDraw = False
849.7317 	EXP 	prime_text: autoDraw = True
849.9218 	EXP 	prime_text: autoDraw = False
849.9218 	EXP 	blank2_bg: autoDraw = True
850.0149 	EXP 	blank2_bg: autoDraw = False
850.0221 	INFO 	Keyboard events cleared
850.0219 	EXP 	target_text: autoDraw = True
850.6167 	EXP 	Device response: <KeyPress from None: t=850.6087275000027, value=right, duration=None>
850.6241 	DATA 	Keypress: right
850.6282 	EXP 	fix_text: autoDraw = False
850.6282 	EXP 	blank1_bg: autoDraw = False
850.6282 	EXP 	prime_text: autoDraw = False
850.6282 	EXP 	blank2_bg: autoDraw = False
850.6282 	EXP 	target_text: autoDraw = False
850.6282 	EXP 	greenCircle: autoDraw = True
850.6282 	EXP 	redCrosss: autoDraw = True
850.6826 	EXP 	Device response: <KeyPress from None: t=850.6087275000027, value=right, duration=0.07228633300110232>
850.8136 	EXP 	blank3_bg: autoDraw = True
850.8212 	EXP 	greenCircle: autoDraw = False
850.8212 	EXP 	redCrosss: autoDraw = False
851.5991 	EXP 	New trial (rep=19, index=14): <Trial 318 (14 in rep 19) data={'prime': 'They have finished the work', 'target': 'They finished have the work', 'condition': 'repetition_unrelated', 'correctAns': 'left', 'thisN': 318, 'thisTrialN': 14, 'thisRepN': 19}>
851.6142 	EXP 	blank3_bg: autoDraw = False
851.6142 	EXP 	blank3_bg: autoDraw = False
851.6142 	EXP 	greenCircle: autoDraw = False
851.6142 	EXP 	redCrosss: autoDraw = False
851.6142 	EXP 	text: text = 'Take a short break! Press any key to continue.'
851.6142 	EXP 	text: autoDraw = False
851.6142 	EXP 	prime_text: height = np.float64(0.05)
851.6142 	EXP 	prime_text: height = np.float64(0.05)
851.6142 	EXP 	prime_text: height = np.float64(0.05)
851.6142 	EXP 	prime_text: text = 'They have finished the work'
851.6142 	EXP 	target_text: height = np.float64(0.05)
851.6142 	EXP 	target_text: height = np.float64(0.05)
851.6142 	EXP 	target_text: height = np.float64(0.05)
851.6142 	EXP 	target_text: text = 'They finished have the work'
851.6142 	EXP 	fix_text: autoDraw = True
851.8406 	EXP 	blank1_bg: autoDraw = True
851.8549 	EXP 	fix_text: autoDraw = False
852.0383 	EXP 	blank1_bg: autoDraw = False
852.0383 	EXP 	prime_text: autoDraw = True
852.2320 	EXP 	prime_text: autoDraw = False
852.2378 	EXP 	blank2_bg: autoDraw = True
852.3314 	EXP 	blank2_bg: autoDraw = False
852.3384 	INFO 	Keyboard events cleared
852.3382 	EXP 	target_text: autoDraw = True
853.2499 	EXP 	Device response: <KeyPress from None: t=853.2475692919979, value=left, duration=None>
853.2574 	DATA 	Keypress: left
853.2618 	EXP 	fix_text: autoDraw = False
853.2618 	EXP 	blank1_bg: autoDraw = False
853.2618 	EXP 	prime_text: autoDraw = False
853.2618 	EXP 	blank2_bg: autoDraw = False
853.2618 	EXP 	target_text: autoDraw = False
853.2618 	EXP 	greenCircle: autoDraw = True
853.2618 	EXP 	redCrosss: autoDraw = True
853.3495 	EXP 	Device response: <KeyPress from None: t=853.2475692919979, value=left, duration=0.10037858301075175>
853.4472 	EXP 	blank3_bg: autoDraw = True
853.4535 	EXP 	greenCircle: autoDraw = False
853.4535 	EXP 	redCrosss: autoDraw = False
854.2314 	EXP 	New trial (rep=19, index=15): <Trial 319 (15 in rep 19) data={'prime': 'The dog is barking loudly', 'target': 'The dog barking is loudly', 'condition': 'transposition_related', 'correctAns': 'right', 'thisN': 319, 'thisTrialN': 15, 'thisRepN': 19}>
854.2471 	EXP 	blank3_bg: autoDraw = False
854.2471 	EXP 	blank3_bg: autoDraw = False
854.2471 	EXP 	greenCircle: autoDraw = False
854.2471 	EXP 	redCrosss: autoDraw = False
854.2471 	EXP 	text: text = 'Take a short break! Press any key to continue.'
854.2471 	EXP 	text: autoDraw = False
854.2471 	EXP 	prime_text: height = np.float64(0.05)
854.2471 	EXP 	prime_text: height = np.float64(0.05)
854.2471 	EXP 	prime_text: height = np.float64(0.05)
854.2471 	EXP 	prime_text: text = 'The dog is barking loudly'
854.2471 	EXP 	target_text: height = np.float64(0.05)
854.2471 	EXP 	target_text: height = np.float64(0.05)
854.2471 	EXP 	target_text: height = np.float64(0.05)
854.2471 	EXP 	target_text: text = 'The dog barking is loudly'
854.2471 	EXP 	fix_text: autoDraw = True
854.4740 	EXP 	blank1_bg: autoDraw = True
854.4876 	EXP 	fix_text: autoDraw = False
854.6703 	EXP 	blank1_bg: autoDraw = False
854.6703 	EXP 	prime_text: autoDraw = True
854.8647 	EXP 	prime_text: autoDraw = False
854.8714 	EXP 	blank2_bg: autoDraw = True
854.9653 	EXP 	blank2_bg: autoDraw = False
854.9711 	INFO 	Keyboard events cleared
854.9709 	EXP 	target_text: autoDraw = True
855.9057 	EXP 	Device response: <KeyPress from None: t=855.9005019169999, value=left, duration=None>
855.9127 	DATA 	Keypress: left
855.9175 	EXP 	fix_text: autoDraw = False
855.9175 	EXP 	blank1_bg: autoDraw = False
855.9175 	EXP 	prime_text: autoDraw = False
855.9175 	EXP 	blank2_bg: autoDraw = False
855.9175 	EXP 	target_text: autoDraw = False
855.9175 	EXP 	greenCircle: autoDraw = True
855.9175 	EXP 	redCrosss: autoDraw = True
856.0170 	EXP 	Device response: <KeyPress from None: t=855.9005019169999, value=left, duration=0.10846120800124481>
856.1071 	EXP 	blank3_bg: autoDraw = True
856.1143 	EXP 	greenCircle: autoDraw = False
856.1143 	EXP 	redCrosss: autoDraw = False
856.8993 	EXP 	New trial (rep=20, index=0): <Trial 320 (0 in rep 20) data={'prime': 'The boy can read fast', 'target': 'The read can boy fast', 'condition': 'transposition_unrelated', 'correctAns': 'left', 'thisN': 320, 'thisTrialN': 0, 'thisRepN': 20}>
856.9147 	EXP 	blank3_bg: autoDraw = False
856.9147 	EXP 	blank3_bg: autoDraw = False
856.9147 	EXP 	greenCircle: autoDraw = False
856.9147 	EXP 	redCrosss: autoDraw = False
856.9147 	EXP 	text: text = 'Take a short break! Press any key to continue.'
856.9147 	EXP 	text: autoDraw = False
856.9147 	EXP 	prime_text: height = np.float64(0.05)
856.9147 	EXP 	prime_text: height = np.float64(0.05)
856.9147 	EXP 	prime_text: height = np.float64(0.05)
856.9147 	EXP 	prime_text: text = 'The boy can read fast'
856.9147 	EXP 	target_text: height = np.float64(0.05)
856.9147 	EXP 	target_text: height = np.float64(0.05)
856.9147 	EXP 	target_text: height = np.float64(0.05)
856.9147 	EXP 	target_text: text = 'The read can boy fast'
856.9147 	EXP 	fix_text: autoDraw = True
857.1409 	EXP 	blank1_bg: autoDraw = True
857.1553 	EXP 	fix_text: autoDraw = False
857.3315 	EXP 	blank1_bg: autoDraw = False
857.3383 	EXP 	prime_text: autoDraw = True
857.5315 	EXP 	prime_text: autoDraw = False
857.5382 	EXP 	blank2_bg: autoDraw = True
857.6316 	EXP 	blank2_bg: autoDraw = False
857.6387 	INFO 	Keyboard events cleared
857.6385 	EXP 	target_text: autoDraw = True
858.2056 	EXP 	Device response: <KeyPress from None: t=858.2004821250011, value=left, duration=None>
858.2122 	DATA 	Keypress: left
858.2177 	EXP 	fix_text: autoDraw = False
858.2177 	EXP 	blank1_bg: autoDraw = False
858.2177 	EXP 	prime_text: autoDraw = False
858.2177 	EXP 	blank2_bg: autoDraw = False
858.2177 	EXP 	target_text: autoDraw = False
858.2177 	EXP 	greenCircle: autoDraw = True
858.2177 	EXP 	redCrosss: autoDraw = True
858.2996 	EXP 	Device response: <KeyPress from None: t=858.2004821250011, value=left, duration=0.09640258300350979>
858.4062 	EXP 	blank3_bg: autoDraw = True
858.4136 	EXP 	greenCircle: autoDraw = False
858.4136 	EXP 	redCrosss: autoDraw = False
859.1905 	EXP 	New trial (rep=20, index=1): <Trial 321 (1 in rep 20) data={'prime': 'The boy can read fast', 'target': 'The boy can read fast', 'condition': 'repetition_related', 'correctAns': 'right', 'thisN': 321, 'thisTrialN': 1, 'thisRepN': 20}>
859.2012 	EXP 	blank3_bg: autoDraw = False
859.2012 	EXP 	blank3_bg: autoDraw = False
859.2012 	EXP 	greenCircle: autoDraw = False
859.2012 	EXP 	redCrosss: autoDraw = False
859.2012 	EXP 	text: text = 'Take a short break! Press any key to continue.'
859.2012 	EXP 	text: autoDraw = False
859.2012 	EXP 	prime_text: text = 'The boy can read fast'
859.2012 	EXP 	target_text: height = np.float64(0.05)
859.2012 	EXP 	target_text: height = np.float64(0.05)
859.2012 	EXP 	target_text: height = np.float64(0.05)
859.2012 	EXP 	target_text: text = 'The boy can read fast'
859.2012 	EXP 	fix_text: autoDraw = True
859.4401 	EXP 	blank1_bg: autoDraw = True
859.4470 	EXP 	fix_text: autoDraw = False
859.6361 	EXP 	blank1_bg: autoDraw = False
859.6361 	EXP 	prime_text: autoDraw = True
859.8316 	EXP 	prime_text: autoDraw = False
859.8382 	EXP 	blank2_bg: autoDraw = True
859.9313 	EXP 	blank2_bg: autoDraw = False
859.9386 	INFO 	Keyboard events cleared
859.9384 	EXP 	target_text: autoDraw = True
860.4337 	EXP 	Device response: <KeyPress from None: t=860.4304640420014, value=right, duration=None>
860.4411 	DATA 	Keypress: right
860.4452 	EXP 	fix_text: autoDraw = False
860.4452 	EXP 	blank1_bg: autoDraw = False
860.4452 	EXP 	prime_text: autoDraw = False
860.4452 	EXP 	blank2_bg: autoDraw = False
860.4452 	EXP 	target_text: autoDraw = False
860.4452 	EXP 	greenCircle: autoDraw = True
860.4452 	EXP 	redCrosss: autoDraw = True
860.5389 	EXP 	Device response: <KeyPress from None: t=860.4304640420014, value=right, duration=0.10430491600709502>
860.6308 	EXP 	blank3_bg: autoDraw = True
860.6385 	EXP 	greenCircle: autoDraw = False
860.6385 	EXP 	redCrosss: autoDraw = False
861.4156 	EXP 	New trial (rep=20, index=2): <Trial 322 (2 in rep 20) data={'prime': 'The dog is barking loudly', 'target': 'The dog barking is loudly', 'condition': 'transposition_related', 'correctAns': 'right', 'thisN': 322, 'thisTrialN': 2, 'thisRepN': 20}>
861.4306 	EXP 	blank3_bg: autoDraw = False
861.4306 	EXP 	blank3_bg: autoDraw = False
861.4306 	EXP 	greenCircle: autoDraw = False
861.4306 	EXP 	redCrosss: autoDraw = False
861.4306 	EXP 	text: text = 'Take a short break! Press any key to continue.'
861.4306 	EXP 	text: autoDraw = False
861.4306 	EXP 	prime_text: height = np.float64(0.05)
861.4306 	EXP 	prime_text: height = np.float64(0.05)
861.4306 	EXP 	prime_text: height = np.float64(0.05)
861.4306 	EXP 	prime_text: text = 'The dog is barking loudly'
861.4306 	EXP 	target_text: height = np.float64(0.05)
861.4306 	EXP 	target_text: height = np.float64(0.05)
861.4306 	EXP 	target_text: height = np.float64(0.05)
861.4306 	EXP 	target_text: text = 'The dog barking is loudly'
861.4306 	EXP 	fix_text: autoDraw = True
861.6570 	EXP 	blank1_bg: autoDraw = True
861.6703 	EXP 	fix_text: autoDraw = False
861.8554 	EXP 	blank1_bg: autoDraw = False
861.8554 	EXP 	prime_text: autoDraw = True
862.0551 	EXP 	prime_text: autoDraw = False
862.0551 	EXP 	blank2_bg: autoDraw = True
862.1480 	EXP 	blank2_bg: autoDraw = False
862.1543 	INFO 	Keyboard events cleared
862.1541 	EXP 	target_text: autoDraw = True
862.9335 	EXP 	Device response: <KeyPress from None: t=862.92943891701, value=left, duration=None>
862.9411 	DATA 	Keypress: left
862.9453 	EXP 	fix_text: autoDraw = False
862.9453 	EXP 	blank1_bg: autoDraw = False
862.9453 	EXP 	prime_text: autoDraw = False
862.9453 	EXP 	blank2_bg: autoDraw = False
862.9453 	EXP 	target_text: autoDraw = False
862.9453 	EXP 	greenCircle: autoDraw = True
862.9453 	EXP 	redCrosss: autoDraw = True
862.9995 	EXP 	Device response: <KeyPress from None: t=862.92943891701, value=left, duration=0.06433074999949895>
863.1308 	EXP 	blank3_bg: autoDraw = True
863.1376 	EXP 	greenCircle: autoDraw = False
863.1376 	EXP 	redCrosss: autoDraw = False
863.9153 	EXP 	New trial (rep=20, index=3): <Trial 323 (3 in rep 20) data={'prime': 'She does not like apples', 'target': 'She does not like apples', 'condition': 'repetition_related', 'correctAns': 'right', 'thisN': 323, 'thisTrialN': 3, 'thisRepN': 20}>
863.9313 	EXP 	blank3_bg: autoDraw = False
863.9313 	EXP 	blank3_bg: autoDraw = False
863.9313 	EXP 	greenCircle: autoDraw = False
863.9313 	EXP 	redCrosss: autoDraw = False
863.9313 	EXP 	text: text = 'Take a short break! Press any key to continue.'
863.9313 	EXP 	text: autoDraw = False
863.9313 	EXP 	prime_text: height = np.float64(0.05)
863.9313 	EXP 	prime_text: height = np.float64(0.05)
863.9313 	EXP 	prime_text: height = np.float64(0.05)
863.9313 	EXP 	prime_text: text = 'She does not like apples'
863.9313 	EXP 	target_text: height = np.float64(0.05)
863.9313 	EXP 	target_text: height = np.float64(0.05)
863.9313 	EXP 	target_text: height = np.float64(0.05)
863.9313 	EXP 	target_text: text = 'She does not like apples'
863.9313 	EXP 	fix_text: autoDraw = True
864.1570 	EXP 	blank1_bg: autoDraw = True
864.1809 	EXP 	fix_text: autoDraw = False
864.3544 	EXP 	blank1_bg: autoDraw = False
864.3544 	EXP 	prime_text: autoDraw = True
864.5541 	EXP 	prime_text: autoDraw = False
864.5541 	EXP 	blank2_bg: autoDraw = True
864.6481 	EXP 	blank2_bg: autoDraw = False
864.6553 	INFO 	Keyboard events cleared
864.6552 	EXP 	target_text: autoDraw = True
865.4051 	EXP 	Device response: <KeyPress from None: t=865.4032942500053, value=right, duration=None>
865.4118 	DATA 	Keypress: right
865.4174 	EXP 	fix_text: autoDraw = False
865.4174 	EXP 	blank1_bg: autoDraw = False
865.4174 	EXP 	prime_text: autoDraw = False
865.4174 	EXP 	blank2_bg: autoDraw = False
865.4174 	EXP 	target_text: autoDraw = False
865.4174 	EXP 	greenCircle: autoDraw = True
865.4174 	EXP 	redCrosss: autoDraw = True
865.5054 	EXP 	Device response: <KeyPress from None: t=865.4032942500053, value=right, duration=0.10041266700136475>
865.6074 	EXP 	blank3_bg: autoDraw = True
865.6137 	EXP 	greenCircle: autoDraw = False
865.6137 	EXP 	redCrosss: autoDraw = False
866.3980 	EXP 	New trial (rep=20, index=4): <Trial 324 (4 in rep 20) data={'prime': 'The dog is barking loudly', 'target': 'The dog is barking loudly', 'condition': 'repetition_related', 'correctAns': 'right', 'thisN': 324, 'thisTrialN': 4, 'thisRepN': 20}>
866.4126 	EXP 	blank3_bg: autoDraw = False
866.4126 	EXP 	blank3_bg: autoDraw = False
866.4126 	EXP 	greenCircle: autoDraw = False
866.4126 	EXP 	redCrosss: autoDraw = False
866.4126 	EXP 	text: text = 'Take a short break! Press any key to continue.'
866.4126 	EXP 	text: autoDraw = False
866.4126 	EXP 	prime_text: height = np.float64(0.05)
866.4126 	EXP 	prime_text: height = np.float64(0.05)
866.4126 	EXP 	prime_text: height = np.float64(0.05)
866.4126 	EXP 	prime_text: text = 'The dog is barking loudly'
866.4126 	EXP 	target_text: height = np.float64(0.05)
866.4126 	EXP 	target_text: height = np.float64(0.05)
866.4126 	EXP 	target_text: height = np.float64(0.05)
866.4126 	EXP 	target_text: text = 'The dog is barking loudly'
866.4126 	EXP 	fix_text: autoDraw = True
866.6405 	EXP 	blank1_bg: autoDraw = True
866.6543 	EXP 	fix_text: autoDraw = False
866.8379 	EXP 	blank1_bg: autoDraw = False
866.8379 	EXP 	prime_text: autoDraw = True
867.0385 	EXP 	prime_text: autoDraw = False
867.0385 	EXP 	blank2_bg: autoDraw = True
867.1316 	EXP 	blank2_bg: autoDraw = False
867.1382 	INFO 	Keyboard events cleared
867.1380 	EXP 	target_text: autoDraw = True
867.9892 	EXP 	Device response: <KeyPress from None: t=867.9822636250028, value=right, duration=None>
867.9960 	DATA 	Keypress: right
868.0010 	EXP 	fix_text: autoDraw = False
868.0010 	EXP 	blank1_bg: autoDraw = False
868.0010 	EXP 	prime_text: autoDraw = False
868.0010 	EXP 	blank2_bg: autoDraw = False
868.0010 	EXP 	target_text: autoDraw = False
868.0010 	EXP 	greenCircle: autoDraw = True
868.0010 	EXP 	redCrosss: autoDraw = True
868.0719 	EXP 	Device response: <KeyPress from None: t=867.9822636250028, value=right, duration=0.08826966700144112>
868.1900 	EXP 	blank3_bg: autoDraw = True
868.1968 	EXP 	greenCircle: autoDraw = False
868.1968 	EXP 	redCrosss: autoDraw = False
868.9829 	EXP 	New trial (rep=20, index=5): <Trial 325 (5 in rep 20) data={'prime': 'The dog is barking loudly', 'target': 'The loudly is barking dog', 'condition': 'repetition_unrelated', 'correctAns': 'left', 'thisN': 325, 'thisTrialN': 5, 'thisRepN': 20}>
868.9946 	EXP 	blank3_bg: autoDraw = False
868.9946 	EXP 	blank3_bg: autoDraw = False
868.9946 	EXP 	greenCircle: autoDraw = False
868.9946 	EXP 	redCrosss: autoDraw = False
868.9946 	EXP 	text: text = 'Take a short break! Press any key to continue.'
868.9946 	EXP 	text: autoDraw = False
868.9946 	EXP 	prime_text: text = 'The dog is barking loudly'
868.9946 	EXP 	target_text: height = np.float64(0.05)
868.9946 	EXP 	target_text: height = np.float64(0.05)
868.9946 	EXP 	target_text: height = np.float64(0.05)
868.9946 	EXP 	target_text: text = 'The loudly is barking dog'
868.9946 	EXP 	fix_text: autoDraw = True
869.2235 	EXP 	blank1_bg: autoDraw = True
869.2369 	EXP 	fix_text: autoDraw = False
869.4192 	EXP 	blank1_bg: autoDraw = False
869.4316 	EXP 	prime_text: autoDraw = True
869.6210 	EXP 	prime_text: autoDraw = False
869.6210 	EXP 	blank2_bg: autoDraw = True
869.7149 	EXP 	blank2_bg: autoDraw = False
869.7316 	INFO 	Keyboard events cleared
869.7314 	EXP 	target_text: autoDraw = True
870.2501 	EXP 	Device response: <KeyPress from None: t=870.2422647500061, value=left, duration=None>
870.2577 	DATA 	Keypress: left
870.2619 	EXP 	fix_text: autoDraw = False
870.2619 	EXP 	blank1_bg: autoDraw = False
870.2619 	EXP 	prime_text: autoDraw = False
870.2619 	EXP 	blank2_bg: autoDraw = False
870.2619 	EXP 	target_text: autoDraw = False
870.2619 	EXP 	greenCircle: autoDraw = True
870.2619 	EXP 	redCrosss: autoDraw = True
870.3668 	EXP 	Device response: <KeyPress from None: t=870.2422647500061, value=left, duration=0.11628679199202452>
870.4474 	EXP 	blank3_bg: autoDraw = True
870.4557 	EXP 	greenCircle: autoDraw = False
870.4557 	EXP 	redCrosss: autoDraw = False
871.2326 	EXP 	New trial (rep=20, index=6): <Trial 326 (6 in rep 20) data={'prime': 'They have finished the work', 'target': 'They work the have finished', 'condition': 'transposition_unrelated', 'correctAns': 'left', 'thisN': 326, 'thisTrialN': 6, 'thisRepN': 20}>
871.2487 	EXP 	blank3_bg: autoDraw = False
871.2487 	EXP 	blank3_bg: autoDraw = False
871.2487 	EXP 	greenCircle: autoDraw = False
871.2487 	EXP 	redCrosss: autoDraw = False
871.2487 	EXP 	text: text = 'Take a short break! Press any key to continue.'
871.2487 	EXP 	text: autoDraw = False
871.2487 	EXP 	prime_text: height = np.float64(0.05)
871.2487 	EXP 	prime_text: height = np.float64(0.05)
871.2487 	EXP 	prime_text: height = np.float64(0.05)
871.2487 	EXP 	prime_text: text = 'They have finished the work'
871.2487 	EXP 	target_text: height = np.float64(0.05)
871.2487 	EXP 	target_text: height = np.float64(0.05)
871.2487 	EXP 	target_text: height = np.float64(0.05)
871.2487 	EXP 	target_text: text = 'They work the have finished'
871.2487 	EXP 	fix_text: autoDraw = True
871.4735 	EXP 	blank1_bg: autoDraw = True
871.4980 	EXP 	fix_text: autoDraw = False
871.6647 	EXP 	blank1_bg: autoDraw = False
871.6814 	EXP 	prime_text: autoDraw = True
871.8714 	EXP 	prime_text: autoDraw = False
871.8714 	EXP 	blank2_bg: autoDraw = True
871.9649 	EXP 	blank2_bg: autoDraw = False
871.9722 	INFO 	Keyboard events cleared
871.9720 	EXP 	target_text: autoDraw = True
872.8001 	EXP 	Device response: <KeyPress from None: t=872.7911530830024, value=left, duration=None>
872.8080 	DATA 	Keypress: left
872.8122 	EXP 	fix_text: autoDraw = False
872.8122 	EXP 	blank1_bg: autoDraw = False
872.8122 	EXP 	prime_text: autoDraw = False
872.8122 	EXP 	blank2_bg: autoDraw = False
872.8122 	EXP 	target_text: autoDraw = False
872.8122 	EXP 	greenCircle: autoDraw = True
872.8122 	EXP 	redCrosss: autoDraw = True
872.9328 	EXP 	Device response: <KeyPress from None: t=872.7911530830024, value=left, duration=0.14031495900417212>
872.9980 	EXP 	blank3_bg: autoDraw = True
873.0064 	EXP 	greenCircle: autoDraw = False
873.0064 	EXP 	redCrosss: autoDraw = False
873.7814 	EXP 	New trial (rep=20, index=7): <Trial 327 (7 in rep 20) data={'prime': 'She does not like apples', 'target': 'She not does like apples', 'condition': 'transposition_related', 'correctAns': 'right', 'thisN': 327, 'thisTrialN': 7, 'thisRepN': 20}>
873.7969 	EXP 	blank3_bg: autoDraw = False
873.7969 	EXP 	blank3_bg: autoDraw = False
873.7969 	EXP 	greenCircle: autoDraw = False
873.7969 	EXP 	redCrosss: autoDraw = False
873.7969 	EXP 	text: text = 'Take a short break! Press any key to continue.'
873.7969 	EXP 	text: autoDraw = False
873.7969 	EXP 	prime_text: height = np.float64(0.05)
873.7969 	EXP 	prime_text: height = np.float64(0.05)
873.7969 	EXP 	prime_text: height = np.float64(0.05)
873.7969 	EXP 	prime_text: text = 'She does not like apples'
873.7969 	EXP 	target_text: height = np.float64(0.05)
873.7969 	EXP 	target_text: height = np.float64(0.05)
873.7969 	EXP 	target_text: height = np.float64(0.05)
873.7969 	EXP 	target_text: text = 'She not does like apples'
873.7969 	EXP 	fix_text: autoDraw = True
874.0243 	EXP 	blank1_bg: autoDraw = True
874.0377 	EXP 	fix_text: autoDraw = False
874.2193 	EXP 	blank1_bg: autoDraw = False
874.2193 	EXP 	prime_text: autoDraw = True
874.4147 	EXP 	prime_text: autoDraw = False
874.4210 	EXP 	blank2_bg: autoDraw = True
874.5153 	EXP 	blank2_bg: autoDraw = False
874.5203 	INFO 	Keyboard events cleared
874.5201 	EXP 	target_text: autoDraw = True
875.6835 	EXP 	Device response: <KeyPress from None: t=875.6790089580027, value=left, duration=None>
875.6920 	DATA 	Keypress: left
875.6963 	EXP 	fix_text: autoDraw = False
875.6963 	EXP 	blank1_bg: autoDraw = False
875.6963 	EXP 	prime_text: autoDraw = False
875.6963 	EXP 	blank2_bg: autoDraw = False
875.6963 	EXP 	target_text: autoDraw = False
875.6963 	EXP 	greenCircle: autoDraw = True
875.6963 	EXP 	redCrosss: autoDraw = True
875.8048 	EXP 	Device response: <KeyPress from None: t=875.6790089580027, value=left, duration=0.12032416700094473>
875.8805 	EXP 	blank3_bg: autoDraw = True
875.8868 	EXP 	greenCircle: autoDraw = False
875.8868 	EXP 	redCrosss: autoDraw = False
876.6650 	EXP 	New trial (rep=20, index=8): <Trial 328 (8 in rep 20) data={'prime': 'They have finished the work', 'target': 'They finished have the work', 'condition': 'repetition_unrelated', 'correctAns': 'left', 'thisN': 328, 'thisTrialN': 8, 'thisRepN': 20}>
876.6817 	EXP 	blank3_bg: autoDraw = False
876.6817 	EXP 	blank3_bg: autoDraw = False
876.6817 	EXP 	greenCircle: autoDraw = False
876.6817 	EXP 	redCrosss: autoDraw = False
876.6817 	EXP 	text: text = 'Take a short break! Press any key to continue.'
876.6817 	EXP 	text: autoDraw = False
876.6817 	EXP 	prime_text: height = np.float64(0.05)
876.6817 	EXP 	prime_text: height = np.float64(0.05)
876.6817 	EXP 	prime_text: height = np.float64(0.05)
876.6817 	EXP 	prime_text: text = 'They have finished the work'
876.6817 	EXP 	target_text: height = np.float64(0.05)
876.6817 	EXP 	target_text: height = np.float64(0.05)
876.6817 	EXP 	target_text: height = np.float64(0.05)
876.6817 	EXP 	target_text: text = 'They finished have the work'
876.6817 	EXP 	fix_text: autoDraw = True
876.9071 	EXP 	blank1_bg: autoDraw = True
876.9301 	EXP 	fix_text: autoDraw = False
877.1049 	EXP 	blank1_bg: autoDraw = False
877.1049 	EXP 	prime_text: autoDraw = True
877.3032 	EXP 	prime_text: autoDraw = False
877.3032 	EXP 	blank2_bg: autoDraw = True
877.3980 	EXP 	blank2_bg: autoDraw = False
877.4045 	INFO 	Keyboard events cleared
877.4044 	EXP 	target_text: autoDraw = True
878.0503 	EXP 	Device response: <KeyPress from None: t=878.0471622080076, value=left, duration=None>
878.0590 	DATA 	Keypress: left
878.0633 	EXP 	fix_text: autoDraw = False
878.0633 	EXP 	blank1_bg: autoDraw = False
878.0633 	EXP 	prime_text: autoDraw = False
878.0633 	EXP 	blank2_bg: autoDraw = False
878.0633 	EXP 	target_text: autoDraw = False
878.0633 	EXP 	greenCircle: autoDraw = True
878.0633 	EXP 	redCrosss: autoDraw = True
878.1834 	EXP 	Device response: <KeyPress from None: t=878.0471622080076, value=left, duration=0.12824729199928697>
878.2484 	EXP 	blank3_bg: autoDraw = True
878.2555 	EXP 	greenCircle: autoDraw = False
878.2555 	EXP 	redCrosss: autoDraw = False
879.0325 	EXP 	New trial (rep=20, index=9): <Trial 329 (9 in rep 20) data={'prime': 'The dog is barking loudly', 'target': 'The barking dog loudly is', 'condition': 'transposition_unrelated', 'correctAns': 'left', 'thisN': 329, 'thisTrialN': 9, 'thisRepN': 20}>
879.0490 	EXP 	blank3_bg: autoDraw = False
879.0490 	EXP 	blank3_bg: autoDraw = False
879.0490 	EXP 	greenCircle: autoDraw = False
879.0490 	EXP 	redCrosss: autoDraw = False
879.0490 	EXP 	text: text = 'Take a short break! Press any key to continue.'
879.0490 	EXP 	text: autoDraw = False
879.0490 	EXP 	prime_text: height = np.float64(0.05)
879.0490 	EXP 	prime_text: height = np.float64(0.05)
879.0490 	EXP 	prime_text: height = np.float64(0.05)
879.0490 	EXP 	prime_text: text = 'The dog is barking loudly'
879.0490 	EXP 	target_text: height = np.float64(0.05)
879.0490 	EXP 	target_text: height = np.float64(0.05)
879.0490 	EXP 	target_text: height = np.float64(0.05)
879.0490 	EXP 	target_text: text = 'The barking dog loudly is'
879.0490 	EXP 	fix_text: autoDraw = True
879.2737 	EXP 	blank1_bg: autoDraw = True
879.2968 	EXP 	fix_text: autoDraw = False
879.4648 	EXP 	blank1_bg: autoDraw = False
879.4716 	EXP 	prime_text: autoDraw = True
879.6647 	EXP 	prime_text: autoDraw = False
879.6712 	EXP 	blank2_bg: autoDraw = True
879.7647 	EXP 	blank2_bg: autoDraw = False
879.7718 	INFO 	Keyboard events cleared
879.7716 	EXP 	target_text: autoDraw = True
880.9720 	EXP 	Device response: <KeyPress from None: t=880.970986958011, value=left, duration=None>
880.9795 	DATA 	Keypress: left
880.9844 	EXP 	fix_text: autoDraw = False
880.9844 	EXP 	blank1_bg: autoDraw = False
880.9844 	EXP 	prime_text: autoDraw = False
880.9844 	EXP 	blank2_bg: autoDraw = False
880.9844 	EXP 	target_text: autoDraw = False
880.9844 	EXP 	greenCircle: autoDraw = True
880.9844 	EXP 	redCrosss: autoDraw = True
881.0211 	EXP 	Device response: <KeyPress from None: t=880.970986958011, value=left, duration=0.048956583996186964>
881.1738 	EXP 	blank3_bg: autoDraw = True
881.1802 	EXP 	greenCircle: autoDraw = False
881.1802 	EXP 	redCrosss: autoDraw = False
881.9645 	EXP 	New trial (rep=20, index=10): <Trial 330 (10 in rep 20) data={'prime': 'They have finished the work', 'target': 'They finished have the work', 'condition': 'transposition_related', 'correctAns': 'right', 'thisN': 330, 'thisTrialN': 10, 'thisRepN': 20}>
881.9801 	EXP 	blank3_bg: autoDraw = False
881.9801 	EXP 	blank3_bg: autoDraw = False
881.9801 	EXP 	greenCircle: autoDraw = False
881.9801 	EXP 	redCrosss: autoDraw = False
881.9801 	EXP 	text: text = 'Take a short break! Press any key to continue.'
881.9801 	EXP 	text: autoDraw = False
881.9801 	EXP 	prime_text: height = np.float64(0.05)
881.9801 	EXP 	prime_text: height = np.float64(0.05)
881.9801 	EXP 	prime_text: height = np.float64(0.05)
881.9801 	EXP 	prime_text: text = 'They have finished the work'
881.9801 	EXP 	target_text: height = np.float64(0.05)
881.9801 	EXP 	target_text: height = np.float64(0.05)
881.9801 	EXP 	target_text: height = np.float64(0.05)
881.9801 	EXP 	target_text: text = 'They finished have the work'
881.9801 	EXP 	fix_text: autoDraw = True
882.2063 	EXP 	blank1_bg: autoDraw = True
882.2197 	EXP 	fix_text: autoDraw = False
882.3980 	EXP 	blank1_bg: autoDraw = False
882.4040 	EXP 	prime_text: autoDraw = True
882.5981 	EXP 	prime_text: autoDraw = False
882.6047 	EXP 	blank2_bg: autoDraw = True
882.6983 	EXP 	blank2_bg: autoDraw = False
882.7053 	INFO 	Keyboard events cleared
882.7051 	EXP 	target_text: autoDraw = True
883.8667 	EXP 	Device response: <KeyPress from None: t=883.8548724580032, value=left, duration=None>
883.8754 	DATA 	Keypress: left
883.8799 	EXP 	fix_text: autoDraw = False
883.8799 	EXP 	blank1_bg: autoDraw = False
883.8799 	EXP 	prime_text: autoDraw = False
883.8799 	EXP 	blank2_bg: autoDraw = False
883.8799 	EXP 	target_text: autoDraw = False
883.8799 	EXP 	greenCircle: autoDraw = True
883.8799 	EXP 	redCrosss: autoDraw = True
883.9387 	EXP 	Device response: <KeyPress from None: t=883.8548724580032, value=left, duration=0.08035104200826026>
884.0639 	EXP 	blank3_bg: autoDraw = True
884.0722 	EXP 	greenCircle: autoDraw = False
884.0722 	EXP 	redCrosss: autoDraw = False
884.8481 	EXP 	New trial (rep=20, index=11): <Trial 331 (11 in rep 20) data={'prime': 'She does not like apples', 'target': 'She not does like apples', 'condition': 'repetition_unrelated', 'correctAns': 'left', 'thisN': 331, 'thisTrialN': 11, 'thisRepN': 20}>
884.8644 	EXP 	blank3_bg: autoDraw = False
884.8644 	EXP 	blank3_bg: autoDraw = False
884.8644 	EXP 	greenCircle: autoDraw = False
884.8644 	EXP 	redCrosss: autoDraw = False
884.8644 	EXP 	text: text = 'Take a short break! Press any key to continue.'
884.8644 	EXP 	text: autoDraw = False
884.8644 	EXP 	prime_text: height = np.float64(0.05)
884.8644 	EXP 	prime_text: height = np.float64(0.05)
884.8644 	EXP 	prime_text: height = np.float64(0.05)
884.8644 	EXP 	prime_text: text = 'She does not like apples'
884.8644 	EXP 	target_text: height = np.float64(0.05)
884.8644 	EXP 	target_text: height = np.float64(0.05)
884.8644 	EXP 	target_text: height = np.float64(0.05)
884.8644 	EXP 	target_text: text = 'She not does like apples'
884.8644 	EXP 	fix_text: autoDraw = True
885.0901 	EXP 	blank1_bg: autoDraw = True
885.1042 	EXP 	fix_text: autoDraw = False
885.2888 	EXP 	blank1_bg: autoDraw = False
885.2888 	EXP 	prime_text: autoDraw = True
885.4868 	EXP 	prime_text: autoDraw = False
885.4868 	EXP 	blank2_bg: autoDraw = True
885.5814 	EXP 	blank2_bg: autoDraw = False
885.5880 	INFO 	Keyboard events cleared
885.5878 	EXP 	target_text: autoDraw = True
886.7833 	EXP 	Device response: <KeyPress from None: t=886.774932417, value=left, duration=None>
886.7916 	DATA 	Keypress: left
886.7959 	EXP 	fix_text: autoDraw = False
886.7959 	EXP 	blank1_bg: autoDraw = False
886.7959 	EXP 	prime_text: autoDraw = False
886.7959 	EXP 	blank2_bg: autoDraw = False
886.7959 	EXP 	target_text: autoDraw = False
886.7959 	EXP 	greenCircle: autoDraw = True
886.7959 	EXP 	redCrosss: autoDraw = True
886.8498 	EXP 	Device response: <KeyPress from None: t=886.774932417, value=left, duration=0.0643290000007255>
886.9803 	EXP 	blank3_bg: autoDraw = True
886.9870 	EXP 	greenCircle: autoDraw = False
886.9870 	EXP 	redCrosss: autoDraw = False
887.7644 	EXP 	New trial (rep=20, index=12): <Trial 332 (12 in rep 20) data={'prime': 'They have finished the work', 'target': 'They have finished the work', 'condition': 'repetition_related', 'correctAns': 'right', 'thisN': 332, 'thisTrialN': 12, 'thisRepN': 20}>
887.7818 	EXP 	blank3_bg: autoDraw = False
887.7818 	EXP 	blank3_bg: autoDraw = False
887.7818 	EXP 	greenCircle: autoDraw = False
887.7818 	EXP 	redCrosss: autoDraw = False
887.7818 	EXP 	text: text = 'Take a short break! Press any key to continue.'
887.7818 	EXP 	text: autoDraw = False
887.7818 	EXP 	prime_text: height = np.float64(0.05)
887.7818 	EXP 	prime_text: height = np.float64(0.05)
887.7818 	EXP 	prime_text: height = np.float64(0.05)
887.7818 	EXP 	prime_text: text = 'They have finished the work'
887.7818 	EXP 	target_text: height = np.float64(0.05)
887.7818 	EXP 	target_text: height = np.float64(0.05)
887.7818 	EXP 	target_text: height = np.float64(0.05)
887.7818 	EXP 	target_text: text = 'They have finished the work'
887.7818 	EXP 	fix_text: autoDraw = True
888.0071 	EXP 	blank1_bg: autoDraw = True
888.0210 	EXP 	fix_text: autoDraw = False
888.1980 	EXP 	blank1_bg: autoDraw = False
888.2046 	EXP 	prime_text: autoDraw = True
888.3981 	EXP 	prime_text: autoDraw = False
888.4042 	EXP 	blank2_bg: autoDraw = True
888.4981 	EXP 	blank2_bg: autoDraw = False
888.5050 	INFO 	Keyboard events cleared
888.5048 	EXP 	target_text: autoDraw = True
889.4208 	EXP 	Device response: <KeyPress from None: t=889.4167630000011, value=right, duration=None>
889.4281 	DATA 	Keypress: right
889.4336 	EXP 	fix_text: autoDraw = False
889.4336 	EXP 	blank1_bg: autoDraw = False
889.4336 	EXP 	prime_text: autoDraw = False
889.4336 	EXP 	blank2_bg: autoDraw = False
889.4336 	EXP 	target_text: autoDraw = False
889.4336 	EXP 	greenCircle: autoDraw = True
889.4336 	EXP 	redCrosss: autoDraw = True
889.5380 	EXP 	Device response: <KeyPress from None: t=889.4167630000011, value=right, duration=0.11624729199684225>
889.6148 	EXP 	blank3_bg: autoDraw = True
889.6302 	EXP 	greenCircle: autoDraw = False
889.6302 	EXP 	redCrosss: autoDraw = False
890.3989 	EXP 	New trial (rep=20, index=13): <Trial 333 (13 in rep 20) data={'prime': 'The boy can read fast', 'target': 'The read can boy fast', 'condition': 'repetition_unrelated', 'correctAns': 'left', 'thisN': 333, 'thisTrialN': 13, 'thisRepN': 20}>
890.4150 	EXP 	blank3_bg: autoDraw = False
890.4150 	EXP 	blank3_bg: autoDraw = False
890.4150 	EXP 	greenCircle: autoDraw = False
890.4150 	EXP 	redCrosss: autoDraw = False
890.4150 	EXP 	text: text = 'Take a short break! Press any key to continue.'
890.4150 	EXP 	text: autoDraw = False
890.4150 	EXP 	prime_text: height = np.float64(0.05)
890.4150 	EXP 	prime_text: height = np.float64(0.05)
890.4150 	EXP 	prime_text: height = np.float64(0.05)
890.4150 	EXP 	prime_text: text = 'The boy can read fast'
890.4150 	EXP 	target_text: height = np.float64(0.05)
890.4150 	EXP 	target_text: height = np.float64(0.05)
890.4150 	EXP 	target_text: height = np.float64(0.05)
890.4150 	EXP 	target_text: text = 'The read can boy fast'
890.4150 	EXP 	fix_text: autoDraw = True
890.6395 	EXP 	blank1_bg: autoDraw = True
890.6648 	EXP 	fix_text: autoDraw = False
890.8314 	EXP 	blank1_bg: autoDraw = False
890.8384 	EXP 	prime_text: autoDraw = True
891.0316 	EXP 	prime_text: autoDraw = False
891.0381 	EXP 	blank2_bg: autoDraw = True
891.1314 	EXP 	blank2_bg: autoDraw = False
891.1385 	INFO 	Keyboard events cleared
891.1383 	EXP 	target_text: autoDraw = True
892.9166 	EXP 	Device response: <KeyPress from None: t=892.9056827919994, value=left, duration=None>
892.9249 	DATA 	Keypress: left
892.9293 	EXP 	fix_text: autoDraw = False
892.9293 	EXP 	blank1_bg: autoDraw = False
892.9293 	EXP 	prime_text: autoDraw = False
892.9293 	EXP 	blank2_bg: autoDraw = False
892.9293 	EXP 	target_text: autoDraw = False
892.9293 	EXP 	greenCircle: autoDraw = True
892.9293 	EXP 	redCrosss: autoDraw = True
893.0163 	EXP 	Device response: <KeyPress from None: t=892.9056827919994, value=left, duration=0.10885758300719317>
893.1153 	EXP 	blank3_bg: autoDraw = True
893.1232 	EXP 	greenCircle: autoDraw = False
893.1232 	EXP 	redCrosss: autoDraw = False
893.8991 	EXP 	New trial (rep=20, index=14): <Trial 334 (14 in rep 20) data={'prime': 'She does not like apples', 'target': 'She like does apples not', 'condition': 'transposition_unrelated', 'correctAns': 'left', 'thisN': 334, 'thisTrialN': 14, 'thisRepN': 20}>
893.9152 	EXP 	blank3_bg: autoDraw = False
893.9152 	EXP 	blank3_bg: autoDraw = False
893.9152 	EXP 	greenCircle: autoDraw = False
893.9152 	EXP 	redCrosss: autoDraw = False
893.9152 	EXP 	text: text = 'Take a short break! Press any key to continue.'
893.9152 	EXP 	text: autoDraw = False
893.9152 	EXP 	prime_text: height = np.float64(0.05)
893.9152 	EXP 	prime_text: height = np.float64(0.05)
893.9152 	EXP 	prime_text: height = np.float64(0.05)
893.9152 	EXP 	prime_text: text = 'She does not like apples'
893.9152 	EXP 	target_text: height = np.float64(0.05)
893.9152 	EXP 	target_text: height = np.float64(0.05)
893.9152 	EXP 	target_text: height = np.float64(0.05)
893.9152 	EXP 	target_text: text = 'She like does apples not'
893.9152 	EXP 	fix_text: autoDraw = True
894.1401 	EXP 	blank1_bg: autoDraw = True
894.1646 	EXP 	fix_text: autoDraw = False
894.3315 	EXP 	blank1_bg: autoDraw = False
894.3384 	EXP 	prime_text: autoDraw = True
894.5383 	EXP 	prime_text: autoDraw = False
894.5383 	EXP 	blank2_bg: autoDraw = True
894.6386 	INFO 	Keyboard events cleared
894.6384 	EXP 	blank2_bg: autoDraw = False
894.6384 	EXP 	target_text: autoDraw = True
895.6551 	EXP 	Device response: <KeyPress from None: t=895.6513975830021, value=left, duration=None>
895.6624 	DATA 	Keypress: left
895.6675 	EXP 	fix_text: autoDraw = False
895.6675 	EXP 	blank1_bg: autoDraw = False
895.6675 	EXP 	prime_text: autoDraw = False
895.6675 	EXP 	blank2_bg: autoDraw = False
895.6675 	EXP 	target_text: autoDraw = False
895.6675 	EXP 	greenCircle: autoDraw = True
895.6675 	EXP 	redCrosss: autoDraw = True
895.7328 	EXP 	Device response: <KeyPress from None: t=895.6513975830021, value=left, duration=0.0794739590055542>
895.8469 	EXP 	blank3_bg: autoDraw = True
895.8635 	EXP 	greenCircle: autoDraw = False
895.8635 	EXP 	redCrosss: autoDraw = False
896.6323 	EXP 	New trial (rep=20, index=15): <Trial 335 (15 in rep 20) data={'prime': 'The boy can read fast', 'target': 'The boy can read fast', 'condition': 'transposition_related', 'correctAns': 'right', 'thisN': 335, 'thisTrialN': 15, 'thisRepN': 20}>
896.6479 	EXP 	blank3_bg: autoDraw = False
896.6479 	EXP 	blank3_bg: autoDraw = False
896.6479 	EXP 	greenCircle: autoDraw = False
896.6479 	EXP 	redCrosss: autoDraw = False
896.6479 	EXP 	text: text = 'Take a short break! Press any key to continue.'
896.6479 	EXP 	text: autoDraw = False
896.6479 	EXP 	prime_text: height = np.float64(0.05)
896.6479 	EXP 	prime_text: height = np.float64(0.05)
896.6479 	EXP 	prime_text: height = np.float64(0.05)
896.6479 	EXP 	prime_text: text = 'The boy can read fast'
896.6479 	EXP 	target_text: height = np.float64(0.05)
896.6479 	EXP 	target_text: height = np.float64(0.05)
896.6479 	EXP 	target_text: height = np.float64(0.05)
896.6479 	EXP 	target_text: text = 'The boy can read fast'
896.6479 	EXP 	fix_text: autoDraw = True
896.8736 	EXP 	blank1_bg: autoDraw = True
896.8888 	EXP 	fix_text: autoDraw = False
897.0683 	EXP 	blank1_bg: autoDraw = False
897.0814 	EXP 	prime_text: autoDraw = True
897.2713 	EXP 	prime_text: autoDraw = False
897.2713 	EXP 	blank2_bg: autoDraw = True
897.3647 	EXP 	blank2_bg: autoDraw = False
897.3718 	INFO 	Keyboard events cleared
897.3717 	EXP 	target_text: autoDraw = True
898.5218 	EXP 	Device response: <KeyPress from None: t=898.5184625000111, value=right, duration=None>
898.5289 	DATA 	Keypress: right
898.5341 	EXP 	fix_text: autoDraw = False
898.5341 	EXP 	blank1_bg: autoDraw = False
898.5341 	EXP 	prime_text: autoDraw = False
898.5341 	EXP 	blank2_bg: autoDraw = False
898.5341 	EXP 	target_text: autoDraw = False
898.5341 	EXP 	greenCircle: autoDraw = True
898.5341 	EXP 	redCrosss: autoDraw = True
898.6215 	EXP 	Device response: <KeyPress from None: t=898.5184625000111, value=right, duration=0.09639266699377913>
898.7241 	EXP 	blank3_bg: autoDraw = True
898.7304 	EXP 	greenCircle: autoDraw = False
898.7304 	EXP 	redCrosss: autoDraw = False
899.5156 	EXP 	New trial (rep=21, index=0): <Trial 336 (0 in rep 21) data={'prime': 'They have finished the work', 'target': 'They finished have the work', 'condition': 'repetition_unrelated', 'correctAns': 'left', 'thisN': 336, 'thisTrialN': 0, 'thisRepN': 21}>
899.5316 	EXP 	blank3_bg: autoDraw = False
899.5316 	EXP 	blank3_bg: autoDraw = False
899.5316 	EXP 	greenCircle: autoDraw = False
899.5316 	EXP 	redCrosss: autoDraw = False
899.5316 	EXP 	text: text = 'Take a short break! Press any key to continue.'
899.5316 	EXP 	text: autoDraw = False
899.5316 	EXP 	prime_text: height = np.float64(0.05)
899.5316 	EXP 	prime_text: height = np.float64(0.05)
899.5316 	EXP 	prime_text: height = np.float64(0.05)
899.5316 	EXP 	prime_text: text = 'They have finished the work'
899.5316 	EXP 	target_text: height = np.float64(0.05)
899.5316 	EXP 	target_text: height = np.float64(0.05)
899.5316 	EXP 	target_text: height = np.float64(0.05)
899.5316 	EXP 	target_text: text = 'They finished have the work'
899.5316 	EXP 	fix_text: autoDraw = True
899.7570 	EXP 	blank1_bg: autoDraw = True
899.7807 	EXP 	fix_text: autoDraw = False
899.9481 	EXP 	blank1_bg: autoDraw = False
899.9550 	EXP 	prime_text: autoDraw = True
900.1540 	EXP 	prime_text: autoDraw = False
900.1540 	EXP 	blank2_bg: autoDraw = True
900.2480 	EXP 	blank2_bg: autoDraw = False
900.2553 	INFO 	Keyboard events cleared
900.2551 	EXP 	target_text: autoDraw = True
901.0332 	EXP 	Device response: <KeyPress from None: t=901.031492042006, value=right, duration=None>
901.0412 	DATA 	Keypress: right
901.0455 	EXP 	fix_text: autoDraw = False
901.0455 	EXP 	blank1_bg: autoDraw = False
901.0455 	EXP 	prime_text: autoDraw = False
901.0455 	EXP 	blank2_bg: autoDraw = False
901.0455 	EXP 	target_text: autoDraw = False
901.0455 	EXP 	greenCircle: autoDraw = True
901.0455 	EXP 	redCrosss: autoDraw = True
901.1660 	EXP 	Device response: <KeyPress from None: t=901.031492042006, value=right, duration=0.13235804099531379>
901.2317 	EXP 	blank3_bg: autoDraw = True
901.2394 	EXP 	greenCircle: autoDraw = False
901.2394 	EXP 	redCrosss: autoDraw = False
902.0215 	EXP 	New trial (rep=21, index=1): <Trial 337 (1 in rep 21) data={'prime': 'The dog is barking loudly', 'target': 'The barking dog loudly is', 'condition': 'transposition_unrelated', 'correctAns': 'left', 'thisN': 337, 'thisTrialN': 1, 'thisRepN': 21}>
902.0376 	EXP 	blank3_bg: autoDraw = False
902.0376 	EXP 	blank3_bg: autoDraw = False
902.0376 	EXP 	greenCircle: autoDraw = False
902.0376 	EXP 	redCrosss: autoDraw = False
902.0376 	EXP 	text: text = 'Take a short break! Press any key to continue.'
902.0376 	EXP 	text: autoDraw = False
902.0376 	EXP 	prime_text: height = np.float64(0.05)
902.0376 	EXP 	prime_text: height = np.float64(0.05)
902.0376 	EXP 	prime_text: height = np.float64(0.05)
902.0376 	EXP 	prime_text: text = 'The dog is barking loudly'
902.0376 	EXP 	target_text: height = np.float64(0.05)
902.0376 	EXP 	target_text: height = np.float64(0.05)
902.0376 	EXP 	target_text: height = np.float64(0.05)
902.0376 	EXP 	target_text: text = 'The barking dog loudly is'
902.0376 	EXP 	fix_text: autoDraw = True
902.2648 	EXP 	blank1_bg: autoDraw = True
902.2801 	EXP 	fix_text: autoDraw = False
902.4650 	EXP 	blank1_bg: autoDraw = False
902.4650 	EXP 	prime_text: autoDraw = True
902.6526 	EXP 	prime_text: autoDraw = False
902.6712 	EXP 	blank2_bg: autoDraw = True
902.7718 	INFO 	Keyboard events cleared
902.7717 	EXP 	blank2_bg: autoDraw = False
902.7717 	EXP 	target_text: autoDraw = True
904.1166 	EXP 	Device response: <KeyPress from None: t=904.106425542006, value=left, duration=None>
904.1244 	DATA 	Keypress: left
904.1286 	EXP 	fix_text: autoDraw = False
904.1286 	EXP 	blank1_bg: autoDraw = False
904.1286 	EXP 	prime_text: autoDraw = False
904.1286 	EXP 	blank2_bg: autoDraw = False
904.1286 	EXP 	target_text: autoDraw = False
904.1286 	EXP 	greenCircle: autoDraw = True
904.1286 	EXP 	redCrosss: autoDraw = True
904.2333 	EXP 	Device response: <KeyPress from None: t=904.106425542006, value=left, duration=0.12029649999749381>
904.3135 	EXP 	blank3_bg: autoDraw = True
904.3203 	EXP 	greenCircle: autoDraw = False
904.3203 	EXP 	redCrosss: autoDraw = False
905.0988 	EXP 	New trial (rep=21, index=2): <Trial 338 (2 in rep 21) data={'prime': 'The boy can read fast', 'target': 'The boy can read fast', 'condition': 'repetition_related', 'correctAns': 'right', 'thisN': 338, 'thisTrialN': 2, 'thisRepN': 21}>
905.1146 	EXP 	blank3_bg: autoDraw = False
905.1146 	EXP 	blank3_bg: autoDraw = False
905.1146 	EXP 	greenCircle: autoDraw = False
905.1146 	EXP 	redCrosss: autoDraw = False
905.1146 	EXP 	text: text = 'Take a short break! Press any key to continue.'
905.1146 	EXP 	text: autoDraw = False
905.1146 	EXP 	prime_text: height = np.float64(0.05)
905.1146 	EXP 	prime_text: height = np.float64(0.05)
905.1146 	EXP 	prime_text: height = np.float64(0.05)
905.1146 	EXP 	prime_text: text = 'The boy can read fast'
905.1146 	EXP 	target_text: height = np.float64(0.05)
905.1146 	EXP 	target_text: height = np.float64(0.05)
905.1146 	EXP 	target_text: height = np.float64(0.05)
905.1146 	EXP 	target_text: text = 'The boy can read fast'
905.1146 	EXP 	fix_text: autoDraw = True
905.3414 	EXP 	blank1_bg: autoDraw = True
905.3551 	EXP 	fix_text: autoDraw = False
905.5378 	EXP 	blank1_bg: autoDraw = False
905.5378 	EXP 	prime_text: autoDraw = True
905.7314 	EXP 	prime_text: autoDraw = False
905.7380 	EXP 	blank2_bg: autoDraw = True
905.8314 	EXP 	blank2_bg: autoDraw = False
905.8381 	INFO 	Keyboard events cleared
905.8380 	EXP 	target_text: autoDraw = True
906.4836 	EXP 	Device response: <KeyPress from None: t=906.4814239170082, value=right, duration=None>
906.4919 	DATA 	Keypress: right
906.4963 	EXP 	fix_text: autoDraw = False
906.4963 	EXP 	blank1_bg: autoDraw = False
906.4963 	EXP 	prime_text: autoDraw = False
906.4963 	EXP 	blank2_bg: autoDraw = False
906.4963 	EXP 	target_text: autoDraw = False
906.4963 	EXP 	greenCircle: autoDraw = True
906.4963 	EXP 	redCrosss: autoDraw = True
906.6166 	EXP 	Device response: <KeyPress from None: t=906.4814239170082, value=right, duration=0.12425683299079537>
906.6819 	EXP 	blank3_bg: autoDraw = True
906.6903 	EXP 	greenCircle: autoDraw = False
906.6903 	EXP 	redCrosss: autoDraw = False
907.4658 	EXP 	New trial (rep=21, index=3): <Trial 339 (3 in rep 21) data={'prime': 'The dog is barking loudly', 'target': 'The dog is barking loudly', 'condition': 'repetition_related', 'correctAns': 'right', 'thisN': 339, 'thisTrialN': 3, 'thisRepN': 21}>
907.4818 	EXP 	blank3_bg: autoDraw = False
907.4818 	EXP 	blank3_bg: autoDraw = False
907.4818 	EXP 	greenCircle: autoDraw = False
907.4818 	EXP 	redCrosss: autoDraw = False
907.4818 	EXP 	text: text = 'Take a short break! Press any key to continue.'
907.4818 	EXP 	text: autoDraw = False
907.4818 	EXP 	prime_text: height = np.float64(0.05)
907.4818 	EXP 	prime_text: height = np.float64(0.05)
907.4818 	EXP 	prime_text: height = np.float64(0.05)
907.4818 	EXP 	prime_text: text = 'The dog is barking loudly'
907.4818 	EXP 	target_text: height = np.float64(0.05)
907.4818 	EXP 	target_text: height = np.float64(0.05)
907.4818 	EXP 	target_text: height = np.float64(0.05)
907.4818 	EXP 	target_text: text = 'The dog is barking loudly'
907.4818 	EXP 	fix_text: autoDraw = True
907.7063 	EXP 	blank1_bg: autoDraw = True
907.7314 	EXP 	fix_text: autoDraw = False
907.9025 	EXP 	blank1_bg: autoDraw = False
907.9148 	EXP 	prime_text: autoDraw = True
908.1041 	EXP 	prime_text: autoDraw = False
908.1041 	EXP 	blank2_bg: autoDraw = True
908.1980 	EXP 	blank2_bg: autoDraw = False
908.2051 	INFO 	Keyboard events cleared
908.2049 	EXP 	target_text: autoDraw = True
909.3000 	EXP 	Device response: <KeyPress from None: t=909.2892881250009, value=right, duration=None>
909.3081 	DATA 	Keypress: right
909.3124 	EXP 	fix_text: autoDraw = False
909.3124 	EXP 	blank1_bg: autoDraw = False
909.3124 	EXP 	prime_text: autoDraw = False
909.3124 	EXP 	blank2_bg: autoDraw = False
909.3124 	EXP 	target_text: autoDraw = False
909.3124 	EXP 	greenCircle: autoDraw = True
909.3124 	EXP 	redCrosss: autoDraw = True
909.3993 	EXP 	Device response: <KeyPress from None: t=909.2892881250009, value=right, duration=0.10439750000659842>
909.4979 	EXP 	blank3_bg: autoDraw = True
909.5056 	EXP 	greenCircle: autoDraw = False
909.5056 	EXP 	redCrosss: autoDraw = False
910.2826 	EXP 	New trial (rep=21, index=4): <Trial 340 (4 in rep 21) data={'prime': 'She does not like apples', 'target': 'She not does like apples', 'condition': 'repetition_unrelated', 'correctAns': 'left', 'thisN': 340, 'thisTrialN': 4, 'thisRepN': 21}>
910.2983 	EXP 	blank3_bg: autoDraw = False
910.2983 	EXP 	blank3_bg: autoDraw = False
910.2983 	EXP 	greenCircle: autoDraw = False
910.2983 	EXP 	redCrosss: autoDraw = False
910.2983 	EXP 	text: text = 'Take a short break! Press any key to continue.'
910.2983 	EXP 	text: autoDraw = False
910.2983 	EXP 	prime_text: height = np.float64(0.05)
910.2983 	EXP 	prime_text: height = np.float64(0.05)
910.2983 	EXP 	prime_text: height = np.float64(0.05)
910.2983 	EXP 	prime_text: text = 'She does not like apples'
910.2983 	EXP 	target_text: height = np.float64(0.05)
910.2983 	EXP 	target_text: height = np.float64(0.05)
910.2983 	EXP 	target_text: height = np.float64(0.05)
910.2983 	EXP 	target_text: text = 'She not does like apples'
910.2983 	EXP 	fix_text: autoDraw = True
910.5238 	EXP 	blank1_bg: autoDraw = True
910.5480 	EXP 	fix_text: autoDraw = False
910.7189 	EXP 	blank1_bg: autoDraw = False
910.7315 	EXP 	prime_text: autoDraw = True
910.9217 	EXP 	prime_text: autoDraw = False
910.9217 	EXP 	blank2_bg: autoDraw = True
911.0148 	EXP 	blank2_bg: autoDraw = False
911.0219 	INFO 	Keyboard events cleared
911.0217 	EXP 	target_text: autoDraw = True
911.4495 	EXP 	Device response: <KeyPress from None: t=911.4481727920065, value=left, duration=None>
911.4575 	DATA 	Keypress: left
911.4618 	EXP 	fix_text: autoDraw = False
911.4618 	EXP 	blank1_bg: autoDraw = False
911.4618 	EXP 	prime_text: autoDraw = False
911.4618 	EXP 	blank2_bg: autoDraw = False
911.4618 	EXP 	target_text: autoDraw = False
911.4618 	EXP 	greenCircle: autoDraw = True
911.4618 	EXP 	redCrosss: autoDraw = True
911.5664 	EXP 	Device response: <KeyPress from None: t=911.4481727920065, value=left, duration=0.11648091599636246>
911.6480 	EXP 	blank3_bg: autoDraw = True
911.6561 	EXP 	greenCircle: autoDraw = False
911.6561 	EXP 	redCrosss: autoDraw = False
912.4392 	EXP 	New trial (rep=21, index=5): <Trial 341 (5 in rep 21) data={'prime': 'She does not like apples', 'target': 'She does not like apples', 'condition': 'repetition_related', 'correctAns': 'right', 'thisN': 341, 'thisTrialN': 5, 'thisRepN': 21}>
912.4507 	EXP 	blank3_bg: autoDraw = False
912.4507 	EXP 	blank3_bg: autoDraw = False
912.4507 	EXP 	greenCircle: autoDraw = False
912.4507 	EXP 	redCrosss: autoDraw = False
912.4507 	EXP 	text: text = 'Take a short break! Press any key to continue.'
912.4507 	EXP 	text: autoDraw = False
912.4507 	EXP 	prime_text: text = 'She does not like apples'
912.4507 	EXP 	target_text: height = np.float64(0.05)
912.4507 	EXP 	target_text: height = np.float64(0.05)
912.4507 	EXP 	target_text: height = np.float64(0.05)
912.4507 	EXP 	target_text: text = 'She does not like apples'
912.4507 	EXP 	fix_text: autoDraw = True
912.6907 	EXP 	blank1_bg: autoDraw = True
912.6970 	EXP 	fix_text: autoDraw = False
912.8801 	EXP 	prime_text: autoDraw = True
912.8850 	EXP 	blank1_bg: autoDraw = False
913.0701 	EXP 	prime_text: autoDraw = False
913.0880 	EXP 	blank2_bg: autoDraw = True
913.1816 	INFO 	Keyboard events cleared
913.1813 	EXP 	blank2_bg: autoDraw = False
913.1813 	EXP 	target_text: autoDraw = True
913.7668 	EXP 	Device response: <KeyPress from None: t=913.7601810420019, value=left, duration=None>
913.7751 	DATA 	Keypress: left
913.7794 	EXP 	fix_text: autoDraw = False
913.7794 	EXP 	blank1_bg: autoDraw = False
913.7794 	EXP 	prime_text: autoDraw = False
913.7794 	EXP 	blank2_bg: autoDraw = False
913.7794 	EXP 	target_text: autoDraw = False
913.7794 	EXP 	greenCircle: autoDraw = True
913.7794 	EXP 	redCrosss: autoDraw = True
913.8164 	EXP 	Device response: <KeyPress from None: t=913.7601810420019, value=left, duration=0.048382666005636565>
913.9651 	EXP 	blank3_bg: autoDraw = True
913.9727 	EXP 	greenCircle: autoDraw = False
913.9727 	EXP 	redCrosss: autoDraw = False
914.7557 	EXP 	New trial (rep=21, index=6): <Trial 342 (6 in rep 21) data={'prime': 'They have finished the work', 'target': 'They have finished the work', 'condition': 'repetition_related', 'correctAns': 'right', 'thisN': 342, 'thisTrialN': 6, 'thisRepN': 21}>
914.7709 	EXP 	blank3_bg: autoDraw = False
914.7709 	EXP 	blank3_bg: autoDraw = False
914.7709 	EXP 	greenCircle: autoDraw = False
914.7709 	EXP 	redCrosss: autoDraw = False
914.7709 	EXP 	text: text = 'Take a short break! Press any key to continue.'
914.7709 	EXP 	text: autoDraw = False
914.7709 	EXP 	prime_text: height = np.float64(0.05)
914.7709 	EXP 	prime_text: height = np.float64(0.05)
914.7709 	EXP 	prime_text: height = np.float64(0.05)
914.7709 	EXP 	prime_text: text = 'They have finished the work'
914.7709 	EXP 	target_text: height = np.float64(0.05)
914.7709 	EXP 	target_text: height = np.float64(0.05)
914.7709 	EXP 	target_text: height = np.float64(0.05)
914.7709 	EXP 	target_text: text = 'They have finished the work'
914.7709 	EXP 	fix_text: autoDraw = True
915.0063 	EXP 	blank1_bg: autoDraw = True
915.0135 	EXP 	fix_text: autoDraw = False
915.2053 	EXP 	blank1_bg: autoDraw = False
915.2053 	EXP 	prime_text: autoDraw = True
915.4045 	EXP 	prime_text: autoDraw = False
915.4045 	EXP 	blank2_bg: autoDraw = True
915.4980 	EXP 	blank2_bg: autoDraw = False
915.5046 	INFO 	Keyboard events cleared
915.5045 	EXP 	target_text: autoDraw = True
916.0498 	EXP 	Device response: <KeyPress from None: t=916.0391722920031, value=right, duration=None>
916.0578 	DATA 	Keypress: right
916.0621 	EXP 	fix_text: autoDraw = False
916.0621 	EXP 	blank1_bg: autoDraw = False
916.0621 	EXP 	prime_text: autoDraw = False
916.0621 	EXP 	blank2_bg: autoDraw = False
916.0621 	EXP 	target_text: autoDraw = False
916.0621 	EXP 	greenCircle: autoDraw = True
916.0621 	EXP 	redCrosss: autoDraw = True
916.1663 	EXP 	Device response: <KeyPress from None: t=916.0391722920031, value=right, duration=0.12429237499600276>
916.2468 	EXP 	blank3_bg: autoDraw = True
916.2539 	EXP 	greenCircle: autoDraw = False
916.2539 	EXP 	redCrosss: autoDraw = False
917.0313 	EXP 	New trial (rep=21, index=7): <Trial 343 (7 in rep 21) data={'prime': 'The dog is barking loudly', 'target': 'The dog barking is loudly', 'condition': 'transposition_related', 'correctAns': 'right', 'thisN': 343, 'thisTrialN': 7, 'thisRepN': 21}>
917.0465 	EXP 	blank3_bg: autoDraw = False
917.0465 	EXP 	blank3_bg: autoDraw = False
917.0465 	EXP 	greenCircle: autoDraw = False
917.0465 	EXP 	redCrosss: autoDraw = False
917.0465 	EXP 	text: text = 'Take a short break! Press any key to continue.'
917.0465 	EXP 	text: autoDraw = False
917.0465 	EXP 	prime_text: height = np.float64(0.05)
917.0465 	EXP 	prime_text: height = np.float64(0.05)
917.0465 	EXP 	prime_text: height = np.float64(0.05)
917.0465 	EXP 	prime_text: text = 'The dog is barking loudly'
917.0465 	EXP 	target_text: height = np.float64(0.05)
917.0465 	EXP 	target_text: height = np.float64(0.05)
917.0465 	EXP 	target_text: height = np.float64(0.05)
917.0465 	EXP 	target_text: text = 'The dog barking is loudly'
917.0465 	EXP 	fix_text: autoDraw = True
917.2742 	EXP 	blank1_bg: autoDraw = True
917.2886 	EXP 	fix_text: autoDraw = False
917.4706 	EXP 	blank1_bg: autoDraw = False
917.4706 	EXP 	prime_text: autoDraw = True
917.6646 	EXP 	prime_text: autoDraw = False
917.6705 	EXP 	blank2_bg: autoDraw = True
917.7647 	EXP 	blank2_bg: autoDraw = False
917.7715 	INFO 	Keyboard events cleared
917.7714 	EXP 	target_text: autoDraw = True
918.2666 	EXP 	Device response: <KeyPress from None: t=918.2631361670065, value=right, duration=None>
918.2749 	DATA 	Keypress: right
918.2792 	EXP 	fix_text: autoDraw = False
918.2792 	EXP 	blank1_bg: autoDraw = False
918.2792 	EXP 	prime_text: autoDraw = False
918.2792 	EXP 	blank2_bg: autoDraw = False
918.2792 	EXP 	target_text: autoDraw = False
918.2792 	EXP 	greenCircle: autoDraw = True
918.2792 	EXP 	redCrosss: autoDraw = True
918.3888 	EXP 	Device response: <KeyPress from None: t=918.2631361670065, value=right, duration=0.12419541599228978>
918.4645 	EXP 	blank3_bg: autoDraw = True
918.4727 	EXP 	greenCircle: autoDraw = False
918.4727 	EXP 	redCrosss: autoDraw = False
919.2483 	EXP 	New trial (rep=21, index=8): <Trial 344 (8 in rep 21) data={'prime': 'They have finished the work', 'target': 'They work the have finished', 'condition': 'transposition_unrelated', 'correctAns': 'left', 'thisN': 344, 'thisTrialN': 8, 'thisRepN': 21}>
919.2643 	EXP 	blank3_bg: autoDraw = False
919.2643 	EXP 	blank3_bg: autoDraw = False
919.2643 	EXP 	greenCircle: autoDraw = False
919.2643 	EXP 	redCrosss: autoDraw = False
919.2643 	EXP 	text: text = 'Take a short break! Press any key to continue.'
919.2643 	EXP 	text: autoDraw = False
919.2643 	EXP 	prime_text: height = np.float64(0.05)
919.2643 	EXP 	prime_text: height = np.float64(0.05)
919.2643 	EXP 	prime_text: height = np.float64(0.05)
919.2643 	EXP 	prime_text: text = 'They have finished the work'
919.2643 	EXP 	target_text: height = np.float64(0.05)
919.2643 	EXP 	target_text: height = np.float64(0.05)
919.2643 	EXP 	target_text: height = np.float64(0.05)
919.2643 	EXP 	target_text: text = 'They work the have finished'
919.2643 	EXP 	fix_text: autoDraw = True
919.4904 	EXP 	blank1_bg: autoDraw = True
919.5041 	EXP 	fix_text: autoDraw = False
919.6866 	EXP 	blank1_bg: autoDraw = False
919.6866 	EXP 	prime_text: autoDraw = True
919.8813 	EXP 	prime_text: autoDraw = False
919.8879 	EXP 	blank2_bg: autoDraw = True
919.9814 	EXP 	blank2_bg: autoDraw = False
919.9885 	INFO 	Keyboard events cleared
919.9883 	EXP 	target_text: autoDraw = True
920.7163 	EXP 	Device response: <KeyPress from None: t=920.709119332998, value=left, duration=None>
920.7245 	DATA 	Keypress: left
920.7288 	EXP 	fix_text: autoDraw = False
920.7288 	EXP 	blank1_bg: autoDraw = False
920.7288 	EXP 	prime_text: autoDraw = False
920.7288 	EXP 	blank2_bg: autoDraw = False
920.7288 	EXP 	target_text: autoDraw = False
920.7288 	EXP 	greenCircle: autoDraw = True
920.7288 	EXP 	redCrosss: autoDraw = True
920.7995 	EXP 	Device response: <KeyPress from None: t=920.709119332998, value=left, duration=0.08021295900107361>
920.9140 	EXP 	blank3_bg: autoDraw = True
920.9217 	EXP 	greenCircle: autoDraw = False
920.9217 	EXP 	redCrosss: autoDraw = False
921.6986 	EXP 	New trial (rep=21, index=9): <Trial 345 (9 in rep 21) data={'prime': 'She does not like apples', 'target': 'She not does like apples', 'condition': 'transposition_related', 'correctAns': 'right', 'thisN': 345, 'thisTrialN': 9, 'thisRepN': 21}>
921.7156 	EXP 	blank3_bg: autoDraw = False
921.7156 	EXP 	blank3_bg: autoDraw = False
921.7156 	EXP 	greenCircle: autoDraw = False
921.7156 	EXP 	redCrosss: autoDraw = False
921.7156 	EXP 	text: text = 'Take a short break! Press any key to continue.'
921.7156 	EXP 	text: autoDraw = False
921.7156 	EXP 	prime_text: height = np.float64(0.05)
921.7156 	EXP 	prime_text: height = np.float64(0.05)
921.7156 	EXP 	prime_text: height = np.float64(0.05)
921.7156 	EXP 	prime_text: text = 'She does not like apples'
921.7156 	EXP 	target_text: height = np.float64(0.05)
921.7156 	EXP 	target_text: height = np.float64(0.05)
921.7156 	EXP 	target_text: height = np.float64(0.05)
921.7156 	EXP 	target_text: text = 'She not does like apples'
921.7156 	EXP 	fix_text: autoDraw = True
921.9398 	EXP 	blank1_bg: autoDraw = True
921.9646 	EXP 	fix_text: autoDraw = False
922.1380 	EXP 	blank1_bg: autoDraw = False
922.1380 	EXP 	prime_text: autoDraw = True
922.3375 	EXP 	prime_text: autoDraw = False
922.3375 	EXP 	blank2_bg: autoDraw = True
922.4316 	EXP 	blank2_bg: autoDraw = False
922.4383 	INFO 	Keyboard events cleared
922.4381 	EXP 	target_text: autoDraw = True
923.0664 	EXP 	Device response: <KeyPress from None: t=923.0568907080014, value=left, duration=None>
923.0736 	DATA 	Keypress: left
923.0776 	EXP 	fix_text: autoDraw = False
923.0776 	EXP 	blank1_bg: autoDraw = False
923.0776 	EXP 	prime_text: autoDraw = False
923.0776 	EXP 	blank2_bg: autoDraw = False
923.0776 	EXP 	target_text: autoDraw = False
923.0776 	EXP 	greenCircle: autoDraw = True
923.0776 	EXP 	redCrosss: autoDraw = True
923.2226 	EXP 	Device response: <KeyPress from None: t=923.0568907080014, value=left, duration=0.1644780000060564>
923.2646 	EXP 	blank3_bg: autoDraw = True
923.2720 	EXP 	greenCircle: autoDraw = False
923.2720 	EXP 	redCrosss: autoDraw = False
924.0481 	EXP 	New trial (rep=21, index=10): <Trial 346 (10 in rep 21) data={'prime': 'The boy can read fast', 'target': 'The read can boy fast', 'condition': 'transposition_unrelated', 'correctAns': 'left', 'thisN': 346, 'thisTrialN': 10, 'thisRepN': 21}>
924.0641 	EXP 	blank3_bg: autoDraw = False
924.0641 	EXP 	blank3_bg: autoDraw = False
924.0641 	EXP 	greenCircle: autoDraw = False
924.0641 	EXP 	redCrosss: autoDraw = False
924.0641 	EXP 	text: text = 'Take a short break! Press any key to continue.'
924.0641 	EXP 	text: autoDraw = False
924.0641 	EXP 	prime_text: height = np.float64(0.05)
924.0641 	EXP 	prime_text: height = np.float64(0.05)
924.0641 	EXP 	prime_text: height = np.float64(0.05)
924.0641 	EXP 	prime_text: text = 'The boy can read fast'
924.0641 	EXP 	target_text: height = np.float64(0.05)
924.0641 	EXP 	target_text: height = np.float64(0.05)
924.0641 	EXP 	target_text: height = np.float64(0.05)
924.0641 	EXP 	target_text: text = 'The read can boy fast'
924.0641 	EXP 	fix_text: autoDraw = True
924.2895 	EXP 	blank1_bg: autoDraw = True
924.3048 	EXP 	fix_text: autoDraw = False
924.4883 	EXP 	blank1_bg: autoDraw = False
924.4883 	EXP 	prime_text: autoDraw = True
924.6876 	EXP 	prime_text: autoDraw = False
924.6876 	EXP 	blank2_bg: autoDraw = True
924.7813 	EXP 	blank2_bg: autoDraw = False
924.7876 	INFO 	Keyboard events cleared
924.7874 	EXP 	target_text: autoDraw = True
926.0831 	EXP 	Device response: <KeyPress from None: t=926.078953958, value=left, duration=None>
926.0909 	DATA 	Keypress: left
926.0950 	EXP 	fix_text: autoDraw = False
926.0950 	EXP 	blank1_bg: autoDraw = False
926.0950 	EXP 	prime_text: autoDraw = False
926.0950 	EXP 	blank2_bg: autoDraw = False
926.0950 	EXP 	target_text: autoDraw = False
926.0950 	EXP 	greenCircle: autoDraw = True
926.0950 	EXP 	redCrosss: autoDraw = True
926.1328 	EXP 	Device response: <KeyPress from None: t=926.078953958, value=left, duration=0.05220716699841432>
926.2805 	EXP 	blank3_bg: autoDraw = True
926.2888 	EXP 	greenCircle: autoDraw = False
926.2888 	EXP 	redCrosss: autoDraw = False
927.0641 	EXP 	New trial (rep=21, index=11): <Trial 347 (11 in rep 21) data={'prime': 'The dog is barking loudly', 'target': 'The loudly is barking dog', 'condition': 'repetition_unrelated', 'correctAns': 'left', 'thisN': 347, 'thisTrialN': 11, 'thisRepN': 21}>
927.0794 	EXP 	blank3_bg: autoDraw = False
927.0794 	EXP 	blank3_bg: autoDraw = False
927.0794 	EXP 	greenCircle: autoDraw = False
927.0794 	EXP 	redCrosss: autoDraw = False
927.0794 	EXP 	text: text = 'Take a short break! Press any key to continue.'
927.0794 	EXP 	text: autoDraw = False
927.0794 	EXP 	prime_text: height = np.float64(0.05)
927.0794 	EXP 	prime_text: height = np.float64(0.05)
927.0794 	EXP 	prime_text: height = np.float64(0.05)
927.0794 	EXP 	prime_text: text = 'The dog is barking loudly'
927.0794 	EXP 	target_text: height = np.float64(0.05)
927.0794 	EXP 	target_text: height = np.float64(0.05)
927.0794 	EXP 	target_text: height = np.float64(0.05)
927.0794 	EXP 	target_text: text = 'The loudly is barking dog'
927.0794 	EXP 	fix_text: autoDraw = True
927.3061 	EXP 	blank1_bg: autoDraw = True
927.3202 	EXP 	fix_text: autoDraw = False
927.5044 	EXP 	blank1_bg: autoDraw = False
927.5044 	EXP 	prime_text: autoDraw = True
927.6979 	EXP 	prime_text: autoDraw = False
927.7042 	EXP 	blank2_bg: autoDraw = True
927.7979 	EXP 	blank2_bg: autoDraw = False
927.8043 	INFO 	Keyboard events cleared
927.8041 	EXP 	target_text: autoDraw = True
928.3167 	EXP 	Device response: <KeyPress from None: t=928.3109191250114, value=left, duration=None>
928.3248 	DATA 	Keypress: left
928.3291 	EXP 	fix_text: autoDraw = False
928.3291 	EXP 	blank1_bg: autoDraw = False
928.3291 	EXP 	prime_text: autoDraw = False
928.3291 	EXP 	blank2_bg: autoDraw = False
928.3291 	EXP 	target_text: autoDraw = False
928.3291 	EXP 	greenCircle: autoDraw = True
928.3291 	EXP 	redCrosss: autoDraw = True
928.4210 	EXP 	Device response: <KeyPress from None: t=928.3109191250114, value=left, duration=0.10822641699633095>
928.5139 	EXP 	blank3_bg: autoDraw = True
928.5202 	EXP 	greenCircle: autoDraw = False
928.5202 	EXP 	redCrosss: autoDraw = False
929.2978 	EXP 	New trial (rep=21, index=12): <Trial 348 (12 in rep 21) data={'prime': 'The boy can read fast', 'target': 'The read can boy fast', 'condition': 'repetition_unrelated', 'correctAns': 'left', 'thisN': 348, 'thisTrialN': 12, 'thisRepN': 21}>
929.3131 	EXP 	blank3_bg: autoDraw = False
929.3131 	EXP 	blank3_bg: autoDraw = False
929.3131 	EXP 	greenCircle: autoDraw = False
929.3131 	EXP 	redCrosss: autoDraw = False
929.3131 	EXP 	text: text = 'Take a short break! Press any key to continue.'
929.3131 	EXP 	text: autoDraw = False
929.3131 	EXP 	prime_text: height = np.float64(0.05)
929.3131 	EXP 	prime_text: height = np.float64(0.05)
929.3131 	EXP 	prime_text: height = np.float64(0.05)
929.3131 	EXP 	prime_text: text = 'The boy can read fast'
929.3131 	EXP 	target_text: height = np.float64(0.05)
929.3131 	EXP 	target_text: height = np.float64(0.05)
929.3131 	EXP 	target_text: height = np.float64(0.05)
929.3131 	EXP 	target_text: text = 'The read can boy fast'
929.3131 	EXP 	fix_text: autoDraw = True
929.5393 	EXP 	blank1_bg: autoDraw = True
929.5530 	EXP 	fix_text: autoDraw = False
929.7374 	EXP 	blank1_bg: autoDraw = False
929.7374 	EXP 	prime_text: autoDraw = True
929.9314 	EXP 	prime_text: autoDraw = False
929.9380 	EXP 	blank2_bg: autoDraw = True
930.0313 	EXP 	blank2_bg: autoDraw = False
930.0384 	INFO 	Keyboard events cleared
930.0382 	EXP 	target_text: autoDraw = True
930.4999 	EXP 	Device response: <KeyPress from None: t=930.4918136670021, value=left, duration=None>
930.5081 	DATA 	Keypress: left
930.5123 	EXP 	fix_text: autoDraw = False
930.5123 	EXP 	blank1_bg: autoDraw = False
930.5123 	EXP 	prime_text: autoDraw = False
930.5123 	EXP 	blank2_bg: autoDraw = False
930.5123 	EXP 	target_text: autoDraw = False
930.5123 	EXP 	greenCircle: autoDraw = True
930.5123 	EXP 	redCrosss: autoDraw = True
930.5997 	EXP 	Device response: <KeyPress from None: t=930.4918136670021, value=left, duration=0.10036187499645166>
930.6985 	EXP 	blank3_bg: autoDraw = True
930.7063 	EXP 	greenCircle: autoDraw = False
930.7063 	EXP 	redCrosss: autoDraw = False
931.4821 	EXP 	New trial (rep=21, index=13): <Trial 349 (13 in rep 21) data={'prime': 'They have finished the work', 'target': 'They finished have the work', 'condition': 'transposition_related', 'correctAns': 'right', 'thisN': 349, 'thisTrialN': 13, 'thisRepN': 21}>
931.4979 	EXP 	blank3_bg: autoDraw = False
931.4979 	EXP 	blank3_bg: autoDraw = False
931.4979 	EXP 	greenCircle: autoDraw = False
931.4979 	EXP 	redCrosss: autoDraw = False
931.4979 	EXP 	text: text = 'Take a short break! Press any key to continue.'
931.4979 	EXP 	text: autoDraw = False
931.4979 	EXP 	prime_text: height = np.float64(0.05)
931.4979 	EXP 	prime_text: height = np.float64(0.05)
931.4979 	EXP 	prime_text: height = np.float64(0.05)
931.4979 	EXP 	prime_text: text = 'They have finished the work'
931.4979 	EXP 	target_text: height = np.float64(0.05)
931.4979 	EXP 	target_text: height = np.float64(0.05)
931.4979 	EXP 	target_text: height = np.float64(0.05)
931.4979 	EXP 	target_text: text = 'They finished have the work'
931.4979 	EXP 	fix_text: autoDraw = True
931.7242 	EXP 	blank1_bg: autoDraw = True
931.7377 	EXP 	fix_text: autoDraw = False
931.9176 	EXP 	blank1_bg: autoDraw = False
931.9313 	EXP 	prime_text: autoDraw = True
932.1205 	EXP 	prime_text: autoDraw = False
932.1205 	EXP 	blank2_bg: autoDraw = True
932.2147 	EXP 	blank2_bg: autoDraw = False
932.2221 	INFO 	Keyboard events cleared
932.2219 	EXP 	target_text: autoDraw = True
932.8384 	EXP 	Device response: <KeyPress from None: t=932.8357304170058, value=left, duration=None>
932.8458 	DATA 	Keypress: left
932.8509 	EXP 	fix_text: autoDraw = False
932.8509 	EXP 	blank1_bg: autoDraw = False
932.8509 	EXP 	prime_text: autoDraw = False
932.8509 	EXP 	blank2_bg: autoDraw = False
932.8509 	EXP 	target_text: autoDraw = False
932.8509 	EXP 	greenCircle: autoDraw = True
932.8509 	EXP 	redCrosss: autoDraw = True
932.9224 	EXP 	Device response: <KeyPress from None: t=932.8357304170058, value=left, duration=0.08427137500257231>
933.0397 	EXP 	blank3_bg: autoDraw = True
933.0469 	EXP 	greenCircle: autoDraw = False
933.0469 	EXP 	redCrosss: autoDraw = False
933.8226 	EXP 	New trial (rep=21, index=14): <Trial 350 (14 in rep 21) data={'prime': 'She does not like apples', 'target': 'She like does apples not', 'condition': 'transposition_unrelated', 'correctAns': 'left', 'thisN': 350, 'thisTrialN': 14, 'thisRepN': 21}>
933.8375 	EXP 	blank3_bg: autoDraw = False
933.8375 	EXP 	blank3_bg: autoDraw = False
933.8375 	EXP 	greenCircle: autoDraw = False
933.8375 	EXP 	redCrosss: autoDraw = False
933.8375 	EXP 	text: text = 'Take a short break! Press any key to continue.'
933.8375 	EXP 	text: autoDraw = False
933.8375 	EXP 	prime_text: height = np.float64(0.05)
933.8375 	EXP 	prime_text: height = np.float64(0.05)
933.8375 	EXP 	prime_text: height = np.float64(0.05)
933.8375 	EXP 	prime_text: text = 'She does not like apples'
933.8375 	EXP 	target_text: height = np.float64(0.05)
933.8375 	EXP 	target_text: height = np.float64(0.05)
933.8375 	EXP 	target_text: height = np.float64(0.05)
933.8375 	EXP 	target_text: text = 'She like does apples not'
933.8375 	EXP 	fix_text: autoDraw = True
934.0730 	EXP 	blank1_bg: autoDraw = True
934.0801 	EXP 	fix_text: autoDraw = False
934.2710 	EXP 	blank1_bg: autoDraw = False
934.2710 	EXP 	prime_text: autoDraw = True
934.4645 	EXP 	prime_text: autoDraw = False
934.4712 	EXP 	blank2_bg: autoDraw = True
934.5647 	EXP 	blank2_bg: autoDraw = False
934.5716 	INFO 	Keyboard events cleared
934.5714 	EXP 	target_text: autoDraw = True
934.9168 	EXP 	Device response: <KeyPress from None: t=934.9116195000097, value=left, duration=None>
934.9246 	DATA 	Keypress: left
934.9287 	EXP 	fix_text: autoDraw = False
934.9287 	EXP 	blank1_bg: autoDraw = False
934.9287 	EXP 	prime_text: autoDraw = False
934.9287 	EXP 	blank2_bg: autoDraw = False
934.9287 	EXP 	target_text: autoDraw = False
934.9287 	EXP 	greenCircle: autoDraw = True
934.9287 	EXP 	redCrosss: autoDraw = True
935.0328 	EXP 	Device response: <KeyPress from None: t=934.9116195000097, value=left, duration=0.10841200000140816>
935.1145 	EXP 	blank3_bg: autoDraw = True
935.1228 	EXP 	greenCircle: autoDraw = False
935.1228 	EXP 	redCrosss: autoDraw = False
935.8991 	EXP 	New trial (rep=21, index=15): <Trial 351 (15 in rep 21) data={'prime': 'The boy can read fast', 'target': 'The boy can read fast', 'condition': 'transposition_related', 'correctAns': 'right', 'thisN': 351, 'thisTrialN': 15, 'thisRepN': 21}>
935.9148 	EXP 	blank3_bg: autoDraw = False
935.9148 	EXP 	blank3_bg: autoDraw = False
935.9148 	EXP 	greenCircle: autoDraw = False
935.9148 	EXP 	redCrosss: autoDraw = False
935.9148 	EXP 	text: text = 'Take a short break! Press any key to continue.'
935.9148 	EXP 	text: autoDraw = False
935.9148 	EXP 	prime_text: height = np.float64(0.05)
935.9148 	EXP 	prime_text: height = np.float64(0.05)
935.9148 	EXP 	prime_text: height = np.float64(0.05)
935.9148 	EXP 	prime_text: text = 'The boy can read fast'
935.9148 	EXP 	target_text: height = np.float64(0.05)
935.9148 	EXP 	target_text: height = np.float64(0.05)
935.9148 	EXP 	target_text: height = np.float64(0.05)
935.9148 	EXP 	target_text: text = 'The boy can read fast'
935.9148 	EXP 	fix_text: autoDraw = True
936.1406 	EXP 	blank1_bg: autoDraw = True
936.1645 	EXP 	fix_text: autoDraw = False
936.3354 	EXP 	blank1_bg: autoDraw = False
936.3483 	EXP 	prime_text: autoDraw = True
936.5381 	EXP 	prime_text: autoDraw = False
936.5381 	EXP 	blank2_bg: autoDraw = True
936.6312 	EXP 	blank2_bg: autoDraw = False
936.6374 	INFO 	Keyboard events cleared
936.6372 	EXP 	target_text: autoDraw = True
937.1715 	EXP 	Device response: <KeyPress from None: t=937.1685619170021, value=right, duration=None>
937.1787 	DATA 	Keypress: right
937.1840 	EXP 	fix_text: autoDraw = False
937.1840 	EXP 	blank1_bg: autoDraw = False
937.1840 	EXP 	prime_text: autoDraw = False
937.1840 	EXP 	blank2_bg: autoDraw = False
937.1840 	EXP 	target_text: autoDraw = False
937.1840 	EXP 	greenCircle: autoDraw = True
937.1840 	EXP 	redCrosss: autoDraw = True
937.3326 	EXP 	Device response: <KeyPress from None: t=937.1685619170021, value=right, duration=0.1604126250022091>
937.3728 	EXP 	blank3_bg: autoDraw = True
937.3800 	EXP 	greenCircle: autoDraw = False
937.3800 	EXP 	redCrosss: autoDraw = False
938.1652 	EXP 	New trial (rep=22, index=0): <Trial 352 (0 in rep 22) data={'prime': 'They have finished the work', 'target': 'They work the have finished', 'condition': 'transposition_unrelated', 'correctAns': 'left', 'thisN': 352, 'thisTrialN': 0, 'thisRepN': 22}>
938.1817 	EXP 	blank3_bg: autoDraw = False
938.1817 	EXP 	blank3_bg: autoDraw = False
938.1817 	EXP 	greenCircle: autoDraw = False
938.1817 	EXP 	redCrosss: autoDraw = False
938.1817 	EXP 	text: text = 'Take a short break! Press any key to continue.'
938.1817 	EXP 	text: autoDraw = False
938.1817 	EXP 	prime_text: height = np.float64(0.05)
938.1817 	EXP 	prime_text: height = np.float64(0.05)
938.1817 	EXP 	prime_text: height = np.float64(0.05)
938.1817 	EXP 	prime_text: text = 'They have finished the work'
938.1817 	EXP 	target_text: height = np.float64(0.05)
938.1817 	EXP 	target_text: height = np.float64(0.05)
938.1817 	EXP 	target_text: height = np.float64(0.05)
938.1817 	EXP 	target_text: text = 'They work the have finished'
938.1817 	EXP 	fix_text: autoDraw = True
938.4062 	EXP 	blank1_bg: autoDraw = True
938.4316 	EXP 	fix_text: autoDraw = False
938.5980 	EXP 	blank1_bg: autoDraw = False
938.6035 	EXP 	prime_text: autoDraw = True
938.8035 	EXP 	prime_text: autoDraw = False
938.8035 	EXP 	blank2_bg: autoDraw = True
938.8982 	EXP 	blank2_bg: autoDraw = False
938.9056 	INFO 	Keyboard events cleared
938.9054 	EXP 	target_text: autoDraw = True
939.6998 	EXP 	Device response: <KeyPress from None: t=939.6915547500103, value=left, duration=None>
939.7083 	DATA 	Keypress: left
939.7127 	EXP 	fix_text: autoDraw = False
939.7127 	EXP 	blank1_bg: autoDraw = False
939.7127 	EXP 	prime_text: autoDraw = False
939.7127 	EXP 	blank2_bg: autoDraw = False
939.7127 	EXP 	target_text: autoDraw = False
939.7127 	EXP 	greenCircle: autoDraw = True
939.7127 	EXP 	redCrosss: autoDraw = True
939.7994 	EXP 	Device response: <KeyPress from None: t=939.6915547500103, value=left, duration=0.10039591699023731>
939.8975 	EXP 	blank3_bg: autoDraw = True
939.9056 	EXP 	greenCircle: autoDraw = False
939.9056 	EXP 	redCrosss: autoDraw = False
940.6808 	EXP 	New trial (rep=22, index=1): <Trial 353 (1 in rep 22) data={'prime': 'The boy can read fast', 'target': 'The read can boy fast', 'condition': 'transposition_unrelated', 'correctAns': 'left', 'thisN': 353, 'thisTrialN': 1, 'thisRepN': 22}>
940.6953 	EXP 	blank3_bg: autoDraw = False
940.6953 	EXP 	blank3_bg: autoDraw = False
940.6953 	EXP 	greenCircle: autoDraw = False
940.6953 	EXP 	redCrosss: autoDraw = False
940.6953 	EXP 	text: text = 'Take a short break! Press any key to continue.'
940.6953 	EXP 	text: autoDraw = False
940.6953 	EXP 	prime_text: height = np.float64(0.05)
940.6953 	EXP 	prime_text: height = np.float64(0.05)
940.6953 	EXP 	prime_text: height = np.float64(0.05)
940.6953 	EXP 	prime_text: text = 'The boy can read fast'
940.6953 	EXP 	target_text: height = np.float64(0.05)
940.6953 	EXP 	target_text: height = np.float64(0.05)
940.6953 	EXP 	target_text: height = np.float64(0.05)
940.6953 	EXP 	target_text: text = 'The read can boy fast'
940.6953 	EXP 	fix_text: autoDraw = True
940.9238 	EXP 	blank1_bg: autoDraw = True
940.9368 	EXP 	fix_text: autoDraw = False
941.1147 	EXP 	blank1_bg: autoDraw = False
941.1218 	EXP 	prime_text: autoDraw = True
941.3206 	EXP 	prime_text: autoDraw = False
941.3206 	EXP 	blank2_bg: autoDraw = True
941.4146 	EXP 	blank2_bg: autoDraw = False
941.4219 	INFO 	Keyboard events cleared
941.4217 	EXP 	target_text: autoDraw = True
942.0376 	EXP 	Device response: <KeyPress from None: t=942.0325222500105, value=left, duration=None>
942.0450 	DATA 	Keypress: left
942.0507 	EXP 	fix_text: autoDraw = False
942.0507 	EXP 	blank1_bg: autoDraw = False
942.0507 	EXP 	prime_text: autoDraw = False
942.0507 	EXP 	blank2_bg: autoDraw = False
942.0507 	EXP 	target_text: autoDraw = False
942.0507 	EXP 	greenCircle: autoDraw = True
942.0507 	EXP 	redCrosss: autoDraw = True
942.1213 	EXP 	Device response: <KeyPress from None: t=942.0325222500105, value=left, duration=0.08434133300033864>
942.2306 	EXP 	blank3_bg: autoDraw = True
942.2467 	EXP 	greenCircle: autoDraw = False
942.2467 	EXP 	redCrosss: autoDraw = False
943.0140 	EXP 	New trial (rep=22, index=2): <Trial 354 (2 in rep 22) data={'prime': 'They have finished the work', 'target': 'They finished have the work', 'condition': 'transposition_related', 'correctAns': 'right', 'thisN': 354, 'thisTrialN': 2, 'thisRepN': 22}>
943.0288 	EXP 	blank3_bg: autoDraw = False
943.0288 	EXP 	blank3_bg: autoDraw = False
943.0288 	EXP 	greenCircle: autoDraw = False
943.0288 	EXP 	redCrosss: autoDraw = False
943.0288 	EXP 	text: text = 'Take a short break! Press any key to continue.'
943.0288 	EXP 	text: autoDraw = False
943.0288 	EXP 	prime_text: height = np.float64(0.05)
943.0288 	EXP 	prime_text: height = np.float64(0.05)
943.0288 	EXP 	prime_text: height = np.float64(0.05)
943.0288 	EXP 	prime_text: text = 'They have finished the work'
943.0288 	EXP 	target_text: height = np.float64(0.05)
943.0288 	EXP 	target_text: height = np.float64(0.05)
943.0288 	EXP 	target_text: height = np.float64(0.05)
943.0288 	EXP 	target_text: text = 'They finished have the work'
943.0288 	EXP 	fix_text: autoDraw = True
943.2569 	EXP 	blank1_bg: autoDraw = True
943.2712 	EXP 	fix_text: autoDraw = False
943.4550 	EXP 	blank1_bg: autoDraw = False
943.4550 	EXP 	prime_text: autoDraw = True
943.6546 	EXP 	prime_text: autoDraw = False
943.6546 	EXP 	blank2_bg: autoDraw = True
943.7480 	EXP 	blank2_bg: autoDraw = False
943.7550 	INFO 	Keyboard events cleared
943.7549 	EXP 	target_text: autoDraw = True
944.5666 	EXP 	Device response: <KeyPress from None: t=944.5625408750057, value=left, duration=None>
944.5745 	DATA 	Keypress: left
944.5787 	EXP 	fix_text: autoDraw = False
944.5787 	EXP 	blank1_bg: autoDraw = False
944.5787 	EXP 	prime_text: autoDraw = False
944.5787 	EXP 	blank2_bg: autoDraw = False
944.5787 	EXP 	target_text: autoDraw = False
944.5787 	EXP 	greenCircle: autoDraw = True
944.5787 	EXP 	redCrosss: autoDraw = True
944.6825 	EXP 	Device response: <KeyPress from None: t=944.5625408750057, value=left, duration=0.1082515419984702>
944.7645 	EXP 	blank3_bg: autoDraw = True
944.7722 	EXP 	greenCircle: autoDraw = False
944.7722 	EXP 	redCrosss: autoDraw = False
945.5480 	EXP 	New trial (rep=22, index=3): <Trial 355 (3 in rep 22) data={'prime': 'They have finished the work', 'target': 'They finished have the work', 'condition': 'repetition_unrelated', 'correctAns': 'left', 'thisN': 355, 'thisTrialN': 3, 'thisRepN': 22}>
945.5541 	EXP 	blank3_bg: autoDraw = False
945.5541 	EXP 	blank3_bg: autoDraw = False
945.5541 	EXP 	greenCircle: autoDraw = False
945.5541 	EXP 	redCrosss: autoDraw = False
945.5541 	EXP 	text: text = 'Take a short break! Press any key to continue.'
945.5541 	EXP 	text: autoDraw = False
945.5541 	EXP 	prime_text: text = 'They have finished the work'
945.5541 	EXP 	target_text: text = 'They finished have the work'
945.5541 	EXP 	fix_text: autoDraw = True
945.7898 	EXP 	blank1_bg: autoDraw = True
945.7968 	EXP 	fix_text: autoDraw = False
945.9874 	EXP 	blank1_bg: autoDraw = False
945.9874 	EXP 	prime_text: autoDraw = True
946.1815 	EXP 	prime_text: autoDraw = False
946.1883 	EXP 	blank2_bg: autoDraw = True
946.2871 	INFO 	Keyboard events cleared
946.2869 	EXP 	blank2_bg: autoDraw = False
946.2869 	EXP 	target_text: autoDraw = True
947.5000 	EXP 	Device response: <KeyPress from None: t=947.4903337080032, value=left, duration=None>
947.5076 	DATA 	Keypress: left
947.5118 	EXP 	fix_text: autoDraw = False
947.5118 	EXP 	blank1_bg: autoDraw = False
947.5118 	EXP 	prime_text: autoDraw = False
947.5118 	EXP 	blank2_bg: autoDraw = False
947.5118 	EXP 	target_text: autoDraw = False
947.5118 	EXP 	greenCircle: autoDraw = True
947.5118 	EXP 	redCrosss: autoDraw = True
947.5829 	EXP 	Device response: <KeyPress from None: t=947.4903337080032, value=left, duration=0.08442008400743362>
947.6973 	EXP 	blank3_bg: autoDraw = True
947.7051 	EXP 	greenCircle: autoDraw = False
947.7051 	EXP 	redCrosss: autoDraw = False
948.4824 	EXP 	New trial (rep=22, index=4): <Trial 356 (4 in rep 22) data={'prime': 'The dog is barking loudly', 'target': 'The loudly is barking dog', 'condition': 'repetition_unrelated', 'correctAns': 'left', 'thisN': 356, 'thisTrialN': 4, 'thisRepN': 22}>
948.4972 	EXP 	blank3_bg: autoDraw = False
948.4972 	EXP 	blank3_bg: autoDraw = False
948.4972 	EXP 	greenCircle: autoDraw = False
948.4972 	EXP 	redCrosss: autoDraw = False
948.4972 	EXP 	text: text = 'Take a short break! Press any key to continue.'
948.4972 	EXP 	text: autoDraw = False
948.4972 	EXP 	prime_text: height = np.float64(0.05)
948.4972 	EXP 	prime_text: height = np.float64(0.05)
948.4972 	EXP 	prime_text: height = np.float64(0.05)
948.4972 	EXP 	prime_text: text = 'The dog is barking loudly'
948.4972 	EXP 	target_text: height = np.float64(0.05)
948.4972 	EXP 	target_text: height = np.float64(0.05)
948.4972 	EXP 	target_text: height = np.float64(0.05)
948.4972 	EXP 	target_text: text = 'The loudly is barking dog'
948.4972 	EXP 	fix_text: autoDraw = True
948.7237 	EXP 	blank1_bg: autoDraw = True
948.7364 	EXP 	fix_text: autoDraw = False
948.9210 	EXP 	blank1_bg: autoDraw = False
948.9210 	EXP 	prime_text: autoDraw = True
949.1217 	EXP 	prime_text: autoDraw = False
949.1217 	EXP 	blank2_bg: autoDraw = True
949.2146 	EXP 	blank2_bg: autoDraw = False
949.2212 	INFO 	Keyboard events cleared
949.2210 	EXP 	target_text: autoDraw = True
949.6826 	EXP 	Device response: <KeyPress from None: t=949.6717767500086, value=left, duration=None>
949.6906 	DATA 	Keypress: left
949.6949 	EXP 	fix_text: autoDraw = False
949.6949 	EXP 	blank1_bg: autoDraw = False
949.6949 	EXP 	prime_text: autoDraw = False
949.6949 	EXP 	blank2_bg: autoDraw = False
949.6949 	EXP 	target_text: autoDraw = False
949.6949 	EXP 	greenCircle: autoDraw = True
949.6949 	EXP 	redCrosss: autoDraw = True
949.8053 	EXP 	Device response: <KeyPress from None: t=949.6717767500086, value=left, duration=0.1318832079996355>
949.8804 	EXP 	blank3_bg: autoDraw = True
949.8880 	EXP 	greenCircle: autoDraw = False
949.8880 	EXP 	redCrosss: autoDraw = False
950.6648 	EXP 	New trial (rep=22, index=5): <Trial 357 (5 in rep 22) data={'prime': 'The dog is barking loudly', 'target': 'The barking dog loudly is', 'condition': 'transposition_unrelated', 'correctAns': 'left', 'thisN': 357, 'thisTrialN': 5, 'thisRepN': 22}>
950.6759 	EXP 	blank3_bg: autoDraw = False
950.6759 	EXP 	blank3_bg: autoDraw = False
950.6759 	EXP 	greenCircle: autoDraw = False
950.6759 	EXP 	redCrosss: autoDraw = False
950.6759 	EXP 	text: text = 'Take a short break! Press any key to continue.'
950.6759 	EXP 	text: autoDraw = False
950.6759 	EXP 	prime_text: text = 'The dog is barking loudly'
950.6759 	EXP 	target_text: height = np.float64(0.05)
950.6759 	EXP 	target_text: height = np.float64(0.05)
950.6759 	EXP 	target_text: height = np.float64(0.05)
950.6759 	EXP 	target_text: text = 'The barking dog loudly is'
950.6759 	EXP 	fix_text: autoDraw = True
950.9070 	EXP 	blank1_bg: autoDraw = True
950.9208 	EXP 	fix_text: autoDraw = False
951.1042 	EXP 	blank1_bg: autoDraw = False
951.1042 	EXP 	prime_text: autoDraw = True
951.2978 	EXP 	prime_text: autoDraw = False
951.3037 	EXP 	blank2_bg: autoDraw = True
951.3983 	EXP 	blank2_bg: autoDraw = False
951.4041 	INFO 	Keyboard events cleared
951.4039 	EXP 	target_text: autoDraw = True
952.0220 	EXP 	Device response: <KeyPress from None: t=952.0152875000058, value=left, duration=None>
952.0293 	DATA 	Keypress: left
952.0344 	EXP 	fix_text: autoDraw = False
952.0344 	EXP 	blank1_bg: autoDraw = False
952.0344 	EXP 	prime_text: autoDraw = False
952.0344 	EXP 	blank2_bg: autoDraw = False
952.0344 	EXP 	target_text: autoDraw = False
952.0344 	EXP 	greenCircle: autoDraw = True
952.0344 	EXP 	redCrosss: autoDraw = True
952.1378 	EXP 	Device response: <KeyPress from None: t=952.0152875000058, value=left, duration=0.11633741699915845>
952.2240 	EXP 	blank3_bg: autoDraw = True
952.2303 	EXP 	greenCircle: autoDraw = False
952.2303 	EXP 	redCrosss: autoDraw = False
953.0146 	EXP 	New trial (rep=22, index=6): <Trial 358 (6 in rep 22) data={'prime': 'They have finished the work', 'target': 'They have finished the work', 'condition': 'repetition_related', 'correctAns': 'right', 'thisN': 358, 'thisTrialN': 6, 'thisRepN': 22}>
953.0314 	EXP 	blank3_bg: autoDraw = False
953.0314 	EXP 	blank3_bg: autoDraw = False
953.0314 	EXP 	greenCircle: autoDraw = False
953.0314 	EXP 	redCrosss: autoDraw = False
953.0314 	EXP 	text: text = 'Take a short break! Press any key to continue.'
953.0314 	EXP 	text: autoDraw = False
953.0314 	EXP 	prime_text: height = np.float64(0.05)
953.0314 	EXP 	prime_text: height = np.float64(0.05)
953.0314 	EXP 	prime_text: height = np.float64(0.05)
953.0314 	EXP 	prime_text: text = 'They have finished the work'
953.0314 	EXP 	target_text: height = np.float64(0.05)
953.0314 	EXP 	target_text: height = np.float64(0.05)
953.0314 	EXP 	target_text: height = np.float64(0.05)
953.0314 	EXP 	target_text: text = 'They have finished the work'
953.0314 	EXP 	fix_text: autoDraw = True
953.2568 	EXP 	blank1_bg: autoDraw = True
953.2807 	EXP 	fix_text: autoDraw = False
953.4479 	EXP 	blank1_bg: autoDraw = False
953.4542 	EXP 	prime_text: autoDraw = True
953.6481 	EXP 	prime_text: autoDraw = False
953.6548 	EXP 	blank2_bg: autoDraw = True
953.7480 	EXP 	blank2_bg: autoDraw = False
953.7547 	INFO 	Keyboard events cleared
953.7546 	EXP 	target_text: autoDraw = True
954.3546 	EXP 	Device response: <KeyPress from None: t=954.3522817080084, value=right, duration=None>
954.3620 	DATA 	Keypress: right
954.3674 	EXP 	fix_text: autoDraw = False
954.3674 	EXP 	blank1_bg: autoDraw = False
954.3674 	EXP 	prime_text: autoDraw = False
954.3674 	EXP 	blank2_bg: autoDraw = False
954.3674 	EXP 	target_text: autoDraw = False
954.3674 	EXP 	greenCircle: autoDraw = True
954.3674 	EXP 	redCrosss: autoDraw = True
954.5165 	EXP 	Device response: <KeyPress from None: t=954.3522817080084, value=right, duration=0.16027316699910443>
954.5559 	EXP 	blank3_bg: autoDraw = True
954.5633 	EXP 	greenCircle: autoDraw = False
954.5633 	EXP 	redCrosss: autoDraw = False
955.3399 	EXP 	New trial (rep=22, index=7): <Trial 359 (7 in rep 22) data={'prime': 'She does not like apples', 'target': 'She like does apples not', 'condition': 'transposition_unrelated', 'correctAns': 'left', 'thisN': 359, 'thisTrialN': 7, 'thisRepN': 22}>
955.3554 	EXP 	blank3_bg: autoDraw = False
955.3554 	EXP 	blank3_bg: autoDraw = False
955.3554 	EXP 	greenCircle: autoDraw = False
955.3554 	EXP 	redCrosss: autoDraw = False
955.3554 	EXP 	text: text = 'Take a short break! Press any key to continue.'
955.3554 	EXP 	text: autoDraw = False
955.3554 	EXP 	prime_text: height = np.float64(0.05)
955.3554 	EXP 	prime_text: height = np.float64(0.05)
955.3554 	EXP 	prime_text: height = np.float64(0.05)
955.3554 	EXP 	prime_text: text = 'She does not like apples'
955.3554 	EXP 	target_text: height = np.float64(0.05)
955.3554 	EXP 	target_text: height = np.float64(0.05)
955.3554 	EXP 	target_text: height = np.float64(0.05)
955.3554 	EXP 	target_text: text = 'She like does apples not'
955.3554 	EXP 	fix_text: autoDraw = True
955.5902 	EXP 	blank1_bg: autoDraw = True
955.5967 	EXP 	fix_text: autoDraw = False
955.7868 	EXP 	blank1_bg: autoDraw = False
955.7868 	EXP 	prime_text: autoDraw = True
955.9813 	EXP 	prime_text: autoDraw = False
955.9879 	EXP 	blank2_bg: autoDraw = True
956.0815 	EXP 	blank2_bg: autoDraw = False
956.0883 	INFO 	Keyboard events cleared
956.0881 	EXP 	target_text: autoDraw = True
957.4001 	EXP 	Device response: <KeyPress from None: t=957.3971967079997, value=left, duration=None>
957.4081 	DATA 	Keypress: left
957.4123 	EXP 	fix_text: autoDraw = False
957.4123 	EXP 	blank1_bg: autoDraw = False
957.4123 	EXP 	prime_text: autoDraw = False
957.4123 	EXP 	blank2_bg: autoDraw = False
957.4123 	EXP 	target_text: autoDraw = False
957.4123 	EXP 	greenCircle: autoDraw = True
957.4123 	EXP 	redCrosss: autoDraw = True
957.5165 	EXP 	Device response: <KeyPress from None: t=957.3971967079997, value=left, duration=0.11226200000965036>
957.5979 	EXP 	blank3_bg: autoDraw = True
957.6056 	EXP 	greenCircle: autoDraw = False
957.6056 	EXP 	redCrosss: autoDraw = False
958.3817 	EXP 	New trial (rep=22, index=8): <Trial 360 (8 in rep 22) data={'prime': 'The boy can read fast', 'target': 'The read can boy fast', 'condition': 'repetition_unrelated', 'correctAns': 'left', 'thisN': 360, 'thisTrialN': 8, 'thisRepN': 22}>
958.3972 	EXP 	blank3_bg: autoDraw = False
958.3972 	EXP 	blank3_bg: autoDraw = False
958.3972 	EXP 	greenCircle: autoDraw = False
958.3972 	EXP 	redCrosss: autoDraw = False
958.3972 	EXP 	text: text = 'Take a short break! Press any key to continue.'
958.3972 	EXP 	text: autoDraw = False
958.3972 	EXP 	prime_text: height = np.float64(0.05)
958.3972 	EXP 	prime_text: height = np.float64(0.05)
958.3972 	EXP 	prime_text: height = np.float64(0.05)
958.3972 	EXP 	prime_text: text = 'The boy can read fast'
958.3972 	EXP 	target_text: height = np.float64(0.05)
958.3972 	EXP 	target_text: height = np.float64(0.05)
958.3972 	EXP 	target_text: height = np.float64(0.05)
958.3972 	EXP 	target_text: text = 'The read can boy fast'
958.3972 	EXP 	fix_text: autoDraw = True
958.6237 	EXP 	blank1_bg: autoDraw = True
958.6371 	EXP 	fix_text: autoDraw = False
958.8146 	EXP 	blank1_bg: autoDraw = False
958.8213 	EXP 	prime_text: autoDraw = True
959.0147 	EXP 	prime_text: autoDraw = False
959.0208 	EXP 	blank2_bg: autoDraw = True
959.1150 	EXP 	blank2_bg: autoDraw = False
959.1218 	INFO 	Keyboard events cleared
959.1216 	EXP 	target_text: autoDraw = True
959.8667 	EXP 	Device response: <KeyPress from None: t=959.8650781250035, value=left, duration=None>
959.8749 	DATA 	Keypress: left
959.8790 	EXP 	fix_text: autoDraw = False
959.8790 	EXP 	blank1_bg: autoDraw = False
959.8790 	EXP 	prime_text: autoDraw = False
959.8790 	EXP 	blank2_bg: autoDraw = False
959.8790 	EXP 	target_text: autoDraw = False
959.8790 	EXP 	greenCircle: autoDraw = True
959.8790 	EXP 	redCrosss: autoDraw = True
960.0003 	EXP 	Device response: <KeyPress from None: t=959.8650781250035, value=left, duration=0.1274061250005616>
960.0640 	EXP 	blank3_bg: autoDraw = True
960.0707 	EXP 	greenCircle: autoDraw = False
960.0707 	EXP 	redCrosss: autoDraw = False
960.8489 	EXP 	New trial (rep=22, index=9): <Trial 361 (9 in rep 22) data={'prime': 'She does not like apples', 'target': 'She does not like apples', 'condition': 'repetition_related', 'correctAns': 'right', 'thisN': 361, 'thisTrialN': 9, 'thisRepN': 22}>
960.8648 	EXP 	blank3_bg: autoDraw = False
960.8648 	EXP 	blank3_bg: autoDraw = False
960.8648 	EXP 	greenCircle: autoDraw = False
960.8648 	EXP 	redCrosss: autoDraw = False
960.8648 	EXP 	text: text = 'Take a short break! Press any key to continue.'
960.8648 	EXP 	text: autoDraw = False
960.8648 	EXP 	prime_text: height = np.float64(0.05)
960.8648 	EXP 	prime_text: height = np.float64(0.05)
960.8648 	EXP 	prime_text: height = np.float64(0.05)
960.8648 	EXP 	prime_text: text = 'She does not like apples'
960.8648 	EXP 	target_text: height = np.float64(0.05)
960.8648 	EXP 	target_text: height = np.float64(0.05)
960.8648 	EXP 	target_text: height = np.float64(0.05)
960.8648 	EXP 	target_text: text = 'She does not like apples'
960.8648 	EXP 	fix_text: autoDraw = True
961.0902 	EXP 	blank1_bg: autoDraw = True
961.1141 	EXP 	fix_text: autoDraw = False
961.2853 	EXP 	blank1_bg: autoDraw = False
961.2980 	EXP 	prime_text: autoDraw = True
961.4880 	EXP 	prime_text: autoDraw = False
961.4880 	EXP 	blank2_bg: autoDraw = True
961.5814 	EXP 	blank2_bg: autoDraw = False
961.5879 	INFO 	Keyboard events cleared
961.5877 	EXP 	target_text: autoDraw = True
962.1710 	EXP 	Device response: <KeyPress from None: t=962.167151917005, value=right, duration=None>
962.1783 	DATA 	Keypress: right
962.1841 	EXP 	fix_text: autoDraw = False
962.1841 	EXP 	blank1_bg: autoDraw = False
962.1841 	EXP 	prime_text: autoDraw = False
962.1841 	EXP 	blank2_bg: autoDraw = False
962.1841 	EXP 	target_text: autoDraw = False
962.1841 	EXP 	greenCircle: autoDraw = True
962.1841 	EXP 	redCrosss: autoDraw = True
962.2664 	EXP 	Device response: <KeyPress from None: t=962.167151917005, value=right, duration=0.09622791600122582>
962.3639 	EXP 	blank3_bg: autoDraw = True
962.3809 	EXP 	greenCircle: autoDraw = False
962.3809 	EXP 	redCrosss: autoDraw = False
963.1488 	EXP 	New trial (rep=22, index=10): <Trial 362 (10 in rep 22) data={'prime': 'She does not like apples', 'target': 'She not does like apples', 'condition': 'transposition_related', 'correctAns': 'right', 'thisN': 362, 'thisTrialN': 10, 'thisRepN': 22}>
963.1598 	EXP 	blank3_bg: autoDraw = False
963.1598 	EXP 	blank3_bg: autoDraw = False
963.1598 	EXP 	greenCircle: autoDraw = False
963.1598 	EXP 	redCrosss: autoDraw = False
963.1598 	EXP 	text: text = 'Take a short break! Press any key to continue.'
963.1598 	EXP 	text: autoDraw = False
963.1598 	EXP 	prime_text: text = 'She does not like apples'
963.1598 	EXP 	target_text: height = np.float64(0.05)
963.1598 	EXP 	target_text: height = np.float64(0.05)
963.1598 	EXP 	target_text: height = np.float64(0.05)
963.1598 	EXP 	target_text: text = 'She not does like apples'
963.1598 	EXP 	fix_text: autoDraw = True
963.3895 	EXP 	blank1_bg: autoDraw = True
963.4029 	EXP 	fix_text: autoDraw = False
963.5810 	EXP 	blank1_bg: autoDraw = False
963.5860 	EXP 	prime_text: autoDraw = True
963.7813 	EXP 	prime_text: autoDraw = False
963.7880 	EXP 	blank2_bg: autoDraw = True
963.8813 	EXP 	blank2_bg: autoDraw = False
963.8885 	INFO 	Keyboard events cleared
963.8883 	EXP 	target_text: autoDraw = True
964.6387 	EXP 	Device response: <KeyPress from None: t=964.6320041670115, value=left, duration=None>
964.6470 	DATA 	Keypress: left
964.6513 	EXP 	fix_text: autoDraw = False
964.6513 	EXP 	blank1_bg: autoDraw = False
964.6513 	EXP 	prime_text: autoDraw = False
964.6513 	EXP 	blank2_bg: autoDraw = False
964.6513 	EXP 	target_text: autoDraw = False
964.6513 	EXP 	greenCircle: autoDraw = True
964.6513 	EXP 	redCrosss: autoDraw = True
964.7039 	EXP 	Device response: <KeyPress from None: t=964.6320041670115, value=left, duration=0.06828720799239818>
964.8401 	EXP 	blank3_bg: autoDraw = True
964.8466 	EXP 	greenCircle: autoDraw = False
964.8466 	EXP 	redCrosss: autoDraw = False
965.6325 	EXP 	New trial (rep=22, index=11): <Trial 363 (11 in rep 22) data={'prime': 'The boy can read fast', 'target': 'The boy can read fast', 'condition': 'repetition_related', 'correctAns': 'right', 'thisN': 363, 'thisTrialN': 11, 'thisRepN': 22}>
965.6478 	EXP 	blank3_bg: autoDraw = False
965.6478 	EXP 	blank3_bg: autoDraw = False
965.6478 	EXP 	greenCircle: autoDraw = False
965.6478 	EXP 	redCrosss: autoDraw = False
965.6478 	EXP 	text: text = 'Take a short break! Press any key to continue.'
965.6478 	EXP 	text: autoDraw = False
965.6478 	EXP 	prime_text: height = np.float64(0.05)
965.6478 	EXP 	prime_text: height = np.float64(0.05)
965.6478 	EXP 	prime_text: height = np.float64(0.05)
965.6478 	EXP 	prime_text: text = 'The boy can read fast'
965.6478 	EXP 	target_text: height = np.float64(0.05)
965.6478 	EXP 	target_text: height = np.float64(0.05)
965.6478 	EXP 	target_text: height = np.float64(0.05)
965.6478 	EXP 	target_text: text = 'The boy can read fast'
965.6478 	EXP 	fix_text: autoDraw = True
965.8736 	EXP 	blank1_bg: autoDraw = True
965.8878 	EXP 	fix_text: autoDraw = False
966.0685 	EXP 	blank1_bg: autoDraw = False
966.0812 	EXP 	prime_text: autoDraw = True
966.2693 	EXP 	prime_text: autoDraw = False
966.2814 	EXP 	blank2_bg: autoDraw = True
966.3693 	EXP 	blank2_bg: autoDraw = False
966.3816 	INFO 	Keyboard events cleared
966.3813 	EXP 	target_text: autoDraw = True
967.8220 	EXP 	Device response: <KeyPress from None: t=967.8189346250001, value=right, duration=None>
967.8293 	DATA 	Keypress: right
967.8345 	EXP 	fix_text: autoDraw = False
967.8345 	EXP 	blank1_bg: autoDraw = False
967.8345 	EXP 	prime_text: autoDraw = False
967.8345 	EXP 	blank2_bg: autoDraw = False
967.8345 	EXP 	target_text: autoDraw = False
967.8345 	EXP 	greenCircle: autoDraw = True
967.8345 	EXP 	redCrosss: autoDraw = True
967.9493 	EXP 	Device response: <KeyPress from None: t=967.8189346250001, value=right, duration=0.12438237501191907>
968.0238 	EXP 	blank3_bg: autoDraw = True
968.0301 	EXP 	greenCircle: autoDraw = False
968.0301 	EXP 	redCrosss: autoDraw = False
968.8142 	EXP 	New trial (rep=22, index=12): <Trial 364 (12 in rep 22) data={'prime': 'She does not like apples', 'target': 'She not does like apples', 'condition': 'repetition_unrelated', 'correctAns': 'left', 'thisN': 364, 'thisTrialN': 12, 'thisRepN': 22}>
968.8295 	EXP 	blank3_bg: autoDraw = False
968.8295 	EXP 	blank3_bg: autoDraw = False
968.8295 	EXP 	greenCircle: autoDraw = False
968.8295 	EXP 	redCrosss: autoDraw = False
968.8295 	EXP 	text: text = 'Take a short break! Press any key to continue.'
968.8295 	EXP 	text: autoDraw = False
968.8295 	EXP 	prime_text: height = np.float64(0.05)
968.8295 	EXP 	prime_text: height = np.float64(0.05)
968.8295 	EXP 	prime_text: height = np.float64(0.05)
968.8295 	EXP 	prime_text: text = 'She does not like apples'
968.8295 	EXP 	target_text: height = np.float64(0.05)
968.8295 	EXP 	target_text: height = np.float64(0.05)
968.8295 	EXP 	target_text: height = np.float64(0.05)
968.8295 	EXP 	target_text: text = 'She not does like apples'
968.8295 	EXP 	fix_text: autoDraw = True
969.0559 	EXP 	blank1_bg: autoDraw = True
969.0700 	EXP 	fix_text: autoDraw = False
969.2481 	EXP 	blank1_bg: autoDraw = False
969.2547 	EXP 	prime_text: autoDraw = True
969.4481 	EXP 	prime_text: autoDraw = False
969.4547 	EXP 	blank2_bg: autoDraw = True
969.5478 	EXP 	blank2_bg: autoDraw = False
969.5546 	INFO 	Keyboard events cleared
969.5544 	EXP 	target_text: autoDraw = True
970.9000 	EXP 	Device response: <KeyPress from None: t=970.8907577920036, value=left, duration=None>
970.9084 	DATA 	Keypress: left
970.9126 	EXP 	fix_text: autoDraw = False
970.9126 	EXP 	blank1_bg: autoDraw = False
970.9126 	EXP 	prime_text: autoDraw = False
970.9126 	EXP 	blank2_bg: autoDraw = False
970.9126 	EXP 	target_text: autoDraw = False
970.9126 	EXP 	greenCircle: autoDraw = True
970.9126 	EXP 	redCrosss: autoDraw = True
971.0220 	EXP 	Device response: <KeyPress from None: t=970.8907577920036, value=left, duration=0.12440745800267905>
971.0972 	EXP 	blank3_bg: autoDraw = True
971.1043 	EXP 	greenCircle: autoDraw = False
971.1043 	EXP 	redCrosss: autoDraw = False
971.8823 	EXP 	New trial (rep=22, index=13): <Trial 365 (13 in rep 22) data={'prime': 'The dog is barking loudly', 'target': 'The dog is barking loudly', 'condition': 'repetition_related', 'correctAns': 'right', 'thisN': 365, 'thisTrialN': 13, 'thisRepN': 22}>
971.8972 	EXP 	blank3_bg: autoDraw = False
971.8972 	EXP 	blank3_bg: autoDraw = False
971.8972 	EXP 	greenCircle: autoDraw = False
971.8972 	EXP 	redCrosss: autoDraw = False
971.8972 	EXP 	text: text = 'Take a short break! Press any key to continue.'
971.8972 	EXP 	text: autoDraw = False
971.8972 	EXP 	prime_text: height = np.float64(0.05)
971.8972 	EXP 	prime_text: height = np.float64(0.05)
971.8972 	EXP 	prime_text: height = np.float64(0.05)
971.8972 	EXP 	prime_text: text = 'The dog is barking loudly'
971.8972 	EXP 	target_text: height = np.float64(0.05)
971.8972 	EXP 	target_text: height = np.float64(0.05)
971.8972 	EXP 	target_text: height = np.float64(0.05)
971.8972 	EXP 	target_text: text = 'The dog is barking loudly'
971.8972 	EXP 	fix_text: autoDraw = True
972.1235 	EXP 	blank1_bg: autoDraw = True
972.1374 	EXP 	fix_text: autoDraw = False
972.3208 	EXP 	blank1_bg: autoDraw = False
972.3208 	EXP 	prime_text: autoDraw = True
972.5144 	EXP 	prime_text: autoDraw = False
972.5313 	EXP 	blank2_bg: autoDraw = True
972.6207 	INFO 	Keyboard events cleared
972.6205 	EXP 	blank2_bg: autoDraw = False
972.6205 	EXP 	target_text: autoDraw = True
973.2499 	EXP 	Device response: <KeyPress from None: t=973.2458705419995, value=right, duration=None>
973.2582 	DATA 	Keypress: right
973.2625 	EXP 	fix_text: autoDraw = False
973.2625 	EXP 	blank1_bg: autoDraw = False
973.2625 	EXP 	prime_text: autoDraw = False
973.2625 	EXP 	blank2_bg: autoDraw = False
973.2625 	EXP 	target_text: autoDraw = False
973.2625 	EXP 	greenCircle: autoDraw = True
973.2625 	EXP 	redCrosss: autoDraw = True
973.3555 	EXP 	Device response: <KeyPress from None: t=973.2458705419995, value=right, duration=0.1082332500081975>
973.4468 	EXP 	blank3_bg: autoDraw = True
973.4541 	EXP 	greenCircle: autoDraw = False
973.4541 	EXP 	redCrosss: autoDraw = False
974.2320 	EXP 	New trial (rep=22, index=14): <Trial 366 (14 in rep 22) data={'prime': 'The boy can read fast', 'target': 'The boy can read fast', 'condition': 'transposition_related', 'correctAns': 'right', 'thisN': 366, 'thisTrialN': 14, 'thisRepN': 22}>
974.2472 	EXP 	blank3_bg: autoDraw = False
974.2472 	EXP 	blank3_bg: autoDraw = False
974.2472 	EXP 	greenCircle: autoDraw = False
974.2472 	EXP 	redCrosss: autoDraw = False
974.2472 	EXP 	text: text = 'Take a short break! Press any key to continue.'
974.2472 	EXP 	text: autoDraw = False
974.2472 	EXP 	prime_text: height = np.float64(0.05)
974.2472 	EXP 	prime_text: height = np.float64(0.05)
974.2472 	EXP 	prime_text: height = np.float64(0.05)
974.2472 	EXP 	prime_text: text = 'The boy can read fast'
974.2472 	EXP 	target_text: height = np.float64(0.05)
974.2472 	EXP 	target_text: height = np.float64(0.05)
974.2472 	EXP 	target_text: height = np.float64(0.05)
974.2472 	EXP 	target_text: text = 'The boy can read fast'
974.2472 	EXP 	fix_text: autoDraw = True
974.4728 	EXP 	blank1_bg: autoDraw = True
974.4863 	EXP 	fix_text: autoDraw = False
974.6646 	EXP 	blank1_bg: autoDraw = False
974.6717 	EXP 	prime_text: autoDraw = True
974.8645 	EXP 	prime_text: autoDraw = False
974.8712 	EXP 	blank2_bg: autoDraw = True
974.9648 	EXP 	blank2_bg: autoDraw = False
974.9718 	INFO 	Keyboard events cleared
974.9716 	EXP 	target_text: autoDraw = True
975.7214 	EXP 	Device response: <KeyPress from None: t=975.7177068750025, value=right, duration=None>
975.7287 	DATA 	Keypress: right
975.7338 	EXP 	fix_text: autoDraw = False
975.7338 	EXP 	blank1_bg: autoDraw = False
975.7338 	EXP 	prime_text: autoDraw = False
975.7338 	EXP 	blank2_bg: autoDraw = False
975.7338 	EXP 	target_text: autoDraw = False
975.7338 	EXP 	greenCircle: autoDraw = True
975.7338 	EXP 	redCrosss: autoDraw = True
975.8331 	EXP 	Device response: <KeyPress from None: t=975.7177068750025, value=right, duration=0.11228850000770763>
975.9245 	EXP 	blank3_bg: autoDraw = True
975.9304 	EXP 	greenCircle: autoDraw = False
975.9304 	EXP 	redCrosss: autoDraw = False
976.7158 	EXP 	New trial (rep=22, index=15): <Trial 367 (15 in rep 22) data={'prime': 'The dog is barking loudly', 'target': 'The dog barking is loudly', 'condition': 'transposition_related', 'correctAns': 'right', 'thisN': 367, 'thisTrialN': 15, 'thisRepN': 22}>
976.7319 	EXP 	blank3_bg: autoDraw = False
976.7319 	EXP 	blank3_bg: autoDraw = False
976.7319 	EXP 	greenCircle: autoDraw = False
976.7319 	EXP 	redCrosss: autoDraw = False
976.7319 	EXP 	text: text = 'Take a short break! Press any key to continue.'
976.7319 	EXP 	text: autoDraw = False
976.7319 	EXP 	prime_text: height = np.float64(0.05)
976.7319 	EXP 	prime_text: height = np.float64(0.05)
976.7319 	EXP 	prime_text: height = np.float64(0.05)
976.7319 	EXP 	prime_text: text = 'The dog is barking loudly'
976.7319 	EXP 	target_text: height = np.float64(0.05)
976.7319 	EXP 	target_text: height = np.float64(0.05)
976.7319 	EXP 	target_text: height = np.float64(0.05)
976.7319 	EXP 	target_text: text = 'The dog barking is loudly'
976.7319 	EXP 	fix_text: autoDraw = True
976.9565 	EXP 	blank1_bg: autoDraw = True
976.9815 	EXP 	fix_text: autoDraw = False
977.1553 	EXP 	blank1_bg: autoDraw = False
977.1553 	EXP 	prime_text: autoDraw = True
977.3545 	EXP 	prime_text: autoDraw = False
977.3545 	EXP 	blank2_bg: autoDraw = True
977.4546 	INFO 	Keyboard events cleared
977.4544 	EXP 	blank2_bg: autoDraw = False
977.4544 	EXP 	target_text: autoDraw = True
979.6160 	EXP 	Device response: <KeyPress from None: t=979.6087173330016, value=right, duration=None>
979.6238 	DATA 	Keypress: right
979.6282 	EXP 	fix_text: autoDraw = False
979.6282 	EXP 	blank1_bg: autoDraw = False
979.6282 	EXP 	prime_text: autoDraw = False
979.6282 	EXP 	blank2_bg: autoDraw = False
979.6282 	EXP 	target_text: autoDraw = False
979.6282 	EXP 	greenCircle: autoDraw = True
979.6282 	EXP 	redCrosss: autoDraw = True
979.6992 	EXP 	Device response: <KeyPress from None: t=979.6087173330016, value=right, duration=0.08825887501006946>
979.8137 	EXP 	blank3_bg: autoDraw = True
979.8206 	EXP 	greenCircle: autoDraw = False
979.8206 	EXP 	redCrosss: autoDraw = False
980.6062 	EXP 	blank3_bg: autoDraw = False
980.6062 	EXP 	blank3_bg: autoDraw = False
980.6062 	EXP 	greenCircle: autoDraw = False
980.6062 	EXP 	redCrosss: autoDraw = False
980.6062 	EXP 	text: text = 'Take a short break! Press any key to continue.'
980.6062 	EXP 	text: autoDraw = False
980.6062 	EXP 	text_3: autoDraw = True
983.7662 	EXP 	Device response: <KeyPress from None: t=983.7561422920116, value=right, duration=None>
983.7712 	DATA 	Keypress: right
983.8834 	EXP 	Device response: <KeyPress from None: t=983.7561422920116, value=right, duration=0.12196129099174868>
984.7160 	EXP 	Device response: <KeyPress from None: t=984.7106452500011, value=space, duration=None>
984.7816 	DATA 	Keypress: space
984.8151 	EXP 	Device response: <KeyPress from None: t=984.7106452500011, value=space, duration=0.0964097079995554>
989.2997 	EXP 	Device response: <KeyPress from None: t=989.2874850420048, value=escape, duration=None>
989.3119 	DATA 	Keypress: escape
989.3661 	EXP 	Device response: <KeyPress from None: t=989.2874850420048, value=escape, duration=0.06841095800336916>
989.3662 	EXP 	2nd exp: status = STOPPED
989.3722 	EXP 	text_3: autoDraw = False
989.3724 	EXP 	2nd exp: status = STOPPED
989.5263 	INFO 	saved data to '/Users/urvashibhansali/Documents/AU [Psych] (1-4 years) /3rd Year/Semester 5 Monsoon 25-26/PSY310/Solo Project/data/n_2nd exp_2025-11-10_14h02.17.419.csv'
989.5361 	INFO 	saved data to /Users/urvashibhansali/Documents/AU [Psych] (1-4 years) /3rd Year/Semester 5 Monsoon 25-26/PSY310/Solo Project/data/n_2nd exp_2025-11-10_14h02.17.419.psydat
989.9919 	WARNING 	Stopping key buffers but this could be dangerous ifother keyboards rely on the same.
