prime,target,condition,correctAns,thisN,thisTrialN,thisRepN,key_resp.keys,key_resp.corr,key_resp.rt,key_resp.duration,key_resp_3.keys,trials.thisRepN,trials.thisTrialN,trials.thisN,trials.thisIndex,thisRow.t,notes,instructions.started,text_2.started,key_resp_2.started,instructions.stopped,key_resp_2.keys,key_resp_2.rt,key_resp_2.duration,trial.started,fix_text.started,blank1_bg.started,fix_text.stopped,blank1_bg.stopped,prime_text.started,prime_text.stopped,blank2_bg.started,blank2_bg.stopped,target_text.started,key_resp.started,trial.stopped,trials.key_resp.keys,trials.key_resp.corr,trials.key_resp.rt,trials.key_resp.duration,feedback_correct.started,greenCircle.started,redCrosss.started,blank3_bg.started,greenCircle.stopped,redCrosss.stopped,blank3_bg.stopped,feedback_correct.stopped,pauseScreen.started,pauseScreen.stopped,trials.key_resp_3.keys,thanks.started,text_3.started,participant,session,date,expName,expVersion,psychopyVersion,frameRate,expStart,
,,,,,,,,,,,,,,,,,,0.006141417004982941,0.012988750007934868,0.012988750007934868,6.80300262500532,space,6.532112166998559,None,,,,,,,,,,,,,,,,,,,,,,,,,,,,,,n,"001",2025-11-10_14h02.29.280,2nd exp,,2025.2.0,None,2025-11-10 14h02.29.363548 +0530,
The dog is barking loudly,The dog barking is loudly,transposition_related,right,0,0,0,right,1,1.0733387080108514,None,None,0,0,0,14,6.868272332998458,,,,,,,,,6.844056500005536,6.868272332998458,7.055112833011663,7.116468874999555,7.249891500003287,7.249891500003287,7.438790583008085,7.448773167008767,7.537407916999655,7.550224958002218,7.550224958002218,8.634743750008056,right,1,1.0733387080108514,None,8.635046625000541,8.732787875007489,8.732787875007489,8.832554292006535,8.92164754201076,8.92164754201076,9.636098625007435,9.615782833003323,9.62366470800771,9.623730000006617,None,,,n,"001",2025-11-10_14h02.29.280,2nd exp,,2025.2.0,None,2025-11-10 14h02.29.363548 +0530,
The boy can read fast,The boy can read fast,transposition_related,right,1,1,0,right,1,0.7689276250021067,None,None,0,1,1,2,9.636098625007435,,,,,,,,,9.631503374999738,9.636098625007435,9.865837667006417,9.881989542001975,10.052531375011313,10.072901292005554,10.266773208000814,10.266773208000814,10.355367208001553,10.373671042005299,10.373671042005299,11.151707249999163,right,1,0.7689276250021067,None,11.152057958010118,11.175763417006237,11.175763417006237,11.34901908300526,11.374146500005736,11.374146500005736,12.152402125007939,12.133781583004748,12.133881458008545,12.133934833007515,None,,,n,"001",2025-11-10_14h02.29.280,2nd exp,,2025.2.0,None,2025-11-10 14h02.29.363548 +0530,
She does not like apples,She not does like apples,transposition_related,right,2,2,0,right,1,1.4641821669938508,None,None,0,2,2,6,12.152402125007939,,,,,,,,,12.147147000010591,12.152402125007939,12.37561375000223,12.39995233299851,12.570807292009704,12.583330499997828,12.772669541998766,12.772669541998766,12.866773792004096,12.873320750004495,12.873320750004495,14.341154833004111,right,1,1.4641821669938508,None,14.34145454200916,14.35270520800259,14.35270520800259,14.541889042011462,14.5485410830006,14.5485410830006,15.335918374999892,15.32514512501075,15.32522900000913,15.325283208003384,None,,,n,"001",2025-11-10_14h02.29.280,2nd exp,,2025.2.0,None,2025-11-10 14h02.29.363548 +0530,
She does not like apples,She does not like apples,repetition_related,right,3,3,0,right,1,1.263825457994244,None,None,0,3,3,4,15.335918374999892,,,,,,,,,15.331024083003285,15.335918374999892,15.575487042005989,15.581827333007823,15.769911833005608,15.765312458010158,15.95527916699939,15.973454457998741,16.06681404200208,16.07358258300519,16.07358258300519,17.3403848750022,right,1,1.263825457994244,None,17.34071566700004,17.35233275000064,17.35233275000064,17.54203987499932,17.548482250000234,17.548482250000234,18.34053704200778,18.325038875002065,18.32512375000806,18.32517354200536,None,,,n,"001",2025-11-10_14h02.29.280,2nd exp,,2025.2.0,None,2025-11-10 14h02.29.363548 +0530,
The dog is barking loudly,The dog is barking loudly,repetition_related,right,4,4,0,right,1,1.6296405829925789,None,None,0,4,4,12,18.34053704200778,,,,,,,,,18.334991417010315,18.34053704200778,18.57585491699865,18.582130833005067,18.773693542010733,18.773693542010733,18.97265054201125,18.97265054201125,19.06685116700828,19.073770458009676,19.073770458009676,20.707694875003654,right,1,1.6296405829925789,None,20.708048750006128,20.719296333001694,20.719296333001694,20.90889716699894,20.915256917010993,20.915256917010993,21.70680570800323,21.69188125000801,21.69198754199897,21.69204062499921,None,,,n,"001",2025-11-10_14h02.29.280,2nd exp,,2025.2.0,None,2025-11-10 14h02.29.363548 +0530,
The boy can read fast,The read can boy fast,repetition_unrelated,left,5,5,0,left,1,1.5872357500047656,None,None,0,5,5,1,21.70680570800323,,,,,,,,,21.701276667008642,21.70680570800323,21.94271316700906,21.94898958300473,22.138653125002747,22.138653125002747,22.33337795799889,22.33953100000508,22.43345529200451,22.44011529200361,22.44011529200361,24.03560400000424,left,1,1.5872357500047656,None,24.03596200000902,24.048842667005374,24.048842667005374,24.23334162500396,24.241232667001896,24.241232667001896,25.024130999998306,25.017197958004544,25.017335708005703,25.01740508301009,None,,,n,"001",2025-11-10_14h02.29.280,2nd exp,,2025.2.0,None,2025-11-10 14h02.29.363548 +0530,
The boy can read fast,The read can boy fast,transposition_unrelated,left,6,6,0,left,1,1.8639611249964219,None,None,0,6,6,3,25.024130999998306,,,,,,,,,25.017928958011908,25.024130999998306,25.258929167001043,25.265168792000622,25.45553820799978,25.45553820799978,25.650215417001164,25.657080625009257,25.749979458007147,25.75617408299877,25.75617408299877,27.624188292000326,left,1,1.8639611249964219,None,27.624464500011527,27.635546792007517,27.635546792007517,27.82498195800872,27.831812542004627,27.831812542004627,28.634762583009433,28.61591700000281,28.616121208004188,28.616205875005107,None,,,n,"001",2025-11-10_14h02.29.280,2nd exp,,2025.2.0,None,2025-11-10 14h02.29.363548 +0530,
They have finished the work,They have finished the work,repetition_related,right,7,7,0,right,1,1.3647478339989902,None,None,0,7,7,8,28.634762583009433,,,,,,,,,28.63009770801,28.634762583009433,28.85847645800095,28.882628708000993,29.050131542011513,29.05689308300498,29.256108917004894,29.256108917004894,29.350119583003107,29.356362917009392,29.356362917009392,30.72473549999995,right,1,1.3647478339989902,None,30.725015750009334,30.736191875010263,30.736191875010263,30.925077542007784,30.931890292005846,30.931890292005846,31.72451150001143,31.70852745800221,31.708639208009117,31.70869225000206,None,,,n,"001",2025-11-10_14h02.29.280,2nd exp,,2025.2.0,None,2025-11-10 14h02.29.363548 +0530,
The boy can read fast,The boy can read fast,repetition_related,right,8,8,0,right,1,1.116060957996524,None,None,0,8,8,0,31.72451150001143,,,,,,,,,31.71909450000385,31.72451150001143,31.958301542006666,31.965178708007443,32.15522829200199,32.15522829200199,32.350134500011336,32.35656491700502,32.450049250008306,32.456988500009174,32.456988500009174,33.584762083002715,right,1,1.116060957996524,None,33.585059667006135,33.59618045800016,33.59618045800016,33.782324083003914,33.788497957997606,33.788497957997606,34.58442437500344,34.56722762501158,34.56736241700128,34.56745816700277,None,,,n,"001",2025-11-10_14h02.29.280,2nd exp,,2025.2.0,None,2025-11-10 14h02.29.363548 +0530,
They have finished the work,They work the have finished,transposition_unrelated,left,9,9,0,left,1,1.3209615829982795,None,None,0,9,9,11,34.58442437500344,,,,,,,,,34.579027500003576,34.58442437500344,34.81692254199879,34.82480349999969,35.01690845801204,35.01690845801204,35.20603512501111,35.20603512501111,35.299997375012026,35.30602479200752,35.30602479200752,36.635436124997796,left,1,1.3209615829982795,None,36.63582654199854,36.646984083010466,36.646984083010466,36.831905042010476,36.83830341701105,36.83830341701105,37.63427429200965,37.617040208002436,37.617154332998325,37.61724550000508,None,,,n,"001",2025-11-10_14h02.29.280,2nd exp,,2025.2.0,None,2025-11-10 14h02.29.363548 +0530,
She does not like apples,She like does apples not,transposition_unrelated,left,10,10,0,left,1,1.0747711669973796,None,None,0,10,10,7,37.63427429200965,,,,,,,,,37.62893920800707,37.63427429200965,37.858363500010455,37.88336037500994,38.05595154200273,38.05595154200273,38.25019912500284,38.25681833300041,38.34982454200508,38.35616183299862,38.35616183299862,39.435186083006556,left,1,1.0747711669973796,None,39.43557454200345,39.44692012500309,39.44692012500309,39.63334475000738,39.641766917004134,39.641766917004134,40.42802079200919,40.41652333299862,40.41662879200885,40.4166991670063,None,,,n,"001",2025-11-10_14h02.29.280,2nd exp,,2025.2.0,None,2025-11-10 14h02.29.363548 +0530,
She does not like apples,She not does like apples,repetition_unrelated,left,11,11,0,left,1,1.0158789589913795,None,None,0,11,11,5,40.42802079200919,,,,,,,,,40.42296691700176,40.42802079200919,40.66545933300222,40.67277191700123,40.85413854201033,40.85413854201033,41.05051891700714,41.05647116700129,41.150161292011035,41.15687937500479,41.15687937500479,42.18496166700788,left,1,1.0158789589913795,None,42.18529854201188,42.198612583000795,42.198612583000795,42.382133292005165,42.38841683301143,42.38841683301143,43.18240929199965,43.16612012500991,43.16630241701205,43.16641812500893,None,,,n,"001",2025-11-10_14h02.29.280,2nd exp,,2025.2.0,None,2025-11-10 14h02.29.363548 +0530,
They have finished the work,They finished have the work,transposition_related,right,12,12,0,right,1,1.4999772919982206,None,None,0,12,12,10,43.18240929199965,,,,,,,,,43.17695812501188,43.18240929199965,43.408509041997604,43.4222032079997,43.60003654200409,43.60677537501033,43.800304583011894,43.8066684580117,43.899983249997604,43.906698582999525,43.906698582999525,45.418154667000636,right,1,1.4999772919982206,None,45.41846633300884,45.42997320801078,45.42997320801078,45.61523862500326,45.622610042002634,45.622610042002634,46.40612041699933,46.40009070800443,46.40017854201142,46.40023445800762,None,,,n,"001",2025-11-10_14h02.29.280,2nd exp,,2025.2.0,None,2025-11-10 14h02.29.363548 +0530,
They have finished the work,They finished have the work,repetition_unrelated,left,13,13,0,left,1,1.202894624992041,None,None,0,13,13,9,46.40612041699933,,,,,,,,,46.40065933299775,46.40612041699933,46.64204391700332,46.648424208004144,46.83661995800503,46.84998416699818,47.039849250009866,47.039849250009866,47.13350558299862,47.139832708009635,47.139832708009635,48.35216691700043,left,1,1.202894624992041,None,48.35279975000594,48.3645654580032,48.3645654580032,48.54978933300299,48.55617050000001,48.55617050000001,49.35548954200931,49.34047062500031,49.34054495800228,49.34058091700717,None,,,n,"001",2025-11-10_14h02.29.280,2nd exp,,2025.2.0,None,2025-11-10 14h02.29.363548 +0530,
The dog is barking loudly,The barking dog loudly is,transposition_unrelated,left,14,14,0,left,1,0.9559971249982482,None,None,0,14,14,15,49.35548954200931,,,,,,,,,49.350445000003674,49.35548954200931,49.59254850000434,49.59891412500292,49.78636025000014,49.78173825000704,49.97067166700435,49.989806083001895,50.083534000004875,50.083534000004875,50.083534000004875,51.05173283300246,left,1,0.9559971249982482,None,51.05215579200012,51.06404854200082,51.06404854200082,51.2497996250022,51.258057375001954,51.258057375001954,52.06632012499904,52.03857629200502,52.038659792000544,52.03870150000148,None,,,n,"001",2025-11-10_14h02.29.280,2nd exp,,2025.2.0,None,2025-11-10 14h02.29.363548 +0530,
The dog is barking loudly,The loudly is barking dog,repetition_unrelated,left,15,15,0,left,1,0.84625883300032,None,None,0,15,15,13,52.06632012499904,,,,,,,,,52.04475287500827,52.06632012499904,52.28337079200719,52.30777374999889,52.4722743750026,52.48334404200432,52.67186095799843,52.6834029169986,52.7719606669998,52.783262500001,52.783262500001,53.635342624998884,left,1,0.84625883300032,None,53.63563620801142,53.647245416999795,53.647245416999795,53.831817208003486,53.84009754200815,53.84009754200815,54.63477220800996,54.61698395801068,54.61706933300593,54.61712041700957,None,,,n,"001",2025-11-10_14h02.29.280,2nd exp,,2025.2.0,None,2025-11-10 14h02.29.363548 +0530,
The boy can read fast,The read can boy fast,transposition_unrelated,left,16,0,1,left,1,2.051893249998102,None,None,1,0,16,3,54.63477220800996,,,,,,,,,54.629398625009344,54.63477220800996,54.85802200000035,54.882728833006695,55.049829000010504,55.0563775000046,55.24991975000012,55.25571404201037,55.34987925000314,55.356543750007404,55.356543750007404,57.41811758300173,left,1,2.051893249998102,None,57.41837337501056,57.42862820799928,57.42862820799928,57.61680616700323,57.624278208008036,57.624278208008036,58.41876845801016,58.40567608299898,58.40573433300597,58.405765167000936,None,,,n,"001",2025-11-10_14h02.29.280,2nd exp,,2025.2.0,None,2025-11-10 14h02.29.363548 +0530,
She does not like apples,She like does apples not,transposition_unrelated,left,17,1,1,left,1,1.1055075000040233,None,None,1,1,17,7,58.41876845801016,,,,,,,,,58.41359133301012,58.41876845801016,58.6575653750042,58.66555175000394,58.85382475001097,58.84904258300958,59.03716425001039,59.066822250009864,59.15589783299947,59.15589783299947,59.15589783299947,60.26801700000942,left,1,1.1055075000040233,None,60.26839066699904,60.27953762499965,60.27953762499965,60.46666620799806,60.473056750008254,60.473056750008254,61.26451629200892,61.250204125011805,61.250274042002275,61.25030045800668,None,,,n,"001",2025-11-10_14h02.29.280,2nd exp,,2025.2.0,None,2025-11-10 14h02.29.363548 +0530,
They have finished the work,They finished have the work,transposition_related,right,18,2,1,left,0,1.6948052079969784,None,None,1,2,18,10,61.26451629200892,,,,,,,,,61.25896095800272,61.26451629200892,61.49087629200949,61.50528566700814,61.68854620800994,61.68854620800994,61.883429667010205,61.888246625007014,61.98333379199903,61.98847670800751,61.98847670800751,63.68474983300257,left,0,1.6948052079969784,None,63.68499595799949,63.69591495800705,63.69591495800705,63.88277916700463,63.88987366700894,63.88987366700894,64.68109787499998,64.66702220799925,64.66707920801127,64.66711025001132,None,,,n,"001",2025-11-10_14h02.29.280,2nd exp,,2025.2.0,None,2025-11-10 14h02.29.363548 +0530,
The dog is barking loudly,The dog is barking loudly,repetition_related,right,19,3,1,right,1,2.264177374992869,None,None,1,3,19,12,64.68109787499998,,,,,,,,,64.67546762499842,64.68109787499998,64.9079565830034,64.92324991700298,65.10251179200714,65.115466208008,65.30465820799873,65.30465820799873,65.40020570800698,65.40594204200897,65.40594204200897,67.67288091700175,right,1,2.264177374992869,None,67.67315787500411,67.68558133300394,67.68558133300394,67.88391129201045,67.90049425000325,67.90049425000325,68.68679670800338,68.67175229200802,68.6718252080027,68.67186112501076,None,,,n,"001",2025-11-10_14h02.29.280,2nd exp,,2025.2.0,None,2025-11-10 14h02.29.363548 +0530,
They have finished the work,They have finished the work,repetition_related,right,20,4,1,right,1,0.966018291990622,None,None,1,4,20,8,68.68679670800338,,,,,,,,,68.68147075000161,68.68679670800338,68.91669512500812,68.93246512500627,69.10427366700605,69.11596816701058,69.30259341700003,69.32026687500183,69.41545583300467,69.42011337500298,69.42011337500298,70.38872062500741,right,1,0.966018291990622,None,70.38906879200658,70.39847037500294,70.39847037500294,70.58942425000714,70.58942425000714,70.58942425000714,71.38248200000089,71.37263741700735,71.37274316699768,71.37277908300166,None,,,n,"001",2025-11-10_14h02.29.280,2nd exp,,2025.2.0,None,2025-11-10 14h02.29.363548 +0530,
They have finished the work,They finished have the work,repetition_unrelated,left,21,5,1,left,1,1.2076596660044743,None,None,1,5,21,9,71.38248200000089,,,,,,,,,71.37677816700307,71.38248200000089,71.62226729201211,71.62226729201211,71.81600079200871,71.81600079200871,72.00339008300216,72.02022495800338,72.11590766700101,72.12041466700612,72.12041466700612,73.33469958300702,left,1,1.2076596660044743,None,73.33494283301116,73.36695100000361,73.36695100000361,73.53424612501112,73.56734466701164,73.56734466701164,74.33537787500245,74.32342775000143,74.32348620799894,74.32351245800965,None,,,n,"001",2025-11-10_14h02.29.280,2nd exp,,2025.2.0,None,2025-11-10 14h02.29.363548 +0530,
They have finished the work,They work the have finished,transposition_unrelated,left,22,6,1,left,1,0.8803579160012305,None,None,1,6,22,11,74.33537787500245,,,,,,,,,74.32777104200795,74.33537787500245,74.56589283300855,74.58272629200656,74.78318095800932,74.78318095800932,74.97128429199802,74.97128429199802,75.07061991700903,75.07061991700903,75.07061991700903,75.959668083,left,1,0.8803579160012305,None,75.9599531670101,75.96806829200068,75.96806829200068,76.15546058300242,76.16605345800053,76.16605345800053,76.95218437501171,76.93909770800383,76.93918954199762,76.93921866700111,None,,,n,"001",2025-11-10_14h02.29.280,2nd exp,,2025.2.0,None,2025-11-10 14h02.29.363548 +0530,
She does not like apples,She does not like apples,repetition_related,right,23,7,1,right,1,2.8491254590044264,None,None,1,7,23,4,76.95218437501171,,,,,,,,,76.94763487500313,76.95218437501171,77.18867891700938,77.1986223749991,77.38202108300175,77.38649820799765,77.58207170800597,77.58675829200365,77.68250262500078,77.68711083300877,77.68711083300877,80.5518653330073,right,1,2.8491254590044264,None,80.55215166699782,80.56587183300871,80.56587183300871,80.75016770799994,80.75716100000136,80.75716100000136,81.54864750000706,81.53387895799824,81.53393820799829,81.5339653330011,None,,,n,"001",2025-11-10_14h02.29.280,2nd exp,,2025.2.0,None,2025-11-10 14h02.29.363548 +0530,
The boy can read fast,The read can boy fast,repetition_unrelated,left,24,8,1,left,1,1.0986650840059156,None,None,1,8,24,1,81.54864750000706,,,,,,,,,81.5429999580083,81.54864750000706,81.77477604200249,81.78911020800297,81.97204025000974,81.97204025000974,82.16692558300565,82.17210779200832,82.26679204200627,82.27216691699869,82.27216691699869,83.37260004199925,left,1,1.0986650840059156,None,83.37284608300251,83.39973458299937,83.39973458299937,83.56683012501162,83.6002671669994,83.6002671669994,84.3616747920023,84.34975150000537,84.34980850000284,84.34983520800597,None,,,n,"001",2025-11-10_14h02.29.280,2nd exp,,2025.2.0,None,2025-11-10 14h02.29.363548 +0530,
She does not like apples,She not does like apples,transposition_related,right,25,9,1,left,0,1.0296351669967407,None,None,1,9,25,6,84.3616747920023,,,,,,,,,84.35693687500316,84.3616747920023,84.59110741699988,84.60582625000097,84.78921770800662,84.78921770800662,84.98359754199919,84.98876100000052,85.08353008300764,85.08918329200242,85.08918329200242,86.12293454199971,left,0,1.0296351669967407,None,86.12315816699993,86.14993679200415,86.14993679200415,86.32472979200247,86.33910445800575,86.33910445800575,87.1300016669993,87.11600779200671,87.11608612501004,87.11611795800854,None,,,n,"001",2025-11-10_14h02.29.280,2nd exp,,2025.2.0,None,2025-11-10 14h02.29.363548 +0530,
The boy can read fast,The boy can read fast,repetition_related,right,26,10,1,right,1,1.3462978750030743,None,None,1,10,26,0,87.1300016669993,,,,,,,,,87.12405295801,87.1300016669993,87.35780466700089,87.37221370800398,87.55561129200214,87.55561129200214,87.75019779200375,87.755356958005,87.85008937500243,87.8554978750035,87.8554978750035,89.20631500000309,right,1,1.3462978750030743,None,89.20655120800075,89.21841175000009,89.21841175000009,89.40809500000614,89.41534716699971,89.41534716699971,90.21529516699957,90.20057087500754,90.20064195799932,90.2006681250059,None,,,n,"001",2025-11-10_14h02.29.280,2nd exp,,2025.2.0,None,2025-11-10 14h02.29.363548 +0530,
She does not like apples,She not does like apples,repetition_unrelated,left,27,11,1,left,1,0.9857304579927586,None,None,1,11,27,5,90.21529516699957,,,,,,,,,90.20915300000343,90.21529516699957,90.44055900000967,90.4547927500098,90.63331604200357,90.63864433301205,90.83345912500226,90.83848483300244,90.9334607500059,90.93885666700953,90.93885666700953,91.93452108300698,left,1,0.9857304579927586,None,91.93475045800733,91.947215667009,91.947215667009,92.1335965420003,92.14009983300639,92.14009983300639,92.93068120800308,92.9164700830006,92.91653408300772,92.91656120801053,None,,,n,"001",2025-11-10_14h02.29.280,2nd exp,,2025.2.0,None,2025-11-10 14h02.29.363548 +0530,
The dog is barking loudly,The dog barking is loudly,transposition_related,right,28,12,1,left,0,2.4476594169973396,None,None,1,12,28,14,92.93068120800308,,,,,,,,,92.9247970830038,92.93068120800308,93.15729554199788,93.17116720799822,93.34996079200937,93.35489058301027,93.55032420800126,93.55520000000251,93.65003158300533,93.65541225000925,93.65541225000925,96.11864537499787,left,0,2.4476594169973396,None,96.11891345800541,96.13239391701063,96.13239391701063,96.31678004200512,96.32401808300347,96.32401808300347,97.11557170801098,97.10008712499985,97.10016491700662,97.10019183300028,None,,,n,"001",2025-11-10_14h02.29.280,2nd exp,,2025.2.0,None,2025-11-10 14h02.29.363548 +0530,
The boy can read fast,The boy can read fast,transposition_related,right,29,13,1,right,1,1.3078341669897782,None,None,1,13,29,2,97.11557170801098,,,,,,,,,97.10988204200112,97.11557170801098,97.34083266700327,97.3547778330103,97.53870145800465,97.53870145800465,97.73329629200452,97.73842220799997,97.8334471249982,97.8388522919995,97.8388522919995,99.15104520801106,right,1,1.3078341669897782,None,99.15127966699947,99.16246108300402,99.16246108300402,99.34143654200307,99.3556152920064,99.3556152920064,100.14759258300182,100.1335371669993,100.13359216701065,100.13362333300756,None,,,n,"001",2025-11-10_14h02.29.280,2nd exp,,2025.2.0,None,2025-11-10 14h02.29.363548 +0530,
The dog is barking loudly,The barking dog loudly is,transposition_unrelated,left,30,14,1,left,1,1.4386660840100376,None,None,1,14,30,15,100.14759258300182,,,,,,,,,100.1419353329984,100.14759258300182,100.37425179200363,100.38830662499822,100.5719056250091,100.5719056250091,100.76670308300527,100.77171066700248,100.86672212500707,100.8718480420066,100.8718480420066,102.31780141701165,left,1,1.4386660840100376,None,102.31805133300077,102.32838625001023,102.32838625001023,102.5167297500011,102.52472504200705,102.52472504200705,103.31908566701168,103.30773924999812,103.30782500001078,103.30787945800694,None,,,n,"001",2025-11-10_14h02.29.280,2nd exp,,2025.2.0,None,2025-11-10 14h02.29.363548 +0530,
The dog is barking loudly,The loudly is barking dog,repetition_unrelated,left,31,15,1,left,1,1.3625383750040783,None,None,1,15,31,13,103.31908566701168,,,,,,,,,103.31374158299877,103.31908566701168,103.55832808300329,103.56506504199933,103.75431150000077,103.748741583011,103.93765025000903,103.95685283299827,104.05602133300272,104.05602133300272,104.05602133300272,105.42540250001184,left,1,1.3625383750040783,None,105.42572995800583,105.43868941700202,105.43868941700202,105.62513500000932,105.63183087500511,105.63183087500511,106.43306529200345,106.41717783300555,106.41731291700853,106.41740416700486,None,,,n,"001",2025-11-10_14h02.29.280,2nd exp,,2025.2.0,None,2025-11-10 14h02.29.363548 +0530,
She does not like apples,She like does apples not,transposition_unrelated,left,32,0,2,left,1,0.9719043750083074,None,None,2,0,32,7,106.43306529200345,,,,,,,,,106.42774199999985,106.43306529200345,106.65893420801149,106.6829466670024,106.85695762500109,106.85695762500109,107.05015341700346,107.05712583300192,107.15667554200627,107.15667554200627,107.15667554200627,108.13588616700144,left,1,0.9719043750083074,None,108.13654879201204,108.14918295800453,108.14918295800453,108.33167516700632,108.33866345800925,108.33866345800925,109.1327365420002,109.11699950000911,109.11709533300018,109.11714420800854,None,,,n,"001",2025-11-10_14h02.29.280,2nd exp,,2025.2.0,None,2025-11-10 14h02.29.363548 +0530,
They have finished the work,They finished have the work,transposition_related,right,33,1,2,left,0,1.0337227920099394,None,None,2,1,33,10,109.1327365420002,,,,,,,,,109.1274146670039,109.1327365420002,109.3581261250074,109.3729910000111,109.55278220800392,109.56648516700079,109.75617187500757,109.75617187500757,109.84984675000305,109.85572141699959,109.85572141699959,110.89110937500664,left,0,1.0337227920099394,None,110.89146258300752,110.90243870799895,110.90243870799895,111.09242266700312,111.0983954580006,111.0983954580006,111.88957187499909,111.88362962500833,111.88374066700635,111.8837930419977,None,,,n,"001",2025-11-10_14h02.29.280,2nd exp,,2025.2.0,None,2025-11-10 14h02.29.363548 +0530,
They have finished the work,They finished have the work,repetition_unrelated,left,34,2,2,left,1,0.9665760000061709,None,None,2,2,34,9,111.88957187499909,,,,,,,,,111.88419433300442,111.88957187499909,112.12587387500389,112.13317308299884,112.32286358300189,112.32286358300189,112.51657108300424,112.52230270800646,112.6165187919978,112.62269808301062,112.62269808301062,113.60231045800901,left,1,0.9665760000061709,None,113.60290512500796,113.61428675000207,113.61428675000207,113.79826354200486,113.80537070801074,113.80537070801074,114.59974733300623,114.58354050001071,114.58364816699759,114.58369470800972,None,,,n,"001",2025-11-10_14h02.29.280,2nd exp,,2025.2.0,None,2025-11-10 14h02.29.363548 +0530,
The boy can read fast,The boy can read fast,transposition_related,right,35,3,2,right,1,1.9432302920031361,None,None,2,3,35,2,114.59974733300623,,,,,,,,,114.59408112500387,114.59974733300623,114.82462983300502,114.83860979200108,115.02299708301143,115.02299708301143,115.21656483301194,115.22258524999779,115.31665370801056,115.32309883300331,115.32309883300331,117.2687636250048,right,1,1.9432302920031361,None,117.26936895800463,117.2804507920082,117.2804507920082,117.46497408300638,117.4726501670084,117.4726501670084,118.26134908301174,118.24933666700963,118.24954362500284,118.24965066699951,None,,,n,"001",2025-11-10_14h02.29.280,2nd exp,,2025.2.0,None,2025-11-10 14h02.29.363548 +0530,
The boy can read fast,The read can boy fast,repetition_unrelated,left,36,4,2,left,1,1.20997416699538,None,None,2,4,36,1,118.26134908301174,,,,,,,,,118.2558710000012,118.26134908301174,118.49227275000885,118.50755075000052,118.68917450000299,118.68917450000299,118.88341366700479,118.88992675000918,118.98925970800337,118.98925970800337,118.98925970800337,120.20196050000959,left,1,1.20997416699538,None,120.20241500000702,120.21338079200359,120.21338079200359,120.39864700000908,120.40664741701039,120.40664741701039,121.19361112501065,121.18247591699765,121.1825912080094,121.18263979200856,None,,,n,"001",2025-11-10_14h02.29.280,2nd exp,,2025.2.0,None,2025-11-10 14h02.29.363548 +0530,
The boy can read fast,The boy can read fast,repetition_related,right,37,5,2,right,1,1.2552749579917872,None,None,2,5,37,0,121.19361112501065,,,,,,,,,121.1879778750008,121.19361112501065,121.4241247500031,121.439217792009,121.61662845801038,121.6230093750055,121.8165231669991,121.82255308300955,121.91651212501165,121.9238748330099,121.9238748330099,123.18552104200353,right,1,1.2552749579917872,None,123.18611700000474,123.1980146249989,123.1980146249989,123.38163670799986,123.38996533300087,123.38996533300087,124.18106937500124,124.1653598749981,124.16546083299909,124.16551050000999,None,,,n,"001",2025-11-10_14h02.29.280,2nd exp,,2025.2.0,None,2025-11-10 14h02.29.363548 +0530,
The dog is barking loudly,The dog is barking loudly,repetition_related,right,38,6,2,right,1,1.6557558329950552,None,None,2,6,38,12,124.18106937500124,,,,,,,,,124.17540816700784,124.18106937500124,124.4089532920043,124.42229795800813,124.60497945800307,124.60497945800307,124.80010841701005,124.80664704200171,124.90523820801172,124.90523820801172,124.90523820801172,126.56889395799953,right,1,1.6557558329950552,None,126.56950745799986,126.58125658299832,126.58125658299832,126.76654599999893,126.77436475000286,126.77436475000286,127.58290837499953,127.5549304580054,127.55501950001053,127.55506729200715,None,,,n,"001",2025-11-10_14h02.29.280,2nd exp,,2025.2.0,None,2025-11-10 14h02.29.363548 +0530,
The dog is barking loudly,The dog barking is loudly,transposition_related,right,39,7,2,left,0,1.546844833996147,None,None,2,7,39,14,127.58290837499953,,,,,,,,,127.56104516700725,127.58290837499953,127.79866308299825,127.83316162500705,127.98745854200388,127.99997245801205,128.1881352920027,128.19999812501192,128.28877862500667,128.30010645800212,128.30010645800212,129.85169062500063,left,0,1.546844833996147,None,129.8521417919983,129.8638032500021,129.8638032500021,130.04823158300132,130.0550862079981,130.0550862079981,130.8470247080113,130.83368975001213,130.8338015420013,130.83389866699872,None,,,n,"001",2025-11-10_14h02.29.280,2nd exp,,2025.2.0,None,2025-11-10 14h02.29.363548 +0530,
The dog is barking loudly,The barking dog loudly is,transposition_unrelated,left,40,8,2,left,1,1.540592374993139,None,None,2,8,40,15,130.8470247080113,,,,,,,,,130.84144054200442,130.8470247080113,131.07564983300108,131.08870245800063,131.27153587499924,131.27153587499924,131.46647516700614,131.4719377920119,131.56655650000903,131.5734026249993,131.5734026249993,133.11891533300513,left,1,1.540592374993139,None,133.11952312500216,133.13149966701167,133.13149966701167,133.31656183300947,133.32485983301012,133.32485983301012,134.11765283301065,134.10028320801212,134.1003972920007,134.10049041701132,None,,,n,"001",2025-11-10_14h02.29.280,2nd exp,,2025.2.0,None,2025-11-10 14h02.29.363548 +0530,
They have finished the work,They work the have finished,transposition_unrelated,left,41,9,2,left,1,1.3527473750000354,None,None,2,9,41,11,134.11765283301065,,,,,,,,,134.11235408300126,134.11765283301065,134.34209645800001,134.36509170800855,134.540074250006,134.540074250006,134.73330362500565,134.73972683300963,134.84014754201053,134.84014754201053,134.84014754201053,136.20156708300055,left,1,1.3527473750000354,None,136.20197666699823,136.2135336670035,136.2135336670035,136.39912149999873,136.40587783300725,136.40587783300725,137.19971333300055,137.18288520800706,137.18304116700892,137.18310895800823,None,,,n,"001",2025-11-10_14h02.29.280,2nd exp,,2025.2.0,None,2025-11-10 14h02.29.363548 +0530,
She does not like apples,She not does like apples,transposition_related,right,42,10,2,left,0,0.7590813749993686,None,None,2,10,42,6,137.19971333300055,,,,,,,,,137.1944180420105,137.19971333300055,137.42440979200182,137.45004366700596,137.6234283750091,137.6234283750091,137.81650187500054,137.8230167080037,137.92370820800716,137.92370820800716,137.92370820800716,138.6853731250012,left,0,0.7590813749993686,None,138.68588262500998,138.69724200000928,138.69724200000928,138.88289587500913,138.8911204169999,138.8911204169999,139.68338095799845,139.6658134169993,139.66594129199802,139.66609058300673,None,,,n,"001",2025-11-10_14h02.29.280,2nd exp,,2025.2.0,None,2025-11-10 14h02.29.363548 +0530,
They have finished the work,They have finished the work,repetition_related,right,43,11,2,right,1,3.7381616670027142,None,None,2,11,43,8,139.68338095799845,,,,,,,,,139.67840541699843,139.68338095799845,139.9077445830044,139.93307725001068,140.10667012500926,140.10667012500926,140.29975950000517,140.3057112920069,140.39988733299833,140.4065198330063,140.4065198330063,144.15166112501174,right,1,3.7381616670027142,None,144.1520447080111,144.16338900000846,144.16338900000846,144.34959629199875,144.35739745800674,144.35739745800674,145.15558616700582,145.14015162500436,145.14023829200596,145.14028654200956,None,,,n,"001",2025-11-10_14h02.29.280,2nd exp,,2025.2.0,None,2025-11-10 14h02.29.363548 +0530,
The boy can read fast,The read can boy fast,transposition_unrelated,left,44,12,2,left,1,1.0923044579976704,None,None,2,12,44,3,145.15558616700582,,,,,,,,,145.15059262501018,145.15558616700582,145.39185695799824,145.39828179200413,145.58704579201003,145.58234658300353,145.77136304200394,145.7895450000069,145.88994483300485,145.88994483300485,145.88994483300485,146.98524375000852,left,1,1.0923044579976704,None,146.98583900000085,146.9971661669988,146.9971661669988,147.18163575000654,147.1890624170046,147.1890624170046,147.9825622500066,147.9665877080115,147.96667999999772,147.96673012500105,None,,,n,"001",2025-11-10_14h02.29.280,2nd exp,,2025.2.0,None,2025-11-10 14h02.29.363548 +0530,
The dog is barking loudly,The loudly is barking dog,repetition_unrelated,left,45,13,2,left,1,2.0627487500023562,None,None,2,13,45,13,147.9825622500066,,,,,,,,,147.9773811250052,147.9825622500066,148.2084710420022,148.22308079199865,148.40310837500147,148.41645183300716,148.606251833,148.606251833,148.6997848750034,148.70640650000132,148.70640650000132,150.77352679200703,left,1,2.0627487500023562,None,150.77382612500514,150.785866582999,150.785866582999,150.97430916700978,150.98151370800042,150.98151370800042,151.78350733300613,151.76695725000172,151.767088624998,151.76715683301154,None,,,n,"001",2025-11-10_14h02.29.280,2nd exp,,2025.2.0,None,2025-11-10 14h02.29.363548 +0530,
She does not like apples,She does not like apples,repetition_related,right,46,14,2,right,1,2.575658250003471,None,None,2,14,46,4,151.78350733300613,,,,,,,,,151.77818837499944,151.78350733300613,152.00917912500154,152.02265458300826,152.20423320800182,152.21720116700453,152.40574904200912,152.40574904200912,152.49991845800832,152.50597329200536,152.50597329200536,155.0850233329984,right,1,2.575658250003471,None,155.0854459580005,155.09746583300875,155.09746583300875,155.28205079201143,155.29097041700152,155.29097041700152,156.07721616700292,156.06534850000753,156.06544479200966,156.0654972080083,None,,,n,"001",2025-11-10_14h02.29.280,2nd exp,,2025.2.0,None,2025-11-10 14h02.29.363548 +0530,
She does not like apples,She not does like apples,repetition_unrelated,left,47,15,2,left,1,2.5595804170006886,None,None,2,15,47,5,156.07721616700292,,,,,,,,,156.07109670800855,156.07721616700292,156.30862483300734,156.3228062499984,156.5054909580067,156.5054909580067,156.69974433300376,156.7063446250104,156.8000411670073,156.80649899999844,156.80649899999844,159.36755091699888,left,1,2.5595804170006886,None,159.3677969170094,159.3793477500003,159.3793477500003,159.56640591700852,159.57393641700037,159.57393641700037,160.37183300001197,160.35639083301066,160.3564977920032,160.35654929200246,None,,,n,"001",2025-11-10_14h02.29.280,2nd exp,,2025.2.0,None,2025-11-10 14h02.29.363548 +0530,
They have finished the work,They work the have finished,transposition_unrelated,left,48,0,3,left,1,4.939214540994726,None,None,3,0,48,11,160.37183300001197,,,,,,,,,160.3666610000073,160.37183300001197,160.59848254200188,160.6163910000032,160.78718029199808,160.80563770800654,160.99969987499935,160.99969987499935,161.08808658301132,161.1066854170058,161.1066854170058,166.05129800000577,left,1,4.939214540994726,None,166.05171541700838,166.06394358300895,166.06394358300895,166.24832845800847,166.25519900000654,166.25519900000654,167.0495692500117,167.03334104199894,167.03346566700202,167.03351766700507,None,,,n,"001",2025-11-10_14h02.29.280,2nd exp,,2025.2.0,None,2025-11-10 14h02.29.363548 +0530,
She does not like apples,She not does like apples,transposition_related,right,49,1,3,left,0,0.7097014159953687,None,None,3,1,49,6,167.0495692500117,,,,,,,,,167.0439745830081,167.0495692500117,167.27518904200406,167.28826520800067,167.46630941701005,167.47298037500877,167.66645716701169,167.67094175000966,167.76642104200437,167.7724581250077,167.7724581250077,168.48534658300923,left,0,0.7097014159953687,None,168.48576983300154,168.49723491699842,168.49723491699842,168.6822591250093,168.69039716701081,168.69039716701081,169.4844710000034,169.46717412500584,169.4673022920033,169.4673689580086,None,,,n,"001",2025-11-10_14h02.29.280,2nd exp,,2025.2.0,None,2025-11-10 14h02.29.363548 +0530,
The dog is barking loudly,The dog barking is loudly,transposition_related,right,50,2,3,left,0,2.16864279199217,None,None,3,2,50,14,169.4844710000034,,,,,,,,,169.47808541700942,169.4844710000034,169.70934183300415,169.73167266701057,169.90739791700616,169.90739791700616,170.1039953330037,170.1166357500042,170.20638866700756,170.20638866700756,170.20638866700756,172.3849196670053,left,0,2.16864279199217,None,172.38523233300657,172.39665454201167,172.39665454201167,172.58303204200638,172.59081766700547,172.59081766700547,173.38235045800684,173.36662029199942,173.36670566700923,173.3667827080062,None,,,n,"001",2025-11-10_14h02.29.280,2nd exp,,2025.2.0,None,2025-11-10 14h02.29.363548 +0530,
The boy can read fast,The boy can read fast,transposition_related,right,51,3,3,right,1,1.0391994170058751,None,None,3,3,51,2,173.38235045800684,,,,,,,,,173.3770184580062,173.38235045800684,173.60893983300775,173.6224371670105,173.80390291700314,173.81666483300796,174.00449220799783,174.00449220799783,174.09973737499968,174.10582441699808,174.10582441699808,175.15152600000147,right,1,1.0391994170058751,None,175.15191729200887,175.16374962500413,175.16374962500413,175.34851479200006,175.35477316701144,175.35477316701144,176.14919166700565,176.13255179200496,176.13269708299777,176.1327666670113,None,,,n,"001",2025-11-10_14h02.29.280,2nd exp,,2025.2.0,None,2025-11-10 14h02.29.363548 +0530,
She does not like apples,She not does like apples,repetition_unrelated,left,52,4,3,left,1,1.0874867920065299,None,None,3,4,52,5,176.14919166700565,,,,,,,,,176.14393516699784,176.14919166700565,176.374590833002,176.38847362500383,176.572005250011,176.572005250011,176.7664720419998,176.77288966700144,176.86659225000767,176.87346204200003,176.87346204200003,177.9680227080098,left,1,1.0874867920065299,None,177.96836841700133,177.97997000000032,177.97997000000032,178.16484116700303,178.17297237500316,178.17297237500316,178.96746141700714,178.95029783299833,178.95043466700008,178.95049791700148,None,,,n,"001",2025-11-10_14h02.29.280,2nd exp,,2025.2.0,None,2025-11-10 14h02.29.363548 +0530,
They have finished the work,They have finished the work,repetition_related,right,53,5,3,right,1,1.7530470420024358,None,None,3,5,53,8,178.96746141700714,,,,,,,,,178.96212837500207,178.96746141700714,179.1920524169982,179.2148119580088,179.3896406670101,179.3896406670101,179.58316470800492,179.58956620800018,179.68326474999776,179.68976925000607,179.68976925000607,181.4513818330015,right,1,1.7530470420024358,None,181.45177633300773,181.4636157920031,181.4636157920031,181.64824045800196,181.65451970799768,181.65451970799768,182.44798970800184,182.43275037501007,182.43282195800566,182.43285833300615,None,,,n,"001",2025-11-10_14h02.29.280,2nd exp,,2025.2.0,None,2025-11-10 14h02.29.363548 +0530,
The boy can read fast,The read can boy fast,repetition_unrelated,left,54,6,3,left,1,1.0031167080014711,None,None,3,6,54,1,182.44798970800184,,,,,,,,,182.44280050000816,182.44798970800184,182.6755984170013,182.69022437500826,182.8724726250075,182.8724726250075,183.0666710830119,183.07292674999917,183.1667620829976,183.17263204199844,183.17263204199844,184.1842533750023,left,1,1.0031167080014711,None,184.18454187500174,184.1956116250076,184.1956116250076,184.37489095800265,184.3898851670092,184.3898851670092,185.17385266700876,185.15781362500275,185.15789854200557,185.157948417007,None,,,n,"001",2025-11-10_14h02.29.280,2nd exp,,2025.2.0,None,2025-11-10 14h02.29.363548 +0530,
The dog is barking loudly,The barking dog loudly is,transposition_unrelated,left,55,7,3,left,1,1.0943409580067964,None,None,3,7,55,15,185.17385266700876,,,,,,,,,185.1685160830093,185.17385266700876,185.40861237500212,185.41595433300245,185.5980834170041,185.5980834170041,185.78789725000388,185.80636670799868,185.89985670799797,185.90636000000814,185.90636000000814,187.00752104200365,left,1,1.0943409580067964,None,187.00781154200376,187.0190254580084,187.0190254580084,187.20785804200568,187.21486020799784,187.21486020799784,188.01092625000456,187.99911170800624,187.99919825000688,187.99927233300696,None,,,n,"001",2025-11-10_14h02.29.280,2nd exp,,2025.2.0,None,2025-11-10 14h02.29.363548 +0530,
The dog is barking loudly,The dog is barking loudly,repetition_related,right,56,8,3,right,1,2.422081041993806,None,None,3,8,56,12,188.01092625000456,,,,,,,,,188.00491804200283,188.01092625000456,188.24232950000442,188.25597704200482,188.4388556250051,188.4388556250051,188.6332503750018,188.63990208299947,188.73311533300148,188.7398686670058,188.7398686670058,191.16802816699783,right,1,2.422081041993806,None,191.16842020800686,191.18299383300473,191.18299383300473,191.36640912501025,191.37489195801027,191.37489195801027,192.17185904200596,192.15694316700683,192.15703095799836,192.15708187500422,None,,,n,"001",2025-11-10_14h02.29.280,2nd exp,,2025.2.0,None,2025-11-10 14h02.29.363548 +0530,
The boy can read fast,The boy can read fast,repetition_related,right,57,9,3,right,1,1.0517134999972768,None,None,3,9,57,0,192.17185904200596,,,,,,,,,192.16661212500185,192.17185904200596,192.4087467920035,192.41541800000414,192.60378837501048,192.5992477079999,192.78722162501072,192.8064191250014,192.90576020799926,192.90576020799926,192.90576020799926,193.96780666700215,right,1,1.0517134999972768,None,193.96810520799772,193.97961737500736,193.97961737500736,194.35835912500625,194.35835912500625,194.35835912500625,,194.9711251250119,194.97122800000943,194.9712715830101,None,,,n,"001",2025-11-10_14h02.29.280,2nd exp,,2025.2.0,None,2025-11-10 14h02.29.363548 +0530,
The boy can read fast,The read can boy fast,transposition_unrelated,left,58,10,3,left,1,0.6369984170014504,None,None,3,10,58,3,194.98164408300363,,,,,,,,,194.97638016700512,194.98164408300363,195.21638645800704,195.2238720000023,195.40456612499838,195.4164625830017,195.60386837500846,195.61622925000847,195.70380295799987,195.71634675000678,195.71634675000678,196.35735145800572,left,1,0.6369984170014504,None,196.35764558300434,196.36881250000442,196.36881250000442,196.55924758300534,196.56515795800078,196.56515795800078,197.3631777499977,197.34846912500507,197.34857512501185,197.3486145830102,None,,,n,"001",2025-11-10_14h02.29.280,2nd exp,,2025.2.0,None,2025-11-10 14h02.29.363548 +0530,
They have finished the work,They finished have the work,repetition_unrelated,left,59,11,3,left,1,1.393301917007193,None,None,3,11,59,9,197.3631777499977,,,,,,,,,197.3578850000049,197.3631777499977,197.59192829200765,197.60513954200724,197.79001020800206,197.79001020800206,197.98306458300794,197.98946162500943,198.08299083300517,198.0890110420005,198.0890110420005,199.48461937499815,left,1,1.393301917007193,None,199.4850107920065,199.49649708300421,199.49649708300421,199.68237270800455,199.6899505420006,199.6899505420006,200.47193016701203,200.46639654200408,200.4664864580118,200.46652300001006,None,,,n,"001",2025-11-10_14h02.29.280,2nd exp,,2025.2.0,None,2025-11-10 14h02.29.363548 +0530,
They have finished the work,They finished have the work,transposition_related,right,60,12,3,left,0,1.1822239169996465,None,None,3,12,60,10,200.47193016701203,,,,,,,,,200.46684249999817,200.47193016701203,200.70773720800935,200.71478037499764,200.90612975000113,200.90612975000113,201.09961470800044,201.10534008299874,201.199773291999,201.20603700001084,201.20603700001084,202.39038429201173,left,0,1.1822239169996465,None,202.39065687500988,202.40204229200026,202.40204229200026,202.59219766700699,202.59848520800006,202.59848520800006,203.398589000004,203.3822138329997,203.3823712500016,203.3824404580082,None,,,n,"001",2025-11-10_14h02.29.280,2nd exp,,2025.2.0,None,2025-11-10 14h02.29.363548 +0530,
She does not like apples,She like does apples not,transposition_unrelated,left,61,13,3,left,1,0.866244959004689,None,None,3,13,61,7,203.398589000004,,,,,,,,,203.39327508299903,203.398589000004,203.6250778750109,203.63842729201133,203.82193916699907,203.82193916699907,204.01642575000005,204.0228385829978,204.11626766700647,204.12307437500567,204.12307437500567,204.99072462500772,left,1,0.866244959004689,None,204.99100775000989,205.00205237499904,205.00205237499904,205.1920936670067,205.19857441700879,205.19857441700879,205.99510704200657,205.98281491700618,205.9829350420041,205.98300537500472,None,,,n,"001",2025-11-10_14h02.29.280,2nd exp,,2025.2.0,None,2025-11-10 14h02.29.363548 +0530,
She does not like apples,She does not like apples,repetition_related,right,62,14,3,right,1,1.036466040997766,None,None,3,14,62,4,205.99510704200657,,,,,,,,,205.989512708009,205.99510704200657,206.22465512499912,206.2383912080113,206.4220410830021,206.4220410830021,206.6165290420031,206.6231392500049,206.7163501670002,206.72269891700125,206.72269891700125,207.76781525000115,right,1,1.036466040997766,None,207.76809033300378,207.77916808299778,207.77916808299778,207.964845333001,207.97267920800368,207.97267920800368,208.76356912500341,208.74854770800448,208.74864150000212,208.7486930419982,None,,,n,"001",2025-11-10_14h02.29.280,2nd exp,,2025.2.0,None,2025-11-10 14h02.29.363548 +0530,
The dog is barking loudly,The loudly is barking dog,repetition_unrelated,left,63,15,3,left,1,0.8582130830036476,None,None,3,15,63,13,208.76356912500341,,,,,,,,,208.75817933300277,208.76356912500341,208.99181425001007,209.00458675000118,209.18986787500035,209.18986787500035,209.38315900000453,209.38957620800647,209.48301945799903,209.48891762499989,209.48891762499989,210.3508617500047,left,1,0.8582130830036476,None,210.35109012501198,210.3615090000094,210.3615090000094,210.5496071670059,210.5573847080086,210.5573847080086,211.3528530420008,211.33815462500206,211.3382432500075,211.3382894170063,None,,,n,"001",2025-11-10_14h02.29.280,2nd exp,,2025.2.0,None,2025-11-10 14h02.29.363548 +0530,
She does not like apples,She not does like apples,repetition_unrelated,left,64,0,4,left,1,1.0599207089981064,None,None,4,0,64,5,211.3528530420008,,,,,,,,,211.34802491700975,211.3528530420008,211.58287591701082,211.59826050000265,211.77117000000726,211.78318741700787,211.97162437500083,211.9829677920061,212.07152391700947,212.0829955000081,212.0829955000081,213.15136845799861,left,1,1.0599207089981064,None,213.15174679200572,213.16335408300802,213.16335408300802,213.34838200001104,213.3567354580009,213.3567354580009,214.14878604200203,214.13253899999836,214.1326653330034,214.13273716700496,None,,,n,"001",2025-11-10_14h02.29.280,2nd exp,,2025.2.0,None,2025-11-10 14h02.29.363548 +0530,
They have finished the work,They finished have the work,transposition_related,right,65,1,4,left,0,1.3375992910005152,None,None,4,1,65,10,214.14878604200203,,,,,,,,,214.14324512500025,214.14878604200203,214.3742358330055,214.38879745799932,214.57200362499862,214.57200362499862,214.76643320800213,214.77259195801162,214.866188333006,214.8722603750066,214.8722603750066,216.2178948330111,left,0,1.3375992910005152,None,216.2182185420097,216.22972079200554,216.22972079200554,216.41507733300386,216.42151941701013,216.42151941701013,217.2164263750019,217.2002685000043,217.2004088750109,217.20047808300296,None,,,n,"001",2025-11-10_14h02.29.280,2nd exp,,2025.2.0,None,2025-11-10 14h02.29.363548 +0530,
The boy can read fast,The read can boy fast,transposition_unrelated,left,66,2,4,left,1,0.9233175000117626,None,None,4,2,66,3,217.2164263750019,,,,,,,,,217.21109837500262,217.2164263750019,217.44143979200453,217.46630429200013,217.63991508301115,217.63991508301115,217.83893854200142,217.83893854200142,217.9330774580012,217.93956770800287,217.93956770800287,218.86848091700813,left,1,0.9233175000117626,None,218.8690153750067,218.8807922499982,218.8807922499982,219.06623783300165,219.07293916700291,219.07293916700291,219.8669401250081,219.8499749170005,219.8500911250012,219.85018566700455,None,,,n,"001",2025-11-10_14h02.29.280,2nd exp,,2025.2.0,None,2025-11-10 14h02.29.363548 +0530,
They have finished the work,They finished have the work,repetition_unrelated,left,67,3,4,left,1,1.3930767499987269,None,None,4,3,67,9,219.8669401250081,,,,,,,,,219.86169870800222,219.8669401250081,220.09195675000956,220.11514379200526,220.2893443750072,220.2893443750072,220.48272554200958,220.48946550000983,220.583231083001,220.5897232080024,220.5897232080024,221.98448554200877,left,1,1.3930767499987269,None,221.98487120799837,221.99627141701058,221.99627141701058,222.18245316699904,222.18984629200713,222.18984629200713,222.98327037499985,222.96685391700885,222.966966167005,222.96703012500075,None,,,n,"001",2025-11-10_14h02.29.280,2nd exp,,2025.2.0,None,2025-11-10 14h02.29.363548 +0530,
The boy can read fast,The read can boy fast,repetition_unrelated,left,68,4,4,left,1,0.7247501670062775,None,None,4,4,68,1,222.98327037499985,,,,,,,,,222.9780839580053,222.98327037499985,223.20858491701074,223.23302216699813,223.39956637501018,223.40541520800616,223.59988987501129,223.60657683300087,223.6997944169998,223.70607675000792,223.70607675000792,224.43516841701057,left,1,0.7247501670062775,None,224.43556045800506,224.44731262500864,224.44731262500864,224.6329746249976,224.64046799999778,224.64046799999778,225.43347400000494,225.41662987500604,225.41674325001077,225.41681154200342,None,,,n,"001",2025-11-10_14h02.29.280,2nd exp,,2025.2.0,None,2025-11-10 14h02.29.363548 +0530,
The dog is barking loudly,The dog is barking loudly,repetition_related,right,69,5,4,right,1,0.7747490410110913,None,None,4,5,69,12,225.43347400000494,,,,,,,,,225.42819579200295,225.43347400000494,225.65781929199875,225.68202250001195,225.85602245799964,225.85602245799964,226.05616750000627,226.05616750000627,226.1559438330005,226.1559438330005,226.1559438330005,226.93418708301033,right,1,0.7747490410110913,None,226.9344819580001,226.94576304200746,226.94576304200746,227.13290995800344,227.13939004200802,227.13939004200802,227.93508741700498,227.92377770799794,227.92385637501138,227.92389600000752,None,,,n,"001",2025-11-10_14h02.29.280,2nd exp,,2025.2.0,None,2025-11-10 14h02.29.363548 +0530,
The dog is barking loudly,The dog barking is loudly,transposition_related,right,70,6,4,left,0,1.1345894580008462,None,None,4,6,70,14,227.93508741700498,,,,,,,,,227.92898229201091,227.93508741700498,228.17524779200903,228.18206595801166,228.37223712500418,228.37223712500418,228.56647316701128,228.57294016701053,228.6724259580078,228.6724259580078,228.6724259580078,229.81782662500336,left,0,1.1345894580008462,None,229.81811712500348,229.8308314580063,229.8308314580063,230.01567412501026,230.0224530830019,230.0224530830019,230.81564654200338,230.80003583300277,230.8001385420066,230.80018833299982,None,,,n,"001",2025-11-10_14h02.29.280,2nd exp,,2025.2.0,None,2025-11-10 14h02.29.363548 +0530,
She does not like apples,She like does apples not,transposition_unrelated,left,71,7,4,left,1,1.0018390839977656,None,None,4,7,71,7,230.81564654200338,,,,,,,,,230.81021716700343,230.81564654200338,231.0419690830022,231.0551331250026,231.2367940000113,231.24963895800465,231.43941920800717,231.43941920800717,231.53314187499927,231.53966783299984,231.53966783299984,232.55153383300058,left,1,1.0018390839977656,None,232.55182979200617,232.56300716700207,232.56300716700207,232.74965529200563,232.7578853330051,232.7578853330051,233.55632825000794,233.54037741701177,233.54046358300548,233.54051462499774,None,,,n,"001",2025-11-10_14h02.29.280,2nd exp,,2025.2.0,None,2025-11-10 14h02.29.363548 +0530,
The boy can read fast,The boy can read fast,repetition_related,right,72,8,4,right,1,1.066079666998121,None,None,4,8,72,0,233.55632825000794,,,,,,,,,233.5503607080027,233.55632825000794,233.79194237499905,233.7991793750116,233.98930654200376,233.98930654200376,234.18304508300207,234.18902862499817,234.2829982080002,234.289424875009,234.289424875009,235.35707629199896,right,1,1.066079666998121,None,235.3573522920051,235.36890241700166,235.36890241700166,235.55823808300192,235.56488912500208,235.56488912500208,236.36651804200665,236.35027375000936,236.35040445800405,236.35046970800613,None,,,n,"001",2025-11-10_14h02.29.280,2nd exp,,2025.2.0,None,2025-11-10 14h02.29.363548 +0530,
They have finished the work,They work the have finished,transposition_unrelated,left,73,9,4,left,1,1.1494348340056604,None,None,4,9,73,11,236.36651804200665,,,,,,,,,236.36120216699783,236.36651804200665,236.59225004199834,236.60570587500115,236.7868576250039,236.7997309170023,236.9864864580013,236.99964645800355,237.08991870800673,237.08991870800673,237.08991870800673,238.25198537499818,left,1,1.1494348340056604,None,238.25254308299918,238.26424791700265,238.26424791700265,238.44839341699844,238.45704645800288,238.45704645800288,239.2486107500008,239.23216866700386,239.2323156670027,239.23239291700884,None,,,n,"001",2025-11-10_14h02.29.280,2nd exp,,2025.2.0,None,2025-11-10 14h02.29.363548 +0530,
She does not like apples,She does not like apples,repetition_related,right,74,10,4,right,1,1.0498291669937316,None,None,4,10,74,4,239.2486107500008,,,,,,,,,239.2433612080058,239.2486107500008,239.47511366700928,239.4884896250005,239.67004020800232,239.67004020800232,239.86643383299815,239.87288112500391,239.9666083750053,239.97352949999913,239.97352949999913,241.03440004200093,right,1,1.0498291669937316,None,241.03468350000912,241.04614575000596,241.04614575000596,241.2315294170112,241.238320458011,241.238320458011,242.03158004200668,242.015320874998,242.01543504200527,242.01552529200853,None,,,n,"001",2025-11-10_14h02.29.280,2nd exp,,2025.2.0,None,2025-11-10 14h02.29.363548 +0530,
The boy can read fast,The boy can read fast,transposition_related,right,75,11,4,right,1,1.3675889579899376,None,None,4,11,75,2,242.03158004200668,,,,,,,,,242.02617991701118,242.03158004200668,242.2574402080063,242.27132687500853,242.44969412501086,242.45643000000564,242.64966783300042,242.65653587500856,242.7497812500078,242.75675283301098,242.75675283301098,244.13462566700764,right,1,1.3675889579899376,None,244.13500999999815,244.14695058300276,244.14695058300276,244.33236320799915,244.33908333300496,244.33908333300496,245.13311708300898,245.11676791700302,245.11695200001122,245.11702750000404,None,,,n,"001",2025-11-10_14h02.29.280,2nd exp,,2025.2.0,None,2025-11-10 14h02.29.363548 +0530,
She does not like apples,She not does like apples,transposition_related,right,76,12,4,left,0,0.9418902500037802,None,None,4,12,76,6,245.13311708300898,,,,,,,,,245.12782345800952,245.13311708300898,245.35880420800822,245.37232462500106,245.55387975000485,245.56626750000578,245.7560916670045,245.7560916670045,245.8496369580098,245.85635591699975,245.85635591699975,246.80081879200588,left,0,0.9418902500037802,None,246.8011247920076,246.812559375001,246.812559375001,246.9991025000054,247.00697220800794,247.00697220800794,247.79945366700122,247.78325241700804,247.78338550000626,247.78343283300637,None,,,n,"001",2025-11-10_14h02.29.280,2nd exp,,2025.2.0,None,2025-11-10 14h02.29.363548 +0530,
The dog is barking loudly,The loudly is barking dog,repetition_unrelated,left,77,13,4,left,1,0.7989982919971226,None,None,4,13,77,13,247.79945366700122,,,,,,,,,247.79416450001008,247.79945366700122,248.02558091700485,248.03902387501148,248.2185883330094,248.23302233300637,248.4228394170059,248.4228394170059,248.5162632499996,248.52212937500735,248.52212937500735,249.32377191699925,left,1,0.7989982919971226,None,249.3240839580103,249.33559641700413,249.33559641700413,249.52344579200144,249.53204733300663,249.53204733300663,250.3186456250114,250.30738433300576,250.307468125,250.307514250002,None,,,n,"001",2025-11-10_14h02.29.280,2nd exp,,2025.2.0,None,2025-11-10 14h02.29.363548 +0530,
The dog is barking loudly,The barking dog loudly is,transposition_unrelated,left,78,14,4,left,1,0.8066799590014853,None,None,4,14,78,15,250.3186456250114,,,,,,,,,250.31335204200877,250.3186456250114,250.55915525001183,250.56542995800555,250.7560177080013,250.7560177080013,250.95528516700142,250.95528516700142,251.04972883300798,251.05641508300323,251.05641508300323,251.86748587500188,left,1,0.8066799590014853,None,251.86778662500728,251.88069070799975,251.88069070799975,252.06609766700421,252.07271770801162,252.07271770801162,252.8694172920077,252.85522916700575,252.8553152920067,252.85535404201073,None,,,n,"001",2025-11-10_14h02.29.280,2nd exp,,2025.2.0,None,2025-11-10 14h02.29.363548 +0530,
They have finished the work,They have finished the work,repetition_related,right,79,15,4,right,1,1.4402027089963667,None,None,4,15,79,8,252.8694172920077,,,,,,,,,252.86451454200142,252.8694172920077,253.0984922080097,253.11500033301127,253.28614700000617,253.30654570800834,253.49948500000755,253.49948500000755,253.5886032499984,253.5997263330064,253.5997263330064,255.0514051670034,right,1,1.4402027089963667,None,255.05172149999999,255.06326841699774,255.06326841699774,255.2491332500067,255.25692491700465,255.25692491700465,256.0387665419985,256.03201799999806,256.03214987499814,256.03232737501094,None,,,n,"001",2025-11-10_14h02.29.280,2nd exp,,2025.2.0,None,2025-11-10 14h02.29.363548 +0530,
They have finished the work,They have finished the work,repetition_related,right,80,0,5,right,1,0.9164216249919264,None,None,5,0,80,8,256.0387665419985,,,,,,,,,256.03287141700275,256.0387665419985,256.27511220800807,256.2818925419997,256.47043675000896,256.47043675000896,256.6661721249984,256.6709741250088,256.76631162500416,256.7725995420042,256.7725995420042,257.6904209170025,right,1,0.9164216249919264,None,257.6907572920027,257.70214737500646,257.70214737500646,257.89259833301185,257.8992947920051,257.8992947920051,258.69860158300435,258.68317016700166,258.6832603750081,258.6833298749989,None,,,n,"001",2025-11-10_14h02.29.280,2nd exp,,2025.2.0,None,2025-11-10 14h02.29.363548 +0530,
The dog is barking loudly,The barking dog loudly is,transposition_unrelated,left,81,1,5,left,1,0.6064928330015391,None,None,5,1,81,15,258.69860158300435,,,,,,,,,258.6932963750005,258.69860158300435,258.92543312499765,258.9387368750031,259.12330612500955,259.12330612500955,259.3163308330113,259.3228535829985,259.42247695800324,259.42247695800324,259.42247695800324,260.0343547500088,left,1,0.6064928330015391,None,260.0347400419996,260.0462543750036,260.0462543750036,260.23298629200144,260.24143254201044,260.24143254201044,261.03019479200884,261.0168592080008,261.0169889579993,261.017080250007,None,,,n,"001",2025-11-10_14h02.29.280,2nd exp,,2025.2.0,None,2025-11-10 14h02.29.363548 +0530,
The dog is barking loudly,The dog barking is loudly,transposition_related,right,82,2,5,left,0,1.6384142500028247,None,None,5,2,82,14,261.03019479200884,,,,,,,,,261.0246923750092,261.03019479200884,261.25852529201075,261.27178837500105,261.45569854200585,261.45569854200585,261.6561260830058,261.6561260830058,261.75545941700693,261.75545941700693,261.75545941700693,263.40191862500797,left,0,1.6384142500028247,None,263.4025409580063,263.41448004200356,263.41448004200356,263.59801850000804,263.60492716700537,263.60492716700537,264.3970862920105,264.38233279201086,264.3824009170057,264.382449333003,None,,,n,"001",2025-11-10_14h02.29.280,2nd exp,,2025.2.0,None,2025-11-10 14h02.29.363548 +0530,
The boy can read fast,The boy can read fast,transposition_related,right,83,3,5,right,1,1.935790999996243,None,None,5,3,83,2,264.3970862920105,,,,,,,,,264.39136829201016,264.3970862920105,264.62451795800007,264.6380932500033,264.82320362501196,264.82320362501196,265.0227701670083,265.0227701670083,265.11627800000133,265.12297041701095,265.12297041701095,267.0684747080086,right,1,1.935790999996243,None,267.0690485420055,267.08096170800854,267.08096170800854,267.2660719580017,267.27385662500456,267.27385662500456,268.06140358300763,268.04981204200885,268.04992112499895,268.0499681250076,None,,,n,"001",2025-11-10_14h02.29.280,2nd exp,,2025.2.0,None,2025-11-10 14h02.29.363548 +0530,
The boy can read fast,The read can boy fast,transposition_unrelated,left,84,4,5,left,1,0.6451460419921204,None,None,5,4,84,3,268.06140358300763,,,,,,,,,268.0559109580063,268.06140358300763,268.2913559580047,268.30492150000646,268.4867027500004,268.4997917920118,268.68771941700834,268.68771941700834,268.78283916700457,268.7884407500096,268.7884407500096,269.4406649169978,left,1,0.6451460419921204,None,269.44093625000096,269.45217391700135,269.45217391700135,269.6410046670062,269.6481118750089,269.6481118750089,270.4312897500058,270.4245655830018,270.4246504170005,270.4246977080038,None,,,n,"001",2025-11-10_14h02.29.280,2nd exp,,2025.2.0,None,2025-11-10 14h02.29.363548 +0530,
The boy can read fast,The read can boy fast,repetition_unrelated,left,85,5,5,left,1,0.9077225000073668,None,None,5,5,85,1,270.4312897500058,,,,,,,,,270.4250712080102,270.4312897500058,270.67350233301113,270.67350233301113,270.86616387500544,270.87244741700124,271.06611983300536,271.07089012500364,271.1661552500009,271.17187233299774,271.17187233299774,272.0844209170027,left,1,0.9077225000073668,None,272.0847999580001,272.09648825001204,272.09648825001204,272.2829159170069,272.291154999999,272.291154999999,273.08353850001004,273.0668357920076,273.0669382920023,273.0670067080064,None,,,n,"001",2025-11-10_14h02.29.280,2nd exp,,2025.2.0,None,2025-11-10 14h02.29.363548 +0530,
They have finished the work,They work the have finished,transposition_unrelated,left,86,6,5,left,1,0.9073969169985503,None,None,5,6,86,11,273.08353850001004,,,,,,,,,273.0780712499982,273.08353850001004,273.30881433300965,273.32261483299953,273.5026269580121,273.51618104201043,273.70538858301006,273.70538858301006,273.79959683300694,273.8062439580099,273.8062439580099,274.718152750007,left,1,0.9073969169985503,None,274.7185582079983,274.73004220800067,274.73004220800067,274.91596616699826,274.9240291669994,274.9240291669994,275.71954554200056,275.7049818329979,275.7050595420005,275.70509508300165,None,,,n,"001",2025-11-10_14h02.29.280,2nd exp,,2025.2.0,None,2025-11-10 14h02.29.363548 +0530,
The dog is barking loudly,The loudly is barking dog,repetition_unrelated,left,87,7,5,left,1,1.4948650419974001,None,None,5,7,87,13,275.71954554200056,,,,,,,,,275.7146665830078,275.71954554200056,275.9495508330001,275.96464608301176,276.14975504200265,276.14975504200265,276.33774149999954,276.34976287500467,276.4386184580071,276.4496818750049,276.4496818750049,277.95096370800456,left,1,1.4948650419974001,None,277.95124770799885,277.9627466670063,277.9627466670063,278.149488791998,278.1576069580042,278.1576069580042,278.94922600001155,278.9331158749992,278.93320112500805,278.9332785000006,None,,,n,"001",2025-11-10_14h02.29.280,2nd exp,,2025.2.0,None,2025-11-10 14h02.29.363548 +0530,
She does not like apples,She not does like apples,repetition_unrelated,left,88,8,5,left,1,3.107077916007256,None,None,5,8,88,5,278.94922600001155,,,,,,,,,278.9438356669998,278.94922600001155,279.1740681670053,279.1996754580032,279.37227079200966,279.37227079200966,279.5662466250069,279.5726773330098,279.67314587500005,279.67314587500005,279.67314587500005,282.785042042,left,1,3.107077916007256,None,282.7855992500117,282.79756775000715,282.79756775000715,282.9822775830107,282.98988641701,282.98988641701,283.7841279999993,283.766731583004,283.76686158300436,283.76692558301147,None,,,n,"001",2025-11-10_14h02.29.280,2nd exp,,2025.2.0,None,2025-11-10 14h02.29.363548 +0530,
They have finished the work,They finished have the work,repetition_unrelated,left,89,9,5,left,1,4.36598329199478,None,None,5,9,89,9,283.7841279999993,,,,,,,,,283.77883575001033,283.7841279999993,284.00778516700666,284.03146354200726,284.2044075830054,284.216373208008,284.40626216700184,284.40626216700184,284.4995530419983,284.5061671670119,284.5061671670119,288.8735655000055,left,1,4.36598329199478,None,288.87388245800685,288.88545045800856,288.88545045800856,289.0738755420025,289.08132962499803,289.08132962499803,289.8743260830088,289.858067417008,289.85815312500927,289.85819854200236,None,,,n,"001",2025-11-10_14h02.29.280,2nd exp,,2025.2.0,None,2025-11-10 14h02.29.363548 +0530,
The dog is barking loudly,The dog is barking loudly,repetition_related,right,90,10,5,right,1,1.398404584004311,None,None,5,10,90,12,289.8743260830088,,,,,,,,,289.86886987500475,289.8743260830088,290.10808270800044,290.11471383299795,290.2979135830101,290.2979135830101,290.48794929200085,290.50603920800495,290.5995713750017,290.60629416700976,290.60629416700976,292.00734070800536,right,1,1.398404584004311,None,292.00765429199964,292.01883970800554,292.01883970800554,292.2075207080052,292.2146502920077,292.2146502920077,293.0163240000111,292.99988870800007,292.9999934580119,293.00004145799903,None,,,n,"001",2025-11-10_14h02.29.280,2nd exp,,2025.2.0,None,2025-11-10 14h02.29.363548 +0530,
She does not like apples,She does not like apples,repetition_related,right,91,11,5,right,1,1.9968835410109023,None,None,5,11,91,4,293.0163240000111,,,,,,,,,293.01100220800436,293.0163240000111,293.2410987500043,293.26479745800316,293.43285054199805,293.4395473330078,293.6328932500037,293.63942787500855,293.73966700000165,293.73966700000165,293.73966700000165,295.740391542,right,1,1.9968835410109023,None,295.74076179201074,295.75194691700744,295.75194691700744,295.94097429201065,295.94791541701125,295.94791541701125,296.744323625011,296.73213454200595,296.732333500011,296.7324397080083,None,,,n,"001",2025-11-10_14h02.29.280,2nd exp,,2025.2.0,None,2025-11-10 14h02.29.363548 +0530,
She does not like apples,She not does like apples,transposition_related,right,92,12,5,left,0,0.6175547909952002,None,None,5,12,92,6,296.744323625011,,,,,,,,,296.73898604200804,296.744323625011,296.9752469170053,296.9887762080034,297.1716669169982,297.1716669169982,297.3661280420056,297.37138020800194,297.46590495800774,297.4719168330048,297.4719168330048,298.10163679200923,left,0,0.6175547909952002,None,298.102121917007,298.11504962500476,298.11504962500476,298.29966499999864,298.3072088330082,298.3072088330082,299.0998382920079,299.08332970800984,299.0834904580115,299.0835663330072,None,,,n,"001",2025-11-10_14h02.29.280,2nd exp,,2025.2.0,None,2025-11-10 14h02.29.363548 +0530,
They have finished the work,They finished have the work,transposition_related,right,93,13,5,left,0,1.02833491700585,None,None,5,13,93,10,299.0998382920079,,,,,,,,,299.0942279169976,299.0998382920079,299.3321592499997,299.3478568330029,299.5231766250072,299.5231766250072,299.7162743330118,299.7227530829987,299.8231255830033,299.8231255830033,299.8231255830033,300.85689641701174,left,0,1.02833491700585,None,300.8571802080114,300.86879616700753,300.86879616700753,301.0583430830011,301.06498012501106,301.06498012501106,301.86525045800954,301.8501452920027,301.850256042002,301.85032300000603,None,,,n,"001",2025-11-10_14h02.29.280,2nd exp,,2025.2.0,None,2025-11-10 14h02.29.363548 +0530,
The boy can read fast,The boy can read fast,repetition_related,right,94,14,5,right,1,0.7265653330105124,None,None,5,14,94,0,301.86525045800954,,,,,,,,,301.8600335420051,301.86525045800954,302.09205612500955,302.10558579200006,302.28620429200237,302.2997585830017,302.489349667012,302.489349667012,302.5828132919996,302.5888761670067,302.5888761670067,303.318371500005,right,1,0.7265653330105124,None,303.3189725830016,303.3308194170095,303.3308194170095,303.51607770800183,303.52411291700264,303.52411291700264,304.31444229200133,304.2989722080092,304.29907054200885,304.2991199579992,None,,,n,"001",2025-11-10_14h02.29.280,2nd exp,,2025.2.0,None,2025-11-10 14h02.29.363548 +0530,
She does not like apples,She like does apples not,transposition_unrelated,left,95,15,5,left,1,0.6644340829952853,None,None,5,15,95,7,304.31444229200133,,,,,,,,,304.30912658300076,304.31444229200133,304.5418706670025,304.5551059999998,304.736527208006,304.74954541699844,304.9392202500021,304.9392202500021,305.0389704170084,305.0389704170084,305.0389704170084,305.7060102500109,left,1,0.6644340829952853,None,305.7063541670068,305.71827120801026,305.71827120801026,305.90742175000196,305.9146553330065,305.9146553330065,306.71605783300765,306.6999750420073,306.70008654199773,306.70018029199855,None,,,n,"001",2025-11-10_14h02.29.280,2nd exp,,2025.2.0,None,2025-11-10 14h02.29.363548 +0530,
The boy can read fast,The boy can read fast,repetition_related,right,96,0,6,right,1,0.5365959170012502,None,None,6,0,96,0,306.71605783300765,,,,,,,,,306.71081620801124,306.71605783300765,306.94088091699814,306.96610095800133,307.13281766700675,307.13950637500966,307.3392544170056,307.3392544170056,307.43867945800594,307.43867945800594,307.43867945800594,307.9850165829994,right,1,0.5365959170012502,None,307.98561358300503,307.9972944170004,307.9972944170004,308.1827415000007,308.18909070800873,308.18909070800873,308.9827050830063,308.96581529200193,308.96594795800047,308.96601208300854,None,,,n,"001",2025-11-10_14h02.29.280,2nd exp,,2025.2.0,None,2025-11-10 14h02.29.363548 +0530,
She does not like apples,She not does like apples,transposition_related,right,97,1,6,left,0,0.6927342080016388,None,None,6,1,97,6,308.9827050830063,,,,,,,,,308.97745108300296,308.9827050830063,309.2079420000082,309.22312716700253,309.40504258300643,309.40504258300643,309.59942691700417,309.60588812500646,309.69965904200217,309.70655212500424,309.70655212500424,310.4015674580005,left,0,0.6927342080016388,None,310.40216337500897,310.41367966700636,310.41367966700636,310.5980648750119,310.6047870420007,310.6047870420007,311.3966046249989,311.38160829200933,311.381683042011,311.381721208003,None,,,n,"001",2025-11-10_14h02.29.280,2nd exp,,2025.2.0,None,2025-11-10 14h02.29.363548 +0530,
The boy can read fast,The read can boy fast,transposition_unrelated,left,98,2,6,right,0,0.8098697500099661,None,None,6,2,98,3,311.3966046249989,,,,,,,,,311.39130616700277,311.3966046249989,311.624417583007,311.6373727080063,311.8210165830096,311.8210165830096,312.01633545799996,312.02272458300286,312.1223037500022,312.1223037500022,312.1223037500022,312.93478241701087,right,0,0.8098697500099661,None,312.9351622920076,312.9465878330084,312.9465878330084,313.13274125001044,313.13911258299777,313.13911258299777,313.93568629201036,313.916698208006,313.9168299580051,313.91689737500565,None,,,n,"001",2025-11-10_14h02.29.280,2nd exp,,2025.2.0,None,2025-11-10 14h02.29.363548 +0530,
She does not like apples,She like does apples not,transposition_unrelated,left,99,3,6,left,1,0.996900458005257,None,None,6,3,99,7,313.93568629201036,,,,,,,,,313.9298537499999,313.93568629201036,314.15864262499963,314.181408000004,314.3555443330115,314.3555443330115,314.5494211250043,314.5554403330025,314.64907791699807,314.66620591700485,314.66620591700485,315.6682217080088,left,1,0.996900458005257,None,315.668790249998,315.6806511670002,315.6806511670002,315.86463658300636,315.8732835420087,315.8732835420087,316.6661575830076,316.64974683300534,316.649831792005,316.649907125,None,,,n,"001",2025-11-10_14h02.29.280,2nd exp,,2025.2.0,None,2025-11-10 14h02.29.363548 +0530,
They have finished the work,They finished have the work,transposition_related,right,100,4,6,left,0,1.811510042010923,None,None,6,4,100,10,316.6661575830076,,,,,,,,,316.6607786670065,316.6661575830076,316.8913285830058,316.91572970800917,317.08951270800026,317.08951270800026,317.2893013330031,317.2893013330031,317.382765250004,317.38957295801083,317.38957295801083,319.2072470830026,left,0,1.811510042010923,None,319.2075259580015,319.2187669999985,319.2187669999985,319.4074812500039,319.41457466701104,319.41457466701104,320.2073246670043,320.1911613330012,320.19124450000527,320.1912905000063,None,,,n,"001",2025-11-10_14h02.29.280,2nd exp,,2025.2.0,None,2025-11-10 14h02.29.363548 +0530,
The boy can read fast,The boy can read fast,transposition_related,right,101,5,6,right,1,1.1663078749988927,None,None,6,5,101,2,320.2073246670043,,,,,,,,,320.20170970800973,320.2073246670043,320.4419585830037,320.44816858301056,320.6387908750039,320.6387908750039,320.83282358299766,320.83913462499913,320.9327096250054,320.93871470799786,320.93871470799786,322.10738137501176,right,1,1.1663078749988927,None,322.1077249170048,322.11878370800696,322.11878370800696,322.30836304200056,322.3152568330115,322.3152568330115,323.1168520000065,323.10026137500245,323.10039649999817,323.10047637500975,None,,,n,"001",2025-11-10_14h02.29.280,2nd exp,,2025.2.0,None,2025-11-10 14h02.29.363548 +0530,
They have finished the work,They work the have finished,transposition_unrelated,left,102,6,6,left,1,0.9417710829875432,None,None,6,6,102,11,323.1168520000065,,,,,,,,,323.1115621670033,323.1168520000065,323.34121095800947,323.3644808329991,323.5386037499993,323.5386037499993,323.73300491699774,323.73958216700703,323.8329247500078,323.839155499998,323.839155499998,324.78497891699953,left,1,0.9417710829875432,None,324.78555970800517,324.79719062500226,324.79719062500226,324.98278154199943,324.9909832080011,324.9909832080011,325.7846744999988,325.77182887500385,325.7719149170007,325.77196374999767,None,,,n,"001",2025-11-10_14h02.29.280,2nd exp,,2025.2.0,None,2025-11-10 14h02.29.363548 +0530,
They have finished the work,They have finished the work,repetition_related,right,103,7,6,right,1,1.254169792009634,None,None,6,7,103,8,325.7846744999988,,,,,,,,,325.77789816699806,325.7846744999988,326.0154467920074,326.0311781670025,326.2035516670003,326.22238854200987,326.4163189170067,326.4163189170067,326.5036702080106,326.52268408300006,326.52268408300006,327.7850304580061,right,1,1.254169792009634,None,327.7854706250073,327.7986862920079,327.7986862920079,327.98116491700057,327.98738545800734,327.98738545800734,328.776969167011,328.765621167011,328.7657412920089,328.7657930830028,None,,,n,"001",2025-11-10_14h02.29.280,2nd exp,,2025.2.0,None,2025-11-10 14h02.29.363548 +0530,
They have finished the work,They finished have the work,repetition_unrelated,left,104,8,6,left,1,0.9312435409956379,None,None,6,8,104,9,328.776969167011,,,,,,,,,328.7716162500001,328.776969167011,329.00637341701076,329.0223927080078,329.19904745800886,329.20468187500956,329.3996102920064,329.4060365000041,329.49940837500617,329.5054945419979,329.5054945419979,330.4400317079999,left,1,0.9312435409956379,None,330.4403495830047,330.4520923329983,330.4520923329983,330.64170004200423,330.64909841700864,330.64909841700864,331.4474981670064,331.4322410419991,331.43242483300855,331.43250395799987,None,,,n,"001",2025-11-10_14h02.29.280,2nd exp,,2025.2.0,None,2025-11-10 14h02.29.363548 +0530,
She does not like apples,She does not like apples,repetition_related,right,105,9,6,right,1,0.9945293339987984,None,None,6,9,105,4,331.4474981670064,,,,,,,,,331.44216816700646,331.4474981670064,331.6747634580097,331.68954975000815,331.8730332920095,331.8730332920095,332.06610224999895,332.0724949170108,332.1662058330112,332.1731446670019,332.1731446670019,333.17372195801,right,1,0.9945293339987984,None,333.1740001670114,333.1852660000004,333.1852660000004,333.3755090830091,333.3813811250002,333.3813811250002,334.18083179200767,334.1651134170097,334.16533208300825,334.1654134170094,None,,,n,"001",2025-11-10_14h02.29.280,2nd exp,,2025.2.0,None,2025-11-10 14h02.29.363548 +0530,
The dog is barking loudly,The dog is barking loudly,repetition_related,right,106,10,6,right,1,0.9595785839919699,None,None,6,10,106,12,334.18083179200767,,,,,,,,,334.1755271250004,334.18083179200767,334.408346917,334.42182937500183,334.60618350000004,334.60618350000004,334.7997063750081,334.8063283750089,334.89958487500553,334.9061285830103,334.9061285830103,335.86812216699764,right,1,0.9595785839919699,None,335.86870279200957,335.88036770799954,335.88036770799954,336.06454866701097,336.0714298750099,336.0714298750099,336.86324516699824,336.8481519580091,336.84822408300533,336.84826370800147,None,,,n,"001",2025-11-10_14h02.29.280,2nd exp,,2025.2.0,None,2025-11-10 14h02.29.363548 +0530,
The boy can read fast,The read can boy fast,repetition_unrelated,left,107,11,6,left,1,0.8913615829951596,None,None,6,11,107,1,336.86324516699824,,,,,,,,,336.8579640829994,336.86324516699824,337.091669750007,337.1053870830074,337.28873237500375,337.28873237500375,337.4830345000082,337.4894582499983,337.58919220800453,337.58919220800453,337.58919220800453,338.48423979200015,left,1,0.8913615829951596,None,338.48463150000316,338.4965293749992,338.4965293749992,338.6813759580109,338.6897913330031,338.6897913330031,339.4830804170051,339.46664100000635,339.4667868329998,339.466917208003,None,,,n,"001",2025-11-10_14h02.29.280,2nd exp,,2025.2.0,None,2025-11-10 14h02.29.363548 +0530,
She does not like apples,She not does like apples,repetition_unrelated,left,108,12,6,left,1,0.7895000419957796,None,None,6,12,108,5,339.4830804170051,,,,,,,,,339.4778873750038,339.4830804170051,339.70832587500627,339.73267720799777,339.9061747079977,339.9061747079977,340.10614550000173,340.10614550000173,340.19940470800793,340.2061028330063,340.2061028330063,341.001385208001,left,1,0.7895000419957796,None,341.0018148329982,341.0132420000009,341.0132420000009,341.19889162501204,341.2066266670008,341.2066266670008,341.99938216700684,341.9823413330014,341.9824729170068,341.98256583300827,None,,,n,"001",2025-11-10_14h02.29.280,2nd exp,,2025.2.0,None,2025-11-10 14h02.29.363548 +0530,
The dog is barking loudly,The barking dog loudly is,transposition_unrelated,left,109,13,6,left,1,1.1345718340016901,None,None,6,13,109,15,341.99938216700684,,,,,,,,,341.99406208300206,341.99938216700684,342.22463500000595,342.24939379200805,342.41866016700806,342.43306825000036,342.6216680830112,342.6216680830112,342.7161343330081,342.72281812501024,342.72281812501024,343.86763829200936,left,1,1.1345718340016901,None,343.86791662500764,343.8788746670034,343.8788746670034,344.06463391700527,344.0709866670077,344.0709866670077,344.85954687499907,344.8485398750054,344.8486570420064,344.84869883301144,None,,,n,"001",2025-11-10_14h02.29.280,2nd exp,,2025.2.0,None,2025-11-10 14h02.29.363548 +0530,
The dog is barking loudly,The dog barking is loudly,transposition_related,right,110,14,6,left,0,1.9778478749940405,None,None,6,14,110,14,344.85954687499907,,,,,,,,,344.85413895800593,344.85954687499907,345.0920760000008,345.0983210830018,345.2886003330059,345.2886003330059,345.4827547080058,345.48910866701044,345.58283975000086,345.589572708006,345.589572708006,347.5736886250088,left,0,1.9778478749940405,None,347.5739803750039,347.5855024580087,347.5855024580087,347.7744970420026,347.78130100001,347.78130100001,348.5782879170001,348.56663408300665,348.56676462500764,348.5668808330083,None,,,n,"001",2025-11-10_14h02.29.280,2nd exp,,2025.2.0,None,2025-11-10 14h02.29.363548 +0530,
The dog is barking loudly,The loudly is barking dog,repetition_unrelated,left,111,15,6,left,1,0.8542515419976553,None,None,6,15,111,13,348.5782879170001,,,,,,,,,348.5729718750081,348.5782879170001,348.8087610000075,348.8228159170103,349.005021917008,349.005021917008,349.1996499579982,349.206030833011,349.2993317920045,349.3062412500003,349.3062412500003,350.16818379200413,left,1,0.8542515419976553,None,350.16880291700363,350.1805560000066,350.1805560000066,350.36451825000404,350.3707547500089,350.3707547500089,351.16283258300973,351.14813500001037,351.14820979200886,351.1482531250076,None,,,n,"001",2025-11-10_14h02.29.280,2nd exp,,2025.2.0,None,2025-11-10 14h02.29.363548 +0530,
They have finished the work,They work the have finished,transposition_unrelated,left,112,0,7,left,1,2.568856042009429,None,None,7,0,112,11,351.16283258300973,,,,,,,,,351.1575947500096,351.16283258300973,351.3917224580073,351.40509379201103,351.58772975001193,351.58772975001193,351.7827503330045,351.7892189999984,351.88278470801015,351.8891815829993,351.8891815829993,354.46790283299924,left,1,2.568856042009429,None,354.4682130000001,354.4794543330063,354.4794543330063,354.66481979200034,354.6718073330121,354.6718073330121,355.46599291700113,355.44982375000836,355.44995970799937,355.4500242500071,None,,,n,"001",2025-11-10_14h02.29.280,2nd exp,,2025.2.0,None,2025-11-10 14h02.29.363548 +0530,
She does not like apples,She like does apples not,transposition_unrelated,left,113,1,7,left,1,0.8867509999981849,None,None,7,1,113,7,355.46599291700113,,,,,,,,,355.4606232080114,355.46599291700113,355.6901849999995,355.71488600000157,355.8827372920059,355.8892127500003,356.082866458004,356.0891628750105,356.1828322920046,356.1888894170115,356.1888894170115,357.08501191700634,left,1,0.8867509999981849,None,357.08557358301186,357.0973860829981,357.0973860829981,357.2813332500082,357.2880489579984,357.2880489579984,358.08266279200325,358.0658273750014,358.0659580000065,358.0660507920111,None,,,n,"001",2025-11-10_14h02.29.280,2nd exp,,2025.2.0,None,2025-11-10 14h02.29.363548 +0530,
They have finished the work,They finished have the work,repetition_unrelated,left,114,2,7,left,1,0.8861202919943025,None,None,7,2,114,9,358.08266279200325,,,,,,,,,358.0772675000044,358.08266279200325,358.30827600001066,358.3326295000006,358.49960920801095,358.50634420799906,358.6996246250055,358.70604695800284,358.79954200000793,358.8063952920056,358.8063952920056,359.7015994579997,left,1,0.8861202919943025,None,359.7022344170109,359.713796875003,359.713796875003,359.89948533300776,359.90711829200154,359.90711829200154,360.705404332999,360.6894058330072,360.6894962080114,360.6895430000004,None,,,n,"001",2025-11-10_14h02.29.280,2nd exp,,2025.2.0,None,2025-11-10 14h02.29.363548 +0530,
She does not like apples,She does not like apples,repetition_related,right,115,3,7,right,1,0.7189180409914115,None,None,7,3,115,4,360.705404332999,,,,,,,,,360.70027408300666,360.705404332999,360.93150379200233,360.9492417500005,361.1201195830072,361.1392799580062,361.3329238330043,361.3329238330043,361.42021700000623,361.4395730420074,361.4395730420074,362.16782358300406,right,1,0.7189180409914115,None,362.1681580000004,362.1803050000017,362.1803050000017,362.3650590830075,362.37334412500786,362.37334412500786,363.16419937500905,363.148471833003,363.14859408300254,363.1486790420022,None,,,n,"001",2025-11-10_14h02.29.280,2nd exp,,2025.2.0,None,2025-11-10 14h02.29.363548 +0530,
The boy can read fast,The read can boy fast,transposition_unrelated,left,116,4,7,left,1,0.7658672499965178,None,None,7,4,116,3,363.16419937500905,,,,,,,,,363.15895475000434,363.16419937500905,363.3916881250043,363.40492341700883,363.5881106250017,363.5881106250017,363.78273808299855,363.7891357920016,363.88288541699876,363.88961983300396,363.88961983300396,364.65689450000355,left,1,0.7658672499965178,None,364.6572460830066,364.66847874999803,364.66847874999803,364.85847712500254,364.8648463330028,364.8648463330028,365.6610691250098,365.6494044170104,365.64951600000495,365.64960266700655,None,,,n,"001",2025-11-10_14h02.29.280,2nd exp,,2025.2.0,None,2025-11-10 14h02.29.363548 +0530,
The boy can read fast,The boy can read fast,repetition_related,right,117,5,7,right,1,1.643090999990818,None,None,7,5,117,0,365.6610691250098,,,,,,,,,365.6556009170017,365.6610691250098,365.89186741699814,365.90567445800116,366.08640841700253,366.09954741700494,366.28842641699885,366.28842641699885,366.3828075000056,366.3893057920068,366.3893057920068,368.0344464170048,right,1,1.643090999990818,None,368.03499420800654,368.0478371250065,368.0478371250065,368.2325797920057,368.24061912500474,368.24061912500474,369.02756654200493,369.01636433300155,369.01645975001156,369.0165072079981,None,,,n,"001",2025-11-10_14h02.29.280,2nd exp,,2025.2.0,None,2025-11-10 14h02.29.363548 +0530,
The boy can read fast,The read can boy fast,repetition_unrelated,left,118,6,7,left,1,1.036867542003165,None,None,7,6,118,1,369.02756654200493,,,,,,,,,369.02221412499784,369.02756654200493,369.25826233300904,369.2719544170104,369.4556439170119,369.4556439170119,369.649406542012,369.6559973750118,369.7495141670079,369.75642925000284,369.75642925000284,370.801681500001,left,1,1.036867542003165,None,370.8022926249978,370.81397433301026,370.81397433301026,370.9985509580001,371.00569662499765,371.00569662499765,371.7978562500066,371.78170458300156,371.7818981669989,371.78198779201193,None,,,n,"001",2025-11-10_14h02.29.280,2nd exp,,2025.2.0,None,2025-11-10 14h02.29.363548 +0530,
The dog is barking loudly,The dog is barking loudly,repetition_related,right,119,7,7,right,1,0.8480885000026319,None,None,7,7,119,12,371.7978562500066,,,,,,,,,371.7924079580116,371.7978562500066,372.0250470000028,372.03829020800185,372.2218088750087,372.2218088750087,372.4160178750026,372.4219288750028,372.51607850000437,372.52210566699796,372.52210566699796,373.37302558300144,right,1,0.8480885000026319,None,373.3733128330059,373.3848896670097,373.3848896670097,373.57493787500425,373.58189287500863,373.58189287500863,374.37852837500395,374.3665851250116,374.36672108300263,374.36681579200376,None,,,n,"001",2025-11-10_14h02.29.280,2nd exp,,2025.2.0,None,2025-11-10 14h02.29.363548 +0530,
The dog is barking loudly,The barking dog loudly is,transposition_unrelated,left,120,8,7,left,1,0.5101134589931462,None,None,7,8,120,15,374.37852837500395,,,,,,,,,374.3730382920039,374.37852837500395,374.6079818750004,374.62214099999983,374.8029892080085,374.8162543330109,375.004333667006,375.004333667006,375.09935499999847,375.10607795800024,375.10607795800024,375.6230470419978,left,1,0.5101134589931462,None,375.623330833012,375.63501100000576,375.63501100000576,375.8251286250015,375.8317656670115,375.8317656670115,376.6312313750095,376.61496570800955,376.6150890830031,376.6151548750058,None,,,n,"001",2025-11-10_14h02.29.280,2nd exp,,2025.2.0,None,2025-11-10 14h02.29.363548 +0530,
She does not like apples,She not does like apples,transposition_related,right,121,9,7,left,0,0.7030640419980045,None,None,7,9,121,6,376.6312313750095,,,,,,,,,376.6258064170106,376.6312313750095,376.85863504200825,376.8721437080094,377.0491692920041,377.05593070801115,377.2492520829983,377.2549427920021,377.34940483300306,377.35609075000684,377.35609075000684,378.06830470800924,left,0,0.7030640419980045,None,378.06891654200444,378.08098766701005,378.08098766701005,378.2659607079986,378.27251629201055,378.27251629201055,379.0660962920083,379.05490554199787,379.05497445800574,379.05501133301004,None,,,n,"001",2025-11-10_14h02.29.280,2nd exp,,2025.2.0,None,2025-11-10 14h02.29.363548 +0530,
She does not like apples,She not does like apples,repetition_unrelated,left,122,10,7,left,1,0.6663368330046069,None,None,7,10,122,5,379.0660962920083,,,,,,,,,379.0553043750115,379.0660962920083,379.2992764170049,379.3071040000068,379.4993195420102,379.4993195420102,379.6879497500049,379.6996156670066,379.7866331250116,379.80573800001,379.80573800001,380.4844600420038,left,1,0.6663368330046069,None,380.4848580830003,380.4964662499988,380.4964662499988,380.6826160000055,380.6900787080085,380.6900787080085,381.48152041700087,381.466291292003,381.4663770000043,381.4664129169978,None,,,n,"001",2025-11-10_14h02.29.280,2nd exp,,2025.2.0,None,2025-11-10 14h02.29.363548 +0530,
They have finished the work,They have finished the work,repetition_related,right,123,11,7,right,1,0.8076257500069914,None,None,7,11,123,8,381.48152041700087,,,,,,,,,381.4758913330006,381.48152041700087,381.70832925000286,381.72207529201114,381.9063842080068,381.9063842080068,382.0994078750082,382.1060094170098,382.1995164580003,382.20641408300435,382.20641408300435,383.01834000000963,right,1,0.8076257500069914,None,383.01876945800905,383.0303227920085,383.0303227920085,383.21591795800487,383.22345591700287,383.22345591700287,384.01513812500343,383.9998369579989,383.9999522080034,384.0000442080054,None,,,n,"001",2025-11-10_14h02.29.280,2nd exp,,2025.2.0,None,2025-11-10 14h02.29.363548 +0530,
The boy can read fast,The boy can read fast,transposition_related,right,124,12,7,right,1,0.808961917005945,None,None,7,12,124,2,384.01513812500343,,,,,,,,,384.00985887501156,384.01513812500343,384.241417792,384.25623091700254,384.43942012501066,384.43942012501066,384.6328134170035,384.63918337500945,384.7327041670069,384.73895329200604,384.73895329200604,385.5510673329991,right,1,0.808961917005945,None,385.5514555420086,385.5633948750037,385.5633948750037,385.7476793750102,385.75400758300384,385.75400758300384,386.54776154200954,386.531938250002,386.53202175001206,386.53207287500845,None,,,n,"001",2025-11-10_14h02.29.280,2nd exp,,2025.2.0,None,2025-11-10 14h02.29.363548 +0530,
They have finished the work,They finished have the work,transposition_related,right,125,13,7,left,0,0.9055878329963889,None,None,7,13,125,10,386.54776154200954,,,,,,,,,386.5422886250017,386.54776154200954,386.7750390420115,386.788408583001,386.9696655420121,386.9826764169993,387.1709040830028,387.1709040830028,387.2660219170066,387.2723733330058,387.2723733330058,388.18375741700584,left,0,0.9055878329963889,None,388.18404875000124,388.19530695800495,388.19530695800495,388.38159166699916,388.3884462499991,388.3884462499991,389.18352204200346,389.16655937500764,389.16667225000856,389.1667421250022,None,,,n,"001",2025-11-10_14h02.29.280,2nd exp,,2025.2.0,None,2025-11-10 14h02.29.363548 +0530,
The dog is barking loudly,The dog barking is loudly,transposition_related,right,126,14,7,left,0,1.2090580830117688,None,None,7,14,126,14,389.18352204200346,,,,,,,,,389.1782894580101,389.18352204200346,389.4083244170033,389.43148291700345,389.6052174580109,389.6052174580109,389.7994061250065,389.8060344580008,389.8994649170054,389.9057942500076,389.9057942500076,391.11808587500127,left,0,1.2090580830117688,None,391.1186645830021,391.1305970829999,391.1305970829999,391.3159952920105,391.3238978330046,391.3238978330046,392.1116878330067,392.09913095799857,392.0992393750057,392.0993312920036,None,,,n,"001",2025-11-10_14h02.29.280,2nd exp,,2025.2.0,None,2025-11-10 14h02.29.363548 +0530,
The dog is barking loudly,The loudly is barking dog,repetition_unrelated,left,127,15,7,left,1,0.97141025000019,None,None,7,15,127,13,392.1116878330067,,,,,,,,,392.1061823330092,392.1116878330067,392.3407176670007,392.35562358300376,392.5327635420108,392.53885679200175,392.73926991700137,392.73926991700137,392.8413027080096,392.8413027080096,392.8413027080096,393.8173411250027,left,1,0.97141025000019,None,393.8175749170041,393.82756250000966,393.82756250000966,394.01474583300296,394.02211004200217,394.02211004200217,394.8118831250031,394.7996328330046,394.7997479170008,394.7998166250036,None,,,n,"001",2025-11-10_14h02.29.280,2nd exp,,2025.2.0,None,2025-11-10 14h02.29.363548 +0530,
The dog is barking loudly,The dog is barking loudly,repetition_related,right,128,0,8,right,1,1.8986578339972766,None,None,8,0,128,12,394.8118831250031,,,,,,,,,394.8058956669993,394.8118831250031,395.04040308301046,395.0564591670118,395.23719120799797,395.23719120799797,395.43276799999876,395.439229333002,395.5328942920023,395.5399737920088,395.5399737920088,397.45083200000226,right,1,1.8986578339972766,None,397.4511471250007,397.46295679200557,397.46295679200557,397.64793108300364,397.65515175000473,397.65515175000473,398.4467968750105,398.4316097920091,398.43169829199906,398.431763917004,None,,,n,"001",2025-11-10_14h02.29.280,2nd exp,,2025.2.0,None,2025-11-10 14h02.29.363548 +0530,
The boy can read fast,The read can boy fast,transposition_unrelated,left,129,1,8,left,1,0.7068189169949619,None,None,8,1,129,3,398.4467968750105,,,,,,,,,398.44122529200104,398.4467968750105,398.67441554200195,398.6878883330064,398.86594462500943,398.8726004170021,399.0721467920084,399.0721467920084,399.1660818750097,399.17279104200134,399.17279104200134,399.88498716700997,left,1,0.7068189169949619,None,399.8854484170006,399.8969104170101,399.8969104170101,400.0825579579978,400.0906687920069,400.0906687920069,400.88241862499854,400.8665650000039,400.86670316700474,400.86679379201087,None,,,n,"001",2025-11-10_14h02.29.280,2nd exp,,2025.2.0,None,2025-11-10 14h02.29.363548 +0530,
The dog is barking loudly,The barking dog loudly is,transposition_unrelated,left,130,2,8,left,1,0.9566944159887498,None,None,8,2,130,15,400.88241862499854,,,,,,,,,400.8770561249985,400.88241862499854,401.1075197080063,401.1326522080053,401.3068239999993,401.3068239999993,401.5058030420041,401.5058030420041,401.59947895799996,401.6058345000056,401.6058345000056,402.5681492080039,left,1,0.9566944159887498,None,402.5686556670116,402.5804405420058,402.5804405420058,402.76435333301197,402.7706383330078,402.7706383330078,403.56046066700947,403.5480872920016,403.5482031249994,403.5482528749999,None,,,n,"001",2025-11-10_14h02.29.280,2nd exp,,2025.2.0,None,2025-11-10 14h02.29.363548 +0530,
The dog is barking loudly,The dog barking is loudly,transposition_related,right,131,3,8,left,0,1.0831109169957926,None,None,8,3,131,14,403.56046066700947,,,,,,,,,403.5549343330058,403.56046066700947,403.7918309170054,403.80560975000844,403.9887924580107,403.9887924580107,404.1887005000026,404.1887005000026,404.28272112501145,404.28939900000114,404.28939900000114,405.3740976250119,left,0,1.0831109169957926,None,405.37437420801143,405.3860707080021,405.3860707080021,405.57503641700896,405.58133012500184,405.58133012500184,406.37261375000526,406.3578146670043,406.3579046250088,406.35794145800173,None,,,n,"001",2025-11-10_14h02.29.280,2nd exp,,2025.2.0,None,2025-11-10 14h02.29.363548 +0530,
She does not like apples,She does not like apples,repetition_related,right,132,4,8,right,1,0.8356965419952758,None,None,8,4,132,4,406.37261375000526,,,,,,,,,406.3671134169999,406.37261375000526,406.60827037499985,406.614631458011,406.79775175001123,406.79775175001123,406.9874799579993,407.00583758299763,407.0993443750049,407.1059944580047,407.1059944580047,407.951683583,right,1,0.8356965419952758,None,407.952240292012,407.96403229200223,407.96403229200223,408.1480460419989,408.15430491699954,408.15430491699954,408.946772292009,408.9321606250014,408.9322311249998,408.9322686250089,None,,,n,"001",2025-11-10_14h02.29.280,2nd exp,,2025.2.0,None,2025-11-10 14h02.29.363548 +0530,
They have finished the work,They finished have the work,transposition_related,right,133,5,8,left,0,0.932695416995557,None,None,8,5,133,10,408.946772292009,,,,,,,,,408.9414007500018,408.946772292009,409.1751608330087,409.18856612499803,409.3724369170086,409.3724369170086,409.5660056670022,409.5724118750077,409.6659413330053,409.673598333,409.673598333,410.61738300000434,left,0,0.932695416995557,None,410.61768333301006,410.6290182500088,410.6290182500088,410.8146562500042,410.82100229201023,410.82100229201023,411.615771124998,411.5997321670002,411.5998664170038,411.5999337500107,None,,,n,"001",2025-11-10_14h02.29.280,2nd exp,,2025.2.0,None,2025-11-10 14h02.29.363548 +0530,
The dog is barking loudly,The loudly is barking dog,repetition_unrelated,left,134,6,8,left,1,0.7969586250110297,None,None,8,6,134,13,411.615771124998,,,,,,,,,411.61029837500246,411.615771124998,411.8414505420078,411.8568978330004,412.03858541700174,412.03858541700174,412.2327642080054,412.23892350000096,412.3326235830027,412.3393583330035,412.3393583330035,413.14010795801005,left,1,0.7969586250110297,None,413.1403907500062,413.15195704200596,413.15195704200596,413.3412824170082,413.34773166700325,413.34773166700325,414.1492527080118,414.133307000011,414.13344470800075,414.13353954200284,None,,,n,"001",2025-11-10_14h02.29.280,2nd exp,,2025.2.0,None,2025-11-10 14h02.29.363548 +0530,
She does not like apples,She not does like apples,repetition_unrelated,left,135,7,8,left,1,0.6755307910061674,None,None,8,7,135,5,414.1492527080118,,,,,,,,,414.14400125000975,414.1492527080118,414.3825924170087,414.39056600000185,414.58248212499893,414.58248212499893,414.77274520799983,414.77274520799983,414.87003150000237,414.88261991699983,414.88261991699983,415.567581292009,left,1,0.6755307910061674,None,415.56790075000026,415.5786087919987,415.5786087919987,415.7648116670025,415.7733592500008,415.7733592500008,416.5659593330056,416.54959999999846,416.5497117500054,416.5497780420119,None,,,n,"001",2025-11-10_14h02.29.280,2nd exp,,2025.2.0,None,2025-11-10 14h02.29.363548 +0530,
They have finished the work,They have finished the work,repetition_related,right,136,8,8,right,1,0.5328504999924917,None,None,8,8,136,8,416.5659593330056,,,,,,,,,416.56063658300263,416.5659593330056,416.79163487500045,416.8157041250088,416.9824808330013,416.98810987500474,417.18911254200793,417.18911254200793,417.28264325000055,417.2893277500116,417.2893277500116,417.83273470800486,right,1,0.5328504999924917,None,417.8330438749981,417.84396616699814,417.84396616699814,418.0247437920043,418.0397656670102,418.0397656670102,418.829679500006,418.8148887080024,418.8149772080069,418.8150840830058,None,,,n,"001",2025-11-10_14h02.29.280,2nd exp,,2025.2.0,None,2025-11-10 14h02.29.363548 +0530,
She does not like apples,She like does apples not,transposition_unrelated,left,137,9,8,left,1,1.111893749999581,None,None,8,9,137,7,418.829679500006,,,,,,,,,418.82423850000487,418.829679500006,419.0583936670009,419.07181420800043,419.25432200000796,419.25432200000796,419.4492522080109,419.45559912500903,419.5494477080065,419.55625383299775,419.55625383299775,420.673547917002,left,1,1.111893749999581,None,420.6738200420077,420.68518554201,420.68518554201,420.8744543750072,420.88111720800225,420.88111720800225,421.6820766250021,421.66505895800947,421.6651782080007,421.6652465000079,None,,,n,"001",2025-11-10_14h02.29.280,2nd exp,,2025.2.0,None,2025-11-10 14h02.29.363548 +0530,
They have finished the work,They finished have the work,repetition_unrelated,left,138,10,8,left,1,0.6272661249968223,None,None,8,10,138,9,421.6820766250021,,,,,,,,,421.67664458299987,421.6820766250021,421.90823262500635,421.9219950830011,422.10449262500333,422.10449262500333,422.299390375003,422.30594337500224,422.39926716699847,422.40586695801176,422.40586695801176,423.04026883300685,left,1,0.6272661249968223,None,423.04055179200077,423.05196279200027,423.05196279200027,423.24065462499857,423.2477857500053,423.2477857500053,424.0445474580047,424.03286320800544,424.0329434580053,424.0330168750079,None,,,n,"001",2025-11-10_14h02.29.280,2nd exp,,2025.2.0,None,2025-11-10 14h02.29.363548 +0530,
They have finished the work,They work the have finished,transposition_unrelated,left,139,11,8,left,1,0.6091330839990405,None,None,8,11,139,11,424.0445474580047,,,,,,,,,424.03918237501057,424.0445474580047,424.27479483300704,424.2884969170118,424.46906925000076,424.4827555829979,424.6721329580032,424.6721329580032,424.7657901250059,424.7719092500047,424.7719092500047,425.3849844580109,left,1,0.6091330839990405,None,425.3855762500025,425.3972932080069,425.3972932080069,425.5830990000104,425.59122308299993,425.59122308299993,426.3867956670001,426.3718294999999,426.3719118750014,426.3719475000107,None,,,n,"001",2025-11-10_14h02.29.280,2nd exp,,2025.2.0,None,2025-11-10 14h02.29.363548 +0530,
She does not like apples,She not does like apples,transposition_related,right,140,12,8,left,0,0.5288282499968773,None,None,8,12,140,6,426.3867956670001,,,,,,,,,426.3808666670084,426.3867956670001,426.61475070800225,426.6310158330016,426.80346283300605,426.82305937500496,427.02094433300954,427.0159218330082,427.1034113330097,427.1220864170027,427.1220864170027,427.65757412499806,left,0,0.5288282499968773,None,427.65786087499873,427.66864941699896,427.66864941699896,427.8576272920036,427.8644120829995,427.8644120829995,428.665114583011,428.6496029580012,428.6496996250062,428.64974625001196,None,,,n,"001",2025-11-10_14h02.29.280,2nd exp,,2025.2.0,None,2025-11-10 14h02.29.363548 +0530,
The boy can read fast,The read can boy fast,repetition_unrelated,left,141,13,8,left,1,0.5335167919984087,None,None,8,13,141,1,428.665114583011,,,,,,,,,428.65938233300403,428.665114583011,428.89192054200976,428.90541358300834,429.0861586670071,429.09939320800186,429.28919979200873,429.28919979200873,429.3827050000109,429.3894055830024,429.3894055830024,429.93475754201063,left,1,0.5335167919984087,None,429.9351515419985,429.94680241700553,429.94680241700553,430.13271600000735,430.1411725000071,430.1411725000071,430.92725375000737,430.9161084170046,430.9161960830097,430.916232625008,None,,,n,"001",2025-11-10_14h02.29.280,2nd exp,,2025.2.0,None,2025-11-10 14h02.29.363548 +0530,
The boy can read fast,The boy can read fast,repetition_related,right,142,14,8,right,1,0.7323362500028452,None,None,8,14,142,0,430.92725375000737,,,,,,,,,430.9213984579983,430.92725375000737,431.1575090420083,431.17263545800233,431.3548263749981,431.3548263749981,431.54935125001066,431.5556748750096,431.65544883300026,431.65544883300026,431.65544883300026,432.38998941700265,right,1,0.7323362500028452,None,432.3902769580018,432.40201887500007,432.40201887500007,432.58106037499965,432.5980515830015,432.5980515830015,433.37170233301003,433.36496520800574,433.3651714170119,433.36529091700504,None,,,n,"001",2025-11-10_14h02.29.280,2nd exp,,2025.2.0,None,2025-11-10 14h02.29.363548 +0530,
The boy can read fast,The boy can read fast,transposition_related,right,143,15,8,right,1,0.5676103750010952,None,None,8,15,143,2,433.37170233301003,,,,,,,,,433.3658433750097,433.37170233301003,433.60820287500974,433.6146524170035,433.802221542006,433.81594170800236,434.0053010420088,434.0053010420088,434.0993785419996,434.106192457999,434.106192457999,434.6841415420058,right,1,0.5676103750010952,None,434.6844905420003,434.69592245800595,434.69592245800595,434.8811883330054,434.88943562500936,434.88943562500936,435.68182737501047,435.66563070801203,435.6657840830012,435.6658525420062,None,,,n,"001",2025-11-10_14h02.29.280,2nd exp,,2025.2.0,None,2025-11-10 14h02.29.363548 +0530,
She does not like apples,She not does like apples,transposition_related,right,144,0,9,left,0,0.431768791997456,None,None,9,0,144,6,435.68182737501047,,,,,,,,,435.6764208329987,435.68182737501047,435.9081297500088,435.9218142919999,436.1064197920059,436.1064197920059,436.2992763330112,436.3058939170005,436.3991349170101,436.4049479170062,436.4049479170062,436.840027541999,left,0,0.431768791997456,None,436.84030270800577,436.8520495420089,436.8520495420089,437.04135987500194,437.0477473330102,437.0477473330102,437.8486165830109,437.83289029200387,437.8329785829992,437.83304583300196,None,,,n,"001",2025-11-10_14h02.29.280,2nd exp,,2025.2.0,None,2025-11-10 14h02.29.363548 +0530,
The dog is barking loudly,The loudly is barking dog,repetition_unrelated,left,145,1,9,left,1,0.5009233750024578,None,None,9,1,145,13,437.8486165830109,,,,,,,,,437.8430621669977,437.8486165830109,438.07492741700844,438.08847904200957,438.26863000000594,438.2825355829991,438.4724121670006,438.4724121670006,438.5659003750043,438.5717871670058,438.5717871670058,439.0840935419983,left,1,0.5009233750024578,None,439.084588083002,439.0965380830021,439.0965380830021,439.28270195799996,439.29092483301065,439.29092483301065,440.0801769170066,440.06625966700085,440.0663330420066,440.0663692500093,None,,,n,"001",2025-11-10_14h02.29.280,2nd exp,,2025.2.0,None,2025-11-10 14h02.29.363548 +0530,
They have finished the work,They have finished the work,repetition_related,right,146,2,9,right,1,0.4454559580044588,None,None,9,2,146,8,440.0801769170066,,,,,,,,,440.0751445830101,440.0801769170066,440.3084557080001,440.3227858330065,440.50261104200035,440.5160956670006,440.70572133301175,440.70572133301175,440.80614675000834,440.80614675000834,440.80614675000834,441.25649483301095,right,1,0.4454559580044588,None,441.25678229201003,441.2681471250107,441.2681471250107,441.45750158300507,441.4642951670103,441.4642951670103,442.2657077920012,442.2497118330066,442.24983975000214,442.2499335419998,None,,,n,"001",2025-11-10_14h02.29.280,2nd exp,,2025.2.0,None,2025-11-10 14h02.29.363548 +0530,
The boy can read fast,The read can boy fast,repetition_unrelated,left,147,3,9,left,1,0.3823403329879511,None,None,9,3,147,1,442.2657077920012,,,,,,,,,442.26014312500774,442.2657077920012,442.4915242080024,442.50568287500937,442.68519425000704,442.6992258750106,442.8888498330052,442.8888498330052,442.9826005000068,442.9892300000065,442.9892300000065,443.38496804200986,left,1,0.3823403329879511,None,443.3856486250006,443.3973492500081,443.3973492500081,443.58134950000385,443.58952862500155,443.58952862500155,444.37711325001146,444.3647575000068,444.36485379200894,444.3649064170022,None,,,n,"001",2025-11-10_14h02.29.280,2nd exp,,2025.2.0,None,2025-11-10 14h02.29.363548 +0530,
The boy can read fast,The boy can read fast,repetition_related,right,148,4,9,right,1,0.42217437499493826,None,None,9,4,148,0,444.37711325001146,,,,,,,,,444.37152862500807,444.37711325001146,444.6084666250099,444.62172458300483,444.803735583002,444.803735583002,444.9994740000111,445.0060295420117,445.1052809170069,445.1052809170069,445.1052809170069,445.53437125000346,right,1,0.42217437499493826,None,445.5347530420113,445.54632200000924,445.54632200000924,445.73231166700134,445.7401399579976,445.7401399579976,446.5327982500021,446.51646600000095,446.516581917007,446.5166518330079,None,,,n,"001",2025-11-10_14h02.29.280,2nd exp,,2025.2.0,None,2025-11-10 14h02.29.363548 +0530,
They have finished the work,They finished have the work,transposition_related,right,149,5,9,left,0,0.4905737079971004,None,None,9,5,149,10,446.5327982500021,,,,,,,,,446.5274450420111,446.5327982500021,446.7574725000013,446.77158545800194,446.95584525000595,446.95584525000595,447.1547800420085,447.1547800420085,447.2492578329984,447.25595704199804,447.25595704199804,447.75175954200677,left,0,0.4905737079971004,None,447.7524014579976,447.764385625007,447.764385625007,447.94791675001034,447.95542187499814,447.95542187499814,448.7467067079997,448.7314297920093,448.73154750000685,448.73160350001126,None,,,n,"001",2025-11-10_14h02.29.280,2nd exp,,2025.2.0,None,2025-11-10 14h02.29.363548 +0530,
The boy can read fast,The boy can read fast,transposition_related,right,150,6,9,right,1,0.42401104199234396,None,None,9,6,150,2,448.7467067079997,,,,,,,,,448.7413525830052,448.7467067079997,448.975064541999,448.9891935420019,449.1720040830114,449.1720040830114,449.36593708299915,449.3723621250101,449.4659023330023,449.47344450000674,449.47344450000674,449.90147554200666,right,1,0.42401104199234396,None,449.9019921670115,449.9136110420077,449.9136110420077,450.09783491700364,450.1060321670084,450.1060321670084,450.89844704201096,450.882852499999,450.882955167006,450.8830014170089,None,,,n,"001",2025-11-10_14h02.29.280,2nd exp,,2025.2.0,None,2025-11-10 14h02.29.363548 +0530,
The dog is barking loudly,The barking dog loudly is,transposition_unrelated,left,151,7,9,left,1,0.35852999999769963,None,None,9,7,151,15,450.89844704201096,,,,,,,,,450.89298408300965,450.89844704201096,451.12429433299985,451.1378653749998,451.3158939170098,451.322467667007,451.515914292002,451.5218577080086,451.61572854200494,451.6218478750088,451.6218478750088,451.9849366249982,left,1,0.35852999999769963,None,451.98557333300414,451.99784845800605,451.99784845800605,452.1827517920028,452.190246416998,452.190246416998,452.9849863749987,452.97098733299936,452.97107837500516,452.9711194170086,None,,,n,"001",2025-11-10_14h02.29.280,2nd exp,,2025.2.0,None,2025-11-10 14h02.29.363548 +0530,
The boy can read fast,The read can boy fast,transposition_unrelated,left,152,8,9,left,1,0.4082896659965627,None,None,9,8,152,3,452.9849863749987,,,,,,,,,452.97953787499864,452.9849863749987,453.2144177080045,453.23259645800863,453.404461625003,453.4158847080107,453.60409691699897,453.6159215830121,453.7041262499988,453.7160535830044,453.7160535830044,454.1342172500008,left,1,0.4082896659965627,None,454.13451391700073,454.14586899999995,454.14586899999995,454.33258620800916,454.3407700420066,454.3407700420066,455.13256945800094,455.1163070420007,455.1164201250067,455.11650987500616,None,,,n,"001",2025-11-10_14h02.29.280,2nd exp,,2025.2.0,None,2025-11-10 14h02.29.363548 +0530,
They have finished the work,They work the have finished,transposition_unrelated,left,153,9,9,left,1,0.45910087499942165,None,None,9,9,153,11,455.13256945800094,,,,,,,,,455.1272065420053,455.13256945800094,455.35826470800384,455.3718307500094,455.55306995799765,455.56613962500705,455.7555357500096,455.7555357500096,455.84913245801,455.8552240420104,455.8552240420104,456.3178822500049,left,1,0.45910087499942165,None,456.3182241250033,456.3297501670022,456.3297501670022,456.5159760000097,456.5236452500103,456.5236452500103,457.31835062500613,457.30692058301065,457.3070039580052,457.3070498330053,None,,,n,"001",2025-11-10_14h02.29.280,2nd exp,,2025.2.0,None,2025-11-10 14h02.29.363548 +0530,
They have finished the work,They finished have the work,repetition_unrelated,left,154,10,9,left,1,0.4458489999960875,None,None,9,10,154,9,457.31835062500613,,,,,,,,,457.31298875001085,457.31835062500613,457.5582447080087,457.56460416701157,457.7523171250068,457.7477009580034,457.9372886670026,457.955532625012,458.0493754580093,458.05643787499866,458.05643787499866,458.5068030830007,left,1,0.4458489999960875,None,458.50710983300814,458.5185655420064,458.5185655420064,458.70789758300816,458.7143340420007,458.7143340420007,459.51599454200186,459.4990637919982,459.49919379199855,459.4992672080116,None,,,n,"001",2025-11-10_14h02.29.280,2nd exp,,2025.2.0,None,2025-11-10 14h02.29.363548 +0530,
The dog is barking loudly,The dog barking is loudly,transposition_related,right,155,11,9,left,0,1.2910857499955455,None,None,9,11,155,14,459.51599454200186,,,,,,,,,459.51062870799797,459.51599454200186,459.74117441700946,459.7565964170062,459.93271954200463,459.93944370800455,460.13847462501144,460.13847462501144,460.23264145800204,460.2391462079977,460.2391462079977,461.5347970830044,left,0,1.2910857499955455,None,461.53538095801196,461.54719320801087,461.54719320801087,461.73241104200133,461.7401310830028,461.7401310830028,462.54011933300353,462.5229387080035,462.5230233750044,462.52306970801146,None,,,n,"001",2025-11-10_14h02.29.280,2nd exp,,2025.2.0,None,2025-11-10 14h02.29.363548 +0530,
She does not like apples,She like does apples not,transposition_unrelated,left,156,12,9,left,1,0.4451999999873806,None,None,9,12,156,7,462.54011933300353,,,,,,,,,462.5352850420022,462.54011933300353,462.77518287500425,462.78140658300254,462.9718227080011,462.96548512500885,463.1534690000117,463.17225337499985,463.2659364580031,463.2659364580031,463.2659364580031,463.71800912500476,left,1,0.4451999999873806,None,463.71859112499806,463.730157375001,463.730157375001,463.9147503330023,463.9235544580006,463.9235544580006,464.7110214580025,464.6990389999992,464.6991854170046,464.699257500004,None,,,n,"001",2025-11-10_14h02.29.280,2nd exp,,2025.2.0,None,2025-11-10 14h02.29.363548 +0530,
She does not like apples,She not does like apples,repetition_unrelated,left,157,13,9,left,1,0.47252845799084753,None,None,9,13,157,5,464.7110214580025,,,,,,,,,464.7056551249989,464.7110214580025,464.9410393750004,464.95454150000296,465.1367902080092,465.14925604200107,465.33902670801035,465.33902670801035,465.43249062501127,465.43856279199827,465.43856279199827,465.91855395800667,left,1,0.47252845799084753,None,465.91914620800526,465.93110929201066,465.93110929201066,466.11616700000013,466.1237715000025,466.1237715000025,466.91793424999923,466.9060509999981,466.90613575000316,466.9061865420081,None,,,n,"001",2025-11-10_14h02.29.280,2nd exp,,2025.2.0,None,2025-11-10 14h02.29.363548 +0530,
She does not like apples,She does not like apples,repetition_related,right,158,14,9,right,1,0.44675800000550225,None,None,9,14,158,4,466.91793424999923,,,,,,,,,466.91205858300964,466.91793424999923,467.14765458300826,467.1657181670016,467.33465570800763,467.3555015419988,467.55494870799885,467.55494870799885,467.6491090000054,467.6491090000054,467.6491090000054,468.101060083005,right,1,0.44675800000550225,None,468.10146054200595,468.113005332998,468.113005332998,468.2975791670033,468.30382537499827,468.30382537499827,469.09533729200484,469.0827446250041,469.08280241700413,469.0828312500089,None,,,n,"001",2025-11-10_14h02.29.280,2nd exp,,2025.2.0,None,2025-11-10 14h02.29.363548 +0530,
The dog is barking loudly,The dog is barking loudly,repetition_related,right,159,15,9,right,1,0.6461335829953896,None,None,9,15,159,12,469.09533729200484,,,,,,,,,469.08980091700505,469.09533729200484,469.3239772079978,469.33821900001203,469.52206637500785,469.52206637500785,469.71581833300297,469.7221920000011,469.8154250830121,469.8219551670045,469.8219551670045,470.4734864170023,right,1,0.6461335829953896,None,470.47375699999975,470.48516941700655,470.48516941700655,470.6749971250101,470.68083900000784,470.68083900000784,471.47942804200284,471.4649998329987,471.46508754200477,471.465167250004,None,,,n,"001",2025-11-10_14h02.29.280,2nd exp,,2025.2.0,None,2025-11-10 14h02.29.363548 +0530,
She does not like apples,She does not like apples,repetition_related,right,160,0,10,right,1,0.5630730830016546,None,None,10,0,160,4,471.47942804200284,,,,,,,,,471.47425895799825,471.47942804200284,471.7080491670058,471.72160283300036,471.9024764170026,471.9024764170026,472.0992395420035,472.1056055420049,472.2058353750035,472.2058353750035,472.2058353750035,472.7726309999998,right,1,0.5630730830016546,None,472.772996167012,472.78500770800747,472.78500770800747,472.96435687500343,472.9824701250036,472.9824701250036,473.7634949170024,473.74832929200784,473.7484261250065,473.74847145800595,None,,,n,"001",2025-11-10_14h02.29.280,2nd exp,,2025.2.0,None,2025-11-10 14h02.29.363548 +0530,
The boy can read fast,The read can boy fast,transposition_unrelated,left,161,1,10,left,1,0.3817680000065593,None,None,10,1,161,3,473.7634949170024,,,,,,,,,473.7582217500021,473.7634949170024,473.9918309170025,474.0053584170091,474.1875997919997,474.1875997919997,474.38263837499835,474.3891132080025,474.4890704999998,474.4890704999998,474.4890704999998,474.8732145420072,left,1,0.3817680000065593,None,474.8734867500025,474.8844957500114,474.8844957500114,475.0746429580031,475.0808530830109,475.0808530830109,475.87514958300744,475.8645691670099,475.86464483301097,475.8646837499982,None,,,n,"001",2025-11-10_14h02.29.280,2nd exp,,2025.2.0,None,2025-11-10 14h02.29.363548 +0530,
The boy can read fast,The boy can read fast,repetition_related,right,162,2,10,right,1,0.37448666599811986,None,None,10,2,162,0,475.87514958300744,,,,,,,,,475.86982608299877,475.87514958300744,476.1083094170026,476.11413229200116,476.3045507920033,476.3045507920033,476.4992798750027,476.5058558330056,476.5993525829981,476.6063240000076,476.6063240000076,476.9843122500024,right,1,0.37448666599811986,None,476.98476541700074,476.9963863330049,476.9963863330049,477.1827673330117,477.19062304199906,477.19062304199906,477.98843812500127,477.9730675830069,477.97315362500376,477.9732022500102,None,,,n,"001",2025-11-10_14h02.29.280,2nd exp,,2025.2.0,None,2025-11-10 14h02.29.363548 +0530,
They have finished the work,They work the have finished,transposition_unrelated,left,163,3,10,left,1,0.3864561660011532,None,None,10,3,163,11,477.98843812500127,,,,,,,,,477.9831962080061,477.98843812500127,478.2232353750005,478.2310244170076,478.4141827499989,478.4141827499989,478.60392750000756,478.6226081250061,478.7158807500091,478.72233387500455,478.72233387500455,479.11730837500363,left,1,0.3864561660011532,None,479.1176117080031,479.12873825000133,479.12873825000133,479.31495183300285,479.3232977500011,479.3232977500011,480.1108418750082,480.09866512499866,480.0989018750115,480.0989853330102,None,,,n,"001",2025-11-10_14h02.29.280,2nd exp,,2025.2.0,None,2025-11-10 14h02.29.363548 +0530,
They have finished the work,They have finished the work,repetition_related,right,164,4,10,right,1,0.35863458301173523,None,None,10,4,164,8,480.1108418750082,,,,,,,,,480.1052892919979,480.1108418750082,480.34178200000315,480.35526833300537,480.53739520801173,480.53739520801173,480.7324456250062,480.73813750001136,480.8325367500074,480.839066792003,480.839066792003,481.20065620800597,right,1,0.35863458301173523,None,481.2009326250118,481.21234920799907,481.21234920799907,481.39816229201097,481.40515412500827,481.40515412500827,482.1972671250114,482.1814862500032,482.18160983300186,482.18169929200667,None,,,n,"001",2025-11-10_14h02.29.280,2nd exp,,2025.2.0,None,2025-11-10 14h02.29.363548 +0530,
The dog is barking loudly,The dog barking is loudly,transposition_related,right,165,5,10,left,0,0.2703761669981759,None,None,10,5,165,14,482.1972671250114,,,,,,,,,482.1919055000035,482.1972671250114,482.42446304199984,482.4384895000112,482.62268295801186,482.62268295801186,482.81605408299947,482.82216866700037,482.9160782500112,482.92326370799856,482.92326370799856,483.2006601250032,left,0,0.2703761669981759,None,483.20094412501203,483.2123267920106,483.2123267920106,483.3913497080066,483.406296125002,483.406296125002,484.19593845801137,484.18292041700624,484.1830288330093,484.1830947499984,None,,,n,"001",2025-11-10_14h02.29.280,2nd exp,,2025.2.0,None,2025-11-10 14h02.29.363548 +0530,
The dog is barking loudly,The dog is barking loudly,repetition_related,right,166,6,10,right,1,0.443131916996208,None,None,10,6,166,12,484.19593845801137,,,,,,,,,484.1905296670011,484.19593845801137,484.42451591700956,484.4371172079991,484.61977537500206,484.6324258329987,484.8223542080086,484.8223542080086,484.91608950000955,484.9234203329979,484.9234203329979,485.372903667012,right,1,0.443131916996208,None,485.3731790419988,485.3847788330022,485.3847788330022,485.56434095800796,485.5815677920036,485.5815677920036,486.36046570799954,486.34846583299804,486.34866316700936,486.3487394170079,None,,,n,"001",2025-11-10_14h02.29.280,2nd exp,,2025.2.0,None,2025-11-10 14h02.29.363548 +0530,
The dog is barking loudly,The barking dog loudly is,transposition_unrelated,left,167,7,10,left,1,0.3645087920012884,None,None,10,7,167,15,486.36046570799954,,,,,,,,,486.35514200000034,486.36046570799954,486.59089512500213,486.6043587500026,486.7825376250112,486.7887532500026,486.98252625000896,486.9884227080038,487.08260525000514,487.09004362500855,487.09004362500855,487.4566407920065,left,1,0.3645087920012884,None,487.456987417012,487.4683856250049,487.4683856250049,487.65793804200075,487.6642658750061,487.6642658750061,488.46256362499844,488.44836325000506,488.44844812501105,488.44848945800913,None,,,n,"001",2025-11-10_14h02.29.280,2nd exp,,2025.2.0,None,2025-11-10 14h02.29.363548 +0530,
She does not like apples,She not does like apples,transposition_related,right,168,8,10,left,0,0.4139267499995185,None,None,10,8,168,6,488.46256362499844,,,,,,,,,488.45719695799926,488.46256362499844,488.69135675000143,488.704963125012,488.88806745799957,488.88806745799957,489.0826094580116,489.08898320799926,489.1885277500114,489.1885277500114,489.1885277500114,489.60528920800425,left,0,0.4139267499995185,None,489.6056393750041,489.61803541700647,489.61803541700647,489.80567479200545,489.81460037500074,489.81460037500074,490.6020768330054,490.58976300001086,490.5898379170103,490.58987066699774,None,,,n,"001",2025-11-10_14h02.29.280,2nd exp,,2025.2.0,None,2025-11-10 14h02.29.363548 +0530,
The dog is barking loudly,The loudly is barking dog,repetition_unrelated,left,169,9,10,left,1,0.41495341699919663,None,None,10,9,169,13,490.6020768330054,,,,,,,,,490.5967985000025,490.6020768330054,490.8407827080082,490.84756950000883,491.0394753330038,491.0394753330038,491.23714941700746,491.23714941700746,491.33245533300214,491.33844804200635,491.33844804200635,491.75738054201065,left,1,0.41495341699919663,None,491.75772666699777,491.768729583011,491.768729583011,491.9581247080059,491.9645543330116,491.9645543330116,492.761068250009,492.7488002500031,492.7488559580088,492.7488847920031,None,,,n,"001",2025-11-10_14h02.29.280,2nd exp,,2025.2.0,None,2025-11-10 14h02.29.363548 +0530,
The boy can read fast,The read can boy fast,repetition_unrelated,left,170,10,10,left,1,0.5699984999955632,None,None,10,10,170,1,492.761068250009,,,,,,,,,492.7555760420073,492.761068250009,492.9916106669989,493.0055046250054,493.18251329200575,493.18921650000266,493.3827345000027,493.3889043329982,493.4824052920012,493.489261374998,493.489261374998,494.06798900000285,left,1,0.5699984999955632,None,494.06840112499776,494.0806351670035,494.0806351670035,494.26581437500136,494.2735053330107,494.2735053330107,495.06693362499936,495.05014525000297,495.0502305000118,495.05027983299806,None,,,n,"001",2025-11-10_14h02.29.280,2nd exp,,2025.2.0,None,2025-11-10 14h02.29.363548 +0530,
She does not like apples,She not does like apples,repetition_unrelated,left,171,11,10,left,1,0.3912257500051055,None,None,10,11,171,5,495.06693362499936,,,,,,,,,495.06024633299967,495.06693362499936,495.29924479201145,495.3144060830091,495.4864432500035,495.4992210000055,495.68711712500954,495.6992014580028,495.787584042002,495.7989447500004,495.7989447500004,496.20091266700183,left,1,0.3912257500051055,None,496.2013007080095,496.21291583300626,496.21291583300626,496.39917845799937,496.4069962920039,496.4069962920039,497.2050874580018,497.18932225000754,497.1894067920075,497.18945325000095,None,,,n,"001",2025-11-10_14h02.29.280,2nd exp,,2025.2.0,None,2025-11-10 14h02.29.363548 +0530,
The boy can read fast,The boy can read fast,transposition_related,right,172,12,10,right,1,0.39033204200677574,None,None,10,12,172,2,497.2050874580018,,,,,,,,,497.1998297500104,497.2050874580018,497.4310540830047,497.4475684170029,497.6210924580082,497.63924383300764,497.83233879201,497.83233879201,497.92038716700335,497.9391556670016,497.9391556670016,498.3341128750035,right,1,0.39033204200677574,None,498.33451349999814,498.3461073750077,498.3461073750077,498.5312779579981,498.53831524999987,498.53831524999987,499.33283383300295,499.3161661250051,499.31630387500627,499.31639095800347,None,,,n,"001",2025-11-10_14h02.29.280,2nd exp,,2025.2.0,None,2025-11-10 14h02.29.363548 +0530,
She does not like apples,She like does apples not,transposition_unrelated,left,173,13,10,left,1,0.3493839579896303,None,None,10,13,173,7,499.33283383300295,,,,,,,,,499.32746025000233,499.33283383300295,499.5581717919995,499.57175308300066,499.7513175000058,499.76584333300707,499.95548225000675,499.95548225000675,500.0491816249996,500.0558342919976,500.0558342919976,500.41751829200075,left,1,0.3493839579896303,None,500.41791725000076,500.4295787919982,500.4295787919982,500.61486895800044,500.6221250420058,500.6221250420058,501.4168652500084,501.39972845801094,501.39986150000186,501.3999532080052,None,,,n,"001",2025-11-10_14h02.29.280,2nd exp,,2025.2.0,None,2025-11-10 14h02.29.363548 +0530,
They have finished the work,They finished have the work,repetition_unrelated,left,174,14,10,left,1,0.34268429200164974,None,None,10,14,174,9,501.4168652500084,,,,,,,,,501.4115457919979,501.4168652500084,501.64143875001173,501.6651497499988,501.8356272079982,501.84927258300013,502.03870754200034,502.03870754200034,502.13245012500556,502.1385032500111,502.1385032500111,502.4842115000065,left,1,0.34268429200164974,None,502.4846610000095,502.49642375000985,502.49642375000985,502.6821754170087,502.68961095801205,502.68961095801205,503.4812937920069,503.47295820800355,503.47303866699804,503.47308583300037,None,,,n,"001",2025-11-10_14h02.29.280,2nd exp,,2025.2.0,None,2025-11-10 14h02.29.363548 +0530,
They have finished the work,They finished have the work,transposition_related,right,175,15,10,left,0,0.4623947920044884,None,None,10,15,175,10,503.4812937920069,,,,,,,,,503.4734514169977,503.4812937920069,503.7242412080086,503.7242412080086,503.9203108330112,503.9143738330022,504.10452429200814,504.1222098330036,504.2159735000023,504.2217796670011,504.2217796670011,504.6898400420032,left,0,0.4623947920044884,None,504.6901253750111,504.70126916700974,504.70126916700974,504.8906295830093,504.8975841670035,504.8975841670035,505.68948779199854,505.6739636249986,505.67402841700823,505.6740645420068,None,,,n,"001",2025-11-10_14h02.29.280,2nd exp,,2025.2.0,None,2025-11-10 14h02.29.363548 +0530,
The dog is barking loudly,The dog is barking loudly,repetition_related,right,176,0,11,right,1,0.5500678329990478,None,None,11,0,176,12,505.68948779199854,,,,,,,,,505.683639750001,505.68948779199854,505.92343770799926,505.93142329200055,506.1218685000058,506.1218685000058,506.315846292011,506.32179129200813,506.4159339170001,506.42200733300706,506.42200733300706,506.9839460830117,right,1,0.5500678329990478,None,506.9842381250055,506.99566858301114,506.99566858301114,507.18098366699996,507.18897070801177,507.18897070801177,507.9800869580067,507.96471720800037,507.96484320799937,507.96491308300756,None,,,n,"001",2025-11-10_14h02.29.280,2nd exp,,2025.2.0,None,2025-11-10 14h02.29.363548 +0530,
The boy can read fast,The boy can read fast,transposition_related,right,177,1,11,right,1,0.5278126670018537,None,None,11,1,177,2,507.9800869580067,,,,,,,,,507.9746655830095,507.9800869580067,508.2082243330078,508.22115425000084,508.4037583330064,508.4037583330064,508.59940254200774,508.605984875001,508.69926895800745,508.70620229199994,508.70620229199994,509.2402742080012,right,1,0.5278126670018537,None,509.24055108299945,509.25179545801075,509.25179545801075,509.4409897500009,509.44767933301046,509.44767933301046,510.2490141669987,510.23285445800866,510.2329623330006,510.2330096670048,None,,,n,"001",2025-11-10_14h02.29.280,2nd exp,,2025.2.0,None,2025-11-10 14h02.29.363548 +0530,
They have finished the work,They work the have finished,transposition_unrelated,left,178,2,11,left,1,0.4338353330094833,None,None,11,2,178,11,510.2490141669987,,,,,,,,,510.24362495800597,510.2490141669987,510.4750606250018,510.488729292003,510.67183687500074,510.67183687500074,510.86572695799987,510.8721870419977,510.97221654200985,510.97221654200985,510.97221654200985,511.4173865830089,left,1,0.4338353330094833,None,511.4176762920106,511.4291944580036,511.4291944580036,511.61584291700274,511.62408420800057,511.62408420800057,512.411254125007,512.3994150830113,512.3995168330002,512.3995747080044,None,,,n,"001",2025-11-10_14h02.29.280,2nd exp,,2025.2.0,None,2025-11-10 14h02.29.363548 +0530,
They have finished the work,They finished have the work,repetition_unrelated,left,179,3,11,right,0,0.4316931249923073,None,None,11,3,179,9,512.411254125007,,,,,,,,,512.4057955830067,512.411254125007,512.6414411670121,512.6553956670105,512.8365616670053,512.8491078330117,513.038112417009,513.038112417009,513.1324473749992,513.1391825830069,513.1391825830069,513.5735923330067,right,0,0.4316931249923073,None,513.5738644170051,513.5851741670049,513.5851741670049,513.7748541250039,513.7810807500064,513.7810807500064,514.5805436250084,514.5652834580105,514.5654084580019,514.5654584170115,None,,,n,"001",2025-11-10_14h02.29.280,2nd exp,,2025.2.0,None,2025-11-10 14h02.29.363548 +0530,
She does not like apples,She not does like apples,transposition_related,right,180,4,11,left,0,0.5749659590073861,None,None,11,4,180,6,514.5805436250084,,,,,,,,,514.5750304170069,514.5805436250084,514.8075476250087,514.8208202079986,515.0060342920042,515.0060342920042,515.199072250005,515.2040715420007,515.2990136669978,515.3059209170024,515.3059209170024,515.88481662501,left,0,0.5749659590073861,None,515.8852455000015,515.8968290830089,515.8968290830089,516.0812762080022,516.0880913750007,516.0880913750007,516.8773807500111,516.8649537080055,516.8650659580017,516.8651034580107,None,,,n,"001",2025-11-10_14h02.29.280,2nd exp,,2025.2.0,None,2025-11-10 14h02.29.363548 +0530,
The boy can read fast,The read can boy fast,transposition_unrelated,left,181,5,11,left,1,0.4563591250043828,None,None,11,5,181,3,516.8773807500111,,,,,,,,,516.8719989579986,516.8773807500111,517.1086136250087,517.1236244580068,517.3050595000095,517.3050595000095,517.4992653330119,517.5059360830055,517.599092458011,517.6045185000112,517.6045185000112,518.0674236250052,left,1,0.4563591250043828,None,518.0678199579997,518.0796572079998,518.0796572079998,518.2641835420072,518.270864457998,518.270864457998,519.0626924579992,519.0480600419978,519.0481680420053,519.0482416250015,None,,,n,"001",2025-11-10_14h02.29.280,2nd exp,,2025.2.0,None,2025-11-10 14h02.29.363548 +0530,
The dog is barking loudly,The dog barking is loudly,transposition_related,right,182,6,11,left,0,0.6953895420010667,None,None,11,6,182,14,519.0626924579992,,,,,,,,,519.0572563750029,519.0626924579992,519.2915483329998,519.3051798750093,519.4860749170039,519.4860749170039,519.6826678750076,519.6891031670093,519.7893442080094,519.7893442080094,519.7893442080094,520.4897815830045,left,0,0.6953895420010667,None,520.4900553750049,520.5013271670032,520.5013271670032,520.6917210829997,520.6980336670094,520.6980336670094,521.4954885830084,521.4812465420109,521.4813298330118,521.4813645420072,None,,,n,"001",2025-11-10_14h02.29.280,2nd exp,,2025.2.0,None,2025-11-10 14h02.29.363548 +0530,
She does not like apples,She does not like apples,repetition_related,right,183,7,11,right,1,0.4368588329962222,None,None,11,7,183,4,521.4954885830084,,,,,,,,,521.4902507500083,521.4954885830084,521.7248518749984,521.7386810000025,521.9228570830019,521.9228570830019,522.1159266670002,522.1221042079997,522.2218814580119,522.2218814580119,522.2218814580119,522.667933625009,right,1,0.4368588329962222,None,522.6684629579977,522.6799197920045,522.6799197920045,522.8657379170036,522.8733811670099,522.8733811670099,523.6652055830054,523.6494945830054,523.6495831670036,523.6496534580074,None,,,n,"001",2025-11-10_14h02.29.280,2nd exp,,2025.2.0,None,2025-11-10 14h02.29.363548 +0530,
They have finished the work,They finished have the work,transposition_related,right,184,8,11,left,0,0.4114719579956727,None,None,11,8,184,10,523.6652055830054,,,,,,,,,523.6600709580089,523.6652055830054,523.890374583003,523.9158776670083,524.0887326670054,524.0887326670054,524.2824998750002,524.2888790830038,524.3824105420063,524.3891100000037,524.3891100000037,524.8066378750082,left,0,0.4114719579956727,None,524.8069079999987,524.8182575420069,524.8182575420069,525.0070955420088,525.0142310000083,525.0142310000083,525.8169666670001,525.7996231249999,525.7997582079988,525.7998490830068,None,,,n,"001",2025-11-10_14h02.29.280,2nd exp,,2025.2.0,None,2025-11-10 14h02.29.363548 +0530,
The dog is barking loudly,The loudly is barking dog,repetition_unrelated,left,185,9,11,left,1,0.46662049999576993,None,None,11,9,185,13,525.8169666670001,,,,,,,,,525.8120231250068,525.8169666670001,526.0415868749988,526.0648945830035,526.2362589580007,526.2491692080075,526.439001125007,526.439001125007,526.5323264170001,526.5389602080104,526.5389602080104,527.0171647500101,left,1,0.46662049999576993,None,527.0174491670041,527.0287552500085,527.0287552500085,527.2141915829998,527.2215587920073,527.2215587920073,528.0135623750102,527.9979661250109,527.9980597920076,527.998113624999,None,,,n,"001",2025-11-10_14h02.29.280,2nd exp,,2025.2.0,None,2025-11-10 14h02.29.363548 +0530,
She does not like apples,She not does like apples,repetition_unrelated,left,186,10,11,left,1,0.46818466699915007,None,None,11,10,186,5,528.0135623750102,,,,,,,,,528.0083929170069,528.0135623750102,528.2414929170045,528.2544104580011,528.4377468750026,528.4377468750026,528.6326535000117,528.6390889169998,528.7325558750017,528.7392671249982,528.7392671249982,529.2173299999995,left,1,0.46818466699915007,None,529.2176402500045,529.2287662500021,529.2287662500021,529.4153407920094,529.421861625,529.421861625,530.2151165420073,530.1996916670032,530.1997795830102,530.1998325419991,None,,,n,"001",2025-11-10_14h02.29.280,2nd exp,,2025.2.0,None,2025-11-10 14h02.29.363548 +0530,
The boy can read fast,The boy can read fast,repetition_related,right,187,11,11,right,1,0.5349342090048594,None,None,11,11,187,0,530.2151165420073,,,,,,,,,530.2099189170112,530.2151165420073,530.4413371670089,530.45484437501,530.6386966670107,530.6386966670107,530.8323873330082,530.838133917001,530.9324918330094,530.938591750004,530.938591750004,531.4841545829986,right,1,0.5349342090048594,None,531.4845493750036,531.4964460830088,531.4964460830088,531.6811923750065,531.6891688750038,531.6891688750038,532.4818817080086,532.4654594169988,532.4655937080097,532.4656589580118,None,,,n,"001",2025-11-10_14h02.29.280,2nd exp,,2025.2.0,None,2025-11-10 14h02.29.363548 +0530,
The dog is barking loudly,The barking dog loudly is,transposition_unrelated,left,188,12,11,left,1,0.4251345829979982,None,None,11,12,188,15,532.4818817080086,,,,,,,,,532.4765260420099,532.4818817080086,532.7078376670106,532.7213416669983,532.9013012500072,532.9160442080029,533.1057390420028,533.1057390420028,533.2052844170103,533.2052844170103,533.2052844170103,533.63411954201,left,1,0.4251345829979982,None,533.6345617080078,533.6463736670121,533.6463736670121,533.8308784580004,533.8387222080055,533.8387222080055,534.6295559999999,534.614505333011,534.614577417,534.6146182500088,None,,,n,"001",2025-11-10_14h02.29.280,2nd exp,,2025.2.0,None,2025-11-10 14h02.29.363548 +0530,
She does not like apples,She like does apples not,transposition_unrelated,left,189,13,11,left,1,0.3657410829910077,None,None,11,13,189,7,534.6295559999999,,,,,,,,,534.6244089579995,534.6295559999999,534.8579739580018,534.8716545000061,535.0545408330072,535.0545408330072,535.2494403330056,535.2559161250101,535.355645625008,535.355645625008,535.355645625008,535.7231252920028,left,1,0.3657410829910077,None,535.7234357499983,535.7349660000036,535.7349660000036,535.9249454579985,535.930846083007,535.930846083007,536.7335151250008,536.7163750830077,536.7164935000037,536.7165889580065,None,,,n,"001",2025-11-10_14h02.29.280,2nd exp,,2025.2.0,None,2025-11-10 14h02.29.363548 +0530,
They have finished the work,They have finished the work,repetition_related,right,190,14,11,right,1,0.4914435829996364,None,None,11,14,190,8,536.7335151250008,,,,,,,,,536.7280927500105,536.7335151250008,536.9580894579994,536.9819760420069,537.1518832920119,537.1659812920116,537.3548932080012,537.3548932080012,537.4490595420066,537.4549249170086,537.4549249170086,537.9506193330017,right,1,0.4914435829996364,None,537.9510131670104,537.962606208006,537.962606208006,538.1475860420032,538.1544244170072,538.1544244170072,538.9479323330015,538.9314633330068,538.9315858330083,538.9316531670047,None,,,n,"001",2025-11-10_14h02.29.280,2nd exp,,2025.2.0,None,2025-11-10 14h02.29.363548 +0530,
The boy can read fast,The read can boy fast,repetition_unrelated,left,191,15,11,left,1,0.44877595800790004,None,None,11,15,191,1,538.9479323330015,,,,,,,,,538.9425612500054,538.9479323330015,539.1748540000117,539.1888362919999,539.372537208008,539.372537208008,539.565731499999,539.5714995830058,539.6656427920097,539.6724256250018,539.6724256250018,540.122964167007,left,1,0.44877595800790004,None,540.1233035830082,540.1346854580042,540.1346854580042,540.31481991701,540.3308130830119,540.3308130830119,541.1166671250103,541.0997622499999,541.0998957499978,541.0999864170008,None,,,n,"001",2025-11-10_14h02.29.280,2nd exp,,2025.2.0,None,2025-11-10 14h02.29.363548 +0530,
They have finished the work,They have finished the work,repetition_related,right,192,0,12,right,1,0.6148342079977738,None,None,12,0,192,8,541.1166671250103,,,,,,,,,541.1113035830058,541.1166671250103,541.3414619170071,541.3641364580108,541.5325857499993,541.5390495000029,541.7371443750017,541.7491598330089,541.8394160419994,541.8394160419994,541.8394160419994,542.4659910830087,right,1,0.6148342079977738,None,542.4663285420102,542.4773045420006,542.4773045420006,542.6657231249992,542.6729242080037,542.6729242080037,543.4690134580014,543.4539249170048,543.454010625006,543.4540623330104,None,,,n,"001",2025-11-10_14h02.29.280,2nd exp,,2025.2.0,None,2025-11-10 14h02.29.363548 +0530,
She does not like apples,She not does like apples,repetition_unrelated,left,193,1,12,left,1,0.5389010409999173,None,None,12,1,193,5,543.4690134580014,,,,,,,,,543.4642105000094,543.4690134580014,543.6974805830105,543.7157477080036,543.8858818750014,543.9060624580015,544.1055802080082,544.0990572919982,544.187314499999,544.1991842080024,544.1991842080024,544.739996208009,left,1,0.5389010409999173,None,544.7402700420062,544.7516019169998,544.7516019169998,544.9407283750043,544.9475740830094,544.9475740830094,545.7369140420051,545.731157333008,545.7312340830103,545.731274167003,None,,,n,"001",2025-11-10_14h02.29.280,2nd exp,,2025.2.0,None,2025-11-10 14h02.29.363548 +0530,
She does not like apples,She not does like apples,transposition_related,right,194,2,12,left,0,0.4153872080059955,None,None,12,2,194,6,545.7369140420051,,,,,,,,,545.7316920830053,545.7369140420051,545.9745217500022,545.9808702500013,546.1709152080002,546.1709152080002,546.365823708009,546.3722055830003,546.4659342079976,546.4722357920109,546.4722357920109,546.900800125004,left,0,0.4153872080059955,None,546.901178250002,546.9128077080095,546.9128077080095,547.0976260000025,547.106326417008,547.106326417008,547.8967267080006,547.8815532080043,547.8816929580062,547.8817843750003,None,,,n,"001",2025-11-10_14h02.29.280,2nd exp,,2025.2.0,None,2025-11-10 14h02.29.363548 +0530,
The boy can read fast,The boy can read fast,transposition_related,right,195,3,12,right,1,0.4171355830039829,None,None,12,3,195,2,547.8967267080006,,,,,,,,,547.8913238329988,547.8967267080006,548.1246518749977,548.1386520420056,548.3223018749995,548.3223018749995,548.5214784999989,548.5214784999989,548.6158905420016,548.6228481670114,548.6228481670114,549.0507588330074,right,1,0.4171355830039829,None,549.0511677920003,549.0627131250076,549.0627131250076,549.2481469170016,549.2552245830011,549.2552245830011,550.0424558750092,550.0312739580113,550.0313665830035,550.0314198749984,None,,,n,"001",2025-11-10_14h02.29.280,2nd exp,,2025.2.0,None,2025-11-10 14h02.29.363548 +0530,
The boy can read fast,The read can boy fast,transposition_unrelated,left,196,4,12,left,1,0.7018709580006544,None,None,12,4,196,3,550.0424558750092,,,,,,,,,550.0370619580062,550.0424558750092,550.2746425830119,550.2881836250017,550.4708042920101,550.4708042920101,550.6657422499993,550.6721437079977,550.7658399170032,550.7721228750015,550.7721228750015,551.4837908750051,left,1,0.7018709580006544,None,551.484080417009,551.4952814999997,551.4952814999997,551.6824214170047,551.6906434170087,551.6906434170087,552.4819888330094,552.4658328330115,552.4659850419994,552.4660547920066,None,,,n,"001",2025-11-10_14h02.29.280,2nd exp,,2025.2.0,None,2025-11-10 14h02.29.363548 +0530,
They have finished the work,They finished have the work,transposition_related,right,197,5,12,right,1,0.49514008400728926,None,None,12,5,197,10,552.4819888330094,,,,,,,,,552.4767218750058,552.4819888330094,552.7082620000001,552.721932667002,552.9012044999981,552.9158095000021,553.1051311250048,553.1051311250048,553.1991088330105,553.2058160419983,553.2058160419983,553.7050955830055,right,1,0.49514008400728926,None,553.7054290829983,553.7175561250042,553.7175561250042,553.8977431250096,553.9144334580051,553.9144334580051,554.7013578750048,554.6832120420004,554.6833201670088,554.6833663750003,None,,,n,"001",2025-11-10_14h02.29.280,2nd exp,,2025.2.0,None,2025-11-10 14h02.29.363548 +0530,
The boy can read fast,The read can boy fast,repetition_unrelated,left,198,6,12,left,1,0.4514147080044495,None,None,12,6,198,1,554.7013578750048,,,,,,,,,554.6952810000075,554.7013578750048,554.9249232500006,554.9479468330101,555.118780875011,555.1323364999989,555.3223704580014,555.3223704580014,555.4153993750078,555.4325297920004,555.4325297920004,555.8899546250032,left,1,0.4514147080044495,None,555.8902737919998,555.9016535830015,555.9016535830015,556.091366083012,556.0982257080032,556.0982257080032,556.8902556250105,556.8741619170032,556.8742740419984,556.8743205420033,None,,,n,"001",2025-11-10_14h02.29.280,2nd exp,,2025.2.0,None,2025-11-10 14h02.29.363548 +0530,
She does not like apples,She does not like apples,repetition_related,right,199,7,12,right,1,0.7493203329941025,None,None,12,7,199,4,556.8902556250105,,,,,,,,,556.8848002500017,556.8902556250105,557.1236078330112,557.130898708012,557.3158366670104,557.3225357920019,557.5158480829996,557.5222206670005,557.6160081249982,557.622544124999,557.622544124999,558.3732477919984,right,1,0.7493203329941025,None,558.3735961670027,558.3849773330003,558.3849773330003,558.5747364170093,558.5810153750062,558.5810153750062,559.3804434170015,559.3648180000018,559.3648879170069,559.3649244170083,None,,,n,"001",2025-11-10_14h02.29.280,2nd exp,,2025.2.0,None,2025-11-10 14h02.29.363548 +0530,
They have finished the work,They finished have the work,repetition_unrelated,left,200,8,12,left,1,0.3881477079994511,None,None,12,8,200,9,559.3804434170015,,,,,,,,,559.3749470000039,559.3804434170015,559.6060782080021,559.6211675420054,559.7990971670079,559.8056042079988,560.0050053750019,560.0050053750019,560.0989560419985,560.1057123330102,560.1057123330102,560.501244375002,left,1,0.3881477079994511,None,560.5018030830106,560.5136267920025,560.5136267920025,560.698814000003,560.7052133750112,560.7052133750112,561.5014371249999,561.4896332500066,561.4897190830088,561.4897662920121,None,,,n,"001",2025-11-10_14h02.29.280,2nd exp,,2025.2.0,None,2025-11-10 14h02.29.363548 +0530,
They have finished the work,They work the have finished,transposition_unrelated,left,201,9,12,left,1,0.47939858300378546,None,None,12,9,201,11,561.5014371249999,,,,,,,,,561.4953778750059,561.5014371249999,561.7420281250088,561.7482487500092,561.9364751250105,561.931496707999,562.1204690419981,562.1388730420003,562.2323921250063,562.2323921250063,562.2323921250063,562.7171996250108,left,1,0.47939858300378546,None,562.7174920000107,562.7290417920012,562.7290417920012,562.915590042001,562.9234071250103,562.9234071250103,563.7187601250043,563.7043721670052,563.7044565000106,563.7045069580054,None,,,n,"001",2025-11-10_14h02.29.280,2nd exp,,2025.2.0,None,2025-11-10 14h02.29.363548 +0530,
The dog is barking loudly,The dog is barking loudly,repetition_related,right,202,10,12,right,1,0.4960320829995908,None,None,12,10,202,12,563.7187601250043,,,,,,,,,563.7139962920046,563.7187601250043,563.9490476250066,563.9641924580064,564.1490509170108,564.1490509170108,564.3359600420081,564.354705500009,564.4486893330031,564.4486893330031,564.4486893330031,564.951150000008,right,1,0.4960320829995908,None,564.9517560000095,564.9634457080101,564.9634457080101,565.1474229580053,565.1543884999992,565.1543884999992,565.942966542003,565.9313452920032,565.9314643329999,565.9315503329999,None,,,n,"001",2025-11-10_14h02.29.280,2nd exp,,2025.2.0,None,2025-11-10 14h02.29.363548 +0530,
The dog is barking loudly,The dog barking is loudly,transposition_related,right,203,11,12,right,1,0.5072616669931449,None,None,12,11,203,14,565.942966542003,,,,,,,,,565.9375880830048,565.942966542003,566.1745019170048,566.188077083003,566.3720018330059,566.3720018330059,566.5657279170118,566.5721298749995,566.6716584170063,566.6716584170063,566.6716584170063,567.1846624169993,right,1,0.5072616669931449,None,567.1852555420046,567.1969132080121,567.1969132080121,567.3809207919985,567.3890569170035,567.3890569170035,568.1810753750033,568.1650831250008,568.1652321250003,568.1653021670063,None,,,n,"001",2025-11-10_14h02.29.280,2nd exp,,2025.2.0,None,2025-11-10 14h02.29.363548 +0530,
She does not like apples,She like does apples not,transposition_unrelated,left,204,12,12,left,1,1.706466082992847,None,None,12,12,204,7,568.1810753750033,,,,,,,,,568.17568845801,568.1810753750033,568.4074269170087,568.4225087920058,568.6058725420007,568.6058725420007,568.7991522920056,568.8055495830049,568.8990558330115,568.9040397080098,568.9040397080098,570.6180963750085,left,1,1.706466082992847,None,570.6186326669995,570.630527375004,570.630527375004,570.8157774580031,570.8234126669995,570.8234126669995,571.6155559170002,571.5991714999982,571.5992609579989,571.5993097080063,None,,,n,"001",2025-11-10_14h02.29.280,2nd exp,,2025.2.0,None,2025-11-10 14h02.29.363548 +0530,
The dog is barking loudly,The barking dog loudly is,transposition_unrelated,left,205,13,12,left,1,0.705271625003661,None,None,12,13,205,15,571.6155559170002,,,,,,,,,571.6100672500033,571.6155559170002,571.8412199169979,571.8554894999979,572.0323096670036,572.038966417007,572.2325415000087,572.2391451250005,572.3322327920032,572.3382780000102,572.3382780000102,573.0514839579992,left,1,0.705271625003661,None,573.0521239580121,573.0639517500094,573.0639517500094,573.247523375001,573.2542025000002,573.2542025000002,574.0479127080034,574.0315342500107,574.0317491669994,574.031837417002,None,,,n,"001",2025-11-10_14h02.29.280,2nd exp,,2025.2.0,None,2025-11-10 14h02.29.363548 +0530,
The boy can read fast,The boy can read fast,repetition_related,right,206,14,12,right,1,0.4790652920055436,None,None,12,14,206,0,574.0479127080034,,,,,,,,,574.0426817080006,574.0479127080034,574.2747119580017,574.2882738330081,574.4657334170042,574.4722434170108,574.6655257920065,574.6712366670108,574.7656829580083,574.7724183750106,574.7724183750106,575.2564033329982,right,1,0.4790652920055436,None,575.2566900829988,575.2681801670115,575.2681801670115,575.4568093749986,575.4641081250011,575.4641081250011,576.2654025420052,576.2493997920101,576.2495059580106,576.2495538750081,None,,,n,"001",2025-11-10_14h02.29.280,2nd exp,,2025.2.0,None,2025-11-10 14h02.29.363548 +0530,
The dog is barking loudly,The loudly is barking dog,repetition_unrelated,left,207,15,12,left,1,0.5044990419992246,None,None,12,15,207,13,576.2654025420052,,,,,,,,,576.2601145420049,576.2654025420052,576.4915385420027,576.5050974580081,576.6845552919985,576.6992290000053,576.8887587920035,576.8887587920035,576.9823032920103,576.9889885830053,576.9889885830053,577.5003485000052,left,1,0.5044990419992246,None,577.5006380830018,577.5119005000015,577.5119005000015,577.6988696250046,577.7051650830108,577.7051650830108,578.5031987920083,578.4878580000077,578.4879384579981,578.4879848749988,None,,,n,"001",2025-11-10_14h02.29.280,2nd exp,,2025.2.0,None,2025-11-10 14h02.29.363548 +0530,
The boy can read fast,The read can boy fast,transposition_unrelated,left,208,0,13,left,1,0.5710576249985024,None,None,13,0,208,3,578.5031987920083,,,,,,,,,578.4982513330033,578.5031987920083,578.7323918750044,578.7475777080108,578.9200902080047,578.9388603330008,579.1395167919982,579.1325385829987,579.2206832500087,579.2323020830081,579.2323020830081,579.8067896670109,left,1,0.5710576249985024,None,579.807061917003,579.8183352500055,579.8183352500055,580.0077425000054,580.0142172920023,580.0142172920023,580.8068958750082,580.7907120000018,580.7907956249983,580.7908410000091,None,,,n,"001",2025-11-10_14h02.29.280,2nd exp,,2025.2.0,None,2025-11-10 14h02.29.363548 +0530,
She does not like apples,She not does like apples,repetition_unrelated,left,209,1,13,left,1,0.5880889580002986,None,None,13,1,209,5,580.8068958750082,,,,,,,,,580.8013931669993,580.8068958750082,581.0412404579984,581.0475022500032,581.2383151670074,581.2383151670074,581.4324112920003,581.4388078330085,581.5322558330081,581.5382813750039,581.5382813750039,582.1341400829988,left,1,0.5880889580002986,None,582.1345755420043,582.146181707998,582.146181707998,582.3321736670041,582.340426625,582.340426625,583.132126542012,583.1159462500073,583.1160346250108,583.1161062500032,None,,,n,"001",2025-11-10_14h02.29.280,2nd exp,,2025.2.0,None,2025-11-10 14h02.29.363548 +0530,
They have finished the work,They work the have finished,transposition_unrelated,left,210,2,13,left,1,0.4351270830084104,None,None,13,2,210,11,583.132126542012,,,,,,,,,583.1268272080051,583.132126542012,583.358051083007,583.3715437920036,583.551121542012,583.5656804169994,583.7540807500045,583.7540807500045,583.84901825001,583.8550221670012,583.8550221670012,584.3011724170065,left,1,0.4351270830084104,None,584.3017850000033,584.3133844580007,584.3133844580007,584.4989194580121,584.506954542012,584.506954542012,585.3056114170031,585.2884615830117,585.288544916999,585.2885908750031,None,,,n,"001",2025-11-10_14h02.29.280,2nd exp,,2025.2.0,None,2025-11-10 14h02.29.363548 +0530,
The dog is barking loudly,The loudly is barking dog,repetition_unrelated,left,211,3,13,left,1,0.5838946669973666,None,None,13,3,211,13,585.3056114170031,,,,,,,,,585.3006668750022,585.3056114170031,585.531882292009,585.5487648749986,585.7197388750064,585.738904124999,585.9323375000095,585.9323375000095,586.0200508749986,586.0392815420055,586.0392815420055,586.6337569169991,left,1,0.5838946669973666,None,586.6340313330002,586.6453106670087,586.6453106670087,586.8314663750061,586.8389832920075,586.8389832920075,587.6297552920005,587.6144632920041,587.6145355830085,587.6146250830061,None,,,n,"001",2025-11-10_14h02.29.280,2nd exp,,2025.2.0,None,2025-11-10 14h02.29.363548 +0530,
She does not like apples,She like does apples not,transposition_unrelated,left,212,4,13,left,1,0.5245046670024749,None,None,13,4,212,7,587.6297552920005,,,,,,,,,587.6246134579997,587.6297552920005,587.8570294579986,587.8709698330058,588.0557282080117,588.0557282080117,588.248977167008,588.2544289170037,588.3491745830106,588.355618542002,588.355618542002,588.8838914580119,left,1,0.5245046670024749,None,588.8842779580009,588.8958388750034,588.8958388750034,589.0808857920056,589.0874199170066,589.0874199170066,589.8832165000058,589.866281458002,589.8664192920114,589.8665080420033,None,,,n,"001",2025-11-10_14h02.29.280,2nd exp,,2025.2.0,None,2025-11-10 14h02.29.363548 +0530,
They have finished the work,They have finished the work,repetition_related,right,213,5,13,right,1,0.70967179100262,None,None,13,5,213,8,589.8832165000058,,,,,,,,,589.8779823330115,589.8832165000058,590.1081495000108,590.1313281670009,590.3011377920047,590.3157748329977,590.5057005420094,590.5057005420094,590.5989948750066,590.6054920000024,590.6054920000024,591.3177621670038,right,1,0.70967179100262,None,591.318355542011,591.3298690829979,591.3298690829979,591.515509875011,591.521809583006,591.521809583006,592.3157564580033,592.2994988330029,592.2995965000009,592.2996438749979,None,,,n,"001",2025-11-10_14h02.29.280,2nd exp,,2025.2.0,None,2025-11-10 14h02.29.363548 +0530,
The boy can read fast,The boy can read fast,transposition_related,right,214,6,13,right,1,0.47631737499614246,None,None,13,6,214,2,592.3157564580033,,,,,,,,,592.3102756669978,592.3157564580033,592.5414211669995,592.55692141701,592.7363423330098,592.7491828750062,592.9389690000098,592.9389690000098,593.032321125007,593.0388720420015,593.0388720420015,593.5180204580101,right,1,0.47631737499614246,None,593.518639957998,593.530321541999,593.530321541999,593.7157880419982,593.7235633329983,593.7235633329983,594.5160120420041,594.4995758330042,594.4997378330008,594.4998068330024,None,,,n,"001",2025-11-10_14h02.29.280,2nd exp,,2025.2.0,None,2025-11-10 14h02.29.363548 +0530,
The dog is barking loudly,The dog barking is loudly,transposition_related,right,215,7,13,left,0,0.7455694169912022,None,None,13,7,215,14,594.5160120420041,,,,,,,,,594.5106297080056,594.5160120420041,594.7410265830113,594.765556667,594.9353722079977,594.9490610000066,595.1387333750026,595.1387333750026,595.2324737080053,595.2394391670096,595.2394391670096,595.9900055420003,left,0,0.7455694169912022,None,595.9902974580036,596.0016431250115,596.0016431250115,596.1911612500116,596.1976836250105,596.1976836250105,596.9895208750095,596.973943792007,596.9740523750079,596.9740995419997,None,,,n,"001",2025-11-10_14h02.29.280,2nd exp,,2025.2.0,None,2025-11-10 14h02.29.363548 +0530,
She does not like apples,She not does like apples,transposition_related,right,216,8,13,left,0,0.9107968750031432,None,None,13,8,216,6,596.9895208750095,,,,,,,,,596.9842077920039,596.9895208750095,597.2237014170096,597.2307415420073,597.4219085000077,597.4219085000077,597.6156733750104,597.62207308301,597.7157683330006,597.7220955000084,597.7220955000084,598.6393477079982,left,0,0.9107968750031432,None,598.639620957998,598.6510370000033,598.6510370000033,598.8405057920027,598.847521750009,598.847521750009,599.6403410000057,599.6236182499997,599.6237177500007,599.6237705420062,None,,,n,"001",2025-11-10_14h02.29.280,2nd exp,,2025.2.0,None,2025-11-10 14h02.29.363548 +0530,
The boy can read fast,The boy can read fast,repetition_related,right,217,9,13,right,1,0.5487475420086412,None,None,13,9,217,0,599.6403410000057,,,,,,,,,599.6347361250082,599.6403410000057,599.874854624999,599.8812043750077,600.0642689579981,600.0642689579981,600.2530057080003,600.2721298329998,600.3651450420002,600.3721423329989,600.3721423329989,600.9234167500108,right,1,0.5487475420086412,None,600.9236882080004,600.934914042009,600.934914042009,601.1239517920039,601.1307227080106,601.1307227080106,601.9284034169978,601.9163022920111,601.916417417,601.9164887920051,None,,,n,"001",2025-11-10_14h02.29.280,2nd exp,,2025.2.0,None,2025-11-10 14h02.29.363548 +0530,
The boy can read fast,The read can boy fast,repetition_unrelated,left,218,10,13,left,1,0.6009842500061495,None,None,13,10,218,1,601.9284034169978,,,,,,,,,601.922528916999,601.9284034169978,602.1581956669979,602.1717934580083,602.352160792012,602.365878083001,602.5554919580027,602.5554919580027,602.6547478749999,602.6547478749999,602.6547478749999,603.2673256670096,left,1,0.6009842500061495,None,603.267717833005,603.280836417005,603.280836417005,603.4654161670042,603.4719122500101,603.4719122500101,604.2655081670091,604.2495747080102,604.2497124580113,604.2497777079989,None,,,n,"001",2025-11-10_14h02.29.280,2nd exp,,2025.2.0,None,2025-11-10 14h02.29.363548 +0530,
They have finished the work,They finished have the work,repetition_unrelated,left,219,11,13,left,1,0.7556250000052387,None,None,13,11,219,9,604.2655081670091,,,,,,,,,604.2601629580022,604.2655081670091,604.4911429580097,604.5049034170079,604.6848779580032,604.6990292499977,604.8888439580041,604.8888439580041,604.9881394580007,604.9881394580007,604.9881394580007,605.750427542007,left,1,0.7556250000052387,None,605.750701500001,605.7621083749982,605.7621083749982,605.9489705419983,605.9567172920069,605.9567172920069,606.7541559579986,606.7390255420032,606.7391135420039,606.7391657080007,None,,,n,"001",2025-11-10_14h02.29.280,2nd exp,,2025.2.0,None,2025-11-10 14h02.29.363548 +0530,
The dog is barking loudly,The dog is barking loudly,repetition_related,right,220,12,13,right,1,1.9423319170018658,None,None,13,12,220,12,606.7541559579986,,,,,,,,,606.748942582999,606.7541559579986,606.9809721250058,606.9978676669998,607.1699393750023,607.1890855420061,607.3880927499995,607.3880927499995,607.4822783749987,607.4822783749987,607.4822783749987,609.4343168330088,right,1,1.9423319170018658,None,609.4346610830107,609.44614941701,609.44614941701,609.6318832079996,609.6386691250082,609.6386691250082,610.4345743750018,610.4203907920019,610.4204807080096,610.4205160420097,None,,,n,"001",2025-11-10_14h02.29.280,2nd exp,,2025.2.0,None,2025-11-10 14h02.29.363548 +0530,
She does not like apples,She does not like apples,repetition_related,right,221,13,13,right,1,0.5021248749981169,None,None,13,13,221,4,610.4345743750018,,,,,,,,,610.4292610420089,610.4345743750018,610.6642994170106,610.6823402080045,610.8514520830067,610.8723431670078,611.0721935830079,611.065771833004,611.1536339169979,611.1654974170087,611.1654974170087,611.6730834580085,right,1,0.5021248749981169,None,611.6733680420002,611.6845790420048,611.6845790420048,611.8745697920094,611.8809582500107,611.8809582500107,612.6828875830106,612.6661098330078,612.6662145000009,612.6662991670019,None,,,n,"001",2025-11-10_14h02.29.280,2nd exp,,2025.2.0,None,2025-11-10 14h02.29.363548 +0530,
The dog is barking loudly,The barking dog loudly is,transposition_unrelated,left,222,14,13,left,1,0.5396806669887155,None,None,13,14,222,15,612.6828875830106,,,,,,,,,612.6774987500103,612.6828875830106,612.9080938330007,612.9312673750101,613.1011040000012,613.1158312500047,613.3054477500118,613.3054477500118,613.3989094580029,613.4058512920019,613.4058512920019,613.950431958001,left,1,0.5396806669887155,None,613.950816083001,613.9622935830121,613.9622935830121,614.1474318330002,614.1549815830076,614.1549815830076,614.9467000000004,614.9311157500051,614.9312087080034,614.9312598329998,None,,,n,"001",2025-11-10_14h02.29.280,2nd exp,,2025.2.0,None,2025-11-10 14h02.29.363548 +0530,
They have finished the work,They finished have the work,transposition_related,right,223,15,13,left,0,0.6949787079938687,None,None,13,15,223,10,614.9467000000004,,,,,,,,,614.9415955000004,614.9467000000004,615.1743134580029,615.1887606670061,615.3656483750092,615.3724115830119,615.5657071250025,615.5721511250013,615.665829000005,615.6725159580092,615.6725159580092,616.3732460000028,left,0,0.6949787079938687,None,616.3735156250041,616.3849787080107,616.3849787080107,616.574769083003,616.5807741669996,616.5807741669996,617.3773105,617.3659460420022,617.3660476670048,617.3660964580049,None,,,n,"001",2025-11-10_14h02.29.280,2nd exp,,2025.2.0,None,2025-11-10 14h02.29.363548 +0530,
They have finished the work,They have finished the work,repetition_related,right,224,0,14,right,1,0.9616475839866325,None,None,14,0,224,8,617.3773105,,,,,,,,,617.3719410000049,617.3773105,617.6071524170111,617.6205518750066,617.8051914170064,617.8051914170064,617.9989972080075,618.004620208012,618.1021198750095,618.1147581250116,618.1147581250116,619.0840525420062,right,1,0.9616475839866325,None,619.0844564170111,619.0964399170043,619.0964399170043,619.2814488330041,619.2900377500046,619.2900377500046,620.0796515000111,620.0649351669999,620.0650370420044,620.065078167012,None,,,n,"001",2025-11-10_14h02.29.280,2nd exp,,2025.2.0,None,2025-11-10 14h02.29.363548 +0530,
She does not like apples,She like does apples not,transposition_unrelated,left,225,1,14,left,1,0.4733614580036374,None,None,14,1,225,7,620.0796515000111,,,,,,,,,620.074329916999,620.0796515000111,620.3078327080002,620.3221675420064,620.5053950000001,620.5053950000001,620.6991200420016,620.7052819579985,620.7989547920006,620.805077750003,620.805077750003,621.2845360830106,left,1,0.4733614580036374,None,621.2851014580083,621.2969328330073,621.2969328330073,621.4807847500051,621.4877277920023,621.4877277920023,622.2784992079978,622.2663082500076,622.2664182500012,622.2664848749992,None,,,n,"001",2025-11-10_14h02.29.280,2nd exp,,2025.2.0,None,2025-11-10 14h02.29.363548 +0530,
She does not like apples,She does not like apples,repetition_related,right,226,2,14,right,1,0.3874210419890005,None,None,14,2,226,4,622.2784992079978,,,,,,,,,622.2731612080097,622.2784992079978,622.5080257080117,622.5215585000115,622.6987941250118,622.7156424170098,622.9048708330083,622.9048708330083,622.9991098750033,623.0059367500071,623.0059367500071,623.4011117500049,right,1,0.3874210419890005,None,623.4016797920049,623.4136406250036,623.4136406250036,623.5988491669996,623.6064647500025,623.6064647500025,624.4026250419993,624.3881810830062,624.3882678330119,624.3883165000007,None,,,n,"001",2025-11-10_14h02.29.280,2nd exp,,2025.2.0,None,2025-11-10 14h02.29.363548 +0530,
The boy can read fast,The boy can read fast,repetition_related,right,227,3,14,right,1,0.43916349999199156,None,None,14,3,227,0,624.4026250419993,,,,,,,,,624.3978094580089,624.4026250419993,624.632221250009,624.6474785830069,624.8322301669978,624.8322301669978,625.0209513330046,625.0322455830028,625.1192431250092,625.138175583008,625.138175583008,625.5838385420066,right,1,0.43916349999199156,None,625.5842396250082,625.5958475420048,625.5958475420048,625.7808044999983,625.7870610420068,625.7870610420068,626.5820260420005,626.5659991670109,626.5661164580088,626.5662048329978,None,,,n,"001",2025-11-10_14h02.29.280,2nd exp,,2025.2.0,None,2025-11-10 14h02.29.363548 +0530,
The dog is barking loudly,The barking dog loudly is,transposition_unrelated,left,228,4,14,left,1,2.1746410409978125,None,None,14,4,228,15,626.5820260420005,,,,,,,,,626.5768774580065,626.5820260420005,626.8081391250016,626.8312689580052,627.0033250420092,627.015591000003,627.2054965420102,627.2054965420102,627.2989755830058,627.3054761250096,627.3054761250096,629.4837797920045,left,1,2.1746410409978125,None,629.4841642500105,629.4958216250088,629.4958216250088,629.6814874170086,629.689790458011,629.689790458011,630.4823473750002,630.4660697080108,630.466198042006,630.4662654999993,None,,,n,"001",2025-11-10_14h02.29.280,2nd exp,,2025.2.0,None,2025-11-10 14h02.29.363548 +0530,
The boy can read fast,The read can boy fast,transposition_unrelated,left,229,5,14,left,1,0.562395083004958,None,None,14,5,229,3,630.4823473750002,,,,,,,,,630.4771688330075,630.4823473750002,630.7077450420038,630.7325114580017,630.9056386250013,630.9056386250013,631.1055170830077,631.1055170830077,631.2057318750012,631.2057318750012,631.2057318750012,631.7729181250033,left,1,0.562395083004958,None,631.7732625830104,631.7847767500061,631.7847767500061,631.9747824580118,631.9810539169994,631.9810539169994,632.7813982080115,632.7648381670006,632.7649867080036,632.7650445000036,None,,,n,"001",2025-11-10_14h02.29.280,2nd exp,,2025.2.0,None,2025-11-10 14h02.29.363548 +0530,
They have finished the work,They finished have the work,repetition_unrelated,left,230,6,14,left,1,0.6672740000067279,None,None,14,6,230,9,632.7813982080115,,,,,,,,,632.7760177080054,632.7813982080115,633.0072758330061,633.0207073750062,633.198984667004,633.2057065420086,633.4053810830083,633.4053810830083,633.4989749170054,633.5058238750062,633.5058238750062,634.1840943330026,left,1,0.6672740000067279,None,634.184531625011,634.1965628330072,634.1965628330072,634.381680208011,634.3888632919989,634.3888632919989,635.1807061670115,635.1646040420019,635.1646983329993,635.1647630830121,None,,,n,"001",2025-11-10_14h02.29.280,2nd exp,,2025.2.0,None,2025-11-10 14h02.29.363548 +0530,
The boy can read fast,The boy can read fast,transposition_related,right,231,7,14,right,1,1.5605866669939132,None,None,14,7,231,2,635.1807061670115,,,,,,,,,635.175176292003,635.1807061670115,635.4078880000015,635.4212213749997,635.5987710000045,635.6046155420045,635.7990492920071,635.8054622500058,635.8989175830066,635.9053937920107,635.9053937920107,637.4725860000035,right,1,1.5605866669939132,None,637.4728647919983,637.4847335000086,637.4847335000086,637.663967542001,637.6810204170033,637.6810204170033,638.4657772920036,638.4493160830025,638.4494194580038,638.449470083011,None,,,n,"001",2025-11-10_14h02.29.280,2nd exp,,2025.2.0,None,2025-11-10 14h02.29.363548 +0530,
The dog is barking loudly,The dog is barking loudly,repetition_related,right,232,8,14,right,1,2.1857948750111973,None,None,14,8,232,12,638.4657772920036,,,,,,,,,638.4602667080035,638.4657772920036,638.6910478750069,638.7147241670027,638.8889330420061,638.8889330420061,639.0822500420036,639.0888182920025,639.1890922080056,639.1890922080056,639.1890922080056,641.3843414580042,right,1,2.1857948750111973,None,641.3849407500093,641.3968592919991,641.3968592919991,641.5811412500043,641.5879159580072,641.5879159580072,642.3829979580041,642.3660939170077,642.3662306670012,642.3663012920006,None,,,n,"001",2025-11-10_14h02.29.280,2nd exp,,2025.2.0,None,2025-11-10 14h02.29.363548 +0530,
She does not like apples,She not does like apples,transposition_related,right,233,9,14,left,0,0.5100312919967109,None,None,14,9,233,6,642.3829979580041,,,,,,,,,642.3777874580119,642.3829979580041,642.6080890000012,642.631258458001,642.8025553330081,642.815571375002,643.0055570830009,643.0055570830009,643.0989746249979,643.1057435830007,643.1057435830007,643.6228227079991,left,0,0.5100312919967109,None,643.6232747080066,643.6348092080007,643.6348092080007,643.8232215419994,643.8306604579993,643.8306604579993,644.6230384579976,644.6071989170014,644.6072802920098,644.6073277920077,None,,,n,"001",2025-11-10_14h02.29.280,2nd exp,,2025.2.0,None,2025-11-10 14h02.29.363548 +0530,
They have finished the work,They work the have finished,transposition_unrelated,left,234,10,14,left,1,0.6443950829998357,None,None,14,10,234,11,644.6230384579976,,,,,,,,,644.6177642500115,644.6230384579976,644.8580433330062,644.8638840000058,645.0531692500081,645.0531692500081,645.2489681250008,645.2555813750078,645.3490957500035,645.3553361670056,645.3553361670056,646.0066286670044,left,1,0.6443950829998357,None,646.0069032080064,646.0181866670027,646.0181866670027,646.207957999999,646.2142577080085,646.2142577080085,647.0154026250093,646.9984703750088,646.9986303750047,646.9987034170044,None,,,n,"001",2025-11-10_14h02.29.280,2nd exp,,2025.2.0,None,2025-11-10 14h02.29.363548 +0530,
The dog is barking loudly,The dog barking is loudly,transposition_related,right,235,11,14,right,1,0.5282531670090975,None,None,14,11,235,14,647.0154026250093,,,,,,,,,647.0101294170017,647.0154026250093,647.2400723330065,647.2655836670019,647.4381620420027,647.4381620420027,647.6322087500012,647.6385714580101,647.7325294580078,647.7394782920019,647.7394782920019,648.2730766669993,right,1,0.5282531670090975,None,648.2733564580121,648.2848685830104,648.2848685830104,648.4737515830057,648.4807827080076,648.4807827080076,649.2772465000016,649.2650790000043,649.2652140420105,649.2652833750035,None,,,n,"001",2025-11-10_14h02.29.280,2nd exp,,2025.2.0,None,2025-11-10 14h02.29.363548 +0530,
The dog is barking loudly,The loudly is barking dog,repetition_unrelated,left,236,12,14,left,1,1.4137277499976335,None,None,14,12,236,13,649.2772465000016,,,,,,,,,649.271855583007,649.2772465000016,649.5073157919978,649.5212155420013,649.6989238750102,649.705300792004,649.8988082080032,649.9044983330095,649.9989780830074,650.0058733330079,650.0058733330079,651.4221698750043,left,1,1.4137277499976335,None,651.4224453330098,651.4342995420011,651.4342995420011,651.624507792003,651.6308793750068,651.6308793750068,652.4310496250109,652.415689292,652.4157794170023,652.4158280420088,None,,,n,"001",2025-11-10_14h02.29.280,2nd exp,,2025.2.0,None,2025-11-10 14h02.29.363548 +0530,
She does not like apples,She not does like apples,repetition_unrelated,left,237,13,14,left,1,0.608469332990353,None,None,14,13,237,5,652.4310496250109,,,,,,,,,652.425695708007,652.4310496250109,652.657799958004,652.6712483330048,652.8539738750114,652.8539738750114,653.0488753329992,653.0552789580106,653.1541171249992,653.1541171249992,653.1541171249992,653.7676404579979,left,1,0.608469332990353,None,653.7682199999981,653.7802261670004,653.7802261670004,653.9638616250013,653.9702655420115,653.9702655420115,654.7622470830102,654.7476882080082,654.747780250007,654.7478305420082,None,,,n,"001",2025-11-10_14h02.29.280,2nd exp,,2025.2.0,None,2025-11-10 14h02.29.363548 +0530,
The boy can read fast,The read can boy fast,repetition_unrelated,left,238,14,14,left,1,0.6275705000007292,None,None,14,14,238,1,654.7622470830102,,,,,,,,,654.7569868330029,654.7622470830102,654.9911347080051,655.0046245830017,655.1860235420027,655.1860235420027,655.3822291670076,655.3888727080048,655.4879504580022,655.4879504580022,655.4879504580022,656.1180281249981,left,1,0.6275705000007292,None,656.1184285000054,656.1297232500074,656.1297232500074,656.3140667080006,656.3208738750109,656.3208738750109,657.1158793330105,657.0994394580048,657.0995734580065,657.0996390420041,None,,,n,"001",2025-11-10_14h02.29.280,2nd exp,,2025.2.0,None,2025-11-10 14h02.29.363548 +0530,
They have finished the work,They finished have the work,transposition_related,right,239,15,14,left,0,0.5375522500107763,None,None,14,15,239,10,657.1158793330105,,,,,,,,,657.1104543750116,657.1158793330105,657.3394870830089,657.3656194170035,657.5382582080056,657.5382582080056,657.7322260420042,657.7386232080025,657.8323130420031,657.8389886250079,657.8389886250079,658.3838016250083,left,0,0.5375522500107763,None,658.3841853330086,658.3959400000022,658.3959400000022,658.5806336250098,658.5889887920057,658.5889887920057,659.3827415420092,659.3662830000103,659.3664546250075,659.3665286250034,None,,,n,"001",2025-11-10_14h02.29.280,2nd exp,,2025.2.0,None,2025-11-10 14h02.29.363548 +0530,
She does not like apples,She does not like apples,repetition_related,right,240,0,15,right,1,0.8830750419874676,None,None,15,0,240,4,659.3827415420092,,,,,,,,,659.3774247920082,659.3827415420092,659.6156445420056,659.6238963750075,659.81549275,659.81549275,660.0036682080099,660.0157167500001,660.1030279999977,660.1154729170084,660.1154729170084,661.0008975000092,right,1,0.8830750419874676,None,661.0012920000008,661.0125302500091,661.0125302500091,661.1987163750018,661.2060524999979,661.2060524999979,661.9988073330023,661.9825857500109,661.9826698750112,661.9827425830008,None,,,n,"001",2025-11-10_14h02.29.280,2nd exp,,2025.2.0,None,2025-11-10 14h02.29.363548 +0530,
The dog is barking loudly,The dog barking is loudly,transposition_related,right,241,1,15,left,0,0.4466612499963958,None,None,15,1,241,14,661.9988073330023,,,,,,,,,661.9934861250076,661.9988073330023,662.2235560830013,662.2487553750107,662.4201566249976,662.4323719170061,662.6217345000041,662.6217345000041,662.7207342500042,662.7207342500042,662.7207342500042,663.173179999998,left,0,0.4466612499963958,None,663.1734608750121,663.1847594999999,663.1847594999999,663.3731741670053,663.3805227499979,663.3805227499979,664.1716842080059,664.1560355420079,664.156125708003,664.1561747920059,None,,,n,"001",2025-11-10_14h02.29.280,2nd exp,,2025.2.0,None,2025-11-10 14h02.29.363548 +0530,
They have finished the work,They have finished the work,repetition_related,right,242,2,15,right,1,1.2566685419878922,None,None,15,2,242,8,664.1716842080059,,,,,,,,,664.1664982500079,664.1716842080059,664.4071472500073,664.414046750011,664.6020306670107,664.5975210420002,664.7872648750053,664.8053361670027,664.8988076250098,664.8988076250098,664.8988076250098,666.16686737501,right,1,1.2566685419878922,None,666.1671375420119,666.1782930000045,666.1782930000045,666.3654572500091,666.3735291670018,666.3735291670018,667.1695784170006,667.1551013749995,667.1552015000052,667.1552527919994,None,,,n,"001",2025-11-10_14h02.29.280,2nd exp,,2025.2.0,None,2025-11-10 14h02.29.363548 +0530,
The boy can read fast,The read can boy fast,repetition_unrelated,left,243,3,15,left,1,0.4344669590063859,None,None,15,3,243,1,667.1695784170006,,,,,,,,,667.1650275830034,667.1695784170006,667.3980507500091,667.4140840830078,667.5875421670062,667.6057740000106,667.8049514169979,667.7988988750003,667.8873122920049,667.9056699580105,667.9056699580105,668.3505431250087,left,1,0.4344669590063859,None,668.3508362080029,668.3617037080112,668.3617037080112,668.5486246670043,668.5562391249987,668.5562391249987,669.3486436670064,669.332406875008,669.3324949579983,669.3325425420044,None,,,n,"001",2025-11-10_14h02.29.280,2nd exp,,2025.2.0,None,2025-11-10 14h02.29.363548 +0530,
She does not like apples,She not does like apples,repetition_unrelated,left,244,4,15,left,1,0.7030139169946779,None,None,15,4,244,5,669.3486436670064,,,,,,,,,669.3432635830104,669.3486436670064,669.5745038750028,669.5879729580047,669.768854000009,669.7822200829978,669.9717232500116,669.9717232500116,670.0654977080121,670.0721334170084,670.0721334170084,670.7842806670087,left,1,0.7030139169946779,None,670.7848010830057,670.7963039580063,670.7963039580063,670.9810462080059,670.9896372080111,670.9896372080111,671.7806558750017,671.7655254999991,671.7656130830001,671.7656601670024,None,,,n,"001",2025-11-10_14h02.29.280,2nd exp,,2025.2.0,None,2025-11-10 14h02.29.363548 +0530,
The boy can read fast,The boy can read fast,transposition_related,right,245,5,15,right,1,0.8512999169906834,None,None,15,5,245,2,671.7806558750017,,,,,,,,,671.7754036250117,671.7806558750017,672.0072629170027,672.0227692500048,672.1988230420102,672.205532500011,672.39907137501,672.4054738330015,672.5047831249976,672.5047831249976,672.5047831249976,673.3677006250073,right,1,0.8512999169906834,None,673.3681901670061,673.3794540420058,673.3794540420058,673.5638548330026,673.5701602920017,673.5701602920017,674.3653404170036,674.3490770000062,674.3491609170014,674.349236916998,None,,,n,"001",2025-11-10_14h02.29.280,2nd exp,,2025.2.0,None,2025-11-10 14h02.29.363548 +0530,
She does not like apples,She like does apples not,transposition_unrelated,left,246,6,15,left,1,0.6468392919923645,None,None,15,6,246,7,674.3653404170036,,,,,,,,,674.3600087079976,674.3653404170036,674.5903150000086,674.6142949580099,674.7882494170044,674.7882494170044,674.9877605830115,674.9877605830115,675.0821495420096,675.088213791998,675.088213791998,675.7390280830004,left,1,0.6468392919923645,None,675.7393004170008,675.7509756670042,675.7509756670042,675.9306378750043,675.948675083011,675.948675083011,676.7318524580041,676.7158784580097,676.7159919170081,676.7160390830104,None,,,n,"001",2025-11-10_14h02.29.280,2nd exp,,2025.2.0,None,2025-11-10 14h02.29.363548 +0530,
The dog is barking loudly,The loudly is barking dog,repetition_unrelated,left,247,7,15,left,1,0.6194924160081428,None,None,15,7,247,13,676.7318524580041,,,,,,,,,676.7265715420072,676.7318524580041,676.957604167008,676.9711460000108,677.1532337920071,677.1654517080024,677.3546238749987,677.3546238749987,677.4554770000104,677.4554770000104,677.4554770000104,678.0836579169991,left,1,0.6194924160081428,None,678.0839574999991,678.0949120830046,678.0949120830046,678.2817194170057,678.2894750420091,678.2894750420091,679.0802467920003,679.064838708,679.0649263750092,679.0649662500073,None,,,n,"001",2025-11-10_14h02.29.280,2nd exp,,2025.2.0,None,2025-11-10 14h02.29.363548 +0530,
They have finished the work,They finished have the work,transposition_related,right,248,8,15,left,0,0.6524567499873228,None,None,15,8,248,10,679.0802467920003,,,,,,,,,679.0750768750004,679.0802467920003,679.307904250003,679.3214055420103,679.5050798750017,679.5050798750017,679.6987893330079,679.7045155000087,679.7989175000112,679.8055743330042,679.8055743330042,680.4671840000083,left,0,0.6524567499873228,None,680.4675711669988,680.4788441670098,680.4788441670098,680.664246166998,680.6705895420018,680.6705895420018,681.4643327080121,681.4477670830092,681.4478789580025,681.4479491250095,None,,,n,"001",2025-11-10_14h02.29.280,2nd exp,,2025.2.0,None,2025-11-10 14h02.29.363548 +0530,
The dog is barking loudly,The barking dog loudly is,transposition_unrelated,left,249,9,15,left,1,0.6421211250126362,None,None,15,9,249,15,681.4643327080121,,,,,,,,,681.4591198330018,681.4643327080121,681.6911041249987,681.7046127080102,681.8878341250092,681.8878341250092,682.0823039579991,682.0876354170032,682.1858035830082,682.1858035830082,682.1858035830082,682.834033667008,left,1,0.6421211250126362,None,682.8344739169988,682.8473312499991,682.8473312499991,683.0318192499981,683.0400767079991,683.0400767079991,683.8328692080104,683.8149589579989,683.8150964579982,683.8151486670104,None,,,n,"001",2025-11-10_14h02.29.280,2nd exp,,2025.2.0,None,2025-11-10 14h02.29.363548 +0530,
She does not like apples,She not does like apples,transposition_related,right,250,10,15,left,0,0.6126593749941094,None,None,15,10,250,6,683.8328692080104,,,,,,,,,683.8275062920002,683.8328692080104,684.0566170420061,684.082231583001,684.2555409580091,684.2555409580091,684.4487792920117,684.4545864170068,684.5488555000047,684.5552183330001,684.5552183330001,685.1728203750099,left,0,0.6126593749941094,None,685.1730900000111,685.1845226670121,685.1845226670121,685.3743760420039,685.3807744580117,685.3807744580117,686.1731022500026,686.157147875012,686.1572278329986,686.1572748750041,None,,,n,"001",2025-11-10_14h02.29.280,2nd exp,,2025.2.0,None,2025-11-10 14h02.29.363548 +0530,
The boy can read fast,The boy can read fast,repetition_related,right,251,11,15,right,1,0.975275042001158,None,None,15,11,251,0,686.1731022500026,,,,,,,,,686.1675151250092,686.1731022500026,686.4080907080061,686.4144307079987,686.6025817080081,686.5979335000011,686.7871116250026,686.8053994170041,686.898924417008,686.905568333008,686.905568333008,687.8844095420063,right,1,0.975275042001158,None,687.884996000008,687.8967172920093,687.8967172920093,688.0806650000013,688.0875164169993,688.0875164169993,688.8817382920097,688.8650113750045,688.865160625006,688.8652339580003,None,,,n,"001",2025-11-10_14h02.29.280,2nd exp,,2025.2.0,None,2025-11-10 14h02.29.363548 +0530,
They have finished the work,They work the have finished,transposition_unrelated,left,252,12,15,left,1,0.48858274999656714,None,None,15,12,252,11,688.8817382920097,,,,,,,,,688.8764669579978,688.8817382920097,689.1080692079995,689.1207719579979,689.3049495000014,689.3049495000014,689.498868833005,689.5053459170013,689.5987447920052,689.6053183750046,689.6053183750046,690.1005807500042,left,1,0.48858274999656714,None,690.1009742080059,690.1122884170036,690.1122884170036,690.2988111250015,690.3063497080002,690.3063497080002,691.1044546670018,691.0893123749993,691.0893969580065,691.0894442080025,None,,,n,"001",2025-11-10_14h02.29.280,2nd exp,,2025.2.0,None,2025-11-10 14h02.29.363548 +0530,
The boy can read fast,The read can boy fast,transposition_unrelated,left,253,13,15,left,1,0.8085896669945214,None,None,15,13,253,3,691.1044546670018,,,,,,,,,691.099305249998,691.1044546670018,691.3413272920006,691.34752041701,691.5388678750023,691.5388678750023,691.7321781250066,691.7385493330075,691.8320545419992,691.8381158330012,691.8381158330012,692.6511107080005,left,1,0.8085896669945214,None,692.6515976250084,692.6632650000101,692.6632650000101,692.8472661670094,692.8535331669991,692.8535331669991,693.647811917006,693.6312255000084,693.6313417920028,693.6314714170003,None,,,n,"001",2025-11-10_14h02.29.280,2nd exp,,2025.2.0,None,2025-11-10 14h02.29.363548 +0530,
They have finished the work,They finished have the work,repetition_unrelated,left,254,14,15,left,1,0.5312343749974389,None,None,15,14,254,9,693.647811917006,,,,,,,,,693.642563625006,693.647811917006,693.8741422919993,693.8879236250068,694.0722953750083,694.0722953750083,694.2653662920056,694.2717402920098,694.3656630000041,694.3724570830091,694.3724570830091,694.9065916670079,left,1,0.5312343749974389,None,694.9068898330006,694.9180422920035,694.9180422920035,695.1072617500031,695.1145088750054,695.1145088750054,695.9153566669993,695.8985480830015,695.8986745420116,695.898749,None,,,n,"001",2025-11-10_14h02.29.280,2nd exp,,2025.2.0,None,2025-11-10 14h02.29.363548 +0530,
The dog is barking loudly,The dog is barking loudly,repetition_related,right,255,15,15,right,1,0.9384365419973619,None,None,15,15,255,12,695.9153566669993,,,,,,,,,695.9101284580101,695.9153566669993,696.1409464580065,696.1562272919982,696.3352733750071,696.3489157500007,696.5381982500112,696.5381982500112,696.6321442500048,696.6382020000019,696.6382020000019,697.5839637080062,right,1,0.9384365419973619,None,697.5843783330056,697.5960384580103,697.5960384580103,697.7816692500055,697.7896075830067,697.7896075830067,698.5782837919978,698.5657370830013,698.5658637500019,698.5659465830104,None,,,n,"001",2025-11-10_14h02.29.280,2nd exp,,2025.2.0,None,2025-11-10 14h02.29.363548 +0530,
The dog is barking loudly,The loudly is barking dog,repetition_unrelated,left,256,0,16,left,1,0.5621427910082275,None,None,16,0,256,13,698.5782837919978,,,,,,,,,698.5727973750036,698.5782837919978,698.8081013750052,698.8220034580008,699.0010537500057,699.0154863750067,699.2036156250106,699.2036156250106,699.2989088750037,699.3053630830109,699.3053630830109,699.8732023330085,left,1,0.5621427910082275,None,699.8735071670089,699.8852957500058,699.8852957500058,700.0737063330016,700.0805762920063,700.0805762920063,700.8821339170099,700.8657933330105,700.8659039580089,700.8659993750043,None,,,n,"001",2025-11-10_14h02.29.280,2nd exp,,2025.2.0,None,2025-11-10 14h02.29.363548 +0530,
They have finished the work,They finished have the work,repetition_unrelated,left,257,1,16,left,1,0.733616958008497,None,None,16,1,257,9,700.8821339170099,,,,,,,,,700.8767682920006,700.8821339170099,701.1077046249993,701.1312614580092,701.3056403750088,701.3056403750088,701.4988796670077,701.5053157500079,701.605744792003,701.605744792003,701.605744792003,702.350277125006,left,1,0.733616958008497,None,702.3505839170102,702.3619517500047,702.3619517500047,702.5488202080014,702.5570730830077,702.5570730830077,703.3537913750042,703.3383924170048,703.3384768750111,703.3385247920087,None,,,n,"001",2025-11-10_14h02.29.280,2nd exp,,2025.2.0,None,2025-11-10 14h02.29.363548 +0530,
The dog is barking loudly,The barking dog loudly is,transposition_unrelated,left,258,2,16,left,1,0.8422266670095269,None,None,16,2,258,15,703.3537913750042,,,,,,,,,703.3485591250064,703.3537913750042,703.5819667080068,703.5971895000112,703.7708518330037,703.7888891250041,703.9879178330011,703.9879178330011,704.0821305420104,704.0821305420104,704.0821305420104,704.9339006670052,left,1,0.8422266670095269,None,704.9341788330057,704.9448535830015,704.9448535830015,705.1308537500008,705.1383590000041,705.1383590000041,705.9264693330042,705.9146181670076,705.9147071670013,705.9148029580101,None,,,n,"001",2025-11-10_14h02.29.280,2nd exp,,2025.2.0,None,2025-11-10 14h02.29.363548 +0530,
The dog is barking loudly,The dog barking is loudly,transposition_related,right,259,3,16,left,0,1.1080033339967486,None,None,16,3,259,14,705.9264693330042,,,,,,,,,705.9207122500084,705.9264693330042,706.1577016670053,706.1711847920087,706.3531923749979,706.3531923749979,706.5486623750039,706.5552019580064,706.6487904170062,706.6555654580006,706.6555654580006,707.7678377920092,left,0,1.1080033339967486,None,707.7684429580113,707.7802395830076,707.7802395830076,707.9655202499998,707.9731589580042,707.9731589580042,708.771438249998,708.7562900000048,708.756373125012,708.7564237500046,None,,,n,"001",2025-11-10_14h02.29.280,2nd exp,,2025.2.0,None,2025-11-10 14h02.29.363548 +0530,
The boy can read fast,The boy can read fast,repetition_related,right,260,4,16,right,1,0.629498207999859,None,None,16,4,260,0,708.771438249998,,,,,,,,,708.7662705000112,708.771438249998,709.0080481670011,709.0143423749978,709.2049256669998,709.2049256669998,709.3985437080119,709.4042463330115,709.498813750004,709.5057398750068,709.5057398750068,710.1393999170105,right,1,0.629498207999859,None,710.1397205000103,710.1514021250041,710.1514021250041,710.3305518330017,710.3483825420117,710.3483825420117,711.1267567920004,711.1146268750017,711.1148141669983,711.1149282500119,None,,,n,"001",2025-11-10_14h02.29.280,2nd exp,,2025.2.0,None,2025-11-10 14h02.29.363548 +0530,
The boy can read fast,The read can boy fast,repetition_unrelated,left,261,5,16,left,1,0.5516872079897439,None,None,16,5,261,1,711.1267567920004,,,,,,,,,711.12135833301,711.1267567920004,711.3575504580076,711.3710540419997,711.5542180000048,711.5542180000048,711.7487941670115,711.755239457998,711.8488287080108,711.855512042006,711.855512042006,712.4173406250047,left,1,0.5516872079897439,None,712.417611583005,712.428959833007,712.428959833007,712.6154054170038,712.6230395830062,712.6230395830062,713.409962375008,713.3989210830041,713.3990037080075,713.3990503750101,None,,,n,"001",2025-11-10_14h02.29.280,2nd exp,,2025.2.0,None,2025-11-10 14h02.29.363548 +0530,
The boy can read fast,The boy can read fast,transposition_related,right,262,6,16,right,1,0.5671326250012498,None,None,16,6,262,2,713.409962375008,,,,,,,,,713.4045946670085,713.409962375008,713.6413007920055,713.6547830000054,713.8377316250117,713.8377316250117,714.0320405000093,714.0376958749985,714.1322931250033,714.1390588750073,714.1390588750073,714.7170428329991,right,1,0.5671326250012498,None,714.7173244580044,714.7285545420018,714.7285545420018,714.9153357080068,714.9232172080083,714.9232172080083,715.7145777080004,715.6991062500019,715.6992451670085,715.6993112500058,None,,,n,"001",2025-11-10_14h02.29.280,2nd exp,,2025.2.0,None,2025-11-10 14h02.29.363548 +0530,
She does not like apples,She does not like apples,repetition_related,right,263,7,16,right,1,0.6442215830029454,None,None,16,7,263,4,715.7145777080004,,,,,,,,,715.7092943330063,715.7145777080004,715.9409933749994,715.9550546670071,716.1380890830042,716.1380890830042,716.332021292008,716.3367961250042,716.4322600419982,716.4388854170102,716.4388854170102,717.088259917,right,1,0.6442215830029454,None,717.0885369580064,717.1004758330091,717.1004758330091,717.2811432919989,717.2976815830043,717.2976815830043,718.0770945830009,718.0656830420048,718.0657657499978,718.0658395830105,None,,,n,"001",2025-11-10_14h02.29.280,2nd exp,,2025.2.0,None,2025-11-10 14h02.29.363548 +0530,
She does not like apples,She not does like apples,repetition_unrelated,left,264,8,16,left,1,0.6563229580060579,None,None,16,8,264,5,718.0770945830009,,,,,,,,,718.0718090830051,718.0770945830009,718.3080069580028,718.3215421250061,718.5028287500027,718.5154162079998,718.7050542920042,718.7050542920042,718.7987765420112,718.8057114580006,718.8057114580006,719.4669265420089,left,1,0.6563229580060579,None,719.4672154170112,719.4787248330103,719.4787248330103,719.6638887080044,719.6712519580033,719.6712519580033,720.4621383750055,720.4475920420082,720.4476642920054,720.4477012920106,None,,,n,"001",2025-11-10_14h02.29.280,2nd exp,,2025.2.0,None,2025-11-10 14h02.29.363548 +0530,
The boy can read fast,The read can boy fast,transposition_unrelated,left,265,9,16,left,1,0.6423563340067631,None,None,16,9,265,3,720.4621383750055,,,,,,,,,720.4568691669992,720.4621383750055,720.6906909579993,720.7050320420094,720.8873009170056,720.8873009170056,721.082135625009,721.0886694580113,721.1823164579982,721.1895809999987,721.1895809999987,721.8342577500007,left,1,0.6423563340067631,None,721.8348537499987,721.8466007500101,721.8466007500101,722.0308584580052,722.0385335000028,722.0385335000028,722.831386750011,722.8147702920105,722.8148846250115,722.8149560419988,None,,,n,"001",2025-11-10_14h02.29.280,2nd exp,,2025.2.0,None,2025-11-10 14h02.29.363548 +0530,
They have finished the work,They work the have finished,transposition_unrelated,left,266,10,16,left,1,0.5667448750027688,None,None,16,10,266,11,722.831386750011,,,,,,,,,722.8261166250013,722.831386750011,723.0569040420087,723.0705413329997,723.2485919169994,723.2539555000112,723.4489319170098,723.4555002080015,723.5487777079979,723.5550820830103,723.5550820830103,724.1339451670065,left,1,0.5667448750027688,None,724.134273417003,724.1455125000066,724.1455125000066,724.3305644580105,724.3391212499992,724.3391212499992,725.1281423750042,725.1159537500062,725.1160781250073,725.1161477920105,None,,,n,"001",2025-11-10_14h02.29.280,2nd exp,,2025.2.0,None,2025-11-10 14h02.29.363548 +0530,
They have finished the work,They finished have the work,transposition_related,right,267,11,16,left,0,1.3595242080045864,None,None,16,11,267,10,725.1281423750042,,,,,,,,,725.1227973750065,725.1281423750042,725.3563217080082,725.3713838750118,725.5486448750016,725.5543507500115,725.7487345420086,725.7554051250045,725.8487790000072,725.8551864580077,725.8551864580077,727.216706332998,left,0,1.3595242080045864,None,727.217001625002,727.2287089580059,727.2287089580059,727.4148353750061,727.4225467080105,727.4225467080105,728.2123858749983,728.1979012080119,728.1979844580055,728.1980428329989,None,,,n,"001",2025-11-10_14h02.29.280,2nd exp,,2025.2.0,None,2025-11-10 14h02.29.363548 +0530,
She does not like apples,She not does like apples,transposition_related,right,268,12,16,right,1,0.5061534160049632,None,None,16,12,268,6,728.2123858749983,,,,,,,,,728.207223999998,728.2123858749983,728.4401973330096,728.4547107079998,728.6321370000078,728.6386432500003,728.8320623330073,728.8380803330074,728.9320949579997,728.9387560830073,728.9387560830073,729.4499411249999,right,1,0.5061534160049632,None,729.4502731670073,729.461476417011,729.461476417011,729.6485647920053,729.655217958003,729.655217958003,730.465069124999,730.4380736250023,730.4381535420107,730.4381911250093,None,,,n,"001",2025-11-10_14h02.29.280,2nd exp,,2025.2.0,None,2025-11-10 14h02.29.363548 +0530,
She does not like apples,She like does apples not,transposition_unrelated,left,269,13,16,left,1,0.5258534590102499,None,None,16,13,269,7,730.465069124999,,,,,,,,,730.4433986250078,730.465069124999,730.6821821670019,730.7150996670098,730.8819873750035,730.8819873750035,731.070179375005,731.0879451250075,731.1819405830029,731.1819405830029,731.1819405830029,731.7170030420093,left,1,0.5258534590102499,None,731.7174172920058,731.7290319169988,731.7290319169988,731.9153276670113,731.9232334170083,731.9232334170083,732.7131127500033,732.6993435420009,732.6994112500106,732.6994459999987,None,,,n,"001",2025-11-10_14h02.29.280,2nd exp,,2025.2.0,None,2025-11-10 14h02.29.363548 +0530,
The dog is barking loudly,The dog is barking loudly,repetition_related,right,270,14,16,right,1,0.6001574580004672,None,None,16,14,270,12,732.7131127500033,,,,,,,,,732.7078717920085,732.7131127500033,732.9411747920094,732.9542952080083,733.2470997920027,733.2470997920027,733.4355447920098,733.3475900420017,733.4355447920098,733.4355447920098,733.4355447920098,734.0397305000079,right,1,0.6001574580004672,None,734.0403021250095,734.0518735420046,734.0518735420046,734.2399348330073,734.2470707500033,734.2470707500033,735.0399113330059,735.0227494170103,735.0228465420078,735.0228924580006,None,,,n,"001",2025-11-10_14h02.29.280,2nd exp,,2025.2.0,None,2025-11-10 14h02.29.363548 +0530,
They have finished the work,They have finished the work,repetition_related,right,271,15,16,right,1,0.8735249169985764,None,None,16,15,271,8,735.0399113330059,,,,,,,,,735.0345853750041,735.0399113330059,735.274121208,735.2806286249979,735.4687479170098,735.4639129580028,735.6537354580068,735.6713834580005,735.7711664579983,735.7711664579983,735.7711664579983,736.650051375007,right,1,0.8735249169985764,None,736.6504217080073,736.6621536250022,736.6621536250022,736.8480534170085,736.8552574580099,736.8552574580099,737.6423195420066,737.6313174579991,737.6313931670011,737.6314319579978,None,,,n,"001",2025-11-10_14h02.29.280,2nd exp,,2025.2.0,None,2025-11-10 14h02.29.363548 +0530,
They have finished the work,They finished have the work,repetition_unrelated,left,272,0,17,left,1,0.4255535419943044,None,None,17,0,272,9,737.6423195420066,,,,,,,,,737.63674300001,737.6423195420066,737.8732801250007,737.8880199580017,738.0654825000092,738.0712782920018,738.2651007500099,738.2716483330005,738.3651943330042,738.3720578750072,738.3720578750072,738.8006441670004,left,1,0.4255535419943044,None,738.8009752500075,738.8124287500104,738.8124287500104,738.9976311670034,739.0047334580013,739.0047334580013,739.7947554170096,739.7806877080002,739.7807635000063,739.7808044999983,None,,,n,"001",2025-11-10_14h02.29.280,2nd exp,,2025.2.0,None,2025-11-10 14h02.29.363548 +0530,
The boy can read fast,The boy can read fast,transposition_related,right,273,1,17,right,1,0.626257916999748,None,None,17,1,273,2,739.7947554170096,,,,,,,,,739.7893535420008,739.7947554170096,740.0238440829999,740.0373301250074,740.221378000002,740.221378000002,740.4213746250025,740.4213746250025,740.5213077080116,740.5213077080116,740.5213077080116,741.1507320000092,right,1,0.626257916999748,None,741.1511396670103,741.16263875,741.16263875,741.3473601250007,741.3534995000082,741.3534995000082,742.1472918750078,742.1323350830062,742.1324236670043,742.1324707500025,None,,,n,"001",2025-11-10_14h02.29.280,2nd exp,,2025.2.0,None,2025-11-10 14h02.29.363548 +0530,
She does not like apples,She not does like apples,transposition_related,right,274,2,17,left,0,0.6394021250016522,None,None,17,2,274,6,742.1472918750078,,,,,,,,,742.1420083749981,742.1472918750078,742.3728302500094,742.387769375011,742.5723490829987,742.5723490829987,742.7715608750004,742.7715608750004,742.864948167,742.8710532500118,742.8710532500118,743.5173557920061,left,0,0.6394021250016522,None,743.5177371250029,743.5291834170057,743.5291834170057,743.7138662920042,743.720105417,743.720105417,744.5138484580093,744.498013125005,744.4981247079995,744.4981727080012,None,,,n,"001",2025-11-10_14h02.29.280,2nd exp,,2025.2.0,None,2025-11-10 14h02.29.363548 +0530,
They have finished the work,They have finished the work,repetition_related,right,275,3,17,right,1,0.6312929580017226,None,None,17,3,275,8,744.5138484580093,,,,,,,,,744.5085417080118,744.5138484580093,744.7405503750051,744.7547362920013,744.9375204170065,744.9375204170065,745.1318712920038,745.1385944580106,745.2316955420101,745.2380092500098,745.2380092500098,745.8713958750013,right,1,0.6312929580017226,None,745.8716793750064,745.8841367080022,745.8841367080022,746.0733858750027,746.0804003329977,746.0804003329977,746.8740184580092,746.8653265419998,746.8653670830099,746.8653822080087,None,,,n,"001",2025-11-10_14h02.29.280,2nd exp,,2025.2.0,None,2025-11-10 14h02.29.363548 +0530,
The dog is barking loudly,The loudly is barking dog,repetition_unrelated,left,276,4,17,left,1,0.4644476660032524,None,None,17,4,276,13,746.8740184580092,,,,,,,,,746.8696504170075,746.8740184580092,747.1056092500075,747.1218740830082,747.3050611250073,747.3050611250073,747.4982962500071,747.5042642920016,747.5987187920109,747.605761083003,747.605761083003,748.0815359170083,left,1,0.4644476660032524,None,748.0816501250083,748.0866942499997,748.0866942499997,748.2732944169984,748.2810027500091,748.2810027500091,749.0729047920031,749.0569589580118,749.0570464170014,749.0570960000041,None,,,n,"001",2025-11-10_14h02.29.280,2nd exp,,2025.2.0,None,2025-11-10 14h02.29.363548 +0530,
The boy can read fast,The read can boy fast,repetition_unrelated,left,277,5,17,left,1,0.9588058340013959,None,None,17,5,277,1,749.0729047920031,,,,,,,,,749.06726991701,749.0729047920031,749.3065784580103,749.3138150419982,749.5049398330011,749.5049398330011,749.6984073330095,749.7049909170019,749.7986672500119,749.8035043330019,749.8035043330019,750.767167500002,left,1,0.9588058340013959,None,750.7676783330098,750.7794007500052,750.7794007500052,750.9653640830074,750.9730826669984,750.9730826669984,751.7666423750052,751.7490011250047,751.7491677920043,751.7492374170106,None,,,n,"001",2025-11-10_14h02.29.280,2nd exp,,2025.2.0,None,2025-11-10 14h02.29.363548 +0530,
They have finished the work,They work the have finished,transposition_unrelated,left,278,6,17,left,1,0.694186125008855,None,None,17,6,278,11,751.7666423750052,,,,,,,,,751.761755917003,751.7666423750052,751.991271750012,752.0139112920006,752.1845946250105,752.198646417004,752.3880676670087,752.3880676670087,752.4819471250084,752.4880288749991,752.4880288749991,753.1893001249991,left,1,0.694186125008855,None,753.1895741250046,753.2011412499996,753.2011412499996,753.3900826669997,753.3970400420076,753.3970400420076,754.1972414170014,754.1809779580071,754.1811511670094,754.1812437500048,None,,,n,"001",2025-11-10_14h02.29.280,2nd exp,,2025.2.0,None,2025-11-10 14h02.29.363548 +0530,
The dog is barking loudly,The dog barking is loudly,transposition_related,right,279,7,17,left,0,1.3251852499961387,None,None,17,7,279,14,754.1972414170014,,,,,,,,,754.1919692500087,754.1972414170014,754.423374792008,754.4372005000041,754.6150289170037,754.6215855420014,754.8150264580036,754.821782583007,754.9151300000085,754.9219964580116,754.9219964580116,756.2511120420095,left,0,1.3251852499961387,None,756.2515251250006,756.2632383330056,756.2632383330056,756.4474577920046,756.455869042009,756.455869042009,757.2483407920081,757.231268500007,757.2314590830065,757.2315556250105,None,,,n,"001",2025-11-10_14h02.29.280,2nd exp,,2025.2.0,None,2025-11-10 14h02.29.363548 +0530,
The boy can read fast,The read can boy fast,transposition_unrelated,left,280,8,17,left,1,1.3396788329991978,None,None,17,8,280,3,757.2483407920081,,,,,,,,,757.24278375,757.2483407920081,757.4737438330048,757.4987490000058,757.6722325830051,757.6722325830051,757.8713433329976,757.8713433329976,757.9650495000096,757.971461167006,757.971461167006,759.3177278750081,left,1,1.3396788329991978,None,759.3182629580115,759.3295560830011,759.3295560830011,759.5142785830103,759.5211759170052,759.5211759170052,760.3156194170006,760.2990247499984,760.2991495830065,760.2992247500079,None,,,n,"001",2025-11-10_14h02.29.280,2nd exp,,2025.2.0,None,2025-11-10 14h02.29.363548 +0530,
She does not like apples,She not does like apples,repetition_unrelated,left,281,9,17,left,1,0.47738662498886697,None,None,17,9,281,5,760.3156194170006,,,,,,,,,760.3101174170006,760.3156194170006,760.5414105000091,760.5550952080084,760.7341072920099,760.7484746670088,760.9379801670002,760.9379801670002,761.0320407500112,761.0375774170097,761.0375774170097,761.5168626250088,left,1,0.47738662498886697,None,761.5172155830078,761.5287407080032,761.5287407080032,761.7142692500056,761.7212472920073,761.7212472920073,762.5148763330071,762.4977065420098,762.4978420830012,762.4979371670051,None,,,n,"001",2025-11-10_14h02.29.280,2nd exp,,2025.2.0,None,2025-11-10 14h02.29.363548 +0530,
The dog is barking loudly,The barking dog loudly is,transposition_unrelated,left,282,10,17,left,1,0.8083523329987656,None,None,17,10,282,15,762.5148763330071,,,,,,,,,762.5093399580073,762.5148763330071,762.7414157080057,762.7549089170061,762.9380873750051,762.9380873750051,763.1320450420026,763.1380112080078,763.2320189580059,763.2386804580019,763.2386804580019,764.0507782920031,left,1,0.8083523329987656,None,764.0514003330027,764.0631893750106,764.0631893750106,764.2473614170012,764.2543612919981,764.2543612919981,765.0456615830044,765.0306801250117,765.0307571669982,765.030819208012,None,,,n,"001",2025-11-10_14h02.29.280,2nd exp,,2025.2.0,None,2025-11-10 14h02.29.363548 +0530,
The boy can read fast,The boy can read fast,repetition_related,right,283,11,17,right,1,0.751567833009176,None,None,17,11,283,0,765.0456615830044,,,,,,,,,765.040337917002,765.0456615830044,765.2736412920058,765.2876437920058,765.4716722080047,765.4716722080047,765.6650942920096,765.6714148750034,765.7653360830009,765.7713379580091,765.7713379580091,766.5336012500047,right,1,0.751567833009176,None,766.5339211250102,766.5454330420034,766.5454330420034,766.7320250000048,766.7396931250114,766.7396931250114,767.5347479170014,767.5201987920009,767.5202888330095,767.5203289170022,None,,,n,"001",2025-11-10_14h02.29.280,2nd exp,,2025.2.0,None,2025-11-10 14h02.29.363548 +0530,
The dog is barking loudly,The dog is barking loudly,repetition_related,right,284,12,17,left,0,0.3446600409952225,None,None,17,12,284,12,767.5347479170014,,,,,,,,,767.5300934170082,767.5347479170014,767.7653744170093,767.7804212080082,767.9527027080039,767.9653653330024,768.1530617920071,768.1650251670071,768.2537084580108,768.2651014170115,768.2651014170115,768.6172900829988,left,0,0.3446600409952225,None,768.6178608750051,768.6295109170023,768.6295109170023,768.8149196250015,768.8232706249983,768.8232706249983,769.6189032080001,769.604364083003,769.6044331250014,769.6044866250013,None,,,n,"001",2025-11-10_14h02.29.280,2nd exp,,2025.2.0,None,2025-11-10 14h02.29.363548 +0530,
She does not like apples,She does not like apples,repetition_related,right,285,13,17,right,1,0.6385792499931995,None,None,17,13,285,4,769.6189032080001,,,,,,,,,769.6141788329987,769.6189032080001,769.8477632920112,769.8636882080027,770.0340984170034,770.055119333003,770.2486297080031,770.2486297080031,770.3364302080008,770.3552987080038,770.3552987080038,771.0001725000038,right,1,0.6385792499931995,None,771.0005804170069,771.0120682080014,771.0120682080014,771.1973656250047,771.2044339170097,771.2044339170097,771.9945090420078,771.9822622500069,771.9823913750006,771.9824624580069,None,,,n,"001",2025-11-10_14h02.29.280,2nd exp,,2025.2.0,None,2025-11-10 14h02.29.363548 +0530,
She does not like apples,She like does apples not,transposition_unrelated,left,286,14,17,left,1,0.6361223749991041,None,None,17,14,286,7,771.9945090420078,,,,,,,,,771.9890562080109,771.9945090420078,772.2233812500053,772.2371307920112,772.4218588750082,772.4218588750082,772.6211875830049,772.6211875830049,772.7151190830045,772.7216124170081,772.7216124170081,773.3669298750028,left,1,0.6361223749991041,None,773.367199625005,773.3781443330081,773.3781443330081,773.5642266670038,773.5708421669988,773.5708421669988,774.3639062500006,774.3475646250008,774.3476899579982,774.3477781250112,None,,,n,"001",2025-11-10_14h02.29.280,2nd exp,,2025.2.0,None,2025-11-10 14h02.29.363548 +0530,
They have finished the work,They finished have the work,transposition_related,right,287,15,17,left,0,0.7180412500019884,None,None,17,15,287,10,774.3639062500006,,,,,,,,,774.3585707500024,774.3639062500006,774.5911514580075,774.6068260419997,774.7871617080091,774.7871617080091,774.9817097080086,774.988172042009,775.0816110419983,775.0886247080052,775.0886247080052,775.8165967920067,left,0,0.7180412500019884,None,775.8168709580059,775.8280312080024,775.8280312080024,776.013855666999,776.0208139580063,776.0208139580063,776.8034252500074,776.797300708,776.7974111670046,776.7974613750121,None,,,n,"001",2025-11-10_14h02.29.280,2nd exp,,2025.2.0,None,2025-11-10 14h02.29.363548 +0530,
They have finished the work,They finished have the work,transposition_related,right,288,0,18,left,0,2.514750707996427,None,None,18,0,288,10,776.8034252500074,,,,,,,,,776.7979051250004,776.8034252500074,777.0394660830061,777.0470915830083,777.2381628750009,777.2381628750009,777.4319208750094,777.4376139170054,777.5320427500119,777.5379885420116,777.5379885420116,780.054435833008,left,0,2.514750707996427,None,780.0547718330054,780.0670210000098,780.0670210000098,780.2480055000051,780.2636844170047,780.2636844170047,781.0448687500029,781.0325865830091,781.0327047500032,781.0327929580089,None,,,n,"001",2025-11-10_14h02.29.280,2nd exp,,2025.2.0,None,2025-11-10 14h02.29.363548 +0530,
They have finished the work,They work the have finished,transposition_unrelated,left,289,1,18,left,1,0.5844884580001235,None,None,18,1,289,11,781.0448687500029,,,,,,,,,781.0393610419997,781.0448687500029,781.2809228330007,781.2872144580033,781.4699861250119,781.481729792009,781.6702278330049,781.6817705420108,781.770035583002,781.7816677500086,781.7816677500086,782.3713777500088,left,1,0.5844884580001235,None,782.3716675830074,782.3842595000024,782.3842595000024,782.5642440829979,782.5815115000005,782.5815115000005,783.3646080000035,783.3489280000067,783.3490160000074,783.3490664170095,None,,,n,"001",2025-11-10_14h02.29.280,2nd exp,,2025.2.0,None,2025-11-10 14h02.29.363548 +0530,
The boy can read fast,The read can boy fast,repetition_unrelated,left,290,2,18,left,1,0.625734791989089,None,None,18,2,290,1,783.3646080000035,,,,,,,,,783.3593802500109,783.3646080000035,783.5903144170006,783.6037183750013,783.7885085830058,783.7885085830058,783.9820130000007,783.987993667004,784.0815425830078,784.0885018330009,784.0885018330009,784.717102583003,left,1,0.625734791989089,None,784.7174338750046,784.7287671670056,784.7287671670056,784.9142044170003,784.9219500830077,784.9219500830077,785.7104163750046,785.6989098750055,785.6990377080074,785.6991125420027,None,,,n,"001",2025-11-10_14h02.29.280,2nd exp,,2025.2.0,None,2025-11-10 14h02.29.363548 +0530,
The boy can read fast,The boy can read fast,transposition_related,right,291,3,18,right,1,0.6559791670006234,None,None,18,3,291,2,785.7104163750046,,,,,,,,,785.7049507080083,785.7104163750046,785.9404671250086,785.9539627500053,786.1380761250039,786.1380761250039,786.3316190830083,786.3381834169995,786.4316030420014,786.438172292008,786.438172292008,787.1005555830052,right,1,0.6559791670006234,None,787.1011421670119,787.1127776250069,787.1127776250069,787.2980597920105,787.3062449580029,787.3062449580029,788.0973789580021,788.080978375001,788.0811320420034,788.0812322080019,None,,,n,"001",2025-11-10_14h02.29.280,2nd exp,,2025.2.0,None,2025-11-10 14h02.29.363548 +0530,
She does not like apples,She like does apples not,transposition_unrelated,left,292,4,18,left,1,0.483498542002053,None,None,18,4,292,7,788.0973789580021,,,,,,,,,788.0918912080087,788.0973789580021,788.3237186670012,788.3392721670098,788.514876375004,788.5219061670068,788.7150686250097,788.7213836250012,788.8154300000024,788.8215344580094,788.8215344580094,789.3164121669979,left,1,0.483498542002053,None,789.3166354170098,789.3272199580097,789.3272199580097,789.5142860830092,789.5205907920026,789.5205907920026,790.3146499580034,790.2984072079998,790.2985390000104,790.2987033750105,None,,,n,"001",2025-11-10_14h02.29.280,2nd exp,,2025.2.0,None,2025-11-10 14h02.29.363548 +0530,
The dog is barking loudly,The dog barking is loudly,transposition_related,right,293,5,18,left,0,0.5528472089936258,None,None,18,5,293,14,790.3146499580034,,,,,,,,,790.3092121670052,790.3146499580034,790.5407225420058,790.5653196250059,790.7385399170016,790.7385399170016,790.9318829170079,790.9378039170115,791.0322345000022,791.0391410000011,791.0391410000011,791.6003779169987,left,0,0.5528472089936258,None,791.600756083004,791.6121337080112,791.6121337080112,791.798355625011,791.8061063750065,791.8061063750065,792.6026851670031,792.5882450420031,792.5883284169977,792.5883734170056,None,,,n,"001",2025-11-10_14h02.29.280,2nd exp,,2025.2.0,None,2025-11-10 14h02.29.363548 +0530,
She does not like apples,She does not like apples,repetition_related,right,294,6,18,right,1,1.2413031670002965,None,None,18,6,294,4,792.6026851670031,,,,,,,,,792.5979785829986,792.6026851670031,792.8309399170103,792.8469275420066,793.0176634170057,793.0384635000082,793.231585875008,793.231585875008,793.3194310830004,793.3386113750021,793.3386113750021,794.5838568330073,right,1,1.2413031670002965,None,794.5843027080118,794.595686042012,794.595686042012,794.781011708008,794.788168833009,794.788168833009,795.5820753330045,795.5656214170012,795.5657423329976,795.5658107080089,None,,,n,"001",2025-11-10_14h02.29.280,2nd exp,,2025.2.0,None,2025-11-10 14h02.29.363548 +0530,
The dog is barking loudly,The loudly is barking dog,repetition_unrelated,left,295,7,18,left,1,0.6221541669947328,None,None,18,7,295,13,795.5820753330045,,,,,,,,,795.5768383329996,795.5820753330045,795.80656550001,795.8307264169998,796.0053717499977,796.0053717499977,796.1983035830053,796.2047958330077,796.2985954580072,796.3047895000054,796.3047895000054,796.9337869169976,left,1,0.6221541669947328,None,796.9343626670016,796.9463422920089,796.9463422920089,797.1318525829993,797.1388460000016,797.1388460000016,797.932855542007,797.9156813750014,797.915805083001,797.9158744580054,None,,,n,"001",2025-11-10_14h02.29.280,2nd exp,,2025.2.0,None,2025-11-10 14h02.29.363548 +0530,
She does not like apples,She not does like apples,transposition_related,right,296,8,18,left,0,0.6565072920056991,None,None,18,8,296,6,797.932855542007,,,,,,,,,797.92707491701,797.932855542007,798.1570212920051,798.1820463330077,798.3521698330005,798.365671749998,798.5545232919976,798.5545232919976,798.6485585000046,798.6555903749977,798.6555903749977,799.3174093749985,left,0,0.6565072920056991,None,799.3178571669996,799.3297880830069,799.3297880830069,799.5139577080117,799.520987750002,799.520987750002,800.31597375001,800.2990032500093,800.2991104170069,800.2992029169982,None,,,n,"001",2025-11-10_14h02.29.280,2nd exp,,2025.2.0,None,2025-11-10 14h02.29.363548 +0530,
They have finished the work,They finished have the work,repetition_unrelated,left,297,9,18,left,1,0.6491959999984829,None,None,18,9,297,9,800.31597375001,,,,,,,,,800.3105317080044,800.31597375001,800.5400002920069,800.5647580420045,800.7313837500114,800.7486077920039,800.9381616669998,800.9381616669998,801.031526250008,801.0486015830102,801.0486015830102,801.7003055420064,left,1,0.6491959999984829,None,801.7006959170103,801.712234999999,801.712234999999,801.8975437500048,801.9052560420096,801.9052560420096,802.6963868750026,802.6806427499978,802.6807602920017,802.6808105420059,None,,,n,"001",2025-11-10_14h02.29.280,2nd exp,,2025.2.0,None,2025-11-10 14h02.29.363548 +0530,
The boy can read fast,The boy can read fast,repetition_related,right,298,10,18,right,1,0.5510873329913011,None,None,18,10,298,0,802.6963868750026,,,,,,,,,802.691151542007,802.6963868750026,802.9243203750084,802.9373359169986,803.1207283750118,803.1207283750118,803.31495941701,803.3214482500043,803.4149096670008,803.4215905419987,803.4215905419987,803.9837423330027,right,1,0.5510873329913011,None,803.9841415420087,803.9955337499996,803.9955337499996,804.1803818330081,804.1886292920099,804.1886292920099,804.9812945000012,804.964444666999,804.9645828750072,804.9646497500071,None,,,n,"001",2025-11-10_14h02.29.280,2nd exp,,2025.2.0,None,2025-11-10 14h02.29.363548 +0530,
The dog is barking loudly,The barking dog loudly is,transposition_unrelated,left,299,11,18,left,1,0.8282537500053877,None,None,18,11,299,15,804.9812945000012,,,,,,,,,804.9757179170119,804.9812945000012,805.2071446670016,805.220860292,805.404059708002,805.404059708002,805.5986744580005,805.6034516670043,805.6984878750081,805.7053296250087,805.7053296250087,806.538892083001,left,1,0.8282537500053877,None,806.5391682500049,806.5508621250046,806.5508621250046,806.7404090830096,806.7471339170006,806.7471339170006,807.5485487920087,807.5321930420032,807.5323168750037,807.5323895000038,None,,,n,"001",2025-11-10_14h02.29.280,2nd exp,,2025.2.0,None,2025-11-10 14h02.29.363548 +0530,
She does not like apples,She not does like apples,repetition_unrelated,left,300,12,18,left,1,0.5703565000003437,None,None,18,12,300,5,807.5485487920087,,,,,,,,,807.5433494169993,807.5485487920087,807.7739846670011,807.7985306670016,807.9649420420028,807.9715402920119,808.1653688330116,808.1719210419978,808.2651723330055,808.2712488329998,808.2712488329998,808.8506685419998,left,1,0.5703565000003437,None,808.851229042004,808.8626275420102,808.8626275420102,809.0475596250035,809.0557826250006,809.0557826250006,809.8491127080051,809.8326579580025,809.8327687080018,809.8328324169997,None,,,n,"001",2025-11-10_14h02.29.280,2nd exp,,2025.2.0,None,2025-11-10 14h02.29.363548 +0530,
The dog is barking loudly,The dog is barking loudly,repetition_related,right,301,13,18,right,1,0.6745235839916859,None,None,18,13,301,12,809.8491127080051,,,,,,,,,809.8438989580027,809.8491127080051,810.0732188330003,810.0986972079991,810.2702216250036,810.281622208,810.4809040420078,810.4809040420078,810.569212500006,810.5809489579988,810.5809489579988,811.2671687080001,right,1,0.6745235839916859,None,811.2675012920081,811.2800100000022,811.2800100000022,811.4637057920045,811.4710936250049,811.4710936250049,812.266421332999,812.2489925830014,812.2491056250001,812.2491872079991,None,,,n,"001",2025-11-10_14h02.29.280,2nd exp,,2025.2.0,None,2025-11-10 14h02.29.363548 +0530,
They have finished the work,They have finished the work,repetition_related,right,302,14,18,right,1,1.9992402920033783,None,None,18,14,302,8,812.266421332999,,,,,,,,,812.2610167500097,812.266421332999,812.4906692080112,812.513627332999,812.6848738749977,812.6983639579994,812.8875708749983,812.8875708749983,812.9816025000036,812.9882508750015,812.9882508750015,814.9888419580093,right,1,1.9992402920033783,None,814.9891162499989,815.0011160420108,815.0011160420108,815.1909438750008,815.1968704580067,815.1968704580067,815.9983359170001,815.9820680420089,815.9822239580099,815.9822970000096,None,,,n,"001",2025-11-10_14h02.29.280,2nd exp,,2025.2.0,None,2025-11-10 14h02.29.363548 +0530,
The boy can read fast,The read can boy fast,transposition_unrelated,left,303,15,18,left,1,0.5801211660000263,None,None,18,15,303,3,815.9983359170001,,,,,,,,,815.9929464580055,815.9983359170001,816.2233163750061,816.2479439169983,816.4149302500009,816.4218148750078,816.6217236250086,816.6217236250086,816.715251792004,816.721331083012,816.721331083012,817.3056212500087,left,1,0.5801211660000263,None,817.3059041670058,817.317906042008,817.317906042008,817.5069971670018,817.5137061249989,817.5137061249989,818.3100914170063,818.2988998750079,818.298985958012,818.2990331250039,None,,,n,"001",2025-11-10_14h02.29.280,2nd exp,,2025.2.0,None,2025-11-10 14h02.29.363548 +0530,
The boy can read fast,The boy can read fast,transposition_related,right,304,0,19,right,1,0.6260967089910991,None,None,19,0,304,2,818.3100914170063,,,,,,,,,818.3047212500096,818.3100914170063,818.5409577500104,818.5544747920067,818.735988667002,818.7486989169993,818.9380273330025,818.9380273330025,819.0316366670013,819.0382592920068,819.0382592920068,819.6669492080109,right,1,0.6260967089910991,None,819.667413083007,819.6818199580011,819.6818199580011,819.8647270830115,819.8722305830015,819.8722305830015,820.6604533330101,820.648781958007,820.6489307500015,820.6490040000062,None,,,n,"001",2025-11-10_14h02.29.280,2nd exp,,2025.2.0,None,2025-11-10 14h02.29.363548 +0530,
The boy can read fast,The read can boy fast,transposition_unrelated,left,305,1,19,left,1,0.5393426669907058,None,None,19,1,305,3,820.6604533330101,,,,,,,,,820.6549805000104,820.6604533330101,820.8905472920014,820.9038650000002,821.081675917012,821.0883097080077,821.2816338749981,821.2882414170017,821.3816053330083,821.3880152920028,821.3880152920028,821.9337831250014,left,1,0.5393426669907058,None,821.9343261670001,821.9457536670088,821.9457536670088,822.1303178750095,822.1381276250031,822.1381276250031,822.9306041250093,822.9142773330095,822.9144225000055,822.9144953750074,None,,,n,"001",2025-11-10_14h02.29.280,2nd exp,,2025.2.0,None,2025-11-10 14h02.29.363548 +0530,
The dog is barking loudly,The barking dog loudly is,transposition_unrelated,left,306,2,19,left,1,0.652163249993464,None,None,19,2,306,15,822.9306041250093,,,,,,,,,822.9246989579988,822.9306041250093,823.1563066250092,823.1704240830004,823.3482481250103,823.3547479580011,823.5485484170058,823.5544430419977,823.6482618330047,823.6551120000076,823.6551120000076,824.3166636670067,left,1,0.652163249993464,None,824.3169570830069,824.3282590419985,824.3282590419985,824.5142310829979,824.5223217919993,824.5223217919993,825.3143070000078,825.2985262080038,825.2986644170014,825.2987135420117,None,,,n,"001",2025-11-10_14h02.29.280,2nd exp,,2025.2.0,None,2025-11-10 14h02.29.363548 +0530,
They have finished the work,They work the have finished,transposition_unrelated,left,307,3,19,left,1,0.4987451670021983,None,None,19,3,307,11,825.3143070000078,,,,,,,,,825.3089137500065,825.3143070000078,825.5408228330052,825.553618875012,825.7343804580014,825.748382500009,825.937451292004,825.937451292004,826.0317598750116,826.0383541250048,826.0383541250048,826.5391527080064,left,1,0.4987451670021983,None,826.5394355419994,826.5514522500016,826.5514522500016,826.7409063329978,826.7468958329991,826.7468958329991,827.5485659580008,827.5319725419977,827.5321611670079,827.5322303330031,None,,,n,"001",2025-11-10_14h02.29.280,2nd exp,,2025.2.0,None,2025-11-10 14h02.29.363548 +0530,
The boy can read fast,The boy can read fast,repetition_related,right,308,4,19,right,1,0.6698174170014681,None,None,19,4,308,0,827.5485659580008,,,,,,,,,827.5431773330056,827.5485659580008,827.7736119580077,827.7981597500038,827.9650362920074,827.971641791999,828.171125000008,828.171125000008,828.2652994170057,828.2712920000049,828.2712920000049,828.9505035000038,right,1,0.6698174170014681,None,828.9508050000004,828.9647739580105,828.9647739580105,829.1474452500115,829.1547741670074,829.1547741670074,829.9473368750041,829.9310813330085,829.9312479580112,829.9313567080098,None,,,n,"001",2025-11-10_14h02.29.280,2nd exp,,2025.2.0,None,2025-11-10 14h02.29.363548 +0530,
She does not like apples,She not does like apples,transposition_related,right,309,5,19,left,0,0.7165524590091081,None,None,19,5,309,6,829.9473368750041,,,,,,,,,829.9419687500049,829.9473368750041,830.173080624998,830.1873520420049,830.3712187500059,830.3712187500059,830.5650381669984,830.5713897920068,830.6647030830063,830.6715334170003,830.6715334170003,831.4003287500091,left,0,0.7165524590091081,None,831.400833000007,831.411932832998,831.411932832998,831.5984719170083,831.6059479579999,831.6059479579999,832.3978647080075,832.3873858750012,832.3874673329992,832.387503875012,None,,,n,"001",2025-11-10_14h02.29.280,2nd exp,,2025.2.0,None,2025-11-10 14h02.29.363548 +0530,
She does not like apples,She like does apples not,transposition_unrelated,left,310,6,19,left,1,0.6202378750022035,None,None,19,6,310,7,832.3978647080075,,,,,,,,,832.392508917008,832.3978647080075,832.6318963329977,832.6393439579988,832.8194882079988,832.8376942920004,833.0319584170065,833.0319584170065,833.120272250002,833.131705250009,833.131705250009,833.7558284580009,left,1,0.6202378750022035,None,833.7561175830051,833.7678732500062,833.7678732500062,833.9570695830043,833.9637411670119,833.9637411670119,834.7642620830011,834.7489364170033,834.7490235420119,834.7490721670038,None,,,n,"001",2025-11-10_14h02.29.280,2nd exp,,2025.2.0,None,2025-11-10 14h02.29.363548 +0530,
They have finished the work,They have finished the work,repetition_related,right,311,7,19,right,1,1.326694708011928,None,None,19,7,311,8,834.7642620830011,,,,,,,,,834.758901417008,834.7642620830011,834.9983162080025,835.0064484580071,835.1985397500102,835.1985397500102,835.3856254999992,835.3981429999985,835.4882639999996,835.4882639999996,835.4882639999996,836.8230642920098,right,1,1.326694708011928,None,836.8233585420094,836.8344632080116,836.8344632080116,837.0239480419987,837.0302850830049,837.0302850830049,837.8178849579999,837.8069019579998,837.8069942500006,837.8070410420041,None,,,n,"001",2025-11-10_14h02.29.280,2nd exp,,2025.2.0,None,2025-11-10 14h02.29.363548 +0530,
They have finished the work,They finished have the work,transposition_related,right,312,8,19,left,0,0.7542974590032827,None,None,19,8,312,10,837.8178849579999,,,,,,,,,837.8126956670021,837.8178849579999,838.0575387499994,838.0638147920108,838.2540146670071,838.2540146670071,838.4486456250015,838.4545677499991,838.5546083750087,838.5546083750087,838.5546083750087,839.3164752080047,left,0,0.7542974590032827,None,839.316869458009,839.3277632920071,839.3277632920071,839.5144636670011,839.521628500006,839.521628500006,840.313710833012,840.297644582999,840.2977608330111,840.2978627499979,None,,,n,"001",2025-11-10_14h02.29.280,2nd exp,,2025.2.0,None,2025-11-10 14h02.29.363548 +0530,
The dog is barking loudly,The dog is barking loudly,repetition_related,right,313,9,19,right,1,0.5419942910084501,None,None,19,9,313,12,840.313710833012,,,,,,,,,840.3082222920057,840.313710833012,840.5403642080055,840.5545126250072,840.7384392500098,840.7384392500098,840.9315781250043,840.9381340830005,841.031931333011,841.0388657920121,841.0388657920121,841.5831031670095,right,1,0.5419942910084501,None,841.5834797920106,841.5943022080028,841.5943022080028,841.7807508330006,841.7873672920105,841.7873672920105,842.5806166670081,842.5643174580036,842.5644392920076,842.5644942920044,None,,,n,"001",2025-11-10_14h02.29.280,2nd exp,,2025.2.0,None,2025-11-10 14h02.29.363548 +0530,
She does not like apples,She not does like apples,repetition_unrelated,left,314,10,19,left,1,0.46773987500637304,None,None,19,10,314,5,842.5806166670081,,,,,,,,,842.5752245830081,842.5806166670081,842.8067991670105,842.8203022500093,842.9985905000067,843.0046019170113,843.198134708,843.2047645830025,843.2981843330053,843.3050225420011,843.3050225420011,843.7841285830073,left,1,0.46773987500637304,None,843.7845665420027,843.7952354580048,843.7952354580048,843.9817237500101,843.9896780420095,843.9896780420095,844.7770287919993,844.7652252080006,844.7653980830073,844.7654592920007,None,,,n,"001",2025-11-10_14h02.29.280,2nd exp,,2025.2.0,None,2025-11-10 14h02.29.363548 +0530,
She does not like apples,She does not like apples,repetition_related,right,315,11,19,right,1,0.5402409170055762,None,None,19,11,315,4,844.7770287919993,,,,,,,,,844.7713719580061,844.7770287919993,845.0075383330113,845.0211636669992,845.2046447920002,845.2046447920002,845.3981674579991,845.4047571670089,845.4985593750025,845.5054908330058,845.5054908330058,846.0504655830009,right,1,0.5402409170055762,None,846.0509901250043,846.0618242920027,846.0618242920027,846.2478504580067,846.2552530829998,846.2552530829998,847.0462574580015,847.0311948750023,847.031297583002,847.0313444170024,None,,,n,"001",2025-11-10_14h02.29.280,2nd exp,,2025.2.0,None,2025-11-10 14h02.29.363548 +0530,
The dog is barking loudly,The loudly is barking dog,repetition_unrelated,left,316,12,19,left,1,0.5118252499960363,None,None,19,12,316,13,847.0462574580015,,,,,,,,,847.0408350000071,847.0462574580015,847.274207333001,847.2878418750042,847.4648123750085,847.4715867920022,847.6649619170057,847.6714459170034,847.7647438330023,847.7717313330068,847.7717313330068,848.2887064579991,left,1,0.5118252499960363,None,848.2889871250081,848.3008005419979,848.3008005419979,848.4900518330105,848.4970575000043,848.4970575000043,849.2975199580105,849.282242250003,849.2823650000064,849.2824323750101,None,,,n,"001",2025-11-10_14h02.29.280,2nd exp,,2025.2.0,None,2025-11-10 14h02.29.363548 +0530,
The boy can read fast,The read can boy fast,repetition_unrelated,left,317,13,19,right,0,0.5867553330026567,None,None,19,13,317,1,849.2975199580105,,,,,,,,,849.2921984999994,849.2975199580105,849.5237516670022,849.5373464170116,849.7188580830116,849.7316582500061,849.9217901670054,849.9217901670054,850.0149287079985,850.0219045830017,850.0219045830017,850.6169503749989,right,0,0.5867553330026567,None,850.6173561250034,850.6282327500085,850.6282327500085,850.8136426670098,850.821177750011,850.821177750011,851.6142173749977,851.5987347080081,851.5988245000044,851.5988705830096,None,,,n,"001",2025-11-10_14h02.29.280,2nd exp,,2025.2.0,None,2025-11-10 14h02.29.363548 +0530,
They have finished the work,They finished have the work,repetition_unrelated,left,318,14,19,left,1,0.909245208997163,None,None,19,14,318,9,851.6142173749977,,,,,,,,,851.6089233329985,851.6142173749977,851.8405877080077,851.8548945830116,852.0382918329997,852.0382918329997,852.231997875002,852.2378283750004,852.3314413330081,852.3382489170035,852.3382489170035,853.2501874580048,left,1,0.909245208997163,None,853.2505499580002,853.2618391249998,853.2618391249998,853.4472033750062,853.4534649999987,853.4534649999987,854.2470615830098,854.2307942920015,854.230943417002,854.231017625003,None,,,n,"001",2025-11-10_14h02.29.280,2nd exp,,2025.2.0,None,2025-11-10 14h02.29.363548 +0530,
The dog is barking loudly,The dog barking is loudly,transposition_related,right,319,15,19,left,0,0.9295522920001531,None,None,19,15,319,14,854.2470615830098,,,,,,,,,854.2415817500005,854.2470615830098,854.4740322080033,854.4875749580096,854.6702591670037,854.6702591670037,854.8647327500075,854.8713632080035,854.9652652080113,854.9708713330037,854.9708713330037,855.9059891250072,left,0,0.9295522920001531,None,855.9063438750018,855.9175420829997,855.9175420829997,856.1070999170042,856.1142937080003,856.1142937080003,856.9146790829982,856.8987616250088,856.8989226670092,856.8989979580074,None,,,n,"001",2025-11-10_14h02.29.280,2nd exp,,2025.2.0,None,2025-11-10 14h02.29.363548 +0530,
The boy can read fast,The read can boy fast,transposition_unrelated,left,320,0,20,left,1,0.5619059579912573,None,None,20,0,320,3,856.9146790829982,,,,,,,,,856.9094514580065,856.9146790829982,857.140871333002,857.1552595000103,857.3314551670046,857.3382919580035,857.5315307499986,857.5382429580059,857.6315627500007,857.6385066250077,857.6385066250077,858.2058016670053,left,1,0.5619059579912573,None,858.2060745830095,858.2177309170074,858.2177309170074,858.4061618749984,858.4135990420036,858.4135990420036,859.2012147500063,859.1900833330001,859.1901644580066,859.1902138750011,None,,,n,"001",2025-11-10_14h02.29.280,2nd exp,,2025.2.0,None,2025-11-10 14h02.29.363548 +0530,
The boy can read fast,The boy can read fast,repetition_related,right,321,1,20,right,1,0.49201754199748393,None,None,20,1,321,0,859.2012147500063,,,,,,,,,859.1955367920018,859.2012147500063,859.4400620829983,859.4469698330067,859.636140875009,859.636140875009,859.8316416669986,859.8381750000117,859.9313455420051,859.9383726670058,859.9383726670058,860.4340508750029,right,1,0.49201754199748393,None,860.4344592080015,860.4452410829981,860.4452410829981,860.6308468750067,860.6385073749989,860.6385073749989,861.4305790830113,861.4151473750098,861.4152673750068,861.4153176670079,None,,,n,"001",2025-11-10_14h02.29.280,2nd exp,,2025.2.0,None,2025-11-10 14h02.29.363548 +0530,
The dog is barking loudly,The dog barking is loudly,transposition_related,right,322,2,20,left,0,0.775257250003051,None,None,20,2,322,14,861.4305790830113,,,,,,,,,861.425008457998,861.4305790830113,861.6570354170108,861.670304291998,861.8553873750061,861.8553873750061,862.0550741670013,862.0550741670013,862.1480396670086,862.1541138750035,862.1541138750035,862.9339192500047,left,0,0.775257250003051,None,862.9344272080052,862.9453100420069,862.9453100420069,863.1307795419998,863.1376379170106,863.1376379170106,863.9313274169981,863.9146692500071,863.9148152080015,863.9148823750002,None,,,n,"001",2025-11-10_14h02.29.280,2nd exp,,2025.2.0,None,2025-11-10 14h02.29.363548 +0530,
She does not like apples,She does not like apples,repetition_related,right,323,3,20,right,1,0.7480490830057533,None,None,20,3,323,4,863.9313274169981,,,,,,,,,863.9254271250102,863.9313274169981,864.1569656250067,864.1809126250009,864.354383458005,864.354383458005,864.554071333012,864.554071333012,864.6481297080027,864.6551746250043,864.6551746250043,865.4053246250114,right,1,0.7480490830057533,None,865.4055984170118,865.4173779999983,865.4173779999983,865.6074380830105,865.6136921670113,865.6136921670113,866.4125536250067,866.3973775420018,866.3975009580026,866.397590833003,None,,,n,"001",2025-11-10_14h02.29.280,2nd exp,,2025.2.0,None,2025-11-10 14h02.29.363548 +0530,
The dog is barking loudly,The dog is barking loudly,repetition_related,right,324,4,20,right,1,0.8441471249971073,None,None,20,4,324,12,866.4125536250067,,,,,,,,,866.4072400000005,866.4125536250067,866.6405439580121,866.6542565420095,866.8378967919998,866.8378967919998,867.0385216670111,867.0385216670111,867.1315645420109,867.1380429170094,867.1380429170094,867.9893700420071,right,1,0.8441471249971073,None,867.9896441250021,868.0010149580048,868.0010149580048,868.1899723329989,868.1968333330005,868.1968333330005,868.9946175420046,868.9823637500085,868.9824747079983,868.9825637080066,None,,,n,"001",2025-11-10_14h02.29.280,2nd exp,,2025.2.0,None,2025-11-10 14h02.29.363548 +0530,
The dog is barking loudly,The loudly is barking dog,repetition_unrelated,left,325,5,20,left,1,0.5107567079976434,None,None,20,5,325,13,868.9946175420046,,,,,,,,,868.9892228329991,868.9946175420046,869.2235227500059,869.2369100000069,869.4192299580027,869.4315874169988,869.6210152499989,869.6210152499989,869.7148549999984,869.7314029170084,869.7314029170084,870.250452332999,left,1,0.5107567079976434,None,870.250965750005,870.2619409170002,870.2619409170002,870.4474447500106,870.4557329579984,870.4557329579984,871.2486619580013,871.2320809579978,871.2322232919978,871.2323220420076,None,,,n,"001",2025-11-10_14h02.29.280,2nd exp,,2025.2.0,None,2025-11-10 14h02.29.363548 +0530,
They have finished the work,They work the have finished,transposition_unrelated,left,326,6,20,left,1,0.8190849160018843,None,None,20,6,326,11,871.2486619580013,,,,,,,,,871.2433484580106,871.2486619580013,871.4735084580025,871.4979691670014,871.6646709170018,871.6813763329992,871.871371375004,871.871371375004,871.9648938750033,871.9719956670015,871.9719956670015,872.800483125,left,1,0.8190849160018843,None,872.8010924170085,872.8122296250076,872.8122296250076,872.9980497500073,873.0063831250009,873.0063831250009,873.7968680420017,873.7808975420048,873.7810306669999,873.7810811250092,None,,,n,"001",2025-11-10_14h02.29.280,2nd exp,,2025.2.0,None,2025-11-10 14h02.29.363548 +0530,
She does not like apples,She not does like apples,transposition_related,right,327,7,20,left,0,1.1588075409963494,None,None,20,7,327,6,873.7968680420017,,,,,,,,,873.7915399580088,873.7968680420017,874.0242792500067,874.0376762500091,874.2192590420018,874.2192590420018,874.41466816701,874.4209522919991,874.515306500005,874.5201252500119,874.5201252500119,875.6837234999985,left,0,1.1588075409963494,None,875.684064333007,875.6962846670067,875.6962846670067,875.8804710420081,875.8868006249977,875.8868006249977,876.6817054999992,876.6643592080072,876.6644900829997,876.6645898330025,None,,,n,"001",2025-11-10_14h02.29.280,2nd exp,,2025.2.0,None,2025-11-10 14h02.29.363548 +0530,
They have finished the work,They finished have the work,repetition_unrelated,left,328,8,20,left,1,0.6427163750049658,None,None,20,8,328,9,876.6817054999992,,,,,,,,,876.6761890420021,876.6817054999992,876.907110250002,876.930077625002,877.1049093330075,877.1049093330075,877.3032057920063,877.3032057920063,877.3980173750024,877.4043776670005,877.4043776670005,878.0506662080006,left,1,0.6427163750049658,None,878.0512727080059,878.0632894580049,878.0632894580049,878.2483710420056,878.2554987080075,878.2554987080075,879.0489639170119,879.0319943750073,879.0321293750021,879.0321964580071,None,,,n,"001",2025-11-10_14h02.29.280,2nd exp,,2025.2.0,None,2025-11-10 14h02.29.363548 +0530,
The dog is barking loudly,The barking dog loudly is,transposition_unrelated,left,329,9,20,left,1,1.1992921660130378,None,None,20,9,329,15,879.0489639170119,,,,,,,,,879.0435321250116,879.0489639170119,879.2736733330094,879.2967761250038,879.4648399580037,879.4715820830024,879.664702375012,879.6712478749978,879.7646601250017,879.7716238749999,879.7716238749999,880.9722745420004,left,1,1.1992921660130378,None,880.9726160830032,880.9844127920078,880.9844127920078,881.1738190000033,881.1801782080001,881.1801782080001,881.9801398330019,881.9639478750032,881.9640565419977,881.9641223330109,None,,,n,"001",2025-11-10_14h02.29.280,2nd exp,,2025.2.0,None,2025-11-10 14h02.29.363548 +0530,
They have finished the work,They finished have the work,transposition_related,right,330,10,20,left,0,1.1496614999923622,None,None,20,10,330,10,881.9801398330019,,,,,,,,,881.974794624999,881.9801398330019,882.2062747080054,882.219662375006,882.3979809169978,882.4040496250091,882.5981388750079,882.6047246670059,882.6982521669997,882.7051373330032,882.7051373330032,883.8670445830066,left,0,1.1496614999923622,None,883.867614792005,883.8799360000121,883.8799360000121,884.0639135829988,884.0721750420053,884.0721750420053,884.8644352920091,884.847431333008,884.8476023330004,884.8476987500035,None,,,n,"001",2025-11-10_14h02.29.280,2nd exp,,2025.2.0,None,2025-11-10 14h02.29.363548 +0530,
She does not like apples,She not does like apples,repetition_unrelated,left,331,11,20,left,1,1.1870777089934563,None,None,20,11,331,5,884.8644352920091,,,,,,,,,884.8590862080018,884.8644352920091,885.0901225830021,885.1042175420007,885.2888007080037,885.2888007080037,885.4867956670059,885.4867956670059,885.5814331250003,885.5877829579986,885.5877829579986,886.7836584580073,left,1,1.1870777089934563,None,886.784253417005,886.7959340829984,886.7959340829984,886.9802925420081,886.987027250012,886.987027250012,887.7818294580065,887.7638964170037,887.7640173330001,887.764064832998,None,,,n,"001",2025-11-10_14h02.29.280,2nd exp,,2025.2.0,None,2025-11-10 14h02.29.363548 +0530,
They have finished the work,They have finished the work,repetition_related,right,332,12,20,right,1,0.9118620419903891,None,None,20,12,332,8,887.7818294580065,,,,,,,,,887.776700375005,887.7818294580065,888.0070814170031,888.02096441701,888.1980011670094,888.2046280000068,888.3980833750102,888.4042155830102,888.4981122919999,888.5048297500034,888.5048297500034,889.4210266669979,right,1,0.9118620419903891,None,889.42130154201,889.4336112500023,889.4336112500023,889.6147888749983,889.6302447500057,889.6302447500057,890.415009208009,890.3985437080119,890.3986457920109,890.398700375008,None,,,n,"001",2025-11-10_14h02.29.280,2nd exp,,2025.2.0,None,2025-11-10 14h02.29.363548 +0530,
The boy can read fast,The read can boy fast,repetition_unrelated,left,333,13,20,left,1,1.7672757499967702,None,None,20,13,333,1,890.415009208009,,,,,,,,,890.409394125003,890.415009208009,890.6394984170038,890.6647639170114,890.8313988750015,890.838387833006,891.0315853330103,891.0381042080116,891.1314361670084,891.1383281250019,891.1383281250019,892.9169030420016,left,1,1.7672757499967702,None,892.9172991250089,892.9292587079981,892.9292587079981,893.115283792009,893.1232179580111,893.1232179580111,893.9151583330095,893.8985127500055,893.8987250830105,893.8988135830004,None,,,n,"001",2025-11-10_14h02.29.280,2nd exp,,2025.2.0,None,2025-11-10 14h02.29.363548 +0530,
She does not like apples,She like does apples not,transposition_unrelated,left,334,14,20,left,1,1.0129513330030022,None,None,20,14,334,7,893.9151583330095,,,,,,,,,893.9098708750098,893.9151583330095,894.1401337080024,894.1645649999991,894.3314737920009,894.3384310420079,894.5383056670107,894.5383056670107,894.6383647500043,894.6383647500043,894.6383647500043,895.6552781250066,left,1,1.0129513330030022,None,895.6555612500088,895.6675433750061,895.6675433750061,895.8468772920023,895.8635473330069,895.8635473330069,896.6478975000064,896.6319151250063,896.6320154999994,896.6320887080074,None,,,n,"001",2025-11-10_14h02.29.280,2nd exp,,2025.2.0,None,2025-11-10 14h02.29.363548 +0530,
The boy can read fast,The boy can read fast,transposition_related,right,335,15,20,right,1,1.14672375000373,None,None,20,15,335,2,896.6478975000064,,,,,,,,,896.6425331250066,896.6478975000064,896.873567417002,896.8888070000103,897.0682644580083,897.0813674170058,897.2713150000054,897.2713150000054,897.3647244169988,897.3716715420014,897.3716715420014,898.5220193330024,right,1,1.14672375000373,None,898.5222898750071,898.5341343330074,898.5341343330074,898.7240513750003,898.7303785000113,898.7303785000113,899.5316379580036,899.5151645830047,899.5152539170085,899.5153623750084,None,,,n,"001",2025-11-10_14h02.29.280,2nd exp,,2025.2.0,None,2025-11-10 14h02.29.363548 +0530,
They have finished the work,They finished have the work,repetition_unrelated,left,336,0,21,right,0,0.776309000008041,None,None,21,0,336,9,899.5316379580036,,,,,,,,,899.5261385420017,899.5316379580036,899.7570131670072,899.7807017919986,899.9481159999996,899.9549904580053,900.1539854580042,900.1539854580042,900.2480276670103,900.2551069170004,900.2551069170004,901.0334876249981,right,0,0.776309000008041,None,901.0338733329991,901.0454802080058,901.0454802080058,901.2316941669997,901.2394282919995,901.2394282919995,902.0375611670024,902.0211536670104,902.0212414580019,902.0212920420017,None,,,n,"001",2025-11-10_14h02.29.280,2nd exp,,2025.2.0,None,2025-11-10 14h02.29.363548 +0530,
The dog is barking loudly,The barking dog loudly is,transposition_unrelated,left,337,1,21,left,1,1.3346828750072746,None,None,21,1,337,15,902.0375611670024,,,,,,,,,902.0323863750091,902.0375611670024,902.2648349170049,902.2801367500069,902.4649584580038,902.4649584580038,902.6526421669987,902.6712198750029,902.7716679580044,902.7716679580044,902.7716679580044,904.1168266669993,left,1,1.3346828750072746,None,904.1171990420116,904.1286045419984,904.1286045419984,904.3135381250031,904.3203072920005,904.3203072920005,905.1146210000006,905.0984090830025,905.0985246670025,905.098573292009,None,,,n,"001",2025-11-10_14h02.29.280,2nd exp,,2025.2.0,None,2025-11-10 14h02.29.363548 +0530,
The boy can read fast,The boy can read fast,repetition_related,right,338,2,21,right,1,0.6433784590044525,None,None,21,2,338,0,905.1146210000006,,,,,,,,,905.1091077080055,905.1146210000006,905.3413935420103,905.3551413750101,905.5377967500099,905.5377967500099,905.731392792004,905.7379635420075,905.831408375001,905.8379724999977,905.8379724999977,906.4839362500061,right,1,0.6433784590044525,None,906.4844881250028,906.4963494170079,906.4963494170079,906.6818890420109,906.6903372079978,906.6903372079978,907.4818321250059,907.4652788329986,907.4654200830118,907.4655127500009,None,,,n,"001",2025-11-10_14h02.29.280,2nd exp,,2025.2.0,None,2025-11-10 14h02.29.363548 +0530,
The dog is barking loudly,The dog is barking loudly,repetition_related,right,339,3,21,right,1,1.0843407919892343,None,None,21,3,339,12,907.4818321250059,,,,,,,,,907.4764316670044,907.4818321250059,907.7062930000102,907.7313880000002,907.9025261250063,907.9148177919997,908.1040950830065,908.1040950830065,908.1979907920031,908.204852875002,908.204852875002,909.3002307920106,right,1,1.0843407919892343,None,909.3006754170056,909.3123525000119,909.3123525000119,909.4979425000056,909.5055676670017,909.5055676670017,910.2983155830007,910.2819736250094,910.2821406250005,910.2822447920043,None,,,n,"001",2025-11-10_14h02.29.280,2nd exp,,2025.2.0,None,2025-11-10 14h02.29.363548 +0530,
She does not like apples,She not does like apples,repetition_unrelated,left,340,4,21,left,1,0.4263995000073919,None,None,21,4,340,5,910.2983155830007,,,,,,,,,910.292996832999,910.2983155830007,910.5238118330017,910.54803825001,910.7188540000061,910.731480500006,910.9216837080021,910.9216837080021,911.0147931250103,911.0216978750104,911.0216978750104,911.4497883750009,left,1,0.4263995000073919,None,911.4501715000079,911.4618082500092,911.4618082500092,911.6480418749998,911.6560817920108,911.6560817920108,912.4506884170114,912.4387608750112,912.4388452920102,912.4388969580032,None,,,n,"001",2025-11-10_14h02.29.280,2nd exp,,2025.2.0,None,2025-11-10 14h02.29.363548 +0530,
She does not like apples,She does not like apples,repetition_related,right,341,5,21,left,0,0.5787196669989498,None,None,21,5,341,4,912.4506884170114,,,,,,,,,912.4442749580048,912.4506884170114,912.6906875830027,912.6969607500068,912.8850003749976,912.8801341670041,913.0701188750099,913.0879788330058,913.1813448750036,913.1813448750036,913.1813448750036,913.7670861670049,left,0,0.5787196669989498,None,913.7676178750116,913.7794256250054,913.7794256250054,913.9650584170013,913.9726866670098,913.9726866670098,914.7709118750063,914.7553500000067,914.7554364170064,914.755486916998,None,,,n,"001",2025-11-10_14h02.29.280,2nd exp,,2025.2.0,None,2025-11-10 14h02.29.363548 +0530,
They have finished the work,They have finished the work,repetition_related,right,342,6,21,right,1,0.5346266669948818,None,None,21,6,342,8,914.7709118750063,,,,,,,,,914.7657033750002,914.7709118750063,915.0063446670101,915.0134833330085,915.2052957499982,915.2052957499982,915.4045235420053,915.4045235420053,915.4979963330115,915.5044757920114,915.5044757920114,916.0501122080022,right,1,0.5346266669948818,None,916.0505177919986,916.0620734580007,916.0620734580007,916.2467754170066,916.2538566250005,916.2538566250005,917.0465222080093,917.0306664170057,917.0308295830037,917.0309073750104,None,,,n,"001",2025-11-10_14h02.29.280,2nd exp,,2025.2.0,None,2025-11-10 14h02.29.363548 +0530,
The dog is barking loudly,The dog barking is loudly,transposition_related,right,343,7,21,right,1,0.4916990000056103,None,None,21,7,343,14,917.0465222080093,,,,,,,,,917.0410047500045,917.0465222080093,917.2741577080014,917.2886307500012,917.4705792919995,917.4705792919995,917.6646472920111,917.6704808330105,917.764729167,917.7713622500014,917.7713622500014,918.2669985829998,right,1,0.4916990000056103,None,918.2674828330055,918.2791777920065,918.2791777920065,918.4644742079981,918.4727228330012,918.4727228330012,919.2642595830112,919.2476953750011,919.2478364170092,919.2479066670057,None,,,n,"001",2025-11-10_14h02.29.280,2nd exp,,2025.2.0,None,2025-11-10 14h02.29.363548 +0530,
They have finished the work,They work the have finished,transposition_unrelated,left,344,8,21,left,1,0.7207444999949075,None,None,21,8,344,11,919.2642595830112,,,,,,,,,919.2587982500118,919.2642595830112,919.4903646669991,919.504089250011,919.6866300000111,919.6866300000111,919.8812803330075,919.8878789170121,919.9814411670086,919.9883018330002,919.9883018330002,920.716679833,left,1,0.7207444999949075,None,920.7171948750038,920.7287940829992,920.7287940829992,920.9140032920113,920.9216914170102,920.9216914170102,921.7156284170051,921.6980150830059,921.6981369170098,921.6982941669994,None,,,n,"001",2025-11-10_14h02.29.280,2nd exp,,2025.2.0,None,2025-11-10 14h02.29.363548 +0530,
She does not like apples,She not does like apples,transposition_related,right,345,9,21,left,0,0.6186930409894558,None,None,21,9,345,6,921.7156284170051,,,,,,,,,921.7104180000024,921.7156284170051,921.9398010420118,921.9645724580041,922.1379895830032,922.1379895830032,922.3375048750022,922.3375048750022,922.4315542500117,922.4381225830002,922.4381225830002,923.0666161670088,left,0,0.6186930409894558,None,923.0669027500116,923.0776054580056,923.0776054580056,923.2645544580009,923.2720047500043,923.2720047500043,924.0640736250061,924.047493792008,924.0476648750046,924.0477473330102,None,,,n,"001",2025-11-10_14h02.29.280,2nd exp,,2025.2.0,None,2025-11-10 14h02.29.363548 +0530,
The boy can read fast,The read can boy fast,transposition_unrelated,left,346,10,21,left,1,1.2914616249909159,None,None,21,10,346,3,924.0640736250061,,,,,,,,,924.0586060420028,924.0640736250061,924.2894996250106,924.304781083003,924.4883477080002,924.4883477080002,924.6876250420028,924.6876250420028,924.7812559169979,924.7874188330024,924.7874188330024,926.0833324170089,left,1,1.2914616249909159,None,926.0837414170092,926.0950233750045,926.0950233750045,926.2804826250067,926.288762791999,926.288762791999,927.0793780000095,927.0637340420071,927.0638386670034,927.0638787500066,None,,,n,"001",2025-11-10_14h02.29.280,2nd exp,,2025.2.0,None,2025-11-10 14h02.29.363548 +0530,
The dog is barking loudly,The loudly is barking dog,repetition_unrelated,left,347,11,21,left,1,0.5067456670076353,None,None,21,11,347,13,927.0793780000095,,,,,,,,,927.073986708012,927.0793780000095,927.3061356250109,927.3201567500073,927.5044379169994,927.5044379169994,927.6979255830083,927.7041601670062,927.7979492500017,927.8041039579984,927.8041039579984,928.3170672499982,left,1,0.5067456670076353,None,928.3175595830107,928.3290924580069,928.3290924580069,928.5139060830115,928.5201840000082,928.5201840000082,929.313105542009,929.2972248330043,929.2973345420032,929.2974002920091,None,,,n,"001",2025-11-10_14h02.29.280,2nd exp,,2025.2.0,None,2025-11-10 14h02.29.363548 +0530,
The boy can read fast,The read can boy fast,repetition_unrelated,left,348,12,21,left,1,0.4535039170004893,None,None,21,12,348,1,929.313105542009,,,,,,,,,929.3078823329997,929.313105542009,929.5392927920038,929.5530024580075,929.7374130420067,929.7374130420067,929.9313620830071,929.938003333009,930.0312954580004,930.0382295419986,930.0382295419986,930.5002339580096,left,1,0.4535039170004893,None,930.5007991669991,930.5122929580102,930.5122929580102,930.6985387919995,930.7062821670115,930.7062821670115,931.4978826669976,931.4816766250005,931.4817927920085,931.481842417008,None,,,n,"001",2025-11-10_14h02.29.280,2nd exp,,2025.2.0,None,2025-11-10 14h02.29.363548 +0530,
They have finished the work,They finished have the work,transposition_related,right,349,13,21,left,0,0.6137743340077577,None,None,21,13,349,10,931.4978826669976,,,,,,,,,931.492568917005,931.4978826669976,931.7241580000118,931.7377005830058,931.917642750006,931.9313072500081,932.1205242080032,932.1205242080032,932.2147419170069,932.2218891670054,932.2218891670054,932.8386798749998,left,0,0.6137743340077577,None,932.8390284170018,932.8509416669986,932.8509416669986,933.039655917004,933.0469038330048,933.0469038330048,933.8375107500033,933.8223228749994,933.8224147500005,933.8224509170104,None,,,n,"001",2025-11-10_14h02.29.280,2nd exp,,2025.2.0,None,2025-11-10 14h02.29.363548 +0530,
She does not like apples,She like does apples not,transposition_unrelated,left,350,14,21,left,1,0.34014558300259523,None,None,21,14,350,7,933.8375107500033,,,,,,,,,933.8323628750077,933.8375107500033,934.0729566670052,934.080109417002,934.2710139999981,934.2710139999981,934.4645220829989,934.4711651670077,934.5647347080085,934.5714009170042,934.5714009170042,934.9170508750103,left,1,0.34014558300259523,None,934.9173678330117,934.9286767080048,934.9286767080048,935.1144965420099,935.1227768329991,935.1227768329991,935.9148407920002,935.8984757500002,935.8986531250121,935.8987622080022,None,,,n,"001",2025-11-10_14h02.29.280,2nd exp,,2025.2.0,None,2025-11-10 14h02.29.363548 +0530,
The boy can read fast,The boy can read fast,transposition_related,right,351,15,21,right,1,0.5313072089920752,None,None,21,15,351,2,935.9148407920002,,,,,,,,,935.9096020420111,935.9148407920002,936.140559833002,936.1645026670012,936.3354376250063,936.3483331669995,936.5380906250066,936.5380906250066,936.6311845000018,936.6371788750112,936.6371788750112,937.1717228750058,right,1,0.5313072089920752,None,937.1720614580117,937.1840454170015,937.1840454170015,937.3727910830057,937.3800206669985,937.3800206669985,938.1817466670036,938.1645529170055,938.164702042006,938.1647710420075,None,,,n,"001",2025-11-10_14h02.29.280,2nd exp,,2025.2.0,None,2025-11-10 14h02.29.363548 +0530,
They have finished the work,They work the have finished,transposition_unrelated,left,352,0,22,left,1,0.7860570830089273,None,None,22,0,352,11,938.1817466670036,,,,,,,,,938.1765357500117,938.1817466670036,938.4061581249989,938.4315759580059,938.5979979580006,938.603511207999,938.8035476250079,938.8035476250079,938.8981702500023,938.9054179170053,938.9054179170053,939.7001078330068,left,1,0.7860570830089273,None,939.7004655000055,939.712677375006,939.712677375006,939.8975120420073,939.9055611250078,939.9055611250078,940.6953488750005,940.6803667500062,940.6804889170016,940.6805281249981,None,,,n,"001",2025-11-10_14h02.29.280,2nd exp,,2025.2.0,None,2025-11-10 14h02.29.363548 +0530,
The boy can read fast,The read can boy fast,transposition_unrelated,left,353,1,22,left,1,0.6107407920062542,None,None,22,1,353,3,940.6953488750005,,,,,,,,,940.6900529999984,940.6953488750005,940.9238488749979,940.9368187080108,941.1146757920069,941.1217872499983,941.320600542007,941.320600542007,941.4146404170024,941.4217098750087,941.4217098750087,942.0378228750051,left,1,0.6107407920062542,None,942.038121000005,942.050688125004,942.050688125004,942.2306347080012,942.2467311250075,942.2467311250075,943.028751292004,943.0135816250113,943.0136877920013,943.0137253749999,None,,,n,"001",2025-11-10_14h02.29.280,2nd exp,,2025.2.0,None,2025-11-10 14h02.29.363548 +0530,
They have finished the work,They finished have the work,transposition_related,right,354,2,22,left,0,0.8075987079937477,None,None,22,2,354,10,943.028751292004,,,,,,,,,943.0235763329983,943.028751292004,943.2569284170022,943.2712442920019,943.4549729999999,943.4549729999999,943.6546305829979,943.6546305829979,943.74797425,943.7548660830071,943.7548660830071,944.5668233750039,left,0,0.8075987079937477,None,944.5671996669989,944.5786812919978,944.5786812919978,944.7645058750059,944.7722132500057,944.7722132500057,945.5541227080103,945.5473105830024,945.5474270420091,945.5475435000117,None,,,n,"001",2025-11-10_14h02.29.280,2nd exp,,2025.2.0,None,2025-11-10 14h02.29.363548 +0530,
They have finished the work,They finished have the work,repetition_unrelated,left,355,3,22,left,1,1.203377832993283,None,None,22,3,355,9,945.5541227080103,,,,,,,,,945.5482019170013,945.5541227080103,945.7898446250038,945.7967659999995,945.98743358301,945.98743358301,946.1814588749985,946.1882555830089,946.2868816670089,946.2868816670089,946.2868816670089,947.500179708004,left,1,1.203377832993283,None,947.500458208,947.5118265420024,947.5118265420024,947.6973014579999,947.7050516669988,947.7050516669988,948.4971734999999,948.4819847080071,948.4820807920041,948.4821318330069,None,,,n,"001",2025-11-10_14h02.29.280,2nd exp,,2025.2.0,None,2025-11-10 14h02.29.363548 +0530,
The dog is barking loudly,The loudly is barking dog,repetition_unrelated,left,356,4,22,left,1,0.4506803330004914,None,None,22,4,356,13,948.4971734999999,,,,,,,,,948.4917830420018,948.4971734999999,948.7237225420104,948.7363934169989,948.9210461250041,948.9210461250041,949.1216600830085,949.1216600830085,949.2145764580055,949.2210171670013,949.2210171670013,949.6828924170113,left,1,0.4506803330004914,None,949.6832597500033,949.6949064580112,949.6949064580112,949.8804000829987,949.8879930000112,949.8879930000112,950.6759109999985,950.6642022919987,950.6643452499993,950.6644122920115,None,,,n,"001",2025-11-10_14h02.29.280,2nd exp,,2025.2.0,None,2025-11-10 14h02.29.363548 +0530,
The dog is barking loudly,The barking dog loudly is,transposition_unrelated,left,357,5,22,left,1,0.611281167002744,None,None,22,5,357,15,950.6759109999985,,,,,,,,,950.6705340830085,950.6759109999985,950.9070419580094,950.9208012080053,951.1041836250079,951.1041836250079,951.2978416670085,951.3037260830024,951.3982637080044,951.4039390420076,951.4039390420076,952.0222060829983,left,1,0.611281167002744,None,952.0224755420059,952.0344020830089,952.0344020830089,952.2239812080079,952.2303007500013,952.2303007500013,953.0314110420004,953.0139517500065,953.0140986670012,953.0141645000112,None,,,n,"001",2025-11-10_14h02.29.280,2nd exp,,2025.2.0,None,2025-11-10 14h02.29.363548 +0530,
They have finished the work,They have finished the work,repetition_related,right,358,6,22,right,1,0.5976544580043992,None,None,22,6,358,8,953.0314110420004,,,,,,,,,953.0263675830065,953.0314110420004,953.256792708009,953.2807473330031,953.4479084580089,953.4542217499984,953.6480942080088,953.6548043750081,953.7479622920073,953.7545507500035,953.7545507500035,954.3548476670112,right,1,0.5976544580043992,None,954.3551268750016,954.3674207080039,954.3674207080039,954.5558622920071,954.5633324579976,954.5633324579976,955.355409249998,955.3395822919992,955.3396707920037,955.3397100000002,None,,,n,"001",2025-11-10_14h02.29.280,2nd exp,,2025.2.0,None,2025-11-10 14h02.29.363548 +0530,
She does not like apples,She like does apples not,transposition_unrelated,left,359,7,22,left,1,1.3089864999928977,None,None,22,7,359,7,955.355409249998,,,,,,,,,955.3498891250056,955.355409249998,955.5901641250093,955.596721000009,955.7868434999982,955.7868434999982,955.9813281670067,955.9879167920008,956.0814910830086,956.0881392080046,956.0881392080046,957.4003302920028,left,1,1.3089864999928977,None,957.4006632920064,957.4122814580041,957.4122814580041,957.5979488330049,957.6055917920021,957.6055917920021,958.3971824580076,958.3812911670102,958.3814394580113,958.381514749999,None,,,n,"001",2025-11-10_14h02.29.280,2nd exp,,2025.2.0,None,2025-11-10 14h02.29.363548 +0530,
The boy can read fast,The read can boy fast,repetition_unrelated,left,360,8,22,left,1,0.7433597079943866,None,None,22,8,360,1,958.3971824580076,,,,,,,,,958.3917476670031,958.3971824580076,958.6237231249979,958.637094500009,958.8146317920036,958.821281542012,959.0146872080077,959.0208032080118,959.1150132920011,959.1216461670119,959.1216461670119,959.8670999580063,left,1,0.7433597079943866,None,959.8675643330062,959.8790239170048,959.8790239170048,960.0639640000009,960.0706512080069,960.0706512080069,960.8647720419976,960.84836275001,960.8485175829992,960.8485833330051,None,,,n,"001",2025-11-10_14h02.29.280,2nd exp,,2025.2.0,None,2025-11-10 14h02.29.363548 +0530,
She does not like apples,She does not like apples,repetition_related,right,361,9,22,right,1,0.5793572090042289,None,None,22,9,361,4,960.8647720419976,,,,,,,,,960.8595047080016,960.8647720419976,961.0901999170019,961.1140951670095,961.2852558330051,961.2979812080011,961.4879620830034,961.4879620830034,961.5813611670019,961.5877215420041,961.5877215420041,962.1712019580009,right,1,0.5793572090042289,None,962.171474792005,962.1840827080014,962.1840827080014,962.3638663750025,962.3808948330116,962.3808948330116,963.1598261250037,963.1481482920062,963.148278083012,963.1484295420087,None,,,n,"001",2025-11-10_14h02.29.280,2nd exp,,2025.2.0,None,2025-11-10 14h02.29.363548 +0530,
She does not like apples,She not does like apples,transposition_related,right,362,10,22,left,0,0.7436424590123352,None,None,22,10,362,6,963.1598261250037,,,,,,,,,963.1544972920092,963.1598261250037,963.3894669170113,963.4028782920068,963.5810307500069,963.5859582499979,963.7812874579977,963.7880442500027,963.8813182500016,963.8882841669983,963.8882841669983,964.6389277920098,left,0,0.7436424590123352,None,964.6391974580038,964.6512572500069,964.6512572500069,964.8400807920116,964.8466492500011,964.8466492500011,965.6477994169982,965.6319503330014,965.6320981669996,965.6321680830006,None,,,n,"001",2025-11-10_14h02.29.280,2nd exp,,2025.2.0,None,2025-11-10 14h02.29.363548 +0530,
The boy can read fast,The boy can read fast,repetition_related,right,363,11,22,right,1,1.4375110830005724,None,None,22,11,363,0,965.6477994169982,,,,,,,,,965.6423855830071,965.6477994169982,965.8736471250013,965.8878357080102,966.0685024170089,966.0811958749982,966.269266000003,966.2813926250092,966.3692999170016,966.3812949999992,966.3812949999992,967.8222102080035,right,1,1.4375110830005724,None,967.8224773330003,967.8344687500066,967.8344687500066,968.023791167012,968.0301290000061,968.0301290000061,968.8295016250049,968.8138154580083,968.813921042005,968.8139674580016,None,,,n,"001",2025-11-10_14h02.29.280,2nd exp,,2025.2.0,None,2025-11-10 14h02.29.363548 +0530,
She does not like apples,She not does like apples,repetition_unrelated,left,364,12,22,left,1,1.3362652499927208,None,None,22,12,364,5,968.8295016250049,,,,,,,,,968.8241120000021,968.8295016250049,969.055851541998,969.0699519580085,969.2480869999999,969.2547420420015,969.4480882080097,969.4547197080101,969.5478297920054,969.5544215830014,969.5544215830014,970.9003549170011,left,1,1.3362652499927208,None,970.9008960420033,970.9125932919997,970.9125932919997,971.0972166670108,971.1042727080057,971.1042727080057,971.897159583008,971.8819291670079,971.8820201670023,971.8820705420076,None,,,n,"001",2025-11-10_14h02.29.280,2nd exp,,2025.2.0,None,2025-11-10 14h02.29.363548 +0530,
The dog is barking loudly,The dog is barking loudly,repetition_related,right,365,13,22,right,1,0.6253116250009043,None,None,22,13,365,12,971.897159583008,,,,,,,,,971.8919032080012,971.897159583008,972.123530833007,972.1374202919978,972.3208268330054,972.3208268330054,972.5143920000119,972.5312653750007,972.6204815829988,972.6204815829988,972.6204815829988,973.250295292004,right,1,0.6253116250009043,None,973.2507761669985,973.2624522500118,973.2624522500118,973.446818417011,973.4541476669983,973.4541476669983,974.2471918750089,974.2315037920052,974.2316464169999,974.2317133330071,None,,,n,"001",2025-11-10_14h02.29.280,2nd exp,,2025.2.0,None,2025-11-10 14h02.29.363548 +0530,
The boy can read fast,The boy can read fast,transposition_related,right,366,14,22,right,1,0.7459938749962021,None,None,22,14,366,2,974.2471918750089,,,,,,,,,974.2417520830058,974.2471918750089,974.472760167002,974.4862654580065,974.6646240000118,974.6716688330052,974.8644897500053,974.8711582920077,974.9647574999981,974.971641791999,974.971641791999,975.7216162080003,right,1,0.7459938749962021,None,975.7218950420065,975.733835417006,975.733835417006,975.9244614580093,975.930395250005,975.930395250005,976.7319440830033,976.7151256250072,976.715325541998,976.7154787080071,None,,,n,"001",2025-11-10_14h02.29.280,2nd exp,,2025.2.0,None,2025-11-10 14h02.29.363548 +0530,
The dog is barking loudly,The dog barking is loudly,transposition_related,right,367,15,22,right,1,2.1542199999967124,None,None,22,15,367,14,976.7319440830033,,,,,,,,,976.7265832499979,976.7319440830033,976.9564811669989,976.9814919170021,977.155265792011,977.155265792011,977.3545010829985,977.3545010829985,977.4544202920079,977.4544202920079,977.4544202920079,979.6162004170037,right,1,2.1542199999967124,None,979.616561917006,979.6281729580078,979.6281729580078,979.8136946250015,979.8206040000077,979.8206040000077,980.606154167006,980.5982763330103,980.5983576250001,980.5983952079987,None,,,n,"001",2025-11-10_14h02.29.280,2nd exp,,2025.2.0,None,2025-11-10 14h02.29.363548 +0530,
,,,,,,,,,,,,,,,,,,,,,,,,,,,,,,,,,,,,,,,,,,,,,,,,,,,,980.5986078749993,980.606154167006,,,,,,,,,
