thisN,thisTrialN,thisRepN,mouse.x,mouse.y,mouse.leftButton,mouse.midButton,mouse.rightButton,mouse.time,mouse.clicked_name,trials.thisRepN,trials.thisTrialN,trials.thisN,trials.thisIndex,thisRow.t,notes,num_Distractor,trial.started,fixation.started,Target.started,mouse.started,trial.stopped,trials.mouse.x,trials.mouse.y,trials.mouse.leftButton,trials.mouse.midButton,trials.mouse.rightButton,trials.mouse.time,trials.mouse.clicked_name,participant,session,date,expName,expVersion,psychopyVersion,frameRate,expStart,
0,0,0,[np.float64(-0.4361924686192469)],[np.float64(-0.2395397489539749)],[1],[0],[0],[3.051317000000381],['Target'],0,0,0,0,0.028793374999622756,,10,0.018475666999620444,0.028793374999622756,0.028793374999622756,0.01848524999968504,3.069857167000009,[np.float64(-0.4361924686192469)],[np.float64(-0.2395397489539749)],[1],[0],[0],[3.051317000000381],['Target'],N_3,"001",2025-09-30_17h47.08.198,Visual Search Experiment_Urvashi Bhansali_13 September,,2025.2.0,122.0997493899408,2025-09-30 17h47.08.250312 +0530,
1,0,1,[np.float64(-0.4560669456066946)],[np.float64(-0.3912133891213389)],[1],[0],[0],[2.1458155420004914],['Target'],1,0,1,0,3.089311374999852,,5,3.0818698749999385,3.089311374999852,3.089311374999852,0.01026449999972101,5.227775333999489,[np.float64(-0.4560669456066946)],[np.float64(-0.3912133891213389)],[1],[0],[0],[2.1458155420004914],['Target'],N_3,"001",2025-09-30_17h47.08.198,Visual Search Experiment_Urvashi Bhansali_13 September,,2025.2.0,122.0997493899408,2025-09-30 17h47.08.250312 +0530,
2,0,2,[np.float64(0.4372384937238494)],[np.float64(0.3148535564853556)],[1],[0],[0],[2.2073182089998227],['Target'],2,0,2,0,5.25146762499935,,5,5.242740874999981,5.25146762499935,5.25146762499935,0.013596709000012197,7.450122208999346,[np.float64(0.4372384937238494)],[np.float64(0.3148535564853556)],[1],[0],[0],[2.2073182089998227],['Target'],N_3,"001",2025-09-30_17h47.08.198,Visual Search Experiment_Urvashi Bhansali_13 September,,2025.2.0,122.0997493899408,2025-09-30 17h47.08.250312 +0530,
3,0,3,[np.float64(0.1108786610878661)],[np.float64(-0.14225941422594143)],[1],[0],[0],[2.8196625419996053],['Target'],3,0,3,0,7.472313749999557,,5,7.464036499999565,7.472313749999557,7.472313749999557,0.0125853340005051,10.283779041999878,[np.float64(0.1108786610878661)],[np.float64(-0.14225941422594143)],[1],[0],[0],[2.8196625419996053],['Target'],N_3,"001",2025-09-30_17h47.08.198,Visual Search Experiment_Urvashi Bhansali_13 September,,2025.2.0,122.0997493899408,2025-09-30 17h47.08.250312 +0530,
4,0,4,[np.float64(0.35564853556485354)],[np.float64(-0.09728033472803348)],[1],[0],[0],[1.6935555420004675],['Target'],4,0,4,0,10.31711445899964,,10,10.307028708999496,10.31711445899964,10.31711445899964,0.02158279200011748,12.000644749999992,[np.float64(0.35564853556485354)],[np.float64(-0.09728033472803348)],[1],[0],[0],[1.6935555420004675],['Target'],N_3,"001",2025-09-30_17h47.08.198,Visual Search Experiment_Urvashi Bhansali_13 September,,2025.2.0,122.0997493899408,2025-09-30 17h47.08.250312 +0530,
5,0,5,[np.float64(0.4497907949790795)],[np.float64(0.36401673640167365)],[1],[0],[0],[1.7869543329998123],['Target'],5,0,5,0,12.022415792000174,,5,12.014122458999736,12.022415792000174,12.022415792000174,0.01233074999981909,13.80115187499996,[np.float64(0.4497907949790795)],[np.float64(0.36401673640167365)],[1],[0],[0],[1.7869543329998123],['Target'],N_3,"001",2025-09-30_17h47.08.198,Visual Search Experiment_Urvashi Bhansali_13 September,,2025.2.0,122.0997493899408,2025-09-30 17h47.08.250312 +0530,
6,0,6,[np.float64(0.17364016736401675)],[np.float64(0.4006276150627615)],[1],[0],[0],[4.492636582999694],['Target'],6,0,6,0,13.834307583999362,,10,13.824581500000022,13.834307583999362,13.834307583999362,0.02168808300029923,18.31727570899966,[np.float64(0.17364016736401675)],[np.float64(0.4006276150627615)],[1],[0],[0],[4.492636582999694],['Target'],N_3,"001",2025-09-30_17h47.08.198,Visual Search Experiment_Urvashi Bhansali_13 September,,2025.2.0,122.0997493899408,2025-09-30 17h47.08.250312 +0530,
7,0,7,[np.float64(0.24581589958158995)],[np.float64(-0.34518828451882844)],[1],[0],[0],[3.4272438329999204],['Target'],7,0,7,0,18.34906358399985,,10,18.339705041999878,18.34906358399985,18.34906358399985,0.021130541000275116,21.76699820900012,[np.float64(0.24581589958158995)],[np.float64(-0.34518828451882844)],[1],[0],[0],[3.4272438329999204],['Target'],N_3,"001",2025-09-30_17h47.08.198,Visual Search Experiment_Urvashi Bhansali_13 September,,2025.2.0,122.0997493899408,2025-09-30 17h47.08.250312 +0530,
8,0,8,[np.float64(0.40481171548117156)],[np.float64(0.350418410041841)],[1],[0],[0],[1.8211221249994196],['Target'],8,0,8,0,21.78791362499942,,5,21.77974304199961,21.78791362499942,21.78791362499942,0.011576125000829052,23.600933416999396,[np.float64(0.40481171548117156)],[np.float64(0.350418410041841)],[1],[0],[0],[1.8211221249994196],['Target'],N_3,"001",2025-09-30_17h47.08.198,Visual Search Experiment_Urvashi Bhansali_13 September,,2025.2.0,122.0997493899408,2025-09-30 17h47.08.250312 +0530,
9,0,9,[np.float64(-0.07426778242677824)],[np.float64(-0.4027196652719665)],[1],[0],[0],[3.176404625000032],['Target'],9,0,9,0,23.634581291999893,,10,23.623969583999497,23.634581291999893,23.634581291999893,0.021349915999962832,26.800421958999323,[np.float64(-0.07426778242677824)],[np.float64(-0.4027196652719665)],[1],[0],[0],[3.176404625000032],['Target'],N_3,"001",2025-09-30_17h47.08.198,Visual Search Experiment_Urvashi Bhansali_13 September,,2025.2.0,122.0997493899408,2025-09-30 17h47.08.250312 +0530,
10,0,10,[np.float64(0.25)],[np.float64(-0.030334728033472803)],[1],[0],[0],[1.7125792919996456],['Target'],10,0,10,0,26.830726416999823,,10,26.821338834000017,26.830726416999823,26.830726416999823,0.019387459000427043,28.533967542000028,[np.float64(0.25)],[np.float64(-0.030334728033472803)],[1],[0],[0],[1.7125792919996456],['Target'],N_3,"001",2025-09-30_17h47.08.198,Visual Search Experiment_Urvashi Bhansali_13 September,,2025.2.0,122.0997493899408,2025-09-30 17h47.08.250312 +0530,
11,0,11,[np.float64(0.06903765690376569)],[np.float64(-0.3723849372384937)],[1],[0],[0],[2.7120609999992666],['Target'],11,0,11,0,28.56410870899981,,10,28.55482258399934,28.56410870899981,28.56410870899981,0.019060790999901656,31.26693479200003,[np.float64(0.06903765690376569)],[np.float64(-0.3723849372384937)],[1],[0],[0],[2.7120609999992666],['Target'],N_3,"001",2025-09-30_17h47.08.198,Visual Search Experiment_Urvashi Bhansali_13 September,,2025.2.0,122.0997493899408,2025-09-30 17h47.08.250312 +0530,
12,0,12,[np.float64(-0.38493723849372385)],[np.float64(-0.09832635983263599)],[1],[0],[0],[3.361846791000062],['Target'],12,0,12,0,31.29816758400011,,10,31.288465416999315,31.29816758400011,31.29816758400011,0.020007875000374042,34.65037366700017,[np.float64(-0.38493723849372385)],[np.float64(-0.09832635983263599)],[1],[0],[0],[3.361846791000062],['Target'],N_3,"001",2025-09-30_17h47.08.198,Visual Search Experiment_Urvashi Bhansali_13 September,,2025.2.0,122.0997493899408,2025-09-30 17h47.08.250312 +0530,
13,0,13,[np.float64(-0.4707112970711297)],[np.float64(0.3378661087866109)],[1],[0],[0],[3.0116074580000713],['Target'],13,0,13,0,34.68151854200005,,10,34.67223783400004,34.68151854200005,34.68151854200005,0.020196417000079236,37.68389720899995,[np.float64(-0.4707112970711297)],[np.float64(0.3378661087866109)],[1],[0],[0],[3.0116074580000713],['Target'],N_3,"001",2025-09-30_17h47.08.198,Visual Search Experiment_Urvashi Bhansali_13 September,,2025.2.0,122.0997493899408,2025-09-30 17h47.08.250312 +0530,
14,0,14,[np.float64(-0.07845188284518828)],[np.float64(0.46338912133891214)],[1],[0],[0],[5.270248082999387],['Target'],14,0,14,0,37.70534824999959,,5,37.69703304199993,37.70534824999959,37.70534824999959,0.011488875000395637,42.96734695899977,[np.float64(-0.07845188284518828)],[np.float64(0.46338912133891214)],[1],[0],[0],[5.270248082999387],['Target'],N_3,"001",2025-09-30_17h47.08.198,Visual Search Experiment_Urvashi Bhansali_13 September,,2025.2.0,122.0997493899408,2025-09-30 17h47.08.250312 +0530,
15,0,15,[np.float64(-0.021966527196652718)],[np.float64(0.3608786610878661)],[1],[0],[0],[1.5513294590000442],['Target'],15,0,15,0,42.99091795899949,,5,42.98209216699979,42.99091795899949,42.99091795899949,0.013100625000333821,44.5334914999994,[np.float64(-0.021966527196652718)],[np.float64(0.3608786610878661)],[1],[0],[0],[1.5513294590000442],['Target'],N_3,"001",2025-09-30_17h47.08.198,Visual Search Experiment_Urvashi Bhansali_13 September,,2025.2.0,122.0997493899408,2025-09-30 17h47.08.250312 +0530,
16,0,16,[np.float64(0.04079497907949791)],[np.float64(-0.08368200836820083)],[1],[0],[0],[1.9025270410002122],['Target'],16,0,16,0,44.556790167000145,,5,44.54804349999995,44.556790167000145,44.556790167000145,0.012625041999854147,46.450633208999534,[np.float64(0.04079497907949791)],[np.float64(-0.08368200836820083)],[1],[0],[0],[1.9025270410002122],['Target'],N_3,"001",2025-09-30_17h47.08.198,Visual Search Experiment_Urvashi Bhansali_13 September,,2025.2.0,122.0997493899408,2025-09-30 17h47.08.250312 +0530,
17,0,17,[np.float64(0.46338912133891214)],[np.float64(-0.22698744769874477)],[1],[0],[0],[2.392771124999854],['Target'],17,0,17,0,46.48382224999932,,10,46.47361316699971,46.48382224999932,46.48382224999932,0.021026500000516535,48.8664321669994,[np.float64(0.46338912133891214)],[np.float64(-0.22698744769874477)],[1],[0],[0],[2.392771124999854],['Target'],N_3,"001",2025-09-30_17h47.08.198,Visual Search Experiment_Urvashi Bhansali_13 September,,2025.2.0,122.0997493899408,2025-09-30 17h47.08.250312 +0530,
18,0,18,[np.float64(-0.27824267782426776)],[np.float64(-0.3075313807531381)],[1],[0],[0],[3.771151832999749],['Target'],18,0,18,0,48.88707870899998,,5,48.8790212089998,48.88707870899998,48.88707870899998,0.011569041999791807,52.65024441700007,[np.float64(-0.27824267782426776)],[np.float64(-0.3075313807531381)],[1],[0],[0],[3.771151832999749],['Target'],N_3,"001",2025-09-30_17h47.08.198,Visual Search Experiment_Urvashi Bhansali_13 September,,2025.2.0,122.0997493899408,2025-09-30 17h47.08.250312 +0530,
19,0,19,[np.float64(0.09728033472803348)],[np.float64(-0.1297071129707113)],[1],[0],[0],[1.7096604170001228],['Target'],19,0,19,0,52.68428175000008,,10,52.673936541999865,52.68428175000008,52.68428175000008,0.021712708999984898,54.38364599999932,[np.float64(0.09728033472803348)],[np.float64(-0.1297071129707113)],[1],[0],[0],[1.7096604170001228],['Target'],N_3,"001",2025-09-30_17h47.08.198,Visual Search Experiment_Urvashi Bhansali_13 September,,2025.2.0,122.0997493899408,2025-09-30 17h47.08.250312 +0530,
20,0,20,[np.float64(-0.07217573221757322)],[np.float64(-0.15271966527196654)],[1],[0],[0],[2.606052042000556],['Target'],20,0,20,0,54.40371604199936,,5,54.39568862499982,54.40371604199936,54.40371604199936,0.010610041999825626,57.00181375000011,[np.float64(-0.07217573221757322)],[np.float64(-0.15271966527196654)],[1],[0],[0],[2.606052042000556],['Target'],N_3,"001",2025-09-30_17h47.08.198,Visual Search Experiment_Urvashi Bhansali_13 September,,2025.2.0,122.0997493899408,2025-09-30 17h47.08.250312 +0530,
21,0,21,[np.float64(0.4194560669456067)],[np.float64(0.23221757322175732)],[1],[0],[0],[6.284775332999743],['Target'],21,0,21,0,57.02464141699966,,5,57.0163144170001,57.02464141699966,57.02464141699966,0.013135374999365013,63.30119820900018,[np.float64(0.4194560669456067)],[np.float64(0.23221757322175732)],[1],[0],[0],[6.284775332999743],['Target'],N_3,"001",2025-09-30_17h47.08.198,Visual Search Experiment_Urvashi Bhansali_13 September,,2025.2.0,122.0997493899408,2025-09-30 17h47.08.250312 +0530,
22,0,22,[np.float64(-0.33263598326359833)],[np.float64(0.006276150627615063)],[1],[0],[0],[2.735308457999963],['Target'],22,0,22,0,63.32588783399933,,5,63.31664437499967,63.32588783399933,63.32588783399933,0.013877082999897539,66.05203158399945,[np.float64(-0.33263598326359833)],[np.float64(0.006276150627615063)],[1],[0],[0],[2.735308457999963],['Target'],N_3,"001",2025-09-30_17h47.08.198,Visual Search Experiment_Urvashi Bhansali_13 September,,2025.2.0,122.0997493899408,2025-09-30 17h47.08.250312 +0530,
23,0,23,[np.float64(0.4675732217573222)],[np.float64(0.22594142259414227)],[0],[0],[0],[2.6293392080006015],['Target'],23,0,23,0,66.07580487499945,,5,66.06645362499967,66.07580487499945,66.07580487499945,0.013271540999994613,68.69597662500018,[np.float64(0.4675732217573222)],[np.float64(0.22594142259414227)],[0],[0],[0],[2.6293392080006015],['Target'],N_3,"001",2025-09-30_17h47.08.198,Visual Search Experiment_Urvashi Bhansali_13 September,,2025.2.0,122.0997493899408,2025-09-30 17h47.08.250312 +0530,
24,0,24,[np.float64(0.4215481171548117)],[np.float64(-0.46548117154811713)],[1],[0],[0],[2.3601712079998833],['Target'],24,0,24,0,68.73366537499987,,10,68.7230011669999,68.73366537499987,68.73366537499987,0.025228874999811524,71.08321849999993,[np.float64(0.4215481171548117)],[np.float64(-0.46548117154811713)],[1],[0],[0],[2.3601712079998833],['Target'],N_3,"001",2025-09-30_17h47.08.198,Visual Search Experiment_Urvashi Bhansali_13 September,,2025.2.0,122.0997493899408,2025-09-30 17h47.08.250312 +0530,
25,0,25,[np.float64(0.47384937238493724)],[np.float64(-0.4707112970711297)],[1],[0],[0],[1.4130794160000733],['Target'],25,0,25,0,71.11451637499977,,10,71.10441420899951,71.11451637499977,71.11451637499977,0.02005929200004175,72.51755279200006,[np.float64(0.47384937238493724)],[np.float64(-0.4707112970711297)],[1],[0],[0],[1.4130794160000733],['Target'],N_3,"001",2025-09-30_17h47.08.198,Visual Search Experiment_Urvashi Bhansali_13 September,,2025.2.0,122.0997493899408,2025-09-30 17h47.08.250312 +0530,
26,0,26,[np.float64(0.4393305439330544)],[np.float64(0.17573221757322174)],[1],[0],[0],[4.061650708999878],['Target'],26,0,26,0,72.54897408399938,,10,72.53918179199991,72.54897408399938,72.54897408399938,0.02030570799979614,76.60088470899973,[np.float64(0.4393305439330544)],[np.float64(0.17573221757322174)],[1],[0],[0],[4.061650708999878],['Target'],N_3,"001",2025-09-30_17h47.08.198,Visual Search Experiment_Urvashi Bhansali_13 September,,2025.2.0,122.0997493899408,2025-09-30 17h47.08.250312 +0530,
27,0,27,[np.float64(0.2834728033472803)],[np.float64(0.1087866108786611)],[1],[0],[0],[1.7445078339997053],['Target'],27,0,27,0,76.63162891699994,,10,76.62240549999933,76.63162891699994,76.63162891699994,0.01991950000046927,78.36696479199964,[np.float64(0.2834728033472803)],[np.float64(0.1087866108786611)],[1],[0],[0],[1.7445078339997053],['Target'],N_3,"001",2025-09-30_17h47.08.198,Visual Search Experiment_Urvashi Bhansali_13 September,,2025.2.0,122.0997493899408,2025-09-30 17h47.08.250312 +0530,
28,0,28,[np.float64(-0.3713389121338912)],[np.float64(-0.25627615062761505)],[1],[0],[0],[2.0703883330006647],['Target'],28,0,28,0,78.38787799999955,,5,78.37983037499998,78.38787799999955,78.38787799999955,0.011163291999764624,80.45028608399934,[np.float64(-0.3713389121338912)],[np.float64(-0.25627615062761505)],[1],[0],[0],[2.0703883330006647],['Target'],N_3,"001",2025-09-30_17h47.08.198,Visual Search Experiment_Urvashi Bhansali_13 September,,2025.2.0,122.0997493899408,2025-09-30 17h47.08.250312 +0530,
29,0,29,[np.float64(0.21443514644351463)],[np.float64(0.09205020920502092)],[1],[0],[0],[1.577683665999757],['Target'],29,0,29,0,80.4833512919995,,10,80.47320462500011,80.4833512919995,80.4833512919995,0.021635000000060245,82.05093733400008,[np.float64(0.21443514644351463)],[np.float64(0.09205020920502092)],[1],[0],[0],[1.577683665999757],['Target'],N_3,"001",2025-09-30_17h47.08.198,Visual Search Experiment_Urvashi Bhansali_13 September,,2025.2.0,122.0997493899408,2025-09-30 17h47.08.250312 +0530,
30,0,30,[np.float64(-0.26359832635983266)],[np.float64(0.25627615062761505)],[1],[0],[0],[2.4871197909997136],['Target'],30,0,30,0,82.07185783400018,,5,82.06365683399963,82.07185783400018,82.07185783400018,0.011443125000369037,84.55084583400003,[np.float64(-0.26359832635983266)],[np.float64(0.25627615062761505)],[1],[0],[0],[2.4871197909997136],['Target'],N_3,"001",2025-09-30_17h47.08.198,Visual Search Experiment_Urvashi Bhansali_13 September,,2025.2.0,122.0997493899408,2025-09-30 17h47.08.250312 +0530,
31,0,31,[np.float64(-0.14748953974895398)],[np.float64(-0.16631799163179917)],[1],[0],[0],[2.23496008300026],['Target'],31,0,31,0,84.57423045899941,,5,84.56536291700013,84.57423045899941,84.57423045899941,0.01352254100038408,86.8003878339996,[np.float64(-0.14748953974895398)],[np.float64(-0.16631799163179917)],[1],[0],[0],[2.23496008300026],['Target'],N_3,"001",2025-09-30_17h47.08.198,Visual Search Experiment_Urvashi Bhansali_13 September,,2025.2.0,122.0997493899408,2025-09-30 17h47.08.250312 +0530,
32,0,32,[np.float64(-0.1297071129707113)],[np.float64(-0.37656903765690375)],[1],[0],[0],[1.6098784170008003],['Target'],32,0,32,0,86.83353920899935,,10,86.8232118750002,86.83353920899935,86.83353920899935,0.02113858299981075,88.43313908399978,[np.float64(-0.1297071129707113)],[np.float64(-0.37656903765690375)],[1],[0],[0],[1.6098784170008003],['Target'],N_3,"001",2025-09-30_17h47.08.198,Visual Search Experiment_Urvashi Bhansali_13 September,,2025.2.0,122.0997493899408,2025-09-30 17h47.08.250312 +0530,
33,0,33,[np.float64(-0.2907949790794979)],[np.float64(0.33158995815899583)],[1],[0],[0],[2.005418541999461],['Target'],33,0,33,0,88.45412012499946,,5,88.44583683400015,88.45412012499946,88.45412012499946,0.011684499999319087,90.45132745899991,[np.float64(-0.2907949790794979)],[np.float64(0.33158995815899583)],[1],[0],[0],[2.005418541999461],['Target'],N_3,"001",2025-09-30_17h47.08.198,Visual Search Experiment_Urvashi Bhansali_13 September,,2025.2.0,122.0997493899408,2025-09-30 17h47.08.250312 +0530,
34,0,34,[np.float64(0.013598326359832637)],[np.float64(0.34309623430962344)],[1],[0],[0],[1.408550041000126],['Target'],34,0,34,0,90.48507487499955,,10,90.47442979199968,90.48507487499955,90.48507487499955,0.021557457999733742,91.88302583399945,[np.float64(0.013598326359832637)],[np.float64(0.34309623430962344)],[1],[0],[0],[1.408550041000126],['Target'],N_3,"001",2025-09-30_17h47.08.198,Visual Search Experiment_Urvashi Bhansali_13 September,,2025.2.0,122.0997493899408,2025-09-30 17h47.08.250312 +0530,
35,0,35,[np.float64(-0.09937238493723849)],[np.float64(0.20502092050209206)],[1],[0],[0],[2.0125258749994828],['Target'],35,0,35,0,91.9128792499996,,10,91.90372475000004,91.9128792499996,91.9128792499996,0.01947445899986633,93.91630075000012,[np.float64(-0.09937238493723849)],[np.float64(0.20502092050209206)],[1],[0],[0],[2.0125258749994828],['Target'],N_3,"001",2025-09-30_17h47.08.198,Visual Search Experiment_Urvashi Bhansali_13 September,,2025.2.0,122.0997493899408,2025-09-30 17h47.08.250312 +0530,
36,0,36,[np.float64(-0.012552301255230125)],[np.float64(-0.14644351464435146)],[1],[0],[0],[1.487972957999773],['Target'],36,0,36,0,93.93691599999966,,5,93.92890366699976,93.93691599999966,93.93691599999966,0.010945250000077067,95.41694516699954,[np.float64(-0.012552301255230125)],[np.float64(-0.14644351464435146)],[1],[0],[0],[1.487972957999773],['Target'],N_3,"001",2025-09-30_17h47.08.198,Visual Search Experiment_Urvashi Bhansali_13 September,,2025.2.0,122.0997493899408,2025-09-30 17h47.08.250312 +0530,
37,0,37,[np.float64(0.08577405857740586)],[np.float64(0.08472803347280335)],[1],[0],[0],[1.411222749999979],['Target'],37,0,37,0,95.44918520899955,,10,95.4389970000002,95.44918520899955,95.44918520899955,0.020549165999909746,96.85026829199978,[np.float64(0.08577405857740586)],[np.float64(0.08472803347280335)],[1],[0],[0],[1.411222749999979],['Target'],N_3,"001",2025-09-30_17h47.08.198,Visual Search Experiment_Urvashi Bhansali_13 September,,2025.2.0,122.0997493899408,2025-09-30 17h47.08.250312 +0530,
38,0,38,[np.float64(0.04079497907949791)],[np.float64(-0.3294979079497908)],[1],[0],[0],[1.895053375000316],['Target'],38,0,38,0,96.88108979199933,,10,96.8718689999996,96.88108979199933,96.88108979199933,0.02009837500008871,98.76696933399944,[np.float64(0.04079497907949791)],[np.float64(-0.3294979079497908)],[1],[0],[0],[1.895053375000316],['Target'],N_3,"001",2025-09-30_17h47.08.198,Visual Search Experiment_Urvashi Bhansali_13 September,,2025.2.0,122.0997493899408,2025-09-30 17h47.08.250312 +0530,
39,0,39,[np.float64(0.22698744769874477)],[np.float64(0.1087866108786611)],[1],[0],[0],[1.5967344589998902],['Target'],39,0,39,0,98.79631095900004,,10,98.7870512089994,98.79631095900004,98.79631095900004,0.019093916000201716,100.38383387500016,[np.float64(0.22698744769874477)],[np.float64(0.1087866108786611)],[1],[0],[0],[1.5967344589998902],['Target'],N_3,"001",2025-09-30_17h47.08.198,Visual Search Experiment_Urvashi Bhansali_13 September,,2025.2.0,122.0997493899408,2025-09-30 17h47.08.250312 +0530,
40,0,40,[np.float64(0.46129707112970714)],[np.float64(-0.4602510460251046)],[1],[0],[0],[2.3041985420004494],['Target'],40,0,40,0,100.40432604199941,,5,100.39609970899983,100.40432604199941,100.40432604199941,0.010975874999530788,102.70037283399961,[np.float64(0.46129707112970714)],[np.float64(-0.4602510460251046)],[1],[0],[0],[2.3041985420004494],['Target'],N_3,"001",2025-09-30_17h47.08.198,Visual Search Experiment_Urvashi Bhansali_13 September,,2025.2.0,122.0997493899408,2025-09-30 17h47.08.250312 +0530,
41,0,41,[np.float64(-0.23744769874476987)],[np.float64(0.4581589958158996)],[1],[0],[0],[2.2193333329996676],['Target'],41,0,41,0,102.72302308399958,,5,102.71440329199959,102.72302308399958,102.72302308399958,0.012289082999814127,104.93383016699954,[np.float64(-0.23744769874476987)],[np.float64(0.4581589958158996)],[1],[0],[0],[2.2193333329996676],['Target'],N_3,"001",2025-09-30_17h47.08.198,Visual Search Experiment_Urvashi Bhansali_13 September,,2025.2.0,122.0997493899408,2025-09-30 17h47.08.250312 +0530,
42,0,42,[np.float64(-0.010460251046025104)],[np.float64(-0.26569037656903766)],[1],[0],[0],[1.8178407499999594],['Target'],42,0,42,0,104.95760633400005,,5,104.94880537500012,104.95760633400005,104.95760633400005,0.013164416999643436,106.76670495899998,[np.float64(-0.010460251046025104)],[np.float64(-0.26569037656903766)],[1],[0],[0],[1.8178407499999594],['Target'],N_3,"001",2025-09-30_17h47.08.198,Visual Search Experiment_Urvashi Bhansali_13 September,,2025.2.0,122.0997493899408,2025-09-30 17h47.08.250312 +0530,
43,0,43,[np.float64(-0.27615062761506276)],[np.float64(0.2813807531380753)],[1],[0],[0],[1.5533676250006465],['Target'],43,0,43,0,106.7900637089997,,5,106.78125337499932,106.7900637089997,106.7900637089997,0.012646958000004815,108.33471295900017,[np.float64(-0.27615062761506276)],[np.float64(0.2813807531380753)],[1],[0],[0],[1.5533676250006465],['Target'],N_3,"001",2025-09-30_17h47.08.198,Visual Search Experiment_Urvashi Bhansali_13 September,,2025.2.0,122.0997493899408,2025-09-30 17h47.08.250312 +0530,
44,0,44,[np.float64(-0.028242677824267783)],[np.float64(-0.38598326359832635)],[1],[0],[0],[3.17159991599965],['Target'],44,0,44,0,108.41876024999965,,5,108.41258333399946,108.41876024999965,108.41876024999965,0.07593899999938003,111.58430766699985,[np.float64(-0.028242677824267783)],[np.float64(-0.38598326359832635)],[1],[0],[0],[3.17159991599965],['Target'],N_3,"001",2025-09-30_17h47.08.198,Visual Search Experiment_Urvashi Bhansali_13 September,,2025.2.0,122.0997493899408,2025-09-30 17h47.08.250312 +0530,
45,0,45,[np.float64(-0.4435146443514644)],[np.float64(0.42677824267782427)],[1],[0],[0],[1.9680077499997424],['Target'],45,0,45,0,111.60832529199979,,5,111.59943874999954,111.60832529199979,111.60832529199979,0.013595125000392727,113.567513125,[np.float64(-0.4435146443514644)],[np.float64(0.42677824267782427)],[1],[0],[0],[1.9680077499997424],['Target'],N_3,"001",2025-09-30_17h47.08.198,Visual Search Experiment_Urvashi Bhansali_13 September,,2025.2.0,122.0997493899408,2025-09-30 17h47.08.250312 +0530,
46,0,46,[np.float64(0.25627615062761505)],[np.float64(-0.4372384937238494)],[0],[0],[0],[2.9130481249994773],['Target'],46,0,46,0,113.59142787499968,,5,113.58239091699943,113.59142787499968,113.59142787499968,0.013239916000202356,116.49559937499998,[np.float64(0.25627615062761505)],[np.float64(-0.4372384937238494)],[0],[0],[0],[2.9130481249994773],['Target'],N_3,"001",2025-09-30_17h47.08.198,Visual Search Experiment_Urvashi Bhansali_13 September,,2025.2.0,122.0997493899408,2025-09-30 17h47.08.250312 +0530,
47,0,47,[np.float64(-0.09205020920502092)],[np.float64(-0.09309623430962342)],[1],[0],[0],[2.3452460830003474],['Target'],47,0,47,0,116.53193591699983,,10,116.52137074999973,116.53193591699983,116.53193591699983,0.024099915999613586,118.86667695899996,[np.float64(-0.09205020920502092)],[np.float64(-0.09309623430962342)],[1],[0],[0],[2.3452460830003474],['Target'],N_3,"001",2025-09-30_17h47.08.198,Visual Search Experiment_Urvashi Bhansali_13 September,,2025.2.0,122.0997493899408,2025-09-30 17h47.08.250312 +0530,
48,0,48,[np.float64(0.20711297071129708)],[np.float64(-0.13179916317991633)],[1],[0],[0],[1.6539207499999975],['Target'],48,0,48,0,118.88816583399966,,5,118.87984229199992,118.88816583399966,118.88816583399966,0.011634374999630381,120.53383095899972,[np.float64(0.20711297071129708)],[np.float64(-0.13179916317991633)],[1],[0],[0],[1.6539207499999975],['Target'],N_3,"001",2025-09-30_17h47.08.198,Visual Search Experiment_Urvashi Bhansali_13 September,,2025.2.0,122.0997493899408,2025-09-30 17h47.08.250312 +0530,
49,0,49,[np.float64(0.03765690376569038)],[np.float64(0.1108786610878661)],[1],[0],[0],[1.593210041999555],['Target'],49,0,49,0,120.56773083400003,,10,120.5575113750001,120.56773083400003,120.56773083400003,0.021986165999805962,122.15078033400005,[np.float64(0.03765690376569038)],[np.float64(0.1108786610878661)],[1],[0],[0],[1.593210041999555],['Target'],N_3,"001",2025-09-30_17h47.08.198,Visual Search Experiment_Urvashi Bhansali_13 September,,2025.2.0,122.0997493899408,2025-09-30 17h47.08.250312 +0530,
50,0,50,[np.float64(-0.4602510460251046)],[np.float64(-0.39330543933054396)],[1],[0],[0],[2.1545799169998645],['Target'],50,0,50,0,122.17230966699935,,5,122.16378512499978,122.17230966699935,122.17230966699935,0.011837875000310305,124.31843683399984,[np.float64(-0.4602510460251046)],[np.float64(-0.39330543933054396)],[1],[0],[0],[2.1545799169998645],['Target'],N_3,"001",2025-09-30_17h47.08.198,Visual Search Experiment_Urvashi Bhansali_13 September,,2025.2.0,122.0997493899408,2025-09-30 17h47.08.250312 +0530,
51,0,51,[np.float64(0.1506276150627615)],[np.float64(-0.3587866108786611)],[1],[0],[0],[1.5598312920001263],['Target'],51,0,51,0,124.35127616699992,,10,124.34070070899998,124.35127616699992,124.35127616699992,0.02127758400001767,125.90058649999992,[np.float64(0.1506276150627615)],[np.float64(-0.3587866108786611)],[1],[0],[0],[1.5598312920001263],['Target'],N_3,"001",2025-09-30_17h47.08.198,Visual Search Experiment_Urvashi Bhansali_13 September,,2025.2.0,122.0997493899408,2025-09-30 17h47.08.250312 +0530,
52,0,52,[np.float64(0.4445606694560669)],[np.float64(0.19665271966527198)],[1],[0],[0],[2.8792495409998082],['Target'],52,0,52,0,125.93034170899955,,10,125.92095304199938,125.93034170899955,125.93034170899955,0.018578458999400027,128.8002543749999,[np.float64(0.4445606694560669)],[np.float64(0.19665271966527198)],[1],[0],[0],[2.8792495409998082],['Target'],N_3,"001",2025-09-30_17h47.08.198,Visual Search Experiment_Urvashi Bhansali_13 September,,2025.2.0,122.0997493899408,2025-09-30 17h47.08.250312 +0530,
53,0,53,[np.float64(-0.3148535564853556)],[np.float64(0.35564853556485354)],[1],[0],[0],[1.8222716250002122],['Target'],53,0,53,0,128.82063112499964,,5,128.812363,128.82063112499964,128.82063112499964,0.011097125000560482,130.63470899999993,[np.float64(-0.3148535564853556)],[np.float64(0.35564853556485354)],[1],[0],[0],[1.8222716250002122],['Target'],N_3,"001",2025-09-30_17h47.08.198,Visual Search Experiment_Urvashi Bhansali_13 September,,2025.2.0,122.0997493899408,2025-09-30 17h47.08.250312 +0530,
54,0,54,[np.float64(-0.2384937238493724)],[np.float64(0.22698744769874477)],[1],[0],[0],[1.4750357499997335],['Target'],54,0,54,0,130.66868387500017,,10,130.65829779199976,130.66868387500017,130.66868387500017,0.021864333000849,132.13339224999982,[np.float64(-0.2384937238493724)],[np.float64(0.22698744769874477)],[1],[0],[0],[1.4750357499997335],['Target'],N_3,"001",2025-09-30_17h47.08.198,Visual Search Experiment_Urvashi Bhansali_13 September,,2025.2.0,122.0997493899408,2025-09-30 17h47.08.250312 +0530,
55,0,55,[np.float64(0.23221757322175732)],[np.float64(0.09832635983263599)],[1],[0],[0],[3.6883864170004017],['Target'],55,0,55,0,132.15416212499986,,5,132.14609474999997,132.15416212499986,132.15416212499986,0.011014583999894967,135.83455083399986,[np.float64(0.23221757322175732)],[np.float64(0.09832635983263599)],[1],[0],[0],[3.6883864170004017],['Target'],N_3,"001",2025-09-30_17h47.08.198,Visual Search Experiment_Urvashi Bhansali_13 September,,2025.2.0,122.0997493899408,2025-09-30 17h47.08.250312 +0530,
56,0,56,[np.float64(0.25313807531380755)],[np.float64(-0.48640167364016734)],[1],[0],[0],[3.9924985000006927],['Target'],56,0,56,0,135.86697933399955,,10,135.8574168340001,135.86697933399955,135.86697933399955,0.021903208000367158,139.84996124999998,[np.float64(0.25313807531380755)],[np.float64(-0.48640167364016734)],[1],[0],[0],[3.9924985000006927],['Target'],N_3,"001",2025-09-30_17h47.08.198,Visual Search Experiment_Urvashi Bhansali_13 September,,2025.2.0,122.0997493899408,2025-09-30 17h47.08.250312 +0530,
57,0,57,[np.float64(0.043933054393305436)],[np.float64(0.4592050209205021)],[1],[0],[0],[3.2539939580001374],['Target'],57,0,57,0,139.87116654199963,,5,139.86302774999967,139.87116654199963,139.87116654199963,0.011803290999523597,143.11709650000012,[np.float64(0.043933054393305436)],[np.float64(0.4592050209205021)],[1],[0],[0],[3.2539939580001374],['Target'],N_3,"001",2025-09-30_17h47.08.198,Visual Search Experiment_Urvashi Bhansali_13 September,,2025.2.0,122.0997493899408,2025-09-30 17h47.08.250312 +0530,
58,0,58,[np.float64(0.030334728033472803)],[np.float64(-0.4236401673640167)],[1],[0],[0],[2.8608072910001283],['Target'],58,0,58,0,143.14908283400018,,10,143.13948625000012,143.14908283400018,143.14908283400018,0.020553124999423744,146.0003555839994,[np.float64(0.030334728033472803)],[np.float64(-0.4236401673640167)],[1],[0],[0],[2.8608072910001283],['Target'],N_3,"001",2025-09-30_17h47.08.198,Visual Search Experiment_Urvashi Bhansali_13 September,,2025.2.0,122.0997493899408,2025-09-30 17h47.08.250312 +0530,
59,0,59,[np.float64(-0.3723849372384937)],[np.float64(0.29916317991631797)],[1],[0],[0],[2.320314208999662],['Target'],59,0,59,0,146.0219707919996,,5,146.01363404199947,146.0219707919996,146.0219707919996,0.01169575000039913,148.3340237499997,[np.float64(-0.3723849372384937)],[np.float64(0.29916317991631797)],[1],[0],[0],[2.320314208999662],['Target'],N_3,"001",2025-09-30_17h47.08.198,Visual Search Experiment_Urvashi Bhansali_13 September,,2025.2.0,122.0997493899408,2025-09-30 17h47.08.250312 +0530,
60,0,60,[np.float64(0.09623430962343096)],[np.float64(-0.056485355648535567)],[1],[0],[0],[1.5781234579999364],['Target'],60,0,60,0,148.36507120899932,,10,148.3556959589996,148.36507120899932,148.36507120899932,0.020213333999890892,149.93388675000006,[np.float64(0.09623430962343096)],[np.float64(-0.056485355648535567)],[1],[0],[0],[1.5781234579999364],['Target'],N_3,"001",2025-09-30_17h47.08.198,Visual Search Experiment_Urvashi Bhansali_13 September,,2025.2.0,122.0997493899408,2025-09-30 17h47.08.250312 +0530,
61,0,61,[np.float64(0.3410041841004184)],[np.float64(-0.48221757322175735)],[1],[0],[0],[2.6111007910003536],['Target'],61,0,61,0,149.96522520899998,,10,149.95584854199933,149.96522520899998,149.96522520899998,0.02020258399988961,152.56701737499952,[np.float64(0.3410041841004184)],[np.float64(-0.48221757322175735)],[1],[0],[0],[2.6111007910003536],['Target'],N_3,"001",2025-09-30_17h47.08.198,Visual Search Experiment_Urvashi Bhansali_13 September,,2025.2.0,122.0997493899408,2025-09-30 17h47.08.250312 +0530,
62,0,62,[np.float64(-0.1684100418410042)],[np.float64(0.3127615062761506)],[1],[0],[0],[2.5282944999999017],['Target'],62,0,62,0,152.59787070899984,,10,152.5886387089995,152.59787070899984,152.59787070899984,0.02012283300064155,155.1169945419997,[np.float64(-0.1684100418410042)],[np.float64(0.3127615062761506)],[1],[0],[0],[2.5282944999999017],['Target'],N_3,"001",2025-09-30_17h47.08.198,Visual Search Experiment_Urvashi Bhansali_13 September,,2025.2.0,122.0997493899408,2025-09-30 17h47.08.250312 +0530,
63,0,63,[np.float64(-0.12447698744769875)],[np.float64(0.2217573221757322)],[1],[0],[0],[2.994387624999945],['Target'],63,0,63,0,155.14856562499972,,10,155.13874658399982,155.14856562499972,155.14856562499972,0.0202484169994932,158.13318395899933,[np.float64(-0.12447698744769875)],[np.float64(0.2217573221757322)],[1],[0],[0],[2.994387624999945],['Target'],N_3,"001",2025-09-30_17h47.08.198,Visual Search Experiment_Urvashi Bhansali_13 September,,2025.2.0,122.0997493899408,2025-09-30 17h47.08.250312 +0530,
64,0,64,[np.float64(0.3410041841004184)],[np.float64(0.06694560669456066)],[1],[0],[0],[1.6792561250003928],['Target'],64,0,64,0,158.16320216699933,,10,158.1542830419994,158.16320216699933,158.16320216699933,0.019588666000345256,159.83358633399985,[np.float64(0.3410041841004184)],[np.float64(0.06694560669456066)],[1],[0],[0],[1.6792561250003928],['Target'],N_3,"001",2025-09-30_17h47.08.198,Visual Search Experiment_Urvashi Bhansali_13 September,,2025.2.0,122.0997493899408,2025-09-30 17h47.08.250312 +0530,
65,0,65,[np.float64(-0.058577405857740586)],[np.float64(-0.3043933054393305)],[1],[0],[0],[2.403448000000026],['Target'],65,0,65,0,159.85459758399975,,5,159.84639920900008,159.85459758399975,159.85459758399975,0.011229332999391772,162.24992787500014,[np.float64(-0.058577405857740586)],[np.float64(-0.3043933054393305)],[1],[0],[0],[2.403448000000026],['Target'],N_3,"001",2025-09-30_17h47.08.198,Visual Search Experiment_Urvashi Bhansali_13 September,,2025.2.0,122.0997493899408,2025-09-30 17h47.08.250312 +0530,
66,0,66,[np.float64(-0.2709205020920502)],[np.float64(0.448744769874477)],[1],[0],[0],[2.6256554170004165],['Target'],66,0,66,0,162.28429179199975,,10,162.27383058399937,162.28429179199975,162.28429179199975,0.022133874999781256,164.89953329199943,[np.float64(-0.2709205020920502)],[np.float64(0.448744769874477)],[1],[0],[0],[2.6256554170004165],['Target'],N_3,"001",2025-09-30_17h47.08.198,Visual Search Experiment_Urvashi Bhansali_13 September,,2025.2.0,122.0997493899408,2025-09-30 17h47.08.250312 +0530,
67,0,67,[np.float64(-0.36506276150627615)],[np.float64(-0.38389121338912136)],[1],[0],[0],[2.439295041999685],['Target'],67,0,67,0,164.91970674999993,,5,164.91150666700014,164.91970674999993,164.91970674999993,0.010964582999804406,167.35087633399962,[np.float64(-0.36506276150627615)],[np.float64(-0.38389121338912136)],[1],[0],[0],[2.439295041999685],['Target'],N_3,"001",2025-09-30_17h47.08.198,Visual Search Experiment_Urvashi Bhansali_13 September,,2025.2.0,122.0997493899408,2025-09-30 17h47.08.250312 +0530,
68,0,68,[np.float64(0.48430962343096234)],[np.float64(-0.23535564853556484)],[1],[0],[0],[3.235425208000379],['Target'],68,0,68,0,167.3734102919998,,5,167.36473862499952,167.3734102919998,167.3734102919998,0.012701750000815082,170.60024341699955,[np.float64(0.48430962343096234)],[np.float64(-0.23535564853556484)],[1],[0],[0],[3.235425208000379],['Target'],N_3,"001",2025-09-30_17h47.08.198,Visual Search Experiment_Urvashi Bhansali_13 September,,2025.2.0,122.0997493899408,2025-09-30 17h47.08.250312 +0530,
69,0,69,[np.float64(-0.0899581589958159)],[np.float64(-0.4811715481171548)],[1],[0],[0],[2.67724462499973],['Target'],69,0,69,0,170.6334620839998,,10,170.62338874999932,170.6334620839998,170.6334620839998,0.02141170799950487,173.30068137499984,[np.float64(-0.0899581589958159)],[np.float64(-0.4811715481171548)],[1],[0],[0],[2.67724462499973],['Target'],N_3,"001",2025-09-30_17h47.08.198,Visual Search Experiment_Urvashi Bhansali_13 September,,2025.2.0,122.0997493899408,2025-09-30 17h47.08.250312 +0530,
70,0,70,[np.float64(0.10774058577405858)],[np.float64(-0.07322175732217573)],[1],[0],[0],[1.6285418750003373],['Target'],70,0,70,0,173.3306653339996,,10,173.3212141670001,173.3306653339996,173.3306653339996,0.01955954200002452,174.94981395899958,[np.float64(0.10774058577405858)],[np.float64(-0.07322175732217573)],[1],[0],[0],[1.6285418750003373],['Target'],N_3,"001",2025-09-30_17h47.08.198,Visual Search Experiment_Urvashi Bhansali_13 September,,2025.2.0,122.0997493899408,2025-09-30 17h47.08.250312 +0530,
71,0,71,[np.float64(-0.0700836820083682)],[np.float64(0.1192468619246862)],[1],[0],[0],[2.996624417000021],['Target'],71,0,71,0,174.97950120899986,,10,174.97006408400011,174.97950120899986,174.97950120899986,0.018476124999324384,177.96675029200014,[np.float64(-0.0700836820083682)],[np.float64(0.1192468619246862)],[1],[0],[0],[2.996624417000021],['Target'],N_3,"001",2025-09-30_17h47.08.198,Visual Search Experiment_Urvashi Bhansali_13 September,,2025.2.0,122.0997493899408,2025-09-30 17h47.08.250312 +0530,
72,0,72,[np.float64(-0.2939330543933054)],[np.float64(0.1694560669456067)],[1],[0],[0],[2.820707124999899],['Target'],72,0,72,0,177.98701166699993,,5,177.97909399999935,177.98701166699993,177.98701166699993,0.01063537499976519,180.79986745899987,[np.float64(-0.2939330543933054)],[np.float64(0.1694560669456067)],[1],[0],[0],[2.820707124999899],['Target'],N_3,"001",2025-09-30_17h47.08.198,Visual Search Experiment_Urvashi Bhansali_13 September,,2025.2.0,122.0997493899408,2025-09-30 17h47.08.250312 +0530,
73,0,73,[np.float64(0.4874476987447699)],[np.float64(-0.26778242677824265)],[1],[0],[0],[4.7593159170000945],['Target'],73,0,73,0,180.8336858749999,,10,180.8231541669993,180.8336858749999,180.8336858749999,0.021556541999416368,185.58252025000002,[np.float64(0.4874476987447699)],[np.float64(-0.26778242677824265)],[1],[0],[0],[4.7593159170000945],['Target'],N_3,"001",2025-09-30_17h47.08.198,Visual Search Experiment_Urvashi Bhansali_13 September,,2025.2.0,122.0997493899408,2025-09-30 17h47.08.250312 +0530,
74,0,74,[np.float64(-0.46129707112970714)],[np.float64(-0.36401673640167365)],[1],[0],[0],[3.3377411250003206],['Target'],74,0,74,0,185.60378745900016,,5,185.5953488340001,185.60378745900016,185.60378745900016,0.011317999999846506,188.93315816699942,[np.float64(-0.46129707112970714)],[np.float64(-0.36401673640167365)],[1],[0],[0],[3.3377411250003206],['Target'],N_3,"001",2025-09-30_17h47.08.198,Visual Search Experiment_Urvashi Bhansali_13 September,,2025.2.0,122.0997493899408,2025-09-30 17h47.08.250312 +0530,
75,0,75,[np.float64(0.1903765690376569)],[np.float64(-0.22698744769874477)],[1],[0],[0],[1.801987542000461],['Target'],75,0,75,0,188.9570552919995,,5,188.94821770899944,188.9570552919995,188.9570552919995,0.013256166999781271,190.75026583399995,[np.float64(0.1903765690376569)],[np.float64(-0.22698744769874477)],[1],[0],[0],[1.801987542000461],['Target'],N_3,"001",2025-09-30_17h47.08.198,Visual Search Experiment_Urvashi Bhansali_13 September,,2025.2.0,122.0997493899408,2025-09-30 17h47.08.250312 +0530,
76,0,76,[np.float64(0.45083682008368203)],[np.float64(0.20815899581589958)],[1],[0],[0],[3.643839708000087],['Target'],76,0,76,0,190.7839493749998,,10,190.7734245419997,190.7839493749998,190.7839493749998,0.02150383400021383,194.4173216250001,[np.float64(0.45083682008368203)],[np.float64(0.20815899581589958)],[1],[0],[0],[3.643839708000087],['Target'],N_3,"001",2025-09-30_17h47.08.198,Visual Search Experiment_Urvashi Bhansali_13 September,,2025.2.0,122.0997493899408,2025-09-30 17h47.08.250312 +0530,
77,0,77,[np.float64(0.19874476987447698)],[np.float64(0.39539748953974896)],[1],[0],[0],[2.587517250000019],['Target'],77,0,77,0,194.4379354169996,,5,194.42972954200013,194.4379354169996,194.4379354169996,0.011469708999356953,197.01731491699957,[np.float64(0.19874476987447698)],[np.float64(0.39539748953974896)],[1],[0],[0],[2.587517250000019],['Target'],N_3,"001",2025-09-30_17h47.08.198,Visual Search Experiment_Urvashi Bhansali_13 September,,2025.2.0,122.0997493899408,2025-09-30 17h47.08.250312 +0530,
78,0,78,[np.float64(0.24790794979079497)],[np.float64(0.21652719665271966)],[1],[0],[0],[1.685505207999995],['Target'],78,0,78,0,197.04019691699978,,5,197.03143883399935,197.04019691699978,197.04019691699978,0.012419415999829653,198.71701649999977,[np.float64(0.24790794979079497)],[np.float64(0.21652719665271966)],[1],[0],[0],[1.685505207999995],['Target'],N_3,"001",2025-09-30_17h47.08.198,Visual Search Experiment_Urvashi Bhansali_13 September,,2025.2.0,122.0997493899408,2025-09-30 17h47.08.250312 +0530,
79,0,79,[np.float64(0.29602510460251047)],[np.float64(-0.18723849372384938)],[1],[0],[0],[1.8527982089999568],['Target'],79,0,79,0,198.7396512919995,,5,198.7312550839997,198.7396512919995,198.7396512919995,0.01239908400020795,200.58412591700016,[np.float64(0.29602510460251047)],[np.float64(-0.18723849372384938)],[1],[0],[0],[1.8527982089999568],['Target'],N_3,"001",2025-09-30_17h47.08.198,Visual Search Experiment_Urvashi Bhansali_13 September,,2025.2.0,122.0997493899408,2025-09-30 17h47.08.250312 +0530,
80,0,80,[np.float64(0.399581589958159)],[np.float64(0.26778242677824265)],[1],[0],[0],[1.801479875000041],['Target'],80,0,80,0,200.6073719169999,,5,200.59835616700002,200.6073719169999,200.6073719169999,0.013168499999665073,202.39989966699977,[np.float64(0.399581589958159)],[np.float64(0.26778242677824265)],[1],[0],[0],[1.801479875000041],['Target'],N_3,"001",2025-09-30_17h47.08.198,Visual Search Experiment_Urvashi Bhansali_13 September,,2025.2.0,122.0997493899408,2025-09-30 17h47.08.250312 +0530,
81,0,81,[np.float64(-0.20711297071129708)],[np.float64(0.4089958158995816)],[1],[0],[0],[1.7285838750003677],['Target'],81,0,81,0,202.43234787499932,,10,202.4221890839999,202.43234787499932,202.43234787499932,0.02085045900003024,204.15083370899993,[np.float64(-0.20711297071129708)],[np.float64(0.4089958158995816)],[1],[0],[0],[1.7285838750003677],['Target'],N_3,"001",2025-09-30_17h47.08.198,Visual Search Experiment_Urvashi Bhansali_13 September,,2025.2.0,122.0997493899408,2025-09-30 17h47.08.250312 +0530,
82,0,82,[np.float64(0.09309623430962342)],[np.float64(0.060669456066945605)],[1],[0],[0],[1.6111917500002164],['Target'],82,0,82,0,204.18212841700006,,10,204.17229549999956,204.18212841700006,204.18212841700006,0.01980225000079372,205.7835386249999,[np.float64(0.09309623430962342)],[np.float64(0.060669456066945605)],[1],[0],[0],[1.6111917500002164],['Target'],N_3,"001",2025-09-30_17h47.08.198,Visual Search Experiment_Urvashi Bhansali_13 September,,2025.2.0,122.0997493899408,2025-09-30 17h47.08.250312 +0530,
83,0,83,[np.float64(-0.25)],[np.float64(-0.3713389121338912)],[1],[0],[0],[2.08739579199937],['Target'],83,0,83,0,205.80513987499944,,5,205.79669812500015,205.80513987499944,205.80513987499944,0.01145087499935471,207.88416487499944,[np.float64(-0.25)],[np.float64(-0.3713389121338912)],[1],[0],[0],[2.08739579199937],['Target'],N_3,"001",2025-09-30_17h47.08.198,Visual Search Experiment_Urvashi Bhansali_13 September,,2025.2.0,122.0997493899408,2025-09-30 17h47.08.250312 +0530,
84,0,84,[np.float64(0.28556485355648537)],[np.float64(-0.40690376569037656)],[1],[0],[0],[1.7190082500001154],['Target'],84,0,84,0,207.90793741699963,,5,207.8990828749993,207.90793741699963,207.90793741699963,0.013837292000062007,209.6181657090001,[np.float64(0.28556485355648537)],[np.float64(-0.40690376569037656)],[1],[0],[0],[1.7190082500001154],['Target'],N_3,"001",2025-09-30_17h47.08.198,Visual Search Experiment_Urvashi Bhansali_13 September,,2025.2.0,122.0997493899408,2025-09-30 17h47.08.250312 +0530,
85,0,85,[np.float64(-0.17468619246861924)],[np.float64(-0.08891213389121339)],[1],[0],[0],[2.83599970799969],['Target'],85,0,85,0,209.64064391699958,,5,209.63176170899987,209.64064391699958,209.64064391699958,0.012672666999606008,212.46783929199955,[np.float64(-0.17468619246861924)],[np.float64(-0.08891213389121339)],[1],[0],[0],[2.83599970799969],['Target'],N_3,"001",2025-09-30_17h47.08.198,Visual Search Experiment_Urvashi Bhansali_13 September,,2025.2.0,122.0997493899408,2025-09-30 17h47.08.250312 +0530,
86,0,86,[np.float64(0.4602510460251046)],[np.float64(-0.4445606694560669)],[1],[0],[0],[1.7344974170000569],['Target'],86,0,86,0,212.49139724999986,,5,212.48255266700016,212.49139724999986,212.49139724999986,0.012864625000474916,214.21711049999976,[np.float64(0.4602510460251046)],[np.float64(-0.4445606694560669)],[1],[0],[0],[1.7344974170000569],['Target'],N_3,"001",2025-09-30_17h47.08.198,Visual Search Experiment_Urvashi Bhansali_13 September,,2025.2.0,122.0997493899408,2025-09-30 17h47.08.250312 +0530,
87,0,87,[np.float64(0.15376569037656904)],[np.float64(-0.2698744769874477)],[1],[0],[0],[1.567905083000369],['Target'],87,0,87,0,214.24036533399976,,5,214.2316690839998,214.24036533399976,214.24036533399976,0.012821166000321682,215.7996373749993,[np.float64(0.15376569037656904)],[np.float64(-0.2698744769874477)],[1],[0],[0],[1.567905083000369],['Target'],N_3,"001",2025-09-30_17h47.08.198,Visual Search Experiment_Urvashi Bhansali_13 September,,2025.2.0,122.0997493899408,2025-09-30 17h47.08.250312 +0530,
88,0,88,[np.float64(-0.4675732217573222)],[np.float64(-0.3378661087866109)],[1],[0],[0],[2.627482207999492],['Target'],88,0,88,0,215.83269612499953,,10,215.8226086249997,215.83269612499953,215.83269612499953,0.021491250000508444,218.4501423339998,[np.float64(-0.4675732217573222)],[np.float64(-0.3378661087866109)],[1],[0],[0],[2.627482207999492],['Target'],N_3,"001",2025-09-30_17h47.08.198,Visual Search Experiment_Urvashi Bhansali_13 September,,2025.2.0,122.0997493899408,2025-09-30 17h47.08.250312 +0530,
89,0,89,[np.float64(-0.12656903765690378)],[np.float64(0.13389121338912133)],[1],[0],[0],[1.5874588750002658],['Target'],89,0,89,0,218.4712209999998,,5,218.4628787089996,218.4712209999998,218.4712209999998,0.011463957999694685,220.0504052919996,[np.float64(-0.12656903765690378)],[np.float64(0.13389121338912133)],[1],[0],[0],[1.5874588750002658],['Target'],N_3,"001",2025-09-30_17h47.08.198,Visual Search Experiment_Urvashi Bhansali_13 September,,2025.2.0,122.0997493899408,2025-09-30 17h47.08.250312 +0530,
90,0,90,[np.float64(0.07740585774058577)],[np.float64(-0.08158995815899582)],[1],[0],[0],[3.6600310000003446],['Target'],90,0,90,0,220.08321375000014,,10,220.07323137499952,220.08321375000014,220.08321375000014,0.021905584000705858,223.733309792,[np.float64(0.07740585774058577)],[np.float64(-0.08158995815899582)],[1],[0],[0],[3.6600310000003446],['Target'],N_3,"001",2025-09-30_17h47.08.198,Visual Search Experiment_Urvashi Bhansali_13 September,,2025.2.0,122.0997493899408,2025-09-30 17h47.08.250312 +0530,
91,0,91,[np.float64(0.17364016736401675)],[np.float64(0.49686192468619245)],[1],[0],[0],[4.126045875000273],['Target'],91,0,91,0,223.75440549999985,,5,223.74628424999992,223.75440549999985,223.75440549999985,0.011551583999789727,227.87240983399988,[np.float64(0.17364016736401675)],[np.float64(0.49686192468619245)],[1],[0],[0],[4.126045875000273],['Target'],N_3,"001",2025-09-30_17h47.08.198,Visual Search Experiment_Urvashi Bhansali_13 September,,2025.2.0,122.0997493899408,2025-09-30 17h47.08.250312 +0530,
92,0,92,[np.float64(0.35251046025104604)],[np.float64(0.17677824267782427)],[1],[0],[0],[3.0560659160000796],['Target'],92,0,92,0,227.90352174999953,,10,227.89421179199962,227.90352174999953,227.90352174999953,0.020158125000307336,230.9503262090002,[np.float64(0.35251046025104604)],[np.float64(0.17677824267782427)],[1],[0],[0],[3.0560659160000796],['Target'],N_3,"001",2025-09-30_17h47.08.198,Visual Search Experiment_Urvashi Bhansali_13 September,,2025.2.0,122.0997493899408,2025-09-30 17h47.08.250312 +0530,
93,0,93,[np.float64(-0.4811715481171548)],[np.float64(-0.27719665271966526)],[1],[0],[0],[3.279329207999581],['Target'],93,0,93,0,230.98025120900002,,10,230.97079283399944,230.98025120900002,230.98025120900002,0.01945866699952603,234.25017220900008,[np.float64(-0.4811715481171548)],[np.float64(-0.27719665271966526)],[1],[0],[0],[3.279329207999581],['Target'],N_3,"001",2025-09-30_17h47.08.198,Visual Search Experiment_Urvashi Bhansali_13 September,,2025.2.0,122.0997493899408,2025-09-30 17h47.08.250312 +0530,
94,0,94,[np.float64(-0.1600418410041841)],[np.float64(-0.151673640167364)],[1],[0],[0],[1.804558666000048],['Target'],94,0,94,0,234.27135550000003,,5,234.26319516700005,234.27135550000003,234.27135550000003,0.011260000000220316,236.06781987500017,[np.float64(-0.1600418410041841)],[np.float64(-0.151673640167364)],[1],[0],[0],[1.804558666000048],['Target'],N_3,"001",2025-09-30_17h47.08.198,Visual Search Experiment_Urvashi Bhansali_13 September,,2025.2.0,122.0997493899408,2025-09-30 17h47.08.250312 +0530,
95,0,95,[np.float64(-0.09309623430962342)],[np.float64(-0.19560669456066945)],[1],[0],[0],[1.275044041000001],['Target'],95,0,95,0,236.10105449999992,,10,236.09094158399967,236.10105449999992,236.10105449999992,0.021296540999173885,237.3660355840002,[np.float64(-0.09309623430962342)],[np.float64(-0.19560669456066945)],[1],[0],[0],[1.275044041000001],['Target'],N_3,"001",2025-09-30_17h47.08.198,Visual Search Experiment_Urvashi Bhansali_13 September,,2025.2.0,122.0997493899408,2025-09-30 17h47.08.250312 +0530,
96,0,96,[np.float64(0.09414225941422594)],[np.float64(-0.45188284518828453)],[1],[0],[0],[4.279633749999448],['Target'],96,0,96,0,237.39592291699955,,10,237.38672099999985,237.39592291699955,237.39592291699955,0.01933858299980784,241.66640795900003,[np.float64(0.09414225941422594)],[np.float64(-0.45188284518828453)],[1],[0],[0],[4.279633749999448],['Target'],N_3,"001",2025-09-30_17h47.08.198,Visual Search Experiment_Urvashi Bhansali_13 September,,2025.2.0,122.0997493899408,2025-09-30 17h47.08.250312 +0530,
97,0,97,[np.float64(0.4895397489539749)],[np.float64(-0.25732217573221755)],[1],[0],[0],[2.0047645419999753],['Target'],97,0,97,0,241.68715695899937,,5,241.67896995899991,241.68715695899937,241.68715695899937,0.010589083000013488,243.68381416699958,[np.float64(0.4895397489539749)],[np.float64(-0.25732217573221755)],[1],[0],[0],[2.0047645419999753],['Target'],N_3,"001",2025-09-30_17h47.08.198,Visual Search Experiment_Urvashi Bhansali_13 September,,2025.2.0,122.0997493899408,2025-09-30 17h47.08.250312 +0530,
98,0,98,[np.float64(-0.009414225941422594)],[np.float64(0.1108786610878661)],[1],[0],[0],[3.6182273750000604],['Target'],98,0,98,0,243.70757820899962,,5,243.69877270899997,243.70757820899962,243.70757820899962,0.013968165999358462,247.3170694999999,[np.float64(-0.009414225941422594)],[np.float64(0.1108786610878661)],[1],[0],[0],[3.6182273750000604],['Target'],N_3,"001",2025-09-30_17h47.08.198,Visual Search Experiment_Urvashi Bhansali_13 September,,2025.2.0,122.0997493899408,2025-09-30 17h47.08.250312 +0530,
99,0,99,[np.float64(0.3075313807531381)],[np.float64(0.07322175732217573)],[1],[0],[0],[1.8263609169998745],['Target'],99,0,99,0,247.35069441699943,,10,247.3401516670001,247.35069441699943,247.35069441699943,0.02197904100012238,249.16656799999964,[np.float64(0.3075313807531381)],[np.float64(0.07322175732217573)],[1],[0],[0],[1.8263609169998745],['Target'],N_3,"001",2025-09-30_17h47.08.198,Visual Search Experiment_Urvashi Bhansali_13 September,,2025.2.0,122.0997493899408,2025-09-30 17h47.08.250312 +0530,
100,0,100,[np.float64(-0.39644351464435146)],[np.float64(0.043933054393305436)],[1],[0],[0],[2.2036211249996995],['Target'],100,0,100,0,249.18722674999935,,5,249.17909400000008,249.18722674999935,249.18722674999935,0.010859791000257246,251.38279958400017,[np.float64(-0.39644351464435146)],[np.float64(0.043933054393305436)],[1],[0],[0],[2.2036211249996995],['Target'],N_3,"001",2025-09-30_17h47.08.198,Visual Search Experiment_Urvashi Bhansali_13 September,,2025.2.0,122.0997493899408,2025-09-30 17h47.08.250312 +0530,
101,0,101,[np.float64(0.03347280334728033)],[np.float64(-0.3368200836820084)],[1],[0],[0],[1.803339957999924],['Target'],101,0,101,0,251.4054456670001,,5,251.39676133400008,251.4054456670001,251.4054456670001,0.012471665999328252,253.20016704199952,[np.float64(0.03347280334728033)],[np.float64(-0.3368200836820084)],[1],[0],[0],[1.803339957999924],['Target'],N_3,"001",2025-09-30_17h47.08.198,Visual Search Experiment_Urvashi Bhansali_13 September,,2025.2.0,122.0997493899408,2025-09-30 17h47.08.250312 +0530,
102,0,102,[np.float64(-0.4497907949790795)],[np.float64(-0.04079497907949791)],[1],[0],[0],[3.419137709000097],['Target'],102,0,102,0,253.22310791699965,,5,253.21450483399985,253.22310791699965,253.22310791699965,0.012732458000755287,256.633705792,[np.float64(-0.4497907949790795)],[np.float64(-0.04079497907949791)],[1],[0],[0],[3.419137709000097],['Target'],N_3,"001",2025-09-30_17h47.08.198,Visual Search Experiment_Urvashi Bhansali_13 September,,2025.2.0,122.0997493899408,2025-09-30 17h47.08.250312 +0530,
103,0,103,[np.float64(-0.40376569037656906)],[np.float64(0.05543933054393305)],[1],[0],[0],[2.52708100000018],['Target'],103,0,103,0,256.66642641699946,,10,256.6563077089995,256.66642641699946,256.66642641699946,0.02095954200012784,259.18343724999977,[np.float64(-0.40376569037656906)],[np.float64(0.05543933054393305)],[1],[0],[0],[2.52708100000018],['Target'],N_3,"001",2025-09-30_17h47.08.198,Visual Search Experiment_Urvashi Bhansali_13 September,,2025.2.0,122.0997493899408,2025-09-30 17h47.08.250312 +0530,
104,0,104,[np.float64(-0.23326359832635984)],[np.float64(-0.2803347280334728)],[1],[0],[0],[1.7872860840006979],['Target'],104,0,104,0,259.2046055840001,,5,259.1962122499999,259.2046055840001,259.2046055840001,0.011529583000083221,260.983581167,[np.float64(-0.23326359832635984)],[np.float64(-0.2803347280334728)],[1],[0],[0],[1.7872860840006979],['Target'],N_3,"001",2025-09-30_17h47.08.198,Visual Search Experiment_Urvashi Bhansali_13 September,,2025.2.0,122.0997493899408,2025-09-30 17h47.08.250312 +0530,
105,0,105,[np.float64(-0.49686192468619245)],[np.float64(-0.3608786610878661)],[1],[0],[0],[4.252924749999693],['Target'],105,0,105,0,261.006788959,,5,260.9979812499996,261.006788959,261.006788959,0.012700582999968901,265.25096708399997,[np.float64(-0.49686192468619245)],[np.float64(-0.3608786610878661)],[1],[0],[0],[4.252924749999693],['Target'],N_3,"001",2025-09-30_17h47.08.198,Visual Search Experiment_Urvashi Bhansali_13 September,,2025.2.0,122.0997493899408,2025-09-30 17h47.08.250312 +0530,
106,0,106,[np.float64(0.3284518828451883)],[np.float64(0.40794979079497906)],[1],[0],[0],[2.534750208999867],['Target'],106,0,106,0,265.2731592499995,,5,265.26475604200004,265.2731592499995,265.2731592499995,0.012800833000255807,267.79957958399973,[np.float64(0.3284518828451883)],[np.float64(0.40794979079497906)],[1],[0],[0],[2.534750208999867],['Target'],N_3,"001",2025-09-30_17h47.08.198,Visual Search Experiment_Urvashi Bhansali_13 September,,2025.2.0,122.0997493899408,2025-09-30 17h47.08.250312 +0530,
107,0,107,[np.float64(0.39435146443514646)],[np.float64(0.4215481171548117)],[1],[0],[0],[2.760690000000068],['Target'],107,0,107,0,267.8326153749995,,10,267.8225429999993,267.8326153749995,267.8326153749995,0.021022500000071886,270.5832847920001,[np.float64(0.39435146443514646)],[np.float64(0.4215481171548117)],[1],[0],[0],[2.760690000000068],['Target'],N_3,"001",2025-09-30_17h47.08.198,Visual Search Experiment_Urvashi Bhansali_13 September,,2025.2.0,122.0997493899408,2025-09-30 17h47.08.250312 +0530,
108,0,108,[np.float64(0.151673640167364)],[np.float64(0.1297071129707113)],[1],[0],[0],[1.9129409999995914],['Target'],108,0,108,0,270.61313033399983,,10,270.60386341699996,270.61313033399983,270.61313033399983,0.018844415999410558,272.5168547919993,[np.float64(0.151673640167364)],[np.float64(0.1297071129707113)],[1],[0],[0],[1.9129409999995914],['Target'],N_3,"001",2025-09-30_17h47.08.198,Visual Search Experiment_Urvashi Bhansali_13 September,,2025.2.0,122.0997493899408,2025-09-30 17h47.08.250312 +0530,
109,0,109,[np.float64(-0.03556485355648536)],[np.float64(-0.08682008368200837)],[1],[0],[0],[1.4622329169997101],['Target'],109,0,109,0,272.54663783399974,,10,272.5372627500001,272.54663783399974,272.54663783399974,0.019431083999734255,273.9995416669999,[np.float64(-0.03556485355648536)],[np.float64(-0.08682008368200837)],[1],[0],[0],[1.4622329169997101],['Target'],N_3,"001",2025-09-30_17h47.08.198,Visual Search Experiment_Urvashi Bhansali_13 September,,2025.2.0,122.0997493899408,2025-09-30 17h47.08.250312 +0530,
110,0,110,[np.float64(0.3064853556485356)],[np.float64(-0.22489539748953974)],[1],[0],[0],[1.4793905420001465],['Target'],110,0,110,0,274.0299706249998,,10,274.0206537919994,274.0299706249998,274.0299706249998,0.019494707999911043,275.5000926249995,[np.float64(0.3064853556485356)],[np.float64(-0.22489539748953974)],[1],[0],[0],[1.4793905420001465],['Target'],N_3,"001",2025-09-30_17h47.08.198,Visual Search Experiment_Urvashi Bhansali_13 September,,2025.2.0,122.0997493899408,2025-09-30 17h47.08.250312 +0530,
111,0,111,[np.float64(0.14853556485355648)],[np.float64(0.012552301255230125)],[1],[0],[0],[1.7619451250002385],['Target'],111,0,111,0,275.53084729199963,,10,275.5214820000001,275.53084729199963,275.53084729199963,0.02003929100010282,277.28347541699986,[np.float64(0.14853556485355648)],[np.float64(0.012552301255230125)],[1],[0],[0],[1.7619451250002385],['Target'],N_3,"001",2025-09-30_17h47.08.198,Visual Search Experiment_Urvashi Bhansali_13 September,,2025.2.0,122.0997493899408,2025-09-30 17h47.08.250312 +0530,
112,0,112,[np.float64(-0.303347280334728)],[np.float64(0.029288702928870293)],[1],[0],[0],[2.2454515410008753],['Target'],112,0,112,0,277.3143754169996,,10,277.3053147499995,277.3143754169996,277.3143754169996,0.01998825000009674,279.5508399999999,[np.float64(-0.303347280334728)],[np.float64(0.029288702928870293)],[1],[0],[0],[2.2454515410008753],['Target'],N_3,"001",2025-09-30_17h47.08.198,Visual Search Experiment_Urvashi Bhansali_13 September,,2025.2.0,122.0997493899408,2025-09-30 17h47.08.250312 +0530,
113,0,113,[np.float64(-0.16317991631799164)],[np.float64(-0.1799163179916318)],[1],[0],[0],[1.5268399999995381],['Target'],113,0,113,0,279.5829287919996,,10,279.57300979199954,279.5829287919996,279.5829287919996,0.0205624580003132,281.0999106669997,[np.float64(-0.16317991631799164)],[np.float64(-0.1799163179916318)],[1],[0],[0],[1.5268399999995381],['Target'],N_3,"001",2025-09-30_17h47.08.198,Visual Search Experiment_Urvashi Bhansali_13 September,,2025.2.0,122.0997493899408,2025-09-30 17h47.08.250312 +0530,
114,0,114,[np.float64(-0.48430962343096234)],[np.float64(0.17573221757322174)],[1],[0],[0],[1.620391292000022],['Target'],114,0,114,0,281.12100912499955,,5,281.11293229199964,281.12100912499955,281.12100912499955,0.01131366700064973,282.73339187500005,[np.float64(-0.48430962343096234)],[np.float64(0.17573221757322174)],[1],[0],[0],[1.620391292000022],['Target'],N_3,"001",2025-09-30_17h47.08.198,Visual Search Experiment_Urvashi Bhansali_13 September,,2025.2.0,122.0997493899408,2025-09-30 17h47.08.250312 +0530,
115,0,115,[np.float64(0.20292887029288703)],[np.float64(-0.06799163179916318)],[1],[0],[0],[2.7606619999996838],['Target'],115,0,115,0,282.76601437499994,,10,282.755974959,282.76601437499994,282.76601437499994,0.02092812499995489,285.5166892090001,[np.float64(0.20292887029288703)],[np.float64(-0.06799163179916318)],[1],[0],[0],[2.7606619999996838],['Target'],N_3,"001",2025-09-30_17h47.08.198,Visual Search Experiment_Urvashi Bhansali_13 September,,2025.2.0,122.0997493899408,2025-09-30 17h47.08.250312 +0530,
116,0,116,[np.float64(-0.3399581589958159)],[np.float64(0.3253138075313807)],[1],[0],[0],[1.9217492500001754],['Target'],116,0,116,0,285.53780262500004,,5,285.5294546669993,285.53780262500004,285.53780262500004,0.011602624999795808,287.45127066699933,[np.float64(-0.3399581589958159)],[np.float64(0.3253138075313807)],[1],[0],[0],[1.9217492500001754],['Target'],N_3,"001",2025-09-30_17h47.08.198,Visual Search Experiment_Urvashi Bhansali_13 September,,2025.2.0,122.0997493899408,2025-09-30 17h47.08.250312 +0530,
117,0,117,[np.float64(0.32217573221757323)],[np.float64(-0.48430962343096234)],[1],[0],[0],[2.3014126250000118],['Target'],117,0,117,0,287.4744444170001,,5,287.4656381249997,287.4744444170001,287.4744444170001,0.013387500000135333,289.7671220839993,[np.float64(0.32217573221757323)],[np.float64(-0.48430962343096234)],[1],[0],[0],[2.3014126250000118],['Target'],N_3,"001",2025-09-30_17h47.08.198,Visual Search Experiment_Urvashi Bhansali_13 September,,2025.2.0,122.0997493899408,2025-09-30 17h47.08.250312 +0530,
118,0,118,[np.float64(-0.013598326359832637)],[np.float64(0.25313807531380755)],[1],[0],[0],[2.370190833000379],['Target'],118,0,118,0,289.78934854199997,,5,289.7807407499995,289.78934854199997,289.78934854199997,0.012693958999989263,292.1510400419993,[np.float64(-0.013598326359832637)],[np.float64(0.25313807531380755)],[1],[0],[0],[2.370190833000379],['Target'],N_3,"001",2025-09-30_17h47.08.198,Visual Search Experiment_Urvashi Bhansali_13 September,,2025.2.0,122.0997493899408,2025-09-30 17h47.08.250312 +0530,
119,0,119,[np.float64(0.0700836820083682)],[np.float64(0.41527196652719667)],[1],[0],[0],[1.5508710000003703],['Target'],119,0,119,0,292.1745612499999,,5,292.1656305839997,292.1745612499999,292.1745612499999,0.012848583000049985,293.7165677919993,[np.float64(0.0700836820083682)],[np.float64(0.41527196652719667)],[1],[0],[0],[1.5508710000003703],['Target'],N_3,"001",2025-09-30_17h47.08.198,Visual Search Experiment_Urvashi Bhansali_13 September,,2025.2.0,122.0997493899408,2025-09-30 17h47.08.250312 +0530,
120,0,120,[np.float64(0.12552301255230125)],[np.float64(0.448744769874477)],[1],[0],[0],[1.2606824160002361],['Target'],120,0,120,0,293.7494203339993,,10,293.7393884590001,293.7494203339993,293.7494203339993,0.021174250000512984,295.00012170899936,[np.float64(0.12552301255230125)],[np.float64(0.448744769874477)],[1],[0],[0],[1.2606824160002361],['Target'],N_3,"001",2025-09-30_17h47.08.198,Visual Search Experiment_Urvashi Bhansali_13 September,,2025.2.0,122.0997493899408,2025-09-30 17h47.08.250312 +0530,
121,0,121,[np.float64(-0.14748953974895398)],[np.float64(-0.3723849372384937)],[1],[0],[0],[2.6120011659995725],['Target'],121,0,121,0,295.03031099999953,,10,295.0209317919998,295.03031099999953,295.03031099999953,0.01955670799998188,297.6329792919996,[np.float64(-0.14748953974895398)],[np.float64(-0.3723849372384937)],[1],[0],[0],[2.6120011659995725],['Target'],N_3,"001",2025-09-30_17h47.08.198,Visual Search Experiment_Urvashi Bhansali_13 September,,2025.2.0,122.0997493899408,2025-09-30 17h47.08.250312 +0530,
122,0,122,[np.float64(-0.3399581589958159)],[np.float64(-0.1192468619246862)],[1],[0],[0],[1.9794162919997689],['Target'],122,0,122,0,297.66333479199966,,10,297.6539662919995,297.66333479199966,297.66333479199966,0.019807000000582775,299.63342912499957,[np.float64(-0.3399581589958159)],[np.float64(-0.1192468619246862)],[1],[0],[0],[1.9794162919997689],['Target'],N_3,"001",2025-09-30_17h47.08.198,Visual Search Experiment_Urvashi Bhansali_13 September,,2025.2.0,122.0997493899408,2025-09-30 17h47.08.250312 +0530,
123,0,123,[np.float64(-0.3148535564853556)],[np.float64(0.06589958158995816)],[1],[0],[0],[2.33795312500024],['Target'],123,0,123,0,299.6546105839998,,5,299.64619083399975,299.6546105839998,299.6546105839998,0.011452875000031781,301.98422808399937,[np.float64(-0.3148535564853556)],[np.float64(0.06589958158995816)],[1],[0],[0],[2.33795312500024],['Target'],N_3,"001",2025-09-30_17h47.08.198,Visual Search Experiment_Urvashi Bhansali_13 September,,2025.2.0,122.0997493899408,2025-09-30 17h47.08.250312 +0530,
124,0,124,[np.float64(-0.3148535564853556)],[np.float64(0.06589958158995816)],[1],[0],[0],[0.4755408749997514],[None],124,0,124,0,302.01738812499934,,10,302.00758441699963,302.01738812499934,302.01738812499934,0.021716416999879584,302.4831683749999,[np.float64(-0.3148535564853556)],[np.float64(0.06589958158995816)],[1],[0],[0],[0.4755408749997514],[None],N_3,"001",2025-09-30_17h47.08.198,Visual Search Experiment_Urvashi Bhansali_13 September,,2025.2.0,122.0997493899408,2025-09-30 17h47.08.250312 +0530,
125,0,125,[np.float64(0.33577405857740583)],[np.float64(-0.25)],[1],[0],[0],[2.346487917000559],['Target'],125,0,125,0,302.5128059589997,,10,302.50348370899974,302.5128059589997,302.5128059589997,0.019208040999728837,304.85003458399933,[np.float64(0.33577405857740583)],[np.float64(-0.25)],[1],[0],[0],[2.346487917000559],['Target'],N_3,"001",2025-09-30_17h47.08.198,Visual Search Experiment_Urvashi Bhansali_13 September,,2025.2.0,122.0997493899408,2025-09-30 17h47.08.250312 +0530,
126,0,126,[np.float64(0.053347280334728034)],[np.float64(-0.06903765690376569)],[1],[0],[0],[1.4700867500005188],['Target'],126,0,126,0,304.87135208400014,,5,304.863063584,304.87135208400014,304.87135208400014,0.011541417000444198,306.33321770899965,[np.float64(0.053347280334728034)],[np.float64(-0.06903765690376569)],[1],[0],[0],[1.4700867500005188],['Target'],N_3,"001",2025-09-30_17h47.08.198,Visual Search Experiment_Urvashi Bhansali_13 September,,2025.2.0,122.0997493899408,2025-09-30 17h47.08.250312 +0530,
127,0,127,[np.float64(-0.2510460251046025)],[np.float64(0.41631799163179917)],[1],[0],[0],[2.2280795830001807],['Target'],127,0,127,0,306.36547337499997,,10,306.3554570420001,306.36547337499997,306.36547337499997,0.02037366700005805,308.5835918339999,[np.float64(-0.2510460251046025)],[np.float64(0.41631799163179917)],[1],[0],[0],[2.2280795830001807],['Target'],N_3,"001",2025-09-30_17h47.08.198,Visual Search Experiment_Urvashi Bhansali_13 September,,2025.2.0,122.0997493899408,2025-09-30 17h47.08.250312 +0530,
128,0,128,[np.float64(0.2175732217573222)],[np.float64(0.35564853556485354)],[1],[0],[0],[1.644871874999808],['Target'],128,0,128,0,308.6142857499999,,10,308.605157125,308.6142857499999,308.6142857499999,0.020234125000570202,310.25008908400014,[np.float64(0.2175732217573222)],[np.float64(0.35564853556485354)],[1],[0],[0],[1.644871874999808],['Target'],N_3,"001",2025-09-30_17h47.08.198,Visual Search Experiment_Urvashi Bhansali_13 September,,2025.2.0,122.0997493899408,2025-09-30 17h47.08.250312 +0530,
129,0,129,[np.float64(0.08891213389121339)],[np.float64(0.4320083682008368)],[1],[0],[0],[2.962134207999952],['Target'],129,0,129,0,310.2804042500002,,10,310.2710901669998,310.2804042500002,310.2804042500002,0.01919050000014977,313.2332749999996,[np.float64(0.08891213389121339)],[np.float64(0.4320083682008368)],[1],[0],[0],[2.962134207999952],['Target'],N_3,"001",2025-09-30_17h47.08.198,Visual Search Experiment_Urvashi Bhansali_13 September,,2025.2.0,122.0997493899408,2025-09-30 17h47.08.250312 +0530,
130,0,130,[np.float64(0.48640167364016734)],[np.float64(-0.20188284518828453)],[1],[0],[0],[3.712782959000833],['Target'],130,0,130,0,313.26324812499934,,10,313.2541778340001,313.26324812499934,313.26324812499934,0.019329208000272047,316.967023917,[np.float64(0.48640167364016734)],[np.float64(-0.20188284518828453)],[1],[0],[0],[3.712782959000833],['Target'],N_3,"001",2025-09-30_17h47.08.198,Visual Search Experiment_Urvashi Bhansali_13 September,,2025.2.0,122.0997493899408,2025-09-30 17h47.08.250312 +0530,
131,0,131,[np.float64(0.47594142259414224)],[np.float64(-0.3577405857740586)],[1],[0],[0],[1.5447630000007848],['Target'],131,0,131,0,316.997177792,,10,316.9883341670002,316.997177792,316.997177792,0.019508875000610715,318.5331437089999,[np.float64(0.47594142259414224)],[np.float64(-0.3577405857740586)],[1],[0],[0],[1.5447630000007848],['Target'],N_3,"001",2025-09-30_17h47.08.198,Visual Search Experiment_Urvashi Bhansali_13 September,,2025.2.0,122.0997493899408,2025-09-30 17h47.08.250312 +0530,
132,0,132,[np.float64(0.47594142259414224)],[np.float64(-0.3577405857740586)],[1],[0],[0],[0.40523220900013257],[None],132,0,132,0,318.5546033749997,,5,318.54608058399936,318.5546033749997,318.5546033749997,0.011607084000388568,318.9513767919998,[np.float64(0.47594142259414224)],[np.float64(-0.3577405857740586)],[1],[0],[0],[0.40523220900013257],[None],N_3,"001",2025-09-30_17h47.08.198,Visual Search Experiment_Urvashi Bhansali_13 September,,2025.2.0,122.0997493899408,2025-09-30 17h47.08.250312 +0530,
133,0,133,[np.float64(0.15481171548117154)],[np.float64(0.40690376569037656)],[1],[0],[0],[2.4477505830000155],['Target'],133,0,133,0,318.9740058339994,,5,318.9653144999993,318.9740058339994,318.9740058339994,0.012988582999241771,321.4132477919993,[np.float64(0.15481171548117154)],[np.float64(0.40690376569037656)],[1],[0],[0],[2.4477505830000155],['Target'],N_3,"001",2025-09-30_17h47.08.198,Visual Search Experiment_Urvashi Bhansali_13 September,,2025.2.0,122.0997493899408,2025-09-30 17h47.08.250312 +0530,
134,0,134,[np.float64(-0.060669456066945605)],[np.float64(0.13598326359832635)],[1],[0],[0],[1.990432624999812],['Target'],134,0,134,0,321.45321174999935,,10,321.44253233400013,321.45321174999935,321.45321174999935,0.02748200000041834,323.43300820900004,[np.float64(-0.060669456066945605)],[np.float64(0.13598326359832635)],[1],[0],[0],[1.990432624999812],['Target'],N_3,"001",2025-09-30_17h47.08.198,Visual Search Experiment_Urvashi Bhansali_13 September,,2025.2.0,122.0997493899408,2025-09-30 17h47.08.250312 +0530,
135,0,135,[np.float64(0.1412133891213389)],[np.float64(-0.032426778242677826)],[1],[0],[0],[1.6046714590002011],['Target'],135,0,135,0,323.4544247089998,,5,323.44597641699966,323.4544247089998,323.4544247089998,0.011729958000614715,325.0507195,[np.float64(0.1412133891213389)],[np.float64(-0.032426778242677826)],[1],[0],[0],[1.6046714590002011],['Target'],N_3,"001",2025-09-30_17h47.08.198,Visual Search Experiment_Urvashi Bhansali_13 September,,2025.2.0,122.0997493899408,2025-09-30 17h47.08.250312 +0530,
136,0,136,[np.float64(0.25)],[np.float64(0.4497907949790795)],[1],[0],[0],[2.2428086669997356],['Target'],136,0,136,0,325.0833806669998,,10,325.07315537500017,325.0833806669998,325.0833806669998,0.02045341700068093,327.3160105420002,[np.float64(0.25)],[np.float64(0.4497907949790795)],[1],[0],[0],[2.2428086669997356],['Target'],N_3,"001",2025-09-30_17h47.08.198,Visual Search Experiment_Urvashi Bhansali_13 September,,2025.2.0,122.0997493899408,2025-09-30 17h47.08.250312 +0530,
137,0,137,[np.float64(0.3598326359832636)],[np.float64(-0.38284518828451886)],[1],[0],[0],[2.619479957999829],['Target'],137,0,137,0,327.38839595899935,,10,327.3805296669998,327.38839595899935,327.38839595899935,0.06317120800031262,330.0000588749999,[np.float64(0.3598326359832636)],[np.float64(-0.38284518828451886)],[1],[0],[0],[2.619479957999829],['Target'],N_3,"001",2025-09-30_17h47.08.198,Visual Search Experiment_Urvashi Bhansali_13 September,,2025.2.0,122.0997493899408,2025-09-30 17h47.08.250312 +0530,
138,0,138,[np.float64(0.14330543933054393)],[np.float64(0.39539748953974896)],[1],[0],[0],[2.513253541999802],['Target'],138,0,138,0,330.0302583749999,,10,330.02109174999987,330.0302583749999,330.0302583749999,0.019759333000365586,332.53439408399936,[np.float64(0.14330543933054393)],[np.float64(0.39539748953974896)],[1],[0],[0],[2.513253541999802],['Target'],N_3,"001",2025-09-30_17h47.08.198,Visual Search Experiment_Urvashi Bhansali_13 September,,2025.2.0,122.0997493899408,2025-09-30 17h47.08.250312 +0530,
139,0,139,[np.float64(-0.36715481171548114)],[np.float64(0.04497907949790795)],[1],[0],[0],[3.044991833000495],['Target'],139,0,139,0,332.56412999999975,,10,332.55484174999947,332.56412999999975,332.56412999999975,0.019463542000266898,335.5998960420002,[np.float64(-0.36715481171548114)],[np.float64(0.04497907949790795)],[1],[0],[0],[3.044991833000495],['Target'],N_3,"001",2025-09-30_17h47.08.198,Visual Search Experiment_Urvashi Bhansali_13 September,,2025.2.0,122.0997493899408,2025-09-30 17h47.08.250312 +0530,
140,0,140,[np.float64(-0.08786610878661087)],[np.float64(-0.48221757322175735)],[1],[0],[0],[3.511449665999862],['Target'],140,0,140,0,335.63067387499996,,10,335.62121633399966,335.63067387499996,335.63067387499996,0.019786666999607405,339.13271483399967,[np.float64(-0.08786610878661087)],[np.float64(-0.48221757322175735)],[1],[0],[0],[3.511449665999862],['Target'],N_3,"001",2025-09-30_17h47.08.198,Visual Search Experiment_Urvashi Bhansali_13 September,,2025.2.0,122.0997493899408,2025-09-30 17h47.08.250312 +0530,
141,0,141,[np.float64(0.3682008368200837)],[np.float64(0.3619246861924686)],[1],[0],[0],[3.1888402919994405],['Target'],141,0,141,0,339.15351820900014,,5,339.1454240839994,339.15351820900014,339.15351820900014,0.011546959000042989,342.33433950000017,[np.float64(0.3682008368200837)],[np.float64(0.3619246861924686)],[1],[0],[0],[3.1888402919994405],['Target'],N_3,"001",2025-09-30_17h47.08.198,Visual Search Experiment_Urvashi Bhansali_13 September,,2025.2.0,122.0997493899408,2025-09-30 17h47.08.250312 +0530,
142,0,142,[np.float64(-0.29602510460251047)],[np.float64(0.0596234309623431)],[1],[0],[0],[2.6263954589994682],['Target'],142,0,142,0,342.3675717919996,,10,342.35681487500005,342.3675717919996,342.3675717919996,0.021540458000345097,344.983270834,[np.float64(-0.29602510460251047)],[np.float64(0.0596234309623431)],[1],[0],[0],[2.6263954589994682],['Target'],N_3,"001",2025-09-30_17h47.08.198,Visual Search Experiment_Urvashi Bhansali_13 September,,2025.2.0,122.0997493899408,2025-09-30 17h47.08.250312 +0530,
143,0,143,[np.float64(0.34623430962343094)],[np.float64(-0.1600418410041841)],[1],[0],[0],[2.294085666000683],['Target'],143,0,143,0,345.01401508399977,,10,345.0049253749994,345.01401508399977,345.01401508399977,0.019983250000223052,347.2990580839996,[np.float64(0.34623430962343094)],[np.float64(-0.1600418410041841)],[1],[0],[0],[2.294085666000683],['Target'],N_3,"001",2025-09-30_17h47.08.198,Visual Search Experiment_Urvashi Bhansali_13 September,,2025.2.0,122.0997493899408,2025-09-30 17h47.08.250312 +0530,
144,0,144,[np.float64(0.27719665271966526)],[np.float64(-0.28661087866108786)],[1],[0],[0],[5.564750374999676],['Target'],144,0,144,0,347.3276672920001,,10,347.3181103749994,347.3276672920001,347.3276672920001,0.017876708000585495,352.8829150419997,[np.float64(0.27719665271966526)],[np.float64(-0.28661087866108786)],[1],[0],[0],[5.564750374999676],['Target'],N_3,"001",2025-09-30_17h47.08.198,Visual Search Experiment_Urvashi Bhansali_13 September,,2025.2.0,122.0997493899408,2025-09-30 17h47.08.250312 +0530,
145,0,145,[np.float64(0.4110878661087866)],[np.float64(-0.348326359832636)],[1],[0],[0],[1.9879494589995375],['Target'],145,0,145,0,352.90354870899955,,5,352.8956191669995,352.90354870899955,352.90354870899955,0.011121625000669155,354.88365149999936,[np.float64(0.4110878661087866)],[np.float64(-0.348326359832636)],[1],[0],[0],[1.9879494589995375],['Target'],N_3,"001",2025-09-30_17h47.08.198,Visual Search Experiment_Urvashi Bhansali_13 September,,2025.2.0,122.0997493899408,2025-09-30 17h47.08.250312 +0530,
146,0,146,[np.float64(0.48221757322175735)],[np.float64(-0.016736401673640166)],[1],[0],[0],[1.818863374999637],['Target'],146,0,146,0,354.90692812499947,,5,354.8981811249996,354.90692812499947,354.90692812499947,0.012731665999126562,356.7171315839996,[np.float64(0.48221757322175735)],[np.float64(-0.016736401673640166)],[1],[0],[0],[1.818863374999637],['Target'],N_3,"001",2025-09-30_17h47.08.198,Visual Search Experiment_Urvashi Bhansali_13 September,,2025.2.0,122.0997493899408,2025-09-30 17h47.08.250312 +0530,
147,0,147,[np.float64(-0.303347280334728)],[np.float64(0.17573221757322174)],[1],[0],[0],[1.7764938750005967],['Target'],147,0,147,0,356.75097745899984,,10,356.740180625,356.75097745899984,356.75097745899984,0.021179042000767367,358.51676425000005,[np.float64(-0.303347280334728)],[np.float64(0.17573221757322174)],[1],[0],[0],[1.7764938750005967],['Target'],N_3,"001",2025-09-30_17h47.08.198,Visual Search Experiment_Urvashi Bhansali_13 September,,2025.2.0,122.0997493899408,2025-09-30 17h47.08.250312 +0530,
148,0,148,[np.float64(0.47384937238493724)],[np.float64(0.04707112970711297)],[1],[0],[0],[1.8537098329998116],['Target'],148,0,148,0,358.53799970899945,,5,358.5297058749993,358.53799970899945,358.53799970899945,0.01144174999990355,360.3834945419994,[np.float64(0.47384937238493724)],[np.float64(0.04707112970711297)],[1],[0],[0],[1.8537098329998116],['Target'],N_3,"001",2025-09-30_17h47.08.198,Visual Search Experiment_Urvashi Bhansali_13 September,,2025.2.0,122.0997493899408,2025-09-30 17h47.08.250312 +0530,
149,0,149,[np.float64(0.17259414225941422)],[np.float64(0.4592050209205021)],[1],[0],[0],[3.451953124999818],['Target'],149,0,149,0,360.40638595899964,,5,360.3978256669998,360.40638595899964,360.40638595899964,0.012370332999125822,363.8498439169998,[np.float64(0.17259414225941422)],[np.float64(0.4592050209205021)],[1],[0],[0],[3.451953124999818],['Target'],N_3,"001",2025-09-30_17h47.08.198,Visual Search Experiment_Urvashi Bhansali_13 September,,2025.2.0,122.0997493899408,2025-09-30 17h47.08.250312 +0530,
150,0,150,[np.float64(0.26359832635983266)],[np.float64(-0.38389121338912136)],[1],[0],[0],[2.802686167000502],['Target'],150,0,150,0,363.8730609589993,,5,363.8643185000001,363.8730609589993,363.8730609589993,0.012809584000024188,366.6670667919998,[np.float64(0.26359832635983266)],[np.float64(-0.38389121338912136)],[1],[0],[0],[2.802686167000502],['Target'],N_3,"001",2025-09-30_17h47.08.198,Visual Search Experiment_Urvashi Bhansali_13 September,,2025.2.0,122.0997493899408,2025-09-30 17h47.08.250312 +0530,
151,0,151,[np.float64(-0.3493723849372385)],[np.float64(0.3702928870292887)],[1],[0],[0],[4.351874124999995],['Target'],151,0,151,0,366.6902558749998,,5,366.6815024999996,366.6902558749998,366.6902558749998,0.013498792000063986,371.0334473339999,[np.float64(-0.3493723849372385)],[np.float64(0.3702928870292887)],[1],[0],[0],[4.351874124999995],['Target'],N_3,"001",2025-09-30_17h47.08.198,Visual Search Experiment_Urvashi Bhansali_13 September,,2025.2.0,122.0997493899408,2025-09-30 17h47.08.250312 +0530,
152,0,152,[np.float64(0.24163179916317992)],[np.float64(-0.14330543933054393)],[1],[0],[0],[4.385500249999495],['Target'],152,0,152,0,371.0568967089994,,5,371.0480832919993,371.0568967089994,371.0568967089994,0.012999958000364131,375.4336548749998,[np.float64(0.24163179916317992)],[np.float64(-0.14330543933054393)],[1],[0],[0],[4.385500249999495],['Target'],N_3,"001",2025-09-30_17h47.08.198,Visual Search Experiment_Urvashi Bhansali_13 September,,2025.2.0,122.0997493899408,2025-09-30 17h47.08.250312 +0530,
153,0,153,[np.float64(0.24163179916317992)],[np.float64(-0.14330543933054393)],[1],[0],[0],[0.17679874999976164],[None],153,0,153,0,375.4660512499995,,10,375.4560827919995,375.4660512499995,375.4660512499995,0.02149737499985349,375.6329211249995,[np.float64(0.24163179916317992)],[np.float64(-0.14330543933054393)],[1],[0],[0],[0.17679874999976164],[None],N_3,"001",2025-09-30_17h47.08.198,Visual Search Experiment_Urvashi Bhansali_13 September,,2025.2.0,122.0997493899408,2025-09-30 17h47.08.250312 +0530,
154,0,154,[np.float64(-0.252092050209205)],[np.float64(0.4560669456066946)],[1],[0],[0],[2.537979875000019],['Target'],154,0,154,0,375.65259625,,5,375.64503879199947,375.65259625,375.65259625,0.011152999999467283,378.18308416699983,[np.float64(-0.252092050209205)],[np.float64(0.4560669456066946)],[1],[0],[0],[2.537979875000019],['Target'],N_3,"001",2025-09-30_17h47.08.198,Visual Search Experiment_Urvashi Bhansali_13 September,,2025.2.0,122.0997493899408,2025-09-30 17h47.08.250312 +0530,
155,0,155,[np.float64(0.3023012552301255)],[np.float64(0.13912133891213388)],[1],[0],[0],[2.4682182500000636],['Target'],155,0,155,0,378.206669917,,5,378.19778258399947,378.206669917,378.206669917,0.013050958999883733,380.6660598339995,[np.float64(0.3023012552301255)],[np.float64(0.13912133891213388)],[1],[0],[0],[2.4682182500000636],['Target'],N_3,"001",2025-09-30_17h47.08.198,Visual Search Experiment_Urvashi Bhansali_13 September,,2025.2.0,122.0997493899408,2025-09-30 17h47.08.250312 +0530,
156,0,156,[np.float64(0.2405857740585774)],[np.float64(0.151673640167364)],[1],[0],[0],[1.3447014590001345],['Target'],156,0,156,0,380.69844654200006,,10,380.6886267919999,380.69844654200006,380.69844654200006,0.020611000000826607,382.0333752919996,[np.float64(0.2405857740585774)],[np.float64(0.151673640167364)],[1],[0],[0],[1.3447014590001345],['Target'],N_3,"001",2025-09-30_17h47.08.198,Visual Search Experiment_Urvashi Bhansali_13 September,,2025.2.0,122.0997493899408,2025-09-30 17h47.08.250312 +0530,
157,0,157,[np.float64(0.1799163179916318)],[np.float64(0.2186192468619247)],[1],[0],[0],[2.478942540999924],['Target'],157,0,157,0,382.0635713749998,,10,382.0545159590001,382.0635713749998,382.0635713749998,0.01951691700014635,384.5335142919994,[np.float64(0.1799163179916318)],[np.float64(0.2186192468619247)],[1],[0],[0],[2.478942540999924],['Target'],N_3,"001",2025-09-30_17h47.08.198,Visual Search Experiment_Urvashi Bhansali_13 September,,2025.2.0,122.0997493899408,2025-09-30 17h47.08.250312 +0530,
158,0,158,[np.float64(0.4351464435146444)],[np.float64(0.47384937238493724)],[1],[0],[0],[1.8495629589997407],['Target'],158,0,158,0,384.56346162499995,,10,384.55426949999946,384.56346162499995,384.56346162499995,0.019157957999595965,386.403905917,[np.float64(0.4351464435146444)],[np.float64(0.47384937238493724)],[1],[0],[0],[1.8495629589997407],['Target'],N_3,"001",2025-09-30_17h47.08.198,Visual Search Experiment_Urvashi Bhansali_13 September,,2025.2.0,122.0997493899408,2025-09-30 17h47.08.250312 +0530,
159,0,159,[np.float64(-0.17468619246861924)],[np.float64(0.10774058577405858)],[1],[0],[0],[2.600339499999791],['Target'],159,0,159,0,386.42424358399967,,5,386.41693204199964,386.42424358399967,386.42424358399967,0.011215958999855502,389.01734116699936,[np.float64(-0.17468619246861924)],[np.float64(0.10774058577405858)],[1],[0],[0],[2.600339499999791],['Target'],N_3,"001",2025-09-30_17h47.08.198,Visual Search Experiment_Urvashi Bhansali_13 September,,2025.2.0,122.0997493899408,2025-09-30 17h47.08.250312 +0530,
160,0,160,[np.float64(0.0031380753138075313)],[np.float64(0.0)],[1],[0],[0],[11.184751249999863],[None],160,0,160,0,389.0408632919998,,5,389.03194833399994,389.0408632919998,389.0408632919998,0.012884000000667584,400.2167617089999,[np.float64(0.0031380753138075313)],[np.float64(0.0)],[1],[0],[0],[11.184751249999863],[None],N_3,"001",2025-09-30_17h47.08.198,Visual Search Experiment_Urvashi Bhansali_13 September,,2025.2.0,122.0997493899408,2025-09-30 17h47.08.250312 +0530,
161,0,161,[np.float64(-0.35355648535564854)],[np.float64(-0.16213389121338911)],[1],[0],[0],[2.0189173750004556],['Target'],161,0,161,0,400.23902091699983,,5,400.23047249999945,400.23902091699983,400.23902091699983,0.011975499999607564,402.24945420899985,[np.float64(-0.35355648535564854)],[np.float64(-0.16213389121338911)],[1],[0],[0],[2.0189173750004556],['Target'],N_3,"001",2025-09-30_17h47.08.198,Visual Search Experiment_Urvashi Bhansali_13 September,,2025.2.0,122.0997493899408,2025-09-30 17h47.08.250312 +0530,
162,0,162,[np.float64(0.20711297071129708)],[np.float64(-0.2730125523012552)],[1],[0],[0],[2.2933650839995607],['Target'],162,0,162,0,402.2830865420001,,10,402.2727037499999,402.2830865420001,402.2830865420001,0.02180891599982715,404.5661202499996,[np.float64(0.20711297071129708)],[np.float64(-0.2730125523012552)],[1],[0],[0],[2.2933650839995607],['Target'],N_3,"001",2025-09-30_17h47.08.198,Visual Search Experiment_Urvashi Bhansali_13 September,,2025.2.0,122.0997493899408,2025-09-30 17h47.08.250312 +0530,
163,0,163,[np.float64(-0.13493723849372385)],[np.float64(-0.05230125523012552)],[1],[0],[0],[1.5380957919996945],['Target'],163,0,163,0,404.5871847499993,,5,404.5789266669999,404.5871847499993,404.5871847499993,0.011475291999886394,406.11709379199965,[np.float64(-0.13493723849372385)],[np.float64(-0.05230125523012552)],[1],[0],[0],[1.5380957919996945],['Target'],N_3,"001",2025-09-30_17h47.08.198,Visual Search Experiment_Urvashi Bhansali_13 September,,2025.2.0,122.0997493899408,2025-09-30 17h47.08.250312 +0530,
164,0,164,[np.float64(-0.4372384937238494)],[np.float64(0.19351464435146443)],[1],[0],[0],[1.9270916659997965],['Target'],164,0,164,0,406.15024458399967,,10,406.13969429200006,406.15024458399967,406.15024458399967,0.0216250419998687,408.066829417,[np.float64(-0.4372384937238494)],[np.float64(0.19351464435146443)],[1],[0],[0],[1.9270916659997965],['Target'],N_3,"001",2025-09-30_17h47.08.198,Visual Search Experiment_Urvashi Bhansali_13 September,,2025.2.0,122.0997493899408,2025-09-30 17h47.08.250312 +0530,
165,0,165,[np.float64(0.08682008368200837)],[np.float64(0.04184100418410042)],[1],[0],[0],[2.388242667000668],['Target'],165,0,165,0,408.0873705419999,,5,408.0790454170001,408.0873705419999,408.0873705419999,0.011247499999626598,410.4673620419999,[np.float64(0.08682008368200837)],[np.float64(0.04184100418410042)],[1],[0],[0],[2.388242667000668],['Target'],N_3,"001",2025-09-30_17h47.08.198,Visual Search Experiment_Urvashi Bhansali_13 September,,2025.2.0,122.0997493899408,2025-09-30 17h47.08.250312 +0530,
166,0,166,[np.float64(-0.3138075313807531)],[np.float64(-0.04184100418410042)],[1],[0],[0],[1.7928570829999444],['Target'],166,0,166,0,410.4997585000001,,10,410.48981033400014,410.4997585000001,410.4997585000001,0.02137633399979677,412.28271258399946,[np.float64(-0.3138075313807531)],[np.float64(-0.04184100418410042)],[1],[0],[0],[1.7928570829999444],['Target'],N_3,"001",2025-09-30_17h47.08.198,Visual Search Experiment_Urvashi Bhansali_13 September,,2025.2.0,122.0997493899408,2025-09-30 17h47.08.250312 +0530,
167,0,167,[np.float64(-0.3723849372384937)],[np.float64(0.45502092050209203)],[1],[0],[0],[2.8126581250007803],['Target'],167,0,167,0,412.31267095899966,,10,412.30365291699945,412.31267095899966,412.31267095899966,0.019875750000210246,415.11635829199986,[np.float64(-0.3723849372384937)],[np.float64(0.45502092050209203)],[1],[0],[0],[2.8126581250007803],['Target'],N_3,"001",2025-09-30_17h47.08.198,Visual Search Experiment_Urvashi Bhansali_13 September,,2025.2.0,122.0997493899408,2025-09-30 17h47.08.250312 +0530,
168,0,168,[np.float64(-0.1098326359832636)],[np.float64(-0.13179916317991633)],[1],[0],[0],[2.1375604579998253],['Target'],168,0,168,0,415.1375871249993,,5,415.1293364590001,415.1375871249993,415.1375871249993,0.011352291000548576,417.2669634999993,[np.float64(-0.1098326359832636)],[np.float64(-0.13179916317991633)],[1],[0],[0],[2.1375604579998253],['Target'],N_3,"001",2025-09-30_17h47.08.198,Visual Search Experiment_Urvashi Bhansali_13 September,,2025.2.0,122.0997493899408,2025-09-30 17h47.08.250312 +0530,
169,0,169,[np.float64(0.4686192468619247)],[np.float64(-0.09518828451882845)],[1],[0],[0],[2.559780958000374],['Target'],169,0,169,0,417.3000132090001,,10,417.28987741699984,417.3000132090001,417.3000132090001,0.02135441699920193,419.84970650000014,[np.float64(0.4686192468619247)],[np.float64(-0.09518828451882845)],[1],[0],[0],[2.559780958000374],['Target'],N_3,"001",2025-09-30_17h47.08.198,Visual Search Experiment_Urvashi Bhansali_13 September,,2025.2.0,122.0997493899408,2025-09-30 17h47.08.250312 +0530,
170,0,170,[np.float64(-0.02405857740585774)],[np.float64(0.09832635983263599)],[1],[0],[0],[1.811617916000614],['Target'],170,0,170,0,419.8806642499994,,10,419.871049417,419.8806642499994,419.8806642499994,0.019995874999949592,421.6827150419995,[np.float64(-0.02405857740585774)],[np.float64(0.09832635983263599)],[1],[0],[0],[1.811617916000614],['Target'],N_3,"001",2025-09-30_17h47.08.198,Visual Search Experiment_Urvashi Bhansali_13 September,,2025.2.0,122.0997493899408,2025-09-30 17h47.08.250312 +0530,
171,0,171,[np.float64(-0.17154811715481172)],[np.float64(-0.200836820083682)],[1],[0],[0],[1.6292697919998318],['Target'],171,0,171,0,421.71299,,10,421.70387020899943,421.71299,421.71299,0.019827250000162167,423.33320116699997,[np.float64(-0.17154811715481172)],[np.float64(-0.200836820083682)],[1],[0],[0],[1.6292697919998318],['Target'],N_3,"001",2025-09-30_17h47.08.198,Visual Search Experiment_Urvashi Bhansali_13 September,,2025.2.0,122.0997493899408,2025-09-30 17h47.08.250312 +0530,
172,0,172,[np.float64(0.2196652719665272)],[np.float64(0.3148535564853556)],[1],[0],[0],[2.1733449999992445],['Target'],172,0,172,0,423.35447679199933,,5,423.34634212499986,423.35447679199933,423.35447679199933,0.011457167000116897,425.5197880420001,[np.float64(0.2196652719665272)],[np.float64(0.3148535564853556)],[1],[0],[0],[2.1733449999992445],['Target'],N_3,"001",2025-09-30_17h47.08.198,Visual Search Experiment_Urvashi Bhansali_13 September,,2025.2.0,122.0997493899408,2025-09-30 17h47.08.250312 +0530,
173,0,173,[np.float64(-0.3514644351464435)],[np.float64(0.45502092050209203)],[1],[0],[0],[1.9649885419994462],['Target'],173,0,173,0,425.54509012499966,,5,425.5353030420001,425.54509012499966,425.54509012499966,0.014245833000131825,427.50036108399945,[np.float64(-0.3514644351464435)],[np.float64(0.45502092050209203)],[1],[0],[0],[1.9649885419994462],['Target'],N_3,"001",2025-09-30_17h47.08.198,Visual Search Experiment_Urvashi Bhansali_13 September,,2025.2.0,122.0997493899408,2025-09-30 17h47.08.250312 +0530,
174,0,174,[np.float64(0.4236401673640167)],[np.float64(-0.3472803347280335)],[1],[0],[0],[2.368618957999388],['Target'],174,0,174,0,427.5228542499999,,5,427.51407991699944,427.5228542499999,427.5228542499999,0.012786708000021463,429.88276908399985,[np.float64(0.4236401673640167)],[np.float64(-0.3472803347280335)],[1],[0],[0],[2.368618957999388],['Target'],N_3,"001",2025-09-30_17h47.08.198,Visual Search Experiment_Urvashi Bhansali_13 September,,2025.2.0,122.0997493899408,2025-09-30 17h47.08.250312 +0530,
175,0,175,[np.float64(0.4121338912133891)],[np.float64(0.0020920502092050207)],[1],[0],[0],[2.3691331250001895],['Target'],175,0,175,0,429.9055171250002,,5,429.89683170899934,429.9055171250002,429.9055171250002,0.012602041999343783,432.2660265839995,[np.float64(0.4121338912133891)],[np.float64(0.0020920502092050207)],[1],[0],[0],[2.3691331250001895],['Target'],N_3,"001",2025-09-30_17h47.08.198,Visual Search Experiment_Urvashi Bhansali_13 September,,2025.2.0,122.0997493899408,2025-09-30 17h47.08.250312 +0530,
176,0,176,[np.float64(-0.39330543933054396)],[np.float64(0.1192468619246862)],[1],[0],[0],[1.8862648329995864],['Target'],176,0,176,0,432.28890304200013,,5,432.2802350840002,432.28890304200013,432.28890304200013,0.012870124999608379,434.166567792,[np.float64(-0.39330543933054396)],[np.float64(0.1192468619246862)],[1],[0],[0],[1.8862648329995864],['Target'],N_3,"001",2025-09-30_17h47.08.198,Visual Search Experiment_Urvashi Bhansali_13 September,,2025.2.0,122.0997493899408,2025-09-30 17h47.08.250312 +0530,
177,0,177,[np.float64(-0.3713389121338912)],[np.float64(-0.1087866108786611)],[1],[0],[0],[1.4026361670003098],['Target'],177,0,177,0,434.18942583399985,,5,434.18076083399956,434.18942583399985,434.18942583399985,0.013281124999593885,435.5834590839995,[np.float64(-0.3713389121338912)],[np.float64(-0.1087866108786611)],[1],[0],[0],[1.4026361670003098],['Target'],N_3,"001",2025-09-30_17h47.08.198,Visual Search Experiment_Urvashi Bhansali_13 September,,2025.2.0,122.0997493899408,2025-09-30 17h47.08.250312 +0530,
178,0,178,[np.float64(0.3274058577405858)],[np.float64(-0.18410041841004185)],[1],[0],[0],[4.26907462500003],['Target'],178,0,178,0,435.6070851249997,,5,435.5984374589998,435.6070851249997,435.6070851249997,0.013315374999365304,439.86757783399935,[np.float64(0.3274058577405858)],[np.float64(-0.18410041841004185)],[1],[0],[0],[4.26907462500003],['Target'],N_3,"001",2025-09-30_17h47.08.198,Visual Search Experiment_Urvashi Bhansali_13 September,,2025.2.0,122.0997493899408,2025-09-30 17h47.08.250312 +0530,
179,0,179,[np.float64(0.1506276150627615)],[np.float64(0.10564853556485355)],[1],[0],[0],[1.8686630830006834],['Target'],179,0,179,0,439.89023041699966,,5,439.88134804199944,439.89023041699966,439.89023041699966,0.012836791999689012,441.75007579199973,[np.float64(0.1506276150627615)],[np.float64(0.10564853556485355)],[1],[0],[0],[1.8686630830006834],['Target'],N_3,"001",2025-09-30_17h47.08.198,Visual Search Experiment_Urvashi Bhansali_13 September,,2025.2.0,122.0997493899408,2025-09-30 17h47.08.250312 +0530,
180,0,180,[np.float64(0.44142259414225943)],[np.float64(-0.15690376569037656)],[1],[0],[0],[4.3765430419998665],['Target'],180,0,180,0,441.7828568340001,,10,441.7729123749996,441.7828568340001,441.7828568340001,0.021173332999751437,446.149501375,[np.float64(0.44142259414225943)],[np.float64(-0.15690376569037656)],[1],[0],[0],[4.3765430419998665],['Target'],N_3,"001",2025-09-30_17h47.08.198,Visual Search Experiment_Urvashi Bhansali_13 September,,2025.2.0,122.0997493899408,2025-09-30 17h47.08.250312 +0530,
181,0,181,[np.float64(-0.06380753138075314)],[np.float64(0.399581589958159)],[1],[0],[0],[5.088711541000521],['Target'],181,0,181,0,446.170628375,,5,446.16244449999976,446.170628375,446.170628375,0.011512957999912032,451.2512270419993,[np.float64(-0.06380753138075314)],[np.float64(0.399581589958159)],[1],[0],[0],[5.088711541000521],['Target'],N_3,"001",2025-09-30_17h47.08.198,Visual Search Experiment_Urvashi Bhansali_13 September,,2025.2.0,122.0997493899408,2025-09-30 17h47.08.250312 +0530,
182,0,182,[np.float64(0.0020920502092050207)],[np.float64(-0.08891213389121339)],[1],[0],[0],[1.7357478339999943],['Target'],182,0,182,0,451.27410925000004,,5,451.26511262499935,451.27410925000004,451.27410925000004,0.012918374999571824,453.0009249169998,[np.float64(0.0020920502092050207)],[np.float64(-0.08891213389121339)],[1],[0],[0],[1.7357478339999943],['Target'],N_3,"001",2025-09-30_17h47.08.198,Visual Search Experiment_Urvashi Bhansali_13 September,,2025.2.0,122.0997493899408,2025-09-30 17h47.08.250312 +0530,
183,0,183,[np.float64(-0.34205020920502094)],[np.float64(0.4602510460251046)],[1],[0],[0],[3.858942124999885],['Target'],183,0,183,0,453.0336162499998,,10,453.0235712499998,453.0336162499998,453.0336162499998,0.02152316600040649,456.88256099999944,[np.float64(-0.34205020920502094)],[np.float64(0.4602510460251046)],[1],[0],[0],[3.858942124999885],['Target'],N_3,"001",2025-09-30_17h47.08.198,Visual Search Experiment_Urvashi Bhansali_13 September,,2025.2.0,122.0997493899408,2025-09-30 17h47.08.250312 +0530,
184,0,184,[np.float64(0.010460251046025104)],[np.float64(-0.2824267782426778)],[1],[0],[0],[1.7456712920002246],['Target'],184,0,184,0,456.9139571249998,,10,456.90380229199945,456.9139571249998,456.9139571249998,0.019863208000060695,458.6495334169995,[np.float64(0.010460251046025104)],[np.float64(-0.2824267782426778)],[1],[0],[0],[1.7456712920002246],['Target'],N_3,"001",2025-09-30_17h47.08.198,Visual Search Experiment_Urvashi Bhansali_13 September,,2025.2.0,122.0997493899408,2025-09-30 17h47.08.250312 +0530,
185,0,185,[np.float64(-0.3263598326359833)],[np.float64(-0.46129707112970714)],[1],[0],[0],[2.453979625000102],['Target'],185,0,185,0,458.6712675839999,,5,458.6628069589997,458.6712675839999,458.6712675839999,0.011438542000178131,461.1168705,[np.float64(-0.3263598326359833)],[np.float64(-0.46129707112970714)],[1],[0],[0],[2.453979625000102],['Target'],N_3,"001",2025-09-30_17h47.08.198,Visual Search Experiment_Urvashi Bhansali_13 September,,2025.2.0,122.0997493899408,2025-09-30 17h47.08.250312 +0530,
186,0,186,[np.float64(-0.15585774058577406)],[np.float64(-0.39539748953974896)],[1],[0],[0],[1.4933650409993788],['Target'],186,0,186,0,461.1506704169997,,10,461.14010995899935,461.1506704169997,461.1506704169997,0.021520958000110113,462.6335363339995,[np.float64(-0.15585774058577406)],[np.float64(-0.39539748953974896)],[1],[0],[0],[1.4933650409993788],['Target'],N_3,"001",2025-09-30_17h47.08.198,Visual Search Experiment_Urvashi Bhansali_13 September,,2025.2.0,122.0997493899408,2025-09-30 17h47.08.250312 +0530,
187,0,187,[np.float64(-0.48221757322175735)],[np.float64(0.40690376569037656)],[1],[0],[0],[2.270108292000259],['Target'],187,0,187,0,462.65481887499936,,5,462.64630633399975,462.65481887499936,462.65481887499936,0.011777333000281942,464.9164854589999,[np.float64(-0.48221757322175735)],[np.float64(0.40690376569037656)],[1],[0],[0],[2.270108292000259],['Target'],N_3,"001",2025-09-30_17h47.08.198,Visual Search Experiment_Urvashi Bhansali_13 September,,2025.2.0,122.0997493899408,2025-09-30 17h47.08.250312 +0530,
188,0,188,[np.float64(-0.29916317991631797)],[np.float64(-0.38598326359832635)],[1],[0],[0],[2.902478584000164],['Target'],188,0,188,0,464.9394766669993,,5,464.9305842089998,464.9394766669993,464.9394766669993,0.012451458999748866,467.83312679199935,[np.float64(-0.29916317991631797)],[np.float64(-0.38598326359832635)],[1],[0],[0],[2.902478584000164],['Target'],N_3,"001",2025-09-30_17h47.08.198,Visual Search Experiment_Urvashi Bhansali_13 September,,2025.2.0,122.0997493899408,2025-09-30 17h47.08.250312 +0530,
189,0,189,[np.float64(-0.13389121338912133)],[np.float64(-0.4790794979079498)],[1],[0],[0],[4.136393374999898],['Target'],189,0,189,0,467.85492516700015,,5,467.84671866699955,467.85492516700015,467.85492516700015,0.011884292000104324,471.98317783399943,[np.float64(-0.13389121338912133)],[np.float64(-0.4790794979079498)],[1],[0],[0],[4.136393374999898],['Target'],N_3,"001",2025-09-30_17h47.08.198,Visual Search Experiment_Urvashi Bhansali_13 September,,2025.2.0,122.0997493899408,2025-09-30 17h47.08.250312 +0530,
190,0,190,[np.float64(0.4215481171548117)],[np.float64(0.35669456066945604)],[1],[0],[0],[7.3693037499997445],['Target'],190,0,190,0,472.0056875,,5,471.9970449169996,472.0056875,472.0056875,0.012099500000658736,479.3664201669999,[np.float64(0.4215481171548117)],[np.float64(0.35669456066945604)],[1],[0],[0],[7.3693037499997445],['Target'],N_3,"001",2025-09-30_17h47.08.198,Visual Search Experiment_Urvashi Bhansali_13 September,,2025.2.0,122.0997493899408,2025-09-30 17h47.08.250312 +0530,
191,0,191,[np.float64(0.09832635983263599)],[np.float64(-0.1307531380753138)],[1],[0],[0],[5.05245662499965],['Target'],191,0,191,0,479.3889270419995,,5,479.38029704200017,479.3889270419995,479.3889270419995,0.01276391700048407,484.43281808399934,[np.float64(0.09832635983263599)],[np.float64(-0.1307531380753138)],[1],[0],[0],[5.05245662499965],['Target'],N_3,"001",2025-09-30_17h47.08.198,Visual Search Experiment_Urvashi Bhansali_13 September,,2025.2.0,122.0997493899408,2025-09-30 17h47.08.250312 +0530,
192,0,192,[np.float64(0.09623430962343096)],[np.float64(0.06485355648535565)],[1],[0],[0],[1.5864520409995748],['Target'],192,0,192,0,484.4545981249994,,5,484.4461725000001,484.4545981249994,484.4545981249994,0.01163929099948291,486.0326899169995,[np.float64(0.09623430962343096)],[np.float64(0.06485355648535565)],[1],[0],[0],[1.5864520409995748],['Target'],N_3,"001",2025-09-30_17h47.08.198,Visual Search Experiment_Urvashi Bhansali_13 September,,2025.2.0,122.0997493899408,2025-09-30 17h47.08.250312 +0530,
193,0,193,[np.float64(0.38284518828451886)],[np.float64(-0.4560669456066946)],[1],[0],[0],[2.777590333000262],['Target'],193,0,193,0,486.06491666700003,,10,486.0548436250001,486.06491666700003,486.06491666700003,0.02072737500020594,488.83249904199965,[np.float64(0.38284518828451886)],[np.float64(-0.4560669456066946)],[1],[0],[0],[2.777590333000262],['Target'],N_3,"001",2025-09-30_17h47.08.198,Visual Search Experiment_Urvashi Bhansali_13 September,,2025.2.0,122.0997493899408,2025-09-30 17h47.08.250312 +0530,
194,0,194,[np.float64(-0.21234309623430964)],[np.float64(0.33472803347280333)],[1],[0],[0],[1.854912042000251],['Target'],194,0,194,0,488.85335291699994,,5,488.84519970899964,488.85335291699994,488.85335291699994,0.011160000000018044,490.7001834590001,[np.float64(-0.21234309623430964)],[np.float64(0.33472803347280333)],[1],[0],[0],[1.854912042000251],['Target'],N_3,"001",2025-09-30_17h47.08.198,Visual Search Experiment_Urvashi Bhansali_13 September,,2025.2.0,122.0997493899408,2025-09-30 17h47.08.250312 +0530,
195,0,195,[np.float64(-0.12761506276150628)],[np.float64(-0.2217573221757322)],[1],[0],[0],[2.4025042920002306],['Target'],195,0,195,0,490.72336333400017,,5,490.71456358399973,490.72336333400017,490.72336333400017,0.013241540999842982,493.1171327920001,[np.float64(-0.12761506276150628)],[np.float64(-0.2217573221757322)],[1],[0],[0],[2.4025042920002306],['Target'],N_3,"001",2025-09-30_17h47.08.198,Visual Search Experiment_Urvashi Bhansali_13 September,,2025.2.0,122.0997493899408,2025-09-30 17h47.08.250312 +0530,
196,0,196,[np.float64(-0.46129707112970714)],[np.float64(-0.16736401673640167)],[1],[0],[0],[1.6264447080002356],['Target'],196,0,196,0,493.15049454200016,,10,493.1396802089994,493.15049454200016,493.15049454200016,0.020950707999872975,494.7661835839999,[np.float64(-0.46129707112970714)],[np.float64(-0.16736401673640167)],[1],[0],[0],[1.6264447080002356],['Target'],N_3,"001",2025-09-30_17h47.08.198,Visual Search Experiment_Urvashi Bhansali_13 September,,2025.2.0,122.0997493899408,2025-09-30 17h47.08.250312 +0530,
197,0,197,[np.float64(-0.18828451882845187)],[np.float64(0.08263598326359832)],[1],[0],[0],[1.796100583000225],['Target'],197,0,197,0,494.79676491699956,,10,494.7873464589993,494.79676491699956,494.79676491699956,0.019491125000058673,496.58350183399943,[np.float64(-0.18828451882845187)],[np.float64(0.08263598326359832)],[1],[0],[0],[1.796100583000225],['Target'],N_3,"001",2025-09-30_17h47.08.198,Visual Search Experiment_Urvashi Bhansali_13 September,,2025.2.0,122.0997493899408,2025-09-30 17h47.08.250312 +0530,
198,0,198,[np.float64(0.18619246861924685)],[np.float64(0.3002092050209205)],[1],[0],[0],[2.661936833999789],['Target'],198,0,198,0,496.61324074999993,,10,496.60439549999955,496.61324074999993,496.61324074999993,0.019234958000197366,499.2663805839993,[np.float64(0.18619246861924685)],[np.float64(0.3002092050209205)],[1],[0],[0],[2.661936833999789],['Target'],N_3,"001",2025-09-30_17h47.08.198,Visual Search Experiment_Urvashi Bhansali_13 September,,2025.2.0,122.0997493899408,2025-09-30 17h47.08.250312 +0530,
199,0,199,[np.float64(-0.40376569037656906)],[np.float64(0.34623430962343094)],[1],[0],[0],[3.4711155409995627],['Target'],199,0,199,0,499.2877725419994,,5,499.27960466700006,499.2877725419994,499.2877725419994,0.011718708000444167,502.75078824999946,[np.float64(-0.40376569037656906)],[np.float64(0.34623430962343094)],[1],[0],[0],[3.4711155409995627],['Target'],N_3,"001",2025-09-30_17h47.08.198,Visual Search Experiment_Urvashi Bhansali_13 September,,2025.2.0,122.0997493899408,2025-09-30 17h47.08.250312 +0530,
