delay,freq,condition,thisN,thisTrialN,thisRepN,key_resp.keys,key_resp.rt,key_resp.duration,textbox.text,button.numClicks,button.timesOn,button.timesOff,trials.thisRepN,trials.thisTrialN,trials.thisN,trials.thisIndex,thisRow.t,notes,trial.started,polygon.started,polygon_2.started,key_resp.started,polygon.stopped,trial.stopped,trials.key_resp.keys,trials.key_resp.rt,trials.key_resp.duration,beep.started,sound_1.started,sound_1.stopped,beep.stopped,response_routine.started,text.started,textbox.started,button.started,response_routine.stopped,trials.textbox.text,trials.button.numClicks,trials.button.timesOn,trials.button.timesOff,participant,session,date,expName,expVersion,psychopyVersion,frameRate,expStart,
0.4,400,unexp,0,0,0,space,0.019481417002680246,None,111,1,[3.7201037090053433],[3.720107334003842],0,0,0,1,0.03705329199874541,,0.02749716700054705,0.03705329199874541,0.995862625000882,0.995862625000882,1.1652717089964426,1.1580887499949313,space,0.019481417002680246,None,1.1585036249962286,1.5608405006680792,1.8732302089993027,1.8485468750004657,1.8507313340014662,1.8732302089993027,1.8732302089993027,1.8732302089993027,5.593523167000967,111,1,[3.7201037090053433],[3.720107334003842],nitya,"001",2025-11-06_18h18.32.798,IBT.exp,,2025.2.0,None,2025-11-06 18h18.33.045031 +0530,
0.7,1000,exp,1,1,0,space,0.11199120799574303,None,222,1,[2.926612125003885],[2.926615208001749],0,1,1,11,5.604095666996727,,5.593672916998912,5.604095666996727,6.588723959001072,6.588723959001072,6.593580125001608,6.7072616669975105,space,0.11199120799574303,None,6.709283749994938,7.4106155836673375,7.716470874998777,7.6973095840003225,7.698788666995824,7.716470874998777,7.716470874998777,7.716470874998777,10.643253583999467,222,1,[2.926612125003885],[2.926615208001749],nitya,"001",2025-11-06_18h18.32.798,IBT.exp,,2025.2.0,None,2025-11-06 18h18.33.045031 +0530,
0.1,1000,exp,2,2,0,space,0.023620832995220553,None,342,1,[2.7810612920002313],[2.7810644999990473],0,2,2,9,10.654186916995968,,10.643386333998933,10.654186916995968,11.638879916994483,11.638879916994483,11.645092916995054,11.674479208995763,space,0.023620832995220553,None,11.676454125001328,11.779166000666253,12.09531341699767,12.076375874996302,12.077676624998276,12.09531341699767,12.09531341699767,12.09531341699767,14.876566624996485,342,1,[2.7810612920002313],[2.7810644999990473],nitya,"001",2025-11-06_18h18.32.798,IBT.exp,,2025.2.0,None,2025-11-06 18h18.33.045031 +0530,
0.1,1000,exp,3,3,0,space,1.4164944579970324,None,678,1,[1.5255407079966972],[1.5255441670014989],0,3,3,6,14.887385166999593,,14.87668549999944,14.887385166999593,15.872036374996242,15.872036374996242,15.877622166997753,17.29116491699824,space,1.4164944579970324,None,17.2931797919955,17.39303354166283,17.700929334001557,17.681379999994533,17.6828652089971,17.700929334001557,17.700929334001557,17.700929334001557,19.226640041997598,678,1,[1.5255407079966972],[1.5255441670014989],nitya,"001",2025-11-06_18h18.32.798,IBT.exp,,2025.2.0,None,2025-11-06 18h18.33.045031 +0530,
0.4,1000,exp,4,4,0,space,1.2908864589990117,None,876,1,[1.5116145419960958],[1.5116181249977672],0,4,4,4,19.237409875000594,,19.226769041997613,19.237409875000594,20.222412416995212,20.222412416995212,20.22825445899798,21.52421608399891,space,1.2908864589990117,None,21.525671833995148,21.926505958665317,22.23135179199744,22.21415504199831,22.21530766700016,22.23135179199744,22.23135179199744,22.23135179199744,23.74313141699531,876,1,[1.5116145419960958],[1.5116181249977672],nitya,"001",2025-11-06_18h18.32.798,IBT.exp,,2025.2.0,None,2025-11-06 18h18.33.045031 +0530,
0.7,400,unexp,5,5,0,space,0.405630832996394,None,432,1,[3.878692708996823],[3.8786961249934393],0,5,5,2,23.75408216699725,,23.743251791995135,23.75408216699725,24.73873458399612,24.73873458399612,24.744074834001367,25.157742958996096,space,0.405630832996394,None,25.160064499999862,25.860781416664636,26.167083959000593,26.14828979199956,26.150223083997844,26.167083959000593,26.167083959000593,26.167083959000593,30.045988208999916,432,1,[3.878692708996823],[3.8786961249934393],nitya,"001",2025-11-06_18h18.32.798,IBT.exp,,2025.2.0,None,2025-11-06 18h18.33.045031 +0530,
0.7,1000,exp,6,6,0,space,0.5555673749986454,None,211,1,[3.291938582995499],[3.2919418329984182],0,6,6,8,30.05405512500147,,30.04614020900044,30.05405512500147,31.0446159169951,31.0446159169951,31.0446159169951,31.60784120899916,space,0.5555673749986454,None,31.60924541699933,32.30905795866808,32.61765116699826,32.59853879200091,32.59970016699663,32.61765116699826,32.61765116699826,32.61765116699826,35.909767291996104,211,1,[3.291938582995499],[3.2919418329984182],nitya,"001",2025-11-06_18h18.32.798,IBT.exp,,2025.2.0,None,2025-11-06 18h18.33.045031 +0530,
0.1,400,unexp,7,7,0,space,0.9529891249985667,None,345,1,[3.0144935839998652],[3.014496916999633],0,7,7,0,35.921054874997935,,35.90989758399519,35.921054874997935,36.90543054199952,36.90543054199952,36.91102962500008,37.86233199999697,space,0.9529891249985667,None,37.86357024999597,37.97216666666306,38.278554249998706,38.259829167000134,38.26151491700148,38.278554249998706,38.278554249998706,38.278554249998706,41.293221499996434,345,1,[3.0144935839998652],[3.014496916999633],nitya,"001",2025-11-06_18h18.32.798,IBT.exp,,2025.2.0,None,2025-11-06 18h18.33.045031 +0530,
0.7,1000,exp,8,8,0,space,1.549061541998526,None,242,1,[2.5102649580003344],[2.510268124999129],0,8,8,5,41.30406645900075,,41.29335420899588,41.30406645900075,42.28873591699812,42.28873591699812,42.29442545899656,43.8412905840014,space,1.549061541998526,None,43.84325641699979,44.5437496256675,44.84947199999442,44.831014750001486,44.832184749997396,44.84947199999442,44.84947199999442,44.84947199999442,47.359918374997505,242,1,[2.5102649580003344],[2.510268124999129],nitya,"001",2025-11-06_18h18.32.798,IBT.exp,,2025.2.0,None,2025-11-06 18h18.33.045031 +0530,
0.1,1000,exp,9,9,0,space,1.9980210420035291,None,243,1,[3.426098042000376],[3.426101249999192],0,9,9,3,47.37080391700147,,47.360040250001475,47.37080391700147,48.35559508399456,48.35559508399456,48.36108741699718,50.35704212499695,space,1.9980210420035291,None,50.358850208998774,50.4606415836645,50.766804792001494,50.747898333997,50.750097584001196,50.766804792001494,50.766804792001494,50.766804792001494,54.19308824999462,243,1,[3.426098042000376],[3.426101249999192],nitya,"001",2025-11-06_18h18.32.798,IBT.exp,,2025.2.0,None,2025-11-06 18h18.33.045031 +0530,
0.4,1000,exp,10,10,0,space,0.23987116700300248,None,243,1,[1.2919499579948024],[1.2919544159958605],0,10,10,10,54.20413129199733,,54.19321095899795,54.20413129199733,55.18862695899588,55.18862695899588,55.19520029200066,55.44094520899671,space,0.23987116700300248,None,55.44243654199818,55.84361225066483,56.1509887919965,56.13135649999458,56.13254508400132,56.1509887919965,56.1509887919965,56.1509887919965,57.44311637499777,243,1,[1.2919499579948024],[1.2919544159958605],nitya,"001",2025-11-06_18h18.32.798,IBT.exp,,2025.2.0,None,2025-11-06 18h18.33.045031 +0530,
0.4,1000,exp,11,11,0,space,0.3785897920024581,None,435,1,[1.697903457999928],[1.6979080829987652],0,11,11,7,57.454392583997105,,57.44323399999848,57.454392583997105,58.43887804199767,58.43887804199767,58.44444545899751,58.82434970900067,space,0.3785897920024581,None,58.82625754200126,59.22656058366216,59.53127987499465,59.51385383399611,59.514991249998275,59.53127987499465,59.53127987499465,59.53127987499465,61.22938391700154,435,1,[1.697903457999928],[1.6979080829987652],nitya,"001",2025-11-06_18h18.32.798,IBT.exp,,2025.2.0,None,2025-11-06 18h18.33.045031 +0530,
0.1,1000,exp,12,0,1,space,1.249731249998149,None,876,1,[1.1963194580021081],[1.1963222080012201],1,0,12,6,61.237372791998496,,61.22952083400014,61.237372791998496,62.22727566699905,62.22727566699905,62.22727566699905,63.478790333996585,space,1.249731249998149,None,63.48000983399834,63.588636708668005,63.89652991700132,63.87671258399496,63.87831575000018,63.89652991700132,63.89652991700132,63.89652991700132,65.09303266699862,876,1,[1.1963194580021081],[1.1963222080012201],nitya,"001",2025-11-06_18h18.32.798,IBT.exp,,2025.2.0,None,2025-11-06 18h18.33.045031 +0530,
0.7,1000,exp,13,1,1,space,0.7347414590039989,None,634,1,[1.5480935829982627],[1.548098083003424],1,1,13,5,65.10436566700082,,65.09315229200001,65.10436566700082,66.088550208995,66.088550208995,66.09393583399651,66.82907537499705,space,0.7347414590039989,None,66.83040833399718,67.5388205006641,67.84485316700011,67.82640466700104,67.82801908400143,67.84485316700011,67.84485316700011,67.84485316700011,69.3931173749952,634,1,[1.5480935829982627],[1.548098083003424],nitya,"001",2025-11-06_18h18.32.798,IBT.exp,,2025.2.0,None,2025-11-06 18h18.33.045031 +0530,
0.4,1000,exp,14,2,1,space,0.25249250000342727,None,987,1,[2.784021708997898],[2.784025749999273],1,2,14,7,69.40397304199723,,69.39323549999972,69.40397304199723,70.3886550419993,70.3886550419993,70.39398412499577,70.64561041699926,space,0.25249250000342727,None,70.64682854199782,71.05546175066799,71.36196970899618,71.34328020899557,71.34589958399738,71.36196970899618,71.36196970899618,71.36196970899618,74.14617733399791,987,1,[2.784021708997898],[2.784025749999273],nitya,"001",2025-11-06_18h18.32.798,IBT.exp,,2025.2.0,None,2025-11-06 18h18.33.045031 +0530,
0.7,1000,exp,15,3,1,space,0.5733169590021134,None,674,1,[1.4592542090031202],[1.4592571670000325],1,3,15,8,74.15396670899645,,74.14630520899664,74.15396670899645,75.14477199999965,75.14477199999965,75.14477199999965,75.72378924999794,space,0.5733169590021134,None,75.72537870900123,76.42616575066155,76.73360308400152,76.71419204199628,76.71557449999818,76.73360308400152,76.73360308400152,76.73360308400152,78.19303895899793,674,1,[1.4592542090031202],[1.4592571670000325],nitya,"001",2025-11-06_18h18.32.798,IBT.exp,,2025.2.0,None,2025-11-06 18h18.33.045031 +0530,
0.7,400,unexp,16,4,1,space,0.236258375000034,None,111,1,[1.3481758749985602],[1.348179083004652],1,4,16,2,78.20427141699474,,78.1931589589949,78.20427141699474,79.1887225419996,79.1887225419996,79.19478304199583,79.4288539170011,space,0.236258375000034,None,79.43007083400153,80.1390373756624,80.44480441699852,80.42639483400126,80.4280359589975,80.44480441699852,80.44480441699852,80.44480441699852,81.79315554200002,111,1,[1.3481758749985602],[1.348179083004652],nitya,"001",2025-11-06_18h18.32.798,IBT.exp,,2025.2.0,None,2025-11-06 18h18.33.045031 +0530,
0.7,1000,exp,17,5,1,space,1.0098492079996504,None,111,1,[3.4121917500015115],[3.4121940420009196],1,5,17,11,81.80397583399463,,81.79327920899959,81.80397583399463,82.7889142089989,82.7889142089989,82.7953274169995,83.80750870899647,space,1.0098492079996504,None,83.80941999999777,84.50999937566327,84.81706687499536,84.79790024999966,84.79912570899614,84.81706687499536,84.81706687499536,84.81706687499536,88.22945170899766,111,1,[3.4121917500015115],[3.4121940420009196],nitya,"001",2025-11-06_18h18.32.798,IBT.exp,,2025.2.0,None,2025-11-06 18h18.33.045031 +0530,
0.4,1000,exp,18,6,1,space,0.2266732089992729,None,111,1,[2.092697499996575],[2.092700875000446],1,6,18,4,88.23734283399972,,88.22959849999461,88.23734283399972,89.22799666699575,89.22799666699575,89.22799666699575,89.45706745899952,space,0.2266732089992729,None,89.4587414589987,89.86006083366762,90.16676354199444,90.14764808399923,90.14963654199528,90.16676354199444,90.16676354199444,90.16676354199444,92.25965433399688,111,1,[2.092697499996575],[2.092700875000446],nitya,"001",2025-11-06_18h18.32.798,IBT.exp,,2025.2.0,None,2025-11-06 18h18.33.045031 +0530,
0.4,1000,exp,19,7,1,space,0.3061005829949863,None,11,1,[0.9664182500055176],[0.9664206670058775],1,7,19,10,92.2706259589977,,92.25977779199457,92.2706259589977,93.25550241699966,93.25550241699966,93.26153608399909,93.57408999999461,space,0.3061005829949863,None,93.57541141699767,93.97720425066315,94.28050579199771,94.26416466699447,94.2654011669947,94.28050579199771,94.28050579199771,94.28050579199771,95.24715908399958,11,1,[0.9664182500055176],[0.9664206670058775],nitya,"001",2025-11-06_18h18.32.798,IBT.exp,,2025.2.0,None,2025-11-06 18h18.33.045031 +0530,
0.1,1000,exp,20,8,1,space,0.7157402500015451,None,232 ,1,[2.3009177500061924],[2.3009205420021317],1,8,20,9,95.25394591700024,,95.2473069589978,95.25394591700024,96.24475783399976,96.24475783399976,96.24475783399976,96.96286483400036,space,0.7157402500015451,None,96.9645678339948,97.07193458366625,97.37810999999783,97.35985612499644,97.36163970900088,97.37810999999783,97.37810999999783,97.37810999999783,99.6792387089954,232 ,1,[2.3009177500061924],[2.3009205420021317],nitya,"001",2025-11-06_18h18.32.798,IBT.exp,,2025.2.0,None,2025-11-06 18h18.33.045031 +0530,
0.4,400,unexp,21,9,1,space,0.4503420419932809,None,11,1,[3.1607740840045153],[3.1607768750036485],1,9,21,1,99.68726679199608,,99.67937891699694,99.68726679199608,100.67801995899936,100.67801995899936,100.67801995899936,101.14098512499913,space,0.4503420419932809,None,101.14237008399505,101.54419141666246,101.84868787499727,101.83132820899482,101.83250058400154,101.84868787499727,101.84868787499727,101.84868787499727,105.0096448339973,11,1,[3.1607740840045153],[3.1607768750036485],nitya,"001",2025-11-06_18h18.32.798,IBT.exp,,2025.2.0,None,2025-11-06 18h18.33.045031 +0530,
0.1,400,unexp,22,10,1,space,0.21907216700492427,None,11,1,[1.2467777090059826],[1.2467810420057504],1,10,22,0,105.02059749999898,,105.00976675000129,105.02059749999898,106.00521295899671,106.00521295899671,106.01015124999685,106.22927274999529,space,0.21907216700492427,None,106.23055999999633,106.3385864166669,106.64603883399832,106.6264234170012,106.62810191699828,106.64603883399832,106.64603883399832,106.64603883399832,107.89299974999449,11,1,[1.2467777090059826],[1.2467810420057504],nitya,"001",2025-11-06_18h18.32.798,IBT.exp,,2025.2.0,None,2025-11-06 18h18.33.045031 +0530,
0.1,1000,exp,23,11,1,space,0.19065866700111656,None,11,1,[1.1948403339993092],[1.1948435840022285],1,11,23,3,107.90400695899734,,107.89312433399755,107.90400695899734,108.8885403749955,108.8885403749955,108.89392608399794,109.09034108399646,space,0.19065866700111656,None,109.09167804200115,109.19228750066783,109.5009189170014,109.48165000000154,109.48287558399898,109.5009189170014,109.5009189170014,109.5009189170014,110.69595624999783,11,1,[1.1948403339993092],[1.1948435840022285],nitya,"001",2025-11-06_18h18.32.798,IBT.exp,,2025.2.0,None,2025-11-06 18h18.33.045031 +0530,
0.7,1000,exp,24,0,2,space,0.501636499997403,None,222,1,[4.7654430420006975],[4.765445750002982],2,0,24,8,110.70392233399616,,110.69611212499876,110.70392233399616,111.69356937499833,111.69356937499833,111.69356937499833,112.20673279200128,space,0.501636499997403,None,112.20799445900047,112.90987008366598,113.22966079199978,113.20982099999674,113.21146445899649,113.22966079199978,113.22966079199978,113.22966079199978,117.9952992499966,222,1,[4.7654430420006975],[4.765445750002982],nitya,"001",2025-11-06_18h18.32.798,IBT.exp,,2025.2.0,None,2025-11-06 18h18.33.045031 +0530,
0.4,1000,exp,25,1,2,space,0.4134668339975178,None,342,1,[1.0811831250030082],[1.0811862499976996],2,1,25,10,118.00395437499537,,117.99544358399726,118.00395437499537,118.99465291699744,118.99465291699744,118.99465291699744,119.41231495900138,space,0.4134668339975178,None,119.41362899999513,119.82197620866306,120.1282520839959,120.10984487499809,120.1114932499986,120.1282520839959,120.1282520839959,120.1282520839959,121.20961637499568,342,1,[1.0811831250030082],[1.0811862499976996],nitya,"001",2025-11-06_18h18.32.798,IBT.exp,,2025.2.0,None,2025-11-06 18h18.33.045031 +0530,
0.1,1000,exp,26,2,2,space,0.4246359580065473,None,243,1,[1.5926558339997428],[1.5926590000017313],2,2,26,6,121.22060416699969,,121.20973887499713,121.22060416699969,122.20535533400107,122.20535533400107,122.21148470899789,122.64015204199677,space,0.4246359580065473,None,122.64175445900037,122.74274004166752,123.05025533399748,123.03104354199604,123.03223883399914,123.05025533399748,123.05025533399748,123.05025533399748,124.64308912499837,243,1,[1.5926558339997428],[1.5926590000017313],nitya,"001",2025-11-06_18h18.32.798,IBT.exp,,2025.2.0,None,2025-11-06 18h18.33.045031 +0530,
0.1,1000,exp,27,3,2,space,0.31909975000598934,None,453,1,[1.3642605829954846],[1.3642632920018514],2,3,27,3,124.65415179199772,,124.64320874999976,124.65415179199772,125.63868508399901,125.63868508399901,125.64475691699772,125.96325287500076,space,0.31909975000598934,None,125.96457658399595,126.0718971256613,126.37870958399435,126.35981187500147,126.36117674999696,126.37870958399435,126.37870958399435,126.37870958399435,127.74314258399681,453,1,[1.3642605829954846],[1.3642632920018514],nitya,"001",2025-11-06_18h18.32.798,IBT.exp,,2025.2.0,None,2025-11-06 18h18.33.045031 +0530,
0.4,1000,exp,28,4,2,space,0.3873135409958195,None,547,1,[1.9467063749980298],[1.946709167001245],2,4,28,4,127.75392324999848,,127.74327004199586,127.75392324999848,128.73852520899527,128.73852520899527,128.7451570419944,129.12879574999533,space,0.3873135409958195,None,129.12998758399772,129.53861929166695,129.84619341699727,129.8267072919989,129.82837191699946,129.84619341699727,129.84619341699727,129.84619341699727,131.79308229199523,547,1,[1.9467063749980298],[1.946709167001245],nitya,"001",2025-11-06_18h18.32.798,IBT.exp,,2025.2.0,None,2025-11-06 18h18.33.045031 +0530,
0.4,1000,exp,29,5,2,space,0.6691936669958523,None,364,1,[2.4537375410000095],[2.4537410830016597],2,5,29,7,131.80425162499887,,131.7932045839989,131.80425162499887,132.78850895899814,132.78850895899814,132.79347499999858,133.4616384999972,space,0.6691936669958523,None,133.46316066700092,133.87189725066517,134.17248575000121,134.15944608399877,134.16082116699545,134.17248575000121,134.17248575000121,134.17248575000121,136.62639937499625,364,1,[2.4537375410000095],[2.4537410830016597],nitya,"001",2025-11-06_18h18.32.798,IBT.exp,,2025.2.0,None,2025-11-06 18h18.33.045031 +0530,
0.7,400,unexp,30,6,2,space,0.27879550000216113,None,780,1,[1.9136033750037313],[1.9136073750050855],2,6,30,2,136.63725500000146,,136.62652966699534,136.63725500000146,137.62179754200042,137.62179754200042,137.62804412499827,137.90700804199878,space,0.27879550000216113,None,137.90834658400127,138.61026825066463,138.9293224590001,138.90982608399645,138.91147129199817,138.9293224590001,138.9293224590001,138.9293224590001,140.84310679199552,780,1,[1.9136033750037313],[1.9136073750050855],nitya,"001",2025-11-06_18h18.32.798,IBT.exp,,2025.2.0,None,2025-11-06 18h18.33.045031 +0530,
0.1,400,unexp,31,7,2,space,2.2109628339967458,None,988,1,[2.0097970409988193],[2.009799874998862],2,7,31,0,140.85420758400141,,140.84322645900102,140.85420758400141,141.83855562499957,141.83855562499957,141.8440618339955,144.05698287500127,space,2.2109628339967458,None,144.05835008400027,144.15949770866817,144.4664310839944,144.44699433400092,144.4483298339983,144.4664310839944,144.4664310839944,144.4664310839944,146.4764084999988,988,1,[2.0097970409988193],[2.009799874998862],nitya,"001",2025-11-06_18h18.32.798,IBT.exp,,2025.2.0,None,2025-11-06 18h18.33.045031 +0530,
0.1,1000,exp,32,8,2,space,0.231372125002963,None,766,1,[1.8792130419969908],[1.879215667002427],2,8,32,9,146.48732995899627,,146.47653566699591,146.48732995899627,147.47197462499753,147.47197462499753,147.47826241699659,147.70732541699545,space,0.231372125002963,None,147.70927666699572,147.80892708366108,148.11578520899639,148.09789908400126,148.09910962499998,148.11578520899639,148.11578520899639,148.11578520899639,149.99519291699835,766,1,[1.8792130419969908],[1.879215667002427],nitya,"001",2025-11-06_18h18.32.798,IBT.exp,,2025.2.0,None,2025-11-06 18h18.33.045031 +0530,
0.7,1000,exp,33,9,2,space,1.5375733340042643,None,354,1,[1.481200499998522],[1.481203707997338],2,9,33,5,150.00390625,,149.99535204199492,150.00390625,150.99370712499513,150.99370712499513,150.99370712499513,152.5407849589974,space,1.5375733340042643,None,152.54216749999614,153.24355075066367,153.5616391250005,153.54296204199636,153.5446402499947,153.5616391250005,153.5616391250005,153.5616391250005,155.04302749999624,354,1,[1.481200499998522],[1.481203707997338],nitya,"001",2025-11-06_18h18.32.798,IBT.exp,,2025.2.0,None,2025-11-06 18h18.33.045031 +0530,
0.7,1000,exp,34,10,2,space,0.7106571670010453,None,454,1,[1.3994319159974111],[1.3994352079971577],2,10,34,11,155.05398041699664,,155.0431486249945,155.05398041699664,156.0384963749966,156.0384963749966,156.04385029200057,156.75770212499629,space,0.7106571670010453,None,156.75970083399443,157.4598490836618,157.7793387089987,157.75985062499967,157.7616138749945,157.7793387089987,157.7793387089987,157.7793387089987,159.17898358399543,454,1,[1.3994319159974111],[1.3994352079971577],nitya,"001",2025-11-06_18h18.32.798,IBT.exp,,2025.2.0,None,2025-11-06 18h18.33.045031 +0530,
0.4,400,unexp,35,11,2,space,1.4048535410038312,None,654,1,[2.1421992079995107],[2.1422024159983266],2,11,35,1,159.18719241699728,,159.17912833399896,159.18719241699728,160.17825391699444,160.17825391699444,160.17825391699444,161.59132474999933,space,1.4048535410038312,None,161.5933942499978,161.99357012566568,162.3006467919986,162.28169245900062,162.28304424999806,162.3006467919986,162.3006467919986,162.3006467919986,164.4430313749981,654,1,[2.1421992079995107],[2.1422024159983266],nitya,"001",2025-11-06_18h18.32.798,IBT.exp,,2025.2.0,None,2025-11-06 18h18.33.045031 +0530,
0.7,1000,exp,36,0,3,space,0.3162717499944847,None,56,1,[3.3605238329982967],[3.360527541997726],3,0,36,8,164.45420987499529,,164.44315295900014,164.45420987499529,165.43861625000136,165.43861625000136,165.44471370899555,165.75766320899857,space,0.3162717499944847,None,165.75916495899583,166.45937795866146,166.76552416699997,166.74790904199472,166.749418374995,166.76552416699997,166.76552416699997,166.76552416699997,170.12623283399444,56,1,[3.3605238329982967],[3.360527541997726],nitya,"001",2025-11-06_18h18.32.798,IBT.exp,,2025.2.0,None,2025-11-06 18h18.33.045031 +0530,
0.7,1000,exp,37,1,3,space,0.7430866670038085,None,987,1,[1.1092422500005341],[1.1092453340024804],3,1,37,5,170.13715345899982,,170.1263601669998,170.13715345899982,171.12375370899827,171.12375370899827,171.13843149999593,171.87424337500124,space,0.7430866670038085,None,171.8761977920003,172.5763654166624,172.88355537499592,172.86448116699466,172.86570879200008,172.88355537499592,172.88355537499592,172.88355537499592,173.99297308400128,987,1,[1.1092422500005341],[1.1092453340024804],nitya,"001",2025-11-06_18h18.32.798,IBT.exp,,2025.2.0,None,2025-11-06 18h18.33.045031 +0530,
0.4,1000,exp,38,2,3,space,0.3682732919987757,None,534,1,[1.9500937079938012],[1.9500967909989413],3,2,38,7,174.00395895900147,,173.99309529199672,174.00395895900147,174.9884506669987,174.9884506669987,174.9932258339977,175.36251983400143,space,0.3682732919987757,None,175.36372833399946,175.77196020866202,176.0782462499992,176.05954254199605,176.06121745899873,176.0782462499992,176.0782462499992,176.0782462499992,178.02852924999752,534,1,[1.9500937079938012],[1.9500967909989413],nitya,"001",2025-11-06_18h18.32.798,IBT.exp,,2025.2.0,None,2025-11-06 18h18.33.045031 +0530,
0.1,1000,exp,39,3,3,space,0.24568183299561497,None,233,1,[2.4502662500017323],[2.4502699169970583],3,3,39,6,178.03716062499734,,178.02868020899768,178.03716062499734,179.0279339999979,179.0279339999979,179.0279339999979,179.27880495899444,space,0.24568183299561497,None,179.28000225000142,179.38874516666354,179.69458391700027,179.67609029199957,179.6774405420001,179.69458391700027,179.69458391700027,179.69458391700027,182.1450472919969,233,1,[2.4502662500017323],[2.4502699169970583],nitya,"001",2025-11-06_18h18.32.798,IBT.exp,,2025.2.0,None,2025-11-06 18h18.33.045031 +0530,
0.7,1000,exp,40,4,3,space,0.5523518749978393,None,332,1,[1.4637194590031868],[1.4637221669981955],3,4,40,11,182.15387166699657,,182.14517941699887,182.15387166699657,183.14410266699997,183.14410266699997,183.14410266699997,183.7080531669999,space,0.5523518749978393,None,183.70946970899968,184.41006287566805,184.72898466699553,184.70950150000135,184.71085929199762,184.72898466699553,184.72898466699553,184.72898466699553,186.19287887500104,332,1,[1.4637194590031868],[1.4637221669981955],nitya,"001",2025-11-06_18h18.32.798,IBT.exp,,2025.2.0,None,2025-11-06 18h18.33.045031 +0530,
0.1,1000,exp,41,5,3,space,0.58784904100321,None,456,1,[2.398193250002805],[2.398196583002573],3,5,41,9,186.20394595900143,,186.19300854199537,186.20394595900143,187.18852154199703,187.18852154199703,187.19463883400022,187.77822345899767,space,0.58784904100321,None,187.77949241700117,187.88840108366665,188.19464141700155,188.17664433399477,188.17782408399944,188.19464141700155,188.19464141700155,188.19464141700155,190.5930276250001,456,1,[2.398193250002805],[2.398196583002573],nitya,"001",2025-11-06_18h18.32.798,IBT.exp,,2025.2.0,None,2025-11-06 18h18.33.045031 +0530,
0.1,400,unexp,42,6,3,space,1.5065434999996796,None,777 ,1,[4.159057042001223],[4.159060416997818],3,6,42,0,190.60410941699956,,190.59315112499462,190.60410941699956,191.58865491699544,191.58865491699544,191.59490445900155,193.107418708998,space,1.5065434999996796,None,193.10887929199816,193.20863854166626,193.5171245839956,193.49821274999704,193.49942620899674,193.5171245839956,193.5171245839956,193.5171245839956,197.67636174999643,777 ,1,[4.159057042001223],[4.159060416997818],nitya,"001",2025-11-06_18h18.32.798,IBT.exp,,2025.2.0,None,2025-11-06 18h18.33.045031 +0530,
0.4,1000,exp,43,7,3,space,1.8633801250034594,None,63,1,[3.0259214589968906],[3.0259248339934857],3,7,43,4,197.68715416699706,,197.67648870899575,197.68715416699706,198.67175887499616,198.67175887499616,198.6770815839991,200.5407126249993,space,1.8633801250034594,None,200.54211370900157,200.94292975066153,201.2501842499987,201.23139729199465,201.2327289169989,201.2501842499987,201.2501842499987,201.2501842499987,204.2762881249946,63,1,[3.0259214589968906],[3.0259248339934857],nitya,"001",2025-11-06_18h18.32.798,IBT.exp,,2025.2.0,None,2025-11-06 18h18.33.045031 +0530,
0.7,400,unexp,44,8,3,space,0.4312685000040801,None,534,1,[3.109132124998723],[3.1091354169984697],3,8,44,2,204.2872488339999,,204.27641466700152,204.2872488339999,205.27178199999616,205.27178199999616,205.27782012499665,205.70723620899662,space,0.4312685000040801,None,205.70912849999877,206.4108988756673,206.71698425000068,206.698533458999,206.69979204199626,206.71698425000068,206.71698425000068,206.71698425000068,209.82628812499752,534,1,[3.109132124998723],[3.1091354169984697],nitya,"001",2025-11-06_18h18.32.798,IBT.exp,,2025.2.0,None,2025-11-06 18h18.33.045031 +0530,
0.4,1000,exp,45,9,3,space,0.45121445800032234,None,243,1,[1.2005619170013233],[1.2005646670004353],3,9,45,10,209.8371044999949,,209.82641512499686,209.8371044999949,210.82184224999946,210.82184224999946,210.82753016700008,211.2788810419952,space,0.45121445800032234,None,211.28014066699689,211.6884375416669,211.9948904999983,211.97641708399897,211.97807295899838,211.9948904999983,211.9948904999983,211.9948904999983,213.1956454589963,243,1,[1.2005619170013233],[1.2005646670004353],nitya,"001",2025-11-06_18h18.32.798,IBT.exp,,2025.2.0,None,2025-11-06 18h18.33.045031 +0530,
0.4,400,unexp,46,10,3,space,0.6811209590014187,None,123,1,[1.8148517919980804],[1.8148547500022687],3,10,46,1,213.20379429199966,,213.1958149589991,213.20379429199966,214.19454670899722,214.19454670899722,214.19454670899722,214.87843779199466,space,0.6811209590014187,None,214.87967745900096,215.2885887086634,215.59459783399507,215.57606712499546,215.57742483399488,215.59459783399507,215.59459783399507,215.59459783399507,217.40963545900013,123,1,[1.8148517919980804],[1.8148547500022687],nitya,"001",2025-11-06_18h18.32.798,IBT.exp,,2025.2.0,None,2025-11-06 18h18.33.045031 +0530,
0.1,1000,exp,47,11,3,space,0.8590822909973213,None,454,1,[1.7760694169992348],[1.7760727920031059],3,11,47,3,217.42044395899575,,217.40975962499942,217.42044395899575,218.40539162499772,218.40539162499772,218.41185708400008,219.273579875,space,0.8590822909973213,None,219.2749109169963,219.37603458366746,219.68333200000052,219.66445512499922,219.66602954200062,219.68333200000052,219.68333200000052,219.68333200000052,221.45959587499965,454,1,[1.7760694169992348],[1.7760727920031059],nitya,"001",2025-11-06_18h18.32.798,IBT.exp,,2025.2.0,None,2025-11-06 18h18.33.045031 +0530,
0.4,400,unexp,48,0,4,space,0.42129124999337364,None,644,1,[1.1648600420012372],[1.1648627920003491],4,0,48,1,221.47044283399737,,221.45971912499954,221.47044283399737,222.45522199999687,222.45522199999687,222.46118666699476,222.87859312499495,space,0.42129124999337364,None,222.87984304199927,223.2885545836655,223.5945651669972,223.57639483399544,223.57805387499684,223.5945651669972,223.5945651669972,223.5945651669972,224.75961224999628,644,1,[1.1648600420012372],[1.1648627920003491],nitya,"001",2025-11-06_18h18.32.798,IBT.exp,,2025.2.0,None,2025-11-06 18h18.33.045031 +0530,
0.7,400,unexp,49,1,4,space,0.5491966250046971,None,464,1,[1.1614041249995353],[1.1614069170027506],4,1,49,2,224.7704669589948,,224.75973054199858,224.7704669589948,225.75519466699916,225.75519466699916,225.76018270899658,226.30769399999554,space,0.5491966250046971,None,226.30951179199474,227.01006745866133,227.3173633339975,227.29822891699587,227.29947104199528,227.3173633339975,227.3173633339975,227.3173633339975,228.47899041699566,464,1,[1.1614041249995353],[1.1614069170027506],nitya,"001",2025-11-06_18h18.32.798,IBT.exp,,2025.2.0,None,2025-11-06 18h18.33.045031 +0530,
0.1,1000,exp,50,2,4,space,0.2625290829964797,None,635 ,1,[2.5974314999984927],[2.59743462500046],4,2,50,3,228.48706087499886,,228.47913504199823,228.48706087499886,229.4778930839966,229.4778930839966,229.4778930839966,229.7460264170004,space,0.2625290829964797,None,229.74721812499774,229.8550952916669,230.16203312500147,230.14493299999594,230.15209274999506,230.16203312500147,230.16203312500147,230.16203312500147,232.75964670899702,635 ,1,[2.5974314999984927],[2.59743462500046],nitya,"001",2025-11-06_18h18.32.798,IBT.exp,,2025.2.0,None,2025-11-06 18h18.33.045031 +0530,
0.1,1000,exp,51,3,4,space,2.20809079099854,None,726,1,[3.1782187499993597],[3.178222333001031],4,3,51,6,232.7704060420001,,232.75976391699805,232.7704060420001,233.75509449999663,233.75509449999663,233.76004233399726,235.97357141699467,space,2.20809079099854,None,235.97497883399774,236.07664637566293,236.38362616700033,236.3650876249958,236.36635099999694,236.38362616700033,236.38362616700033,236.38362616700033,239.5620446249959,726,1,[3.1782187499993597],[3.178222333001031],nitya,"001",2025-11-06_18h18.32.798,IBT.exp,,2025.2.0,None,2025-11-06 18h18.33.045031 +0530,
0.4,1000,exp,52,4,4,space,0.35379358300269814,None,233,1,[1.1277244169978076],[1.1277268749981886],4,4,52,4,239.57038808400102,,239.56219183399662,239.57038808400102,240.56027291699866,240.56027291699866,240.56027291699866,240.92399695899803,space,0.35379358300269814,None,240.92537033400004,241.3260949166618,241.63456904199847,241.6166534590011,241.6234910419953,241.63456904199847,241.63456904199847,241.63456904199847,242.76249816700147,233,1,[1.1277244169978076],[1.1277268749981886],nitya,"001",2025-11-06_18h18.32.798,IBT.exp,,2025.2.0,None,2025-11-06 18h18.33.045031 +0530,
0.7,1000,exp,53,5,4,space,0.23598908400163054,None,24,1,[1.1249367920026998],[1.1249396670027636],4,5,53,5,242.77043791699543,,242.76265341699764,242.77043791699543,243.76002049999806,243.76002049999806,243.76002049999806,244.00726587499958,space,0.23598908400163054,None,244.00888570900133,244.70888433366443,245.01772491700103,244.99790458400093,244.99929824999708,245.01772491700103,245.01772491700103,245.01772491700103,246.14284000000043,24,1,[1.1249367920026998],[1.1249396670027636],nitya,"001",2025-11-06_18h18.32.798,IBT.exp,,2025.2.0,None,2025-11-06 18h18.33.045031 +0530,
0.4,1000,exp,54,6,4,space,0.8384564590014634,None,54,1,[1.1966647080043913],[1.196668958000373],4,6,54,7,246.15373408400046,,246.14295899999706,246.15373408400046,247.13836787499895,247.13836787499895,247.14462224999443,247.97873091699876,space,0.8384564590014634,None,247.98025691699877,248.38858762566477,248.6959704999972,248.67606966699532,248.67886362499848,248.6959704999972,248.6959704999972,248.6959704999972,249.8928130419954,54,1,[1.1966647080043913],[1.196668958000373],nitya,"001",2025-11-06_18h18.32.798,IBT.exp,,2025.2.0,None,2025-11-06 18h18.33.045031 +0530,
0.7,1000,exp,55,7,4,space,0.55038541599788,None,353,1,[3.199625624998589],[3.1996284589986317],4,7,55,8,249.90399608399457,,249.89292954199482,249.90399608399457,250.8884646669976,250.8884646669976,250.89497029199993,251.44508654200035,space,0.55038541599788,None,251.44629162499768,252.15508412566513,252.46225858399703,252.44296579199727,252.44468575000064,252.46225858399703,252.46225858399703,252.46225858399703,255.6621016249992,353,1,[3.199625624998589],[3.1996284589986317],nitya,"001",2025-11-06_18h18.32.798,IBT.exp,,2025.2.0,None,2025-11-06 18h18.33.045031 +0530,
0.4,1000,exp,56,8,4,space,0.41218025000125635,None,553,1,[1.015326916000049],[1.0153294160045334],4,8,56,10,255.67048158399848,,255.66224420900107,255.67048158399848,256.66147824999643,256.66147824999643,256.66147824999643,257.0787993339982,space,0.41218025000125635,None,257.0799966249979,257.4885083336669,257.7969295840012,257.7764082499998,257.7780851669959,257.7969295840012,257.7969295840012,257.7969295840012,258.81245874999877,553,1,[1.015326916000049],[1.0153294160045334],nitya,"001",2025-11-06_18h18.32.798,IBT.exp,,2025.2.0,None,2025-11-06 18h18.33.045031 +0530,
0.1,400,unexp,57,9,4,space,0.5253422919995501,None,756,1,[2.176540541004215],[2.176543125002354],4,9,57,0,258.82040562499606,,258.81260404199566,258.82040562499606,259.8112949999995,259.8112949999995,259.8112949999995,260.3407125839949,space,0.5253422919995501,None,260.34257058399817,260.4436500836639,260.74938324999675,260.7310227499984,260.7322769589955,260.74938324999675,260.74938324999675,260.74938324999675,262.9261034999945,756,1,[2.176540541004215],[2.176543125002354],nitya,"001",2025-11-06_18h18.32.798,IBT.exp,,2025.2.0,None,2025-11-06 18h18.33.045031 +0530,
0.7,1000,exp,58,10,4,space,0.5507054160043481,None,736,1,[2.8805158750037663],[2.88051920900034],4,10,58,11,262.9370195839947,,262.9262224589984,262.9370195839947,263.9217523339976,263.9217523339976,263.9279786670013,264.47827324999525,space,0.5507054160043481,None,264.4794663339999,265.1883726256676,265.49552158399456,265.47639654199884,265.47806291699817,265.49552158399456,265.49552158399456,265.49552158399456,268.3762274999972,736,1,[2.8805158750037663],[2.88051920900034],nitya,"001",2025-11-06_18h18.32.798,IBT.exp,,2025.2.0,None,2025-11-06 18h18.33.045031 +0530,
0.1,1000,exp,59,11,4,space,0.4316698750044452,None,938,1,[2.285156415993697],[2.2851596659966162],4,11,59,9,268.38704416700057,,268.3763433749991,268.38704416700057,269.37172274999466,269.37172274999466,269.37585508399934,269.8061708749956,space,0.4316698750044452,None,269.8071444169982,269.911367875666,270.2268980000008,270.20939637500123,270.21076087500114,270.2268980000008,270.2268980000008,270.2268980000008,272.5122593749984,938,1,[2.285156415993697],[2.2851596659966162],nitya,"001",2025-11-06_18h18.32.798,IBT.exp,,2025.2.0,None,2025-11-06 18h18.33.045031 +0530,
0.1,1000,exp,60,0,5,space,0.4369271250034217,None,736,1,[2.2312458749947837],[2.2312487089948263],5,0,60,6,272.52069770899834,,272.5124192500007,272.52069770899834,273.50929191699834,273.50929191699834,273.50929191699834,273.9563302919996,space,0.4369271250034217,None,273.95727066700056,274.05880475066465,274.36478187499597,274.3466540419977,274.3477461250004,274.36478187499597,274.36478187499597,274.36478187499597,276.5962385839957,736,1,[2.2312458749947837],[2.2312487089948263],nitya,"001",2025-11-06_18h18.32.798,IBT.exp,,2025.2.0,None,2025-11-06 18h18.33.045031 +0530,
0.1,400,unexp,61,1,5,space,0.3504461659977096,None,635,1,[1.427286833000835],[1.4272904579993337],5,1,61,0,276.60381054200116,,276.5963816250005,276.60381054200116,277.5936622500012,277.5936622500012,277.5936622500012,277.95684512500156,space,0.3504461659977096,None,277.9583115839996,278.05918783366747,278.3657456250003,278.34700874999544,278.34861937499954,278.3657456250003,278.3657456250003,278.3657456250003,279.79323070900136,635,1,[1.427286833000835],[1.4272904579993337],nitya,"001",2025-11-06_18h18.32.798,IBT.exp,,2025.2.0,None,2025-11-06 18h18.33.045031 +0530,
0.4,1000,exp,62,2,5,space,2.5032034579999163,None,726,1,[3.8822207909979625],[3.882223749998957],5,2,62,10,279.8038617919956,,279.7933942499949,279.8038617919956,280.78970987499633,280.78970987499633,280.79592595899885,283.2946930839971,space,2.5032034579999163,None,283.29595733399765,283.70628287566456,284.0132496669976,283.99337941699923,283.99573316700116,284.0132496669976,284.0132496669976,284.0132496669976,287.89570249999815,726,1,[3.8822207909979625],[3.882223749998957],nitya,"001",2025-11-06_18h18.32.798,IBT.exp,,2025.2.0,None,2025-11-06 18h18.33.045031 +0530,
0.7,1000,exp,63,3,5,space,1.6993634160025977,None,525,1,[2.2484611250038142],[2.2484647919991403],5,3,63,11,287.9036627499954,,287.8958666249964,287.9036627499954,288.8925497089949,288.8925497089949,288.8925497089949,290.59366362499713,space,1.6993634160025977,None,290.59458166699915,291.305147416668,291.6109386669996,291.5929191249961,291.5940894999949,291.6109386669996,291.6109386669996,291.6109386669996,293.8595927089991,525,1,[2.2484611250038142],[2.2484647919991403],nitya,"001",2025-11-06_18h18.32.798,IBT.exp,,2025.2.0,None,2025-11-06 18h18.33.045031 +0530,
0.1,1000,exp,64,4,5,space,2.4416863750011544,None,312,1,[5.2272785829991335],[5.227282749998267],5,4,64,3,293.87034941699676,,293.8597102919957,293.87034941699676,294.8549921669983,294.8549921669983,294.85947179199866,297.3061968339971,space,2.4416863750011544,None,297.30711399999564,297.4088390836662,297.71513091700035,297.69669120899925,297.69778545900044,297.71513091700035,297.71513091700035,297.71513091700035,302.94257812499563,312,1,[5.2272785829991335],[5.227282749998267],nitya,"001",2025-11-06_18h18.32.798,IBT.exp,,2025.2.0,None,2025-11-06 18h18.33.045031 +0530,
0.4,400,unexp,65,5,5,space,0.38467766599933384,None,423,1,[3.1473405419965275],[3.1473443750001024],5,5,65,1,302.95398824999575,,302.942709541996,302.95398824999575,303.93889808400127,303.93889808400127,303.9430984589999,304.3273837089946,space,0.38467766599933384,None,304.32835616699595,304.73885666666706,305.0452654999972,305.0263982920005,305.02764245899743,305.0452654999972,305.0452654999972,305.0452654999972,308.19280541699845,423,1,[3.1473405419965275],[3.1473443750001024],nitya,"001",2025-11-06_18h18.32.798,IBT.exp,,2025.2.0,None,2025-11-06 18h18.33.045031 +0530,
0.1,1000,exp,66,6,5,space,1.795971166997333,None,534,1,[1.9257363750002696],[1.9257392500003334],5,6,66,9,308.2037201669955,,308.1929242499973,308.2037201669955,309.1884388749968,309.1884388749968,309.1926435839996,310.990751583995,space,1.795971166997333,None,310.9924515419989,311.09316375066214,311.40024724999967,311.3814054999966,311.3826400420003,311.40024724999967,311.40024724999967,311.40024724999967,313.3261722919997,534,1,[1.9257363750002696],[1.9257392500003334],nitya,"001",2025-11-06_18h18.32.798,IBT.exp,,2025.2.0,None,2025-11-06 18h18.33.045031 +0530,
0.4,1000,exp,67,7,5,space,0.8926247079944005,None,23,1,[2.510572041006526],[2.510575541004073],5,7,67,7,313.33702687500045,,313.32629045900103,313.33702687500045,314.3216450839973,314.3216450839973,314.3276677920003,315.2241204999955,space,0.8926247079944005,None,315.2254834169944,315.62629570866216,315.9320389169952,315.91327199999796,315.9144946249944,315.9320389169952,315.9320389169952,315.9320389169952,318.4427973749989,23,1,[2.510572041006526],[2.510575541004073],nitya,"001",2025-11-06_18h18.32.798,IBT.exp,,2025.2.0,None,2025-11-06 18h18.33.045031 +0530,
0.4,1000,exp,68,8,5,space,0.8389288750040578,None,43,1,[4.5474700829945505],[4.547473541999352],5,8,68,4,318.4536144169979,,318.4429223749976,318.4536144169979,319.43831283399777,319.43831283399777,319.44370091699966,320.28866954199475,space,0.8389288750040578,None,320.2899537919948,320.68846295866774,320.9951598339976,320.97613749999437,320.9778364589947,320.9951598339976,320.9951598339976,320.9951598339976,325.54281508399436,43,1,[4.5474700829945505],[4.547473541999352],nitya,"001",2025-11-06_18h18.32.798,IBT.exp,,2025.2.0,None,2025-11-06 18h18.33.045031 +0530,
0.7,400,unexp,69,9,5,space,0.4177954159968067,None,645,1,[4.547165832998871],[4.547168790995784],5,9,69,2,325.5536237089982,,325.5429335000008,325.5536237089982,326.5381963339969,326.5381963339969,326.5437420839953,326.96278633399925,space,0.4177954159968067,None,326.96404416699806,327.6716205416635,327.9788624590001,327.9595763749967,327.96134841699677,327.9788624590001,327.9788624590001,327.9788624590001,332.5262180419959,645,1,[4.547165832998871],[4.547168790995784],nitya,"001",2025-11-06_18h18.32.798,IBT.exp,,2025.2.0,None,2025-11-06 18h18.33.045031 +0530,
0.7,1000,exp,70,10,5,space,0.7463033339954563,None,765,1,[1.6772422909998568],[1.6772446659961133],5,10,70,5,332.53693437499896,,332.526334958995,332.53693437499896,333.52162274999864,333.52162274999864,333.52766162499756,334.273378083999,space,0.7463033339954563,None,334.27489437499753,334.97642095866127,335.2835981669996,335.26470100000006,335.2659268749994,335.2835981669996,335.2835981669996,335.2835981669996,336.96103679199587,765,1,[1.6772422909998568],[1.6772446659961133],nitya,"001",2025-11-06_18h18.32.798,IBT.exp,,2025.2.0,None,2025-11-06 18h18.33.045031 +0530,
0.7,1000,exp,71,11,5,space,0.4473923330006073,None,43,1,[1.2172752080005012],[1.217277791001834],5,11,71,8,336.9702550000002,,336.96118433399533,336.9702550000002,337.96137866700155,337.96137866700155,337.96137866700155,338.41103774999647,space,0.4473923330006073,None,338.41263324999454,339.12182058366693,339.4280612500006,339.4092278339958,339.41060037499847,339.4280612500006,339.4280612500006,339.4280612500006,340.6455447089975,43,1,[1.2172752080005012],[1.217277791001834],nitya,"001",2025-11-06_18h18.32.798,IBT.exp,,2025.2.0,None,2025-11-06 18h18.33.045031 +0530,
0.4,400,unexp,72,0,6,space,0.45476274999964517,None,533,1,[1.5944905409996863],[1.5944932909987983],6,0,72,1,340.65362783399905,,340.645681916998,340.65362783399905,341.64399620900076,341.64399620900076,341.64399620900076,342.1068796249965,space,0.45476274999964517,None,342.10846666699945,342.5097095006679,342.81482799999503,342.7976608749959,342.7988520840008,342.81482799999503,342.81482799999503,342.81482799999503,344.40949262499635,533,1,[1.5944905409996863],[1.5944932909987983],nitya,"001",2025-11-06_18h18.32.798,IBT.exp,,2025.2.0,None,2025-11-06 18h18.33.045031 +0530,
0.1,1000,exp,73,1,6,space,0.4320071249967441,None,22,1,[1.5439926670005661],[1.5439956250047544],6,1,73,3,344.420246624999,,344.4096173750004,344.420246624999,345.4048145419947,345.4048145419947,345.4101223339967,345.8406261669952,space,0.4320071249967441,None,345.8425938340006,345.941978625666,346.2486275839983,346.23065399999905,346.2317328749996,346.2486275839983,346.2486275839983,346.2486275839983,347.7928188340011,22,1,[1.5439926670005661],[1.5439956250047544],nitya,"001",2025-11-06_18h18.32.798,IBT.exp,,2025.2.0,None,2025-11-06 18h18.33.045031 +0530,
0.7,400,unexp,74,2,6,space,0.7670139999972889,None,700,1,[1.9008675829973072],[1.9008708749970538],6,2,74,2,347.80395637499896,,347.79294020900124,347.80395637499896,348.7883258340007,348.7883258340007,348.79474612500053,349.5609541669983,space,0.7670139999972889,None,349.56222154200077,350.2718101666653,350.57806162499764,350.55957758399745,350.5613190840013,350.57806162499764,350.57806162499764,350.57806162499764,352.47913054200035,700,1,[1.9008675829973072],[1.9008708749970538],nitya,"001",2025-11-06_18h18.32.798,IBT.exp,,2025.2.0,None,2025-11-06 18h18.33.045031 +0530,
0.7,1000,exp,75,3,6,space,0.516144749999512,None,687,1,[2.06060024999897],[2.0606030839990126],6,3,75,5,352.4869388340012,,352.47928566699557,352.4869388340012,353.47814270899835,353.47814270899835,353.47814270899835,354.00661004200083,space,0.516144749999512,None,354.00805574999686,354.70997920866307,355.01518179199775,354.9973308339977,354.9985504590004,355.01518179199775,355.01518179199775,355.01518179199775,357.07596724999894,687,1,[2.06060024999897],[2.0606030839990126],nitya,"001",2025-11-06_18h18.32.798,IBT.exp,,2025.2.0,None,2025-11-06 18h18.33.045031 +0530,
0.1,1000,exp,76,4,6,space,0.4605927500015241,None,987,1,[2.7479700420008157],[2.7479730420018313],6,4,76,6,357.08705579199886,,357.0761190419944,357.08705579199886,358.07169391700154,358.07169391700154,358.07815987499635,358.54039233399817,space,0.4605927500015241,None,358.5422965839971,358.64176604166664,358.94737533399893,358.93079299999954,358.9320268750016,358.94737533399893,358.94737533399893,358.94737533399893,361.6955442920007,987,1,[2.7479700420008157],[2.7479730420018313],nitya,"001",2025-11-06_18h18.32.798,IBT.exp,,2025.2.0,None,2025-11-06 18h18.33.045031 +0530,
0.7,1000,exp,77,5,6,space,0.46616433400049573,None,565,1,[1.4607497499964666],[1.46075241699873],6,5,77,11,361.7035789590009,,361.6956885420004,361.7035789590009,362.6950450419972,362.6950450419972,362.6950450419972,363.17298845899495,space,0.46616433400049573,None,363.1743362499983,363.8764422916613,364.1843122499995,364.1651500839944,364.1663957089986,364.1843122499995,364.1843122499995,364.1843122499995,365.64526079200004,565,1,[1.4607497499964666],[1.46075241699873],nitya,"001",2025-11-06_18h18.32.798,IBT.exp,,2025.2.0,None,2025-11-06 18h18.33.045031 +0530,
0.7,1000,exp,78,6,6,space,0.5307449579995591,None,645,1,[1.99839058300131],[1.9983935409982223],6,6,78,8,365.65357733400015,,365.64541199999803,365.65357733400015,366.6443194999956,366.6443194999956,366.6443194999956,367.178892584001,space,0.5307449579995591,None,367.180109916997,367.87859500066793,368.1940703750006,368.17617595900083,368.17784525000025,368.1940703750006,368.1940703750006,368.1940703750006,370.1926407919964,645,1,[1.99839058300131],[1.9983935409982223],nitya,"001",2025-11-06_18h18.32.798,IBT.exp,,2025.2.0,None,2025-11-06 18h18.33.045031 +0530,
0.4,1000,exp,79,7,6,space,0.8307116659998428,None,456,1,[1.7595192500011763],[1.7595220410003094],6,7,79,4,370.2036824999959,,370.19276649999665,370.2036824999959,371.18824825000047,371.18824825000047,371.1940374589976,372.02429120899615,space,0.8307116659998428,None,372.0258817089998,372.4266278756661,372.73308949999773,372.7142400839948,372.7158064999967,372.73308949999773,372.73308949999773,372.73308949999773,374.49279762499646,456,1,[1.7595192500011763],[1.7595220410003094],nitya,"001",2025-11-06_18h18.32.798,IBT.exp,,2025.2.0,None,2025-11-06 18h18.33.045031 +0530,
0.4,1000,exp,80,8,6,space,0.357449083996471,None,55,1,[1.3153926250015502],[1.315395208002883],6,8,80,7,374.5037579589989,,374.49291429200093,374.5037579589989,375.4883292089944,375.4883292089944,375.49435133399675,375.8568875839992,space,0.357449083996471,None,375.8583314999996,376.259541375661,376.5637491669986,376.54671704200155,376.54772874999617,376.5637491669986,376.5637491669986,376.5637491669986,377.8793438339999,55,1,[1.3153926250015502],[1.315395208002883],nitya,"001",2025-11-06_18h18.32.798,IBT.exp,,2025.2.0,None,2025-11-06 18h18.33.045031 +0530,
0.1,1000,exp,81,9,6,space,0.4023233749976498,None,254,1,[1.9947605000052135],[1.9947635830030777],6,9,81,9,377.88689333399816,,377.87949025000125,377.88689333399816,378.87636595899676,378.87636595899676,378.87636595899676,379.289824624997,space,0.4023233749976498,None,379.29111512500094,379.391998375668,379.70038837500033,379.6810719169953,379.6823134169972,379.70038837500033,379.70038837500033,379.70038837500033,381.6953802919961,254,1,[1.9947605000052135],[1.9947635830030777],nitya,"001",2025-11-06_18h18.32.798,IBT.exp,,2025.2.0,None,2025-11-06 18h18.33.045031 +0530,
0.4,1000,exp,82,10,6,space,0.3416127079981379,None,635 ,1,[2.35923824999918],[2.3592411249992438],6,10,82,10,381.70356337499834,,381.6954971669984,381.70356337499834,382.6931192089978,382.6931192089978,382.6931192089978,383.0405384170008,space,0.3416127079981379,None,383.0422086249964,383.4426813336652,383.7525602089954,383.7310871669979,383.73233624999557,383.7525602089954,383.7525602089954,383.7525602089954,386.11198983399663,635 ,1,[2.35923824999918],[2.3592411249992438],nitya,"001",2025-11-06_18h18.32.798,IBT.exp,,2025.2.0,None,2025-11-06 18h18.33.045031 +0530,
0.1,400,unexp,83,11,6,space,0.4413922090025153,None,64,1,[1.9751984579997952],[1.9752014580008108],6,11,83,0,386.12031212500005,,386.1121312920004,386.12031212500005,387.1105771250004,387.1105771250004,387.1105771250004,387.55653520899796,space,0.4413922090025153,None,387.5581945419981,387.65909237566325,387.9672508340009,387.94795487499505,387.9491689169954,387.9672508340009,387.9672508340009,387.9672508340009,389.94262816699484,64,1,[1.9751984579997952],[1.9752014580008108],nitya,"001",2025-11-06_18h18.32.798,IBT.exp,,2025.2.0,None,2025-11-06 18h18.33.045031 +0530,
0.1,400,unexp,84,0,7,space,0.7250864169982378,None,625,1,[1.380588166997768],[1.3805908750000526],7,0,84,0,389.95367691700085,,389.9427545840008,389.95367691700085,390.9383240839961,390.9383240839961,390.9444513749986,391.67380320899974,space,0.7250864169982378,None,391.6751971669946,391.77708825066316,392.0953393749951,392.0762025419972,392.0779348340002,392.0953393749951,392.0953393749951,392.0953393749951,393.47610704199906,625,1,[1.380588166997768],[1.3805908750000526],nitya,"001",2025-11-06_18h18.32.798,IBT.exp,,2025.2.0,None,2025-11-06 18h18.33.045031 +0530,
0.4,1000,exp,85,1,7,space,0.4348764169990318,None,726,1,[2.5972987080021994],[2.5973017500000424],7,1,85,7,393.48691437499656,,393.4762343339971,393.48691437499656,394.4714727499959,394.4714727499959,394.47731158399984,394.9120631670012,space,0.4348764169990318,None,394.9133120839979,395.32167937566214,395.6283817919975,395.60928533400147,395.6109391249993,395.6283817919975,395.6283817919975,395.6283817919975,398.2258730419999,726,1,[2.5972987080021994],[2.5973017500000424],nitya,"001",2025-11-06_18h18.32.798,IBT.exp,,2025.2.0,None,2025-11-06 18h18.33.045031 +0530,
0.1,1000,exp,86,2,7,space,1.3034974999973201,None,88,1,[2.9143785830019624],[2.91438191600173],7,2,86,9,398.23690524999984,,398.2259940419972,398.23690524999984,399.2214950839989,399.2214950839989,399.2281691669996,400.5277824590012,space,1.3034974999973201,None,400.52932537499873,400.6383605836638,400.9447800419948,400.9261498749984,400.92778541699954,400.9447800419948,400.9447800419948,400.9447800419948,403.859351041996,88,1,[2.9143785830019624],[2.91438191600173],nitya,"001",2025-11-06_18h18.32.798,IBT.exp,,2025.2.0,None,2025-11-06 18h18.33.045031 +0530,
0.4,1000,exp,87,3,7,space,0.5070767920042272,None,77,1,[2.210826791000727],[2.2108303749992047],7,3,87,10,403.87055224999494,,403.8594693339983,403.87055224999494,404.8550684590009,404.8550684590009,404.86132616699615,405.3740219169995,space,0.5070767920042272,None,405.37555958399753,405.7762750006625,406.0818378749973,406.0636037919976,406.0648659590006,406.0818378749973,406.0818378749973,406.0818378749973,408.2928527920012,77,1,[2.210826791000727],[2.2108303749992047],nitya,"001",2025-11-06_18h18.32.798,IBT.exp,,2025.2.0,None,2025-11-06 18h18.33.045031 +0530,
0.4,1000,exp,88,4,7,space,0.40672937499766704,None,66,1,[1.042041374996188],[1.0420441249953],7,4,88,4,408.30354649999936,,408.2929767089954,408.30354649999936,409.28830695899524,409.28830695899524,409.29389591699874,409.70654141699924,space,0.40672937499766704,None,409.7079122089999,410.1090905416679,410.41723737499706,410.3973919589989,410.39889545899496,410.41723737499706,410.41723737499706,410.41723737499706,411.4594566250016,66,1,[1.042041374996188],[1.0420441249953],nitya,"001",2025-11-06_18h18.32.798,IBT.exp,,2025.2.0,None,2025-11-06 18h18.33.045031 +0530,
0.7,1000,exp,89,5,7,space,0.2820968339947285,None,98,1,[1.9747916250053095],[1.9747948750009527],7,5,89,5,411.47047104199737,,411.45957679199637,411.47047104199737,412.4549500840003,412.4549500840003,412.46077104199503,412.7404677919985,space,0.2820968339947285,None,412.7424354169998,413.4422478336676,413.75107820899575,413.73264783399645,413.7336885839977,413.75107820899575,413.75107820899575,413.75107820899575,415.72605154199846,98,1,[1.9747916250053095],[1.9747948750009527],nitya,"001",2025-11-06_18h18.32.798,IBT.exp,,2025.2.0,None,2025-11-06 18h18.33.045031 +0530,
0.1,1000,exp,90,6,7,space,1.6472169999979087,None,787,1,[1.8113475420032046],[1.811350667005172],7,6,90,3,415.73713141700136,,415.72617620899837,415.73713141700136,416.7216425419974,416.7216425419974,416.72766808400047,418.37361745900125,space,1.6472169999979087,None,418.3753786249945,418.47652400066386,418.78121712499706,418.76395833399874,418.7652212089961,418.78121712499706,418.78121712499706,418.78121712499706,420.59275004200026,787,1,[1.8113475420032046],[1.811350667005172],nitya,"001",2025-11-06_18h18.32.798,IBT.exp,,2025.2.0,None,2025-11-06 18h18.33.045031 +0530,
0.1,1000,exp,91,7,7,space,1.1304423330002464,None,67,1,[1.1436342500019236],[1.1436371250019874],7,7,91,6,420.60347750000074,,420.5928665839965,420.60347750000074,421.58833087499806,421.58833087499806,421.5943847499948,422.72321904199634,space,1.1304423330002464,None,422.7248630419999,422.8259485416677,423.13209687500057,423.1144944999978,423.1156987919967,423.13209687500057,423.13209687500057,423.13209687500057,424.2759271249961,67,1,[1.1436342500019236],[1.1436371250019874],nitya,"001",2025-11-06_18h18.32.798,IBT.exp,,2025.2.0,None,2025-11-06 18h18.33.045031 +0530,
0.7,400,unexp,92,8,7,space,0.4303385419989354,None,765 ,1,[2.076446749997558],[2.0764497089985525],7,8,92,2,424.2868145839966,,424.27604537500156,424.2868145839966,425.27158654199593,425.27158654199593,425.2780677089977,425.7071342919953,space,0.4303385419989354,None,425.70845749999717,426.41026966666345,426.7161146669969,426.6970137499957,426.69826404199557,426.7161146669969,426.7161146669969,426.7161146669969,428.79274979199545,765 ,1,[2.076446749997558],[2.0764497089985525],nitya,"001",2025-11-06_18h18.32.798,IBT.exp,,2025.2.0,None,2025-11-06 18h18.33.045031 +0530,
0.7,1000,exp,93,9,7,space,1.4048221670018393,None,834,1,[1.6807520000002114],[1.6807550840021577],7,9,93,11,428.80353466700035,,428.792869375,428.80353466700035,429.7881044999958,429.7881044999958,429.7930758750008,431.1951678749974,space,1.4048221670018393,None,431.19671549999475,431.9048830006616,432.2115763749971,432.192380208995,432.19380275000003,432.2115763749971,432.2115763749971,432.2115763749971,433.89251366700046,834,1,[1.6807520000002114],[1.6807550840021577],nitya,"001",2025-11-06_18h18.32.798,IBT.exp,,2025.2.0,None,2025-11-06 18h18.33.045031 +0530,
0.4,400,unexp,94,10,7,space,0.5332251670042751,None,64,1,[2.7121819159947336],[2.712184415999218],7,10,94,1,433.90347087499686,,433.89265641699603,433.90347087499686,434.88823891699576,434.88823891699576,434.8931095000007,435.4236939170005,space,0.5332251670042751,None,435.425224958999,435.82637562566765,436.13254104199586,436.1138998339957,436.11512850000145,436.13254104199586,436.13254104199586,436.13254104199586,438.84492166699783,64,1,[2.7121819159947336],[2.712184415999218],nitya,"001",2025-11-06_18h18.32.798,IBT.exp,,2025.2.0,None,2025-11-06 18h18.33.045031 +0530,
0.7,1000,exp,95,11,7,space,0.4876213329989696,None,73,1,[1.1761944589961786],[1.1761973749962635],7,11,95,8,438.8534758339956,,438.8450594589958,438.8534758339956,439.844028624997,439.844028624997,439.844028624997,440.33986458399886,space,0.4876213329989696,None,440.3416169589982,441.0422978756653,441.34973091699794,441.33046579199436,441.3317440419996,441.34973091699794,441.34973091699794,441.34973091699794,442.52610674999596,73,1,[1.1761944589961786],[1.1761973749962635],nitya,"001",2025-11-06_18h18.32.798,IBT.exp,,2025.2.0,None,2025-11-06 18h18.33.045031 +0530,
0.4,1000,exp,96,0,8,space,1.1037586250022287,None,73,1,[1.146745790996647],[1.1467492500014487],8,0,96,7,442.5368170840011,,442.52623270899494,442.5368170840011,443.5214888749979,443.5214888749979,443.5265004169996,444.62734445899696,space,1.1037586250022287,None,444.6285506669956,445.03824883366565,445.345782958997,445.3261477089982,445.32788854200044,445.345782958997,445.345782958997,445.345782958997,446.4927131250006,73,1,[1.146745790996647],[1.1467492500014487],nitya,"001",2025-11-06_18h18.32.798,IBT.exp,,2025.2.0,None,2025-11-06 18h18.33.045031 +0530,
0.1,1000,exp,97,1,8,space,1.3108753749984317,None,735,1,[1.5593230410013348],[1.5593260830064537],8,1,97,6,446.50350312500086,,446.49283287499566,446.50350312500086,447.48827995899774,447.48827995899774,447.4945527499949,448.8064343340011,space,1.3108753749984317,None,448.8080287499979,448.9083007506672,449.2165562090013,449.1973510839962,449.19857633399806,449.2165562090013,449.2165562090013,449.2165562090013,450.77605712499644,735,1,[1.5593230410013348],[1.5593260830064537],nitya,"001",2025-11-06_18h18.32.798,IBT.exp,,2025.2.0,None,2025-11-06 18h18.33.045031 +0530,
0.1,400,unexp,98,2,8,space,0.702438083004381,None,87,1,[1.2503505419954308],[1.2503533749986673],8,2,98,0,450.78712879199884,,450.77618787499523,450.78712879199884,451.771564249997,451.771564249997,451.7776510839976,452.4777638339947,space,0.702438083004381,None,452.4790084999986,452.5881067916673,452.89523987499706,452.8761354589951,452.87780933400063,452.89523987499706,452.89523987499706,452.89523987499706,454.14579170900106,87,1,[1.2503505419954308],[1.2503533749986673],nitya,"001",2025-11-06_18h18.32.798,IBT.exp,,2025.2.0,None,2025-11-06 18h18.33.045031 +0530,
0.1,1000,exp,99,3,8,space,0.4423877080043894,None,65,1,[1.428558791994874],[1.4285615419939859],8,3,99,3,454.15350020899496,,454.14592195899604,454.15350020899496,455.1436400419989,455.1436400419989,455.1436400419989,455.59013179199974,space,0.4423877080043894,None,455.59179262499674,455.6919244586645,456.0000088749948,455.9813965840003,455.9826424589992,456.0000088749948,456.0000088749948,456.0000088749948,457.4287683340008,65,1,[1.428558791994874],[1.4285615419939859],nitya,"001",2025-11-06_18h18.32.798,IBT.exp,,2025.2.0,None,2025-11-06 18h18.33.045031 +0530,
0.4,400,unexp,100,4,8,space,0.5631788340033381,None,45,1,[1.0971808749964111],[1.0971838330005994],8,4,100,1,457.4367912499947,,457.42890287499904,457.4367912499947,458.4256686669978,458.4256686669978,458.4256686669978,458.9949053339951,space,0.5631788340033381,None,458.9961722500011,459.40477537566426,459.7119303750005,459.6927097500011,459.6944074169951,459.7119303750005,459.7119303750005,459.7119303750005,460.80929712500074,45,1,[1.0971808749964111],[1.0971838330005994],nitya,"001",2025-11-06_18h18.32.798,IBT.exp,,2025.2.0,None,2025-11-06 18h18.33.045031 +0530,
0.7,1000,exp,101,5,8,space,0.3801986250036862,None,877,1,[1.2771883749956032],[1.27719141599664],8,5,101,5,460.8201111249946,,460.80941383399477,460.8201111249946,461.8046757089978,461.8046757089978,461.8109444169968,462.18999158399674,space,0.3801986250036862,None,462.1916113749976,462.89261804166404,463.1987104169966,463.18076733400085,463.182146166997,463.1987104169966,463.1987104169966,463.1987104169966,464.4760817089991,877,1,[1.2771883749956032],[1.27719141599664],nitya,"001",2025-11-06_18h18.32.798,IBT.exp,,2025.2.0,None,2025-11-06 18h18.33.045031 +0530,
0.4,1000,exp,102,6,8,space,1.1413662499981,None,099,1,[1.5925949160009623],[1.592598374998488],8,6,102,10,464.48678154200024,,464.4762051669968,464.48678154200024,465.47135058399726,465.47135058399726,465.47668020899437,466.6230975419967,space,1.1413662499981,None,466.6246719999981,467.0259959166617,467.3331823339977,467.3151662089949,467.3220932920012,467.3331823339977,467.3331823339977,467.3331823339977,468.92596445899835,099,1,[1.5925949160009623],[1.592598374998488],nitya,"001",2025-11-06_18h18.32.798,IBT.exp,,2025.2.0,None,2025-11-06 18h18.33.045031 +0530,
0.4,1000,exp,103,7,8,space,0.3712989999985439,None,088,1,[1.383365292000235],[1.3833686250000028],8,7,103,4,468.9370012500003,,468.9260812499997,468.9370012500003,469.9214087500004,469.9214087500004,469.9275856249951,470.294199416996,space,0.3712989999985439,None,470.29574283400143,470.7047046666669,471.01187329199456,470.99268529199617,470.99444191699877,471.01187329199456,471.01187329199456,471.01187329199456,472.395437166997,088,1,[1.383365292000235],[1.3833686250000028],nitya,"001",2025-11-06_18h18.32.798,IBT.exp,,2025.2.0,None,2025-11-06 18h18.33.045031 +0530,
0.7,400,unexp,104,8,8,space,0.5943207500022254,None,666,1,[1.7626842079989729],[1.7626879579984234],8,8,104,2,472.4033979169981,,472.3955611249985,472.4033979169981,473.39421612500155,473.39421612500155,473.39421612500155,473.9960309589951,space,0.5943207500022254,None,473.9973947499966,474.7053763336628,475.01318704200094,474.99306558399985,474.9951578339969,475.01318704200094,475.01318704200094,475.01318704200094,476.7760702919986,666,1,[1.7626842079989729],[1.7626879579984234],nitya,"001",2025-11-06_18h18.32.798,IBT.exp,,2025.2.0,None,2025-11-06 18h18.33.045031 +0530,
0.1,1000,exp,105,9,8,space,0.45706600000266917,None,37,1,[2.0921074590005446],[2.0921105000015814],8,9,105,9,476.78676941699814,,476.7762155419987,476.78676941699814,477.77135687499685,477.77135687499685,477.7767501249982,478.2395959589994,space,0.45706600000266917,None,478.2409849589967,478.34204879166305,478.6504304170012,478.63107537500036,478.6323991249956,478.6504304170012,478.6504304170012,478.6504304170012,480.7427252089983,37,1,[2.0921074590005446],[2.0921105000015814],nitya,"001",2025-11-06_18h18.32.798,IBT.exp,,2025.2.0,None,2025-11-06 18h18.33.045031 +0530,
0.7,1000,exp,106,10,8,space,4.1524709169971175,None,22,1,[1.6156303329989896],[1.6156349580051028],8,10,106,11,480.7534633339965,,480.74284266700124,480.7534633339965,481.7379173750014,481.7379173750014,481.74285674999555,485.89537724999536,space,4.1524709169971175,None,485.89661937499477,486.6046664166681,486.9101890419988,486.8923779589968,486.89410937499633,486.9101890419988,486.9101890419988,486.9101890419988,488.5260036249965,22,1,[1.6156303329989896],[1.6156349580051028],nitya,"001",2025-11-06_18h18.32.798,IBT.exp,,2025.2.0,None,2025-11-06 18h18.33.045031 +0530,
0.7,1000,exp,107,11,8,space,1.3814815829973668,None,66,1,[1.1785995409954921],[1.1786023749955348],8,11,107,8,488.5368621249945,,488.5261191249956,488.5368621249945,489.5214510000005,489.5214510000005,489.5275099999999,490.906939208995,space,1.3814815829973668,None,490.90892241699476,491.61002045866576,491.91369258399936,491.8966138339965,491.89790399999765,491.91369258399936,491.91369258399936,491.91369258399936,493.0924855419944,66,1,[1.1785995409954921],[1.1786023749955348],nitya,"001",2025-11-06_18h18.32.798,IBT.exp,,2025.2.0,None,2025-11-06 18h18.33.045031 +0530,
0.7,1000,exp,108,0,9,space,0.8468103329942096,None,77 ,1,[2.4759303750033723],[2.475933667003119],9,0,108,8,493.1037491249954,,493.09260424999957,493.1037491249954,494.0879981670005,494.0879981670005,494.0935612499961,494.94045245899906,space,0.8468103329942096,None,494.94236687499506,495.64219212566627,495.9499103749986,495.9307711250003,495.9320661249949,495.9499103749986,495.9499103749986,495.9499103749986,498.4260282920004,77 ,1,[2.4759303750033723],[2.475933667003119],nitya,"001",2025-11-06_18h18.32.798,IBT.exp,,2025.2.0,None,2025-11-06 18h18.33.045031 +0530,
0.4,400,unexp,109,1,9,space,1.6654037500047707,None,888,1,[2.1251746249981807],[2.1251773749972926],9,1,109,1,498.4368084589951,,498.42616370899486,498.4368084589951,499.4212720840005,499.4212720840005,499.4266979169988,501.0903559169965,space,1.6654037500047707,None,501.09166983400064,501.49214375066754,501.8005351249958,501.78109112499806,501.782344291998,501.8005351249958,501.8005351249958,501.8005351249958,503.9259084169971,888,1,[2.1251746249981807],[2.1251773749972926],nitya,"001",2025-11-06_18h18.32.798,IBT.exp,,2025.2.0,None,2025-11-06 18h18.33.045031 +0530,
0.4,1000,exp,110,2,9,space,1.4399624169964227,None,466,1,[1.8927964579997933],[1.8927998330036644],9,2,110,4,503.9367534999983,,503.9260245839978,503.9367534999983,504.92148749999615,504.92148749999615,504.9276920839984,506.37307195899484,space,1.4399624169964227,None,506.37480966699513,506.7764940006639,507.08282062500075,507.0639051670005,507.06516104199545,507.08282062500075,507.08282062500075,507.08282062500075,508.97580224999547,466,1,[1.8927964579997933],[1.8927998330036644],nitya,"001",2025-11-06_18h18.32.798,IBT.exp,,2025.2.0,None,2025-11-06 18h18.33.045031 +0530,
0.1,400,unexp,111,3,9,space,1.353966708004009,None,399,1,[1.9671960830019088],[1.9671987920009997],9,3,111,0,508.98671099999774,,508.9759269169954,508.98671099999774,509.9714116670002,509.9714116670002,509.9776733339968,511.32895008399646,space,1.353966708004009,None,511.3302038339971,511.43804804166234,511.7440312089966,511.7256477089977,511.72707820899814,511.7440312089966,511.7440312089966,511.7440312089966,513.7114235839981,399,1,[1.9671960830019088],[1.9671987920009997],nitya,"001",2025-11-06_18h18.32.798,IBT.exp,,2025.2.0,None,2025-11-06 18h18.33.045031 +0530,
0.1,1000,exp,112,4,9,space,1.154548792001151,None,500,1,[1.2810314580056001],[1.2810347080012434],9,4,112,9,513.7200322919962,,513.7115665419988,513.7200322919962,514.7047677090013,514.7047677090013,514.7109044589961,515.8607693749946,space,1.154548792001151,None,515.8620054169951,515.9714197506657,516.2781087920011,516.2589348749971,516.2603402089953,516.2781087920011,516.2781087920011,516.2781087920011,517.5593387919944,500,1,[1.2810314580056001],[1.2810347080012434],nitya,"001",2025-11-06_18h18.32.798,IBT.exp,,2025.2.0,None,2025-11-06 18h18.33.045031 +0530,
0.1,1000,exp,113,5,9,space,0.3344050000014249,None,500,1,[1.8968990000066697],[1.8969017090057605],9,5,113,3,517.5700282499965,,517.5594561249964,517.5700282499965,518.5547975000009,518.5547975000009,518.5604678749951,518.8935585419968,space,0.3344050000014249,None,518.8947777919966,519.0047503336648,519.3121253749996,519.2927079169967,519.2944542499972,519.3121253749996,519.3121253749996,519.3121253749996,521.2092122089962,500,1,[1.8968990000066697],[1.8969017090057605],nitya,"001",2025-11-06_18h18.32.798,IBT.exp,,2025.2.0,None,2025-11-06 18h18.33.045031 +0530,
0.7,1000,exp,114,6,9,space,0.6545834170028684,None,003 ,1,[3.3800534160036477],[3.3800564160046633],9,6,114,5,521.2200571669964,,521.2093369590002,521.2200571669964,522.2045625419996,522.2045625419996,522.2095760419979,522.8614797499977,space,0.6545834170028684,None,522.8627109169975,523.5714413336648,523.878917916998,523.8592556250005,523.8611170000004,523.878917916998,523.878917916998,523.878917916998,527.2591541250004,003 ,1,[3.3800534160036477],[3.3800564160046633],nitya,"001",2025-11-06_18h18.32.798,IBT.exp,,2025.2.0,None,2025-11-06 18h18.33.045031 +0530,
0.1,1000,exp,115,7,9,space,0.8364249160003965,None,700,1,[1.9642173750035],[1.9642206250064191],9,7,115,6,527.2700117089989,,527.2592696249994,527.2700117089989,528.2547771249956,528.2547771249956,528.2612889589946,529.0949889589974,space,0.8364249160003965,None,529.0961830000015,529.2047377506644,529.5115512919947,529.4927285419981,529.4944989590003,529.5115512919947,529.5115512919947,529.5115512919947,531.4759608339955,700,1,[1.9642173750035],[1.9642206250064191],nitya,"001",2025-11-06_18h18.32.798,IBT.exp,,2025.2.0,None,2025-11-06 18h18.33.045031 +0530,
0.4,1000,exp,116,8,9,space,0.33243625000613974,None,003,1,[2.8304597079986706],[2.830462999998417],9,8,116,10,531.4867112089996,,531.4760798339994,531.4867112089996,532.4713653340004,532.4713653340004,532.4779518340001,532.8070163339944,space,0.33243625000613974,None,532.8089410839966,533.2095964166622,533.5286142089972,533.5092601669967,533.5109980839989,533.5286142089972,533.5286142089972,533.5286142089972,536.3592578749958,003,1,[2.8304597079986706],[2.830462999998417],nitya,"001",2025-11-06_18h18.32.798,IBT.exp,,2025.2.0,None,2025-11-06 18h18.33.045031 +0530,
0.4,1000,exp,117,9,9,space,0.3810674580017803,None,400,1,[1.9617118339956505],[1.9617153340004734],9,9,117,7,536.3700290419947,,536.3594136249958,536.3700290419947,537.3547470839985,537.3547470839985,537.3599078749976,537.7395717499967,space,0.3810674580017803,None,537.7411921669991,538.142595666661,538.4502361249979,538.4308280839978,538.4323707090007,538.4502361249979,538.4502361249979,538.4502361249979,540.4121774999949,400,1,[1.9617118339956505],[1.9617153340004734],nitya,"001",2025-11-06_18h18.32.798,IBT.exp,,2025.2.0,None,2025-11-06 18h18.33.045031 +0530,
0.7,1000,exp,118,10,9,space,0.6932792910010903,None,58,1,[1.5946591250030906],[1.594661458999326],9,10,118,11,540.4200023749945,,540.4123215419968,540.4200023749945,541.4112723340004,541.4112723340004,541.4112723340004,542.1062950839987,space,0.6932792910010903,None,542.1077319589967,542.810045458664,543.1171452089984,543.0973666249993,543.0986838339959,543.1171452089984,543.1171452089984,543.1171452089984,544.7120062499962,58,1,[1.5946591250030906],[1.594661458999326],nitya,"001",2025-11-06_18h18.32.798,IBT.exp,,2025.2.0,None,2025-11-06 18h18.33.045031 +0530,
0.7,400,unexp,119,11,9,space,0.5886210420067073,None,300,1,[1.142936958000064],[1.1429400830020313],9,11,119,2,544.7199973749957,,544.7121503339949,544.7199973749957,545.7109730419979,545.7109730419979,545.7109730419979,546.3070684589984,space,0.5886210420067073,None,546.3084951669953,547.0100470416621,547.3162203749962,547.2970298750006,547.2983157089984,547.3162203749962,547.3162203749962,547.3162203749962,548.4593569589997,300,1,[1.142936958000064],[1.1429400830020313],nitya,"001",2025-11-06_18h18.32.798,IBT.exp,,2025.2.0,None,2025-11-06 18h18.33.045031 +0530,
0.7,1000,exp,120,0,10,space,0.32969545800006017,None,858,1,[1.7242036250027013],[1.7242068330015172],10,0,120,8,548.470032666999,,548.4594716669963,548.470032666999,549.4547645419952,549.4547645419952,549.4612446669998,549.7904960000014,space,0.32969545800006017,None,549.7924660839999,550.4928525836624,550.8015622089952,550.7873325839973,550.7894146670005,550.8015622089952,550.8015622089952,550.8015622089952,552.525973333999,858,1,[1.7242036250027013],[1.7242068330015172],nitya,"001",2025-11-06_18h18.32.798,IBT.exp,,2025.2.0,None,2025-11-06 18h18.33.045031 +0530,
0.4,400,unexp,121,1,10,space,0.40798549999453826,None,002,1,[1.316205083996465],[1.3162088340031914],10,1,121,1,552.536972541995,,552.5260968340008,552.536972541995,553.5214051669973,553.5214051669973,553.5275297920016,553.9401112499982,space,0.40798549999453826,None,553.9420773339953,554.3431856666614,554.6614822919946,554.6424062500009,554.6441986249993,554.6614822919946,554.6614822919946,554.6614822919946,555.9779047499978,002,1,[1.316205083996465],[1.3162088340031914],nitya,"001",2025-11-06_18h18.32.798,IBT.exp,,2025.2.0,None,2025-11-06 18h18.33.045031 +0530,
0.7,400,unexp,122,2,10,space,0.3098523340013344,None,42,1,[1.5638937080002506],[1.563896375002514],10,2,122,2,555.9866799169977,,555.9780430419996,555.9866799169977,556.9714289999974,556.9714289999974,556.9776853340009,557.2896122919992,space,0.3098523340013344,None,557.290953249998,557.9916702086668,558.2980372089951,558.2810089999984,558.2825156249964,558.2980372089951,558.2980372089951,558.2980372089951,559.8621440839997,42,1,[1.5638937080002506],[1.563896375002514],nitya,"001",2025-11-06_18h18.32.798,IBT.exp,,2025.2.0,None,2025-11-06 18h18.33.045031 +0530,
0.4,1000,exp,123,3,10,space,0.5313467090018094,None,364,1,[1.131730916997185],[1.1317344999988563],10,3,123,10,559.8699460839998,,559.8622880839976,559.8699460839998,560.8608677919983,560.8608677919983,560.8608677919983,561.3953097919948,space,0.5313467090018094,None,561.3968587499985,561.8047401666665,562.110527249999,562.0923668749965,562.0938695840014,562.110527249999,562.110527249999,562.110527249999,563.2424573749959,364,1,[1.131730916997185],[1.1317344999988563],nitya,"001",2025-11-06_18h18.32.798,IBT.exp,,2025.2.0,None,2025-11-06 18h18.33.045031 +0530,
0.1,400,unexp,124,4,10,space,0.7291729999997187,None,200,1,[2.1254677079996327],[2.1254708330016],10,4,124,0,563.2533156669961,,563.242575749995,563.2533156669961,564.2378989999997,564.2378989999997,564.2433722499991,564.9739105839981,space,0.7291729999997187,None,564.9754951249997,565.0757790416649,565.3834479590005,565.3642237499953,565.3655014169999,565.3834479590005,565.3834479590005,565.3834479590005,567.5091140419972,200,1,[2.1254677079996327],[2.1254708330016],nitya,"001",2025-11-06_18h18.32.798,IBT.exp,,2025.2.0,None,2025-11-06 18h18.33.045031 +0530,
0.4,1000,exp,125,5,10,space,0.72104054200463,None,22,1,[4.517718707997119],[4.517721917000017],10,5,125,4,567.5199275839987,,567.5092304999998,567.5199275839987,568.5048120840002,568.5048120840002,568.5110216249959,569.2383620420005,space,0.72104054200463,None,569.2400817499947,569.6381039166629,569.944373499995,569.925855417001,569.9276296249955,569.944373499995,569.944373499995,569.944373499995,574.4622952499994,22,1,[4.517718707997119],[4.517721917000017],nitya,"001",2025-11-06_18h18.32.798,IBT.exp,,2025.2.0,None,2025-11-06 18h18.33.045031 +0530,
0.1,1000,exp,126,6,10,space,1.0121929160013678,None,33,1,[0.8804402079986176],[0.8804429579977295],10,6,126,9,574.4699293339945,,574.4624369589947,574.4699293339945,575.4596857919969,575.4596857919969,575.4596857919969,576.4785475419994,space,1.0121929160013678,None,576.4797244590009,576.5799968336617,576.8952536669967,576.8754518339993,576.8771970000016,576.8952536669967,576.8952536669967,576.8952536669967,577.7758867090015,33,1,[0.8804402079986176],[0.8804429579977295],nitya,"001",2025-11-06_18h18.32.798,IBT.exp,,2025.2.0,None,2025-11-06 18h18.33.045031 +0530,
0.7,1000,exp,127,7,10,space,0.700329374994908,None,33,1,[0.8899637499998789],[0.8899668750018463],10,7,127,5,577.7865954169974,,577.7760018749977,577.7865954169974,578.7714324999979,578.7714324999979,578.7771322499975,579.4790960419996,space,0.700329374994908,None,579.4802934999971,580.1878102916637,580.488880375,580.4755021249948,580.4767663749953,580.488880375,580.488880375,580.488880375,581.3790573750011,33,1,[0.8899637499998789],[0.8899668750018463],nitya,"001",2025-11-06_18h18.32.798,IBT.exp,,2025.2.0,None,2025-11-06 18h18.33.045031 +0530,
0.1,1000,exp,128,8,10,space,0.24569154199707555,None,44,1,[0.6620405840003514],[0.6620434170035878],10,8,128,6,581.3866261250005,,581.379195208996,581.3866261250005,582.3759542920016,582.3759542920016,582.3759542920016,582.6289525419998,space,0.24569154199707555,None,582.6301313340009,582.738056041668,583.0469604999962,583.0258506669998,583.0276501670014,583.0469604999962,583.0469604999962,583.0469604999962,583.7091817089968,44,1,[0.6620405840003514],[0.6620434170035878],nitya,"001",2025-11-06_18h18.32.798,IBT.exp,,2025.2.0,None,2025-11-06 18h18.33.045031 +0530,
0.1,1000,exp,129,9,10,space,0.3920807499962393,None,55,1,[0.7459998330014059],[0.7460026670014486],10,9,129,3,583.719939208997,,583.7093065419976,583.719939208997,584.7045402090007,584.7045402090007,584.710345458996,585.105938834,space,0.3920807499962393,None,585.1071652089959,585.2093010836654,585.5131461669953,585.4960847089969,585.4972342920009,585.5131461669953,585.5131461669953,585.5131461669953,586.2593422089994,55,1,[0.7459998330014059],[0.7460026670014486],nitya,"001",2025-11-06_18h18.32.798,IBT.exp,,2025.2.0,None,2025-11-06 18h18.33.045031 +0530,
0.4,1000,exp,130,10,10,space,0.5426629579960718,None,66,1,[1.0951586250012042],[1.0951614160003373],10,10,130,7,586.2699853339946,,586.2594560840007,586.2699853339946,587.2548718339967,587.2548718339967,587.2614849589954,587.805940416998,space,0.5426629579960718,None,587.8072082500003,588.2093640416681,588.5138804589951,588.4967602920005,588.4980054589978,588.5138804589951,588.5138804589951,588.5138804589951,589.609222041996,66,1,[1.0951586250012042],[1.0951614160003373],nitya,"001",2025-11-06_18h18.32.798,IBT.exp,,2025.2.0,None,2025-11-06 18h18.33.045031 +0530,
0.7,1000,exp,131,11,10,space,1.9595929169954616,None,66,1,[1.708195125000202],[1.708198625005025],10,11,131,11,589.6199360839964,,589.6093458339965,589.6199360839964,590.6047864169959,590.6047864169959,590.6107522919992,592.572762208998,space,1.9595929169954616,None,592.5740493339981,593.2762605416613,593.5842555419949,593.5645496669968,593.5658772919996,593.5842555419949,593.5842555419949,593.5842555419949,595.2926479169982,66,1,[1.708195125000202],[1.708198625005025],nitya,"001",2025-11-06_18h18.32.798,IBT.exp,,2025.2.0,None,2025-11-06 18h18.33.045031 +0530,
0.4,1000,exp,132,0,11,space,1.2413517919994774,None,777,1,[1.9452102089999244],[1.945212583996181],11,0,132,4,595.3032727919999,,595.2927737919963,595.3032727919999,596.2880016669951,596.2880016669951,596.2942550839944,597.5401429170015,space,1.2413517919994774,None,597.5416365839992,597.9426246666665,598.2499283340003,598.2311169999957,598.2324000000008,598.2499283340003,598.2499283340003,598.2499283340003,600.1953629169948,777,1,[1.9452102089999244],[1.945212583996181],nitya,"001",2025-11-06_18h18.32.798,IBT.exp,,2025.2.0,None,2025-11-06 18h18.33.045031 +0530,
0.1,400,unexp,133,1,11,space,0.3180594579971512,None,88,1,[1.462028542002372],[1.4620313340055873],11,1,133,0,600.2033192919989,,600.1955018750014,600.2033192919989,601.1933166249946,601.1933166249946,601.1933166249946,601.5225792499987,space,0.3180594579971512,None,601.5238610000015,601.6249675416659,601.9302639169982,601.9136099169991,601.914921167001,601.9302639169982,601.9302639169982,601.9302639169982,603.3924942919984,88,1,[1.462028542002372],[1.4620313340055873],nitya,"001",2025-11-06_18h18.32.798,IBT.exp,,2025.2.0,None,2025-11-06 18h18.33.045031 +0530,
0.7,1000,exp,134,2,11,space,0.6949428340012673,None,99,1,[1.1116786249986035],[1.1116810419989633],11,2,134,11,603.4032135419984,,603.3926167089958,603.4032135419984,604.388174791995,604.388174791995,604.3924585419954,605.0903771669982,space,0.6949428340012673,None,605.0917851249978,605.7927538756669,606.0999362919974,606.0807277499989,606.0820442920012,606.0999362919974,606.0999362919974,606.0999362919974,607.2118297919951,99,1,[1.1116786249986035],[1.1116810419989633],nitya,"001",2025-11-06_18h18.32.798,IBT.exp,,2025.2.0,None,2025-11-06 18h18.33.045031 +0530,
0.7,400,unexp,135,3,11,space,0.40071029200043995,None,66 ,1,[4.959740333004447],[4.959743500003242],11,3,135,2,607.2199222499985,,607.2119599169964,607.2199222499985,608.2104815419953,608.2104815419953,608.2104815419953,608.6225118750008,space,0.40071029200043995,None,608.6238003749968,609.3250808756677,609.6325253339965,609.6136172499973,609.6148975839969,609.6325253339965,609.6325253339965,609.6325253339965,614.5924603749954,66 ,1,[4.959740333004447],[4.959743500003242],nitya,"001",2025-11-06_18h18.32.798,IBT.exp,,2025.2.0,None,2025-11-06 18h18.33.045031 +0530,
0.7,1000,exp,136,4,11,space,0.6700034579989733,None,22,1,[1.0661133749963483],[1.0661165829951642],11,4,136,5,614.6032567919974,,614.5925763749983,614.6032567919974,615.5878624589968,615.5878624589968,615.5933264589985,616.2611366249985,space,0.6700034579989733,None,616.2627399170015,616.9714674586614,617.2764110839998,617.2589489589955,617.2604183340009,617.2764110839998,617.2764110839998,617.2764110839998,618.3427170840005,22,1,[1.0661133749963483],[1.0661165829951642],nitya,"001",2025-11-06_18h18.32.798,IBT.exp,,2025.2.0,None,2025-11-06 18h18.33.045031 +0530,
0.4,1000,exp,137,5,11,space,0.49037412500183564,None,33,1,[1.748551459000737],[1.7485538340042694],11,5,137,10,618.3532638339966,,618.3428399170007,618.3532638339966,619.3383800419979,619.3383800419979,619.3449336669946,619.8393619169947,space,0.49037412500183564,None,619.8406771669979,620.2423396666675,620.5465383339979,620.5295452499995,620.530726500001,620.5465383339979,620.5465383339979,620.5465383339979,622.2953038749984,33,1,[1.748551459000737],[1.7485538340042694],nitya,"001",2025-11-06_18h18.32.798,IBT.exp,,2025.2.0,None,2025-11-06 18h18.33.045031 +0530,
0.4,1000,exp,138,6,11,space,0.330526749996352,None,555,1,[1.6323564159974921],[1.632359290997556],11,6,138,7,622.3032834589976,,622.2954337499978,622.3032834589976,623.2951496669994,623.2951496669994,623.2951496669994,623.6392703749952,space,0.330526749996352,None,623.6402090839983,624.0383271256617,624.3432985420004,624.3264193340001,624.3277007500001,624.3432985420004,624.3432985420004,624.3432985420004,625.9758435420008,555,1,[1.6323564159974921],[1.632359290997556],nitya,"001",2025-11-06_18h18.32.798,IBT.exp,,2025.2.0,None,2025-11-06 18h18.33.045031 +0530,
0.7,1000,exp,139,7,11,space,2.4482547500010696,None,272,1,[1.9085029159978149],[1.9085062499943888],11,7,139,8,625.9865372089989,,625.9759702500014,625.9865372089989,626.971350916996,626.971350916996,626.977956499999,629.423610124999,space,2.4482547500010696,None,629.4255905839964,630.1260347506652,630.4338199170015,630.4139261249948,630.4152506249957,630.4338199170015,630.4338199170015,630.4338199170015,632.3425262919991,272,1,[1.9085029159978149],[1.9085062499943888],nitya,"001",2025-11-06_18h18.32.798,IBT.exp,,2025.2.0,None,2025-11-06 18h18.33.045031 +0530,
0.4,400,unexp,140,8,11,space,0.3234101250054664,None,11,1,[2.445666583000275],[2.4456690000006347],11,8,140,1,632.3532895419994,,632.3426486249955,632.3532895419994,633.3379836249951,633.3379836249951,633.3444013749977,633.6723349999957,space,0.3234101250054664,None,633.673507624997,634.0759286256618,634.3833241249959,634.3636214590006,634.3650381249972,634.3833241249959,634.3833241249959,634.3833241249959,636.8292002089947,11,1,[2.445666583000275],[2.4456690000006347],nitya,"001",2025-11-06_18h18.32.798,IBT.exp,,2025.2.0,None,2025-11-06 18h18.33.045031 +0530,
0.1,1000,exp,141,9,11,space,0.42341591700096615,None,234,1,[2.7453021660039667],[2.745304957999906],11,9,141,9,636.836518791999,,636.8293493339952,636.836518791999,637.8270067089979,637.8270067089979,637.8270067089979,638.2561241250005,space,0.42341591700096615,None,638.2575823750012,638.3599810836643,638.6656929589954,638.6467432089994,638.6480540839984,638.6656929589954,638.6656929589954,638.6656929589954,641.4112082089996,234,1,[2.7453021660039667],[2.745304957999906],nitya,"001",2025-11-06_18h18.32.798,IBT.exp,,2025.2.0,None,2025-11-06 18h18.33.045031 +0530,
0.1,1000,exp,142,10,11,space,0.764743207997526,None,800,1,[1.4122272080057883],[1.412229749999824],11,10,142,6,641.4198925419987,,641.4113519169987,641.4198925419987,642.4045531669981,642.4045531669981,642.4111997500004,643.1728590839994,space,0.764743207997526,None,643.1744298749982,643.2756165006615,643.5831485419985,643.5642374169984,643.5655279589992,643.5831485419985,643.5831485419985,643.5831485419985,644.9955800839962,800,1,[1.4122272080057883],[1.412229749999824],nitya,"001",2025-11-06_18h18.32.798,IBT.exp,,2025.2.0,None,2025-11-06 18h18.33.045031 +0530,
0.1,1000,exp,143,11,11,space,0.6696768330002669,None,700,1,[1.2261804590016254],[1.2261840419960208],11,11,143,3,645.0032716249989,,644.9957258750001,645.0032716249989,645.9924896250013,645.9924896250013,645.9924896250013,646.6729155840003,space,0.6696768330002669,None,646.6744274169978,646.7748427086665,647.0827668749989,647.0645528749956,647.0658823749982,647.0827668749989,647.0827668749989,647.0827668749989,648.3091429589986,700,1,[1.2261804590016254],[1.2261840419960208],nitya,"001",2025-11-06_18h18.32.798,IBT.exp,,2025.2.0,None,2025-11-06 18h18.33.045031 +0530,
0.4,400,unexp,144,0,12,space,0.3667550840036711,None,008,1,[4.864803291995486],[4.864806416997453],12,0,144,1,648.3198850420013,,648.3092603339974,648.3198850420013,649.3044505419966,649.3044505419966,649.3101689999967,649.6734899169969,space,0.3667550840036711,None,649.6749867089966,650.0757681666621,650.3800847089951,650.3626591249995,650.3637436249992,650.3800847089951,650.3800847089951,650.3800847089951,655.2451039590014,008,1,[4.864803291995486],[4.864806416997453],nitya,"001",2025-11-06_18h18.32.798,IBT.exp,,2025.2.0,None,2025-11-06 18h18.33.045031 +0530,
0.4,1000,exp,145,1,12,space,0.32935708299919497,None,789,1,[2.4309262090027914],[2.4309295840066625],12,1,145,4,655.2532170839986,,655.2452645000012,655.2532170839986,656.2435867919994,656.2435867919994,656.2435867919994,656.5783122499997,space,0.32935708299919497,None,656.5795236249978,656.9877794586612,657.2947119999953,657.2755557089986,657.2773519170005,657.2947119999953,657.2947119999953,657.2947119999953,659.7258272089966,789,1,[2.4309262090027914],[2.4309295840066625],nitya,"001",2025-11-06_18h18.32.798,IBT.exp,,2025.2.0,None,2025-11-06 18h18.33.045031 +0530,
0.4,1000,exp,146,2,12,space,2.781535458001599,None,999,1,[2.2810694580039126],[2.2810729580014595],12,2,146,10,659.7366216250011,,659.7259527499991,659.7366216250011,660.7212453749962,660.7212453749962,660.7277454169962,663.5069145419984,space,2.781535458001599,None,663.5085188339945,663.9095672086662,664.2281484169944,664.2089625839944,664.2108709999957,664.2281484169944,664.2281484169944,664.2281484169944,666.5094301249992,999,1,[2.2810694580039126],[2.2810729580014595],nitya,"001",2025-11-06_18h18.32.798,IBT.exp,,2025.2.0,None,2025-11-06 18h18.33.045031 +0530,
0.4,1000,exp,147,3,12,space,0.4649047920029261,None,756,1,[1.592065917000582],[1.592069124999398],12,3,147,7,666.5198168749994,,666.5095555839944,666.5198168749994,667.504714499999,667.504714499999,667.5111204999994,667.9724687499984,space,0.4649047920029261,None,667.973575416996,668.3750651666671,668.6837103750004,668.6645691669983,668.665919250001,668.6837103750004,668.6837103750004,668.6837103750004,670.2759768339965,756,1,[1.592065917000582],[1.592069124999398],nitya,"001",2025-11-06_18h18.32.798,IBT.exp,,2025.2.0,None,2025-11-06 18h18.33.045031 +0530,
0.7,1000,exp,148,4,12,space,0.41839866699592676,None,744,1,[1.4898333750024904],[1.489835749998747],12,4,148,5,670.2865108339975,,670.276094916997,670.2865108339975,671.2711542920006,671.2711542920006,671.2766156669968,671.695442749995,space,0.41839866699592676,None,671.6966330419964,672.4044514586678,672.705513791996,672.6920726669996,672.6933860839999,672.705513791996,672.705513791996,672.705513791996,674.1955546249956,744,1,[1.4898333750024904],[1.489835749998747],nitya,"001",2025-11-06_18h18.32.798,IBT.exp,,2025.2.0,None,2025-11-06 18h18.33.045031 +0530,
0.7,400,unexp,149,5,12,space,0.9715972499980126,None,87,1,[1.3092887079983484],[1.309291416000633],12,5,149,2,674.2031687089984,,674.1956838749975,674.2031687089984,675.1938981249987,675.1938981249987,675.1938981249987,676.1733170419975,space,0.9715972499980126,None,676.1746784169954,676.8765084166628,677.1830623339993,677.1642715839989,677.1655975839967,677.1830623339993,677.1830623339993,677.1830623339993,678.4925494589988,87,1,[1.3092887079983484],[1.309291416000633],nitya,"001",2025-11-06_18h18.32.798,IBT.exp,,2025.2.0,None,2025-11-06 18h18.33.045031 +0530,
0.1,1000,exp,150,6,12,space,0.6516987080030958,None,333 ,1,[2.284721250005532],[2.284724417004327],12,6,150,3,678.5035257919953,,678.4926672500005,678.5035257919953,679.487685125001,679.487685125001,679.4942725000001,680.1458358749951,space,0.6516987080030958,None,680.1470439589975,680.2544496666635,680.5605399589986,680.5424271669981,680.5442266249956,680.5605399589986,680.5605399589986,680.5605399589986,682.8454678749986,333 ,1,[2.284721250005532],[2.284724417004327],nitya,"001",2025-11-06_18h18.32.798,IBT.exp,,2025.2.0,None,2025-11-06 18h18.33.045031 +0530,
0.7,1000,exp,151,7,12,space,0.8762960829990334,None,465,1,[1.5140639579985873],[1.5140667500018026],12,7,151,11,682.8531357920001,,682.8456156249958,682.8531357920001,683.8440015419983,683.8440015419983,683.8440015419983,684.723009041998,space,0.8762960829990334,None,684.7246929589965,685.4259717506613,685.7311972919997,685.7139313340012,685.715276709001,685.7311972919997,685.7311972919997,685.7311972919997,687.2454728339944,465,1,[1.5140639579985873],[1.5140667500018026],nitya,"001",2025-11-06_18h18.32.798,IBT.exp,,2025.2.0,None,2025-11-06 18h18.33.045031 +0530,
0.1,1000,exp,152,8,12,space,0.5750304579996737,None,765,1,[2.510569750003924],[2.510573833998933],12,8,152,6,687.2531419590014,,687.2456147499979,687.2531419590014,688.2441763339957,688.2441763339957,688.2441763339957,688.8232727089999,space,0.5750304579996737,None,688.8252387499961,688.9254185836655,689.2337106249979,689.2145649589947,689.2159385839986,689.2337106249979,689.2337106249979,689.2337106249979,691.7444857919982,765,1,[2.510569750003924],[2.510573833998933],nitya,"001",2025-11-06_18h18.32.798,IBT.exp,,2025.2.0,None,2025-11-06 18h18.33.045031 +0530,
0.7,1000,exp,153,9,12,space,0.5889222920013708,None,897,1,[1.4967529169953195],[1.4967558749995078],12,9,153,8,691.7531370419965,,691.7446159999963,691.7531370419965,692.7431884999969,692.7431884999969,692.7431884999969,693.3400102499945,space,0.5889222920013708,None,693.3416132499988,694.0430790416615,694.3480415000013,694.3308113749954,694.3321125840012,694.3480415000013,694.3480415000013,694.3480415000013,695.8450180419968,897,1,[1.4967529169953195],[1.4967558749995078],nitya,"001",2025-11-06_18h18.32.798,IBT.exp,,2025.2.0,None,2025-11-06 18h18.33.045031 +0530,
0.1,1000,exp,154,10,12,space,0.44863029200496385,None,645,1,[1.3639182080005412],[1.3639223749996745],12,10,154,9,695.853166791996,,695.8451562919945,695.853166791996,696.8542768749976,696.8542768749976,696.8542768749976,697.3052072089995,space,0.44863029200496385,None,697.3061501249977,697.4049710836664,697.7116239999959,697.6927611669962,697.6948185419969,697.7116239999959,697.7116239999959,697.7116239999959,699.075744583999,645,1,[1.3639182080005412],[1.3639223749996745],nitya,"001",2025-11-06_18h18.32.798,IBT.exp,,2025.2.0,None,2025-11-06 18h18.33.045031 +0530,
0.1,400,unexp,155,11,12,space,0.6496762500028126,None,111,1,[4.160331749997567],[4.160335166998266],12,11,155,0,699.0864557499954,,699.0758698749996,699.0864557499954,700.0711784999949,700.0711784999949,700.0764937089989,700.7228732919975,space,0.6496762500028126,None,700.7245830419997,700.8256532086637,701.1319864999969,701.1129950839968,701.1143804999956,701.1319864999969,701.1319864999969,701.1319864999969,705.2925231670015,111,1,[4.160331749997567],[4.160335166998266],nitya,"001",2025-11-06_18h18.32.798,IBT.exp,,2025.2.0,None,2025-11-06 18h18.33.045031 +0530,
0.4,1000,exp,156,0,13,space,0.4519291659962619,None,534,1,[1.7912564590005786],[1.7912598750044708],13,0,156,10,705.3034676669995,,705.2926402500016,705.3034676669995,706.2878754589983,706.2878754589983,706.2935561669947,706.7440389999974,space,0.4519291659962619,None,706.7452546669956,707.1434522916645,707.4509274169977,707.4311165420004,707.4324423750004,707.4509274169977,707.4509274169977,707.4509274169977,709.242378416995,534,1,[1.7912564590005786],[1.7912598750044708],nitya,"001",2025-11-06_18h18.32.798,IBT.exp,,2025.2.0,None,2025-11-06 18h18.33.045031 +0530,
0.1,1000,exp,157,1,13,space,0.4856509580058628,None,122,1,[1.8316558340011397],[1.8316587500012247],13,1,157,9,709.253100666996,,709.2425016669949,709.253100666996,710.2378211249961,710.2378211249961,710.2442937089945,710.7290833750012,space,0.4856509580058628,None,710.7303123749953,710.8378700836658,711.1437721249968,711.1255508339964,711.1272813749965,711.1437721249968,711.1437721249968,711.1437721249968,712.9756308750002,122,1,[1.8316558340011397],[1.8316587500012247],nitya,"001",2025-11-06_18h18.32.798,IBT.exp,,2025.2.0,None,2025-11-06 18h18.33.045031 +0530,
0.4,400,unexp,158,2,13,space,0.4464210419973824,None,766,1,[2.2966716660012025],[2.2966742909993627],13,2,158,1,712.9864589169956,,712.9757474590006,712.9864589169956,713.9710865839952,713.9710865839952,713.9766364169991,714.4230390839948,space,0.4464210419973824,None,714.4245519999968,714.8259885006667,715.1318566670016,715.1129986669985,715.1143019589945,715.1318566670016,715.1318566670016,715.1318566670016,717.4287263750011,766,1,[2.2966716660012025],[2.2966742909993627],nitya,"001",2025-11-06_18h18.32.798,IBT.exp,,2025.2.0,None,2025-11-06 18h18.33.045031 +0530,
0.1,400,unexp,159,3,13,space,0.6159616669974639,None,22,1,[1.426318000005267],[1.426321334001841],13,3,159,0,717.4364322089968,,717.4288717089948,717.4364322089968,718.4283784169966,718.4283784169966,718.4283784169966,719.0566749589998,space,0.6159616669974639,None,719.058047999999,719.1597437506682,719.4658916670014,719.4470814169981,719.4484335000016,719.4658916670014,719.4658916670014,719.4658916670014,720.8924038749974,22,1,[1.426318000005267],[1.426321334001841],nitya,"001",2025-11-06_18h18.32.798,IBT.exp,,2025.2.0,None,2025-11-06 18h18.33.045031 +0530,
0.1,1000,exp,160,4,13,space,0.47029275000386406,None,888,1,[2.981137333001243],[2.9811401660044794],13,4,160,3,720.9030647089967,,720.8925320419949,720.9030647089967,721.8879547089964,721.8879547089964,721.8939475840016,722.3616264169978,space,0.47029275000386406,None,722.3628221249965,722.4710389166614,722.7777096669961,722.7590079590009,722.760865708995,722.7777096669961,722.7777096669961,722.7777096669961,725.7590402919959,888,1,[2.981137333001243],[2.9811401660044794],nitya,"001",2025-11-06_18h18.32.798,IBT.exp,,2025.2.0,None,2025-11-06 18h18.33.045031 +0530,
0.4,1000,exp,161,5,13,space,0.9087721670002793,None,786,1,[1.4762635419974686],[1.4762665829985053],13,5,161,7,725.7697676249954,,725.759157374996,725.7697676249954,726.7544553339976,726.7544553339976,726.7602920419959,727.6729415839945,space,0.9087721670002793,None,727.6742641249948,728.0759421666628,728.3826763339966,728.3630208339964,728.3645550000001,728.3826763339966,728.3826763339966,728.3826763339966,729.859152166995,786,1,[1.4762635419974686],[1.4762665829985053],nitya,"001",2025-11-06_18h18.32.798,IBT.exp,,2025.2.0,None,2025-11-06 18h18.33.045031 +0530,
0.7,400,unexp,162,6,13,space,2.297401458999957,None,765,1,[1.4430399170014425],[1.4430436249967897],13,6,162,2,729.8698309169995,,729.8592698339999,729.8698309169995,730.8547234169964,730.8547234169964,730.8610964170002,733.1562812089978,space,2.297401458999957,None,733.1580417090008,733.8585312086618,734.1659807499964,734.1464787090008,734.148536749999,734.1659807499964,734.1659807499964,734.1659807499964,735.6092165419977,765,1,[1.4430399170014425],[1.4430436249967897],nitya,"001",2025-11-06_18h18.32.798,IBT.exp,,2025.2.0,None,2025-11-06 18h18.33.045031 +0530,
0.7,1000,exp,163,7,13,space,2.331295083000441,None,465,1,[3.709421042003669],[3.7094254590047058],13,7,163,11,735.6197864999995,,735.6093464169971,735.6197864999995,736.6046436249962,736.6046436249962,736.6111613749963,738.9398768339961,space,2.331295083000441,None,738.9412320420015,739.6433079166638,739.9495517089963,739.9308111669961,739.932147583997,739.9495517089963,739.9495517089963,739.9495517089963,743.6591762089956,465,1,[3.709421042003669],[3.7094254590047058],nitya,"001",2025-11-06_18h18.32.798,IBT.exp,,2025.2.0,None,2025-11-06 18h18.33.045031 +0530,
0.1,1000,exp,164,8,13,space,0.5350067920007859,None,384,1,[1.1837849169969559],[1.1837915830037673],13,8,164,6,743.669749708999,,743.6592934590008,743.669749708999,744.6547375419977,744.6547375419977,744.6606639589954,745.1960231669946,space,0.5350067920007859,None,745.1976432919982,745.3042833336624,745.6116213339992,745.5924676669965,745.5942604169977,745.6116213339992,745.6116213339992,745.6116213339992,746.7956138750014,384,1,[1.1837849169969559],[1.1837915830037673],nitya,"001",2025-11-06_18h18.32.798,IBT.exp,,2025.2.0,None,2025-11-06 18h18.33.045031 +0530,
0.4,1000,exp,165,9,13,space,3.7669294589941273,None,784,1,[1.7472653329969035],[1.7472683749947464],13,9,165,4,746.8031058749984,,746.7957615839987,746.8031058749984,747.7925497089964,747.7925497089964,747.7925497089964,751.5732566669976,space,3.7669294589941273,None,751.5749763749991,751.9763800416661,752.2809884169983,752.2638111669949,752.2651823749984,752.2809884169983,752.2809884169983,752.2809884169983,754.0284711669956,784,1,[1.7472653329969035],[1.7472683749947464],nitya,"001",2025-11-06_18h18.32.798,IBT.exp,,2025.2.0,None,2025-11-06 18h18.33.045031 +0530,
0.7,1000,exp,166,10,13,space,0.3861451670018141,None,444,1,[1.2481794160048594],[1.2481820000029984],13,10,166,5,754.0364145839994,,754.0286030839998,754.0364145839994,755.0276899169985,755.0276899169985,755.0276899169985,755.4234981670015,space,0.3861451670018141,None,755.4250658339952,756.1258321256648,756.4306302499972,756.4169862919953,756.4231168339975,756.4306302499972,756.4306302499972,756.4306302499972,757.6790209589963,444,1,[1.2481794160048594],[1.2481820000029984],nitya,"001",2025-11-06_18h18.32.798,IBT.exp,,2025.2.0,None,2025-11-06 18h18.33.045031 +0530,
0.7,1000,exp,167,11,13,space,0.5306252910013427,None,312,1,[1.3333447920012986],[1.3333478330023354],13,11,167,8,757.6864575419968,,757.6791687090008,757.6864575419968,758.6761727089979,758.6761727089979,758.6761727089979,759.2108934169955,space,0.5306252910013427,None,759.2121437089954,759.9209930416657,760.2283584589968,760.2089715420007,760.2104425840007,760.2283584589968,760.2283584589968,760.2283584589968,761.5619339170007,312,1,[1.3333447920012986],[1.3333478330023354],nitya,"001",2025-11-06_18h18.32.798,IBT.exp,,2025.2.0,None,2025-11-06 18h18.33.045031 +0530,
0.4,1000,exp,168,0,14,space,0.4958801669999957,None,232,1,[1.6496698340051807],[1.6496731670049485],14,0,168,7,761.5697279169981,,761.5620658339976,761.5697279169981,762.5608811249986,762.5608811249986,762.5608811249986,763.0608780420007,space,0.4958801669999957,None,763.062410999999,763.4713282916675,763.7781924169976,763.758676874997,763.7601875839973,763.7781924169976,763.7781924169976,763.7781924169976,765.4280585000015,232,1,[1.6496698340051807],[1.6496731670049485],nitya,"001",2025-11-06_18h18.32.798,IBT.exp,,2025.2.0,None,2025-11-06 18h18.33.045031 +0530,
0.1,1000,exp,169,1,14,space,1.3719917920025182,None,435,1,[1.3266712080003344],[1.3266741250045015],14,1,169,6,765.4363749999975,,765.4281960000008,765.4363749999975,766.4277351249984,766.4277351249984,766.4277351249984,767.8067937919986,space,1.3719917920025182,None,767.8086971250013,767.9083894586622,768.2155724999975,768.1970809170016,768.1984324590012,768.2155724999975,768.2155724999975,768.2155724999975,769.5424490840014,435,1,[1.3266712080003344],[1.3266741250045015],nitya,"001",2025-11-06_18h18.32.798,IBT.exp,,2025.2.0,None,2025-11-06 18h18.33.045031 +0530,
0.7,400,unexp,170,2,14,space,0.47572770800616127,None,874,1,[1.6153975000052014],[1.6154004159980104],14,2,170,2,769.5530953339985,,769.5425691249984,769.5530953339985,770.5377482499971,770.5377482499971,770.5438245839978,771.0223137089997,space,0.47572770800616127,None,771.0235939170016,771.7264191256656,772.0435208749986,772.0255455000006,772.0274597499956,772.0435208749986,772.0435208749986,772.0435208749986,773.6591177919981,874,1,[1.6153975000052014],[1.6154004159980104],nitya,"001",2025-11-06_18h18.32.798,IBT.exp,,2025.2.0,None,2025-11-06 18h18.33.045031 +0530,
0.7,1000,exp,171,3,14,space,0.8920189589989604,None,674,1,[1.5131234159998712],[1.5131260830021347],14,3,171,5,773.6696927500016,,773.6592404999974,773.6696927500016,774.6545047089967,774.6545047089967,774.6609792499949,775.5565452919982,space,0.8920189589989604,None,775.5581075419977,776.2584875416617,776.5654687089991,776.5467721669993,776.5481194589956,776.5654687089991,776.5654687089991,776.5654687089991,778.078810209001,674,1,[1.5131234159998712],[1.5131260830021347],nitya,"001",2025-11-06_18h18.32.798,IBT.exp,,2025.2.0,None,2025-11-06 18h18.33.045031 +0530,
0.4,1000,exp,172,4,14,space,1.3548599999994622,None,888,1,[3.075847916996281],[3.0758507089994964],14,4,172,10,778.0863922919962,,778.0789519169994,778.0863922919962,779.0775485419945,779.0775485419945,779.0775485419945,780.4394495419983,space,1.3548599999994622,None,780.4409178749993,780.841639583665,781.1495782499987,781.1311451669972,781.1324945839951,781.1495782499987,781.1495782499987,781.1495782499987,784.2256282499948,888,1,[3.075847916996281],[3.0758507089994964],nitya,"001",2025-11-06_18h18.32.798,IBT.exp,,2025.2.0,None,2025-11-06 18h18.33.045031 +0530,
0.1,1000,exp,173,5,14,space,0.39131095800257754,None,676 ,1,[4.2982287499980885],[4.298231375003525],14,5,173,9,784.236430166995,,784.2257472919955,784.236430166995,785.2209707919974,785.2209707919974,785.2259929169959,785.6230145000009,space,0.39131095800257754,None,785.6249491669951,785.7252653756625,786.0302395839972,786.0136570839968,786.0151114170003,786.0302395839972,786.0302395839972,786.0302395839972,790.3286764590011,676 ,1,[4.2982287499980885],[4.298231375003525],nitya,"001",2025-11-06_18h18.32.798,IBT.exp,,2025.2.0,None,2025-11-06 18h18.33.045031 +0530,
0.4,400,unexp,174,6,14,space,0.39273308299743803,None,999,1,[2.175979625004402],[2.1759834170006798],14,6,174,1,790.3363520839994,,790.3288266249947,790.3363520839994,791.3273983339968,791.3273983339968,791.3273983339968,791.723424208998,space,0.39273308299743803,None,791.7249259589953,792.1259192506661,792.4334018340014,792.414581416997,792.4159957919983,792.4334018340014,792.4334018340014,792.4334018340014,794.6095950419985,999,1,[2.175979625004402],[2.1759834170006798],nitya,"001",2025-11-06_18h18.32.798,IBT.exp,,2025.2.0,None,2025-11-06 18h18.33.045031 +0530,
0.7,1000,exp,175,7,14,space,0.31648895800026366,None,77,1,[2.0938734590017702],[2.093877417006297],14,7,175,8,794.6198841669975,,794.6097295,794.6198841669975,795.6043948340011,795.6043948340011,795.6106077090008,795.9233864999987,space,0.31648895800026366,None,795.9254552089988,796.6256789586662,796.9330873340004,796.9139685839982,796.9152845839999,796.9330873340004,796.9330873340004,796.9330873340004,799.0271733749978,77,1,[2.0938734590017702],[2.093877417006297],nitya,"001",2025-11-06_18h18.32.798,IBT.exp,,2025.2.0,None,2025-11-06 18h18.33.045031 +0530,
0.1,1000,exp,176,8,14,space,0.3901616250004736,None,555,1,[2.2832459999990533],[2.2832486249972135],14,8,176,3,799.036348499998,,799.0273096249948,799.036348499998,800.0267108749977,800.0267108749977,800.0267108749977,800.4225917919975,space,0.3901616250004736,None,800.4245044169948,800.5281100006653,800.8449741250006,800.8255824590015,800.8274545839959,800.8449741250006,800.8449741250006,800.8449741250006,803.1284336249955,555,1,[2.2832459999990533],[2.2832486249972135],nitya,"001",2025-11-06_18h18.32.798,IBT.exp,,2025.2.0,None,2025-11-06 18h18.33.045031 +0530,
0.7,1000,exp,177,9,14,space,0.3475743329981924,None,837,1,[1.4346221249943483],[1.434624958994391],14,9,177,11,803.1362923339984,,803.1285648339981,803.1362923339984,804.1271626249945,804.1271626249945,804.1271626249945,804.4783935839951,space,0.3475743329981924,None,804.479774374995,805.1875915006642,805.4939615420008,805.4755800839994,805.477465416996,805.4939615420008,805.4939615420008,805.4939615420008,806.9288164589962,837,1,[1.4346221249943483],[1.434624958994391],nitya,"001",2025-11-06_18h18.32.798,IBT.exp,,2025.2.0,None,2025-11-06 18h18.33.045031 +0530,
0.4,1000,exp,178,10,14,space,0.3493008329969598,None,635,1,[1.1471131250000326],[1.1471160830042209],14,10,178,4,806.936354833997,,806.9289570839974,806.936354833997,807.9273560000001,807.9273560000001,807.9273560000001,808.2780676249968,space,0.3493008329969598,None,808.2796074169964,808.6877364586655,808.9949261669972,808.9759060840006,808.9777801669989,808.9949261669972,808.9949261669972,808.9949261669972,810.1422434589986,635,1,[1.1471131250000326],[1.1471160830042209],nitya,"001",2025-11-06_18h18.32.798,IBT.exp,,2025.2.0,None,2025-11-06 18h18.33.045031 +0530,
0.1,400,unexp,179,11,14,space,0.3528286670043599,None,836,1,[1.0657415410023532],[1.065744416002417],14,11,179,0,810.1530519169974,,810.1423692919998,810.1530519169974,811.1377727919971,811.1377727919971,811.1442714590012,811.4950357919952,space,0.3528286670043599,None,811.4965052089974,811.604541791665,811.9096433339946,811.8918015839954,811.8933591249952,811.9096433339946,811.9096433339946,811.9096433339946,812.9755905839993,836,1,[1.0657415410023532],[1.065744416002417],nitya,"001",2025-11-06_18h18.32.798,IBT.exp,,2025.2.0,None,2025-11-06 18h18.33.045031 +0530,
0.7,400,unexp,180,0,15,space,0.329560833000869,None,72,1,[1.4276822499959962],[1.42768512499606],15,0,180,2,812.9867067499945,,812.9757073340006,812.9867067499945,813.9710539169973,813.9710539169973,813.9775687919973,814.3058814999968,space,0.329560833000869,None,814.3070878340004,815.0097857506664,815.3168035419949,815.2977145420009,815.2990244169996,815.3168035419949,815.3168035419949,815.3168035419949,816.7446912089945,72,1,[1.4276822499959962],[1.42768512499606],nitya,"001",2025-11-06_18h18.32.798,IBT.exp,,2025.2.0,None,2025-11-06 18h18.33.045031 +0530,
0.4,400,unexp,181,1,15,space,0.3587961669982178,None,22,1,[0.5920237499958603],[0.5920264160013176],15,1,181,1,816.7530045839958,,816.7448237089993,816.7530045839958,817.737569166995,817.737569166995,817.7438225840015,818.1059185419945,space,0.3587961669982178,None,818.1071822499944,818.509019458663,818.816701374999,818.796136459001,818.7973805000001,818.816701374999,818.816701374999,818.816701374999,819.408915,22,1,[0.5920237499958603],[0.5920264160013176],nitya,"001",2025-11-06_18h18.32.798,IBT.exp,,2025.2.0,None,2025-11-06 18h18.33.045031 +0530,
0.1,1000,exp,182,2,15,space,0.2926554580044467,None,22,1,[1.0134095829998842],[1.0134119159993134],15,2,182,6,819.4196651249949,,819.4090346669982,819.4196651249949,820.4044711249953,820.4044711249953,820.4109467919989,820.7059435420015,space,0.2926554580044467,None,820.7072148340012,820.8087049166681,821.1146931249968,821.0969719589993,821.0983431669956,821.1146931249968,821.1146931249968,821.1146931249968,822.1283029999977,22,1,[1.0134095829998842],[1.0134119159993134],nitya,"001",2025-11-06_18h18.32.798,IBT.exp,,2025.2.0,None,2025-11-06 18h18.33.045031 +0530,
0.7,1000,exp,183,3,15,space,0.3457543749973411,None,444 ,1,[2.1245026659962605],[2.1245057499982067],15,3,183,8,822.1363947089994,,822.1284485419965,822.1363947089994,823.1265389999971,823.1265389999971,823.1265389999971,823.4775556669993,space,0.3457543749973411,None,823.4788662089995,824.187723833664,824.486529541995,824.4754884590002,824.4767929169975,824.486529541995,824.486529541995,824.486529541995,826.6112378339967,444 ,1,[2.1245026659962605],[2.1245057499982067],nitya,"001",2025-11-06_18h18.32.798,IBT.exp,,2025.2.0,None,2025-11-06 18h18.33.045031 +0530,
0.4,1000,exp,184,4,15,space,0.8598912910019862,None,555,1,[1.5811079580016667],[1.5811109170026612],15,4,184,4,826.619644458995,,826.6113812920012,826.619644458995,827.6042709589965,827.6042709589965,827.6103791249989,828.4721012090013,space,0.8598912910019862,None,828.4730393749996,828.871199000667,829.1777369999982,829.1587240419976,829.1610598339976,829.1777369999982,829.1777369999982,829.1777369999982,830.7590474169992,555,1,[1.5811079580016667],[1.5811109170026612],nitya,"001",2025-11-06_18h18.32.798,IBT.exp,,2025.2.0,None,2025-11-06 18h18.33.045031 +0530,
0.7,1000,exp,185,5,15,space,0.3305312500015134,None,555 ,1,[2.4627088749984978],[2.462711833002686],15,5,185,11,830.7696816249954,,830.7591615839992,830.7696816249954,831.7545742090006,831.7545742090006,831.7612079589962,832.0900143339968,space,0.3305312500015134,None,832.0920603749983,832.7915839586678,833.0960571249962,833.0793020419951,833.0805298339983,833.0960571249962,833.0960571249962,833.0960571249962,835.5590091249978,555 ,1,[2.4627088749984978],[2.462711833002686],nitya,"001",2025-11-06_18h18.32.798,IBT.exp,,2025.2.0,None,2025-11-06 18h18.33.045031 +0530,
0.1,400,unexp,186,6,15,space,1.0326477919952595,None,66,1,[1.8617332080029882],[1.8617367910046596],15,6,186,0,835.5696755419995,,835.5591308750008,835.5696755419995,836.5543617919975,836.5543617919975,836.5605727919974,837.589215,space,1.0326477919952595,None,837.5904987920003,837.6913282086646,837.9997579170013,837.9802276249975,837.9817085839968,837.9997579170013,837.9997579170013,837.9997579170013,839.8617035839998,66,1,[1.8617332080029882],[1.8617367910046596],nitya,"001",2025-11-06_18h18.32.798,IBT.exp,,2025.2.0,None,2025-11-06 18h18.33.045031 +0530,
0.4,1000,exp,187,7,15,space,0.6599412079958711,None,444,1,[1.3454773749981541],[1.345480124997266],15,7,187,7,839.8696499169964,,839.8618482919992,839.8696499169964,840.8609897089991,840.8609897089991,840.8609897089991,841.5231825419978,space,0.6599412079958711,None,841.5246483750016,841.9256629586637,842.230025249999,842.2130084999953,842.2142170840016,842.230025249999,842.230025249999,842.230025249999,843.5757069999963,444,1,[1.3454773749981541],[1.345480124997266],nitya,"001",2025-11-06_18h18.32.798,IBT.exp,,2025.2.0,None,2025-11-06 18h18.33.045031 +0530,
0.1,1000,exp,188,8,15,space,1.00170962500124,None,777,1,[2.2675374159953208],[2.2675400829975842],15,8,188,9,843.5862903749949,,843.5758225419995,843.5862903749949,844.5710921249993,844.5710921249993,844.576549999998,845.5782975839975,space,1.00170962500124,None,845.5795613340015,845.687581333663,845.9942448340007,845.9755827089975,845.9774554589967,845.9942448340007,845.9942448340007,845.9942448340007,848.2620036669978,777,1,[2.2675374159953208],[2.2675400829975842],nitya,"001",2025-11-06_18h18.32.798,IBT.exp,,2025.2.0,None,2025-11-06 18h18.33.045031 +0530,
0.1,1000,exp,189,9,15,space,0.37125979099801043,None,888,1,[1.6590702920002514],[1.659073750000971],15,9,189,3,848.2696487499998,,848.2621495419953,848.2696487499998,849.2604912919996,849.2604912919996,849.2604912919996,849.6400115840006,space,0.37125979099801043,None,849.6416948339975,849.7414443756682,850.0497245419974,850.0302069589961,850.0315943339956,850.0497245419974,850.0497245419974,850.0497245419974,851.7089949169967,888,1,[1.6590702920002514],[1.659073750000971],nitya,"001",2025-11-06_18h18.32.798,IBT.exp,,2025.2.0,None,2025-11-06 18h18.33.045031 +0530,
0.7,1000,exp,190,10,15,space,0.9288412079986301,None,44,1,[5.377576999999292],[5.377580458000011],15,10,190,5,851.719617499999,,851.7091249590012,851.719617499999,852.7047213339974,852.7047213339974,852.7111558339966,853.639251458997,space,0.9288412079986301,None,853.6407477089961,854.342978625664,854.6477827499984,854.6299052499962,854.6312378340008,854.6477827499984,854.6477827499984,854.6477827499984,860.0255597089999,44,1,[5.377576999999292],[5.377580458000011],nitya,"001",2025-11-06_18h18.32.798,IBT.exp,,2025.2.0,None,2025-11-06 18h18.33.045031 +0530,
0.4,1000,exp,191,11,15,space,0.6305122499979916,None,666,1,[2.359974000006332],[2.3599768330022926],15,11,191,10,860.0362463339989,,860.0256939589963,860.0362463339989,861.0208870419956,861.0208870419956,861.0273936669983,861.6569111249992,space,0.6305122499979916,None,861.6582795840004,862.060180583667,862.3655489589946,862.3473795839964,862.3487360840008,862.3655489589946,862.3655489589946,862.3655489589946,864.7257279170008,666,1,[2.359974000006332],[2.3599768330022926],nitya,"001",2025-11-06_18h18.32.798,IBT.exp,,2025.2.0,None,2025-11-06 18h18.33.045031 +0530,
0.1,400,unexp,192,0,16,space,0.5830830409977352,None,999,1,[1.4416958750007325],[1.4416985409989138],16,0,192,0,864.7362473749963,,864.725844624998,864.7362473749963,865.7211120840002,865.7211120840002,865.7270372919957,866.3066206250005,space,0.5830830409977352,None,866.3085086249994,866.4086590836635,866.7170772089958,866.6971091250016,866.6984524169966,866.7170772089958,866.7170772089958,866.7170772089958,868.1589699169999,999,1,[1.4416958750007325],[1.4416985409989138],nitya,"001",2025-11-06_18h18.32.798,IBT.exp,,2025.2.0,None,2025-11-06 18h18.33.045031 +0530,
0.7,400,unexp,193,1,16,space,2.7316992080013733,None,555,1,[2.4606455419998383],[2.460648416999902],16,1,193,2,868.1696119589978,,868.159094208997,868.1696119589978,869.1544504589983,869.1544504589983,869.1607137089959,871.8892389999965,space,2.7316992080013733,None,871.8909244589959,872.5920640006627,872.8981537500003,872.8801565839967,872.8816826249968,872.8981537500003,872.8981537500003,872.8981537500003,875.3589992919951,555,1,[2.4606455419998383],[2.460648416999902],nitya,"001",2025-11-06_18h18.32.798,IBT.exp,,2025.2.0,None,2025-11-06 18h18.33.045031 +0530,
0.4,400,unexp,194,2,16,space,0.46572474999993574,None,456,1,[1.3433684160045232],[1.3433714159982628],16,2,194,1,875.3696556249997,,875.3591224170013,875.3696556249997,876.3543250000002,876.3543250000002,876.3609827499968,876.8235114999989,space,0.46572474999993574,None,876.825173792,877.2256879166637,877.5320970419998,877.5130298340009,877.5143911669948,877.5320970419998,877.5320970419998,877.5320970419998,878.8756741249963,456,1,[1.3433684160045232],[1.3433714159982628],nitya,"001",2025-11-06_18h18.32.798,IBT.exp,,2025.2.0,None,2025-11-06 18h18.33.045031 +0530,
0.7,1000,exp,195,3,16,space,0.3960585410022759,None,888,1,[2.7123958340016543],[2.712399500000174],16,3,195,5,878.8863114589985,,878.8757900839992,878.8863114589985,879.8709021670002,879.8709021670002,879.8765388339962,880.2731841669956,space,0.3960585410022759,None,880.2745211669971,880.9755082506638,881.2824465839949,881.2627559999964,881.2644457089991,881.2824465839949,881.2824465839949,881.2824465839949,883.9950787089983,888,1,[2.7123958340016543],[2.712399500000174],nitya,"001",2025-11-06_18h18.32.798,IBT.exp,,2025.2.0,None,2025-11-06 18h18.33.045031 +0530,
0.1,1000,exp,196,4,16,space,0.909020375002001,None,876,1,[2.326361708001059],[2.326365499997337],16,4,196,3,884.0029028339995,,883.9952234169978,884.0029028339995,884.9940169999973,884.9940169999973,884.9940169999973,885.9065409589966,space,0.909020375002001,None,885.9083715000015,886.0078708756666,886.3157722499964,886.2971147499993,886.2985009170006,886.3157722499964,886.3157722499964,886.3157722499964,888.6423336669977,876,1,[2.326361708001059],[2.326365499997337],nitya,"001",2025-11-06_18h18.32.798,IBT.exp,,2025.2.0,None,2025-11-06 18h18.33.045031 +0530,
0.7,1000,exp,197,5,16,space,0.49819279099756386,None,87,1,[3.4602800409993506],[3.460284207998484],16,5,197,11,888.6529272920016,,888.6424487499971,888.6529272920016,889.6375172920016,889.6375172920016,889.6436684590008,890.1397813750009,space,0.49819279099756386,None,890.1410801249949,890.8424235836612,891.1484070419974,891.1296770420013,891.1310616669944,891.1484070419974,891.1484070419974,891.1484070419974,894.6088983750014,87,1,[3.4602800409993506],[3.460284207998484],nitya,"001",2025-11-06_18h18.32.798,IBT.exp,,2025.2.0,None,2025-11-06 18h18.33.045031 +0530,
0.1,1000,exp,198,6,16,space,0.4654735419971985,None,433,1,[1.5810167080053361],[1.5810196660022484],16,6,198,9,894.6195598749982,,894.6090137499996,894.6195598749982,895.6041530000002,895.6041530000002,895.6096777499988,896.0731553340011,space,0.4654735419971985,None,896.0750333749966,896.178134791666,896.4943099589946,896.4752910839961,896.477220959001,896.4943099589946,896.4943099589946,896.4943099589946,898.0755166669987,433,1,[1.5810167080053361],[1.5810196660022484],nitya,"001",2025-11-06_18h18.32.798,IBT.exp,,2025.2.0,None,2025-11-06 18h18.33.045031 +0530,
0.4,1000,exp,199,7,16,space,0.8205489160027355,None,53,1,[2.498700500000268],[2.4987028329996974],16,7,199,4,898.0862246670004,,898.0756425419968,898.0862246670004,899.0709066249983,899.0709066249983,899.077599917,899.8945516249951,space,0.8205489160027355,None,899.8957518339957,900.304405583662,900.6114942499989,900.591823625,900.5934596669977,900.6114942499989,900.6114942499989,900.6114942499989,903.1104192919956,53,1,[2.498700500000268],[2.4987028329996974],nitya,"001",2025-11-06_18h18.32.798,IBT.exp,,2025.2.0,None,2025-11-06 18h18.33.045031 +0530,
0.1,1000,exp,200,8,16,space,0.2685358750022715,None,434,1,[2.7918185419985093],[2.7918219169951044],16,8,200,6,903.1195240839952,,903.1105567919949,903.1195240839952,904.1098888339984,904.1098888339984,904.1098888339984,904.3893830000015,space,0.2685358750022715,None,904.3909359589961,904.4930627506658,904.8002925420005,904.7805400419966,904.7819661670001,904.8002925420005,904.8002925420005,904.8002925420005,907.5923222089987,434,1,[2.7918185419985093],[2.7918219169951044],nitya,"001",2025-11-06_18h18.32.798,IBT.exp,,2025.2.0,None,2025-11-06 18h18.33.045031 +0530,
0.4,1000,exp,201,9,16,space,0.6694844160010689,None,666,1,[0.9193229170050472],[0.9193256250000559],16,9,201,7,907.6028732499981,,907.5924437499998,907.6028732499981,908.5877447499952,908.5877447499952,908.5942296669964,909.2605255839953,space,0.6694844160010689,None,909.2615755840015,909.6710621256682,909.9726045419957,909.958944209,909.9600872090014,909.9726045419957,909.9726045419957,909.9726045419957,910.8921169999958,666,1,[0.9193229170050472],[0.9193256250000559],nitya,"001",2025-11-06_18h18.32.798,IBT.exp,,2025.2.0,None,2025-11-06 18h18.33.045031 +0530,
0.4,1000,exp,202,10,16,space,0.5617553339980077,None,643,1,[1.7609257080039242],[1.7609293750065262],16,10,202,10,910.9032367920008,,910.8922427500002,910.9032367920008,911.8874963749986,911.8874963749986,911.8929104589988,912.4557460840006,space,0.5617553339980077,None,912.4573775839963,912.858423083668,913.1643771669987,913.1470909169948,913.1487815419969,913.1643771669987,913.1643771669987,913.1643771669987,914.9255012919966,643,1,[1.7609257080039242],[1.7609293750065262],nitya,"001",2025-11-06_18h18.32.798,IBT.exp,,2025.2.0,None,2025-11-06 18h18.33.045031 +0530,
0.7,1000,exp,203,11,16,space,0.9213766249959008,None,873,1,[1.5317098340019584],[1.531713292002678],16,11,203,8,914.9365591249953,,914.9256258749956,914.9365591249953,915.9207322919974,915.9207322919974,915.9263077919968,916.8456972919957,space,0.9213766249959008,None,916.8471382089992,917.5543953336639,917.8603382500005,917.8421446669963,917.8439581669954,917.8603382500005,917.8603382500005,917.8603382500005,919.3922592919989,873,1,[1.5317098340019584],[1.531713292002678],nitya,"001",2025-11-06_18h18.32.798,IBT.exp,,2025.2.0,None,2025-11-06 18h18.33.045031 +0530,
0.7,1000,exp,204,0,17,space,1.329331666995131,None,937,1,[1.1629311249998864],[1.162933833002171],17,0,204,5,919.4029643339964,,919.3923755840005,919.4029643339964,920.3876567089974,920.3876567089974,920.3936787499988,921.7223883339975,space,1.329331666995131,None,921.7238577089956,922.4250605416639,922.7291174589991,922.7120762919949,922.7133923340007,922.7291174589991,922.7291174589991,922.7291174589991,923.8922822919994,937,1,[1.1629311249998864],[1.162933833002171],nitya,"001",2025-11-06_18h18.32.798,IBT.exp,,2025.2.0,None,2025-11-06 18h18.33.045031 +0530,
0.7,1000,exp,205,1,17,space,0.39797204099886585,None,636,1,[1.9332136669981992],[1.933217625002726],17,1,205,8,923.9028132919993,,923.892399874996,923.9028132919993,924.8875384589992,924.8875384589992,924.8931289169996,925.2890940840007,space,0.39797204099886585,None,925.2905940839992,925.9995010416644,926.3120521669989,926.2933117089997,926.3008107919959,926.3120521669989,926.3120521669989,926.3120521669989,928.245485458996,636,1,[1.9332136669981992],[1.933217625002726],nitya,"001",2025-11-06_18h18.32.798,IBT.exp,,2025.2.0,None,2025-11-06 18h18.33.045031 +0530,
0.7,1000,exp,206,2,17,space,0.5416911670035915,None,56,1,[1.6952860830060672],[1.6952898330055177],17,2,206,11,928.2529095419959,,928.2456024169951,928.2529095419959,929.2430466669975,929.2430466669975,929.2430466669975,929.7895482089953,space,0.5416911670035915,None,929.7908942089998,930.4928637916639,930.799895791999,930.7802374169987,930.7817409169947,930.799895791999,930.799895791999,930.799895791999,932.4954487919968,56,1,[1.6952860830060672],[1.6952898330055177],nitya,"001",2025-11-06_18h18.32.798,IBT.exp,,2025.2.0,None,2025-11-06 18h18.33.045031 +0530,
0.1,1000,exp,207,3,17,space,0.5229692079956294,None,333,1,[1.325691750003898],[1.325695542000176],17,3,207,6,932.502833999999,,932.4955666249953,932.502833999999,933.4937476669948,933.4937476669948,933.4937476669948,934.0229953339949,space,0.5229692079956294,None,934.024732083999,934.1248275006621,934.4330277499976,934.4136704589982,934.4150527499951,934.4330277499976,934.4330277499976,934.4330277499976,935.7589185420002,333,1,[1.325691750003898],[1.325695542000176],nitya,"001",2025-11-06_18h18.32.798,IBT.exp,,2025.2.0,None,2025-11-06 18h18.33.045031 +0530,
0.1,1000,exp,208,4,17,space,0.6874204170017038,None,533 ,1,[1.9811267499972018],[1.9811296249972656],17,4,208,3,935.7696153750003,,935.7590365840006,935.7696153750003,936.7541701669979,936.7541701669979,936.7594877919983,937.4447118749958,space,0.6874204170017038,None,937.4459621669957,937.5456435416675,937.8609637089976,937.8418659169984,937.8438580840011,937.8609637089976,937.8609637089976,937.8609637089976,939.8422972920016,533 ,1,[1.9811267499972018],[1.9811296249972656],nitya,"001",2025-11-06_18h18.32.798,IBT.exp,,2025.2.0,None,2025-11-06 18h18.33.045031 +0530,
0.4,1000,exp,209,5,17,space,1.9128445419992204,None,837,1,[1.2589198749992647],[1.2589233749968116],17,5,209,4,939.8528187089978,,939.8424140839998,939.8528187089978,940.8375793339947,940.8375793339947,940.8430862499954,942.7558602089994,space,1.9128445419992204,None,942.7571487499954,943.1596947086621,943.4664626250014,943.4474393339988,943.4487955000004,943.4664626250014,943.4664626250014,943.4664626250014,944.7255849590001,837,1,[1.2589198749992647],[1.2589233749968116],nitya,"001",2025-11-06_18h18.32.798,IBT.exp,,2025.2.0,None,2025-11-06 18h18.33.045031 +0530,
0.7,400,unexp,210,6,17,space,1.6535451250019833,None,44 ,1,[2.5986393750063144],[2.5986425840019365],17,6,210,2,944.7361441249959,,944.7257062089993,944.7361441249959,945.7207372499979,945.7207372499979,945.7263030419999,947.3768091249949,space,1.6535451250019833,None,947.3780449999977,948.087568916668,948.393392041995,948.3753100839967,948.3771763749974,948.393392041995,948.393392041995,948.393392041995,950.9922402919983,44 ,1,[2.5986393750063144],[2.5986425840019365],nitya,"001",2025-11-06_18h18.32.798,IBT.exp,,2025.2.0,None,2025-11-06 18h18.33.045031 +0530,
0.1,400,unexp,211,7,17,space,2.2736784999942756,None,782,1,[2.1441428340040147],[2.1441457090040785],17,7,211,0,951.002814624997,,950.9923568749946,951.002814624997,951.9875433749985,951.9875433749985,951.9928089589957,954.2724151669972,space,2.2736784999942756,None,954.2740292089948,954.3751834586621,954.6811709999965,954.6630546669985,954.664473083998,954.6811709999965,954.6811709999965,954.6811709999965,956.8255155000006,782,1,[2.1441428340040147],[2.1441457090040785],nitya,"001",2025-11-06_18h18.32.798,IBT.exp,,2025.2.0,None,2025-11-06 18h18.33.045031 +0530,
0.4,400,unexp,212,8,17,space,2.7671003329960513,None,876,1,[2.2807414589988184],[2.280744499999855],17,8,212,1,956.8361739589964,,956.8256361249951,956.8361739589964,957.8209680840009,957.8209680840009,957.8277004170013,960.5948042089949,space,2.7671003329960513,None,960.5959889169972,961.0040332506653,961.3113249999951,961.291850208996,961.2937519589977,961.3113249999951,961.3113249999951,961.3113249999951,963.5922727090001,876,1,[2.2807414589988184],[2.280744499999855],nitya,"001",2025-11-06_18h18.32.798,IBT.exp,,2025.2.0,None,2025-11-06 18h18.33.045031 +0530,
0.4,1000,exp,213,9,17,space,2.854397458002495,None,567,1,[1.7801115840047714],[1.780114749999484],17,9,213,7,963.6028060839963,,963.5923917089967,963.6028060839963,964.5874954999963,964.5874954999963,964.5934715839976,967.4455772500005,space,2.854397458002495,None,967.4471135839995,967.8541954166615,968.1616530839965,968.1421868339967,968.1441454169981,968.1616530839965,968.1616530839965,968.1616530839965,969.9419762920006,567,1,[1.7801115840047714],[1.780114749999484],nitya,"001",2025-11-06_18h18.32.798,IBT.exp,,2025.2.0,None,2025-11-06 18h18.33.045031 +0530,
0.1,1000,exp,214,10,17,space,0.39946387500094716,None,56,1,[2.063271958999394],[2.063274708998506],17,10,214,9,969.9528176249951,,969.942092792,969.9528176249951,970.9413491250016,970.9413491250016,970.9413491250016,971.3453359169944,space,0.39946387500094716,None,971.3465537919983,971.4455499166618,971.761970749998,971.7422010839946,971.7443920000005,971.761970749998,971.761970749998,971.761970749998,973.8254531249986,56,1,[2.063271958999394],[2.063274708998506],nitya,"001",2025-11-06_18h18.32.798,IBT.exp,,2025.2.0,None,2025-11-06 18h18.33.045031 +0530,
0.4,1000,exp,215,11,17,space,0.2876579169969773,None,345,1,[1.342460583000502],[1.3424638330034213],17,11,215,10,973.8361428339995,,973.8255746249997,973.8361428339995,974.8210654169961,974.8210654169961,974.8253895419984,975.1233578339961,space,0.2876579169969773,None,975.1254394589996,975.5248067506657,975.8327245839973,975.8139860419979,975.815525041995,975.8327245839973,975.8327245839973,975.8327245839973,977.1754019169966,345,1,[1.342460583000502],[1.3424638330034213],nitya,"001",2025-11-06_18h18.32.798,IBT.exp,,2025.2.0,None,2025-11-06 18h18.33.045031 +0530,
0.7,1000,exp,216,0,18,space,0.3534136660018703,None,89,1,[1.5140075419985806],[1.5140103329977137],18,0,216,5,977.1861170420016,,977.1755199170002,977.1861170420016,978.1710993749948,978.1710993749948,978.1775632089993,978.5279740839978,space,0.3534136660018703,None,978.5292315839979,979.2380117916657,979.5445616669967,979.5252839169989,979.5268293749978,979.5445616669967,979.5445616669967,979.5445616669967,981.0587867499999,89,1,[1.5140075419985806],[1.5140103329977137],nitya,"001",2025-11-06_18h18.32.798,IBT.exp,,2025.2.0,None,2025-11-06 18h18.33.045031 +0530,
0.1,1000,exp,217,1,18,space,0.5404944159963634,None,34,1,[1.476360749999003],[1.4763636249990668],18,1,217,9,981.0697748339953,,981.0589037089958,981.0697748339953,982.0542904169997,982.0542904169997,982.0603459170015,982.6063238749994,space,0.5404944159963634,None,982.6077009169967,982.7086732506616,983.0156612499995,982.9971052920009,982.9985204170007,983.0156612499995,983.0156612499995,983.0156612499995,984.4922348749969,34,1,[1.476360749999003],[1.4763636249990668],nitya,"001",2025-11-06_18h18.32.798,IBT.exp,,2025.2.0,None,2025-11-06 18h18.33.045031 +0530,
0.4,1000,exp,218,2,18,space,1.3699418749965844,None,987,1,[1.2272047500009649],[1.2272075000000768],18,2,218,7,984.5027733749957,,984.4923520000011,984.5027733749957,985.487413750001,985.487413750001,985.4929984999981,986.8598949590014,space,1.3699418749965844,None,986.8610370419992,987.2590681666663,987.5648376669997,987.5471435,987.5486664169948,987.5648376669997,987.5648376669997,987.5648376669997,988.7922637500014,987,1,[1.2272047500009649],[1.2272075000000768],nitya,"001",2025-11-06_18h18.32.798,IBT.exp,,2025.2.0,None,2025-11-06 18h18.33.045031 +0530,
0.1,400,unexp,219,3,18,space,0.7089831250050338,None,765,1,[1.3431230420028442],[1.3431259589997353],18,3,219,0,988.8027807499966,,988.7923824169993,988.8027807499966,989.7873180839961,989.7873180839961,989.7929316250011,990.5056652919957,space,0.7089831250050338,None,990.5069493339979,990.6080517916673,990.9155119589996,990.8971256250006,990.8985968339985,990.9155119589996,990.9155119589996,990.9155119589996,992.2588454590004,765,1,[1.3431230420028442],[1.3431259589997353],nitya,"001",2025-11-06_18h18.32.798,IBT.exp,,2025.2.0,None,2025-11-06 18h18.33.045031 +0530,
0.4,1000,exp,220,4,18,space,0.1510973750046105,None,654,1,[1.5805015829973854],[1.580504874997132],18,4,220,10,992.2694074169995,,992.2589621669977,992.2694074169995,993.2541446249961,993.2541446249961,993.2603497089949,993.4118545419988,space,0.1510973750046105,None,993.4131159999961,993.8207458336658,994.1281754169977,994.1084279589995,994.1103733749987,994.1281754169977,994.1281754169977,994.1281754169977,995.7088902089963,654,1,[1.5805015829973854],[1.580504874997132],nitya,"001",2025-11-06_18h18.32.798,IBT.exp,,2025.2.0,None,2025-11-06 18h18.33.045031 +0530,
0.7,1000,exp,221,5,18,space,0.4149982910021208,None,673,1,[1.2621523339985288],[1.2621556669982965],18,5,221,11,995.7193828749951,,995.7090057919995,995.7193828749951,996.7041140000001,996.7041140000001,996.7094908750005,997.1230519589953,space,0.4149982910021208,None,997.1247720839965,997.8252800836674,998.1299590419949,998.1124534170012,998.1136951669978,998.1299590419949,998.1299590419949,998.1299590419949,999.3923217919946,673,1,[1.2621523339985288],[1.2621556669982965],nitya,"001",2025-11-06_18h18.32.798,IBT.exp,,2025.2.0,None,2025-11-06 18h18.33.045031 +0530,
0.1,1000,exp,222,6,18,space,1.8485977910022484,None,456,1,[1.9104532499986817],[1.9104563750006491],18,6,222,6,999.4027605839947,,999.3924395419963,999.4027605839947,1000.387475167001,1000.387475167001,1000.3927956249972,1002.2396311669945,space,1.8485977910022484,None,1002.2417883339949,1002.3413017506648,1002.6501677089982,1002.6305806249948,1002.6323367919977,1002.6501677089982,1002.6501677089982,1002.6501677089982,1004.5608527090008,456,1,[1.9104532499986817],[1.9104563750006491],nitya,"001",2025-11-06_18h18.32.798,IBT.exp,,2025.2.0,None,2025-11-06 18h18.33.045031 +0530,
0.7,400,unexp,223,7,18,space,0.5313707090026583,None,567,1,[1.1812235830002464],[1.1812269580041175],18,7,223,2,1004.5695005419984,,1004.5610173339956,1004.5695005419984,1005.5595792499953,1005.5595792499953,1005.5595792499953,1006.0938610839949,space,0.5313707090026583,None,1006.0956027919965,1006.8041835416627,1007.1108695840012,1007.0918518749968,1007.0938942089997,1007.1108695840012,1007.1108695840012,1007.1108695840012,1008.2923019589944,567,1,[1.1812235830002464],[1.1812269580041175],nitya,"001",2025-11-06_18h18.32.798,IBT.exp,,2025.2.0,None,2025-11-06 18h18.33.045031 +0530,
0.1,1000,exp,224,8,18,space,0.9663215420005145,None,987,1,[1.7150717080003233],[1.7150752500019735],18,8,224,3,1008.3027286669967,,1008.2924192919963,1008.3027286669967,1009.2874339170012,1009.2874339170012,1009.2939556249985,1010.255691792001,space,0.9663215420005145,None,1010.2569272089968,1010.3578620416631,1010.6630794169978,1010.6458558749946,1010.647003291997,1010.6630794169978,1010.6630794169978,1010.6630794169978,1012.3783610839964,987,1,[1.7150717080003233],[1.7150752500019735],nitya,"001",2025-11-06_18h18.32.798,IBT.exp,,2025.2.0,None,2025-11-06 18h18.33.045031 +0530,
0.7,1000,exp,225,9,18,space,0.43881291699653957,None,76,1,[1.8932659580023028],[1.893268874999194],18,9,225,8,1012.386072041998,,1012.3784985839957,1012.386072041998,1013.3760486249957,1013.3760486249957,1013.3760486249957,1013.8224090419972,space,0.43881291699653957,None,1013.8237225419944,1014.5247762506663,1014.8320789589998,1014.8133577089975,1014.814558041995,1014.8320789589998,1014.8320789589998,1014.8320789589998,1016.7255460000015,76,1,[1.8932659580023028],[1.893268874999194],nitya,"001",2025-11-06_18h18.32.798,IBT.exp,,2025.2.0,None,2025-11-06 18h18.33.045031 +0530,
0.4,400,unexp,226,10,18,space,0.46221274999697926,None,65 ,1,[2.9967729999989388],[2.9967761669977335],18,10,226,1,1016.7360827090015,,1016.725672499997,1016.7360827090015,1017.7209007089987,1017.7209007089987,1017.7273624169975,1018.1896122499966,space,0.46221274999697926,None,1018.1912663749972,1018.592357583668,1018.8979779590009,1018.8799399999989,1018.8813008340003,1018.8979779590009,1018.8979779590009,1018.8979779590009,1021.8949541249967,65 ,1,[2.9967729999989388],[2.9967761669977335],nitya,"001",2025-11-06_18h18.32.798,IBT.exp,,2025.2.0,None,2025-11-06 18h18.33.045031 +0530,
0.4,1000,exp,227,11,18,space,1.0485112919996027,None,345,1,[1.9998188750032568],[1.9998222500071279],18,11,227,4,1021.9027328339944,,1021.8950856250012,1021.9027328339944,1022.8940357920001,1022.8940357920001,1022.8940357920001,1023.9448533749965,space,1.0485112919996027,None,1023.9460929999987,1024.3541808756675,1024.661788999998,1024.6418727499986,1024.6438618339962,1024.661788999998,1024.661788999998,1024.661788999998,1026.661811083999,345,1,[1.9998188750032568],[1.9998222500071279],nitya,"001",2025-11-06_18h18.32.798,IBT.exp,,2025.2.0,None,2025-11-06 18h18.33.045031 +0530,
0.4,1000,exp,228,0,19,space,1.2778710410057101,None,099,1,[2.9803262500063283],[2.9803299170016544],19,0,228,10,1026.6693739999973,,1026.661944749998,1026.6693739999973,1027.6604254999984,1027.6604254999984,1027.6604254999984,1028.9439189999975,space,1.2778710410057101,None,1028.9451084999964,1029.354016791662,1029.6616188339976,1029.641863500001,1029.643771791998,1029.6616188339976,1029.6616188339976,1029.6616188339976,1032.6421541669988,099,1,[2.9803262500063283],[2.9803299170016544],nitya,"001",2025-11-06_18h18.32.798,IBT.exp,,2025.2.0,None,2025-11-06 18h18.33.045031 +0530,
0.7,1000,exp,229,1,19,space,0.40379008300078567,None,987,1,[1.296896125000785],[1.296899332999601],19,1,229,11,1032.652733584,,1032.6422774999955,1032.652733584,1033.6374625419994,1033.6374625419994,1033.6439180000016,1034.0448318339986,space,0.40379008300078567,None,1034.0460439589951,1034.7541744586672,1035.0617089169973,1035.0440833339962,1035.0513735419954,1035.0617089169973,1035.0617089169973,1035.0617089169973,1036.3588095000014,987,1,[1.296896125000785],[1.296899332999601],nitya,"001",2025-11-06_18h18.32.798,IBT.exp,,2025.2.0,None,2025-11-06 18h18.33.045031 +0530,
0.7,1000,exp,230,2,19,space,0.39411454199580476,None,765,1,[2.1251774589982233],[2.125181249997695],19,2,230,5,1036.3693621249986,,1036.358924041997,1036.3693621249986,1037.3541357499998,1037.3541357499998,1037.3606331249975,1037.755946583995,space,0.39411454199580476,None,1037.7574958749974,1038.4595156666658,1038.7666134999963,1038.7471351669956,1038.7489800839976,1038.7666134999963,1038.7666134999963,1038.7666134999963,1040.8920016669945,765,1,[2.1251774589982233],[2.125181249997695],nitya,"001",2025-11-06_18h18.32.798,IBT.exp,,2025.2.0,None,2025-11-06 18h18.33.045031 +0530,
0.1,1000,exp,231,3,19,space,1.7476927079987945,None,654,1,[3.1447520829970017],[3.144754707995162],19,3,231,9,1040.9027197920004,,1040.8921176250005,1040.9027197920004,1041.8873285000009,1041.8873285000009,1041.8939236250008,1043.6391376669999,space,1.7476927079987945,None,1043.640602749998,1043.7411912086648,1044.0495044589989,1044.030882041996,1044.0323933339969,1044.0495044589989,1044.0495044589989,1044.0495044589989,1047.194489333997,654,1,[3.1447520829970017],[3.144754707995162],nitya,"001",2025-11-06_18h18.32.798,IBT.exp,,2025.2.0,None,2025-11-06 18h18.33.045031 +0530,
0.4,1000,exp,232,4,19,space,0.685290832996543,None,456,1,[1.4773339169987594],[1.4773374579963274],19,4,232,7,1047.2026698339978,,1047.1946075419983,1047.2026698339978,1048.1936658749983,1048.1936658749983,1048.1936658749983,1048.8898946670015,space,0.685290832996543,None,1048.8913119169956,1049.2921600006632,1049.5982345000011,1049.5802698749976,1049.5816817499945,1049.5982345000011,1049.5982345000011,1049.5982345000011,1051.0757844170002,456,1,[1.4773339169987594],[1.4773374579963274],nitya,"001",2025-11-06_18h18.32.798,IBT.exp,,2025.2.0,None,2025-11-06 18h18.33.045031 +0530,
0.1,1000,exp,233,5,19,space,0.4228822079967358,None,678,1,[2.776569791996735],[2.776573416995234],19,5,233,6,1051.0859926249977,,1051.0759066669998,1051.0859926249977,1052.0708367499974,1052.0708367499974,1052.0769496249995,1052.506149666995,space,0.4228822079967358,None,1052.5078664169996,1052.6080427086674,1052.9153279589955,1052.8968022499976,1052.8982609999948,1052.9153279589955,1052.9153279589955,1052.9153279589955,1055.6921102499982,678,1,[2.776569791996735],[2.776573416995234],nitya,"001",2025-11-06_18h18.32.798,IBT.exp,,2025.2.0,None,2025-11-06 18h18.33.045031 +0530,
0.4,1000,exp,234,6,19,space,0.9013928330023191,None,123,1,[3.2979174580032122],[3.2979204170042067],19,6,234,4,1055.702838666999,,1055.6922355839997,1055.702838666999,1056.687219542,1056.687219542,1056.6933069590013,1057.5955453749993,space,0.9013928330023191,None,1057.5967530419948,1058.004201416665,1058.3106700419958,1058.2915429169952,1058.2932243749965,1058.3106700419958,1058.3106700419958,1058.3106700419958,1061.608799583999,123,1,[3.2979174580032122],[3.2979204170042067],nitya,"001",2025-11-06_18h18.32.798,IBT.exp,,2025.2.0,None,2025-11-06 18h18.33.045031 +0530,
0.7,1000,exp,235,7,19,space,0.7346284160012146,None,900,1,[1.2477611669964972],[1.2477645839971956],19,7,235,8,1061.6193402919962,,1061.6089160839983,1061.6193402919962,1062.603963083995,1062.603963083995,1062.6091038749946,1063.3448462089946,space,0.7346284160012146,None,1063.3460597919984,1064.0542327506666,1064.3608032499978,1064.341882583998,1064.343856708998,1064.3608032499978,1064.3608032499978,1064.3608032499978,1065.6087736670015,900,1,[1.2477611669964972],[1.2477645839971956],nitya,"001",2025-11-06_18h18.32.798,IBT.exp,,2025.2.0,None,2025-11-06 18h18.33.045031 +0530,
0.1,1000,exp,236,8,19,space,0.39156187499611406,None,098,1,[2.5639090000040596],[2.5639120410050964],19,8,236,3,1065.6193587499947,,1065.6088923339994,1065.6193587499947,1066.6039515000011,1066.6039515000011,1066.610606999995,1067.006681125,space,0.39156187499611406,None,1067.008120958999,1067.1117441666613,1067.4278829589966,1067.4084413339951,1067.4104264999987,1067.4278829589966,1067.4278829589966,1067.4278829589966,1069.9920084589976,098,1,[2.5639090000040596],[2.5639120410050964],nitya,"001",2025-11-06_18h18.32.798,IBT.exp,,2025.2.0,None,2025-11-06 18h18.33.045031 +0530,
0.7,400,unexp,237,9,19,space,0.5959944999995059,None,099,1,[2.3603584590018727],[2.360361750004813],19,9,237,2,1070.002657541998,,1069.99212825,1070.002657541998,1070.9873382919977,1070.9873382919977,1070.9938160839956,1071.5896995840012,space,0.5959944999995059,None,1071.591046499998,1072.291091291667,1072.5981936249955,1072.5799216669984,1072.5813140419996,1072.5981936249955,1072.5981936249955,1072.5981936249955,1074.958763374998,099,1,[2.3603584590018727],[2.360361750004813],nitya,"001",2025-11-06_18h18.32.798,IBT.exp,,2025.2.0,None,2025-11-06 18h18.33.045031 +0530,
0.4,400,unexp,238,10,19,space,0.39426825000555255,None,873,1,[1.1290709160020924],[1.1290752080021775],19,10,238,1,1074.9693434590008,,1074.9588813340015,1074.9693434590008,1075.954051875,1075.954051875,1075.9596005839994,1076.3562182499954,space,0.39426825000555255,None,1076.3582787499981,1076.7584875836658,1077.0655827090013,1077.0460997919945,1077.047896917,1077.0655827090013,1077.0655827090013,1077.0655827090013,1078.1948731669981,873,1,[1.1290709160020924],[1.1290752080021775],nitya,"001",2025-11-06_18h18.32.798,IBT.exp,,2025.2.0,None,2025-11-06 18h18.33.045031 +0530,
0.1,400,unexp,239,11,19,space,0.41568704099336173,None,678,1,[2.4817077499974403],[2.481710957996256],19,11,239,0,1078.202752792,,1078.1950159999978,1078.202752792,1079.1915329999974,1079.1915329999974,1079.1915329999974,1079.6111289170003,space,0.41568704099336173,None,1079.6123788339974,1079.7205396666652,1080.0268845839964,1080.008421958999,1080.0100269169998,1080.0268845839964,1080.0268845839964,1080.0268845839964,1082.508807667,678,1,[2.4817077499974403],[2.481710957996256],nitya,"001",2025-11-06_18h18.32.798,IBT.exp,,2025.2.0,None,2025-11-06 18h18.33.045031 +0530,
0.7,1000,exp,240,0,20,space,0.4618425410008058,None,456 ,1,[2.0515384589962196],[2.0515418340000906],20,0,240,8,1082.519336833997,,1082.508921749999,1082.519336833997,1083.5040045419955,1083.5040045419955,1083.5105105839975,1083.9728245000006,space,0.4618425410008058,None,1083.974417874997,1084.676045333665,1084.9765807500007,1084.9652762089972,1084.9664978750006,1084.9765807500007,1084.9765807500007,1084.9765807500007,1087.0283232090005,456 ,1,[2.0515384589962196],[2.0515418340000906],nitya,"001",2025-11-06_18h18.32.798,IBT.exp,,2025.2.0,None,2025-11-06 18h18.33.045031 +0530,
0.7,1000,exp,241,1,20,space,0.8566155000007711,None,789,1,[3.543900749995373],[3.5439040419951198],20,1,241,5,1087.035984999995,,1087.0284624999986,1087.035984999995,1088.026389958999,1088.026389958999,1088.026389958999,1088.8889370420002,space,0.8566155000007711,None,1088.8905768339973,1089.5922503336662,1089.8981049590002,1089.879669916998,1089.8812664590005,1089.8981049590002,1089.8981049590002,1089.8981049590002,1093.4422183339993,789,1,[3.543900749995373],[3.5439040419951198],nitya,"001",2025-11-06_18h18.32.798,IBT.exp,,2025.2.0,None,2025-11-06 18h18.33.045031 +0530,
0.4,1000,exp,242,2,20,space,0.6984702500049025,None,98,1,[2.2108015829944634],[2.210804457994527],20,2,242,4,1093.4526360419986,,1093.4423381669985,1093.4526360419986,1094.4373183749994,1094.4373183749994,1094.4438742499988,1095.1397384999946,space,0.6984702500049025,None,1095.1410530840003,1095.5423700416616,1095.8477567500013,1095.8296623339993,1095.831082083998,1095.8477567500013,1095.8477567500013,1095.8477567500013,1098.058767249997,98,1,[2.2108015829944634],[2.210804457994527],nitya,"001",2025-11-06_18h18.32.798,IBT.exp,,2025.2.0,None,2025-11-06 18h18.33.045031 +0530,
0.4,400,unexp,243,3,20,space,0.7260905420043855,None,456,1,[1.6648073329997715],[1.6648102909966838],20,3,243,1,1098.0693184170013,,1098.0588853340014,1098.0693184170013,1099.053786958997,1099.053786958997,1099.058599584001,1099.7890217089953,space,0.7260905420043855,None,1099.7902493750007,1100.191570875668,1100.4959892920015,1100.479015208999,1100.4803711249988,1100.4959892920015,1100.4959892920015,1100.4959892920015,1102.1610111670016,456,1,[1.6648073329997715],[1.6648102909966838],nitya,"001",2025-11-06_18h18.32.798,IBT.exp,,2025.2.0,None,2025-11-06 18h18.33.045031 +0530,
0.7,400,unexp,244,4,20,space,0.4275350840034662,None,567,1,[2.9982257500014384],[2.998228582997399],20,4,244,2,1102.1692771669987,,1102.1611413339997,1102.1692771669987,1103.1606134999965,1103.1606134999965,1103.1606134999965,1103.5941882089974,space,0.4275350840034662,None,1103.5954134999993,1104.3040225006664,1104.610276499996,1104.591892958997,1104.5938672089978,1104.610276499996,1104.610276499996,1104.610276499996,1107.6087048749978,567,1,[2.9982257500014384],[2.998228582997399],nitya,"001",2025-11-06_18h18.32.798,IBT.exp,,2025.2.0,None,2025-11-06 18h18.33.045031 +0530,
0.1,1000,exp,245,5,20,space,0.46369291599694407,None,789,1,[1.8094312920002267],[1.8094341670002905],20,5,245,3,1107.6193161249976,,1107.6088297089955,1107.6193161249976,1108.6038634169963,1108.6038634169963,1108.609021708995,1109.0724269999992,space,0.46369291599694407,None,1109.0740432499952,1109.1754469166665,1109.4824551249985,1109.463718209001,1109.465141458997,1109.4824551249985,1109.4824551249985,1109.4824551249985,1111.2920885419953,789,1,[1.8094312920002267],[1.8094341670002905],nitya,"001",2025-11-06_18h18.32.798,IBT.exp,,2025.2.0,None,2025-11-06 18h18.33.045031 +0530,
0.1,1000,exp,246,6,20,space,0.37004766600148287,None,123,1,[2.9979400000011083],[2.9979434170018067],20,6,246,9,1111.302695499995,,1111.2922069169945,1111.302695499995,1112.2873593339973,1112.2873593339973,1112.2930510840015,1112.6614308749995,space,0.37004766600148287,None,1112.6626437499945,1112.7706378336627,1113.0771295000013,1113.0584512919959,1113.0604466669974,1113.0771295000013,1113.0771295000013,1113.0771295000013,1116.075280459001,123,1,[2.9979400000011083],[2.9979434170018067],nitya,"001",2025-11-06_18h18.32.798,IBT.exp,,2025.2.0,None,2025-11-06 18h18.33.045031 +0530,
0.7,1000,exp,247,7,20,space,0.4185657909984002,None,999,1,[1.7393388339987723],[1.7393421250017127],20,7,247,11,1116.0860480839983,,1116.0754058339953,1116.0860480839983,1117.0706480839945,1117.0706480839945,1117.0769688340006,1117.4937483339963,space,0.4185657909984002,None,1117.4950158339998,1118.2039749166618,1118.502465999998,1118.4941705839956,1118.4945354999945,1118.502465999998,1118.502465999998,1118.502465999998,1120.242009083995,999,1,[1.7393388339987723],[1.7393421250017127],nitya,"001",2025-11-06_18h18.32.798,IBT.exp,,2025.2.0,None,2025-11-06 18h18.33.045031 +0530,
0.4,1000,exp,248,8,20,space,0.5481123749996186,None,363,1,[1.1107048340054462],[1.1107072920058272],20,8,248,10,1120.2528948749969,,1120.2421259999974,1120.2528948749969,1121.2372908749967,1121.2372908749967,1121.2435403339987,1121.789031291999,space,0.5481123749996186,None,1121.7904136669968,1122.1924575006672,1122.5010844169956,1122.4830798339972,1122.4843195840003,1122.5010844169956,1122.5010844169956,1122.5010844169956,1123.612001333997,363,1,[1.1107048340054462],[1.1107072920058272],nitya,"001",2025-11-06_18h18.32.798,IBT.exp,,2025.2.0,None,2025-11-06 18h18.33.045031 +0530,
0.4,1000,exp,249,9,20,space,0.7459122920045047,None,654,1,[1.0015855000019656],[1.0015885000029812],20,9,249,7,1123.6193354999996,,1123.612136249998,1123.6193354999996,1124.6099314999956,1124.6099314999956,1124.6099314999956,1125.360122041995,space,0.7459122920045047,None,1125.3613051249995,1125.770688083667,1126.0767213340005,1126.0584607919955,1126.0603844590005,1126.0767213340005,1126.0767213340005,1126.0767213340005,1127.0785225419968,654,1,[1.0015855000019656],[1.0015885000029812],nitya,"001",2025-11-06_18h18.32.798,IBT.exp,,2025.2.0,None,2025-11-06 18h18.33.045031 +0530,
0.1,1000,exp,250,10,20,space,0.7001497909950558,None,736,1,[1.9157610409965855],[1.9157637499956763],20,10,250,6,1127.0859594590002,,1127.078658458995,1127.0859594590002,1128.0768306669997,1128.0768306669997,1128.0768306669997,1128.7799052499977,space,0.7001497909950558,None,1128.7813512089997,1128.887064208666,1129.1928631249975,1129.1749945839983,1129.1766741249958,1129.1928631249975,1129.1928631249975,1129.1928631249975,1131.1088418750005,736,1,[1.9157610409965855],[1.9157637499956763],nitya,"001",2025-11-06_18h18.32.798,IBT.exp,,2025.2.0,None,2025-11-06 18h18.33.045031 +0530,
0.1,400,unexp,251,11,20,space,2.0338583330012625,None,836,1,[1.864138124998135],[1.8641416250029579],20,11,251,0,1131.1193659169949,,1131.1089614169978,1131.1193659169949,1132.1040240840011,1132.1040240840011,1132.1098482499947,1134.1446604169978,space,2.0338583330012625,None,1134.145890916996,1134.2538025416618,1134.5611079999944,1134.5415483749966,1134.5431463339992,1134.5611079999944,1134.5611079999944,1134.5611079999944,1136.425466875,836,1,[1.864138124998135],[1.8641416250029579],nitya,"001",2025-11-06_18h18.32.798,IBT.exp,,2025.2.0,None,2025-11-06 18h18.33.045031 +0530,
0.7,1000,exp,252,0,21,space,2.0752017090053414,None,928,1,[1.6762699169994448],[1.676274542005558],21,0,252,8,1136.4359576669958,,1136.4255814169956,1136.4359576669958,1137.4205775839946,1137.4205775839946,1137.425413459001,1139.505009208995,space,2.0752017090053414,None,1139.5067502919992,1140.2093798756653,1140.5155865419947,1140.4962155419998,1140.4976486250016,1140.5155865419947,1140.5155865419947,1140.5155865419947,1142.1920743340015,928,1,[1.6762699169994448],[1.676274542005558],nitya,"001",2025-11-06_18h18.32.798,IBT.exp,,2025.2.0,None,2025-11-06 18h18.33.045031 +0530,
0.1,1000,exp,253,1,21,space,0.492351624998264,None,647,1,[2.39324391700211],[2.393247584004712],21,1,253,3,1142.2025800420015,,1142.1921883749965,1142.2025800420015,1143.187226916998,1143.187226916998,1143.1933066669953,1143.689356709001,space,0.492351624998264,None,1143.691422584001,1143.7917937086643,1144.0986318340001,1144.0796618749955,1144.0814523750014,1144.0986318340001,1144.0986318340001,1144.0986318340001,1146.492090959,647,1,[2.39324391700211],[2.393247584004712],nitya,"001",2025-11-06_18h18.32.798,IBT.exp,,2025.2.0,None,2025-11-06 18h18.33.045031 +0530,
0.1,1000,exp,254,2,21,space,1.3693761249960517,None,999 ,1,[2.2466841249988647],[2.2466868330011494],21,2,254,9,1146.502930249997,,1146.4922116249945,1146.502930249997,1147.4871592089985,1147.4871592089985,1147.492733125,1148.8606882499953,space,1.3693761249960517,None,1148.8621997500013,1148.9703835416624,1149.2785237089993,1149.2587809589968,1149.2610625839952,1149.2785237089993,1149.2785237089993,1149.2785237089993,1151.5254335419959,999 ,1,[2.2466841249988647],[2.2466868330011494],nitya,"001",2025-11-06_18h18.32.798,IBT.exp,,2025.2.0,None,2025-11-06 18h18.33.045031 +0530,
0.7,1000,exp,255,3,21,space,0.4458582080042106,None,092,1,[1.2619425000011688],[1.2619457079999847],21,3,255,5,1151.5359290419947,,1151.525547624995,1151.5359290419947,1152.5205149999965,1152.5205149999965,1152.526964124998,1152.973831833995,space,0.4458582080042106,None,1152.975503709,1153.6752823336612,1153.982555167,1153.9634085419966,1153.964863041998,1153.982555167,1153.982555167,1153.982555167,1155.2447164170007,092,1,[1.2619425000011688],[1.2619457079999847],nitya,"001",2025-11-06_18h18.32.798,IBT.exp,,2025.2.0,None,2025-11-06 18h18.33.045031 +0530,
0.7,400,unexp,256,4,21,space,0.5809905420028372,None,939,1,[1.401380417002656],[1.4013832089985954],21,4,256,2,1155.25255225,,1155.2448572089997,1155.25255225,1156.2436238750015,1156.2436238750015,1156.2436238750015,1156.8279216250012,space,0.5809905420028372,None,1156.8291296669995,1157.5372002506667,1157.8435065000012,1157.824790916995,1157.8268485419976,1157.8435065000012,1157.8435065000012,1157.8435065000012,1159.245104374997,939,1,[1.401380417002656],[1.4013832089985954],nitya,"001",2025-11-06_18h18.32.798,IBT.exp,,2025.2.0,None,2025-11-06 18h18.33.045031 +0530,
0.4,1000,exp,257,5,21,space,0.7738708330070949,None,363,1,[1.6447266670002136],[1.644729957995878],21,5,257,10,1159.252553667,,1159.2452197499952,1159.252553667,1160.2424462919953,1160.2424462919953,1160.2424462919953,1161.0228177919998,space,0.7738708330070949,None,1161.024844749998,1161.4255145836617,1161.733280458997,1161.7156328749988,1161.7184542920004,1161.733280458997,1161.733280458997,1161.733280458997,1163.3782722920005,363,1,[1.6447266670002136],[1.644729957995878],nitya,"001",2025-11-06_18h18.32.798,IBT.exp,,2025.2.0,None,2025-11-06 18h18.33.045031 +0530,
0.4,400,unexp,258,6,21,space,0.2213121669992688,None,463,1,[1.0908024579985067],[1.090805249994446],21,6,258,1,1163.3858990839944,,1163.3783865419973,1163.3858990839944,1164.3758223749974,1164.3758223749974,1164.3758223749974,1164.6054262089965,space,0.2213121669992688,None,1164.6067875839944,1165.0081366666675,1165.317705417001,1165.299407833998,1165.3068130419997,1165.317705417001,1165.317705417001,1165.317705417001,1166.4087122089986,463,1,[1.0908024579985067],[1.090805249994446],nitya,"001",2025-11-06_18h18.32.798,IBT.exp,,2025.2.0,None,2025-11-06 18h18.33.045031 +0530,
0.4,1000,exp,259,7,21,space,0.08212808300595498,None,474,1,[4.310149583994644],[4.31015241699788],21,7,259,4,1166.4193518749962,,1166.4088364589988,1166.4193518749962,1167.4039622919954,1167.4039622919954,1167.409743833996,1167.4896032089964,space,0.08212808300595498,None,1167.491476833995,1167.8926570836668,1168.198383791998,1168.1796532500011,1168.1810025419982,1168.198383791998,1168.198383791998,1168.198383791998,1172.5087444589954,474,1,[4.310149583994644],[4.31015241699788],nitya,"001",2025-11-06_18h18.32.798,IBT.exp,,2025.2.0,None,2025-11-06 18h18.33.045031 +0530,
0.7,1000,exp,260,8,21,space,0.45399541699589463,None,737,1,[1.631824999996752],[1.6318284579974716],21,8,260,11,1172.5192051669947,,1172.5088691669953,1172.5192051669947,1173.5038382919956,1173.5038382919956,1173.5094416669963,1173.960720791998,space,0.45399541699589463,None,1173.9622266669976,1174.6704833336664,1174.9765794169944,1174.9584632499973,1174.9603093339974,1174.9765794169944,1174.9765794169944,1174.9765794169944,1176.6086207089975,737,1,[1.631824999996752],[1.6318284579974716],nitya,"001",2025-11-06_18h18.32.798,IBT.exp,,2025.2.0,None,2025-11-06 18h18.33.045031 +0530,
0.1,400,unexp,261,9,21,space,0.458907750005892,None,647,1,[2.57833941699937],[2.578342375003558],21,9,261,0,1176.6195528339958,,1176.6087386250001,1176.6195528339958,1177.6039139589993,1177.6039139589993,1177.610384874999,1178.0722072089993,space,0.458907750005892,None,1178.073508166999,1178.1746442506667,1178.4822625000015,1178.463427124996,1178.4647936670008,1178.4822625000015,1178.4822625000015,1178.4822625000015,1181.0608192500003,647,1,[2.57833941699937],[2.578342375003558],nitya,"001",2025-11-06_18h18.32.798,IBT.exp,,2025.2.0,None,2025-11-06 18h18.33.045031 +0530,
0.4,1000,exp,262,10,21,space,1.6497994590026792,None,726,1,[2.914591875000042],[2.9145944580013747],21,10,262,7,1181.0691738749956,,1181.0609528749992,1181.0691738749956,1182.0538024999987,1182.0538024999987,1182.0591422090001,1183.7054937919966,space,1.6497994590026792,None,1183.707180917001,1184.1082376256638,1184.413613249999,1184.3965442089975,1184.3979793749968,1184.413613249999,1184.413613249999,1184.413613249999,1187.3284148339953,726,1,[2.914591875000042],[2.9145944580013747],nitya,"001",2025-11-06_18h18.32.798,IBT.exp,,2025.2.0,None,2025-11-06 18h18.33.045031 +0530,
0.1,1000,exp,263,11,21,space,0.3404333750004298,None,837,1,[1.209228207997512],[1.2092316659982316],21,11,263,6,1187.3358786669996,,1187.3285505839958,1187.3358786669996,1188.3261903749953,1188.3261903749953,1188.3261903749953,1188.6722347920004,space,0.3404333750004298,None,1188.6738896669995,1188.7742202916672,1189.0825493339944,1189.0630854170013,1189.064497374995,1189.0825493339944,1189.0825493339944,1189.0825493339944,1190.2919967919952,837,1,[1.209228207997512],[1.2092316659982316],nitya,"001",2025-11-06_18h18.32.798,IBT.exp,,2025.2.0,None,2025-11-06 18h18.33.045031 +0530,
0.7,1000,exp,264,0,22,space,0.3423893750004936,None,746,1,[2.7258792919965344],[2.725882624996302],22,0,264,8,1190.3025039999993,,1190.2921109999952,1190.3025039999993,1191.2871212499958,1191.2871212499958,1191.293793334,1191.6385248750012,space,0.3423893750004936,None,1191.6397695419946,1192.3421800006656,1192.6491696669982,1192.6302730419993,1192.6316730420003,1192.6491696669982,1192.6491696669982,1192.6491696669982,1195.3752591250013,746,1,[2.7258792919965344],[2.725882624996302],nitya,"001",2025-11-06_18h18.32.798,IBT.exp,,2025.2.0,None,2025-11-06 18h18.33.045031 +0530,
0.7,400,unexp,265,1,22,space,0.31972899999527726,None,734,1,[0.7341034590062918],[0.734107167001639],22,1,265,2,1195.3858656250013,,1195.3753841669968,1195.3858656250013,1196.3706363749952,1196.3706363749952,1196.376691708996,1196.6942070419973,space,0.31972899999527726,None,1196.6954098749993,1197.404019166661,1197.7107745419999,1197.6915881669993,1197.693428916995,1197.7107745419999,1197.7107745419999,1197.7107745419999,1198.4450979169997,734,1,[0.7341034590062918],[0.734107167001639],nitya,"001",2025-11-06_18h18.32.798,IBT.exp,,2025.2.0,None,2025-11-06 18h18.33.045031 +0530,
0.1,1000,exp,266,2,22,space,0.2916873750000377,None,383,1,[1.5101948339943192],[1.510198166994087],22,2,266,9,1198.4525294169944,,1198.4452264169959,1198.4525294169944,1199.4426146670012,1199.4426146670012,1199.4426146670012,1199.740444541996,space,0.2916873750000377,None,1199.7419446669956,1199.8412456256667,1200.1482716249957,1200.1296628749988,1200.1310923339988,1200.1482716249957,1200.1482716249957,1200.1482716249957,1201.6586797089985,383,1,[1.5101948339943192],[1.510198166994087],nitya,"001",2025-11-06_18h18.32.798,IBT.exp,,2025.2.0,None,2025-11-06 18h18.33.045031 +0530,
0.4,1000,exp,267,3,22,space,1.0372990830001072,None,888,1,[1.3646819999994477],[1.3646852910023881],22,3,267,7,1201.6691367499952,,1201.6587995419977,1201.6691367499952,1202.653929084001,1202.653929084001,1202.6601300839975,1203.6945779169982,space,1.0372990830001072,None,1203.695809124998,1204.1039405416634,1204.4104158339978,1204.391557709001,1204.393254292001,1204.4104158339978,1204.4104158339978,1204.4104158339978,1205.7753099170004,888,1,[1.3646819999994477],[1.3646852910023881],nitya,"001",2025-11-06_18h18.32.798,IBT.exp,,2025.2.0,None,2025-11-06 18h18.33.045031 +0530,
0.4,1000,exp,268,4,22,space,0.2786540840024827,None,736,1,[1.0090798329983954],[1.0090830830013147],22,4,268,10,1205.7858550839956,,1205.7754309999946,1205.7858550839956,1206.770542416998,1206.770542416998,1206.777066374998,1207.0552921249982,space,0.2786540840024827,None,1207.0569724169982,1207.4591939586646,1207.7659679999997,1207.7465455839993,1207.7479810000004,1207.7659679999997,1207.7659679999997,1207.7659679999997,1208.7752636669975,736,1,[1.0090798329983954],[1.0090830830013147],nitya,"001",2025-11-06_18h18.32.798,IBT.exp,,2025.2.0,None,2025-11-06 18h18.33.045031 +0530,
0.4,400,unexp,269,5,22,space,0.39455141599319177,None,777,1,[1.394725833000848],[1.3947289580028155],22,5,269,1,1208.7858625419976,,1208.7753870419983,1208.7858625419976,1209.7705220839998,1209.7705220839998,1209.775288375,1210.1721514169985,space,0.39455141599319177,None,1210.173832208995,1210.5748011666622,1210.883013958999,1210.8640512919956,1210.865519250001,1210.883013958999,1210.883013958999,1210.883013958999,1212.2779623749957,777,1,[1.394725833000848],[1.3947289580028155],nitya,"001",2025-11-06_18h18.32.798,IBT.exp,,2025.2.0,None,2025-11-06 18h18.33.045031 +0530,
0.1,1000,exp,270,6,22,space,0.30798212499939837,None,666,1,[1.5928552920013317],[1.5928584580033203],22,6,270,6,1212.2858314589976,,1212.2780772499973,1212.2858314589976,1213.2770285000006,1213.2770285000006,1213.2770285000006,1213.5885899169953,space,0.30798212499939837,None,1213.590202499996,1213.6910041256672,1213.9989249169957,1213.9806116670006,1213.982133833997,1213.9989249169957,1213.9989249169957,1213.9989249169957,1215.5919926669958,666,1,[1.5928552920013317],[1.5928584580033203],nitya,"001",2025-11-06_18h18.32.798,IBT.exp,,2025.2.0,None,2025-11-06 18h18.33.045031 +0530,
0.4,1000,exp,271,7,22,space,0.29679345800104784,None,888,1,[1.5640203750008368],[1.5640231249999488],22,7,271,4,1215.602499458997,,1215.592108124998,1215.602499458997,1216.5871214169965,1216.5871214169965,1216.592800458995,1216.8889472919982,space,0.29679345800104784,None,1216.8907462499992,1217.2915618336667,1217.5965863339952,1217.5790955420016,1217.5807258749992,1217.5965863339952,1217.5965863339952,1217.5965863339952,1219.1608303749963,888,1,[1.5640203750008368],[1.5640231249999488],nitya,"001",2025-11-06_18h18.32.798,IBT.exp,,2025.2.0,None,2025-11-06 18h18.33.045031 +0530,
0.7,1000,exp,272,8,22,space,0.28800049999699695,None,373,1,[1.6973379159971955],[1.6973410829959903],22,8,272,5,1219.169119416998,,1219.1609657500012,1219.169119416998,1220.1538322499982,1220.1538322499982,1220.1605858339972,1220.4445599999963,space,0.28800049999699695,None,1220.4459193750008,1221.1539812506637,1221.4609389999969,1221.4415949589966,1221.4436100839957,1221.4609389999969,1221.4609389999969,1221.4609389999969,1223.158492083996,373,1,[1.6973379159971955],[1.6973410829959903],nitya,"001",2025-11-06_18h18.32.798,IBT.exp,,2025.2.0,None,2025-11-06 18h18.33.045031 +0530,
0.1,400,unexp,273,9,22,space,0.5148643329957849,None,999,1,[1.8425769589957781],[1.8425797919990146],22,9,273,0,1223.1691355840012,,1223.1586091249992,1223.1691355840012,1224.1538278750013,1224.1538278750013,1224.160651291997,1224.6728600419956,space,0.5148643329957849,None,1224.6742063339989,1224.7744201666612,1225.082455083997,1225.063115375,1225.0645317499948,1225.082455083997,1225.082455083997,1225.082455083997,1226.9252466249964,999,1,[1.8425769589957781],[1.8425797919990146],nitya,"001",2025-11-06_18h18.32.798,IBT.exp,,2025.2.0,None,2025-11-06 18h18.33.045031 +0530,
0.7,1000,exp,274,10,22,space,0.9001514999981737,None,373,1,[0.815895375002583],[0.8158982919994742],22,10,274,11,1226.9358242919989,,1226.925370375,1226.9358242919989,1227.920554833996,1227.920554833996,1227.926366791995,1228.8289259999947,space,0.9001514999981737,None,1228.830094334,1229.5371678336635,1229.842499458995,1229.824393541996,1229.8265714590016,1229.842499458995,1229.842499458995,1229.842499458995,1230.6586095419989,373,1,[0.815895375002583],[0.8158982919994742],nitya,"001",2025-11-06_18h18.32.798,IBT.exp,,2025.2.0,None,2025-11-06 18h18.33.045031 +0530,
0.1,1000,exp,275,11,22,space,2.153755291001289,None,636,1,[2.2823134579957696],[2.2823168329996406],22,11,275,3,1230.6691261249944,,1230.6587222089947,1230.6691261249944,1231.6537579169963,1231.6537579169963,1231.6582442500003,1233.8096491670003,space,2.153755291001289,None,1233.810632624998,1233.9115343756678,1234.2261904999978,1234.2081030420013,1234.209466166998,1234.2261904999978,1234.2261904999978,1234.2261904999978,1236.508726084001,636,1,[2.2823134579957696],[2.2823168329996406],nitya,"001",2025-11-06_18h18.32.798,IBT.exp,,2025.2.0,None,2025-11-06 18h18.33.045031 +0530,
0.1,400,unexp,276,0,23,space,1.4075183339955402,None,666,1,[2.8763713329972234],[2.876374665996991],23,0,276,0,1236.5194813749986,,1236.5088571669985,1236.5194813749986,1237.5038168749961,1237.5038168749961,1237.5103237090007,1238.9227265839945,space,1.4075183339955402,None,1238.9250111250003,1239.0245726256655,1239.3320180419978,1239.312800916996,1239.3142027499998,1239.3320180419978,1239.3320180419978,1239.3320180419978,1242.2086080839945,666,1,[2.8763713329972234],[2.876374665996991],nitya,"001",2025-11-06_18h18.32.798,IBT.exp,,2025.2.0,None,2025-11-06 18h18.33.045031 +0530,
0.4,1000,exp,277,1,23,space,0.3733436670008814,None,636,1,[1.8995710419985699],[1.8995736249999027],23,1,277,7,1242.2191349999994,,1242.2087228749951,1242.2191349999994,1243.2029808340012,1243.2029808340012,1243.2082009590013,1243.5778314589988,space,0.3733436670008814,None,1243.579160166999,1243.987470041666,1244.2947759169983,1244.2750320839987,1244.2772771249947,1244.2947759169983,1244.2947759169983,1244.2947759169983,1246.1945846249946,636,1,[1.8995710419985699],[1.8995736249999027],nitya,"001",2025-11-06_18h18.32.798,IBT.exp,,2025.2.0,None,2025-11-06 18h18.33.045031 +0530,
0.1,1000,exp,278,2,23,space,0.3690903330061701,None,737,1,[1.2266402919995016],[1.226643582995166],23,2,278,6,1246.2024527499962,,1246.1947249590012,1246.2024527499962,1247.193031499999,1247.193031499999,1247.193031499999,1247.5718647920003,space,0.3690903330061701,None,1247.5732449999996,1247.6746685416622,1247.9816943339974,1247.9628184169997,1247.964231124999,1247.9816943339974,1247.9816943339974,1247.9816943339974,1249.2085625839973,737,1,[1.2266402919995016],[1.226643582995166],nitya,"001",2025-11-06_18h18.32.798,IBT.exp,,2025.2.0,None,2025-11-06 18h18.33.045031 +0530,
0.7,1000,exp,279,3,23,space,0.32053808299679076,None,636,1,[1.3469907500038971],[1.3469936670007883],23,3,279,5,1249.2191467919984,,1249.208679999996,1249.2191467919984,1250.2036944169959,1250.2036944169959,1250.2092737499988,1250.5279650000011,space,0.32053808299679076,None,1250.5291600839992,1251.2373433336654,1251.5447040840008,1251.5250482089978,1251.5270742499997,1251.5447040840008,1251.5447040840008,1251.5447040840008,1252.891903333999,636,1,[1.3469907500038971],[1.3469936670007883],nitya,"001",2025-11-06_18h18.32.798,IBT.exp,,2025.2.0,None,2025-11-06 18h18.33.045031 +0530,
0.4,1000,exp,280,4,23,space,0.34694799999851966,None,777,1,[1.2269592499942519],[1.226962166998419],23,4,280,10,1252.9024654999957,,1252.8920265839988,1252.9024654999957,1253.887086584,1253.887086584,1253.892297583996,1254.2391732499964,space,0.34694799999851966,None,1254.2411530839963,1254.6418109586632,1254.9480272500005,1254.9296881249975,1254.9315024169991,1254.9480272500005,1254.9480272500005,1254.9480272500005,1256.1752155840004,777,1,[1.2269592499942519],[1.226962166998419],nitya,"001",2025-11-06_18h18.32.798,IBT.exp,,2025.2.0,None,2025-11-06 18h18.33.045031 +0530,
0.7,1000,exp,281,5,23,space,1.079409084006329,None,555,1,[2.525160290999338],[2.5251631249993807],23,5,281,8,1256.1858230840007,,1256.1753362089948,1256.1858230840007,1257.1705192500012,1257.1705192500012,1257.1752126249994,1258.2556022499994,space,1.079409084006329,None,1258.2572643749954,1258.958607791665,1259.266564833997,1259.2468554169973,1259.2483402090002,1259.266564833997,1259.266564833997,1259.266564833997,1261.791937791997,555,1,[2.525160290999338],[2.5251631249993807],nitya,"001",2025-11-06_18h18.32.798,IBT.exp,,2025.2.0,None,2025-11-06 18h18.33.045031 +0530,
0.4,1000,exp,282,6,23,space,1.1185035410017008,None,999,1,[1.1137789159984095],[1.1137824580000597],23,6,282,4,1261.8024626670012,,1261.7920656669958,1261.8024626670012,1262.7872603340002,1262.7872603340002,1262.793502333996,1263.9108123749975,space,1.1185035410017008,None,1263.9120327089986,1264.3203767916677,1264.6280097499985,1264.6084873340005,1264.6105129999996,1264.6280097499985,1264.6280097499985,1264.6280097499985,1265.7420087919963,999,1,[1.1137789159984095],[1.1137824580000597],nitya,"001",2025-11-06_18h18.32.798,IBT.exp,,2025.2.0,None,2025-11-06 18h18.33.045031 +0530,
0.7,1000,exp,283,7,23,space,0.35355149999668356,None,764,1,[1.1296383750013774],[1.129641082996386],23,7,283,11,1265.7524632919958,,1265.7421256249945,1265.7524632919958,1266.737122749997,1266.737122749997,1266.7426434590016,1267.0945780420006,space,0.35355149999668356,None,1267.096159959001,1267.8040287086662,1268.1118947919967,1268.0915773749948,1268.093485583995,1268.1118947919967,1268.1118947919967,1268.1118947919967,1269.241745499996,764,1,[1.1296383750013774],[1.129641082996386],nitya,"001",2025-11-06_18h18.32.798,IBT.exp,,2025.2.0,None,2025-11-06 18h18.33.045031 +0530,
0.1,1000,exp,284,8,23,space,2.1875900000013644,None,657,1,[6.947593459000927],[6.947596292004164],23,8,284,9,1269.2524596250005,,1269.2418944999954,1269.2524596250005,1270.236941791998,1270.236941791998,1270.2426350419992,1272.4271169999993,space,2.1875900000013644,None,1272.4283575839945,1272.5369860416652,1272.8441693749992,1272.824694750001,1272.826358624996,1272.8441693749992,1272.8441693749992,1272.8441693749992,1279.7919830419996,657,1,[6.947593459000927],[6.947596292004164],nitya,"001",2025-11-06_18h18.32.798,IBT.exp,,2025.2.0,None,2025-11-06 18h18.33.045031 +0530,
0.7,400,unexp,285,9,23,space,1.0786773750005523,None,745,1,[1.8465517919976264],[1.846554791998642],23,9,285,2,1279.802436166996,,1279.7920997089968,1279.802436166996,1280.787156624996,1280.787156624996,1280.7922989590006,1281.8726895,space,1.0786773750005523,None,1281.874397624997,1282.5754966666611,1282.8818140000003,1282.863109209,1282.8644978339944,1282.8818140000003,1282.8818140000003,1282.8818140000003,1284.7286062919957,745,1,[1.8465517919976264],[1.846554791998642],nitya,"001",2025-11-06_18h18.32.798,IBT.exp,,2025.2.0,None,2025-11-06 18h18.33.045031 +0530,
0.4,400,unexp,286,10,23,space,0.7753676670035929,None,746,1,[1.3761437909997767],[1.3761466659998405],23,10,286,1,1284.735766124999,,1284.7287235420008,1284.735766124999,1285.7273044589965,1285.7273044589965,1285.7273044589965,1286.5057844999974,space,0.7753676670035929,None,1286.5070949169967,1286.9083867506672,1287.215619083996,1287.1965582089979,1287.198070708997,1287.215619083996,1287.215619083996,1287.215619083996,1288.5919913749967,746,1,[1.3761437909997767],[1.3761466659998405],nitya,"001",2025-11-06_18h18.32.798,IBT.exp,,2025.2.0,None,2025-11-06 18h18.33.045031 +0530,
0.1,1000,exp,287,11,23,space,0.4094787499998347,None,738,1,[1.2091553339996608],[1.2091590839991113],23,11,287,3,1288.6024294589952,,1288.5921089999974,1288.6024294589952,1289.5869958749972,1289.5869958749972,1289.5923977919956,1290.0050712090015,space,0.4094787499998347,None,1290.0063697090009,1290.1075310416675,1290.4159528749951,1290.3971727919998,1290.3986543339997,1290.4159528749951,1290.4159528749951,1290.4159528749951,1291.6253194999954,738,1,[1.2091553339996608],[1.2091590839991113],nitya,"001",2025-11-06_18h18.32.798,IBT.exp,,2025.2.0,None,2025-11-06 18h18.33.045031 +0530,
0.1,1000,exp,288,0,24,space,0.4033231249995879,None,837,1,[1.5516286669953843],[1.551631208996696],24,0,288,6,1291.6357317919974,,1291.6254445000013,1291.6357317919974,1292.6203241249968,1292.6203241249968,1292.6269612920005,1293.0269034999947,space,0.4033231249995879,None,1293.0281278339971,1293.1370869586647,1293.4431519589998,1293.4246714170004,1293.4260723749976,1293.4431519589998,1293.4431519589998,1293.4431519589998,1294.9949921250009,837,1,[1.5516286669953843],[1.551631208996696],nitya,"001",2025-11-06_18h18.32.798,IBT.exp,,2025.2.0,None,2025-11-06 18h18.33.045031 +0530,
0.4,400,unexp,289,1,24,space,0.37180716599687,None,938,1,[1.4591185420067632],[1.4591213340027025],24,1,289,1,1295.0024022500002,,1294.9951299999957,1295.0024022500002,1295.9927708339965,1295.9927708339965,1295.9927708339965,1296.371999791998,space,0.37180716599687,None,1296.3734934589957,1296.7752262916658,1297.0824912089956,1297.0631199589989,1297.0645592090004,1297.0824912089956,1297.0824912089956,1297.0824912089956,1298.5418247499983,938,1,[1.4591185420067632],[1.4591213340027025],nitya,"001",2025-11-06_18h18.32.798,IBT.exp,,2025.2.0,None,2025-11-06 18h18.33.045031 +0530,
0.7,1000,exp,290,2,24,space,0.39120358299987856,None,36,1,[0.7454534999997122],[0.7454564999934519],24,2,290,11,1298.552407999996,,1298.5419477920004,1298.552407999996,1299.5370614999993,1299.5370614999993,1299.5430760419986,1299.9387807089952,space,0.39120358299987856,None,1299.9404308339945,1300.6408019586636,1300.9462083339968,1300.928810749996,1300.9299412089968,1300.9462083339968,1300.9462083339968,1300.9462083339968,1301.6918732919949,36,1,[0.7454534999997122],[0.7454564999934519],nitya,"001",2025-11-06_18h18.32.798,IBT.exp,,2025.2.0,None,2025-11-06 18h18.33.045031 +0530,
0.1,400,unexp,291,3,24,space,0.38510408400179585,None,373,1,[2.4304702500012354],[2.4304735840050853],24,3,291,0,1301.7023805419958,,1301.6919961669992,1301.7023805419958,1302.6870825840015,1302.6870825840015,1302.693605458997,1303.0764635000014,space,0.38510408400179585,None,1303.0777027919976,1303.187053500664,1303.494515583996,1303.4750355840006,1303.4771070839997,1303.494515583996,1303.494515583996,1303.494515583996,1305.9252104589978,373,1,[2.4304702500012354],[2.4304735840050853],nitya,"001",2025-11-06_18h18.32.798,IBT.exp,,2025.2.0,None,2025-11-06 18h18.33.045031 +0530,
0.4,1000,exp,292,4,24,space,0.477926125000522,None,838,1,[0.9472908750030911],[0.9472937500031549],24,4,292,10,1305.9357146670009,,1305.9253274169969,1305.9357146670009,1306.9205622500012,1306.9205622500012,1306.9270351250016,1307.4048347089993,space,0.477926125000522,None,1307.4065043750015,1307.8040967916643,1308.1112108749949,1308.091922874999,1308.0939628749984,1308.1112108749949,1308.1112108749949,1308.1112108749949,1309.0587221669994,838,1,[0.9472908750030911],[0.9472937500031549],nitya,"001",2025-11-06_18h18.32.798,IBT.exp,,2025.2.0,None,2025-11-06 18h18.33.045031 +0530,
0.1,1000,exp,293,5,24,space,0.37006845900032204,None,222 ,1,[1.9975641670025652],[1.9975673750013812],24,5,293,9,1309.0691182500013,,1309.0588447089976,1309.0691182500013,1310.0537758339997,1310.0537758339997,1310.0597745839987,1310.4278412919957,space,0.37006845900032204,None,1310.429112124999,1310.5370429166617,1310.8441227919975,1310.824734834001,1310.826781208998,1310.8441227919975,1310.8441227919975,1310.8441227919975,1312.8419002500013,222 ,1,[1.9975641670025652],[1.9975673750013812],nitya,"001",2025-11-06_18h18.32.798,IBT.exp,,2025.2.0,None,2025-11-06 18h18.33.045031 +0530,
0.7,400,unexp,294,6,24,space,0.6158715830024448,None,637,1,[1.1597758749994682],[1.1597791249951115],24,6,294,2,1312.8524009589964,,1312.8420248339971,1312.8524009589964,1313.8371095420007,1313.8371095420007,1313.8435284169973,1314.4561293750012,space,0.6158715830024448,None,1314.4581009999965,1315.1587242506614,1315.4652826249949,1315.4466966249965,1315.4481362919978,1315.4652826249949,1315.4652826249949,1315.4652826249949,1316.6252691670015,637,1,[1.1597758749994682],[1.1597791249951115],nitya,"001",2025-11-06_18h18.32.798,IBT.exp,,2025.2.0,None,2025-11-06 18h18.33.045031 +0530,
0.4,1000,exp,295,7,24,space,1.0456552090035984,None,662,1,[1.5941981659998419],[1.5942008749989327],24,7,295,7,1316.6352729999999,,1316.625389916997,1316.6352729999999,1317.620249959,1317.620249959,1317.6260579589944,1318.6721692089995,space,1.0456552090035984,None,1318.6734074169945,1319.0747529586627,1319.382905958999,1319.3637506669984,1319.3652169169945,1319.382905958999,1319.382905958999,1319.382905958999,1320.977329166999,662,1,[1.5941981659998419],[1.5942008749989327],nitya,"001",2025-11-06_18h18.32.798,IBT.exp,,2025.2.0,None,2025-11-06 18h18.33.045031 +0530,
0.1,1000,exp,296,8,24,space,0.7504057909973199,None,200,1,[2.2306917079986306],[2.230694500001846],24,8,296,3,1320.985679958998,,1320.9774688749967,1320.985679958998,1321.970326124996,1321.970326124996,1321.9768941250004,1322.7268226249944,space,0.7504057909973199,None,1322.728009499995,1322.8372299166624,1323.1443652089947,1323.1247377920008,1323.1280372089968,1323.1443652089947,1323.1443652089947,1323.1443652089947,1325.3752731249988,200,1,[2.2306917079986306],[2.230694500001846],nitya,"001",2025-11-06_18h18.32.798,IBT.exp,,2025.2.0,None,2025-11-06 18h18.33.045031 +0530,
0.7,1000,exp,297,9,24,space,0.305524166993564,None,002,1,[3.3302314579996164],[3.330235707995598],24,9,297,8,1325.3858191670006,,1325.3753952089974,1325.3858191670006,1326.3701374999946,1326.3701374999946,1326.3759869589994,1326.687285,space,0.305524166993564,None,1326.6886573749944,1327.387148708662,1327.6947885420013,1327.6747647500015,1327.6769412499998,1327.6947885420013,1327.6947885420013,1327.6947885420013,1331.0252422919948,002,1,[3.3302314579996164],[3.330235707995598],nitya,"001",2025-11-06_18h18.32.798,IBT.exp,,2025.2.0,None,2025-11-06 18h18.33.045031 +0530,
0.7,1000,exp,298,10,24,space,4.625988457999483,None,63,1,[2.026404582997202],[2.0264074579972657],24,10,298,5,1331.0357057919973,,1331.0253587920015,1331.0357057919973,1332.0203647089947,1332.0203647089947,1332.0270879999953,1336.655575124998,space,4.625988457999483,None,1336.6571491249997,1337.3583050836644,1337.6654206669991,1337.6462578749997,1337.6479542919988,1337.6654206669991,1337.6654206669991,1337.6654206669991,1339.6920431249964,63,1,[2.026404582997202],[2.0264074579972657],nitya,"001",2025-11-06_18h18.32.798,IBT.exp,,2025.2.0,None,2025-11-06 18h18.33.045031 +0530,
0.4,1000,exp,299,11,24,space,1.4939047919979203,None,635,1,[2.7345765420031967],[2.734579666997888],24,11,299,4,1339.7023415000003,,1339.6921663339963,1339.7023415000003,1340.6869414589964,1340.6869414589964,1340.692223209,1342.188324584,space,1.4939047919979203,None,1342.189294208998,1342.5926381256616,1342.9103299169947,1342.8916259589969,1342.8936336249972,1342.9103299169947,1342.9103299169947,1342.9103299169947,1345.645140708999,635,1,[2.7345765420031967],[2.734579666997888],nitya,"001",2025-11-06_18h18.32.798,IBT.exp,,2025.2.0,None,2025-11-06 18h18.33.045031 +0530,
0.4,1000,exp,300,0,25,space,0.648732249996101,None,87,1,[2.0653160420042695],[2.065319042005285],25,0,300,10,1345.6524064589976,,1345.6452558339952,1345.6524064589976,1346.6419649999953,1346.6419649999953,1346.6419649999953,1347.2944937919965,space,0.648732249996101,None,1347.2959472090006,1347.7036102916647,1348.009591791997,1347.9912788340007,1347.9931805419983,1348.009591791997,1348.009591791997,1348.009591791997,1350.075133583996,87,1,[2.0653160420042695],[2.065319042005285],nitya,"001",2025-11-06_18h18.32.798,IBT.exp,,2025.2.0,None,2025-11-06 18h18.33.045031 +0530,
0.7,1000,exp,301,1,25,space,0.47146729200176196,None,333,1,[1.164765792003891],[1.1647687920049066],25,1,301,11,1350.0856640839993,,1350.0752539589957,1350.0856640839993,1351.070171542,1351.070171542,1351.0749549169996,1351.5431304589947,space,0.47146729200176196,None,1351.5443749999977,1352.2537691256623,1352.5605161249987,1352.541267583998,1352.5429816670003,1352.5605161249987,1352.5605161249987,1352.5605161249987,1353.7255156249958,333,1,[1.164765792003891],[1.1647687920049066],nitya,"001",2025-11-06_18h18.32.798,IBT.exp,,2025.2.0,None,2025-11-06 18h18.33.045031 +0530,
0.1,1000,exp,302,2,25,space,0.43585745800373843,None,373,1,[2.650404708998394],[2.6504078340003616],25,2,302,6,1353.7356622919979,,1353.725630916997,1353.7356622919979,1354.7202057499962,1354.7202057499962,1354.7249349999984,1355.161438833995,space,0.43585745800373843,None,1355.1626582919998,1355.2703031256644,1355.5769575419981,1355.558166499999,1355.5598655840004,1355.5769575419981,1355.5769575419981,1355.5769575419981,1358.2275755419978,373,1,[2.650404708998394],[2.6504078340003616],nitya,"001",2025-11-06_18h18.32.798,IBT.exp,,2025.2.0,None,2025-11-06 18h18.33.045031 +0530,
0.7,400,unexp,303,3,25,space,1.9933690410034615,None,333,1,[4.195039792000898],[4.195042458995886],25,3,303,2,1358.2357160419997,,1358.227704249999,1358.2357160419997,1359.2202705419986,1359.2202705419986,1359.2250805419972,1361.221898374999,space,1.9933690410034615,None,1361.2231731669963,1361.9252783336672,1362.2299310419985,1362.2129524999982,1362.2145121249996,1362.2299310419985,1362.2299310419985,1362.2299310419985,1366.4251937090012,333,1,[4.195039792000898],[4.195042458995886],nitya,"001",2025-11-06_18h18.32.798,IBT.exp,,2025.2.0,None,2025-11-06 18h18.33.045031 +0530,
0.7,1000,exp,304,4,25,space,1.0213871250016382,None,334,1,[3.3470781249998254],[3.3470814999964205],25,4,304,5,1366.4356216249944,,1366.4253099169946,1366.4356216249944,1367.420310374997,1367.420310374997,1367.426788124998,1368.4445294999969,space,1.0213871250016382,None,1368.4459954999984,1369.1538292916632,1369.461267999999,1369.4416203750006,1369.4436844999946,1369.461267999999,1369.461267999999,1369.461267999999,1372.8085727090001,334,1,[3.3470781249998254],[3.3470814999964205],nitya,"001",2025-11-06_18h18.32.798,IBT.exp,,2025.2.0,None,2025-11-06 18h18.33.045031 +0530,
0.4,400,unexp,305,5,25,space,1.03833900000609,None,636,1,[1.6594069590064464],[1.659409792002407],25,5,305,1,1372.8189995419962,,1372.808692833998,1372.8189995419962,1373.8036857920015,1373.8036857920015,1373.8102063749975,1374.8553679999968,space,1.03833900000609,None,1374.8570365839987,1375.2586692916632,1375.5656922089984,1375.5471944999954,1375.5486735000013,1375.5656922089984,1375.5656922089984,1375.5656922089984,1377.2253124169947,636,1,[1.6594069590064464],[1.659409792002407],nitya,"001",2025-11-06_18h18.32.798,IBT.exp,,2025.2.0,None,2025-11-06 18h18.33.045031 +0530,
0.4,1000,exp,306,6,25,space,1.371589333000884,None,736,1,[1.0651972920022672],[1.0652005829979316],25,6,306,7,1377.2358967920009,,1377.2254377089994,1377.2358967920009,1378.2203136669996,1378.2203136669996,1378.2268312089946,1379.5940494589959,space,1.371589333000884,None,1379.595305458999,1380.0037342086619,1380.309762166995,1380.2910557919968,1380.2930117919968,1380.309762166995,1380.309762166995,1380.309762166995,1381.375182459,736,1,[1.0651972920022672],[1.0652005829979316],nitya,"001",2025-11-06_18h18.32.798,IBT.exp,,2025.2.0,None,2025-11-06 18h18.33.045031 +0530,
0.1,1000,exp,307,7,25,space,0.37347062500339234,None,353,1,[1.4445300830047927],[1.4445332500035875],25,7,307,3,1381.3856367089975,,1381.375299291998,1381.3856367089975,1382.3703881249967,1382.3703881249967,1382.376491916999,1382.7551216669963,space,0.37347062500339234,None,1382.756376874997,1382.8574526666673,1383.1669870839978,1383.1469087090009,1383.1488090419953,1383.1669870839978,1383.1669870839978,1383.1669870839978,1384.6117434589978,353,1,[1.4445300830047927],[1.4445332500035875],nitya,"001",2025-11-06_18h18.32.798,IBT.exp,,2025.2.0,None,2025-11-06 18h18.33.045031 +0530,
0.1,400,unexp,308,8,25,space,0.46477274999779183,None,300,1,[2.3138362919999054],[2.313839417001873],25,8,308,0,1384.6189442920004,,1384.6118834169974,1384.6189442920004,1385.609997583997,1385.609997583997,1385.609997583997,1386.076910083997,space,0.46477274999779183,None,1386.0781997089944,1386.186811916665,1386.4944672499987,1386.4747124999994,1386.476433083997,1386.4944672499987,1386.4944672499987,1386.4944672499987,1388.808531083996,300,1,[2.3138362919999054],[2.313839417001873],nitya,"001",2025-11-06_18h18.32.798,IBT.exp,,2025.2.0,None,2025-11-06 18h18.33.045031 +0530,
0.1,1000,exp,309,9,25,space,0.3789273750007851,None,66,1,[2.560721832996933],[2.5607258750023902],25,9,309,9,1388.8189058749995,,1388.808647124999,1388.8189058749995,1389.803782709001,1389.803782709001,1389.8100293339958,1390.1893555839997,space,0.3789273750007851,None,1390.1909616669946,1390.290854000665,1390.5995877499954,1390.579693791995,1390.5823487499947,1390.5995877499954,1390.5995877499954,1390.5995877499954,1393.1605389589968,66,1,[2.560721832996933],[2.5607258750023902],nitya,"001",2025-11-06_18h18.32.798,IBT.exp,,2025.2.0,None,2025-11-06 18h18.33.045031 +0530,
0.7,1000,exp,310,10,25,space,0.3690741660029744,None,272,1,[1.4307287089977763],[1.430732334003551],25,10,310,8,1393.168947291997,,1393.1606679999968,1393.168947291997,1394.1535761669948,1394.1535761669948,1394.1604443339966,1394.5272380419992,space,0.3690741660029744,None,1394.5284341250008,1395.2369999586629,1395.5441388749969,1395.5250725840015,1395.5271430840003,1395.5441388749969,1395.5441388749969,1395.5441388749969,1396.9751009169995,272,1,[1.4307287089977763],[1.430732334003551],nitya,"001",2025-11-06_18h18.32.798,IBT.exp,,2025.2.0,None,2025-11-06 18h18.33.045031 +0530,
0.4,1000,exp,311,11,25,space,0.3560545000000275,None,362,1,[1.3271359999998822],[1.3271391250018496],25,11,311,4,1396.9855990419965,,1396.9752173339948,1396.9855990419965,1397.9704195000013,1397.9704195000013,1397.976360583998,1398.3392836669955,space,0.3560545000000275,None,1398.3407298339953,1398.7419840416662,1399.047806083996,1399.0293927089951,1399.0308417499982,1399.047806083996,1399.047806083996,1399.047806083996,1400.3751741669985,362,1,[1.3271359999998822],[1.3271391250018496],nitya,"001",2025-11-06_18h18.32.798,IBT.exp,,2025.2.0,None,2025-11-06 18h18.33.045031 +0530,
0.7,400,unexp,312,0,26,space,0.6601660409942269,None,262,1,[1.862703375001729],[1.8627059999998892],26,0,312,2,1400.3856343340012,,1400.3752872499972,1400.3856343340012,1401.3702219999977,1401.3702219999977,1401.3753877089985,1402.038751,space,0.6601660409942269,None,1402.0400316250016,1402.7420608336654,1403.0486897090013,1403.0296790840002,1403.031137124999,1403.0486897090013,1403.0486897090013,1403.0486897090013,1404.9116079999949,262,1,[1.862703375001729],[1.8627059999998892],nitya,"001",2025-11-06_18h18.32.798,IBT.exp,,2025.2.0,None,2025-11-06 18h18.33.045031 +0530,
0.4,1000,exp,313,1,26,space,0.6197957090043928,None,733,1,[1.792030207994685],[1.792033582998556],26,1,313,10,1404.9189107089987,,1404.9117350839952,1404.9189107089987,1405.9095862499962,1405.9095862499962,1405.9095862499962,1406.5381544170014,space,0.6197957090043928,None,1406.5394560839995,1406.941834791662,1407.2495535419948,1407.2303271249984,1407.2318326669993,1407.2495535419948,1407.2495535419948,1407.2495535419948,1409.041815042001,733,1,[1.792030207994685],[1.792033582998556],nitya,"001",2025-11-06_18h18.32.798,IBT.exp,,2025.2.0,None,2025-11-06 18h18.33.045031 +0530,
0.4,1000,exp,314,2,26,space,0.4442816670052707,None,873,1,[4.014074582999456],[4.014078083004279],26,2,314,7,1409.0522440419954,,1409.041934916997,1409.0522440419954,1410.0368966249953,1410.0368966249953,1410.043617833995,1410.4900942919994,space,0.4442816670052707,None,1410.491613667,1410.892496416662,1411.2106551249963,1411.191327624998,1411.1934758749994,1411.2106551249963,1411.2106551249963,1411.2106551249963,1415.2249538339966,873,1,[4.014074582999456],[4.014078083004279],nitya,"001",2025-11-06_18h18.32.798,IBT.exp,,2025.2.0,None,2025-11-06 18h18.33.045031 +0530,
0.7,1000,exp,315,3,26,space,0.3767679589946056,None,63 ,1,[1.859515875003126],[1.8595188340041204],26,3,315,11,1415.2356038750004,,1415.2250708339998,1415.2356038750004,1416.2202429999961,1416.2202429999961,1416.225069,1416.6051767919998,space,0.3767679589946056,None,1416.606394167,1417.3085100006613,1417.6154349169956,1417.5972140000013,1417.5987459169992,1417.6154349169956,1417.6154349169956,1417.6154349169956,1419.4751804589978,63 ,1,[1.859515875003126],[1.8595188340041204],nitya,"001",2025-11-06_18h18.32.798,IBT.exp,,2025.2.0,None,2025-11-06 18h18.33.045031 +0530,
0.1,400,unexp,316,4,26,space,0.8797469590062974,None,735,1,[1.7090967909971368],[1.7091000829968834],26,4,316,0,1419.4855912089988,,1419.4752979589975,1419.4855912089988,1420.4702954589957,1420.4702954589957,1420.4759191669946,1421.3552694589962,space,0.8797469590062974,None,1421.3565416669953,1421.4576196666642,1421.765820875,1421.746895874996,1421.7483771670013,1421.765820875,1421.765820875,1421.765820875,1423.4751426669973,735,1,[1.7090967909971368],[1.7091000829968834],nitya,"001",2025-11-06_18h18.32.798,IBT.exp,,2025.2.0,None,2025-11-06 18h18.33.045031 +0530,
0.4,1000,exp,317,5,26,space,0.6183394160034368,None,874,1,[1.6151749170021503],[1.615178084000945],26,5,317,4,1423.485862292,,1423.4752571249992,1423.485862292,1424.4702889170003,1424.4702889170003,1424.4752925840003,1425.0943757919958,space,0.6183394160034368,None,1425.0956210840013,1425.5036834166642,1425.8097272499945,1425.7911610419978,1425.7932781249983,1425.8097272499945,1425.8097272499945,1425.8097272499945,1427.4251275839997,874,1,[1.6151749170021503],[1.615178084000945],nitya,"001",2025-11-06_18h18.32.798,IBT.exp,,2025.2.0,None,2025-11-06 18h18.33.045031 +0530,
0.7,1000,exp,318,6,26,space,0.8903314160052105,None,873,1,[2.811590082994371],[2.811592624995683],26,6,318,5,1427.4355548749954,,1427.4252437499963,1427.4355548749954,1428.420408166996,1428.420408166996,1428.426918792,1429.3219003339982,space,0.8903314160052105,None,1429.3234627089987,1430.0253409166655,1430.332803666999,1430.313758749995,1430.3152196250012,1430.332803666999,1430.332803666999,1430.332803666999,1433.1446177920006,873,1,[2.811590082994371],[2.811592624995683],nitya,"001",2025-11-06_18h18.32.798,IBT.exp,,2025.2.0,None,2025-11-06 18h18.33.045031 +0530,
0.4,400,unexp,319,7,26,space,0.7671266250035842,None,675,1,[2.6100745410003583],[2.610077707999153],26,7,319,1,1433.1522243340005,,1433.1447508339988,1433.1522243340005,1434.1435506249982,1434.1435506249982,1434.1435506249982,1434.9218434169961,space,0.7671266250035842,None,1434.923547458995,1435.3243517916674,1435.6313167499975,1435.612361333995,1435.6143658340006,1435.6313167499975,1435.6313167499975,1435.6313167499975,1438.241628083997,675,1,[2.6100745410003583],[2.610077707999153],nitya,"001",2025-11-06_18h18.32.798,IBT.exp,,2025.2.0,None,2025-11-06 18h18.33.045031 +0530,
0.1,1000,exp,320,8,26,space,0.33167979199788533,None,637,1,[1.3780806249997113],[1.3780834169956506],26,8,320,6,1438.2522063340002,,1438.2417538340014,1438.2522063340002,1439.2368428749978,1439.2368428749978,1439.2433501669948,1439.572460999996,space,0.33167979199788533,None,1439.574473499997,1439.6746803336612,1439.9803093340015,1439.9631408339992,1439.964628834001,1439.9803093340015,1439.9803093340015,1439.9803093340015,1441.358618792001,637,1,[1.3780806249997113],[1.3780834169956506],nitya,"001",2025-11-06_18h18.32.798,IBT.exp,,2025.2.0,None,2025-11-06 18h18.33.045031 +0530,
0.1,1000,exp,321,9,26,space,0.6950092920014868,None,873,1,[1.625181583003723],[1.6251847500025178],26,9,321,3,1441.3688283340016,,1441.3587345839987,1441.3688283340016,1442.353456083998,1442.353456083998,1442.358666,1443.0551608749956,space,0.6950092920014868,None,1443.0568107500003,1443.1576078336623,1443.4663818339977,1443.447203124997,1443.4487115839947,1443.4663818339977,1443.4663818339977,1443.4663818339977,1445.0917947089983,873,1,[1.625181583003723],[1.6251847500025178],nitya,"001",2025-11-06_18h18.32.798,IBT.exp,,2025.2.0,None,2025-11-06 18h18.33.045031 +0530,
0.1,1000,exp,322,10,26,space,0.7163728340019588,None,633,1,[1.7261554159995285],[1.7261592499999097],26,10,322,9,1445.1022161250003,,1445.0919100419997,1445.1022161250003,1446.086919166999,1446.086919166999,1446.093450417,1446.805885834001,space,0.7163728340019588,None,1446.8073650419974,1446.9073535416649,1447.2153903340004,1447.1972532090003,1447.1988973339976,1447.2153903340004,1447.2153903340004,1447.2153903340004,1448.9417757089977,633,1,[1.7261554159995285],[1.7261592499999097],nitya,"001",2025-11-06_18h18.32.798,IBT.exp,,2025.2.0,None,2025-11-06 18h18.33.045031 +0530,
0.7,1000,exp,323,11,26,space,0.40028745900053764,None,811,1,[1.297922292003932],[1.297925208004017],26,11,323,8,1448.9522131669946,,1448.9418933339985,1448.9522131669946,1449.9368968749986,1449.9368968749986,1449.9421440419974,1450.3435122919982,space,0.40028745900053764,None,1450.3447099589976,1451.0535772086625,1451.3603456249984,1451.3413286669966,1451.343441291996,1451.3603456249984,1451.3603456249984,1451.3603456249984,1452.6584841250005,811,1,[1.297922292003932],[1.297925208004017],nitya,"001",2025-11-06_18h18.32.798,IBT.exp,,2025.2.0,None,2025-11-06 18h18.33.045031 +0530,
0.4,1000,exp,324,0,27,space,0.6507610000044224,None,999,1,[2.833928250001918],[2.8339324589978787],27,0,324,7,1452.6688479590011,,1452.6586066669988,1452.6688479590011,1453.6536076669945,1453.6536076669945,1453.6603242499987,1454.311446916996,space,0.6507610000044224,None,1454.3126707919946,1454.7201804166655,1455.0273936250014,1455.0082035000014,1455.0119775839994,1455.0273936250014,1455.0273936250014,1455.0273936250014,1457.8615463339956,999,1,[2.833928250001918],[2.8339324589978787],nitya,"001",2025-11-06_18h18.32.798,IBT.exp,,2025.2.0,None,2025-11-06 18h18.33.045031 +0530,
0.1,400,unexp,325,1,27,space,0.4150785830061068,None,111,1,[2.831055707996711],[2.8310583330021473],27,1,325,0,1457.868858875001,,1457.8616710419956,1457.868858875001,1458.8601865839955,1458.8601865839955,1458.8601865839955,1459.2768183750013,space,0.4150785830061068,None,1459.2781344169998,1459.3869152506634,1459.6938655839986,1459.6744394589987,1459.6761524589965,1459.6938655839986,1459.6938655839986,1459.6938655839986,1462.5251567499945,111,1,[2.831055707996711],[2.8310583330021473],nitya,"001",2025-11-06_18h18.32.798,IBT.exp,,2025.2.0,None,2025-11-06 18h18.33.045031 +0530,
0.4,1000,exp,326,2,27,space,0.4119196660030866,None,222,1,[1.527595374995144],[1.527598708998994],27,2,326,4,1462.5355036249966,,1462.5252719169948,1462.5355036249966,1463.5200912090004,1463.5200912090004,1463.5260013340012,1463.9381650840005,space,0.4119196660030866,None,1463.9393978750013,1464.3422436256626,1464.647252333998,1464.6293873339964,1464.6309265839955,1464.647252333998,1464.647252333998,1464.647252333998,1466.1751119589971,222,1,[1.527595374995144],[1.527598708998994],nitya,"001",2025-11-06_18h18.32.798,IBT.exp,,2025.2.0,None,2025-11-06 18h18.33.045031 +0530,
0.7,1000,exp,327,3,27,space,0.34974270800012164,None,333,1,[1.8433042079996085],[1.84330824999779],27,3,327,8,1466.1856537089989,,1466.175228125001,1466.1856537089989,1467.1701861670008,1467.1701861670008,1467.1766658339984,1467.522646917001,space,0.34974270800012164,None,1467.5239812919972,1468.225101625667,1468.533941333997,1468.5153545419962,1468.522670749997,1468.533941333997,1468.533941333997,1468.533941333997,1470.377466124999,333,1,[1.8433042079996085],[1.84330824999779],nitya,"001",2025-11-06_18h18.32.798,IBT.exp,,2025.2.0,None,2025-11-06 18h18.33.045031 +0530,
0.1,1000,exp,328,4,27,space,1.5147753749988624,None,333,1,[4.796871792001184],[4.796875166997779],27,4,328,3,1470.3855341249946,,1470.377581708999,1470.3855341249946,1471.374974541999,1471.374974541999,1471.374974541999,1472.8942669169992,space,1.5147753749988624,None,1472.89572375,1472.9949824166654,1473.3112675000011,1473.2912992089987,1473.2930156669972,1473.3112675000011,1473.3112675000011,1473.3112675000011,1478.1083656249975,333,1,[4.796871792001184],[4.796875166997779],nitya,"001",2025-11-06_18h18.32.798,IBT.exp,,2025.2.0,None,2025-11-06 18h18.33.045031 +0530,
0.4,400,unexp,329,5,27,space,2.2580293330029235,None,666,1,[2.69274674999906],[2.692750290996628],27,5,329,1,1478.118863208998,,1478.1084817919982,1478.118863208998,1479.103457666999,1479.103457666999,1479.1101374999998,1481.3720465000006,space,2.2580293330029235,None,1481.3739199999982,1481.7753144586643,1482.0821447919952,1482.0625548749958,1482.0643852919966,1482.0821447919952,1482.0821447919952,1482.0821447919952,1484.7751299169977,666,1,[2.69274674999906],[2.692750290996628],nitya,"001",2025-11-06_18h18.32.798,IBT.exp,,2025.2.0,None,2025-11-06 18h18.33.045031 +0530,
0.1,1000,exp,330,6,27,space,0.7191269579998334,None,333,1,[1.3152737920026993],[1.3152772080065915],27,6,330,6,1484.785470333998,,1484.7752456249946,1484.785470333998,1485.7703396669967,1485.7703396669967,1485.7763819999964,1486.4951054589983,space,0.7191269579998334,None,1486.4964343339961,1486.6036379586624,1486.9097481249992,1486.8911270839963,1486.8928351669965,1486.9097481249992,1486.9097481249992,1486.9097481249992,1488.225251249998,333,1,[1.3152737920026993],[1.3152772080065915],nitya,"001",2025-11-06_18h18.32.798,IBT.exp,,2025.2.0,None,2025-11-06 18h18.33.045031 +0530,
0.7,1000,exp,331,7,27,space,1.289237500001036,None,555,1,[1.6637306659977185],[1.6637340829984169],27,7,331,5,1488.2355200419988,,1488.2253667089972,1488.2355200419988,1489.220087624999,1489.220087624999,1489.2255203749955,1490.510563208998,space,1.289237500001036,None,1490.5121185839962,1491.2201760006612,1491.5277214169982,1491.507908833999,1491.5102151669998,1491.5277214169982,1491.5277214169982,1491.5277214169982,1493.191678874995,555,1,[1.6637306659977185],[1.6637340829984169],nitya,"001",2025-11-06_18h18.32.798,IBT.exp,,2025.2.0,None,2025-11-06 18h18.33.045031 +0530,
0.7,1000,exp,332,8,27,space,0.3794492090019048,None,666,1,[2.9586500829973374],[2.9586528750005527],27,8,332,11,1493.2021528749974,,1493.1917940419953,1493.2021528749974,1494.1867082919998,1494.1867082919998,1494.191399833995,1494.5714406670013,space,0.3794492090019048,None,1494.5726783749997,1495.2757665006613,1495.5830160839978,1495.5631727919972,1495.564645833998,1495.5830160839978,1495.5830160839978,1495.5830160839978,1498.5418900840014,666,1,[2.9586500829973374],[2.9586528750005527],nitya,"001",2025-11-06_18h18.32.798,IBT.exp,,2025.2.0,None,2025-11-06 18h18.33.045031 +0530,
0.4,1000,exp,333,9,27,space,0.5542967079964001,None,777,1,[1.8591979580014595],[1.8592011250002543],27,9,333,10,1498.552161749998,,1498.542016458996,1498.552161749998,1499.541633666995,1499.541633666995,1499.541633666995,1500.1058213340002,space,0.5542967079964001,None,1500.1072564169954,1500.5084488336618,1500.8156681249966,1500.7959906670003,1500.7978684170012,1500.8156681249966,1500.8156681249966,1500.8156681249966,1502.6750892089985,777,1,[1.8591979580014595],[1.8592011250002543],nitya,"001",2025-11-06_18h18.32.798,IBT.exp,,2025.2.0,None,2025-11-06 18h18.33.045031 +0530,
0.1,1000,exp,334,10,27,space,0.9189329579967307,None,876,1,[1.21552304099896],[1.2155272910022177],27,10,334,9,1502.685451583995,,1502.6752208749967,1502.685451583995,1503.6700539169979,1503.6700539169979,1503.6756637090002,1504.592919249997,space,0.9189329579967307,None,1504.594117749999,1504.7034811666638,1505.0092424589966,1504.9908402919973,1504.9925832090012,1505.0092424589966,1505.0092424589966,1505.0092424589966,1506.2249922089977,876,1,[1.21552304099896],[1.2155272910022177],nitya,"001",2025-11-06_18h18.32.798,IBT.exp,,2025.2.0,None,2025-11-06 18h18.33.045031 +0530,
0.7,400,unexp,335,11,27,space,0.36094908399536507,None,987,1,[1.7764340410067234],[1.7764367500058142],27,11,335,2,1506.2354385419967,,1506.2251146249982,1506.2354385419967,1507.2200023749974,1507.2200023749974,1507.2266164589964,1507.5889156669946,space,0.36094908399536507,None,1507.5908768340014,1508.2912598336663,1508.5984893749992,1508.5797209589946,1508.5812132919964,1508.5984893749992,1508.5984893749992,1508.5984893749992,1510.3751546249987,987,1,[1.7764340410067234],[1.7764367500058142],nitya,"001",2025-11-06_18h18.32.798,IBT.exp,,2025.2.0,None,2025-11-06 18h18.33.045031 +0530,
0.4,1000,exp,336,0,28,space,1.1996720420065685,None,888,1,[2.398269874996913],[2.3982731659998535],28,0,336,10,1510.3854971670007,,1510.3752723340003,1510.3854971670007,1511.3701171249995,1511.3701171249995,1511.3753160419947,1512.5720814169981,space,1.1996720420065685,None,1512.5737186249971,1512.975837541668,1513.293238541999,1513.274472416997,1513.2766027499965,1513.293238541999,1513.293238541999,1513.293238541999,1515.6917482499994,888,1,[2.398269874996913],[2.3982731659998535],nitya,"001",2025-11-06_18h18.32.798,IBT.exp,,2025.2.0,None,2025-11-06 18h18.33.045031 +0530,
0.7,1000,exp,337,1,28,space,1.9707498330026283,None,999,1,[2.3839608330017654],[2.383963833002781],28,1,337,11,1515.702162458998,,1515.6918654589972,1515.702162458998,1516.6867915839975,1516.6867915839975,1516.6919335839993,1518.6607313749992,space,1.9707498330026283,None,1518.6620102499946,1519.3701382916663,1519.6768925840006,1519.6576672090014,1519.6599795000002,1519.6768925840006,1519.6768925840006,1519.6768925840006,1522.0611139999965,999,1,[2.3839608330017654],[2.383963833002781],nitya,"001",2025-11-06_18h18.32.798,IBT.exp,,2025.2.0,None,2025-11-06 18h18.33.045031 +0530,
0.1,400,unexp,338,2,28,space,1.000396167000872,None,222,1,[1.747595207998529],[1.7475981249954202],28,2,338,0,1522.068814667,,1522.061230291998,1522.068814667,1523.0590564589947,1523.0590564589947,1523.0590564589947,1524.0608849169948,space,1.000396167000872,None,1524.0622756250013,1524.1615328336668,1524.477148124999,1524.457879499998,1524.4597461669982,1524.477148124999,1524.477148124999,1524.477148124999,1526.2249723339992,222,1,[1.747595207998529],[1.7475981249954202],nitya,"001",2025-11-06_18h18.32.798,IBT.exp,,2025.2.0,None,2025-11-06 18h18.33.045031 +0530,
0.1,1000,exp,339,3,28,space,0.4792366249967017,None,111 ,1,[1.925725291002891],[1.9257285830026376],28,3,339,6,1526.2354444999946,,1526.2250893749952,1526.2354444999946,1527.220040041997,1527.220040041997,1527.231787124998,1527.70576325,space,0.4792366249967017,None,1527.7071830839996,1527.8072149166658,1528.1156957919957,1528.0963054999957,1528.097910999997,1528.1156957919957,1528.1156957919957,1528.1156957919957,1530.0416433339997,111 ,1,[1.925725291002891],[1.9257285830026376],nitya,"001",2025-11-06_18h18.32.798,IBT.exp,,2025.2.0,None,2025-11-06 18h18.33.045031 +0530,
0.7,1000,exp,340,4,28,space,0.38058662499679485,None,333 ,1,[1.740733792001265],[1.740738083004544],28,4,340,5,1530.052133792,,1530.041768666997,1530.052133792,1531.036652208997,1531.036652208997,1531.0420449169978,1531.4217894999965,space,0.38058662499679485,None,1531.4230262499987,1532.1255419166666,1532.4340212499956,1532.4159732920016,1532.417241833995,1532.4340212499956,1532.4340212499956,1532.4340212499956,1534.17498625,333 ,1,[1.740733792001265],[1.740738083004544],nitya,"001",2025-11-06_18h18.32.798,IBT.exp,,2025.2.0,None,2025-11-06 18h18.33.045031 +0530,
0.1,1000,exp,341,5,28,space,0.8903462079979363,None,400,1,[1.5778606659951038],[1.5778644159945543],28,5,341,9,1534.185420709,,1534.1751047090002,1534.185420709,1535.1698381249953,1535.1698381249953,1535.1755779589948,1536.0722390419978,space,0.8903462079979363,None,1536.073620791998,1536.1740810416634,1536.4802112920006,1536.462862249995,1536.4643427089977,1536.4802112920006,1536.4802112920006,1536.4802112920006,1538.0583097499984,400,1,[1.5778606659951038],[1.5778644159945543],nitya,"001",2025-11-06_18h18.32.798,IBT.exp,,2025.2.0,None,2025-11-06 18h18.33.045031 +0530,
0.4,1000,exp,342,6,28,space,0.7167754999973113,None,200,1,[1.864330542004609],[1.8643333750005695],28,6,342,4,1538.068775833999,,1538.0584256669972,1538.068775833999,1539.0533784590007,1539.0533784590007,1539.058971833998,1539.7761690420011,space,0.7167754999973113,None,1539.7773806670011,1540.175336083663,1540.4938190839966,1540.474480500001,1540.4765716249967,1540.4938190839966,1540.4938190839966,1540.4938190839966,1542.358381166996,200,1,[1.864330542004609],[1.8643333750005695],nitya,"001",2025-11-06_18h18.32.798,IBT.exp,,2025.2.0,None,2025-11-06 18h18.33.045031 +0530,
0.1,1000,exp,343,7,28,space,0.37578162499994505,None,302,1,[2.147829000001366],[2.147831583999505],28,7,343,3,1542.368756459,,1542.358498499998,1542.368756459,1543.3533089999983,1543.3533089999983,1543.3589726249993,1543.7390097919997,space,0.37578162499994505,None,1543.7403428339967,1543.8405355006655,1544.1465621669995,1544.1290916669968,1544.1304020839962,1544.1465621669995,1544.1465621669995,1544.1465621669995,1546.2946175420002,302,1,[2.147829000001366],[2.147831583999505],nitya,"001",2025-11-06_18h18.32.798,IBT.exp,,2025.2.0,None,2025-11-06 18h18.33.045031 +0530,
0.4,400,unexp,344,8,28,space,0.42600937499810243,None,222,1,[3.392471958002716],[3.3924751660015318],28,8,344,1,1546.3021401669976,,1546.294733208997,1546.3021401669976,1547.291955458997,1547.291955458997,1547.291955458997,1547.7225842499975,space,0.42600937499810243,None,1547.724038542001,1548.1241432916615,1548.4323229590009,1548.4134904169987,1548.4150247090001,1548.4323229590009,1548.4323229590009,1548.4323229590009,1551.825016584,222,1,[3.392471958002716],[3.3924751660015318],nitya,"001",2025-11-06_18h18.32.798,IBT.exp,,2025.2.0,None,2025-11-06 18h18.33.045031 +0530,
0.7,400,unexp,345,9,28,space,2.8327577500022016,None,400,1,[1.5284374580005533],[1.5284399580050376],28,9,345,2,1551.8354267089962,,1551.8251398749999,1551.8354267089962,1552.8200279999946,1552.8200279999946,1552.8258834169974,1555.6550705420013,space,2.8327577500022016,None,1555.6565438339967,1556.3579965006613,1556.6661715419978,1556.6466034170007,1556.6481507089993,1556.6661715419978,1556.6661715419978,1556.6661715419978,1558.1948378339948,400,1,[1.5284374580005533],[1.5284399580050376],nitya,"001",2025-11-06_18h18.32.798,IBT.exp,,2025.2.0,None,2025-11-06 18h18.33.045031 +0530,
0.4,1000,exp,346,10,28,space,1.0647351250008796,None,998,1,[4.300572958003613],[4.300576291003381],28,10,346,7,1558.2020794169948,,1558.1949732919966,1558.2020794169948,1559.1928770419981,1559.1928770419981,1559.1928770419981,1560.2596896670002,space,1.0647351250008796,None,1560.2608993749964,1560.6701287916624,1560.976335667001,1560.9579301669946,1560.9599830000006,1560.976335667001,1560.976335667001,1560.976335667001,1565.2771402090002,998,1,[4.300572958003613],[4.300576291003381],nitya,"001",2025-11-06_18h18.32.798,IBT.exp,,2025.2.0,None,2025-11-06 18h18.33.045031 +0530,
0.7,1000,exp,347,11,28,space,0.3804882499971427,None,333,1,[1.5644896249941667],[1.564492457997403],28,11,347,8,1565.2854254999984,,1565.2772697089968,1565.2854254999984,1566.2770665839998,1566.2770665839998,1566.2770665839998,1566.6595491249973,space,0.3804882499971427,None,1566.6607575419985,1567.3701747506677,1567.6769149169995,1567.657935958996,1567.6600450839978,1567.6769149169995,1567.6769149169995,1567.6769149169995,1569.2416285840009,333,1,[1.5644896249941667],[1.564492457997403],nitya,"001",2025-11-06_18h18.32.798,IBT.exp,,2025.2.0,None,2025-11-06 18h18.33.045031 +0530,
0.4,1000,exp,348,0,29,space,0.8259842920015217,None,999,1,[1.5415813750005327],[1.5415847500044038],29,0,348,7,1569.252027041999,,1569.2417692089948,1569.252027041999,1570.237182208999,1570.237182208999,1570.244169958998,1571.071781833998,space,0.8259842920015217,None,1571.0730830419998,1571.4748250416635,1571.7832120839957,1571.7638092919951,1571.7654535420006,1571.7832120839957,1571.7832120839957,1571.7832120839957,1573.3250236669992,999,1,[1.5415813750005327],[1.5415847500044038],nitya,"001",2025-11-06_18h18.32.798,IBT.exp,,2025.2.0,None,2025-11-06 18h18.33.045031 +0530,
0.1,1000,exp,349,1,29,space,0.631120790996647,None,888,1,[1.9750354159987182],[1.9750394160000724],29,1,349,9,1573.335510334,,1573.3251490839975,1573.335510334,1574.3201677920006,1574.3201677920006,1574.3266783750005,1574.955129791997,space,0.631120790996647,None,1574.9567915840016,1575.0579669166657,1575.3662810419992,1575.347242208998,1575.348754916995,1575.3662810419992,1575.3662810419992,1575.3662810419992,1577.3415558749984,888,1,[1.9750354159987182],[1.9750394160000724],nitya,"001",2025-11-06_18h18.32.798,IBT.exp,,2025.2.0,None,2025-11-06 18h18.33.045031 +0530,
0.4,1000,exp,350,2,29,space,0.2513434159991448,None,77,1,[1.3221909159983625],[1.322193749998405],29,2,350,4,1577.3520379999973,,1577.3416726249998,1577.3520379999973,1578.3365682919975,1578.3365682919975,1578.3423474169977,1578.5941493339997,space,0.2513434159991448,None,1578.595379624996,1579.003561875663,1579.3192287499987,1579.293524959001,1579.2949539589972,1579.3192287499987,1579.3192287499987,1579.3192287499987,1580.6416699170004,77,1,[1.3221909159983625],[1.322193749998405],nitya,"001",2025-11-06_18h18.32.798,IBT.exp,,2025.2.0,None,2025-11-06 18h18.33.045031 +0530,
0.7,1000,exp,351,3,29,space,0.2594989589997567,None,888,1,[1.059992999995302],[1.0599963329950697],29,3,351,11,1580.6520741249988,,1580.641792041999,1580.6520741249988,1581.6365773340003,1581.6365773340003,1581.6423491669993,1581.9047968749946,space,0.2594989589997567,None,1581.906426499998,1582.6088222086657,1582.9147493339988,1582.8960077500014,1582.8975464999967,1582.9147493339988,1582.9147493339988,1582.9147493339988,1583.974978792001,888,1,[1.059992999995302],[1.0599963329950697],nitya,"001",2025-11-06_18h18.32.798,IBT.exp,,2025.2.0,None,2025-11-06 18h18.33.045031 +0530,
0.1,400,unexp,352,4,29,space,0.9560627920000115,None,777,1,[1.8757133330000215],[1.8757169999953476],29,4,352,0,1583.9855219589954,,1583.9750933339965,1583.9855219589954,1584.9700109589976,1584.9700109589976,1584.9750136669973,1585.938460874997,space,0.9560627920000115,None,1585.9400924169968,1586.0408067506617,1586.3490200839951,1586.3297407089995,1586.3312677089998,1586.3490200839951,1586.3490200839951,1586.3490200839951,1588.224974083998,777,1,[1.8757133330000215],[1.8757169999953476],nitya,"001",2025-11-06_18h18.32.798,IBT.exp,,2025.2.0,None,2025-11-06 18h18.33.045031 +0530,
0.7,400,unexp,353,5,29,space,1.8518728330018348,None,766,1,[3.5311968329988304],[3.5312000830017496],29,5,353,2,1588.2355247499945,,1588.2250899169958,1588.2355247499945,1589.2200234999982,1589.2200234999982,1589.225668250001,1591.0760905839998,space,1.8518728330018348,None,1591.0773051249998,1591.7866992916645,1592.093620708998,1592.0744903339946,1592.0766811249996,1592.093620708998,1592.093620708998,1592.093620708998,1595.6250461249947,766,1,[3.5311968329988304],[3.5312000830017496],nitya,"001",2025-11-06_18h18.32.798,IBT.exp,,2025.2.0,None,2025-11-06 18h18.33.045031 +0530,
0.4,1000,exp,354,6,29,space,1.010638416002621,None,554,1,[3.3262579580041347],[3.3262617080035852],29,6,354,10,1595.6357344999997,,1595.6251704589959,1595.6357344999997,1596.620156208999,1596.620156208999,1596.6257810839961,1597.6386432919971,space,1.010638416002621,None,1597.640098625001,1598.0409703756634,1598.3485107089946,1598.3291170000011,1598.3307622919965,1598.3485107089946,1598.3485107089946,1598.3485107089946,1601.6750035840014,554,1,[3.3262579580041347],[3.3262617080035852],nitya,"001",2025-11-06_18h18.32.798,IBT.exp,,2025.2.0,None,2025-11-06 18h18.33.045031 +0530,
0.7,1000,exp,355,7,29,space,0.45359095800085925,None,333,1,[4.782382750003308],[4.782386541002779],29,7,355,8,1601.6853755420016,,1601.675121166998,1601.6853755420016,1602.6699873749967,1602.6699873749967,1602.6764944589959,1603.1273397920013,space,0.45359095800085925,None,1603.1288209170016,1603.8369115836651,1604.1445485840013,1604.1248104999977,1604.127090916998,1604.1445485840013,1604.1445485840013,1604.1445485840013,1608.9271640419975,333,1,[4.782382750003308],[4.782386541002779],nitya,"001",2025-11-06_18h18.32.798,IBT.exp,,2025.2.0,None,2025-11-06 18h18.33.045031 +0530,
0.1,1000,exp,356,8,29,space,0.9152597499996773,None,777,1,[1.980634416002431],[1.9806372079983703],29,8,356,3,1608.9353596250003,,1608.9272796250007,1608.9353596250003,1609.9261824169953,1609.9261824169953,1609.9261824169953,1610.844130958998,space,0.9152597499996773,None,1610.8455464169965,1610.9532915006678,1611.2606586670008,1611.2410502089988,1611.2432175840004,1611.2606586670008,1611.2606586670008,1611.2606586670008,1613.241534875,777,1,[1.980634416002431],[1.9806372079983703],nitya,"001",2025-11-06_18h18.32.798,IBT.exp,,2025.2.0,None,2025-11-06 18h18.33.045031 +0530,
0.7,1000,exp,357,9,29,space,1.1366352080003708,None,33,1,[2.63121054200019],[2.631214417000592],29,9,357,5,1613.2521349589952,,1613.2416632919994,1613.2521349589952,1614.2366372499964,1614.2366372499964,1614.2433319170013,1615.3774108750004,space,1.1366352080003708,None,1615.378619666997,1616.0866986256626,1616.3936252499989,1616.3744774590014,1616.3765726249985,1616.3936252499989,1616.3936252499989,1616.3936252499989,1619.025070374999,33,1,[2.63121054200019],[2.631214417000592],nitya,"001",2025-11-06_18h18.32.798,IBT.exp,,2025.2.0,None,2025-11-06 18h18.33.045031 +0530,
0.1,1000,exp,358,10,29,space,0.44702425000286894,None,777,1,[2.6092188749971683],[2.6092222919978667],29,10,358,6,1619.0353625419957,,1619.025197541996,1619.0353625419957,1620.0199441250006,1620.0199441250006,1620.0261338339988,1620.472364166999,space,0.44702425000286894,None,1620.4738222499946,1620.5742901256638,1620.882136084001,1620.8625642920015,1620.864200584001,1620.882136084001,1620.882136084001,1620.882136084001,1623.491588166995,777,1,[2.6092188749971683],[2.6092222919978667],nitya,"001",2025-11-06_18h18.32.798,IBT.exp,,2025.2.0,None,2025-11-06 18h18.33.045031 +0530,
0.4,400,unexp,359,11,29,space,0.642125833001046,None,999,1,[2.7426381659970502],[2.7426414159999695],29,11,359,1,1623.5020297500014,,1623.4917120839964,1623.5020297500014,1624.486855916999,1624.486855916999,1624.493290833998,1625.1380945839992,space,0.642125833001046,None,1625.1393919589973,1625.5419359166665,1625.8488221250009,1625.8294857090004,1625.8314484169969,1625.8488221250009,1625.8488221250009,1625.8488221250009,1628.5916908340005,999,1,[2.7426381659970502],[2.7426414159999695],nitya,"001",2025-11-06_18h18.32.798,IBT.exp,,2025.2.0,None,2025-11-06 18h18.33.045031 +0530,
0.1,1000,exp,360,0,30,space,0.6762652079996769,None,888,1,[1.4596647079961258],[1.459667625000293],30,0,360,3,1628.6021136249983,,1628.5918119589987,1628.6021136249983,1629.5866444169951,1629.5866444169951,1629.593540666996,1630.2717854169969,space,0.6762652079996769,None,1630.2735956670003,1630.3738410836634,1630.6816184169948,1630.6616314999992,1630.663212374995,1630.6816184169948,1630.6816184169948,1630.6816184169948,1632.1415270419966,888,1,[1.4596647079961258],[1.459667625000293],nitya,"001",2025-11-06_18h18.32.798,IBT.exp,,2025.2.0,None,2025-11-06 18h18.33.045031 +0530,
0.7,1000,exp,361,1,30,space,1.1122782090023975,None,74,1,[1.0759050830019987],[1.075907874997938],30,1,361,8,1632.1520155839971,,1632.1416433339982,1632.1520155839971,1633.1366383749992,1633.1366383749992,1633.1422209169978,1634.2548267499951,space,1.1122782090023975,None,1634.2564620839985,1634.9585863336654,1635.2654855,1635.2466271250014,1635.2481762919997,1635.2654855,1635.2654855,1635.2654855,1636.3416192090008,74,1,[1.0759050830019987],[1.075907874997938],nitya,"001",2025-11-06_18h18.32.798,IBT.exp,,2025.2.0,None,2025-11-06 18h18.33.045031 +0530,
0.4,1000,exp,362,2,30,space,0.3591247919976013,None,733,1,[2.559218292000878],[2.5592215840006247],30,2,362,4,1636.3520063339965,,1636.3417426669985,1636.3520063339965,1637.3365871669957,1637.3365871669957,1637.3422911249945,1637.7046397089944,space,0.3591247919976013,None,1637.7059672920004,1638.1083096256664,1638.4155096670002,1638.395705791998,1638.3972825419987,1638.4155096670002,1638.4155096670002,1638.4155096670002,1640.9749705840004,733,1,[2.559218292000878],[2.5592215840006247],nitya,"001",2025-11-06_18h18.32.798,IBT.exp,,2025.2.0,None,2025-11-06 18h18.33.045031 +0530,
0.1,1000,exp,363,3,30,space,0.36876549999578856,None,88,1,[2.2137109589966713],[2.213713666998956],30,3,363,6,1640.9853138749968,,1640.9750919590006,1640.9853138749968,1641.9701312089965,1641.9701312089965,1641.9759902919977,1642.3437821249972,space,0.36876549999578856,None,1642.3450306669984,1642.4433802916649,1642.7609144169983,1642.7414247089982,1642.743704542001,1642.7609144169983,1642.7609144169983,1642.7609144169983,1644.974858624999,88,1,[2.2137109589966713],[2.213713666998956],nitya,"001",2025-11-06_18h18.32.798,IBT.exp,,2025.2.0,None,2025-11-06 18h18.33.045031 +0530,
0.1,400,unexp,364,4,30,space,0.3758116660028463,None,625,1,[3.8103081660010503],[3.8103109160001623],30,4,364,0,1644.9853383750014,,1644.9749735000005,1644.9853383750014,1645.9699138340002,1645.9699138340002,1645.9755448340002,1646.3564199169996,space,0.3758116660028463,None,1646.3576504169978,1646.4571933336667,1646.764341999995,1646.7459398749997,1646.747709958996,1646.764341999995,1646.764341999995,1646.764341999995,1650.574882666995,625,1,[3.8103081660010503],[3.8103109160001623],nitya,"001",2025-11-06_18h18.32.798,IBT.exp,,2025.2.0,None,2025-11-06 18h18.33.045031 +0530,
0.7,1000,exp,365,5,30,space,0.4294027500000084,None,897,1,[2.6610841669971705],[2.6610870829972555],30,5,365,5,1650.5857178340011,,1650.575006250001,1650.5857178340011,1651.5700457919957,1651.5700457919957,1651.576521666997,1652.005823708998,space,0.4294027500000084,None,1652.0075756250008,1652.7082227916655,1653.0136353749986,1652.9953879999957,1652.9969959169975,1653.0136353749986,1653.0136353749986,1653.0136353749986,1655.6749561670003,897,1,[2.6610841669971705],[2.6610870829972555],nitya,"001",2025-11-06_18h18.32.798,IBT.exp,,2025.2.0,None,2025-11-06 18h18.33.045031 +0530,
0.4,400,unexp,366,6,30,space,1.86228137499711,None,645,1,[1.3949507500001346],[1.3949539999957778],30,6,366,1,1655.6853024999946,,1655.6750728339975,1655.6853024999946,1656.6700727499992,1656.6700727499992,1656.6760642500012,1658.5388892919946,space,1.86228137499711,None,1658.5409452919994,1658.9417721256652,1659.2464365419946,1659.2288113339964,1659.230231249996,1659.2464365419946,1659.2464365419946,1659.2464365419946,1660.6416199999949,645,1,[1.3949507500001346],[1.3949539999957778],nitya,"001",2025-11-06_18h18.32.798,IBT.exp,,2025.2.0,None,2025-11-06 18h18.33.045031 +0530,
0.4,1000,exp,367,7,30,space,0.7574240000030841,None,876,1,[2.3780514169993694],[2.3780546670022886],30,7,367,7,1660.6520341669966,,1660.6417461249948,1660.6520341669966,1661.6366292919993,1661.6366292919993,1661.6422265,1662.4052727499948,space,0.7574240000030841,None,1662.4067913749968,1662.8090878336627,1663.1151132499945,1663.0966527919954,1663.0981669589964,1663.1151132499945,1663.1151132499945,1663.1151132499945,1665.4933924590005,876,1,[2.3780514169993694],[2.3780546670022886],nitya,"001",2025-11-06_18h18.32.798,IBT.exp,,2025.2.0,None,2025-11-06 18h18.33.045031 +0530,
0.1,1000,exp,368,8,30,space,0.7823272919995361,None,837,1,[1.8489790419989731],[1.848981791998085],30,8,368,9,1665.5020174999954,,1665.4935333339963,1665.5020174999954,1666.4866995420016,1666.4866995420016,1666.492893333998,1667.2729253750003,space,0.7823272919995361,None,1667.2743322499955,1667.3739021256663,1667.6792025839968,1667.6618680839965,1667.6644121249992,1667.6792025839968,1667.6792025839968,1667.6792025839968,1669.5284554589962,837,1,[1.8489790419989731],[1.848981791998085],nitya,"001",2025-11-06_18h18.32.798,IBT.exp,,2025.2.0,None,2025-11-06 18h18.33.045031 +0530,
0.7,400,unexp,369,9,30,space,0.3243889999939711,None,9,1,[2.2260270420010784],[2.2260297920001904],30,9,369,2,1669.5353130419971,,1669.5285743339991,1669.5353130419971,1670.5255421249967,1670.5255421249967,1670.5255421249967,1670.854584583998,space,0.3243889999939711,None,1670.8558369589955,1671.5583646666676,1671.8652692920004,1671.845750208995,1671.8473484169954,1671.8652692920004,1671.8652692920004,1671.8652692920004,1674.0915291669953,9,1,[2.2260270420010784],[2.2260297920001904],nitya,"001",2025-11-06_18h18.32.798,IBT.exp,,2025.2.0,None,2025-11-06 18h18.33.045031 +0530,
0.7,1000,exp,370,10,30,space,0.35008058400126174,None,647,1,[1.797475666993705],[1.7974782919991412],30,10,370,11,1674.1019566670002,,1674.0916480000014,1674.1019566670002,1675.0867562089988,1675.0867562089988,1675.0928023749948,1675.443101375,space,0.35008058400126174,None,1675.4442808749955,1676.1533751666614,1676.460593124997,1676.4410684589966,1676.4432653339973,1676.460593124997,1676.460593124997,1676.460593124997,1678.2583145839963,647,1,[1.797475666993705],[1.7974782919991412],nitya,"001",2025-11-06_18h18.32.798,IBT.exp,,2025.2.0,None,2025-11-06 18h18.33.045031 +0530,
0.4,1000,exp,371,11,30,space,1.320536915998673,None,376,1,[4.030988291997346],[4.030991457999335],30,11,371,10,1678.268587833998,,1678.258429374997,1678.268587833998,1679.253131833997,1679.253131833997,1679.2587043339954,1680.5773865839947,space,1.320536915998673,None,1680.5788784589968,1680.9866804166634,1681.293689166996,1681.2745047499993,1681.276681958996,1681.293689166996,1681.293689166996,1681.293689166996,1685.3249135840015,376,1,[4.030988291997346],[4.030991457999335],nitya,"001",2025-11-06_18h18.32.798,IBT.exp,,2025.2.0,None,2025-11-06 18h18.33.045031 +0530,
0.4,1000,exp,372,0,31,space,0.466586415997881,None,874,1,[1.3948703749993001],[1.394873417004419],31,0,372,10,1685.3352664170015,,1685.325032791996,1685.3352664170015,1686.3198684999952,1686.3198684999952,1686.3254687500012,1686.7882847500005,space,0.466586415997881,None,1686.7899505419991,1687.1915410006661,1687.4964237499953,1687.4794796669958,1687.481046916997,1687.4964237499953,1687.4964237499953,1687.4964237499953,1688.8915363339984,874,1,[1.3948703749993001],[1.394873417004419],nitya,"001",2025-11-06_18h18.32.798,IBT.exp,,2025.2.0,None,2025-11-06 18h18.33.045031 +0530,
0.7,1000,exp,373,1,31,space,1.0089290000032634,None,673,1,[1.160062458999164],[1.1600652919951244],31,1,373,8,1688.902023249997,,1688.8916507499962,1688.902023249997,1689.8865354590016,1689.8865354590016,1689.8924764170006,1690.904571041996,space,1.0089290000032634,None,1690.9058055839996,1691.6082766666625,1691.914545708998,1691.895996416999,1691.8973123339965,1691.914545708998,1691.914545708998,1691.914545708998,1693.0748587089984,673,1,[1.160062458999164],[1.1600652919951244],nitya,"001",2025-11-06_18h18.32.798,IBT.exp,,2025.2.0,None,2025-11-06 18h18.33.045031 +0530,
0.7,1000,exp,374,2,31,space,0.45446445800189395,None,837,1,[1.3976258329930715],[1.3976287079931353],31,2,374,5,1693.0852454589985,,1693.0749767919988,1693.0852454589985,1694.0697925419954,1694.0697925419954,1694.0743720419996,1694.5275737089978,space,0.45446445800189395,None,1694.5287616669957,1695.2366557086682,1695.5435979999966,1695.5241677089944,1695.5260818339957,1695.5435979999966,1695.5435979999966,1695.5435979999966,1696.9414686249947,837,1,[1.3976258329930715],[1.3976287079931353],nitya,"001",2025-11-06_18h18.32.798,IBT.exp,,2025.2.0,None,2025-11-06 18h18.33.045031 +0530,
0.7,400,unexp,375,3,31,space,0.4767975409995415,None,212,1,[4.115767832998245],[4.115770332995453],31,3,375,2,1696.9520918339986,,1696.9415833749954,1696.9520918339986,1697.9365198339947,1697.9365198339947,1697.9417726249958,1698.4216277499945,space,0.4767975409995415,None,1698.4228425420006,1699.1259126666666,1699.4445832919955,1699.4241804999983,1699.4260642500012,1699.4445832919955,1699.4445832919955,1699.4445832919955,1703.5606048749978,212,1,[4.115767832998245],[4.115770332995453],nitya,"001",2025-11-06_18h18.32.798,IBT.exp,,2025.2.0,None,2025-11-06 18h18.33.045031 +0530,
0.1,400,unexp,376,4,31,space,0.34461979199841153,None,333,1,[1.3306867920036893],[1.3306895420028013],31,4,376,0,1703.5685539170008,,1703.5607348749982,1703.5685539170008,1704.5594177919993,1704.5594177919993,1704.5594177919993,1704.9099464589963,space,0.34461979199841153,None,1704.9111602919947,1705.019750750664,1705.3273782499964,1705.3079457919957,1705.3101278749964,1705.3273782499964,1705.3273782499964,1705.3273782499964,1706.6583063340004,333,1,[1.3306867920036893],[1.3306895420028013],nitya,"001",2025-11-06_18h18.32.798,IBT.exp,,2025.2.0,None,2025-11-06 18h18.33.045031 +0530,
0.1,1000,exp,377,5,31,space,0.4588843750025262,None,44 ,1,[2.195472917002917],[2.1954757500061532],31,5,377,9,1706.6685582919963,,1706.6584199169956,1706.6685582919963,1707.6531971250006,1707.6531971250006,1707.658804916995,1708.1218300839973,space,0.4588843750025262,None,1708.1234875839946,1708.2244947086622,1708.529271583997,1708.511948333995,1708.5132755000013,1708.529271583997,1708.529271583997,1708.529271583997,1710.7249773340009,44 ,1,[2.195472917002917],[2.1954757500061532],nitya,"001",2025-11-06_18h18.32.798,IBT.exp,,2025.2.0,None,2025-11-06 18h18.33.045031 +0530,
0.1,1000,exp,378,6,31,space,0.3950797910001711,None,222,1,[1.2665817910019541],[1.2665843750000931],31,6,378,3,1710.7351779169985,,1710.7250922919993,1710.7351779169985,1711.7198379589972,1711.7198379589972,1711.7256656669997,1712.1221056249997,space,0.3950797910001711,None,1712.1238403749958,1712.227612541665,1712.5440200000012,1712.5245324999996,1712.526832042,1712.5440200000012,1712.5440200000012,1712.5440200000012,1713.810839124999,222,1,[1.2665817910019541],[1.2665843750000931],nitya,"001",2025-11-06_18h18.32.798,IBT.exp,,2025.2.0,None,2025-11-06 18h18.33.045031 +0530,
0.4,400,unexp,379,7,31,space,0.9725714170053834,None,333,1,[1.8277645420021145],[1.827767250004399],31,7,379,1,1713.8185662920005,,1713.8109840420002,1713.8185662920005,1714.8083263750013,1714.8083263750013,1714.8083263750013,1715.788888916999,space,0.9725714170053834,None,1715.7906362089998,1716.1908319166653,1716.4969619999974,1716.479794125,1716.481349374997,1716.4969619999974,1716.4969619999974,1716.4969619999974,1718.3249649999998,333,1,[1.8277645420021145],[1.827767250004399],nitya,"001",2025-11-06_18h18.32.798,IBT.exp,,2025.2.0,None,2025-11-06 18h18.33.045031 +0530,
0.1,1000,exp,380,8,31,space,0.6288407079991885,None,444,1,[1.3315191669971682],[1.3315217089984799],31,8,380,6,1718.335197542001,,1718.3250881669956,1718.335197542001,1719.3198931250008,1719.3198931250008,1719.3255346669976,1719.9555840839967,space,0.6288407079991885,None,1719.9576469169988,1720.0610040836657,1720.376515291995,1720.357644208998,1720.3598187499956,1720.376515291995,1720.376515291995,1720.376515291995,1721.7082660419983,444,1,[1.3315191669971682],[1.3315217089984799],nitya,"001",2025-11-06_18h18.32.798,IBT.exp,,2025.2.0,None,2025-11-06 18h18.33.045031 +0530,
0.4,1000,exp,381,9,31,space,0.5347525000033784,None,532,1,[1.3486444580048556],[1.3486474580058712],31,9,381,7,1721.7185671249972,,1721.7083873749943,1721.7185671249972,1722.7029422089981,1722.7029422089981,1722.7078117089986,1723.2432441249985,space,0.5347525000033784,None,1723.2444372089958,1723.6531171256613,1723.9593660419996,1723.9409549589982,1723.9430206670004,1723.9593660419996,1723.9593660419996,1723.9593660419996,1725.3082458749996,532,1,[1.3486444580048556],[1.3486474580058712],nitya,"001",2025-11-06_18h18.32.798,IBT.exp,,2025.2.0,None,2025-11-06 18h18.33.045031 +0530,
0.4,1000,exp,382,10,31,space,0.6642943330007256,None,294,1,[1.3284659589990042],[1.3284689170031925],31,10,382,4,1725.3186903749956,,1725.3083704589953,1725.3186903749956,1726.3033671669982,1726.3033671669982,1726.3101159169964,1726.9717480420004,space,0.6642943330007256,None,1726.9732613749948,1727.3750081256624,1727.6821408749965,1727.6629110419963,1727.6645081249953,1727.6821408749965,1727.6821408749965,1727.6821408749965,1729.0108594589983,294,1,[1.3284659589990042],[1.3284689170031925],nitya,"001",2025-11-06_18h18.32.798,IBT.exp,,2025.2.0,None,2025-11-06 18h18.33.045031 +0530,
0.7,1000,exp,383,11,31,space,0.31974516700574895,None,453,1,[2.891962166002486],[2.891965208000329],31,11,383,11,1729.0185460840003,,1729.0109732919955,1729.0185460840003,1730.008859499998,1730.008859499998,1730.008859499998,1730.3378888750012,space,0.31974516700574895,None,1730.3391605419965,1731.0406186256625,1731.3492534589968,1731.328698833997,1731.3300548339976,1731.3492534589968,1731.3492534589968,1731.3492534589968,1734.241454416995,453,1,[2.891962166002486],[2.891965208000329],nitya,"001",2025-11-06_18h18.32.798,IBT.exp,,2025.2.0,None,2025-11-06 18h18.33.045031 +0530,
0.1,1000,exp,384,0,32,space,0.4390330000023823,None,624,1,[1.547056875002454],[1.5470602499990491],32,0,384,3,1734.2518717499988,,1734.2415716249961,1734.2518717499988,1735.2363093339955,1735.2363093339955,1735.2420902499944,1735.6773697919998,space,0.4390330000023823,None,1735.6788780419956,1735.7865779586612,1736.0942677499988,1736.0745126249967,1736.0768099169945,1736.0942677499988,1736.0942677499988,1736.0942677499988,1737.641566416998,624,1,[1.547056875002454],[1.5470602499990491],nitya,"001",2025-11-06_18h18.32.798,IBT.exp,,2025.2.0,None,2025-11-06 18h18.33.045031 +0530,
0.7,1000,exp,385,1,32,space,0.9316897079988848,None,522,1,[2.008284542003821],[2.0082876250016852],32,1,385,8,1737.6518739169987,,1737.6416793749959,1737.6518739169987,1738.6366493749956,1738.6366493749956,1738.6424894169977,1739.5716940419952,space,0.9316897079988848,None,1739.573043833996,1740.2765407506633,1740.5830417499965,1740.563842167001,1740.5656875419954,1740.5830417499965,1740.5830417499965,1740.5830417499965,1742.5915673339987,522,1,[2.008284542003821],[2.0082876250016852],nitya,"001",2025-11-06_18h18.32.798,IBT.exp,,2025.2.0,None,2025-11-06 18h18.33.045031 +0530,
0.1,1000,exp,386,2,32,space,0.8407129159968463,None,726,1,[1.1418250000060652],[1.1418277500051772],32,2,386,9,1742.601896125001,,1742.5916832090006,1742.601896125001,1743.586496625001,1743.586496625001,1743.5921192499954,1744.438970999996,space,0.8407129159968463,None,1744.4406306249948,1744.5402268336659,1744.8494300419989,1744.8297793339952,1744.831325209001,1744.8494300419989,1744.8494300419989,1744.8494300419989,1745.9914954999986,726,1,[1.1418250000060652],[1.1418277500051772],nitya,"001",2025-11-06_18h18.32.798,IBT.exp,,2025.2.0,None,2025-11-06 18h18.33.045031 +0530,
0.7,1000,exp,387,3,32,space,0.45350741600123,None,863,1,[1.9307210000042687],[1.9307242909999331],32,3,387,5,1746.0018364589996,,1745.9916101249983,1746.0018364589996,1746.9865983339987,1746.9865983339987,1746.9920541669999,1747.4432070420007,space,0.45350741600123,None,1747.444465624998,1748.153565625664,1748.4607404169947,1748.4410729589945,1748.4432580840003,1748.4607404169947,1748.4607404169947,1748.4607404169947,1750.3916979589994,863,1,[1.9307210000042687],[1.9307242909999331],nitya,"001",2025-11-06_18h18.32.798,IBT.exp,,2025.2.0,None,2025-11-06 18h18.33.045031 +0530,
0.1,400,unexp,388,4,32,space,2.2725332500049262,None,726,1,[1.5616419579964713],[1.5616448750006384],32,4,388,0,1750.4018479590013,,1750.3918207089955,1750.4018479590013,1751.3863973339976,1751.3863973339976,1751.392010167001,1753.6720395839948,space,2.2725332500049262,None,1753.6740647089973,1753.773815625664,1754.0829732919956,1754.063259083996,1754.065087541996,1754.0829732919956,1754.0829732919956,1754.0829732919956,1755.6448627499994,726,1,[1.5616419579964713],[1.5616448750006384],nitya,"001",2025-11-06_18h18.32.798,IBT.exp,,2025.2.0,None,2025-11-06 18h18.33.045031 +0530,
0.7,400,unexp,389,5,32,space,3.5214271250006277,None,262,1,[1.3586710000017774],[1.3586754999996629],32,5,389,2,1755.6518264589977,,1755.6449830419951,1755.6518264589977,1756.6423025839977,1756.6423025839977,1756.6423025839977,1760.1722505840007,space,3.5214271250006277,None,1760.1739633339967,1760.8747099166615,1761.1827081250012,1761.1629243339994,1761.1646818340014,1761.1827081250012,1761.1827081250012,1761.1827081250012,1762.5416256669996,262,1,[1.3586710000017774],[1.3586754999996629],nitya,"001",2025-11-06_18h18.32.798,IBT.exp,,2025.2.0,None,2025-11-06 18h18.33.045031 +0530,
0.7,1000,exp,390,6,32,space,0.35419595900020795,None,837,1,[1.0142393749993062],[1.0142437079994124],32,6,390,11,1762.551795374995,,1762.541750708995,1762.551795374995,1763.5364799999952,1763.5364799999952,1763.5425675000006,1763.8942615839987,space,0.35419595900020795,None,1763.895678666995,1764.6032980006678,1764.9102770419995,1764.891085833995,1764.8934282089976,1764.9102770419995,1764.9102770419995,1764.9102770419995,1765.9247560840013,837,1,[1.0142393749993062],[1.0142437079994124],nitya,"001",2025-11-06_18h18.32.798,IBT.exp,,2025.2.0,None,2025-11-06 18h18.33.045031 +0530,
0.4,400,unexp,391,7,32,space,0.339846499999112,None,222,1,[1.2753929579994292],[1.2753966669988586],32,7,391,1,1765.935523125001,,1765.9248807920012,1765.935523125001,1766.9197902919987,1766.9197902919987,1766.925654958999,1767.2712112500012,space,0.339846499999112,None,1767.2725647089974,1767.6745485416652,1767.9824671249953,1767.9632327500003,1767.9648501249976,1767.9824671249953,1767.9824671249953,1767.9824671249953,1769.2581097919974,222,1,[1.2753929579994292],[1.2753966669988586],nitya,"001",2025-11-06_18h18.32.798,IBT.exp,,2025.2.0,None,2025-11-06 18h18.33.045031 +0530,
0.4,1000,exp,392,8,32,space,0.4602967079990776,None,927,1,[2.10823091599741],[2.1082338749984046],32,8,392,4,1769.2685037089977,,1769.258225999998,1769.2685037089977,1770.253227041998,1770.253227041998,1770.2599372499972,1770.7220453339978,space,0.4602967079990776,None,1770.7237772090011,1771.124963041668,1771.4331082089993,1771.4135383339963,1771.4151542499967,1771.4331082089993,1771.4331082089993,1771.4331082089993,1773.5415782499986,927,1,[2.10823091599741],[2.1082338749984046],nitya,"001",2025-11-06_18h18.32.798,IBT.exp,,2025.2.0,None,2025-11-06 18h18.33.045031 +0530,
0.1,1000,exp,393,9,32,space,0.24599599999783095,None,264,1,[2.0650838750007097],[2.0650865829957183],32,9,393,6,1773.5518163749948,,1773.5416935839967,1773.5518163749948,1774.536501124996,1774.536501124996,1774.5421330839963,1774.788642374995,space,0.24599599999783095,None,1774.7902817499998,1774.8938836256677,1775.2094073339977,1775.191054625,1775.1931616669972,1775.2094073339977,1775.2094073339977,1775.2094073339977,1777.2747327920006,264,1,[2.0650838750007097],[2.0650865829957183],nitya,"001",2025-11-06_18h18.32.798,IBT.exp,,2025.2.0,None,2025-11-06 18h18.33.045031 +0530,
0.4,1000,exp,394,10,32,space,0.9447345409935224,None,456,1,[1.626064125004632],[1.6260687920002965],32,10,394,7,1777.285206333996,,1777.274849292,1777.285206333996,1778.2697777499998,1778.2697777499998,1778.275010749996,1779.2222235839945,space,0.9447345409935224,None,1779.2237529589984,1779.6244156256619,1779.9318795,1779.9132326670006,1779.914896958995,1779.9318795,1779.9318795,1779.9318795,1781.5581972500004,456,1,[1.626064125004632],[1.6260687920002965],nitya,"001",2025-11-06_18h18.32.798,IBT.exp,,2025.2.0,None,2025-11-06 18h18.33.045031 +0530,
0.4,1000,exp,395,11,32,space,0.9632925409969175,None,273,1,[1.7596731660014484],[1.7596758750005392],32,11,395,10,1781.5685033339978,,1781.5583231249984,1781.5685033339978,1782.5530269999945,1782.5530269999945,1782.558681083996,1783.5218597919957,space,0.9632925409969175,None,1783.523806416997,1783.9248877916655,1784.2315368749987,1784.2129275420011,1784.2144847499949,1784.2315368749987,1784.2315368749987,1784.2315368749987,1785.9914552499977,273,1,[1.7596731660014484],[1.7596758750005392],nitya,"001",2025-11-06_18h18.32.798,IBT.exp,,2025.2.0,None,2025-11-06 18h18.33.045031 +0530,
0.4,1000,exp,396,0,33,space,1.9764594580046833,None,777,1,[10.996801415996742],[10.996804290996806],33,0,396,7,1786.0018249169952,,1785.9915714999952,1786.0018249169952,1786.9865579999969,1786.9865579999969,1786.9932425419975,1788.9713871669956,space,1.9764594580046833,None,1788.9726494589995,1789.3756206256623,1789.6944803340011,1789.6745107499955,1789.6764183339983,1789.6944803340011,1789.6944803340011,1789.6944803340011,1800.6915242499963,777,1,[10.996801415996742],[10.996804290996806],nitya,"001",2025-11-06_18h18.32.798,IBT.exp,,2025.2.0,None,2025-11-06 18h18.33.045031 +0530,
0.7,400,unexp,397,1,33,space,0.43923304199415725,None,817,1,[1.5335121669995715],[1.5335146670040558],33,1,397,2,1800.701776791997,,1800.691646667001,1800.701776791997,1801.6864359169995,1801.6864359169995,1801.6918543339998,1802.1271712919988,space,0.43923304199415725,None,1802.128790249997,1802.8365005416674,1803.1430327919952,1803.1245436249956,1803.1267432499953,1803.1430327919952,1803.1430327919952,1803.1430327919952,1804.6767860420005,817,1,[1.5335121669995715],[1.5335146670040558],nitya,"001",2025-11-06_18h18.32.798,IBT.exp,,2025.2.0,None,2025-11-06 18h18.33.045031 +0530,
0.1,1000,exp,398,2,33,space,0.9888477089989465,None,524,1,[3.318620291996922],[3.318622958002379],33,2,398,9,1804.6851184999978,,1804.676911292001,1804.6851184999978,1805.6697216249959,1805.6697216249959,1805.6743912919992,1806.6600455419975,space,0.9888477089989465,None,1806.6616058340005,1806.7698311666647,1807.075857333999,1807.0576753339992,1807.059822958996,1807.075857333999,1807.075857333999,1807.075857333999,1810.3947592920013,524,1,[3.318620291996922],[3.318622958002379],nitya,"001",2025-11-06_18h18.32.798,IBT.exp,,2025.2.0,None,2025-11-06 18h18.33.045031 +0530,
0.4,1000,exp,399,3,33,space,1.480431874995702,None,777,1,[4.580127833003644],[4.58013195800595],33,3,399,4,1810.4017954589945,,1810.3948915,1810.4017954589945,1811.3920257499994,1811.3920257499994,1811.3920257499994,1812.877446958999,space,1.480431874995702,None,1812.8787659999944,1813.2868936666675,1813.594412833998,1813.574525584001,1813.576898333995,1813.594412833998,1813.594412833998,1813.594412833998,1818.174771334001,777,1,[4.580127833003644],[4.58013195800595],nitya,"001",2025-11-06_18h18.32.798,IBT.exp,,2025.2.0,None,2025-11-06 18h18.33.045031 +0530,
0.7,1000,exp,400,4,33,space,0.6106387499967241,None,625,1,[3.694582915995852],[3.694585665994964],33,4,400,8,1818.1851247919985,,1818.1748934169955,1818.1851247919985,1819.1699352919968,1819.1699352919968,1819.1764539169963,1819.788768499995,space,0.6106387499967241,None,1819.7901880419959,1820.492051083664,1820.7966223339972,1820.789311333996,1820.789647958998,1820.7966223339972,1820.7966223339972,1820.7966223339972,1824.4914809170004,625,1,[3.694582915995852],[3.694585665994964],nitya,"001",2025-11-06_18h18.32.798,IBT.exp,,2025.2.0,None,2025-11-06 18h18.33.045031 +0530,
0.4,1000,exp,401,5,33,space,0.5216937079967465,None,622,1,[4.046980833001726],[4.046984125001472],33,5,401,10,1824.5017609999995,,1824.4916000839949,1824.5017609999995,1825.486407833996,1825.486407833996,1825.4920529999945,1826.0098616670002,space,0.5216937079967465,None,1826.011309124995,1826.419905625666,1826.7277820419986,1826.707999416998,1826.7102748339967,1826.7277820419986,1826.7277820419986,1826.7277820419986,1830.7750036669968,622,1,[4.046980833001726],[4.046984125001472],nitya,"001",2025-11-06_18h18.32.798,IBT.exp,,2025.2.0,None,2025-11-06 18h18.33.045031 +0530,
0.1,400,unexp,402,6,33,space,3.4530222499961383,None,666,1,[7.547516792001261],[7.547520125001029],33,6,402,0,1830.7851964590009,,1830.7751198339975,1830.7851964590009,1831.7697198749956,1831.7697198749956,1831.7764045840013,1835.2269202089956,space,3.4530222499961383,None,1835.2281440840015,1835.3364182086627,1835.6436238749957,1835.6241996249955,1835.6262458749989,1835.6436238749957,1835.6436238749957,1835.6436238749957,1843.1913696669944,666,1,[7.547516792001261],[7.547520125001029],nitya,"001",2025-11-06_18h18.32.798,IBT.exp,,2025.2.0,None,2025-11-06 18h18.33.045031 +0530,
0.7,1000,exp,403,7,33,space,0.4840670420016977,None,777,1,[1.4602380419964902],[1.4602409590006573],33,7,403,5,1843.2017536669955,,1843.191495209001,1843.2017536669955,1844.186267416997,1844.186267416997,1844.1917669169998,1844.6764682499997,space,0.4840670420016977,None,1844.6776647919978,1845.3756170416639,1845.680891541997,1845.6629342089946,1845.664812666997,1845.680891541997,1845.680891541997,1845.680891541997,1847.1413687089953,777,1,[1.4602380419964902],[1.4602409590006573],nitya,"001",2025-11-06_18h18.32.798,IBT.exp,,2025.2.0,None,2025-11-06 18h18.33.045031 +0530,
0.7,1000,exp,404,8,33,space,0.8088414170051692,None,622,1,[1.7940864590054844],[1.7940897090011276],33,8,404,11,1847.1517623339969,,1847.1414918750015,1847.1517623339969,1848.1363415419983,1848.1363415419983,1848.1416396249988,1848.9544111669966,space,0.8088414170051692,None,1848.9557536669963,1849.657783375664,1849.9637184169987,1849.9445037499972,1849.9459805840015,1849.9637184169987,1849.9637184169987,1849.9637184169987,1851.7580485419967,622,1,[1.7940864590054844],[1.7940897090011276],nitya,"001",2025-11-06_18h18.32.798,IBT.exp,,2025.2.0,None,2025-11-06 18h18.33.045031 +0530,
0.1,1000,exp,405,9,33,space,0.5400225420016795,None,871,1,[1.968639250000706],[1.9686425830004737],33,9,405,3,1851.7683972089944,,1851.7581645419996,1851.7683972089944,1852.7530917920012,1852.7530917920012,1852.759141041999,1853.3050148339971,space,0.5400225420016795,None,1853.3064533750003,1853.4112912916646,1853.7258613749946,1853.7073502499989,1853.7092448749972,1853.7258613749946,1853.7258613749946,1853.7258613749946,1855.6947529999961,871,1,[1.968639250000706],[1.9686425830004737],nitya,"001",2025-11-06_18h18.32.798,IBT.exp,,2025.2.0,None,2025-11-06 18h18.33.045031 +0530,
0.1,1000,exp,406,10,33,space,1.0101732500043,None,142,1,[1.6959508340005414],[1.6959542499971576],33,10,406,6,1855.7017377090015,,1855.6948744999972,1855.7017377090015,1856.6928427919993,1856.6928427919993,1856.6928427919993,1857.7047572500014,space,1.0101732500043,None,1857.7063212089997,1857.8072314166677,1858.1119145839984,1858.095120166996,1858.0966916249963,1858.1119145839984,1858.1119145839984,1858.1119145839984,1859.8081190839948,142,1,[1.6959508340005414],[1.6959542499971576],nitya,"001",2025-11-06_18h18.32.798,IBT.exp,,2025.2.0,None,2025-11-06 18h18.33.045031 +0530,
0.4,400,unexp,407,11,33,space,0.44588766599918017,None,626,1,[2.241883750000852],[2.241886749994592],33,11,407,1,1859.8183493339966,,1859.8082336250009,1859.8183493339966,1860.8030321670012,1860.8030321670012,1860.8088527919972,1861.2546628749988,space,0.44588766599918017,None,1861.2563571249993,1861.6583331256663,1861.9659080419951,1861.946359333997,1861.9479834999947,1861.9659080419951,1861.9659080419951,1861.9659080419951,1864.2080303339972,626,1,[2.241883750000852],[2.241886749994592],nitya,"001",2025-11-06_18h18.32.798,IBT.exp,,2025.2.0,None,2025-11-06 18h18.33.045031 +0530,
0.7,400,unexp,408,0,34,space,0.7375249579999945,None,422,1,[5.531303916002798],[5.531307208002545],34,0,408,2,1864.2183619589996,,1864.2081454590007,1864.2183619589996,1865.2031828749969,1865.2031828749969,1865.2100018749989,1865.9434339590007,space,0.7375249579999945,None,1865.9450233749958,1866.6528722086625,1866.9598549169968,1866.9408011669948,1866.9430287919968,1866.9598549169968,1866.9598549169968,1866.9598549169968,1872.4913921249972,422,1,[5.531303916002798],[5.531307208002545],nitya,"001",2025-11-06_18h18.32.798,IBT.exp,,2025.2.0,None,2025-11-06 18h18.33.045031 +0530,
0.4,400,unexp,409,1,34,space,0.6430382920007105,None,666,1,[1.9603381659981096],[1.9603409159972216],34,1,409,1,1872.5017240000016,,1872.4915150000015,1872.5017240000016,1873.486314541995,1873.486314541995,1873.4916614169997,1874.138547249997,space,0.6430382920007105,None,1874.1399570419962,1874.5410232086617,1874.8475664169964,1874.8291790419971,1874.830619208995,1874.8475664169964,1874.8475664169964,1874.8475664169964,1876.808148541997,666,1,[1.9603381659981096],[1.9603409159972216],nitya,"001",2025-11-06_18h18.32.798,IBT.exp,,2025.2.0,None,2025-11-06 18h18.33.045031 +0530,
0.4,1000,exp,410,2,34,space,1.779248832994199,None,625,1,[5.5091668750028475],[5.509170167002594],34,2,410,10,1876.8183374590008,,1876.8082639589993,1876.8183374590008,1877.803045583998,1877.803045583998,1877.8087230839956,1879.5879447920015,space,1.779248832994199,None,1879.5894021249987,1879.9919840006662,1880.2986822499952,1880.2801463750002,1880.2818228339966,1880.2986822499952,1880.2986822499952,1880.2986822499952,1885.8080912090008,625,1,[5.5091668750028475],[5.509170167002594],nitya,"001",2025-11-06_18h18.32.798,IBT.exp,,2025.2.0,None,2025-11-06 18h18.33.045031 +0530,
0.1,1000,exp,411,3,34,space,7.762000084003375,None,715,1,[1.443256584003393],[1.4432596670012572],34,3,411,6,1885.8183519589948,,1885.808209416995,1885.8183519589948,1886.8030775840016,1886.8030775840016,1886.8077909999993,1894.5718224999946,space,7.762000084003375,None,1894.5735207499965,1894.6749309166664,1894.9812311669957,1894.962617624995,1894.9641877089962,1894.9812311669957,1894.9812311669957,1894.9812311669957,1896.4247364170005,715,1,[1.443256584003393],[1.4432596670012572],nitya,"001",2025-11-06_18h18.32.798,IBT.exp,,2025.2.0,None,2025-11-06 18h18.33.045031 +0530,
0.7,1000,exp,412,4,34,space,0.5322850000011385,None,534,1,[2.1086780830009957],[2.1086809170010383],34,4,412,11,1896.4349955419966,,1896.424861749998,1896.4349955419966,1897.4195281249995,1897.4195281249995,1897.424926833999,1897.955482708996,space,0.5322850000011385,None,1897.9568750420003,1898.6574454586628,1898.9657326249944,1898.9463659999965,1898.9479057089993,1898.9657326249944,1898.9657326249944,1898.9657326249944,1901.0746583340006,534,1,[2.1086780830009957],[2.1086809170010383],nitya,"001",2025-11-06_18h18.32.798,IBT.exp,,2025.2.0,None,2025-11-06 18h18.33.045031 +0530,
0.4,1000,exp,413,5,34,space,0.3602242920023855,None,872,1,[1.5303745409983094],[1.5303788749952218],34,5,413,7,1901.084997209,,1901.0747741669984,1901.084997209,1902.0695868749972,1902.0695868749972,1902.0754387499983,1902.4378955840002,space,0.3602242920023855,None,1902.4391033749998,1902.841598416668,1903.1607241249949,1903.1408142919972,1903.144437666997,1903.1607241249949,1903.1607241249949,1903.1607241249949,1904.691338042001,872,1,[1.5303745409983094],[1.5303788749952218],nitya,"001",2025-11-06_18h18.32.798,IBT.exp,,2025.2.0,None,2025-11-06 18h18.33.045031 +0530,
0.7,1000,exp,414,6,34,space,0.4953743750011199,None,675,1,[1.2602633749993402],[1.2602662089993828],34,6,414,8,1904.7016408749987,,1904.691459499998,1904.7016408749987,1905.6863649169973,1905.6863649169973,1905.6930598339968,1906.187928291998,space,0.4953743750011199,None,1906.1896532089959,1906.8916500836679,1907.1973468340002,1907.1782512919963,1907.1797865420012,1907.1973468340002,1907.1973468340002,1907.1973468340002,1908.4578542499949,675,1,[1.2602633749993402],[1.2602662089993828],nitya,"001",2025-11-06_18h18.32.798,IBT.exp,,2025.2.0,None,2025-11-06 18h18.33.045031 +0530,
0.1,400,unexp,415,7,34,space,2.079708749995916,None,672,1,[17.144813082995825],[17.14481599999999],34,7,415,0,1908.4683145839954,,1908.4579672089967,1908.4683145839954,1909.4528744589988,1909.4528744589988,1909.4586159999963,1911.538013749996,space,2.079708749995916,None,1911.5399557919955,1911.6416050836672,1911.9487183749952,1911.9292024999959,1911.9307791669999,1911.9487183749952,1911.9487183749952,1911.9487183749952,1929.0937757919964,672,1,[17.144813082995825],[17.14481599999999],nitya,"001",2025-11-06_18h18.32.798,IBT.exp,,2025.2.0,None,2025-11-06 18h18.33.045031 +0530,
0.4,1000,exp,416,8,34,space,2.543138083005033,None,765,1,[5.1778122920004535],[5.177815249997366],34,8,416,4,1929.1016429169977,,1929.093912999997,1929.1016429169977,1930.0918419590016,1930.0918419590016,1930.0918419590016,1932.6388730839972,space,2.543138083005033,None,1932.640308916998,1933.0412642506674,1933.3466542499955,1933.3285492919968,1933.3298753749987,1933.3466542499955,1933.3466542499955,1933.3466542499955,1938.5247077919994,765,1,[5.1778122920004535],[5.177815249997366],nitya,"001",2025-11-06_18h18.32.798,IBT.exp,,2025.2.0,None,2025-11-06 18h18.33.045031 +0530,
0.1,1000,exp,417,9,34,space,0.1194749580026837,None,683,1,[7.76512987499882],[7.765132792002987],34,9,417,9,1938.5349199589982,,1938.524826959001,1938.5349199589982,1939.5195019589955,1939.5195019589955,1939.525151791997,1939.6430711669964,space,0.1194749580026837,None,1939.6445366670014,1939.7528620006672,1940.0592465000009,1940.0408148339993,1940.0429487919973,1940.0592465000009,1940.0592465000009,1940.0592465000009,1947.8246245839982,683,1,[7.76512987499882],[7.765132792002987],nitya,"001",2025-11-06_18h18.32.798,IBT.exp,,2025.2.0,None,2025-11-06 18h18.33.045031 +0530,
0.1,1000,exp,418,10,34,space,0.5468280419954681,None,635,1,[1.6416427080039284],[1.6416458750027232],34,10,418,3,1947.8349152500014,,1947.8247443750006,1947.8349152500014,1948.819677624997,1948.819677624997,1948.8260229590014,1949.3722347919975,space,0.5468280419954681,None,1949.373995834001,1949.4732531256634,1949.7827867499946,1949.7632874170013,1949.76513575,1949.7827867499946,1949.7827867499946,1949.7827867499946,1951.4246767500008,635,1,[1.6416427080039284],[1.6416458750027232],nitya,"001",2025-11-06_18h18.32.798,IBT.exp,,2025.2.0,None,2025-11-06 18h18.33.045031 +0530,
0.7,1000,exp,419,11,34,space,0.39200933299434837,None,563,1,[1.129578041996865],[1.1295811250020051],34,11,419,5,1951.434904458998,,1951.4247911669954,1951.434904458998,1952.419451458998,1952.419451458998,1952.4250819169974,1952.8210472089995,space,0.39200933299434837,None,1952.8226117499944,1953.5251685006626,1953.8280190840014,1953.8148298339947,1953.8165402919985,1953.8280190840014,1953.8280190840014,1953.8280190840014,1954.9578344999973,563,1,[1.129578041996865],[1.1295811250020051],nitya,"001",2025-11-06_18h18.32.798,IBT.exp,,2025.2.0,None,2025-11-06 18h18.33.045031 +0530,
0.4,1000,exp,420,0,35,space,0.9324189170001773,None,88,1,[2.2084489170010784],[2.2084516670001904],35,0,420,7,1954.9682539589994,,1954.957950625001,1954.9682539589994,1955.952930333995,1955.952930333995,1955.9596275000004,1956.887953833997,space,0.9324189170001773,None,1956.8893250420006,1957.2915857916635,1957.5995115839978,1957.579818416998,1957.581373000001,1957.5995115839978,1957.5995115839978,1957.5995115839978,1959.808207999995,88,1,[2.2084489170010784],[2.2084516670001904],nitya,"001",2025-11-06_18h18.32.798,IBT.exp,,2025.2.0,None,2025-11-06 18h18.33.045031 +0530,
0.7,1000,exp,421,1,35,space,2.3582940829946892,None,252,1,[0.8095420839963481],[0.8095449169995845],35,1,421,11,1959.8182468749947,,1959.808325209,1959.8182468749947,1960.8028294589967,1960.8028294589967,1960.8086521669975,1963.1710802919988,space,2.3582940829946892,None,1963.1723610420013,1963.8735207506654,1964.181379249996,1964.1652333749953,1964.1726401669948,1964.181379249996,1964.181379249996,1964.181379249996,1964.9911528749944,252,1,[0.8095420839963481],[0.8095449169995845],nitya,"001",2025-11-06_18h18.32.798,IBT.exp,,2025.2.0,None,2025-11-06 18h18.33.045031 +0530,
0.7,1000,exp,422,2,35,space,0.5318692079963512,None,888,1,[1.3442438330021105],[1.344246957996802],35,2,422,8,1965.0015652919974,,1964.9912696249958,1965.0015652919974,1965.9862750419998,1965.9862750419998,1965.9921005419965,1966.5217671249993,space,0.5318692079963512,None,1966.5235091669965,1967.2252537086645,1967.5327715839958,1967.5135680839958,1967.5151979169968,1967.5327715839958,1967.5327715839958,1967.5327715839958,1968.8772771669974,888,1,[1.3442438330021105],[1.344246957996802],nitya,"001",2025-11-06_18h18.32.798,IBT.exp,,2025.2.0,None,2025-11-06 18h18.33.045031 +0530,
0.1,1000,exp,423,3,35,space,1.7862392909955815,None,726,1,[3.742300542005978],[3.7423030840000138],35,3,423,3,1968.8848896669952,,1968.8773972089984,1968.8848896669952,1969.8757772089957,1969.8757772089957,1969.8757772089957,1971.671091749995,space,1.7862392909955815,None,1971.6727281669955,1971.7739509586647,1972.0820922919957,1972.062955083995,1972.0646863750007,1972.0820922919957,1972.0820922919957,1972.0820922919957,1975.8246373340007,726,1,[3.742300542005978],[3.7423030840000138],nitya,"001",2025-11-06_18h18.32.798,IBT.exp,,2025.2.0,None,2025-11-06 18h18.33.045031 +0530,
0.4,1000,exp,424,4,35,space,2.0031069579999894,None,723,1,[2.6474994999953196],[2.647502791995066],35,4,424,10,1975.8349495840012,,1975.8247532089954,1975.8349495840012,1976.8195332920004,1976.8195332920004,1976.8245490839981,1978.827315292001,space,2.0031069579999894,None,1978.8284989169988,1979.2362372086611,1979.5434036250008,1979.5239261669994,1979.5258280419948,1979.5434036250008,1979.5434036250008,1979.5434036250008,1982.1911441249977,723,1,[2.6474994999953196],[2.647502791995066],nitya,"001",2025-11-06_18h18.32.798,IBT.exp,,2025.2.0,None,2025-11-06 18h18.33.045031 +0530,
0.1,400,unexp,425,5,35,space,0.6293383750016801,None,872,1,[4.342910999999731],[4.342914084001677],35,5,425,0,1982.2015592089956,,1982.1912630840015,1982.2015592089956,1983.1863565839958,1983.1863565839958,1983.1923546670005,1983.8209370420009,space,0.6293383750016801,None,1983.8224024589945,1983.923490125668,1984.2314929999993,1984.2116946669994,1984.2132777919978,1984.2314929999993,1984.2314929999993,1984.2314929999993,1988.5746496669963,872,1,[4.342910999999731],[4.342914084001677],nitya,"001",2025-11-06_18h18.32.798,IBT.exp,,2025.2.0,None,2025-11-06 18h18.33.045031 +0530,
0.7,400,unexp,426,6,35,space,0.9969885839964263,None,623,1,[4.758815792003588],[4.758818708003673],35,6,426,2,1988.5849840419978,,1988.5747679169945,1988.5849840419978,1989.5695380420002,1989.5695380420002,1989.5755198339975,1990.5717054589986,space,0.9969885839964263,None,1990.5735155840011,1991.2746754166621,1991.5822307499984,1991.5632699999987,1991.5650087499962,1991.5822307499984,1991.5822307499984,1991.5822307499984,1996.3413002089947,623,1,[4.758815792003588],[4.758818708003673],nitya,"001",2025-11-06_18h18.32.798,IBT.exp,,2025.2.0,None,2025-11-06 18h18.33.045031 +0530,
0.1,1000,exp,427,7,35,space,1.9123322499945061,None,888,1,[3.691223166999407],[3.6912258750016917],35,7,427,6,1996.3515030419949,,1996.3414194169964,1996.3515030419949,1997.3361877499992,1997.3361877499992,1997.3426772919993,1999.2552165839952,space,1.9123322499945061,None,1999.2571631249957,1999.3568193336653,1999.6664215839992,1999.646069041999,1999.6476487920008,1999.6664215839992,1999.6664215839992,1999.6664215839992,2003.3578853340005,888,1,[3.691223166999407],[3.6912258750016917],nitya,"001",2025-11-06_18h18.32.798,IBT.exp,,2025.2.0,None,2025-11-06 18h18.33.045031 +0530,
0.1,1000,exp,428,8,35,space,2.041177958002663,None,836,1,[1.7922382920005475],[1.792241125003784],35,8,428,9,2003.368144084001,,2003.3579997499983,2003.368144084001,2004.353063292001,2004.353063292001,2004.3597726669977,2006.4041476669954,space,2.041177958002663,None,2006.4053618339967,2006.5039931666654,2006.815378291998,2006.796073999998,2006.7977033339994,2006.815378291998,2006.815378291998,2006.815378291998,2008.6078595419967,836,1,[1.7922382920005475],[1.792241125003784],nitya,"001",2025-11-06_18h18.32.798,IBT.exp,,2025.2.0,None,2025-11-06 18h18.33.045031 +0530,
0.4,400,unexp,429,9,35,space,1.0313559170026565,None,679,1,[2.0941570840004715],[2.0941605000043637],35,9,429,1,2008.6181861250006,,2008.6079743750015,2008.6181861250006,2009.6028246669957,2009.6028246669957,2009.6081770839955,2010.6378255839954,space,1.0313559170026565,None,2010.6395137090003,2011.041733208662,2011.346904209,2011.329542374995,2011.3323180840016,2011.346904209,2011.346904209,2011.346904209,2013.4413108750014,679,1,[2.0941570840004715],[2.0941605000043637],nitya,"001",2025-11-06_18h18.32.798,IBT.exp,,2025.2.0,None,2025-11-06 18h18.33.045031 +0530,
0.7,1000,exp,430,10,35,space,0.5357404169990332,None,736,1,[1.3278053340036422],[1.3278080840027542],35,10,430,5,2013.4514939169967,,2013.441428291997,2013.4514939169967,2014.4363259589954,2014.4363259589954,2014.4413176249946,2014.9758100420004,space,0.5357404169990332,None,2014.9770730839955,2015.675079500663,2015.9798381250002,2015.9620209589993,2015.963634833999,2015.9798381250002,2015.9798381250002,2015.9798381250002,2017.3078897089945,736,1,[1.3278053340036422],[1.3278080840027542],nitya,"001",2025-11-06_18h18.32.798,IBT.exp,,2025.2.0,None,2025-11-06 18h18.33.045031 +0530,
0.4,1000,exp,431,11,35,space,0.7811662079984671,None,836,1,[1.8089232920028735],[1.8089265000016894],35,11,431,4,2017.3181612089975,,2017.3080059999993,2017.3181612089975,2018.302913749998,2018.302913749998,2018.3087200839946,2019.088360541995,space,0.7811662079984671,None,2019.090196792,2019.4919885836682,2019.7986790419964,2019.779537167,2019.7811179169948,2019.7986790419964,2019.7986790419964,2019.7986790419964,2021.607848583997,836,1,[1.8089232920028735],[1.8089265000016894],nitya,"001",2025-11-06_18h18.32.798,IBT.exp,,2025.2.0,None,2025-11-06 18h18.33.045031 +0530,
0.1,1000,exp,432,0,36,space,0.24701945800188696,None, 725,1,[3.39791591699759],[3.3979205419964273],36,0,432,3,2021.6181745419963,,2021.6079649169988,2021.6181745419963,2022.6028304169959,2022.6028304169959,2022.6097475419956,2022.8529136669968,space,0.24701945800188696,None,2022.8538360419989,2022.9520681256656,2023.2597661249965,2023.2405104169957,2023.2428500419992,2023.2597661249965,2023.2597661249965,2023.2597661249965,2026.6579292919996, 725,1,[3.39791591699759],[3.3979205419964273],nitya,"001",2025-11-06_18h18.32.798,IBT.exp,,2025.2.0,None,2025-11-06 18h18.33.045031 +0530,
0.1,1000,exp,433,1,36,space,0.3521154589980142,None,999,1,[2.3974625840055523],[2.397465292000561],36,1,433,6,2026.668174874998,,2026.6580528749982,2026.668174874998,2027.652742541999,2027.652742541999,2027.6582469999994,2028.0109507919988,space,0.3521154589980142,None,2028.0121761670016,2028.1194544586654,2028.4268755000012,2028.4073906669946,2028.4096026670013,2028.4268755000012,2028.4268755000012,2028.4268755000012,2030.8245735839955,999,1,[2.3974625840055523],[2.397465292000561],nitya,"001",2025-11-06_18h18.32.798,IBT.exp,,2025.2.0,None,2025-11-06 18h18.33.045031 +0530,
0.4,1000,exp,434,2,36,space,1.42628862499987,None,736 ,1,[2.643836082999769],[2.6438389999966603],36,2,434,7,2030.8347875839972,,2030.8246944999992,2030.8347875839972,2031.8194828749984,2031.8194828749984,2031.8250781249953,2033.2544812499982,space,1.42628862499987,None,2033.2557072089985,2033.6579305416637,2033.963990833996,2033.946072916995,2033.947646708999,2033.963990833996,2033.963990833996,2033.963990833996,2036.6080795839953,736 ,1,[2.643836082999769],[2.6438389999966603],nitya,"001",2025-11-06_18h18.32.798,IBT.exp,,2025.2.0,None,2025-11-06 18h18.33.045031 +0530,
0.4,400,unexp,435,3,36,space,0.8345028749972698,None,726 ,1,[2.999572957996861],[2.9995759169978555],36,3,435,1,2036.6183062919954,,2036.6081940000004,2036.6183062919954,2037.6031033339968,2037.6031033339968,2037.6094902499972,2038.443893083997,space,0.8345028749972698,None,2038.4450857089978,2038.8526159586656,2039.1604502089976,2039.140820624998,2039.1430625840003,2039.1604502089976,2039.1604502089976,2039.1604502089976,2042.1602782499976,726 ,1,[2.999572957996861],[2.9995759169978555],nitya,"001",2025-11-06_18h18.32.798,IBT.exp,,2025.2.0,None,2025-11-06 18h18.33.045031 +0530,
0.7,1000,exp,436,4,36,space,0.6027047500028857,None,873,1,[1.6412800420002895],[1.6412835829978576],36,4,436,11,2042.168146291995,,2042.1603926249954,2042.168146291995,2043.1596359169998,2043.1596359169998,2043.1596359169998,2043.770773917,space,0.6027047500028857,None,2043.7720053339945,2044.4746815006622,2044.7829650839994,2044.7626429589945,2044.7643323339944,2044.7829650839994,2044.7829650839994,2044.7829650839994,2046.4244843749984,873,1,[1.6412800420002895],[1.6412835829978576],nitya,"001",2025-11-06_18h18.32.798,IBT.exp,,2025.2.0,None,2025-11-06 18h18.33.045031 +0530,
0.4,1000,exp,437,5,36,space,0.48681595800007926,None,67,1,[2.3978264999968815],[2.3978292909960146],36,5,437,4,2046.4348026669977,,2046.4246064170002,2046.4348026669977,2047.4195172499967,2047.4195172499967,2047.4258011669954,2047.9102135840003,space,0.48681595800007926,None,2047.9116676669946,2048.319363833664,2048.6263145839985,2048.607052291998,2048.608879874999,2048.6263145839985,2048.6263145839985,2048.6263145839985,2051.0243902919974,67,1,[2.3978264999968815],[2.3978292909960146],nitya,"001",2025-11-06_18h18.32.798,IBT.exp,,2025.2.0,None,2025-11-06 18h18.33.045031 +0530,
0.4,1000,exp,438,6,36,space,3.038768041995354,None,726,1,[2.0646827919990756],[2.0646855419981875],36,6,438,10,2051.035105458999,,2051.0245078340013,2051.035105458999,2052.019442208999,2052.019442208999,2052.0250640000013,2055.0601984999957,space,3.038768041995354,None,2055.0618895840016,2055.4693961666676,2055.7763103339967,2055.7574185419944,2055.759582874998,2055.7763103339967,2055.7763103339967,2055.7763103339967,2057.841240541995,726,1,[2.0646827919990756],[2.0646855419981875],nitya,"001",2025-11-06_18h18.32.798,IBT.exp,,2025.2.0,None,2025-11-06 18h18.33.045031 +0530,
0.1,400,unexp,439,7,36,space,0.7917517920068349,None,562,1,[1.7589321250052308],[1.7589353330040467],36,7,439,0,2057.8514591249987,,2057.8413587920004,2057.8514591249987,2058.836018541995,2058.836018541995,2058.841810334001,2059.6376578339987,space,0.7917517920068349,None,2059.6393593749963,2059.739841833664,2060.048692833996,2060.0298299999995,2060.031399374995,2060.048692833996,2060.048692833996,2060.048692833996,2061.807874416998,562,1,[1.7589321250052308],[1.7589353330040467],nitya,"001",2025-11-06_18h18.32.798,IBT.exp,,2025.2.0,None,2025-11-06 18h18.33.045031 +0530,
0.7,400,unexp,440,8,36,space,0.32885800000076415,None,822,1,[1.1761397919981391],[1.1761426250013756],36,8,440,2,2061.8181003749996,,2061.8079907089996,2061.8181003749996,2062.8027751670015,2062.8027751670015,2062.8088387919997,2063.137666041999,space,0.32885800000076415,None,2063.1395781249958,2063.8415088756633,2064.148068249997,2064.128702834001,2064.1302434169993,2064.148068249997,2064.148068249997,2064.148068249997,2065.324454124995,822,1,[1.1761397919981391],[1.1761426250013756],nitya,"001",2025-11-06_18h18.32.798,IBT.exp,,2025.2.0,None,2025-11-06 18h18.33.045031 +0530,
0.1,1000,exp,441,9,36,space,0.9747797499949229,None,625,1,[1.475632540998049],[1.475635291004437],36,9,441,9,2065.334838208997,,2065.3245697919992,2065.334838208997,2066.3196280839984,2066.3196280839984,2066.3263784169976,2067.3043954589957,space,0.9747797499949229,None,2067.3061468749947,2067.4075192086643,2067.7152591669947,2067.6960607500005,2067.6977478749977,2067.7152591669947,2067.7152591669947,2067.7152591669947,2069.191133374996,625,1,[1.475632540998049],[1.475635291004437],nitya,"001",2025-11-06_18h18.32.798,IBT.exp,,2025.2.0,None,2025-11-06 18h18.33.045031 +0530,
0.7,1000,exp,442,10,36,space,0.5394349160051206,None,888,1,[0.9262832909953431],[0.9262862079995102],36,10,442,5,2069.2014394590005,,2069.1912507499947,2069.2014394590005,2070.1860737919997,2070.1860737919997,2070.1917017089945,2070.7377788339945,space,0.5394349160051206,None,2070.739440708996,2071.440713833665,2071.747991917,2071.7282788749944,2071.729973124995,2071.747991917,2071.747991917,2071.747991917,2072.6745080839974,888,1,[0.9262832909953431],[0.9262862079995102],nitya,"001",2025-11-06_18h18.32.798,IBT.exp,,2025.2.0,None,2025-11-06 18h18.33.045031 +0530,
0.7,1000,exp,443,11,36,space,0.3489875410014065,None,222,1,[1.6451438750009402],[1.645147374998487],36,11,443,8,2072.6847734999974,,2072.674633208997,2072.6847734999974,2073.6694432500008,2073.6694432500008,2073.675290084,2074.022077541995,space,0.3489875410014065,None,2074.0237879169945,2074.7243493336614,2075.030011750001,2075.011073583999,2075.0124652499944,2075.030011750001,2075.030011750001,2075.030011750001,2076.6754107089946,222,1,[1.6451438750009402],[1.645147374998487],nitya,"001",2025-11-06_18h18.32.798,IBT.exp,,2025.2.0,None,2025-11-06 18h18.33.045031 +0530,
0.1,400,unexp,444,0,37,space,0.5365849169975263,None,333,1,[0.8589041250015725],[0.8589069590016152],37,0,444,0,2076.684870792,,2076.675553791996,2076.684870792,2077.675611708997,2077.675611708997,2077.675611708997,2078.2210638339966,space,0.5365849169975263,None,2078.2223865839987,2078.323262375667,2078.632027624997,2078.61234675,2078.613982791998,2078.632027624997,2078.632027624997,2078.632027624997,2079.491177208998,333,1,[0.8589041250015725],[0.8589069590016152],nitya,"001",2025-11-06_18h18.32.798,IBT.exp,,2025.2.0,None,2025-11-06 18h18.33.045031 +0530,
0.4,1000,exp,445,1,37,space,1.432001790999493,None,444,1,[2.225250542003778],[2.2252534170038416],37,1,445,10,2079.5014422089953,,2079.4912904589946,2079.5014422089953,2080.486146958996,2080.486146958996,2080.4918368340004,2081.9222509589963,space,1.432001790999493,None,2081.9246662919977,2082.325365250665,2082.632454874998,2082.612962667001,2082.614936124999,2082.632454874998,2082.632454874998,2082.632454874998,2084.8579522500004,444,1,[2.225250542003778],[2.2252534170038416],nitya,"001",2025-11-06_18h18.32.798,IBT.exp,,2025.2.0,None,2025-11-06 18h18.33.045031 +0530,
0.7,1000,exp,446,2,37,space,0.6232680000030086,None,666 ,1,[2.3246369160042377],[2.3246406660036882],37,2,446,8,2084.8680482089985,,2084.858111624999,2084.8680482089985,2085.8527908749966,2085.8527908749966,2085.8586738339945,2086.4881614589976,space,0.6232680000030086,None,2086.4898920839987,2087.1918551666645,2087.4996273340003,2087.4798465839995,2087.4814219170003,2087.4996273340003,2087.4996273340003,2087.4996273340003,2089.824497124995,666 ,1,[2.3246369160042377],[2.3246406660036882],nitya,"001",2025-11-06_18h18.32.798,IBT.exp,,2025.2.0,None,2025-11-06 18h18.33.045031 +0530,
0.1,1000,exp,447,3,37,space,0.27255575000162935,None,636,1,[2.1495302920011454],[2.1495340840046993],37,3,447,6,2089.835048916997,,2089.824620667001,2089.835048916997,2090.819398583997,2090.819398583997,2090.824822458999,2091.093273499995,space,0.27255575000162935,None,2091.094820583996,2091.1938362506667,2091.5100281669947,2091.490507499999,2091.4927223339982,2091.5100281669947,2091.5100281669947,2091.5100281669947,2093.6598141669965,636,1,[2.1495302920011454],[2.1495340840046993],nitya,"001",2025-11-06_18h18.32.798,IBT.exp,,2025.2.0,None,2025-11-06 18h18.33.045031 +0530,
0.7,1000,exp,448,4,37,space,0.42734958400251344,None,27,1,[1.1300055000028806],[1.1300084169997717],37,4,448,11,2093.668070916996,,2093.659938124998,2093.668070916996,2094.6585910419963,2094.6585910419963,2094.6585910419963,2095.088460166997,space,0.42734958400251344,None,2095.089827167001,2095.791089875664,2096.097276624998,2096.077982499999,2096.079971416999,2096.097276624998,2096.097276624998,2096.097276624998,2097.2275209590007,27,1,[1.1300055000028806],[1.1300084169997717],nitya,"001",2025-11-06_18h18.32.798,IBT.exp,,2025.2.0,None,2025-11-06 18h18.33.045031 +0530,
0.4,1000,exp,449,5,37,space,2.9310660830014967,None,888,1,[0.8817768749941024],[0.8817802499979734],37,5,449,4,2097.2347317089952,,2097.2276352919944,2097.2347317089952,2098.2246748339967,2098.2246748339967,2098.2246748339967,2101.159748416998,space,2.9310660830014967,None,2101.160963167,2101.569368416666,2101.875876416998,2101.857048166996,2101.859103416995,2101.875876416998,2101.875876416998,2101.875876416998,2102.7579052919973,888,1,[0.8817768749941024],[0.8817802499979734],nitya,"001",2025-11-06_18h18.32.798,IBT.exp,,2025.2.0,None,2025-11-06 18h18.33.045031 +0530,
0.1,1000,exp,450,6,37,space,1.4440399579980294,None,627,1,[1.5418295830022544],[1.5418327079969458],37,6,450,3,2102.7680491249994,,2102.758024374998,2102.7680491249994,2103.7525546249963,2103.7525546249963,2103.757935333997,2105.204486041999,space,1.4440399579980294,None,2105.2062414169995,2105.3066818756674,2105.615763666996,2105.596397249996,2105.5980524589977,2105.615763666996,2105.615763666996,2105.615763666996,2107.157837874998,627,1,[1.5418295830022544],[1.5418327079969458],nitya,"001",2025-11-06_18h18.32.798,IBT.exp,,2025.2.0,None,2025-11-06 18h18.33.045031 +0530,
0.7,400,unexp,451,7,37,space,0.8008812920015771,None,726,1,[1.1322794170046109],[1.1322821670037229],37,7,451,2,2107.1680407089952,,2107.1579516669954,2107.1680407089952,2108.1525684590015,2108.1525684590015,2108.1581499589956,2108.961242958998,space,0.8008812920015771,None,2108.9624757499987,2109.6694900416664,2109.9753038339986,2109.957115708996,2109.959252542001,2109.9753038339986,2109.9753038339986,2109.9753038339986,2111.1078246249963,726,1,[1.1322794170046109],[1.1322821670037229],nitya,"001",2025-11-06_18h18.32.798,IBT.exp,,2025.2.0,None,2025-11-06 18h18.33.045031 +0530,
0.4,1000,exp,452,8,37,space,0.9908322919945931,None,736,1,[1.2643017080044956],[1.2643045420045382],37,8,452,7,2111.1183714590006,,2111.107941167,2111.1183714590006,2112.102650708999,2112.102650708999,2112.108246083997,2113.104986291997,space,0.9908322919945931,None,2113.1068694589994,2113.508376041664,2113.8264323749972,2113.807120958998,2113.809427291999,2113.8264323749972,2113.8264323749972,2113.8264323749972,2115.0909804170005,736,1,[1.2643017080044956],[1.2643045420045382],nitya,"001",2025-11-06_18h18.32.798,IBT.exp,,2025.2.0,None,2025-11-06 18h18.33.045031 +0530,
0.1,1000,exp,453,9,37,space,0.4712876670018886,None,726,1,[1.3318799999979092],[1.331883500002732],37,9,453,9,2115.1013893749987,,2115.091095291995,2115.1013893749987,2116.086067666998,2116.086067666998,2116.091460042,2116.560431041995,space,0.4712876670018886,None,2116.5616167920016,2116.669337958662,2116.9757889169996,2116.957086083996,2116.9593086669993,2116.9757889169996,2116.9757889169996,2116.9757889169996,2118.307910958996,726,1,[1.3318799999979092],[1.331883500002732],nitya,"001",2025-11-06_18h18.32.798,IBT.exp,,2025.2.0,None,2025-11-06 18h18.33.045031 +0530,
0.4,400,unexp,454,10,37,space,1.4413984159982647,None,567,1,[2.192413958000543],[2.1924167499964824],37,10,454,1,2118.3180250000005,,2118.308027084,2118.3180250000005,2119.302782125,2119.302782125,2119.3090482920015,2120.7545384589976,space,1.4413984159982647,None,2120.755918709001,2121.1577622916634,2121.4652198749973,2121.445788459001,2121.4473527500013,2121.4652198749973,2121.4652198749973,2121.4652198749973,2123.657882708998,567,1,[2.192413958000543],[2.1924167499964824],nitya,"001",2025-11-06_18h18.32.798,IBT.exp,,2025.2.0,None,2025-11-06 18h18.33.045031 +0530,
0.7,1000,exp,455,11,37,space,1.7914696660009213,None,,1,[1.221130792000622],[1.2211335829997552],37,11,455,5,2123.6680255839965,,2123.6579993339983,2123.6680255839965,2124.652672541997,2124.652672541997,2124.659285249996,2126.4545443339957,space,1.7914696660009213,None,2126.4562262499967,2127.155520916666,2127.4540007920004,2127.4432858340006,2127.4448044999954,2127.4540007920004,2127.4540007920004,2127.4540007920004,2128.6753857919975,,1,[1.221130792000622],[1.2211335829997552],nitya,"001",2025-11-06_18h18.32.798,IBT.exp,,2025.2.0,None,2025-11-06 18h18.33.045031 +0530,
0.4,400,unexp,456,0,38,space,1.953731166999205,None,625,1,[0.88349224999547],[0.8834950829987065],38,0,456,1,2128.6847332089965,,2128.675502541999,2128.6847332089965,2129.669275166998,2129.669275166998,2129.675070792,2131.626345124998,space,1.953731166999205,None,2131.627609541996,2132.0359389586633,2132.3432878749954,2132.3236219169994,2132.325498499995,2132.3432878749954,2132.3432878749954,2132.3432878749954,2133.227009041999,625,1,[0.88349224999547],[0.8834950829987065],nitya,"001",2025-11-06_18h18.32.798,IBT.exp,,2025.2.0,None,2025-11-06 18h18.33.045031 +0530,
0.7,1000,exp,457,1,38,space,0.41974983300315216,None,76,1,[1.044726084001013],[1.044729749999533],38,1,457,8,2133.2346510419957,,2133.2271327499984,2133.2346510419957,2134.226212041998,2134.226212041998,2134.226212041998,2134.6547691669984,space,0.41974983300315216,None,2134.6561080419997,2135.358777625665,2135.665205541998,2135.6520344999954,2135.653400999996,2135.665205541998,2135.665205541998,2135.665205541998,2136.7101767919958,76,1,[1.044726084001013],[1.044729749999533],nitya,"001",2025-11-06_18h18.32.798,IBT.exp,,2025.2.0,None,2025-11-06 18h18.33.045031 +0530,
0.1,1000,exp,458,2,38,space,0.30607045799843036,None,827,1,[1.5933865420010989],[1.5933894999980112],38,2,458,3,2136.718008374999,,2136.7103223339946,2136.718008374999,2137.708355124996,2137.708355124996,2137.708355124996,2138.020803708998,space,0.30607045799843036,None,2138.0223095420006,2138.123390000667,2138.430892999997,2138.412028958999,2138.413596541999,2138.430892999997,2138.430892999997,2138.430892999997,2140.0245151249983,827,1,[1.5933865420010989],[1.5933894999980112],nitya,"001",2025-11-06_18h18.32.798,IBT.exp,,2025.2.0,None,2025-11-06 18h18.33.045031 +0530,
0.4,1000,exp,459,3,38,space,0.38623745800578035,None,46,1,[0.8496975420057424],[0.8497002500007511],38,3,459,7,2140.034669708999,,2140.024644500001,2140.034669708999,2141.0195189590013,2141.0195189590013,2141.024993209001,2141.4099459589997,space,0.38623745800578035,None,2141.4112021249966,2141.8194206256635,2142.1243322090013,2142.106930999995,2142.1086516669966,2142.1243322090013,2142.1243322090013,2142.1243322090013,2142.974282874995,46,1,[0.8496975420057424],[0.8497002500007511],nitya,"001",2025-11-06_18h18.32.798,IBT.exp,,2025.2.0,None,2025-11-06 18h18.33.045031 +0530,
0.4,1000,exp,460,4,38,space,1.0009782089982764,None,537,1,[1.7647163750007167],[1.7647195829995326],38,4,460,10,2142.984631416999,,2142.974410374998,2142.984631416999,2143.969395084001,2143.969395084001,2143.9760497089956,2144.9772807919944,space,1.0009782089982764,None,2144.9785278749987,2145.3863549586645,2145.692818167001,2145.673604083997,2145.6754601669963,2145.692818167001,2145.692818167001,2145.692818167001,2147.4577775419966,537,1,[1.7647163750007167],[1.7647195829995326],nitya,"001",2025-11-06_18h18.32.798,IBT.exp,,2025.2.0,None,2025-11-06 18h18.33.045031 +0530,
0.7,400,unexp,461,5,38,space,1.3908835839974927,None,727,1,[4.082463459002611],[4.082466416999523],38,5,461,2,2147.468021249995,,2147.4578907920004,2147.468021249995,2148.4526465839954,2148.4526465839954,2148.457609249999,2149.8543407920006,space,1.3908835839974927,None,2149.8563145000007,2150.5585663336647,2150.876846542,2150.8570838749947,2150.859344749995,2150.876846542,2150.876846542,2150.876846542,2154.959564208999,727,1,[4.082463459002611],[4.082466416999523],nitya,"001",2025-11-06_18h18.32.798,IBT.exp,,2025.2.0,None,2025-11-06 18h18.33.045031 +0530,
0.7,1000,exp,462,6,38,space,1.7206615420000162,None,756,1,[1.2087799590008217],[1.2087828340008855],38,6,462,11,2154.968027584,,2154.9596921669945,2154.968027584,2155.9597517090006,2155.9597517090006,2155.9597517090006,2157.6885314169995,space,1.7206615420000162,None,2157.6905479169945,2158.391070375667,2158.698749916999,2158.679225125001,2158.6807956249977,2158.698749916999,2158.698749916999,2158.698749916999,2159.907770124999,756,1,[1.2087799590008217],[1.2087828340008855],nitya,"001",2025-11-06_18h18.32.798,IBT.exp,,2025.2.0,None,2025-11-06 18h18.33.045031 +0530,
0.7,1000,exp,463,7,38,space,0.27270012500230223,None,33,1,[0.7275467080035014],[0.7275494999994407],38,7,463,5,2159.9179546250016,,2159.907893167001,2159.9179546250016,2160.902617583997,2160.902617583997,2160.9075169169955,2161.1877116670003,space,0.27270012500230223,None,2161.189285249995,2161.890534666662,2162.1964937919984,2162.1776648749947,2162.1792994169955,2162.1964937919984,2162.1964937919984,2162.1964937919984,2162.924282791995,33,1,[0.7275467080035014],[0.7275494999994407],nitya,"001",2025-11-06_18h18.32.798,IBT.exp,,2025.2.0,None,2025-11-06 18h18.33.045031 +0530,
0.1,1000,exp,464,8,38,space,0.3809284579983796,None,333 ,1,[3.8411997920047725],[3.8412031670013675],38,8,464,9,2162.9346325419974,,2162.9244221670015,2162.9346325419974,2163.9193349169946,2163.9193349169946,2163.925152625001,2164.304200916995,space,0.3809284579983796,None,2164.305996874995,2164.4064065416646,2164.716265541996,2164.6963968339987,2164.697925417,2164.716265541996,2164.716265541996,2164.716265541996,2168.5577031249995,333 ,1,[3.8411997920047725],[3.8412031670013675],nitya,"001",2025-11-06_18h18.32.798,IBT.exp,,2025.2.0,None,2025-11-06 18h18.33.045031 +0530,
0.1,400,unexp,465,9,38,space,1.4163067499976023,None,717,1,[1.6591780000017025],[1.6591813330014702],38,9,465,0,2168.5679506669985,,2168.5578261249975,2168.5679506669985,2169.5526679999966,2169.5526679999966,2169.5593877919964,2170.9709288339945,space,1.4163067499976023,None,2170.9728807499996,2171.073926750662,2171.382824041997,2171.362996584001,2171.364706333996,2171.382824041997,2171.382824041997,2171.382824041997,2173.042262666997,717,1,[1.6591780000017025],[1.6591813330014702],nitya,"001",2025-11-06_18h18.32.798,IBT.exp,,2025.2.0,None,2025-11-06 18h18.33.045031 +0530,
0.4,1000,exp,466,10,38,space,0.36751229100627825,None,853,1,[2.3305817910004407],[2.3305846250004834],38,10,466,4,2173.0513926249987,,2173.042383125001,2173.0513926249987,2174.0360286669966,2174.0360286669966,2174.042065374997,2174.4095846249984,space,0.36751229100627825,None,2174.4110660000006,2174.809006375665,2175.126992958998,2175.1074175839967,2175.1097579169946,2175.126992958998,2175.126992958998,2175.126992958998,2177.457829250001,853,1,[2.3305817910004407],[2.3305846250004834],nitya,"001",2025-11-06_18h18.32.798,IBT.exp,,2025.2.0,None,2025-11-06 18h18.33.045031 +0530,
0.1,1000,exp,467,11,38,space,0.9324528750003083,None,344,1,[1.4477205829971354],[1.4477237079991028],38,11,467,6,2177.467951958999,,2177.4579529999974,2177.467951958999,2178.4524615420014,2178.4524615420014,2178.4580134169955,2179.3881331250013,space,0.9324528750003083,None,2179.389533458998,2179.4931897916654,2179.809598916996,2179.7905252499986,2179.792794666995,2179.809598916996,2179.809598916996,2179.809598916996,2181.2575758339954,344,1,[1.4477205829971354],[1.4477237079991028],nitya,"001",2025-11-06_18h18.32.798,IBT.exp,,2025.2.0,None,2025-11-06 18h18.33.045031 +0530,
0.7,400,unexp,468,0,39,space,0.37313999999605585,None,555,1,[0.9300475420022849],[0.9300502920013969],39,0,468,2,2181.267935374999,,2181.2577007090003,2181.267935374999,2182.2526198749983,2182.2526198749983,2182.257659208997,2182.6280796249994,space,0.37313999999605585,None,2182.6291944170007,2183.3360972916676,2183.644135124996,2183.623687458996,2183.626373209001,2183.644135124996,2183.644135124996,2183.644135124996,2184.5744373749985,555,1,[0.9300475420022849],[0.9300502920013969],nitya,"001",2025-11-06_18h18.32.798,IBT.exp,,2025.2.0,None,2025-11-06 18h18.33.045031 +0530,
0.4,1000,exp,469,1,39,space,0.30245237499912037,None,666,1,[1.113956250002957],[1.1139589169979445],39,1,469,7,2184.5846001669997,,2184.5745636249994,2184.5846001669997,2185.5692217089963,2185.5692217089963,2185.5746758749956,2185.8770832090013,space,0.30245237499912037,None,2185.878289542001,2186.285969666668,2186.593447458996,2186.573646249999,2186.5759471249985,2186.593447458996,2186.593447458996,2186.593447458996,2187.7076387499983,666,1,[1.113956250002957],[1.1139589169979445],nitya,"001",2025-11-06_18h18.32.798,IBT.exp,,2025.2.0,None,2025-11-06 18h18.33.045031 +0530,
0.1,1000,exp,470,2,39,space,0.44798591699509416,None,726,1,[1.9416790420000325],[1.941681874995993],39,2,470,9,2187.718058874998,,2187.7077617499963,2187.718058874998,2188.702638584,2188.702638584,2188.7092252919974,2189.1542012919963,space,0.44798591699509416,None,2189.155821249995,2189.2564508756664,2189.5657959999953,2189.5457822499957,2189.5474208749947,2189.5657959999953,2189.5657959999953,2189.5657959999953,2191.5077077499955,726,1,[1.9416790420000325],[1.941681874995993],nitya,"001",2025-11-06_18h18.32.798,IBT.exp,,2025.2.0,None,2025-11-06 18h18.33.045031 +0530,
0.7,1000,exp,471,3,39,space,0.7337389590029488,None,677,1,[2.3262709169939626],[2.3262736249962472],39,3,471,8,2191.5179509169975,,2191.5078296249994,2191.5179509169975,2192.5027724999964,2192.5027724999964,2192.508638416999,2193.2393153749945,space,0.7337389590029488,None,2193.240201749999,2193.941187041663,2194.2477658749995,2194.229244916998,2194.2311442089995,2194.2477658749995,2194.2477658749995,2194.2477658749995,2196.574279166998,677,1,[2.3262709169939626],[2.3262736249962472],nitya,"001",2025-11-06_18h18.32.798,IBT.exp,,2025.2.0,None,2025-11-06 18h18.33.045031 +0530,
0.4,400,unexp,472,4,39,space,0.8682764999975916,None,735,1,[1.0803315419980208],[1.0803362079968792],39,4,472,1,2196.5849595839973,,2196.574400874997,2196.5849595839973,2197.5691816670005,2197.5691816670005,2197.5745414999983,2198.442772292001,space,0.8682764999975916,None,2198.4440437090016,2198.8525462916627,2199.1604820840003,2199.140522875001,2199.142705874998,2199.1604820840003,2199.1604820840003,2199.1604820840003,2200.2410746249952,735,1,[1.0803315419980208],[1.0803362079968792],nitya,"001",2025-11-06_18h18.32.798,IBT.exp,,2025.2.0,None,2025-11-06 18h18.33.045031 +0530,
0.7,1000,exp,473,5,39,space,0.5454095829991275,None,435,1,[0.877059291000478],[0.8770624579992727],39,5,473,11,2200.251232625,,2200.2411970839967,2200.251232625,2201.235934999997,2201.235934999997,2201.2415919589985,2201.7878972499966,space,0.5454095829991275,None,2201.7894796249966,2202.4918419166684,2202.799739999995,2202.7795641249977,2202.7815177919983,2202.799739999995,2202.799739999995,2202.799739999995,2203.677071209,435,1,[0.877059291000478],[0.8770624579992727],nitya,"001",2025-11-06_18h18.32.798,IBT.exp,,2025.2.0,None,2025-11-06 18h18.33.045031 +0530,
0.7,1000,exp,474,6,39,space,0.5689380000039819,None,666,1,[1.6338544169993838],[1.6338571249943925],39,6,474,5,2203.6853143749977,,2203.677215291995,2203.6853143749977,2204.675228125001,2204.675228125001,2204.675228125001,2205.2546629589997,space,0.5689380000039819,None,2205.256489458996,2205.9582159586685,2206.2734468749986,2206.256736999996,2206.258383333996,2206.2734468749986,2206.2734468749986,2206.2734468749986,2207.9075467090006,666,1,[1.6338544169993838],[1.6338571249943925],nitya,"001",2025-11-06_18h18.32.798,IBT.exp,,2025.2.0,None,2025-11-06 18h18.33.045031 +0530,
0.1,400,unexp,475,7,39,space,1.316609708002943,None,111,1,[0.9453974999996717],[0.9454009580003913],39,7,475,0,2207.917961542,,2207.907662708996,2207.917961542,2208.902541958996,2208.902541958996,2208.908407750001,2210.220833624997,space,1.316609708002943,None,2210.2224904589966,2210.323005916664,2210.628667416997,2210.6115942499964,2210.6129791669955,2210.628667416997,2210.628667416997,2210.628667416997,2211.574313541998,111,1,[0.9453974999996717],[0.9454009580003913],nitya,"001",2025-11-06_18h18.32.798,IBT.exp,,2025.2.0,None,2025-11-06 18h18.33.045031 +0530,
0.4,1000,exp,476,8,39,space,2.4458887910004705,None,222,1,[3.291933959000744],[3.2919368340008077],39,8,476,10,2211.5846254589997,,2211.5744269999996,2211.5846254589997,2212.5691342089995,2212.5691342089995,2212.574985041996,2215.0209350000005,space,2.4458887910004705,None,2215.0225985419966,2215.425128875668,2215.731967833999,2215.7126567089945,2215.714277125,2215.731967833999,2215.731967833999,2215.731967833999,2219.0241454999996,222,1,[3.291933959000744],[3.2919368340008077],nitya,"001",2025-11-06_18h18.32.798,IBT.exp,,2025.2.0,None,2025-11-06 18h18.33.045031 +0530,
0.1,1000,exp,477,9,39,space,0.4285759999984293,None,333,1,[0.8411185829972965],[0.8411212909995811],39,9,477,6,2219.0346012500013,,2219.024260209,2219.0346012500013,2220.019307124996,2220.019307124996,2220.0251849589986,2220.4546173749986,space,0.4285759999984293,None,2220.456475041996,2220.5572052506654,2220.866435083997,2220.8467755839956,2220.848683958997,2220.866435083997,2220.866435083997,2220.866435083997,2221.707803666999,333,1,[0.8411185829972965],[0.8411212909995811],nitya,"001",2025-11-06_18h18.32.798,IBT.exp,,2025.2.0,None,2025-11-06 18h18.33.045031 +0530,
0.4,1000,exp,478,10,39,space,0.8624148329981836,None,44,1,[1.781932207995851],[1.7819355409956188],39,10,478,4,2221.718036708997,,2221.7079205420014,2221.718036708997,2222.702404374999,2222.702404374999,2222.7070953340008,2223.571593208995,space,0.8624148329981836,None,2223.572950249996,2223.9743999166644,2224.2921414589946,2224.273609459,2224.275213000001,2224.2921414589946,2224.2921414589946,2224.2921414589946,2226.0743203749953,44,1,[1.781932207995851],[1.7819355409956188],nitya,"001",2025-11-06_18h18.32.798,IBT.exp,,2025.2.0,None,2025-11-06 18h18.33.045031 +0530,
0.1,1000,exp,479,11,39,space,1.69661279200227,None,555,1,[1.7080812089989195],[1.7080839589980314],39,11,479,3,2226.084609917001,,2226.0744374999995,2226.084609917001,2227.0691992919965,2227.0691992919965,2227.0752411249996,2228.770800833998,space,1.69661279200227,None,2228.7721955000015,2228.873457791666,2229.1825220839964,2229.1636212919984,2229.1653989999977,2229.1825220839964,2229.1825220839964,2229.1825220839964,2230.8908437499995,555,1,[1.7080812089989195],[1.7080839589980314],nitya,"001",2025-11-06_18h18.32.798,IBT.exp,,2025.2.0,None,2025-11-06 18h18.33.045031 +0530,
0.1,400,unexp,480,0,40,space,0.363826999993762,None,666,1,[2.7416607910054154],[2.7416637080023065],40,0,480,0,2230.9011991669977,,2230.8909723749966,2230.9011991669977,2231.8858236669985,2231.8858236669985,2231.890541333996,2232.254224958997,space,0.363826999993762,None,2232.255812042,2232.3566751666626,2232.666255416996,2232.6467506670015,2232.6486359170012,2232.666255416996,2232.666255416996,2232.666255416996,2235.4081666669954,666,1,[2.7416607910054154],[2.7416637080023065],nitya,"001",2025-11-06_18h18.32.798,IBT.exp,,2025.2.0,None,2025-11-06 18h18.33.045031 +0530,
0.4,1000,exp,481,1,40,space,0.494304915999237,None,777,1,[1.8592780420003692],[1.859280917000433],40,1,481,7,2235.417959499995,,2235.4082840420015,2235.417959499995,2236.403185916999,2236.403185916999,2236.4093249590005,2236.9049356670002,space,0.494304915999237,None,2236.9066276250014,2237.3086865006667,2237.614826124998,2237.595815542001,2237.5976244170015,2237.614826124998,2237.614826124998,2237.614826124998,2239.4743536249953,777,1,[1.8592780420003692],[1.859280917000433],nitya,"001",2025-11-06_18h18.32.798,IBT.exp,,2025.2.0,None,2025-11-06 18h18.33.045031 +0530,
0.7,1000,exp,482,2,40,space,0.6991055409962428,None,888,1,[2.025419541001611],[2.0254225000026054],40,2,482,8,2239.484552709,,2239.4744687919956,2239.484552709,2240.469189042,2240.469189042,2240.475772124999,2241.1709462500003,space,0.6991055409962428,None,2241.1723186249947,2241.874355125667,2242.1818713339962,2242.163306083996,2242.1650046249997,2242.1818713339962,2242.1818713339962,2242.1818713339962,2244.20753675,888,1,[2.025419541001611],[2.0254225000026054],nitya,"001",2025-11-06_18h18.32.798,IBT.exp,,2025.2.0,None,2025-11-06 18h18.33.045031 +0530,
0.1,1000,exp,483,3,40,space,6.16286287499679,None,777,1,[2.710547583999869],[2.710550958996464],40,3,483,6,2244.2179871249973,,2244.2076502919954,2244.2179871249973,2245.202714209001,2245.202714209001,2245.2093798339993,2251.3713895839974,space,6.16286287499679,None,2251.3728324170006,2251.473108708666,2251.7805567499963,2251.761469208999,2251.763412041997,2251.7805567499963,2251.7805567499963,2251.7805567499963,2254.4913527499957,777,1,[2.710547583999869],[2.710550958996464],nitya,"001",2025-11-06_18h18.32.798,IBT.exp,,2025.2.0,None,2025-11-06 18h18.33.045031 +0530,
0.1,1000,exp,484,4,40,space,0.5776390000028186,None,666,1,[1.842908124999667],[1.8429121669978485],40,4,484,9,2254.501325792,,2254.4914788749957,2254.501325792,2255.4859765,2255.4859765,2255.4918559169964,2256.0708244169946,space,0.5776390000028186,None,2256.0723435839973,2256.174546291663,2256.4812254589997,2256.462368208995,2256.4640809170014,2256.4812254589997,2256.4812254589997,2256.4812254589997,2258.3244044999956,666,1,[1.842908124999667],[1.8429121669978485],nitya,"001",2025-11-06_18h18.32.798,IBT.exp,,2025.2.0,None,2025-11-06 18h18.33.045031 +0530,
0.4,1000,exp,485,5,40,space,0.7839152079977794,None,555,1,[1.3643536669987952],[1.3643564169979072],40,5,485,10,2258.334940834,,2258.324526833996,2258.334940834,2259.319141,2259.319141,2259.325309125001,2260.110377541998,space,0.7839152079977794,None,2260.1115686669946,2260.5192650006616,2260.826217624999,2260.8070903339976,2260.809312958998,2260.826217624999,2260.826217624999,2260.826217624999,2262.1908062090006,555,1,[1.3643536669987952],[1.3643564169979072],nitya,"001",2025-11-06_18h18.32.798,IBT.exp,,2025.2.0,None,2025-11-06 18h18.33.045031 +0530,
0.1,1000,exp,486,6,40,space,0.5918952920037555,None,765,1,[4.459264625002106],[4.4592675829990185],40,6,486,3,2262.2011974999987,,2262.190924292001,2262.2011974999987,2263.186018166998,2263.186018166998,2263.190999624996,2263.7873306249967,space,0.5918952920037555,None,2263.7885439589954,2263.890116458668,2264.1982936669956,2264.1792238749986,2264.1807782920005,2264.1982936669956,2264.1982936669956,2264.1982936669956,2268.657808249998,765,1,[4.459264625002106],[4.4592675829990185],nitya,"001",2025-11-06_18h18.32.798,IBT.exp,,2025.2.0,None,2025-11-06 18h18.33.045031 +0530,
0.4,400,unexp,487,7,40,space,0.36617583299812395,None,876,1,[1.4767107500010752],[1.4767142909986433],40,7,487,1,2268.667849708996,,2268.6579357500013,2268.667849708996,2269.652584999996,2269.652584999996,2269.6588476670004,2270.0208720839946,space,0.36617583299812395,None,2270.0221142500013,2270.4236792086635,2270.7305482500014,2270.7114325000002,2270.7130131669983,2270.7305482500014,2270.7305482500014,2270.7305482500014,2272.2075062500007,876,1,[1.4767107500010752],[1.4767142909986433],nitya,"001",2025-11-06_18h18.32.798,IBT.exp,,2025.2.0,None,2025-11-06 18h18.33.045031 +0530,
0.4,1000,exp,488,8,40,space,1.1317561250034487,None,876,1,[2.4606382080019102],[2.4606407920000493],40,8,488,4,2272.218011416997,,2272.207621624999,2272.218011416997,2273.2029196250005,2273.2029196250005,2273.209343083996,2274.3375393339957,space,1.1317561250034487,None,2274.339164666999,2274.7410804586657,2275.048848624996,2275.0292647919996,2275.031487125001,2275.048848624996,2275.048848624996,2275.048848624996,2277.5097559169953,876,1,[2.4606382080019102],[2.4606407920000493],nitya,"001",2025-11-06_18h18.32.798,IBT.exp,,2025.2.0,None,2025-11-06 18h18.33.045031 +0530,
0.7,400,unexp,489,9,40,space,0.31954220800253097,None,456,1,[2.6429621249990305],[2.6429658330016537],40,9,489,2,2277.517864083995,,2277.5098762089983,2277.517864083995,2278.5080227500002,2278.5080227500002,2278.5080227500002,2278.8370933339975,space,0.31954220800253097,None,2278.8384336249947,2279.5409812086623,2279.8482305840007,2279.828928374998,2279.830434958996,2279.8482305840007,2279.8482305840007,2279.8482305840007,2282.4914497499994,456,1,[2.6429621249990305],[2.6429658330016537],nitya,"001",2025-11-06_18h18.32.798,IBT.exp,,2025.2.0,None,2025-11-06 18h18.33.045031 +0530,
0.7,1000,exp,490,10,40,space,0.7394854579979437,None,765,1,[2.3924778330037952],[2.3924807919975137],40,10,490,5,2282.5013118339994,,2282.491591041995,2282.5013118339994,2283.485913958997,2283.485913958997,2283.4921601249953,2284.2375806249984,space,0.7394854579979437,None,2284.239359374995,2284.940460416667,2285.2481086249973,2285.229267584,2285.2309956249956,2285.2481086249973,2285.2481086249973,2285.2481086249973,2287.6408298339957,765,1,[2.3924778330037952],[2.3924807919975137],nitya,"001",2025-11-06_18h18.32.798,IBT.exp,,2025.2.0,None,2025-11-06 18h18.33.045031 +0530,
0.7,1000,exp,491,11,40,space,0.13009141699876636,None,456,1,[0.89206204200309],[0.8920649589999812],40,11,491,11,2287.6511974999958,,2287.6409552920013,2287.6511974999958,2288.6357224999956,2288.6357224999956,2288.6415482090015,2288.7716393750015,space,0.13009141699876636,None,2288.773664041997,2289.4739759586632,2289.781937749998,2289.762378458996,2289.763987458995,2289.781937749998,2289.781937749998,2289.781937749998,2290.6742334169976,456,1,[0.89206204200309],[0.8920649589999812],nitya,"001",2025-11-06_18h18.32.798,IBT.exp,,2025.2.0,None,2025-11-06 18h18.33.045031 +0530,
0.1,400,unexp,492,0,41,space,0.4830524580029305,None,876,1,[0.8424706249934388],[0.8424736249944544],41,0,492,0,2290.6845866669973,,2290.6743568339953,2290.6845866669973,2291.6692461669954,2291.6692461669954,2291.6753062089992,2292.154366249997,space,0.4830524580029305,None,2292.156328624995,2292.2564415416678,2292.5649518749997,2292.5457990840005,2292.547401291995,2292.5649518749997,2292.5649518749997,2292.5649518749997,2293.407653999995,876,1,[0.8424706249934388],[0.8424736249944544],nitya,"001",2025-11-06_18h18.32.798,IBT.exp,,2025.2.0,None,2025-11-06 18h18.33.045031 +0530,
0.7,1000,exp,493,1,41,space,0.4108204999938607,None,345,1,[3.640799082997546],[3.6408029579979484],41,1,493,8,2293.4177599589966,,2293.407775583997,2293.4177599589966,2294.4024332919944,2294.4024332919944,2294.4079964999983,2294.821378749999,space,0.4108204999938607,None,2294.8229585839945,2295.524251750667,2295.8331903750004,2295.822905791996,2295.824451708999,2295.8331903750004,2295.8331903750004,2295.8331903750004,2299.474231166998,345,1,[3.640799082997546],[3.6408029579979484],nitya,"001",2025-11-06_18h18.32.798,IBT.exp,,2025.2.0,None,2025-11-06 18h18.33.045031 +0530,
0.1,1000,exp,494,2,41,space,0.44887491599365603,None,567,1,[1.4279077920000418],[1.427910582999175],41,2,494,9,2299.484505499997,,2299.4743603339957,2299.484505499997,2300.4692461669983,2300.4692461669983,2300.4751022919954,2300.920888916997,space,0.44887491599365603,None,2300.9224019589965,2301.0229877086645,2301.3293702500014,2301.312689499995,2301.3143042090014,2301.3293702500014,2301.3293702500014,2301.3293702500014,2302.757524542001,567,1,[1.4279077920000418],[1.427910582999175],nitya,"001",2025-11-06_18h18.32.798,IBT.exp,,2025.2.0,None,2025-11-06 18h18.33.045031 +0530,
0.4,1000,exp,495,3,41,space,0.32457241600059206,None,87,1,[0.8381283749986324],[0.8381318750034552],41,3,495,4,2302.7681752499993,,2302.7576410839974,2302.7681752499993,2303.7524477089974,2303.7524477089974,2303.7582703340013,2304.0879859169945,space,0.32457241600059206,None,2304.089908875001,2304.491013291667,2304.8026664169956,2304.7904832919958,2304.7917604589966,2304.8026664169956,2304.8026664169956,2304.8026664169956,2305.6410346669945,87,1,[0.8381283749986324],[0.8381318750034552],nitya,"001",2025-11-06_18h18.32.798,IBT.exp,,2025.2.0,None,2025-11-06 18h18.33.045031 +0530,
0.4,1000,exp,496,4,41,space,0.278902833997563,None,345,1,[1.6200506659952225],[1.620054082995921],41,4,496,10,2305.651133041996,,2305.6411488339945,2305.651133041996,2306.635847999998,2306.635847999998,2306.642537708998,2306.9214602089996,space,0.278902833997563,None,2306.922819624997,2307.324119625668,2307.6370900420006,2307.6229824589973,2307.6245975839993,2307.6370900420006,2307.6370900420006,2307.6370900420006,2309.257373291999,345,1,[1.6200506659952225],[1.620054082995921],nitya,"001",2025-11-06_18h18.32.798,IBT.exp,,2025.2.0,None,2025-11-06 18h18.33.045031 +0530,
0.7,1000,exp,497,5,41,space,0.31051212499733083,None,67 ,1,[1.406921624999086],[1.406925041002978],41,5,497,11,2309.2677830839966,,2309.2575063339973,2309.2677830839966,2310.2523909169977,2310.2523909169977,2310.256590334,2310.570592791999,space,0.31051212499733083,None,2310.5718228339974,2311.2750479586653,2311.583616584001,2311.5692154589997,2311.570484374999,2311.583616584001,2311.583616584001,2311.583616584001,2312.990769708995,67 ,1,[1.406921624999086],[1.406925041002978],nitya,"001",2025-11-06_18h18.32.798,IBT.exp,,2025.2.0,None,2025-11-06 18h18.33.045031 +0530,
0.7,1000,exp,498,6,41,space,0.4991522089985665,None,87,1,[1.1755069580030977],[1.175509749999037],41,6,498,5,2313.001120959001,,2312.990891083995,2313.001120959001,2313.985673791998,2313.985673791998,2313.9912848749955,2314.488061625001,space,0.4991522089985665,None,2314.4894370420006,2315.1913361666634,2315.4984313749956,2315.4792504590005,2315.4808397089946,2315.4984313749956,2315.4984313749956,2315.4984313749956,2316.674186999997,87,1,[1.1755069580030977],[1.175509749999037],nitya,"001",2025-11-06_18h18.32.798,IBT.exp,,2025.2.0,None,2025-11-06 18h18.33.045031 +0530,
0.1,1000,exp,499,7,41,space,0.26046720900194487,None,345,1,[3.061457083997084],[3.0614602920031757],41,7,499,3,2316.6848074590016,,2316.674304,2316.6848074590016,2317.6692518339987,2317.6692518339987,2317.6747510419955,2317.9372459590013,space,0.26046720900194487,None,2317.9384826249952,2318.0399651256635,2318.3458190839956,2318.3284975419956,2318.3300798339988,2318.3458190839956,2318.3458190839956,2318.3458190839956,2321.407514792001,345,1,[3.061457083997084],[3.0614602920031757],nitya,"001",2025-11-06_18h18.32.798,IBT.exp,,2025.2.0,None,2025-11-06 18h18.33.045031 +0530,
0.4,400,unexp,500,8,41,space,0.8091811669946765,None,678,1,[1.659390082997561],[1.6593937920042663],41,8,500,1,2321.417762541998,,2321.4076310839955,2321.417762541998,2322.4023816249974,2322.4023816249974,2322.4071640420007,2323.2208165420016,space,0.8091811669946765,None,2323.2225244169967,2323.6244283756646,2323.9311235839996,2323.9114635840015,2323.9132694169966,2323.9311235839996,2323.9311235839996,2323.9311235839996,2325.590759999999,678,1,[1.659390082997561],[1.6593937920042663],nitya,"001",2025-11-06_18h18.32.798,IBT.exp,,2025.2.0,None,2025-11-06 18h18.33.045031 +0530,
0.7,400,unexp,501,9,41,space,0.3707246249978198,None,987,1,[3.21474983299413],[3.2147532499948284],41,9,501,2,2325.601132208998,,2325.5908806669977,2325.601132208998,2326.585652249996,2326.585652249996,2326.5907227089992,2326.9590247089945,space,0.3707246249978198,None,2326.9605201250015,2327.6693165006623,2327.9757578749995,2327.9571302920012,2327.9591853339953,2327.9757578749995,2327.9757578749995,2327.9757578749995,2331.1907499590016,987,1,[3.21474983299413],[3.2147532499948284],nitya,"001",2025-11-06_18h18.32.798,IBT.exp,,2025.2.0,None,2025-11-06 18h18.33.045031 +0530,
0.4,1000,exp,502,10,41,space,0.5976659169973573,None,567,1,[1.1297176660009427],[1.129720915996586],41,10,502,7,2331.201128583998,,2331.1908667919997,2331.201128583998,2332.1856957089985,2332.1856957089985,2332.190410666997,2332.787030959,space,0.5976659169973573,None,2332.7887157919977,2333.186162833667,2333.494070458997,2333.4740952089996,2333.476576916997,2333.494070458997,2333.494070458997,2333.494070458997,2334.6240503750014,567,1,[1.1297176660009427],[1.129720915996586],nitya,"001",2025-11-06_18h18.32.798,IBT.exp,,2025.2.0,None,2025-11-06 18h18.33.045031 +0530,
0.1,1000,exp,503,11,41,space,0.6210621659993194,None,345,1,[1.4974704999985988],[1.4974733339986415],41,11,503,6,2334.6344543749947,,2334.624170709001,2334.6344543749947,2335.619146459001,2335.619146459001,2335.623963124999,2336.243036916996,space,0.6210621659993194,None,2336.2442583749944,2336.3523721256684,2336.6597028749966,2336.6402306249947,2336.6425713749995,2336.6597028749966,2336.6597028749966,2336.6597028749966,2338.157409416999,345,1,[1.4974704999985988],[1.4974733339986415],nitya,"001",2025-11-06_18h18.32.798,IBT.exp,,2025.2.0,None,2025-11-06 18h18.33.045031 +0530,
0.1,1000,exp,504,0,42,space,0.41646887499518925,None,987,1,[1.9098976250024862],[1.9099009159981506],42,0,504,3,2338.167757666997,,2338.157532917001,2338.167757666997,2339.1525740840007,2339.1525740840007,2339.1591422089987,2339.571583375,space,0.41646887499518925,None,2339.5735844169976,2339.6729913756612,2339.9804709589953,2339.9614570839985,2339.9631878750006,2339.9804709589953,2339.9804709589953,2339.9804709589953,2341.8906124169953,987,1,[1.9098976250024862],[1.9099009159981506],nitya,"001",2025-11-06_18h18.32.798,IBT.exp,,2025.2.0,None,2025-11-06 18h18.33.045031 +0530,
0.7,1000,exp,505,1,42,space,0.6180314579978585,None,554,1,[1.4663211660008528],[1.4663242079986958],42,1,505,5,2341.901064083999,,2341.8907279169944,2341.901064083999,2342.8859156670005,2342.8859156670005,2342.8925419169973,2343.510244666999,space,0.6180314579978585,None,2343.511484167,2344.219248750666,2344.526359042,2344.5071143749956,2344.5093646669993,2344.526359042,2344.526359042,2344.526359042,2345.9929368749945,554,1,[1.4663211660008528],[1.4663242079986958],nitya,"001",2025-11-06_18h18.32.798,IBT.exp,,2025.2.0,None,2025-11-06 18h18.33.045031 +0530,
0.7,1000,exp,506,2,42,space,0.6422686250007246,None,657,1,[0.9763650000022608],[0.9763680000032764],42,2,506,11,2346.0010431669944,,2345.993053209,2346.0010431669944,2346.9857327089994,2346.9857327089994,2346.992460374997,2347.637994042001,space,0.6422686250007246,None,2347.6399192499957,2348.3394924166682,2348.647550541995,2348.6286326670015,2348.6301897500016,2348.647550541995,2348.647550541995,2348.647550541995,2349.6241631250014,657,1,[0.9763650000022608],[0.9763680000032764],nitya,"001",2025-11-06_18h18.32.798,IBT.exp,,2025.2.0,None,2025-11-06 18h18.33.045031 +0530,
0.7,1000,exp,507,3,42,space,0.23382308399595786,None,978,1,[1.747211417001381],[1.7472147080043214],42,3,507,8,2349.634445291995,,2349.6242784169954,2349.634445291995,2350.6190419999984,2350.6190419999984,2350.625167499995,2350.858980416997,space,0.23382308399595786,None,2350.860340333995,2351.5690008756615,2351.8766112919984,2351.8567956670013,2351.859020083997,2351.8766112919984,2351.8766112919984,2351.8766112919984,2353.624070209,978,1,[1.747211417001381],[1.7472147080043214],nitya,"001",2025-11-06_18h18.32.798,IBT.exp,,2025.2.0,None,2025-11-06 18h18.33.045031 +0530,
0.4,1000,exp,508,4,42,space,0.559782999996969,None,45,1,[1.0116452090005623],[1.0116487920022337],42,4,508,7,2353.634391374995,,2353.624185791996,2353.634391374995,2354.6190596669985,2354.6190596669985,2354.624654667001,2355.188321834001,space,0.559782999996969,None,2355.1897312090005,2355.5898472506638,2355.8954900419994,2355.8773574169973,2355.8787584589954,2355.8954900419994,2355.8954900419994,2355.8954900419994,2356.907374958995,45,1,[1.0116452090005623],[1.0116487920022337],nitya,"001",2025-11-06_18h18.32.798,IBT.exp,,2025.2.0,None,2025-11-06 18h18.33.045031 +0530,
0.4,1000,exp,509,5,42,space,0.33539654199557845,None,456,1,[0.831822000000102],[0.8318247920033173],42,5,509,10,2356.917717958997,,2356.907495374995,2356.917717958997,2357.902323167,2357.902323167,2357.9076892090015,2358.2423807499945,space,0.33539654199557845,None,2358.2435934589957,2358.6523861666615,2358.9588367089964,2358.9402342920002,2358.9425352499966,2358.9588367089964,2358.9588367089964,2358.9588367089964,2359.790905666996,456,1,[0.831822000000102],[0.8318247920033173],nitya,"001",2025-11-06_18h18.32.798,IBT.exp,,2025.2.0,None,2025-11-06 18h18.33.045031 +0530,
0.4,400,unexp,510,6,42,space,6.870812958004535,None,765,1,[0.8151297500007786],[0.8151326250008424],42,6,510,1,2359.8010681250016,,2359.7910189589966,2359.8010681250016,2360.785871166998,2360.785871166998,2360.7916628749954,2367.6595038749947,space,6.870812958004535,None,2367.6607561249984,2368.0692665416614,2368.375310042,2368.3567732500014,2368.358804999996,2368.375310042,2368.375310042,2368.375310042,2369.1906802919984,765,1,[0.8151297500007786],[0.8151326250008424],nitya,"001",2025-11-06_18h18.32.798,IBT.exp,,2025.2.0,None,2025-11-06 18h18.33.045031 +0530,
0.1,1000,exp,511,7,42,space,0.6836429169998155,None,876,1,[3.2316568330061273],[3.2316599580008187],42,7,511,6,2369.2010553340006,,2369.190796499999,2369.2010553340006,2370.1856812920014,2370.1856812920014,2370.1912870419983,2370.876794625001,space,0.6836429169998155,None,2370.8780197919987,2370.9858533756674,2371.292157083997,2371.273655083998,2371.2753723749993,2371.292157083997,2371.292157083997,2371.292157083997,2374.524060167001,876,1,[3.2316568330061273],[3.2316599580008187],nitya,"001",2025-11-06_18h18.32.798,IBT.exp,,2025.2.0,None,2025-11-06 18h18.33.045031 +0530,
0.7,400,unexp,512,8,42,space,2.040038957995421,None,345,1,[0.7265967920029652],[0.7265995830020984],42,8,512,2,2374.534371541995,,2374.5241752919974,2374.534371541995,2375.5189678749957,2375.5189678749957,2375.5256569170015,2377.5708457919973,space,2.040038957995421,None,2377.572518834,2378.274260875664,2378.580668124996,2378.561763083999,2378.5632302089944,2378.580668124996,2378.580668124996,2378.580668124996,2379.307509541999,345,1,[0.7265967920029652],[0.7265995830020984],nitya,"001",2025-11-06_18h18.32.798,IBT.exp,,2025.2.0,None,2025-11-06 18h18.33.045031 +0530,
0.1,1000,exp,513,9,42,space,0.33455329200660344,None,23,1,[1.9809787499980303],[1.9809819579968462],42,9,513,9,2379.3177223339953,,2379.3076232499952,2379.3177223339953,2380.3023729169945,2380.3023729169945,2380.308140166999,2380.6429569169995,space,0.33455329200660344,None,2380.6441268749986,2380.7432945836667,2381.0594468339987,2381.040241249997,2381.0424513749967,2381.0594468339987,2381.0594468339987,2381.0594468339987,2383.0406755000004,23,1,[1.9809787499980303],[1.9809819579968462],nitya,"001",2025-11-06_18h18.32.798,IBT.exp,,2025.2.0,None,2025-11-06 18h18.33.045031 +0530,
0.4,1000,exp,514,10,42,space,0.6127152080007363,None,234,1,[5.209739375000936],[5.209742166996875],42,10,514,4,2383.0510425839966,,2383.040791166997,2383.0510425839966,2384.035867708997,2384.035867708997,2384.0415589999975,2384.654434708995,space,0.6127152080007363,None,2384.6562092089953,2385.0574872506663,2385.364111625,2385.345522374999,2385.347147583998,2385.364111625,2385.364111625,2385.364111625,2390.574093916999,234,1,[5.209739375000936],[5.209742166996875],nitya,"001",2025-11-06_18h18.32.798,IBT.exp,,2025.2.0,None,2025-11-06 18h18.33.045031 +0530,
0.1,400,unexp,515,11,42,space,0.41544525000063004,None,456,1,[2.1921643329988],[2.192168790999858],42,11,515,0,2390.5843352090014,,2390.5742074589944,2390.5843352090014,2391.5689412919965,2391.5689412919965,2391.574546584001,2391.9876608339982,space,0.41544525000063004,None,2391.988927416998,2392.089694083665,2392.398366208996,2392.3789364999975,2392.3804436249993,2392.398366208996,2392.398366208996,2392.398366208996,2394.5907737499947,456,1,[2.1921643329988],[2.192168790999858],nitya,"001",2025-11-06_18h18.32.798,IBT.exp,,2025.2.0,None,2025-11-06 18h18.33.045031 +0530,
0.7,1000,exp,516,0,43,space,3.0275513750020764,None,678,1,[1.0809012919999077],[1.0809039999949164],43,0,516,11,2394.6010502499994,,2394.590891959,2394.6010502499994,2395.585780417001,2395.585780417001,2395.5919517919974,2398.6206127499972,space,3.0275513750020764,None,2398.6221054589987,2399.328037833668,2399.6430385839994,2399.6234133339967,2399.625608958995,2399.6430385839994,2399.6430385839994,2399.6430385839994,2400.7241901669986,678,1,[1.0809012919999077],[1.0809039999949164],nitya,"001",2025-11-06_18h18.32.798,IBT.exp,,2025.2.0,None,2025-11-06 18h18.33.045031 +0530,
0.4,400,unexp,517,1,43,space,1.2691874169977382,None,56,1,[2.5470037080012844],[2.547006875000079],43,1,517,1,2400.734667375,,2400.724302374998,2400.734667375,2401.719049374995,2401.719049374995,2401.7257207500006,2402.993145249995,space,1.2691874169977382,None,2402.994435959001,2403.402330375666,2403.709948083997,2403.690245334001,2403.6924554169964,2403.709948083997,2403.709948083997,2403.709948083997,2406.257220333995,56,1,[2.5470037080012844],[2.547006875000079],nitya,"001",2025-11-06_18h18.32.798,IBT.exp,,2025.2.0,None,2025-11-06 18h18.33.045031 +0530,
0.7,400,unexp,518,2,43,space,0.4948238750002929,None,67,1,[1.691820583997469],[1.691824124995037],43,2,518,2,2406.267972624999,,2406.2573343749973,2406.267972624999,2407.252291334,2407.252291334,2407.257660833995,2407.7539857090014,space,0.4948238750002929,None,2407.7559726670006,2408.455865333661,2408.765276083999,2408.745530041997,2408.7470924590016,2408.765276083999,2408.765276083999,2408.765276083999,2410.4573403339964,67,1,[1.691820583997469],[1.691824124995037],nitya,"001",2025-11-06_18h18.32.798,IBT.exp,,2025.2.0,None,2025-11-06 18h18.33.045031 +0530,
0.1,400,unexp,519,3,43,space,1.0128349590013386,None,456,1,[1.7148597909981618],[1.7148634159966605],43,3,519,0,2410.4676766669945,,2410.457458291996,2410.4676766669945,2411.4521947920002,2411.4521947920002,2411.457869334001,2412.471121083996,space,1.0128349590013386,None,2412.4724729169975,2412.577148041663,2412.8923787499953,2412.873375999996,2412.8756974589996,2412.8923787499953,2412.8923787499953,2412.8923787499953,2414.607482583997,456,1,[1.7148597909981618],[1.7148634159966605],nitya,"001",2025-11-06_18h18.32.798,IBT.exp,,2025.2.0,None,2025-11-06 18h18.33.045031 +0530,
0.4,1000,exp,520,4,43,space,0.49230037500092294,None,678,1,[2.776152208993153],[2.776155749997997],43,4,520,4,2414.6176998750016,,2414.607596458998,2414.6176998750016,2415.602432624997,2415.602432624997,2415.6091588339987,2416.103770583999,space,0.49230037500092294,None,2416.104980416996,2416.508028916662,2416.8143766669964,2416.795834999997,2416.7973948340004,2416.8143766669964,2416.8143766669964,2416.8143766669964,2419.590808791996,678,1,[2.776152208993153],[2.776155749997997],nitya,"001",2025-11-06_18h18.32.798,IBT.exp,,2025.2.0,None,2025-11-06 18h18.33.045031 +0530,
0.7,1000,exp,521,5,43,space,0.7967966249998426,None,876,1,[4.425746042004903],[4.425749250003719],43,5,521,5,2419.600986917001,,2419.5909317920014,2419.600986917001,2420.5858503749987,2420.5858503749987,2420.592590208995,2421.3880329589956,space,0.7967966249998426,None,2421.390066916996,2422.0911101256684,2422.398126041997,2422.3786326249974,2422.380254291995,2422.398126041997,2422.398126041997,2422.398126041997,2426.8241215839953,876,1,[4.425746042004903],[4.425749250003719],nitya,"001",2025-11-06_18h18.32.798,IBT.exp,,2025.2.0,None,2025-11-06 18h18.33.045031 +0530,
0.4,1000,exp,522,6,43,space,1.2826455000031274,None,564,1,[2.110829958000977],[2.110833332997572],43,6,522,7,2426.834307291996,,2426.8242384170007,2426.834307291996,2427.8189291669987,2427.8189291669987,2427.8250392089976,2429.1047859999962,space,1.2826455000031274,None,2429.1065085839946,2429.508224916663,2429.812795166996,2429.805338416998,2429.8056745840004,2429.812795166996,2429.812795166996,2429.812795166996,2431.923877000001,564,1,[2.110829958000977],[2.110833332997572],nitya,"001",2025-11-06_18h18.32.798,IBT.exp,,2025.2.0,None,2025-11-06 18h18.33.045031 +0530,
0.1,1000,exp,523,7,43,space,0.464368207998632,None,986,1,[2.8759910419976222],[2.8759955419955077],43,7,523,9,2431.934337999999,,2431.923991167001,2431.934337999999,2432.9190578339985,2432.9190578339985,2432.9246647499967,2433.387285208999,space,0.464368207998632,None,2433.3886548750015,2433.489847375666,2433.7980084999945,2433.7792599589957,2433.7809002919967,2433.7980084999945,2433.7980084999945,2433.7980084999945,2436.6742440839953,986,1,[2.8759910419976222],[2.8759955419955077],nitya,"001",2025-11-06_18h18.32.798,IBT.exp,,2025.2.0,None,2025-11-06 18h18.33.045031 +0530,
0.1,1000,exp,524,8,43,space,0.7094920410017949,None,456,1,[1.1413560410001082],[1.1413593329998548],43,8,524,6,2436.6843420419973,,2436.674365250001,2436.6843420419973,2437.668911458997,2437.668911458997,2437.6743510419983,2438.3873008340015,space,0.7094920410017949,None,2438.3886429999984,2438.4896049166678,2438.7989812089945,2438.7792843749994,2438.780954834001,2438.7989812089945,2438.7989812089945,2438.7989812089945,2439.9405670839988,456,1,[1.1413560410001082],[1.1413593329998548],nitya,"001",2025-11-06_18h18.32.798,IBT.exp,,2025.2.0,None,2025-11-06 18h18.33.045031 +0530,
0.7,1000,exp,525,9,43,space,0.432557291998819,None,456,1,[1.6751933339983225],[1.6751961249974556],43,9,525,8,2439.950921249998,,2439.9406870839957,2439.950921249998,2440.935695041997,2440.935695041997,2440.942198459001,2441.3715452089964,space,0.432557291998819,None,2441.3735696669974,2442.0727605416655,2442.381790667001,2442.362398749996,2442.36403325,2442.381790667001,2442.381790667001,2442.381790667001,2444.0572271249985,456,1,[1.6751933339983225],[1.6751961249974556],nitya,"001",2025-11-06_18h18.32.798,IBT.exp,,2025.2.0,None,2025-11-06 18h18.33.045031 +0530,
0.1,1000,exp,526,10,43,space,0.3119626670013531,None,87,1,[1.092064083997684],[1.0920672919965],43,10,526,3,2444.0679866249993,,2444.057340667001,2444.0679866249993,2445.0521847089985,2445.0521847089985,2445.057179999996,2445.3707531249966,space,0.3119626670013531,None,2445.3724770420013,2445.472843458662,2445.7817624169984,2445.762400458996,2445.7639790839967,2445.7817624169984,2445.7817624169984,2445.7817624169984,2446.8740704169977,87,1,[1.092064083997684],[1.0920672919965],nitya,"001",2025-11-06_18h18.32.798,IBT.exp,,2025.2.0,None,2025-11-06 18h18.33.045031 +0530,
0.4,1000,exp,527,11,43,space,2.2702331249965937,None,87,1,[2.946728125003574],[2.9467321670017554],43,11,527,10,2446.8842987499957,,2446.8741821250005,2446.8842987499957,2447.868852708998,2447.868852708998,2447.8746625419953,2450.1432220839997,space,2.2702331249965937,None,2450.1444856249946,2450.5527117506613,2450.8603946669973,2450.840278083997,2450.842388459001,2450.8603946669973,2450.8603946669973,2450.8603946669973,2453.8073695839994,87,1,[2.946728125003574],[2.9467321670017554],nitya,"001",2025-11-06_18h18.32.798,IBT.exp,,2025.2.0,None,2025-11-06 18h18.33.045031 +0530,
0.1,1000,exp,528,0,44,space,0.5232103329981328,None,456,1,[2.4773229159982293],[2.4773260830043],44,0,528,3,2453.817592166997,,2453.807491374995,2453.817592166997,2454.8066795839986,2454.8066795839986,2454.8066795839986,2455.3376730839955,space,0.5232103329981328,None,2455.3392670839967,2455.439462666666,2455.7462588749986,2455.7274187090006,2455.7289118339977,2455.7462588749986,2455.7462588749986,2455.7462588749986,2458.2238390839993,456,1,[2.4773229159982293],[2.4773260830043],nitya,"001",2025-11-06_18h18.32.798,IBT.exp,,2025.2.0,None,2025-11-06 18h18.33.045031 +0530,
0.4,1000,exp,529,1,44,space,0.5188287920027506,None,654,1,[0.6936235000030138],[0.6936273330065887],44,1,529,7,2458.2342538749945,,2458.223956875001,2458.2342538749945,2459.219003334001,2459.219003334001,2459.225614458999,2459.741911416997,space,0.5188287920027506,None,2459.743141209001,2460.141490083665,2460.446939083995,2460.430160416996,2460.4387103339977,2460.446939083995,2460.446939083995,2460.446939083995,2461.1407958339987,654,1,[0.6936235000030138],[0.6936273330065887],nitya,"001",2025-11-06_18h18.32.798,IBT.exp,,2025.2.0,None,2025-11-06 18h18.33.045031 +0530,
0.4,400,unexp,530,2,44,space,0.26912358299887273,None,456,1,[1.1482540829965728],[1.14825700000074],44,2,530,1,2461.150995291995,,2461.1409623750005,2461.150995291995,2462.1356756669993,2462.1356756669993,2462.1417718749944,2462.4086012920015,space,0.26912358299887273,None,2462.409840374996,2462.8154924586674,2463.125376208998,2463.106496542001,2463.1084149169983,2463.125376208998,2463.125376208998,2463.125376208998,2464.273877499996,456,1,[1.1482540829965728],[1.14825700000074],nitya,"001",2025-11-06_18h18.32.798,IBT.exp,,2025.2.0,None,2025-11-06 18h18.33.045031 +0530,
0.1,1000,exp,531,3,44,space,0.28291212499607354,None,567 ,1,[3.1482647499942686],[3.148267416996532],44,3,531,6,2464.284275291997,,2464.273990709,2464.284275291997,2465.2689042499987,2465.2689042499987,2465.2738638750016,2465.554672583996,space,0.28291212499607354,None,2465.5565111670003,2465.659773750664,2465.9752822090013,2465.9564959169948,2465.9583830420015,2465.9752822090013,2465.9752822090013,2465.9752822090013,2469.1237915839956,567 ,1,[3.1482647499942686],[3.148267416996532],nitya,"001",2025-11-06_18h18.32.798,IBT.exp,,2025.2.0,None,2025-11-06 18h18.33.045031 +0530,
0.7,400,unexp,532,4,44,space,1.0989358750011888,None,987,1,[1.3430099170000176],[1.3430132919966127],44,4,532,2,2469.1342677919965,,2469.123903959,2469.1342677919965,2470.118808041996,2470.118808041996,2470.124414209,2471.2211377919957,space,1.0989358750011888,None,2471.2230692090016,2471.924173541662,2472.2307137919997,2472.212082334001,2472.2136800419976,2472.2307137919997,2472.2307137919997,2472.2307137919997,2473.5739568339995,987,1,[1.3430099170000176],[1.3430132919966127],nitya,"001",2025-11-06_18h18.32.798,IBT.exp,,2025.2.0,None,2025-11-06 18h18.33.045031 +0530,
0.1,400,unexp,533,5,44,space,0.7646805420008604,None,87,1,[1.6426047080021817],[1.6426076250063488],44,5,533,0,2473.584268583996,,2473.5740826670008,2473.584268583996,2474.568850249998,2474.568850249998,2474.5744521249944,2475.3378826670014,space,0.7646805420008604,None,2475.339271375,2475.4394878756616,2475.7477939169985,2475.7289682089977,2475.730660292,2475.7477939169985,2475.7477939169985,2475.7477939169985,2477.3906423340013,87,1,[1.6426047080021817],[1.6426076250063488],nitya,"001",2025-11-06_18h18.32.798,IBT.exp,,2025.2.0,None,2025-11-06 18h18.33.045031 +0530,
0.7,1000,exp,534,6,44,space,0.3558613749992219,None,876 ,1,[3.446669417004159],[3.4466726669998025],44,6,534,5,2477.4009785839953,,2477.390755458997,2477.4009785839953,2478.3854851669967,2478.3854851669967,2478.392165583995,2478.742958709001,space,0.3558613749992219,None,2478.7444141669985,2479.4521135836662,2479.760334916995,2479.7402781249984,2479.743166374996,2479.760334916995,2479.760334916995,2479.760334916995,2483.207274291999,876 ,1,[3.446669417004159],[3.4466726669998025],nitya,"001",2025-11-06_18h18.32.798,IBT.exp,,2025.2.0,None,2025-11-06 18h18.33.045031 +0530,
0.7,1000,exp,535,7,44,space,1.2340330419974634,None,45,1,[1.246430541999871],[1.2464341250015423],44,7,535,11,2483.217680458998,,2483.2073894999994,2483.217680458998,2484.2021716249947,2484.2021716249947,2484.2077880419965,2485.4424773749997,space,1.2340330419974634,None,2485.4436877920016,2486.1523095416674,2486.460704291996,2486.4407663749953,2486.443132458997,2486.460704291996,2486.460704291996,2486.460704291996,2487.7073741669956,45,1,[1.246430541999871],[1.2464341250015423],nitya,"001",2025-11-06_18h18.32.798,IBT.exp,,2025.2.0,None,2025-11-06 18h18.33.045031 +0530,
0.4,1000,exp,536,8,44,space,0.6151150420046179,None,67,1,[1.8097472500012373],[1.809750583001005],44,8,536,10,2487.7175583339995,,2487.707496709001,2487.7175583339995,2488.7020654590015,2488.7020654590015,2488.7081666250015,2489.3213409169985,space,0.6151150420046179,None,2489.323346291996,2489.7226588756644,2490.0306259999998,2490.0111599589945,2490.0127399589983,2490.0306259999998,2490.0306259999998,2490.0306259999998,2491.840620541996,67,1,[1.8097472500012373],[1.809750583001005],nitya,"001",2025-11-06_18h18.32.798,IBT.exp,,2025.2.0,None,2025-11-06 18h18.33.045031 +0530,
0.7,1000,exp,537,9,44,space,0.5029095419959049,None,456,1,[3.38016187500034],[3.3801646670035552],44,9,537,8,2491.8509256249963,,2491.8407533749996,2491.8509256249963,2492.835435666995,2492.835435666995,2492.8411927499983,2493.3433275419957,space,0.5029095419959049,None,2493.3445586249945,2494.0522350006618,2494.360311042001,2494.3402788749954,2494.342561833997,2494.360311042001,2494.360311042001,2494.360311042001,2497.740716499997,456,1,[3.38016187500034],[3.3801646670035552],nitya,"001",2025-11-06_18h18.32.798,IBT.exp,,2025.2.0,None,2025-11-06 18h18.33.045031 +0530,
0.1,1000,exp,538,10,44,space,0.6541399999987334,None,567 ,1,[6.931163207998907],[6.931166582995502],44,10,538,9,2497.750911541996,,2497.7408314999993,2497.750911541996,2498.735696291995,2498.735696291995,2498.7421953339945,2499.392704041995,space,0.6541399999987334,None,2499.3939132089945,2499.502390625665,2499.809176750001,2499.790282834001,2499.792409417001,2499.809176750001,2499.809176750001,2499.809176750001,2506.740575459,567 ,1,[6.931163207998907],[6.931166582995502],nitya,"001",2025-11-06_18h18.32.798,IBT.exp,,2025.2.0,None,2025-11-06 18h18.33.045031 +0530,
0.4,1000,exp,539,11,44,space,0.36720958299702033,None,87,1,[1.7147540410005604],[1.7147569579974515],44,11,539,4,2506.750946084001,,2506.740698624999,2506.750946084001,2507.7354896249963,2507.7354896249963,2507.7484224169966,2508.110363,space,0.36720958299702033,None,2508.1119293340016,2508.5188541256616,2508.8257754590013,2508.8064897090007,2508.808493999997,2508.8257754590013,2508.8257754590013,2508.8257754590013,2510.540782541997,87,1,[1.7147540410005604],[1.7147569579974515],nitya,"001",2025-11-06_18h18.32.798,IBT.exp,,2025.2.0,None,2025-11-06 18h18.33.045031 +0530,
0.4,1000,exp,540,0,45,space,0.444980125001166,None,765,1,[1.2760035829996923],[1.2760068329953356],45,0,540,4,2510.5509198750005,,2510.540895166996,2510.5509198750005,2511.535520624995,2511.535520624995,2511.5421965419955,2511.9876427089985,space,0.444980125001166,None,2511.988996084001,2512.3907315006622,2512.6976505419952,2512.6783369999976,2512.679945584001,2512.6976505419952,2512.6976505419952,2512.6976505419952,2513.9738967090016,765,1,[1.2760035829996923],[1.2760068329953356],nitya,"001",2025-11-06_18h18.32.798,IBT.exp,,2025.2.0,None,2025-11-06 18h18.33.045031 +0530,
0.7,1000,exp,541,1,45,space,0.33742275000258815,None,45,1,[0.762737457996991],[0.7627405000021099],45,1,541,5,2513.984217666999,,2513.9740107499965,2513.984217666999,2514.9688409589944,2514.9688409589944,2514.974064791997,2515.3090779589984,space,0.33742275000258815,None,2515.310771708995,2516.0188190006634,2516.327482458997,2516.306848125001,2516.308880042001,2516.327482458997,2516.327482458997,2516.327482458997,2517.090463834,45,1,[0.762737457996991],[0.7627405000021099],nitya,"001",2025-11-06_18h18.32.798,IBT.exp,,2025.2.0,None,2025-11-06 18h18.33.045031 +0530,
0.1,1000,exp,542,2,45,space,0.34897141699912027,None,234,1,[2.0079296250041807],[2.007932874999824],45,2,542,6,2517.1009597919983,,2517.090577416995,2517.1009597919983,2518.0854398750016,2518.0854398750016,2518.091039916995,2518.4371324999956,space,0.34897141699912027,None,2518.438582249997,2518.5393561666683,2518.849165583997,2518.829284749998,2518.830856834,2518.849165583997,2518.849165583997,2518.849165583997,2520.857457416998,234,1,[2.0079296250041807],[2.007932874999824],nitya,"001",2025-11-06_18h18.32.798,IBT.exp,,2025.2.0,None,2025-11-06 18h18.33.045031 +0530,
0.1,1000,exp,543,3,45,space,0.5041355830035172,None,456,1,[2.09865395900124],[2.0986575839997386],45,3,543,9,2520.867505916998,,2520.857580124997,2520.867505916998,2521.8521843339986,2521.8521843339986,2521.858006083996,2522.3606136669987,space,0.5041355830035172,None,2522.3618777500014,2522.4688650006615,2522.7760602089984,2522.756524833996,2522.758776625,2522.7760602089984,2522.7760602089984,2522.7760602089984,2524.874968999997,456,1,[2.09865395900124],[2.0986575839997386],nitya,"001",2025-11-06_18h18.32.798,IBT.exp,,2025.2.0,None,2025-11-06 18h18.33.045031 +0530,
0.7,400,unexp,544,4,45,space,2.0263963749966933,None,765,1,[1.4086204580016783],[1.4086240410033497],45,4,544,2,2524.884288041998,,2524.875121541998,2524.884288041998,2525.8688031249985,2525.8688031249985,2525.8736395419983,2527.903688624996,space,2.0263963749966933,None,2527.9048106670016,2528.6072277086682,2528.9150834999964,2528.895856791998,2528.897545791995,2528.9150834999964,2528.9150834999964,2528.9150834999964,2530.3239511669963,765,1,[1.4086204580016783],[1.4086240410033497],nitya,"001",2025-11-06_18h18.32.798,IBT.exp,,2025.2.0,None,2025-11-06 18h18.33.045031 +0530,
0.4,1000,exp,545,5,45,space,0.44517995799833443,None,999,1,[1.398722624995571],[1.3987259169953177],45,5,545,10,2530.3341691249952,,2530.324076208999,2530.3341691249952,2531.3189381249977,2531.3189381249977,2531.324539166999,2531.771131624999,space,0.44517995799833443,None,2531.7724727919995,2532.174315208668,2532.4915589589946,2532.4730923339957,2532.474904458999,2532.4915589589946,2532.4915589589946,2532.4915589589946,2533.8905189169964,999,1,[1.398722624995571],[1.3987259169953177],nitya,"001",2025-11-06_18h18.32.798,IBT.exp,,2025.2.0,None,2025-11-06 18h18.33.045031 +0530,
0.1,1000,exp,546,6,45,space,0.544565958000021,None,876,1,[1.1930934999982128],[1.1930963330014492],45,6,546,3,2533.900857624998,,2533.8906432500007,2533.900857624998,2534.8854434589957,2534.8854434589957,2534.8904532919987,2535.4371655419964,space,0.544565958000021,None,2535.438686041998,2535.540363541663,2535.8471062089957,2535.828044834001,2535.829617874995,2535.8471062089957,2535.8471062089957,2535.8471062089957,2537.040447583997,876,1,[1.1930934999982128],[1.1930963330014492],nitya,"001",2025-11-06_18h18.32.798,IBT.exp,,2025.2.0,None,2025-11-06 18h18.33.045031 +0530,
0.7,1000,exp,547,7,45,space,0.47836950000055367,None,754,1,[2.2426973749970784],[2.2427010829997016],45,7,547,11,2537.0508520840012,,2537.0405607499997,2537.0508520840012,2538.0354799169945,2538.0354799169945,2538.0415229169957,2538.5206169589947,space,0.47836950000055367,None,2538.5222114169956,2539.2245897506623,2539.530979958996,2539.5121185419994,2539.513695417001,2539.530979958996,2539.530979958996,2539.530979958996,2541.7739242499956,754,1,[2.2426973749970784],[2.2427010829997016],nitya,"001",2025-11-06_18h18.32.798,IBT.exp,,2025.2.0,None,2025-11-06 18h18.33.045031 +0530,
0.7,1000,exp,548,8,45,space,0.4568610000060289,None,888,1,[1.0581985419994453],[1.0582022500020685],45,8,548,8,2541.7841364589985,,2541.774040708995,2541.7841364589985,2542.7688479999997,2542.7688479999997,2542.775752374997,2543.238011166999,space,0.4568610000060289,None,2543.239630666998,2543.9400026666667,2544.2489212500004,2544.228998708997,2544.230786084001,2544.2489212500004,2544.2489212500004,2544.2489212500004,2545.3073681669994,888,1,[1.0581985419994453],[1.0582022500020685],nitya,"001",2025-11-06_18h18.32.798,IBT.exp,,2025.2.0,None,2025-11-06 18h18.33.045031 +0530,
0.4,400,unexp,549,9,45,space,0.7813875000065309,None,999,1,[0.9653584999978193],[0.9653613330010558],45,9,549,1,2545.317510708999,,2545.3074823339994,2545.317510708999,2546.302338499998,2546.302338499998,2546.308636458998,2547.0872877919974,space,0.7813875000065309,None,2547.0887217499985,2547.4918682916655,2547.8083068749984,2547.7899471249984,2547.791782542001,2547.8083068749984,2547.8083068749984,2547.8083068749984,2548.7739109589966,999,1,[0.9653584999978193],[0.9653613330010558],nitya,"001",2025-11-06_18h18.32.798,IBT.exp,,2025.2.0,None,2025-11-06 18h18.33.045031 +0530,
0.1,400,unexp,550,10,45,space,0.44802887499827193,None,888,1,[1.2919850420003058],[1.2919879580003908],45,10,550,0,2548.7841762499957,,2548.7740270840004,2548.7841762499957,2549.768703624999,2549.768703624999,2549.7741231249965,2550.2210393749992,space,0.44802887499827193,None,2550.2227204999945,2550.322982458664,2550.631569500001,2550.6124139589956,2550.614024124996,2550.631569500001,2550.631569500001,2550.631569500001,2551.9237956669967,888,1,[1.2919850420003058],[1.2919879580003908],nitya,"001",2025-11-06_18h18.32.798,IBT.exp,,2025.2.0,None,2025-11-06 18h18.33.045031 +0530,
0.4,1000,exp,551,11,45,space,0.45825616599904606,None,766,1,[1.025603999994928],[1.0256071670009987],45,11,551,7,2551.934247917001,,2551.923914166997,2551.934247917001,2552.9187401669988,2552.9187401669988,2552.925121166998,2553.3877426670006,space,0.45825616599904606,None,2553.3891452919997,2553.7908889586656,2554.097943708999,2554.0792417919947,2554.080956334001,2554.097943708999,2554.097943708999,2554.097943708999,2555.1237944589957,766,1,[1.025603999994928],[1.0256071670009987],nitya,"001",2025-11-06_18h18.32.798,IBT.exp,,2025.2.0,None,2025-11-06 18h18.33.045031 +0530,
0.4,400,unexp,552,0,46,space,1.1475713750041905,None,999,1,[1.4595853330029058],[1.4595882080029696],46,0,552,1,2555.1341256669984,,2555.1239107919973,2555.1341256669984,2556.118861709001,2556.118861709001,2556.125347166999,2557.2703580419984,space,1.1475713750041905,None,2557.2717057499976,2557.6740630836616,2557.9807289169985,2557.9621011249983,2557.9636538339983,2557.9807289169985,2557.9807289169985,2557.9807289169985,2559.4405494999955,999,1,[1.4595853330029058],[1.4595882080029696],nitya,"001",2025-11-06_18h18.32.798,IBT.exp,,2025.2.0,None,2025-11-06 18h18.33.045031 +0530,
0.4,1000,exp,553,1,46,space,0.9449514579973766,None,999,1,[2.475901833997341],[2.4759048339983565],46,1,553,7,2559.4508372499986,,2559.4406728339964,2559.4508372499986,2560.435395542001,2560.435395542001,2560.4422875419987,2561.387534499998,space,0.9449514579973766,None,2561.3892213750005,2561.7908830836645,2562.097633666999,2562.0790123749975,2562.080834417,2562.097633666999,2562.097633666999,2562.097633666999,2564.573782667001,999,1,[2.475901833997341],[2.4759048339983565],nitya,"001",2025-11-06_18h18.32.798,IBT.exp,,2025.2.0,None,2025-11-06 18h18.33.045031 +0530,
0.7,1000,exp,554,2,46,space,0.19748666699888417,None,777,1,[1.15970729199762],[1.1597105840046424],46,2,554,5,2564.5841092089977,,2564.5738963339973,2564.5841092089977,2565.5687784589973,2565.5687784589973,2565.575526208995,2565.7709335839972,space,0.19748666699888417,None,2565.772367708996,2566.473740916667,2566.7805073749987,2566.760877916997,2566.7628431249977,2566.7805073749987,2566.7805073749987,2566.7805073749987,2567.940459833997,777,1,[1.15970729199762],[1.1597105840046424],nitya,"001",2025-11-06_18h18.32.798,IBT.exp,,2025.2.0,None,2025-11-06 18h18.33.045031 +0530,
0.1,1000,exp,555,3,46,space,0.484730625001248,None,777,1,[4.500461124996946],[4.500464416996692],46,3,555,6,2567.950827916997,,2567.9405732919986,2567.950827916997,2568.935451708996,2568.935451708996,2568.9412917090012,2569.425107916999,space,0.484730625001248,None,2569.4263555840007,2569.526568416663,2569.8429838749944,2569.823069041995,2569.824940458995,2569.8429838749944,2569.8429838749944,2569.8429838749944,2574.3436989999973,777,1,[4.500461124996946],[4.500464416996692],nitya,"001",2025-11-06_18h18.32.798,IBT.exp,,2025.2.0,None,2025-11-06 18h18.33.045031 +0530,
0.7,400,unexp,556,4,46,space,1.5720483750046697,None,876,1,[3.292607625000528],[3.2926110840053298],46,4,556,2,2574.350816541999,,2574.343823833995,2574.350816541999,2575.3419754999995,2575.3419754999995,2575.3419754999995,2576.920580375001,space,1.5720483750046697,None,2576.921961084001,2577.623570666667,2577.9309795839945,2577.9121075000003,2577.9136671669985,2577.9309795839945,2577.9309795839945,2577.9309795839945,2581.2238329589964,876,1,[3.292607625000528],[3.2926110840053298],nitya,"001",2025-11-06_18h18.32.798,IBT.exp,,2025.2.0,None,2025-11-06 18h18.33.045031 +0530,
0.7,1000,exp,557,5,46,space,0.7660969169955933,None,88,1,[2.55904683299741],[2.5590496669974527],46,5,557,8,2581.2340818749944,,2581.2239472919973,2581.2340818749944,2582.218771959,2582.218771959,2582.2242823749984,2582.9871039169957,space,0.7660969169955933,None,2582.988711291997,2583.690123416662,2583.9978454999946,2583.978981417,2583.9806060839983,2583.9978454999946,2583.9978454999946,2583.9978454999946,2586.5571289169966,88,1,[2.55904683299741],[2.5590496669974527],nitya,"001",2025-11-06_18h18.32.798,IBT.exp,,2025.2.0,None,2025-11-06 18h18.33.045031 +0530,
0.7,1000,exp,558,6,46,space,1.0027455000017653,None,999,1,[1.248888458001602],[1.248892124996928],46,6,558,11,2586.567442874999,,2586.557251291997,2586.567442874999,2587.5520442089983,2587.5520442089983,2587.5578255,2588.5587851249948,space,1.0027455000017653,None,2588.559998208999,2589.268840166664,2589.574789583996,2589.5565492089954,2589.5587249169985,2589.574789583996,2589.574789583996,2589.574789583996,2590.8239259170005,999,1,[1.248888458001602],[1.248892124996928],nitya,"001",2025-11-06_18h18.32.798,IBT.exp,,2025.2.0,None,2025-11-06 18h18.33.045031 +0530,
0.4,1000,exp,559,7,46,space,0.4891444169988972,None,666,1,[1.8306187080015661],[1.8306218330035335],46,7,559,10,2590.8340623339973,,2590.8240442089955,2590.8340623339973,2591.818673709,2591.818673709,2591.8242701249983,2592.3094895839968,space,0.4891444169988972,None,2592.31069975,2592.7188293336626,2593.026338208998,2593.006557749999,2593.008798416995,2593.026338208998,2593.026338208998,2593.026338208998,2594.857204084001,666,1,[1.8306187080015661],[1.8306218330035335],nitya,"001",2025-11-06_18h18.32.798,IBT.exp,,2025.2.0,None,2025-11-06 18h18.33.045031 +0530,
0.1,400,unexp,560,8,46,space,1.5863925839948934,None,888,1,[2.8812580840021838],[2.881260875001317],46,8,560,0,2594.8674002920015,,2594.857316124995,2594.8674002920015,2595.852151542,2595.852151542,2595.858847167001,2597.4421496249997,space,1.5863925839948934,None,2597.443339999998,2597.5520533336644,2597.858983499995,2597.8395906669975,2597.8410643339957,2597.858983499995,2597.858983499995,2597.858983499995,2600.7404858340014,888,1,[2.8812580840021838],[2.881260875001317],nitya,"001",2025-11-06_18h18.32.798,IBT.exp,,2025.2.0,None,2025-11-06 18h18.33.045031 +0530,
0.4,1000,exp,561,9,46,space,0.24797458299872233,None,777,1,[1.3590918330010027],[1.359095250001701],46,9,561,4,2600.7507452499995,,2600.7405997089954,2600.7507452499995,2601.73535825,2601.73535825,2601.7420722499955,2601.987076833997,space,0.24797458299872233,None,2601.9884794169993,2602.3910014166654,2602.697696874995,2602.678793125,2602.6803541249974,2602.697696874995,2602.697696874995,2602.697696874995,2604.057036624996,777,1,[1.3590918330010027],[1.359095250001701],nitya,"001",2025-11-06_18h18.32.798,IBT.exp,,2025.2.0,None,2025-11-06 18h18.33.045031 +0530,
0.1,1000,exp,562,10,46,space,2.101034667000931,None,999,1,[1.7137348329997621],[1.7137381249995087],46,10,562,3,2604.0674093749985,,2604.0571496249977,2604.0674093749985,2605.0521702920014,2605.0521702920014,2605.0584192499955,2607.1587434999965,space,2.101034667000931,None,2607.1599683339955,2607.2608949166647,2607.5764927919954,2607.556848084001,2607.5590440000014,2607.5764927919954,2607.5764927919954,2607.5764927919954,2609.290477167,999,1,[1.7137348329997621],[1.7137381249995087],nitya,"001",2025-11-06_18h18.32.798,IBT.exp,,2025.2.0,None,2025-11-06 18h18.33.045031 +0530,
0.1,1000,exp,563,11,46,space,1.2900547919998644,None,666,1,[1.4754750419961056],[1.4754777499983902],46,11,563,9,2609.300708541996,,2609.2905917499957,2609.300708541996,2610.285261166995,2610.285261166995,2610.2897888340012,2611.5868259169947,space,1.2900547919998644,None,2611.5882808339957,2611.6899477916636,2611.998097291995,2611.9789778749982,2611.980581083997,2611.998097291995,2611.998097291995,2611.998097291995,2613.473823166998,666,1,[1.4754750419961056],[1.4754777499983902],nitya,"001",2025-11-06_18h18.32.798,IBT.exp,,2025.2.0,None,2025-11-06 18h18.33.045031 +0530,
0.7,1000,exp,564,0,47,space,0.08043933299632045,None,577,1,[2.392704624995531],[2.392707999999402],47,0,564,8,2613.4840908749975,,2613.473936999995,2613.4840908749975,2614.468675666998,2614.468675666998,2614.4734404170013,2614.5540403339983,space,0.08043933299632045,None,2614.5554697089974,2615.2560249586645,2615.563898624998,2615.5446128339972,2615.5461650840007,2615.563898624998,2615.563898624998,2615.563898624998,2617.956838499995,577,1,[2.392704624995531],[2.392707999999402],nitya,"001",2025-11-06_18h18.32.798,IBT.exp,,2025.2.0,None,2025-11-06 18h18.33.045031 +0530,
0.1,400,unexp,565,1,47,space,0.6110509580030339,None,888,1,[2.2461967500057654],[2.2462002500033122],47,1,565,0,2617.967385291995,,2617.956960124997,2617.967385291995,2618.9519775839944,2618.9519775839944,2618.9586350839963,2619.570699584001,space,0.6110509580030339,None,2619.572177834001,2619.672803708662,2619.977804958995,2619.9608477090005,2619.9621761669987,2619.977804958995,2619.977804958995,2619.977804958995,2622.224278249996,888,1,[2.2461967500057654],[2.2462002500033122],nitya,"001",2025-11-06_18h18.32.798,IBT.exp,,2025.2.0,None,2025-11-06 18h18.33.045031 +0530,
0.7,1000,exp,566,2,47,space,0.4599915829967358,None,666,1,[2.6479172079998534],[2.6479210409961524],47,2,566,5,2622.2340799999947,,2622.224407709,2622.2340799999947,2623.218926583999,2623.218926583999,2623.2240513340003,2623.686936334001,space,0.4599915829967358,None,2623.6883206669954,2624.3913290836613,2624.70892225,2624.6899772089964,2624.692209834,2624.70892225,2624.70892225,2624.70892225,2627.357120374996,666,1,[2.6479172079998534],[2.6479210409961524],nitya,"001",2025-11-06_18h18.32.798,IBT.exp,,2025.2.0,None,2025-11-06 18h18.33.045031 +0530,
0.1,1000,exp,567,3,47,space,2.828740375000052,None,655,1,[2.695016666999436],[2.6950199589991826],47,3,567,3,2627.3674117919945,,2627.357251417001,2627.3674117919945,2628.352045749998,2628.352045749998,2628.3579932499997,2631.1869396249967,space,2.828740375000052,None,2631.1886377499977,2631.289596708663,2631.595220791998,2631.577896249997,2631.579489416996,2631.595220791998,2631.595220791998,2631.595220791998,2634.2904819999967,655,1,[2.695016666999436],[2.6950199589991826],nitya,"001",2025-11-06_18h18.32.798,IBT.exp,,2025.2.0,None,2025-11-06 18h18.33.045031 +0530,
0.7,1000,exp,568,4,47,space,2.163222000002861,None,777,1,[1.0588140420004493],[1.0588178750040242],47,4,568,11,2634.3007032919995,,2634.290600084001,2634.3007032919995,2635.285338083995,2635.285338083995,2635.2921022090013,2637.454488833995,space,2.163222000002861,None,2637.4564565839974,2638.1573498756666,2638.464852416997,2638.4452549589987,2638.446843083999,2638.464852416997,2638.464852416997,2638.464852416997,2639.5239108749956,777,1,[1.0588140420004493],[1.0588178750040242],nitya,"001",2025-11-06_18h18.32.798,IBT.exp,,2025.2.0,None,2025-11-06 18h18.33.045031 +0530,
0.4,1000,exp,569,5,47,space,0.4545988749960088,None,55,1,[3.5637801669945475],[3.5637831249987357],47,5,569,4,2639.534082375001,,2639.5240284589963,2639.534082375001,2640.5188450419955,2640.5188450419955,2640.5240754589977,2640.9759212089994,space,0.4545988749960088,None,2640.977265458998,2641.3856784586646,2641.6930320839965,2641.6734597499963,2641.675499541998,2641.6930320839965,2641.6930320839965,2641.6930320839965,2645.257060374999,55,1,[3.5637801669945475],[3.5637831249987357],nitya,"001",2025-11-06_18h18.32.798,IBT.exp,,2025.2.0,None,2025-11-06 18h18.33.045031 +0530,
0.4,1000,exp,570,6,47,space,0.49192129100265447,None,666,1,[1.9086562910015346],[1.9086590410006465],47,6,570,10,2645.2674732089945,,2645.2571786249973,2645.2674732089945,2646.2523395419994,2646.2523395419994,2646.258379916995,2646.7532705419944,space,0.49192129100265447,None,2646.7546367089963,2647.1571497506634,2647.464892374999,2647.4452695,2647.446805667001,2647.464892374999,2647.464892374999,2647.464892374999,2649.373792667,666,1,[1.9086562910015346],[1.9086590410006465],nitya,"001",2025-11-06_18h18.32.798,IBT.exp,,2025.2.0,None,2025-11-06 18h18.33.045031 +0530,
0.1,1000,exp,571,7,47,space,1.2584505420018104,None,777,1,[2.7262048330012476],[2.726209000000381],47,7,571,9,2649.3840616249945,,2649.373908417001,2649.3840616249945,2650.3687467919954,2650.3687467919954,2650.3742190839985,2651.637111333999,space,1.2584505420018104,None,2651.63849225,2651.7395898756627,2652.0472238340008,2652.028056666997,2652.0296239169984,2652.0472238340008,2652.0472238340008,2652.0472238340008,2654.7736810839997,777,1,[2.7262048330012476],[2.726209000000381],nitya,"001",2025-11-06_18h18.32.798,IBT.exp,,2025.2.0,None,2025-11-06 18h18.33.045031 +0530,
0.7,400,unexp,572,8,47,space,0.454492749995552,None,76,1,[1.7839815829938743],[1.7839848329967936],47,8,572,2,2654.784160791998,,2654.7738046250015,2654.784160791998,2655.768644249998,2655.768644249998,2655.7736383340016,2656.2259421249983,space,0.454492749995552,None,2656.2275519589966,2656.9353464586643,2657.241872624996,2657.223086334001,2657.224942875,2657.241872624996,2657.241872624996,2657.241872624996,2659.026110250001,76,1,[1.7839815829938743],[1.7839848329967936],nitya,"001",2025-11-06_18h18.32.798,IBT.exp,,2025.2.0,None,2025-11-06 18h18.33.045031 +0530,
0.4,1000,exp,573,9,47,space,0.9733764999982668,None,888,1,[1.0912976660038112],[1.0913018749997718],47,9,573,7,2659.034025834,,2659.0262266249993,2659.034025834,2660.0186665,2660.0186665,2660.023674749995,2661.0047002919964,space,0.9733764999982668,None,2661.0061119589955,2661.4071500006653,2661.715536167001,2661.695265999995,2661.6969412089966,2661.715536167001,2661.715536167001,2661.715536167001,2662.8070784589945,888,1,[1.0912976660038112],[1.0913018749997718],nitya,"001",2025-11-06_18h18.32.798,IBT.exp,,2025.2.0,None,2025-11-06 18h18.33.045031 +0530,
0.1,1000,exp,574,10,47,space,0.9598695409949869,None,787,1,[1.5593855830011307],[1.5593886249989737],47,10,574,6,2662.8173279999974,,2662.807199666997,2662.8173279999974,2663.802018292001,2663.802018292001,2663.806685042,2664.7709007919984,space,0.9598695409949869,None,2664.7722724999985,2664.872913708667,2665.1807664169974,2665.162439791995,2665.163984084,2665.1807664169974,2665.1807664169974,2665.1807664169974,2666.7403963339966,787,1,[1.5593855830011307],[1.5593886249989737],nitya,"001",2025-11-06_18h18.32.798,IBT.exp,,2025.2.0,None,2025-11-06 18h18.33.045031 +0530,
0.4,400,unexp,575,11,47,space,0.33358120799675817,None,888 ,1,[1.6119523330053198],[1.611955583000963],47,11,575,1,2666.7506662499945,,2666.740510249998,2666.7506662499945,2667.7352466250013,2667.7352466250013,2667.7420751669997,2668.075267417,space,0.33358120799675817,None,2668.0764782920014,2668.4853239586632,2668.7948207500012,2668.7730869169973,2668.7749519169956,2668.7948207500012,2668.7948207500012,2668.7948207500012,2670.407016749996,888 ,1,[1.6119523330053198],[1.611955583000963],nitya,"001",2025-11-06_18h18.32.798,IBT.exp,,2025.2.0,None,2025-11-06 18h18.33.045031 +0530,
0.7,1000,exp,576,0,48,space,1.160552875000576,None,667,1,[1.9918237919991952],[1.9918272499999148],48,0,576,5,2670.417342583998,,2670.4071316670015,2670.417342583998,2671.402223334,2671.402223334,2671.406544583995,2672.570154000001,space,1.160552875000576,None,2672.5720262920004,2673.2724713756656,2673.5816478339984,2673.5627718749965,2673.5643056670015,2673.5816478339984,2673.5816478339984,2673.5816478339984,2675.5737043749978,667,1,[1.9918237919991952],[1.9918272499999148],nitya,"001",2025-11-06_18h18.32.798,IBT.exp,,2025.2.0,None,2025-11-06 18h18.33.045031 +0530,
0.1,1000,exp,577,1,48,space,0.350110625004163,None,565,1,[1.4176857499987818],[1.4176882500032661],48,1,577,9,2675.5839980419987,,2675.573825499996,2675.5839980419987,2676.5685428750003,2676.5685428750003,2676.5735547500008,2676.9260474999974,space,0.350110625004163,None,2676.9272190839984,2677.0353573336656,2677.342492416996,2677.323126999996,2677.3254576249965,2677.342492416996,2677.342492416996,2677.342492416996,2678.7604437919945,565,1,[1.4176857499987818],[1.4176882500032661],nitya,"001",2025-11-06_18h18.32.798,IBT.exp,,2025.2.0,None,2025-11-06 18h18.33.045031 +0530,
0.4,1000,exp,578,2,48,space,1.2304670839948812,None,888,1,[1.4150063339984627],[1.415008999996644],48,2,578,4,2678.7673335,,2678.7605608749946,2678.7673335,2679.7580741669954,2679.7580741669954,2679.7580741669954,2680.9924847500006,space,1.2304670839948812,None,2680.993680542,2681.4021383336626,2681.708381874996,2681.6896867920004,2681.691735291999,2681.708381874996,2681.708381874996,2681.708381874996,2683.1236315839997,888,1,[1.4150063339984627],[1.415008999996644],nitya,"001",2025-11-06_18h18.32.798,IBT.exp,,2025.2.0,None,2025-11-06 18h18.33.045031 +0530,
0.1,1000,exp,579,3,48,space,0.620759999997972,None,666,1,[1.3473873330003698],[1.3473910829998204],48,3,579,6,2683.134013208997,,2683.123746917001,2683.134013208997,2684.1186427089997,2684.1186427089997,2684.1244877089994,2684.741281249997,space,0.620759999997972,None,2684.7425248340005,2684.8519150416655,2685.159420416996,2685.1399939999974,2685.1424841670014,2685.159420416996,2685.159420416996,2685.159420416996,2686.5070494169995,666,1,[1.3473873330003698],[1.3473910829998204],nitya,"001",2025-11-06_18h18.32.798,IBT.exp,,2025.2.0,None,2025-11-06 18h18.33.045031 +0530,
0.7,400,unexp,580,4,48,space,0.44310595899878535,None,545,1,[1.4088964999973541],[1.408899250003742],48,4,580,2,2686.517278333995,,2686.507164584,2686.517278333995,2687.5019494169974,2687.5019494169974,2687.508604333998,2687.953682291998,space,0.44310595899878535,None,2687.954895499999,2688.6574360006675,2688.9646547500015,2688.944644999996,2688.9462484589967,2688.9646547500015,2688.9646547500015,2688.9646547500015,2690.373792833998,545,1,[1.4088964999973541],[1.408899250003742],nitya,"001",2025-11-06_18h18.32.798,IBT.exp,,2025.2.0,None,2025-11-06 18h18.33.045031 +0530,
0.7,1000,exp,581,5,48,space,0.9504423329999554,None,666,1,[0.8641180840058951],[0.8641207920009037],48,5,581,8,2690.3839792090002,,2690.3739064170004,2690.3839792090002,2691.3687821669955,2691.3687821669955,2691.374605208999,2692.3252601249987,space,0.9504423329999554,None,2692.326468667001,2693.0352807086642,2693.34260525,2693.323133291997,2693.325194541998,2693.34260525,2693.34260525,2693.34260525,2694.2069649170007,666,1,[0.8641180840058951],[0.8641207920009037],nitya,"001",2025-11-06_18h18.32.798,IBT.exp,,2025.2.0,None,2025-11-06 18h18.33.045031 +0530,
0.7,1000,exp,582,6,48,space,0.32828179199714214,None,777,1,[1.1942513750036596],[1.194254166999599],48,6,582,11,2694.217279958997,,2694.207081708999,2694.217279958997,2695.2019432919988,2695.2019432919988,2695.2074380419945,2695.5377922089974,space,0.32828179199714214,None,2695.539291916997,2696.240453916664,2696.5458910419984,2696.5271161669953,2696.528445083997,2696.5458910419984,2696.5458910419984,2696.5458910419984,2697.7403834169963,777,1,[1.1942513750036596],[1.194254166999599],nitya,"001",2025-11-06_18h18.32.798,IBT.exp,,2025.2.0,None,2025-11-06 18h18.33.045031 +0530,
0.4,1000,exp,583,7,48,space,0.42080729200097267,None,777,1,[3.697485125005187],[3.697488042002078],48,7,583,10,2697.750659792,,2697.7404961669963,2697.750659792,2698.7352404170015,2698.7352404170015,2698.741681374995,2699.159398459,space,0.42080729200097267,None,2699.1606153339962,2699.5688007506656,2699.875958083998,2699.8562271669944,2699.8580795419984,2699.875958083998,2699.875958083998,2699.875958083998,2703.573678708999,777,1,[3.697485125005187],[3.697488042002078],nitya,"001",2025-11-06_18h18.32.798,IBT.exp,,2025.2.0,None,2025-11-06 18h18.33.045031 +0530,
0.4,1000,exp,584,8,48,space,0.43036766699515283,None,777,1,[1.0977239580024616],[1.097727082997153],48,8,584,7,2703.5839282919987,,2703.5738022919977,2703.5839282919987,2704.5685680419992,2704.5685680419992,2704.5741647920004,2705.003769458999,space,0.43036766699515283,None,2705.0054551249996,2705.407998416664,2705.7257358339994,2705.7065663339963,2705.708837458995,2705.7257358339994,2705.7257358339994,2705.7257358339994,2706.8236973339954,777,1,[1.0977239580024616],[1.097727082997153],nitya,"001",2025-11-06_18h18.32.798,IBT.exp,,2025.2.0,None,2025-11-06 18h18.33.045031 +0530,
0.1,400,unexp,585,9,48,space,0.5372524999984307,None,888,1,[1.1470100420046947],[1.1470135000054142],48,9,585,0,2706.833966583996,,2706.823824084,2706.833966583996,2707.8186162499987,2707.8186162499987,2707.824058166996,2708.359974291998,space,0.5372524999984307,None,2708.3614620419976,2708.4685508756634,2708.776311166999,2708.7562501249995,2708.7585207090015,2708.776311166999,2708.776311166999,2708.776311166999,2709.9235661249986,888,1,[1.1470100420046947],[1.1470135000054142],nitya,"001",2025-11-06_18h18.32.798,IBT.exp,,2025.2.0,None,2025-11-06 18h18.33.045031 +0530,
0.4,400,unexp,586,10,48,space,0.9613612499961164,None,666,1,[0.858939375000773],[0.8589423329976853],48,10,586,1,2709.9339445419973,,2709.9236837499993,2709.9339445419973,2710.918506791997,2710.918506791997,2710.9241092500015,2711.886592916999,space,0.9613612499961164,None,2711.887802291996,2712.290007166663,2712.5978672499987,2712.5783834589965,2712.5801464999968,2712.5978672499987,2712.5978672499987,2712.5978672499987,2713.4570584169996,666,1,[0.858939375000773],[0.8589423329976853],nitya,"001",2025-11-06_18h18.32.798,IBT.exp,,2025.2.0,None,2025-11-06 18h18.33.045031 +0530,
0.1,1000,exp,587,11,48,space,0.7517525829971419,None,444,1,[2.1645249590001185],[2.1645277499992517],48,11,587,3,2713.4672570420007,,2713.4571744589994,2713.4672570420007,2714.4518296249953,2714.4518296249953,2714.4582095840015,2715.209881709001,space,0.7517525829971419,None,2715.211315666995,2715.3187981256674,2715.625738374998,2715.6065741249986,2715.6087450839987,2715.625738374998,2715.625738374998,2715.625738374998,2717.7905114589958,444,1,[2.1645249590001185],[2.1645277499992517],nitya,"001",2025-11-06_18h18.32.798,IBT.exp,,2025.2.0,None,2025-11-06 18h18.33.045031 +0530,
0.4,400,unexp,588,0,49,space,0.8745117920043413,None,333,1,[1.1125188749938388],[1.1125222919945372],49,0,588,1,2717.8006974589953,,2717.7906280419993,2717.8006974589953,2718.7850943749945,2718.7850943749945,2718.7897269589957,2719.670765416995,space,0.8745117920043413,None,2719.6728068339944,2720.073004166665,2720.381266791999,2720.3618401669955,2720.363519708997,2720.381266791999,2720.381266791999,2720.381266791999,2721.4940345840005,333,1,[1.1125188749938388],[1.1125222919945372],nitya,"001",2025-11-06_18h18.32.798,IBT.exp,,2025.2.0,None,2025-11-06 18h18.33.045031 +0530,
0.4,1000,exp,589,1,49,space,0.5269046249959501,None,555,1,[2.4468747499995516],[2.446879082999658],49,1,589,7,2721.5006635839964,,2721.4941857499944,2721.5006635839964,2722.4906384589995,2722.4906384589995,2722.4906384589995,2723.020266333995,space,0.5269046249959501,None,2723.02172325,2723.424267791667,2723.743102499997,2723.723111542,2723.7252815419997,2723.743102499997,2723.743102499997,2723.743102499997,2726.1902191249974,555,1,[2.4468747499995516],[2.446879082999658],nitya,"001",2025-11-06_18h18.32.798,IBT.exp,,2025.2.0,None,2025-11-06 18h18.33.045031 +0530,
0.1,400,unexp,590,2,49,space,0.4269999169991934,None,33,1,[3.2270762080006534],[3.2270789999965928],49,2,590,0,2726.2005966669967,,2726.1903429589947,2726.2005966669967,2727.1853780839956,2727.1853780839956,2727.1920177089996,2727.6199232500003,space,0.4269999169991934,None,2727.621130749998,2727.722858291662,2728.0295923339945,2728.010902791997,2728.0128763339962,2728.0295923339945,2728.0295923339945,2728.0295923339945,2731.2569115000006,33,1,[3.2270762080006534],[3.2270789999965928],nitya,"001",2025-11-06_18h18.32.798,IBT.exp,,2025.2.0,None,2025-11-06 18h18.33.045031 +0530,
0.7,1000,exp,591,3,49,space,0.33220516700384906,None,444,1,[0.858934332994977],[0.858937999997579],49,3,591,5,2731.2672775839965,,2731.2570328750007,2731.2672775839965,2732.251911542,2732.251911542,2732.257598541997,2732.5868457089964,space,0.33220516700384906,None,2732.5877981250014,2733.291051750665,2733.597909874996,2733.5786948339955,2733.5803230839956,2733.597909874996,2733.597909874996,2733.597909874996,2734.457087709001,444,1,[0.858934332994977],[0.858937999997579],nitya,"001",2025-11-06_18h18.32.798,IBT.exp,,2025.2.0,None,2025-11-06 18h18.33.045031 +0530,
0.1,1000,exp,592,4,49,space,2.2592662919996656,None,222,1,[1.3423129160000826],[1.3423162500039325],49,4,592,9,2734.4672975419962,,2734.457207458996,2734.4672975419962,2735.451904333997,2735.451904333997,2735.4586421669956,2737.7203375839963,space,2.2592662919996656,None,2737.722098624996,2737.8240240006676,2738.1312352919995,2738.1118111670003,2738.113403167001,2738.1312352919995,2738.1312352919995,2738.1312352919995,2739.473789249998,222,1,[1.3423129160000826],[1.3423162500039325],nitya,"001",2025-11-06_18h18.32.798,IBT.exp,,2025.2.0,None,2025-11-06 18h18.33.045031 +0530,
0.7,400,unexp,593,5,49,space,0.16554808300134027,None,34,1,[0.6757562499988126],[0.6757591659988975],49,5,593,2,2739.4839482499956,,2739.4739035839957,2739.4839482499956,2740.4686582919967,2740.4686582919967,2740.4755830419963,2740.6371088339947,space,0.16554808300134027,None,2740.6385600840003,2741.3410372506664,2741.647624917001,2741.628719166998,2741.630430666999,2741.647624917001,2741.647624917001,2741.647624917001,2742.3236248749963,34,1,[0.6757562499988126],[0.6757591659988975],nitya,"001",2025-11-06_18h18.32.798,IBT.exp,,2025.2.0,None,2025-11-06 18h18.33.045031 +0530,
0.1,1000,exp,594,6,49,space,0.19353920799767366,None,234,1,[3.0106126250029774],[3.010616250001476],49,6,594,3,2742.333917917,,2742.323740791995,2742.333917917,2743.3185112919964,2743.3185112919964,2743.324108959001,2743.519944624997,space,0.19353920799767366,None,2743.5212682919955,2743.6230528756682,2743.9292789999963,2743.911185416997,2743.912791083996,2743.9292789999963,2743.9292789999963,2743.9292789999963,2746.940139874998,234,1,[3.0106126250029774],[3.010616250001476],nitya,"001",2025-11-06_18h18.32.798,IBT.exp,,2025.2.0,None,2025-11-06 18h18.33.045031 +0530,
0.4,1000,exp,595,7,49,space,1.7685838750039693,None,666,1,[0.8137484999970184],[0.8137513749970822],49,7,595,4,2746.950590583998,,2746.940252374996,2746.950590583998,2747.9352147089958,2747.9352147089958,2747.9410357089946,2749.7084212919945,space,1.7685838750039693,None,2749.7096329999986,2750.118469166668,2750.4261599999954,2750.4062953749963,2750.408439209001,2750.4261599999954,2750.4261599999954,2750.4261599999954,2751.2401531669966,666,1,[0.8137484999970184],[0.8137513749970822],nitya,"001",2025-11-06_18h18.32.798,IBT.exp,,2025.2.0,None,2025-11-06 18h18.33.045031 +0530,
0.4,1000,exp,596,8,49,space,0.2805500419999589,None,777,1,[0.793443666996609],[0.7934467919985764],49,8,596,10,2751.250594375,,2751.240269541995,2751.250594375,2752.235236333996,2752.235236333996,2752.2409449589977,2752.521006750001,space,0.2805500419999589,None,2752.5223824589993,2752.922964041664,2753.2298729169997,2753.2102485419964,2753.2116114169985,2753.2298729169997,2753.2298729169997,2753.2298729169997,2754.0235597089995,777,1,[0.793443666996609],[0.7934467919985764],nitya,"001",2025-11-06_18h18.32.798,IBT.exp,,2025.2.0,None,2025-11-06 18h18.33.045031 +0530,
0.1,1000,exp,597,9,49,space,0.4881834580010036,None,455,1,[2.0478718750018743],[2.047875667005428],49,9,597,6,2754.033865666999,,2754.023671416995,2754.033865666999,2755.018591041997,2755.018591041997,2755.026268458998,2755.508448249995,space,0.4881834580010036,None,2755.5103594589964,2755.618497166663,2755.925375084,2755.906248250001,2755.908465458997,2755.925375084,2755.925375084,2755.925375084,2757.973495624996,455,1,[2.0478718750018743],[2.047875667005428],nitya,"001",2025-11-06_18h18.32.798,IBT.exp,,2025.2.0,None,2025-11-06 18h18.33.045031 +0530,
0.7,1000,exp,598,10,49,space,0.10309758399671409,None,345   ,1,[10.21929741599888],[10.219300208002096],49,10,598,11,2757.983902791995,,2757.9736138750013,2757.983902791995,2758.9685131250008,2758.9685131250008,2758.9745106670016,2759.074967666995,space,0.10309758399671409,None,2759.0762082090005,2759.785374833668,2760.0874355839987,2760.074881959001,2760.080460291996,2760.0874355839987,2760.0874355839987,2760.0874355839987,2770.306982999995,345   ,1,[10.21929741599888],[10.219300208002096],nitya,"001",2025-11-06_18h18.32.798,IBT.exp,,2025.2.0,None,2025-11-06 18h18.33.045031 +0530,
0.7,1000,exp,599,11,49,space,1.9605898750014603,None,726,1,[1.775003624999954],[1.7750064589999965],49,11,599,8,2770.3172119999945,,2770.3071026249963,2770.3172119999945,2771.3017409589957,2771.3017409589957,2771.3067557499962,2773.2703846669974,space,1.9605898750014603,None,2773.272148625001,2773.973694625664,2774.2816047089946,2774.262467749999,2774.2641037919966,2774.2816047089946,2774.2816047089946,2774.2816047089946,2776.0568492919992,726,1,[1.775003624999954],[1.7750064589999965],nitya,"001",2025-11-06_18h18.32.798,IBT.exp,,2025.2.0,None,2025-11-06 18h18.33.045031 +0530,
0.1,1000,exp,600,0,50,space,1.6713314169974183,None,672,1,[6.414573957998073],[6.414576707997185],50,0,600,9,2776.067173833995,,2776.056972499995,2776.067173833995,2777.0518571669963,2777.0518571669963,2777.057646417001,2778.7251957920016,space,1.6713314169974183,None,2778.726415917001,2778.8352560836615,2779.1422466250006,2779.1231422089986,2779.1253789589973,2779.1422466250006,2779.1422466250006,2779.1422466250006,2785.557067624999,672,1,[6.414573957998073],[6.414576707997185],nitya,"001",2025-11-06_18h18.32.798,IBT.exp,,2025.2.0,None,2025-11-06 18h18.33.045031 +0530,
0.1,400,unexp,601,1,50,space,1.656165417000011,None,215,1,[2.6585514580001472],[2.65855429200019],50,1,601,0,2785.567171333998,,2785.557192041997,2785.567171333998,2786.551782041999,2786.551782041999,2786.557628249997,2788.220375124998,space,1.656165417000011,None,2788.222399624996,2788.322630875668,2788.6313166249965,2788.611598167001,2788.6132152089995,2788.6313166249965,2788.6313166249965,2788.6313166249965,2791.290111958995,215,1,[2.6585514580001472],[2.65855429200019],nitya,"001",2025-11-06_18h18.32.798,IBT.exp,,2025.2.0,None,2025-11-06 18h18.33.045031 +0530,
0.7,1000,exp,602,2,50,space,1.2458217500025057,None,646,1,[0.9309002910013078],[0.9309030410004198],50,2,602,5,2791.300589458995,,2791.2902290839993,2791.300589458995,2792.285042999996,2792.285042999996,2792.2909509999954,2793.5370302090014,space,1.2458217500025057,None,2793.538408041997,2794.2406575836617,2794.559137791999,2794.539714458995,2794.5417660839958,2794.559137791999,2794.559137791999,2794.559137791999,2795.490273042,646,1,[0.9309002910013078],[0.9309030410004198],nitya,"001",2025-11-06_18h18.32.798,IBT.exp,,2025.2.0,None,2025-11-06 18h18.33.045031 +0530,
0.4,400,unexp,603,3,50,space,0.6765505000003031,None,737,1,[0.9096951669998816],[0.909698457995546],50,3,603,1,2795.5005430419988,,2795.490392916996,2795.5005430419988,2796.485135584,2796.485135584,2796.4907366670013,2797.169994333999,space,0.6765505000003031,None,2797.1712098339995,2797.573035458667,2797.88028225,2797.860884417001,2797.862468499996,2797.88028225,2797.88028225,2797.88028225,2798.790219499999,737,1,[0.9096951669998816],[0.909698457995546],nitya,"001",2025-11-06_18h18.32.798,IBT.exp,,2025.2.0,None,2025-11-06 18h18.33.045031 +0530,
0.1,1000,exp,604,4,50,space,1.0567300830007298,None,83,1,[5.3424468749944936],[5.3424496250008815],50,4,604,3,2798.8005374589993,,2798.7903369169944,2798.8005374589993,2799.7850105420002,2799.7850105420002,2799.789556249998,2800.853441041996,space,1.0567300830007298,None,2800.855166083995,2800.9570189166666,2801.2642314170007,2801.244948458996,2801.246561791995,2801.2642314170007,2801.2642314170007,2801.2642314170007,2806.606920416998,83,1,[5.3424468749944936],[5.3424496250008815],nitya,"001",2025-11-06_18h18.32.798,IBT.exp,,2025.2.0,None,2025-11-06 18h18.33.045031 +0530,
0.7,1000,exp,605,5,50,space,0.5492302499988,None,763 ,1,[9.895368541998323],[9.895372582999698],50,5,605,8,2806.6173093339967,,2806.6070366249987,2806.6173093339967,2807.601703084001,2807.601703084001,2807.607485834,2808.1534863749985,space,0.5492302499988,None,2808.155139333998,2808.856845375664,2809.161174583998,2809.1440054999985,2809.1458296249984,2809.161174583998,2809.161174583998,2809.161174583998,2819.056787374997,763 ,1,[9.895368541998323],[9.895372582999698],nitya,"001",2025-11-06_18h18.32.798,IBT.exp,,2025.2.0,None,2025-11-06 18h18.33.045031 +0530,
0.7,1000,exp,606,6,50,space,3.752803416995448,None,888,1,[2.897339417002513],[2.897342333999404],50,6,606,11,2819.0671601249996,,2819.0569061669958,2819.0671601249996,2820.0518846669947,2820.0518846669947,2820.0577270840004,2823.8089266669995,space,3.752803416995448,None,2823.810195541999,2824.518628250666,2824.826026124996,2824.8062585839943,2824.808439208995,2824.826026124996,2824.826026124996,2824.826026124996,2827.723611333997,888,1,[2.897339417002513],[2.897342333999404],nitya,"001",2025-11-06_18h18.32.798,IBT.exp,,2025.2.0,None,2025-11-06 18h18.33.045031 +0530,
0.1,1000,exp,607,7,50,space,2.2448911249957746,None,837,1,[4.725519416999305],[4.725522166998417],50,7,607,6,2827.7337974589973,,2827.723726833996,2827.7337974589973,2828.718576209001,2828.718576209001,2828.724397124999,2830.969762458997,space,2.2448911249957746,None,2830.971020416997,2831.0723493756636,2831.381001083995,2831.361855666997,2831.363421541995,2831.381001083995,2831.381001083995,2831.381001083995,2836.1067639589965,837,1,[4.725519416999305],[4.725522166998417],nitya,"001",2025-11-06_18h18.32.798,IBT.exp,,2025.2.0,None,2025-11-06 18h18.33.045031 +0530,
0.4,1000,exp,608,8,50,space,0.5305187089979881,None,63,1,[2.5594421249988955],[2.55944483300118],50,8,608,7,2836.1171598340006,,2836.1068769589983,2836.1171598340006,2837.1017702499958,2837.1017702499958,2837.1072011669967,2837.636853333999,space,0.5305187089979881,None,2837.6383866670003,2838.039884166665,2838.347070416996,2838.3277804169993,2838.3294051669945,2838.347070416996,2838.347070416996,2838.347070416996,2840.9067607089964,63,1,[2.5594421249988955],[2.55944483300118],nitya,"001",2025-11-06_18h18.32.798,IBT.exp,,2025.2.0,None,2025-11-06 18h18.33.045031 +0530,
0.7,400,unexp,609,9,50,space,2.2244422500007204,None,827,1,[6.275423999999475],[6.275427124994167],50,9,609,2,2840.917126333996,,2840.9068754170003,2840.917126333996,2841.9017702499987,2841.9017702499987,2841.907614249998,2844.137403791996,space,2.2244422500007204,None,2844.1388208339995,2844.8402633756673,2845.1478792089983,2845.128717708998,2845.1304092089995,2845.1478792089983,2845.1478792089983,2845.1478792089983,2851.4235572920006,827,1,[6.275423999999475],[6.275427124994167],nitya,"001",2025-11-06_18h18.32.798,IBT.exp,,2025.2.0,None,2025-11-06 18h18.33.045031 +0530,
0.4,1000,exp,610,10,50,space,0.39706999999907566,None,827,1,[5.125485582997499],[5.125488957994094],50,10,610,4,2851.4338519999947,,2851.423673624995,2851.4338519999947,2852.4188284170014,2852.4188284170014,2852.4248298749953,2852.8202118749978,space,0.39706999999907566,None,2852.821967333999,2853.2224912506613,2853.5312581670005,2853.511239333995,2853.5130644589954,2853.5312581670005,2853.5312581670005,2853.5312581670005,2858.6569994169986,827,1,[5.125485582997499],[5.125488957994094],nitya,"001",2025-11-06_18h18.32.798,IBT.exp,,2025.2.0,None,2025-11-06 18h18.33.045031 +0530,
0.4,1000,exp,611,11,50,space,0.43821925000520423,None,999,1,[4.164581375000125],[4.1645850829954725],50,11,611,10,2858.667107292,,2858.657114333997,2858.667107292,2859.6520004170015,2859.6520004170015,2859.6587579999978,2860.092654125001,space,0.43821925000520423,None,2860.0938690839976,2860.5019821256615,2860.8085352499984,2860.7893895419984,2860.7915600419947,2860.8085352499984,2860.8085352499984,2860.8085352499984,2864.973361999997,999,1,[4.164581375000125],[4.1645850829954725],nitya,"001",2025-11-06_18h18.32.798,IBT.exp,,2025.2.0,None,2025-11-06 18h18.33.045031 +0530,
0.1,400,unexp,612,0,51,space,3.672835874996963,None,726,1,[3.7765782499991474],[3.776581582998915],51,0,612,0,2864.9837318749996,,2864.9734770419964,2864.9837318749996,2865.968248624995,2865.968248624995,2865.9732755000005,2869.653578624995,space,3.672835874996963,None,2869.6552422919995,2869.7559820416614,2870.063370666998,2870.0446810840003,2870.0463801250007,2870.063370666998,2870.063370666998,2870.063370666998,2873.840208208996,726,1,[3.7765782499991474],[3.776581582998915],nitya,"001",2025-11-06_18h18.32.798,IBT.exp,,2025.2.0,None,2025-11-06 18h18.33.045031 +0530,
0.7,1000,exp,613,1,51,space,0.46664758299448295,None,88,1,[1.6816733329978888],[1.6816767499985872],51,1,613,8,2873.8503765839996,,2873.8403244169967,2873.8503765839996,2874.8352197919958,2874.8352197919958,2874.841704708997,2875.3093999999983,space,0.46664758299448295,None,2875.3105915419947,2876.018367125664,2876.3248139169955,2876.305935833996,2876.307783541997,2876.3248139169955,2876.3248139169955,2876.3248139169955,2878.006732834001,88,1,[1.6816733329978888],[1.6816767499985872],nitya,"001",2025-11-06_18h18.32.798,IBT.exp,,2025.2.0,None,2025-11-06 18h18.33.045031 +0530,
0.4,1000,exp,614,2,51,space,3.38774920799915,None,728,1,[0.8810407499986468],[0.8810439160006354],51,2,614,10,2878.0170849169954,,2878.0068866250003,2878.0170849169954,2879.001653166997,2879.001653166997,2879.0076222499993,2882.3920585419983,space,3.38774920799915,None,2882.393624958997,2882.801735583668,2883.1086947090007,2883.0894050839997,2883.091740416996,2883.1086947090007,2883.1086947090007,2883.1086947090007,2883.989975958997,728,1,[0.8810407499986468],[0.8810439160006354],nitya,"001",2025-11-06_18h18.32.798,IBT.exp,,2025.2.0,None,2025-11-06 18h18.33.045031 +0530,
0.1,1000,exp,615,3,51,space,2.2201847920005093,None,982,1,[3.663398832999519],[3.663402042002417],51,3,615,3,2884.000436292001,,2883.990097916998,2884.000436292001,2884.9850916249998,2884.9850916249998,2884.991764458995,2887.209298916998,space,2.2201847920005093,None,2887.210803791997,2887.308831333667,2887.6263515839964,2887.6062762500005,2887.6085462919946,2887.6263515839964,2887.6263515839964,2887.6263515839964,2891.289984791998,982,1,[3.663398832999519],[3.663402042002417],nitya,"001",2025-11-06_18h18.32.798,IBT.exp,,2025.2.0,None,2025-11-06 18h18.33.045031 +0530,
0.4,1000,exp,616,4,51,space,1.6609416249993956,None,678,1,[1.6750109170025098],[1.6750143340032082],51,4,616,7,2891.3003987919947,,2891.290106291999,2891.3003987919947,2892.2851334169973,2892.2851334169973,2892.2922705419987,2893.9536369589987,space,1.6609416249993956,None,2893.955094124998,2894.3568694586615,2894.6648700840014,2894.6449883339956,2894.646889249998,2894.6648700840014,2894.6648700840014,2894.6648700840014,2896.3401317089956,678,1,[1.6750109170025098],[1.6750143340032082],nitya,"001",2025-11-06_18h18.32.798,IBT.exp,,2025.2.0,None,2025-11-06 18h18.33.045031 +0530,
0.1,1000,exp,617,5,51,space,0.910781542006589,None,"981
",1,[6.709483874998114],[6.709487166001054],51,5,617,9,2896.350440958995,,2896.3402466249972,2896.350440958995,2897.335226916999,2897.335226916999,2897.341302916997,2898.253858584001,space,0.910781542006589,None,2898.255297167001,2898.355423208665,2898.663688458997,2898.644657459001,2898.6461923339957,2898.663688458997,2898.663688458997,2898.663688458997,2905.373409708998,"981
",1,[6.709483874998114],[6.709487166001054],nitya,"001",2025-11-06_18h18.32.798,IBT.exp,,2025.2.0,None,2025-11-06 18h18.33.045031 +0530,
0.7,1000,exp,618,6,51,space,0.7816264579960261,None,736,1,[1.5934170830005314],[1.5934199580005952],51,6,618,11,2905.384062416997,,2905.373557209001,2905.384062416997,2906.3683951249986,2906.3683951249986,2906.3739595840016,2907.1529925419964,space,0.7816264579960261,None,2907.154284917,2907.8558154166644,2908.1635097089966,2908.1449648749985,2908.146819624999,2908.1635097089966,2908.1635097089966,2908.1635097089966,2909.7571629999948,736,1,[1.5934170830005314],[1.5934199580005952],nitya,"001",2025-11-06_18h18.32.798,IBT.exp,,2025.2.0,None,2025-11-06 18h18.33.045031 +0530,
0.4,400,unexp,619,7,51,space,0.2722262910028803,None,537,1,[1.8802909170044586],[1.88029404199915],51,7,619,1,2909.767107458996,,2909.757288708999,2909.767107458996,2910.751598666997,2910.751598666997,2910.7581036249976,2911.0251719169974,space,0.2722262910028803,None,2911.0264148339993,2911.4351900416627,2911.7429234999945,2911.722848917001,2911.725137166999,2911.7429234999945,2911.7429234999945,2911.7429234999945,2913.623442416996,537,1,[1.8802909170044586],[1.88029404199915],nitya,"001",2025-11-06_18h18.32.798,IBT.exp,,2025.2.0,None,2025-11-06 18h18.33.045031 +0530,
0.7,1000,exp,620,8,51,space,2.042505000004894,None,726,1,[3.6755771659954917],[3.675581333001901],51,8,620,5,2913.633711333998,,2913.623567249997,2913.633711333998,2914.6182991669993,2914.6182991669993,2914.6237732090012,2916.669740792,space,2.042505000004894,None,2916.670999875001,2917.3738870006678,2917.6809990420006,2917.661237542001,2917.663036124999,2917.6809990420006,2917.6809990420006,2917.6809990420006,2921.3568217919965,726,1,[3.6755771659954917],[3.675581333001901],nitya,"001",2025-11-06_18h18.32.798,IBT.exp,,2025.2.0,None,2025-11-06 18h18.33.045031 +0530,
0.7,400,unexp,621,9,51,space,3.300374958998873,None,817,1,[2.3663736669986974],[2.3663768749975134],51,9,621,2,2921.3670293339965,,2921.356941083999,2921.3670293339965,2922.3515524999966,2922.3515524999966,2922.3573101250004,2925.6583567089983,space,3.300374958998873,None,2925.659573541998,2926.3684123336684,2926.676270791999,2926.6562845419976,2926.6597652089986,2926.676270791999,2926.676270791999,2926.676270791999,2929.0428902919957,817,1,[2.3663736669986974],[2.3663768749975134],nitya,"001",2025-11-06_18h18.32.798,IBT.exp,,2025.2.0,None,2025-11-06 18h18.33.045031 +0530,
0.4,1000,exp,622,10,51,space,1.0924669579981128,None,837,1,[1.0425204580024001],[1.0425238329989952],51,10,622,4,2929.050364709001,,2929.043008708999,2929.050364709001,2930.040873291997,2930.040873291997,2930.040873291997,2931.1371998749964,space,1.0924669579981128,None,2931.1389257089977,2931.5393390006616,2931.847249708997,2931.827506624999,2931.8291129589998,2931.847249708997,2931.847249708997,2931.847249708997,2932.890016999998,837,1,[1.0425204580024001],[1.0425238329989952],nitya,"001",2025-11-06_18h18.32.798,IBT.exp,,2025.2.0,None,2025-11-06 18h18.33.045031 +0530,
0.1,1000,exp,623,11,51,space,0.5568682500015711,None,738,1,[1.3941125409983215],[1.3941152910047094],51,11,623,6,2932.900335416998,,2932.890136541995,2932.900335416998,2933.884955417001,2933.884955417001,2933.889939333996,2934.4532733339947,space,0.5568682500015711,None,2934.4549022089996,2934.5556260836643,2934.862378209,2934.844375458997,2934.846036625,2934.862378209,2934.862378209,2934.862378209,2936.2567451669966,738,1,[1.3941125409983215],[1.3941152910047094],nitya,"001",2025-11-06_18h18.32.798,IBT.exp,,2025.2.0,None,2025-11-06 18h18.33.045031 +0530,
0.1,1000,exp,624,0,52,space,0.45748479099711403,None,827,1,[1.226714542004629],[1.226717292003741],52,0,624,6,2936.267198583999,,2936.256863124996,2936.267198583999,2937.251678583998,2937.251678583998,2937.2571993749953,2937.720726667001,space,0.45748479099711403,None,2937.722783833997,2937.8230922086627,2938.1297990839957,2938.1114292089987,2938.113126749995,2938.1297990839957,2938.1297990839957,2938.1297990839957,2939.3567550419975,827,1,[1.226714542004629],[1.226717292003741],nitya,"001",2025-11-06_18h18.32.798,IBT.exp,,2025.2.0,None,2025-11-06 18h18.33.045031 +0530,
0.4,1000,exp,625,1,52,space,0.3805146250015241,None,999,1,[1.5500242089983658],[1.5500277920000372],52,1,625,10,2939.3670039589997,,2939.356868416995,2939.3670039589997,2940.3516386669944,2940.3516386669944,2940.357472291995,2940.7367232089964,space,0.3805146250015241,None,2940.738429666999,2941.1405357916633,2941.4583499590008,2941.439733374995,2941.4415903339977,2941.4583499590008,2941.4583499590008,2941.4583499590008,2943.0086285840007,999,1,[1.5500242089983658],[1.5500277920000372],nitya,"001",2025-11-06_18h18.32.798,IBT.exp,,2025.2.0,None,2025-11-06 18h18.33.045031 +0530,
0.7,1000,exp,626,2,52,space,0.6267246670031454,None,837,1,[1.0596395829998073],[1.0596423329989193],52,2,626,5,2943.0170463339964,,2943.0087485839977,2943.0170463339964,2944.006360708998,2944.006360708998,2944.006360708998,2944.637190499998,space,0.6267246670031454,None,2944.6390421670003,2945.341160583663,2945.6468734999944,2945.628107874996,2945.629680166996,2945.6468734999944,2945.6468734999944,2945.6468734999944,2946.706758041997,837,1,[1.0596395829998073],[1.0596423329989193],nitya,"001",2025-11-06_18h18.32.798,IBT.exp,,2025.2.0,None,2025-11-06 18h18.33.045031 +0530,
0.4,1000,exp,627,3,52,space,0.4832588749995921,None,38,1,[1.639889582998876],[1.6398922910011606],52,3,627,4,2946.7169825839956,,2946.7068715419955,2946.7169825839956,2947.7017067089982,2947.7017067089982,2947.7074899590007,2948.186633416997,space,0.4832588749995921,None,2948.188051792,2948.589433458667,2948.8998541670007,2948.8834346250005,2948.8846287499982,2948.8998541670007,2948.8998541670007,2948.8998541670007,2950.5399764589965,38,1,[1.639889582998876],[1.6398922910011606],nitya,"001",2025-11-06_18h18.32.798,IBT.exp,,2025.2.0,None,2025-11-06 18h18.33.045031 +0530,
0.4,1000,exp,628,4,52,space,1.16382645900012,None,383,1,[3.042891041994153],[3.042894416998024],52,4,628,7,2950.5503400839953,,2950.540098708996,2950.5503400839953,2951.535062625,2951.535062625,2951.5409037089994,2952.702917292001,space,1.16382645900012,None,2952.7042717500008,2953.1072385836637,2953.413541583999,2953.3940841669973,2953.3956709589984,2953.413541583999,2953.413541583999,2953.413541583999,2956.456683833996,383,1,[3.042891041994153],[3.042894416998024],nitya,"001",2025-11-06_18h18.32.798,IBT.exp,,2025.2.0,None,2025-11-06 18h18.33.045031 +0530,
0.7,400,unexp,629,5,52,space,0.4225997079993249,None,837,1,[2.464348625006096],[2.464351416005229],52,5,629,2,2956.4669907499992,,2956.4567979589992,2956.4669907499992,2957.451563124996,2957.451563124996,2957.457185542,2957.8756379589977,space,0.4225997079993249,None,2957.876858083997,2958.5850676256637,2958.8922134999957,2958.872829916996,2958.874916791996,2958.8922134999957,2958.8922134999957,2958.8922134999957,2961.356807833996,837,1,[2.464348625006096],[2.464351416005229],nitya,"001",2025-11-06_18h18.32.798,IBT.exp,,2025.2.0,None,2025-11-06 18h18.33.045031 +0530,
0.7,1000,exp,630,6,52,space,0.4366522909986088,None,333,1,[2.130173082994588],[2.1301760419955826],52,6,630,8,2961.3670189170007,,2961.3569223339946,2961.3670189170007,2962.3519336669997,2962.3519336669997,2962.358745958998,2962.791897958996,space,0.4366522909986088,None,2962.7931011249966,2963.5008327916626,2963.8094815840013,2963.7894505000004,2963.792361708998,2963.8094815840013,2963.8094815840013,2963.8094815840013,2965.9398954169956,333,1,[2.130173082994588],[2.1301760419955826],nitya,"001",2025-11-06_18h18.32.798,IBT.exp,,2025.2.0,None,2025-11-06 18h18.33.045031 +0530,
0.7,1000,exp,631,7,52,space,0.3818407090002438,None,888,1,[2.4411733749948326],[2.4411770419974346],52,7,631,11,2965.950458583997,,2965.940011958999,2965.950458583997,2966.935060416996,2966.935060416996,2966.941849750001,2967.3198933339954,space,0.3818407090002438,None,2967.3213049589976,2968.023474625665,2968.331971374995,2968.3118659999964,2968.3134329589957,2968.331971374995,2968.331971374995,2968.331971374995,2970.7733850840013,888,1,[2.4411733749948326],[2.4411770419974346],nitya,"001",2025-11-06_18h18.32.798,IBT.exp,,2025.2.0,None,2025-11-06 18h18.33.045031 +0530,
0.1,1000,exp,632,8,52,space,0.26120808399718953,None,888,1,[2.90813658299885],[2.9081402079973486],52,8,632,9,2970.7836483339997,,2970.7735047499955,2970.7836483339997,2971.7682122089973,2971.7682122089973,2971.7739411250004,2972.037117,space,0.26120808399718953,None,2972.039105459,2972.1387826666655,2972.448407416996,2972.428435374997,2972.4300694170015,2972.448407416996,2972.448407416996,2972.448407416996,2975.3567933749946,888,1,[2.90813658299885],[2.9081402079973486],nitya,"001",2025-11-06_18h18.32.798,IBT.exp,,2025.2.0,None,2025-11-06 18h18.33.045031 +0530,
0.4,400,unexp,633,9,52,space,0.5036788750003325,None,888,1,[1.6140971669956343],[1.6141001249998226],52,9,633,1,2975.366975500001,,2975.3569105419956,2975.366975500001,2976.351629042001,2976.351629042001,2976.357401166999,2976.8583570420014,space,0.5036788750003325,None,2976.859534833995,2977.268511166662,2977.5756667089954,2977.5559812919964,2977.5580710419963,2977.5756667089954,2977.5756667089954,2977.5756667089954,2979.190003249998,888,1,[1.6140971669956343],[1.6141001249998226],nitya,"001",2025-11-06_18h18.32.798,IBT.exp,,2025.2.0,None,2025-11-06 18h18.33.045031 +0530,
0.1,1000,exp,634,10,52,space,1.4533372500009136,None,999,1,[1.814356165996287],[1.8143594159992062],52,10,634,3,2979.200295458999,,2979.1901258340004,2979.200295458999,2980.1848248339957,2980.1848248339957,2980.1905765420015,2981.642228083998,space,1.4533372500009136,None,2981.643475166995,2981.7515772916636,2982.0587131669963,2982.039441834,2982.041726958996,2982.0587131669963,2982.0587131669963,2982.0587131669963,2983.873310750001,999,1,[1.814356165996287],[1.8143594159992062],nitya,"001",2025-11-06_18h18.32.798,IBT.exp,,2025.2.0,None,2025-11-06 18h18.33.045031 +0530,
0.1,400,unexp,635,11,52,space,0.4486970409998321,None,874,1,[1.325217083998723],[1.3252203750016633],52,11,635,0,2983.8839847919953,,2983.8734240839985,2983.8839847919953,2984.868323292001,2984.868323292001,2984.8726675840007,2985.321188999995,space,0.4486970409998321,None,2985.322645084001,2985.4224265416674,2985.7310342499986,2985.710960708995,2985.7126737500002,2985.7310342499986,2985.7310342499986,2985.7310342499986,2987.056499541999,874,1,[1.325217083998723],[1.3252203750016633],nitya,"001",2025-11-06_18h18.32.798,IBT.exp,,2025.2.0,None,2025-11-06 18h18.33.045031 +0530,
0.4,1000,exp,636,0,53,space,1.0943621250044089,None,746,1,[1.391517374999239],[1.3915202079951996],53,0,636,4,2987.0669669169947,,2987.056615166999,2987.0669669169947,2988.051657416996,2988.051657416996,2988.057543333998,2989.153464916999,space,1.0943621250044089,None,2989.1551691669956,2989.555970541664,2989.864795041998,2989.845305458999,2989.846894292001,2989.864795041998,2989.864795041998,2989.864795041998,2991.2565470420013,746,1,[1.391517374999239],[1.3915202079951996],nitya,"001",2025-11-06_18h18.32.798,IBT.exp,,2025.2.0,None,2025-11-06 18h18.33.045031 +0530,
0.7,1000,exp,637,1,53,space,1.2103504999977304,None,938,1,[2.1808338330010884],[2.1808380000002217],53,1,637,11,2991.266936916996,,2991.2566713749984,2991.266936916996,2992.2515842919966,2992.2515842919966,2992.257198041996,2993.469890166998,space,1.2103504999977304,None,2993.4711629589947,2994.174303000666,2994.4923422919965,2994.4728749999995,2994.475144416996,2994.4923422919965,2994.4923422919965,2994.4923422919965,2996.6734194999954,938,1,[2.1808338330010884],[2.1808380000002217],nitya,"001",2025-11-06_18h18.32.798,IBT.exp,,2025.2.0,None,2025-11-06 18h18.33.045031 +0530,
0.1,1000,exp,638,2,53,space,0.4286950409950805,None,847,1,[1.9274149580014637],[1.9274183329980588],53,2,638,6,2996.683596416995,,2996.673543500001,2996.683596416995,2997.66811975,2997.66811975,2997.673642624999,2998.103912749997,space,0.4286950409950805,None,2998.1052392089987,2998.205489250668,2998.512329624995,2998.4940505419945,2998.495344916999,2998.512329624995,2998.512329624995,2998.512329624995,3000.4399834169963,847,1,[1.9274149580014637],[1.9274183329980588],nitya,"001",2025-11-06_18h18.32.798,IBT.exp,,2025.2.0,None,2025-11-06 18h18.33.045031 +0530,
0.7,1000,exp,639,3,53,space,0.4929052090010373,None,784,1,[1.764639624998381],[1.7646424999984447],53,3,639,5,3000.4502901669985,,3000.4401065839993,3000.4502901669985,3001.4348340840006,3001.4348340840006,3001.4398047919967,3001.9365754589962,space,0.4929052090010373,None,3001.9379201249976,3002.640367208664,3002.9585581249994,3002.9394376249984,3002.9417747499974,3002.9585581249994,3002.9585581249994,3002.9585581249994,3004.7234324169985,784,1,[1.764639624998381],[1.7646424999984447],nitya,"001",2025-11-06_18h18.32.798,IBT.exp,,2025.2.0,None,2025-11-06 18h18.33.045031 +0530,
0.1,400,unexp,640,4,53,space,0.4392413750028936,None,384,1,[3.3634209590018145],[3.3634252499978174],53,4,640,0,3004.7335615420016,,3004.723557874997,3004.7335615420016,3005.717344208999,3005.717344208999,3005.7229167499972,3006.158862749995,space,0.4392413750028936,None,3006.1601454170013,3006.268230916667,3006.5762792919995,3006.5562843340012,3006.5586714589954,3006.5762792919995,3006.5762792919995,3006.5762792919995,3009.939957292001,384,1,[3.3634209590018145],[3.3634252499978174],nitya,"001",2025-11-06_18h18.32.798,IBT.exp,,2025.2.0,None,2025-11-06 18h18.33.045031 +0530,
0.4,400,unexp,641,5,53,space,1.8675107919989387,None,928,1,[1.846655124994868],[1.846658041999035],53,5,641,1,3009.9502529589954,,3009.9400800000003,3009.9502529589954,3010.9348326670006,3010.9348326670006,3010.939699625,3012.8094623340003,space,1.8675107919989387,None,3012.810677333997,3013.218198708663,3013.5264711249984,3013.5063192499947,3013.508720083999,3013.5264711249984,3013.5264711249984,3013.5264711249984,3015.3733692089954,928,1,[1.846655124994868],[1.846658041999035],nitya,"001",2025-11-06_18h18.32.798,IBT.exp,,2025.2.0,None,2025-11-06 18h18.33.045031 +0530,
0.1,1000,exp,642,6,53,space,0.3468246249976801,None,837,1,[1.6761380419993657],[1.6761415000000852],53,6,642,9,3015.383560999995,,3015.3734911669962,3015.383560999995,3016.3683838750003,3016.3683838750003,3016.3748819589964,3016.720809999999,space,0.3468246249976801,None,3016.7221300419988,3016.821846375668,3017.130233541997,3017.111586209001,3017.113325667,3017.130233541997,3017.130233541997,3017.130233541997,3018.8066091250003,837,1,[1.6761380419993657],[1.6761415000000852],nitya,"001",2025-11-06_18h18.32.798,IBT.exp,,2025.2.0,None,2025-11-06 18h18.33.045031 +0530,
0.7,400,unexp,643,7,53,space,1.5565488330030348,None,987,1,[1.4136326250009006],[1.4136368749968824],53,7,643,2,3018.816946041996,,3018.806729541997,3018.816946041996,3019.8016200839993,3019.8016200839993,3019.808658999995,3021.3679204590007,space,1.5565488330030348,None,3021.369250208998,3022.0685103336623,3022.376094250001,3022.3563160839985,3022.358638124999,3022.376094250001,3022.376094250001,3022.376094250001,3023.7899695419983,987,1,[1.4136326250009006],[1.4136368749968824],nitya,"001",2025-11-06_18h18.32.798,IBT.exp,,2025.2.0,None,2025-11-06 18h18.33.045031 +0530,
0.4,1000,exp,644,8,53,space,0.20428174999688054,None,837,1,[1.2647114589999546],[1.2647140839981148],53,8,644,7,3023.8002509590006,,3023.7900994589945,3023.8002509590006,3024.784819374996,3024.784819374996,3024.791290000001,3024.991812374996,space,0.20428174999688054,None,3024.9930439999953,3025.4017661256626,3025.7082687919974,3025.689117624999,3025.6913089999944,3025.7082687919974,3025.7082687919974,3025.7082687919974,3026.9732307089944,837,1,[1.2647114589999546],[1.2647140839981148],nitya,"001",2025-11-06_18h18.32.798,IBT.exp,,2025.2.0,None,2025-11-06 18h18.33.045031 +0530,
0.4,1000,exp,645,9,53,space,0.7799041659964132,None,938,1,[1.007850125002733],[1.0078526249999413],53,9,645,10,3026.9835408750005,,3026.9733476249967,3026.9835408750005,3027.9682021670014,3027.9682021670014,3027.9737705840016,3028.7529506249994,space,0.7799041659964132,None,3028.754534458996,3029.1573826666613,3029.4652562089977,3029.4456337919983,3029.447202958996,3029.4652562089977,3029.4652562089977,3029.4652562089977,3030.473354916998,938,1,[1.007850125002733],[1.0078526249999413],nitya,"001",2025-11-06_18h18.32.798,IBT.exp,,2025.2.0,None,2025-11-06 18h18.33.045031 +0530,
0.1,1000,exp,646,10,53,space,1.3057983329999843,None,827,1,[2.5472540839982685],[2.5472568339973805],53,10,646,3,3030.483544416995,,3030.473468416996,3030.483544416995,3031.4680935840006,3031.4680935840006,3031.4732146669994,3032.7862899999964,space,1.3057983329999843,None,3032.7875743749973,3032.8906379166624,3033.2091049589944,3033.189436791996,3033.191684833997,3033.2091049589944,3033.2091049589944,3033.2091049589944,3035.7565970840005,827,1,[2.5472540839982685],[2.5472568339973805],nitya,"001",2025-11-06_18h18.32.798,IBT.exp,,2025.2.0,None,2025-11-06 18h18.33.045031 +0530,
0.7,1000,exp,647,11,53,space,0.9104556249949383,None,822,1,[2.1193190420017345],[2.1193232920049923],53,11,647,8,3035.766898834001,,3035.7567262500015,3035.766898834001,3036.7514699169988,3036.7514699169988,3036.7571075419983,3037.669472333997,space,0.9104556249949383,None,3037.6707349589997,3038.3686802086636,3038.6704218749946,3038.6578578749977,3038.6595607919953,3038.6704218749946,3038.6704218749946,3038.6704218749946,3040.7899707920005,822,1,[2.1193190420017345],[2.1193232920049923],nitya,"001",2025-11-06_18h18.32.798,IBT.exp,,2025.2.0,None,2025-11-06 18h18.33.045031 +0530,
0.1,1000,exp,648,0,54,space,2.834873957996024,None,827,1,[1.3643347909965087],[1.3643375409956207],54,0,648,9,3040.8002016249957,,3040.790090333998,3040.8002016249957,3041.784763333999,3041.784763333999,3041.7894768339975,3044.625586916998,space,2.834873957996024,None,3044.6267654589974,3044.7253368336646,3045.0420082919954,3045.0225567499947,3045.0247877919974,3045.0420082919954,3045.0420082919954,3045.0420082919954,3046.406582124997,827,1,[1.3643347909965087],[1.3643375409956207],nitya,"001",2025-11-06_18h18.32.798,IBT.exp,,2025.2.0,None,2025-11-06 18h18.33.045031 +0530,
0.1,1000,exp,649,1,54,space,7.632163250003941,None,736,1,[1.546532374995877],[1.546535458001017],54,1,649,3,3046.4169090840005,,3046.406704959001,3046.4169090840005,3047.4016416669983,3047.4016416669983,3047.407830416996,3055.0371587919944,space,7.632163250003941,None,3055.0388796670013,3055.1393044586625,3055.445637334,3055.427481708997,3055.429100166999,3055.445637334,3055.445637334,3055.445637334,3056.9924224999995,736,1,[1.546532374995877],[1.546535458001017],nitya,"001",2025-11-06_18h18.32.798,IBT.exp,,2025.2.0,None,2025-11-06 18h18.33.045031 +0530,
0.1,1000,exp,650,2,54,space,0.37500658300268697,None,937,1,[1.6594517079938669],[1.6594544999970822],54,2,650,6,3057.0001476249963,,3056.99253725,3057.0001476249963,3057.9913662089966,3057.9913662089966,3057.9913662089966,3058.370570291998,space,0.37500658300268697,None,3058.3718952089985,3058.472239583662,3058.7804302919976,3058.7615899999946,3058.763510500001,3058.7804302919976,3058.7804302919976,3058.7804302919976,3060.4401272499963,937,1,[1.6594517079938669],[1.6594544999970822],nitya,"001",2025-11-06_18h18.32.798,IBT.exp,,2025.2.0,None,2025-11-06 18h18.33.045031 +0530,
0.4,1000,exp,651,3,54,space,0.26844633399741724,None,367,1,[1.6299260829982813],[1.62993062500027],54,3,651,10,3060.4501464169953,,3060.4402399169994,3060.4501464169953,3061.434790749998,3061.434790749998,3061.4415982499995,3061.708426666999,space,0.26844633399741724,None,3061.7096108749975,3062.1182795836617,3062.4263674589965,3062.408201375001,3062.4117702090007,3062.4263674589965,3062.4263674589965,3062.4263674589965,3064.0565317090004,367,1,[1.6299260829982813],[1.62993062500027],nitya,"001",2025-11-06_18h18.32.798,IBT.exp,,2025.2.0,None,2025-11-06 18h18.33.045031 +0530,
0.1,400,unexp,652,4,54,space,1.4588174159944174,None,827,1,[4.908402332999685],[4.908405916998163],54,4,652,0,3064.0668394999957,,3064.056650792001,3064.0668394999957,3065.0513615419986,3065.0513615419986,3065.057691709,3066.5204747089956,space,1.4588174159944174,None,3066.522426249998,3066.6229217086625,3066.931276833995,3066.9115746249954,3066.91341175,3066.931276833995,3066.931276833995,3066.931276833995,3071.8399273339965,827,1,[4.908402332999685],[4.908405916998163],nitya,"001",2025-11-06_18h18.32.798,IBT.exp,,2025.2.0,None,2025-11-06 18h18.33.045031 +0530,
0.7,1000,exp,653,5,54,space,1.2591335000033723,None,928,1,[1.7579310410001199],[1.7579340000011143],54,5,653,5,3071.850187791999,,3071.8400460419944,3071.850187791999,3072.8347441250007,3072.8347441250007,3072.8407595839963,3074.10307225,space,1.2591335000033723,None,3074.1044315420004,3074.8064388336684,3075.1151223749985,3075.0953642089953,3075.0971721249953,3075.1151223749985,3075.1151223749985,3075.1151223749985,3076.8733042089953,928,1,[1.7579310410001199],[1.7579340000011143],nitya,"001",2025-11-06_18h18.32.798,IBT.exp,,2025.2.0,None,2025-11-06 18h18.33.045031 +0530,
0.4,400,unexp,654,6,54,space,0.41095795800356427,None,837,1,[1.2768659169960301],[1.2768689169970457],54,6,654,1,3076.883817999995,,3076.8734187090013,3076.883817999995,3077.8679951250015,3077.8679951250015,3077.8736431669968,3078.2866148339963,space,0.41095795800356427,None,3078.2880279169985,3078.6890238756646,3078.995975124999,3078.977228042,3078.9790202500008,3078.995975124999,3078.995975124999,3078.995975124999,3080.2730923749987,837,1,[1.2768659169960301],[1.2768689169970457],nitya,"001",2025-11-06_18h18.32.798,IBT.exp,,2025.2.0,None,2025-11-06 18h18.33.045031 +0530,
0.7,1000,exp,655,7,54,space,0.39052525000442984,None,56,1,[1.7921517089998815],[1.7921549589955248],54,7,655,11,3080.2834810419954,,3080.273206375001,3080.2834810419954,3081.268263334001,3081.268263334001,3081.2746714999957,3081.670442458999,space,0.39052525000442984,None,3081.6718474169975,3082.3729022916636,3082.680807083998,3082.661941541999,3082.663825167001,3082.680807083998,3082.680807083998,3082.680807083998,3084.4731951669964,56,1,[1.7921517089998815],[1.7921549589955248],nitya,"001",2025-11-06_18h18.32.798,IBT.exp,,2025.2.0,None,2025-11-06 18h18.33.045031 +0530,
0.7,400,unexp,656,8,54,space,0.5415169580010115,None,876,1,[1.8432079580015852],[1.8432114160023048],54,8,656,2,3084.4835352500013,,3084.473315666997,3084.4835352500013,3085.4681423340007,3085.4681423340007,3085.4742523749956,3086.019744917001,space,0.5415169580010115,None,3086.0214128750013,3086.723543708668,3087.0298787919965,3087.010993666998,3087.012642333997,3087.0298787919965,3087.0298787919965,3087.0298787919965,3088.8733293339974,876,1,[1.8432079580015852],[1.8432114160023048],nitya,"001",2025-11-06_18h18.32.798,IBT.exp,,2025.2.0,None,2025-11-06 18h18.33.045031 +0530,
0.4,1000,exp,657,9,54,space,0.42634041699784575,None,567,1,[1.2969757910032058],[1.2969782910004142],54,9,657,4,3088.8834628339973,,3088.8734447499955,3088.8834628339973,3089.868164499996,3089.868164499996,3089.873930333997,3090.3036764999997,space,0.42634041699784575,None,3090.305008958996,3090.706562791664,3091.012551708998,3090.9943960419987,3090.9958362499965,3091.012551708998,3091.012551708998,3091.012551708998,3092.309783249999,567,1,[1.2969757910032058],[1.2969782910004142],nitya,"001",2025-11-06_18h18.32.798,IBT.exp,,2025.2.0,None,2025-11-06 18h18.33.045031 +0530,
0.7,1000,exp,658,10,54,space,0.9500727499980712,None,875,1,[1.5068224999995437],[1.5068255420046626],54,10,658,8,3092.3168387499973,,3092.3099021669987,3092.3168387499973,3093.307349083996,3093.307349083996,3093.307349083996,3094.2694044589953,space,0.9500727499980712,None,3094.270981666996,3094.9732717916672,3095.2828612919984,3095.263467334,3095.2706608340013,3095.2828612919984,3095.2828612919984,3095.2828612919984,3096.7899214999998,875,1,[1.5068224999995437],[1.5068255420046626],nitya,"001",2025-11-06_18h18.32.798,IBT.exp,,2025.2.0,None,2025-11-06 18h18.33.045031 +0530,
0.4,1000,exp,659,11,54,space,0.5453714160030358,None,827,1,[1.8447965840023244],[1.8447994590023882],54,11,659,7,3096.8001317499948,,3096.7900372919976,3096.8001317499948,3097.7850399169984,3097.7850399169984,3097.7915366249945,3098.3360658749953,space,0.5453714160030358,None,3098.337285374997,3098.7402499586647,3099.0448289169944,3099.0277416249955,3099.0292783339974,3099.0448289169944,3099.0448289169944,3099.0448289169944,3100.889865459001,827,1,[1.8447965840023244],[1.8447994590023882],nitya,"001",2025-11-06_18h18.32.798,IBT.exp,,2025.2.0,None,2025-11-06 18h18.33.045031 +0530,
