pos,corr_resp,thisN,thisTrialN,thisRepN,key_resp.keys,key_resp.corr,key_resp.rt,key_resp.duration,key_resp_2.keys,key_resp_2.corr,key_resp_2.rt,key_resp_2.duration,trials.thisRepN,trials.thisTrialN,trials.thisN,trials.thisIndex,trials_2.thisRepN,trials_2.thisTrialN,trials_2.thisN,trials_2.thisIndex,thisRow.t,notes,trial.started,Fixation.started,line1.started,line2.started,line3.started,line4.started,Fixation.stopped,protrianglefixation.started,key_resp.started,trial.stopped,trials.key_resp.keys,trials.key_resp.corr,trials.key_resp.rt,trials.key_resp.duration,trial_2.started,Fixation_2.started,line1_2.started,line2_2.started,line3_2.started,line4_2.started,Fixation_2.stopped,protrianglefixation_2.started,key_resp_2.started,trial_2.stopped,trials_2.key_resp_2.keys,trials_2.key_resp_2.corr,trials_2.key_resp_2.rt,trials_2.key_resp_2.duration,participant,session,date,expName,expVersion,psychopyVersion,frameRate,expStart,
-50,x,0,0,0,x,1,6.4955963330003215,None,,,,,0,0,0,0,,,,,0.027328666999892448,,0.020162625000011758,0.027328666999892448,1.0136577499997657,1.0136577499997657,1.0136577499997657,1.0136577499997657,1.0244993749993228,2.000802916999419,2.000802916999419,8.69246637499964,x,1,6.4955963330003215,None,,,,,,,,,,,,,,,p-3/200,"001",2025-10-01_15h34.42.852,Motor sequence Learning task_Recent_Experiment_Tutorial 4_Urvashi Bhansali_AU2320139,,2025.2.0,None,2025-10-01 15h34.42.878847 +0530,
150,v,1,1,0,v,1,5.8569619170002625,None,,,,,0,1,1,1,,,,,8.70220212499953,,8.692660041999261,8.70220212499953,9.68224574999931,9.68224574999931,9.68224574999931,9.68224574999931,9.697579041999234,10.690945458999522,10.690945458999522,16.54934904199945,v,1,5.8569619170002625,None,,,,,,,,,,,,,,,p-3/200,"001",2025-10-01_15h34.42.852,Motor sequence Learning task_Recent_Experiment_Tutorial 4_Urvashi Bhansali_AU2320139,,2025.2.0,None,2025-10-01 15h34.42.878847 +0530,
50,c,2,2,0,c,1,0.6910587499996836,None,,,,,0,2,2,2,,,,,16.561084041999493,,16.54992754199975,16.561084041999493,17.548764541999844,17.548764541999844,17.548764541999844,17.548764541999844,17.557882416999746,18.558728624999276,18.558728624999276,19.259047167000062,c,1,0.6910587499996836,None,,,,,,,,,,,,,,,p-3/200,"001",2025-10-01_15h34.42.852,Motor sequence Learning task_Recent_Experiment_Tutorial 4_Urvashi Bhansali_AU2320139,,2025.2.0,None,2025-10-01 15h34.42.878847 +0530,
-150,z,3,3,0,z,1,0.8175144159995398,None,,,,,0,3,3,3,,,,,19.270999041999858,,19.25962670899935,19.270999041999858,20.249648833999345,20.249648833999345,20.249648833999345,20.249648833999345,20.265635333999853,21.25713695899958,21.25713695899958,22.083258374999787,z,1,0.8175144159995398,None,,,,,,,,,,,,,,,p-3/200,"001",2025-10-01_15h34.42.852,Motor sequence Learning task_Recent_Experiment_Tutorial 4_Urvashi Bhansali_AU2320139,,2025.2.0,None,2025-10-01 15h34.42.878847 +0530,
-50,x,4,0,1,x,1,0.8113800410001204,None,,,,,1,0,4,0,,,,,22.09461525000006,,22.083806874999937,22.09461525000006,23.082221499999832,23.082221499999832,23.082221499999832,23.082221499999832,23.09050204199957,24.082328374999634,24.082328374999634,24.899402209000073,x,1,0.8113800410001204,None,,,,,,,,,,,,,,,p-3/200,"001",2025-10-01_15h34.42.852,Motor sequence Learning task_Recent_Experiment_Tutorial 4_Urvashi Bhansali_AU2320139,,2025.2.0,None,2025-10-01 15h34.42.878847 +0530,
150,v,5,1,1,v,1,0.5911482080000496,None,,,,,1,1,5,1,,,,,24.911021249999976,,24.899971249999908,24.911021249999976,25.898502874999394,25.898502874999394,25.898502874999394,25.898502874999394,25.907228833999397,26.890432999999575,26.890432999999575,27.492390624999643,v,1,0.5911482080000496,None,,,,,,,,,,,,,,,p-3/200,"001",2025-10-01_15h34.42.852,Motor sequence Learning task_Recent_Experiment_Tutorial 4_Urvashi Bhansali_AU2320139,,2025.2.0,None,2025-10-01 15h34.42.878847 +0530,
50,c,6,2,1,c,1,0.45785979100037366,None,,,,,1,2,6,2,,,,,27.504384500000015,,27.493010541999865,27.504384500000015,28.482123916999626,28.482123916999626,28.482123916999626,28.482123916999626,28.497695541999747,29.490580874999978,29.490580874999978,29.959441666999737,c,1,0.45785979100037366,None,,,,,,,,,,,,,,,p-3/200,"001",2025-10-01_15h34.42.852,Motor sequence Learning task_Recent_Experiment_Tutorial 4_Urvashi Bhansali_AU2320139,,2025.2.0,None,2025-10-01 15h34.42.878847 +0530,
-150,z,7,3,1,z,1,0.6843775409997761,None,,,,,1,3,7,3,,,,,29.97283187499943,,29.960404083999492,29.97283187499943,30.957079999999223,30.957079999999223,30.957079999999223,30.957079999999223,30.9649676250001,31.957047625000087,31.957047625000087,32.64921612499984,z,1,0.6843775409997761,None,,,,,,,,,,,,,,,p-3/200,"001",2025-10-01_15h34.42.852,Motor sequence Learning task_Recent_Experiment_Tutorial 4_Urvashi Bhansali_AU2320139,,2025.2.0,None,2025-10-01 15h34.42.878847 +0530,
-50,x,8,0,2,x,1,0.7127362080000239,None,,,,,2,0,8,0,,,,,32.66065620900008,,32.64979037499961,32.66065620900008,33.64037449999978,33.64037449999978,33.64037449999978,33.64037449999978,33.65720445899933,34.64872358399953,34.64872358399953,35.36644629199964,x,1,0.7127362080000239,None,,,,,,,,,,,,,,,p-3/200,"001",2025-10-01_15h34.42.852,Motor sequence Learning task_Recent_Experiment_Tutorial 4_Urvashi Bhansali_AU2320139,,2025.2.0,None,2025-10-01 15h34.42.878847 +0530,
150,v,9,1,2,v,1,0.5168055829999503,None,,,,,2,1,9,1,,,,,35.37803620899922,,35.36718787499922,35.37803620899922,36.36492420899958,36.36492420899958,36.36492420899958,36.36492420899958,36.37386824999976,37.365555708999636,37.365555708999636,37.89239062499928,v,1,0.5168055829999503,None,,,,,,,,,,,,,,,p-3/200,"001",2025-10-01_15h34.42.852,Motor sequence Learning task_Recent_Experiment_Tutorial 4_Urvashi Bhansali_AU2320139,,2025.2.0,None,2025-10-01 15h34.42.878847 +0530,
50,c,10,2,2,c,1,0.5747666659999595,None,,,,,2,2,10,2,,,,,37.904321916999834,,37.89305883399993,37.904321916999834,38.89031208399956,38.89031208399956,38.89031208399956,38.89031208399956,38.897358374999385,39.890490083999794,39.890490083999794,40.475335000000086,c,1,0.5747666659999595,None,,,,,,,,,,,,,,,p-3/200,"001",2025-10-01_15h34.42.852,Motor sequence Learning task_Recent_Experiment_Tutorial 4_Urvashi Bhansali_AU2320139,,2025.2.0,None,2025-10-01 15h34.42.878847 +0530,
-150,z,11,3,2,z,1,1.3215839170006802,None,,,,,2,3,11,3,,,,,40.48686449999968,,40.475866709,40.48686449999968,41.473784958999204,41.473784958999204,41.473784958999204,41.473784958999204,41.48168533399985,42.473670916999254,42.473670916999254,43.798756874999526,z,1,1.3215839170006802,None,,,,,,,,,,,,,,,p-3/200,"001",2025-10-01_15h34.42.852,Motor sequence Learning task_Recent_Experiment_Tutorial 4_Urvashi Bhansali_AU2320139,,2025.2.0,None,2025-10-01 15h34.42.878847 +0530,
-50,x,12,0,3,x,1,0.6358667920003427,None,,,,,3,0,12,0,,,,,43.81059216699941,,43.79929766699934,43.81059216699941,44.79039433399976,44.79039433399976,44.79039433399976,44.79039433399976,44.80725233399971,45.79026941699976,45.79026941699976,46.432892333999916,x,1,0.6358667920003427,None,,,,,,,,,,,,,,,p-3/200,"001",2025-10-01_15h34.42.852,Motor sequence Learning task_Recent_Experiment_Tutorial 4_Urvashi Bhansali_AU2320139,,2025.2.0,None,2025-10-01 15h34.42.878847 +0530,
150,v,13,1,3,v,1,0.8002482080000846,None,,,,,3,1,13,1,,,,,46.444428666999556,,46.433432750000065,46.444428666999556,47.43141612499949,47.43141612499949,47.43141612499949,47.43141612499949,47.440528499999346,48.43177662499966,48.43177662499966,49.24283062499944,v,1,0.8002482080000846,None,,,,,,,,,,,,,,,p-3/200,"001",2025-10-01_15h34.42.852,Motor sequence Learning task_Recent_Experiment_Tutorial 4_Urvashi Bhansali_AU2320139,,2025.2.0,None,2025-10-01 15h34.42.878847 +0530,
50,c,14,2,3,c,1,0.39353058300002886,None,,,,,3,2,14,2,,,,,49.255046249999396,,49.24357237499953,49.255046249999396,50.240360916999634,50.240360916999634,50.240360916999634,50.240360916999634,50.24824037500002,51.24028937499952,51.24028937499952,51.64262033399973,c,1,0.39353058300002886,None,,,,,,,,,,,,,,,p-3/200,"001",2025-10-01_15h34.42.852,Motor sequence Learning task_Recent_Experiment_Tutorial 4_Urvashi Bhansali_AU2320139,,2025.2.0,None,2025-10-01 15h34.42.878847 +0530,
-150,z,15,3,3,z,1,0.7747081659999822,None,,,,,3,3,15,3,,,,,51.65146054199977,,51.643278624999766,51.65146054199977,52.64050229199984,52.64050229199984,52.64050229199984,52.64050229199984,52.64813108399994,53.64028791700002,53.64028791700002,54.4257405419994,z,1,0.7747081659999822,None,,,,,,,,,,,,,,,p-3/200,"001",2025-10-01_15h34.42.852,Motor sequence Learning task_Recent_Experiment_Tutorial 4_Urvashi Bhansali_AU2320139,,2025.2.0,None,2025-10-01 15h34.42.878847 +0530,
-50,x,16,0,4,x,1,0.5006873749998704,None,,,,,4,0,16,0,,,,,54.437436208999316,,54.42641749999984,54.437436208999316,55.41592495899931,55.41592495899931,55.41592495899931,55.41592495899931,55.458699458999945,56.41715162499986,56.41715162499986,56.925290416999815,x,1,0.5006873749998704,None,,,,,,,,,,,,,,,p-3/200,"001",2025-10-01_15h34.42.852,Motor sequence Learning task_Recent_Experiment_Tutorial 4_Urvashi Bhansali_AU2320139,,2025.2.0,None,2025-10-01 15h34.42.878847 +0530,
150,v,17,1,4,v,1,0.31602108299921383,None,,,,,4,1,17,1,,,,,56.936833834000026,,56.92584516699935,56.936833834000026,57.91565037500004,57.91565037500004,57.91565037500004,57.91565037500004,57.95867199999975,58.92382649999945,58.92382649999945,59.241849916999854,v,1,0.31602108299921383,None,,,,,,,,,,,,,,,p-3/200,"001",2025-10-01_15h34.42.852,Motor sequence Learning task_Recent_Experiment_Tutorial 4_Urvashi Bhansali_AU2320139,,2025.2.0,None,2025-10-01 15h34.42.878847 +0530,
50,c,18,2,4,c,1,0.48585349999939353,None,,,,,4,2,18,2,,,,,59.253521458999785,,59.24239462500009,59.253521458999785,60.2316499589997,60.2316499589997,60.2316499589997,60.2316499589997,60.24778249999963,61.23196029199971,61.23196029199971,61.72569674999977,c,1,0.48585349999939353,None,,,,,,,,,,,,,,,p-3/200,"001",2025-10-01_15h34.42.852,Motor sequence Learning task_Recent_Experiment_Tutorial 4_Urvashi Bhansali_AU2320139,,2025.2.0,None,2025-10-01 15h34.42.878847 +0530,
-150,z,19,3,4,z,1,0.3219222079997053,None,,,,,4,3,19,3,,,,,61.73759079199954,,61.72631670899955,61.73759079199954,62.72363229199982,62.72363229199982,62.72363229199982,62.72363229199982,62.73108333399978,63.723776458999964,63.723776458999964,64.0497534999995,z,1,0.3219222079997053,None,,,,,,,,,,,,,,,p-3/200,"001",2025-10-01_15h34.42.852,Motor sequence Learning task_Recent_Experiment_Tutorial 4_Urvashi Bhansali_AU2320139,,2025.2.0,None,2025-10-01 15h34.42.878847 +0530,
-50,x,20,0,5,x,1,0.29854304200034676,None,,,,,5,0,20,0,,,,,64.06157804199938,,64.05029712499982,64.06157804199938,65.04856720899988,65.04856720899988,65.04856720899988,65.04856720899988,65.0576377919997,66.04911433399957,66.04911433399957,66.35864816699996,x,1,0.29854304200034676,None,,,,,,,,,,,,,,,p-3/200,"001",2025-10-01_15h34.42.852,Motor sequence Learning task_Recent_Experiment_Tutorial 4_Urvashi Bhansali_AU2320139,,2025.2.0,None,2025-10-01 15h34.42.878847 +0530,
150,v,21,1,5,v,1,0.24225770800057944,None,,,,,5,1,21,1,,,,,66.37034520899942,,66.35922816699986,66.37034520899942,67.35694445899935,67.35694445899935,67.35694445899935,67.35694445899935,67.36420054199971,68.35748079199948,68.35748079199948,68.61033329199927,v,1,0.24225770800057944,None,,,,,,,,,,,,,,,p-3/200,"001",2025-10-01_15h34.42.852,Motor sequence Learning task_Recent_Experiment_Tutorial 4_Urvashi Bhansali_AU2320139,,2025.2.0,None,2025-10-01 15h34.42.878847 +0530,
50,c,22,2,5,c,1,0.18834079200041742,None,,,,,5,2,22,2,,,,,68.6225487089996,,68.61115599999994,68.6225487089996,69.60692616699998,69.60692616699998,69.60692616699998,69.60692616699998,69.61476116699941,70.62519241700011,70.62519241700011,70.81702995899923,c,1,0.18834079200041742,None,,,,,,,,,,,,,,,p-3/200,"001",2025-10-01_15h34.42.852,Motor sequence Learning task_Recent_Experiment_Tutorial 4_Urvashi Bhansali_AU2320139,,2025.2.0,None,2025-10-01 15h34.42.878847 +0530,
-150,z,23,3,5,z,1,0.4332256239995331,None,,,,,5,3,23,3,,,,,70.82787612499942,,70.81753279199984,70.82787612499942,71.81604391699966,71.81604391699966,71.81604391699966,71.81604391699966,71.8417772089997,72.8152849170001,72.8152849170001,73.2598363749994,z,1,0.4332256239995331,None,,,,,,,,,,,,,,,p-3/200,"001",2025-10-01_15h34.42.852,Motor sequence Learning task_Recent_Experiment_Tutorial 4_Urvashi Bhansali_AU2320139,,2025.2.0,None,2025-10-01 15h34.42.878847 +0530,
-50,x,24,0,6,x,1,0.44213433299955796,None,,,,,6,0,24,0,,,,,73.27389383399986,,73.26039141699948,73.27389383399986,74.25700083399988,74.25700083399988,74.25700083399988,74.25700083399988,74.26489541699993,75.25720145899959,75.25720145899959,75.7085754589998,x,1,0.44213433299955796,None,,,,,,,,,,,,,,,p-3/200,"001",2025-10-01_15h34.42.852,Motor sequence Learning task_Recent_Experiment_Tutorial 4_Urvashi Bhansali_AU2320139,,2025.2.0,None,2025-10-01 15h34.42.878847 +0530,
150,v,25,1,6,v,1,0.27301587399961136,None,,,,,6,1,25,1,,,,,75.72046579199923,,75.70919620899986,75.72046579199923,76.70700762499928,76.70700762499928,76.70700762499928,76.70700762499928,76.71444412499932,77.7000505420001,77.7000505420001,77.97559204199933,v,1,0.27301587399961136,None,,,,,,,,,,,,,,,p-3/200,"001",2025-10-01_15h34.42.852,Motor sequence Learning task_Recent_Experiment_Tutorial 4_Urvashi Bhansali_AU2320139,,2025.2.0,None,2025-10-01 15h34.42.878847 +0530,
50,c,26,2,6,c,1,0.4788569579995965,None,,,,,6,2,26,2,,,,,77.98727854199933,,77.97612337499959,77.98727854199933,78.974082834,78.974082834,78.974082834,78.974082834,78.98130154199953,79.97363212499931,79.97363212499931,80.45893012499982,c,1,0.4788569579995965,None,,,,,,,,,,,,,,,p-3/200,"001",2025-10-01_15h34.42.852,Motor sequence Learning task_Recent_Experiment_Tutorial 4_Urvashi Bhansali_AU2320139,,2025.2.0,None,2025-10-01 15h34.42.878847 +0530,
-150,z,27,3,6,z,1,0.5662806250002177,None,,,,,6,3,27,3,,,,,80.47035212499941,,80.4594417089993,80.47035212499941,81.45697666699925,81.45697666699925,81.45697666699925,81.45697666699925,81.4645974999994,82.45705816699956,82.45705816699956,83.02530258399929,z,1,0.5662806250002177,None,,,,,,,,,,,,,,,p-3/200,"001",2025-10-01_15h34.42.852,Motor sequence Learning task_Recent_Experiment_Tutorial 4_Urvashi Bhansali_AU2320139,,2025.2.0,None,2025-10-01 15h34.42.878847 +0530,
-50,x,28,0,7,x,1,0.4447725830004856,None,,,,,7,0,28,0,,,,,83.03684408399931,,83.02592029199968,83.03684408399931,84.02391604199966,84.02391604199966,84.02391604199966,84.02391604199966,84.03116637499988,85.02440337499957,85.02440337499957,85.4756067089993,x,1,0.4447725830004856,None,,,,,,,,,,,,,,,p-3/200,"001",2025-10-01_15h34.42.852,Motor sequence Learning task_Recent_Experiment_Tutorial 4_Urvashi Bhansali_AU2320139,,2025.2.0,None,2025-10-01 15h34.42.878847 +0530,
150,v,29,1,7,v,1,0.770303082999817,None,,,,,7,1,29,1,,,,,85.4866281249997,,85.4761705840001,85.4866281249997,86.46514033399944,86.46514033399944,86.46514033399944,86.46514033399944,86.48096495899972,87.46586366699921,87.46586366699921,88.24191816699931,v,1,0.770303082999817,None,,,,,,,,,,,,,,,p-3/200,"001",2025-10-01_15h34.42.852,Motor sequence Learning task_Recent_Experiment_Tutorial 4_Urvashi Bhansali_AU2320139,,2025.2.0,None,2025-10-01 15h34.42.878847 +0530,
50,c,30,2,7,c,1,0.45704716599993844,None,,,,,7,2,30,2,,,,,88.25317154200002,,88.24242662500001,88.25317154200002,89.23169287499968,89.23169287499968,89.23169287499968,89.23169287499968,89.24745233399972,90.23309891699955,90.23309891699955,90.69359712499954,c,1,0.45704716599993844,None,,,,,,,,,,,,,,,p-3/200,"001",2025-10-01_15h34.42.852,Motor sequence Learning task_Recent_Experiment_Tutorial 4_Urvashi Bhansali_AU2320139,,2025.2.0,None,2025-10-01 15h34.42.878847 +0530,
-150,z,31,3,7,z,1,0.4786605409999538,None,,,,,7,3,31,3,,,,,90.70518749999974,,90.69433187499999,90.70518749999974,91.69030429199938,91.69030429199938,91.69030429199938,91.69030429199938,91.697792209,92.69030654199923,92.69030654199923,93.17558024999926,z,1,0.4786605409999538,None,,,,,,,,,,,,,,,p-3/200,"001",2025-10-01_15h34.42.852,Motor sequence Learning task_Recent_Experiment_Tutorial 4_Urvashi Bhansali_AU2320139,,2025.2.0,None,2025-10-01 15h34.42.878847 +0530,
-50,x,32,0,8,x,1,0.4760571239994533,None,,,,,8,0,32,0,,,,,93.18676912499996,,93.17618616699929,93.18676912499996,94.17386412499945,94.17386412499945,94.17386412499945,94.17386412499945,94.18135441699997,95.1739435419995,95.1739435419995,95.65890929199941,x,1,0.4760571239994533,None,,,,,,,,,,,,,,,p-3/200,"001",2025-10-01_15h34.42.852,Motor sequence Learning task_Recent_Experiment_Tutorial 4_Urvashi Bhansali_AU2320139,,2025.2.0,None,2025-10-01 15h34.42.878847 +0530,
150,v,33,1,8,v,1,0.328847499999938,None,,,,,8,1,33,1,,,,,95.67020529199999,,95.65945516699958,95.67020529199999,96.65699708400007,96.65699708400007,96.65699708400007,96.65699708400007,96.66447587499988,97.65705408399936,97.65705408399936,97.99238891699952,v,1,0.328847499999938,None,,,,,,,,,,,,,,,p-3/200,"001",2025-10-01_15h34.42.852,Motor sequence Learning task_Recent_Experiment_Tutorial 4_Urvashi Bhansali_AU2320139,,2025.2.0,None,2025-10-01 15h34.42.878847 +0530,
50,c,34,2,8,c,1,0.4715098750002653,None,,,,,8,2,34,2,,,,,98.00337887499973,,97.99299999999948,98.00337887499973,98.99031141699925,98.99031141699925,98.99031141699925,98.99031141699925,98.99763041699953,99.99031762499999,99.99031762499999,100.46599162499933,c,1,0.4715098750002653,None,,,,,,,,,,,,,,,p-3/200,"001",2025-10-01_15h34.42.852,Motor sequence Learning task_Recent_Experiment_Tutorial 4_Urvashi Bhansali_AU2320139,,2025.2.0,None,2025-10-01 15h34.42.878847 +0530,
-150,z,35,3,8,z,1,0.42367037500025617,None,,,,,8,3,35,3,,,,,100.47737266700005,,100.46650233399941,100.47737266700005,101.46520758399947,101.46520758399947,101.46520758399947,101.46520758399947,101.47469079199982,102.4651073749992,102.4651073749992,102.8918438339997,z,1,0.42367037500025617,None,,,,,,,,,,,,,,,p-3/200,"001",2025-10-01_15h34.42.852,Motor sequence Learning task_Recent_Experiment_Tutorial 4_Urvashi Bhansali_AU2320139,,2025.2.0,None,2025-10-01 15h34.42.878847 +0530,
-50,x,36,0,9,x,1,0.37146262399983243,None,,,,,9,0,36,0,,,,,102.9037316670001,,102.89275358399937,102.9037316670001,103.89031449999948,103.89031449999948,103.89031449999948,103.89031449999948,103.89819391699984,104.89028395900004,104.89028395900004,105.26657216700005,x,1,0.37146262399983243,None,,,,,,,,,,,,,,,p-3/200,"001",2025-10-01_15h34.42.852,Motor sequence Learning task_Recent_Experiment_Tutorial 4_Urvashi Bhansali_AU2320139,,2025.2.0,None,2025-10-01 15h34.42.878847 +0530,
150,v,37,1,9,v,1,0.34590012499938894,None,,,,,9,1,37,1,,,,,105.27802483399955,,105.26710049999929,105.27802483399955,106.26515374999963,106.26515374999963,106.26515374999963,106.26515374999963,106.27403645899994,107.2648421670001,107.2648421670001,107.61602091699933,v,1,0.34590012499938894,None,,,,,,,,,,,,,,,p-3/200,"001",2025-10-01_15h34.42.852,Motor sequence Learning task_Recent_Experiment_Tutorial 4_Urvashi Bhansali_AU2320139,,2025.2.0,None,2025-10-01 15h34.42.878847 +0530,
50,c,38,2,9,c,1,0.5394485409997287,None,,,,,9,2,38,2,,,,,107.62756054199963,,107.61660983399997,107.62756054199963,108.6149681249999,108.6149681249999,108.6149681249999,108.6149681249999,108.62380979199952,109.61521008399995,109.61521008399995,110.15903816699938,c,1,0.5394485409997287,None,,,,,,,,,,,,,,,p-3/200,"001",2025-10-01_15h34.42.852,Motor sequence Learning task_Recent_Experiment_Tutorial 4_Urvashi Bhansali_AU2320139,,2025.2.0,None,2025-10-01 15h34.42.878847 +0530,
-150,z,39,3,9,z,1,0.8106817500001853,None,,,,,9,3,39,3,,,,,110.17049016700003,,110.15967095899941,110.17049016700003,111.15691174999938,111.15691174999938,111.15691174999938,111.15691174999938,111.16437020899957,112.15692862499964,112.15692862499964,112.9751884999996,z,1,0.8106817500001853,None,,,,,,,,,,,,,,,p-3/200,"001",2025-10-01_15h34.42.852,Motor sequence Learning task_Recent_Experiment_Tutorial 4_Urvashi Bhansali_AU2320139,,2025.2.0,None,2025-10-01 15h34.42.878847 +0530,
-50,x,40,0,10,x,1,0.6317951239998365,None,,,,,10,0,40,0,,,,,112.98631029199987,,112.97569783399922,112.98631029199987,113.97355708399937,113.97355708399937,113.97355708399937,113.97355708399937,113.98088916699999,114.97374362499977,114.97374362499977,115.60876754199944,x,1,0.6317951239998365,None,,,,,,,,,,,,,,,p-3/200,"001",2025-10-01_15h34.42.852,Motor sequence Learning task_Recent_Experiment_Tutorial 4_Urvashi Bhansali_AU2320139,,2025.2.0,None,2025-10-01 15h34.42.878847 +0530,
150,v,41,1,10,v,1,0.5766182919996936,None,,,,,10,1,41,1,,,,,115.61673124999925,,115.60935791699922,115.61673124999925,116.59806833399944,116.59806833399944,116.59806833399944,116.59806833399944,116.61480774999927,117.60684212499928,117.60684212499928,118.19220154199957,v,1,0.5766182919996936,None,,,,,,,,,,,,,,,p-3/200,"001",2025-10-01_15h34.42.852,Motor sequence Learning task_Recent_Experiment_Tutorial 4_Urvashi Bhansali_AU2320139,,2025.2.0,None,2025-10-01 15h34.42.878847 +0530,
50,c,42,2,10,c,1,0.6260290000000168,None,,,,,10,2,42,2,,,,,118.20353075000003,,118.19283854199966,118.20353075000003,119.19054454199977,119.19054454199977,119.19054454199977,119.19054454199977,119.19787658399946,120.19041408399971,120.19041408399971,120.82562258399957,c,1,0.6260290000000168,None,,,,,,,,,,,,,,,p-3/200,"001",2025-10-01_15h34.42.852,Motor sequence Learning task_Recent_Experiment_Tutorial 4_Urvashi Bhansali_AU2320139,,2025.2.0,None,2025-10-01 15h34.42.878847 +0530,
-150,z,43,3,10,z,1,0.27457708299971273,None,,,,,10,3,43,3,,,,,120.83709045899923,,120.82632087499951,120.83709045899923,121.82467624999936,121.82467624999936,121.82467624999936,121.82467624999936,121.83195699999942,122.8236580419998,122.8236580419998,123.1090945420001,z,1,0.27457708299971273,None,,,,,,,,,,,,,,,p-3/200,"001",2025-10-01_15h34.42.852,Motor sequence Learning task_Recent_Experiment_Tutorial 4_Urvashi Bhansali_AU2320139,,2025.2.0,None,2025-10-01 15h34.42.878847 +0530,
-50,x,44,0,11,x,1,0.3433326250005848,None,,,,,11,0,44,0,,,,,123.12069654199968,,123.10971016699932,123.12069654199968,124.107082042,124.107082042,124.107082042,124.107082042,124.11443008399965,125.10687862499981,125.10687862499981,125.45995170900005,x,1,0.3433326250005848,None,,,,,,,,,,,,,,,p-3/200,"001",2025-10-01_15h34.42.852,Motor sequence Learning task_Recent_Experiment_Tutorial 4_Urvashi Bhansali_AU2320139,,2025.2.0,None,2025-10-01 15h34.42.878847 +0530,
150,v,45,1,11,v,1,0.4167557909995594,None,,,,,11,1,45,1,,,,,125.47129716699965,,125.46059541699924,125.47129716699965,126.46568029199989,126.46568029199989,126.46568029199989,126.46568029199989,126.46568029199989,127.45685658399998,127.45685658399998,127.87523720899935,v,1,0.4167557909995594,None,,,,,,,,,,,,,,,p-3/200,"001",2025-10-01_15h34.42.852,Motor sequence Learning task_Recent_Experiment_Tutorial 4_Urvashi Bhansali_AU2320139,,2025.2.0,None,2025-10-01 15h34.42.878847 +0530,
50,c,46,2,11,c,1,0.8772906660005901,None,,,,,11,2,46,2,,,,,127.88681829199959,,127.87577008399967,127.88681829199959,128.87379579199933,128.87379579199933,128.87379579199933,128.87379579199933,128.88127854199956,129.8737229169992,129.8737229169992,130.75914574999933,c,1,0.8772906660005901,None,,,,,,,,,,,,,,,p-3/200,"001",2025-10-01_15h34.42.852,Motor sequence Learning task_Recent_Experiment_Tutorial 4_Urvashi Bhansali_AU2320139,,2025.2.0,None,2025-10-01 15h34.42.878847 +0530,
-150,z,47,3,11,z,1,1.5371886660004748,None,,,,,11,3,47,3,,,,,130.7705285839993,,130.75970874999985,130.7705285839993,131.75713295900005,131.75713295900005,131.75713295900005,131.75713295900005,131.76461929199922,132.75090866699975,132.75090866699975,134.2924273339995,z,1,1.5371886660004748,None,,,,,,,,,,,,,,,p-3/200,"001",2025-10-01_15h34.42.852,Motor sequence Learning task_Recent_Experiment_Tutorial 4_Urvashi Bhansali_AU2320139,,2025.2.0,None,2025-10-01 15h34.42.878847 +0530,
-50,x,48,0,12,x,1,0.3748646240001108,None,,,,,12,0,48,0,,,,,134.3032526249999,,134.29322079199937,134.3032526249999,135.2902127089992,135.2902127089992,135.2902127089992,135.2902127089992,135.29761316699933,136.29017691699937,136.29017691699937,136.67565041699982,x,1,0.3748646240001108,None,,,,,,,,,,,,,,,p-3/200,"001",2025-10-01_15h34.42.852,Motor sequence Learning task_Recent_Experiment_Tutorial 4_Urvashi Bhansali_AU2320139,,2025.2.0,None,2025-10-01 15h34.42.878847 +0530,
150,v,49,1,12,v,1,0.55056145799972,None,,,,,12,1,49,1,,,,,136.6863457089994,,136.67637670899967,136.6863457089994,137.67346774999987,137.67346774999987,137.67346774999987,137.67346774999987,137.68126433399993,138.66542441699949,138.66542441699949,139.22520724999958,v,1,0.55056145799972,None,,,,,,,,,,,,,,,p-3/200,"001",2025-10-01_15h34.42.852,Motor sequence Learning task_Recent_Experiment_Tutorial 4_Urvashi Bhansali_AU2320139,,2025.2.0,None,2025-10-01 15h34.42.878847 +0530,
50,c,50,2,12,x,0,0.4362442910005484,None,,,,,12,2,50,2,,,,,139.23556791699957,,139.2257231249996,139.23556791699957,140.22372174999964,140.22372174999964,140.22372174999964,140.22372174999964,140.23117012500006,141.21567233399946,141.21567233399946,141.65845391699986,x,0,0.4362442910005484,None,,,,,,,,,,,,,,,p-3/200,"001",2025-10-01_15h34.42.852,Motor sequence Learning task_Recent_Experiment_Tutorial 4_Urvashi Bhansali_AU2320139,,2025.2.0,None,2025-10-01 15h34.42.878847 +0530,
-150,z,51,3,12,z,1,0.8488177079998422,None,,,,,12,3,51,3,,,,,141.66903299999922,,141.65901762499925,141.66903299999922,142.65683824999996,142.65683824999996,142.65683824999996,142.65683824999996,142.6646807499992,143.657037209,143.657037209,144.50902837499962,z,1,0.8488177079998422,None,,,,,,,,,,,,,,,p-3/200,"001",2025-10-01_15h34.42.852,Motor sequence Learning task_Recent_Experiment_Tutorial 4_Urvashi Bhansali_AU2320139,,2025.2.0,None,2025-10-01 15h34.42.878847 +0530,
-50,x,52,0,13,x,1,0.8626125000000684,None,,,,,13,0,52,0,,,,,144.51986929199938,,144.50963799999954,144.51986929199938,145.5068126669994,145.5068126669994,145.5068126669994,145.5068126669994,145.51420458399934,146.50724141699993,146.50724141699993,147.37718820899954,x,1,0.8626125000000684,None,,,,,,,,,,,,,,,p-3/200,"001",2025-10-01_15h34.42.852,Motor sequence Learning task_Recent_Experiment_Tutorial 4_Urvashi Bhansali_AU2320139,,2025.2.0,None,2025-10-01 15h34.42.878847 +0530,
150,v,53,1,13,v,1,0.7603004579996195,None,,,,,13,1,53,1,,,,,147.39021599999978,,147.37817316699966,147.39021599999978,148.37357679199977,148.37357679199977,148.37357679199977,148.37357679199977,148.38115762500001,149.37348145899978,149.37348145899978,150.14189987499958,v,1,0.7603004579996195,None,,,,,,,,,,,,,,,p-3/200,"001",2025-10-01_15h34.42.852,Motor sequence Learning task_Recent_Experiment_Tutorial 4_Urvashi Bhansali_AU2320139,,2025.2.0,None,2025-10-01 15h34.42.878847 +0530,
50,c,54,2,13,c,1,0.5828547500004788,None,,,,,13,2,54,2,,,,,150.1518097499993,,150.14244854199933,150.1518097499993,151.13267683399954,151.13267683399954,151.13267683399954,151.13267683399954,151.1490623339996,152.14188820899926,152.14188820899926,152.73208645899922,c,1,0.5828547500004788,None,,,,,,,,,,,,,,,p-3/200,"001",2025-10-01_15h34.42.852,Motor sequence Learning task_Recent_Experiment_Tutorial 4_Urvashi Bhansali_AU2320139,,2025.2.0,None,2025-10-01 15h34.42.878847 +0530,
-150,z,55,3,13,z,1,0.7270752079994054,None,,,,,13,3,55,3,,,,,152.75816979199953,,152.73261245899994,152.75816979199953,153.73148429199955,153.73148429199955,153.73148429199955,153.73148429199955,153.7569922089997,154.72356958399996,154.72356958399996,155.45844074999968,z,1,0.7270752079994054,None,,,,,,,,,,,,,,,p-3/200,"001",2025-10-01_15h34.42.852,Motor sequence Learning task_Recent_Experiment_Tutorial 4_Urvashi Bhansali_AU2320139,,2025.2.0,None,2025-10-01 15h34.42.878847 +0530,
-50,x,56,0,14,x,1,1.0700199999992037,None,,,,,14,0,56,0,,,,,155.46822874999998,,155.45896241699938,155.46822874999998,156.44892045899996,156.44892045899996,156.44892045899996,156.44892045899996,156.46539074999964,157.45754795899938,157.45754795899938,158.53243112499968,x,1,1.0700199999992037,None,,,,,,,,,,,,,,,p-3/200,"001",2025-10-01_15h34.42.852,Motor sequence Learning task_Recent_Experiment_Tutorial 4_Urvashi Bhansali_AU2320139,,2025.2.0,None,2025-10-01 15h34.42.878847 +0530,
150,v,57,1,14,v,1,0.6639852910002446,None,,,,,14,1,57,1,,,,,158.54373529199984,,158.53294995899978,158.54373529199984,159.53138916699936,159.53138916699936,159.53138916699936,159.53138916699936,159.54036383399944,160.52352591699946,160.52352591699946,161.192686417,v,1,0.6639852910002446,None,,,,,,,,,,,,,,,p-3/200,"001",2025-10-01_15h34.42.852,Motor sequence Learning task_Recent_Experiment_Tutorial 4_Urvashi Bhansali_AU2320139,,2025.2.0,None,2025-10-01 15h34.42.878847 +0530,
50,c,58,2,14,c,1,0.9451792909994765,None,,,,,14,2,58,2,,,,,161.20356220899976,,161.19356154199977,161.20356220899976,162.19031558400002,162.19031558400002,162.19031558400002,162.19031558400002,162.19762312500006,163.19021791699925,163.19021791699925,164.14178204199925,c,1,0.9451792909994765,None,,,,,,,,,,,,,,,p-3/200,"001",2025-10-01_15h34.42.852,Motor sequence Learning task_Recent_Experiment_Tutorial 4_Urvashi Bhansali_AU2320139,,2025.2.0,None,2025-10-01 15h34.42.878847 +0530,
-150,z,59,3,14,z,1,0.5575332909993449,None,,,,,14,3,59,3,,,,,164.15266983399943,,164.1422957499999,164.15266983399943,165.13177408399952,165.13177408399952,165.13177408399952,165.13177408399952,165.1477929169996,166.1317629999994,166.1317629999994,166.69217854199997,z,1,0.5575332909993449,None,,,,,,,,,,,,,,,p-3/200,"001",2025-10-01_15h34.42.852,Motor sequence Learning task_Recent_Experiment_Tutorial 4_Urvashi Bhansali_AU2320139,,2025.2.0,None,2025-10-01 15h34.42.878847 +0530,
-50,x,60,0,15,x,1,0.6460562920001394,None,,,,,15,0,60,0,,,,,166.70315558399943,,166.69297129200004,166.70315558399943,167.69017387499935,167.69017387499935,167.69017387499935,167.69017387499935,167.69759604199953,168.6902647500001,168.6902647500001,169.34216141699926,x,1,0.6460562920001394,None,,,,,,,,,,,,,,,p-3/200,"001",2025-10-01_15h34.42.852,Motor sequence Learning task_Recent_Experiment_Tutorial 4_Urvashi Bhansali_AU2320139,,2025.2.0,None,2025-10-01 15h34.42.878847 +0530,
150,v,61,1,15,v,1,1.201913582999623,None,,,,,15,1,61,1,,,,,169.35242512500008,,169.3426661249996,169.35242512500008,170.34019524999985,170.34019524999985,170.34019524999985,170.34019524999985,170.347538084,171.3402509589996,171.3402509589996,172.54943016699963,v,1,1.201913582999623,None,,,,,,,,,,,,,,,p-3/200,"001",2025-10-01_15h34.42.852,Motor sequence Learning task_Recent_Experiment_Tutorial 4_Urvashi Bhansali_AU2320139,,2025.2.0,None,2025-10-01 15h34.42.878847 +0530,
50,c,62,2,15,c,1,1.7547338750000563,None,,,,,15,2,62,2,,,,,172.56052541699955,,172.549949792,172.56052541699955,173.54823220899925,173.54823220899925,173.54823220899925,173.54823220899925,173.55754604199956,174.54838412499976,174.54838412499976,176.3086977919993,c,1,1.7547338750000563,None,,,,,,,,,,,,,,,p-3/200,"001",2025-10-01_15h34.42.852,Motor sequence Learning task_Recent_Experiment_Tutorial 4_Urvashi Bhansali_AU2320139,,2025.2.0,None,2025-10-01 15h34.42.878847 +0530,
-150,z,63,3,15,z,1,0.6583166249993155,None,,,,,15,3,63,3,,,,,176.3190367090001,,176.30919924999944,176.3190367090001,177.3067539169997,177.3067539169997,177.3067539169997,177.3067539169997,177.3142214999998,178.30675029199938,178.30675029199938,178.97685999999976,z,1,0.6583166249993155,None,,,,,,,,,,,,,,,p-3/200,"001",2025-10-01_15h34.42.852,Motor sequence Learning task_Recent_Experiment_Tutorial 4_Urvashi Bhansali_AU2320139,,2025.2.0,None,2025-10-01 15h34.42.878847 +0530,
-50,x,64,0,16,x,1,1.6444157910000285,None,,,,,16,0,64,0,,,,,178.98772083399945,,178.97767020899937,178.98772083399945,179.97358449999956,179.97358449999956,179.97358449999956,179.97358449999956,179.98160208399986,180.9736022090001,180.9736022090001,182.62514787500004,x,1,1.6444157910000285,None,,,,,,,,,,,,,,,p-3/200,"001",2025-10-01_15h34.42.852,Motor sequence Learning task_Recent_Experiment_Tutorial 4_Urvashi Bhansali_AU2320139,,2025.2.0,None,2025-10-01 15h34.42.878847 +0530,
150,v,65,1,16,v,1,1.4024976660002721,None,,,,,16,1,65,1,,,,,182.6372124999998,,182.62573220899958,182.6372124999998,183.6234881249993,183.6234881249993,183.6234881249993,183.6234881249993,183.631034,184.62342545899992,184.62342545899992,186.03293029199995,v,1,1.4024976660002721,None,,,,,,,,,,,,,,,p-3/200,"001",2025-10-01_15h34.42.852,Motor sequence Learning task_Recent_Experiment_Tutorial 4_Urvashi Bhansali_AU2320139,,2025.2.0,None,2025-10-01 15h34.42.878847 +0530,
50,c,66,2,16,c,1,1.5373830830003499,None,,,,,16,2,66,2,,,,,186.0447689169996,,186.03348099999948,186.0447689169996,187.02423241699944,187.02423241699944,187.02423241699944,187.02423241699944,187.04017733399996,188.02342120899993,188.02342120899993,189.5658924169993,c,1,1.5373830830003499,None,,,,,,,,,,,,,,,p-3/200,"001",2025-10-01_15h34.42.852,Motor sequence Learning task_Recent_Experiment_Tutorial 4_Urvashi Bhansali_AU2320139,,2025.2.0,None,2025-10-01 15h34.42.878847 +0530,
-150,z,67,3,16,z,1,0.8865237500003786,None,,,,,16,3,67,3,,,,,189.57755366699985,,189.5664242089997,189.57755366699985,190.56499054199958,190.56499054199958,190.56499054199958,190.56499054199958,190.57373304199973,191.56523366700003,191.56523366700003,192.4585363749993,z,1,0.8865237500003786,None,,,,,,,,,,,,,,,p-3/200,"001",2025-10-01_15h34.42.852,Motor sequence Learning task_Recent_Experiment_Tutorial 4_Urvashi Bhansali_AU2320139,,2025.2.0,None,2025-10-01 15h34.42.878847 +0530,
-50,x,68,0,17,x,1,0.6889982910006438,None,,,,,17,0,68,0,,,,,192.4698884169993,,192.45908016699923,192.4698884169993,193.45680462499968,193.45680462499968,193.45680462499968,193.45680462499968,193.46427233399936,194.45672854199984,194.45672854199984,195.14911099999972,x,1,0.6889982910006438,None,,,,,,,,,,,,,,,p-3/200,"001",2025-10-01_15h34.42.852,Motor sequence Learning task_Recent_Experiment_Tutorial 4_Urvashi Bhansali_AU2320139,,2025.2.0,None,2025-10-01 15h34.42.878847 +0530,
150,v,69,1,17,v,1,0.41205045800052176,None,,,,,17,1,69,1,,,,,195.16095224999935,,195.14963479199923,195.16095224999935,196.14893004199985,196.14893004199985,196.14893004199985,196.14893004199985,196.17487449999953,197.1496224169996,197.1496224169996,197.56557429199984,v,1,0.41205045800052176,None,,,,,,,,,,,,,,,p-3/200,"001",2025-10-01_15h34.42.852,Motor sequence Learning task_Recent_Experiment_Tutorial 4_Urvashi Bhansali_AU2320139,,2025.2.0,None,2025-10-01 15h34.42.878847 +0530,
50,c,70,2,17,c,1,0.5238404580004499,None,,,,,17,2,70,2,,,,,197.57782837499963,,197.56608620899988,197.57782837499963,198.56468545899952,198.56468545899952,198.56468545899952,198.56468545899952,198.57380795900008,199.55669641699933,199.55669641699933,200.0932493749997,c,1,0.5238404580004499,None,,,,,,,,,,,,,,,p-3/200,"001",2025-10-01_15h34.42.852,Motor sequence Learning task_Recent_Experiment_Tutorial 4_Urvashi Bhansali_AU2320139,,2025.2.0,None,2025-10-01 15h34.42.878847 +0530,
-150,z,71,3,17,z,1,0.3465304579995063,None,,,,,17,3,71,3,,,,,200.10531374999937,,200.09394570899985,200.10531374999937,201.09013583399974,201.09013583399974,201.09013583399974,201.09013583399974,201.09742608399938,202.09000449999985,202.09000449999985,202.45972962499945,z,1,0.3465304579995063,None,,,,,,,,,,,,,,,p-3/200,"001",2025-10-01_15h34.42.852,Motor sequence Learning task_Recent_Experiment_Tutorial 4_Urvashi Bhansali_AU2320139,,2025.2.0,None,2025-10-01 15h34.42.878847 +0530,
-50,x,72,0,18,x,1,0.41976900000008754,None,,,,,18,0,72,0,,,,,202.47339708399977,,202.46031287499954,202.47339708399977,203.4566867499998,203.4566867499998,203.4566867499998,203.4566867499998,203.46448333399985,204.45670195899947,204.45670195899947,204.89386016699973,x,1,0.41976900000008754,None,,,,,,,,,,,,,,,p-3/200,"001",2025-10-01_15h34.42.852,Motor sequence Learning task_Recent_Experiment_Tutorial 4_Urvashi Bhansali_AU2320139,,2025.2.0,None,2025-10-01 15h34.42.878847 +0530,
150,v,73,1,18,v,1,0.5533716249992722,None,,,,,18,1,73,1,,,,,204.90688758399938,,204.89493558399954,204.90688758399938,205.89007474999926,205.89007474999926,205.89007474999926,205.89007474999926,205.89756104199932,206.89011595899956,206.89011595899956,207.44878304199938,v,1,0.5533716249992722,None,,,,,,,,,,,,,,,p-3/200,"001",2025-10-01_15h34.42.852,Motor sequence Learning task_Recent_Experiment_Tutorial 4_Urvashi Bhansali_AU2320139,,2025.2.0,None,2025-10-01 15h34.42.878847 +0530,
50,c,74,2,18,c,1,0.2623539999995046,None,,,,,18,2,74,2,,,,,207.46055445899947,,207.4493440419992,207.46055445899947,208.43999641699975,208.43999641699975,208.43999641699975,208.43999641699975,208.4568984589996,209.43995624999934,209.43995624999934,209.70879650000006,c,1,0.2623539999995046,None,,,,,,,,,,,,,,,p-3/200,"001",2025-10-01_15h34.42.852,Motor sequence Learning task_Recent_Experiment_Tutorial 4_Urvashi Bhansali_AU2320139,,2025.2.0,None,2025-10-01 15h34.42.878847 +0530,
-150,z,75,3,18,z,1,2.496620623999661,None,,,,,18,3,75,3,,,,,209.72034274999987,,209.7093566249996,209.72034274999987,210.70679941699927,210.70679941699927,210.70679941699927,210.70679941699927,210.71449829199992,211.70689604199924,211.70689604199924,214.20836899999995,z,1,2.496620623999661,None,,,,,,,,,,,,,,,p-3/200,"001",2025-10-01_15h34.42.852,Motor sequence Learning task_Recent_Experiment_Tutorial 4_Urvashi Bhansali_AU2320139,,2025.2.0,None,2025-10-01 15h34.42.878847 +0530,
-50,x,76,0,19,x,1,0.7243350419994385,None,,,,,19,0,76,0,,,,,214.21996024999953,,214.2089619999997,214.21996024999953,215.20663929199964,215.20663929199964,215.20663929199964,215.20663929199964,215.21397037499992,216.20677533399976,216.20677533399976,216.93340587500006,x,1,0.7243350419994385,None,,,,,,,,,,,,,,,p-3/200,"001",2025-10-01_15h34.42.852,Motor sequence Learning task_Recent_Experiment_Tutorial 4_Urvashi Bhansali_AU2320139,,2025.2.0,None,2025-10-01 15h34.42.878847 +0530,
150,v,77,1,19,v,1,2.7506703330000164,None,,,,,19,1,77,1,,,,,216.9446388339993,,216.93427299999985,216.9446388339993,217.93147999999928,217.93147999999928,217.93147999999928,217.93147999999928,217.93999383399932,218.93166412499977,218.93166412499977,221.69187995899938,v,1,2.7506703330000164,None,,,,,,,,,,,,,,,p-3/200,"001",2025-10-01_15h34.42.852,Motor sequence Learning task_Recent_Experiment_Tutorial 4_Urvashi Bhansali_AU2320139,,2025.2.0,None,2025-10-01 15h34.42.878847 +0530,
50,c,78,2,19,c,1,1.692824957999619,None,,,,,19,2,78,2,,,,,221.70347554199998,,221.6925111669998,221.70347554199998,222.69000574999973,222.69000574999973,222.69000574999973,222.69000574999973,222.69741524999972,223.69008495899925,223.69008495899925,225.39203658399947,c,1,1.692824957999619,None,,,,,,,,,,,,,,,p-3/200,"001",2025-10-01_15h34.42.852,Motor sequence Learning task_Recent_Experiment_Tutorial 4_Urvashi Bhansali_AU2320139,,2025.2.0,None,2025-10-01 15h34.42.878847 +0530,
-150,z,79,3,19,z,1,0.5146717910001826,None,,,,,19,3,79,3,,,,,225.40391820900004,,225.39275237499987,225.40391820900004,226.39005174999966,226.39005174999966,226.39005174999966,226.39005174999966,226.3970954589995,227.3900724999994,227.3900724999994,227.90889174999938,z,1,0.5146717910001826,None,,,,,,,,,,,,,,,p-3/200,"001",2025-10-01_15h34.42.852,Motor sequence Learning task_Recent_Experiment_Tutorial 4_Urvashi Bhansali_AU2320139,,2025.2.0,None,2025-10-01 15h34.42.878847 +0530,
-50,x,80,0,20,x,1,2.067790000000059,None,,,,,20,0,80,0,,,,,227.92072341699986,,227.90958112499993,227.92072341699986,228.90665195899965,228.90665195899965,228.90665195899965,228.90665195899965,228.91421662499943,229.90689124999972,229.90689124999972,231.98318895899956,x,1,2.067790000000059,None,,,,,,,,,,,,,,,p-3/200,"001",2025-10-01_15h34.42.852,Motor sequence Learning task_Recent_Experiment_Tutorial 4_Urvashi Bhansali_AU2320139,,2025.2.0,None,2025-10-01 15h34.42.878847 +0530,
150,v,81,1,20,v,1,3.8980953740001496,None,,,,,20,1,81,1,,,,,231.99432666699977,,231.98368837499947,231.99432666699977,232.98182508399987,232.98182508399987,232.98182508399987,232.98182508399987,232.99096241699954,233.98120279199975,233.98120279199975,237.8824184999994,v,1,3.8980953740001496,None,,,,,,,,,,,,,,,p-3/200,"001",2025-10-01_15h34.42.852,Motor sequence Learning task_Recent_Experiment_Tutorial 4_Urvashi Bhansali_AU2320139,,2025.2.0,None,2025-10-01 15h34.42.878847 +0530,
50,c,82,2,20,c,1,1.992882498999279,None,,,,,20,2,82,2,,,,,237.89456745899952,,237.88293875,237.89456745899952,238.881090459,238.881090459,238.881090459,238.881090459,238.89038808399982,239.88088583399986,239.88088583399986,241.88239766700008,c,1,1.992882498999279,None,,,,,,,,,,,,,,,p-3/200,"001",2025-10-01_15h34.42.852,Motor sequence Learning task_Recent_Experiment_Tutorial 4_Urvashi Bhansali_AU2320139,,2025.2.0,None,2025-10-01 15h34.42.878847 +0530,
-150,z,83,3,20,z,1,0.4848338740002873,None,,,,,20,3,83,3,,,,,241.8939782919997,,241.88294304200008,241.8939782919997,242.88201120899976,242.88201120899976,242.88201120899976,242.88201120899976,242.90822054199998,243.88087316699966,243.88087316699966,244.37553845899947,z,1,0.4848338740002873,None,,,,,,,,,,,,,,,p-3/200,"001",2025-10-01_15h34.42.852,Motor sequence Learning task_Recent_Experiment_Tutorial 4_Urvashi Bhansali_AU2320139,,2025.2.0,None,2025-10-01 15h34.42.878847 +0530,
-50,x,84,0,21,x,1,0.72987804100012,None,,,,,21,0,84,0,,,,,244.3861165419994,,244.37617591699927,244.3861165419994,245.3733982089998,245.3733982089998,245.3733982089998,245.3733982089998,245.38104583399945,246.3734029999996,246.3734029999996,247.10817387499992,x,1,0.72987804100012,None,,,,,,,,,,,,,,,p-3/200,"001",2025-10-01_15h34.42.852,Motor sequence Learning task_Recent_Experiment_Tutorial 4_Urvashi Bhansali_AU2320139,,2025.2.0,None,2025-10-01 15h34.42.878847 +0530,
150,v,85,1,21,v,1,5.404671290999431,None,,,,,21,1,85,1,,,,,247.11896849999994,,247.10866929199983,247.11896849999994,248.10691933399994,248.10691933399994,248.10691933399994,248.10691933399994,248.1140250419994,249.10674366700005,249.10674366700005,254.51609666700006,v,1,5.404671290999431,None,,,,,,,,,,,,,,,p-3/200,"001",2025-10-01_15h34.42.852,Motor sequence Learning task_Recent_Experiment_Tutorial 4_Urvashi Bhansali_AU2320139,,2025.2.0,None,2025-10-01 15h34.42.878847 +0530,
50,c,86,2,21,c,1,1.3244633330004945,None,,,,,21,2,86,2,,,,,254.52739983399988,,254.51660599999923,254.52739983399988,255.515242167,255.515242167,255.515242167,255.515242167,255.52330041699952,256.5149161669997,256.5149161669997,257.8415064999999,c,1,1.3244633330004945,None,,,,,,,,,,,,,,,p-3/200,"001",2025-10-01_15h34.42.852,Motor sequence Learning task_Recent_Experiment_Tutorial 4_Urvashi Bhansali_AU2320139,,2025.2.0,None,2025-10-01 15h34.42.878847 +0530,
-150,z,87,3,21,z,1,2.2124705830001403,None,,,,,21,3,87,3,,,,,257.8522860839994,,257.84199974999956,257.8522860839994,258.8399804589999,258.8399804589999,258.8399804589999,258.8399804589999,258.8472607499998,259.8399254169999,259.8399254169999,262.0586846669994,z,1,2.2124705830001403,None,,,,,,,,,,,,,,,p-3/200,"001",2025-10-01_15h34.42.852,Motor sequence Learning task_Recent_Experiment_Tutorial 4_Urvashi Bhansali_AU2320139,,2025.2.0,None,2025-10-01 15h34.42.878847 +0530,
-50,x,88,0,22,x,1,0.6521816250005941,None,,,,,22,0,88,0,,,,,262.06967770899973,,262.0592603749992,262.06967770899973,263.0566964589998,263.0566964589998,263.0566964589998,263.0566964589998,263.06395958399935,264.0567041669992,264.0567041669992,264.7152027919992,x,1,0.6521816250005941,None,,,,,,,,,,,,,,,p-3/200,"001",2025-10-01_15h34.42.852,Motor sequence Learning task_Recent_Experiment_Tutorial 4_Urvashi Bhansali_AU2320139,,2025.2.0,None,2025-10-01 15h34.42.878847 +0530,
150,v,89,1,22,v,1,3.000936166000429,None,,,,,22,1,89,1,,,,,264.7272384170001,,264.7157131670001,264.7272384170001,265.71496237499923,265.71496237499923,265.71496237499923,265.71496237499923,265.723349459,266.71434299999964,266.71434299999964,269.7255230419996,v,1,3.000936166000429,None,,,,,,,,,,,,,,,p-3/200,"001",2025-10-01_15h34.42.852,Motor sequence Learning task_Recent_Experiment_Tutorial 4_Urvashi Bhansali_AU2320139,,2025.2.0,None,2025-10-01 15h34.42.878847 +0530,
50,c,90,2,22,c,1,1.8625078330005636,None,,,,,22,2,90,2,,,,,269.73783316699974,,269.72628320900003,269.73783316699974,270.7232972920001,270.7232972920001,270.7232972920001,270.7232972920001,270.7309790419995,271.72360358399965,271.72360358399965,273.59151558399935,c,1,1.8625078330005636,None,,,,,,,,,,,,,,,p-3/200,"001",2025-10-01_15h34.42.852,Motor sequence Learning task_Recent_Experiment_Tutorial 4_Urvashi Bhansali_AU2320139,,2025.2.0,None,2025-10-01 15h34.42.878847 +0530,
-150,z,91,3,22,x,0,0.5316475409999839,None,,,,,22,3,91,3,,,,,273.6028200840001,,273.5920389590001,273.6028200840001,274.5902557919999,274.5902557919999,274.5902557919999,274.5902557919999,274.5977204999999,275.59037199999966,275.59037199999966,276.12519529199926,x,0,0.5316475409999839,None,,,,,,,,,,,,,,,p-3/200,"001",2025-10-01_15h34.42.852,Motor sequence Learning task_Recent_Experiment_Tutorial 4_Urvashi Bhansali_AU2320139,,2025.2.0,None,2025-10-01 15h34.42.878847 +0530,
-50,x,92,0,23,x,1,0.9967054990001998,None,,,,,23,0,92,0,,,,,276.13664625,,276.12570637499994,276.13664625,277.1234079169999,277.1234079169999,277.1234079169999,277.1234079169999,277.13070637500005,278.12322454199966,278.12322454199966,279.12584612499995,x,1,0.9967054990001998,None,,,,,,,,,,,,,,,p-3/200,"001",2025-10-01_15h34.42.852,Motor sequence Learning task_Recent_Experiment_Tutorial 4_Urvashi Bhansali_AU2320139,,2025.2.0,None,2025-10-01 15h34.42.878847 +0530,
150,v,93,1,23,v,1,0.6476712079993376,None,,,,,23,1,93,1,,,,,279.13823024999965,,279.1268145839995,279.13823024999965,280.12352937499963,280.12352937499963,280.12352937499963,280.12352937499963,280.13059666699974,281.12322129199947,281.12322129199947,281.77492395899935,v,1,0.6476712079993376,None,,,,,,,,,,,,,,,p-3/200,"001",2025-10-01_15h34.42.852,Motor sequence Learning task_Recent_Experiment_Tutorial 4_Urvashi Bhansali_AU2320139,,2025.2.0,None,2025-10-01 15h34.42.878847 +0530,
50,c,94,2,23,c,1,1.2426233329997558,None,,,,,23,2,94,2,,,,,281.78636745899985,,281.7754494999999,281.78636745899985,282.7733164169995,282.7733164169995,282.7733164169995,282.7733164169995,282.7807270839994,283.7732074589994,283.7732074589994,285.0253859589993,c,1,1.2426233329997558,None,,,,,,,,,,,,,,,p-3/200,"001",2025-10-01_15h34.42.852,Motor sequence Learning task_Recent_Experiment_Tutorial 4_Urvashi Bhansali_AU2320139,,2025.2.0,None,2025-10-01 15h34.42.878847 +0530,
-150,z,95,3,23,z,1,0.4693592499997976,None,,,,,23,3,95,3,,,,,285.0371062919994,,285.0259959999994,285.0371062919994,286.02340449999974,286.02340449999974,286.02340449999974,286.02340449999974,286.03064058399923,287.02346037499956,287.02346037499956,287.4988230839999,z,1,0.4693592499997976,None,,,,,,,,,,,,,,,p-3/200,"001",2025-10-01_15h34.42.852,Motor sequence Learning task_Recent_Experiment_Tutorial 4_Urvashi Bhansali_AU2320139,,2025.2.0,None,2025-10-01 15h34.42.878847 +0530,
-50,x,96,0,24,x,1,2.4001432909999494,None,,,,,24,0,96,0,,,,,287.5105095839999,,287.4993816669994,287.5105095839999,288.4899782089997,288.4899782089997,288.4899782089997,288.4899782089997,288.5067717089996,289.49840866699924,289.49840866699924,291.90873912499956,x,1,2.4001432909999494,None,,,,,,,,,,,,,,,p-3/200,"001",2025-10-01_15h34.42.852,Motor sequence Learning task_Recent_Experiment_Tutorial 4_Urvashi Bhansali_AU2320139,,2025.2.0,None,2025-10-01 15h34.42.878847 +0530,
150,v,97,1,24,v,1,0.6288711659999535,None,,,,,24,1,97,1,,,,,291.9196704169999,,291.9093326249995,291.9196704169999,292.906834292,292.906834292,292.906834292,292.906834292,292.9142741249998,293.8986797089992,293.8986797089992,294.5322914589997,v,1,0.6288711659999535,None,,,,,,,,,,,,,,,p-3/200,"001",2025-10-01_15h34.42.852,Motor sequence Learning task_Recent_Experiment_Tutorial 4_Urvashi Bhansali_AU2320139,,2025.2.0,None,2025-10-01 15h34.42.878847 +0530,
50,c,98,2,24,c,1,0.5900384160004251,None,,,,,24,2,98,2,,,,,294.54380754199974,,294.5329682089996,294.54380754199974,295.53128916700007,295.53128916700007,295.53128916700007,295.53128916700007,295.54023758399944,296.5314392499995,296.5314392499995,297.12546995899993,c,1,0.5900384160004251,None,,,,,,,,,,,,,,,p-3/200,"001",2025-10-01_15h34.42.852,Motor sequence Learning task_Recent_Experiment_Tutorial 4_Urvashi Bhansali_AU2320139,,2025.2.0,None,2025-10-01 15h34.42.878847 +0530,
-150,z,99,3,24,z,1,0.3798831239992069,None,,,,,24,3,99,3,,,,,297.1371315419992,,297.1260791249997,297.1371315419992,298.1240271249999,298.1240271249999,298.1240271249999,298.1240271249999,298.1307436669995,299.1236309999995,299.1236309999995,299.50848204199974,z,1,0.3798831239992069,None,,,,,,,,,,,,,,,p-3/200,"001",2025-10-01_15h34.42.852,Motor sequence Learning task_Recent_Experiment_Tutorial 4_Urvashi Bhansali_AU2320139,,2025.2.0,None,2025-10-01 15h34.42.878847 +0530,
-50,x,100,0,25,x,1,0.3268009579996942,None,,,,,25,0,100,0,,,,,299.5204346669998,,299.5090576249995,299.5204346669998,300.5065999169992,300.5065999169992,300.5065999169992,300.5065999169992,300.5141470839999,301.50665620899963,301.50665620899963,301.8594224169992,x,1,0.3268009579996942,None,,,,,,,,,,,,,,,p-3/200,"001",2025-10-01_15h34.42.852,Motor sequence Learning task_Recent_Experiment_Tutorial 4_Urvashi Bhansali_AU2320139,,2025.2.0,None,2025-10-01 15h34.42.878847 +0530,
150,v,101,1,25,v,1,0.47994687399932445,None,,,,,25,1,101,1,,,,,301.8736223749993,,301.8599654589998,301.8736223749993,302.85671308399924,302.85671308399924,302.85671308399924,302.85671308399924,302.86375274999955,303.85650554199947,303.85650554199947,304.3416382919995,v,1,0.47994687399932445,None,,,,,,,,,,,,,,,p-3/200,"001",2025-10-01_15h34.42.852,Motor sequence Learning task_Recent_Experiment_Tutorial 4_Urvashi Bhansali_AU2320139,,2025.2.0,None,2025-10-01 15h34.42.878847 +0530,
50,c,102,2,25,c,1,0.7401988749998054,None,,,,,25,2,102,2,,,,,304.35320683400005,,304.34241329199995,304.35320683400005,305.33987524999975,305.33987524999975,305.33987524999975,305.33987524999975,305.34713399999964,306.34007858399946,306.34007858399946,307.0818957089996,c,1,0.7401988749998054,None,,,,,,,,,,,,,,,p-3/200,"001",2025-10-01_15h34.42.852,Motor sequence Learning task_Recent_Experiment_Tutorial 4_Urvashi Bhansali_AU2320139,,2025.2.0,None,2025-10-01 15h34.42.878847 +0530,
-150,z,103,3,25,z,1,4.531435208000403,None,,,,,25,3,103,3,,,,,307.0938453339995,,307.08241241699943,307.0938453339995,308.07337149999967,308.07337149999967,308.07337149999967,308.07337149999967,308.0902083339997,309.07323208399976,309.07323208399976,313.60827724999945,z,1,4.531435208000403,None,,,,,,,,,,,,,,,p-3/200,"001",2025-10-01_15h34.42.852,Motor sequence Learning task_Recent_Experiment_Tutorial 4_Urvashi Bhansali_AU2320139,,2025.2.0,None,2025-10-01 15h34.42.878847 +0530,
-50,x,104,0,26,x,1,1.104749332999745,None,,,,,26,0,104,0,,,,,313.62050762499985,,313.60881100000006,313.62050762499985,314.60670562499945,314.60670562499945,314.60670562499945,314.60670562499945,314.6143834169998,315.5984602089993,315.5984602089993,316.7087490419999,x,1,1.104749332999745,None,,,,,,,,,,,,,,,p-3/200,"001",2025-10-01_15h34.42.852,Motor sequence Learning task_Recent_Experiment_Tutorial 4_Urvashi Bhansali_AU2320139,,2025.2.0,None,2025-10-01 15h34.42.878847 +0530,
150,v,105,1,26,v,1,2.405866457999764,None,,,,,26,1,105,1,,,,,316.72085629199955,,316.70939129199996,316.72085629199955,317.70656387500003,317.70656387500003,317.70656387500003,317.70656387500003,317.7141469999997,318.7066436669993,318.7066436669993,321.1144705839997,v,1,2.405866457999764,None,,,,,,,,,,,,,,,p-3/200,"001",2025-10-01_15h34.42.852,Motor sequence Learning task_Recent_Experiment_Tutorial 4_Urvashi Bhansali_AU2320139,,2025.2.0,None,2025-10-01 15h34.42.878847 +0530,
50,c,106,2,26,c,1,1.7231502909999108,None,,,,,26,2,106,2,,,,,321.12335595900004,,321.11488612499943,321.12335595900004,322.10659954199946,322.10659954199946,322.10659954199946,322.10659954199946,322.1144143339998,323.1068685419996,323.1068685419996,324.8321582919998,c,1,1.7231502909999108,None,,,,,,,,,,,,,,,p-3/200,"001",2025-10-01_15h34.42.852,Motor sequence Learning task_Recent_Experiment_Tutorial 4_Urvashi Bhansali_AU2320139,,2025.2.0,None,2025-10-01 15h34.42.878847 +0530,
-150,z,107,3,26,z,1,2.4087444159995357,None,,,,,26,3,107,3,,,,,324.84384412500003,,324.8326749170001,324.84384412500003,325.8311143339997,325.8311143339997,325.8311143339997,325.8311143339997,325.8401922919993,326.8313853339996,326.8313853339996,329.2534108339996,z,1,2.4087444159995357,None,,,,,,,,,,,,,,,p-3/200,"001",2025-10-01_15h34.42.852,Motor sequence Learning task_Recent_Experiment_Tutorial 4_Urvashi Bhansali_AU2320139,,2025.2.0,None,2025-10-01 15h34.42.878847 +0530,
-50,x,108,0,27,x,1,2.3184502909998628,None,,,,,27,0,108,0,,,,,329.26133024999945,,329.2539689999994,329.26133024999945,330.24796779200005,330.24796779200005,330.24796779200005,330.24796779200005,330.2569133749994,331.2482359169999,331.2482359169999,333.57555237499946,x,1,2.3184502909998628,None,,,,,,,,,,,,,,,p-3/200,"001",2025-10-01_15h34.42.852,Motor sequence Learning task_Recent_Experiment_Tutorial 4_Urvashi Bhansali_AU2320139,,2025.2.0,None,2025-10-01 15h34.42.878847 +0530,
150,v,109,1,27,v,1,0.8488334160001614,None,,,,,27,1,109,1,,,,,333.58747462499923,,333.5764852499997,333.58747462499923,334.57323020900003,334.57323020900003,334.57323020900003,334.57323020900003,334.58094449999953,335.59143312499964,335.59143312499964,336.4417755839995,v,1,0.8488334160001614,None,,,,,,,,,,,,,,,p-3/200,"001",2025-10-01_15h34.42.852,Motor sequence Learning task_Recent_Experiment_Tutorial 4_Urvashi Bhansali_AU2320139,,2025.2.0,None,2025-10-01 15h34.42.878847 +0530,
50,c,110,2,27,c,1,1.147337124999467,None,,,,,27,2,110,2,,,,,336.45271087499987,,336.44233958399946,336.45271087499987,337.4313225420001,337.4313225420001,337.4313225420001,337.4313225420001,337.47489045899965,338.4398893339994,338.4398893339994,339.59199575,c,1,1.147337124999467,None,,,,,,,,,,,,,,,p-3/200,"001",2025-10-01_15h34.42.852,Motor sequence Learning task_Recent_Experiment_Tutorial 4_Urvashi Bhansali_AU2320139,,2025.2.0,None,2025-10-01 15h34.42.878847 +0530,
-150,z,111,3,27,z,1,0.4149524990007194,None,,,,,27,3,111,3,,,,,339.6045012499999,,339.59279433399934,339.6045012499999,340.5900065420001,340.5900065420001,340.5900065420001,340.5900065420001,340.59755541699997,341.60821099999976,341.60821099999976,342.02472183400005,z,1,0.4149524990007194,None,,,,,,,,,,,,,,,p-3/200,"001",2025-10-01_15h34.42.852,Motor sequence Learning task_Recent_Experiment_Tutorial 4_Urvashi Bhansali_AU2320139,,2025.2.0,None,2025-10-01 15h34.42.878847 +0530,
-50,x,112,0,28,x,1,1.6074679579996882,None,,,,,28,0,112,0,,,,,342.0368119999994,,342.02524695899956,342.0368119999994,343.01450820899936,343.01450820899936,343.01450820899936,343.01450820899936,343.0310852089997,344.0146056249996,344.0146056249996,345.62515395899936,x,1,1.6074679579996882,None,,,,,,,,,,,,,,,p-3/200,"001",2025-10-01_15h34.42.852,Motor sequence Learning task_Recent_Experiment_Tutorial 4_Urvashi Bhansali_AU2320139,,2025.2.0,None,2025-10-01 15h34.42.878847 +0530,
150,v,113,1,28,v,1,1.0607735409994348,None,,,,,28,1,113,1,,,,,345.6373954999999,,345.6257814589999,345.6373954999999,346.6233253339997,346.6233253339997,346.6233253339997,346.6233253339997,346.6305593339994,347.62414779199935,347.62414779199935,348.69191420900006,v,1,1.0607735409994348,None,,,,,,,,,,,,,,,p-3/200,"001",2025-10-01_15h34.42.852,Motor sequence Learning task_Recent_Experiment_Tutorial 4_Urvashi Bhansali_AU2320139,,2025.2.0,None,2025-10-01 15h34.42.878847 +0530,
50,c,114,2,28,c,1,0.5719276669997271,None,,,,,28,2,114,2,,,,,348.70405729199956,,348.6926414999998,348.70405729199956,349.68268533399987,349.68268533399987,349.68268533399987,349.68268533399987,349.7249024590001,350.6899811249996,350.6899811249996,351.2655047089993,c,1,0.5719276669997271,None,,,,,,,,,,,,,,,p-3/200,"001",2025-10-01_15h34.42.852,Motor sequence Learning task_Recent_Experiment_Tutorial 4_Urvashi Bhansali_AU2320139,,2025.2.0,None,2025-10-01 15h34.42.878847 +0530,
-150,z,115,3,28,z,1,0.7141455830005725,None,,,,,28,3,115,3,,,,,351.2771606669994,,351.26605020899933,351.2771606669994,352.26436225,352.26436225,352.26436225,352.26436225,352.2733101670001,353.264686042,353.264686042,353.98210895899956,z,1,0.7141455830005725,None,,,,,,,,,,,,,,,p-3/200,"001",2025-10-01_15h34.42.852,Motor sequence Learning task_Recent_Experiment_Tutorial 4_Urvashi Bhansali_AU2320139,,2025.2.0,None,2025-10-01 15h34.42.878847 +0530,
-50,x,116,0,29,x,1,0.9679048329999205,None,,,,,29,0,116,0,,,,,353.9941022089997,,353.9827842089999,353.9941022089997,354.9813211669998,354.9813211669998,354.9813211669998,354.9813211669998,354.9905197089993,355.9807811669998,355.9807811669998,356.9587125419994,x,1,0.9679048329999205,None,,,,,,,,,,,,,,,p-3/200,"001",2025-10-01_15h34.42.852,Motor sequence Learning task_Recent_Experiment_Tutorial 4_Urvashi Bhansali_AU2320139,,2025.2.0,None,2025-10-01 15h34.42.878847 +0530,
150,v,117,1,29,v,1,2.2934689160001653,None,,,,,29,1,117,1,,,,,356.9704545839995,,356.9592834589994,356.9704545839995,357.95654687499973,357.95654687499973,357.95654687499973,357.95654687499973,357.9642521249998,358.9571094999992,358.9571094999992,361.25844741699984,v,1,2.2934689160001653,None,,,,,,,,,,,,,,,p-3/200,"001",2025-10-01_15h34.42.852,Motor sequence Learning task_Recent_Experiment_Tutorial 4_Urvashi Bhansali_AU2320139,,2025.2.0,None,2025-10-01 15h34.42.878847 +0530,
50,c,118,2,29,c,1,4.628854792000311,None,,,,,29,2,118,2,,,,,361.270522625,,361.2590280839995,361.270522625,362.2565060419993,362.2565060419993,362.2565060419993,362.2565060419993,362.26436099999955,363.2565421669997,363.2565421669997,367.8916746669993,c,1,4.628854792000311,None,,,,,,,,,,,,,,,p-3/200,"001",2025-10-01_15h34.42.852,Motor sequence Learning task_Recent_Experiment_Tutorial 4_Urvashi Bhansali_AU2320139,,2025.2.0,None,2025-10-01 15h34.42.878847 +0530,
-150,z,119,3,29,z,1,1.5150610410000809,None,,,,,29,3,119,3,,,,,367.9032971249999,,367.8923133749995,367.9032971249999,368.8901047089994,368.8901047089994,368.8901047089994,368.8901047089994,368.8972951249998,369.889832459,369.889832459,371.4081899169996,z,1,1.5150610410000809,None,,,,,,,,,,,,,,,p-3/200,"001",2025-10-01_15h34.42.852,Motor sequence Learning task_Recent_Experiment_Tutorial 4_Urvashi Bhansali_AU2320139,,2025.2.0,None,2025-10-01 15h34.42.878847 +0530,
-50,x,120,0,30,x,1,1.0153462919997764,None,,,,,30,0,120,0,,,,,371.4198883749996,,371.4088511249993,371.4198883749996,372.40650208399984,372.40650208399984,372.40650208399984,372.40650208399984,372.41391020899937,373.40645754199977,373.40645754199977,374.42539187500006,x,1,1.0153462919997764,None,,,,,,,,,,,,,,,p-3/200,"001",2025-10-01_15h34.42.852,Motor sequence Learning task_Recent_Experiment_Tutorial 4_Urvashi Bhansali_AU2320139,,2025.2.0,None,2025-10-01 15h34.42.878847 +0530,
150,v,121,1,30,v,1,0.8095773329996518,None,,,,,30,1,121,1,,,,,374.44010583399995,,374.4262929589995,374.44010583399995,375.4230755419994,375.4230755419994,375.4230755419994,375.4230755419994,375.43089441699976,376.4231357919998,376.4231357919998,377.24190479199933,v,1,0.8095773329996518,None,,,,,,,,,,,,,,,p-3/200,"001",2025-10-01_15h34.42.852,Motor sequence Learning task_Recent_Experiment_Tutorial 4_Urvashi Bhansali_AU2320139,,2025.2.0,None,2025-10-01 15h34.42.878847 +0530,
50,c,122,2,30,c,1,1.3749124160003703,None,,,,,30,2,122,2,,,,,377.2536664999998,,377.24253899999985,377.2536664999998,378.23981616699984,378.23981616699984,378.23981616699984,378.23981616699984,378.2474104590001,379.23975574999986,379.23975574999986,380.62485899999956,c,1,1.3749124160003703,None,,,,,,,,,,,,,,,p-3/200,"001",2025-10-01_15h34.42.852,Motor sequence Learning task_Recent_Experiment_Tutorial 4_Urvashi Bhansali_AU2320139,,2025.2.0,None,2025-10-01 15h34.42.878847 +0530,
-150,z,123,3,30,z,1,0.7434295829998518,None,,,,,30,3,123,3,,,,,380.6371431669995,,380.6254359169998,380.6371431669995,381.62340012499953,381.62340012499953,381.62340012499953,381.62340012499953,381.63090804199965,382.6231578749994,382.6231578749994,383.3750259169992,z,1,0.7434295829998518,None,,,,,,,,,,,,,,,p-3/200,"001",2025-10-01_15h34.42.852,Motor sequence Learning task_Recent_Experiment_Tutorial 4_Urvashi Bhansali_AU2320139,,2025.2.0,None,2025-10-01 15h34.42.878847 +0530,
-50,x,124,0,31,x,1,1.2672521249996862,None,,,,,31,0,124,0,,,,,383.3871245419996,,383.37561729199933,383.3871245419996,384.37306612499924,384.37306612499924,384.37306612499924,384.37306612499924,384.3809872089996,385.37332620899997,385.37332620899997,386.6488374999999,x,1,1.2672521249996862,None,,,,,,,,,,,,,,,p-3/200,"001",2025-10-01_15h34.42.852,Motor sequence Learning task_Recent_Experiment_Tutorial 4_Urvashi Bhansali_AU2320139,,2025.2.0,None,2025-10-01 15h34.42.878847 +0530,
150,v,125,1,31,v,1,0.5415647909994732,None,,,,,31,1,125,1,,,,,386.6606073749999,,386.6493714999997,386.6606073749999,387.6472208749992,387.6472208749992,387.6472208749992,387.6472208749992,387.6567871669995,388.6479148749995,388.6479148749995,389.19261533400004,v,1,0.5415647909994732,None,,,,,,,,,,,,,,,p-3/200,"001",2025-10-01_15h34.42.852,Motor sequence Learning task_Recent_Experiment_Tutorial 4_Urvashi Bhansali_AU2320139,,2025.2.0,None,2025-10-01 15h34.42.878847 +0530,
50,c,126,2,31,c,1,0.8176076249992548,None,,,,,31,2,126,2,,,,,389.20181129199955,,389.19304495899996,389.20181129199955,390.18972904199927,390.18972904199927,390.18972904199927,390.18972904199927,390.1971969999995,391.1897719999997,391.1897719999997,392.01545233399975,c,1,0.8176076249992548,None,,,,,,,,,,,,,,,p-3/200,"001",2025-10-01_15h34.42.852,Motor sequence Learning task_Recent_Experiment_Tutorial 4_Urvashi Bhansali_AU2320139,,2025.2.0,None,2025-10-01 15h34.42.878847 +0530,
-150,z,127,3,31,z,1,2.5872870829998647,None,,,,,31,3,127,3,,,,,392.0267824169996,,392.01599791699937,392.0267824169996,393.0147880839995,393.0147880839995,393.0147880839995,393.0147880839995,393.02320466699985,394.0148482499999,394.0148482499999,396.6084622499993,z,1,2.5872870829998647,None,,,,,,,,,,,,,,,p-3/200,"001",2025-10-01_15h34.42.852,Motor sequence Learning task_Recent_Experiment_Tutorial 4_Urvashi Bhansali_AU2320139,,2025.2.0,None,2025-10-01 15h34.42.878847 +0530,
-50,x,128,0,32,x,1,0.5422823750004682,None,,,,,32,0,128,0,,,,,396.6190014999993,,396.609092959,396.6190014999993,397.60643995899954,397.60643995899954,397.60643995899954,397.60643995899954,397.61429854199923,398.6073173340001,398.6073173340001,399.158423375,x,1,0.5422823750004682,None,,,,,,,,,,,,,,,p-3/200,"001",2025-10-01_15h34.42.852,Motor sequence Learning task_Recent_Experiment_Tutorial 4_Urvashi Bhansali_AU2320139,,2025.2.0,None,2025-10-01 15h34.42.878847 +0530,
150,v,129,1,32,v,1,0.5200075000002471,None,,,,,32,1,129,1,,,,,399.1695327089992,,399.15908120899985,399.1695327089992,400.1566136249994,400.1566136249994,400.1566136249994,400.1566136249994,400.164409,401.14854637499957,401.14854637499957,401.67521124999985,v,1,0.5200075000002471,None,,,,,,,,,,,,,,,p-3/200,"001",2025-10-01_15h34.42.852,Motor sequence Learning task_Recent_Experiment_Tutorial 4_Urvashi Bhansali_AU2320139,,2025.2.0,None,2025-10-01 15h34.42.878847 +0530,
50,c,130,2,32,c,1,0.1395607080003174,None,,,,,32,2,130,2,,,,,401.6864532089994,,401.6758522499995,401.6864532089994,402.67311283399977,402.67311283399977,402.67311283399977,402.67311283399977,402.68047491699963,403.6730474169999,403.6730474169999,403.8152267919995,c,1,0.1395607080003174,None,,,,,,,,,,,,,,,p-3/200,"001",2025-10-01_15h34.42.852,Motor sequence Learning task_Recent_Experiment_Tutorial 4_Urvashi Bhansali_AU2320139,,2025.2.0,None,2025-10-01 15h34.42.878847 +0530,
-150,z,131,3,32,z,1,0.6189101660002052,None,,,,,32,3,131,3,,,,,403.8268763749993,,403.8157203339997,403.8268763749993,404.8064487089996,404.8064487089996,404.8064487089996,404.8064487089996,404.82336633399973,405.8146609589994,405.8146609589994,406.4414433339998,z,1,0.6189101660002052,None,,,,,,,,,,,,,,,p-3/200,"001",2025-10-01_15h34.42.852,Motor sequence Learning task_Recent_Experiment_Tutorial 4_Urvashi Bhansali_AU2320139,,2025.2.0,None,2025-10-01 15h34.42.878847 +0530,
-50,x,132,0,33,x,1,0.7515865000004851,None,,,,,33,0,132,0,,,,,406.4519918749993,,406.44197270899986,406.4519918749993,407.44065895899985,407.44065895899985,407.44065895899985,407.44065895899985,407.4477426249996,408.4397327500001,408.4397327500001,409.1989857919998,x,1,0.7515865000004851,None,,,,,,,,,,,,,,,p-3/200,"001",2025-10-01_15h34.42.852,Motor sequence Learning task_Recent_Experiment_Tutorial 4_Urvashi Bhansali_AU2320139,,2025.2.0,None,2025-10-01 15h34.42.878847 +0530,
150,v,133,1,33,v,1,0.4694568740005707,None,,,,,33,1,133,1,,,,,409.2104819169999,,409.19950495899957,409.2104819169999,410.1979218339993,410.1979218339993,410.1979218339993,410.1979218339993,410.20653170900005,411.1979544169999,411.1979544169999,411.6752298749998,v,1,0.4694568740005707,None,,,,,,,,,,,,,,,p-3/200,"001",2025-10-01_15h34.42.852,Motor sequence Learning task_Recent_Experiment_Tutorial 4_Urvashi Bhansali_AU2320139,,2025.2.0,None,2025-10-01 15h34.42.878847 +0530,
50,c,134,2,33,c,1,0.7062666239999089,None,,,,,33,2,134,2,,,,,411.686093667,,411.675883334,411.686093667,412.6730453749997,412.6730453749997,412.6730453749997,412.6730453749997,412.6811283749994,413.67303829199955,413.67303829199955,414.3822581249997,c,1,0.7062666239999089,None,,,,,,,,,,,,,,,p-3/200,"001",2025-10-01_15h34.42.852,Motor sequence Learning task_Recent_Experiment_Tutorial 4_Urvashi Bhansali_AU2320139,,2025.2.0,None,2025-10-01 15h34.42.878847 +0530,
-150,z,135,3,33,z,1,1.2052674579999803,None,,,,,33,3,135,3,,,,,414.3940573339996,,414.3828104999993,414.3940573339996,415.3730044999993,415.3730044999993,415.3730044999993,415.3730044999993,415.3899771669994,416.38098249999985,416.38098249999985,417.59131516699927,z,1,1.2052674579999803,None,,,,,,,,,,,,,,,p-3/200,"001",2025-10-01_15h34.42.852,Motor sequence Learning task_Recent_Experiment_Tutorial 4_Urvashi Bhansali_AU2320139,,2025.2.0,None,2025-10-01 15h34.42.878847 +0530,
-50,x,136,0,34,x,1,0.5294074580006054,None,,,,,34,0,136,0,,,,,417.60209883399966,,417.5918437499995,417.60209883399966,418.5898073339995,418.5898073339995,418.5898073339995,418.5898073339995,418.5968351249994,419.58967937499983,419.58967937499983,420.12571033399945,x,1,0.5294074580006054,None,,,,,,,,,,,,,,,p-3/200,"001",2025-10-01_15h34.42.852,Motor sequence Learning task_Recent_Experiment_Tutorial 4_Urvashi Bhansali_AU2320139,,2025.2.0,None,2025-10-01 15h34.42.878847 +0530,
150,v,137,1,34,v,1,3.0950105410001925,None,,,,,34,1,137,1,,,,,420.13616583399926,,420.1262827089995,420.13616583399926,421.123171792,421.123171792,421.123171792,421.123171792,421.1303815839992,422.1231400839997,422.1231400839997,425.2252349999999,v,1,3.0950105410001925,None,,,,,,,,,,,,,,,p-3/200,"001",2025-10-01_15h34.42.852,Motor sequence Learning task_Recent_Experiment_Tutorial 4_Urvashi Bhansali_AU2320139,,2025.2.0,None,2025-10-01 15h34.42.878847 +0530,
50,c,138,2,34,v,0,0.3604649580001933,None,,,,,34,2,138,2,,,,,425.2355610839995,,425.22587416699935,425.2355610839995,426.22339458399983,426.22339458399983,426.22339458399983,426.22339458399983,426.23038983399965,427.2236065419993,427.2236065419993,427.59138879199963,v,0,0.3604649580001933,None,,,,,,,,,,,,,,,p-3/200,"001",2025-10-01_15h34.42.852,Motor sequence Learning task_Recent_Experiment_Tutorial 4_Urvashi Bhansali_AU2320139,,2025.2.0,None,2025-10-01 15h34.42.878847 +0530,
-150,z,139,3,34,z,1,0.6873526250001305,None,,,,,34,3,139,3,,,,,427.6018531669997,,427.59194120899974,427.6018531669997,428.58994595900003,428.58994595900003,428.58994595900003,428.58994595900003,428.5972737919992,429.5896267089993,429.5896267089993,430.2820926249997,z,1,0.6873526250001305,None,,,,,,,,,,,,,,,p-3/200,"001",2025-10-01_15h34.42.852,Motor sequence Learning task_Recent_Experiment_Tutorial 4_Urvashi Bhansali_AU2320139,,2025.2.0,None,2025-10-01 15h34.42.878847 +0530,
-50,x,140,0,35,x,1,0.4992440419991908,None,,,,,35,0,140,0,,,,,430.2936213339999,,430.282633584,430.2936213339999,431.28119108400006,431.28119108400006,431.28119108400006,431.28119108400006,431.290053834,432.2806634999997,432.2806634999997,432.7817344999994,x,1,0.4992440419991908,None,,,,,,,,,,,,,,,p-3/200,"001",2025-10-01_15h34.42.852,Motor sequence Learning task_Recent_Experiment_Tutorial 4_Urvashi Bhansali_AU2320139,,2025.2.0,None,2025-10-01 15h34.42.878847 +0530,
150,v,141,1,35,v,1,0.5418307500003721,None,,,,,35,1,141,1,,,,,432.79337220899924,,432.7822720839995,432.79337220899924,433.7811195839995,433.7811195839995,433.7811195839995,433.7811195839995,433.7897324589994,434.7810133339999,434.7810133339999,435.32455587499953,v,1,0.5418307500003721,None,,,,,,,,,,,,,,,p-3/200,"001",2025-10-01_15h34.42.852,Motor sequence Learning task_Recent_Experiment_Tutorial 4_Urvashi Bhansali_AU2320139,,2025.2.0,None,2025-10-01 15h34.42.878847 +0530,
50,c,142,2,35,c,1,3.875261082999714,None,,,,,35,2,142,2,,,,,435.33418037499996,,435.32510583399926,435.33418037499996,436.3144202499998,436.3144202499998,436.3144202499998,436.3144202499998,436.33065020899994,437.3154340839992,437.3154340839992,441.19912995899995,c,1,3.875261082999714,None,,,,,,,,,,,,,,,p-3/200,"001",2025-10-01_15h34.42.852,Motor sequence Learning task_Recent_Experiment_Tutorial 4_Urvashi Bhansali_AU2320139,,2025.2.0,None,2025-10-01 15h34.42.878847 +0530,
-150,z,143,3,35,z,1,3.5394402490001085,None,,,,,35,3,143,3,,,,,441.2108604999994,,441.19969112499984,441.2108604999994,442.1977264999996,442.1977264999996,442.1977264999996,442.1977264999996,442.2070897089998,443.1971984169995,443.1971984169995,446.741322459,z,1,3.5394402490001085,None,,,,,,,,,,,,,,,p-3/200,"001",2025-10-01_15h34.42.852,Motor sequence Learning task_Recent_Experiment_Tutorial 4_Urvashi Bhansali_AU2320139,,2025.2.0,None,2025-10-01 15h34.42.878847 +0530,
-50,x,144,0,36,x,1,4.429727415999878,None,,,,,36,0,144,0,,,,,446.7529957500001,,446.74181720899924,446.7529957500001,447.7396781669995,447.7396781669995,447.7396781669995,447.7396781669995,447.7474543339995,448.7396177499995,448.7396177499995,453.1748001669994,x,1,4.429727415999878,None,,,,,,,,,,,,,,,p-3/200,"001",2025-10-01_15h34.42.852,Motor sequence Learning task_Recent_Experiment_Tutorial 4_Urvashi Bhansali_AU2320139,,2025.2.0,None,2025-10-01 15h34.42.878847 +0530,
150,v,145,1,36,b,0,1.5431817499993485,None,,,,,36,1,145,1,,,,,453.18641441699947,,453.1753150839995,453.18641441699947,454.17307529199934,454.17307529199934,454.17307529199934,454.17307529199934,454.1806638749995,455.1731762919999,455.1731762919999,456.7248363339995,b,0,1.5431817499993485,None,,,,,,,,,,,,,,,p-3/200,"001",2025-10-01_15h34.42.852,Motor sequence Learning task_Recent_Experiment_Tutorial 4_Urvashi Bhansali_AU2320139,,2025.2.0,None,2025-10-01 15h34.42.878847 +0530,
50,c,146,2,36,c,1,1.9543114160005643,None,,,,,36,2,146,2,,,,,456.73706558399954,,456.72538387499935,456.73706558399954,457.7230899169999,457.7230899169999,457.7230899169999,457.7230899169999,457.7303429169997,458.7229523339993,458.7229523339993,460.68225449999954,c,1,1.9543114160005643,None,,,,,,,,,,,,,,,p-3/200,"001",2025-10-01_15h34.42.852,Motor sequence Learning task_Recent_Experiment_Tutorial 4_Urvashi Bhansali_AU2320139,,2025.2.0,None,2025-10-01 15h34.42.878847 +0530,
-150,z,147,3,36,z,1,0.5647562919994016,None,,,,,36,3,147,3,,,,,460.69306329199935,,460.6827553339999,460.69306329199935,461.6810328749998,461.6810328749998,461.6810328749998,461.6810328749998,461.689907125,462.6814172919994,462.6814172919994,463.2480492499999,z,1,0.5647562919994016,None,,,,,,,,,,,,,,,p-3/200,"001",2025-10-01_15h34.42.852,Motor sequence Learning task_Recent_Experiment_Tutorial 4_Urvashi Bhansali_AU2320139,,2025.2.0,None,2025-10-01 15h34.42.878847 +0530,
-50,x,148,0,37,x,1,0.6239139579993207,None,,,,,37,0,148,0,,,,,463.25979791699956,,463.2485866669995,463.25979791699956,464.23964558399985,464.23964558399985,464.23964558399985,464.23964558399985,464.2565719589993,465.24820304199966,465.24820304199966,465.87513616699925,x,1,0.6239139579993207,None,,,,,,,,,,,,,,,p-3/200,"001",2025-10-01_15h34.42.852,Motor sequence Learning task_Recent_Experiment_Tutorial 4_Urvashi Bhansali_AU2320139,,2025.2.0,None,2025-10-01 15h34.42.878847 +0530,
150,v,149,1,37,v,1,1.0357781250004336,None,,,,,37,1,149,1,,,,,465.88630379200004,,465.8758708339992,465.88630379200004,466.86594179199983,466.86594179199983,466.86594179199983,466.86594179199983,466.9080747499993,467.8731848749994,467.8731848749994,468.91614254199976,v,1,1.0357781250004336,None,,,,,,,,,,,,,,,p-3/200,"001",2025-10-01_15h34.42.852,Motor sequence Learning task_Recent_Experiment_Tutorial 4_Urvashi Bhansali_AU2320139,,2025.2.0,None,2025-10-01 15h34.42.878847 +0530,
50,c,150,2,37,c,1,2.4459662080007547,None,,,,,37,2,150,2,,,,,468.9275603339993,,468.9170007089997,468.9275603339993,469.9139686669996,469.9139686669996,469.9139686669996,469.9139686669996,469.92319012499956,470.9145569169996,470.9145569169996,473.3654043339993,c,1,2.4459662080007547,None,,,,,,,,,,,,,,,p-3/200,"001",2025-10-01_15h34.42.852,Motor sequence Learning task_Recent_Experiment_Tutorial 4_Urvashi Bhansali_AU2320139,,2025.2.0,None,2025-10-01 15h34.42.878847 +0530,
-150,z,151,3,37,z,1,9.431180207999205,None,,,,,37,3,151,3,,,,,473.3766740839992,,473.3659195,473.3766740839992,474.36454429199966,474.36454429199966,474.36454429199966,474.36454429199966,474.37334733399985,475.36416241699953,475.36416241699953,484.7992151669996,z,1,9.431180207999205,None,,,,,,,,,,,,,,,p-3/200,"001",2025-10-01_15h34.42.852,Motor sequence Learning task_Recent_Experiment_Tutorial 4_Urvashi Bhansali_AU2320139,,2025.2.0,None,2025-10-01 15h34.42.878847 +0530,
-50,x,152,0,38,x,1,1.3470157080000718,None,,,,,38,0,152,0,,,,,484.8107728750001,,484.80002887499995,484.8107728750001,485.7980719999996,485.7980719999996,485.7980719999996,485.7980719999996,485.8063124999999,486.79786137499923,486.79786137499923,488.14876774999993,x,1,1.3470157080000718,None,,,,,,,,,,,,,,,p-3/200,"001",2025-10-01_15h34.42.852,Motor sequence Learning task_Recent_Experiment_Tutorial 4_Urvashi Bhansali_AU2320139,,2025.2.0,None,2025-10-01 15h34.42.878847 +0530,
150,v,153,1,38,v,1,0.45278658300048846,None,,,,,38,1,153,1,,,,,488.1604359999992,,488.14931479200004,488.1604359999992,489.13977958399937,489.13977958399937,489.13977958399937,489.13977958399937,489.15640445899953,490.14806570899964,490.14806570899964,490.6078929589994,v,1,0.45278658300048846,None,,,,,,,,,,,,,,,p-3/200,"001",2025-10-01_15h34.42.852,Motor sequence Learning task_Recent_Experiment_Tutorial 4_Urvashi Bhansali_AU2320139,,2025.2.0,None,2025-10-01 15h34.42.878847 +0530,
50,c,154,2,38,c,1,0.5914097909999327,None,,,,,38,2,154,2,,,,,490.6193104169997,,490.6084781669997,490.6193104169997,491.5990624999995,491.5990624999995,491.5990624999995,491.5990624999995,491.62443120899934,492.60632841699953,492.60632841699953,493.2079844589998,c,1,0.5914097909999327,None,,,,,,,,,,,,,,,p-3/200,"001",2025-10-01_15h34.42.852,Motor sequence Learning task_Recent_Experiment_Tutorial 4_Urvashi Bhansali_AU2320139,,2025.2.0,None,2025-10-01 15h34.42.878847 +0530,
-150,z,155,3,38,z,1,0.7078441240000757,None,,,,,38,3,155,3,,,,,493.2193092089992,,493.20860670899947,493.2193092089992,494.2063522919998,494.2063522919998,494.2063522919998,494.2063522919998,494.21376466699985,495.1988656249996,495.1988656249996,495.91583195899966,z,1,0.7078441240000757,None,,,,,,,,,,,,,,,p-3/200,"001",2025-10-01_15h34.42.852,Motor sequence Learning task_Recent_Experiment_Tutorial 4_Urvashi Bhansali_AU2320139,,2025.2.0,None,2025-10-01 15h34.42.878847 +0530,
-50,x,156,0,39,x,1,0.33760187500047323,None,,,,,39,0,156,0,,,,,495.927224,,495.91640066699983,495.927224,496.9139732499998,496.9139732499998,496.9139732499998,496.9139732499998,496.9230541249999,497.91404129199964,497.91404129199964,498.2578530840001,x,1,0.33760187500047323,None,,,,,,,,,,,,,,,p-3/200,"001",2025-10-01_15h34.42.852,Motor sequence Learning task_Recent_Experiment_Tutorial 4_Urvashi Bhansali_AU2320139,,2025.2.0,None,2025-10-01 15h34.42.878847 +0530,
150,v,157,1,39,v,1,0.4233634579995851,None,,,,,39,1,157,1,,,,,498.26909474999957,,498.2583689999992,498.26909474999957,499.25619737499983,499.25619737499983,499.25619737499983,499.25619737499983,499.26353712499986,500.2742577499994,500.2742577499994,500.7081831249998,v,1,0.4233634579995851,None,,,,,,,,,,,,,,,p-3/200,"001",2025-10-01_15h34.42.852,Motor sequence Learning task_Recent_Experiment_Tutorial 4_Urvashi Bhansali_AU2320139,,2025.2.0,None,2025-10-01 15h34.42.878847 +0530,
50,c,158,2,39,c,1,1.7794914579999386,None,,,,,39,2,158,2,,,,,500.7197757499998,,500.7087825419994,500.7197757499998,501.6983337920001,501.6983337920001,501.6983337920001,501.6983337920001,501.7411441669992,502.70622529199954,502.70622529199954,504.4919493339994,c,1,1.7794914579999386,None,,,,,,,,,,,,,,,p-3/200,"001",2025-10-01_15h34.42.852,Motor sequence Learning task_Recent_Experiment_Tutorial 4_Urvashi Bhansali_AU2320139,,2025.2.0,None,2025-10-01 15h34.42.878847 +0530,
-150,z,159,3,39,z,1,0.5064495829992666,None,,,,,39,3,159,3,,,,,504.50370762500006,,504.4926347499995,504.50370762500006,505.4899672089996,505.4899672089996,505.4899672089996,505.4899672089996,505.4971732919994,506.49010945899954,506.49010945899954,506.9984447500001,z,1,0.5064495829992666,None,,,,,,,,,,,,,,,p-3/200,"001",2025-10-01_15h34.42.852,Motor sequence Learning task_Recent_Experiment_Tutorial 4_Urvashi Bhansali_AU2320139,,2025.2.0,None,2025-10-01 15h34.42.878847 +0530,
-50,x,160,0,40,x,1,0.8238938329996017,None,,,,,40,0,160,0,,,,,507.01021341699925,,506.99897016699924,507.01021341699925,507.9977198339993,507.9977198339993,507.9977198339993,507.9977198339993,508.00696012499975,508.9975182089993,508.9975182089993,509.82591691699963,x,1,0.8238938329996017,None,,,,,,,,,,,,,,,p-3/200,"001",2025-10-01_15h34.42.852,Motor sequence Learning task_Recent_Experiment_Tutorial 4_Urvashi Bhansali_AU2320139,,2025.2.0,None,2025-10-01 15h34.42.878847 +0530,
150,v,161,1,40,v,1,0.5021131670000614,None,,,,,40,1,161,1,,,,,509.83792845900007,,509.82669508399977,509.83792845900007,510.82338224999967,510.82338224999967,510.82338224999967,510.82338224999967,510.8303378749997,511.82327958399947,511.82327958399947,512.3326945419994,v,1,0.5021131670000614,None,,,,,,,,,,,,,,,p-3/200,"001",2025-10-01_15h34.42.852,Motor sequence Learning task_Recent_Experiment_Tutorial 4_Urvashi Bhansali_AU2320139,,2025.2.0,None,2025-10-01 15h34.42.878847 +0530,
50,c,162,2,40,c,1,0.7734690829993269,None,,,,,40,2,162,2,,,,,512.343520417,,512.3332258749997,512.343520417,513.3310978749996,513.3310978749996,513.3310978749996,513.3310978749996,513.3399348749999,514.3317549589992,514.3317549589992,515.1081711249999,c,1,0.7734690829993269,None,,,,,,,,,,,,,,,p-3/200,"001",2025-10-01_15h34.42.852,Motor sequence Learning task_Recent_Experiment_Tutorial 4_Urvashi Bhansali_AU2320139,,2025.2.0,None,2025-10-01 15h34.42.878847 +0530,
-150,z,163,3,40,z,1,0.6216156669997872,None,,,,,40,3,163,3,,,,,515.1198483339995,,515.108732875,515.1198483339995,516.1063708749998,516.1063708749998,516.1063708749998,516.1063708749998,516.1138889169997,517.1066106669996,517.1066106669996,517.7317554589999,z,1,0.6216156669997872,None,,,,,,,,,,,,,,,p-3/200,"001",2025-10-01_15h34.42.852,Motor sequence Learning task_Recent_Experiment_Tutorial 4_Urvashi Bhansali_AU2320139,,2025.2.0,None,2025-10-01 15h34.42.878847 +0530,
-50,x,164,0,41,x,1,0.6414865830001872,None,,,,,41,0,164,0,,,,,517.7435987089993,,517.7322683339999,517.7435987089993,518.7317496669993,518.7317496669993,518.7317496669993,518.7317496669993,518.7576430839999,519.7306651250001,519.7306651250001,520.3742952499997,x,1,0.6414865830001872,None,,,,,,,,,,,,,,,p-3/200,"001",2025-10-01_15h34.42.852,Motor sequence Learning task_Recent_Experiment_Tutorial 4_Urvashi Bhansali_AU2320139,,2025.2.0,None,2025-10-01 15h34.42.878847 +0530,
150,v,165,1,41,v,1,3.1503226670001823,None,,,,,41,1,165,1,,,,,520.3860076669998,,520.3748262089994,520.3860076669998,521.3645308749992,521.3645308749992,521.3645308749992,521.3645308749992,521.3807087919995,522.3639720419997,522.3639720419997,525.5249248749997,v,1,3.1503226670001823,None,,,,,,,,,,,,,,,p-3/200,"001",2025-10-01_15h34.42.852,Motor sequence Learning task_Recent_Experiment_Tutorial 4_Urvashi Bhansali_AU2320139,,2025.2.0,None,2025-10-01 15h34.42.878847 +0530,
50,c,166,2,41,c,1,0.6363927499996862,None,,,,,41,2,166,2,,,,,525.5367984589993,,525.5254991249994,525.5367984589993,526.5235527919995,526.5235527919995,526.5235527919995,526.5235527919995,526.5306897089995,527.52352625,527.52352625,528.1656707919992,c,1,0.6363927499996862,None,,,,,,,,,,,,,,,p-3/200,"001",2025-10-01_15h34.42.852,Motor sequence Learning task_Recent_Experiment_Tutorial 4_Urvashi Bhansali_AU2320139,,2025.2.0,None,2025-10-01 15h34.42.878847 +0530,
-150,z,167,3,41,z,1,0.5356378749993382,None,,,,,41,3,167,3,,,,,528.1768364589998,,528.1662170419995,528.1768364589998,529.1641737919999,529.1641737919999,529.1641737919999,529.1641737919999,529.1734381669994,530.164110959,530.164110959,530.708191875,z,1,0.5356378749993382,None,,,,,,,,,,,,,,,p-3/200,"001",2025-10-01_15h34.42.852,Motor sequence Learning task_Recent_Experiment_Tutorial 4_Urvashi Bhansali_AU2320139,,2025.2.0,None,2025-10-01 15h34.42.878847 +0530,
-50,x,168,0,42,x,1,1.065152166000189,None,,,,,42,0,168,0,,,,,530.7199189169996,,530.7087622089994,530.7199189169996,531.7062162499997,531.7062162499997,531.7062162499997,531.7062162499997,531.7134899590001,532.7066257919996,532.7066257919996,533.7743852919994,x,1,1.065152166000189,None,,,,,,,,,,,,,,,p-3/200,"001",2025-10-01_15h34.42.852,Motor sequence Learning task_Recent_Experiment_Tutorial 4_Urvashi Bhansali_AU2320139,,2025.2.0,None,2025-10-01 15h34.42.878847 +0530,
150,v,169,1,42,v,1,0.3813599580007576,None,,,,,42,1,169,1,,,,,533.7862943749997,,533.774907125,533.7862943749997,534.7730252089996,534.7730252089996,534.7730252089996,534.7730252089996,534.7805647919995,535.7733290419992,535.7733290419992,536.158358875,v,1,0.3813599580007576,None,,,,,,,,,,,,,,,p-3/200,"001",2025-10-01_15h34.42.852,Motor sequence Learning task_Recent_Experiment_Tutorial 4_Urvashi Bhansali_AU2320139,,2025.2.0,None,2025-10-01 15h34.42.878847 +0530,
50,c,170,2,42,c,1,0.3854684579991954,None,,,,,42,2,170,2,,,,,536.1706105839994,,536.159218625,536.1706105839994,537.1569787919998,537.1569787919998,537.1569787919998,537.1569787919998,537.1633661249998,538.1561471669993,538.1561471669993,538.5484665839995,c,1,0.3854684579991954,None,,,,,,,,,,,,,,,p-3/200,"001",2025-10-01_15h34.42.852,Motor sequence Learning task_Recent_Experiment_Tutorial 4_Urvashi Bhansali_AU2320139,,2025.2.0,None,2025-10-01 15h34.42.878847 +0530,
-150,z,171,3,42,z,1,0.14011495799968543,None,,,,,42,3,171,3,,,,,538.5602725419994,,538.5490488749992,538.5602725419994,539.5476188339999,539.5476188339999,539.5476188339999,539.5476188339999,539.5572389999998,540.5474628749998,540.5474628749998,540.6918662499993,z,1,0.14011495799968543,None,,,,,,,,,,,,,,,p-3/200,"001",2025-10-01_15h34.42.852,Motor sequence Learning task_Recent_Experiment_Tutorial 4_Urvashi Bhansali_AU2320139,,2025.2.0,None,2025-10-01 15h34.42.878847 +0530,
-50,x,172,0,43,x,1,0.3873392490004335,None,,,,,43,0,172,0,,,,,540.7038096249998,,540.6925415839996,540.7038096249998,541.6900652919994,541.6900652919994,541.6900652919994,541.6900652919994,541.6972393339993,542.690097875,542.690097875,543.0824658749998,x,1,0.3873392490004335,None,,,,,,,,,,,,,,,p-3/200,"001",2025-10-01_15h34.42.852,Motor sequence Learning task_Recent_Experiment_Tutorial 4_Urvashi Bhansali_AU2320139,,2025.2.0,None,2025-10-01 15h34.42.878847 +0530,
150,v,173,1,43,v,1,0.3845087499994406,None,,,,,43,1,173,1,,,,,543.0936647089993,,543.0830123339992,543.0936647089993,544.0808535419992,544.0808535419992,544.0808535419992,544.0808535419992,544.0900441670001,545.0809684169999,545.0809684169999,545.474907584,v,1,0.3845087499994406,None,,,,,,,,,,,,,,,p-3/200,"001",2025-10-01_15h34.42.852,Motor sequence Learning task_Recent_Experiment_Tutorial 4_Urvashi Bhansali_AU2320139,,2025.2.0,None,2025-10-01 15h34.42.878847 +0530,
50,c,174,2,43,c,1,1.4210250000005544,None,,,,,43,2,174,2,,,,,545.4864563339997,,545.4754794999999,545.4864563339997,546.4728936249994,546.4728936249994,546.4728936249994,546.4728936249994,546.4802547089994,547.4733368749994,547.4733368749994,548.8983190839999,c,1,1.4210250000005544,None,,,,,,,,,,,,,,,p-3/200,"001",2025-10-01_15h34.42.852,Motor sequence Learning task_Recent_Experiment_Tutorial 4_Urvashi Bhansali_AU2320139,,2025.2.0,None,2025-10-01 15h34.42.878847 +0530,
-150,z,175,3,43,z,1,0.4076843330003612,None,,,,,43,3,175,3,,,,,548.9102176669994,,548.8988692919993,548.9102176669994,549.8976658749998,549.8976658749998,549.8976658749998,549.8976658749998,549.906834292,550.9076594999997,550.9076594999997,551.3248750419998,z,1,0.4076843330003612,None,,,,,,,,,,,,,,,p-3/200,"001",2025-10-01_15h34.42.852,Motor sequence Learning task_Recent_Experiment_Tutorial 4_Urvashi Bhansali_AU2320139,,2025.2.0,None,2025-10-01 15h34.42.878847 +0530,
-50,x,176,0,44,x,1,0.4148655829994823,None,,,,,44,0,176,0,,,,,551.3365558339992,,551.3254550839993,551.3365558339992,552.3233647919997,552.3233647919997,552.3233647919997,552.3233647919997,552.330475834,553.3233852919993,553.3233852919993,553.741091459,x,1,0.4148655829994823,None,,,,,,,,,,,,,,,p-3/200,"001",2025-10-01_15h34.42.852,Motor sequence Learning task_Recent_Experiment_Tutorial 4_Urvashi Bhansali_AU2320139,,2025.2.0,None,2025-10-01 15h34.42.878847 +0530,
150,v,177,1,44,z,0,1.24995029099955,None,,,,,44,1,177,1,,,,,553.7527968750001,,553.7416239999993,553.7527968750001,554.7403184589994,554.7403184589994,554.7403184589994,554.7403184589994,554.7478730419998,555.7312407089994,555.7312407089994,556.9914854589997,z,0,1.24995029099955,None,,,,,,,,,,,,,,,p-3/200,"001",2025-10-01_15h34.42.852,Motor sequence Learning task_Recent_Experiment_Tutorial 4_Urvashi Bhansali_AU2320139,,2025.2.0,None,2025-10-01 15h34.42.878847 +0530,
50,c,178,2,44,c,1,1.4614420830002928,None,,,,,44,2,178,2,,,,,557.0030670420001,,556.9920783749994,557.0030670420001,557.9895583749994,557.9895583749994,557.9895583749994,557.9895583749994,557.9969273749994,558.9896370839997,558.9896370839997,560.458401375,c,1,1.4614420830002928,None,,,,,,,,,,,,,,,p-3/200,"001",2025-10-01_15h34.42.852,Motor sequence Learning task_Recent_Experiment_Tutorial 4_Urvashi Bhansali_AU2320139,,2025.2.0,None,2025-10-01 15h34.42.878847 +0530,
-150,z,179,3,44,z,1,0.30147666599987133,None,,,,,44,3,179,3,,,,,560.4702192919995,,560.4589699170001,560.4702192919995,561.4568046669992,561.4568046669992,561.4568046669992,561.4568046669992,561.46410775,562.4565938339992,562.4565938339992,562.7655703339997,z,1,0.30147666599987133,None,,,,,,,,,,,,,,,p-3/200,"001",2025-10-01_15h34.42.852,Motor sequence Learning task_Recent_Experiment_Tutorial 4_Urvashi Bhansali_AU2320139,,2025.2.0,None,2025-10-01 15h34.42.878847 +0530,
-50,x,180,0,45,x,1,0.08970504199987772,None,,,,,45,0,180,0,,,,,562.7770479169994,,562.7663441249997,562.7770479169994,563.7560652499997,563.7560652499997,563.7560652499997,563.7560652499997,563.7733760000001,564.7642177089992,564.7642177089992,564.8582300419994,x,1,0.08970504199987772,None,,,,,,,,,,,,,,,p-3/200,"001",2025-10-01_15h34.42.852,Motor sequence Learning task_Recent_Experiment_Tutorial 4_Urvashi Bhansali_AU2320139,,2025.2.0,None,2025-10-01 15h34.42.878847 +0530,
150,v,181,1,45,v,1,0.3271299159996488,None,,,,,45,1,181,1,,,,,564.8706487089994,,564.8589448749999,564.8706487089994,565.856282875,565.856282875,565.856282875,565.856282875,565.8634814589996,566.8568329589998,566.8568329589998,567.191502959,v,1,0.3271299159996488,None,,,,,,,,,,,,,,,p-3/200,"001",2025-10-01_15h34.42.852,Motor sequence Learning task_Recent_Experiment_Tutorial 4_Urvashi Bhansali_AU2320139,,2025.2.0,None,2025-10-01 15h34.42.878847 +0530,
50,c,182,2,45,c,1,2.1263855830002285,None,,,,,45,2,182,2,,,,,567.2030378339996,,567.1920943340001,567.2030378339996,568.1897897919998,568.1897897919998,568.1897897919998,568.1897897919998,568.1979284169993,569.1895402089995,569.1895402089995,571.3251014999996,c,1,2.1263855830002285,None,,,,,,,,,,,,,,,p-3/200,"001",2025-10-01_15h34.42.852,Motor sequence Learning task_Recent_Experiment_Tutorial 4_Urvashi Bhansali_AU2320139,,2025.2.0,None,2025-10-01 15h34.42.878847 +0530,
-150,z,183,3,45,z,1,0.7949447919991144,None,,,,,45,3,183,3,,,,,571.3372326669996,,571.3259383750001,571.3372326669996,572.3227364169998,572.3227364169998,572.3227364169998,572.3227364169998,572.3303973339998,573.3228828339998,573.3228828339998,574.1248043749993,z,1,0.7949447919991144,None,,,,,,,,,,,,,,,p-3/200,"001",2025-10-01_15h34.42.852,Motor sequence Learning task_Recent_Experiment_Tutorial 4_Urvashi Bhansali_AU2320139,,2025.2.0,None,2025-10-01 15h34.42.878847 +0530,
-50,x,184,0,46,x,1,1.9176718329999858,None,,,,,46,0,184,0,,,,,574.1364995839995,,574.125467334,574.1364995839995,575.1228277499995,575.1228277499995,575.1228277499995,575.1228277499995,575.1302972499998,576.1409869999998,576.1409869999998,578.0651727919994,x,1,1.9176718329999858,None,,,,,,,,,,,,,,,p-3/200,"001",2025-10-01_15h34.42.852,Motor sequence Learning task_Recent_Experiment_Tutorial 4_Urvashi Bhansali_AU2320139,,2025.2.0,None,2025-10-01 15h34.42.878847 +0530,
150,v,185,1,46,v,1,1.4849983329995666,None,,,,,46,1,185,1,,,,,578.0768654169997,,578.0657118339996,578.0768654169997,579.0639352089993,579.0639352089993,579.0639352089993,579.0639352089993,579.0729054169997,580.0642441249993,580.0642441249993,581.5585984589998,v,1,1.4849983329995666,None,,,,,,,,,,,,,,,p-3/200,"001",2025-10-01_15h34.42.852,Motor sequence Learning task_Recent_Experiment_Tutorial 4_Urvashi Bhansali_AU2320139,,2025.2.0,None,2025-10-01 15h34.42.878847 +0530,
50,c,186,2,46,c,1,2.411745332999999,None,,,,,46,2,186,2,,,,,581.571172125,,581.5594190839993,581.571172125,582.5565489999999,582.5565489999999,582.5565489999999,582.5565489999999,582.5638382919997,583.5581392089998,583.5581392089998,585.9751394169998,c,1,2.411745332999999,None,,,,,,,,,,,,,,,p-3/200,"001",2025-10-01_15h34.42.852,Motor sequence Learning task_Recent_Experiment_Tutorial 4_Urvashi Bhansali_AU2320139,,2025.2.0,None,2025-10-01 15h34.42.878847 +0530,
-150,z,187,3,46,lshift,0,1.115532333000374,None,,,,,46,3,187,3,,,,,585.9878289169992,,585.9758630839997,585.9878289169992,586.9730420420001,586.9730420420001,586.9730420420001,586.9730420420001,586.9804101249993,587.9729374169992,587.9729374169992,589.0915482499995,lshift,0,1.115532333000374,None,,,,,,,,,,,,,,,p-3/200,"001",2025-10-01_15h34.42.852,Motor sequence Learning task_Recent_Experiment_Tutorial 4_Urvashi Bhansali_AU2320139,,2025.2.0,None,2025-10-01 15h34.42.878847 +0530,
-50,x,188,0,47,x,1,4.420908500000223,None,,,,,47,0,188,0,,,,,589.1023621669992,,589.0922515839993,589.1023621669992,590.0901317919997,590.0901317919997,590.0901317919997,590.0901317919997,590.0975663339996,591.0894598750001,591.0894598750001,595.5161400839997,x,1,4.420908500000223,None,,,,,,,,,,,,,,,p-3/200,"001",2025-10-01_15h34.42.852,Motor sequence Learning task_Recent_Experiment_Tutorial 4_Urvashi Bhansali_AU2320139,,2025.2.0,None,2025-10-01 15h34.42.878847 +0530,
150,v,189,1,47,v,1,0.9195359579998694,None,,,,,47,1,189,1,,,,,595.5270336670001,,595.516664584,595.5270336670001,596.5140926249996,596.5140926249996,596.5140926249996,596.5140926249996,596.5228782499998,597.5137347919999,597.5137347919999,598.4409614169999,v,1,0.9195359579998694,None,,,,,,,,,,,,,,,p-3/200,"001",2025-10-01_15h34.42.852,Motor sequence Learning task_Recent_Experiment_Tutorial 4_Urvashi Bhansali_AU2320139,,2025.2.0,None,2025-10-01 15h34.42.878847 +0530,
50,c,190,2,47,c,1,0.5476619999999457,None,,,,,47,2,190,2,,,,,598.4523574589994,,598.4415143749993,598.4523574589994,599.4394818339997,599.4394818339997,599.4394818339997,599.4394818339997,599.447061459,600.439485334,600.439485334,600.9910659589996,c,1,0.5476619999999457,None,,,,,,,,,,,,,,,p-3/200,"001",2025-10-01_15h34.42.852,Motor sequence Learning task_Recent_Experiment_Tutorial 4_Urvashi Bhansali_AU2320139,,2025.2.0,None,2025-10-01 15h34.42.878847 +0530,
-150,z,191,3,47,z,1,0.7665090829996188,None,,,,,47,3,191,3,,,,,601.0026338339994,,600.9916237499992,601.0026338339994,601.9812067089997,601.9812067089997,601.9812067089997,601.9812067089997,601.9969913750001,602.9896162499999,602.9896162499999,603.7582230419994,z,1,0.7665090829996188,None,,,,,,,,,,,,,,,p-3/200,"001",2025-10-01_15h34.42.852,Motor sequence Learning task_Recent_Experiment_Tutorial 4_Urvashi Bhansali_AU2320139,,2025.2.0,None,2025-10-01 15h34.42.878847 +0530,
-50,x,192,0,48,x,1,0.5681397079997623,None,,,,,48,0,192,0,,,,,603.7696833339996,,603.7588101669999,603.7696833339996,604.756651959,604.756651959,604.756651959,604.756651959,604.7643696249997,605.7489759589998,605.7489759589998,606.3252218749994,x,1,0.5681397079997623,None,,,,,,,,,,,,,,,p-3/200,"001",2025-10-01_15h34.42.852,Motor sequence Learning task_Recent_Experiment_Tutorial 4_Urvashi Bhansali_AU2320139,,2025.2.0,None,2025-10-01 15h34.42.878847 +0530,
150,v,193,1,48,v,1,1.556587000000036,None,,,,,48,1,193,1,,,,,606.3372596249992,,606.3262092919995,606.3372596249992,607.3229120839997,607.3229120839997,607.3229120839997,607.3229120839997,607.3305222499994,608.3234464589996,608.3234464589996,609.882044084,v,1,1.556587000000036,None,,,,,,,,,,,,,,,p-3/200,"001",2025-10-01_15h34.42.852,Motor sequence Learning task_Recent_Experiment_Tutorial 4_Urvashi Bhansali_AU2320139,,2025.2.0,None,2025-10-01 15h34.42.878847 +0530,
50,c,194,2,48,c,1,2.4438082079996093,None,,,,,48,2,194,2,,,,,609.8934094169999,,609.882605625,609.8934094169999,610.8815315839993,610.8815315839993,610.8815315839993,610.8815315839993,610.8893914999999,611.8728069999997,611.8728069999997,614.3253049999994,c,1,2.4438082079996093,None,,,,,,,,,,,,,,,p-3/200,"001",2025-10-01_15h34.42.852,Motor sequence Learning task_Recent_Experiment_Tutorial 4_Urvashi Bhansali_AU2320139,,2025.2.0,None,2025-10-01 15h34.42.878847 +0530,
-150,z,195,3,48,z,1,0.6337883739997778,None,,,,,48,3,195,3,,,,,614.3369896669992,,614.3261332089996,614.3369896669992,615.3228599999993,615.3228599999993,615.3228599999993,615.3228599999993,615.3304111669995,616.3230501669996,616.3230501669996,616.9650647499993,z,1,0.6337883739997778,None,,,,,,,,,,,,,,,p-3/200,"001",2025-10-01_15h34.42.852,Motor sequence Learning task_Recent_Experiment_Tutorial 4_Urvashi Bhansali_AU2320139,,2025.2.0,None,2025-10-01 15h34.42.878847 +0530,
-50,x,196,0,49,x,1,0.6832759999997506,None,,,,,49,0,196,0,,,,,616.9766885839999,,616.9656374589995,616.9766885839999,617.9633549589998,617.9633549589998,617.9633549589998,617.9633549589998,617.973239209,618.9645852919994,618.9645852919994,619.6588189169997,x,1,0.6832759999997506,None,,,,,,,,,,,,,,,p-3/200,"001",2025-10-01_15h34.42.852,Motor sequence Learning task_Recent_Experiment_Tutorial 4_Urvashi Bhansali_AU2320139,,2025.2.0,None,2025-10-01 15h34.42.878847 +0530,
150,v,197,1,49,v,1,0.716571665999254,None,,,,,49,1,197,1,,,,,619.6736758749994,,619.6593670839993,619.6736758749994,620.6560362499995,620.6560362499995,620.6560362499995,620.6560362499995,620.66361125,621.656137125,621.656137125,622.3752372919998,v,1,0.716571665999254,None,,,,,,,,,,,,,,,p-3/200,"001",2025-10-01_15h34.42.852,Motor sequence Learning task_Recent_Experiment_Tutorial 4_Urvashi Bhansali_AU2320139,,2025.2.0,None,2025-10-01 15h34.42.878847 +0530,
50,c,198,2,49,c,1,1.4688248750007915,None,,,,,49,2,198,2,,,,,622.3868805839993,,622.3758242499998,622.3868805839993,623.3729817499998,623.3729817499998,623.3729817499998,623.3729817499998,623.3801884169998,624.3728367089998,624.3728367089998,625.8484771249996,c,1,1.4688248750007915,None,,,,,,,,,,,,,,,p-3/200,"001",2025-10-01_15h34.42.852,Motor sequence Learning task_Recent_Experiment_Tutorial 4_Urvashi Bhansali_AU2320139,,2025.2.0,None,2025-10-01 15h34.42.878847 +0530,
-150,z,199,3,49,z,1,2.1106213740004023,None,,,,,49,3,199,3,,,,,625.8600284589993,,625.8490275839995,625.8600284589993,626.8476808339992,626.8476808339992,626.8476808339992,626.8476808339992,626.8563628749998,627.8478955,627.8478955,629.9654738749996,z,1,2.1106213740004023,None,,,,,,,,,,,,,,,p-3/200,"001",2025-10-01_15h34.42.852,Motor sequence Learning task_Recent_Experiment_Tutorial 4_Urvashi Bhansali_AU2320139,,2025.2.0,None,2025-10-01 15h34.42.878847 +0530,
-50,x,0,0,0,,,,,x,1,0.664481624000473,None,,,,,0,0,0,0,629.9926620839997,,,,,,,,,,,,,,,,629.9835272499995,629.9926620839997,630.9677219999994,630.9677219999994,630.9677219999994,630.9677219999994,630.9913039590001,631.964961959,631.964961959,632.6316292089996,x,1,0.664481624000473,None,p-3/200,"001",2025-10-01_15h34.42.852,Motor sequence Learning task_Recent_Experiment_Tutorial 4_Urvashi Bhansali_AU2320139,,2025.2.0,None,2025-10-01 15h34.42.878847 +0530,
-150,z,1,1,0,,,,,z,1,1.2895092079997994,None,,,,,0,1,1,3,632.6427924999998,,,,,,,,,,,,,,,,632.6321707499992,632.6427924999998,633.6305319169996,633.6305319169996,633.6305319169996,633.6305319169996,633.6395966249993,634.6308977919998,634.6308977919998,635.9243133339996,z,1,1.2895092079997994,None,p-3/200,"001",2025-10-01_15h34.42.852,Motor sequence Learning task_Recent_Experiment_Tutorial 4_Urvashi Bhansali_AU2320139,,2025.2.0,None,2025-10-01 15h34.42.878847 +0530,
150,v,2,2,0,,,,,v,1,1.349027166000269,None,,,,,0,2,2,1,635.9347379999999,,,,,,,,,,,,,,,,635.9250078749992,635.9347379999999,636.9226126670001,636.9226126670001,636.9226126670001,636.9226126670001,636.9301499999992,637.9144370839995,637.9144370839995,639.2648434590001,v,1,1.349027166000269,None,p-3/200,"001",2025-10-01_15h34.42.852,Motor sequence Learning task_Recent_Experiment_Tutorial 4_Urvashi Bhansali_AU2320139,,2025.2.0,None,2025-10-01 15h34.42.878847 +0530,
50,c,3,3,0,,,,,c,1,1.1580945000005158,None,,,,,0,3,3,2,639.2761944999993,,,,,,,,,,,,,,,,639.2653898749995,639.2761944999993,640.2642807499997,640.2642807499997,640.2642807499997,640.2642807499997,640.2728941249998,641.2641617919999,641.2641617919999,642.4242337919995,c,1,1.1580945000005158,None,p-3/200,"001",2025-10-01_15h34.42.852,Motor sequence Learning task_Recent_Experiment_Tutorial 4_Urvashi Bhansali_AU2320139,,2025.2.0,None,2025-10-01 15h34.42.878847 +0530,
-150,z,4,0,1,,,,,z,1,1.5545133750001696,None,,,,,1,0,4,3,642.4344968339992,,,,,,,,,,,,,,,,642.4247351249996,642.4344968339992,643.4228521669993,643.4228521669993,643.4228521669993,643.4228521669993,643.4300494589997,644.4226739999995,644.4226739999995,645.981347334,z,1,1.5545133750001696,None,p-3/200,"001",2025-10-01_15h34.42.852,Motor sequence Learning task_Recent_Experiment_Tutorial 4_Urvashi Bhansali_AU2320139,,2025.2.0,None,2025-10-01 15h34.42.878847 +0530,
150,v,5,1,1,,,,,x,0,0.49919108299945947,None,,,,,1,1,5,1,645.9931522919996,,,,,,,,,,,,,,,,645.9818864999997,645.9931522919996,646.9807343339999,646.9807343339999,646.9807343339999,646.9807343339999,646.9900859169993,647.9819687919999,647.9819687919999,648.4909190839999,x,0,0.49919108299945947,None,p-3/200,"001",2025-10-01_15h34.42.852,Motor sequence Learning task_Recent_Experiment_Tutorial 4_Urvashi Bhansali_AU2320139,,2025.2.0,None,2025-10-01 15h34.42.878847 +0530,
50,c,6,2,1,,,,,c,1,1.1699390409994521,None,,,,,1,2,6,2,648.5019140839995,,,,,,,,,,,,,,,,648.4914851670001,648.5019140839995,649.4810108339998,649.4810108339998,649.4810108339998,649.4810108339998,649.497375375,650.4810774589996,650.4810774589996,651.6583131669995,c,1,1.1699390409994521,None,p-3/200,"001",2025-10-01_15h34.42.852,Motor sequence Learning task_Recent_Experiment_Tutorial 4_Urvashi Bhansali_AU2320139,,2025.2.0,None,2025-10-01 15h34.42.878847 +0530,
-50,x,7,3,1,,,,,x,1,5.069147416000305,None,,,,,1,3,7,0,651.6696714169993,,,,,,,,,,,,,,,,651.6589999170001,651.6696714169993,652.6560024169994,652.6560024169994,652.6560024169994,652.6560024169994,652.6634185839994,653.6559545419996,653.6559545419996,658.7317749999993,x,1,5.069147416000305,None,p-3/200,"001",2025-10-01_15h34.42.852,Motor sequence Learning task_Recent_Experiment_Tutorial 4_Urvashi Bhansali_AU2320139,,2025.2.0,None,2025-10-01 15h34.42.878847 +0530,
150,v,8,0,2,,,,,v,1,1.6596080419994905,None,,,,,2,0,8,1,658.7432023749998,,,,,,,,,,,,,,,,658.7323722499996,658.7432023749998,659.7310700419994,659.7310700419994,659.7310700419994,659.7310700419994,659.7400502089995,660.7300344999994,660.7300344999994,662.3913951669992,v,1,1.6596080419994905,None,p-3/200,"001",2025-10-01_15h34.42.852,Motor sequence Learning task_Recent_Experiment_Tutorial 4_Urvashi Bhansali_AU2320139,,2025.2.0,None,2025-10-01 15h34.42.878847 +0530,
50,c,9,1,2,,,,,c,1,0.3965997919995061,None,,,,,2,1,9,2,662.4025218749994,,,,,,,,,,,,,,,,662.3919852499994,662.4025218749994,663.3895579999999,663.3895579999999,663.3895579999999,663.3895579999999,663.3972907089992,664.4380184169995,664.4380184169995,664.8416820839993,c,1,0.3965997919995061,None,p-3/200,"001",2025-10-01_15h34.42.852,Motor sequence Learning task_Recent_Experiment_Tutorial 4_Urvashi Bhansali_AU2320139,,2025.2.0,None,2025-10-01 15h34.42.878847 +0530,
-150,z,10,2,2,,,,,c,0,1.2312316659999851,None,,,,,2,2,10,3,664.8559781249996,,,,,,,,,,,,,,,,664.8424614169999,664.8559781249996,665.8454306670001,665.8454306670001,665.8454306670001,665.8454306670001,665.8568196669994,666.8392282919995,666.8392282919995,668.0745468340001,c,0,1.2312316659999851,None,p-3/200,"001",2025-10-01_15h34.42.852,Motor sequence Learning task_Recent_Experiment_Tutorial 4_Urvashi Bhansali_AU2320139,,2025.2.0,None,2025-10-01 15h34.42.878847 +0530,
-50,x,11,3,2,,,,,x,1,2.0115127079998274,None,,,,,2,3,11,0,668.0898166669995,,,,,,,,,,,,,,,,668.0750495839993,668.0898166669995,669.0725769169994,669.0725769169994,669.0725769169994,669.0725769169994,669.0798884169999,670.0728027919995,670.0728027919995,672.0908575839994,x,1,2.0115127079998274,None,p-3/200,"001",2025-10-01_15h34.42.852,Motor sequence Learning task_Recent_Experiment_Tutorial 4_Urvashi Bhansali_AU2320139,,2025.2.0,None,2025-10-01 15h34.42.878847 +0530,
-150,z,12,0,3,,,,,z,1,10.604315833000328,None,,,,,3,0,12,3,672.1014053749996,,,,,,,,,,,,,,,,672.0914239999993,672.1014053749996,673.089185459,673.089185459,673.089185459,673.089185459,673.0965522500001,674.0892434589996,674.0892434589996,684.6986736669996,z,1,10.604315833000328,None,p-3/200,"001",2025-10-01_15h34.42.852,Motor sequence Learning task_Recent_Experiment_Tutorial 4_Urvashi Bhansali_AU2320139,,2025.2.0,None,2025-10-01 15h34.42.878847 +0530,
150,v,13,1,3,,,,,v,1,0.7050694989993644,None,,,,,3,1,13,1,684.7101621249994,,,,,,,,,,,,,,,,684.6992593750001,684.7101621249994,685.6972057919993,685.6972057919993,685.6972057919993,685.6972057919993,685.7060717919994,686.6970859169996,686.6970859169996,687.4076276669994,v,1,0.7050694989993644,None,p-3/200,"001",2025-10-01_15h34.42.852,Motor sequence Learning task_Recent_Experiment_Tutorial 4_Urvashi Bhansali_AU2320139,,2025.2.0,None,2025-10-01 15h34.42.878847 +0530,
-50,x,14,2,3,,,,,x,1,1.6061525409995738,None,,,,,3,2,14,0,687.4190690839996,,,,,,,,,,,,,,,,687.4081806249997,687.4190690839996,688.4059049999996,688.4059049999996,688.4059049999996,688.4059049999996,688.4134190839995,689.4058944169992,689.4058944169992,691.0153514999993,x,1,1.6061525409995738,None,p-3/200,"001",2025-10-01_15h34.42.852,Motor sequence Learning task_Recent_Experiment_Tutorial 4_Urvashi Bhansali_AU2320139,,2025.2.0,None,2025-10-01 15h34.42.878847 +0530,
50,c,15,3,3,,,,,c,1,0.8856190409996998,None,,,,,3,3,15,2,691.0268713749992,,,,,,,,,,,,,,,,691.0159117499998,691.0268713749992,692.0143492499992,692.0143492499992,692.0143492499992,692.0143492499992,692.0407922919994,693.0243851249998,693.0243851249998,693.9151957089998,c,1,0.8856190409996998,None,p-3/200,"001",2025-10-01_15h34.42.852,Motor sequence Learning task_Recent_Experiment_Tutorial 4_Urvashi Bhansali_AU2320139,,2025.2.0,None,2025-10-01 15h34.42.878847 +0530,
150,v,16,0,4,,,,,v,1,4.218150708000394,None,,,,,4,0,16,1,693.9269276669993,,,,,,,,,,,,,,,,693.9157762499999,693.9269276669993,694.9141072919992,694.9141072919992,694.9141072919992,694.9141072919992,694.9227540839993,695.9137364589997,695.9137364589997,700.1416449169992,v,1,4.218150708000394,None,p-3/200,"001",2025-10-01_15h34.42.852,Motor sequence Learning task_Recent_Experiment_Tutorial 4_Urvashi Bhansali_AU2320139,,2025.2.0,None,2025-10-01 15h34.42.878847 +0530,
-50,x,17,1,4,,,,,x,1,1.4712945419996686,None,,,,,4,1,17,0,700.1545222499999,,,,,,,,,,,,,,,,700.1426592499993,700.1545222499999,701.1393527089995,701.1393527089995,701.1393527089995,701.1393527089995,701.1473228750001,702.1392090419995,702.1392090419995,703.6146761249993,x,1,1.4712945419996686,None,p-3/200,"001",2025-10-01_15h34.42.852,Motor sequence Learning task_Recent_Experiment_Tutorial 4_Urvashi Bhansali_AU2320139,,2025.2.0,None,2025-10-01 15h34.42.878847 +0530,
50,c,18,2,4,,,,,c,1,0.39811633299996174,None,,,,,4,2,18,2,703.6266581669997,,,,,,,,,,,,,,,,703.6152057089994,703.6266581669997,704.6136757919994,704.6136757919994,704.6136757919994,704.6136757919994,704.6226325839998,705.6133083340001,705.6133083340001,706.0145548339997,c,1,0.39811633299996174,None,p-3/200,"001",2025-10-01_15h34.42.852,Motor sequence Learning task_Recent_Experiment_Tutorial 4_Urvashi Bhansali_AU2320139,,2025.2.0,None,2025-10-01 15h34.42.878847 +0530,
-150,z,19,3,4,,,,,z,1,0.8364220409994232,None,,,,,4,3,19,3,706.0266017089998,,,,,,,,,,,,,,,,706.0150992089993,706.0266017089998,707.014018459,707.014018459,707.014018459,707.014018459,707.0229045839997,708.0058722919994,708.0058722919994,708.8487602089999,z,1,0.8364220409994232,None,p-3/200,"001",2025-10-01_15h34.42.852,Motor sequence Learning task_Recent_Experiment_Tutorial 4_Urvashi Bhansali_AU2320139,,2025.2.0,None,2025-10-01 15h34.42.878847 +0530,
-50,x,20,0,5,,,,,x,1,0.8404012909995799,None,,,,,5,0,20,0,708.860267084,,,,,,,,,,,,,,,,708.8493474589995,708.860267084,709.8394494589993,709.8394494589993,709.8394494589993,709.8394494589993,709.8559275839998,710.8475818339994,710.8475818339994,711.6907475419994,x,1,0.8404012909995799,None,p-3/200,"001",2025-10-01_15h34.42.852,Motor sequence Learning task_Recent_Experiment_Tutorial 4_Urvashi Bhansali_AU2320139,,2025.2.0,None,2025-10-01 15h34.42.878847 +0530,
50,c,21,1,5,,,,,c,1,1.3653761250006937,None,,,,,5,1,21,2,711.7025864999996,,,,,,,,,,,,,,,,711.6912800419996,711.7025864999996,712.6891344169999,712.6891344169999,712.6891344169999,712.6891344169999,712.6963810839998,713.6891541669993,713.6891541669993,715.0574834999998,c,1,1.3653761250006937,None,p-3/200,"001",2025-10-01_15h34.42.852,Motor sequence Learning task_Recent_Experiment_Tutorial 4_Urvashi Bhansali_AU2320139,,2025.2.0,None,2025-10-01 15h34.42.878847 +0530,
150,v,22,2,5,,,,,v,1,0.3593471659996794,None,,,,,5,2,22,1,715.069130459,,,,,,,,,,,,,,,,715.0580040839995,715.069130459,716.0559875419995,716.0559875419995,716.0559875419995,716.0559875419995,716.0637295419992,717.0558436669999,717.0558436669999,717.4242013339999,v,1,0.3593471659996794,None,p-3/200,"001",2025-10-01_15h34.42.852,Motor sequence Learning task_Recent_Experiment_Tutorial 4_Urvashi Bhansali_AU2320139,,2025.2.0,None,2025-10-01 15h34.42.878847 +0530,
-150,z,23,3,5,,,,,z,1,0.3250243739994403,None,,,,,5,3,23,3,717.4359934999993,,,,,,,,,,,,,,,,717.4247447499993,717.4359934999993,718.4138191669999,718.4138191669999,718.4138191669999,718.4138191669999,718.4297647499998,719.4140099589995,719.4140099589995,719.7407791669993,z,1,0.3250243739994403,None,p-3/200,"001",2025-10-01_15h34.42.852,Motor sequence Learning task_Recent_Experiment_Tutorial 4_Urvashi Bhansali_AU2320139,,2025.2.0,None,2025-10-01 15h34.42.878847 +0530,
-50,x,24,0,6,,,,,x,1,0.39180404099988664,None,,,,,6,0,24,0,719.7514394999998,,,,,,,,,,,,,,,,719.7412197919994,719.7514394999998,720.7306247919996,720.7306247919996,720.7306247919996,720.7306247919996,720.7465461669999,721.7393034589995,721.7393034589995,722.1408123339997,x,1,0.39180404099988664,None,p-3/200,"001",2025-10-01_15h34.42.852,Motor sequence Learning task_Recent_Experiment_Tutorial 4_Urvashi Bhansali_AU2320139,,2025.2.0,None,2025-10-01 15h34.42.878847 +0530,
-150,z,25,1,6,,,,,z,1,0.937813874999847,None,,,,,6,1,25,3,722.1529219169997,,,,,,,,,,,,,,,,722.1413264169996,722.1529219169997,723.1393471669999,723.1393471669999,723.1393471669999,723.1393471669999,723.1475870419999,724.1392677089998,724.1392677089998,725.0811962919997,z,1,0.937813874999847,None,p-3/200,"001",2025-10-01_15h34.42.852,Motor sequence Learning task_Recent_Experiment_Tutorial 4_Urvashi Bhansali_AU2320139,,2025.2.0,None,2025-10-01 15h34.42.878847 +0530,
50,c,26,2,6,,,,,c,1,0.8596421239999472,None,,,,,6,2,26,2,725.0937588749994,,,,,,,,,,,,,,,,725.0817579589993,725.0937588749994,726.0805623749993,726.0805623749993,726.0805623749993,726.0805623749993,726.089493292,727.0802445419995,727.0802445419995,727.9481610419998,c,1,0.8596421239999472,None,p-3/200,"001",2025-10-01_15h34.42.852,Motor sequence Learning task_Recent_Experiment_Tutorial 4_Urvashi Bhansali_AU2320139,,2025.2.0,None,2025-10-01 15h34.42.878847 +0530,
150,v,27,3,6,,,,,v,1,0.3622964159994808,None,,,,,6,3,27,1,727.9598188749997,,,,,,,,,,,,,,,,727.9487356669997,727.9598188749997,728.947565042,728.947565042,728.947565042,728.947565042,728.9741067499999,729.9575387499999,729.9575387499999,730.3241655839993,v,1,0.3622964159994808,None,p-3/200,"001",2025-10-01_15h34.42.852,Motor sequence Learning task_Recent_Experiment_Tutorial 4_Urvashi Bhansali_AU2320139,,2025.2.0,None,2025-10-01 15h34.42.878847 +0530,
150,v,28,0,7,,,,,v,1,0.5481850410005791,None,,,,,7,0,28,1,730.3357985419998,,,,,,,,,,,,,,,,730.3247652919999,730.3357985419998,731.3151170419997,731.3151170419997,731.3151170419997,731.3151170419997,731.3315113749995,732.3225641669997,732.3225641669997,732.8739180419998,v,1,0.5481850410005791,None,p-3/200,"001",2025-10-01_15h34.42.852,Motor sequence Learning task_Recent_Experiment_Tutorial 4_Urvashi Bhansali_AU2320139,,2025.2.0,None,2025-10-01 15h34.42.878847 +0530,
-50,x,29,1,7,,,,,x,1,1.219836165999368,None,,,,,7,1,29,0,732.8826907499997,,,,,,,,,,,,,,,,732.8743425839994,732.8826907499997,733.8726307919997,733.8726307919997,733.8726307919997,733.8726307919997,733.8805103750001,734.8640383749998,734.8640383749998,736.0909860839993,x,1,1.219836165999368,None,p-3/200,"001",2025-10-01_15h34.42.852,Motor sequence Learning task_Recent_Experiment_Tutorial 4_Urvashi Bhansali_AU2320139,,2025.2.0,None,2025-10-01 15h34.42.878847 +0530,
50,c,30,2,7,,,,,c,1,1.5635066659997392,None,,,,,7,2,30,2,736.1030003749993,,,,,,,,,,,,,,,,736.0915955419996,736.1030003749993,737.0891252499996,737.0891252499996,737.0891252499996,737.0891252499996,737.0964245839996,738.0821029589997,738.0821029589997,739.6481577089999,c,1,1.5635066659997392,None,p-3/200,"001",2025-10-01_15h34.42.852,Motor sequence Learning task_Recent_Experiment_Tutorial 4_Urvashi Bhansali_AU2320139,,2025.2.0,None,2025-10-01 15h34.42.878847 +0530,
-150,z,31,3,7,,,,,z,1,4.161192540999764,None,,,,,7,3,31,3,739.660168292,,,,,,,,,,,,,,,,739.6487332500001,739.660168292,740.6473892499998,740.6473892499998,740.6473892499998,740.6473892499998,740.6568644999998,741.6392195419994,741.6392195419994,745.8078554169997,z,1,4.161192540999764,None,p-3/200,"001",2025-10-01_15h34.42.852,Motor sequence Learning task_Recent_Experiment_Tutorial 4_Urvashi Bhansali_AU2320139,,2025.2.0,None,2025-10-01 15h34.42.878847 +0530,
-150,z,32,0,8,,,,,z,1,0.896571958000095,None,,,,,8,0,32,3,745.8197839169998,,,,,,,,,,,,,,,,745.8085715839998,745.8197839169998,746.8059809589995,746.8059809589995,746.8059809589995,746.8059809589995,746.8134606670001,747.8058369999999,747.8058369999999,748.7086777089999,z,1,0.896571958000095,None,p-3/200,"001",2025-10-01_15h34.42.852,Motor sequence Learning task_Recent_Experiment_Tutorial 4_Urvashi Bhansali_AU2320139,,2025.2.0,None,2025-10-01 15h34.42.878847 +0530,
-50,x,33,1,8,,,,,x,1,8.247811833000014,None,,,,,8,1,33,0,748.7208306249995,,,,,,,,,,,,,,,,748.709584792,748.7208306249995,749.7060392089998,749.7060392089998,749.7060392089998,749.7060392089998,749.7132911250001,750.7058422919999,750.7058422919999,758.957455625,x,1,8.247811833000014,None,p-3/200,"001",2025-10-01_15h34.42.852,Motor sequence Learning task_Recent_Experiment_Tutorial 4_Urvashi Bhansali_AU2320139,,2025.2.0,None,2025-10-01 15h34.42.878847 +0530,
50,c,34,2,8,,,,,c,1,1.9171042490006585,None,,,,,8,2,34,2,758.9697105839996,,,,,,,,,,,,,,,,758.9579952499998,758.9697105839996,759.9558709590001,759.9558709590001,759.9558709590001,759.9558709590001,759.9633265839993,760.9560096669993,760.9560096669993,762.8818028339992,c,1,1.9171042490006585,None,p-3/200,"001",2025-10-01_15h34.42.852,Motor sequence Learning task_Recent_Experiment_Tutorial 4_Urvashi Bhansali_AU2320139,,2025.2.0,None,2025-10-01 15h34.42.878847 +0530,
150,v,35,3,8,,,,,v,1,0.9725008330005949,None,,,,,8,3,35,1,762.893275167,,,,,,,,,,,,,,,,762.8823891669999,762.893275167,763.8808634589996,763.8808634589996,763.8808634589996,763.8808634589996,763.8898585419993,764.890649334,764.890649334,765.8644884999994,v,1,0.9725008330005949,None,p-3/200,"001",2025-10-01_15h34.42.852,Motor sequence Learning task_Recent_Experiment_Tutorial 4_Urvashi Bhansali_AU2320139,,2025.2.0,None,2025-10-01 15h34.42.878847 +0530,
150,v,36,0,9,,,,,v,1,3.162258875000589,None,,,,,9,0,36,1,765.8761469169995,,,,,,,,,,,,,,,,765.8650281249993,765.8761469169995,766.8641779169993,766.8641779169993,766.8641779169993,766.8641779169993,766.8724186249992,767.8640794590001,767.8640794590001,771.0315813339994,v,1,3.162258875000589,None,p-3/200,"001",2025-10-01_15h34.42.852,Motor sequence Learning task_Recent_Experiment_Tutorial 4_Urvashi Bhansali_AU2320139,,2025.2.0,None,2025-10-01 15h34.42.878847 +0530,
50,c,37,1,9,,,,,c,1,10.763309582999682,None,,,,,9,1,37,2,771.0434509999995,,,,,,,,,,,,,,,,771.0321889999996,771.0434509999995,772.0319229999996,772.0319229999996,772.0319229999996,772.0319229999996,772.0575118339993,773.0309065419997,773.0309065419997,783.7987701669999,c,1,10.763309582999682,None,p-3/200,"001",2025-10-01_15h34.42.852,Motor sequence Learning task_Recent_Experiment_Tutorial 4_Urvashi Bhansali_AU2320139,,2025.2.0,None,2025-10-01 15h34.42.878847 +0530,
-150,z,38,2,9,,,,,z,1,0.6483927920007773,None,,,,,9,2,38,3,783.8106649169995,,,,,,,,,,,,,,,,783.79950525,783.8106649169995,784.797020209,784.797020209,784.797020209,784.797020209,784.8058582919994,785.789745,785.789745,786.4589062499999,z,1,0.6483927920007773,None,p-3/200,"001",2025-10-01_15h34.42.852,Motor sequence Learning task_Recent_Experiment_Tutorial 4_Urvashi Bhansali_AU2320139,,2025.2.0,None,2025-10-01 15h34.42.878847 +0530,
-50,x,39,3,9,,,,,x,1,3.9530687489996126,None,,,,,9,3,39,0,786.4728612089993,,,,,,,,,,,,,,,,786.4595099170001,786.4728612089993,787.4566622919992,787.4566622919992,787.4566622919992,787.4566622919992,787.4637022500001,788.4739715420001,788.4739715420001,792.4315655,x,1,3.9530687489996126,None,p-3/200,"001",2025-10-01_15h34.42.852,Motor sequence Learning task_Recent_Experiment_Tutorial 4_Urvashi Bhansali_AU2320139,,2025.2.0,None,2025-10-01 15h34.42.878847 +0530,
150,v,40,0,10,,,,,v,1,2.2493134169999394,None,,,,,10,0,40,1,792.4434806669997,,,,,,,,,,,,,,,,792.4321163750001,792.4434806669997,793.4225321249996,793.4225321249996,793.4225321249996,793.4225321249996,793.4392629589993,794.4305168339997,794.4305168339997,796.6813618339993,v,1,2.2493134169999394,None,p-3/200,"001",2025-10-01_15h34.42.852,Motor sequence Learning task_Recent_Experiment_Tutorial 4_Urvashi Bhansali_AU2320139,,2025.2.0,None,2025-10-01 15h34.42.878847 +0530,
-50,x,41,1,10,,,,,x,1,0.5424794580003436,None,,,,,10,1,41,0,796.6931834999996,,,,,,,,,,,,,,,,796.6819672920001,796.6931834999996,797.6724446669996,797.6724446669996,797.6724446669996,797.6724446669996,797.689232834,798.6803569589993,798.6803569589993,799.2316459589993,x,1,0.5424794580003436,None,p-3/200,"001",2025-10-01_15h34.42.852,Motor sequence Learning task_Recent_Experiment_Tutorial 4_Urvashi Bhansali_AU2320139,,2025.2.0,None,2025-10-01 15h34.42.878847 +0530,
-150,z,42,2,10,,,,,z,1,0.49782891599988943,None,,,,,10,2,42,3,799.2433196249995,,,,,,,,,,,,,,,,799.232210917,799.2433196249995,800.2304965839994,800.2304965839994,800.2304965839994,800.2304965839994,800.2397531669994,801.230893125,801.230893125,801.7312697089992,z,1,0.49782891599988943,None,p-3/200,"001",2025-10-01_15h34.42.852,Motor sequence Learning task_Recent_Experiment_Tutorial 4_Urvashi Bhansali_AU2320139,,2025.2.0,None,2025-10-01 15h34.42.878847 +0530,
50,c,43,3,10,,,,,c,1,3.1403050409999196,None,,,,,10,3,43,2,801.7432839169996,,,,,,,,,,,,,,,,801.7318657919996,801.7432839169996,802.722624,802.722624,802.722624,802.722624,802.739259209,803.7302526249996,803.7302526249996,806.8743221669993,c,1,3.1403050409999196,None,p-3/200,"001",2025-10-01_15h34.42.852,Motor sequence Learning task_Recent_Experiment_Tutorial 4_Urvashi Bhansali_AU2320139,,2025.2.0,None,2025-10-01 15h34.42.878847 +0530,
-150,z,44,0,11,,,,,z,1,0.44434687499961,None,,,,,11,0,44,3,806.8861124999994,,,,,,,,,,,,,,,,806.8749604169998,806.8861124999994,807.8724948749996,807.8724948749996,807.8724948749996,807.8724948749996,807.8798166669994,808.8723529589997,808.8723529589997,809.3245427920001,z,1,0.44434687499961,None,p-3/200,"001",2025-10-01_15h34.42.852,Motor sequence Learning task_Recent_Experiment_Tutorial 4_Urvashi Bhansali_AU2320139,,2025.2.0,None,2025-10-01 15h34.42.878847 +0530,
-50,x,45,1,11,,,,,x,1,0.4382012490004854,None,,,,,11,1,45,0,809.3360134999994,,,,,,,,,,,,,,,,809.3251165419997,809.3360134999994,810.3224144169999,810.3224144169999,810.3224144169999,810.3224144169999,810.3297494589997,811.3223062500001,811.3223062500001,811.7648564589999,x,1,0.4382012490004854,None,p-3/200,"001",2025-10-01_15h34.42.852,Motor sequence Learning task_Recent_Experiment_Tutorial 4_Urvashi Bhansali_AU2320139,,2025.2.0,None,2025-10-01 15h34.42.878847 +0530,
150,v,46,2,11,,,,,v,1,0.7881860830002552,None,,,,,11,2,46,1,811.7766937919996,,,,,,,,,,,,,,,,811.7653950419999,811.7766937919996,812.7642634999993,812.7642634999993,812.7642634999993,812.7642634999993,812.7732492499999,813.7652840840001,813.7652840840001,814.5574092500001,v,1,0.7881860830002552,None,p-3/200,"001",2025-10-01_15h34.42.852,Motor sequence Learning task_Recent_Experiment_Tutorial 4_Urvashi Bhansali_AU2320139,,2025.2.0,None,2025-10-01 15h34.42.878847 +0530,
50,c,47,3,11,,,,,c,1,1.0277248330003204,None,,,,,11,3,47,2,814.5693074169994,,,,,,,,,,,,,,,,814.5581135839993,814.5693074169994,815.5479546249999,815.5479546249999,815.5479546249999,815.5479546249999,815.5907364999994,816.5476779999999,816.5476779999999,817.5810141669999,c,1,1.0277248330003204,None,p-3/200,"001",2025-10-01_15h34.42.852,Motor sequence Learning task_Recent_Experiment_Tutorial 4_Urvashi Bhansali_AU2320139,,2025.2.0,None,2025-10-01 15h34.42.878847 +0530,
-150,z,48,0,12,,,,,z,1,0.5191021239998008,None,,,,,12,0,48,3,817.5925904999995,,,,,,,,,,,,,,,,817.5815174169993,817.5925904999995,818.5807505839994,818.5807505839994,818.5807505839994,818.5807505839994,818.5898966669993,819.5801416249997,819.5801416249997,820.1079488339992,z,1,0.5191021239998008,None,p-3/200,"001",2025-10-01_15h34.42.852,Motor sequence Learning task_Recent_Experiment_Tutorial 4_Urvashi Bhansali_AU2320139,,2025.2.0,None,2025-10-01 15h34.42.878847 +0530,
50,c,49,1,12,,,,,c,1,0.8012725410007988,None,,,,,12,1,49,2,820.1197762920001,,,,,,,,,,,,,,,,820.1085352499995,820.1197762920001,821.1072334999999,821.1072334999999,821.1072334999999,821.1072334999999,821.1135021249993,822.1058847919994,822.1058847919994,822.9147832919998,c,1,0.8012725410007988,None,p-3/200,"001",2025-10-01_15h34.42.852,Motor sequence Learning task_Recent_Experiment_Tutorial 4_Urvashi Bhansali_AU2320139,,2025.2.0,None,2025-10-01 15h34.42.878847 +0530,
150,v,50,2,12,,,,,v,1,2.236823540999467,None,,,,,12,2,50,1,822.9266390419998,,,,,,,,,,,,,,,,822.9152525,822.9266390419998,823.9133837089994,823.9133837089994,823.9133837089994,823.9133837089994,823.9230359999992,824.9133232499998,824.9133232499998,827.1575979999998,v,1,2.236823540999467,None,p-3/200,"001",2025-10-01_15h34.42.852,Motor sequence Learning task_Recent_Experiment_Tutorial 4_Urvashi Bhansali_AU2320139,,2025.2.0,None,2025-10-01 15h34.42.878847 +0530,
-50,x,51,3,12,,,,,x,1,0.6972270830001435,None,,,,,12,3,51,0,827.168602709,,,,,,,,,,,,,,,,827.1580714169995,827.168602709,828.147016209,828.147016209,828.147016209,828.147016209,828.1633743339999,829.1558821669996,829.1558821669996,829.8577890419992,x,1,0.6972270830001435,None,p-3/200,"001",2025-10-01_15h34.42.852,Motor sequence Learning task_Recent_Experiment_Tutorial 4_Urvashi Bhansali_AU2320139,,2025.2.0,None,2025-10-01 15h34.42.878847 +0530,
-150,z,52,0,13,,,,,z,1,3.0384736659998453,None,,,,,13,0,52,3,829.8691386249993,,,,,,,,,,,,,,,,829.8582448339994,829.8691386249993,830.8558391669994,830.8558391669994,830.8558391669994,830.8558391669994,830.8632284999994,831.8744486669993,831.8744486669993,834.9256217499997,z,1,3.0384736659998453,None,p-3/200,"001",2025-10-01_15h34.42.852,Motor sequence Learning task_Recent_Experiment_Tutorial 4_Urvashi Bhansali_AU2320139,,2025.2.0,None,2025-10-01 15h34.42.878847 +0530,
150,v,53,1,13,,,,,v,1,2.1547959159997845,None,,,,,13,1,53,1,834.9398151249998,,,,,,,,,,,,,,,,834.9261429999997,834.9398151249998,835.923027709,835.923027709,835.923027709,835.923027709,835.9295235,836.9230098339995,836.9230098339995,839.0819527499998,v,1,2.1547959159997845,None,p-3/200,"001",2025-10-01_15h34.42.852,Motor sequence Learning task_Recent_Experiment_Tutorial 4_Urvashi Bhansali_AU2320139,,2025.2.0,None,2025-10-01 15h34.42.878847 +0530,
50,c,54,2,13,,,,,c,1,2.689396499000395,None,,,,,13,2,54,2,839.0934299589999,,,,,,,,,,,,,,,,839.0824164999995,839.0934299589999,840.0801907499999,840.0801907499999,840.0801907499999,840.0801907499999,840.09056925,841.0803653749999,841.0803653749999,843.7742231249995,c,1,2.689396499000395,None,p-3/200,"001",2025-10-01_15h34.42.852,Motor sequence Learning task_Recent_Experiment_Tutorial 4_Urvashi Bhansali_AU2320139,,2025.2.0,None,2025-10-01 15h34.42.878847 +0530,
-50,x,55,3,13,,,,,x,1,2.9806884999998147,None,,,,,13,3,55,0,843.7851026669996,,,,,,,,,,,,,,,,843.7746970419994,843.7851026669996,844.7738985420001,844.7738985420001,844.7738985420001,844.7738985420001,844.7800485839998,845.7729519589993,845.7729519589993,848.7575125839994,x,1,2.9806884999998147,None,p-3/200,"001",2025-10-01_15h34.42.852,Motor sequence Learning task_Recent_Experiment_Tutorial 4_Urvashi Bhansali_AU2320139,,2025.2.0,None,2025-10-01 15h34.42.878847 +0530,
50,c,56,0,14,,,,,c,1,0.6183345829995233,None,,,,,14,0,56,2,848.7683878749995,,,,,,,,,,,,,,,,848.7579772089994,848.7683878749995,849.7571183749997,849.7571183749997,849.7571183749997,849.7571183749997,849.7632490839997,850.7563036669999,850.7563036669999,851.3809397089999,c,1,0.6183345829995233,None,p-3/200,"001",2025-10-01_15h34.42.852,Motor sequence Learning task_Recent_Experiment_Tutorial 4_Urvashi Bhansali_AU2320139,,2025.2.0,None,2025-10-01 15h34.42.878847 +0530,
-50,x,57,1,14,,,,,x,1,0.5494172500002605,None,,,,,14,1,57,0,851.3929362499994,,,,,,,,,,,,,,,,851.381488084,851.3929362499994,852.3800778340001,852.3800778340001,852.3800778340001,852.3800778340001,852.3902421249995,853.3800287919994,853.3800287919994,853.931106125,x,1,0.5494172500002605,None,p-3/200,"001",2025-10-01_15h34.42.852,Motor sequence Learning task_Recent_Experiment_Tutorial 4_Urvashi Bhansali_AU2320139,,2025.2.0,None,2025-10-01 15h34.42.878847 +0530,
-150,z,58,2,14,,,,,z,1,0.4644737080006962,None,,,,,14,2,58,3,853.9426006249996,,,,,,,,,,,,,,,,853.9315415419996,853.9426006249996,854.9298819169999,854.9298819169999,854.9298819169999,854.9298819169999,854.9390500419995,855.9300047500001,855.9300047500001,856.3980998749994,z,1,0.4644737080006962,None,p-3/200,"001",2025-10-01_15h34.42.852,Motor sequence Learning task_Recent_Experiment_Tutorial 4_Urvashi Bhansali_AU2320139,,2025.2.0,None,2025-10-01 15h34.42.878847 +0530,
150,v,59,3,14,,,,,v,1,0.706342415999643,None,,,,,14,3,59,1,856.4094649169992,,,,,,,,,,,,,,,,856.3985239589992,856.4094649169992,857.3961965419994,857.3961965419994,857.3961965419994,857.3961965419994,857.4063712499992,858.3969334999992,858.3969334999992,859.1075726250001,v,1,0.706342415999643,None,p-3/200,"001",2025-10-01_15h34.42.852,Motor sequence Learning task_Recent_Experiment_Tutorial 4_Urvashi Bhansali_AU2320139,,2025.2.0,None,2025-10-01 15h34.42.878847 +0530,
150,v,60,0,15,,,,,v,1,0.6982552490007947,None,,,,,15,0,60,1,859.1183244169997,,,,,,,,,,,,,,,,859.1080234589999,859.1183244169997,860.1067129590001,860.1067129590001,860.1067129590001,860.1067129590001,860.11315225,861.1071163339993,861.1071163339993,861.8077396669996,v,1,0.6982552490007947,None,p-3/200,"001",2025-10-01_15h34.42.852,Motor sequence Learning task_Recent_Experiment_Tutorial 4_Urvashi Bhansali_AU2320139,,2025.2.0,None,2025-10-01 15h34.42.878847 +0530,
-150,z,61,1,15,,,,,z,1,1.3875218749999476,None,,,,,15,1,61,3,861.8189145419992,,,,,,,,,,,,,,,,861.8082222499997,861.8189145419992,862.8063488339994,862.8063488339994,862.8063488339994,862.8063488339994,862.8129586669993,863.8057372089997,863.8057372089997,865.1985181249993,z,1,1.3875218749999476,None,p-3/200,"001",2025-10-01_15h34.42.852,Motor sequence Learning task_Recent_Experiment_Tutorial 4_Urvashi Bhansali_AU2320139,,2025.2.0,None,2025-10-01 15h34.42.878847 +0530,
50,c,62,2,15,,,,,x,0,0.8297388749997481,None,,,,,15,2,62,2,865.2093857089994,,,,,,,,,,,,,,,,865.19910875,865.2093857089994,866.1969102919993,866.1969102919993,866.1969102919993,866.1969102919993,866.2066421249992,867.1963957089993,867.1963957089993,868.0316334169993,x,0,0.8297388749997481,None,p-3/200,"001",2025-10-01_15h34.42.852,Motor sequence Learning task_Recent_Experiment_Tutorial 4_Urvashi Bhansali_AU2320139,,2025.2.0,None,2025-10-01 15h34.42.878847 +0530,
-50,x,63,3,15,,,,,x,1,0.6837517909998496,None,,,,,15,3,63,0,868.0429470839999,,,,,,,,,,,,,,,,868.032202417,868.0429470839999,869.0301553749996,869.0301553749996,869.0301553749996,869.0301553749996,869.039959959,870.0303808339995,870.0303808339995,870.7241604169994,x,1,0.6837517909998496,None,p-3/200,"001",2025-10-01_15h34.42.852,Motor sequence Learning task_Recent_Experiment_Tutorial 4_Urvashi Bhansali_AU2320139,,2025.2.0,None,2025-10-01 15h34.42.878847 +0530,
-150,z,64,0,16,,,,,z,1,0.651758166000036,None,,,,,16,0,64,3,870.7364810839999,,,,,,,,,,,,,,,,870.7247615839997,870.7364810839999,871.7230500420001,871.7230500420001,871.7230500420001,871.7230500420001,871.7304058749996,872.7222435839994,872.7222435839994,873.3823104999992,z,1,0.651758166000036,None,p-3/200,"001",2025-10-01_15h34.42.852,Motor sequence Learning task_Recent_Experiment_Tutorial 4_Urvashi Bhansali_AU2320139,,2025.2.0,None,2025-10-01 15h34.42.878847 +0530,
-50,x,65,1,16,,,,,x,1,0.8165323329994862,None,,,,,16,1,65,0,873.3941252919994,,,,,,,,,,,,,,,,873.3829626249999,873.3941252919994,874.3805606669994,874.3805606669994,874.3805606669994,874.3805606669994,874.3891238749993,875.3804154589998,875.3804154589998,876.2077780419995,x,1,0.8165323329994862,None,p-3/200,"001",2025-10-01_15h34.42.852,Motor sequence Learning task_Recent_Experiment_Tutorial 4_Urvashi Bhansali_AU2320139,,2025.2.0,None,2025-10-01 15h34.42.878847 +0530,
50,c,66,2,16,,,,,c,1,1.1511426249999204,None,,,,,16,2,66,2,876.2194937919994,,,,,,,,,,,,,,,,876.208459042,876.2194937919994,877.2055985419993,877.2055985419993,877.2055985419993,877.2055985419993,877.2129935419998,878.1967783339996,878.1967783339996,879.3589476669995,c,1,1.1511426249999204,None,p-3/200,"001",2025-10-01_15h34.42.852,Motor sequence Learning task_Recent_Experiment_Tutorial 4_Urvashi Bhansali_AU2320139,,2025.2.0,None,2025-10-01 15h34.42.878847 +0530,
150,v,67,3,16,,,,,v,1,0.7469489170007364,None,,,,,16,3,67,1,879.3711211249993,,,,,,,,,,,,,,,,879.359753709,879.3711211249993,880.3556195000001,880.3556195000001,880.3556195000001,880.3556195000001,880.3632071249995,881.373880917,881.373880917,882.1238214169998,v,1,0.7469489170007364,None,p-3/200,"001",2025-10-01_15h34.42.852,Motor sequence Learning task_Recent_Experiment_Tutorial 4_Urvashi Bhansali_AU2320139,,2025.2.0,None,2025-10-01 15h34.42.878847 +0530,
150,v,68,0,17,,,,,v,1,0.5964436670001305,None,,,,,17,0,68,1,882.135752917,,,,,,,,,,,,,,,,882.1243721669998,882.135752917,883.1223050839999,883.1223050839999,883.1223050839999,883.1223050839999,883.129639625,884.1222627499992,884.1222627499992,884.7246302499998,v,1,0.5964436670001305,None,p-3/200,"001",2025-10-01_15h34.42.852,Motor sequence Learning task_Recent_Experiment_Tutorial 4_Urvashi Bhansali_AU2320139,,2025.2.0,None,2025-10-01 15h34.42.878847 +0530,
50,c,69,1,17,,,,,c,1,0.7673272910005835,None,,,,,17,1,69,2,884.7353399589992,,,,,,,,,,,,,,,,884.7252524589994,884.7353399589992,885.7223323339995,885.7223323339995,885.7223323339995,885.7223323339995,885.7300424589994,886.7223318749993,886.7223318749993,887.4976802089996,c,1,0.7673272910005835,None,p-3/200,"001",2025-10-01_15h34.42.852,Motor sequence Learning task_Recent_Experiment_Tutorial 4_Urvashi Bhansali_AU2320139,,2025.2.0,None,2025-10-01 15h34.42.878847 +0530,
-150,z,70,2,17,,,,,z,1,0.5820599579992631,None,,,,,17,2,70,3,887.5091818749997,,,,,,,,,,,,,,,,887.4982835840001,887.5091818749997,888.4969652499994,888.4969652499994,888.4969652499994,888.4969652499994,888.5056679589998,889.4975301669992,889.4975301669992,890.0811585839992,z,1,0.5820599579992631,None,p-3/200,"001",2025-10-01_15h34.42.852,Motor sequence Learning task_Recent_Experiment_Tutorial 4_Urvashi Bhansali_AU2320139,,2025.2.0,None,2025-10-01 15h34.42.878847 +0530,
-50,x,71,3,17,,,,,x,1,1.032303791999766,None,,,,,17,3,71,0,890.0933218749997,,,,,,,,,,,,,,,,890.0817163749998,890.0933218749997,891.0806334169993,891.0806334169993,891.0806334169993,891.0806334169993,891.0901745839992,892.0802454169998,892.0802454169998,893.1153936669998,x,1,1.032303791999766,None,p-3/200,"001",2025-10-01_15h34.42.852,Motor sequence Learning task_Recent_Experiment_Tutorial 4_Urvashi Bhansali_AU2320139,,2025.2.0,None,2025-10-01 15h34.42.878847 +0530,
-150,z,72,0,18,,,,,z,1,0.6768033329999525,None,,,,,18,0,72,3,893.1266916249997,,,,,,,,,,,,,,,,893.1160669999999,893.1266916249997,894.114047084,894.114047084,894.114047084,894.114047084,894.123112542,895.1137387089993,895.1137387089993,895.7978020419996,z,1,0.6768033329999525,None,p-3/200,"001",2025-10-01_15h34.42.852,Motor sequence Learning task_Recent_Experiment_Tutorial 4_Urvashi Bhansali_AU2320139,,2025.2.0,None,2025-10-01 15h34.42.878847 +0530,
-50,x,73,1,18,,,,,x,1,0.6344916250000097,None,,,,,18,1,73,0,895.8093292089998,,,,,,,,,,,,,,,,895.7983504589993,895.8093292089998,896.7975126249994,896.7975126249994,896.7975126249994,896.7975126249994,896.8056535839996,897.7980122919998,897.7980122919998,898.4405108749997,x,1,0.6344916250000097,None,p-3/200,"001",2025-10-01_15h34.42.852,Motor sequence Learning task_Recent_Experiment_Tutorial 4_Urvashi Bhansali_AU2320139,,2025.2.0,None,2025-10-01 15h34.42.878847 +0530,
50,c,74,2,18,,,,,c,1,1.8494123330001457,None,,,,,18,2,74,2,898.4515777919996,,,,,,,,,,,,,,,,898.4410401249997,898.4515777919996,899.4400552090001,899.4400552090001,899.4400552090001,899.4400552090001,899.4468870419996,900.4389067089996,900.4389067089996,902.2905682089995,c,1,1.8494123330001457,None,p-3/200,"001",2025-10-01_15h34.42.852,Motor sequence Learning task_Recent_Experiment_Tutorial 4_Urvashi Bhansali_AU2320139,,2025.2.0,None,2025-10-01 15h34.42.878847 +0530,
150,v,75,3,18,,,,,v,1,1.6077762499999153,None,,,,,18,3,75,1,902.3026279999995,,,,,,,,,,,,,,,,902.2911318749993,902.3026279999995,903.2808969589996,903.2808969589996,903.2808969589996,903.2808969589996,903.3238947499995,904.2824543339993,904.2824543339993,905.8978628340001,v,1,1.6077762499999153,None,p-3/200,"001",2025-10-01_15h34.42.852,Motor sequence Learning task_Recent_Experiment_Tutorial 4_Urvashi Bhansali_AU2320139,,2025.2.0,None,2025-10-01 15h34.42.878847 +0530,
-150,z,76,0,19,,,,,z,1,0.6923054999997476,None,,,,,19,0,76,3,905.9094716249992,,,,,,,,,,,,,,,,905.898426625,905.9094716249992,906.8989488749994,906.8989488749994,906.8989488749994,906.8989488749994,906.9086079589997,907.8889308749995,907.8889308749995,908.5907177089994,z,1,0.6923054999997476,None,p-3/200,"001",2025-10-01_15h34.42.852,Motor sequence Learning task_Recent_Experiment_Tutorial 4_Urvashi Bhansali_AU2320139,,2025.2.0,None,2025-10-01 15h34.42.878847 +0530,
150,v,77,1,19,,,,,v,1,0.8295672909998757,None,,,,,19,1,77,1,908.6022351669999,,,,,,,,,,,,,,,,908.5912904589995,908.6022351669999,909.5889816669996,909.5889816669996,909.5889816669996,909.5889816669996,909.5964417089999,910.588871375,910.588871375,911.425120375,v,1,0.8295672909998757,None,p-3/200,"001",2025-10-01_15h34.42.852,Motor sequence Learning task_Recent_Experiment_Tutorial 4_Urvashi Bhansali_AU2320139,,2025.2.0,None,2025-10-01 15h34.42.878847 +0530,
-50,x,78,2,19,,,,,x,1,0.7489855410003656,None,,,,,19,2,78,0,911.4373755419992,,,,,,,,,,,,,,,,911.4262172089993,911.4373755419992,912.422236292,912.422236292,912.422236292,912.422236292,912.4297255419997,913.4221613749996,913.4221613749996,914.1746155419996,x,1,0.7489855410003656,None,p-3/200,"001",2025-10-01_15h34.42.852,Motor sequence Learning task_Recent_Experiment_Tutorial 4_Urvashi Bhansali_AU2320139,,2025.2.0,None,2025-10-01 15h34.42.878847 +0530,
50,c,79,3,19,,,,,c,1,0.7867538749997038,None,,,,,19,3,79,2,914.18716675,,,,,,,,,,,,,,,,914.1755351249994,914.18716675,915.172189375,915.172189375,915.172189375,915.172189375,915.179455167,916.1722017089996,916.1722017089996,916.9643214589996,c,1,0.7867538749997038,None,p-3/200,"001",2025-10-01_15h34.42.852,Motor sequence Learning task_Recent_Experiment_Tutorial 4_Urvashi Bhansali_AU2320139,,2025.2.0,None,2025-10-01 15h34.42.878847 +0530,
-50,x,80,0,20,,,,,x,1,1.128015291000338,None,,,,,20,0,80,0,916.9759941249995,,,,,,,,,,,,,,,,916.9648675419994,916.9759941249995,917.963632209,917.963632209,917.963632209,917.963632209,917.9725015839995,918.9556099169995,918.9556099169995,920.090641625,x,1,1.128015291000338,None,p-3/200,"001",2025-10-01_15h34.42.852,Motor sequence Learning task_Recent_Experiment_Tutorial 4_Urvashi Bhansali_AU2320139,,2025.2.0,None,2025-10-01 15h34.42.878847 +0530,
150,v,81,1,20,,,,,v,1,0.9469459580004695,None,,,,,20,1,81,1,920.1023431670001,,,,,,,,,,,,,,,,920.0912080419994,920.1023431670001,921.0889158749997,921.0889158749997,921.0889158749997,921.0889158749997,921.0963929999998,922.0889244169994,922.0889244169994,923.0413840839992,v,1,0.9469459580004695,None,p-3/200,"001",2025-10-01_15h34.42.852,Motor sequence Learning task_Recent_Experiment_Tutorial 4_Urvashi Bhansali_AU2320139,,2025.2.0,None,2025-10-01 15h34.42.878847 +0530,
-150,z,82,2,20,,,,,z,1,0.6189747909993457,None,,,,,20,2,82,3,923.0536399590001,,,,,,,,,,,,,,,,923.0423684999996,923.0536399590001,924.038960459,924.038960459,924.038960459,924.038960459,924.0463389999995,925.0388687499999,925.0388687499999,925.6649738749993,z,1,0.6189747909993457,None,p-3/200,"001",2025-10-01_15h34.42.852,Motor sequence Learning task_Recent_Experiment_Tutorial 4_Urvashi Bhansali_AU2320139,,2025.2.0,None,2025-10-01 15h34.42.878847 +0530,
50,c,83,3,20,,,,,c,1,0.8453664580001714,None,,,,,20,3,83,2,925.6764634169995,,,,,,,,,,,,,,,,925.6655954589996,925.6764634169995,926.6632737499995,926.6632737499995,926.6632737499995,926.6632737499995,926.6722332919999,927.6633754589993,927.6633754589993,928.5142250839999,c,1,0.8453664580001714,None,p-3/200,"001",2025-10-01_15h34.42.852,Motor sequence Learning task_Recent_Experiment_Tutorial 4_Urvashi Bhansali_AU2320139,,2025.2.0,None,2025-10-01 15h34.42.878847 +0530,
-150,z,84,0,21,,,,,z,1,3.301102291999996,None,,,,,21,0,84,3,928.5261622089993,,,,,,,,,,,,,,,,928.5147987089995,928.5261622089993,929.513616792,929.513616792,929.513616792,929.513616792,929.5223460839998,930.5055275839995,930.5055275839995,933.8149161669999,z,1,3.301102291999996,None,p-3/200,"001",2025-10-01_15h34.42.852,Motor sequence Learning task_Recent_Experiment_Tutorial 4_Urvashi Bhansali_AU2320139,,2025.2.0,None,2025-10-01 15h34.42.878847 +0530,
-50,x,85,1,21,,,,,x,1,0.8262640000002648,None,,,,,21,1,85,0,933.8258731249998,,,,,,,,,,,,,,,,933.8155222089999,933.8258731249998,934.8135994169998,934.8135994169998,934.8135994169998,934.8135994169998,934.8229375840001,935.8132338339992,935.8132338339992,936.6484774169994,x,1,0.8262640000002648,None,p-3/200,"001",2025-10-01_15h34.42.852,Motor sequence Learning task_Recent_Experiment_Tutorial 4_Urvashi Bhansali_AU2320139,,2025.2.0,None,2025-10-01 15h34.42.878847 +0530,
150,v,86,2,21,,,,,v,1,2.700891041000432,None,,,,,21,2,86,1,936.6597590839992,,,,,,,,,,,,,,,,936.6490832089994,936.6597590839992,937.6471645419997,937.6471645419997,937.6471645419997,937.6471645419997,937.6557514169999,938.6475204169992,938.6475204169992,941.3571918339994,v,1,2.700891041000432,None,p-3/200,"001",2025-10-01_15h34.42.852,Motor sequence Learning task_Recent_Experiment_Tutorial 4_Urvashi Bhansali_AU2320139,,2025.2.0,None,2025-10-01 15h34.42.878847 +0530,
50,c,87,3,21,,,,,c,1,0.48840991599990957,None,,,,,21,3,87,2,941.3685725839996,,,,,,,,,,,,,,,,941.3577512499996,941.3685725839996,942.3556948749992,942.3556948749992,942.3556948749992,942.3556948749992,942.3634327919999,943.3570949999994,943.3570949999994,943.8473207500001,c,1,0.48840991599990957,None,p-3/200,"001",2025-10-01_15h34.42.852,Motor sequence Learning task_Recent_Experiment_Tutorial 4_Urvashi Bhansali_AU2320139,,2025.2.0,None,2025-10-01 15h34.42.878847 +0530,
50,c,88,0,22,,,,,c,1,0.6263359159993342,None,,,,,22,0,88,2,943.8593367919993,,,,,,,,,,,,,,,,943.8478866669993,943.8593367919993,944.8471072499997,944.8471072499997,944.8471072499997,944.8471072499997,944.8555510419992,945.8471630419999,945.8471630419999,946.4764267089995,c,1,0.6263359159993342,None,p-3/200,"001",2025-10-01_15h34.42.852,Motor sequence Learning task_Recent_Experiment_Tutorial 4_Urvashi Bhansali_AU2320139,,2025.2.0,None,2025-10-01 15h34.42.878847 +0530,
-50,x,89,1,22,,,,,x,1,1.1675206660002004,None,,,,,22,1,89,0,946.4901318749999,,,,,,,,,,,,,,,,946.4766285839996,946.4901318749999,947.4725400419993,947.4725400419993,947.4725400419993,947.4725400419993,947.4796624589999,948.4727545420001,948.4727545420001,949.6419337919997,x,1,1.1675206660002004,None,p-3/200,"001",2025-10-01_15h34.42.852,Motor sequence Learning task_Recent_Experiment_Tutorial 4_Urvashi Bhansali_AU2320139,,2025.2.0,None,2025-10-01 15h34.42.878847 +0530,
-150,z,90,2,22,,,,,z,1,0.9716638330000933,None,,,,,22,2,90,3,949.6556383339994,,,,,,,,,,,,,,,,949.6425227499994,949.6556383339994,950.6393909589997,950.6393909589997,950.6393909589997,950.6393909589997,950.6462704999994,951.6386044589999,951.6386044589999,952.6148236669997,z,1,0.9716638330000933,None,p-3/200,"001",2025-10-01_15h34.42.852,Motor sequence Learning task_Recent_Experiment_Tutorial 4_Urvashi Bhansali_AU2320139,,2025.2.0,None,2025-10-01 15h34.42.878847 +0530,
150,v,91,3,22,,,,,v,1,0.9369206249994022,None,,,,,22,3,91,1,952.6265692500001,,,,,,,,,,,,,,,,952.6153531669997,952.6265692500001,953.613132292,953.613132292,953.613132292,953.613132292,953.62284275,954.6136813749999,954.6136813749999,955.557607875,v,1,0.9369206249994022,None,p-3/200,"001",2025-10-01_15h34.42.852,Motor sequence Learning task_Recent_Experiment_Tutorial 4_Urvashi Bhansali_AU2320139,,2025.2.0,None,2025-10-01 15h34.42.878847 +0530,
-150,z,92,0,23,,,,,z,1,1.2963027499999953,None,,,,,23,0,92,3,955.5691108339997,,,,,,,,,,,,,,,,955.5582645839995,955.5691108339997,956.5566897089993,956.5566897089993,956.5566897089993,956.5566897089993,956.5637960419999,957.5737602919999,957.5737602919999,958.8742968339993,z,1,1.2963027499999953,None,p-3/200,"001",2025-10-01_15h34.42.852,Motor sequence Learning task_Recent_Experiment_Tutorial 4_Urvashi Bhansali_AU2320139,,2025.2.0,None,2025-10-01 15h34.42.878847 +0530,
150,v,93,1,23,,,,,v,1,0.658852124999612,None,,,,,23,1,93,1,958.8860298339996,,,,,,,,,,,,,,,,958.8749981669998,958.8860298339996,959.8721448339993,959.8721448339993,959.8721448339993,959.8721448339993,959.8794916669995,960.8721435419993,960.8721435419993,961.5582885419999,v,1,0.658852124999612,None,p-3/200,"001",2025-10-01_15h34.42.852,Motor sequence Learning task_Recent_Experiment_Tutorial 4_Urvashi Bhansali_AU2320139,,2025.2.0,None,2025-10-01 15h34.42.878847 +0530,
-50,x,94,2,23,,,,,x,1,1.259084291000363,None,,,,,23,2,94,0,961.5734232919995,,,,,,,,,,,,,,,,961.5588701669994,961.5734232919995,962.5557175839995,962.5557175839995,962.5557175839995,962.5557175839995,962.5724740420001,963.5648438749995,963.5648438749995,964.8314374169995,x,1,1.259084291000363,None,p-3/200,"001",2025-10-01_15h34.42.852,Motor sequence Learning task_Recent_Experiment_Tutorial 4_Urvashi Bhansali_AU2320139,,2025.2.0,None,2025-10-01 15h34.42.878847 +0530,
50,c,95,3,23,,,,,c,1,0.8782437489999211,None,,,,,23,3,95,2,964.8430705419996,,,,,,,,,,,,,,,,964.8319957499998,964.8430705419996,965.8301365839998,965.8301365839998,965.8301365839998,965.8301365839998,965.8395553749997,966.8305195419998,966.8305195419998,967.7146415839998,c,1,0.8782437489999211,None,p-3/200,"001",2025-10-01_15h34.42.852,Motor sequence Learning task_Recent_Experiment_Tutorial 4_Urvashi Bhansali_AU2320139,,2025.2.0,None,2025-10-01 15h34.42.878847 +0530,
150,v,96,0,24,,,,,v,1,0.6810878749993208,None,,,,,24,0,96,1,967.7262159169995,,,,,,,,,,,,,,,,967.7152640839995,967.7262159169995,968.7143375839996,968.7143375839996,968.7143375839996,968.7143375839996,968.7222100839999,969.7147612499994,969.7147612499994,970.3991821669997,v,1,0.6810878749993208,None,p-3/200,"001",2025-10-01_15h34.42.852,Motor sequence Learning task_Recent_Experiment_Tutorial 4_Urvashi Bhansali_AU2320139,,2025.2.0,None,2025-10-01 15h34.42.878847 +0530,
50,c,97,1,24,,,,,c,1,1.0199876249998852,None,,,,,24,1,97,2,970.410840042,,,,,,,,,,,,,,,,970.3999597089996,970.410840042,971.3988915419995,971.3988915419995,971.3988915419995,971.3988915419995,971.4082464590001,972.3967717919995,972.3967717919995,973.4240421249997,c,1,1.0199876249998852,None,p-3/200,"001",2025-10-01_15h34.42.852,Motor sequence Learning task_Recent_Experiment_Tutorial 4_Urvashi Bhansali_AU2320139,,2025.2.0,None,2025-10-01 15h34.42.878847 +0530,
-150,z,98,2,24,,,,,z,1,1.1924976250002146,None,,,,,24,2,98,3,973.4361375839999,,,,,,,,,,,,,,,,973.4247862499997,973.4361375839999,974.4135524589992,974.4135524589992,974.4135524589992,974.4135524589992,974.4294372089998,975.422107417,975.422107417,976.6240756669995,z,1,1.1924976250002146,None,p-3/200,"001",2025-10-01_15h34.42.852,Motor sequence Learning task_Recent_Experiment_Tutorial 4_Urvashi Bhansali_AU2320139,,2025.2.0,None,2025-10-01 15h34.42.878847 +0530,
-50,x,99,3,24,,,,,x,1,0.8211361659996328,None,,,,,24,3,99,0,976.6363155419995,,,,,,,,,,,,,,,,976.6248704999998,976.6363155419995,977.622330917,977.622330917,977.622330917,977.622330917,977.6298052499997,978.6404912089993,978.6404912089993,979.4645701669997,x,1,0.8211361659996328,None,p-3/200,"001",2025-10-01_15h34.42.852,Motor sequence Learning task_Recent_Experiment_Tutorial 4_Urvashi Bhansali_AU2320139,,2025.2.0,None,2025-10-01 15h34.42.878847 +0530,
-150,z,100,0,25,,,,,z,1,1.4785997909993966,None,,,,,25,0,100,3,979.4763244589994,,,,,,,,,,,,,,,,979.4655154169996,979.4763244589994,980.4638473340001,980.4638473340001,980.4638473340001,980.4638473340001,980.4721581249996,981.4639465,981.4639465,982.9479095839997,z,1,1.4785997909993966,None,p-3/200,"001",2025-10-01_15h34.42.852,Motor sequence Learning task_Recent_Experiment_Tutorial 4_Urvashi Bhansali_AU2320139,,2025.2.0,None,2025-10-01 15h34.42.878847 +0530,
150,v,101,1,25,,,,,v,1,12.076584624000134,None,,,,,25,1,101,1,982.9596557499999,,,,,,,,,,,,,,,,982.9484970839994,982.9596557499999,983.9468069999994,983.9468069999994,983.9468069999994,983.9468069999994,983.9560386249996,984.9468029169993,984.9468029169993,997.0315604589996,v,1,12.076584624000134,None,p-3/200,"001",2025-10-01_15h34.42.852,Motor sequence Learning task_Recent_Experiment_Tutorial 4_Urvashi Bhansali_AU2320139,,2025.2.0,None,2025-10-01 15h34.42.878847 +0530,
-50,x,102,2,25,,,,,x,1,4.343345457999931,None,,,,,25,2,102,0,997.0428573749996,,,,,,,,,,,,,,,,997.0321845839999,997.0428573749996,998.0308311250001,998.0308311250001,998.0308311250001,998.0308311250001,998.0568231249999,999.0301627919998,999.0301627919998,1003.3756382920001,x,1,4.343345457999931,None,p-3/200,"001",2025-10-01_15h34.42.852,Motor sequence Learning task_Recent_Experiment_Tutorial 4_Urvashi Bhansali_AU2320139,,2025.2.0,None,2025-10-01 15h34.42.878847 +0530,
50,c,103,3,25,,,,,c,1,2.952479040999606,None,,,,,25,3,103,2,1003.3888019999995,,,,,,,,,,,,,,,,1003.3765625420001,1003.3888019999995,1004.3723619169996,1004.3723619169996,1004.3723619169996,1004.3723619169996,1004.3796222499996,1005.372266292,1005.372266292,1008.3315377089993,c,1,2.952479040999606,None,p-3/200,"001",2025-10-01_15h34.42.852,Motor sequence Learning task_Recent_Experiment_Tutorial 4_Urvashi Bhansali_AU2320139,,2025.2.0,None,2025-10-01 15h34.42.878847 +0530,
-150,z,104,0,26,,,,,z,1,0.8636656239996228,None,,,,,26,0,104,3,1008.3427601249996,,,,,,,,,,,,,,,,1008.3322019589996,1008.3427601249996,1009.3305732499994,1009.3305732499994,1009.3305732499994,1009.3305732499994,1009.3395452089999,1010.3297843749997,1010.3297843749997,1011.1985301669993,z,1,0.8636656239996228,None,p-3/200,"001",2025-10-01_15h34.42.852,Motor sequence Learning task_Recent_Experiment_Tutorial 4_Urvashi Bhansali_AU2320139,,2025.2.0,None,2025-10-01 15h34.42.878847 +0530,
150,v,105,1,26,,,,,v,1,2.1119749579993368,None,,,,,26,1,105,1,1011.2096685419992,,,,,,,,,,,,,,,,1011.1990682919995,1011.2096685419992,1012.196839667,1012.196839667,1012.196839667,1012.196839667,1012.2060429589992,1013.1995704999999,1013.1995704999999,1015.313989667,v,1,2.1119749579993368,None,p-3/200,"001",2025-10-01_15h34.42.852,Motor sequence Learning task_Recent_Experiment_Tutorial 4_Urvashi Bhansali_AU2320139,,2025.2.0,None,2025-10-01 15h34.42.878847 +0530,
-50,x,106,2,26,,,,,x,1,1.320505540999875,None,,,,,26,2,106,0,1015.3257252499998,,,,,,,,,,,,,,,,1015.314544375,1015.3257252499998,1016.3060921669994,1016.3060921669994,1016.3060921669994,1016.3060921669994,1016.3220849999998,1017.3136064169994,1017.3136064169994,1018.6406798339995,x,1,1.320505540999875,None,p-3/200,"001",2025-10-01_15h34.42.852,Motor sequence Learning task_Recent_Experiment_Tutorial 4_Urvashi Bhansali_AU2320139,,2025.2.0,None,2025-10-01 15h34.42.878847 +0530,
50,c,107,3,26,,,,,c,1,0.7607090409992452,None,,,,,26,3,107,2,1018.6524148749995,,,,,,,,,,,,,,,,1018.6412689589997,1018.6524148749995,1019.6387761249998,1019.6387761249998,1019.6387761249998,1019.6387761249998,1019.6461326669996,1020.6403465839994,1020.6403465839994,1021.4072834589997,c,1,0.7607090409992452,None,p-3/200,"001",2025-10-01_15h34.42.852,Motor sequence Learning task_Recent_Experiment_Tutorial 4_Urvashi Bhansali_AU2320139,,2025.2.0,None,2025-10-01 15h34.42.878847 +0530,
150,v,108,0,27,,,,,v,1,1.3883117909999783,None,,,,,27,0,108,1,1021.418729209,,,,,,,,,,,,,,,,1021.4078625839993,1021.418729209,1022.4052939999992,1022.4052939999992,1022.4052939999992,1022.4052939999992,1022.4130103749994,1023.4055932089996,1023.4055932089996,1024.7980190419994,v,1,1.3883117909999783,None,p-3/200,"001",2025-10-01_15h34.42.852,Motor sequence Learning task_Recent_Experiment_Tutorial 4_Urvashi Bhansali_AU2320139,,2025.2.0,None,2025-10-01 15h34.42.878847 +0530,
-150,z,109,1,27,,,,,z,1,1.010389873999884,None,,,,,27,1,109,3,1024.809568834,,,,,,,,,,,,,,,,1024.7986123749997,1024.809568834,1025.7971969169994,1025.7971969169994,1025.7971969169994,1025.7971969169994,1025.8061562089997,1026.796449417,1026.796449417,1027.8142804589997,z,1,1.010389873999884,None,p-3/200,"001",2025-10-01_15h34.42.852,Motor sequence Learning task_Recent_Experiment_Tutorial 4_Urvashi Bhansali_AU2320139,,2025.2.0,None,2025-10-01 15h34.42.878847 +0530,
50,c,110,2,27,,,,,c,1,0.6834234160005508,None,,,,,27,2,110,2,1027.8261242499993,,,,,,,,,,,,,,,,1027.814839875,1027.8261242499993,1028.81392675,1028.81392675,1028.81392675,1028.81392675,1028.8403881669992,1029.8133374999998,1029.8133374999998,1030.4997722089993,c,1,0.6834234160005508,None,p-3/200,"001",2025-10-01_15h34.42.852,Motor sequence Learning task_Recent_Experiment_Tutorial 4_Urvashi Bhansali_AU2320139,,2025.2.0,None,2025-10-01 15h34.42.878847 +0530,
-50,x,111,3,27,,,,,x,1,0.7404766240006211,None,,,,,27,3,111,0,1030.5123316669997,,,,,,,,,,,,,,,,1030.50028775,1030.5123316669997,1031.4964658749996,1031.4964658749996,1031.4964658749996,1031.4964658749996,1031.5055090839996,1032.4972093749993,1032.4972093749993,1033.2406302499994,x,1,0.7404766240006211,None,p-3/200,"001",2025-10-01_15h34.42.852,Motor sequence Learning task_Recent_Experiment_Tutorial 4_Urvashi Bhansali_AU2320139,,2025.2.0,None,2025-10-01 15h34.42.878847 +0530,
-50,x,112,0,28,,,,,x,1,1.0298038330001873,None,,,,,28,0,112,0,1033.2520177919996,,,,,,,,,,,,,,,,1033.241379917,1033.2520177919996,1034.2387126249996,1034.2387126249996,1034.2387126249996,1034.2387126249996,1034.2464393749997,1035.2387950839993,1035.2387950839993,1036.2752406249992,x,1,1.0298038330001873,None,p-3/200,"001",2025-10-01_15h34.42.852,Motor sequence Learning task_Recent_Experiment_Tutorial 4_Urvashi Bhansali_AU2320139,,2025.2.0,None,2025-10-01 15h34.42.878847 +0530,
-150,z,113,1,28,,,,,z,1,0.5627897080003095,None,,,,,28,1,113,3,1036.2869470839996,,,,,,,,,,,,,,,,1036.2758735419993,1036.2869470839996,1037.2720633749996,1037.2720633749996,1037.2720633749996,1037.2720633749996,1037.279477,1038.2726565419998,1038.2726565419998,1038.8426404169995,z,1,0.5627897080003095,None,p-3/200,"001",2025-10-01_15h34.42.852,Motor sequence Learning task_Recent_Experiment_Tutorial 4_Urvashi Bhansali_AU2320139,,2025.2.0,None,2025-10-01 15h34.42.878847 +0530,
50,c,114,2,28,,,,,c,1,0.7817192909997175,None,,,,,28,2,114,2,1038.8549364169994,,,,,,,,,,,,,,,,1038.843778167,1038.8549364169994,1039.8386771249998,1039.8386771249998,1039.8386771249998,1039.8386771249998,1039.8461698749998,1040.8387409589996,1040.8387409589996,1041.6236759999993,c,1,0.7817192909997175,None,p-3/200,"001",2025-10-01_15h34.42.852,Motor sequence Learning task_Recent_Experiment_Tutorial 4_Urvashi Bhansali_AU2320139,,2025.2.0,None,2025-10-01 15h34.42.878847 +0530,
150,v,115,3,28,,,,,v,1,0.6482947910008079,None,,,,,28,3,115,1,1041.63522225,,,,,,,,,,,,,,,,1041.6242777499992,1041.63522225,1042.6222337919999,1042.6222337919999,1042.6222337919999,1042.6222337919999,1042.6296974999996,1043.6220683339998,1043.6220683339998,1044.274121542,v,1,0.6482947910008079,None,p-3/200,"001",2025-10-01_15h34.42.852,Motor sequence Learning task_Recent_Experiment_Tutorial 4_Urvashi Bhansali_AU2320139,,2025.2.0,None,2025-10-01 15h34.42.878847 +0530,
150,v,116,0,29,,,,,v,1,0.7653139989997726,None,,,,,29,0,116,1,1044.285872292,,,,,,,,,,,,,,,,1044.2750204169997,1044.285872292,1045.2720701669996,1045.2720701669996,1045.2720701669996,1045.2720701669996,1045.2794544999997,1046.2720576249994,1046.2720576249994,1047.0401824589999,v,1,0.7653139989997726,None,p-3/200,"001",2025-10-01_15h34.42.852,Motor sequence Learning task_Recent_Experiment_Tutorial 4_Urvashi Bhansali_AU2320139,,2025.2.0,None,2025-10-01 15h34.42.878847 +0530,
-50,x,117,1,29,,,,,x,1,4.281461790999856,None,,,,,29,1,117,0,1047.0505869589997,,,,,,,,,,,,,,,,1047.040629792,1047.0505869589997,1048.0388322089993,1048.0388322089993,1048.0388322089993,1048.0388322089993,1048.046176709,1049.0387451249999,1049.0387451249999,1053.324035875,x,1,4.281461790999856,None,p-3/200,"001",2025-10-01_15h34.42.852,Motor sequence Learning task_Recent_Experiment_Tutorial 4_Urvashi Bhansali_AU2320139,,2025.2.0,None,2025-10-01 15h34.42.878847 +0530,
50,c,118,2,29,,,,,c,1,1.7690725419997761,None,,,,,29,2,118,2,1053.3356138749996,,,,,,,,,,,,,,,,1053.3246849999996,1053.3356138749996,1054.322128625,1054.322128625,1054.322128625,1054.322128625,1054.3295279169997,1055.3140935419997,1055.3140935419997,1057.0906384169994,c,1,1.7690725419997761,None,p-3/200,"001",2025-10-01_15h34.42.852,Motor sequence Learning task_Recent_Experiment_Tutorial 4_Urvashi Bhansali_AU2320139,,2025.2.0,None,2025-10-01 15h34.42.878847 +0530,
-150,z,119,3,29,,,,,z,1,1.1962733749996914,None,,,,,29,3,119,3,1057.102015417,,,,,,,,,,,,,,,,1057.091359125,1057.102015417,1058.0888435839997,1058.0888435839997,1058.0888435839997,1058.0888435839997,1058.0962154169993,1059.088776167,1059.088776167,1060.2901812499995,z,1,1.1962733749996914,None,p-3/200,"001",2025-10-01_15h34.42.852,Motor sequence Learning task_Recent_Experiment_Tutorial 4_Urvashi Bhansali_AU2320139,,2025.2.0,None,2025-10-01 15h34.42.878847 +0530,
-150,z,120,0,30,,,,,z,1,1.852382666000267,None,,,,,30,0,120,3,1060.301676917,,,,,,,,,,,,,,,,1060.2907650839998,1060.301676917,1061.288665084,1061.288665084,1061.288665084,1061.288665084,1061.2961302499998,1062.2886132919994,1062.2886132919994,1064.1475728339992,z,1,1.852382666000267,None,p-3/200,"001",2025-10-01_15h34.42.852,Motor sequence Learning task_Recent_Experiment_Tutorial 4_Urvashi Bhansali_AU2320139,,2025.2.0,None,2025-10-01 15h34.42.878847 +0530,
150,v,121,1,30,,,,,v,1,1.0224018740000247,None,,,,,30,1,121,1,1064.159093417,,,,,,,,,,,,,,,,1064.148147125,1064.159093417,1065.148096,1065.148096,1065.148096,1065.148096,1065.1583014999997,1066.1475466249994,1066.1475466249994,1067.1760344999993,v,1,1.0224018740000247,None,p-3/200,"001",2025-10-01_15h34.42.852,Motor sequence Learning task_Recent_Experiment_Tutorial 4_Urvashi Bhansali_AU2320139,,2025.2.0,None,2025-10-01 15h34.42.878847 +0530,
-50,x,122,2,30,,,,,x,1,0.9948004580000998,None,,,,,30,2,122,0,1067.1896526669998,,,,,,,,,,,,,,,,1067.1768597499995,1067.1896526669998,1068.1720408339997,1068.1720408339997,1068.1720408339997,1068.1720408339997,1068.1799405419997,1069.172039,1069.172039,1070.1740362089995,x,1,0.9948004580000998,None,p-3/200,"001",2025-10-01_15h34.42.852,Motor sequence Learning task_Recent_Experiment_Tutorial 4_Urvashi Bhansali_AU2320139,,2025.2.0,None,2025-10-01 15h34.42.878847 +0530,
50,c,123,3,30,,,,,v,0,1.2746185830001195,None,,,,,30,3,123,2,1070.185076709,,,,,,,,,,,,,,,,1070.1746355839996,1070.185076709,1071.1720854589994,1071.1720854589994,1071.1720854589994,1071.1720854589994,1071.1793617499998,1072.1720913749996,1072.1720913749996,1073.4486299589998,v,0,1.2746185830001195,None,p-3/200,"001",2025-10-01_15h34.42.852,Motor sequence Learning task_Recent_Experiment_Tutorial 4_Urvashi Bhansali_AU2320139,,2025.2.0,None,2025-10-01 15h34.42.878847 +0530,
-50,x,124,0,31,,,,,x,1,1.059983082999679,None,,,,,31,0,124,0,1073.4596189169997,,,,,,,,,,,,,,,,1073.4491912919993,1073.4596189169997,1074.446909417,1074.446909417,1074.446909417,1074.446909417,1074.4567119589992,1075.446652959,1075.446652959,1076.5148009169998,x,1,1.059983082999679,None,p-3/200,"001",2025-10-01_15h34.42.852,Motor sequence Learning task_Recent_Experiment_Tutorial 4_Urvashi Bhansali_AU2320139,,2025.2.0,None,2025-10-01 15h34.42.878847 +0530,
-150,z,125,1,31,,,,,z,1,1.1375092910002422,None,,,,,31,1,125,3,1076.5262567499994,,,,,,,,,,,,,,,,1076.51538575,1076.5262567499994,1077.5139356249992,1077.5139356249992,1077.5139356249992,1077.5139356249992,1077.5405034589994,1078.513156334,1078.513156334,1079.6575710839998,z,1,1.1375092910002422,None,p-3/200,"001",2025-10-01_15h34.42.852,Motor sequence Learning task_Recent_Experiment_Tutorial 4_Urvashi Bhansali_AU2320139,,2025.2.0,None,2025-10-01 15h34.42.878847 +0530,
150,v,126,2,31,,,,,v,1,2.708251208000547,None,,,,,31,2,126,1,1079.669113084,,,,,,,,,,,,,,,,1079.658153417,1079.669113084,1080.6552595839994,1080.6552595839994,1080.6552595839994,1080.6552595839994,1080.6626985839994,1081.6552223339995,1081.6552223339995,1084.3740430839998,v,1,2.708251208000547,None,p-3/200,"001",2025-10-01_15h34.42.852,Motor sequence Learning task_Recent_Experiment_Tutorial 4_Urvashi Bhansali_AU2320139,,2025.2.0,None,2025-10-01 15h34.42.878847 +0530,
50,c,127,3,31,,,,,c,1,1.232426083000064,None,,,,,31,3,127,2,1084.3859278339996,,,,,,,,,,,,,,,,1084.374752875,1084.3859278339996,1085.3719842089995,1085.3719842089995,1085.3719842089995,1085.3719842089995,1085.3793951669995,1086.3720057089995,1086.3720057089995,1087.6071033339995,c,1,1.232426083000064,None,p-3/200,"001",2025-10-01_15h34.42.852,Motor sequence Learning task_Recent_Experiment_Tutorial 4_Urvashi Bhansali_AU2320139,,2025.2.0,None,2025-10-01 15h34.42.878847 +0530,
-50,x,128,0,32,,,,,x,1,0.9380514160002349,None,,,,,32,0,128,0,1087.6190129999995,,,,,,,,,,,,,,,,1087.6078074999996,1087.6190129999995,1088.605518667,1088.605518667,1088.605518667,1088.605518667,1088.6133531249998,1089.6052427089999,1089.6052427089999,1090.5468983749997,x,1,0.9380514160002349,None,p-3/200,"001",2025-10-01_15h34.42.852,Motor sequence Learning task_Recent_Experiment_Tutorial 4_Urvashi Bhansali_AU2320139,,2025.2.0,None,2025-10-01 15h34.42.878847 +0530,
50,c,129,1,32,,,,,c,1,0.8606335410004249,None,,,,,32,1,129,2,1090.573311917,,,,,,,,,,,,,,,,1090.547385375,1090.573311917,1091.546687209,1091.546687209,1091.546687209,1091.546687209,1091.572162167,1092.538637959,1092.538637959,1093.4073635839995,c,1,0.8606335410004249,None,p-3/200,"001",2025-10-01_15h34.42.852,Motor sequence Learning task_Recent_Experiment_Tutorial 4_Urvashi Bhansali_AU2320139,,2025.2.0,None,2025-10-01 15h34.42.878847 +0530,
-150,z,130,2,32,,,,,z,1,0.8910755830002017,None,,,,,32,2,130,3,1093.4190773749997,,,,,,,,,,,,,,,,1093.4081472089993,1093.4190773749997,1094.405341875,1094.405341875,1094.405341875,1094.405341875,1094.4132198339994,1095.4052076669996,1095.4052076669996,1096.3089827089998,z,1,0.8910755830002017,None,p-3/200,"001",2025-10-01_15h34.42.852,Motor sequence Learning task_Recent_Experiment_Tutorial 4_Urvashi Bhansali_AU2320139,,2025.2.0,None,2025-10-01 15h34.42.878847 +0530,
150,v,131,3,32,,,,,v,1,0.9687221669992141,None,,,,,32,3,131,1,1096.3218487499998,,,,,,,,,,,,,,,,1096.3102647919995,1096.3218487499998,1097.3052923749992,1097.3052923749992,1097.3052923749992,1097.3052923749992,1097.3126221249995,1098.3054303339995,1098.3054303339995,1099.2810184589998,v,1,0.9687221669992141,None,p-3/200,"001",2025-10-01_15h34.42.852,Motor sequence Learning task_Recent_Experiment_Tutorial 4_Urvashi Bhansali_AU2320139,,2025.2.0,None,2025-10-01 15h34.42.878847 +0530,
50,c,132,0,33,,,,,c,1,0.7980715829999099,None,,,,,33,0,132,2,1099.2928133749992,,,,,,,,,,,,,,,,1099.2815919589993,1099.2928133749992,1100.2799519169994,1100.2799519169994,1100.2799519169994,1100.2799519169994,1100.288791375,1101.2800748749996,1101.2800748749996,1102.081652709,c,1,0.7980715829999099,None,p-3/200,"001",2025-10-01_15h34.42.852,Motor sequence Learning task_Recent_Experiment_Tutorial 4_Urvashi Bhansali_AU2320139,,2025.2.0,None,2025-10-01 15h34.42.878847 +0530,
150,v,133,1,33,,,,,v,1,1.0355469999994966,None,,,,,33,1,133,1,1102.092961292,,,,,,,,,,,,,,,,1102.0824491249996,1102.092961292,1103.0809481249998,1103.0809481249998,1103.0809481249998,1103.0809481249998,1103.106696375,1104.0805894169998,1104.0805894169998,1105.1236964999998,v,1,1.0355469999994966,None,p-3/200,"001",2025-10-01_15h34.42.852,Motor sequence Learning task_Recent_Experiment_Tutorial 4_Urvashi Bhansali_AU2320139,,2025.2.0,None,2025-10-01 15h34.42.878847 +0530,
-50,x,134,2,33,,,,,x,1,1.040592499000013,None,,,,,33,2,134,0,1105.134877292,,,,,,,,,,,,,,,,1105.1243154999993,1105.134877292,1106.1223704589993,1106.1223704589993,1106.1223704589993,1106.1223704589993,1106.1297950839999,1107.1223624999993,1107.1223624999993,1108.1642816249996,x,1,1.040592499000013,None,p-3/200,"001",2025-10-01_15h34.42.852,Motor sequence Learning task_Recent_Experiment_Tutorial 4_Urvashi Bhansali_AU2320139,,2025.2.0,None,2025-10-01 15h34.42.878847 +0530,
-150,z,135,3,33,,,,,z,1,0.9411343330002637,None,,,,,33,3,135,3,1108.1755335839998,,,,,,,,,,,,,,,,1108.1648257919996,1108.1755335839998,1109.1635542089998,1109.1635542089998,1109.1635542089998,1109.1635542089998,1109.17257875,1110.1556557499998,1110.1556557499998,1111.1082228749992,z,1,0.9411343330002637,None,p-3/200,"001",2025-10-01_15h34.42.852,Motor sequence Learning task_Recent_Experiment_Tutorial 4_Urvashi Bhansali_AU2320139,,2025.2.0,None,2025-10-01 15h34.42.878847 +0530,
-50,x,136,0,34,,,,,x,1,1.319142999000178,None,,,,,34,0,136,0,1111.119629375,,,,,,,,,,,,,,,,1111.108800209,1111.119629375,1112.1057085419998,1112.1057085419998,1112.1057085419998,1112.1057085419998,1112.1133539169996,1113.1236758749992,1113.1236758749992,1114.4476896669994,x,1,1.319142999000178,None,p-3/200,"001",2025-10-01_15h34.42.852,Motor sequence Learning task_Recent_Experiment_Tutorial 4_Urvashi Bhansali_AU2320139,,2025.2.0,None,2025-10-01 15h34.42.878847 +0530,
150,v,137,1,34,,,,,v,1,1.2927013739999893,None,,,,,34,1,137,1,1114.459118459,,,,,,,,,,,,,,,,1114.4482213339998,1114.459118459,1115.4462162499995,1115.4462162499995,1115.4462162499995,1115.4462162499995,1115.4561559169997,1116.4472862499997,1116.4472862499997,1117.7484627919994,v,1,1.2927013739999893,None,p-3/200,"001",2025-10-01_15h34.42.852,Motor sequence Learning task_Recent_Experiment_Tutorial 4_Urvashi Bhansali_AU2320139,,2025.2.0,None,2025-10-01 15h34.42.878847 +0530,
-150,z,138,2,34,,,,,z,1,1.2846062499993423,None,,,,,34,2,138,3,1117.759152875,,,,,,,,,,,,,,,,1117.7490146669998,1117.759152875,1118.7464603749995,1118.7464603749995,1118.7464603749995,1118.7464603749995,1118.7558533339998,1119.7470842089997,1119.7470842089997,1121.04156125,z,1,1.2846062499993423,None,p-3/200,"001",2025-10-01_15h34.42.852,Motor sequence Learning task_Recent_Experiment_Tutorial 4_Urvashi Bhansali_AU2320139,,2025.2.0,None,2025-10-01 15h34.42.878847 +0530,
50,c,139,3,34,,,,,c,1,1.332638124999903,None,,,,,34,3,139,2,1121.0528513749996,,,,,,,,,,,,,,,,1121.04216525,1121.0528513749996,1122.0392538749993,1122.0392538749993,1122.0392538749993,1122.0392538749993,1122.0459088749994,1123.0389370839994,1123.0389370839994,1124.3736327919996,c,1,1.332638124999903,None,p-3/200,"001",2025-10-01_15h34.42.852,Motor sequence Learning task_Recent_Experiment_Tutorial 4_Urvashi Bhansali_AU2320139,,2025.2.0,None,2025-10-01 15h34.42.878847 +0530,
-50,x,140,0,35,,,,,x,1,1.1672150829999737,None,,,,,35,0,140,0,1124.3848322499998,,,,,,,,,,,,,,,,1124.3742232089999,1124.3848322499998,1125.37196975,1125.37196975,1125.37196975,1125.37196975,1125.3803424999996,1126.3722182499996,1126.3722182499996,1127.5477310419992,x,1,1.1672150829999737,None,p-3/200,"001",2025-10-01_15h34.42.852,Motor sequence Learning task_Recent_Experiment_Tutorial 4_Urvashi Bhansali_AU2320139,,2025.2.0,None,2025-10-01 15h34.42.878847 +0530,
-150,z,141,1,35,,,,,z,1,1.3643487079998522,None,,,,,35,1,141,3,1127.5590578749998,,,,,,,,,,,,,,,,1127.5482842089996,1127.5590578749998,1128.5473504169995,1128.5473504169995,1128.5473504169995,1128.5473504169995,1128.5556264999996,1129.5390443749993,1129.5390443749993,1130.907547584,z,1,1.3643487079998522,None,p-3/200,"001",2025-10-01_15h34.42.852,Motor sequence Learning task_Recent_Experiment_Tutorial 4_Urvashi Bhansali_AU2320139,,2025.2.0,None,2025-10-01 15h34.42.878847 +0530,
50,c,142,2,35,,,,,c,1,1.83866208299969,None,,,,,35,2,142,2,1130.9191847499997,,,,,,,,,,,,,,,,1130.9083542089993,1130.9191847499997,1131.9236584169994,1131.9236584169994,1131.9236584169994,1131.9236584169994,1131.9236584169994,1132.905742584,1132.905742584,1134.7478740839997,c,1,1.83866208299969,None,p-3/200,"001",2025-10-01_15h34.42.852,Motor sequence Learning task_Recent_Experiment_Tutorial 4_Urvashi Bhansali_AU2320139,,2025.2.0,None,2025-10-01 15h34.42.878847 +0530,
150,v,143,3,35,,,,,v,1,0.9707454159997724,None,,,,,35,3,143,1,1134.7593477089995,,,,,,,,,,,,,,,,1134.7484348339995,1134.7593477089995,1135.747286334,1135.747286334,1135.747286334,1135.747286334,1135.773477584,1136.746490292,1136.746490292,1137.7241414589998,v,1,0.9707454159997724,None,p-3/200,"001",2025-10-01_15h34.42.852,Motor sequence Learning task_Recent_Experiment_Tutorial 4_Urvashi Bhansali_AU2320139,,2025.2.0,None,2025-10-01 15h34.42.878847 +0530,
50,c,144,0,36,,,,,c,1,2.218254123999941,None,,,,,36,0,144,2,1137.7350530839994,,,,,,,,,,,,,,,,1137.7247386669997,1137.7350530839994,1138.7223831669999,1138.7223831669999,1138.7223831669999,1138.7223831669999,1138.7291353339997,1139.7223344169997,1139.7223344169997,1141.9479390419992,c,1,2.218254123999941,None,p-3/200,"001",2025-10-01_15h34.42.852,Motor sequence Learning task_Recent_Experiment_Tutorial 4_Urvashi Bhansali_AU2320139,,2025.2.0,None,2025-10-01 15h34.42.878847 +0530,
-150,z,145,1,36,,,,,z,1,1.3114256660001047,None,,,,,36,1,145,3,1141.9591825839998,,,,,,,,,,,,,,,,1141.9485233339992,1141.9591825839998,1142.9470031669998,1142.9470031669998,1142.9470031669998,1142.9470031669998,1142.9559062919998,1143.9467456249995,1143.9467456249995,1145.2647792919997,z,1,1.3114256660001047,None,p-3/200,"001",2025-10-01_15h34.42.852,Motor sequence Learning task_Recent_Experiment_Tutorial 4_Urvashi Bhansali_AU2320139,,2025.2.0,None,2025-10-01 15h34.42.878847 +0530,
-50,x,146,2,36,,,,,x,1,0.8202506249999715,None,,,,,36,2,146,0,1145.2762275839996,,,,,,,,,,,,,,,,1145.2653685839996,1145.2762275839996,1146.263438459,1146.263438459,1146.263438459,1146.263438459,1146.2726094169993,1147.2627996249994,1147.2627996249994,1148.090612375,x,1,0.8202506249999715,None,p-3/200,"001",2025-10-01_15h34.42.852,Motor sequence Learning task_Recent_Experiment_Tutorial 4_Urvashi Bhansali_AU2320139,,2025.2.0,None,2025-10-01 15h34.42.878847 +0530,
150,v,147,3,36,,,,,v,1,1.382483957999284,None,,,,,36,3,147,1,1148.1029142499992,,,,,,,,,,,,,,,,1148.09120325,1148.1029142499992,1149.0890692089997,1149.0890692089997,1149.0890692089997,1149.0890692089997,1149.0963284589998,1150.0885685419998,1150.0885685419998,1151.473339917,v,1,1.382483957999284,None,p-3/200,"001",2025-10-01_15h34.42.852,Motor sequence Learning task_Recent_Experiment_Tutorial 4_Urvashi Bhansali_AU2320139,,2025.2.0,None,2025-10-01 15h34.42.878847 +0530,
150,v,148,0,37,,,,,v,1,0.7889168749998134,None,,,,,37,0,148,1,1151.4854946249998,,,,,,,,,,,,,,,,1151.4739277919998,1151.4854946249998,1152.4726609589998,1152.4726609589998,1152.4726609589998,1152.4726609589998,1152.4799437089996,1153.4719981669996,1153.4719981669996,1154.264177125,v,1,0.7889168749998134,None,p-3/200,"001",2025-10-01_15h34.42.852,Motor sequence Learning task_Recent_Experiment_Tutorial 4_Urvashi Bhansali_AU2320139,,2025.2.0,None,2025-10-01 15h34.42.878847 +0530,
-150,z,149,1,37,,,,,z,1,0.9249214990004475,None,,,,,37,1,149,3,1154.276061042,,,,,,,,,,,,,,,,1154.2647281669997,1154.276061042,1155.2639818749994,1155.2639818749994,1155.2639818749994,1155.2639818749994,1155.2899876669999,1156.2630314589996,1156.2630314589996,1157.1900154589994,z,1,0.9249214990004475,None,p-3/200,"001",2025-10-01_15h34.42.852,Motor sequence Learning task_Recent_Experiment_Tutorial 4_Urvashi Bhansali_AU2320139,,2025.2.0,None,2025-10-01 15h34.42.878847 +0530,
50,c,150,2,37,,,,,c,1,0.6386010420001185,None,,,,,37,2,150,2,1157.202113292,,,,,,,,,,,,,,,,1157.190535584,1157.202113292,1158.1802104999997,1158.1802104999997,1158.1802104999997,1158.1802104999997,1158.19594675,1159.1801338339992,1159.1801338339992,1159.8237509589999,c,1,0.6386010420001185,None,p-3/200,"001",2025-10-01_15h34.42.852,Motor sequence Learning task_Recent_Experiment_Tutorial 4_Urvashi Bhansali_AU2320139,,2025.2.0,None,2025-10-01 15h34.42.878847 +0530,
-50,x,151,3,37,,,,,x,1,0.6256098749990997,None,,,,,37,3,151,0,1159.8356210839993,,,,,,,,,,,,,,,,1159.824360834,1159.8356210839993,1160.8219114169997,1160.8219114169997,1160.8219114169997,1160.8219114169997,1160.829411709,1161.8218298339998,1161.8218298339998,1162.4580137499997,x,1,0.6256098749990997,None,p-3/200,"001",2025-10-01_15h34.42.852,Motor sequence Learning task_Recent_Experiment_Tutorial 4_Urvashi Bhansali_AU2320139,,2025.2.0,None,2025-10-01 15h34.42.878847 +0530,
150,v,152,0,38,,,,,v,1,0.9210510829998384,None,,,,,38,0,152,1,1162.4706649169993,,,,,,,,,,,,,,,,1162.4592458749994,1162.4706649169993,1163.4553137089997,1163.4553137089997,1163.4553137089997,1163.4553137089997,1163.4626252919998,1164.4557341669997,1164.4557341669997,1165.3808216669995,v,1,0.9210510829998384,None,p-3/200,"001",2025-10-01_15h34.42.852,Motor sequence Learning task_Recent_Experiment_Tutorial 4_Urvashi Bhansali_AU2320139,,2025.2.0,None,2025-10-01 15h34.42.878847 +0530,
-150,z,153,1,38,,,,,z,1,0.7590902500005541,None,,,,,38,1,153,3,1165.3925992089999,,,,,,,,,,,,,,,,1165.381402,1165.3925992089999,1166.380300334,1166.380300334,1166.380300334,1166.380300334,1166.3885961669994,1167.3794897499993,1167.3794897499993,1168.140167167,z,1,0.7590902500005541,None,p-3/200,"001",2025-10-01_15h34.42.852,Motor sequence Learning task_Recent_Experiment_Tutorial 4_Urvashi Bhansali_AU2320139,,2025.2.0,None,2025-10-01 15h34.42.878847 +0530,
-50,x,154,2,38,,,,,x,1,0.7050499580000178,None,,,,,38,2,154,0,1168.1525472919993,,,,,,,,,,,,,,,,1168.140775375,1168.1525472919993,1169.1303963339997,1169.1303963339997,1169.1303963339997,1169.1303963339997,1169.1466047499998,1170.1384906249996,1170.1384906249996,1170.8483045839994,x,1,0.7050499580000178,None,p-3/200,"001",2025-10-01_15h34.42.852,Motor sequence Learning task_Recent_Experiment_Tutorial 4_Urvashi Bhansali_AU2320139,,2025.2.0,None,2025-10-01 15h34.42.878847 +0530,
50,c,155,3,38,,,,,c,1,0.7354540409996844,None,,,,,38,3,155,2,1170.86031525,,,,,,,,,,,,,,,,1170.8488754589998,1170.86031525,1171.8567267499993,1171.8567267499993,1171.8567267499993,1171.8567267499993,1171.8635508749994,1172.8460436249998,1172.8460436249998,1173.5905996669999,c,1,0.7354540409996844,None,p-3/200,"001",2025-10-01_15h34.42.852,Motor sequence Learning task_Recent_Experiment_Tutorial 4_Urvashi Bhansali_AU2320139,,2025.2.0,None,2025-10-01 15h34.42.878847 +0530,
-150,z,156,0,39,,,,,z,1,0.7960511250003037,None,,,,,39,0,156,3,1173.6028863339998,,,,,,,,,,,,,,,,1173.5912377919994,1173.6028863339998,1174.5885368339996,1174.5885368339996,1174.5885368339996,1174.5885368339996,1174.5959417919994,1175.5883955419995,1175.5883955419995,1176.3905850419997,z,1,0.7960511250003037,None,p-3/200,"001",2025-10-01_15h34.42.852,Motor sequence Learning task_Recent_Experiment_Tutorial 4_Urvashi Bhansali_AU2320139,,2025.2.0,None,2025-10-01 15h34.42.878847 +0530,
-50,x,157,1,39,,,,,x,1,0.5119101659993248,None,,,,,39,1,157,0,1176.4029114999994,,,,,,,,,,,,,,,,1176.3913759589996,1176.4029114999994,1177.3884564169994,1177.3884564169994,1177.3884564169994,1177.3884564169994,1177.3962910419996,1178.3884093749994,1178.3884093749994,1178.9246951669993,x,1,0.5119101659993248,None,p-3/200,"001",2025-10-01_15h34.42.852,Motor sequence Learning task_Recent_Experiment_Tutorial 4_Urvashi Bhansali_AU2320139,,2025.2.0,None,2025-10-01 15h34.42.878847 +0530,
50,c,158,2,39,,,,,c,1,0.6105827080000381,None,,,,,39,2,158,2,1178.9386277919994,,,,,,,,,,,,,,,,1178.9253013339994,1178.9386277919994,1179.9219576669993,1179.9219576669993,1179.9219576669993,1179.9219576669993,1179.9294176249996,1180.9217832089998,1180.9217832089998,1181.5414405419997,c,1,0.6105827080000381,None,p-3/200,"001",2025-10-01_15h34.42.852,Motor sequence Learning task_Recent_Experiment_Tutorial 4_Urvashi Bhansali_AU2320139,,2025.2.0,None,2025-10-01 15h34.42.878847 +0530,
150,v,159,3,39,,,,,v,1,0.5964528750000682,None,,,,,39,3,159,1,1181.5530702919996,,,,,,,,,,,,,,,,1181.5420071669996,1181.5530702919996,1182.538906709,1182.538906709,1182.538906709,1182.538906709,1182.5464428749992,1183.5567205839998,1183.5567205839998,1184.156892,v,1,0.5964528750000682,None,p-3/200,"001",2025-10-01_15h34.42.852,Motor sequence Learning task_Recent_Experiment_Tutorial 4_Urvashi Bhansali_AU2320139,,2025.2.0,None,2025-10-01 15h34.42.878847 +0530,
50,c,160,0,40,,,,,c,1,0.8014913750002961,None,,,,,40,0,160,2,1184.1696783749994,,,,,,,,,,,,,,,,1184.1574810839993,1184.1696783749994,1185.1551150839996,1185.1551150839996,1185.1551150839996,1185.1551150839996,1185.1624163339993,1186.156718667,1186.156718667,1186.9640524589995,c,1,0.8014913750002961,None,p-3/200,"001",2025-10-01_15h34.42.852,Motor sequence Learning task_Recent_Experiment_Tutorial 4_Urvashi Bhansali_AU2320139,,2025.2.0,None,2025-10-01 15h34.42.878847 +0530,
150,v,161,1,40,,,,,v,1,0.49493962500037014,None,,,,,40,1,161,1,1186.9762664589998,,,,,,,,,,,,,,,,1186.96463175,1186.9762664589998,1187.9632189999993,1187.9632189999993,1187.9632189999993,1187.9632189999993,1187.9724395839994,1188.9631954999995,1188.9631954999995,1189.4645102089999,v,1,0.49493962500037014,None,p-3/200,"001",2025-10-01_15h34.42.852,Motor sequence Learning task_Recent_Experiment_Tutorial 4_Urvashi Bhansali_AU2320139,,2025.2.0,None,2025-10-01 15h34.42.878847 +0530,
-150,z,162,2,40,,,,,z,1,0.6075448749998031,None,,,,,40,2,162,3,1189.48967025,,,,,,,,,,,,,,,,1189.4649477919993,1189.48967025,1190.4631516669997,1190.4631516669997,1190.4631516669997,1190.4631516669997,1190.4890714999992,1191.4634459589997,1191.4634459589997,1192.07319225,z,1,0.6075448749998031,None,p-3/200,"001",2025-10-01_15h34.42.852,Motor sequence Learning task_Recent_Experiment_Tutorial 4_Urvashi Bhansali_AU2320139,,2025.2.0,None,2025-10-01 15h34.42.878847 +0530,
-50,x,163,3,40,,,,,x,1,0.3411505000003672,None,,,,,40,3,163,0,1192.0831767499994,,,,,,,,,,,,,,,,1192.0737495839994,1192.0831767499994,1193.0717759999998,1193.0717759999998,1193.0717759999998,1193.0717759999998,1193.079117667,1194.0718853339995,1194.0718853339995,1194.4237135839994,x,1,0.3411505000003672,None,p-3/200,"001",2025-10-01_15h34.42.852,Motor sequence Learning task_Recent_Experiment_Tutorial 4_Urvashi Bhansali_AU2320139,,2025.2.0,None,2025-10-01 15h34.42.878847 +0530,
-50,x,164,0,41,,,,,x,1,0.9492771660006838,None,,,,,41,0,164,0,1194.4338799999996,,,,,,,,,,,,,,,,1194.424327625,1194.4338799999996,1195.414614917,1195.414614917,1195.414614917,1195.414614917,1195.4566749999994,1196.421712542,1196.421712542,1197.373315375,x,1,0.9492771660006838,None,p-3/200,"001",2025-10-01_15h34.42.852,Motor sequence Learning task_Recent_Experiment_Tutorial 4_Urvashi Bhansali_AU2320139,,2025.2.0,None,2025-10-01 15h34.42.878847 +0530,
50,c,165,1,41,,,,,c,1,1.2299716670004273,None,,,,,41,1,165,2,1197.384104459,,,,,,,,,,,,,,,,1197.3741842919999,1197.384104459,1198.3717147089992,1198.3717147089992,1198.3717147089992,1198.3717147089992,1198.3791356249994,1199.3718924169998,1199.3718924169998,1200.6071403749993,c,1,1.2299716670004273,None,p-3/200,"001",2025-10-01_15h34.42.852,Motor sequence Learning task_Recent_Experiment_Tutorial 4_Urvashi Bhansali_AU2320139,,2025.2.0,None,2025-10-01 15h34.42.878847 +0530,
150,v,166,2,41,,,,,v,1,0.8265272079997885,None,,,,,41,2,166,1,1200.6185664169998,,,,,,,,,,,,,,,,1200.6078683339992,1200.6185664169998,1201.6050591249996,1201.6050591249996,1201.6050591249996,1201.6050591249996,1201.6125643749992,1202.6067709169993,1202.6067709169993,1203.440664709,v,1,0.8265272079997885,None,p-3/200,"001",2025-10-01_15h34.42.852,Motor sequence Learning task_Recent_Experiment_Tutorial 4_Urvashi Bhansali_AU2320139,,2025.2.0,None,2025-10-01 15h34.42.878847 +0530,
-150,z,167,3,41,,,,,z,1,0.7089564580001024,None,,,,,41,3,167,3,1203.4531807089998,,,,,,,,,,,,,,,,1203.4413118749999,1203.4531807089998,1204.4384658339995,1204.4384658339995,1204.4384658339995,1204.4384658339995,1204.4462604589999,1205.4387577919997,1205.4387577919997,1206.1571762919993,z,1,0.7089564580001024,None,p-3/200,"001",2025-10-01_15h34.42.852,Motor sequence Learning task_Recent_Experiment_Tutorial 4_Urvashi Bhansali_AU2320139,,2025.2.0,None,2025-10-01 15h34.42.878847 +0530,
-50,x,168,0,42,,,,,x,1,0.3474368750003123,None,,,,,42,0,168,0,1206.169998417,,,,,,,,,,,,,,,,1206.1577934589995,1206.169998417,1207.1551583339997,1207.1551583339997,1207.1551583339997,1207.1551583339997,1207.1625939589994,1208.1552118749996,1208.1552118749996,1208.5066800839995,x,1,0.3474368750003123,None,p-3/200,"001",2025-10-01_15h34.42.852,Motor sequence Learning task_Recent_Experiment_Tutorial 4_Urvashi Bhansali_AU2320139,,2025.2.0,None,2025-10-01 15h34.42.878847 +0530,
150,v,169,1,42,,,,,c,0,0.8983202909994361,None,,,,,42,1,169,1,1208.5188749999998,,,,,,,,,,,,,,,,1208.5072489169997,1208.5188749999998,1209.496569,1209.496569,1209.496569,1209.496569,1209.51265125,1210.5052593749997,1210.5052593749997,1211.4071920839997,c,0,0.8983202909994361,None,p-3/200,"001",2025-10-01_15h34.42.852,Motor sequence Learning task_Recent_Experiment_Tutorial 4_Urvashi Bhansali_AU2320139,,2025.2.0,None,2025-10-01 15h34.42.878847 +0530,
50,c,170,2,42,,,,,c,1,0.8817718749996857,None,,,,,42,2,170,2,1211.4195374169994,,,,,,,,,,,,,,,,1211.4077954589993,1211.4195374169994,1212.4049803339994,1212.4049803339994,1212.4049803339994,1212.4049803339994,1212.41290475,1213.3976686249998,1213.3976686249998,1214.2903327499998,c,1,0.8817718749996857,None,p-3/200,"001",2025-10-01_15h34.42.852,Motor sequence Learning task_Recent_Experiment_Tutorial 4_Urvashi Bhansali_AU2320139,,2025.2.0,None,2025-10-01 15h34.42.878847 +0530,
-150,z,171,3,42,,,,,z,1,0.4461799990003783,None,,,,,42,3,171,3,1214.301455375,,,,,,,,,,,,,,,,1214.291260125,1214.301455375,1215.2800350839998,1215.2800350839998,1215.2800350839998,1215.2800350839998,1215.2957605839993,1216.2883137499994,1216.2883137499994,1216.7400153749995,z,1,0.4461799990003783,None,p-3/200,"001",2025-10-01_15h34.42.852,Motor sequence Learning task_Recent_Experiment_Tutorial 4_Urvashi Bhansali_AU2320139,,2025.2.0,None,2025-10-01 15h34.42.878847 +0530,
150,v,172,0,43,,,,,v,1,0.777145666999786,None,,,,,43,0,172,1,1216.7506575419993,,,,,,,,,,,,,,,,1216.7405384169997,1216.7506575419993,1217.738297459,1217.738297459,1217.738297459,1217.738297459,1217.746275292,1218.7383420839997,1218.7383420839997,1219.5237401249997,v,1,0.777145666999786,None,p-3/200,"001",2025-10-01_15h34.42.852,Motor sequence Learning task_Recent_Experiment_Tutorial 4_Urvashi Bhansali_AU2320139,,2025.2.0,None,2025-10-01 15h34.42.878847 +0530,
-150,z,173,1,43,,,,,z,1,0.8334345420007594,None,,,,,43,1,173,3,1219.5346313749997,,,,,,,,,,,,,,,,1219.524357542,1219.5346313749997,1220.521746542,1220.521746542,1220.521746542,1220.521746542,1220.5291704169995,1221.5218964999995,1221.5218964999995,1222.3588755,z,1,0.8334345420007594,None,p-3/200,"001",2025-10-01_15h34.42.852,Motor sequence Learning task_Recent_Experiment_Tutorial 4_Urvashi Bhansali_AU2320139,,2025.2.0,None,2025-10-01 15h34.42.878847 +0530,
50,c,174,2,43,,,,,c,1,1.135814166000273,None,,,,,43,2,174,2,1222.3724244999994,,,,,,,,,,,,,,,,1222.3600372499996,1222.3724244999994,1223.3646264589997,1223.3646264589997,1223.3646264589997,1223.3646264589997,1223.3646264589997,1224.373359917,1224.373359917,1225.5139452919993,c,1,1.135814166000273,None,p-3/200,"001",2025-10-01_15h34.42.852,Motor sequence Learning task_Recent_Experiment_Tutorial 4_Urvashi Bhansali_AU2320139,,2025.2.0,None,2025-10-01 15h34.42.878847 +0530,
-50,x,175,3,43,,,,,x,1,0.7440905829998883,None,,,,,43,3,175,0,1225.5251236669992,,,,,,,,,,,,,,,,1225.5145484169998,1225.5251236669992,1226.5050714999998,1226.5050714999998,1226.5050714999998,1226.5050714999998,1226.521917209,1227.5050716669994,1227.5050716669994,1228.2581246669997,x,1,0.7440905829998883,None,p-3/200,"001",2025-10-01_15h34.42.852,Motor sequence Learning task_Recent_Experiment_Tutorial 4_Urvashi Bhansali_AU2320139,,2025.2.0,None,2025-10-01 15h34.42.878847 +0530,
50,c,176,0,44,,,,,c,1,0.837103417000435,None,,,,,44,0,176,2,1228.2690278749997,,,,,,,,,,,,,,,,1228.2587253749998,1228.2690278749997,1229.25517675,1229.25517675,1229.25517675,1229.25517675,1229.2623802089993,1230.2649380419998,1230.2649380419998,1231.1070357499993,c,1,0.837103417000435,None,p-3/200,"001",2025-10-01_15h34.42.852,Motor sequence Learning task_Recent_Experiment_Tutorial 4_Urvashi Bhansali_AU2320139,,2025.2.0,None,2025-10-01 15h34.42.878847 +0530,
-150,z,177,1,44,,,,,z,1,0.39713887499965494,None,,,,,44,1,177,3,1231.1183402919996,,,,,,,,,,,,,,,,1231.1077164589997,1231.1183402919996,1232.10513325,1232.10513325,1232.10513325,1232.10513325,1232.1124945839993,1233.10498525,1233.10498525,1233.5068233339998,z,1,0.39713887499965494,None,p-3/200,"001",2025-10-01_15h34.42.852,Motor sequence Learning task_Recent_Experiment_Tutorial 4_Urvashi Bhansali_AU2320139,,2025.2.0,None,2025-10-01 15h34.42.878847 +0530,
150,v,178,2,44,,,,,v,1,1.270951416000571,None,,,,,44,2,178,1,1233.5177856249993,,,,,,,,,,,,,,,,1233.5073271669999,1233.5177856249993,1234.5050845839996,1234.5050845839996,1234.5050845839996,1234.5050845839996,1234.512504417,1235.5050557089999,1235.5050557089999,1236.7807189999994,v,1,1.270951416000571,None,p-3/200,"001",2025-10-01_15h34.42.852,Motor sequence Learning task_Recent_Experiment_Tutorial 4_Urvashi Bhansali_AU2320139,,2025.2.0,None,2025-10-01 15h34.42.878847 +0530,
-50,x,179,3,44,,,,,x,1,0.6892240409997612,None,,,,,44,3,179,0,1236.7922415839994,,,,,,,,,,,,,,,,1236.7812758749997,1236.7922415839994,1237.7804189589997,1237.7804189589997,1237.7804189589997,1237.7804189589997,1237.806625917,1238.7796187499998,1238.7796187499998,1239.4733240839996,x,1,0.6892240409997612,None,p-3/200,"001",2025-10-01_15h34.42.852,Motor sequence Learning task_Recent_Experiment_Tutorial 4_Urvashi Bhansali_AU2320139,,2025.2.0,None,2025-10-01 15h34.42.878847 +0530,
-150,z,180,0,45,,,,,z,1,0.6722098749996803,None,,,,,45,0,180,3,1239.4845862089996,,,,,,,,,,,,,,,,1239.4738709999992,1239.4845862089996,1240.471726625,1240.471726625,1240.471726625,1240.471726625,1240.4790209169996,1241.4716428339998,1241.4716428339998,1242.1478294169992,z,1,0.6722098749996803,None,p-3/200,"001",2025-10-01_15h34.42.852,Motor sequence Learning task_Recent_Experiment_Tutorial 4_Urvashi Bhansali_AU2320139,,2025.2.0,None,2025-10-01 15h34.42.878847 +0530,
50,c,181,1,45,,,,,c,1,0.8386178749997271,None,,,,,45,1,181,2,1242.159178459,,,,,,,,,,,,,,,,1242.1483895419997,1242.159178459,1243.1472370419997,1243.1472370419997,1243.1472370419997,1243.1472370419997,1243.1730941669994,1244.1471720419995,1244.1471720419995,1244.9907035419992,c,1,0.8386178749997271,None,p-3/200,"001",2025-10-01_15h34.42.852,Motor sequence Learning task_Recent_Experiment_Tutorial 4_Urvashi Bhansali_AU2320139,,2025.2.0,None,2025-10-01 15h34.42.878847 +0530,
-50,x,182,2,45,,,,,x,1,0.6754617500000677,None,,,,,45,2,182,0,1245.0018688339997,,,,,,,,,,,,,,,,1244.9913045839994,1245.0018688339997,1245.988594292,1245.988594292,1245.988594292,1245.988594292,1245.996058625,1246.9882789999992,1246.9882789999992,1247.6734872919997,x,1,0.6754617500000677,None,p-3/200,"001",2025-10-01_15h34.42.852,Motor sequence Learning task_Recent_Experiment_Tutorial 4_Urvashi Bhansali_AU2320139,,2025.2.0,None,2025-10-01 15h34.42.878847 +0530,
150,v,183,3,45,,,,,v,1,0.9148198740003863,None,,,,,45,3,183,1,1247.6848522089995,,,,,,,,,,,,,,,,1247.6740291249998,1247.6848522089995,1248.673357709,1248.673357709,1248.673357709,1248.673357709,1248.680810459,1249.6718199999996,1249.6718199999996,1250.5909445419993,v,1,0.9148198740003863,None,p-3/200,"001",2025-10-01_15h34.42.852,Motor sequence Learning task_Recent_Experiment_Tutorial 4_Urvashi Bhansali_AU2320139,,2025.2.0,None,2025-10-01 15h34.42.878847 +0530,
50,c,184,0,46,,,,,c,1,0.6602717910000138,None,,,,,46,0,184,2,1250.6026822919994,,,,,,,,,,,,,,,,1250.5918177919993,1250.6026822919994,1251.5882770419994,1251.5882770419994,1251.5882770419994,1251.5882770419994,1251.5956409589999,1252.588279167,1252.588279167,1253.2570891669993,c,1,0.6602717910000138,None,p-3/200,"001",2025-10-01_15h34.42.852,Motor sequence Learning task_Recent_Experiment_Tutorial 4_Urvashi Bhansali_AU2320139,,2025.2.0,None,2025-10-01 15h34.42.878847 +0530,
-50,x,185,1,46,,,,,x,1,0.6253083749998041,None,,,,,46,1,185,0,1253.2684709999994,,,,,,,,,,,,,,,,1253.257789417,1253.2684709999994,1254.2732477499994,1254.2732477499994,1254.2732477499994,1254.2732477499994,1254.2732477499994,1255.2731867919993,1255.2731867919993,1255.9065477089998,x,1,0.6253083749998041,None,p-3/200,"001",2025-10-01_15h34.42.852,Motor sequence Learning task_Recent_Experiment_Tutorial 4_Urvashi Bhansali_AU2320139,,2025.2.0,None,2025-10-01 15h34.42.878847 +0530,
150,v,186,2,46,,,,,c,0,0.9977921660001812,None,,,,,46,2,186,1,1255.9173983749997,,,,,,,,,,,,,,,,1255.907092292,1255.9173983749997,1256.9051505839998,1256.9051505839998,1256.9051505839998,1256.9051505839998,1256.9124003339994,1257.906636834,1257.906636834,1258.9074827089999,c,0,0.9977921660001812,None,p-3/200,"001",2025-10-01_15h34.42.852,Motor sequence Learning task_Recent_Experiment_Tutorial 4_Urvashi Bhansali_AU2320139,,2025.2.0,None,2025-10-01 15h34.42.878847 +0530,
-150,z,187,3,46,,,,,z,1,0.6874020000004748,None,,,,,46,3,187,3,1258.9192131249993,,,,,,,,,,,,,,,,1258.9083045839998,1258.9192131249993,1259.9052529169994,1259.9052529169994,1259.9052529169994,1259.9052529169994,1259.9123322919995,1260.9050013749993,1260.9050013749993,1261.5972214169997,z,1,0.6874020000004748,None,p-3/200,"001",2025-10-01_15h34.42.852,Motor sequence Learning task_Recent_Experiment_Tutorial 4_Urvashi Bhansali_AU2320139,,2025.2.0,None,2025-10-01 15h34.42.878847 +0530,
50,c,188,0,47,,,,,c,1,0.9621014999993349,None,,,,,47,0,188,2,1261.6230384589999,,,,,,,,,,,,,,,,1261.5978133749995,1261.6230384589999,1262.5964707499998,1262.5964707499998,1262.5964707499998,1262.5964707499998,1262.6216613339993,1263.5883064169993,1263.5883064169993,1264.5570586249996,c,1,0.9621014999993349,None,p-3/200,"001",2025-10-01_15h34.42.852,Motor sequence Learning task_Recent_Experiment_Tutorial 4_Urvashi Bhansali_AU2320139,,2025.2.0,None,2025-10-01 15h34.42.878847 +0530,
-150,z,189,1,47,,,,,z,1,0.7663578749998123,None,,,,,47,1,189,3,1264.567525292,,,,,,,,,,,,,,,,1264.5576525839997,1264.567525292,1265.5553751669995,1265.5553751669995,1265.5553751669995,1265.5553751669995,1265.5621461249993,1266.5549320419996,1266.5549320419996,1267.323318459,z,1,0.7663578749998123,None,p-3/200,"001",2025-10-01_15h34.42.852,Motor sequence Learning task_Recent_Experiment_Tutorial 4_Urvashi Bhansali_AU2320139,,2025.2.0,None,2025-10-01 15h34.42.878847 +0530,
150,v,190,2,47,,,,,v,1,0.9644094159993983,None,,,,,47,2,190,1,1267.3327422499997,,,,,,,,,,,,,,,,1267.3238334999996,1267.3327422499997,1268.3140314169996,1268.3140314169996,1268.3140314169996,1268.3140314169996,1268.3305333749995,1269.3218132089996,1269.3218132089996,1270.2904874589995,v,1,0.9644094159993983,None,p-3/200,"001",2025-10-01_15h34.42.852,Motor sequence Learning task_Recent_Experiment_Tutorial 4_Urvashi Bhansali_AU2320139,,2025.2.0,None,2025-10-01 15h34.42.878847 +0530,
-50,x,191,3,47,,,,,x,1,0.6379496250001466,None,,,,,47,3,191,0,1270.3029758339999,,,,,,,,,,,,,,,,1270.291168834,1270.3029758339999,1271.2883654999996,1271.2883654999996,1271.2883654999996,1271.2883654999996,1271.2959138749993,1272.288224209,1272.288224209,1272.9311710839993,x,1,0.6379496250001466,None,p-3/200,"001",2025-10-01_15h34.42.852,Motor sequence Learning task_Recent_Experiment_Tutorial 4_Urvashi Bhansali_AU2320139,,2025.2.0,None,2025-10-01 15h34.42.878847 +0530,
-50,x,192,0,48,,,,,x,1,0.5658915000003617,None,,,,,48,0,192,0,1272.9428374589997,,,,,,,,,,,,,,,,1272.9317928339997,1272.9428374589997,1273.921697459,1273.921697459,1273.921697459,1273.921697459,1273.9383338339994,1274.9302404589998,1274.9302404589998,1275.5070542499998,x,1,0.5658915000003617,None,p-3/200,"001",2025-10-01_15h34.42.852,Motor sequence Learning task_Recent_Experiment_Tutorial 4_Urvashi Bhansali_AU2320139,,2025.2.0,None,2025-10-01 15h34.42.878847 +0530,
150,v,193,1,48,,,,,v,1,0.7941196249994391,None,,,,,48,1,193,1,1275.519366167,,,,,,,,,,,,,,,,1275.5078027499994,1275.519366167,1276.505127542,1276.505127542,1276.505127542,1276.505127542,1276.5126706249994,1277.5049405419995,1277.5049405419995,1278.307196959,v,1,0.7941196249994391,None,p-3/200,"001",2025-10-01_15h34.42.852,Motor sequence Learning task_Recent_Experiment_Tutorial 4_Urvashi Bhansali_AU2320139,,2025.2.0,None,2025-10-01 15h34.42.878847 +0530,
50,c,194,2,48,,,,,c,1,0.6820932910004558,None,,,,,48,2,194,2,1278.3195041669996,,,,,,,,,,,,,,,,1278.3079454589997,1278.3195041669996,1279.3049783749993,1279.3049783749993,1279.3049783749993,1279.3049783749993,1279.312913584,1280.3048987919992,1280.3048987919992,1280.9898600839997,c,1,0.6820932910004558,None,p-3/200,"001",2025-10-01_15h34.42.852,Motor sequence Learning task_Recent_Experiment_Tutorial 4_Urvashi Bhansali_AU2320139,,2025.2.0,None,2025-10-01 15h34.42.878847 +0530,
-150,z,195,3,48,,,,,z,1,0.9065471249996335,None,,,,,48,3,195,3,1281.0020666669998,,,,,,,,,,,,,,,,1280.9904766669997,1281.0020666669998,1281.9899770419997,1281.9899770419997,1281.9899770419997,1281.9899770419997,1281.996762959,1282.980335792,1282.980335792,1283.8901954999992,z,1,0.9065471249996335,None,p-3/200,"001",2025-10-01_15h34.42.852,Motor sequence Learning task_Recent_Experiment_Tutorial 4_Urvashi Bhansali_AU2320139,,2025.2.0,None,2025-10-01 15h34.42.878847 +0530,
150,v,196,0,49,,,,,v,1,1.0024569580000389,None,,,,,49,0,196,1,1283.901804917,,,,,,,,,,,,,,,,1283.8907873749995,1283.901804917,1284.888379125,1284.888379125,1284.888379125,1284.888379125,1284.8957244589992,1285.8883684169996,1285.8883684169996,1286.8976057089994,v,1,1.0024569580000389,None,p-3/200,"001",2025-10-01_15h34.42.852,Motor sequence Learning task_Recent_Experiment_Tutorial 4_Urvashi Bhansali_AU2320139,,2025.2.0,None,2025-10-01 15h34.42.878847 +0530,
-150,z,197,1,49,,,,,z,1,0.6724860410004112,None,,,,,49,1,197,3,1286.90936375,,,,,,,,,,,,,,,,1286.8981836249995,1286.90936375,1287.896575875,1287.896575875,1287.896575875,1287.896575875,1287.9050739999993,1288.8882294169998,1288.8882294169998,1289.5640669999993,z,1,0.6724860410004112,None,p-3/200,"001",2025-10-01_15h34.42.852,Motor sequence Learning task_Recent_Experiment_Tutorial 4_Urvashi Bhansali_AU2320139,,2025.2.0,None,2025-10-01 15h34.42.878847 +0530,
-50,x,198,2,49,,,,,x,1,0.7948307500000737,None,,,,,49,2,198,0,1289.575863,,,,,,,,,,,,,,,,1289.5646445839993,1289.575863,1290.5651579589994,1290.5651579589994,1290.5651579589994,1290.5651579589994,1290.574409584,1291.5628851669999,1291.5628851669999,1292.36446325,x,1,0.7948307500000737,None,p-3/200,"001",2025-10-01_15h34.42.852,Motor sequence Learning task_Recent_Experiment_Tutorial 4_Urvashi Bhansali_AU2320139,,2025.2.0,None,2025-10-01 15h34.42.878847 +0530,
50,c,199,3,49,,,,,c,1,1.3479367489999277,None,,,,,49,3,199,2,1292.37592175,,,,,,,,,,,,,,,,1292.3650178749995,1292.37592175,1293.362999209,1293.362999209,1293.362999209,1293.362999209,1293.3716813749998,1294.362752,1294.362752,1295.714023167,c,1,1.3479367489999277,None,p-3/200,"001",2025-10-01_15h34.42.852,Motor sequence Learning task_Recent_Experiment_Tutorial 4_Urvashi Bhansali_AU2320139,,2025.2.0,None,2025-10-01 15h34.42.878847 +0530,
