prime,target,condition,correctAns,thisN,thisTrialN,thisRepN,key_resp.keys,key_resp.corr,key_resp.rt,key_resp.duration,trials.thisRepN,trials.thisTrialN,trials.thisN,trials.thisIndex,thisRow.t,notes,instructions.started,text_2.started,key_resp_2.started,instructions.stopped,key_resp_2.keys,key_resp_2.rt,key_resp_2.duration,trial.started,fix_text.started,blank1_bg.started,fix_text.stopped,prime_text.started,blank1_bg.stopped,prime_text.stopped,blank2_bg.started,blank2_bg.stopped,target_text.started,key_resp.started,trial.stopped,trials.key_resp.keys,trials.key_resp.corr,trials.key_resp.rt,trials.key_resp.duration,feedback_correct.started,greenCircle.started,redCrosss.started,blank3_bg.started,greenCircle.stopped,redCrosss.stopped,blank3_bg.stopped,feedback_correct.stopped,thanks.started,text_3.started,participant,session,date,expName,expVersion,psychopyVersion,frameRate,expStart,
,,,,,,,,,,,,,,,,,0.012584875003085472,0.0214674169983482,0.0214674169983482,12.99693212499551,space,12.972436500000185,None,,,,,,,,,,,,,,,,,,,,,,,,,,,p,"001",2025-11-10_21h38.44.100,2nd exp,,2025.2.0,None,2025-11-10 21h38.44.185001 +0530,
The dog is barking loudly,The dog barking is loudly,transposition_related,right,0,0,0,left,0,17.55772045800404,None,0,0,0,14,13.060152125006425,,,,,,,,,13.040008333002334,13.060152125006425,13.260785417005536,13.305287833005423,13.448868666993803,13.45394520800619,13.646459124996909,13.646459124996909,13.746843250002712,13.746843250002712,13.746843250002712,31.30737016699277,left,0,17.55772045800404,None,31.307886750000762,31.393614000000525,31.393614000000525,31.504884666996077,31.58886070799781,31.58886070799781,32.299816333004856,32.287869666994084,,,p,"001",2025-11-10_21h38.44.100,2nd exp,,2025.2.0,None,2025-11-10 21h38.44.185001 +0530,
The dog is barking loudly,The loudly is barking dog,repetition_unrelated,left,1,1,0,left,1,4.439853456991841,None,0,1,1,13,32.299816333004856,,,,,,,,,32.29503733299498,32.304076375003206,32.55544579199341,32.54454345800332,32.75552158300707,32.74390887499612,32.943552208002075,32.95540183299454,33.04383408300055,33.055357707999065,33.055357707999065,37.507392041996354,left,1,4.439853456991841,None,37.507823082996765,37.53377174999332,37.53377174999332,37.70391358299821,37.727918042000965,37.727918042000965,38.50340820799465,38.48786175000714,,,p,"001",2025-11-10_21h38.44.100,2nd exp,,2025.2.0,None,2025-11-10 21h38.44.185001 +0530,
She does not like apples,She not does like apples,transposition_related,right,2,2,0,left,0,2.638800500004436,None,0,2,2,6,38.50340820799465,,,,,,,,,38.49838670800091,38.50825345799967,38.755443417001516,38.755443417001516,38.95522895800241,38.95522895800241,39.143131667005946,39.155451832994004,39.24306274999981,39.255739792002714,39.255739792002714,41.896026582995546,left,0,2.638800500004436,None,41.896357707999414,41.9082422079955,41.9082422079955,42.08720075000019,42.105463875006535,42.105463875006535,42.88819416699698,42.872711582997,,,p,"001",2025-11-10_21h38.44.100,2nd exp,,2025.2.0,None,2025-11-10 21h38.44.185001 +0530,
The boy can read fast,The read can boy fast,transposition_unrelated,left,3,3,0,left,1,5.317726749999565,None,0,3,3,3,42.88819416699698,,,,,,,,,42.883170291999704,42.892896667006426,43.14738137500535,43.139058667002246,43.33740366699931,43.342832124995766,43.52663762499287,43.54543733299943,43.63875529200595,43.64491779200034,43.64491779200034,48.974011333004455,left,1,5.317726749999565,None,48.97441733299638,48.98670054199465,48.98670054199465,49.17054312500113,49.17724375000398,49.17724375000398,49.971095500004594,49.95421895799518,,,p,"001",2025-11-10_21h38.44.100,2nd exp,,2025.2.0,None,2025-11-10 21h38.44.185001 +0530,
They have finished the work,They finished have the work,repetition_unrelated,left,4,4,0,left,1,1.8827813749958295,None,0,4,4,9,49.971095500004594,,,,,,,,,49.9665097919933,49.97499204199994,50.22220487499726,50.22220487499726,50.42221525000059,50.40975537500344,50.61106391699286,50.622288083002786,50.709591167003964,50.72237791700172,50.72237791700172,52.606785041993135,left,1,1.8827813749958295,None,52.60717787500471,52.61862058300176,52.61862058300176,52.80409483300173,52.81070683299913,52.81070683299913,53.6030002500047,53.588992332995986,,,p,"001",2025-11-10_21h38.44.100,2nd exp,,2025.2.0,None,2025-11-10 21h38.44.185001 +0530,
The boy can read fast,The read can boy fast,repetition_unrelated,left,5,5,0,left,1,1.3701991249981802,None,0,5,5,1,53.6030002500047,,,,,,,,,53.59823545800464,53.60757870800444,53.855251125001814,53.855251125001814,54.055347500005155,54.041925041994546,54.24341091699898,54.2553551250021,54.34349770800327,54.35497662500711,54.35497662500711,55.729408083003364,left,1,1.3701991249981802,None,55.72977245799848,55.741275958003826,55.741275958003826,55.93057954199321,55.93726108300325,55.93726108300325,56.72951920800551,56.71388083300553,,,p,"001",2025-11-10_21h38.44.100,2nd exp,,2025.2.0,None,2025-11-10 21h38.44.185001 +0530,
She does not like apples,She does not like apples,repetition_related,right,6,6,0,right,1,2.924619665995124,None,0,6,6,4,56.72951920800551,,,,,,,,,56.72399670799496,56.72951920800551,56.98018762499851,56.98018762499851,57.17188479199831,57.17188479199831,57.36038345799898,57.37825566700485,57.47203600000648,57.47868924999784,57.47868924999784,60.4076860829955,right,1,2.924619665995124,None,60.40828037500614,60.42018375000043,60.42018375000043,60.605408542003715,60.612903333007125,60.612903333007125,61.40413237499888,61.388363000005484,,,p,"001",2025-11-10_21h38.44.100,2nd exp,,2025.2.0,None,2025-11-10 21h38.44.185001 +0530,
The boy can read fast,The boy can read fast,repetition_related,right,7,7,0,right,1,2.332208833002369,None,0,7,7,0,61.40413237499888,,,,,,,,,61.39942716699443,61.408539249998285,61.65537841699552,61.65537841699552,61.855352750004386,61.84344391699415,62.04376825000509,62.05546187500295,62.14377483300632,62.155578582998714,62.155578582998714,64.48995866700716,right,1,2.332208833002369,None,64.49024841700157,64.50135183299426,64.50135183299426,64.68875729199499,64.69718299999658,64.69718299999658,65.49592258299526,65.4794176669966,,,p,"001",2025-11-10_21h38.44.100,2nd exp,,2025.2.0,None,2025-11-10 21h38.44.185001 +0530,
They have finished the work,They have finished the work,repetition_related,right,8,8,0,right,1,4.31837470800383,None,0,8,8,8,65.49592258299526,,,,,,,,,65.49036658300611,65.49592258299526,65.7386606670043,65.74686041699897,65.93892450000567,65.92519116699987,66.1261620419973,66.13872608299425,66.22728887500125,66.23883320800087,66.23883320800087,70.56207183300285,right,1,4.31837470800383,None,70.56237466700259,70.57425604200398,70.57425604200398,70.76427558300202,70.77066183299758,70.77066183299758,71.5710198750021,71.55458125000587,,,p,"001",2025-11-10_21h38.44.100,2nd exp,,2025.2.0,None,2025-11-10 21h38.44.185001 +0530,
The dog is barking loudly,The dog is barking loudly,repetition_related,right,9,9,0,right,1,1.4968211239902303,None,0,9,9,12,71.5710198750021,,,,,,,,,71.56564533300116,71.5710198750021,71.81350883300183,71.81350883300183,72.00449116699747,72.00936279199959,72.19381574999716,72.21149404199969,72.31103700000676,72.31103700000676,72.31103700000676,73.8116624999966,right,1,1.4968211239902303,None,73.81194383300317,73.8241686669935,73.8241686669935,74.00469200000225,74.02049029199407,74.02049029199407,74.8052977079933,74.78938979200029,,,p,"001",2025-11-10_21h38.44.100,2nd exp,,2025.2.0,None,2025-11-10 21h38.44.185001 +0530,
She does not like apples,She not does like apples,repetition_unrelated,left,10,10,0,left,1,3.896780208000564,None,0,10,10,5,74.8052977079933,,,,,,,,,74.79991112499556,74.80960808300006,75.05546091700671,75.05546091700671,75.25412866700208,75.25412866700208,75.44276133300446,75.46143250000023,75.55544812500011,75.55544812500011,75.55544812500011,79.45690508300322,left,1,3.896780208000564,None,79.45726795800147,79.46884616700117,79.46884616700117,79.6552405830007,79.66301412500616,79.66301412500616,80.45064995800203,80.439182874994,,,p,"001",2025-11-10_21h38.44.100,2nd exp,,2025.2.0,None,2025-11-10 21h38.44.185001 +0530,
She does not like apples,She like does apples not,transposition_unrelated,left,11,11,0,left,1,1.8676896239921916,None,0,11,11,7,80.45064995800203,,,,,,,,,80.44584520799981,80.45662475000427,80.70521283299604,80.70521283299604,80.90489591700316,80.90489591700316,81.09431474999292,81.10492733299907,81.19322387500142,81.20528079199721,81.20528079199721,83.07945870800177,left,1,1.8676896239921916,None,83.07973891700385,83.09119287499925,83.09119287499925,83.28047433300526,83.28703362500528,83.28703362500528,84.07857383300143,84.06357170800038,,,p,"001",2025-11-10_21h38.44.100,2nd exp,,2025.2.0,None,2025-11-10 21h38.44.185001 +0530,
The boy can read fast,The boy can read fast,transposition_related,right,12,12,0,right,1,4.7548494990041945,None,0,12,12,2,84.07857383300143,,,,,,,,,84.0731345420063,84.07857383300143,84.33026045799488,84.32195658299315,84.52121433299908,84.52684862499882,84.7102128330007,84.72840375000669,84.82795708300546,84.82795708300546,84.82795708300546,89.59084816700488,right,1,4.7548494990041945,None,89.59145525000349,89.60302191700612,89.60302191700612,89.7885432500043,89.79722887500247,89.79722887500247,90.591302832996,90.57700445799856,,,p,"001",2025-11-10_21h38.44.100,2nd exp,,2025.2.0,None,2025-11-10 21h38.44.185001 +0530,
The dog is barking loudly,The barking dog loudly is,transposition_unrelated,left,13,13,0,left,1,6.167820083006518,None,0,13,13,15,90.591302832996,,,,,,,,,90.58636937499978,90.591302832996,90.83897337499366,90.83897337499366,91.03878425000585,91.03878425000585,91.2266641669994,91.23864041699562,91.32603962499707,91.33861950000573,91.33861950000573,97.51283474999946,left,1,6.167820083006518,None,97.51311466700281,97.52433070799452,97.52433070799452,97.71454391699808,97.72096333300578,97.72096333300578,98.52020441700006,98.50455487500585,,,p,"001",2025-11-10_21h38.44.100,2nd exp,,2025.2.0,None,2025-11-10 21h38.44.185001 +0530,
They have finished the work,They work the have finished,transposition_unrelated,left,14,14,0,left,1,3.87239266600227,None,0,14,14,11,98.52020441700006,,,,,,,,,98.51500166699407,98.52020441700006,98.76076858300075,98.76076858300075,98.95380124999792,98.95380124999792,99.1441475419997,99.16186912500416,99.25555454200367,99.2620876669971,99.2620876669971,103.14013262500521,left,1,3.87239266600227,None,103.1404246250022,103.15215541700309,103.15215541700309,103.33697208299418,103.34324912499869,103.34324912499869,104.13368904200615,104.12104116700357,,,p,"001",2025-11-10_21h38.44.100,2nd exp,,2025.2.0,None,2025-11-10 21h38.44.185001 +0530,
They have finished the work,They finished have the work,transposition_related,right,15,15,0,left,0,3.5393602499971166,None,0,15,15,10,104.13368904200615,,,,,,,,,104.12877408300119,104.15494945799583,104.38734758300416,104.39438166700711,104.58850479200191,104.57713770799455,104.77724949999538,104.78877829200064,104.87674875000084,104.88861424999777,104.88861424999777,108.42979920799553,left,0,3.5393602499971166,None,108.43015458299487,108.44105770799797,108.44105770799797,108.62967991699406,108.63697575000697,108.63697575000697,109.42205204200582,109.41251008299878,,,p,"001",2025-11-10_21h38.44.100,2nd exp,,2025.2.0,None,2025-11-10 21h38.44.185001 +0530,
They have finished the work,They finished have the work,repetition_unrelated,left,16,0,1,left,1,1.412130666009034,None,1,0,16,9,109.42205204200582,,,,,,,,,109.4128817919991,109.42828224999539,109.68023079200066,109.67201112500334,109.87041245799628,109.87041245799628,110.06025670800591,110.07875633299409,110.17740316700656,110.17740316700656,110.17740316700656,111.59606737499416,left,1,1.412130666009034,None,111.59635449999769,111.60777783299272,111.60777783299272,111.79803362500388,111.80396979200304,111.80396979200304,112.60473204200389,112.58915062500455,,,p,"001",2025-11-10_21h38.44.100,2nd exp,,2025.2.0,None,2025-11-10 21h38.44.185001 +0530,
She does not like apples,She like does apples not,transposition_unrelated,left,17,1,1,left,1,1.225269873990328,None,1,1,17,7,112.60473204200389,,,,,,,,,112.59940166700108,112.60473204200389,112.84658608300379,112.84658608300379,113.03776674999972,113.03776674999972,113.22671474999515,113.24431574999471,113.33845791699423,113.34424654199393,113.34424654199393,114.57416929199826,left,1,1.225269873990328,None,114.57476316699467,114.58622800000012,114.58622800000012,114.77187204199436,114.7795638749958,114.7795638749958,115.5762039580004,115.5618478749966,,,p,"001",2025-11-10_21h38.44.100,2nd exp,,2025.2.0,None,2025-11-10 21h38.44.185001 +0530,
The dog is barking loudly,The barking dog loudly is,transposition_unrelated,left,18,2,1,left,1,2.5986102070019115,None,1,2,18,15,115.5762039580004,,,,,,,,,115.57117500000459,115.5762039580004,115.82184012500511,115.82184012500511,116.02200341700518,116.02200341700518,116.20931370799372,116.22182229200553,116.31061458299519,116.32198537500517,116.32198537500517,118.92419591700309,left,1,2.5986102070019115,None,118.92461470799753,118.93630720800138,118.93630720800138,119.1202448749973,119.12726379200467,119.12726379200467,119.91540045800502,119.90394099999685,,,p,"001",2025-11-10_21h38.44.100,2nd exp,,2025.2.0,None,2025-11-10 21h38.44.185001 +0530,
The dog is barking loudly,The loudly is barking dog,repetition_unrelated,left,19,3,1,left,1,8.883830958002363,None,1,3,19,13,119.91540045800502,,,,,,,,,119.91070033299911,119.92021366700646,120.17191579200153,120.1588000000047,120.37196058299742,120.37196058299742,120.55921350000426,120.57199287500407,120.65944595799374,120.67191824999463,120.67191824999463,129.5622620829963,left,1,8.883830958002363,None,129.56255179199798,129.57412933300657,129.57412933300657,129.7645920829964,129.77091999999539,129.77091999999539,130.5720384580054,130.55543266699533,,,p,"001",2025-11-10_21h38.44.100,2nd exp,,2025.2.0,None,2025-11-10 21h38.44.185001 +0530,
She does not like apples,She not does like apples,repetition_unrelated,left,20,4,1,left,1,7.135664749992429,None,1,4,20,5,130.5720384580054,,,,,,,,,130.56662787499954,130.5720384580054,130.80386645799445,130.821776124998,131.01100875000702,130.99156070800382,131.2052737079939,131.21160220800084,131.31231037499674,131.31231037499674,131.31231037499674,138.4567282920034,left,1,7.135664749992429,None,138.45712966700376,138.46871804200055,138.46871804200055,138.6549434579938,138.66267316699668,138.66267316699668,139.46173620800255,139.44559404200118,,,p,"001",2025-11-10_21h38.44.100,2nd exp,,2025.2.0,None,2025-11-10 21h38.44.185001 +0530,
They have finished the work,They work the have finished,transposition_unrelated,left,21,5,1,left,1,3.9802594159991713,None,1,5,21,11,139.46173620800255,,,,,,,,,139.45632408300298,139.46173620800255,139.705177041993,139.705177041993,139.90522304200567,139.89318245800678,140.09260933300538,140.10523933300283,140.193777374996,140.20521083299536,140.20521083299536,144.19014399999287,left,1,3.9802594159991713,None,144.19054995800252,144.2022397499968,144.2022397499968,144.38823295799375,144.39596129200072,144.39596129200072,145.1890387500025,145.1724202500045,,,p,"001",2025-11-10_21h38.44.100,2nd exp,,2025.2.0,None,2025-11-10 21h38.44.185001 +0530,
The dog is barking loudly,The dog is barking loudly,repetition_related,right,22,6,1,right,1,2.4824118329997873,None,1,6,22,12,145.1890387500025,,,,,,,,,145.18411604200082,145.20514008299506,145.4383643750043,145.44607091699436,145.63853095799277,145.6277558330039,145.82650995800213,145.83872929199424,145.9271568749973,145.93848229199648,145.93848229199648,148.42408887500642,right,1,2.4824118329997873,None,148.42470641700493,148.4361776250007,148.4361776250007,148.6218438329961,148.62957375000406,148.62957375000406,149.42869891700684,149.4113856250042,,,p,"001",2025-11-10_21h38.44.100,2nd exp,,2025.2.0,None,2025-11-10 21h38.44.185001 +0530,
They have finished the work,They have finished the work,repetition_related,right,23,7,1,right,1,2.0955819160008105,None,1,7,23,8,149.42869891700684,,,,,,,,,149.42278254199482,149.42869891700684,149.67086820800614,149.67086820800614,149.87180350000563,149.85843125000247,150.0606441669952,150.07183950000035,150.1600238329993,150.17188758299744,150.17188758299744,152.27392020799743,right,1,2.0955819160008105,None,152.27440887500416,152.28640133299632,152.28640133299632,152.47035920800408,152.47655691699765,152.47655691699765,153.27250841699424,153.25584349999554,,,p,"001",2025-11-10_21h38.44.100,2nd exp,,2025.2.0,None,2025-11-10 21h38.44.185001 +0530,
The boy can read fast,The read can boy fast,repetition_unrelated,left,24,8,1,left,1,2.9256307909963652,None,1,8,24,1,153.27250841699424,,,,,,,,,153.26752233300067,153.28858683300496,153.52171400000225,153.5290057920065,153.7218292500038,153.70945275000122,153.90908312500687,153.92185691700433,154.0092454580008,154.02180158300325,154.02180158300325,156.95690495800227,left,1,2.9256307909963652,None,156.95720350000192,156.96809345799556,156.96809345799556,157.1552467080037,157.16348329199536,157.16348329199536,157.96087170799728,157.9438459170051,,,p,"001",2025-11-10_21h38.44.100,2nd exp,,2025.2.0,None,2025-11-10 21h38.44.185001 +0530,
They have finished the work,They finished have the work,transposition_related,right,25,9,1,left,0,1.5128079580026679,None,1,9,25,10,157.96087170799728,,,,,,,,,157.9557051669981,157.96087170799728,158.20523016700463,158.20523016700463,158.40508712499286,158.40508712499286,158.59307400000398,158.6052681250003,158.69323112499842,158.70536695800547,158.70536695800547,160.22400899999775,left,0,1.5128079580026679,None,160.2244895420008,160.2360554170009,160.2360554170009,160.42023066700494,160.42739191699366,160.42739191699366,161.21919091700693,161.20399537500634,,,p,"001",2025-11-10_21h38.44.100,2nd exp,,2025.2.0,None,2025-11-10 21h38.44.185001 +0530,
The dog is barking loudly,The dog barking is loudly,transposition_related,right,26,10,1,left,0,1.5339938329998404,None,1,10,26,14,161.21919091700693,,,,,,,,,161.21407229200122,161.2230886670004,161.47175529200467,161.47175529200467,161.67127045799862,161.67127045799862,161.86054262499965,161.8716962920007,161.95918716699816,161.97190008299367,161.97190008299367,163.51290499999595,left,0,1.5339938329998404,None,163.51319174999662,163.52455504199315,163.52455504199315,163.71326629200485,163.72034954199626,163.72034954199626,164.52201016699837,164.50578520800627,,,p,"001",2025-11-10_21h38.44.100,2nd exp,,2025.2.0,None,2025-11-10 21h38.44.185001 +0530,
She does not like apples,She not does like apples,transposition_related,right,27,11,1,left,0,1.1764847070007818,None,1,11,27,6,164.52201016699837,,,,,,,,,164.51665595799568,164.52201016699837,164.76261870800226,164.76261870800226,164.95488645799924,164.95488645799924,165.14370270799554,165.16158791699854,165.25528808300442,165.26177841699973,165.26177841699973,166.44089675000578,left,0,1.1764847070007818,None,166.441522292007,166.45314962499833,166.45314962499833,166.63690483299433,166.64430287499272,166.64430287499272,167.4368042080023,167.4214939999947,,,p,"001",2025-11-10_21h38.44.100,2nd exp,,2025.2.0,None,2025-11-10 21h38.44.185001 +0530,
The boy can read fast,The boy can read fast,repetition_related,right,28,12,1,left,0,6.321305541001493,None,1,12,28,0,167.4368042080023,,,,,,,,,167.43202920799376,167.44120929199562,167.68824066700472,167.68824066700472,167.88834420799685,167.8770672499959,168.07668291700247,168.08839516699663,168.17697208300524,168.18839229199511,168.18839229199511,174.5124749999959,left,0,6.321305541001493,None,174.5127802079951,174.52443633299845,174.52443633299845,174.71344629199302,174.7202484580048,174.7202484580048,175.50350716699904,175.49663987499662,,,p,"001",2025-11-10_21h38.44.100,2nd exp,,2025.2.0,None,2025-11-10 21h38.44.185001 +0530,
The boy can read fast,The boy can read fast,transposition_related,right,29,13,1,left,0,2.6144971659959992,None,1,13,29,2,175.50350716699904,,,,,,,,,175.4970024170034,175.50350716699904,175.76312808299554,175.74346116700326,175.9548772499984,175.9548772499984,176.14316870800394,176.16161795800144,176.255116291999,176.26126758300234,176.26126758300234,178.87902308300545,left,0,2.6144971659959992,None,178.87937466699805,178.89091450000706,178.89091450000706,179.08020470800693,179.0870449579961,179.0870449579961,179.87416683300398,179.8638095829956,,,p,"001",2025-11-10_21h38.44.100,2nd exp,,2025.2.0,None,2025-11-10 21h38.44.185001 +0530,
The boy can read fast,The read can boy fast,transposition_unrelated,left,30,14,1,left,1,4.498231332006981,None,1,14,30,3,179.87416683300398,,,,,,,,,179.86941050000314,179.87416683300398,180.12994216699735,180.12195591699856,180.3266988749965,180.3266988749965,180.52179724999587,180.52842841700476,180.62198199999693,180.62836387500283,180.62836387500283,185.1294592500053,left,1,4.498231332006981,None,185.12981324999419,185.14144345799286,185.14144345799286,185.33116979199986,185.33736145800503,185.33736145800503,186.13592158300162,186.12077170799603,,,p,"001",2025-11-10_21h38.44.100,2nd exp,,2025.2.0,None,2025-11-10 21h38.44.185001 +0530,
She does not like apples,She does not like apples,repetition_related,right,31,15,1,right,1,2.2163006250048056,None,1,15,31,4,186.13592158300162,,,,,,,,,186.13056087499717,186.13592158300162,186.3793184170063,186.3793184170063,186.578541416995,186.57177995800157,186.7718336669932,186.77820708299987,186.87775320799847,186.87775320799847,186.87775320799847,189.0961343329982,right,1,2.2163006250048056,None,189.0964937079989,189.1077273330011,189.1077273330011,189.29726700000174,189.30369412500295,189.30369412500295,190.1042501250049,190.08781858299335,,,p,"001",2025-11-10_21h38.44.100,2nd exp,,2025.2.0,None,2025-11-10 21h38.44.185001 +0530,
They have finished the work,They work the have finished,transposition_unrelated,left,32,0,2,left,1,2.769846208000672,None,2,0,32,11,190.1042501250049,,,,,,,,,190.09895579199656,190.1042501250049,190.34463883300486,190.34463883300486,190.53831270799856,190.53831270799856,190.72596312500536,190.74502120800025,190.84423050000623,190.84423050000623,190.84423050000623,193.6234850000037,left,1,2.769846208000672,None,193.62388191699574,193.63549429200066,193.63549429200066,193.82121083300444,193.8289769999974,193.8289769999974,194.62013012499665,194.60488154199265,,,p,"001",2025-11-10_21h38.44.100,2nd exp,,2025.2.0,None,2025-11-10 21h38.44.185001 +0530,
The boy can read fast,The boy can read fast,transposition_related,right,33,1,2,left,0,4.9469570410001324,None,2,1,33,2,194.62013012499665,,,,,,,,,194.61527366700466,194.6247027500067,194.87166829200578,194.87166829200578,195.07192887499696,195.06083129199396,195.26002754199726,195.2716558749962,195.35908145799476,195.371823124995,195.371823124995,200.3226870829967,left,0,4.9469570410001324,None,200.32294087500486,200.33234637499845,200.33234637499845,200.5218296670064,200.5303391250054,200.5303391250054,201.3158771669987,201.30485041700013,,,p,"001",2025-11-10_21h38.44.100,2nd exp,,2025.2.0,None,2025-11-10 21h38.44.185001 +0530,
The boy can read fast,The read can boy fast,repetition_unrelated,left,34,2,2,left,1,1.990483415997005,None,2,2,34,1,201.3158771669987,,,,,,,,,201.31112399999984,201.32012112499797,201.57178087500506,201.55915404199914,201.76148054200166,201.76148054200166,201.95497729199997,201.971815375,202.06186633299512,202.06186633299512,202.06186633299512,204.05650837499707,left,1,1.990483415997005,None,204.05688245799684,204.06871012499323,204.06871012499323,204.254251499995,204.26230575000227,204.26230575000227,205.04380470799515,205.0386626249965,,,p,"001",2025-11-10_21h38.44.100,2nd exp,,2025.2.0,None,2025-11-10 21h38.44.185001 +0530,
The boy can read fast,The read can boy fast,transposition_unrelated,left,35,3,2,left,1,1.3922090830019442,None,2,3,35,3,205.04380470799515,,,,,,,,,205.03904070799763,205.05498058299418,205.30500679199758,205.29177762499603,205.505020083001,205.49360762500146,205.6926602080057,205.70497887500096,205.79311712499475,205.80500695800583,205.80500695800583,207.20633908300078,left,1,1.3922090830019442,None,207.2066274999961,207.21661908300302,207.21661908300302,207.40448566699342,207.41204937499424,207.41204937499424,208.19991395800025,208.1886688329978,,,p,"001",2025-11-10_21h38.44.100,2nd exp,,2025.2.0,None,2025-11-10 21h38.44.185001 +0530,
The boy can read fast,The boy can read fast,repetition_related,right,36,4,2,left,0,2.3344929999875603,None,2,4,36,0,208.19991395800025,,,,,,,,,208.19516366699827,208.22139733299264,208.45487416700053,208.462409957996,208.65488462499343,208.65488462499343,208.84340737499588,208.85510083299596,208.94206229200063,208.95502641699568,208.95502641699568,211.29535641700204,left,0,2.3344929999875603,None,211.29563887500262,211.30661458299437,211.30661458299437,211.48725354199996,211.50499679200584,211.50499679200584,212.2872307499929,212.2717474999954,,,p,"001",2025-11-10_21h38.44.100,2nd exp,,2025.2.0,None,2025-11-10 21h38.44.185001 +0530,
They have finished the work,They finished have the work,transposition_related,right,37,5,2,left,0,1.521052456999314,None,2,5,37,10,212.2872307499929,,,,,,,,,212.28251491699484,212.29162737500155,212.54691741699935,212.5386003330059,212.73678370799462,212.74153158300032,212.92692850000458,212.9447982499987,213.03847658299492,213.04503295800532,213.04503295800532,214.57314341700112,left,0,1.521052456999314,None,214.57352916699892,214.58426899999904,214.58426899999904,214.7707530829939,214.77828504200443,214.77828504200443,215.57019316700462,215.55479174999346,,,p,"001",2025-11-10_21h38.44.100,2nd exp,,2025.2.0,None,2025-11-10 21h38.44.185001 +0530,
She does not like apples,She not does like apples,repetition_unrelated,left,38,6,2,left,1,1.3242057909956202,None,2,6,38,5,215.57019316700462,,,,,,,,,215.56557320800493,215.57402808300685,215.8215349999955,215.8215349999955,216.02175308299775,216.00819274999958,216.20995841700642,216.2215445000038,216.30911562500114,216.32172712500324,216.32172712500324,217.65672733300016,left,1,1.3242057909956202,None,217.65712537500076,217.6678265829978,217.6678265829978,217.85387041700596,217.86139933299273,217.86139933299273,218.65408049999678,218.63819495799544,,,p,"001",2025-11-10_21h38.44.100,2nd exp,,2025.2.0,None,2025-11-10 21h38.44.185001 +0530,
The dog is barking loudly,The barking dog loudly is,transposition_unrelated,left,39,7,2,left,1,3.208778373998939,None,2,7,39,15,218.65408049999678,,,,,,,,,218.64914795799996,218.6578860419977,218.9048682499997,218.9048682499997,219.10490491699602,219.0922236250044,219.29343874999904,219.3051078330027,219.39360687500448,219.40494141700037,219.40494141700037,222.62323533299787,left,1,3.208778373998939,None,222.6235222499963,222.63380129200232,222.63380129200232,222.82045899999503,222.82739862499875,222.82739862499875,223.6204848329944,223.60477720800554,,,p,"001",2025-11-10_21h38.44.100,2nd exp,,2025.2.0,None,2025-11-10 21h38.44.185001 +0530,
She does not like apples,She like does apples not,transposition_unrelated,left,40,8,2,left,1,0.9865330410102615,None,2,8,40,7,223.6204848329944,,,,,,,,,223.61587550000695,223.6243083330046,223.87175345800642,223.87175345800642,224.07158225000603,224.0602277500002,224.2599273329979,224.27147708300618,224.35980141699838,224.37165658299637,224.37165658299637,225.36256237499765,left,1,0.9865330410102615,None,225.36292324999522,225.37349374999758,225.37349374999758,225.56390370799636,225.57019133299764,225.57019133299764,226.36672170799284,226.35465520799335,,,p,"001",2025-11-10_21h38.44.100,2nd exp,,2025.2.0,None,2025-11-10 21h38.44.185001 +0530,
She does not like apples,She does not like apples,repetition_related,right,41,9,2,right,1,2.2191185819974635,None,2,9,41,4,226.36672170799284,,,,,,,,,226.36133516700647,226.36672170799284,226.61306691699428,226.61306691699428,226.80826229200466,226.80826229200466,227.00499570800457,227.01093295800092,227.10523933300283,227.1120820829965,227.1120820829965,229.34009766699455,right,1,2.2191185819974635,None,229.3405015419994,229.35364404199936,229.35364404199936,229.53686362500594,229.54458662499383,229.54458662499383,230.33497033300227,230.32051666699408,,,p,"001",2025-11-10_21h38.44.100,2nd exp,,2025.2.0,None,2025-11-10 21h38.44.185001 +0530,
The dog is barking loudly,The dog is barking loudly,repetition_related,right,42,10,2,right,1,1.9518584579927847,None,2,10,42,12,230.33497033300227,,,,,,,,,230.33005737500207,230.33892145799473,230.58829158300068,230.57698458299274,230.78762216700125,230.78762216700125,230.97651145799318,230.98831516699283,231.07659091700043,231.08824620800442,231.08824620800442,233.04594158299733,right,1,1.9518584579927847,None,233.04622233299597,233.05768225000065,233.05768225000065,233.2468036670034,233.25348149999627,233.25348149999627,234.05441199999768,234.03836604200478,,,p,"001",2025-11-10_21h38.44.100,2nd exp,,2025.2.0,None,2025-11-10 21h38.44.185001 +0530,
They have finished the work,They have finished the work,repetition_related,right,43,11,2,right,1,1.1297306659980677,None,2,11,43,8,234.05441199999768,,,,,,,,,234.04905791700003,234.05441199999768,234.29660720800166,234.29660720800166,234.49223783299385,234.49223783299385,234.68838716699975,234.69480770800146,234.78834149999602,234.79527354199672,234.79527354199672,235.92910012499487,right,1,1.1297306659980677,None,235.92939012500574,235.9409124579979,235.9409124579979,236.130953083004,236.13727658300195,236.13727658300195,236.93768449999334,236.9217655829998,,,p,"001",2025-11-10_21h38.44.100,2nd exp,,2025.2.0,None,2025-11-10 21h38.44.185001 +0530,
The dog is barking loudly,The loudly is barking dog,repetition_unrelated,left,44,12,2,left,1,2.4560204160079593,None,2,12,44,13,236.93768449999334,,,,,,,,,236.93235824999283,236.93768449999334,237.18000591700547,237.18000591700547,237.37007058299787,237.37463870800275,237.56017554200662,237.5781534169946,237.6716829999932,237.6781007499958,237.6781007499958,240.14041666699632,left,1,2.4560204160079593,None,240.14100358300493,240.1526600829966,240.1526600829966,240.33812904199294,240.34564699999464,240.34564699999464,241.13452337500348,241.1217370420054,,,p,"001",2025-11-10_21h38.44.100,2nd exp,,2025.2.0,None,2025-11-10 21h38.44.185001 +0530,
The dog is barking loudly,The dog barking is loudly,transposition_related,right,45,13,2,left,0,1.370369041003869,None,2,13,45,14,241.13452337500348,,,,,,,,,241.12937075000082,241.139521582998,241.3883566250006,241.3883566250006,241.58837579199462,241.58837579199462,241.77594300000055,241.78831499999797,241.87641733299824,241.88826733299356,241.88826733299356,243.26246741699288,left,0,1.370369041003869,None,243.26281287499296,243.27415795800334,243.27415795800334,243.46305495800334,243.47013641700323,243.47013641700323,244.2716243330069,244.25549700000556,,,p,"001",2025-11-10_21h38.44.100,2nd exp,,2025.2.0,None,2025-11-10 21h38.44.185001 +0530,
She does not like apples,She not does like apples,transposition_related,right,46,14,2,left,0,1.347909707998042,None,2,14,46,6,244.2716243330069,,,,,,,,,244.2661934170028,244.2716243330069,244.51317066699266,244.51317066699266,244.71169075000216,244.71169075000216,244.9050002080039,244.91135641699657,245.00483254200662,245.0106840829976,245.0106840829976,246.36229000000458,left,0,1.347909707998042,None,246.36258404199907,246.37416741700144,246.37416741700144,246.56346387500525,246.57010108299437,246.57010108299437,247.36154050000187,247.3464344170061,,,p,"001",2025-11-10_21h38.44.100,2nd exp,,2025.2.0,None,2025-11-10 21h38.44.185001 +0530,
They have finished the work,They finished have the work,repetition_unrelated,left,47,15,2,left,1,2.2679999579995638,None,2,15,47,9,247.36154050000187,,,,,,,,,247.35619987499376,247.36154050000187,247.6134191250021,247.60509475000435,247.8036052499956,247.8082919169974,247.9931346670055,248.01130675000604,248.10505058300623,248.1124847500032,248.1124847500032,250.389967916999,left,1,2.2679999579995638,None,250.39026937499875,250.40126179199433,250.40126179199433,250.58687141700648,250.59477095800685,250.59477095800685,251.38660962499853,251.3713319170056,,,p,"001",2025-11-10_21h38.44.100,2nd exp,,2025.2.0,None,2025-11-10 21h38.44.185001 +0530,
The dog is barking loudly,The barking dog loudly is,transposition_unrelated,left,48,0,3,left,1,0.9869519579951884,None,3,0,48,15,251.38660962499853,,,,,,,,,251.38180316699436,251.39108766699792,251.63835424999706,251.63835424999706,251.8366849580052,251.8366849580052,252.02654137500213,252.03837125000427,252.12581637500261,252.13843337500293,252.13843337500293,253.12945762499294,left,1,0.9869519579951884,None,253.1298151670053,253.14077912499488,253.14077912499488,253.32969245800632,253.3376670830039,253.3376670830039,254.13724104200082,254.12115679199633,,,p,"001",2025-11-10_21h38.44.100,2nd exp,,2025.2.0,None,2025-11-10 21h38.44.185001 +0530,
They have finished the work,They work the have finished,transposition_unrelated,left,49,1,3,left,1,2.552516249998007,None,3,1,49,11,254.13724104200082,,,,,,,,,254.1320209169935,254.13724104200082,254.37828066700604,254.37828066700604,254.5780220000015,254.5780220000015,254.77175924999756,254.77796249999665,254.8716416249954,254.878354667002,254.878354667002,257.43963633300154,left,1,2.552516249998007,None,257.4399200420012,257.4510675000056,257.4510675000056,257.6367892919952,257.6451703750063,257.6451703750063,258.43302891700296,258.4218993329996,,,p,"001",2025-11-10_21h38.44.100,2nd exp,,2025.2.0,None,2025-11-10 21h38.44.185001 +0530,
They have finished the work,They finished have the work,transposition_related,right,50,2,3,left,0,1.6391762499988545,None,3,2,50,10,258.43302891700296,,,,,,,,,258.4283082079928,258.454604707993,258.688204207996,258.69581162500253,258.8884464580042,258.8884464580042,259.07678616700287,259.08826745800616,259.175555541995,259.1881488749932,259.1881488749932,260.83999512500304,left,0,1.6391762499988545,None,260.84038754200446,260.8517740420066,260.8517740420066,261.03792770800646,261.04553995799506,261.04553995799506,261.8377020829939,261.8221343750047,,,p,"001",2025-11-10_21h38.44.100,2nd exp,,2025.2.0,None,2025-11-10 21h38.44.185001 +0530,
The boy can read fast,The boy can read fast,transposition_related,right,51,3,3,right,1,15.389858373993775,None,3,3,51,2,261.8377020829939,,,,,,,,,261.83284800000547,261.8423086249968,262.0885652080033,262.0885652080033,262.2871798749984,262.2871798749984,262.47667887499847,262.48835808300646,262.5766283749981,262.5882584170031,262.5882584170031,277.9903794580023,right,1,15.389858373993775,None,277.99098491700715,278.00261125000543,278.00261125000543,278.18668129200523,278.1948147499934,278.1948147499934,278.9866806670034,278.97126525000203,,,p,"001",2025-11-10_21h38.44.100,2nd exp,,2025.2.0,None,2025-11-10 21h38.44.185001 +0530,
She does not like apples,She like does apples not,transposition_unrelated,left,52,4,3,left,1,1.1215688320080517,None,3,4,52,7,278.9866806670034,,,,,,,,,278.98190616699867,278.99042529199505,279.2382011669979,279.2382011669979,279.4385880829941,279.4259126249963,279.62663100000645,279.6381341670058,279.72634745799587,279.7382110000035,279.7382110000035,280.8624986670038,left,1,1.1215688320080517,None,280.8627778749942,280.874086833006,280.874086833006,281.054601833006,281.07031541700417,281.07031541700417,281.8535953749961,281.8380963749951,,,p,"001",2025-11-10_21h38.44.100,2nd exp,,2025.2.0,None,2025-11-10 21h38.44.185001 +0530,
The boy can read fast,The boy can read fast,repetition_related,right,53,5,3,right,1,1.8439990830083843,None,3,5,53,0,281.8535953749961,,,,,,,,,281.8487413749972,281.85731595799734,282.11228970800585,282.1048145829991,282.31179816699296,282.3049811670062,282.5112871250021,282.5112871250021,282.60473799999454,282.6105652499973,282.6105652499973,284.45635829199455,right,1,1.8439990830083843,None,284.45673249999527,284.46815779199824,284.46815779199824,284.6548195829964,284.66290875000414,284.66290875000414,285.45021825000003,285.4387257500057,,,p,"001",2025-11-10_21h38.44.100,2nd exp,,2025.2.0,None,2025-11-10 21h38.44.185001 +0530,
The boy can read fast,The read can boy fast,repetition_unrelated,left,54,6,3,left,1,2.7319820819975575,None,3,6,54,1,285.45021825000003,,,,,,,,,285.4453873750026,285.45600074999675,285.70499454200035,285.70499454200035,285.9050115419959,285.89241920800123,286.0936875829939,286.10479633300565,286.19328079199477,286.2045640419965,286.2045640419965,288.9402653750003,left,1,2.7319820819975575,None,288.9408521669975,288.9524679580063,288.9524679580063,289.1378662920033,289.14546524999605,289.14546524999605,289.93554220799706,289.92092441700515,,,p,"001",2025-11-10_21h38.44.100,2nd exp,,2025.2.0,None,2025-11-10 21h38.44.185001 +0530,
The dog is barking loudly,The dog barking is loudly,transposition_related,right,55,7,3,left,0,2.7424561660009203,None,3,7,55,14,289.93554220799706,,,,,,,,,289.9307822499977,289.939902625003,290.18834212499496,290.18834212499496,290.38804491699557,290.37656370800687,290.5765121250006,290.5883312079968,290.6749987499934,290.6884540000028,290.6884540000028,293.4401164580049,left,0,2.7424561660009203,None,293.4405344169936,293.45287445800204,293.45287445800204,293.6382993750012,293.6459187080036,293.6459187080036,294.4373213749932,294.4221045419981,,,p,"001",2025-11-10_21h38.44.100,2nd exp,,2025.2.0,None,2025-11-10 21h38.44.185001 +0530,
She does not like apples,She not does like apples,transposition_related,right,56,8,3,left,0,2.5297583320061676,None,3,8,56,6,294.4373213749932,,,,,,,,,294.43257462499605,294.4417057499959,294.6879897080071,294.6879897080071,294.888151207997,294.87582366699644,295.0750625829969,295.0881730419933,295.17645758300205,295.18809216699447,295.18809216699447,297.72373408300336,left,0,2.5297583320061676,None,297.7243239170057,297.73631458300224,297.73631458300224,297.9201012919948,297.92773450000095,297.92773450000095,298.714649542002,298.7036972920032,,,p,"001",2025-11-10_21h38.44.100,2nd exp,,2025.2.0,None,2025-11-10 21h38.44.185001 +0530,
She does not like apples,She does not like apples,repetition_related,right,57,9,3,right,1,10.320217207990936,None,3,9,57,4,298.714649542002,,,,,,,,,298.7097597079992,298.7199026669987,298.97152629199263,298.9596150830039,299.1716216670029,299.1716216670029,299.3598913330061,299.37174004199915,299.4596421669994,299.47142383300525,299.47142383300525,309.7967947080033,right,1,10.320217207990936,None,309.7970996249933,309.80766083300114,309.80766083300114,309.99776862500585,310.00375529199664,310.00375529199664,310.8058022920013,310.7871556250029,,,p,"001",2025-11-10_21h38.44.100,2nd exp,,2025.2.0,None,2025-11-10 21h38.44.185001 +0530,
They have finished the work,They have finished the work,repetition_related,right,58,10,3,right,1,5.27005854100571,None,3,10,58,8,310.8058022920013,,,,,,,,,310.7997529999993,310.8058022920013,311.0465584170015,311.0465584170015,311.24520337500144,311.24520337500144,311.44476104200294,311.44476104200294,311.53830749999906,311.5454090419953,311.5454090419953,316.8231356250035,right,1,5.27005854100571,None,316.823539332996,316.83541066700127,316.83541066700127,317.02028679200157,317.027563458003,317.027563458003,317.8980417499988,317.8037745000038,,,p,"001",2025-11-10_21h38.44.100,2nd exp,,2025.2.0,None,2025-11-10 21h38.44.185001 +0530,
The boy can read fast,The read can boy fast,transposition_unrelated,left,59,11,3,left,1,8.401146415999392,None,3,11,59,3,317.8980417499988,,,,,,,,,317.8945430830063,317.8980417499988,318.07135749999725,318.1434774579975,318.2705936669954,318.2705936669954,318.4595172919944,318.4717223329935,318.5604786250042,318.5716937499965,318.5716937499965,326.9790234579996,left,1,8.401146415999392,None,326.97930954200274,326.9906685419992,326.9906685419992,327.1805684169958,327.18647749999946,327.18647749999946,327.9872662919952,327.9706659999938,,,p,"001",2025-11-10_21h38.44.100,2nd exp,,2025.2.0,None,2025-11-10 21h38.44.185001 +0530,
The dog is barking loudly,The dog is barking loudly,repetition_related,right,60,12,3,right,1,12.219165791000705,None,3,12,60,12,327.9872662919952,,,,,,,,,327.9818334169977,327.9872662919952,328.2292634579935,328.2292634579935,328.42752520799695,328.42752520799695,328.6216725419945,328.6275793329987,328.72148812499654,328.72148812499654,328.72148812499654,340.94445079199795,right,1,12.219165791000705,None,340.94475416699424,340.95734191700467,340.95734191700467,341.13806887500687,341.1532662499958,341.1532662499958,341.9395044999983,341.92195858299965,,,p,"001",2025-11-10_21h38.44.100,2nd exp,,2025.2.0,None,2025-11-10 21h38.44.185001 +0530,
She does not like apples,She not does like apples,repetition_unrelated,left,61,13,3,left,1,1.6461462909937836,None,3,13,61,5,341.9395044999983,,,,,,,,,341.9333249170013,341.9538205419958,342.1876155420032,342.1954998750007,342.3943827500043,342.3760128330032,342.58820483299496,342.58820483299496,342.6754386249959,342.6941497920052,342.6941497920052,344.34563208300096,left,1,1.6461462909937836,None,344.3459276670037,344.3579230829928,344.3579230829928,344.53744091700355,344.55473337500007,344.55473337500007,345.33556891699845,345.3203174999944,,,p,"001",2025-11-10_21h38.44.100,2nd exp,,2025.2.0,None,2025-11-10 21h38.44.185001 +0530,
They have finished the work,They finished have the work,repetition_unrelated,left,62,14,3,left,1,4.427276748989243,None,3,14,62,9,345.33556891699845,,,,,,,,,345.3305944169988,345.33950679200643,345.5965599170013,345.58821141699445,345.78664274999755,345.78664274999755,345.975073833004,345.9938239579933,346.08825120799884,346.0945245420007,346.0945245420007,350.52885658299783,left,1,4.427276748989243,None,350.52912737500446,350.5403554999939,350.5403554999939,350.7299970000022,350.7366358330037,350.7366358330037,351.5378248329944,351.521712457994,,,p,"001",2025-11-10_21h38.44.100,2nd exp,,2025.2.0,None,2025-11-10 21h38.44.185001 +0530,
The dog is barking loudly,The loudly is barking dog,repetition_unrelated,left,63,15,3,left,1,11.61325387400575,None,3,15,63,13,351.5378248329944,,,,,,,,,351.53259162500035,351.5378248329944,351.7790755419992,351.7790755419992,351.97120112499397,351.97120112499397,352.15992620799807,352.17804174999765,352.2713572920038,352.27745150000555,352.27745150000555,363.89623933300027,left,1,11.61325387400575,None,363.89652300000307,363.9073690420046,363.9073690420046,364.097070792006,364.1039725419978,364.1039725419978,364.90318587499496,364.88740216700535,,,p,"001",2025-11-10_21h38.44.100,2nd exp,,2025.2.0,None,2025-11-10 21h38.44.185001 +0530,
The boy can read fast,The read can boy fast,transposition_unrelated,left,64,0,4,left,1,4.7494869160000235,None,4,0,64,3,364.90318587499496,,,,,,,,,364.89768162500695,364.90318587499496,365.14651862499886,365.14651862499886,365.34440691699274,365.34440691699274,365.5381499579962,365.54468474999885,365.64468625000154,365.64468625000154,365.64468625000154,370.39576687499357,left,1,4.7494869160000235,None,370.39604224999493,370.40722399999504,370.40722399999504,370.5966629169998,370.6034168329934,370.6034168329934,371.4038690830057,371.38698791699426,,,p,"001",2025-11-10_21h38.44.100,2nd exp,,2025.2.0,None,2025-11-10 21h38.44.185001 +0530,
The dog is barking loudly,The dog barking is loudly,transposition_related,right,65,1,4,left,0,11.730675249011256,None,4,1,65,14,371.4038690830057,,,,,,,,,371.39849008299643,371.4038690830057,371.64642470800027,371.64642470800027,371.83655808299955,371.83655808299955,372.02577558299527,372.044854791995,372.14437033300055,372.14437033300055,372.14437033300055,383.87873033300275,left,0,11.730675249011256,None,383.87900754199654,383.890541707995,383.890541707995,384.080448875,384.0864520000032,384.0864520000032,384.8830255829962,384.87075066700345,,,p,"001",2025-11-10_21h38.44.100,2nd exp,,2025.2.0,None,2025-11-10 21h38.44.185001 +0530,
The dog is barking loudly,The dog is barking loudly,repetition_related,right,66,2,4,right,1,2.3074250829959055,None,4,2,66,12,384.8830255829962,,,,,,,,,384.8774307499989,384.8830255829962,385.1288596670056,385.1288596670056,385.3212685000035,385.3212685000035,385.5086319169932,385.5279350829951,385.62822741699347,385.62822741699347,385.62822741699347,387.939389207997,right,1,2.3074250829959055,None,387.9397864170023,387.95146404199477,387.95146404199477,388.13793125000666,388.1456109580031,388.1456109580031,388.94141412500176,388.92693041700113,,,p,"001",2025-11-10_21h38.44.100,2nd exp,,2025.2.0,None,2025-11-10 21h38.44.185001 +0530,
She does not like apples,She does not like apples,repetition_related,right,67,3,4,right,1,1.5616110830014804,None,4,3,67,4,388.94141412500176,,,,,,,,,388.936436457996,388.94141412500176,389.1881598329928,389.1881598329928,389.38794854200387,389.38794854200387,389.5763297079975,389.5879532079998,389.6761715419998,389.68806491700525,389.68806491700525,391.2564623329963,right,1,1.5616110830014804,None,391.2570032920048,391.2686726249958,391.2686726249958,391.45316266700684,391.4596906249935,391.4596906249935,392.25280458299676,392.23786012499477,,,p,"001",2025-11-10_21h38.44.100,2nd exp,,2025.2.0,None,2025-11-10 21h38.44.185001 +0530,
The dog is barking loudly,The loudly is barking dog,repetition_unrelated,left,68,4,4,left,1,5.617988248995971,None,4,4,68,13,392.25280458299676,,,,,,,,,392.2478562920005,392.257388500002,392.504567416996,392.504567416996,392.7048555420042,392.6928699580021,392.893347833,392.90483191699605,392.9931512500043,393.0047070419969,393.0047070419969,398.62899774999823,left,1,5.617988248995971,None,398.6292807919963,398.64062975000707,398.64062975000707,398.8299876249948,398.8373810829944,398.8373810829944,399.63629104199936,399.6206070000044,,,p,"001",2025-11-10_21h38.44.100,2nd exp,,2025.2.0,None,2025-11-10 21h38.44.185001 +0530,
She does not like apples,She not does like apples,transposition_related,right,69,5,4,left,0,1.0813098749931669,None,4,5,69,6,399.63629104199936,,,,,,,,,399.63090708300297,399.63629104199936,399.87967087500147,399.87967087500147,400.077705417003,400.077705417003,400.27149833299336,400.2781105419999,400.37783754199336,400.37783754199336,400.37783754199336,401.46199591699406,left,0,1.0813098749931669,None,401.46234104200266,401.4736883750011,401.4736883750011,401.66399733300204,401.6703703329986,401.6703703329986,402.47201374999713,402.4551155829977,,,p,"001",2025-11-10_21h38.44.100,2nd exp,,2025.2.0,None,2025-11-10 21h38.44.185001 +0530,
They have finished the work,They work the have finished,transposition_unrelated,left,70,6,4,left,1,1.5657622080034344,None,4,6,70,11,402.47201374999713,,,,,,,,,402.4667643330031,402.47201374999713,402.7121879579936,402.7121879579936,402.9101299169997,402.9101299169997,403.1047117919952,403.110983666993,403.2049104579928,403.2115170420002,403.2115170420002,404.79032541699416,left,1,1.5657622080034344,None,404.79096479200234,404.8030107920058,404.8030107920058,404.9876845830004,404.99526362499455,404.99526362499455,405.7919868330064,405.7762849999999,,,p,"001",2025-11-10_21h38.44.100,2nd exp,,2025.2.0,None,2025-11-10 21h38.44.185001 +0530,
She does not like apples,She like does apples not,transposition_unrelated,left,71,7,4,left,1,0.8813502489938401,None,4,7,71,7,405.7919868330064,,,,,,,,,405.78699849999975,405.7919868330064,406.03771841700654,406.03771841700654,406.23799866699846,406.23799866699846,406.42542629200034,406.43793229199946,406.5249852499983,406.5378774169949,406.5378774169949,407.422842208005,left,1,0.8813502489938401,None,407.42323933300213,407.43478958299966,407.43478958299966,407.6200688329991,407.6286295000027,407.6286295000027,408.42191649999586,408.4051318330021,,,p,"001",2025-11-10_21h38.44.100,2nd exp,,2025.2.0,None,2025-11-10 21h38.44.185001 +0530,
The boy can read fast,The read can boy fast,repetition_unrelated,left,72,8,4,left,1,9.413184873992577,None,4,8,72,1,408.42191649999586,,,,,,,,,408.4169753330061,408.4377383749961,408.67122533300426,408.67869033300667,408.8712527919997,408.8597843750031,409.0599527500017,409.07149512499745,409.15984591700544,409.17122483300045,409.17122483300045,418.5897914579982,left,1,9.413184873992577,None,418.59020274999784,418.5991206250037,418.5991206250037,418.78807554200466,418.7951808749931,418.7951808749931,419.5897159169981,419.5721059579955,,,p,"001",2025-11-10_21h38.44.100,2nd exp,,2025.2.0,None,2025-11-10 21h38.44.185001 +0530,
They have finished the work,They have finished the work,repetition_related,right,73,9,4,right,1,7.271476166002685,None,4,9,73,8,419.5897159169981,,,,,,,,,419.58423154200136,419.6050079169945,419.8363340000069,419.85466549999546,420.0378567500011,420.02612087500165,420.22622512500675,420.23808354200446,420.3255441670044,420.338016291993,420.338016291993,427.6120641250018,right,1,7.271476166002685,None,427.6124096249987,427.62371658299526,427.62371658299526,427.8136809169955,427.8204943330056,427.8204943330056,428.62074066700006,428.6047474579973,,,p,"001",2025-11-10_21h38.44.100,2nd exp,,2025.2.0,None,2025-11-10 21h38.44.185001 +0530,
The boy can read fast,The boy can read fast,repetition_related,right,74,10,4,right,1,2.679773750001914,None,4,10,74,0,428.62074066700006,,,,,,,,,428.6153920420038,428.62074066700006,428.86257104200195,428.86257104200195,429.05316008299997,429.05780549999326,429.24320845800685,429.26116158299556,429.3545958750037,429.36070441700576,429.36070441700576,432.0454200420063,right,1,2.679773750001914,None,432.0456943330064,432.05722474999493,432.05722474999493,432.2462792919978,432.25307474999863,432.25307474999863,433.0431929579936,433.0375114579947,,,p,"001",2025-11-10_21h38.44.100,2nd exp,,2025.2.0,None,2025-11-10 21h38.44.185001 +0530,
The boy can read fast,The boy can read fast,transposition_related,right,75,11,4,right,1,2.737846999996691,None,4,11,75,2,433.0431929579936,,,,,,,,,433.0378667079931,433.0431929579936,433.29640725000354,433.28796358300315,433.493811458,433.493811458,433.6879975000047,433.69442870799685,433.7879387080029,433.79433066700585,433.79433066700585,436.5395109579986,right,1,2.737846999996691,None,436.5398587499949,436.55145825000363,436.55145825000363,436.7362494169938,436.7425228750071,436.7425228750071,437.5359375830012,437.5206056669995,,,p,"001",2025-11-10_21h38.44.100,2nd exp,,2025.2.0,None,2025-11-10 21h38.44.185001 +0530,
She does not like apples,She not does like apples,repetition_unrelated,left,76,12,4,left,1,1.413733041001251,None,4,12,76,5,437.5359375830012,,,,,,,,,437.53112233300635,437.5404119580053,437.78784350000205,437.78784350000205,437.9880870000052,437.9880870000052,438.17607470799703,438.1881351250049,438.2764903750067,438.2880005420011,438.2880005420011,439.7066859579936,left,1,1.413733041001251,None,439.707281666997,439.7191536669998,439.7191536669998,439.90308049999294,439.91010795799957,439.91010795799957,440.7018642079929,440.6869457499997,,,p,"001",2025-11-10_21h38.44.100,2nd exp,,2025.2.0,None,2025-11-10 21h38.44.185001 +0530,
They have finished the work,They finished have the work,repetition_unrelated,left,77,13,4,left,1,1.4149863740021829,None,4,13,77,9,440.7018642079929,,,,,,,,,440.69704912499583,440.7063969580049,440.95444883299933,440.95444883299933,441.1544700420054,441.1421777920041,441.3420658749965,441.354647250002,441.442009958002,441.4546779579978,441.4546779579978,442.87345158300013,left,1,1.4149863740021829,None,442.87395970799844,442.8855121249944,442.8855121249944,443.0712081249949,443.0790116249991,443.0790116249991,443.8607597920054,443.8549322500039,,,p,"001",2025-11-10_21h38.44.100,2nd exp,,2025.2.0,None,2025-11-10 21h38.44.185001 +0530,
They have finished the work,They finished have the work,transposition_related,right,78,14,4,right,1,1.0160281659918837,None,4,14,78,10,443.8607597920054,,,,,,,,,443.85551391700574,443.87133266699675,444.1212771249993,444.11008766699524,444.3211872919928,444.3211872919928,444.5101946670038,444.52159499999834,444.6090332080057,444.62149579200195,444.62149579200195,445.6394798330002,right,1,1.0160281659918837,None,445.639870583007,445.6512699580053,445.6512699580053,445.8378412919992,445.84543554199627,445.84543554199627,446.6376728750038,446.62182645799476,,,p,"001",2025-11-10_21h38.44.100,2nd exp,,2025.2.0,None,2025-11-10 21h38.44.185001 +0530,
The dog is barking loudly,The barking dog loudly is,transposition_unrelated,left,79,15,4,left,1,4.443172999002854,None,4,15,79,15,446.6376728750038,,,,,,,,,446.63269954199495,446.6420278750011,446.887939207998,446.887939207998,447.0878199580038,447.0878199580038,447.27546925000206,447.2879114170064,447.37644675000047,447.3879327080067,447.3879327080067,451.8392700419936,left,1,4.443172999002854,None,451.83954800000356,451.8509123749973,451.8509123749973,452.0380984999938,452.04589966700587,452.04589966700587,452.8367444579926,452.82183358300244,,,p,"001",2025-11-10_21h38.44.100,2nd exp,,2025.2.0,None,2025-11-10 21h38.44.185001 +0530,
She does not like apples,She not does like apples,transposition_related,right,80,0,5,left,0,1.6269349990034243,None,5,0,80,6,452.8367444579926,,,,,,,,,452.8319223330036,452.8411417919997,453.08784300000116,453.08784300000116,453.28780891699716,453.2743327079952,453.47605795800337,453.48775483299687,453.5753721670044,453.5877230000042,453.5877230000042,455.22312508299365,left,0,1.6269349990034243,None,455.22345591700287,455.23522029200103,455.23522029200103,455.42002350000257,455.42783179199614,455.42783179199614,456.21651174999715,456.20509729199694,,,p,"001",2025-11-10_21h38.44.100,2nd exp,,2025.2.0,None,2025-11-10 21h38.44.185001 +0530,
She does not like apples,She does not like apples,repetition_related,right,81,1,5,right,1,0.918412832004833,None,5,1,81,4,456.21651174999715,,,,,,,,,456.21167683300155,456.2224007079931,456.4712664580002,456.4712664580002,456.67128075000073,456.67128075000073,456.858740124997,456.8710867500049,456.9593884579954,456.97123199999623,456.97123199999623,457.8949329169991,right,1,0.918412832004833,None,457.8952216250036,457.90675958299835,457.90675958299835,458.0961496670061,458.10299854200275,458.10299854200275,458.9024465419934,458.8870403750043,,,p,"001",2025-11-10_21h38.44.100,2nd exp,,2025.2.0,None,2025-11-10 21h38.44.185001 +0530,
The boy can read fast,The read can boy fast,repetition_unrelated,left,82,2,5,left,1,1.119830331997946,None,5,2,82,1,458.9024465419934,,,,,,,,,458.8969579580007,458.9024465419934,459.14604804200644,459.14604804200644,459.34480529199936,459.34480529199936,459.53771658299956,459.5433617920062,459.6379767920007,459.6446616250032,459.6446616250032,460.7730176250043,left,1,1.119830331997946,None,460.7733546249947,460.785203499996,460.785203499996,460.9695524169947,460.9765202080016,460.9765202080016,461.76457874999323,461.7535616249952,,,p,"001",2025-11-10_21h38.44.100,2nd exp,,2025.2.0,None,2025-11-10 21h38.44.185001 +0530,
The boy can read fast,The boy can read fast,repetition_related,right,83,3,5,right,1,2.027204291007365,None,5,3,83,0,461.76457874999323,,,,,,,,,461.75978900000337,461.7696034999972,462.0213620830036,462.00948737500585,462.2211887080048,462.2080233750021,462.40975733299274,462.4212462919968,462.5112020420056,462.52131337499304,462.52131337499304,464.5568127919978,right,1,2.027204291007365,None,464.55718474999594,464.5687985830009,464.5687985830009,464.7540181249933,464.7619046250038,464.7619046250038,465.5522419170011,465.537129874996,,,p,"001",2025-11-10_21h38.44.100,2nd exp,,2025.2.0,None,2025-11-10 21h38.44.185001 +0530,
They have finished the work,They finished have the work,repetition_unrelated,left,84,4,5,left,1,16.30028387499624,None,5,4,84,9,465.5522419170011,,,,,,,,,465.5474763329985,465.5569012920023,465.80445737499394,465.80445737499394,466.004490124993,466.004490124993,466.1925895000022,466.20452687499346,466.2919765830011,466.3046526669932,466.3046526669932,482.61145862500416,left,1,16.30028387499624,None,482.61173966700153,482.6237312500016,482.6237312500016,482.80366795799637,482.8213379170047,482.8213379170047,483.60424858299666,483.5882319579978,,,p,"001",2025-11-10_21h38.44.100,2nd exp,,2025.2.0,None,2025-11-10 21h38.44.185001 +0530,
The dog is barking loudly,The dog is barking loudly,repetition_related,right,85,5,5,right,1,1.8123087080020923,None,5,5,85,12,483.60424858299666,,,,,,,,,483.5985249170044,483.60905079200165,483.86214408300293,483.8545975419984,484.06053379199875,484.06053379199875,484.254361875006,484.254361875006,484.34365141700255,484.36129499999515,484.36129499999515,486.17914245800057,right,1,1.8123087080020923,None,486.17942299999413,486.1904130000039,486.1904130000039,486.37976908299606,486.3869115830021,486.3869115830021,487.1814056669973,487.1699849169963,,,p,"001",2025-11-10_21h38.44.100,2nd exp,,2025.2.0,None,2025-11-10 21h38.44.185001 +0530,
The dog is barking loudly,The dog barking is loudly,transposition_related,right,86,6,5,left,0,0.8068847079994157,None,5,6,86,14,487.1814056669973,,,,,,,,,487.1756310829951,487.1814056669973,487.42967037500057,487.42967037500057,487.6242982499971,487.6242982499971,487.8212235420069,487.82759604199964,487.92105766700115,487.9276142500021,487.9276142500021,488.73980749999464,left,0,0.8068847079994157,None,488.7403631250054,488.7523985000007,488.7523985000007,488.9375718749943,488.9440549580031,488.9440549580031,489.73775800000294,489.72079308300454,,,p,"001",2025-11-10_21h38.44.100,2nd exp,,2025.2.0,None,2025-11-10 21h38.44.185001 +0530,
She does not like apples,She not does like apples,repetition_unrelated,left,87,7,5,left,1,0.8524397500004852,None,5,7,87,5,489.73775800000294,,,,,,,,,489.7328777079965,489.7542733750015,489.9877032499935,489.9958340000012,490.18802887499623,490.17611187500006,490.37671854200016,490.38804991700454,490.4766468750022,490.48795475000225,490.48795475000225,491.345261208,left,1,0.8524397500004852,None,491.34555450000335,491.357043416996,491.357043416996,491.54566854200675,491.55288758300594,491.55288758300594,492.3536409579974,492.33700820799277,,,p,"001",2025-11-10_21h38.44.100,2nd exp,,2025.2.0,None,2025-11-10 21h38.44.185001 +0530,
They have finished the work,They finished have the work,transposition_related,right,88,8,5,left,0,2.014103207999142,None,5,8,88,10,492.3536409579974,,,,,,,,,492.34804487500514,492.3536409579974,492.59653229199466,492.59653229199466,492.787011583001,492.787011583001,492.9763340000063,492.9935280829959,493.0877237079985,493.09426650000387,493.09426650000387,495.11196670800564,left,0,2.014103207999142,None,495.11224625000614,495.1240209170064,495.1240209170064,495.3128505420027,495.3195989999949,495.3195989999949,496.11514008299855,496.10352575000434,,,p,"001",2025-11-10_21h38.44.100,2nd exp,,2025.2.0,None,2025-11-10 21h38.44.185001 +0530,
They have finished the work,They have finished the work,repetition_related,right,89,9,5,right,1,1.3620836250047432,None,5,9,89,8,496.11514008299855,,,,,,,,,496.1098323329934,496.11514008299855,496.36283170800016,496.36283170800016,496.55995829199674,496.55995829199674,496.7543723330018,496.7607487500063,496.85446687499643,496.8612261249946,496.8612261249946,498.2288504169992,right,1,1.3620836250047432,None,498.2291252080031,498.2403809170064,498.2403809170064,498.4294824999961,498.43646500000614,498.43646500000614,499.23670495800616,499.22138395799266,,,p,"001",2025-11-10_21h38.44.100,2nd exp,,2025.2.0,None,2025-11-10 21h38.44.185001 +0530,
The boy can read fast,The boy can read fast,transposition_related,right,90,10,5,right,1,1.1584563750075176,None,5,10,90,2,499.23670495800616,,,,,,,,,499.23128720799286,499.23670495800616,499.47921308300283,499.47921308300283,499.67074849999335,499.67074849999335,499.8596977080015,499.8775710829941,499.971279874997,499.9778059579985,499.9778059579985,501.139912832994,right,1,1.1584563750075176,None,501.1402815420006,501.1517842080066,501.1517842080066,501.33623720800097,501.34293450000405,501.34293450000405,502.13572429200576,502.1202965419943,,,p,"001",2025-11-10_21h38.44.100,2nd exp,,2025.2.0,None,2025-11-10 21h38.44.185001 +0530,
She does not like apples,She like does apples not,transposition_unrelated,left,91,11,5,left,1,1.0892780830035917,None,5,11,91,7,502.13572429200576,,,,,,,,,502.13089570800366,502.1403597919998,502.3876984170056,502.3876984170056,502.5877582499961,502.5766356249951,502.776454167004,502.7880737499945,502.8767870419979,502.8878064169985,502.8878064169985,503.9894227920013,left,1,1.0892780830035917,None,503.9898486250022,504.00148083300155,504.00148083300155,504.1861928330036,504.19390670799476,504.19390670799476,504.98353941699315,504.9698224169988,,,p,"001",2025-11-10_21h38.44.100,2nd exp,,2025.2.0,None,2025-11-10 21h38.44.185001 +0530,
The boy can read fast,The read can boy fast,transposition_unrelated,left,92,12,5,left,1,1.9559372490039095,None,5,12,92,3,504.98353941699315,,,,,,,,,504.9787173749937,504.98861095799657,505.23755049999454,505.22507787500217,505.4375869170035,505.42624283299665,505.62639770799433,505.63789250000264,505.726703458,505.7379926249996,505.7379926249996,507.70607975000166,left,1,1.9559372490039095,None,507.7065020000009,507.71817666699644,507.71817666699644,507.90291495800193,507.9110049580049,507.9110049580049,508.70363679199363,508.6879631670017,,,p,"001",2025-11-10_21h38.44.100,2nd exp,,2025.2.0,None,2025-11-10 21h38.44.185001 +0530,
The dog is barking loudly,The loudly is barking dog,repetition_unrelated,left,93,13,5,left,1,1.0584540819982067,None,5,13,93,13,508.70363679199363,,,,,,,,,508.6988217920007,508.7209439580038,508.9542697919969,508.96182783300173,509.1545295830001,509.1545295830001,509.3430410419969,509.3545336249954,509.44298933299433,509.4544995000033,509.4544995000033,510.52271908300463,left,1,1.0584540819982067,None,510.52301837499544,510.5342185420013,510.5342185420013,510.7196835000068,510.72786658299447,510.72786658299447,511.5162170419935,511.50487575000443,,,p,"001",2025-11-10_21h38.44.100,2nd exp,,2025.2.0,None,2025-11-10 21h38.44.185001 +0530,
The dog is barking loudly,The barking dog loudly is,transposition_unrelated,left,94,14,5,left,1,1.0255961240036413,None,5,14,94,15,511.5162170419935,,,,,,,,,511.51147683299496,511.5374485000066,511.77103350000107,511.77903195799445,511.9709855419933,511.9709855419933,512.1588018750044,512.1714382500068,512.2598595419986,512.2712500829948,512.2712500829948,513.3064523749927,left,1,1.0255961240036413,None,513.3070389579952,513.3187533330056,513.3187533330056,513.504259207999,513.5106004580011,513.5106004580011,514.3018129580014,514.2872084999981,,,p,"001",2025-11-10_21h38.44.100,2nd exp,,2025.2.0,None,2025-11-10 21h38.44.185001 +0530,
They have finished the work,They work the have finished,transposition_unrelated,left,95,15,5,left,1,1.953543041003286,None,5,15,95,11,514.3018129580014,,,,,,,,,514.2966708330059,514.3066910420021,514.554606042002,514.554606042002,514.7544363329944,514.7544363329944,514.9416892500012,514.9544002920011,515.043096333,515.0543219579995,515.0543219579995,517.011690542,left,1,1.953543041003286,None,517.0120365829935,517.0234961249953,517.0234961249953,517.2135365419963,517.2202979169961,517.2202979169961,518.0197823329945,518.0045861669932,,,p,"001",2025-11-10_21h38.44.100,2nd exp,,2025.2.0,None,2025-11-10 21h38.44.185001 +0530,
The dog is barking loudly,The dog barking is loudly,transposition_related,right,96,0,6,left,0,5.340487915993435,None,6,0,96,14,518.0197823329945,,,,,,,,,518.0144670000009,518.0197823329945,518.2623009999952,518.2623009999952,518.4528918750002,518.457705791996,518.6416363330063,518.660712249999,518.754446417006,518.7608381250029,518.7608381250029,524.1065581250004,left,0,5.340487915993435,None,524.1071257500007,524.1188195830036,524.1188195830036,524.3028719169961,524.3116305419971,524.3116305419971,525.1019254580024,525.0868575000059,,,p,"001",2025-11-10_21h38.44.100,2nd exp,,2025.2.0,None,2025-11-10 21h38.44.185001 +0530,
She does not like apples,She like does apples not,transposition_unrelated,left,97,1,6,right,0,2.664315499001532,None,6,1,97,7,525.1019254580024,,,,,,,,,525.0971023750026,525.106503707997,525.3544592079998,525.3544592079998,525.5544374580059,525.5544374580059,525.7418429999962,525.7544019170018,525.8429064579977,525.854335416996,525.854335416996,528.5231983330013,right,0,2.664315499001532,None,528.5237784579949,528.5353790829977,528.5353790829977,528.7207479579956,528.7282743329997,528.7282743329997,529.5193405830069,529.5039775420009,,,p,"001",2025-11-10_21h38.44.100,2nd exp,,2025.2.0,None,2025-11-10 21h38.44.185001 +0530,
The dog is barking loudly,The loudly is barking dog,repetition_unrelated,left,98,2,6,left,1,1.8150427500077058,None,6,2,98,13,529.5193405830069,,,,,,,,,529.5144707500003,529.5238869580062,529.7710888330039,529.7710888330039,529.9710430419946,529.9585124169971,530.1590946250071,530.1710008749942,530.259109791994,530.2711377499945,530.2711377499945,532.0899817080062,left,1,1.8150427500077058,None,532.0905710420047,532.1020560420002,532.1020560420002,532.2876188329974,532.2939820419997,532.2939820419997,533.0868074169994,533.0711352920043,,,p,"001",2025-11-10_21h38.44.100,2nd exp,,2025.2.0,None,2025-11-10 21h38.44.185001 +0530,
She does not like apples,She not does like apples,transposition_related,right,99,3,6,left,0,2.367353749999893,None,6,3,99,6,533.0868074169994,,,,,,,,,533.0818185829994,533.0913330000039,533.3367582079954,533.3367582079954,533.5376384580013,533.5242125420045,533.7265049169946,533.7378483750072,533.825562041995,533.8376892079978,533.8376892079978,536.2108430420049,left,0,2.367353749999893,None,536.2111186249967,536.223081499993,536.223081499993,536.4040245000069,536.419411416995,536.419411416995,537.1930292920006,537.1874430000025,,,p,"001",2025-11-10_21h38.44.100,2nd exp,,2025.2.0,None,2025-11-10 21h38.44.185001 +0530,
She does not like apples,She not does like apples,repetition_unrelated,left,100,4,6,left,1,1.8807329569972353,None,6,4,100,5,537.1930292920006,,,,,,,,,537.1879809170059,537.2105705830036,537.4542875829939,537.4542875829939,537.660558500007,537.6417437079945,537.8542447920045,537.8603622920054,537.954379792005,537.954379792005,537.954379792005,539.8401546670066,left,1,1.8807329569972353,None,539.8407227919961,539.8524735829997,539.8524735829997,540.037678749999,540.0475455830019,540.0475455830019,540.8367851670046,540.8215918329952,,,p,"001",2025-11-10_21h38.44.100,2nd exp,,2025.2.0,None,2025-11-10 21h38.44.185001 +0530,
They have finished the work,They finished have the work,transposition_related,right,101,5,6,left,0,1.822344582004007,None,6,5,101,10,540.8367851670046,,,,,,,,,540.8318429170031,540.8415101249993,541.0877462920034,541.0877462920034,541.2876191249961,541.2761471249978,541.4751122080052,541.4878467499948,541.5763077500014,541.5876067920035,541.5876067920035,543.4228531249973,left,0,1.822344582004007,None,543.4232453330042,543.4350279579958,543.4350279579958,543.6198220829974,543.627861083005,543.627861083005,544.4187235830032,544.4044713329931,,,p,"001",2025-11-10_21h38.44.100,2nd exp,,2025.2.0,None,2025-11-10 21h38.44.185001 +0530,
The boy can read fast,The read can boy fast,repetition_unrelated,left,102,6,6,left,1,2.879458290990442,None,6,6,102,1,544.4187235830032,,,,,,,,,544.4139310000028,544.4233454579953,544.670919917,544.670919917,544.8709053329949,544.8588098329928,545.0592965830001,545.0711802500009,545.1591707920015,545.1710711250053,545.1710711250053,548.0562614579976,left,1,2.879458290990442,None,548.0567074580031,548.0696127080009,548.0696127080009,548.2533251249988,548.2603674999991,548.2603674999991,549.0539872079971,549.0382426669967,,,p,"001",2025-11-10_21h38.44.100,2nd exp,,2025.2.0,None,2025-11-10 21h38.44.185001 +0530,
She does not like apples,She does not like apples,repetition_related,right,103,7,6,left,0,1.414659957998083,None,6,7,103,4,549.0539872079971,,,,,,,,,549.0491864999931,549.0584918329987,549.3042048329953,549.3042048329953,549.5042483330035,549.4919232919929,549.6933759999956,549.704766625,549.7923377499974,549.8043665000005,549.8043665000005,551.2227598750032,left,0,1.414659957998083,None,551.223154708001,551.234975542,551.234975542,551.4199342920037,551.4266358750028,551.4266358750028,552.2208431670006,552.2040953329997,,,p,"001",2025-11-10_21h38.44.100,2nd exp,,2025.2.0,None,2025-11-10 21h38.44.185001 +0530,
They have finished the work,They work the have finished,transposition_unrelated,left,104,8,6,left,1,3.677339290996315,None,6,8,104,11,552.2208431670006,,,,,,,,,552.2159652080009,552.225469291996,552.4708826249989,552.4708826249989,552.6711970420001,552.6583662500052,552.8589170829946,552.8713324169948,552.9580148749956,552.9711301250063,552.9711301250063,556.6566432079999,left,1,3.677339290996315,None,556.6572574169986,556.6692143330001,556.6692143330001,556.8542912919947,556.8620798329939,556.8620798329939,557.6490292920062,557.6380773749988,,,p,"001",2025-11-10_21h38.44.100,2nd exp,,2025.2.0,None,2025-11-10 21h38.44.185001 +0530,
They have finished the work,They have finished the work,repetition_related,right,105,9,6,right,1,2.385691208008211,None,6,9,105,8,557.6490292920062,,,,,,,,,557.6442371250014,557.6706601250044,557.9031248329993,557.9099240000069,558.1043403329968,558.0904155830067,558.292028041993,558.3043175829953,558.3919756249961,558.404383333007,558.404383333007,560.7953377499944,right,1,2.385691208008211,None,560.7956127920042,560.8074316249986,560.8074316249986,560.9956443330011,561.0028164579999,561.0028164579999,561.7951431249967,561.7797635830066,,,p,"001",2025-11-10_21h38.44.100,2nd exp,,2025.2.0,None,2025-11-10 21h38.44.185001 +0530,
The boy can read fast,The boy can read fast,repetition_related,right,106,10,6,right,1,1.3065773330017691,None,6,10,106,0,561.7951431249967,,,,,,,,,561.7890874169971,561.7951431249967,562.0451863329945,562.0451863329945,562.2433332079963,562.2433332079963,562.437655457994,562.4437829999952,562.5377852079982,562.5444086670032,562.5444086670032,563.8565074579965,right,1,1.3065773330017691,None,563.8569913749961,563.8689146249963,563.8689146249963,564.0528339169978,564.0596494170022,564.0596494170022,564.8523272919992,564.836842167002,,,p,"001",2025-11-10_21h38.44.100,2nd exp,,2025.2.0,None,2025-11-10 21h38.44.185001 +0530,
The dog is barking loudly,The dog is barking loudly,repetition_related,right,107,11,6,right,1,0.771431624001707,None,6,11,107,12,564.8523272919992,,,,,,,,,564.8474620000052,564.8569871249929,565.1045199170039,565.1045199170039,565.3043306250038,565.2922247920069,565.4919331669953,565.5044123330008,565.5927570829954,565.6044863330026,565.6044863330026,566.3893987079937,right,1,0.771431624001707,None,566.3898015830055,566.4013007080066,566.4013007080066,566.5863887919986,566.594794042001,566.594794042001,567.3831349579996,567.3696666250034,,,p,"001",2025-11-10_21h38.44.100,2nd exp,,2025.2.0,None,2025-11-10 21h38.44.185001 +0530,
The boy can read fast,The boy can read fast,transposition_related,right,108,12,6,right,1,1.0161271239921916,None,6,12,108,2,567.3831349579996,,,,,,,,,567.3783507079934,567.3885491669935,567.6378790419985,567.6378790419985,567.8377179579984,567.8264309170045,568.0264239170065,568.0377339580009,568.1259930420056,568.1376595420006,568.1376595420006,569.1564351669949,right,1,1.0161271239921916,None,569.1568578750012,569.1684362920059,569.1684362920059,569.3531836670008,569.3594586249965,569.3594586249965,570.150920458007,570.1364429999958,,,p,"001",2025-11-10_21h38.44.100,2nd exp,,2025.2.0,None,2025-11-10 21h38.44.185001 +0530,
The dog is barking loudly,The barking dog loudly is,transposition_unrelated,left,109,13,6,left,1,1.3583971240004757,None,6,13,109,15,570.150920458007,,,,,,,,,570.1461860830022,570.1555035420024,570.4043394170003,570.4043394170003,570.6042803750024,570.5928713750036,570.7934871670004,570.8043869170069,570.891698833002,570.9044103329943,570.9044103329943,572.2727635420015,left,1,1.3583971240004757,None,572.273047833005,572.2842355830071,572.2842355830071,572.4698321670003,572.4770545000065,572.4770545000065,573.2697920420032,573.2545310419955,,,p,"001",2025-11-10_21h38.44.100,2nd exp,,2025.2.0,None,2025-11-10 21h38.44.185001 +0530,
The boy can read fast,The read can boy fast,transposition_unrelated,left,110,14,6,right,0,1.5629440830089152,None,6,14,110,3,573.2697920420032,,,,,,,,,573.2650647499977,573.2876380829985,573.5208648330008,573.5286844170041,573.7209043750045,573.7209043750045,573.9085603749991,573.9209797920048,574.009322124999,574.020858332995,574.020858332995,575.5899097920046,right,0,1.5629440830089152,None,575.5905075420014,575.6020759579987,575.6020759579987,575.7874935419968,575.795464291994,575.795464291994,576.5943077499978,576.5781172499992,,,p,"001",2025-11-10_21h38.44.100,2nd exp,,2025.2.0,None,2025-11-10 21h38.44.185001 +0530,
They have finished the work,They finished have the work,repetition_unrelated,left,111,15,6,left,1,3.429283373989165,None,6,15,111,9,576.5943077499978,,,,,,,,,576.5889994580066,576.5943077499978,576.8375249999954,576.8375249999954,577.0375862499932,577.0260225420061,577.2255003330065,577.2373894579941,577.3244686669932,577.3376472499949,577.3376472499949,580.772561292004,left,1,3.429283373989165,None,580.7729651669943,580.7848546669993,580.7848546669993,580.9704416669992,580.9771776249981,580.9771776249981,581.7694856250018,581.7539902919962,,,p,"001",2025-11-10_21h38.44.100,2nd exp,,2025.2.0,None,2025-11-10 21h38.44.185001 +0530,
The boy can read fast,The read can boy fast,transposition_unrelated,left,112,0,7,left,1,1.063650708005298,None,7,0,112,3,581.7694856250018,,,,,,,,,581.764612458006,581.7740944169927,582.0200929580024,582.0200929580024,582.2210320000013,582.2082910419995,582.4091351670068,582.420988583006,582.5092525829969,582.5208134999993,582.5208134999993,583.5898333329969,left,1,1.063650708005298,None,583.5904197079944,583.6024924999947,583.6024924999947,583.7874714579957,583.7953845000011,583.7953845000011,584.5820098330005,584.5712912080053,,,p,"001",2025-11-10_21h38.44.100,2nd exp,,2025.2.0,None,2025-11-10 21h38.44.185001 +0530,
The boy can read fast,The boy can read fast,repetition_related,right,113,1,7,right,1,0.9058682909962954,None,7,1,113,0,584.5820098330005,,,,,,,,,584.5771489579929,584.5861387920013,584.8363921669952,584.8268312919972,585.0377509170066,585.0245707919967,585.2265855830046,585.2374336670036,585.3265601250023,585.3375166670012,585.3375166670012,586.255964291995,right,1,0.9058682909962954,None,586.2563626250048,586.2678041250037,586.2678041250037,586.454251874995,586.4622560419957,586.4622560419957,587.2566116670059,587.2426691669971,,,p,"001",2025-11-10_21h38.44.100,2nd exp,,2025.2.0,None,2025-11-10 21h38.44.185001 +0530,
The dog is barking loudly,The loudly is barking dog,repetition_unrelated,left,114,2,7,left,1,0.9280648330022814,None,7,2,114,13,587.2566116670059,,,,,,,,,587.2518215000018,587.2566116670059,587.5044294999971,587.5044294999971,587.7042402499937,587.7042402499937,587.8925532080029,587.9043011250033,587.992530167001,588.0043827920017,588.0043827920017,588.9397965829994,left,1,0.9280648330022814,None,588.9402352080069,588.9518431250035,588.9518431250035,589.1363717500062,589.1428434580012,589.1428434580012,589.9359976669948,589.9201259169931,,,p,"001",2025-11-10_21h38.44.100,2nd exp,,2025.2.0,None,2025-11-10 21h38.44.185001 +0530,
They have finished the work,They work the have finished,transposition_unrelated,left,115,3,7,left,1,1.2964834160084138,None,7,3,115,11,589.9359976669948,,,,,,,,,589.931137749998,589.940578416994,590.187751874997,590.187751874997,590.3874317080044,590.3749919169932,590.575795333003,590.5877875419974,590.6751281670004,590.687714707994,590.687714707994,591.9896902079927,left,1,1.2964834160084138,None,591.9902437919955,592.0021015420061,592.0021015420061,592.1861305420025,592.1941671670065,592.1941671670065,592.9856932919938,592.9706016669952,,,p,"001",2025-11-10_21h38.44.100,2nd exp,,2025.2.0,None,2025-11-10 21h38.44.185001 +0530,
She does not like apples,She like does apples not,transposition_unrelated,left,116,4,7,left,1,1.218615082994802,None,7,4,116,7,592.9856932919938,,,,,,,,,592.9809263329953,592.9902839999995,593.2376737500017,593.2376737500017,593.4374838749936,593.4258144170017,593.6264055000065,593.6377551250043,593.7250267920026,593.737560374997,593.737560374997,594.9619242079934,left,1,1.218615082994802,None,594.9622134579986,594.9736039999989,594.9736039999989,595.1628397919994,595.1694561250042,595.1694561250042,595.9718627080001,595.954584207997,,,p,"001",2025-11-10_21h38.44.100,2nd exp,,2025.2.0,None,2025-11-10 21h38.44.185001 +0530,
They have finished the work,They finished have the work,repetition_unrelated,left,117,5,7,left,1,1.640784707997227,None,7,5,117,9,595.9718627080001,,,,,,,,,595.9659764579992,595.9718627080001,596.212045207998,596.2193127079954,596.4034033329954,596.4034033329954,596.5926987499988,596.6107861250057,596.7041797080019,596.7103187500034,596.7103187500034,598.355812875001,left,1,1.640784707997227,None,598.3562143330055,598.3681229579961,598.3681229579961,598.554260082994,598.5607596670015,598.5607596670015,599.3597139170015,599.3438248750026,,,p,"001",2025-11-10_21h38.44.100,2nd exp,,2025.2.0,None,2025-11-10 21h38.44.185001 +0530,
The dog is barking loudly,The dog is barking loudly,repetition_related,right,118,6,7,right,1,1.3226241250085877,None,7,6,118,12,599.3597139170015,,,,,,,,,599.3544667920069,599.3597139170015,599.604230625002,599.604230625002,599.8044888330041,599.7933998749941,599.9913560830028,600.0046667080023,600.092455667007,600.104423458004,600.104423458004,601.428640750004,right,1,1.3226241250085877,None,601.428978750002,601.4401307499938,601.4401307499938,601.6293165420066,601.6360615000012,601.6360615000012,602.4351626669959,602.4202858329954,,,p,"001",2025-11-10_21h38.44.100,2nd exp,,2025.2.0,None,2025-11-10 21h38.44.185001 +0530,
The boy can read fast,The read can boy fast,repetition_unrelated,left,119,7,7,left,1,6.380174581994652,None,7,7,119,1,602.4351626669959,,,,,,,,,602.4299805420014,602.4351626669959,602.6794551670027,602.6794551670027,602.8772644169949,602.8772644169949,603.0710797920037,603.0776244169974,603.1710069999972,603.1781069999997,603.1781069999997,609.5619564579974,left,1,6.380174581994652,None,609.5622816249961,609.5734883330006,609.5734883330006,609.7634384999983,609.769325041998,609.769325041998,610.5698382919945,610.5531520420045,,,p,"001",2025-11-10_21h38.44.100,2nd exp,,2025.2.0,None,2025-11-10 21h38.44.185001 +0530,
The dog is barking loudly,The barking dog loudly is,transposition_unrelated,left,120,8,7,left,1,1.6273640830040677,None,7,8,120,15,610.5698382919945,,,,,,,,,610.564352292,610.5698382919945,610.8105920420057,610.8105920420057,611.002946749999,611.002946749999,611.1932296250015,611.210513500002,611.3046155420016,611.3114320419991,611.3114320419991,612.9446211670002,left,1,1.6273640830040677,None,612.944907750003,612.9573388749996,612.9573388749996,613.1376264169958,613.1527107080037,613.1527107080037,613.9397480420012,613.9261304999964,,,p,"001",2025-11-10_21h38.44.100,2nd exp,,2025.2.0,None,2025-11-10 21h38.44.185001 +0530,
They have finished the work,They finished have the work,transposition_related,right,121,9,7,left,0,2.3043331660010153,None,7,9,121,10,613.9397480420012,,,,,,,,,613.9343491250038,613.9542156249954,614.1949094169977,614.1949094169977,614.3859739170002,614.3859739170002,614.5763421669981,614.5939619169949,614.6875288330048,614.6944470000017,614.6944470000017,617.0066545419977,left,0,2.3043331660010153,None,617.0072929169983,617.0192638750013,617.0192638750013,617.2041968330013,617.2125563750014,617.2125563750014,617.9987185000064,617.9878605830017,,,p,"001",2025-11-10_21h38.44.100,2nd exp,,2025.2.0,None,2025-11-10 21h38.44.185001 +0530,
They have finished the work,They have finished the work,repetition_related,right,122,10,7,right,1,3.300441373998183,None,7,10,122,8,617.9987185000064,,,,,,,,,617.9939079579926,618.0027543750039,618.2542761249933,618.2427169580042,618.4542319580069,618.4542319580069,618.6427622079937,618.6542812080006,618.7417634580052,618.7541859170015,618.7541859170015,622.0607822919992,right,1,3.300441373998183,None,622.0610581670044,622.0728930829937,622.0728930829937,622.2636122919939,622.2698344170058,622.2698344170058,623.0700012080051,623.0546809999942,,,p,"001",2025-11-10_21h38.44.100,2nd exp,,2025.2.0,None,2025-11-10 21h38.44.185001 +0530,
She does not like apples,She does not like apples,repetition_related,right,123,11,7,right,1,3.1138284990011016,None,7,11,123,4,623.0700012080051,,,,,,,,,623.0644356249977,623.0700012080051,623.3116877919965,623.3116877919965,623.5043739999965,623.5043739999965,623.6924493330007,623.7105780830025,623.8040075000026,623.8040075000026,623.8040075000026,626.923025541997,right,1,3.1138284990011016,None,626.9236244579952,626.9356997499999,626.9356997499999,627.119324416999,627.1256383330037,627.1256383330037,627.9131271249935,627.9029132080032,,,p,"001",2025-11-10_21h38.44.100,2nd exp,,2025.2.0,None,2025-11-10 21h38.44.185001 +0530,
She does not like apples,She not does like apples,transposition_related,right,124,12,7,left,0,0.7474188750056783,None,7,12,124,6,627.9131271249935,,,,,,,,,627.9082292499952,627.9192910419952,628.1713501250051,628.1583911670023,628.3708764579933,628.3582425420027,628.5593970829941,628.5709306670033,628.6582638749969,628.6708159580012,628.6708159580012,629.4222563749936,left,0,0.7474188750056783,None,629.422612082999,629.4342125830008,629.4342125830008,629.6208458750043,629.6286521669972,629.6286521669972,630.4236085830053,630.4092872500041,,,p,"001",2025-11-10_21h38.44.100,2nd exp,,2025.2.0,None,2025-11-10 21h38.44.185001 +0530,
The dog is barking loudly,The dog barking is loudly,transposition_related,right,125,13,7,left,0,1.389308666010038,None,7,13,125,14,630.4236085830053,,,,,,,,,630.4187323749939,630.4236085830053,630.6707882079936,630.6707882079936,630.8709868750011,630.8583373330039,631.0592972500017,631.0710202920018,631.1590737920051,631.1708567919995,631.1708567919995,632.5615863330022,left,0,1.389308666010038,None,632.561873957995,632.5734838329954,632.5734838329954,632.7525706669985,632.7708990420069,632.7708990420069,633.5531586669968,633.5372364170034,,,p,"001",2025-11-10_21h38.44.100,2nd exp,,2025.2.0,None,2025-11-10 21h38.44.185001 +0530,
The boy can read fast,The boy can read fast,transposition_related,right,126,14,7,right,1,1.5452884160040412,None,7,14,126,2,633.5531586669968,,,,,,,,,633.548432208001,633.5575401670067,633.8033024169999,633.8033024169999,634.0106793330051,633.992333999995,634.2042224579927,634.2104510420031,634.3044728329987,634.3107607499987,634.3107607499987,635.8617236669961,right,1,1.5452884160040412,None,635.8620574579982,635.8734651249979,635.8734651249979,636.0633987079927,636.069794916999,636.069794916999,636.8711055830063,636.8545694170025,,,p,"001",2025-11-10_21h38.44.100,2nd exp,,2025.2.0,None,2025-11-10 21h38.44.185001 +0530,
She does not like apples,She not does like apples,repetition_unrelated,left,127,15,7,left,1,1.5439158329972997,None,7,15,127,5,636.8711055830063,,,,,,,,,636.8657395000046,636.8711055830063,637.112300791996,637.112300791996,637.3100980000017,637.3100980000017,637.5040737920062,637.5104388750042,637.6041952920059,637.6109210830036,637.6109210830036,639.1610087500012,left,1,1.5439158329972997,None,639.1612972080038,639.1730525419989,639.1730525419989,639.3632434169995,639.3695275420032,639.3695275420032,640.1697562500049,640.1530847499962,,,p,"001",2025-11-10_21h38.44.100,2nd exp,,2025.2.0,None,2025-11-10 21h38.44.185001 +0530,
They have finished the work,They have finished the work,repetition_related,right,128,0,8,right,1,1.3346929160034051,None,8,0,128,8,640.1697562500049,,,,,,,,,640.1645360419934,640.1697562500049,640.4127216250054,640.4127216250054,640.610083874999,640.610083874999,640.8041974579974,640.8041974579974,640.8924687499966,640.9111161250039,640.9111161250039,642.2558605829981,right,1,1.3346929160034051,None,642.2562117500056,642.2681070830004,642.2681070830004,642.4525771670014,642.4594942080003,642.4594942080003,643.2554459579987,643.2382723750052,,,p,"001",2025-11-10_21h38.44.100,2nd exp,,2025.2.0,None,2025-11-10 21h38.44.185001 +0530,
The boy can read fast,The read can boy fast,repetition_unrelated,left,129,1,8,right,0,1.8284064990002662,None,8,1,129,1,643.2554459579987,,,,,,,,,643.2506786669983,643.2707455420023,643.5040353749937,643.5123066249944,643.7042765420047,643.6902725419932,643.8916551250004,643.9043084169971,643.9912195420038,644.0044229170016,644.0044229170016,645.8395471249969,right,0,1.8284064990002662,None,645.8400987079949,645.8519079580001,645.8519079580001,646.0371389579959,646.0449050419993,646.0449050419993,646.8428340829996,646.8278071249952,,,p,"001",2025-11-10_21h38.44.100,2nd exp,,2025.2.0,None,2025-11-10 21h38.44.185001 +0530,
She does not like apples,She not does like apples,transposition_related,right,130,2,8,left,0,1.2822467910009436,None,8,2,130,6,646.8428340829996,,,,,,,,,646.8377682499995,646.8428340829996,647.0874006249942,647.0874006249942,647.2876955829997,647.275479457996,647.4747457500052,647.4876615829999,647.5762087500043,647.587458916998,647.587458916998,648.8727935420029,left,0,1.2822467910009436,None,648.873374917006,648.8850223329937,648.8850223329937,649.0708560420026,649.0787409579934,649.0787409579934,649.8750732079934,649.8602612079994,,,p,"001",2025-11-10_21h38.44.100,2nd exp,,2025.2.0,None,2025-11-10 21h38.44.185001 +0530,
They have finished the work,They finished have the work,repetition_unrelated,left,131,3,8,left,1,2.223494040998048,None,8,3,131,9,649.8750732079934,,,,,,,,,649.8703120419959,649.8750732079934,650.1205787920044,650.1205787920044,650.3208127079997,650.3208127079997,650.5081789169926,650.5209674999933,650.6092159580003,650.6210278749932,650.6210278749932,652.8562877079967,left,1,2.223494040998048,None,652.8568036249926,652.8681340000039,652.8681340000039,653.054257833006,653.0621047500026,653.0621047500026,653.8606020000007,653.8445784999931,,,p,"001",2025-11-10_21h38.44.100,2nd exp,,2025.2.0,None,2025-11-10 21h38.44.185001 +0530,
The boy can read fast,The boy can read fast,repetition_related,right,132,4,8,right,1,1.5323951239988673,None,8,4,132,0,653.8606020000007,,,,,,,,,653.8552226250031,653.8606020000007,654.1042457080039,654.1042457080039,654.3040571250021,654.2918532500044,654.4928116249939,654.5041933330067,654.5925909999933,654.6041941250005,654.6041941250005,656.1400418749981,right,1,1.5323951239988673,None,656.1404575829947,656.1514821669989,656.1514821669989,656.3358944579959,656.3421699580067,656.3421699580067,657.1363500000007,657.1199232079962,,,p,"001",2025-11-10_21h38.44.100,2nd exp,,2025.2.0,None,2025-11-10 21h38.44.185001 +0530,
The dog is barking loudly,The dog barking is loudly,transposition_related,right,133,5,8,left,0,1.251143998990301,None,8,5,133,14,657.1363500000007,,,,,,,,,657.1314245420072,657.1409562920016,657.3874143330031,657.3874143330031,657.5876025420002,657.5738790829928,657.7756228329963,657.7877410420042,657.8749323749944,657.8873502500064,657.8873502500064,659.1440039580048,left,0,1.251143998990301,None,659.1442895420041,659.1560764580063,659.1560764580063,659.3358993330039,659.3527378330036,659.3527378330036,660.1317821669945,660.1211415419966,,,p,"001",2025-11-10_21h38.44.100,2nd exp,,2025.2.0,None,2025-11-10 21h38.44.185001 +0530,
The dog is barking loudly,The barking dog loudly is,transposition_unrelated,left,134,6,8,left,1,0.9558638330054237,None,8,6,134,15,660.1317821669945,,,,,,,,,660.1269610830059,660.1359994170052,660.3877457500057,660.3764245829952,660.5874822500045,660.5874822500045,660.7758969169954,660.794395082994,660.8935441670037,660.8935441670037,660.8935441670037,661.8567593329935,left,1,0.9558638330054237,None,661.8573360830051,661.8690740419988,661.8690740419988,662.0535613329994,662.0614225830068,662.0614225830068,662.8500130830071,662.8362919579959,,,p,"001",2025-11-10_21h38.44.100,2nd exp,,2025.2.0,None,2025-11-10 21h38.44.185001 +0530,
She does not like apples,She does not like apples,repetition_related,right,135,7,8,right,1,1.7071453330136137,None,8,7,135,4,662.8500130830071,,,,,,,,,662.8453140000056,662.8550563750032,663.1043215829995,663.0922277500067,663.3042615419981,663.3042615419981,663.4925696249993,663.5043505420035,663.5923459170008,663.6042516669986,663.6042516669986,665.3230247920001,right,1,1.7071453330136137,None,665.3236888749962,665.3354519169952,665.3354519169952,665.5197422079946,665.5296723750071,665.5296723750071,666.3193813749967,666.3034726250044,,,p,"001",2025-11-10_21h38.44.100,2nd exp,,2025.2.0,None,2025-11-10 21h38.44.185001 +0530,
The dog is barking loudly,The loudly is barking dog,repetition_unrelated,left,136,8,8,left,1,1.181318374001421,None,8,8,136,13,666.3193813749967,,,,,,,,,666.3145562499994,666.3239305000025,666.5698525829939,666.5698525829939,666.7709922920039,666.757463957998,666.9598087920021,666.9707529580046,667.058899458003,667.0709556249931,667.0709556249931,668.2557388330024,left,1,1.181318374001421,None,668.2561837079993,668.2678791249928,668.2678791249928,668.4531077080028,668.4615703330055,668.4615703330055,669.2513002920023,669.2365624999948,,,p,"001",2025-11-10_21h38.44.100,2nd exp,,2025.2.0,None,2025-11-10 21h38.44.185001 +0530,
She does not like apples,She not does like apples,repetition_unrelated,left,137,9,8,left,1,1.277256457004114,None,8,9,137,5,669.2513002920023,,,,,,,,,669.2465442499961,669.2556057500042,669.5040675000055,669.5040675000055,669.7042954579956,669.7042954579956,669.8928113330039,669.9042722500017,669.9929032079963,670.0040074580029,670.0040074580029,671.2896887079987,left,1,1.277256457004114,None,671.290296207997,671.3019355830038,671.3019355830038,671.4873714999994,671.4945376249962,671.4945376249962,672.291232292002,672.276719292,,,p,"001",2025-11-10_21h38.44.100,2nd exp,,2025.2.0,None,2025-11-10 21h38.44.185001 +0530,
They have finished the work,They finished have the work,transposition_related,right,138,10,8,left,0,1.602824123998289,None,8,10,138,10,672.291232292002,,,,,,,,,672.2866123749991,672.291232292002,672.5375952920003,672.5375952920003,672.7375627500005,672.725900874997,672.9260889169964,672.9373326670029,673.0247845830017,673.037336207999,673.037336207999,674.6441944580001,left,0,1.602824123998289,None,674.6444514580071,674.6562061250006,674.6562061250006,674.8448084999982,674.852555874997,674.852555874997,675.6541759170068,675.6379592080048,,,p,"001",2025-11-10_21h38.44.100,2nd exp,,2025.2.0,None,2025-11-10 21h38.44.185001 +0530,
The boy can read fast,The boy can read fast,transposition_related,right,139,11,8,right,1,2.6515888319991063,None,8,11,139,2,675.6541759170068,,,,,,,,,675.6484539170051,675.6541759170068,675.8959485829982,675.8959485829982,676.0939414580062,676.0939414580062,676.2874175000034,676.2874175000034,676.3747112919955,676.3942485419975,676.3942485419975,679.0554386250005,right,1,2.6515888319991063,None,679.0557340829982,679.0667849169986,679.0667849169986,679.2524988749938,679.2589140000055,679.2589140000055,680.0466199170041,680.0362807920028,,,p,"001",2025-11-10_21h38.44.100,2nd exp,,2025.2.0,None,2025-11-10 21h38.44.185001 +0530,
The boy can read fast,The read can boy fast,transposition_unrelated,left,140,12,8,left,1,0.9800185409985716,None,8,12,140,3,680.0466199170041,,,,,,,,,680.0417859580048,680.0524875419942,680.3040763330064,680.292270542006,680.5041212079959,680.4924314170057,680.6923252919951,680.7040336250066,680.7920379169955,680.8042259170034,680.8042259170034,681.7893686669995,left,1,0.9800185409985716,None,681.7899529169954,681.8034104169928,681.8034104169928,681.9873242080066,681.9947704170045,681.9947704170045,682.7857991670026,682.7711097919964,,,p,"001",2025-11-10_21h38.44.100,2nd exp,,2025.2.0,None,2025-11-10 21h38.44.185001 +0530,
She does not like apples,She like does apples not,transposition_unrelated,left,141,13,8,left,1,0.9440205819992116,None,8,13,141,7,682.7857991670026,,,,,,,,,682.7802470000024,682.7906483749975,683.0377258329972,683.0377258329972,683.2374877919938,683.2374877919938,683.4249486670014,683.4374573749956,683.5260319579975,683.5373769580037,683.5373769580037,684.4897507499991,left,1,0.9440205819992116,None,684.4903249579947,684.5019577500061,684.5019577500061,684.6857509999973,684.6927016669943,684.6927016669943,685.4861658330046,685.4710122499964,,,p,"001",2025-11-10_21h38.44.100,2nd exp,,2025.2.0,None,2025-11-10 21h38.44.185001 +0530,
They have finished the work,They work the have finished,transposition_unrelated,left,142,14,8,left,1,2.3138280409912113,None,8,14,142,11,685.4861658330046,,,,,,,,,685.4813417080004,685.4906237079995,685.7374168749957,685.7374168749957,685.9370781670004,685.9263930000016,686.1253202920052,686.1369689580024,686.2259682080039,686.2375277919928,686.2375277919928,688.5562039579963,left,1,2.3138280409912113,None,688.556784875007,688.5686363749992,688.5686363749992,688.7536985829938,688.7614195829956,688.7614195829956,689.5577489999996,689.5429873329995,,,p,"001",2025-11-10_21h38.44.100,2nd exp,,2025.2.0,None,2025-11-10 21h38.44.185001 +0530,
The dog is barking loudly,The dog is barking loudly,repetition_related,right,143,15,8,right,1,1.808944499003701,None,8,15,143,12,689.5577489999996,,,,,,,,,689.5528436669993,689.5577489999996,689.8040555000043,689.8040555000043,690.0040655829944,690.0040655829944,690.1921810000058,690.2041130830039,690.2916064580058,690.3042422500002,690.3042422500002,692.1230573329958,right,1,1.808944499003701,None,692.123693542002,692.1355338330031,692.1355338330031,692.3191637499986,692.3262142080057,692.3262142080057,693.1178551670018,693.1042829999933,,,p,"001",2025-11-10_21h38.44.100,2nd exp,,2025.2.0,None,2025-11-10 21h38.44.185001 +0530,
She does not like apples,She not does like apples,repetition_unrelated,left,144,0,9,left,1,0.8531612910010153,None,9,0,144,5,693.1178551670018,,,,,,,,,693.1127666249959,693.1223609580047,693.3707530829997,693.3707530829997,693.5700827499968,693.5700827499968,693.7592068329977,693.7707313749997,693.8589050830051,693.8709567500046,693.8709567500046,694.7284709999949,left,1,0.8531612910010153,None,694.7288149170054,694.7400443749939,694.7400443749939,694.9300322920026,694.9362793750042,694.9362793750042,695.7381094169978,695.7212122920027,,,p,"001",2025-11-10_21h38.44.100,2nd exp,,2025.2.0,None,2025-11-10 21h38.44.185001 +0530,
The dog is barking loudly,The barking dog loudly is,transposition_unrelated,left,145,1,9,left,1,0.9956553740048548,None,9,1,145,15,695.7381094169978,,,,,,,,,695.7327409169957,695.7381094169978,695.9790145830048,695.9790145830048,696.1773297079926,696.1773297079926,696.370669416996,696.377006499999,696.4707652499928,696.4774690829945,696.4774690829945,697.4780825829948,left,1,0.9956553740048548,None,697.4783698329993,697.4898160000012,697.4898160000012,697.6788917920057,697.6857107499964,697.6857107499964,698.4783432080003,698.4623747500009,,,p,"001",2025-11-10_21h38.44.100,2nd exp,,2025.2.0,None,2025-11-10 21h38.44.185001 +0530,
She does not like apples,She does not like apples,repetition_related,right,146,2,9,right,1,1.807649416005006,None,9,2,146,4,698.4783432080003,,,,,,,,,698.4727363749989,698.4783432080003,698.7293072920002,698.7293072920002,698.9195165419951,698.9241868749959,699.1090051670035,699.1272467499948,699.2206832499942,699.2274236249941,699.2274236249941,701.0397157919942,right,1,1.807649416005006,None,701.0403077499941,701.0520926669997,701.0520926669997,701.2357345829951,701.2420834579971,701.2420834579971,702.0369632920047,702.0212547499978,,,p,"001",2025-11-10_21h38.44.100,2nd exp,,2025.2.0,None,2025-11-10 21h38.44.185001 +0530,
The boy can read fast,The read can boy fast,repetition_unrelated,left,147,3,9,left,1,1.4016797489894088,None,9,3,147,1,702.0369632920047,,,,,,,,,702.0321454999939,702.0413320829975,702.2874624169926,702.2874624169926,702.4873421670054,702.4873421670054,702.6755242079962,702.687363332996,702.7747515420051,702.7872503749968,702.7872503749968,704.1950259580044,left,1,1.4016797489894088,None,704.1953204169986,704.2066253749945,704.2066253749945,704.3959180420061,704.4031219169992,704.4031219169992,705.2022277920041,705.1862965420005,,,p,"001",2025-11-10_21h38.44.100,2nd exp,,2025.2.0,None,2025-11-10 21h38.44.185001 +0530,
The dog is barking loudly,The dog barking is loudly,transposition_related,right,148,4,9,left,0,0.9834243330114987,None,9,4,148,14,705.2022277920041,,,,,,,,,705.1968670829956,705.2022277920041,705.4446857080038,705.4446857080038,705.6440667080024,705.6374022920063,705.8373977500014,705.8433864580002,705.9375393749942,705.9444617080007,705.9444617080007,706.9400897500018,left,0,0.9834243330114987,None,706.9407400000055,706.9531532919937,706.9531532919937,707.1362064999994,707.1428585419926,707.1428585419926,707.9330243330041,707.921333249993,,,p,"001",2025-11-10_21h38.44.100,2nd exp,,2025.2.0,None,2025-11-10 21h38.44.185001 +0530,
The dog is barking loudly,The dog is barking loudly,repetition_related,right,149,5,9,right,1,1.3883939570077928,None,9,5,149,12,707.9330243330041,,,,,,,,,707.928168917002,707.9385963329987,708.1869203749957,708.1869203749957,708.387335374995,708.3752242079936,708.5759245829977,708.5874537079944,708.6756320830027,708.6873229170014,708.6873229170014,710.0773495419999,right,1,1.3883939570077928,None,710.0776829579991,710.0895078750036,710.0895078750036,710.2697205419972,710.2872875830071,710.2872875830071,711.0668104170036,711.0528710829967,,,p,"001",2025-11-10_21h38.44.100,2nd exp,,2025.2.0,None,2025-11-10 21h38.44.185001 +0530,
They have finished the work,They work the have finished,transposition_unrelated,left,150,6,9,left,1,2.369887998997001,None,9,6,150,11,711.0668104170036,,,,,,,,,711.0621296250029,711.0712382920028,711.3292758750031,711.308249499998,711.5262190000067,711.5262190000067,711.7204015419993,711.7204015419993,711.8083377080038,711.8278102500044,711.8278102500044,714.2055466250022,left,1,2.369887998997001,None,714.205954582998,714.217484541994,714.217484541994,714.4025710830028,714.4088281669974,714.4088281669974,715.1998019169987,715.1861288329965,,,p,"001",2025-11-10_21h38.44.100,2nd exp,,2025.2.0,None,2025-11-10 21h38.44.185001 +0530,
The boy can read fast,The read can boy fast,transposition_unrelated,left,151,7,9,left,1,1.4415210000006482,None,9,7,151,3,715.1998019169987,,,,,,,,,715.1949829170044,715.2049275419995,715.454092,715.4415650830051,715.6538604999951,715.641366625001,715.8410351670027,715.8544727919943,715.9428395419964,715.9540761670069,715.9540761670069,717.4058820420032,left,1,1.4415210000006482,None,717.4062992499967,717.4178908750036,717.4178908750036,717.6025974170043,717.6086821670033,717.6086821670033,718.4040181669989,718.3879934580036,,,p,"001",2025-11-10_21h38.44.100,2nd exp,,2025.2.0,None,2025-11-10 21h38.44.185001 +0530,
They have finished the work,They have finished the work,repetition_related,right,152,8,9,right,1,2.1184594579972327,None,9,8,152,8,718.4040181669989,,,,,,,,,718.3988810419978,718.408802542006,718.6539932919986,718.6539932919986,718.8540222080046,718.8540222080046,719.0425804999977,719.0540738330019,719.1414746670052,719.1541291670001,719.1541291670001,721.2779277920054,right,1,2.1184594579972327,None,721.2782387920015,721.2895640420029,721.2895640420029,721.4790348329989,721.4865971669933,721.4865971669933,722.277444708001,722.2621739580063,,,p,"001",2025-11-10_21h38.44.100,2nd exp,,2025.2.0,None,2025-11-10 21h38.44.185001 +0530,
The dog is barking loudly,The loudly is barking dog,repetition_unrelated,left,153,9,9,left,1,1.1789568320091348,None,9,9,153,13,722.277444708001,,,,,,,,,722.2721467499941,722.277444708001,722.5287232919945,722.5205699170037,722.7267078330042,722.7267078330042,722.9207461670012,722.9270524169988,723.0274976670044,723.0274976670044,723.0274976670044,724.2117855419929,left,1,1.1789568320091348,None,724.2121180419927,724.2233167499944,724.2233167499944,724.4130016669951,724.419811832995,724.419811832995,725.2200854169932,725.204323583006,,,p,"001",2025-11-10_21h38.44.100,2nd exp,,2025.2.0,None,2025-11-10 21h38.44.185001 +0530,
The boy can read fast,The boy can read fast,transposition_related,right,154,10,9,right,1,1.013094458001433,None,9,10,154,2,725.2200854169932,,,,,,,,,725.2147933749948,725.2200854169932,725.4621520829969,725.4621520829969,725.6607800420024,725.6607800420024,725.8539084999938,725.8602732919971,725.9542827080004,725.9613519999984,725.9613519999984,726.9781229170039,right,1,1.013094458001433,None,726.9783921250055,726.9899410000071,726.9899410000071,727.1799147499987,727.1859185420035,727.1859185420035,727.9765953330061,727.9709043750045,,,p,"001",2025-11-10_21h38.44.100,2nd exp,,2025.2.0,None,2025-11-10 21h38.44.185001 +0530,
The boy can read fast,The boy can read fast,repetition_related,right,155,11,9,left,0,0.8641504999977769,None,9,11,155,0,727.9765953330061,,,,,,,,,727.9712286669965,727.9765953330061,728.2289624169935,728.220750374996,728.4191971669934,728.4236827080022,728.608825999996,728.6271110829985,728.7205498749972,728.7262097500061,728.7262097500061,729.5943613330019,left,0,0.8641504999977769,None,729.5947055830038,729.6063029170036,729.6063029170036,729.7970255419932,729.8033642920054,729.8033642920054,730.6029174169962,730.5876190830022,,,p,"001",2025-11-10_21h38.44.100,2nd exp,,2025.2.0,None,2025-11-10 21h38.44.185001 +0530,
She does not like apples,She like does apples not,transposition_unrelated,left,156,12,9,left,1,1.2672091659915168,None,9,12,156,7,730.6029174169962,,,,,,,,,730.5976111670025,730.6029174169962,730.8357842080004,730.8420217079984,731.044073291996,731.0229227499949,731.2373891669995,731.2373891669995,731.3248760830029,731.3439967919985,731.3439967919985,732.6222312919999,left,1,1.2672091659915168,None,732.6225315829943,732.6340665419993,732.6340665419993,732.8205403330066,732.8283091670019,732.8283091670019,733.6194155830017,733.6043400829949,,,p,"001",2025-11-10_21h38.44.100,2nd exp,,2025.2.0,None,2025-11-10 21h38.44.185001 +0530,
They have finished the work,They finished have the work,repetition_unrelated,left,157,13,9,left,1,1.557573208003305,None,9,13,157,9,733.6194155830017,,,,,,,,,733.6146646669949,733.6238495419966,733.8708761250018,733.8708761250018,734.0703723750048,734.0703723750048,734.2591686670057,734.2705514580011,734.3592465830006,734.3706287079985,734.3706287079985,735.9390997919982,left,1,1.557573208003305,None,735.9394626249996,735.9509770000004,735.9509770000004,736.1367224580026,736.1439803329995,736.1439803329995,736.9359570420056,736.9209376249928,,,p,"001",2025-11-10_21h38.44.100,2nd exp,,2025.2.0,None,2025-11-10 21h38.44.185001 +0530,
She does not like apples,She not does like apples,transposition_related,right,158,14,9,left,0,1.7139557909977157,None,9,14,158,6,736.9359570420056,,,,,,,,,736.9310605420033,736.9405896249955,737.187476082996,737.187476082996,737.3873465829965,737.3758224170015,737.575955207998,737.5872411669989,737.6759308329929,737.6871946669999,737.6871946669999,739.4055684170016,left,0,1.7139557909977157,None,739.405926958003,739.4186333329999,739.4186333329999,739.6026699170034,739.6104847499955,739.6104847499955,740.4011693329958,740.3860197080066,,,p,"001",2025-11-10_21h38.44.100,2nd exp,,2025.2.0,None,2025-11-10 21h38.44.185001 +0530,
They have finished the work,They finished have the work,transposition_related,right,159,15,9,left,0,1.1432542909897165,None,9,15,159,10,740.4011693329958,,,,,,,,,740.3964001669956,740.4056764169945,740.6539089169964,740.6539089169964,740.8539790000068,740.8419491249952,741.0419899580011,741.0542345419963,741.142126916995,741.1538219999929,741.1538219999929,742.306104000003,left,0,1.1432542909897165,None,742.3066508750053,742.3182297500025,742.3182297500025,742.5037811670045,742.5114300830028,742.5114300830028,743.305962917002,743.2943836250051,,,p,"001",2025-11-10_21h38.44.100,2nd exp,,2025.2.0,None,2025-11-10 21h38.44.185001 +0530,
They have finished the work,They have finished the work,repetition_related,right,160,0,10,right,1,0.5318894990050467,None,10,0,160,8,743.305962917002,,,,,,,,,743.2999161670014,743.305962917002,743.5538464169949,743.5538464169949,743.7538493750035,743.7538493750035,743.9421960000036,743.9540175830043,744.0429175000027,744.0540558329958,744.0540558329958,744.5889824579936,right,1,0.5318894990050467,None,744.5893948750017,744.6012019579939,744.6012019579939,744.7857781250059,744.7940736669989,744.7940736669989,745.5850930419983,745.5707885000011,,,p,"001",2025-11-10_21h38.44.100,2nd exp,,2025.2.0,None,2025-11-10 21h38.44.185001 +0530,
The boy can read fast,The read can boy fast,repetition_unrelated,left,161,1,10,left,1,1.1275491659907857,None,10,1,161,1,745.5850930419983,,,,,,,,,745.5802637919987,745.5898093750002,745.8358544170042,745.8358544170042,746.0371290000039,746.0260564170021,746.2258965420042,746.2373662919999,746.3254687500012,746.3372688749951,746.3372688749951,747.4722633329948,left,1,1.1275491659907857,None,747.4726472079928,747.4842757080041,747.4842757080041,747.6700539169979,747.678975457995,747.678975457995,748.4684915830003,748.4532160420058,,,p,"001",2025-11-10_21h38.44.100,2nd exp,,2025.2.0,None,2025-11-10 21h38.44.185001 +0530,
She does not like apples,She not does like apples,transposition_related,right,162,2,10,left,0,1.0136282489984296,None,10,2,162,6,748.4684915830003,,,,,,,,,748.463749417002,748.473086375001,748.7208847919974,748.7208847919974,748.920713917003,748.9087106249935,749.1087395000068,749.1207893749961,749.2087758749985,749.2201768749946,749.2201768749946,750.2395594169939,left,0,1.0136282489984296,None,750.2400859170011,750.2521316670027,750.2521316670027,750.4371457499947,750.4452445829957,750.4452445829957,751.2346266670065,751.2201197499962,,,p,"001",2025-11-10_21h38.44.100,2nd exp,,2025.2.0,None,2025-11-10 21h38.44.185001 +0530,
The boy can read fast,The boy can read fast,transposition_related,right,163,3,10,right,1,1.1493108319991734,None,10,3,163,2,751.2346266670065,,,,,,,,,751.2295442500035,751.2392717500043,751.4873992920038,751.4873992920038,751.6873123330006,751.6753589580039,751.8758714580035,751.887530292006,751.975594375006,751.9874644999945,751.9874644999945,753.1394985420047,right,1,1.1493108319991734,None,753.1398988330038,753.1513444169977,753.1513444169977,753.3372420420055,753.3451652079966,753.3451652079966,754.143654792002,754.1276000000071,,,p,"001",2025-11-10_21h38.44.100,2nd exp,,2025.2.0,None,2025-11-10 21h38.44.185001 +0530,
The dog is barking loudly,The dog is barking loudly,repetition_related,right,164,4,10,right,1,1.6554656660009641,None,10,4,164,12,754.143654792002,,,,,,,,,754.1382566249958,754.143654792002,754.3872470829956,754.3953621669934,754.5873104170023,754.5758470000001,754.7748468750069,754.7873075420066,754.8746877499943,754.8872346249991,754.8872346249991,756.5447623749933,right,1,1.6554656660009641,None,756.5450420419947,756.5564530830015,756.5564530830015,756.7462373750022,756.7524988329969,756.7524988329969,757.551112125002,757.5359801250015,,,p,"001",2025-11-10_21h38.44.100,2nd exp,,2025.2.0,None,2025-11-10 21h38.44.185001 +0530,
The boy can read fast,The boy can read fast,repetition_related,right,165,5,10,right,1,1.0628067490033573,None,10,5,165,0,757.551112125002,,,,,,,,,757.5456652919966,757.551112125002,757.7959874170047,757.7959874170047,757.9862060830055,757.9862060830055,758.1754975420045,758.1934452499991,758.2873111670051,758.2938352500059,758.2938352500059,759.3613718749984,right,1,1.0628067490033573,None,759.3616566249984,759.3728322079987,759.3728322079987,759.5626896670001,759.5691946669976,759.5691946669976,760.3654542500008,760.3542731250054,,,p,"001",2025-11-10_21h38.44.100,2nd exp,,2025.2.0,None,2025-11-10 21h38.44.185001 +0530,
The boy can read fast,The read can boy fast,transposition_unrelated,left,166,6,10,left,1,0.6680174990033265,None,10,6,166,3,760.3654542500008,,,,,,,,,760.3600231669989,760.3654542500008,760.6106870829972,760.6106870829972,760.8027245830017,760.8027245830017,760.992905082996,761.0107878330018,761.1039482920023,761.1105424580019,761.1105424580019,761.7892697500065,left,1,0.6680174990033265,None,761.7898585420044,761.8016330829996,761.8016330829996,761.985838624998,761.9935610420071,761.9935610420071,762.7873202920018,762.7711867500038,,,p,"001",2025-11-10_21h38.44.100,2nd exp,,2025.2.0,None,2025-11-10 21h38.44.185001 +0530,
They have finished the work,They finished have the work,repetition_unrelated,left,167,7,10,left,1,1.124293332992238,None,10,7,167,9,762.7873202920018,,,,,,,,,762.782099582997,762.8037997920037,763.0370969999931,763.0442241249984,763.2373827919946,763.2236094580003,763.4247717499966,763.4373753749969,763.5264755829994,763.5372722500033,763.5372722500033,764.6720484169928,left,1,1.124293332992238,None,764.6723316669959,764.683721207999,764.683721207999,764.8699119999947,764.8783006250014,764.8783006250014,765.6689199579996,765.6543648329971,,,p,"001",2025-11-10_21h38.44.100,2nd exp,,2025.2.0,None,2025-11-10 21h38.44.185001 +0530,
She does not like apples,She like does apples not,transposition_unrelated,left,168,8,10,left,1,0.6396494579967111,None,10,8,168,7,765.6689199579996,,,,,,,,,765.6640794169944,765.6734799580008,765.920701666997,765.920701666997,766.1205276669934,766.1079892080015,766.3089642499981,766.3205135419994,766.4087772920029,766.4206724579999,766.4206724579999,767.0728840829979,left,1,0.6396494579967111,None,767.0732727499999,767.0848495420069,767.0848495420069,767.2699266249983,767.2768101249967,767.2768101249967,768.0655600830069,768.0544138749974,,,p,"001",2025-11-10_21h38.44.100,2nd exp,,2025.2.0,None,2025-11-10 21h38.44.185001 +0530,
She does not like apples,She does not like apples,repetition_related,right,169,9,10,right,1,1.4207550830033142,None,10,9,169,4,768.0655600830069,,,,,,,,,768.0607962500071,768.0869996249967,768.3204989579972,768.3280763749935,768.5205792500055,768.5090076670022,768.7091805829987,768.720770208005,768.8079502500041,768.8206207920011,768.8206207920011,770.2436896250001,right,1,1.4207550830033142,None,770.2439651669993,770.2560360000061,770.2560360000061,770.4357527919929,770.4529110419971,770.4529110419971,771.2308020000055,771.2194915419968,,,p,"001",2025-11-10_21h38.44.100,2nd exp,,2025.2.0,None,2025-11-10 21h38.44.185001 +0530,
She does not like apples,She not does like apples,repetition_unrelated,left,170,10,10,left,1,0.8127126659965143,None,10,10,170,5,771.2308020000055,,,,,,,,,771.2258642499946,771.235634333003,771.4958495419996,771.4760707079986,771.6860666249995,771.6911818329972,771.876152583005,771.8872343330004,771.9754630829993,771.9936280830007,771.9936280830007,772.8113998329936,left,1,0.8127126659965143,None,772.8117486669944,772.8229752500047,772.8229752500047,773.0128302499943,773.0191092080058,773.0191092080058,773.820252999998,773.8043802500033,,,p,"001",2025-11-10_21h38.44.100,2nd exp,,2025.2.0,None,2025-11-10 21h38.44.185001 +0530,
The dog is barking loudly,The barking dog loudly is,transposition_unrelated,left,171,11,10,left,1,0.6087053329974879,None,10,11,171,15,773.820252999998,,,,,,,,,773.8147948749975,773.820252999998,774.0613251250033,774.0613251250033,774.2523386249959,774.2523386249959,774.4421579579939,774.4585699169984,774.553947458,774.5602356669988,774.5602356669988,775.1716322080028,left,1,0.6087053329974879,None,775.1719118750043,775.183040917007,775.183040917007,775.3690515420021,775.376005750004,775.376005750004,776.1639709580049,776.1528747499979,,,p,"001",2025-11-10_21h38.44.100,2nd exp,,2025.2.0,None,2025-11-10 21h38.44.185001 +0530,
The dog is barking loudly,The dog barking is loudly,transposition_related,right,172,12,10,left,0,1.3214863750035875,None,10,12,172,14,776.1639709580049,,,,,,,,,776.1591362920008,776.1690185420011,776.4203105000051,776.4091250420024,776.6206202500034,776.6074269170058,776.8091279170039,776.8205630830053,776.9080429580063,776.920744957999,776.920744957999,778.2446402500063,left,0,1.3214863750035875,None,778.2449187919992,778.256163625003,778.256163625003,778.4453203330049,778.4523214579967,778.4523214579967,779.2509832079959,779.2361187500064,,,p,"001",2025-11-10_21h38.44.100,2nd exp,,2025.2.0,None,2025-11-10 21h38.44.185001 +0530,
They have finished the work,They finished have the work,transposition_related,right,173,13,10,left,0,0.9944138330029091,None,10,13,173,10,779.2509832079959,,,,,,,,,779.2456141669973,779.2509832079959,779.4946152500052,779.4946152500052,779.685698375004,779.685698375004,779.8756994169962,779.8935850419948,779.9872095000028,779.9937236249971,779.9937236249971,780.9947865830036,left,0,0.9944138330029091,None,780.9950642920012,781.0063359579945,781.0063359579945,781.1960946670006,781.2024653749977,781.2024653749977,781.9987034170044,781.9866831249965,,,p,"001",2025-11-10_21h38.44.100,2nd exp,,2025.2.0,None,2025-11-10 21h38.44.185001 +0530,
They have finished the work,They work the have finished,transposition_unrelated,left,174,14,10,left,1,1.1187789160030661,None,10,14,174,11,781.9987034170044,,,,,,,,,781.993265541998,781.9987034170044,782.2458128330036,782.2458128330036,782.442506499996,782.442506499996,782.6372290830041,782.6437922500045,782.7372167499998,782.7433370829967,782.7433370829967,783.8721768749965,left,1,1.1187789160030661,None,783.872489500005,783.8836803750019,783.8836803750019,784.0694027499994,784.0776172500046,784.0776172500046,784.8703764170059,784.8544241250056,,,p,"001",2025-11-10_21h38.44.100,2nd exp,,2025.2.0,None,2025-11-10 21h38.44.185001 +0530,
The dog is barking loudly,The loudly is barking dog,repetition_unrelated,left,175,15,10,left,1,0.9332208739942871,None,10,15,175,13,784.8703764170059,,,,,,,,,784.8652468329965,784.8750628749985,785.1202385420038,785.1202385420038,785.3205058750027,785.3205058750027,785.5094423330011,785.5206148330035,785.6090967079945,785.6206702920026,785.6206702920026,786.5555384170002,left,1,0.9332208739942871,None,786.5559440829966,786.5677235000039,786.5677235000039,786.753620375006,786.7616937499988,786.7616937499988,787.5531696249964,787.5374864579935,,,p,"001",2025-11-10_21h38.44.100,2nd exp,,2025.2.0,None,2025-11-10 21h38.44.185001 +0530,
They have finished the work,They work the have finished,transposition_unrelated,left,176,0,11,left,1,0.8179793329909444,None,11,0,176,11,787.5531696249964,,,,,,,,,787.5484433749953,787.5575549170026,787.803542374997,787.803542374997,788.0038367079978,788.0038367079978,788.1914072079962,788.2035856250004,788.2911680419929,788.3039467500057,788.3039467500057,789.1272452919948,left,1,0.8179793329909444,None,789.1275239579991,789.1393554170063,789.1393554170063,789.3294552919979,789.3356303750043,789.3356303750043,790.1364246250014,790.1200513329968,,,p,"001",2025-11-10_21h38.44.100,2nd exp,,2025.2.0,None,2025-11-10 21h38.44.185001 +0530,
The boy can read fast,The boy can read fast,transposition_related,right,177,1,11,right,1,0.9932114989933325,None,11,1,177,2,790.1364246250014,,,,,,,,,790.1311908329953,790.1364246250014,790.3789484580047,790.3789484580047,790.5693012499978,790.5739455419971,790.7593675829994,790.7768391249992,790.870558583003,790.870558583003,790.870558583003,791.8726735420059,right,1,0.9932114989933325,None,791.8732318330003,791.8848889999936,791.8848889999936,792.0704844580032,792.0781504170009,792.0781504170009,792.8702395,792.8539175829937,,,p,"001",2025-11-10_21h38.44.100,2nd exp,,2025.2.0,None,2025-11-10 21h38.44.185001 +0530,
The dog is barking loudly,The dog is barking loudly,repetition_related,right,178,2,11,right,1,2.4377778740017675,None,11,2,178,12,792.8702395,,,,,,,,,792.8653184580035,792.874808624998,793.1204668330029,793.1204668330029,793.3204259579943,793.3067909170059,793.5092008329957,793.5204542919964,793.6085049170069,793.6203854170017,793.6203854170017,796.0614582499984,right,1,2.4377778740017675,None,796.0617374580033,796.0730706250033,796.0730706250033,796.2632882920007,796.2691540420055,796.2691540420055,797.0652416249941,797.0533115419967,,,p,"001",2025-11-10_21h38.44.100,2nd exp,,2025.2.0,None,2025-11-10 21h38.44.185001 +0530,
The dog is barking loudly,The dog barking is loudly,transposition_related,right,179,3,11,left,0,1.0360581659915624,None,11,3,179,14,797.0652416249941,,,,,,,,,797.0599063749978,797.0652416249941,797.3122369170014,797.3122369170014,797.5093863749935,797.5093863749935,797.7038753749948,797.71022275,797.8037429579999,797.8037429579999,797.8037429579999,798.8445247500058,left,0,1.0360581659915624,None,798.8447992500005,798.8565429580049,798.8565429580049,799.0458394169982,799.0522988750017,799.0522988750017,799.8427079170069,799.8287434579979,,,p,"001",2025-11-10_21h38.44.100,2nd exp,,2025.2.0,None,2025-11-10 21h38.44.185001 +0530,
The boy can read fast,The boy can read fast,repetition_related,right,180,4,11,right,1,1.0490333750058198,None,11,4,180,0,799.8427079170069,,,,,,,,,799.8374673329963,799.8427079170069,800.0955328749988,800.0871801250032,800.2856968330016,800.2856968330016,800.4753532080067,800.4934633329976,800.5872042499977,800.5937203329959,800.5937203329959,801.6447114579933,right,1,1.0490333750058198,None,801.645051917003,801.6558543749998,801.6558543749998,801.8463417080056,801.8525151250069,801.8525151250069,802.6518362500065,802.6366704999964,,,p,"001",2025-11-10_21h38.44.100,2nd exp,,2025.2.0,None,2025-11-10 21h38.44.185001 +0530,
She does not like apples,She not does like apples,repetition_unrelated,left,181,5,11,left,1,0.8800985819980269,None,11,5,181,5,802.6518362500065,,,,,,,,,802.6464599580067,802.6518362500065,802.8937714579952,802.8937714579952,803.0872524169972,803.0872524169972,803.2758953330049,803.2935651669977,803.3875092499948,803.3944837919989,803.3944837919989,804.2768357080058,left,1,0.8800985819980269,None,804.2771070830058,804.2891721250053,804.2891721250053,804.4697961250058,804.4857986669958,804.4857986669958,805.263105082995,805.2526876250049,,,p,"001",2025-11-10_21h38.44.100,2nd exp,,2025.2.0,None,2025-11-10 21h38.44.185001 +0530,
She does not like apples,She like does apples not,transposition_unrelated,left,182,6,11,left,1,0.6105171659874031,None,11,6,182,7,805.263105082995,,,,,,,,,805.2579703749943,805.2688932919991,805.5281963750022,805.5080168330023,805.7260292080027,805.7260292080027,805.9206315420015,805.9206315420015,806.0090420000051,806.027067957999,806.027067957999,806.6446528749948,left,1,0.6105171659874031,None,806.6449605829985,806.6561889580043,806.6561889580043,806.8356058750069,806.8537721250032,806.8537721250032,807.635449458001,807.6197225420037,,,p,"001",2025-11-10_21h38.44.100,2nd exp,,2025.2.0,None,2025-11-10 21h38.44.185001 +0530,
The boy can read fast,The read can boy fast,repetition_unrelated,left,183,7,11,left,1,0.9375359990081051,None,11,7,183,1,807.635449458001,,,,,,,,,807.6306262080034,807.6400321249967,807.8952928329963,807.887178792007,808.085692624998,808.085692624998,808.2753280829929,808.293619707998,808.3940690419986,808.3940690419986,808.3940690419986,809.3395042500051,left,1,0.9375359990081051,None,809.3401468329976,809.3520137500018,809.3520137500018,809.535654124993,809.542073042001,809.542073042001,810.3351438329992,810.3199547499971,,,p,"001",2025-11-10_21h38.44.100,2nd exp,,2025.2.0,None,2025-11-10 21h38.44.185001 +0530,
The dog is barking loudly,The barking dog loudly is,transposition_unrelated,left,184,8,11,left,1,0.6322815409948817,None,11,8,184,15,810.3351438329992,,,,,,,,,810.3303550830024,810.3397288749984,810.5871441250056,810.5871441250056,810.7871090830013,810.7739871249942,810.9746653750044,810.9871785830037,811.0746348329994,811.0870531249966,811.0870531249966,811.7226635419938,left,1,0.6322815409948817,None,811.7232465419947,811.7353621670045,811.7353621670045,811.919210292006,811.9270157919964,811.9270157919964,812.7205830419989,812.7031647080003,,,p,"001",2025-11-10_21h38.44.100,2nd exp,,2025.2.0,None,2025-11-10 21h38.44.185001 +0530,
She does not like apples,She does not like apples,repetition_related,right,185,9,11,right,1,1.0469623749959283,None,11,9,185,4,812.7205830419989,,,,,,,,,812.7157025000051,812.7370194579998,812.9703252920008,812.9778510420001,813.1705656249978,813.158495583004,813.3578852079954,813.3705666250025,813.4589764580014,813.4704575000069,813.4704575000069,814.5219826669927,right,1,1.0469623749959283,None,814.5223861669947,814.5342251669936,814.5342251669936,814.7204893750022,814.7275033329934,814.7275033329934,815.5142844999937,815.5036209579994,,,p,"001",2025-11-10_21h38.44.100,2nd exp,,2025.2.0,None,2025-11-10 21h38.44.185001 +0530,
She does not like apples,She not does like apples,transposition_related,right,186,10,11,left,0,1.1237101250007981,None,11,10,186,6,815.5142844999937,,,,,,,,,815.5094863749982,815.5194716669939,815.7705987920053,815.758684417,815.9704003749939,815.9704003749939,816.157452792002,816.1703969170048,816.2591083330044,816.2705555830034,816.2705555830034,817.4060577920027,left,0,1.1237101250007981,None,817.406562624994,817.4195262499998,817.4195262499998,817.6029043750023,817.6105856250069,817.6105856250069,818.4025471250061,818.3870929169934,,,p,"001",2025-11-10_21h38.44.100,2nd exp,,2025.2.0,None,2025-11-10 21h38.44.185001 +0530,
They have finished the work,They have finished the work,repetition_related,right,187,11,11,right,1,0.8063288330013165,None,11,11,187,8,818.4025471250061,,,,,,,,,818.3978068750002,818.4072482079937,818.6537676669977,818.6537676669977,818.853660541994,818.853660541994,819.0419580830057,819.0537133329926,819.1423610000056,819.1539148750016,819.1539148750016,819.972156792006,right,1,0.8063288330013165,None,819.9725613329938,819.9842198749975,819.9842198749975,820.1703889579949,820.1779824999976,820.1779824999976,820.9722725000029,820.9607143750036,,,p,"001",2025-11-10_21h38.44.100,2nd exp,,2025.2.0,None,2025-11-10 21h38.44.185001 +0530,
They have finished the work,They finished have the work,repetition_unrelated,left,188,12,11,left,1,0.9258034579979721,None,11,12,188,9,820.9722725000029,,,,,,,,,820.9665958330006,820.9722725000029,821.220570999998,821.220570999998,821.4205693330005,821.4074677919998,821.6085822080058,821.6204275420023,821.709413250006,821.720411250004,821.720411250004,822.6562785419956,left,1,0.9258034579979721,None,822.6568917499972,822.6687161250011,822.6687161250011,822.8530873749987,822.8595405829983,822.8595405829983,823.651173708,823.6364021250047,,,p,"001",2025-11-10_21h38.44.100,2nd exp,,2025.2.0,None,2025-11-10 21h38.44.185001 +0530,
The boy can read fast,The read can boy fast,transposition_unrelated,left,189,13,11,left,1,0.46539762399333995,None,11,13,189,3,823.651173708,,,,,,,,,823.6464483750024,823.6554876669979,823.9037000420067,823.9037000420067,824.1037152079953,824.0907244169939,824.2918974579952,824.303730582993,824.3917923330009,824.4037739579944,824.4037739579944,824.8725920419965,left,1,0.46539762399333995,None,824.8731660000049,824.8851023330062,824.8851023330062,825.0689581670013,825.076828624995,825.076828624995,825.8689973750006,825.8527285000018,,,p,"001",2025-11-10_21h38.44.100,2nd exp,,2025.2.0,None,2025-11-10 21h38.44.185001 +0530,
They have finished the work,They finished have the work,transposition_related,right,190,14,11,left,0,1.1846475409984123,None,11,14,190,10,825.8689973750006,,,,,,,,,825.864089833005,825.872742874999,826.120251417,826.120251417,826.3203482920071,826.3203482920071,826.5077892499976,826.5208387919993,826.6084550829983,826.6204339999967,826.6204339999967,827.8111570829933,left,0,1.1846475409984123,None,827.8114356250007,827.8226769169996,827.8226769169996,828.0129667919973,828.019148374995,828.019148374995,828.8185438749933,828.8030852079974,,,p,"001",2025-11-10_21h38.44.100,2nd exp,,2025.2.0,None,2025-11-10 21h38.44.185001 +0530,
The dog is barking loudly,The loudly is barking dog,repetition_unrelated,left,191,15,11,left,1,0.9863383740012068,None,11,15,191,13,828.8185438749933,,,,,,,,,828.8133422499959,828.8185438749933,829.0617933330068,829.0617933330068,829.2602472500002,829.2602472500002,829.4540019580018,829.4604419170064,829.5596842079976,829.5596842079976,829.5596842079976,830.5555994580063,left,1,0.9863383740012068,None,830.5558952919964,830.5669899170025,830.5669899170025,830.752695749994,830.7610818329995,830.7610818329995,831.5530719170056,831.537401249996,,,p,"001",2025-11-10_21h38.44.100,2nd exp,,2025.2.0,None,2025-11-10 21h38.44.185001 +0530,
They have finished the work,They finished have the work,repetition_unrelated,left,192,0,12,left,1,0.6500038319936721,None,12,0,192,9,831.5530719170056,,,,,,,,,831.5483780000068,831.5576084579952,831.8034553330072,831.8034553330072,832.0036402919941,831.9922416250047,832.1919657499966,832.2040154580027,832.2911565419927,832.3038640830055,832.3038640830055,832.9607805830019,left,1,0.6500038319936721,None,832.961063833005,832.9726389999996,832.9726389999996,833.1625892500015,833.1688121250045,833.1688121250045,833.9702040419943,833.9540724169929,,,p,"001",2025-11-10_21h38.44.100,2nd exp,,2025.2.0,None,2025-11-10 21h38.44.185001 +0530,
The dog is barking loudly,The loudly is barking dog,repetition_unrelated,left,193,1,12,left,1,1.3766316249966621,None,12,1,193,13,833.9702040419943,,,,,,,,,833.9648905000067,833.9702040419943,834.212003749999,834.212003749999,834.409632416995,834.409632416995,834.6038026669994,834.6038026669994,834.6918995830056,834.7102171250008,834.7102171250008,836.0889762919978,left,1,1.3766316249966621,None,836.0895303330035,836.1010103750014,836.1010103750014,836.2870015829976,836.2947081250022,836.2947081250022,837.0895565829996,837.0752365420049,,,p,"001",2025-11-10_21h38.44.100,2nd exp,,2025.2.0,None,2025-11-10 21h38.44.185001 +0530,
She does not like apples,She does not like apples,repetition_related,right,194,2,12,right,1,0.769700582997757,None,12,2,194,4,837.0895565829996,,,,,,,,,837.0849106670066,837.0895565829996,837.3371688329935,837.3371688329935,837.5369590829941,837.5369590829941,837.7259214579972,837.7370402079978,837.8256414170028,837.8371479579946,837.8371479579946,838.6114885419956,right,1,0.769700582997757,None,838.6117662500037,838.6226908329991,838.6226908329991,838.8120045830001,838.819030957995,838.819030957995,839.6162671670027,839.6043107500009,,,p,"001",2025-11-10_21h38.44.100,2nd exp,,2025.2.0,None,2025-11-10 21h38.44.185001 +0530,
She does not like apples,She not does like apples,transposition_related,right,195,3,12,left,0,0.9840654580038972,None,12,3,195,6,839.6162671670027,,,,,,,,,839.610874667007,839.6162671670027,839.8622365000047,839.8622365000047,840.0597935419937,840.0597935419937,840.2539559580036,840.2604268330033,840.3596835829958,840.3596835829958,840.3596835829958,841.3555312499957,left,0,0.9840654580038972,None,841.3559862080001,841.3676684579987,841.3676684579987,841.5535944169969,841.5620705829933,841.5620705829933,842.3531336250016,842.3376732080069,,,p,"001",2025-11-10_21h38.44.100,2nd exp,,2025.2.0,None,2025-11-10 21h38.44.185001 +0530,
They have finished the work,They have finished the work,repetition_related,right,196,4,12,right,1,1.2530510409997078,None,12,4,196,8,842.3531336250016,,,,,,,,,842.3482667079952,842.3576879169996,842.6037312499975,842.6037312499975,842.803767874997,842.7927126249997,842.9919063330017,843.0034865829948,843.0922528749943,843.1036178749928,843.1036178749928,844.3600772920036,right,1,1.2530510409997078,None,844.3603461250023,844.3720954169985,844.3720954169985,844.553621583007,844.5687719580019,844.5687719580019,845.3525921669934,845.3370837080001,,,p,"001",2025-11-10_21h38.44.100,2nd exp,,2025.2.0,None,2025-11-10 21h38.44.185001 +0530,
The dog is barking loudly,The dog is barking loudly,repetition_related,right,197,5,12,right,1,1.8435468329989817,None,12,5,197,12,845.3525921669934,,,,,,,,,845.3477740829985,845.3569940000016,845.6023729169974,845.6023729169974,845.8094691669976,845.789680832997,846.0036857920059,846.0036857920059,846.0911047499976,846.1100808329938,846.1100808329938,847.9610258750035,right,1,1.8435468329989817,None,847.961338167006,847.972172291993,847.972172291993,848.1614125000051,848.1688603749935,848.1688603749935,848.9695100420067,848.9542437920027,,,p,"001",2025-11-10_21h38.44.100,2nd exp,,2025.2.0,None,2025-11-10 21h38.44.185001 +0530,
The boy can read fast,The boy can read fast,repetition_related,right,198,6,12,right,1,0.9229353739938233,None,12,6,198,0,848.9695100420067,,,,,,,,,848.9641776250064,848.9695100420067,849.2111791250063,849.2111791250063,849.4021642919979,849.4021642919979,849.5917222080025,849.6100080829929,849.7037568329979,849.7106412499998,849.7106412499998,850.6393594580004,right,1,0.9229353739938233,None,850.6397115,850.6512277500005,850.6512277500005,850.8369403329998,850.8451424999948,850.8451424999948,851.637566999998,851.6198840830039,,,p,"001",2025-11-10_21h38.44.100,2nd exp,,2025.2.0,None,2025-11-10 21h38.44.185001 +0530,
They have finished the work,They work the have finished,transposition_unrelated,left,199,7,12,left,1,1.1454263320047176,None,12,7,199,11,851.637566999998,,,,,,,,,851.632815332996,851.6535965829971,851.8870780830039,851.8945417079958,852.087095750001,852.087095750001,852.2756342920038,852.2869467919954,852.3752950000053,852.3870791249938,852.3870791249938,853.5392460000003,left,1,1.1454263320047176,None,853.5396370420058,853.5509065420047,853.5509065420047,853.7355541249999,853.7420293330069,853.7420293330069,854.5345981669961,854.5193895419943,,,p,"001",2025-11-10_21h38.44.100,2nd exp,,2025.2.0,None,2025-11-10 21h38.44.185001 +0530,
The boy can read fast,The read can boy fast,transposition_unrelated,left,200,8,12,right,0,1.1303152070031501,None,12,8,200,3,854.5345981669961,,,,,,,,,854.5299502499984,854.5391721250053,854.7870399579988,854.7870399579988,854.986854332994,854.986854332994,855.174717707996,855.1872096250008,855.2748804580042,855.2870982919994,855.2870982919994,856.4219584999955,right,0,1.1303152070031501,None,856.4223320000019,856.4338063750038,856.4338063750038,856.6188964169996,856.6253470829979,856.6253470829979,857.4187123750016,857.4028418329981,,,p,"001",2025-11-10_21h38.44.100,2nd exp,,2025.2.0,None,2025-11-10 21h38.44.185001 +0530,
They have finished the work,They finished have the work,transposition_related,right,201,9,12,left,0,1.2520240000012564,None,12,9,201,10,857.4187123750016,,,,,,,,,857.4137448330002,857.423416125006,857.6704304580053,857.6704304580053,857.8704478750005,857.8577157499967,858.0584343329974,858.0704819999955,858.1578638329956,858.170311541995,858.170311541995,859.4273458749958,left,0,1.2520240000012564,None,859.4276327919943,859.4394907920068,859.4394907920068,859.6286600830063,859.6354538330052,859.6354538330052,860.4365174169943,860.420757083004,,,p,"001",2025-11-10_21h38.44.100,2nd exp,,2025.2.0,None,2025-11-10 21h38.44.185001 +0530,
The boy can read fast,The boy can read fast,transposition_related,right,202,10,12,right,1,1.2249980000051437,None,12,10,202,2,860.4365174169943,,,,,,,,,860.431198374994,860.4365174169943,860.6778430830018,860.6778430830018,860.8688861249975,860.8734343329998,861.0592424170027,861.0769823330047,861.1702356250025,861.1702356250025,861.1702356250025,862.4050370000041,right,1,1.2249980000051437,None,862.405346917003,862.416457542,862.416457542,862.6034220830043,862.6110948749993,862.6110948749993,863.4051097920019,863.3879448329972,,,p,"001",2025-11-10_21h38.44.100,2nd exp,,2025.2.0,None,2025-11-10 21h38.44.185001 +0530,
She does not like apples,She like does apples not,transposition_unrelated,left,203,11,12,left,1,0.8481584990076954,None,12,11,203,7,863.4051097920019,,,,,,,,,863.3990881670034,863.4051097920019,863.6537482499989,863.6537482499989,863.8535559169977,863.8535559169977,864.0413854999933,864.0538301670022,864.1418394999928,864.1540869169985,864.1540869169985,865.0060515420046,left,1,0.8481584990076954,None,865.006451082998,865.0184534169966,865.0184534169966,865.202309291999,865.2092456249957,865.2092456249957,866.0032106250001,865.9873092500056,,,p,"001",2025-11-10_21h38.44.100,2nd exp,,2025.2.0,None,2025-11-10 21h38.44.185001 +0530,
The boy can read fast,The read can boy fast,repetition_unrelated,left,204,12,12,left,1,1.092945582990069,None,12,12,204,1,866.0032106250001,,,,,,,,,865.9983137920062,866.0078409580019,866.2537758749968,866.2537758749968,866.4538222499978,866.4410573750065,866.641801042002,866.6537757079932,866.7420445830066,866.7538139579992,866.7538139579992,867.8554738749954,left,1,1.092945582990069,None,867.8557722919941,867.8674015419965,867.8674015419965,868.0536025000038,868.0620149580063,868.0620149580063,868.8567907079996,868.8419907920033,,,p,"001",2025-11-10_21h38.44.100,2nd exp,,2025.2.0,None,2025-11-10 21h38.44.185001 +0530,
The dog is barking loudly,The barking dog loudly is,transposition_unrelated,left,205,13,12,left,1,0.7654437079909258,None,12,13,205,15,868.8567907079996,,,,,,,,,868.8519932079944,868.8567907079996,869.1036968749977,869.1036968749977,869.3035132920049,869.3035132920049,869.4922798750049,869.503759750005,869.5913833329978,869.6036713749927,869.6036713749927,870.3727517499938,left,1,0.7654437079909258,None,870.3733390419948,870.3851314579952,870.3851314579952,870.5702620420052,870.5780255419959,870.5780255419959,871.3647550419992,871.353947333002,,,p,"001",2025-11-10_21h38.44.100,2nd exp,,2025.2.0,None,2025-11-10 21h38.44.185001 +0530,
The dog is barking loudly,The dog barking is loudly,transposition_related,right,206,14,12,left,0,0.7465614579996327,None,12,14,206,14,871.3647550419992,,,,,,,,,871.3599337920023,871.3689770829951,871.620287083002,871.607623207994,871.8203344579961,871.8084475829965,872.0074563329981,872.0203049999982,872.1076697499957,872.1204540420003,872.1204540420003,872.8725301249942,left,0,0.7465614579996327,None,872.8730637919944,872.8847817920032,872.8847817920032,873.0692578330054,873.077561625003,873.077561625003,873.8693230829958,873.8542104170047,,,p,"001",2025-11-10_21h38.44.100,2nd exp,,2025.2.0,None,2025-11-10 21h38.44.185001 +0530,
She does not like apples,She not does like apples,repetition_unrelated,left,207,15,12,left,1,1.9434606240101857,None,12,15,207,5,873.8693230829958,,,,,,,,,873.8646219170041,873.8738520420011,874.1199835419975,874.1199835419975,874.3205286669981,874.3077980420057,874.5088567500061,874.5202463750029,874.6085256249935,874.6203817920032,874.6203817920032,876.5722155830008,left,1,1.9434606240101857,None,876.5725522919965,876.5840610419982,876.5840610419982,876.768742041997,876.7749997079954,876.7749997079954,877.5568297080026,877.5523467500025,,,p,"001",2025-11-10_21h38.44.100,2nd exp,,2025.2.0,None,2025-11-10 21h38.44.185001 +0530,
She does not like apples,She not does like apples,transposition_related,right,208,0,13,left,0,0.7125019160012016,None,13,0,208,6,877.5568297080026,,,,,,,,,877.5527439580037,877.570293583005,877.820369292007,877.8089199999959,878.0203028749966,878.0077701249975,878.2089505829936,878.2205915420054,878.3077746670024,878.3204929579952,878.3204929579952,879.0391216249991,left,0,0.7125019160012016,None,879.0396396249998,879.0514502080041,879.0514502080041,879.235347541995,879.2420931249944,879.2420931249944,880.0367700829956,880.0208163329953,,,p,"001",2025-11-10_21h38.44.100,2nd exp,,2025.2.0,None,2025-11-10 21h38.44.185001 +0530,
They have finished the work,They finished have the work,transposition_related,right,209,1,13,right,1,0.8076129160035634,None,13,1,209,10,880.0367700829956,,,,,,,,,880.0317978749954,880.0413003330032,880.2869114170026,880.2869114170026,880.4871638750046,880.4743568330014,880.674371208006,880.6870452500007,880.775558207999,880.7871082920028,880.7871082920028,881.6057926250069,right,1,0.8076129160035634,None,881.6061627919989,881.6176346249995,881.6176346249995,881.8030870420043,881.8109386249998,881.8109386249998,882.6023557080043,882.5865110419982,,,p,"001",2025-11-10_21h38.44.100,2nd exp,,2025.2.0,None,2025-11-10 21h38.44.185001 +0530,
The boy can read fast,The read can boy fast,transposition_unrelated,left,210,2,13,left,1,1.2771032489981735,None,13,2,210,3,882.6023557080043,,,,,,,,,882.5973903330014,882.6070888749964,882.8537813750008,882.8537813750008,883.0535814580071,883.0535814580071,883.2411231250007,883.2538091669994,883.3419324580027,883.3537407919939,883.3537407919939,884.6385214579932,left,1,1.2771032489981735,None,884.6389105419948,884.6504899169959,884.6504899169959,884.8354235419974,884.8433494170022,884.8433494170022,885.6369064169994,885.6202579999954,,,p,"001",2025-11-10_21h38.44.100,2nd exp,,2025.2.0,None,2025-11-10 21h38.44.185001 +0530,
They have finished the work,They have finished the work,repetition_related,right,211,3,13,right,1,1.130747707997216,None,13,3,211,8,885.6369064169994,,,,,,,,,885.631909417003,885.6407348329958,885.8868774169969,885.8868774169969,886.0868312920065,886.0735734170012,886.2756559580012,886.2869569580071,886.3751237079996,886.3869916249969,886.3869916249969,887.5228637919936,right,1,1.130747707997216,None,887.5234586250008,887.5352551249962,887.5352551249962,887.7197427079955,887.7276030420035,887.7276030420035,888.5143919169932,888.5032116249931,,,p,"001",2025-11-10_21h38.44.100,2nd exp,,2025.2.0,None,2025-11-10 21h38.44.185001 +0530,
They have finished the work,They finished have the work,repetition_unrelated,left,212,4,13,left,1,1.2604458749992773,None,13,4,212,9,888.5143919169932,,,,,,,,,888.509555083001,888.5184520829935,888.7701960830018,888.7576512920059,888.9704182080022,888.9589831670019,889.1586930000049,889.1704254170036,889.2576799170056,889.2701431669993,889.2701431669993,890.5387074169994,left,1,1.2604458749992773,None,890.5391445830028,890.5535260420002,890.5535260420002,890.7368868329941,890.7448037499998,890.7448037499998,891.5426218749926,891.5277846670069,,,p,"001",2025-11-10_21h38.44.100,2nd exp,,2025.2.0,None,2025-11-10 21h38.44.185001 +0530,
The boy can read fast,The boy can read fast,repetition_related,right,213,5,13,right,1,1.122489040993969,None,13,5,213,0,891.5426218749926,,,,,,,,,891.5372259580035,891.5426218749926,891.7871247919975,891.7871247919975,891.9869250420015,891.9754743329977,892.1754490830062,892.1870123749977,892.2743603330018,892.2870054170053,892.2870054170053,893.4116909580043,right,1,1.122489040993969,None,893.4120425830042,893.4229089169967,893.4229089169967,893.612400041995,893.6186779999989,893.6186779999989,894.4188037499989,894.4028948329942,,,p,"001",2025-11-10_21h38.44.100,2nd exp,,2025.2.0,None,2025-11-10 21h38.44.185001 +0530,
The dog is barking loudly,The loudly is barking dog,repetition_unrelated,left,214,6,13,left,1,0.8633913740050048,None,13,6,214,13,894.4188037499989,,,,,,,,,894.4134020829952,894.4188037499989,894.6614981250023,894.6614981250023,894.8592458750063,894.8592458750063,895.053729124993,895.0601091249991,895.1535996250022,895.160124957998,895.160124957998,896.0278615419957,left,1,0.8633913740050048,None,896.0282111669949,896.0395604170044,896.0395604170044,896.2282498749992,896.2355875420035,896.2355875420035,897.0354356669995,897.020597499999,,,p,"001",2025-11-10_21h38.44.100,2nd exp,,2025.2.0,None,2025-11-10 21h38.44.185001 +0530,
The boy can read fast,The read can boy fast,repetition_unrelated,left,215,7,13,left,1,0.862813999003265,None,13,7,215,1,897.0354356669995,,,,,,,,,897.0300707499991,897.0354356669995,897.2790540419956,897.2790540419956,897.4687434170046,897.4742281670042,897.6582800420001,897.6769686670013,897.7705874579988,897.777585792006,897.777585792006,898.6445486250013,left,1,0.862813999003265,None,898.6448272919952,898.6563443329942,898.6563443329942,898.8458979580028,898.8521776249981,898.8521776249981,899.6534190829989,899.6366594580031,,,p,"001",2025-11-10_21h38.44.100,2nd exp,,2025.2.0,None,2025-11-10 21h38.44.185001 +0530,
They have finished the work,They work the have finished,transposition_unrelated,left,216,8,13,left,1,1.0666271660011262,None,13,8,216,11,899.6534190829989,,,,,,,,,899.6480222919927,899.6534190829989,899.8950763750036,899.8950763750036,900.0855184999964,900.0855184999964,900.2749741250009,900.2931869580061,900.3869413329958,900.3936243750068,900.3936243750068,901.4716223750002,left,1,1.0666271660011262,None,901.4719415,901.4832037500018,901.4832037500018,901.6690706249938,901.6761605829961,901.6761605829961,902.4701516670029,902.4540977500001,,,p,"001",2025-11-10_21h38.44.100,2nd exp,,2025.2.0,None,2025-11-10 21h38.44.185001 +0530,
She does not like apples,She does not like apples,repetition_related,right,217,9,13,right,1,0.8349824990000343,None,13,9,217,4,902.4701516670029,,,,,,,,,902.4654070419929,902.4745185829961,902.7203660420055,902.7203660420055,902.9203635419981,902.9088470830029,903.108713499998,903.1202989169979,903.2083771670004,903.2202016249939,903.2202016249939,904.0613802500011,right,1,0.8349824990000343,None,904.0616492499976,904.0727750829974,904.0727750829974,904.2619144170021,904.269583041998,904.269583041998,905.0648663330066,905.0542937499995,,,p,"001",2025-11-10_21h38.44.100,2nd exp,,2025.2.0,None,2025-11-10 21h38.44.185001 +0530,
She does not like apples,She like does apples not,transposition_unrelated,left,218,10,13,left,1,0.6976767080050195,None,13,10,218,7,905.0648663330066,,,,,,,,,905.0594413749932,905.0648663330066,905.3119052499969,905.3119052499969,905.5035657080007,905.5035657080007,905.6910162499989,905.7103854580055,905.8037014169968,905.8105985000002,905.8105985000002,906.510540000003,left,1,0.6976767080050195,None,906.5108130000008,906.5225141669944,906.5225141669944,906.7031019999995,906.7185912080022,906.7185912080022,907.4999207079964,907.4859586670063,,,p,"001",2025-11-10_21h38.44.100,2nd exp,,2025.2.0,None,2025-11-10 21h38.44.185001 +0530,
The dog is barking loudly,The barking dog loudly is,transposition_unrelated,left,219,11,13,left,1,0.8255598329997156,None,13,11,219,15,907.4999207079964,,,,,,,,,907.4950743329973,907.504575333005,907.7610421249992,907.7537352079962,907.9535774999968,907.9535774999968,908.1411064169952,908.159125582999,908.2535295419948,908.2535295419948,908.2535295419948,909.0882742079993,left,1,0.8255598329997156,None,909.088551791996,909.0997156670055,909.0997156670055,909.2860110000038,909.295790499993,909.295790499993,910.0843790829967,910.0706610000052,,,p,"001",2025-11-10_21h38.44.100,2nd exp,,2025.2.0,None,2025-11-10 21h38.44.185001 +0530,
The boy can read fast,The boy can read fast,transposition_related,right,220,12,13,right,1,0.4668474990030518,None,13,12,220,2,910.0843790829967,,,,,,,,,910.0796945420007,910.0889852499968,910.3370256250055,910.3370256250055,910.5358509579964,910.5358509579964,910.7253725829942,910.7368296250061,910.8244065829931,910.8371659169934,910.8371659169934,911.3104279580002,right,1,0.4668474990030518,None,911.3107124170056,911.3223146670061,911.3223146670061,911.503258333003,911.5186129999929,911.5186129999929,912.3007219169958,912.2864552499959,,,p,"001",2025-11-10_21h38.44.100,2nd exp,,2025.2.0,None,2025-11-10 21h38.44.185001 +0530,
The dog is barking loudly,The dog is barking loudly,repetition_related,right,221,13,13,left,0,0.4809827910066815,None,13,13,221,12,912.3007219169958,,,,,,,,,912.2957085420057,912.3050024580007,912.552646666998,912.552646666998,912.7601187079999,912.7405943329941,912.9536923749984,912.9536923749984,913.0417850420054,913.0600859999977,913.0600859999977,913.5440184579929,left,0,0.4809827910066815,None,913.5442959999928,913.5561132080038,913.5561132080038,913.7451682919927,913.752081957995,913.752081957995,914.5445796669956,914.5288161670032,,,p,"001",2025-11-10_21h38.44.100,2nd exp,,2025.2.0,None,2025-11-10 21h38.44.185001 +0530,
She does not like apples,She not does like apples,repetition_unrelated,left,222,14,13,left,1,1.745677415994578,None,13,14,222,5,914.5445796669956,,,,,,,,,914.5392644999956,914.5445796669956,914.7956430829945,914.7956430829945,914.9936195420014,914.9936195420014,915.1871035420045,915.193513582999,915.293235374993,915.293235374993,915.293235374993,917.0444437080005,left,1,1.745677415994578,None,917.0447170419939,917.056149875003,917.056149875003,917.2454033749964,917.2521806250006,917.2521806250006,918.0533578750037,918.0371846670023,,,p,"001",2025-11-10_21h38.44.100,2nd exp,,2025.2.0,None,2025-11-10 21h38.44.185001 +0530,
The dog is barking loudly,The dog barking is loudly,transposition_related,right,223,15,13,left,0,1.2405882489983924,None,13,15,223,14,918.0533578750037,,,,,,,,,918.0480059169931,918.0533578750037,918.2949041669926,918.2949041669926,918.4927950830024,918.4927950830024,918.6869986249949,918.693325375003,918.7870647920063,918.7940464580024,918.7940464580024,920.0381778750016,left,0,1.2405882489983924,None,920.0384715830005,920.0496294579934,920.0496294579934,920.236803791995,920.2440742080071,920.2440742080071,921.035730292002,921.019962833001,,,p,"001",2025-11-10_21h38.44.100,2nd exp,,2025.2.0,None,2025-11-10 21h38.44.185001 +0530,
They have finished the work,They finished have the work,repetition_unrelated,left,224,0,14,left,1,1.4408266660029767,None,14,0,224,9,921.035730292002,,,,,,,,,921.0310833330004,921.0395385000011,921.286816916996,921.286816916996,921.4867465419957,921.4755234170007,921.6755351250031,921.6870146250003,921.7751534169947,921.7869765420037,921.7869765420037,923.238600208002,left,1,1.4408266660029767,None,923.2389100830042,923.2502855000057,923.2502855000057,923.4359498330014,923.4437316669937,923.4437316669937,924.2342003749945,924.2192510830064,,,p,"001",2025-11-10_21h38.44.100,2nd exp,,2025.2.0,None,2025-11-10 21h38.44.185001 +0530,
She does not like apples,She not does like apples,repetition_unrelated,left,225,1,14,left,1,1.1386197909887414,None,14,1,225,5,924.2342003749945,,,,,,,,,924.229343583007,924.2384884579951,924.4868651249999,924.4868651249999,924.6871243750065,924.6871243750065,924.8754202080017,924.8871458749927,924.9744189579942,924.9870763749932,924.9870763749932,926.1276993329957,left,1,1.1386197909887414,None,926.1279647079937,926.1394259579974,926.1394259579974,926.329201792003,926.3359308329964,926.3359308329964,927.1318542499939,927.1205994579941,,,p,"001",2025-11-10_21h38.44.100,2nd exp,,2025.2.0,None,2025-11-10 21h38.44.185001 +0530,
She does not like apples,She does not like apples,repetition_related,right,226,2,14,right,1,0.4654400409926893,None,14,2,226,4,927.1318542499939,,,,,,,,,927.1262759999954,927.1318542499939,927.3780924169987,927.3780924169987,927.5761477079941,927.5761477079941,927.7702572919952,927.7767014169949,927.8704224999965,927.8773283750052,927.8773283750052,928.3445393750007,right,1,0.4654400409926893,None,928.3448806670058,928.3561107499991,928.3561107499991,928.5451822080067,928.5520471670025,928.5520471670025,929.3504869580065,929.3361174580059,,,p,"001",2025-11-10_21h38.44.100,2nd exp,,2025.2.0,None,2025-11-10 21h38.44.185001 +0530,
The dog is barking loudly,The loudly is barking dog,repetition_unrelated,left,227,3,14,left,1,1.610760206996929,None,14,3,227,13,929.3504869580065,,,,,,,,,929.3453747919993,929.3504869580065,929.5953887079959,929.5953887079959,929.7856195000059,929.7907500830042,929.9750857500039,929.9932399999961,930.0868596670043,930.093783874996,930.093783874996,931.711282749995,left,1,1.610760206996929,None,931.7115665000019,931.7228263330035,931.7228263330035,931.9021972920018,931.9190520830016,931.9190520830016,932.6974320419977,932.6858841250069,,,p,"001",2025-11-10_21h38.44.100,2nd exp,,2025.2.0,None,2025-11-10 21h38.44.185001 +0530,
The dog is barking loudly,The barking dog loudly is,transposition_unrelated,left,228,4,14,left,1,0.9250726659956854,None,14,4,228,15,932.6974320419977,,,,,,,,,932.6926099169941,932.702646167003,932.9618352079997,932.9418672080064,933.1589723329962,933.1589723329962,933.353514167,933.359984833005,933.459443832995,933.459443832995,933.459443832995,934.3885877919965,left,1,0.9250726659956854,None,934.3891144170047,934.4008837919973,934.4008837919973,934.5871213329956,934.5954362500052,934.5954362500052,935.3869766669959,935.3708979579969,,,p,"001",2025-11-10_21h38.44.100,2nd exp,,2025.2.0,None,2025-11-10 21h38.44.185001 +0530,
They have finished the work,They have finished the work,repetition_related,right,229,5,14,right,1,1.6606301660067402,None,14,5,229,8,935.3869766669959,,,,,,,,,935.3820819579996,935.3913886249939,935.6368382920045,935.6368382920045,935.8368040000059,935.8368040000059,936.0252126669948,936.0367893329967,936.1257230000047,936.1368743750063,936.1368743750063,937.805923042004,right,1,1.6606301660067402,None,937.806579666998,937.818749166996,937.818749166996,938.0021508329955,938.0092680420057,938.0092680420057,938.8014212080016,938.7858053329983,,,p,"001",2025-11-10_21h38.44.100,2nd exp,,2025.2.0,None,2025-11-10 21h38.44.185001 +0530,
The boy can read fast,The read can boy fast,repetition_unrelated,left,230,6,14,left,1,1.5548258329945384,None,14,6,230,1,938.8014212080016,,,,,,,,,938.7960647919972,938.8060585000057,939.0536573330028,939.0536573330028,939.2536808330042,939.2417490829976,939.4407793749997,939.4536328329996,939.5419737079937,939.5536073330004,939.5536073330004,941.1111131670041,left,1,1.5548258329945384,None,941.1114358750056,941.1227849580027,941.1227849580027,941.3128739170061,941.3191493329941,941.3191493329941,942.109784041997,942.1038750419975,,,p,"001",2025-11-10_21h38.44.100,2nd exp,,2025.2.0,None,2025-11-10 21h38.44.185001 +0530,
The boy can read fast,The read can boy fast,transposition_unrelated,left,231,7,14,left,1,0.7994677499955287,None,14,7,231,3,942.109784041997,,,,,,,,,942.1042957500031,942.109784041997,942.3612372500065,942.3612372500065,942.5529257080052,942.5529257080052,942.7409294170066,942.7601041250018,942.8589577920065,942.8589577920065,942.8589577920065,943.6610442079982,left,1,0.7994677499955287,None,943.661335124998,943.6728025829943,943.6728025829943,943.8617512079945,943.8687292919931,943.8687292919931,944.669886292002,944.6539229170012,,,p,"001",2025-11-10_21h38.44.100,2nd exp,,2025.2.0,None,2025-11-10 21h38.44.185001 +0530,
The dog is barking loudly,The dog is barking loudly,repetition_related,right,232,8,14,right,1,0.9086374990001787,None,14,8,232,12,944.669886292002,,,,,,,,,944.6644415420014,944.669886292002,944.911863500005,944.911863500005,945.1019437079958,945.1065700000036,945.2917646249989,945.3098285419983,945.4037655830034,945.4106904579967,945.4106904579967,946.3226462919993,right,1,0.9086374990001787,None,946.3232534169947,946.3353972920013,946.3353972920013,946.5185868330009,946.5248646249966,946.5248646249966,947.3188032500038,947.3037210420007,,,p,"001",2025-11-10_21h38.44.100,2nd exp,,2025.2.0,None,2025-11-10 21h38.44.185001 +0530,
The boy can read fast,The boy can read fast,repetition_related,right,233,9,14,left,0,0.8509550830058288,None,14,9,233,0,947.3188032500038,,,,,,,,,947.3136070000037,947.3234097079985,947.5703662500018,947.5703662500018,947.7701517920068,947.7566976670059,947.9576057079976,947.9702900830016,948.0588068329962,948.070257542,948.070257542,948.9265640420053,left,0,0.8509550830058288,None,948.9268410420045,948.9387906670017,948.9387906670017,949.1200704579969,949.1353818329953,949.1353818329953,949.9189159579983,949.9038310000033,,,p,"001",2025-11-10_21h38.44.100,2nd exp,,2025.2.0,None,2025-11-10 21h38.44.185001 +0530,
She does not like apples,She not does like apples,transposition_related,right,234,10,14,left,0,1.0118961239932105,None,14,10,234,6,949.9189159579983,,,,,,,,,949.9140950419969,949.9234151669953,950.1784680419951,950.1703901669971,950.3692381250003,950.3692381250003,950.557554458006,950.5766522500053,950.6703018749977,950.6703018749977,950.6703018749977,951.6889967919997,left,0,1.0118961239932105,None,951.6896017079998,951.7015730419953,951.7015730419953,951.8868257499998,951.8944062920054,951.8944062920054,952.6822467080056,952.6706992079999,,,p,"001",2025-11-10_21h38.44.100,2nd exp,,2025.2.0,None,2025-11-10 21h38.44.185001 +0530,
She does not like apples,She like does apples not,transposition_unrelated,left,235,11,14,left,1,1.1944124989968259,None,14,11,235,7,952.6822467080056,,,,,,,,,952.6774043329933,952.6881702499959,952.9370512919995,952.9370512919995,953.1370770000067,953.1370770000067,953.3242933750007,953.3370012079977,953.4243054580002,953.4367400000046,953.4367400000046,954.6388173330051,left,1,1.1944124989968259,None,954.6391460419982,954.6506715830037,954.6506715830037,954.8356131670007,954.8437888329936,954.8437888329936,955.632723207993,955.6188690830022,,,p,"001",2025-11-10_21h38.44.100,2nd exp,,2025.2.0,None,2025-11-10 21h38.44.185001 +0530,
They have finished the work,They work the have finished,transposition_unrelated,left,236,12,14,left,1,0.9550918740133056,None,14,12,236,11,955.632723207993,,,,,,,,,955.6279438329948,955.6377784999931,955.886858124999,955.8755126250035,956.0865782500041,956.0865782500041,956.2753942080017,956.2870849580067,956.3743577919959,956.386933582995,956.386933582995,957.3444414580008,left,1,0.9550918740133056,None,957.344717999993,957.356035417004,957.356035417004,957.5449850830046,957.5519559579989,957.5519559579989,958.3444569169951,958.328926000002,,,p,"001",2025-11-10_21h38.44.100,2nd exp,,2025.2.0,None,2025-11-10 21h38.44.185001 +0530,
The dog is barking loudly,The dog barking is loudly,transposition_related,right,237,13,14,right,1,0.9760194160044193,None,14,13,237,14,958.3444569169951,,,,,,,,,958.3387973329955,958.3444569169951,958.5950591669971,958.5950591669971,958.7924182499992,958.7924182499992,958.9867967500031,958.992520957996,959.0866881669936,959.0920308750065,959.0920308750065,960.072685082996,right,1,0.9760194160044193,None,960.0732839999982,960.0849572080042,960.0849572080042,960.2701896670042,960.2779949169926,960.2779949169926,961.0749789999973,961.0605105419963,,,p,"001",2025-11-10_21h38.44.100,2nd exp,,2025.2.0,None,2025-11-10 21h38.44.185001 +0530,
The boy can read fast,The boy can read fast,transposition_related,right,238,14,14,right,1,0.7618465409905184,None,14,14,238,2,961.0749789999973,,,,,,,,,961.0699235000066,961.0749789999973,961.3189164170035,961.3189164170035,961.5204132079962,961.5086818330019,961.7084095830069,961.7202457079984,961.8082563329954,961.8201112499955,961.8201112499955,962.5892425000056,right,1,0.7618465409905184,None,962.589872083001,962.6015120420052,962.6015120420052,962.7856106249965,962.7941712920001,962.7941712920001,963.5865702919982,963.5703595420055,,,p,"001",2025-11-10_21h38.44.100,2nd exp,,2025.2.0,None,2025-11-10 21h38.44.185001 +0530,
They have finished the work,They finished have the work,transposition_related,right,239,15,14,left,0,1.1497952909994638,None,14,15,239,10,963.5865702919982,,,,,,,,,963.5816745829943,963.5909888330061,963.8368902920047,963.8368902920047,964.036838,964.0243115420017,964.2252704580023,964.2369902920036,964.3245642919937,964.3371824579954,964.3371824579954,965.4943291670061,left,0,1.1497952909994638,None,965.4946155000071,965.505865375002,965.505865375002,965.695683583006,965.7020314580004,965.7020314580004,966.5031627080025,966.4870757919998,,,p,"001",2025-11-10_21h38.44.100,2nd exp,,2025.2.0,None,2025-11-10 21h38.44.185001 +0530,
She does not like apples,She does not like apples,repetition_related,right,240,0,15,right,1,1.1911090409994358,None,15,0,240,4,966.5031627080025,,,,,,,,,966.4978689999989,966.5031627080025,966.7443510830053,966.7443510830053,966.936857875,966.936857875,967.1252893750061,967.1433007919986,967.236863625003,967.2436320419947,967.2436320419947,968.439066417006,right,1,1.1911090409994358,None,968.439478750006,968.450973250001,968.450973250001,968.6353334580053,968.6431812079973,968.6431812079973,969.4376145419956,969.4206537499995,,,p,"001",2025-11-10_21h38.44.100,2nd exp,,2025.2.0,None,2025-11-10 21h38.44.185001 +0530,
The dog is barking loudly,The loudly is barking dog,repetition_unrelated,left,241,1,15,left,1,1.359854832990095,None,15,1,241,13,969.4376145419956,,,,,,,,,969.4327059579955,969.4534476669942,969.686390332994,969.6947693749971,969.8868415829929,969.8868415829929,970.0759040830017,970.0867330420006,970.1746738749935,970.1868780420045,970.1868780420045,971.5551664999948,left,1,1.359854832990095,None,971.555486917001,971.5672090000007,971.5672090000007,971.7533180830069,971.7596707500052,971.7596707500052,972.5566640420002,972.5423480000027,,,p,"001",2025-11-10_21h38.44.100,2nd exp,,2025.2.0,None,2025-11-10 21h38.44.185001 +0530,
She does not like apples,She not does like apples,repetition_unrelated,left,242,2,15,left,1,1.062195791004342,None,15,2,242,5,972.5566640420002,,,,,,,,,972.5519016250037,972.5566640420002,972.803206083001,972.803206083001,973.0035607500031,972.9909429999971,973.192292000007,973.2035141670058,973.2919715830067,973.3034595829959,973.3034595829959,974.372295292007,left,1,1.062195791004342,None,974.3726650830067,974.3840647080069,974.3840647080069,974.5694852500019,974.576993374998,974.576993374998,975.3689710420003,975.3537967500015,,,p,"001",2025-11-10_21h38.44.100,2nd exp,,2025.2.0,None,2025-11-10 21h38.44.185001 +0530,
The dog is barking loudly,The barking dog loudly is,transposition_unrelated,left,243,3,15,left,1,0.7103930830053287,None,15,3,243,15,975.3689710420003,,,,,,,,,975.3641745829955,975.3727583750006,975.620218541997,975.620218541997,975.8200573329959,975.8200573329959,976.0087674170063,976.0202567079978,976.1086417079932,976.1202025829989,976.1202025829989,976.8387884580006,left,1,0.7103930830053287,None,976.8393891669984,976.851234332993,976.851234332993,977.0367127500067,977.0435331670014,977.0435331670014,977.8531873330066,977.8264680830034,,,p,"001",2025-11-10_21h38.44.100,2nd exp,,2025.2.0,None,2025-11-10 21h38.44.185001 +0530,
The dog is barking loudly,The dog is barking loudly,repetition_related,right,244,4,15,left,0,1.3627369160094531,None,15,4,244,12,977.8531873330066,,,,,,,,,977.8314357500058,977.8531873330066,978.0866903330025,978.0940789169981,978.286679249999,978.274161207999,978.4758998330071,978.4869500000059,978.5740265829954,978.5868904999952,978.5868904999952,979.9555334579927,left,0,1.3627369160094531,None,979.9559838330024,979.9675103329937,979.9675103329937,980.1526239170053,980.1597964999964,980.1597964999964,980.9522505829955,980.9371583750035,,,p,"001",2025-11-10_21h38.44.100,2nd exp,,2025.2.0,None,2025-11-10 21h38.44.185001 +0530,
They have finished the work,They finished have the work,transposition_related,right,245,5,15,left,0,1.2322951660025865,None,15,5,245,10,980.9522505829955,,,,,,,,,980.9473195419996,980.9566713749955,981.2035514169984,981.2035514169984,981.4034671669942,981.4034671669942,981.5910703749978,981.603680375003,981.6911839579989,981.7031390420016,981.7031390420016,982.9391323330055,left,0,1.2322951660025865,None,982.9396971249953,982.9513459169975,982.9513459169975,983.136752958002,983.1446119580069,983.1446119580069,983.9348076250026,983.9200051249936,,,p,"001",2025-11-10_21h38.44.100,2nd exp,,2025.2.0,None,2025-11-10 21h38.44.185001 +0530,
She does not like apples,She like does apples not,transposition_unrelated,left,246,6,15,left,1,1.0756766660051653,None,15,6,246,7,983.9348076250026,,,,,,,,,983.9299138750066,983.9393709169963,984.1867536250065,984.1867536250065,984.3868120419938,984.3868120419938,984.5753494999954,984.586827207997,984.6750193750049,984.6867154999927,984.6867154999927,985.7718844170013,left,1,1.0756766660051653,None,985.7722758330056,985.7839262079942,985.7839262079942,985.9685543329979,985.9747893330059,985.9747893330059,986.7685398330068,986.7536677080061,,,p,"001",2025-11-10_21h38.44.100,2nd exp,,2025.2.0,None,2025-11-10 21h38.44.185001 +0530,
The boy can read fast,The boy can read fast,repetition_related,right,247,7,15,right,1,0.6500584579916904,None,15,7,247,0,986.7685398330068,,,,,,,,,986.7636341250036,986.7731316249992,987.0202920830052,987.0202920830052,987.2201149580069,987.2201149580069,987.4087461669988,987.4201406250068,987.5081720830058,987.5202568749955,987.5202568749955,988.1775744170009,right,1,0.6500584579916904,None,988.1778569580056,988.1889963330032,988.1889963330032,988.378795083001,988.3852940829966,988.3852940829966,989.186569832993,989.1703427080065,,,p,"001",2025-11-10_21h38.44.100,2nd exp,,2025.2.0,None,2025-11-10 21h38.44.185001 +0530,
The dog is barking loudly,The dog barking is loudly,transposition_related,right,248,8,15,left,0,1.253552166002919,None,15,8,248,14,989.186569832993,,,,,,,,,989.1811524170043,989.186569832993,989.4285626250057,989.4285626250057,989.6186487499945,989.6234788330039,989.8077122499963,989.8265637919976,989.9267514999956,989.9267514999956,989.9267514999956,991.1880763329973,left,0,1.253552166002919,None,991.1883685000066,991.199721500001,991.199721500001,991.3868563750002,991.3949552919948,991.3949552919948,992.1848216249928,992.1701118329947,,,p,"001",2025-11-10_21h38.44.100,2nd exp,,2025.2.0,None,2025-11-10 21h38.44.185001 +0530,
They have finished the work,They have finished the work,repetition_related,right,249,9,15,right,1,0.7297177069995087,None,15,9,249,8,992.1848216249928,,,,,,,,,992.1801953749964,992.1890436669928,992.4364233749948,992.4364233749948,992.6364547080011,992.6364547080011,992.8243510000029,992.8368645419978,992.9249977919972,992.9365160830057,992.9365160830057,993.6723458750057,right,1,0.7297177069995087,None,993.6729060829966,993.6844500830048,993.6844500830048,993.8699727500061,993.8777412500058,993.8777412500058,994.6865527500049,994.6593516249995,,,p,"001",2025-11-10_21h38.44.100,2nd exp,,2025.2.0,None,2025-11-10 21h38.44.185001 +0530,
They have finished the work,They finished have the work,repetition_unrelated,left,250,10,15,left,1,1.4433544999919832,None,15,10,250,9,994.6865527500049,,,,,,,,,994.6650896250067,994.6865527500049,994.9197801249975,994.9264778329962,995.1203806669946,995.1082628330041,995.3095674579963,995.320529375007,995.4081564170046,995.4206577919977,995.4206577919977,996.8717929169943,left,1,1.4433544999919832,None,996.872192291994,996.8859055829962,996.8859055829962,997.0687642919947,997.0759605000057,997.0759605000057,997.8638683750032,997.852266707996,,,p,"001",2025-11-10_21h38.44.100,2nd exp,,2025.2.0,None,2025-11-10 21h38.44.185001 +0530,
They have finished the work,They work the have finished,transposition_unrelated,left,251,11,15,left,1,1.4808112499886192,None,15,11,251,11,997.8638683750032,,,,,,,,,997.8584037499968,997.8691885419976,998.1202594579954,998.1083655419934,998.3199950830021,998.308477832994,998.5087243750022,998.5202960830065,998.6085091249988,998.6202216670063,998.6202216670063,1000.1051613330055,left,1,1.4808112499886192,None,1000.1055782920012,1000.118568542006,1000.118568542006,1000.3019154999929,1000.3102242080058,1000.3102242080058,1001.1001729169948,1001.0859400000045,,,p,"001",2025-11-10_21h38.44.100,2nd exp,,2025.2.0,None,2025-11-10 21h38.44.185001 +0530,
The boy can read fast,The boy can read fast,transposition_related,right,252,12,15,right,1,0.6703819160029525,None,15,12,252,2,1001.1001729169948,,,,,,,,,1001.0946704999951,1001.1048734170035,1001.3533680830005,1001.3533680830005,1001.5536010000069,1001.5536010000069,1001.7423225829989,1001.7536854579957,1001.8411214999942,1001.853518332995,1001.853518332995,1002.5269511249935,right,1,0.6703819160029525,None,1002.5272277920012,1002.5391227079963,1002.5391227079963,1002.7285499169957,1002.7352357920026,1002.7352357920026,1003.5279547919927,1003.5121047919965,,,p,"001",2025-11-10_21h38.44.100,2nd exp,,2025.2.0,None,2025-11-10 21h38.44.185001 +0530,
She does not like apples,She not does like apples,transposition_related,right,253,13,15,left,0,1.6278505000082077,None,15,13,253,6,1003.5279547919927,,,,,,,,,1003.5223012500064,1003.5279547919927,1003.7763646670064,1003.7763646670064,1003.9700109580008,1003.9700109580008,1004.1577442080015,1004.176859500003,1004.2759504169953,1004.2759504169953,1004.2759504169953,1005.9104935000069,left,0,1.6278505000082077,None,1005.9107715419959,1005.9224309169949,1005.9224309169949,1006.111292542002,1006.118572708001,1006.118572708001,1006.9197399169934,1006.9038246249984,,,p,"001",2025-11-10_21h38.44.100,2nd exp,,2025.2.0,None,2025-11-10 21h38.44.185001 +0530,
The boy can read fast,The read can boy fast,repetition_unrelated,left,254,14,15,left,1,1.6771150830027182,None,15,14,254,1,1006.9197399169934,,,,,,,,,1006.9141656669963,1006.9197399169934,1007.1611447920004,1007.1611447920004,1007.360442707999,1007.360442707999,1007.553560625005,1007.553560625005,1007.6411769169936,1007.6606310829957,1007.6606310829957,1009.343832707993,left,1,1.6771150830027182,None,1009.3441157079942,1009.3556307499966,1009.3556307499966,1009.5448306670005,1009.5520211669937,1009.5520211669937,1010.3417782920005,1010.3370071249956,,,p,"001",2025-11-10_21h38.44.100,2nd exp,,2025.2.0,None,2025-11-10 21h38.44.185001 +0530,
The boy can read fast,The read can boy fast,transposition_unrelated,left,255,15,15,left,1,1.5147040410083719,None,15,15,255,3,1010.3417782920005,,,,,,,,,1010.3372455829958,1010.3417782920005,1010.5859084580006,1010.5859084580006,1010.7937771669967,1010.7722573329957,1010.9869092080044,1010.9869092080044,1011.0752909580042,1011.0930714169954,1011.0930714169954,1012.6108527080069,left,1,1.5147040410083719,None,1012.611248125002,1012.6225980830059,1012.6225980830059,1012.8128090420068,1012.8190566249978,1012.8190566249978,1013.6189409170038,1013.603776332995,,,p,"001",2025-11-10_21h38.44.100,2nd exp,,2025.2.0,None,2025-11-10 21h38.44.185001 +0530,
The dog is barking loudly,The dog barking is loudly,transposition_related,right,256,0,16,left,0,2.0593713319976814,None,16,0,256,14,1013.6189409170038,,,,,,,,,1013.6137750420021,1013.6189409170038,1013.8612332500052,1013.8612332500052,1014.0518677920045,1014.0518677920045,1014.2401542500011,1014.2600959580013,1014.3533199170051,1014.3592097499932,1014.3592097499932,1016.4223187919997,left,0,2.0593713319976814,None,1016.422902708,1016.4345407920046,1016.4345407920046,1016.6201058330043,1016.6284889579983,1016.6284889579983,1017.418738583001,1017.4040204170014,,,p,"001",2025-11-10_21h38.44.100,2nd exp,,2025.2.0,None,2025-11-10 21h38.44.185001 +0530,
The boy can read fast,The boy can read fast,transposition_related,right,257,1,16,right,1,3.437212874996476,None,16,1,257,2,1017.418738583001,,,,,,,,,1017.413952582996,1017.4231807920005,1017.6699705420033,1017.6699705420033,1017.869987500002,1017.869987500002,1018.0587031250034,1018.0702027079969,1018.1588133329933,1018.1699948330061,1018.1699948330061,1021.6102111670043,right,1,3.437212874996476,None,1021.6104927919951,1021.6223669580068,1021.6223669580068,1021.8017224579962,1021.8201015829982,1021.8201015829982,1022.6017441250006,1022.5868439170008,,,p,"001",2025-11-10_21h38.44.100,2nd exp,,2025.2.0,None,2025-11-10 21h38.44.185001 +0530,
The dog is barking loudly,The dog is barking loudly,repetition_related,right,258,2,16,right,1,2.5245271250023507,None,16,2,258,12,1022.6017441250006,,,,,,,,,1022.5969477920007,1022.6064431249979,1022.8534660830046,1022.8534660830046,1023.0599801250064,1023.0407185420045,1023.2535115420033,1023.2535115420033,1023.3415904580033,1023.3601741250022,1023.3601741250022,1025.8888937500014,right,1,2.5245271250023507,None,1025.8893327080004,1025.9011456669978,1025.9011456669978,1026.0855132080032,1026.0940461669961,1026.0940461669961,1026.8866347500007,1026.8705746250052,,,p,"001",2025-11-10_21h38.44.100,2nd exp,,2025.2.0,None,2025-11-10 21h38.44.185001 +0530,
She does not like apples,She like does apples not,transposition_unrelated,left,259,3,16,left,1,1.0055377499957103,None,16,3,259,7,1026.8866347500007,,,,,,,,,1026.881718042001,1026.9035004579928,1027.1358121249941,1027.152560167,1027.3369573329983,1027.3248597079946,1027.5257569999958,1027.5368147499976,1027.6256010829966,1027.6367656249931,1027.6367656249931,1028.6443600420025,left,1,1.0055377499957103,None,1028.6446295829955,1028.6563971249998,1028.6563971249998,1028.8455440830003,1028.8519609170035,1028.8519609170035,1029.6449127079977,1029.6288864579983,,,p,"001",2025-11-10_21h38.44.100,2nd exp,,2025.2.0,None,2025-11-10 21h38.44.185001 +0530,
The boy can read fast,The read can boy fast,repetition_unrelated,left,260,4,16,left,1,1.30858366600296,None,16,4,260,1,1029.6449127079977,,,,,,,,,1029.6394053749973,1029.6449127079977,1029.895274583003,1029.895274583003,1030.0852132500004,1030.0852132500004,1030.274946125006,1030.2927894580062,1030.3868299580063,1030.3936671249976,1030.3936671249976,1031.705655083002,left,1,1.30858366600296,None,1031.7062591669965,1031.718062999993,1031.718062999993,1031.9022160830064,1031.9096766669973,1031.9096766669973,1032.7018525830063,1032.685613708003,,,p,"001",2025-11-10_21h38.44.100,2nd exp,,2025.2.0,None,2025-11-10 21h38.44.185001 +0530,
She does not like apples,She not does like apples,transposition_related,right,261,5,16,left,0,1.4528209580021212,None,16,5,261,6,1032.7018525830063,,,,,,,,,1032.696748250004,1032.7065712920012,1032.9534694169997,1032.9534694169997,1033.153446917,1033.153446917,1033.3425334579952,1033.3534356669988,1033.442392249999,1033.4533607079939,1033.4533607079939,1034.9105769169983,left,0,1.4528209580021212,None,1034.9108525829943,1034.922616166994,1034.922616166994,1035.1113124169933,1035.1183991669968,1035.1183991669968,1035.9210912080016,1035.903745417003,,,p,"001",2025-11-10_21h38.44.100,2nd exp,,2025.2.0,None,2025-11-10 21h38.44.185001 +0530,
They have finished the work,They have finished the work,repetition_related,right,262,6,16,right,1,1.5287383740069345,None,16,6,262,8,1035.9210912080016,,,,,,,,,1035.9147886249993,1035.9210912080016,1036.1616804579971,1036.1616804579971,1036.3519119580014,1036.3568590000068,1036.5417337919935,1036.5598199579981,1036.6533839170006,1036.659395374998,1036.659395374998,1038.193540082997,right,1,1.5287383740069345,None,1038.193834125006,1038.205594041996,1038.205594041996,1038.3951459170057,1038.401942957993,1038.401942957993,1039.1936573330022,1039.178317583006,,,p,"001",2025-11-10_21h38.44.100,2nd exp,,2025.2.0,None,2025-11-10 21h38.44.185001 +0530,
She does not like apples,She does not like apples,repetition_related,right,263,7,16,right,1,1.459286498997244,None,16,7,263,4,1039.1936573330022,,,,,,,,,1039.1884768750024,1039.1936573330022,1039.4367748749937,1039.4367748749937,1039.6426570829935,1039.623307832997,1039.8366570829967,1039.8422897919954,1039.9367092500033,1039.9367092500033,1039.9367092500033,1041.4049370830035,right,1,1.459286498997244,None,1041.4053359999962,1041.416830000002,1041.416830000002,1041.6016875420028,1041.6078266669938,1041.6078266669938,1042.4037863330013,1042.3873081250058,,,p,"001",2025-11-10_21h38.44.100,2nd exp,,2025.2.0,None,2025-11-10 21h38.44.185001 +0530,
The dog is barking loudly,The barking dog loudly is,transposition_unrelated,left,264,8,16,left,1,1.528398082999047,None,16,8,264,15,1042.4037863330013,,,,,,,,,1042.398877582993,1042.4198359169968,1042.6520300419943,1042.6686960420047,1042.8534620830033,1042.840077707995,1043.041780792002,1043.053299207997,1043.1419661669934,1043.1534863330016,1043.1534863330016,1044.6889569579944,left,1,1.528398082999047,None,1044.6895310830005,1044.7013100829936,1044.7013100829936,1044.8857672919985,1044.8934168330015,1044.8934168330015,1045.6788567500043,1045.668748875003,,,p,"001",2025-11-10_21h38.44.100,2nd exp,,2025.2.0,None,2025-11-10 21h38.44.185001 +0530,
The dog is barking loudly,The loudly is barking dog,repetition_unrelated,left,265,9,16,left,1,1.5099405829969328,None,16,9,265,13,1045.6788567500043,,,,,,,,,1045.673941333007,1045.6854347920016,1045.9366435419943,1045.9250197079964,1046.1366065829934,1046.1252243329945,1046.3234650829982,1046.3365230000054,1046.4249734579935,1046.4368621250032,1046.4368621250032,1047.9549450420018,left,1,1.5099405829969328,None,1047.955588124998,1047.9671274580032,1047.9671274580032,1048.1531225000072,1048.1613082080003,1048.1613082080003,1048.9556738749961,1048.9416783750057,,,p,"001",2025-11-10_21h38.44.100,2nd exp,,2025.2.0,None,2025-11-10 21h38.44.185001 +0530,
The boy can read fast,The read can boy fast,transposition_unrelated,left,266,10,16,left,1,1.270626915997127,None,16,10,266,3,1048.9556738749961,,,,,,,,,1048.9508820000046,1048.9556738749961,1049.203246582998,1049.203246582998,1049.403263250002,1049.403263250002,1049.5916517919977,1049.6033147919952,1049.6906133750017,1049.7031409170013,1049.7031409170013,1050.9774726250034,left,1,1.270626915997127,None,1050.9778311669943,1050.9891221669968,1050.9891221669968,1051.1792067920032,1051.1869745830045,1051.1869745830045,1051.9843390000024,1051.9689036670025,,,p,"001",2025-11-10_21h38.44.100,2nd exp,,2025.2.0,None,2025-11-10 21h38.44.185001 +0530,
They have finished the work,They finished have the work,repetition_unrelated,left,267,11,16,right,0,0.777696956996806,None,16,11,267,9,1051.9843390000024,,,,,,,,,1051.9790887919953,1051.9843390000024,1052.227066624997,1052.227066624997,1052.4199951670016,1052.4199951670016,1052.6073961670045,1052.6264710419928,1052.7198938329966,1052.7259622499987,1052.7259622499987,1053.5108253329963,right,0,0.777696956996806,None,1053.5111045420053,1053.5222713330004,1053.5222713330004,1053.711850916996,1053.7185427499935,1053.7185427499935,1054.5060264170024,1054.4952658749971,,,p,"001",2025-11-10_21h38.44.100,2nd exp,,2025.2.0,None,2025-11-10 21h38.44.185001 +0530,
They have finished the work,They work the have finished,transposition_unrelated,left,268,12,16,left,1,1.0133880829962436,None,16,12,268,11,1054.5060264170024,,,,,,,,,1054.5012045829935,1054.5060264170024,1054.7609102080023,1054.753305457998,1054.9523977079953,1054.9523977079953,1055.1418940419971,1055.159792958002,1055.253358832997,1055.2602267500042,1055.2602267500042,1056.2769924169988,left,1,1.0133880829962436,None,1056.2772759579966,1056.288773458,1056.288773458,1056.4690408330061,1056.4851244580059,1056.4851244580059,1057.270460832995,1057.253575291994,,,p,"001",2025-11-10_21h38.44.100,2nd exp,,2025.2.0,None,2025-11-10 21h38.44.185001 +0530,
She does not like apples,She not does like apples,repetition_unrelated,left,269,13,16,left,1,1.1106671659945277,None,16,13,269,5,1057.270460832995,,,,,,,,,1057.2656546249927,1057.2865952919965,1057.5284137919953,1057.5284137919953,1057.7187197080057,1057.7231951249996,1057.9081863330066,1057.9266438750055,1058.0199185829988,1058.0199185829988,1058.0199185829988,1059.1385886250064,left,1,1.1106671659945277,None,1059.139024958,1059.1515645420004,1059.1515645420004,1059.3351941250003,1059.3421053329948,1059.3421053329948,1060.1361498750048,1060.120459458005,,,p,"001",2025-11-10_21h38.44.100,2nd exp,,2025.2.0,None,2025-11-10 21h38.44.185001 +0530,
The boy can read fast,The boy can read fast,repetition_related,right,270,14,16,right,1,1.3849069160060026,None,16,14,270,0,1060.1361498750048,,,,,,,,,1060.1312322080048,1060.1408633749961,1060.3867155000044,1060.3867155000044,1060.586744041997,1060.586744041997,1060.7748417919938,1060.7863293749979,1060.8756621670036,1060.8866340420063,1060.8866340420063,1062.2777461249934,right,1,1.3849069160060026,None,1062.278095667003,1062.2891238750017,1062.2891238750017,1062.478386917006,1062.4850822500011,1062.4850822500011,1063.2866131250048,1063.270412708007,,,p,"001",2025-11-10_21h38.44.100,2nd exp,,2025.2.0,None,2025-11-10 21h38.44.185001 +0530,
They have finished the work,They finished have the work,transposition_related,right,271,15,16,left,0,1.2446690829965519,None,16,15,271,10,1063.2866131250048,,,,,,,,,1063.2813349170028,1063.2866131250048,1063.5280071669986,1063.5280071669986,1063.7196581250028,1063.7196581250028,1063.9084143749933,1063.9263682500023,1064.0201563750015,1064.0268047080026,1064.0268047080026,1065.2768101249967,left,0,1.2446690829965519,None,1065.277088207993,1065.2889395420061,1065.2889395420061,1065.4684720420046,1065.4866601669928,1065.4866601669928,1066.2694166669971,1066.2536487500038,,,p,"001",2025-11-10_21h38.44.100,2nd exp,,2025.2.0,None,2025-11-10 21h38.44.185001 +0530,
The dog is barking loudly,The barking dog loudly is,transposition_unrelated,left,272,0,17,left,1,0.912875581998378,None,17,0,272,15,1066.2694166669971,,,,,,,,,1066.2646893329947,1066.2739176670002,1066.5197336669953,1066.5197336669953,1066.7258347500028,1066.7071786250017,1066.925775249998,1066.925775249998,1067.0198790830036,1067.0255396669963,1067.0255396669963,1067.9442148329981,left,1,0.912875581998378,None,1067.9444930830068,1067.9557535000058,1067.9557535000058,1068.145339708004,1068.1518910000013,1068.1518910000013,1068.9526658749965,1068.9369150830025,,,p,"001",2025-11-10_21h38.44.100,2nd exp,,2025.2.0,None,2025-11-10 21h38.44.185001 +0530,
The boy can read fast,The read can boy fast,transposition_unrelated,left,273,1,17,left,1,0.5687055000016699,None,17,1,273,3,1068.9526658749965,,,,,,,,,1068.947416916999,1068.9526658749965,1069.194908000005,1069.194908000005,1069.384986332996,1069.384986332996,1069.5747084169998,1069.5922194580053,1069.6867165830045,1069.6936282079987,1069.6936282079987,1070.271359958002,left,1,0.5687055000016699,None,1070.2716515829961,1070.2827170829987,1070.2827170829987,1070.4698910419975,1070.4776723329996,1070.4776723329996,1071.2689349580032,1071.2534535830055,,,p,"001",2025-11-10_21h38.44.100,2nd exp,,2025.2.0,None,2025-11-10 21h38.44.185001 +0530,
She does not like apples,She like does apples not,transposition_unrelated,left,274,2,17,left,1,0.5752548329910496,None,17,2,274,7,1071.2689349580032,,,,,,,,,1071.2643371669983,1071.2735055420053,1071.5199301249959,1071.5199301249959,1071.7198927919962,1071.7071582079952,1071.908316000001,1071.9199444580008,1072.0085377499927,1072.0199588329997,1072.0199588329997,1072.604700041993,left,1,0.5752548329910496,None,1072.6049961249955,1072.616320208006,1072.616320208006,1072.8021075419965,1072.8092127080017,1072.8092127080017,1073.6029638329928,1073.5863137080014,,,p,"001",2025-11-10_21h38.44.100,2nd exp,,2025.2.0,None,2025-11-10 21h38.44.185001 +0530,
They have finished the work,They finished have the work,repetition_unrelated,left,275,3,17,left,1,0.9109163739922224,None,17,3,275,9,1073.6029638329928,,,,,,,,,1073.5980864580051,1073.607559666998,1073.8536585830007,1073.8536585830007,1074.0532159580034,1074.0408235829964,1074.2417937080027,1074.2534417080024,1074.3414815830038,1074.353206707994,1074.353206707994,1075.2721336669929,left,1,0.9109163739922224,None,1075.2724915419967,1075.2839768749982,1075.2839768749982,1075.4682851669932,1075.474968124996,1075.474968124996,1076.262215249997,1076.2520784170047,,,p,"001",2025-11-10_21h38.44.100,2nd exp,,2025.2.0,None,2025-11-10 21h38.44.185001 +0530,
They have finished the work,They work the have finished,transposition_unrelated,left,276,4,17,left,1,0.9060110409918707,None,17,4,276,11,1076.262215249997,,,,,,,,,1076.257415,1076.2684140000056,1076.519910957999,1076.508568499994,1076.7199734580063,1076.707536707996,1076.9074848750024,1076.9201627500006,1077.008330083001,1077.0200877919997,1077.0200877919997,1077.937986792007,left,1,0.9060110409918707,None,1077.9382706670003,1077.9495656249928,1077.9495656249928,1078.1356162919983,1078.1440569999977,1078.1440569999977,1078.9342197499936,1078.9198509999987,,,p,"001",2025-11-10_21h38.44.100,2nd exp,,2025.2.0,None,2025-11-10 21h38.44.185001 +0530,
She does not like apples,She does not like apples,repetition_related,right,277,5,17,right,1,1.999355332009145,None,17,5,277,4,1078.9342197499936,,,,,,,,,1078.9295462500013,1078.938778833006,1079.1864050830045,1079.1864050830045,1079.3864144580002,1079.3750525829964,1079.5754792920052,1079.5866965000023,1079.6737957500009,1079.686731958005,1079.686731958005,1081.688811,right,1,1.999355332009145,None,1081.6893890000065,1081.701363041997,1081.701363041997,1081.8850672499975,1081.8917335830047,1081.8917335830047,1082.683523832995,1082.668883374994,,,p,"001",2025-11-10_21h38.44.100,2nd exp,,2025.2.0,None,2025-11-10 21h38.44.185001 +0530,
They have finished the work,They have finished the work,repetition_related,right,278,6,17,right,1,1.384111291001318,None,17,6,278,8,1082.683523832995,,,,,,,,,1082.6787443329958,1082.6882810829993,1082.9365835829958,1082.9365835829958,1083.1364833330008,1083.1364833330008,1083.3255466249975,1083.3368532919994,1083.4242851669987,1083.4367325000057,1083.4367325000057,1084.827728958,right,1,1.384111291001318,None,1084.8280093329959,1084.8394761249947,1084.8394761249947,1085.0294512919936,1085.0357139999978,1085.0357139999978,1085.8357928750047,1085.8203402079962,,,p,"001",2025-11-10_21h38.44.100,2nd exp,,2025.2.0,None,2025-11-10 21h38.44.185001 +0530,
The dog is barking loudly,The loudly is barking dog,repetition_unrelated,left,279,7,17,left,1,1.473013416005415,None,17,7,279,13,1085.8357928750047,,,,,,,,,1085.8303792499937,1085.8357928750047,1086.078381667001,1086.078381667001,1086.2697659580008,1086.2697659580008,1086.4575112080056,1086.4750129580061,1086.5699389999936,1086.5768950420024,1086.5768950420024,1088.0552731250064,left,1,1.473013416005415,None,1088.055814583,1088.0674169580016,1088.0674169580016,1088.2517382079968,1088.2582918749977,1088.2582918749977,1089.0489776670001,1089.0352807080053,,,p,"001",2025-11-10_21h38.44.100,2nd exp,,2025.2.0,None,2025-11-10 21h38.44.185001 +0530,
The boy can read fast,The boy can read fast,repetition_related,right,280,8,17,right,1,1.0905625409941422,None,17,8,280,0,1089.0489776670001,,,,,,,,,1089.0443558749976,1089.0541837920027,1089.303311208001,1089.303311208001,1089.5031179999933,1089.4905917080032,1089.690737166995,1089.7034771670005,1089.7922248329996,1089.8032768749981,1089.8032768749981,1090.9047672919987,right,1,1.0905625409941422,None,1090.9050485420012,1090.916181499997,1090.916181499997,1091.1032078330027,1091.111520499995,1091.111520499995,1091.9067697080027,1091.8921519580035,,,p,"001",2025-11-10_21h38.44.100,2nd exp,,2025.2.0,None,2025-11-10 21h38.44.185001 +0530,
The dog is barking loudly,The dog is barking loudly,repetition_related,right,281,9,17,left,0,0.9654145819949917,None,17,9,281,12,1091.9067697080027,,,,,,,,,1091.9021280830057,1091.9067697080027,1092.1532257920044,1092.1532257920044,1092.3534320000035,1092.340327041995,1092.5413499999995,1092.5532152079977,1092.6413017919986,1092.653403000004,1092.653403000004,1093.6219822919957,left,0,0.9654145819949917,None,1093.6224951250042,1093.6338896249945,1093.6338896249945,1093.818696000002,1093.8261236669932,1093.8261236669932,1094.6184612920042,1094.6019656249991,,,p,"001",2025-11-10_21h38.44.100,2nd exp,,2025.2.0,None,2025-11-10 21h38.44.185001 +0530,
She does not like apples,She not does like apples,repetition_unrelated,left,282,10,17,left,1,2.7314199579996057,None,17,10,282,5,1094.6184612920042,,,,,,,,,1094.6140766250028,1094.6219446250034,1094.869823999994,1094.869823999994,1095.0697815830063,1095.0572246670054,1095.2587603749998,1095.2698054999928,1095.3583643330057,1095.3696830830013,1095.3696830830013,1098.104933833005,left,1,2.7314199579996057,None,1098.1053718329931,1098.1172001670056,1098.1172001670056,1098.3018219170044,1098.309051874996,1098.309051874996,1099.102950667002,1099.0871509999997,,,p,"001",2025-11-10_21h38.44.100,2nd exp,,2025.2.0,None,2025-11-10 21h38.44.185001 +0530,
They have finished the work,They finished have the work,transposition_related,right,283,11,17,left,0,2.0973657490103506,None,17,11,283,10,1099.102950667002,,,,,,,,,1099.0981194579945,1099.106634249998,1099.3531833750021,1099.3531833750021,1099.5531823329948,1099.5420905000065,1099.7423034999956,1099.7534576670005,1099.8410306669975,1099.8533523749938,1099.8533523749938,1101.9549907079927,left,0,2.0973657490103506,None,1101.9554822920036,1101.9674620830046,1101.9674620830046,1102.1517102920043,1102.1593315420032,1102.1593315420032,1102.9517964999977,1102.935539166996,,,p,"001",2025-11-10_21h38.44.100,2nd exp,,2025.2.0,None,2025-11-10 21h38.44.185001 +0530,
The dog is barking loudly,The dog barking is loudly,transposition_related,right,284,12,17,left,0,1.7994362080062274,None,17,12,284,14,1102.9517964999977,,,,,,,,,1102.946801291997,1102.956791125005,1103.2031759579986,1103.2031759579986,1103.4031918330002,1103.4031918330002,1103.5909109579952,1103.603414792,1103.6921225419937,1103.7031107499934,1103.7031107499934,1105.5054786669934,left,0,1.7994362080062274,None,1105.5059293749946,1105.5174993330002,1105.5174993330002,1105.7016013749962,1105.7079969170009,1105.7079969170009,1106.5019063329964,1106.4870732499985,,,p,"001",2025-11-10_21h38.44.100,2nd exp,,2025.2.0,None,2025-11-10 21h38.44.185001 +0530,
The boy can read fast,The boy can read fast,transposition_related,right,285,13,17,right,1,0.9341059990110807,None,17,13,285,2,1106.5019063329964,,,,,,,,,1106.4972136249999,1106.5057027080038,1106.7531017500005,1106.7531017500005,1106.9530945419974,1106.9530945419974,1107.1417645829933,1107.153270750001,1107.2416795419995,1107.2533551670058,1107.2533551670058,1108.194253624999,right,1,0.9341059990110807,None,1108.1945304580004,1108.2061840420065,1108.2061840420065,1108.3948579999997,1108.4017480000039,1108.4017480000039,1109.1981599169958,1109.1869278329978,,,p,"001",2025-11-10_21h38.44.100,2nd exp,,2025.2.0,None,2025-11-10 21h38.44.185001 +0530,
The boy can read fast,The read can boy fast,repetition_unrelated,left,286,14,17,left,1,0.8690098329971079,None,17,14,286,1,1109.1981599169958,,,,,,,,,1109.192736833007,1109.1981599169958,1109.444831707995,1109.444831707995,1109.6350599580037,1109.6350599580037,1109.823800667,1109.8429915000015,1109.936654707999,1109.9434482499928,1109.9434482499928,1110.8221337919967,left,1,0.8690098329971079,None,1110.822703208003,1110.8343300419947,1110.8343300419947,1111.0183698750043,1111.0267497080058,1111.0267497080058,1111.8182711669942,1111.803738625007,,,p,"001",2025-11-10_21h38.44.100,2nd exp,,2025.2.0,None,2025-11-10 21h38.44.185001 +0530,
She does not like apples,She not does like apples,transposition_related,right,287,15,17,left,0,1.0773214579967316,None,17,15,287,6,1111.8182711669942,,,,,,,,,1111.813563542004,1111.8228324579977,1112.070001458007,1112.070001458007,1112.2700431249978,1112.2580597500055,1112.4588070419995,1112.469807292,1112.5581304999941,1112.5699470830004,1112.5699470830004,1113.655333332994,left,0,1.0773214579967316,None,1113.6556913329987,1113.6671643330046,1113.6671643330046,1113.8516472079937,1113.8579417500005,1113.8579417500005,1114.6509045419953,1114.636746958,,,p,"001",2025-11-10_21h38.44.100,2nd exp,,2025.2.0,None,2025-11-10 21h38.44.185001 +0530,
The boy can read fast,The boy can read fast,repetition_related,right,288,0,18,right,1,0.9150592910009436,None,18,0,288,0,1114.6509045419953,,,,,,,,,1114.646076457997,1114.655551457996,1114.9032892079995,1114.9032892079995,1115.1036345419998,1115.1036345419998,1115.2920912499976,1115.303119874996,1115.3905527500028,1115.4032607919944,1115.4032607919944,1116.3219783749955,right,1,0.9150592910009436,None,1116.3225205420022,1116.3340315829992,1116.3340315829992,1116.5196485000051,1116.5272226249945,1116.5272226249945,1117.323971167003,1117.3099078329979,,,p,"001",2025-11-10_21h38.44.100,2nd exp,,2025.2.0,None,2025-11-10 21h38.44.185001 +0530,
She does not like apples,She not does like apples,repetition_unrelated,left,289,1,18,left,1,0.9165382489882177,None,18,1,289,5,1117.323971167003,,,,,,,,,1117.3191162919975,1117.323971167003,1117.5700189579948,1117.5700189579948,1117.7699147079984,1117.7699147079984,1117.9585130420019,1117.9698422499932,1118.0585081669997,1118.0697170000058,1118.0697170000058,1118.9887359580025,left,1,0.9165382489882177,None,1118.9892533749953,1119.000626167006,1119.000626167006,1119.186551167004,1119.1942417919927,1119.1942417919927,1119.9895219169994,1119.9749853749963,,,p,"001",2025-11-10_21h38.44.100,2nd exp,,2025.2.0,None,2025-11-10 21h38.44.185001 +0530,
The dog is barking loudly,The loudly is barking dog,repetition_unrelated,left,290,2,18,left,1,1.8355433749966323,None,18,2,290,13,1119.9895219169994,,,,,,,,,1119.9847471669927,1119.9895219169994,1120.2365524579945,1120.2365524579945,1120.4365873750066,1120.4365873750066,1120.625170625004,1120.6365682080068,1120.724868499994,1120.7366157920042,1120.7366157920042,1122.5774282079947,left,1,1.8355433749966323,None,1122.5777061249973,1122.5891071249935,1122.5891071249935,1122.7782283330016,1122.7849509170046,1122.7849509170046,1123.5831370420055,1123.5705202499958,,,p,"001",2025-11-10_21h38.44.100,2nd exp,,2025.2.0,None,2025-11-10 21h38.44.185001 +0530,
The dog is barking loudly,The dog barking is loudly,transposition_related,right,291,3,18,left,0,2.626945082010934,None,18,3,291,14,1123.5831370420055,,,,,,,,,1123.5766587919934,1123.5831370420055,1123.8276031669957,1123.8276031669957,1124.0246880420018,1124.0246880420018,1124.2198912080057,1124.2258997919998,1124.3197714999988,1124.3254413749964,1124.3254413749964,1126.9552722499939,left,0,2.626945082010934,None,1126.9558072079963,1126.9678880830033,1126.9678880830033,1127.1516839999967,1127.1588431669952,1127.1588431669952,1127.9515576669946,1127.936677042002,,,p,"001",2025-11-10_21h38.44.100,2nd exp,,2025.2.0,None,2025-11-10 21h38.44.185001 +0530,
She does not like apples,She like does apples not,transposition_unrelated,left,292,4,18,left,1,0.9046578749985201,None,18,4,292,7,1127.9515576669946,,,,,,,,,1127.9464256670035,1127.9563450419955,1128.2030131670035,1128.2030131670035,1128.403337708005,1128.3906947499927,1128.591400624995,1128.603503624996,1128.6906007499929,1128.7030962080025,1128.7030962080025,1129.611465666996,left,1,0.9046578749985201,None,1129.6118835420057,1129.6231609170063,1129.6231609170063,1129.8116694170021,1129.818391666995,1129.818391666995,1130.6194260829943,1130.6034761670016,,,p,"001",2025-11-10_21h38.44.100,2nd exp,,2025.2.0,None,2025-11-10 21h38.44.185001 +0530,
They have finished the work,They finished have the work,repetition_unrelated,left,293,5,18,left,1,1.0616473739937646,None,18,5,293,9,1130.6194260829943,,,,,,,,,1130.613559624995,1130.6194260829943,1130.861626333004,1130.861626333004,1131.059186917002,1131.059186917002,1131.2532028749993,1131.2595930420066,1131.3533157079946,1131.3602586670022,1131.3602586670022,1132.427500417005,left,1,1.0616473739937646,None,1132.4278571670002,1132.4388878750033,1132.4388878750033,1132.6287039169983,1132.6348452920065,1132.6348452920065,1133.4317189580033,1133.4201142079983,,,p,"001",2025-11-10_21h38.44.100,2nd exp,,2025.2.0,None,2025-11-10 21h38.44.185001 +0530,
They have finished the work,They work the have finished,transposition_unrelated,left,294,6,18,left,1,1.868694749995484,None,18,6,294,11,1133.4317189580033,,,,,,,,,1133.4263592500065,1133.4317189580033,1133.6782648329972,1133.6782648329972,1133.868400499996,1133.868400499996,1134.0580760000012,1134.075583124999,1134.169968208007,1134.1770455829974,1134.1770455829974,1136.0544636669947,left,1,1.868694749995484,None,1136.0547463749972,1136.0657137920061,1136.0657137920061,1136.2530341249949,1136.260512541994,1136.260512541994,1137.0553736250004,1137.0433380829927,,,p,"001",2025-11-10_21h38.44.100,2nd exp,,2025.2.0,None,2025-11-10 21h38.44.185001 +0530,
They have finished the work,They have finished the work,repetition_related,right,295,7,18,right,1,1.1963787489949027,None,18,7,295,8,1137.0553736250004,,,,,,,,,1137.049752542007,1137.0553736250004,1137.3029616669955,1137.3029616669955,1137.5030132919928,1137.4905795420054,1137.6917407080036,1137.7032982079982,1137.7921810830012,1137.803355875003,1137.803355875003,1139.005523083004,right,1,1.1963787489949027,None,1139.006085208006,1139.0176214579988,1139.0176214579988,1139.2030462919938,1139.2103087080031,1139.2103087080031,1140.002928832997,1139.9860888749972,,,p,"001",2025-11-10_21h38.44.100,2nd exp,,2025.2.0,None,2025-11-10 21h38.44.185001 +0530,
The boy can read fast,The read can boy fast,transposition_unrelated,left,296,8,18,left,1,0.8154908750002505,None,18,8,296,3,1140.002928832997,,,,,,,,,1139.9980763750063,1140.006687874993,1140.2517661250022,1140.2517661250022,1140.4530070420005,1140.4414768330025,1140.6413734170055,1140.653270374998,1140.741646208,1140.7532225000032,1140.7532225000032,1141.5720126249944,left,1,0.8154908750002505,None,1141.572604957997,1141.5843874999991,1141.5843874999991,1141.768374374995,1141.7751479169965,1141.7751479169965,1142.5681431249977,1142.5521412499947,,,p,"001",2025-11-10_21h38.44.100,2nd exp,,2025.2.0,None,2025-11-10 21h38.44.185001 +0530,
They have finished the work,They finished have the work,transposition_related,right,297,9,18,left,0,0.9726304569921922,None,18,9,297,10,1142.5681431249977,,,,,,,,,1142.5634101250034,1142.5718080420047,1142.819855291993,1142.819855291993,1143.0198369169957,1143.007121207993,1143.2080769580061,1143.2198734999984,1143.3082650419965,1143.3199969169946,1143.3199969169946,1144.2946209579968,left,0,0.9726304569921922,None,1144.2949020829983,1144.3057643750071,1144.3057643750071,1144.4950329580024,1144.5015717500064,1144.5015717500064,1145.2938553330023,1145.278168667006,,,p,"001",2025-11-10_21h38.44.100,2nd exp,,2025.2.0,None,2025-11-10 21h38.44.185001 +0530,
The dog is barking loudly,The barking dog loudly is,transposition_unrelated,left,298,10,18,left,1,0.9754864580027061,None,18,10,298,15,1145.2938553330023,,,,,,,,,1145.2883620420034,1145.2938553330023,1145.542690375005,1145.542690375005,1145.7352638330049,1145.7352638330049,1145.924756332999,1145.9428194170032,1146.036252167003,1146.0421412080032,1146.0421412080032,1147.0219191250071,left,1,0.9754864580027061,None,1147.022280374993,1147.0338305000041,1147.0338305000041,1147.2183563750004,1147.2252803750016,1147.2252803750016,1148.018241333004,1148.0022135829931,,,p,"001",2025-11-10_21h38.44.100,2nd exp,,2025.2.0,None,2025-11-10 21h38.44.185001 +0530,
She does not like apples,She not does like apples,transposition_related,right,299,11,18,left,0,0.9088153740012785,None,18,11,299,6,1148.018241333004,,,,,,,,,1148.0134332080052,1148.0228166250017,1148.2698069579928,1148.2698069579928,1148.4698280830053,1148.4698280830053,1148.657982042001,1148.669837124995,1148.7567117500002,1148.7696985420043,1148.7696985420043,1149.6881793329958,left,0,0.9088153740012785,None,1149.688473999995,1149.6995749170019,1149.6995749170019,1149.8863241670042,1149.8937914999988,1149.8937914999988,1150.6897358749993,1150.6753058330069,,,p,"001",2025-11-10_21h38.44.100,2nd exp,,2025.2.0,None,2025-11-10 21h38.44.185001 +0530,
The boy can read fast,The boy can read fast,transposition_related,right,300,12,18,right,1,1.2078560410009231,None,18,12,300,2,1150.6897358749993,,,,,,,,,1150.6848060000048,1150.6897358749993,1150.9364380829938,1150.9364380829938,1151.136616082993,1151.136616082993,1151.3251169580035,1151.3363997499982,1151.4246439169947,1151.4364948750008,1151.4364948750008,1152.6547578750033,right,1,1.2078560410009231,None,1152.6551975829934,1152.6665686250053,1152.6665686250053,1152.8532110829983,1152.8611870000022,1152.8611870000022,1153.6581667499995,1153.6430707919935,,,p,"001",2025-11-10_21h38.44.100,2nd exp,,2025.2.0,None,2025-11-10 21h38.44.185001 +0530,
She does not like apples,She does not like apples,repetition_related,right,301,13,18,left,0,1.207067541006836,None,18,13,301,4,1153.6581667499995,,,,,,,,,1153.6532262919936,1153.6581667499995,1153.9030845829984,1153.9030845829984,1154.1029605420044,1154.1029605420044,1154.2904602920025,1154.30295225,1154.3914748749958,1154.4032980420016,1154.4032980420016,1155.6213365419972,left,0,1.207067541006836,None,1155.6216442500008,1155.6330040419998,1155.6330040419998,1155.818411625005,1155.8255840829952,1155.8255840829952,1156.619677166993,1156.603606375007,,,p,"001",2025-11-10_21h38.44.100,2nd exp,,2025.2.0,None,2025-11-10 21h38.44.185001 +0530,
The boy can read fast,The read can boy fast,repetition_unrelated,left,302,14,18,left,1,1.430598665989237,None,18,14,302,1,1156.619677166993,,,,,,,,,1156.614682875006,1156.6243790000008,1156.8698212080053,1156.8698212080053,1157.069824249993,1157.0587870000018,1157.2590177079983,1157.2699247919954,1157.3572949999943,1157.3697422499972,1157.3697422499972,1158.804472917007,left,1,1.430598665989237,None,1158.804778042002,1158.8163387920067,1158.8163387920067,1159.0021032079967,1159.008527041995,1159.008527041995,1159.805989417,1159.7871410420048,,,p,"001",2025-11-10_21h38.44.100,2nd exp,,2025.2.0,None,2025-11-10 21h38.44.185001 +0530,
The dog is barking loudly,The dog is barking loudly,repetition_related,right,303,15,18,right,1,1.1979868320049718,None,18,15,303,12,1159.805989417,,,,,,,,,1159.7985066669935,1159.8195807919983,1160.0521887079958,1160.0593380000064,1160.253217791993,1160.2408773750067,1160.441014541997,1160.4532796249987,1160.5413649169932,1160.5531766670028,1160.5531766670028,1161.7554992079968,right,1,1.1979868320049718,None,1161.7561200000055,1161.7679539999954,1161.7679539999954,1161.9516379169945,1161.9583357499941,1161.9583357499941,1162.747671707999,1162.7368627919932,,,p,"001",2025-11-10_21h38.44.100,2nd exp,,2025.2.0,None,2025-11-10 21h38.44.185001 +0530,
The dog is barking loudly,The barking dog loudly is,transposition_unrelated,left,304,0,19,left,1,0.7889677909988677,None,19,0,304,15,1162.747671707999,,,,,,,,,1162.7427769170026,1162.7697190420004,1163.002997417003,1163.010693624994,1163.2032252500067,1163.2032252500067,1163.3920761670015,1163.4032831249933,1163.4908873749955,1163.503153208003,1163.503153208003,1164.2943340420024,left,1,0.7889677909988677,None,1164.2946079579997,1164.3059650000068,1164.3059650000068,1164.4950205420027,1164.501656458,1164.501656458,1165.2935395420063,1165.278038250006,,,p,"001",2025-11-10_21h38.44.100,2nd exp,,2025.2.0,None,2025-11-10 21h38.44.185001 +0530,
The boy can read fast,The boy can read fast,transposition_related,right,305,1,19,right,1,0.8992336250084918,None,19,1,305,2,1165.2935395420063,,,,,,,,,1165.2879636669968,1165.2935395420063,1165.545190792007,1165.5365955830057,1165.7411704169936,1165.7411704169936,1165.9366049579985,1165.9433666669938,1166.0365560420032,1166.042833917003,1166.042833917003,1166.9547792499943,right,1,0.8992336250084918,None,1166.9551678749995,1166.9668200830056,1166.9668200830056,1167.1529777079995,1167.1608114580013,1167.1608114580013,1167.956009792004,1167.9419079579966,,,p,"001",2025-11-10_21h38.44.100,2nd exp,,2025.2.0,None,2025-11-10 21h38.44.185001 +0530,
They have finished the work,They finished have the work,transposition_related,right,306,2,19,left,0,0.9688261249975767,None,19,2,306,10,1167.956009792004,,,,,,,,,1167.9511229579948,1167.956009792004,1168.2023798750015,1168.2023798750015,1168.4032569999981,1168.390368249995,1168.591279625005,1168.6032572080003,1168.691355707997,1168.703160207995,1168.703160207995,1169.6761681670032,left,0,0.9688261249975767,None,1169.6764434579964,1169.688818333001,1169.688818333001,1169.8691818329971,1169.8849928749987,1169.8849928749987,1170.6673049999954,1170.6524946249992,,,p,"001",2025-11-10_21h38.44.100,2nd exp,,2025.2.0,None,2025-11-10 21h38.44.185001 +0530,
The boy can read fast,The read can boy fast,transposition_unrelated,left,307,3,19,left,1,1.6197043330030283,None,19,3,307,3,1170.6673049999954,,,,,,,,,1170.6625324579945,1170.671813791996,1170.928047333,1170.9197805000003,1171.1255890419998,1171.1255890419998,1171.319842124998,1171.319842124998,1171.4071702079964,1171.4261612080008,1171.4261612080008,1173.0553839170025,left,1,1.6197043330030283,None,1173.0557711250003,1173.067137332997,1173.067137332997,1173.2529132920026,1173.2602766670025,1173.2602766670025,1174.0519565830036,1174.0359387079952,,,p,"001",2025-11-10_21h38.44.100,2nd exp,,2025.2.0,None,2025-11-10 21h38.44.185001 +0530,
They have finished the work,They work the have finished,transposition_unrelated,left,308,4,19,left,1,1.268481831997633,None,19,4,308,11,1174.0519565830036,,,,,,,,,1174.0473190420016,1174.0563269999984,1174.3033433749952,1174.3033433749952,1174.503123292001,1174.503123292001,1174.6913155420043,1174.7031109170057,1174.792111792005,1174.8033046670025,1174.8033046670025,1176.0772505829955,left,1,1.268481831997633,None,1176.077527292,1176.0887475420022,1176.0887475420022,1176.278553917,1176.2850144999975,1176.2850144999975,1177.087957458003,1177.070170292005,,,p,"001",2025-11-10_21h38.44.100,2nd exp,,2025.2.0,None,2025-11-10 21h38.44.185001 +0530,
She does not like apples,She not does like apples,transposition_related,right,309,5,19,left,0,1.1283074579987442,None,19,5,309,6,1177.087957458003,,,,,,,,,1177.082826208003,1177.087957458003,1177.328425582993,1177.3349341249996,1177.5182206250029,1177.5233551249985,1177.7070647920045,1177.7261591669958,1177.8197350419941,1177.8264396669983,1177.8264396669983,1178.960606416993,left,0,1.1283074579987442,None,1178.9608865829941,1178.9720961249986,1178.9720961249986,1179.1621022920008,1179.167967417001,1179.167967417001,1179.968654917,1179.9532841670007,,,p,"001",2025-11-10_21h38.44.100,2nd exp,,2025.2.0,None,2025-11-10 21h38.44.185001 +0530,
The boy can read fast,The read can boy fast,repetition_unrelated,left,310,6,19,left,1,1.475570581998909,None,19,6,310,1,1179.968654917,,,,,,,,,1179.9634946669976,1179.968654917,1180.2111906670034,1180.2111906670034,1180.4091719169955,1180.4091719169955,1180.6095639169944,1180.6095639169944,1180.7091060420062,1180.7091060420062,1180.7091060420062,1182.1877950829949,left,1,1.475570581998909,None,1182.188181999998,1182.1996295419958,1182.1996295419958,1182.385765125,1182.3936433329945,1182.3936433329945,1183.1851825829945,1183.1694308330043,,,p,"001",2025-11-10_21h38.44.100,2nd exp,,2025.2.0,None,2025-11-10 21h38.44.185001 +0530,
They have finished the work,They finished have the work,repetition_unrelated,left,311,7,19,left,1,1.8001777910103556,None,19,7,311,9,1183.1851825829945,,,,,,,,,1183.1804971670063,1183.1888954580063,1183.4352197499975,1183.4352197499975,1183.6362554170046,1183.6218735000002,1183.8250208329991,1183.8363287079992,1183.9249294579931,1183.9364393750002,1183.9364393750002,1185.7438309169956,left,1,1.8001777910103556,None,1185.7441177080036,1185.755283999999,1185.755283999999,1185.9451882919966,1185.9518463330023,1185.9518463330023,1186.7442630830046,1186.728053208004,,,p,"001",2025-11-10_21h38.44.100,2nd exp,,2025.2.0,None,2025-11-10 21h38.44.185001 +0530,
The boy can read fast,The boy can read fast,repetition_related,right,312,8,19,right,1,1.3286755820008693,None,19,8,312,0,1186.7442630830046,,,,,,,,,1186.738670000006,1186.7442630830046,1186.9931134170038,1186.9931134170038,1187.1939614580042,1187.1939614580042,1187.3934650830051,1187.3934650830051,1187.4869816249993,1187.4869816249993,1187.4869816249993,1188.8210804580012,right,1,1.3286755820008693,None,1188.821484,1188.8336011250067,1188.8336011250067,1189.0186933749937,1189.0262917920045,1189.0262917920045,1189.8201892920042,1189.8036601670028,,,p,"001",2025-11-10_21h38.44.100,2nd exp,,2025.2.0,None,2025-11-10 21h38.44.185001 +0530,
The dog is barking loudly,The loudly is barking dog,repetition_unrelated,left,313,9,19,left,1,1.0426308330061147,None,19,9,313,13,1189.8201892920042,,,,,,,,,1189.8152084169997,1189.8364038750005,1190.0682574579987,1190.0851627499942,1190.2696982079942,1190.258084083005,1190.4578318330023,1190.4697542079957,1190.5571344579948,1190.569862749995,1190.569862749995,1191.6210914580006,left,1,1.0426308330061147,None,1191.6213836249954,1191.6324786250043,1191.6324786250043,1191.8181274579983,1191.825799750004,1191.825799750004,1192.6168451249978,1192.6018509169953,,,p,"001",2025-11-10_21h38.44.100,2nd exp,,2025.2.0,None,2025-11-10 21h38.44.185001 +0530,
She does not like apples,She like does apples not,transposition_unrelated,left,314,10,19,left,1,1.7127391249960056,None,19,10,314,7,1192.6168451249978,,,,,,,,,1192.612074375007,1192.620995374993,1192.8695967079984,1192.8695967079984,1193.0695877919934,1193.0695877919934,1193.2578385829984,1193.2695945000014,1193.3571302079945,1193.369711249994,1193.369711249994,1195.088111582998,left,1,1.7127391249960056,None,1195.088631999999,1195.1004878329986,1195.1004878329986,1195.286415208,1195.2948383750045,1195.2948383750045,1196.0909808750002,1196.0751558750053,,,p,"001",2025-11-10_21h38.44.100,2nd exp,,2025.2.0,None,2025-11-10 21h38.44.185001 +0530,
The dog is barking loudly,The dog is barking loudly,repetition_related,right,315,11,19,right,1,1.2131560409907252,None,19,11,315,12,1196.0909808750002,,,,,,,,,1196.0857030829939,1196.0909808750002,1196.3362920829968,1196.3362920829968,1196.536313250006,1196.536313250006,1196.725076667004,1196.7362711250025,1196.825222667001,1196.8362049999996,1196.8362049999996,1198.0551935830008,right,1,1.2131560409907252,None,1198.0557342079992,1198.0673796250048,1198.0673796250048,1198.2528290420014,1198.260317124994,1198.260317124994,1199.059650916999,1199.0437228329974,,,p,"001",2025-11-10_21h38.44.100,2nd exp,,2025.2.0,None,2025-11-10 21h38.44.185001 +0530,
They have finished the work,They have finished the work,repetition_related,right,316,12,19,right,1,0.9509018319949973,None,19,12,316,8,1199.059650916999,,,,,,,,,1199.0544360829954,1199.059650916999,1199.303020374995,1199.3111322500044,1199.5031950419943,1199.4904843330005,1199.690641167006,1199.7033564580051,1199.7926104579965,1199.8032902080013,1199.8032902080013,1200.7599335830018,right,1,0.9509018319949973,None,1200.7602100829972,1200.7716335830046,1200.7716335830046,1200.9513932919945,1200.9696158330044,1200.9696158330044,1201.752344374996,1201.735928167007,,,p,"001",2025-11-10_21h38.44.100,2nd exp,,2025.2.0,None,2025-11-10 21h38.44.185001 +0530,
She does not like apples,She not does like apples,repetition_unrelated,left,317,13,19,left,1,0.9784077910007909,None,19,13,317,5,1201.752344374996,,,,,,,,,1201.7472575830034,1201.7561154169962,1202.011404207995,1202.0031028329977,1202.2015650420071,1202.2069459170016,1202.3904829999956,1202.4091552080063,1202.5030224999937,1202.5030224999937,1202.5030224999937,1203.4884762919974,left,1,0.9784077910007909,None,1203.489043583002,1203.5006360830012,1203.5006360830012,1203.6861515000055,1203.693765707998,1203.693765707998,1204.484723750007,1204.4746718749957,,,p,"001",2025-11-10_21h38.44.100,2nd exp,,2025.2.0,None,2025-11-10 21h38.44.185001 +0530,
She does not like apples,She does not like apples,repetition_related,right,318,14,19,right,1,0.7225980410003103,None,19,14,318,4,1204.484723750007,,,,,,,,,1204.4795777499967,1204.484723750007,1204.7353667080024,1204.7246977080067,1204.9365680420015,1204.9224234580033,1205.1249172079988,1205.136419041999,1205.2237652500044,1205.2364850000013,1205.2364850000013,1205.9719697499968,right,1,0.7225980410003103,None,1205.972604583003,1205.984233042007,1205.984233042007,1206.1681836670032,1206.174838292005,1206.174838292005,1206.9683919999952,1206.9530602919986,,,p,"001",2025-11-10_21h38.44.100,2nd exp,,2025.2.0,None,2025-11-10 21h38.44.185001 +0530,
The dog is barking loudly,The dog barking is loudly,transposition_related,right,319,15,19,left,0,1.4415213740139734,None,19,15,319,14,1206.9683919999952,,,,,,,,,1206.9635643749934,1206.9731008329982,1207.2196939169953,1207.2196939169953,1207.4197314579942,1207.4071007919993,1207.608163249999,1207.6196432080033,1207.706619042001,1207.7195894579927,1207.7195894579927,1209.1710454580025,left,0,1.4415213740139734,None,1209.1713431670069,1209.1822789580037,1209.1822789580037,1209.3695264169946,1209.378106832999,1209.378106832999,1210.159117874995,1210.153443083007,,,p,"001",2025-11-10_21h38.44.100,2nd exp,,2025.2.0,None,2025-11-10 21h38.44.185001 +0530,
The dog is barking loudly,The dog barking is loudly,transposition_related,right,320,0,20,left,0,1.0952657909947447,None,20,0,320,14,1210.159117874995,,,,,,,,,1210.1539276669937,1210.1697587499948,1210.4197603749926,1210.407688708001,1210.6195998329931,1210.6062208749936,1210.8065970000025,1210.8195512499951,1210.906975292004,1210.9197091249953,1210.9197091249953,1212.0212488749967,left,0,1.0952657909947447,None,1212.021643333006,1212.0333386249986,1212.0333386249986,1212.2181830000045,1212.2263795420004,1212.2263795420004,1213.0142243330047,1213.0023836250039,,,p,"001",2025-11-10_21h38.44.100,2nd exp,,2025.2.0,None,2025-11-10 21h38.44.185001 +0530,
The dog is barking loudly,The loudly is barking dog,repetition_unrelated,left,321,1,20,left,1,0.9740662499971222,None,20,1,321,13,1213.0142243330047,,,,,,,,,1213.0095174580056,1213.0182413750008,1213.2697020829946,1213.257818875005,1213.469740917004,1213.4583905000036,1213.6569425829948,1213.6694673750026,1213.7579824999993,1213.7698119169945,1213.7698119169945,1214.7544749999943,left,1,0.9740662499971222,None,1214.7547867079993,1214.766128999996,1214.766128999996,1214.9513444579934,1214.9576311669953,1214.9576311669953,1215.753520875005,1215.7366279169946,,,p,"001",2025-11-10_21h38.44.100,2nd exp,,2025.2.0,None,2025-11-10 21h38.44.185001 +0530,
She does not like apples,She like does apples not,transposition_unrelated,left,322,2,20,left,1,1.0488732490048278,None,20,2,322,7,1215.753520875005,,,,,,,,,1215.7487138750002,1215.7695599169965,1216.0028493749996,1216.010890791993,1216.202879916993,1216.1906833749963,1216.391649416997,1216.4029157500045,1216.4912033750006,1216.5030404999998,1216.5030404999998,1217.5545729580044,left,1,1.0488732490048278,None,1217.5549659579992,1217.5663742500037,1217.5663742500037,1217.7529950830067,1217.7606028330047,1217.7606028330047,1218.557659291997,1218.5417037919979,,,p,"001",2025-11-10_21h38.44.100,2nd exp,,2025.2.0,None,2025-11-10 21h38.44.185001 +0530,
The dog is barking loudly,The dog is barking loudly,repetition_related,right,323,3,20,right,1,1.4127682079997612,None,20,3,323,12,1218.557659291997,,,,,,,,,1218.5525009169942,1218.557659291997,1218.803118041993,1218.803118041993,1219.003350125,1218.9910953749932,1219.1911591249955,1219.203138708006,1219.2907532499958,1219.3031127499999,1219.3031127499999,1220.7218311250035,right,1,1.4127682079997612,None,1220.7224278749927,1220.7341330420022,1220.7341330420022,1220.9181398329965,1220.9263030000002,1220.9263030000002,1221.7177515829972,1221.7020095420012,,,p,"001",2025-11-10_21h38.44.100,2nd exp,,2025.2.0,None,2025-11-10 21h38.44.185001 +0530,
The boy can read fast,The boy can read fast,repetition_related,right,324,4,20,right,1,0.8649951659899671,None,20,4,324,0,1221.7177515829972,,,,,,,,,1221.7129289580043,1221.7223276669974,1221.9697787500045,1221.9697787500045,1222.1696085419971,1222.1568642920029,1222.3581444169977,1222.3696579579992,1222.4569977079955,1222.4697536669992,1222.4697536669992,1223.3377804170013,right,1,0.8649951659899671,None,1223.338184082997,1223.3498740000068,1223.3498740000068,1223.5352646249958,1223.542545624994,1223.542545624994,1224.3354155419947,1224.319439583007,,,p,"001",2025-11-10_21h38.44.100,2nd exp,,2025.2.0,None,2025-11-10 21h38.44.185001 +0530,
They have finished the work,They work the have finished,transposition_unrelated,left,325,5,20,left,1,0.9434912069991697,None,20,5,325,11,1224.3354155419947,,,,,,,,,1224.3305977919954,1224.3391908750054,1224.5863930829946,1224.5863930829946,1224.7864610830002,1224.7864610830002,1224.9745079580025,1224.986173792,1225.0744767080032,1225.0861711670004,1225.0861711670004,1226.0384544169938,left,1,0.9434912069991697,None,1226.0390330829978,1226.0505254169984,1226.0505254169984,1226.2347357919934,1226.2409934169991,1226.2409934169991,1227.0295789999946,1227.0186047500029,,,p,"001",2025-11-10_21h38.44.100,2nd exp,,2025.2.0,None,2025-11-10 21h38.44.185001 +0530,
They have finished the work,They finished have the work,repetition_unrelated,left,326,6,20,left,1,0.825221999999485,None,20,6,326,9,1227.0295789999946,,,,,,,,,1227.0247579999996,1227.0347466670064,1227.2862322919973,1227.2748542079935,1227.486375833003,1227.4738990000042,1227.6740839580016,1227.6864961670071,1227.7737686250039,1227.7864287499979,1227.7864287499979,1228.6214339580038,left,1,0.825221999999485,None,1228.6217138329957,1228.6341545000032,1228.6341545000032,1228.8187500420026,1228.826958000005,1228.826958000005,1229.61743975,1229.6033204999985,,,p,"001",2025-11-10_21h38.44.100,2nd exp,,2025.2.0,None,2025-11-10 21h38.44.185001 +0530,
The boy can read fast,The read can boy fast,repetition_unrelated,left,327,7,20,left,1,1.0259543319989461,None,20,7,327,1,1229.61743975,,,,,,,,,1229.6126387499971,1229.622216417003,1229.869611874994,1229.869611874994,1230.0696688330063,1230.0585849579948,1230.2581504580012,1230.2696979169996,1230.3582919170003,1230.369607792003,1230.369607792003,1231.405106708,left,1,1.0259543319989461,None,1231.405763332994,1231.4172172499966,1231.4172172499966,1231.6026392079948,1231.6101924579998,1231.6101924579998,1232.4083748330013,1232.3935783750057,,,p,"001",2025-11-10_21h38.44.100,2nd exp,,2025.2.0,None,2025-11-10 21h38.44.185001 +0530,
She does not like apples,She does not like apples,repetition_related,right,328,8,20,right,1,0.8135529160063015,None,20,8,328,4,1232.4083748330013,,,,,,,,,1232.4031519580021,1232.4083748330013,1232.6528753330058,1232.6528753330058,1232.853073457998,1232.853073457998,1233.0404242499935,1233.0529723749933,1233.1398988330038,1233.1529500420002,1233.1529500420002,1233.971702499999,right,1,0.8135529160063015,None,1233.9720967080066,1233.983529374993,1233.983529374993,1234.1681282500067,1234.1748131670029,1234.1748131670029,1234.9679717079998,1234.9532502079965,,,p,"001",2025-11-10_21h38.44.100,2nd exp,,2025.2.0,None,2025-11-10 21h38.44.185001 +0530,
They have finished the work,They finished have the work,transposition_related,right,329,9,20,left,0,0.868752875001519,None,20,9,329,10,1234.9679717079998,,,,,,,,,1234.9631427080021,1234.9723848330032,1235.2193404999998,1235.2193404999998,1235.419669416995,1235.4069552919973,1235.6068845830014,1235.6194243329955,1235.707103541994,1235.7196434579964,1235.7196434579964,1236.5938027920056,left,0,0.868752875001519,None,1236.5940890420025,1236.6053314580058,1236.6053314580058,1236.7958141249983,1236.801693166999,1236.801693166999,1237.600934957998,1237.5856214170053,,,p,"001",2025-11-10_21h38.44.100,2nd exp,,2025.2.0,None,2025-11-10 21h38.44.185001 +0530,
The boy can read fast,The boy can read fast,transposition_related,right,330,10,20,right,1,0.8895947909913957,None,20,10,330,2,1237.600934957998,,,,,,,,,1237.5958086669998,1237.600934957998,1237.844771582997,1237.844771582997,1238.0348056249932,1238.0348056249932,1238.2249275829963,1238.2427758330014,1238.3358002080058,1238.3358002080058,1238.3358002080058,1239.2377780829993,right,1,0.8895947909913957,None,1239.2380576669966,1239.2489174170041,1239.2489174170041,1239.435085582998,1239.4434157499927,1239.4434157499927,1240.235306542003,1240.2198955000058,,,p,"001",2025-11-10_21h38.44.100,2nd exp,,2025.2.0,None,2025-11-10 21h38.44.185001 +0530,
She does not like apples,She not does like apples,transposition_related,right,331,11,20,left,0,0.7681377490080195,None,20,11,331,6,1240.235306542003,,,,,,,,,1240.2306173749967,1240.2398799170041,1240.4863848329987,1240.4863848329987,1240.6861901670054,1240.6861901670054,1240.874782083003,1240.886457792003,1240.9750846249954,1240.9860988330038,1240.9860988330038,1241.7604321249964,left,0,0.7681377490080195,None,1241.7607038749993,1241.7717064580065,1241.7717064580065,1241.9608969580004,1241.9680777080066,1241.9680777080066,1242.770321707998,1242.7537496250006,,,p,"001",2025-11-10_21h38.44.100,2nd exp,,2025.2.0,None,2025-11-10 21h38.44.185001 +0530,
They have finished the work,They have finished the work,repetition_related,right,332,12,20,right,1,0.9060867490043165,None,20,12,332,8,1242.770321707998,,,,,,,,,1242.765081791993,1242.770321707998,1243.0113781249966,1243.0113781249966,1243.2016735829966,1243.2063263330056,1243.390141041993,1243.4094462079956,1243.5029507500003,1243.5092249169975,1243.5092249169975,1244.4217604169971,right,1,0.9060867490043165,None,1244.422319874997,1244.4340440829983,1244.4340440829983,1244.6194868330058,1244.6273217919952,1244.6273217919952,1245.418825832996,1245.403399582996,,,p,"001",2025-11-10_21h38.44.100,2nd exp,,2025.2.0,None,2025-11-10 21h38.44.185001 +0530,
She does not like apples,She not does like apples,repetition_unrelated,left,333,13,20,left,1,0.707491499997559,None,20,13,333,5,1245.418825832996,,,,,,,,,1245.4140521249938,1245.4232904999953,1245.6696340420021,1245.6696340420021,1245.8694722079963,1245.8694722079963,1246.0571396250016,1246.0697482079995,1246.1569191669987,1246.169696375,1246.169696375,1246.8879876249994,left,1,0.707491499997559,None,1246.8883735830022,1246.8993390419928,1246.8993390419928,1247.0856489580037,1247.092728042,1247.092728042,1247.8849484579987,1247.8691483750008,,,p,"001",2025-11-10_21h38.44.100,2nd exp,,2025.2.0,None,2025-11-10 21h38.44.185001 +0530,
The boy can read fast,The read can boy fast,transposition_unrelated,left,334,14,20,left,1,0.836025791009888,None,20,14,334,3,1247.8849484579987,,,,,,,,,1247.880119458001,1247.8896288329997,1248.136346416999,1248.136346416999,1248.335877916994,1248.335877916994,1248.5238384169934,1248.5362292079953,1248.6235778749979,1248.6361467079987,1248.6361467079987,1249.4771857919986,left,1,0.836025791009888,None,1249.477484749994,1249.4888297080033,1249.4888297080033,1249.6781855419977,1249.6848077080067,1249.6848077080067,1250.478256375005,1250.461334791995,,,p,"001",2025-11-10_21h38.44.100,2nd exp,,2025.2.0,None,2025-11-10 21h38.44.185001 +0530,
The dog is barking loudly,The barking dog loudly is,transposition_unrelated,left,335,15,20,left,1,1.0670766660041409,None,20,15,335,15,1250.478256375005,,,,,,,,,1250.4727772920014,1250.478256375005,1250.7281174170057,1250.7281174170057,1250.9181292919966,1250.922749624995,1251.1066570419935,1251.1239935829944,1251.219280958001,1251.2249679579982,1251.2249679579982,1252.303324124994,left,1,1.0670766660041409,None,1252.3036152080022,1252.314798499996,1252.314798499996,1252.4944615419954,1252.507843917003,1252.507843917003,1253.3036474580003,1253.2867358749936,,,p,"001",2025-11-10_21h38.44.100,2nd exp,,2025.2.0,None,2025-11-10 21h38.44.185001 +0530,
She does not like apples,She does not like apples,repetition_related,right,336,0,21,left,0,0.5502512079983717,None,21,0,336,4,1253.3036474580003,,,,,,,,,1253.2982603749988,1253.3036474580003,1253.5444183749933,1253.5444183749933,1253.7431135420047,1253.7431135420047,1253.9363677920046,1253.942761541999,1254.036288083007,1254.0427594999928,1254.0427594999928,1254.6050781249942,left,0,0.5502512079983717,None,1254.6055504999968,1254.6171657499945,1254.6171657499945,1254.8019546249998,1254.8092502079962,1254.8092502079962,1255.5985112079943,1255.5869227079966,,,p,"001",2025-11-10_21h38.44.100,2nd exp,,2025.2.0,None,2025-11-10 21h38.44.185001 +0530,
She does not like apples,She like does apples not,transposition_unrelated,left,337,1,21,left,1,0.8198905409954023,None,21,1,337,7,1255.5985112079943,,,,,,,,,1255.5936401670042,1255.6041318329953,1255.8530433330016,1255.8530433330016,1256.0530717079964,1256.0530717079964,1256.2414249580033,1256.2528965829988,1256.3412251249974,1256.3530527919938,1256.3530527919938,1257.176881249994,left,1,0.8198905409954023,None,1257.1772407079989,1257.1886840420048,1257.1886840420048,1257.3781997500046,1257.3847483330028,1257.3847483330028,1258.1803749170067,1258.1692797919968,,,p,"001",2025-11-10_21h38.44.100,2nd exp,,2025.2.0,None,2025-11-10 21h38.44.185001 +0530,
She does not like apples,She not does like apples,transposition_related,right,338,2,21,left,0,1.2659234160091728,None,21,2,338,6,1258.1803749170067,,,,,,,,,1258.1749371670012,1258.1803749170067,1258.4277333329956,1258.4277333329956,1258.6259820419946,1258.6259820419946,1258.8197139580006,1258.8260984579974,1258.9197887920018,1258.926304749999,1258.926304749999,1260.1937986249977,left,0,1.2659234160091728,None,1260.194067000004,1260.2054204580054,1260.2054204580054,1260.3951570000063,1260.4019828750024,1260.4019828750024,1261.2020935829933,1261.1868035420048,,,p,"001",2025-11-10_21h38.44.100,2nd exp,,2025.2.0,None,2025-11-10 21h38.44.185001 +0530,
The dog is barking loudly,The dog barking is loudly,transposition_related,right,339,3,21,left,0,1.058415999999852,None,21,3,339,14,1261.2020935829933,,,,,,,,,1261.1967586249957,1261.2020935829933,1261.443657958007,1261.443657958007,1261.642895041994,1261.642895041994,1261.8362051669974,1261.8425786669977,1261.9423528329935,1261.9423528329935,1261.9423528329935,1263.0051996249967,left,0,1.058415999999852,None,1263.005797542006,1263.017634667005,1263.017634667005,1263.201237166999,1263.2075096670014,1263.2075096670014,1264.0022012919944,1263.9868081250024,,,p,"001",2025-11-10_21h38.44.100,2nd exp,,2025.2.0,None,2025-11-10 21h38.44.185001 +0530,
The boy can read fast,The boy can read fast,transposition_related,right,340,4,21,right,1,1.0457344570022542,None,21,4,340,2,1264.0022012919944,,,,,,,,,1263.9972383749991,1264.0066375000024,1264.2530280000065,1264.2530280000065,1264.4528685419937,1264.4412956250017,1264.641179541999,1264.6529896669963,1264.7402421669976,1264.752989457993,1264.752989457993,1265.8043876250013,right,1,1.0457344570022542,None,1265.804668208002,1265.8162841669982,1265.8162841669982,1266.0028715829976,1266.010636082996,1266.010636082996,1266.803155917005,1266.78689725,,,p,"001",2025-11-10_21h38.44.100,2nd exp,,2025.2.0,None,2025-11-10 21h38.44.185001 +0530,
The dog is barking loudly,The dog is barking loudly,repetition_related,right,341,5,21,right,1,1.316581416002009,None,21,5,341,12,1266.803155917005,,,,,,,,,1266.7978890420054,1266.8195396670053,1267.052922207993,1267.0609252919967,1267.2528764169983,1267.2528764169983,1267.4412362080038,1267.4529525830003,1267.5410407080053,1267.5530412499938,1267.5530412499938,1268.8752548750053,right,1,1.316581416002009,None,1268.875528916993,1268.8877194579982,1268.8877194579982,1269.0782056669996,1269.0847371249984,1269.0847371249984,1269.877179832998,1269.8612015830004,,,p,"001",2025-11-10_21h38.44.100,2nd exp,,2025.2.0,None,2025-11-10 21h38.44.185001 +0530,
They have finished the work,They finished have the work,transposition_related,right,342,6,21,left,0,0.7793226240028162,None,21,6,342,10,1269.877179832998,,,,,,,,,1269.8718472079927,1269.877179832998,1270.1196614999935,1270.1277011250058,1270.3264447919937,1270.3076218750066,1270.5195026669971,1270.5195026669971,1270.6070512080041,1270.626329125007,1270.626329125007,1271.4097848329984,left,0,0.7793226240028162,None,1271.4100622080005,1271.4214866249968,1271.4214866249968,1271.6120114579971,1271.6182643750071,1271.6182643750071,1272.407288375005,1272.4017539170018,,,p,"001",2025-11-10_21h38.44.100,2nd exp,,2025.2.0,None,2025-11-10 21h38.44.185001 +0530,
They have finished the work,They finished have the work,repetition_unrelated,left,343,7,21,left,1,0.9076125830033561,None,21,7,343,9,1272.407288375005,,,,,,,,,1272.402145999993,1272.407288375005,1272.6612273329956,1272.6529946670053,1272.8513036670047,1272.8559025419963,1273.0411394580005,1273.059253792002,1273.1528668329993,1273.1528668329993,1273.1528668329993,1274.0712009999988,left,1,0.9076125830033561,None,1274.0714985829982,1274.0826903330017,1274.0826903330017,1274.2692924580042,1274.2768629170023,1274.2768629170023,1275.074475292,1275.0601117500046,,,p,"001",2025-11-10_21h38.44.100,2nd exp,,2025.2.0,None,2025-11-10 21h38.44.185001 +0530,
The boy can read fast,The boy can read fast,repetition_related,right,344,8,21,right,1,0.6057178329938324,None,21,8,344,0,1275.074475292,,,,,,,,,1275.0693363750033,1275.074475292,1275.3195733330067,1275.3195733330067,1275.5189702920034,1275.5189702920034,1275.7070922919957,1275.7196255000017,1275.8078410830058,1275.8197312499979,1275.8197312499979,1276.4270951249928,right,1,0.6057178329938324,None,1276.4274351670028,1276.4386897499935,1276.4386897499935,1276.6282911669987,1276.635068292002,1276.635068292002,1277.4359642920026,1277.420091042004,,,p,"001",2025-11-10_21h38.44.100,2nd exp,,2025.2.0,None,2025-11-10 21h38.44.185001 +0530,
She does not like apples,She not does like apples,repetition_unrelated,left,345,9,21,left,1,0.6489179570053238,None,21,9,345,5,1277.4359642920026,,,,,,,,,1277.430600541993,1277.4359642920026,1277.6779835000052,1277.6779835000052,1277.8684074170014,1277.8730822499929,1278.0569513329974,1278.0759267079993,1278.1694284580008,1278.1754732080008,1278.1754732080008,1278.8272330829932,left,1,0.6489179570053238,None,1278.8275909999938,1278.8382890829962,1278.8382890829962,1279.0285420419968,1279.0347817080037,1279.0347817080037,1279.8364291670005,1279.820115208,,,p,"001",2025-11-10_21h38.44.100,2nd exp,,2025.2.0,None,2025-11-10 21h38.44.185001 +0530,
The dog is barking loudly,The loudly is barking dog,repetition_unrelated,left,346,10,21,right,0,1.012345875002211,None,21,10,346,13,1279.8364291670005,,,,,,,,,1279.8311717080069,1279.8364291670005,1280.0777031670004,1280.0777031670004,1280.2692050829937,1280.2692050829937,1280.4585162080039,1280.4761362080026,1280.5696479579929,1280.5760048749944,1280.5760048749944,1281.592994666993,right,0,1.012345875002211,None,1281.5932835830026,1281.6045390829968,1281.6045390829968,1281.7947107079963,1281.8011534999969,1281.8011534999969,1282.6018960420042,1282.5867627919943,,,p,"001",2025-11-10_21h38.44.100,2nd exp,,2025.2.0,None,2025-11-10 21h38.44.185001 +0530,
The boy can read fast,The read can boy fast,transposition_unrelated,left,347,11,21,left,1,1.4259750409983099,None,21,11,347,3,1282.6018960420042,,,,,,,,,1282.596378208007,1282.6018960420042,1282.836117208004,1282.844221708001,1283.0428966250038,1283.0237689579953,1283.2362367919995,1283.2362367919995,1283.3238979580055,1283.3423518329946,1283.3423518329946,1284.771975708005,left,1,1.4259750409983099,None,1284.7724562079966,1284.7840158750041,1284.7840158750041,1284.968466582999,1284.9758703749976,1284.9758703749976,1285.7585189999954,1285.7531034999993,,,p,"001",2025-11-10_21h38.44.100,2nd exp,,2025.2.0,None,2025-11-10 21h38.44.185001 +0530,
The boy can read fast,The read can boy fast,repetition_unrelated,left,348,12,21,left,1,0.7836742490035249,None,21,12,348,1,1285.7585189999954,,,,,,,,,1285.7534860830056,1285.7695849169977,1286.0197056670004,1286.0082359579974,1286.219503500004,1286.219503500004,1286.4072651669994,1286.4194958330045,1286.508507999999,1286.5195609999937,1286.5195609999937,1287.3102786249947,left,1,0.7836742490035249,None,1287.3105496250064,1287.3217799169943,1287.3217799169943,1287.5112830419966,1287.5185602919955,1287.5185602919955,1288.3091906250047,1288.2942000420007,,,p,"001",2025-11-10_21h38.44.100,2nd exp,,2025.2.0,None,2025-11-10 21h38.44.185001 +0530,
They have finished the work,They have finished the work,repetition_related,right,349,13,21,right,1,1.2441789579897886,None,21,13,349,8,1288.3091906250047,,,,,,,,,1288.3037599170057,1288.3091906250047,1288.5614548750018,1288.5530165829987,1288.7590824999934,1288.7590824999934,1288.9528874579992,1288.959685541995,1289.0589892080025,1289.0589892080025,1289.0589892080025,1290.310844000007,right,1,1.2441789579897886,None,1290.311127042005,1290.322078541998,1290.322078541998,1290.5112576249958,1290.518131542005,1290.518131542005,1291.3056757080049,1291.2945011249976,,,p,"001",2025-11-10_21h38.44.100,2nd exp,,2025.2.0,None,2025-11-10 21h38.44.185001 +0530,
They have finished the work,They work the have finished,transposition_unrelated,left,350,14,21,left,1,1.1915037910075625,None,21,14,350,11,1291.3056757080049,,,,,,,,,1291.3005489579955,1291.3056757080049,1291.5609767080023,1291.5528464999952,1291.7570866669994,1291.7570866669994,1291.952927958002,1291.9592163329944,1292.0527335829975,1292.0586637499946,1292.0586637499946,1293.2549774999934,left,1,1.1915037910075625,None,1293.2555172499997,1293.267241249996,1293.267241249996,1293.4523337499995,1293.4600927499996,1293.4600927499996,1294.2504809999955,1294.235114916999,,,p,"001",2025-11-10_21h38.44.100,2nd exp,,2025.2.0,None,2025-11-10 21h38.44.185001 +0530,
The dog is barking loudly,The barking dog loudly is,transposition_unrelated,left,351,15,21,left,1,2.03009583200037,None,21,15,351,15,1294.2504809999955,,,,,,,,,1294.2454926670034,1294.255089792001,1294.502584582995,1294.502584582995,1294.7027286670054,1294.6904042499955,1294.8914561249985,1294.902898875007,1294.9902990830014,1295.0028080420016,1295.0028080420016,1297.0376515420066,left,1,2.03009583200037,None,1297.0380278329976,1297.0495737080055,1297.0495737080055,1297.236049166997,1297.243554582994,1297.243554582994,1298.0345971250063,1298.0193404169986,,,p,"001",2025-11-10_21h38.44.100,2nd exp,,2025.2.0,None,2025-11-10 21h38.44.185001 +0530,
The boy can read fast,The boy can read fast,repetition_related,right,352,0,22,right,1,0.9257140830013668,None,22,0,352,0,1298.0345971250063,,,,,,,,,1298.0294917080028,1298.039281999998,1298.2862900000036,1298.2862900000036,1298.4860915830068,1298.473727375007,1298.6738616670045,1298.6861107500008,1298.7751223749947,1298.7862100420025,1298.7862100420025,1299.7208817500068,right,1,0.9257140830013668,None,1299.721170542005,1299.731954707997,1299.731954707997,1299.9188137500023,1299.9267255000013,1299.9267255000013,1300.7181586249935,1300.7030343749939,,,p,"001",2025-11-10_21h38.44.100,2nd exp,,2025.2.0,None,2025-11-10 21h38.44.185001 +0530,
The dog is barking loudly,The barking dog loudly is,transposition_unrelated,left,353,1,22,left,1,1.4864591240038862,None,22,1,353,15,1300.7181586249935,,,,,,,,,1300.7131783749937,1300.7229090829933,1300.9695899999933,1300.9695899999933,1301.1690236669965,1301.1690236669965,1301.3573170000018,1301.3696514170006,1301.4584970419965,1301.469497708007,1301.469497708007,1302.9604220000037,left,1,1.4864591240038862,None,1302.960701582997,1302.972168124994,1302.972168124994,1303.160719499996,1303.1686536250054,1303.1686536250054,1303.9606382079946,1303.9444820000062,,,p,"001",2025-11-10_21h38.44.100,2nd exp,,2025.2.0,None,2025-11-10 21h38.44.185001 +0530,
She does not like apples,She not does like apples,transposition_related,right,354,2,22,left,0,0.7059365830064053,None,22,2,354,6,1303.9606382079946,,,,,,,,,1303.9551543330017,1303.9606382079946,1304.2104134999972,1304.2104134999972,1304.4029467499931,1304.4029467499931,1304.5916663749958,1304.6095893330057,1304.702889417007,1304.709941292007,1304.709941292007,1305.421621542002,left,0,0.7059365830064053,None,1305.4222240420058,1305.4339644580032,1305.4339644580032,1305.6194658750028,1305.6262926250056,1305.6262926250056,1306.4184083330038,1306.403117541995,,,p,"001",2025-11-10_21h38.44.100,2nd exp,,2025.2.0,None,2025-11-10 21h38.44.185001 +0530,
They have finished the work,They finished have the work,transposition_related,right,355,3,22,left,0,1.3534531659970526,None,22,3,355,10,1306.4184083330038,,,,,,,,,1306.4134750420053,1306.423108624993,1306.6696169579955,1306.6696169579955,1306.8694391669997,1306.8694391669997,1307.0569344170071,1307.0695454170054,1307.1575064579956,1307.169312041995,1307.169312041995,1308.526906500003,left,0,1.3534531659970526,None,1308.527270874998,1308.5383692920004,1308.5383692920004,1308.7283704169968,1308.7350786669995,1308.7350786669995,1309.5353452080017,1309.5197573329933,,,p,"001",2025-11-10_21h38.44.100,2nd exp,,2025.2.0,None,2025-11-10 21h38.44.185001 +0530,
The boy can read fast,The read can boy fast,repetition_unrelated,left,356,4,22,left,1,1.8586355409934185,None,22,4,356,1,1309.5353452080017,,,,,,,,,1309.5300357499946,1309.5353452080017,1309.7778772080055,1309.7778772080055,1309.9682257920067,1309.9745376670035,1310.1581721249968,1310.1757987919991,1310.2695414170012,1310.275991167,1310.275991167,1312.1382518750033,left,1,1.8586355409934185,None,1312.1386709170038,1312.1500302500062,1312.1500302500062,1312.336205582993,1312.3447176670015,1312.3447176670015,1313.135309374993,1313.1197600000014,,,p,"001",2025-11-10_21h38.44.100,2nd exp,,2025.2.0,None,2025-11-10 21h38.44.185001 +0530,
They have finished the work,They finished have the work,repetition_unrelated,left,357,5,22,left,1,0.8203627079928992,None,22,5,357,9,1313.135309374993,,,,,,,,,1313.130582458005,1313.1396531250066,1313.386140625007,1313.386140625007,1313.585890125003,1313.585890125003,1313.77477525,1313.786180666997,1313.8746408750012,1313.8862234999979,1313.8862234999979,1314.7103874580062,left,1,0.8203627079928992,None,1314.7106752079999,1314.7217545830063,1314.7217545830063,1314.9117379170057,1314.918466083007,1314.918466083007,1315.7195674999966,1315.7019600829954,,,p,"001",2025-11-10_21h38.44.100,2nd exp,,2025.2.0,None,2025-11-10 21h38.44.185001 +0530,
The boy can read fast,The boy can read fast,transposition_related,right,358,6,22,right,1,0.6330374160024803,None,22,6,358,2,1315.7195674999966,,,,,,,,,1315.7128113749932,1315.7195674999966,1315.9609034580062,1315.9609034580062,1316.158506916996,1316.158506916996,1316.3587291669974,1316.3587291669974,1316.4528904170002,1316.4594249579968,1316.4594249579968,1317.1051685830025,right,1,0.6330374160024803,None,1317.1058339169977,1317.1176097499992,1317.1176097499992,1317.3026179580047,1317.310137458,1317.310137458,1318.104622333005,1318.0933394169988,,,p,"001",2025-11-10_21h38.44.100,2nd exp,,2025.2.0,None,2025-11-10 21h38.44.185001 +0530,
The boy can read fast,The read can boy fast,transposition_unrelated,left,359,7,22,left,1,0.9235204580036225,None,22,7,359,3,1318.104622333005,,,,,,,,,1318.0984924999939,1318.104622333005,1318.3528077079973,1318.3528077079973,1318.5528344579943,1318.5412497920042,1318.7413741250057,1318.752856207997,1318.8401794579986,1318.8529186670057,1318.8529186670057,1319.7874409170036,left,1,0.9235204580036225,None,1319.787737916995,1319.7993992919946,1319.7993992919946,1319.9846284999949,1319.9920937499992,1319.9920937499992,1320.7828494580026,1320.7690990830015,,,p,"001",2025-11-10_21h38.44.100,2nd exp,,2025.2.0,None,2025-11-10 21h38.44.185001 +0530,
She does not like apples,She like does apples not,transposition_unrelated,left,360,8,22,left,1,0.5713689580006758,None,22,8,360,7,1320.7828494580026,,,,,,,,,1320.7782507499942,1320.7876038329996,1321.0361010000051,1321.0361010000051,1321.236094167005,1321.2242149999947,1321.4242226250062,1321.436175416995,1321.5247190829978,1321.5360431669978,1321.5360431669978,1322.1102645000065,left,1,0.5713689580006758,None,1322.1105426669965,1322.1218980419944,1322.1218980419944,1322.3121067080065,1322.318490916994,1322.318490916994,1323.1180682080012,1323.102124750003,,,p,"001",2025-11-10_21h38.44.100,2nd exp,,2025.2.0,None,2025-11-10 21h38.44.185001 +0530,
They have finished the work,They have finished the work,repetition_related,right,361,9,22,right,1,0.8000818330037873,None,22,9,361,8,1323.1180682080012,,,,,,,,,1323.112609792006,1323.1180682080012,1323.3591981250065,1323.3591981250065,1323.5591534999985,1323.5527954999998,1323.7583784169983,1323.7583784169983,1323.8528421670053,1323.8592893750028,1323.8592893750028,1324.6707607499993,right,1,0.8000818330037873,None,1324.6710377919953,1324.6823801669962,1324.6823801669962,1324.8692687080038,1324.876850707995,1324.876850707995,1325.6714121669938,1325.6599965829955,,,p,"001",2025-11-10_21h38.44.100,2nd exp,,2025.2.0,None,2025-11-10 21h38.44.185001 +0530,
They have finished the work,They work the have finished,transposition_unrelated,left,362,10,22,left,1,1.1629884990106802,None,22,10,362,11,1325.6714121669938,,,,,,,,,1325.665892082994,1325.6714121669938,1325.9194782080012,1325.9194782080012,1326.1194818329968,1326.1080170829955,1326.3066984579928,1326.3195478749985,1326.4070384170045,1326.4193907500012,1326.4193907500012,1327.5882633330039,left,1,1.1629884990106802,None,1327.5888282499945,1327.6005961250048,1327.6005961250048,1327.7845189999935,1327.7924652499933,1327.7924652499933,1328.5863520830026,1328.5697114170034,,,p,"001",2025-11-10_21h38.44.100,2nd exp,,2025.2.0,None,2025-11-10 21h38.44.185001 +0530,
She does not like apples,She does not like apples,repetition_related,right,363,11,22,right,1,0.9300006660050713,None,22,11,363,4,1328.5863520830026,,,,,,,,,1328.581589458001,1328.602750542006,1328.834564292003,1328.8515862500062,1329.0362543329975,1329.0246079170029,1329.223072541994,1329.2360560420057,1329.323499249993,1329.336214791998,1329.336214791998,1330.2709008749953,right,1,0.9300006660050713,None,1330.2712770829967,1330.2832337080035,1330.2832337080035,1330.4678788750025,1330.4748360420053,1330.4748360420053,1331.2694113330072,1331.2531872499967,,,p,"001",2025-11-10_21h38.44.100,2nd exp,,2025.2.0,None,2025-11-10 21h38.44.185001 +0530,
The dog is barking loudly,The dog barking is loudly,transposition_related,right,364,12,22,left,0,1.4186020409979392,None,22,12,364,14,1331.2694113330072,,,,,,,,,1331.2646375829936,1331.2860919170053,1331.518150332995,1331.534664042003,1331.719413333005,1331.7069758750004,1331.9078506670048,1331.9194572499982,1332.0067736670026,1332.0195521669957,1332.0195521669957,1333.4424147499958,left,0,1.4186020409979392,None,1333.4426950000052,1333.454526750007,1333.454526750007,1333.6360539169982,1333.6511572500021,1333.6511572500021,1334.4350017919933,1334.4196262500045,,,p,"001",2025-11-10_21h38.44.100,2nd exp,,2025.2.0,None,2025-11-10 21h38.44.185001 +0530,
She does not like apples,She not does like apples,repetition_unrelated,left,365,13,22,left,1,0.9170678740047151,None,22,13,365,5,1334.4350017919933,,,,,,,,,1334.4301817079977,1334.4393716250052,1334.6862434579962,1334.6862434579962,1334.8921132079995,1334.8860263329989,1335.086029291997,1335.086029291997,1335.1742971670028,1335.1929381249938,1335.1929381249938,1336.121661666999,left,1,0.9170678740047151,None,1336.1221890000015,1336.1337149169995,1336.1337149169995,1336.319113125006,1336.326696707998,1336.326696707998,1337.1171427079971,1337.1025956249941,,,p,"001",2025-11-10_21h38.44.100,2nd exp,,2025.2.0,None,2025-11-10 21h38.44.185001 +0530,
The dog is barking loudly,The dog is barking loudly,repetition_related,right,366,14,22,right,1,1.4366992909926921,None,22,14,366,12,1337.1171427079971,,,,,,,,,1337.1124868329935,1337.1214322500018,1337.3690970000025,1337.3690970000025,1337.5693863329943,1337.5579566670058,1337.7574901670014,1337.7694953330065,1337.8576889169926,1337.8693577499944,1337.8693577499944,1339.3103739579965,right,1,1.4366992909926921,None,1339.3107329170016,1339.3219152920065,1339.3219152920065,1339.5117857919977,1339.5178191669984,1339.5178191669984,1340.3142050419992,1340.302409416996,,,p,"001",2025-11-10_21h38.44.100,2nd exp,,2025.2.0,None,2025-11-10 21h38.44.185001 +0530,
The dog is barking loudly,The loudly is barking dog,repetition_unrelated,left,367,15,22,left,1,0.7605812499969034,None,22,15,367,13,1340.3142050419992,,,,,,,,,1340.3088748330047,1340.3142050419992,1340.5610679170059,1340.5610679170059,1340.7569733749988,1340.7569733749988,1340.9528920830053,1340.959516457995,1341.0528316249984,1341.0591278329957,1341.0591278329957,1341.826814125001,left,1,0.7605812499969034,None,1341.8271342920052,1341.8397605000064,1341.8397605000064,1342.0284514170053,1342.0343268330034,1342.0343268330034,1342.8276685419987,1342.8202075000008,,,p,"001",2025-11-10_21h38.44.100,2nd exp,,2025.2.0,None,2025-11-10 21h38.44.185001 +0530,
,,,,,,,,,,,,,,,,,,,,,,,,,,,,,,,,,,,,,,,,,,,,,,,,1342.8204392920015,1342.8276685419987,,,,,,,,,
