thisN,thisTrialN,thisRepN,mouse.x,mouse.y,mouse.leftButton,mouse.midButton,mouse.rightButton,mouse.time,mouse.clicked_name,trials.thisRepN,trials.thisTrialN,trials.thisN,trials.thisIndex,thisRow.t,notes,num_Distractor,trial.started,fixation.started,Target.started,mouse.started,trial.stopped,trials.mouse.x,trials.mouse.y,trials.mouse.leftButton,trials.mouse.midButton,trials.mouse.rightButton,trials.mouse.time,trials.mouse.clicked_name,participant,session,date,expName,expVersion,psychopyVersion,frameRate,expStart,
0,0,0,[np.float64(-0.3598326359832636)],[np.float64(0.3294979079497908)],[1],[0],[0],[2.47794891599915],['Target'],0,0,0,0,0.03145149999909336,,10,0.020389749999594642,0.03145149999909336,0.03145149999909336,0.020397832999151433,2.4984541249996255,[np.float64(-0.3598326359832636)],[np.float64(0.3294979079497908)],[1],[0],[0],[2.47794891599915],['Target'],P_4,"001",2025-09-30_18h38.36.521,Visual Search Experiment_Urvashi Bhansali_13 September,,2025.2.0,120.06099098222764,2025-09-30 18h38.36.576668 +0530,
1,0,1,[np.float64(-0.37552301255230125)],[np.float64(-0.3106694560669456)],[1],[0],[0],[5.403846166000221],['Target'],1,0,1,0,2.5168366660000174,,5,2.5111336659992958,2.5168366660000174,2.5168366660000174,0.011300832999040722,7.915138790998753,[np.float64(-0.37552301255230125)],[np.float64(-0.3106694560669456)],[1],[0],[0],[5.403846166000221],['Target'],P_4,"001",2025-09-30_18h38.36.521,Visual Search Experiment_Urvashi Bhansali_13 September,,2025.2.0,120.06099098222764,2025-09-30 18h38.36.576668 +0530,
2,0,2,[np.float64(-0.0198744769874477)],[np.float64(0.4236401673640167)],[1],[0],[0],[10.78117091599961],['Target'],2,0,2,0,7.9606309159989905,,10,7.948952582999482,7.9606309159989905,7.9606309159989905,0.031116624999413034,18.73020974999963,[np.float64(-0.0198744769874477)],[np.float64(0.4236401673640167)],[1],[0],[0],[10.78117091599961],['Target'],P_4,"001",2025-09-30_18h38.36.521,Visual Search Experiment_Urvashi Bhansali_13 September,,2025.2.0,120.06099098222764,2025-09-30 18h38.36.576668 +0530,
3,0,3,[np.float64(0.0502092050209205)],[np.float64(-0.32322175732217573)],[1],[0],[0],[2.4823634999993374],['Target'],3,0,3,0,18.7560996659995,,5,18.747197374999814,18.7560996659995,18.7560996659995,0.015538708999883966,21.22966862499925,[np.float64(0.0502092050209205)],[np.float64(-0.32322175732217573)],[1],[0],[0],[2.4823634999993374],['Target'],P_4,"001",2025-09-30_18h38.36.521,Visual Search Experiment_Urvashi Bhansali_13 September,,2025.2.0,120.06099098222764,2025-09-30 18h38.36.576668 +0530,
4,0,4,[np.float64(0.13389121338912133)],[np.float64(-0.1903765690376569)],[1],[0],[0],[4.71501491699928],['Target'],4,0,4,0,21.256834874999186,,5,21.249837457999092,21.256834874999186,21.256834874999186,0.019110667000859394,25.964974165999593,[np.float64(0.13389121338912133)],[np.float64(-0.1903765690376569)],[1],[0],[0],[4.71501491699928],['Target'],P_4,"001",2025-09-30_18h38.36.521,Visual Search Experiment_Urvashi Bhansali_13 September,,2025.2.0,120.06099098222764,2025-09-30 18h38.36.576668 +0530,
5,0,5,[np.float64(0.13389121338912133)],[np.float64(-0.1903765690376569)],[1],[0],[0],[1.701694082999893],['Target'],5,0,5,0,26.000128874999064,,5,25.99011304099986,26.000128874999064,26.000128874999064,0.023718415999610443,27.69200875000024,[np.float64(0.13389121338912133)],[np.float64(-0.1903765690376569)],[1],[0],[0],[1.701694082999893],['Target'],P_4,"001",2025-09-30_18h38.36.521,Visual Search Experiment_Urvashi Bhansali_13 September,,2025.2.0,120.06099098222764,2025-09-30 18h38.36.576668 +0530,
6,0,6,[np.float64(-0.22280334728033474)],[np.float64(-0.4801255230125523)],[1],[0],[0],[3.147456541999418],['Target'],6,0,6,0,27.73930270799974,,10,27.72695504100011,27.73930270799974,27.73930270799974,0.033234250000532484,30.874581082998702,[np.float64(-0.22280334728033474)],[np.float64(-0.4801255230125523)],[1],[0],[0],[3.147456541999418],['Target'],P_4,"001",2025-09-30_18h38.36.521,Visual Search Experiment_Urvashi Bhansali_13 September,,2025.2.0,120.06099098222764,2025-09-30 18h38.36.576668 +0530,
7,0,7,[np.float64(0.23744769874476987)],[np.float64(-0.3253138075313807)],[1],[0],[0],[3.078374583999903],['Target'],7,0,7,0,30.905660165999507,,5,30.895794624999326,30.905660165999507,30.905660165999507,0.01913537499967788,33.9743435829987,[np.float64(0.23744769874476987)],[np.float64(-0.3253138075313807)],[1],[0],[0],[3.078374583999903],['Target'],P_4,"001",2025-09-30_18h38.36.521,Visual Search Experiment_Urvashi Bhansali_13 September,,2025.2.0,120.06099098222764,2025-09-30 18h38.36.576668 +0530,
8,0,8,[np.float64(0.4801255230125523)],[np.float64(-0.21443514644351463)],[1],[0],[0],[3.6449244579998776],['Target'],8,0,8,0,34.007269624999026,,5,33.996666499999264,34.007269624999026,34.007269624999026,0.020370209000247996,37.64178620799976,[np.float64(0.4801255230125523)],[np.float64(-0.21443514644351463)],[1],[0],[0],[3.6449244579998776],['Target'],P_4,"001",2025-09-30_18h38.36.521,Visual Search Experiment_Urvashi Bhansali_13 September,,2025.2.0,120.06099098222764,2025-09-30 18h38.36.576668 +0530,
9,0,9,[np.float64(-0.20711297071129708)],[np.float64(-0.1788702928870293)],[1],[0],[0],[2.847489375000805],['Target'],9,0,9,0,37.68852441600029,,10,37.67649374999928,37.68852441600029,37.68852441600029,0.0325650830000086,40.52414041599877,[np.float64(-0.20711297071129708)],[np.float64(-0.1788702928870293)],[1],[0],[0],[2.847489375000805],['Target'],P_4,"001",2025-09-30_18h38.36.521,Visual Search Experiment_Urvashi Bhansali_13 September,,2025.2.0,120.06099098222764,2025-09-30 18h38.36.576668 +0530,
10,0,10,[np.float64(0.4299163179916318)],[np.float64(-0.029288702928870293)],[1],[0],[0],[3.05286791600156],['Target'],10,0,10,0,40.565817082999274,,10,40.55402041599882,40.565817082999274,40.565817082999274,0.0281692499993369,43.60703449999892,[np.float64(0.4299163179916318)],[np.float64(-0.029288702928870293)],[1],[0],[0],[3.05286791600156],['Target'],P_4,"001",2025-09-30_18h38.36.521,Visual Search Experiment_Urvashi Bhansali_13 September,,2025.2.0,120.06099098222764,2025-09-30 18h38.36.576668 +0530,
11,0,11,[np.float64(0.42573221757322177)],[np.float64(-0.06276150627615062)],[1],[0],[0],[6.703643542001373],['Target'],11,0,11,0,43.64964704100021,,10,43.63786287499897,43.64964704100021,43.64964704100021,0.028909332999319304,50.34168083300028,[np.float64(0.42573221757322177)],[np.float64(-0.06276150627615062)],[1],[0],[0],[6.703643542001373],['Target'],P_4,"001",2025-09-30_18h38.36.521,Visual Search Experiment_Urvashi Bhansali_13 September,,2025.2.0,120.06099098222764,2025-09-30 18h38.36.576668 +0530,
12,0,12,[np.float64(-0.12866108786610878)],[np.float64(0.4330543933054393)],[1],[0],[0],[4.641880458000742],['Target'],12,0,12,0,50.38515174999884,,10,50.37281629099925,50.38515174999884,50.38515174999884,0.029158208000808372,55.014795790999415,[np.float64(-0.12866108786610878)],[np.float64(0.4330543933054393)],[1],[0],[0],[4.641880458000742],['Target'],P_4,"001",2025-09-30_18h38.36.521,Visual Search Experiment_Urvashi Bhansali_13 September,,2025.2.0,120.06099098222764,2025-09-30 18h38.36.576668 +0530,
13,0,13,[np.float64(0.3912133891213389)],[np.float64(0.38702928870292885)],[1],[0],[0],[3.9407204170001933],['Target'],13,0,13,0,55.04352929099878,,5,55.03363249999893,55.04352929099878,55.04352929099878,0.01737649999995483,58.97451766599988,[np.float64(0.3912133891213389)],[np.float64(0.38702928870292885)],[1],[0],[0],[3.9407204170001933],['Target'],P_4,"001",2025-09-30_18h38.36.521,Visual Search Experiment_Urvashi Bhansali_13 September,,2025.2.0,120.06099098222764,2025-09-30 18h38.36.576668 +0530,
14,0,14,[np.float64(0.3148535564853556)],[np.float64(0.1192468619246862)],[1],[0],[0],[3.7610112500005926],['Target'],14,0,14,0,59.02164041600008,,10,59.008230374998675,59.02164041600008,59.02164041600008,0.03195058300116216,62.769361165999726,[np.float64(0.3148535564853556)],[np.float64(0.1192468619246862)],[1],[0],[0],[3.7610112500005926],['Target'],P_4,"001",2025-09-30_18h38.36.521,Visual Search Experiment_Urvashi Bhansali_13 September,,2025.2.0,120.06099098222764,2025-09-30 18h38.36.576668 +0530,
15,0,15,[np.float64(0.4476987447698745)],[np.float64(-0.4027196652719665)],[1],[0],[0],[3.553018750000774],['Target'],15,0,15,0,62.80073641600029,,5,62.790274625000166,62.80073641600029,62.80073641600029,0.01856262500041339,66.34350308299872,[np.float64(0.4476987447698745)],[np.float64(-0.4027196652719665)],[1],[0],[0],[3.553018750000774],['Target'],P_4,"001",2025-09-30_18h38.36.521,Visual Search Experiment_Urvashi Bhansali_13 September,,2025.2.0,120.06099098222764,2025-09-30 18h38.36.576668 +0530,
16,0,16,[np.float64(0.36610878661087864)],[np.float64(0.10251046025104603)],[1],[0],[0],[1.9658787500011385],['Target'],16,0,16,0,66.37577816599878,,5,66.36513279099927,66.37577816599878,66.37577816599878,0.019580416001190315,68.33111599999938,[np.float64(0.36610878661087864)],[np.float64(0.10251046025104603)],[1],[0],[0],[1.9658787500011385],['Target'],P_4,"001",2025-09-30_18h38.36.521,Visual Search Experiment_Urvashi Bhansali_13 September,,2025.2.0,120.06099098222764,2025-09-30 18h38.36.576668 +0530,
17,0,17,[np.float64(-0.25627615062761505)],[np.float64(0.25732217573221755)],[1],[0],[0],[2.584251709000455],['Target'],17,0,17,0,68.37503574999937,,10,68.36279899999863,68.37503574999937,68.37503574999937,0.03036529199926008,70.94714074999865,[np.float64(-0.25627615062761505)],[np.float64(0.25732217573221755)],[1],[0],[0],[2.584251709000455],['Target'],P_4,"001",2025-09-30_18h38.36.521,Visual Search Experiment_Urvashi Bhansali_13 September,,2025.2.0,120.06099098222764,2025-09-30 18h38.36.576668 +0530,
18,0,18,[np.float64(-0.1799163179916318)],[np.float64(-0.36715481171548114)],[1],[0],[0],[2.7856652080008644],['Target'],18,0,18,0,70.97303104099956,,5,70.96364129099857,70.97303104099956,70.97303104099956,0.015197665999949095,73.74941937499898,[np.float64(-0.1799163179916318)],[np.float64(-0.36715481171548114)],[1],[0],[0],[2.7856652080008644],['Target'],P_4,"001",2025-09-30_18h38.36.521,Visual Search Experiment_Urvashi Bhansali_13 September,,2025.2.0,120.06099098222764,2025-09-30 18h38.36.576668 +0530,
19,0,19,[np.float64(0.09309623430962342)],[np.float64(0.28870292887029286)],[1],[0],[0],[2.803689124999437],['Target'],19,0,19,0,73.78278225000031,,5,73.77200462499968,73.78278225000031,73.78278225000031,0.019082417000390706,76.57589120800003,[np.float64(0.09309623430962342)],[np.float64(0.28870292887029286)],[1],[0],[0],[2.803689124999437],['Target'],P_4,"001",2025-09-30_18h38.36.521,Visual Search Experiment_Urvashi Bhansali_13 September,,2025.2.0,120.06099098222764,2025-09-30 18h38.36.576668 +0530,
20,0,20,[np.float64(-0.29916317991631797)],[np.float64(0.29497907949790797)],[1],[0],[0],[2.4533143330008897],['Target'],20,0,20,0,76.62283099999877,,10,76.61104224999872,76.62283099999877,76.62283099999877,0.03285666699957801,79.0644514579999,[np.float64(-0.29916317991631797)],[np.float64(0.29497907949790797)],[1],[0],[0],[2.4533143330008897],['Target'],P_4,"001",2025-09-30_18h38.36.521,Visual Search Experiment_Urvashi Bhansali_13 September,,2025.2.0,120.06099098222764,2025-09-30 18h38.36.576668 +0530,
21,0,21,[np.float64(-0.08682008368200837)],[np.float64(0.33158995815899583)],[1],[0],[0],[2.1502892499993322],['Target'],21,0,21,0,79.09186545800003,,5,79.0821049999995,79.09186545800003,79.09186545800003,0.016413166998972883,81.2324979999994,[np.float64(-0.08682008368200837)],[np.float64(0.33158995815899583)],[1],[0],[0],[2.1502892499993322],['Target'],P_4,"001",2025-09-30_18h38.36.521,Visual Search Experiment_Urvashi Bhansali_13 September,,2025.2.0,120.06099098222764,2025-09-30 18h38.36.576668 +0530,
22,0,22,[np.float64(-0.29497907949790797)],[np.float64(0.1307531380753138)],[1],[0],[0],[2.557118167000226],['Target'],22,0,22,0,81.27822445799939,,10,81.26607916600005,81.27822445799939,81.27822445799939,0.029910667000876856,83.82335645799867,[np.float64(-0.29497907949790797)],[np.float64(0.1307531380753138)],[1],[0],[0],[2.557118167000226],['Target'],P_4,"001",2025-09-30_18h38.36.521,Visual Search Experiment_Urvashi Bhansali_13 September,,2025.2.0,120.06099098222764,2025-09-30 18h38.36.576668 +0530,
23,0,23,[np.float64(0.4205020920502092)],[np.float64(-0.38493723849372385)],[1],[0],[0],[3.3867455830004474],['Target'],23,0,23,0,83.86643304099925,,10,83.85425008299899,83.86643304099925,83.86643304099925,0.02903804199922888,87.24117020799895,[np.float64(0.4205020920502092)],[np.float64(-0.38493723849372385)],[1],[0],[0],[3.3867455830004474],['Target'],P_4,"001",2025-09-30_18h38.36.521,Visual Search Experiment_Urvashi Bhansali_13 September,,2025.2.0,120.06099098222764,2025-09-30 18h38.36.576668 +0530,
24,0,24,[np.float64(0.09100418410041841)],[np.float64(0.03138075313807531)],[1],[0],[0],[5.015329124998971],['Target'],24,0,24,0,87.271748707999,,5,87.26043612499961,87.271748707999,87.271748707999,0.017219999999724678,92.2759524159992,[np.float64(0.09100418410041841)],[np.float64(0.03138075313807531)],[1],[0],[0],[5.015329124998971],['Target'],P_4,"001",2025-09-30_18h38.36.521,Visual Search Experiment_Urvashi Bhansali_13 September,,2025.2.0,120.06099098222764,2025-09-30 18h38.36.576668 +0530,
25,0,25,[np.float64(0.12133891213389121)],[np.float64(0.008368200836820083)],[1],[0],[0],[4.088126332999309],['Target'],25,0,25,0,92.3219890829987,,10,92.30958800000008,92.3219890829987,92.3219890829987,0.03179804100000183,96.39780945799976,[np.float64(0.12133891213389121)],[np.float64(0.008368200836820083)],[1],[0],[0],[4.088126332999309],['Target'],P_4,"001",2025-09-30_18h38.36.521,Visual Search Experiment_Urvashi Bhansali_13 September,,2025.2.0,120.06099098222764,2025-09-30 18h38.36.576668 +0530,
26,0,26,[np.float64(-0.36715481171548114)],[np.float64(0.2730125523012552)],[1],[0],[0],[2.7565660000000207],['Target'],26,0,26,0,96.43869825000002,,10,96.42668487499941,96.43869825000002,96.43869825000002,0.02757000000019616,99.18339929099966,[np.float64(-0.36715481171548114)],[np.float64(0.2730125523012552)],[1],[0],[0],[2.7565660000000207],['Target'],P_4,"001",2025-09-30_18h38.36.521,Visual Search Experiment_Urvashi Bhansali_13 September,,2025.2.0,120.06099098222764,2025-09-30 18h38.36.576668 +0530,
27,0,27,[np.float64(-0.26359832635983266)],[np.float64(0.4874476987447699)],[1],[0],[0],[6.227713082998889],['Target'],27,0,27,0,99.21506112499992,,5,99.20466162499906,99.21506112499992,99.21506112499992,0.01888770799996564,105.43253862500023,[np.float64(-0.26359832635983266)],[np.float64(0.4874476987447699)],[1],[0],[0],[6.227713082998889],['Target'],P_4,"001",2025-09-30_18h38.36.521,Visual Search Experiment_Urvashi Bhansali_13 September,,2025.2.0,120.06099098222764,2025-09-30 18h38.36.576668 +0530,
28,0,28,[np.float64(0.3786610878661088)],[np.float64(-0.30962343096234307)],[1],[0],[0],[5.852244707999489],['Target'],28,0,28,0,105.46746449999955,,10,105.45537824999883,105.46746449999955,105.46746449999955,0.017504916000689263,111.30781066599957,[np.float64(0.3786610878661088)],[np.float64(-0.30962343096234307)],[1],[0],[0],[5.852244707999489],['Target'],P_4,"001",2025-09-30_18h38.36.521,Visual Search Experiment_Urvashi Bhansali_13 September,,2025.2.0,120.06099098222764,2025-09-30 18h38.36.576668 +0530,
29,0,29,[np.float64(0.1997907949790795)],[np.float64(0.4602510460251046)],[1],[0],[0],[4.411259915999835],['Target'],29,0,29,0,111.34103741599938,,5,111.3310948749986,111.34103741599938,111.34103741599938,0.020958790999429766,115.74255187499875,[np.float64(0.1997907949790795)],[np.float64(0.4602510460251046)],[1],[0],[0],[4.411259915999835],['Target'],P_4,"001",2025-09-30_18h38.36.521,Visual Search Experiment_Urvashi Bhansali_13 September,,2025.2.0,120.06099098222764,2025-09-30 18h38.36.576668 +0530,
30,0,30,[np.float64(-0.4874476987447699)],[np.float64(-0.05753138075313807)],[1],[0],[0],[4.233486667000761],['Target'],30,0,30,0,115.77562154099905,,5,115.76512091599943,115.77562154099905,115.77562154099905,0.02081683299911674,119.99877154099886,[np.float64(-0.4874476987447699)],[np.float64(-0.05753138075313807)],[1],[0],[0],[4.233486667000761],['Target'],P_4,"001",2025-09-30_18h38.36.521,Visual Search Experiment_Urvashi Bhansali_13 September,,2025.2.0,120.06099098222764,2025-09-30 18h38.36.576668 +0530,
31,0,31,[np.float64(-0.0198744769874477)],[np.float64(-0.1694560669456067)],[1],[0],[0],[4.258409374999246],['Target'],31,0,31,0,120.03572462499869,,5,120.02461283299999,120.03572462499869,120.03572462499869,0.020258417000150075,124.28313683299893,[np.float64(-0.0198744769874477)],[np.float64(-0.1694560669456067)],[1],[0],[0],[4.258409374999246],['Target'],P_4,"001",2025-09-30_18h38.36.521,Visual Search Experiment_Urvashi Bhansali_13 September,,2025.2.0,120.06099098222764,2025-09-30 18h38.36.576668 +0530,
32,0,32,[np.float64(-0.46548117154811713)],[np.float64(-0.4476987447698745)],[1],[0],[0],[3.957405249999283],['Target'],32,0,32,0,124.32828812499974,,10,124.31595525000012,124.32828812499974,124.32828812499974,0.030261874999268912,128.27352729099948,[np.float64(-0.46548117154811713)],[np.float64(-0.4476987447698745)],[1],[0],[0],[3.957405249999283],['Target'],P_4,"001",2025-09-30_18h38.36.521,Visual Search Experiment_Urvashi Bhansali_13 September,,2025.2.0,120.06099098222764,2025-09-30 18h38.36.576668 +0530,
33,0,33,[np.float64(-0.3891213389121339)],[np.float64(0.1903765690376569)],[1],[0],[0],[4.9027678330003255],['Target'],33,0,33,0,128.3158271659995,,10,128.3039442499994,128.3158271659995,128.3158271659995,0.028553957999974955,133.20686833299987,[np.float64(-0.3891213389121339)],[np.float64(0.1903765690376569)],[1],[0],[0],[4.9027678330003255],['Target'],P_4,"001",2025-09-30_18h38.36.521,Visual Search Experiment_Urvashi Bhansali_13 September,,2025.2.0,120.06099098222764,2025-09-30 18h38.36.576668 +0530,
34,0,34,[np.float64(-0.446652719665272)],[np.float64(-0.35251046025104604)],[1],[0],[0],[4.487721250001414],['Target'],34,0,34,0,133.24765170799947,,10,133.23593179099953,133.24765170799947,133.24765170799947,0.027394084001571173,137.72379304099923,[np.float64(-0.446652719665272)],[np.float64(-0.35251046025104604)],[1],[0],[0],[4.487721250001414],['Target'],P_4,"001",2025-09-30_18h38.36.521,Visual Search Experiment_Urvashi Bhansali_13 September,,2025.2.0,120.06099098222764,2025-09-30 18h38.36.576668 +0530,
35,0,35,[np.float64(-0.4435146443514644)],[np.float64(0.14330543933054393)],[1],[0],[0],[2.163194291999389],['Target'],35,0,35,0,137.76278558299964,,10,137.75120766599866,137.76278558299964,137.76278558299964,0.025438292001126683,139.91450091600018,[np.float64(-0.4435146443514644)],[np.float64(0.14330543933054393)],[1],[0],[0],[2.163194291999389],['Target'],P_4,"001",2025-09-30_18h38.36.521,Visual Search Experiment_Urvashi Bhansali_13 September,,2025.2.0,120.06099098222764,2025-09-30 18h38.36.576668 +0530,
36,0,36,[np.float64(0.11820083682008369)],[np.float64(-0.07740585774058577)],[1],[0],[0],[3.44496912500108],['Target'],36,0,36,0,139.94278945800033,,5,139.93290554099985,139.94278945800033,139.94278945800033,0.017108041000028607,143.37805962499988,[np.float64(0.11820083682008369)],[np.float64(-0.07740585774058577)],[1],[0],[0],[3.44496912500108],['Target'],P_4,"001",2025-09-30_18h38.36.521,Visual Search Experiment_Urvashi Bhansali_13 September,,2025.2.0,120.06099098222764,2025-09-30 18h38.36.576668 +0530,
37,0,37,[np.float64(0.12447698744769875)],[np.float64(0.41527196652719667)],[1],[0],[0],[3.014925499999663],['Target'],37,0,37,0,143.41009341599965,,5,143.39983612499964,143.41009341599965,143.41009341599965,0.01979899999969348,146.41486866599917,[np.float64(0.12447698744769875)],[np.float64(0.41527196652719667)],[1],[0],[0],[3.014925499999663],['Target'],P_4,"001",2025-09-30_18h38.36.521,Visual Search Experiment_Urvashi Bhansali_13 September,,2025.2.0,120.06099098222764,2025-09-30 18h38.36.576668 +0530,
38,0,38,[np.float64(0.2175732217573222)],[np.float64(-0.36715481171548114)],[1],[0],[0],[2.860364459000266],['Target'],38,0,38,0,146.4480893330001,,5,146.43701241599956,146.4480893330001,146.4480893330001,0.02066387500053679,149.29748420800024,[np.float64(0.2175732217573222)],[np.float64(-0.36715481171548114)],[1],[0],[0],[2.860364459000266],['Target'],P_4,"001",2025-09-30_18h38.36.521,Visual Search Experiment_Urvashi Bhansali_13 September,,2025.2.0,120.06099098222764,2025-09-30 18h38.36.576668 +0530,
39,0,39,[np.float64(0.23535564853556484)],[np.float64(-0.09623430962343096)],[1],[0],[0],[2.9017657910007983],['Target'],39,0,39,0,149.3421846250003,,10,149.32976316599888,149.3421846250003,149.3421846250003,0.030747709000934265,152.23163316599857,[np.float64(0.23535564853556484)],[np.float64(-0.09623430962343096)],[1],[0],[0],[2.9017657910007983],['Target'],P_4,"001",2025-09-30_18h38.36.521,Visual Search Experiment_Urvashi Bhansali_13 September,,2025.2.0,120.06099098222764,2025-09-30 18h38.36.576668 +0530,
40,0,40,[np.float64(0.100418410041841)],[np.float64(-0.38493723849372385)],[1],[0],[0],[4.1313320839999506],['Target'],40,0,40,0,152.2718989999994,,10,152.2602918749999,152.2718989999994,152.2718989999994,0.027194000000235974,156.39178575000005,[np.float64(0.100418410041841)],[np.float64(-0.38493723849372385)],[1],[0],[0],[4.1313320839999506],['Target'],P_4,"001",2025-09-30_18h38.36.521,Visual Search Experiment_Urvashi Bhansali_13 September,,2025.2.0,120.06099098222764,2025-09-30 18h38.36.576668 +0530,
41,0,41,[np.float64(0.04184100418410042)],[np.float64(0.46338912133891214)],[1],[0],[0],[14.685983875000602],[None],41,0,41,0,156.50843645799978,,10,156.50080383299974,156.50843645799978,156.50843645799978,0.10726116700061539,171.18697412499932,[np.float64(0.04184100418410042)],[np.float64(0.46338912133891214)],[1],[0],[0],[14.685983875000602],[None],P_4,"001",2025-09-30_18h38.36.521,Visual Search Experiment_Urvashi Bhansali_13 September,,2025.2.0,120.06099098222764,2025-09-30 18h38.36.576668 +0530,
42,0,42,[np.float64(-0.3043933054393305)],[np.float64(0.37447698744769875)],[1],[0],[0],[5.329472749999695],['Target'],42,0,42,0,171.230713166,,10,171.21850979099872,171.230713166,171.230713166,0.029408917000182555,176.54809433300034,[np.float64(-0.3043933054393305)],[np.float64(0.37447698744769875)],[1],[0],[0],[5.329472749999695],['Target'],P_4,"001",2025-09-30_18h38.36.521,Visual Search Experiment_Urvashi Bhansali_13 September,,2025.2.0,120.06099098222764,2025-09-30 18h38.36.576668 +0530,
43,0,43,[np.float64(0.09414225941422594)],[np.float64(0.03347280334728033)],[1],[0],[0],[3.506700625001031],['Target'],43,0,43,0,176.57740304099934,,5,176.56755870799861,176.57740304099934,176.57740304099934,0.017985332999160164,180.0744169999998,[np.float64(0.09414225941422594)],[np.float64(0.03347280334728033)],[1],[0],[0],[3.506700625001031],['Target'],P_4,"001",2025-09-30_18h38.36.521,Visual Search Experiment_Urvashi Bhansali_13 September,,2025.2.0,120.06099098222764,2025-09-30 18h38.36.576668 +0530,
44,0,44,[np.float64(0.13493723849372385)],[np.float64(-0.42887029288702927)],[0],[0],[0],[2.594480208001187],['Target'],44,0,44,0,180.105422790999,,5,180.09465199999977,180.105422790999,180.105422790999,0.018620249999003136,182.6893295409991,[np.float64(0.13493723849372385)],[np.float64(-0.42887029288702927)],[0],[0],[0],[2.594480208001187],['Target'],P_4,"001",2025-09-30_18h38.36.521,Visual Search Experiment_Urvashi Bhansali_13 September,,2025.2.0,120.06099098222764,2025-09-30 18h38.36.576668 +0530,
45,0,45,[np.float64(-0.401673640167364)],[np.float64(0.1087866108786611)],[1],[0],[0],[6.68727512499936],['Target'],45,0,45,0,182.72179295800015,,5,182.71153870799935,182.72179295800015,182.72179295800015,0.01991716699922108,189.39896037499966,[np.float64(-0.401673640167364)],[np.float64(0.1087866108786611)],[1],[0],[0],[6.68727512499936],['Target'],P_4,"001",2025-09-30_18h38.36.521,Visual Search Experiment_Urvashi Bhansali_13 September,,2025.2.0,120.06099098222764,2025-09-30 18h38.36.576668 +0530,
46,0,46,[np.float64(-0.22698744769874477)],[np.float64(-0.10460251046025104)],[1],[0],[0],[2.850948249999419],['Target'],46,0,46,0,189.43375979099983,,5,189.42332308299956,189.43375979099983,189.43375979099983,0.020487167001192574,192.27444429099887,[np.float64(-0.22698744769874477)],[np.float64(-0.10460251046025104)],[1],[0],[0],[2.850948249999419],['Target'],P_4,"001",2025-09-30_18h38.36.521,Visual Search Experiment_Urvashi Bhansali_13 September,,2025.2.0,120.06099098222764,2025-09-30 18h38.36.576668 +0530,
47,0,47,[np.float64(-0.0010460251046025104)],[np.float64(0.2730125523012552)],[1],[0],[0],[2.5963645419997192],['Target'],47,0,47,0,192.30531529099972,,5,192.2957629579996,192.30531529099972,192.30531529099972,0.01934662500025297,194.89234049999868,[np.float64(-0.0010460251046025104)],[np.float64(0.2730125523012552)],[1],[0],[0],[2.5963645419997192],['Target'],P_4,"001",2025-09-30_18h38.36.521,Visual Search Experiment_Urvashi Bhansali_13 September,,2025.2.0,120.06099098222764,2025-09-30 18h38.36.576668 +0530,
48,0,48,[np.float64(0.15585774058577406)],[np.float64(0.013598326359832637)],[1],[0],[0],[8.636242459000641],['Target'],48,0,48,0,194.9396563749997,,10,194.9272972079998,194.9396563749997,194.9396563749997,0.03255420799905551,203.56359899999916,[np.float64(0.15585774058577406)],[np.float64(0.013598326359832637)],[1],[0],[0],[8.636242459000641],['Target'],P_4,"001",2025-09-30_18h38.36.521,Visual Search Experiment_Urvashi Bhansali_13 September,,2025.2.0,120.06099098222764,2025-09-30 18h38.36.576668 +0530,
49,0,49,[np.float64(0.11401673640167365)],[np.float64(0.2897489539748954)],[1],[0],[0],[2.4834681659995113],['Target'],49,0,49,0,203.59081516599872,,5,203.58101508300024,203.59081516599872,203.59081516599872,0.01614708399938536,206.0646004579994,[np.float64(0.11401673640167365)],[np.float64(0.2897489539748954)],[1],[0],[0],[2.4834681659995113],['Target'],P_4,"001",2025-09-30_18h38.36.521,Visual Search Experiment_Urvashi Bhansali_13 September,,2025.2.0,120.06099098222764,2025-09-30 18h38.36.576668 +0530,
50,0,50,[np.float64(-0.100418410041841)],[np.float64(-0.027196652719665274)],[1],[0],[0],[2.8767838749990915],['Target'],50,0,50,0,206.09771066599933,,5,206.0872641249989,206.09771066599933,206.09771066599933,0.020656208000218612,208.96415729099863,[np.float64(-0.100418410041841)],[np.float64(-0.027196652719665274)],[1],[0],[0],[2.8767838749990915],['Target'],P_4,"001",2025-09-30_18h38.36.521,Visual Search Experiment_Urvashi Bhansali_13 September,,2025.2.0,120.06099098222764,2025-09-30 18h38.36.576668 +0530,
51,0,51,[np.float64(-0.3263598326359833)],[np.float64(0.301255230125523)],[1],[0],[0],[3.3451280839999527],['Target'],51,0,51,0,208.9939439159989,,5,208.98377116600022,208.9939439159989,208.9939439159989,0.018310625000594882,212.32899854099924,[np.float64(-0.3263598326359833)],[np.float64(0.301255230125523)],[1],[0],[0],[3.3451280839999527],['Target'],P_4,"001",2025-09-30_18h38.36.521,Visual Search Experiment_Urvashi Bhansali_13 September,,2025.2.0,120.06099098222764,2025-09-30 18h38.36.576668 +0530,
52,0,52,[np.float64(-0.4665271966527197)],[np.float64(0.45502092050209203)],[0],[0],[0],[2.4628836669999146],['Target'],52,0,52,0,212.37120487500033,,10,212.35863816599885,212.37120487500033,212.37120487500033,0.028539041999465553,214.82169737499862,[np.float64(-0.4665271966527197)],[np.float64(0.45502092050209203)],[0],[0],[0],[2.4628836669999146],['Target'],P_4,"001",2025-09-30_18h38.36.521,Visual Search Experiment_Urvashi Bhansali_13 September,,2025.2.0,120.06099098222764,2025-09-30 18h38.36.576668 +0530,
53,0,53,[np.float64(-0.4665271966527197)],[np.float64(-0.4309623430962343)],[1],[0],[0],[3.6982169169987174],['Target'],53,0,53,0,214.85397791600008,,5,214.8445186659992,214.85397791600008,214.85397791600008,0.020714165999379475,218.5429283329995,[np.float64(-0.4665271966527197)],[np.float64(-0.4309623430962343)],[1],[0],[0],[3.6982169169987174],['Target'],P_4,"001",2025-09-30_18h38.36.521,Visual Search Experiment_Urvashi Bhansali_13 September,,2025.2.0,120.06099098222764,2025-09-30 18h38.36.576668 +0530,
54,0,54,[np.float64(0.35251046025104604)],[np.float64(-0.3054393305439331)],[1],[0],[0],[2.858054792000985],['Target'],54,0,54,0,218.57681845799925,,5,218.5659452079999,218.57681845799925,218.57681845799925,0.020786333001524326,221.4241439159996,[np.float64(0.35251046025104604)],[np.float64(-0.3054393305439331)],[1],[0],[0],[2.858054792000985],['Target'],P_4,"001",2025-09-30_18h38.36.521,Visual Search Experiment_Urvashi Bhansali_13 September,,2025.2.0,120.06099098222764,2025-09-30 18h38.36.576668 +0530,
55,0,55,[np.float64(-0.3587866108786611)],[np.float64(0.0397489539748954)],[1],[0],[0],[2.3672834589997365],['Target'],55,0,55,0,221.47094158300024,,10,221.45702437499858,221.47094158300024,221.47094158300024,0.03134766699986358,223.8244716249992,[np.float64(-0.3587866108786611)],[np.float64(0.0397489539748954)],[1],[0],[0],[2.3672834589997365],['Target'],P_4,"001",2025-09-30_18h38.36.521,Visual Search Experiment_Urvashi Bhansali_13 September,,2025.2.0,120.06099098222764,2025-09-30 18h38.36.576668 +0530,
56,0,56,[np.float64(0.42677824267782427)],[np.float64(0.09414225941422594)],[1],[0],[0],[2.533612875000472],['Target'],56,0,56,0,223.86878720799905,,10,223.85633720799888,223.86878720799905,223.86878720799905,0.029986958999870694,226.3901105829991,[np.float64(0.42677824267782427)],[np.float64(0.09414225941422594)],[1],[0],[0],[2.533612875000472],['Target'],P_4,"001",2025-09-30_18h38.36.521,Visual Search Experiment_Urvashi Bhansali_13 September,,2025.2.0,120.06099098222764,2025-09-30 18h38.36.576668 +0530,
57,0,57,[np.float64(-0.11820083682008369)],[np.float64(-0.46548117154811713)],[1],[0],[0],[3.572821666000891],['Target'],57,0,57,0,226.4290976659995,,10,226.41750120799952,226.4290976659995,226.4290976659995,0.025581541998690227,229.99049354099952,[np.float64(-0.11820083682008369)],[np.float64(-0.46548117154811713)],[1],[0],[0],[3.572821666000891],['Target'],P_4,"001",2025-09-30_18h38.36.521,Visual Search Experiment_Urvashi Bhansali_13 September,,2025.2.0,120.06099098222764,2025-09-30 18h38.36.576668 +0530,
58,0,58,[np.float64(-0.05230125523012552)],[np.float64(0.056485355648535567)],[1],[0],[0],[4.336339375000534],['Target'],58,0,58,0,230.0221592910002,,5,230.01183829099864,230.0221592910002,230.0221592910002,0.019278875000964035,234.3482857500003,[np.float64(-0.05230125523012552)],[np.float64(0.056485355648535567)],[1],[0],[0],[4.336339375000534],['Target'],P_4,"001",2025-09-30_18h38.36.521,Visual Search Experiment_Urvashi Bhansali_13 September,,2025.2.0,120.06099098222764,2025-09-30 18h38.36.576668 +0530,
59,0,59,[np.float64(0.2907949790794979)],[np.float64(0.22280334728033474)],[1],[0],[0],[3.692161124999984],['Target'],59,0,59,0,234.39261441599956,,10,234.3805669579997,234.39261441599956,234.39261441599956,0.030813458000920946,238.0728847499995,[np.float64(0.2907949790794979)],[np.float64(0.22280334728033474)],[1],[0],[0],[3.692161124999984],['Target'],P_4,"001",2025-09-30_18h38.36.521,Visual Search Experiment_Urvashi Bhansali_13 September,,2025.2.0,120.06099098222764,2025-09-30 18h38.36.576668 +0530,
60,0,60,[np.float64(0.4696652719665272)],[np.float64(-0.01882845188284519)],[1],[0],[0],[4.320849959000043],['Target'],60,0,60,0,238.11509820799984,,10,238.10339229099918,238.11509820799984,238.11509820799984,0.028861958999186754,242.4244129159997,[np.float64(0.4696652719665272)],[np.float64(-0.01882845188284519)],[1],[0],[0],[4.320849959000043],['Target'],P_4,"001",2025-09-30_18h38.36.521,Visual Search Experiment_Urvashi Bhansali_13 September,,2025.2.0,120.06099098222764,2025-09-30 18h38.36.576668 +0530,
61,0,61,[np.float64(0.4707112970711297)],[np.float64(-0.0700836820083682)],[1],[0],[0],[2.035090625000521],['Target'],61,0,61,0,242.45501150000018,,5,242.44528112499938,242.45501150000018,242.45501150000018,0.018807208998623537,244.48048133299926,[np.float64(0.4707112970711297)],[np.float64(-0.0700836820083682)],[1],[0],[0],[2.035090625000521],['Target'],P_4,"001",2025-09-30_18h38.36.521,Visual Search Experiment_Urvashi Bhansali_13 September,,2025.2.0,120.06099098222764,2025-09-30 18h38.36.576668 +0530,
62,0,62,[np.float64(0.350418410041841)],[np.float64(-0.17468619246861924)],[0],[0],[0],[7.8409589160000905],['Target'],62,0,62,0,244.52556029100015,,10,244.51353112499964,244.52556029100015,244.52556029100015,0.031409125000209315,252.3546285829998,[np.float64(0.350418410041841)],[np.float64(-0.17468619246861924)],[0],[0],[0],[7.8409589160000905],['Target'],P_4,"001",2025-09-30_18h38.36.521,Visual Search Experiment_Urvashi Bhansali_13 September,,2025.2.0,120.06099098222764,2025-09-30 18h38.36.576668 +0530,
63,0,63,[np.float64(0.11610878661087866)],[np.float64(-0.100418410041841)],[1],[0],[0],[3.272716749999745],['Target'],63,0,63,0,252.3842630829986,,5,252.3753585409995,252.3842630829986,252.3842630829986,0.018903750000390573,255.64819374999934,[np.float64(0.11610878661087866)],[np.float64(-0.100418410041841)],[1],[0],[0],[3.272716749999745],['Target'],P_4,"001",2025-09-30_18h38.36.521,Visual Search Experiment_Urvashi Bhansali_13 September,,2025.2.0,120.06099098222764,2025-09-30 18h38.36.576668 +0530,
64,0,64,[np.float64(-0.010460251046025104)],[np.float64(0.25732217573221755)],[1],[0],[0],[3.493796624999959],['Target'],64,0,64,0,255.69269841599998,,10,255.68082016599874,255.69269841599998,255.69269841599998,0.03088904200012621,259.17478508299973,[np.float64(-0.010460251046025104)],[np.float64(0.25732217573221755)],[1],[0],[0],[3.493796624999959],['Target'],P_4,"001",2025-09-30_18h38.36.521,Visual Search Experiment_Urvashi Bhansali_13 September,,2025.2.0,120.06099098222764,2025-09-30 18h38.36.576668 +0530,
65,0,65,[np.float64(-0.4341004184100418)],[np.float64(-0.20502092050209206)],[1],[0],[0],[3.7600757500003965],['Target'],65,0,65,0,259.21573808299945,,10,259.2039416659991,259.21573808299945,259.21573808299945,0.02734670799873129,262.96410666599877,[np.float64(-0.4341004184100418)],[np.float64(-0.20502092050209206)],[1],[0],[0],[3.7600757500003965],['Target'],P_4,"001",2025-09-30_18h38.36.521,Visual Search Experiment_Urvashi Bhansali_13 September,,2025.2.0,120.06099098222764,2025-09-30 18h38.36.576668 +0530,
66,0,66,[np.float64(0.42677824267782427)],[np.float64(0.049163179916317995)],[1],[0],[0],[3.0831887910007936],['Target'],66,0,66,0,262.99151683299897,,5,262.9818722079999,262.99151683299897,262.99151683299897,0.016623291001451435,266.06517979099954,[np.float64(0.42677824267782427)],[np.float64(0.049163179916317995)],[1],[0],[0],[3.0831887910007936],['Target'],P_4,"001",2025-09-30_18h38.36.521,Visual Search Experiment_Urvashi Bhansali_13 September,,2025.2.0,120.06099098222764,2025-09-30 18h38.36.576668 +0530,
67,0,67,[np.float64(-0.06799163179916318)],[np.float64(-0.1506276150627615)],[1],[0],[0],[4.195773875000668],['Target'],67,0,67,0,266.11345983299907,,10,266.1011747909997,266.11345983299907,266.11345983299907,0.031866917001025286,270.2970342079989,[np.float64(-0.06799163179916318)],[np.float64(-0.1506276150627615)],[1],[0],[0],[4.195773875000668],['Target'],P_4,"001",2025-09-30_18h38.36.521,Visual Search Experiment_Urvashi Bhansali_13 September,,2025.2.0,120.06099098222764,2025-09-30 18h38.36.576668 +0530,
68,0,68,[np.float64(0.04707112970711297)],[np.float64(-0.4424686192468619)],[1],[0],[0],[6.038931375000175],['Target'],68,0,68,0,270.33849058299893,,10,270.3258029159988,270.33849058299893,270.33849058299893,0.027384709001125884,276.3648173749989,[np.float64(0.04707112970711297)],[np.float64(-0.4424686192468619)],[1],[0],[0],[6.038931375000175],['Target'],P_4,"001",2025-09-30_18h38.36.521,Visual Search Experiment_Urvashi Bhansali_13 September,,2025.2.0,120.06099098222764,2025-09-30 18h38.36.576668 +0530,
69,0,69,[np.float64(0.4393305439330544)],[np.float64(-0.15585774058577406)],[1],[0],[0],[2.836273875000188],['Target'],69,0,69,0,276.3931800829996,,5,276.383379416,276.3931800829996,276.3931800829996,0.016853790999448393,279.2200995000003,[np.float64(0.4393305439330544)],[np.float64(-0.15585774058577406)],[1],[0],[0],[2.836273875000188],['Target'],P_4,"001",2025-09-30_18h38.36.521,Visual Search Experiment_Urvashi Bhansali_13 September,,2025.2.0,120.06099098222764,2025-09-30 18h38.36.576668 +0530,
70,0,70,[np.float64(0.11715481171548117)],[np.float64(0.03347280334728033)],[1],[0],[0],[4.14927175000048],['Target'],70,0,70,0,279.2699747909992,,10,279.2570713749992,279.2699747909992,279.2699747909992,0.03469441699962772,283.40644608299954,[np.float64(0.11715481171548117)],[np.float64(0.03347280334728033)],[1],[0],[0],[4.14927175000048],['Target'],P_4,"001",2025-09-30_18h38.36.521,Visual Search Experiment_Urvashi Bhansali_13 September,,2025.2.0,120.06099098222764,2025-09-30 18h38.36.576668 +0530,
71,0,71,[np.float64(0.08682008368200837)],[np.float64(0.009414225941422594)],[1],[0],[0],[8.344361457999184],['Target'],71,0,71,0,283.44790999999896,,10,283.4362349160001,283.44790999999896,283.44790999999896,0.027765250000811648,291.7806874580001,[np.float64(0.08682008368200837)],[np.float64(0.009414225941422594)],[1],[0],[0],[8.344361457999184],['Target'],P_4,"001",2025-09-30_18h38.36.521,Visual Search Experiment_Urvashi Bhansali_13 September,,2025.2.0,120.06099098222764,2025-09-30 18h38.36.576668 +0530,
72,0,72,[np.float64(0.19142259414225943)],[np.float64(0.036610878661087864)],[1],[0],[0],[3.6756153750011435],['Target'],72,0,72,0,291.80876033299865,,5,291.79892079099955,291.80876033299865,291.80876033299865,0.01668204199995671,295.474713874999,[np.float64(0.19142259414225943)],[np.float64(0.036610878661087864)],[1],[0],[0],[3.6756153750011435],['Target'],P_4,"001",2025-09-30_18h38.36.521,Visual Search Experiment_Urvashi Bhansali_13 September,,2025.2.0,120.06099098222764,2025-09-30 18h38.36.576668 +0530,
73,0,73,[np.float64(-0.4309623430962343)],[np.float64(-0.24163179916317992)],[1],[0],[0],[5.549096709000878],['Target'],73,0,73,0,295.52125174999856,,10,295.507841790999,295.52125174999856,295.52125174999856,0.03130733299985877,301.0570982909994,[np.float64(-0.4309623430962343)],[np.float64(-0.24163179916317992)],[1],[0],[0],[5.549096709000878],['Target'],P_4,"001",2025-09-30_18h38.36.521,Visual Search Experiment_Urvashi Bhansali_13 September,,2025.2.0,120.06099098222764,2025-09-30 18h38.36.576668 +0530,
74,0,74,[np.float64(0.13493723849372385)],[np.float64(-0.45188284518828453)],[1],[0],[0],[3.688535999999658],['Target'],74,0,74,0,301.0874574999998,,5,301.07725087499966,301.0874574999998,301.0874574999998,0.018404917000225396,304.76594787499926,[np.float64(0.13493723849372385)],[np.float64(-0.45188284518828453)],[1],[0],[0],[3.688535999999658],['Target'],P_4,"001",2025-09-30_18h38.36.521,Visual Search Experiment_Urvashi Bhansali_13 September,,2025.2.0,120.06099098222764,2025-09-30 18h38.36.576668 +0530,
75,0,75,[np.float64(0.060669456066945605)],[np.float64(-0.2813807531380753)],[1],[0],[0],[3.2013408330003585],['Target'],75,0,75,0,304.81447733299865,,10,304.80209495799863,304.81447733299865,304.81447733299865,0.03339425000012852,308.00363045799895,[np.float64(0.060669456066945605)],[np.float64(-0.2813807531380753)],[1],[0],[0],[3.2013408330003585],['Target'],P_4,"001",2025-09-30_18h38.36.521,Visual Search Experiment_Urvashi Bhansali_13 September,,2025.2.0,120.06099098222764,2025-09-30 18h38.36.576668 +0530,
76,0,76,[np.float64(-0.4905857740585774)],[np.float64(-0.3702928870292887)],[0],[0],[0],[6.210818749999817],['Target'],76,0,76,0,308.03798133300006,,5,308.02750000000015,308.03798133300006,308.03798133300006,0.021431125000162865,314.23850324999876,[np.float64(-0.4905857740585774)],[np.float64(-0.3702928870292887)],[0],[0],[0],[6.210818749999817],['Target'],P_4,"001",2025-09-30_18h38.36.521,Visual Search Experiment_Urvashi Bhansali_13 September,,2025.2.0,120.06099098222764,2025-09-30 18h38.36.576668 +0530,
77,0,77,[np.float64(-0.26673640167364016)],[np.float64(0.06380753138075314)],[1],[0],[0],[6.47679375000007],['Target'],77,0,77,0,314.26911633300006,,5,314.2590494999986,314.26911633300006,314.26911633300006,0.018803833998390473,320.7360298329986,[np.float64(-0.26673640167364016)],[np.float64(0.06380753138075314)],[1],[0],[0],[6.47679375000007],['Target'],P_4,"001",2025-09-30_18h38.36.521,Visual Search Experiment_Urvashi Bhansali_13 September,,2025.2.0,120.06099098222764,2025-09-30 18h38.36.576668 +0530,
78,0,78,[np.float64(-0.17782426778242677)],[np.float64(-0.23430962343096234)],[1],[0],[0],[4.523124084000301],['Target'],78,0,78,0,320.76915158299926,,5,320.7583408749997,320.76915158299926,320.76915158299926,0.020050291999723413,325.2816306659988,[np.float64(-0.17782426778242677)],[np.float64(-0.23430962343096234)],[1],[0],[0],[4.523124084000301],['Target'],P_4,"001",2025-09-30_18h38.36.521,Visual Search Experiment_Urvashi Bhansali_13 September,,2025.2.0,120.06099098222764,2025-09-30 18h38.36.576668 +0530,
79,0,79,[np.float64(0.2196652719665272)],[np.float64(0.056485355648535567)],[1],[0],[0],[3.068332458000441],['Target'],79,0,79,0,325.3169652079996,,5,325.3065758749999,325.3169652079996,325.3169652079996,0.019119165999654797,328.37507262500003,[np.float64(0.2196652719665272)],[np.float64(0.056485355648535567)],[1],[0],[0],[3.068332458000441],['Target'],P_4,"001",2025-09-30_18h38.36.521,Visual Search Experiment_Urvashi Bhansali_13 September,,2025.2.0,120.06099098222764,2025-09-30 18h38.36.576668 +0530,
80,0,80,[np.float64(0.2102510460251046)],[np.float64(-0.20397489539748953)],[1],[0],[0],[4.682359708000149],['Target'],80,0,80,0,328.42166679099864,,10,328.40885516599883,328.42166679099864,328.42166679099864,0.032018959000197356,333.0914008749987,[np.float64(0.2102510460251046)],[np.float64(-0.20397489539748953)],[1],[0],[0],[4.682359708000149],['Target'],P_4,"001",2025-09-30_18h38.36.521,Visual Search Experiment_Urvashi Bhansali_13 September,,2025.2.0,120.06099098222764,2025-09-30 18h38.36.576668 +0530,
81,0,81,[np.float64(0.08472803347280335)],[np.float64(0.36297071129707115)],[1],[0],[0],[3.8409258330011653],['Target'],81,0,81,0,333.13538383299965,,10,333.1232329159993,333.13538383299965,333.13538383299965,0.02958720800052106,336.9642607079986,[np.float64(0.08472803347280335)],[np.float64(0.36297071129707115)],[1],[0],[0],[3.8409258330011653],['Target'],P_4,"001",2025-09-30_18h38.36.521,Visual Search Experiment_Urvashi Bhansali_13 September,,2025.2.0,120.06099098222764,2025-09-30 18h38.36.576668 +0530,
82,0,82,[np.float64(-0.10460251046025104)],[np.float64(0.11297071129707113)],[1],[0],[0],[4.212753416000851],['Target'],82,0,82,0,337.0050413329991,,10,336.99359812500006,337.0050413329991,337.0050413329991,0.027961916999629466,341.2065041659989,[np.float64(-0.10460251046025104)],[np.float64(0.11297071129707113)],[1],[0],[0],[4.212753416000851],['Target'],P_4,"001",2025-09-30_18h38.36.521,Visual Search Experiment_Urvashi Bhansali_13 September,,2025.2.0,120.06099098222764,2025-09-30 18h38.36.576668 +0530,
83,0,83,[np.float64(-0.4100418410041841)],[np.float64(0.13598326359832635)],[1],[0],[0],[2.6111718749998545],['Target'],83,0,83,0,341.2481737500002,,10,341.23639216599986,341.2481737500002,341.2481737500002,0.02813100000093982,343.847668082999,[np.float64(-0.4100418410041841)],[np.float64(0.13598326359832635)],[1],[0],[0],[2.6111718749998545],['Target'],P_4,"001",2025-09-30_18h38.36.521,Visual Search Experiment_Urvashi Bhansali_13 September,,2025.2.0,120.06099098222764,2025-09-30 18h38.36.576668 +0530,
84,0,84,[np.float64(0.17364016736401675)],[np.float64(-0.4560669456066946)],[1],[0],[0],[4.832461333999163],['Target'],84,0,84,0,343.87462516599953,,5,343.86473904099876,343.87462516599953,343.87462516599953,0.015332708000642015,348.69731024999965,[np.float64(0.17364016736401675)],[np.float64(-0.4560669456066946)],[1],[0],[0],[4.832461333999163],['Target'],P_4,"001",2025-09-30_18h38.36.521,Visual Search Experiment_Urvashi Bhansali_13 September,,2025.2.0,120.06099098222764,2025-09-30 18h38.36.576668 +0530,
85,0,85,[np.float64(-0.4089958158995816)],[np.float64(-0.25418410041841005)],[1],[0],[0],[2.96761350000088],['Target'],85,0,85,0,348.74213274999966,,10,348.72983558299893,348.74213274999966,348.74213274999966,0.030990625000413274,351.69752254099876,[np.float64(-0.4089958158995816)],[np.float64(-0.25418410041841005)],[1],[0],[0],[2.96761350000088],['Target'],P_4,"001",2025-09-30_18h38.36.521,Visual Search Experiment_Urvashi Bhansali_13 September,,2025.2.0,120.06099098222764,2025-09-30 18h38.36.576668 +0530,
86,0,86,[np.float64(-0.4581589958158996)],[np.float64(-0.09728033472803348)],[1],[0],[0],[3.6144222499988246],['Target'],86,0,86,0,351.73808612500034,,10,351.7259182910002,351.73808612500034,351.73808612500034,0.02647587499996007,355.3404987499998,[np.float64(-0.4581589958158996)],[np.float64(-0.09728033472803348)],[1],[0],[0],[3.6144222499988246],['Target'],P_4,"001",2025-09-30_18h38.36.521,Visual Search Experiment_Urvashi Bhansali_13 September,,2025.2.0,120.06099098222764,2025-09-30 18h38.36.576668 +0530,
87,0,87,[np.float64(-0.3294979079497908)],[np.float64(0.11610878661087866)],[1],[0],[0],[2.33100687499973],['Target'],87,0,87,0,355.37056570799905,,5,355.35946949999925,355.37056570799905,355.37056570799905,0.016972792000160553,357.69064549999894,[np.float64(-0.3294979079497908)],[np.float64(0.11610878661087866)],[1],[0],[0],[2.33100687499973],['Target'],P_4,"001",2025-09-30_18h38.36.521,Visual Search Experiment_Urvashi Bhansali_13 September,,2025.2.0,120.06099098222764,2025-09-30 18h38.36.576668 +0530,
88,0,88,[np.float64(-0.2615062761506276)],[np.float64(-0.3692468619246862)],[1],[0],[0],[3.09431533300085],['Target'],88,0,88,0,357.7225085829996,,5,357.71229245799987,357.7225085829996,357.7225085829996,0.01974083299865015,360.80677454099896,[np.float64(-0.2615062761506276)],[np.float64(-0.3692468619246862)],[1],[0],[0],[3.09431533300085],['Target'],P_4,"001",2025-09-30_18h38.36.521,Visual Search Experiment_Urvashi Bhansali_13 September,,2025.2.0,120.06099098222764,2025-09-30 18h38.36.576668 +0530,
89,0,89,[np.float64(0.2615062761506276)],[np.float64(-0.39539748953974896)],[1],[0],[0],[3.6749070420009957],['Target'],89,0,89,0,360.83800408299976,,5,360.8281303329986,360.83800408299976,360.83800408299976,0.019741875001273,364.50320095799907,[np.float64(0.2615062761506276)],[np.float64(-0.39539748953974896)],[1],[0],[0],[3.6749070420009957],['Target'],P_4,"001",2025-09-30_18h38.36.521,Visual Search Experiment_Urvashi Bhansali_13 September,,2025.2.0,120.06099098222764,2025-09-30 18h38.36.576668 +0530,
90,0,90,[np.float64(0.1098326359832636)],[np.float64(0.35669456066945604)],[1],[0],[0],[5.510304457999155],['Target'],90,0,90,0,364.5503015409995,,10,364.53768800000034,364.5503015409995,364.5503015409995,0.03270012499888253,370.04811920799875,[np.float64(0.1098326359832636)],[np.float64(0.35669456066945604)],[1],[0],[0],[5.510304457999155],['Target'],P_4,"001",2025-09-30_18h38.36.521,Visual Search Experiment_Urvashi Bhansali_13 September,,2025.2.0,120.06099098222764,2025-09-30 18h38.36.576668 +0530,
91,0,91,[np.float64(-0.03765690376569038)],[np.float64(0.45397489539748953)],[1],[0],[0],[4.345833291999952],['Target'],91,0,91,0,370.07804083299925,,5,370.0678847910003,370.07804083299925,370.07804083299925,0.018227124999611988,374.4138262910001,[np.float64(-0.03765690376569038)],[np.float64(0.45397489539748953)],[1],[0],[0],[4.345833291999952],['Target'],P_4,"001",2025-09-30_18h38.36.521,Visual Search Experiment_Urvashi Bhansali_13 September,,2025.2.0,120.06099098222764,2025-09-30 18h38.36.576668 +0530,
92,0,92,[np.float64(0.4497907949790795)],[np.float64(-0.16422594142259414)],[1],[0],[0],[3.541845292000289],['Target'],92,0,92,0,374.4604145409994,,10,374.4478246660001,374.4604145409994,374.4604145409994,0.03244112500033225,377.98983883300025,[np.float64(0.4497907949790795)],[np.float64(-0.16422594142259414)],[1],[0],[0],[3.541845292000289],['Target'],P_4,"001",2025-09-30_18h38.36.521,Visual Search Experiment_Urvashi Bhansali_13 September,,2025.2.0,120.06099098222764,2025-09-30 18h38.36.576668 +0530,
93,0,93,[np.float64(-0.3148535564853556)],[np.float64(0.17468619246861924)],[1],[0],[0],[4.0633633750003355],['Target'],93,0,93,0,378.02874566599894,,10,378.01728449999973,378.02874566599894,378.02874566599894,0.02581350000036764,382.08075141599875,[np.float64(-0.3148535564853556)],[np.float64(0.17468619246861924)],[1],[0],[0],[4.0633633750003355],['Target'],P_4,"001",2025-09-30_18h38.36.521,Visual Search Experiment_Urvashi Bhansali_13 September,,2025.2.0,120.06099098222764,2025-09-30 18h38.36.576668 +0530,
94,0,94,[np.float64(0.19142259414225943)],[np.float64(0.3305439330543933)],[1],[0],[0],[2.5986164579990145],['Target'],94,0,94,0,382.10941004099914,,5,382.099548958,382.10941004099914,382.10941004099914,0.01731695799935551,384.69828154099923,[np.float64(0.19142259414225943)],[np.float64(0.3305439330543933)],[1],[0],[0],[2.5986164579990145],['Target'],P_4,"001",2025-09-30_18h38.36.521,Visual Search Experiment_Urvashi Bhansali_13 September,,2025.2.0,120.06099098222764,2025-09-30 18h38.36.576668 +0530,
95,0,95,[np.float64(-0.1684100418410042)],[np.float64(0.46234309623430964)],[1],[0],[0],[6.0063549159986],['Target'],95,0,95,0,384.74561512499895,,10,384.7333397499988,384.74561512499895,384.74561512499895,0.030689875000462052,390.7398702499995,[np.float64(-0.1684100418410042)],[np.float64(0.46234309623430964)],[1],[0],[0],[6.0063549159986],['Target'],P_4,"001",2025-09-30_18h38.36.521,Visual Search Experiment_Urvashi Bhansali_13 September,,2025.2.0,120.06099098222764,2025-09-30 18h38.36.576668 +0530,
96,0,96,[np.float64(0.399581589958159)],[np.float64(-0.5)],[1],[0],[0],[6.628704832999574],[None],96,0,96,0,390.78012116599893,,10,390.7681439579992,390.78012116599893,390.78012116599893,0.026325582999561448,397.396948915999,[np.float64(0.399581589958159)],[np.float64(-0.5)],[1],[0],[0],[6.628704832999574],[None],P_4,"001",2025-09-30_18h38.36.521,Visual Search Experiment_Urvashi Bhansali_13 September,,2025.2.0,120.06099098222764,2025-09-30 18h38.36.576668 +0530,
97,0,97,[np.float64(-0.42677824267782427)],[np.float64(0.14225941422594143)],[1],[0],[0],[6.7994515000009415],['Target'],97,0,97,0,397.4369522500001,,10,397.42496466599914,397.4369522500001,397.4369522500001,0.02670979200047441,404.22460608300025,[np.float64(-0.42677824267782427)],[np.float64(0.14225941422594143)],[1],[0],[0],[6.7994515000009415],['Target'],P_4,"001",2025-09-30_18h38.36.521,Visual Search Experiment_Urvashi Bhansali_13 September,,2025.2.0,120.06099098222764,2025-09-30 18h38.36.576668 +0530,
98,0,98,[np.float64(0.32322175732217573)],[np.float64(-0.2280334728033473)],[1],[0],[0],[5.371221291999973],['Target'],98,0,98,0,404.2561146659991,,5,404.2464161249991,404.2561146659991,404.2561146659991,0.019788417001109337,409.61792633299956,[np.float64(0.32322175732217573)],[np.float64(-0.2280334728033473)],[1],[0],[0],[5.371221291999973],['Target'],P_4,"001",2025-09-30_18h38.36.521,Visual Search Experiment_Urvashi Bhansali_13 September,,2025.2.0,120.06099098222764,2025-09-30 18h38.36.576668 +0530,
99,0,99,[np.float64(0.14225941422594143)],[np.float64(-0.10251046025104603)],[1],[0],[0],[2.938230541998564],['Target'],99,0,99,0,409.6546553749995,,5,409.6422568329999,409.6546553749995,409.6546553749995,0.020851833000051556,412.5805860829987,[np.float64(0.14225941422594143)],[np.float64(-0.10251046025104603)],[1],[0],[0],[2.938230541998564],['Target'],P_4,"001",2025-09-30_18h38.36.521,Visual Search Experiment_Urvashi Bhansali_13 September,,2025.2.0,120.06099098222764,2025-09-30 18h38.36.576668 +0530,
100,0,100,[np.float64(-0.42887029288702927)],[np.float64(0.34309623430962344)],[1],[0],[0],[2.9441831250005635],['Target'],100,0,100,0,412.6137495410003,,5,412.6032860409996,412.6137495410003,412.6137495410003,0.020989707998523954,415.5475817079987,[np.float64(-0.42887029288702927)],[np.float64(0.34309623430962344)],[1],[0],[0],[2.9441831250005635],['Target'],P_4,"001",2025-09-30_18h38.36.521,Visual Search Experiment_Urvashi Bhansali_13 September,,2025.2.0,120.06099098222764,2025-09-30 18h38.36.576668 +0530,
101,0,101,[np.float64(-0.2510460251046025)],[np.float64(0.10146443514644352)],[1],[0],[0],[2.6810556250002264],['Target'],101,0,101,0,415.5778087910003,,5,415.56749029099956,415.5778087910003,415.5778087910003,0.01851520799937134,418.2486575410003,[np.float64(-0.2510460251046025)],[np.float64(0.10146443514644352)],[1],[0],[0],[2.6810556250002264],['Target'],P_4,"001",2025-09-30_18h38.36.521,Visual Search Experiment_Urvashi Bhansali_13 September,,2025.2.0,120.06099098222764,2025-09-30 18h38.36.576668 +0530,
102,0,102,[np.float64(-0.1297071129707113)],[np.float64(0.3901673640167364)],[1],[0],[0],[2.5870703750006214],['Target'],102,0,102,0,418.29959637499996,,10,418.28692733299977,418.29959637499996,418.29959637499996,0.035148041000866215,420.8741662499997,[np.float64(-0.1297071129707113)],[np.float64(0.3901673640167364)],[1],[0],[0],[2.5870703750006214],['Target'],P_4,"001",2025-09-30_18h38.36.521,Visual Search Experiment_Urvashi Bhansali_13 September,,2025.2.0,120.06099098222764,2025-09-30 18h38.36.576668 +0530,
103,0,103,[np.float64(0.32112970711297073)],[np.float64(0.1997907949790795)],[0],[0],[0],[2.260203874999206],['Target'],103,0,103,0,420.90432458299983,,5,420.89474424999935,420.90432458299983,420.90432458299983,0.018456667001373717,423.15511895799864,[np.float64(0.32112970711297073)],[np.float64(0.1997907949790795)],[0],[0],[0],[2.260203874999206],['Target'],P_4,"001",2025-09-30_18h38.36.521,Visual Search Experiment_Urvashi Bhansali_13 September,,2025.2.0,120.06099098222764,2025-09-30 18h38.36.576668 +0530,
104,0,104,[np.float64(-0.038702928870292884)],[np.float64(0.11506276150627615)],[1],[0],[0],[2.841695625000284],['Target'],104,0,104,0,423.20061799999894,,10,423.18927950000034,423.20061799999894,423.20061799999894,0.032196041000133846,426.0310540829996,[np.float64(-0.038702928870292884)],[np.float64(0.11506276150627615)],[1],[0],[0],[2.841695625000284],['Target'],P_4,"001",2025-09-30_18h38.36.521,Visual Search Experiment_Urvashi Bhansali_13 September,,2025.2.0,120.06099098222764,2025-09-30 18h38.36.576668 +0530,
105,0,105,[np.float64(-0.06276150627615062)],[np.float64(0.1893305439330544)],[1],[0],[0],[2.2145766249996086],['Target'],105,0,105,0,426.05967962499926,,5,426.04983733299923,426.05967962499926,426.05967962499926,0.016769915999248042,428.26453995799966,[np.float64(-0.06276150627615062)],[np.float64(0.1893305439330544)],[1],[0],[0],[2.2145766249996086],['Target'],P_4,"001",2025-09-30_18h38.36.521,Visual Search Experiment_Urvashi Bhansali_13 September,,2025.2.0,120.06099098222764,2025-09-30 18h38.36.576668 +0530,
106,0,106,[np.float64(-0.27405857740585776)],[np.float64(-0.2688284518828452)],[1],[0],[0],[6.084022416000153],['Target'],106,0,106,0,428.30828024999937,,10,428.2964709159987,428.30828024999937,428.30828024999937,0.03037591700012854,434.38056295800016,[np.float64(-0.27405857740585776)],[np.float64(-0.2688284518828452)],[1],[0],[0],[6.084022416000153],['Target'],P_4,"001",2025-09-30_18h38.36.521,Visual Search Experiment_Urvashi Bhansali_13 September,,2025.2.0,120.06099098222764,2025-09-30 18h38.36.576668 +0530,
107,0,107,[np.float64(-0.12343096234309624)],[np.float64(-0.3253138075313807)],[1],[0],[0],[2.309522666999328],['Target'],107,0,107,0,434.40825016599956,,5,434.39832741600003,434.40825016599956,434.40825016599956,0.016124374998980784,436.70802812500006,[np.float64(-0.12343096234309624)],[np.float64(-0.3253138075313807)],[1],[0],[0],[2.309522666999328],['Target'],P_4,"001",2025-09-30_18h38.36.521,Visual Search Experiment_Urvashi Bhansali_13 September,,2025.2.0,120.06099098222764,2025-09-30 18h38.36.576668 +0530,
108,0,108,[np.float64(0.17573221757322174)],[np.float64(-0.33263598326359833)],[1],[0],[0],[3.6173218340009043],['Target'],108,0,108,0,436.7417887499996,,5,436.7311505830003,436.7417887499996,436.7417887499996,0.02126233300077729,440.34861320799973,[np.float64(0.17573221757322174)],[np.float64(-0.33263598326359833)],[1],[0],[0],[3.6173218340009043],['Target'],P_4,"001",2025-09-30_18h38.36.521,Visual Search Experiment_Urvashi Bhansali_13 September,,2025.2.0,120.06099098222764,2025-09-30 18h38.36.576668 +0530,
109,0,109,[np.float64(0.09309623430962342)],[np.float64(-0.23221757322175732)],[1],[0],[0],[2.202790499999537],['Target'],109,0,109,0,440.40014645799965,,10,440.3877194159995,440.40014645799965,440.40014645799965,0.035594916000263765,442.5906837499988,[np.float64(0.09309623430962342)],[np.float64(-0.23221757322175732)],[1],[0],[0],[2.202790499999537],['Target'],P_4,"001",2025-09-30_18h38.36.521,Visual Search Experiment_Urvashi Bhansali_13 September,,2025.2.0,120.06099098222764,2025-09-30 18h38.36.576668 +0530,
110,0,110,[np.float64(-0.14539748953974896)],[np.float64(0.4205020920502092)],[0],[0],[0],[2.9182973340011813],['Target'],110,0,110,0,442.6320843329995,,10,442.62000445800004,442.6320843329995,442.6320843329995,0.02736541599915654,445.5384464580002,[np.float64(-0.14539748953974896)],[np.float64(0.4205020920502092)],[0],[0],[0],[2.9182973340011813],['Target'],P_4,"001",2025-09-30_18h38.36.521,Visual Search Experiment_Urvashi Bhansali_13 September,,2025.2.0,120.06099098222764,2025-09-30 18h38.36.576668 +0530,
111,0,111,[np.float64(-0.23535564853556484)],[np.float64(0.04079497907949791)],[1],[0],[0],[4.0728419160004705],['Target'],111,0,111,0,445.5709561249987,,5,445.56076958299855,445.5709561249987,445.5709561249987,0.020588958999724127,449.63378658299916,[np.float64(-0.23535564853556484)],[np.float64(0.04079497907949791)],[1],[0],[0],[4.0728419160004705],['Target'],P_4,"001",2025-09-30_18h38.36.521,Visual Search Experiment_Urvashi Bhansali_13 September,,2025.2.0,120.06099098222764,2025-09-30 18h38.36.576668 +0530,
112,0,112,[np.float64(0.0899581589958159)],[np.float64(-0.38598326359832635)],[1],[0],[0],[4.720489583000017],['Target'],112,0,112,0,449.6816576250003,,10,449.66886370799875,449.6816576250003,449.6816576250003,0.03298120799991011,454.3895182079996,[np.float64(0.0899581589958159)],[np.float64(-0.38598326359832635)],[1],[0],[0],[4.720489583000017],['Target'],P_4,"001",2025-09-30_18h38.36.521,Visual Search Experiment_Urvashi Bhansali_13 September,,2025.2.0,120.06099098222764,2025-09-30 18h38.36.576668 +0530,
113,0,113,[np.float64(0.448744769874477)],[np.float64(-0.05439330543933055)],[1],[0],[0],[5.320645792000505],['Target'],113,0,113,0,454.42159241599984,,5,454.41044908299955,454.42159241599984,454.42159241599984,0.018874749999667984,459.73129816599976,[np.float64(0.448744769874477)],[np.float64(-0.05439330543933055)],[1],[0],[0],[5.320645792000505],['Target'],P_4,"001",2025-09-30_18h38.36.521,Visual Search Experiment_Urvashi Bhansali_13 September,,2025.2.0,120.06099098222764,2025-09-30 18h38.36.576668 +0530,
114,0,114,[np.float64(-0.4665271966527197)],[np.float64(-0.15481171548117154)],[0],[0],[0],[2.699265541999921],['Target'],114,0,114,0,459.76640216600026,,5,459.7556104159994,459.76640216600026,459.76640216600026,0.022113208999144263,462.45503720799934,[np.float64(-0.4665271966527197)],[np.float64(-0.15481171548117154)],[0],[0],[0],[2.699265541999921],['Target'],P_4,"001",2025-09-30_18h38.36.521,Visual Search Experiment_Urvashi Bhansali_13 September,,2025.2.0,120.06099098222764,2025-09-30 18h38.36.576668 +0530,
115,0,115,[np.float64(-0.10669456066945607)],[np.float64(-0.23221757322175732)],[1],[0],[0],[3.518680625000343],['Target'],115,0,115,0,462.50140554099926,,10,462.4889080409994,462.50140554099926,462.50140554099926,0.03214529100114305,466.0077590000001,[np.float64(-0.10669456066945607)],[np.float64(-0.23221757322175732)],[1],[0],[0],[3.518680625000343],['Target'],P_4,"001",2025-09-30_18h38.36.521,Visual Search Experiment_Urvashi Bhansali_13 September,,2025.2.0,120.06099098222764,2025-09-30 18h38.36.576668 +0530,
116,0,116,[np.float64(0.29497907949790797)],[np.float64(-0.08368200836820083)],[1],[0],[0],[7.264183790999596],['Target'],116,0,116,0,466.03791754099984,,5,466.02819312499923,466.03791754099984,466.03791754099984,0.01853333399958501,473.29257579099976,[np.float64(0.29497907949790797)],[np.float64(-0.08368200836820083)],[1],[0],[0],[7.264183790999596],['Target'],P_4,"001",2025-09-30_18h38.36.521,Visual Search Experiment_Urvashi Bhansali_13 September,,2025.2.0,120.06099098222764,2025-09-30 18h38.36.576668 +0530,
117,0,117,[np.float64(-0.3493723849372385)],[np.float64(0.4707112970711297)],[1],[0],[0],[4.153191125000376],['Target'],117,0,117,0,473.3252805409993,,5,473.31488349999927,473.3252805409993,473.3252805409993,0.02027858299879881,477.46814116600035,[np.float64(-0.3493723849372385)],[np.float64(0.4707112970711297)],[1],[0],[0],[4.153191125000376],['Target'],P_4,"001",2025-09-30_18h38.36.521,Visual Search Experiment_Urvashi Bhansali_13 September,,2025.2.0,120.06099098222764,2025-09-30 18h38.36.576668 +0530,
118,0,118,[np.float64(-0.09100418410041841)],[np.float64(-0.3389121338912134)],[1],[0],[0],[4.237914458000887],['Target'],118,0,118,0,477.5056905829988,,10,477.4940233750003,477.5056905829988,477.5056905829988,0.024559125000450877,481.73205637499996,[np.float64(-0.09100418410041841)],[np.float64(-0.3389121338912134)],[1],[0],[0],[4.237914458000887],['Target'],P_4,"001",2025-09-30_18h38.36.521,Visual Search Experiment_Urvashi Bhansali_13 September,,2025.2.0,120.06099098222764,2025-09-30 18h38.36.576668 +0530,
119,0,119,[np.float64(-0.09100418410041841)],[np.float64(-0.3389121338912134)],[1],[0],[0],[0.4891416249993199],[None],119,0,119,0,481.77919587499855,,10,481.76703954099867,481.77919587499855,481.77919587499855,0.03167616700011422,482.2563338330001,[np.float64(-0.09100418410041841)],[np.float64(-0.3389121338912134)],[1],[0],[0],[0.4891416249993199],[None],P_4,"001",2025-09-30_18h38.36.521,Visual Search Experiment_Urvashi Bhansali_13 September,,2025.2.0,120.06099098222764,2025-09-30 18h38.36.576668 +0530,
120,0,120,[np.float64(-0.35251046025104604)],[np.float64(0.05753138075313807)],[1],[0],[0],[1.797965750000003],['Target'],120,0,120,0,482.28726616600034,,5,482.27590241599864,482.28726616600034,482.28726616600034,0.017761125000106404,484.07403095799964,[np.float64(-0.35251046025104604)],[np.float64(0.05753138075313807)],[1],[0],[0],[1.797965750000003],['Target'],P_4,"001",2025-09-30_18h38.36.521,Visual Search Experiment_Urvashi Bhansali_13 September,,2025.2.0,120.06099098222764,2025-09-30 18h38.36.576668 +0530,
121,0,121,[np.float64(-0.21234309623430964)],[np.float64(0.3169456066945607)],[1],[0],[0],[2.785154749999492],['Target'],121,0,121,0,484.1059334999991,,5,484.09560512499957,484.1059334999991,484.1059334999991,0.019438124998487183,486.8808734159993,[np.float64(-0.21234309623430964)],[np.float64(0.3169456066945607)],[1],[0],[0],[2.785154749999492],['Target'],P_4,"001",2025-09-30_18h38.36.521,Visual Search Experiment_Urvashi Bhansali_13 September,,2025.2.0,120.06099098222764,2025-09-30 18h38.36.576668 +0530,
122,0,122,[np.float64(0.4246861924686193)],[np.float64(-0.25418410041841005)],[1],[0],[0],[3.8762578330006363],['Target'],122,0,122,0,486.9148804999986,,5,486.90433374999884,486.9148804999986,486.9148804999986,0.02197020799940219,490.78073316599875,[np.float64(0.4246861924686193)],[np.float64(-0.25418410041841005)],[1],[0],[0],[3.8762578330006363],['Target'],P_4,"001",2025-09-30_18h38.36.521,Visual Search Experiment_Urvashi Bhansali_13 September,,2025.2.0,120.06099098222764,2025-09-30 18h38.36.576668 +0530,
123,0,123,[np.float64(-0.41736401673640167)],[np.float64(0.25418410041841005)],[1],[0],[0],[4.348236541998631],['Target'],123,0,123,0,490.8268828330001,,10,490.8147519159993,490.8268828330001,490.8268828330001,0.032056207999630715,495.163076290999,[np.float64(-0.41736401673640167)],[np.float64(0.25418410041841005)],[1],[0],[0],[4.348236541998631],['Target'],P_4,"001",2025-09-30_18h38.36.521,Visual Search Experiment_Urvashi Bhansali_13 September,,2025.2.0,120.06099098222764,2025-09-30 18h38.36.576668 +0530,
124,0,124,[np.float64(0.26778242677824265)],[np.float64(-0.26569037656903766)],[1],[0],[0],[3.7601706250006828],['Target'],124,0,124,0,495.19017670799985,,5,495.1804376250002,495.19017670799985,495.19017670799985,0.015772958999150433,498.94077837499935,[np.float64(0.26778242677824265)],[np.float64(-0.26569037656903766)],[1],[0],[0],[3.7601706250006828],['Target'],P_4,"001",2025-09-30_18h38.36.521,Visual Search Experiment_Urvashi Bhansali_13 September,,2025.2.0,120.06099098222764,2025-09-30 18h38.36.576668 +0530,
125,0,125,[np.float64(0.19560669456066945)],[np.float64(0.28451882845188287)],[1],[0],[0],[3.7676517500003683],['Target'],125,0,125,0,498.97191312500036,,5,498.96211545799997,498.97191312500036,498.97191312500036,0.01958333400034462,502.72988395799985,[np.float64(0.19560669456066945)],[np.float64(0.28451882845188287)],[1],[0],[0],[3.7676517500003683],['Target'],P_4,"001",2025-09-30_18h38.36.521,Visual Search Experiment_Urvashi Bhansali_13 September,,2025.2.0,120.06099098222764,2025-09-30 18h38.36.576668 +0530,
126,0,126,[np.float64(-0.27824267782426776)],[np.float64(-0.36715481171548114)],[1],[0],[0],[4.2521298749998095],['Target'],126,0,126,0,502.77272774999983,,10,502.76100249999945,502.77272774999983,502.77272774999983,0.02981391600042116,507.0131990409991,[np.float64(-0.27824267782426776)],[np.float64(-0.36715481171548114)],[1],[0],[0],[4.2521298749998095],['Target'],P_4,"001",2025-09-30_18h38.36.521,Visual Search Experiment_Urvashi Bhansali_13 September,,2025.2.0,120.06099098222764,2025-09-30 18h38.36.576668 +0530,
127,0,127,[np.float64(-0.303347280334728)],[np.float64(0.4027196652719665)],[1],[0],[0],[4.360776375000569],['Target'],127,0,127,0,507.0532922499988,,10,507.0413662079991,507.0532922499988,507.0532922499988,0.0267850840009487,511.4023028749998,[np.float64(-0.303347280334728)],[np.float64(0.4027196652719665)],[1],[0],[0],[4.360776375000569],['Target'],P_4,"001",2025-09-30_18h38.36.521,Visual Search Experiment_Urvashi Bhansali_13 September,,2025.2.0,120.06099098222764,2025-09-30 18h38.36.576668 +0530,
128,0,128,[np.float64(-0.29707112970711297)],[np.float64(-0.03138075313807531)],[0],[0],[0],[3.6157220419991063],['Target'],128,0,128,0,511.43348016599884,,5,511.4231257499996,511.43348016599884,511.43348016599884,0.01881816599961894,515.0390477499986,[np.float64(-0.29707112970711297)],[np.float64(-0.03138075313807531)],[0],[0],[0],[3.6157220419991063],['Target'],P_4,"001",2025-09-30_18h38.36.521,Visual Search Experiment_Urvashi Bhansali_13 September,,2025.2.0,120.06099098222764,2025-09-30 18h38.36.576668 +0530,
129,0,129,[np.float64(-0.22071129707112971)],[np.float64(-0.28870292887029286)],[1],[0],[0],[3.2939213329991617],['Target'],129,0,129,0,515.0742665409998,,5,515.0640133329998,515.0742665409998,515.0742665409998,0.02282658299918694,518.3581271249986,[np.float64(-0.22071129707112971)],[np.float64(-0.28870292887029286)],[1],[0],[0],[3.2939213329991617],['Target'],P_4,"001",2025-09-30_18h38.36.521,Visual Search Experiment_Urvashi Bhansali_13 September,,2025.2.0,120.06099098222764,2025-09-30 18h38.36.576668 +0530,
130,0,130,[np.float64(0.0010460251046025104)],[np.float64(-0.3880753138075314)],[1],[0],[0],[2.069684625001173],['Target'],130,0,130,0,518.3925000829986,,5,518.3822239579986,518.3925000829986,518.3925000829986,0.021814540999912424,520.4520739580003,[np.float64(0.0010460251046025104)],[np.float64(-0.3880753138075314)],[1],[0],[0],[2.069684625001173],['Target'],P_4,"001",2025-09-30_18h38.36.521,Visual Search Experiment_Urvashi Bhansali_13 September,,2025.2.0,120.06099098222764,2025-09-30 18h38.36.576668 +0530,
131,0,131,[np.float64(0.3682008368200837)],[np.float64(0.4874476987447699)],[1],[0],[0],[5.698269667000204],['Target'],131,0,131,0,520.4984933750002,,10,520.4860641249998,520.4984933750002,520.4984933750002,0.03191254199919058,526.1843947910002,[np.float64(0.3682008368200837)],[np.float64(0.4874476987447699)],[1],[0],[0],[5.698269667000204],['Target'],P_4,"001",2025-09-30_18h38.36.521,Visual Search Experiment_Urvashi Bhansali_13 September,,2025.2.0,120.06099098222764,2025-09-30 18h38.36.576668 +0530,
132,0,132,[np.float64(-0.25523012552301255)],[np.float64(0.19560669456066945)],[1],[0],[0],[2.7428798339988134],['Target'],132,0,132,0,526.2096241250001,,5,526.1998401250003,526.2096241250001,526.2096241250001,0.014230332999431994,528.9428928329999,[np.float64(-0.25523012552301255)],[np.float64(0.19560669456066945)],[1],[0],[0],[2.7428798339988134],['Target'],P_4,"001",2025-09-30_18h38.36.521,Visual Search Experiment_Urvashi Bhansali_13 September,,2025.2.0,120.06099098222764,2025-09-30 18h38.36.576668 +0530,
133,0,133,[np.float64(0.1192468619246862)],[np.float64(0.13389121338912133)],[1],[0],[0],[3.432460333999188],['Target'],133,0,133,0,528.9747884159988,,5,528.9648906249986,528.9747884159988,528.9747884159988,0.020048667000082787,532.3974548749993,[np.float64(0.1192468619246862)],[np.float64(0.13389121338912133)],[1],[0],[0],[3.432460333999188],['Target'],P_4,"001",2025-09-30_18h38.36.521,Visual Search Experiment_Urvashi Bhansali_13 September,,2025.2.0,120.06099098222764,2025-09-30 18h38.36.576668 +0530,
134,0,134,[np.float64(-0.053347280334728034)],[np.float64(-0.34309623430962344)],[1],[0],[0],[3.6195459170012327],['Target'],134,0,134,0,532.4316215409999,,5,532.42087575,532.4316215409999,532.4316215409999,0.021836500000063097,536.0406569579991,[np.float64(-0.053347280334728034)],[np.float64(-0.34309623430962344)],[1],[0],[0],[3.6195459170012327],['Target'],P_4,"001",2025-09-30_18h38.36.521,Visual Search Experiment_Urvashi Bhansali_13 September,,2025.2.0,120.06099098222764,2025-09-30 18h38.36.576668 +0530,
135,0,135,[np.float64(-0.14330543933054393)],[np.float64(-0.28556485355648537)],[1],[0],[0],[4.055744625000443],['Target'],135,0,135,0,536.0877750829986,,10,536.0747902909989,536.0877750829986,536.0877750829986,0.03223204200003238,540.1306210829989,[np.float64(-0.14330543933054393)],[np.float64(-0.28556485355648537)],[1],[0],[0],[4.055744625000443],['Target'],P_4,"001",2025-09-30_18h38.36.521,Visual Search Experiment_Urvashi Bhansali_13 September,,2025.2.0,120.06099098222764,2025-09-30 18h38.36.576668 +0530,
136,0,136,[np.float64(0.301255230125523)],[np.float64(0.34309623430962344)],[1],[0],[0],[2.7197931250011607],['Target'],136,0,136,0,540.1593996659994,,5,540.1494710829993,540.1593996659994,540.1593996659994,0.01717037500020524,542.8696492910003,[np.float64(0.301255230125523)],[np.float64(0.34309623430962344)],[1],[0],[0],[2.7197931250011607],['Target'],P_4,"001",2025-09-30_18h38.36.521,Visual Search Experiment_Urvashi Bhansali_13 September,,2025.2.0,120.06099098222764,2025-09-30 18h38.36.576668 +0530,
137,0,137,[np.float64(0.2730125523012552)],[np.float64(0.30857740585774057)],[1],[0],[0],[2.4477715419998276],['Target'],137,0,137,0,542.9058567909997,,5,542.8936604999999,542.9058567909997,542.9058567909997,0.021757000000434346,545.3416512080003,[np.float64(0.2730125523012552)],[np.float64(0.30857740585774057)],[1],[0],[0],[2.4477715419998276],['Target'],P_4,"001",2025-09-30_18h38.36.521,Visual Search Experiment_Urvashi Bhansali_13 September,,2025.2.0,120.06099098222764,2025-09-30 18h38.36.576668 +0530,
138,0,138,[np.float64(0.19874476987447698)],[np.float64(-0.13284518828451883)],[1],[0],[0],[5.502323165999769],['Target'],138,0,138,0,545.3898327499992,,10,545.3780058329994,545.3898327499992,545.3898327499992,0.034177875000750646,550.8804197909994,[np.float64(0.19874476987447698)],[np.float64(-0.13284518828451883)],[1],[0],[0],[5.502323165999769],['Target'],P_4,"001",2025-09-30_18h38.36.521,Visual Search Experiment_Urvashi Bhansali_13 September,,2025.2.0,120.06099098222764,2025-09-30 18h38.36.576668 +0530,
139,0,139,[np.float64(-0.48640167364016734)],[np.float64(-0.3253138075313807)],[1],[0],[0],[6.638836125001035],['Target'],139,0,139,0,550.9209083749993,,10,550.9079496249997,550.9209083749993,550.9209083749993,0.025916582999343518,557.5468535829987,[np.float64(-0.48640167364016734)],[np.float64(-0.3253138075313807)],[1],[0],[0],[6.638836125001035],['Target'],P_4,"001",2025-09-30_18h38.36.521,Visual Search Experiment_Urvashi Bhansali_13 September,,2025.2.0,120.06099098222764,2025-09-30 18h38.36.576668 +0530,
140,0,140,[np.float64(0.3702928870292887)],[np.float64(0.2719665271966527)],[1],[0],[0],[8.4390749159993],['Target'],140,0,140,0,557.5869677909996,,10,557.5741757079995,557.5869677909996,557.5869677909996,0.025922708999132738,566.0133365000002,[np.float64(0.3702928870292887)],[np.float64(0.2719665271966527)],[1],[0],[0],[8.4390749159993],['Target'],P_4,"001",2025-09-30_18h38.36.521,Visual Search Experiment_Urvashi Bhansali_13 September,,2025.2.0,120.06099098222764,2025-09-30 18h38.36.576668 +0530,
141,0,141,[np.float64(-0.2897489539748954)],[np.float64(-0.2928870292887029)],[1],[0],[0],[5.864361374999135],['Target'],141,0,141,0,566.0541610829987,,10,566.0418426659999,566.0541610829987,566.0541610829987,0.02680816700012656,571.9063839579994,[np.float64(-0.2897489539748954)],[np.float64(-0.2928870292887029)],[1],[0],[0],[5.864361374999135],['Target'],P_4,"001",2025-09-30_18h38.36.521,Visual Search Experiment_Urvashi Bhansali_13 September,,2025.2.0,120.06099098222764,2025-09-30 18h38.36.576668 +0530,
142,0,142,[np.float64(0.47594142259414224)],[np.float64(-0.4581589958158996)],[1],[0],[0],[3.386862249999467],['Target'],142,0,142,0,571.9379629159994,,5,571.9271066250003,571.9379629159994,571.9379629159994,0.01888808399962727,575.3141093329996,[np.float64(0.47594142259414224)],[np.float64(-0.4581589958158996)],[1],[0],[0],[3.386862249999467],['Target'],P_4,"001",2025-09-30_18h38.36.521,Visual Search Experiment_Urvashi Bhansali_13 September,,2025.2.0,120.06099098222764,2025-09-30 18h38.36.576668 +0530,
143,0,143,[np.float64(-0.34414225941422594)],[np.float64(0.42782426778242677)],[1],[0],[0],[5.174212207999517],['Target'],143,0,143,0,575.3599770000001,,10,575.3480755829987,575.3599770000001,575.3599770000001,0.03202858400072728,580.5224695830002,[np.float64(-0.34414225941422594)],[np.float64(0.42782426778242677)],[1],[0],[0],[5.174212207999517],['Target'],P_4,"001",2025-09-30_18h38.36.521,Visual Search Experiment_Urvashi Bhansali_13 September,,2025.2.0,120.06099098222764,2025-09-30 18h38.36.576668 +0530,
144,0,144,[np.float64(0.3200836820083682)],[np.float64(-0.22384937238493724)],[1],[0],[0],[2.763189416999012],['Target'],144,0,144,0,580.554061625,,5,580.5439442079987,580.554061625,580.554061625,0.019440124999164254,583.3073117499989,[np.float64(0.3200836820083682)],[np.float64(-0.22384937238493724)],[1],[0],[0],[2.763189416999012],['Target'],P_4,"001",2025-09-30_18h38.36.521,Visual Search Experiment_Urvashi Bhansali_13 September,,2025.2.0,120.06099098222764,2025-09-30 18h38.36.576668 +0530,
145,0,145,[np.float64(-0.24372384937238495)],[np.float64(-0.034518828451882845)],[1],[0],[0],[6.410354958001335],['Target'],145,0,145,0,583.3392598329992,,5,583.3291571249993,583.3392598329992,583.3392598329992,0.020134540998697048,589.7396909580002,[np.float64(-0.24372384937238495)],[np.float64(-0.034518828451882845)],[1],[0],[0],[6.410354958001335],['Target'],P_4,"001",2025-09-30_18h38.36.521,Visual Search Experiment_Urvashi Bhansali_13 September,,2025.2.0,120.06099098222764,2025-09-30 18h38.36.576668 +0530,
146,0,146,[np.float64(0.0020920502092050207)],[np.float64(-0.09832635983263599)],[1],[0],[0],[2.499710708998464],['Target'],146,0,146,0,589.7870869580001,,10,589.7735263750001,589.7870869580001,589.7870869580001,0.03166833400064206,592.2734086660003,[np.float64(0.0020920502092050207)],[np.float64(-0.09832635983263599)],[1],[0],[0],[2.499710708998464],['Target'],P_4,"001",2025-09-30_18h38.36.521,Visual Search Experiment_Urvashi Bhansali_13 September,,2025.2.0,120.06099098222764,2025-09-30 18h38.36.576668 +0530,
147,0,147,[np.float64(0.028242677824267783)],[np.float64(0.2510460251046025)],[1],[0],[0],[2.2302069580000534],['Target'],147,0,147,0,592.303808540999,,5,592.2931200829989,592.303808540999,592.303808540999,0.017928583998582326,594.5234912079995,[np.float64(0.028242677824267783)],[np.float64(0.2510460251046025)],[1],[0],[0],[2.2302069580000534],['Target'],P_4,"001",2025-09-30_18h38.36.521,Visual Search Experiment_Urvashi Bhansali_13 September,,2025.2.0,120.06099098222764,2025-09-30 18h38.36.576668 +0530,
148,0,148,[np.float64(-0.04811715481171548)],[np.float64(0.252092050209205)],[1],[0],[0],[4.145099625000512],['Target'],148,0,148,0,594.556866375,,5,594.5457152910003,594.556866375,594.556866375,0.020202125000650994,598.6910134999998,[np.float64(-0.04811715481171548)],[np.float64(0.252092050209205)],[1],[0],[0],[4.145099625000512],['Target'],P_4,"001",2025-09-30_18h38.36.521,Visual Search Experiment_Urvashi Bhansali_13 September,,2025.2.0,120.06099098222764,2025-09-30 18h38.36.576668 +0530,
149,0,149,[np.float64(-0.2395397489539749)],[np.float64(-0.3169456066945607)],[1],[0],[0],[3.173947584000416],['Target'],149,0,149,0,598.7272497499998,,5,598.7163915410001,598.7272497499998,598.7272497499998,0.023287083000468556,601.8905290000002,[np.float64(-0.2395397489539749)],[np.float64(-0.3169456066945607)],[1],[0],[0],[3.173947584000416],['Target'],P_4,"001",2025-09-30_18h38.36.521,Visual Search Experiment_Urvashi Bhansali_13 September,,2025.2.0,120.06099098222764,2025-09-30 18h38.36.576668 +0530,
150,0,150,[np.float64(-0.015690376569037656)],[np.float64(0.0794979079497908)],[1],[0],[0],[2.110144500000388],['Target'],150,0,150,0,601.9231794579991,,5,601.9132167909993,601.9231794579991,601.9231794579991,0.02075170900025114,604.0235203329994,[np.float64(-0.015690376569037656)],[np.float64(0.0794979079497908)],[1],[0],[0],[2.110144500000388],['Target'],P_4,"001",2025-09-30_18h38.36.521,Visual Search Experiment_Urvashi Bhansali_13 September,,2025.2.0,120.06099098222764,2025-09-30 18h38.36.576668 +0530,
151,0,151,[np.float64(0.3043933054393305)],[np.float64(-0.034518828451882845)],[1],[0],[0],[5.090174834000209],['Target'],151,0,151,0,604.070444125,,10,604.0564768749991,604.070444125,604.070444125,0.03123737500027346,609.1467615000001,[np.float64(0.3043933054393305)],[np.float64(-0.034518828451882845)],[1],[0],[0],[5.090174834000209],['Target'],P_4,"001",2025-09-30_18h38.36.521,Visual Search Experiment_Urvashi Bhansali_13 September,,2025.2.0,120.06099098222764,2025-09-30 18h38.36.576668 +0530,
152,0,152,[np.float64(-0.17677824267782427)],[np.float64(-0.2217573221757322)],[1],[0],[0],[12.179933916999289],['Target'],152,0,152,0,609.1879099999987,,10,609.1762503329992,609.1879099999987,609.1879099999987,0.02810266699998465,621.3563181249992,[np.float64(-0.17677824267782427)],[np.float64(-0.2217573221757322)],[1],[0],[0],[12.179933916999289],['Target'],P_4,"001",2025-09-30_18h38.36.521,Visual Search Experiment_Urvashi Bhansali_13 September,,2025.2.0,120.06099098222764,2025-09-30 18h38.36.576668 +0530,
153,0,153,[np.float64(0.12761506276150628)],[np.float64(-0.07217573221757322)],[1],[0],[0],[2.2205798749982932],['Target'],153,0,153,0,621.3872747079986,,5,621.3762147500001,621.3872747079986,621.3872747079986,0.01759620799930417,623.5968896659997,[np.float64(0.12761506276150628)],[np.float64(-0.07217573221757322)],[1],[0],[0],[2.2205798749982932],['Target'],P_4,"001",2025-09-30_18h38.36.521,Visual Search Experiment_Urvashi Bhansali_13 September,,2025.2.0,120.06099098222764,2025-09-30 18h38.36.576668 +0530,
154,0,154,[np.float64(-0.2928870292887029)],[np.float64(0.4382845188284519)],[1],[0],[0],[4.527038708998589],['Target'],154,0,154,0,623.6406484999989,,10,623.6285023330001,623.6406484999989,623.6406484999989,0.030203624999558087,628.1557112499995,[np.float64(-0.2928870292887029)],[np.float64(0.4382845188284519)],[1],[0],[0],[4.527038708998589],['Target'],P_4,"001",2025-09-30_18h38.36.521,Visual Search Experiment_Urvashi Bhansali_13 September,,2025.2.0,120.06099098222764,2025-09-30 18h38.36.576668 +0530,
155,0,155,[np.float64(0.0020920502092050207)],[np.float64(0.27824267782426776)],[1],[0],[0],[3.4489785000005213],['Target'],155,0,155,0,628.1868611249993,,5,628.175132332999,628.1868611249993,628.1868611249993,0.017612833000384853,631.6242817499988,[np.float64(0.0020920502092050207)],[np.float64(0.27824267782426776)],[1],[0],[0],[3.4489785000005213],['Target'],P_4,"001",2025-09-30_18h38.36.521,Visual Search Experiment_Urvashi Bhansali_13 September,,2025.2.0,120.06099098222764,2025-09-30 18h38.36.576668 +0530,
156,0,156,[np.float64(0.23326359832635984)],[np.float64(0.3399581589958159)],[1],[0],[0],[2.9405589159996453],['Target'],156,0,156,0,631.6563642909987,,5,631.645709458,631.6563642909987,631.6563642909987,0.019505875001414097,634.5864798330003,[np.float64(0.23326359832635984)],[np.float64(0.3399581589958159)],[1],[0],[0],[2.9405589159996453],['Target'],P_4,"001",2025-09-30_18h38.36.521,Visual Search Experiment_Urvashi Bhansali_13 September,,2025.2.0,120.06099098222764,2025-09-30 18h38.36.576668 +0530,
157,0,157,[np.float64(-0.24790794979079497)],[np.float64(-0.45397489539748953)],[1],[0],[0],[5.160065500000201],['Target'],157,0,157,0,634.6325886249997,,10,634.6200021249988,634.6325886249997,634.6325886249997,0.03142724999997881,639.7801679579989,[np.float64(-0.24790794979079497)],[np.float64(-0.45397489539748953)],[1],[0],[0],[5.160065500000201],['Target'],P_4,"001",2025-09-30_18h38.36.521,Visual Search Experiment_Urvashi Bhansali_13 September,,2025.2.0,120.06099098222764,2025-09-30 18h38.36.576668 +0530,
158,0,158,[np.float64(-0.056485355648535567)],[np.float64(0.21234309623430964)],[1],[0],[0],[3.1828946249988803],['Target'],158,0,158,0,639.8081043330003,,5,639.7982202499988,639.8081043330003,639.8081043330003,0.016731499999877997,642.9812325000003,[np.float64(-0.056485355648535567)],[np.float64(0.21234309623430964)],[1],[0],[0],[3.1828946249988803],['Target'],P_4,"001",2025-09-30_18h38.36.521,Visual Search Experiment_Urvashi Bhansali_13 September,,2025.2.0,120.06099098222764,2025-09-30 18h38.36.576668 +0530,
159,0,159,[np.float64(0.38389121338912136)],[np.float64(-0.23326359832635984)],[1],[0],[0],[3.1801444169996103],['Target'],159,0,159,0,643.0291512080003,,10,643.0170036250001,643.0291512080003,643.0291512080003,0.031884874999377644,646.1972344160004,[np.float64(0.38389121338912136)],[np.float64(-0.23326359832635984)],[1],[0],[0],[3.1801444169996103],['Target'],P_4,"001",2025-09-30_18h38.36.521,Visual Search Experiment_Urvashi Bhansali_13 September,,2025.2.0,120.06099098222764,2025-09-30 18h38.36.576668 +0530,
160,0,160,[np.float64(-0.12447698744769875)],[np.float64(-0.24581589958158995)],[1],[0],[0],[2.866338249999899],['Target'],160,0,160,0,646.2251590830001,,5,646.215466624999,646.2251590830001,646.2251590830001,0.016962957999567152,649.0819754160002,[np.float64(-0.12447698744769875)],[np.float64(-0.24581589958158995)],[1],[0],[0],[2.866338249999899],['Target'],P_4,"001",2025-09-30_18h38.36.521,Visual Search Experiment_Urvashi Bhansali_13 September,,2025.2.0,120.06099098222764,2025-09-30 18h38.36.576668 +0530,
161,0,161,[np.float64(-0.47594142259414224)],[np.float64(-0.10355648535564854)],[1],[0],[0],[4.024148958998921],['Target'],161,0,161,0,649.1167450409994,,5,649.1064830409996,649.1167450409994,649.1167450409994,0.02089637500102981,653.130750458,[np.float64(-0.47594142259414224)],[np.float64(-0.10355648535564854)],[1],[0],[0],[4.024148958998921],['Target'],P_4,"001",2025-09-30_18h38.36.521,Visual Search Experiment_Urvashi Bhansali_13 September,,2025.2.0,120.06099098222764,2025-09-30 18h38.36.576668 +0530,
162,0,162,[np.float64(-0.10669456066945607)],[np.float64(-0.12343096234309624)],[1],[0],[0],[3.8346070409988897],['Target'],162,0,162,0,653.1602384999987,,5,653.1504899159991,653.1602384999987,653.1602384999987,0.01827745799892,656.9853054579999,[np.float64(-0.10669456066945607)],[np.float64(-0.12343096234309624)],[1],[0],[0],[3.8346070409988897],['Target'],P_4,"001",2025-09-30_18h38.36.521,Visual Search Experiment_Urvashi Bhansali_13 September,,2025.2.0,120.06099098222764,2025-09-30 18h38.36.576668 +0530,
163,0,163,[np.float64(-0.2290794979079498)],[np.float64(0.42887029288702927)],[1],[0],[0],[2.586530999999013],['Target'],163,0,163,0,657.0326824160002,,10,657.0199709159988,657.0326824160002,657.0326824160002,0.03248841700042249,659.6066637909989,[np.float64(-0.2290794979079498)],[np.float64(0.42887029288702927)],[1],[0],[0],[2.586530999999013],['Target'],P_4,"001",2025-09-30_18h38.36.521,Visual Search Experiment_Urvashi Bhansali_13 September,,2025.2.0,120.06099098222764,2025-09-30 18h38.36.576668 +0530,
164,0,164,[np.float64(0.15271966527196654)],[np.float64(-0.4895397489539749)],[1],[0],[0],[3.1644784580003034],['Target'],164,0,164,0,659.6367521249995,,5,659.6255872080001,659.6367521249995,659.6367521249995,0.017183250000016415,662.7902359159998,[np.float64(0.15271966527196654)],[np.float64(-0.4895397489539749)],[1],[0],[0],[3.1644784580003034],['Target'],P_4,"001",2025-09-30_18h38.36.521,Visual Search Experiment_Urvashi Bhansali_13 September,,2025.2.0,120.06099098222764,2025-09-30 18h38.36.576668 +0530,
165,0,165,[np.float64(0.19456066945606695)],[np.float64(0.09414225941422594)],[1],[0],[0],[3.7683630419996916],['Target'],165,0,165,0,662.834049957999,,10,662.8218903329998,662.834049957999,662.834049957999,0.029918833999545313,666.5904416659996,[np.float64(0.19456066945606695)],[np.float64(0.09414225941422594)],[1],[0],[0],[3.7683630419996916],['Target'],P_4,"001",2025-09-30_18h38.36.521,Visual Search Experiment_Urvashi Bhansali_13 September,,2025.2.0,120.06099098222764,2025-09-30 18h38.36.576668 +0530,
166,0,166,[np.float64(0.25)],[np.float64(0.01882845188284519)],[0],[0],[0],[4.778438291999919],['Target'],166,0,166,0,666.6372806660002,,10,666.6253120829988,666.6372806660002,666.6372806660002,0.032849874998646555,671.4038961249989,[np.float64(0.25)],[np.float64(0.01882845188284519)],[0],[0],[0],[4.778438291999919],['Target'],P_4,"001",2025-09-30_18h38.36.521,Visual Search Experiment_Urvashi Bhansali_13 September,,2025.2.0,120.06099098222764,2025-09-30 18h38.36.576668 +0530,
167,0,167,[np.float64(0.2813807531380753)],[np.float64(-0.04707112970711297)],[1],[0],[0],[2.8390206250005576],['Target'],167,0,167,0,671.4456888329987,,10,671.4345389159989,671.4456888329987,671.4456888329987,0.028881124999315944,674.2737227079997,[np.float64(0.2813807531380753)],[np.float64(-0.04707112970711297)],[1],[0],[0],[2.8390206250005576],['Target'],P_4,"001",2025-09-30_18h38.36.521,Visual Search Experiment_Urvashi Bhansali_13 September,,2025.2.0,120.06099098222764,2025-09-30 18h38.36.576668 +0530,
168,0,168,[np.float64(0.3043933054393305)],[np.float64(0.036610878661087864)],[1],[0],[0],[3.0383132499991916],['Target'],168,0,168,0,674.303712416,,5,674.2931487079986,674.303712416,674.303712416,0.01744933400004811,677.3316208750002,[np.float64(0.3043933054393305)],[np.float64(0.036610878661087864)],[1],[0],[0],[3.0383132499991916],['Target'],P_4,"001",2025-09-30_18h38.36.521,Visual Search Experiment_Urvashi Bhansali_13 September,,2025.2.0,120.06099098222764,2025-09-30 18h38.36.576668 +0530,
169,0,169,[np.float64(0.3807531380753138)],[np.float64(0.45502092050209203)],[1],[0],[0],[3.0752401249992545],['Target'],169,0,169,0,677.3671005409997,,5,677.3560743329999,677.3671005409997,677.3671005409997,0.019675708001159364,680.4314653749989,[np.float64(0.3807531380753138)],[np.float64(0.45502092050209203)],[1],[0],[0],[3.0752401249992545],['Target'],P_4,"001",2025-09-30_18h38.36.521,Visual Search Experiment_Urvashi Bhansali_13 September,,2025.2.0,120.06099098222764,2025-09-30 18h38.36.576668 +0530,
170,0,170,[np.float64(-0.029288702928870293)],[np.float64(0.1087866108786611)],[1],[0],[0],[2.420825708000848],['Target'],170,0,170,0,680.4812246250003,,10,680.4688135409997,680.4812246250003,680.4812246250003,0.03375204199983273,682.8898044159996,[np.float64(-0.029288702928870293)],[np.float64(0.1087866108786611)],[1],[0],[0],[2.420825708000848],['Target'],P_4,"001",2025-09-30_18h38.36.521,Visual Search Experiment_Urvashi Bhansali_13 September,,2025.2.0,120.06099098222764,2025-09-30 18h38.36.576668 +0530,
171,0,171,[np.float64(-0.22384937238493724)],[np.float64(0.46338912133891214)],[1],[0],[0],[3.204626750000898],['Target'],171,0,171,0,682.920558415999,,5,682.9093417499989,682.920558415999,682.920558415999,0.017710874999465887,686.1140815409999,[np.float64(-0.22384937238493724)],[np.float64(0.46338912133891214)],[1],[0],[0],[3.204626750000898],['Target'],P_4,"001",2025-09-30_18h38.36.521,Visual Search Experiment_Urvashi Bhansali_13 September,,2025.2.0,120.06099098222764,2025-09-30 18h38.36.576668 +0530,
172,0,172,[np.float64(-0.053347280334728034)],[np.float64(-0.25418410041841005)],[1],[0],[0],[3.92093154199938],['Target'],172,0,172,0,686.146853582999,,5,686.1358373329986,686.146853582999,686.146853582999,0.019862832999933744,690.0569696659986,[np.float64(-0.053347280334728034)],[np.float64(-0.25418410041841005)],[1],[0],[0],[3.92093154199938],['Target'],P_4,"001",2025-09-30_18h38.36.521,Visual Search Experiment_Urvashi Bhansali_13 September,,2025.2.0,120.06099098222764,2025-09-30 18h38.36.576668 +0530,
173,0,173,[np.float64(-0.4330543933054393)],[np.float64(0.3117154811715481)],[1],[0],[0],[3.8220518750003976],['Target'],173,0,173,0,690.0896498330003,,5,690.0796227909996,690.0896498330003,690.0896498330003,0.020587290999174,693.9018645830001,[np.float64(-0.4330543933054393)],[np.float64(0.3117154811715481)],[1],[0],[0],[3.8220518750003976],['Target'],P_4,"001",2025-09-30_18h38.36.521,Visual Search Experiment_Urvashi Bhansali_13 September,,2025.2.0,120.06099098222764,2025-09-30 18h38.36.576668 +0530,
174,0,174,[np.float64(0.036610878661087864)],[np.float64(-0.32112970711297073)],[1],[0],[0],[2.7048731249997218],['Target'],174,0,174,0,693.9356050409988,,5,693.9252131659996,693.9356050409988,693.9356050409988,0.021159291000003577,696.6301857079998,[np.float64(0.036610878661087864)],[np.float64(-0.32112970711297073)],[1],[0],[0],[2.7048731249997218],['Target'],P_4,"001",2025-09-30_18h38.36.521,Visual Search Experiment_Urvashi Bhansali_13 September,,2025.2.0,120.06099098222764,2025-09-30 18h38.36.576668 +0530,
175,0,175,[np.float64(0.10355648535564854)],[np.float64(-0.13284518828451883)],[1],[0],[0],[4.212434332999692],['Target'],175,0,175,0,696.6727836659993,,10,696.6608684160001,696.6727836659993,696.6727836659993,0.029350582999541075,700.8734671249986,[np.float64(0.10355648535564854)],[np.float64(-0.13284518828451883)],[1],[0],[0],[4.212434332999692],['Target'],P_4,"001",2025-09-30_18h38.36.521,Visual Search Experiment_Urvashi Bhansali_13 September,,2025.2.0,120.06099098222764,2025-09-30 18h38.36.576668 +0530,
176,0,176,[np.float64(-0.1307531380753138)],[np.float64(-0.15690376569037656)],[1],[0],[0],[2.400505624998914],['Target'],176,0,176,0,700.9201492499997,,10,700.9061404999993,700.9201492499997,700.9201492499997,0.030842666999888024,703.3068065829993,[np.float64(-0.1307531380753138)],[np.float64(-0.15690376569037656)],[1],[0],[0],[2.400505624998914],['Target'],P_4,"001",2025-09-30_18h38.36.521,Visual Search Experiment_Urvashi Bhansali_13 September,,2025.2.0,120.06099098222764,2025-09-30 18h38.36.576668 +0530,
177,0,177,[np.float64(0.3284518828451883)],[np.float64(0.44037656903765693)],[0],[0],[0],[3.4790802919997077],['Target'],177,0,177,0,703.3369883329997,,5,703.3263189159989,703.3369883329997,703.3369883329997,0.01766249999855063,706.8056398329991,[np.float64(0.3284518828451883)],[np.float64(0.44037656903765693)],[0],[0],[0],[3.4790802919997077],['Target'],P_4,"001",2025-09-30_18h38.36.521,Visual Search Experiment_Urvashi Bhansali_13 September,,2025.2.0,120.06099098222764,2025-09-30 18h38.36.576668 +0530,
178,0,178,[np.float64(-0.06171548117154812)],[np.float64(0.10251046025104603)],[1],[0],[0],[2.606262332999904],['Target'],178,0,178,0,706.8543462079997,,10,706.8424407499988,706.8543462079997,706.8543462079997,0.03457133300071291,709.4488379159993,[np.float64(-0.06171548117154812)],[np.float64(0.10251046025104603)],[1],[0],[0],[2.606262332999904],['Target'],P_4,"001",2025-09-30_18h38.36.521,Visual Search Experiment_Urvashi Bhansali_13 September,,2025.2.0,120.06099098222764,2025-09-30 18h38.36.576668 +0530,
179,0,179,[np.float64(-0.15585774058577406)],[np.float64(-0.3912133891213389)],[1],[0],[0],[2.950652875000742],['Target'],179,0,179,0,709.4912534579998,,10,709.4791430829991,709.4912534579998,709.4912534579998,0.028144166999481968,712.4298605409986,[np.float64(-0.15585774058577406)],[np.float64(-0.3912133891213389)],[1],[0],[0],[2.950652875000742],['Target'],P_4,"001",2025-09-30_18h38.36.521,Visual Search Experiment_Urvashi Bhansali_13 September,,2025.2.0,120.06099098222764,2025-09-30 18h38.36.576668 +0530,
180,0,180,[np.float64(0.0041841004184100415)],[np.float64(0.24372384937238495)],[1],[0],[0],[2.698004125000807],['Target'],180,0,180,0,712.4575512499996,,5,712.4479529159998,712.4575512499996,712.4575512499996,0.016217917000176385,715.146054625,[np.float64(0.0041841004184100415)],[np.float64(0.24372384937238495)],[1],[0],[0],[2.698004125000807],['Target'],P_4,"001",2025-09-30_18h38.36.521,Visual Search Experiment_Urvashi Bhansali_13 September,,2025.2.0,120.06099098222764,2025-09-30 18h38.36.576668 +0530,
181,0,181,[np.float64(-0.013598326359832637)],[np.float64(0.3169456066945607)],[1],[0],[0],[2.065259250000963],['Target'],181,0,181,0,715.1751478749993,,5,715.165161375,715.1751478749993,715.1751478749993,0.017705083000691957,717.2305287079998,[np.float64(-0.013598326359832637)],[np.float64(0.3169456066945607)],[1],[0],[0],[2.065259250000963],['Target'],P_4,"001",2025-09-30_18h38.36.521,Visual Search Experiment_Urvashi Bhansali_13 September,,2025.2.0,120.06099098222764,2025-09-30 18h38.36.576668 +0530,
182,0,182,[np.float64(-0.15585774058577406)],[np.float64(0.15271966527196654)],[1],[0],[0],[4.413337666999723],['Target'],182,0,182,0,717.2736674999996,,10,717.2613882079986,717.2736674999996,717.2736674999996,0.029379416999290697,721.6748971249999,[np.float64(-0.15585774058577406)],[np.float64(0.15271966527196654)],[1],[0],[0],[4.413337666999723],['Target'],P_4,"001",2025-09-30_18h38.36.521,Visual Search Experiment_Urvashi Bhansali_13 September,,2025.2.0,120.06099098222764,2025-09-30 18h38.36.576668 +0530,
183,0,183,[np.float64(-0.18828451882845187)],[np.float64(0.2834728033472803)],[1],[0],[0],[2.216889875000561],['Target'],183,0,183,0,721.7050538329986,,5,721.6953679580001,721.7050538329986,721.7050538329986,0.018596125000840402,723.9123587909999,[np.float64(-0.18828451882845187)],[np.float64(0.2834728033472803)],[1],[0],[0],[2.216889875000561],['Target'],P_4,"001",2025-09-30_18h38.36.521,Visual Search Experiment_Urvashi Bhansali_13 September,,2025.2.0,120.06099098222764,2025-09-30 18h38.36.576668 +0530,
184,0,184,[np.float64(0.151673640167364)],[np.float64(-0.21548117154811716)],[1],[0],[0],[2.6826644579996355],['Target'],184,0,184,0,723.9422477499993,,5,723.9319635409993,723.9422477499993,723.9422477499993,0.018315334000362782,726.6147396249999,[np.float64(0.151673640167364)],[np.float64(-0.21548117154811716)],[1],[0],[0],[2.6826644579996355],['Target'],P_4,"001",2025-09-30_18h38.36.521,Visual Search Experiment_Urvashi Bhansali_13 September,,2025.2.0,120.06099098222764,2025-09-30 18h38.36.576668 +0530,
185,0,185,[np.float64(0.3117154811715481)],[np.float64(0.4707112970711297)],[1],[0],[0],[3.976252916998419],['Target'],185,0,185,0,726.6499097079995,,5,726.6389827499988,726.6499097079995,726.6499097079995,0.02074233299936168,730.6152891659985,[np.float64(0.3117154811715481)],[np.float64(0.4707112970711297)],[1],[0],[0],[3.976252916998419],['Target'],P_4,"001",2025-09-30_18h38.36.521,Visual Search Experiment_Urvashi Bhansali_13 September,,2025.2.0,120.06099098222764,2025-09-30 18h38.36.576668 +0530,
186,0,186,[np.float64(-0.30857740585774057)],[np.float64(-0.19246861924686193)],[1],[0],[0],[2.9068718750004336],['Target'],186,0,186,0,730.6510804159989,,10,730.6390552909997,730.6510804159989,730.6510804159989,0.019993333000456914,733.5460334159998,[np.float64(-0.30857740585774057)],[np.float64(-0.19246861924686193)],[1],[0],[0],[2.9068718750004336],['Target'],P_4,"001",2025-09-30_18h38.36.521,Visual Search Experiment_Urvashi Bhansali_13 September,,2025.2.0,120.06099098222764,2025-09-30 18h38.36.576668 +0530,
187,0,187,[np.float64(-0.09728033472803348)],[np.float64(-0.42782426778242677)],[1],[0],[0],[3.4154469589993823],['Target'],187,0,187,0,733.5762306659999,,5,733.5659667079999,733.5762306659999,733.5762306659999,0.0185808750011347,736.981545916,[np.float64(-0.09728033472803348)],[np.float64(-0.42782426778242677)],[1],[0],[0],[3.4154469589993823],['Target'],P_4,"001",2025-09-30_18h38.36.521,Visual Search Experiment_Urvashi Bhansali_13 September,,2025.2.0,120.06099098222764,2025-09-30 18h38.36.576668 +0530,
188,0,188,[np.float64(-0.04288702928870293)],[np.float64(-0.2395397489539749)],[1],[0],[0],[3.6738678330002585],['Target'],188,0,188,0,737.0137890409987,,5,737.003640166,737.0137890409987,737.0137890409987,0.018922540999483317,740.6776020830002,[np.float64(-0.04288702928870293)],[np.float64(-0.2395397489539749)],[1],[0],[0],[3.6738678330002585],['Target'],P_4,"001",2025-09-30_18h38.36.521,Visual Search Experiment_Urvashi Bhansali_13 September,,2025.2.0,120.06099098222764,2025-09-30 18h38.36.576668 +0530,
189,0,189,[np.float64(-0.04288702928870293)],[np.float64(-0.2395397489539749)],[1],[0],[0],[0.47092337499998393],[None],189,0,189,0,740.7206871660001,,10,740.7083740830003,740.7206871660001,740.7206871660001,0.029654833000677172,741.1793964159988,[np.float64(-0.04288702928870293)],[np.float64(-0.2395397489539749)],[1],[0],[0],[0.47092337499998393],[None],P_4,"001",2025-09-30_18h38.36.521,Visual Search Experiment_Urvashi Bhansali_13 September,,2025.2.0,120.06099098222764,2025-09-30 18h38.36.576668 +0530,
190,0,190,[np.float64(-0.17677824267782427)],[np.float64(-0.049163179916317995)],[1],[0],[0],[2.2158281249994616],['Target'],190,0,190,0,741.2199441249995,,10,741.2070475410001,741.2199441249995,741.2199441249995,0.026457500000105938,743.4230821250003,[np.float64(-0.17677824267782427)],[np.float64(-0.049163179916317995)],[1],[0],[0],[2.2158281249994616],['Target'],P_4,"001",2025-09-30_18h38.36.521,Visual Search Experiment_Urvashi Bhansali_13 September,,2025.2.0,120.06099098222764,2025-09-30 18h38.36.576668 +0530,
191,0,191,[np.float64(0.3912133891213389)],[np.float64(-0.1809623430962343)],[1],[0],[0],[3.19528391699896],['Target'],191,0,191,0,743.463008499999,,10,743.4509570829996,743.463008499999,743.463008499999,0.025968750000174623,746.6463010409989,[np.float64(0.3912133891213389)],[np.float64(-0.1809623430962343)],[1],[0],[0],[3.19528391699896],['Target'],P_4,"001",2025-09-30_18h38.36.521,Visual Search Experiment_Urvashi Bhansali_13 September,,2025.2.0,120.06099098222764,2025-09-30 18h38.36.576668 +0530,
192,0,192,[np.float64(-0.44142259414225943)],[np.float64(0.14748953974895398)],[1],[0],[0],[3.042365958001028],['Target'],192,0,192,0,746.6837355829994,,10,746.6720065829995,746.6837355829994,746.6837355829994,0.02433545799976855,749.7144890829986,[np.float64(-0.44142259414225943)],[np.float64(0.14748953974895398)],[1],[0],[0],[3.042365958001028],['Target'],P_4,"001",2025-09-30_18h38.36.521,Visual Search Experiment_Urvashi Bhansali_13 September,,2025.2.0,120.06099098222764,2025-09-30 18h38.36.576668 +0530,
193,0,193,[np.float64(0.05543933054393305)],[np.float64(-0.40690376569037656)],[1],[0],[0],[5.26617670899941],['Target'],193,0,193,0,749.7593077909987,,10,749.7473389579991,749.7593077909987,749.7593077909987,0.028871290998722543,755.0136136660003,[np.float64(0.05543933054393305)],[np.float64(-0.40690376569037656)],[1],[0],[0],[5.26617670899941],['Target'],P_4,"001",2025-09-30_18h38.36.521,Visual Search Experiment_Urvashi Bhansali_13 September,,2025.2.0,120.06099098222764,2025-09-30 18h38.36.576668 +0530,
194,0,194,[np.float64(-0.3713389121338912)],[np.float64(0.2175732217573222)],[1],[0],[0],[2.580276958000468],['Target'],194,0,194,0,755.0547312500003,,10,755.0432138750002,755.0547312500003,755.0547312500003,0.02818154200031131,757.6236639580002,[np.float64(-0.3713389121338912)],[np.float64(0.2175732217573222)],[1],[0],[0],[2.580276958000468],['Target'],P_4,"001",2025-09-30_18h38.36.521,Visual Search Experiment_Urvashi Bhansali_13 September,,2025.2.0,120.06099098222764,2025-09-30 18h38.36.576668 +0530,
195,0,195,[np.float64(-0.4194560669456067)],[np.float64(-0.40481171548117156)],[1],[0],[0],[2.913661458000206],['Target'],195,0,195,0,757.6536421250003,,5,757.6439849580001,757.6536421250003,757.6536421250003,0.01848075000089011,760.5578236660003,[np.float64(-0.4194560669456067)],[np.float64(-0.40481171548117156)],[1],[0],[0],[2.913661458000206],['Target'],P_4,"001",2025-09-30_18h38.36.521,Visual Search Experiment_Urvashi Bhansali_13 September,,2025.2.0,120.06099098222764,2025-09-30 18h38.36.576668 +0530,
196,0,196,[np.float64(0.2615062761506276)],[np.float64(0.1705020920502092)],[1],[0],[0],[4.3369499999989785],['Target'],196,0,196,0,760.5907713329998,,5,760.5798957499992,760.5907713329998,760.5907713329998,0.020205124999847612,764.9170022500002,[np.float64(0.2615062761506276)],[np.float64(0.1705020920502092)],[1],[0],[0],[4.3369499999989785],['Target'],P_4,"001",2025-09-30_18h38.36.521,Visual Search Experiment_Urvashi Bhansali_13 September,,2025.2.0,120.06099098222764,2025-09-30 18h38.36.576668 +0530,
197,0,197,[np.float64(-0.2395397489539749)],[np.float64(-0.2803347280334728)],[1],[0],[0],[3.3210786250001547],['Target'],197,0,197,0,764.9643216659988,,10,764.952214166,764.9643216659988,764.9643216659988,0.031900624999252614,768.2734580409997,[np.float64(-0.2395397489539749)],[np.float64(-0.2803347280334728)],[1],[0],[0],[3.3210786250001547],['Target'],P_4,"001",2025-09-30_18h38.36.521,Visual Search Experiment_Urvashi Bhansali_13 September,,2025.2.0,120.06099098222764,2025-09-30 18h38.36.576668 +0530,
198,0,198,[np.float64(0.4707112970711297)],[np.float64(-0.3922594142259414)],[1],[0],[0],[3.791482791000817],['Target'],198,0,198,0,768.3037441659999,,5,768.293492625,768.3037441659999,768.3037441659999,0.01817779100019834,772.0851129999992,[np.float64(0.4707112970711297)],[np.float64(-0.3922594142259414)],[1],[0],[0],[3.791482791000817],['Target'],P_4,"001",2025-09-30_18h38.36.521,Visual Search Experiment_Urvashi Bhansali_13 September,,2025.2.0,120.06099098222764,2025-09-30 18h38.36.576668 +0530,
199,0,199,[np.float64(0.33368200836820083)],[np.float64(-0.4780334728033473)],[1],[0],[0],[3.802170542001477],['Target'],199,0,199,0,772.1322439579999,,10,772.119881790999,772.1322439579999,772.1322439579999,0.03278908299944305,775.922224124999,[np.float64(0.33368200836820083)],[np.float64(-0.4780334728033473)],[1],[0],[0],[3.802170542001477],['Target'],P_4,"001",2025-09-30_18h38.36.521,Visual Search Experiment_Urvashi Bhansali_13 September,,2025.2.0,120.06099098222764,2025-09-30 18h38.36.576668 +0530,
