24.4248 	WARNING 	Font Manager failed to load file /System/Library/PrivateFrameworks/FontServices.framework/Resources/Reserved/PingFangUI.ttc
24.5032 	WARNING 	Font Manager failed to load file /System/Library/PrivateFrameworks/FontServices.framework/Resources/Reserved/PingFangUI.ttc
74.5664 	INFO 	Loaded monitor calibration from ['2025_08_12 07:11']
74.5822 	WARNING 	User requested fullscreen with size [1024  768], but screen is actually [1470, 956]. Using actual size
74.8459 	INFO 	Using renderer 'Apple M2' for graphics
74.8459 	INFO 	OpenGL version supported by driver is 2..
74.9018 	EXP 	Created window1 = Window(allowGUI=False, allowStencil=False, autoLog=True, backendConf=UNKNOWN, backgroundFit=<method-wrapper '__getattribute__' of attributeSetter object at 0x154ad68f0>, backgroundImage=<method-wrapper '__getattribute__' of attributeSetter object at 0x154ad6950>, bitsMode=UNKNOWN, blendMode='avg', bpc=(8, 8, 8), color=array([0, 0, 0]), colorSpace='rgb', depthBits=8, fullscr=True, gamma=None, gammaErrorPolicy='raise', infoMsg=UNKNOWN, lms=UNKNOWN, monitor=<psychopy.monitors.calibTools.Monitor object at 0x154af6b60>, multiSample=False, name='window1', numSamples=2, pos=[np.float64(0.0), np.float64(0.0)], screen=0, size=array([2940, 1912]), stencilBits=0, stereo=False, title='PsychoPy', units='height', useFBO=True, useRetina=True, viewOri=0.0, viewPos=None, viewScale=None, waitBlanking=True, winType='pyglet')
74.9018 	EXP 	window1: backgroundImage = ''
74.9018 	EXP 	window1: backgroundFit = 'none'
75.2233 	EXP 	window1: Attempting to measure frame rate of screen (0) ...
75.2233 	EXP 	window1: recordFrameIntervals = False
75.4228 	EXP 	window1: recordFrameIntervals = True
76.2561 	WARNING 	Couldn't measure a consistent frame rate!
  - Is your graphics card set to sync to vertical blank?
  - Are you running other processes on your computer?

77.5536 	INFO 	keyboard.Keyboard is using ptb backend.
77.5536 	EXP 	Motor sequence Learning task_Recent_Experiment_Tutorial 4_Urvashi Bhansali_AU2320139: status = STARTED
77.5600 	EXP 	Created Fixation = ShapeStim(__class__=<class 'psychopy.visual.shape.ShapeStim'>, anchor=('center', 'center'), autoDraw=False, autoLog=True, closeShape=True, color=method-wrapper(...), colorSpace='rgb', contrast=None, depth=0.0, draggable=False, fillColor=array([-1.    ,  0.0902,  0.0902]), fillColorSpace='rgb', fillRGB=array([-1.    ,  0.0902,  0.0902]), interpolate=True, lineColor=array([1., 1., 1.]), lineColorSpace='rgb', lineRGB=array([1, 1, 1]), lineWidth=1.0, name='Fixation', opacity=1, ori=0.0, pos=array([0., 0.]), size=array([10., 10.]), units='pix', vertices=ndarray(...), win=Window(...), windingRule=None)
77.5607 	EXP 	Created line1 = Rect(__class__=<class 'psychopy.visual.rect.Rect'>, anchor=('center', 'center'), autoDraw=False, autoLog=True, closeShape=True, color=method-wrapper(...), colorSpace='rgb', contrast=None, depth=-1.0, draggable=False, fillColor=array([1, 1, 1]), fillColorSpace='rgb', fillRGB=array([1, 1, 1]), interpolate=True, lineColor=array([1., 1., 1.]), lineColorSpace='rgb', lineRGB=array([1, 1, 1]), lineWidth=1.0, name='line1', opacity=1, ori=90.0, pos=array([-150.,    0.]), size=array([100.,  10.]), units='pix', vertices=ndarray(...), win=Window(...))
77.5613 	EXP 	Created line2 = Rect(__class__=<class 'psychopy.visual.rect.Rect'>, anchor=('center', 'center'), autoDraw=False, autoLog=True, closeShape=True, color=method-wrapper(...), colorSpace='rgb', contrast=None, depth=-2.0, draggable=False, fillColor=array([1, 1, 1]), fillColorSpace='rgb', fillRGB=array([1, 1, 1]), interpolate=True, lineColor=array([1., 1., 1.]), lineColorSpace='rgb', lineRGB=array([1, 1, 1]), lineWidth=1.0, name='line2', opacity=1, ori=90.0, pos=array([-50.,   0.]), size=array([100.,  10.]), units='pix', vertices=ndarray(...), win=Window(...))
77.5619 	EXP 	Created line3 = Rect(__class__=<class 'psychopy.visual.rect.Rect'>, anchor=('center', 'center'), autoDraw=False, autoLog=True, closeShape=True, color=method-wrapper(...), colorSpace='rgb', contrast=None, depth=-3.0, draggable=False, fillColor=array([1, 1, 1]), fillColorSpace='rgb', fillRGB=array([1, 1, 1]), interpolate=True, lineColor=array([1., 1., 1.]), lineColorSpace='rgb', lineRGB=array([1, 1, 1]), lineWidth=1.0, name='line3', opacity=1, ori=90.0, pos=array([50.,  0.]), size=array([100.,  10.]), units='pix', vertices=ndarray(...), win=Window(...))
77.5625 	EXP 	Created line4 = Rect(__class__=<class 'psychopy.visual.rect.Rect'>, anchor=('center', 'center'), autoDraw=False, autoLog=True, closeShape=True, color=method-wrapper(...), colorSpace='rgb', contrast=None, depth=-4.0, draggable=False, fillColor=array([1, 1, 1]), fillColorSpace='rgb', fillRGB=array([1, 1, 1]), interpolate=True, lineColor=array([1., 1., 1.]), lineColorSpace='rgb', lineRGB=array([1, 1, 1]), lineWidth=1.0, name='line4', opacity=1, ori=90.0, pos=array([150.,   0.]), size=array([100.,  10.]), units='pix', vertices=ndarray(...), win=Window(...))
77.5645 	EXP 	Created protrianglefixation = ShapeStim(__class__=<class 'psychopy.visual.shape.ShapeStim'>, anchor=('center', 'center'), autoDraw=False, autoLog=True, closeShape=True, color=method-wrapper(...), colorSpace='rgb', contrast=None, depth=-5.0, draggable=False, fillColor=array([1, 1, 1]), fillColorSpace='rgb', fillRGB=array([1, 1, 1]), interpolate=True, lineColor=array([1., 1., 1.]), lineColorSpace='rgb', lineRGB=array([1, 1, 1]), lineWidth=1.0, name='protrianglefixation', opacity=1, ori=0.0, pos=array([0., 0.]), size=array([10., 10.]), units='pix', vertices=ndarray(...), win=Window(...), windingRule=None)
77.5673 	EXP 	Created Fixation_2 = ShapeStim(__class__=<class 'psychopy.visual.shape.ShapeStim'>, anchor=('center', 'center'), autoDraw=False, autoLog=True, closeShape=True, color=method-wrapper(...), colorSpace='rgb', contrast=None, depth=0.0, draggable=False, fillColor=array([-1.    ,  0.0902,  0.0902]), fillColorSpace='rgb', fillRGB=array([-1.    ,  0.0902,  0.0902]), interpolate=True, lineColor=array([1., 1., 1.]), lineColorSpace='rgb', lineRGB=array([1, 1, 1]), lineWidth=1.0, name='Fixation_2', opacity=1, ori=0.0, pos=array([0., 0.]), size=array([10., 10.]), units='pix', vertices=ndarray(...), win=Window(...), windingRule=None)
77.5680 	EXP 	Created line1_2 = Rect(__class__=<class 'psychopy.visual.rect.Rect'>, anchor=('center', 'center'), autoDraw=False, autoLog=True, closeShape=True, color=method-wrapper(...), colorSpace='rgb', contrast=None, depth=-1.0, draggable=False, fillColor=array([1, 1, 1]), fillColorSpace='rgb', fillRGB=array([1, 1, 1]), interpolate=True, lineColor=array([1., 1., 1.]), lineColorSpace='rgb', lineRGB=array([1, 1, 1]), lineWidth=1.0, name='line1_2', opacity=1, ori=90.0, pos=array([-150.,    0.]), size=array([100.,  10.]), units='pix', vertices=ndarray(...), win=Window(...))
77.5685 	EXP 	Created line2_2 = Rect(__class__=<class 'psychopy.visual.rect.Rect'>, anchor=('center', 'center'), autoDraw=False, autoLog=True, closeShape=True, color=method-wrapper(...), colorSpace='rgb', contrast=None, depth=-2.0, draggable=False, fillColor=array([1, 1, 1]), fillColorSpace='rgb', fillRGB=array([1, 1, 1]), interpolate=True, lineColor=array([1., 1., 1.]), lineColorSpace='rgb', lineRGB=array([1, 1, 1]), lineWidth=1.0, name='line2_2', opacity=1, ori=90.0, pos=array([-50.,   0.]), size=array([100.,  10.]), units='pix', vertices=ndarray(...), win=Window(...))
77.5691 	EXP 	Created line3_2 = Rect(__class__=<class 'psychopy.visual.rect.Rect'>, anchor=('center', 'center'), autoDraw=False, autoLog=True, closeShape=True, color=method-wrapper(...), colorSpace='rgb', contrast=None, depth=-3.0, draggable=False, fillColor=array([1, 1, 1]), fillColorSpace='rgb', fillRGB=array([1, 1, 1]), interpolate=True, lineColor=array([1., 1., 1.]), lineColorSpace='rgb', lineRGB=array([1, 1, 1]), lineWidth=1.0, name='line3_2', opacity=1, ori=90.0, pos=array([50.,  0.]), size=array([100.,  10.]), units='pix', vertices=ndarray(...), win=Window(...))
77.5697 	EXP 	Created line4_2 = Rect(__class__=<class 'psychopy.visual.rect.Rect'>, anchor=('center', 'center'), autoDraw=False, autoLog=True, closeShape=True, color=method-wrapper(...), colorSpace='rgb', contrast=None, depth=-4.0, draggable=False, fillColor=array([1, 1, 1]), fillColorSpace='rgb', fillRGB=array([1, 1, 1]), interpolate=True, lineColor=array([1., 1., 1.]), lineColorSpace='rgb', lineRGB=array([1, 1, 1]), lineWidth=1.0, name='line4_2', opacity=1, ori=90.0, pos=array([150.,   0.]), size=array([100.,  10.]), units='pix', vertices=ndarray(...), win=Window(...))
77.5705 	EXP 	Created protrianglefixation_2 = ShapeStim(__class__=<class 'psychopy.visual.shape.ShapeStim'>, anchor=('center', 'center'), autoDraw=False, autoLog=True, closeShape=True, color=method-wrapper(...), colorSpace='rgb', contrast=None, depth=-5.0, draggable=False, fillColor=array([1, 1, 1]), fillColorSpace='rgb', fillRGB=array([1, 1, 1]), interpolate=True, lineColor=array([1., 1., 1.]), lineColorSpace='rgb', lineRGB=array([1, 1, 1]), lineWidth=1.0, name='protrianglefixation_2', opacity=1, ori=0.0, pos=array([0., 0.]), size=array([10., 10.]), units='pix', vertices=ndarray(...), win=Window(...), windingRule=None)
0.0441 	EXP 	Imported /Users/urvashibhansali/Documents/AU (1-4 years) /3rd Year/Semester 5 Monsoon 25-26/PSY310/Lab Reports/Motor Sequential Task/Conditions File/Visual variables.csv as conditions, 4 conditions, 2 params
0.0494 	EXP 	New trial (rep=0, index=0): <Trial 0 (0 in rep 0) data={'pos': np.int64(-50), 'corr_resp': 'x', 'thisN': 0, 'thisTrialN': 0, 'thisRepN': 0}>
0.0564 	WARNING 	t of last frame was 48.85ms (=1/20)
0.0564 	EXP 	Fixation: autoDraw = True
1.0087 	WARNING 	t of last frame was 23.18ms (=1/43)
1.0087 	EXP 	line1: autoDraw = True
1.0087 	EXP 	line2: autoDraw = True
1.0087 	EXP 	line3: autoDraw = True
1.0087 	EXP 	line4: autoDraw = True
1.0530 	EXP 	Fixation: autoDraw = False
1.5367 	WARNING 	t of last frame was 26.88ms (=1/37)
1.5866 	WARNING 	t of last frame was 25.58ms (=1/39)
1.7034 	WARNING 	Multiple dropped frames have occurred - I'll stop bothering you about them!
1.9949 	INFO 	Keyboard events cleared
1.9947 	EXP 	protrianglefixation: autoDraw = True
5.1383 	DATA 	Keypress: x
5.3584 	EXP 	Device response: <KeyPress from None: t=5.107007791997603, value=x, duration=None>
5.3585 	EXP 	Device response: <KeyPress from None: t=5.107007791997603, value=x, duration=0.07804708299954655>
5.3587 	EXP 	New trial (rep=0, index=1): <Trial 1 (1 in rep 0) data={'pos': np.int64(150), 'corr_resp': 'v', 'thisN': 1, 'thisTrialN': 1, 'thisRepN': 0}>
5.3640 	EXP 	Fixation: autoDraw = False
5.3640 	EXP 	line1: autoDraw = False
5.3640 	EXP 	line2: autoDraw = False
5.3640 	EXP 	line3: autoDraw = False
5.3640 	EXP 	line4: autoDraw = False
5.3640 	EXP 	protrianglefixation: autoDraw = False
5.3640 	EXP 	Fixation: autoDraw = True
6.3520 	EXP 	line1: autoDraw = True
6.3520 	EXP 	line2: autoDraw = True
6.3520 	EXP 	line3: autoDraw = True
6.3520 	EXP 	line4: autoDraw = True
6.3595 	EXP 	Fixation: autoDraw = False
7.3526 	INFO 	Keyboard events cleared
7.3524 	EXP 	protrianglefixation: autoDraw = True
10.2606 	EXP 	Device response: <KeyPress from None: t=10.259502957997029, value=v, duration=None>
10.2610 	EXP 	New trial (rep=0, index=2): <Trial 2 (2 in rep 0) data={'pos': np.int64(50), 'corr_resp': 'c', 'thisN': 2, 'thisTrialN': 2, 'thisRepN': 0}>
10.2683 	DATA 	Keypress: v
10.2733 	EXP 	Fixation: autoDraw = False
10.2733 	EXP 	line1: autoDraw = False
10.2733 	EXP 	line2: autoDraw = False
10.2733 	EXP 	line3: autoDraw = False
10.2733 	EXP 	line4: autoDraw = False
10.2733 	EXP 	protrianglefixation: autoDraw = False
10.2733 	EXP 	Fixation: autoDraw = True
10.4032 	EXP 	Device response: <KeyPress from None: t=10.259502957997029, value=v, duration=0.1418954170003417>
11.2601 	EXP 	line1: autoDraw = True
11.2601 	EXP 	line2: autoDraw = True
11.2601 	EXP 	line3: autoDraw = True
11.2601 	EXP 	line4: autoDraw = True
11.2697 	EXP 	Fixation: autoDraw = False
12.2617 	INFO 	Keyboard events cleared
12.2615 	EXP 	protrianglefixation: autoDraw = True
13.4367 	EXP 	Device response: <KeyPress from None: t=13.430995957998675, value=c, duration=None>
13.4372 	EXP 	New trial (rep=0, index=3): <Trial 3 (3 in rep 0) data={'pos': np.int64(-150), 'corr_resp': 'z', 'thisN': 3, 'thisTrialN': 3, 'thisRepN': 0}>
13.4437 	DATA 	Keypress: c
13.4486 	EXP 	Fixation: autoDraw = False
13.4486 	EXP 	line1: autoDraw = False
13.4486 	EXP 	line2: autoDraw = False
13.4486 	EXP 	line3: autoDraw = False
13.4486 	EXP 	line4: autoDraw = False
13.4486 	EXP 	protrianglefixation: autoDraw = False
13.4486 	EXP 	Fixation: autoDraw = True
13.5915 	EXP 	Device response: <KeyPress from None: t=13.430995957998675, value=c, duration=0.1563712499992107>
14.4268 	EXP 	line1: autoDraw = True
14.4268 	EXP 	line2: autoDraw = True
14.4268 	EXP 	line3: autoDraw = True
14.4268 	EXP 	line4: autoDraw = True
14.4427 	EXP 	Fixation: autoDraw = False
15.4359 	INFO 	Keyboard events cleared
15.4357 	EXP 	protrianglefixation: autoDraw = True
16.2869 	EXP 	Device response: <KeyPress from None: t=16.28496370799985, value=z, duration=None>
16.2874 	EXP 	New trial (rep=1, index=0): <Trial 4 (0 in rep 1) data={'pos': np.int64(-50), 'corr_resp': 'x', 'thisN': 4, 'thisTrialN': 0, 'thisRepN': 1}>
16.2938 	DATA 	Keypress: z
16.2991 	EXP 	Fixation: autoDraw = False
16.2991 	EXP 	line1: autoDraw = False
16.2991 	EXP 	line2: autoDraw = False
16.2991 	EXP 	line3: autoDraw = False
16.2991 	EXP 	line4: autoDraw = False
16.2991 	EXP 	protrianglefixation: autoDraw = False
16.2991 	EXP 	Fixation: autoDraw = True
16.4039 	EXP 	Device response: <KeyPress from None: t=16.28496370799985, value=z, duration=0.116273708998051>
17.2866 	EXP 	line1: autoDraw = True
17.2866 	EXP 	line2: autoDraw = True
17.2866 	EXP 	line3: autoDraw = True
17.2866 	EXP 	line4: autoDraw = True
17.2935 	EXP 	Fixation: autoDraw = False
18.2854 	INFO 	Keyboard events cleared
18.2852 	EXP 	protrianglefixation: autoDraw = True
18.9537 	EXP 	Device response: <KeyPress from None: t=18.94880912499866, value=x, duration=None>
18.9541 	EXP 	New trial (rep=1, index=1): <Trial 5 (1 in rep 1) data={'pos': np.int64(150), 'corr_resp': 'v', 'thisN': 5, 'thisTrialN': 1, 'thisRepN': 1}>
18.9599 	DATA 	Keypress: x
18.9654 	EXP 	Fixation: autoDraw = False
18.9654 	EXP 	line1: autoDraw = False
18.9654 	EXP 	line2: autoDraw = False
18.9654 	EXP 	line3: autoDraw = False
18.9654 	EXP 	line4: autoDraw = False
18.9654 	EXP 	protrianglefixation: autoDraw = False
18.9654 	EXP 	Fixation: autoDraw = True
19.1039 	EXP 	Device response: <KeyPress from None: t=18.94880912499866, value=x, duration=0.1443120000003546>
19.9520 	EXP 	line1: autoDraw = True
19.9520 	EXP 	line2: autoDraw = True
19.9520 	EXP 	line3: autoDraw = True
19.9520 	EXP 	line4: autoDraw = True
19.9594 	EXP 	Fixation: autoDraw = False
20.9529 	INFO 	Keyboard events cleared
20.9527 	EXP 	protrianglefixation: autoDraw = True
21.8605 	EXP 	Device response: <KeyPress from None: t=21.85488862499915, value=v, duration=None>
21.8609 	EXP 	New trial (rep=1, index=2): <Trial 6 (2 in rep 1) data={'pos': np.int64(50), 'corr_resp': 'c', 'thisN': 6, 'thisTrialN': 2, 'thisRepN': 1}>
21.8668 	DATA 	Keypress: v
21.8722 	EXP 	Fixation: autoDraw = False
21.8722 	EXP 	line1: autoDraw = False
21.8722 	EXP 	line2: autoDraw = False
21.8722 	EXP 	line3: autoDraw = False
21.8722 	EXP 	line4: autoDraw = False
21.8722 	EXP 	protrianglefixation: autoDraw = False
21.8722 	EXP 	Fixation: autoDraw = True
21.9871 	EXP 	Device response: <KeyPress from None: t=21.85488862499915, value=v, duration=0.12427970799762988>
22.8527 	EXP 	line1: autoDraw = True
22.8527 	EXP 	line2: autoDraw = True
22.8527 	EXP 	line3: autoDraw = True
22.8527 	EXP 	line4: autoDraw = True
22.8693 	EXP 	Fixation: autoDraw = False
23.8600 	INFO 	Keyboard events cleared
23.8598 	EXP 	protrianglefixation: autoDraw = True
24.7270 	EXP 	Device response: <KeyPress from None: t=24.72472999999809, value=c, duration=None>
24.7274 	EXP 	New trial (rep=1, index=3): <Trial 7 (3 in rep 1) data={'pos': np.int64(-150), 'corr_resp': 'z', 'thisN': 7, 'thisTrialN': 3, 'thisRepN': 1}>
24.7334 	DATA 	Keypress: c
24.7388 	EXP 	Fixation: autoDraw = False
24.7388 	EXP 	line1: autoDraw = False
24.7388 	EXP 	line2: autoDraw = False
24.7388 	EXP 	line3: autoDraw = False
24.7388 	EXP 	line4: autoDraw = False
24.7388 	EXP 	protrianglefixation: autoDraw = False
24.7388 	EXP 	Fixation: autoDraw = True
24.8717 	EXP 	Device response: <KeyPress from None: t=24.72472999999809, value=c, duration=0.13638812499993946>
25.7257 	EXP 	line1: autoDraw = True
25.7257 	EXP 	line2: autoDraw = True
25.7257 	EXP 	line3: autoDraw = True
25.7257 	EXP 	line4: autoDraw = True
25.7360 	EXP 	Fixation: autoDraw = False
26.7269 	INFO 	Keyboard events cleared
26.7268 	EXP 	protrianglefixation: autoDraw = True
27.6867 	EXP 	Device response: <KeyPress from None: t=27.68464554199818, value=z, duration=None>
27.6871 	EXP 	New trial (rep=2, index=0): <Trial 8 (0 in rep 2) data={'pos': np.int64(-50), 'corr_resp': 'x', 'thisN': 8, 'thisTrialN': 0, 'thisRepN': 2}>
27.6928 	DATA 	Keypress: z
27.6981 	EXP 	Fixation: autoDraw = False
27.6981 	EXP 	line1: autoDraw = False
27.6981 	EXP 	line2: autoDraw = False
27.6981 	EXP 	line3: autoDraw = False
27.6981 	EXP 	line4: autoDraw = False
27.6981 	EXP 	protrianglefixation: autoDraw = False
27.6981 	EXP 	Fixation: autoDraw = True
27.7928 	EXP 	Device response: <KeyPress from None: t=27.68464554199818, value=z, duration=0.10437408299912931>
28.6859 	EXP 	line1: autoDraw = True
28.6859 	EXP 	line2: autoDraw = True
28.6859 	EXP 	line3: autoDraw = True
28.6859 	EXP 	line4: autoDraw = True
28.6931 	EXP 	Fixation: autoDraw = False
29.6861 	INFO 	Keyboard events cleared
29.6860 	EXP 	protrianglefixation: autoDraw = True
30.3704 	EXP 	Device response: <KeyPress from None: t=30.36460008299764, value=x, duration=None>
30.3708 	EXP 	New trial (rep=2, index=1): <Trial 9 (1 in rep 2) data={'pos': np.int64(150), 'corr_resp': 'v', 'thisN': 9, 'thisTrialN': 1, 'thisRepN': 2}>
30.3762 	DATA 	Keypress: x
30.3869 	EXP 	Fixation: autoDraw = False
30.3869 	EXP 	line1: autoDraw = False
30.3869 	EXP 	line2: autoDraw = False
30.3869 	EXP 	line3: autoDraw = False
30.3869 	EXP 	line4: autoDraw = False
30.3869 	EXP 	protrianglefixation: autoDraw = False
30.3869 	EXP 	Fixation: autoDraw = True
30.4587 	EXP 	Device response: <KeyPress from None: t=30.36460008299764, value=x, duration=0.09231254200130934>
31.3700 	EXP 	line1: autoDraw = True
31.3700 	EXP 	line2: autoDraw = True
31.3700 	EXP 	line3: autoDraw = True
31.3700 	EXP 	line4: autoDraw = True
31.3758 	EXP 	Fixation: autoDraw = False
32.3692 	INFO 	Keyboard events cleared
32.3691 	EXP 	protrianglefixation: autoDraw = True
33.5868 	EXP 	Device response: <KeyPress from None: t=33.57945191699764, value=v, duration=None>
33.5872 	EXP 	New trial (rep=2, index=2): <Trial 10 (2 in rep 2) data={'pos': np.int64(50), 'corr_resp': 'c', 'thisN': 10, 'thisTrialN': 2, 'thisRepN': 2}>
33.5926 	DATA 	Keypress: v
33.5977 	EXP 	Fixation: autoDraw = False
33.5977 	EXP 	line1: autoDraw = False
33.5977 	EXP 	line2: autoDraw = False
33.5977 	EXP 	line3: autoDraw = False
33.5977 	EXP 	line4: autoDraw = False
33.5977 	EXP 	protrianglefixation: autoDraw = False
33.5977 	EXP 	Fixation: autoDraw = True
33.7203 	EXP 	Device response: <KeyPress from None: t=33.57945191699764, value=v, duration=0.13637283299976843>
34.5859 	EXP 	line1: autoDraw = True
34.5859 	EXP 	line2: autoDraw = True
34.5859 	EXP 	line3: autoDraw = True
34.5859 	EXP 	line4: autoDraw = True
34.5920 	EXP 	Fixation: autoDraw = False
35.5855 	INFO 	Keyboard events cleared
35.5853 	EXP 	protrianglefixation: autoDraw = True
36.3108 	EXP 	Device response: <KeyPress from None: t=36.30336549999993, value=c, duration=None>
36.3112 	EXP 	New trial (rep=2, index=3): <Trial 11 (3 in rep 2) data={'pos': np.int64(-150), 'corr_resp': 'z', 'thisN': 11, 'thisTrialN': 3, 'thisRepN': 2}>
36.3169 	DATA 	Keypress: c
36.3223 	EXP 	Fixation: autoDraw = False
36.3223 	EXP 	line1: autoDraw = False
36.3223 	EXP 	line2: autoDraw = False
36.3223 	EXP 	line3: autoDraw = False
36.3223 	EXP 	line4: autoDraw = False
36.3223 	EXP 	protrianglefixation: autoDraw = False
36.3223 	EXP 	Fixation: autoDraw = True
36.4203 	EXP 	Device response: <KeyPress from None: t=36.30336549999993, value=c, duration=0.11243808299695957>
37.3209 	EXP 	line1: autoDraw = True
37.3209 	EXP 	line2: autoDraw = True
37.3209 	EXP 	line3: autoDraw = True
37.3209 	EXP 	line4: autoDraw = True
37.3372 	EXP 	Fixation: autoDraw = False
38.3099 	INFO 	Keyboard events cleared
38.3098 	EXP 	protrianglefixation: autoDraw = True
39.1544 	EXP 	Device response: <KeyPress from None: t=39.149373582997214, value=z, duration=None>
39.1549 	EXP 	New trial (rep=3, index=0): <Trial 12 (0 in rep 3) data={'pos': np.int64(-50), 'corr_resp': 'x', 'thisN': 12, 'thisTrialN': 0, 'thisRepN': 3}>
39.1607 	DATA 	Keypress: z
39.1657 	EXP 	Fixation: autoDraw = False
39.1657 	EXP 	line1: autoDraw = False
39.1657 	EXP 	line2: autoDraw = False
39.1657 	EXP 	line3: autoDraw = False
39.1657 	EXP 	line4: autoDraw = False
39.1657 	EXP 	protrianglefixation: autoDraw = False
39.1657 	EXP 	Fixation: autoDraw = True
39.2770 	EXP 	Device response: <KeyPress from None: t=39.149373582997214, value=z, duration=0.12426741700255661>
40.1527 	EXP 	line1: autoDraw = True
40.1527 	EXP 	line2: autoDraw = True
40.1527 	EXP 	line3: autoDraw = True
40.1527 	EXP 	line4: autoDraw = True
40.1597 	EXP 	Fixation: autoDraw = False
41.1542 	INFO 	Keyboard events cleared
41.1540 	EXP 	protrianglefixation: autoDraw = True
41.5113 	EXP 	Device response: <KeyPress from None: t=41.50839087499844, value=x, duration=None>
41.5118 	EXP 	New trial (rep=3, index=1): <Trial 13 (1 in rep 3) data={'pos': np.int64(150), 'corr_resp': 'v', 'thisN': 13, 'thisTrialN': 1, 'thisRepN': 3}>
41.5161 	DATA 	Keypress: x
41.5223 	EXP 	Fixation: autoDraw = False
41.5223 	EXP 	line1: autoDraw = False
41.5223 	EXP 	line2: autoDraw = False
41.5223 	EXP 	line3: autoDraw = False
41.5223 	EXP 	line4: autoDraw = False
41.5223 	EXP 	protrianglefixation: autoDraw = False
41.5223 	EXP 	Fixation: autoDraw = True
41.6376 	EXP 	Device response: <KeyPress from None: t=41.50839087499844, value=x, duration=0.12428749999889988>
42.5097 	EXP 	line1: autoDraw = True
42.5097 	EXP 	line2: autoDraw = True
42.5097 	EXP 	line3: autoDraw = True
42.5097 	EXP 	line4: autoDraw = True
42.5192 	EXP 	Fixation: autoDraw = False
43.5105 	INFO 	Keyboard events cleared
43.5103 	EXP 	protrianglefixation: autoDraw = True
44.3449 	EXP 	Device response: <KeyPress from None: t=44.339240082998, value=v, duration=None>
44.3453 	EXP 	New trial (rep=3, index=2): <Trial 14 (2 in rep 3) data={'pos': np.int64(50), 'corr_resp': 'c', 'thisN': 14, 'thisTrialN': 2, 'thisRepN': 3}>
44.3498 	DATA 	Keypress: v
44.3547 	EXP 	Fixation: autoDraw = False
44.3547 	EXP 	line1: autoDraw = False
44.3547 	EXP 	line2: autoDraw = False
44.3547 	EXP 	line3: autoDraw = False
44.3547 	EXP 	line4: autoDraw = False
44.3547 	EXP 	protrianglefixation: autoDraw = False
44.3547 	EXP 	Fixation: autoDraw = True
44.4376 	EXP 	Device response: <KeyPress from None: t=44.339240082998, value=v, duration=0.09237824999945587>
45.3434 	EXP 	line1: autoDraw = True
45.3434 	EXP 	line2: autoDraw = True
45.3434 	EXP 	line3: autoDraw = True
45.3434 	EXP 	line4: autoDraw = True
45.3526 	EXP 	Fixation: autoDraw = False
46.3446 	INFO 	Keyboard events cleared
46.3444 	EXP 	protrianglefixation: autoDraw = True
46.6219 	EXP 	Device response: <KeyPress from None: t=46.605218207998405, value=c, duration=None>
46.6223 	EXP 	New trial (rep=3, index=3): <Trial 15 (3 in rep 3) data={'pos': np.int64(-150), 'corr_resp': 'z', 'thisN': 15, 'thisTrialN': 3, 'thisRepN': 3}>
46.6289 	DATA 	Keypress: c
46.6361 	EXP 	Fixation: autoDraw = False
46.6361 	EXP 	line1: autoDraw = False
46.6361 	EXP 	line2: autoDraw = False
46.6361 	EXP 	line3: autoDraw = False
46.6361 	EXP 	line4: autoDraw = False
46.6361 	EXP 	protrianglefixation: autoDraw = False
46.6361 	EXP 	Fixation: autoDraw = True
46.7553 	EXP 	Device response: <KeyPress from None: t=46.605218207998405, value=c, duration=0.1363183339999523>
47.6373 	EXP 	Fixation: autoDraw = False
47.6373 	EXP 	line1: autoDraw = True
47.6373 	EXP 	line2: autoDraw = True
47.6373 	EXP 	line3: autoDraw = True
47.6373 	EXP 	line4: autoDraw = True
48.6197 	INFO 	Keyboard events cleared
48.6195 	EXP 	protrianglefixation: autoDraw = True
49.1443 	EXP 	Device response: <KeyPress from None: t=49.1431202499989, value=z, duration=None>
49.1447 	EXP 	New trial (rep=4, index=0): <Trial 16 (0 in rep 4) data={'pos': np.int64(-50), 'corr_resp': 'x', 'thisN': 16, 'thisTrialN': 0, 'thisRepN': 4}>
49.1508 	DATA 	Keypress: z
49.1567 	EXP 	Fixation: autoDraw = False
49.1567 	EXP 	line1: autoDraw = False
49.1567 	EXP 	line2: autoDraw = False
49.1567 	EXP 	line3: autoDraw = False
49.1567 	EXP 	line4: autoDraw = False
49.1567 	EXP 	protrianglefixation: autoDraw = False
49.1567 	EXP 	Fixation: autoDraw = True
49.2429 	EXP 	Device response: <KeyPress from None: t=49.1431202499989, value=z, duration=0.09636083299847087>
50.1426 	EXP 	line1: autoDraw = True
50.1426 	EXP 	line2: autoDraw = True
50.1426 	EXP 	line3: autoDraw = True
50.1426 	EXP 	line4: autoDraw = True
50.1524 	EXP 	Fixation: autoDraw = False
51.1425 	INFO 	Keyboard events cleared
51.1423 	EXP 	protrianglefixation: autoDraw = True
51.4369 	EXP 	Device response: <KeyPress from None: t=51.42817470799855, value=x, duration=None>
51.4373 	EXP 	New trial (rep=4, index=1): <Trial 17 (1 in rep 4) data={'pos': np.int64(150), 'corr_resp': 'v', 'thisN': 17, 'thisTrialN': 1, 'thisRepN': 4}>
51.4435 	DATA 	Keypress: x
51.4489 	EXP 	Fixation: autoDraw = False
51.4489 	EXP 	line1: autoDraw = False
51.4489 	EXP 	line2: autoDraw = False
51.4489 	EXP 	line3: autoDraw = False
51.4489 	EXP 	line4: autoDraw = False
51.4489 	EXP 	protrianglefixation: autoDraw = False
51.4489 	EXP 	Fixation: autoDraw = True
51.5706 	EXP 	Device response: <KeyPress from None: t=51.42817470799855, value=x, duration=0.13226604200099246>
52.4361 	EXP 	line1: autoDraw = True
52.4361 	EXP 	line2: autoDraw = True
52.4361 	EXP 	line3: autoDraw = True
52.4361 	EXP 	line4: autoDraw = True
52.4430 	EXP 	Fixation: autoDraw = False
53.4356 	INFO 	Keyboard events cleared
53.4354 	EXP 	protrianglefixation: autoDraw = True
53.7702 	EXP 	Device response: <KeyPress from None: t=53.76399533299991, value=v, duration=None>
53.7705 	EXP 	New trial (rep=4, index=2): <Trial 18 (2 in rep 4) data={'pos': np.int64(50), 'corr_resp': 'c', 'thisN': 18, 'thisTrialN': 2, 'thisRepN': 4}>
53.7763 	DATA 	Keypress: v
53.7817 	EXP 	Fixation: autoDraw = False
53.7817 	EXP 	line1: autoDraw = False
53.7817 	EXP 	line2: autoDraw = False
53.7817 	EXP 	line3: autoDraw = False
53.7817 	EXP 	line4: autoDraw = False
53.7817 	EXP 	protrianglefixation: autoDraw = False
53.7817 	EXP 	Fixation: autoDraw = True
53.9039 	EXP 	Device response: <KeyPress from None: t=53.76399533299991, value=v, duration=0.12836979199710186>
54.7593 	EXP 	line1: autoDraw = True
54.7593 	EXP 	line2: autoDraw = True
54.7593 	EXP 	line3: autoDraw = True
54.7593 	EXP 	line4: autoDraw = True
54.7756 	EXP 	Fixation: autoDraw = False
55.7690 	INFO 	Keyboard events cleared
55.7688 	EXP 	protrianglefixation: autoDraw = True
56.0442 	EXP 	Device response: <KeyPress from None: t=56.03793008299908, value=c, duration=None>
56.0446 	EXP 	New trial (rep=4, index=3): <Trial 19 (3 in rep 4) data={'pos': np.int64(-150), 'corr_resp': 'z', 'thisN': 19, 'thisTrialN': 3, 'thisRepN': 4}>
56.0508 	DATA 	Keypress: c
56.0565 	EXP 	Fixation: autoDraw = False
56.0565 	EXP 	line1: autoDraw = False
56.0565 	EXP 	line2: autoDraw = False
56.0565 	EXP 	line3: autoDraw = False
56.0565 	EXP 	line4: autoDraw = False
56.0565 	EXP 	protrianglefixation: autoDraw = False
56.0565 	EXP 	Fixation: autoDraw = True
56.1536 	EXP 	Device response: <KeyPress from None: t=56.03793008299908, value=c, duration=0.1084010419981496>
57.0426 	EXP 	line1: autoDraw = True
57.0426 	EXP 	line2: autoDraw = True
57.0426 	EXP 	line3: autoDraw = True
57.0426 	EXP 	line4: autoDraw = True
57.0533 	EXP 	Fixation: autoDraw = False
58.0429 	INFO 	Keyboard events cleared
58.0427 	EXP 	protrianglefixation: autoDraw = True
58.8703 	EXP 	Device response: <KeyPress from None: t=58.86292516699905, value=z, duration=None>
58.8707 	EXP 	New trial (rep=5, index=0): <Trial 20 (0 in rep 5) data={'pos': np.int64(-50), 'corr_resp': 'x', 'thisN': 20, 'thisTrialN': 0, 'thisRepN': 5}>
58.8766 	DATA 	Keypress: z
58.8820 	EXP 	Fixation: autoDraw = False
58.8820 	EXP 	line1: autoDraw = False
58.8820 	EXP 	line2: autoDraw = False
58.8820 	EXP 	line3: autoDraw = False
58.8820 	EXP 	line4: autoDraw = False
58.8820 	EXP 	protrianglefixation: autoDraw = False
58.8820 	EXP 	Fixation: autoDraw = True
58.9872 	EXP 	Device response: <KeyPress from None: t=58.86292516699905, value=z, duration=0.12025825000091572>
59.8693 	EXP 	line1: autoDraw = True
59.8693 	EXP 	line2: autoDraw = True
59.8693 	EXP 	line3: autoDraw = True
59.8693 	EXP 	line4: autoDraw = True
59.8762 	EXP 	Fixation: autoDraw = False
60.8689 	INFO 	Keyboard events cleared
60.8688 	EXP 	protrianglefixation: autoDraw = True
61.1869 	EXP 	Device response: <KeyPress from None: t=61.178866749996814, value=x, duration=None>
61.1873 	EXP 	New trial (rep=5, index=1): <Trial 21 (1 in rep 5) data={'pos': np.int64(150), 'corr_resp': 'v', 'thisN': 21, 'thisTrialN': 1, 'thisRepN': 5}>
61.1919 	DATA 	Keypress: x
61.1967 	EXP 	Fixation: autoDraw = False
61.1967 	EXP 	line1: autoDraw = False
61.1967 	EXP 	line2: autoDraw = False
61.1967 	EXP 	line3: autoDraw = False
61.1967 	EXP 	line4: autoDraw = False
61.1967 	EXP 	protrianglefixation: autoDraw = False
61.1967 	EXP 	Fixation: autoDraw = True
61.3092 	EXP 	Device response: <KeyPress from None: t=61.178866749996814, value=x, duration=0.12836395800331957>
62.1760 	EXP 	line1: autoDraw = True
62.1760 	EXP 	line2: autoDraw = True
62.1760 	EXP 	line3: autoDraw = True
62.1760 	EXP 	line4: autoDraw = True
62.1930 	EXP 	Fixation: autoDraw = False
63.1861 	INFO 	Keyboard events cleared
63.1859 	EXP 	protrianglefixation: autoDraw = True
64.1530 	EXP 	Device response: <KeyPress from None: t=64.14475095799935, value=v, duration=None>
64.1535 	EXP 	New trial (rep=5, index=2): <Trial 22 (2 in rep 5) data={'pos': np.int64(50), 'corr_resp': 'c', 'thisN': 22, 'thisTrialN': 2, 'thisRepN': 5}>
64.1561 	DATA 	Keypress: v
64.1595 	EXP 	Fixation: autoDraw = False
64.1595 	EXP 	line1: autoDraw = False
64.1595 	EXP 	line2: autoDraw = False
64.1595 	EXP 	line3: autoDraw = False
64.1595 	EXP 	line4: autoDraw = False
64.1595 	EXP 	protrianglefixation: autoDraw = False
64.1595 	EXP 	Fixation: autoDraw = True
64.2863 	EXP 	Device response: <KeyPress from None: t=64.14475095799935, value=v, duration=0.13236820900056046>
65.1430 	EXP 	line1: autoDraw = True
65.1430 	EXP 	line2: autoDraw = True
65.1430 	EXP 	line3: autoDraw = True
65.1430 	EXP 	line4: autoDraw = True
65.1521 	EXP 	Fixation: autoDraw = False
66.1434 	INFO 	Keyboard events cleared
66.1431 	EXP 	protrianglefixation: autoDraw = True
66.5035 	EXP 	Device response: <KeyPress from None: t=66.49466195799687, value=v, duration=None>
66.5039 	EXP 	New trial (rep=5, index=3): <Trial 23 (3 in rep 5) data={'pos': np.int64(-150), 'corr_resp': 'z', 'thisN': 23, 'thisTrialN': 3, 'thisRepN': 5}>
66.5102 	DATA 	Keypress: v
66.5157 	EXP 	Fixation: autoDraw = False
66.5157 	EXP 	line1: autoDraw = False
66.5157 	EXP 	line2: autoDraw = False
66.5157 	EXP 	line3: autoDraw = False
66.5157 	EXP 	line4: autoDraw = False
66.5157 	EXP 	protrianglefixation: autoDraw = False
66.5157 	EXP 	Fixation: autoDraw = True
66.6368 	EXP 	Device response: <KeyPress from None: t=66.49466195799687, value=v, duration=0.13230237500101794>
67.5027 	EXP 	line1: autoDraw = True
67.5027 	EXP 	line2: autoDraw = True
67.5027 	EXP 	line3: autoDraw = True
67.5027 	EXP 	line4: autoDraw = True
67.5093 	EXP 	Fixation: autoDraw = False
68.4938 	INFO 	Keyboard events cleared
68.4935 	EXP 	protrianglefixation: autoDraw = True
69.4935 	EXP 	Device response: <KeyPress from None: t=69.48768183299762, value=z, duration=None>
69.4940 	EXP 	New trial (rep=6, index=0): <Trial 24 (0 in rep 6) data={'pos': np.int64(-50), 'corr_resp': 'x', 'thisN': 24, 'thisTrialN': 0, 'thisRepN': 6}>
69.5001 	DATA 	Keypress: z
69.5054 	EXP 	Fixation: autoDraw = False
69.5054 	EXP 	line1: autoDraw = False
69.5054 	EXP 	line2: autoDraw = False
69.5054 	EXP 	line3: autoDraw = False
69.5054 	EXP 	line4: autoDraw = False
69.5054 	EXP 	protrianglefixation: autoDraw = False
69.5054 	EXP 	Fixation: autoDraw = True
69.6203 	EXP 	Device response: <KeyPress from None: t=69.48768183299762, value=z, duration=0.12424887499946635>
70.4932 	EXP 	line1: autoDraw = True
70.4932 	EXP 	line2: autoDraw = True
70.4932 	EXP 	line3: autoDraw = True
70.4932 	EXP 	line4: autoDraw = True
70.5025 	EXP 	Fixation: autoDraw = False
71.4933 	INFO 	Keyboard events cleared
71.4931 	EXP 	protrianglefixation: autoDraw = True
71.8034 	EXP 	Device response: <KeyPress from None: t=71.7946594999994, value=x, duration=None>
71.8038 	EXP 	New trial (rep=6, index=1): <Trial 25 (1 in rep 6) data={'pos': np.int64(150), 'corr_resp': 'v', 'thisN': 25, 'thisTrialN': 1, 'thisRepN': 6}>
71.8092 	DATA 	Keypress: x
71.8143 	EXP 	Fixation: autoDraw = False
71.8143 	EXP 	line1: autoDraw = False
71.8143 	EXP 	line2: autoDraw = False
71.8143 	EXP 	line3: autoDraw = False
71.8143 	EXP 	line4: autoDraw = False
71.8143 	EXP 	protrianglefixation: autoDraw = False
71.8143 	EXP 	Fixation: autoDraw = True
71.9096 	EXP 	Device response: <KeyPress from None: t=71.7946594999994, value=x, duration=0.1082864169984532>
72.7932 	EXP 	line1: autoDraw = True
72.7932 	EXP 	line2: autoDraw = True
72.7932 	EXP 	line3: autoDraw = True
72.7932 	EXP 	line4: autoDraw = True
72.8091 	EXP 	Fixation: autoDraw = False
73.8024 	INFO 	Keyboard events cleared
73.8022 	EXP 	protrianglefixation: autoDraw = True
75.0371 	EXP 	Device response: <KeyPress from None: t=75.03346095799861, value=v, duration=None>
75.0375 	EXP 	New trial (rep=6, index=2): <Trial 26 (2 in rep 6) data={'pos': np.int64(50), 'corr_resp': 'c', 'thisN': 26, 'thisTrialN': 2, 'thisRepN': 6}>
75.0431 	DATA 	Keypress: v
75.0482 	EXP 	Fixation: autoDraw = False
75.0482 	EXP 	line1: autoDraw = False
75.0482 	EXP 	line2: autoDraw = False
75.0482 	EXP 	line3: autoDraw = False
75.0482 	EXP 	line4: autoDraw = False
75.0482 	EXP 	protrianglefixation: autoDraw = False
75.0482 	EXP 	Fixation: autoDraw = True
75.1703 	EXP 	Device response: <KeyPress from None: t=75.03346095799861, value=v, duration=0.12838629199904972>
76.0366 	EXP 	line1: autoDraw = True
76.0366 	EXP 	line2: autoDraw = True
76.0366 	EXP 	line3: autoDraw = True
76.0366 	EXP 	line4: autoDraw = True
76.0436 	EXP 	Fixation: autoDraw = False
77.0356 	INFO 	Keyboard events cleared
77.0353 	EXP 	protrianglefixation: autoDraw = True
77.3870 	EXP 	Device response: <KeyPress from None: t=77.37643254199793, value=c, duration=None>
77.3876 	EXP 	New trial (rep=6, index=3): <Trial 27 (3 in rep 6) data={'pos': np.int64(-150), 'corr_resp': 'z', 'thisN': 27, 'thisTrialN': 3, 'thisRepN': 6}>
77.3945 	DATA 	Keypress: c
77.3998 	EXP 	Fixation: autoDraw = False
77.3998 	EXP 	line1: autoDraw = False
77.3998 	EXP 	line2: autoDraw = False
77.3998 	EXP 	line3: autoDraw = False
77.3998 	EXP 	line4: autoDraw = False
77.3998 	EXP 	protrianglefixation: autoDraw = False
77.3998 	EXP 	Fixation: autoDraw = True
77.5105 	EXP 	Device response: <KeyPress from None: t=77.37643254199793, value=c, duration=0.12837087500156485>
78.3850 	EXP 	line1: autoDraw = True
78.3850 	EXP 	line2: autoDraw = True
78.3850 	EXP 	line3: autoDraw = True
78.3850 	EXP 	line4: autoDraw = True
78.3926 	EXP 	Fixation: autoDraw = False
79.3855 	INFO 	Keyboard events cleared
79.3852 	EXP 	protrianglefixation: autoDraw = True
80.2365 	EXP 	Device response: <KeyPress from None: t=80.22838708299969, value=z, duration=None>
80.2371 	EXP 	New trial (rep=7, index=0): <Trial 28 (0 in rep 7) data={'pos': np.int64(-50), 'corr_resp': 'x', 'thisN': 28, 'thisTrialN': 0, 'thisRepN': 7}>
80.2437 	DATA 	Keypress: z
80.2489 	EXP 	Fixation: autoDraw = False
80.2489 	EXP 	line1: autoDraw = False
80.2489 	EXP 	line2: autoDraw = False
80.2489 	EXP 	line3: autoDraw = False
80.2489 	EXP 	line4: autoDraw = False
80.2489 	EXP 	protrianglefixation: autoDraw = False
80.2489 	EXP 	Fixation: autoDraw = True
80.3372 	EXP 	Device response: <KeyPress from None: t=80.22838708299969, value=z, duration=0.10440774999733549>
81.2351 	EXP 	line1: autoDraw = True
81.2351 	EXP 	line2: autoDraw = True
81.2351 	EXP 	line3: autoDraw = True
81.2351 	EXP 	line4: autoDraw = True
81.2426 	EXP 	Fixation: autoDraw = False
82.2352 	INFO 	Keyboard events cleared
82.2350 	EXP 	protrianglefixation: autoDraw = True
82.5604 	EXP 	Device response: <KeyPress from None: t=82.55804666699987, value=x, duration=None>
82.5608 	EXP 	New trial (rep=7, index=1): <Trial 29 (1 in rep 7) data={'pos': np.int64(150), 'corr_resp': 'v', 'thisN': 29, 'thisTrialN': 1, 'thisRepN': 7}>
82.5670 	DATA 	Keypress: x
82.5723 	EXP 	Fixation: autoDraw = False
82.5723 	EXP 	line1: autoDraw = False
82.5723 	EXP 	line2: autoDraw = False
82.5723 	EXP 	line3: autoDraw = False
82.5723 	EXP 	line4: autoDraw = False
82.5723 	EXP 	protrianglefixation: autoDraw = False
82.5723 	EXP 	Fixation: autoDraw = True
82.7034 	EXP 	Device response: <KeyPress from None: t=82.55804666699987, value=x, duration=0.13966016599806608>
83.5600 	EXP 	line1: autoDraw = True
83.5600 	EXP 	line2: autoDraw = True
83.5600 	EXP 	line3: autoDraw = True
83.5600 	EXP 	line4: autoDraw = True
83.5689 	EXP 	Fixation: autoDraw = False
84.5598 	INFO 	Keyboard events cleared
84.5597 	EXP 	protrianglefixation: autoDraw = True
85.3869 	EXP 	Device response: <KeyPress from None: t=85.3793892499998, value=v, duration=None>
85.3874 	EXP 	New trial (rep=7, index=2): <Trial 30 (2 in rep 7) data={'pos': np.int64(50), 'corr_resp': 'c', 'thisN': 30, 'thisTrialN': 2, 'thisRepN': 7}>
85.3935 	DATA 	Keypress: v
85.3986 	EXP 	Fixation: autoDraw = False
85.3986 	EXP 	line1: autoDraw = False
85.3986 	EXP 	line2: autoDraw = False
85.3986 	EXP 	line3: autoDraw = False
85.3986 	EXP 	line4: autoDraw = False
85.3986 	EXP 	protrianglefixation: autoDraw = False
85.3986 	EXP 	Fixation: autoDraw = True
85.5103 	EXP 	Device response: <KeyPress from None: t=85.3793892499998, value=v, duration=0.12819945799856214>
86.3850 	EXP 	line1: autoDraw = True
86.3850 	EXP 	line2: autoDraw = True
86.3850 	EXP 	line3: autoDraw = True
86.3850 	EXP 	line4: autoDraw = True
86.3928 	EXP 	Fixation: autoDraw = False
87.3853 	INFO 	Keyboard events cleared
87.3851 	EXP 	protrianglefixation: autoDraw = True
88.0373 	EXP 	Device response: <KeyPress from None: t=88.02929975000006, value=c, duration=None>
88.0380 	EXP 	New trial (rep=7, index=3): <Trial 31 (3 in rep 7) data={'pos': np.int64(-150), 'corr_resp': 'z', 'thisN': 31, 'thisTrialN': 3, 'thisRepN': 7}>
88.0444 	DATA 	Keypress: c
88.0495 	EXP 	Fixation: autoDraw = False
88.0495 	EXP 	line1: autoDraw = False
88.0495 	EXP 	line2: autoDraw = False
88.0495 	EXP 	line3: autoDraw = False
88.0495 	EXP 	line4: autoDraw = False
88.0495 	EXP 	protrianglefixation: autoDraw = False
88.0495 	EXP 	Fixation: autoDraw = True
88.1601 	EXP 	Device response: <KeyPress from None: t=88.02929975000006, value=c, duration=0.12417399999685585>
89.0351 	EXP 	line1: autoDraw = True
89.0351 	EXP 	line2: autoDraw = True
89.0351 	EXP 	line3: autoDraw = True
89.0351 	EXP 	line4: autoDraw = True
89.0425 	EXP 	Fixation: autoDraw = False
90.0357 	INFO 	Keyboard events cleared
90.0355 	EXP 	protrianglefixation: autoDraw = True
90.7197 	EXP 	Device response: <KeyPress from None: t=90.71315729199705, value=z, duration=None>
90.7203 	EXP 	New trial (rep=8, index=0): <Trial 32 (0 in rep 8) data={'pos': np.int64(-50), 'corr_resp': 'x', 'thisN': 32, 'thisTrialN': 0, 'thisRepN': 8}>
90.7266 	DATA 	Keypress: z
90.7319 	EXP 	Fixation: autoDraw = False
90.7319 	EXP 	line1: autoDraw = False
90.7319 	EXP 	line2: autoDraw = False
90.7319 	EXP 	line3: autoDraw = False
90.7319 	EXP 	line4: autoDraw = False
90.7319 	EXP 	protrianglefixation: autoDraw = False
90.7319 	EXP 	Fixation: autoDraw = True
90.8371 	EXP 	Device response: <KeyPress from None: t=90.71315729199705, value=z, duration=0.1123202080016199>
91.7184 	EXP 	line1: autoDraw = True
91.7184 	EXP 	line2: autoDraw = True
91.7184 	EXP 	line3: autoDraw = True
91.7184 	EXP 	line4: autoDraw = True
91.7260 	EXP 	Fixation: autoDraw = False
92.7186 	INFO 	Keyboard events cleared
92.7184 	EXP 	protrianglefixation: autoDraw = True
93.2540 	EXP 	Device response: <KeyPress from None: t=93.24914745799833, value=x, duration=None>
93.2547 	EXP 	New trial (rep=8, index=1): <Trial 33 (1 in rep 8) data={'pos': np.int64(150), 'corr_resp': 'v', 'thisN': 33, 'thisTrialN': 1, 'thisRepN': 8}>
93.2612 	DATA 	Keypress: x
93.2665 	EXP 	Fixation: autoDraw = False
93.2665 	EXP 	line1: autoDraw = False
93.2665 	EXP 	line2: autoDraw = False
93.2665 	EXP 	line3: autoDraw = False
93.2665 	EXP 	line4: autoDraw = False
93.2665 	EXP 	protrianglefixation: autoDraw = False
93.2665 	EXP 	Fixation: autoDraw = True
93.3604 	EXP 	Device response: <KeyPress from None: t=93.24914745799833, value=x, duration=0.10827445899849408>
94.2517 	EXP 	line1: autoDraw = True
94.2517 	EXP 	line2: autoDraw = True
94.2517 	EXP 	line3: autoDraw = True
94.2517 	EXP 	line4: autoDraw = True
94.2590 	EXP 	Fixation: autoDraw = False
95.2519 	INFO 	Keyboard events cleared
95.2517 	EXP 	protrianglefixation: autoDraw = True
96.1109 	EXP 	Device response: <KeyPress from None: t=96.10297662499943, value=v, duration=None>
96.1113 	EXP 	New trial (rep=8, index=2): <Trial 34 (2 in rep 8) data={'pos': np.int64(50), 'corr_resp': 'c', 'thisN': 34, 'thisTrialN': 2, 'thisRepN': 8}>
96.1175 	DATA 	Keypress: v
96.1228 	EXP 	Fixation: autoDraw = False
96.1228 	EXP 	line1: autoDraw = False
96.1228 	EXP 	line2: autoDraw = False
96.1228 	EXP 	line3: autoDraw = False
96.1228 	EXP 	line4: autoDraw = False
96.1228 	EXP 	protrianglefixation: autoDraw = False
96.1228 	EXP 	Fixation: autoDraw = True
96.2539 	EXP 	Device response: <KeyPress from None: t=96.10297662499943, value=v, duration=0.14069170799848507>
97.1098 	EXP 	line1: autoDraw = True
97.1098 	EXP 	line2: autoDraw = True
97.1098 	EXP 	line3: autoDraw = True
97.1098 	EXP 	line4: autoDraw = True
97.1184 	EXP 	Fixation: autoDraw = False
98.1103 	INFO 	Keyboard events cleared
98.1101 	EXP 	protrianglefixation: autoDraw = True
99.6773 	EXP 	Device response: <KeyPress from None: t=99.66899874999945, value=c, duration=None>
99.6778 	EXP 	New trial (rep=8, index=3): <Trial 35 (3 in rep 8) data={'pos': np.int64(-150), 'corr_resp': 'z', 'thisN': 35, 'thisTrialN': 3, 'thisRepN': 8}>
99.6848 	DATA 	Keypress: c
99.6896 	EXP 	Fixation: autoDraw = False
99.6896 	EXP 	line1: autoDraw = False
99.6896 	EXP 	line2: autoDraw = False
99.6896 	EXP 	line3: autoDraw = False
99.6896 	EXP 	line4: autoDraw = False
99.6896 	EXP 	protrianglefixation: autoDraw = False
99.6896 	EXP 	Fixation: autoDraw = True
99.7776 	EXP 	Device response: <KeyPress from None: t=99.66899874999945, value=c, duration=0.1043302500002028>
100.6765 	EXP 	line1: autoDraw = True
100.6765 	EXP 	line2: autoDraw = True
100.6765 	EXP 	line3: autoDraw = True
100.6765 	EXP 	line4: autoDraw = True
100.6854 	EXP 	Fixation: autoDraw = False
101.6762 	INFO 	Keyboard events cleared
101.6760 	EXP 	protrianglefixation: autoDraw = True
102.7937 	EXP 	Device response: <KeyPress from None: t=102.78895812499832, value=z, duration=None>
102.7942 	EXP 	New trial (rep=9, index=0): <Trial 36 (0 in rep 9) data={'pos': np.int64(-50), 'corr_resp': 'x', 'thisN': 36, 'thisTrialN': 0, 'thisRepN': 9}>
102.8002 	DATA 	Keypress: z
102.8055 	EXP 	Fixation: autoDraw = False
102.8055 	EXP 	line1: autoDraw = False
102.8055 	EXP 	line2: autoDraw = False
102.8055 	EXP 	line3: autoDraw = False
102.8055 	EXP 	line4: autoDraw = False
102.8055 	EXP 	protrianglefixation: autoDraw = False
102.8055 	EXP 	Fixation: autoDraw = True
102.8542 	EXP 	Device response: <KeyPress from None: t=102.78895812499832, value=z, duration=0.06029837499954738>
103.7935 	EXP 	line1: autoDraw = True
103.7935 	EXP 	line2: autoDraw = True
103.7935 	EXP 	line3: autoDraw = True
103.7935 	EXP 	line4: autoDraw = True
103.8016 	EXP 	Fixation: autoDraw = False
104.7934 	INFO 	Keyboard events cleared
104.7932 	EXP 	protrianglefixation: autoDraw = True
106.7605 	EXP 	Device response: <KeyPress from None: t=106.7527962919994, value=x, duration=None>
106.7609 	EXP 	New trial (rep=9, index=1): <Trial 37 (1 in rep 9) data={'pos': np.int64(150), 'corr_resp': 'v', 'thisN': 37, 'thisTrialN': 1, 'thisRepN': 9}>
106.7669 	DATA 	Keypress: x
106.7724 	EXP 	Fixation: autoDraw = False
106.7724 	EXP 	line1: autoDraw = False
106.7724 	EXP 	line2: autoDraw = False
106.7724 	EXP 	line3: autoDraw = False
106.7724 	EXP 	line4: autoDraw = False
106.7724 	EXP 	protrianglefixation: autoDraw = False
106.7724 	EXP 	Fixation: autoDraw = True
106.8941 	EXP 	Device response: <KeyPress from None: t=106.7527962919994, value=x, duration=0.13636079099887866>
107.7601 	EXP 	line1: autoDraw = True
107.7601 	EXP 	line2: autoDraw = True
107.7601 	EXP 	line3: autoDraw = True
107.7601 	EXP 	line4: autoDraw = True
107.7865 	EXP 	Fixation: autoDraw = False
108.7520 	INFO 	Keyboard events cleared
108.7518 	EXP 	protrianglefixation: autoDraw = True
109.7033 	EXP 	Device response: <KeyPress from None: t=109.70074358299826, value=v, duration=None>
109.7037 	EXP 	New trial (rep=9, index=2): <Trial 38 (2 in rep 9) data={'pos': np.int64(50), 'corr_resp': 'c', 'thisN': 38, 'thisTrialN': 2, 'thisRepN': 9}>
109.7100 	DATA 	Keypress: v
109.7154 	EXP 	Fixation: autoDraw = False
109.7154 	EXP 	line1: autoDraw = False
109.7154 	EXP 	line2: autoDraw = False
109.7154 	EXP 	line3: autoDraw = False
109.7154 	EXP 	line4: autoDraw = False
109.7154 	EXP 	protrianglefixation: autoDraw = False
109.7154 	EXP 	Fixation: autoDraw = True
109.8370 	EXP 	Device response: <KeyPress from None: t=109.70074358299826, value=v, duration=0.13222324999878765>
110.7019 	EXP 	line1: autoDraw = True
110.7019 	EXP 	line2: autoDraw = True
110.7019 	EXP 	line3: autoDraw = True
110.7019 	EXP 	line4: autoDraw = True
110.7093 	EXP 	Fixation: autoDraw = False
111.7019 	INFO 	Keyboard events cleared
111.7017 	EXP 	protrianglefixation: autoDraw = True
112.2206 	EXP 	Device response: <KeyPress from None: t=112.2177387499978, value=c, duration=None>
112.2213 	EXP 	New trial (rep=9, index=3): <Trial 39 (3 in rep 9) data={'pos': np.int64(-150), 'corr_resp': 'z', 'thisN': 39, 'thisTrialN': 3, 'thisRepN': 9}>
112.2249 	DATA 	Keypress: c
112.2288 	EXP 	Fixation: autoDraw = False
112.2288 	EXP 	line1: autoDraw = False
112.2288 	EXP 	line2: autoDraw = False
112.2288 	EXP 	line3: autoDraw = False
112.2288 	EXP 	line4: autoDraw = False
112.2288 	EXP 	protrianglefixation: autoDraw = False
112.2288 	EXP 	Fixation: autoDraw = True
112.3092 	EXP 	Device response: <KeyPress from None: t=112.2177387499978, value=c, duration=0.088306833000388>
113.2184 	EXP 	line1: autoDraw = True
113.2184 	EXP 	line2: autoDraw = True
113.2184 	EXP 	line3: autoDraw = True
113.2184 	EXP 	line4: autoDraw = True
113.2258 	EXP 	Fixation: autoDraw = False
114.2186 	INFO 	Keyboard events cleared
114.2184 	EXP 	protrianglefixation: autoDraw = True
115.0371 	EXP 	Device response: <KeyPress from None: t=115.02659454199966, value=z, duration=None>
115.0378 	EXP 	New trial (rep=10, index=0): <Trial 40 (0 in rep 10) data={'pos': np.int64(-50), 'corr_resp': 'x', 'thisN': 40, 'thisTrialN': 0, 'thisRepN': 10}>
115.0447 	DATA 	Keypress: z
115.0501 	EXP 	Fixation: autoDraw = False
115.0501 	EXP 	line1: autoDraw = False
115.0501 	EXP 	line2: autoDraw = False
115.0501 	EXP 	line3: autoDraw = False
115.0501 	EXP 	line4: autoDraw = False
115.0501 	EXP 	protrianglefixation: autoDraw = False
115.0501 	EXP 	Fixation: autoDraw = True
115.1609 	EXP 	Device response: <KeyPress from None: t=115.02659454199966, value=z, duration=0.13241262500014273>
116.0352 	EXP 	line1: autoDraw = True
116.0352 	EXP 	line2: autoDraw = True
116.0352 	EXP 	line3: autoDraw = True
116.0352 	EXP 	line4: autoDraw = True
116.0426 	EXP 	Fixation: autoDraw = False
117.0352 	INFO 	Keyboard events cleared
117.0350 	EXP 	protrianglefixation: autoDraw = True
117.5773 	EXP 	Device response: <KeyPress from None: t=117.57555750000029, value=x, duration=None>
117.5777 	EXP 	New trial (rep=10, index=1): <Trial 41 (1 in rep 10) data={'pos': np.int64(150), 'corr_resp': 'v', 'thisN': 41, 'thisTrialN': 1, 'thisRepN': 10}>
117.5838 	DATA 	Keypress: x
117.5893 	EXP 	Fixation: autoDraw = False
117.5893 	EXP 	line1: autoDraw = False
117.5893 	EXP 	line2: autoDraw = False
117.5893 	EXP 	line3: autoDraw = False
117.5893 	EXP 	line4: autoDraw = False
117.5893 	EXP 	protrianglefixation: autoDraw = False
117.5893 	EXP 	Fixation: autoDraw = True
117.7035 	EXP 	Device response: <KeyPress from None: t=117.57555750000029, value=x, duration=0.12057116699725157>
118.5690 	EXP 	line1: autoDraw = True
118.5690 	EXP 	line2: autoDraw = True
118.5690 	EXP 	line3: autoDraw = True
118.5690 	EXP 	line4: autoDraw = True
118.5852 	EXP 	Fixation: autoDraw = False
119.5767 	INFO 	Keyboard events cleared
119.5765 	EXP 	protrianglefixation: autoDraw = True
120.4701 	EXP 	Device response: <KeyPress from None: t=120.46253041699674, value=v, duration=None>
120.4706 	EXP 	New trial (rep=10, index=2): <Trial 42 (2 in rep 10) data={'pos': np.int64(50), 'corr_resp': 'c', 'thisN': 42, 'thisTrialN': 2, 'thisRepN': 10}>
120.4770 	DATA 	Keypress: v
120.4820 	EXP 	Fixation: autoDraw = False
120.4820 	EXP 	line1: autoDraw = False
120.4820 	EXP 	line2: autoDraw = False
120.4820 	EXP 	line3: autoDraw = False
120.4820 	EXP 	line4: autoDraw = False
120.4820 	EXP 	protrianglefixation: autoDraw = False
120.4820 	EXP 	Fixation: autoDraw = True
120.5608 	EXP 	Device response: <KeyPress from None: t=120.46253041699674, value=v, duration=0.09236179100116715>
121.4687 	EXP 	line1: autoDraw = True
121.4687 	EXP 	line2: autoDraw = True
121.4687 	EXP 	line3: autoDraw = True
121.4687 	EXP 	line4: autoDraw = True
121.4762 	EXP 	Fixation: autoDraw = False
122.4686 	INFO 	Keyboard events cleared
122.4684 	EXP 	protrianglefixation: autoDraw = True
123.2700 	EXP 	Device response: <KeyPress from None: t=123.26534758299749, value=c, duration=None>
123.2705 	EXP 	New trial (rep=10, index=3): <Trial 43 (3 in rep 10) data={'pos': np.int64(-150), 'corr_resp': 'z', 'thisN': 43, 'thisTrialN': 3, 'thisRepN': 10}>
123.2766 	DATA 	Keypress: c
123.2819 	EXP 	Fixation: autoDraw = False
123.2819 	EXP 	line1: autoDraw = False
123.2819 	EXP 	line2: autoDraw = False
123.2819 	EXP 	line3: autoDraw = False
123.2819 	EXP 	line4: autoDraw = False
123.2819 	EXP 	protrianglefixation: autoDraw = False
123.2819 	EXP 	Fixation: autoDraw = True
123.4111 	EXP 	Device response: <KeyPress from None: t=123.26534758299749, value=c, duration=0.14031900000190944>
124.2687 	EXP 	line1: autoDraw = True
124.2687 	EXP 	line2: autoDraw = True
124.2687 	EXP 	line3: autoDraw = True
124.2687 	EXP 	line4: autoDraw = True
124.2760 	EXP 	Fixation: autoDraw = False
125.2866 	INFO 	Keyboard events cleared
125.2865 	EXP 	protrianglefixation: autoDraw = True
125.7871 	EXP 	Device response: <KeyPress from None: t=125.7783611249979, value=z, duration=None>
125.7877 	EXP 	New trial (rep=11, index=0): <Trial 44 (0 in rep 11) data={'pos': np.int64(-50), 'corr_resp': 'x', 'thisN': 44, 'thisTrialN': 0, 'thisRepN': 11}>
125.7944 	DATA 	Keypress: z
125.7997 	EXP 	Fixation: autoDraw = False
125.7997 	EXP 	line1: autoDraw = False
125.7997 	EXP 	line2: autoDraw = False
125.7997 	EXP 	line3: autoDraw = False
125.7997 	EXP 	line4: autoDraw = False
125.7997 	EXP 	protrianglefixation: autoDraw = False
125.7997 	EXP 	Fixation: autoDraw = True
125.9202 	EXP 	Device response: <KeyPress from None: t=125.7783611249979, value=z, duration=0.13234758299950045>
126.7852 	EXP 	line1: autoDraw = True
126.7852 	EXP 	line2: autoDraw = True
126.7852 	EXP 	line3: autoDraw = True
126.7852 	EXP 	line4: autoDraw = True
126.7927 	EXP 	Fixation: autoDraw = False
127.7778 	INFO 	Keyboard events cleared
127.7776 	EXP 	protrianglefixation: autoDraw = True
128.5198 	EXP 	Device response: <KeyPress from None: t=128.51421845799996, value=x, duration=None>
128.5203 	EXP 	New trial (rep=11, index=1): <Trial 45 (1 in rep 11) data={'pos': np.int64(150), 'corr_resp': 'v', 'thisN': 45, 'thisTrialN': 1, 'thisRepN': 11}>
128.5264 	DATA 	Keypress: x
128.5315 	EXP 	Fixation: autoDraw = False
128.5315 	EXP 	line1: autoDraw = False
128.5315 	EXP 	line2: autoDraw = False
128.5315 	EXP 	line3: autoDraw = False
128.5315 	EXP 	line4: autoDraw = False
128.5315 	EXP 	protrianglefixation: autoDraw = False
128.5315 	EXP 	Fixation: autoDraw = True
128.6373 	EXP 	Device response: <KeyPress from None: t=128.51421845799996, value=x, duration=0.12045191699871793>
129.5183 	EXP 	line1: autoDraw = True
129.5183 	EXP 	line2: autoDraw = True
129.5183 	EXP 	line3: autoDraw = True
129.5183 	EXP 	line4: autoDraw = True
129.5257 	EXP 	Fixation: autoDraw = False
130.5189 	INFO 	Keyboard events cleared
130.5189 	EXP 	protrianglefixation: autoDraw = True
132.1363 	EXP 	Device response: <KeyPress from None: t=132.12621733299966, value=v, duration=None>
132.1368 	EXP 	New trial (rep=11, index=2): <Trial 46 (2 in rep 11) data={'pos': np.int64(50), 'corr_resp': 'c', 'thisN': 46, 'thisTrialN': 2, 'thisRepN': 11}>
132.1431 	DATA 	Keypress: v
132.1484 	EXP 	Fixation: autoDraw = False
132.1484 	EXP 	line1: autoDraw = False
132.1484 	EXP 	line2: autoDraw = False
132.1484 	EXP 	line3: autoDraw = False
132.1484 	EXP 	line4: autoDraw = False
132.1484 	EXP 	protrianglefixation: autoDraw = False
132.1484 	EXP 	Fixation: autoDraw = True
132.2545 	EXP 	Device response: <KeyPress from None: t=132.12621733299966, value=v, duration=0.12031958399893483>
133.1351 	EXP 	line1: autoDraw = True
133.1351 	EXP 	line2: autoDraw = True
133.1351 	EXP 	line3: autoDraw = True
133.1351 	EXP 	line4: autoDraw = True
133.1425 	EXP 	Fixation: autoDraw = False
134.1352 	INFO 	Keyboard events cleared
134.1350 	EXP 	protrianglefixation: autoDraw = True
135.0870 	EXP 	Device response: <KeyPress from None: t=135.08550470799673, value=c, duration=None>
135.0875 	EXP 	New trial (rep=11, index=3): <Trial 47 (3 in rep 11) data={'pos': np.int64(-150), 'corr_resp': 'z', 'thisN': 47, 'thisTrialN': 3, 'thisRepN': 11}>
135.0939 	DATA 	Keypress: c
135.0991 	EXP 	Fixation: autoDraw = False
135.0991 	EXP 	line1: autoDraw = False
135.0991 	EXP 	line2: autoDraw = False
135.0991 	EXP 	line3: autoDraw = False
135.0991 	EXP 	line4: autoDraw = False
135.0991 	EXP 	protrianglefixation: autoDraw = False
135.0991 	EXP 	Fixation: autoDraw = True
135.2278 	EXP 	Device response: <KeyPress from None: t=135.08550470799673, value=c, duration=0.13996666700040805>
136.0849 	EXP 	line1: autoDraw = True
136.0849 	EXP 	line2: autoDraw = True
136.0849 	EXP 	line3: autoDraw = True
136.0849 	EXP 	line4: autoDraw = True
136.0929 	EXP 	Fixation: autoDraw = False
137.0853 	INFO 	Keyboard events cleared
137.0851 	EXP 	protrianglefixation: autoDraw = True
137.6442 	EXP 	Device response: <KeyPress from None: t=137.63707758300006, value=z, duration=None>
137.6446 	EXP 	New trial (rep=12, index=0): <Trial 48 (0 in rep 12) data={'pos': np.int64(-50), 'corr_resp': 'x', 'thisN': 48, 'thisTrialN': 0, 'thisRepN': 12}>
137.6508 	DATA 	Keypress: z
137.6560 	EXP 	Fixation: autoDraw = False
137.6560 	EXP 	line1: autoDraw = False
137.6560 	EXP 	line2: autoDraw = False
137.6560 	EXP 	line3: autoDraw = False
137.6560 	EXP 	line4: autoDraw = False
137.6560 	EXP 	protrianglefixation: autoDraw = False
137.6560 	EXP 	Fixation: autoDraw = True
137.7755 	EXP 	Device response: <KeyPress from None: t=137.63707758300006, value=z, duration=0.13627508399804356>
138.6435 	EXP 	line1: autoDraw = True
138.6435 	EXP 	line2: autoDraw = True
138.6435 	EXP 	line3: autoDraw = True
138.6435 	EXP 	line4: autoDraw = True
138.6699 	EXP 	Fixation: autoDraw = False
139.6435 	INFO 	Keyboard events cleared
139.6433 	EXP 	protrianglefixation: autoDraw = True
139.9769 	EXP 	Device response: <KeyPress from None: t=139.97199554199688, value=x, duration=None>
139.9774 	EXP 	New trial (rep=12, index=1): <Trial 49 (1 in rep 12) data={'pos': np.int64(150), 'corr_resp': 'v', 'thisN': 49, 'thisTrialN': 1, 'thisRepN': 12}>
139.9835 	DATA 	Keypress: x
139.9889 	EXP 	Fixation: autoDraw = False
139.9889 	EXP 	line1: autoDraw = False
139.9889 	EXP 	line2: autoDraw = False
139.9889 	EXP 	line3: autoDraw = False
139.9889 	EXP 	line4: autoDraw = False
139.9889 	EXP 	protrianglefixation: autoDraw = False
139.9889 	EXP 	Fixation: autoDraw = True
140.1211 	EXP 	Device response: <KeyPress from None: t=139.97199554199688, value=x, duration=0.14437695800006622>
140.9772 	EXP 	line1: autoDraw = True
140.9772 	EXP 	line2: autoDraw = True
140.9772 	EXP 	line3: autoDraw = True
140.9772 	EXP 	line4: autoDraw = True
141.0032 	EXP 	Fixation: autoDraw = False
141.9769 	INFO 	Keyboard events cleared
141.9767 	EXP 	protrianglefixation: autoDraw = True
142.8699 	EXP 	Device response: <KeyPress from None: t=142.86501766699803, value=v, duration=None>
142.8705 	EXP 	New trial (rep=12, index=2): <Trial 50 (2 in rep 12) data={'pos': np.int64(50), 'corr_resp': 'c', 'thisN': 50, 'thisTrialN': 2, 'thisRepN': 12}>
142.8768 	DATA 	Keypress: v
142.8821 	EXP 	Fixation: autoDraw = False
142.8821 	EXP 	line1: autoDraw = False
142.8821 	EXP 	line2: autoDraw = False
142.8821 	EXP 	line3: autoDraw = False
142.8821 	EXP 	line4: autoDraw = False
142.8821 	EXP 	protrianglefixation: autoDraw = False
142.8821 	EXP 	Fixation: autoDraw = True
142.9867 	EXP 	Device response: <KeyPress from None: t=142.86501766699803, value=v, duration=0.11633141600032104>
143.8683 	EXP 	line1: autoDraw = True
143.8683 	EXP 	line2: autoDraw = True
143.8683 	EXP 	line3: autoDraw = True
143.8683 	EXP 	line4: autoDraw = True
143.8756 	EXP 	Fixation: autoDraw = False
144.8687 	INFO 	Keyboard events cleared
144.8685 	EXP 	protrianglefixation: autoDraw = True
145.4106 	EXP 	Device response: <KeyPress from None: t=145.40889691699704, value=x, duration=None>
145.4112 	EXP 	New trial (rep=12, index=3): <Trial 51 (3 in rep 12) data={'pos': np.int64(-150), 'corr_resp': 'z', 'thisN': 51, 'thisTrialN': 3, 'thisRepN': 12}>
145.4172 	DATA 	Keypress: x
145.4228 	EXP 	Fixation: autoDraw = False
145.4228 	EXP 	line1: autoDraw = False
145.4228 	EXP 	line2: autoDraw = False
145.4228 	EXP 	line3: autoDraw = False
145.4228 	EXP 	line4: autoDraw = False
145.4228 	EXP 	protrianglefixation: autoDraw = False
145.4228 	EXP 	Fixation: autoDraw = True
145.5868 	EXP 	Device response: <KeyPress from None: t=145.40889691699704, value=x, duration=0.16827583300255355>
146.4103 	EXP 	line1: autoDraw = True
146.4103 	EXP 	line2: autoDraw = True
146.4103 	EXP 	line3: autoDraw = True
146.4103 	EXP 	line4: autoDraw = True
146.4364 	EXP 	Fixation: autoDraw = False
147.4100 	INFO 	Keyboard events cleared
147.4098 	EXP 	protrianglefixation: autoDraw = True
147.8381 	EXP 	Device response: <KeyPress from None: t=147.83294362499873, value=z, duration=None>
147.8386 	EXP 	New trial (rep=13, index=0): <Trial 52 (0 in rep 13) data={'pos': np.int64(-50), 'corr_resp': 'x', 'thisN': 52, 'thisTrialN': 0, 'thisRepN': 13}>
147.8450 	DATA 	Keypress: z
147.8502 	EXP 	Fixation: autoDraw = False
147.8502 	EXP 	line1: autoDraw = False
147.8502 	EXP 	line2: autoDraw = False
147.8502 	EXP 	line3: autoDraw = False
147.8502 	EXP 	line4: autoDraw = False
147.8502 	EXP 	protrianglefixation: autoDraw = False
147.8502 	EXP 	Fixation: autoDraw = True
147.9599 	EXP 	Device response: <KeyPress from None: t=147.83294362499873, value=z, duration=0.1242301669990411>
148.8350 	EXP 	line1: autoDraw = True
148.8350 	EXP 	line2: autoDraw = True
148.8350 	EXP 	line3: autoDraw = True
148.8350 	EXP 	line4: autoDraw = True
148.8423 	EXP 	Fixation: autoDraw = False
149.8354 	INFO 	Keyboard events cleared
149.8352 	EXP 	protrianglefixation: autoDraw = True
150.1865 	EXP 	Device response: <KeyPress from None: t=150.18483112499962, value=x, duration=None>
150.1871 	EXP 	New trial (rep=13, index=1): <Trial 53 (1 in rep 13) data={'pos': np.int64(150), 'corr_resp': 'v', 'thisN': 53, 'thisTrialN': 1, 'thisRepN': 13}>
150.1934 	DATA 	Keypress: x
150.1987 	EXP 	Fixation: autoDraw = False
150.1987 	EXP 	line1: autoDraw = False
150.1987 	EXP 	line2: autoDraw = False
150.1987 	EXP 	line3: autoDraw = False
150.1987 	EXP 	line4: autoDraw = False
150.1987 	EXP 	protrianglefixation: autoDraw = False
150.1987 	EXP 	Fixation: autoDraw = True
150.3104 	EXP 	Device response: <KeyPress from None: t=150.18483112499962, value=x, duration=0.12020879199917545>
151.1850 	EXP 	line1: autoDraw = True
151.1850 	EXP 	line2: autoDraw = True
151.1850 	EXP 	line3: autoDraw = True
151.1850 	EXP 	line4: autoDraw = True
151.1924 	EXP 	Fixation: autoDraw = False
152.1852 	INFO 	Keyboard events cleared
152.1850 	EXP 	protrianglefixation: autoDraw = True
152.7201 	EXP 	Device response: <KeyPress from None: t=152.7136846249996, value=v, duration=None>
152.7206 	EXP 	New trial (rep=13, index=2): <Trial 54 (2 in rep 13) data={'pos': np.int64(50), 'corr_resp': 'c', 'thisN': 54, 'thisTrialN': 2, 'thisRepN': 13}>
152.7267 	DATA 	Keypress: v
152.7317 	EXP 	Fixation: autoDraw = False
152.7317 	EXP 	line1: autoDraw = False
152.7317 	EXP 	line2: autoDraw = False
152.7317 	EXP 	line3: autoDraw = False
152.7317 	EXP 	line4: autoDraw = False
152.7317 	EXP 	protrianglefixation: autoDraw = False
152.7317 	EXP 	Fixation: autoDraw = True
152.8368 	EXP 	Device response: <KeyPress from None: t=152.7136846249996, value=v, duration=0.11640583299958962>
153.7190 	EXP 	line1: autoDraw = True
153.7190 	EXP 	line2: autoDraw = True
153.7190 	EXP 	line3: autoDraw = True
153.7190 	EXP 	line4: autoDraw = True
153.7258 	EXP 	Fixation: autoDraw = False
154.7185 	INFO 	Keyboard events cleared
154.7183 	EXP 	protrianglefixation: autoDraw = True
155.4767 	EXP 	Device response: <KeyPress from None: t=155.47362687499844, value=c, duration=None>
155.4772 	EXP 	New trial (rep=13, index=3): <Trial 55 (3 in rep 13) data={'pos': np.int64(-150), 'corr_resp': 'z', 'thisN': 55, 'thisTrialN': 3, 'thisRepN': 13}>
155.4834 	DATA 	Keypress: c
155.4887 	EXP 	Fixation: autoDraw = False
155.4887 	EXP 	line1: autoDraw = False
155.4887 	EXP 	line2: autoDraw = False
155.4887 	EXP 	line3: autoDraw = False
155.4887 	EXP 	line4: autoDraw = False
155.4887 	EXP 	protrianglefixation: autoDraw = False
155.4887 	EXP 	Fixation: autoDraw = True
155.6048 	EXP 	Device response: <KeyPress from None: t=155.47362687499844, value=c, duration=0.1284057919983752>
156.4683 	EXP 	line1: autoDraw = True
156.4683 	EXP 	line2: autoDraw = True
156.4683 	EXP 	line3: autoDraw = True
156.4683 	EXP 	line4: autoDraw = True
156.4851 	EXP 	Fixation: autoDraw = False
157.4761 	INFO 	Keyboard events cleared
157.4760 	EXP 	protrianglefixation: autoDraw = True
157.8269 	EXP 	Device response: <KeyPress from None: t=157.82563041699905, value=z, duration=None>
157.8274 	EXP 	New trial (rep=14, index=0): <Trial 56 (0 in rep 14) data={'pos': np.int64(-50), 'corr_resp': 'x', 'thisN': 56, 'thisTrialN': 0, 'thisRepN': 14}>
157.8332 	DATA 	Keypress: z
157.8390 	EXP 	Fixation: autoDraw = False
157.8390 	EXP 	line1: autoDraw = False
157.8390 	EXP 	line2: autoDraw = False
157.8390 	EXP 	line3: autoDraw = False
157.8390 	EXP 	line4: autoDraw = False
157.8390 	EXP 	protrianglefixation: autoDraw = False
157.8390 	EXP 	Fixation: autoDraw = True
157.9542 	EXP 	Device response: <KeyPress from None: t=157.82563041699905, value=z, duration=0.12439295799777028>
158.8183 	EXP 	line1: autoDraw = True
158.8183 	EXP 	line2: autoDraw = True
158.8183 	EXP 	line3: autoDraw = True
158.8183 	EXP 	line4: autoDraw = True
158.8351 	EXP 	Fixation: autoDraw = False
159.8263 	INFO 	Keyboard events cleared
159.8261 	EXP 	protrianglefixation: autoDraw = True
160.1941 	EXP 	Device response: <KeyPress from None: t=160.19067879199793, value=x, duration=None>
160.1945 	EXP 	New trial (rep=14, index=1): <Trial 57 (1 in rep 14) data={'pos': np.int64(150), 'corr_resp': 'v', 'thisN': 57, 'thisTrialN': 1, 'thisRepN': 14}>
160.2006 	DATA 	Keypress: x
160.2062 	EXP 	Fixation: autoDraw = False
160.2062 	EXP 	line1: autoDraw = False
160.2062 	EXP 	line2: autoDraw = False
160.2062 	EXP 	line3: autoDraw = False
160.2062 	EXP 	line4: autoDraw = False
160.2062 	EXP 	protrianglefixation: autoDraw = False
160.2062 	EXP 	Fixation: autoDraw = True
160.3369 	EXP 	Device response: <KeyPress from None: t=160.19067879199793, value=x, duration=0.136237999999139>
161.1932 	EXP 	line1: autoDraw = True
161.1932 	EXP 	line2: autoDraw = True
161.1932 	EXP 	line3: autoDraw = True
161.1932 	EXP 	line4: autoDraw = True
161.2016 	EXP 	Fixation: autoDraw = False
162.1931 	INFO 	Keyboard events cleared
162.1929 	EXP 	protrianglefixation: autoDraw = True
162.4863 	EXP 	Device response: <KeyPress from None: t=162.47649233300035, value=v, duration=None>
162.4868 	EXP 	New trial (rep=14, index=2): <Trial 58 (2 in rep 14) data={'pos': np.int64(50), 'corr_resp': 'c', 'thisN': 58, 'thisTrialN': 2, 'thisRepN': 14}>
162.4928 	DATA 	Keypress: v
162.4981 	EXP 	Fixation: autoDraw = False
162.4981 	EXP 	line1: autoDraw = False
162.4981 	EXP 	line2: autoDraw = False
162.4981 	EXP 	line3: autoDraw = False
162.4981 	EXP 	line4: autoDraw = False
162.4981 	EXP 	protrianglefixation: autoDraw = False
162.4981 	EXP 	Fixation: autoDraw = True
162.6034 	EXP 	Device response: <KeyPress from None: t=162.47649233300035, value=v, duration=0.12433149999924353>
163.4849 	EXP 	line1: autoDraw = True
163.4849 	EXP 	line2: autoDraw = True
163.4849 	EXP 	line3: autoDraw = True
163.4849 	EXP 	line4: autoDraw = True
163.4929 	EXP 	Fixation: autoDraw = False
164.4854 	INFO 	Keyboard events cleared
164.4852 	EXP 	protrianglefixation: autoDraw = True
164.9941 	EXP 	Device response: <KeyPress from None: t=164.9914993329985, value=c, duration=None>
164.9945 	EXP 	New trial (rep=14, index=3): <Trial 59 (3 in rep 14) data={'pos': np.int64(-150), 'corr_resp': 'z', 'thisN': 59, 'thisTrialN': 3, 'thisRepN': 14}>
165.0004 	DATA 	Keypress: c
165.0058 	EXP 	Fixation: autoDraw = False
165.0058 	EXP 	line1: autoDraw = False
165.0058 	EXP 	line2: autoDraw = False
165.0058 	EXP 	line3: autoDraw = False
165.0058 	EXP 	line4: autoDraw = False
165.0058 	EXP 	protrianglefixation: autoDraw = False
165.0058 	EXP 	Fixation: autoDraw = True
165.1379 	EXP 	Device response: <KeyPress from None: t=164.9914993329985, value=c, duration=0.1403195839993714>
165.9930 	EXP 	line1: autoDraw = True
165.9930 	EXP 	line2: autoDraw = True
165.9930 	EXP 	line3: autoDraw = True
165.9930 	EXP 	line4: autoDraw = True
166.0020 	EXP 	Fixation: autoDraw = False
166.9929 	INFO 	Keyboard events cleared
166.9928 	EXP 	protrianglefixation: autoDraw = True
167.4102 	EXP 	Device response: <KeyPress from None: t=167.4054460829975, value=z, duration=None>
167.4106 	EXP 	New trial (rep=15, index=0): <Trial 60 (0 in rep 15) data={'pos': np.int64(-50), 'corr_resp': 'x', 'thisN': 60, 'thisTrialN': 0, 'thisRepN': 15}>
167.4165 	DATA 	Keypress: z
167.4224 	EXP 	Fixation: autoDraw = False
167.4224 	EXP 	line1: autoDraw = False
167.4224 	EXP 	line2: autoDraw = False
167.4224 	EXP 	line3: autoDraw = False
167.4224 	EXP 	line4: autoDraw = False
167.4224 	EXP 	protrianglefixation: autoDraw = False
167.4224 	EXP 	Fixation: autoDraw = True
167.5376 	EXP 	Device response: <KeyPress from None: t=167.4054460829975, value=z, duration=0.1242471250006929>
168.4099 	EXP 	line1: autoDraw = True
168.4099 	EXP 	line2: autoDraw = True
168.4099 	EXP 	line3: autoDraw = True
168.4099 	EXP 	line4: autoDraw = True
168.4193 	EXP 	Fixation: autoDraw = False
169.4105 	INFO 	Keyboard events cleared
169.4103 	EXP 	protrianglefixation: autoDraw = True
169.7869 	EXP 	Device response: <KeyPress from None: t=169.78036695799892, value=x, duration=None>
169.7874 	EXP 	New trial (rep=15, index=1): <Trial 61 (1 in rep 15) data={'pos': np.int64(150), 'corr_resp': 'v', 'thisN': 61, 'thisTrialN': 1, 'thisRepN': 15}>
169.7930 	DATA 	Keypress: x
169.7978 	EXP 	Fixation: autoDraw = False
169.7978 	EXP 	line1: autoDraw = False
169.7978 	EXP 	line2: autoDraw = False
169.7978 	EXP 	line3: autoDraw = False
169.7978 	EXP 	line4: autoDraw = False
169.7978 	EXP 	protrianglefixation: autoDraw = False
169.7978 	EXP 	Fixation: autoDraw = True
169.9937 	EXP 	Device response: <KeyPress from None: t=169.78036695799892, value=x, duration=0.20838187499975902>
170.7851 	EXP 	line1: autoDraw = True
170.7851 	EXP 	line2: autoDraw = True
170.7851 	EXP 	line3: autoDraw = True
170.7851 	EXP 	line4: autoDraw = True
170.7930 	EXP 	Fixation: autoDraw = False
171.7851 	INFO 	Keyboard events cleared
171.7849 	EXP 	protrianglefixation: autoDraw = True
172.0862 	EXP 	Device response: <KeyPress from None: t=172.07731783299823, value=v, duration=None>
172.0866 	EXP 	New trial (rep=15, index=2): <Trial 62 (2 in rep 15) data={'pos': np.int64(50), 'corr_resp': 'c', 'thisN': 62, 'thisTrialN': 2, 'thisRepN': 15}>
172.0920 	DATA 	Keypress: v
172.0969 	EXP 	Fixation: autoDraw = False
172.0969 	EXP 	line1: autoDraw = False
172.0969 	EXP 	line2: autoDraw = False
172.0969 	EXP 	line3: autoDraw = False
172.0969 	EXP 	line4: autoDraw = False
172.0969 	EXP 	protrianglefixation: autoDraw = False
172.0969 	EXP 	Fixation: autoDraw = True
172.2197 	EXP 	Device response: <KeyPress from None: t=172.07731783299823, value=v, duration=0.13220895899939933>
173.0760 	EXP 	line1: autoDraw = True
173.0760 	EXP 	line2: autoDraw = True
173.0760 	EXP 	line3: autoDraw = True
173.0760 	EXP 	line4: autoDraw = True
173.0923 	EXP 	Fixation: autoDraw = False
174.0851 	INFO 	Keyboard events cleared
174.0849 	EXP 	protrianglefixation: autoDraw = True
174.3878 	EXP 	Device response: <KeyPress from None: t=174.37225149999722, value=c, duration=None>
174.3882 	EXP 	New trial (rep=15, index=3): <Trial 63 (3 in rep 15) data={'pos': np.int64(-150), 'corr_resp': 'z', 'thisN': 63, 'thisTrialN': 3, 'thisRepN': 15}>
174.3934 	DATA 	Keypress: c
174.3979 	EXP 	Fixation: autoDraw = False
174.3979 	EXP 	line1: autoDraw = False
174.3979 	EXP 	line2: autoDraw = False
174.3979 	EXP 	line3: autoDraw = False
174.3979 	EXP 	line4: autoDraw = False
174.3979 	EXP 	protrianglefixation: autoDraw = False
174.3979 	EXP 	Fixation: autoDraw = True
174.4939 	EXP 	Device response: <KeyPress from None: t=174.37225149999722, value=c, duration=0.12032245800219243>
175.3849 	EXP 	line1: autoDraw = True
175.3849 	EXP 	line2: autoDraw = True
175.3849 	EXP 	line3: autoDraw = True
175.3849 	EXP 	line4: autoDraw = True
175.3922 	EXP 	Fixation: autoDraw = False
176.3857 	INFO 	Keyboard events cleared
176.3855 	EXP 	protrianglefixation: autoDraw = True
176.7214 	EXP 	Device response: <KeyPress from None: t=176.70014870799787, value=z, duration=None>
176.7218 	EXP 	New trial (rep=16, index=0): <Trial 64 (0 in rep 16) data={'pos': np.int64(-50), 'corr_resp': 'x', 'thisN': 64, 'thisTrialN': 0, 'thisRepN': 16}>
176.7279 	DATA 	Keypress: z
176.7351 	EXP 	Fixation: autoDraw = False
176.7351 	EXP 	line1: autoDraw = False
176.7351 	EXP 	line2: autoDraw = False
176.7351 	EXP 	line3: autoDraw = False
176.7351 	EXP 	line4: autoDraw = False
176.7351 	EXP 	protrianglefixation: autoDraw = False
176.7351 	EXP 	Fixation: autoDraw = True
176.8535 	EXP 	Device response: <KeyPress from None: t=176.70014870799787, value=z, duration=0.15232512500006123>
177.7182 	EXP 	line1: autoDraw = True
177.7182 	EXP 	line2: autoDraw = True
177.7182 	EXP 	line3: autoDraw = True
177.7182 	EXP 	line4: autoDraw = True
177.7260 	EXP 	Fixation: autoDraw = False
178.7366 	INFO 	Keyboard events cleared
178.7364 	EXP 	protrianglefixation: autoDraw = True
179.0045 	EXP 	Device response: <KeyPress from None: t=178.9953205419988, value=x, duration=None>
179.0050 	EXP 	New trial (rep=16, index=1): <Trial 65 (1 in rep 16) data={'pos': np.int64(150), 'corr_resp': 'v', 'thisN': 65, 'thisTrialN': 1, 'thisRepN': 16}>
179.0116 	DATA 	Keypress: x
179.0166 	EXP 	Fixation: autoDraw = False
179.0166 	EXP 	line1: autoDraw = False
179.0166 	EXP 	line2: autoDraw = False
179.0166 	EXP 	line3: autoDraw = False
179.0166 	EXP 	line4: autoDraw = False
179.0166 	EXP 	protrianglefixation: autoDraw = False
179.0166 	EXP 	Fixation: autoDraw = True
179.1383 	EXP 	Device response: <KeyPress from None: t=178.9953205419988, value=x, duration=0.14016350000019884>
180.0021 	EXP 	line1: autoDraw = True
180.0021 	EXP 	line2: autoDraw = True
180.0021 	EXP 	line3: autoDraw = True
180.0021 	EXP 	line4: autoDraw = True
180.0092 	EXP 	Fixation: autoDraw = False
181.0022 	INFO 	Keyboard events cleared
181.0020 	EXP 	protrianglefixation: autoDraw = True
181.3366 	EXP 	Device response: <KeyPress from None: t=181.32704804199966, value=v, duration=None>
181.3371 	EXP 	New trial (rep=16, index=2): <Trial 66 (2 in rep 16) data={'pos': np.int64(50), 'corr_resp': 'c', 'thisN': 66, 'thisTrialN': 2, 'thisRepN': 16}>
181.3434 	DATA 	Keypress: v
181.3485 	EXP 	Fixation: autoDraw = False
181.3485 	EXP 	line1: autoDraw = False
181.3485 	EXP 	line2: autoDraw = False
181.3485 	EXP 	line3: autoDraw = False
181.3485 	EXP 	line4: autoDraw = False
181.3485 	EXP 	protrianglefixation: autoDraw = False
181.3485 	EXP 	Fixation: autoDraw = True
181.4702 	EXP 	Device response: <KeyPress from None: t=181.32704804199966, value=v, duration=0.140367874999356>
182.3268 	EXP 	line1: autoDraw = True
182.3268 	EXP 	line2: autoDraw = True
182.3268 	EXP 	line3: autoDraw = True
182.3268 	EXP 	line4: autoDraw = True
182.3425 	EXP 	Fixation: autoDraw = False
183.3356 	INFO 	Keyboard events cleared
183.3355 	EXP 	protrianglefixation: autoDraw = True
183.6533 	EXP 	Device response: <KeyPress from None: t=183.65103299999828, value=c, duration=None>
183.6537 	EXP 	New trial (rep=16, index=3): <Trial 67 (3 in rep 16) data={'pos': np.int64(-150), 'corr_resp': 'z', 'thisN': 67, 'thisTrialN': 3, 'thisRepN': 16}>
183.6597 	DATA 	Keypress: c
183.6650 	EXP 	Fixation: autoDraw = False
183.6650 	EXP 	line1: autoDraw = False
183.6650 	EXP 	line2: autoDraw = False
183.6650 	EXP 	line3: autoDraw = False
183.6650 	EXP 	line4: autoDraw = False
183.6650 	EXP 	protrianglefixation: autoDraw = False
183.6650 	EXP 	Fixation: autoDraw = True
183.7934 	EXP 	Device response: <KeyPress from None: t=183.65103299999828, value=c, duration=0.14026308300162782>
184.6520 	EXP 	line1: autoDraw = True
184.6520 	EXP 	line2: autoDraw = True
184.6520 	EXP 	line3: autoDraw = True
184.6520 	EXP 	line4: autoDraw = True
184.6592 	EXP 	Fixation: autoDraw = False
185.6521 	INFO 	Keyboard events cleared
185.6519 	EXP 	protrianglefixation: autoDraw = True
185.9199 	EXP 	Device response: <KeyPress from None: t=185.9109577499985, value=z, duration=None>
185.9204 	EXP 	New trial (rep=17, index=0): <Trial 68 (0 in rep 17) data={'pos': np.int64(-50), 'corr_resp': 'x', 'thisN': 68, 'thisTrialN': 0, 'thisRepN': 17}>
185.9263 	DATA 	Keypress: z
185.9312 	EXP 	Fixation: autoDraw = False
185.9312 	EXP 	line1: autoDraw = False
185.9312 	EXP 	line2: autoDraw = False
185.9312 	EXP 	line3: autoDraw = False
185.9312 	EXP 	line4: autoDraw = False
185.9312 	EXP 	protrianglefixation: autoDraw = False
185.9312 	EXP 	Fixation: autoDraw = True
186.0606 	EXP 	Device response: <KeyPress from None: t=185.9109577499985, value=z, duration=0.14825883299999987>
186.9188 	EXP 	line1: autoDraw = True
186.9188 	EXP 	line2: autoDraw = True
186.9188 	EXP 	line3: autoDraw = True
186.9188 	EXP 	line4: autoDraw = True
186.9259 	EXP 	Fixation: autoDraw = False
187.9189 	INFO 	Keyboard events cleared
187.9187 	EXP 	protrianglefixation: autoDraw = True
188.7774 	EXP 	Device response: <KeyPress from None: t=188.770893916997, value=x, duration=None>
188.7778 	EXP 	New trial (rep=17, index=1): <Trial 69 (1 in rep 17) data={'pos': np.int64(150), 'corr_resp': 'v', 'thisN': 69, 'thisTrialN': 1, 'thisRepN': 17}>
188.7835 	DATA 	Keypress: x
188.7889 	EXP 	Fixation: autoDraw = False
188.7889 	EXP 	line1: autoDraw = False
188.7889 	EXP 	line2: autoDraw = False
188.7889 	EXP 	line3: autoDraw = False
188.7889 	EXP 	line4: autoDraw = False
188.7889 	EXP 	protrianglefixation: autoDraw = False
188.7889 	EXP 	Fixation: autoDraw = True
188.9094 	EXP 	Device response: <KeyPress from None: t=188.770893916997, value=x, duration=0.13630112500322866>
189.7761 	EXP 	line1: autoDraw = True
189.7761 	EXP 	line2: autoDraw = True
189.7761 	EXP 	line3: autoDraw = True
189.7761 	EXP 	line4: autoDraw = True
189.7854 	EXP 	Fixation: autoDraw = False
190.7765 	INFO 	Keyboard events cleared
190.7763 	EXP 	protrianglefixation: autoDraw = True
191.0538 	EXP 	Device response: <KeyPress from None: t=191.04376954199688, value=v, duration=None>
191.0544 	EXP 	New trial (rep=17, index=2): <Trial 70 (2 in rep 17) data={'pos': np.int64(50), 'corr_resp': 'c', 'thisN': 70, 'thisTrialN': 2, 'thisRepN': 17}>
191.0605 	DATA 	Keypress: v
191.0655 	EXP 	Fixation: autoDraw = False
191.0655 	EXP 	line1: autoDraw = False
191.0655 	EXP 	line2: autoDraw = False
191.0655 	EXP 	line3: autoDraw = False
191.0655 	EXP 	line4: autoDraw = False
191.0655 	EXP 	protrianglefixation: autoDraw = False
191.0655 	EXP 	Fixation: autoDraw = True
191.1941 	EXP 	Device response: <KeyPress from None: t=191.04376954199688, value=v, duration=0.14848833300129627>
192.0520 	EXP 	line1: autoDraw = True
192.0520 	EXP 	line2: autoDraw = True
192.0520 	EXP 	line3: autoDraw = True
192.0520 	EXP 	line4: autoDraw = True
192.0592 	EXP 	Fixation: autoDraw = False
193.0525 	INFO 	Keyboard events cleared
193.0523 	EXP 	protrianglefixation: autoDraw = True
193.3702 	EXP 	Device response: <KeyPress from None: t=193.36174216699874, value=c, duration=None>
193.3708 	EXP 	New trial (rep=17, index=3): <Trial 71 (3 in rep 17) data={'pos': np.int64(-150), 'corr_resp': 'z', 'thisN': 71, 'thisTrialN': 3, 'thisRepN': 17}>
193.3772 	DATA 	Keypress: c
193.3822 	EXP 	Fixation: autoDraw = False
193.3822 	EXP 	line1: autoDraw = False
193.3822 	EXP 	line2: autoDraw = False
193.3822 	EXP 	line3: autoDraw = False
193.3822 	EXP 	line4: autoDraw = False
193.3822 	EXP 	protrianglefixation: autoDraw = False
193.3822 	EXP 	Fixation: autoDraw = True
193.4766 	EXP 	Device response: <KeyPress from None: t=193.36174216699874, value=c, duration=0.11234816599971964>
194.3689 	EXP 	line1: autoDraw = True
194.3689 	EXP 	line2: autoDraw = True
194.3689 	EXP 	line3: autoDraw = True
194.3689 	EXP 	line4: autoDraw = True
194.3755 	EXP 	Fixation: autoDraw = False
195.3688 	INFO 	Keyboard events cleared
195.3686 	EXP 	protrianglefixation: autoDraw = True
195.6440 	EXP 	Device response: <KeyPress from None: t=195.6417272079998, value=z, duration=None>
195.6445 	EXP 	New trial (rep=18, index=0): <Trial 72 (0 in rep 18) data={'pos': np.int64(-50), 'corr_resp': 'x', 'thisN': 72, 'thisTrialN': 0, 'thisRepN': 18}>
195.6502 	DATA 	Keypress: z
195.6556 	EXP 	Fixation: autoDraw = False
195.6556 	EXP 	line1: autoDraw = False
195.6556 	EXP 	line2: autoDraw = False
195.6556 	EXP 	line3: autoDraw = False
195.6556 	EXP 	line4: autoDraw = False
195.6556 	EXP 	protrianglefixation: autoDraw = False
195.6556 	EXP 	Fixation: autoDraw = True
195.7943 	EXP 	Device response: <KeyPress from None: t=195.6417272079998, value=z, duration=0.14429833399844938>
196.6424 	EXP 	line1: autoDraw = True
196.6424 	EXP 	line2: autoDraw = True
196.6424 	EXP 	line3: autoDraw = True
196.6424 	EXP 	line4: autoDraw = True
196.6522 	EXP 	Fixation: autoDraw = False
197.6534 	INFO 	Keyboard events cleared
197.6531 	EXP 	protrianglefixation: autoDraw = True
197.9367 	EXP 	Device response: <KeyPress from None: t=197.93057620800028, value=x, duration=None>
197.9371 	EXP 	New trial (rep=18, index=1): <Trial 73 (1 in rep 18) data={'pos': np.int64(150), 'corr_resp': 'v', 'thisN': 73, 'thisTrialN': 1, 'thisRepN': 18}>
197.9430 	DATA 	Keypress: x
197.9478 	EXP 	Fixation: autoDraw = False
197.9478 	EXP 	line1: autoDraw = False
197.9478 	EXP 	line2: autoDraw = False
197.9478 	EXP 	line3: autoDraw = False
197.9478 	EXP 	line4: autoDraw = False
197.9478 	EXP 	protrianglefixation: autoDraw = False
197.9478 	EXP 	Fixation: autoDraw = True
198.0603 	EXP 	Device response: <KeyPress from None: t=197.93057620800028, value=x, duration=0.12841183399723377>
198.9270 	EXP 	line1: autoDraw = True
198.9270 	EXP 	line2: autoDraw = True
198.9270 	EXP 	line3: autoDraw = True
198.9270 	EXP 	line4: autoDraw = True
198.9433 	EXP 	Fixation: autoDraw = False
199.9533 	INFO 	Keyboard events cleared
199.9531 	EXP 	protrianglefixation: autoDraw = True
200.2533 	EXP 	Device response: <KeyPress from None: t=200.24462704199686, value=v, duration=None>
200.2537 	EXP 	New trial (rep=18, index=2): <Trial 74 (2 in rep 18) data={'pos': np.int64(50), 'corr_resp': 'c', 'thisN': 74, 'thisTrialN': 2, 'thisRepN': 18}>
200.2592 	DATA 	Keypress: v
200.2641 	EXP 	Fixation: autoDraw = False
200.2641 	EXP 	line1: autoDraw = False
200.2641 	EXP 	line2: autoDraw = False
200.2641 	EXP 	line3: autoDraw = False
200.2641 	EXP 	line4: autoDraw = False
200.2641 	EXP 	protrianglefixation: autoDraw = False
200.2641 	EXP 	Fixation: autoDraw = True
200.3940 	EXP 	Device response: <KeyPress from None: t=200.24462704199686, value=v, duration=0.14735562500209198>
201.2521 	EXP 	line1: autoDraw = True
201.2521 	EXP 	line2: autoDraw = True
201.2521 	EXP 	line3: autoDraw = True
201.2521 	EXP 	line4: autoDraw = True
201.2594 	EXP 	Fixation: autoDraw = False
202.2521 	INFO 	Keyboard events cleared
202.2520 	EXP 	protrianglefixation: autoDraw = True
202.7277 	EXP 	Device response: <KeyPress from None: t=202.720625791997, value=c, duration=None>
202.7281 	EXP 	New trial (rep=18, index=3): <Trial 75 (3 in rep 18) data={'pos': np.int64(-150), 'corr_resp': 'z', 'thisN': 75, 'thisTrialN': 3, 'thisRepN': 18}>
202.7336 	DATA 	Keypress: c
202.7391 	EXP 	Fixation: autoDraw = False
202.7391 	EXP 	line1: autoDraw = False
202.7391 	EXP 	line2: autoDraw = False
202.7391 	EXP 	line3: autoDraw = False
202.7391 	EXP 	line4: autoDraw = False
202.7391 	EXP 	protrianglefixation: autoDraw = False
202.7391 	EXP 	Fixation: autoDraw = True
202.9033 	EXP 	Device response: <KeyPress from None: t=202.720625791997, value=c, duration=0.18028050000066287>
203.7266 	EXP 	line1: autoDraw = True
203.7266 	EXP 	line2: autoDraw = True
203.7266 	EXP 	line3: autoDraw = True
203.7266 	EXP 	line4: autoDraw = True
203.7355 	EXP 	Fixation: autoDraw = False
204.7266 	INFO 	Keyboard events cleared
204.7264 	EXP 	protrianglefixation: autoDraw = True
205.0605 	EXP 	Device response: <KeyPress from None: t=205.0565162919993, value=z, duration=None>
205.0609 	EXP 	New trial (rep=19, index=0): <Trial 76 (0 in rep 19) data={'pos': np.int64(-50), 'corr_resp': 'x', 'thisN': 76, 'thisTrialN': 0, 'thisRepN': 19}>
205.0666 	DATA 	Keypress: z
205.0716 	EXP 	Fixation: autoDraw = False
205.0716 	EXP 	line1: autoDraw = False
205.0716 	EXP 	line2: autoDraw = False
205.0716 	EXP 	line3: autoDraw = False
205.0716 	EXP 	line4: autoDraw = False
205.0716 	EXP 	protrianglefixation: autoDraw = False
205.0716 	EXP 	Fixation: autoDraw = True
205.1867 	EXP 	Device response: <KeyPress from None: t=205.0565162919993, value=z, duration=0.12835333299881313>
206.0596 	EXP 	line1: autoDraw = True
206.0596 	EXP 	line2: autoDraw = True
206.0596 	EXP 	line3: autoDraw = True
206.0596 	EXP 	line4: autoDraw = True
206.0689 	EXP 	Fixation: autoDraw = False
207.0596 	INFO 	Keyboard events cleared
207.0594 	EXP 	protrianglefixation: autoDraw = True
207.3367 	EXP 	Device response: <KeyPress from None: t=207.329501082997, value=x, duration=None>
207.3373 	EXP 	New trial (rep=19, index=1): <Trial 77 (1 in rep 19) data={'pos': np.int64(150), 'corr_resp': 'v', 'thisN': 77, 'thisTrialN': 1, 'thisRepN': 19}>
207.3431 	DATA 	Keypress: x
207.3479 	EXP 	Fixation: autoDraw = False
207.3479 	EXP 	line1: autoDraw = False
207.3479 	EXP 	line2: autoDraw = False
207.3479 	EXP 	line3: autoDraw = False
207.3479 	EXP 	line4: autoDraw = False
207.3479 	EXP 	protrianglefixation: autoDraw = False
207.3479 	EXP 	Fixation: autoDraw = True
207.4534 	EXP 	Device response: <KeyPress from None: t=207.329501082997, value=x, duration=0.1162875840018387>
208.3356 	EXP 	line1: autoDraw = True
208.3356 	EXP 	line2: autoDraw = True
208.3356 	EXP 	line3: autoDraw = True
208.3356 	EXP 	line4: autoDraw = True
208.3427 	EXP 	Fixation: autoDraw = False
209.3356 	INFO 	Keyboard events cleared
209.3354 	EXP 	protrianglefixation: autoDraw = True
209.6200 	EXP 	Device response: <KeyPress from None: t=209.61147812499985, value=v, duration=None>
209.6204 	EXP 	New trial (rep=19, index=2): <Trial 78 (2 in rep 19) data={'pos': np.int64(50), 'corr_resp': 'c', 'thisN': 78, 'thisTrialN': 2, 'thisRepN': 19}>
209.6267 	DATA 	Keypress: v
209.6317 	EXP 	Fixation: autoDraw = False
209.6317 	EXP 	line1: autoDraw = False
209.6317 	EXP 	line2: autoDraw = False
209.6317 	EXP 	line3: autoDraw = False
209.6317 	EXP 	line4: autoDraw = False
209.6317 	EXP 	protrianglefixation: autoDraw = False
209.6317 	EXP 	Fixation: autoDraw = True
209.7274 	EXP 	Device response: <KeyPress from None: t=209.61147812499985, value=v, duration=0.11237683299987111>
210.6186 	EXP 	line1: autoDraw = True
210.6186 	EXP 	line2: autoDraw = True
210.6186 	EXP 	line3: autoDraw = True
210.6186 	EXP 	line4: autoDraw = True
210.6259 	EXP 	Fixation: autoDraw = False
211.6189 	INFO 	Keyboard events cleared
211.6188 	EXP 	protrianglefixation: autoDraw = True
211.9369 	EXP 	Device response: <KeyPress from None: t=211.93540974999996, value=c, duration=None>
211.9377 	EXP 	New trial (rep=19, index=3): <Trial 79 (3 in rep 19) data={'pos': np.int64(-150), 'corr_resp': 'z', 'thisN': 79, 'thisTrialN': 3, 'thisRepN': 19}>
211.9436 	DATA 	Keypress: c
211.9487 	EXP 	Fixation: autoDraw = False
211.9487 	EXP 	line1: autoDraw = False
211.9487 	EXP 	line2: autoDraw = False
211.9487 	EXP 	line3: autoDraw = False
211.9487 	EXP 	line4: autoDraw = False
211.9487 	EXP 	protrianglefixation: autoDraw = False
211.9487 	EXP 	Fixation: autoDraw = True
212.1039 	EXP 	Device response: <KeyPress from None: t=211.93540974999996, value=c, duration=0.16029204199730884>
212.9354 	EXP 	line1: autoDraw = True
212.9354 	EXP 	line2: autoDraw = True
212.9354 	EXP 	line3: autoDraw = True
212.9354 	EXP 	line4: autoDraw = True
212.9422 	EXP 	Fixation: autoDraw = False
213.9356 	INFO 	Keyboard events cleared
213.9354 	EXP 	protrianglefixation: autoDraw = True
214.2202 	EXP 	Device response: <KeyPress from None: t=214.21733099999983, value=z, duration=None>
214.2208 	EXP 	New trial (rep=20, index=0): <Trial 80 (0 in rep 20) data={'pos': np.int64(-50), 'corr_resp': 'x', 'thisN': 80, 'thisTrialN': 0, 'thisRepN': 20}>
214.2270 	DATA 	Keypress: z
214.2320 	EXP 	Fixation: autoDraw = False
214.2320 	EXP 	line1: autoDraw = False
214.2320 	EXP 	line2: autoDraw = False
214.2320 	EXP 	line3: autoDraw = False
214.2320 	EXP 	line4: autoDraw = False
214.2320 	EXP 	protrianglefixation: autoDraw = False
214.2320 	EXP 	Fixation: autoDraw = True
214.3368 	EXP 	Device response: <KeyPress from None: t=214.21733099999983, value=z, duration=0.11627999999836902>
215.2187 	EXP 	line1: autoDraw = True
215.2187 	EXP 	line2: autoDraw = True
215.2187 	EXP 	line3: autoDraw = True
215.2187 	EXP 	line4: autoDraw = True
215.2260 	EXP 	Fixation: autoDraw = False
216.2190 	INFO 	Keyboard events cleared
216.2188 	EXP 	protrianglefixation: autoDraw = True
216.4437 	EXP 	Device response: <KeyPress from None: t=216.44126074999804, value=x, duration=None>
216.4441 	EXP 	New trial (rep=20, index=1): <Trial 81 (1 in rep 20) data={'pos': np.int64(150), 'corr_resp': 'v', 'thisN': 81, 'thisTrialN': 1, 'thisRepN': 20}>
216.4497 	DATA 	Keypress: x
216.4551 	EXP 	Fixation: autoDraw = False
216.4551 	EXP 	line1: autoDraw = False
216.4551 	EXP 	line2: autoDraw = False
216.4551 	EXP 	line3: autoDraw = False
216.4551 	EXP 	line4: autoDraw = False
216.4551 	EXP 	protrianglefixation: autoDraw = False
216.4551 	EXP 	Fixation: autoDraw = True
216.5704 	EXP 	Device response: <KeyPress from None: t=216.44126074999804, value=x, duration=0.12035008300154004>
217.4429 	EXP 	line1: autoDraw = True
217.4429 	EXP 	line2: autoDraw = True
217.4429 	EXP 	line3: autoDraw = True
217.4429 	EXP 	line4: autoDraw = True
217.4521 	EXP 	Fixation: autoDraw = False
218.4428 	INFO 	Keyboard events cleared
218.4426 	EXP 	protrianglefixation: autoDraw = True
218.7369 	EXP 	Device response: <KeyPress from None: t=218.72916570799862, value=v, duration=None>
218.7375 	EXP 	New trial (rep=20, index=2): <Trial 82 (2 in rep 20) data={'pos': np.int64(50), 'corr_resp': 'c', 'thisN': 82, 'thisTrialN': 2, 'thisRepN': 20}>
218.7435 	DATA 	Keypress: v
218.7485 	EXP 	Fixation: autoDraw = False
218.7485 	EXP 	line1: autoDraw = False
218.7485 	EXP 	line2: autoDraw = False
218.7485 	EXP 	line3: autoDraw = False
218.7485 	EXP 	line4: autoDraw = False
218.7485 	EXP 	protrianglefixation: autoDraw = False
218.7485 	EXP 	Fixation: autoDraw = True
218.8701 	EXP 	Device response: <KeyPress from None: t=218.72916570799862, value=v, duration=0.13634366699989187>
219.7350 	EXP 	line1: autoDraw = True
219.7350 	EXP 	line2: autoDraw = True
219.7350 	EXP 	line3: autoDraw = True
219.7350 	EXP 	line4: autoDraw = True
219.7424 	EXP 	Fixation: autoDraw = False
220.7356 	INFO 	Keyboard events cleared
220.7354 	EXP 	protrianglefixation: autoDraw = True
221.0033 	EXP 	Device response: <KeyPress from None: t=221.0021350829993, value=c, duration=None>
221.0037 	EXP 	New trial (rep=20, index=3): <Trial 83 (3 in rep 20) data={'pos': np.int64(-150), 'corr_resp': 'z', 'thisN': 83, 'thisTrialN': 3, 'thisRepN': 20}>
221.0077 	DATA 	Keypress: c
221.0122 	EXP 	Fixation: autoDraw = False
221.0122 	EXP 	line1: autoDraw = False
221.0122 	EXP 	line2: autoDraw = False
221.0122 	EXP 	line3: autoDraw = False
221.0122 	EXP 	line4: autoDraw = False
221.0122 	EXP 	protrianglefixation: autoDraw = False
221.0122 	EXP 	Fixation: autoDraw = True
221.1543 	EXP 	Device response: <KeyPress from None: t=221.0021350829993, value=c, duration=0.1442341670008318>
222.0016 	EXP 	line1: autoDraw = True
222.0016 	EXP 	line2: autoDraw = True
222.0016 	EXP 	line3: autoDraw = True
222.0016 	EXP 	line4: autoDraw = True
222.0094 	EXP 	Fixation: autoDraw = False
223.0021 	INFO 	Keyboard events cleared
223.0020 	EXP 	protrianglefixation: autoDraw = True
223.2698 	EXP 	Device response: <KeyPress from None: t=223.2620812919995, value=z, duration=None>
223.2703 	EXP 	New trial (rep=21, index=0): <Trial 84 (0 in rep 21) data={'pos': np.int64(-50), 'corr_resp': 'x', 'thisN': 84, 'thisTrialN': 0, 'thisRepN': 21}>
223.2752 	DATA 	Keypress: z
223.2803 	EXP 	Fixation: autoDraw = False
223.2803 	EXP 	line1: autoDraw = False
223.2803 	EXP 	line2: autoDraw = False
223.2803 	EXP 	line3: autoDraw = False
223.2803 	EXP 	line4: autoDraw = False
223.2803 	EXP 	protrianglefixation: autoDraw = False
223.2803 	EXP 	Fixation: autoDraw = True
223.4104 	EXP 	Device response: <KeyPress from None: t=223.2620812919995, value=z, duration=0.14430108300075517>
224.2684 	EXP 	line1: autoDraw = True
224.2684 	EXP 	line2: autoDraw = True
224.2684 	EXP 	line3: autoDraw = True
224.2684 	EXP 	line4: autoDraw = True
224.2758 	EXP 	Fixation: autoDraw = False
225.2689 	INFO 	Keyboard events cleared
225.2687 	EXP 	protrianglefixation: autoDraw = True
225.4941 	EXP 	Device response: <KeyPress from None: t=225.48707558299793, value=x, duration=None>
225.4946 	EXP 	New trial (rep=21, index=1): <Trial 85 (1 in rep 21) data={'pos': np.int64(150), 'corr_resp': 'v', 'thisN': 85, 'thisTrialN': 1, 'thisRepN': 21}>
225.4993 	DATA 	Keypress: x
225.5049 	EXP 	Fixation: autoDraw = False
225.5049 	EXP 	line1: autoDraw = False
225.5049 	EXP 	line2: autoDraw = False
225.5049 	EXP 	line3: autoDraw = False
225.5049 	EXP 	line4: autoDraw = False
225.5049 	EXP 	protrianglefixation: autoDraw = False
225.5049 	EXP 	Fixation: autoDraw = True
225.6536 	EXP 	Device response: <KeyPress from None: t=225.48707558299793, value=x, duration=0.16435850000198116>
226.4933 	EXP 	line1: autoDraw = True
226.4933 	EXP 	line2: autoDraw = True
226.4933 	EXP 	line3: autoDraw = True
226.4933 	EXP 	line4: autoDraw = True
226.5023 	EXP 	Fixation: autoDraw = False
227.4932 	INFO 	Keyboard events cleared
227.4930 	EXP 	protrianglefixation: autoDraw = True
227.8033 	EXP 	Device response: <KeyPress from None: t=227.79389945799994, value=v, duration=None>
227.8037 	EXP 	New trial (rep=21, index=2): <Trial 86 (2 in rep 21) data={'pos': np.int64(50), 'corr_resp': 'c', 'thisN': 86, 'thisTrialN': 2, 'thisRepN': 21}>
227.8102 	DATA 	Keypress: v
227.8154 	EXP 	Fixation: autoDraw = False
227.8154 	EXP 	line1: autoDraw = False
227.8154 	EXP 	line2: autoDraw = False
227.8154 	EXP 	line3: autoDraw = False
227.8154 	EXP 	line4: autoDraw = False
227.8154 	EXP 	protrianglefixation: autoDraw = False
227.8154 	EXP 	Fixation: autoDraw = True
227.9372 	EXP 	Device response: <KeyPress from None: t=227.79389945799994, value=v, duration=0.136324708997563>
228.7929 	EXP 	line1: autoDraw = True
228.7929 	EXP 	line2: autoDraw = True
228.7929 	EXP 	line3: autoDraw = True
228.7929 	EXP 	line4: autoDraw = True
228.8095 	EXP 	Fixation: autoDraw = False
229.8017 	INFO 	Keyboard events cleared
229.8015 	EXP 	protrianglefixation: autoDraw = True
230.1365 	EXP 	Device response: <KeyPress from None: t=230.1279642499976, value=c, duration=None>
230.1369 	EXP 	New trial (rep=21, index=3): <Trial 87 (3 in rep 21) data={'pos': np.int64(-150), 'corr_resp': 'z', 'thisN': 87, 'thisTrialN': 3, 'thisRepN': 21}>
230.1433 	DATA 	Keypress: c
230.1486 	EXP 	Fixation: autoDraw = False
230.1486 	EXP 	line1: autoDraw = False
230.1486 	EXP 	line2: autoDraw = False
230.1486 	EXP 	line3: autoDraw = False
230.1486 	EXP 	line4: autoDraw = False
230.1486 	EXP 	protrianglefixation: autoDraw = False
230.1486 	EXP 	Fixation: autoDraw = True
230.2429 	EXP 	Device response: <KeyPress from None: t=230.1279642499976, value=c, duration=0.11229358300261083>
231.1355 	EXP 	line1: autoDraw = True
231.1355 	EXP 	line2: autoDraw = True
231.1355 	EXP 	line3: autoDraw = True
231.1355 	EXP 	line4: autoDraw = True
231.1425 	EXP 	Fixation: autoDraw = False
232.1355 	INFO 	Keyboard events cleared
232.1354 	EXP 	protrianglefixation: autoDraw = True
232.4109 	EXP 	Device response: <KeyPress from None: t=232.40587862499888, value=z, duration=None>
232.4113 	EXP 	New trial (rep=22, index=0): <Trial 88 (0 in rep 22) data={'pos': np.int64(-50), 'corr_resp': 'x', 'thisN': 88, 'thisTrialN': 0, 'thisRepN': 22}>
232.4173 	DATA 	Keypress: z
232.4223 	EXP 	Fixation: autoDraw = False
232.4223 	EXP 	line1: autoDraw = False
232.4223 	EXP 	line2: autoDraw = False
232.4223 	EXP 	line3: autoDraw = False
232.4223 	EXP 	line4: autoDraw = False
232.4223 	EXP 	protrianglefixation: autoDraw = False
232.4223 	EXP 	Fixation: autoDraw = True
232.5198 	EXP 	Device response: <KeyPress from None: t=232.40587862499888, value=z, duration=0.1123482500006503>
233.4100 	EXP 	line1: autoDraw = True
233.4100 	EXP 	line2: autoDraw = True
233.4100 	EXP 	line3: autoDraw = True
233.4100 	EXP 	line4: autoDraw = True
233.4186 	EXP 	Fixation: autoDraw = False
234.4113 	INFO 	Keyboard events cleared
234.4111 	EXP 	protrianglefixation: autoDraw = True
234.6599 	EXP 	Device response: <KeyPress from None: t=234.65884449999794, value=x, duration=None>
234.6603 	EXP 	New trial (rep=22, index=1): <Trial 89 (1 in rep 22) data={'pos': np.int64(150), 'corr_resp': 'v', 'thisN': 89, 'thisTrialN': 1, 'thisRepN': 22}>
234.6661 	DATA 	Keypress: x
234.6720 	EXP 	Fixation: autoDraw = False
234.6720 	EXP 	line1: autoDraw = False
234.6720 	EXP 	line2: autoDraw = False
234.6720 	EXP 	line3: autoDraw = False
234.6720 	EXP 	line4: autoDraw = False
234.6720 	EXP 	protrianglefixation: autoDraw = False
234.6720 	EXP 	Fixation: autoDraw = True
234.8035 	EXP 	Device response: <KeyPress from None: t=234.65884449999794, value=x, duration=0.13632029200016405>
235.6592 	EXP 	line1: autoDraw = True
235.6592 	EXP 	line2: autoDraw = True
235.6592 	EXP 	line3: autoDraw = True
235.6592 	EXP 	line4: autoDraw = True
235.6688 	EXP 	Fixation: autoDraw = False
236.6607 	INFO 	Keyboard events cleared
236.6605 	EXP 	protrianglefixation: autoDraw = True
236.9534 	EXP 	Device response: <KeyPress from None: t=236.94673558299837, value=v, duration=None>
236.9539 	EXP 	New trial (rep=22, index=2): <Trial 90 (2 in rep 22) data={'pos': np.int64(50), 'corr_resp': 'c', 'thisN': 90, 'thisTrialN': 2, 'thisRepN': 22}>
236.9600 	DATA 	Keypress: v
236.9653 	EXP 	Fixation: autoDraw = False
236.9653 	EXP 	line1: autoDraw = False
236.9653 	EXP 	line2: autoDraw = False
236.9653 	EXP 	line3: autoDraw = False
236.9653 	EXP 	line4: autoDraw = False
236.9653 	EXP 	protrianglefixation: autoDraw = False
236.9653 	EXP 	Fixation: autoDraw = True
237.0763 	EXP 	Device response: <KeyPress from None: t=236.94673558299837, value=v, duration=0.12436170900036814>
237.9516 	EXP 	line1: autoDraw = True
237.9516 	EXP 	line2: autoDraw = True
237.9516 	EXP 	line3: autoDraw = True
237.9516 	EXP 	line4: autoDraw = True
237.9589 	EXP 	Fixation: autoDraw = False
238.9516 	INFO 	Keyboard events cleared
238.9515 	EXP 	protrianglefixation: autoDraw = True
239.2210 	EXP 	Device response: <KeyPress from None: t=239.21577704199808, value=c, duration=None>
239.2216 	EXP 	New trial (rep=22, index=3): <Trial 91 (3 in rep 22) data={'pos': np.int64(-150), 'corr_resp': 'z', 'thisN': 91, 'thisTrialN': 3, 'thisRepN': 22}>
239.2282 	DATA 	Keypress: c
239.2336 	EXP 	Fixation: autoDraw = False
239.2336 	EXP 	line1: autoDraw = False
239.2336 	EXP 	line2: autoDraw = False
239.2336 	EXP 	line3: autoDraw = False
239.2336 	EXP 	line4: autoDraw = False
239.2336 	EXP 	protrianglefixation: autoDraw = False
239.2336 	EXP 	Fixation: autoDraw = True
239.3431 	EXP 	Device response: <KeyPress from None: t=239.21577704199808, value=c, duration=0.12424787499912782>
240.2182 	EXP 	line1: autoDraw = True
240.2182 	EXP 	line2: autoDraw = True
240.2182 	EXP 	line3: autoDraw = True
240.2182 	EXP 	line4: autoDraw = True
240.2255 	EXP 	Fixation: autoDraw = False
241.2186 	INFO 	Keyboard events cleared
241.2184 	EXP 	protrianglefixation: autoDraw = True
241.5277 	EXP 	Device response: <KeyPress from None: t=241.520695332998, value=z, duration=None>
241.5281 	EXP 	New trial (rep=23, index=0): <Trial 92 (0 in rep 23) data={'pos': np.int64(-50), 'corr_resp': 'x', 'thisN': 92, 'thisTrialN': 0, 'thisRepN': 23}>
241.5342 	DATA 	Keypress: z
241.5391 	EXP 	Fixation: autoDraw = False
241.5391 	EXP 	line1: autoDraw = False
241.5391 	EXP 	line2: autoDraw = False
241.5391 	EXP 	line3: autoDraw = False
241.5391 	EXP 	line4: autoDraw = False
241.5391 	EXP 	protrianglefixation: autoDraw = False
241.5391 	EXP 	Fixation: autoDraw = True
241.6272 	EXP 	Device response: <KeyPress from None: t=241.520695332998, value=z, duration=0.10031154199896264>
242.5266 	EXP 	line1: autoDraw = True
242.5266 	EXP 	line2: autoDraw = True
242.5266 	EXP 	line3: autoDraw = True
242.5266 	EXP 	line4: autoDraw = True
242.5348 	EXP 	Fixation: autoDraw = False
243.5267 	INFO 	Keyboard events cleared
243.5265 	EXP 	protrianglefixation: autoDraw = True
243.8031 	EXP 	Device response: <KeyPress from None: t=243.7925895419976, value=x, duration=None>
243.8036 	EXP 	New trial (rep=23, index=1): <Trial 93 (1 in rep 23) data={'pos': np.int64(150), 'corr_resp': 'v', 'thisN': 93, 'thisTrialN': 1, 'thisRepN': 23}>
243.8095 	DATA 	Keypress: x
243.8148 	EXP 	Fixation: autoDraw = False
243.8148 	EXP 	line1: autoDraw = False
243.8148 	EXP 	line2: autoDraw = False
243.8148 	EXP 	line3: autoDraw = False
243.8148 	EXP 	line4: autoDraw = False
243.8148 	EXP 	protrianglefixation: autoDraw = False
243.8148 	EXP 	Fixation: autoDraw = True
243.9104 	EXP 	Device response: <KeyPress from None: t=243.7925895419976, value=x, duration=0.11626750000141328>
244.8022 	EXP 	line1: autoDraw = True
244.8022 	EXP 	line2: autoDraw = True
244.8022 	EXP 	line3: autoDraw = True
244.8022 	EXP 	line4: autoDraw = True
244.8095 	EXP 	Fixation: autoDraw = False
245.8016 	INFO 	Keyboard events cleared
245.8014 	EXP 	protrianglefixation: autoDraw = True
246.1198 	EXP 	Device response: <KeyPress from None: t=246.11159816699728, value=v, duration=None>
246.1204 	EXP 	New trial (rep=23, index=2): <Trial 94 (2 in rep 23) data={'pos': np.int64(50), 'corr_resp': 'c', 'thisN': 94, 'thisTrialN': 2, 'thisRepN': 23}>
246.1265 	DATA 	Keypress: v
246.1313 	EXP 	Fixation: autoDraw = False
246.1313 	EXP 	line1: autoDraw = False
246.1313 	EXP 	line2: autoDraw = False
246.1313 	EXP 	line3: autoDraw = False
246.1313 	EXP 	line4: autoDraw = False
246.1313 	EXP 	protrianglefixation: autoDraw = False
246.1313 	EXP 	Fixation: autoDraw = True
246.2365 	EXP 	Device response: <KeyPress from None: t=246.11159816699728, value=v, duration=0.11679087500306196>
247.1189 	EXP 	line1: autoDraw = True
247.1189 	EXP 	line2: autoDraw = True
247.1189 	EXP 	line3: autoDraw = True
247.1189 	EXP 	line4: autoDraw = True
247.1259 	EXP 	Fixation: autoDraw = False
248.1275 	INFO 	Keyboard events cleared
248.1273 	EXP 	protrianglefixation: autoDraw = True
248.3941 	EXP 	Device response: <KeyPress from None: t=248.38745458299672, value=c, duration=None>
248.3945 	EXP 	New trial (rep=23, index=3): <Trial 95 (3 in rep 23) data={'pos': np.int64(-150), 'corr_resp': 'z', 'thisN': 95, 'thisTrialN': 3, 'thisRepN': 23}>
248.3983 	DATA 	Keypress: c
248.4196 	EXP 	Fixation: autoDraw = False
248.4196 	EXP 	line1: autoDraw = False
248.4196 	EXP 	line2: autoDraw = False
248.4196 	EXP 	line3: autoDraw = False
248.4196 	EXP 	line4: autoDraw = False
248.4196 	EXP 	protrianglefixation: autoDraw = False
248.4196 	EXP 	Fixation: autoDraw = True
248.5367 	EXP 	Device response: <KeyPress from None: t=248.38745458299672, value=c, duration=0.14039750000301865>
249.3937 	EXP 	line1: autoDraw = True
249.3937 	EXP 	line2: autoDraw = True
249.3937 	EXP 	line3: autoDraw = True
249.3937 	EXP 	line4: autoDraw = True
249.4364 	EXP 	Fixation: autoDraw = False
250.3874 	INFO 	Keyboard events cleared
250.3873 	EXP 	protrianglefixation: autoDraw = True
250.6877 	EXP 	Device response: <KeyPress from None: t=250.6804427499992, value=z, duration=None>
250.6882 	EXP 	New trial (rep=24, index=0): <Trial 96 (0 in rep 24) data={'pos': np.int64(-50), 'corr_resp': 'x', 'thisN': 96, 'thisTrialN': 0, 'thisRepN': 24}>
250.6932 	DATA 	Keypress: z
250.6979 	EXP 	Fixation: autoDraw = False
250.6979 	EXP 	line1: autoDraw = False
250.6979 	EXP 	line2: autoDraw = False
250.6979 	EXP 	line3: autoDraw = False
250.6979 	EXP 	line4: autoDraw = False
250.6979 	EXP 	protrianglefixation: autoDraw = False
250.6979 	EXP 	Fixation: autoDraw = True
250.8266 	EXP 	Device response: <KeyPress from None: t=250.6804427499992, value=z, duration=0.14028995799890254>
251.6853 	EXP 	line1: autoDraw = True
251.6853 	EXP 	line2: autoDraw = True
251.6853 	EXP 	line3: autoDraw = True
251.6853 	EXP 	line4: autoDraw = True
251.6926 	EXP 	Fixation: autoDraw = False
252.6849 	INFO 	Keyboard events cleared
252.6848 	EXP 	protrianglefixation: autoDraw = True
252.9544 	EXP 	Device response: <KeyPress from None: t=252.94633899999826, value=x, duration=None>
252.9550 	EXP 	New trial (rep=24, index=1): <Trial 97 (1 in rep 24) data={'pos': np.int64(150), 'corr_resp': 'v', 'thisN': 97, 'thisTrialN': 1, 'thisRepN': 24}>
252.9606 	DATA 	Keypress: x
252.9656 	EXP 	Fixation: autoDraw = False
252.9656 	EXP 	line1: autoDraw = False
252.9656 	EXP 	line2: autoDraw = False
252.9656 	EXP 	line3: autoDraw = False
252.9656 	EXP 	line4: autoDraw = False
252.9656 	EXP 	protrianglefixation: autoDraw = False
252.9656 	EXP 	Fixation: autoDraw = True
253.0707 	EXP 	Device response: <KeyPress from None: t=252.94633899999826, value=x, duration=0.11637512499873992>
253.9516 	EXP 	line1: autoDraw = True
253.9516 	EXP 	line2: autoDraw = True
253.9516 	EXP 	line3: autoDraw = True
253.9516 	EXP 	line4: autoDraw = True
253.9588 	EXP 	Fixation: autoDraw = False
254.9517 	INFO 	Keyboard events cleared
254.9515 	EXP 	protrianglefixation: autoDraw = True
255.2442 	EXP 	Device response: <KeyPress from None: t=255.2403564999986, value=v, duration=None>
255.2449 	EXP 	New trial (rep=24, index=2): <Trial 98 (2 in rep 24) data={'pos': np.int64(50), 'corr_resp': 'c', 'thisN': 98, 'thisTrialN': 2, 'thisRepN': 24}>
255.2502 	DATA 	Keypress: v
255.2556 	EXP 	Fixation: autoDraw = False
255.2556 	EXP 	line1: autoDraw = False
255.2556 	EXP 	line2: autoDraw = False
255.2556 	EXP 	line3: autoDraw = False
255.2556 	EXP 	line4: autoDraw = False
255.2556 	EXP 	protrianglefixation: autoDraw = False
255.2556 	EXP 	Fixation: autoDraw = True
255.3703 	EXP 	Device response: <KeyPress from None: t=255.2403564999986, value=v, duration=0.12431395800012979>
256.2436 	EXP 	line1: autoDraw = True
256.2436 	EXP 	line2: autoDraw = True
256.2436 	EXP 	line3: autoDraw = True
256.2436 	EXP 	line4: autoDraw = True
256.2514 	EXP 	Fixation: autoDraw = False
257.2433 	INFO 	Keyboard events cleared
257.2431 	EXP 	protrianglefixation: autoDraw = True
257.5030 	EXP 	Device response: <KeyPress from None: t=257.4971959579998, value=c, duration=None>
257.5035 	EXP 	New trial (rep=24, index=3): <Trial 99 (3 in rep 24) data={'pos': np.int64(-150), 'corr_resp': 'z', 'thisN': 99, 'thisTrialN': 3, 'thisRepN': 24}>
257.5086 	DATA 	Keypress: c
257.5135 	EXP 	Fixation: autoDraw = False
257.5135 	EXP 	line1: autoDraw = False
257.5135 	EXP 	line2: autoDraw = False
257.5135 	EXP 	line3: autoDraw = False
257.5135 	EXP 	line4: autoDraw = False
257.5135 	EXP 	protrianglefixation: autoDraw = False
257.5135 	EXP 	Fixation: autoDraw = True
257.6204 	EXP 	Device response: <KeyPress from None: t=257.4971959579998, value=c, duration=0.11944091699842829>
258.4928 	EXP 	line1: autoDraw = True
258.4928 	EXP 	line2: autoDraw = True
258.4928 	EXP 	line3: autoDraw = True
258.4928 	EXP 	line4: autoDraw = True
258.5091 	EXP 	Fixation: autoDraw = False
259.5016 	INFO 	Keyboard events cleared
259.5014 	EXP 	protrianglefixation: autoDraw = True
259.8107 	EXP 	Device response: <KeyPress from None: t=259.8093059999992, value=z, duration=None>
259.8113 	EXP 	New trial (rep=25, index=0): <Trial 100 (0 in rep 25) data={'pos': np.int64(-50), 'corr_resp': 'x', 'thisN': 100, 'thisTrialN': 0, 'thisRepN': 25}>
259.8165 	DATA 	Keypress: z
259.8216 	EXP 	Fixation: autoDraw = False
259.8216 	EXP 	line1: autoDraw = False
259.8216 	EXP 	line2: autoDraw = False
259.8216 	EXP 	line3: autoDraw = False
259.8216 	EXP 	line4: autoDraw = False
259.8216 	EXP 	protrianglefixation: autoDraw = False
259.8216 	EXP 	Fixation: autoDraw = True
259.9213 	EXP 	Device response: <KeyPress from None: t=259.8093059999992, value=z, duration=0.10492958299801103>
260.8103 	EXP 	line1: autoDraw = True
260.8103 	EXP 	line2: autoDraw = True
260.8103 	EXP 	line3: autoDraw = True
260.8103 	EXP 	line4: autoDraw = True
260.8362 	EXP 	Fixation: autoDraw = False
261.8097 	INFO 	Keyboard events cleared
261.8095 	EXP 	protrianglefixation: autoDraw = True
262.0934 	EXP 	Device response: <KeyPress from None: t=262.0892095829986, value=x, duration=None>
262.0938 	EXP 	New trial (rep=25, index=1): <Trial 101 (1 in rep 25) data={'pos': np.int64(150), 'corr_resp': 'v', 'thisN': 101, 'thisTrialN': 1, 'thisRepN': 25}>
262.0996 	DATA 	Keypress: x
262.1051 	EXP 	Fixation: autoDraw = False
262.1051 	EXP 	line1: autoDraw = False
262.1051 	EXP 	line2: autoDraw = False
262.1051 	EXP 	line3: autoDraw = False
262.1051 	EXP 	line4: autoDraw = False
262.1051 	EXP 	protrianglefixation: autoDraw = False
262.1051 	EXP 	Fixation: autoDraw = True
262.2043 	EXP 	Device response: <KeyPress from None: t=262.0892095829986, value=x, duration=0.10421729199879337>
263.0853 	EXP 	line1: autoDraw = True
263.0853 	EXP 	line2: autoDraw = True
263.0853 	EXP 	line3: autoDraw = True
263.0853 	EXP 	line4: autoDraw = True
263.1020 	EXP 	Fixation: autoDraw = False
264.0850 	INFO 	Keyboard events cleared
264.0848 	EXP 	protrianglefixation: autoDraw = True
264.3369 	EXP 	Device response: <KeyPress from None: t=264.33406795799965, value=v, duration=None>
264.3375 	EXP 	New trial (rep=25, index=2): <Trial 102 (2 in rep 25) data={'pos': np.int64(50), 'corr_resp': 'c', 'thisN': 102, 'thisTrialN': 2, 'thisRepN': 25}>
264.3436 	DATA 	Keypress: v
264.3488 	EXP 	Fixation: autoDraw = False
264.3488 	EXP 	line1: autoDraw = False
264.3488 	EXP 	line2: autoDraw = False
264.3488 	EXP 	line3: autoDraw = False
264.3488 	EXP 	line4: autoDraw = False
264.3488 	EXP 	protrianglefixation: autoDraw = False
264.3488 	EXP 	Fixation: autoDraw = True
264.5196 	EXP 	Device response: <KeyPress from None: t=264.33406795799965, value=v, duration=0.18436179199852631>
265.3354 	EXP 	line1: autoDraw = True
265.3354 	EXP 	line2: autoDraw = True
265.3354 	EXP 	line3: autoDraw = True
265.3354 	EXP 	line4: autoDraw = True
265.3428 	EXP 	Fixation: autoDraw = False
266.3357 	INFO 	Keyboard events cleared
266.3355 	EXP 	protrianglefixation: autoDraw = True
266.6198 	EXP 	Device response: <KeyPress from None: t=266.61110824999923, value=c, duration=None>
266.6202 	EXP 	New trial (rep=25, index=3): <Trial 103 (3 in rep 25) data={'pos': np.int64(-150), 'corr_resp': 'z', 'thisN': 103, 'thisTrialN': 3, 'thisRepN': 25}>
266.6262 	DATA 	Keypress: c
266.6314 	EXP 	Fixation: autoDraw = False
266.6314 	EXP 	line1: autoDraw = False
266.6314 	EXP 	line2: autoDraw = False
266.6314 	EXP 	line3: autoDraw = False
266.6314 	EXP 	line4: autoDraw = False
266.6314 	EXP 	protrianglefixation: autoDraw = False
266.6314 	EXP 	Fixation: autoDraw = True
266.7203 	EXP 	Device response: <KeyPress from None: t=266.61110824999923, value=c, duration=0.10428129199863179>
267.6183 	EXP 	line1: autoDraw = True
267.6183 	EXP 	line2: autoDraw = True
267.6183 	EXP 	line3: autoDraw = True
267.6183 	EXP 	line4: autoDraw = True
267.6255 	EXP 	Fixation: autoDraw = False
268.6183 	INFO 	Keyboard events cleared
268.6182 	EXP 	protrianglefixation: autoDraw = True
268.9034 	EXP 	Device response: <KeyPress from None: t=268.8939169169971, value=z, duration=None>
268.9038 	EXP 	New trial (rep=26, index=0): <Trial 104 (0 in rep 26) data={'pos': np.int64(-50), 'corr_resp': 'x', 'thisN': 104, 'thisTrialN': 0, 'thisRepN': 26}>
268.9088 	DATA 	Keypress: z
268.9135 	EXP 	Fixation: autoDraw = False
268.9135 	EXP 	line1: autoDraw = False
268.9135 	EXP 	line2: autoDraw = False
268.9135 	EXP 	line3: autoDraw = False
268.9135 	EXP 	line4: autoDraw = False
268.9135 	EXP 	protrianglefixation: autoDraw = False
268.9135 	EXP 	Fixation: autoDraw = True
268.9864 	EXP 	Device response: <KeyPress from None: t=268.8939169169971, value=z, duration=0.08838029100297717>
269.9015 	EXP 	line1: autoDraw = True
269.9015 	EXP 	line2: autoDraw = True
269.9015 	EXP 	line3: autoDraw = True
269.9015 	EXP 	line4: autoDraw = True
269.9091 	EXP 	Fixation: autoDraw = False
270.9016 	INFO 	Keyboard events cleared
270.9014 	EXP 	protrianglefixation: autoDraw = True
271.1611 	EXP 	Device response: <KeyPress from None: t=271.15800320799826, value=x, duration=None>
271.1615 	EXP 	New trial (rep=26, index=1): <Trial 105 (1 in rep 26) data={'pos': np.int64(150), 'corr_resp': 'v', 'thisN': 105, 'thisTrialN': 1, 'thisRepN': 26}>
271.1665 	DATA 	Keypress: x
271.1720 	EXP 	Fixation: autoDraw = False
271.1720 	EXP 	line1: autoDraw = False
271.1720 	EXP 	line2: autoDraw = False
271.1720 	EXP 	line3: autoDraw = False
271.1720 	EXP 	line4: autoDraw = False
271.1720 	EXP 	protrianglefixation: autoDraw = False
271.1720 	EXP 	Fixation: autoDraw = True
271.2600 	EXP 	Device response: <KeyPress from None: t=271.15800320799826, value=x, duration=0.10030391699910979>
272.1599 	EXP 	line1: autoDraw = True
272.1599 	EXP 	line2: autoDraw = True
272.1599 	EXP 	line3: autoDraw = True
272.1599 	EXP 	line4: autoDraw = True
272.1862 	EXP 	Fixation: autoDraw = False
273.1599 	INFO 	Keyboard events cleared
273.1598 	EXP 	protrianglefixation: autoDraw = True
273.4865 	EXP 	Device response: <KeyPress from None: t=273.47793329199703, value=v, duration=None>
273.4869 	EXP 	New trial (rep=26, index=2): <Trial 106 (2 in rep 26) data={'pos': np.int64(50), 'corr_resp': 'c', 'thisN': 106, 'thisTrialN': 2, 'thisRepN': 26}>
273.4923 	DATA 	Keypress: v
273.4972 	EXP 	Fixation: autoDraw = False
273.4972 	EXP 	line1: autoDraw = False
273.4972 	EXP 	line2: autoDraw = False
273.4972 	EXP 	line3: autoDraw = False
273.4972 	EXP 	line4: autoDraw = False
273.4972 	EXP 	protrianglefixation: autoDraw = False
273.4972 	EXP 	Fixation: autoDraw = True
273.6041 	EXP 	Device response: <KeyPress from None: t=273.47793329199703, value=v, duration=0.11622354100109078>
274.4848 	EXP 	line1: autoDraw = True
274.4848 	EXP 	line2: autoDraw = True
274.4848 	EXP 	line3: autoDraw = True
274.4848 	EXP 	line4: autoDraw = True
274.4925 	EXP 	Fixation: autoDraw = False
275.4849 	INFO 	Keyboard events cleared
275.4847 	EXP 	protrianglefixation: autoDraw = True
275.8101 	EXP 	Device response: <KeyPress from None: t=275.8048821249977, value=c, duration=None>
275.8106 	EXP 	New trial (rep=26, index=3): <Trial 107 (3 in rep 26) data={'pos': np.int64(-150), 'corr_resp': 'z', 'thisN': 107, 'thisTrialN': 3, 'thisRepN': 26}>
275.8157 	DATA 	Keypress: c
275.8217 	EXP 	Fixation: autoDraw = False
275.8217 	EXP 	line1: autoDraw = False
275.8217 	EXP 	line2: autoDraw = False
275.8217 	EXP 	line3: autoDraw = False
275.8217 	EXP 	line4: autoDraw = False
275.8217 	EXP 	protrianglefixation: autoDraw = False
275.8217 	EXP 	Fixation: autoDraw = True
275.9268 	EXP 	Device response: <KeyPress from None: t=275.8048821249977, value=c, duration=0.11619304200212355>
276.8015 	EXP 	line1: autoDraw = True
276.8015 	EXP 	line2: autoDraw = True
276.8015 	EXP 	line3: autoDraw = True
276.8015 	EXP 	line4: autoDraw = True
276.8187 	EXP 	Fixation: autoDraw = False
277.8106 	INFO 	Keyboard events cleared
277.8104 	EXP 	protrianglefixation: autoDraw = True
278.1101 	EXP 	Device response: <KeyPress from None: t=278.10788324999885, value=z, duration=None>
278.1105 	EXP 	New trial (rep=27, index=0): <Trial 108 (0 in rep 27) data={'pos': np.int64(-50), 'corr_resp': 'x', 'thisN': 108, 'thisTrialN': 0, 'thisRepN': 27}>
278.1155 	DATA 	Keypress: z
278.1217 	EXP 	Fixation: autoDraw = False
278.1217 	EXP 	line1: autoDraw = False
278.1217 	EXP 	line2: autoDraw = False
278.1217 	EXP 	line3: autoDraw = False
278.1217 	EXP 	line4: autoDraw = False
278.1217 	EXP 	protrianglefixation: autoDraw = False
278.1217 	EXP 	Fixation: autoDraw = True
278.2374 	EXP 	Device response: <KeyPress from None: t=278.10788324999885, value=z, duration=0.1242599170000176>
279.1099 	EXP 	line1: autoDraw = True
279.1099 	EXP 	line2: autoDraw = True
279.1099 	EXP 	line3: autoDraw = True
279.1099 	EXP 	line4: autoDraw = True
279.1363 	EXP 	Fixation: autoDraw = False
280.1099 	INFO 	Keyboard events cleared
280.1097 	EXP 	protrianglefixation: autoDraw = True
280.3869 	EXP 	Device response: <KeyPress from None: t=280.3807871249992, value=c, duration=None>
280.3875 	EXP 	New trial (rep=27, index=1): <Trial 109 (1 in rep 27) data={'pos': np.int64(150), 'corr_resp': 'v', 'thisN': 109, 'thisTrialN': 1, 'thisRepN': 27}>
280.3930 	DATA 	Keypress: c
280.3981 	EXP 	Fixation: autoDraw = False
280.3981 	EXP 	line1: autoDraw = False
280.3981 	EXP 	line2: autoDraw = False
280.3981 	EXP 	line3: autoDraw = False
280.3981 	EXP 	line4: autoDraw = False
280.3981 	EXP 	protrianglefixation: autoDraw = False
280.3981 	EXP 	Fixation: autoDraw = True
280.4074 	EXP 	Device response: <KeyPress from None: t=280.4007696669978, value=x, duration=None>
280.4117 	DATA 	Keypress: x
280.4256 	EXP 	Device response: <KeyPress from None: t=280.3807871249992, value=c, duration=0.04395524999927147>
280.4864 	EXP 	Device response: <KeyPress from None: t=280.4007696669978, value=x, duration=0.08031829100218602>
281.3848 	EXP 	line1: autoDraw = True
281.3848 	EXP 	line2: autoDraw = True
281.3848 	EXP 	line3: autoDraw = True
281.3848 	EXP 	line4: autoDraw = True
281.3921 	EXP 	Fixation: autoDraw = False
282.3850 	INFO 	Keyboard events cleared
282.3847 	EXP 	protrianglefixation: autoDraw = True
283.3105 	EXP 	Device response: <KeyPress from None: t=283.3046752079972, value=v, duration=None>
283.3109 	EXP 	New trial (rep=27, index=2): <Trial 110 (2 in rep 27) data={'pos': np.int64(50), 'corr_resp': 'c', 'thisN': 110, 'thisTrialN': 2, 'thisRepN': 27}>
283.3160 	DATA 	Keypress: v
283.3218 	EXP 	Fixation: autoDraw = False
283.3218 	EXP 	line1: autoDraw = False
283.3218 	EXP 	line2: autoDraw = False
283.3218 	EXP 	line3: autoDraw = False
283.3218 	EXP 	line4: autoDraw = False
283.3218 	EXP 	protrianglefixation: autoDraw = False
283.3218 	EXP 	Fixation: autoDraw = True
283.4197 	EXP 	Device response: <KeyPress from None: t=283.3046752079972, value=v, duration=0.11235845900228014>
284.3093 	EXP 	line1: autoDraw = True
284.3093 	EXP 	line2: autoDraw = True
284.3093 	EXP 	line3: autoDraw = True
284.3093 	EXP 	line4: autoDraw = True
284.3182 	EXP 	Fixation: autoDraw = False
285.3100 	INFO 	Keyboard events cleared
285.3098 	EXP 	protrianglefixation: autoDraw = True
285.9859 	EXP 	Device response: <KeyPress from None: t=285.9766048329984, value=c, duration=None>
285.9864 	EXP 	New trial (rep=27, index=3): <Trial 111 (3 in rep 27) data={'pos': np.int64(-150), 'corr_resp': 'z', 'thisN': 111, 'thisTrialN': 3, 'thisRepN': 27}>
285.9916 	DATA 	Keypress: c
285.9962 	EXP 	Fixation: autoDraw = False
285.9962 	EXP 	line1: autoDraw = False
285.9962 	EXP 	line2: autoDraw = False
285.9962 	EXP 	line3: autoDraw = False
285.9962 	EXP 	line4: autoDraw = False
285.9962 	EXP 	protrianglefixation: autoDraw = False
285.9962 	EXP 	Fixation: autoDraw = True
286.0927 	EXP 	Device response: <KeyPress from None: t=285.9766048329984, value=c, duration=0.11236524999912945>
286.9757 	EXP 	line1: autoDraw = True
286.9757 	EXP 	line2: autoDraw = True
286.9757 	EXP 	line3: autoDraw = True
286.9757 	EXP 	line4: autoDraw = True
286.9921 	EXP 	Fixation: autoDraw = False
287.9850 	INFO 	Keyboard events cleared
287.9848 	EXP 	protrianglefixation: autoDraw = True
288.3198 	EXP 	Device response: <KeyPress from None: t=288.31057662499734, value=z, duration=None>
288.3203 	EXP 	New trial (rep=28, index=0): <Trial 112 (0 in rep 28) data={'pos': np.int64(-50), 'corr_resp': 'x', 'thisN': 112, 'thisTrialN': 0, 'thisRepN': 28}>
288.3274 	DATA 	Keypress: z
288.3325 	EXP 	Fixation: autoDraw = False
288.3325 	EXP 	line1: autoDraw = False
288.3325 	EXP 	line2: autoDraw = False
288.3325 	EXP 	line3: autoDraw = False
288.3325 	EXP 	line4: autoDraw = False
288.3325 	EXP 	protrianglefixation: autoDraw = False
288.3325 	EXP 	Fixation: autoDraw = True
288.4257 	EXP 	Device response: <KeyPress from None: t=288.31057662499734, value=z, duration=0.1122944170019764>
289.3181 	EXP 	line1: autoDraw = True
289.3181 	EXP 	line2: autoDraw = True
289.3181 	EXP 	line3: autoDraw = True
289.3181 	EXP 	line4: autoDraw = True
289.3256 	EXP 	Fixation: autoDraw = False
290.3188 	INFO 	Keyboard events cleared
290.3186 	EXP 	protrianglefixation: autoDraw = True
290.6035 	EXP 	Device response: <KeyPress from None: t=290.5925959999986, value=x, duration=None>
290.6041 	EXP 	New trial (rep=28, index=1): <Trial 113 (1 in rep 28) data={'pos': np.int64(150), 'corr_resp': 'v', 'thisN': 113, 'thisTrialN': 1, 'thisRepN': 28}>
290.6099 	DATA 	Keypress: x
290.6148 	EXP 	Fixation: autoDraw = False
290.6148 	EXP 	line1: autoDraw = False
290.6148 	EXP 	line2: autoDraw = False
290.6148 	EXP 	line3: autoDraw = False
290.6148 	EXP 	line4: autoDraw = False
290.6148 	EXP 	protrianglefixation: autoDraw = False
290.6148 	EXP 	Fixation: autoDraw = True
290.7036 	EXP 	Device response: <KeyPress from None: t=290.5925959999986, value=x, duration=0.10020516700024018>
291.6014 	EXP 	line1: autoDraw = True
291.6014 	EXP 	line2: autoDraw = True
291.6014 	EXP 	line3: autoDraw = True
291.6014 	EXP 	line4: autoDraw = True
291.6088 	EXP 	Fixation: autoDraw = False
292.6023 	INFO 	Keyboard events cleared
292.6021 	EXP 	protrianglefixation: autoDraw = True
292.8772 	EXP 	Device response: <KeyPress from None: t=292.8744460829985, value=v, duration=None>
292.8777 	EXP 	New trial (rep=28, index=2): <Trial 114 (2 in rep 28) data={'pos': np.int64(50), 'corr_resp': 'c', 'thisN': 114, 'thisTrialN': 2, 'thisRepN': 28}>
292.8828 	DATA 	Keypress: v
292.8882 	EXP 	Fixation: autoDraw = False
292.8882 	EXP 	line1: autoDraw = False
292.8882 	EXP 	line2: autoDraw = False
292.8882 	EXP 	line3: autoDraw = False
292.8882 	EXP 	line4: autoDraw = False
292.8882 	EXP 	protrianglefixation: autoDraw = False
292.8882 	EXP 	Fixation: autoDraw = True
293.0035 	EXP 	Device response: <KeyPress from None: t=292.8744460829985, value=v, duration=0.12027025000134017>
293.8758 	EXP 	line1: autoDraw = True
293.8758 	EXP 	line2: autoDraw = True
293.8758 	EXP 	line3: autoDraw = True
293.8758 	EXP 	line4: autoDraw = True
293.8853 	EXP 	Fixation: autoDraw = False
294.8765 	INFO 	Keyboard events cleared
294.8763 	EXP 	protrianglefixation: autoDraw = True
295.1371 	EXP 	Device response: <KeyPress from None: t=295.12739083299675, value=c, duration=None>
295.1377 	EXP 	New trial (rep=28, index=3): <Trial 115 (3 in rep 28) data={'pos': np.int64(-150), 'corr_resp': 'z', 'thisN': 115, 'thisTrialN': 3, 'thisRepN': 28}>
295.1437 	DATA 	Keypress: c
295.1485 	EXP 	Fixation: autoDraw = False
295.1485 	EXP 	line1: autoDraw = False
295.1485 	EXP 	line2: autoDraw = False
295.1485 	EXP 	line3: autoDraw = False
295.1485 	EXP 	line4: autoDraw = False
295.1485 	EXP 	protrianglefixation: autoDraw = False
295.1485 	EXP 	Fixation: autoDraw = True
295.2941 	EXP 	Device response: <KeyPress from None: t=295.12739083299675, value=c, duration=0.1643752090021735>
296.1348 	EXP 	line1: autoDraw = True
296.1348 	EXP 	line2: autoDraw = True
296.1348 	EXP 	line3: autoDraw = True
296.1348 	EXP 	line4: autoDraw = True
296.1421 	EXP 	Fixation: autoDraw = False
297.1350 	INFO 	Keyboard events cleared
297.1348 	EXP 	protrianglefixation: autoDraw = True
297.4597 	EXP 	Device response: <KeyPress from None: t=297.45324400000027, value=z, duration=None>
297.4601 	EXP 	New trial (rep=29, index=0): <Trial 116 (0 in rep 29) data={'pos': np.int64(-50), 'corr_resp': 'x', 'thisN': 116, 'thisTrialN': 0, 'thisRepN': 29}>
297.4653 	DATA 	Keypress: z
297.4714 	EXP 	Fixation: autoDraw = False
297.4714 	EXP 	line1: autoDraw = False
297.4714 	EXP 	line2: autoDraw = False
297.4714 	EXP 	line3: autoDraw = False
297.4714 	EXP 	line4: autoDraw = False
297.4714 	EXP 	protrianglefixation: autoDraw = False
297.4714 	EXP 	Fixation: autoDraw = True
297.6037 	EXP 	Device response: <KeyPress from None: t=297.45324400000027, value=z, duration=0.14446208299705177>
298.4596 	EXP 	line1: autoDraw = True
298.4596 	EXP 	line2: autoDraw = True
298.4596 	EXP 	line3: autoDraw = True
298.4596 	EXP 	line4: autoDraw = True
298.4688 	EXP 	Fixation: autoDraw = False
299.4595 	INFO 	Keyboard events cleared
299.4593 	EXP 	protrianglefixation: autoDraw = True
299.7435 	EXP 	Device response: <KeyPress from None: t=299.73624041699804, value=x, duration=None>
299.7440 	EXP 	New trial (rep=29, index=1): <Trial 117 (1 in rep 29) data={'pos': np.int64(150), 'corr_resp': 'v', 'thisN': 117, 'thisTrialN': 1, 'thisRepN': 29}>
299.7492 	DATA 	Keypress: x
299.7551 	EXP 	Fixation: autoDraw = False
299.7551 	EXP 	line1: autoDraw = False
299.7551 	EXP 	line2: autoDraw = False
299.7551 	EXP 	line3: autoDraw = False
299.7551 	EXP 	line4: autoDraw = False
299.7551 	EXP 	protrianglefixation: autoDraw = False
299.7551 	EXP 	Fixation: autoDraw = True
299.8585 	EXP 	Device response: <KeyPress from None: t=299.73624041699804, value=x, duration=0.12038204100099392>
300.7423 	EXP 	line1: autoDraw = True
300.7423 	EXP 	line2: autoDraw = True
300.7423 	EXP 	line3: autoDraw = True
300.7423 	EXP 	line4: autoDraw = True
300.7516 	EXP 	Fixation: autoDraw = False
301.7429 	INFO 	Keyboard events cleared
301.7427 	EXP 	protrianglefixation: autoDraw = True
302.6709 	EXP 	Device response: <KeyPress from None: t=302.65410862499994, value=v, duration=None>
302.6715 	EXP 	New trial (rep=29, index=2): <Trial 118 (2 in rep 29) data={'pos': np.int64(50), 'corr_resp': 'c', 'thisN': 118, 'thisTrialN': 2, 'thisRepN': 29}>
302.6771 	DATA 	Keypress: v
302.6822 	EXP 	Fixation: autoDraw = False
302.6822 	EXP 	line1: autoDraw = False
302.6822 	EXP 	line2: autoDraw = False
302.6822 	EXP 	line3: autoDraw = False
302.6822 	EXP 	line4: autoDraw = False
302.6822 	EXP 	protrianglefixation: autoDraw = False
302.6822 	EXP 	Fixation: autoDraw = True
302.7770 	EXP 	Device response: <KeyPress from None: t=302.65410862499994, value=v, duration=0.12037079199944856>
303.6681 	EXP 	line1: autoDraw = True
303.6681 	EXP 	line2: autoDraw = True
303.6681 	EXP 	line3: autoDraw = True
303.6681 	EXP 	line4: autoDraw = True
303.6754 	EXP 	Fixation: autoDraw = False
304.6865 	INFO 	Keyboard events cleared
304.6863 	EXP 	protrianglefixation: autoDraw = True
305.1204 	EXP 	Device response: <KeyPress from None: t=305.11617295799806, value=c, duration=None>
305.1208 	EXP 	New trial (rep=29, index=3): <Trial 119 (3 in rep 29) data={'pos': np.int64(-150), 'corr_resp': 'z', 'thisN': 119, 'thisTrialN': 3, 'thisRepN': 29}>
305.1248 	DATA 	Keypress: c
305.1294 	EXP 	Fixation: autoDraw = False
305.1294 	EXP 	line1: autoDraw = False
305.1294 	EXP 	line2: autoDraw = False
305.1294 	EXP 	line3: autoDraw = False
305.1294 	EXP 	line4: autoDraw = False
305.1294 	EXP 	protrianglefixation: autoDraw = False
305.1294 	EXP 	Fixation: autoDraw = True
305.2704 	EXP 	Device response: <KeyPress from None: t=305.11617295799806, value=c, duration=0.15230212499955087>
306.1185 	EXP 	line1: autoDraw = True
306.1185 	EXP 	line2: autoDraw = True
306.1185 	EXP 	line3: autoDraw = True
306.1185 	EXP 	line4: autoDraw = True
306.1259 	EXP 	Fixation: autoDraw = False
307.1182 	INFO 	Keyboard events cleared
307.1180 	EXP 	protrianglefixation: autoDraw = True
307.4197 	EXP 	Device response: <KeyPress from None: t=307.4120793330003, value=z, duration=None>
307.4202 	EXP 	New trial (rep=30, index=0): <Trial 120 (0 in rep 30) data={'pos': np.int64(-50), 'corr_resp': 'x', 'thisN': 120, 'thisTrialN': 0, 'thisRepN': 30}>
307.4253 	DATA 	Keypress: z
307.4302 	EXP 	Fixation: autoDraw = False
307.4302 	EXP 	line1: autoDraw = False
307.4302 	EXP 	line2: autoDraw = False
307.4302 	EXP 	line3: autoDraw = False
307.4302 	EXP 	line4: autoDraw = False
307.4302 	EXP 	protrianglefixation: autoDraw = False
307.4302 	EXP 	Fixation: autoDraw = True
307.5034 	EXP 	Device response: <KeyPress from None: t=307.4120793330003, value=z, duration=0.08839399999851594>
308.4183 	EXP 	line1: autoDraw = True
308.4183 	EXP 	line2: autoDraw = True
308.4183 	EXP 	line3: autoDraw = True
308.4183 	EXP 	line4: autoDraw = True
308.4255 	EXP 	Fixation: autoDraw = False
309.4182 	INFO 	Keyboard events cleared
309.4180 	EXP 	protrianglefixation: autoDraw = True
309.7273 	EXP 	Device response: <KeyPress from None: t=309.7200982079994, value=x, duration=None>
309.7277 	EXP 	New trial (rep=30, index=1): <Trial 121 (1 in rep 30) data={'pos': np.int64(150), 'corr_resp': 'v', 'thisN': 121, 'thisTrialN': 1, 'thisRepN': 30}>
309.7327 	DATA 	Keypress: x
309.7386 	EXP 	Fixation: autoDraw = False
309.7386 	EXP 	line1: autoDraw = False
309.7386 	EXP 	line2: autoDraw = False
309.7386 	EXP 	line3: autoDraw = False
309.7386 	EXP 	line4: autoDraw = False
309.7386 	EXP 	protrianglefixation: autoDraw = False
309.7386 	EXP 	Fixation: autoDraw = True
309.8697 	EXP 	Device response: <KeyPress from None: t=309.7200982079994, value=x, duration=0.14827712499754853>
310.7262 	EXP 	line1: autoDraw = True
310.7262 	EXP 	line2: autoDraw = True
310.7262 	EXP 	line3: autoDraw = True
310.7262 	EXP 	line4: autoDraw = True
310.7357 	EXP 	Fixation: autoDraw = False
311.7265 	INFO 	Keyboard events cleared
311.7263 	EXP 	protrianglefixation: autoDraw = True
312.2209 	EXP 	Device response: <KeyPress from None: t=312.2140138329996, value=v, duration=None>
312.2214 	EXP 	New trial (rep=30, index=2): <Trial 122 (2 in rep 30) data={'pos': np.int64(50), 'corr_resp': 'c', 'thisN': 122, 'thisTrialN': 2, 'thisRepN': 30}>
312.2264 	DATA 	Keypress: v
312.2313 	EXP 	Fixation: autoDraw = False
312.2313 	EXP 	line1: autoDraw = False
312.2313 	EXP 	line2: autoDraw = False
312.2313 	EXP 	line3: autoDraw = False
312.2313 	EXP 	line4: autoDraw = False
312.2313 	EXP 	protrianglefixation: autoDraw = False
312.2313 	EXP 	Fixation: autoDraw = True
312.3369 	EXP 	Device response: <KeyPress from None: t=312.2140138329996, value=v, duration=0.11231575000056182>
313.2182 	EXP 	line1: autoDraw = True
313.2182 	EXP 	line2: autoDraw = True
313.2182 	EXP 	line3: autoDraw = True
313.2182 	EXP 	line4: autoDraw = True
313.2260 	EXP 	Fixation: autoDraw = False
314.2187 	INFO 	Keyboard events cleared
314.2186 	EXP 	protrianglefixation: autoDraw = True
314.4942 	EXP 	Device response: <KeyPress from None: t=314.48797916699914, value=c, duration=None>
314.4947 	EXP 	New trial (rep=30, index=3): <Trial 123 (3 in rep 30) data={'pos': np.int64(-150), 'corr_resp': 'z', 'thisN': 123, 'thisTrialN': 3, 'thisRepN': 30}>
314.5001 	DATA 	Keypress: c
314.5055 	EXP 	Fixation: autoDraw = False
314.5055 	EXP 	line1: autoDraw = False
314.5055 	EXP 	line2: autoDraw = False
314.5055 	EXP 	line3: autoDraw = False
314.5055 	EXP 	line4: autoDraw = False
314.5055 	EXP 	protrianglefixation: autoDraw = False
314.5055 	EXP 	Fixation: autoDraw = True
314.6366 	EXP 	Device response: <KeyPress from None: t=314.48797916699914, value=c, duration=0.14025204100107658>
315.4930 	EXP 	line1: autoDraw = True
315.4930 	EXP 	line2: autoDraw = True
315.4930 	EXP 	line3: autoDraw = True
315.4930 	EXP 	line4: autoDraw = True
315.5014 	EXP 	Fixation: autoDraw = False
316.4923 	INFO 	Keyboard events cleared
316.4921 	EXP 	protrianglefixation: autoDraw = True
316.7540 	EXP 	Device response: <KeyPress from None: t=316.73578429199915, value=z, duration=None>
316.7546 	EXP 	New trial (rep=31, index=0): <Trial 124 (0 in rep 31) data={'pos': np.int64(-50), 'corr_resp': 'x', 'thisN': 124, 'thisTrialN': 0, 'thisRepN': 31}>
316.7600 	DATA 	Keypress: z
316.7695 	EXP 	Fixation: autoDraw = False
316.7695 	EXP 	line1: autoDraw = False
316.7695 	EXP 	line2: autoDraw = False
316.7695 	EXP 	line3: autoDraw = False
316.7695 	EXP 	line4: autoDraw = False
316.7695 	EXP 	protrianglefixation: autoDraw = False
316.7695 	EXP 	Fixation: autoDraw = True
316.8867 	EXP 	Device response: <KeyPress from None: t=316.73578429199915, value=z, duration=0.14039100000081817>
317.7513 	EXP 	line1: autoDraw = True
317.7513 	EXP 	line2: autoDraw = True
317.7513 	EXP 	line3: autoDraw = True
317.7513 	EXP 	line4: autoDraw = True
317.7686 	EXP 	Fixation: autoDraw = False
318.7515 	INFO 	Keyboard events cleared
318.7514 	EXP 	protrianglefixation: autoDraw = True
319.2027 	EXP 	Device response: <KeyPress from None: t=319.199819999998, value=x, duration=None>
319.2032 	EXP 	New trial (rep=31, index=1): <Trial 125 (1 in rep 31) data={'pos': np.int64(150), 'corr_resp': 'v', 'thisN': 125, 'thisTrialN': 1, 'thisRepN': 31}>
319.2083 	DATA 	Keypress: x
319.2132 	EXP 	Fixation: autoDraw = False
319.2132 	EXP 	line1: autoDraw = False
319.2132 	EXP 	line2: autoDraw = False
319.2132 	EXP 	line3: autoDraw = False
319.2132 	EXP 	line4: autoDraw = False
319.2132 	EXP 	protrianglefixation: autoDraw = False
319.2132 	EXP 	Fixation: autoDraw = True
319.3265 	EXP 	Device response: <KeyPress from None: t=319.199819999998, value=x, duration=0.12040033300218056>
320.2019 	EXP 	line1: autoDraw = True
320.2019 	EXP 	line2: autoDraw = True
320.2019 	EXP 	line3: autoDraw = True
320.2019 	EXP 	line4: autoDraw = True
320.2092 	EXP 	Fixation: autoDraw = False
321.2016 	INFO 	Keyboard events cleared
321.2014 	EXP 	protrianglefixation: autoDraw = True
321.6432 	EXP 	Device response: <KeyPress from None: t=321.63978362499984, value=v, duration=None>
321.6438 	EXP 	New trial (rep=31, index=2): <Trial 126 (2 in rep 31) data={'pos': np.int64(50), 'corr_resp': 'c', 'thisN': 126, 'thisTrialN': 2, 'thisRepN': 31}>
321.6489 	DATA 	Keypress: v
321.6551 	EXP 	Fixation: autoDraw = False
321.6551 	EXP 	line1: autoDraw = False
321.6551 	EXP 	line2: autoDraw = False
321.6551 	EXP 	line3: autoDraw = False
321.6551 	EXP 	line4: autoDraw = False
321.6551 	EXP 	protrianglefixation: autoDraw = False
321.6551 	EXP 	Fixation: autoDraw = True
321.7709 	EXP 	Device response: <KeyPress from None: t=321.63978362499984, value=v, duration=0.12037941699963994>
322.6424 	EXP 	line1: autoDraw = True
322.6424 	EXP 	line2: autoDraw = True
322.6424 	EXP 	line3: autoDraw = True
322.6424 	EXP 	line4: autoDraw = True
322.6515 	EXP 	Fixation: autoDraw = False
323.6353 	INFO 	Keyboard events cleared
323.6352 	EXP 	protrianglefixation: autoDraw = True
323.8437 	EXP 	Device response: <KeyPress from None: t=323.84172591699826, value=c, duration=None>
323.8442 	EXP 	New trial (rep=31, index=3): <Trial 127 (3 in rep 31) data={'pos': np.int64(-150), 'corr_resp': 'z', 'thisN': 127, 'thisTrialN': 3, 'thisRepN': 31}>
323.8490 	DATA 	Keypress: c
323.8551 	EXP 	Fixation: autoDraw = False
323.8551 	EXP 	line1: autoDraw = False
323.8551 	EXP 	line2: autoDraw = False
323.8551 	EXP 	line3: autoDraw = False
323.8551 	EXP 	line4: autoDraw = False
323.8551 	EXP 	protrianglefixation: autoDraw = False
323.8551 	EXP 	Fixation: autoDraw = True
324.0040 	EXP 	Device response: <KeyPress from None: t=323.84172591699826, value=c, duration=0.15225037500204053>
324.8424 	EXP 	line1: autoDraw = True
324.8424 	EXP 	line2: autoDraw = True
324.8424 	EXP 	line3: autoDraw = True
324.8424 	EXP 	line4: autoDraw = True
324.8519 	EXP 	Fixation: autoDraw = False
325.8423 	INFO 	Keyboard events cleared
325.8421 	EXP 	protrianglefixation: autoDraw = True
326.2528 	EXP 	Device response: <KeyPress from None: t=326.2506300829991, value=z, duration=None>
326.2532 	EXP 	New trial (rep=32, index=0): <Trial 128 (0 in rep 32) data={'pos': np.int64(-50), 'corr_resp': 'x', 'thisN': 128, 'thisTrialN': 0, 'thisRepN': 32}>
326.2594 	DATA 	Keypress: z
326.2645 	EXP 	Fixation: autoDraw = False
326.2645 	EXP 	line1: autoDraw = False
326.2645 	EXP 	line2: autoDraw = False
326.2645 	EXP 	line3: autoDraw = False
326.2645 	EXP 	line4: autoDraw = False
326.2645 	EXP 	protrianglefixation: autoDraw = False
326.2645 	EXP 	Fixation: autoDraw = True
326.4099 	EXP 	Device response: <KeyPress from None: t=326.2506300829991, value=z, duration=0.1563272089988459>
327.2514 	EXP 	line1: autoDraw = True
327.2514 	EXP 	line2: autoDraw = True
327.2514 	EXP 	line3: autoDraw = True
327.2514 	EXP 	line4: autoDraw = True
327.2590 	EXP 	Fixation: autoDraw = False
328.2516 	INFO 	Keyboard events cleared
328.2514 	EXP 	protrianglefixation: autoDraw = True
328.5268 	EXP 	Device response: <KeyPress from None: t=328.5195764579985, value=x, duration=None>
328.5272 	EXP 	New trial (rep=32, index=1): <Trial 129 (1 in rep 32) data={'pos': np.int64(150), 'corr_resp': 'v', 'thisN': 129, 'thisTrialN': 1, 'thisRepN': 32}>
328.5330 	DATA 	Keypress: x
328.5383 	EXP 	Fixation: autoDraw = False
328.5383 	EXP 	line1: autoDraw = False
328.5383 	EXP 	line2: autoDraw = False
328.5383 	EXP 	line3: autoDraw = False
328.5383 	EXP 	line4: autoDraw = False
328.5383 	EXP 	protrianglefixation: autoDraw = False
328.5383 	EXP 	Fixation: autoDraw = True
328.6546 	EXP 	Device response: <KeyPress from None: t=328.5195764579985, value=x, duration=0.13237254200066673>
329.5266 	EXP 	line1: autoDraw = True
329.5266 	EXP 	line2: autoDraw = True
329.5266 	EXP 	line3: autoDraw = True
329.5266 	EXP 	line4: autoDraw = True
329.5347 	EXP 	Fixation: autoDraw = False
330.5263 	INFO 	Keyboard events cleared
330.5262 	EXP 	protrianglefixation: autoDraw = True
330.8935 	EXP 	Device response: <KeyPress from None: t=330.8894996249983, value=v, duration=None>
330.8939 	EXP 	New trial (rep=32, index=2): <Trial 130 (2 in rep 32) data={'pos': np.int64(50), 'corr_resp': 'c', 'thisN': 130, 'thisTrialN': 2, 'thisRepN': 32}>
330.8998 	DATA 	Keypress: v
330.9053 	EXP 	Fixation: autoDraw = False
330.9053 	EXP 	line1: autoDraw = False
330.9053 	EXP 	line2: autoDraw = False
330.9053 	EXP 	line3: autoDraw = False
330.9053 	EXP 	line4: autoDraw = False
330.9053 	EXP 	protrianglefixation: autoDraw = False
330.9053 	EXP 	Fixation: autoDraw = True
331.0205 	EXP 	Device response: <KeyPress from None: t=330.8894996249983, value=v, duration=0.12844804199994542>
331.8925 	EXP 	line1: autoDraw = True
331.8925 	EXP 	line2: autoDraw = True
331.8925 	EXP 	line3: autoDraw = True
331.8925 	EXP 	line4: autoDraw = True
331.9022 	EXP 	Fixation: autoDraw = False
332.8929 	INFO 	Keyboard events cleared
332.8928 	EXP 	protrianglefixation: autoDraw = True
333.1200 	EXP 	Device response: <KeyPress from None: t=333.1134527920003, value=c, duration=None>
333.1204 	EXP 	New trial (rep=32, index=3): <Trial 131 (3 in rep 32) data={'pos': np.int64(-150), 'corr_resp': 'z', 'thisN': 131, 'thisTrialN': 3, 'thisRepN': 32}>
333.1263 	DATA 	Keypress: c
333.1362 	EXP 	Fixation: autoDraw = False
333.1362 	EXP 	line1: autoDraw = False
333.1362 	EXP 	line2: autoDraw = False
333.1362 	EXP 	line3: autoDraw = False
333.1362 	EXP 	line4: autoDraw = False
333.1362 	EXP 	protrianglefixation: autoDraw = False
333.1362 	EXP 	Fixation: autoDraw = True
333.2707 	EXP 	Device response: <KeyPress from None: t=333.1134527920003, value=c, duration=0.14834762499958742>
334.1181 	EXP 	line1: autoDraw = True
334.1181 	EXP 	line2: autoDraw = True
334.1181 	EXP 	line3: autoDraw = True
334.1181 	EXP 	line4: autoDraw = True
334.1347 	EXP 	Fixation: autoDraw = False
335.1188 	INFO 	Keyboard events cleared
335.1186 	EXP 	protrianglefixation: autoDraw = True
335.4099 	EXP 	Device response: <KeyPress from None: t=335.4084704579982, value=z, duration=None>
335.4104 	EXP 	New trial (rep=33, index=0): <Trial 132 (0 in rep 33) data={'pos': np.int64(-50), 'corr_resp': 'x', 'thisN': 132, 'thisTrialN': 0, 'thisRepN': 33}>
335.4162 	DATA 	Keypress: z
335.4214 	EXP 	Fixation: autoDraw = False
335.4214 	EXP 	line1: autoDraw = False
335.4214 	EXP 	line2: autoDraw = False
335.4214 	EXP 	line3: autoDraw = False
335.4214 	EXP 	line4: autoDraw = False
335.4214 	EXP 	protrianglefixation: autoDraw = False
335.4214 	EXP 	Fixation: autoDraw = True
335.5260 	EXP 	Device response: <KeyPress from None: t=335.4084704579982, value=z, duration=0.11633020899898838>
336.4107 	EXP 	line1: autoDraw = True
336.4107 	EXP 	line2: autoDraw = True
336.4107 	EXP 	line3: autoDraw = True
336.4107 	EXP 	line4: autoDraw = True
336.4361 	EXP 	Fixation: autoDraw = False
337.4101 	INFO 	Keyboard events cleared
337.4100 	EXP 	protrianglefixation: autoDraw = True
337.6765 	EXP 	Device response: <KeyPress from None: t=337.67334366700015, value=x, duration=None>
337.6769 	EXP 	New trial (rep=33, index=1): <Trial 133 (1 in rep 33) data={'pos': np.int64(150), 'corr_resp': 'v', 'thisN': 133, 'thisTrialN': 1, 'thisRepN': 33}>
337.6827 	DATA 	Keypress: x
337.6887 	EXP 	Fixation: autoDraw = False
337.6887 	EXP 	line1: autoDraw = False
337.6887 	EXP 	line2: autoDraw = False
337.6887 	EXP 	line3: autoDraw = False
337.6887 	EXP 	line4: autoDraw = False
337.6887 	EXP 	protrianglefixation: autoDraw = False
337.6887 	EXP 	Fixation: autoDraw = True
337.7873 	EXP 	Device response: <KeyPress from None: t=337.67334366700015, value=x, duration=0.11223158299981151>
338.6759 	EXP 	line1: autoDraw = True
338.6759 	EXP 	line2: autoDraw = True
338.6759 	EXP 	line3: autoDraw = True
338.6759 	EXP 	line4: autoDraw = True
338.6847 	EXP 	Fixation: autoDraw = False
339.6682 	INFO 	Keyboard events cleared
339.6680 	EXP 	protrianglefixation: autoDraw = True
340.0864 	EXP 	Device response: <KeyPress from None: t=340.0853044579999, value=v, duration=None>
340.0869 	EXP 	New trial (rep=33, index=2): <Trial 134 (2 in rep 33) data={'pos': np.int64(50), 'corr_resp': 'c', 'thisN': 134, 'thisTrialN': 2, 'thisRepN': 33}>
340.0928 	DATA 	Keypress: v
340.0980 	EXP 	Fixation: autoDraw = False
340.0980 	EXP 	line1: autoDraw = False
340.0980 	EXP 	line2: autoDraw = False
340.0980 	EXP 	line3: autoDraw = False
340.0980 	EXP 	line4: autoDraw = False
340.0980 	EXP 	protrianglefixation: autoDraw = False
340.0980 	EXP 	Fixation: autoDraw = True
340.2112 	EXP 	Device response: <KeyPress from None: t=340.0853044579999, value=v, duration=0.12430666699947324>
341.0847 	EXP 	line1: autoDraw = True
341.0847 	EXP 	line2: autoDraw = True
341.0847 	EXP 	line3: autoDraw = True
341.0847 	EXP 	line4: autoDraw = True
341.0921 	EXP 	Fixation: autoDraw = False
342.0603 	EXP 	Device response: <KeyPress from None: t=342.05319620799855, value=c, duration=None>
342.0655 	DATA 	Keypress: c
342.0861 	INFO 	Keyboard events cleared
342.0861 	EXP 	protrianglefixation: autoDraw = True
342.1919 	EXP 	Device response: <KeyPress from None: t=342.05319620799855, value=c, duration=0.1323013750006794>
343.0532 	EXP 	Device response: <KeyPress from None: t=343.04423983299785, value=c, duration=None>
343.0538 	EXP 	New trial (rep=33, index=3): <Trial 135 (3 in rep 33) data={'pos': np.int64(-150), 'corr_resp': 'z', 'thisN': 135, 'thisTrialN': 3, 'thisRepN': 33}>
343.0597 	DATA 	Keypress: c
343.0648 	EXP 	Fixation: autoDraw = False
343.0648 	EXP 	line1: autoDraw = False
343.0648 	EXP 	line2: autoDraw = False
343.0648 	EXP 	line3: autoDraw = False
343.0648 	EXP 	line4: autoDraw = False
343.0648 	EXP 	protrianglefixation: autoDraw = False
343.0648 	EXP 	Fixation: autoDraw = True
343.1867 	EXP 	Device response: <KeyPress from None: t=343.04423983299785, value=c, duration=0.13641445900066174>
344.0514 	EXP 	line1: autoDraw = True
344.0514 	EXP 	line2: autoDraw = True
344.0514 	EXP 	line3: autoDraw = True
344.0514 	EXP 	line4: autoDraw = True
344.0589 	EXP 	Fixation: autoDraw = False
345.0515 	INFO 	Keyboard events cleared
345.0514 	EXP 	protrianglefixation: autoDraw = True
345.4029 	EXP 	Device response: <KeyPress from None: t=345.3952537919977, value=z, duration=None>
345.4034 	EXP 	New trial (rep=34, index=0): <Trial 136 (0 in rep 34) data={'pos': np.int64(-50), 'corr_resp': 'x', 'thisN': 136, 'thisTrialN': 0, 'thisRepN': 34}>
345.4088 	DATA 	Keypress: z
345.4139 	EXP 	Fixation: autoDraw = False
345.4139 	EXP 	line1: autoDraw = False
345.4139 	EXP 	line2: autoDraw = False
345.4139 	EXP 	line3: autoDraw = False
345.4139 	EXP 	line4: autoDraw = False
345.4139 	EXP 	protrianglefixation: autoDraw = False
345.4139 	EXP 	Fixation: autoDraw = True
345.5442 	EXP 	Device response: <KeyPress from None: t=345.3952537919977, value=z, duration=0.14426649999950314>
346.3938 	EXP 	line1: autoDraw = True
346.3938 	EXP 	line2: autoDraw = True
346.3938 	EXP 	line3: autoDraw = True
346.3938 	EXP 	line4: autoDraw = True
346.4101 	EXP 	Fixation: autoDraw = False
347.4015 	INFO 	Keyboard events cleared
347.4013 	EXP 	protrianglefixation: autoDraw = True
347.7031 	EXP 	Device response: <KeyPress from None: t=347.6961894579981, value=x, duration=None>
347.7035 	EXP 	New trial (rep=34, index=1): <Trial 137 (1 in rep 34) data={'pos': np.int64(150), 'corr_resp': 'v', 'thisN': 137, 'thisTrialN': 1, 'thisRepN': 34}>
347.7090 	DATA 	Keypress: x
347.7140 	EXP 	Fixation: autoDraw = False
347.7140 	EXP 	line1: autoDraw = False
347.7140 	EXP 	line2: autoDraw = False
347.7140 	EXP 	line3: autoDraw = False
347.7140 	EXP 	line4: autoDraw = False
347.7140 	EXP 	protrianglefixation: autoDraw = False
347.7140 	EXP 	Fixation: autoDraw = True
347.8093 	EXP 	Device response: <KeyPress from None: t=347.6961894579981, value=x, duration=0.1083607500004291>
348.7014 	EXP 	line1: autoDraw = True
348.7014 	EXP 	line2: autoDraw = True
348.7014 	EXP 	line3: autoDraw = True
348.7014 	EXP 	line4: autoDraw = True
348.7089 	EXP 	Fixation: autoDraw = False
349.6936 	INFO 	Keyboard events cleared
349.6934 	EXP 	protrianglefixation: autoDraw = True
350.4197 	EXP 	Device response: <KeyPress from None: t=350.41007691699997, value=v, duration=None>
350.4201 	EXP 	New trial (rep=34, index=2): <Trial 138 (2 in rep 34) data={'pos': np.int64(50), 'corr_resp': 'c', 'thisN': 138, 'thisTrialN': 2, 'thisRepN': 34}>
350.4250 	DATA 	Keypress: v
350.4305 	EXP 	Fixation: autoDraw = False
350.4305 	EXP 	line1: autoDraw = False
350.4305 	EXP 	line2: autoDraw = False
350.4305 	EXP 	line3: autoDraw = False
350.4305 	EXP 	line4: autoDraw = False
350.4305 	EXP 	protrianglefixation: autoDraw = False
350.4305 	EXP 	Fixation: autoDraw = True
350.5198 	EXP 	Device response: <KeyPress from None: t=350.41007691699997, value=v, duration=0.10437920799813583>
351.4180 	EXP 	line1: autoDraw = True
351.4180 	EXP 	line2: autoDraw = True
351.4180 	EXP 	line3: autoDraw = True
351.4180 	EXP 	line4: autoDraw = True
351.4258 	EXP 	Fixation: autoDraw = False
352.4187 	INFO 	Keyboard events cleared
352.4186 	EXP 	protrianglefixation: autoDraw = True
352.8369 	EXP 	Device response: <KeyPress from None: t=352.8350873329982, value=c, duration=None>
352.8373 	EXP 	New trial (rep=34, index=3): <Trial 139 (3 in rep 34) data={'pos': np.int64(-150), 'corr_resp': 'z', 'thisN': 139, 'thisTrialN': 3, 'thisRepN': 34}>
352.8431 	DATA 	Keypress: c
352.8482 	EXP 	Fixation: autoDraw = False
352.8482 	EXP 	line1: autoDraw = False
352.8482 	EXP 	line2: autoDraw = False
352.8482 	EXP 	line3: autoDraw = False
352.8482 	EXP 	line4: autoDraw = False
352.8482 	EXP 	protrianglefixation: autoDraw = False
352.8482 	EXP 	Fixation: autoDraw = True
352.9876 	EXP 	Device response: <KeyPress from None: t=352.8350873329982, value=c, duration=0.14426920899859397>
353.8354 	EXP 	line1: autoDraw = True
353.8354 	EXP 	line2: autoDraw = True
353.8354 	EXP 	line3: autoDraw = True
353.8354 	EXP 	line4: autoDraw = True
353.8420 	EXP 	Fixation: autoDraw = False
354.8348 	INFO 	Keyboard events cleared
354.8346 	EXP 	protrianglefixation: autoDraw = True
355.2530 	EXP 	Device response: <KeyPress from None: t=355.2429478749982, value=z, duration=None>
355.2534 	EXP 	New trial (rep=35, index=0): <Trial 140 (0 in rep 35) data={'pos': np.int64(-50), 'corr_resp': 'x', 'thisN': 140, 'thisTrialN': 0, 'thisRepN': 35}>
355.2594 	DATA 	Keypress: z
355.2645 	EXP 	Fixation: autoDraw = False
355.2645 	EXP 	line1: autoDraw = False
355.2645 	EXP 	line2: autoDraw = False
355.2645 	EXP 	line3: autoDraw = False
355.2645 	EXP 	line4: autoDraw = False
355.2645 	EXP 	protrianglefixation: autoDraw = False
355.2645 	EXP 	Fixation: autoDraw = True
355.3698 	EXP 	Device response: <KeyPress from None: t=355.2429478749982, value=z, duration=0.12429762499959907>
356.2513 	EXP 	line1: autoDraw = True
356.2513 	EXP 	line2: autoDraw = True
356.2513 	EXP 	line3: autoDraw = True
356.2513 	EXP 	line4: autoDraw = True
356.2588 	EXP 	Fixation: autoDraw = False
357.2696 	INFO 	Keyboard events cleared
357.2694 	EXP 	protrianglefixation: autoDraw = True
357.5935 	EXP 	Device response: <KeyPress from None: t=357.5889430829993, value=x, duration=None>
357.5939 	EXP 	New trial (rep=35, index=1): <Trial 141 (1 in rep 35) data={'pos': np.int64(150), 'corr_resp': 'v', 'thisN': 141, 'thisTrialN': 1, 'thisRepN': 35}>
357.5996 	DATA 	Keypress: x
357.6051 	EXP 	Fixation: autoDraw = False
357.6051 	EXP 	line1: autoDraw = False
357.6051 	EXP 	line2: autoDraw = False
357.6051 	EXP 	line3: autoDraw = False
357.6051 	EXP 	line4: autoDraw = False
357.6051 	EXP 	protrianglefixation: autoDraw = False
357.6051 	EXP 	Fixation: autoDraw = True
357.7209 	EXP 	Device response: <KeyPress from None: t=357.5889430829993, value=x, duration=0.12826524999763933>
358.5930 	EXP 	line1: autoDraw = True
358.5930 	EXP 	line2: autoDraw = True
358.5930 	EXP 	line3: autoDraw = True
358.5930 	EXP 	line4: autoDraw = True
358.6012 	EXP 	Fixation: autoDraw = False
359.5939 	INFO 	Keyboard events cleared
359.5937 	EXP 	protrianglefixation: autoDraw = True
359.9030 	EXP 	Device response: <KeyPress from None: t=359.8928250829995, value=v, duration=None>
359.9034 	EXP 	New trial (rep=35, index=2): <Trial 142 (2 in rep 35) data={'pos': np.int64(50), 'corr_resp': 'c', 'thisN': 142, 'thisTrialN': 2, 'thisRepN': 35}>
359.9093 	DATA 	Keypress: v
359.9142 	EXP 	Fixation: autoDraw = False
359.9142 	EXP 	line1: autoDraw = False
359.9142 	EXP 	line2: autoDraw = False
359.9142 	EXP 	line3: autoDraw = False
359.9142 	EXP 	line4: autoDraw = False
359.9142 	EXP 	protrianglefixation: autoDraw = False
359.9142 	EXP 	Fixation: autoDraw = True
360.0270 	EXP 	Device response: <KeyPress from None: t=359.8928250829995, value=v, duration=0.12833708399921306>
360.9014 	EXP 	line1: autoDraw = True
360.9014 	EXP 	line2: autoDraw = True
360.9014 	EXP 	line3: autoDraw = True
360.9014 	EXP 	line4: autoDraw = True
360.9090 	EXP 	Fixation: autoDraw = False
361.9015 	INFO 	Keyboard events cleared
361.9013 	EXP 	protrianglefixation: autoDraw = True
362.1696 	EXP 	Device response: <KeyPress from None: t=362.1608385419968, value=c, duration=None>
362.1701 	EXP 	New trial (rep=35, index=3): <Trial 143 (3 in rep 35) data={'pos': np.int64(-150), 'corr_resp': 'z', 'thisN': 143, 'thisTrialN': 3, 'thisRepN': 35}>
362.1760 	DATA 	Keypress: c
362.1811 	EXP 	Fixation: autoDraw = False
362.1811 	EXP 	line1: autoDraw = False
362.1811 	EXP 	line2: autoDraw = False
362.1811 	EXP 	line3: autoDraw = False
362.1811 	EXP 	line4: autoDraw = False
362.1811 	EXP 	protrianglefixation: autoDraw = False
362.1811 	EXP 	Fixation: autoDraw = True
362.3032 	EXP 	Device response: <KeyPress from None: t=362.1608385419968, value=c, duration=0.13629716600189568>
363.1680 	EXP 	line1: autoDraw = True
363.1680 	EXP 	line2: autoDraw = True
363.1680 	EXP 	line3: autoDraw = True
363.1680 	EXP 	line4: autoDraw = True
363.1754 	EXP 	Fixation: autoDraw = False
364.1697 	INFO 	Keyboard events cleared
364.1695 	EXP 	protrianglefixation: autoDraw = True
364.5270 	EXP 	Device response: <KeyPress from None: t=364.5226905829986, value=z, duration=None>
364.5275 	EXP 	New trial (rep=36, index=0): <Trial 144 (0 in rep 36) data={'pos': np.int64(-50), 'corr_resp': 'x', 'thisN': 144, 'thisTrialN': 0, 'thisRepN': 36}>
364.5330 	DATA 	Keypress: z
364.5385 	EXP 	Fixation: autoDraw = False
364.5385 	EXP 	line1: autoDraw = False
364.5385 	EXP 	line2: autoDraw = False
364.5385 	EXP 	line3: autoDraw = False
364.5385 	EXP 	line4: autoDraw = False
364.5385 	EXP 	protrianglefixation: autoDraw = False
364.5385 	EXP 	Fixation: autoDraw = True
364.6765 	EXP 	Device response: <KeyPress from None: t=364.5226905829986, value=z, duration=0.1524184170011722>
365.5267 	EXP 	line1: autoDraw = True
365.5267 	EXP 	line2: autoDraw = True
365.5267 	EXP 	line3: autoDraw = True
365.5267 	EXP 	line4: autoDraw = True
365.5346 	EXP 	Fixation: autoDraw = False
366.5262 	INFO 	Keyboard events cleared
366.5260 	EXP 	protrianglefixation: autoDraw = True
366.8863 	EXP 	Device response: <KeyPress from None: t=366.87671770799716, value=x, duration=None>
366.8868 	EXP 	New trial (rep=36, index=1): <Trial 145 (1 in rep 36) data={'pos': np.int64(150), 'corr_resp': 'v', 'thisN': 145, 'thisTrialN': 1, 'thisRepN': 36}>
366.8926 	DATA 	Keypress: x
366.8976 	EXP 	Fixation: autoDraw = False
366.8976 	EXP 	line1: autoDraw = False
366.8976 	EXP 	line2: autoDraw = False
366.8976 	EXP 	line3: autoDraw = False
366.8976 	EXP 	line4: autoDraw = False
366.8976 	EXP 	protrianglefixation: autoDraw = False
366.8976 	EXP 	Fixation: autoDraw = True
367.0041 	EXP 	Device response: <KeyPress from None: t=366.87671770799716, value=x, duration=0.1203587090021756>
367.8846 	EXP 	line1: autoDraw = True
367.8846 	EXP 	line2: autoDraw = True
367.8846 	EXP 	line3: autoDraw = True
367.8846 	EXP 	line4: autoDraw = True
367.8919 	EXP 	Fixation: autoDraw = False
368.8850 	INFO 	Keyboard events cleared
368.8848 	EXP 	protrianglefixation: autoDraw = True
369.6696 	EXP 	Device response: <KeyPress from None: t=369.6626417499974, value=v, duration=None>
369.6701 	EXP 	New trial (rep=36, index=2): <Trial 146 (2 in rep 36) data={'pos': np.int64(50), 'corr_resp': 'c', 'thisN': 146, 'thisTrialN': 2, 'thisRepN': 36}>
369.6761 	DATA 	Keypress: v
369.6811 	EXP 	Fixation: autoDraw = False
369.6811 	EXP 	line1: autoDraw = False
369.6811 	EXP 	line2: autoDraw = False
369.6811 	EXP 	line3: autoDraw = False
369.6811 	EXP 	line4: autoDraw = False
369.6811 	EXP 	protrianglefixation: autoDraw = False
369.6811 	EXP 	Fixation: autoDraw = True
369.8036 	EXP 	Device response: <KeyPress from None: t=369.6626417499974, value=v, duration=0.13229383300131303>
370.6680 	EXP 	line1: autoDraw = True
370.6680 	EXP 	line2: autoDraw = True
370.6680 	EXP 	line3: autoDraw = True
370.6680 	EXP 	line4: autoDraw = True
370.6753 	EXP 	Fixation: autoDraw = False
371.6594 	INFO 	Keyboard events cleared
371.6593 	EXP 	protrianglefixation: autoDraw = True
371.9363 	EXP 	Device response: <KeyPress from None: t=371.9275212499997, value=c, duration=None>
371.9368 	EXP 	New trial (rep=36, index=3): <Trial 147 (3 in rep 36) data={'pos': np.int64(-150), 'corr_resp': 'z', 'thisN': 147, 'thisTrialN': 3, 'thisRepN': 36}>
371.9431 	DATA 	Keypress: c
371.9483 	EXP 	Fixation: autoDraw = False
371.9483 	EXP 	line1: autoDraw = False
371.9483 	EXP 	line2: autoDraw = False
371.9483 	EXP 	line3: autoDraw = False
371.9483 	EXP 	line4: autoDraw = False
371.9483 	EXP 	protrianglefixation: autoDraw = False
371.9483 	EXP 	Fixation: autoDraw = True
372.0868 	EXP 	Device response: <KeyPress from None: t=371.9275212499997, value=c, duration=0.14839029199720244>
372.9346 	EXP 	line1: autoDraw = True
372.9346 	EXP 	line2: autoDraw = True
372.9346 	EXP 	line3: autoDraw = True
372.9346 	EXP 	line4: autoDraw = True
372.9420 	EXP 	Fixation: autoDraw = False
373.9529 	INFO 	Keyboard events cleared
373.9527 	EXP 	protrianglefixation: autoDraw = True
374.4267 	EXP 	Device response: <KeyPress from None: t=374.4225566669993, value=z, duration=None>
374.4272 	EXP 	New trial (rep=37, index=0): <Trial 148 (0 in rep 37) data={'pos': np.int64(-50), 'corr_resp': 'x', 'thisN': 148, 'thisTrialN': 0, 'thisRepN': 37}>
374.4332 	DATA 	Keypress: z
374.4390 	EXP 	Fixation: autoDraw = False
374.4390 	EXP 	line1: autoDraw = False
374.4390 	EXP 	line2: autoDraw = False
374.4390 	EXP 	line3: autoDraw = False
374.4390 	EXP 	line4: autoDraw = False
374.4390 	EXP 	protrianglefixation: autoDraw = False
374.4390 	EXP 	Fixation: autoDraw = True
374.5697 	EXP 	Device response: <KeyPress from None: t=374.4225566669993, value=z, duration=0.14430991599874687>
375.4259 	EXP 	line1: autoDraw = True
375.4259 	EXP 	line2: autoDraw = True
375.4259 	EXP 	line3: autoDraw = True
375.4259 	EXP 	line4: autoDraw = True
375.4347 	EXP 	Fixation: autoDraw = False
376.4255 	INFO 	Keyboard events cleared
376.4253 	EXP 	protrianglefixation: autoDraw = True
376.7269 	EXP 	Device response: <KeyPress from None: t=376.7205221669974, value=x, duration=None>
376.7274 	EXP 	New trial (rep=37, index=1): <Trial 149 (1 in rep 37) data={'pos': np.int64(150), 'corr_resp': 'v', 'thisN': 149, 'thisTrialN': 1, 'thisRepN': 37}>
376.7335 	DATA 	Keypress: x
376.7386 	EXP 	Fixation: autoDraw = False
376.7386 	EXP 	line1: autoDraw = False
376.7386 	EXP 	line2: autoDraw = False
376.7386 	EXP 	line3: autoDraw = False
376.7386 	EXP 	line4: autoDraw = False
376.7386 	EXP 	protrianglefixation: autoDraw = False
376.7386 	EXP 	Fixation: autoDraw = True
376.8541 	EXP 	Device response: <KeyPress from None: t=376.7205221669974, value=x, duration=0.12832725000043865>
377.7268 	EXP 	line1: autoDraw = True
377.7268 	EXP 	line2: autoDraw = True
377.7268 	EXP 	line3: autoDraw = True
377.7268 	EXP 	line4: autoDraw = True
377.7527 	EXP 	Fixation: autoDraw = False
378.7265 	INFO 	Keyboard events cleared
378.7263 	EXP 	protrianglefixation: autoDraw = True
379.4604 	EXP 	Device response: <KeyPress from None: t=379.45236566699896, value=v, duration=None>
379.4608 	EXP 	New trial (rep=37, index=2): <Trial 150 (2 in rep 37) data={'pos': np.int64(50), 'corr_resp': 'c', 'thisN': 150, 'thisTrialN': 2, 'thisRepN': 37}>
379.4668 	DATA 	Keypress: v
379.4721 	EXP 	Fixation: autoDraw = False
379.4721 	EXP 	line1: autoDraw = False
379.4721 	EXP 	line2: autoDraw = False
379.4721 	EXP 	line3: autoDraw = False
379.4721 	EXP 	line4: autoDraw = False
379.4721 	EXP 	protrianglefixation: autoDraw = False
379.4721 	EXP 	Fixation: autoDraw = True
379.6042 	EXP 	Device response: <KeyPress from None: t=379.45236566699896, value=v, duration=0.14033366600051522>
380.4592 	EXP 	line1: autoDraw = True
380.4592 	EXP 	line2: autoDraw = True
380.4592 	EXP 	line3: autoDraw = True
380.4592 	EXP 	line4: autoDraw = True
380.4680 	EXP 	Fixation: autoDraw = False
381.4588 	INFO 	Keyboard events cleared
381.4586 	EXP 	protrianglefixation: autoDraw = True
382.9432 	EXP 	Device response: <KeyPress from None: t=382.94226295800036, value=c, duration=None>
382.9519 	EXP 	New trial (rep=37, index=3): <Trial 151 (3 in rep 37) data={'pos': np.int64(-150), 'corr_resp': 'z', 'thisN': 151, 'thisTrialN': 3, 'thisRepN': 37}>
382.9578 	DATA 	Keypress: c
382.9630 	EXP 	Fixation: autoDraw = False
382.9630 	EXP 	line1: autoDraw = False
382.9630 	EXP 	line2: autoDraw = False
382.9630 	EXP 	line3: autoDraw = False
382.9630 	EXP 	line4: autoDraw = False
382.9630 	EXP 	protrianglefixation: autoDraw = False
382.9630 	EXP 	Fixation: autoDraw = True
383.0700 	EXP 	Device response: <KeyPress from None: t=382.94226295800036, value=c, duration=0.12440566699660849>
383.9424 	EXP 	line1: autoDraw = True
383.9424 	EXP 	line2: autoDraw = True
383.9424 	EXP 	line3: autoDraw = True
383.9424 	EXP 	line4: autoDraw = True
383.9585 	EXP 	Fixation: autoDraw = False
384.9430 	INFO 	Keyboard events cleared
384.9428 	EXP 	protrianglefixation: autoDraw = True
385.3103 	EXP 	Device response: <KeyPress from None: t=385.3032185419979, value=z, duration=None>
385.3107 	EXP 	New trial (rep=38, index=0): <Trial 152 (0 in rep 38) data={'pos': np.int64(-50), 'corr_resp': 'x', 'thisN': 152, 'thisTrialN': 0, 'thisRepN': 38}>
385.3169 	DATA 	Keypress: z
385.3222 	EXP 	Fixation: autoDraw = False
385.3222 	EXP 	line1: autoDraw = False
385.3222 	EXP 	line2: autoDraw = False
385.3222 	EXP 	line3: autoDraw = False
385.3222 	EXP 	line4: autoDraw = False
385.3222 	EXP 	protrianglefixation: autoDraw = False
385.3222 	EXP 	Fixation: autoDraw = True
385.4372 	EXP 	Device response: <KeyPress from None: t=385.3032185419979, value=z, duration=0.12441799999942305>
386.3093 	EXP 	line1: autoDraw = True
386.3093 	EXP 	line2: autoDraw = True
386.3093 	EXP 	line3: autoDraw = True
386.3093 	EXP 	line4: autoDraw = True
386.3181 	EXP 	Fixation: autoDraw = False
387.3098 	INFO 	Keyboard events cleared
387.3096 	EXP 	protrianglefixation: autoDraw = True
387.6533 	EXP 	Device response: <KeyPress from None: t=387.6422316249991, value=z, duration=None>
387.6539 	EXP 	New trial (rep=38, index=1): <Trial 153 (1 in rep 38) data={'pos': np.int64(150), 'corr_resp': 'v', 'thisN': 153, 'thisTrialN': 1, 'thisRepN': 38}>
387.6605 	DATA 	Keypress: z
387.6658 	EXP 	Fixation: autoDraw = False
387.6658 	EXP 	line1: autoDraw = False
387.6658 	EXP 	line2: autoDraw = False
387.6658 	EXP 	line3: autoDraw = False
387.6658 	EXP 	line4: autoDraw = False
387.6658 	EXP 	protrianglefixation: autoDraw = False
387.6658 	EXP 	Fixation: autoDraw = True
387.7537 	EXP 	Device response: <KeyPress from None: t=387.6422316249991, value=z, duration=0.10834833300032187>
388.6514 	EXP 	line1: autoDraw = True
388.6514 	EXP 	line2: autoDraw = True
388.6514 	EXP 	line3: autoDraw = True
388.6514 	EXP 	line4: autoDraw = True
388.6590 	EXP 	Fixation: autoDraw = False
389.6518 	INFO 	Keyboard events cleared
389.6516 	EXP 	protrianglefixation: autoDraw = True
390.5599 	EXP 	Device response: <KeyPress from None: t=390.55608445799953, value=v, duration=None>
390.5603 	EXP 	New trial (rep=38, index=2): <Trial 154 (2 in rep 38) data={'pos': np.int64(50), 'corr_resp': 'c', 'thisN': 154, 'thisTrialN': 2, 'thisRepN': 38}>
390.5673 	DATA 	Keypress: v
390.5725 	EXP 	Fixation: autoDraw = False
390.5725 	EXP 	line1: autoDraw = False
390.5725 	EXP 	line2: autoDraw = False
390.5725 	EXP 	line3: autoDraw = False
390.5725 	EXP 	line4: autoDraw = False
390.5725 	EXP 	protrianglefixation: autoDraw = False
390.5725 	EXP 	Fixation: autoDraw = True
390.6868 	EXP 	Device response: <KeyPress from None: t=390.55608445799953, value=v, duration=0.12445970900080283>
391.5595 	EXP 	line1: autoDraw = True
391.5595 	EXP 	line2: autoDraw = True
391.5595 	EXP 	line3: autoDraw = True
391.5595 	EXP 	line4: autoDraw = True
391.5687 	EXP 	Fixation: autoDraw = False
392.5587 	INFO 	Keyboard events cleared
392.5586 	EXP 	protrianglefixation: autoDraw = True
394.2931 	EXP 	Device response: <KeyPress from None: t=394.29010379199826, value=c, duration=None>
394.2936 	EXP 	New trial (rep=38, index=3): <Trial 155 (3 in rep 38) data={'pos': np.int64(-150), 'corr_resp': 'z', 'thisN': 155, 'thisTrialN': 3, 'thisRepN': 38}>
394.2997 	DATA 	Keypress: c
394.3050 	EXP 	Fixation: autoDraw = False
394.3050 	EXP 	line1: autoDraw = False
394.3050 	EXP 	line2: autoDraw = False
394.3050 	EXP 	line3: autoDraw = False
394.3050 	EXP 	line4: autoDraw = False
394.3050 	EXP 	protrianglefixation: autoDraw = False
394.3050 	EXP 	Fixation: autoDraw = True
394.4594 	EXP 	Device response: <KeyPress from None: t=394.29010379199826, value=c, duration=0.16830979099904653>
395.2931 	EXP 	line1: autoDraw = True
395.2931 	EXP 	line2: autoDraw = True
395.2931 	EXP 	line3: autoDraw = True
395.2931 	EXP 	line4: autoDraw = True
395.3196 	EXP 	Fixation: autoDraw = False
396.2923 	INFO 	Keyboard events cleared
396.2921 	EXP 	protrianglefixation: autoDraw = True
396.6198 	EXP 	Device response: <KeyPress from None: t=396.6180300419983, value=z, duration=None>
396.6205 	EXP 	New trial (rep=39, index=0): <Trial 156 (0 in rep 39) data={'pos': np.int64(-50), 'corr_resp': 'x', 'thisN': 156, 'thisTrialN': 0, 'thisRepN': 39}>
396.6270 	DATA 	Keypress: z
396.6324 	EXP 	Fixation: autoDraw = False
396.6324 	EXP 	line1: autoDraw = False
396.6324 	EXP 	line2: autoDraw = False
396.6324 	EXP 	line3: autoDraw = False
396.6324 	EXP 	line4: autoDraw = False
396.6324 	EXP 	protrianglefixation: autoDraw = False
396.6324 	EXP 	Fixation: autoDraw = True
396.7596 	EXP 	Device response: <KeyPress from None: t=396.6180300419983, value=z, duration=0.14038849999997183>
397.6187 	EXP 	line1: autoDraw = True
397.6187 	EXP 	line2: autoDraw = True
397.6187 	EXP 	line3: autoDraw = True
397.6187 	EXP 	line4: autoDraw = True
397.6264 	EXP 	Fixation: autoDraw = False
398.6181 	INFO 	Keyboard events cleared
398.6179 	EXP 	protrianglefixation: autoDraw = True
399.1102 	EXP 	Device response: <KeyPress from None: t=399.10899233300006, value=x, duration=None>
399.1107 	EXP 	New trial (rep=39, index=1): <Trial 157 (1 in rep 39) data={'pos': np.int64(150), 'corr_resp': 'v', 'thisN': 157, 'thisTrialN': 1, 'thisRepN': 39}>
399.1169 	DATA 	Keypress: x
399.1217 	EXP 	Fixation: autoDraw = False
399.1217 	EXP 	line1: autoDraw = False
399.1217 	EXP 	line2: autoDraw = False
399.1217 	EXP 	line3: autoDraw = False
399.1217 	EXP 	line4: autoDraw = False
399.1217 	EXP 	protrianglefixation: autoDraw = False
399.1217 	EXP 	Fixation: autoDraw = True
399.2429 	EXP 	Device response: <KeyPress from None: t=399.10899233300006, value=x, duration=0.1322704589983914>
400.1101 	EXP 	line1: autoDraw = True
400.1101 	EXP 	line2: autoDraw = True
400.1101 	EXP 	line3: autoDraw = True
400.1101 	EXP 	line4: autoDraw = True
400.1360 	EXP 	Fixation: autoDraw = False
401.1089 	INFO 	Keyboard events cleared
401.1088 	EXP 	protrianglefixation: autoDraw = True
401.9196 	EXP 	Device response: <KeyPress from None: t=401.91080424999745, value=v, duration=None>
401.9201 	EXP 	New trial (rep=39, index=2): <Trial 158 (2 in rep 39) data={'pos': np.int64(50), 'corr_resp': 'c', 'thisN': 158, 'thisTrialN': 2, 'thisRepN': 39}>
401.9264 	DATA 	Keypress: v
401.9316 	EXP 	Fixation: autoDraw = False
401.9316 	EXP 	line1: autoDraw = False
401.9316 	EXP 	line2: autoDraw = False
401.9316 	EXP 	line3: autoDraw = False
401.9316 	EXP 	line4: autoDraw = False
401.9316 	EXP 	protrianglefixation: autoDraw = False
401.9316 	EXP 	Fixation: autoDraw = True
402.0373 	EXP 	Device response: <KeyPress from None: t=401.91080424999745, value=v, duration=0.12042975000076694>
402.9181 	EXP 	line1: autoDraw = True
402.9181 	EXP 	line2: autoDraw = True
402.9181 	EXP 	line3: autoDraw = True
402.9181 	EXP 	line4: autoDraw = True
402.9258 	EXP 	Fixation: autoDraw = False
403.9191 	INFO 	Keyboard events cleared
403.9189 	EXP 	protrianglefixation: autoDraw = True
404.7433 	EXP 	Device response: <KeyPress from None: t=404.73682520799775, value=v, duration=None>
404.7437 	EXP 	New trial (rep=39, index=3): <Trial 159 (3 in rep 39) data={'pos': np.int64(-150), 'corr_resp': 'z', 'thisN': 159, 'thisTrialN': 3, 'thisRepN': 39}>
404.7500 	DATA 	Keypress: v
404.7552 	EXP 	Fixation: autoDraw = False
404.7552 	EXP 	line1: autoDraw = False
404.7552 	EXP 	line2: autoDraw = False
404.7552 	EXP 	line3: autoDraw = False
404.7552 	EXP 	line4: autoDraw = False
404.7552 	EXP 	protrianglefixation: autoDraw = False
404.7552 	EXP 	Fixation: autoDraw = True
404.8762 	EXP 	Device response: <KeyPress from None: t=404.73682520799775, value=v, duration=0.13232766700093634>
405.7432 	EXP 	line1: autoDraw = True
405.7432 	EXP 	line2: autoDraw = True
405.7432 	EXP 	line3: autoDraw = True
405.7432 	EXP 	line4: autoDraw = True
405.7694 	EXP 	Fixation: autoDraw = False
406.7435 	INFO 	Keyboard events cleared
406.7434 	EXP 	protrianglefixation: autoDraw = True
407.4358 	EXP 	Device response: <KeyPress from None: t=407.4337247080002, value=z, duration=None>
407.4363 	EXP 	New trial (rep=40, index=0): <Trial 160 (0 in rep 40) data={'pos': np.int64(-50), 'corr_resp': 'x', 'thisN': 160, 'thisTrialN': 0, 'thisRepN': 40}>
407.4425 	DATA 	Keypress: z
407.4478 	EXP 	Fixation: autoDraw = False
407.4478 	EXP 	line1: autoDraw = False
407.4478 	EXP 	line2: autoDraw = False
407.4478 	EXP 	line3: autoDraw = False
407.4478 	EXP 	line4: autoDraw = False
407.4478 	EXP 	protrianglefixation: autoDraw = False
407.4478 	EXP 	Fixation: autoDraw = True
407.5941 	EXP 	Device response: <KeyPress from None: t=407.4337247080002, value=z, duration=0.15642270899843425>
408.4267 	EXP 	line1: autoDraw = True
408.4267 	EXP 	line2: autoDraw = True
408.4267 	EXP 	line3: autoDraw = True
408.4267 	EXP 	line4: autoDraw = True
408.4696 	EXP 	Fixation: autoDraw = False
409.4348 	INFO 	Keyboard events cleared
409.4346 	EXP 	protrianglefixation: autoDraw = True
410.0367 	EXP 	Device response: <KeyPress from None: t=410.0287397920001, value=x, duration=None>
410.0373 	EXP 	New trial (rep=40, index=1): <Trial 161 (1 in rep 40) data={'pos': np.int64(150), 'corr_resp': 'v', 'thisN': 161, 'thisTrialN': 1, 'thisRepN': 40}>
410.0437 	DATA 	Keypress: x
410.0488 	EXP 	Fixation: autoDraw = False
410.0488 	EXP 	line1: autoDraw = False
410.0488 	EXP 	line2: autoDraw = False
410.0488 	EXP 	line3: autoDraw = False
410.0488 	EXP 	line4: autoDraw = False
410.0488 	EXP 	protrianglefixation: autoDraw = False
410.0488 	EXP 	Fixation: autoDraw = True
410.1532 	EXP 	Device response: <KeyPress from None: t=410.0287397920001, value=x, duration=0.12020158299856121>
411.0345 	EXP 	line1: autoDraw = True
411.0345 	EXP 	line2: autoDraw = True
411.0345 	EXP 	line3: autoDraw = True
411.0345 	EXP 	line4: autoDraw = True
411.0417 	EXP 	Fixation: autoDraw = False
412.0348 	INFO 	Keyboard events cleared
412.0346 	EXP 	protrianglefixation: autoDraw = True
412.8100 	EXP 	Device response: <KeyPress from None: t=412.8078638329971, value=v, duration=None>
412.8104 	EXP 	New trial (rep=40, index=2): <Trial 162 (2 in rep 40) data={'pos': np.int64(50), 'corr_resp': 'c', 'thisN': 162, 'thisTrialN': 2, 'thisRepN': 40}>
412.8164 	DATA 	Keypress: v
412.8220 	EXP 	Fixation: autoDraw = False
412.8220 	EXP 	line1: autoDraw = False
412.8220 	EXP 	line2: autoDraw = False
412.8220 	EXP 	line3: autoDraw = False
412.8220 	EXP 	line4: autoDraw = False
412.8220 	EXP 	protrianglefixation: autoDraw = False
412.8220 	EXP 	Fixation: autoDraw = True
412.9201 	EXP 	Device response: <KeyPress from None: t=412.8078638329971, value=v, duration=0.10802045899981749>
413.8094 	EXP 	line1: autoDraw = True
413.8094 	EXP 	line2: autoDraw = True
413.8094 	EXP 	line3: autoDraw = True
413.8094 	EXP 	line4: autoDraw = True
413.8185 	EXP 	Fixation: autoDraw = False
414.8092 	INFO 	Keyboard events cleared
414.8090 	EXP 	protrianglefixation: autoDraw = True
415.9765 	EXP 	Device response: <KeyPress from None: t=415.9745800419987, value=c, duration=None>
415.9769 	EXP 	New trial (rep=40, index=3): <Trial 163 (3 in rep 40) data={'pos': np.int64(-150), 'corr_resp': 'z', 'thisN': 163, 'thisTrialN': 3, 'thisRepN': 40}>
415.9830 	DATA 	Keypress: c
415.9887 	EXP 	Fixation: autoDraw = False
415.9887 	EXP 	line1: autoDraw = False
415.9887 	EXP 	line2: autoDraw = False
415.9887 	EXP 	line3: autoDraw = False
415.9887 	EXP 	line4: autoDraw = False
415.9887 	EXP 	protrianglefixation: autoDraw = False
415.9887 	EXP 	Fixation: autoDraw = True
416.1035 	EXP 	Device response: <KeyPress from None: t=415.9745800419987, value=c, duration=0.12026104100004886>
416.9761 	EXP 	line1: autoDraw = True
416.9761 	EXP 	line2: autoDraw = True
416.9761 	EXP 	line3: autoDraw = True
416.9761 	EXP 	line4: autoDraw = True
416.9857 	EXP 	Fixation: autoDraw = False
417.9683 	INFO 	Keyboard events cleared
417.9681 	EXP 	protrianglefixation: autoDraw = True
418.2866 	EXP 	Device response: <KeyPress from None: t=418.2815489169989, value=z, duration=None>
418.2872 	EXP 	New trial (rep=41, index=0): <Trial 164 (0 in rep 41) data={'pos': np.int64(-50), 'corr_resp': 'x', 'thisN': 164, 'thisTrialN': 0, 'thisRepN': 41}>
418.2936 	DATA 	Keypress: z
418.2988 	EXP 	Fixation: autoDraw = False
418.2988 	EXP 	line1: autoDraw = False
418.2988 	EXP 	line2: autoDraw = False
418.2988 	EXP 	line3: autoDraw = False
418.2988 	EXP 	line4: autoDraw = False
418.2988 	EXP 	protrianglefixation: autoDraw = False
418.2988 	EXP 	Fixation: autoDraw = True
418.4200 	EXP 	Device response: <KeyPress from None: t=418.2815489169989, value=z, duration=0.13632937500005937>
419.2845 	EXP 	line1: autoDraw = True
419.2845 	EXP 	line2: autoDraw = True
419.2845 	EXP 	line3: autoDraw = True
419.2845 	EXP 	line4: autoDraw = True
419.2917 	EXP 	Fixation: autoDraw = False
420.2847 	INFO 	Keyboard events cleared
420.2845 	EXP 	protrianglefixation: autoDraw = True
420.6029 	EXP 	Device response: <KeyPress from None: t=420.596563916999, value=x, duration=None>
420.6034 	EXP 	New trial (rep=41, index=1): <Trial 165 (1 in rep 41) data={'pos': np.int64(150), 'corr_resp': 'v', 'thisN': 165, 'thisTrialN': 1, 'thisRepN': 41}>
420.6095 	DATA 	Keypress: x
420.6146 	EXP 	Fixation: autoDraw = False
420.6146 	EXP 	line1: autoDraw = False
420.6146 	EXP 	line2: autoDraw = False
420.6146 	EXP 	line3: autoDraw = False
420.6146 	EXP 	line4: autoDraw = False
420.6146 	EXP 	protrianglefixation: autoDraw = False
420.6146 	EXP 	Fixation: autoDraw = True
420.7201 	EXP 	Device response: <KeyPress from None: t=420.596563916999, value=x, duration=0.11224824999953853>
421.6013 	EXP 	line1: autoDraw = True
421.6013 	EXP 	line2: autoDraw = True
421.6013 	EXP 	line3: autoDraw = True
421.6013 	EXP 	line4: autoDraw = True
421.6087 	EXP 	Fixation: autoDraw = False
422.6014 	INFO 	Keyboard events cleared
422.6012 	EXP 	protrianglefixation: autoDraw = True
423.5268 	EXP 	Device response: <KeyPress from None: t=423.5203925829992, value=v, duration=None>
423.5273 	EXP 	New trial (rep=41, index=2): <Trial 166 (2 in rep 41) data={'pos': np.int64(50), 'corr_resp': 'c', 'thisN': 166, 'thisTrialN': 2, 'thisRepN': 41}>
423.5333 	DATA 	Keypress: v
423.5386 	EXP 	Fixation: autoDraw = False
423.5386 	EXP 	line1: autoDraw = False
423.5386 	EXP 	line2: autoDraw = False
423.5386 	EXP 	line3: autoDraw = False
423.5386 	EXP 	line4: autoDraw = False
423.5386 	EXP 	protrianglefixation: autoDraw = False
423.5386 	EXP 	Fixation: autoDraw = True
423.6373 	EXP 	Device response: <KeyPress from None: t=423.5203925829992, value=v, duration=0.11233320899918908>
424.5260 	EXP 	line1: autoDraw = True
424.5260 	EXP 	line2: autoDraw = True
424.5260 	EXP 	line3: autoDraw = True
424.5260 	EXP 	line4: autoDraw = True
424.5347 	EXP 	Fixation: autoDraw = False
425.5260 	INFO 	Keyboard events cleared
425.5259 	EXP 	protrianglefixation: autoDraw = True
426.2942 	EXP 	Device response: <KeyPress from None: t=426.290340749998, value=c, duration=None>
426.2947 	EXP 	New trial (rep=41, index=3): <Trial 167 (3 in rep 41) data={'pos': np.int64(-150), 'corr_resp': 'z', 'thisN': 167, 'thisTrialN': 3, 'thisRepN': 41}>
426.3006 	DATA 	Keypress: c
426.3055 	EXP 	Fixation: autoDraw = False
426.3055 	EXP 	line1: autoDraw = False
426.3055 	EXP 	line2: autoDraw = False
426.3055 	EXP 	line3: autoDraw = False
426.3055 	EXP 	line4: autoDraw = False
426.3055 	EXP 	protrianglefixation: autoDraw = False
426.3055 	EXP 	Fixation: autoDraw = True
426.4438 	EXP 	Device response: <KeyPress from None: t=426.290340749998, value=c, duration=0.14836550000109128>
427.2925 	EXP 	line1: autoDraw = True
427.2925 	EXP 	line2: autoDraw = True
427.2925 	EXP 	line3: autoDraw = True
427.2925 	EXP 	line4: autoDraw = True
427.3020 	EXP 	Fixation: autoDraw = False
428.2926 	INFO 	Keyboard events cleared
428.2925 	EXP 	protrianglefixation: autoDraw = True
428.6537 	EXP 	Device response: <KeyPress from None: t=428.6492514579986, value=z, duration=None>
428.6544 	EXP 	New trial (rep=42, index=0): <Trial 168 (0 in rep 42) data={'pos': np.int64(-50), 'corr_resp': 'x', 'thisN': 168, 'thisTrialN': 0, 'thisRepN': 42}>
428.6608 	DATA 	Keypress: z
428.6662 	EXP 	Fixation: autoDraw = False
428.6662 	EXP 	line1: autoDraw = False
428.6662 	EXP 	line2: autoDraw = False
428.6662 	EXP 	line3: autoDraw = False
428.6662 	EXP 	line4: autoDraw = False
428.6662 	EXP 	protrianglefixation: autoDraw = False
428.6662 	EXP 	Fixation: autoDraw = True
428.8031 	EXP 	Device response: <KeyPress from None: t=428.6492514579986, value=z, duration=0.14833595899835927>
429.6513 	EXP 	line1: autoDraw = True
429.6513 	EXP 	line2: autoDraw = True
429.6513 	EXP 	line3: autoDraw = True
429.6513 	EXP 	line4: autoDraw = True
429.6590 	EXP 	Fixation: autoDraw = False
430.6514 	INFO 	Keyboard events cleared
430.6512 	EXP 	protrianglefixation: autoDraw = True
431.6598 	EXP 	Device response: <KeyPress from None: t=431.656225499999, value=x, duration=None>
431.6603 	EXP 	New trial (rep=42, index=1): <Trial 169 (1 in rep 42) data={'pos': np.int64(150), 'corr_resp': 'v', 'thisN': 169, 'thisTrialN': 1, 'thisRepN': 42}>
431.6663 	DATA 	Keypress: x
431.6718 	EXP 	Fixation: autoDraw = False
431.6718 	EXP 	line1: autoDraw = False
431.6718 	EXP 	line2: autoDraw = False
431.6718 	EXP 	line3: autoDraw = False
431.6718 	EXP 	line4: autoDraw = False
431.6718 	EXP 	protrianglefixation: autoDraw = False
431.6718 	EXP 	Fixation: autoDraw = True
431.7862 	EXP 	Device response: <KeyPress from None: t=431.656225499999, value=x, duration=0.12832420799895772>
432.6512 	EXP 	line1: autoDraw = True
432.6512 	EXP 	line2: autoDraw = True
432.6512 	EXP 	line3: autoDraw = True
432.6512 	EXP 	line4: autoDraw = True
432.6687 	EXP 	Fixation: autoDraw = False
433.6595 	INFO 	Keyboard events cleared
433.6594 	EXP 	protrianglefixation: autoDraw = True
433.9528 	EXP 	Device response: <KeyPress from None: t=433.94606445799946, value=v, duration=None>
433.9532 	EXP 	New trial (rep=42, index=2): <Trial 170 (2 in rep 42) data={'pos': np.int64(50), 'corr_resp': 'c', 'thisN': 170, 'thisTrialN': 2, 'thisRepN': 42}>
433.9596 	DATA 	Keypress: v
433.9648 	EXP 	Fixation: autoDraw = False
433.9648 	EXP 	line1: autoDraw = False
433.9648 	EXP 	line2: autoDraw = False
433.9648 	EXP 	line3: autoDraw = False
433.9648 	EXP 	line4: autoDraw = False
433.9648 	EXP 	protrianglefixation: autoDraw = False
433.9648 	EXP 	Fixation: autoDraw = True
434.0933 	EXP 	Device response: <KeyPress from None: t=433.94606445799946, value=v, duration=0.14464316699741175>
434.9435 	EXP 	line1: autoDraw = True
434.9435 	EXP 	line2: autoDraw = True
434.9435 	EXP 	line3: autoDraw = True
434.9435 	EXP 	line4: autoDraw = True
434.9862 	EXP 	Fixation: autoDraw = False
435.9515 	INFO 	Keyboard events cleared
435.9514 	EXP 	protrianglefixation: autoDraw = True
436.3931 	EXP 	Device response: <KeyPress from None: t=436.39110208299826, value=c, duration=None>
436.3935 	EXP 	New trial (rep=42, index=3): <Trial 171 (3 in rep 42) data={'pos': np.int64(-150), 'corr_resp': 'z', 'thisN': 171, 'thisTrialN': 3, 'thisRepN': 42}>
436.3996 	DATA 	Keypress: c
436.4052 	EXP 	Fixation: autoDraw = False
436.4052 	EXP 	line1: autoDraw = False
436.4052 	EXP 	line2: autoDraw = False
436.4052 	EXP 	line3: autoDraw = False
436.4052 	EXP 	line4: autoDraw = False
436.4052 	EXP 	protrianglefixation: autoDraw = False
436.4052 	EXP 	Fixation: autoDraw = True
436.5362 	EXP 	Device response: <KeyPress from None: t=436.39110208299826, value=c, duration=0.1363332500004617>
437.3919 	EXP 	line1: autoDraw = True
437.3919 	EXP 	line2: autoDraw = True
437.3919 	EXP 	line3: autoDraw = True
437.3919 	EXP 	line4: autoDraw = True
437.4019 	EXP 	Fixation: autoDraw = False
438.3924 	INFO 	Keyboard events cleared
438.3922 	EXP 	protrianglefixation: autoDraw = True
439.0430 	EXP 	Device response: <KeyPress from None: t=439.0420583749983, value=z, duration=None>
439.0435 	EXP 	New trial (rep=43, index=0): <Trial 172 (0 in rep 43) data={'pos': np.int64(-50), 'corr_resp': 'x', 'thisN': 172, 'thisTrialN': 0, 'thisRepN': 43}>
439.0495 	DATA 	Keypress: z
439.0550 	EXP 	Fixation: autoDraw = False
439.0550 	EXP 	line1: autoDraw = False
439.0550 	EXP 	line2: autoDraw = False
439.0550 	EXP 	line3: autoDraw = False
439.0550 	EXP 	line4: autoDraw = False
439.0550 	EXP 	protrianglefixation: autoDraw = False
439.0550 	EXP 	Fixation: autoDraw = True
439.1700 	EXP 	Device response: <KeyPress from None: t=439.0420583749983, value=z, duration=0.12426195800071582>
440.0423 	EXP 	line1: autoDraw = True
440.0423 	EXP 	line2: autoDraw = True
440.0423 	EXP 	line3: autoDraw = True
440.0423 	EXP 	line4: autoDraw = True
440.0515 	EXP 	Fixation: autoDraw = False
441.0347 	INFO 	Keyboard events cleared
441.0345 	EXP 	protrianglefixation: autoDraw = True
442.0695 	EXP 	Device response: <KeyPress from None: t=442.0635330419973, value=x, duration=None>
442.0700 	EXP 	New trial (rep=43, index=1): <Trial 173 (1 in rep 43) data={'pos': np.int64(150), 'corr_resp': 'v', 'thisN': 173, 'thisTrialN': 1, 'thisRepN': 43}>
442.0763 	DATA 	Keypress: x
442.0813 	EXP 	Fixation: autoDraw = False
442.0813 	EXP 	line1: autoDraw = False
442.0813 	EXP 	line2: autoDraw = False
442.0813 	EXP 	line3: autoDraw = False
442.0813 	EXP 	line4: autoDraw = False
442.0813 	EXP 	protrianglefixation: autoDraw = False
442.0813 	EXP 	Fixation: autoDraw = True
442.1710 	EXP 	Device response: <KeyPress from None: t=442.0635330419973, value=x, duration=0.09563241599971661>
443.0592 	EXP 	line1: autoDraw = True
443.0592 	EXP 	line2: autoDraw = True
443.0592 	EXP 	line3: autoDraw = True
443.0592 	EXP 	line4: autoDraw = True
443.0757 	EXP 	Fixation: autoDraw = False
444.0680 	INFO 	Keyboard events cleared
444.0678 	EXP 	protrianglefixation: autoDraw = True
445.0268 	EXP 	Device response: <KeyPress from None: t=445.0198785829998, value=v, duration=None>
445.0273 	EXP 	New trial (rep=43, index=2): <Trial 174 (2 in rep 43) data={'pos': np.int64(50), 'corr_resp': 'c', 'thisN': 174, 'thisTrialN': 2, 'thisRepN': 43}>
445.0333 	DATA 	Keypress: v
445.0389 	EXP 	Fixation: autoDraw = False
445.0389 	EXP 	line1: autoDraw = False
445.0389 	EXP 	line2: autoDraw = False
445.0389 	EXP 	line3: autoDraw = False
445.0389 	EXP 	line4: autoDraw = False
445.0389 	EXP 	protrianglefixation: autoDraw = False
445.0389 	EXP 	Fixation: autoDraw = True
445.1532 	EXP 	Device response: <KeyPress from None: t=445.0198785829998, value=v, duration=0.12826804199721664>
446.0268 	EXP 	line1: autoDraw = True
446.0268 	EXP 	line2: autoDraw = True
446.0268 	EXP 	line3: autoDraw = True
446.0268 	EXP 	line4: autoDraw = True
446.0526 	EXP 	Fixation: autoDraw = False
447.0258 	INFO 	Keyboard events cleared
447.0257 	EXP 	protrianglefixation: autoDraw = True
448.1102 	EXP 	Device response: <KeyPress from None: t=448.10485066699766, value=c, duration=None>
448.1107 	EXP 	New trial (rep=43, index=3): <Trial 175 (3 in rep 43) data={'pos': np.int64(-150), 'corr_resp': 'z', 'thisN': 175, 'thisTrialN': 3, 'thisRepN': 43}>
448.1168 	DATA 	Keypress: c
448.1219 	EXP 	Fixation: autoDraw = False
448.1219 	EXP 	line1: autoDraw = False
448.1219 	EXP 	line2: autoDraw = False
448.1219 	EXP 	line3: autoDraw = False
448.1219 	EXP 	line4: autoDraw = False
448.1219 	EXP 	protrianglefixation: autoDraw = False
448.1219 	EXP 	Fixation: autoDraw = True
448.2369 	EXP 	Device response: <KeyPress from None: t=448.10485066699766, value=c, duration=0.12823329100137926>
449.1017 	EXP 	line1: autoDraw = True
449.1017 	EXP 	line2: autoDraw = True
449.1017 	EXP 	line3: autoDraw = True
449.1017 	EXP 	line4: autoDraw = True
449.1184 	EXP 	Fixation: autoDraw = False
450.1091 	INFO 	Keyboard events cleared
450.1090 	EXP 	protrianglefixation: autoDraw = True
450.4364 	EXP 	Device response: <KeyPress from None: t=450.4296652499979, value=z, duration=None>
450.4367 	EXP 	New trial (rep=44, index=0): <Trial 176 (0 in rep 44) data={'pos': np.int64(-50), 'corr_resp': 'x', 'thisN': 176, 'thisTrialN': 0, 'thisRepN': 44}>
450.4424 	DATA 	Keypress: z
450.4477 	EXP 	Fixation: autoDraw = False
450.4477 	EXP 	line1: autoDraw = False
450.4477 	EXP 	line2: autoDraw = False
450.4477 	EXP 	line3: autoDraw = False
450.4477 	EXP 	line4: autoDraw = False
450.4477 	EXP 	protrianglefixation: autoDraw = False
450.4477 	EXP 	Fixation: autoDraw = True
450.5581 	EXP 	Device response: <KeyPress from None: t=450.4296652499979, value=z, duration=0.12438133300020127>
451.4356 	EXP 	line1: autoDraw = True
451.4356 	EXP 	line2: autoDraw = True
451.4356 	EXP 	line3: autoDraw = True
451.4356 	EXP 	line4: autoDraw = True
451.4408 	EXP 	Fixation: autoDraw = False
452.4348 	INFO 	Keyboard events cleared
452.4346 	EXP 	protrianglefixation: autoDraw = True
453.0096 	EXP 	Device response: <KeyPress from None: t=453.006672083, value=x, duration=None>
453.0100 	EXP 	New trial (rep=44, index=1): <Trial 177 (1 in rep 44) data={'pos': np.int64(150), 'corr_resp': 'v', 'thisN': 177, 'thisTrialN': 1, 'thisRepN': 44}>
453.0145 	DATA 	Keypress: x
453.0362 	EXP 	Fixation: autoDraw = False
453.0362 	EXP 	line1: autoDraw = False
453.0362 	EXP 	line2: autoDraw = False
453.0362 	EXP 	line3: autoDraw = False
453.0362 	EXP 	line4: autoDraw = False
453.0362 	EXP 	protrianglefixation: autoDraw = False
453.0362 	EXP 	Fixation: autoDraw = True
453.1429 	EXP 	Device response: <KeyPress from None: t=453.006672083, value=x, duration=0.13232833399888477>
454.0093 	EXP 	line1: autoDraw = True
454.0093 	EXP 	line2: autoDraw = True
454.0093 	EXP 	line3: autoDraw = True
454.0093 	EXP 	line4: autoDraw = True
454.0346 	EXP 	Fixation: autoDraw = False
455.0107 	INFO 	Keyboard events cleared
455.0105 	EXP 	protrianglefixation: autoDraw = True
455.9359 	EXP 	Device response: <KeyPress from None: t=455.9335199579982, value=v, duration=None>
455.9363 	EXP 	New trial (rep=44, index=2): <Trial 178 (2 in rep 44) data={'pos': np.int64(50), 'corr_resp': 'c', 'thisN': 178, 'thisTrialN': 2, 'thisRepN': 44}>
455.9427 	DATA 	Keypress: v
455.9477 	EXP 	Fixation: autoDraw = False
455.9477 	EXP 	line1: autoDraw = False
455.9477 	EXP 	line2: autoDraw = False
455.9477 	EXP 	line3: autoDraw = False
455.9477 	EXP 	line4: autoDraw = False
455.9477 	EXP 	protrianglefixation: autoDraw = False
455.9477 	EXP 	Fixation: autoDraw = True
456.0429 	EXP 	Device response: <KeyPress from None: t=455.9335199579982, value=v, duration=0.10447254199971212>
456.9345 	EXP 	line1: autoDraw = True
456.9345 	EXP 	line2: autoDraw = True
456.9345 	EXP 	line3: autoDraw = True
456.9345 	EXP 	line4: autoDraw = True
456.9420 	EXP 	Fixation: autoDraw = False
457.9346 	INFO 	Keyboard events cleared
457.9345 	EXP 	protrianglefixation: autoDraw = True
458.8527 	EXP 	Device response: <KeyPress from None: t=458.8476160419996, value=v, duration=None>
458.8531 	EXP 	New trial (rep=44, index=3): <Trial 179 (3 in rep 44) data={'pos': np.int64(-150), 'corr_resp': 'z', 'thisN': 179, 'thisTrialN': 3, 'thisRepN': 44}>
458.8577 	DATA 	Keypress: v
458.8623 	EXP 	Fixation: autoDraw = False
458.8623 	EXP 	line1: autoDraw = False
458.8623 	EXP 	line2: autoDraw = False
458.8623 	EXP 	line3: autoDraw = False
458.8623 	EXP 	line4: autoDraw = False
458.8623 	EXP 	protrianglefixation: autoDraw = False
458.8623 	EXP 	Fixation: autoDraw = True
458.9701 	EXP 	Device response: <KeyPress from None: t=458.8476160419996, value=v, duration=0.11619612499998766>
459.8513 	EXP 	line1: autoDraw = True
459.8513 	EXP 	line2: autoDraw = True
459.8513 	EXP 	line3: autoDraw = True
459.8513 	EXP 	line4: autoDraw = True
459.8589 	EXP 	Fixation: autoDraw = False
460.8518 	INFO 	Keyboard events cleared
460.8516 	EXP 	protrianglefixation: autoDraw = True
461.3361 	EXP 	Device response: <KeyPress from None: t=461.3334979169995, value=z, duration=None>
461.3364 	EXP 	New trial (rep=45, index=0): <Trial 180 (0 in rep 45) data={'pos': np.int64(-50), 'corr_resp': 'x', 'thisN': 180, 'thisTrialN': 0, 'thisRepN': 45}>
461.3408 	DATA 	Keypress: z
461.3457 	EXP 	Fixation: autoDraw = False
461.3457 	EXP 	line1: autoDraw = False
461.3457 	EXP 	line2: autoDraw = False
461.3457 	EXP 	line3: autoDraw = False
461.3457 	EXP 	line4: autoDraw = False
461.3457 	EXP 	protrianglefixation: autoDraw = False
461.3457 	EXP 	Fixation: autoDraw = True
461.4751 	EXP 	Device response: <KeyPress from None: t=461.3334979169995, value=z, duration=0.13624224999875878>
462.3347 	EXP 	line1: autoDraw = True
462.3347 	EXP 	line2: autoDraw = True
462.3347 	EXP 	line3: autoDraw = True
462.3347 	EXP 	line4: autoDraw = True
462.3422 	EXP 	Fixation: autoDraw = False
463.3347 	INFO 	Keyboard events cleared
463.3345 	EXP 	protrianglefixation: autoDraw = True
463.7527 	EXP 	Device response: <KeyPress from None: t=463.7514123330002, value=x, duration=None>
463.7532 	EXP 	New trial (rep=45, index=1): <Trial 181 (1 in rep 45) data={'pos': np.int64(150), 'corr_resp': 'v', 'thisN': 181, 'thisTrialN': 1, 'thisRepN': 45}>
463.7585 	DATA 	Keypress: x
463.7635 	EXP 	Fixation: autoDraw = False
463.7635 	EXP 	line1: autoDraw = False
463.7635 	EXP 	line2: autoDraw = False
463.7635 	EXP 	line3: autoDraw = False
463.7635 	EXP 	line4: autoDraw = False
463.7635 	EXP 	protrianglefixation: autoDraw = False
463.7635 	EXP 	Fixation: autoDraw = True
463.8768 	EXP 	Device response: <KeyPress from None: t=463.7514123330002, value=x, duration=0.12037004199737567>
464.7423 	EXP 	line1: autoDraw = True
464.7423 	EXP 	line2: autoDraw = True
464.7423 	EXP 	line3: autoDraw = True
464.7423 	EXP 	line4: autoDraw = True
464.7591 	EXP 	Fixation: autoDraw = False
465.7514 	INFO 	Keyboard events cleared
465.7512 	EXP 	protrianglefixation: autoDraw = True
466.5435 	EXP 	Device response: <KeyPress from None: t=466.5352638749973, value=v, duration=None>
466.5440 	EXP 	New trial (rep=45, index=2): <Trial 182 (2 in rep 45) data={'pos': np.int64(50), 'corr_resp': 'c', 'thisN': 182, 'thisTrialN': 2, 'thisRepN': 45}>
466.5494 	DATA 	Keypress: v
466.5552 	EXP 	Fixation: autoDraw = False
466.5552 	EXP 	line1: autoDraw = False
466.5552 	EXP 	line2: autoDraw = False
466.5552 	EXP 	line3: autoDraw = False
466.5552 	EXP 	line4: autoDraw = False
466.5552 	EXP 	protrianglefixation: autoDraw = False
466.5552 	EXP 	Fixation: autoDraw = True
466.6534 	EXP 	Device response: <KeyPress from None: t=466.5352638749973, value=v, duration=0.1083765420007694>
467.5428 	EXP 	line1: autoDraw = True
467.5428 	EXP 	line2: autoDraw = True
467.5428 	EXP 	line3: autoDraw = True
467.5428 	EXP 	line4: autoDraw = True
467.5519 	EXP 	Fixation: autoDraw = False
468.5438 	INFO 	Keyboard events cleared
468.5436 	EXP 	protrianglefixation: autoDraw = True
469.5267 	EXP 	Device response: <KeyPress from None: t=469.52228599999944, value=c, duration=None>
469.5272 	EXP 	New trial (rep=45, index=3): <Trial 183 (3 in rep 45) data={'pos': np.int64(-150), 'corr_resp': 'z', 'thisN': 183, 'thisTrialN': 3, 'thisRepN': 45}>
469.5327 	DATA 	Keypress: c
469.5381 	EXP 	Fixation: autoDraw = False
469.5381 	EXP 	line1: autoDraw = False
469.5381 	EXP 	line2: autoDraw = False
469.5381 	EXP 	line3: autoDraw = False
469.5381 	EXP 	line4: autoDraw = False
469.5381 	EXP 	protrianglefixation: autoDraw = False
469.5381 	EXP 	Fixation: autoDraw = True
469.6593 	EXP 	Device response: <KeyPress from None: t=469.52228599999944, value=c, duration=0.1323651249986142>
470.5270 	EXP 	line1: autoDraw = True
470.5270 	EXP 	line2: autoDraw = True
470.5270 	EXP 	line3: autoDraw = True
470.5270 	EXP 	line4: autoDraw = True
470.5526 	EXP 	Fixation: autoDraw = False
471.5256 	INFO 	Keyboard events cleared
471.5254 	EXP 	protrianglefixation: autoDraw = True
472.0093 	EXP 	Device response: <KeyPress from None: t=472.0031192079987, value=z, duration=None>
472.0097 	EXP 	New trial (rep=46, index=0): <Trial 184 (0 in rep 46) data={'pos': np.int64(-50), 'corr_resp': 'x', 'thisN': 184, 'thisTrialN': 0, 'thisRepN': 46}>
472.0141 	DATA 	Keypress: z
472.0358 	EXP 	Fixation: autoDraw = False
472.0358 	EXP 	line1: autoDraw = False
472.0358 	EXP 	line2: autoDraw = False
472.0358 	EXP 	line3: autoDraw = False
472.0358 	EXP 	line4: autoDraw = False
472.0358 	EXP 	protrianglefixation: autoDraw = False
472.0358 	EXP 	Fixation: autoDraw = True
472.1246 	EXP 	Device response: <KeyPress from None: t=472.0031192079987, value=z, duration=0.12034454199965694>
473.0089 	EXP 	line1: autoDraw = True
473.0089 	EXP 	line2: autoDraw = True
473.0089 	EXP 	line3: autoDraw = True
473.0089 	EXP 	line4: autoDraw = True
473.0346 	EXP 	Fixation: autoDraw = False
474.0089 	INFO 	Keyboard events cleared
474.0088 	EXP 	protrianglefixation: autoDraw = True
474.5537 	EXP 	Device response: <KeyPress from None: t=474.52616566699726, value=x, duration=None>
474.5542 	EXP 	New trial (rep=46, index=1): <Trial 185 (1 in rep 46) data={'pos': np.int64(150), 'corr_resp': 'v', 'thisN': 185, 'thisTrialN': 1, 'thisRepN': 46}>
474.5596 	DATA 	Keypress: x
474.5693 	EXP 	Fixation: autoDraw = False
474.5693 	EXP 	line1: autoDraw = False
474.5693 	EXP 	line2: autoDraw = False
474.5693 	EXP 	line3: autoDraw = False
474.5693 	EXP 	line4: autoDraw = False
474.5693 	EXP 	protrianglefixation: autoDraw = False
474.5693 	EXP 	Fixation: autoDraw = True
474.6704 	EXP 	Device response: <KeyPress from None: t=474.52616566699726, value=x, duration=0.12831595800162177>
475.5511 	EXP 	line1: autoDraw = True
475.5511 	EXP 	line2: autoDraw = True
475.5511 	EXP 	line3: autoDraw = True
475.5511 	EXP 	line4: autoDraw = True
475.5679 	EXP 	Fixation: autoDraw = False
476.5513 	INFO 	Keyboard events cleared
476.5511 	EXP 	protrianglefixation: autoDraw = True
477.3099 	EXP 	Device response: <KeyPress from None: t=477.30210008299764, value=v, duration=None>
477.3103 	EXP 	New trial (rep=46, index=2): <Trial 186 (2 in rep 46) data={'pos': np.int64(50), 'corr_resp': 'c', 'thisN': 186, 'thisTrialN': 2, 'thisRepN': 46}>
477.3154 	DATA 	Keypress: v
477.3214 	EXP 	Fixation: autoDraw = False
477.3214 	EXP 	line1: autoDraw = False
477.3214 	EXP 	line2: autoDraw = False
477.3214 	EXP 	line3: autoDraw = False
477.3214 	EXP 	line4: autoDraw = False
477.3214 	EXP 	protrianglefixation: autoDraw = False
477.3214 	EXP 	Fixation: autoDraw = True
477.4089 	EXP 	Device response: <KeyPress from None: t=477.30210008299764, value=v, duration=0.10486200000013923>
478.3085 	EXP 	line1: autoDraw = True
478.3085 	EXP 	line2: autoDraw = True
478.3085 	EXP 	line3: autoDraw = True
478.3085 	EXP 	line4: autoDraw = True
478.3179 	EXP 	Fixation: autoDraw = False
479.3362 	INFO 	Keyboard events cleared
479.3360 	EXP 	protrianglefixation: autoDraw = True
480.5361 	EXP 	Device response: <KeyPress from None: t=480.52907649999906, value=c, duration=None>
480.5366 	EXP 	New trial (rep=46, index=3): <Trial 187 (3 in rep 46) data={'pos': np.int64(-150), 'corr_resp': 'z', 'thisN': 187, 'thisTrialN': 3, 'thisRepN': 46}>
480.5431 	DATA 	Keypress: c
480.5485 	EXP 	Fixation: autoDraw = False
480.5485 	EXP 	line1: autoDraw = False
480.5485 	EXP 	line2: autoDraw = False
480.5485 	EXP 	line3: autoDraw = False
480.5485 	EXP 	line4: autoDraw = False
480.5485 	EXP 	protrianglefixation: autoDraw = False
480.5485 	EXP 	Fixation: autoDraw = True
480.6931 	EXP 	Device response: <KeyPress from None: t=480.52907649999906, value=c, duration=0.15632566699787276>
481.5351 	EXP 	line1: autoDraw = True
481.5351 	EXP 	line2: autoDraw = True
481.5351 	EXP 	line3: autoDraw = True
481.5351 	EXP 	line4: autoDraw = True
481.5418 	EXP 	Fixation: autoDraw = False
482.5352 	INFO 	Keyboard events cleared
482.5351 	EXP 	protrianglefixation: autoDraw = True
482.9432 	EXP 	Device response: <KeyPress from None: t=482.93792587499775, value=z, duration=None>
482.9437 	EXP 	New trial (rep=47, index=0): <Trial 188 (0 in rep 47) data={'pos': np.int64(-50), 'corr_resp': 'x', 'thisN': 188, 'thisTrialN': 0, 'thisRepN': 47}>
482.9500 	DATA 	Keypress: z
482.9553 	EXP 	Fixation: autoDraw = False
482.9553 	EXP 	line1: autoDraw = False
482.9553 	EXP 	line2: autoDraw = False
482.9553 	EXP 	line3: autoDraw = False
482.9553 	EXP 	line4: autoDraw = False
482.9553 	EXP 	protrianglefixation: autoDraw = False
482.9553 	EXP 	Fixation: autoDraw = True
483.0928 	EXP 	Device response: <KeyPress from None: t=482.93792587499775, value=z, duration=0.14832108300106484>
483.9434 	EXP 	line1: autoDraw = True
483.9434 	EXP 	line2: autoDraw = True
483.9434 	EXP 	line3: autoDraw = True
483.9434 	EXP 	line4: autoDraw = True
483.9693 	EXP 	Fixation: autoDraw = False
484.9353 	INFO 	Keyboard events cleared
484.9352 	EXP 	protrianglefixation: autoDraw = True
485.9933 	EXP 	Device response: <KeyPress from None: t=485.9908586249985, value=x, duration=None>
485.9938 	EXP 	New trial (rep=47, index=1): <Trial 189 (1 in rep 47) data={'pos': np.int64(150), 'corr_resp': 'v', 'thisN': 189, 'thisTrialN': 1, 'thisRepN': 47}>
485.9996 	DATA 	Keypress: x
486.0054 	EXP 	Fixation: autoDraw = False
486.0054 	EXP 	line1: autoDraw = False
486.0054 	EXP 	line2: autoDraw = False
486.0054 	EXP 	line3: autoDraw = False
486.0054 	EXP 	line4: autoDraw = False
486.0054 	EXP 	protrianglefixation: autoDraw = False
486.0054 	EXP 	Fixation: autoDraw = True
486.1210 	EXP 	Device response: <KeyPress from None: t=485.9908586249985, value=x, duration=0.12434091699833516>
486.9924 	EXP 	line1: autoDraw = True
486.9924 	EXP 	line2: autoDraw = True
486.9924 	EXP 	line3: autoDraw = True
486.9924 	EXP 	line4: autoDraw = True
487.0017 	EXP 	Fixation: autoDraw = False
487.9925 	INFO 	Keyboard events cleared
487.9923 	EXP 	protrianglefixation: autoDraw = True
488.7935 	EXP 	Device response: <KeyPress from None: t=488.7858092919996, value=v, duration=None>
488.7941 	EXP 	New trial (rep=47, index=2): <Trial 190 (2 in rep 47) data={'pos': np.int64(50), 'corr_resp': 'c', 'thisN': 190, 'thisTrialN': 2, 'thisRepN': 47}>
488.8004 	DATA 	Keypress: v
488.8062 	EXP 	Fixation: autoDraw = False
488.8062 	EXP 	line1: autoDraw = False
488.8062 	EXP 	line2: autoDraw = False
488.8062 	EXP 	line3: autoDraw = False
488.8062 	EXP 	line4: autoDraw = False
488.8062 	EXP 	protrianglefixation: autoDraw = False
488.8062 	EXP 	Fixation: autoDraw = True
488.9212 	EXP 	Device response: <KeyPress from None: t=488.7858092919996, value=v, duration=0.12427812500027358>
489.7922 	EXP 	line1: autoDraw = True
489.7922 	EXP 	line2: autoDraw = True
489.7922 	EXP 	line3: autoDraw = True
489.7922 	EXP 	line4: autoDraw = True
489.8014 	EXP 	Fixation: autoDraw = False
490.7926 	INFO 	Keyboard events cleared
490.7924 	EXP 	protrianglefixation: autoDraw = True
491.7940 	EXP 	Device response: <KeyPress from None: t=491.78575262499726, value=c, duration=None>
491.7944 	EXP 	New trial (rep=47, index=3): <Trial 191 (3 in rep 47) data={'pos': np.int64(-150), 'corr_resp': 'z', 'thisN': 191, 'thisTrialN': 3, 'thisRepN': 47}>
491.8004 	DATA 	Keypress: c
491.8054 	EXP 	Fixation: autoDraw = False
491.8054 	EXP 	line1: autoDraw = False
491.8054 	EXP 	line2: autoDraw = False
491.8054 	EXP 	line3: autoDraw = False
491.8054 	EXP 	line4: autoDraw = False
491.8054 	EXP 	protrianglefixation: autoDraw = False
491.8054 	EXP 	Fixation: autoDraw = True
491.9086 	EXP 	Device response: <KeyPress from None: t=491.78575262499726, value=c, duration=0.1203200830022979>
492.7937 	EXP 	line1: autoDraw = True
492.7937 	EXP 	line2: autoDraw = True
492.7937 	EXP 	line3: autoDraw = True
492.7937 	EXP 	line4: autoDraw = True
492.8194 	EXP 	Fixation: autoDraw = False
493.7921 	INFO 	Keyboard events cleared
493.7919 	EXP 	protrianglefixation: autoDraw = True
494.2527 	EXP 	Device response: <KeyPress from None: t=494.24564612500035, value=z, duration=None>
494.2531 	EXP 	New trial (rep=48, index=0): <Trial 192 (0 in rep 48) data={'pos': np.int64(-50), 'corr_resp': 'x', 'thisN': 192, 'thisTrialN': 0, 'thisRepN': 48}>
494.2587 	DATA 	Keypress: z
494.2639 	EXP 	Fixation: autoDraw = False
494.2639 	EXP 	line1: autoDraw = False
494.2639 	EXP 	line2: autoDraw = False
494.2639 	EXP 	line3: autoDraw = False
494.2639 	EXP 	line4: autoDraw = False
494.2639 	EXP 	protrianglefixation: autoDraw = False
494.2639 	EXP 	Fixation: autoDraw = True
494.4028 	EXP 	Device response: <KeyPress from None: t=494.24564612500035, value=z, duration=0.15241224999772385>
495.2512 	EXP 	line1: autoDraw = True
495.2512 	EXP 	line2: autoDraw = True
495.2512 	EXP 	line3: autoDraw = True
495.2512 	EXP 	line4: autoDraw = True
495.2588 	EXP 	Fixation: autoDraw = False
496.2515 	INFO 	Keyboard events cleared
496.2514 	EXP 	protrianglefixation: autoDraw = True
496.6205 	EXP 	Device response: <KeyPress from None: t=496.6176937499986, value=x, duration=None>
496.6209 	EXP 	New trial (rep=48, index=1): <Trial 193 (1 in rep 48) data={'pos': np.int64(150), 'corr_resp': 'v', 'thisN': 193, 'thisTrialN': 1, 'thisRepN': 48}>
496.6272 	DATA 	Keypress: x
496.6346 	EXP 	Fixation: autoDraw = False
496.6346 	EXP 	line1: autoDraw = False
496.6346 	EXP 	line2: autoDraw = False
496.6346 	EXP 	line3: autoDraw = False
496.6346 	EXP 	line4: autoDraw = False
496.6346 	EXP 	protrianglefixation: autoDraw = False
496.6346 	EXP 	Fixation: autoDraw = True
496.7522 	EXP 	Device response: <KeyPress from None: t=496.6176937499986, value=x, duration=0.1281904579991533>
497.6179 	EXP 	line1: autoDraw = True
497.6179 	EXP 	line2: autoDraw = True
497.6179 	EXP 	line3: autoDraw = True
497.6179 	EXP 	line4: autoDraw = True
497.6256 	EXP 	Fixation: autoDraw = False
498.6273 	INFO 	Keyboard events cleared
498.6271 	EXP 	protrianglefixation: autoDraw = True
499.8696 	EXP 	Device response: <KeyPress from None: t=499.86259320799945, value=v, duration=None>
499.8701 	EXP 	New trial (rep=48, index=2): <Trial 194 (2 in rep 48) data={'pos': np.int64(50), 'corr_resp': 'c', 'thisN': 194, 'thisTrialN': 2, 'thisRepN': 48}>
499.8763 	DATA 	Keypress: v
499.8814 	EXP 	Fixation: autoDraw = False
499.8814 	EXP 	line1: autoDraw = False
499.8814 	EXP 	line2: autoDraw = False
499.8814 	EXP 	line3: autoDraw = False
499.8814 	EXP 	line4: autoDraw = False
499.8814 	EXP 	protrianglefixation: autoDraw = False
499.8814 	EXP 	Fixation: autoDraw = True
500.0032 	EXP 	Device response: <KeyPress from None: t=499.86259320799945, value=v, duration=0.1322686249986873>
500.8678 	EXP 	line1: autoDraw = True
500.8678 	EXP 	line2: autoDraw = True
500.8678 	EXP 	line3: autoDraw = True
500.8678 	EXP 	line4: autoDraw = True
500.8752 	EXP 	Fixation: autoDraw = False
501.8679 	INFO 	Keyboard events cleared
501.8677 	EXP 	protrianglefixation: autoDraw = True
502.9524 	EXP 	Device response: <KeyPress from None: t=502.94839458299975, value=c, duration=None>
502.9528 	EXP 	New trial (rep=48, index=3): <Trial 195 (3 in rep 48) data={'pos': np.int64(-150), 'corr_resp': 'z', 'thisN': 195, 'thisTrialN': 3, 'thisRepN': 48}>
502.9588 	DATA 	Keypress: c
502.9642 	EXP 	Fixation: autoDraw = False
502.9642 	EXP 	line1: autoDraw = False
502.9642 	EXP 	line2: autoDraw = False
502.9642 	EXP 	line3: autoDraw = False
502.9642 	EXP 	line4: autoDraw = False
502.9642 	EXP 	protrianglefixation: autoDraw = False
502.9642 	EXP 	Fixation: autoDraw = True
503.0864 	EXP 	Device response: <KeyPress from None: t=502.94839458299975, value=c, duration=0.13244591699913144>
503.9512 	EXP 	line1: autoDraw = True
503.9512 	EXP 	line2: autoDraw = True
503.9512 	EXP 	line3: autoDraw = True
503.9512 	EXP 	line4: autoDraw = True
503.9586 	EXP 	Fixation: autoDraw = False
504.9513 	INFO 	Keyboard events cleared
504.9512 	EXP 	protrianglefixation: autoDraw = True
505.4523 	EXP 	Device response: <KeyPress from None: t=505.44337412499954, value=z, duration=None>
505.4528 	EXP 	New trial (rep=49, index=0): <Trial 196 (0 in rep 49) data={'pos': np.int64(-50), 'corr_resp': 'x', 'thisN': 196, 'thisTrialN': 0, 'thisRepN': 49}>
505.4589 	DATA 	Keypress: z
505.4641 	EXP 	Fixation: autoDraw = False
505.4641 	EXP 	line1: autoDraw = False
505.4641 	EXP 	line2: autoDraw = False
505.4641 	EXP 	line3: autoDraw = False
505.4641 	EXP 	line4: autoDraw = False
505.4641 	EXP 	protrianglefixation: autoDraw = False
505.4641 	EXP 	Fixation: autoDraw = True
505.5870 	EXP 	Device response: <KeyPress from None: t=505.44337412499954, value=z, duration=0.13637575000029756>
506.4516 	EXP 	line1: autoDraw = True
506.4516 	EXP 	line2: autoDraw = True
506.4516 	EXP 	line3: autoDraw = True
506.4516 	EXP 	line4: autoDraw = True
506.4590 	EXP 	Fixation: autoDraw = False
507.4432 	INFO 	Keyboard events cleared
507.4431 	EXP 	protrianglefixation: autoDraw = True
507.9358 	EXP 	Device response: <KeyPress from None: t=507.9333872499992, value=x, duration=None>
507.9362 	EXP 	New trial (rep=49, index=1): <Trial 197 (1 in rep 49) data={'pos': np.int64(150), 'corr_resp': 'v', 'thisN': 197, 'thisTrialN': 1, 'thisRepN': 49}>
507.9413 	DATA 	Keypress: x
507.9464 	EXP 	Fixation: autoDraw = False
507.9464 	EXP 	line1: autoDraw = False
507.9464 	EXP 	line2: autoDraw = False
507.9464 	EXP 	line3: autoDraw = False
507.9464 	EXP 	line4: autoDraw = False
507.9464 	EXP 	protrianglefixation: autoDraw = False
507.9464 	EXP 	Fixation: autoDraw = True
508.0745 	EXP 	Device response: <KeyPress from None: t=507.9333872499992, value=x, duration=0.14022012499845005>
508.9350 	EXP 	line1: autoDraw = True
508.9350 	EXP 	line2: autoDraw = True
508.9350 	EXP 	line3: autoDraw = True
508.9350 	EXP 	line4: autoDraw = True
508.9412 	EXP 	Fixation: autoDraw = False
509.9352 	INFO 	Keyboard events cleared
509.9350 	EXP 	protrianglefixation: autoDraw = True
510.6096 	EXP 	Device response: <KeyPress from None: t=510.6053529169985, value=v, duration=None>
510.6100 	EXP 	New trial (rep=49, index=2): <Trial 198 (2 in rep 49) data={'pos': np.int64(50), 'corr_resp': 'c', 'thisN': 198, 'thisTrialN': 2, 'thisRepN': 49}>
510.6161 	DATA 	Keypress: v
510.6215 	EXP 	Fixation: autoDraw = False
510.6215 	EXP 	line1: autoDraw = False
510.6215 	EXP 	line2: autoDraw = False
510.6215 	EXP 	line3: autoDraw = False
510.6215 	EXP 	line4: autoDraw = False
510.6215 	EXP 	protrianglefixation: autoDraw = False
510.6215 	EXP 	Fixation: autoDraw = True
510.7535 	EXP 	Device response: <KeyPress from None: t=510.6053529169985, value=v, duration=0.14031304099989939>
511.6096 	EXP 	line1: autoDraw = True
511.6096 	EXP 	line2: autoDraw = True
511.6096 	EXP 	line3: autoDraw = True
511.6096 	EXP 	line4: autoDraw = True
511.6357 	EXP 	Fixation: autoDraw = False
512.6090 	INFO 	Keyboard events cleared
512.6089 	EXP 	protrianglefixation: autoDraw = True
513.6690 	EXP 	Device response: <KeyPress from None: t=513.6603442499982, value=c, duration=None>
513.6695 	EXP 	New trial (rep=49, index=3): <Trial 199 (3 in rep 49) data={'pos': np.int64(-150), 'corr_resp': 'z', 'thisN': 199, 'thisTrialN': 3, 'thisRepN': 49}>
513.6757 	DATA 	Keypress: c
513.6806 	EXP 	Fixation: autoDraw = False
513.6806 	EXP 	line1: autoDraw = False
513.6806 	EXP 	line2: autoDraw = False
513.6806 	EXP 	line3: autoDraw = False
513.6806 	EXP 	line4: autoDraw = False
513.6806 	EXP 	protrianglefixation: autoDraw = False
513.6806 	EXP 	Fixation: autoDraw = True
513.8264 	EXP 	Device response: <KeyPress from None: t=513.6603442499982, value=c, duration=0.16425270800027647>
514.6598 	EXP 	line1: autoDraw = True
514.6598 	EXP 	line2: autoDraw = True
514.6598 	EXP 	line3: autoDraw = True
514.6598 	EXP 	line4: autoDraw = True
514.6764 	EXP 	Fixation: autoDraw = False
515.6685 	INFO 	Keyboard events cleared
515.6683 	EXP 	protrianglefixation: autoDraw = True
515.9765 	EXP 	Device response: <KeyPress from None: t=515.974129541999, value=z, duration=None>
516.0197 	EXP 	Imported /Users/urvashibhansali/Documents/AU (1-4 years) /3rd Year/Semester 5 Monsoon 25-26/PSY310/Lab Reports/Motor Sequential Task/Conditions File/Visual variables.csv as conditions, 4 conditions, 2 params
516.0255 	EXP 	New trial (rep=0, index=0): <Trial 0 (0 in rep 0) data={'pos': np.int64(50), 'corr_resp': 'c', 'thisN': 0, 'thisTrialN': 0, 'thisRepN': 0}>
516.0311 	DATA 	Keypress: z
516.0354 	EXP 	Fixation: autoDraw = False
516.0354 	EXP 	line1: autoDraw = False
516.0354 	EXP 	line2: autoDraw = False
516.0354 	EXP 	line3: autoDraw = False
516.0354 	EXP 	line4: autoDraw = False
516.0354 	EXP 	protrianglefixation: autoDraw = False
516.0354 	EXP 	Fixation_2: autoDraw = True
516.1027 	EXP 	Device response: <KeyPress from None: t=515.974129541999, value=z, duration=0.12045716599823209>
516.9821 	EXP 	line1_2: autoDraw = True
516.9821 	EXP 	line2_2: autoDraw = True
516.9821 	EXP 	line3_2: autoDraw = True
516.9821 	EXP 	line4_2: autoDraw = True
517.0259 	EXP 	Fixation_2: autoDraw = False
517.9681 	INFO 	Keyboard events cleared
517.9679 	EXP 	protrianglefixation_2: autoDraw = True
519.2359 	EXP 	Device response: <KeyPress from None: t=519.2301447499995, value=c, duration=None>
519.2364 	EXP 	New trial (rep=0, index=1): <Trial 1 (1 in rep 0) data={'pos': np.int64(-50), 'corr_resp': 'x', 'thisN': 1, 'thisTrialN': 1, 'thisRepN': 0}>
519.2422 	DATA 	Keypress: c
519.2472 	EXP 	Fixation_2: autoDraw = False
519.2472 	EXP 	line1_2: autoDraw = False
519.2472 	EXP 	line2_2: autoDraw = False
519.2472 	EXP 	line3_2: autoDraw = False
519.2472 	EXP 	line4_2: autoDraw = False
519.2472 	EXP 	protrianglefixation_2: autoDraw = False
519.2472 	EXP 	Fixation_2: autoDraw = True
519.3596 	EXP 	Device response: <KeyPress from None: t=519.2301447499995, value=c, duration=0.12833295800010092>
520.2259 	EXP 	line1_2: autoDraw = True
520.2259 	EXP 	line2_2: autoDraw = True
520.2259 	EXP 	line3_2: autoDraw = True
520.2259 	EXP 	line4_2: autoDraw = True
520.2415 	EXP 	Fixation_2: autoDraw = False
521.2345 	INFO 	Keyboard events cleared
521.2343 	EXP 	protrianglefixation_2: autoDraw = True
521.6946 	EXP 	Device response: <KeyPress from None: t=521.6890952499998, value=x, duration=None>
521.6951 	EXP 	New trial (rep=0, index=2): <Trial 2 (2 in rep 0) data={'pos': np.int64(150), 'corr_resp': 'v', 'thisN': 2, 'thisTrialN': 2, 'thisRepN': 0}>
521.7005 	DATA 	Keypress: x
521.7053 	EXP 	Fixation_2: autoDraw = False
521.7053 	EXP 	line1_2: autoDraw = False
521.7053 	EXP 	line2_2: autoDraw = False
521.7053 	EXP 	line3_2: autoDraw = False
521.7053 	EXP 	line4_2: autoDraw = False
521.7053 	EXP 	protrianglefixation_2: autoDraw = False
521.7053 	EXP 	Fixation_2: autoDraw = True
521.8261 	EXP 	Device response: <KeyPress from None: t=521.6890952499998, value=x, duration=0.1323642919996928>
522.6927 	EXP 	line1_2: autoDraw = True
522.6927 	EXP 	line2_2: autoDraw = True
522.6927 	EXP 	line3_2: autoDraw = True
522.6927 	EXP 	line4_2: autoDraw = True
522.7022 	EXP 	Fixation_2: autoDraw = False
523.6919 	INFO 	Keyboard events cleared
523.6917 	EXP 	protrianglefixation_2: autoDraw = True
524.3196 	EXP 	Device response: <KeyPress from None: t=524.3120286669982, value=v, duration=None>
524.3201 	EXP 	New trial (rep=0, index=3): <Trial 3 (3 in rep 0) data={'pos': np.int64(-150), 'corr_resp': 'z', 'thisN': 3, 'thisTrialN': 3, 'thisRepN': 0}>
524.3261 	DATA 	Keypress: v
524.3313 	EXP 	Fixation_2: autoDraw = False
524.3313 	EXP 	line1_2: autoDraw = False
524.3313 	EXP 	line2_2: autoDraw = False
524.3313 	EXP 	line3_2: autoDraw = False
524.3313 	EXP 	line4_2: autoDraw = False
524.3313 	EXP 	protrianglefixation_2: autoDraw = False
524.3313 	EXP 	Fixation_2: autoDraw = True
524.4537 	EXP 	Device response: <KeyPress from None: t=524.3120286669982, value=v, duration=0.13621916600095574>
525.3179 	EXP 	line1_2: autoDraw = True
525.3179 	EXP 	line2_2: autoDraw = True
525.3179 	EXP 	line3_2: autoDraw = True
525.3179 	EXP 	line4_2: autoDraw = True
525.3252 	EXP 	Fixation_2: autoDraw = False
526.3180 	INFO 	Keyboard events cleared
526.3178 	EXP 	protrianglefixation_2: autoDraw = True
526.7105 	EXP 	Device response: <KeyPress from None: t=526.7018951669997, value=z, duration=None>
526.7109 	EXP 	New trial (rep=1, index=0): <Trial 4 (0 in rep 1) data={'pos': np.int64(-50), 'corr_resp': 'x', 'thisN': 4, 'thisTrialN': 0, 'thisRepN': 1}>
526.7166 	DATA 	Keypress: z
526.7219 	EXP 	Fixation_2: autoDraw = False
526.7219 	EXP 	line1_2: autoDraw = False
526.7219 	EXP 	line2_2: autoDraw = False
526.7219 	EXP 	line3_2: autoDraw = False
526.7219 	EXP 	line4_2: autoDraw = False
526.7219 	EXP 	protrianglefixation_2: autoDraw = False
526.7219 	EXP 	Fixation_2: autoDraw = True
526.8255 	EXP 	Device response: <KeyPress from None: t=526.7018951669997, value=z, duration=0.12041191599928425>
527.7093 	EXP 	line1_2: autoDraw = True
527.7093 	EXP 	line2_2: autoDraw = True
527.7093 	EXP 	line3_2: autoDraw = True
527.7093 	EXP 	line4_2: autoDraw = True
527.7184 	EXP 	Fixation_2: autoDraw = False
528.7194 	INFO 	Keyboard events cleared
528.7193 	EXP 	protrianglefixation_2: autoDraw = True
529.2860 	EXP 	Device response: <KeyPress from None: t=529.2838176669975, value=x, duration=None>
529.2866 	EXP 	New trial (rep=1, index=1): <Trial 5 (1 in rep 1) data={'pos': np.int64(50), 'corr_resp': 'c', 'thisN': 5, 'thisTrialN': 1, 'thisRepN': 1}>
529.2926 	DATA 	Keypress: x
529.2978 	EXP 	Fixation_2: autoDraw = False
529.2978 	EXP 	line1_2: autoDraw = False
529.2978 	EXP 	line2_2: autoDraw = False
529.2978 	EXP 	line3_2: autoDraw = False
529.2978 	EXP 	line4_2: autoDraw = False
529.2978 	EXP 	protrianglefixation_2: autoDraw = False
529.2978 	EXP 	Fixation_2: autoDraw = True
529.4364 	EXP 	Device response: <KeyPress from None: t=529.2838176669975, value=x, duration=0.14443354100149008>
530.2845 	EXP 	line1_2: autoDraw = True
530.2845 	EXP 	line2_2: autoDraw = True
530.2845 	EXP 	line3_2: autoDraw = True
530.2845 	EXP 	line4_2: autoDraw = True
530.2919 	EXP 	Fixation_2: autoDraw = False
531.2845 	INFO 	Keyboard events cleared
531.2843 	EXP 	protrianglefixation_2: autoDraw = True
532.0691 	EXP 	Device response: <KeyPress from None: t=532.0648179169984, value=c, duration=None>
532.0695 	EXP 	New trial (rep=1, index=2): <Trial 6 (2 in rep 1) data={'pos': np.int64(-150), 'corr_resp': 'z', 'thisN': 6, 'thisTrialN': 2, 'thisRepN': 1}>
532.0756 	DATA 	Keypress: c
532.0810 	EXP 	Fixation_2: autoDraw = False
532.0810 	EXP 	line1_2: autoDraw = False
532.0810 	EXP 	line2_2: autoDraw = False
532.0810 	EXP 	line3_2: autoDraw = False
532.0810 	EXP 	line4_2: autoDraw = False
532.0810 	EXP 	protrianglefixation_2: autoDraw = False
532.0810 	EXP 	Fixation_2: autoDraw = True
532.1934 	EXP 	Device response: <KeyPress from None: t=532.0648179169984, value=c, duration=0.12430250000033993>
533.0599 	EXP 	line1_2: autoDraw = True
533.0599 	EXP 	line2_2: autoDraw = True
533.0599 	EXP 	line3_2: autoDraw = True
533.0599 	EXP 	line4_2: autoDraw = True
533.0765 	EXP 	Fixation_2: autoDraw = False
534.0597 	INFO 	Keyboard events cleared
534.0595 	EXP 	protrianglefixation_2: autoDraw = True
534.6100 	EXP 	Device response: <KeyPress from None: t=534.6016835419978, value=z, duration=None>
534.6105 	EXP 	New trial (rep=1, index=3): <Trial 7 (3 in rep 1) data={'pos': np.int64(150), 'corr_resp': 'v', 'thisN': 7, 'thisTrialN': 3, 'thisRepN': 1}>
534.6164 	DATA 	Keypress: z
534.6218 	EXP 	Fixation_2: autoDraw = False
534.6218 	EXP 	line1_2: autoDraw = False
534.6218 	EXP 	line2_2: autoDraw = False
534.6218 	EXP 	line3_2: autoDraw = False
534.6218 	EXP 	line4_2: autoDraw = False
534.6218 	EXP 	protrianglefixation_2: autoDraw = False
534.6218 	EXP 	Fixation_2: autoDraw = True
534.7362 	EXP 	Device response: <KeyPress from None: t=534.6016835419978, value=z, duration=0.12844591600151034>
535.6100 	EXP 	line1_2: autoDraw = True
535.6100 	EXP 	line2_2: autoDraw = True
535.6100 	EXP 	line3_2: autoDraw = True
535.6100 	EXP 	line4_2: autoDraw = True
535.6358 	EXP 	Fixation_2: autoDraw = False
536.6096 	INFO 	Keyboard events cleared
536.6094 	EXP 	protrianglefixation_2: autoDraw = True
537.4268 	EXP 	Device response: <KeyPress from None: t=537.4216193749999, value=v, duration=None>
537.4273 	EXP 	New trial (rep=2, index=0): <Trial 8 (0 in rep 2) data={'pos': np.int64(-50), 'corr_resp': 'x', 'thisN': 8, 'thisTrialN': 0, 'thisRepN': 2}>
537.4331 	DATA 	Keypress: v
537.4386 	EXP 	Fixation_2: autoDraw = False
537.4386 	EXP 	line1_2: autoDraw = False
537.4386 	EXP 	line2_2: autoDraw = False
537.4386 	EXP 	line3_2: autoDraw = False
537.4386 	EXP 	line4_2: autoDraw = False
537.4386 	EXP 	protrianglefixation_2: autoDraw = False
537.4386 	EXP 	Fixation_2: autoDraw = True
537.5438 	EXP 	Device response: <KeyPress from None: t=537.4216193749999, value=v, duration=0.12041633300032117>
538.4260 	EXP 	line1_2: autoDraw = True
538.4260 	EXP 	line2_2: autoDraw = True
538.4260 	EXP 	line3_2: autoDraw = True
538.4260 	EXP 	line4_2: autoDraw = True
538.4343 	EXP 	Fixation_2: autoDraw = False
539.4261 	INFO 	Keyboard events cleared
539.4260 	EXP 	protrianglefixation_2: autoDraw = True
539.9861 	EXP 	Device response: <KeyPress from None: t=539.9817000419971, value=x, duration=None>
539.9865 	EXP 	New trial (rep=2, index=1): <Trial 9 (1 in rep 2) data={'pos': np.int64(150), 'corr_resp': 'v', 'thisN': 9, 'thisTrialN': 1, 'thisRepN': 2}>
539.9925 	DATA 	Keypress: x
539.9978 	EXP 	Fixation_2: autoDraw = False
539.9978 	EXP 	line1_2: autoDraw = False
539.9978 	EXP 	line2_2: autoDraw = False
539.9978 	EXP 	line3_2: autoDraw = False
539.9978 	EXP 	line4_2: autoDraw = False
539.9978 	EXP 	protrianglefixation_2: autoDraw = False
539.9978 	EXP 	Fixation_2: autoDraw = True
540.1196 	EXP 	Device response: <KeyPress from None: t=539.9817000419971, value=x, duration=0.13622620800015284>
540.9844 	EXP 	line1_2: autoDraw = True
540.9844 	EXP 	line2_2: autoDraw = True
540.9844 	EXP 	line3_2: autoDraw = True
540.9844 	EXP 	line4_2: autoDraw = True
540.9919 	EXP 	Fixation_2: autoDraw = False
541.9846 	INFO 	Keyboard events cleared
541.9844 	EXP 	protrianglefixation_2: autoDraw = True
542.9762 	EXP 	Device response: <KeyPress from None: t=542.9735238329995, value=v, duration=None>
542.9767 	EXP 	New trial (rep=2, index=2): <Trial 10 (2 in rep 2) data={'pos': np.int64(-150), 'corr_resp': 'z', 'thisN': 10, 'thisTrialN': 2, 'thisRepN': 2}>
542.9825 	DATA 	Keypress: v
542.9880 	EXP 	Fixation_2: autoDraw = False
542.9880 	EXP 	line1_2: autoDraw = False
542.9880 	EXP 	line2_2: autoDraw = False
542.9880 	EXP 	line3_2: autoDraw = False
542.9880 	EXP 	line4_2: autoDraw = False
542.9880 	EXP 	protrianglefixation_2: autoDraw = False
542.9880 	EXP 	Fixation_2: autoDraw = True
543.1201 	EXP 	Device response: <KeyPress from None: t=542.9735238329995, value=v, duration=0.1363962920004269>
543.9759 	EXP 	line1_2: autoDraw = True
543.9759 	EXP 	line2_2: autoDraw = True
543.9759 	EXP 	line3_2: autoDraw = True
543.9759 	EXP 	line4_2: autoDraw = True
543.9851 	EXP 	Fixation_2: autoDraw = False
544.9753 	INFO 	Keyboard events cleared
544.9751 	EXP 	protrianglefixation_2: autoDraw = True
545.3857 	EXP 	Device response: <KeyPress from None: t=545.3844262919993, value=z, duration=None>
545.3920 	DATA 	Keypress: z
545.3979 	EXP 	New trial (rep=2, index=3): <Trial 11 (3 in rep 2) data={'pos': np.int64(50), 'corr_resp': 'c', 'thisN': 11, 'thisTrialN': 3, 'thisRepN': 2}>
545.4060 	EXP 	Fixation_2: autoDraw = False
545.4060 	EXP 	line1_2: autoDraw = False
545.4060 	EXP 	line2_2: autoDraw = False
545.4060 	EXP 	line3_2: autoDraw = False
545.4060 	EXP 	line4_2: autoDraw = False
545.4060 	EXP 	protrianglefixation_2: autoDraw = False
545.4060 	EXP 	Fixation_2: autoDraw = True
545.5366 	EXP 	Device response: <KeyPress from None: t=545.3844262919993, value=z, duration=0.14435562499784282>
546.3924 	EXP 	line1_2: autoDraw = True
546.3924 	EXP 	line2_2: autoDraw = True
546.3924 	EXP 	line3_2: autoDraw = True
546.3924 	EXP 	line4_2: autoDraw = True
546.4016 	EXP 	Fixation_2: autoDraw = False
547.3928 	INFO 	Keyboard events cleared
547.3926 	EXP 	protrianglefixation_2: autoDraw = True
548.5031 	EXP 	Device response: <KeyPress from None: t=548.4945129169973, value=c, duration=None>
548.5038 	EXP 	New trial (rep=3, index=0): <Trial 12 (0 in rep 3) data={'pos': np.int64(-50), 'corr_resp': 'x', 'thisN': 12, 'thisTrialN': 0, 'thisRepN': 3}>
548.5101 	DATA 	Keypress: c
548.5155 	EXP 	Fixation_2: autoDraw = False
548.5155 	EXP 	line1_2: autoDraw = False
548.5155 	EXP 	line2_2: autoDraw = False
548.5155 	EXP 	line3_2: autoDraw = False
548.5155 	EXP 	line4_2: autoDraw = False
548.5155 	EXP 	protrianglefixation_2: autoDraw = False
548.5155 	EXP 	Fixation_2: autoDraw = True
548.6699 	EXP 	Device response: <KeyPress from None: t=548.4945129169973, value=c, duration=0.1722953749995213>
549.5010 	EXP 	line1_2: autoDraw = True
549.5010 	EXP 	line2_2: autoDraw = True
549.5010 	EXP 	line3_2: autoDraw = True
549.5010 	EXP 	line4_2: autoDraw = True
549.5084 	EXP 	Fixation_2: autoDraw = False
550.5012 	INFO 	Keyboard events cleared
550.5010 	EXP 	protrianglefixation_2: autoDraw = True
551.0371 	EXP 	Device response: <KeyPress from None: t=551.0324026669987, value=x, duration=None>
551.0380 	EXP 	New trial (rep=3, index=1): <Trial 13 (1 in rep 3) data={'pos': np.int64(50), 'corr_resp': 'c', 'thisN': 13, 'thisTrialN': 1, 'thisRepN': 3}>
551.0445 	DATA 	Keypress: x
551.0496 	EXP 	Fixation_2: autoDraw = False
551.0496 	EXP 	line1_2: autoDraw = False
551.0496 	EXP 	line2_2: autoDraw = False
551.0496 	EXP 	line3_2: autoDraw = False
551.0496 	EXP 	line4_2: autoDraw = False
551.0496 	EXP 	protrianglefixation_2: autoDraw = False
551.0496 	EXP 	Fixation_2: autoDraw = True
551.1595 	EXP 	Device response: <KeyPress from None: t=551.0324026669987, value=x, duration=0.1202887079998618>
552.0343 	EXP 	line1_2: autoDraw = True
552.0343 	EXP 	line2_2: autoDraw = True
552.0343 	EXP 	line3_2: autoDraw = True
552.0343 	EXP 	line4_2: autoDraw = True
552.0419 	EXP 	Fixation_2: autoDraw = False
553.0345 	INFO 	Keyboard events cleared
553.0343 	EXP 	protrianglefixation_2: autoDraw = True
553.5930 	EXP 	Device response: <KeyPress from None: t=553.5894000829976, value=c, duration=None>
553.5935 	EXP 	New trial (rep=3, index=2): <Trial 14 (2 in rep 3) data={'pos': np.int64(150), 'corr_resp': 'v', 'thisN': 14, 'thisTrialN': 2, 'thisRepN': 3}>
553.5995 	DATA 	Keypress: c
553.6050 	EXP 	Fixation_2: autoDraw = False
553.6050 	EXP 	line1_2: autoDraw = False
553.6050 	EXP 	line2_2: autoDraw = False
553.6050 	EXP 	line3_2: autoDraw = False
553.6050 	EXP 	line4_2: autoDraw = False
553.6050 	EXP 	protrianglefixation_2: autoDraw = False
553.6050 	EXP 	Fixation_2: autoDraw = True
553.7590 	EXP 	Device response: <KeyPress from None: t=553.5894000829976, value=c, duration=0.16822975000104634>
554.5924 	EXP 	line1_2: autoDraw = True
554.5924 	EXP 	line2_2: autoDraw = True
554.5924 	EXP 	line3_2: autoDraw = True
554.5924 	EXP 	line4_2: autoDraw = True
554.6011 	EXP 	Fixation_2: autoDraw = False
555.5921 	INFO 	Keyboard events cleared
555.5919 	EXP 	protrianglefixation_2: autoDraw = True
556.3356 	EXP 	Device response: <KeyPress from None: t=556.3322439999974, value=v, duration=None>
556.3361 	EXP 	New trial (rep=3, index=3): <Trial 15 (3 in rep 3) data={'pos': np.int64(-150), 'corr_resp': 'z', 'thisN': 15, 'thisTrialN': 3, 'thisRepN': 3}>
556.3423 	DATA 	Keypress: v
556.3475 	EXP 	Fixation_2: autoDraw = False
556.3475 	EXP 	line1_2: autoDraw = False
556.3475 	EXP 	line2_2: autoDraw = False
556.3475 	EXP 	line3_2: autoDraw = False
556.3475 	EXP 	line4_2: autoDraw = False
556.3475 	EXP 	protrianglefixation_2: autoDraw = False
556.3475 	EXP 	Fixation_2: autoDraw = True
556.4865 	EXP 	Device response: <KeyPress from None: t=556.3322439999974, value=v, duration=0.14433854200251517>
557.3344 	EXP 	line1_2: autoDraw = True
557.3344 	EXP 	line2_2: autoDraw = True
557.3344 	EXP 	line3_2: autoDraw = True
557.3344 	EXP 	line4_2: autoDraw = True
557.3418 	EXP 	Fixation_2: autoDraw = False
558.3347 	INFO 	Keyboard events cleared
558.3345 	EXP 	protrianglefixation_2: autoDraw = True
558.8190 	EXP 	Device response: <KeyPress from None: t=558.8091875829996, value=z, duration=None>
558.8195 	EXP 	New trial (rep=4, index=0): <Trial 16 (0 in rep 4) data={'pos': np.int64(-50), 'corr_resp': 'x', 'thisN': 16, 'thisTrialN': 0, 'thisRepN': 4}>
558.8257 	DATA 	Keypress: z
558.8309 	EXP 	Fixation_2: autoDraw = False
558.8309 	EXP 	line1_2: autoDraw = False
558.8309 	EXP 	line2_2: autoDraw = False
558.8309 	EXP 	line3_2: autoDraw = False
558.8309 	EXP 	line4_2: autoDraw = False
558.8309 	EXP 	protrianglefixation_2: autoDraw = False
558.8309 	EXP 	Fixation_2: autoDraw = True
558.9535 	EXP 	Device response: <KeyPress from None: t=558.8091875829996, value=z, duration=0.1403476249979576>
559.8090 	EXP 	line1_2: autoDraw = True
559.8090 	EXP 	line2_2: autoDraw = True
559.8090 	EXP 	line3_2: autoDraw = True
559.8090 	EXP 	line4_2: autoDraw = True
559.8256 	EXP 	Fixation_2: autoDraw = False
560.8092 	INFO 	Keyboard events cleared
560.8091 	EXP 	protrianglefixation_2: autoDraw = True
561.2356 	EXP 	Device response: <KeyPress from None: t=561.2310757079977, value=x, duration=None>
561.2361 	EXP 	New trial (rep=4, index=1): <Trial 17 (1 in rep 4) data={'pos': np.int64(150), 'corr_resp': 'v', 'thisN': 17, 'thisTrialN': 1, 'thisRepN': 4}>
561.2434 	DATA 	Keypress: x
561.2485 	EXP 	Fixation_2: autoDraw = False
561.2485 	EXP 	line1_2: autoDraw = False
561.2485 	EXP 	line2_2: autoDraw = False
561.2485 	EXP 	line3_2: autoDraw = False
561.2485 	EXP 	line4_2: autoDraw = False
561.2485 	EXP 	protrianglefixation_2: autoDraw = False
561.2485 	EXP 	Fixation_2: autoDraw = True
561.3706 	EXP 	Device response: <KeyPress from None: t=561.2310757079977, value=x, duration=0.12830995900003472>
562.2255 	EXP 	line1_2: autoDraw = True
562.2255 	EXP 	line2_2: autoDraw = True
562.2255 	EXP 	line3_2: autoDraw = True
562.2255 	EXP 	line4_2: autoDraw = True
562.2417 	EXP 	Fixation_2: autoDraw = False
563.2361 	INFO 	Keyboard events cleared
563.2360 	EXP 	protrianglefixation_2: autoDraw = True
563.5770 	EXP 	Device response: <KeyPress from None: t=563.5740538329992, value=v, duration=None>
563.5775 	EXP 	New trial (rep=4, index=2): <Trial 18 (2 in rep 4) data={'pos': np.int64(50), 'corr_resp': 'c', 'thisN': 18, 'thisTrialN': 2, 'thisRepN': 4}>
563.5836 	DATA 	Keypress: v
563.5887 	EXP 	Fixation_2: autoDraw = False
563.5887 	EXP 	line1_2: autoDraw = False
563.5887 	EXP 	line2_2: autoDraw = False
563.5887 	EXP 	line3_2: autoDraw = False
563.5887 	EXP 	line4_2: autoDraw = False
563.5887 	EXP 	protrianglefixation_2: autoDraw = False
563.5887 	EXP 	Fixation_2: autoDraw = True
563.7269 	EXP 	Device response: <KeyPress from None: t=563.5740538329992, value=v, duration=0.14824816699911025>
564.5757 	EXP 	line1_2: autoDraw = True
564.5757 	EXP 	line2_2: autoDraw = True
564.5757 	EXP 	line3_2: autoDraw = True
564.5757 	EXP 	line4_2: autoDraw = True
564.5851 	EXP 	Fixation_2: autoDraw = False
565.5753 	INFO 	Keyboard events cleared
565.5752 	EXP 	protrianglefixation_2: autoDraw = True
566.2528 	EXP 	Device response: <KeyPress from None: t=566.250038457998, value=c, duration=None>
566.2533 	EXP 	New trial (rep=4, index=3): <Trial 19 (3 in rep 4) data={'pos': np.int64(-150), 'corr_resp': 'z', 'thisN': 19, 'thisTrialN': 3, 'thisRepN': 4}>
566.2597 	DATA 	Keypress: c
566.2651 	EXP 	Fixation_2: autoDraw = False
566.2651 	EXP 	line1_2: autoDraw = False
566.2651 	EXP 	line2_2: autoDraw = False
566.2651 	EXP 	line3_2: autoDraw = False
566.2651 	EXP 	line4_2: autoDraw = False
566.2651 	EXP 	protrianglefixation_2: autoDraw = False
566.2651 	EXP 	Fixation_2: autoDraw = True
566.4267 	EXP 	Device response: <KeyPress from None: t=566.250038457998, value=c, duration=0.1722577500004263>
567.2512 	EXP 	line1_2: autoDraw = True
567.2512 	EXP 	line2_2: autoDraw = True
567.2512 	EXP 	line3_2: autoDraw = True
567.2512 	EXP 	line4_2: autoDraw = True
567.2589 	EXP 	Fixation_2: autoDraw = False
568.2427 	INFO 	Keyboard events cleared
568.2426 	EXP 	protrianglefixation_2: autoDraw = True
568.5383 	EXP 	Device response: <KeyPress from None: t=568.5290632079996, value=z, duration=None>
568.5390 	EXP 	New trial (rep=5, index=0): <Trial 20 (0 in rep 5) data={'pos': np.int64(150), 'corr_resp': 'v', 'thisN': 20, 'thisTrialN': 0, 'thisRepN': 5}>
568.5454 	DATA 	Keypress: z
568.5505 	EXP 	Fixation_2: autoDraw = False
568.5505 	EXP 	line1_2: autoDraw = False
568.5505 	EXP 	line2_2: autoDraw = False
568.5505 	EXP 	line3_2: autoDraw = False
568.5505 	EXP 	line4_2: autoDraw = False
568.5505 	EXP 	protrianglefixation_2: autoDraw = False
568.5505 	EXP 	Fixation_2: autoDraw = True
568.6602 	EXP 	Device response: <KeyPress from None: t=568.5290632079996, value=z, duration=0.12483029199938755>
569.5352 	EXP 	line1_2: autoDraw = True
569.5352 	EXP 	line2_2: autoDraw = True
569.5352 	EXP 	line3_2: autoDraw = True
569.5352 	EXP 	line4_2: autoDraw = True
569.5420 	EXP 	Fixation_2: autoDraw = False
570.5344 	INFO 	Keyboard events cleared
570.5342 	EXP 	protrianglefixation_2: autoDraw = True
571.2263 	EXP 	Device response: <KeyPress from None: t=571.2218977919983, value=v, duration=None>
571.2268 	EXP 	New trial (rep=5, index=1): <Trial 21 (1 in rep 5) data={'pos': np.int64(-150), 'corr_resp': 'z', 'thisN': 21, 'thisTrialN': 1, 'thisRepN': 5}>
571.2329 	DATA 	Keypress: v
571.2385 	EXP 	Fixation_2: autoDraw = False
571.2385 	EXP 	line1_2: autoDraw = False
571.2385 	EXP 	line2_2: autoDraw = False
571.2385 	EXP 	line3_2: autoDraw = False
571.2385 	EXP 	line4_2: autoDraw = False
571.2385 	EXP 	protrianglefixation_2: autoDraw = False
571.2385 	EXP 	Fixation_2: autoDraw = True
571.3594 	EXP 	Device response: <KeyPress from None: t=571.2218977919983, value=v, duration=0.1363608749998093>
572.2262 	EXP 	line1_2: autoDraw = True
572.2262 	EXP 	line2_2: autoDraw = True
572.2262 	EXP 	line3_2: autoDraw = True
572.2262 	EXP 	line4_2: autoDraw = True
572.2526 	EXP 	Fixation_2: autoDraw = False
573.2251 	INFO 	Keyboard events cleared
573.2249 	EXP 	protrianglefixation_2: autoDraw = True
573.6931 	EXP 	Device response: <KeyPress from None: t=573.6868577919995, value=z, duration=None>
573.6936 	EXP 	New trial (rep=5, index=2): <Trial 22 (2 in rep 5) data={'pos': np.int64(50), 'corr_resp': 'c', 'thisN': 22, 'thisTrialN': 2, 'thisRepN': 5}>
573.6997 	DATA 	Keypress: z
573.7051 	EXP 	Fixation_2: autoDraw = False
573.7051 	EXP 	line1_2: autoDraw = False
573.7051 	EXP 	line2_2: autoDraw = False
573.7051 	EXP 	line3_2: autoDraw = False
573.7051 	EXP 	line4_2: autoDraw = False
573.7051 	EXP 	protrianglefixation_2: autoDraw = False
573.7051 	EXP 	Fixation_2: autoDraw = True
573.8370 	EXP 	Device response: <KeyPress from None: t=573.6868577919995, value=z, duration=0.14033829099935247>
574.6927 	EXP 	line1_2: autoDraw = True
574.6927 	EXP 	line2_2: autoDraw = True
574.6927 	EXP 	line3_2: autoDraw = True
574.6927 	EXP 	line4_2: autoDraw = True
574.7191 	EXP 	Fixation_2: autoDraw = False
575.6925 	INFO 	Keyboard events cleared
575.6923 	EXP 	protrianglefixation_2: autoDraw = True
576.5856 	EXP 	Device response: <KeyPress from None: t=576.5757396249974, value=v, duration=None>
576.5861 	EXP 	New trial (rep=5, index=3): <Trial 23 (3 in rep 5) data={'pos': np.int64(-50), 'corr_resp': 'x', 'thisN': 23, 'thisTrialN': 3, 'thisRepN': 5}>
576.5922 	DATA 	Keypress: v
576.5975 	EXP 	Fixation_2: autoDraw = False
576.5975 	EXP 	line1_2: autoDraw = False
576.5975 	EXP 	line2_2: autoDraw = False
576.5975 	EXP 	line3_2: autoDraw = False
576.5975 	EXP 	line4_2: autoDraw = False
576.5975 	EXP 	protrianglefixation_2: autoDraw = False
576.5975 	EXP 	Fixation_2: autoDraw = True
576.7266 	EXP 	Device response: <KeyPress from None: t=576.5757396249974, value=v, duration=0.1483132499997737>
577.5759 	EXP 	line1_2: autoDraw = True
577.5759 	EXP 	line2_2: autoDraw = True
577.5759 	EXP 	line3_2: autoDraw = True
577.5759 	EXP 	line4_2: autoDraw = True
577.5917 	EXP 	Fixation_2: autoDraw = False
578.5845 	INFO 	Keyboard events cleared
578.5843 	EXP 	protrianglefixation_2: autoDraw = True
579.5526 	EXP 	Device response: <KeyPress from None: t=579.5447383329993, value=x, duration=None>
579.5531 	EXP 	New trial (rep=6, index=0): <Trial 24 (0 in rep 6) data={'pos': np.int64(-150), 'corr_resp': 'z', 'thisN': 24, 'thisTrialN': 0, 'thisRepN': 6}>
579.5596 	DATA 	Keypress: x
579.5648 	EXP 	Fixation_2: autoDraw = False
579.5648 	EXP 	line1_2: autoDraw = False
579.5648 	EXP 	line2_2: autoDraw = False
579.5648 	EXP 	line3_2: autoDraw = False
579.5648 	EXP 	line4_2: autoDraw = False
579.5648 	EXP 	protrianglefixation_2: autoDraw = False
579.5648 	EXP 	Fixation_2: autoDraw = True
579.6868 	EXP 	Device response: <KeyPress from None: t=579.5447383329993, value=x, duration=0.1202735839979141>
580.5509 	EXP 	line1_2: autoDraw = True
580.5509 	EXP 	line2_2: autoDraw = True
580.5509 	EXP 	line3_2: autoDraw = True
580.5509 	EXP 	line4_2: autoDraw = True
580.5584 	EXP 	Fixation_2: autoDraw = False
581.5514 	INFO 	Keyboard events cleared
581.5513 	EXP 	protrianglefixation_2: autoDraw = True
582.2262 	EXP 	Device response: <KeyPress from None: t=582.2185990830003, value=z, duration=None>
582.2267 	EXP 	New trial (rep=6, index=1): <Trial 25 (1 in rep 6) data={'pos': np.int64(150), 'corr_resp': 'v', 'thisN': 25, 'thisTrialN': 1, 'thisRepN': 6}>
582.2331 	DATA 	Keypress: z
582.2386 	EXP 	Fixation_2: autoDraw = False
582.2386 	EXP 	line1_2: autoDraw = False
582.2386 	EXP 	line2_2: autoDraw = False
582.2386 	EXP 	line3_2: autoDraw = False
582.2386 	EXP 	line4_2: autoDraw = False
582.2386 	EXP 	protrianglefixation_2: autoDraw = False
582.2386 	EXP 	Fixation_2: autoDraw = True
582.3427 	EXP 	Device response: <KeyPress from None: t=582.2185990830003, value=z, duration=0.11638587499692221>
583.2252 	EXP 	line1_2: autoDraw = True
583.2252 	EXP 	line2_2: autoDraw = True
583.2252 	EXP 	line3_2: autoDraw = True
583.2252 	EXP 	line4_2: autoDraw = True
583.2349 	EXP 	Fixation_2: autoDraw = False
584.2264 	INFO 	Keyboard events cleared
584.2262 	EXP 	protrianglefixation_2: autoDraw = True
585.0598 	EXP 	Device response: <KeyPress from None: t=585.0555767499973, value=v, duration=None>
585.0603 	EXP 	New trial (rep=6, index=2): <Trial 26 (2 in rep 6) data={'pos': np.int64(-50), 'corr_resp': 'x', 'thisN': 26, 'thisTrialN': 2, 'thisRepN': 6}>
585.0666 	DATA 	Keypress: v
585.0720 	EXP 	Fixation_2: autoDraw = False
585.0720 	EXP 	line1_2: autoDraw = False
585.0720 	EXP 	line2_2: autoDraw = False
585.0720 	EXP 	line3_2: autoDraw = False
585.0720 	EXP 	line4_2: autoDraw = False
585.0720 	EXP 	protrianglefixation_2: autoDraw = False
585.0720 	EXP 	Fixation_2: autoDraw = True
585.1932 	EXP 	Device response: <KeyPress from None: t=585.0555767499973, value=v, duration=0.13636179199966136>
586.0587 	EXP 	line1_2: autoDraw = True
586.0587 	EXP 	line2_2: autoDraw = True
586.0587 	EXP 	line3_2: autoDraw = True
586.0587 	EXP 	line4_2: autoDraw = True
586.0678 	EXP 	Fixation_2: autoDraw = False
587.0587 	INFO 	Keyboard events cleared
587.0585 	EXP 	protrianglefixation_2: autoDraw = True
587.8696 	EXP 	Device response: <KeyPress from None: t=587.8594052499975, value=x, duration=None>
587.8703 	EXP 	New trial (rep=6, index=3): <Trial 27 (3 in rep 6) data={'pos': np.int64(50), 'corr_resp': 'c', 'thisN': 27, 'thisTrialN': 3, 'thisRepN': 6}>
587.8771 	DATA 	Keypress: x
587.8823 	EXP 	Fixation_2: autoDraw = False
587.8823 	EXP 	line1_2: autoDraw = False
587.8823 	EXP 	line2_2: autoDraw = False
587.8823 	EXP 	line3_2: autoDraw = False
587.8823 	EXP 	line4_2: autoDraw = False
587.8823 	EXP 	protrianglefixation_2: autoDraw = False
587.8823 	EXP 	Fixation_2: autoDraw = True
587.9864 	EXP 	Device response: <KeyPress from None: t=587.8594052499975, value=x, duration=0.1164214170021296>
588.8676 	EXP 	line1_2: autoDraw = True
588.8676 	EXP 	line2_2: autoDraw = True
588.8676 	EXP 	line3_2: autoDraw = True
588.8676 	EXP 	line4_2: autoDraw = True
588.8746 	EXP 	Fixation_2: autoDraw = False
589.8679 	INFO 	Keyboard events cleared
589.8677 	EXP 	protrianglefixation_2: autoDraw = True
590.2689 	EXP 	Device response: <KeyPress from None: t=590.2643859999989, value=v, duration=None>
590.2694 	EXP 	New trial (rep=7, index=0): <Trial 28 (0 in rep 7) data={'pos': np.int64(-50), 'corr_resp': 'x', 'thisN': 28, 'thisTrialN': 0, 'thisRepN': 7}>
590.2755 	DATA 	Keypress: v
590.2807 	EXP 	Fixation_2: autoDraw = False
590.2807 	EXP 	line1_2: autoDraw = False
590.2807 	EXP 	line2_2: autoDraw = False
590.2807 	EXP 	line3_2: autoDraw = False
590.2807 	EXP 	line4_2: autoDraw = False
590.2807 	EXP 	protrianglefixation_2: autoDraw = False
590.2807 	EXP 	Fixation_2: autoDraw = True
590.4106 	EXP 	Device response: <KeyPress from None: t=590.2643859999989, value=v, duration=0.14066612500027986>
591.2588 	EXP 	line1_2: autoDraw = True
591.2588 	EXP 	line2_2: autoDraw = True
591.2588 	EXP 	line3_2: autoDraw = True
591.2588 	EXP 	line4_2: autoDraw = True
591.2750 	EXP 	Fixation_2: autoDraw = False
592.2595 	INFO 	Keyboard events cleared
592.2593 	EXP 	protrianglefixation_2: autoDraw = True
592.8859 	EXP 	Device response: <KeyPress from None: t=592.8764166250003, value=x, duration=None>
592.8867 	EXP 	New trial (rep=7, index=1): <Trial 29 (1 in rep 7) data={'pos': np.int64(50), 'corr_resp': 'c', 'thisN': 29, 'thisTrialN': 1, 'thisRepN': 7}>
592.8932 	DATA 	Keypress: x
592.8984 	EXP 	Fixation_2: autoDraw = False
592.8984 	EXP 	line1_2: autoDraw = False
592.8984 	EXP 	line2_2: autoDraw = False
592.8984 	EXP 	line3_2: autoDraw = False
592.8984 	EXP 	line4_2: autoDraw = False
592.8984 	EXP 	protrianglefixation_2: autoDraw = False
592.8984 	EXP 	Fixation_2: autoDraw = True
593.0091 	EXP 	Device response: <KeyPress from None: t=592.8764166250003, value=x, duration=0.12823716699858778>
593.8843 	EXP 	line1_2: autoDraw = True
593.8843 	EXP 	line2_2: autoDraw = True
593.8843 	EXP 	line3_2: autoDraw = True
593.8843 	EXP 	line4_2: autoDraw = True
593.8917 	EXP 	Fixation_2: autoDraw = False
594.8854 	INFO 	Keyboard events cleared
594.8852 	EXP 	protrianglefixation_2: autoDraw = True
595.5931 	EXP 	Device response: <KeyPress from None: t=595.5854356669988, value=v, duration=None>
595.5935 	EXP 	New trial (rep=7, index=2): <Trial 30 (2 in rep 7) data={'pos': np.int64(-150), 'corr_resp': 'z', 'thisN': 30, 'thisTrialN': 2, 'thisRepN': 7}>
595.5995 	DATA 	Keypress: v
595.6049 	EXP 	Fixation_2: autoDraw = False
595.6049 	EXP 	line1_2: autoDraw = False
595.6049 	EXP 	line2_2: autoDraw = False
595.6049 	EXP 	line3_2: autoDraw = False
595.6049 	EXP 	line4_2: autoDraw = False
595.6049 	EXP 	protrianglefixation_2: autoDraw = False
595.6049 	EXP 	Fixation_2: autoDraw = True
595.7204 	EXP 	Device response: <KeyPress from None: t=595.5854356669988, value=v, duration=0.12816191599995364>
596.5845 	EXP 	line1_2: autoDraw = True
596.5845 	EXP 	line2_2: autoDraw = True
596.5845 	EXP 	line3_2: autoDraw = True
596.5845 	EXP 	line4_2: autoDraw = True
596.6011 	EXP 	Fixation_2: autoDraw = False
597.5923 	INFO 	Keyboard events cleared
597.5922 	EXP 	protrianglefixation_2: autoDraw = True
598.1868 	EXP 	Device response: <KeyPress from None: t=598.1812241669977, value=z, duration=None>
598.1874 	EXP 	New trial (rep=7, index=3): <Trial 31 (3 in rep 7) data={'pos': np.int64(150), 'corr_resp': 'v', 'thisN': 31, 'thisTrialN': 3, 'thisRepN': 7}>
598.1937 	DATA 	Keypress: z
598.1987 	EXP 	Fixation_2: autoDraw = False
598.1987 	EXP 	line1_2: autoDraw = False
598.1987 	EXP 	line2_2: autoDraw = False
598.1987 	EXP 	line3_2: autoDraw = False
598.1987 	EXP 	line4_2: autoDraw = False
598.1987 	EXP 	protrianglefixation_2: autoDraw = False
598.1987 	EXP 	Fixation_2: autoDraw = True
598.3363 	EXP 	Device response: <KeyPress from None: t=598.1812241669977, value=z, duration=0.14437412500046776>
599.1843 	EXP 	line1_2: autoDraw = True
599.1843 	EXP 	line2_2: autoDraw = True
599.1843 	EXP 	line3_2: autoDraw = True
599.1843 	EXP 	line4_2: autoDraw = True
599.1915 	EXP 	Fixation_2: autoDraw = False
600.1851 	INFO 	Keyboard events cleared
600.1849 	EXP 	protrianglefixation_2: autoDraw = True
601.1028 	EXP 	Device response: <KeyPress from None: t=601.0972372919969, value=v, duration=None>
601.1032 	EXP 	New trial (rep=8, index=0): <Trial 32 (0 in rep 8) data={'pos': np.int64(50), 'corr_resp': 'c', 'thisN': 32, 'thisTrialN': 0, 'thisRepN': 8}>
601.1094 	DATA 	Keypress: v
601.1146 	EXP 	Fixation_2: autoDraw = False
601.1146 	EXP 	line1_2: autoDraw = False
601.1146 	EXP 	line2_2: autoDraw = False
601.1146 	EXP 	line3_2: autoDraw = False
601.1146 	EXP 	line4_2: autoDraw = False
601.1146 	EXP 	protrianglefixation_2: autoDraw = False
601.1146 	EXP 	Fixation_2: autoDraw = True
601.2364 	EXP 	Device response: <KeyPress from None: t=601.0972372919969, value=v, duration=0.1323540410012356>
602.1010 	EXP 	line1_2: autoDraw = True
602.1010 	EXP 	line2_2: autoDraw = True
602.1010 	EXP 	line3_2: autoDraw = True
602.1010 	EXP 	line4_2: autoDraw = True
602.1083 	EXP 	Fixation_2: autoDraw = False
603.1011 	INFO 	Keyboard events cleared
603.1009 	EXP 	protrianglefixation_2: autoDraw = True
603.8528 	EXP 	Device response: <KeyPress from None: t=603.845145416999, value=v, duration=None>
603.8534 	EXP 	New trial (rep=8, index=1): <Trial 33 (1 in rep 8) data={'pos': np.int64(150), 'corr_resp': 'v', 'thisN': 33, 'thisTrialN': 1, 'thisRepN': 8}>
603.8599 	DATA 	Keypress: v
603.8650 	EXP 	Fixation_2: autoDraw = False
603.8650 	EXP 	line1_2: autoDraw = False
603.8650 	EXP 	line2_2: autoDraw = False
603.8650 	EXP 	line3_2: autoDraw = False
603.8650 	EXP 	line4_2: autoDraw = False
603.8650 	EXP 	protrianglefixation_2: autoDraw = False
603.8650 	EXP 	Fixation_2: autoDraw = True
603.9864 	EXP 	Device response: <KeyPress from None: t=603.845145416999, value=v, duration=0.13236899999901652>
604.8509 	EXP 	line1_2: autoDraw = True
604.8509 	EXP 	line2_2: autoDraw = True
604.8509 	EXP 	line3_2: autoDraw = True
604.8509 	EXP 	line4_2: autoDraw = True
604.8583 	EXP 	Fixation_2: autoDraw = False
605.8511 	INFO 	Keyboard events cleared
605.8509 	EXP 	protrianglefixation_2: autoDraw = True
606.6597 	EXP 	Device response: <KeyPress from None: t=606.6560793329991, value=v, duration=None>
606.6601 	EXP 	New trial (rep=8, index=2): <Trial 34 (2 in rep 8) data={'pos': np.int64(-50), 'corr_resp': 'x', 'thisN': 34, 'thisTrialN': 2, 'thisRepN': 8}>
606.6667 	DATA 	Keypress: v
606.6716 	EXP 	Fixation_2: autoDraw = False
606.6716 	EXP 	line1_2: autoDraw = False
606.6716 	EXP 	line2_2: autoDraw = False
606.6716 	EXP 	line3_2: autoDraw = False
606.6716 	EXP 	line4_2: autoDraw = False
606.6716 	EXP 	protrianglefixation_2: autoDraw = False
606.6716 	EXP 	Fixation_2: autoDraw = True
606.7924 	EXP 	Device response: <KeyPress from None: t=606.6560793329991, value=v, duration=0.13223199999993085>
607.6595 	EXP 	line1_2: autoDraw = True
607.6595 	EXP 	line2_2: autoDraw = True
607.6595 	EXP 	line3_2: autoDraw = True
607.6595 	EXP 	line4_2: autoDraw = True
607.6856 	EXP 	Fixation_2: autoDraw = False
608.6586 	INFO 	Keyboard events cleared
608.6584 	EXP 	protrianglefixation_2: autoDraw = True
609.2023 	EXP 	Device response: <KeyPress from None: t=609.1980100419969, value=x, duration=None>
609.2028 	EXP 	New trial (rep=8, index=3): <Trial 35 (3 in rep 8) data={'pos': np.int64(-150), 'corr_resp': 'z', 'thisN': 35, 'thisTrialN': 3, 'thisRepN': 8}>
609.2090 	DATA 	Keypress: x
609.2138 	EXP 	Fixation_2: autoDraw = False
609.2138 	EXP 	line1_2: autoDraw = False
609.2138 	EXP 	line2_2: autoDraw = False
609.2138 	EXP 	line3_2: autoDraw = False
609.2138 	EXP 	line4_2: autoDraw = False
609.2138 	EXP 	protrianglefixation_2: autoDraw = False
609.2138 	EXP 	Fixation_2: autoDraw = True
609.3592 	EXP 	Device response: <KeyPress from None: t=609.1980100419969, value=x, duration=0.15637525000056485>
610.1924 	EXP 	line1_2: autoDraw = True
610.1924 	EXP 	line2_2: autoDraw = True
610.1924 	EXP 	line3_2: autoDraw = True
610.1924 	EXP 	line4_2: autoDraw = True
610.2089 	EXP 	Fixation_2: autoDraw = False
611.2012 	INFO 	Keyboard events cleared
611.2010 	EXP 	protrianglefixation_2: autoDraw = True
611.6598 	EXP 	Device response: <KeyPress from None: t=611.6549318750003, value=z, duration=None>
611.6602 	EXP 	New trial (rep=9, index=0): <Trial 36 (0 in rep 9) data={'pos': np.int64(-150), 'corr_resp': 'z', 'thisN': 36, 'thisTrialN': 0, 'thisRepN': 9}>
611.6662 	DATA 	Keypress: z
611.6716 	EXP 	Fixation_2: autoDraw = False
611.6716 	EXP 	line1_2: autoDraw = False
611.6716 	EXP 	line2_2: autoDraw = False
611.6716 	EXP 	line3_2: autoDraw = False
611.6716 	EXP 	line4_2: autoDraw = False
611.6716 	EXP 	protrianglefixation_2: autoDraw = False
611.6716 	EXP 	Fixation_2: autoDraw = True
611.7865 	EXP 	Device response: <KeyPress from None: t=611.6549318750003, value=z, duration=0.12828012499812758>
612.6594 	EXP 	line1_2: autoDraw = True
612.6594 	EXP 	line2_2: autoDraw = True
612.6594 	EXP 	line3_2: autoDraw = True
612.6594 	EXP 	line4_2: autoDraw = True
612.6856 	EXP 	Fixation_2: autoDraw = False
613.6859 	INFO 	Keyboard events cleared
613.6857 	EXP 	protrianglefixation_2: autoDraw = True
614.1856 	EXP 	Device response: <KeyPress from None: t=614.1838355419968, value=z, duration=None>
614.1861 	EXP 	New trial (rep=9, index=1): <Trial 37 (1 in rep 9) data={'pos': np.int64(50), 'corr_resp': 'c', 'thisN': 37, 'thisTrialN': 1, 'thisRepN': 9}>
614.1925 	DATA 	Keypress: z
614.1977 	EXP 	Fixation_2: autoDraw = False
614.1977 	EXP 	line1_2: autoDraw = False
614.1977 	EXP 	line2_2: autoDraw = False
614.1977 	EXP 	line3_2: autoDraw = False
614.1977 	EXP 	line4_2: autoDraw = False
614.1977 	EXP 	protrianglefixation_2: autoDraw = False
614.1977 	EXP 	Fixation_2: autoDraw = True
614.3260 	EXP 	Device response: <KeyPress from None: t=614.1838355419968, value=z, duration=0.13637412500247592>
615.1771 	EXP 	line1_2: autoDraw = True
615.1771 	EXP 	line2_2: autoDraw = True
615.1771 	EXP 	line3_2: autoDraw = True
615.1771 	EXP 	line4_2: autoDraw = True
615.2190 	EXP 	Fixation_2: autoDraw = False
616.1845 	INFO 	Keyboard events cleared
616.1843 	EXP 	protrianglefixation_2: autoDraw = True
617.7097 	EXP 	Device response: <KeyPress from None: t=617.7017377499978, value=c, duration=None>
617.7102 	EXP 	New trial (rep=9, index=2): <Trial 38 (2 in rep 9) data={'pos': np.int64(-50), 'corr_resp': 'x', 'thisN': 38, 'thisTrialN': 2, 'thisRepN': 9}>
617.7161 	DATA 	Keypress: c
617.7215 	EXP 	Fixation_2: autoDraw = False
617.7215 	EXP 	line1_2: autoDraw = False
617.7215 	EXP 	line2_2: autoDraw = False
617.7215 	EXP 	line3_2: autoDraw = False
617.7215 	EXP 	line4_2: autoDraw = False
617.7215 	EXP 	protrianglefixation_2: autoDraw = False
617.7215 	EXP 	Fixation_2: autoDraw = True
617.8762 	EXP 	Device response: <KeyPress from None: t=617.7017377499978, value=c, duration=0.17231020799954422>
618.7085 	EXP 	line1_2: autoDraw = True
618.7085 	EXP 	line2_2: autoDraw = True
618.7085 	EXP 	line3_2: autoDraw = True
618.7085 	EXP 	line4_2: autoDraw = True
618.7177 	EXP 	Fixation_2: autoDraw = False
619.7086 	INFO 	Keyboard events cleared
619.7084 	EXP 	protrianglefixation_2: autoDraw = True
620.2358 	EXP 	Device response: <KeyPress from None: t=620.2327726669973, value=x, duration=None>
620.2362 	EXP 	New trial (rep=9, index=3): <Trial 39 (3 in rep 9) data={'pos': np.int64(150), 'corr_resp': 'v', 'thisN': 39, 'thisTrialN': 3, 'thisRepN': 9}>
620.2427 	DATA 	Keypress: x
620.2480 	EXP 	Fixation_2: autoDraw = False
620.2480 	EXP 	line1_2: autoDraw = False
620.2480 	EXP 	line2_2: autoDraw = False
620.2480 	EXP 	line3_2: autoDraw = False
620.2480 	EXP 	line4_2: autoDraw = False
620.2480 	EXP 	protrianglefixation_2: autoDraw = False
620.2480 	EXP 	Fixation_2: autoDraw = True
620.3756 	EXP 	Device response: <KeyPress from None: t=620.2327726669973, value=x, duration=0.14021275000050082>
621.2341 	EXP 	line1_2: autoDraw = True
621.2341 	EXP 	line2_2: autoDraw = True
621.2341 	EXP 	line3_2: autoDraw = True
621.2341 	EXP 	line4_2: autoDraw = True
621.2415 	EXP 	Fixation_2: autoDraw = False
622.2343 	INFO 	Keyboard events cleared
622.2341 	EXP 	protrianglefixation_2: autoDraw = True
623.1926 	EXP 	Device response: <KeyPress from None: t=623.1916281669983, value=v, duration=None>
623.2016 	EXP 	New trial (rep=10, index=0): <Trial 40 (0 in rep 10) data={'pos': np.int64(-50), 'corr_resp': 'x', 'thisN': 40, 'thisTrialN': 0, 'thisRepN': 10}>
623.2074 	DATA 	Keypress: v
623.2125 	EXP 	Fixation_2: autoDraw = False
623.2125 	EXP 	line1_2: autoDraw = False
623.2125 	EXP 	line2_2: autoDraw = False
623.2125 	EXP 	line3_2: autoDraw = False
623.2125 	EXP 	line4_2: autoDraw = False
623.2125 	EXP 	protrianglefixation_2: autoDraw = False
623.2125 	EXP 	Fixation_2: autoDraw = True
623.3027 	EXP 	Device response: <KeyPress from None: t=623.1916281669983, value=v, duration=0.10838345799857052>
624.1926 	EXP 	line1_2: autoDraw = True
624.1926 	EXP 	line2_2: autoDraw = True
624.1926 	EXP 	line3_2: autoDraw = True
624.1926 	EXP 	line4_2: autoDraw = True
624.2080 	EXP 	Fixation_2: autoDraw = False
625.1925 	INFO 	Keyboard events cleared
625.1923 	EXP 	protrianglefixation_2: autoDraw = True
625.8267 	EXP 	Device response: <KeyPress from None: t=625.8246956669973, value=x, duration=None>
625.8272 	EXP 	New trial (rep=10, index=1): <Trial 41 (1 in rep 10) data={'pos': np.int64(150), 'corr_resp': 'v', 'thisN': 41, 'thisTrialN': 1, 'thisRepN': 10}>
625.8333 	DATA 	Keypress: x
625.8383 	EXP 	Fixation_2: autoDraw = False
625.8383 	EXP 	line1_2: autoDraw = False
625.8383 	EXP 	line2_2: autoDraw = False
625.8383 	EXP 	line3_2: autoDraw = False
625.8383 	EXP 	line4_2: autoDraw = False
625.8383 	EXP 	protrianglefixation_2: autoDraw = False
625.8383 	EXP 	Fixation_2: autoDraw = True
625.9435 	EXP 	Device response: <KeyPress from None: t=625.8246956669973, value=x, duration=0.11615545800304972>
626.8259 	EXP 	line1_2: autoDraw = True
626.8259 	EXP 	line2_2: autoDraw = True
626.8259 	EXP 	line3_2: autoDraw = True
626.8259 	EXP 	line4_2: autoDraw = True
626.8523 	EXP 	Fixation_2: autoDraw = False
627.8357 	INFO 	Keyboard events cleared
627.8356 	EXP 	protrianglefixation_2: autoDraw = True
628.6859 	EXP 	Device response: <KeyPress from None: t=628.676444875, value=v, duration=None>
628.6864 	EXP 	New trial (rep=10, index=2): <Trial 42 (2 in rep 10) data={'pos': np.int64(-150), 'corr_resp': 'z', 'thisN': 42, 'thisTrialN': 2, 'thisRepN': 10}>
628.6931 	DATA 	Keypress: v
628.6982 	EXP 	Fixation_2: autoDraw = False
628.6982 	EXP 	line1_2: autoDraw = False
628.6982 	EXP 	line2_2: autoDraw = False
628.6982 	EXP 	line3_2: autoDraw = False
628.6982 	EXP 	line4_2: autoDraw = False
628.6982 	EXP 	protrianglefixation_2: autoDraw = False
628.6982 	EXP 	Fixation_2: autoDraw = True
628.8032 	EXP 	Device response: <KeyPress from None: t=628.676444875, value=v, duration=0.12044045799848391>
629.6845 	EXP 	line1_2: autoDraw = True
629.6845 	EXP 	line2_2: autoDraw = True
629.6845 	EXP 	line3_2: autoDraw = True
629.6845 	EXP 	line4_2: autoDraw = True
629.6920 	EXP 	Fixation_2: autoDraw = False
630.6757 	INFO 	Keyboard events cleared
630.6755 	EXP 	protrianglefixation_2: autoDraw = True
631.1200 	EXP 	Device response: <KeyPress from None: t=631.1133857079985, value=z, duration=None>
631.1205 	EXP 	New trial (rep=10, index=3): <Trial 43 (3 in rep 10) data={'pos': np.int64(50), 'corr_resp': 'c', 'thisN': 43, 'thisTrialN': 3, 'thisRepN': 10}>
631.1267 	DATA 	Keypress: z
631.1320 	EXP 	Fixation_2: autoDraw = False
631.1320 	EXP 	line1_2: autoDraw = False
631.1320 	EXP 	line2_2: autoDraw = False
631.1320 	EXP 	line3_2: autoDraw = False
631.1320 	EXP 	line4_2: autoDraw = False
631.1320 	EXP 	protrianglefixation_2: autoDraw = False
631.1320 	EXP 	Fixation_2: autoDraw = True
631.2585 	EXP 	Device response: <KeyPress from None: t=631.1133857079985, value=z, duration=0.14033912499871803>
632.1176 	EXP 	line1_2: autoDraw = True
632.1176 	EXP 	line2_2: autoDraw = True
632.1176 	EXP 	line3_2: autoDraw = True
632.1176 	EXP 	line4_2: autoDraw = True
632.1252 	EXP 	Fixation_2: autoDraw = False
633.1179 	INFO 	Keyboard events cleared
633.1177 	EXP 	protrianglefixation_2: autoDraw = True
634.1873 	EXP 	Device response: <KeyPress from None: t=634.1733168329993, value=c, duration=None>
634.1879 	EXP 	New trial (rep=11, index=0): <Trial 44 (0 in rep 11) data={'pos': np.int64(50), 'corr_resp': 'c', 'thisN': 44, 'thisTrialN': 0, 'thisRepN': 11}>
634.1944 	DATA 	Keypress: c
634.1996 	EXP 	Fixation_2: autoDraw = False
634.1996 	EXP 	line1_2: autoDraw = False
634.1996 	EXP 	line2_2: autoDraw = False
634.1996 	EXP 	line3_2: autoDraw = False
634.1996 	EXP 	line4_2: autoDraw = False
634.1996 	EXP 	protrianglefixation_2: autoDraw = False
634.1996 	EXP 	Fixation_2: autoDraw = True
634.3026 	EXP 	Device response: <KeyPress from None: t=634.1733168329993, value=c, duration=0.12448954199862783>
635.1842 	EXP 	line1_2: autoDraw = True
635.1842 	EXP 	line2_2: autoDraw = True
635.1842 	EXP 	line3_2: autoDraw = True
635.1842 	EXP 	line4_2: autoDraw = True
635.1916 	EXP 	Fixation_2: autoDraw = False
636.1845 	INFO 	Keyboard events cleared
636.1842 	EXP 	protrianglefixation_2: autoDraw = True
637.1100 	EXP 	Device response: <KeyPress from None: t=637.1064057499971, value=c, duration=None>
637.1105 	EXP 	New trial (rep=11, index=1): <Trial 45 (1 in rep 11) data={'pos': np.int64(-50), 'corr_resp': 'x', 'thisN': 45, 'thisTrialN': 1, 'thisRepN': 11}>
637.1166 	DATA 	Keypress: c
637.1216 	EXP 	Fixation_2: autoDraw = False
637.1216 	EXP 	line1_2: autoDraw = False
637.1216 	EXP 	line2_2: autoDraw = False
637.1216 	EXP 	line3_2: autoDraw = False
637.1216 	EXP 	line4_2: autoDraw = False
637.1216 	EXP 	protrianglefixation_2: autoDraw = False
637.1216 	EXP 	Fixation_2: autoDraw = True
637.2694 	EXP 	Device response: <KeyPress from None: t=637.1064057499971, value=c, duration=0.15626725000038277>
638.1090 	EXP 	line1_2: autoDraw = True
638.1090 	EXP 	line2_2: autoDraw = True
638.1090 	EXP 	line3_2: autoDraw = True
638.1090 	EXP 	line4_2: autoDraw = True
638.1187 	EXP 	Fixation_2: autoDraw = False
639.1094 	INFO 	Keyboard events cleared
639.1092 	EXP 	protrianglefixation_2: autoDraw = True
639.6193 	EXP 	Device response: <KeyPress from None: t=639.609303833, value=x, duration=None>
639.6198 	EXP 	New trial (rep=11, index=2): <Trial 46 (2 in rep 11) data={'pos': np.int64(150), 'corr_resp': 'v', 'thisN': 46, 'thisTrialN': 2, 'thisRepN': 11}>
639.6260 	DATA 	Keypress: x
639.6313 	EXP 	Fixation_2: autoDraw = False
639.6313 	EXP 	line1_2: autoDraw = False
639.6313 	EXP 	line2_2: autoDraw = False
639.6313 	EXP 	line3_2: autoDraw = False
639.6313 	EXP 	line4_2: autoDraw = False
639.6313 	EXP 	protrianglefixation_2: autoDraw = False
639.6313 	EXP 	Fixation_2: autoDraw = True
639.7532 	EXP 	Device response: <KeyPress from None: t=639.609303833, value=x, duration=0.1323004999976547>
640.6176 	EXP 	line1_2: autoDraw = True
640.6176 	EXP 	line2_2: autoDraw = True
640.6176 	EXP 	line3_2: autoDraw = True
640.6176 	EXP 	line4_2: autoDraw = True
640.6250 	EXP 	Fixation_2: autoDraw = False
641.6177 	INFO 	Keyboard events cleared
641.6175 	EXP 	protrianglefixation_2: autoDraw = True
642.4186 	EXP 	Device response: <KeyPress from None: t=642.4172202079972, value=v, duration=None>
642.4191 	EXP 	New trial (rep=11, index=3): <Trial 47 (3 in rep 11) data={'pos': np.int64(-150), 'corr_resp': 'z', 'thisN': 47, 'thisTrialN': 3, 'thisRepN': 11}>
642.4253 	DATA 	Keypress: v
642.4306 	EXP 	Fixation_2: autoDraw = False
642.4306 	EXP 	line1_2: autoDraw = False
642.4306 	EXP 	line2_2: autoDraw = False
642.4306 	EXP 	line3_2: autoDraw = False
642.4306 	EXP 	line4_2: autoDraw = False
642.4306 	EXP 	protrianglefixation_2: autoDraw = False
642.4306 	EXP 	Fixation_2: autoDraw = True
642.5255 	EXP 	Device response: <KeyPress from None: t=642.4172202079972, value=v, duration=0.10433020900018164>
643.4098 	EXP 	line1_2: autoDraw = True
643.4098 	EXP 	line2_2: autoDraw = True
643.4098 	EXP 	line3_2: autoDraw = True
643.4098 	EXP 	line4_2: autoDraw = True
643.4525 	EXP 	Fixation_2: autoDraw = False
644.4177 	INFO 	Keyboard events cleared
644.4175 	EXP 	protrianglefixation_2: autoDraw = True
644.9260 	EXP 	Device response: <KeyPress from None: t=644.9250512919971, value=z, duration=None>
644.9265 	EXP 	New trial (rep=12, index=0): <Trial 48 (0 in rep 12) data={'pos': np.int64(50), 'corr_resp': 'c', 'thisN': 48, 'thisTrialN': 0, 'thisRepN': 12}>
644.9326 	DATA 	Keypress: z
644.9380 	EXP 	Fixation_2: autoDraw = False
644.9380 	EXP 	line1_2: autoDraw = False
644.9380 	EXP 	line2_2: autoDraw = False
644.9380 	EXP 	line3_2: autoDraw = False
644.9380 	EXP 	line4_2: autoDraw = False
644.9380 	EXP 	protrianglefixation_2: autoDraw = False
644.9380 	EXP 	Fixation_2: autoDraw = True
645.0698 	EXP 	Device response: <KeyPress from None: t=644.9250512919971, value=z, duration=0.13647216600293177>
645.9174 	EXP 	line1_2: autoDraw = True
645.9174 	EXP 	line2_2: autoDraw = True
645.9174 	EXP 	line3_2: autoDraw = True
645.9174 	EXP 	line4_2: autoDraw = True
645.9343 	EXP 	Fixation_2: autoDraw = False
646.9359 	INFO 	Keyboard events cleared
646.9358 	EXP 	protrianglefixation_2: autoDraw = True
647.6359 	EXP 	Device response: <KeyPress from None: t=647.6311172919995, value=c, duration=None>
647.6364 	EXP 	New trial (rep=12, index=1): <Trial 49 (1 in rep 12) data={'pos': np.int64(150), 'corr_resp': 'v', 'thisN': 49, 'thisTrialN': 1, 'thisRepN': 12}>
647.6429 	DATA 	Keypress: c
647.6481 	EXP 	Fixation_2: autoDraw = False
647.6481 	EXP 	line1_2: autoDraw = False
647.6481 	EXP 	line2_2: autoDraw = False
647.6481 	EXP 	line3_2: autoDraw = False
647.6481 	EXP 	line4_2: autoDraw = False
647.6481 	EXP 	protrianglefixation_2: autoDraw = False
647.6481 	EXP 	Fixation_2: autoDraw = True
647.7598 	EXP 	Device response: <KeyPress from None: t=647.6311172919995, value=c, duration=0.1243278330002795>
648.6344 	EXP 	line1_2: autoDraw = True
648.6344 	EXP 	line2_2: autoDraw = True
648.6344 	EXP 	line3_2: autoDraw = True
648.6344 	EXP 	line4_2: autoDraw = True
648.6419 	EXP 	Fixation_2: autoDraw = False
649.6351 	INFO 	Keyboard events cleared
649.6349 	EXP 	protrianglefixation_2: autoDraw = True
650.3194 	EXP 	Device response: <KeyPress from None: t=650.313013666997, value=v, duration=None>
650.3199 	EXP 	New trial (rep=12, index=2): <Trial 50 (2 in rep 12) data={'pos': np.int64(-150), 'corr_resp': 'z', 'thisN': 50, 'thisTrialN': 2, 'thisRepN': 12}>
650.3262 	DATA 	Keypress: v
650.3313 	EXP 	Fixation_2: autoDraw = False
650.3313 	EXP 	line1_2: autoDraw = False
650.3313 	EXP 	line2_2: autoDraw = False
650.3313 	EXP 	line3_2: autoDraw = False
650.3313 	EXP 	line4_2: autoDraw = False
650.3313 	EXP 	protrianglefixation_2: autoDraw = False
650.3313 	EXP 	Fixation_2: autoDraw = True
650.4363 	EXP 	Device response: <KeyPress from None: t=650.313013666997, value=v, duration=0.11635012500119046>
651.3174 	EXP 	line1_2: autoDraw = True
651.3174 	EXP 	line2_2: autoDraw = True
651.3174 	EXP 	line3_2: autoDraw = True
651.3174 	EXP 	line4_2: autoDraw = True
651.3248 	EXP 	Fixation_2: autoDraw = False
652.3182 	INFO 	Keyboard events cleared
652.3181 	EXP 	protrianglefixation_2: autoDraw = True
652.7762 	EXP 	Device response: <KeyPress from None: t=652.7689402919968, value=z, duration=None>
652.7767 	EXP 	New trial (rep=12, index=3): <Trial 51 (3 in rep 12) data={'pos': np.int64(-50), 'corr_resp': 'x', 'thisN': 51, 'thisTrialN': 3, 'thisRepN': 12}>
652.7825 	DATA 	Keypress: z
652.7880 	EXP 	Fixation_2: autoDraw = False
652.7880 	EXP 	line1_2: autoDraw = False
652.7880 	EXP 	line2_2: autoDraw = False
652.7880 	EXP 	line3_2: autoDraw = False
652.7880 	EXP 	line4_2: autoDraw = False
652.7880 	EXP 	protrianglefixation_2: autoDraw = False
652.7880 	EXP 	Fixation_2: autoDraw = True
652.9363 	EXP 	Device response: <KeyPress from None: t=652.7689402919968, value=z, duration=0.16026516600322793>
653.7753 	EXP 	line1_2: autoDraw = True
653.7753 	EXP 	line2_2: autoDraw = True
653.7753 	EXP 	line3_2: autoDraw = True
653.7753 	EXP 	line4_2: autoDraw = True
653.7841 	EXP 	Fixation_2: autoDraw = False
654.7752 	INFO 	Keyboard events cleared
654.7751 	EXP 	protrianglefixation_2: autoDraw = True
655.6859 	EXP 	Device response: <KeyPress from None: t=655.6788830419973, value=x, duration=None>
655.6864 	EXP 	New trial (rep=13, index=0): <Trial 52 (0 in rep 13) data={'pos': np.int64(50), 'corr_resp': 'c', 'thisN': 52, 'thisTrialN': 0, 'thisRepN': 13}>
655.6924 	DATA 	Keypress: x
655.6975 	EXP 	Fixation_2: autoDraw = False
655.6975 	EXP 	line1_2: autoDraw = False
655.6975 	EXP 	line2_2: autoDraw = False
655.6975 	EXP 	line3_2: autoDraw = False
655.6975 	EXP 	line4_2: autoDraw = False
655.6975 	EXP 	protrianglefixation_2: autoDraw = False
655.6975 	EXP 	Fixation_2: autoDraw = True
655.8197 	EXP 	Device response: <KeyPress from None: t=655.6788830419973, value=x, duration=0.13636875000156579>
656.6843 	EXP 	line1_2: autoDraw = True
656.6843 	EXP 	line2_2: autoDraw = True
656.6843 	EXP 	line3_2: autoDraw = True
656.6843 	EXP 	line4_2: autoDraw = True
656.6919 	EXP 	Fixation_2: autoDraw = False
657.6844 	INFO 	Keyboard events cleared
657.6842 	EXP 	protrianglefixation_2: autoDraw = True
658.5260 	EXP 	Device response: <KeyPress from None: t=658.5228225419996, value=c, duration=None>
658.5265 	EXP 	New trial (rep=13, index=1): <Trial 53 (1 in rep 13) data={'pos': np.int64(150), 'corr_resp': 'v', 'thisN': 53, 'thisTrialN': 1, 'thisRepN': 13}>
658.5325 	DATA 	Keypress: c
658.5379 	EXP 	Fixation_2: autoDraw = False
658.5379 	EXP 	line1_2: autoDraw = False
658.5379 	EXP 	line2_2: autoDraw = False
658.5379 	EXP 	line3_2: autoDraw = False
658.5379 	EXP 	line4_2: autoDraw = False
658.5379 	EXP 	protrianglefixation_2: autoDraw = False
658.5379 	EXP 	Fixation_2: autoDraw = True
658.6865 	EXP 	Device response: <KeyPress from None: t=658.5228225419996, value=c, duration=0.16035054099847912>
659.5255 	EXP 	line1_2: autoDraw = True
659.5255 	EXP 	line2_2: autoDraw = True
659.5255 	EXP 	line3_2: autoDraw = True
659.5255 	EXP 	line4_2: autoDraw = True
659.5341 	EXP 	Fixation_2: autoDraw = False
660.5177 	INFO 	Keyboard events cleared
660.5175 	EXP 	protrianglefixation_2: autoDraw = True
661.5097 	EXP 	Device response: <KeyPress from None: t=661.5016673749997, value=v, duration=None>
661.5101 	EXP 	New trial (rep=13, index=2): <Trial 54 (2 in rep 13) data={'pos': np.int64(-150), 'corr_resp': 'z', 'thisN': 54, 'thisTrialN': 2, 'thisRepN': 13}>
661.5159 	DATA 	Keypress: v
661.5214 	EXP 	Fixation_2: autoDraw = False
661.5214 	EXP 	line1_2: autoDraw = False
661.5214 	EXP 	line2_2: autoDraw = False
661.5214 	EXP 	line3_2: autoDraw = False
661.5214 	EXP 	line4_2: autoDraw = False
661.5214 	EXP 	protrianglefixation_2: autoDraw = False
661.5214 	EXP 	Fixation_2: autoDraw = True
661.6197 	EXP 	Device response: <KeyPress from None: t=661.5016673749997, value=v, duration=0.1124594579996483>
662.5096 	EXP 	line1_2: autoDraw = True
662.5096 	EXP 	line2_2: autoDraw = True
662.5096 	EXP 	line3_2: autoDraw = True
662.5096 	EXP 	line4_2: autoDraw = True
662.5357 	EXP 	Fixation_2: autoDraw = False
663.5094 	INFO 	Keyboard events cleared
663.5092 	EXP 	protrianglefixation_2: autoDraw = True
664.1025 	EXP 	Device response: <KeyPress from None: t=664.0977414169975, value=z, duration=None>
664.1030 	EXP 	New trial (rep=13, index=3): <Trial 55 (3 in rep 13) data={'pos': np.int64(-50), 'corr_resp': 'x', 'thisN': 55, 'thisTrialN': 3, 'thisRepN': 13}>
664.1091 	DATA 	Keypress: z
664.1143 	EXP 	Fixation_2: autoDraw = False
664.1143 	EXP 	line1_2: autoDraw = False
664.1143 	EXP 	line2_2: autoDraw = False
664.1143 	EXP 	line3_2: autoDraw = False
664.1143 	EXP 	line4_2: autoDraw = False
664.1143 	EXP 	protrianglefixation_2: autoDraw = False
664.1143 	EXP 	Fixation_2: autoDraw = True
664.2363 	EXP 	Device response: <KeyPress from None: t=664.0977414169975, value=z, duration=0.12829775000136578>
665.1007 	EXP 	line1_2: autoDraw = True
665.1007 	EXP 	line2_2: autoDraw = True
665.1007 	EXP 	line3_2: autoDraw = True
665.1007 	EXP 	line4_2: autoDraw = True
665.1085 	EXP 	Fixation_2: autoDraw = False
666.1010 	INFO 	Keyboard events cleared
666.1008 	EXP 	protrianglefixation_2: autoDraw = True
666.7929 	EXP 	Device response: <KeyPress from None: t=666.7846657079972, value=x, duration=None>
666.7933 	EXP 	New trial (rep=14, index=0): <Trial 56 (0 in rep 14) data={'pos': np.int64(-50), 'corr_resp': 'x', 'thisN': 56, 'thisTrialN': 0, 'thisRepN': 14}>
666.7991 	DATA 	Keypress: x
666.8044 	EXP 	Fixation_2: autoDraw = False
666.8044 	EXP 	line1_2: autoDraw = False
666.8044 	EXP 	line2_2: autoDraw = False
666.8044 	EXP 	line3_2: autoDraw = False
666.8044 	EXP 	line4_2: autoDraw = False
666.8044 	EXP 	protrianglefixation_2: autoDraw = False
666.8044 	EXP 	Fixation_2: autoDraw = True
666.9033 	EXP 	Device response: <KeyPress from None: t=666.7846657079972, value=x, duration=0.11628225000094972>
667.7841 	EXP 	line1_2: autoDraw = True
667.7841 	EXP 	line2_2: autoDraw = True
667.7841 	EXP 	line3_2: autoDraw = True
667.7841 	EXP 	line4_2: autoDraw = True
667.8009 	EXP 	Fixation_2: autoDraw = False
668.7929 	INFO 	Keyboard events cleared
668.7927 	EXP 	protrianglefixation_2: autoDraw = True
669.3925 	EXP 	Device response: <KeyPress from None: t=669.3915623749999, value=x, duration=None>
669.4015 	EXP 	New trial (rep=14, index=1): <Trial 57 (1 in rep 14) data={'pos': np.int64(50), 'corr_resp': 'c', 'thisN': 57, 'thisTrialN': 1, 'thisRepN': 14}>
669.4074 	DATA 	Keypress: x
669.4123 	EXP 	Fixation_2: autoDraw = False
669.4123 	EXP 	line1_2: autoDraw = False
669.4123 	EXP 	line2_2: autoDraw = False
669.4123 	EXP 	line3_2: autoDraw = False
669.4123 	EXP 	line4_2: autoDraw = False
669.4123 	EXP 	protrianglefixation_2: autoDraw = False
669.4123 	EXP 	Fixation_2: autoDraw = True
669.5026 	EXP 	Device response: <KeyPress from None: t=669.3915623749999, value=x, duration=0.10836929200013401>
670.3923 	EXP 	line1_2: autoDraw = True
670.3923 	EXP 	line2_2: autoDraw = True
670.3923 	EXP 	line3_2: autoDraw = True
670.3923 	EXP 	line4_2: autoDraw = True
670.4081 	EXP 	Fixation_2: autoDraw = False
671.3934 	INFO 	Keyboard events cleared
671.3933 	EXP 	protrianglefixation_2: autoDraw = True
672.3262 	EXP 	Device response: <KeyPress from None: t=672.3225336670002, value=c, duration=None>
672.3268 	EXP 	New trial (rep=14, index=2): <Trial 58 (2 in rep 14) data={'pos': np.int64(-150), 'corr_resp': 'z', 'thisN': 58, 'thisTrialN': 2, 'thisRepN': 14}>
672.3330 	DATA 	Keypress: c
672.3383 	EXP 	Fixation_2: autoDraw = False
672.3383 	EXP 	line1_2: autoDraw = False
672.3383 	EXP 	line2_2: autoDraw = False
672.3383 	EXP 	line3_2: autoDraw = False
672.3383 	EXP 	line4_2: autoDraw = False
672.3383 	EXP 	protrianglefixation_2: autoDraw = False
672.3383 	EXP 	Fixation_2: autoDraw = True
672.4370 	EXP 	Device response: <KeyPress from None: t=672.3225336670002, value=c, duration=0.10834004099888261>
673.3258 	EXP 	line1_2: autoDraw = True
673.3258 	EXP 	line2_2: autoDraw = True
673.3258 	EXP 	line3_2: autoDraw = True
673.3258 	EXP 	line4_2: autoDraw = True
673.3522 	EXP 	Fixation_2: autoDraw = False
674.3249 	INFO 	Keyboard events cleared
674.3247 	EXP 	protrianglefixation_2: autoDraw = True
674.7930 	EXP 	Device response: <KeyPress from None: t=674.7905095829992, value=z, duration=None>
674.7935 	EXP 	New trial (rep=14, index=3): <Trial 59 (3 in rep 14) data={'pos': np.int64(150), 'corr_resp': 'v', 'thisN': 59, 'thisTrialN': 3, 'thisRepN': 14}>
674.7995 	DATA 	Keypress: z
674.8050 	EXP 	Fixation_2: autoDraw = False
674.8050 	EXP 	line1_2: autoDraw = False
674.8050 	EXP 	line2_2: autoDraw = False
674.8050 	EXP 	line3_2: autoDraw = False
674.8050 	EXP 	line4_2: autoDraw = False
674.8050 	EXP 	protrianglefixation_2: autoDraw = False
674.8050 	EXP 	Fixation_2: autoDraw = True
674.9363 	EXP 	Device response: <KeyPress from None: t=674.7905095829992, value=z, duration=0.13617441699898336>
675.7925 	EXP 	line1_2: autoDraw = True
675.7925 	EXP 	line2_2: autoDraw = True
675.7925 	EXP 	line3_2: autoDraw = True
675.7925 	EXP 	line4_2: autoDraw = True
675.8009 	EXP 	Fixation_2: autoDraw = False
676.7933 	INFO 	Keyboard events cleared
676.7931 	EXP 	protrianglefixation_2: autoDraw = True
677.6266 	EXP 	Device response: <KeyPress from None: t=677.6244241669992, value=v, duration=None>
677.6272 	EXP 	New trial (rep=15, index=0): <Trial 60 (0 in rep 15) data={'pos': np.int64(150), 'corr_resp': 'v', 'thisN': 60, 'thisTrialN': 0, 'thisRepN': 15}>
677.6335 	DATA 	Keypress: v
677.6384 	EXP 	Fixation_2: autoDraw = False
677.6384 	EXP 	line1_2: autoDraw = False
677.6384 	EXP 	line2_2: autoDraw = False
677.6384 	EXP 	line3_2: autoDraw = False
677.6384 	EXP 	line4_2: autoDraw = False
677.6384 	EXP 	protrianglefixation_2: autoDraw = False
677.6384 	EXP 	Fixation_2: autoDraw = True
677.7359 	EXP 	Device response: <KeyPress from None: t=677.6244241669992, value=v, duration=0.1043203330009419>
678.6264 	EXP 	line1_2: autoDraw = True
678.6264 	EXP 	line2_2: autoDraw = True
678.6264 	EXP 	line3_2: autoDraw = True
678.6264 	EXP 	line4_2: autoDraw = True
678.6523 	EXP 	Fixation_2: autoDraw = False
679.6259 	INFO 	Keyboard events cleared
679.6256 	EXP 	protrianglefixation_2: autoDraw = True
680.4033 	EXP 	Device response: <KeyPress from None: t=680.381354666999, value=v, duration=None>
680.4038 	EXP 	New trial (rep=15, index=1): <Trial 61 (1 in rep 15) data={'pos': np.int64(-50), 'corr_resp': 'x', 'thisN': 61, 'thisTrialN': 1, 'thisRepN': 15}>
680.4096 	DATA 	Keypress: v
680.4186 	EXP 	Fixation_2: autoDraw = False
680.4186 	EXP 	line1_2: autoDraw = False
680.4186 	EXP 	line2_2: autoDraw = False
680.4186 	EXP 	line3_2: autoDraw = False
680.4186 	EXP 	line4_2: autoDraw = False
680.4186 	EXP 	protrianglefixation_2: autoDraw = False
680.4186 	EXP 	Fixation_2: autoDraw = True
680.4759 	EXP 	Device response: <KeyPress from None: t=680.381354666999, value=v, duration=0.0922241660009604>
681.4008 	EXP 	line1_2: autoDraw = True
681.4008 	EXP 	line2_2: autoDraw = True
681.4008 	EXP 	line3_2: autoDraw = True
681.4008 	EXP 	line4_2: autoDraw = True
681.4176 	EXP 	Fixation_2: autoDraw = False
682.4010 	INFO 	Keyboard events cleared
682.4008 	EXP 	protrianglefixation_2: autoDraw = True
683.4189 	EXP 	Device response: <KeyPress from None: t=683.4172872499985, value=x, duration=None>
683.4195 	EXP 	New trial (rep=15, index=2): <Trial 62 (2 in rep 15) data={'pos': np.int64(-150), 'corr_resp': 'z', 'thisN': 62, 'thisTrialN': 2, 'thisRepN': 15}>
683.4260 	DATA 	Keypress: x
683.4313 	EXP 	Fixation_2: autoDraw = False
683.4313 	EXP 	line1_2: autoDraw = False
683.4313 	EXP 	line2_2: autoDraw = False
683.4313 	EXP 	line3_2: autoDraw = False
683.4313 	EXP 	line4_2: autoDraw = False
683.4313 	EXP 	protrianglefixation_2: autoDraw = False
683.4313 	EXP 	Fixation_2: autoDraw = True
683.5534 	EXP 	Device response: <KeyPress from None: t=683.4172872499985, value=x, duration=0.1243184580016532>
684.4174 	EXP 	line1_2: autoDraw = True
684.4174 	EXP 	line2_2: autoDraw = True
684.4174 	EXP 	line3_2: autoDraw = True
684.4174 	EXP 	line4_2: autoDraw = True
684.4248 	EXP 	Fixation_2: autoDraw = False
685.4177 	INFO 	Keyboard events cleared
685.4175 	EXP 	protrianglefixation_2: autoDraw = True
685.9859 	EXP 	Device response: <KeyPress from None: t=685.9772017079995, value=z, duration=None>
685.9865 	EXP 	New trial (rep=15, index=3): <Trial 63 (3 in rep 15) data={'pos': np.int64(50), 'corr_resp': 'c', 'thisN': 63, 'thisTrialN': 3, 'thisRepN': 15}>
685.9928 	DATA 	Keypress: z
685.9981 	EXP 	Fixation_2: autoDraw = False
685.9981 	EXP 	line1_2: autoDraw = False
685.9981 	EXP 	line2_2: autoDraw = False
685.9981 	EXP 	line3_2: autoDraw = False
685.9981 	EXP 	line4_2: autoDraw = False
685.9981 	EXP 	protrianglefixation_2: autoDraw = False
685.9981 	EXP 	Fixation_2: autoDraw = True
686.1029 	EXP 	Device response: <KeyPress from None: t=685.9772017079995, value=z, duration=0.11620412499905797>
686.9840 	EXP 	line1_2: autoDraw = True
686.9840 	EXP 	line2_2: autoDraw = True
686.9840 	EXP 	line3_2: autoDraw = True
686.9840 	EXP 	line4_2: autoDraw = True
686.9914 	EXP 	Fixation_2: autoDraw = False
687.9846 	INFO 	Keyboard events cleared
687.9844 	EXP 	protrianglefixation_2: autoDraw = True
688.4520 	EXP 	Device response: <KeyPress from None: t=688.4430506669996, value=c, duration=None>
688.4525 	EXP 	New trial (rep=16, index=0): <Trial 64 (0 in rep 16) data={'pos': np.int64(50), 'corr_resp': 'c', 'thisN': 64, 'thisTrialN': 0, 'thisRepN': 16}>
688.4586 	DATA 	Keypress: c
688.4637 	EXP 	Fixation_2: autoDraw = False
688.4637 	EXP 	line1_2: autoDraw = False
688.4637 	EXP 	line2_2: autoDraw = False
688.4637 	EXP 	line3_2: autoDraw = False
688.4637 	EXP 	line4_2: autoDraw = False
688.4637 	EXP 	protrianglefixation_2: autoDraw = False
688.4637 	EXP 	Fixation_2: autoDraw = True
688.6193 	EXP 	Device response: <KeyPress from None: t=688.4430506669996, value=c, duration=0.1684009579985286>
689.4510 	EXP 	line1_2: autoDraw = True
689.4510 	EXP 	line2_2: autoDraw = True
689.4510 	EXP 	line3_2: autoDraw = True
689.4510 	EXP 	line4_2: autoDraw = True
689.4586 	EXP 	Fixation_2: autoDraw = False
690.4509 	INFO 	Keyboard events cleared
690.4507 	EXP 	protrianglefixation_2: autoDraw = True
691.3354 	EXP 	Device response: <KeyPress from None: t=691.3340159999971, value=c, duration=None>
691.3359 	EXP 	New trial (rep=16, index=1): <Trial 65 (1 in rep 16) data={'pos': np.int64(-150), 'corr_resp': 'z', 'thisN': 65, 'thisTrialN': 1, 'thisRepN': 16}>
691.3422 	DATA 	Keypress: c
691.3474 	EXP 	Fixation_2: autoDraw = False
691.3474 	EXP 	line1_2: autoDraw = False
691.3474 	EXP 	line2_2: autoDraw = False
691.3474 	EXP 	line3_2: autoDraw = False
691.3474 	EXP 	line4_2: autoDraw = False
691.3474 	EXP 	protrianglefixation_2: autoDraw = False
691.3474 	EXP 	Fixation_2: autoDraw = True
691.4761 	EXP 	Device response: <KeyPress from None: t=691.3340159999971, value=c, duration=0.13629533300263574>
692.3342 	EXP 	line1_2: autoDraw = True
692.3342 	EXP 	line2_2: autoDraw = True
692.3342 	EXP 	line3_2: autoDraw = True
692.3342 	EXP 	line4_2: autoDraw = True
692.3415 	EXP 	Fixation_2: autoDraw = False
693.3259 	INFO 	Keyboard events cleared
693.3257 	EXP 	protrianglefixation_2: autoDraw = True
693.7690 	EXP 	Device response: <KeyPress from None: t=693.765997874998, value=z, duration=None>
693.7697 	EXP 	New trial (rep=16, index=2): <Trial 66 (2 in rep 16) data={'pos': np.int64(150), 'corr_resp': 'v', 'thisN': 66, 'thisTrialN': 2, 'thisRepN': 16}>
693.7761 	DATA 	Keypress: z
693.7812 	EXP 	Fixation_2: autoDraw = False
693.7812 	EXP 	line1_2: autoDraw = False
693.7812 	EXP 	line2_2: autoDraw = False
693.7812 	EXP 	line3_2: autoDraw = False
693.7812 	EXP 	line4_2: autoDraw = False
693.7812 	EXP 	protrianglefixation_2: autoDraw = False
693.7812 	EXP 	Fixation_2: autoDraw = True
693.8756 	EXP 	Device response: <KeyPress from None: t=693.765997874998, value=z, duration=0.10833645800084923>
694.7675 	EXP 	line1_2: autoDraw = True
694.7675 	EXP 	line2_2: autoDraw = True
694.7675 	EXP 	line3_2: autoDraw = True
694.7675 	EXP 	line4_2: autoDraw = True
694.7748 	EXP 	Fixation_2: autoDraw = False
695.7682 	INFO 	Keyboard events cleared
695.7681 	EXP 	protrianglefixation_2: autoDraw = True
696.4930 	EXP 	Device response: <KeyPress from None: t=696.4879746669976, value=v, duration=None>
696.4935 	EXP 	New trial (rep=16, index=3): <Trial 67 (3 in rep 16) data={'pos': np.int64(-50), 'corr_resp': 'x', 'thisN': 67, 'thisTrialN': 3, 'thisRepN': 16}>
696.4996 	DATA 	Keypress: v
696.5050 	EXP 	Fixation_2: autoDraw = False
696.5050 	EXP 	line1_2: autoDraw = False
696.5050 	EXP 	line2_2: autoDraw = False
696.5050 	EXP 	line3_2: autoDraw = False
696.5050 	EXP 	line4_2: autoDraw = False
696.5050 	EXP 	protrianglefixation_2: autoDraw = False
696.5050 	EXP 	Fixation_2: autoDraw = True
696.6201 	EXP 	Device response: <KeyPress from None: t=696.4879746669976, value=v, duration=0.12433595800030162>
697.4923 	EXP 	line1_2: autoDraw = True
697.4923 	EXP 	line2_2: autoDraw = True
697.4923 	EXP 	line3_2: autoDraw = True
697.4923 	EXP 	line4_2: autoDraw = True
697.5007 	EXP 	Fixation_2: autoDraw = False
698.4919 	INFO 	Keyboard events cleared
698.4918 	EXP 	protrianglefixation_2: autoDraw = True
699.0370 	EXP 	Device response: <KeyPress from None: t=699.0329166249976, value=x, duration=None>
699.0375 	EXP 	New trial (rep=17, index=0): <Trial 68 (0 in rep 17) data={'pos': np.int64(-150), 'corr_resp': 'z', 'thisN': 68, 'thisTrialN': 0, 'thisRepN': 17}>
699.0439 	DATA 	Keypress: x
699.0507 	EXP 	Fixation_2: autoDraw = False
699.0507 	EXP 	line1_2: autoDraw = False
699.0507 	EXP 	line2_2: autoDraw = False
699.0507 	EXP 	line3_2: autoDraw = False
699.0507 	EXP 	line4_2: autoDraw = False
699.0507 	EXP 	protrianglefixation_2: autoDraw = False
699.0507 	EXP 	Fixation_2: autoDraw = True
699.1755 	EXP 	Device response: <KeyPress from None: t=699.0329166249976, value=x, duration=0.14023291700141272>
700.0342 	EXP 	line1_2: autoDraw = True
700.0342 	EXP 	line2_2: autoDraw = True
700.0342 	EXP 	line3_2: autoDraw = True
700.0342 	EXP 	line4_2: autoDraw = True
700.0415 	EXP 	Fixation_2: autoDraw = False
701.0342 	INFO 	Keyboard events cleared
701.0340 	EXP 	protrianglefixation_2: autoDraw = True
701.4692 	EXP 	Device response: <KeyPress from None: t=701.466805666998, value=z, duration=None>
701.4698 	EXP 	New trial (rep=17, index=1): <Trial 69 (1 in rep 17) data={'pos': np.int64(150), 'corr_resp': 'v', 'thisN': 69, 'thisTrialN': 1, 'thisRepN': 17}>
701.4765 	DATA 	Keypress: z
701.4816 	EXP 	Fixation_2: autoDraw = False
701.4816 	EXP 	line1_2: autoDraw = False
701.4816 	EXP 	line2_2: autoDraw = False
701.4816 	EXP 	line3_2: autoDraw = False
701.4816 	EXP 	line4_2: autoDraw = False
701.4816 	EXP 	protrianglefixation_2: autoDraw = False
701.4816 	EXP 	Fixation_2: autoDraw = True
701.6192 	EXP 	Device response: <KeyPress from None: t=701.466805666998, value=z, duration=0.14830950000032317>
702.4679 	EXP 	line1_2: autoDraw = True
702.4679 	EXP 	line2_2: autoDraw = True
702.4679 	EXP 	line3_2: autoDraw = True
702.4679 	EXP 	line4_2: autoDraw = True
702.4753 	EXP 	Fixation_2: autoDraw = False
703.4677 	INFO 	Keyboard events cleared
703.4675 	EXP 	protrianglefixation_2: autoDraw = True
704.3927 	EXP 	Device response: <KeyPress from None: t=704.3897681249982, value=v, duration=None>
704.3931 	EXP 	New trial (rep=17, index=2): <Trial 70 (2 in rep 17) data={'pos': np.int64(-50), 'corr_resp': 'x', 'thisN': 70, 'thisTrialN': 2, 'thisRepN': 17}>
704.3993 	DATA 	Keypress: v
704.4050 	EXP 	Fixation_2: autoDraw = False
704.4050 	EXP 	line1_2: autoDraw = False
704.4050 	EXP 	line2_2: autoDraw = False
704.4050 	EXP 	line3_2: autoDraw = False
704.4050 	EXP 	line4_2: autoDraw = False
704.4050 	EXP 	protrianglefixation_2: autoDraw = False
704.4050 	EXP 	Fixation_2: autoDraw = True
704.5355 	EXP 	Device response: <KeyPress from None: t=704.3897681249982, value=v, duration=0.14425549999941722>
705.3922 	EXP 	line1_2: autoDraw = True
705.3922 	EXP 	line2_2: autoDraw = True
705.3922 	EXP 	line3_2: autoDraw = True
705.3922 	EXP 	line4_2: autoDraw = True
705.4015 	EXP 	Fixation_2: autoDraw = False
706.3842 	INFO 	Keyboard events cleared
706.3840 	EXP 	protrianglefixation_2: autoDraw = True
707.2595 	EXP 	Device response: <KeyPress from None: t=707.2536502080002, value=x, duration=None>
707.2600 	EXP 	New trial (rep=17, index=3): <Trial 71 (3 in rep 17) data={'pos': np.int64(50), 'corr_resp': 'c', 'thisN': 71, 'thisTrialN': 3, 'thisRepN': 17}>
707.2663 	DATA 	Keypress: x
707.2715 	EXP 	Fixation_2: autoDraw = False
707.2715 	EXP 	line1_2: autoDraw = False
707.2715 	EXP 	line2_2: autoDraw = False
707.2715 	EXP 	line3_2: autoDraw = False
707.2715 	EXP 	line4_2: autoDraw = False
707.2715 	EXP 	protrianglefixation_2: autoDraw = False
707.2715 	EXP 	Fixation_2: autoDraw = True
707.3922 	EXP 	Device response: <KeyPress from None: t=707.2536502080002, value=x, duration=0.13633545899938326>
708.2584 	EXP 	line1_2: autoDraw = True
708.2584 	EXP 	line2_2: autoDraw = True
708.2584 	EXP 	line3_2: autoDraw = True
708.2584 	EXP 	line4_2: autoDraw = True
708.2676 	EXP 	Fixation_2: autoDraw = False
709.2579 	INFO 	Keyboard events cleared
709.2578 	EXP 	protrianglefixation_2: autoDraw = True
709.7688 	EXP 	Device response: <KeyPress from None: t=709.7676309999988, value=c, duration=None>
709.7756 	DATA 	Keypress: c
709.7824 	EXP 	New trial (rep=18, index=0): <Trial 72 (0 in rep 18) data={'pos': np.int64(150), 'corr_resp': 'v', 'thisN': 72, 'thisTrialN': 0, 'thisRepN': 18}>
709.7892 	EXP 	Fixation_2: autoDraw = False
709.7892 	EXP 	line1_2: autoDraw = False
709.7892 	EXP 	line2_2: autoDraw = False
709.7892 	EXP 	line3_2: autoDraw = False
709.7892 	EXP 	line4_2: autoDraw = False
709.7892 	EXP 	protrianglefixation_2: autoDraw = False
709.7892 	EXP 	Fixation_2: autoDraw = True
709.9203 	EXP 	Device response: <KeyPress from None: t=709.7676309999988, value=c, duration=0.14823279199845274>
710.7758 	EXP 	line1_2: autoDraw = True
710.7758 	EXP 	line2_2: autoDraw = True
710.7758 	EXP 	line3_2: autoDraw = True
710.7758 	EXP 	line4_2: autoDraw = True
710.8022 	EXP 	Fixation_2: autoDraw = False
711.7748 	INFO 	Keyboard events cleared
711.7746 	EXP 	protrianglefixation_2: autoDraw = True
712.6034 	EXP 	Device response: <KeyPress from None: t=712.5975359999975, value=v, duration=None>
712.6038 	EXP 	New trial (rep=18, index=1): <Trial 73 (1 in rep 18) data={'pos': np.int64(-150), 'corr_resp': 'z', 'thisN': 73, 'thisTrialN': 1, 'thisRepN': 18}>
712.6099 	DATA 	Keypress: v
712.6152 	EXP 	Fixation_2: autoDraw = False
712.6152 	EXP 	line1_2: autoDraw = False
712.6152 	EXP 	line2_2: autoDraw = False
712.6152 	EXP 	line3_2: autoDraw = False
712.6152 	EXP 	line4_2: autoDraw = False
712.6152 	EXP 	protrianglefixation_2: autoDraw = False
712.6152 	EXP 	Fixation_2: autoDraw = True
712.7365 	EXP 	Device response: <KeyPress from None: t=712.5975359999975, value=v, duration=0.12834325000221725>
713.6012 	EXP 	line1_2: autoDraw = True
713.6012 	EXP 	line2_2: autoDraw = True
713.6012 	EXP 	line3_2: autoDraw = True
713.6012 	EXP 	line4_2: autoDraw = True
713.6091 	EXP 	Fixation_2: autoDraw = False
714.6009 	INFO 	Keyboard events cleared
714.6007 	EXP 	protrianglefixation_2: autoDraw = True
715.0428 	EXP 	Device response: <KeyPress from None: t=715.0385287919999, value=z, duration=None>
715.0432 	EXP 	New trial (rep=18, index=2): <Trial 74 (2 in rep 18) data={'pos': np.int64(50), 'corr_resp': 'c', 'thisN': 74, 'thisTrialN': 2, 'thisRepN': 18}>
715.0487 	DATA 	Keypress: z
715.0543 	EXP 	Fixation_2: autoDraw = False
715.0543 	EXP 	line1_2: autoDraw = False
715.0543 	EXP 	line2_2: autoDraw = False
715.0543 	EXP 	line3_2: autoDraw = False
715.0543 	EXP 	line4_2: autoDraw = False
715.0543 	EXP 	protrianglefixation_2: autoDraw = False
715.0543 	EXP 	Fixation_2: autoDraw = True
715.1426 	EXP 	Device response: <KeyPress from None: t=715.0385287919999, value=z, duration=0.10028404100012267>
716.0422 	EXP 	line1_2: autoDraw = True
716.0422 	EXP 	line2_2: autoDraw = True
716.0422 	EXP 	line3_2: autoDraw = True
716.0422 	EXP 	line4_2: autoDraw = True
716.0506 	EXP 	Fixation_2: autoDraw = False
717.0420 	INFO 	Keyboard events cleared
717.0419 	EXP 	protrianglefixation_2: autoDraw = True
717.4360 	EXP 	Device response: <KeyPress from None: t=717.4263443329983, value=c, duration=None>
717.4365 	EXP 	New trial (rep=18, index=3): <Trial 75 (3 in rep 18) data={'pos': np.int64(-50), 'corr_resp': 'x', 'thisN': 75, 'thisTrialN': 3, 'thisRepN': 18}>
717.4425 	DATA 	Keypress: c
717.4472 	EXP 	Fixation_2: autoDraw = False
717.4472 	EXP 	line1_2: autoDraw = False
717.4472 	EXP 	line2_2: autoDraw = False
717.4472 	EXP 	line3_2: autoDraw = False
717.4472 	EXP 	line4_2: autoDraw = False
717.4472 	EXP 	protrianglefixation_2: autoDraw = False
717.4472 	EXP 	Fixation_2: autoDraw = True
717.5694 	EXP 	Device response: <KeyPress from None: t=717.4263443329983, value=c, duration=0.14082095900084823>
718.4340 	EXP 	line1_2: autoDraw = True
718.4340 	EXP 	line2_2: autoDraw = True
718.4340 	EXP 	line3_2: autoDraw = True
718.4340 	EXP 	line4_2: autoDraw = True
718.4415 	EXP 	Fixation_2: autoDraw = False
719.4342 	INFO 	Keyboard events cleared
719.4340 	EXP 	protrianglefixation_2: autoDraw = True
720.0521 	EXP 	Device response: <KeyPress from None: t=720.0503776669975, value=x, duration=None>
720.0526 	EXP 	New trial (rep=19, index=0): <Trial 76 (0 in rep 19) data={'pos': np.int64(150), 'corr_resp': 'v', 'thisN': 76, 'thisTrialN': 0, 'thisRepN': 19}>
720.0582 	DATA 	Keypress: x
720.0632 	EXP 	Fixation_2: autoDraw = False
720.0632 	EXP 	line1_2: autoDraw = False
720.0632 	EXP 	line2_2: autoDraw = False
720.0632 	EXP 	line3_2: autoDraw = False
720.0632 	EXP 	line4_2: autoDraw = False
720.0632 	EXP 	protrianglefixation_2: autoDraw = False
720.0632 	EXP 	Fixation_2: autoDraw = True
720.1867 	EXP 	Device response: <KeyPress from None: t=720.0503776669975, value=x, duration=0.13235795800210326>
721.0507 	EXP 	line1_2: autoDraw = True
721.0507 	EXP 	line2_2: autoDraw = True
721.0507 	EXP 	line3_2: autoDraw = True
721.0507 	EXP 	line4_2: autoDraw = True
721.0587 	EXP 	Fixation_2: autoDraw = False
722.0426 	INFO 	Keyboard events cleared
722.0424 	EXP 	protrianglefixation_2: autoDraw = True
722.4259 	EXP 	Device response: <KeyPress from None: t=722.4243289579972, value=v, duration=None>
722.4263 	EXP 	New trial (rep=19, index=1): <Trial 77 (1 in rep 19) data={'pos': np.int64(-50), 'corr_resp': 'x', 'thisN': 77, 'thisTrialN': 1, 'thisRepN': 19}>
722.4316 	DATA 	Keypress: v
722.4379 	EXP 	Fixation_2: autoDraw = False
722.4379 	EXP 	line1_2: autoDraw = False
722.4379 	EXP 	line2_2: autoDraw = False
722.4379 	EXP 	line3_2: autoDraw = False
722.4379 	EXP 	line4_2: autoDraw = False
722.4379 	EXP 	protrianglefixation_2: autoDraw = False
722.4379 	EXP 	Fixation_2: autoDraw = True
722.5535 	EXP 	Device response: <KeyPress from None: t=722.4243289579972, value=v, duration=0.12433870899985777>
723.4175 	EXP 	line1_2: autoDraw = True
723.4175 	EXP 	line2_2: autoDraw = True
723.4175 	EXP 	line3_2: autoDraw = True
723.4175 	EXP 	line4_2: autoDraw = True
723.4341 	EXP 	Fixation_2: autoDraw = False
724.4255 	INFO 	Keyboard events cleared
724.4254 	EXP 	protrianglefixation_2: autoDraw = True
725.1765 	EXP 	Device response: <KeyPress from None: t=725.1723201669993, value=x, duration=None>
725.1772 	EXP 	New trial (rep=19, index=2): <Trial 78 (2 in rep 19) data={'pos': np.int64(50), 'corr_resp': 'c', 'thisN': 78, 'thisTrialN': 2, 'thisRepN': 19}>
725.1830 	DATA 	Keypress: x
725.1886 	EXP 	Fixation_2: autoDraw = False
725.1886 	EXP 	line1_2: autoDraw = False
725.1886 	EXP 	line2_2: autoDraw = False
725.1886 	EXP 	line3_2: autoDraw = False
725.1886 	EXP 	line4_2: autoDraw = False
725.1886 	EXP 	protrianglefixation_2: autoDraw = False
725.1886 	EXP 	Fixation_2: autoDraw = True
725.3197 	EXP 	Device response: <KeyPress from None: t=725.1723201669993, value=x, duration=0.13629799999762326>
726.1753 	EXP 	line1_2: autoDraw = True
726.1753 	EXP 	line2_2: autoDraw = True
726.1753 	EXP 	line3_2: autoDraw = True
726.1753 	EXP 	line4_2: autoDraw = True
726.1841 	EXP 	Fixation_2: autoDraw = False
727.1758 	INFO 	Keyboard events cleared
727.1757 	EXP 	protrianglefixation_2: autoDraw = True
728.3094 	EXP 	Device response: <KeyPress from None: t=728.3082851250001, value=c, duration=None>
728.3098 	EXP 	New trial (rep=19, index=3): <Trial 79 (3 in rep 19) data={'pos': np.int64(-150), 'corr_resp': 'z', 'thisN': 79, 'thisTrialN': 3, 'thisRepN': 19}>
728.3150 	DATA 	Keypress: c
728.3212 	EXP 	Fixation_2: autoDraw = False
728.3212 	EXP 	line1_2: autoDraw = False
728.3212 	EXP 	line2_2: autoDraw = False
728.3212 	EXP 	line3_2: autoDraw = False
728.3212 	EXP 	line4_2: autoDraw = False
728.3212 	EXP 	protrianglefixation_2: autoDraw = False
728.3212 	EXP 	Fixation_2: autoDraw = True
728.4527 	EXP 	Device response: <KeyPress from None: t=728.3082851250001, value=c, duration=0.1361741249966144>
729.3092 	EXP 	line1_2: autoDraw = True
729.3092 	EXP 	line2_2: autoDraw = True
729.3092 	EXP 	line3_2: autoDraw = True
729.3092 	EXP 	line4_2: autoDraw = True
729.3354 	EXP 	Fixation_2: autoDraw = False
730.3008 	INFO 	Keyboard events cleared
730.3006 	EXP 	protrianglefixation_2: autoDraw = True
730.7192 	EXP 	Device response: <KeyPress from None: t=730.7121287079972, value=z, duration=None>
730.7197 	EXP 	New trial (rep=20, index=0): <Trial 80 (0 in rep 20) data={'pos': np.int64(50), 'corr_resp': 'c', 'thisN': 80, 'thisTrialN': 0, 'thisRepN': 20}>
730.7253 	DATA 	Keypress: z
730.7302 	EXP 	Fixation_2: autoDraw = False
730.7302 	EXP 	line1_2: autoDraw = False
730.7302 	EXP 	line2_2: autoDraw = False
730.7302 	EXP 	line3_2: autoDraw = False
730.7302 	EXP 	line4_2: autoDraw = False
730.7302 	EXP 	protrianglefixation_2: autoDraw = False
730.7302 	EXP 	Fixation_2: autoDraw = True
730.8765 	EXP 	Device response: <KeyPress from None: t=730.7121287079972, value=z, duration=0.16035050000209594>
731.7173 	EXP 	line1_2: autoDraw = True
731.7173 	EXP 	line2_2: autoDraw = True
731.7173 	EXP 	line3_2: autoDraw = True
731.7173 	EXP 	line4_2: autoDraw = True
731.7249 	EXP 	Fixation_2: autoDraw = False
732.7176 	INFO 	Keyboard events cleared
732.7174 	EXP 	protrianglefixation_2: autoDraw = True
733.1857 	EXP 	Device response: <KeyPress from None: t=733.1760892919992, value=c, duration=None>
733.1863 	EXP 	New trial (rep=20, index=1): <Trial 81 (1 in rep 20) data={'pos': np.int64(150), 'corr_resp': 'v', 'thisN': 81, 'thisTrialN': 1, 'thisRepN': 20}>
733.1919 	DATA 	Keypress: c
733.1970 	EXP 	Fixation_2: autoDraw = False
733.1970 	EXP 	line1_2: autoDraw = False
733.1970 	EXP 	line2_2: autoDraw = False
733.1970 	EXP 	line3_2: autoDraw = False
733.1970 	EXP 	line4_2: autoDraw = False
733.1970 	EXP 	protrianglefixation_2: autoDraw = False
733.1970 	EXP 	Fixation_2: autoDraw = True
733.3197 	EXP 	Device response: <KeyPress from None: t=733.1760892919992, value=c, duration=0.1403407910001988>
734.1841 	EXP 	line1_2: autoDraw = True
734.1841 	EXP 	line2_2: autoDraw = True
734.1841 	EXP 	line3_2: autoDraw = True
734.1841 	EXP 	line4_2: autoDraw = True
734.1918 	EXP 	Fixation_2: autoDraw = False
735.1765 	INFO 	Keyboard events cleared
735.1764 	EXP 	protrianglefixation_2: autoDraw = True
735.6023 	EXP 	Device response: <KeyPress from None: t=735.5970750829983, value=v, duration=None>
735.6027 	EXP 	New trial (rep=20, index=2): <Trial 82 (2 in rep 20) data={'pos': np.int64(-150), 'corr_resp': 'z', 'thisN': 82, 'thisTrialN': 2, 'thisRepN': 20}>
735.6081 	DATA 	Keypress: v
735.6128 	EXP 	Fixation_2: autoDraw = False
735.6128 	EXP 	line1_2: autoDraw = False
735.6128 	EXP 	line2_2: autoDraw = False
735.6128 	EXP 	line3_2: autoDraw = False
735.6128 	EXP 	line4_2: autoDraw = False
735.6128 	EXP 	protrianglefixation_2: autoDraw = False
735.6128 	EXP 	Fixation_2: autoDraw = True
735.7374 	EXP 	Device response: <KeyPress from None: t=735.5970750829983, value=v, duration=0.13629724999918835>
736.5933 	EXP 	line1_2: autoDraw = True
736.5933 	EXP 	line2_2: autoDraw = True
736.5933 	EXP 	line3_2: autoDraw = True
736.5933 	EXP 	line4_2: autoDraw = True
736.6095 	EXP 	Fixation_2: autoDraw = False
737.6011 	INFO 	Keyboard events cleared
737.6009 	EXP 	protrianglefixation_2: autoDraw = True
738.0260 	EXP 	Device response: <KeyPress from None: t=738.0219723329974, value=z, duration=None>
738.0264 	EXP 	New trial (rep=20, index=3): <Trial 83 (3 in rep 20) data={'pos': np.int64(-50), 'corr_resp': 'x', 'thisN': 83, 'thisTrialN': 3, 'thisRepN': 20}>
738.0316 	DATA 	Keypress: z
738.0370 	EXP 	Fixation_2: autoDraw = False
738.0370 	EXP 	line1_2: autoDraw = False
738.0370 	EXP 	line2_2: autoDraw = False
738.0370 	EXP 	line3_2: autoDraw = False
738.0370 	EXP 	line4_2: autoDraw = False
738.0370 	EXP 	protrianglefixation_2: autoDraw = False
738.0370 	EXP 	Fixation_2: autoDraw = True
738.1534 	EXP 	Device response: <KeyPress from None: t=738.0219723329974, value=z, duration=0.12025379199985764>
739.0254 	EXP 	line1_2: autoDraw = True
739.0254 	EXP 	line2_2: autoDraw = True
739.0254 	EXP 	line3_2: autoDraw = True
739.0254 	EXP 	line4_2: autoDraw = True
739.0349 	EXP 	Fixation_2: autoDraw = False
740.0174 	INFO 	Keyboard events cleared
740.0173 	EXP 	protrianglefixation_2: autoDraw = True
740.5599 	EXP 	Device response: <KeyPress from None: t=740.5549421670003, value=x, duration=None>
740.5604 	EXP 	New trial (rep=21, index=0): <Trial 84 (0 in rep 21) data={'pos': np.int64(-50), 'corr_resp': 'x', 'thisN': 84, 'thisTrialN': 0, 'thisRepN': 21}>
740.5657 	DATA 	Keypress: x
740.5715 	EXP 	Fixation_2: autoDraw = False
740.5715 	EXP 	line1_2: autoDraw = False
740.5715 	EXP 	line2_2: autoDraw = False
740.5715 	EXP 	line3_2: autoDraw = False
740.5715 	EXP 	line4_2: autoDraw = False
740.5715 	EXP 	protrianglefixation_2: autoDraw = False
740.5715 	EXP 	Fixation_2: autoDraw = True
740.7262 	EXP 	Device response: <KeyPress from None: t=740.5549421670003, value=x, duration=0.16428154099776293>
741.5587 	EXP 	line1_2: autoDraw = True
741.5587 	EXP 	line2_2: autoDraw = True
741.5587 	EXP 	line3_2: autoDraw = True
741.5587 	EXP 	line4_2: autoDraw = True
741.5677 	EXP 	Fixation_2: autoDraw = False
742.5586 	INFO 	Keyboard events cleared
742.5584 	EXP 	protrianglefixation_2: autoDraw = True
743.0192 	EXP 	Device response: <KeyPress from None: t=743.0098565829976, value=x, duration=None>
743.0197 	EXP 	New trial (rep=21, index=1): <Trial 85 (1 in rep 21) data={'pos': np.int64(-150), 'corr_resp': 'z', 'thisN': 85, 'thisTrialN': 1, 'thisRepN': 21}>
743.0254 	DATA 	Keypress: x
743.0303 	EXP 	Fixation_2: autoDraw = False
743.0303 	EXP 	line1_2: autoDraw = False
743.0303 	EXP 	line2_2: autoDraw = False
743.0303 	EXP 	line3_2: autoDraw = False
743.0303 	EXP 	line4_2: autoDraw = False
743.0303 	EXP 	protrianglefixation_2: autoDraw = False
743.0303 	EXP 	Fixation_2: autoDraw = True
743.1698 	EXP 	Device response: <KeyPress from None: t=743.0098565829976, value=x, duration=0.14828962500178022>
744.0098 	EXP 	line1_2: autoDraw = True
744.0098 	EXP 	line2_2: autoDraw = True
744.0098 	EXP 	line3_2: autoDraw = True
744.0098 	EXP 	line4_2: autoDraw = True
744.0265 	EXP 	Fixation_2: autoDraw = False
745.0175 	INFO 	Keyboard events cleared
745.0173 	EXP 	protrianglefixation_2: autoDraw = True
745.5687 	EXP 	Device response: <KeyPress from None: t=745.5586999579973, value=z, duration=None>
745.5692 	EXP 	New trial (rep=21, index=2): <Trial 86 (2 in rep 21) data={'pos': np.int64(50), 'corr_resp': 'c', 'thisN': 86, 'thisTrialN': 2, 'thisRepN': 21}>
745.5746 	DATA 	Keypress: z
745.5797 	EXP 	Fixation_2: autoDraw = False
745.5797 	EXP 	line1_2: autoDraw = False
745.5797 	EXP 	line2_2: autoDraw = False
745.5797 	EXP 	line3_2: autoDraw = False
745.5797 	EXP 	line4_2: autoDraw = False
745.5797 	EXP 	protrianglefixation_2: autoDraw = False
745.5797 	EXP 	Fixation_2: autoDraw = True
745.7195 	EXP 	Device response: <KeyPress from None: t=745.5586999579973, value=z, duration=0.1524662920019182>
746.5674 	EXP 	line1_2: autoDraw = True
746.5674 	EXP 	line2_2: autoDraw = True
746.5674 	EXP 	line3_2: autoDraw = True
746.5674 	EXP 	line4_2: autoDraw = True
746.5752 	EXP 	Fixation_2: autoDraw = False
747.5675 	INFO 	Keyboard events cleared
747.5673 	EXP 	protrianglefixation_2: autoDraw = True
748.0194 	EXP 	Device response: <KeyPress from None: t=748.0097201669996, value=c, duration=None>
748.0201 	EXP 	New trial (rep=21, index=3): <Trial 87 (3 in rep 21) data={'pos': np.int64(150), 'corr_resp': 'v', 'thisN': 87, 'thisTrialN': 3, 'thisRepN': 21}>
748.0259 	DATA 	Keypress: c
748.0310 	EXP 	Fixation_2: autoDraw = False
748.0310 	EXP 	line1_2: autoDraw = False
748.0310 	EXP 	line2_2: autoDraw = False
748.0310 	EXP 	line3_2: autoDraw = False
748.0310 	EXP 	line4_2: autoDraw = False
748.0310 	EXP 	protrianglefixation_2: autoDraw = False
748.0310 	EXP 	Fixation_2: autoDraw = True
748.1868 	EXP 	Device response: <KeyPress from None: t=748.0097201669996, value=c, duration=0.1723305409977911>
749.0173 	EXP 	line1_2: autoDraw = True
749.0173 	EXP 	line2_2: autoDraw = True
749.0173 	EXP 	line3_2: autoDraw = True
749.0173 	EXP 	line4_2: autoDraw = True
749.0250 	EXP 	Fixation_2: autoDraw = False
750.0271 	INFO 	Keyboard events cleared
750.0269 	EXP 	protrianglefixation_2: autoDraw = True
750.3853 	EXP 	Device response: <KeyPress from None: t=750.3756740419994, value=v, duration=None>
750.3858 	EXP 	New trial (rep=22, index=0): <Trial 88 (0 in rep 22) data={'pos': np.int64(50), 'corr_resp': 'c', 'thisN': 88, 'thisTrialN': 0, 'thisRepN': 22}>
750.3911 	DATA 	Keypress: v
750.3958 	EXP 	Fixation_2: autoDraw = False
750.3958 	EXP 	line1_2: autoDraw = False
750.3958 	EXP 	line2_2: autoDraw = False
750.3958 	EXP 	line3_2: autoDraw = False
750.3958 	EXP 	line4_2: autoDraw = False
750.3958 	EXP 	protrianglefixation_2: autoDraw = False
750.3958 	EXP 	Fixation_2: autoDraw = True
750.5361 	EXP 	Device response: <KeyPress from None: t=750.3756740419994, value=v, duration=0.15225320799800102>
751.3762 	EXP 	line1_2: autoDraw = True
751.3762 	EXP 	line2_2: autoDraw = True
751.3762 	EXP 	line3_2: autoDraw = True
751.3762 	EXP 	line4_2: autoDraw = True
751.4190 	EXP 	Fixation_2: autoDraw = False
752.3841 	INFO 	Keyboard events cleared
752.3839 	EXP 	protrianglefixation_2: autoDraw = True
752.7260 	EXP 	Device response: <KeyPress from None: t=752.7196893330001, value=c, duration=None>
752.7264 	EXP 	New trial (rep=22, index=1): <Trial 89 (1 in rep 22) data={'pos': np.int64(-150), 'corr_resp': 'z', 'thisN': 89, 'thisTrialN': 1, 'thisRepN': 22}>
752.7318 	DATA 	Keypress: c
752.7378 	EXP 	Fixation_2: autoDraw = False
752.7378 	EXP 	line1_2: autoDraw = False
752.7378 	EXP 	line2_2: autoDraw = False
752.7378 	EXP 	line3_2: autoDraw = False
752.7378 	EXP 	line4_2: autoDraw = False
752.7378 	EXP 	protrianglefixation_2: autoDraw = False
752.7378 	EXP 	Fixation_2: autoDraw = True
752.8693 	EXP 	Device response: <KeyPress from None: t=752.7196893330001, value=c, duration=0.14019020900013857>
753.7262 	EXP 	line1_2: autoDraw = True
753.7262 	EXP 	line2_2: autoDraw = True
753.7262 	EXP 	line3_2: autoDraw = True
753.7262 	EXP 	line4_2: autoDraw = True
753.7525 	EXP 	Fixation_2: autoDraw = False
754.7175 	INFO 	Keyboard events cleared
754.7173 	EXP 	protrianglefixation_2: autoDraw = True
755.2095 	EXP 	Device response: <KeyPress from None: t=755.2075990829981, value=z, duration=None>
755.2099 	EXP 	New trial (rep=22, index=2): <Trial 90 (2 in rep 22) data={'pos': np.int64(150), 'corr_resp': 'v', 'thisN': 90, 'thisTrialN': 2, 'thisRepN': 22}>
755.2160 	DATA 	Keypress: z
755.2213 	EXP 	Fixation_2: autoDraw = False
755.2213 	EXP 	line1_2: autoDraw = False
755.2213 	EXP 	line2_2: autoDraw = False
755.2213 	EXP 	line3_2: autoDraw = False
755.2213 	EXP 	line4_2: autoDraw = False
755.2213 	EXP 	protrianglefixation_2: autoDraw = False
755.2213 	EXP 	Fixation_2: autoDraw = True
755.3691 	EXP 	Device response: <KeyPress from None: t=755.2075990829981, value=z, duration=0.15628054199987673>
756.2088 	EXP 	line1_2: autoDraw = True
756.2088 	EXP 	line2_2: autoDraw = True
756.2088 	EXP 	line3_2: autoDraw = True
756.2088 	EXP 	line4_2: autoDraw = True
756.2180 	EXP 	Fixation_2: autoDraw = False
757.2088 	INFO 	Keyboard events cleared
757.2086 	EXP 	protrianglefixation_2: autoDraw = True
757.9263 	EXP 	Device response: <KeyPress from None: t=757.9224562499985, value=v, duration=None>
757.9268 	EXP 	New trial (rep=22, index=3): <Trial 91 (3 in rep 22) data={'pos': np.int64(-50), 'corr_resp': 'x', 'thisN': 91, 'thisTrialN': 3, 'thisRepN': 22}>
757.9331 	DATA 	Keypress: v
757.9383 	EXP 	Fixation_2: autoDraw = False
757.9383 	EXP 	line1_2: autoDraw = False
757.9383 	EXP 	line2_2: autoDraw = False
757.9383 	EXP 	line3_2: autoDraw = False
757.9383 	EXP 	line4_2: autoDraw = False
757.9383 	EXP 	protrianglefixation_2: autoDraw = False
757.9383 	EXP 	Fixation_2: autoDraw = True
758.0526 	EXP 	Device response: <KeyPress from None: t=757.9224562499985, value=v, duration=0.1284298749997106>
758.9263 	EXP 	line1_2: autoDraw = True
758.9263 	EXP 	line2_2: autoDraw = True
758.9263 	EXP 	line3_2: autoDraw = True
758.9263 	EXP 	line4_2: autoDraw = True
758.9522 	EXP 	Fixation_2: autoDraw = False
759.9277 	INFO 	Keyboard events cleared
759.9275 	EXP 	protrianglefixation_2: autoDraw = True
760.5099 	EXP 	Device response: <KeyPress from None: t=760.5034459169983, value=x, duration=None>
760.5104 	EXP 	New trial (rep=23, index=0): <Trial 92 (0 in rep 23) data={'pos': np.int64(50), 'corr_resp': 'c', 'thisN': 92, 'thisTrialN': 0, 'thisRepN': 23}>
760.5164 	DATA 	Keypress: x
760.5216 	EXP 	Fixation_2: autoDraw = False
760.5216 	EXP 	line1_2: autoDraw = False
760.5216 	EXP 	line2_2: autoDraw = False
760.5216 	EXP 	line3_2: autoDraw = False
760.5216 	EXP 	line4_2: autoDraw = False
760.5216 	EXP 	protrianglefixation_2: autoDraw = False
760.5216 	EXP 	Fixation_2: autoDraw = True
760.6260 	EXP 	Device response: <KeyPress from None: t=760.5034459169983, value=x, duration=0.12024100000053295>
761.5081 	EXP 	line1_2: autoDraw = True
761.5081 	EXP 	line2_2: autoDraw = True
761.5081 	EXP 	line3_2: autoDraw = True
761.5081 	EXP 	line4_2: autoDraw = True
761.5175 	EXP 	Fixation_2: autoDraw = False
762.5089 	INFO 	Keyboard events cleared
762.5087 	EXP 	protrianglefixation_2: autoDraw = True
763.3686 	EXP 	Device response: <KeyPress from None: t=763.364554249998, value=c, duration=None>
763.3690 	EXP 	New trial (rep=23, index=1): <Trial 93 (1 in rep 23) data={'pos': np.int64(-50), 'corr_resp': 'x', 'thisN': 93, 'thisTrialN': 1, 'thisRepN': 23}>
763.3752 	DATA 	Keypress: c
763.3804 	EXP 	Fixation_2: autoDraw = False
763.3804 	EXP 	line1_2: autoDraw = False
763.3804 	EXP 	line2_2: autoDraw = False
763.3804 	EXP 	line3_2: autoDraw = False
763.3804 	EXP 	line4_2: autoDraw = False
763.3804 	EXP 	protrianglefixation_2: autoDraw = False
763.3804 	EXP 	Fixation_2: autoDraw = True
763.4762 	EXP 	Device response: <KeyPress from None: t=763.364554249998, value=c, duration=0.10811783299868694>
764.3593 	EXP 	line1_2: autoDraw = True
764.3593 	EXP 	line2_2: autoDraw = True
764.3593 	EXP 	line3_2: autoDraw = True
764.3593 	EXP 	line4_2: autoDraw = True
764.4024 	EXP 	Fixation_2: autoDraw = False
765.3676 	INFO 	Keyboard events cleared
765.3673 	EXP 	protrianglefixation_2: autoDraw = True
765.9929 	EXP 	Device response: <KeyPress from None: t=765.9913791669969, value=x, duration=None>
765.9935 	EXP 	New trial (rep=23, index=2): <Trial 94 (2 in rep 23) data={'pos': np.int64(-150), 'corr_resp': 'z', 'thisN': 94, 'thisTrialN': 2, 'thisRepN': 23}>
765.9997 	DATA 	Keypress: x
766.0049 	EXP 	Fixation_2: autoDraw = False
766.0049 	EXP 	line1_2: autoDraw = False
766.0049 	EXP 	line2_2: autoDraw = False
766.0049 	EXP 	line3_2: autoDraw = False
766.0049 	EXP 	line4_2: autoDraw = False
766.0049 	EXP 	protrianglefixation_2: autoDraw = False
766.0049 	EXP 	Fixation_2: autoDraw = True
766.1263 	EXP 	Device response: <KeyPress from None: t=765.9913791669969, value=x, duration=0.1322167910002463>
766.9925 	EXP 	line1_2: autoDraw = True
766.9925 	EXP 	line2_2: autoDraw = True
766.9925 	EXP 	line3_2: autoDraw = True
766.9925 	EXP 	line4_2: autoDraw = True
767.0006 	EXP 	Fixation_2: autoDraw = False
767.9935 	INFO 	Keyboard events cleared
767.9933 	EXP 	protrianglefixation_2: autoDraw = True
768.5593 	EXP 	Device response: <KeyPress from None: t=768.5563438749996, value=z, duration=None>
768.5598 	EXP 	New trial (rep=23, index=3): <Trial 95 (3 in rep 23) data={'pos': np.int64(150), 'corr_resp': 'v', 'thisN': 95, 'thisTrialN': 3, 'thisRepN': 23}>
768.5659 	DATA 	Keypress: z
768.5714 	EXP 	Fixation_2: autoDraw = False
768.5714 	EXP 	line1_2: autoDraw = False
768.5714 	EXP 	line2_2: autoDraw = False
768.5714 	EXP 	line3_2: autoDraw = False
768.5714 	EXP 	line4_2: autoDraw = False
768.5714 	EXP 	protrianglefixation_2: autoDraw = False
768.5714 	EXP 	Fixation_2: autoDraw = True
768.7196 	EXP 	Device response: <KeyPress from None: t=768.5563438749996, value=z, duration=0.1562827079978888>
769.5585 	EXP 	line1_2: autoDraw = True
769.5585 	EXP 	line2_2: autoDraw = True
769.5585 	EXP 	line3_2: autoDraw = True
769.5585 	EXP 	line4_2: autoDraw = True
769.5675 	EXP 	Fixation_2: autoDraw = False
770.5591 	INFO 	Keyboard events cleared
770.5589 	EXP 	protrianglefixation_2: autoDraw = True
771.2857 	EXP 	Device response: <KeyPress from None: t=771.278234207999, value=v, duration=None>
771.2862 	EXP 	New trial (rep=24, index=0): <Trial 96 (0 in rep 24) data={'pos': np.int64(-50), 'corr_resp': 'x', 'thisN': 96, 'thisTrialN': 0, 'thisRepN': 24}>
771.2923 	DATA 	Keypress: v
771.2972 	EXP 	Fixation_2: autoDraw = False
771.2972 	EXP 	line1_2: autoDraw = False
771.2972 	EXP 	line2_2: autoDraw = False
771.2972 	EXP 	line3_2: autoDraw = False
771.2972 	EXP 	line4_2: autoDraw = False
771.2972 	EXP 	protrianglefixation_2: autoDraw = False
771.2972 	EXP 	Fixation_2: autoDraw = True
771.4100 	EXP 	Device response: <KeyPress from None: t=771.278234207999, value=v, duration=0.12422020899975905>
772.2855 	EXP 	line1_2: autoDraw = True
772.2855 	EXP 	line2_2: autoDraw = True
772.2855 	EXP 	line3_2: autoDraw = True
772.2855 	EXP 	line4_2: autoDraw = True
772.2921 	EXP 	Fixation_2: autoDraw = False
773.2764 	INFO 	Keyboard events cleared
773.2762 	EXP 	protrianglefixation_2: autoDraw = True
773.9758 	EXP 	Device response: <KeyPress from None: t=773.969194792, value=x, duration=None>
773.9762 	EXP 	New trial (rep=24, index=1): <Trial 97 (1 in rep 24) data={'pos': np.int64(-150), 'corr_resp': 'z', 'thisN': 97, 'thisTrialN': 1, 'thisRepN': 24}>
773.9822 	DATA 	Keypress: x
773.9874 	EXP 	Fixation_2: autoDraw = False
773.9874 	EXP 	line1_2: autoDraw = False
773.9874 	EXP 	line2_2: autoDraw = False
773.9874 	EXP 	line3_2: autoDraw = False
773.9874 	EXP 	line4_2: autoDraw = False
773.9874 	EXP 	protrianglefixation_2: autoDraw = False
773.9874 	EXP 	Fixation_2: autoDraw = True
774.1041 	EXP 	Device response: <KeyPress from None: t=773.969194792, value=x, duration=0.12823395799932769>
774.9673 	EXP 	line1_2: autoDraw = True
774.9673 	EXP 	line2_2: autoDraw = True
774.9673 	EXP 	line3_2: autoDraw = True
774.9673 	EXP 	line4_2: autoDraw = True
774.9841 	EXP 	Fixation_2: autoDraw = False
775.9757 	INFO 	Keyboard events cleared
775.9755 	EXP 	protrianglefixation_2: autoDraw = True
776.6361 	EXP 	Device response: <KeyPress from None: t=776.6320427499995, value=z, duration=None>
776.6368 	EXP 	New trial (rep=24, index=2): <Trial 98 (2 in rep 24) data={'pos': np.int64(50), 'corr_resp': 'c', 'thisN': 98, 'thisTrialN': 2, 'thisRepN': 24}>
776.6432 	DATA 	Keypress: z
776.6483 	EXP 	Fixation_2: autoDraw = False
776.6483 	EXP 	line1_2: autoDraw = False
776.6483 	EXP 	line2_2: autoDraw = False
776.6483 	EXP 	line3_2: autoDraw = False
776.6483 	EXP 	line4_2: autoDraw = False
776.6483 	EXP 	protrianglefixation_2: autoDraw = False
776.6483 	EXP 	Fixation_2: autoDraw = True
776.7702 	EXP 	Device response: <KeyPress from None: t=776.6320427499995, value=z, duration=0.1363454999991518>
777.6348 	EXP 	line1_2: autoDraw = True
777.6348 	EXP 	line2_2: autoDraw = True
777.6348 	EXP 	line3_2: autoDraw = True
777.6348 	EXP 	line4_2: autoDraw = True
777.6412 	EXP 	Fixation_2: autoDraw = False
778.6341 	INFO 	Keyboard events cleared
778.6339 	EXP 	protrianglefixation_2: autoDraw = True
780.2433 	EXP 	Device response: <KeyPress from None: t=780.2369749999998, value=c, duration=None>
780.2438 	EXP 	New trial (rep=24, index=3): <Trial 99 (3 in rep 24) data={'pos': np.int64(150), 'corr_resp': 'v', 'thisN': 99, 'thisTrialN': 3, 'thisRepN': 24}>
780.2498 	DATA 	Keypress: c
780.2548 	EXP 	Fixation_2: autoDraw = False
780.2548 	EXP 	line1_2: autoDraw = False
780.2548 	EXP 	line2_2: autoDraw = False
780.2548 	EXP 	line3_2: autoDraw = False
780.2548 	EXP 	line4_2: autoDraw = False
780.2548 	EXP 	protrianglefixation_2: autoDraw = False
780.2548 	EXP 	Fixation_2: autoDraw = True
780.3753 	EXP 	Device response: <KeyPress from None: t=780.2369749999998, value=c, duration=0.1362406669977645>
781.2420 	EXP 	line1_2: autoDraw = True
781.2420 	EXP 	line2_2: autoDraw = True
781.2420 	EXP 	line3_2: autoDraw = True
781.2420 	EXP 	line4_2: autoDraw = True
781.2513 	EXP 	Fixation_2: autoDraw = False
782.2420 	INFO 	Keyboard events cleared
782.2418 	EXP 	protrianglefixation_2: autoDraw = True
783.0690 	EXP 	Device response: <KeyPress from None: t=783.0619114169967, value=v, duration=None>
783.0695 	EXP 	New trial (rep=25, index=0): <Trial 100 (0 in rep 25) data={'pos': np.int64(50), 'corr_resp': 'c', 'thisN': 100, 'thisTrialN': 0, 'thisRepN': 25}>
783.0757 	DATA 	Keypress: v
783.0809 	EXP 	Fixation_2: autoDraw = False
783.0809 	EXP 	line1_2: autoDraw = False
783.0809 	EXP 	line2_2: autoDraw = False
783.0809 	EXP 	line3_2: autoDraw = False
783.0809 	EXP 	line4_2: autoDraw = False
783.0809 	EXP 	protrianglefixation_2: autoDraw = False
783.0809 	EXP 	Fixation_2: autoDraw = True
783.1922 	EXP 	Device response: <KeyPress from None: t=783.0619114169967, value=v, duration=0.12435258300320129>
784.0680 	EXP 	line1_2: autoDraw = True
784.0680 	EXP 	line2_2: autoDraw = True
784.0680 	EXP 	line3_2: autoDraw = True
784.0680 	EXP 	line4_2: autoDraw = True
784.0755 	EXP 	Fixation_2: autoDraw = False
785.0678 	INFO 	Keyboard events cleared
785.0676 	EXP 	protrianglefixation_2: autoDraw = True
785.7858 	EXP 	Device response: <KeyPress from None: t=785.7828319999971, value=v, duration=None>
785.7864 	EXP 	New trial (rep=25, index=1): <Trial 101 (1 in rep 25) data={'pos': np.int64(-50), 'corr_resp': 'x', 'thisN': 101, 'thisTrialN': 1, 'thisRepN': 25}>
785.7934 	DATA 	Keypress: v
785.7984 	EXP 	Fixation_2: autoDraw = False
785.7984 	EXP 	line1_2: autoDraw = False
785.7984 	EXP 	line2_2: autoDraw = False
785.7984 	EXP 	line3_2: autoDraw = False
785.7984 	EXP 	line4_2: autoDraw = False
785.7984 	EXP 	protrianglefixation_2: autoDraw = False
785.7984 	EXP 	Fixation_2: autoDraw = True
785.9360 	EXP 	Device response: <KeyPress from None: t=785.7828319999971, value=v, duration=0.14424000000144588>
786.7846 	EXP 	line1_2: autoDraw = True
786.7846 	EXP 	line2_2: autoDraw = True
786.7846 	EXP 	line3_2: autoDraw = True
786.7846 	EXP 	line4_2: autoDraw = True
786.7914 	EXP 	Fixation_2: autoDraw = False
787.7844 	INFO 	Keyboard events cleared
787.7843 	EXP 	protrianglefixation_2: autoDraw = True
788.3098 	EXP 	Device response: <KeyPress from None: t=788.3057940420003, value=x, duration=None>
788.3104 	EXP 	New trial (rep=25, index=2): <Trial 102 (2 in rep 25) data={'pos': np.int64(-150), 'corr_resp': 'z', 'thisN': 102, 'thisTrialN': 2, 'thisRepN': 25}>
788.3166 	DATA 	Keypress: x
788.3218 	EXP 	Fixation_2: autoDraw = False
788.3218 	EXP 	line1_2: autoDraw = False
788.3218 	EXP 	line2_2: autoDraw = False
788.3218 	EXP 	line3_2: autoDraw = False
788.3218 	EXP 	line4_2: autoDraw = False
788.3218 	EXP 	protrianglefixation_2: autoDraw = False
788.3218 	EXP 	Fixation_2: autoDraw = True
788.4425 	EXP 	Device response: <KeyPress from None: t=788.3057940420003, value=x, duration=0.13234420799926738>
789.3083 	EXP 	line1_2: autoDraw = True
789.3083 	EXP 	line2_2: autoDraw = True
789.3083 	EXP 	line3_2: autoDraw = True
789.3083 	EXP 	line4_2: autoDraw = True
789.3178 	EXP 	Fixation_2: autoDraw = False
790.3088 	INFO 	Keyboard events cleared
790.3086 	EXP 	protrianglefixation_2: autoDraw = True
791.2357 	EXP 	Device response: <KeyPress from None: t=791.2257254579999, value=z, duration=None>
791.2362 	EXP 	New trial (rep=25, index=3): <Trial 103 (3 in rep 25) data={'pos': np.int64(150), 'corr_resp': 'v', 'thisN': 103, 'thisTrialN': 3, 'thisRepN': 25}>
791.2424 	DATA 	Keypress: z
791.2475 	EXP 	Fixation_2: autoDraw = False
791.2475 	EXP 	line1_2: autoDraw = False
791.2475 	EXP 	line2_2: autoDraw = False
791.2475 	EXP 	line3_2: autoDraw = False
791.2475 	EXP 	line4_2: autoDraw = False
791.2475 	EXP 	protrianglefixation_2: autoDraw = False
791.2475 	EXP 	Fixation_2: autoDraw = True
791.3528 	EXP 	Device response: <KeyPress from None: t=791.2257254579999, value=z, duration=0.11646337499769288>
792.2342 	EXP 	line1_2: autoDraw = True
792.2342 	EXP 	line2_2: autoDraw = True
792.2342 	EXP 	line3_2: autoDraw = True
792.2342 	EXP 	line4_2: autoDraw = True
792.2416 	EXP 	Fixation_2: autoDraw = False
793.2358 	INFO 	Keyboard events cleared
793.2355 	EXP 	protrianglefixation_2: autoDraw = True
794.0856 	EXP 	Device response: <KeyPress from None: t=794.0817003329976, value=v, duration=None>
794.0861 	EXP 	New trial (rep=26, index=0): <Trial 104 (0 in rep 26) data={'pos': np.int64(150), 'corr_resp': 'v', 'thisN': 104, 'thisTrialN': 0, 'thisRepN': 26}>
794.0925 	DATA 	Keypress: v
794.0976 	EXP 	Fixation_2: autoDraw = False
794.0976 	EXP 	line1_2: autoDraw = False
794.0976 	EXP 	line2_2: autoDraw = False
794.0976 	EXP 	line3_2: autoDraw = False
794.0976 	EXP 	line4_2: autoDraw = False
794.0976 	EXP 	protrianglefixation_2: autoDraw = False
794.0976 	EXP 	Fixation_2: autoDraw = True
794.2261 	EXP 	Device response: <KeyPress from None: t=794.0817003329976, value=v, duration=0.13625491700076964>
795.0843 	EXP 	line1_2: autoDraw = True
795.0843 	EXP 	line2_2: autoDraw = True
795.0843 	EXP 	line3_2: autoDraw = True
795.0843 	EXP 	line4_2: autoDraw = True
795.0912 	EXP 	Fixation_2: autoDraw = False
796.0844 	INFO 	Keyboard events cleared
796.0843 	EXP 	protrianglefixation_2: autoDraw = True
796.8038 	EXP 	Device response: <KeyPress from None: t=796.7986209169976, value=v, duration=None>
796.8048 	EXP 	New trial (rep=26, index=1): <Trial 105 (1 in rep 26) data={'pos': np.int64(-150), 'corr_resp': 'z', 'thisN': 105, 'thisTrialN': 1, 'thisRepN': 26}>
796.8116 	DATA 	Keypress: v
796.8179 	EXP 	Fixation_2: autoDraw = False
796.8179 	EXP 	line1_2: autoDraw = False
796.8179 	EXP 	line2_2: autoDraw = False
796.8179 	EXP 	line3_2: autoDraw = False
796.8179 	EXP 	line4_2: autoDraw = False
796.8179 	EXP 	protrianglefixation_2: autoDraw = False
796.8179 	EXP 	Fixation_2: autoDraw = True
796.9194 	EXP 	Device response: <KeyPress from None: t=796.7986209169976, value=v, duration=0.11219829100082279>
797.8010 	EXP 	line1_2: autoDraw = True
797.8010 	EXP 	line2_2: autoDraw = True
797.8010 	EXP 	line3_2: autoDraw = True
797.8010 	EXP 	line4_2: autoDraw = True
797.8082 	EXP 	Fixation_2: autoDraw = False
798.8012 	INFO 	Keyboard events cleared
798.8010 	EXP 	protrianglefixation_2: autoDraw = True
799.5930 	EXP 	Device response: <KeyPress from None: t=799.588434792, value=z, duration=None>
799.5934 	EXP 	New trial (rep=26, index=2): <Trial 106 (2 in rep 26) data={'pos': np.int64(50), 'corr_resp': 'c', 'thisN': 106, 'thisTrialN': 2, 'thisRepN': 26}>
799.5995 	DATA 	Keypress: z
799.6045 	EXP 	Fixation_2: autoDraw = False
799.6045 	EXP 	line1_2: autoDraw = False
799.6045 	EXP 	line2_2: autoDraw = False
799.6045 	EXP 	line3_2: autoDraw = False
799.6045 	EXP 	line4_2: autoDraw = False
799.6045 	EXP 	protrianglefixation_2: autoDraw = False
799.6045 	EXP 	Fixation_2: autoDraw = True
799.7525 	EXP 	Device response: <KeyPress from None: t=799.588434792, value=z, duration=0.15532708299724618>
800.5929 	EXP 	line1_2: autoDraw = True
800.5929 	EXP 	line2_2: autoDraw = True
800.5929 	EXP 	line3_2: autoDraw = True
800.5929 	EXP 	line4_2: autoDraw = True
800.6187 	EXP 	Fixation_2: autoDraw = False
801.5920 	INFO 	Keyboard events cleared
801.5918 	EXP 	protrianglefixation_2: autoDraw = True
802.0926 	EXP 	Device response: <KeyPress from None: t=802.0914518749996, value=c, duration=None>
802.0930 	EXP 	New trial (rep=26, index=3): <Trial 107 (3 in rep 26) data={'pos': np.int64(-50), 'corr_resp': 'x', 'thisN': 107, 'thisTrialN': 3, 'thisRepN': 26}>
802.0991 	DATA 	Keypress: c
802.1045 	EXP 	Fixation_2: autoDraw = False
802.1045 	EXP 	line1_2: autoDraw = False
802.1045 	EXP 	line2_2: autoDraw = False
802.1045 	EXP 	line3_2: autoDraw = False
802.1045 	EXP 	line4_2: autoDraw = False
802.1045 	EXP 	protrianglefixation_2: autoDraw = False
802.1045 	EXP 	Fixation_2: autoDraw = True
802.2526 	EXP 	Device response: <KeyPress from None: t=802.0914518749996, value=c, duration=0.15635491699867998>
803.0842 	EXP 	line1_2: autoDraw = True
803.0842 	EXP 	line2_2: autoDraw = True
803.0842 	EXP 	line3_2: autoDraw = True
803.0842 	EXP 	line4_2: autoDraw = True
803.1011 	EXP 	Fixation_2: autoDraw = False
804.0926 	INFO 	Keyboard events cleared
804.0924 	EXP 	protrianglefixation_2: autoDraw = True
804.6356 	EXP 	Device response: <KeyPress from None: t=804.6314104579978, value=x, duration=None>
804.6363 	EXP 	New trial (rep=27, index=0): <Trial 108 (0 in rep 27) data={'pos': np.int64(-50), 'corr_resp': 'x', 'thisN': 108, 'thisTrialN': 0, 'thisRepN': 27}>
804.6426 	DATA 	Keypress: x
804.6478 	EXP 	Fixation_2: autoDraw = False
804.6478 	EXP 	line1_2: autoDraw = False
804.6478 	EXP 	line2_2: autoDraw = False
804.6478 	EXP 	line3_2: autoDraw = False
804.6478 	EXP 	line4_2: autoDraw = False
804.6478 	EXP 	protrianglefixation_2: autoDraw = False
804.6478 	EXP 	Fixation_2: autoDraw = True
804.7699 	EXP 	Device response: <KeyPress from None: t=804.6314104579978, value=x, duration=0.13667666699984693>
805.6343 	EXP 	line1_2: autoDraw = True
805.6343 	EXP 	line2_2: autoDraw = True
805.6343 	EXP 	line3_2: autoDraw = True
805.6343 	EXP 	line4_2: autoDraw = True
805.6418 	EXP 	Fixation_2: autoDraw = False
806.6522 	INFO 	Keyboard events cleared
806.6521 	EXP 	protrianglefixation_2: autoDraw = True
807.1764 	EXP 	Device response: <KeyPress from None: t=807.1733152499983, value=x, duration=None>
807.1769 	EXP 	New trial (rep=27, index=1): <Trial 109 (1 in rep 27) data={'pos': np.int64(50), 'corr_resp': 'c', 'thisN': 109, 'thisTrialN': 1, 'thisRepN': 27}>
807.1830 	DATA 	Keypress: x
807.1878 	EXP 	Fixation_2: autoDraw = False
807.1878 	EXP 	line1_2: autoDraw = False
807.1878 	EXP 	line2_2: autoDraw = False
807.1878 	EXP 	line3_2: autoDraw = False
807.1878 	EXP 	line4_2: autoDraw = False
807.1878 	EXP 	protrianglefixation_2: autoDraw = False
807.1878 	EXP 	Fixation_2: autoDraw = True
807.3085 	EXP 	Device response: <KeyPress from None: t=807.1733152499983, value=x, duration=0.13238320800155634>
808.1754 	EXP 	line1_2: autoDraw = True
808.1754 	EXP 	line2_2: autoDraw = True
808.1754 	EXP 	line3_2: autoDraw = True
808.1754 	EXP 	line4_2: autoDraw = True
808.1846 	EXP 	Fixation_2: autoDraw = False
809.1753 	INFO 	Keyboard events cleared
809.1751 	EXP 	protrianglefixation_2: autoDraw = True
810.2426 	EXP 	Device response: <KeyPress from None: t=810.2402507919978, value=c, duration=None>
810.2431 	EXP 	New trial (rep=27, index=2): <Trial 110 (2 in rep 27) data={'pos': np.int64(-150), 'corr_resp': 'z', 'thisN': 110, 'thisTrialN': 2, 'thisRepN': 27}>
810.2493 	DATA 	Keypress: c
810.2542 	EXP 	Fixation_2: autoDraw = False
810.2542 	EXP 	line1_2: autoDraw = False
810.2542 	EXP 	line2_2: autoDraw = False
810.2542 	EXP 	line3_2: autoDraw = False
810.2542 	EXP 	line4_2: autoDraw = False
810.2542 	EXP 	protrianglefixation_2: autoDraw = False
810.2542 	EXP 	Fixation_2: autoDraw = True
810.3865 	EXP 	Device response: <KeyPress from None: t=810.2402507919978, value=c, duration=0.13633183300044038>
811.2419 	EXP 	line1_2: autoDraw = True
811.2419 	EXP 	line2_2: autoDraw = True
811.2419 	EXP 	line3_2: autoDraw = True
811.2419 	EXP 	line4_2: autoDraw = True
811.2512 	EXP 	Fixation_2: autoDraw = False
812.2427 	INFO 	Keyboard events cleared
812.2425 	EXP 	protrianglefixation_2: autoDraw = True
812.8931 	EXP 	Device response: <KeyPress from None: t=812.8882592919981, value=z, duration=None>
812.8935 	EXP 	New trial (rep=27, index=3): <Trial 111 (3 in rep 27) data={'pos': np.int64(150), 'corr_resp': 'v', 'thisN': 111, 'thisTrialN': 3, 'thisRepN': 27}>
812.8995 	DATA 	Keypress: z
812.9045 	EXP 	Fixation_2: autoDraw = False
812.9045 	EXP 	line1_2: autoDraw = False
812.9045 	EXP 	line2_2: autoDraw = False
812.9045 	EXP 	line3_2: autoDraw = False
812.9045 	EXP 	line4_2: autoDraw = False
812.9045 	EXP 	protrianglefixation_2: autoDraw = False
812.9045 	EXP 	Fixation_2: autoDraw = True
813.0356 	EXP 	Device response: <KeyPress from None: t=812.8882592919981, value=z, duration=0.14026191599987214>
813.8923 	EXP 	line1_2: autoDraw = True
813.8923 	EXP 	line2_2: autoDraw = True
813.8923 	EXP 	line3_2: autoDraw = True
813.8923 	EXP 	line4_2: autoDraw = True
813.9186 	EXP 	Fixation_2: autoDraw = False
814.8930 	INFO 	Keyboard events cleared
814.8928 	EXP 	protrianglefixation_2: autoDraw = True
815.6594 	EXP 	Device response: <KeyPress from None: t=815.6581781249988, value=v, duration=None>
815.6599 	EXP 	New trial (rep=28, index=0): <Trial 112 (0 in rep 28) data={'pos': np.int64(50), 'corr_resp': 'c', 'thisN': 112, 'thisTrialN': 0, 'thisRepN': 28}>
815.6658 	DATA 	Keypress: v
815.6711 	EXP 	Fixation_2: autoDraw = False
815.6711 	EXP 	line1_2: autoDraw = False
815.6711 	EXP 	line2_2: autoDraw = False
815.6711 	EXP 	line3_2: autoDraw = False
815.6711 	EXP 	line4_2: autoDraw = False
815.6711 	EXP 	protrianglefixation_2: autoDraw = False
815.6711 	EXP 	Fixation_2: autoDraw = True
815.7764 	EXP 	Device response: <KeyPress from None: t=815.6581781249988, value=v, duration=0.11232858299990767>
816.6582 	EXP 	line1_2: autoDraw = True
816.6582 	EXP 	line2_2: autoDraw = True
816.6582 	EXP 	line3_2: autoDraw = True
816.6582 	EXP 	line4_2: autoDraw = True
816.6677 	EXP 	Fixation_2: autoDraw = False
817.6591 	INFO 	Keyboard events cleared
817.6589 	EXP 	protrianglefixation_2: autoDraw = True
818.5021 	EXP 	Device response: <KeyPress from None: t=818.4990371249987, value=c, duration=None>
818.5026 	EXP 	New trial (rep=28, index=1): <Trial 113 (1 in rep 28) data={'pos': np.int64(-150), 'corr_resp': 'z', 'thisN': 113, 'thisTrialN': 1, 'thisRepN': 28}>
818.5091 	DATA 	Keypress: c
818.5142 	EXP 	Fixation_2: autoDraw = False
818.5142 	EXP 	line1_2: autoDraw = False
818.5142 	EXP 	line2_2: autoDraw = False
818.5142 	EXP 	line3_2: autoDraw = False
818.5142 	EXP 	line4_2: autoDraw = False
818.5142 	EXP 	protrianglefixation_2: autoDraw = False
818.5142 	EXP 	Fixation_2: autoDraw = True
818.6692 	EXP 	Device response: <KeyPress from None: t=818.4990371249987, value=c, duration=0.16037366700038547>
819.5006 	EXP 	line1_2: autoDraw = True
819.5006 	EXP 	line2_2: autoDraw = True
819.5006 	EXP 	line3_2: autoDraw = True
819.5006 	EXP 	line4_2: autoDraw = True
819.5082 	EXP 	Fixation_2: autoDraw = False
820.5007 	INFO 	Keyboard events cleared
820.5006 	EXP 	protrianglefixation_2: autoDraw = True
820.9930 	EXP 	Device response: <KeyPress from None: t=820.9900922919987, value=z, duration=None>
820.9935 	EXP 	New trial (rep=28, index=2): <Trial 114 (2 in rep 28) data={'pos': np.int64(-50), 'corr_resp': 'x', 'thisN': 114, 'thisTrialN': 2, 'thisRepN': 28}>
821.0003 	DATA 	Keypress: z
821.0052 	EXP 	Fixation_2: autoDraw = False
821.0052 	EXP 	line1_2: autoDraw = False
821.0052 	EXP 	line2_2: autoDraw = False
821.0052 	EXP 	line3_2: autoDraw = False
821.0052 	EXP 	line4_2: autoDraw = False
821.0052 	EXP 	protrianglefixation_2: autoDraw = False
821.0052 	EXP 	Fixation_2: autoDraw = True
821.1691 	EXP 	Device response: <KeyPress from None: t=820.9900922919987, value=z, duration=0.16826279100132524>
821.9917 	EXP 	line1_2: autoDraw = True
821.9917 	EXP 	line2_2: autoDraw = True
821.9917 	EXP 	line3_2: autoDraw = True
821.9917 	EXP 	line4_2: autoDraw = True
822.0013 	EXP 	Fixation_2: autoDraw = False
822.9923 	INFO 	Keyboard events cleared
822.9921 	EXP 	protrianglefixation_2: autoDraw = True
823.5023 	EXP 	Device response: <KeyPress from None: t=823.4959886670003, value=x, duration=None>
823.5028 	EXP 	New trial (rep=28, index=3): <Trial 115 (3 in rep 28) data={'pos': np.int64(150), 'corr_resp': 'v', 'thisN': 115, 'thisTrialN': 3, 'thisRepN': 28}>
823.5090 	DATA 	Keypress: x
823.5142 	EXP 	Fixation_2: autoDraw = False
823.5142 	EXP 	line1_2: autoDraw = False
823.5142 	EXP 	line2_2: autoDraw = False
823.5142 	EXP 	line3_2: autoDraw = False
823.5142 	EXP 	line4_2: autoDraw = False
823.5142 	EXP 	protrianglefixation_2: autoDraw = False
823.5142 	EXP 	Fixation_2: autoDraw = True
823.6360 	EXP 	Device response: <KeyPress from None: t=823.4959886670003, value=x, duration=0.13640145799945458>
824.5006 	EXP 	line1_2: autoDraw = True
824.5006 	EXP 	line2_2: autoDraw = True
824.5006 	EXP 	line3_2: autoDraw = True
824.5006 	EXP 	line4_2: autoDraw = True
824.5084 	EXP 	Fixation_2: autoDraw = False
825.5008 	INFO 	Keyboard events cleared
825.5006 	EXP 	protrianglefixation_2: autoDraw = True
826.2089 	EXP 	Device response: <KeyPress from None: t=826.2077826249988, value=v, duration=None>
826.2093 	EXP 	New trial (rep=29, index=0): <Trial 116 (0 in rep 29) data={'pos': np.int64(-50), 'corr_resp': 'x', 'thisN': 116, 'thisTrialN': 0, 'thisRepN': 29}>
826.2152 	DATA 	Keypress: v
826.2205 	EXP 	Fixation_2: autoDraw = False
826.2205 	EXP 	line1_2: autoDraw = False
826.2205 	EXP 	line2_2: autoDraw = False
826.2205 	EXP 	line3_2: autoDraw = False
826.2205 	EXP 	line4_2: autoDraw = False
826.2205 	EXP 	protrianglefixation_2: autoDraw = False
826.2205 	EXP 	Fixation_2: autoDraw = True
826.3189 	EXP 	Device response: <KeyPress from None: t=826.2077826249988, value=v, duration=0.10859595800138777>
827.2011 	EXP 	line1_2: autoDraw = True
827.2011 	EXP 	line2_2: autoDraw = True
827.2011 	EXP 	line3_2: autoDraw = True
827.2011 	EXP 	line4_2: autoDraw = True
827.2177 	EXP 	Fixation_2: autoDraw = False
828.2007 	INFO 	Keyboard events cleared
828.2005 	EXP 	protrianglefixation_2: autoDraw = True
828.7096 	EXP 	Device response: <KeyPress from None: t=828.7038476669986, value=x, duration=None>
828.7101 	EXP 	New trial (rep=29, index=1): <Trial 117 (1 in rep 29) data={'pos': np.int64(150), 'corr_resp': 'v', 'thisN': 117, 'thisTrialN': 1, 'thisRepN': 29}>
828.7162 	DATA 	Keypress: x
828.7216 	EXP 	Fixation_2: autoDraw = False
828.7216 	EXP 	line1_2: autoDraw = False
828.7216 	EXP 	line2_2: autoDraw = False
828.7216 	EXP 	line3_2: autoDraw = False
828.7216 	EXP 	line4_2: autoDraw = False
828.7216 	EXP 	protrianglefixation_2: autoDraw = False
828.7216 	EXP 	Fixation_2: autoDraw = True
828.8257 	EXP 	Device response: <KeyPress from None: t=828.7038476669986, value=x, duration=0.12023129099907237>
829.7083 	EXP 	line1_2: autoDraw = True
829.7083 	EXP 	line2_2: autoDraw = True
829.7083 	EXP 	line3_2: autoDraw = True
829.7083 	EXP 	line4_2: autoDraw = True
829.7177 	EXP 	Fixation_2: autoDraw = False
830.7089 	INFO 	Keyboard events cleared
830.7087 	EXP 	protrianglefixation_2: autoDraw = True
831.5599 	EXP 	Device response: <KeyPress from None: t=831.5517109169996, value=v, duration=None>
831.5603 	EXP 	New trial (rep=29, index=2): <Trial 118 (2 in rep 29) data={'pos': np.int64(50), 'corr_resp': 'c', 'thisN': 118, 'thisTrialN': 2, 'thisRepN': 29}>
831.5661 	DATA 	Keypress: v
831.5712 	EXP 	Fixation_2: autoDraw = False
831.5712 	EXP 	line1_2: autoDraw = False
831.5712 	EXP 	line2_2: autoDraw = False
831.5712 	EXP 	line3_2: autoDraw = False
831.5712 	EXP 	line4_2: autoDraw = False
831.5712 	EXP 	protrianglefixation_2: autoDraw = False
831.5712 	EXP 	Fixation_2: autoDraw = True
831.6591 	EXP 	Device response: <KeyPress from None: t=831.5517109169996, value=v, duration=0.10040716599905863>
832.5594 	EXP 	line1_2: autoDraw = True
832.5594 	EXP 	line2_2: autoDraw = True
832.5594 	EXP 	line3_2: autoDraw = True
832.5594 	EXP 	line4_2: autoDraw = True
832.5853 	EXP 	Fixation_2: autoDraw = False
833.5587 	INFO 	Keyboard events cleared
833.5586 	EXP 	protrianglefixation_2: autoDraw = True
834.9354 	EXP 	Device response: <KeyPress from None: t=834.931599749998, value=c, duration=None>
834.9359 	EXP 	New trial (rep=29, index=3): <Trial 119 (3 in rep 29) data={'pos': np.int64(-150), 'corr_resp': 'z', 'thisN': 119, 'thisTrialN': 3, 'thisRepN': 29}>
834.9421 	DATA 	Keypress: c
834.9471 	EXP 	Fixation_2: autoDraw = False
834.9471 	EXP 	line1_2: autoDraw = False
834.9471 	EXP 	line2_2: autoDraw = False
834.9471 	EXP 	line3_2: autoDraw = False
834.9471 	EXP 	line4_2: autoDraw = False
834.9471 	EXP 	protrianglefixation_2: autoDraw = False
834.9471 	EXP 	Fixation_2: autoDraw = True
835.0750 	EXP 	Device response: <KeyPress from None: t=834.931599749998, value=c, duration=0.1362836670014076>
835.9261 	EXP 	line1_2: autoDraw = True
835.9261 	EXP 	line2_2: autoDraw = True
835.9261 	EXP 	line3_2: autoDraw = True
835.9261 	EXP 	line4_2: autoDraw = True
835.9688 	EXP 	Fixation_2: autoDraw = False
836.9340 	INFO 	Keyboard events cleared
836.9338 	EXP 	protrianglefixation_2: autoDraw = True
837.6522 	EXP 	Device response: <KeyPress from None: t=837.6435763329973, value=z, duration=None>
837.6526 	EXP 	New trial (rep=30, index=0): <Trial 120 (0 in rep 30) data={'pos': np.int64(50), 'corr_resp': 'c', 'thisN': 120, 'thisTrialN': 0, 'thisRepN': 30}>
837.6582 	DATA 	Keypress: z
837.6629 	EXP 	Fixation_2: autoDraw = False
837.6629 	EXP 	line1_2: autoDraw = False
837.6629 	EXP 	line2_2: autoDraw = False
837.6629 	EXP 	line3_2: autoDraw = False
837.6629 	EXP 	line4_2: autoDraw = False
837.6629 	EXP 	protrianglefixation_2: autoDraw = False
837.6629 	EXP 	Fixation_2: autoDraw = True
837.7866 	EXP 	Device response: <KeyPress from None: t=837.6435763329973, value=z, duration=0.136418792000768>
838.6505 	EXP 	line1_2: autoDraw = True
838.6505 	EXP 	line2_2: autoDraw = True
838.6505 	EXP 	line3_2: autoDraw = True
838.6505 	EXP 	line4_2: autoDraw = True
838.6577 	EXP 	Fixation_2: autoDraw = False
839.6508 	INFO 	Keyboard events cleared
839.6506 	EXP 	protrianglefixation_2: autoDraw = True
840.7023 	EXP 	Device response: <KeyPress from None: t=840.6955370420001, value=c, duration=None>
840.7027 	EXP 	New trial (rep=30, index=1): <Trial 121 (1 in rep 30) data={'pos': np.int64(-150), 'corr_resp': 'z', 'thisN': 121, 'thisTrialN': 1, 'thisRepN': 30}>
840.7092 	DATA 	Keypress: c
840.7139 	EXP 	Fixation_2: autoDraw = False
840.7139 	EXP 	line1_2: autoDraw = False
840.7139 	EXP 	line2_2: autoDraw = False
840.7139 	EXP 	line3_2: autoDraw = False
840.7139 	EXP 	line4_2: autoDraw = False
840.7139 	EXP 	protrianglefixation_2: autoDraw = False
840.7139 	EXP 	Fixation_2: autoDraw = True
840.8774 	EXP 	Device response: <KeyPress from None: t=840.6955370420001, value=c, duration=0.17626429099982488>
841.7006 	EXP 	line1_2: autoDraw = True
841.7006 	EXP 	line2_2: autoDraw = True
841.7006 	EXP 	line3_2: autoDraw = True
841.7006 	EXP 	line4_2: autoDraw = True
841.7080 	EXP 	Fixation_2: autoDraw = False
842.7190 	INFO 	Keyboard events cleared
842.7187 	EXP 	protrianglefixation_2: autoDraw = True
843.2761 	EXP 	Device response: <KeyPress from None: t=843.2744978749979, value=z, duration=None>
843.2766 	EXP 	New trial (rep=30, index=2): <Trial 122 (2 in rep 30) data={'pos': np.int64(150), 'corr_resp': 'v', 'thisN': 122, 'thisTrialN': 2, 'thisRepN': 30}>
843.2819 	DATA 	Keypress: z
843.2876 	EXP 	Fixation_2: autoDraw = False
843.2876 	EXP 	line1_2: autoDraw = False
843.2876 	EXP 	line2_2: autoDraw = False
843.2876 	EXP 	line3_2: autoDraw = False
843.2876 	EXP 	line4_2: autoDraw = False
843.2876 	EXP 	protrianglefixation_2: autoDraw = False
843.2876 	EXP 	Fixation_2: autoDraw = True
843.4258 	EXP 	Device response: <KeyPress from None: t=843.2744978749979, value=z, duration=0.14439970800231094>
844.2755 	EXP 	line1_2: autoDraw = True
844.2755 	EXP 	line2_2: autoDraw = True
844.2755 	EXP 	line3_2: autoDraw = True
844.2755 	EXP 	line4_2: autoDraw = True
844.2839 	EXP 	Fixation_2: autoDraw = False
845.2753 	INFO 	Keyboard events cleared
845.2751 	EXP 	protrianglefixation_2: autoDraw = True
846.0585 	EXP 	Device response: <KeyPress from None: t=846.0544541669988, value=v, duration=None>
846.0590 	EXP 	New trial (rep=30, index=3): <Trial 123 (3 in rep 30) data={'pos': np.int64(-50), 'corr_resp': 'x', 'thisN': 123, 'thisTrialN': 3, 'thisRepN': 30}>
846.0643 	DATA 	Keypress: v
846.0855 	EXP 	Fixation_2: autoDraw = False
846.0855 	EXP 	line1_2: autoDraw = False
846.0855 	EXP 	line2_2: autoDraw = False
846.0855 	EXP 	line3_2: autoDraw = False
846.0855 	EXP 	line4_2: autoDraw = False
846.0855 	EXP 	protrianglefixation_2: autoDraw = False
846.0855 	EXP 	Fixation_2: autoDraw = True
846.1688 	EXP 	Device response: <KeyPress from None: t=846.0544541669988, value=v, duration=0.1042965410015313>
847.0505 	EXP 	line1_2: autoDraw = True
847.0505 	EXP 	line2_2: autoDraw = True
847.0505 	EXP 	line3_2: autoDraw = True
847.0505 	EXP 	line4_2: autoDraw = True
847.0844 	EXP 	Fixation_2: autoDraw = False
848.0507 	INFO 	Keyboard events cleared
848.0505 	EXP 	protrianglefixation_2: autoDraw = True
848.5424 	EXP 	Device response: <KeyPress from None: t=848.5394047919981, value=x, duration=None>
848.5428 	EXP 	New trial (rep=31, index=0): <Trial 124 (0 in rep 31) data={'pos': np.int64(150), 'corr_resp': 'v', 'thisN': 124, 'thisTrialN': 0, 'thisRepN': 31}>
848.5483 	DATA 	Keypress: x
848.5542 	EXP 	Fixation_2: autoDraw = False
848.5542 	EXP 	line1_2: autoDraw = False
848.5542 	EXP 	line2_2: autoDraw = False
848.5542 	EXP 	line3_2: autoDraw = False
848.5542 	EXP 	line4_2: autoDraw = False
848.5542 	EXP 	protrianglefixation_2: autoDraw = False
848.5542 	EXP 	Fixation_2: autoDraw = True
848.6866 	EXP 	Device response: <KeyPress from None: t=848.5394047919981, value=x, duration=0.14031624999915948>
849.5418 	EXP 	line1_2: autoDraw = True
849.5418 	EXP 	line2_2: autoDraw = True
849.5418 	EXP 	line3_2: autoDraw = True
849.5418 	EXP 	line4_2: autoDraw = True
849.5505 	EXP 	Fixation_2: autoDraw = False
850.5340 	INFO 	Keyboard events cleared
850.5338 	EXP 	protrianglefixation_2: autoDraw = True
851.3929 	EXP 	Device response: <KeyPress from None: t=851.389306582998, value=v, duration=None>
851.3934 	EXP 	New trial (rep=31, index=1): <Trial 125 (1 in rep 31) data={'pos': np.int64(-150), 'corr_resp': 'z', 'thisN': 125, 'thisTrialN': 1, 'thisRepN': 31}>
851.3988 	DATA 	Keypress: v
851.4041 	EXP 	Fixation_2: autoDraw = False
851.4041 	EXP 	line1_2: autoDraw = False
851.4041 	EXP 	line2_2: autoDraw = False
851.4041 	EXP 	line3_2: autoDraw = False
851.4041 	EXP 	line4_2: autoDraw = False
851.4041 	EXP 	protrianglefixation_2: autoDraw = False
851.4041 	EXP 	Fixation_2: autoDraw = True
851.5026 	EXP 	Device response: <KeyPress from None: t=851.389306582998, value=v, duration=0.10832579199995962>
852.3915 	EXP 	line1_2: autoDraw = True
852.3915 	EXP 	line2_2: autoDraw = True
852.3915 	EXP 	line3_2: autoDraw = True
852.3915 	EXP 	line4_2: autoDraw = True
852.4012 	EXP 	Fixation_2: autoDraw = False
853.3917 	INFO 	Keyboard events cleared
853.3916 	EXP 	protrianglefixation_2: autoDraw = True
853.9188 	EXP 	Device response: <KeyPress from None: t=853.9141613329994, value=z, duration=None>
853.9193 	EXP 	New trial (rep=31, index=2): <Trial 126 (2 in rep 31) data={'pos': np.int64(-50), 'corr_resp': 'x', 'thisN': 126, 'thisTrialN': 2, 'thisRepN': 31}>
853.9249 	DATA 	Keypress: z
853.9299 	EXP 	Fixation_2: autoDraw = False
853.9299 	EXP 	line1_2: autoDraw = False
853.9299 	EXP 	line2_2: autoDraw = False
853.9299 	EXP 	line3_2: autoDraw = False
853.9299 	EXP 	line4_2: autoDraw = False
853.9299 	EXP 	protrianglefixation_2: autoDraw = False
853.9299 	EXP 	Fixation_2: autoDraw = True
854.0364 	EXP 	Device response: <KeyPress from None: t=853.9141613329994, value=z, duration=0.10042787500060513>
854.9174 	EXP 	line1_2: autoDraw = True
854.9174 	EXP 	line2_2: autoDraw = True
854.9174 	EXP 	line3_2: autoDraw = True
854.9174 	EXP 	line4_2: autoDraw = True
854.9249 	EXP 	Fixation_2: autoDraw = False
855.9174 	INFO 	Keyboard events cleared
855.9172 	EXP 	protrianglefixation_2: autoDraw = True
856.4704 	EXP 	Device response: <KeyPress from None: t=856.4672409999985, value=x, duration=None>
856.4715 	EXP 	New trial (rep=31, index=3): <Trial 127 (3 in rep 31) data={'pos': np.int64(50), 'corr_resp': 'c', 'thisN': 127, 'thisTrialN': 3, 'thisRepN': 31}>
856.4774 	DATA 	Keypress: x
856.4839 	EXP 	Fixation_2: autoDraw = False
856.4839 	EXP 	line1_2: autoDraw = False
856.4839 	EXP 	line2_2: autoDraw = False
856.4839 	EXP 	line3_2: autoDraw = False
856.4839 	EXP 	line4_2: autoDraw = False
856.4839 	EXP 	protrianglefixation_2: autoDraw = False
856.4839 	EXP 	Fixation_2: autoDraw = True
856.6031 	EXP 	Device response: <KeyPress from None: t=856.4672409999985, value=x, duration=0.128248375000112>
857.4671 	EXP 	line1_2: autoDraw = True
857.4671 	EXP 	line2_2: autoDraw = True
857.4671 	EXP 	line3_2: autoDraw = True
857.4671 	EXP 	line4_2: autoDraw = True
857.4743 	EXP 	Fixation_2: autoDraw = False
858.4674 	INFO 	Keyboard events cleared
858.4672 	EXP 	protrianglefixation_2: autoDraw = True
858.7521 	EXP 	Device response: <KeyPress from None: t=858.7441089579988, value=c, duration=None>
858.7526 	EXP 	New trial (rep=32, index=0): <Trial 128 (0 in rep 32) data={'pos': np.int64(150), 'corr_resp': 'v', 'thisN': 128, 'thisTrialN': 0, 'thisRepN': 32}>
858.7582 	DATA 	Keypress: c
858.7630 	EXP 	Fixation_2: autoDraw = False
858.7630 	EXP 	line1_2: autoDraw = False
858.7630 	EXP 	line2_2: autoDraw = False
858.7630 	EXP 	line3_2: autoDraw = False
858.7630 	EXP 	line4_2: autoDraw = False
858.7630 	EXP 	protrianglefixation_2: autoDraw = False
858.7630 	EXP 	Fixation_2: autoDraw = True
858.8771 	EXP 	Device response: <KeyPress from None: t=858.7441089579988, value=c, duration=0.1242882920014381>
859.7506 	EXP 	line1_2: autoDraw = True
859.7506 	EXP 	line2_2: autoDraw = True
859.7506 	EXP 	line3_2: autoDraw = True
859.7506 	EXP 	line4_2: autoDraw = True
859.7579 	EXP 	Fixation_2: autoDraw = False
860.7513 	INFO 	Keyboard events cleared
860.7511 	EXP 	protrianglefixation_2: autoDraw = True
861.5925 	EXP 	Device response: <KeyPress from None: t=861.5910656669985, value=v, duration=None>
861.5929 	EXP 	New trial (rep=32, index=1): <Trial 129 (1 in rep 32) data={'pos': np.int64(-150), 'corr_resp': 'z', 'thisN': 129, 'thisTrialN': 1, 'thisRepN': 32}>
861.5982 	DATA 	Keypress: v
861.6042 	EXP 	Fixation_2: autoDraw = False
861.6042 	EXP 	line1_2: autoDraw = False
861.6042 	EXP 	line2_2: autoDraw = False
861.6042 	EXP 	line3_2: autoDraw = False
861.6042 	EXP 	line4_2: autoDraw = False
861.6042 	EXP 	protrianglefixation_2: autoDraw = False
861.6042 	EXP 	Fixation_2: autoDraw = True
861.7021 	EXP 	Device response: <KeyPress from None: t=861.5910656669985, value=v, duration=0.10834670799886226>
862.5917 	EXP 	line1_2: autoDraw = True
862.5917 	EXP 	line2_2: autoDraw = True
862.5917 	EXP 	line3_2: autoDraw = True
862.5917 	EXP 	line4_2: autoDraw = True
862.6010 	EXP 	Fixation_2: autoDraw = False
863.5920 	INFO 	Keyboard events cleared
863.5919 	EXP 	protrianglefixation_2: autoDraw = True
864.1022 	EXP 	Device response: <KeyPress from None: t=864.0940575419991, value=z, duration=None>
864.1028 	EXP 	New trial (rep=32, index=2): <Trial 130 (2 in rep 32) data={'pos': np.int64(50), 'corr_resp': 'c', 'thisN': 130, 'thisTrialN': 2, 'thisRepN': 32}>
864.1086 	DATA 	Keypress: z
864.1136 	EXP 	Fixation_2: autoDraw = False
864.1136 	EXP 	line1_2: autoDraw = False
864.1136 	EXP 	line2_2: autoDraw = False
864.1136 	EXP 	line3_2: autoDraw = False
864.1136 	EXP 	line4_2: autoDraw = False
864.1136 	EXP 	protrianglefixation_2: autoDraw = False
864.1136 	EXP 	Fixation_2: autoDraw = True
864.2525 	EXP 	Device response: <KeyPress from None: t=864.0940575419991, value=z, duration=0.15227516599770752>
865.1005 	EXP 	line1_2: autoDraw = True
865.1005 	EXP 	line2_2: autoDraw = True
865.1005 	EXP 	line3_2: autoDraw = True
865.1005 	EXP 	line4_2: autoDraw = True
865.1078 	EXP 	Fixation_2: autoDraw = False
866.1006 	INFO 	Keyboard events cleared
866.1004 	EXP 	protrianglefixation_2: autoDraw = True
867.1188 	EXP 	Device response: <KeyPress from None: t=867.112862957998, value=c, duration=None>
867.1192 	EXP 	New trial (rep=32, index=3): <Trial 131 (3 in rep 32) data={'pos': np.int64(-50), 'corr_resp': 'x', 'thisN': 131, 'thisTrialN': 3, 'thisRepN': 32}>
867.1248 	DATA 	Keypress: c
867.1297 	EXP 	Fixation_2: autoDraw = False
867.1297 	EXP 	line1_2: autoDraw = False
867.1297 	EXP 	line2_2: autoDraw = False
867.1297 	EXP 	line3_2: autoDraw = False
867.1297 	EXP 	line4_2: autoDraw = False
867.1297 	EXP 	protrianglefixation_2: autoDraw = False
867.1297 	EXP 	Fixation_2: autoDraw = True
867.2525 	EXP 	Device response: <KeyPress from None: t=867.112862957998, value=c, duration=0.13234345900127664>
868.1171 	EXP 	line1_2: autoDraw = True
868.1171 	EXP 	line2_2: autoDraw = True
868.1171 	EXP 	line3_2: autoDraw = True
868.1171 	EXP 	line4_2: autoDraw = True
868.1244 	EXP 	Fixation_2: autoDraw = False
869.1090 	INFO 	Keyboard events cleared
869.1089 	EXP 	protrianglefixation_2: autoDraw = True
869.5354 	EXP 	Device response: <KeyPress from None: t=869.5268492079995, value=x, duration=None>
869.5359 	EXP 	New trial (rep=33, index=0): <Trial 132 (0 in rep 33) data={'pos': np.int64(-50), 'corr_resp': 'x', 'thisN': 132, 'thisTrialN': 0, 'thisRepN': 33}>
869.5416 	DATA 	Keypress: x
869.5464 	EXP 	Fixation_2: autoDraw = False
869.5464 	EXP 	line1_2: autoDraw = False
869.5464 	EXP 	line2_2: autoDraw = False
869.5464 	EXP 	line3_2: autoDraw = False
869.5464 	EXP 	line4_2: autoDraw = False
869.5464 	EXP 	protrianglefixation_2: autoDraw = False
869.5464 	EXP 	Fixation_2: autoDraw = True
869.6692 	EXP 	Device response: <KeyPress from None: t=869.5268492079995, value=x, duration=0.13231904200074496>
870.5339 	EXP 	line1_2: autoDraw = True
870.5339 	EXP 	line2_2: autoDraw = True
870.5339 	EXP 	line3_2: autoDraw = True
870.5339 	EXP 	line4_2: autoDraw = True
870.5413 	EXP 	Fixation_2: autoDraw = False
871.5346 	INFO 	Keyboard events cleared
871.5344 	EXP 	protrianglefixation_2: autoDraw = True
872.0188 	EXP 	Device response: <KeyPress from None: t=872.0128298329982, value=x, duration=None>
872.0193 	EXP 	New trial (rep=33, index=1): <Trial 133 (1 in rep 33) data={'pos': np.int64(150), 'corr_resp': 'v', 'thisN': 133, 'thisTrialN': 1, 'thisRepN': 33}>
872.0251 	DATA 	Keypress: x
872.0302 	EXP 	Fixation_2: autoDraw = False
872.0302 	EXP 	line1_2: autoDraw = False
872.0302 	EXP 	line2_2: autoDraw = False
872.0302 	EXP 	line3_2: autoDraw = False
872.0302 	EXP 	line4_2: autoDraw = False
872.0302 	EXP 	protrianglefixation_2: autoDraw = False
872.0302 	EXP 	Fixation_2: autoDraw = True
872.1357 	EXP 	Device response: <KeyPress from None: t=872.0128298329982, value=x, duration=0.1163081670019892>
873.0172 	EXP 	line1_2: autoDraw = True
873.0172 	EXP 	line2_2: autoDraw = True
873.0172 	EXP 	line3_2: autoDraw = True
873.0172 	EXP 	line4_2: autoDraw = True
873.0246 	EXP 	Fixation_2: autoDraw = False
874.0096 	INFO 	Keyboard events cleared
874.0094 	EXP 	protrianglefixation_2: autoDraw = True
874.8517 	EXP 	Device response: <KeyPress from None: t=874.8467609999971, value=v, duration=None>
874.8522 	EXP 	New trial (rep=33, index=2): <Trial 134 (2 in rep 33) data={'pos': np.int64(-150), 'corr_resp': 'z', 'thisN': 134, 'thisTrialN': 2, 'thisRepN': 33}>
874.8577 	DATA 	Keypress: v
874.8627 	EXP 	Fixation_2: autoDraw = False
874.8627 	EXP 	line1_2: autoDraw = False
874.8627 	EXP 	line2_2: autoDraw = False
874.8627 	EXP 	line3_2: autoDraw = False
874.8627 	EXP 	line4_2: autoDraw = False
874.8627 	EXP 	protrianglefixation_2: autoDraw = False
874.8627 	EXP 	Fixation_2: autoDraw = True
874.9533 	EXP 	Device response: <KeyPress from None: t=874.8467609999971, value=v, duration=0.10420975000306498>
875.8506 	EXP 	line1_2: autoDraw = True
875.8506 	EXP 	line2_2: autoDraw = True
875.8506 	EXP 	line3_2: autoDraw = True
875.8506 	EXP 	line4_2: autoDraw = True
875.8578 	EXP 	Fixation_2: autoDraw = False
876.8506 	INFO 	Keyboard events cleared
876.8504 	EXP 	protrianglefixation_2: autoDraw = True
877.2855 	EXP 	Device response: <KeyPress from None: t=877.2806774169985, value=z, duration=None>
877.2860 	EXP 	New trial (rep=33, index=3): <Trial 135 (3 in rep 33) data={'pos': np.int64(50), 'corr_resp': 'c', 'thisN': 135, 'thisTrialN': 3, 'thisRepN': 33}>
877.2917 	DATA 	Keypress: z
877.2965 	EXP 	Fixation_2: autoDraw = False
877.2965 	EXP 	line1_2: autoDraw = False
877.2965 	EXP 	line2_2: autoDraw = False
877.2965 	EXP 	line3_2: autoDraw = False
877.2965 	EXP 	line4_2: autoDraw = False
877.2965 	EXP 	protrianglefixation_2: autoDraw = False
877.2965 	EXP 	Fixation_2: autoDraw = True
877.4193 	EXP 	Device response: <KeyPress from None: t=877.2806774169985, value=z, duration=0.13638395800080616>
878.2838 	EXP 	line1_2: autoDraw = True
878.2838 	EXP 	line2_2: autoDraw = True
878.2838 	EXP 	line3_2: autoDraw = True
878.2838 	EXP 	line4_2: autoDraw = True
878.2910 	EXP 	Fixation_2: autoDraw = False
879.2841 	INFO 	Keyboard events cleared
879.2839 	EXP 	protrianglefixation_2: autoDraw = True
880.5195 	EXP 	Device response: <KeyPress from None: t=880.5162879169984, value=c, duration=None>
880.5201 	EXP 	New trial (rep=34, index=0): <Trial 136 (0 in rep 34) data={'pos': np.int64(-150), 'corr_resp': 'z', 'thisN': 136, 'thisTrialN': 0, 'thisRepN': 34}>
880.5262 	DATA 	Keypress: c
880.5312 	EXP 	Fixation_2: autoDraw = False
880.5312 	EXP 	line1_2: autoDraw = False
880.5312 	EXP 	line2_2: autoDraw = False
880.5312 	EXP 	line3_2: autoDraw = False
880.5312 	EXP 	line4_2: autoDraw = False
880.5312 	EXP 	protrianglefixation_2: autoDraw = False
880.5312 	EXP 	Fixation_2: autoDraw = True
880.6520 	EXP 	Device response: <KeyPress from None: t=880.5162879169984, value=c, duration=0.12758233299973654>
881.5172 	EXP 	line1_2: autoDraw = True
881.5172 	EXP 	line2_2: autoDraw = True
881.5172 	EXP 	line3_2: autoDraw = True
881.5172 	EXP 	line4_2: autoDraw = True
881.5250 	EXP 	Fixation_2: autoDraw = False
882.5173 	INFO 	Keyboard events cleared
882.5171 	EXP 	protrianglefixation_2: autoDraw = True
883.0356 	EXP 	Device response: <KeyPress from None: t=883.0275724169987, value=z, duration=None>
883.0361 	EXP 	New trial (rep=34, index=1): <Trial 137 (1 in rep 34) data={'pos': np.int64(50), 'corr_resp': 'c', 'thisN': 137, 'thisTrialN': 1, 'thisRepN': 34}>
883.0426 	DATA 	Keypress: z
883.0478 	EXP 	Fixation_2: autoDraw = False
883.0478 	EXP 	line1_2: autoDraw = False
883.0478 	EXP 	line2_2: autoDraw = False
883.0478 	EXP 	line3_2: autoDraw = False
883.0478 	EXP 	line4_2: autoDraw = False
883.0478 	EXP 	protrianglefixation_2: autoDraw = False
883.0478 	EXP 	Fixation_2: autoDraw = True
883.1691 	EXP 	Device response: <KeyPress from None: t=883.0275724169987, value=z, duration=0.13229649999993853>
884.0338 	EXP 	line1_2: autoDraw = True
884.0338 	EXP 	line2_2: autoDraw = True
884.0338 	EXP 	line3_2: autoDraw = True
884.0338 	EXP 	line4_2: autoDraw = True
884.0413 	EXP 	Fixation_2: autoDraw = False
885.0340 	INFO 	Keyboard events cleared
885.0338 	EXP 	protrianglefixation_2: autoDraw = True
886.1590 	EXP 	Device response: <KeyPress from None: t=886.1565457919969, value=c, duration=None>
886.1595 	EXP 	New trial (rep=34, index=2): <Trial 138 (2 in rep 34) data={'pos': np.int64(-50), 'corr_resp': 'x', 'thisN': 138, 'thisTrialN': 2, 'thisRepN': 34}>
886.1657 	DATA 	Keypress: c
886.1713 	EXP 	Fixation_2: autoDraw = False
886.1713 	EXP 	line1_2: autoDraw = False
886.1713 	EXP 	line2_2: autoDraw = False
886.1713 	EXP 	line3_2: autoDraw = False
886.1713 	EXP 	line4_2: autoDraw = False
886.1713 	EXP 	protrianglefixation_2: autoDraw = False
886.1713 	EXP 	Fixation_2: autoDraw = True
886.2863 	EXP 	Device response: <KeyPress from None: t=886.1565457919969, value=c, duration=0.12029866600278183>
887.1583 	EXP 	line1_2: autoDraw = True
887.1583 	EXP 	line2_2: autoDraw = True
887.1583 	EXP 	line3_2: autoDraw = True
887.1583 	EXP 	line4_2: autoDraw = True
887.1681 	EXP 	Fixation_2: autoDraw = False
888.1506 	INFO 	Keyboard events cleared
888.1504 	EXP 	protrianglefixation_2: autoDraw = True
888.6093 	EXP 	Device response: <KeyPress from None: t=888.6053849169984, value=x, duration=None>
888.6098 	EXP 	New trial (rep=34, index=3): <Trial 139 (3 in rep 34) data={'pos': np.int64(150), 'corr_resp': 'v', 'thisN': 139, 'thisTrialN': 3, 'thisRepN': 34}>
888.6161 	DATA 	Keypress: x
888.6213 	EXP 	Fixation_2: autoDraw = False
888.6213 	EXP 	line1_2: autoDraw = False
888.6213 	EXP 	line2_2: autoDraw = False
888.6213 	EXP 	line3_2: autoDraw = False
888.6213 	EXP 	line4_2: autoDraw = False
888.6213 	EXP 	protrianglefixation_2: autoDraw = False
888.6213 	EXP 	Fixation_2: autoDraw = True
888.7362 	EXP 	Device response: <KeyPress from None: t=888.6053849169984, value=x, duration=0.12033016599889379>
889.6092 	EXP 	line1_2: autoDraw = True
889.6092 	EXP 	line2_2: autoDraw = True
889.6092 	EXP 	line3_2: autoDraw = True
889.6092 	EXP 	line4_2: autoDraw = True
889.6353 	EXP 	Fixation_2: autoDraw = False
890.6090 	INFO 	Keyboard events cleared
890.6088 	EXP 	protrianglefixation_2: autoDraw = True
891.2522 	EXP 	Device response: <KeyPress from None: t=891.247333416999, value=v, duration=None>
891.2526 	EXP 	New trial (rep=35, index=0): <Trial 140 (0 in rep 35) data={'pos': np.int64(50), 'corr_resp': 'c', 'thisN': 140, 'thisTrialN': 0, 'thisRepN': 35}>
891.2591 	DATA 	Keypress: v
891.2643 	EXP 	Fixation_2: autoDraw = False
891.2643 	EXP 	line1_2: autoDraw = False
891.2643 	EXP 	line2_2: autoDraw = False
891.2643 	EXP 	line3_2: autoDraw = False
891.2643 	EXP 	line4_2: autoDraw = False
891.2643 	EXP 	protrianglefixation_2: autoDraw = False
891.2643 	EXP 	Fixation_2: autoDraw = True
891.3531 	EXP 	Device response: <KeyPress from None: t=891.247333416999, value=v, duration=0.09623787500095204>
892.2511 	EXP 	line1_2: autoDraw = True
892.2511 	EXP 	line2_2: autoDraw = True
892.2511 	EXP 	line3_2: autoDraw = True
892.2511 	EXP 	line4_2: autoDraw = True
892.2583 	EXP 	Fixation_2: autoDraw = False
893.2506 	INFO 	Keyboard events cleared
893.2504 	EXP 	protrianglefixation_2: autoDraw = True
894.0427 	EXP 	Device response: <KeyPress from None: t=894.0351703749984, value=c, duration=None>
894.0432 	EXP 	New trial (rep=35, index=1): <Trial 141 (1 in rep 35) data={'pos': np.int64(-150), 'corr_resp': 'z', 'thisN': 141, 'thisTrialN': 1, 'thisRepN': 35}>
894.0494 	DATA 	Keypress: c
894.0544 	EXP 	Fixation_2: autoDraw = False
894.0544 	EXP 	line1_2: autoDraw = False
894.0544 	EXP 	line2_2: autoDraw = False
894.0544 	EXP 	line3_2: autoDraw = False
894.0544 	EXP 	line4_2: autoDraw = False
894.0544 	EXP 	protrianglefixation_2: autoDraw = False
894.0544 	EXP 	Fixation_2: autoDraw = True
894.1526 	EXP 	Device response: <KeyPress from None: t=894.0351703749984, value=c, duration=0.10839637499884702>
895.0417 	EXP 	line1_2: autoDraw = True
895.0417 	EXP 	line2_2: autoDraw = True
895.0417 	EXP 	line3_2: autoDraw = True
895.0417 	EXP 	line4_2: autoDraw = True
895.0504 	EXP 	Fixation_2: autoDraw = False
896.0420 	INFO 	Keyboard events cleared
896.0419 	EXP 	protrianglefixation_2: autoDraw = True
896.4854 	EXP 	Device response: <KeyPress from None: t=896.4811587499971, value=z, duration=None>
896.4859 	EXP 	New trial (rep=35, index=2): <Trial 142 (2 in rep 35) data={'pos': np.int64(150), 'corr_resp': 'v', 'thisN': 142, 'thisTrialN': 2, 'thisRepN': 35}>
896.4923 	DATA 	Keypress: z
896.4975 	EXP 	Fixation_2: autoDraw = False
896.4975 	EXP 	line1_2: autoDraw = False
896.4975 	EXP 	line2_2: autoDraw = False
896.4975 	EXP 	line3_2: autoDraw = False
896.4975 	EXP 	line4_2: autoDraw = False
896.4975 	EXP 	protrianglefixation_2: autoDraw = False
896.4975 	EXP 	Fixation_2: autoDraw = True
896.6024 	EXP 	Device response: <KeyPress from None: t=896.4811587499971, value=z, duration=0.1163836670020828>
897.4838 	EXP 	line1_2: autoDraw = True
897.4838 	EXP 	line2_2: autoDraw = True
897.4838 	EXP 	line3_2: autoDraw = True
897.4838 	EXP 	line4_2: autoDraw = True
897.4913 	EXP 	Fixation_2: autoDraw = False
898.5023 	INFO 	Keyboard events cleared
898.5020 	EXP 	protrianglefixation_2: autoDraw = True
899.2688 	EXP 	Device response: <KeyPress from None: t=899.2622012079992, value=v, duration=None>
899.2693 	EXP 	New trial (rep=35, index=3): <Trial 143 (3 in rep 35) data={'pos': np.int64(-50), 'corr_resp': 'x', 'thisN': 143, 'thisTrialN': 3, 'thisRepN': 35}>
899.2757 	DATA 	Keypress: v
899.2810 	EXP 	Fixation_2: autoDraw = False
899.2810 	EXP 	line1_2: autoDraw = False
899.2810 	EXP 	line2_2: autoDraw = False
899.2810 	EXP 	line3_2: autoDraw = False
899.2810 	EXP 	line4_2: autoDraw = False
899.2810 	EXP 	protrianglefixation_2: autoDraw = False
899.2810 	EXP 	Fixation_2: autoDraw = True
899.3582 	EXP 	Device response: <KeyPress from None: t=899.2622012079992, value=v, duration=0.09240758399755578>
900.2671 	EXP 	line1_2: autoDraw = True
900.2671 	EXP 	line2_2: autoDraw = True
900.2671 	EXP 	line3_2: autoDraw = True
900.2671 	EXP 	line4_2: autoDraw = True
900.2746 	EXP 	Fixation_2: autoDraw = False
901.2677 	INFO 	Keyboard events cleared
901.2676 	EXP 	protrianglefixation_2: autoDraw = True
901.8019 	EXP 	Device response: <KeyPress from None: t=901.7991029579971, value=x, duration=None>
901.8023 	EXP 	New trial (rep=36, index=0): <Trial 144 (0 in rep 36) data={'pos': np.int64(150), 'corr_resp': 'v', 'thisN': 144, 'thisTrialN': 0, 'thisRepN': 36}>
901.8089 	DATA 	Keypress: x
901.8142 	EXP 	Fixation_2: autoDraw = False
901.8142 	EXP 	line1_2: autoDraw = False
901.8142 	EXP 	line2_2: autoDraw = False
901.8142 	EXP 	line3_2: autoDraw = False
901.8142 	EXP 	line4_2: autoDraw = False
901.8142 	EXP 	protrianglefixation_2: autoDraw = False
901.8142 	EXP 	Fixation_2: autoDraw = True
901.9192 	EXP 	Device response: <KeyPress from None: t=901.7991029579971, value=x, duration=0.11621350000132225>
902.7932 	EXP 	line1_2: autoDraw = True
902.7932 	EXP 	line2_2: autoDraw = True
902.7932 	EXP 	line3_2: autoDraw = True
902.7932 	EXP 	line4_2: autoDraw = True
902.8187 	EXP 	Fixation_2: autoDraw = False
903.8011 	INFO 	Keyboard events cleared
903.8009 	EXP 	protrianglefixation_2: autoDraw = True
904.4536 	EXP 	Device response: <KeyPress from None: t=904.4300689169977, value=v, duration=None>
904.4546 	EXP 	New trial (rep=36, index=1): <Trial 145 (1 in rep 36) data={'pos': np.int64(-50), 'corr_resp': 'x', 'thisN': 145, 'thisTrialN': 1, 'thisRepN': 36}>
904.4620 	DATA 	Keypress: v
904.4683 	EXP 	Fixation_2: autoDraw = False
904.4683 	EXP 	line1_2: autoDraw = False
904.4683 	EXP 	line2_2: autoDraw = False
904.4683 	EXP 	line3_2: autoDraw = False
904.4683 	EXP 	line4_2: autoDraw = False
904.4683 	EXP 	protrianglefixation_2: autoDraw = False
904.4683 	EXP 	Fixation_2: autoDraw = True
904.5368 	EXP 	Device response: <KeyPress from None: t=904.4300689169977, value=v, duration=0.09627800000089337>
905.4504 	EXP 	line1_2: autoDraw = True
905.4504 	EXP 	line2_2: autoDraw = True
905.4504 	EXP 	line3_2: autoDraw = True
905.4504 	EXP 	line4_2: autoDraw = True
905.4678 	EXP 	Fixation_2: autoDraw = False
906.4506 	INFO 	Keyboard events cleared
906.4505 	EXP 	protrianglefixation_2: autoDraw = True
906.8596 	EXP 	Device response: <KeyPress from None: t=906.8560509579984, value=x, duration=None>
906.8601 	EXP 	New trial (rep=36, index=2): <Trial 146 (2 in rep 36) data={'pos': np.int64(50), 'corr_resp': 'c', 'thisN': 146, 'thisTrialN': 2, 'thisRepN': 36}>
906.8662 	DATA 	Keypress: x
906.8713 	EXP 	Fixation_2: autoDraw = False
906.8713 	EXP 	line1_2: autoDraw = False
906.8713 	EXP 	line2_2: autoDraw = False
906.8713 	EXP 	line3_2: autoDraw = False
906.8713 	EXP 	line4_2: autoDraw = False
906.8713 	EXP 	protrianglefixation_2: autoDraw = False
906.8713 	EXP 	Fixation_2: autoDraw = True
907.0100 	EXP 	Device response: <KeyPress from None: t=906.8560509579984, value=x, duration=0.1524634999987029>
907.8591 	EXP 	line1_2: autoDraw = True
907.8591 	EXP 	line2_2: autoDraw = True
907.8591 	EXP 	line3_2: autoDraw = True
907.8591 	EXP 	line4_2: autoDraw = True
907.8670 	EXP 	Fixation_2: autoDraw = False
908.8586 	INFO 	Keyboard events cleared
908.8585 	EXP 	protrianglefixation_2: autoDraw = True
909.2853 	EXP 	Device response: <KeyPress from None: t=909.2838577080001, value=c, duration=None>
909.2859 	EXP 	New trial (rep=36, index=3): <Trial 147 (3 in rep 36) data={'pos': np.int64(-150), 'corr_resp': 'z', 'thisN': 147, 'thisTrialN': 3, 'thisRepN': 36}>
909.2927 	DATA 	Keypress: c
909.2979 	EXP 	Fixation_2: autoDraw = False
909.2979 	EXP 	line1_2: autoDraw = False
909.2979 	EXP 	line2_2: autoDraw = False
909.2979 	EXP 	line3_2: autoDraw = False
909.2979 	EXP 	line4_2: autoDraw = False
909.2979 	EXP 	protrianglefixation_2: autoDraw = False
909.2979 	EXP 	Fixation_2: autoDraw = True
909.4373 	EXP 	Device response: <KeyPress from None: t=909.2838577080001, value=c, duration=0.14842024999961723>
910.2837 	EXP 	line1_2: autoDraw = True
910.2837 	EXP 	line2_2: autoDraw = True
910.2837 	EXP 	line3_2: autoDraw = True
910.2837 	EXP 	line4_2: autoDraw = True
910.2915 	EXP 	Fixation_2: autoDraw = False
911.2839 	INFO 	Keyboard events cleared
911.2837 	EXP 	protrianglefixation_2: autoDraw = True
911.6593 	EXP 	Device response: <KeyPress from None: t=911.6556500419974, value=z, duration=None>
911.6598 	EXP 	New trial (rep=37, index=0): <Trial 148 (0 in rep 37) data={'pos': np.int64(50), 'corr_resp': 'c', 'thisN': 148, 'thisTrialN': 0, 'thisRepN': 37}>
911.6665 	DATA 	Keypress: z
911.6718 	EXP 	Fixation_2: autoDraw = False
911.6718 	EXP 	line1_2: autoDraw = False
911.6718 	EXP 	line2_2: autoDraw = False
911.6718 	EXP 	line3_2: autoDraw = False
911.6718 	EXP 	line4_2: autoDraw = False
911.6718 	EXP 	protrianglefixation_2: autoDraw = False
911.6718 	EXP 	Fixation_2: autoDraw = True
911.7864 	EXP 	Device response: <KeyPress from None: t=911.6556500419974, value=z, duration=0.1195466250028403>
912.6586 	EXP 	line1_2: autoDraw = True
912.6586 	EXP 	line2_2: autoDraw = True
912.6586 	EXP 	line3_2: autoDraw = True
912.6586 	EXP 	line4_2: autoDraw = True
912.6678 	EXP 	Fixation_2: autoDraw = False
913.6581 	INFO 	Keyboard events cleared
913.6579 	EXP 	protrianglefixation_2: autoDraw = True
913.9590 	EXP 	Device response: <KeyPress from None: t=913.9548859999995, value=c, duration=None>
913.9594 	EXP 	New trial (rep=37, index=1): <Trial 149 (1 in rep 37) data={'pos': np.int64(150), 'corr_resp': 'v', 'thisN': 149, 'thisTrialN': 1, 'thisRepN': 37}>
913.9657 	DATA 	Keypress: c
913.9710 	EXP 	Fixation_2: autoDraw = False
913.9710 	EXP 	line1_2: autoDraw = False
913.9710 	EXP 	line2_2: autoDraw = False
913.9710 	EXP 	line3_2: autoDraw = False
913.9710 	EXP 	line4_2: autoDraw = False
913.9710 	EXP 	protrianglefixation_2: autoDraw = False
913.9710 	EXP 	Fixation_2: autoDraw = True
914.0854 	EXP 	Device response: <KeyPress from None: t=913.9548859999995, value=c, duration=0.12819470799877308>
914.9583 	EXP 	line1_2: autoDraw = True
914.9583 	EXP 	line2_2: autoDraw = True
914.9583 	EXP 	line3_2: autoDraw = True
914.9583 	EXP 	line4_2: autoDraw = True
914.9677 	EXP 	Fixation_2: autoDraw = False
915.9588 	INFO 	Keyboard events cleared
915.9586 	EXP 	protrianglefixation_2: autoDraw = True
916.2354 	EXP 	Device response: <KeyPress from None: t=916.2277044579969, value=v, duration=None>
916.2359 	EXP 	New trial (rep=37, index=2): <Trial 150 (2 in rep 37) data={'pos': np.int64(-50), 'corr_resp': 'x', 'thisN': 150, 'thisTrialN': 2, 'thisRepN': 37}>
916.2405 	DATA 	Keypress: v
916.2451 	EXP 	Fixation_2: autoDraw = False
916.2451 	EXP 	line1_2: autoDraw = False
916.2451 	EXP 	line2_2: autoDraw = False
916.2451 	EXP 	line3_2: autoDraw = False
916.2451 	EXP 	line4_2: autoDraw = False
916.2451 	EXP 	protrianglefixation_2: autoDraw = False
916.2451 	EXP 	Fixation_2: autoDraw = True
916.3704 	EXP 	Device response: <KeyPress from None: t=916.2277044579969, value=v, duration=0.14042595900173183>
917.2337 	EXP 	line1_2: autoDraw = True
917.2337 	EXP 	line2_2: autoDraw = True
917.2337 	EXP 	line3_2: autoDraw = True
917.2337 	EXP 	line4_2: autoDraw = True
917.2413 	EXP 	Fixation_2: autoDraw = False
918.2340 	INFO 	Keyboard events cleared
918.2338 	EXP 	protrianglefixation_2: autoDraw = True
918.5260 	EXP 	Device response: <KeyPress from None: t=918.520759957999, value=x, duration=None>
918.5266 	EXP 	New trial (rep=37, index=3): <Trial 151 (3 in rep 37) data={'pos': np.int64(-150), 'corr_resp': 'z', 'thisN': 151, 'thisTrialN': 3, 'thisRepN': 37}>
918.5320 	DATA 	Keypress: x
918.5372 	EXP 	Fixation_2: autoDraw = False
918.5372 	EXP 	line1_2: autoDraw = False
918.5372 	EXP 	line2_2: autoDraw = False
918.5372 	EXP 	line3_2: autoDraw = False
918.5372 	EXP 	line4_2: autoDraw = False
918.5372 	EXP 	protrianglefixation_2: autoDraw = False
918.5372 	EXP 	Fixation_2: autoDraw = True
918.6533 	EXP 	Device response: <KeyPress from None: t=918.520759957999, value=x, duration=0.12432441700002528>
919.5258 	EXP 	line1_2: autoDraw = True
919.5258 	EXP 	line2_2: autoDraw = True
919.5258 	EXP 	line3_2: autoDraw = True
919.5258 	EXP 	line4_2: autoDraw = True
919.5519 	EXP 	Fixation_2: autoDraw = False
920.5254 	INFO 	Keyboard events cleared
920.5252 	EXP 	protrianglefixation_2: autoDraw = True
920.8188 	EXP 	Device response: <KeyPress from None: t=920.8146992080001, value=z, duration=None>
920.8192 	EXP 	New trial (rep=38, index=0): <Trial 152 (0 in rep 38) data={'pos': np.int64(-50), 'corr_resp': 'x', 'thisN': 152, 'thisTrialN': 0, 'thisRepN': 38}>
920.8232 	DATA 	Keypress: z
920.8277 	EXP 	Fixation_2: autoDraw = False
920.8277 	EXP 	line1_2: autoDraw = False
920.8277 	EXP 	line2_2: autoDraw = False
920.8277 	EXP 	line3_2: autoDraw = False
920.8277 	EXP 	line4_2: autoDraw = False
920.8277 	EXP 	protrianglefixation_2: autoDraw = False
920.8277 	EXP 	Fixation_2: autoDraw = True
920.9409 	EXP 	Device response: <KeyPress from None: t=920.8146992080001, value=z, duration=0.12424362499950803>
921.8173 	EXP 	line1_2: autoDraw = True
921.8173 	EXP 	line2_2: autoDraw = True
921.8173 	EXP 	line3_2: autoDraw = True
921.8173 	EXP 	line4_2: autoDraw = True
921.8249 	EXP 	Fixation_2: autoDraw = False
922.8172 	INFO 	Keyboard events cleared
922.8171 	EXP 	protrianglefixation_2: autoDraw = True
923.3021 	EXP 	Device response: <KeyPress from None: t=923.2915386249988, value=x, duration=None>
923.3025 	EXP 	New trial (rep=38, index=1): <Trial 153 (1 in rep 38) data={'pos': np.int64(50), 'corr_resp': 'c', 'thisN': 153, 'thisTrialN': 1, 'thisRepN': 38}>
923.3068 	DATA 	Keypress: x
923.3113 	EXP 	Fixation_2: autoDraw = False
923.3113 	EXP 	line1_2: autoDraw = False
923.3113 	EXP 	line2_2: autoDraw = False
923.3113 	EXP 	line3_2: autoDraw = False
923.3113 	EXP 	line4_2: autoDraw = False
923.3113 	EXP 	protrianglefixation_2: autoDraw = False
923.3113 	EXP 	Fixation_2: autoDraw = True
923.4530 	EXP 	Device response: <KeyPress from None: t=923.2915386249988, value=x, duration=0.15641045799929998>
924.3006 	EXP 	line1_2: autoDraw = True
924.3006 	EXP 	line2_2: autoDraw = True
924.3006 	EXP 	line3_2: autoDraw = True
924.3006 	EXP 	line4_2: autoDraw = True
924.3079 	EXP 	Fixation_2: autoDraw = False
925.3006 	INFO 	Keyboard events cleared
925.3004 	EXP 	protrianglefixation_2: autoDraw = True
925.6681 	EXP 	Device response: <KeyPress from None: t=925.6665424169987, value=c, duration=None>
925.6686 	EXP 	New trial (rep=38, index=2): <Trial 154 (2 in rep 38) data={'pos': np.int64(150), 'corr_resp': 'v', 'thisN': 154, 'thisTrialN': 2, 'thisRepN': 38}>
925.6733 	DATA 	Keypress: c
925.6783 	EXP 	Fixation_2: autoDraw = False
925.6783 	EXP 	line1_2: autoDraw = False
925.6783 	EXP 	line2_2: autoDraw = False
925.6783 	EXP 	line3_2: autoDraw = False
925.6783 	EXP 	line4_2: autoDraw = False
925.6783 	EXP 	protrianglefixation_2: autoDraw = False
925.6783 	EXP 	Fixation_2: autoDraw = True
925.8363 	EXP 	Device response: <KeyPress from None: t=925.6665424169987, value=c, duration=0.16434033299810835>
926.6670 	EXP 	line1_2: autoDraw = True
926.6670 	EXP 	line2_2: autoDraw = True
926.6670 	EXP 	line3_2: autoDraw = True
926.6670 	EXP 	line4_2: autoDraw = True
926.6749 	EXP 	Fixation_2: autoDraw = False
927.6583 	INFO 	Keyboard events cleared
927.6581 	EXP 	protrianglefixation_2: autoDraw = True
928.1088 	EXP 	Device response: <KeyPress from None: t=928.1075381249975, value=v, duration=None>
928.1092 	EXP 	New trial (rep=38, index=3): <Trial 155 (3 in rep 38) data={'pos': np.int64(-150), 'corr_resp': 'z', 'thisN': 155, 'thisTrialN': 3, 'thisRepN': 38}>
928.1138 	DATA 	Keypress: v
928.1354 	EXP 	Fixation_2: autoDraw = False
928.1354 	EXP 	line1_2: autoDraw = False
928.1354 	EXP 	line2_2: autoDraw = False
928.1354 	EXP 	line3_2: autoDraw = False
928.1354 	EXP 	line4_2: autoDraw = False
928.1354 	EXP 	protrianglefixation_2: autoDraw = False
928.1354 	EXP 	Fixation_2: autoDraw = True
928.2690 	EXP 	Device response: <KeyPress from None: t=928.1075381249975, value=v, duration=0.15616195800248533>
929.1003 	EXP 	line1_2: autoDraw = True
929.1003 	EXP 	line2_2: autoDraw = True
929.1003 	EXP 	line3_2: autoDraw = True
929.1003 	EXP 	line4_2: autoDraw = True
929.1337 	EXP 	Fixation_2: autoDraw = False
930.1085 	INFO 	Keyboard events cleared
930.1083 	EXP 	protrianglefixation_2: autoDraw = True
930.4924 	EXP 	Device response: <KeyPress from None: t=930.4844289579996, value=z, duration=None>
930.4929 	EXP 	New trial (rep=39, index=0): <Trial 156 (0 in rep 39) data={'pos': np.int64(-50), 'corr_resp': 'x', 'thisN': 156, 'thisTrialN': 0, 'thisRepN': 39}>
930.4976 	DATA 	Keypress: z
930.5186 	EXP 	Fixation_2: autoDraw = False
930.5186 	EXP 	line1_2: autoDraw = False
930.5186 	EXP 	line2_2: autoDraw = False
930.5186 	EXP 	line3_2: autoDraw = False
930.5186 	EXP 	line4_2: autoDraw = False
930.5186 	EXP 	protrianglefixation_2: autoDraw = False
930.5186 	EXP 	Fixation_2: autoDraw = True
930.6202 	EXP 	Device response: <KeyPress from None: t=930.4844289579996, value=z, duration=0.13237287499941885>
931.4919 	EXP 	line1_2: autoDraw = True
931.4919 	EXP 	line2_2: autoDraw = True
931.4919 	EXP 	line3_2: autoDraw = True
931.4919 	EXP 	line4_2: autoDraw = True
931.5172 	EXP 	Fixation_2: autoDraw = False
932.4917 	INFO 	Keyboard events cleared
932.4915 	EXP 	protrianglefixation_2: autoDraw = True
932.8756 	EXP 	Device response: <KeyPress from None: t=932.8723940419986, value=x, duration=None>
932.8760 	EXP 	New trial (rep=39, index=1): <Trial 157 (1 in rep 39) data={'pos': np.int64(50), 'corr_resp': 'c', 'thisN': 157, 'thisTrialN': 1, 'thisRepN': 39}>
932.8808 	DATA 	Keypress: x
932.8871 	EXP 	Fixation_2: autoDraw = False
932.8871 	EXP 	line1_2: autoDraw = False
932.8871 	EXP 	line2_2: autoDraw = False
932.8871 	EXP 	line3_2: autoDraw = False
932.8871 	EXP 	line4_2: autoDraw = False
932.8871 	EXP 	protrianglefixation_2: autoDraw = False
932.8871 	EXP 	Fixation_2: autoDraw = True
933.0188 	EXP 	Device response: <KeyPress from None: t=932.8723940419986, value=x, duration=0.1443033329996979>
933.8672 	EXP 	line1_2: autoDraw = True
933.8672 	EXP 	line2_2: autoDraw = True
933.8672 	EXP 	line3_2: autoDraw = True
933.8672 	EXP 	line4_2: autoDraw = True
933.8838 	EXP 	Fixation_2: autoDraw = False
934.8753 	INFO 	Keyboard events cleared
934.8752 	EXP 	protrianglefixation_2: autoDraw = True
935.3016 	EXP 	Device response: <KeyPress from None: t=935.2922660829972, value=c, duration=None>
935.3021 	EXP 	New trial (rep=39, index=2): <Trial 158 (2 in rep 39) data={'pos': np.int64(-150), 'corr_resp': 'z', 'thisN': 158, 'thisTrialN': 2, 'thisRepN': 39}>
935.3073 	DATA 	Keypress: c
935.3123 	EXP 	Fixation_2: autoDraw = False
935.3123 	EXP 	line1_2: autoDraw = False
935.3123 	EXP 	line2_2: autoDraw = False
935.3123 	EXP 	line3_2: autoDraw = False
935.3123 	EXP 	line4_2: autoDraw = False
935.3123 	EXP 	protrianglefixation_2: autoDraw = False
935.3123 	EXP 	Fixation_2: autoDraw = True
935.4351 	EXP 	Device response: <KeyPress from None: t=935.2922660829972, value=c, duration=0.1403963750017283>
936.3009 	EXP 	line1_2: autoDraw = True
936.3009 	EXP 	line2_2: autoDraw = True
936.3009 	EXP 	line3_2: autoDraw = True
936.3009 	EXP 	line4_2: autoDraw = True
936.3082 	EXP 	Fixation_2: autoDraw = False
937.3005 	INFO 	Keyboard events cleared
937.3003 	EXP 	protrianglefixation_2: autoDraw = True
937.8421 	EXP 	Device response: <KeyPress from None: t=937.8402954169978, value=z, duration=None>
937.8425 	EXP 	New trial (rep=39, index=3): <Trial 159 (3 in rep 39) data={'pos': np.int64(150), 'corr_resp': 'v', 'thisN': 159, 'thisTrialN': 3, 'thisRepN': 39}>
937.8472 	DATA 	Keypress: z
937.8682 	EXP 	Fixation_2: autoDraw = False
937.8682 	EXP 	line1_2: autoDraw = False
937.8682 	EXP 	line2_2: autoDraw = False
937.8682 	EXP 	line3_2: autoDraw = False
937.8682 	EXP 	line4_2: autoDraw = False
937.8682 	EXP 	protrianglefixation_2: autoDraw = False
937.8682 	EXP 	Fixation_2: autoDraw = True
938.0030 	EXP 	Device response: <KeyPress from None: t=937.8402954169978, value=z, duration=0.16033970799981034>
938.8419 	EXP 	line1_2: autoDraw = True
938.8419 	EXP 	line2_2: autoDraw = True
938.8419 	EXP 	line3_2: autoDraw = True
938.8419 	EXP 	line4_2: autoDraw = True
938.8671 	EXP 	Fixation_2: autoDraw = False
939.8344 	INFO 	Keyboard events cleared
939.8342 	EXP 	protrianglefixation_2: autoDraw = True
940.5850 	EXP 	Device response: <KeyPress from None: t=940.5822225829979, value=v, duration=None>
940.5855 	EXP 	New trial (rep=40, index=0): <Trial 160 (0 in rep 40) data={'pos': np.int64(50), 'corr_resp': 'c', 'thisN': 160, 'thisTrialN': 0, 'thisRepN': 40}>
940.5907 	DATA 	Keypress: v
940.5958 	EXP 	Fixation_2: autoDraw = False
940.5958 	EXP 	line1_2: autoDraw = False
940.5958 	EXP 	line2_2: autoDraw = False
940.5958 	EXP 	line3_2: autoDraw = False
940.5958 	EXP 	line4_2: autoDraw = False
940.5958 	EXP 	protrianglefixation_2: autoDraw = False
940.5958 	EXP 	Fixation_2: autoDraw = True
940.7262 	EXP 	Device response: <KeyPress from None: t=940.5822225829979, value=v, duration=0.14028541700099595>
941.5837 	EXP 	line1_2: autoDraw = True
941.5837 	EXP 	line2_2: autoDraw = True
941.5837 	EXP 	line3_2: autoDraw = True
941.5837 	EXP 	line4_2: autoDraw = True
941.5913 	EXP 	Fixation_2: autoDraw = False
942.5854 	INFO 	Keyboard events cleared
942.5852 	EXP 	protrianglefixation_2: autoDraw = True
943.1256 	EXP 	Device response: <KeyPress from None: t=943.1181924999983, value=c, duration=None>
943.1261 	EXP 	New trial (rep=40, index=1): <Trial 161 (1 in rep 40) data={'pos': np.int64(-50), 'corr_resp': 'x', 'thisN': 161, 'thisTrialN': 1, 'thisRepN': 40}>
943.1308 	DATA 	Keypress: c
943.1520 	EXP 	Fixation_2: autoDraw = False
943.1520 	EXP 	line1_2: autoDraw = False
943.1520 	EXP 	line2_2: autoDraw = False
943.1520 	EXP 	line3_2: autoDraw = False
943.1520 	EXP 	line4_2: autoDraw = False
943.1520 	EXP 	protrianglefixation_2: autoDraw = False
943.1520 	EXP 	Fixation_2: autoDraw = True
943.2696 	EXP 	Device response: <KeyPress from None: t=943.1181924999983, value=c, duration=0.1486217919991759>
944.1175 	EXP 	line1_2: autoDraw = True
944.1175 	EXP 	line2_2: autoDraw = True
944.1175 	EXP 	line3_2: autoDraw = True
944.1175 	EXP 	line4_2: autoDraw = True
944.1504 	EXP 	Fixation_2: autoDraw = False
945.1252 	INFO 	Keyboard events cleared
945.1251 	EXP 	protrianglefixation_2: autoDraw = True
945.9522 	EXP 	Device response: <KeyPress from None: t=945.9509517919978, value=x, duration=None>
945.9528 	EXP 	New trial (rep=40, index=2): <Trial 162 (2 in rep 40) data={'pos': np.int64(150), 'corr_resp': 'v', 'thisN': 162, 'thisTrialN': 2, 'thisRepN': 40}>
945.9595 	DATA 	Keypress: x
945.9648 	EXP 	Fixation_2: autoDraw = False
945.9648 	EXP 	line1_2: autoDraw = False
945.9648 	EXP 	line2_2: autoDraw = False
945.9648 	EXP 	line3_2: autoDraw = False
945.9648 	EXP 	line4_2: autoDraw = False
945.9648 	EXP 	protrianglefixation_2: autoDraw = False
945.9648 	EXP 	Fixation_2: autoDraw = True
946.0865 	EXP 	Device response: <KeyPress from None: t=945.9509517919978, value=x, duration=0.13242712500141351>
946.9504 	EXP 	line1_2: autoDraw = True
946.9504 	EXP 	line2_2: autoDraw = True
946.9504 	EXP 	line3_2: autoDraw = True
946.9504 	EXP 	line4_2: autoDraw = True
946.9575 	EXP 	Fixation_2: autoDraw = False
947.9510 	INFO 	Keyboard events cleared
947.9509 	EXP 	protrianglefixation_2: autoDraw = True
948.9034 	EXP 	Device response: <KeyPress from None: t=948.8880930829982, value=v, duration=None>
948.9044 	EXP 	New trial (rep=40, index=3): <Trial 163 (3 in rep 40) data={'pos': np.int64(-150), 'corr_resp': 'z', 'thisN': 163, 'thisTrialN': 3, 'thisRepN': 40}>
948.9108 	DATA 	Keypress: v
948.9171 	EXP 	Fixation_2: autoDraw = False
948.9171 	EXP 	line1_2: autoDraw = False
948.9171 	EXP 	line2_2: autoDraw = False
948.9171 	EXP 	line3_2: autoDraw = False
948.9171 	EXP 	line4_2: autoDraw = False
948.9171 	EXP 	protrianglefixation_2: autoDraw = False
948.9171 	EXP 	Fixation_2: autoDraw = True
948.9861 	EXP 	Device response: <KeyPress from None: t=948.8880930829982, value=v, duration=0.09613491699929>
949.9011 	EXP 	line1_2: autoDraw = True
949.9011 	EXP 	line2_2: autoDraw = True
949.9011 	EXP 	line3_2: autoDraw = True
949.9011 	EXP 	line4_2: autoDraw = True
949.9077 	EXP 	Fixation_2: autoDraw = False
950.9012 	INFO 	Keyboard events cleared
950.9011 	EXP 	protrianglefixation_2: autoDraw = True
951.4259 	EXP 	Device response: <KeyPress from None: t=951.4209672079996, value=z, duration=None>
951.4264 	EXP 	New trial (rep=41, index=0): <Trial 164 (0 in rep 41) data={'pos': np.int64(-50), 'corr_resp': 'x', 'thisN': 164, 'thisTrialN': 0, 'thisRepN': 41}>
951.4325 	DATA 	Keypress: z
951.4377 	EXP 	Fixation_2: autoDraw = False
951.4377 	EXP 	line1_2: autoDraw = False
951.4377 	EXP 	line2_2: autoDraw = False
951.4377 	EXP 	line3_2: autoDraw = False
951.4377 	EXP 	line4_2: autoDraw = False
951.4377 	EXP 	protrianglefixation_2: autoDraw = False
951.4377 	EXP 	Fixation_2: autoDraw = True
951.5419 	EXP 	Device response: <KeyPress from None: t=951.4209672079996, value=z, duration=0.11638708399914321>
952.4244 	EXP 	line1_2: autoDraw = True
952.4244 	EXP 	line2_2: autoDraw = True
952.4244 	EXP 	line3_2: autoDraw = True
952.4244 	EXP 	line4_2: autoDraw = True
952.4338 	EXP 	Fixation_2: autoDraw = False
953.4254 	INFO 	Keyboard events cleared
953.4253 	EXP 	protrianglefixation_2: autoDraw = True
954.0925 	EXP 	Device response: <KeyPress from None: t=954.0908974999984, value=x, duration=None>
954.0930 	EXP 	New trial (rep=41, index=1): <Trial 165 (1 in rep 41) data={'pos': np.int64(150), 'corr_resp': 'v', 'thisN': 165, 'thisTrialN': 1, 'thisRepN': 41}>
954.0990 	DATA 	Keypress: x
954.1043 	EXP 	Fixation_2: autoDraw = False
954.1043 	EXP 	line1_2: autoDraw = False
954.1043 	EXP 	line2_2: autoDraw = False
954.1043 	EXP 	line3_2: autoDraw = False
954.1043 	EXP 	line4_2: autoDraw = False
954.1043 	EXP 	protrianglefixation_2: autoDraw = False
954.1043 	EXP 	Fixation_2: autoDraw = True
954.2193 	EXP 	Device response: <KeyPress from None: t=954.0908974999984, value=x, duration=0.12428062500111992>
955.0837 	EXP 	line1_2: autoDraw = True
955.0837 	EXP 	line2_2: autoDraw = True
955.0837 	EXP 	line3_2: autoDraw = True
955.0837 	EXP 	line4_2: autoDraw = True
955.1004 	EXP 	Fixation_2: autoDraw = False
956.0929 	INFO 	Keyboard events cleared
956.0927 	EXP 	protrianglefixation_2: autoDraw = True
957.1693 	EXP 	Device response: <KeyPress from None: t=957.1598513329991, value=v, duration=None>
957.1703 	EXP 	New trial (rep=41, index=2): <Trial 166 (2 in rep 41) data={'pos': np.int64(-150), 'corr_resp': 'z', 'thisN': 166, 'thisTrialN': 2, 'thisRepN': 41}>
957.1770 	DATA 	Keypress: v
957.1822 	EXP 	Fixation_2: autoDraw = False
957.1822 	EXP 	line1_2: autoDraw = False
957.1822 	EXP 	line2_2: autoDraw = False
957.1822 	EXP 	line3_2: autoDraw = False
957.1822 	EXP 	line4_2: autoDraw = False
957.1822 	EXP 	protrianglefixation_2: autoDraw = False
957.1822 	EXP 	Fixation_2: autoDraw = True
957.2860 	EXP 	Device response: <KeyPress from None: t=957.1598513329991, value=v, duration=0.12418770899967058>
958.1671 	EXP 	line1_2: autoDraw = True
958.1671 	EXP 	line2_2: autoDraw = True
958.1671 	EXP 	line3_2: autoDraw = True
958.1671 	EXP 	line4_2: autoDraw = True
958.1742 	EXP 	Fixation_2: autoDraw = False
959.1854 	INFO 	Keyboard events cleared
959.1852 	EXP 	protrianglefixation_2: autoDraw = True
959.7268 	EXP 	Device response: <KeyPress from None: t=959.7207869999984, value=z, duration=None>
959.7273 	EXP 	New trial (rep=41, index=3): <Trial 167 (3 in rep 41) data={'pos': np.int64(50), 'corr_resp': 'c', 'thisN': 167, 'thisTrialN': 3, 'thisRepN': 41}>
959.7331 	DATA 	Keypress: z
959.7378 	EXP 	Fixation_2: autoDraw = False
959.7378 	EXP 	line1_2: autoDraw = False
959.7378 	EXP 	line2_2: autoDraw = False
959.7378 	EXP 	line3_2: autoDraw = False
959.7378 	EXP 	line4_2: autoDraw = False
959.7378 	EXP 	protrianglefixation_2: autoDraw = False
959.7378 	EXP 	Fixation_2: autoDraw = True
959.8354 	EXP 	Device response: <KeyPress from None: t=959.7207869999984, value=z, duration=0.11219891699875006>
960.7251 	EXP 	line1_2: autoDraw = True
960.7251 	EXP 	line2_2: autoDraw = True
960.7251 	EXP 	line3_2: autoDraw = True
960.7251 	EXP 	line4_2: autoDraw = True
960.7345 	EXP 	Fixation_2: autoDraw = False
961.7255 	INFO 	Keyboard events cleared
961.7254 	EXP 	protrianglefixation_2: autoDraw = True
962.2370 	EXP 	Device response: <KeyPress from None: t=962.2336505419989, value=c, duration=None>
962.2379 	EXP 	New trial (rep=42, index=0): <Trial 168 (0 in rep 42) data={'pos': np.int64(-50), 'corr_resp': 'x', 'thisN': 168, 'thisTrialN': 0, 'thisRepN': 42}>
962.2445 	DATA 	Keypress: c
962.2499 	EXP 	Fixation_2: autoDraw = False
962.2499 	EXP 	line1_2: autoDraw = False
962.2499 	EXP 	line2_2: autoDraw = False
962.2499 	EXP 	line3_2: autoDraw = False
962.2499 	EXP 	line4_2: autoDraw = False
962.2499 	EXP 	protrianglefixation_2: autoDraw = False
962.2499 	EXP 	Fixation_2: autoDraw = True
962.3858 	EXP 	Device response: <KeyPress from None: t=962.2336505419989, value=c, duration=0.1443852499978675>
963.2337 	EXP 	line1_2: autoDraw = True
963.2337 	EXP 	line2_2: autoDraw = True
963.2337 	EXP 	line3_2: autoDraw = True
963.2337 	EXP 	line4_2: autoDraw = True
963.2413 	EXP 	Fixation_2: autoDraw = False
964.2338 	INFO 	Keyboard events cleared
964.2336 	EXP 	protrianglefixation_2: autoDraw = True
964.6849 	EXP 	Device response: <KeyPress from None: t=964.6796426250003, value=x, duration=None>
964.6854 	EXP 	New trial (rep=42, index=1): <Trial 169 (1 in rep 42) data={'pos': np.int64(150), 'corr_resp': 'v', 'thisN': 169, 'thisTrialN': 1, 'thisRepN': 42}>
964.6914 	DATA 	Keypress: x
964.6965 	EXP 	Fixation_2: autoDraw = False
964.6965 	EXP 	line1_2: autoDraw = False
964.6965 	EXP 	line2_2: autoDraw = False
964.6965 	EXP 	line3_2: autoDraw = False
964.6965 	EXP 	line4_2: autoDraw = False
964.6965 	EXP 	protrianglefixation_2: autoDraw = False
964.6965 	EXP 	Fixation_2: autoDraw = True
964.8193 	EXP 	Device response: <KeyPress from None: t=964.6796426250003, value=x, duration=0.13632487499853596>
965.6747 	EXP 	line1_2: autoDraw = True
965.6747 	EXP 	line2_2: autoDraw = True
965.6747 	EXP 	line3_2: autoDraw = True
965.6747 	EXP 	line4_2: autoDraw = True
965.6910 	EXP 	Fixation_2: autoDraw = False
966.6756 	INFO 	Keyboard events cleared
966.6754 	EXP 	protrianglefixation_2: autoDraw = True
967.5592 	EXP 	Device response: <KeyPress from None: t=967.5575990420002, value=v, duration=None>
967.5598 	EXP 	New trial (rep=42, index=2): <Trial 170 (2 in rep 42) data={'pos': np.int64(50), 'corr_resp': 'c', 'thisN': 170, 'thisTrialN': 2, 'thisRepN': 42}>
967.5657 	DATA 	Keypress: v
967.5713 	EXP 	Fixation_2: autoDraw = False
967.5713 	EXP 	line1_2: autoDraw = False
967.5713 	EXP 	line2_2: autoDraw = False
967.5713 	EXP 	line3_2: autoDraw = False
967.5713 	EXP 	line4_2: autoDraw = False
967.5713 	EXP 	protrianglefixation_2: autoDraw = False
967.5713 	EXP 	Fixation_2: autoDraw = True
967.7190 	EXP 	Device response: <KeyPress from None: t=967.5575990420002, value=v, duration=0.15622729099777644>
968.5581 	EXP 	line1_2: autoDraw = True
968.5581 	EXP 	line2_2: autoDraw = True
968.5581 	EXP 	line3_2: autoDraw = True
968.5581 	EXP 	line4_2: autoDraw = True
968.5671 	EXP 	Fixation_2: autoDraw = False
969.5589 	INFO 	Keyboard events cleared
969.5587 	EXP 	protrianglefixation_2: autoDraw = True
970.2091 	EXP 	Device response: <KeyPress from None: t=970.2011877499972, value=c, duration=None>
970.2096 	EXP 	New trial (rep=42, index=3): <Trial 171 (3 in rep 42) data={'pos': np.int64(-150), 'corr_resp': 'z', 'thisN': 171, 'thisTrialN': 3, 'thisRepN': 42}>
970.2156 	DATA 	Keypress: c
970.2212 	EXP 	Fixation_2: autoDraw = False
970.2212 	EXP 	line1_2: autoDraw = False
970.2212 	EXP 	line2_2: autoDraw = False
970.2212 	EXP 	line3_2: autoDraw = False
970.2212 	EXP 	line4_2: autoDraw = False
970.2212 	EXP 	protrianglefixation_2: autoDraw = False
970.2212 	EXP 	Fixation_2: autoDraw = True
970.3857 	EXP 	Device response: <KeyPress from None: t=970.2011877499972, value=c, duration=0.17566558300313773>
971.2085 	EXP 	line1_2: autoDraw = True
971.2085 	EXP 	line2_2: autoDraw = True
971.2085 	EXP 	line3_2: autoDraw = True
971.2085 	EXP 	line4_2: autoDraw = True
971.2171 	EXP 	Fixation_2: autoDraw = False
972.2088 	INFO 	Keyboard events cleared
972.2086 	EXP 	protrianglefixation_2: autoDraw = True
972.8520 	EXP 	Device response: <KeyPress from None: t=972.8474698329992, value=z, duration=None>
972.8525 	EXP 	New trial (rep=43, index=0): <Trial 172 (0 in rep 43) data={'pos': np.int64(-150), 'corr_resp': 'z', 'thisN': 172, 'thisTrialN': 0, 'thisRepN': 43}>
972.8583 	DATA 	Keypress: z
972.8633 	EXP 	Fixation_2: autoDraw = False
972.8633 	EXP 	line1_2: autoDraw = False
972.8633 	EXP 	line2_2: autoDraw = False
972.8633 	EXP 	line3_2: autoDraw = False
972.8633 	EXP 	line4_2: autoDraw = False
972.8633 	EXP 	protrianglefixation_2: autoDraw = False
972.8633 	EXP 	Fixation_2: autoDraw = True
972.9856 	EXP 	Device response: <KeyPress from None: t=972.8474698329992, value=z, duration=0.13627145899954485>
973.8428 	EXP 	line1_2: autoDraw = True
973.8428 	EXP 	line2_2: autoDraw = True
973.8428 	EXP 	line3_2: autoDraw = True
973.8428 	EXP 	line4_2: autoDraw = True
973.8591 	EXP 	Fixation_2: autoDraw = False
974.8505 	INFO 	Keyboard events cleared
974.8503 	EXP 	protrianglefixation_2: autoDraw = True
975.3357 	EXP 	Device response: <KeyPress from None: t=975.3314541250002, value=z, duration=None>
975.3361 	EXP 	New trial (rep=43, index=1): <Trial 173 (1 in rep 43) data={'pos': np.int64(50), 'corr_resp': 'c', 'thisN': 173, 'thisTrialN': 1, 'thisRepN': 43}>
975.3394 	DATA 	Keypress: z
975.3439 	EXP 	Fixation_2: autoDraw = False
975.3439 	EXP 	line1_2: autoDraw = False
975.3439 	EXP 	line2_2: autoDraw = False
975.3439 	EXP 	line3_2: autoDraw = False
975.3439 	EXP 	line4_2: autoDraw = False
975.3439 	EXP 	protrianglefixation_2: autoDraw = False
975.3439 	EXP 	Fixation_2: autoDraw = True
975.5027 	EXP 	Device response: <KeyPress from None: t=975.3314541250002, value=z, duration=0.16825349999999162>
976.3336 	EXP 	line1_2: autoDraw = True
976.3336 	EXP 	line2_2: autoDraw = True
976.3336 	EXP 	line3_2: autoDraw = True
976.3336 	EXP 	line4_2: autoDraw = True
976.3409 	EXP 	Fixation_2: autoDraw = False
977.3354 	INFO 	Keyboard events cleared
977.3352 	EXP 	protrianglefixation_2: autoDraw = True
978.5593 	EXP 	Device response: <KeyPress from None: t=978.5522507499991, value=c, duration=None>
978.5598 	EXP 	New trial (rep=43, index=2): <Trial 174 (2 in rep 43) data={'pos': np.int64(-50), 'corr_resp': 'x', 'thisN': 174, 'thisTrialN': 2, 'thisRepN': 43}>
978.5653 	DATA 	Keypress: c
978.5707 	EXP 	Fixation_2: autoDraw = False
978.5707 	EXP 	line1_2: autoDraw = False
978.5707 	EXP 	line2_2: autoDraw = False
978.5707 	EXP 	line3_2: autoDraw = False
978.5707 	EXP 	line4_2: autoDraw = False
978.5707 	EXP 	protrianglefixation_2: autoDraw = False
978.5707 	EXP 	Fixation_2: autoDraw = True
978.7024 	EXP 	Device response: <KeyPress from None: t=978.5522507499991, value=c, duration=0.14039020799827995>
979.5593 	EXP 	line1_2: autoDraw = True
979.5593 	EXP 	line2_2: autoDraw = True
979.5593 	EXP 	line3_2: autoDraw = True
979.5593 	EXP 	line4_2: autoDraw = True
979.5854 	EXP 	Fixation_2: autoDraw = False
980.5504 	INFO 	Keyboard events cleared
980.5502 	EXP 	protrianglefixation_2: autoDraw = True
981.4260 	EXP 	Device response: <KeyPress from None: t=981.4191497079992, value=x, duration=None>
981.4265 	EXP 	New trial (rep=43, index=3): <Trial 175 (3 in rep 43) data={'pos': np.int64(150), 'corr_resp': 'v', 'thisN': 175, 'thisTrialN': 3, 'thisRepN': 43}>
981.4321 	DATA 	Keypress: x
981.4377 	EXP 	Fixation_2: autoDraw = False
981.4377 	EXP 	line1_2: autoDraw = False
981.4377 	EXP 	line2_2: autoDraw = False
981.4377 	EXP 	line3_2: autoDraw = False
981.4377 	EXP 	line4_2: autoDraw = False
981.4377 	EXP 	protrianglefixation_2: autoDraw = False
981.4377 	EXP 	Fixation_2: autoDraw = True
981.5749 	EXP 	Device response: <KeyPress from None: t=981.4191497079992, value=x, duration=0.14835875000062515>
982.4250 	EXP 	line1_2: autoDraw = True
982.4250 	EXP 	line2_2: autoDraw = True
982.4250 	EXP 	line3_2: autoDraw = True
982.4250 	EXP 	line4_2: autoDraw = True
982.4342 	EXP 	Fixation_2: autoDraw = False
983.4252 	INFO 	Keyboard events cleared
983.4250 	EXP 	protrianglefixation_2: autoDraw = True
984.2924 	EXP 	Device response: <KeyPress from None: t=984.2850934169983, value=v, duration=None>
984.2928 	EXP 	New trial (rep=44, index=0): <Trial 176 (0 in rep 44) data={'pos': np.int64(50), 'corr_resp': 'c', 'thisN': 176, 'thisTrialN': 0, 'thisRepN': 44}>
984.2984 	DATA 	Keypress: v
984.3043 	EXP 	Fixation_2: autoDraw = False
984.3043 	EXP 	line1_2: autoDraw = False
984.3043 	EXP 	line2_2: autoDraw = False
984.3043 	EXP 	line3_2: autoDraw = False
984.3043 	EXP 	line4_2: autoDraw = False
984.3043 	EXP 	protrianglefixation_2: autoDraw = False
984.3043 	EXP 	Fixation_2: autoDraw = True
984.4251 	EXP 	Device response: <KeyPress from None: t=984.2850934169983, value=v, duration=0.1373708329992951>
985.2917 	EXP 	line1_2: autoDraw = True
985.2917 	EXP 	line2_2: autoDraw = True
985.2917 	EXP 	line3_2: autoDraw = True
985.2917 	EXP 	line4_2: autoDraw = True
985.3010 	EXP 	Fixation_2: autoDraw = False
986.2921 	INFO 	Keyboard events cleared
986.2919 	EXP 	protrianglefixation_2: autoDraw = True
987.1689 	EXP 	Device response: <KeyPress from None: t=987.1590630419996, value=c, duration=None>
987.1695 	EXP 	New trial (rep=44, index=1): <Trial 177 (1 in rep 44) data={'pos': np.int64(-50), 'corr_resp': 'x', 'thisN': 177, 'thisTrialN': 1, 'thisRepN': 44}>
987.1756 	DATA 	Keypress: c
987.1807 	EXP 	Fixation_2: autoDraw = False
987.1807 	EXP 	line1_2: autoDraw = False
987.1807 	EXP 	line2_2: autoDraw = False
987.1807 	EXP 	line3_2: autoDraw = False
987.1807 	EXP 	line4_2: autoDraw = False
987.1807 	EXP 	protrianglefixation_2: autoDraw = False
987.1807 	EXP 	Fixation_2: autoDraw = True
987.3094 	EXP 	Device response: <KeyPress from None: t=987.1590630419996, value=c, duration=0.14839879099963582>
988.1669 	EXP 	line1_2: autoDraw = True
988.1669 	EXP 	line2_2: autoDraw = True
988.1669 	EXP 	line3_2: autoDraw = True
988.1669 	EXP 	line4_2: autoDraw = True
988.1748 	EXP 	Fixation_2: autoDraw = False
989.1671 	INFO 	Keyboard events cleared
989.1669 	EXP 	protrianglefixation_2: autoDraw = True
989.7519 	EXP 	Device response: <KeyPress from None: t=989.743988416998, value=x, duration=None>
989.7524 	EXP 	New trial (rep=44, index=2): <Trial 178 (2 in rep 44) data={'pos': np.int64(-150), 'corr_resp': 'z', 'thisN': 178, 'thisTrialN': 2, 'thisRepN': 44}>
989.7584 	DATA 	Keypress: x
989.7635 	EXP 	Fixation_2: autoDraw = False
989.7635 	EXP 	line1_2: autoDraw = False
989.7635 	EXP 	line2_2: autoDraw = False
989.7635 	EXP 	line3_2: autoDraw = False
989.7635 	EXP 	line4_2: autoDraw = False
989.7635 	EXP 	protrianglefixation_2: autoDraw = False
989.7635 	EXP 	Fixation_2: autoDraw = True
989.9015 	EXP 	Device response: <KeyPress from None: t=989.743988416998, value=x, duration=0.1484844160004286>
990.7504 	EXP 	line1_2: autoDraw = True
990.7504 	EXP 	line2_2: autoDraw = True
990.7504 	EXP 	line3_2: autoDraw = True
990.7504 	EXP 	line4_2: autoDraw = True
990.7577 	EXP 	Fixation_2: autoDraw = False
991.7504 	INFO 	Keyboard events cleared
991.7503 	EXP 	protrianglefixation_2: autoDraw = True
992.2185 	EXP 	Device response: <KeyPress from None: t=992.2138665829989, value=z, duration=None>
992.2190 	EXP 	New trial (rep=44, index=3): <Trial 179 (3 in rep 44) data={'pos': np.int64(150), 'corr_resp': 'v', 'thisN': 179, 'thisTrialN': 3, 'thisRepN': 44}>
992.2250 	DATA 	Keypress: z
992.2301 	EXP 	Fixation_2: autoDraw = False
992.2301 	EXP 	line1_2: autoDraw = False
992.2301 	EXP 	line2_2: autoDraw = False
992.2301 	EXP 	line3_2: autoDraw = False
992.2301 	EXP 	line4_2: autoDraw = False
992.2301 	EXP 	protrianglefixation_2: autoDraw = False
992.2301 	EXP 	Fixation_2: autoDraw = True
992.3923 	EXP 	Device response: <KeyPress from None: t=992.2138665829989, value=z, duration=0.17244441699949675>
993.2092 	EXP 	line1_2: autoDraw = True
993.2092 	EXP 	line2_2: autoDraw = True
993.2092 	EXP 	line3_2: autoDraw = True
993.2092 	EXP 	line4_2: autoDraw = True
993.2520 	EXP 	Fixation_2: autoDraw = False
994.2172 	INFO 	Keyboard events cleared
994.2170 	EXP 	protrianglefixation_2: autoDraw = True
995.0256 	EXP 	Device response: <KeyPress from None: t=995.022945749999, value=v, duration=None>
995.0261 	EXP 	New trial (rep=45, index=0): <Trial 180 (0 in rep 45) data={'pos': np.int64(50), 'corr_resp': 'c', 'thisN': 180, 'thisTrialN': 0, 'thisRepN': 45}>
995.0318 	DATA 	Keypress: v
995.0374 	EXP 	Fixation_2: autoDraw = False
995.0374 	EXP 	line1_2: autoDraw = False
995.0374 	EXP 	line2_2: autoDraw = False
995.0374 	EXP 	line3_2: autoDraw = False
995.0374 	EXP 	line4_2: autoDraw = False
995.0374 	EXP 	protrianglefixation_2: autoDraw = False
995.0374 	EXP 	Fixation_2: autoDraw = True
995.1358 	EXP 	Device response: <KeyPress from None: t=995.022945749999, value=v, duration=0.10829258299781941>
996.0248 	EXP 	line1_2: autoDraw = True
996.0248 	EXP 	line2_2: autoDraw = True
996.0248 	EXP 	line3_2: autoDraw = True
996.0248 	EXP 	line4_2: autoDraw = True
996.0342 	EXP 	Fixation_2: autoDraw = False
997.0248 	INFO 	Keyboard events cleared
997.0246 	EXP 	protrianglefixation_2: autoDraw = True
998.1691 	EXP 	Device response: <KeyPress from None: t=998.1598599999998, value=c, duration=None>
998.1697 	EXP 	New trial (rep=45, index=1): <Trial 181 (1 in rep 45) data={'pos': np.int64(-50), 'corr_resp': 'x', 'thisN': 181, 'thisTrialN': 1, 'thisRepN': 45}>
998.1757 	DATA 	Keypress: c
998.1806 	EXP 	Fixation_2: autoDraw = False
998.1806 	EXP 	line1_2: autoDraw = False
998.1806 	EXP 	line2_2: autoDraw = False
998.1806 	EXP 	line3_2: autoDraw = False
998.1806 	EXP 	line4_2: autoDraw = False
998.1806 	EXP 	protrianglefixation_2: autoDraw = False
998.1806 	EXP 	Fixation_2: autoDraw = True
998.2756 	EXP 	Device response: <KeyPress from None: t=998.1598599999998, value=c, duration=0.10832970800038311>
999.1671 	EXP 	line1_2: autoDraw = True
999.1671 	EXP 	line2_2: autoDraw = True
999.1671 	EXP 	line3_2: autoDraw = True
999.1671 	EXP 	line4_2: autoDraw = True
999.1744 	EXP 	Fixation_2: autoDraw = False
1000.1671 	INFO 	Keyboard events cleared
1000.1669 	EXP 	protrianglefixation_2: autoDraw = True
1000.9186 	EXP 	Device response: <KeyPress from None: t=1000.9106778749992, value=x, duration=None>
1000.9191 	EXP 	New trial (rep=45, index=2): <Trial 182 (2 in rep 45) data={'pos': np.int64(-150), 'corr_resp': 'z', 'thisN': 182, 'thisTrialN': 2, 'thisRepN': 45}>
1000.9248 	DATA 	Keypress: x
1000.9299 	EXP 	Fixation_2: autoDraw = False
1000.9299 	EXP 	line1_2: autoDraw = False
1000.9299 	EXP 	line2_2: autoDraw = False
1000.9299 	EXP 	line3_2: autoDraw = False
1000.9299 	EXP 	line4_2: autoDraw = False
1000.9299 	EXP 	protrianglefixation_2: autoDraw = False
1000.9299 	EXP 	Fixation_2: autoDraw = True
1001.0418 	EXP 	Device response: <KeyPress from None: t=1000.9106778749992, value=x, duration=0.12844379200032563>
1001.9169 	EXP 	line1_2: autoDraw = True
1001.9169 	EXP 	line2_2: autoDraw = True
1001.9169 	EXP 	line3_2: autoDraw = True
1001.9169 	EXP 	line4_2: autoDraw = True
1001.9242 	EXP 	Fixation_2: autoDraw = False
1002.9177 	INFO 	Keyboard events cleared
1002.9175 	EXP 	protrianglefixation_2: autoDraw = True
1003.4350 	EXP 	Device response: <KeyPress from None: t=1003.4327126669996, value=z, duration=None>
1003.4354 	EXP 	New trial (rep=45, index=3): <Trial 183 (3 in rep 45) data={'pos': np.int64(150), 'corr_resp': 'v', 'thisN': 183, 'thisTrialN': 3, 'thisRepN': 45}>
1003.4413 	DATA 	Keypress: z
1003.4464 	EXP 	Fixation_2: autoDraw = False
1003.4464 	EXP 	line1_2: autoDraw = False
1003.4464 	EXP 	line2_2: autoDraw = False
1003.4464 	EXP 	line3_2: autoDraw = False
1003.4464 	EXP 	line4_2: autoDraw = False
1003.4464 	EXP 	protrianglefixation_2: autoDraw = False
1003.4464 	EXP 	Fixation_2: autoDraw = True
1003.6024 	EXP 	Device response: <KeyPress from None: t=1003.4327126669996, value=z, duration=0.16028829099741415>
1004.4344 	EXP 	line1_2: autoDraw = True
1004.4344 	EXP 	line2_2: autoDraw = True
1004.4344 	EXP 	line3_2: autoDraw = True
1004.4344 	EXP 	line4_2: autoDraw = True
1004.4412 	EXP 	Fixation_2: autoDraw = False
1005.4261 	INFO 	Keyboard events cleared
1005.4260 	EXP 	protrianglefixation_2: autoDraw = True
1006.3925 	EXP 	Device response: <KeyPress from None: t=1006.3886498749998, value=v, duration=None>
1006.3930 	EXP 	New trial (rep=46, index=0): <Trial 184 (0 in rep 46) data={'pos': np.int64(-150), 'corr_resp': 'z', 'thisN': 184, 'thisTrialN': 0, 'thisRepN': 46}>
1006.3987 	DATA 	Keypress: v
1006.4041 	EXP 	Fixation_2: autoDraw = False
1006.4041 	EXP 	line1_2: autoDraw = False
1006.4041 	EXP 	line2_2: autoDraw = False
1006.4041 	EXP 	line3_2: autoDraw = False
1006.4041 	EXP 	line4_2: autoDraw = False
1006.4041 	EXP 	protrianglefixation_2: autoDraw = False
1006.4041 	EXP 	Fixation_2: autoDraw = True
1006.5189 	EXP 	Device response: <KeyPress from None: t=1006.3886498749998, value=v, duration=0.12037695799881476>
1007.3921 	EXP 	line1_2: autoDraw = True
1007.3921 	EXP 	line2_2: autoDraw = True
1007.3921 	EXP 	line3_2: autoDraw = True
1007.3921 	EXP 	line4_2: autoDraw = True
1007.4183 	EXP 	Fixation_2: autoDraw = False
1008.3917 	INFO 	Keyboard events cleared
1008.3915 	EXP 	protrianglefixation_2: autoDraw = True
1009.0590 	EXP 	Device response: <KeyPress from None: t=1009.054664291998, value=z, duration=None>
1009.0594 	EXP 	New trial (rep=46, index=1): <Trial 185 (1 in rep 46) data={'pos': np.int64(150), 'corr_resp': 'v', 'thisN': 185, 'thisTrialN': 1, 'thisRepN': 46}>
1009.0652 	DATA 	Keypress: z
1009.0707 	EXP 	Fixation_2: autoDraw = False
1009.0707 	EXP 	line1_2: autoDraw = False
1009.0707 	EXP 	line2_2: autoDraw = False
1009.0707 	EXP 	line3_2: autoDraw = False
1009.0707 	EXP 	line4_2: autoDraw = False
1009.0707 	EXP 	protrianglefixation_2: autoDraw = False
1009.0707 	EXP 	Fixation_2: autoDraw = True
1009.1854 	EXP 	Device response: <KeyPress from None: t=1009.054664291998, value=z, duration=0.12423516600028961>
1010.0584 	EXP 	line1_2: autoDraw = True
1010.0584 	EXP 	line2_2: autoDraw = True
1010.0584 	EXP 	line3_2: autoDraw = True
1010.0584 	EXP 	line4_2: autoDraw = True
1010.0673 	EXP 	Fixation_2: autoDraw = False
1011.0588 	INFO 	Keyboard events cleared
1011.0587 	EXP 	protrianglefixation_2: autoDraw = True
1011.6924 	EXP 	Device response: <KeyPress from None: t=1011.6866193329988, value=v, duration=None>
1011.6929 	EXP 	New trial (rep=46, index=2): <Trial 186 (2 in rep 46) data={'pos': np.int64(-50), 'corr_resp': 'x', 'thisN': 186, 'thisTrialN': 2, 'thisRepN': 46}>
1011.6992 	DATA 	Keypress: v
1011.7044 	EXP 	Fixation_2: autoDraw = False
1011.7044 	EXP 	line1_2: autoDraw = False
1011.7044 	EXP 	line2_2: autoDraw = False
1011.7044 	EXP 	line3_2: autoDraw = False
1011.7044 	EXP 	line4_2: autoDraw = False
1011.7044 	EXP 	protrianglefixation_2: autoDraw = False
1011.7044 	EXP 	Fixation_2: autoDraw = True
1011.8264 	EXP 	Device response: <KeyPress from None: t=1011.6866193329988, value=v, duration=0.1321892919986567>
1012.6923 	EXP 	line1_2: autoDraw = True
1012.6923 	EXP 	line2_2: autoDraw = True
1012.6923 	EXP 	line3_2: autoDraw = True
1012.6923 	EXP 	line4_2: autoDraw = True
1012.7009 	EXP 	Fixation_2: autoDraw = False
1013.6838 	INFO 	Keyboard events cleared
1013.6836 	EXP 	protrianglefixation_2: autoDraw = True
1014.4852 	EXP 	Device response: <KeyPress from None: t=1014.4775282499977, value=x, duration=None>
1014.4857 	EXP 	New trial (rep=46, index=3): <Trial 187 (3 in rep 46) data={'pos': np.int64(50), 'corr_resp': 'c', 'thisN': 187, 'thisTrialN': 3, 'thisRepN': 46}>
1014.4919 	DATA 	Keypress: x
1014.4971 	EXP 	Fixation_2: autoDraw = False
1014.4971 	EXP 	line1_2: autoDraw = False
1014.4971 	EXP 	line2_2: autoDraw = False
1014.4971 	EXP 	line3_2: autoDraw = False
1014.4971 	EXP 	line4_2: autoDraw = False
1014.4971 	EXP 	protrianglefixation_2: autoDraw = False
1014.4971 	EXP 	Fixation_2: autoDraw = True
1014.5918 	EXP 	Device response: <KeyPress from None: t=1014.4775282499977, value=x, duration=0.10829012500107638>
1015.4836 	EXP 	line1_2: autoDraw = True
1015.4836 	EXP 	line2_2: autoDraw = True
1015.4836 	EXP 	line3_2: autoDraw = True
1015.4836 	EXP 	line4_2: autoDraw = True
1015.4909 	EXP 	Fixation_2: autoDraw = False
1016.4838 	INFO 	Keyboard events cleared
1016.4836 	EXP 	protrianglefixation_2: autoDraw = True
1017.3263 	EXP 	Device response: <KeyPress from None: t=1017.3213998329993, value=c, duration=None>
1017.3268 	EXP 	New trial (rep=47, index=0): <Trial 188 (0 in rep 47) data={'pos': np.int64(-150), 'corr_resp': 'z', 'thisN': 188, 'thisTrialN': 0, 'thisRepN': 47}>
1017.3329 	DATA 	Keypress: c
1017.3379 	EXP 	Fixation_2: autoDraw = False
1017.3379 	EXP 	line1_2: autoDraw = False
1017.3379 	EXP 	line2_2: autoDraw = False
1017.3379 	EXP 	line3_2: autoDraw = False
1017.3379 	EXP 	line4_2: autoDraw = False
1017.3379 	EXP 	protrianglefixation_2: autoDraw = False
1017.3379 	EXP 	Fixation_2: autoDraw = True
1017.4766 	EXP 	Device response: <KeyPress from None: t=1017.3213998329993, value=c, duration=0.14848866700049257>
1018.3249 	EXP 	line1_2: autoDraw = True
1018.3249 	EXP 	line2_2: autoDraw = True
1018.3249 	EXP 	line3_2: autoDraw = True
1018.3249 	EXP 	line4_2: autoDraw = True
1018.3341 	EXP 	Fixation_2: autoDraw = False
1019.3271 	INFO 	Keyboard events cleared
1019.3269 	EXP 	protrianglefixation_2: autoDraw = True
1019.8091 	EXP 	Device response: <KeyPress from None: t=1019.8033613329972, value=z, duration=None>
1019.8095 	EXP 	New trial (rep=47, index=1): <Trial 189 (1 in rep 47) data={'pos': np.int64(150), 'corr_resp': 'v', 'thisN': 189, 'thisTrialN': 1, 'thisRepN': 47}>
1019.8155 	DATA 	Keypress: z
1019.8210 	EXP 	Fixation_2: autoDraw = False
1019.8210 	EXP 	line1_2: autoDraw = False
1019.8210 	EXP 	line2_2: autoDraw = False
1019.8210 	EXP 	line3_2: autoDraw = False
1019.8210 	EXP 	line4_2: autoDraw = False
1019.8210 	EXP 	protrianglefixation_2: autoDraw = False
1019.8210 	EXP 	Fixation_2: autoDraw = True
1019.9525 	EXP 	Device response: <KeyPress from None: t=1019.8033613329972, value=z, duration=0.14422666700193076>
1020.8083 	EXP 	line1_2: autoDraw = True
1020.8083 	EXP 	line2_2: autoDraw = True
1020.8083 	EXP 	line3_2: autoDraw = True
1020.8083 	EXP 	line4_2: autoDraw = True
1020.8175 	EXP 	Fixation_2: autoDraw = False
1021.8082 	INFO 	Keyboard events cleared
1021.8080 	EXP 	protrianglefixation_2: autoDraw = True
1022.7752 	EXP 	Device response: <KeyPress from None: t=1022.7722247079982, value=v, duration=None>
1022.7756 	EXP 	New trial (rep=47, index=2): <Trial 190 (2 in rep 47) data={'pos': np.int64(50), 'corr_resp': 'c', 'thisN': 190, 'thisTrialN': 2, 'thisRepN': 47}>
1022.7817 	DATA 	Keypress: v
1022.7877 	EXP 	Fixation_2: autoDraw = False
1022.7877 	EXP 	line1_2: autoDraw = False
1022.7877 	EXP 	line2_2: autoDraw = False
1022.7877 	EXP 	line3_2: autoDraw = False
1022.7877 	EXP 	line4_2: autoDraw = False
1022.7877 	EXP 	protrianglefixation_2: autoDraw = False
1022.7877 	EXP 	Fixation_2: autoDraw = True
1022.8867 	EXP 	Device response: <KeyPress from None: t=1022.7722247079982, value=v, duration=0.11243787499915925>
1023.7747 	EXP 	line1_2: autoDraw = True
1023.7747 	EXP 	line2_2: autoDraw = True
1023.7747 	EXP 	line3_2: autoDraw = True
1023.7747 	EXP 	line4_2: autoDraw = True
1023.7842 	EXP 	Fixation_2: autoDraw = False
1024.7671 	INFO 	Keyboard events cleared
1024.7669 	EXP 	protrianglefixation_2: autoDraw = True
1025.4352 	EXP 	Device response: <KeyPress from None: t=1025.4262830829975, value=c, duration=None>
1025.4357 	EXP 	New trial (rep=47, index=3): <Trial 191 (3 in rep 47) data={'pos': np.int64(-50), 'corr_resp': 'x', 'thisN': 191, 'thisTrialN': 3, 'thisRepN': 47}>
1025.4421 	DATA 	Keypress: c
1025.4472 	EXP 	Fixation_2: autoDraw = False
1025.4472 	EXP 	line1_2: autoDraw = False
1025.4472 	EXP 	line2_2: autoDraw = False
1025.4472 	EXP 	line3_2: autoDraw = False
1025.4472 	EXP 	line4_2: autoDraw = False
1025.4472 	EXP 	protrianglefixation_2: autoDraw = False
1025.4472 	EXP 	Fixation_2: autoDraw = True
1025.5856 	EXP 	Device response: <KeyPress from None: t=1025.4262830829975, value=c, duration=0.15625041699968278>
1026.4337 	EXP 	line1_2: autoDraw = True
1026.4337 	EXP 	line2_2: autoDraw = True
1026.4337 	EXP 	line3_2: autoDraw = True
1026.4337 	EXP 	line4_2: autoDraw = True
1026.4415 	EXP 	Fixation_2: autoDraw = False
1027.4337 	INFO 	Keyboard events cleared
1027.4335 	EXP 	protrianglefixation_2: autoDraw = True
1028.3186 	EXP 	Device response: <KeyPress from None: t=1028.312069624997, value=x, duration=None>
1028.3190 	EXP 	New trial (rep=48, index=0): <Trial 192 (0 in rep 48) data={'pos': np.int64(-150), 'corr_resp': 'z', 'thisN': 192, 'thisTrialN': 0, 'thisRepN': 48}>
1028.3254 	DATA 	Keypress: x
1028.3306 	EXP 	Fixation_2: autoDraw = False
1028.3306 	EXP 	line1_2: autoDraw = False
1028.3306 	EXP 	line2_2: autoDraw = False
1028.3306 	EXP 	line3_2: autoDraw = False
1028.3306 	EXP 	line4_2: autoDraw = False
1028.3306 	EXP 	protrianglefixation_2: autoDraw = False
1028.3306 	EXP 	Fixation_2: autoDraw = True
1028.4260 	EXP 	Device response: <KeyPress from None: t=1028.312069624997, value=x, duration=0.11241733300266787>
1029.3175 	EXP 	line1_2: autoDraw = True
1029.3175 	EXP 	line2_2: autoDraw = True
1029.3175 	EXP 	line3_2: autoDraw = True
1029.3175 	EXP 	line4_2: autoDraw = True
1029.3245 	EXP 	Fixation_2: autoDraw = False
1030.3171 	INFO 	Keyboard events cleared
1030.3169 	EXP 	protrianglefixation_2: autoDraw = True
1031.0091 	EXP 	Device response: <KeyPress from None: t=1031.0020976669985, value=z, duration=None>
1031.0096 	EXP 	New trial (rep=48, index=1): <Trial 193 (1 in rep 48) data={'pos': np.int64(50), 'corr_resp': 'c', 'thisN': 193, 'thisTrialN': 1, 'thisRepN': 48}>
1031.0159 	DATA 	Keypress: z
1031.0209 	EXP 	Fixation_2: autoDraw = False
1031.0209 	EXP 	line1_2: autoDraw = False
1031.0209 	EXP 	line2_2: autoDraw = False
1031.0209 	EXP 	line3_2: autoDraw = False
1031.0209 	EXP 	line4_2: autoDraw = False
1031.0209 	EXP 	protrianglefixation_2: autoDraw = False
1031.0209 	EXP 	Fixation_2: autoDraw = True
1031.1194 	EXP 	Device response: <KeyPress from None: t=1031.0020976669985, value=z, duration=0.11228662500070641>
1032.0085 	EXP 	line1_2: autoDraw = True
1032.0085 	EXP 	line2_2: autoDraw = True
1032.0085 	EXP 	line3_2: autoDraw = True
1032.0085 	EXP 	line4_2: autoDraw = True
1032.0176 	EXP 	Fixation_2: autoDraw = False
1033.0081 	INFO 	Keyboard events cleared
1033.0080 	EXP 	protrianglefixation_2: autoDraw = True
1034.6853 	EXP 	Device response: <KeyPress from None: t=1034.6770280419987, value=c, duration=None>
1034.6857 	EXP 	New trial (rep=48, index=2): <Trial 194 (2 in rep 48) data={'pos': np.int64(-50), 'corr_resp': 'x', 'thisN': 194, 'thisTrialN': 2, 'thisRepN': 48}>
1034.6914 	DATA 	Keypress: c
1034.6965 	EXP 	Fixation_2: autoDraw = False
1034.6965 	EXP 	line1_2: autoDraw = False
1034.6965 	EXP 	line2_2: autoDraw = False
1034.6965 	EXP 	line3_2: autoDraw = False
1034.6965 	EXP 	line4_2: autoDraw = False
1034.6965 	EXP 	protrianglefixation_2: autoDraw = False
1034.6965 	EXP 	Fixation_2: autoDraw = True
1034.7856 	EXP 	Device response: <KeyPress from None: t=1034.6770280419987, value=c, duration=0.10426120799820637>
1035.6836 	EXP 	line1_2: autoDraw = True
1035.6836 	EXP 	line2_2: autoDraw = True
1035.6836 	EXP 	line3_2: autoDraw = True
1035.6836 	EXP 	line4_2: autoDraw = True
1035.6909 	EXP 	Fixation_2: autoDraw = False
1036.6840 	INFO 	Keyboard events cleared
1036.6838 	EXP 	protrianglefixation_2: autoDraw = True
1037.5922 	EXP 	Device response: <KeyPress from None: t=1037.5838182499974, value=x, duration=None>
1037.5926 	EXP 	New trial (rep=48, index=3): <Trial 195 (3 in rep 48) data={'pos': np.int64(150), 'corr_resp': 'v', 'thisN': 195, 'thisTrialN': 3, 'thisRepN': 48}>
1037.5985 	DATA 	Keypress: x
1037.6041 	EXP 	Fixation_2: autoDraw = False
1037.6041 	EXP 	line1_2: autoDraw = False
1037.6041 	EXP 	line2_2: autoDraw = False
1037.6041 	EXP 	line3_2: autoDraw = False
1037.6041 	EXP 	line4_2: autoDraw = False
1037.6041 	EXP 	protrianglefixation_2: autoDraw = False
1037.6041 	EXP 	Fixation_2: autoDraw = True
1037.7080 	EXP 	Device response: <KeyPress from None: t=1037.5838182499974, value=x, duration=0.12033462500039604>
1038.5918 	EXP 	line1_2: autoDraw = True
1038.5918 	EXP 	line2_2: autoDraw = True
1038.5918 	EXP 	line3_2: autoDraw = True
1038.5918 	EXP 	line4_2: autoDraw = True
1038.6010 	EXP 	Fixation_2: autoDraw = False
1039.6017 	INFO 	Keyboard events cleared
1039.6015 	EXP 	protrianglefixation_2: autoDraw = True
1040.5257 	EXP 	Device response: <KeyPress from None: t=1040.5218027079973, value=v, duration=None>
1040.5262 	EXP 	New trial (rep=49, index=0): <Trial 196 (0 in rep 49) data={'pos': np.int64(50), 'corr_resp': 'c', 'thisN': 196, 'thisTrialN': 0, 'thisRepN': 49}>
1040.5322 	DATA 	Keypress: v
1040.5380 	EXP 	Fixation_2: autoDraw = False
1040.5380 	EXP 	line1_2: autoDraw = False
1040.5380 	EXP 	line2_2: autoDraw = False
1040.5380 	EXP 	line3_2: autoDraw = False
1040.5380 	EXP 	line4_2: autoDraw = False
1040.5380 	EXP 	protrianglefixation_2: autoDraw = False
1040.5380 	EXP 	Fixation_2: autoDraw = True
1040.6523 	EXP 	Device response: <KeyPress from None: t=1040.5218027079973, value=v, duration=0.12833454200153938>
1041.5259 	EXP 	line1_2: autoDraw = True
1041.5259 	EXP 	line2_2: autoDraw = True
1041.5259 	EXP 	line3_2: autoDraw = True
1041.5259 	EXP 	line4_2: autoDraw = True
1041.5516 	EXP 	Fixation_2: autoDraw = False
1042.5252 	INFO 	Keyboard events cleared
1042.5251 	EXP 	protrianglefixation_2: autoDraw = True
1043.1254 	EXP 	Device response: <KeyPress from None: t=1043.121787582997, value=v, duration=None>
1043.1259 	EXP 	New trial (rep=49, index=1): <Trial 197 (1 in rep 49) data={'pos': np.int64(150), 'corr_resp': 'v', 'thisN': 197, 'thisTrialN': 1, 'thisRepN': 49}>
1043.1320 	DATA 	Keypress: v
1043.1374 	EXP 	Fixation_2: autoDraw = False
1043.1374 	EXP 	line1_2: autoDraw = False
1043.1374 	EXP 	line2_2: autoDraw = False
1043.1374 	EXP 	line3_2: autoDraw = False
1043.1374 	EXP 	line4_2: autoDraw = False
1043.1374 	EXP 	protrianglefixation_2: autoDraw = False
1043.1374 	EXP 	Fixation_2: autoDraw = True
1043.2688 	EXP 	Device response: <KeyPress from None: t=1043.121787582997, value=v, duration=0.14033704200119246>
1044.1252 	EXP 	line1_2: autoDraw = True
1044.1252 	EXP 	line2_2: autoDraw = True
1044.1252 	EXP 	line3_2: autoDraw = True
1044.1252 	EXP 	line4_2: autoDraw = True
1044.1348 	EXP 	Fixation_2: autoDraw = False
1045.1170 	INFO 	Keyboard events cleared
1045.1168 	EXP 	protrianglefixation_2: autoDraw = True
1046.1593 	EXP 	Device response: <KeyPress from None: t=1046.1527125829998, value=v, duration=None>
1046.1598 	EXP 	New trial (rep=49, index=2): <Trial 198 (2 in rep 49) data={'pos': np.int64(-150), 'corr_resp': 'z', 'thisN': 198, 'thisTrialN': 2, 'thisRepN': 49}>
1046.1659 	DATA 	Keypress: v
1046.1709 	EXP 	Fixation_2: autoDraw = False
1046.1709 	EXP 	line1_2: autoDraw = False
1046.1709 	EXP 	line2_2: autoDraw = False
1046.1709 	EXP 	line3_2: autoDraw = False
1046.1709 	EXP 	line4_2: autoDraw = False
1046.1709 	EXP 	protrianglefixation_2: autoDraw = False
1046.1709 	EXP 	Fixation_2: autoDraw = True
1046.2753 	EXP 	Device response: <KeyPress from None: t=1046.1527125829998, value=v, duration=0.1162812499969732>
1047.1585 	EXP 	line1_2: autoDraw = True
1047.1585 	EXP 	line2_2: autoDraw = True
1047.1585 	EXP 	line3_2: autoDraw = True
1047.1585 	EXP 	line4_2: autoDraw = True
1047.1676 	EXP 	Fixation_2: autoDraw = False
1048.1586 	INFO 	Keyboard events cleared
1048.1584 	EXP 	protrianglefixation_2: autoDraw = True
1048.6852 	EXP 	Device response: <KeyPress from None: t=1048.6786844999988, value=z, duration=None>
1048.6857 	EXP 	New trial (rep=49, index=3): <Trial 199 (3 in rep 49) data={'pos': np.int64(-50), 'corr_resp': 'x', 'thisN': 199, 'thisTrialN': 3, 'thisRepN': 49}>
1048.6917 	DATA 	Keypress: z
1048.6966 	EXP 	Fixation_2: autoDraw = False
1048.6966 	EXP 	line1_2: autoDraw = False
1048.6966 	EXP 	line2_2: autoDraw = False
1048.6966 	EXP 	line3_2: autoDraw = False
1048.6966 	EXP 	line4_2: autoDraw = False
1048.6966 	EXP 	protrianglefixation_2: autoDraw = False
1048.6966 	EXP 	Fixation_2: autoDraw = True
1048.8253 	EXP 	Device response: <KeyPress from None: t=1048.6786844999988, value=z, duration=0.1402822499985632>
1049.6835 	EXP 	line1_2: autoDraw = True
1049.6835 	EXP 	line2_2: autoDraw = True
1049.6835 	EXP 	line3_2: autoDraw = True
1049.6835 	EXP 	line4_2: autoDraw = True
1049.6911 	EXP 	Fixation_2: autoDraw = False
1050.6838 	INFO 	Keyboard events cleared
1050.6836 	EXP 	protrianglefixation_2: autoDraw = True
1051.3593 	EXP 	Device response: <KeyPress from None: t=1051.3576576669984, value=x, duration=None>
1051.3651 	DATA 	Keypress: x
1051.3706 	EXP 	Fixation_2: autoDraw = False
1051.3706 	EXP 	line1_2: autoDraw = False
1051.3706 	EXP 	line2_2: autoDraw = False
1051.3706 	EXP 	line3_2: autoDraw = False
1051.3706 	EXP 	line4_2: autoDraw = False
1051.3706 	EXP 	protrianglefixation_2: autoDraw = False
1051.3708 	EXP 	Motor sequence Learning task_Recent_Experiment_Tutorial 4_Urvashi Bhansali_AU2320139: status = STOPPED
1051.4632 	INFO 	saved data to '/Users/urvashibhansali/Documents/AU (1-4 years) /3rd Year/Semester 5 Monsoon 25-26/PSY310/Psychopy/Youtube Psychopy Tutorials/Motor Sequence Learning Task (4)/data/s-4/200_Motor sequence Learning task_Recent_Experiment_Tutorial 4_Urvashi Bhansali_AU2320139_2025-10-01_20h40.33.190.csv'
1051.4686 	INFO 	saved data to /Users/urvashibhansali/Documents/AU (1-4 years) /3rd Year/Semester 5 Monsoon 25-26/PSY310/Psychopy/Youtube Psychopy Tutorials/Motor Sequence Learning Task (4)/data/s-4/200_Motor sequence Learning task_Recent_Experiment_Tutorial 4_Urvashi Bhansali_AU2320139_2025-10-01_20h40.33.190.psydat
1051.8969 	WARNING 	Stopping key buffers but this could be dangerous ifother keyboards rely on the same.
