pos,corr_resp,thisN,thisTrialN,thisRepN,key_resp.keys,key_resp.corr,key_resp.rt,key_resp.duration,key_resp_2.keys,key_resp_2.corr,key_resp_2.rt,key_resp_2.duration,trials.thisRepN,trials.thisTrialN,trials.thisN,trials.thisIndex,trials_2.thisRepN,trials_2.thisTrialN,trials_2.thisN,trials_2.thisIndex,thisRow.t,notes,trial.started,Fixation.started,line1.started,line2.started,line3.started,line4.started,Fixation.stopped,protrianglefixation.started,key_resp.started,trial.stopped,trials.key_resp.keys,trials.key_resp.corr,trials.key_resp.rt,trials.key_resp.duration,trial_2.started,Fixation_2.started,line1_2.started,line2_2.started,line3_2.started,line4_2.started,Fixation_2.stopped,protrianglefixation_2.started,key_resp_2.started,trial_2.stopped,trials_2.key_resp_2.keys,trials_2.key_resp_2.corr,trials_2.key_resp_2.rt,trials_2.key_resp_2.duration,participant,session,date,expName,expVersion,psychopyVersion,frameRate,expStart,
-50,x,0,0,0,x,1,3.1122682499990333,None,,,,,0,0,0,0,,,,,0.05638504200032912,,0.04954008399727172,0.05638504200032912,1.008675166998728,1.008675166998728,1.008675166998728,1.008675166998728,1.0530362499994226,1.9946632499995758,1.9946632499995758,5.358600624997052,x,1,3.1122682499990333,None,,,,,,,,,,,,,,,s-4/200,"001",2025-10-01_20h41.26.213,Motor sequence Learning task_Recent_Experiment_Tutorial 4_Urvashi Bhansali_AU2320139,,2025.2.0,None,2025-10-01 20h41.26.237942 +0530,
150,v,1,1,0,v,1,2.907052623999334,None,,,,,0,1,1,1,,,,,5.363996459000191,,5.358797124998091,5.363996459000191,6.35198466699876,6.35198466699876,6.35198466699876,6.35198466699876,6.359472208998341,7.352385541998956,7.352385541998956,10.260817958998814,v,1,2.907052623999334,None,,,,,,,,,,,,,,,s-4/200,"001",2025-10-01_20h41.26.213,Motor sequence Learning task_Recent_Experiment_Tutorial 4_Urvashi Bhansali_AU2320139,,2025.2.0,None,2025-10-01 20h41.26.237942 +0530,
50,c,2,2,0,c,1,1.1694671660006861,None,,,,,0,2,2,2,,,,,10.273342041997239,,10.261341416997311,10.273342041997239,11.260119583999767,11.260119583999767,11.260119583999767,11.260119583999767,11.269652208997286,12.261453416998847,12.261453416998847,13.436987208999199,c,1,1.1694671660006861,None,,,,,,,,,,,,,,,s-4/200,"001",2025-10-01_20h41.26.213,Motor sequence Learning task_Recent_Experiment_Tutorial 4_Urvashi Bhansali_AU2320139,,2025.2.0,None,2025-10-01 20h41.26.237942 +0530,
-150,z,3,3,0,z,1,0.8492089579995081,None,,,,,0,3,3,3,,,,,13.448630458999105,,13.437521124997147,13.448630458999105,14.426819374999468,14.426819374999468,14.426819374999468,14.426819374999468,14.442711416999373,15.435687458997563,15.435687458997563,16.28717741699802,z,1,0.8492089579995081,None,,,,,,,,,,,,,,,s-4/200,"001",2025-10-01_20h41.26.213,Motor sequence Learning task_Recent_Experiment_Tutorial 4_Urvashi Bhansali_AU2320139,,2025.2.0,None,2025-10-01 20h41.26.237942 +0530,
-50,x,4,0,1,x,1,0.6635453749986482,None,,,,,1,0,4,0,,,,,16.299055666997447,,16.2877464589983,16.299055666997447,17.286582291999366,17.286582291999366,17.286582291999366,17.286582291999366,17.293470624998008,18.285176083998522,18.285176083998522,18.953918458999397,x,1,0.6635453749986482,None,,,,,,,,,,,,,,,s-4/200,"001",2025-10-01_20h41.26.213,Motor sequence Learning task_Recent_Experiment_Tutorial 4_Urvashi Bhansali_AU2320139,,2025.2.0,None,2025-10-01 20h41.26.237942 +0530,
150,v,5,1,1,v,1,0.9020687910015113,None,,,,,1,1,5,1,,,,,18.965388208998775,,18.954516499998135,18.965388208998775,19.951955749998888,19.951955749998888,19.951955749998888,19.951955749998888,19.95937633399808,20.95274633399822,20.95274633399822,21.86071791699942,v,1,0.9020687910015113,None,,,,,,,,,,,,,,,s-4/200,"001",2025-10-01_20h41.26.213,Motor sequence Learning task_Recent_Experiment_Tutorial 4_Urvashi Bhansali_AU2320139,,2025.2.0,None,2025-10-01 20h41.26.237942 +0530,
50,c,6,2,1,c,1,0.8648968749985215,None,,,,,1,2,6,2,,,,,21.872241583998402,,21.86122612499821,21.872241583998402,22.852654166999855,22.852654166999855,22.852654166999855,22.852654166999855,22.86932433399852,23.859780083999794,23.859780083999794,24.7272172089979,c,1,0.8648968749985215,None,,,,,,,,,,,,,,,s-4/200,"001",2025-10-01_20h41.26.213,Motor sequence Learning task_Recent_Experiment_Tutorial 4_Urvashi Bhansali_AU2320139,,2025.2.0,None,2025-10-01 20h41.26.237942 +0530,
-150,z,7,3,1,z,1,0.95779174999916,None,,,,,1,3,7,3,,,,,24.73878749999858,,24.727719874998,24.73878749999858,25.725717374996748,25.725717374996748,25.725717374996748,25.725717374996748,25.735996833998797,26.726794874997722,26.726794874997722,27.686900791999506,z,1,0.95779174999916,None,,,,,,,,,,,,,,,s-4/200,"001",2025-10-01_20h41.26.213,Motor sequence Learning task_Recent_Experiment_Tutorial 4_Urvashi Bhansali_AU2320139,,2025.2.0,None,2025-10-01 20h41.26.237942 +0530,
-50,x,8,0,2,x,1,0.6785829159998684,None,,,,,2,0,8,0,,,,,27.698110708999593,,27.687392166997597,27.698110708999593,28.685879749999003,28.685879749999003,28.685879749999003,28.685879749999003,28.69309387499743,29.685953416999837,29.685953416999837,30.370656084000075,x,1,0.6785829159998684,None,,,,,,,,,,,,,,,s-4/200,"001",2025-10-01_20h41.26.213,Motor sequence Learning task_Recent_Experiment_Tutorial 4_Urvashi Bhansali_AU2320139,,2025.2.0,None,2025-10-01 20h41.26.237942 +0530,
150,v,9,1,2,v,1,1.210296749999543,None,,,,,2,1,9,1,,,,,30.386871416998474,,30.37109520899685,30.386871416998474,31.369968041999527,31.369968041999527,31.369968041999527,31.369968041999527,31.37576991699825,32.36909620899678,32.36909620899678,33.58703091699863,v,1,1.210296749999543,None,,,,,,,,,,,,,,,s-4/200,"001",2025-10-01_20h41.26.213,Motor sequence Learning task_Recent_Experiment_Tutorial 4_Urvashi Bhansali_AU2320139,,2025.2.0,None,2025-10-01 20h41.26.237942 +0530,
50,c,10,2,2,c,1,0.7179804160005006,None,,,,,2,2,10,2,,,,,33.597726666997914,,33.587453459000244,33.597726666997914,34.58585408399813,34.58585408399813,34.58585408399813,34.58585408399813,34.592018249997636,35.585290999999415,35.585290999999415,36.31103829199856,c,1,0.7179804160005006,None,,,,,,,,,,,,,,,s-4/200,"001",2025-10-01_20h41.26.213,Motor sequence Learning task_Recent_Experiment_Tutorial 4_Urvashi Bhansali_AU2320139,,2025.2.0,None,2025-10-01 20h41.26.237942 +0530,
-150,z,11,3,2,z,1,0.8395504580003035,None,,,,,2,3,11,3,,,,,36.32225108399871,,36.31149079199895,36.32225108399871,37.32094470899756,37.32094470899756,37.32094470899756,37.32094470899756,37.33716829199693,38.309755083999335,38.309755083999335,39.15461570899788,z,1,0.8395504580003035,None,,,,,,,,,,,,,,,s-4/200,"001",2025-10-01_20h41.26.213,Motor sequence Learning task_Recent_Experiment_Tutorial 4_Urvashi Bhansali_AU2320139,,2025.2.0,None,2025-10-01 20h41.26.237942 +0530,
-50,x,12,0,3,x,1,0.35434437499861815,None,,,,,3,0,12,0,,,,,39.16568154199922,,39.155238542000006,39.16568154199922,40.15271091699833,40.15271091699833,40.15271091699833,40.15271091699833,40.159715166999376,41.15397037499861,41.15397037499861,41.51151104199744,x,1,0.35434437499861815,None,,,,,,,,,,,,,,,s-4/200,"001",2025-10-01_20h41.26.213,Motor sequence Learning task_Recent_Experiment_Tutorial 4_Urvashi Bhansali_AU2320139,,2025.2.0,None,2025-10-01 20h41.26.237942 +0530,
150,v,13,1,3,v,1,0.8288551240002562,None,,,,,3,1,13,1,,,,,41.52229191699735,,41.51218474999769,41.52229191699735,42.50968529199963,42.50968529199963,42.50968529199963,42.50968529199963,42.51922754199768,43.51031687499926,43.51031687499926,44.34511441699942,v,1,0.8288551240002562,None,,,,,,,,,,,,,,,s-4/200,"001",2025-10-01_20h41.26.213,Motor sequence Learning task_Recent_Experiment_Tutorial 4_Urvashi Bhansali_AU2320139,,2025.2.0,None,2025-10-01 20h41.26.237942 +0530,
50,c,14,2,3,c,1,0.26073641599941766,None,,,,,3,2,14,2,,,,,44.3546904169998,,44.34553454199704,44.3546904169998,45.34342249999827,45.34342249999827,45.34342249999827,45.34342249999827,45.35261620899837,46.344396958997095,46.344396958997095,46.622110541997245,c,1,0.26073641599941766,None,,,,,,,,,,,,,,,s-4/200,"001",2025-10-01_20h41.26.213,Motor sequence Learning task_Recent_Experiment_Tutorial 4_Urvashi Bhansali_AU2320139,,2025.2.0,None,2025-10-01 20h41.26.237942 +0530,
-150,z,15,3,3,z,1,0.5235269160002645,None,,,,,3,3,15,3,,,,,46.6361324999998,,46.62260549999701,46.6361324999998,47.637349916996754,47.637349916996754,47.637349916996754,47.637349916996754,47.637349916996754,48.61952754199956,48.61952754199956,49.14451595900027,z,1,0.5235269160002645,None,,,,,,,,,,,,,,,s-4/200,"001",2025-10-01_20h41.26.213,Motor sequence Learning task_Recent_Experiment_Tutorial 4_Urvashi Bhansali_AU2320139,,2025.2.0,None,2025-10-01 20h41.26.237942 +0530,
-50,x,16,0,4,x,1,0.28579004100174643,None,,,,,4,0,16,0,,,,,49.15669170899855,,49.14505250000002,49.15669170899855,50.14264129199728,50.14264129199728,50.14264129199728,50.14264129199728,50.15244308399997,51.14232029199775,51.14232029199775,51.437141749996954,x,1,0.28579004100174643,None,,,,,,,,,,,,,,,s-4/200,"001",2025-10-01_20h41.26.213,Motor sequence Learning task_Recent_Experiment_Tutorial 4_Urvashi Bhansali_AU2320139,,2025.2.0,None,2025-10-01 20h41.26.237942 +0530,
150,v,17,1,4,v,1,0.32850637400042615,None,,,,,4,1,17,1,,,,,51.44886958399729,,51.437632708999445,51.44886958399729,52.43606549999822,52.43606549999822,52.43606549999822,52.43606549999822,52.4429961249989,53.4354084589977,53.4354084589977,53.77034795899817,v,1,0.32850637400042615,None,,,,,,,,,,,,,,,s-4/200,"001",2025-10-01_20h41.26.213,Motor sequence Learning task_Recent_Experiment_Tutorial 4_Urvashi Bhansali_AU2320139,,2025.2.0,None,2025-10-01 20h41.26.237942 +0530,
50,c,18,2,4,c,1,0.2690269160011667,None,,,,,4,2,18,2,,,,,53.781742625000334,,53.77080449999994,53.781742625000334,54.75931308399959,54.75931308399959,54.75931308399959,54.75931308399959,54.77558245899854,55.768824833998224,55.768824833998224,56.04439566699875,c,1,0.2690269160011667,None,,,,,,,,,,,,,,,s-4/200,"001",2025-10-01_20h41.26.213,Motor sequence Learning task_Recent_Experiment_Tutorial 4_Urvashi Bhansali_AU2320139,,2025.2.0,None,2025-10-01 20h41.26.237942 +0530,
-150,z,19,3,4,z,1,0.8201504579992616,None,,,,,4,3,19,3,,,,,56.05645324999932,,56.0448811669994,56.05645324999932,57.04256179199729,57.04256179199729,57.04256179199729,57.04256179199729,57.05334616699838,58.04269524999836,58.04269524999836,58.87052029199913,z,1,0.8201504579992616,None,,,,,,,,,,,,,,,s-4/200,"001",2025-10-01_20h41.26.213,Motor sequence Learning task_Recent_Experiment_Tutorial 4_Urvashi Bhansali_AU2320139,,2025.2.0,None,2025-10-01 20h41.26.237942 +0530,
-50,x,20,0,5,x,1,0.31003408299875446,None,,,,,5,0,20,0,,,,,58.88200762499764,,58.87093141699734,58.88200762499764,59.86929429199881,59.86929429199881,59.86929429199881,59.86929429199881,59.876224958999956,60.86875749999672,60.86875749999672,61.18707291699684,x,1,0.31003408299875446,None,,,,,,,,,,,,,,,s-4/200,"001",2025-10-01_20h41.26.213,Motor sequence Learning task_Recent_Experiment_Tutorial 4_Urvashi Bhansali_AU2320139,,2025.2.0,None,2025-10-01 20h41.26.237942 +0530,
150,v,21,1,5,v,1,0.958787998999469,None,,,,,5,1,21,1,,,,,61.19671708399983,,61.18756216699694,61.19671708399983,62.176047958997515,62.176047958997515,62.176047958997515,62.176047958997515,62.19299729199702,63.1858896249978,63.1858896249978,64.15327195899954,v,1,0.958787998999469,None,,,,,,,,,,,,,,,s-4/200,"001",2025-10-01_20h41.26.213,Motor sequence Learning task_Recent_Experiment_Tutorial 4_Urvashi Bhansali_AU2320139,,2025.2.0,None,2025-10-01 20h41.26.237942 +0530,
50,c,22,2,5,v,0,0.3514654579994385,None,,,,,5,2,22,2,,,,,64.15945137499875,,64.15371179199792,64.15945137499875,65.14297179200003,65.14297179200003,65.14297179200003,65.14297179200003,65.15206670899715,66.14308799999708,66.14308799999708,66.50367749999714,v,0,0.3514654579994385,None,,,,,,,,,,,,,,,s-4/200,"001",2025-10-01_20h41.26.213,Motor sequence Learning task_Recent_Experiment_Tutorial 4_Urvashi Bhansali_AU2320139,,2025.2.0,None,2025-10-01 20h41.26.237942 +0530,
-150,z,23,3,5,z,1,0.9940883329982171,None,,,,,5,3,23,3,,,,,66.5156642089969,,66.50425245899896,66.5156642089969,67.50273083399952,67.50273083399952,67.50273083399952,67.50273083399952,67.5093232500003,68.49348570899747,68.49348570899747,69.49375583399888,z,1,0.9940883329982171,None,,,,,,,,,,,,,,,s-4/200,"001",2025-10-01_20h41.26.213,Motor sequence Learning task_Recent_Experiment_Tutorial 4_Urvashi Bhansali_AU2320139,,2025.2.0,None,2025-10-01 20h41.26.237942 +0530,
-50,x,24,0,6,x,1,0.3014563750002708,None,,,,,6,0,24,0,,,,,69.50540504200035,,69.49429450000025,69.50540504200035,70.49318933399991,70.49318933399991,70.49318933399991,70.49318933399991,70.50250174999746,71.49314349999986,71.49314349999986,71.8036168749968,x,1,0.3014563750002708,None,,,,,,,,,,,,,,,s-4/200,"001",2025-10-01_20h41.26.213,Motor sequence Learning task_Recent_Experiment_Tutorial 4_Urvashi Bhansali_AU2320139,,2025.2.0,None,2025-10-01 20h41.26.237942 +0530,
150,v,25,1,6,v,1,1.2311526660014351,None,,,,,6,1,25,1,,,,,71.81427570899905,,71.80405220899775,71.81427570899905,72.79318541699831,72.79318541699831,72.79318541699831,72.79318541699831,72.80909874999998,73.80222608399708,73.80222608399708,75.03731329199945,v,1,1.2311526660014351,None,,,,,,,,,,,,,,,s-4/200,"001",2025-10-01_20h41.26.213,Motor sequence Learning task_Recent_Experiment_Tutorial 4_Urvashi Bhansali_AU2320139,,2025.2.0,None,2025-10-01 20h41.26.237942 +0530,
50,c,26,2,6,c,1,0.3409908749999886,None,,,,,6,2,26,2,,,,,75.04816049999863,,75.03776358399773,75.04816049999863,76.03655233399695,76.03655233399695,76.03655233399695,76.03655233399695,76.04364508399885,77.03533741699721,77.03533741699721,77.38729862499895,c,1,0.3409908749999886,None,,,,,,,,,,,,,,,s-4/200,"001",2025-10-01_20h41.26.213,Motor sequence Learning task_Recent_Experiment_Tutorial 4_Urvashi Bhansali_AU2320139,,2025.2.0,None,2025-10-01 20h41.26.237942 +0530,
-150,z,27,3,6,z,1,0.8430814580024162,None,,,,,6,3,27,3,,,,,77.39983808399847,,77.38811616699968,77.39983808399847,78.3849831669977,78.3849831669977,78.3849831669977,78.3849831669977,78.39257020899822,79.38521433399728,79.38521433399728,80.23681608399784,z,1,0.8430814580024162,None,,,,,,,,,,,,,,,s-4/200,"001",2025-10-01_20h41.26.213,Motor sequence Learning task_Recent_Experiment_Tutorial 4_Urvashi Bhansali_AU2320139,,2025.2.0,None,2025-10-01 20h41.26.237942 +0530,
-50,x,28,0,7,x,1,0.32293954200213193,None,,,,,7,0,28,0,,,,,80.24887466699874,,80.23765091699897,80.24887466699874,81.23510770899884,81.23510770899884,81.23510770899884,81.23510770899884,81.24256404199696,82.23504645899811,82.23504645899811,82.56060487499781,x,1,0.32293954200213193,None,,,,,,,,,,,,,,,s-4/200,"001",2025-10-01_20h41.26.213,Motor sequence Learning task_Recent_Experiment_Tutorial 4_Urvashi Bhansali_AU2320139,,2025.2.0,None,2025-10-01 20h41.26.237942 +0530,
150,v,29,1,7,v,1,0.8196522500002175,None,,,,,7,1,29,1,,,,,82.57227508399956,,82.56116699999984,82.57227508399956,83.5600498749991,83.5600498749991,83.5600498749991,83.5600498749991,83.56888054199953,84.5596764999973,84.5596764999973,85.38713770899994,v,1,0.8196522500002175,None,,,,,,,,,,,,,,,s-4/200,"001",2025-10-01_20h41.26.213,Motor sequence Learning task_Recent_Experiment_Tutorial 4_Urvashi Bhansali_AU2320139,,2025.2.0,None,2025-10-01 20h41.26.237942 +0530,
50,c,30,2,7,c,1,0.644078666002315,None,,,,,7,2,30,2,,,,,85.39859774999786,,85.38769766699988,85.39859774999786,86.38503154199861,86.38503154199861,86.38503154199861,86.38503154199861,86.39283862499724,87.38512666699899,87.38512666699899,88.03757304199826,c,1,0.644078666002315,None,,,,,,,,,,,,,,,s-4/200,"001",2025-10-01_20h41.26.213,Motor sequence Learning task_Recent_Experiment_Tutorial 4_Urvashi Bhansali_AU2320139,,2025.2.0,None,2025-10-01 20h41.26.237942 +0530,
-150,z,31,3,7,z,1,0.6775713749993884,None,,,,,7,3,31,3,,,,,88.04948720899847,,88.03845904199989,88.04948720899847,89.03508650000003,89.03508650000003,89.03508650000003,89.03508650000003,89.0424750839993,90.03547795899794,90.03547795899794,90.72001287499734,z,1,0.6775713749993884,None,,,,,,,,,,,,,,,s-4/200,"001",2025-10-01_20h41.26.213,Motor sequence Learning task_Recent_Experiment_Tutorial 4_Urvashi Bhansali_AU2320139,,2025.2.0,None,2025-10-01 20h41.26.237942 +0530,
-50,x,32,0,8,x,1,0.5306606240010296,None,,,,,8,0,32,0,,,,,90.7318888339978,,90.72059249999802,90.7318888339978,91.71838758399826,91.71838758399826,91.71838758399826,91.71838758399826,91.7260059170003,92.71839899999759,92.71839899999759,93.25432341699707,x,1,0.5306606240010296,None,,,,,,,,,,,,,,,s-4/200,"001",2025-10-01_20h41.26.213,Motor sequence Learning task_Recent_Experiment_Tutorial 4_Urvashi Bhansali_AU2320139,,2025.2.0,None,2025-10-01 20h41.26.237942 +0530,
150,v,33,1,8,v,1,0.8512317500026256,None,,,,,8,1,33,1,,,,,93.26652458399985,,93.25521245900018,93.26652458399985,94.25168891700014,94.25168891700014,94.25168891700014,94.25168891700014,94.25900412499686,95.25168249999842,95.25168249999842,96.11108191699896,v,1,0.8512317500026256,None,,,,,,,,,,,,,,,s-4/200,"001",2025-10-01_20h41.26.213,Motor sequence Learning task_Recent_Experiment_Tutorial 4_Urvashi Bhansali_AU2320139,,2025.2.0,None,2025-10-01 20h41.26.237942 +0530,
50,c,34,2,8,c,1,1.5588402909997967,None,,,,,8,2,34,2,,,,,96.12276079199728,,96.1116923749978,96.12276079199728,97.1098121670002,97.1098121670002,97.1098121670002,97.1098121670002,97.11843216699708,98.1100914589988,98.1100914589988,99.67751558399686,c,1,1.5588402909997967,None,,,,,,,,,,,,,,,s-4/200,"001",2025-10-01_20h41.26.213,Motor sequence Learning task_Recent_Experiment_Tutorial 4_Urvashi Bhansali_AU2320139,,2025.2.0,None,2025-10-01 20h41.26.237942 +0530,
-150,z,35,3,8,z,1,1.112867499999993,None,,,,,8,3,35,3,,,,,99.68957116699676,,99.67808633399909,99.68957116699676,100.67647637499977,100.67647637499977,100.67647637499977,100.67647637499977,100.68535387500015,101.6760162089995,101.6760162089995,102.79393729199728,z,1,1.112867499999993,None,,,,,,,,,,,,,,,s-4/200,"001",2025-10-01_20h41.26.213,Motor sequence Learning task_Recent_Experiment_Tutorial 4_Urvashi Bhansali_AU2320139,,2025.2.0,None,2025-10-01 20h41.26.237942 +0530,
-50,x,36,0,9,x,1,1.9594768330025545,None,,,,,9,0,36,0,,,,,102.8054947089986,,102.79446924999866,102.8054947089986,103.79351495899755,103.79351495899755,103.79351495899755,103.79351495899755,103.8016158749997,104.79323654199834,104.79323654199834,106.7607347919984,x,1,1.9594768330025545,None,,,,,,,,,,,,,,,s-4/200,"001",2025-10-01_20h41.26.213,Motor sequence Learning task_Recent_Experiment_Tutorial 4_Urvashi Bhansali_AU2320139,,2025.2.0,None,2025-10-01 20h41.26.237942 +0530,
150,v,37,1,9,v,1,0.948864207999577,None,,,,,9,1,37,1,,,,,106.77244124999925,,106.76128329199855,106.77244124999925,107.76011633399685,107.76011633399685,107.76011633399685,107.76011633399685,107.7865064999969,108.75180899999759,108.75180899999759,109.70351091699922,v,1,0.948864207999577,None,,,,,,,,,,,,,,,s-4/200,"001",2025-10-01_20h41.26.213,Motor sequence Learning task_Recent_Experiment_Tutorial 4_Urvashi Bhansali_AU2320139,,2025.2.0,None,2025-10-01 20h41.26.237942 +0530,
50,c,38,2,9,c,1,0.5159456250003132,None,,,,,9,2,38,2,,,,,109.7153871249975,,109.70402737499899,109.7153871249975,110.70187804200032,110.70187804200032,110.70187804200032,110.70187804200032,110.70926874999714,111.70169749999695,111.70169749999695,112.22094387499965,c,1,0.5159456250003132,None,,,,,,,,,,,,,,,s-4/200,"001",2025-10-01_20h41.26.213,Motor sequence Learning task_Recent_Experiment_Tutorial 4_Urvashi Bhansali_AU2320139,,2025.2.0,None,2025-10-01 20h41.26.237942 +0530,
-150,z,39,3,9,z,1,0.808136542000284,None,,,,,9,3,39,3,,,,,112.22880137500033,,112.22168070899716,112.22880137500033,113.21838645899697,113.21838645899697,113.21838645899697,113.21838645899697,113.22581299999729,114.21837604199754,114.21837604199754,115.03746141699958,z,1,0.808136542000284,None,,,,,,,,,,,,,,,s-4/200,"001",2025-10-01_20h41.26.213,Motor sequence Learning task_Recent_Experiment_Tutorial 4_Urvashi Bhansali_AU2320139,,2025.2.0,None,2025-10-01 20h41.26.237942 +0530,
-50,x,40,0,10,x,1,0.5404528750004829,None,,,,,10,0,40,0,,,,,115.0501325419973,,115.0383230419975,115.0501325419973,116.03516145899994,116.03516145899994,116.03516145899994,116.03516145899994,116.0425959589993,117.03502283399939,117.03502283399939,117.57749716699982,x,1,0.5404528750004829,None,,,,,,,,,,,,,,,s-4/200,"001",2025-10-01_20h41.26.213,Motor sequence Learning task_Recent_Experiment_Tutorial 4_Urvashi Bhansali_AU2320139,,2025.2.0,None,2025-10-01 20h41.26.237942 +0530,
150,v,41,1,10,v,1,0.8859262499972829,None,,,,,10,1,41,1,,,,,117.58929887499835,,117.57804475000012,117.58929887499835,118.56900200000018,118.56900200000018,118.56900200000018,118.56900200000018,118.58521479199771,119.57652712499839,119.57652712499839,120.47039166699687,v,1,0.8859262499972829,None,,,,,,,,,,,,,,,s-4/200,"001",2025-10-01_20h41.26.213,Motor sequence Learning task_Recent_Experiment_Tutorial 4_Urvashi Bhansali_AU2320139,,2025.2.0,None,2025-10-01 20h41.26.237942 +0530,
50,c,42,2,10,c,1,0.7968398739976692,None,,,,,10,2,42,2,,,,,120.48203504199773,,120.47106004200032,120.48203504199773,121.46867429199847,121.46867429199847,121.46867429199847,121.46867429199847,121.47621399999844,122.46843570899728,122.46843570899728,123.27027254199857,c,1,0.7968398739976692,None,,,,,,,,,,,,,,,s-4/200,"001",2025-10-01_20h41.26.213,Motor sequence Learning task_Recent_Experiment_Tutorial 4_Urvashi Bhansali_AU2320139,,2025.2.0,None,2025-10-01 20h41.26.237942 +0530,
-150,z,43,3,10,z,1,0.4918058330003987,None,,,,,10,3,43,3,,,,,123.28188570899874,,123.27082049999808,123.28188570899874,124.26868612499675,124.26868612499675,124.26868612499675,124.26868612499675,124.27596587500011,125.28647358399758,125.28647358399758,125.7874065420001,z,1,0.4918058330003987,None,,,,,,,,,,,,,,,s-4/200,"001",2025-10-01_20h41.26.213,Motor sequence Learning task_Recent_Experiment_Tutorial 4_Urvashi Bhansali_AU2320139,,2025.2.0,None,2025-10-01 20h41.26.237942 +0530,
-50,x,44,0,11,x,1,0.7365504580011475,None,,,,,11,0,44,0,,,,,125.79971954199937,,125.78825566699743,125.79971954199937,126.78520079199734,126.78520079199734,126.78520079199734,126.78520079199734,126.79272808399764,127.77758120900035,127.77758120900035,128.52010754199728,x,1,0.7365504580011475,None,,,,,,,,,,,,,,,s-4/200,"001",2025-10-01_20h41.26.213,Motor sequence Learning task_Recent_Experiment_Tutorial 4_Urvashi Bhansali_AU2320139,,2025.2.0,None,2025-10-01 20h41.26.237942 +0530,
150,v,45,1,11,v,1,1.6073220409998612,None,,,,,11,1,45,1,,,,,128.53147466699738,,128.52068449999933,128.53147466699738,129.5183029999971,129.5183029999971,129.5183029999971,129.5183029999971,129.52565099999993,130.51888249999683,130.51888249999683,132.1366005839991,v,1,1.6073220409998612,None,,,,,,,,,,,,,,,s-4/200,"001",2025-10-01_20h41.26.213,Motor sequence Learning task_Recent_Experiment_Tutorial 4_Urvashi Bhansali_AU2320139,,2025.2.0,None,2025-10-01 20h41.26.237942 +0530,
50,c,46,2,11,c,1,0.9504405409970786,None,,,,,11,2,46,2,,,,,132.14837408399762,,132.1371507499971,132.14837408399762,133.1350827089991,133.1350827089991,133.1350827089991,133.1350827089991,133.14251087499724,134.13500008399933,134.13500008399933,135.08722733399918,c,1,0.9504405409970786,None,,,,,,,,,,,,,,,s-4/200,"001",2025-10-01_20h41.26.213,Motor sequence Learning task_Recent_Experiment_Tutorial 4_Urvashi Bhansali_AU2320139,,2025.2.0,None,2025-10-01 20h41.26.237942 +0530,
-150,z,47,3,11,z,1,0.5519142910015944,None,,,,,11,3,47,3,,,,,135.09913637499994,,135.08783024999866,135.09913637499994,136.08491729199886,136.08491729199886,136.08491729199886,136.08491729199886,136.09293462499772,137.085063833998,137.085063833998,137.64442304199838,z,1,0.5519142910015944,None,,,,,,,,,,,,,,,s-4/200,"001",2025-10-01_20h41.26.213,Motor sequence Learning task_Recent_Experiment_Tutorial 4_Urvashi Bhansali_AU2320139,,2025.2.0,None,2025-10-01 20h41.26.237942 +0530,
-50,x,48,0,12,x,1,0.3285940829991887,None,,,,,12,0,48,0,,,,,137.65603645899682,,137.6449342499982,137.65603645899682,138.6435174170001,138.6435174170001,138.6435174170001,138.6435174170001,138.6698932090003,139.64334458399753,139.64334458399753,139.9771765839978,x,1,0.3285940829991887,None,,,,,,,,,,,,,,,s-4/200,"001",2025-10-01_20h41.26.213,Motor sequence Learning task_Recent_Experiment_Tutorial 4_Urvashi Bhansali_AU2320139,,2025.2.0,None,2025-10-01 20h41.26.237942 +0530,
150,v,49,1,12,v,1,0.8882401669980027,None,,,,,12,1,49,1,,,,,139.98891383399678,,139.97771250000005,139.98891383399678,140.9772071669977,140.9772071669977,140.9772071669977,140.9772071669977,141.0032309169983,141.97670862499945,141.97670862499945,142.87025224999888,v,1,0.8882401669980027,None,,,,,,,,,,,,,,,s-4/200,"001",2025-10-01_20h41.26.213,Motor sequence Learning task_Recent_Experiment_Tutorial 4_Urvashi Bhansali_AU2320139,,2025.2.0,None,2025-10-01 20h41.26.237942 +0530,
50,c,50,2,12,x,0,0.5402779169999121,None,,,,,12,2,50,2,,,,,142.88211362499715,,142.87098537499696,142.88211362499715,143.86830704199747,143.86830704199747,143.86830704199747,143.86830704199747,143.8756487089995,144.8685313749993,144.8685313749993,145.41086433399687,x,0,0.5402779169999121,None,,,,,,,,,,,,,,,s-4/200,"001",2025-10-01_20h41.26.213,Motor sequence Learning task_Recent_Experiment_Tutorial 4_Urvashi Bhansali_AU2320139,,2025.2.0,None,2025-10-01 20h41.26.237942 +0530,
-150,z,51,3,12,z,1,0.423045915998955,None,,,,,12,3,51,3,,,,,145.42276212499928,,145.41160608399878,145.42276212499928,146.4103256669987,146.4103256669987,146.4103256669987,146.4103256669987,146.4363799999992,147.40983737499846,147.40983737499846,147.83834658399792,z,1,0.423045915998955,None,,,,,,,,,,,,,,,s-4/200,"001",2025-10-01_20h41.26.213,Motor sequence Learning task_Recent_Experiment_Tutorial 4_Urvashi Bhansali_AU2320139,,2025.2.0,None,2025-10-01 20h41.26.237942 +0530,
-50,x,52,0,13,x,1,0.3495928330012248,None,,,,,13,0,52,0,,,,,147.85018066699922,,147.83901595899806,147.85018066699922,148.83502933399723,148.83502933399723,148.83502933399723,148.83502933399723,148.84225074999995,149.8351638339991,149.8351638339991,150.18682508399797,x,1,0.3495928330012248,None,,,,,,,,,,,,,,,s-4/200,"001",2025-10-01_20h41.26.213,Motor sequence Learning task_Recent_Experiment_Tutorial 4_Urvashi Bhansali_AU2320139,,2025.2.0,None,2025-10-01 20h41.26.237942 +0530,
150,v,53,1,13,v,1,0.5285980410008051,None,,,,,13,1,53,1,,,,,150.19874024999808,,150.18746037500023,150.19874024999808,151.18495141699896,151.18495141699896,151.18495141699896,151.18495141699896,151.1923999999999,152.18502537499808,152.18502537499808,152.7203413339994,v,1,0.5285980410008051,None,,,,,,,,,,,,,,,s-4/200,"001",2025-10-01_20h41.26.213,Motor sequence Learning task_Recent_Experiment_Tutorial 4_Urvashi Bhansali_AU2320139,,2025.2.0,None,2025-10-01 20h41.26.237942 +0530,
50,c,54,2,13,c,1,0.7552246250015742,None,,,,,13,2,54,2,,,,,152.731685499999,,152.72092049999992,152.731685499999,153.7190318339999,153.7190318339999,153.7190318339999,153.7190318339999,153.72583725000004,154.71833199999674,154.71833199999674,155.47696529199675,c,1,0.7552246250015742,None,,,,,,,,,,,,,,,s-4/200,"001",2025-10-01_20h41.26.213,Motor sequence Learning task_Recent_Experiment_Tutorial 4_Urvashi Bhansali_AU2320139,,2025.2.0,None,2025-10-01 20h41.26.237942 +0530,
-150,z,55,3,13,z,1,0.3496054169991112,None,,,,,13,3,55,3,,,,,155.48874691699893,,155.47752525000033,155.48874691699893,156.4682851669968,156.4682851669968,156.4682851669968,156.4682851669968,156.4850721249968,157.47596145900025,157.47596145900025,157.8271531249993,z,1,0.3496054169991112,None,,,,,,,,,,,,,,,s-4/200,"001",2025-10-01_20h41.26.213,Motor sequence Learning task_Recent_Experiment_Tutorial 4_Urvashi Bhansali_AU2320139,,2025.2.0,None,2025-10-01 20h41.26.237942 +0530,
-50,x,56,0,14,x,1,0.36452304200065555,None,,,,,14,0,56,0,,,,,157.83899883399863,,157.82767912499912,157.83899883399863,158.81832054199913,158.81832054199913,158.81832054199913,158.81832054199913,158.83505958399837,159.82605329199941,159.82605329199941,160.19433245899927,x,1,0.36452304200065555,None,,,,,,,,,,,,,,,s-4/200,"001",2025-10-01_20h41.26.213,Motor sequence Learning task_Recent_Experiment_Tutorial 4_Urvashi Bhansali_AU2320139,,2025.2.0,None,2025-10-01 20h41.26.237942 +0530,
150,v,57,1,14,v,1,0.2834949160023825,None,,,,,14,1,57,1,,,,,160.20616891699683,,160.1948627089987,160.20616891699683,161.1932107499997,161.1932107499997,161.1932107499997,161.1932107499997,161.20159337499717,162.1929261669975,162.1929261669975,162.48655245899863,v,1,0.2834949160023825,None,,,,,,,,,,,,,,,s-4/200,"001",2025-10-01_20h41.26.213,Motor sequence Learning task_Recent_Experiment_Tutorial 4_Urvashi Bhansali_AU2320139,,2025.2.0,None,2025-10-01 20h41.26.237942 +0530,
50,c,58,2,14,c,1,0.5062542909981858,None,,,,,14,2,58,2,,,,,162.4980532089976,,162.48705937499835,162.4980532089976,163.48492383399935,163.48492383399935,163.48492383399935,163.48492383399935,163.4929212499992,164.4851775419993,164.4851775419993,164.99427166699752,c,1,0.5062542909981858,None,,,,,,,,,,,,,,,s-4/200,"001",2025-10-01_20h41.26.213,Motor sequence Learning task_Recent_Experiment_Tutorial 4_Urvashi Bhansali_AU2320139,,2025.2.0,None,2025-10-01 20h41.26.237942 +0530,
-150,z,59,3,14,z,1,0.4126281239987293,None,,,,,14,3,59,3,,,,,165.005788708997,,164.99477812499754,165.005788708997,165.99301504199684,165.99301504199684,165.99301504199684,165.99301504199684,166.00197874999867,166.99275470899738,166.99275470899738,167.4103903340001,z,1,0.4126281239987293,None,,,,,,,,,,,,,,,s-4/200,"001",2025-10-01_20h41.26.213,Motor sequence Learning task_Recent_Experiment_Tutorial 4_Urvashi Bhansali_AU2320139,,2025.2.0,None,2025-10-01 20h41.26.237942 +0530,
-50,x,60,0,15,x,1,0.36994654099908075,None,,,,,15,0,60,0,,,,,167.4223841669991,,167.41090574999907,167.4223841669991,168.40987058399696,168.40987058399696,168.40987058399696,168.40987058399696,168.41931962499802,169.4103449590002,169.4103449590002,169.78716145900034,x,1,0.36994654099908075,None,,,,,,,,,,,,,,,s-4/200,"001",2025-10-01_20h41.26.213,Motor sequence Learning task_Recent_Experiment_Tutorial 4_Urvashi Bhansali_AU2320139,,2025.2.0,None,2025-10-01 20h41.26.237942 +0530,
150,v,61,1,15,v,1,0.292329083000368,None,,,,,15,1,61,1,,,,,169.7977816249986,,169.78767904199776,169.7977816249986,170.78509987500001,170.78509987500001,170.78509987500001,170.78509987500001,170.79301029199996,171.7849277919995,171.7849277919995,172.0864314169994,v,1,0.292329083000368,None,,,,,,,,,,,,,,,s-4/200,"001",2025-10-01_20h41.26.213,Motor sequence Learning task_Recent_Experiment_Tutorial 4_Urvashi Bhansali_AU2320139,,2025.2.0,None,2025-10-01 20h41.26.237942 +0530,
50,c,62,2,15,c,1,0.2872871250001481,None,,,,,15,2,62,2,,,,,172.09688983399974,,172.08693516699714,172.09688983399974,173.07602479199704,173.07602479199704,173.07602479199704,173.07602479199704,173.09231358399848,174.08489429199835,174.08489429199835,174.38797354199778,c,1,0.2872871250001481,None,,,,,,,,,,,,,,,s-4/200,"001",2025-10-01_20h41.26.213,Motor sequence Learning task_Recent_Experiment_Tutorial 4_Urvashi Bhansali_AU2320139,,2025.2.0,None,2025-10-01 20h41.26.237942 +0530,
-150,z,63,3,15,z,1,0.3145408739983395,None,,,,,15,3,63,3,,,,,174.39786270900004,,174.38850787499905,174.39786270900004,175.3849006249984,175.3849006249984,175.3849006249984,175.3849006249984,175.39222991699717,176.38554933399791,176.38554933399791,176.72159183399708,z,1,0.3145408739983395,None,,,,,,,,,,,,,,,s-4/200,"001",2025-10-01_20h41.26.213,Motor sequence Learning task_Recent_Experiment_Tutorial 4_Urvashi Bhansali_AU2320139,,2025.2.0,None,2025-10-01 20h41.26.237942 +0530,
-50,x,64,0,16,x,1,0.2588087080002879,None,,,,,16,0,64,0,,,,,176.7351271669977,,176.72215329199753,176.7351271669977,177.71824458399715,177.71824458399715,177.71824458399715,177.71824458399715,177.72595824999735,178.7364427499997,178.7364427499997,179.0047667919971,x,1,0.2588087080002879,None,,,,,,,,,,,,,,,s-4/200,"001",2025-10-01_20h41.26.213,Motor sequence Learning task_Recent_Experiment_Tutorial 4_Urvashi Bhansali_AU2320139,,2025.2.0,None,2025-10-01 20h41.26.237942 +0530,
150,v,65,1,16,v,1,0.3249595830020553,None,,,,,16,1,65,1,,,,,179.01658629200028,,179.00538366699766,179.01658629200028,180.00206658399838,180.00206658399838,180.00206658399838,180.00206658399838,180.00920524999674,181.00202029199863,181.00202029199863,181.33684316699873,v,1,0.3249595830020553,None,,,,,,,,,,,,,,,s-4/200,"001",2025-10-01_20h41.26.213,Motor sequence Learning task_Recent_Experiment_Tutorial 4_Urvashi Bhansali_AU2320139,,2025.2.0,None,2025-10-01 20h41.26.237942 +0530,
50,c,66,2,16,c,1,0.31550562499978696,None,,,,,16,2,66,2,,,,,181.3485056669997,,181.33753116699882,181.3485056669997,182.3267937089986,182.3267937089986,182.3267937089986,182.3267937089986,182.3424748340003,183.33546312499675,183.33546312499675,183.65352429199993,c,1,0.31550562499978696,None,,,,,,,,,,,,,,,s-4/200,"001",2025-10-01_20h41.26.213,Motor sequence Learning task_Recent_Experiment_Tutorial 4_Urvashi Bhansali_AU2320139,,2025.2.0,None,2025-10-01 20h41.26.237942 +0530,
-150,z,67,3,16,z,1,0.25894879100087564,None,,,,,16,3,67,3,,,,,183.66500341699793,,183.6540817919995,183.66500341699793,184.65201683399937,184.65201683399937,184.65201683399937,184.65201683399937,184.659158749997,185.65194291700027,185.65194291700027,185.9201699169971,z,1,0.25894879100087564,None,,,,,,,,,,,,,,,s-4/200,"001",2025-10-01_20h41.26.213,Motor sequence Learning task_Recent_Experiment_Tutorial 4_Urvashi Bhansali_AU2320139,,2025.2.0,None,2025-10-01 20h41.26.237942 +0530,
-50,x,68,0,17,x,1,0.8521187499973166,None,,,,,17,0,68,0,,,,,185.93121237499872,,185.9207310419988,185.93121237499872,186.91876124999908,186.91876124999908,186.91876124999908,186.91876124999908,186.92591291699864,187.9187088749968,187.9187088749968,188.77759616699768,x,1,0.8521187499973166,None,,,,,,,,,,,,,,,s-4/200,"001",2025-10-01_20h41.26.213,Motor sequence Learning task_Recent_Experiment_Tutorial 4_Urvashi Bhansali_AU2320139,,2025.2.0,None,2025-10-01 20h41.26.237942 +0530,
150,v,69,1,17,v,1,0.26742458299850114,None,,,,,17,1,69,1,,,,,188.78894545899675,,188.77817708399743,188.78894545899675,189.7760578339985,189.7760578339985,189.7760578339985,189.7760578339985,189.78543408399855,190.7762834999994,190.7762834999994,191.05414049999672,v,1,0.26742458299850114,None,,,,,,,,,,,,,,,s-4/200,"001",2025-10-01_20h41.26.213,Motor sequence Learning task_Recent_Experiment_Tutorial 4_Urvashi Bhansali_AU2320139,,2025.2.0,None,2025-10-01 20h41.26.237942 +0530,
50,c,70,2,17,c,1,0.30936225000186823,None,,,,,17,2,70,2,,,,,191.06550974999845,,191.0549287089998,191.06550974999845,192.05202895899856,192.05202895899856,192.05202895899856,192.05202895899856,192.0591851249992,193.05229570899974,193.05229570899974,193.37050341699796,c,1,0.30936225000186823,None,,,,,,,,,,,,,,,s-4/200,"001",2025-10-01_20h41.26.213,Motor sequence Learning task_Recent_Experiment_Tutorial 4_Urvashi Bhansali_AU2320139,,2025.2.0,None,2025-10-01 20h41.26.237942 +0530,
-150,z,71,3,17,z,1,0.2730257490002259,None,,,,,17,3,71,3,,,,,193.38216112499867,,193.3712693339985,193.38216112499867,194.36893608399987,194.36893608399987,194.36893608399987,194.36893608399987,194.37547966700004,195.36863679199814,195.36863679199814,195.6442457919984,z,1,0.2730257490002259,None,,,,,,,,,,,,,,,s-4/200,"001",2025-10-01_20h41.26.213,Motor sequence Learning task_Recent_Experiment_Tutorial 4_Urvashi Bhansali_AU2320139,,2025.2.0,None,2025-10-01 20h41.26.237942 +0530,
-50,x,72,0,18,x,1,0.27732866600126727,None,,,,,18,0,72,0,,,,,195.65555999999924,,195.64477429199906,195.65555999999924,196.64238858399767,196.64238858399767,196.64238858399767,196.64238858399767,196.65215816699856,197.65314299999955,197.65314299999955,197.93693808399985,x,1,0.27732866600126727,None,,,,,,,,,,,,,,,s-4/200,"001",2025-10-01_20h41.26.213,Motor sequence Learning task_Recent_Experiment_Tutorial 4_Urvashi Bhansali_AU2320139,,2025.2.0,None,2025-10-01 20h41.26.237942 +0530,
150,v,73,1,18,v,1,0.29140820799875655,None,,,,,18,1,73,1,,,,,197.94782904199747,,197.93748595899888,197.94782904199747,198.92699466699924,198.92699466699924,198.92699466699924,198.92699466699924,198.94332041699818,199.95313687499947,199.95313687499947,200.2534870419986,v,1,0.29140820799875655,None,,,,,,,,,,,,,,,s-4/200,"001",2025-10-01_20h41.26.213,Motor sequence Learning task_Recent_Experiment_Tutorial 4_Urvashi Bhansali_AU2320139,,2025.2.0,None,2025-10-01 20h41.26.237942 +0530,
50,c,74,2,18,c,1,0.4685802499989222,None,,,,,18,2,74,2,,,,,200.26414208399729,,200.254037374998,200.26414208399729,201.25214162499833,201.25214162499833,201.25214162499833,201.25214162499833,201.2594079169976,202.25198195899793,202.25198195899793,202.72790208399965,c,1,0.4685802499989222,None,,,,,,,,,,,,,,,s-4/200,"001",2025-10-01_20h41.26.213,Motor sequence Learning task_Recent_Experiment_Tutorial 4_Urvashi Bhansali_AU2320139,,2025.2.0,None,2025-10-01 20h41.26.237942 +0530,
-150,z,75,3,18,z,1,0.33002666700122063,None,,,,,18,3,75,3,,,,,202.73907612499897,,202.7284508749981,202.73907612499897,203.72657137499846,203.72657137499846,203.72657137499846,203.72657137499846,203.73551799999768,204.72642854199876,204.72642854199876,205.06073662499693,z,1,0.33002666700122063,None,,,,,,,,,,,,,,,s-4/200,"001",2025-10-01_20h41.26.213,Motor sequence Learning task_Recent_Experiment_Tutorial 4_Urvashi Bhansali_AU2320139,,2025.2.0,None,2025-10-01 20h41.26.237942 +0530,
-50,x,76,0,19,x,1,0.2699903329994413,None,,,,,19,0,76,0,,,,,205.0716036249978,,205.06126224999753,205.0716036249978,206.0596446669988,206.0596446669988,206.0596446669988,206.0596446669988,206.0688822919983,207.05944641699898,207.05944641699898,207.33699966699714,x,1,0.2699903329994413,None,,,,,,,,,,,,,,,s-4/200,"001",2025-10-01_20h41.26.213,Motor sequence Learning task_Recent_Experiment_Tutorial 4_Urvashi Bhansali_AU2320139,,2025.2.0,None,2025-10-01 20h41.26.237942 +0530,
150,v,77,1,19,v,1,0.27596279100180254,None,,,,,19,1,77,1,,,,,207.34792624999682,,207.33763162499963,207.34792624999682,208.3355835000002,208.3355835000002,208.3355835000002,208.3355835000002,208.34274083399941,209.33543941699827,209.33543941699827,209.62019166699974,v,1,0.27596279100180254,None,,,,,,,,,,,,,,,s-4/200,"001",2025-10-01_20h41.26.213,Motor sequence Learning task_Recent_Experiment_Tutorial 4_Urvashi Bhansali_AU2320139,,2025.2.0,None,2025-10-01 20h41.26.237942 +0530,
50,c,78,2,19,c,1,0.3165835830004653,None,,,,,19,2,78,2,,,,,209.63174074999915,,209.62137245899794,209.63174074999915,210.61860295899896,210.61860295899896,210.61860295899896,210.61860295899896,210.625923874999,211.61875149999833,211.61875149999833,211.93727758399837,c,1,0.3165835830004653,None,,,,,,,,,,,,,,,s-4/200,"001",2025-10-01_20h41.26.213,Motor sequence Learning task_Recent_Experiment_Tutorial 4_Urvashi Bhansali_AU2320139,,2025.2.0,None,2025-10-01 20h41.26.237942 +0530,
-150,z,79,3,19,z,1,0.2818526250011928,None,,,,,19,3,79,3,,,,,211.94866204199934,,211.93821024999852,211.94866204199934,212.93540399999983,212.93540399999983,212.93540399999983,212.93540399999983,212.94221333399764,213.9354089169974,213.9354089169974,214.22055649999675,z,1,0.2818526250011928,None,,,,,,,,,,,,,,,s-4/200,"001",2025-10-01_20h41.26.213,Motor sequence Learning task_Recent_Experiment_Tutorial 4_Urvashi Bhansali_AU2320139,,2025.2.0,None,2025-10-01 20h41.26.237942 +0530,
-50,x,80,0,20,x,1,0.22239216600064537,None,,,,,20,0,80,0,,,,,214.23198308399878,,214.22137254199697,214.23198308399878,215.21871416700014,215.21871416700014,215.21871416700014,215.21871416700014,215.2259675839996,216.21879733399692,216.21879733399692,216.4438874169973,x,1,0.22239216600064537,None,,,,,,,,,,,,,,,s-4/200,"001",2025-10-01_20h41.26.213,Motor sequence Learning task_Recent_Experiment_Tutorial 4_Urvashi Bhansali_AU2320139,,2025.2.0,None,2025-10-01 20h41.26.237942 +0530,
150,v,81,1,20,v,1,0.28645316600159276,None,,,,,20,1,81,1,,,,,216.45514954199825,,216.44437791699966,216.45514954199825,217.44286250000005,217.44286250000005,217.44286250000005,217.44286250000005,217.4521426249994,218.44264779199875,218.44264779199875,218.73725187499804,v,1,0.28645316600159276,None,,,,,,,,,,,,,,,s-4/200,"001",2025-10-01_20h41.26.213,Motor sequence Learning task_Recent_Experiment_Tutorial 4_Urvashi Bhansali_AU2320139,,2025.2.0,None,2025-10-01 20h41.26.237942 +0530,
50,c,82,2,20,c,1,0.266660083001625,None,,,,,20,2,82,2,,,,,218.74850149999838,,218.73801908399764,218.74850149999838,219.73504204199708,219.73504204199708,219.73504204199708,219.73504204199708,219.74239883399787,220.73541120899972,220.73541120899972,221.00347941699874,c,1,0.266660083001625,None,,,,,,,,,,,,,,,s-4/200,"001",2025-10-01_20h41.26.213,Motor sequence Learning task_Recent_Experiment_Tutorial 4_Urvashi Bhansali_AU2320139,,2025.2.0,None,2025-10-01 20h41.26.237942 +0530,
-150,z,83,3,20,z,1,0.2600610420013254,None,,,,,20,3,83,3,,,,,221.01215287499872,,221.00403983399883,221.01215287499872,222.0016085419993,222.0016085419993,222.0016085419993,222.0016085419993,222.00939379199917,223.00195374999748,223.00195374999748,223.27006529199934,z,1,0.2600610420013254,None,,,,,,,,,,,,,,,s-4/200,"001",2025-10-01_20h41.26.213,Motor sequence Learning task_Recent_Experiment_Tutorial 4_Urvashi Bhansali_AU2320139,,2025.2.0,None,2025-10-01 20h41.26.237942 +0530,
-50,x,84,0,21,x,1,0.21828049900068436,None,,,,,21,0,84,0,,,,,223.28025324999908,,223.27063124999768,223.28025324999908,224.2683730839999,224.2683730839999,224.2683730839999,224.2683730839999,224.27576095899713,225.26873170899853,225.26873170899853,225.4943827499992,x,1,0.21828049900068436,None,,,,,,,,,,,,,,,s-4/200,"001",2025-10-01_20h41.26.213,Motor sequence Learning task_Recent_Experiment_Tutorial 4_Urvashi Bhansali_AU2320139,,2025.2.0,None,2025-10-01 20h41.26.237942 +0530,
150,v,85,1,21,v,1,0.3007815830023901,None,,,,,21,1,85,1,,,,,225.50492454199775,,225.4949377089979,225.50492454199775,226.4933319169977,226.4933319169977,226.4933319169977,226.4933319169977,226.50232924999727,227.49303695900016,227.49303695900016,227.803476416997,v,1,0.3007815830023901,None,,,,,,,,,,,,,,,s-4/200,"001",2025-10-01_20h41.26.213,Motor sequence Learning task_Recent_Experiment_Tutorial 4_Urvashi Bhansali_AU2320139,,2025.2.0,None,2025-10-01 20h41.26.237942 +0530,
50,c,86,2,21,c,1,0.3263571249990491,None,,,,,21,2,86,2,,,,,227.81538012499732,,227.80413979199875,227.81538012499732,228.7928654999996,228.7928654999996,228.7928654999996,228.7928654999996,228.80945900000006,229.80152687499867,229.80152687499867,230.13672108399987,c,1,0.3263571249990491,None,,,,,,,,,,,,,,,s-4/200,"001",2025-10-01_20h41.26.213,Motor sequence Learning task_Recent_Experiment_Tutorial 4_Urvashi Bhansali_AU2320139,,2025.2.0,None,2025-10-01 20h41.26.237942 +0530,
-150,z,87,3,21,z,1,0.27042045800044434,None,,,,,21,3,87,3,,,,,230.14856224999676,,230.1372597089976,230.14856224999676,231.1355298339986,231.1355298339986,231.1355298339986,231.1355298339986,231.14248804199815,232.13539004199993,232.13539004199993,232.41109741699984,z,1,0.27042045800044434,None,,,,,,,,,,,,,,,s-4/200,"001",2025-10-01_20h41.26.213,Motor sequence Learning task_Recent_Experiment_Tutorial 4_Urvashi Bhansali_AU2320139,,2025.2.0,None,2025-10-01 20h41.26.237942 +0530,
-50,x,88,0,22,x,1,0.24764299999878858,None,,,,,22,0,88,0,,,,,232.4223497089988,,232.41165354199984,232.4223497089988,233.4099631249992,233.4099631249992,233.4099631249992,233.4099631249992,233.418637458999,234.41112662500018,234.41112662500018,234.6600678750001,x,1,0.24764299999878858,None,,,,,,,,,,,,,,,s-4/200,"001",2025-10-01_20h41.26.213,Motor sequence Learning task_Recent_Experiment_Tutorial 4_Urvashi Bhansali_AU2320139,,2025.2.0,None,2025-10-01 20h41.26.237942 +0530,
150,v,89,1,22,v,1,0.28615541600083816,None,,,,,22,1,89,1,,,,,234.671989708997,,234.66062237499864,234.671989708997,235.65917337499923,235.65917337499923,235.65917337499923,235.65917337499923,235.66882112500025,236.6604964170001,236.6604964170001,236.95362570900033,v,1,0.28615541600083816,None,,,,,,,,,,,,,,,s-4/200,"001",2025-10-01_20h41.26.213,Motor sequence Learning task_Recent_Experiment_Tutorial 4_Urvashi Bhansali_AU2320139,,2025.2.0,None,2025-10-01 20h41.26.237942 +0530,
50,c,90,2,22,c,1,0.26424675000089337,None,,,,,22,2,90,2,,,,,236.96531491699716,,236.9541876669973,236.96531491699716,237.95158004199766,237.95158004199766,237.95158004199766,237.95158004199766,237.95891945899712,238.95146183399993,238.95146183399993,239.22128954199798,c,1,0.26424675000089337,None,,,,,,,,,,,,,,,s-4/200,"001",2025-10-01_20h41.26.213,Motor sequence Learning task_Recent_Experiment_Tutorial 4_Urvashi Bhansali_AU2320139,,2025.2.0,None,2025-10-01 20h41.26.237942 +0530,
-150,z,91,3,22,z,1,0.3022068739992392,None,,,,,22,3,91,3,,,,,239.23355541699857,,239.22207279199938,239.23355541699857,240.21821283399913,240.21821283399913,240.21821283399913,240.21821283399913,240.22551929199835,241.21840404199975,241.21840404199975,241.5278959999996,z,1,0.3022068739992392,None,,,,,,,,,,,,,,,s-4/200,"001",2025-10-01_20h41.26.213,Motor sequence Learning task_Recent_Experiment_Tutorial 4_Urvashi Bhansali_AU2320139,,2025.2.0,None,2025-10-01 20h41.26.237942 +0530,
-50,x,92,0,23,x,1,0.2659895830001915,None,,,,,23,0,92,0,,,,,241.53912245899846,,241.5284882499982,241.53912245899846,242.5265790839985,242.5265790839985,242.5265790839985,242.5265790839985,242.53482499999882,243.5265291249998,243.5265291249998,243.80334445900007,x,1,0.2659895830001915,None,,,,,,,,,,,,,,,s-4/200,"001",2025-10-01_20h41.26.213,Motor sequence Learning task_Recent_Experiment_Tutorial 4_Urvashi Bhansali_AU2320139,,2025.2.0,None,2025-10-01 20h41.26.237942 +0530,
150,v,93,1,23,v,1,0.3100656249989697,None,,,,,23,1,93,1,,,,,243.81477433399778,,243.80392070899688,243.81477433399778,244.80216429199936,244.80216429199936,244.80216429199936,244.80216429199936,244.80948670900034,245.8014374589984,245.8014374589984,246.1200979589994,v,1,0.3100656249989697,None,,,,,,,,,,,,,,,s-4/200,"001",2025-10-01_20h41.26.213,Motor sequence Learning task_Recent_Experiment_Tutorial 4_Urvashi Bhansali_AU2320139,,2025.2.0,None,2025-10-01 20h41.26.237942 +0530,
50,c,94,2,23,c,1,0.2601047079988348,None,,,,,23,2,94,2,,,,,246.1313061669971,,246.12079837499914,246.1313061669971,247.11887479199868,247.11887479199868,247.11887479199868,247.11887479199868,247.12589299999672,248.1272616669994,248.1272616669994,248.39429233400006,c,1,0.2601047079988348,None,,,,,,,,,,,,,,,s-4/200,"001",2025-10-01_20h41.26.213,Motor sequence Learning task_Recent_Experiment_Tutorial 4_Urvashi Bhansali_AU2320139,,2025.2.0,None,2025-10-01 20h41.26.237942 +0530,
-150,z,95,3,23,z,1,0.29306575000009616,None,,,,,23,3,95,3,,,,,248.41962983399935,,248.3947843749993,248.41962983399935,249.3937119589973,249.3937119589973,249.3937119589973,249.3937119589973,249.43644175000009,250.3873401669989,250.3873401669989,250.6879530419974,z,1,0.29306575000009616,None,,,,,,,,,,,,,,,s-4/200,"001",2025-10-01_20h41.26.213,Motor sequence Learning task_Recent_Experiment_Tutorial 4_Urvashi Bhansali_AU2320139,,2025.2.0,None,2025-10-01 20h41.26.237942 +0530,
-50,x,96,0,24,x,1,0.2614950829993177,None,,,,,24,0,96,0,,,,,250.69789004199993,,250.68848116699883,250.69789004199993,251.68532691699875,251.68532691699875,251.68532691699875,251.68532691699875,251.6925597499976,252.68477254199752,252.68477254199752,252.95469541700004,x,1,0.2614950829993177,None,,,,,,,,,,,,,,,s-4/200,"001",2025-10-01_20h41.26.213,Motor sequence Learning task_Recent_Experiment_Tutorial 4_Urvashi Bhansali_AU2320139,,2025.2.0,None,2025-10-01 20h41.26.237942 +0530,
150,v,97,1,24,v,1,0.2888059159995464,None,,,,,24,1,97,1,,,,,252.96555524999712,,252.95547316699958,252.96555524999712,253.95155700000032,253.95155700000032,253.95155700000032,253.95155700000032,253.9588076250002,254.95148445899758,254.95148445899758,255.24455554199812,v,1,0.2888059159995464,None,,,,,,,,,,,,,,,s-4/200,"001",2025-10-01_20h41.26.213,Motor sequence Learning task_Recent_Experiment_Tutorial 4_Urvashi Bhansali_AU2320139,,2025.2.0,None,2025-10-01 20h41.26.237942 +0530,
50,c,98,2,24,c,1,0.2540046659996733,None,,,,,24,2,98,2,,,,,255.25561366699912,,255.24527033399863,255.25561366699912,256.24360237499786,256.24360237499786,256.24360237499786,256.24360237499786,256.2514471249997,257.2431136669984,257.2431136669984,257.50328970899864,c,1,0.2540046659996733,None,,,,,,,,,,,,,,,s-4/200,"001",2025-10-01_20h41.26.213,Motor sequence Learning task_Recent_Experiment_Tutorial 4_Urvashi Bhansali_AU2320139,,2025.2.0,None,2025-10-01 20h41.26.237942 +0530,
-150,z,99,3,24,z,1,0.3077850830013631,None,,,,,24,3,99,3,,,,,257.5134784169968,,257.5038033749988,257.5134784169968,258.4928487090001,258.4928487090001,258.4928487090001,258.4928487090001,258.5090672499973,259.5014263339981,259.5014263339981,259.8109599169984,z,1,0.3077850830013631,None,,,,,,,,,,,,,,,s-4/200,"001",2025-10-01_20h41.26.213,Motor sequence Learning task_Recent_Experiment_Tutorial 4_Urvashi Bhansali_AU2320139,,2025.2.0,None,2025-10-01 20h41.26.237942 +0530,
-50,x,100,0,25,x,1,0.27967262400125037,None,,,,,25,0,100,0,,,,,259.82160108399694,,259.81174904199725,259.82160108399694,260.81029687499904,260.81029687499904,260.81029687499904,260.81029687499904,260.8361925419995,261.8094615839982,261.8094615839982,262.0935911669985,x,1,0.27967262400125037,None,,,,,,,,,,,,,,,s-4/200,"001",2025-10-01_20h41.26.213,Motor sequence Learning task_Recent_Experiment_Tutorial 4_Urvashi Bhansali_AU2320139,,2025.2.0,None,2025-10-01 20h41.26.237942 +0530,
150,v,101,1,25,v,1,0.24916566600222723,None,,,,,25,1,101,1,,,,,262.1050676249979,,262.0941262089982,262.1050676249979,263.0852980419986,263.0852980419986,263.0852980419986,263.0852980419986,263.10202816699893,264.08480637499815,264.08480637499815,264.3372332500003,v,1,0.24916566600222723,None,,,,,,,,,,,,,,,s-4/200,"001",2025-10-01_20h41.26.213,Motor sequence Learning task_Recent_Experiment_Tutorial 4_Urvashi Bhansali_AU2320139,,2025.2.0,None,2025-10-01 20h41.26.237942 +0530,
50,c,102,2,25,c,1,0.2754701660014689,None,,,,,25,2,102,2,,,,,264.3487637090002,,264.337984709,264.3487637090002,265.33536008399824,265.33536008399824,265.33536008399824,265.33536008399824,265.3427804169987,266.33554912499676,266.33554912499676,266.6199967499997,c,1,0.2754701660014689,None,,,,,,,,,,,,,,,s-4/200,"001",2025-10-01_20h41.26.213,Motor sequence Learning task_Recent_Experiment_Tutorial 4_Urvashi Bhansali_AU2320139,,2025.2.0,None,2025-10-01 20h41.26.237942 +0530,
-150,z,103,3,25,z,1,0.27566749999823514,None,,,,,25,3,103,3,,,,,266.63136991699866,,266.620663583999,266.63136991699866,267.6182822919982,267.6182822919982,267.6182822919982,267.6182822919982,267.62551254199934,268.61815299999944,268.61815299999944,268.90359087499746,z,1,0.27566749999823514,None,,,,,,,,,,,,,,,s-4/200,"001",2025-10-01_20h41.26.213,Motor sequence Learning task_Recent_Experiment_Tutorial 4_Urvashi Bhansali_AU2320139,,2025.2.0,None,2025-10-01 20h41.26.237942 +0530,
-50,x,104,0,26,x,1,0.25650054099969566,None,,,,,26,0,104,0,,,,,268.9135254169996,,268.90410749999864,268.9135254169996,269.9015423749988,269.9015423749988,269.9015423749988,269.9015423749988,269.90905591699993,270.9014055419975,270.9014055419975,271.16127495899855,x,1,0.25650054099969566,None,,,,,,,,,,,,,,,s-4/200,"001",2025-10-01_20h41.26.213,Motor sequence Learning task_Recent_Experiment_Tutorial 4_Urvashi Bhansali_AU2320139,,2025.2.0,None,2025-10-01 20h41.26.237942 +0530,
150,v,105,1,26,v,1,0.3181126249983208,None,,,,,26,1,105,1,,,,,271.1719829169997,,271.161765249999,271.1719829169997,272.15985929199815,272.15985929199815,272.15985929199815,272.15985929199815,272.1861967499972,273.15976254199995,273.15976254199995,273.48668933399676,v,1,0.3181126249983208,None,,,,,,,,,,,,,,,s-4/200,"001",2025-10-01_20h41.26.213,Motor sequence Learning task_Recent_Experiment_Tutorial 4_Urvashi Bhansali_AU2320139,,2025.2.0,None,2025-10-01 20h41.26.237942 +0530,
50,c,106,2,26,c,1,0.32004720799886854,None,,,,,26,2,106,2,,,,,273.4971700419992,,273.48733162499775,273.4971700419992,274.48479766699893,274.48479766699893,274.48479766699893,274.48479766699893,274.4924955839997,275.4847402919986,275.4847402919986,275.8103740419974,c,1,0.32004720799886854,None,,,,,,,,,,,,,,,s-4/200,"001",2025-10-01_20h41.26.213,Motor sequence Learning task_Recent_Experiment_Tutorial 4_Urvashi Bhansali_AU2320139,,2025.2.0,None,2025-10-01 20h41.26.237942 +0530,
-150,z,107,3,26,z,1,0.297419082999113,None,,,,,26,3,107,3,,,,,275.82172841699867,,275.8109276670002,275.82172841699867,276.8014673749967,276.8014673749967,276.8014673749967,276.8014673749967,276.8187263339969,277.8103967499992,277.8103967499992,278.11027437499797,z,1,0.297419082999113,None,,,,,,,,,,,,,,,s-4/200,"001",2025-10-01_20h41.26.213,Motor sequence Learning task_Recent_Experiment_Tutorial 4_Urvashi Bhansali_AU2320139,,2025.2.0,None,2025-10-01 20h41.26.237942 +0530,
-50,x,108,0,27,c,0,0.27098383300108253,None,,,,,27,0,108,0,,,,,278.1217394999985,,278.1107796670003,278.1217394999985,279.109894666999,279.109894666999,279.109894666999,279.109894666999,279.1362600419998,280.10973258399827,280.10973258399827,280.3871896249984,c,0,0.27098383300108253,None,,,,,,,,,,,,,,,s-4/200,"001",2025-10-01_20h41.26.213,Motor sequence Learning task_Recent_Experiment_Tutorial 4_Urvashi Bhansali_AU2320139,,2025.2.0,None,2025-10-01 20h41.26.237942 +0530,
150,v,109,1,27,v,1,0.9198318329981703,None,,,,,27,1,109,1,,,,,280.39807920899693,,280.3879498749993,280.39807920899693,281.38480349999736,281.38480349999736,281.38480349999736,281.38480349999736,281.39209445899905,282.38474591699924,282.38474591699924,283.3107034169989,v,1,0.9198318329981703,None,,,,,,,,,,,,,,,s-4/200,"001",2025-10-01_20h41.26.213,Motor sequence Learning task_Recent_Experiment_Tutorial 4_Urvashi Bhansali_AU2320139,,2025.2.0,None,2025-10-01 20h41.26.237942 +0530,
50,c,110,2,27,c,1,0.6667339579980762,None,,,,,27,2,110,2,,,,,283.32177712499833,,283.3112442919992,283.32177712499833,284.30927395899926,284.30927395899926,284.30927395899926,284.30927395899926,284.3182461670003,285.30979266699796,285.30979266699796,285.9861517089994,c,1,0.6667339579980762,None,,,,,,,,,,,,,,,s-4/200,"001",2025-10-01_20h41.26.213,Motor sequence Learning task_Recent_Experiment_Tutorial 4_Urvashi Bhansali_AU2320139,,2025.2.0,None,2025-10-01 20h41.26.237942 +0530,
-150,z,111,3,27,z,1,0.3256901659988216,None,,,,,27,3,111,3,,,,,285.99616170899753,,285.98664554199786,285.99616170899753,286.97572270899764,286.97572270899764,286.97572270899764,286.97572270899764,286.9921418749982,287.984793833999,287.984793833999,288.32007424999756,z,1,0.3256901659988216,None,,,,,,,,,,,,,,,s-4/200,"001",2025-10-01_20h41.26.213,Motor sequence Learning task_Recent_Experiment_Tutorial 4_Urvashi Bhansali_AU2320139,,2025.2.0,None,2025-10-01 20h41.26.237942 +0530,
-50,x,112,0,28,x,1,0.2738935000015772,None,,,,,28,0,112,0,,,,,288.3324653749987,,288.32063424999797,288.3324653749987,289.3181459589978,289.3181459589978,289.3181459589978,289.3181459589978,289.3256085419998,290.3186375419973,290.3186375419973,290.6038092919989,x,1,0.2738935000015772,None,,,,,,,,,,,,,,,s-4/200,"001",2025-10-01_20h41.26.213,Motor sequence Learning task_Recent_Experiment_Tutorial 4_Urvashi Bhansali_AU2320139,,2025.2.0,None,2025-10-01 20h41.26.237942 +0530,
150,v,113,1,28,v,1,0.2722844579984667,None,,,,,28,1,113,1,,,,,290.6148272089995,,290.6046397499995,290.6148272089995,291.6014187919973,291.6014187919973,291.6014187919973,291.6014187919973,291.608787541998,292.6020813750001,292.6020813750001,292.87744762500006,v,1,0.2722844579984667,None,,,,,,,,,,,,,,,s-4/200,"001",2025-10-01_20h41.26.213,Motor sequence Learning task_Recent_Experiment_Tutorial 4_Urvashi Bhansali_AU2320139,,2025.2.0,None,2025-10-01 20h41.26.237942 +0530,
50,c,114,2,28,c,1,0.2510046659990621,None,,,,,28,2,114,2,,,,,292.88823262499864,,292.8779530840002,292.88823262499864,293.87575387499965,293.87575387499965,293.87575387499965,293.87575387499965,293.88530783399983,294.8763319999998,294.8763319999998,295.1373818339998,c,1,0.2510046659990621,None,,,,,,,,,,,,,,,s-4/200,"001",2025-10-01_20h41.26.213,Motor sequence Learning task_Recent_Experiment_Tutorial 4_Urvashi Bhansali_AU2320139,,2025.2.0,None,2025-10-01 20h41.26.237942 +0530,
-150,z,115,3,28,z,1,0.31834345800234587,None,,,,,28,3,115,3,,,,,295.14845074999903,,295.138289833998,295.14845074999903,296.134815874997,296.134815874997,296.134815874997,296.134815874997,296.1421099170002,297.1348351669985,297.1348351669985,297.4599134589989,z,1,0.31834345800234587,None,,,,,,,,,,,,,,,s-4/200,"001",2025-10-01_20h41.26.213,Motor sequence Learning task_Recent_Experiment_Tutorial 4_Urvashi Bhansali_AU2320139,,2025.2.0,None,2025-10-01 20h41.26.237942 +0530,
-50,x,116,0,29,x,1,0.27688995800053817,None,,,,,29,0,116,0,,,,,297.47144062499865,,297.4604621669969,297.47144062499865,298.45960758399815,298.45960758399815,298.45960758399815,298.45960758399815,298.4687641249984,299.45928074999756,299.45928074999756,299.74375333399803,x,1,0.27688995800053817,None,,,,,,,,,,,,,,,s-4/200,"001",2025-10-01_20h41.26.213,Motor sequence Learning task_Recent_Experiment_Tutorial 4_Urvashi Bhansali_AU2320139,,2025.2.0,None,2025-10-01 20h41.26.237942 +0530,
150,v,117,1,29,v,1,0.9113158750005823,None,,,,,29,1,117,1,,,,,299.7550935839972,,299.7443014169985,299.7550935839972,300.7423252089975,300.7423252089975,300.7423252089975,300.7423252089975,300.7515936669988,301.74272708399803,301.74272708399803,302.67121829199823,v,1,0.9113158750005823,None,,,,,,,,,,,,,,,s-4/200,"001",2025-10-01_20h41.26.213,Motor sequence Learning task_Recent_Experiment_Tutorial 4_Urvashi Bhansali_AU2320139,,2025.2.0,None,2025-10-01 20h41.26.237942 +0530,
50,c,118,2,29,c,1,0.42974233299901243,None,,,,,29,2,118,2,,,,,302.6821929589969,,302.6719462089968,302.6821929589969,303.66808145899995,303.66808145899995,303.66808145899995,303.66808145899995,303.6753553339986,304.6863422919996,304.6863422919996,305.12061158399956,c,1,0.42974233299901243,None,,,,,,,,,,,,,,,s-4/200,"001",2025-10-01_20h41.26.213,Motor sequence Learning task_Recent_Experiment_Tutorial 4_Urvashi Bhansali_AU2320139,,2025.2.0,None,2025-10-01 20h41.26.237942 +0530,
-150,z,119,3,29,z,1,0.2939612490008585,None,,,,,29,3,119,3,,,,,305.1293794589983,,305.1211144589979,305.1293794589983,306.11849249999796,306.11849249999796,306.11849249999796,306.11849249999796,306.1258941669985,307.1180325839996,307.1180325839996,307.41995583399694,z,1,0.2939612490008585,None,,,,,,,,,,,,,,,s-4/200,"001",2025-10-01_20h41.26.213,Motor sequence Learning task_Recent_Experiment_Tutorial 4_Urvashi Bhansali_AU2320139,,2025.2.0,None,2025-10-01 20h41.26.237942 +0530,
-50,x,120,0,30,x,1,0.3020094990024518,None,,,,,30,0,120,0,,,,,307.4301714590001,,307.4205559589973,307.4301714590001,308.41827908399864,308.41827908399864,308.41827908399864,308.41827908399864,308.4255357089969,309.4180223339972,309.4180223339972,309.7274859999998,x,1,0.3020094990024518,None,,,,,,,,,,,,,,,s-4/200,"001",2025-10-01_20h41.26.213,Motor sequence Learning task_Recent_Experiment_Tutorial 4_Urvashi Bhansali_AU2320139,,2025.2.0,None,2025-10-01 20h41.26.237942 +0530,
150,v,121,1,30,v,1,0.48766554100075155,None,,,,,30,1,121,1,,,,,309.738552584,,309.7280270839983,309.738552584,310.72623112499787,310.72623112499787,310.72623112499787,310.72623112499787,310.73572945900014,311.72627866699986,311.72627866699986,312.22114245899866,v,1,0.48766554100075155,None,,,,,,,,,,,,,,,s-4/200,"001",2025-10-01_20h41.26.213,Motor sequence Learning task_Recent_Experiment_Tutorial 4_Urvashi Bhansali_AU2320139,,2025.2.0,None,2025-10-01 20h41.26.237942 +0530,
50,c,122,2,30,c,1,0.26932275000217487,None,,,,,30,2,122,2,,,,,312.2312814589968,,312.22170924999955,312.2312814589968,313.21815287499703,313.21815287499703,313.21815287499703,313.21815287499703,313.2259801250002,314.2185754589991,314.2185754589991,314.49444087499796,c,1,0.26932275000217487,None,,,,,,,,,,,,,,,s-4/200,"001",2025-10-01_20h41.26.213,Motor sequence Learning task_Recent_Experiment_Tutorial 4_Urvashi Bhansali_AU2320139,,2025.2.0,None,2025-10-01 20h41.26.237942 +0530,
-150,z,123,3,30,z,1,0.24362983299943153,None,,,,,30,3,123,3,,,,,314.505485624999,,314.49521791699954,314.505485624999,315.4930153339992,315.4930153339992,315.4930153339992,315.4930153339992,315.5013717499969,316.4920920839977,316.4920920839977,316.7542911669989,z,1,0.24362983299943153,None,,,,,,,,,,,,,,,s-4/200,"001",2025-10-01_20h41.26.213,Motor sequence Learning task_Recent_Experiment_Tutorial 4_Urvashi Bhansali_AU2320139,,2025.2.0,None,2025-10-01 20h41.26.237942 +0530,
-50,x,124,0,31,x,1,0.4483724579986301,None,,,,,31,0,124,0,,,,,316.7694569589985,,316.75508487499974,316.7694569589985,317.75131829199745,317.75131829199745,317.75131829199745,317.75131829199745,317.76860616699923,318.75135058399974,318.75135058399974,319.20299941699705,x,1,0.4483724579986301,None,,,,,,,,,,,,,,,s-4/200,"001",2025-10-01_20h41.26.213,Motor sequence Learning task_Recent_Experiment_Tutorial 4_Urvashi Bhansali_AU2320139,,2025.2.0,None,2025-10-01 20h41.26.237942 +0530,
150,v,125,1,31,v,1,0.43833320799967623,None,,,,,31,1,125,1,,,,,319.2131816669971,,319.2035228749992,319.2131816669971,320.20190304199787,320.20190304199787,320.20190304199787,320.20190304199787,320.20919029200013,321.2013650839981,321.2013650839981,321.64351779199933,v,1,0.43833320799967623,None,,,,,,,,,,,,,,,s-4/200,"001",2025-10-01_20h41.26.213,Motor sequence Learning task_Recent_Experiment_Tutorial 4_Urvashi Bhansali_AU2320139,,2025.2.0,None,2025-10-01 20h41.26.237942 +0530,
50,c,126,2,31,c,1,0.20650108300105785,None,,,,,31,2,126,2,,,,,321.6551306250003,,321.6441632089991,321.6551306250003,322.6423765419968,322.6423765419968,322.6423765419968,322.6423765419968,322.6514861249998,323.6351620839996,323.6351620839996,323.84396299999935,c,1,0.20650108300105785,None,,,,,,,,,,,,,,,s-4/200,"001",2025-10-01_20h41.26.213,Motor sequence Learning task_Recent_Experiment_Tutorial 4_Urvashi Bhansali_AU2320139,,2025.2.0,None,2025-10-01 20h41.26.237942 +0530,
-150,z,127,3,31,z,1,0.40845087400157354,None,,,,,31,3,127,3,,,,,323.8551195419968,,323.844485499998,323.8551195419968,324.8424343339975,324.8424343339975,324.8424343339975,324.8424343339975,324.8519077919991,325.8421229589985,325.8421229589985,326.2530224589973,z,1,0.40845087400157354,None,,,,,,,,,,,,,,,s-4/200,"001",2025-10-01_20h41.26.213,Motor sequence Learning task_Recent_Experiment_Tutorial 4_Urvashi Bhansali_AU2320139,,2025.2.0,None,2025-10-01 20h41.26.237942 +0530,
-50,x,128,0,32,x,1,0.26810304099853965,None,,,,,32,0,128,0,,,,,326.26447358399673,,326.2535689999968,326.26447358399673,327.2514080000001,327.2514080000001,327.2514080000001,327.2514080000001,327.25899774999925,328.25137570899824,328.25137570899824,328.5269849999968,x,1,0.26810304099853965,None,,,,,,,,,,,,,,,s-4/200,"001",2025-10-01_20h41.26.213,Motor sequence Learning task_Recent_Experiment_Tutorial 4_Urvashi Bhansali_AU2320139,,2025.2.0,None,2025-10-01 20h41.26.237942 +0530,
150,v,129,1,32,v,1,0.3632654159991944,None,,,,,32,1,129,1,,,,,328.53834379199907,,328.52753349999693,328.53834379199907,329.52658037499714,329.52658037499714,329.52658037499714,329.52658037499714,329.53470570900026,330.52616987500005,330.52616987500005,330.89372866699705,v,1,0.3632654159991944,None,,,,,,,,,,,,,,,s-4/200,"001",2025-10-01_20h41.26.213,Motor sequence Learning task_Recent_Experiment_Tutorial 4_Urvashi Bhansali_AU2320139,,2025.2.0,None,2025-10-01 20h41.26.237942 +0530,
50,c,130,2,32,c,1,0.22061641700202017,None,,,,,32,2,130,2,,,,,330.9052640419977,,330.8942847090002,330.9052640419977,331.89251512499686,331.89251512499686,331.89251512499686,331.89251512499686,331.902224833997,332.8927745000001,332.8927745000001,333.12020708399723,c,1,0.22061641700202017,None,,,,,,,,,,,,,,,s-4/200,"001",2025-10-01_20h41.26.213,Motor sequence Learning task_Recent_Experiment_Tutorial 4_Urvashi Bhansali_AU2320139,,2025.2.0,None,2025-10-01 20h41.26.237942 +0530,
-150,z,131,3,32,z,1,0.2897672489998513,None,,,,,32,3,131,3,,,,,333.1361772499986,,333.1207480839985,333.1361772499986,334.11811733399736,334.11811733399736,334.11811733399736,334.11811733399736,334.1347212089968,335.1186364589994,335.1186364589994,335.4101406669979,z,1,0.2897672489998513,None,,,,,,,,,,,,,,,s-4/200,"001",2025-10-01_20h41.26.213,Motor sequence Learning task_Recent_Experiment_Tutorial 4_Urvashi Bhansali_AU2320139,,2025.2.0,None,2025-10-01 20h41.26.237942 +0530,
-50,x,132,0,33,x,1,0.2632848749999539,None,,,,,33,0,132,0,,,,,335.4214426669969,,335.4107512089977,335.4214426669969,336.4106594169971,336.4106594169971,336.4106594169971,336.4106594169971,336.4361098749978,337.4099979169987,337.4099979169987,337.6767285419992,x,1,0.2632848749999539,None,,,,,,,,,,,,,,,s-4/200,"001",2025-10-01_20h41.26.213,Motor sequence Learning task_Recent_Experiment_Tutorial 4_Urvashi Bhansali_AU2320139,,2025.2.0,None,2025-10-01 20h41.26.237942 +0530,
150,v,133,1,33,v,1,0.4171814159999485,None,,,,,33,1,133,1,,,,,337.6886694169989,,337.677266208997,337.6886694169989,338.67592774999866,338.67592774999866,338.67592774999866,338.67592774999866,338.6846826669971,339.668024958999,339.668024958999,340.0866322089969,v,1,0.4171814159999485,None,,,,,,,,,,,,,,,s-4/200,"001",2025-10-01_20h41.26.213,Motor sequence Learning task_Recent_Experiment_Tutorial 4_Urvashi Bhansali_AU2320139,,2025.2.0,None,2025-10-01 20h41.26.237942 +0530,
50,c,134,2,33,c,1,0.958141582999815,None,,,,,33,2,134,2,,,,,340.09798104199945,,340.08720795899717,340.09798104199945,341.08468158399774,341.08468158399774,341.08468158399774,341.08468158399774,341.092149666998,342.08607170899995,342.08607170899995,343.05355241699726,c,1,0.958141582999815,None,,,,,,,,,,,,,,,s-4/200,"001",2025-10-01_20h41.26.213,Motor sequence Learning task_Recent_Experiment_Tutorial 4_Urvashi Bhansali_AU2320139,,2025.2.0,None,2025-10-01 20h41.26.237942 +0530,
-150,z,135,3,33,z,1,0.3438079999978072,None,,,,,33,3,135,3,,,,,343.0647897919989,,343.05426929199893,343.0647897919989,344.05138408399944,344.05138408399944,344.05138408399944,344.05138408399944,344.0589168339975,345.05135125000015,345.05135125000015,345.4031732919975,z,1,0.3438079999978072,None,,,,,,,,,,,,,,,s-4/200,"001",2025-10-01_20h41.26.213,Motor sequence Learning task_Recent_Experiment_Tutorial 4_Urvashi Bhansali_AU2320139,,2025.2.0,None,2025-10-01 20h41.26.237942 +0530,
-50,x,136,0,34,x,1,0.29475841599924024,None,,,,,34,0,136,0,,,,,345.4138959999982,,345.4037150419972,345.4138959999982,346.3938185839979,346.3938185839979,346.3938185839979,346.3938185839979,346.41008891699676,347.4013449999984,347.4013449999984,347.70330049999757,x,1,0.29475841599924024,None,,,,,,,,,,,,,,,s-4/200,"001",2025-10-01_20h41.26.213,Motor sequence Learning task_Recent_Experiment_Tutorial 4_Urvashi Bhansali_AU2320139,,2025.2.0,None,2025-10-01 20h41.26.237942 +0530,
150,v,137,1,34,v,1,0.7165779170027236,None,,,,,34,1,137,1,,,,,347.7139899590002,,347.70386574999793,347.7139899590002,348.7013714169989,348.7013714169989,348.7013714169989,348.7013714169989,348.708884959,349.69342304199745,349.69342304199745,350.4199297089981,v,1,0.7165779170027236,None,,,,,,,,,,,,,,,s-4/200,"001",2025-10-01_20h41.26.213,Motor sequence Learning task_Recent_Experiment_Tutorial 4_Urvashi Bhansali_AU2320139,,2025.2.0,None,2025-10-01 20h41.26.237942 +0530,
50,c,138,2,34,c,1,0.41644699899916304,None,,,,,34,2,138,2,,,,,350.43047495899737,,350.4203612499987,350.43047495899737,351.41799991699736,351.41799991699736,351.41799991699736,351.41799991699736,351.42581608399996,352.41857695900035,352.41857695900035,352.8370827919971,c,1,0.41644699899916304,None,,,,,,,,,,,,,,,s-4/200,"001",2025-10-01_20h41.26.213,Motor sequence Learning task_Recent_Experiment_Tutorial 4_Urvashi Bhansali_AU2320139,,2025.2.0,None,2025-10-01 20h41.26.237942 +0530,
-150,z,139,3,34,z,1,0.4082960829982767,None,,,,,34,3,139,3,,,,,352.8481585419977,,352.83764329199767,352.8481585419977,353.83535191699775,353.83535191699775,353.83535191699775,353.83535191699775,353.84195787499993,354.8345864999974,354.8345864999974,355.2531976249993,z,1,0.4082960829982767,None,,,,,,,,,,,,,,,s-4/200,"001",2025-10-01_20h41.26.213,Motor sequence Learning task_Recent_Experiment_Tutorial 4_Urvashi Bhansali_AU2320139,,2025.2.0,None,2025-10-01 20h41.26.237942 +0530,
-50,x,140,0,35,x,1,0.31949662400074885,None,,,,,35,0,140,0,,,,,355.2644998750002,,355.2537887090002,355.2644998750002,356.25126312499924,356.25126312499924,356.25126312499924,356.25126312499924,356.2588055419983,357.26935183399837,357.26935183399837,357.59372679199805,x,1,0.31949662400074885,None,,,,,,,,,,,,,,,s-4/200,"001",2025-10-01_20h41.26.213,Motor sequence Learning task_Recent_Experiment_Tutorial 4_Urvashi Bhansali_AU2320139,,2025.2.0,None,2025-10-01 20h41.26.237942 +0530,
150,v,141,1,35,v,1,0.2990151240010164,None,,,,,35,1,141,1,,,,,357.6050696249986,,357.59426958399854,357.6050696249986,358.5930119589975,358.5930119589975,358.5930119589975,358.5930119589975,358.6012455839991,359.5937270839968,359.5937270839968,359.90322479199676,v,1,0.2990151240010164,None,,,,,,,,,,,,,,,s-4/200,"001",2025-10-01_20h41.26.213,Motor sequence Learning task_Recent_Experiment_Tutorial 4_Urvashi Bhansali_AU2320139,,2025.2.0,None,2025-10-01 20h41.26.237942 +0530,
50,c,142,2,35,c,1,0.2594464579997293,None,,,,,35,2,142,2,,,,,359.91419250000035,,359.90377004199763,359.91419250000035,360.9013949589971,360.9013949589971,360.9013949589971,360.9013949589971,360.9090318339986,361.90129549999983,361.90129549999983,362.1698574169968,c,1,0.2594464579997293,None,,,,,,,,,,,,,,,s-4/200,"001",2025-10-01_20h41.26.213,Motor sequence Learning task_Recent_Experiment_Tutorial 4_Urvashi Bhansali_AU2320139,,2025.2.0,None,2025-10-01 20h41.26.237942 +0530,
-150,z,143,3,35,z,1,0.35308954100037226,None,,,,,35,3,143,3,,,,,362.1811287089986,,362.17049241699715,362.1811287089986,363.1680292919991,363.1680292919991,363.1680292919991,363.1680292919991,363.17536379199737,364.1695277919971,364.1695277919971,364.5272470839991,z,1,0.35308954100037226,None,,,,,,,,,,,,,,,s-4/200,"001",2025-10-01_20h41.26.213,Motor sequence Learning task_Recent_Experiment_Tutorial 4_Urvashi Bhansali_AU2320139,,2025.2.0,None,2025-10-01 20h41.26.237942 +0530,
-50,x,144,0,36,x,1,0.35065333300008206,None,,,,,36,0,144,0,,,,,364.53845504199853,,364.5277438339981,364.53845504199853,365.52669637500003,365.52669637500003,365.52669637500003,365.52669637500003,365.53462808399854,366.5259963749995,366.5259963749995,366.8865686249992,x,1,0.35065333300008206,None,,,,,,,,,,,,,,,s-4/200,"001",2025-10-01_20h41.26.213,Motor sequence Learning task_Recent_Experiment_Tutorial 4_Urvashi Bhansali_AU2320139,,2025.2.0,None,2025-10-01 20h41.26.237942 +0530,
150,v,145,1,36,v,1,0.7777827909994812,None,,,,,36,1,145,1,,,,,366.89763649999804,,366.8871244999973,366.89763649999804,367.88463174999924,367.88463174999924,367.88463174999924,367.88463174999924,367.891902542,368.8847577919987,368.8847577919987,369.6698469999974,v,1,0.7777827909994812,None,,,,,,,,,,,,,,,s-4/200,"001",2025-10-01_20h41.26.213,Motor sequence Learning task_Recent_Experiment_Tutorial 4_Urvashi Bhansali_AU2320139,,2025.2.0,None,2025-10-01 20h41.26.237942 +0530,
50,c,146,2,36,c,1,0.26818220800123527,None,,,,,36,2,146,2,,,,,369.68113133399675,,369.67039541699705,369.68113133399675,370.6680043339984,370.6680043339984,370.6680043339984,370.6680043339984,370.6752704589999,371.6592729999975,371.6592729999975,371.93657916699885,c,1,0.26818220800123527,None,,,,,,,,,,,,,,,s-4/200,"001",2025-10-01_20h41.26.213,Motor sequence Learning task_Recent_Experiment_Tutorial 4_Urvashi Bhansali_AU2320139,,2025.2.0,None,2025-10-01 20h41.26.237942 +0530,
-150,z,147,3,36,z,1,0.46973958300077356,None,,,,,36,3,147,3,,,,,371.9482664169991,,371.93720154199764,371.9482664169991,372.93462179199923,372.93462179199923,372.93462179199923,372.93462179199923,372.9420076669994,373.9527352089972,373.9527352089972,374.426960083998,z,1,0.46973958300077356,None,,,,,,,,,,,,,,,s-4/200,"001",2025-10-01_20h41.26.213,Motor sequence Learning task_Recent_Experiment_Tutorial 4_Urvashi Bhansali_AU2320139,,2025.2.0,None,2025-10-01 20h41.26.237942 +0530,
-50,x,148,0,37,x,1,0.2951165829981619,None,,,,,37,0,148,0,,,,,374.4390214999985,,374.42751362499985,374.4390214999985,375.425917458997,375.425917458997,375.425917458997,375.425917458997,375.43465141699926,376.42533583399927,376.42533583399927,376.72715762499865,x,1,0.2951165829981619,None,,,,,,,,,,,,,,,s-4/200,"001",2025-10-01_20h41.26.213,Motor sequence Learning task_Recent_Experiment_Tutorial 4_Urvashi Bhansali_AU2320139,,2025.2.0,None,2025-10-01 20h41.26.237942 +0530,
150,v,149,1,37,v,1,0.726022541999555,None,,,,,37,1,149,1,,,,,376.73862958399695,,376.7277246249978,376.73862958399695,377.7267698750002,377.7267698750002,377.7267698750002,377.7267698750002,377.75272520900035,378.7262783749975,378.7262783749975,379.4605842919991,v,1,0.726022541999555,None,,,,,,,,,,,,,,,s-4/200,"001",2025-10-01_20h41.26.213,Motor sequence Learning task_Recent_Experiment_Tutorial 4_Urvashi Bhansali_AU2320139,,2025.2.0,None,2025-10-01 20h41.26.237942 +0530,
50,c,150,2,37,c,1,1.4835714580003696,None,,,,,37,2,150,2,,,,,379.47209366699826,,379.46114183399914,379.47209366699826,380.4592143339978,380.4592143339978,380.4592143339978,380.4592143339978,380.4680467090002,381.45862374999706,381.45862374999706,382.95170437499837,c,1,1.4835714580003696,None,,,,,,,,,,,,,,,s-4/200,"001",2025-10-01_20h41.26.213,Motor sequence Learning task_Recent_Experiment_Tutorial 4_Urvashi Bhansali_AU2320139,,2025.2.0,None,2025-10-01 20h41.26.237942 +0530,
-150,z,151,3,37,z,1,0.36033450000104494,None,,,,,37,3,151,3,,,,,382.963011333999,,382.9522403749979,382.963011333999,383.94243333399936,383.94243333399936,383.94243333399936,383.94243333399936,383.958542999997,384.9427986249975,384.9427986249975,385.3104727919999,z,1,0.36033450000104494,None,,,,,,,,,,,,,,,s-4/200,"001",2025-10-01_20h41.26.213,Motor sequence Learning task_Recent_Experiment_Tutorial 4_Urvashi Bhansali_AU2320139,,2025.2.0,None,2025-10-01 20h41.26.237942 +0530,
-50,x,152,0,38,z,0,0.33253541600061,None,,,,,38,0,152,0,,,,,385.32222004199866,,385.3110531249986,385.32222004199866,386.30925758399826,386.30925758399826,386.30925758399826,386.30925758399826,386.31810787499853,387.30962129199906,387.30962129199906,387.65358662499784,z,0,0.33253541600061,None,,,,,,,,,,,,,,,s-4/200,"001",2025-10-01_20h41.26.213,Motor sequence Learning task_Recent_Experiment_Tutorial 4_Urvashi Bhansali_AU2320139,,2025.2.0,None,2025-10-01 20h41.26.237942 +0530,
150,v,153,1,38,v,1,0.904414373999316,None,,,,,38,1,153,1,,,,,387.66575266699874,,387.65449179200004,387.66575266699874,388.6514094589984,388.6514094589984,388.6514094589984,388.6514094589984,388.65902062500027,389.651596124997,389.651596124997,390.56010649999735,v,1,0.904414373999316,None,,,,,,,,,,,,,,,s-4/200,"001",2025-10-01_20h41.26.213,Motor sequence Learning task_Recent_Experiment_Tutorial 4_Urvashi Bhansali_AU2320139,,2025.2.0,None,2025-10-01 20h41.26.237942 +0530,
50,c,154,2,38,c,1,1.7314735830004793,None,,,,,38,2,154,2,,,,,390.57253854199735,,390.5606109170003,390.57253854199735,391.55949033399884,391.55949033399884,391.55949033399884,391.55949033399884,391.5686502089993,392.55856312499964,392.55856312499964,394.29336270899876,c,1,1.7314735830004793,None,,,,,,,,,,,,,,,s-4/200,"001",2025-10-01_20h41.26.213,Motor sequence Learning task_Recent_Experiment_Tutorial 4_Urvashi Bhansali_AU2320139,,2025.2.0,None,2025-10-01 20h41.26.237942 +0530,
-150,z,155,3,38,z,1,0.32587366699954146,None,,,,,38,3,155,3,,,,,394.3049549999996,,394.29388879199905,394.3049549999996,395.2931198339975,395.2931198339975,395.2931198339975,395.2931198339975,395.3195752499996,396.29209691699725,396.29209691699725,396.6202244169981,z,1,0.32587366699954146,None,,,,,,,,,,,,,,,s-4/200,"001",2025-10-01_20h41.26.213,Motor sequence Learning task_Recent_Experiment_Tutorial 4_Urvashi Bhansali_AU2320139,,2025.2.0,None,2025-10-01 20h41.26.237942 +0530,
-50,x,156,0,39,x,1,0.4910247080006229,None,,,,,39,0,156,0,,,,,396.6324268749995,,396.6209782499973,396.6324268749995,397.6187168340002,397.6187168340002,397.6187168340002,397.6187168340002,397.626390874997,398.617894125,398.617894125,399.1104594999997,x,1,0.4910247080006229,None,,,,,,,,,,,,,,,s-4/200,"001",2025-10-01_20h41.26.213,Motor sequence Learning task_Recent_Experiment_Tutorial 4_Urvashi Bhansali_AU2320139,,2025.2.0,None,2025-10-01 20h41.26.237942 +0530,
150,v,157,1,39,v,1,0.8019719580006495,None,,,,,39,1,157,1,,,,,399.12173124999754,,399.11113758399733,399.12173124999754,400.1101352919977,400.1101352919977,400.1101352919977,400.1101352919977,400.13600520899854,401.1087708339983,401.1087708339983,401.9198648339989,v,1,0.8019719580006495,None,,,,,,,,,,,,,,,s-4/200,"001",2025-10-01_20h41.26.213,Motor sequence Learning task_Recent_Experiment_Tutorial 4_Urvashi Bhansali_AU2320139,,2025.2.0,None,2025-10-01 20h41.26.237942 +0530,
50,c,158,2,39,v,0,0.8178294579993235,None,,,,,39,2,158,2,,,,,401.9316023749998,,401.92042895899795,401.9316023749998,402.91808679199676,402.91808679199676,402.91808679199676,402.91808679199676,402.925764833999,403.91892008399736,403.91892008399736,404.74353933399834,v,0,0.8178294579993235,None,,,,,,,,,,,,,,,s-4/200,"001",2025-10-01_20h41.26.213,Motor sequence Learning task_Recent_Experiment_Tutorial 4_Urvashi Bhansali_AU2320139,,2025.2.0,None,2025-10-01 20h41.26.237942 +0530,
-150,z,159,3,39,z,1,0.6902878740002052,None,,,,,39,3,159,3,,,,,404.7552358749999,,404.7440792089983,404.7552358749999,405.7431837919976,405.7431837919976,405.7431837919976,405.7431837919976,405.76938054199854,406.7433629169973,406.7433629169973,407.43605745899913,z,1,0.6902878740002052,None,,,,,,,,,,,,,,,s-4/200,"001",2025-10-01_20h41.26.213,Motor sequence Learning task_Recent_Experiment_Tutorial 4_Urvashi Bhansali_AU2320139,,2025.2.0,None,2025-10-01 20h41.26.237942 +0530,
-50,x,160,0,40,x,1,0.594015083002887,None,,,,,40,0,160,0,,,,,407.4477917089971,,407.43660066699886,407.4477917089971,408.4267082089973,408.4267082089973,408.4267082089973,408.4267082089973,408.46955970899944,409.4346369999985,409.4346369999985,410.0369998749993,x,1,0.594015083002887,None,,,,,,,,,,,,,,,s-4/200,"001",2025-10-01_20h41.26.213,Motor sequence Learning task_Recent_Experiment_Tutorial 4_Urvashi Bhansali_AU2320139,,2025.2.0,None,2025-10-01 20h41.26.237942 +0530,
150,v,161,1,40,v,1,0.7731457079971733,None,,,,,40,1,161,1,,,,,410.04875791700033,,410.03781045899814,410.04875791700033,411.0344989589976,411.0344989589976,411.0344989589976,411.0344989589976,411.0417293749997,412.0346272499992,412.0346272499992,412.8102238749998,v,1,0.7731457079971733,None,,,,,,,,,,,,,,,s-4/200,"001",2025-10-01_20h41.26.213,Motor sequence Learning task_Recent_Experiment_Tutorial 4_Urvashi Bhansali_AU2320139,,2025.2.0,None,2025-10-01 20h41.26.237942 +0530,
50,c,162,2,40,c,1,1.1654694579992793,None,,,,,40,2,162,2,,,,,412.8219709999976,,412.81075449999844,412.8219709999976,413.809358874998,413.809358874998,413.809358874998,413.809358874998,413.8185464169983,414.80903229199976,414.80903229199976,415.9766923339994,c,1,1.1654694579992793,None,,,,,,,,,,,,,,,s-4/200,"001",2025-10-01_20h41.26.213,Motor sequence Learning task_Recent_Experiment_Tutorial 4_Urvashi Bhansali_AU2320139,,2025.2.0,None,2025-10-01 20h41.26.237942 +0530,
-150,z,163,3,40,z,1,0.3133932080017985,None,,,,,40,3,163,3,,,,,415.9886527089984,,415.9771968339992,415.9886527089984,416.9761327499982,416.9761327499982,416.9761327499982,416.9761327499982,416.98571137499675,417.96808079199764,417.96808079199764,418.2868784589991,z,1,0.3133932080017985,None,,,,,,,,,,,,,,,s-4/200,"001",2025-10-01_20h41.26.213,Motor sequence Learning task_Recent_Experiment_Tutorial 4_Urvashi Bhansali_AU2320139,,2025.2.0,None,2025-10-01 20h41.26.237942 +0530,
-50,x,164,0,41,x,1,0.31200449999960256,None,,,,,41,0,164,0,,,,,418.2988262919971,,418.2876529999994,418.2988262919971,419.2844963339994,419.2844963339994,419.2844963339994,419.2844963339994,419.29170833399985,420.28448295899943,420.28448295899943,420.60315329199875,x,1,0.31200449999960256,None,,,,,,,,,,,,,,,s-4/200,"001",2025-10-01_20h41.26.213,Motor sequence Learning task_Recent_Experiment_Tutorial 4_Urvashi Bhansali_AU2320139,,2025.2.0,None,2025-10-01 20h41.26.237942 +0530,
150,v,165,1,41,v,1,0.9190690830000676,None,,,,,41,1,165,1,,,,,420.6145792499992,,420.6037169589981,420.6145792499992,421.60125100000005,421.60125100000005,421.60125100000005,421.60125100000005,421.6086964999995,422.60119587499867,422.60119587499867,423.52707641699817,v,1,0.9190690830000676,None,,,,,,,,,,,,,,,s-4/200,"001",2025-10-01_20h41.26.213,Motor sequence Learning task_Recent_Experiment_Tutorial 4_Urvashi Bhansali_AU2320139,,2025.2.0,None,2025-10-01 20h41.26.237942 +0530,
50,c,166,2,41,c,1,0.7643945829986478,None,,,,,41,2,166,2,,,,,423.5385828749968,,423.52760254199893,423.5385828749968,424.52601862499796,424.52601862499796,424.52601862499796,424.52601862499796,424.5346742499969,425.525876959,425.525876959,426.2944698749998,c,1,0.7643945829986478,None,,,,,,,,,,,,,,,s-4/200,"001",2025-10-01_20h41.26.213,Motor sequence Learning task_Recent_Experiment_Tutorial 4_Urvashi Bhansali_AU2320139,,2025.2.0,None,2025-10-01 20h41.26.237942 +0530,
-150,z,167,3,41,z,1,0.3567077910010994,None,,,,,41,3,167,3,,,,,426.30546604199844,,426.29497258399715,426.30546604199844,427.2925013749991,427.2925013749991,427.2925013749991,427.2925013749991,427.3019904169996,428.2924834999976,428.2924834999976,428.65411716699964,z,1,0.3567077910010994,None,,,,,,,,,,,,,,,s-4/200,"001",2025-10-01_20h41.26.213,Motor sequence Learning task_Recent_Experiment_Tutorial 4_Urvashi Bhansali_AU2320139,,2025.2.0,None,2025-10-01 20h41.26.237942 +0530,
-50,x,168,0,42,x,1,1.0049367079991498,None,,,,,42,0,168,0,,,,,428.66615241699765,,428.6548968339994,428.66615241699765,429.6513367919979,429.6513367919979,429.6513367919979,429.6513367919979,429.6590205419998,430.6511963749981,430.6511963749981,431.66004545899705,x,1,1.0049367079991498,None,,,,,,,,,,,,,,,s-4/200,"001",2025-10-01_20h41.26.213,Motor sequence Learning task_Recent_Experiment_Tutorial 4_Urvashi Bhansali_AU2320139,,2025.2.0,None,2025-10-01 20h41.26.237942 +0530,
150,v,169,1,42,v,1,0.2866485830018064,None,,,,,42,1,169,1,,,,,431.6717889169995,,431.66056941699935,431.6717889169995,432.65122266699836,432.65122266699836,432.65122266699836,432.65122266699836,432.6686597919979,433.65935591699963,433.65935591699963,433.95299620899823,v,1,0.2866485830018064,None,,,,,,,,,,,,,,,s-4/200,"001",2025-10-01_20h41.26.213,Motor sequence Learning task_Recent_Experiment_Tutorial 4_Urvashi Bhansali_AU2320139,,2025.2.0,None,2025-10-01 20h41.26.237942 +0530,
50,c,170,2,42,c,1,0.43966912399992,None,,,,,42,2,170,2,,,,,433.96484787499867,,433.9535373749968,433.96484787499867,434.9434639589999,434.9434639589999,434.9434639589999,434.9434639589999,434.98618212499787,435.9513592919975,435.9513592919975,436.3932892089979,c,1,0.43966912399992,None,,,,,,,,,,,,,,,s-4/200,"001",2025-10-01_20h41.26.213,Motor sequence Learning task_Recent_Experiment_Tutorial 4_Urvashi Bhansali_AU2320139,,2025.2.0,None,2025-10-01 20h41.26.237942 +0530,
-150,z,171,3,42,z,1,0.6497900409995054,None,,,,,42,3,171,3,,,,,436.4052359169982,,436.39384629199776,436.4052359169982,437.3919300839989,437.3919300839989,437.3919300839989,437.3919300839989,437.40188662499713,438.3921905419993,438.3921905419993,439.0432527919984,z,1,0.6497900409995054,None,,,,,,,,,,,,,,,s-4/200,"001",2025-10-01_20h41.26.213,Motor sequence Learning task_Recent_Experiment_Tutorial 4_Urvashi Bhansali_AU2320139,,2025.2.0,None,2025-10-01 20h41.26.237942 +0530,
-50,x,172,0,43,x,1,1.0289466670001275,None,,,,,43,0,172,0,,,,,439.0550052090002,,439.04381345899674,439.0550052090002,440.0423437919999,440.0423437919999,440.0423437919999,440.0423437919999,440.05148454200025,441.03448504199696,441.03448504199696,442.0697618749982,x,1,1.0289466670001275,None,,,,,,,,,,,,,,,s-4/200,"001",2025-10-01_20h41.26.213,Motor sequence Learning task_Recent_Experiment_Tutorial 4_Urvashi Bhansali_AU2320139,,2025.2.0,None,2025-10-01 20h41.26.237942 +0530,
150,v,173,1,43,v,1,0.9519614160017227,None,,,,,43,1,173,1,,,,,442.08127545899697,,442.07035141699816,442.08127545899697,443.05924925,443.05924925,443.05924925,443.05924925,443.07568470899787,444.0678230839985,444.0678230839985,445.02703654200013,v,1,0.9519614160017227,None,,,,,,,,,,,,,,,s-4/200,"001",2025-10-01_20h41.26.213,Motor sequence Learning task_Recent_Experiment_Tutorial 4_Urvashi Bhansali_AU2320139,,2025.2.0,None,2025-10-01 20h41.26.237942 +0530,
50,c,174,2,43,c,1,1.0791227919980884,None,,,,,43,2,174,2,,,,,445.0388752919971,,445.0275940419997,445.0388752919971,446.0268424999995,446.0268424999995,446.0268424999995,446.0268424999995,446.0526123339987,447.02565762499944,447.02565762499944,448.1104348339977,c,1,1.0791227919980884,None,,,,,,,,,,,,,,,s-4/200,"001",2025-10-01_20h41.26.213,Motor sequence Learning task_Recent_Experiment_Tutorial 4_Urvashi Bhansali_AU2320139,,2025.2.0,None,2025-10-01 20h41.26.237942 +0530,
-150,z,175,3,43,z,1,0.32062075000067125,None,,,,,43,3,175,3,,,,,448.12189441699957,,448.1111242499974,448.12189441699957,449.1017329589995,449.1017329589995,449.1017329589995,449.1017329589995,449.1184467919993,450.10898641699896,450.10898641699896,450.4365765000002,z,1,0.32062075000067125,None,,,,,,,,,,,,,,,s-4/200,"001",2025-10-01_20h41.26.213,Motor sequence Learning task_Recent_Experiment_Tutorial 4_Urvashi Bhansali_AU2320139,,2025.2.0,None,2025-10-01 20h41.26.237942 +0530,
-50,x,176,0,44,x,1,0.5719501660023525,None,,,,,44,0,176,0,,,,,450.44768070899954,,450.43699916699916,450.44768070899954,451.43564533399694,451.43564533399694,451.43564533399694,451.43564533399694,451.44077174999984,452.43462824999733,452.43462824999733,453.0098111669977,x,1,0.5719501660023525,None,,,,,,,,,,,,,,,s-4/200,"001",2025-10-01_20h41.26.213,Motor sequence Learning task_Recent_Experiment_Tutorial 4_Urvashi Bhansali_AU2320139,,2025.2.0,None,2025-10-01 20h41.26.237942 +0530,
150,v,177,1,44,v,1,0.922912833000737,None,,,,,44,1,177,1,,,,,453.03623741699994,,453.0101797499992,453.03623741699994,454.00932587499847,454.00932587499847,454.00932587499847,454.00932587499847,454.03456633399765,455.0105187499976,455.0105187499976,455.93610583400005,v,1,0.922912833000737,None,,,,,,,,,,,,,,,s-4/200,"001",2025-10-01_20h41.26.213,Motor sequence Learning task_Recent_Experiment_Tutorial 4_Urvashi Bhansali_AU2320139,,2025.2.0,None,2025-10-01 20h41.26.237942 +0530,
50,c,178,2,44,v,0,0.9130936250003288,None,,,,,44,2,178,2,,,,,455.9476953339981,,455.9366630839977,455.9476953339981,456.93454216699683,456.93454216699683,456.93454216699683,456.93454216699683,456.94204954199813,457.9344525839988,457.9344525839988,458.85290887500014,v,0,0.9130936250003288,None,,,,,,,,,,,,,,,s-4/200,"001",2025-10-01_20h41.26.213,Motor sequence Learning task_Recent_Experiment_Tutorial 4_Urvashi Bhansali_AU2320139,,2025.2.0,None,2025-10-01 20h41.26.237942 +0530,
-150,z,179,3,44,z,1,0.481815541999822,None,,,,,44,3,179,3,,,,,458.86233699999866,,458.853338916997,458.86233699999866,459.8512687919974,459.8512687919974,459.8512687919974,459.8512687919974,459.85887,460.851623999999,460.851623999999,461.33624554199923,z,1,0.481815541999822,None,,,,,,,,,,,,,,,s-4/200,"001",2025-10-01_20h41.26.213,Motor sequence Learning task_Recent_Experiment_Tutorial 4_Urvashi Bhansali_AU2320139,,2025.2.0,None,2025-10-01 20h41.26.237942 +0530,
-50,x,180,0,45,x,1,0.4168162490022951,None,,,,,45,0,180,0,,,,,461.3456734169995,,461.33666912499757,461.3456734169995,462.334674583999,462.334674583999,462.334674583999,462.334674583999,462.34218895899903,463.334511416997,463.334511416997,463.75295729199934,x,1,0.4168162490022951,None,,,,,,,,,,,,,,,s-4/200,"001",2025-10-01_20h41.26.213,Motor sequence Learning task_Recent_Experiment_Tutorial 4_Urvashi Bhansali_AU2320139,,2025.2.0,None,2025-10-01 20h41.26.237942 +0530,
150,v,181,1,45,v,1,0.7839799159992253,None,,,,,45,1,181,1,,,,,463.7635337089996,,463.7535021249969,463.7635337089996,464.74230858399824,464.74230858399824,464.74230858399824,464.74230858399824,464.75905633399816,465.7511912919981,465.7511912919981,466.5437519169973,v,1,0.7839799159992253,None,,,,,,,,,,,,,,,s-4/200,"001",2025-10-01_20h41.26.213,Motor sequence Learning task_Recent_Experiment_Tutorial 4_Urvashi Bhansali_AU2320139,,2025.2.0,None,2025-10-01 20h41.26.237942 +0530,
50,c,182,2,45,c,1,0.9785611660008726,None,,,,,45,2,182,2,,,,,466.55518795899843,,466.54427679199944,466.55518795899843,467.5428049589973,467.5428049589973,467.5428049589973,467.5428049589973,467.5519427090003,468.5436430419977,468.5436430419977,469.52698062499985,c,1,0.9785611660008726,None,,,,,,,,,,,,,,,s-4/200,"001",2025-10-01_20h41.26.213,Motor sequence Learning task_Recent_Experiment_Tutorial 4_Urvashi Bhansali_AU2320139,,2025.2.0,None,2025-10-01 20h41.26.237942 +0530,
-150,z,183,3,45,z,1,0.47762604099989403,None,,,,,45,3,183,3,,,,,469.53812958399794,,469.5275159999983,469.53812958399794,470.5269737919989,470.5269737919989,470.5269737919989,470.5269737919989,470.5526038749995,471.52540954199867,471.52540954199867,472.0094722920003,z,1,0.47762604099989403,None,,,,,,,,,,,,,,,s-4/200,"001",2025-10-01_20h41.26.213,Motor sequence Learning task_Recent_Experiment_Tutorial 4_Urvashi Bhansali_AU2320139,,2025.2.0,None,2025-10-01 20h41.26.237942 +0530,
-50,x,184,0,46,x,1,0.5173216250004771,None,,,,,46,0,184,0,,,,,472.0358094589974,,472.0098897499993,472.0358094589974,473.0089143339974,473.0089143339974,473.0089143339974,473.0089143339974,473.0345500000003,474.0087830839984,474.0087830839984,474.5539359590002,x,1,0.5173216250004771,None,,,,,,,,,,,,,,,s-4/200,"001",2025-10-01_20h41.26.213,Motor sequence Learning task_Recent_Experiment_Tutorial 4_Urvashi Bhansali_AU2320139,,2025.2.0,None,2025-10-01 20h41.26.237942 +0530,
150,v,185,1,46,v,1,0.7509199579981214,None,,,,,46,1,185,1,,,,,474.5692849169973,,474.5545166669981,474.5692849169973,475.551105833998,475.551105833998,475.551105833998,475.551105833998,475.5678948749992,476.5511043749975,476.5511043749975,477.3101289999977,v,1,0.7509199579981214,None,,,,,,,,,,,,,,,s-4/200,"001",2025-10-01_20h41.26.213,Motor sequence Learning task_Recent_Experiment_Tutorial 4_Urvashi Bhansali_AU2320139,,2025.2.0,None,2025-10-01 20h41.26.237942 +0530,
50,c,186,2,46,c,1,1.192981250002049,None,,,,,46,2,186,2,,,,,477.3214346249988,,477.3105910419981,477.3214346249988,478.3084547090002,478.3084547090002,478.3084547090002,478.3084547090002,478.31785062499694,479.3360241249975,479.3360241249975,480.53635787500025,c,1,1.192981250002049,None,,,,,,,,,,,,,,,s-4/200,"001",2025-10-01_20h41.26.213,Motor sequence Learning task_Recent_Experiment_Tutorial 4_Urvashi Bhansali_AU2320139,,2025.2.0,None,2025-10-01 20h41.26.237942 +0530,
-150,z,187,3,46,z,1,0.4027658329978294,None,,,,,46,3,187,3,,,,,480.5484734999991,,480.5369649589993,480.5484734999991,481.5350520840002,481.5350520840002,481.5350520840002,481.5350520840002,481.54181374999825,482.5350920839992,482.5350920839992,482.94344054199973,z,1,0.4027658329978294,None,,,,,,,,,,,,,,,s-4/200,"001",2025-10-01_20h41.26.213,Motor sequence Learning task_Recent_Experiment_Tutorial 4_Urvashi Bhansali_AU2320139,,2025.2.0,None,2025-10-01 20h41.26.237942 +0530,
-50,x,188,0,47,x,1,1.0556321660005779,None,,,,,47,0,188,0,,,,,482.9552722089975,,482.944003583998,482.9552722089975,483.94340112499776,483.94340112499776,483.94340112499776,483.94340112499776,483.96927233399765,484.9351652919977,484.9351652919977,485.99359520899816,x,1,1.0556321660005779,None,,,,,,,,,,,,,,,s-4/200,"001",2025-10-01_20h41.26.213,Motor sequence Learning task_Recent_Experiment_Tutorial 4_Urvashi Bhansali_AU2320139,,2025.2.0,None,2025-10-01 20h41.26.237942 +0530,
150,v,189,1,47,v,1,0.793409417001385,None,,,,,47,1,189,1,,,,,486.00538408399734,,485.99414350000006,486.00538408399734,486.99241337499916,486.99241337499916,486.99241337499916,486.99241337499916,487.0016769590002,487.99232795900025,487.99232795900025,488.7937771249999,v,1,0.793409417001385,None,,,,,,,,,,,,,,,s-4/200,"001",2025-10-01_20h41.26.213,Motor sequence Learning task_Recent_Experiment_Tutorial 4_Urvashi Bhansali_AU2320139,,2025.2.0,None,2025-10-01 20h41.26.237942 +0530,
50,c,190,2,47,c,1,0.993226999999024,None,,,,,47,2,190,2,,,,,488.8062429169986,,488.7945510419995,488.8062429169986,489.7921801249977,489.7921801249977,489.7921801249977,489.7921801249977,489.80141883399847,490.7924482499984,490.7924482499984,491.7942114999969,c,1,0.993226999999024,None,,,,,,,,,,,,,,,s-4/200,"001",2025-10-01_20h41.26.213,Motor sequence Learning task_Recent_Experiment_Tutorial 4_Urvashi Bhansali_AU2320139,,2025.2.0,None,2025-10-01 20h41.26.237942 +0530,
-150,z,191,3,47,z,1,0.45367829100359813,None,,,,,47,3,191,3,,,,,491.8054467919974,,491.7947497919995,491.8054467919974,492.7936774169975,492.7936774169975,492.7936774169975,492.7936774169975,492.8193901249979,493.79189258399856,493.79189258399856,494.25291808399925,z,1,0.45367829100359813,None,,,,,,,,,,,,,,,s-4/200,"001",2025-10-01_20h41.26.213,Motor sequence Learning task_Recent_Experiment_Tutorial 4_Urvashi Bhansali_AU2320139,,2025.2.0,None,2025-10-01 20h41.26.237942 +0530,
-50,x,192,0,48,x,1,0.36626233299830346,None,,,,,48,0,192,0,,,,,494.263894249998,,494.2533889589977,494.263894249998,495.25116337500003,495.25116337500003,495.25116337500003,495.25116337500003,495.25882574999923,496.25135537499955,496.25135537499955,496.6206746249991,x,1,0.36626233299830346,None,,,,,,,,,,,,,,,s-4/200,"001",2025-10-01_20h41.26.213,Motor sequence Learning task_Recent_Experiment_Tutorial 4_Urvashi Bhansali_AU2320139,,2025.2.0,None,2025-10-01 20h41.26.237942 +0530,
150,v,193,1,48,v,1,1.2354419990006136,None,,,,,48,1,193,1,,,,,496.63461483399806,,496.6212096249983,496.63461483399806,497.61793441699774,497.61793441699774,497.61793441699774,497.61793441699774,497.62560045899954,498.6270741249973,498.6270741249973,499.86985183399884,v,1,1.2354419990006136,None,,,,,,,,,,,,,,,s-4/200,"001",2025-10-01_20h41.26.213,Motor sequence Learning task_Recent_Experiment_Tutorial 4_Urvashi Bhansali_AU2320139,,2025.2.0,None,2025-10-01 20h41.26.237942 +0530,
50,c,194,2,48,c,1,1.0805946239997866,None,,,,,48,2,194,2,,,,,499.8813868750003,,499.870403375,499.8813868750003,500.867822041997,500.867822041997,500.867822041997,500.867822041997,500.8752316249993,501.8677246249972,501.8677246249972,502.9525887089985,c,1,1.0805946239997866,None,,,,,,,,,,,,,,,s-4/200,"001",2025-10-01_20h41.26.213,Motor sequence Learning task_Recent_Experiment_Tutorial 4_Urvashi Bhansali_AU2320139,,2025.2.0,None,2025-10-01 20h41.26.237942 +0530,
-150,z,195,3,48,z,1,0.4921331250006915,None,,,,,48,3,195,3,,,,,502.9641744170003,,502.9531173340001,502.9641744170003,503.9511871249997,503.9511871249997,503.9511871249997,503.9511871249997,503.95858433399917,504.9511551249998,504.9511551249998,505.4525283339972,z,1,0.4921331250006915,None,,,,,,,,,,,,,,,s-4/200,"001",2025-10-01_20h41.26.213,Motor sequence Learning task_Recent_Experiment_Tutorial 4_Urvashi Bhansali_AU2320139,,2025.2.0,None,2025-10-01 20h41.26.237942 +0530,
-50,x,196,0,49,x,1,0.49027333300182363,None,,,,,49,0,196,0,,,,,505.464067334,,505.45308974999716,505.464067334,506.4516451669988,506.4516451669988,506.4516451669988,506.4516451669988,506.4590047089987,507.443055083997,507.443055083997,507.9359963749994,x,1,0.49027333300182363,None,,,,,,,,,,,,,,,s-4/200,"001",2025-10-01_20h41.26.213,Motor sequence Learning task_Recent_Experiment_Tutorial 4_Urvashi Bhansali_AU2320139,,2025.2.0,None,2025-10-01 20h41.26.237942 +0530,
150,v,197,1,49,v,1,0.6702517080011603,None,,,,,49,1,197,1,,,,,507.94640287499715,,507.93640091699854,507.94640287499715,508.93501362499956,508.93501362499956,508.93501362499956,508.93501362499956,508.9412014169975,509.93503487499765,509.93503487499765,510.60984424999697,v,1,0.6702517080011603,None,,,,,,,,,,,,,,,s-4/200,"001",2025-10-01_20h41.26.213,Motor sequence Learning task_Recent_Experiment_Tutorial 4_Urvashi Bhansali_AU2320139,,2025.2.0,None,2025-10-01 20h41.26.237942 +0530,
50,c,198,2,49,c,1,1.0514005000004545,None,,,,,49,2,198,2,,,,,510.62153237500024,,510.61034404199745,510.62153237500024,511.60958483399736,511.60958483399736,511.60958483399736,511.60958483399736,511.63574416699703,512.6088732499993,512.6088732499993,513.6693022919972,c,1,1.0514005000004545,None,,,,,,,,,,,,,,,s-4/200,"001",2025-10-01_20h41.26.213,Motor sequence Learning task_Recent_Experiment_Tutorial 4_Urvashi Bhansali_AU2320139,,2025.2.0,None,2025-10-01 20h41.26.237942 +0530,
-150,z,199,3,49,z,1,0.305730667001626,None,,,,,49,3,199,3,,,,,513.6806448749994,,513.669823041997,513.6806448749994,514.6597662499989,514.6597662499989,514.6597662499989,514.6597662499989,514.6764379999986,515.6683100839982,515.6683100839982,515.9767562089983,z,1,0.305730667001626,None,,,,,,,,,,,,,,,s-4/200,"001",2025-10-01_20h41.26.213,Motor sequence Learning task_Recent_Experiment_Tutorial 4_Urvashi Bhansali_AU2320139,,2025.2.0,None,2025-10-01 20h41.26.237942 +0530,
50,c,0,0,0,,,,,c,1,1.2621180000023742,None,,,,,0,0,0,2,516.0353679589971,,,,,,,,,,,,,,,,516.0264506669992,516.0353679589971,516.9820809169978,516.9820809169978,516.9820809169978,516.9820809169978,517.0259437919995,517.9679235000003,517.9679235000003,519.236131333997,c,1,1.2621180000023742,None,s-4/200,"001",2025-10-01_20h41.26.213,Motor sequence Learning task_Recent_Experiment_Tutorial 4_Urvashi Bhansali_AU2320139,,2025.2.0,None,2025-10-01 20h41.26.237942 +0530,
-50,x,1,1,0,,,,,x,1,0.45470037500126637,None,,,,,0,1,1,0,519.2472237919974,,,,,,,,,,,,,,,,519.2366832089974,519.2472237919974,520.2259059169992,520.2259059169992,520.2259059169992,520.2259059169992,520.241517708997,521.2343233339998,521.2343233339998,521.6948837089985,x,1,0.45470037500126637,None,s-4/200,"001",2025-10-01_20h41.26.213,Motor sequence Learning task_Recent_Experiment_Tutorial 4_Urvashi Bhansali_AU2320139,,2025.2.0,None,2025-10-01 20h41.26.237942 +0530,
150,v,2,2,0,,,,,v,1,0.6202691670005152,None,,,,,0,2,2,1,521.705320416997,,,,,,,,,,,,,,,,521.6953894589969,521.705320416997,522.692669,522.692669,522.692669,522.692669,522.7021569169992,523.6917005839969,523.6917005839969,524.3198686670003,v,1,0.6202691670005152,None,s-4/200,"001",2025-10-01_20h41.26.213,Motor sequence Learning task_Recent_Experiment_Tutorial 4_Urvashi Bhansali_AU2320139,,2025.2.0,None,2025-10-01 20h41.26.237942 +0530,
-150,z,3,3,0,,,,,z,1,0.3840481670013105,None,,,,,0,3,3,3,524.3312986249985,,,,,,,,,,,,,,,,524.3204574999982,524.3312986249985,525.3178530839978,525.3178530839978,525.3178530839978,525.3178530839978,525.3251788749985,526.3177569170002,526.3177569170002,526.7106759999988,z,1,0.3840481670013105,None,s-4/200,"001",2025-10-01_20h41.26.213,Motor sequence Learning task_Recent_Experiment_Tutorial 4_Urvashi Bhansali_AU2320139,,2025.2.0,None,2025-10-01 20h41.26.237942 +0530,
-50,x,4,0,1,,,,,x,1,0.5644992079978692,None,,,,,1,0,4,0,526.721918166997,,,,,,,,,,,,,,,,526.7112586669973,526.721918166997,527.7092961249982,527.7092961249982,527.7092961249982,527.7092961249982,527.7184137499971,528.7192595839988,528.7192595839988,529.2862752919973,x,1,0.5644992079978692,None,s-4/200,"001",2025-10-01_20h41.26.213,Motor sequence Learning task_Recent_Experiment_Tutorial 4_Urvashi Bhansali_AU2320139,,2025.2.0,None,2025-10-01 20h41.26.237942 +0530,
50,c,5,1,1,,,,,c,1,0.7804246250016149,None,,,,,1,1,5,2,529.297768958997,,,,,,,,,,,,,,,,529.2869492499995,529.297768958997,530.2845062919987,530.2845062919987,530.2845062919987,530.2845062919987,530.2919120419974,531.284315208999,531.284315208999,532.0693337499979,c,1,0.7804246250016149,None,s-4/200,"001",2025-10-01_20h41.26.213,Motor sequence Learning task_Recent_Experiment_Tutorial 4_Urvashi Bhansali_AU2320139,,2025.2.0,None,2025-10-01 20h41.26.237942 +0530,
-150,z,6,2,1,,,,,z,1,0.5421309579978697,None,,,,,1,2,6,3,532.080975208999,,,,,,,,,,,,,,,,532.0698615419969,532.080975208999,533.0598579589969,533.0598579589969,533.0598579589969,533.0598579589969,533.0764873749977,534.0594818749996,534.0594818749996,534.6102639169985,z,1,0.5421309579978697,None,s-4/200,"001",2025-10-01_20h41.26.213,Motor sequence Learning task_Recent_Experiment_Tutorial 4_Urvashi Bhansali_AU2320139,,2025.2.0,None,2025-10-01 20h41.26.237942 +0530,
150,v,7,3,1,,,,,v,1,0.8121094580019417,None,,,,,1,3,7,1,534.621752666997,,,,,,,,,,,,,,,,534.6108397089993,534.621752666997,535.6100347089996,535.6100347089996,535.6100347089996,535.6100347089996,535.635805791997,536.6094470419994,536.6094470419994,537.4270719169981,v,1,0.8121094580019417,None,s-4/200,"001",2025-10-01_20h41.26.213,Motor sequence Learning task_Recent_Experiment_Tutorial 4_Urvashi Bhansali_AU2320139,,2025.2.0,None,2025-10-01 20h41.26.237942 +0530,
-50,x,8,0,2,,,,,x,1,0.5556813329967554,None,,,,,2,0,8,0,537.4386274589997,,,,,,,,,,,,,,,,537.4276400419985,537.4386274589997,538.426037666999,538.426037666999,538.426037666999,538.426037666999,538.4343067919981,539.4259518749968,539.4259518749968,539.9863267089968,x,1,0.5556813329967554,None,s-4/200,"001",2025-10-01_20h41.26.213,Motor sequence Learning task_Recent_Experiment_Tutorial 4_Urvashi Bhansali_AU2320139,,2025.2.0,None,2025-10-01 20h41.26.237942 +0530,
150,v,9,1,2,,,,,v,1,0.9890311660019506,None,,,,,2,1,9,1,539.9977736250003,,,,,,,,,,,,,,,,539.9868702089989,539.9977736250003,540.9843893340003,540.9843893340003,540.9843893340003,540.9843893340003,540.9918925419988,541.9844037919975,541.9844037919975,542.9764409589989,v,1,0.9890311660019506,None,s-4/200,"001",2025-10-01_20h41.26.213,Motor sequence Learning task_Recent_Experiment_Tutorial 4_Urvashi Bhansali_AU2320139,,2025.2.0,None,2025-10-01 20h41.26.237942 +0530,
-150,z,10,2,2,,,,,z,1,0.4092421250024927,None,,,,,2,2,10,3,542.9879732499976,,,,,,,,,,,,,,,,542.9769743750003,542.9879732499976,543.9758519999996,543.9758519999996,543.9758519999996,543.9758519999996,543.9851484999999,544.9751229169997,544.9751229169997,545.3976645000002,z,1,0.4092421250024927,None,s-4/200,"001",2025-10-01_20h41.26.213,Motor sequence Learning task_Recent_Experiment_Tutorial 4_Urvashi Bhansali_AU2320139,,2025.2.0,None,2025-10-01 20h41.26.237942 +0530,
50,c,11,3,2,,,,,c,1,1.1018301250005607,None,,,,,2,3,11,2,545.405977041999,,,,,,,,,,,,,,,,545.3981554999991,545.405977041999,546.3923516249997,546.3923516249997,546.3923516249997,546.3923516249997,546.4016451669995,547.3926248749995,547.3926248749995,548.5033853749992,c,1,1.1018301250005607,None,s-4/200,"001",2025-10-01_20h41.26.213,Motor sequence Learning task_Recent_Experiment_Tutorial 4_Urvashi Bhansali_AU2320139,,2025.2.0,None,2025-10-01 20h41.26.237942 +0530,
-50,x,12,0,3,,,,,x,1,0.5313102500003879,None,,,,,3,0,12,0,548.5155031249997,,,,,,,,,,,,,,,,548.5043162089969,548.5155031249997,549.5009632919973,549.5009632919973,549.5009632919973,549.5009632919973,549.5083867499998,550.5010014170002,550.5010014170002,551.0375138749987,x,1,0.5313102500003879,None,s-4/200,"001",2025-10-01_20h41.26.213,Motor sequence Learning task_Recent_Experiment_Tutorial 4_Urvashi Bhansali_AU2320139,,2025.2.0,None,2025-10-01 20h41.26.237942 +0530,
50,c,13,1,3,,,,,c,1,0.5550370409982861,None,,,,,3,1,13,2,551.0496464169992,,,,,,,,,,,,,,,,551.0386412499975,551.0496464169992,552.0343038339997,552.0343038339997,552.0343038339997,552.0343038339997,552.0418987089979,553.0342903339988,553.0342903339988,553.5932499169976,c,1,0.5550370409982861,None,s-4/200,"001",2025-10-01_20h41.26.213,Motor sequence Learning task_Recent_Experiment_Tutorial 4_Urvashi Bhansali_AU2320139,,2025.2.0,None,2025-10-01 20h41.26.237942 +0530,
150,v,14,2,3,,,,,v,1,0.7402254579974397,None,,,,,3,2,14,1,553.6049774169987,,,,,,,,,,,,,,,,553.5937856669989,553.6049774169987,554.5923858749993,554.5923858749993,554.5923858749993,554.5923858749993,554.601119666997,555.591933083997,555.591933083997,556.335838125,v,1,0.7402254579974397,None,s-4/200,"001",2025-10-01_20h41.26.213,Motor sequence Learning task_Recent_Experiment_Tutorial 4_Urvashi Bhansali_AU2320139,,2025.2.0,None,2025-10-01 20h41.26.237942 +0530,
-150,z,15,3,3,,,,,z,1,0.47463724900080706,None,,,,,3,3,15,3,556.3475310419999,,,,,,,,,,,,,,,,556.3364027499993,556.3475310419999,557.3344263339968,557.3344263339968,557.3344263339968,557.3344263339968,557.3417897500003,558.3344624169986,558.3344624169986,558.8192608749996,z,1,0.47463724900080706,None,s-4/200,"001",2025-10-01_20h41.26.213,Motor sequence Learning task_Recent_Experiment_Tutorial 4_Urvashi Bhansali_AU2320139,,2025.2.0,None,2025-10-01 20h41.26.237942 +0530,
-50,x,16,0,4,,,,,x,1,0.4219067489975714,None,,,,,4,0,16,0,558.8308589589979,,,,,,,,,,,,,,,,558.8198286669976,558.8308589589979,559.8089870000003,559.8089870000003,559.8089870000003,559.8089870000003,559.8256179999989,560.8091144999999,560.8091144999999,561.2358843339971,x,1,0.4219067489975714,None,s-4/200,"001",2025-10-01_20h41.26.213,Motor sequence Learning task_Recent_Experiment_Tutorial 4_Urvashi Bhansali_AU2320139,,2025.2.0,None,2025-10-01 20h41.26.237942 +0530,
150,v,17,1,4,,,,,v,1,0.33802054099942325,None,,,,,4,1,17,1,561.2485040840002,,,,,,,,,,,,,,,,561.2364329589982,561.2485040840002,562.2254930419986,562.2254930419986,562.2254930419986,562.2254930419986,562.2417414999982,563.2359627089972,563.2359627089972,563.5772383749973,v,1,0.33802054099942325,None,s-4/200,"001",2025-10-01_20h41.26.213,Motor sequence Learning task_Recent_Experiment_Tutorial 4_Urvashi Bhansali_AU2320139,,2025.2.0,None,2025-10-01 20h41.26.237942 +0530,
50,c,18,2,4,,,,,c,1,0.6748195830004988,None,,,,,4,2,18,2,563.5887002499985,,,,,,,,,,,,,,,,563.5777572919978,563.5887002499985,564.575665417,564.575665417,564.575665417,564.575665417,564.5850956670001,565.5751575419999,565.5751575419999,566.2530406249971,c,1,0.6748195830004988,None,s-4/200,"001",2025-10-01_20h41.26.213,Motor sequence Learning task_Recent_Experiment_Tutorial 4_Urvashi Bhansali_AU2320139,,2025.2.0,None,2025-10-01 20h41.26.237942 +0530,
-150,z,19,3,4,,,,,z,1,0.28642562400273164,None,,,,,4,3,19,3,566.2650584999974,,,,,,,,,,,,,,,,566.2536836250001,566.2650584999974,567.2512131669973,567.2512131669973,567.2512131669973,567.2512131669973,567.2588693340003,568.2425646669981,568.2425646669981,568.5386183749979,z,1,0.28642562400273164,None,s-4/200,"001",2025-10-01_20h41.26.213,Motor sequence Learning task_Recent_Experiment_Tutorial 4_Urvashi Bhansali_AU2320139,,2025.2.0,None,2025-10-01 20h41.26.237942 +0530,
150,v,20,0,5,,,,,v,1,0.6876232079994224,None,,,,,5,0,20,1,568.5505146670002,,,,,,,,,,,,,,,,568.5395022499979,568.5505146670002,569.535191666997,569.535191666997,569.535191666997,569.535191666997,569.5419812499968,570.5342015839997,570.5342015839997,571.2265632919989,v,1,0.6876232079994224,None,s-4/200,"001",2025-10-01_20h41.26.213,Motor sequence Learning task_Recent_Experiment_Tutorial 4_Urvashi Bhansali_AU2320139,,2025.2.0,None,2025-10-01 20h41.26.237942 +0530,
-150,z,21,1,5,,,,,z,1,0.46187437499975204,None,,,,,5,1,21,3,571.2385313339983,,,,,,,,,,,,,,,,571.2270965839998,571.2385313339983,572.2261839589992,572.2261839589992,572.2261839589992,572.2261839589992,572.2525696249977,573.2249195839977,573.2249195839977,573.6933640419993,z,1,0.46187437499975204,None,s-4/200,"001",2025-10-01_20h41.26.213,Motor sequence Learning task_Recent_Experiment_Tutorial 4_Urvashi Bhansali_AU2320139,,2025.2.0,None,2025-10-01 20h41.26.237942 +0530,
50,c,22,2,5,,,,,v,0,0.8833355829992797,None,,,,,5,2,22,2,573.7051013339988,,,,,,,,,,,,,,,,573.6939062499987,573.7051013339988,574.6926962500002,574.6926962500002,574.6926962500002,574.6926962500002,574.7191256249971,575.6923480839978,575.6923480839978,576.5858108339999,v,0,0.8833355829992797,None,s-4/200,"001",2025-10-01_20h41.26.213,Motor sequence Learning task_Recent_Experiment_Tutorial 4_Urvashi Bhansali_AU2320139,,2025.2.0,None,2025-10-01 20h41.26.237942 +0530,
-50,x,23,3,5,,,,,x,1,0.9603511240020453,None,,,,,5,3,23,0,576.597456042,,,,,,,,,,,,,,,,576.5863635419992,576.597456042,577.5758617499996,577.5758617499996,577.5758617499996,577.5758617499996,577.591732334,578.5843159589967,578.5843159589967,579.5528774999984,x,1,0.9603511240020453,None,s-4/200,"001",2025-10-01_20h41.26.213,Motor sequence Learning task_Recent_Experiment_Tutorial 4_Urvashi Bhansali_AU2320139,,2025.2.0,None,2025-10-01 20h41.26.237942 +0530,
-150,z,24,0,6,,,,,z,1,0.6672525410031085,None,,,,,6,0,24,3,579.5648172919973,,,,,,,,,,,,,,,,579.5536106250001,579.5648172919973,580.5509013339979,580.5509013339979,580.5509013339979,580.5509013339979,580.5583898339974,581.5512501669982,581.5512501669982,582.226445166998,z,1,0.6672525410031085,None,s-4/200,"001",2025-10-01_20h41.26.213,Motor sequence Learning task_Recent_Experiment_Tutorial 4_Urvashi Bhansali_AU2320139,,2025.2.0,None,2025-10-01 20h41.26.237942 +0530,
150,v,25,1,6,,,,,v,1,0.8293195409969485,None,,,,,6,1,25,1,582.2386496669969,,,,,,,,,,,,,,,,582.2270439999993,582.2386496669969,583.2251931249994,583.2251931249994,583.2251931249994,583.2251931249994,583.2349366669987,584.2261904589977,584.2261904589977,585.060045541999,v,1,0.8293195409969485,None,s-4/200,"001",2025-10-01_20h41.26.213,Motor sequence Learning task_Recent_Experiment_Tutorial 4_Urvashi Bhansali_AU2320139,,2025.2.0,None,2025-10-01 20h41.26.237942 +0530,
-50,x,26,2,6,,,,,x,1,0.8008047910007008,None,,,,,6,2,26,0,585.0719749169984,,,,,,,,,,,,,,,,585.0606067089975,585.0719749169984,586.0586517089978,586.0586517089978,586.0586517089978,586.0586517089978,586.067778458997,587.0585234589998,587.0585234589998,587.8699214169974,x,1,0.8008047910007008,None,s-4/200,"001",2025-10-01_20h41.26.213,Motor sequence Learning task_Recent_Experiment_Tutorial 4_Urvashi Bhansali_AU2320139,,2025.2.0,None,2025-10-01 20h41.26.237942 +0530,
50,c,27,3,6,,,,,v,0,0.396592832999886,None,,,,,6,3,27,2,587.8823222089995,,,,,,,,,,,,,,,,587.8708942919984,587.8823222089995,588.8675743749991,588.8675743749991,588.8675743749991,588.8675743749991,588.8745515839983,589.8676971669993,589.8676971669993,590.269159624997,v,0,0.396592832999886,None,s-4/200,"001",2025-10-01_20h41.26.213,Motor sequence Learning task_Recent_Experiment_Tutorial 4_Urvashi Bhansali_AU2320139,,2025.2.0,None,2025-10-01 20h41.26.237942 +0530,
-50,x,28,0,7,,,,,x,1,0.6170457910011464,None,,,,,7,0,28,0,590.2806717919993,,,,,,,,,,,,,,,,590.2697086669978,590.2806717919993,591.2588064999982,591.2588064999982,591.2588064999982,591.2588064999982,591.2749829589993,592.2592937089976,592.2592937089976,592.8862678749974,x,1,0.6170457910011464,None,s-4/200,"001",2025-10-01_20h41.26.213,Motor sequence Learning task_Recent_Experiment_Tutorial 4_Urvashi Bhansali_AU2320139,,2025.2.0,None,2025-10-01 20h41.26.237942 +0530,
50,c,29,1,7,,,,,v,0,0.7001336670000455,None,,,,,7,1,29,2,592.898402625,,,,,,,,,,,,,,,,592.8871781669986,592.898402625,593.8842824589992,593.8842824589992,593.8842824589992,593.8842824589992,593.8917439999968,594.8852383339981,594.8852383339981,595.5933114999971,v,0,0.7001336670000455,None,s-4/200,"001",2025-10-01_20h41.26.213,Motor sequence Learning task_Recent_Experiment_Tutorial 4_Urvashi Bhansali_AU2320139,,2025.2.0,None,2025-10-01 20h41.26.237942 +0530,
-150,z,30,2,7,,,,,z,1,0.5889965829992434,None,,,,,7,2,30,3,595.6048523339996,,,,,,,,,,,,,,,,595.5938404589979,595.6048523339996,596.5844655000001,596.5844655000001,596.5844655000001,596.5844655000001,596.6010614589977,597.5921648749973,597.5921648749973,598.1871037499986,z,1,0.5889965829992434,None,s-4/200,"001",2025-10-01_20h41.26.213,Motor sequence Learning task_Recent_Experiment_Tutorial 4_Urvashi Bhansali_AU2320139,,2025.2.0,None,2025-10-01 20h41.26.237942 +0530,
150,v,31,3,7,,,,,v,1,0.9122630829988339,None,,,,,7,3,31,1,598.1986775839978,,,,,,,,,,,,,,,,598.1877988339984,598.1986775839978,599.184277291999,599.184277291999,599.184277291999,599.184277291999,599.1915000839981,600.1849077919978,600.1849077919978,601.102996333997,v,1,0.9122630829988339,None,s-4/200,"001",2025-10-01_20h41.26.213,Motor sequence Learning task_Recent_Experiment_Tutorial 4_Urvashi Bhansali_AU2320139,,2025.2.0,None,2025-10-01 20h41.26.237942 +0530,
50,c,32,0,8,,,,,v,0,0.7441662080018432,None,,,,,8,0,32,2,601.1146080420003,,,,,,,,,,,,,,,,601.1036985840001,601.1146080420003,602.1009626669984,602.1009626669984,602.1009626669984,602.1009626669984,602.1083454170002,603.1009036670002,603.1009036670002,603.853120374999,v,0,0.7441662080018432,None,s-4/200,"001",2025-10-01_20h41.26.213,Motor sequence Learning task_Recent_Experiment_Tutorial 4_Urvashi Bhansali_AU2320139,,2025.2.0,None,2025-10-01 20h41.26.237942 +0530,
150,v,33,1,8,,,,,v,1,0.8051227079995442,None,,,,,8,1,33,1,603.8649976249981,,,,,,,,,,,,,,,,603.853929916997,603.8649976249981,604.8509419169968,604.8509419169968,604.8509419169968,604.8509419169968,604.8582690839976,605.8508860000002,605.8508860000002,606.65991975,v,1,0.8051227079995442,None,s-4/200,"001",2025-10-01_20h41.26.213,Motor sequence Learning task_Recent_Experiment_Tutorial 4_Urvashi Bhansali_AU2320139,,2025.2.0,None,2025-10-01 20h41.26.237942 +0530,
-50,x,34,2,8,,,,,x,1,0.5395245829968189,None,,,,,8,2,34,0,606.6716347499969,,,,,,,,,,,,,,,,606.6604760839982,606.6716347499969,607.6595151250003,607.6595151250003,607.6595151250003,607.6595151250003,607.6855724589986,608.6584337919994,608.6584337919994,609.2025231249972,x,1,0.5395245829968189,None,s-4/200,"001",2025-10-01_20h41.26.213,Motor sequence Learning task_Recent_Experiment_Tutorial 4_Urvashi Bhansali_AU2320139,,2025.2.0,None,2025-10-01 20h41.26.237942 +0530,
-150,z,35,3,8,,,,,z,1,0.4539000830009172,None,,,,,8,3,35,3,609.2137783749968,,,,,,,,,,,,,,,,609.2030891249997,609.2137783749968,610.1923911249978,610.1923911249978,610.1923911249978,610.1923911249978,610.2089214169973,611.2009657919989,611.2009657919989,611.6600060839992,z,1,0.4539000830009172,None,s-4/200,"001",2025-10-01_20h41.26.213,Motor sequence Learning task_Recent_Experiment_Tutorial 4_Urvashi Bhansali_AU2320139,,2025.2.0,None,2025-10-01 20h41.26.237942 +0530,
-150,z,36,0,9,,,,,z,1,0.49801279199891724,None,,,,,9,0,36,3,611.6716402919992,,,,,,,,,,,,,,,,611.6605758749974,611.6716402919992,612.6594431669982,612.6594431669982,612.6594431669982,612.6594431669982,612.6856369589987,613.6857491249975,613.6857491249975,614.1858665,z,1,0.49801279199891724,None,s-4/200,"001",2025-10-01_20h41.26.213,Motor sequence Learning task_Recent_Experiment_Tutorial 4_Urvashi Bhansali_AU2320139,,2025.2.0,None,2025-10-01 20h41.26.237942 +0530,
50,c,37,1,9,,,,,c,1,1.5173261249983625,None,,,,,9,1,37,2,614.1976521249999,,,,,,,,,,,,,,,,614.1864732089998,614.1976521249999,615.1771382089973,615.1771382089973,615.1771382089973,615.1771382089973,615.2190200839977,616.1843197089984,616.1843197089984,617.7099398339997,c,1,1.5173261249983625,None,s-4/200,"001",2025-10-01_20h41.26.213,Motor sequence Learning task_Recent_Experiment_Tutorial 4_Urvashi Bhansali_AU2320139,,2025.2.0,None,2025-10-01 20h41.26.237942 +0530,
-50,x,38,2,9,,,,,x,1,0.5243229999978212,None,,,,,9,2,38,0,617.7214901249972,,,,,,,,,,,,,,,,617.7104967089981,617.7214901249972,618.7085376670002,618.7085376670002,618.7085376670002,618.7085376670002,618.7176788340003,619.7083785839968,619.7083785839968,620.2360009999975,x,1,0.5243229999978212,None,s-4/200,"001",2025-10-01_20h41.26.213,Motor sequence Learning task_Recent_Experiment_Tutorial 4_Urvashi Bhansali_AU2320139,,2025.2.0,None,2025-10-01 20h41.26.237942 +0530,
150,v,39,3,9,,,,,v,1,0.9574209169986716,None,,,,,9,3,39,1,620.2480336669978,,,,,,,,,,,,,,,,620.2365745419993,620.2480336669978,621.2341133749978,621.2341133749978,621.2341133749978,621.2341133749978,621.2414722089998,622.2341351249997,622.2341351249997,623.201274666997,v,1,0.9574209169986716,None,s-4/200,"001",2025-10-01_20h41.26.213,Motor sequence Learning task_Recent_Experiment_Tutorial 4_Urvashi Bhansali_AU2320139,,2025.2.0,None,2025-10-01 20h41.26.237942 +0530,
-50,x,40,0,10,,,,,x,1,0.6323257080002804,None,,,,,10,0,40,0,623.2125257499974,,,,,,,,,,,,,,,,623.2018993749989,623.2125257499974,624.1925959999971,624.1925959999971,624.1925959999971,624.1925959999971,624.208026291999,625.1923080839988,625.1923080839988,625.8269783750002,x,1,0.6323257080002804,None,s-4/200,"001",2025-10-01_20h41.26.213,Motor sequence Learning task_Recent_Experiment_Tutorial 4_Urvashi Bhansali_AU2320139,,2025.2.0,None,2025-10-01 20h41.26.237942 +0530,
150,v,41,1,10,,,,,v,1,0.8408174160031194,None,,,,,10,1,41,1,625.8383422499974,,,,,,,,,,,,,,,,625.8275630419994,625.8383422499974,626.8259334590002,626.8259334590002,626.8259334590002,626.8259334590002,626.852327749999,627.8355549999978,627.8355549999978,628.6861523749976,v,1,0.8408174160031194,None,s-4/200,"001",2025-10-01_20h41.26.213,Motor sequence Learning task_Recent_Experiment_Tutorial 4_Urvashi Bhansali_AU2320139,,2025.2.0,None,2025-10-01 20h41.26.237942 +0530,
-150,z,42,2,10,,,,,z,1,0.43782295799974236,None,,,,,10,2,42,3,628.6982001249999,,,,,,,,,,,,,,,,628.6868511249995,628.6982001249999,629.6844572089976,629.6844572089976,629.6844572089976,629.6844572089976,629.6919920419969,630.6754795839988,630.6754795839988,631.1202707919983,z,1,0.43782295799974236,None,s-4/200,"001",2025-10-01_20h41.26.213,Motor sequence Learning task_Recent_Experiment_Tutorial 4_Urvashi Bhansali_AU2320139,,2025.2.0,None,2025-10-01 20h41.26.237942 +0530,
50,c,43,3,10,,,,,c,1,1.0554960830013442,None,,,,,10,3,43,2,631.1319716669968,,,,,,,,,,,,,,,,631.120853999997,631.1319716669968,632.1175792089998,632.1175792089998,632.1175792089998,632.1175792089998,632.125178667,633.1177232089976,633.1177232089976,634.1876161250002,c,1,1.0554960830013442,None,s-4/200,"001",2025-10-01_20h41.26.213,Motor sequence Learning task_Recent_Experiment_Tutorial 4_Urvashi Bhansali_AU2320139,,2025.2.0,None,2025-10-01 20h41.26.237942 +0530,
50,c,44,0,11,,,,,c,1,0.9220380409969948,None,,,,,11,0,44,2,634.1996439169998,,,,,,,,,,,,,,,,634.1884857499972,634.1996439169998,635.1842303749982,635.1842303749982,635.1842303749982,635.1842303749982,635.1916405839984,636.1842226249973,636.1842226249973,637.110272083999,c,1,0.9220380409969948,None,s-4/200,"001",2025-10-01_20h41.26.213,Motor sequence Learning task_Recent_Experiment_Tutorial 4_Urvashi Bhansali_AU2320139,,2025.2.0,None,2025-10-01 20h41.26.237942 +0530,
-50,x,45,1,11,,,,,x,1,0.49998337400029413,None,,,,,11,1,45,0,637.121585334,,,,,,,,,,,,,,,,637.1108559589993,637.121585334,638.1090131669989,638.1090131669989,638.1090131669989,638.1090131669989,638.1187440840004,639.1092407919969,639.1092407919969,639.6195317919992,x,1,0.49998337400029413,None,s-4/200,"001",2025-10-01_20h41.26.213,Motor sequence Learning task_Recent_Experiment_Tutorial 4_Urvashi Bhansali_AU2320139,,2025.2.0,None,2025-10-01 20h41.26.237942 +0530,
150,v,46,2,11,,,,,v,1,0.7996668739979214,None,,,,,11,2,46,1,639.6313000839982,,,,,,,,,,,,,,,,639.6201412499977,639.6313000839982,640.6175514589995,640.6175514589995,640.6175514589995,640.6175514589995,640.6249587919992,641.6174797919994,641.6174797919994,642.418876124997,v,1,0.7996668739979214,None,s-4/200,"001",2025-10-01_20h41.26.213,Motor sequence Learning task_Recent_Experiment_Tutorial 4_Urvashi Bhansali_AU2320139,,2025.2.0,None,2025-10-01 20h41.26.237942 +0530,
-150,z,47,3,11,,,,,z,1,0.5074502079987724,None,,,,,11,3,47,3,642.4305567089978,,,,,,,,,,,,,,,,642.4194022919983,642.4305567089978,643.4097536669979,643.4097536669979,643.4097536669979,643.4097536669979,643.4525191249995,644.4175094999991,644.4175094999991,644.9262314589978,z,1,0.5074502079987724,None,s-4/200,"001",2025-10-01_20h41.26.213,Motor sequence Learning task_Recent_Experiment_Tutorial 4_Urvashi Bhansali_AU2320139,,2025.2.0,None,2025-10-01 20h41.26.237942 +0530,
50,c,48,0,12,,,,,c,1,0.6952695420004602,None,,,,,12,0,48,2,644.9379984999978,,,,,,,,,,,,,,,,644.9267849589996,644.9379984999978,645.9174464999996,645.9174464999996,645.9174464999996,645.9174464999996,645.9343117499993,646.9357613749999,646.9357613749999,647.6361151249985,c,1,0.6952695420004602,None,s-4/200,"001",2025-10-01_20h41.26.213,Motor sequence Learning task_Recent_Experiment_Tutorial 4_Urvashi Bhansali_AU2320139,,2025.2.0,None,2025-10-01 20h41.26.237942 +0530,
150,v,49,1,12,,,,,v,1,0.6780611249996582,None,,,,,12,1,49,1,647.6481401669989,,,,,,,,,,,,,,,,647.6368788749969,647.6481401669989,648.6343769999985,648.6343769999985,648.6343769999985,648.6343769999985,648.6418983749973,649.6348843749984,649.6348843749984,650.3196526669999,v,1,0.6780611249996582,None,s-4/200,"001",2025-10-01_20h41.26.213,Motor sequence Learning task_Recent_Experiment_Tutorial 4_Urvashi Bhansali_AU2320139,,2025.2.0,None,2025-10-01 20h41.26.237942 +0530,
-150,z,50,2,12,,,,,z,1,0.4507952079984534,None,,,,,12,2,50,3,650.331282916999,,,,,,,,,,,,,,,,650.3202163339993,650.331282916999,651.3174446669982,651.3174446669982,651.3174446669982,651.3174446669982,651.3248248339987,652.3180560000001,652.3180560000001,652.7764605839984,z,1,0.4507952079984534,None,s-4/200,"001",2025-10-01_20h41.26.213,Motor sequence Learning task_Recent_Experiment_Tutorial 4_Urvashi Bhansali_AU2320139,,2025.2.0,None,2025-10-01 20h41.26.237942 +0530,
-50,x,51,3,12,,,,,x,1,0.9037470829971426,None,,,,,12,3,51,0,652.7879760420001,,,,,,,,,,,,,,,,652.7769922919979,652.7879760420001,653.7753286669977,653.7753286669977,653.7753286669977,653.7753286669977,653.7841359999984,654.7750792089973,654.7750792089973,655.6861587499989,x,1,0.9037470829971426,None,s-4/200,"001",2025-10-01_20h41.26.213,Motor sequence Learning task_Recent_Experiment_Tutorial 4_Urvashi Bhansali_AU2320139,,2025.2.0,None,2025-10-01 20h41.26.237942 +0530,
50,c,52,0,13,,,,,c,1,0.8385725830012234,None,,,,,13,0,52,2,655.6975240840002,,,,,,,,,,,,,,,,655.6867445419994,655.6975240840002,656.6843282089976,656.6843282089976,656.6843282089976,656.6843282089976,656.6918602919977,657.684173624999,657.684173624999,658.5262241669989,c,1,0.8385725830012234,None,s-4/200,"001",2025-10-01_20h41.26.213,Motor sequence Learning task_Recent_Experiment_Tutorial 4_Urvashi Bhansali_AU2320139,,2025.2.0,None,2025-10-01 20h41.26.237942 +0530,
150,v,53,1,13,,,,,v,1,0.9840547500025423,None,,,,,13,1,53,1,658.5378950839986,,,,,,,,,,,,,,,,658.5267968339977,658.5378950839986,659.5255288339977,659.5255288339977,659.5255288339977,659.5255288339977,659.5340857089977,660.517511916998,660.517511916998,661.5098873339994,v,1,0.9840547500025423,None,s-4/200,"001",2025-10-01_20h41.26.213,Motor sequence Learning task_Recent_Experiment_Tutorial 4_Urvashi Bhansali_AU2320139,,2025.2.0,None,2025-10-01 20h41.26.237942 +0530,
-150,z,54,2,13,,,,,z,1,0.5884636669979955,None,,,,,13,2,54,3,661.5214107089996,,,,,,,,,,,,,,,,661.5104321250001,661.5214107089996,662.5096121669994,662.5096121669994,662.5096121669994,662.5096121669994,662.5356649999994,663.5092124589974,663.5092124589974,664.1027400419989,z,1,0.5884636669979955,None,s-4/200,"001",2025-10-01_20h41.26.213,Motor sequence Learning task_Recent_Experiment_Tutorial 4_Urvashi Bhansali_AU2320139,,2025.2.0,None,2025-10-01 20h41.26.237942 +0530,
-50,x,55,3,13,,,,,x,1,0.6837629990004643,None,,,,,13,3,55,0,664.1142790419981,,,,,,,,,,,,,,,,664.1033365419971,664.1142790419981,665.1007275419979,665.1007275419979,665.1007275419979,665.1007275419979,665.1084623339993,666.1008274999986,666.1008274999986,666.7930914169992,x,1,0.6837629990004643,None,s-4/200,"001",2025-10-01_20h41.26.213,Motor sequence Learning task_Recent_Experiment_Tutorial 4_Urvashi Bhansali_AU2320139,,2025.2.0,None,2025-10-01 20h41.26.237942 +0530,
-50,x,56,0,14,,,,,x,1,0.5988040830015962,None,,,,,14,0,56,0,666.8043720839996,,,,,,,,,,,,,,,,666.7936033339975,666.8043720839996,667.7840853749985,667.7840853749985,667.7840853749985,667.7840853749985,667.8008839169997,668.7926863749999,668.7926863749999,669.4011703750002,x,1,0.5988040830015962,None,s-4/200,"001",2025-10-01_20h41.26.213,Motor sequence Learning task_Recent_Experiment_Tutorial 4_Urvashi Bhansali_AU2320139,,2025.2.0,None,2025-10-01 20h41.26.237942 +0530,
50,c,57,1,14,,,,,c,1,0.9292195420021017,None,,,,,14,1,57,2,669.4122984999995,,,,,,,,,,,,,,,,669.4017933750001,669.4122984999995,670.3923448339992,670.3923448339992,670.3923448339992,670.3923448339992,670.4080692089992,671.3932545419993,671.3932545419993,672.3264994169986,c,1,0.9292195420021017,None,s-4/200,"001",2025-10-01_20h41.26.213,Motor sequence Learning task_Recent_Experiment_Tutorial 4_Urvashi Bhansali_AU2320139,,2025.2.0,None,2025-10-01 20h41.26.237942 +0530,
-150,z,58,2,14,,,,,z,1,0.46574924900050974,None,,,,,14,2,58,3,672.3383151249982,,,,,,,,,,,,,,,,672.3272477089995,672.3383151249982,673.3258000839996,673.3258000839996,673.3258000839996,673.3258000839996,673.3521731669971,674.3246966669976,674.3246966669976,674.7932597919971,z,1,0.46574924900050974,None,s-4/200,"001",2025-10-01_20h41.26.213,Motor sequence Learning task_Recent_Experiment_Tutorial 4_Urvashi Bhansali_AU2320139,,2025.2.0,None,2025-10-01 20h41.26.237942 +0530,
150,v,59,3,14,,,,,v,1,0.8312339580006665,None,,,,,14,3,59,1,674.8049981249969,,,,,,,,,,,,,,,,674.7938274999979,674.8049981249969,675.7925429589995,675.7925429589995,675.7925429589995,675.7925429589995,675.8008684169981,676.7931119169989,676.7931119169989,677.6268792919982,v,1,0.8312339580006665,None,s-4/200,"001",2025-10-01_20h41.26.213,Motor sequence Learning task_Recent_Experiment_Tutorial 4_Urvashi Bhansali_AU2320139,,2025.2.0,None,2025-10-01 20h41.26.237942 +0530,
150,v,60,0,15,,,,,v,1,0.7556055419991026,None,,,,,15,0,60,1,677.6383582919989,,,,,,,,,,,,,,,,677.6276740419999,677.6383582919989,678.6264110839984,678.6264110839984,678.6264110839984,678.6264110839984,678.6522810839997,679.6256450839974,679.6256450839974,680.403560625,v,1,0.7556055419991026,None,s-4/200,"001",2025-10-01_20h41.26.213,Motor sequence Learning task_Recent_Experiment_Tutorial 4_Urvashi Bhansali_AU2320139,,2025.2.0,None,2025-10-01 20h41.26.237942 +0530,
-50,x,61,1,15,,,,,x,1,1.0164008329993521,None,,,,,15,1,61,0,680.4185987919991,,,,,,,,,,,,,,,,680.4041345419973,680.4185987919991,681.400798333998,681.400798333998,681.400798333998,681.400798333998,681.4175983339992,682.4007939999974,682.4007939999974,683.4192074999992,x,1,1.0164008329993521,None,s-4/200,"001",2025-10-01_20h41.26.213,Motor sequence Learning task_Recent_Experiment_Tutorial 4_Urvashi Bhansali_AU2320139,,2025.2.0,None,2025-10-01 20h41.26.237942 +0530,
-150,z,62,2,15,,,,,z,1,0.5596254990014131,None,,,,,15,2,62,3,683.4312912919995,,,,,,,,,,,,,,,,683.4199410000001,683.4312912919995,684.4173799589989,684.4173799589989,684.4173799589989,684.4173799589989,684.4248007499991,685.417470958997,685.417470958997,685.9861616669987,z,1,0.5596254990014131,None,s-4/200,"001",2025-10-01_20h41.26.213,Motor sequence Learning task_Recent_Experiment_Tutorial 4_Urvashi Bhansali_AU2320139,,2025.2.0,None,2025-10-01 20h41.26.237942 +0530,
50,c,63,3,15,,,,,c,1,0.4585762919996341,None,,,,,15,3,63,2,685.9981279589992,,,,,,,,,,,,,,,,685.9868146249974,685.9981279589992,686.9840213339994,686.9840213339994,686.9840213339994,686.9840213339994,686.9913720419972,687.9843789169972,687.9843789169972,688.4522552499984,c,1,0.4585762919996341,None,s-4/200,"001",2025-10-01_20h41.26.213,Motor sequence Learning task_Recent_Experiment_Tutorial 4_Urvashi Bhansali_AU2320139,,2025.2.0,None,2025-10-01 20h41.26.237942 +0530,
50,c,64,0,16,,,,,c,1,0.8832166659994982,None,,,,,16,0,64,2,688.4636651669971,,,,,,,,,,,,,,,,688.4528091249995,688.4636651669971,689.4509614589988,689.4509614589988,689.4509614589988,689.4509614589988,689.4586404999973,690.450720375,690.450720375,691.3356433749977,c,1,0.8832166659994982,None,s-4/200,"001",2025-10-01_20h41.26.213,Motor sequence Learning task_Recent_Experiment_Tutorial 4_Urvashi Bhansali_AU2320139,,2025.2.0,None,2025-10-01 20h41.26.237942 +0530,
-150,z,65,1,16,,,,,z,1,0.44023699999888777,None,,,,,16,1,65,3,691.3473799589992,,,,,,,,,,,,,,,,691.3361714589992,691.3473799589992,692.3341693339971,692.3341693339971,692.3341693339971,692.3341693339971,692.341466083999,693.3256921249995,693.3256921249995,693.7693536669976,z,1,0.44023699999888777,None,s-4/200,"001",2025-10-01_20h41.26.213,Motor sequence Learning task_Recent_Experiment_Tutorial 4_Urvashi Bhansali_AU2320139,,2025.2.0,None,2025-10-01 20h41.26.237942 +0530,
150,v,66,2,16,,,,,v,1,0.7198522920007235,None,,,,,16,2,66,1,693.7812140839997,,,,,,,,,,,,,,,,693.7700584169979,693.7812140839997,694.7675186669985,694.7675186669985,694.7675186669985,694.7675186669985,694.7748076249991,695.768058333997,695.768058333997,696.4932452499997,v,1,0.7198522920007235,None,s-4/200,"001",2025-10-01_20h41.26.213,Motor sequence Learning task_Recent_Experiment_Tutorial 4_Urvashi Bhansali_AU2320139,,2025.2.0,None,2025-10-01 20h41.26.237942 +0530,
-50,x,67,3,16,,,,,x,1,0.5410819159988023,None,,,,,16,3,67,0,696.5050150839998,,,,,,,,,,,,,,,,696.4938154589981,696.5050150839998,697.4922710840001,697.4922710840001,697.4922710840001,697.4922710840001,697.5007110839979,698.4917532919972,698.4917532919972,699.0372585419973,x,1,0.5410819159988023,None,s-4/200,"001",2025-10-01_20h41.26.213,Motor sequence Learning task_Recent_Experiment_Tutorial 4_Urvashi Bhansali_AU2320139,,2025.2.0,None,2025-10-01 20h41.26.237942 +0530,
-150,z,68,0,17,,,,,z,1,0.43268637499932083,None,,,,,17,0,68,3,699.050732083997,,,,,,,,,,,,,,,,699.0379442089979,699.050732083997,700.0341887499999,700.0341887499999,700.0341887499999,700.0341887499999,700.0415108749985,701.0340450839976,701.0340450839976,701.4694758339974,z,1,0.43268637499932083,None,s-4/200,"001",2025-10-01_20h41.26.213,Motor sequence Learning task_Recent_Experiment_Tutorial 4_Urvashi Bhansali_AU2320139,,2025.2.0,None,2025-10-01 20h41.26.237942 +0530,
150,v,69,1,17,,,,,v,1,0.9222074999997858,None,,,,,17,1,69,1,701.4816338749988,,,,,,,,,,,,,,,,701.4702986669981,701.4816338749988,702.467947416997,702.467947416997,702.467947416997,702.467947416997,702.4753118749977,703.4674660419987,703.4674660419987,704.3929123339985,v,1,0.9222074999997858,None,s-4/200,"001",2025-10-01_20h41.26.213,Motor sequence Learning task_Recent_Experiment_Tutorial 4_Urvashi Bhansali_AU2320139,,2025.2.0,None,2025-10-01 20h41.26.237942 +0530,
-50,x,70,2,17,,,,,x,1,0.8695619160025672,None,,,,,17,2,70,0,704.4050104999988,,,,,,,,,,,,,,,,704.3934487089973,704.4050104999988,705.3921945000002,705.3921945000002,705.3921945000002,705.3921945000002,705.401475374998,706.3840134169986,706.3840134169986,707.2597514169975,x,1,0.8695619160025672,None,s-4/200,"001",2025-10-01_20h41.26.213,Motor sequence Learning task_Recent_Experiment_Tutorial 4_Urvashi Bhansali_AU2320139,,2025.2.0,None,2025-10-01 20h41.26.237942 +0530,
50,c,71,3,17,,,,,c,1,0.5098009579996869,None,,,,,17,3,71,2,707.2714650419985,,,,,,,,,,,,,,,,707.2603437090002,707.2714650419985,708.2584277499991,708.2584277499991,708.2584277499991,708.2584277499991,708.2676152089989,709.2577766670001,709.2577766670001,709.7821086669974,c,1,0.5098009579996869,None,s-4/200,"001",2025-10-01_20h41.26.213,Motor sequence Learning task_Recent_Experiment_Tutorial 4_Urvashi Bhansali_AU2320139,,2025.2.0,None,2025-10-01 20h41.26.237942 +0530,
150,v,72,0,18,,,,,v,1,0.8228720410006645,None,,,,,18,0,72,1,709.7892074169977,,,,,,,,,,,,,,,,709.7826607089992,709.7892074169977,710.7757547089968,710.7757547089968,710.7757547089968,710.7757547089968,710.8021652919997,711.7745914169973,711.7745914169973,712.6035899999988,v,1,0.8228720410006645,None,s-4/200,"001",2025-10-01_20h41.26.213,Motor sequence Learning task_Recent_Experiment_Tutorial 4_Urvashi Bhansali_AU2320139,,2025.2.0,None,2025-10-01 20h41.26.237942 +0530,
-150,z,73,1,18,,,,,z,1,0.4377741669995885,None,,,,,18,1,73,3,712.6151571249975,,,,,,,,,,,,,,,,712.6041387499972,712.6151571249975,713.6011734169988,713.6011734169988,713.6011734169988,713.6011734169988,713.6090909999984,714.6006915839971,714.6006915839971,715.0430095419979,z,1,0.4377741669995885,None,s-4/200,"001",2025-10-01_20h41.26.213,Motor sequence Learning task_Recent_Experiment_Tutorial 4_Urvashi Bhansali_AU2320139,,2025.2.0,None,2025-10-01 20h41.26.237942 +0530,
50,c,74,2,18,,,,,c,1,0.3844034579997242,None,,,,,18,2,74,2,715.0543130419974,,,,,,,,,,,,,,,,715.0435919169977,715.0543130419974,716.0422117499984,716.0422117499984,716.0422117499984,716.0422117499984,716.050640292,717.0418792499986,717.0418792499986,717.4362202499979,c,1,0.3844034579997242,None,s-4/200,"001",2025-10-01_20h41.26.213,Motor sequence Learning task_Recent_Experiment_Tutorial 4_Urvashi Bhansali_AU2320139,,2025.2.0,None,2025-10-01 20h41.26.237942 +0530,
-50,x,75,3,18,,,,,x,1,0.6163371669972548,None,,,,,18,3,75,0,717.4472422500003,,,,,,,,,,,,,,,,717.4368424589993,717.4472422500003,718.433998499997,718.433998499997,718.433998499997,718.433998499997,718.4415000839981,719.4339795839987,719.4339795839987,720.0523314169986,x,1,0.6163371669972548,None,s-4/200,"001",2025-10-01_20h41.26.213,Motor sequence Learning task_Recent_Experiment_Tutorial 4_Urvashi Bhansali_AU2320139,,2025.2.0,None,2025-10-01 20h41.26.237942 +0530,
150,v,76,0,19,,,,,v,1,0.38184812399777,None,,,,,19,0,76,1,720.0632157919972,,,,,,,,,,,,,,,,720.0528695419998,720.0632157919972,721.0507263339969,721.0507263339969,721.0507263339969,721.0507263339969,721.0587025419991,722.0424078340002,722.0424078340002,722.4260909589975,v,1,0.38184812399777,None,s-4/200,"001",2025-10-01_20h41.26.213,Motor sequence Learning task_Recent_Experiment_Tutorial 4_Urvashi Bhansali_AU2320139,,2025.2.0,None,2025-10-01 20h41.26.237942 +0530,
-50,x,77,1,19,,,,,x,1,0.7468916249999893,None,,,,,19,1,77,0,722.4378598749972,,,,,,,,,,,,,,,,722.4266599999974,722.4378598749972,723.4174533339974,723.4174533339974,723.4174533339974,723.4174533339974,723.4341415419985,724.425364458999,724.425364458999,725.1768425839982,x,1,0.7468916249999893,None,s-4/200,"001",2025-10-01_20h41.26.213,Motor sequence Learning task_Recent_Experiment_Tutorial 4_Urvashi Bhansali_AU2320139,,2025.2.0,None,2025-10-01 20h41.26.237942 +0530,
50,c,78,2,19,,,,,c,1,1.132551416001661,None,,,,,19,2,78,2,725.1885640419969,,,,,,,,,,,,,,,,725.1776955839996,725.1885640419969,726.1753290419983,726.1753290419983,726.1753290419983,726.1753290419983,726.1840856669987,727.1756710839982,727.1756710839982,728.3095965419998,c,1,1.132551416001661,None,s-4/200,"001",2025-10-01_20h41.26.213,Motor sequence Learning task_Recent_Experiment_Tutorial 4_Urvashi Bhansali_AU2320139,,2025.2.0,None,2025-10-01 20h41.26.237942 +0530,
-150,z,79,3,19,,,,,z,1,0.4114279159985017,None,,,,,19,3,79,3,728.3211985419985,,,,,,,,,,,,,,,,728.3101520419987,728.3211985419985,729.309224458997,729.309224458997,729.309224458997,729.309224458997,729.3354136249982,730.3006409169975,730.3006409169975,730.7194659999986,z,1,0.4114279159985017,None,s-4/200,"001",2025-10-01_20h41.26.213,Motor sequence Learning task_Recent_Experiment_Tutorial 4_Urvashi Bhansali_AU2320139,,2025.2.0,None,2025-10-01 20h41.26.237942 +0530,
50,c,80,0,20,,,,,c,1,0.4585776669991901,None,,,,,20,0,80,2,730.7301960419973,,,,,,,,,,,,,,,,730.7200810839968,730.7301960419973,731.7173117089987,731.7173117089987,731.7173117089987,731.7173117089987,731.7249306249978,732.7174156250003,732.7174156250003,733.1859848749991,c,1,0.4585776669991901,None,s-4/200,"001",2025-10-01_20h41.26.213,Motor sequence Learning task_Recent_Experiment_Tutorial 4_Urvashi Bhansali_AU2320139,,2025.2.0,None,2025-10-01 20h41.26.237942 +0530,
150,v,81,1,20,,,,,v,1,0.4206454160012072,None,,,,,20,1,81,1,733.1969887499981,,,,,,,,,,,,,,,,733.1866038339977,733.1969887499981,734.1840672090002,734.1840672090002,734.1840672090002,734.1840672090002,734.1918494589991,735.1763553339988,735.1763553339988,735.6024789589974,v,1,0.4206454160012072,None,s-4/200,"001",2025-10-01_20h41.26.213,Motor sequence Learning task_Recent_Experiment_Tutorial 4_Urvashi Bhansali_AU2320139,,2025.2.0,None,2025-10-01 20h41.26.237942 +0530,
-150,z,82,2,20,,,,,z,1,0.4209677910002938,None,,,,,20,2,82,3,735.6127544999981,,,,,,,,,,,,,,,,735.6030032919989,735.6127544999981,736.5932577499989,736.5932577499989,736.5932577499989,736.5932577499989,736.6095430839996,737.6009339999982,737.6009339999982,738.0261727090001,z,1,0.4209677910002938,None,s-4/200,"001",2025-10-01_20h41.26.213,Motor sequence Learning task_Recent_Experiment_Tutorial 4_Urvashi Bhansali_AU2320139,,2025.2.0,None,2025-10-01 20h41.26.237942 +0530,
-50,x,83,3,20,,,,,x,1,0.5375983330013696,None,,,,,20,3,83,0,738.0370149169976,,,,,,,,,,,,,,,,738.0267466669975,738.0370149169976,739.025427583998,739.025427583998,739.025427583998,739.025427583998,739.034938083998,740.0172837089995,740.0172837089995,740.5601492919996,x,1,0.5375983330013696,None,s-4/200,"001",2025-10-01_20h41.26.213,Motor sequence Learning task_Recent_Experiment_Tutorial 4_Urvashi Bhansali_AU2320139,,2025.2.0,None,2025-10-01 20h41.26.237942 +0530,
-50,x,84,0,21,,,,,x,1,0.45134637400042266,None,,,,,21,0,84,0,740.5714916669967,,,,,,,,,,,,,,,,740.5607042089978,740.5714916669967,741.5587038339982,741.5587038339982,741.5587038339982,741.5587038339982,741.5676696249975,742.5584411669988,742.5584411669988,743.0194276669972,x,1,0.45134637400042266,None,s-4/200,"001",2025-10-01_20h41.26.213,Motor sequence Learning task_Recent_Experiment_Tutorial 4_Urvashi Bhansali_AU2320139,,2025.2.0,None,2025-10-01 20h41.26.237942 +0530,
-150,z,85,1,21,,,,,z,1,0.5413508739984536,None,,,,,21,1,85,3,743.0302955419975,,,,,,,,,,,,,,,,743.020074666998,743.0302955419975,744.0098325839972,744.0098325839972,744.0098325839972,744.0098325839972,744.0265113339992,745.0172832089993,745.0172832089993,745.5689488339995,z,1,0.5413508739984536,None,s-4/200,"001",2025-10-01_20h41.26.213,Motor sequence Learning task_Recent_Experiment_Tutorial 4_Urvashi Bhansali_AU2320139,,2025.2.0,None,2025-10-01 20h41.26.237942 +0530,
50,c,86,2,21,,,,,c,1,0.4423592919993098,None,,,,,21,2,86,2,745.5796941669978,,,,,,,,,,,,,,,,745.5694971249977,745.5796941669978,746.5674391249995,746.5674391249995,746.5674391249995,746.5674391249995,746.5752206669968,747.5673016250003,747.5673016250003,748.0197060840001,c,1,0.4423592919993098,None,s-4/200,"001",2025-10-01_20h41.26.213,Motor sequence Learning task_Recent_Experiment_Tutorial 4_Urvashi Bhansali_AU2320139,,2025.2.0,None,2025-10-01 20h41.26.237942 +0530,
150,v,87,3,21,,,,,v,1,0.3486841670019203,None,,,,,21,3,87,1,748.0309624999973,,,,,,,,,,,,,,,,748.0206728339981,748.0309624999973,749.017275416998,749.017275416998,749.017275416998,749.017275416998,749.0249893339969,750.0269087919987,750.0269087919987,750.3855777089993,v,1,0.3486841670019203,None,s-4/200,"001",2025-10-01_20h41.26.213,Motor sequence Learning task_Recent_Experiment_Tutorial 4_Urvashi Bhansali_AU2320139,,2025.2.0,None,2025-10-01 20h41.26.237942 +0530,
50,c,88,0,22,,,,,c,1,0.3356707490020199,None,,,,,22,0,88,2,750.3958067499989,,,,,,,,,,,,,,,,750.3861139999972,750.3958067499989,751.3762339169989,751.3762339169989,751.3762339169989,751.3762339169989,751.419016374999,752.3839486249999,752.3839486249999,752.726199124998,c,1,0.3356707490020199,None,s-4/200,"001",2025-10-01_20h41.26.213,Motor sequence Learning task_Recent_Experiment_Tutorial 4_Urvashi Bhansali_AU2320139,,2025.2.0,None,2025-10-01 20h41.26.237942 +0530,
-150,z,89,1,22,,,,,z,1,0.49017820799781475,None,,,,,22,1,89,3,752.7378267919994,,,,,,,,,,,,,,,,752.7267430840002,752.7378267919994,753.7262268749982,753.7262268749982,753.7262268749982,753.7262268749982,753.7524555839991,754.7173217089985,754.7173217089985,755.2096687089979,z,1,0.49017820799781475,None,s-4/200,"001",2025-10-01_20h41.26.213,Motor sequence Learning task_Recent_Experiment_Tutorial 4_Urvashi Bhansali_AU2320139,,2025.2.0,None,2025-10-01 20h41.26.237942 +0530,
150,v,90,2,22,,,,,v,1,0.7137780410012056,None,,,,,22,2,90,1,755.2213017920003,,,,,,,,,,,,,,,,755.2101949169992,755.2213017920003,756.2087916249984,756.2087916249984,756.2087916249984,756.2087916249984,756.2180182919983,757.208611916998,757.208611916998,757.926575999998,v,1,0.7137780410012056,None,s-4/200,"001",2025-10-01_20h41.26.213,Motor sequence Learning task_Recent_Experiment_Tutorial 4_Urvashi Bhansali_AU2320139,,2025.2.0,None,2025-10-01 20h41.26.237942 +0530,
-50,x,91,3,22,,,,,x,1,0.5758859169982316,None,,,,,22,3,91,0,757.9383170419969,,,,,,,,,,,,,,,,757.9271376249999,757.9383170419969,758.9263299589984,758.9263299589984,758.9263299589984,758.9263299589984,758.9522019999968,759.9274749589968,759.9274749589968,760.510158541998,x,1,0.5758859169982316,None,s-4/200,"001",2025-10-01_20h41.26.213,Motor sequence Learning task_Recent_Experiment_Tutorial 4_Urvashi Bhansali_AU2320139,,2025.2.0,None,2025-10-01 20h41.26.237942 +0530,
50,c,92,0,23,,,,,c,1,0.8558167499977571,None,,,,,23,0,92,2,760.5215638749978,,,,,,,,,,,,,,,,760.510742874998,760.5215638749978,761.5080758339973,761.5080758339973,761.5080758339973,761.5080758339973,761.5175153749988,762.5086744999971,762.5086744999971,763.3687828339971,c,1,0.8558167499977571,None,s-4/200,"001",2025-10-01_20h41.26.213,Motor sequence Learning task_Recent_Experiment_Tutorial 4_Urvashi Bhansali_AU2320139,,2025.2.0,None,2025-10-01 20h41.26.237942 +0530,
-50,x,93,1,23,,,,,x,1,0.6239365829969756,None,,,,,23,1,93,0,763.380449291999,,,,,,,,,,,,,,,,763.3693722919998,763.380449291999,764.3592895839975,764.3592895839975,764.3592895839975,764.3592895839975,764.4024380419978,765.3673399999971,765.3673399999971,765.9931749999996,x,1,0.6239365829969756,None,s-4/200,"001",2025-10-01_20h41.26.213,Motor sequence Learning task_Recent_Experiment_Tutorial 4_Urvashi Bhansali_AU2320139,,2025.2.0,None,2025-10-01 20h41.26.237942 +0530,
-150,z,94,2,23,,,,,z,1,0.562996500000736,None,,,,,23,2,94,3,766.0049333749994,,,,,,,,,,,,,,,,765.993846166999,766.0049333749994,766.9924708339968,766.9924708339968,766.9924708339968,766.9924708339968,767.0005928339997,767.9932707499975,767.9932707499975,768.55958225,z,1,0.562996500000736,None,s-4/200,"001",2025-10-01_20h41.26.213,Motor sequence Learning task_Recent_Experiment_Tutorial 4_Urvashi Bhansali_AU2320139,,2025.2.0,None,2025-10-01 20h41.26.237942 +0530,
150,v,95,3,23,,,,,v,1,0.719288749001862,None,,,,,23,3,95,1,768.5714379169985,,,,,,,,,,,,,,,,768.5601344589995,768.5714379169985,769.5585184169977,769.5585184169977,769.5585184169977,769.5585184169977,769.567531749999,770.5588877919981,770.5588877919981,771.2859494589975,v,1,0.719288749001862,None,s-4/200,"001",2025-10-01_20h41.26.213,Motor sequence Learning task_Recent_Experiment_Tutorial 4_Urvashi Bhansali_AU2320139,,2025.2.0,None,2025-10-01 20h41.26.237942 +0530,
-50,x,96,0,24,,,,,x,1,0.6929411250021076,None,,,,,24,0,96,0,771.2972197499985,,,,,,,,,,,,,,,,771.2865254169992,771.2972197499985,772.285513625,772.285513625,772.285513625,772.285513625,772.2921423749976,773.2761605419983,773.2761605419983,773.9760286249984,x,1,0.6929411250021076,None,s-4/200,"001",2025-10-01_20h41.26.213,Motor sequence Learning task_Recent_Experiment_Tutorial 4_Urvashi Bhansali_AU2320139,,2025.2.0,None,2025-10-01 20h41.26.237942 +0530,
-150,z,97,1,24,,,,,z,1,0.6564692499996454,None,,,,,24,1,97,3,773.9874473749987,,,,,,,,,,,,,,,,773.9765881669991,773.9874473749987,774.9673026249984,774.9673026249984,774.9673026249984,774.9673026249984,774.9840838749988,775.9754927499998,775.9754927499998,776.6364727089967,z,1,0.6564692499996454,None,s-4/200,"001",2025-10-01_20h41.26.213,Motor sequence Learning task_Recent_Experiment_Tutorial 4_Urvashi Bhansali_AU2320139,,2025.2.0,None,2025-10-01 20h41.26.237942 +0530,
50,c,98,2,24,,,,,c,1,1.602961000000505,None,,,,,24,2,98,2,776.6482922919968,,,,,,,,,,,,,,,,776.6373639589983,776.6482922919968,777.6347527090002,777.6347527090002,777.6347527090002,777.6347527090002,777.6412212919968,778.6339201249975,778.6339201249975,780.243551874999,c,1,1.602961000000505,None,s-4/200,"001",2025-10-01_20h41.26.213,Motor sequence Learning task_Recent_Experiment_Tutorial 4_Urvashi Bhansali_AU2320139,,2025.2.0,None,2025-10-01 20h41.26.237942 +0530,
150,v,99,3,24,,,,,v,1,0.8200462919994607,None,,,,,24,3,99,1,780.2547519589971,,,,,,,,,,,,,,,,780.2440912919992,780.2547519589971,781.2420392089989,781.2420392089989,781.2420392089989,781.2420392089989,781.2512509589978,782.2417923749999,782.2417923749999,783.0692197089993,v,1,0.8200462919994607,None,s-4/200,"001",2025-10-01_20h41.26.213,Motor sequence Learning task_Recent_Experiment_Tutorial 4_Urvashi Bhansali_AU2320139,,2025.2.0,None,2025-10-01 20h41.26.237942 +0530,
50,c,100,0,25,,,,,v,0,0.7151213329998427,None,,,,,25,0,100,2,783.0809384999993,,,,,,,,,,,,,,,,783.0698088749996,783.0809384999993,784.0680245419971,784.0680245419971,784.0680245419971,784.0680245419971,784.0754552090002,785.0676426249993,785.0676426249993,785.786071833998,v,0,0.7151213329998427,None,s-4/200,"001",2025-10-01_20h41.26.213,Motor sequence Learning task_Recent_Experiment_Tutorial 4_Urvashi Bhansali_AU2320139,,2025.2.0,None,2025-10-01 20h41.26.237942 +0530,
-50,x,101,1,25,,,,,x,1,0.5214754580010776,None,,,,,25,1,101,0,785.7983557919979,,,,,,,,,,,,,,,,785.7868587499979,785.7983557919979,786.7845900840002,786.7845900840002,786.7845900840002,786.7845900840002,786.7914459589992,787.7842574589995,787.7842574589995,788.3101014589993,x,1,0.5214754580010776,None,s-4/200,"001",2025-10-01_20h41.26.213,Motor sequence Learning task_Recent_Experiment_Tutorial 4_Urvashi Bhansali_AU2320139,,2025.2.0,None,2025-10-01 20h41.26.237942 +0530,
-150,z,102,2,25,,,,,z,1,0.917050708001625,None,,,,,25,2,102,3,788.3218445839993,,,,,,,,,,,,,,,,788.310863208997,788.3218445839993,789.3083002089988,789.3083002089988,789.3083002089988,789.3083002089988,789.3177547089981,790.3086073749982,790.3086073749982,791.2359488339971,z,1,0.917050708001625,None,s-4/200,"001",2025-10-01_20h41.26.213,Motor sequence Learning task_Recent_Experiment_Tutorial 4_Urvashi Bhansali_AU2320139,,2025.2.0,None,2025-10-01 20h41.26.237942 +0530,
150,v,103,3,25,,,,,v,1,0.846055707999767,None,,,,,25,3,103,1,791.2475204999973,,,,,,,,,,,,,,,,791.2365441669972,791.2475204999973,792.2342158339998,792.2342158339998,792.2342158339998,792.2342158339998,792.2415620840002,793.2355409589982,793.2355409589982,794.0858052499971,v,1,0.846055707999767,None,s-4/200,"001",2025-10-01_20h41.26.213,Motor sequence Learning task_Recent_Experiment_Tutorial 4_Urvashi Bhansali_AU2320139,,2025.2.0,None,2025-10-01 20h41.26.237942 +0530,
150,v,104,0,26,,,,,v,1,0.7142865419991722,None,,,,,26,0,104,1,794.0975793340003,,,,,,,,,,,,,,,,794.0865016669995,794.0975793340003,795.0842985419986,795.0842985419986,795.0842985419986,795.0842985419986,795.0912017089977,796.0842701250003,796.0842701250003,796.804269041997,v,1,0.7142865419991722,None,s-4/200,"001",2025-10-01_20h41.26.213,Motor sequence Learning task_Recent_Experiment_Tutorial 4_Urvashi Bhansali_AU2320139,,2025.2.0,None,2025-10-01 20h41.26.237942 +0530,
-150,z,105,1,26,,,,,z,1,0.7873528330019326,None,,,,,26,1,105,3,796.8178595419995,,,,,,,,,,,,,,,,796.8052970839999,796.8178595419995,797.8009825839981,797.8009825839981,797.8009825839981,797.8009825839981,797.8081684589997,798.8010139999969,798.8010139999969,799.593209208997,z,1,0.7873528330019326,None,s-4/200,"001",2025-10-01_20h41.26.213,Motor sequence Learning task_Recent_Experiment_Tutorial 4_Urvashi Bhansali_AU2320139,,2025.2.0,None,2025-10-01 20h41.26.237942 +0530,
50,c,106,2,26,,,,,c,1,0.49958520800282713,None,,,,,26,2,106,2,799.6044518339986,,,,,,,,,,,,,,,,799.5937624170001,799.6044518339986,800.592930458999,800.592930458999,800.592930458999,800.592930458999,800.6186567919976,801.5917998749974,801.5917998749974,802.0928200419985,c,1,0.49958520800282713,None,s-4/200,"001",2025-10-01_20h41.26.213,Motor sequence Learning task_Recent_Experiment_Tutorial 4_Urvashi Bhansali_AU2320139,,2025.2.0,None,2025-10-01 20h41.26.237942 +0530,
-50,x,107,3,26,,,,,x,1,0.5389582489988243,None,,,,,26,3,107,0,802.104467666999,,,,,,,,,,,,,,,,802.0933640839976,802.104467666999,803.0842481250002,803.0842481250002,803.0842481250002,803.0842481250002,803.1011034999974,804.0923854590001,804.0923854590001,804.6359427919997,x,1,0.5389582489988243,None,s-4/200,"001",2025-10-01_20h41.26.213,Motor sequence Learning task_Recent_Experiment_Tutorial 4_Urvashi Bhansali_AU2320139,,2025.2.0,None,2025-10-01 20h41.26.237942 +0530,
-50,x,108,0,27,,,,,x,1,0.5211844580007892,None,,,,,27,0,108,0,804.6477715839974,,,,,,,,,,,,,,,,804.6367030839974,804.6477715839974,805.6343227500001,805.6343227500001,805.6343227500001,805.6343227500001,805.641795042,806.6520645839992,806.6520645839992,807.1766412500001,x,1,0.5211844580007892,None,s-4/200,"001",2025-10-01_20h41.26.213,Motor sequence Learning task_Recent_Experiment_Tutorial 4_Urvashi Bhansali_AU2320139,,2025.2.0,None,2025-10-01 20h41.26.237942 +0530,
50,c,109,1,27,,,,,c,1,1.0650628750008764,None,,,,,27,1,109,2,807.1878099999994,,,,,,,,,,,,,,,,807.1772472089979,807.1878099999994,808.175413334,808.175413334,808.175413334,808.175413334,808.1846411249971,809.175119708998,809.175119708998,810.2428169999985,c,1,1.0650628750008764,None,s-4/200,"001",2025-10-01_20h41.26.213,Motor sequence Learning task_Recent_Experiment_Tutorial 4_Urvashi Bhansali_AU2320139,,2025.2.0,None,2025-10-01 20h41.26.237942 +0530,
-150,z,110,2,27,,,,,z,1,0.6456893750000745,None,,,,,27,2,110,3,810.2542187919971,,,,,,,,,,,,,,,,810.2434136669981,810.2542187919971,811.2419172499976,811.2419172499976,811.2419172499976,811.2419172499976,811.2511794169986,812.2425072919978,812.2425072919978,812.8932813339998,z,1,0.6456893750000745,None,s-4/200,"001",2025-10-01_20h41.26.213,Motor sequence Learning task_Recent_Experiment_Tutorial 4_Urvashi Bhansali_AU2320139,,2025.2.0,None,2025-10-01 20h41.26.237942 +0530,
150,v,111,3,27,,,,,v,1,0.7652653750010359,None,,,,,27,3,111,1,812.9044685419976,,,,,,,,,,,,,,,,812.8938120419989,812.9044685419976,813.8922807919989,813.8922807919989,813.8922807919989,813.8922807919989,813.9186274999993,814.8928414999973,814.8928414999973,815.6596734589984,v,1,0.7652653750010359,None,s-4/200,"001",2025-10-01_20h41.26.213,Motor sequence Learning task_Recent_Experiment_Tutorial 4_Urvashi Bhansali_AU2320139,,2025.2.0,None,2025-10-01 20h41.26.237942 +0530,
50,c,112,0,28,,,,,c,1,0.840088958000706,None,,,,,28,0,112,2,815.6711484999978,,,,,,,,,,,,,,,,815.6602538339976,815.6711484999978,816.658232709,816.658232709,816.658232709,816.658232709,816.6677462919979,817.6588802499973,817.6588802499973,818.5023351669988,c,1,0.840088958000706,None,s-4/200,"001",2025-10-01_20h41.26.213,Motor sequence Learning task_Recent_Experiment_Tutorial 4_Urvashi Bhansali_AU2320139,,2025.2.0,None,2025-10-01 20h41.26.237942 +0530,
-150,z,113,1,28,,,,,z,1,0.4894464999997581,None,,,,,28,1,113,3,818.5142158749986,,,,,,,,,,,,,,,,818.5029327499979,818.5142158749986,819.5006102919979,819.5006102919979,819.5006102919979,819.5006102919979,819.508158583998,820.5005696669978,820.5005696669978,820.9932274589992,z,1,0.4894464999997581,None,s-4/200,"001",2025-10-01_20h41.26.213,Motor sequence Learning task_Recent_Experiment_Tutorial 4_Urvashi Bhansali_AU2320139,,2025.2.0,None,2025-10-01 20h41.26.237942 +0530,
-50,x,114,2,28,,,,,x,1,0.5037908750018687,None,,,,,28,2,114,0,821.0052070839993,,,,,,,,,,,,,,,,820.9938020839982,821.0052070839993,821.9917375419973,821.9917375419973,821.9917375419973,821.9917375419973,822.0012549589992,822.9921307089971,822.9921307089971,823.5025292499995,x,1,0.5037908750018687,None,s-4/200,"001",2025-10-01_20h41.26.213,Motor sequence Learning task_Recent_Experiment_Tutorial 4_Urvashi Bhansali_AU2320139,,2025.2.0,None,2025-10-01 20h41.26.237942 +0530,
150,v,115,3,28,,,,,v,1,0.7071304579985735,None,,,,,28,3,115,1,823.5141967089985,,,,,,,,,,,,,,,,823.5030816669969,823.5141967089985,824.5005528339971,824.5005528339971,824.5005528339971,824.5005528339971,824.5084377089988,825.5005752919969,825.5005752919969,826.2090731669996,v,1,0.7071304579985735,None,s-4/200,"001",2025-10-01_20h41.26.213,Motor sequence Learning task_Recent_Experiment_Tutorial 4_Urvashi Bhansali_AU2320139,,2025.2.0,None,2025-10-01 20h41.26.237942 +0530,
-50,x,116,0,29,,,,,x,1,0.5032552500015299,None,,,,,29,0,116,0,826.2204769999989,,,,,,,,,,,,,,,,826.2096264169995,826.2204769999989,827.2010655419981,827.2010655419981,827.2010655419981,827.2010655419981,827.2177213750001,828.2005218749982,828.2005218749982,828.7098713339983,x,1,0.5032552500015299,None,s-4/200,"001",2025-10-01_20h41.26.213,Motor sequence Learning task_Recent_Experiment_Tutorial 4_Urvashi Bhansali_AU2320139,,2025.2.0,None,2025-10-01 20h41.26.237942 +0530,
150,v,117,1,29,,,,,v,1,0.8429126670016558,None,,,,,29,1,117,1,828.7216210839979,,,,,,,,,,,,,,,,828.7104617089972,828.7216210839979,829.708317749999,829.708317749999,829.708317749999,829.708317749999,829.7177415839978,830.7087279589978,830.7087279589978,831.5600912089976,v,1,0.8429126670016558,None,s-4/200,"001",2025-10-01_20h41.26.213,Motor sequence Learning task_Recent_Experiment_Tutorial 4_Urvashi Bhansali_AU2320139,,2025.2.0,None,2025-10-01 20h41.26.237942 +0530,
50,c,118,2,29,,,,,c,1,1.3729874159980682,None,,,,,29,2,118,2,831.5712357499979,,,,,,,,,,,,,,,,831.5606470839994,831.5712357499979,832.5593593339981,832.5593593339981,832.5593593339981,832.5593593339981,832.5852958750002,833.5585568749993,833.5585568749993,834.9356670419984,c,1,1.3729874159980682,None,s-4/200,"001",2025-10-01_20h41.26.213,Motor sequence Learning task_Recent_Experiment_Tutorial 4_Urvashi Bhansali_AU2320139,,2025.2.0,None,2025-10-01 20h41.26.237942 +0530,
-150,z,119,3,29,,,,,z,1,0.7096632489992771,None,,,,,29,3,119,3,834.9470603749978,,,,,,,,,,,,,,,,834.936283791998,834.9470603749978,835.926095458999,835.926095458999,835.926095458999,835.926095458999,835.9688254590001,836.9338438339983,836.9338438339983,837.6524210419993,z,1,0.7096632489992771,None,s-4/200,"001",2025-10-01_20h41.26.213,Motor sequence Learning task_Recent_Experiment_Tutorial 4_Urvashi Bhansali_AU2320139,,2025.2.0,None,2025-10-01 20h41.26.237942 +0530,
50,c,120,0,30,,,,,c,1,1.0448757080012,None,,,,,30,0,120,2,837.6628899589996,,,,,,,,,,,,,,,,837.6529457500001,837.6628899589996,838.650465208997,838.650465208997,838.650465208997,838.650465208997,838.657705333997,839.6505900839984,839.6505900839984,840.702492958997,c,1,1.0448757080012,None,s-4/200,"001",2025-10-01_20h41.26.213,Motor sequence Learning task_Recent_Experiment_Tutorial 4_Urvashi Bhansali_AU2320139,,2025.2.0,None,2025-10-01 20h41.26.237942 +0530,
-150,z,121,1,30,,,,,z,1,0.55565999999817,None,,,,,30,1,121,3,840.7138881669998,,,,,,,,,,,,,,,,840.7030662500001,840.7138881669998,841.7005578749995,841.7005578749995,841.7005578749995,841.7005578749995,841.7079860419981,842.718730499997,842.718730499997,843.2763697089977,z,1,0.55565999999817,None,s-4/200,"001",2025-10-01_20h41.26.213,Motor sequence Learning task_Recent_Experiment_Tutorial 4_Urvashi Bhansali_AU2320139,,2025.2.0,None,2025-10-01 20h41.26.237942 +0530,
150,v,122,2,30,,,,,v,1,0.7792807080004422,None,,,,,30,2,122,1,843.2875992499976,,,,,,,,,,,,,,,,843.2768700839988,843.2875992499976,844.2754924589972,844.2754924589972,844.2754924589972,844.2754924589972,844.2839120419994,845.275104291999,845.275104291999,846.0587200419977,v,1,0.7792807080004422,None,s-4/200,"001",2025-10-01_20h41.26.213,Motor sequence Learning task_Recent_Experiment_Tutorial 4_Urvashi Bhansali_AU2320139,,2025.2.0,None,2025-10-01 20h41.26.237942 +0530,
-50,x,123,3,30,,,,,x,1,0.48883754199778195,None,,,,,30,3,123,0,846.0854706249993,,,,,,,,,,,,,,,,846.0592556669981,846.0854706249993,847.0505436249987,847.0505436249987,847.0505436249987,847.0505436249987,847.0844124169998,848.0504785839985,848.0504785839985,848.5426034589982,x,1,0.48883754199778195,None,s-4/200,"001",2025-10-01_20h41.26.213,Motor sequence Learning task_Recent_Experiment_Tutorial 4_Urvashi Bhansali_AU2320139,,2025.2.0,None,2025-10-01 20h41.26.237942 +0530,
150,v,124,0,31,,,,,v,1,0.8554114990001835,None,,,,,31,0,124,1,848.5541530419978,,,,,,,,,,,,,,,,848.5431140419969,848.5541530419978,849.5418099169983,849.5418099169983,849.5418099169983,849.5418099169983,849.5504597090003,850.5338127089999,850.5338127089999,851.3931587499974,v,1,0.8554114990001835,None,s-4/200,"001",2025-10-01_20h41.26.213,Motor sequence Learning task_Recent_Experiment_Tutorial 4_Urvashi Bhansali_AU2320139,,2025.2.0,None,2025-10-01 20h41.26.237942 +0530,
-150,z,125,1,31,,,,,z,1,0.5225261240011605,None,,,,,31,1,125,3,851.4040639999985,,,,,,,,,,,,,,,,851.3937134169973,851.4040639999985,852.3915279169996,852.3915279169996,852.3915279169996,852.3915279169996,852.4011610839989,853.3915719589968,853.3915719589968,853.9190811249973,z,1,0.5225261240011605,None,s-4/200,"001",2025-10-01_20h41.26.213,Motor sequence Learning task_Recent_Experiment_Tutorial 4_Urvashi Bhansali_AU2320139,,2025.2.0,None,2025-10-01 20h41.26.237942 +0530,
-50,x,126,2,31,,,,,x,1,0.5499777910008561,None,,,,,31,2,126,0,853.9299492089995,,,,,,,,,,,,,,,,853.919642334,853.9299492089995,854.9173542919998,854.9173542919998,854.9173542919998,854.9173542919998,854.9248952919988,855.9171761669968,855.9171761669968,856.470890583998,x,1,0.5499777910008561,None,s-4/200,"001",2025-10-01_20h41.26.213,Motor sequence Learning task_Recent_Experiment_Tutorial 4_Urvashi Bhansali_AU2320139,,2025.2.0,None,2025-10-01 20h41.26.237942 +0530,
50,c,127,3,31,,,,,c,1,0.2768212080009107,None,,,,,31,3,127,2,856.4838547500003,,,,,,,,,,,,,,,,856.4720547919969,856.4838547500003,857.4671357089974,857.4671357089974,857.4671357089974,857.4671357089974,857.4742832089978,858.4671938749998,858.4671938749998,858.7523761669981,c,1,0.2768212080009107,None,s-4/200,"001",2025-10-01_20h41.26.213,Motor sequence Learning task_Recent_Experiment_Tutorial 4_Urvashi Bhansali_AU2320139,,2025.2.0,None,2025-10-01 20h41.26.237942 +0530,
150,v,128,0,32,,,,,v,1,0.8398691250004049,None,,,,,32,0,128,1,858.7629744589976,,,,,,,,,,,,,,,,858.7529507090003,858.7629744589976,859.7505650419989,859.7505650419989,859.7505650419989,859.7505650419989,859.7579201249973,860.7511297919991,860.7511297919991,861.5926793339968,v,1,0.8398691250004049,None,s-4/200,"001",2025-10-01_20h41.26.213,Motor sequence Learning task_Recent_Experiment_Tutorial 4_Urvashi Bhansali_AU2320139,,2025.2.0,None,2025-10-01 20h41.26.237942 +0530,
-150,z,129,1,32,,,,,z,1,0.502116957999533,None,,,,,32,1,129,3,861.6041983340001,,,,,,,,,,,,,,,,861.593206958998,861.6041983340001,862.5916822090003,862.5916822090003,862.5916822090003,862.5916822090003,862.6010339999993,863.5918854999982,863.5918854999982,864.102483333998,z,1,0.502116957999533,None,s-4/200,"001",2025-10-01_20h41.26.213,Motor sequence Learning task_Recent_Experiment_Tutorial 4_Urvashi Bhansali_AU2320139,,2025.2.0,None,2025-10-01 20h41.26.237942 +0530,
50,c,130,2,32,,,,,c,1,1.012333665999904,None,,,,,32,2,130,2,864.1135597920002,,,,,,,,,,,,,,,,864.1033087919968,864.1135597920002,865.1004551249971,865.1004551249971,865.1004551249971,865.1004551249971,865.1077897089999,866.100445541997,866.100445541997,867.118980291998,c,1,1.012333665999904,None,s-4/200,"001",2025-10-01_20h41.26.213,Motor sequence Learning task_Recent_Experiment_Tutorial 4_Urvashi Bhansali_AU2320139,,2025.2.0,None,2025-10-01 20h41.26.237942 +0530,
-50,x,131,3,32,,,,,x,1,0.41792024900132674,None,,,,,32,3,131,0,867.1297451249993,,,,,,,,,,,,,,,,867.1195517919987,867.1297451249993,868.1171257089991,868.1171257089991,868.1171257089991,868.1171257089991,868.124431917,869.1088740839987,869.1088740839987,869.5356560419968,x,1,0.41792024900132674,None,s-4/200,"001",2025-10-01_20h41.26.213,Motor sequence Learning task_Recent_Experiment_Tutorial 4_Urvashi Bhansali_AU2320139,,2025.2.0,None,2025-10-01 20h41.26.237942 +0530,
-50,x,132,0,33,,,,,x,1,0.4783604160002142,None,,,,,33,0,132,0,869.5464280419983,,,,,,,,,,,,,,,,869.536298666997,869.5464280419983,870.5339468339989,870.5339468339989,870.5339468339989,870.5339468339989,870.5413164999991,871.5344019589975,871.5344019589975,872.0190314169995,x,1,0.4783604160002142,None,s-4/200,"001",2025-10-01_20h41.26.213,Motor sequence Learning task_Recent_Experiment_Tutorial 4_Urvashi Bhansali_AU2320139,,2025.2.0,None,2025-10-01 20h41.26.237942 +0530,
150,v,133,1,33,,,,,v,1,0.8372732079988054,None,,,,,33,1,133,1,872.0301954589995,,,,,,,,,,,,,,,,872.0197375419993,872.0301954589995,873.0172189999976,873.0172189999976,873.0172189999976,873.0172189999976,873.0245915839987,874.0094169589975,874.0094169589975,874.851954709,v,1,0.8372732079988054,None,s-4/200,"001",2025-10-01_20h41.26.213,Motor sequence Learning task_Recent_Experiment_Tutorial 4_Urvashi Bhansali_AU2320139,,2025.2.0,None,2025-10-01 20h41.26.237942 +0530,
-150,z,134,2,33,,,,,z,1,0.43015604199899826,None,,,,,33,2,134,3,874.8626503749983,,,,,,,,,,,,,,,,874.8524962499978,874.8626503749983,875.8506317089996,875.8506317089996,875.8506317089996,875.8506317089996,875.8578424169973,876.8504392089999,876.8504392089999,877.2857109999968,z,1,0.43015604199899826,None,s-4/200,"001",2025-10-01_20h41.26.213,Motor sequence Learning task_Recent_Experiment_Tutorial 4_Urvashi Bhansali_AU2320139,,2025.2.0,None,2025-10-01 20h41.26.237942 +0530,
50,c,135,3,33,,,,,c,1,1.232325791999756,None,,,,,33,3,135,2,877.2965371249993,,,,,,,,,,,,,,,,877.2863137919994,877.2965371249993,878.2837691249988,878.2837691249988,878.2837691249988,878.2837691249988,878.2910411669982,879.2838907089972,879.2838907089972,880.5197841669979,c,1,1.232325791999756,None,s-4/200,"001",2025-10-01_20h41.26.213,Motor sequence Learning task_Recent_Experiment_Tutorial 4_Urvashi Bhansali_AU2320139,,2025.2.0,None,2025-10-01 20h41.26.237942 +0530,
-150,z,136,0,34,,,,,z,1,0.5103937919993768,None,,,,,34,0,136,3,880.5311621250003,,,,,,,,,,,,,,,,880.5205843749973,880.5311621250003,881.5171564589982,881.5171564589982,881.5171564589982,881.5171564589982,881.5249754999968,882.5171068339987,882.5171068339987,883.035828666998,z,1,0.5103937919993768,None,s-4/200,"001",2025-10-01_20h41.26.213,Motor sequence Learning task_Recent_Experiment_Tutorial 4_Urvashi Bhansali_AU2320139,,2025.2.0,None,2025-10-01 20h41.26.237942 +0530,
50,c,137,1,34,,,,,c,1,1.12268129199947,None,,,,,34,1,137,2,883.0477742919975,,,,,,,,,,,,,,,,883.0364581670001,883.0477742919975,884.0338352090002,884.0338352090002,884.0338352090002,884.0338352090002,884.0412996249979,885.0337921249993,885.0337921249993,886.1591837089982,c,1,1.12268129199947,None,s-4/200,"001",2025-10-01_20h41.26.213,Motor sequence Learning task_Recent_Experiment_Tutorial 4_Urvashi Bhansali_AU2320139,,2025.2.0,None,2025-10-01 20h41.26.237942 +0530,
-50,x,138,2,34,,,,,x,1,0.4548793750000186,None,,,,,34,2,138,0,886.1712996669994,,,,,,,,,,,,,,,,886.1597868749996,886.1712996669994,887.1583058750002,887.1583058750002,887.1583058750002,887.1583058750002,887.1680631249983,888.1504080839986,888.1504080839986,888.6095161669982,x,1,0.4548793750000186,None,s-4/200,"001",2025-10-01_20h41.26.213,Motor sequence Learning task_Recent_Experiment_Tutorial 4_Urvashi Bhansali_AU2320139,,2025.2.0,None,2025-10-01 20h41.26.237942 +0530,
150,v,139,3,34,,,,,v,1,0.63849858300091,None,,,,,34,3,139,1,888.621285792,,,,,,,,,,,,,,,,888.6100909169982,888.621285792,889.6092024999998,889.6092024999998,889.6092024999998,889.6092024999998,889.6352636669981,890.6087694169983,890.6087694169983,891.2523902089997,v,1,0.63849858300091,None,s-4/200,"001",2025-10-01_20h41.26.213,Motor sequence Learning task_Recent_Experiment_Tutorial 4_Urvashi Bhansali_AU2320139,,2025.2.0,None,2025-10-01 20h41.26.237942 +0530,
50,c,140,0,35,,,,,c,1,0.7846893329988234,None,,,,,35,0,140,2,891.2643327089972,,,,,,,,,,,,,,,,891.2529908340002,891.2643327089972,892.2511057919983,892.2511057919983,892.2511057919983,892.2511057919983,892.2582934589991,893.2503899169969,893.2503899169969,894.0429205419969,c,1,0.7846893329988234,None,s-4/200,"001",2025-10-01_20h41.26.213,Motor sequence Learning task_Recent_Experiment_Tutorial 4_Urvashi Bhansali_AU2320139,,2025.2.0,None,2025-10-01 20h41.26.237942 +0530,
-150,z,141,1,35,,,,,z,1,0.4392340829981549,None,,,,,35,1,141,3,894.0543539589999,,,,,,,,,,,,,,,,894.0434919999971,894.0543539589999,895.041748833999,895.041748833999,895.041748833999,895.041748833999,895.0504112919989,896.0418648339983,896.0418648339983,896.4856536249972,z,1,0.4392340829981549,None,s-4/200,"001",2025-10-01_20h41.26.213,Motor sequence Learning task_Recent_Experiment_Tutorial 4_Urvashi Bhansali_AU2320139,,2025.2.0,None,2025-10-01 20h41.26.237942 +0530,
150,v,142,2,35,,,,,v,1,0.7600699989998247,None,,,,,35,2,142,1,896.4974925419992,,,,,,,,,,,,,,,,896.4862497499998,896.4974925419992,897.4838344169984,897.4838344169984,897.4838344169984,897.4838344169984,897.491297458997,898.5020283339982,898.5020283339982,899.2690077919979,v,1,0.7600699989998247,None,s-4/200,"001",2025-10-01_20h41.26.213,Motor sequence Learning task_Recent_Experiment_Tutorial 4_Urvashi Bhansali_AU2320139,,2025.2.0,None,2025-10-01 20h41.26.237942 +0530,
-50,x,143,3,35,,,,,x,1,0.5314817079997738,None,,,,,35,3,143,0,899.2810204589987,,,,,,,,,,,,,,,,899.2696345839977,899.2810204589987,900.2670527499977,900.2670527499977,900.2670527499977,900.2670527499977,900.274606125,901.2675553749978,901.2675553749978,901.8021064169989,x,1,0.5314817079997738,None,s-4/200,"001",2025-10-01_20h41.26.213,Motor sequence Learning task_Recent_Experiment_Tutorial 4_Urvashi Bhansali_AU2320139,,2025.2.0,None,2025-10-01 20h41.26.237942 +0530,
150,v,144,0,36,,,,,v,1,0.6290410830006294,None,,,,,36,0,144,1,901.8142439169969,,,,,,,,,,,,,,,,901.8026529999988,901.8142439169969,902.7932098339988,902.7932098339988,902.7932098339988,902.7932098339988,902.8187162499999,903.8009464169991,903.8009464169991,904.4540355839999,v,1,0.6290410830006294,None,s-4/200,"001",2025-10-01_20h41.26.213,Motor sequence Learning task_Recent_Experiment_Tutorial 4_Urvashi Bhansali_AU2320139,,2025.2.0,None,2025-10-01 20h41.26.237942 +0530,
-50,x,145,1,36,,,,,x,1,0.4055034990014974,None,,,,,36,1,145,0,904.468285084,,,,,,,,,,,,,,,,904.4551493749968,904.468285084,905.4504131249996,905.4504131249996,905.4504131249996,905.4504131249996,905.467785124998,906.450475458998,906.450475458998,906.8598469589997,x,1,0.4055034990014974,None,s-4/200,"001",2025-10-01_20h41.26.213,Motor sequence Learning task_Recent_Experiment_Tutorial 4_Urvashi Bhansali_AU2320139,,2025.2.0,None,2025-10-01 20h41.26.237942 +0530,
50,c,146,2,36,,,,,c,1,0.4253156240010867,None,,,,,36,2,146,2,906.8712619589969,,,,,,,,,,,,,,,,906.8604117499999,906.8712619589969,907.8590614999994,907.8590614999994,907.8590614999994,907.8590614999994,907.8670415419983,908.8584842089986,908.8584842089986,909.2855835839982,c,1,0.4253156240010867,None,s-4/200,"001",2025-10-01_20h41.26.213,Motor sequence Learning task_Recent_Experiment_Tutorial 4_Urvashi Bhansali_AU2320139,,2025.2.0,None,2025-10-01 20h41.26.237942 +0530,
-150,z,147,3,36,,,,,z,1,0.37180704200000037,None,,,,,36,3,147,3,909.2979079999968,,,,,,,,,,,,,,,,909.2864688339978,909.2979079999968,910.2837232499987,910.2837232499987,910.2837232499987,910.2837232499987,910.2914877919975,911.2837459589973,911.2837459589973,911.6595143749983,z,1,0.37180704200000037,None,s-4/200,"001",2025-10-01_20h41.26.213,Motor sequence Learning task_Recent_Experiment_Tutorial 4_Urvashi Bhansali_AU2320139,,2025.2.0,None,2025-10-01 20h41.26.237942 +0530,
50,c,148,0,37,,,,,c,1,0.29692195800089394,None,,,,,37,0,148,2,911.6717667919984,,,,,,,,,,,,,,,,911.6606792919993,911.6717667919984,912.6586035,912.6586035,912.6586035,912.6586035,912.6677828749998,913.6578850839978,913.6578850839978,913.9592047499973,c,1,0.29692195800089394,None,s-4/200,"001",2025-10-01_20h41.26.213,Motor sequence Learning task_Recent_Experiment_Tutorial 4_Urvashi Bhansali_AU2320139,,2025.2.0,None,2025-10-01 20h41.26.237942 +0530,
150,v,149,1,37,,,,,v,1,0.2689988739984983,None,,,,,37,1,149,1,913.9710154589993,,,,,,,,,,,,,,,,913.9597821669995,913.9710154589993,914.9582967499991,914.9582967499991,914.9582967499991,914.9582967499991,914.9677262919977,915.9586449999988,915.9586449999988,916.2356462499993,v,1,0.2689988739984983,None,s-4/200,"001",2025-10-01_20h41.26.213,Motor sequence Learning task_Recent_Experiment_Tutorial 4_Urvashi Bhansali_AU2320139,,2025.2.0,None,2025-10-01 20h41.26.237942 +0530,
-50,x,150,2,37,,,,,x,1,0.2868424580010469,None,,,,,37,2,150,0,916.2451431669979,,,,,,,,,,,,,,,,916.236141166999,916.2451431669979,917.2336903750002,917.2336903750002,917.2336903750002,917.2336903750002,917.2413035419995,918.2338241669968,918.2338241669968,918.5262906669996,x,1,0.2868424580010469,None,s-4/200,"001",2025-10-01_20h41.26.213,Motor sequence Learning task_Recent_Experiment_Tutorial 4_Urvashi Bhansali_AU2320139,,2025.2.0,None,2025-10-01 20h41.26.237942 +0530,
-150,z,151,3,37,,,,,z,1,0.2893942490009067,None,,,,,37,3,151,3,918.5372427089969,,,,,,,,,,,,,,,,918.5270523339968,918.5372427089969,919.5258488339969,919.5258488339969,919.5258488339969,919.5258488339969,919.5518781249993,920.5252400419995,920.5252400419995,920.8190010839971,z,1,0.2893942490009067,None,s-4/200,"001",2025-10-01_20h41.26.213,Motor sequence Learning task_Recent_Experiment_Tutorial 4_Urvashi Bhansali_AU2320139,,2025.2.0,None,2025-10-01 20h41.26.237942 +0530,
-50,x,152,0,38,,,,,x,1,0.4743981249994249,None,,,,,38,0,152,0,920.8276745419971,,,,,,,,,,,,,,,,920.8195209169971,920.8276745419971,921.8172701249969,921.8172701249969,921.8172701249969,921.8172701249969,921.8248924170002,922.8170502499997,922.8170502499997,923.3023065419984,x,1,0.4743981249994249,None,s-4/200,"001",2025-10-01_20h41.26.213,Motor sequence Learning task_Recent_Experiment_Tutorial 4_Urvashi Bhansali_AU2320139,,2025.2.0,None,2025-10-01 20h41.26.237942 +0530,
50,c,153,1,38,,,,,c,1,0.36603991700030747,None,,,,,38,1,153,2,923.3112789999977,,,,,,,,,,,,,,,,923.3028555839992,923.3112789999977,924.3005516249978,924.3005516249978,924.3005516249978,924.3005516249978,924.3079344999969,925.3004179999989,925.3004179999989,925.6683658339971,c,1,0.36603991700030747,None,s-4/200,"001",2025-10-01_20h41.26.213,Motor sequence Learning task_Recent_Experiment_Tutorial 4_Urvashi Bhansali_AU2320139,,2025.2.0,None,2025-10-01 20h41.26.237942 +0530,
150,v,154,2,38,,,,,v,1,0.449333790998935,None,,,,,38,2,154,1,925.6782747500001,,,,,,,,,,,,,,,,925.6688892089987,925.6782747500001,926.6670231249991,926.6670231249991,926.6670231249991,926.6670231249991,926.6749348339981,927.6581404589997,927.6581404589997,928.1089761249968,v,1,0.449333790998935,None,s-4/200,"001",2025-10-01_20h41.26.213,Motor sequence Learning task_Recent_Experiment_Tutorial 4_Urvashi Bhansali_AU2320139,,2025.2.0,None,2025-10-01 20h41.26.237942 +0530,
-150,z,155,3,38,,,,,z,1,0.3760544579999987,None,,,,,38,3,155,3,928.135389916999,,,,,,,,,,,,,,,,928.1095621669992,928.135389916999,929.1003297919997,929.1003297919997,929.1003297919997,929.1003297919997,929.1337075839983,930.108315999998,930.108315999998,930.4926438339971,z,1,0.3760544579999987,None,s-4/200,"001",2025-10-01_20h41.26.213,Motor sequence Learning task_Recent_Experiment_Tutorial 4_Urvashi Bhansali_AU2320139,,2025.2.0,None,2025-10-01 20h41.26.237942 +0530,
-50,x,156,0,39,,,,,x,1,0.3808029579995491,None,,,,,39,0,156,0,930.5186407499968,,,,,,,,,,,,,,,,930.4932087919988,930.5186407499968,931.4918712500003,931.4918712500003,931.4918712500003,931.4918712500003,931.5172193339968,932.4915323339992,932.4915323339992,932.8758168749991,x,1,0.3808029579995491,None,s-4/200,"001",2025-10-01_20h41.26.213,Motor sequence Learning task_Recent_Experiment_Tutorial 4_Urvashi Bhansali_AU2320139,,2025.2.0,None,2025-10-01 20h41.26.237942 +0530,
50,c,157,1,39,,,,,c,1,0.4170208739997179,None,,,,,39,1,157,2,932.8870659999993,,,,,,,,,,,,,,,,932.8763863749991,932.8870659999993,933.8671504589984,933.8671504589984,933.8671504589984,933.8671504589984,933.8837516669992,934.8751772919968,934.8751772919968,935.3018522919992,c,1,0.4170208739997179,None,s-4/200,"001",2025-10-01_20h41.26.213,Motor sequence Learning task_Recent_Experiment_Tutorial 4_Urvashi Bhansali_AU2320139,,2025.2.0,None,2025-10-01 20h41.26.237942 +0530,
-150,z,158,2,39,,,,,z,1,0.5398843750008382,None,,,,,39,2,158,3,935.3122798749973,,,,,,,,,,,,,,,,935.302471084,935.3122798749973,936.3008621249974,936.3008621249974,936.3008621249974,936.3008621249974,936.3082124169996,937.3003250839974,937.3003250839974,937.8423142089996,z,1,0.5398843750008382,None,s-4/200,"001",2025-10-01_20h41.26.213,Motor sequence Learning task_Recent_Experiment_Tutorial 4_Urvashi Bhansali_AU2320139,,2025.2.0,None,2025-10-01 20h41.26.237942 +0530,
150,v,159,3,39,,,,,v,1,0.7479222080000909,None,,,,,39,3,159,1,937.8682371249997,,,,,,,,,,,,,,,,937.8428272089986,937.8682371249997,938.8418851669994,938.8418851669994,938.8418851669994,938.8418851669994,938.8671395419988,939.8342219589977,939.8342219589977,940.5852548339972,v,1,0.7479222080000909,None,s-4/200,"001",2025-10-01_20h41.26.213,Motor sequence Learning task_Recent_Experiment_Tutorial 4_Urvashi Bhansali_AU2320139,,2025.2.0,None,2025-10-01 20h41.26.237942 +0530,
50,c,160,0,40,,,,,c,1,0.5328835410000465,None,,,,,40,0,160,2,940.5957569589991,,,,,,,,,,,,,,,,940.5857964999996,940.5957569589991,941.5836871249994,941.5836871249994,941.5836871249994,941.5836871249994,941.591260541998,942.5852317089993,942.5852317089993,943.1258656669997,c,1,0.5328835410000465,None,s-4/200,"001",2025-10-01_20h41.26.213,Motor sequence Learning task_Recent_Experiment_Tutorial 4_Urvashi Bhansali_AU2320139,,2025.2.0,None,2025-10-01 20h41.26.237942 +0530,
-50,x,161,1,40,,,,,x,1,0.8258080829982646,None,,,,,40,1,161,0,943.1519855839979,,,,,,,,,,,,,,,,943.1264232089998,943.1519855839979,944.117518084,944.117518084,944.117518084,944.117518084,944.1503678339977,945.1250866249975,945.1250866249975,945.9524969999984,x,1,0.8258080829982646,None,s-4/200,"001",2025-10-01_20h41.26.213,Motor sequence Learning task_Recent_Experiment_Tutorial 4_Urvashi Bhansali_AU2320139,,2025.2.0,None,2025-10-01 20h41.26.237942 +0530,
150,v,162,2,40,,,,,v,1,0.9371464159994503,None,,,,,40,2,162,1,945.9647771249984,,,,,,,,,,,,,,,,945.9532359589975,945.9647771249984,946.9504486669975,946.9504486669975,946.9504486669975,946.9504486669975,946.9575404999996,947.9508630839991,947.9508630839991,948.9038508749982,v,1,0.9371464159994503,None,s-4/200,"001",2025-10-01_20h41.26.213,Motor sequence Learning task_Recent_Experiment_Tutorial 4_Urvashi Bhansali_AU2320139,,2025.2.0,None,2025-10-01 20h41.26.237942 +0530,
-150,z,163,3,40,,,,,z,1,0.5198389990000578,None,,,,,40,3,163,3,948.917122625,,,,,,,,,,,,,,,,948.9049584169989,948.917122625,949.9010611669983,949.9010611669983,949.9010611669983,949.9010611669983,949.9076524589982,950.901064583999,950.901064583999,951.4261200419969,z,1,0.5198389990000578,None,s-4/200,"001",2025-10-01_20h41.26.213,Motor sequence Learning task_Recent_Experiment_Tutorial 4_Urvashi Bhansali_AU2320139,,2025.2.0,None,2025-10-01 20h41.26.237942 +0530,
-50,x,164,0,41,,,,,x,1,0.6655550409996067,None,,,,,41,0,164,0,951.4376561249992,,,,,,,,,,,,,,,,951.4266984589995,951.4376561249992,952.4244456669985,952.4244456669985,952.4244456669985,952.4244456669985,952.4337622499988,953.4252729170003,953.4252729170003,954.0927509169996,x,1,0.6655550409996067,None,s-4/200,"001",2025-10-01_20h41.26.213,Motor sequence Learning task_Recent_Experiment_Tutorial 4_Urvashi Bhansali_AU2320139,,2025.2.0,None,2025-10-01 20h41.26.237942 +0530,
150,v,165,1,41,,,,,v,1,1.067097040999215,None,,,,,41,1,165,1,954.1043304589984,,,,,,,,,,,,,,,,954.0932817499997,954.1043304589984,955.0837474170003,955.0837474170003,955.0837474170003,955.0837474170003,955.100403417,956.0926817500003,956.0926817500003,957.1697516669992,v,1,1.067097040999215,None,s-4/200,"001",2025-10-01_20h41.26.213,Motor sequence Learning task_Recent_Experiment_Tutorial 4_Urvashi Bhansali_AU2320139,,2025.2.0,None,2025-10-01 20h41.26.237942 +0530,
-150,z,166,2,41,,,,,z,1,0.5355326659991988,None,,,,,41,2,166,3,957.1822407919972,,,,,,,,,,,,,,,,957.170983541997,957.1822407919972,958.1670786670002,958.1670786670002,958.1670786670002,958.1670786670002,958.1742482919981,959.1851792499983,959.1851792499983,959.7270699170003,z,1,0.5355326659991988,None,s-4/200,"001",2025-10-01_20h41.26.213,Motor sequence Learning task_Recent_Experiment_Tutorial 4_Urvashi Bhansali_AU2320139,,2025.2.0,None,2025-10-01 20h41.26.237942 +0530,
50,c,167,3,41,,,,,c,1,0.5082330420009384,None,,,,,41,3,167,2,959.7377819169997,,,,,,,,,,,,,,,,959.7276112090003,959.7377819169997,960.7250585839975,960.7250585839975,960.7250585839975,960.7250585839975,960.7345087920003,961.7253502089989,961.7253502089989,962.2374592499982,c,1,0.5082330420009384,None,s-4/200,"001",2025-10-01_20h41.26.213,Motor sequence Learning task_Recent_Experiment_Tutorial 4_Urvashi Bhansali_AU2320139,,2025.2.0,None,2025-10-01 20h41.26.237942 +0530,
-50,x,168,0,42,,,,,x,1,0.4459019160021853,None,,,,,42,0,168,0,962.2498569999989,,,,,,,,,,,,,,,,962.238576959,962.2498569999989,963.2337259999986,963.2337259999986,963.2337259999986,963.2337259999986,963.2413020839995,964.2336445000001,964.2336445000001,964.6851855419991,x,1,0.4459019160021853,None,s-4/200,"001",2025-10-01_20h41.26.213,Motor sequence Learning task_Recent_Experiment_Tutorial 4_Urvashi Bhansali_AU2320139,,2025.2.0,None,2025-10-01 20h41.26.237942 +0530,
150,v,169,1,42,,,,,v,1,0.8821472500021628,None,,,,,42,1,169,1,964.6964623749991,,,,,,,,,,,,,,,,964.6857302089993,964.6964623749991,965.674730499999,965.674730499999,965.674730499999,965.674730499999,965.6910074169973,966.6753764589994,966.6753764589994,967.5594896249968,v,1,0.8821472500021628,None,s-4/200,"001",2025-10-01_20h41.26.213,Motor sequence Learning task_Recent_Experiment_Tutorial 4_Urvashi Bhansali_AU2320139,,2025.2.0,None,2025-10-01 20h41.26.237942 +0530,
50,c,170,2,42,,,,,c,1,0.6423842499971215,None,,,,,42,2,170,2,967.5713077919972,,,,,,,,,,,,,,,,967.5601161669983,967.5713077919972,968.5581397919996,968.5581397919996,968.5581397919996,968.5581397919996,968.5670847089968,969.5587265839968,969.5587265839968,970.2093286669988,c,1,0.6423842499971215,None,s-4/200,"001",2025-10-01_20h41.26.213,Motor sequence Learning task_Recent_Experiment_Tutorial 4_Urvashi Bhansali_AU2320139,,2025.2.0,None,2025-10-01 20h41.26.237942 +0530,
-150,z,171,3,42,,,,,z,1,0.6387676240010478,None,,,,,42,3,171,3,970.2211725839989,,,,,,,,,,,,,,,,970.2099121249994,970.2211725839989,971.2084831669999,971.2084831669999,971.2084831669999,971.2084831669999,971.2170708749982,972.2086287499988,972.2086287499988,972.8522711249971,z,1,0.6387676240010478,None,s-4/200,"001",2025-10-01_20h41.26.213,Motor sequence Learning task_Recent_Experiment_Tutorial 4_Urvashi Bhansali_AU2320139,,2025.2.0,None,2025-10-01 20h41.26.237942 +0530,
-150,z,172,0,43,,,,,z,1,0.4810485830021207,None,,,,,43,0,172,3,972.8632855839969,,,,,,,,,,,,,,,,972.8528638339994,972.8632855839969,973.842814874999,973.842814874999,973.842814874999,973.842814874999,973.8591049999995,974.8503146249968,974.8503146249968,975.3358789999984,z,1,0.4810485830021207,None,s-4/200,"001",2025-10-01_20h41.26.213,Motor sequence Learning task_Recent_Experiment_Tutorial 4_Urvashi Bhansali_AU2320139,,2025.2.0,None,2025-10-01 20h41.26.237942 +0530,
50,c,173,1,43,,,,,c,1,1.2169341250009893,None,,,,,43,1,173,2,975.3439432499981,,,,,,,,,,,,,,,,975.3362811249972,975.3439432499981,976.3335853339995,976.3335853339995,976.3335853339995,976.3335853339995,976.3409371669986,977.3352354999988,977.3352354999988,978.5595594169972,c,1,1.2169341250009893,None,s-4/200,"001",2025-10-01_20h41.26.213,Motor sequence Learning task_Recent_Experiment_Tutorial 4_Urvashi Bhansali_AU2320139,,2025.2.0,None,2025-10-01 20h41.26.237942 +0530,
-50,x,174,2,43,,,,,x,1,0.8688232080021407,None,,,,,43,2,174,0,978.5706540419997,,,,,,,,,,,,,,,,978.5601309169979,978.5706540419997,979.559338084,979.559338084,979.559338084,979.559338084,979.5854431249973,980.5502475419999,980.5502475419999,981.4262231249995,x,1,0.8688232080021407,None,s-4/200,"001",2025-10-01_20h41.26.213,Motor sequence Learning task_Recent_Experiment_Tutorial 4_Urvashi Bhansali_AU2320139,,2025.2.0,None,2025-10-01 20h41.26.237942 +0530,
150,v,175,3,43,,,,,v,1,0.8600467500000377,None,,,,,43,3,175,1,981.4376691669968,,,,,,,,,,,,,,,,981.426812583999,981.4376691669968,982.4249734999976,982.4249734999976,982.4249734999976,982.4249734999976,982.4342152089994,983.4249729589974,983.4249729589974,984.2925861669974,v,1,0.8600467500000377,None,s-4/200,"001",2025-10-01_20h41.26.213,Motor sequence Learning task_Recent_Experiment_Tutorial 4_Urvashi Bhansali_AU2320139,,2025.2.0,None,2025-10-01 20h41.26.237942 +0530,
50,c,176,0,44,,,,,c,1,0.8671220420001191,None,,,,,44,0,176,2,984.3042541670002,,,,,,,,,,,,,,,,984.293141416998,984.3042541670002,985.291705833999,985.291705833999,985.291705833999,985.291705833999,985.3010493749971,986.2918678339993,986.2918678339993,987.1691924999977,c,1,0.8671220420001191,None,s-4/200,"001",2025-10-01_20h41.26.213,Motor sequence Learning task_Recent_Experiment_Tutorial 4_Urvashi Bhansali_AU2320139,,2025.2.0,None,2025-10-01 20h41.26.237942 +0530,
-50,x,177,1,44,,,,,x,1,0.5769788329998846,None,,,,,44,1,177,0,987.1806615839996,,,,,,,,,,,,,,,,987.1700369169994,987.1806615839996,988.1668877499978,988.1668877499978,988.1668877499978,988.1668877499978,988.1747936249994,989.1669377500002,989.1669377500002,989.752191874999,x,1,0.5769788329998846,None,s-4/200,"001",2025-10-01_20h41.26.213,Motor sequence Learning task_Recent_Experiment_Tutorial 4_Urvashi Bhansali_AU2320139,,2025.2.0,None,2025-10-01 20h41.26.237942 +0530,
-150,z,178,2,44,,,,,z,1,0.4635210830019787,None,,,,,44,2,178,3,989.7635364999987,,,,,,,,,,,,,,,,989.7528696669979,989.7635364999987,990.7503577919997,990.7503577919997,990.7503577919997,990.7503577919997,990.7576857499989,991.7502590419972,991.7502590419972,992.2187598339988,z,1,0.4635210830019787,None,s-4/200,"001",2025-10-01_20h41.26.213,Motor sequence Learning task_Recent_Experiment_Tutorial 4_Urvashi Bhansali_AU2320139,,2025.2.0,None,2025-10-01 20h41.26.237942 +0530,
150,v,179,3,44,,,,,v,1,0.805819707999035,None,,,,,44,3,179,1,992.2300878339993,,,,,,,,,,,,,,,,992.2194022919975,992.2300878339993,993.2092020419987,993.2092020419987,993.2092020419987,993.2092020419987,993.2519634169985,994.2170345419981,994.2170345419981,995.0258386249989,v,1,0.805819707999035,None,s-4/200,"001",2025-10-01_20h41.26.213,Motor sequence Learning task_Recent_Experiment_Tutorial 4_Urvashi Bhansali_AU2320139,,2025.2.0,None,2025-10-01 20h41.26.237942 +0530,
50,c,180,0,45,,,,,c,1,1.135161500002141,None,,,,,45,0,180,2,995.0373841669971,,,,,,,,,,,,,,,,995.0264597919995,995.0373841669971,996.024847749999,996.024847749999,996.024847749999,996.024847749999,996.0341879999978,997.0246319999969,997.0246319999969,998.1693435839989,c,1,1.135161500002141,None,s-4/200,"001",2025-10-01_20h41.26.213,Motor sequence Learning task_Recent_Experiment_Tutorial 4_Urvashi Bhansali_AU2320139,,2025.2.0,None,2025-10-01 20h41.26.237942 +0530,
-50,x,181,1,45,,,,,x,1,0.7436648750008317,None,,,,,45,1,181,0,998.1805959589983,,,,,,,,,,,,,,,,998.1701651669973,998.1805959589983,999.1670741249982,999.1670741249982,999.1670741249982,999.1670741249982,999.1743588339996,1000.1669242499993,1000.1669242499993,1000.9188369999974,x,1,0.7436648750008317,None,s-4/200,"001",2025-10-01_20h41.26.213,Motor sequence Learning task_Recent_Experiment_Tutorial 4_Urvashi Bhansali_AU2320139,,2025.2.0,None,2025-10-01 20h41.26.237942 +0530,
-150,z,182,2,45,,,,,z,1,0.5151123750001716,None,,,,,45,2,182,3,1000.9298984169982,,,,,,,,,,,,,,,,1000.9193999589988,1000.9298984169982,1001.9168588339999,1001.9168588339999,1001.9168588339999,1001.9168588339999,1001.9241682499996,1002.917522124997,1002.917522124997,1003.4352052499999,z,1,0.5151123750001716,None,s-4/200,"001",2025-10-01_20h41.26.213,Motor sequence Learning task_Recent_Experiment_Tutorial 4_Urvashi Bhansali_AU2320139,,2025.2.0,None,2025-10-01 20h41.26.237942 +0530,
150,v,183,3,45,,,,,v,1,0.9626095410021662,None,,,,,45,3,183,1,1003.4464296249971,,,,,,,,,,,,,,,,1003.4357364169991,1003.4464296249971,1004.4344196249986,1004.4344196249986,1004.4344196249986,1004.4344196249986,1004.441171874998,1005.4259662089971,1005.4259662089971,1006.3927613749984,v,1,0.9626095410021662,None,s-4/200,"001",2025-10-01_20h41.26.213,Motor sequence Learning task_Recent_Experiment_Tutorial 4_Urvashi Bhansali_AU2320139,,2025.2.0,None,2025-10-01 20h41.26.237942 +0530,
-150,z,184,0,46,,,,,z,1,0.6630881669989321,None,,,,,46,0,184,3,1006.4040604169968,,,,,,,,,,,,,,,,1006.3932952919968,1006.4040604169968,1007.3921380419997,1007.3921380419997,1007.3921380419997,1007.3921380419997,1007.418298458997,1008.3915152499976,1008.3915152499976,1009.0592055839988,z,1,0.6630881669989321,None,s-4/200,"001",2025-10-01_20h41.26.213,Motor sequence Learning task_Recent_Experiment_Tutorial 4_Urvashi Bhansali_AU2320139,,2025.2.0,None,2025-10-01 20h41.26.237942 +0530,
150,v,185,1,46,,,,,v,1,0.627903458000219,None,,,,,46,1,185,1,1009.0706983339987,,,,,,,,,,,,,,,,1009.0597591249971,1009.0706983339987,1010.0583786669995,1010.0583786669995,1010.0583786669995,1010.0583786669995,1010.0672897919976,1011.0586548339998,1011.0586548339998,1011.6926332919975,v,1,0.627903458000219,None,s-4/200,"001",2025-10-01_20h41.26.213,Motor sequence Learning task_Recent_Experiment_Tutorial 4_Urvashi Bhansali_AU2320139,,2025.2.0,None,2025-10-01 20h41.26.237942 +0530,
-50,x,186,2,46,,,,,x,1,0.7938763329984795,None,,,,,46,2,186,0,1011.7043865419982,,,,,,,,,,,,,,,,1011.6932082919993,1011.7043865419982,1012.6922794589991,1012.6922794589991,1012.6922794589991,1012.6922794589991,1012.7008623749971,1013.6835550420001,1013.6835550420001,1014.4854290839976,x,1,0.7938763329984795,None,s-4/200,"001",2025-10-01_20h41.26.213,Motor sequence Learning task_Recent_Experiment_Tutorial 4_Urvashi Bhansali_AU2320139,,2025.2.0,None,2025-10-01 20h41.26.237942 +0530,
50,c,187,3,46,,,,,c,1,0.8377339990001929,None,,,,,46,3,187,2,1014.4971444999974,,,,,,,,,,,,,,,,1014.4861236670004,1014.4971444999974,1015.4836483749968,1015.4836483749968,1015.4836483749968,1015.4836483749968,1015.4908826669998,1016.4835684589998,1016.4835684589998,1017.3265635839998,c,1,0.8377339990001929,None,s-4/200,"001",2025-10-01_20h41.26.213,Motor sequence Learning task_Recent_Experiment_Tutorial 4_Urvashi Bhansali_AU2320139,,2025.2.0,None,2025-10-01 20h41.26.237942 +0530,
-150,z,188,0,47,,,,,z,1,0.47637762399972416,None,,,,,47,0,188,3,1017.3378595839968,,,,,,,,,,,,,,,,1017.3271441249999,1017.3378595839968,1018.3249367919998,1018.3249367919998,1018.3249367919998,1018.3249367919998,1018.3341404999992,1019.3269128749998,1019.3269128749998,1019.8093113750001,z,1,0.47637762399972416,None,s-4/200,"001",2025-10-01_20h41.26.213,Motor sequence Learning task_Recent_Experiment_Tutorial 4_Urvashi Bhansali_AU2320139,,2025.2.0,None,2025-10-01 20h41.26.237942 +0530,
150,v,189,1,47,,,,,v,1,0.9641631660015264,None,,,,,47,1,189,1,1019.8210414589994,,,,,,,,,,,,,,,,1019.8098619169978,1019.8210414589994,1020.8082986249974,1020.8082986249974,1020.8082986249974,1020.8082986249974,1020.8174584999979,1021.8080023339971,1021.8080023339971,1022.7754287919997,v,1,0.9641631660015264,None,s-4/200,"001",2025-10-01_20h41.26.213,Motor sequence Learning task_Recent_Experiment_Tutorial 4_Urvashi Bhansali_AU2320139,,2025.2.0,None,2025-10-01 20h41.26.237942 +0530,
50,c,190,2,47,,,,,c,1,0.6593132489979325,None,,,,,47,2,190,2,1022.7877436249983,,,,,,,,,,,,,,,,1022.775920666998,1022.7877436249983,1023.7746797919972,1023.7746797919972,1023.7746797919972,1023.7746797919972,1023.7841835839972,1024.7669019589994,1024.7669019589994,1025.4354622499995,c,1,0.6593132489979325,None,s-4/200,"001",2025-10-01_20h41.26.213,Motor sequence Learning task_Recent_Experiment_Tutorial 4_Urvashi Bhansali_AU2320139,,2025.2.0,None,2025-10-01 20h41.26.237942 +0530,
-50,x,191,3,47,,,,,x,1,0.8784754159969452,None,,,,,47,3,191,0,1025.447226999997,,,,,,,,,,,,,,,,1025.436105375,1025.447226999997,1026.4336607089972,1026.4336607089972,1026.4336607089972,1026.4336607089972,1026.4414534169991,1027.433517999998,1027.433517999998,1028.3188007089993,x,1,0.8784754159969452,None,s-4/200,"001",2025-10-01_20h41.26.213,Motor sequence Learning task_Recent_Experiment_Tutorial 4_Urvashi Bhansali_AU2320139,,2025.2.0,None,2025-10-01 20h41.26.237942 +0530,
-150,z,192,0,48,,,,,z,1,0.6851442920014961,None,,,,,48,0,192,3,1028.330575541997,,,,,,,,,,,,,,,,1028.3193775,1028.330575541997,1029.3175455419987,1029.3175455419987,1029.3175455419987,1029.3175455419987,1029.3245193339972,1030.316856833997,1030.316856833997,1031.0093281669979,z,1,0.6851442920014961,None,s-4/200,"001",2025-10-01_20h41.26.213,Motor sequence Learning task_Recent_Experiment_Tutorial 4_Urvashi Bhansali_AU2320139,,2025.2.0,None,2025-10-01 20h41.26.237942 +0530,
50,c,193,1,48,,,,,c,1,1.6689712920015154,None,,,,,48,1,193,2,1031.0208888749985,,,,,,,,,,,,,,,,1031.0099192919988,1031.0208888749985,1032.0085197089975,1032.0085197089975,1032.0085197089975,1032.0085197089975,1032.017586916998,1033.0079955,1033.0079955,1034.685531791998,c,1,1.6689712920015154,None,s-4/200,"001",2025-10-01_20h41.26.213,Motor sequence Learning task_Recent_Experiment_Tutorial 4_Urvashi Bhansali_AU2320139,,2025.2.0,None,2025-10-01 20h41.26.237942 +0530,
-50,x,194,2,48,,,,,x,1,0.8999370409983385,None,,,,,48,2,194,0,1034.6964927089975,,,,,,,,,,,,,,,,1034.686050166998,1034.6964927089975,1035.6835532499972,1035.6835532499972,1035.6835532499972,1035.6835532499972,1035.6908500419995,1036.6837940839978,1036.6837940839978,1037.592385459,x,1,0.8999370409983385,None,s-4/200,"001",2025-10-01_20h41.26.213,Motor sequence Learning task_Recent_Experiment_Tutorial 4_Urvashi Bhansali_AU2320139,,2025.2.0,None,2025-10-01 20h41.26.237942 +0530,
150,v,195,3,48,,,,,v,1,0.9201834579980641,None,,,,,48,3,195,1,1037.604149499999,,,,,,,,,,,,,,,,1037.5929730419994,1037.604149499999,1038.591793959,1038.591793959,1038.591793959,1038.591793959,1038.601037999997,1039.601517666997,1039.601517666997,1040.5259626249972,v,1,0.9201834579980641,None,s-4/200,"001",2025-10-01_20h41.26.213,Motor sequence Learning task_Recent_Experiment_Tutorial 4_Urvashi Bhansali_AU2320139,,2025.2.0,None,2025-10-01 20h41.26.237942 +0530,
50,c,196,0,49,,,,,v,0,0.5966345829983766,None,,,,,49,0,196,2,1040.5379645840003,,,,,,,,,,,,,,,,1040.5265166669997,1040.5379645840003,1041.5258611249992,1041.5258611249992,1041.5258611249992,1041.5258611249992,1041.5516171249983,1042.525088708997,1042.525088708997,1043.1256459589968,v,0,0.5966345829983766,None,s-4/200,"001",2025-10-01_20h41.26.213,Motor sequence Learning task_Recent_Experiment_Tutorial 4_Urvashi Bhansali_AU2320139,,2025.2.0,None,2025-10-01 20h41.26.237942 +0530,
150,v,197,1,49,,,,,v,1,1.0358700830001908,None,,,,,49,1,197,1,1043.1374389169978,,,,,,,,,,,,,,,,1043.1262215419993,1043.1374389169978,1044.1252316249993,1044.1252316249993,1044.1252316249993,1044.1252316249993,1044.1348015000003,1045.1167674169992,1045.1167674169992,1046.159571166998,v,1,1.0358700830001908,None,s-4/200,"001",2025-10-01_20h41.26.213,Motor sequence Learning task_Recent_Experiment_Tutorial 4_Urvashi Bhansali_AU2320139,,2025.2.0,None,2025-10-01 20h41.26.237942 +0530,
-150,z,198,2,49,,,,,z,1,0.5202093750012864,None,,,,,49,2,198,3,1046.1708534589998,,,,,,,,,,,,,,,,1046.1601586669967,1046.1708534589998,1047.1585339999983,1047.1585339999983,1047.1585339999983,1047.1585339999983,1047.167603083999,1048.1584212499984,1048.1584212499984,1048.685455584,z,1,0.5202093750012864,None,s-4/200,"001",2025-10-01_20h41.26.213,Motor sequence Learning task_Recent_Experiment_Tutorial 4_Urvashi Bhansali_AU2320139,,2025.2.0,None,2025-10-01 20h41.26.237942 +0530,
-50,x,199,3,49,,,,,x,1,0.673955082998873,None,,,,,49,3,199,0,1048.696630833998,,,,,,,,,,,,,,,,1048.686014584,1048.696630833998,1049.6834903339986,1049.6834903339986,1049.6834903339986,1049.6834903339986,1049.691074708997,1050.6836048749974,1050.6836048749974,1051.3595679589998,x,1,0.673955082998873,None,s-4/200,"001",2025-10-01_20h41.26.213,Motor sequence Learning task_Recent_Experiment_Tutorial 4_Urvashi Bhansali_AU2320139,,2025.2.0,None,2025-10-01 20h41.26.237942 +0530,
