20.4429 	WARNING 	Font Manager failed to load file /System/Library/PrivateFrameworks/FontServices.framework/Resources/Reserved/PingFangUI.ttc
20.5450 	WARNING 	Font Manager failed to load file /System/Library/PrivateFrameworks/FontServices.framework/Resources/Reserved/PingFangUI.ttc
23.6305 	INFO 	Loaded monitor calibration from ['2025_08_12 07:11']
23.6400 	WARNING 	User requested fullscreen with size [1024  768], but screen is actually [1470, 956]. Using actual size
23.8850 	INFO 	Using renderer 'Apple M2' for graphics
23.8850 	INFO 	OpenGL version supported by driver is 2..
23.9326 	EXP 	Created window1 = Window(allowGUI=False, allowStencil=False, autoLog=True, backendConf=UNKNOWN, backgroundFit=<method-wrapper '__getattribute__' of attributeSetter object at 0x156642890>, backgroundImage=<method-wrapper '__getattribute__' of attributeSetter object at 0x1566428f0>, bitsMode=UNKNOWN, blendMode='avg', bpc=(8, 8, 8), color=array([0, 0, 0]), colorSpace='rgb', depthBits=8, fullscr=True, gamma=None, gammaErrorPolicy='raise', infoMsg=UNKNOWN, lms=UNKNOWN, monitor=<psychopy.monitors.calibTools.Monitor object at 0x1565aa650>, multiSample=False, name='window1', numSamples=2, pos=[np.float64(0.0), np.float64(0.0)], screen=0, size=array([2940, 1912]), stencilBits=0, stereo=False, title='PsychoPy', units='height', useFBO=True, useRetina=True, viewOri=0.0, viewPos=None, viewScale=None, waitBlanking=True, winType='pyglet')
23.9327 	EXP 	window1: backgroundImage = ''
23.9327 	EXP 	window1: backgroundFit = 'none'
24.2809 	EXP 	window1: Attempting to measure frame rate of screen (0) ...
24.2809 	EXP 	window1: recordFrameIntervals = False
24.5768 	EXP 	window1: recordFrameIntervals = True
25.4109 	WARNING 	Couldn't measure a consistent frame rate!
  - Is your graphics card set to sync to vertical blank?
  - Are you running other processes on your computer?

26.6987 	INFO 	keyboard.Keyboard is using ptb backend.
26.6987 	EXP 	2nd exp: status = STARTED
26.7598 	EXP 	Created text_2 = TextStim(__class__=<class 'psychopy.visual.text.TextStim'>, alignHoriz=method-wrapper(...), alignText='center', alignVert=method-wrapper(...), anchorHoriz='center', anchorVert='center', antialias=True, autoDraw=False, autoLog=True, bold=False, color=array([1., 1., 1.]), colorSpace='rgb', contrast=1.0, depth=0.0, draggable=False, flipHoriz=False, flipVert=False, font='Arial', fontFiles=[], height=np.float64(0.05), italic=False, languageStyle='LTR', name='text_2', opacity=1, ori=0.0, pos=array([0., 0.]), rgb=UNKNOWN, text=str(...), units='height', win=Window(...), wrapWidth=1)
26.7616 	EXP 	Created fix_text = TextStim(__class__=<class 'psychopy.visual.text.TextStim'>, alignHoriz=method-wrapper(...), alignText='center', alignVert=method-wrapper(...), anchorHoriz='center', anchorVert='center', antialias=True, autoDraw=False, autoLog=True, bold=False, color=array([1., 1., 1.]), colorSpace='rgb', contrast=1.0, depth=-1.0, draggable=False, flipHoriz=False, flipVert=False, font='Arial', fontFiles=[], height=np.float64(0.07), italic=False, languageStyle='LTR', name='fix_text', opacity=1, ori=0.0, pos=array([0., 0.]), rgb=UNKNOWN, text='+', units='height', win=Window(...), wrapWidth=1)
26.7624 	EXP 	Created blank1_bg = Rect(__class__=<class 'psychopy.visual.rect.Rect'>, anchor=('center', 'center'), autoDraw=False, autoLog=True, closeShape=True, color=method-wrapper(...), colorSpace='rgb', contrast=None, depth=-2.0, draggable=False, fillColor=array([1, 1, 1]), fillColorSpace='rgb', fillRGB=array([1, 1, 1]), interpolate=True, lineColor=array([1., 1., 1.]), lineColorSpace='rgb', lineRGB=array([1, 1, 1]), lineWidth=1.0, name='blank1_bg', opacity=1, ori=0.0, pos=array([0., 0.]), size=array([2., 2.]), units='height', vertices=ndarray(...), win=Window(...))
26.7628 	EXP 	Created prime_text = TextStim(__class__=<class 'psychopy.visual.text.TextStim'>, alignHoriz=method-wrapper(...), alignText='center', alignVert=method-wrapper(...), anchorHoriz='center', anchorVert='center', antialias=True, autoDraw=False, autoLog=True, bold=False, color=array([1., 1., 1.]), colorSpace='rgb', contrast=1.0, depth=-3.0, draggable=False, flipHoriz=False, flipVert=False, font='Arial', fontFiles=[], height=0.05, italic=False, languageStyle='LTR', name='prime_text', opacity=1, ori=0.0, pos=array([0., 0.]), rgb=UNKNOWN, text='', units='height', win=Window(...), wrapWidth=1)
26.7634 	EXP 	Created blank2_bg = Rect(__class__=<class 'psychopy.visual.rect.Rect'>, anchor=('center', 'center'), autoDraw=False, autoLog=True, closeShape=True, color=method-wrapper(...), colorSpace='rgb', contrast=None, depth=-4.0, draggable=False, fillColor=array([1, 1, 1]), fillColorSpace='rgb', fillRGB=array([1, 1, 1]), interpolate=True, lineColor=array([1., 1., 1.]), lineColorSpace='rgb', lineRGB=array([1, 1, 1]), lineWidth=1.0, name='blank2_bg', opacity=1, ori=0.0, pos=array([0., 0.]), size=array([0.5, 0.5]), units='height', vertices=ndarray(...), win=Window(...))
26.7638 	EXP 	Created target_text = TextStim(__class__=<class 'psychopy.visual.text.TextStim'>, alignHoriz=method-wrapper(...), alignText='center', alignVert=method-wrapper(...), anchorHoriz='center', anchorVert='center', antialias=True, autoDraw=False, autoLog=True, bold=False, color=array([1., 1., 1.]), colorSpace='rgb', contrast=1.0, depth=-5.0, draggable=False, flipHoriz=False, flipVert=False, font='Arial', fontFiles=[], height=0.05, italic=False, languageStyle='LTR', name='target_text', opacity=1, ori=0.0, pos=array([0., 0.]), rgb=UNKNOWN, text='', units='height', win=Window(...), wrapWidth=1)
26.7644 	EXP 	Created blank3_bg = Rect(__class__=<class 'psychopy.visual.rect.Rect'>, anchor=('center', 'center'), autoDraw=False, autoLog=True, closeShape=True, color=method-wrapper(...), colorSpace='rgb', contrast=None, depth=-1.0, draggable=False, fillColor=array([1, 1, 1]), fillColorSpace='rgb', fillRGB=array([1, 1, 1]), interpolate=True, lineColor=array([1., 1., 1.]), lineColorSpace='rgb', lineRGB=array([1, 1, 1]), lineWidth=1.0, name='blank3_bg', opacity=1, ori=0.0, pos=array([0., 0.]), size=array([2., 2.]), units='height', vertices=ndarray(...), win=Window(...))
26.7688 	EXP 	Created greenCircle = ShapeStim(__class__=<class 'psychopy.visual.shape.ShapeStim'>, anchor=('center', 'center'), autoDraw=False, autoLog=True, closeShape=True, color=method-wrapper(...), colorSpace='rgb', contrast=None, depth=-2.0, draggable=False, fillColor=array([-1.        ,  0.00392157, -1.        ]), fillColorSpace='rgb', fillRGB=array([-1.        ,  0.00392157, -1.        ]), interpolate=True, lineColor=array([1., 1., 1.]), lineColorSpace='rgb', lineRGB=array([1, 1, 1]), lineWidth=1.0, name='greenCircle', opacity=1, ori=0.0, pos=array([0., 0.]), size=array([0.2, 0.2]), units='height', vertices=ndarray(...), win=Window(...), windingRule=None)
26.7700 	EXP 	Created redCrosss = ShapeStim(__class__=<class 'psychopy.visual.shape.ShapeStim'>, anchor=('center', 'center'), autoDraw=False, autoLog=True, closeShape=True, color=method-wrapper(...), colorSpace='rgb', contrast=None, depth=-3.0, draggable=False, fillColor=array([ 1, -1, -1]), fillColorSpace='rgb', fillRGB=array([ 1, -1, -1]), interpolate=True, lineColor=array([1., 1., 1.]), lineColorSpace='rgb', lineRGB=array([1, 1, 1]), lineWidth=1.0, name='redCrosss', opacity=1, ori=0.0, pos=array([0., 0.]), size=array([0.2, 0.2]), units='height', vertices=ndarray(...), win=Window(...), windingRule=None)
26.7717 	EXP 	Created text_3 = TextStim(__class__=<class 'psychopy.visual.text.TextStim'>, alignHoriz=method-wrapper(...), alignText='center', alignVert=method-wrapper(...), anchorHoriz='center', anchorVert='center', antialias=True, autoDraw=False, autoLog=True, bold=False, color=array([1., 1., 1.]), colorSpace='rgb', contrast=1.0, depth=0.0, draggable=False, flipHoriz=False, flipVert=False, font='Arial', fontFiles=[], height=np.float64(0.05), italic=False, languageStyle='LTR', name='text_3', opacity=1, ori=0.0, pos=array([0., 0.]), rgb=UNKNOWN, text='thank you for partcipating. its an honour', units='height', win=Window(...), wrapWidth=1)
0.0212 	INFO 	Keyboard events cleared
0.0212 	EXP 	text_2: autoDraw = True
2.9477 	WARNING 	t of last frame was 20.48ms (=1/48)
3.1371 	EXP 	Device response: <KeyPress from None: t=2.9305819160072133, value=f2, duration=None>
3.1372 	EXP 	Device response: <KeyPress from None: t=2.9305819160072133, value=f2, duration=0.11395295900001656>
3.1373 	EXP 	Device response: <KeyPress from None: t=3.1312748750060564, value=f2, duration=None>
3.1422 	WARNING 	t of last frame was 194.49ms (=1/5)
3.2052 	EXP 	Device response: <KeyPress from None: t=3.1312748750060564, value=f2, duration=0.07234483299544081>
3.3105 	EXP 	Device response: <KeyPress from None: t=3.3002634580043377, value=f2, duration=None>
3.3723 	EXP 	Device response: <KeyPress from None: t=3.3002634580043377, value=f2, duration=0.06827754199912306>
3.4455 	EXP 	Device response: <KeyPress from None: t=3.444263958008378, value=f2, duration=None>
3.5070 	EXP 	Device response: <KeyPress from None: t=3.444263958008378, value=f2, duration=0.06032858300022781>
25.3120 	EXP 	Device response: <KeyPress from None: t=25.309092875002534, value=space, duration=None>
25.3468 	EXP 	Imported Conditions file/stimuli_correctAns.csv as conditions, 16 conditions, 4 params
25.3517 	EXP 	New trial (rep=0, index=0): <Trial 0 (0 in rep 0) data={'prime': 'The boy can read fast', 'target': 'The boy can read fast', 'condition': 'transposition_related', 'correctAns': 'right', 'thisN': 0, 'thisTrialN': 0, 'thisRepN': 0}>
25.3725 	DATA 	Keypress: space
25.3764 	WARNING 	t of last frame was 65.39ms (=1/15)
25.3764 	EXP 	text_2: autoDraw = False
25.3764 	EXP 	prime_text: height = np.float64(0.05)
25.3764 	EXP 	prime_text: height = np.float64(0.05)
25.3764 	EXP 	prime_text: height = np.float64(0.05)
25.3764 	EXP 	prime_text: text = 'The boy can read fast'
25.3764 	EXP 	target_text: height = np.float64(0.05)
25.3764 	EXP 	target_text: height = np.float64(0.05)
25.3764 	EXP 	target_text: height = np.float64(0.05)
25.3764 	EXP 	target_text: text = 'The boy can read fast'
25.3764 	EXP 	fix_text: autoDraw = True
25.3882 	EXP 	Device response: <KeyPress from None: t=25.309092875002534, value=space, duration=0.07386429100006353>
25.6107 	WARNING 	t of last frame was 54.64ms (=1/18)
25.6107 	EXP 	blank1_bg: autoDraw = True
25.6212 	EXP 	fix_text: autoDraw = False
25.7645 	EXP 	prime_text: autoDraw = True
25.8059 	EXP 	blank1_bg: autoDraw = False
25.9629 	EXP 	prime_text: autoDraw = False
25.9629 	EXP 	blank2_bg: autoDraw = True
26.0630 	INFO 	Keyboard events cleared
26.0628 	EXP 	blank2_bg: autoDraw = False
26.0628 	EXP 	target_text: autoDraw = True
27.5573 	EXP 	Device response: <KeyPress from None: t=27.54563983299886, value=right, duration=None>
27.6426 	DATA 	Keypress: right
27.6463 	WARNING 	Multiple dropped frames have occurred - I'll stop bothering you about them!
27.6462 	EXP 	fix_text: autoDraw = False
27.6462 	EXP 	blank1_bg: autoDraw = False
27.6462 	EXP 	prime_text: autoDraw = False
27.6462 	EXP 	blank2_bg: autoDraw = False
27.6462 	EXP 	target_text: autoDraw = False
27.6462 	EXP 	greenCircle: autoDraw = True
27.6462 	EXP 	redCrosss: autoDraw = True
27.6717 	EXP 	Device response: <KeyPress from None: t=27.54563983299886, value=right, duration=0.1212517500098329>
27.7556 	EXP 	blank3_bg: autoDraw = True
27.8461 	EXP 	greenCircle: autoDraw = False
27.8461 	EXP 	redCrosss: autoDraw = False
28.5398 	EXP 	New trial (rep=0, index=1): <Trial 1 (1 in rep 0) data={'prime': 'They have finished the work', 'target': 'They finished have the work', 'condition': 'transposition_related', 'correctAns': 'right', 'thisN': 1, 'thisTrialN': 1, 'thisRepN': 0}>
28.5549 	EXP 	blank3_bg: autoDraw = False
28.5549 	EXP 	blank3_bg: autoDraw = False
28.5549 	EXP 	greenCircle: autoDraw = False
28.5549 	EXP 	redCrosss: autoDraw = False
28.5549 	EXP 	prime_text: height = np.float64(0.05)
28.5549 	EXP 	prime_text: height = np.float64(0.05)
28.5549 	EXP 	prime_text: height = np.float64(0.05)
28.5549 	EXP 	prime_text: text = 'They have finished the work'
28.5549 	EXP 	target_text: height = np.float64(0.05)
28.5549 	EXP 	target_text: height = np.float64(0.05)
28.5549 	EXP 	target_text: height = np.float64(0.05)
28.5549 	EXP 	target_text: text = 'They finished have the work'
28.5595 	EXP 	fix_text: autoDraw = True
28.8063 	EXP 	fix_text: autoDraw = False
28.8063 	EXP 	blank1_bg: autoDraw = True
28.9932 	EXP 	blank1_bg: autoDraw = False
29.0061 	EXP 	prime_text: autoDraw = True
29.1931 	EXP 	prime_text: autoDraw = False
29.2061 	EXP 	blank2_bg: autoDraw = True
29.2933 	EXP 	blank2_bg: autoDraw = False
29.3063 	INFO 	Keyboard events cleared
29.3062 	EXP 	target_text: autoDraw = True
31.0408 	EXP 	Device response: <KeyPress from None: t=31.033699040999636, value=left, duration=None>
31.0484 	DATA 	Keypress: left
31.0530 	EXP 	fix_text: autoDraw = False
31.0530 	EXP 	blank1_bg: autoDraw = False
31.0530 	EXP 	prime_text: autoDraw = False
31.0530 	EXP 	blank2_bg: autoDraw = False
31.0530 	EXP 	target_text: autoDraw = False
31.0530 	EXP 	greenCircle: autoDraw = True
31.0530 	EXP 	redCrosss: autoDraw = True
31.1574 	EXP 	Device response: <KeyPress from None: t=31.033699040999636, value=left, duration=0.11220816700370051>
31.2397 	EXP 	blank3_bg: autoDraw = True
31.2462 	EXP 	greenCircle: autoDraw = False
31.2462 	EXP 	redCrosss: autoDraw = False
32.0232 	EXP 	New trial (rep=0, index=2): <Trial 2 (2 in rep 0) data={'prime': 'She does not like apples', 'target': 'She does not like apples', 'condition': 'repetition_related', 'correctAns': 'right', 'thisN': 2, 'thisTrialN': 2, 'thisRepN': 0}>
32.0360 	EXP 	blank3_bg: autoDraw = False
32.0360 	EXP 	blank3_bg: autoDraw = False
32.0360 	EXP 	greenCircle: autoDraw = False
32.0360 	EXP 	redCrosss: autoDraw = False
32.0360 	EXP 	prime_text: height = np.float64(0.05)
32.0360 	EXP 	prime_text: height = np.float64(0.05)
32.0360 	EXP 	prime_text: height = np.float64(0.05)
32.0360 	EXP 	prime_text: text = 'She does not like apples'
32.0360 	EXP 	target_text: height = np.float64(0.05)
32.0360 	EXP 	target_text: height = np.float64(0.05)
32.0360 	EXP 	target_text: height = np.float64(0.05)
32.0360 	EXP 	target_text: text = 'She does not like apples'
32.0407 	EXP 	fix_text: autoDraw = True
32.2897 	EXP 	fix_text: autoDraw = False
32.2897 	EXP 	blank1_bg: autoDraw = True
32.4761 	EXP 	blank1_bg: autoDraw = False
32.4897 	EXP 	prime_text: autoDraw = True
32.6767 	EXP 	prime_text: autoDraw = False
32.6897 	EXP 	blank2_bg: autoDraw = True
32.7767 	EXP 	blank2_bg: autoDraw = False
32.7898 	INFO 	Keyboard events cleared
32.7896 	EXP 	target_text: autoDraw = True
33.8078 	EXP 	Device response: <KeyPress from None: t=33.80372370799887, value=right, duration=None>
33.8151 	DATA 	Keypress: right
33.8195 	EXP 	fix_text: autoDraw = False
33.8195 	EXP 	blank1_bg: autoDraw = False
33.8195 	EXP 	prime_text: autoDraw = False
33.8195 	EXP 	blank2_bg: autoDraw = False
33.8195 	EXP 	target_text: autoDraw = False
33.8195 	EXP 	greenCircle: autoDraw = True
33.8195 	EXP 	redCrosss: autoDraw = True
33.8953 	EXP 	Device response: <KeyPress from None: t=33.80372370799887, value=right, duration=0.08817149999958929>
34.0063 	EXP 	blank3_bg: autoDraw = True
34.0128 	EXP 	greenCircle: autoDraw = False
34.0128 	EXP 	redCrosss: autoDraw = False
34.7894 	EXP 	New trial (rep=0, index=3): <Trial 3 (3 in rep 0) data={'prime': 'They have finished the work', 'target': 'They have finished the work', 'condition': 'repetition_related', 'correctAns': 'right', 'thisN': 3, 'thisTrialN': 3, 'thisRepN': 0}>
34.8021 	EXP 	blank3_bg: autoDraw = False
34.8021 	EXP 	blank3_bg: autoDraw = False
34.8021 	EXP 	greenCircle: autoDraw = False
34.8021 	EXP 	redCrosss: autoDraw = False
34.8021 	EXP 	prime_text: height = np.float64(0.05)
34.8021 	EXP 	prime_text: height = np.float64(0.05)
34.8021 	EXP 	prime_text: height = np.float64(0.05)
34.8021 	EXP 	prime_text: text = 'They have finished the work'
34.8021 	EXP 	target_text: height = np.float64(0.05)
34.8021 	EXP 	target_text: height = np.float64(0.05)
34.8021 	EXP 	target_text: height = np.float64(0.05)
34.8021 	EXP 	target_text: text = 'They have finished the work'
34.8072 	EXP 	fix_text: autoDraw = True
35.0434 	EXP 	fix_text: autoDraw = False
35.0563 	EXP 	blank1_bg: autoDraw = True
35.2432 	EXP 	blank1_bg: autoDraw = False
35.2563 	EXP 	prime_text: autoDraw = True
35.4435 	EXP 	prime_text: autoDraw = False
35.4563 	EXP 	blank2_bg: autoDraw = True
35.5435 	EXP 	blank2_bg: autoDraw = False
35.5564 	INFO 	Keyboard events cleared
35.5563 	EXP 	target_text: autoDraw = True
39.3906 	EXP 	Device response: <KeyPress from None: t=39.384040083008585, value=right, duration=None>
39.4110 	DATA 	Keypress: right
39.4154 	EXP 	fix_text: autoDraw = False
39.4154 	EXP 	blank1_bg: autoDraw = False
39.4154 	EXP 	prime_text: autoDraw = False
39.4154 	EXP 	blank2_bg: autoDraw = False
39.4154 	EXP 	target_text: autoDraw = False
39.4154 	EXP 	greenCircle: autoDraw = True
39.4154 	EXP 	redCrosss: autoDraw = True
39.4737 	EXP 	Device response: <KeyPress from None: t=39.384040083008585, value=right, duration=0.08601920799992513>
39.5895 	EXP 	blank3_bg: autoDraw = True
39.6109 	EXP 	greenCircle: autoDraw = False
39.6109 	EXP 	redCrosss: autoDraw = False
40.3732 	EXP 	New trial (rep=0, index=4): <Trial 4 (4 in rep 0) data={'prime': 'The dog is barking loudly', 'target': 'The dog barking is loudly', 'condition': 'transposition_related', 'correctAns': 'right', 'thisN': 4, 'thisTrialN': 4, 'thisRepN': 0}>
40.3861 	EXP 	blank3_bg: autoDraw = False
40.3861 	EXP 	blank3_bg: autoDraw = False
40.3861 	EXP 	greenCircle: autoDraw = False
40.3861 	EXP 	redCrosss: autoDraw = False
40.3861 	EXP 	prime_text: height = np.float64(0.05)
40.3861 	EXP 	prime_text: height = np.float64(0.05)
40.3861 	EXP 	prime_text: height = np.float64(0.05)
40.3861 	EXP 	prime_text: text = 'The dog is barking loudly'
40.3861 	EXP 	target_text: height = np.float64(0.05)
40.3861 	EXP 	target_text: height = np.float64(0.05)
40.3861 	EXP 	target_text: height = np.float64(0.05)
40.3861 	EXP 	target_text: text = 'The dog barking is loudly'
40.3904 	EXP 	fix_text: autoDraw = True
40.6265 	EXP 	fix_text: autoDraw = False
40.6394 	EXP 	blank1_bg: autoDraw = True
40.8265 	EXP 	blank1_bg: autoDraw = False
40.8394 	EXP 	prime_text: autoDraw = True
41.0265 	EXP 	prime_text: autoDraw = False
41.0394 	EXP 	blank2_bg: autoDraw = True
41.1265 	EXP 	blank2_bg: autoDraw = False
41.1397 	INFO 	Keyboard events cleared
41.1395 	EXP 	target_text: autoDraw = True
43.5457 	EXP 	Device response: <KeyPress from None: t=43.54232900000352, value=left, duration=None>
43.5522 	DATA 	Keypress: left
43.5579 	EXP 	fix_text: autoDraw = False
43.5579 	EXP 	blank1_bg: autoDraw = False
43.5579 	EXP 	prime_text: autoDraw = False
43.5579 	EXP 	blank2_bg: autoDraw = False
43.5579 	EXP 	target_text: autoDraw = False
43.5579 	EXP 	greenCircle: autoDraw = True
43.5579 	EXP 	redCrosss: autoDraw = True
43.6454 	EXP 	Device response: <KeyPress from None: t=43.54232900000352, value=left, duration=0.10196329100290313>
43.7477 	EXP 	blank3_bg: autoDraw = True
43.7557 	EXP 	greenCircle: autoDraw = False
43.7557 	EXP 	redCrosss: autoDraw = False
44.5403 	EXP 	New trial (rep=0, index=5): <Trial 5 (5 in rep 0) data={'prime': 'The dog is barking loudly', 'target': 'The loudly is barking dog', 'condition': 'repetition_unrelated', 'correctAns': 'left', 'thisN': 5, 'thisTrialN': 5, 'thisRepN': 0}>
44.5522 	EXP 	blank3_bg: autoDraw = False
44.5522 	EXP 	blank3_bg: autoDraw = False
44.5522 	EXP 	greenCircle: autoDraw = False
44.5522 	EXP 	redCrosss: autoDraw = False
44.5522 	EXP 	prime_text: text = 'The dog is barking loudly'
44.5522 	EXP 	target_text: height = np.float64(0.05)
44.5522 	EXP 	target_text: height = np.float64(0.05)
44.5522 	EXP 	target_text: height = np.float64(0.05)
44.5522 	EXP 	target_text: text = 'The loudly is barking dog'
44.5522 	EXP 	fix_text: autoDraw = True
44.7965 	EXP 	fix_text: autoDraw = False
44.7965 	EXP 	blank1_bg: autoDraw = True
44.9896 	EXP 	blank1_bg: autoDraw = False
44.9896 	EXP 	prime_text: autoDraw = True
45.1771 	EXP 	prime_text: autoDraw = False
45.1942 	EXP 	blank2_bg: autoDraw = True
45.2895 	EXP 	blank2_bg: autoDraw = False
45.2949 	INFO 	Keyboard events cleared
45.2947 	EXP 	target_text: autoDraw = True
46.8239 	EXP 	Device response: <KeyPress from None: t=46.817947500006994, value=left, duration=None>
46.8310 	DATA 	Keypress: left
46.8352 	EXP 	fix_text: autoDraw = False
46.8352 	EXP 	blank1_bg: autoDraw = False
46.8352 	EXP 	prime_text: autoDraw = False
46.8352 	EXP 	blank2_bg: autoDraw = False
46.8352 	EXP 	target_text: autoDraw = False
46.8352 	EXP 	greenCircle: autoDraw = True
46.8352 	EXP 	redCrosss: autoDraw = True
46.9074 	EXP 	Device response: <KeyPress from None: t=46.817947500006994, value=left, duration=0.08826362500258256>
47.0230 	EXP 	blank3_bg: autoDraw = True
47.0294 	EXP 	greenCircle: autoDraw = False
47.0294 	EXP 	redCrosss: autoDraw = False
47.8065 	EXP 	New trial (rep=0, index=6): <Trial 6 (6 in rep 0) data={'prime': 'The dog is barking loudly', 'target': 'The dog is barking loudly', 'condition': 'repetition_related', 'correctAns': 'right', 'thisN': 6, 'thisTrialN': 6, 'thisRepN': 0}>
47.8154 	EXP 	blank3_bg: autoDraw = False
47.8154 	EXP 	blank3_bg: autoDraw = False
47.8154 	EXP 	greenCircle: autoDraw = False
47.8154 	EXP 	redCrosss: autoDraw = False
47.8154 	EXP 	prime_text: text = 'The dog is barking loudly'
47.8154 	EXP 	target_text: height = np.float64(0.05)
47.8154 	EXP 	target_text: height = np.float64(0.05)
47.8154 	EXP 	target_text: height = np.float64(0.05)
47.8154 	EXP 	target_text: text = 'The dog is barking loudly'
47.8212 	EXP 	fix_text: autoDraw = True
48.0599 	EXP 	fix_text: autoDraw = False
48.0727 	EXP 	blank1_bg: autoDraw = True
48.2597 	EXP 	blank1_bg: autoDraw = False
48.2728 	EXP 	prime_text: autoDraw = True
48.4598 	EXP 	prime_text: autoDraw = False
48.4728 	EXP 	blank2_bg: autoDraw = True
48.5598 	EXP 	blank2_bg: autoDraw = False
48.5729 	INFO 	Keyboard events cleared
48.5727 	EXP 	target_text: autoDraw = True
50.1572 	EXP 	Device response: <KeyPress from None: t=50.14985579100903, value=right, duration=None>
50.1645 	DATA 	Keypress: right
50.1687 	EXP 	fix_text: autoDraw = False
50.1687 	EXP 	blank1_bg: autoDraw = False
50.1687 	EXP 	prime_text: autoDraw = False
50.1687 	EXP 	blank2_bg: autoDraw = False
50.1687 	EXP 	target_text: autoDraw = False
50.1687 	EXP 	greenCircle: autoDraw = True
50.1687 	EXP 	redCrosss: autoDraw = True
50.2618 	EXP 	Device response: <KeyPress from None: t=50.14985579100903, value=right, duration=0.10829699999885634>
50.3562 	EXP 	blank3_bg: autoDraw = True
50.3626 	EXP 	greenCircle: autoDraw = False
50.3626 	EXP 	redCrosss: autoDraw = False
51.1395 	EXP 	New trial (rep=0, index=7): <Trial 7 (7 in rep 0) data={'prime': 'The boy can read fast', 'target': 'The read can boy fast', 'condition': 'repetition_unrelated', 'correctAns': 'left', 'thisN': 7, 'thisTrialN': 7, 'thisRepN': 0}>
51.1514 	EXP 	blank3_bg: autoDraw = False
51.1514 	EXP 	blank3_bg: autoDraw = False
51.1514 	EXP 	greenCircle: autoDraw = False
51.1514 	EXP 	redCrosss: autoDraw = False
51.1514 	EXP 	prime_text: height = np.float64(0.05)
51.1514 	EXP 	prime_text: height = np.float64(0.05)
51.1514 	EXP 	prime_text: height = np.float64(0.05)
51.1514 	EXP 	prime_text: text = 'The boy can read fast'
51.1514 	EXP 	target_text: height = np.float64(0.05)
51.1514 	EXP 	target_text: height = np.float64(0.05)
51.1514 	EXP 	target_text: height = np.float64(0.05)
51.1514 	EXP 	target_text: text = 'The read can boy fast'
51.1570 	EXP 	fix_text: autoDraw = True
51.3933 	EXP 	fix_text: autoDraw = False
51.4062 	EXP 	blank1_bg: autoDraw = True
51.5930 	EXP 	blank1_bg: autoDraw = False
51.6062 	EXP 	prime_text: autoDraw = True
51.7932 	EXP 	prime_text: autoDraw = False
51.8062 	EXP 	blank2_bg: autoDraw = True
51.8932 	EXP 	blank2_bg: autoDraw = False
51.9063 	INFO 	Keyboard events cleared
51.9061 	EXP 	target_text: autoDraw = True
53.4904 	EXP 	Device response: <KeyPress from None: t=53.48478154100303, value=left, duration=None>
53.4969 	DATA 	Keypress: left
53.5012 	EXP 	fix_text: autoDraw = False
53.5012 	EXP 	blank1_bg: autoDraw = False
53.5012 	EXP 	prime_text: autoDraw = False
53.5012 	EXP 	blank2_bg: autoDraw = False
53.5012 	EXP 	target_text: autoDraw = False
53.5012 	EXP 	greenCircle: autoDraw = True
53.5012 	EXP 	redCrosss: autoDraw = True
53.6068 	EXP 	Device response: <KeyPress from None: t=53.48478154100303, value=left, duration=0.11633058400184382>
53.6895 	EXP 	blank3_bg: autoDraw = True
53.6958 	EXP 	greenCircle: autoDraw = False
53.6958 	EXP 	redCrosss: autoDraw = False
54.4731 	EXP 	New trial (rep=0, index=8): <Trial 8 (8 in rep 0) data={'prime': 'She does not like apples', 'target': 'She not does like apples', 'condition': 'repetition_unrelated', 'correctAns': 'left', 'thisN': 8, 'thisTrialN': 8, 'thisRepN': 0}>
54.4851 	EXP 	blank3_bg: autoDraw = False
54.4851 	EXP 	blank3_bg: autoDraw = False
54.4851 	EXP 	greenCircle: autoDraw = False
54.4851 	EXP 	redCrosss: autoDraw = False
54.4851 	EXP 	prime_text: height = np.float64(0.05)
54.4851 	EXP 	prime_text: height = np.float64(0.05)
54.4851 	EXP 	prime_text: height = np.float64(0.05)
54.4851 	EXP 	prime_text: text = 'She does not like apples'
54.4851 	EXP 	target_text: height = np.float64(0.05)
54.4851 	EXP 	target_text: height = np.float64(0.05)
54.4851 	EXP 	target_text: height = np.float64(0.05)
54.4851 	EXP 	target_text: text = 'She not does like apples'
54.4903 	EXP 	fix_text: autoDraw = True
54.7266 	EXP 	fix_text: autoDraw = False
54.7394 	EXP 	blank1_bg: autoDraw = True
54.9266 	EXP 	blank1_bg: autoDraw = False
54.9394 	EXP 	prime_text: autoDraw = True
55.1266 	EXP 	prime_text: autoDraw = False
55.1395 	EXP 	blank2_bg: autoDraw = True
55.2265 	EXP 	blank2_bg: autoDraw = False
55.2397 	INFO 	Keyboard events cleared
55.2396 	EXP 	target_text: autoDraw = True
57.3071 	EXP 	Device response: <KeyPress from None: t=57.3026896250085, value=right, duration=None>
57.3135 	DATA 	Keypress: right
57.3178 	EXP 	fix_text: autoDraw = False
57.3178 	EXP 	blank1_bg: autoDraw = False
57.3178 	EXP 	prime_text: autoDraw = False
57.3178 	EXP 	blank2_bg: autoDraw = False
57.3178 	EXP 	target_text: autoDraw = False
57.3178 	EXP 	greenCircle: autoDraw = True
57.3178 	EXP 	redCrosss: autoDraw = True
57.4571 	EXP 	Device response: <KeyPress from None: t=57.3026896250085, value=right, duration=0.14831854098883923>
57.5063 	EXP 	blank3_bg: autoDraw = True
57.5128 	EXP 	greenCircle: autoDraw = False
57.5128 	EXP 	redCrosss: autoDraw = False
58.2900 	EXP 	New trial (rep=0, index=9): <Trial 9 (9 in rep 0) data={'prime': 'She does not like apples', 'target': 'She like does apples not', 'condition': 'transposition_unrelated', 'correctAns': 'left', 'thisN': 9, 'thisTrialN': 9, 'thisRepN': 0}>
58.2992 	EXP 	blank3_bg: autoDraw = False
58.2992 	EXP 	blank3_bg: autoDraw = False
58.2992 	EXP 	greenCircle: autoDraw = False
58.2992 	EXP 	redCrosss: autoDraw = False
58.2992 	EXP 	prime_text: text = 'She does not like apples'
58.2992 	EXP 	target_text: height = np.float64(0.05)
58.2992 	EXP 	target_text: height = np.float64(0.05)
58.2992 	EXP 	target_text: height = np.float64(0.05)
58.2992 	EXP 	target_text: text = 'She like does apples not'
58.3044 	EXP 	fix_text: autoDraw = True
58.5431 	EXP 	fix_text: autoDraw = False
58.5562 	EXP 	blank1_bg: autoDraw = True
58.7431 	EXP 	blank1_bg: autoDraw = False
58.7562 	EXP 	prime_text: autoDraw = True
58.9432 	EXP 	prime_text: autoDraw = False
58.9562 	EXP 	blank2_bg: autoDraw = True
59.0433 	EXP 	blank2_bg: autoDraw = False
59.0563 	INFO 	Keyboard events cleared
59.0561 	EXP 	target_text: autoDraw = True
60.5073 	EXP 	Device response: <KeyPress from None: t=60.5045959160052, value=left, duration=None>
60.5139 	DATA 	Keypress: left
60.5186 	EXP 	fix_text: autoDraw = False
60.5186 	EXP 	blank1_bg: autoDraw = False
60.5186 	EXP 	prime_text: autoDraw = False
60.5186 	EXP 	blank2_bg: autoDraw = False
60.5186 	EXP 	target_text: autoDraw = False
60.5186 	EXP 	greenCircle: autoDraw = True
60.5186 	EXP 	redCrosss: autoDraw = True
60.6573 	EXP 	Device response: <KeyPress from None: t=60.5045959160052, value=left, duration=0.14020749999326654>
60.7061 	EXP 	blank3_bg: autoDraw = True
60.7124 	EXP 	greenCircle: autoDraw = False
60.7124 	EXP 	redCrosss: autoDraw = False
61.4898 	EXP 	New trial (rep=0, index=10): <Trial 10 (10 in rep 0) data={'prime': 'The boy can read fast', 'target': 'The read can boy fast', 'condition': 'transposition_unrelated', 'correctAns': 'left', 'thisN': 10, 'thisTrialN': 10, 'thisRepN': 0}>
61.5023 	EXP 	blank3_bg: autoDraw = False
61.5023 	EXP 	blank3_bg: autoDraw = False
61.5023 	EXP 	greenCircle: autoDraw = False
61.5023 	EXP 	redCrosss: autoDraw = False
61.5023 	EXP 	prime_text: height = np.float64(0.05)
61.5023 	EXP 	prime_text: height = np.float64(0.05)
61.5023 	EXP 	prime_text: height = np.float64(0.05)
61.5023 	EXP 	prime_text: text = 'The boy can read fast'
61.5023 	EXP 	target_text: height = np.float64(0.05)
61.5023 	EXP 	target_text: height = np.float64(0.05)
61.5023 	EXP 	target_text: height = np.float64(0.05)
61.5023 	EXP 	target_text: text = 'The read can boy fast'
61.5073 	EXP 	fix_text: autoDraw = True
61.7561 	EXP 	fix_text: autoDraw = False
61.7561 	EXP 	blank1_bg: autoDraw = True
61.9430 	EXP 	blank1_bg: autoDraw = False
61.9561 	EXP 	prime_text: autoDraw = True
62.1433 	EXP 	prime_text: autoDraw = False
62.1562 	EXP 	blank2_bg: autoDraw = True
62.2432 	EXP 	blank2_bg: autoDraw = False
62.2562 	INFO 	Keyboard events cleared
62.2561 	EXP 	target_text: autoDraw = True
63.9405 	EXP 	Device response: <KeyPress from None: t=63.931834041010006, value=left, duration=None>
63.9470 	DATA 	Keypress: left
63.9512 	EXP 	fix_text: autoDraw = False
63.9512 	EXP 	blank1_bg: autoDraw = False
63.9512 	EXP 	prime_text: autoDraw = False
63.9512 	EXP 	blank2_bg: autoDraw = False
63.9512 	EXP 	target_text: autoDraw = False
63.9512 	EXP 	greenCircle: autoDraw = True
63.9512 	EXP 	redCrosss: autoDraw = True
64.0116 	EXP 	Device response: <KeyPress from None: t=63.931834041010006, value=left, duration=0.07602145899727475>
64.1395 	EXP 	blank3_bg: autoDraw = True
64.1460 	EXP 	greenCircle: autoDraw = False
64.1460 	EXP 	redCrosss: autoDraw = False
64.9232 	EXP 	New trial (rep=0, index=11): <Trial 11 (11 in rep 0) data={'prime': 'The dog is barking loudly', 'target': 'The barking dog loudly is', 'condition': 'transposition_unrelated', 'correctAns': 'left', 'thisN': 11, 'thisTrialN': 11, 'thisRepN': 0}>
64.9361 	EXP 	blank3_bg: autoDraw = False
64.9361 	EXP 	blank3_bg: autoDraw = False
64.9361 	EXP 	greenCircle: autoDraw = False
64.9361 	EXP 	redCrosss: autoDraw = False
64.9361 	EXP 	prime_text: height = np.float64(0.05)
64.9361 	EXP 	prime_text: height = np.float64(0.05)
64.9361 	EXP 	prime_text: height = np.float64(0.05)
64.9361 	EXP 	prime_text: text = 'The dog is barking loudly'
64.9361 	EXP 	target_text: height = np.float64(0.05)
64.9361 	EXP 	target_text: height = np.float64(0.05)
64.9361 	EXP 	target_text: height = np.float64(0.05)
64.9361 	EXP 	target_text: text = 'The barking dog loudly is'
64.9405 	EXP 	fix_text: autoDraw = True
65.1766 	EXP 	fix_text: autoDraw = False
65.1895 	EXP 	blank1_bg: autoDraw = True
65.3764 	EXP 	blank1_bg: autoDraw = False
65.3895 	EXP 	prime_text: autoDraw = True
65.5764 	EXP 	prime_text: autoDraw = False
65.5895 	EXP 	blank2_bg: autoDraw = True
65.6765 	EXP 	blank2_bg: autoDraw = False
65.6896 	INFO 	Keyboard events cleared
65.6894 	EXP 	target_text: autoDraw = True
68.3073 	EXP 	Device response: <KeyPress from None: t=68.30310004099738, value=left, duration=None>
68.3142 	DATA 	Keypress: left
68.3184 	EXP 	fix_text: autoDraw = False
68.3184 	EXP 	blank1_bg: autoDraw = False
68.3184 	EXP 	prime_text: autoDraw = False
68.3184 	EXP 	blank2_bg: autoDraw = False
68.3184 	EXP 	target_text: autoDraw = False
68.3184 	EXP 	greenCircle: autoDraw = True
68.3184 	EXP 	redCrosss: autoDraw = True
68.4237 	EXP 	Device response: <KeyPress from None: t=68.30310004099738, value=left, duration=0.11800037500506733>
68.5061 	EXP 	blank3_bg: autoDraw = True
68.5126 	EXP 	greenCircle: autoDraw = False
68.5126 	EXP 	redCrosss: autoDraw = False
69.2898 	EXP 	New trial (rep=0, index=12): <Trial 12 (12 in rep 0) data={'prime': 'She does not like apples', 'target': 'She not does like apples', 'condition': 'transposition_related', 'correctAns': 'right', 'thisN': 12, 'thisTrialN': 12, 'thisRepN': 0}>
69.3031 	EXP 	blank3_bg: autoDraw = False
69.3031 	EXP 	blank3_bg: autoDraw = False
69.3031 	EXP 	greenCircle: autoDraw = False
69.3031 	EXP 	redCrosss: autoDraw = False
69.3031 	EXP 	prime_text: height = np.float64(0.05)
69.3031 	EXP 	prime_text: height = np.float64(0.05)
69.3031 	EXP 	prime_text: height = np.float64(0.05)
69.3031 	EXP 	prime_text: text = 'She does not like apples'
69.3031 	EXP 	target_text: height = np.float64(0.05)
69.3031 	EXP 	target_text: height = np.float64(0.05)
69.3031 	EXP 	target_text: height = np.float64(0.05)
69.3031 	EXP 	target_text: text = 'She not does like apples'
69.3076 	EXP 	fix_text: autoDraw = True
69.5561 	EXP 	fix_text: autoDraw = False
69.5561 	EXP 	blank1_bg: autoDraw = True
69.7431 	EXP 	blank1_bg: autoDraw = False
69.7560 	EXP 	prime_text: autoDraw = True
69.9434 	EXP 	prime_text: autoDraw = False
69.9560 	EXP 	blank2_bg: autoDraw = True
70.0435 	EXP 	blank2_bg: autoDraw = False
70.0563 	INFO 	Keyboard events cleared
70.0562 	EXP 	target_text: autoDraw = True
71.1905 	EXP 	Device response: <KeyPress from None: t=71.18867445799697, value=left, duration=None>
71.1971 	DATA 	Keypress: left
71.2013 	EXP 	fix_text: autoDraw = False
71.2013 	EXP 	blank1_bg: autoDraw = False
71.2013 	EXP 	prime_text: autoDraw = False
71.2013 	EXP 	blank2_bg: autoDraw = False
71.2013 	EXP 	target_text: autoDraw = False
71.2013 	EXP 	greenCircle: autoDraw = True
71.2013 	EXP 	redCrosss: autoDraw = True
71.3071 	EXP 	Device response: <KeyPress from None: t=71.18867445799697, value=left, duration=0.11634350000531413>
71.3894 	EXP 	blank3_bg: autoDraw = True
71.3958 	EXP 	greenCircle: autoDraw = False
71.3958 	EXP 	redCrosss: autoDraw = False
72.1732 	EXP 	New trial (rep=0, index=13): <Trial 13 (13 in rep 0) data={'prime': 'They have finished the work', 'target': 'They finished have the work', 'condition': 'repetition_unrelated', 'correctAns': 'left', 'thisN': 13, 'thisTrialN': 13, 'thisRepN': 0}>
72.1862 	EXP 	blank3_bg: autoDraw = False
72.1862 	EXP 	blank3_bg: autoDraw = False
72.1862 	EXP 	greenCircle: autoDraw = False
72.1862 	EXP 	redCrosss: autoDraw = False
72.1862 	EXP 	prime_text: height = np.float64(0.05)
72.1862 	EXP 	prime_text: height = np.float64(0.05)
72.1862 	EXP 	prime_text: height = np.float64(0.05)
72.1862 	EXP 	prime_text: text = 'They have finished the work'
72.1862 	EXP 	target_text: height = np.float64(0.05)
72.1862 	EXP 	target_text: height = np.float64(0.05)
72.1862 	EXP 	target_text: height = np.float64(0.05)
72.1862 	EXP 	target_text: text = 'They finished have the work'
72.1906 	EXP 	fix_text: autoDraw = True
72.4394 	EXP 	fix_text: autoDraw = False
72.4394 	EXP 	blank1_bg: autoDraw = True
72.6263 	EXP 	blank1_bg: autoDraw = False
72.6394 	EXP 	prime_text: autoDraw = True
72.8265 	EXP 	prime_text: autoDraw = False
72.8394 	EXP 	blank2_bg: autoDraw = True
72.9264 	EXP 	blank2_bg: autoDraw = False
72.9392 	INFO 	Keyboard events cleared
72.9390 	EXP 	target_text: autoDraw = True
74.4627 	EXP 	Device response: <KeyPress from None: t=74.459604165997, value=left, duration=None>
74.4691 	DATA 	Keypress: left
74.4746 	EXP 	fix_text: autoDraw = False
74.4746 	EXP 	blank1_bg: autoDraw = False
74.4746 	EXP 	prime_text: autoDraw = False
74.4746 	EXP 	blank2_bg: autoDraw = False
74.4746 	EXP 	target_text: autoDraw = False
74.4746 	EXP 	greenCircle: autoDraw = True
74.4746 	EXP 	redCrosss: autoDraw = True
74.5905 	EXP 	Device response: <KeyPress from None: t=74.459604165997, value=left, duration=0.12830879200191703>
74.6635 	EXP 	blank3_bg: autoDraw = True
74.6711 	EXP 	greenCircle: autoDraw = False
74.6711 	EXP 	redCrosss: autoDraw = False
75.4565 	EXP 	New trial (rep=0, index=14): <Trial 14 (14 in rep 0) data={'prime': 'They have finished the work', 'target': 'They work the have finished', 'condition': 'transposition_unrelated', 'correctAns': 'left', 'thisN': 14, 'thisTrialN': 14, 'thisRepN': 0}>
75.4660 	EXP 	blank3_bg: autoDraw = False
75.4660 	EXP 	blank3_bg: autoDraw = False
75.4660 	EXP 	greenCircle: autoDraw = False
75.4660 	EXP 	redCrosss: autoDraw = False
75.4660 	EXP 	prime_text: text = 'They have finished the work'
75.4660 	EXP 	target_text: height = np.float64(0.05)
75.4660 	EXP 	target_text: height = np.float64(0.05)
75.4660 	EXP 	target_text: height = np.float64(0.05)
75.4660 	EXP 	target_text: text = 'They work the have finished'
75.4660 	EXP 	fix_text: autoDraw = True
75.7119 	EXP 	fix_text: autoDraw = False
75.7119 	EXP 	blank1_bg: autoDraw = True
75.9060 	EXP 	blank1_bg: autoDraw = False
75.9060 	EXP 	prime_text: autoDraw = True
76.0931 	EXP 	prime_text: autoDraw = False
76.1107 	EXP 	blank2_bg: autoDraw = True
76.2061 	EXP 	blank2_bg: autoDraw = False
76.2113 	INFO 	Keyboard events cleared
76.2111 	EXP 	target_text: autoDraw = True
78.1738 	EXP 	Device response: <KeyPress from None: t=78.16546008300793, value=left, duration=None>
78.1814 	DATA 	Keypress: left
78.1856 	EXP 	fix_text: autoDraw = False
78.1856 	EXP 	blank1_bg: autoDraw = False
78.1856 	EXP 	prime_text: autoDraw = False
78.1856 	EXP 	blank2_bg: autoDraw = False
78.1856 	EXP 	target_text: autoDraw = False
78.1856 	EXP 	greenCircle: autoDraw = True
78.1856 	EXP 	redCrosss: autoDraw = True
78.2737 	EXP 	Device response: <KeyPress from None: t=78.16546008300793, value=left, duration=0.10434141699806787>
78.3729 	EXP 	blank3_bg: autoDraw = True
78.3792 	EXP 	greenCircle: autoDraw = False
78.3792 	EXP 	redCrosss: autoDraw = False
79.1624 	EXP 	New trial (rep=0, index=15): <Trial 15 (15 in rep 0) data={'prime': 'The boy can read fast', 'target': 'The boy can read fast', 'condition': 'repetition_related', 'correctAns': 'right', 'thisN': 15, 'thisTrialN': 15, 'thisRepN': 0}>
79.1751 	EXP 	blank3_bg: autoDraw = False
79.1751 	EXP 	blank3_bg: autoDraw = False
79.1751 	EXP 	greenCircle: autoDraw = False
79.1751 	EXP 	redCrosss: autoDraw = False
79.1751 	EXP 	prime_text: height = np.float64(0.05)
79.1751 	EXP 	prime_text: height = np.float64(0.05)
79.1751 	EXP 	prime_text: height = np.float64(0.05)
79.1751 	EXP 	prime_text: text = 'The boy can read fast'
79.1751 	EXP 	target_text: height = np.float64(0.05)
79.1751 	EXP 	target_text: height = np.float64(0.05)
79.1751 	EXP 	target_text: height = np.float64(0.05)
79.1751 	EXP 	target_text: text = 'The boy can read fast'
79.1751 	EXP 	fix_text: autoDraw = True
79.4228 	EXP 	fix_text: autoDraw = False
79.4228 	EXP 	blank1_bg: autoDraw = True
79.6097 	EXP 	blank1_bg: autoDraw = False
79.6227 	EXP 	prime_text: autoDraw = True
79.8098 	EXP 	prime_text: autoDraw = False
79.8227 	EXP 	blank2_bg: autoDraw = True
79.9099 	EXP 	blank2_bg: autoDraw = False
79.9229 	INFO 	Keyboard events cleared
79.9228 	EXP 	target_text: autoDraw = True
81.1905 	EXP 	Device response: <KeyPress from None: t=81.18142483300471, value=left, duration=None>
81.1970 	DATA 	Keypress: left
81.2011 	EXP 	fix_text: autoDraw = False
81.2011 	EXP 	blank1_bg: autoDraw = False
81.2011 	EXP 	prime_text: autoDraw = False
81.2011 	EXP 	blank2_bg: autoDraw = False
81.2011 	EXP 	target_text: autoDraw = False
81.2011 	EXP 	greenCircle: autoDraw = True
81.2011 	EXP 	redCrosss: autoDraw = True
81.2907 	EXP 	Device response: <KeyPress from None: t=81.18142483300471, value=left, duration=0.10431395799969323>
81.3894 	EXP 	blank3_bg: autoDraw = True
81.3959 	EXP 	greenCircle: autoDraw = False
81.3959 	EXP 	redCrosss: autoDraw = False
82.1725 	EXP 	New trial (rep=1, index=0): <Trial 16 (0 in rep 1) data={'prime': 'The boy can read fast', 'target': 'The read can boy fast', 'condition': 'repetition_unrelated', 'correctAns': 'left', 'thisN': 16, 'thisTrialN': 0, 'thisRepN': 1}>
82.1817 	EXP 	blank3_bg: autoDraw = False
82.1817 	EXP 	blank3_bg: autoDraw = False
82.1817 	EXP 	greenCircle: autoDraw = False
82.1817 	EXP 	redCrosss: autoDraw = False
82.1817 	EXP 	prime_text: text = 'The boy can read fast'
82.1817 	EXP 	target_text: height = np.float64(0.05)
82.1817 	EXP 	target_text: height = np.float64(0.05)
82.1817 	EXP 	target_text: height = np.float64(0.05)
82.1817 	EXP 	target_text: text = 'The read can boy fast'
82.1883 	EXP 	fix_text: autoDraw = True
82.4269 	EXP 	fix_text: autoDraw = False
82.4398 	EXP 	blank1_bg: autoDraw = True
82.6271 	EXP 	blank1_bg: autoDraw = False
82.6398 	EXP 	prime_text: autoDraw = True
82.8269 	EXP 	prime_text: autoDraw = False
82.8396 	EXP 	blank2_bg: autoDraw = True
82.9270 	EXP 	blank2_bg: autoDraw = False
82.9398 	INFO 	Keyboard events cleared
82.9396 	EXP 	target_text: autoDraw = True
85.1619 	EXP 	Device response: <KeyPress from None: t=85.15623812499689, value=left, duration=None>
85.1693 	DATA 	Keypress: left
85.1744 	EXP 	fix_text: autoDraw = False
85.1744 	EXP 	blank1_bg: autoDraw = False
85.1744 	EXP 	prime_text: autoDraw = False
85.1744 	EXP 	blank2_bg: autoDraw = False
85.1744 	EXP 	target_text: autoDraw = False
85.1744 	EXP 	greenCircle: autoDraw = True
85.1744 	EXP 	redCrosss: autoDraw = True
85.2738 	EXP 	Device response: <KeyPress from None: t=85.15623812499689, value=left, duration=0.10838783301005606>
85.3636 	EXP 	blank3_bg: autoDraw = True
85.3715 	EXP 	greenCircle: autoDraw = False
85.3715 	EXP 	redCrosss: autoDraw = False
86.1564 	EXP 	New trial (rep=1, index=1): <Trial 17 (1 in rep 1) data={'prime': 'The boy can read fast', 'target': 'The read can boy fast', 'condition': 'transposition_unrelated', 'correctAns': 'left', 'thisN': 17, 'thisTrialN': 1, 'thisRepN': 1}>
86.1616 	EXP 	blank3_bg: autoDraw = False
86.1616 	EXP 	blank3_bg: autoDraw = False
86.1616 	EXP 	greenCircle: autoDraw = False
86.1616 	EXP 	redCrosss: autoDraw = False
86.1616 	EXP 	prime_text: text = 'The boy can read fast'
86.1616 	EXP 	target_text: text = 'The read can boy fast'
86.1616 	EXP 	fix_text: autoDraw = True
86.4124 	EXP 	fix_text: autoDraw = False
86.4124 	EXP 	blank1_bg: autoDraw = True
86.6060 	EXP 	blank1_bg: autoDraw = False
86.6060 	EXP 	prime_text: autoDraw = True
86.7932 	EXP 	prime_text: autoDraw = False
86.8108 	EXP 	blank2_bg: autoDraw = True
86.9060 	EXP 	blank2_bg: autoDraw = False
86.9110 	INFO 	Keyboard events cleared
86.9108 	EXP 	target_text: autoDraw = True
88.6947 	EXP 	Device response: <KeyPress from None: t=88.69329629100685, value=left, duration=None>
88.7013 	DATA 	Keypress: left
88.7057 	EXP 	fix_text: autoDraw = False
88.7057 	EXP 	blank1_bg: autoDraw = False
88.7057 	EXP 	prime_text: autoDraw = False
88.7057 	EXP 	blank2_bg: autoDraw = False
88.7057 	EXP 	target_text: autoDraw = False
88.7057 	EXP 	greenCircle: autoDraw = True
88.7057 	EXP 	redCrosss: autoDraw = True
88.8070 	EXP 	Device response: <KeyPress from None: t=88.69329629100685, value=left, duration=0.1082978749909671>
88.8962 	EXP 	blank3_bg: autoDraw = True
88.8962 	EXP 	greenCircle: autoDraw = False
88.8962 	EXP 	redCrosss: autoDraw = False
89.6794 	EXP 	New trial (rep=1, index=2): <Trial 18 (2 in rep 1) data={'prime': 'The dog is barking loudly', 'target': 'The loudly is barking dog', 'condition': 'repetition_unrelated', 'correctAns': 'left', 'thisN': 18, 'thisTrialN': 2, 'thisRepN': 1}>
89.6926 	EXP 	blank3_bg: autoDraw = False
89.6926 	EXP 	blank3_bg: autoDraw = False
89.6926 	EXP 	greenCircle: autoDraw = False
89.6926 	EXP 	redCrosss: autoDraw = False
89.6926 	EXP 	prime_text: height = np.float64(0.05)
89.6926 	EXP 	prime_text: height = np.float64(0.05)
89.6926 	EXP 	prime_text: height = np.float64(0.05)
89.6926 	EXP 	prime_text: text = 'The dog is barking loudly'
89.6926 	EXP 	target_text: height = np.float64(0.05)
89.6926 	EXP 	target_text: height = np.float64(0.05)
89.6926 	EXP 	target_text: height = np.float64(0.05)
89.6926 	EXP 	target_text: text = 'The loudly is barking dog'
89.6926 	EXP 	fix_text: autoDraw = True
89.9393 	EXP 	fix_text: autoDraw = False
89.9457 	EXP 	blank1_bg: autoDraw = True
90.1392 	EXP 	blank1_bg: autoDraw = False
90.1392 	EXP 	prime_text: autoDraw = True
90.3265 	EXP 	prime_text: autoDraw = False
90.3441 	EXP 	blank2_bg: autoDraw = True
90.4393 	EXP 	blank2_bg: autoDraw = False
90.4453 	INFO 	Keyboard events cleared
90.4451 	EXP 	target_text: autoDraw = True
91.9799 	EXP 	Device response: <KeyPress from None: t=91.97620904100768, value=left, duration=None>
91.9863 	DATA 	Keypress: left
91.9910 	EXP 	fix_text: autoDraw = False
91.9910 	EXP 	blank1_bg: autoDraw = False
91.9910 	EXP 	prime_text: autoDraw = False
91.9910 	EXP 	blank2_bg: autoDraw = False
91.9910 	EXP 	target_text: autoDraw = False
91.9910 	EXP 	greenCircle: autoDraw = True
91.9910 	EXP 	redCrosss: autoDraw = True
92.0904 	EXP 	Device response: <KeyPress from None: t=91.97620904100768, value=left, duration=0.1083499169908464>
92.1801 	EXP 	blank3_bg: autoDraw = True
92.1882 	EXP 	greenCircle: autoDraw = False
92.1882 	EXP 	redCrosss: autoDraw = False
92.9631 	EXP 	New trial (rep=1, index=3): <Trial 19 (3 in rep 1) data={'prime': 'They have finished the work', 'target': 'They have finished the work', 'condition': 'repetition_related', 'correctAns': 'right', 'thisN': 19, 'thisTrialN': 3, 'thisRepN': 1}>
92.9765 	EXP 	blank3_bg: autoDraw = False
92.9765 	EXP 	blank3_bg: autoDraw = False
92.9765 	EXP 	greenCircle: autoDraw = False
92.9765 	EXP 	redCrosss: autoDraw = False
92.9765 	EXP 	prime_text: height = np.float64(0.05)
92.9765 	EXP 	prime_text: height = np.float64(0.05)
92.9765 	EXP 	prime_text: height = np.float64(0.05)
92.9765 	EXP 	prime_text: text = 'They have finished the work'
92.9765 	EXP 	target_text: height = np.float64(0.05)
92.9765 	EXP 	target_text: height = np.float64(0.05)
92.9765 	EXP 	target_text: height = np.float64(0.05)
92.9765 	EXP 	target_text: text = 'They have finished the work'
92.9765 	EXP 	fix_text: autoDraw = True
93.2227 	EXP 	fix_text: autoDraw = False
93.2291 	EXP 	blank1_bg: autoDraw = True
93.4227 	EXP 	blank1_bg: autoDraw = False
93.4276 	EXP 	prime_text: autoDraw = True
93.6262 	EXP 	prime_text: autoDraw = False
93.6262 	EXP 	blank2_bg: autoDraw = True
93.7221 	EXP 	blank2_bg: autoDraw = False
93.7272 	INFO 	Keyboard events cleared
93.7269 	EXP 	target_text: autoDraw = True
95.5904 	EXP 	Device response: <KeyPress from None: t=95.58808358300303, value=right, duration=None>
95.5974 	DATA 	Keypress: right
95.6018 	EXP 	fix_text: autoDraw = False
95.6018 	EXP 	blank1_bg: autoDraw = False
95.6018 	EXP 	prime_text: autoDraw = False
95.6018 	EXP 	blank2_bg: autoDraw = False
95.6018 	EXP 	target_text: autoDraw = False
95.6018 	EXP 	greenCircle: autoDraw = True
95.6018 	EXP 	redCrosss: autoDraw = True
95.6905 	EXP 	Device response: <KeyPress from None: t=95.58808358300303, value=right, duration=0.10030979200382717>
95.7896 	EXP 	blank3_bg: autoDraw = True
95.7961 	EXP 	greenCircle: autoDraw = False
95.7961 	EXP 	redCrosss: autoDraw = False
96.5732 	EXP 	New trial (rep=1, index=4): <Trial 20 (4 in rep 1) data={'prime': 'She does not like apples', 'target': 'She not does like apples', 'condition': 'repetition_unrelated', 'correctAns': 'left', 'thisN': 20, 'thisTrialN': 4, 'thisRepN': 1}>
96.5866 	EXP 	blank3_bg: autoDraw = False
96.5866 	EXP 	blank3_bg: autoDraw = False
96.5866 	EXP 	greenCircle: autoDraw = False
96.5866 	EXP 	redCrosss: autoDraw = False
96.5866 	EXP 	prime_text: height = np.float64(0.05)
96.5866 	EXP 	prime_text: height = np.float64(0.05)
96.5866 	EXP 	prime_text: height = np.float64(0.05)
96.5866 	EXP 	prime_text: text = 'She does not like apples'
96.5866 	EXP 	target_text: height = np.float64(0.05)
96.5866 	EXP 	target_text: height = np.float64(0.05)
96.5866 	EXP 	target_text: height = np.float64(0.05)
96.5866 	EXP 	target_text: text = 'She not does like apples'
96.5912 	EXP 	fix_text: autoDraw = True
96.8395 	EXP 	fix_text: autoDraw = False
96.8395 	EXP 	blank1_bg: autoDraw = True
97.0258 	EXP 	blank1_bg: autoDraw = False
97.0395 	EXP 	prime_text: autoDraw = True
97.2264 	EXP 	prime_text: autoDraw = False
97.2395 	EXP 	blank2_bg: autoDraw = True
97.3266 	EXP 	blank2_bg: autoDraw = False
97.3396 	INFO 	Keyboard events cleared
97.3394 	EXP 	target_text: autoDraw = True
100.2572 	EXP 	Device response: <KeyPress from None: t=100.24960866599577, value=left, duration=None>
100.2642 	DATA 	Keypress: left
100.2687 	EXP 	fix_text: autoDraw = False
100.2687 	EXP 	blank1_bg: autoDraw = False
100.2687 	EXP 	prime_text: autoDraw = False
100.2687 	EXP 	blank2_bg: autoDraw = False
100.2687 	EXP 	target_text: autoDraw = False
100.2687 	EXP 	greenCircle: autoDraw = True
100.2687 	EXP 	redCrosss: autoDraw = True
100.3452 	EXP 	Device response: <KeyPress from None: t=100.24960866599577, value=left, duration=0.09391958400374278>
100.4562 	EXP 	blank3_bg: autoDraw = True
100.4628 	EXP 	greenCircle: autoDraw = False
100.4628 	EXP 	redCrosss: autoDraw = False
101.2393 	EXP 	New trial (rep=1, index=5): <Trial 21 (5 in rep 1) data={'prime': 'They have finished the work', 'target': 'They finished have the work', 'condition': 'repetition_unrelated', 'correctAns': 'left', 'thisN': 21, 'thisTrialN': 5, 'thisRepN': 1}>
101.2528 	EXP 	blank3_bg: autoDraw = False
101.2528 	EXP 	blank3_bg: autoDraw = False
101.2528 	EXP 	greenCircle: autoDraw = False
101.2528 	EXP 	redCrosss: autoDraw = False
101.2528 	EXP 	prime_text: height = np.float64(0.05)
101.2528 	EXP 	prime_text: height = np.float64(0.05)
101.2528 	EXP 	prime_text: height = np.float64(0.05)
101.2528 	EXP 	prime_text: text = 'They have finished the work'
101.2528 	EXP 	target_text: height = np.float64(0.05)
101.2528 	EXP 	target_text: height = np.float64(0.05)
101.2528 	EXP 	target_text: height = np.float64(0.05)
101.2528 	EXP 	target_text: text = 'They finished have the work'
101.2575 	EXP 	fix_text: autoDraw = True
101.5062 	EXP 	fix_text: autoDraw = False
101.5062 	EXP 	blank1_bg: autoDraw = True
101.6931 	EXP 	blank1_bg: autoDraw = False
101.7062 	EXP 	prime_text: autoDraw = True
101.8933 	EXP 	prime_text: autoDraw = False
101.9061 	EXP 	blank2_bg: autoDraw = True
101.9933 	EXP 	blank2_bg: autoDraw = False
102.0063 	INFO 	Keyboard events cleared
102.0061 	EXP 	target_text: autoDraw = True
104.2071 	EXP 	Device response: <KeyPress from None: t=104.20515545799572, value=left, duration=None>
104.2143 	DATA 	Keypress: left
104.2186 	EXP 	fix_text: autoDraw = False
104.2186 	EXP 	blank1_bg: autoDraw = False
104.2186 	EXP 	prime_text: autoDraw = False
104.2186 	EXP 	blank2_bg: autoDraw = False
104.2186 	EXP 	target_text: autoDraw = False
104.2186 	EXP 	greenCircle: autoDraw = True
104.2186 	EXP 	redCrosss: autoDraw = True
104.3239 	EXP 	Device response: <KeyPress from None: t=104.20515545799572, value=left, duration=0.10831200001121033>
104.4061 	EXP 	blank3_bg: autoDraw = True
104.4127 	EXP 	greenCircle: autoDraw = False
104.4127 	EXP 	redCrosss: autoDraw = False
105.1892 	EXP 	New trial (rep=1, index=6): <Trial 22 (6 in rep 1) data={'prime': 'The boy can read fast', 'target': 'The boy can read fast', 'condition': 'repetition_related', 'correctAns': 'right', 'thisN': 22, 'thisTrialN': 6, 'thisRepN': 1}>
105.2023 	EXP 	blank3_bg: autoDraw = False
105.2023 	EXP 	blank3_bg: autoDraw = False
105.2023 	EXP 	greenCircle: autoDraw = False
105.2023 	EXP 	redCrosss: autoDraw = False
105.2023 	EXP 	prime_text: height = np.float64(0.05)
105.2023 	EXP 	prime_text: height = np.float64(0.05)
105.2023 	EXP 	prime_text: height = np.float64(0.05)
105.2023 	EXP 	prime_text: text = 'The boy can read fast'
105.2023 	EXP 	target_text: height = np.float64(0.05)
105.2023 	EXP 	target_text: height = np.float64(0.05)
105.2023 	EXP 	target_text: height = np.float64(0.05)
105.2023 	EXP 	target_text: text = 'The boy can read fast'
105.2072 	EXP 	fix_text: autoDraw = True
105.4561 	EXP 	fix_text: autoDraw = False
105.4561 	EXP 	blank1_bg: autoDraw = True
105.6427 	EXP 	blank1_bg: autoDraw = False
105.6561 	EXP 	prime_text: autoDraw = True
105.8435 	EXP 	prime_text: autoDraw = False
105.8561 	EXP 	blank2_bg: autoDraw = True
105.9432 	EXP 	blank2_bg: autoDraw = False
105.9564 	INFO 	Keyboard events cleared
105.9562 	EXP 	target_text: autoDraw = True
107.0785 	EXP 	Device response: <KeyPress from None: t=107.07607520800957, value=right, duration=None>
107.0852 	DATA 	Keypress: right
107.0911 	EXP 	fix_text: autoDraw = False
107.0911 	EXP 	blank1_bg: autoDraw = False
107.0911 	EXP 	prime_text: autoDraw = False
107.0911 	EXP 	blank2_bg: autoDraw = False
107.0911 	EXP 	target_text: autoDraw = False
107.0911 	EXP 	greenCircle: autoDraw = True
107.0911 	EXP 	redCrosss: autoDraw = True
107.1738 	EXP 	Device response: <KeyPress from None: t=107.07607520800957, value=right, duration=0.09636504198715556>
107.2800 	EXP 	blank3_bg: autoDraw = True
107.2879 	EXP 	greenCircle: autoDraw = False
107.2879 	EXP 	redCrosss: autoDraw = False
108.0730 	EXP 	New trial (rep=1, index=7): <Trial 23 (7 in rep 1) data={'prime': 'She does not like apples', 'target': 'She not does like apples', 'condition': 'transposition_related', 'correctAns': 'right', 'thisN': 23, 'thisTrialN': 7, 'thisRepN': 1}>
108.0864 	EXP 	blank3_bg: autoDraw = False
108.0864 	EXP 	blank3_bg: autoDraw = False
108.0864 	EXP 	greenCircle: autoDraw = False
108.0864 	EXP 	redCrosss: autoDraw = False
108.0864 	EXP 	prime_text: height = np.float64(0.05)
108.0864 	EXP 	prime_text: height = np.float64(0.05)
108.0864 	EXP 	prime_text: height = np.float64(0.05)
108.0864 	EXP 	prime_text: text = 'She does not like apples'
108.0864 	EXP 	target_text: height = np.float64(0.05)
108.0864 	EXP 	target_text: height = np.float64(0.05)
108.0864 	EXP 	target_text: height = np.float64(0.05)
108.0864 	EXP 	target_text: text = 'She not does like apples'
108.0864 	EXP 	fix_text: autoDraw = True
108.3289 	EXP 	fix_text: autoDraw = False
108.3289 	EXP 	blank1_bg: autoDraw = True
108.5226 	EXP 	blank1_bg: autoDraw = False
108.5226 	EXP 	prime_text: autoDraw = True
108.7098 	EXP 	prime_text: autoDraw = False
108.7274 	EXP 	blank2_bg: autoDraw = True
108.8228 	EXP 	blank2_bg: autoDraw = False
108.8280 	INFO 	Keyboard events cleared
108.8278 	EXP 	target_text: autoDraw = True
111.3738 	EXP 	Device response: <KeyPress from None: t=111.37289612500172, value=left, duration=None>
111.3849 	DATA 	Keypress: left
111.4057 	EXP 	fix_text: autoDraw = False
111.4057 	EXP 	blank1_bg: autoDraw = False
111.4057 	EXP 	prime_text: autoDraw = False
111.4057 	EXP 	blank2_bg: autoDraw = False
111.4057 	EXP 	target_text: autoDraw = False
111.4057 	EXP 	greenCircle: autoDraw = True
111.4057 	EXP 	redCrosss: autoDraw = True
111.4782 	EXP 	Device response: <KeyPress from None: t=111.37289612500172, value=left, duration=0.10198058300011326>
111.5813 	EXP 	blank3_bg: autoDraw = True
111.6060 	EXP 	greenCircle: autoDraw = False
111.6060 	EXP 	redCrosss: autoDraw = False
112.3731 	EXP 	New trial (rep=1, index=8): <Trial 24 (8 in rep 1) data={'prime': 'They have finished the work', 'target': 'They work the have finished', 'condition': 'transposition_unrelated', 'correctAns': 'left', 'thisN': 24, 'thisTrialN': 8, 'thisRepN': 1}>
112.3870 	EXP 	blank3_bg: autoDraw = False
112.3870 	EXP 	blank3_bg: autoDraw = False
112.3870 	EXP 	greenCircle: autoDraw = False
112.3870 	EXP 	redCrosss: autoDraw = False
112.3870 	EXP 	prime_text: height = np.float64(0.05)
112.3870 	EXP 	prime_text: height = np.float64(0.05)
112.3870 	EXP 	prime_text: height = np.float64(0.05)
112.3870 	EXP 	prime_text: text = 'They have finished the work'
112.3870 	EXP 	target_text: height = np.float64(0.05)
112.3870 	EXP 	target_text: height = np.float64(0.05)
112.3870 	EXP 	target_text: height = np.float64(0.05)
112.3870 	EXP 	target_text: text = 'They work the have finished'
112.3870 	EXP 	fix_text: autoDraw = True
112.6291 	EXP 	fix_text: autoDraw = False
112.6291 	EXP 	blank1_bg: autoDraw = True
112.8226 	EXP 	blank1_bg: autoDraw = False
112.8226 	EXP 	prime_text: autoDraw = True
113.0095 	EXP 	prime_text: autoDraw = False
113.0275 	EXP 	blank2_bg: autoDraw = True
113.1227 	EXP 	blank2_bg: autoDraw = False
113.1279 	INFO 	Keyboard events cleared
113.1277 	EXP 	target_text: autoDraw = True
115.4238 	EXP 	Device response: <KeyPress from None: t=115.41946887499944, value=left, duration=None>
115.4304 	DATA 	Keypress: left
115.4346 	EXP 	fix_text: autoDraw = False
115.4346 	EXP 	blank1_bg: autoDraw = False
115.4346 	EXP 	prime_text: autoDraw = False
115.4346 	EXP 	blank2_bg: autoDraw = False
115.4346 	EXP 	target_text: autoDraw = False
115.4346 	EXP 	greenCircle: autoDraw = True
115.4346 	EXP 	redCrosss: autoDraw = True
115.5903 	EXP 	Device response: <KeyPress from None: t=115.41946887499944, value=left, duration=0.16429450000578072>
115.6228 	EXP 	blank3_bg: autoDraw = True
115.6292 	EXP 	greenCircle: autoDraw = False
115.6292 	EXP 	redCrosss: autoDraw = False
116.4063 	EXP 	New trial (rep=1, index=9): <Trial 25 (9 in rep 1) data={'prime': 'They have finished the work', 'target': 'They finished have the work', 'condition': 'transposition_related', 'correctAns': 'right', 'thisN': 25, 'thisTrialN': 9, 'thisRepN': 1}>
116.4155 	EXP 	blank3_bg: autoDraw = False
116.4155 	EXP 	blank3_bg: autoDraw = False
116.4155 	EXP 	greenCircle: autoDraw = False
116.4155 	EXP 	redCrosss: autoDraw = False
116.4155 	EXP 	prime_text: text = 'They have finished the work'
116.4155 	EXP 	target_text: height = np.float64(0.05)
116.4155 	EXP 	target_text: height = np.float64(0.05)
116.4155 	EXP 	target_text: height = np.float64(0.05)
116.4155 	EXP 	target_text: text = 'They finished have the work'
116.4210 	EXP 	fix_text: autoDraw = True
116.6599 	EXP 	fix_text: autoDraw = False
116.6727 	EXP 	blank1_bg: autoDraw = True
116.8597 	EXP 	blank1_bg: autoDraw = False
116.8728 	EXP 	prime_text: autoDraw = True
117.0601 	EXP 	prime_text: autoDraw = False
117.0727 	EXP 	blank2_bg: autoDraw = True
117.1589 	EXP 	blank2_bg: autoDraw = False
117.1720 	INFO 	Keyboard events cleared
117.1719 	EXP 	target_text: autoDraw = True
119.3240 	EXP 	Device response: <KeyPress from None: t=119.31526550000126, value=left, duration=None>
119.3328 	DATA 	Keypress: left
119.3372 	EXP 	fix_text: autoDraw = False
119.3372 	EXP 	blank1_bg: autoDraw = False
119.3372 	EXP 	prime_text: autoDraw = False
119.3372 	EXP 	blank2_bg: autoDraw = False
119.3372 	EXP 	target_text: autoDraw = False
119.3372 	EXP 	greenCircle: autoDraw = True
119.3372 	EXP 	redCrosss: autoDraw = True
119.4570 	EXP 	Device response: <KeyPress from None: t=119.31526550000126, value=left, duration=0.14038258300570305>
119.5227 	EXP 	blank3_bg: autoDraw = True
119.5295 	EXP 	greenCircle: autoDraw = False
119.5295 	EXP 	redCrosss: autoDraw = False
120.3113 	EXP 	New trial (rep=1, index=10): <Trial 26 (10 in rep 1) data={'prime': 'The boy can read fast', 'target': 'The boy can read fast', 'condition': 'transposition_related', 'correctAns': 'right', 'thisN': 26, 'thisTrialN': 10, 'thisRepN': 1}>
120.3247 	EXP 	blank3_bg: autoDraw = False
120.3247 	EXP 	blank3_bg: autoDraw = False
120.3247 	EXP 	greenCircle: autoDraw = False
120.3247 	EXP 	redCrosss: autoDraw = False
120.3247 	EXP 	prime_text: height = np.float64(0.05)
120.3247 	EXP 	prime_text: height = np.float64(0.05)
120.3247 	EXP 	prime_text: height = np.float64(0.05)
120.3247 	EXP 	prime_text: text = 'The boy can read fast'
120.3247 	EXP 	target_text: height = np.float64(0.05)
120.3247 	EXP 	target_text: height = np.float64(0.05)
120.3247 	EXP 	target_text: height = np.float64(0.05)
120.3247 	EXP 	target_text: text = 'The boy can read fast'
120.3247 	EXP 	fix_text: autoDraw = True
120.5728 	EXP 	fix_text: autoDraw = False
120.5728 	EXP 	blank1_bg: autoDraw = True
120.7594 	EXP 	blank1_bg: autoDraw = False
120.7727 	EXP 	prime_text: autoDraw = True
120.9599 	EXP 	prime_text: autoDraw = False
120.9726 	EXP 	blank2_bg: autoDraw = True
121.0596 	EXP 	blank2_bg: autoDraw = False
121.0729 	INFO 	Keyboard events cleared
121.0728 	EXP 	target_text: autoDraw = True
123.5736 	EXP 	Device response: <KeyPress from None: t=123.57045245800691, value=right, duration=None>
123.5802 	DATA 	Keypress: right
123.5845 	EXP 	fix_text: autoDraw = False
123.5845 	EXP 	blank1_bg: autoDraw = False
123.5845 	EXP 	prime_text: autoDraw = False
123.5845 	EXP 	blank2_bg: autoDraw = False
123.5845 	EXP 	target_text: autoDraw = False
123.5845 	EXP 	greenCircle: autoDraw = True
123.5845 	EXP 	redCrosss: autoDraw = True
123.7114 	EXP 	Device response: <KeyPress from None: t=123.57045245800691, value=right, duration=0.13793354199151509>
123.7725 	EXP 	blank3_bg: autoDraw = True
123.7789 	EXP 	greenCircle: autoDraw = False
123.7789 	EXP 	redCrosss: autoDraw = False
124.5565 	EXP 	New trial (rep=1, index=11): <Trial 27 (11 in rep 1) data={'prime': 'The dog is barking loudly', 'target': 'The dog barking is loudly', 'condition': 'transposition_related', 'correctAns': 'right', 'thisN': 27, 'thisTrialN': 11, 'thisRepN': 1}>
124.5688 	EXP 	blank3_bg: autoDraw = False
124.5688 	EXP 	blank3_bg: autoDraw = False
124.5688 	EXP 	greenCircle: autoDraw = False
124.5688 	EXP 	redCrosss: autoDraw = False
124.5688 	EXP 	prime_text: height = np.float64(0.05)
124.5688 	EXP 	prime_text: height = np.float64(0.05)
124.5688 	EXP 	prime_text: height = np.float64(0.05)
124.5688 	EXP 	prime_text: text = 'The dog is barking loudly'
124.5688 	EXP 	target_text: height = np.float64(0.05)
124.5688 	EXP 	target_text: height = np.float64(0.05)
124.5688 	EXP 	target_text: height = np.float64(0.05)
124.5688 	EXP 	target_text: text = 'The dog barking is loudly'
124.5738 	EXP 	fix_text: autoDraw = True
124.8227 	EXP 	fix_text: autoDraw = False
124.8227 	EXP 	blank1_bg: autoDraw = True
125.0095 	EXP 	blank1_bg: autoDraw = False
125.0227 	EXP 	prime_text: autoDraw = True
125.2098 	EXP 	prime_text: autoDraw = False
125.2227 	EXP 	blank2_bg: autoDraw = True
125.3098 	EXP 	blank2_bg: autoDraw = False
125.3228 	INFO 	Keyboard events cleared
125.3226 	EXP 	target_text: autoDraw = True
127.5070 	EXP 	Device response: <KeyPress from None: t=127.50004587500007, value=left, duration=None>
127.5134 	DATA 	Keypress: left
127.5178 	EXP 	fix_text: autoDraw = False
127.5178 	EXP 	blank1_bg: autoDraw = False
127.5178 	EXP 	prime_text: autoDraw = False
127.5178 	EXP 	blank2_bg: autoDraw = False
127.5178 	EXP 	target_text: autoDraw = False
127.5178 	EXP 	greenCircle: autoDraw = True
127.5178 	EXP 	redCrosss: autoDraw = True
127.6115 	EXP 	Device response: <KeyPress from None: t=127.50004587500007, value=left, duration=0.10833012500370387>
127.7060 	EXP 	blank3_bg: autoDraw = True
127.7128 	EXP 	greenCircle: autoDraw = False
127.7128 	EXP 	redCrosss: autoDraw = False
128.4897 	EXP 	New trial (rep=1, index=12): <Trial 28 (12 in rep 1) data={'prime': 'The dog is barking loudly', 'target': 'The dog is barking loudly', 'condition': 'repetition_related', 'correctAns': 'right', 'thisN': 28, 'thisTrialN': 12, 'thisRepN': 1}>
128.4988 	EXP 	blank3_bg: autoDraw = False
128.4988 	EXP 	blank3_bg: autoDraw = False
128.4988 	EXP 	greenCircle: autoDraw = False
128.4988 	EXP 	redCrosss: autoDraw = False
128.4988 	EXP 	prime_text: text = 'The dog is barking loudly'
128.4988 	EXP 	target_text: height = np.float64(0.05)
128.4988 	EXP 	target_text: height = np.float64(0.05)
128.4988 	EXP 	target_text: height = np.float64(0.05)
128.4988 	EXP 	target_text: text = 'The dog is barking loudly'
128.5043 	EXP 	fix_text: autoDraw = True
128.7430 	EXP 	fix_text: autoDraw = False
128.7560 	EXP 	blank1_bg: autoDraw = True
128.9431 	EXP 	blank1_bg: autoDraw = False
128.9560 	EXP 	prime_text: autoDraw = True
129.1432 	EXP 	prime_text: autoDraw = False
129.1560 	EXP 	blank2_bg: autoDraw = True
129.2430 	EXP 	blank2_bg: autoDraw = False
129.2561 	INFO 	Keyboard events cleared
129.2559 	EXP 	target_text: autoDraw = True
130.7294 	EXP 	Device response: <KeyPress from None: t=130.72492962500837, value=right, duration=None>
130.7367 	DATA 	Keypress: right
130.7417 	EXP 	fix_text: autoDraw = False
130.7417 	EXP 	blank1_bg: autoDraw = False
130.7417 	EXP 	prime_text: autoDraw = False
130.7417 	EXP 	blank2_bg: autoDraw = False
130.7417 	EXP 	target_text: autoDraw = False
130.7417 	EXP 	greenCircle: autoDraw = True
130.7417 	EXP 	redCrosss: autoDraw = True
130.8570 	EXP 	Device response: <KeyPress from None: t=130.72492962500837, value=right, duration=0.12421708299370948>
130.9305 	EXP 	blank3_bg: autoDraw = True
130.9379 	EXP 	greenCircle: autoDraw = False
130.9379 	EXP 	redCrosss: autoDraw = False
131.7233 	EXP 	New trial (rep=1, index=13): <Trial 29 (13 in rep 1) data={'prime': 'She does not like apples', 'target': 'She like does apples not', 'condition': 'transposition_unrelated', 'correctAns': 'left', 'thisN': 29, 'thisTrialN': 13, 'thisRepN': 1}>
131.7374 	EXP 	blank3_bg: autoDraw = False
131.7374 	EXP 	blank3_bg: autoDraw = False
131.7374 	EXP 	greenCircle: autoDraw = False
131.7374 	EXP 	redCrosss: autoDraw = False
131.7374 	EXP 	prime_text: height = np.float64(0.05)
131.7374 	EXP 	prime_text: height = np.float64(0.05)
131.7374 	EXP 	prime_text: height = np.float64(0.05)
131.7374 	EXP 	prime_text: text = 'She does not like apples'
131.7374 	EXP 	target_text: height = np.float64(0.05)
131.7374 	EXP 	target_text: height = np.float64(0.05)
131.7374 	EXP 	target_text: height = np.float64(0.05)
131.7374 	EXP 	target_text: text = 'She like does apples not'
131.7374 	EXP 	fix_text: autoDraw = True
131.9791 	EXP 	fix_text: autoDraw = False
131.9791 	EXP 	blank1_bg: autoDraw = True
132.1727 	EXP 	blank1_bg: autoDraw = False
132.1727 	EXP 	prime_text: autoDraw = True
132.3602 	EXP 	prime_text: autoDraw = False
132.3783 	EXP 	blank2_bg: autoDraw = True
132.4729 	EXP 	blank2_bg: autoDraw = False
132.4788 	INFO 	Keyboard events cleared
132.4786 	EXP 	target_text: autoDraw = True
133.9782 	EXP 	Device response: <KeyPress from None: t=133.97578037499625, value=left, duration=None>
133.9845 	DATA 	Keypress: left
133.9888 	EXP 	fix_text: autoDraw = False
133.9888 	EXP 	blank1_bg: autoDraw = False
133.9888 	EXP 	prime_text: autoDraw = False
133.9888 	EXP 	blank2_bg: autoDraw = False
133.9888 	EXP 	target_text: autoDraw = False
133.9888 	EXP 	greenCircle: autoDraw = True
133.9888 	EXP 	redCrosss: autoDraw = True
134.0903 	EXP 	Device response: <KeyPress from None: t=133.97578037499625, value=left, duration=0.11235570801363792>
134.1793 	EXP 	blank3_bg: autoDraw = True
134.1793 	EXP 	greenCircle: autoDraw = False
134.1793 	EXP 	redCrosss: autoDraw = False
134.9626 	EXP 	New trial (rep=1, index=14): <Trial 30 (14 in rep 1) data={'prime': 'She does not like apples', 'target': 'She does not like apples', 'condition': 'repetition_related', 'correctAns': 'right', 'thisN': 30, 'thisTrialN': 14, 'thisRepN': 1}>
134.9720 	EXP 	blank3_bg: autoDraw = False
134.9720 	EXP 	blank3_bg: autoDraw = False
134.9720 	EXP 	greenCircle: autoDraw = False
134.9720 	EXP 	redCrosss: autoDraw = False
134.9720 	EXP 	prime_text: text = 'She does not like apples'
134.9720 	EXP 	target_text: height = np.float64(0.05)
134.9720 	EXP 	target_text: height = np.float64(0.05)
134.9720 	EXP 	target_text: height = np.float64(0.05)
134.9720 	EXP 	target_text: text = 'She does not like apples'
134.9720 	EXP 	fix_text: autoDraw = True
135.2098 	EXP 	fix_text: autoDraw = False
135.2292 	EXP 	blank1_bg: autoDraw = True
135.4226 	EXP 	blank1_bg: autoDraw = False
135.4226 	EXP 	prime_text: autoDraw = True
135.6096 	EXP 	prime_text: autoDraw = False
135.6274 	EXP 	blank2_bg: autoDraw = True
135.7226 	EXP 	blank2_bg: autoDraw = False
135.7296 	INFO 	Keyboard events cleared
135.7294 	EXP 	target_text: autoDraw = True
136.8069 	EXP 	Device response: <KeyPress from None: t=136.8047535000078, value=right, duration=None>
136.8134 	DATA 	Keypress: right
136.8178 	EXP 	fix_text: autoDraw = False
136.8178 	EXP 	blank1_bg: autoDraw = False
136.8178 	EXP 	prime_text: autoDraw = False
136.8178 	EXP 	blank2_bg: autoDraw = False
136.8178 	EXP 	target_text: autoDraw = False
136.8178 	EXP 	greenCircle: autoDraw = True
136.8178 	EXP 	redCrosss: autoDraw = True
136.9070 	EXP 	Device response: <KeyPress from None: t=136.8047535000078, value=right, duration=0.1003067080018809>
137.0060 	EXP 	blank3_bg: autoDraw = True
137.0124 	EXP 	greenCircle: autoDraw = False
137.0124 	EXP 	redCrosss: autoDraw = False
137.7897 	EXP 	New trial (rep=1, index=15): <Trial 31 (15 in rep 1) data={'prime': 'The dog is barking loudly', 'target': 'The barking dog loudly is', 'condition': 'transposition_unrelated', 'correctAns': 'left', 'thisN': 31, 'thisTrialN': 15, 'thisRepN': 1}>
137.8019 	EXP 	blank3_bg: autoDraw = False
137.8019 	EXP 	blank3_bg: autoDraw = False
137.8019 	EXP 	greenCircle: autoDraw = False
137.8019 	EXP 	redCrosss: autoDraw = False
137.8019 	EXP 	prime_text: height = np.float64(0.05)
137.8019 	EXP 	prime_text: height = np.float64(0.05)
137.8019 	EXP 	prime_text: height = np.float64(0.05)
137.8019 	EXP 	prime_text: text = 'The dog is barking loudly'
137.8019 	EXP 	target_text: height = np.float64(0.05)
137.8019 	EXP 	target_text: height = np.float64(0.05)
137.8019 	EXP 	target_text: height = np.float64(0.05)
137.8019 	EXP 	target_text: text = 'The barking dog loudly is'
137.8070 	EXP 	fix_text: autoDraw = True
138.0559 	EXP 	fix_text: autoDraw = False
138.0559 	EXP 	blank1_bg: autoDraw = True
138.2434 	EXP 	blank1_bg: autoDraw = False
138.2560 	EXP 	prime_text: autoDraw = True
138.4430 	EXP 	prime_text: autoDraw = False
138.4562 	EXP 	blank2_bg: autoDraw = True
138.5430 	EXP 	blank2_bg: autoDraw = False
138.5562 	INFO 	Keyboard events cleared
138.5561 	EXP 	target_text: autoDraw = True
139.7072 	EXP 	Device response: <KeyPress from None: t=139.6946686250012, value=left, duration=None>
139.7139 	DATA 	Keypress: left
139.7182 	EXP 	fix_text: autoDraw = False
139.7182 	EXP 	blank1_bg: autoDraw = False
139.7182 	EXP 	prime_text: autoDraw = False
139.7182 	EXP 	blank2_bg: autoDraw = False
139.7182 	EXP 	target_text: autoDraw = False
139.7182 	EXP 	greenCircle: autoDraw = True
139.7182 	EXP 	redCrosss: autoDraw = True
139.7736 	EXP 	Device response: <KeyPress from None: t=139.6946686250012, value=left, duration=0.06838949999655597>
139.9063 	EXP 	blank3_bg: autoDraw = True
139.9132 	EXP 	greenCircle: autoDraw = False
139.9132 	EXP 	redCrosss: autoDraw = False
140.6897 	EXP 	New trial (rep=2, index=0): <Trial 32 (0 in rep 2) data={'prime': 'The boy can read fast', 'target': 'The boy can read fast', 'condition': 'repetition_related', 'correctAns': 'right', 'thisN': 32, 'thisTrialN': 0, 'thisRepN': 2}>
140.7014 	EXP 	blank3_bg: autoDraw = False
140.7014 	EXP 	blank3_bg: autoDraw = False
140.7014 	EXP 	greenCircle: autoDraw = False
140.7014 	EXP 	redCrosss: autoDraw = False
140.7014 	EXP 	prime_text: height = np.float64(0.05)
140.7014 	EXP 	prime_text: height = np.float64(0.05)
140.7014 	EXP 	prime_text: height = np.float64(0.05)
140.7014 	EXP 	prime_text: text = 'The boy can read fast'
140.7014 	EXP 	target_text: height = np.float64(0.05)
140.7014 	EXP 	target_text: height = np.float64(0.05)
140.7014 	EXP 	target_text: height = np.float64(0.05)
140.7014 	EXP 	target_text: text = 'The boy can read fast'
140.7071 	EXP 	fix_text: autoDraw = True
140.9559 	EXP 	fix_text: autoDraw = False
140.9559 	EXP 	blank1_bg: autoDraw = True
141.1432 	EXP 	blank1_bg: autoDraw = False
141.1559 	EXP 	prime_text: autoDraw = True
141.3432 	EXP 	prime_text: autoDraw = False
141.3559 	EXP 	blank2_bg: autoDraw = True
141.4432 	EXP 	blank2_bg: autoDraw = False
141.4562 	INFO 	Keyboard events cleared
141.4561 	EXP 	target_text: autoDraw = True
142.2569 	EXP 	Device response: <KeyPress from None: t=142.2506441250007, value=right, duration=None>
142.2635 	DATA 	Keypress: right
142.2677 	EXP 	fix_text: autoDraw = False
142.2677 	EXP 	blank1_bg: autoDraw = False
142.2677 	EXP 	prime_text: autoDraw = False
142.2677 	EXP 	blank2_bg: autoDraw = False
142.2677 	EXP 	target_text: autoDraw = False
142.2677 	EXP 	greenCircle: autoDraw = True
142.2677 	EXP 	redCrosss: autoDraw = True
142.3902 	EXP 	Device response: <KeyPress from None: t=142.2506441250007, value=right, duration=0.13630554100382142>
142.4560 	EXP 	blank3_bg: autoDraw = True
142.4625 	EXP 	greenCircle: autoDraw = False
142.4625 	EXP 	redCrosss: autoDraw = False
143.2396 	EXP 	New trial (rep=2, index=1): <Trial 33 (1 in rep 2) data={'prime': 'She does not like apples', 'target': 'She like does apples not', 'condition': 'transposition_unrelated', 'correctAns': 'left', 'thisN': 33, 'thisTrialN': 1, 'thisRepN': 2}>
143.2516 	EXP 	blank3_bg: autoDraw = False
143.2516 	EXP 	blank3_bg: autoDraw = False
143.2516 	EXP 	greenCircle: autoDraw = False
143.2516 	EXP 	redCrosss: autoDraw = False
143.2516 	EXP 	prime_text: height = np.float64(0.05)
143.2516 	EXP 	prime_text: height = np.float64(0.05)
143.2516 	EXP 	prime_text: height = np.float64(0.05)
143.2516 	EXP 	prime_text: text = 'She does not like apples'
143.2516 	EXP 	target_text: height = np.float64(0.05)
143.2516 	EXP 	target_text: height = np.float64(0.05)
143.2516 	EXP 	target_text: height = np.float64(0.05)
143.2516 	EXP 	target_text: text = 'She like does apples not'
143.2570 	EXP 	fix_text: autoDraw = True
143.5061 	EXP 	fix_text: autoDraw = False
143.5061 	EXP 	blank1_bg: autoDraw = True
143.6930 	EXP 	blank1_bg: autoDraw = False
143.7059 	EXP 	prime_text: autoDraw = True
143.8930 	EXP 	prime_text: autoDraw = False
143.9059 	EXP 	blank2_bg: autoDraw = True
143.9932 	EXP 	blank2_bg: autoDraw = False
144.0062 	INFO 	Keyboard events cleared
144.0060 	EXP 	target_text: autoDraw = True
145.4616 	EXP 	Device response: <KeyPress from None: t=145.45957195799565, value=left, duration=None>
145.4679 	DATA 	Keypress: left
145.4722 	EXP 	fix_text: autoDraw = False
145.4722 	EXP 	blank1_bg: autoDraw = False
145.4722 	EXP 	prime_text: autoDraw = False
145.4722 	EXP 	blank2_bg: autoDraw = False
145.4722 	EXP 	target_text: autoDraw = False
145.4722 	EXP 	greenCircle: autoDraw = True
145.4722 	EXP 	redCrosss: autoDraw = True
145.5736 	EXP 	Device response: <KeyPress from None: t=145.45957195799565, value=left, duration=0.1042233330081217>
145.6625 	EXP 	blank3_bg: autoDraw = True
145.6625 	EXP 	greenCircle: autoDraw = False
145.6625 	EXP 	redCrosss: autoDraw = False
146.4460 	EXP 	New trial (rep=2, index=2): <Trial 34 (2 in rep 2) data={'prime': 'They have finished the work', 'target': 'They work the have finished', 'condition': 'transposition_unrelated', 'correctAns': 'left', 'thisN': 34, 'thisTrialN': 2, 'thisRepN': 2}>
146.4588 	EXP 	blank3_bg: autoDraw = False
146.4588 	EXP 	blank3_bg: autoDraw = False
146.4588 	EXP 	greenCircle: autoDraw = False
146.4588 	EXP 	redCrosss: autoDraw = False
146.4588 	EXP 	prime_text: height = np.float64(0.05)
146.4588 	EXP 	prime_text: height = np.float64(0.05)
146.4588 	EXP 	prime_text: height = np.float64(0.05)
146.4588 	EXP 	prime_text: text = 'They have finished the work'
146.4588 	EXP 	target_text: height = np.float64(0.05)
146.4588 	EXP 	target_text: height = np.float64(0.05)
146.4588 	EXP 	target_text: height = np.float64(0.05)
146.4588 	EXP 	target_text: text = 'They work the have finished'
146.4588 	EXP 	fix_text: autoDraw = True
146.7060 	EXP 	fix_text: autoDraw = False
146.7124 	EXP 	blank1_bg: autoDraw = True
146.9060 	EXP 	blank1_bg: autoDraw = False
146.9060 	EXP 	prime_text: autoDraw = True
147.0930 	EXP 	prime_text: autoDraw = False
147.1112 	EXP 	blank2_bg: autoDraw = True
147.2059 	EXP 	blank2_bg: autoDraw = False
147.2111 	INFO 	Keyboard events cleared
147.2110 	EXP 	target_text: autoDraw = True
148.5403 	EXP 	Device response: <KeyPress from None: t=148.53750970799592, value=left, duration=None>
148.5466 	DATA 	Keypress: left
148.5506 	EXP 	fix_text: autoDraw = False
148.5506 	EXP 	blank1_bg: autoDraw = False
148.5506 	EXP 	prime_text: autoDraw = False
148.5506 	EXP 	blank2_bg: autoDraw = False
148.5506 	EXP 	target_text: autoDraw = False
148.5506 	EXP 	greenCircle: autoDraw = True
148.5506 	EXP 	redCrosss: autoDraw = True
148.6570 	EXP 	Device response: <KeyPress from None: t=148.53750970799592, value=left, duration=0.10824437500559725>
148.7394 	EXP 	blank3_bg: autoDraw = True
148.7458 	EXP 	greenCircle: autoDraw = False
148.7458 	EXP 	redCrosss: autoDraw = False
149.5229 	EXP 	New trial (rep=2, index=3): <Trial 35 (3 in rep 2) data={'prime': 'The boy can read fast', 'target': 'The boy can read fast', 'condition': 'transposition_related', 'correctAns': 'right', 'thisN': 35, 'thisTrialN': 3, 'thisRepN': 2}>
149.5352 	EXP 	blank3_bg: autoDraw = False
149.5352 	EXP 	blank3_bg: autoDraw = False
149.5352 	EXP 	greenCircle: autoDraw = False
149.5352 	EXP 	redCrosss: autoDraw = False
149.5352 	EXP 	prime_text: height = np.float64(0.05)
149.5352 	EXP 	prime_text: height = np.float64(0.05)
149.5352 	EXP 	prime_text: height = np.float64(0.05)
149.5352 	EXP 	prime_text: text = 'The boy can read fast'
149.5352 	EXP 	target_text: height = np.float64(0.05)
149.5352 	EXP 	target_text: height = np.float64(0.05)
149.5352 	EXP 	target_text: height = np.float64(0.05)
149.5352 	EXP 	target_text: text = 'The boy can read fast'
149.5400 	EXP 	fix_text: autoDraw = True
149.7765 	EXP 	fix_text: autoDraw = False
149.7894 	EXP 	blank1_bg: autoDraw = True
149.9762 	EXP 	blank1_bg: autoDraw = False
149.9894 	EXP 	prime_text: autoDraw = True
150.1761 	EXP 	prime_text: autoDraw = False
150.1893 	EXP 	blank2_bg: autoDraw = True
150.2766 	EXP 	blank2_bg: autoDraw = False
150.2895 	INFO 	Keyboard events cleared
150.2893 	EXP 	target_text: autoDraw = True
151.5403 	EXP 	Device response: <KeyPress from None: t=151.52832087500428, value=right, duration=None>
151.5467 	DATA 	Keypress: right
151.5508 	EXP 	fix_text: autoDraw = False
151.5508 	EXP 	blank1_bg: autoDraw = False
151.5508 	EXP 	prime_text: autoDraw = False
151.5508 	EXP 	blank2_bg: autoDraw = False
151.5508 	EXP 	target_text: autoDraw = False
151.5508 	EXP 	greenCircle: autoDraw = True
151.5508 	EXP 	redCrosss: autoDraw = True
151.6569 	EXP 	Device response: <KeyPress from None: t=151.52832087500428, value=right, duration=0.11630429100478068>
151.7389 	EXP 	blank3_bg: autoDraw = True
151.7452 	EXP 	greenCircle: autoDraw = False
151.7452 	EXP 	redCrosss: autoDraw = False
152.5227 	EXP 	New trial (rep=2, index=4): <Trial 36 (4 in rep 2) data={'prime': 'They have finished the work', 'target': 'They finished have the work', 'condition': 'repetition_unrelated', 'correctAns': 'left', 'thisN': 36, 'thisTrialN': 4, 'thisRepN': 2}>
152.5353 	EXP 	blank3_bg: autoDraw = False
152.5353 	EXP 	blank3_bg: autoDraw = False
152.5353 	EXP 	greenCircle: autoDraw = False
152.5353 	EXP 	redCrosss: autoDraw = False
152.5353 	EXP 	prime_text: height = np.float64(0.05)
152.5353 	EXP 	prime_text: height = np.float64(0.05)
152.5353 	EXP 	prime_text: height = np.float64(0.05)
152.5353 	EXP 	prime_text: text = 'They have finished the work'
152.5353 	EXP 	target_text: height = np.float64(0.05)
152.5353 	EXP 	target_text: height = np.float64(0.05)
152.5353 	EXP 	target_text: height = np.float64(0.05)
152.5353 	EXP 	target_text: text = 'They finished have the work'
152.5403 	EXP 	fix_text: autoDraw = True
152.7763 	EXP 	fix_text: autoDraw = False
152.7892 	EXP 	blank1_bg: autoDraw = True
152.9761 	EXP 	blank1_bg: autoDraw = False
152.9892 	EXP 	prime_text: autoDraw = True
153.1764 	EXP 	prime_text: autoDraw = False
153.1893 	EXP 	blank2_bg: autoDraw = True
153.2763 	EXP 	blank2_bg: autoDraw = False
153.2895 	INFO 	Keyboard events cleared
153.2894 	EXP 	target_text: autoDraw = True
154.7235 	EXP 	Device response: <KeyPress from None: t=154.7162687079981, value=left, duration=None>
154.7299 	DATA 	Keypress: left
154.7341 	EXP 	fix_text: autoDraw = False
154.7341 	EXP 	blank1_bg: autoDraw = False
154.7341 	EXP 	prime_text: autoDraw = False
154.7341 	EXP 	blank2_bg: autoDraw = False
154.7341 	EXP 	target_text: autoDraw = False
154.7341 	EXP 	greenCircle: autoDraw = True
154.7341 	EXP 	redCrosss: autoDraw = True
154.8068 	EXP 	Device response: <KeyPress from None: t=154.7162687079981, value=left, duration=0.08032716700108722>
154.9226 	EXP 	blank3_bg: autoDraw = True
154.9289 	EXP 	greenCircle: autoDraw = False
154.9289 	EXP 	redCrosss: autoDraw = False
155.7063 	EXP 	New trial (rep=2, index=5): <Trial 37 (5 in rep 2) data={'prime': 'The dog is barking loudly', 'target': 'The dog is barking loudly', 'condition': 'repetition_related', 'correctAns': 'right', 'thisN': 37, 'thisTrialN': 5, 'thisRepN': 2}>
155.7192 	EXP 	blank3_bg: autoDraw = False
155.7192 	EXP 	blank3_bg: autoDraw = False
155.7192 	EXP 	greenCircle: autoDraw = False
155.7192 	EXP 	redCrosss: autoDraw = False
155.7192 	EXP 	prime_text: height = np.float64(0.05)
155.7192 	EXP 	prime_text: height = np.float64(0.05)
155.7192 	EXP 	prime_text: height = np.float64(0.05)
155.7192 	EXP 	prime_text: text = 'The dog is barking loudly'
155.7192 	EXP 	target_text: height = np.float64(0.05)
155.7192 	EXP 	target_text: height = np.float64(0.05)
155.7192 	EXP 	target_text: height = np.float64(0.05)
155.7192 	EXP 	target_text: text = 'The dog is barking loudly'
155.7240 	EXP 	fix_text: autoDraw = True
155.9727 	EXP 	fix_text: autoDraw = False
155.9727 	EXP 	blank1_bg: autoDraw = True
156.1598 	EXP 	blank1_bg: autoDraw = False
156.1725 	EXP 	prime_text: autoDraw = True
156.3597 	EXP 	prime_text: autoDraw = False
156.3726 	EXP 	blank2_bg: autoDraw = True
156.4599 	EXP 	blank2_bg: autoDraw = False
156.4728 	INFO 	Keyboard events cleared
156.4727 	EXP 	target_text: autoDraw = True
157.4569 	EXP 	Device response: <KeyPress from None: t=157.44621487500262, value=left, duration=None>
157.4635 	DATA 	Keypress: left
157.4677 	EXP 	fix_text: autoDraw = False
157.4677 	EXP 	blank1_bg: autoDraw = False
157.4677 	EXP 	prime_text: autoDraw = False
157.4677 	EXP 	blank2_bg: autoDraw = False
157.4677 	EXP 	target_text: autoDraw = False
157.4677 	EXP 	greenCircle: autoDraw = True
157.4677 	EXP 	redCrosss: autoDraw = True
157.5404 	EXP 	Device response: <KeyPress from None: t=157.44621487500262, value=left, duration=0.08840129099553451>
157.6547 	EXP 	blank3_bg: autoDraw = True
157.6610 	EXP 	greenCircle: autoDraw = False
157.6610 	EXP 	redCrosss: autoDraw = False
158.4399 	EXP 	New trial (rep=2, index=6): <Trial 38 (6 in rep 2) data={'prime': 'She does not like apples', 'target': 'She not does like apples', 'condition': 'transposition_related', 'correctAns': 'right', 'thisN': 38, 'thisTrialN': 6, 'thisRepN': 2}>
158.4528 	EXP 	blank3_bg: autoDraw = False
158.4528 	EXP 	blank3_bg: autoDraw = False
158.4528 	EXP 	greenCircle: autoDraw = False
158.4528 	EXP 	redCrosss: autoDraw = False
158.4528 	EXP 	prime_text: height = np.float64(0.05)
158.4528 	EXP 	prime_text: height = np.float64(0.05)
158.4528 	EXP 	prime_text: height = np.float64(0.05)
158.4528 	EXP 	prime_text: text = 'She does not like apples'
158.4528 	EXP 	target_text: height = np.float64(0.05)
158.4528 	EXP 	target_text: height = np.float64(0.05)
158.4528 	EXP 	target_text: height = np.float64(0.05)
158.4528 	EXP 	target_text: text = 'She not does like apples'
158.4573 	EXP 	fix_text: autoDraw = True
158.7061 	EXP 	fix_text: autoDraw = False
158.7061 	EXP 	blank1_bg: autoDraw = True
158.8930 	EXP 	blank1_bg: autoDraw = False
158.9059 	EXP 	prime_text: autoDraw = True
159.0931 	EXP 	prime_text: autoDraw = False
159.1060 	EXP 	blank2_bg: autoDraw = True
159.1930 	EXP 	blank2_bg: autoDraw = False
159.2060 	INFO 	Keyboard events cleared
159.2059 	EXP 	target_text: autoDraw = True
160.6402 	EXP 	Device response: <KeyPress from None: t=160.63514583300275, value=right, duration=None>
160.6466 	DATA 	Keypress: right
160.6508 	EXP 	fix_text: autoDraw = False
160.6508 	EXP 	blank1_bg: autoDraw = False
160.6508 	EXP 	prime_text: autoDraw = False
160.6508 	EXP 	blank2_bg: autoDraw = False
160.6508 	EXP 	target_text: autoDraw = False
160.6508 	EXP 	greenCircle: autoDraw = True
160.6508 	EXP 	redCrosss: autoDraw = True
160.7569 	EXP 	Device response: <KeyPress from None: t=160.63514583300275, value=right, duration=0.11225200000626501>
160.8393 	EXP 	blank3_bg: autoDraw = True
160.8456 	EXP 	greenCircle: autoDraw = False
160.8456 	EXP 	redCrosss: autoDraw = False
161.6229 	EXP 	New trial (rep=2, index=7): <Trial 39 (7 in rep 2) data={'prime': 'The dog is barking loudly', 'target': 'The loudly is barking dog', 'condition': 'repetition_unrelated', 'correctAns': 'left', 'thisN': 39, 'thisTrialN': 7, 'thisRepN': 2}>
161.6360 	EXP 	blank3_bg: autoDraw = False
161.6360 	EXP 	blank3_bg: autoDraw = False
161.6360 	EXP 	greenCircle: autoDraw = False
161.6360 	EXP 	redCrosss: autoDraw = False
161.6360 	EXP 	prime_text: height = np.float64(0.05)
161.6360 	EXP 	prime_text: height = np.float64(0.05)
161.6360 	EXP 	prime_text: height = np.float64(0.05)
161.6360 	EXP 	prime_text: text = 'The dog is barking loudly'
161.6360 	EXP 	target_text: height = np.float64(0.05)
161.6360 	EXP 	target_text: height = np.float64(0.05)
161.6360 	EXP 	target_text: height = np.float64(0.05)
161.6360 	EXP 	target_text: text = 'The loudly is barking dog'
161.6403 	EXP 	fix_text: autoDraw = True
161.8892 	EXP 	fix_text: autoDraw = False
161.8892 	EXP 	blank1_bg: autoDraw = True
162.0760 	EXP 	blank1_bg: autoDraw = False
162.0892 	EXP 	prime_text: autoDraw = True
162.2764 	EXP 	prime_text: autoDraw = False
162.2892 	EXP 	blank2_bg: autoDraw = True
162.3764 	EXP 	blank2_bg: autoDraw = False
162.3895 	INFO 	Keyboard events cleared
162.3893 	EXP 	target_text: autoDraw = True
165.3402 	EXP 	Device response: <KeyPress from None: t=165.33375295800215, value=left, duration=None>
165.3468 	DATA 	Keypress: left
165.3510 	EXP 	fix_text: autoDraw = False
165.3510 	EXP 	blank1_bg: autoDraw = False
165.3510 	EXP 	prime_text: autoDraw = False
165.3510 	EXP 	blank2_bg: autoDraw = False
165.3510 	EXP 	target_text: autoDraw = False
165.3510 	EXP 	greenCircle: autoDraw = True
165.3510 	EXP 	redCrosss: autoDraw = True
165.4735 	EXP 	Device response: <KeyPress from None: t=165.33375295800215, value=left, duration=0.13796208299754653>
165.5394 	EXP 	blank3_bg: autoDraw = True
165.5458 	EXP 	greenCircle: autoDraw = False
165.5458 	EXP 	redCrosss: autoDraw = False
166.3230 	EXP 	New trial (rep=2, index=8): <Trial 40 (8 in rep 2) data={'prime': 'The boy can read fast', 'target': 'The read can boy fast', 'condition': 'repetition_unrelated', 'correctAns': 'left', 'thisN': 40, 'thisTrialN': 8, 'thisRepN': 2}>
166.3359 	EXP 	blank3_bg: autoDraw = False
166.3359 	EXP 	blank3_bg: autoDraw = False
166.3359 	EXP 	greenCircle: autoDraw = False
166.3359 	EXP 	redCrosss: autoDraw = False
166.3359 	EXP 	prime_text: height = np.float64(0.05)
166.3359 	EXP 	prime_text: height = np.float64(0.05)
166.3359 	EXP 	prime_text: height = np.float64(0.05)
166.3359 	EXP 	prime_text: text = 'The boy can read fast'
166.3359 	EXP 	target_text: height = np.float64(0.05)
166.3359 	EXP 	target_text: height = np.float64(0.05)
166.3359 	EXP 	target_text: height = np.float64(0.05)
166.3359 	EXP 	target_text: text = 'The read can boy fast'
166.3407 	EXP 	fix_text: autoDraw = True
166.5893 	EXP 	fix_text: autoDraw = False
166.5893 	EXP 	blank1_bg: autoDraw = True
166.7761 	EXP 	blank1_bg: autoDraw = False
166.7893 	EXP 	prime_text: autoDraw = True
166.9764 	EXP 	prime_text: autoDraw = False
166.9894 	EXP 	blank2_bg: autoDraw = True
167.0764 	EXP 	blank2_bg: autoDraw = False
167.0894 	INFO 	Keyboard events cleared
167.0893 	EXP 	target_text: autoDraw = True
168.6904 	EXP 	Device response: <KeyPress from None: t=168.68234945800214, value=left, duration=None>
168.6970 	DATA 	Keypress: left
168.7012 	EXP 	fix_text: autoDraw = False
168.7012 	EXP 	blank1_bg: autoDraw = False
168.7012 	EXP 	prime_text: autoDraw = False
168.7012 	EXP 	blank2_bg: autoDraw = False
168.7012 	EXP 	target_text: autoDraw = False
168.7012 	EXP 	greenCircle: autoDraw = True
168.7012 	EXP 	redCrosss: autoDraw = True
168.7903 	EXP 	Device response: <KeyPress from None: t=168.68234945800214, value=left, duration=0.10031850000086706>
168.8893 	EXP 	blank3_bg: autoDraw = True
168.8956 	EXP 	greenCircle: autoDraw = False
168.8956 	EXP 	redCrosss: autoDraw = False
169.6730 	EXP 	New trial (rep=2, index=9): <Trial 41 (9 in rep 2) data={'prime': 'She does not like apples', 'target': 'She does not like apples', 'condition': 'repetition_related', 'correctAns': 'right', 'thisN': 41, 'thisTrialN': 9, 'thisRepN': 2}>
169.6861 	EXP 	blank3_bg: autoDraw = False
169.6861 	EXP 	blank3_bg: autoDraw = False
169.6861 	EXP 	greenCircle: autoDraw = False
169.6861 	EXP 	redCrosss: autoDraw = False
169.6861 	EXP 	prime_text: height = np.float64(0.05)
169.6861 	EXP 	prime_text: height = np.float64(0.05)
169.6861 	EXP 	prime_text: height = np.float64(0.05)
169.6861 	EXP 	prime_text: text = 'She does not like apples'
169.6861 	EXP 	target_text: height = np.float64(0.05)
169.6861 	EXP 	target_text: height = np.float64(0.05)
169.6861 	EXP 	target_text: height = np.float64(0.05)
169.6861 	EXP 	target_text: text = 'She does not like apples'
169.6905 	EXP 	fix_text: autoDraw = True
169.9394 	EXP 	fix_text: autoDraw = False
169.9394 	EXP 	blank1_bg: autoDraw = True
170.1262 	EXP 	blank1_bg: autoDraw = False
170.1392 	EXP 	prime_text: autoDraw = True
170.3265 	EXP 	prime_text: autoDraw = False
170.3393 	EXP 	blank2_bg: autoDraw = True
170.4263 	EXP 	blank2_bg: autoDraw = False
170.4393 	INFO 	Keyboard events cleared
170.4391 	EXP 	target_text: autoDraw = True
171.5569 	EXP 	Device response: <KeyPress from None: t=171.5502943330066, value=right, duration=None>
171.5634 	DATA 	Keypress: right
171.5677 	EXP 	fix_text: autoDraw = False
171.5677 	EXP 	blank1_bg: autoDraw = False
171.5677 	EXP 	prime_text: autoDraw = False
171.5677 	EXP 	blank2_bg: autoDraw = False
171.5677 	EXP 	target_text: autoDraw = False
171.5677 	EXP 	greenCircle: autoDraw = True
171.5677 	EXP 	redCrosss: autoDraw = True
171.6279 	EXP 	Device response: <KeyPress from None: t=171.5502943330066, value=right, duration=0.07618012499006>
171.7557 	EXP 	blank3_bg: autoDraw = True
171.7619 	EXP 	greenCircle: autoDraw = False
171.7619 	EXP 	redCrosss: autoDraw = False
172.5397 	EXP 	New trial (rep=2, index=10): <Trial 42 (10 in rep 2) data={'prime': 'She does not like apples', 'target': 'She not does like apples', 'condition': 'repetition_unrelated', 'correctAns': 'left', 'thisN': 42, 'thisTrialN': 10, 'thisRepN': 2}>
172.5485 	EXP 	blank3_bg: autoDraw = False
172.5485 	EXP 	blank3_bg: autoDraw = False
172.5485 	EXP 	greenCircle: autoDraw = False
172.5485 	EXP 	redCrosss: autoDraw = False
172.5485 	EXP 	prime_text: text = 'She does not like apples'
172.5485 	EXP 	target_text: height = np.float64(0.05)
172.5485 	EXP 	target_text: height = np.float64(0.05)
172.5485 	EXP 	target_text: height = np.float64(0.05)
172.5485 	EXP 	target_text: text = 'She not does like apples'
172.5543 	EXP 	fix_text: autoDraw = True
172.7930 	EXP 	fix_text: autoDraw = False
172.8059 	EXP 	blank1_bg: autoDraw = True
172.9929 	EXP 	blank1_bg: autoDraw = False
173.0059 	EXP 	prime_text: autoDraw = True
173.1931 	EXP 	prime_text: autoDraw = False
173.2060 	EXP 	blank2_bg: autoDraw = True
173.2930 	EXP 	blank2_bg: autoDraw = False
173.3060 	INFO 	Keyboard events cleared
173.3059 	EXP 	target_text: autoDraw = True
174.2901 	EXP 	Device response: <KeyPress from None: t=174.28819804100203, value=left, duration=None>
174.2966 	DATA 	Keypress: left
174.3009 	EXP 	fix_text: autoDraw = False
174.3009 	EXP 	blank1_bg: autoDraw = False
174.3009 	EXP 	prime_text: autoDraw = False
174.3009 	EXP 	blank2_bg: autoDraw = False
174.3009 	EXP 	target_text: autoDraw = False
174.3009 	EXP 	greenCircle: autoDraw = True
174.3009 	EXP 	redCrosss: autoDraw = True
174.4237 	EXP 	Device response: <KeyPress from None: t=174.28819804100203, value=left, duration=0.12419695900462102>
174.4892 	EXP 	blank3_bg: autoDraw = True
174.4956 	EXP 	greenCircle: autoDraw = False
174.4956 	EXP 	redCrosss: autoDraw = False
175.2726 	EXP 	New trial (rep=2, index=11): <Trial 43 (11 in rep 2) data={'prime': 'The boy can read fast', 'target': 'The read can boy fast', 'condition': 'transposition_unrelated', 'correctAns': 'left', 'thisN': 43, 'thisTrialN': 11, 'thisRepN': 2}>
175.2844 	EXP 	blank3_bg: autoDraw = False
175.2844 	EXP 	blank3_bg: autoDraw = False
175.2844 	EXP 	greenCircle: autoDraw = False
175.2844 	EXP 	redCrosss: autoDraw = False
175.2844 	EXP 	prime_text: height = np.float64(0.05)
175.2844 	EXP 	prime_text: height = np.float64(0.05)
175.2844 	EXP 	prime_text: height = np.float64(0.05)
175.2844 	EXP 	prime_text: text = 'The boy can read fast'
175.2844 	EXP 	target_text: height = np.float64(0.05)
175.2844 	EXP 	target_text: height = np.float64(0.05)
175.2844 	EXP 	target_text: height = np.float64(0.05)
175.2844 	EXP 	target_text: text = 'The read can boy fast'
175.2904 	EXP 	fix_text: autoDraw = True
175.5393 	EXP 	fix_text: autoDraw = False
175.5393 	EXP 	blank1_bg: autoDraw = True
175.7263 	EXP 	blank1_bg: autoDraw = False
175.7393 	EXP 	prime_text: autoDraw = True
175.9263 	EXP 	prime_text: autoDraw = False
175.9392 	EXP 	blank2_bg: autoDraw = True
176.0264 	EXP 	blank2_bg: autoDraw = False
176.0394 	INFO 	Keyboard events cleared
176.0393 	EXP 	target_text: autoDraw = True
177.4238 	EXP 	Device response: <KeyPress from None: t=177.41713029099628, value=left, duration=None>
177.4313 	DATA 	Keypress: left
177.4359 	EXP 	fix_text: autoDraw = False
177.4359 	EXP 	blank1_bg: autoDraw = False
177.4359 	EXP 	prime_text: autoDraw = False
177.4359 	EXP 	blank2_bg: autoDraw = False
177.4359 	EXP 	target_text: autoDraw = False
177.4359 	EXP 	greenCircle: autoDraw = True
177.4359 	EXP 	redCrosss: autoDraw = True
177.5287 	EXP 	Device response: <KeyPress from None: t=177.41713029099628, value=left, duration=0.10830500000156462>
177.6230 	EXP 	blank3_bg: autoDraw = True
177.6310 	EXP 	greenCircle: autoDraw = False
177.6310 	EXP 	redCrosss: autoDraw = False
178.4061 	EXP 	New trial (rep=2, index=12): <Trial 44 (12 in rep 2) data={'prime': 'The dog is barking loudly', 'target': 'The dog barking is loudly', 'condition': 'transposition_related', 'correctAns': 'right', 'thisN': 44, 'thisTrialN': 12, 'thisRepN': 2}>
178.4194 	EXP 	blank3_bg: autoDraw = False
178.4194 	EXP 	blank3_bg: autoDraw = False
178.4194 	EXP 	greenCircle: autoDraw = False
178.4194 	EXP 	redCrosss: autoDraw = False
178.4194 	EXP 	prime_text: height = np.float64(0.05)
178.4194 	EXP 	prime_text: height = np.float64(0.05)
178.4194 	EXP 	prime_text: height = np.float64(0.05)
178.4194 	EXP 	prime_text: text = 'The dog is barking loudly'
178.4194 	EXP 	target_text: height = np.float64(0.05)
178.4194 	EXP 	target_text: height = np.float64(0.05)
178.4194 	EXP 	target_text: height = np.float64(0.05)
178.4194 	EXP 	target_text: text = 'The dog barking is loudly'
178.4250 	EXP 	fix_text: autoDraw = True
178.6725 	EXP 	fix_text: autoDraw = False
178.6725 	EXP 	blank1_bg: autoDraw = True
178.8596 	EXP 	blank1_bg: autoDraw = False
178.8728 	EXP 	prime_text: autoDraw = True
179.0597 	EXP 	prime_text: autoDraw = False
179.0728 	EXP 	blank2_bg: autoDraw = True
179.1599 	EXP 	blank2_bg: autoDraw = False
179.1729 	INFO 	Keyboard events cleared
179.1727 	EXP 	target_text: autoDraw = True
180.7237 	EXP 	Device response: <KeyPress from None: t=180.71596645799582, value=right, duration=None>
180.7303 	DATA 	Keypress: right
180.7345 	EXP 	fix_text: autoDraw = False
180.7345 	EXP 	blank1_bg: autoDraw = False
180.7345 	EXP 	prime_text: autoDraw = False
180.7345 	EXP 	blank2_bg: autoDraw = False
180.7345 	EXP 	target_text: autoDraw = False
180.7345 	EXP 	greenCircle: autoDraw = True
180.7345 	EXP 	redCrosss: autoDraw = True
180.8123 	EXP 	Device response: <KeyPress from None: t=180.71596645799582, value=right, duration=0.09237220800423529>
180.9142 	EXP 	blank3_bg: autoDraw = True
180.9273 	EXP 	greenCircle: autoDraw = False
180.9273 	EXP 	redCrosss: autoDraw = False
181.7050 	EXP 	New trial (rep=2, index=13): <Trial 45 (13 in rep 2) data={'prime': 'The dog is barking loudly', 'target': 'The barking dog loudly is', 'condition': 'transposition_unrelated', 'correctAns': 'left', 'thisN': 45, 'thisTrialN': 13, 'thisRepN': 2}>
181.7145 	EXP 	blank3_bg: autoDraw = False
181.7145 	EXP 	blank3_bg: autoDraw = False
181.7145 	EXP 	greenCircle: autoDraw = False
181.7145 	EXP 	redCrosss: autoDraw = False
181.7145 	EXP 	prime_text: text = 'The dog is barking loudly'
181.7145 	EXP 	target_text: height = np.float64(0.05)
181.7145 	EXP 	target_text: height = np.float64(0.05)
181.7145 	EXP 	target_text: height = np.float64(0.05)
181.7145 	EXP 	target_text: text = 'The barking dog loudly is'
181.7210 	EXP 	fix_text: autoDraw = True
181.9598 	EXP 	fix_text: autoDraw = False
181.9727 	EXP 	blank1_bg: autoDraw = True
182.1596 	EXP 	blank1_bg: autoDraw = False
182.1727 	EXP 	prime_text: autoDraw = True
182.3600 	EXP 	prime_text: autoDraw = False
182.3728 	EXP 	blank2_bg: autoDraw = True
182.4606 	EXP 	blank2_bg: autoDraw = False
182.4732 	INFO 	Keyboard events cleared
182.4730 	EXP 	target_text: autoDraw = True
183.7948 	EXP 	Device response: <KeyPress from None: t=183.7929314159992, value=left, duration=None>
183.8003 	DATA 	Keypress: left
183.8051 	EXP 	fix_text: autoDraw = False
183.8051 	EXP 	blank1_bg: autoDraw = False
183.8051 	EXP 	prime_text: autoDraw = False
183.8051 	EXP 	blank2_bg: autoDraw = False
183.8051 	EXP 	target_text: autoDraw = False
183.8051 	EXP 	greenCircle: autoDraw = True
183.8051 	EXP 	redCrosss: autoDraw = True
183.8960 	EXP 	Device response: <KeyPress from None: t=183.7929314159992, value=left, duration=0.10035466701083351>
183.9887 	EXP 	blank3_bg: autoDraw = True
183.9959 	EXP 	greenCircle: autoDraw = False
183.9959 	EXP 	redCrosss: autoDraw = False
184.7740 	EXP 	New trial (rep=2, index=14): <Trial 46 (14 in rep 2) data={'prime': 'They have finished the work', 'target': 'They have finished the work', 'condition': 'repetition_related', 'correctAns': 'right', 'thisN': 46, 'thisTrialN': 14, 'thisRepN': 2}>
184.7913 	EXP 	blank3_bg: autoDraw = False
184.7913 	EXP 	blank3_bg: autoDraw = False
184.7913 	EXP 	greenCircle: autoDraw = False
184.7913 	EXP 	redCrosss: autoDraw = False
184.7913 	EXP 	prime_text: height = np.float64(0.05)
184.7913 	EXP 	prime_text: height = np.float64(0.05)
184.7913 	EXP 	prime_text: height = np.float64(0.05)
184.7913 	EXP 	prime_text: text = 'They have finished the work'
184.7913 	EXP 	target_text: height = np.float64(0.05)
184.7913 	EXP 	target_text: height = np.float64(0.05)
184.7913 	EXP 	target_text: height = np.float64(0.05)
184.7913 	EXP 	target_text: text = 'They have finished the work'
184.8060 	EXP 	fix_text: autoDraw = True
185.0394 	EXP 	blank1_bg: autoDraw = True
185.0469 	EXP 	fix_text: autoDraw = False
185.2395 	EXP 	blank1_bg: autoDraw = False
185.2395 	EXP 	prime_text: autoDraw = True
185.4272 	EXP 	prime_text: autoDraw = False
185.4462 	EXP 	blank2_bg: autoDraw = True
185.5395 	INFO 	Keyboard events cleared
185.5393 	EXP 	target_text: autoDraw = True
185.5444 	EXP 	blank2_bg: autoDraw = False
187.2407 	EXP 	Device response: <KeyPress from None: t=187.2328329160082, value=right, duration=None>
187.2490 	DATA 	Keypress: right
187.2536 	EXP 	fix_text: autoDraw = False
187.2536 	EXP 	blank1_bg: autoDraw = False
187.2536 	EXP 	prime_text: autoDraw = False
187.2536 	EXP 	blank2_bg: autoDraw = False
187.2536 	EXP 	target_text: autoDraw = False
187.2536 	EXP 	greenCircle: autoDraw = True
187.2536 	EXP 	redCrosss: autoDraw = True
187.3071 	EXP 	Device response: <KeyPress from None: t=187.2328329160082, value=right, duration=0.06441979199007619>
187.4384 	EXP 	blank3_bg: autoDraw = True
187.4460 	EXP 	greenCircle: autoDraw = False
187.4460 	EXP 	redCrosss: autoDraw = False
188.2223 	EXP 	New trial (rep=2, index=15): <Trial 47 (15 in rep 2) data={'prime': 'They have finished the work', 'target': 'They finished have the work', 'condition': 'transposition_related', 'correctAns': 'right', 'thisN': 47, 'thisTrialN': 15, 'thisRepN': 2}>
188.2333 	EXP 	blank3_bg: autoDraw = False
188.2333 	EXP 	blank3_bg: autoDraw = False
188.2333 	EXP 	greenCircle: autoDraw = False
188.2333 	EXP 	redCrosss: autoDraw = False
188.2333 	EXP 	prime_text: text = 'They have finished the work'
188.2333 	EXP 	target_text: height = np.float64(0.05)
188.2333 	EXP 	target_text: height = np.float64(0.05)
188.2333 	EXP 	target_text: height = np.float64(0.05)
188.2333 	EXP 	target_text: text = 'They finished have the work'
188.2560 	EXP 	fix_text: autoDraw = True
188.4885 	EXP 	blank1_bg: autoDraw = True
188.4962 	EXP 	fix_text: autoDraw = False
188.6768 	EXP 	blank1_bg: autoDraw = False
188.6896 	EXP 	prime_text: autoDraw = True
188.8772 	EXP 	prime_text: autoDraw = False
188.8893 	EXP 	blank2_bg: autoDraw = True
188.9775 	EXP 	blank2_bg: autoDraw = False
188.9896 	INFO 	Keyboard events cleared
188.9894 	EXP 	target_text: autoDraw = True
190.2734 	EXP 	Device response: <KeyPress from None: t=190.26779845800775, value=left, duration=None>
190.2789 	DATA 	Keypress: left
190.2821 	EXP 	fix_text: autoDraw = False
190.2821 	EXP 	blank1_bg: autoDraw = False
190.2821 	EXP 	prime_text: autoDraw = False
190.2821 	EXP 	blank2_bg: autoDraw = False
190.2821 	EXP 	target_text: autoDraw = False
190.2821 	EXP 	greenCircle: autoDraw = True
190.2821 	EXP 	redCrosss: autoDraw = True
190.3736 	EXP 	Device response: <KeyPress from None: t=190.26779845800775, value=left, duration=0.10032529199088458>
190.4717 	EXP 	blank3_bg: autoDraw = True
190.4786 	EXP 	greenCircle: autoDraw = False
190.4786 	EXP 	redCrosss: autoDraw = False
191.2559 	EXP 	New trial (rep=3, index=0): <Trial 48 (0 in rep 3) data={'prime': 'She does not like apples', 'target': 'She not does like apples', 'condition': 'repetition_unrelated', 'correctAns': 'left', 'thisN': 48, 'thisTrialN': 0, 'thisRepN': 3}>
191.2694 	EXP 	blank3_bg: autoDraw = False
191.2694 	EXP 	blank3_bg: autoDraw = False
191.2694 	EXP 	greenCircle: autoDraw = False
191.2694 	EXP 	redCrosss: autoDraw = False
191.2694 	EXP 	prime_text: height = np.float64(0.05)
191.2694 	EXP 	prime_text: height = np.float64(0.05)
191.2694 	EXP 	prime_text: height = np.float64(0.05)
191.2694 	EXP 	prime_text: text = 'She does not like apples'
191.2694 	EXP 	target_text: height = np.float64(0.05)
191.2694 	EXP 	target_text: height = np.float64(0.05)
191.2694 	EXP 	target_text: height = np.float64(0.05)
191.2694 	EXP 	target_text: text = 'She not does like apples'
191.2743 	EXP 	fix_text: autoDraw = True
191.5153 	EXP 	blank1_bg: autoDraw = True
191.5227 	EXP 	fix_text: autoDraw = False
191.7097 	EXP 	blank1_bg: autoDraw = False
191.7227 	EXP 	prime_text: autoDraw = True
191.9101 	EXP 	prime_text: autoDraw = False
191.9226 	EXP 	blank2_bg: autoDraw = True
192.0112 	EXP 	blank2_bg: autoDraw = False
192.0227 	INFO 	Keyboard events cleared
192.0225 	EXP 	target_text: autoDraw = True
194.5807 	EXP 	Device response: <KeyPress from None: t=194.57950770799653, value=left, duration=None>
194.5884 	DATA 	Keypress: left
194.5922 	EXP 	fix_text: autoDraw = False
194.5922 	EXP 	blank1_bg: autoDraw = False
194.5922 	EXP 	prime_text: autoDraw = False
194.5922 	EXP 	blank2_bg: autoDraw = False
194.5922 	EXP 	target_text: autoDraw = False
194.5922 	EXP 	greenCircle: autoDraw = True
194.5922 	EXP 	redCrosss: autoDraw = True
194.6737 	EXP 	Device response: <KeyPress from None: t=194.57950770799653, value=left, duration=0.08998195800813846>
194.7822 	EXP 	blank3_bg: autoDraw = True
194.7883 	EXP 	greenCircle: autoDraw = False
194.7883 	EXP 	redCrosss: autoDraw = False
195.5734 	EXP 	New trial (rep=3, index=1): <Trial 49 (1 in rep 3) data={'prime': 'The dog is barking loudly', 'target': 'The dog is barking loudly', 'condition': 'repetition_related', 'correctAns': 'right', 'thisN': 49, 'thisTrialN': 1, 'thisRepN': 3}>
195.5892 	EXP 	blank3_bg: autoDraw = False
195.5892 	EXP 	blank3_bg: autoDraw = False
195.5892 	EXP 	greenCircle: autoDraw = False
195.5892 	EXP 	redCrosss: autoDraw = False
195.5892 	EXP 	prime_text: height = np.float64(0.05)
195.5892 	EXP 	prime_text: height = np.float64(0.05)
195.5892 	EXP 	prime_text: height = np.float64(0.05)
195.5892 	EXP 	prime_text: text = 'The dog is barking loudly'
195.5892 	EXP 	target_text: height = np.float64(0.05)
195.5892 	EXP 	target_text: height = np.float64(0.05)
195.5892 	EXP 	target_text: height = np.float64(0.05)
195.5892 	EXP 	target_text: text = 'The dog is barking loudly'
195.5892 	EXP 	fix_text: autoDraw = True
195.8298 	EXP 	fix_text: autoDraw = False
195.8298 	EXP 	blank1_bg: autoDraw = True
196.0227 	EXP 	blank1_bg: autoDraw = False
196.0294 	EXP 	prime_text: autoDraw = True
196.2224 	EXP 	prime_text: autoDraw = False
196.2283 	EXP 	blank2_bg: autoDraw = True
196.3226 	EXP 	blank2_bg: autoDraw = False
196.3289 	INFO 	Keyboard events cleared
196.3287 	EXP 	target_text: autoDraw = True
197.2280 	EXP 	Device response: <KeyPress from None: t=197.22604908300855, value=right, duration=None>
197.2357 	DATA 	Keypress: right
197.2411 	EXP 	fix_text: autoDraw = False
197.2411 	EXP 	blank1_bg: autoDraw = False
197.2411 	EXP 	prime_text: autoDraw = False
197.2411 	EXP 	blank2_bg: autoDraw = False
197.2411 	EXP 	target_text: autoDraw = False
197.2411 	EXP 	greenCircle: autoDraw = True
197.2411 	EXP 	redCrosss: autoDraw = True
197.3572 	EXP 	Device response: <KeyPress from None: t=197.22604908300855, value=right, duration=0.1243326249968959>
197.4294 	EXP 	blank3_bg: autoDraw = True
197.4378 	EXP 	greenCircle: autoDraw = False
197.4378 	EXP 	redCrosss: autoDraw = False
198.2231 	EXP 	New trial (rep=3, index=2): <Trial 50 (2 in rep 3) data={'prime': 'The boy can read fast', 'target': 'The boy can read fast', 'condition': 'transposition_related', 'correctAns': 'right', 'thisN': 50, 'thisTrialN': 2, 'thisRepN': 3}>
198.2381 	EXP 	blank3_bg: autoDraw = False
198.2381 	EXP 	blank3_bg: autoDraw = False
198.2381 	EXP 	greenCircle: autoDraw = False
198.2381 	EXP 	redCrosss: autoDraw = False
198.2381 	EXP 	prime_text: height = np.float64(0.05)
198.2381 	EXP 	prime_text: height = np.float64(0.05)
198.2381 	EXP 	prime_text: height = np.float64(0.05)
198.2381 	EXP 	prime_text: text = 'The boy can read fast'
198.2381 	EXP 	target_text: height = np.float64(0.05)
198.2381 	EXP 	target_text: height = np.float64(0.05)
198.2381 	EXP 	target_text: height = np.float64(0.05)
198.2381 	EXP 	target_text: text = 'The boy can read fast'
198.2381 	EXP 	fix_text: autoDraw = True
198.4724 	EXP 	blank1_bg: autoDraw = True
198.4804 	EXP 	fix_text: autoDraw = False
198.6604 	EXP 	blank1_bg: autoDraw = False
198.6797 	EXP 	prime_text: autoDraw = True
198.8724 	EXP 	blank2_bg: autoDraw = True
198.8783 	EXP 	prime_text: autoDraw = False
198.9601 	EXP 	blank2_bg: autoDraw = False
198.9789 	INFO 	Keyboard events cleared
198.9787 	EXP 	target_text: autoDraw = True
200.0901 	EXP 	Device response: <KeyPress from None: t=200.0879923330067, value=right, duration=None>
200.0977 	DATA 	Keypress: right
200.1020 	EXP 	fix_text: autoDraw = False
200.1020 	EXP 	blank1_bg: autoDraw = False
200.1020 	EXP 	prime_text: autoDraw = False
200.1020 	EXP 	blank2_bg: autoDraw = False
200.1020 	EXP 	target_text: autoDraw = False
200.1020 	EXP 	greenCircle: autoDraw = True
200.1020 	EXP 	redCrosss: autoDraw = True
200.1957 	EXP 	Device response: <KeyPress from None: t=200.0879923330067, value=right, duration=0.10434841699316166>
200.2876 	EXP 	blank3_bg: autoDraw = True
200.2946 	EXP 	greenCircle: autoDraw = False
200.2946 	EXP 	redCrosss: autoDraw = False
201.0732 	EXP 	New trial (rep=3, index=3): <Trial 51 (3 in rep 3) data={'prime': 'The dog is barking loudly', 'target': 'The barking dog loudly is', 'condition': 'transposition_unrelated', 'correctAns': 'left', 'thisN': 51, 'thisTrialN': 3, 'thisRepN': 3}>
201.0887 	EXP 	blank3_bg: autoDraw = False
201.0887 	EXP 	blank3_bg: autoDraw = False
201.0887 	EXP 	greenCircle: autoDraw = False
201.0887 	EXP 	redCrosss: autoDraw = False
201.0887 	EXP 	prime_text: height = np.float64(0.05)
201.0887 	EXP 	prime_text: height = np.float64(0.05)
201.0887 	EXP 	prime_text: height = np.float64(0.05)
201.0887 	EXP 	prime_text: text = 'The dog is barking loudly'
201.0887 	EXP 	target_text: height = np.float64(0.05)
201.0887 	EXP 	target_text: height = np.float64(0.05)
201.0887 	EXP 	target_text: height = np.float64(0.05)
201.0887 	EXP 	target_text: text = 'The barking dog loudly is'
201.0933 	EXP 	fix_text: autoDraw = True
201.3390 	EXP 	fix_text: autoDraw = False
201.3390 	EXP 	blank1_bg: autoDraw = True
201.5266 	EXP 	blank1_bg: autoDraw = False
201.5393 	EXP 	prime_text: autoDraw = True
201.7278 	EXP 	prime_text: autoDraw = False
201.7394 	EXP 	blank2_bg: autoDraw = True
201.8264 	EXP 	blank2_bg: autoDraw = False
201.8395 	INFO 	Keyboard events cleared
201.8392 	EXP 	target_text: autoDraw = True
202.7570 	EXP 	Device response: <KeyPress from None: t=202.75102929100103, value=left, duration=None>
202.7648 	DATA 	Keypress: left
202.7692 	EXP 	fix_text: autoDraw = False
202.7692 	EXP 	blank1_bg: autoDraw = False
202.7692 	EXP 	prime_text: autoDraw = False
202.7692 	EXP 	blank2_bg: autoDraw = False
202.7692 	EXP 	target_text: autoDraw = False
202.7692 	EXP 	greenCircle: autoDraw = True
202.7692 	EXP 	redCrosss: autoDraw = True
202.8742 	EXP 	Device response: <KeyPress from None: t=202.75102929100103, value=left, duration=0.11628954199841246>
202.9556 	EXP 	blank3_bg: autoDraw = True
202.9627 	EXP 	greenCircle: autoDraw = False
202.9627 	EXP 	redCrosss: autoDraw = False
203.7390 	EXP 	New trial (rep=3, index=4): <Trial 52 (4 in rep 3) data={'prime': 'The boy can read fast', 'target': 'The boy can read fast', 'condition': 'repetition_related', 'correctAns': 'right', 'thisN': 52, 'thisTrialN': 4, 'thisRepN': 3}>
203.7537 	EXP 	blank3_bg: autoDraw = False
203.7537 	EXP 	blank3_bg: autoDraw = False
203.7537 	EXP 	greenCircle: autoDraw = False
203.7537 	EXP 	redCrosss: autoDraw = False
203.7537 	EXP 	prime_text: height = np.float64(0.05)
203.7537 	EXP 	prime_text: height = np.float64(0.05)
203.7537 	EXP 	prime_text: height = np.float64(0.05)
203.7537 	EXP 	prime_text: text = 'The boy can read fast'
203.7537 	EXP 	target_text: height = np.float64(0.05)
203.7537 	EXP 	target_text: height = np.float64(0.05)
203.7537 	EXP 	target_text: height = np.float64(0.05)
203.7537 	EXP 	target_text: text = 'The boy can read fast'
203.7583 	EXP 	fix_text: autoDraw = True
204.0058 	EXP 	fix_text: autoDraw = False
204.0058 	EXP 	blank1_bg: autoDraw = True
204.1933 	EXP 	blank1_bg: autoDraw = False
204.2058 	EXP 	prime_text: autoDraw = True
204.3945 	EXP 	prime_text: autoDraw = False
204.4059 	EXP 	blank2_bg: autoDraw = True
204.4944 	EXP 	blank2_bg: autoDraw = False
204.5062 	INFO 	Keyboard events cleared
204.5060 	EXP 	target_text: autoDraw = True
205.7911 	EXP 	Device response: <KeyPress from None: t=205.7838429580006, value=right, duration=None>
205.7998 	DATA 	Keypress: right
205.8041 	EXP 	fix_text: autoDraw = False
205.8041 	EXP 	blank1_bg: autoDraw = False
205.8041 	EXP 	prime_text: autoDraw = False
205.8041 	EXP 	blank2_bg: autoDraw = False
205.8041 	EXP 	target_text: autoDraw = False
205.8041 	EXP 	greenCircle: autoDraw = True
205.8041 	EXP 	redCrosss: autoDraw = True
205.8965 	EXP 	Device response: <KeyPress from None: t=205.7838429580006, value=right, duration=0.10838716699799988>
205.9876 	EXP 	blank3_bg: autoDraw = True
205.9954 	EXP 	greenCircle: autoDraw = False
205.9954 	EXP 	redCrosss: autoDraw = False
206.7719 	EXP 	New trial (rep=3, index=5): <Trial 53 (5 in rep 3) data={'prime': 'She does not like apples', 'target': 'She not does like apples', 'condition': 'transposition_related', 'correctAns': 'right', 'thisN': 53, 'thisTrialN': 5, 'thisRepN': 3}>
206.7866 	EXP 	blank3_bg: autoDraw = False
206.7866 	EXP 	blank3_bg: autoDraw = False
206.7866 	EXP 	greenCircle: autoDraw = False
206.7866 	EXP 	redCrosss: autoDraw = False
206.7866 	EXP 	prime_text: height = np.float64(0.05)
206.7866 	EXP 	prime_text: height = np.float64(0.05)
206.7866 	EXP 	prime_text: height = np.float64(0.05)
206.7866 	EXP 	prime_text: text = 'She does not like apples'
206.7866 	EXP 	target_text: height = np.float64(0.05)
206.7866 	EXP 	target_text: height = np.float64(0.05)
206.7866 	EXP 	target_text: height = np.float64(0.05)
206.7866 	EXP 	target_text: text = 'She not does like apples'
206.7910 	EXP 	fix_text: autoDraw = True
207.0393 	EXP 	fix_text: autoDraw = False
207.0393 	EXP 	blank1_bg: autoDraw = True
207.2391 	EXP 	blank1_bg: autoDraw = False
207.2391 	EXP 	prime_text: autoDraw = True
207.4279 	EXP 	prime_text: autoDraw = False
207.4391 	EXP 	blank2_bg: autoDraw = True
207.5280 	EXP 	blank2_bg: autoDraw = False
207.5391 	INFO 	Keyboard events cleared
207.5388 	EXP 	target_text: autoDraw = True
208.2966 	EXP 	Device response: <KeyPress from None: t=208.292809999999, value=left, duration=None>
208.3040 	DATA 	Keypress: left
208.3084 	EXP 	fix_text: autoDraw = False
208.3084 	EXP 	blank1_bg: autoDraw = False
208.3084 	EXP 	prime_text: autoDraw = False
208.3084 	EXP 	blank2_bg: autoDraw = False
208.3084 	EXP 	target_text: autoDraw = False
208.3084 	EXP 	greenCircle: autoDraw = True
208.3084 	EXP 	redCrosss: autoDraw = True
208.4073 	EXP 	Device response: <KeyPress from None: t=208.292809999999, value=left, duration=0.10838337500172202>
208.4972 	EXP 	blank3_bg: autoDraw = True
208.5042 	EXP 	greenCircle: autoDraw = False
208.5042 	EXP 	redCrosss: autoDraw = False
209.2815 	EXP 	New trial (rep=3, index=6): <Trial 54 (6 in rep 3) data={'prime': 'The dog is barking loudly', 'target': 'The loudly is barking dog', 'condition': 'repetition_unrelated', 'correctAns': 'left', 'thisN': 54, 'thisTrialN': 6, 'thisRepN': 3}>
209.2973 	EXP 	blank3_bg: autoDraw = False
209.2973 	EXP 	blank3_bg: autoDraw = False
209.2973 	EXP 	greenCircle: autoDraw = False
209.2973 	EXP 	redCrosss: autoDraw = False
209.2973 	EXP 	prime_text: height = np.float64(0.05)
209.2973 	EXP 	prime_text: height = np.float64(0.05)
209.2973 	EXP 	prime_text: height = np.float64(0.05)
209.2973 	EXP 	prime_text: text = 'The dog is barking loudly'
209.2973 	EXP 	target_text: height = np.float64(0.05)
209.2973 	EXP 	target_text: height = np.float64(0.05)
209.2973 	EXP 	target_text: height = np.float64(0.05)
209.2973 	EXP 	target_text: text = 'The loudly is barking dog'
209.2973 	EXP 	fix_text: autoDraw = True
209.5478 	EXP 	fix_text: autoDraw = False
209.5478 	EXP 	blank1_bg: autoDraw = True
209.7375 	EXP 	blank1_bg: autoDraw = False
209.7375 	EXP 	prime_text: autoDraw = True
209.9272 	EXP 	prime_text: autoDraw = False
209.9453 	EXP 	blank2_bg: autoDraw = True
210.0391 	EXP 	blank2_bg: autoDraw = False
210.0459 	INFO 	Keyboard events cleared
210.0457 	EXP 	target_text: autoDraw = True
211.5237 	EXP 	Device response: <KeyPress from None: t=211.52168212500692, value=left, duration=None>
211.5318 	DATA 	Keypress: left
211.5360 	EXP 	fix_text: autoDraw = False
211.5360 	EXP 	blank1_bg: autoDraw = False
211.5360 	EXP 	prime_text: autoDraw = False
211.5360 	EXP 	blank2_bg: autoDraw = False
211.5360 	EXP 	target_text: autoDraw = False
211.5360 	EXP 	greenCircle: autoDraw = True
211.5360 	EXP 	redCrosss: autoDraw = True
211.6411 	EXP 	Device response: <KeyPress from None: t=211.52168212500692, value=left, duration=0.1082902079942869>
211.7209 	EXP 	blank3_bg: autoDraw = True
211.7273 	EXP 	greenCircle: autoDraw = False
211.7273 	EXP 	redCrosss: autoDraw = False
212.5063 	EXP 	New trial (rep=3, index=7): <Trial 55 (7 in rep 3) data={'prime': 'They have finished the work', 'target': 'They finished have the work', 'condition': 'transposition_related', 'correctAns': 'right', 'thisN': 55, 'thisTrialN': 7, 'thisRepN': 3}>
212.5223 	EXP 	blank3_bg: autoDraw = False
212.5223 	EXP 	blank3_bg: autoDraw = False
212.5223 	EXP 	greenCircle: autoDraw = False
212.5223 	EXP 	redCrosss: autoDraw = False
212.5223 	EXP 	prime_text: height = np.float64(0.05)
212.5223 	EXP 	prime_text: height = np.float64(0.05)
212.5223 	EXP 	prime_text: height = np.float64(0.05)
212.5223 	EXP 	prime_text: text = 'They have finished the work'
212.5223 	EXP 	target_text: height = np.float64(0.05)
212.5223 	EXP 	target_text: height = np.float64(0.05)
212.5223 	EXP 	target_text: height = np.float64(0.05)
212.5223 	EXP 	target_text: text = 'They finished have the work'
212.5261 	EXP 	fix_text: autoDraw = True
212.7721 	EXP 	fix_text: autoDraw = False
212.7721 	EXP 	blank1_bg: autoDraw = True
212.9724 	EXP 	blank1_bg: autoDraw = False
212.9724 	EXP 	prime_text: autoDraw = True
213.1614 	EXP 	prime_text: autoDraw = False
213.1724 	EXP 	blank2_bg: autoDraw = True
213.2610 	EXP 	blank2_bg: autoDraw = False
213.2727 	INFO 	Keyboard events cleared
213.2724 	EXP 	target_text: autoDraw = True
215.7409 	EXP 	Device response: <KeyPress from None: t=215.73838799999794, value=left, duration=None>
215.7491 	DATA 	Keypress: left
215.7534 	EXP 	fix_text: autoDraw = False
215.7534 	EXP 	blank1_bg: autoDraw = False
215.7534 	EXP 	prime_text: autoDraw = False
215.7534 	EXP 	blank2_bg: autoDraw = False
215.7534 	EXP 	target_text: autoDraw = False
215.7534 	EXP 	greenCircle: autoDraw = True
215.7534 	EXP 	redCrosss: autoDraw = True
215.8403 	EXP 	Device response: <KeyPress from None: t=215.73838799999794, value=left, duration=0.09400520801136736>
215.9376 	EXP 	blank3_bg: autoDraw = True
215.9445 	EXP 	greenCircle: autoDraw = False
215.9445 	EXP 	redCrosss: autoDraw = False
216.7234 	EXP 	New trial (rep=3, index=8): <Trial 56 (8 in rep 3) data={'prime': 'She does not like apples', 'target': 'She like does apples not', 'condition': 'transposition_unrelated', 'correctAns': 'left', 'thisN': 56, 'thisTrialN': 8, 'thisRepN': 3}>
216.7392 	EXP 	blank3_bg: autoDraw = False
216.7392 	EXP 	blank3_bg: autoDraw = False
216.7392 	EXP 	greenCircle: autoDraw = False
216.7392 	EXP 	redCrosss: autoDraw = False
216.7392 	EXP 	prime_text: height = np.float64(0.05)
216.7392 	EXP 	prime_text: height = np.float64(0.05)
216.7392 	EXP 	prime_text: height = np.float64(0.05)
216.7392 	EXP 	prime_text: text = 'She does not like apples'
216.7392 	EXP 	target_text: height = np.float64(0.05)
216.7392 	EXP 	target_text: height = np.float64(0.05)
216.7392 	EXP 	target_text: height = np.float64(0.05)
216.7392 	EXP 	target_text: text = 'She like does apples not'
216.7558 	EXP 	fix_text: autoDraw = True
216.9892 	EXP 	blank1_bg: autoDraw = True
216.9976 	EXP 	fix_text: autoDraw = False
217.1766 	EXP 	blank1_bg: autoDraw = False
217.1892 	EXP 	prime_text: autoDraw = True
217.3761 	EXP 	prime_text: autoDraw = False
217.3892 	EXP 	blank2_bg: autoDraw = True
217.4773 	EXP 	blank2_bg: autoDraw = False
217.4894 	INFO 	Keyboard events cleared
217.4892 	EXP 	target_text: autoDraw = True
219.9797 	EXP 	Device response: <KeyPress from None: t=219.973456000007, value=left, duration=None>
219.9870 	DATA 	Keypress: left
219.9917 	EXP 	fix_text: autoDraw = False
219.9917 	EXP 	blank1_bg: autoDraw = False
219.9917 	EXP 	prime_text: autoDraw = False
219.9917 	EXP 	blank2_bg: autoDraw = False
219.9917 	EXP 	target_text: autoDraw = False
219.9917 	EXP 	greenCircle: autoDraw = True
219.9917 	EXP 	redCrosss: autoDraw = True
220.0576 	EXP 	Device response: <KeyPress from None: t=219.973456000007, value=left, duration=0.07805316599842627>
220.1818 	EXP 	blank3_bg: autoDraw = True
220.1881 	EXP 	greenCircle: autoDraw = False
220.1881 	EXP 	redCrosss: autoDraw = False
220.9734 	EXP 	New trial (rep=3, index=9): <Trial 57 (9 in rep 3) data={'prime': 'The dog is barking loudly', 'target': 'The dog barking is loudly', 'condition': 'transposition_related', 'correctAns': 'right', 'thisN': 57, 'thisTrialN': 9, 'thisRepN': 3}>
220.9910 	EXP 	blank3_bg: autoDraw = False
220.9910 	EXP 	blank3_bg: autoDraw = False
220.9910 	EXP 	greenCircle: autoDraw = False
220.9910 	EXP 	redCrosss: autoDraw = False
220.9910 	EXP 	prime_text: height = np.float64(0.05)
220.9910 	EXP 	prime_text: height = np.float64(0.05)
220.9910 	EXP 	prime_text: height = np.float64(0.05)
220.9910 	EXP 	prime_text: text = 'The dog is barking loudly'
220.9910 	EXP 	target_text: height = np.float64(0.05)
220.9910 	EXP 	target_text: height = np.float64(0.05)
220.9910 	EXP 	target_text: height = np.float64(0.05)
220.9910 	EXP 	target_text: text = 'The dog barking is loudly'
220.9910 	EXP 	fix_text: autoDraw = True
221.2314 	EXP 	blank1_bg: autoDraw = True
221.2381 	EXP 	fix_text: autoDraw = False
221.4218 	EXP 	prime_text: autoDraw = True
221.4264 	EXP 	blank1_bg: autoDraw = False
221.6098 	EXP 	prime_text: autoDraw = False
221.6254 	EXP 	blank2_bg: autoDraw = True
221.7216 	EXP 	blank2_bg: autoDraw = False
221.7267 	INFO 	Keyboard events cleared
221.7264 	EXP 	target_text: autoDraw = True
223.7571 	EXP 	Device response: <KeyPress from None: t=223.75405062500795, value=left, duration=None>
223.7660 	DATA 	Keypress: left
223.7704 	EXP 	fix_text: autoDraw = False
223.7704 	EXP 	blank1_bg: autoDraw = False
223.7704 	EXP 	prime_text: autoDraw = False
223.7704 	EXP 	blank2_bg: autoDraw = False
223.7704 	EXP 	target_text: autoDraw = False
223.7704 	EXP 	greenCircle: autoDraw = True
223.7704 	EXP 	redCrosss: autoDraw = True
223.8738 	EXP 	Device response: <KeyPress from None: t=223.75405062500795, value=left, duration=0.11224820799543522>
223.9542 	EXP 	blank3_bg: autoDraw = True
223.9623 	EXP 	greenCircle: autoDraw = False
223.9623 	EXP 	redCrosss: autoDraw = False
224.7388 	EXP 	New trial (rep=3, index=10): <Trial 58 (10 in rep 3) data={'prime': 'They have finished the work', 'target': 'They have finished the work', 'condition': 'repetition_related', 'correctAns': 'right', 'thisN': 58, 'thisTrialN': 10, 'thisRepN': 3}>
224.9237 	EXP 	blank3_bg: autoDraw = False
224.9237 	EXP 	blank3_bg: autoDraw = False
224.9237 	EXP 	greenCircle: autoDraw = False
224.9237 	EXP 	redCrosss: autoDraw = False
224.9237 	EXP 	prime_text: height = np.float64(0.05)
224.9237 	EXP 	prime_text: height = np.float64(0.05)
224.9237 	EXP 	prime_text: height = np.float64(0.05)
224.9237 	EXP 	prime_text: text = 'They have finished the work'
224.9237 	EXP 	target_text: height = np.float64(0.05)
224.9237 	EXP 	target_text: height = np.float64(0.05)
224.9237 	EXP 	target_text: height = np.float64(0.05)
224.9237 	EXP 	target_text: text = 'They have finished the work'
224.9237 	EXP 	fix_text: autoDraw = True
225.0046 	EXP 	blank1_bg: autoDraw = True
225.1715 	EXP 	fix_text: autoDraw = False
225.1926 	EXP 	blank1_bg: autoDraw = False
225.2055 	EXP 	prime_text: autoDraw = True
225.3943 	EXP 	prime_text: autoDraw = False
225.4058 	EXP 	blank2_bg: autoDraw = True
225.4940 	EXP 	blank2_bg: autoDraw = False
225.5063 	INFO 	Keyboard events cleared
225.5060 	EXP 	target_text: autoDraw = True
226.6797 	EXP 	Device response: <KeyPress from None: t=226.67403337500582, value=right, duration=None>
226.6870 	DATA 	Keypress: right
226.6911 	EXP 	fix_text: autoDraw = False
226.6911 	EXP 	blank1_bg: autoDraw = False
226.6911 	EXP 	prime_text: autoDraw = False
226.6911 	EXP 	blank2_bg: autoDraw = False
226.6911 	EXP 	target_text: autoDraw = False
226.6911 	EXP 	greenCircle: autoDraw = True
226.6911 	EXP 	redCrosss: autoDraw = True
226.7904 	EXP 	Device response: <KeyPress from None: t=226.67403337500582, value=right, duration=0.11227612500078976>
226.8812 	EXP 	blank3_bg: autoDraw = True
226.8874 	EXP 	greenCircle: autoDraw = False
226.8874 	EXP 	redCrosss: autoDraw = False
227.6722 	EXP 	New trial (rep=3, index=11): <Trial 59 (11 in rep 3) data={'prime': 'They have finished the work', 'target': 'They finished have the work', 'condition': 'repetition_unrelated', 'correctAns': 'left', 'thisN': 59, 'thisTrialN': 11, 'thisRepN': 3}>
227.6847 	EXP 	blank3_bg: autoDraw = False
227.6847 	EXP 	blank3_bg: autoDraw = False
227.6847 	EXP 	greenCircle: autoDraw = False
227.6847 	EXP 	redCrosss: autoDraw = False
227.6847 	EXP 	prime_text: text = 'They have finished the work'
227.6847 	EXP 	target_text: height = np.float64(0.05)
227.6847 	EXP 	target_text: height = np.float64(0.05)
227.6847 	EXP 	target_text: height = np.float64(0.05)
227.6847 	EXP 	target_text: text = 'They finished have the work'
227.6847 	EXP 	fix_text: autoDraw = True
227.9299 	EXP 	fix_text: autoDraw = False
227.9299 	EXP 	blank1_bg: autoDraw = True
228.1225 	EXP 	blank1_bg: autoDraw = False
228.1225 	EXP 	prime_text: autoDraw = True
228.3107 	EXP 	prime_text: autoDraw = False
228.3288 	EXP 	blank2_bg: autoDraw = True
228.4223 	EXP 	blank2_bg: autoDraw = False
228.4291 	INFO 	Keyboard events cleared
228.4290 	EXP 	target_text: autoDraw = True
230.1576 	EXP 	Device response: <KeyPress from None: t=230.14890845800983, value=left, duration=None>
230.1660 	DATA 	Keypress: left
230.1703 	EXP 	fix_text: autoDraw = False
230.1703 	EXP 	blank1_bg: autoDraw = False
230.1703 	EXP 	prime_text: autoDraw = False
230.1703 	EXP 	blank2_bg: autoDraw = False
230.1703 	EXP 	target_text: autoDraw = False
230.1703 	EXP 	greenCircle: autoDraw = True
230.1703 	EXP 	redCrosss: autoDraw = True
230.2738 	EXP 	Device response: <KeyPress from None: t=230.14890845800983, value=left, duration=0.12029249999613967>
230.3547 	EXP 	blank3_bg: autoDraw = True
230.3622 	EXP 	greenCircle: autoDraw = False
230.3622 	EXP 	redCrosss: autoDraw = False
231.1397 	EXP 	New trial (rep=3, index=12): <Trial 60 (12 in rep 3) data={'prime': 'The boy can read fast', 'target': 'The read can boy fast', 'condition': 'repetition_unrelated', 'correctAns': 'left', 'thisN': 60, 'thisTrialN': 12, 'thisRepN': 3}>
231.1535 	EXP 	blank3_bg: autoDraw = False
231.1535 	EXP 	blank3_bg: autoDraw = False
231.1535 	EXP 	greenCircle: autoDraw = False
231.1535 	EXP 	redCrosss: autoDraw = False
231.1535 	EXP 	prime_text: height = np.float64(0.05)
231.1535 	EXP 	prime_text: height = np.float64(0.05)
231.1535 	EXP 	prime_text: height = np.float64(0.05)
231.1535 	EXP 	prime_text: text = 'The boy can read fast'
231.1535 	EXP 	target_text: height = np.float64(0.05)
231.1535 	EXP 	target_text: height = np.float64(0.05)
231.1535 	EXP 	target_text: height = np.float64(0.05)
231.1535 	EXP 	target_text: text = 'The read can boy fast'
231.1580 	EXP 	fix_text: autoDraw = True
231.4057 	EXP 	fix_text: autoDraw = False
231.4057 	EXP 	blank1_bg: autoDraw = True
231.5933 	EXP 	blank1_bg: autoDraw = False
231.6058 	EXP 	prime_text: autoDraw = True
231.7942 	EXP 	prime_text: autoDraw = False
231.8057 	EXP 	blank2_bg: autoDraw = True
231.8938 	EXP 	blank2_bg: autoDraw = False
231.9060 	INFO 	Keyboard events cleared
231.9057 	EXP 	target_text: autoDraw = True
233.6575 	EXP 	Device response: <KeyPress from None: t=233.6547445830074, value=left, duration=None>
233.6657 	DATA 	Keypress: left
233.6699 	EXP 	fix_text: autoDraw = False
233.6699 	EXP 	blank1_bg: autoDraw = False
233.6699 	EXP 	prime_text: autoDraw = False
233.6699 	EXP 	blank2_bg: autoDraw = False
233.6699 	EXP 	target_text: autoDraw = False
233.6699 	EXP 	greenCircle: autoDraw = True
233.6699 	EXP 	redCrosss: autoDraw = True
233.7569 	EXP 	Device response: <KeyPress from None: t=233.6547445830074, value=left, duration=0.10074991699366365>
233.8546 	EXP 	blank3_bg: autoDraw = True
233.8614 	EXP 	greenCircle: autoDraw = False
233.8614 	EXP 	redCrosss: autoDraw = False
234.6394 	EXP 	New trial (rep=3, index=13): <Trial 61 (13 in rep 3) data={'prime': 'She does not like apples', 'target': 'She does not like apples', 'condition': 'repetition_related', 'correctAns': 'right', 'thisN': 61, 'thisTrialN': 13, 'thisRepN': 3}>
234.6531 	EXP 	blank3_bg: autoDraw = False
234.6531 	EXP 	blank3_bg: autoDraw = False
234.6531 	EXP 	greenCircle: autoDraw = False
234.6531 	EXP 	redCrosss: autoDraw = False
234.6531 	EXP 	prime_text: height = np.float64(0.05)
234.6531 	EXP 	prime_text: height = np.float64(0.05)
234.6531 	EXP 	prime_text: height = np.float64(0.05)
234.6531 	EXP 	prime_text: text = 'She does not like apples'
234.6531 	EXP 	target_text: height = np.float64(0.05)
234.6531 	EXP 	target_text: height = np.float64(0.05)
234.6531 	EXP 	target_text: height = np.float64(0.05)
234.6531 	EXP 	target_text: text = 'She does not like apples'
234.6570 	EXP 	fix_text: autoDraw = True
234.9058 	EXP 	fix_text: autoDraw = False
234.9058 	EXP 	blank1_bg: autoDraw = True
235.0935 	EXP 	blank1_bg: autoDraw = False
235.1058 	EXP 	prime_text: autoDraw = True
235.2942 	EXP 	prime_text: autoDraw = False
235.3056 	EXP 	blank2_bg: autoDraw = True
235.3942 	EXP 	blank2_bg: autoDraw = False
235.4060 	INFO 	Keyboard events cleared
235.4057 	EXP 	target_text: autoDraw = True
236.7798 	EXP 	Device response: <KeyPress from None: t=236.77276304100815, value=right, duration=None>
236.7869 	DATA 	Keypress: right
236.7912 	EXP 	fix_text: autoDraw = False
236.7912 	EXP 	blank1_bg: autoDraw = False
236.7912 	EXP 	prime_text: autoDraw = False
236.7912 	EXP 	blank2_bg: autoDraw = False
236.7912 	EXP 	target_text: autoDraw = False
236.7912 	EXP 	greenCircle: autoDraw = True
236.7912 	EXP 	redCrosss: autoDraw = True
236.8738 	EXP 	Device response: <KeyPress from None: t=236.77276304100815, value=right, duration=0.09629291699093301>
236.9808 	EXP 	blank3_bg: autoDraw = True
236.9880 	EXP 	greenCircle: autoDraw = False
236.9880 	EXP 	redCrosss: autoDraw = False
237.7736 	EXP 	New trial (rep=3, index=14): <Trial 62 (14 in rep 3) data={'prime': 'They have finished the work', 'target': 'They work the have finished', 'condition': 'transposition_unrelated', 'correctAns': 'left', 'thisN': 62, 'thisTrialN': 14, 'thisRepN': 3}>
237.7899 	EXP 	blank3_bg: autoDraw = False
237.7899 	EXP 	blank3_bg: autoDraw = False
237.7899 	EXP 	greenCircle: autoDraw = False
237.7899 	EXP 	redCrosss: autoDraw = False
237.7899 	EXP 	prime_text: height = np.float64(0.05)
237.7899 	EXP 	prime_text: height = np.float64(0.05)
237.7899 	EXP 	prime_text: height = np.float64(0.05)
237.7899 	EXP 	prime_text: text = 'They have finished the work'
237.7899 	EXP 	target_text: height = np.float64(0.05)
237.7899 	EXP 	target_text: height = np.float64(0.05)
237.7899 	EXP 	target_text: height = np.float64(0.05)
237.7899 	EXP 	target_text: text = 'They work the have finished'
237.7899 	EXP 	fix_text: autoDraw = True
238.0308 	EXP 	fix_text: autoDraw = False
238.0308 	EXP 	blank1_bg: autoDraw = True
238.2285 	EXP 	blank1_bg: autoDraw = False
238.2285 	EXP 	prime_text: autoDraw = True
238.4224 	EXP 	prime_text: autoDraw = False
238.4284 	EXP 	blank2_bg: autoDraw = True
238.5224 	EXP 	blank2_bg: autoDraw = False
238.5292 	INFO 	Keyboard events cleared
238.5291 	EXP 	target_text: autoDraw = True
239.7467 	EXP 	Device response: <KeyPress from None: t=239.74172841600375, value=left, duration=None>
239.7544 	DATA 	Keypress: left
239.7583 	EXP 	fix_text: autoDraw = False
239.7583 	EXP 	blank1_bg: autoDraw = False
239.7583 	EXP 	prime_text: autoDraw = False
239.7583 	EXP 	blank2_bg: autoDraw = False
239.7583 	EXP 	target_text: autoDraw = False
239.7583 	EXP 	greenCircle: autoDraw = True
239.7583 	EXP 	redCrosss: autoDraw = True
239.8236 	EXP 	Device response: <KeyPress from None: t=239.74172841600375, value=left, duration=0.08029545900353696>
239.9475 	EXP 	blank3_bg: autoDraw = True
239.9548 	EXP 	greenCircle: autoDraw = False
239.9548 	EXP 	redCrosss: autoDraw = False
240.7400 	EXP 	New trial (rep=3, index=15): <Trial 63 (15 in rep 3) data={'prime': 'The boy can read fast', 'target': 'The read can boy fast', 'condition': 'transposition_unrelated', 'correctAns': 'left', 'thisN': 63, 'thisTrialN': 15, 'thisRepN': 3}>
240.7550 	EXP 	blank3_bg: autoDraw = False
240.7550 	EXP 	blank3_bg: autoDraw = False
240.7550 	EXP 	greenCircle: autoDraw = False
240.7550 	EXP 	redCrosss: autoDraw = False
240.7550 	EXP 	prime_text: height = np.float64(0.05)
240.7550 	EXP 	prime_text: height = np.float64(0.05)
240.7550 	EXP 	prime_text: height = np.float64(0.05)
240.7550 	EXP 	prime_text: text = 'The boy can read fast'
240.7550 	EXP 	target_text: height = np.float64(0.05)
240.7550 	EXP 	target_text: height = np.float64(0.05)
240.7550 	EXP 	target_text: height = np.float64(0.05)
240.7550 	EXP 	target_text: text = 'The read can boy fast'
240.7550 	EXP 	fix_text: autoDraw = True
240.9978 	EXP 	fix_text: autoDraw = False
240.9978 	EXP 	blank1_bg: autoDraw = True
241.1880 	EXP 	prime_text: autoDraw = True
241.1930 	EXP 	blank1_bg: autoDraw = False
241.3778 	EXP 	prime_text: autoDraw = False
241.3952 	EXP 	blank2_bg: autoDraw = True
241.4890 	EXP 	blank2_bg: autoDraw = False
241.4959 	INFO 	Keyboard events cleared
241.4957 	EXP 	target_text: autoDraw = True
242.6573 	EXP 	Device response: <KeyPress from None: t=242.65350983300596, value=left, duration=None>
242.6658 	DATA 	Keypress: left
242.6701 	EXP 	fix_text: autoDraw = False
242.6701 	EXP 	blank1_bg: autoDraw = False
242.6701 	EXP 	prime_text: autoDraw = False
242.6701 	EXP 	blank2_bg: autoDraw = False
242.6701 	EXP 	target_text: autoDraw = False
242.6701 	EXP 	greenCircle: autoDraw = True
242.6701 	EXP 	redCrosss: autoDraw = True
242.7573 	EXP 	Device response: <KeyPress from None: t=242.65350983300596, value=left, duration=0.0964948749897303>
242.8544 	EXP 	blank3_bg: autoDraw = True
242.8628 	EXP 	greenCircle: autoDraw = False
242.8628 	EXP 	redCrosss: autoDraw = False
243.6397 	EXP 	New trial (rep=4, index=0): <Trial 64 (0 in rep 4) data={'prime': 'They have finished the work', 'target': 'They work the have finished', 'condition': 'transposition_unrelated', 'correctAns': 'left', 'thisN': 64, 'thisTrialN': 0, 'thisRepN': 4}>
243.6552 	EXP 	blank3_bg: autoDraw = False
243.6552 	EXP 	blank3_bg: autoDraw = False
243.6552 	EXP 	greenCircle: autoDraw = False
243.6552 	EXP 	redCrosss: autoDraw = False
243.6552 	EXP 	prime_text: height = np.float64(0.05)
243.6552 	EXP 	prime_text: height = np.float64(0.05)
243.6552 	EXP 	prime_text: height = np.float64(0.05)
243.6552 	EXP 	prime_text: text = 'They have finished the work'
243.6552 	EXP 	target_text: height = np.float64(0.05)
243.6552 	EXP 	target_text: height = np.float64(0.05)
243.6552 	EXP 	target_text: height = np.float64(0.05)
243.6552 	EXP 	target_text: text = 'They work the have finished'
243.6598 	EXP 	fix_text: autoDraw = True
243.9058 	EXP 	fix_text: autoDraw = False
243.9058 	EXP 	blank1_bg: autoDraw = True
244.1056 	EXP 	blank1_bg: autoDraw = False
244.1056 	EXP 	prime_text: autoDraw = True
244.2938 	EXP 	prime_text: autoDraw = False
244.3058 	EXP 	blank2_bg: autoDraw = True
244.3932 	EXP 	blank2_bg: autoDraw = False
244.4060 	INFO 	Keyboard events cleared
244.4057 	EXP 	target_text: autoDraw = True
246.2743 	EXP 	Device response: <KeyPress from None: t=246.26953250000952, value=left, duration=None>
246.2827 	DATA 	Keypress: left
246.2870 	EXP 	fix_text: autoDraw = False
246.2870 	EXP 	blank1_bg: autoDraw = False
246.2870 	EXP 	prime_text: autoDraw = False
246.2870 	EXP 	blank2_bg: autoDraw = False
246.2870 	EXP 	target_text: autoDraw = False
246.2870 	EXP 	greenCircle: autoDraw = True
246.2870 	EXP 	redCrosss: autoDraw = True
246.3790 	EXP 	Device response: <KeyPress from None: t=246.26953250000952, value=left, duration=0.10831804099143483>
246.4722 	EXP 	blank3_bg: autoDraw = True
246.4783 	EXP 	greenCircle: autoDraw = False
246.4783 	EXP 	redCrosss: autoDraw = False
247.2622 	EXP 	New trial (rep=4, index=1): <Trial 65 (1 in rep 4) data={'prime': 'The boy can read fast', 'target': 'The read can boy fast', 'condition': 'repetition_unrelated', 'correctAns': 'left', 'thisN': 65, 'thisTrialN': 1, 'thisRepN': 4}>
247.2781 	EXP 	blank3_bg: autoDraw = False
247.2781 	EXP 	blank3_bg: autoDraw = False
247.2781 	EXP 	greenCircle: autoDraw = False
247.2781 	EXP 	redCrosss: autoDraw = False
247.2781 	EXP 	prime_text: height = np.float64(0.05)
247.2781 	EXP 	prime_text: height = np.float64(0.05)
247.2781 	EXP 	prime_text: height = np.float64(0.05)
247.2781 	EXP 	prime_text: text = 'The boy can read fast'
247.2781 	EXP 	target_text: height = np.float64(0.05)
247.2781 	EXP 	target_text: height = np.float64(0.05)
247.2781 	EXP 	target_text: height = np.float64(0.05)
247.2781 	EXP 	target_text: text = 'The read can boy fast'
247.2781 	EXP 	fix_text: autoDraw = True
247.5222 	EXP 	fix_text: autoDraw = False
247.5222 	EXP 	blank1_bg: autoDraw = True
247.7106 	EXP 	blank1_bg: autoDraw = False
247.7224 	EXP 	prime_text: autoDraw = True
247.9104 	EXP 	prime_text: autoDraw = False
247.9224 	EXP 	blank2_bg: autoDraw = True
248.0108 	EXP 	blank2_bg: autoDraw = False
248.0228 	INFO 	Keyboard events cleared
248.0225 	EXP 	target_text: autoDraw = True
249.0407 	EXP 	Device response: <KeyPress from None: t=249.0314519579988, value=left, duration=None>
249.0482 	DATA 	Keypress: left
249.0541 	EXP 	fix_text: autoDraw = False
249.0541 	EXP 	blank1_bg: autoDraw = False
249.0541 	EXP 	prime_text: autoDraw = False
249.0541 	EXP 	blank2_bg: autoDraw = False
249.0541 	EXP 	target_text: autoDraw = False
249.0541 	EXP 	greenCircle: autoDraw = True
249.0541 	EXP 	redCrosss: autoDraw = True
249.1465 	EXP 	Device response: <KeyPress from None: t=249.0314519579988, value=left, duration=0.11232933300198056>
249.2377 	EXP 	blank3_bg: autoDraw = True
249.2462 	EXP 	greenCircle: autoDraw = False
249.2462 	EXP 	redCrosss: autoDraw = False
250.0217 	EXP 	New trial (rep=4, index=2): <Trial 66 (2 in rep 4) data={'prime': 'She does not like apples', 'target': 'She not does like apples', 'condition': 'repetition_unrelated', 'correctAns': 'left', 'thisN': 66, 'thisTrialN': 2, 'thisRepN': 4}>
250.0368 	EXP 	blank3_bg: autoDraw = False
250.0368 	EXP 	blank3_bg: autoDraw = False
250.0368 	EXP 	greenCircle: autoDraw = False
250.0368 	EXP 	redCrosss: autoDraw = False
250.0368 	EXP 	prime_text: height = np.float64(0.05)
250.0368 	EXP 	prime_text: height = np.float64(0.05)
250.0368 	EXP 	prime_text: height = np.float64(0.05)
250.0368 	EXP 	prime_text: text = 'She does not like apples'
250.0368 	EXP 	target_text: height = np.float64(0.05)
250.0368 	EXP 	target_text: height = np.float64(0.05)
250.0368 	EXP 	target_text: height = np.float64(0.05)
250.0368 	EXP 	target_text: text = 'She not does like apples'
250.0407 	EXP 	fix_text: autoDraw = True
250.2892 	EXP 	fix_text: autoDraw = False
250.2892 	EXP 	blank1_bg: autoDraw = True
250.4889 	EXP 	blank1_bg: autoDraw = False
250.4889 	EXP 	prime_text: autoDraw = True
250.6772 	EXP 	prime_text: autoDraw = False
250.6891 	EXP 	blank2_bg: autoDraw = True
250.7764 	EXP 	blank2_bg: autoDraw = False
250.7893 	INFO 	Keyboard events cleared
250.7891 	EXP 	target_text: autoDraw = True
252.0404 	EXP 	Device response: <KeyPress from None: t=252.0314162499999, value=left, duration=None>
252.0485 	DATA 	Keypress: left
252.0527 	EXP 	fix_text: autoDraw = False
252.0527 	EXP 	blank1_bg: autoDraw = False
252.0527 	EXP 	prime_text: autoDraw = False
252.0527 	EXP 	blank2_bg: autoDraw = False
252.0527 	EXP 	target_text: autoDraw = False
252.0527 	EXP 	greenCircle: autoDraw = True
252.0527 	EXP 	redCrosss: autoDraw = True
252.1740 	EXP 	Device response: <KeyPress from None: t=252.0314162499999, value=left, duration=0.1363028750056401>
252.2376 	EXP 	blank3_bg: autoDraw = True
252.2456 	EXP 	greenCircle: autoDraw = False
252.2456 	EXP 	redCrosss: autoDraw = False
253.0224 	EXP 	New trial (rep=4, index=3): <Trial 67 (3 in rep 4) data={'prime': 'The dog is barking loudly', 'target': 'The barking dog loudly is', 'condition': 'transposition_unrelated', 'correctAns': 'left', 'thisN': 67, 'thisTrialN': 3, 'thisRepN': 4}>
253.0378 	EXP 	blank3_bg: autoDraw = False
253.0378 	EXP 	blank3_bg: autoDraw = False
253.0378 	EXP 	greenCircle: autoDraw = False
253.0378 	EXP 	redCrosss: autoDraw = False
253.0378 	EXP 	prime_text: height = np.float64(0.05)
253.0378 	EXP 	prime_text: height = np.float64(0.05)
253.0378 	EXP 	prime_text: height = np.float64(0.05)
253.0378 	EXP 	prime_text: text = 'The dog is barking loudly'
253.0378 	EXP 	target_text: height = np.float64(0.05)
253.0378 	EXP 	target_text: height = np.float64(0.05)
253.0378 	EXP 	target_text: height = np.float64(0.05)
253.0378 	EXP 	target_text: text = 'The barking dog loudly is'
253.0423 	EXP 	fix_text: autoDraw = True
253.2891 	EXP 	fix_text: autoDraw = False
253.2891 	EXP 	blank1_bg: autoDraw = True
253.4759 	EXP 	blank1_bg: autoDraw = False
253.4889 	EXP 	prime_text: autoDraw = True
253.6767 	EXP 	prime_text: autoDraw = False
253.6889 	EXP 	blank2_bg: autoDraw = True
253.7775 	EXP 	blank2_bg: autoDraw = False
253.7893 	INFO 	Keyboard events cleared
253.7890 	EXP 	target_text: autoDraw = True
255.4246 	EXP 	Device response: <KeyPress from None: t=255.41521379099868, value=left, duration=None>
255.4328 	DATA 	Keypress: left
255.4372 	EXP 	fix_text: autoDraw = False
255.4372 	EXP 	blank1_bg: autoDraw = False
255.4372 	EXP 	prime_text: autoDraw = False
255.4372 	EXP 	blank2_bg: autoDraw = False
255.4372 	EXP 	target_text: autoDraw = False
255.4372 	EXP 	greenCircle: autoDraw = True
255.4372 	EXP 	redCrosss: autoDraw = True
255.5463 	EXP 	Device response: <KeyPress from None: t=255.41521379099868, value=left, duration=0.12443466699915007>
255.6222 	EXP 	blank3_bg: autoDraw = True
255.6303 	EXP 	greenCircle: autoDraw = False
255.6303 	EXP 	redCrosss: autoDraw = False
256.4056 	EXP 	New trial (rep=4, index=4): <Trial 68 (4 in rep 4) data={'prime': 'She does not like apples', 'target': 'She not does like apples', 'condition': 'transposition_related', 'correctAns': 'right', 'thisN': 68, 'thisTrialN': 4, 'thisRepN': 4}>
256.4212 	EXP 	blank3_bg: autoDraw = False
256.4212 	EXP 	blank3_bg: autoDraw = False
256.4212 	EXP 	greenCircle: autoDraw = False
256.4212 	EXP 	redCrosss: autoDraw = False
256.4212 	EXP 	prime_text: height = np.float64(0.05)
256.4212 	EXP 	prime_text: height = np.float64(0.05)
256.4212 	EXP 	prime_text: height = np.float64(0.05)
256.4212 	EXP 	prime_text: text = 'She does not like apples'
256.4212 	EXP 	target_text: height = np.float64(0.05)
256.4212 	EXP 	target_text: height = np.float64(0.05)
256.4212 	EXP 	target_text: height = np.float64(0.05)
256.4212 	EXP 	target_text: text = 'She not does like apples'
256.4260 	EXP 	fix_text: autoDraw = True
256.6714 	EXP 	fix_text: autoDraw = False
256.6714 	EXP 	blank1_bg: autoDraw = True
256.8597 	EXP 	blank1_bg: autoDraw = False
256.8723 	EXP 	prime_text: autoDraw = True
257.0609 	EXP 	prime_text: autoDraw = False
257.0724 	EXP 	blank2_bg: autoDraw = True
257.1608 	EXP 	blank2_bg: autoDraw = False
257.1722 	INFO 	Keyboard events cleared
257.1720 	EXP 	target_text: autoDraw = True
259.7125 	EXP 	Device response: <KeyPress from None: t=259.70733091600414, value=left, duration=None>
259.7199 	DATA 	Keypress: left
259.7245 	EXP 	fix_text: autoDraw = False
259.7245 	EXP 	blank1_bg: autoDraw = False
259.7245 	EXP 	prime_text: autoDraw = False
259.7245 	EXP 	blank2_bg: autoDraw = False
259.7245 	EXP 	target_text: autoDraw = False
259.7245 	EXP 	greenCircle: autoDraw = True
259.7245 	EXP 	redCrosss: autoDraw = True
259.8068 	EXP 	Device response: <KeyPress from None: t=259.70733091600414, value=left, duration=0.09787208399211522>
259.9043 	EXP 	blank3_bg: autoDraw = True
259.9218 	EXP 	greenCircle: autoDraw = False
259.9218 	EXP 	redCrosss: autoDraw = False
260.6896 	EXP 	New trial (rep=4, index=5): <Trial 69 (5 in rep 4) data={'prime': 'They have finished the work', 'target': 'They have finished the work', 'condition': 'repetition_related', 'correctAns': 'right', 'thisN': 69, 'thisTrialN': 5, 'thisRepN': 4}>
260.7053 	EXP 	blank3_bg: autoDraw = False
260.7053 	EXP 	blank3_bg: autoDraw = False
260.7053 	EXP 	greenCircle: autoDraw = False
260.7053 	EXP 	redCrosss: autoDraw = False
260.7053 	EXP 	prime_text: height = np.float64(0.05)
260.7053 	EXP 	prime_text: height = np.float64(0.05)
260.7053 	EXP 	prime_text: height = np.float64(0.05)
260.7053 	EXP 	prime_text: text = 'They have finished the work'
260.7053 	EXP 	target_text: height = np.float64(0.05)
260.7053 	EXP 	target_text: height = np.float64(0.05)
260.7053 	EXP 	target_text: height = np.float64(0.05)
260.7053 	EXP 	target_text: text = 'They have finished the work'
260.7098 	EXP 	fix_text: autoDraw = True
260.9557 	EXP 	fix_text: autoDraw = False
260.9640 	EXP 	blank1_bg: autoDraw = True
261.1540 	EXP 	prime_text: autoDraw = True
261.1587 	EXP 	blank1_bg: autoDraw = False
261.3442 	EXP 	prime_text: autoDraw = False
261.3622 	EXP 	blank2_bg: autoDraw = True
261.4557 	INFO 	Keyboard events cleared
261.4554 	EXP 	blank2_bg: autoDraw = False
261.4554 	EXP 	target_text: autoDraw = True
263.9957 	EXP 	Device response: <KeyPress from None: t=263.99457337500644, value=right, duration=None>
264.0028 	DATA 	Keypress: right
264.0073 	EXP 	fix_text: autoDraw = False
264.0073 	EXP 	blank1_bg: autoDraw = False
264.0073 	EXP 	prime_text: autoDraw = False
264.0073 	EXP 	blank2_bg: autoDraw = False
264.0073 	EXP 	target_text: autoDraw = False
264.0073 	EXP 	greenCircle: autoDraw = True
264.0073 	EXP 	redCrosss: autoDraw = True
264.0903 	EXP 	Device response: <KeyPress from None: t=263.99457337500644, value=right, duration=0.08999904099619016>
264.1879 	EXP 	blank3_bg: autoDraw = True
264.2056 	EXP 	greenCircle: autoDraw = False
264.2056 	EXP 	redCrosss: autoDraw = False
264.9717 	EXP 	New trial (rep=4, index=6): <Trial 70 (6 in rep 4) data={'prime': 'She does not like apples', 'target': 'She like does apples not', 'condition': 'transposition_unrelated', 'correctAns': 'left', 'thisN': 70, 'thisTrialN': 6, 'thisRepN': 4}>
264.9877 	EXP 	blank3_bg: autoDraw = False
264.9877 	EXP 	blank3_bg: autoDraw = False
264.9877 	EXP 	greenCircle: autoDraw = False
264.9877 	EXP 	redCrosss: autoDraw = False
264.9877 	EXP 	prime_text: height = np.float64(0.05)
264.9877 	EXP 	prime_text: height = np.float64(0.05)
264.9877 	EXP 	prime_text: height = np.float64(0.05)
264.9877 	EXP 	prime_text: text = 'She does not like apples'
264.9877 	EXP 	target_text: height = np.float64(0.05)
264.9877 	EXP 	target_text: height = np.float64(0.05)
264.9877 	EXP 	target_text: height = np.float64(0.05)
264.9877 	EXP 	target_text: text = 'She like does apples not'
264.9922 	EXP 	fix_text: autoDraw = True
265.2391 	EXP 	fix_text: autoDraw = False
265.2391 	EXP 	blank1_bg: autoDraw = True
265.4387 	EXP 	blank1_bg: autoDraw = False
265.4387 	EXP 	prime_text: autoDraw = True
265.6267 	EXP 	prime_text: autoDraw = False
265.6454 	EXP 	blank2_bg: autoDraw = True
265.7391 	INFO 	Keyboard events cleared
265.7389 	EXP 	blank2_bg: autoDraw = False
265.7389 	EXP 	target_text: autoDraw = True
267.1571 	EXP 	Device response: <KeyPress from None: t=267.14509354099573, value=left, duration=None>
267.1650 	DATA 	Keypress: left
267.1692 	EXP 	fix_text: autoDraw = False
267.1692 	EXP 	blank1_bg: autoDraw = False
267.1692 	EXP 	prime_text: autoDraw = False
267.1692 	EXP 	blank2_bg: autoDraw = False
267.1692 	EXP 	target_text: autoDraw = False
267.1692 	EXP 	greenCircle: autoDraw = True
267.1692 	EXP 	redCrosss: autoDraw = True
267.2573 	EXP 	Device response: <KeyPress from None: t=267.14509354099573, value=left, duration=0.10436941700754687>
267.3554 	EXP 	blank3_bg: autoDraw = True
267.3629 	EXP 	greenCircle: autoDraw = False
267.3629 	EXP 	redCrosss: autoDraw = False
268.1465 	EXP 	New trial (rep=4, index=7): <Trial 71 (7 in rep 4) data={'prime': 'The dog is barking loudly', 'target': 'The dog is barking loudly', 'condition': 'repetition_related', 'correctAns': 'right', 'thisN': 71, 'thisTrialN': 7, 'thisRepN': 4}>
268.1622 	EXP 	blank3_bg: autoDraw = False
268.1622 	EXP 	blank3_bg: autoDraw = False
268.1622 	EXP 	greenCircle: autoDraw = False
268.1622 	EXP 	redCrosss: autoDraw = False
268.1622 	EXP 	prime_text: height = np.float64(0.05)
268.1622 	EXP 	prime_text: height = np.float64(0.05)
268.1622 	EXP 	prime_text: height = np.float64(0.05)
268.1622 	EXP 	prime_text: text = 'The dog is barking loudly'
268.1622 	EXP 	target_text: height = np.float64(0.05)
268.1622 	EXP 	target_text: height = np.float64(0.05)
268.1622 	EXP 	target_text: height = np.float64(0.05)
268.1622 	EXP 	target_text: text = 'The dog is barking loudly'
268.1622 	EXP 	fix_text: autoDraw = True
268.4056 	EXP 	fix_text: autoDraw = False
268.4056 	EXP 	blank1_bg: autoDraw = True
268.5932 	EXP 	blank1_bg: autoDraw = False
268.6056 	EXP 	prime_text: autoDraw = True
268.7931 	EXP 	prime_text: autoDraw = False
268.8059 	EXP 	blank2_bg: autoDraw = True
268.8943 	EXP 	blank2_bg: autoDraw = False
268.9060 	INFO 	Keyboard events cleared
268.9057 	EXP 	target_text: autoDraw = True
269.6795 	EXP 	Device response: <KeyPress from None: t=269.6771974160074, value=left, duration=None>
269.6870 	DATA 	Keypress: left
269.6912 	EXP 	fix_text: autoDraw = False
269.6912 	EXP 	blank1_bg: autoDraw = False
269.6912 	EXP 	prime_text: autoDraw = False
269.6912 	EXP 	blank2_bg: autoDraw = False
269.6912 	EXP 	target_text: autoDraw = False
269.6912 	EXP 	greenCircle: autoDraw = True
269.6912 	EXP 	redCrosss: autoDraw = True
269.7967 	EXP 	Device response: <KeyPress from None: t=269.6771974160074, value=left, duration=0.11617645899241325>
269.8800 	EXP 	blank3_bg: autoDraw = True
269.8875 	EXP 	greenCircle: autoDraw = False
269.8875 	EXP 	redCrosss: autoDraw = False
270.6640 	EXP 	New trial (rep=4, index=8): <Trial 72 (8 in rep 4) data={'prime': 'The boy can read fast', 'target': 'The boy can read fast', 'condition': 'transposition_related', 'correctAns': 'right', 'thisN': 72, 'thisTrialN': 8, 'thisRepN': 4}>
270.6796 	EXP 	blank3_bg: autoDraw = False
270.6796 	EXP 	blank3_bg: autoDraw = False
270.6796 	EXP 	greenCircle: autoDraw = False
270.6796 	EXP 	redCrosss: autoDraw = False
270.6796 	EXP 	prime_text: height = np.float64(0.05)
270.6796 	EXP 	prime_text: height = np.float64(0.05)
270.6796 	EXP 	prime_text: height = np.float64(0.05)
270.6796 	EXP 	prime_text: text = 'The boy can read fast'
270.6796 	EXP 	target_text: height = np.float64(0.05)
270.6796 	EXP 	target_text: height = np.float64(0.05)
270.6796 	EXP 	target_text: height = np.float64(0.05)
270.6796 	EXP 	target_text: text = 'The boy can read fast'
270.6796 	EXP 	fix_text: autoDraw = True
270.9304 	EXP 	fix_text: autoDraw = False
270.9304 	EXP 	blank1_bg: autoDraw = True
271.1212 	EXP 	blank1_bg: autoDraw = False
271.1212 	EXP 	prime_text: autoDraw = True
271.3109 	EXP 	prime_text: autoDraw = False
271.3288 	EXP 	blank2_bg: autoDraw = True
271.4223 	EXP 	blank2_bg: autoDraw = False
271.4294 	INFO 	Keyboard events cleared
271.4292 	EXP 	target_text: autoDraw = True
272.1908 	EXP 	Device response: <KeyPress from None: t=272.1830740000005, value=right, duration=None>
272.1989 	DATA 	Keypress: right
272.2032 	EXP 	fix_text: autoDraw = False
272.2032 	EXP 	blank1_bg: autoDraw = False
272.2032 	EXP 	prime_text: autoDraw = False
272.2032 	EXP 	blank2_bg: autoDraw = False
272.2032 	EXP 	target_text: autoDraw = False
272.2032 	EXP 	greenCircle: autoDraw = True
272.2032 	EXP 	redCrosss: autoDraw = True
272.2794 	EXP 	Device response: <KeyPress from None: t=272.1830740000005, value=right, duration=0.09233120799763128>
272.3881 	EXP 	blank3_bg: autoDraw = True
272.3945 	EXP 	greenCircle: autoDraw = False
272.3945 	EXP 	redCrosss: autoDraw = False
273.1719 	EXP 	New trial (rep=4, index=9): <Trial 73 (9 in rep 4) data={'prime': 'They have finished the work', 'target': 'They finished have the work', 'condition': 'transposition_related', 'correctAns': 'right', 'thisN': 73, 'thisTrialN': 9, 'thisRepN': 4}>
273.1869 	EXP 	blank3_bg: autoDraw = False
273.1869 	EXP 	blank3_bg: autoDraw = False
273.1869 	EXP 	greenCircle: autoDraw = False
273.1869 	EXP 	redCrosss: autoDraw = False
273.1869 	EXP 	prime_text: height = np.float64(0.05)
273.1869 	EXP 	prime_text: height = np.float64(0.05)
273.1869 	EXP 	prime_text: height = np.float64(0.05)
273.1869 	EXP 	prime_text: text = 'They have finished the work'
273.1869 	EXP 	target_text: height = np.float64(0.05)
273.1869 	EXP 	target_text: height = np.float64(0.05)
273.1869 	EXP 	target_text: height = np.float64(0.05)
273.1869 	EXP 	target_text: text = 'They finished have the work'
273.1907 	EXP 	fix_text: autoDraw = True
273.4390 	EXP 	fix_text: autoDraw = False
273.4390 	EXP 	blank1_bg: autoDraw = True
273.6389 	EXP 	blank1_bg: autoDraw = False
273.6389 	EXP 	prime_text: autoDraw = True
273.8261 	EXP 	prime_text: autoDraw = False
273.8389 	EXP 	blank2_bg: autoDraw = True
273.9275 	EXP 	blank2_bg: autoDraw = False
273.9392 	INFO 	Keyboard events cleared
273.9390 	EXP 	target_text: autoDraw = True
275.1074 	EXP 	Device response: <KeyPress from None: t=275.10299733300053, value=left, duration=None>
275.1152 	DATA 	Keypress: left
275.1196 	EXP 	fix_text: autoDraw = False
275.1196 	EXP 	blank1_bg: autoDraw = False
275.1196 	EXP 	prime_text: autoDraw = False
275.1196 	EXP 	blank2_bg: autoDraw = False
275.1196 	EXP 	target_text: autoDraw = False
275.1196 	EXP 	greenCircle: autoDraw = True
275.1196 	EXP 	redCrosss: autoDraw = True
275.2239 	EXP 	Device response: <KeyPress from None: t=275.10299733300053, value=left, duration=0.11220450000837445>
275.3045 	EXP 	blank3_bg: autoDraw = True
275.3118 	EXP 	greenCircle: autoDraw = False
275.3118 	EXP 	redCrosss: autoDraw = False
276.0893 	EXP 	New trial (rep=4, index=10): <Trial 74 (10 in rep 4) data={'prime': 'The boy can read fast', 'target': 'The boy can read fast', 'condition': 'repetition_related', 'correctAns': 'right', 'thisN': 74, 'thisTrialN': 10, 'thisRepN': 4}>
276.1042 	EXP 	blank3_bg: autoDraw = False
276.1042 	EXP 	blank3_bg: autoDraw = False
276.1042 	EXP 	greenCircle: autoDraw = False
276.1042 	EXP 	redCrosss: autoDraw = False
276.1042 	EXP 	prime_text: height = np.float64(0.05)
276.1042 	EXP 	prime_text: height = np.float64(0.05)
276.1042 	EXP 	prime_text: height = np.float64(0.05)
276.1042 	EXP 	prime_text: text = 'The boy can read fast'
276.1042 	EXP 	target_text: height = np.float64(0.05)
276.1042 	EXP 	target_text: height = np.float64(0.05)
276.1042 	EXP 	target_text: height = np.float64(0.05)
276.1042 	EXP 	target_text: text = 'The boy can read fast'
276.1087 	EXP 	fix_text: autoDraw = True
276.3557 	EXP 	fix_text: autoDraw = False
276.3557 	EXP 	blank1_bg: autoDraw = True
276.5433 	EXP 	blank1_bg: autoDraw = False
276.5555 	EXP 	prime_text: autoDraw = True
276.7440 	EXP 	prime_text: autoDraw = False
276.7555 	EXP 	blank2_bg: autoDraw = True
276.8441 	EXP 	blank2_bg: autoDraw = False
276.8558 	INFO 	Keyboard events cleared
276.8556 	EXP 	target_text: autoDraw = True
277.6401 	EXP 	Device response: <KeyPress from None: t=277.6287782500003, value=right, duration=None>
277.6477 	DATA 	Keypress: right
277.6518 	EXP 	fix_text: autoDraw = False
277.6518 	EXP 	blank1_bg: autoDraw = False
277.6518 	EXP 	prime_text: autoDraw = False
277.6518 	EXP 	blank2_bg: autoDraw = False
277.6518 	EXP 	target_text: autoDraw = False
277.6518 	EXP 	greenCircle: autoDraw = True
277.6518 	EXP 	redCrosss: autoDraw = True
277.7464 	EXP 	Device response: <KeyPress from None: t=277.6287782500003, value=right, duration=0.11635458300588652>
277.8384 	EXP 	blank3_bg: autoDraw = True
277.8466 	EXP 	greenCircle: autoDraw = False
277.8466 	EXP 	redCrosss: autoDraw = False
278.6227 	EXP 	New trial (rep=4, index=11): <Trial 75 (11 in rep 4) data={'prime': 'She does not like apples', 'target': 'She does not like apples', 'condition': 'repetition_related', 'correctAns': 'right', 'thisN': 75, 'thisTrialN': 11, 'thisRepN': 4}>
278.6377 	EXP 	blank3_bg: autoDraw = False
278.6377 	EXP 	blank3_bg: autoDraw = False
278.6377 	EXP 	greenCircle: autoDraw = False
278.6377 	EXP 	redCrosss: autoDraw = False
278.6377 	EXP 	prime_text: height = np.float64(0.05)
278.6377 	EXP 	prime_text: height = np.float64(0.05)
278.6377 	EXP 	prime_text: height = np.float64(0.05)
278.6377 	EXP 	prime_text: text = 'She does not like apples'
278.6377 	EXP 	target_text: height = np.float64(0.05)
278.6377 	EXP 	target_text: height = np.float64(0.05)
278.6377 	EXP 	target_text: height = np.float64(0.05)
278.6377 	EXP 	target_text: text = 'She does not like apples'
278.6415 	EXP 	fix_text: autoDraw = True
278.8888 	EXP 	fix_text: autoDraw = False
278.8888 	EXP 	blank1_bg: autoDraw = True
279.0757 	EXP 	blank1_bg: autoDraw = False
279.0891 	EXP 	prime_text: autoDraw = True
279.2770 	EXP 	prime_text: autoDraw = False
279.2891 	EXP 	blank2_bg: autoDraw = True
279.3775 	EXP 	blank2_bg: autoDraw = False
279.3893 	INFO 	Keyboard events cleared
279.3890 	EXP 	target_text: autoDraw = True
280.0799 	EXP 	Device response: <KeyPress from None: t=280.07787975000974, value=left, duration=None>
280.0875 	DATA 	Keypress: left
280.0911 	EXP 	fix_text: autoDraw = False
280.0911 	EXP 	blank1_bg: autoDraw = False
280.0911 	EXP 	prime_text: autoDraw = False
280.0911 	EXP 	blank2_bg: autoDraw = False
280.0911 	EXP 	target_text: autoDraw = False
280.0911 	EXP 	greenCircle: autoDraw = True
280.0911 	EXP 	redCrosss: autoDraw = True
280.1905 	EXP 	Device response: <KeyPress from None: t=280.07787975000974, value=left, duration=0.10024708299897611>
280.2814 	EXP 	blank3_bg: autoDraw = True
280.2874 	EXP 	greenCircle: autoDraw = False
280.2874 	EXP 	redCrosss: autoDraw = False
281.0718 	EXP 	New trial (rep=4, index=12): <Trial 76 (12 in rep 4) data={'prime': 'The dog is barking loudly', 'target': 'The loudly is barking dog', 'condition': 'repetition_unrelated', 'correctAns': 'left', 'thisN': 76, 'thisTrialN': 12, 'thisRepN': 4}>
281.0883 	EXP 	blank3_bg: autoDraw = False
281.0883 	EXP 	blank3_bg: autoDraw = False
281.0883 	EXP 	greenCircle: autoDraw = False
281.0883 	EXP 	redCrosss: autoDraw = False
281.0883 	EXP 	prime_text: height = np.float64(0.05)
281.0883 	EXP 	prime_text: height = np.float64(0.05)
281.0883 	EXP 	prime_text: height = np.float64(0.05)
281.0883 	EXP 	prime_text: text = 'The dog is barking loudly'
281.0883 	EXP 	target_text: height = np.float64(0.05)
281.0883 	EXP 	target_text: height = np.float64(0.05)
281.0883 	EXP 	target_text: height = np.float64(0.05)
281.0883 	EXP 	target_text: text = 'The loudly is barking dog'
281.0883 	EXP 	fix_text: autoDraw = True
281.3308 	EXP 	fix_text: autoDraw = False
281.3308 	EXP 	blank1_bg: autoDraw = True
281.5268 	EXP 	blank1_bg: autoDraw = False
281.5268 	EXP 	prime_text: autoDraw = True
281.7223 	EXP 	prime_text: autoDraw = False
281.7288 	EXP 	blank2_bg: autoDraw = True
281.8292 	INFO 	Keyboard events cleared
281.8290 	EXP 	blank2_bg: autoDraw = False
281.8290 	EXP 	target_text: autoDraw = True
282.7289 	EXP 	Device response: <KeyPress from None: t=282.72376495800563, value=right, duration=None>
282.7361 	DATA 	Keypress: right
282.7406 	EXP 	fix_text: autoDraw = False
282.7406 	EXP 	blank1_bg: autoDraw = False
282.7406 	EXP 	prime_text: autoDraw = False
282.7406 	EXP 	blank2_bg: autoDraw = False
282.7406 	EXP 	target_text: autoDraw = False
282.7406 	EXP 	greenCircle: autoDraw = True
282.7406 	EXP 	redCrosss: autoDraw = True
282.7900 	EXP 	Device response: <KeyPress from None: t=282.72376495800563, value=right, duration=0.056284791993675753>
282.9303 	EXP 	blank3_bg: autoDraw = True
282.9378 	EXP 	greenCircle: autoDraw = False
282.9378 	EXP 	redCrosss: autoDraw = False
283.7227 	EXP 	New trial (rep=4, index=13): <Trial 77 (13 in rep 4) data={'prime': 'The boy can read fast', 'target': 'The read can boy fast', 'condition': 'transposition_unrelated', 'correctAns': 'left', 'thisN': 77, 'thisTrialN': 13, 'thisRepN': 4}>
283.7380 	EXP 	blank3_bg: autoDraw = False
283.7380 	EXP 	blank3_bg: autoDraw = False
283.7380 	EXP 	greenCircle: autoDraw = False
283.7380 	EXP 	redCrosss: autoDraw = False
283.7380 	EXP 	prime_text: height = np.float64(0.05)
283.7380 	EXP 	prime_text: height = np.float64(0.05)
283.7380 	EXP 	prime_text: height = np.float64(0.05)
283.7380 	EXP 	prime_text: text = 'The boy can read fast'
283.7380 	EXP 	target_text: height = np.float64(0.05)
283.7380 	EXP 	target_text: height = np.float64(0.05)
283.7380 	EXP 	target_text: height = np.float64(0.05)
283.7380 	EXP 	target_text: text = 'The read can boy fast'
283.7380 	EXP 	fix_text: autoDraw = True
283.9712 	EXP 	blank1_bg: autoDraw = True
283.9780 	EXP 	fix_text: autoDraw = False
284.1587 	EXP 	blank1_bg: autoDraw = False
284.1790 	EXP 	prime_text: autoDraw = True
284.3722 	EXP 	prime_text: autoDraw = False
284.3722 	EXP 	blank2_bg: autoDraw = True
284.4606 	EXP 	blank2_bg: autoDraw = False
284.4793 	INFO 	Keyboard events cleared
284.4791 	EXP 	target_text: autoDraw = True
286.3903 	EXP 	Device response: <KeyPress from None: t=286.3826951660012, value=left, duration=None>
286.3989 	DATA 	Keypress: left
286.4033 	EXP 	fix_text: autoDraw = False
286.4033 	EXP 	blank1_bg: autoDraw = False
286.4033 	EXP 	prime_text: autoDraw = False
286.4033 	EXP 	blank2_bg: autoDraw = False
286.4033 	EXP 	target_text: autoDraw = False
286.4033 	EXP 	greenCircle: autoDraw = True
286.4033 	EXP 	redCrosss: autoDraw = True
286.5238 	EXP 	Device response: <KeyPress from None: t=286.3826951660012, value=left, duration=0.1323165420035366>
286.5875 	EXP 	blank3_bg: autoDraw = True
286.5943 	EXP 	greenCircle: autoDraw = False
286.5943 	EXP 	redCrosss: autoDraw = False
287.3718 	EXP 	New trial (rep=4, index=14): <Trial 78 (14 in rep 4) data={'prime': 'They have finished the work', 'target': 'They finished have the work', 'condition': 'repetition_unrelated', 'correctAns': 'left', 'thisN': 78, 'thisTrialN': 14, 'thisRepN': 4}>
287.3878 	EXP 	blank3_bg: autoDraw = False
287.3878 	EXP 	blank3_bg: autoDraw = False
287.3878 	EXP 	greenCircle: autoDraw = False
287.3878 	EXP 	redCrosss: autoDraw = False
287.3878 	EXP 	prime_text: height = np.float64(0.05)
287.3878 	EXP 	prime_text: height = np.float64(0.05)
287.3878 	EXP 	prime_text: height = np.float64(0.05)
287.3878 	EXP 	prime_text: text = 'They have finished the work'
287.3878 	EXP 	target_text: height = np.float64(0.05)
287.3878 	EXP 	target_text: height = np.float64(0.05)
287.3878 	EXP 	target_text: height = np.float64(0.05)
287.3878 	EXP 	target_text: text = 'They finished have the work'
287.3919 	EXP 	fix_text: autoDraw = True
287.6384 	EXP 	fix_text: autoDraw = False
287.6384 	EXP 	blank1_bg: autoDraw = True
287.8260 	EXP 	blank1_bg: autoDraw = False
287.8392 	EXP 	prime_text: autoDraw = True
288.0271 	EXP 	prime_text: autoDraw = False
288.0389 	EXP 	blank2_bg: autoDraw = True
288.1274 	EXP 	blank2_bg: autoDraw = False
288.1392 	INFO 	Keyboard events cleared
288.1390 	EXP 	target_text: autoDraw = True
289.5240 	EXP 	Device response: <KeyPress from None: t=289.51756020799803, value=left, duration=None>
289.5323 	DATA 	Keypress: left
289.5366 	EXP 	fix_text: autoDraw = False
289.5366 	EXP 	blank1_bg: autoDraw = False
289.5366 	EXP 	prime_text: autoDraw = False
289.5366 	EXP 	blank2_bg: autoDraw = False
289.5366 	EXP 	target_text: autoDraw = False
289.5366 	EXP 	greenCircle: autoDraw = True
289.5366 	EXP 	redCrosss: autoDraw = True
289.6409 	EXP 	Device response: <KeyPress from None: t=289.51756020799803, value=left, duration=0.11231958300049882>
289.7221 	EXP 	blank3_bg: autoDraw = True
289.7285 	EXP 	greenCircle: autoDraw = False
289.7285 	EXP 	redCrosss: autoDraw = False
290.5054 	EXP 	New trial (rep=4, index=15): <Trial 79 (15 in rep 4) data={'prime': 'The dog is barking loudly', 'target': 'The dog barking is loudly', 'condition': 'transposition_related', 'correctAns': 'right', 'thisN': 79, 'thisTrialN': 15, 'thisRepN': 4}>
290.5222 	EXP 	blank3_bg: autoDraw = False
290.5222 	EXP 	blank3_bg: autoDraw = False
290.5222 	EXP 	greenCircle: autoDraw = False
290.5222 	EXP 	redCrosss: autoDraw = False
290.5222 	EXP 	prime_text: height = np.float64(0.05)
290.5222 	EXP 	prime_text: height = np.float64(0.05)
290.5222 	EXP 	prime_text: height = np.float64(0.05)
290.5222 	EXP 	prime_text: text = 'The dog is barking loudly'
290.5222 	EXP 	target_text: height = np.float64(0.05)
290.5222 	EXP 	target_text: height = np.float64(0.05)
290.5222 	EXP 	target_text: height = np.float64(0.05)
290.5222 	EXP 	target_text: text = 'The dog barking is loudly'
290.5391 	EXP 	fix_text: autoDraw = True
290.7721 	EXP 	blank1_bg: autoDraw = True
290.7797 	EXP 	fix_text: autoDraw = False
290.9605 	EXP 	blank1_bg: autoDraw = False
290.9723 	EXP 	prime_text: autoDraw = True
291.1608 	EXP 	prime_text: autoDraw = False
291.1723 	EXP 	blank2_bg: autoDraw = True
291.2604 	EXP 	blank2_bg: autoDraw = False
291.2725 	INFO 	Keyboard events cleared
291.2722 	EXP 	target_text: autoDraw = True
294.3403 	EXP 	Device response: <KeyPress from None: t=294.3300037500012, value=left, duration=None>
294.3478 	DATA 	Keypress: left
294.3519 	EXP 	fix_text: autoDraw = False
294.3519 	EXP 	blank1_bg: autoDraw = False
294.3519 	EXP 	prime_text: autoDraw = False
294.3519 	EXP 	blank2_bg: autoDraw = False
294.3519 	EXP 	target_text: autoDraw = False
294.3519 	EXP 	greenCircle: autoDraw = True
294.3519 	EXP 	redCrosss: autoDraw = True
294.4403 	EXP 	Device response: <KeyPress from None: t=294.3300037500012, value=left, duration=0.10196408300544135>
294.5388 	EXP 	blank3_bg: autoDraw = True
294.5463 	EXP 	greenCircle: autoDraw = False
294.5463 	EXP 	redCrosss: autoDraw = False
295.3231 	EXP 	New trial (rep=5, index=0): <Trial 80 (0 in rep 5) data={'prime': 'She does not like apples', 'target': 'She does not like apples', 'condition': 'repetition_related', 'correctAns': 'right', 'thisN': 80, 'thisTrialN': 0, 'thisRepN': 5}>
295.3390 	EXP 	blank3_bg: autoDraw = False
295.3390 	EXP 	blank3_bg: autoDraw = False
295.3390 	EXP 	greenCircle: autoDraw = False
295.3390 	EXP 	redCrosss: autoDraw = False
295.3390 	EXP 	prime_text: height = np.float64(0.05)
295.3390 	EXP 	prime_text: height = np.float64(0.05)
295.3390 	EXP 	prime_text: height = np.float64(0.05)
295.3390 	EXP 	prime_text: text = 'She does not like apples'
295.3390 	EXP 	target_text: height = np.float64(0.05)
295.3390 	EXP 	target_text: height = np.float64(0.05)
295.3390 	EXP 	target_text: height = np.float64(0.05)
295.3390 	EXP 	target_text: text = 'She does not like apples'
295.3554 	EXP 	fix_text: autoDraw = True
295.5887 	EXP 	blank1_bg: autoDraw = True
295.5962 	EXP 	fix_text: autoDraw = False
295.7779 	EXP 	blank1_bg: autoDraw = False
295.7889 	EXP 	prime_text: autoDraw = True
295.9769 	EXP 	prime_text: autoDraw = False
295.9890 	EXP 	blank2_bg: autoDraw = True
296.0771 	EXP 	blank2_bg: autoDraw = False
296.0891 	INFO 	Keyboard events cleared
296.0888 	EXP 	target_text: autoDraw = True
298.6403 	EXP 	Device response: <KeyPress from None: t=298.63882666600693, value=right, duration=None>
298.6481 	DATA 	Keypress: right
298.6522 	EXP 	fix_text: autoDraw = False
298.6522 	EXP 	blank1_bg: autoDraw = False
298.6522 	EXP 	prime_text: autoDraw = False
298.6522 	EXP 	blank2_bg: autoDraw = False
298.6522 	EXP 	target_text: autoDraw = False
298.6522 	EXP 	greenCircle: autoDraw = True
298.6522 	EXP 	redCrosss: autoDraw = True
298.6947 	EXP 	Device response: <KeyPress from None: t=298.63882666600693, value=right, duration=0.054033666994655505>
298.8377 	EXP 	blank3_bg: autoDraw = True
298.8445 	EXP 	greenCircle: autoDraw = False
298.8445 	EXP 	redCrosss: autoDraw = False
299.6216 	EXP 	New trial (rep=5, index=1): <Trial 81 (1 in rep 5) data={'prime': 'The dog is barking loudly', 'target': 'The dog barking is loudly', 'condition': 'transposition_related', 'correctAns': 'right', 'thisN': 81, 'thisTrialN': 1, 'thisRepN': 5}>
299.6379 	EXP 	blank3_bg: autoDraw = False
299.6379 	EXP 	blank3_bg: autoDraw = False
299.6379 	EXP 	greenCircle: autoDraw = False
299.6379 	EXP 	redCrosss: autoDraw = False
299.6379 	EXP 	prime_text: height = np.float64(0.05)
299.6379 	EXP 	prime_text: height = np.float64(0.05)
299.6379 	EXP 	prime_text: height = np.float64(0.05)
299.6379 	EXP 	prime_text: text = 'The dog is barking loudly'
299.6379 	EXP 	target_text: height = np.float64(0.05)
299.6379 	EXP 	target_text: height = np.float64(0.05)
299.6379 	EXP 	target_text: height = np.float64(0.05)
299.6379 	EXP 	target_text: text = 'The dog barking is loudly'
299.6555 	EXP 	fix_text: autoDraw = True
299.8875 	EXP 	blank1_bg: autoDraw = True
299.9056 	EXP 	fix_text: autoDraw = False
300.0760 	EXP 	blank1_bg: autoDraw = False
300.0888 	EXP 	prime_text: autoDraw = True
300.2770 	EXP 	prime_text: autoDraw = False
300.2889 	EXP 	blank2_bg: autoDraw = True
300.3764 	EXP 	blank2_bg: autoDraw = False
300.3891 	INFO 	Keyboard events cleared
300.3890 	EXP 	target_text: autoDraw = True
301.4910 	EXP 	Device response: <KeyPress from None: t=301.4844839580037, value=left, duration=None>
301.4993 	DATA 	Keypress: left
301.5035 	EXP 	fix_text: autoDraw = False
301.5035 	EXP 	blank1_bg: autoDraw = False
301.5035 	EXP 	prime_text: autoDraw = False
301.5035 	EXP 	blank2_bg: autoDraw = False
301.5035 	EXP 	target_text: autoDraw = False
301.5035 	EXP 	greenCircle: autoDraw = True
301.5035 	EXP 	redCrosss: autoDraw = True
301.6240 	EXP 	Device response: <KeyPress from None: t=301.4844839580037, value=left, duration=0.12828024999180343>
301.6877 	EXP 	blank3_bg: autoDraw = True
301.6954 	EXP 	greenCircle: autoDraw = False
301.6954 	EXP 	redCrosss: autoDraw = False
302.4731 	EXP 	New trial (rep=5, index=2): <Trial 82 (2 in rep 5) data={'prime': 'They have finished the work', 'target': 'They have finished the work', 'condition': 'repetition_related', 'correctAns': 'right', 'thisN': 82, 'thisTrialN': 2, 'thisRepN': 5}>
302.4892 	EXP 	blank3_bg: autoDraw = False
302.4892 	EXP 	blank3_bg: autoDraw = False
302.4892 	EXP 	greenCircle: autoDraw = False
302.4892 	EXP 	redCrosss: autoDraw = False
302.4892 	EXP 	prime_text: height = np.float64(0.05)
302.4892 	EXP 	prime_text: height = np.float64(0.05)
302.4892 	EXP 	prime_text: height = np.float64(0.05)
302.4892 	EXP 	prime_text: text = 'They have finished the work'
302.4892 	EXP 	target_text: height = np.float64(0.05)
302.4892 	EXP 	target_text: height = np.float64(0.05)
302.4892 	EXP 	target_text: height = np.float64(0.05)
302.4892 	EXP 	target_text: text = 'They have finished the work'
302.5054 	EXP 	fix_text: autoDraw = True
302.7387 	EXP 	blank1_bg: autoDraw = True
302.7458 	EXP 	fix_text: autoDraw = False
302.9264 	EXP 	blank1_bg: autoDraw = False
302.9390 	EXP 	prime_text: autoDraw = True
303.1270 	EXP 	prime_text: autoDraw = False
303.1391 	EXP 	blank2_bg: autoDraw = True
303.2264 	EXP 	blank2_bg: autoDraw = False
303.2393 	INFO 	Keyboard events cleared
303.2391 	EXP 	target_text: autoDraw = True
304.6069 	EXP 	Device response: <KeyPress from None: t=304.60042904100555, value=right, duration=None>
304.6149 	DATA 	Keypress: right
304.6191 	EXP 	fix_text: autoDraw = False
304.6191 	EXP 	blank1_bg: autoDraw = False
304.6191 	EXP 	prime_text: autoDraw = False
304.6191 	EXP 	blank2_bg: autoDraw = False
304.6191 	EXP 	target_text: autoDraw = False
304.6191 	EXP 	greenCircle: autoDraw = True
304.6191 	EXP 	redCrosss: autoDraw = True
304.7240 	EXP 	Device response: <KeyPress from None: t=304.60042904100555, value=right, duration=0.11625445900426712>
304.8056 	EXP 	blank3_bg: autoDraw = True
304.8132 	EXP 	greenCircle: autoDraw = False
304.8132 	EXP 	redCrosss: autoDraw = False
305.5898 	EXP 	New trial (rep=5, index=3): <Trial 83 (3 in rep 5) data={'prime': 'The boy can read fast', 'target': 'The read can boy fast', 'condition': 'repetition_unrelated', 'correctAns': 'left', 'thisN': 83, 'thisTrialN': 3, 'thisRepN': 5}>
305.6067 	EXP 	blank3_bg: autoDraw = False
305.6067 	EXP 	blank3_bg: autoDraw = False
305.6067 	EXP 	greenCircle: autoDraw = False
305.6067 	EXP 	redCrosss: autoDraw = False
305.6067 	EXP 	prime_text: height = np.float64(0.05)
305.6067 	EXP 	prime_text: height = np.float64(0.05)
305.6067 	EXP 	prime_text: height = np.float64(0.05)
305.6067 	EXP 	prime_text: text = 'The boy can read fast'
305.6067 	EXP 	target_text: height = np.float64(0.05)
305.6067 	EXP 	target_text: height = np.float64(0.05)
305.6067 	EXP 	target_text: height = np.float64(0.05)
305.6067 	EXP 	target_text: text = 'The read can boy fast'
305.6220 	EXP 	fix_text: autoDraw = True
305.8555 	EXP 	blank1_bg: autoDraw = True
305.8630 	EXP 	fix_text: autoDraw = False
306.0557 	EXP 	blank1_bg: autoDraw = False
306.0557 	EXP 	prime_text: autoDraw = True
306.2430 	EXP 	prime_text: autoDraw = False
306.2557 	EXP 	blank2_bg: autoDraw = True
306.3434 	EXP 	blank2_bg: autoDraw = False
306.3557 	INFO 	Keyboard events cleared
306.3555 	EXP 	target_text: autoDraw = True
307.7899 	EXP 	Device response: <KeyPress from None: t=307.7793621660094, value=left, duration=None>
307.7974 	DATA 	Keypress: left
307.8016 	EXP 	fix_text: autoDraw = False
307.8016 	EXP 	blank1_bg: autoDraw = False
307.8016 	EXP 	prime_text: autoDraw = False
307.8016 	EXP 	blank2_bg: autoDraw = False
307.8016 	EXP 	target_text: autoDraw = False
307.8016 	EXP 	greenCircle: autoDraw = True
307.8016 	EXP 	redCrosss: autoDraw = True
307.9070 	EXP 	Device response: <KeyPress from None: t=307.7793621660094, value=left, duration=0.11616291699465364>
307.9886 	EXP 	blank3_bg: autoDraw = True
307.9965 	EXP 	greenCircle: autoDraw = False
307.9965 	EXP 	redCrosss: autoDraw = False
308.7729 	EXP 	New trial (rep=5, index=4): <Trial 84 (4 in rep 5) data={'prime': 'The dog is barking loudly', 'target': 'The loudly is barking dog', 'condition': 'repetition_unrelated', 'correctAns': 'left', 'thisN': 84, 'thisTrialN': 4, 'thisRepN': 5}>
308.7882 	EXP 	blank3_bg: autoDraw = False
308.7882 	EXP 	blank3_bg: autoDraw = False
308.7882 	EXP 	greenCircle: autoDraw = False
308.7882 	EXP 	redCrosss: autoDraw = False
308.7882 	EXP 	prime_text: height = np.float64(0.05)
308.7882 	EXP 	prime_text: height = np.float64(0.05)
308.7882 	EXP 	prime_text: height = np.float64(0.05)
308.7882 	EXP 	prime_text: text = 'The dog is barking loudly'
308.7882 	EXP 	target_text: height = np.float64(0.05)
308.7882 	EXP 	target_text: height = np.float64(0.05)
308.7882 	EXP 	target_text: height = np.float64(0.05)
308.7882 	EXP 	target_text: text = 'The loudly is barking dog'
308.7928 	EXP 	fix_text: autoDraw = True
309.0390 	EXP 	fix_text: autoDraw = False
309.0390 	EXP 	blank1_bg: autoDraw = True
309.2263 	EXP 	blank1_bg: autoDraw = False
309.2388 	EXP 	prime_text: autoDraw = True
309.4263 	EXP 	prime_text: autoDraw = False
309.4391 	EXP 	blank2_bg: autoDraw = True
309.5275 	EXP 	blank2_bg: autoDraw = False
309.5393 	INFO 	Keyboard events cleared
309.5391 	EXP 	target_text: autoDraw = True
310.5568 	EXP 	Device response: <KeyPress from None: t=310.5461455409968, value=left, duration=None>
310.5646 	DATA 	Keypress: left
310.5689 	EXP 	fix_text: autoDraw = False
310.5689 	EXP 	blank1_bg: autoDraw = False
310.5689 	EXP 	prime_text: autoDraw = False
310.5689 	EXP 	blank2_bg: autoDraw = False
310.5689 	EXP 	target_text: autoDraw = False
310.5689 	EXP 	greenCircle: autoDraw = True
310.5689 	EXP 	redCrosss: autoDraw = True
310.6574 	EXP 	Device response: <KeyPress from None: t=310.5461455409968, value=left, duration=0.10834579200309236>
310.7549 	EXP 	blank3_bg: autoDraw = True
310.7632 	EXP 	greenCircle: autoDraw = False
310.7632 	EXP 	redCrosss: autoDraw = False
311.5395 	EXP 	New trial (rep=5, index=5): <Trial 85 (5 in rep 5) data={'prime': 'The boy can read fast', 'target': 'The boy can read fast', 'condition': 'repetition_related', 'correctAns': 'right', 'thisN': 85, 'thisTrialN': 5, 'thisRepN': 5}>
311.5545 	EXP 	blank3_bg: autoDraw = False
311.5545 	EXP 	blank3_bg: autoDraw = False
311.5545 	EXP 	greenCircle: autoDraw = False
311.5545 	EXP 	redCrosss: autoDraw = False
311.5545 	EXP 	prime_text: height = np.float64(0.05)
311.5545 	EXP 	prime_text: height = np.float64(0.05)
311.5545 	EXP 	prime_text: height = np.float64(0.05)
311.5545 	EXP 	prime_text: text = 'The boy can read fast'
311.5545 	EXP 	target_text: height = np.float64(0.05)
311.5545 	EXP 	target_text: height = np.float64(0.05)
311.5545 	EXP 	target_text: height = np.float64(0.05)
311.5545 	EXP 	target_text: text = 'The boy can read fast'
311.5591 	EXP 	fix_text: autoDraw = True
311.8042 	EXP 	fix_text: autoDraw = False
311.8042 	EXP 	blank1_bg: autoDraw = True
311.9928 	EXP 	blank1_bg: autoDraw = False
312.0057 	EXP 	prime_text: autoDraw = True
312.1937 	EXP 	prime_text: autoDraw = False
312.2057 	EXP 	blank2_bg: autoDraw = True
312.2930 	EXP 	blank2_bg: autoDraw = False
312.3061 	INFO 	Keyboard events cleared
312.3058 	EXP 	target_text: autoDraw = True
312.9740 	EXP 	Device response: <KeyPress from None: t=312.9651308750035, value=right, duration=None>
312.9818 	DATA 	Keypress: right
312.9860 	EXP 	fix_text: autoDraw = False
312.9860 	EXP 	blank1_bg: autoDraw = False
312.9860 	EXP 	prime_text: autoDraw = False
312.9860 	EXP 	blank2_bg: autoDraw = False
312.9860 	EXP 	target_text: autoDraw = False
312.9860 	EXP 	greenCircle: autoDraw = True
312.9860 	EXP 	redCrosss: autoDraw = True
313.0789 	EXP 	Device response: <KeyPress from None: t=312.9651308750035, value=right, duration=0.10837674999493174>
313.1719 	EXP 	blank3_bg: autoDraw = True
313.1797 	EXP 	greenCircle: autoDraw = False
313.1797 	EXP 	redCrosss: autoDraw = False
313.9559 	EXP 	New trial (rep=5, index=6): <Trial 86 (6 in rep 5) data={'prime': 'The dog is barking loudly', 'target': 'The barking dog loudly is', 'condition': 'transposition_unrelated', 'correctAns': 'left', 'thisN': 86, 'thisTrialN': 6, 'thisRepN': 5}>
313.9714 	EXP 	blank3_bg: autoDraw = False
313.9714 	EXP 	blank3_bg: autoDraw = False
313.9714 	EXP 	greenCircle: autoDraw = False
313.9714 	EXP 	redCrosss: autoDraw = False
313.9714 	EXP 	prime_text: height = np.float64(0.05)
313.9714 	EXP 	prime_text: height = np.float64(0.05)
313.9714 	EXP 	prime_text: height = np.float64(0.05)
313.9714 	EXP 	prime_text: text = 'The dog is barking loudly'
313.9714 	EXP 	target_text: height = np.float64(0.05)
313.9714 	EXP 	target_text: height = np.float64(0.05)
313.9714 	EXP 	target_text: height = np.float64(0.05)
313.9714 	EXP 	target_text: text = 'The barking dog loudly is'
313.9752 	EXP 	fix_text: autoDraw = True
314.2223 	EXP 	fix_text: autoDraw = False
314.2223 	EXP 	blank1_bg: autoDraw = True
314.4103 	EXP 	blank1_bg: autoDraw = False
314.4223 	EXP 	prime_text: autoDraw = True
314.6103 	EXP 	prime_text: autoDraw = False
314.6223 	EXP 	blank2_bg: autoDraw = True
314.7098 	EXP 	blank2_bg: autoDraw = False
314.7225 	INFO 	Keyboard events cleared
314.7223 	EXP 	target_text: autoDraw = True
315.6961 	EXP 	Device response: <KeyPress from None: t=315.69216612500895, value=left, duration=None>
315.7036 	DATA 	Keypress: left
315.7081 	EXP 	fix_text: autoDraw = False
315.7081 	EXP 	blank1_bg: autoDraw = False
315.7081 	EXP 	prime_text: autoDraw = False
315.7081 	EXP 	blank2_bg: autoDraw = False
315.7081 	EXP 	target_text: autoDraw = False
315.7081 	EXP 	greenCircle: autoDraw = True
315.7081 	EXP 	redCrosss: autoDraw = True
315.8069 	EXP 	Device response: <KeyPress from None: t=315.69216612500895, value=left, duration=0.10413820800022222>
315.8976 	EXP 	blank3_bg: autoDraw = True
315.9041 	EXP 	greenCircle: autoDraw = False
315.9041 	EXP 	redCrosss: autoDraw = False
316.6810 	EXP 	New trial (rep=5, index=7): <Trial 87 (7 in rep 5) data={'prime': 'She does not like apples', 'target': 'She not does like apples', 'condition': 'repetition_unrelated', 'correctAns': 'left', 'thisN': 87, 'thisTrialN': 7, 'thisRepN': 5}>
316.6968 	EXP 	blank3_bg: autoDraw = False
316.6968 	EXP 	blank3_bg: autoDraw = False
316.6968 	EXP 	greenCircle: autoDraw = False
316.6968 	EXP 	redCrosss: autoDraw = False
316.6968 	EXP 	prime_text: height = np.float64(0.05)
316.6968 	EXP 	prime_text: height = np.float64(0.05)
316.6968 	EXP 	prime_text: height = np.float64(0.05)
316.6968 	EXP 	prime_text: text = 'She does not like apples'
316.6968 	EXP 	target_text: height = np.float64(0.05)
316.6968 	EXP 	target_text: height = np.float64(0.05)
316.6968 	EXP 	target_text: height = np.float64(0.05)
316.6968 	EXP 	target_text: text = 'She not does like apples'
316.6968 	EXP 	fix_text: autoDraw = True
316.9473 	EXP 	fix_text: autoDraw = False
316.9473 	EXP 	blank1_bg: autoDraw = True
317.1454 	EXP 	blank1_bg: autoDraw = False
317.1454 	EXP 	prime_text: autoDraw = True
317.3390 	EXP 	prime_text: autoDraw = False
317.3453 	EXP 	blank2_bg: autoDraw = True
317.4388 	EXP 	blank2_bg: autoDraw = False
317.4457 	INFO 	Keyboard events cleared
317.4456 	EXP 	target_text: autoDraw = True
318.5074 	EXP 	Device response: <KeyPress from None: t=318.5029307079967, value=left, duration=None>
318.5159 	DATA 	Keypress: left
318.5202 	EXP 	fix_text: autoDraw = False
318.5202 	EXP 	blank1_bg: autoDraw = False
318.5202 	EXP 	prime_text: autoDraw = False
318.5202 	EXP 	blank2_bg: autoDraw = False
318.5202 	EXP 	target_text: autoDraw = False
318.5202 	EXP 	greenCircle: autoDraw = True
318.5202 	EXP 	redCrosss: autoDraw = True
318.6402 	EXP 	Device response: <KeyPress from None: t=318.5029307079967, value=left, duration=0.1313774170121178>
318.7042 	EXP 	blank3_bg: autoDraw = True
318.7111 	EXP 	greenCircle: autoDraw = False
318.7111 	EXP 	redCrosss: autoDraw = False
319.4881 	EXP 	New trial (rep=5, index=8): <Trial 88 (8 in rep 5) data={'prime': 'They have finished the work', 'target': 'They finished have the work', 'condition': 'transposition_related', 'correctAns': 'right', 'thisN': 88, 'thisTrialN': 8, 'thisRepN': 5}>
319.5040 	EXP 	blank3_bg: autoDraw = False
319.5040 	EXP 	blank3_bg: autoDraw = False
319.5040 	EXP 	greenCircle: autoDraw = False
319.5040 	EXP 	redCrosss: autoDraw = False
319.5040 	EXP 	prime_text: height = np.float64(0.05)
319.5040 	EXP 	prime_text: height = np.float64(0.05)
319.5040 	EXP 	prime_text: height = np.float64(0.05)
319.5040 	EXP 	prime_text: text = 'They have finished the work'
319.5040 	EXP 	target_text: height = np.float64(0.05)
319.5040 	EXP 	target_text: height = np.float64(0.05)
319.5040 	EXP 	target_text: height = np.float64(0.05)
319.5040 	EXP 	target_text: text = 'They finished have the work'
319.5086 	EXP 	fix_text: autoDraw = True
319.7557 	EXP 	fix_text: autoDraw = False
319.7557 	EXP 	blank1_bg: autoDraw = True
319.9441 	EXP 	blank1_bg: autoDraw = False
319.9555 	EXP 	prime_text: autoDraw = True
320.1440 	EXP 	prime_text: autoDraw = False
320.1556 	EXP 	blank2_bg: autoDraw = True
320.2442 	EXP 	blank2_bg: autoDraw = False
320.2557 	INFO 	Keyboard events cleared
320.2555 	EXP 	target_text: autoDraw = True
321.5073 	EXP 	Device response: <KeyPress from None: t=321.5020630000072, value=left, duration=None>
321.5156 	DATA 	Keypress: left
321.5197 	EXP 	fix_text: autoDraw = False
321.5197 	EXP 	blank1_bg: autoDraw = False
321.5197 	EXP 	prime_text: autoDraw = False
321.5197 	EXP 	blank2_bg: autoDraw = False
321.5197 	EXP 	target_text: autoDraw = False
321.5197 	EXP 	greenCircle: autoDraw = True
321.5197 	EXP 	redCrosss: autoDraw = True
321.6235 	EXP 	Device response: <KeyPress from None: t=321.5020630000072, value=left, duration=0.1121149160026107>
321.7049 	EXP 	blank3_bg: autoDraw = True
321.7128 	EXP 	greenCircle: autoDraw = False
321.7128 	EXP 	redCrosss: autoDraw = False
322.4897 	EXP 	New trial (rep=5, index=9): <Trial 89 (9 in rep 5) data={'prime': 'The boy can read fast', 'target': 'The boy can read fast', 'condition': 'transposition_related', 'correctAns': 'right', 'thisN': 89, 'thisTrialN': 9, 'thisRepN': 5}>
322.5055 	EXP 	blank3_bg: autoDraw = False
322.5055 	EXP 	blank3_bg: autoDraw = False
322.5055 	EXP 	greenCircle: autoDraw = False
322.5055 	EXP 	redCrosss: autoDraw = False
322.5055 	EXP 	prime_text: height = np.float64(0.05)
322.5055 	EXP 	prime_text: height = np.float64(0.05)
322.5055 	EXP 	prime_text: height = np.float64(0.05)
322.5055 	EXP 	prime_text: text = 'The boy can read fast'
322.5055 	EXP 	target_text: height = np.float64(0.05)
322.5055 	EXP 	target_text: height = np.float64(0.05)
322.5055 	EXP 	target_text: height = np.float64(0.05)
322.5055 	EXP 	target_text: text = 'The boy can read fast'
322.5100 	EXP 	fix_text: autoDraw = True
322.7554 	EXP 	fix_text: autoDraw = False
322.7554 	EXP 	blank1_bg: autoDraw = True
322.9421 	EXP 	blank1_bg: autoDraw = False
322.9556 	EXP 	prime_text: autoDraw = True
323.1437 	EXP 	prime_text: autoDraw = False
323.1557 	EXP 	blank2_bg: autoDraw = True
323.2437 	EXP 	blank2_bg: autoDraw = False
323.2558 	INFO 	Keyboard events cleared
323.2556 	EXP 	target_text: autoDraw = True
323.9568 	EXP 	Device response: <KeyPress from None: t=323.94795333300135, value=left, duration=None>
323.9643 	DATA 	Keypress: left
323.9685 	EXP 	fix_text: autoDraw = False
323.9685 	EXP 	blank1_bg: autoDraw = False
323.9685 	EXP 	prime_text: autoDraw = False
323.9685 	EXP 	blank2_bg: autoDraw = False
323.9685 	EXP 	target_text: autoDraw = False
323.9685 	EXP 	greenCircle: autoDraw = True
323.9685 	EXP 	redCrosss: autoDraw = True
324.0788 	EXP 	Device response: <KeyPress from None: t=323.94795333300135, value=left, duration=0.12818816700018942>
324.1552 	EXP 	blank3_bg: autoDraw = True
324.1636 	EXP 	greenCircle: autoDraw = False
324.1636 	EXP 	redCrosss: autoDraw = False
324.9451 	EXP 	New trial (rep=5, index=10): <Trial 90 (10 in rep 5) data={'prime': 'They have finished the work', 'target': 'They work the have finished', 'condition': 'transposition_unrelated', 'correctAns': 'left', 'thisN': 90, 'thisTrialN': 10, 'thisRepN': 5}>
324.9604 	EXP 	blank3_bg: autoDraw = False
324.9604 	EXP 	blank3_bg: autoDraw = False
324.9604 	EXP 	greenCircle: autoDraw = False
324.9604 	EXP 	redCrosss: autoDraw = False
324.9604 	EXP 	prime_text: height = np.float64(0.05)
324.9604 	EXP 	prime_text: height = np.float64(0.05)
324.9604 	EXP 	prime_text: height = np.float64(0.05)
324.9604 	EXP 	prime_text: text = 'They have finished the work'
324.9604 	EXP 	target_text: height = np.float64(0.05)
324.9604 	EXP 	target_text: height = np.float64(0.05)
324.9604 	EXP 	target_text: height = np.float64(0.05)
324.9604 	EXP 	target_text: text = 'They work the have finished'
324.9604 	EXP 	fix_text: autoDraw = True
325.2046 	EXP 	fix_text: autoDraw = False
325.2046 	EXP 	blank1_bg: autoDraw = True
325.3939 	EXP 	blank1_bg: autoDraw = False
325.4058 	EXP 	prime_text: autoDraw = True
325.5931 	EXP 	prime_text: autoDraw = False
325.6056 	EXP 	blank2_bg: autoDraw = True
325.6942 	EXP 	blank2_bg: autoDraw = False
325.7059 	INFO 	Keyboard events cleared
325.7057 	EXP 	target_text: autoDraw = True
328.1406 	EXP 	Device response: <KeyPress from None: t=328.13377958300407, value=left, duration=None>
328.1490 	DATA 	Keypress: left
328.1533 	EXP 	fix_text: autoDraw = False
328.1533 	EXP 	blank1_bg: autoDraw = False
328.1533 	EXP 	prime_text: autoDraw = False
328.1533 	EXP 	blank2_bg: autoDraw = False
328.1533 	EXP 	target_text: autoDraw = False
328.1533 	EXP 	greenCircle: autoDraw = True
328.1533 	EXP 	redCrosss: autoDraw = True
328.2406 	EXP 	Device response: <KeyPress from None: t=328.13377958300407, value=left, duration=0.09793108300073072>
328.3374 	EXP 	blank3_bg: autoDraw = True
328.3438 	EXP 	greenCircle: autoDraw = False
328.3438 	EXP 	redCrosss: autoDraw = False
329.1221 	EXP 	New trial (rep=5, index=11): <Trial 91 (11 in rep 5) data={'prime': 'She does not like apples', 'target': 'She like does apples not', 'condition': 'transposition_unrelated', 'correctAns': 'left', 'thisN': 91, 'thisTrialN': 11, 'thisRepN': 5}>
329.1367 	EXP 	blank3_bg: autoDraw = False
329.1367 	EXP 	blank3_bg: autoDraw = False
329.1367 	EXP 	greenCircle: autoDraw = False
329.1367 	EXP 	redCrosss: autoDraw = False
329.1367 	EXP 	prime_text: height = np.float64(0.05)
329.1367 	EXP 	prime_text: height = np.float64(0.05)
329.1367 	EXP 	prime_text: height = np.float64(0.05)
329.1367 	EXP 	prime_text: text = 'She does not like apples'
329.1367 	EXP 	target_text: height = np.float64(0.05)
329.1367 	EXP 	target_text: height = np.float64(0.05)
329.1367 	EXP 	target_text: height = np.float64(0.05)
329.1367 	EXP 	target_text: text = 'She like does apples not'
329.1405 	EXP 	fix_text: autoDraw = True
329.3889 	EXP 	fix_text: autoDraw = False
329.3889 	EXP 	blank1_bg: autoDraw = True
329.5776 	EXP 	blank1_bg: autoDraw = False
329.5889 	EXP 	prime_text: autoDraw = True
329.7774 	EXP 	prime_text: autoDraw = False
329.7889 	EXP 	blank2_bg: autoDraw = True
329.8777 	EXP 	blank2_bg: autoDraw = False
329.8893 	INFO 	Keyboard events cleared
329.8891 	EXP 	target_text: autoDraw = True
332.6574 	EXP 	Device response: <KeyPress from None: t=332.65276287500456, value=left, duration=None>
332.6657 	DATA 	Keypress: left
332.6700 	EXP 	fix_text: autoDraw = False
332.6700 	EXP 	blank1_bg: autoDraw = False
332.6700 	EXP 	prime_text: autoDraw = False
332.6700 	EXP 	blank2_bg: autoDraw = False
332.6700 	EXP 	target_text: autoDraw = False
332.6700 	EXP 	greenCircle: autoDraw = True
332.6700 	EXP 	redCrosss: autoDraw = True
332.7736 	EXP 	Device response: <KeyPress from None: t=332.65276287500456, value=left, duration=0.11399712499405723>
332.8555 	EXP 	blank3_bg: autoDraw = True
332.8630 	EXP 	greenCircle: autoDraw = False
332.8630 	EXP 	redCrosss: autoDraw = False
333.6460 	EXP 	New trial (rep=5, index=12): <Trial 92 (12 in rep 5) data={'prime': 'The boy can read fast', 'target': 'The read can boy fast', 'condition': 'transposition_unrelated', 'correctAns': 'left', 'thisN': 92, 'thisTrialN': 12, 'thisRepN': 5}>
333.6610 	EXP 	blank3_bg: autoDraw = False
333.6610 	EXP 	blank3_bg: autoDraw = False
333.6610 	EXP 	greenCircle: autoDraw = False
333.6610 	EXP 	redCrosss: autoDraw = False
333.6610 	EXP 	prime_text: height = np.float64(0.05)
333.6610 	EXP 	prime_text: height = np.float64(0.05)
333.6610 	EXP 	prime_text: height = np.float64(0.05)
333.6610 	EXP 	prime_text: text = 'The boy can read fast'
333.6610 	EXP 	target_text: height = np.float64(0.05)
333.6610 	EXP 	target_text: height = np.float64(0.05)
333.6610 	EXP 	target_text: height = np.float64(0.05)
333.6610 	EXP 	target_text: text = 'The read can boy fast'
333.6610 	EXP 	fix_text: autoDraw = True
333.9054 	EXP 	fix_text: autoDraw = False
333.9054 	EXP 	blank1_bg: autoDraw = True
334.0934 	EXP 	blank1_bg: autoDraw = False
334.1055 	EXP 	prime_text: autoDraw = True
334.2946 	EXP 	prime_text: autoDraw = False
334.3056 	EXP 	blank2_bg: autoDraw = True
334.3941 	EXP 	blank2_bg: autoDraw = False
334.4059 	INFO 	Keyboard events cleared
334.4056 	EXP 	target_text: autoDraw = True
335.8905 	EXP 	Device response: <KeyPress from None: t=335.87835579100647, value=left, duration=None>
335.8987 	DATA 	Keypress: left
335.9029 	EXP 	fix_text: autoDraw = False
335.9029 	EXP 	blank1_bg: autoDraw = False
335.9029 	EXP 	prime_text: autoDraw = False
335.9029 	EXP 	blank2_bg: autoDraw = False
335.9029 	EXP 	target_text: autoDraw = False
335.9029 	EXP 	greenCircle: autoDraw = True
335.9029 	EXP 	redCrosss: autoDraw = True
336.0241 	EXP 	Device response: <KeyPress from None: t=335.87835579100647, value=left, duration=0.1402897919906536>
336.0876 	EXP 	blank3_bg: autoDraw = True
336.0951 	EXP 	greenCircle: autoDraw = False
336.0951 	EXP 	redCrosss: autoDraw = False
336.8722 	EXP 	New trial (rep=5, index=13): <Trial 93 (13 in rep 5) data={'prime': 'She does not like apples', 'target': 'She not does like apples', 'condition': 'transposition_related', 'correctAns': 'right', 'thisN': 93, 'thisTrialN': 13, 'thisRepN': 5}>
336.8880 	EXP 	blank3_bg: autoDraw = False
336.8880 	EXP 	blank3_bg: autoDraw = False
336.8880 	EXP 	greenCircle: autoDraw = False
336.8880 	EXP 	redCrosss: autoDraw = False
336.8880 	EXP 	prime_text: height = np.float64(0.05)
336.8880 	EXP 	prime_text: height = np.float64(0.05)
336.8880 	EXP 	prime_text: height = np.float64(0.05)
336.8880 	EXP 	prime_text: text = 'She does not like apples'
336.8880 	EXP 	target_text: height = np.float64(0.05)
336.8880 	EXP 	target_text: height = np.float64(0.05)
336.8880 	EXP 	target_text: height = np.float64(0.05)
336.8880 	EXP 	target_text: text = 'She not does like apples'
336.8926 	EXP 	fix_text: autoDraw = True
337.1388 	EXP 	fix_text: autoDraw = False
337.1388 	EXP 	blank1_bg: autoDraw = True
337.3387 	EXP 	blank1_bg: autoDraw = False
337.3387 	EXP 	prime_text: autoDraw = True
337.5262 	EXP 	prime_text: autoDraw = False
337.5390 	EXP 	blank2_bg: autoDraw = True
337.6269 	EXP 	blank2_bg: autoDraw = False
337.6389 	INFO 	Keyboard events cleared
337.6387 	EXP 	target_text: autoDraw = True
338.3737 	EXP 	Device response: <KeyPress from None: t=338.3612259579968, value=left, duration=None>
338.3817 	DATA 	Keypress: left
338.3860 	EXP 	fix_text: autoDraw = False
338.3860 	EXP 	blank1_bg: autoDraw = False
338.3860 	EXP 	prime_text: autoDraw = False
338.3860 	EXP 	blank2_bg: autoDraw = False
338.3860 	EXP 	target_text: autoDraw = False
338.3860 	EXP 	greenCircle: autoDraw = True
338.3860 	EXP 	redCrosss: autoDraw = True
338.4741 	EXP 	Device response: <KeyPress from None: t=338.3612259579968, value=left, duration=0.1043048749997979>
338.5708 	EXP 	blank3_bg: autoDraw = True
338.5793 	EXP 	greenCircle: autoDraw = False
338.5793 	EXP 	redCrosss: autoDraw = False
339.3555 	EXP 	New trial (rep=5, index=14): <Trial 94 (14 in rep 5) data={'prime': 'They have finished the work', 'target': 'They finished have the work', 'condition': 'repetition_unrelated', 'correctAns': 'left', 'thisN': 94, 'thisTrialN': 14, 'thisRepN': 5}>
339.3707 	EXP 	blank3_bg: autoDraw = False
339.3707 	EXP 	blank3_bg: autoDraw = False
339.3707 	EXP 	greenCircle: autoDraw = False
339.3707 	EXP 	redCrosss: autoDraw = False
339.3707 	EXP 	prime_text: height = np.float64(0.05)
339.3707 	EXP 	prime_text: height = np.float64(0.05)
339.3707 	EXP 	prime_text: height = np.float64(0.05)
339.3707 	EXP 	prime_text: text = 'They have finished the work'
339.3707 	EXP 	target_text: height = np.float64(0.05)
339.3707 	EXP 	target_text: height = np.float64(0.05)
339.3707 	EXP 	target_text: height = np.float64(0.05)
339.3707 	EXP 	target_text: text = 'They finished have the work'
339.3753 	EXP 	fix_text: autoDraw = True
339.6223 	EXP 	fix_text: autoDraw = False
339.6223 	EXP 	blank1_bg: autoDraw = True
339.8221 	EXP 	blank1_bg: autoDraw = False
339.8221 	EXP 	prime_text: autoDraw = True
340.0103 	EXP 	prime_text: autoDraw = False
340.0222 	EXP 	blank2_bg: autoDraw = True
340.1094 	EXP 	blank2_bg: autoDraw = False
340.1225 	INFO 	Keyboard events cleared
340.1223 	EXP 	target_text: autoDraw = True
342.1071 	EXP 	Device response: <KeyPress from None: t=342.0971321249963, value=left, duration=None>
342.1144 	DATA 	Keypress: left
342.1188 	EXP 	fix_text: autoDraw = False
342.1188 	EXP 	blank1_bg: autoDraw = False
342.1188 	EXP 	prime_text: autoDraw = False
342.1188 	EXP 	blank2_bg: autoDraw = False
342.1188 	EXP 	target_text: autoDraw = False
342.1188 	EXP 	greenCircle: autoDraw = True
342.1188 	EXP 	redCrosss: autoDraw = True
342.2070 	EXP 	Device response: <KeyPress from None: t=342.0971321249963, value=left, duration=0.10034925000218209>
342.3041 	EXP 	blank3_bg: autoDraw = True
342.3113 	EXP 	greenCircle: autoDraw = False
342.3113 	EXP 	redCrosss: autoDraw = False
343.0881 	EXP 	New trial (rep=5, index=15): <Trial 95 (15 in rep 5) data={'prime': 'The dog is barking loudly', 'target': 'The dog is barking loudly', 'condition': 'repetition_related', 'correctAns': 'right', 'thisN': 95, 'thisTrialN': 15, 'thisRepN': 5}>
343.1047 	EXP 	blank3_bg: autoDraw = False
343.1047 	EXP 	blank3_bg: autoDraw = False
343.1047 	EXP 	greenCircle: autoDraw = False
343.1047 	EXP 	redCrosss: autoDraw = False
343.1047 	EXP 	prime_text: height = np.float64(0.05)
343.1047 	EXP 	prime_text: height = np.float64(0.05)
343.1047 	EXP 	prime_text: height = np.float64(0.05)
343.1047 	EXP 	prime_text: text = 'The dog is barking loudly'
343.1047 	EXP 	target_text: height = np.float64(0.05)
343.1047 	EXP 	target_text: height = np.float64(0.05)
343.1047 	EXP 	target_text: height = np.float64(0.05)
343.1047 	EXP 	target_text: text = 'The dog is barking loudly'
343.1223 	EXP 	fix_text: autoDraw = True
343.3540 	EXP 	blank1_bg: autoDraw = True
343.3707 	EXP 	fix_text: autoDraw = False
343.5439 	EXP 	blank1_bg: autoDraw = False
343.5556 	EXP 	prime_text: autoDraw = True
343.7441 	EXP 	prime_text: autoDraw = False
343.7555 	EXP 	blank2_bg: autoDraw = True
343.8441 	EXP 	blank2_bg: autoDraw = False
343.8556 	INFO 	Keyboard events cleared
343.8555 	EXP 	target_text: autoDraw = True
344.9070 	EXP 	Device response: <KeyPress from None: t=344.8960353750008, value=right, duration=None>
344.9150 	DATA 	Keypress: right
344.9193 	EXP 	fix_text: autoDraw = False
344.9193 	EXP 	blank1_bg: autoDraw = False
344.9193 	EXP 	prime_text: autoDraw = False
344.9193 	EXP 	blank2_bg: autoDraw = False
344.9193 	EXP 	target_text: autoDraw = False
344.9193 	EXP 	greenCircle: autoDraw = True
344.9193 	EXP 	redCrosss: autoDraw = True
345.0075 	EXP 	Device response: <KeyPress from None: t=344.8960353750008, value=right, duration=0.10449070800677873>
345.1040 	EXP 	blank3_bg: autoDraw = True
345.1124 	EXP 	greenCircle: autoDraw = False
345.1124 	EXP 	redCrosss: autoDraw = False
345.8885 	EXP 	New trial (rep=6, index=0): <Trial 96 (0 in rep 6) data={'prime': 'The boy can read fast', 'target': 'The read can boy fast', 'condition': 'repetition_unrelated', 'correctAns': 'left', 'thisN': 96, 'thisTrialN': 0, 'thisRepN': 6}>
345.9039 	EXP 	blank3_bg: autoDraw = False
345.9039 	EXP 	blank3_bg: autoDraw = False
345.9039 	EXP 	greenCircle: autoDraw = False
345.9039 	EXP 	redCrosss: autoDraw = False
345.9039 	EXP 	prime_text: height = np.float64(0.05)
345.9039 	EXP 	prime_text: height = np.float64(0.05)
345.9039 	EXP 	prime_text: height = np.float64(0.05)
345.9039 	EXP 	prime_text: text = 'The boy can read fast'
345.9039 	EXP 	target_text: height = np.float64(0.05)
345.9039 	EXP 	target_text: height = np.float64(0.05)
345.9039 	EXP 	target_text: height = np.float64(0.05)
345.9039 	EXP 	target_text: text = 'The read can boy fast'
345.9084 	EXP 	fix_text: autoDraw = True
346.1556 	EXP 	fix_text: autoDraw = False
346.1556 	EXP 	blank1_bg: autoDraw = True
346.3556 	EXP 	blank1_bg: autoDraw = False
346.3556 	EXP 	prime_text: autoDraw = True
346.5438 	EXP 	prime_text: autoDraw = False
346.5555 	EXP 	blank2_bg: autoDraw = True
346.6427 	EXP 	blank2_bg: autoDraw = False
346.6555 	INFO 	Keyboard events cleared
346.6553 	EXP 	target_text: autoDraw = True
347.7572 	EXP 	Device response: <KeyPress from None: t=347.7520844999963, value=left, duration=None>
347.7657 	DATA 	Keypress: left
347.7699 	EXP 	fix_text: autoDraw = False
347.7699 	EXP 	blank1_bg: autoDraw = False
347.7699 	EXP 	prime_text: autoDraw = False
347.7699 	EXP 	blank2_bg: autoDraw = False
347.7699 	EXP 	target_text: autoDraw = False
347.7699 	EXP 	greenCircle: autoDraw = True
347.7699 	EXP 	redCrosss: autoDraw = True
347.8739 	EXP 	Device response: <KeyPress from None: t=347.7520844999963, value=left, duration=0.11227491601312067>
347.9556 	EXP 	blank3_bg: autoDraw = True
347.9631 	EXP 	greenCircle: autoDraw = False
347.9631 	EXP 	redCrosss: autoDraw = False
348.7445 	EXP 	New trial (rep=6, index=1): <Trial 97 (1 in rep 6) data={'prime': 'The boy can read fast', 'target': 'The boy can read fast', 'condition': 'transposition_related', 'correctAns': 'right', 'thisN': 97, 'thisTrialN': 1, 'thisRepN': 6}>
348.7547 	EXP 	blank3_bg: autoDraw = False
348.7547 	EXP 	blank3_bg: autoDraw = False
348.7547 	EXP 	greenCircle: autoDraw = False
348.7547 	EXP 	redCrosss: autoDraw = False
348.7547 	EXP 	prime_text: text = 'The boy can read fast'
348.7547 	EXP 	target_text: height = np.float64(0.05)
348.7547 	EXP 	target_text: height = np.float64(0.05)
348.7547 	EXP 	target_text: height = np.float64(0.05)
348.7547 	EXP 	target_text: text = 'The boy can read fast'
348.7547 	EXP 	fix_text: autoDraw = True
348.9941 	EXP 	fix_text: autoDraw = False
349.0056 	EXP 	blank1_bg: autoDraw = True
349.2056 	EXP 	blank1_bg: autoDraw = False
349.2056 	EXP 	prime_text: autoDraw = True
349.3928 	EXP 	prime_text: autoDraw = False
349.4056 	EXP 	blank2_bg: autoDraw = True
349.4929 	EXP 	blank2_bg: autoDraw = False
349.5057 	INFO 	Keyboard events cleared
349.5055 	EXP 	target_text: autoDraw = True
350.3071 	EXP 	Device response: <KeyPress from None: t=350.30587454100896, value=right, duration=None>
350.3155 	DATA 	Keypress: right
350.3200 	EXP 	fix_text: autoDraw = False
350.3200 	EXP 	blank1_bg: autoDraw = False
350.3200 	EXP 	prime_text: autoDraw = False
350.3200 	EXP 	blank2_bg: autoDraw = False
350.3200 	EXP 	target_text: autoDraw = False
350.3200 	EXP 	greenCircle: autoDraw = True
350.3200 	EXP 	redCrosss: autoDraw = True
350.4459 	EXP 	Device response: <KeyPress from None: t=350.30587454100896, value=right, duration=0.1364571669982979>
350.5040 	EXP 	blank3_bg: autoDraw = True
350.5108 	EXP 	greenCircle: autoDraw = False
350.5108 	EXP 	redCrosss: autoDraw = False
351.2888 	EXP 	New trial (rep=6, index=2): <Trial 98 (2 in rep 6) data={'prime': 'The boy can read fast', 'target': 'The read can boy fast', 'condition': 'transposition_unrelated', 'correctAns': 'left', 'thisN': 98, 'thisTrialN': 2, 'thisRepN': 6}>
351.2996 	EXP 	blank3_bg: autoDraw = False
351.2996 	EXP 	blank3_bg: autoDraw = False
351.2996 	EXP 	greenCircle: autoDraw = False
351.2996 	EXP 	redCrosss: autoDraw = False
351.2996 	EXP 	prime_text: text = 'The boy can read fast'
351.2996 	EXP 	target_text: height = np.float64(0.05)
351.2996 	EXP 	target_text: height = np.float64(0.05)
351.2996 	EXP 	target_text: height = np.float64(0.05)
351.2996 	EXP 	target_text: text = 'The read can boy fast'
351.3039 	EXP 	fix_text: autoDraw = True
351.5441 	EXP 	fix_text: autoDraw = False
351.5555 	EXP 	blank1_bg: autoDraw = True
351.7556 	EXP 	blank1_bg: autoDraw = False
351.7556 	EXP 	prime_text: autoDraw = True
351.9438 	EXP 	prime_text: autoDraw = False
351.9555 	EXP 	blank2_bg: autoDraw = True
352.0430 	EXP 	blank2_bg: autoDraw = False
352.0557 	INFO 	Keyboard events cleared
352.0555 	EXP 	target_text: autoDraw = True
352.9962 	EXP 	Device response: <KeyPress from None: t=352.989902375004, value=left, duration=None>
353.0035 	DATA 	Keypress: left
353.0081 	EXP 	fix_text: autoDraw = False
353.0081 	EXP 	blank1_bg: autoDraw = False
353.0081 	EXP 	prime_text: autoDraw = False
353.0081 	EXP 	blank2_bg: autoDraw = False
353.0081 	EXP 	target_text: autoDraw = False
353.0081 	EXP 	greenCircle: autoDraw = True
353.0081 	EXP 	redCrosss: autoDraw = True
353.1069 	EXP 	Device response: <KeyPress from None: t=352.989902375004, value=left, duration=0.10831020800105762>
353.1976 	EXP 	blank3_bg: autoDraw = True
353.2040 	EXP 	greenCircle: autoDraw = False
353.2040 	EXP 	redCrosss: autoDraw = False
353.9896 	EXP 	New trial (rep=6, index=3): <Trial 99 (3 in rep 6) data={'prime': 'She does not like apples', 'target': 'She like does apples not', 'condition': 'transposition_unrelated', 'correctAns': 'left', 'thisN': 99, 'thisTrialN': 3, 'thisRepN': 6}>
354.0053 	EXP 	blank3_bg: autoDraw = False
354.0053 	EXP 	blank3_bg: autoDraw = False
354.0053 	EXP 	greenCircle: autoDraw = False
354.0053 	EXP 	redCrosss: autoDraw = False
354.0053 	EXP 	prime_text: height = np.float64(0.05)
354.0053 	EXP 	prime_text: height = np.float64(0.05)
354.0053 	EXP 	prime_text: height = np.float64(0.05)
354.0053 	EXP 	prime_text: text = 'She does not like apples'
354.0053 	EXP 	target_text: height = np.float64(0.05)
354.0053 	EXP 	target_text: height = np.float64(0.05)
354.0053 	EXP 	target_text: height = np.float64(0.05)
354.0053 	EXP 	target_text: text = 'She like does apples not'
354.0053 	EXP 	fix_text: autoDraw = True
354.2470 	EXP 	fix_text: autoDraw = False
354.2470 	EXP 	blank1_bg: autoDraw = True
354.4380 	EXP 	prime_text: autoDraw = True
354.4425 	EXP 	blank1_bg: autoDraw = False
354.6275 	EXP 	prime_text: autoDraw = False
354.6453 	EXP 	blank2_bg: autoDraw = True
354.7389 	EXP 	blank2_bg: autoDraw = False
354.7457 	INFO 	Keyboard events cleared
354.7456 	EXP 	target_text: autoDraw = True
355.6297 	EXP 	Device response: <KeyPress from None: t=355.6248597500089, value=left, duration=None>
355.6370 	DATA 	Keypress: left
355.6413 	EXP 	fix_text: autoDraw = False
355.6413 	EXP 	blank1_bg: autoDraw = False
355.6413 	EXP 	prime_text: autoDraw = False
355.6413 	EXP 	blank2_bg: autoDraw = False
355.6413 	EXP 	target_text: autoDraw = False
355.6413 	EXP 	greenCircle: autoDraw = True
355.6413 	EXP 	redCrosss: autoDraw = True
355.7569 	EXP 	Device response: <KeyPress from None: t=355.6248597500089, value=left, duration=0.1283587079960853>
355.8312 	EXP 	blank3_bg: autoDraw = True
355.8379 	EXP 	greenCircle: autoDraw = False
355.8379 	EXP 	redCrosss: autoDraw = False
356.6233 	EXP 	New trial (rep=6, index=4): <Trial 100 (4 in rep 6) data={'prime': 'They have finished the work', 'target': 'They have finished the work', 'condition': 'repetition_related', 'correctAns': 'right', 'thisN': 100, 'thisTrialN': 4, 'thisRepN': 6}>
356.6395 	EXP 	blank3_bg: autoDraw = False
356.6395 	EXP 	blank3_bg: autoDraw = False
356.6395 	EXP 	greenCircle: autoDraw = False
356.6395 	EXP 	redCrosss: autoDraw = False
356.6395 	EXP 	prime_text: height = np.float64(0.05)
356.6395 	EXP 	prime_text: height = np.float64(0.05)
356.6395 	EXP 	prime_text: height = np.float64(0.05)
356.6395 	EXP 	prime_text: text = 'They have finished the work'
356.6395 	EXP 	target_text: height = np.float64(0.05)
356.6395 	EXP 	target_text: height = np.float64(0.05)
356.6395 	EXP 	target_text: height = np.float64(0.05)
356.6395 	EXP 	target_text: text = 'They have finished the work'
356.6395 	EXP 	fix_text: autoDraw = True
356.8802 	EXP 	fix_text: autoDraw = False
356.8802 	EXP 	blank1_bg: autoDraw = True
357.0782 	EXP 	blank1_bg: autoDraw = False
357.0782 	EXP 	prime_text: autoDraw = True
357.2722 	EXP 	prime_text: autoDraw = False
357.2788 	EXP 	blank2_bg: autoDraw = True
357.3723 	EXP 	blank2_bg: autoDraw = False
357.3793 	INFO 	Keyboard events cleared
357.3791 	EXP 	target_text: autoDraw = True
358.5068 	EXP 	Device response: <KeyPress from None: t=358.4966599580075, value=right, duration=None>
358.5146 	DATA 	Keypress: right
358.5191 	EXP 	fix_text: autoDraw = False
358.5191 	EXP 	blank1_bg: autoDraw = False
358.5191 	EXP 	prime_text: autoDraw = False
358.5191 	EXP 	blank2_bg: autoDraw = False
358.5191 	EXP 	target_text: autoDraw = False
358.5191 	EXP 	greenCircle: autoDraw = True
358.5191 	EXP 	redCrosss: autoDraw = True
358.6239 	EXP 	Device response: <KeyPress from None: t=358.4966599580075, value=right, duration=0.12340779199439567>
358.7051 	EXP 	blank3_bg: autoDraw = True
358.7127 	EXP 	greenCircle: autoDraw = False
358.7127 	EXP 	redCrosss: autoDraw = False
359.4896 	EXP 	New trial (rep=6, index=5): <Trial 101 (5 in rep 6) data={'prime': 'The boy can read fast', 'target': 'The boy can read fast', 'condition': 'repetition_related', 'correctAns': 'right', 'thisN': 101, 'thisTrialN': 5, 'thisRepN': 6}>
359.5053 	EXP 	blank3_bg: autoDraw = False
359.5053 	EXP 	blank3_bg: autoDraw = False
359.5053 	EXP 	greenCircle: autoDraw = False
359.5053 	EXP 	redCrosss: autoDraw = False
359.5053 	EXP 	prime_text: height = np.float64(0.05)
359.5053 	EXP 	prime_text: height = np.float64(0.05)
359.5053 	EXP 	prime_text: height = np.float64(0.05)
359.5053 	EXP 	prime_text: text = 'The boy can read fast'
359.5053 	EXP 	target_text: height = np.float64(0.05)
359.5053 	EXP 	target_text: height = np.float64(0.05)
359.5053 	EXP 	target_text: height = np.float64(0.05)
359.5053 	EXP 	target_text: text = 'The boy can read fast'
359.5099 	EXP 	fix_text: autoDraw = True
359.7552 	EXP 	fix_text: autoDraw = False
359.7552 	EXP 	blank1_bg: autoDraw = True
359.9553 	EXP 	blank1_bg: autoDraw = False
359.9553 	EXP 	prime_text: autoDraw = True
360.1431 	EXP 	prime_text: autoDraw = False
360.1555 	EXP 	blank2_bg: autoDraw = True
360.2438 	EXP 	blank2_bg: autoDraw = False
360.2556 	INFO 	Keyboard events cleared
360.2554 	EXP 	target_text: autoDraw = True
361.2736 	EXP 	Device response: <KeyPress from None: t=361.2616879999987, value=right, duration=None>
361.2815 	DATA 	Keypress: right
361.2858 	EXP 	fix_text: autoDraw = False
361.2858 	EXP 	blank1_bg: autoDraw = False
361.2858 	EXP 	prime_text: autoDraw = False
361.2858 	EXP 	blank2_bg: autoDraw = False
361.2858 	EXP 	target_text: autoDraw = False
361.2858 	EXP 	greenCircle: autoDraw = True
361.2858 	EXP 	redCrosss: autoDraw = True
361.4236 	EXP 	Device response: <KeyPress from None: t=361.2616879999987, value=right, duration=0.15231354100978933>
361.4721 	EXP 	blank3_bg: autoDraw = True
361.4794 	EXP 	greenCircle: autoDraw = False
361.4794 	EXP 	redCrosss: autoDraw = False
362.2606 	EXP 	New trial (rep=6, index=6): <Trial 102 (6 in rep 6) data={'prime': 'They have finished the work', 'target': 'They work the have finished', 'condition': 'transposition_unrelated', 'correctAns': 'left', 'thisN': 102, 'thisTrialN': 6, 'thisRepN': 6}>
362.2754 	EXP 	blank3_bg: autoDraw = False
362.2754 	EXP 	blank3_bg: autoDraw = False
362.2754 	EXP 	greenCircle: autoDraw = False
362.2754 	EXP 	redCrosss: autoDraw = False
362.2754 	EXP 	prime_text: height = np.float64(0.05)
362.2754 	EXP 	prime_text: height = np.float64(0.05)
362.2754 	EXP 	prime_text: height = np.float64(0.05)
362.2754 	EXP 	prime_text: text = 'They have finished the work'
362.2754 	EXP 	target_text: height = np.float64(0.05)
362.2754 	EXP 	target_text: height = np.float64(0.05)
362.2754 	EXP 	target_text: height = np.float64(0.05)
362.2754 	EXP 	target_text: text = 'They work the have finished'
362.2754 	EXP 	fix_text: autoDraw = True
362.5221 	EXP 	fix_text: autoDraw = False
362.5221 	EXP 	blank1_bg: autoDraw = True
362.7096 	EXP 	blank1_bg: autoDraw = False
362.7221 	EXP 	prime_text: autoDraw = True
362.9111 	EXP 	prime_text: autoDraw = False
362.9224 	EXP 	blank2_bg: autoDraw = True
363.0104 	EXP 	blank2_bg: autoDraw = False
363.0223 	INFO 	Keyboard events cleared
363.0221 	EXP 	target_text: autoDraw = True
363.9129 	EXP 	Device response: <KeyPress from None: t=363.9077050000051, value=left, duration=None>
363.9200 	DATA 	Keypress: left
363.9246 	EXP 	fix_text: autoDraw = False
363.9246 	EXP 	blank1_bg: autoDraw = False
363.9246 	EXP 	prime_text: autoDraw = False
363.9246 	EXP 	blank2_bg: autoDraw = False
363.9246 	EXP 	target_text: autoDraw = False
363.9246 	EXP 	greenCircle: autoDraw = True
363.9246 	EXP 	redCrosss: autoDraw = True
364.0455 	EXP 	Device response: <KeyPress from None: t=363.9077050000051, value=left, duration=0.13224424999498297>
364.1135 	EXP 	blank3_bg: autoDraw = True
364.1205 	EXP 	greenCircle: autoDraw = False
364.1205 	EXP 	redCrosss: autoDraw = False
364.8975 	EXP 	New trial (rep=6, index=7): <Trial 103 (7 in rep 6) data={'prime': 'She does not like apples', 'target': 'She not does like apples', 'condition': 'repetition_unrelated', 'correctAns': 'left', 'thisN': 103, 'thisTrialN': 7, 'thisRepN': 6}>
364.9129 	EXP 	blank3_bg: autoDraw = False
364.9129 	EXP 	blank3_bg: autoDraw = False
364.9129 	EXP 	greenCircle: autoDraw = False
364.9129 	EXP 	redCrosss: autoDraw = False
364.9129 	EXP 	prime_text: height = np.float64(0.05)
364.9129 	EXP 	prime_text: height = np.float64(0.05)
364.9129 	EXP 	prime_text: height = np.float64(0.05)
364.9129 	EXP 	prime_text: text = 'She does not like apples'
364.9129 	EXP 	target_text: height = np.float64(0.05)
364.9129 	EXP 	target_text: height = np.float64(0.05)
364.9129 	EXP 	target_text: height = np.float64(0.05)
364.9129 	EXP 	target_text: text = 'She not does like apples'
364.9129 	EXP 	fix_text: autoDraw = True
365.1554 	EXP 	fix_text: autoDraw = False
365.1635 	EXP 	blank1_bg: autoDraw = True
365.3615 	EXP 	blank1_bg: autoDraw = False
365.3615 	EXP 	prime_text: autoDraw = True
365.5611 	EXP 	prime_text: autoDraw = False
365.5611 	EXP 	blank2_bg: autoDraw = True
365.6556 	EXP 	blank2_bg: autoDraw = False
365.6623 	INFO 	Keyboard events cleared
365.6621 	EXP 	target_text: autoDraw = True
366.8406 	EXP 	Device response: <KeyPress from None: t=366.83361783300643, value=right, duration=None>
366.8490 	DATA 	Keypress: right
366.8534 	EXP 	fix_text: autoDraw = False
366.8534 	EXP 	blank1_bg: autoDraw = False
366.8534 	EXP 	prime_text: autoDraw = False
366.8534 	EXP 	blank2_bg: autoDraw = False
366.8534 	EXP 	target_text: autoDraw = False
366.8534 	EXP 	greenCircle: autoDraw = True
366.8534 	EXP 	redCrosss: autoDraw = True
366.9904 	EXP 	Device response: <KeyPress from None: t=366.83361783300643, value=right, duration=0.15223462499852758>
367.0386 	EXP 	blank3_bg: autoDraw = True
367.0464 	EXP 	greenCircle: autoDraw = False
367.0464 	EXP 	redCrosss: autoDraw = False
367.8227 	EXP 	New trial (rep=6, index=8): <Trial 104 (8 in rep 6) data={'prime': 'The dog is barking loudly', 'target': 'The loudly is barking dog', 'condition': 'repetition_unrelated', 'correctAns': 'left', 'thisN': 104, 'thisTrialN': 8, 'thisRepN': 6}>
367.8379 	EXP 	blank3_bg: autoDraw = False
367.8379 	EXP 	blank3_bg: autoDraw = False
367.8379 	EXP 	greenCircle: autoDraw = False
367.8379 	EXP 	redCrosss: autoDraw = False
367.8379 	EXP 	prime_text: height = np.float64(0.05)
367.8379 	EXP 	prime_text: height = np.float64(0.05)
367.8379 	EXP 	prime_text: height = np.float64(0.05)
367.8379 	EXP 	prime_text: text = 'The dog is barking loudly'
367.8379 	EXP 	target_text: height = np.float64(0.05)
367.8379 	EXP 	target_text: height = np.float64(0.05)
367.8379 	EXP 	target_text: height = np.float64(0.05)
367.8379 	EXP 	target_text: text = 'The loudly is barking dog'
367.8424 	EXP 	fix_text: autoDraw = True
368.0887 	EXP 	fix_text: autoDraw = False
368.0887 	EXP 	blank1_bg: autoDraw = True
368.2887 	EXP 	blank1_bg: autoDraw = False
368.2887 	EXP 	prime_text: autoDraw = True
368.4776 	EXP 	prime_text: autoDraw = False
368.4889 	EXP 	blank2_bg: autoDraw = True
368.5771 	EXP 	blank2_bg: autoDraw = False
368.5892 	INFO 	Keyboard events cleared
368.5889 	EXP 	target_text: autoDraw = True
370.4621 	EXP 	Device response: <KeyPress from None: t=370.46048162500665, value=left, duration=None>
370.4693 	DATA 	Keypress: left
370.4744 	EXP 	fix_text: autoDraw = False
370.4744 	EXP 	blank1_bg: autoDraw = False
370.4744 	EXP 	prime_text: autoDraw = False
370.4744 	EXP 	blank2_bg: autoDraw = False
370.4744 	EXP 	target_text: autoDraw = False
370.4744 	EXP 	greenCircle: autoDraw = True
370.4744 	EXP 	redCrosss: autoDraw = True
370.5793 	EXP 	Device response: <KeyPress from None: t=370.46048162500665, value=left, duration=0.11232370800280478>
370.6641 	EXP 	blank3_bg: autoDraw = True
370.6706 	EXP 	greenCircle: autoDraw = False
370.6706 	EXP 	redCrosss: autoDraw = False
371.4561 	EXP 	New trial (rep=6, index=9): <Trial 105 (9 in rep 6) data={'prime': 'She does not like apples', 'target': 'She not does like apples', 'condition': 'transposition_related', 'correctAns': 'right', 'thisN': 105, 'thisTrialN': 9, 'thisRepN': 6}>
371.4718 	EXP 	blank3_bg: autoDraw = False
371.4718 	EXP 	blank3_bg: autoDraw = False
371.4718 	EXP 	greenCircle: autoDraw = False
371.4718 	EXP 	redCrosss: autoDraw = False
371.4718 	EXP 	prime_text: height = np.float64(0.05)
371.4718 	EXP 	prime_text: height = np.float64(0.05)
371.4718 	EXP 	prime_text: height = np.float64(0.05)
371.4718 	EXP 	prime_text: text = 'She does not like apples'
371.4718 	EXP 	target_text: height = np.float64(0.05)
371.4718 	EXP 	target_text: height = np.float64(0.05)
371.4718 	EXP 	target_text: height = np.float64(0.05)
371.4718 	EXP 	target_text: text = 'She not does like apples'
371.4718 	EXP 	fix_text: autoDraw = True
371.7127 	EXP 	fix_text: autoDraw = False
371.7127 	EXP 	blank1_bg: autoDraw = True
371.9039 	EXP 	blank1_bg: autoDraw = False
371.9039 	EXP 	prime_text: autoDraw = True
372.0939 	EXP 	prime_text: autoDraw = False
372.1120 	EXP 	blank2_bg: autoDraw = True
372.2126 	INFO 	Keyboard events cleared
372.2124 	EXP 	blank2_bg: autoDraw = False
372.2124 	EXP 	target_text: autoDraw = True
372.8400 	EXP 	Device response: <KeyPress from None: t=372.8374948749988, value=right, duration=None>
372.8479 	DATA 	Keypress: right
372.8522 	EXP 	fix_text: autoDraw = False
372.8522 	EXP 	blank1_bg: autoDraw = False
372.8522 	EXP 	prime_text: autoDraw = False
372.8522 	EXP 	blank2_bg: autoDraw = False
372.8522 	EXP 	target_text: autoDraw = False
372.8522 	EXP 	greenCircle: autoDraw = True
372.8522 	EXP 	redCrosss: autoDraw = True
372.9734 	EXP 	Device response: <KeyPress from None: t=372.8374948749988, value=right, duration=0.13230395800201222>
373.0386 	EXP 	blank3_bg: autoDraw = True
373.0471 	EXP 	greenCircle: autoDraw = False
373.0471 	EXP 	redCrosss: autoDraw = False
373.8227 	EXP 	New trial (rep=6, index=10): <Trial 106 (10 in rep 6) data={'prime': 'They have finished the work', 'target': 'They finished have the work', 'condition': 'transposition_related', 'correctAns': 'right', 'thisN': 106, 'thisTrialN': 10, 'thisRepN': 6}>
373.8384 	EXP 	blank3_bg: autoDraw = False
373.8384 	EXP 	blank3_bg: autoDraw = False
373.8384 	EXP 	greenCircle: autoDraw = False
373.8384 	EXP 	redCrosss: autoDraw = False
373.8384 	EXP 	prime_text: height = np.float64(0.05)
373.8384 	EXP 	prime_text: height = np.float64(0.05)
373.8384 	EXP 	prime_text: height = np.float64(0.05)
373.8384 	EXP 	prime_text: text = 'They have finished the work'
373.8384 	EXP 	target_text: height = np.float64(0.05)
373.8384 	EXP 	target_text: height = np.float64(0.05)
373.8384 	EXP 	target_text: height = np.float64(0.05)
373.8384 	EXP 	target_text: text = 'They finished have the work'
373.8429 	EXP 	fix_text: autoDraw = True
374.0889 	EXP 	fix_text: autoDraw = False
374.0889 	EXP 	blank1_bg: autoDraw = True
374.2888 	EXP 	blank1_bg: autoDraw = False
374.2888 	EXP 	prime_text: autoDraw = True
374.4773 	EXP 	prime_text: autoDraw = False
374.4888 	EXP 	blank2_bg: autoDraw = True
374.5775 	EXP 	blank2_bg: autoDraw = False
374.5889 	INFO 	Keyboard events cleared
374.5887 	EXP 	target_text: autoDraw = True
376.1961 	EXP 	Device response: <KeyPress from None: t=376.19437841599574, value=left, duration=None>
376.2037 	DATA 	Keypress: left
376.2080 	EXP 	fix_text: autoDraw = False
376.2080 	EXP 	blank1_bg: autoDraw = False
376.2080 	EXP 	prime_text: autoDraw = False
376.2080 	EXP 	blank2_bg: autoDraw = False
376.2080 	EXP 	target_text: autoDraw = False
376.2080 	EXP 	greenCircle: autoDraw = True
376.2080 	EXP 	redCrosss: autoDraw = True
376.3461 	EXP 	Device response: <KeyPress from None: t=376.19437841599574, value=left, duration=0.1483389590139268>
376.3976 	EXP 	blank3_bg: autoDraw = True
376.4041 	EXP 	greenCircle: autoDraw = False
376.4041 	EXP 	redCrosss: autoDraw = False
377.1896 	EXP 	New trial (rep=6, index=11): <Trial 107 (11 in rep 6) data={'prime': 'The dog is barking loudly', 'target': 'The dog is barking loudly', 'condition': 'repetition_related', 'correctAns': 'right', 'thisN': 107, 'thisTrialN': 11, 'thisRepN': 6}>
377.2060 	EXP 	blank3_bg: autoDraw = False
377.2060 	EXP 	blank3_bg: autoDraw = False
377.2060 	EXP 	greenCircle: autoDraw = False
377.2060 	EXP 	redCrosss: autoDraw = False
377.2060 	EXP 	prime_text: height = np.float64(0.05)
377.2060 	EXP 	prime_text: height = np.float64(0.05)
377.2060 	EXP 	prime_text: height = np.float64(0.05)
377.2060 	EXP 	prime_text: text = 'The dog is barking loudly'
377.2060 	EXP 	target_text: height = np.float64(0.05)
377.2060 	EXP 	target_text: height = np.float64(0.05)
377.2060 	EXP 	target_text: height = np.float64(0.05)
377.2060 	EXP 	target_text: text = 'The dog is barking loudly'
377.2060 	EXP 	fix_text: autoDraw = True
377.4472 	EXP 	fix_text: autoDraw = False
377.4472 	EXP 	blank1_bg: autoDraw = True
377.6372 	EXP 	blank1_bg: autoDraw = False
377.6372 	EXP 	prime_text: autoDraw = True
377.8279 	EXP 	prime_text: autoDraw = False
377.8444 	EXP 	blank2_bg: autoDraw = True
377.9386 	EXP 	blank2_bg: autoDraw = False
377.9450 	INFO 	Keyboard events cleared
377.9448 	EXP 	target_text: autoDraw = True
379.2239 	EXP 	Device response: <KeyPress from None: t=379.2173866660014, value=right, duration=None>
379.2324 	DATA 	Keypress: right
379.2368 	EXP 	fix_text: autoDraw = False
379.2368 	EXP 	blank1_bg: autoDraw = False
379.2368 	EXP 	prime_text: autoDraw = False
379.2368 	EXP 	blank2_bg: autoDraw = False
379.2368 	EXP 	target_text: autoDraw = False
379.2368 	EXP 	greenCircle: autoDraw = True
379.2368 	EXP 	redCrosss: autoDraw = True
379.3237 	EXP 	Device response: <KeyPress from None: t=379.2173866660014, value=right, duration=0.10027954200631939>
379.4207 	EXP 	blank3_bg: autoDraw = True
379.4287 	EXP 	greenCircle: autoDraw = False
379.4287 	EXP 	redCrosss: autoDraw = False
380.2051 	EXP 	New trial (rep=6, index=12): <Trial 108 (12 in rep 6) data={'prime': 'The dog is barking loudly', 'target': 'The barking dog loudly is', 'condition': 'transposition_unrelated', 'correctAns': 'left', 'thisN': 108, 'thisTrialN': 12, 'thisRepN': 6}>
380.2156 	EXP 	blank3_bg: autoDraw = False
380.2156 	EXP 	blank3_bg: autoDraw = False
380.2156 	EXP 	greenCircle: autoDraw = False
380.2156 	EXP 	redCrosss: autoDraw = False
380.2156 	EXP 	prime_text: text = 'The dog is barking loudly'
380.2156 	EXP 	target_text: height = np.float64(0.05)
380.2156 	EXP 	target_text: height = np.float64(0.05)
380.2156 	EXP 	target_text: height = np.float64(0.05)
380.2156 	EXP 	target_text: text = 'The barking dog loudly is'
380.2205 	EXP 	fix_text: autoDraw = True
380.4604 	EXP 	fix_text: autoDraw = False
380.4724 	EXP 	blank1_bg: autoDraw = True
380.6721 	EXP 	blank1_bg: autoDraw = False
380.6721 	EXP 	prime_text: autoDraw = True
380.8609 	EXP 	prime_text: autoDraw = False
380.8723 	EXP 	blank2_bg: autoDraw = True
380.9602 	EXP 	blank2_bg: autoDraw = False
380.9723 	INFO 	Keyboard events cleared
380.9721 	EXP 	target_text: autoDraw = True
381.9409 	EXP 	Device response: <KeyPress from None: t=381.933409958001, value=left, duration=None>
381.9491 	DATA 	Keypress: left
381.9533 	EXP 	fix_text: autoDraw = False
381.9533 	EXP 	blank1_bg: autoDraw = False
381.9533 	EXP 	prime_text: autoDraw = False
381.9533 	EXP 	blank2_bg: autoDraw = False
381.9533 	EXP 	target_text: autoDraw = False
381.9533 	EXP 	greenCircle: autoDraw = True
381.9533 	EXP 	redCrosss: autoDraw = True
382.0461 	EXP 	Device response: <KeyPress from None: t=381.933409958001, value=left, duration=0.10817716699966695>
382.1378 	EXP 	blank3_bg: autoDraw = True
382.1448 	EXP 	greenCircle: autoDraw = False
382.1448 	EXP 	redCrosss: autoDraw = False
382.9225 	EXP 	New trial (rep=6, index=13): <Trial 109 (13 in rep 6) data={'prime': 'The dog is barking loudly', 'target': 'The dog barking is loudly', 'condition': 'transposition_related', 'correctAns': 'right', 'thisN': 109, 'thisTrialN': 13, 'thisRepN': 6}>
382.9314 	EXP 	blank3_bg: autoDraw = False
382.9314 	EXP 	blank3_bg: autoDraw = False
382.9314 	EXP 	greenCircle: autoDraw = False
382.9314 	EXP 	redCrosss: autoDraw = False
382.9314 	EXP 	prime_text: text = 'The dog is barking loudly'
382.9314 	EXP 	target_text: height = np.float64(0.05)
382.9314 	EXP 	target_text: height = np.float64(0.05)
382.9314 	EXP 	target_text: height = np.float64(0.05)
382.9314 	EXP 	target_text: text = 'The dog barking is loudly'
382.9374 	EXP 	fix_text: autoDraw = True
383.1759 	EXP 	fix_text: autoDraw = False
383.1888 	EXP 	blank1_bg: autoDraw = True
383.3760 	EXP 	blank1_bg: autoDraw = False
383.3887 	EXP 	prime_text: autoDraw = True
383.5755 	EXP 	prime_text: autoDraw = False
383.5887 	EXP 	blank2_bg: autoDraw = True
383.6763 	EXP 	blank2_bg: autoDraw = False
383.6887 	INFO 	Keyboard events cleared
383.6886 	EXP 	target_text: autoDraw = True
385.6398 	EXP 	Device response: <KeyPress from None: t=385.6280281250074, value=left, duration=None>
385.6476 	DATA 	Keypress: left
385.6517 	EXP 	fix_text: autoDraw = False
385.6517 	EXP 	blank1_bg: autoDraw = False
385.6517 	EXP 	prime_text: autoDraw = False
385.6517 	EXP 	blank2_bg: autoDraw = False
385.6517 	EXP 	target_text: autoDraw = False
385.6517 	EXP 	greenCircle: autoDraw = True
385.6517 	EXP 	redCrosss: autoDraw = True
385.7400 	EXP 	Device response: <KeyPress from None: t=385.6280281250074, value=left, duration=0.10848595800052863>
385.8376 	EXP 	blank3_bg: autoDraw = True
385.8444 	EXP 	greenCircle: autoDraw = False
385.8444 	EXP 	redCrosss: autoDraw = False
386.6214 	EXP 	New trial (rep=6, index=14): <Trial 110 (14 in rep 6) data={'prime': 'They have finished the work', 'target': 'They finished have the work', 'condition': 'repetition_unrelated', 'correctAns': 'left', 'thisN': 110, 'thisTrialN': 14, 'thisRepN': 6}>
386.6355 	EXP 	blank3_bg: autoDraw = False
386.6355 	EXP 	blank3_bg: autoDraw = False
386.6355 	EXP 	greenCircle: autoDraw = False
386.6355 	EXP 	redCrosss: autoDraw = False
386.6355 	EXP 	prime_text: height = np.float64(0.05)
386.6355 	EXP 	prime_text: height = np.float64(0.05)
386.6355 	EXP 	prime_text: height = np.float64(0.05)
386.6355 	EXP 	prime_text: text = 'They have finished the work'
386.6355 	EXP 	target_text: height = np.float64(0.05)
386.6355 	EXP 	target_text: height = np.float64(0.05)
386.6355 	EXP 	target_text: height = np.float64(0.05)
386.6355 	EXP 	target_text: text = 'They finished have the work'
386.6395 	EXP 	fix_text: autoDraw = True
386.8772 	EXP 	fix_text: autoDraw = False
386.8890 	EXP 	blank1_bg: autoDraw = True
387.0888 	EXP 	blank1_bg: autoDraw = False
387.0888 	EXP 	prime_text: autoDraw = True
387.2757 	EXP 	prime_text: autoDraw = False
387.2888 	EXP 	blank2_bg: autoDraw = True
387.3779 	EXP 	blank2_bg: autoDraw = False
387.3890 	INFO 	Keyboard events cleared
387.3887 	EXP 	target_text: autoDraw = True
389.3730 	EXP 	Device response: <KeyPress from None: t=389.364973415999, value=left, duration=None>
389.3793 	DATA 	Keypress: left
389.3836 	EXP 	fix_text: autoDraw = False
389.3836 	EXP 	blank1_bg: autoDraw = False
389.3836 	EXP 	prime_text: autoDraw = False
389.3836 	EXP 	blank2_bg: autoDraw = False
389.3836 	EXP 	target_text: autoDraw = False
389.3836 	EXP 	greenCircle: autoDraw = True
389.3836 	EXP 	redCrosss: autoDraw = True
389.4731 	EXP 	Device response: <KeyPress from None: t=389.364973415999, value=left, duration=0.10443558399856556>
389.5720 	EXP 	blank3_bg: autoDraw = True
389.5782 	EXP 	greenCircle: autoDraw = False
389.5782 	EXP 	redCrosss: autoDraw = False
390.3627 	EXP 	New trial (rep=6, index=15): <Trial 111 (15 in rep 6) data={'prime': 'She does not like apples', 'target': 'She does not like apples', 'condition': 'repetition_related', 'correctAns': 'right', 'thisN': 111, 'thisTrialN': 15, 'thisRepN': 6}>
390.3785 	EXP 	blank3_bg: autoDraw = False
390.3785 	EXP 	blank3_bg: autoDraw = False
390.3785 	EXP 	greenCircle: autoDraw = False
390.3785 	EXP 	redCrosss: autoDraw = False
390.3785 	EXP 	prime_text: height = np.float64(0.05)
390.3785 	EXP 	prime_text: height = np.float64(0.05)
390.3785 	EXP 	prime_text: height = np.float64(0.05)
390.3785 	EXP 	prime_text: text = 'She does not like apples'
390.3785 	EXP 	target_text: height = np.float64(0.05)
390.3785 	EXP 	target_text: height = np.float64(0.05)
390.3785 	EXP 	target_text: height = np.float64(0.05)
390.3785 	EXP 	target_text: text = 'She does not like apples'
390.3785 	EXP 	fix_text: autoDraw = True
390.6145 	EXP 	blank1_bg: autoDraw = True
390.6211 	EXP 	fix_text: autoDraw = False
390.8095 	EXP 	blank1_bg: autoDraw = False
390.8222 	EXP 	prime_text: autoDraw = True
391.0105 	EXP 	prime_text: autoDraw = False
391.0220 	EXP 	blank2_bg: autoDraw = True
391.1096 	EXP 	blank2_bg: autoDraw = False
391.1222 	INFO 	Keyboard events cleared
391.1220 	EXP 	target_text: autoDraw = True
392.4958 	EXP 	Device response: <KeyPress from None: t=392.4939225410053, value=right, duration=None>
392.5033 	DATA 	Keypress: right
392.5075 	EXP 	fix_text: autoDraw = False
392.5075 	EXP 	blank1_bg: autoDraw = False
392.5075 	EXP 	prime_text: autoDraw = False
392.5075 	EXP 	blank2_bg: autoDraw = False
392.5075 	EXP 	target_text: autoDraw = False
392.5075 	EXP 	greenCircle: autoDraw = True
392.5075 	EXP 	redCrosss: autoDraw = True
392.6120 	EXP 	Device response: <KeyPress from None: t=392.4939225410053, value=right, duration=0.11642133399436716>
392.6974 	EXP 	blank3_bg: autoDraw = True
392.7041 	EXP 	greenCircle: autoDraw = False
392.7041 	EXP 	redCrosss: autoDraw = False
393.4891 	EXP 	New trial (rep=7, index=0): <Trial 112 (0 in rep 7) data={'prime': 'She does not like apples', 'target': 'She like does apples not', 'condition': 'transposition_unrelated', 'correctAns': 'left', 'thisN': 112, 'thisTrialN': 0, 'thisRepN': 7}>
393.4983 	EXP 	blank3_bg: autoDraw = False
393.4983 	EXP 	blank3_bg: autoDraw = False
393.4983 	EXP 	greenCircle: autoDraw = False
393.4983 	EXP 	redCrosss: autoDraw = False
393.4983 	EXP 	prime_text: text = 'She does not like apples'
393.4983 	EXP 	target_text: height = np.float64(0.05)
393.4983 	EXP 	target_text: height = np.float64(0.05)
393.4983 	EXP 	target_text: height = np.float64(0.05)
393.4983 	EXP 	target_text: text = 'She like does apples not'
393.4983 	EXP 	fix_text: autoDraw = True
393.7447 	EXP 	fix_text: autoDraw = False
393.7447 	EXP 	blank1_bg: autoDraw = True
393.9386 	EXP 	blank1_bg: autoDraw = False
393.9386 	EXP 	prime_text: autoDraw = True
394.1271 	EXP 	prime_text: autoDraw = False
394.1449 	EXP 	blank2_bg: autoDraw = True
394.2388 	EXP 	blank2_bg: autoDraw = False
394.2453 	INFO 	Keyboard events cleared
394.2451 	EXP 	target_text: autoDraw = True
395.2233 	EXP 	Device response: <KeyPress from None: t=395.2179793329997, value=left, duration=None>
395.2312 	DATA 	Keypress: left
395.2355 	EXP 	fix_text: autoDraw = False
395.2355 	EXP 	blank1_bg: autoDraw = False
395.2355 	EXP 	prime_text: autoDraw = False
395.2355 	EXP 	blank2_bg: autoDraw = False
395.2355 	EXP 	target_text: autoDraw = False
395.2355 	EXP 	greenCircle: autoDraw = True
395.2355 	EXP 	redCrosss: autoDraw = True
395.3400 	EXP 	Device response: <KeyPress from None: t=395.2179793329997, value=left, duration=0.11223766701004934>
395.4209 	EXP 	blank3_bg: autoDraw = True
395.4281 	EXP 	greenCircle: autoDraw = False
395.4281 	EXP 	redCrosss: autoDraw = False
396.2056 	EXP 	New trial (rep=7, index=1): <Trial 113 (1 in rep 7) data={'prime': 'They have finished the work', 'target': 'They finished have the work', 'condition': 'repetition_unrelated', 'correctAns': 'left', 'thisN': 113, 'thisTrialN': 1, 'thisRepN': 7}>
396.2204 	EXP 	blank3_bg: autoDraw = False
396.2204 	EXP 	blank3_bg: autoDraw = False
396.2204 	EXP 	greenCircle: autoDraw = False
396.2204 	EXP 	redCrosss: autoDraw = False
396.2204 	EXP 	prime_text: height = np.float64(0.05)
396.2204 	EXP 	prime_text: height = np.float64(0.05)
396.2204 	EXP 	prime_text: height = np.float64(0.05)
396.2204 	EXP 	prime_text: text = 'They have finished the work'
396.2204 	EXP 	target_text: height = np.float64(0.05)
396.2204 	EXP 	target_text: height = np.float64(0.05)
396.2204 	EXP 	target_text: height = np.float64(0.05)
396.2204 	EXP 	target_text: text = 'They finished have the work'
396.2249 	EXP 	fix_text: autoDraw = True
396.4720 	EXP 	fix_text: autoDraw = False
396.4720 	EXP 	blank1_bg: autoDraw = True
396.6721 	EXP 	blank1_bg: autoDraw = False
396.6721 	EXP 	prime_text: autoDraw = True
396.8605 	EXP 	prime_text: autoDraw = False
396.8720 	EXP 	blank2_bg: autoDraw = True
396.9601 	EXP 	blank2_bg: autoDraw = False
396.9725 	INFO 	Keyboard events cleared
396.9723 	EXP 	target_text: autoDraw = True
398.1397 	EXP 	Device response: <KeyPress from None: t=398.12780658299744, value=right, duration=None>
398.1457 	DATA 	Keypress: right
398.1499 	EXP 	fix_text: autoDraw = False
398.1499 	EXP 	blank1_bg: autoDraw = False
398.1499 	EXP 	prime_text: autoDraw = False
398.1499 	EXP 	blank2_bg: autoDraw = False
398.1499 	EXP 	target_text: autoDraw = False
398.1499 	EXP 	greenCircle: autoDraw = True
398.1499 	EXP 	redCrosss: autoDraw = True
398.2400 	EXP 	Device response: <KeyPress from None: t=398.12780658299744, value=right, duration=0.10445383300248068>
398.3378 	EXP 	blank3_bg: autoDraw = True
398.3462 	EXP 	greenCircle: autoDraw = False
398.3462 	EXP 	redCrosss: autoDraw = False
399.1218 	EXP 	New trial (rep=7, index=2): <Trial 114 (2 in rep 7) data={'prime': 'The boy can read fast', 'target': 'The boy can read fast', 'condition': 'repetition_related', 'correctAns': 'right', 'thisN': 114, 'thisTrialN': 2, 'thisRepN': 7}>
399.1353 	EXP 	blank3_bg: autoDraw = False
399.1353 	EXP 	blank3_bg: autoDraw = False
399.1353 	EXP 	greenCircle: autoDraw = False
399.1353 	EXP 	redCrosss: autoDraw = False
399.1353 	EXP 	prime_text: height = np.float64(0.05)
399.1353 	EXP 	prime_text: height = np.float64(0.05)
399.1353 	EXP 	prime_text: height = np.float64(0.05)
399.1353 	EXP 	prime_text: text = 'The boy can read fast'
399.1353 	EXP 	target_text: height = np.float64(0.05)
399.1353 	EXP 	target_text: height = np.float64(0.05)
399.1353 	EXP 	target_text: height = np.float64(0.05)
399.1353 	EXP 	target_text: text = 'The boy can read fast'
399.1400 	EXP 	fix_text: autoDraw = True
399.3886 	EXP 	fix_text: autoDraw = False
399.3886 	EXP 	blank1_bg: autoDraw = True
399.5764 	EXP 	blank1_bg: autoDraw = False
399.5886 	EXP 	prime_text: autoDraw = True
399.7770 	EXP 	prime_text: autoDraw = False
399.7886 	EXP 	blank2_bg: autoDraw = True
399.8773 	EXP 	blank2_bg: autoDraw = False
399.8891 	INFO 	Keyboard events cleared
399.8888 	EXP 	target_text: autoDraw = True
400.8109 	EXP 	Device response: <KeyPress from None: t=400.80975387500075, value=right, duration=None>
400.8186 	DATA 	Keypress: right
400.8236 	EXP 	fix_text: autoDraw = False
400.8236 	EXP 	blank1_bg: autoDraw = False
400.8236 	EXP 	prime_text: autoDraw = False
400.8236 	EXP 	blank2_bg: autoDraw = False
400.8236 	EXP 	target_text: autoDraw = False
400.8236 	EXP 	greenCircle: autoDraw = True
400.8236 	EXP 	redCrosss: autoDraw = True
400.9277 	EXP 	Device response: <KeyPress from None: t=400.80975387500075, value=right, duration=0.11624158300401177>
401.0123 	EXP 	blank3_bg: autoDraw = True
401.0211 	EXP 	greenCircle: autoDraw = False
401.0211 	EXP 	redCrosss: autoDraw = False
401.7956 	EXP 	New trial (rep=7, index=3): <Trial 115 (3 in rep 7) data={'prime': 'She does not like apples', 'target': 'She does not like apples', 'condition': 'repetition_related', 'correctAns': 'right', 'thisN': 115, 'thisTrialN': 3, 'thisRepN': 7}>
401.8091 	EXP 	blank3_bg: autoDraw = False
401.8091 	EXP 	blank3_bg: autoDraw = False
401.8091 	EXP 	greenCircle: autoDraw = False
401.8091 	EXP 	redCrosss: autoDraw = False
401.8091 	EXP 	prime_text: height = np.float64(0.05)
401.8091 	EXP 	prime_text: height = np.float64(0.05)
401.8091 	EXP 	prime_text: height = np.float64(0.05)
401.8091 	EXP 	prime_text: text = 'She does not like apples'
401.8091 	EXP 	target_text: height = np.float64(0.05)
401.8091 	EXP 	target_text: height = np.float64(0.05)
401.8091 	EXP 	target_text: height = np.float64(0.05)
401.8091 	EXP 	target_text: text = 'She does not like apples'
401.8091 	EXP 	fix_text: autoDraw = True
402.0553 	EXP 	fix_text: autoDraw = False
402.0553 	EXP 	blank1_bg: autoDraw = True
402.2553 	EXP 	blank1_bg: autoDraw = False
402.2612 	EXP 	prime_text: autoDraw = True
402.4554 	EXP 	prime_text: autoDraw = False
402.4554 	EXP 	blank2_bg: autoDraw = True
402.5438 	EXP 	blank2_bg: autoDraw = False
402.5557 	INFO 	Keyboard events cleared
402.5555 	EXP 	target_text: autoDraw = True
403.5904 	EXP 	Device response: <KeyPress from None: t=403.58370899999863, value=right, duration=None>
403.5986 	DATA 	Keypress: right
403.6028 	EXP 	fix_text: autoDraw = False
403.6028 	EXP 	blank1_bg: autoDraw = False
403.6028 	EXP 	prime_text: autoDraw = False
403.6028 	EXP 	blank2_bg: autoDraw = False
403.6028 	EXP 	target_text: autoDraw = False
403.6028 	EXP 	greenCircle: autoDraw = True
403.6028 	EXP 	redCrosss: autoDraw = True
403.7066 	EXP 	Device response: <KeyPress from None: t=403.58370899999863, value=right, duration=0.12035416600701865>
403.7878 	EXP 	blank3_bg: autoDraw = True
403.7946 	EXP 	greenCircle: autoDraw = False
403.7946 	EXP 	redCrosss: autoDraw = False
404.5723 	EXP 	New trial (rep=7, index=4): <Trial 116 (4 in rep 7) data={'prime': 'She does not like apples', 'target': 'She not does like apples', 'condition': 'repetition_unrelated', 'correctAns': 'left', 'thisN': 116, 'thisTrialN': 4, 'thisRepN': 7}>
404.5816 	EXP 	blank3_bg: autoDraw = False
404.5816 	EXP 	blank3_bg: autoDraw = False
404.5816 	EXP 	greenCircle: autoDraw = False
404.5816 	EXP 	redCrosss: autoDraw = False
404.5816 	EXP 	prime_text: text = 'She does not like apples'
404.5816 	EXP 	target_text: height = np.float64(0.05)
404.5816 	EXP 	target_text: height = np.float64(0.05)
404.5816 	EXP 	target_text: height = np.float64(0.05)
404.5816 	EXP 	target_text: text = 'She not does like apples'
404.5876 	EXP 	fix_text: autoDraw = True
404.8256 	EXP 	fix_text: autoDraw = False
404.8387 	EXP 	blank1_bg: autoDraw = True
405.0385 	EXP 	blank1_bg: autoDraw = False
405.0385 	EXP 	prime_text: autoDraw = True
405.2273 	EXP 	prime_text: autoDraw = False
405.2388 	EXP 	blank2_bg: autoDraw = True
405.3272 	EXP 	blank2_bg: autoDraw = False
405.3392 	INFO 	Keyboard events cleared
405.3389 	EXP 	target_text: autoDraw = True
407.1738 	EXP 	Device response: <KeyPress from None: t=407.1625919579965, value=left, duration=None>
407.1819 	DATA 	Keypress: left
407.1862 	EXP 	fix_text: autoDraw = False
407.1862 	EXP 	blank1_bg: autoDraw = False
407.1862 	EXP 	prime_text: autoDraw = False
407.1862 	EXP 	blank2_bg: autoDraw = False
407.1862 	EXP 	target_text: autoDraw = False
407.1862 	EXP 	greenCircle: autoDraw = True
407.1862 	EXP 	redCrosss: autoDraw = True
407.2903 	EXP 	Device response: <KeyPress from None: t=407.1625919579965, value=left, duration=0.1163449580053566>
407.3710 	EXP 	blank3_bg: autoDraw = True
407.3781 	EXP 	greenCircle: autoDraw = False
407.3781 	EXP 	redCrosss: autoDraw = False
408.1557 	EXP 	New trial (rep=7, index=5): <Trial 117 (5 in rep 7) data={'prime': 'They have finished the work', 'target': 'They work the have finished', 'condition': 'transposition_unrelated', 'correctAns': 'left', 'thisN': 117, 'thisTrialN': 5, 'thisRepN': 7}>
408.1683 	EXP 	blank3_bg: autoDraw = False
408.1683 	EXP 	blank3_bg: autoDraw = False
408.1683 	EXP 	greenCircle: autoDraw = False
408.1683 	EXP 	redCrosss: autoDraw = False
408.1683 	EXP 	prime_text: height = np.float64(0.05)
408.1683 	EXP 	prime_text: height = np.float64(0.05)
408.1683 	EXP 	prime_text: height = np.float64(0.05)
408.1683 	EXP 	prime_text: text = 'They have finished the work'
408.1683 	EXP 	target_text: height = np.float64(0.05)
408.1683 	EXP 	target_text: height = np.float64(0.05)
408.1683 	EXP 	target_text: height = np.float64(0.05)
408.1683 	EXP 	target_text: text = 'They work the have finished'
408.1731 	EXP 	fix_text: autoDraw = True
408.4221 	EXP 	fix_text: autoDraw = False
408.4221 	EXP 	blank1_bg: autoDraw = True
408.6094 	EXP 	blank1_bg: autoDraw = False
408.6219 	EXP 	prime_text: autoDraw = True
408.8110 	EXP 	prime_text: autoDraw = False
408.8221 	EXP 	blank2_bg: autoDraw = True
408.9094 	EXP 	blank2_bg: autoDraw = False
408.9221 	INFO 	Keyboard events cleared
408.9220 	EXP 	target_text: autoDraw = True
411.0232 	EXP 	Device response: <KeyPress from None: t=411.0215733750083, value=left, duration=None>
411.0311 	DATA 	Keypress: left
411.0353 	EXP 	fix_text: autoDraw = False
411.0353 	EXP 	blank1_bg: autoDraw = False
411.0353 	EXP 	prime_text: autoDraw = False
411.0353 	EXP 	blank2_bg: autoDraw = False
411.0353 	EXP 	target_text: autoDraw = False
411.0353 	EXP 	greenCircle: autoDraw = True
411.0353 	EXP 	redCrosss: autoDraw = True
411.1129 	EXP 	Device response: <KeyPress from None: t=411.0215733750083, value=left, duration=0.08422662499651778>
411.2209 	EXP 	blank3_bg: autoDraw = True
411.2287 	EXP 	greenCircle: autoDraw = False
411.2287 	EXP 	redCrosss: autoDraw = False
412.0046 	EXP 	New trial (rep=7, index=6): <Trial 118 (6 in rep 7) data={'prime': 'The boy can read fast', 'target': 'The read can boy fast', 'condition': 'repetition_unrelated', 'correctAns': 'left', 'thisN': 118, 'thisTrialN': 6, 'thisRepN': 7}>
412.0190 	EXP 	blank3_bg: autoDraw = False
412.0190 	EXP 	blank3_bg: autoDraw = False
412.0190 	EXP 	greenCircle: autoDraw = False
412.0190 	EXP 	redCrosss: autoDraw = False
412.0190 	EXP 	prime_text: height = np.float64(0.05)
412.0190 	EXP 	prime_text: height = np.float64(0.05)
412.0190 	EXP 	prime_text: height = np.float64(0.05)
412.0190 	EXP 	prime_text: text = 'The boy can read fast'
412.0190 	EXP 	target_text: height = np.float64(0.05)
412.0190 	EXP 	target_text: height = np.float64(0.05)
412.0190 	EXP 	target_text: height = np.float64(0.05)
412.0190 	EXP 	target_text: text = 'The read can boy fast'
412.0233 	EXP 	fix_text: autoDraw = True
412.2719 	EXP 	fix_text: autoDraw = False
412.2719 	EXP 	blank1_bg: autoDraw = True
412.4586 	EXP 	blank1_bg: autoDraw = False
412.4721 	EXP 	prime_text: autoDraw = True
412.6594 	EXP 	prime_text: autoDraw = False
412.6720 	EXP 	blank2_bg: autoDraw = True
412.7606 	EXP 	blank2_bg: autoDraw = False
412.7724 	INFO 	Keyboard events cleared
412.7721 	EXP 	target_text: autoDraw = True
413.6955 	EXP 	Device response: <KeyPress from None: t=413.69447762500204, value=right, duration=None>
413.7022 	DATA 	Keypress: right
413.7067 	EXP 	fix_text: autoDraw = False
413.7067 	EXP 	blank1_bg: autoDraw = False
413.7067 	EXP 	prime_text: autoDraw = False
413.7067 	EXP 	blank2_bg: autoDraw = False
413.7067 	EXP 	target_text: autoDraw = False
413.7067 	EXP 	greenCircle: autoDraw = True
413.7067 	EXP 	redCrosss: autoDraw = True
413.8063 	EXP 	Device response: <KeyPress from None: t=413.69447762500204, value=right, duration=0.10432470799423754>
413.8957 	EXP 	blank3_bg: autoDraw = True
413.9041 	EXP 	greenCircle: autoDraw = False
413.9041 	EXP 	redCrosss: autoDraw = False
414.6799 	EXP 	New trial (rep=7, index=7): <Trial 119 (7 in rep 7) data={'prime': 'The dog is barking loudly', 'target': 'The dog barking is loudly', 'condition': 'transposition_related', 'correctAns': 'right', 'thisN': 119, 'thisTrialN': 7, 'thisRepN': 7}>
414.6967 	EXP 	blank3_bg: autoDraw = False
414.6967 	EXP 	blank3_bg: autoDraw = False
414.6967 	EXP 	greenCircle: autoDraw = False
414.6967 	EXP 	redCrosss: autoDraw = False
414.6967 	EXP 	prime_text: height = np.float64(0.05)
414.6967 	EXP 	prime_text: height = np.float64(0.05)
414.6967 	EXP 	prime_text: height = np.float64(0.05)
414.6967 	EXP 	prime_text: text = 'The dog is barking loudly'
414.6967 	EXP 	target_text: height = np.float64(0.05)
414.6967 	EXP 	target_text: height = np.float64(0.05)
414.6967 	EXP 	target_text: height = np.float64(0.05)
414.6967 	EXP 	target_text: text = 'The dog barking is loudly'
414.6967 	EXP 	fix_text: autoDraw = True
414.9449 	EXP 	fix_text: autoDraw = False
414.9449 	EXP 	blank1_bg: autoDraw = True
415.1389 	EXP 	blank1_bg: autoDraw = False
415.1440 	EXP 	prime_text: autoDraw = True
415.3386 	EXP 	prime_text: autoDraw = False
415.3432 	EXP 	blank2_bg: autoDraw = True
415.4387 	EXP 	blank2_bg: autoDraw = False
415.4439 	INFO 	Keyboard events cleared
415.4437 	EXP 	target_text: autoDraw = True
416.6287 	EXP 	Device response: <KeyPress from None: t=416.6263394580019, value=left, duration=None>
416.6362 	DATA 	Keypress: left
416.6408 	EXP 	fix_text: autoDraw = False
416.6408 	EXP 	blank1_bg: autoDraw = False
416.6408 	EXP 	prime_text: autoDraw = False
416.6408 	EXP 	blank2_bg: autoDraw = False
416.6408 	EXP 	target_text: autoDraw = False
416.6408 	EXP 	greenCircle: autoDraw = True
416.6408 	EXP 	redCrosss: autoDraw = True
416.7563 	EXP 	Device response: <KeyPress from None: t=416.6263394580019, value=left, duration=0.12433579200296663>
416.8207 	EXP 	blank3_bg: autoDraw = True
416.8382 	EXP 	greenCircle: autoDraw = False
416.8382 	EXP 	redCrosss: autoDraw = False
417.6049 	EXP 	New trial (rep=7, index=8): <Trial 120 (8 in rep 7) data={'prime': 'The dog is barking loudly', 'target': 'The loudly is barking dog', 'condition': 'repetition_unrelated', 'correctAns': 'left', 'thisN': 120, 'thisTrialN': 8, 'thisRepN': 7}>
417.6162 	EXP 	blank3_bg: autoDraw = False
417.6162 	EXP 	blank3_bg: autoDraw = False
417.6162 	EXP 	greenCircle: autoDraw = False
417.6162 	EXP 	redCrosss: autoDraw = False
417.6162 	EXP 	prime_text: text = 'The dog is barking loudly'
417.6162 	EXP 	target_text: height = np.float64(0.05)
417.6162 	EXP 	target_text: height = np.float64(0.05)
417.6162 	EXP 	target_text: height = np.float64(0.05)
417.6162 	EXP 	target_text: text = 'The loudly is barking dog'
417.6208 	EXP 	fix_text: autoDraw = True
417.8592 	EXP 	fix_text: autoDraw = False
417.8804 	EXP 	blank1_bg: autoDraw = True
418.0705 	EXP 	prime_text: autoDraw = True
418.0752 	EXP 	blank1_bg: autoDraw = False
418.2606 	EXP 	prime_text: autoDraw = False
418.2783 	EXP 	blank2_bg: autoDraw = True
418.3776 	INFO 	Keyboard events cleared
418.3773 	EXP 	blank2_bg: autoDraw = False
418.3773 	EXP 	target_text: autoDraw = True
419.4736 	EXP 	Device response: <KeyPress from None: t=419.4643661250011, value=left, duration=None>
419.4811 	DATA 	Keypress: left
419.4853 	EXP 	fix_text: autoDraw = False
419.4853 	EXP 	blank1_bg: autoDraw = False
419.4853 	EXP 	prime_text: autoDraw = False
419.4853 	EXP 	blank2_bg: autoDraw = False
419.4853 	EXP 	target_text: autoDraw = False
419.4853 	EXP 	greenCircle: autoDraw = True
419.4853 	EXP 	redCrosss: autoDraw = True
419.6070 	EXP 	Device response: <KeyPress from None: t=419.4643661250011, value=left, duration=0.13234554100199603>
419.6704 	EXP 	blank3_bg: autoDraw = True
419.6773 	EXP 	greenCircle: autoDraw = False
419.6773 	EXP 	redCrosss: autoDraw = False
420.4550 	EXP 	New trial (rep=7, index=9): <Trial 121 (9 in rep 7) data={'prime': 'The dog is barking loudly', 'target': 'The barking dog loudly is', 'condition': 'transposition_unrelated', 'correctAns': 'left', 'thisN': 121, 'thisTrialN': 9, 'thisRepN': 7}>
420.4661 	EXP 	blank3_bg: autoDraw = False
420.4661 	EXP 	blank3_bg: autoDraw = False
420.4661 	EXP 	greenCircle: autoDraw = False
420.4661 	EXP 	redCrosss: autoDraw = False
420.4661 	EXP 	prime_text: text = 'The dog is barking loudly'
420.4661 	EXP 	target_text: height = np.float64(0.05)
420.4661 	EXP 	target_text: height = np.float64(0.05)
420.4661 	EXP 	target_text: height = np.float64(0.05)
420.4661 	EXP 	target_text: text = 'The barking dog loudly is'
420.4711 	EXP 	fix_text: autoDraw = True
420.7097 	EXP 	fix_text: autoDraw = False
420.7220 	EXP 	blank1_bg: autoDraw = True
420.9084 	EXP 	blank1_bg: autoDraw = False
420.9220 	EXP 	prime_text: autoDraw = True
421.1096 	EXP 	prime_text: autoDraw = False
421.1220 	EXP 	blank2_bg: autoDraw = True
421.2094 	EXP 	blank2_bg: autoDraw = False
421.2221 	INFO 	Keyboard events cleared
421.2219 	EXP 	target_text: autoDraw = True
423.4405 	EXP 	Device response: <KeyPress from None: t=423.4292412500072, value=left, duration=None>
423.4487 	DATA 	Keypress: left
423.4530 	EXP 	fix_text: autoDraw = False
423.4530 	EXP 	blank1_bg: autoDraw = False
423.4530 	EXP 	prime_text: autoDraw = False
423.4530 	EXP 	blank2_bg: autoDraw = False
423.4530 	EXP 	target_text: autoDraw = False
423.4530 	EXP 	greenCircle: autoDraw = True
423.4530 	EXP 	redCrosss: autoDraw = True
423.5233 	EXP 	Device response: <KeyPress from None: t=423.4292412500072, value=left, duration=0.09240279099321924>
423.6372 	EXP 	blank3_bg: autoDraw = True
423.6452 	EXP 	greenCircle: autoDraw = False
423.6452 	EXP 	redCrosss: autoDraw = False
424.4226 	EXP 	New trial (rep=7, index=10): <Trial 122 (10 in rep 7) data={'prime': 'They have finished the work', 'target': 'They finished have the work', 'condition': 'transposition_related', 'correctAns': 'right', 'thisN': 122, 'thisTrialN': 10, 'thisRepN': 7}>
424.4372 	EXP 	blank3_bg: autoDraw = False
424.4372 	EXP 	blank3_bg: autoDraw = False
424.4372 	EXP 	greenCircle: autoDraw = False
424.4372 	EXP 	redCrosss: autoDraw = False
424.4372 	EXP 	prime_text: height = np.float64(0.05)
424.4372 	EXP 	prime_text: height = np.float64(0.05)
424.4372 	EXP 	prime_text: height = np.float64(0.05)
424.4372 	EXP 	prime_text: text = 'They have finished the work'
424.4372 	EXP 	target_text: height = np.float64(0.05)
424.4372 	EXP 	target_text: height = np.float64(0.05)
424.4372 	EXP 	target_text: height = np.float64(0.05)
424.4372 	EXP 	target_text: text = 'They finished have the work'
424.4419 	EXP 	fix_text: autoDraw = True
424.6887 	EXP 	fix_text: autoDraw = False
424.6887 	EXP 	blank1_bg: autoDraw = True
424.8773 	EXP 	blank1_bg: autoDraw = False
424.8887 	EXP 	prime_text: autoDraw = True
425.0760 	EXP 	prime_text: autoDraw = False
425.0888 	EXP 	blank2_bg: autoDraw = True
425.1768 	EXP 	blank2_bg: autoDraw = False
425.1889 	INFO 	Keyboard events cleared
425.1887 	EXP 	target_text: autoDraw = True
426.5728 	EXP 	Device response: <KeyPress from None: t=426.56407691600907, value=left, duration=None>
426.5790 	DATA 	Keypress: left
426.5832 	EXP 	fix_text: autoDraw = False
426.5832 	EXP 	blank1_bg: autoDraw = False
426.5832 	EXP 	prime_text: autoDraw = False
426.5832 	EXP 	blank2_bg: autoDraw = False
426.5832 	EXP 	target_text: autoDraw = False
426.5832 	EXP 	greenCircle: autoDraw = True
426.5832 	EXP 	redCrosss: autoDraw = True
426.7064 	EXP 	Device response: <KeyPress from None: t=426.56407691600907, value=left, duration=0.13648199998715427>
426.7714 	EXP 	blank3_bg: autoDraw = True
426.7789 	EXP 	greenCircle: autoDraw = False
426.7789 	EXP 	redCrosss: autoDraw = False
427.5562 	EXP 	New trial (rep=7, index=11): <Trial 123 (11 in rep 7) data={'prime': 'The boy can read fast', 'target': 'The read can boy fast', 'condition': 'transposition_unrelated', 'correctAns': 'left', 'thisN': 123, 'thisTrialN': 11, 'thisRepN': 7}>
427.5713 	EXP 	blank3_bg: autoDraw = False
427.5713 	EXP 	blank3_bg: autoDraw = False
427.5713 	EXP 	greenCircle: autoDraw = False
427.5713 	EXP 	redCrosss: autoDraw = False
427.5713 	EXP 	prime_text: height = np.float64(0.05)
427.5713 	EXP 	prime_text: height = np.float64(0.05)
427.5713 	EXP 	prime_text: height = np.float64(0.05)
427.5713 	EXP 	prime_text: text = 'The boy can read fast'
427.5713 	EXP 	target_text: height = np.float64(0.05)
427.5713 	EXP 	target_text: height = np.float64(0.05)
427.5713 	EXP 	target_text: height = np.float64(0.05)
427.5713 	EXP 	target_text: text = 'The read can boy fast'
427.5713 	EXP 	fix_text: autoDraw = True
427.8139 	EXP 	fix_text: autoDraw = False
427.8139 	EXP 	blank1_bg: autoDraw = True
428.0087 	EXP 	blank1_bg: autoDraw = False
428.0221 	EXP 	prime_text: autoDraw = True
428.2094 	EXP 	prime_text: autoDraw = False
428.2222 	EXP 	blank2_bg: autoDraw = True
428.3126 	INFO 	Keyboard events cleared
428.3124 	EXP 	blank2_bg: autoDraw = False
428.3124 	EXP 	target_text: autoDraw = True
429.4897 	EXP 	Device response: <KeyPress from None: t=429.4851156250079, value=left, duration=None>
429.4960 	DATA 	Keypress: left
429.5002 	EXP 	fix_text: autoDraw = False
429.5002 	EXP 	blank1_bg: autoDraw = False
429.5002 	EXP 	prime_text: autoDraw = False
429.5002 	EXP 	blank2_bg: autoDraw = False
429.5002 	EXP 	target_text: autoDraw = False
429.5002 	EXP 	greenCircle: autoDraw = True
429.5002 	EXP 	redCrosss: autoDraw = True
429.6066 	EXP 	Device response: <KeyPress from None: t=429.4851156250079, value=left, duration=0.11227479099761695>
429.6886 	EXP 	blank3_bg: autoDraw = True
429.6965 	EXP 	greenCircle: autoDraw = False
429.6965 	EXP 	redCrosss: autoDraw = False
430.4789 	EXP 	New trial (rep=7, index=12): <Trial 124 (12 in rep 7) data={'prime': 'The boy can read fast', 'target': 'The boy can read fast', 'condition': 'transposition_related', 'correctAns': 'right', 'thisN': 124, 'thisTrialN': 12, 'thisRepN': 7}>
430.4909 	EXP 	blank3_bg: autoDraw = False
430.4909 	EXP 	blank3_bg: autoDraw = False
430.4909 	EXP 	greenCircle: autoDraw = False
430.4909 	EXP 	redCrosss: autoDraw = False
430.4909 	EXP 	prime_text: text = 'The boy can read fast'
430.4909 	EXP 	target_text: height = np.float64(0.05)
430.4909 	EXP 	target_text: height = np.float64(0.05)
430.4909 	EXP 	target_text: height = np.float64(0.05)
430.4909 	EXP 	target_text: text = 'The boy can read fast'
430.4909 	EXP 	fix_text: autoDraw = True
430.7387 	EXP 	fix_text: autoDraw = False
430.7387 	EXP 	blank1_bg: autoDraw = True
430.9262 	EXP 	blank1_bg: autoDraw = False
430.9388 	EXP 	prime_text: autoDraw = True
431.1273 	EXP 	prime_text: autoDraw = False
431.1388 	EXP 	blank2_bg: autoDraw = True
431.2272 	EXP 	blank2_bg: autoDraw = False
431.2389 	INFO 	Keyboard events cleared
431.2387 	EXP 	target_text: autoDraw = True
432.0730 	EXP 	Device response: <KeyPress from None: t=432.06401991599705, value=right, duration=None>
432.0792 	DATA 	Keypress: right
432.0833 	EXP 	fix_text: autoDraw = False
432.0833 	EXP 	blank1_bg: autoDraw = False
432.0833 	EXP 	prime_text: autoDraw = False
432.0833 	EXP 	blank2_bg: autoDraw = False
432.0833 	EXP 	target_text: autoDraw = False
432.0833 	EXP 	greenCircle: autoDraw = True
432.0833 	EXP 	redCrosss: autoDraw = True
432.1896 	EXP 	Device response: <KeyPress from None: t=432.06401991599705, value=right, duration=0.12423937499988824>
432.2720 	EXP 	blank3_bg: autoDraw = True
432.2783 	EXP 	greenCircle: autoDraw = False
432.2783 	EXP 	redCrosss: autoDraw = False
433.0627 	EXP 	New trial (rep=7, index=13): <Trial 125 (13 in rep 7) data={'prime': 'She does not like apples', 'target': 'She not does like apples', 'condition': 'transposition_related', 'correctAns': 'right', 'thisN': 125, 'thisTrialN': 13, 'thisRepN': 7}>
433.0771 	EXP 	blank3_bg: autoDraw = False
433.0771 	EXP 	blank3_bg: autoDraw = False
433.0771 	EXP 	greenCircle: autoDraw = False
433.0771 	EXP 	redCrosss: autoDraw = False
433.0771 	EXP 	prime_text: height = np.float64(0.05)
433.0771 	EXP 	prime_text: height = np.float64(0.05)
433.0771 	EXP 	prime_text: height = np.float64(0.05)
433.0771 	EXP 	prime_text: text = 'She does not like apples'
433.0771 	EXP 	target_text: height = np.float64(0.05)
433.0771 	EXP 	target_text: height = np.float64(0.05)
433.0771 	EXP 	target_text: height = np.float64(0.05)
433.0771 	EXP 	target_text: text = 'She not does like apples'
433.0771 	EXP 	fix_text: autoDraw = True
433.3143 	EXP 	blank1_bg: autoDraw = True
433.3207 	EXP 	fix_text: autoDraw = False
433.5125 	EXP 	blank1_bg: autoDraw = False
433.5125 	EXP 	prime_text: autoDraw = True
433.7054 	EXP 	prime_text: autoDraw = False
433.7220 	EXP 	blank2_bg: autoDraw = True
433.8098 	EXP 	blank2_bg: autoDraw = False
433.8221 	INFO 	Keyboard events cleared
433.8219 	EXP 	target_text: autoDraw = True
434.6608 	EXP 	Device response: <KeyPress from None: t=434.65691470800084, value=left, duration=None>
434.6681 	DATA 	Keypress: left
434.6734 	EXP 	fix_text: autoDraw = False
434.6734 	EXP 	blank1_bg: autoDraw = False
434.6734 	EXP 	prime_text: autoDraw = False
434.6734 	EXP 	blank2_bg: autoDraw = False
434.6734 	EXP 	target_text: autoDraw = False
434.6734 	EXP 	greenCircle: autoDraw = True
434.6734 	EXP 	redCrosss: autoDraw = True
434.7786 	EXP 	Device response: <KeyPress from None: t=434.65691470800084, value=left, duration=0.11638649999804329>
434.8547 	EXP 	blank3_bg: autoDraw = True
434.8704 	EXP 	greenCircle: autoDraw = False
434.8704 	EXP 	redCrosss: autoDraw = False
435.6386 	EXP 	New trial (rep=7, index=14): <Trial 126 (14 in rep 7) data={'prime': 'The dog is barking loudly', 'target': 'The dog is barking loudly', 'condition': 'repetition_related', 'correctAns': 'right', 'thisN': 126, 'thisTrialN': 14, 'thisRepN': 7}>
435.6539 	EXP 	blank3_bg: autoDraw = False
435.6539 	EXP 	blank3_bg: autoDraw = False
435.6539 	EXP 	greenCircle: autoDraw = False
435.6539 	EXP 	redCrosss: autoDraw = False
435.6539 	EXP 	prime_text: height = np.float64(0.05)
435.6539 	EXP 	prime_text: height = np.float64(0.05)
435.6539 	EXP 	prime_text: height = np.float64(0.05)
435.6539 	EXP 	prime_text: text = 'The dog is barking loudly'
435.6539 	EXP 	target_text: height = np.float64(0.05)
435.6539 	EXP 	target_text: height = np.float64(0.05)
435.6539 	EXP 	target_text: height = np.float64(0.05)
435.6539 	EXP 	target_text: text = 'The dog is barking loudly'
435.6578 	EXP 	fix_text: autoDraw = True
435.9053 	EXP 	fix_text: autoDraw = False
435.9053 	EXP 	blank1_bg: autoDraw = True
436.0932 	EXP 	blank1_bg: autoDraw = False
436.1112 	EXP 	prime_text: autoDraw = True
436.3054 	EXP 	prime_text: autoDraw = False
436.3054 	EXP 	blank2_bg: autoDraw = True
436.3936 	EXP 	blank2_bg: autoDraw = False
436.4056 	INFO 	Keyboard events cleared
436.4053 	EXP 	target_text: autoDraw = True
437.8240 	EXP 	Device response: <KeyPress from None: t=437.8199624580011, value=right, duration=None>
437.8323 	DATA 	Keypress: right
437.8368 	EXP 	fix_text: autoDraw = False
437.8368 	EXP 	blank1_bg: autoDraw = False
437.8368 	EXP 	prime_text: autoDraw = False
437.8368 	EXP 	blank2_bg: autoDraw = False
437.8368 	EXP 	target_text: autoDraw = False
437.8368 	EXP 	greenCircle: autoDraw = True
437.8368 	EXP 	redCrosss: autoDraw = True
437.9565 	EXP 	Device response: <KeyPress from None: t=437.8199624580011, value=right, duration=0.13226416699762922>
438.0204 	EXP 	blank3_bg: autoDraw = True
438.0285 	EXP 	greenCircle: autoDraw = False
438.0285 	EXP 	redCrosss: autoDraw = False
438.8060 	EXP 	New trial (rep=7, index=15): <Trial 127 (15 in rep 7) data={'prime': 'They have finished the work', 'target': 'They have finished the work', 'condition': 'repetition_related', 'correctAns': 'right', 'thisN': 127, 'thisTrialN': 15, 'thisRepN': 7}>
438.8215 	EXP 	blank3_bg: autoDraw = False
438.8215 	EXP 	blank3_bg: autoDraw = False
438.8215 	EXP 	greenCircle: autoDraw = False
438.8215 	EXP 	redCrosss: autoDraw = False
438.8215 	EXP 	prime_text: height = np.float64(0.05)
438.8215 	EXP 	prime_text: height = np.float64(0.05)
438.8215 	EXP 	prime_text: height = np.float64(0.05)
438.8215 	EXP 	prime_text: text = 'They have finished the work'
438.8215 	EXP 	target_text: height = np.float64(0.05)
438.8215 	EXP 	target_text: height = np.float64(0.05)
438.8215 	EXP 	target_text: height = np.float64(0.05)
438.8215 	EXP 	target_text: text = 'They have finished the work'
438.8258 	EXP 	fix_text: autoDraw = True
439.0719 	EXP 	fix_text: autoDraw = False
439.0719 	EXP 	blank1_bg: autoDraw = True
439.2718 	EXP 	blank1_bg: autoDraw = False
439.2718 	EXP 	prime_text: autoDraw = True
439.4608 	EXP 	prime_text: autoDraw = False
439.4721 	EXP 	blank2_bg: autoDraw = True
439.5595 	EXP 	blank2_bg: autoDraw = False
439.5723 	INFO 	Keyboard events cleared
439.5721 	EXP 	target_text: autoDraw = True
440.6731 	EXP 	Device response: <KeyPress from None: t=440.6719194580073, value=left, duration=None>
440.6809 	DATA 	Keypress: left
440.6852 	EXP 	fix_text: autoDraw = False
440.6852 	EXP 	blank1_bg: autoDraw = False
440.6852 	EXP 	prime_text: autoDraw = False
440.6852 	EXP 	blank2_bg: autoDraw = False
440.6852 	EXP 	target_text: autoDraw = False
440.6852 	EXP 	greenCircle: autoDraw = True
440.6852 	EXP 	redCrosss: autoDraw = True
440.7567 	EXP 	Device response: <KeyPress from None: t=440.6719194580073, value=left, duration=0.07221720799861941>
440.8720 	EXP 	blank3_bg: autoDraw = True
440.8803 	EXP 	greenCircle: autoDraw = False
440.8803 	EXP 	redCrosss: autoDraw = False
441.6606 	EXP 	New trial (rep=8, index=0): <Trial 128 (0 in rep 8) data={'prime': 'She does not like apples', 'target': 'She does not like apples', 'condition': 'repetition_related', 'correctAns': 'right', 'thisN': 128, 'thisTrialN': 0, 'thisRepN': 8}>
441.6747 	EXP 	blank3_bg: autoDraw = False
441.6747 	EXP 	blank3_bg: autoDraw = False
441.6747 	EXP 	greenCircle: autoDraw = False
441.6747 	EXP 	redCrosss: autoDraw = False
441.6747 	EXP 	prime_text: height = np.float64(0.05)
441.6747 	EXP 	prime_text: height = np.float64(0.05)
441.6747 	EXP 	prime_text: height = np.float64(0.05)
441.6747 	EXP 	prime_text: text = 'She does not like apples'
441.6747 	EXP 	target_text: height = np.float64(0.05)
441.6747 	EXP 	target_text: height = np.float64(0.05)
441.6747 	EXP 	target_text: height = np.float64(0.05)
441.6747 	EXP 	target_text: text = 'She does not like apples'
441.6747 	EXP 	fix_text: autoDraw = True
441.9219 	EXP 	fix_text: autoDraw = False
441.9219 	EXP 	blank1_bg: autoDraw = True
442.1107 	EXP 	blank1_bg: autoDraw = False
442.1219 	EXP 	prime_text: autoDraw = True
442.3104 	EXP 	prime_text: autoDraw = False
442.3220 	EXP 	blank2_bg: autoDraw = True
442.4092 	EXP 	blank2_bg: autoDraw = False
442.4221 	INFO 	Keyboard events cleared
442.4219 	EXP 	target_text: autoDraw = True
443.4458 	EXP 	Device response: <KeyPress from None: t=443.43975575000513, value=right, duration=None>
443.4530 	DATA 	Keypress: right
443.4575 	EXP 	fix_text: autoDraw = False
443.4575 	EXP 	blank1_bg: autoDraw = False
443.4575 	EXP 	prime_text: autoDraw = False
443.4575 	EXP 	blank2_bg: autoDraw = False
443.4575 	EXP 	target_text: autoDraw = False
443.4575 	EXP 	greenCircle: autoDraw = True
443.4575 	EXP 	redCrosss: autoDraw = True
443.5905 	EXP 	Device response: <KeyPress from None: t=443.43975575000513, value=right, duration=0.14438687499205116>
443.6471 	EXP 	blank3_bg: autoDraw = True
443.6539 	EXP 	greenCircle: autoDraw = False
443.6539 	EXP 	redCrosss: autoDraw = False
444.4384 	EXP 	New trial (rep=8, index=1): <Trial 129 (1 in rep 8) data={'prime': 'They have finished the work', 'target': 'They finished have the work', 'condition': 'transposition_related', 'correctAns': 'right', 'thisN': 129, 'thisTrialN': 1, 'thisRepN': 8}>
444.4541 	EXP 	blank3_bg: autoDraw = False
444.4541 	EXP 	blank3_bg: autoDraw = False
444.4541 	EXP 	greenCircle: autoDraw = False
444.4541 	EXP 	redCrosss: autoDraw = False
444.4541 	EXP 	prime_text: height = np.float64(0.05)
444.4541 	EXP 	prime_text: height = np.float64(0.05)
444.4541 	EXP 	prime_text: height = np.float64(0.05)
444.4541 	EXP 	prime_text: text = 'They have finished the work'
444.4541 	EXP 	target_text: height = np.float64(0.05)
444.4541 	EXP 	target_text: height = np.float64(0.05)
444.4541 	EXP 	target_text: height = np.float64(0.05)
444.4541 	EXP 	target_text: text = 'They finished have the work'
444.4541 	EXP 	fix_text: autoDraw = True
444.6971 	EXP 	fix_text: autoDraw = False
444.6971 	EXP 	blank1_bg: autoDraw = True
444.8956 	EXP 	blank1_bg: autoDraw = False
444.8956 	EXP 	prime_text: autoDraw = True
445.0953 	EXP 	prime_text: autoDraw = False
445.0953 	EXP 	blank2_bg: autoDraw = True
445.1887 	EXP 	blank2_bg: autoDraw = False
445.1956 	INFO 	Keyboard events cleared
445.1955 	EXP 	target_text: autoDraw = True
446.6295 	EXP 	Device response: <KeyPress from None: t=446.6236567500018, value=left, duration=None>
446.6367 	DATA 	Keypress: left
446.6411 	EXP 	fix_text: autoDraw = False
446.6411 	EXP 	blank1_bg: autoDraw = False
446.6411 	EXP 	prime_text: autoDraw = False
446.6411 	EXP 	blank2_bg: autoDraw = False
446.6411 	EXP 	target_text: autoDraw = False
446.6411 	EXP 	greenCircle: autoDraw = True
446.6411 	EXP 	redCrosss: autoDraw = True
446.7626 	EXP 	Device response: <KeyPress from None: t=446.6236567500018, value=left, duration=0.1363933749962598>
446.8313 	EXP 	blank3_bg: autoDraw = True
446.8377 	EXP 	greenCircle: autoDraw = False
446.8377 	EXP 	redCrosss: autoDraw = False
447.6216 	EXP 	New trial (rep=8, index=2): <Trial 130 (2 in rep 8) data={'prime': 'She does not like apples', 'target': 'She not does like apples', 'condition': 'transposition_related', 'correctAns': 'right', 'thisN': 130, 'thisTrialN': 2, 'thisRepN': 8}>
447.6376 	EXP 	blank3_bg: autoDraw = False
447.6376 	EXP 	blank3_bg: autoDraw = False
447.6376 	EXP 	greenCircle: autoDraw = False
447.6376 	EXP 	redCrosss: autoDraw = False
447.6376 	EXP 	prime_text: height = np.float64(0.05)
447.6376 	EXP 	prime_text: height = np.float64(0.05)
447.6376 	EXP 	prime_text: height = np.float64(0.05)
447.6376 	EXP 	prime_text: text = 'She does not like apples'
447.6376 	EXP 	target_text: height = np.float64(0.05)
447.6376 	EXP 	target_text: height = np.float64(0.05)
447.6376 	EXP 	target_text: height = np.float64(0.05)
447.6376 	EXP 	target_text: text = 'She not does like apples'
447.6376 	EXP 	fix_text: autoDraw = True
447.8793 	EXP 	fix_text: autoDraw = False
447.8793 	EXP 	blank1_bg: autoDraw = True
448.0721 	EXP 	blank1_bg: autoDraw = False
448.0721 	EXP 	prime_text: autoDraw = True
448.2605 	EXP 	prime_text: autoDraw = False
448.2783 	EXP 	blank2_bg: autoDraw = True
448.3720 	EXP 	blank2_bg: autoDraw = False
448.3789 	INFO 	Keyboard events cleared
448.3787 	EXP 	target_text: autoDraw = True
449.4237 	EXP 	Device response: <KeyPress from None: t=449.4176698329975, value=left, duration=None>
449.4321 	DATA 	Keypress: left
449.4364 	EXP 	fix_text: autoDraw = False
449.4364 	EXP 	blank1_bg: autoDraw = False
449.4364 	EXP 	prime_text: autoDraw = False
449.4364 	EXP 	blank2_bg: autoDraw = False
449.4364 	EXP 	target_text: autoDraw = False
449.4364 	EXP 	greenCircle: autoDraw = True
449.4364 	EXP 	redCrosss: autoDraw = True
449.5401 	EXP 	Device response: <KeyPress from None: t=449.4176698329975, value=left, duration=0.11629033301142044>
449.6206 	EXP 	blank3_bg: autoDraw = True
449.6279 	EXP 	greenCircle: autoDraw = False
449.6279 	EXP 	redCrosss: autoDraw = False
450.4052 	EXP 	New trial (rep=8, index=3): <Trial 131 (3 in rep 8) data={'prime': 'The dog is barking loudly', 'target': 'The dog barking is loudly', 'condition': 'transposition_related', 'correctAns': 'right', 'thisN': 131, 'thisTrialN': 3, 'thisRepN': 8}>
450.4206 	EXP 	blank3_bg: autoDraw = False
450.4206 	EXP 	blank3_bg: autoDraw = False
450.4206 	EXP 	greenCircle: autoDraw = False
450.4206 	EXP 	redCrosss: autoDraw = False
450.4206 	EXP 	prime_text: height = np.float64(0.05)
450.4206 	EXP 	prime_text: height = np.float64(0.05)
450.4206 	EXP 	prime_text: height = np.float64(0.05)
450.4206 	EXP 	prime_text: text = 'The dog is barking loudly'
450.4206 	EXP 	target_text: height = np.float64(0.05)
450.4206 	EXP 	target_text: height = np.float64(0.05)
450.4206 	EXP 	target_text: height = np.float64(0.05)
450.4206 	EXP 	target_text: text = 'The dog barking is loudly'
450.4251 	EXP 	fix_text: autoDraw = True
450.6721 	EXP 	fix_text: autoDraw = False
450.6721 	EXP 	blank1_bg: autoDraw = True
450.8719 	EXP 	blank1_bg: autoDraw = False
450.8719 	EXP 	prime_text: autoDraw = True
451.0602 	EXP 	prime_text: autoDraw = False
451.0722 	EXP 	blank2_bg: autoDraw = True
451.1593 	EXP 	blank2_bg: autoDraw = False
451.1722 	INFO 	Keyboard events cleared
451.1720 	EXP 	target_text: autoDraw = True
452.3571 	EXP 	Device response: <KeyPress from None: t=452.35460575000616, value=right, duration=None>
452.3651 	DATA 	Keypress: right
452.3694 	EXP 	fix_text: autoDraw = False
452.3694 	EXP 	blank1_bg: autoDraw = False
452.3694 	EXP 	prime_text: autoDraw = False
452.3694 	EXP 	blank2_bg: autoDraw = False
452.3694 	EXP 	target_text: autoDraw = False
452.3694 	EXP 	greenCircle: autoDraw = True
452.3694 	EXP 	redCrosss: autoDraw = True
452.4904 	EXP 	Device response: <KeyPress from None: t=452.35460575000616, value=right, duration=0.12833279099140782>
452.5541 	EXP 	blank3_bg: autoDraw = True
452.5625 	EXP 	greenCircle: autoDraw = False
452.5625 	EXP 	redCrosss: autoDraw = False
453.3381 	EXP 	New trial (rep=8, index=4): <Trial 132 (4 in rep 8) data={'prime': 'The boy can read fast', 'target': 'The read can boy fast', 'condition': 'repetition_unrelated', 'correctAns': 'left', 'thisN': 132, 'thisTrialN': 4, 'thisRepN': 8}>
453.3539 	EXP 	blank3_bg: autoDraw = False
453.3539 	EXP 	blank3_bg: autoDraw = False
453.3539 	EXP 	greenCircle: autoDraw = False
453.3539 	EXP 	redCrosss: autoDraw = False
453.3539 	EXP 	prime_text: height = np.float64(0.05)
453.3539 	EXP 	prime_text: height = np.float64(0.05)
453.3539 	EXP 	prime_text: height = np.float64(0.05)
453.3539 	EXP 	prime_text: text = 'The boy can read fast'
453.3539 	EXP 	target_text: height = np.float64(0.05)
453.3539 	EXP 	target_text: height = np.float64(0.05)
453.3539 	EXP 	target_text: height = np.float64(0.05)
453.3539 	EXP 	target_text: text = 'The read can boy fast'
453.3584 	EXP 	fix_text: autoDraw = True
453.6054 	EXP 	fix_text: autoDraw = False
453.6054 	EXP 	blank1_bg: autoDraw = True
453.7918 	EXP 	blank1_bg: autoDraw = False
453.8055 	EXP 	prime_text: autoDraw = True
453.9939 	EXP 	prime_text: autoDraw = False
454.0052 	EXP 	blank2_bg: autoDraw = True
454.0938 	EXP 	blank2_bg: autoDraw = False
454.1057 	INFO 	Keyboard events cleared
454.1055 	EXP 	target_text: autoDraw = True
457.1733 	EXP 	Device response: <KeyPress from None: t=457.1627308330062, value=right, duration=None>
457.1811 	DATA 	Keypress: right
457.1854 	EXP 	fix_text: autoDraw = False
457.1854 	EXP 	blank1_bg: autoDraw = False
457.1854 	EXP 	prime_text: autoDraw = False
457.1854 	EXP 	blank2_bg: autoDraw = False
457.1854 	EXP 	target_text: autoDraw = False
457.1854 	EXP 	greenCircle: autoDraw = True
457.1854 	EXP 	redCrosss: autoDraw = True
457.2732 	EXP 	Device response: <KeyPress from None: t=457.1627308330062, value=right, duration=0.10598212499462534>
457.3705 	EXP 	blank3_bg: autoDraw = True
457.3778 	EXP 	greenCircle: autoDraw = False
457.3778 	EXP 	redCrosss: autoDraw = False
458.1556 	EXP 	New trial (rep=8, index=5): <Trial 133 (5 in rep 8) data={'prime': 'They have finished the work', 'target': 'They finished have the work', 'condition': 'repetition_unrelated', 'correctAns': 'left', 'thisN': 133, 'thisTrialN': 5, 'thisRepN': 8}>
458.1711 	EXP 	blank3_bg: autoDraw = False
458.1711 	EXP 	blank3_bg: autoDraw = False
458.1711 	EXP 	greenCircle: autoDraw = False
458.1711 	EXP 	redCrosss: autoDraw = False
458.1711 	EXP 	prime_text: height = np.float64(0.05)
458.1711 	EXP 	prime_text: height = np.float64(0.05)
458.1711 	EXP 	prime_text: height = np.float64(0.05)
458.1711 	EXP 	prime_text: text = 'They have finished the work'
458.1711 	EXP 	target_text: height = np.float64(0.05)
458.1711 	EXP 	target_text: height = np.float64(0.05)
458.1711 	EXP 	target_text: height = np.float64(0.05)
458.1711 	EXP 	target_text: text = 'They finished have the work'
458.1751 	EXP 	fix_text: autoDraw = True
458.4220 	EXP 	fix_text: autoDraw = False
458.4220 	EXP 	blank1_bg: autoDraw = True
458.6220 	EXP 	blank1_bg: autoDraw = False
458.6220 	EXP 	prime_text: autoDraw = True
458.8112 	EXP 	prime_text: autoDraw = False
458.8219 	EXP 	blank2_bg: autoDraw = True
458.9101 	EXP 	blank2_bg: autoDraw = False
458.9221 	INFO 	Keyboard events cleared
458.9219 	EXP 	target_text: autoDraw = True
461.0399 	EXP 	Device response: <KeyPress from None: t=461.03337220799585, value=left, duration=None>
461.0479 	DATA 	Keypress: left
461.0522 	EXP 	fix_text: autoDraw = False
461.0522 	EXP 	blank1_bg: autoDraw = False
461.0522 	EXP 	prime_text: autoDraw = False
461.0522 	EXP 	blank2_bg: autoDraw = False
461.0522 	EXP 	target_text: autoDraw = False
461.0522 	EXP 	greenCircle: autoDraw = True
461.0522 	EXP 	redCrosss: autoDraw = True
461.1453 	EXP 	Device response: <KeyPress from None: t=461.03337220799585, value=left, duration=0.10825679200934246>
461.2372 	EXP 	blank3_bg: autoDraw = True
461.2441 	EXP 	greenCircle: autoDraw = False
461.2441 	EXP 	redCrosss: autoDraw = False
462.0215 	EXP 	New trial (rep=8, index=6): <Trial 134 (6 in rep 8) data={'prime': 'She does not like apples', 'target': 'She like does apples not', 'condition': 'transposition_unrelated', 'correctAns': 'left', 'thisN': 134, 'thisTrialN': 6, 'thisRepN': 8}>
462.0371 	EXP 	blank3_bg: autoDraw = False
462.0371 	EXP 	blank3_bg: autoDraw = False
462.0371 	EXP 	greenCircle: autoDraw = False
462.0371 	EXP 	redCrosss: autoDraw = False
462.0371 	EXP 	prime_text: height = np.float64(0.05)
462.0371 	EXP 	prime_text: height = np.float64(0.05)
462.0371 	EXP 	prime_text: height = np.float64(0.05)
462.0371 	EXP 	prime_text: text = 'She does not like apples'
462.0371 	EXP 	target_text: height = np.float64(0.05)
462.0371 	EXP 	target_text: height = np.float64(0.05)
462.0371 	EXP 	target_text: height = np.float64(0.05)
462.0371 	EXP 	target_text: text = 'She like does apples not'
462.0409 	EXP 	fix_text: autoDraw = True
462.2886 	EXP 	fix_text: autoDraw = False
462.2886 	EXP 	blank1_bg: autoDraw = True
462.4762 	EXP 	blank1_bg: autoDraw = False
462.4886 	EXP 	prime_text: autoDraw = True
462.6772 	EXP 	prime_text: autoDraw = False
462.6887 	EXP 	blank2_bg: autoDraw = True
462.7762 	EXP 	blank2_bg: autoDraw = False
462.7888 	INFO 	Keyboard events cleared
462.7886 	EXP 	target_text: autoDraw = True
464.1959 	EXP 	Device response: <KeyPress from None: t=464.194142458, value=left, duration=None>
464.2034 	DATA 	Keypress: left
464.2077 	EXP 	fix_text: autoDraw = False
464.2077 	EXP 	blank1_bg: autoDraw = False
464.2077 	EXP 	prime_text: autoDraw = False
464.2077 	EXP 	blank2_bg: autoDraw = False
464.2077 	EXP 	target_text: autoDraw = False
464.2077 	EXP 	greenCircle: autoDraw = True
464.2077 	EXP 	redCrosss: autoDraw = True
464.3404 	EXP 	Device response: <KeyPress from None: t=464.194142458, value=left, duration=0.14444200000434648>
464.3979 	EXP 	blank3_bg: autoDraw = True
464.4042 	EXP 	greenCircle: autoDraw = False
464.4042 	EXP 	redCrosss: autoDraw = False
465.1894 	EXP 	New trial (rep=8, index=7): <Trial 135 (7 in rep 8) data={'prime': 'The dog is barking loudly', 'target': 'The loudly is barking dog', 'condition': 'repetition_unrelated', 'correctAns': 'left', 'thisN': 135, 'thisTrialN': 7, 'thisRepN': 8}>
465.2061 	EXP 	blank3_bg: autoDraw = False
465.2061 	EXP 	blank3_bg: autoDraw = False
465.2061 	EXP 	greenCircle: autoDraw = False
465.2061 	EXP 	redCrosss: autoDraw = False
465.2061 	EXP 	prime_text: height = np.float64(0.05)
465.2061 	EXP 	prime_text: height = np.float64(0.05)
465.2061 	EXP 	prime_text: height = np.float64(0.05)
465.2061 	EXP 	prime_text: text = 'The dog is barking loudly'
465.2061 	EXP 	target_text: height = np.float64(0.05)
465.2061 	EXP 	target_text: height = np.float64(0.05)
465.2061 	EXP 	target_text: height = np.float64(0.05)
465.2061 	EXP 	target_text: text = 'The loudly is barking dog'
465.2061 	EXP 	fix_text: autoDraw = True
465.4450 	EXP 	fix_text: autoDraw = False
465.4450 	EXP 	blank1_bg: autoDraw = True
465.6385 	EXP 	blank1_bg: autoDraw = False
465.6385 	EXP 	prime_text: autoDraw = True
465.8267 	EXP 	prime_text: autoDraw = False
465.8451 	EXP 	blank2_bg: autoDraw = True
465.9386 	EXP 	blank2_bg: autoDraw = False
465.9453 	INFO 	Keyboard events cleared
465.9451 	EXP 	target_text: autoDraw = True
467.4455 	EXP 	Device response: <KeyPress from None: t=467.4432133329974, value=left, duration=None>
467.4528 	DATA 	Keypress: left
467.4573 	EXP 	fix_text: autoDraw = False
467.4573 	EXP 	blank1_bg: autoDraw = False
467.4573 	EXP 	prime_text: autoDraw = False
467.4573 	EXP 	blank2_bg: autoDraw = False
467.4573 	EXP 	target_text: autoDraw = False
467.4573 	EXP 	greenCircle: autoDraw = True
467.4573 	EXP 	redCrosss: autoDraw = True
467.5564 	EXP 	Device response: <KeyPress from None: t=467.4432133329974, value=left, duration=0.10844087500299793>
467.6476 	EXP 	blank3_bg: autoDraw = True
467.6535 	EXP 	greenCircle: autoDraw = False
467.6535 	EXP 	redCrosss: autoDraw = False
468.4382 	EXP 	New trial (rep=8, index=8): <Trial 136 (8 in rep 8) data={'prime': 'The dog is barking loudly', 'target': 'The dog is barking loudly', 'condition': 'repetition_related', 'correctAns': 'right', 'thisN': 136, 'thisTrialN': 8, 'thisRepN': 8}>
468.4488 	EXP 	blank3_bg: autoDraw = False
468.4488 	EXP 	blank3_bg: autoDraw = False
468.4488 	EXP 	greenCircle: autoDraw = False
468.4488 	EXP 	redCrosss: autoDraw = False
468.4488 	EXP 	prime_text: text = 'The dog is barking loudly'
468.4488 	EXP 	target_text: height = np.float64(0.05)
468.4488 	EXP 	target_text: height = np.float64(0.05)
468.4488 	EXP 	target_text: height = np.float64(0.05)
468.4488 	EXP 	target_text: text = 'The dog is barking loudly'
468.4488 	EXP 	fix_text: autoDraw = True
468.6962 	EXP 	fix_text: autoDraw = False
468.6962 	EXP 	blank1_bg: autoDraw = True
468.8874 	EXP 	blank1_bg: autoDraw = False
468.8874 	EXP 	prime_text: autoDraw = True
469.0768 	EXP 	prime_text: autoDraw = False
469.0951 	EXP 	blank2_bg: autoDraw = True
469.1888 	INFO 	Keyboard events cleared
469.1885 	EXP 	blank2_bg: autoDraw = False
469.1885 	EXP 	target_text: autoDraw = True
470.3071 	EXP 	Device response: <KeyPress from None: t=470.2959812909976, value=right, duration=None>
470.3151 	DATA 	Keypress: right
470.3193 	EXP 	fix_text: autoDraw = False
470.3193 	EXP 	blank1_bg: autoDraw = False
470.3193 	EXP 	prime_text: autoDraw = False
470.3193 	EXP 	blank2_bg: autoDraw = False
470.3193 	EXP 	target_text: autoDraw = False
470.3193 	EXP 	greenCircle: autoDraw = True
470.3193 	EXP 	redCrosss: autoDraw = True
470.4233 	EXP 	Device response: <KeyPress from None: t=470.2959812909976, value=right, duration=0.12444454200158361>
470.5041 	EXP 	blank3_bg: autoDraw = True
470.5125 	EXP 	greenCircle: autoDraw = False
470.5125 	EXP 	redCrosss: autoDraw = False
471.2879 	EXP 	New trial (rep=8, index=9): <Trial 137 (9 in rep 8) data={'prime': 'They have finished the work', 'target': 'They have finished the work', 'condition': 'repetition_related', 'correctAns': 'right', 'thisN': 137, 'thisTrialN': 9, 'thisRepN': 8}>
471.3034 	EXP 	blank3_bg: autoDraw = False
471.3034 	EXP 	blank3_bg: autoDraw = False
471.3034 	EXP 	greenCircle: autoDraw = False
471.3034 	EXP 	redCrosss: autoDraw = False
471.3034 	EXP 	prime_text: height = np.float64(0.05)
471.3034 	EXP 	prime_text: height = np.float64(0.05)
471.3034 	EXP 	prime_text: height = np.float64(0.05)
471.3034 	EXP 	prime_text: text = 'They have finished the work'
471.3034 	EXP 	target_text: height = np.float64(0.05)
471.3034 	EXP 	target_text: height = np.float64(0.05)
471.3034 	EXP 	target_text: height = np.float64(0.05)
471.3034 	EXP 	target_text: text = 'They have finished the work'
471.3080 	EXP 	fix_text: autoDraw = True
471.5554 	EXP 	fix_text: autoDraw = False
471.5554 	EXP 	blank1_bg: autoDraw = True
471.7552 	EXP 	blank1_bg: autoDraw = False
471.7552 	EXP 	prime_text: autoDraw = True
471.9439 	EXP 	prime_text: autoDraw = False
471.9552 	EXP 	blank2_bg: autoDraw = True
472.0427 	EXP 	blank2_bg: autoDraw = False
472.0555 	INFO 	Keyboard events cleared
472.0553 	EXP 	target_text: autoDraw = True
473.6125 	EXP 	Device response: <KeyPress from None: t=473.60891862500284, value=right, duration=None>
473.6201 	DATA 	Keypress: right
473.6244 	EXP 	fix_text: autoDraw = False
473.6244 	EXP 	blank1_bg: autoDraw = False
473.6244 	EXP 	prime_text: autoDraw = False
473.6244 	EXP 	blank2_bg: autoDraw = False
473.6244 	EXP 	target_text: autoDraw = False
473.6244 	EXP 	greenCircle: autoDraw = True
473.6244 	EXP 	redCrosss: autoDraw = True
473.7571 	EXP 	Device response: <KeyPress from None: t=473.60891862500284, value=right, duration=0.14128125000570435>
473.8150 	EXP 	blank3_bg: autoDraw = True
473.8228 	EXP 	greenCircle: autoDraw = False
473.8228 	EXP 	redCrosss: autoDraw = False
474.6046 	EXP 	New trial (rep=8, index=10): <Trial 138 (10 in rep 8) data={'prime': 'The boy can read fast', 'target': 'The boy can read fast', 'condition': 'transposition_related', 'correctAns': 'right', 'thisN': 138, 'thisTrialN': 10, 'thisRepN': 8}>
474.6192 	EXP 	blank3_bg: autoDraw = False
474.6192 	EXP 	blank3_bg: autoDraw = False
474.6192 	EXP 	greenCircle: autoDraw = False
474.6192 	EXP 	redCrosss: autoDraw = False
474.6192 	EXP 	prime_text: height = np.float64(0.05)
474.6192 	EXP 	prime_text: height = np.float64(0.05)
474.6192 	EXP 	prime_text: height = np.float64(0.05)
474.6192 	EXP 	prime_text: text = 'The boy can read fast'
474.6192 	EXP 	target_text: height = np.float64(0.05)
474.6192 	EXP 	target_text: height = np.float64(0.05)
474.6192 	EXP 	target_text: height = np.float64(0.05)
474.6192 	EXP 	target_text: text = 'The boy can read fast'
474.6192 	EXP 	fix_text: autoDraw = True
474.8636 	EXP 	fix_text: autoDraw = False
474.8636 	EXP 	blank1_bg: autoDraw = True
475.0538 	EXP 	prime_text: autoDraw = True
475.0584 	EXP 	blank1_bg: autoDraw = False
475.2436 	EXP 	prime_text: autoDraw = False
475.2600 	EXP 	blank2_bg: autoDraw = True
475.3551 	EXP 	blank2_bg: autoDraw = False
475.3613 	INFO 	Keyboard events cleared
475.3611 	EXP 	target_text: autoDraw = True
476.4897 	EXP 	Device response: <KeyPress from None: t=476.4840053329972, value=right, duration=None>
476.4973 	DATA 	Keypress: right
476.5014 	EXP 	fix_text: autoDraw = False
476.5014 	EXP 	blank1_bg: autoDraw = False
476.5014 	EXP 	prime_text: autoDraw = False
476.5014 	EXP 	blank2_bg: autoDraw = False
476.5014 	EXP 	target_text: autoDraw = False
476.5014 	EXP 	greenCircle: autoDraw = True
476.5014 	EXP 	redCrosss: autoDraw = True
476.6238 	EXP 	Device response: <KeyPress from None: t=476.4840053329972, value=right, duration=0.1281712080090074>
476.6885 	EXP 	blank3_bg: autoDraw = True
476.6952 	EXP 	greenCircle: autoDraw = False
476.6952 	EXP 	redCrosss: autoDraw = False
477.4726 	EXP 	New trial (rep=8, index=11): <Trial 139 (11 in rep 8) data={'prime': 'They have finished the work', 'target': 'They work the have finished', 'condition': 'transposition_unrelated', 'correctAns': 'left', 'thisN': 139, 'thisTrialN': 11, 'thisRepN': 8}>
477.4879 	EXP 	blank3_bg: autoDraw = False
477.4879 	EXP 	blank3_bg: autoDraw = False
477.4879 	EXP 	greenCircle: autoDraw = False
477.4879 	EXP 	redCrosss: autoDraw = False
477.4879 	EXP 	prime_text: height = np.float64(0.05)
477.4879 	EXP 	prime_text: height = np.float64(0.05)
477.4879 	EXP 	prime_text: height = np.float64(0.05)
477.4879 	EXP 	prime_text: text = 'They have finished the work'
477.4879 	EXP 	target_text: height = np.float64(0.05)
477.4879 	EXP 	target_text: height = np.float64(0.05)
477.4879 	EXP 	target_text: height = np.float64(0.05)
477.4879 	EXP 	target_text: text = 'They work the have finished'
477.4926 	EXP 	fix_text: autoDraw = True
477.7385 	EXP 	fix_text: autoDraw = False
477.7385 	EXP 	blank1_bg: autoDraw = True
477.9252 	EXP 	blank1_bg: autoDraw = False
477.9374 	EXP 	prime_text: autoDraw = True
478.1271 	EXP 	prime_text: autoDraw = False
478.1388 	EXP 	blank2_bg: autoDraw = True
478.2281 	EXP 	blank2_bg: autoDraw = False
478.2393 	INFO 	Keyboard events cleared
478.2389 	EXP 	target_text: autoDraw = True
479.5072 	EXP 	Device response: <KeyPress from None: t=479.4978832909983, value=left, duration=None>
479.5165 	DATA 	Keypress: left
479.5208 	EXP 	fix_text: autoDraw = False
479.5208 	EXP 	blank1_bg: autoDraw = False
479.5208 	EXP 	prime_text: autoDraw = False
479.5208 	EXP 	blank2_bg: autoDraw = False
479.5208 	EXP 	target_text: autoDraw = False
479.5208 	EXP 	greenCircle: autoDraw = True
479.5208 	EXP 	redCrosss: autoDraw = True
479.5953 	EXP 	Device response: <KeyPress from None: t=479.4978832909983, value=left, duration=0.09630366700002924>
479.7036 	EXP 	blank3_bg: autoDraw = True
479.7109 	EXP 	greenCircle: autoDraw = False
479.7109 	EXP 	redCrosss: autoDraw = False
480.4884 	EXP 	New trial (rep=8, index=12): <Trial 140 (12 in rep 8) data={'prime': 'The dog is barking loudly', 'target': 'The barking dog loudly is', 'condition': 'transposition_unrelated', 'correctAns': 'left', 'thisN': 140, 'thisTrialN': 12, 'thisRepN': 8}>
480.5043 	EXP 	blank3_bg: autoDraw = False
480.5043 	EXP 	blank3_bg: autoDraw = False
480.5043 	EXP 	greenCircle: autoDraw = False
480.5043 	EXP 	redCrosss: autoDraw = False
480.5043 	EXP 	prime_text: height = np.float64(0.05)
480.5043 	EXP 	prime_text: height = np.float64(0.05)
480.5043 	EXP 	prime_text: height = np.float64(0.05)
480.5043 	EXP 	prime_text: text = 'The dog is barking loudly'
480.5043 	EXP 	target_text: height = np.float64(0.05)
480.5043 	EXP 	target_text: height = np.float64(0.05)
480.5043 	EXP 	target_text: height = np.float64(0.05)
480.5043 	EXP 	target_text: text = 'The barking dog loudly is'
480.5090 	EXP 	fix_text: autoDraw = True
480.7552 	EXP 	fix_text: autoDraw = False
480.7552 	EXP 	blank1_bg: autoDraw = True
480.9546 	EXP 	blank1_bg: autoDraw = False
480.9546 	EXP 	prime_text: autoDraw = True
481.1426 	EXP 	prime_text: autoDraw = False
481.1553 	EXP 	blank2_bg: autoDraw = True
481.2438 	EXP 	blank2_bg: autoDraw = False
481.2554 	INFO 	Keyboard events cleared
481.2552 	EXP 	target_text: autoDraw = True
481.9952 	EXP 	Device response: <KeyPress from None: t=481.9937580410042, value=left, duration=None>
482.0026 	DATA 	Keypress: left
482.0071 	EXP 	fix_text: autoDraw = False
482.0071 	EXP 	blank1_bg: autoDraw = False
482.0071 	EXP 	prime_text: autoDraw = False
482.0071 	EXP 	blank2_bg: autoDraw = False
482.0071 	EXP 	target_text: autoDraw = False
482.0071 	EXP 	greenCircle: autoDraw = True
482.0071 	EXP 	redCrosss: autoDraw = True
482.1232 	EXP 	Device response: <KeyPress from None: t=481.9937580410042, value=left, duration=0.12434408400440589>
482.1976 	EXP 	blank3_bg: autoDraw = True
482.2040 	EXP 	greenCircle: autoDraw = False
482.2040 	EXP 	redCrosss: autoDraw = False
482.9891 	EXP 	New trial (rep=8, index=13): <Trial 141 (13 in rep 8) data={'prime': 'The boy can read fast', 'target': 'The read can boy fast', 'condition': 'transposition_unrelated', 'correctAns': 'left', 'thisN': 141, 'thisTrialN': 13, 'thisRepN': 8}>
483.0050 	EXP 	blank3_bg: autoDraw = False
483.0050 	EXP 	blank3_bg: autoDraw = False
483.0050 	EXP 	greenCircle: autoDraw = False
483.0050 	EXP 	redCrosss: autoDraw = False
483.0050 	EXP 	prime_text: height = np.float64(0.05)
483.0050 	EXP 	prime_text: height = np.float64(0.05)
483.0050 	EXP 	prime_text: height = np.float64(0.05)
483.0050 	EXP 	prime_text: text = 'The boy can read fast'
483.0050 	EXP 	target_text: height = np.float64(0.05)
483.0050 	EXP 	target_text: height = np.float64(0.05)
483.0050 	EXP 	target_text: height = np.float64(0.05)
483.0050 	EXP 	target_text: text = 'The read can boy fast'
483.0050 	EXP 	fix_text: autoDraw = True
483.2461 	EXP 	fix_text: autoDraw = False
483.2461 	EXP 	blank1_bg: autoDraw = True
483.4446 	EXP 	blank1_bg: autoDraw = False
483.4446 	EXP 	prime_text: autoDraw = True
483.6386 	EXP 	prime_text: autoDraw = False
483.6447 	EXP 	blank2_bg: autoDraw = True
483.7452 	INFO 	Keyboard events cleared
483.7450 	EXP 	blank2_bg: autoDraw = False
483.7450 	EXP 	target_text: autoDraw = True
484.4569 	EXP 	Device response: <KeyPress from None: t=484.45477941600257, value=left, duration=None>
484.4651 	DATA 	Keypress: left
484.4693 	EXP 	fix_text: autoDraw = False
484.4693 	EXP 	blank1_bg: autoDraw = False
484.4693 	EXP 	prime_text: autoDraw = False
484.4693 	EXP 	blank2_bg: autoDraw = False
484.4693 	EXP 	target_text: autoDraw = False
484.4693 	EXP 	greenCircle: autoDraw = True
484.4693 	EXP 	redCrosss: autoDraw = True
484.5903 	EXP 	Device response: <KeyPress from None: t=484.45477941600257, value=left, duration=0.12830666700028814>
484.6552 	EXP 	blank3_bg: autoDraw = True
484.6628 	EXP 	greenCircle: autoDraw = False
484.6628 	EXP 	redCrosss: autoDraw = False
485.4395 	EXP 	New trial (rep=8, index=14): <Trial 142 (14 in rep 8) data={'prime': 'The boy can read fast', 'target': 'The boy can read fast', 'condition': 'repetition_related', 'correctAns': 'right', 'thisN': 142, 'thisTrialN': 14, 'thisRepN': 8}>
485.4505 	EXP 	blank3_bg: autoDraw = False
485.4505 	EXP 	blank3_bg: autoDraw = False
485.4505 	EXP 	greenCircle: autoDraw = False
485.4505 	EXP 	redCrosss: autoDraw = False
485.4505 	EXP 	prime_text: text = 'The boy can read fast'
485.4505 	EXP 	target_text: height = np.float64(0.05)
485.4505 	EXP 	target_text: height = np.float64(0.05)
485.4505 	EXP 	target_text: height = np.float64(0.05)
485.4505 	EXP 	target_text: text = 'The boy can read fast'
485.4717 	EXP 	fix_text: autoDraw = True
485.7052 	EXP 	blank1_bg: autoDraw = True
485.7130 	EXP 	fix_text: autoDraw = False
485.9052 	EXP 	blank1_bg: autoDraw = False
485.9052 	EXP 	prime_text: autoDraw = True
486.0938 	EXP 	prime_text: autoDraw = False
486.1053 	EXP 	blank2_bg: autoDraw = True
486.1926 	EXP 	blank2_bg: autoDraw = False
486.2056 	INFO 	Keyboard events cleared
486.2054 	EXP 	target_text: autoDraw = True
487.0738 	EXP 	Device response: <KeyPress from None: t=487.0616725, value=right, duration=None>
487.0836 	DATA 	Keypress: right
487.0878 	EXP 	fix_text: autoDraw = False
487.0878 	EXP 	blank1_bg: autoDraw = False
487.0878 	EXP 	prime_text: autoDraw = False
487.0878 	EXP 	blank2_bg: autoDraw = False
487.0878 	EXP 	target_text: autoDraw = False
487.0878 	EXP 	greenCircle: autoDraw = True
487.0878 	EXP 	redCrosss: autoDraw = True
487.1734 	EXP 	Device response: <KeyPress from None: t=487.0616725, value=right, duration=0.10031145800894592>
487.2719 	EXP 	blank3_bg: autoDraw = True
487.2804 	EXP 	greenCircle: autoDraw = False
487.2804 	EXP 	redCrosss: autoDraw = False
488.0625 	EXP 	New trial (rep=8, index=15): <Trial 143 (15 in rep 8) data={'prime': 'She does not like apples', 'target': 'She not does like apples', 'condition': 'repetition_unrelated', 'correctAns': 'left', 'thisN': 143, 'thisTrialN': 15, 'thisRepN': 8}>
488.0771 	EXP 	blank3_bg: autoDraw = False
488.0771 	EXP 	blank3_bg: autoDraw = False
488.0771 	EXP 	greenCircle: autoDraw = False
488.0771 	EXP 	redCrosss: autoDraw = False
488.0771 	EXP 	prime_text: height = np.float64(0.05)
488.0771 	EXP 	prime_text: height = np.float64(0.05)
488.0771 	EXP 	prime_text: height = np.float64(0.05)
488.0771 	EXP 	prime_text: text = 'She does not like apples'
488.0771 	EXP 	target_text: height = np.float64(0.05)
488.0771 	EXP 	target_text: height = np.float64(0.05)
488.0771 	EXP 	target_text: height = np.float64(0.05)
488.0771 	EXP 	target_text: text = 'She not does like apples'
488.0771 	EXP 	fix_text: autoDraw = True
488.3219 	EXP 	fix_text: autoDraw = False
488.3219 	EXP 	blank1_bg: autoDraw = True
488.5214 	EXP 	blank1_bg: autoDraw = False
488.5214 	EXP 	prime_text: autoDraw = True
488.7104 	EXP 	prime_text: autoDraw = False
488.7219 	EXP 	blank2_bg: autoDraw = True
488.8108 	EXP 	blank2_bg: autoDraw = False
488.8220 	INFO 	Keyboard events cleared
488.8218 	EXP 	target_text: autoDraw = True
489.9793 	EXP 	Device response: <KeyPress from None: t=489.9755585410021, value=left, duration=None>
489.9872 	DATA 	Keypress: left
489.9911 	EXP 	fix_text: autoDraw = False
489.9911 	EXP 	blank1_bg: autoDraw = False
489.9911 	EXP 	prime_text: autoDraw = False
489.9911 	EXP 	blank2_bg: autoDraw = False
489.9911 	EXP 	target_text: autoDraw = False
489.9911 	EXP 	greenCircle: autoDraw = True
489.9911 	EXP 	redCrosss: autoDraw = True
490.0785 	EXP 	Device response: <KeyPress from None: t=489.9755585410021, value=left, duration=0.0963436250021914>
490.1800 	EXP 	blank3_bg: autoDraw = True
490.1871 	EXP 	greenCircle: autoDraw = False
490.1871 	EXP 	redCrosss: autoDraw = False
490.9717 	EXP 	New trial (rep=9, index=0): <Trial 144 (0 in rep 9) data={'prime': 'The boy can read fast', 'target': 'The read can boy fast', 'condition': 'repetition_unrelated', 'correctAns': 'left', 'thisN': 144, 'thisTrialN': 0, 'thisRepN': 9}>
490.9870 	EXP 	blank3_bg: autoDraw = False
490.9870 	EXP 	blank3_bg: autoDraw = False
490.9870 	EXP 	greenCircle: autoDraw = False
490.9870 	EXP 	redCrosss: autoDraw = False
490.9870 	EXP 	prime_text: height = np.float64(0.05)
490.9870 	EXP 	prime_text: height = np.float64(0.05)
490.9870 	EXP 	prime_text: height = np.float64(0.05)
490.9870 	EXP 	prime_text: text = 'The boy can read fast'
490.9870 	EXP 	target_text: height = np.float64(0.05)
490.9870 	EXP 	target_text: height = np.float64(0.05)
490.9870 	EXP 	target_text: height = np.float64(0.05)
490.9870 	EXP 	target_text: text = 'The read can boy fast'
490.9870 	EXP 	fix_text: autoDraw = True
491.2304 	EXP 	fix_text: autoDraw = False
491.2304 	EXP 	blank1_bg: autoDraw = True
491.4271 	EXP 	blank1_bg: autoDraw = False
491.4271 	EXP 	prime_text: autoDraw = True
491.6222 	EXP 	prime_text: autoDraw = False
491.6285 	EXP 	blank2_bg: autoDraw = True
491.7221 	EXP 	blank2_bg: autoDraw = False
491.7288 	INFO 	Keyboard events cleared
491.7285 	EXP 	target_text: autoDraw = True
493.0062 	EXP 	Device response: <KeyPress from None: t=493.0016240410041, value=left, duration=None>
493.0139 	DATA 	Keypress: left
493.0181 	EXP 	fix_text: autoDraw = False
493.0181 	EXP 	blank1_bg: autoDraw = False
493.0181 	EXP 	prime_text: autoDraw = False
493.0181 	EXP 	blank2_bg: autoDraw = False
493.0181 	EXP 	target_text: autoDraw = False
493.0181 	EXP 	greenCircle: autoDraw = True
493.0181 	EXP 	redCrosss: autoDraw = True
493.1237 	EXP 	Device response: <KeyPress from None: t=493.0016240410041, value=left, duration=0.1162561669916613>
493.2038 	EXP 	blank3_bg: autoDraw = True
493.2104 	EXP 	greenCircle: autoDraw = False
493.2104 	EXP 	redCrosss: autoDraw = False
493.9883 	EXP 	New trial (rep=9, index=1): <Trial 145 (1 in rep 9) data={'prime': 'She does not like apples', 'target': 'She not does like apples', 'condition': 'repetition_unrelated', 'correctAns': 'left', 'thisN': 145, 'thisTrialN': 1, 'thisRepN': 9}>
494.0020 	EXP 	blank3_bg: autoDraw = False
494.0020 	EXP 	blank3_bg: autoDraw = False
494.0020 	EXP 	greenCircle: autoDraw = False
494.0020 	EXP 	redCrosss: autoDraw = False
494.0020 	EXP 	prime_text: height = np.float64(0.05)
494.0020 	EXP 	prime_text: height = np.float64(0.05)
494.0020 	EXP 	prime_text: height = np.float64(0.05)
494.0020 	EXP 	prime_text: text = 'She does not like apples'
494.0020 	EXP 	target_text: height = np.float64(0.05)
494.0020 	EXP 	target_text: height = np.float64(0.05)
494.0020 	EXP 	target_text: height = np.float64(0.05)
494.0020 	EXP 	target_text: text = 'She not does like apples'
494.0063 	EXP 	fix_text: autoDraw = True
494.2554 	EXP 	fix_text: autoDraw = False
494.2554 	EXP 	blank1_bg: autoDraw = True
494.4428 	EXP 	blank1_bg: autoDraw = False
494.4552 	EXP 	prime_text: autoDraw = True
494.6426 	EXP 	prime_text: autoDraw = False
494.6552 	EXP 	blank2_bg: autoDraw = True
494.7422 	EXP 	blank2_bg: autoDraw = False
494.7553 	INFO 	Keyboard events cleared
494.7551 	EXP 	target_text: autoDraw = True
495.9237 	EXP 	Device response: <KeyPress from None: t=495.92051637500117, value=left, duration=None>
495.9322 	DATA 	Keypress: left
495.9365 	EXP 	fix_text: autoDraw = False
495.9365 	EXP 	blank1_bg: autoDraw = False
495.9365 	EXP 	prime_text: autoDraw = False
495.9365 	EXP 	blank2_bg: autoDraw = False
495.9365 	EXP 	target_text: autoDraw = False
495.9365 	EXP 	greenCircle: autoDraw = True
495.9365 	EXP 	redCrosss: autoDraw = True
496.0398 	EXP 	Device response: <KeyPress from None: t=495.92051637500117, value=left, duration=0.1122742500010645>
496.1205 	EXP 	blank3_bg: autoDraw = True
496.1283 	EXP 	greenCircle: autoDraw = False
496.1283 	EXP 	redCrosss: autoDraw = False
496.9059 	EXP 	New trial (rep=9, index=2): <Trial 146 (2 in rep 9) data={'prime': 'The dog is barking loudly', 'target': 'The barking dog loudly is', 'condition': 'transposition_unrelated', 'correctAns': 'left', 'thisN': 146, 'thisTrialN': 2, 'thisRepN': 9}>
496.9217 	EXP 	blank3_bg: autoDraw = False
496.9217 	EXP 	blank3_bg: autoDraw = False
496.9217 	EXP 	greenCircle: autoDraw = False
496.9217 	EXP 	redCrosss: autoDraw = False
496.9217 	EXP 	prime_text: height = np.float64(0.05)
496.9217 	EXP 	prime_text: height = np.float64(0.05)
496.9217 	EXP 	prime_text: height = np.float64(0.05)
496.9217 	EXP 	prime_text: text = 'The dog is barking loudly'
496.9217 	EXP 	target_text: height = np.float64(0.05)
496.9217 	EXP 	target_text: height = np.float64(0.05)
496.9217 	EXP 	target_text: height = np.float64(0.05)
496.9217 	EXP 	target_text: text = 'The barking dog loudly is'
496.9264 	EXP 	fix_text: autoDraw = True
497.1718 	EXP 	fix_text: autoDraw = False
497.1718 	EXP 	blank1_bg: autoDraw = True
497.3703 	EXP 	blank1_bg: autoDraw = False
497.3703 	EXP 	prime_text: autoDraw = True
497.5607 	EXP 	prime_text: autoDraw = False
497.5720 	EXP 	blank2_bg: autoDraw = True
497.6595 	EXP 	blank2_bg: autoDraw = False
497.6722 	INFO 	Keyboard events cleared
497.6720 	EXP 	target_text: autoDraw = True
498.8234 	EXP 	Device response: <KeyPress from None: t=498.82042833299784, value=left, duration=None>
498.8318 	DATA 	Keypress: left
498.8361 	EXP 	fix_text: autoDraw = False
498.8361 	EXP 	blank1_bg: autoDraw = False
498.8361 	EXP 	prime_text: autoDraw = False
498.8361 	EXP 	blank2_bg: autoDraw = False
498.8361 	EXP 	target_text: autoDraw = False
498.8361 	EXP 	greenCircle: autoDraw = True
498.8361 	EXP 	redCrosss: autoDraw = True
498.9568 	EXP 	Device response: <KeyPress from None: t=498.82042833299784, value=left, duration=0.12428966700099409>
499.0205 	EXP 	blank3_bg: autoDraw = True
499.0291 	EXP 	greenCircle: autoDraw = False
499.0291 	EXP 	redCrosss: autoDraw = False
499.8046 	EXP 	New trial (rep=9, index=3): <Trial 147 (3 in rep 9) data={'prime': 'The dog is barking loudly', 'target': 'The loudly is barking dog', 'condition': 'repetition_unrelated', 'correctAns': 'left', 'thisN': 147, 'thisTrialN': 3, 'thisRepN': 9}>
499.8156 	EXP 	blank3_bg: autoDraw = False
499.8156 	EXP 	blank3_bg: autoDraw = False
499.8156 	EXP 	greenCircle: autoDraw = False
499.8156 	EXP 	redCrosss: autoDraw = False
499.8156 	EXP 	prime_text: text = 'The dog is barking loudly'
499.8156 	EXP 	target_text: height = np.float64(0.05)
499.8156 	EXP 	target_text: height = np.float64(0.05)
499.8156 	EXP 	target_text: height = np.float64(0.05)
499.8156 	EXP 	target_text: text = 'The loudly is barking dog'
499.8204 	EXP 	fix_text: autoDraw = True
500.0592 	EXP 	fix_text: autoDraw = False
500.0720 	EXP 	blank1_bg: autoDraw = True
500.2592 	EXP 	blank1_bg: autoDraw = False
500.2720 	EXP 	prime_text: autoDraw = True
500.4599 	EXP 	prime_text: autoDraw = False
500.4721 	EXP 	blank2_bg: autoDraw = True
500.5617 	EXP 	blank2_bg: autoDraw = False
500.5721 	INFO 	Keyboard events cleared
500.5719 	EXP 	target_text: autoDraw = True
501.2795 	EXP 	Device response: <KeyPress from None: t=501.272332958004, value=left, duration=None>
501.2867 	DATA 	Keypress: left
501.2911 	EXP 	fix_text: autoDraw = False
501.2911 	EXP 	blank1_bg: autoDraw = False
501.2911 	EXP 	prime_text: autoDraw = False
501.2911 	EXP 	blank2_bg: autoDraw = False
501.2911 	EXP 	target_text: autoDraw = False
501.2911 	EXP 	greenCircle: autoDraw = True
501.2911 	EXP 	redCrosss: autoDraw = True
501.3794 	EXP 	Device response: <KeyPress from None: t=501.272332958004, value=left, duration=0.10034779200213961>
501.4808 	EXP 	blank3_bg: autoDraw = True
501.4870 	EXP 	greenCircle: autoDraw = False
501.4870 	EXP 	redCrosss: autoDraw = False
502.2640 	EXP 	New trial (rep=9, index=4): <Trial 148 (4 in rep 9) data={'prime': 'They have finished the work', 'target': 'They finished have the work', 'condition': 'repetition_unrelated', 'correctAns': 'left', 'thisN': 148, 'thisTrialN': 4, 'thisRepN': 9}>
502.2791 	EXP 	blank3_bg: autoDraw = False
502.2791 	EXP 	blank3_bg: autoDraw = False
502.2791 	EXP 	greenCircle: autoDraw = False
502.2791 	EXP 	redCrosss: autoDraw = False
502.2791 	EXP 	prime_text: height = np.float64(0.05)
502.2791 	EXP 	prime_text: height = np.float64(0.05)
502.2791 	EXP 	prime_text: height = np.float64(0.05)
502.2791 	EXP 	prime_text: text = 'They have finished the work'
502.2791 	EXP 	target_text: height = np.float64(0.05)
502.2791 	EXP 	target_text: height = np.float64(0.05)
502.2791 	EXP 	target_text: height = np.float64(0.05)
502.2791 	EXP 	target_text: text = 'They finished have the work'
502.2791 	EXP 	fix_text: autoDraw = True
502.5286 	EXP 	fix_text: autoDraw = False
502.5286 	EXP 	blank1_bg: autoDraw = True
502.7218 	EXP 	blank1_bg: autoDraw = False
502.7285 	EXP 	prime_text: autoDraw = True
502.9283 	EXP 	prime_text: autoDraw = False
502.9283 	EXP 	blank2_bg: autoDraw = True
503.0217 	EXP 	blank2_bg: autoDraw = False
503.0277 	INFO 	Keyboard events cleared
503.0275 	EXP 	target_text: autoDraw = True
504.8462 	EXP 	Device response: <KeyPress from None: t=504.8451741250028, value=left, duration=None>
504.8621 	DATA 	Keypress: left
504.8663 	EXP 	fix_text: autoDraw = False
504.8663 	EXP 	blank1_bg: autoDraw = False
504.8663 	EXP 	prime_text: autoDraw = False
504.8663 	EXP 	blank2_bg: autoDraw = False
504.8663 	EXP 	target_text: autoDraw = False
504.8663 	EXP 	greenCircle: autoDraw = True
504.8663 	EXP 	redCrosss: autoDraw = True
504.9564 	EXP 	Device response: <KeyPress from None: t=504.8451741250028, value=left, duration=0.10440120799466968>
505.0470 	EXP 	blank3_bg: autoDraw = True
505.0605 	EXP 	greenCircle: autoDraw = False
505.0605 	EXP 	redCrosss: autoDraw = False
505.8391 	EXP 	New trial (rep=9, index=5): <Trial 149 (5 in rep 9) data={'prime': 'She does not like apples', 'target': 'She does not like apples', 'condition': 'repetition_related', 'correctAns': 'right', 'thisN': 149, 'thisTrialN': 5, 'thisRepN': 9}>
505.8539 	EXP 	blank3_bg: autoDraw = False
505.8539 	EXP 	blank3_bg: autoDraw = False
505.8539 	EXP 	greenCircle: autoDraw = False
505.8539 	EXP 	redCrosss: autoDraw = False
505.8539 	EXP 	prime_text: height = np.float64(0.05)
505.8539 	EXP 	prime_text: height = np.float64(0.05)
505.8539 	EXP 	prime_text: height = np.float64(0.05)
505.8539 	EXP 	prime_text: text = 'She does not like apples'
505.8539 	EXP 	target_text: height = np.float64(0.05)
505.8539 	EXP 	target_text: height = np.float64(0.05)
505.8539 	EXP 	target_text: height = np.float64(0.05)
505.8539 	EXP 	target_text: text = 'She does not like apples'
505.8539 	EXP 	fix_text: autoDraw = True
506.0969 	EXP 	fix_text: autoDraw = False
506.0969 	EXP 	blank1_bg: autoDraw = True
506.2946 	EXP 	blank1_bg: autoDraw = False
506.2946 	EXP 	prime_text: autoDraw = True
506.4885 	EXP 	prime_text: autoDraw = False
506.4943 	EXP 	blank2_bg: autoDraw = True
506.5885 	EXP 	blank2_bg: autoDraw = False
506.5953 	INFO 	Keyboard events cleared
506.5951 	EXP 	target_text: autoDraw = True
507.3456 	EXP 	Device response: <KeyPress from None: t=507.3432244160067, value=left, duration=None>
507.3530 	DATA 	Keypress: left
507.3577 	EXP 	fix_text: autoDraw = False
507.3577 	EXP 	blank1_bg: autoDraw = False
507.3577 	EXP 	prime_text: autoDraw = False
507.3577 	EXP 	blank2_bg: autoDraw = False
507.3577 	EXP 	target_text: autoDraw = False
507.3577 	EXP 	greenCircle: autoDraw = True
507.3577 	EXP 	redCrosss: autoDraw = True
507.4624 	EXP 	Device response: <KeyPress from None: t=507.3432244160067, value=left, duration=0.11626908399921376>
507.5475 	EXP 	blank3_bg: autoDraw = True
507.5538 	EXP 	greenCircle: autoDraw = False
507.5538 	EXP 	redCrosss: autoDraw = False
508.3382 	EXP 	New trial (rep=9, index=6): <Trial 150 (6 in rep 9) data={'prime': 'The boy can read fast', 'target': 'The boy can read fast', 'condition': 'repetition_related', 'correctAns': 'right', 'thisN': 150, 'thisTrialN': 6, 'thisRepN': 9}>
508.3533 	EXP 	blank3_bg: autoDraw = False
508.3533 	EXP 	blank3_bg: autoDraw = False
508.3533 	EXP 	greenCircle: autoDraw = False
508.3533 	EXP 	redCrosss: autoDraw = False
508.3533 	EXP 	prime_text: height = np.float64(0.05)
508.3533 	EXP 	prime_text: height = np.float64(0.05)
508.3533 	EXP 	prime_text: height = np.float64(0.05)
508.3533 	EXP 	prime_text: text = 'The boy can read fast'
508.3533 	EXP 	target_text: height = np.float64(0.05)
508.3533 	EXP 	target_text: height = np.float64(0.05)
508.3533 	EXP 	target_text: height = np.float64(0.05)
508.3533 	EXP 	target_text: text = 'The boy can read fast'
508.3533 	EXP 	fix_text: autoDraw = True
508.5963 	EXP 	fix_text: autoDraw = False
508.5963 	EXP 	blank1_bg: autoDraw = True
508.7882 	EXP 	blank1_bg: autoDraw = False
508.7882 	EXP 	prime_text: autoDraw = True
508.9771 	EXP 	prime_text: autoDraw = False
508.9949 	EXP 	blank2_bg: autoDraw = True
509.0886 	EXP 	blank2_bg: autoDraw = False
509.0955 	INFO 	Keyboard events cleared
509.0953 	EXP 	target_text: autoDraw = True
510.7236 	EXP 	Device response: <KeyPress from None: t=510.7191545000096, value=right, duration=None>
510.7321 	DATA 	Keypress: right
510.7365 	EXP 	fix_text: autoDraw = False
510.7365 	EXP 	blank1_bg: autoDraw = False
510.7365 	EXP 	prime_text: autoDraw = False
510.7365 	EXP 	blank2_bg: autoDraw = False
510.7365 	EXP 	target_text: autoDraw = False
510.7365 	EXP 	greenCircle: autoDraw = True
510.7365 	EXP 	redCrosss: autoDraw = True
510.8398 	EXP 	Device response: <KeyPress from None: t=510.7191545000096, value=right, duration=0.11226874998828862>
510.9218 	EXP 	blank3_bg: autoDraw = True
510.9303 	EXP 	greenCircle: autoDraw = False
510.9303 	EXP 	redCrosss: autoDraw = False
511.7060 	EXP 	New trial (rep=9, index=7): <Trial 151 (7 in rep 9) data={'prime': 'The dog is barking loudly', 'target': 'The dog is barking loudly', 'condition': 'repetition_related', 'correctAns': 'right', 'thisN': 151, 'thisTrialN': 7, 'thisRepN': 9}>
511.7213 	EXP 	blank3_bg: autoDraw = False
511.7213 	EXP 	blank3_bg: autoDraw = False
511.7213 	EXP 	greenCircle: autoDraw = False
511.7213 	EXP 	redCrosss: autoDraw = False
511.7213 	EXP 	prime_text: height = np.float64(0.05)
511.7213 	EXP 	prime_text: height = np.float64(0.05)
511.7213 	EXP 	prime_text: height = np.float64(0.05)
511.7213 	EXP 	prime_text: text = 'The dog is barking loudly'
511.7213 	EXP 	target_text: height = np.float64(0.05)
511.7213 	EXP 	target_text: height = np.float64(0.05)
511.7213 	EXP 	target_text: height = np.float64(0.05)
511.7213 	EXP 	target_text: text = 'The dog is barking loudly'
511.7258 	EXP 	fix_text: autoDraw = True
511.9717 	EXP 	fix_text: autoDraw = False
511.9717 	EXP 	blank1_bg: autoDraw = True
512.1592 	EXP 	blank1_bg: autoDraw = False
512.1719 	EXP 	prime_text: autoDraw = True
512.3601 	EXP 	prime_text: autoDraw = False
512.3718 	EXP 	blank2_bg: autoDraw = True
512.4591 	EXP 	blank2_bg: autoDraw = False
512.4719 	INFO 	Keyboard events cleared
512.4717 	EXP 	target_text: autoDraw = True
513.4624 	EXP 	Device response: <KeyPress from None: t=513.4570657910081, value=right, duration=None>
513.4696 	DATA 	Keypress: right
513.4743 	EXP 	fix_text: autoDraw = False
513.4743 	EXP 	blank1_bg: autoDraw = False
513.4743 	EXP 	prime_text: autoDraw = False
513.4743 	EXP 	blank2_bg: autoDraw = False
513.4743 	EXP 	target_text: autoDraw = False
513.4743 	EXP 	greenCircle: autoDraw = True
513.4743 	EXP 	redCrosss: autoDraw = True
513.5624 	EXP 	Device response: <KeyPress from None: t=513.4570657910081, value=right, duration=0.10430354200070724>
513.6645 	EXP 	blank3_bg: autoDraw = True
513.6712 	EXP 	greenCircle: autoDraw = False
513.6712 	EXP 	redCrosss: autoDraw = False
514.4559 	EXP 	New trial (rep=9, index=8): <Trial 152 (8 in rep 9) data={'prime': 'She does not like apples', 'target': 'She not does like apples', 'condition': 'transposition_related', 'correctAns': 'right', 'thisN': 152, 'thisTrialN': 8, 'thisRepN': 9}>
514.4716 	EXP 	blank3_bg: autoDraw = False
514.4716 	EXP 	blank3_bg: autoDraw = False
514.4716 	EXP 	greenCircle: autoDraw = False
514.4716 	EXP 	redCrosss: autoDraw = False
514.4716 	EXP 	prime_text: height = np.float64(0.05)
514.4716 	EXP 	prime_text: height = np.float64(0.05)
514.4716 	EXP 	prime_text: height = np.float64(0.05)
514.4716 	EXP 	prime_text: text = 'She does not like apples'
514.4716 	EXP 	target_text: height = np.float64(0.05)
514.4716 	EXP 	target_text: height = np.float64(0.05)
514.4716 	EXP 	target_text: height = np.float64(0.05)
514.4716 	EXP 	target_text: text = 'She not does like apples'
514.4716 	EXP 	fix_text: autoDraw = True
514.7137 	EXP 	fix_text: autoDraw = False
514.7137 	EXP 	blank1_bg: autoDraw = True
514.9121 	EXP 	blank1_bg: autoDraw = False
514.9121 	EXP 	prime_text: autoDraw = True
515.1114 	EXP 	prime_text: autoDraw = False
515.1114 	EXP 	blank2_bg: autoDraw = True
515.2053 	EXP 	blank2_bg: autoDraw = False
515.2122 	INFO 	Keyboard events cleared
515.2120 	EXP 	target_text: autoDraw = True
516.7624 	EXP 	Device response: <KeyPress from None: t=516.7558818749967, value=left, duration=None>
516.7701 	DATA 	Keypress: left
516.7744 	EXP 	fix_text: autoDraw = False
516.7744 	EXP 	blank1_bg: autoDraw = False
516.7744 	EXP 	prime_text: autoDraw = False
516.7744 	EXP 	blank2_bg: autoDraw = False
516.7744 	EXP 	target_text: autoDraw = False
516.7744 	EXP 	greenCircle: autoDraw = True
516.7744 	EXP 	redCrosss: autoDraw = True
516.8732 	EXP 	Device response: <KeyPress from None: t=516.7558818749967, value=left, duration=0.10447179101174697>
516.9642 	EXP 	blank3_bg: autoDraw = True
516.9715 	EXP 	greenCircle: autoDraw = False
516.9715 	EXP 	redCrosss: autoDraw = False
517.7550 	EXP 	New trial (rep=9, index=9): <Trial 153 (9 in rep 9) data={'prime': 'The dog is barking loudly', 'target': 'The dog barking is loudly', 'condition': 'transposition_related', 'correctAns': 'right', 'thisN': 153, 'thisTrialN': 9, 'thisRepN': 9}>
517.7716 	EXP 	blank3_bg: autoDraw = False
517.7716 	EXP 	blank3_bg: autoDraw = False
517.7716 	EXP 	greenCircle: autoDraw = False
517.7716 	EXP 	redCrosss: autoDraw = False
517.7716 	EXP 	prime_text: height = np.float64(0.05)
517.7716 	EXP 	prime_text: height = np.float64(0.05)
517.7716 	EXP 	prime_text: height = np.float64(0.05)
517.7716 	EXP 	prime_text: text = 'The dog is barking loudly'
517.7716 	EXP 	target_text: height = np.float64(0.05)
517.7716 	EXP 	target_text: height = np.float64(0.05)
517.7716 	EXP 	target_text: height = np.float64(0.05)
517.7716 	EXP 	target_text: text = 'The dog barking is loudly'
517.7716 	EXP 	fix_text: autoDraw = True
518.0135 	EXP 	fix_text: autoDraw = False
518.0135 	EXP 	blank1_bg: autoDraw = True
518.2036 	EXP 	blank1_bg: autoDraw = False
518.2036 	EXP 	prime_text: autoDraw = True
518.3937 	EXP 	prime_text: autoDraw = False
518.4118 	EXP 	blank2_bg: autoDraw = True
518.5051 	EXP 	blank2_bg: autoDraw = False
518.5117 	INFO 	Keyboard events cleared
518.5116 	EXP 	target_text: autoDraw = True
519.5071 	EXP 	Device response: <KeyPress from None: t=519.4949199999974, value=right, duration=None>
519.5158 	DATA 	Keypress: right
519.5202 	EXP 	fix_text: autoDraw = False
519.5202 	EXP 	blank1_bg: autoDraw = False
519.5202 	EXP 	prime_text: autoDraw = False
519.5202 	EXP 	blank2_bg: autoDraw = False
519.5202 	EXP 	target_text: autoDraw = False
519.5202 	EXP 	greenCircle: autoDraw = True
519.5202 	EXP 	redCrosss: autoDraw = True
519.6294 	EXP 	Device response: <KeyPress from None: t=519.4949199999974, value=right, duration=0.12820562500564847>
519.7036 	EXP 	blank3_bg: autoDraw = True
519.7098 	EXP 	greenCircle: autoDraw = False
519.7098 	EXP 	redCrosss: autoDraw = False
520.4880 	EXP 	New trial (rep=9, index=10): <Trial 154 (10 in rep 9) data={'prime': 'She does not like apples', 'target': 'She like does apples not', 'condition': 'transposition_unrelated', 'correctAns': 'left', 'thisN': 154, 'thisTrialN': 10, 'thisRepN': 9}>
520.5037 	EXP 	blank3_bg: autoDraw = False
520.5037 	EXP 	blank3_bg: autoDraw = False
520.5037 	EXP 	greenCircle: autoDraw = False
520.5037 	EXP 	redCrosss: autoDraw = False
520.5037 	EXP 	prime_text: height = np.float64(0.05)
520.5037 	EXP 	prime_text: height = np.float64(0.05)
520.5037 	EXP 	prime_text: height = np.float64(0.05)
520.5037 	EXP 	prime_text: text = 'She does not like apples'
520.5037 	EXP 	target_text: height = np.float64(0.05)
520.5037 	EXP 	target_text: height = np.float64(0.05)
520.5037 	EXP 	target_text: height = np.float64(0.05)
520.5037 	EXP 	target_text: text = 'She like does apples not'
520.5076 	EXP 	fix_text: autoDraw = True
520.7552 	EXP 	fix_text: autoDraw = False
520.7552 	EXP 	blank1_bg: autoDraw = True
520.9423 	EXP 	blank1_bg: autoDraw = False
520.9550 	EXP 	prime_text: autoDraw = True
521.1436 	EXP 	prime_text: autoDraw = False
521.1552 	EXP 	blank2_bg: autoDraw = True
521.2436 	EXP 	blank2_bg: autoDraw = False
521.2554 	INFO 	Keyboard events cleared
521.2551 	EXP 	target_text: autoDraw = True
522.5402 	EXP 	Device response: <KeyPress from None: t=522.5378553330083, value=left, duration=None>
522.5482 	DATA 	Keypress: left
522.5524 	EXP 	fix_text: autoDraw = False
522.5524 	EXP 	blank1_bg: autoDraw = False
522.5524 	EXP 	prime_text: autoDraw = False
522.5524 	EXP 	blank2_bg: autoDraw = False
522.5524 	EXP 	target_text: autoDraw = False
522.5524 	EXP 	greenCircle: autoDraw = True
522.5524 	EXP 	redCrosss: autoDraw = True
522.6460 	EXP 	Device response: <KeyPress from None: t=522.5378553330083, value=left, duration=0.10426233299949672>
522.7375 	EXP 	blank3_bg: autoDraw = True
522.7461 	EXP 	greenCircle: autoDraw = False
522.7461 	EXP 	redCrosss: autoDraw = False
523.5226 	EXP 	New trial (rep=9, index=11): <Trial 155 (11 in rep 9) data={'prime': 'They have finished the work', 'target': 'They finished have the work', 'condition': 'transposition_related', 'correctAns': 'right', 'thisN': 155, 'thisTrialN': 11, 'thisRepN': 9}>
523.5383 	EXP 	blank3_bg: autoDraw = False
523.5383 	EXP 	blank3_bg: autoDraw = False
523.5383 	EXP 	greenCircle: autoDraw = False
523.5383 	EXP 	redCrosss: autoDraw = False
523.5383 	EXP 	prime_text: height = np.float64(0.05)
523.5383 	EXP 	prime_text: height = np.float64(0.05)
523.5383 	EXP 	prime_text: height = np.float64(0.05)
523.5383 	EXP 	prime_text: text = 'They have finished the work'
523.5383 	EXP 	target_text: height = np.float64(0.05)
523.5383 	EXP 	target_text: height = np.float64(0.05)
523.5383 	EXP 	target_text: height = np.float64(0.05)
523.5383 	EXP 	target_text: text = 'They finished have the work'
523.5418 	EXP 	fix_text: autoDraw = True
523.7885 	EXP 	fix_text: autoDraw = False
523.7885 	EXP 	blank1_bg: autoDraw = True
523.9884 	EXP 	blank1_bg: autoDraw = False
523.9884 	EXP 	prime_text: autoDraw = True
524.1759 	EXP 	prime_text: autoDraw = False
524.1885 	EXP 	blank2_bg: autoDraw = True
524.2759 	EXP 	blank2_bg: autoDraw = False
524.2886 	INFO 	Keyboard events cleared
524.2884 	EXP 	target_text: autoDraw = True
525.6123 	EXP 	Device response: <KeyPress from None: t=525.6066778749955, value=left, duration=None>
525.6195 	DATA 	Keypress: left
525.6239 	EXP 	fix_text: autoDraw = False
525.6239 	EXP 	blank1_bg: autoDraw = False
525.6239 	EXP 	prime_text: autoDraw = False
525.6239 	EXP 	blank2_bg: autoDraw = False
525.6239 	EXP 	target_text: autoDraw = False
525.6239 	EXP 	greenCircle: autoDraw = True
525.6239 	EXP 	redCrosss: autoDraw = True
525.7228 	EXP 	Device response: <KeyPress from None: t=525.6066778749955, value=left, duration=0.10833858301339205>
525.8140 	EXP 	blank3_bg: autoDraw = True
525.8203 	EXP 	greenCircle: autoDraw = False
525.8203 	EXP 	redCrosss: autoDraw = False
526.6045 	EXP 	New trial (rep=9, index=12): <Trial 156 (12 in rep 9) data={'prime': 'The boy can read fast', 'target': 'The read can boy fast', 'condition': 'transposition_unrelated', 'correctAns': 'left', 'thisN': 156, 'thisTrialN': 12, 'thisRepN': 9}>
526.6191 	EXP 	blank3_bg: autoDraw = False
526.6191 	EXP 	blank3_bg: autoDraw = False
526.6191 	EXP 	greenCircle: autoDraw = False
526.6191 	EXP 	redCrosss: autoDraw = False
526.6191 	EXP 	prime_text: height = np.float64(0.05)
526.6191 	EXP 	prime_text: height = np.float64(0.05)
526.6191 	EXP 	prime_text: height = np.float64(0.05)
526.6191 	EXP 	prime_text: text = 'The boy can read fast'
526.6191 	EXP 	target_text: height = np.float64(0.05)
526.6191 	EXP 	target_text: height = np.float64(0.05)
526.6191 	EXP 	target_text: height = np.float64(0.05)
526.6191 	EXP 	target_text: text = 'The read can boy fast'
526.6191 	EXP 	fix_text: autoDraw = True
526.8635 	EXP 	fix_text: autoDraw = False
526.8635 	EXP 	blank1_bg: autoDraw = True
527.0536 	EXP 	prime_text: autoDraw = True
527.0597 	EXP 	blank1_bg: autoDraw = False
527.2439 	EXP 	prime_text: autoDraw = False
527.2615 	EXP 	blank2_bg: autoDraw = True
527.3552 	EXP 	blank2_bg: autoDraw = False
527.3620 	INFO 	Keyboard events cleared
527.3619 	EXP 	target_text: autoDraw = True
528.0900 	EXP 	Device response: <KeyPress from None: t=528.0856787910016, value=right, duration=None>
528.0985 	DATA 	Keypress: right
528.1029 	EXP 	fix_text: autoDraw = False
528.1029 	EXP 	blank1_bg: autoDraw = False
528.1029 	EXP 	prime_text: autoDraw = False
528.1029 	EXP 	blank2_bg: autoDraw = False
528.1029 	EXP 	target_text: autoDraw = False
528.1029 	EXP 	greenCircle: autoDraw = True
528.1029 	EXP 	redCrosss: autoDraw = True
528.1898 	EXP 	Device response: <KeyPress from None: t=528.0856787910016, value=right, duration=0.10038779200112913>
528.2870 	EXP 	blank3_bg: autoDraw = True
528.2940 	EXP 	greenCircle: autoDraw = False
528.2940 	EXP 	redCrosss: autoDraw = False
529.0712 	EXP 	New trial (rep=9, index=13): <Trial 157 (13 in rep 9) data={'prime': 'The boy can read fast', 'target': 'The boy can read fast', 'condition': 'transposition_related', 'correctAns': 'right', 'thisN': 157, 'thisTrialN': 13, 'thisRepN': 9}>
529.0815 	EXP 	blank3_bg: autoDraw = False
529.0815 	EXP 	blank3_bg: autoDraw = False
529.0815 	EXP 	greenCircle: autoDraw = False
529.0815 	EXP 	redCrosss: autoDraw = False
529.0815 	EXP 	prime_text: text = 'The boy can read fast'
529.0815 	EXP 	target_text: height = np.float64(0.05)
529.0815 	EXP 	target_text: height = np.float64(0.05)
529.0815 	EXP 	target_text: height = np.float64(0.05)
529.0815 	EXP 	target_text: text = 'The boy can read fast'
529.0869 	EXP 	fix_text: autoDraw = True
529.3258 	EXP 	fix_text: autoDraw = False
529.3383 	EXP 	blank1_bg: autoDraw = True
529.5385 	EXP 	blank1_bg: autoDraw = False
529.5385 	EXP 	prime_text: autoDraw = True
529.7258 	EXP 	prime_text: autoDraw = False
529.7386 	EXP 	blank2_bg: autoDraw = True
529.8255 	EXP 	blank2_bg: autoDraw = False
529.8385 	INFO 	Keyboard events cleared
529.8384 	EXP 	target_text: autoDraw = True
530.5623 	EXP 	Device response: <KeyPress from None: t=530.5566870409966, value=right, duration=None>
530.5694 	DATA 	Keypress: right
530.5740 	EXP 	fix_text: autoDraw = False
530.5740 	EXP 	blank1_bg: autoDraw = False
530.5740 	EXP 	prime_text: autoDraw = False
530.5740 	EXP 	blank2_bg: autoDraw = False
530.5740 	EXP 	target_text: autoDraw = False
530.5740 	EXP 	greenCircle: autoDraw = True
530.5740 	EXP 	redCrosss: autoDraw = True
530.6788 	EXP 	Device response: <KeyPress from None: t=530.5566870409966, value=right, duration=0.1162417920131702>
530.7643 	EXP 	blank3_bg: autoDraw = True
530.7706 	EXP 	greenCircle: autoDraw = False
530.7706 	EXP 	redCrosss: autoDraw = False
531.5545 	EXP 	New trial (rep=9, index=14): <Trial 158 (14 in rep 9) data={'prime': 'They have finished the work', 'target': 'They work the have finished', 'condition': 'transposition_unrelated', 'correctAns': 'left', 'thisN': 158, 'thisTrialN': 14, 'thisRepN': 9}>
531.5698 	EXP 	blank3_bg: autoDraw = False
531.5698 	EXP 	blank3_bg: autoDraw = False
531.5698 	EXP 	greenCircle: autoDraw = False
531.5698 	EXP 	redCrosss: autoDraw = False
531.5698 	EXP 	prime_text: height = np.float64(0.05)
531.5698 	EXP 	prime_text: height = np.float64(0.05)
531.5698 	EXP 	prime_text: height = np.float64(0.05)
531.5698 	EXP 	prime_text: text = 'They have finished the work'
531.5698 	EXP 	target_text: height = np.float64(0.05)
531.5698 	EXP 	target_text: height = np.float64(0.05)
531.5698 	EXP 	target_text: height = np.float64(0.05)
531.5698 	EXP 	target_text: text = 'They work the have finished'
531.5698 	EXP 	fix_text: autoDraw = True
531.8135 	EXP 	fix_text: autoDraw = False
531.8135 	EXP 	blank1_bg: autoDraw = True
532.0036 	EXP 	prime_text: autoDraw = True
532.0081 	EXP 	blank1_bg: autoDraw = False
532.1934 	EXP 	prime_text: autoDraw = False
532.2115 	EXP 	blank2_bg: autoDraw = True
532.3052 	EXP 	blank2_bg: autoDraw = False
532.3120 	INFO 	Keyboard events cleared
532.3119 	EXP 	target_text: autoDraw = True
533.5237 	EXP 	Device response: <KeyPress from None: t=533.5166285410087, value=left, duration=None>
533.5319 	DATA 	Keypress: left
533.5362 	EXP 	fix_text: autoDraw = False
533.5362 	EXP 	blank1_bg: autoDraw = False
533.5362 	EXP 	prime_text: autoDraw = False
533.5362 	EXP 	blank2_bg: autoDraw = False
533.5362 	EXP 	target_text: autoDraw = False
533.5362 	EXP 	greenCircle: autoDraw = True
533.5362 	EXP 	redCrosss: autoDraw = True
533.6399 	EXP 	Device response: <KeyPress from None: t=533.5166285410087, value=left, duration=0.1121642499929294>
533.7217 	EXP 	blank3_bg: autoDraw = True
533.7300 	EXP 	greenCircle: autoDraw = False
533.7300 	EXP 	redCrosss: autoDraw = False
534.5059 	EXP 	New trial (rep=9, index=15): <Trial 159 (15 in rep 9) data={'prime': 'They have finished the work', 'target': 'They have finished the work', 'condition': 'repetition_related', 'correctAns': 'right', 'thisN': 159, 'thisTrialN': 15, 'thisRepN': 9}>
534.5178 	EXP 	blank3_bg: autoDraw = False
534.5178 	EXP 	blank3_bg: autoDraw = False
534.5178 	EXP 	greenCircle: autoDraw = False
534.5178 	EXP 	redCrosss: autoDraw = False
534.5178 	EXP 	prime_text: text = 'They have finished the work'
534.5178 	EXP 	target_text: height = np.float64(0.05)
534.5178 	EXP 	target_text: height = np.float64(0.05)
534.5178 	EXP 	target_text: height = np.float64(0.05)
534.5178 	EXP 	target_text: text = 'They have finished the work'
534.5229 	EXP 	fix_text: autoDraw = True
534.7717 	EXP 	fix_text: autoDraw = False
534.7717 	EXP 	blank1_bg: autoDraw = True
534.9717 	EXP 	blank1_bg: autoDraw = False
534.9717 	EXP 	prime_text: autoDraw = True
535.1588 	EXP 	prime_text: autoDraw = False
535.1717 	EXP 	blank2_bg: autoDraw = True
535.2600 	EXP 	blank2_bg: autoDraw = False
535.2721 	INFO 	Keyboard events cleared
535.2719 	EXP 	target_text: autoDraw = True
536.5565 	EXP 	Device response: <KeyPress from None: t=536.5515621660015, value=right, duration=None>
536.5643 	DATA 	Keypress: right
536.5686 	EXP 	fix_text: autoDraw = False
536.5686 	EXP 	blank1_bg: autoDraw = False
536.5686 	EXP 	prime_text: autoDraw = False
536.5686 	EXP 	blank2_bg: autoDraw = False
536.5686 	EXP 	target_text: autoDraw = False
536.5686 	EXP 	greenCircle: autoDraw = True
536.5686 	EXP 	redCrosss: autoDraw = True
536.6564 	EXP 	Device response: <KeyPress from None: t=536.5515621660015, value=right, duration=0.0962031249946449>
536.7550 	EXP 	blank3_bg: autoDraw = True
536.7626 	EXP 	greenCircle: autoDraw = False
536.7626 	EXP 	redCrosss: autoDraw = False
537.5445 	EXP 	New trial (rep=10, index=0): <Trial 160 (0 in rep 10) data={'prime': 'The boy can read fast', 'target': 'The boy can read fast', 'condition': 'repetition_related', 'correctAns': 'right', 'thisN': 160, 'thisTrialN': 0, 'thisRepN': 10}>
537.5575 	EXP 	blank3_bg: autoDraw = False
537.5575 	EXP 	blank3_bg: autoDraw = False
537.5575 	EXP 	greenCircle: autoDraw = False
537.5575 	EXP 	redCrosss: autoDraw = False
537.5575 	EXP 	prime_text: height = np.float64(0.05)
537.5575 	EXP 	prime_text: height = np.float64(0.05)
537.5575 	EXP 	prime_text: height = np.float64(0.05)
537.5575 	EXP 	prime_text: text = 'The boy can read fast'
537.5575 	EXP 	target_text: height = np.float64(0.05)
537.5575 	EXP 	target_text: height = np.float64(0.05)
537.5575 	EXP 	target_text: height = np.float64(0.05)
537.5575 	EXP 	target_text: text = 'The boy can read fast'
537.5575 	EXP 	fix_text: autoDraw = True
537.8051 	EXP 	fix_text: autoDraw = False
537.8051 	EXP 	blank1_bg: autoDraw = True
537.9939 	EXP 	blank1_bg: autoDraw = False
538.0050 	EXP 	prime_text: autoDraw = True
538.1934 	EXP 	prime_text: autoDraw = False
538.2052 	EXP 	blank2_bg: autoDraw = True
538.2926 	EXP 	blank2_bg: autoDraw = False
538.3053 	INFO 	Keyboard events cleared
538.3051 	EXP 	target_text: autoDraw = True
539.1452 	EXP 	Device response: <KeyPress from None: t=539.1395022910001, value=right, duration=None>
539.1527 	DATA 	Keypress: right
539.1574 	EXP 	fix_text: autoDraw = False
539.1574 	EXP 	blank1_bg: autoDraw = False
539.1574 	EXP 	prime_text: autoDraw = False
539.1574 	EXP 	blank2_bg: autoDraw = False
539.1574 	EXP 	target_text: autoDraw = False
539.1574 	EXP 	greenCircle: autoDraw = True
539.1574 	EXP 	redCrosss: autoDraw = True
539.2897 	EXP 	Device response: <KeyPress from None: t=539.1395022910001, value=right, duration=0.14033075000043027>
539.3472 	EXP 	blank3_bg: autoDraw = True
539.3536 	EXP 	greenCircle: autoDraw = False
539.3536 	EXP 	redCrosss: autoDraw = False
540.1384 	EXP 	New trial (rep=10, index=1): <Trial 161 (1 in rep 10) data={'prime': 'They have finished the work', 'target': 'They have finished the work', 'condition': 'repetition_related', 'correctAns': 'right', 'thisN': 161, 'thisTrialN': 1, 'thisRepN': 10}>
540.1539 	EXP 	blank3_bg: autoDraw = False
540.1539 	EXP 	blank3_bg: autoDraw = False
540.1539 	EXP 	greenCircle: autoDraw = False
540.1539 	EXP 	redCrosss: autoDraw = False
540.1539 	EXP 	prime_text: height = np.float64(0.05)
540.1539 	EXP 	prime_text: height = np.float64(0.05)
540.1539 	EXP 	prime_text: height = np.float64(0.05)
540.1539 	EXP 	prime_text: text = 'They have finished the work'
540.1539 	EXP 	target_text: height = np.float64(0.05)
540.1539 	EXP 	target_text: height = np.float64(0.05)
540.1539 	EXP 	target_text: height = np.float64(0.05)
540.1539 	EXP 	target_text: text = 'They have finished the work'
540.1539 	EXP 	fix_text: autoDraw = True
540.3967 	EXP 	fix_text: autoDraw = False
540.3967 	EXP 	blank1_bg: autoDraw = True
540.5868 	EXP 	prime_text: autoDraw = True
540.5913 	EXP 	blank1_bg: autoDraw = False
540.7758 	EXP 	prime_text: autoDraw = False
540.7951 	EXP 	blank2_bg: autoDraw = True
540.8885 	EXP 	blank2_bg: autoDraw = False
540.8944 	INFO 	Keyboard events cleared
540.8941 	EXP 	target_text: autoDraw = True
541.7237 	EXP 	Device response: <KeyPress from None: t=541.711426875001, value=right, duration=None>
541.7316 	DATA 	Keypress: right
541.7360 	EXP 	fix_text: autoDraw = False
541.7360 	EXP 	blank1_bg: autoDraw = False
541.7360 	EXP 	prime_text: autoDraw = False
541.7360 	EXP 	blank2_bg: autoDraw = False
541.7360 	EXP 	target_text: autoDraw = False
541.7360 	EXP 	greenCircle: autoDraw = True
541.7360 	EXP 	redCrosss: autoDraw = True
541.8230 	EXP 	Device response: <KeyPress from None: t=541.711426875001, value=right, duration=0.10026845800166484>
541.9210 	EXP 	blank3_bg: autoDraw = True
541.9274 	EXP 	greenCircle: autoDraw = False
541.9274 	EXP 	redCrosss: autoDraw = False
542.7056 	EXP 	New trial (rep=10, index=2): <Trial 162 (2 in rep 10) data={'prime': 'The boy can read fast', 'target': 'The boy can read fast', 'condition': 'transposition_related', 'correctAns': 'right', 'thisN': 162, 'thisTrialN': 2, 'thisRepN': 10}>
542.7216 	EXP 	blank3_bg: autoDraw = False
542.7216 	EXP 	blank3_bg: autoDraw = False
542.7216 	EXP 	greenCircle: autoDraw = False
542.7216 	EXP 	redCrosss: autoDraw = False
542.7216 	EXP 	prime_text: height = np.float64(0.05)
542.7216 	EXP 	prime_text: height = np.float64(0.05)
542.7216 	EXP 	prime_text: height = np.float64(0.05)
542.7216 	EXP 	prime_text: text = 'The boy can read fast'
542.7216 	EXP 	target_text: height = np.float64(0.05)
542.7216 	EXP 	target_text: height = np.float64(0.05)
542.7216 	EXP 	target_text: height = np.float64(0.05)
542.7216 	EXP 	target_text: text = 'The boy can read fast'
542.7262 	EXP 	fix_text: autoDraw = True
542.9716 	EXP 	fix_text: autoDraw = False
542.9716 	EXP 	blank1_bg: autoDraw = True
543.1716 	EXP 	blank1_bg: autoDraw = False
543.1716 	EXP 	prime_text: autoDraw = True
543.3604 	EXP 	prime_text: autoDraw = False
543.3719 	EXP 	blank2_bg: autoDraw = True
543.4600 	EXP 	blank2_bg: autoDraw = False
543.4719 	INFO 	Keyboard events cleared
543.4717 	EXP 	target_text: autoDraw = True
543.9901 	EXP 	Device response: <KeyPress from None: t=543.9863438330067, value=right, duration=None>
543.9984 	DATA 	Keypress: right
544.0027 	EXP 	fix_text: autoDraw = False
544.0027 	EXP 	blank1_bg: autoDraw = False
544.0027 	EXP 	prime_text: autoDraw = False
544.0027 	EXP 	blank2_bg: autoDraw = False
544.0027 	EXP 	target_text: autoDraw = False
544.0027 	EXP 	greenCircle: autoDraw = True
544.0027 	EXP 	redCrosss: autoDraw = True
544.1286 	EXP 	Device response: <KeyPress from None: t=543.9863438330067, value=right, duration=0.13630383300187532>
544.1884 	EXP 	blank3_bg: autoDraw = True
544.1960 	EXP 	greenCircle: autoDraw = False
544.1960 	EXP 	redCrosss: autoDraw = False
544.9771 	EXP 	New trial (rep=10, index=3): <Trial 163 (3 in rep 10) data={'prime': 'She does not like apples', 'target': 'She not does like apples', 'condition': 'repetition_unrelated', 'correctAns': 'left', 'thisN': 163, 'thisTrialN': 3, 'thisRepN': 10}>
544.9916 	EXP 	blank3_bg: autoDraw = False
544.9916 	EXP 	blank3_bg: autoDraw = False
544.9916 	EXP 	greenCircle: autoDraw = False
544.9916 	EXP 	redCrosss: autoDraw = False
544.9916 	EXP 	prime_text: height = np.float64(0.05)
544.9916 	EXP 	prime_text: height = np.float64(0.05)
544.9916 	EXP 	prime_text: height = np.float64(0.05)
544.9916 	EXP 	prime_text: text = 'She does not like apples'
544.9916 	EXP 	target_text: height = np.float64(0.05)
544.9916 	EXP 	target_text: height = np.float64(0.05)
544.9916 	EXP 	target_text: height = np.float64(0.05)
544.9916 	EXP 	target_text: text = 'She not does like apples'
544.9916 	EXP 	fix_text: autoDraw = True
545.2383 	EXP 	fix_text: autoDraw = False
545.2383 	EXP 	blank1_bg: autoDraw = True
545.4385 	EXP 	blank1_bg: autoDraw = False
545.4385 	EXP 	prime_text: autoDraw = True
545.6258 	EXP 	prime_text: autoDraw = False
545.6383 	EXP 	blank2_bg: autoDraw = True
545.7267 	EXP 	blank2_bg: autoDraw = False
545.7389 	INFO 	Keyboard events cleared
545.7387 	EXP 	target_text: autoDraw = True
546.8732 	EXP 	Device response: <KeyPress from None: t=546.8612308330048, value=left, duration=None>
546.8812 	DATA 	Keypress: left
546.8857 	EXP 	fix_text: autoDraw = False
546.8857 	EXP 	blank1_bg: autoDraw = False
546.8857 	EXP 	prime_text: autoDraw = False
546.8857 	EXP 	blank2_bg: autoDraw = False
546.8857 	EXP 	target_text: autoDraw = False
546.8857 	EXP 	greenCircle: autoDraw = True
546.8857 	EXP 	redCrosss: autoDraw = True
546.9897 	EXP 	Device response: <KeyPress from None: t=546.8612308330048, value=left, duration=0.1162624999997206>
547.0702 	EXP 	blank3_bg: autoDraw = True
547.0765 	EXP 	greenCircle: autoDraw = False
547.0765 	EXP 	redCrosss: autoDraw = False
547.8541 	EXP 	New trial (rep=10, index=4): <Trial 164 (4 in rep 10) data={'prime': 'They have finished the work', 'target': 'They finished have the work', 'condition': 'repetition_unrelated', 'correctAns': 'left', 'thisN': 164, 'thisTrialN': 4, 'thisRepN': 10}>
547.8701 	EXP 	blank3_bg: autoDraw = False
547.8701 	EXP 	blank3_bg: autoDraw = False
547.8701 	EXP 	greenCircle: autoDraw = False
547.8701 	EXP 	redCrosss: autoDraw = False
547.8701 	EXP 	prime_text: height = np.float64(0.05)
547.8701 	EXP 	prime_text: height = np.float64(0.05)
547.8701 	EXP 	prime_text: height = np.float64(0.05)
547.8701 	EXP 	prime_text: text = 'They have finished the work'
547.8701 	EXP 	target_text: height = np.float64(0.05)
547.8701 	EXP 	target_text: height = np.float64(0.05)
547.8701 	EXP 	target_text: height = np.float64(0.05)
547.8701 	EXP 	target_text: text = 'They finished have the work'
547.8742 	EXP 	fix_text: autoDraw = True
548.1219 	EXP 	fix_text: autoDraw = False
548.1219 	EXP 	blank1_bg: autoDraw = True
548.3092 	EXP 	blank1_bg: autoDraw = False
548.3219 	EXP 	prime_text: autoDraw = True
548.5102 	EXP 	prime_text: autoDraw = False
548.5217 	EXP 	blank2_bg: autoDraw = True
548.6091 	EXP 	blank2_bg: autoDraw = False
548.6218 	INFO 	Keyboard events cleared
548.6216 	EXP 	target_text: autoDraw = True
550.1403 	EXP 	Device response: <KeyPress from None: t=550.1351689160074, value=left, duration=None>
550.1486 	DATA 	Keypress: left
550.1531 	EXP 	fix_text: autoDraw = False
550.1531 	EXP 	blank1_bg: autoDraw = False
550.1531 	EXP 	prime_text: autoDraw = False
550.1531 	EXP 	blank2_bg: autoDraw = False
550.1531 	EXP 	target_text: autoDraw = False
550.1531 	EXP 	greenCircle: autoDraw = True
550.1531 	EXP 	redCrosss: autoDraw = True
550.2397 	EXP 	Device response: <KeyPress from None: t=550.1351689160074, value=left, duration=0.10026354200090282>
550.3385 	EXP 	blank3_bg: autoDraw = True
550.3460 	EXP 	greenCircle: autoDraw = False
550.3460 	EXP 	redCrosss: autoDraw = False
551.1224 	EXP 	New trial (rep=10, index=5): <Trial 165 (5 in rep 10) data={'prime': 'They have finished the work', 'target': 'They finished have the work', 'condition': 'transposition_related', 'correctAns': 'right', 'thisN': 165, 'thisTrialN': 5, 'thisRepN': 10}>
551.1273 	EXP 	blank3_bg: autoDraw = False
551.1273 	EXP 	blank3_bg: autoDraw = False
551.1273 	EXP 	greenCircle: autoDraw = False
551.1273 	EXP 	redCrosss: autoDraw = False
551.1273 	EXP 	prime_text: text = 'They have finished the work'
551.1273 	EXP 	target_text: text = 'They finished have the work'
551.1384 	EXP 	fix_text: autoDraw = True
551.3772 	EXP 	fix_text: autoDraw = False
551.3885 	EXP 	blank1_bg: autoDraw = True
551.5761 	EXP 	blank1_bg: autoDraw = False
551.5887 	EXP 	prime_text: autoDraw = True
551.7770 	EXP 	prime_text: autoDraw = False
551.7885 	EXP 	blank2_bg: autoDraw = True
551.8759 	EXP 	blank2_bg: autoDraw = False
551.8886 	INFO 	Keyboard events cleared
551.8884 	EXP 	target_text: autoDraw = True
552.7785 	EXP 	Device response: <KeyPress from None: t=552.7741396659985, value=left, duration=None>
552.7857 	DATA 	Keypress: left
552.7906 	EXP 	fix_text: autoDraw = False
552.7906 	EXP 	blank1_bg: autoDraw = False
552.7906 	EXP 	prime_text: autoDraw = False
552.7906 	EXP 	blank2_bg: autoDraw = False
552.7906 	EXP 	target_text: autoDraw = False
552.7906 	EXP 	greenCircle: autoDraw = True
552.7906 	EXP 	redCrosss: autoDraw = True
552.9063 	EXP 	Device response: <KeyPress from None: t=552.7741396659985, value=left, duration=0.12433616700582206>
552.9799 	EXP 	blank3_bg: autoDraw = True
552.9870 	EXP 	greenCircle: autoDraw = False
552.9870 	EXP 	redCrosss: autoDraw = False
553.7724 	EXP 	New trial (rep=10, index=6): <Trial 166 (6 in rep 10) data={'prime': 'The dog is barking loudly', 'target': 'The dog barking is loudly', 'condition': 'transposition_related', 'correctAns': 'right', 'thisN': 166, 'thisTrialN': 6, 'thisRepN': 10}>
553.7877 	EXP 	blank3_bg: autoDraw = False
553.7877 	EXP 	blank3_bg: autoDraw = False
553.7877 	EXP 	greenCircle: autoDraw = False
553.7877 	EXP 	redCrosss: autoDraw = False
553.7877 	EXP 	prime_text: height = np.float64(0.05)
553.7877 	EXP 	prime_text: height = np.float64(0.05)
553.7877 	EXP 	prime_text: height = np.float64(0.05)
553.7877 	EXP 	prime_text: text = 'The dog is barking loudly'
553.7877 	EXP 	target_text: height = np.float64(0.05)
553.7877 	EXP 	target_text: height = np.float64(0.05)
553.7877 	EXP 	target_text: height = np.float64(0.05)
553.7877 	EXP 	target_text: text = 'The dog barking is loudly'
553.7877 	EXP 	fix_text: autoDraw = True
554.0208 	EXP 	blank1_bg: autoDraw = True
554.0290 	EXP 	fix_text: autoDraw = False
554.2089 	EXP 	blank1_bg: autoDraw = False
554.2287 	EXP 	prime_text: autoDraw = True
554.4282 	EXP 	prime_text: autoDraw = False
554.4282 	EXP 	blank2_bg: autoDraw = True
554.5218 	INFO 	Keyboard events cleared
554.5217 	EXP 	blank2_bg: autoDraw = False
554.5217 	EXP 	target_text: autoDraw = True
555.0570 	EXP 	Device response: <KeyPress from None: t=555.0450106250064, value=right, duration=None>
555.0651 	DATA 	Keypress: right
555.0694 	EXP 	fix_text: autoDraw = False
555.0694 	EXP 	blank1_bg: autoDraw = False
555.0694 	EXP 	prime_text: autoDraw = False
555.0694 	EXP 	blank2_bg: autoDraw = False
555.0694 	EXP 	target_text: autoDraw = False
555.0694 	EXP 	greenCircle: autoDraw = True
555.0694 	EXP 	redCrosss: autoDraw = True
555.1456 	EXP 	Device response: <KeyPress from None: t=555.0450106250064, value=right, duration=0.09642437499132939>
555.2547 	EXP 	blank3_bg: autoDraw = True
555.2622 	EXP 	greenCircle: autoDraw = False
555.2622 	EXP 	redCrosss: autoDraw = False
556.0388 	EXP 	New trial (rep=10, index=7): <Trial 167 (7 in rep 10) data={'prime': 'The boy can read fast', 'target': 'The read can boy fast', 'condition': 'transposition_unrelated', 'correctAns': 'left', 'thisN': 167, 'thisTrialN': 7, 'thisRepN': 10}>
556.0528 	EXP 	blank3_bg: autoDraw = False
556.0528 	EXP 	blank3_bg: autoDraw = False
556.0528 	EXP 	greenCircle: autoDraw = False
556.0528 	EXP 	redCrosss: autoDraw = False
556.0528 	EXP 	prime_text: height = np.float64(0.05)
556.0528 	EXP 	prime_text: height = np.float64(0.05)
556.0528 	EXP 	prime_text: height = np.float64(0.05)
556.0528 	EXP 	prime_text: text = 'The boy can read fast'
556.0528 	EXP 	target_text: height = np.float64(0.05)
556.0528 	EXP 	target_text: height = np.float64(0.05)
556.0528 	EXP 	target_text: height = np.float64(0.05)
556.0528 	EXP 	target_text: text = 'The read can boy fast'
556.0572 	EXP 	fix_text: autoDraw = True
556.3052 	EXP 	fix_text: autoDraw = False
556.3052 	EXP 	blank1_bg: autoDraw = True
556.4931 	EXP 	blank1_bg: autoDraw = False
556.5050 	EXP 	prime_text: autoDraw = True
556.6940 	EXP 	prime_text: autoDraw = False
556.7052 	EXP 	blank2_bg: autoDraw = True
556.7930 	EXP 	blank2_bg: autoDraw = False
556.8053 	INFO 	Keyboard events cleared
556.8051 	EXP 	target_text: autoDraw = True
558.3565 	EXP 	Device response: <KeyPress from None: t=558.3520166250091, value=left, duration=None>
558.3645 	DATA 	Keypress: left
558.3687 	EXP 	fix_text: autoDraw = False
558.3687 	EXP 	blank1_bg: autoDraw = False
558.3687 	EXP 	prime_text: autoDraw = False
558.3687 	EXP 	blank2_bg: autoDraw = False
558.3687 	EXP 	target_text: autoDraw = False
558.3687 	EXP 	greenCircle: autoDraw = True
558.3687 	EXP 	redCrosss: autoDraw = True
558.4945 	EXP 	Device response: <KeyPress from None: t=558.3520166250091, value=left, duration=0.14033887498953845>
558.5536 	EXP 	blank3_bg: autoDraw = True
558.5605 	EXP 	greenCircle: autoDraw = False
558.5605 	EXP 	redCrosss: autoDraw = False
559.3392 	EXP 	New trial (rep=10, index=8): <Trial 168 (8 in rep 10) data={'prime': 'The dog is barking loudly', 'target': 'The barking dog loudly is', 'condition': 'transposition_unrelated', 'correctAns': 'left', 'thisN': 168, 'thisTrialN': 8, 'thisRepN': 10}>
559.3541 	EXP 	blank3_bg: autoDraw = False
559.3541 	EXP 	blank3_bg: autoDraw = False
559.3541 	EXP 	greenCircle: autoDraw = False
559.3541 	EXP 	redCrosss: autoDraw = False
559.3541 	EXP 	prime_text: height = np.float64(0.05)
559.3541 	EXP 	prime_text: height = np.float64(0.05)
559.3541 	EXP 	prime_text: height = np.float64(0.05)
559.3541 	EXP 	prime_text: text = 'The dog is barking loudly'
559.3541 	EXP 	target_text: height = np.float64(0.05)
559.3541 	EXP 	target_text: height = np.float64(0.05)
559.3541 	EXP 	target_text: height = np.float64(0.05)
559.3541 	EXP 	target_text: text = 'The barking dog loudly is'
559.3588 	EXP 	fix_text: autoDraw = True
559.6051 	EXP 	fix_text: autoDraw = False
559.6051 	EXP 	blank1_bg: autoDraw = True
559.8051 	EXP 	blank1_bg: autoDraw = False
559.8051 	EXP 	prime_text: autoDraw = True
559.9926 	EXP 	prime_text: autoDraw = False
560.0053 	EXP 	blank2_bg: autoDraw = True
560.0925 	EXP 	blank2_bg: autoDraw = False
560.1052 	INFO 	Keyboard events cleared
560.1050 	EXP 	target_text: autoDraw = True
561.6453 	EXP 	Device response: <KeyPress from None: t=561.6398050410062, value=left, duration=None>
561.6528 	DATA 	Keypress: left
561.6574 	EXP 	fix_text: autoDraw = False
561.6574 	EXP 	blank1_bg: autoDraw = False
561.6574 	EXP 	prime_text: autoDraw = False
561.6574 	EXP 	blank2_bg: autoDraw = False
561.6574 	EXP 	target_text: autoDraw = False
561.6574 	EXP 	greenCircle: autoDraw = True
561.6574 	EXP 	redCrosss: autoDraw = True
561.7901 	EXP 	Device response: <KeyPress from None: t=561.6398050410062, value=left, duration=0.1404177090007579>
561.8465 	EXP 	blank3_bg: autoDraw = True
561.8534 	EXP 	greenCircle: autoDraw = False
561.8534 	EXP 	redCrosss: autoDraw = False
562.6304 	EXP 	New trial (rep=10, index=9): <Trial 169 (9 in rep 10) data={'prime': 'She does not like apples', 'target': 'She does not like apples', 'condition': 'repetition_related', 'correctAns': 'right', 'thisN': 169, 'thisTrialN': 9, 'thisRepN': 10}>
562.6459 	EXP 	blank3_bg: autoDraw = False
562.6459 	EXP 	blank3_bg: autoDraw = False
562.6459 	EXP 	greenCircle: autoDraw = False
562.6459 	EXP 	redCrosss: autoDraw = False
562.6459 	EXP 	prime_text: height = np.float64(0.05)
562.6459 	EXP 	prime_text: height = np.float64(0.05)
562.6459 	EXP 	prime_text: height = np.float64(0.05)
562.6459 	EXP 	prime_text: text = 'She does not like apples'
562.6459 	EXP 	target_text: height = np.float64(0.05)
562.6459 	EXP 	target_text: height = np.float64(0.05)
562.6459 	EXP 	target_text: height = np.float64(0.05)
562.6459 	EXP 	target_text: text = 'She does not like apples'
562.6459 	EXP 	fix_text: autoDraw = True
562.8965 	EXP 	fix_text: autoDraw = False
562.8965 	EXP 	blank1_bg: autoDraw = True
563.0878 	EXP 	prime_text: autoDraw = True
563.0940 	EXP 	blank1_bg: autoDraw = False
563.2770 	EXP 	prime_text: autoDraw = False
563.2949 	EXP 	blank2_bg: autoDraw = True
563.3886 	INFO 	Keyboard events cleared
563.3884 	EXP 	blank2_bg: autoDraw = False
563.3884 	EXP 	target_text: autoDraw = True
564.0901 	EXP 	Device response: <KeyPress from None: t=564.0838010830048, value=right, duration=None>
564.0983 	DATA 	Keypress: right
564.1026 	EXP 	fix_text: autoDraw = False
564.1026 	EXP 	blank1_bg: autoDraw = False
564.1026 	EXP 	prime_text: autoDraw = False
564.1026 	EXP 	blank2_bg: autoDraw = False
564.1026 	EXP 	target_text: autoDraw = False
564.1026 	EXP 	greenCircle: autoDraw = True
564.1026 	EXP 	redCrosss: autoDraw = True
564.2070 	EXP 	Device response: <KeyPress from None: t=564.0838010830048, value=right, duration=0.11227562499698251>
564.2870 	EXP 	blank3_bg: autoDraw = True
564.2950 	EXP 	greenCircle: autoDraw = False
564.2950 	EXP 	redCrosss: autoDraw = False
565.0716 	EXP 	New trial (rep=10, index=10): <Trial 170 (10 in rep 10) data={'prime': 'The dog is barking loudly', 'target': 'The dog is barking loudly', 'condition': 'repetition_related', 'correctAns': 'right', 'thisN': 170, 'thisTrialN': 10, 'thisRepN': 10}>
565.0870 	EXP 	blank3_bg: autoDraw = False
565.0870 	EXP 	blank3_bg: autoDraw = False
565.0870 	EXP 	greenCircle: autoDraw = False
565.0870 	EXP 	redCrosss: autoDraw = False
565.0870 	EXP 	prime_text: height = np.float64(0.05)
565.0870 	EXP 	prime_text: height = np.float64(0.05)
565.0870 	EXP 	prime_text: height = np.float64(0.05)
565.0870 	EXP 	prime_text: text = 'The dog is barking loudly'
565.0870 	EXP 	target_text: height = np.float64(0.05)
565.0870 	EXP 	target_text: height = np.float64(0.05)
565.0870 	EXP 	target_text: height = np.float64(0.05)
565.0870 	EXP 	target_text: text = 'The dog is barking loudly'
565.0915 	EXP 	fix_text: autoDraw = True
565.3384 	EXP 	fix_text: autoDraw = False
565.3384 	EXP 	blank1_bg: autoDraw = True
565.5383 	EXP 	blank1_bg: autoDraw = False
565.5383 	EXP 	prime_text: autoDraw = True
565.7265 	EXP 	prime_text: autoDraw = False
565.7386 	EXP 	blank2_bg: autoDraw = True
565.8268 	EXP 	blank2_bg: autoDraw = False
565.8386 	INFO 	Keyboard events cleared
565.8384 	EXP 	target_text: autoDraw = True
566.6562 	EXP 	Device response: <KeyPress from None: t=566.6497826249979, value=left, duration=None>
566.6637 	DATA 	Keypress: left
566.6680 	EXP 	fix_text: autoDraw = False
566.6680 	EXP 	blank1_bg: autoDraw = False
566.6680 	EXP 	prime_text: autoDraw = False
566.6680 	EXP 	blank2_bg: autoDraw = False
566.6680 	EXP 	target_text: autoDraw = False
566.6680 	EXP 	greenCircle: autoDraw = True
566.6680 	EXP 	redCrosss: autoDraw = True
566.7565 	EXP 	Device response: <KeyPress from None: t=566.6497826249979, value=left, duration=0.10042558300483506>
566.8536 	EXP 	blank3_bg: autoDraw = True
566.8606 	EXP 	greenCircle: autoDraw = False
566.8606 	EXP 	redCrosss: autoDraw = False
567.6375 	EXP 	New trial (rep=10, index=11): <Trial 171 (11 in rep 10) data={'prime': 'She does not like apples', 'target': 'She not does like apples', 'condition': 'transposition_related', 'correctAns': 'right', 'thisN': 171, 'thisTrialN': 11, 'thisRepN': 10}>
567.6519 	EXP 	blank3_bg: autoDraw = False
567.6519 	EXP 	blank3_bg: autoDraw = False
567.6519 	EXP 	greenCircle: autoDraw = False
567.6519 	EXP 	redCrosss: autoDraw = False
567.6519 	EXP 	prime_text: height = np.float64(0.05)
567.6519 	EXP 	prime_text: height = np.float64(0.05)
567.6519 	EXP 	prime_text: height = np.float64(0.05)
567.6519 	EXP 	prime_text: text = 'She does not like apples'
567.6519 	EXP 	target_text: height = np.float64(0.05)
567.6519 	EXP 	target_text: height = np.float64(0.05)
567.6519 	EXP 	target_text: height = np.float64(0.05)
567.6519 	EXP 	target_text: text = 'She not does like apples'
567.6565 	EXP 	fix_text: autoDraw = True
567.9051 	EXP 	fix_text: autoDraw = False
567.9051 	EXP 	blank1_bg: autoDraw = True
568.0922 	EXP 	blank1_bg: autoDraw = False
568.1052 	EXP 	prime_text: autoDraw = True
568.2931 	EXP 	prime_text: autoDraw = False
568.3052 	EXP 	blank2_bg: autoDraw = True
568.3932 	EXP 	blank2_bg: autoDraw = False
568.4054 	INFO 	Keyboard events cleared
568.4051 	EXP 	target_text: autoDraw = True
569.6458 	EXP 	Device response: <KeyPress from None: t=569.6436525830068, value=left, duration=None>
569.6534 	DATA 	Keypress: left
569.6576 	EXP 	fix_text: autoDraw = False
569.6576 	EXP 	blank1_bg: autoDraw = False
569.6576 	EXP 	prime_text: autoDraw = False
569.6576 	EXP 	blank2_bg: autoDraw = False
569.6576 	EXP 	target_text: autoDraw = False
569.6576 	EXP 	greenCircle: autoDraw = True
569.6576 	EXP 	redCrosss: autoDraw = True
569.7232 	EXP 	Device response: <KeyPress from None: t=569.6436525830068, value=left, duration=0.06838554199202918>
569.8476 	EXP 	blank3_bg: autoDraw = True
569.8536 	EXP 	greenCircle: autoDraw = False
569.8536 	EXP 	redCrosss: autoDraw = False
570.6393 	EXP 	New trial (rep=10, index=12): <Trial 172 (12 in rep 10) data={'prime': 'She does not like apples', 'target': 'She like does apples not', 'condition': 'transposition_unrelated', 'correctAns': 'left', 'thisN': 172, 'thisTrialN': 12, 'thisRepN': 10}>
570.6505 	EXP 	blank3_bg: autoDraw = False
570.6505 	EXP 	blank3_bg: autoDraw = False
570.6505 	EXP 	greenCircle: autoDraw = False
570.6505 	EXP 	redCrosss: autoDraw = False
570.6505 	EXP 	prime_text: text = 'She does not like apples'
570.6505 	EXP 	target_text: height = np.float64(0.05)
570.6505 	EXP 	target_text: height = np.float64(0.05)
570.6505 	EXP 	target_text: height = np.float64(0.05)
570.6505 	EXP 	target_text: text = 'She like does apples not'
570.6505 	EXP 	fix_text: autoDraw = True
570.8967 	EXP 	fix_text: autoDraw = False
570.8967 	EXP 	blank1_bg: autoDraw = True
571.0868 	EXP 	prime_text: autoDraw = True
571.0915 	EXP 	blank1_bg: autoDraw = False
571.2773 	EXP 	prime_text: autoDraw = False
571.2943 	EXP 	blank2_bg: autoDraw = True
571.3883 	EXP 	blank2_bg: autoDraw = False
571.3951 	INFO 	Keyboard events cleared
571.3949 	EXP 	target_text: autoDraw = True
572.3292 	EXP 	Device response: <KeyPress from None: t=572.3235657500045, value=left, duration=None>
572.3366 	DATA 	Keypress: left
572.3409 	EXP 	fix_text: autoDraw = False
572.3409 	EXP 	blank1_bg: autoDraw = False
572.3409 	EXP 	prime_text: autoDraw = False
572.3409 	EXP 	blank2_bg: autoDraw = False
572.3409 	EXP 	target_text: autoDraw = False
572.3409 	EXP 	greenCircle: autoDraw = True
572.3409 	EXP 	redCrosss: autoDraw = True
572.4233 	EXP 	Device response: <KeyPress from None: t=572.3235657500045, value=left, duration=0.09632850000343751>
572.5301 	EXP 	blank3_bg: autoDraw = True
572.5369 	EXP 	greenCircle: autoDraw = False
572.5369 	EXP 	redCrosss: autoDraw = False
573.3137 	EXP 	New trial (rep=10, index=13): <Trial 173 (13 in rep 10) data={'prime': 'The dog is barking loudly', 'target': 'The loudly is barking dog', 'condition': 'repetition_unrelated', 'correctAns': 'left', 'thisN': 173, 'thisTrialN': 13, 'thisRepN': 10}>
573.3288 	EXP 	blank3_bg: autoDraw = False
573.3288 	EXP 	blank3_bg: autoDraw = False
573.3288 	EXP 	greenCircle: autoDraw = False
573.3288 	EXP 	redCrosss: autoDraw = False
573.3288 	EXP 	prime_text: height = np.float64(0.05)
573.3288 	EXP 	prime_text: height = np.float64(0.05)
573.3288 	EXP 	prime_text: height = np.float64(0.05)
573.3288 	EXP 	prime_text: text = 'The dog is barking loudly'
573.3288 	EXP 	target_text: height = np.float64(0.05)
573.3288 	EXP 	target_text: height = np.float64(0.05)
573.3288 	EXP 	target_text: height = np.float64(0.05)
573.3288 	EXP 	target_text: text = 'The loudly is barking dog'
573.3288 	EXP 	fix_text: autoDraw = True
573.5798 	EXP 	fix_text: autoDraw = False
573.5798 	EXP 	blank1_bg: autoDraw = True
573.7707 	EXP 	blank1_bg: autoDraw = False
573.7707 	EXP 	prime_text: autoDraw = True
573.9599 	EXP 	prime_text: autoDraw = False
573.9782 	EXP 	blank2_bg: autoDraw = True
574.0717 	EXP 	blank2_bg: autoDraw = False
574.0783 	INFO 	Keyboard events cleared
574.0781 	EXP 	target_text: autoDraw = True
575.0289 	EXP 	Device response: <KeyPress from None: t=575.0255132910097, value=left, duration=None>
575.0365 	DATA 	Keypress: left
575.0409 	EXP 	fix_text: autoDraw = False
575.0409 	EXP 	blank1_bg: autoDraw = False
575.0409 	EXP 	prime_text: autoDraw = False
575.0409 	EXP 	blank2_bg: autoDraw = False
575.0409 	EXP 	target_text: autoDraw = False
575.0409 	EXP 	greenCircle: autoDraw = True
575.0409 	EXP 	redCrosss: autoDraw = True
575.1118 	EXP 	Device response: <KeyPress from None: t=575.0255132910097, value=left, duration=0.08439866699336562>
575.2318 	EXP 	blank3_bg: autoDraw = True
575.2376 	EXP 	greenCircle: autoDraw = False
575.2376 	EXP 	redCrosss: autoDraw = False
576.0224 	EXP 	New trial (rep=10, index=14): <Trial 174 (14 in rep 10) data={'prime': 'The boy can read fast', 'target': 'The read can boy fast', 'condition': 'repetition_unrelated', 'correctAns': 'left', 'thisN': 174, 'thisTrialN': 14, 'thisRepN': 10}>
576.0370 	EXP 	blank3_bg: autoDraw = False
576.0370 	EXP 	blank3_bg: autoDraw = False
576.0370 	EXP 	greenCircle: autoDraw = False
576.0370 	EXP 	redCrosss: autoDraw = False
576.0370 	EXP 	prime_text: height = np.float64(0.05)
576.0370 	EXP 	prime_text: height = np.float64(0.05)
576.0370 	EXP 	prime_text: height = np.float64(0.05)
576.0370 	EXP 	prime_text: text = 'The boy can read fast'
576.0370 	EXP 	target_text: height = np.float64(0.05)
576.0370 	EXP 	target_text: height = np.float64(0.05)
576.0370 	EXP 	target_text: height = np.float64(0.05)
576.0370 	EXP 	target_text: text = 'The read can boy fast'
576.0370 	EXP 	fix_text: autoDraw = True
576.2797 	EXP 	fix_text: autoDraw = False
576.2797 	EXP 	blank1_bg: autoDraw = True
576.4717 	EXP 	blank1_bg: autoDraw = False
576.4717 	EXP 	prime_text: autoDraw = True
576.6587 	EXP 	prime_text: autoDraw = False
576.6774 	EXP 	blank2_bg: autoDraw = True
576.7716 	EXP 	blank2_bg: autoDraw = False
576.7778 	INFO 	Keyboard events cleared
576.7776 	EXP 	target_text: autoDraw = True
578.0730 	EXP 	Device response: <KeyPress from None: t=578.062466000003, value=left, duration=None>
578.0805 	DATA 	Keypress: left
578.0847 	EXP 	fix_text: autoDraw = False
578.0847 	EXP 	blank1_bg: autoDraw = False
578.0847 	EXP 	prime_text: autoDraw = False
578.0847 	EXP 	blank2_bg: autoDraw = False
578.0847 	EXP 	target_text: autoDraw = False
578.0847 	EXP 	greenCircle: autoDraw = True
578.0847 	EXP 	redCrosss: autoDraw = True
578.1734 	EXP 	Device response: <KeyPress from None: t=578.062466000003, value=left, duration=0.10843970799760427>
578.2702 	EXP 	blank3_bg: autoDraw = True
578.2764 	EXP 	greenCircle: autoDraw = False
578.2764 	EXP 	redCrosss: autoDraw = False
579.0559 	EXP 	New trial (rep=10, index=15): <Trial 175 (15 in rep 10) data={'prime': 'They have finished the work', 'target': 'They work the have finished', 'condition': 'transposition_unrelated', 'correctAns': 'left', 'thisN': 175, 'thisTrialN': 15, 'thisRepN': 10}>
579.0712 	EXP 	blank3_bg: autoDraw = False
579.0712 	EXP 	blank3_bg: autoDraw = False
579.0712 	EXP 	greenCircle: autoDraw = False
579.0712 	EXP 	redCrosss: autoDraw = False
579.0712 	EXP 	prime_text: height = np.float64(0.05)
579.0712 	EXP 	prime_text: height = np.float64(0.05)
579.0712 	EXP 	prime_text: height = np.float64(0.05)
579.0712 	EXP 	prime_text: text = 'They have finished the work'
579.0712 	EXP 	target_text: height = np.float64(0.05)
579.0712 	EXP 	target_text: height = np.float64(0.05)
579.0712 	EXP 	target_text: height = np.float64(0.05)
579.0712 	EXP 	target_text: text = 'They work the have finished'
579.0756 	EXP 	fix_text: autoDraw = True
579.3216 	EXP 	fix_text: autoDraw = False
579.3216 	EXP 	blank1_bg: autoDraw = True
579.5216 	EXP 	blank1_bg: autoDraw = False
579.5216 	EXP 	prime_text: autoDraw = True
579.7103 	EXP 	prime_text: autoDraw = False
579.7218 	EXP 	blank2_bg: autoDraw = True
579.8102 	EXP 	blank2_bg: autoDraw = False
579.8220 	INFO 	Keyboard events cleared
579.8218 	EXP 	target_text: autoDraw = True
580.8290 	EXP 	Device response: <KeyPress from None: t=580.8263839160063, value=left, duration=None>
580.8365 	DATA 	Keypress: left
580.8408 	EXP 	fix_text: autoDraw = False
580.8408 	EXP 	blank1_bg: autoDraw = False
580.8408 	EXP 	prime_text: autoDraw = False
580.8408 	EXP 	blank2_bg: autoDraw = False
580.8408 	EXP 	target_text: autoDraw = False
580.8408 	EXP 	greenCircle: autoDraw = True
580.8408 	EXP 	redCrosss: autoDraw = True
580.9062 	EXP 	Device response: <KeyPress from None: t=580.8263839160063, value=left, duration=0.06837095899390988>
581.0310 	EXP 	blank3_bg: autoDraw = True
581.0372 	EXP 	greenCircle: autoDraw = False
581.0372 	EXP 	redCrosss: autoDraw = False
581.8225 	EXP 	New trial (rep=11, index=0): <Trial 176 (0 in rep 11) data={'prime': 'The dog is barking loudly', 'target': 'The loudly is barking dog', 'condition': 'repetition_unrelated', 'correctAns': 'left', 'thisN': 176, 'thisTrialN': 0, 'thisRepN': 11}>
581.8389 	EXP 	blank3_bg: autoDraw = False
581.8389 	EXP 	blank3_bg: autoDraw = False
581.8389 	EXP 	greenCircle: autoDraw = False
581.8389 	EXP 	redCrosss: autoDraw = False
581.8389 	EXP 	prime_text: height = np.float64(0.05)
581.8389 	EXP 	prime_text: height = np.float64(0.05)
581.8389 	EXP 	prime_text: height = np.float64(0.05)
581.8389 	EXP 	prime_text: text = 'The dog is barking loudly'
581.8389 	EXP 	target_text: height = np.float64(0.05)
581.8389 	EXP 	target_text: height = np.float64(0.05)
581.8389 	EXP 	target_text: height = np.float64(0.05)
581.8389 	EXP 	target_text: text = 'The loudly is barking dog'
581.8389 	EXP 	fix_text: autoDraw = True
582.0801 	EXP 	fix_text: autoDraw = False
582.0801 	EXP 	blank1_bg: autoDraw = True
582.2779 	EXP 	blank1_bg: autoDraw = False
582.2779 	EXP 	prime_text: autoDraw = True
582.4719 	EXP 	prime_text: autoDraw = False
582.4778 	EXP 	blank2_bg: autoDraw = True
582.5718 	EXP 	blank2_bg: autoDraw = False
582.5782 	INFO 	Keyboard events cleared
582.5780 	EXP 	target_text: autoDraw = True
583.6290 	EXP 	Device response: <KeyPress from None: t=583.6253627080005, value=left, duration=None>
583.6366 	DATA 	Keypress: left
583.6408 	EXP 	fix_text: autoDraw = False
583.6408 	EXP 	blank1_bg: autoDraw = False
583.6408 	EXP 	prime_text: autoDraw = False
583.6408 	EXP 	blank2_bg: autoDraw = False
583.6408 	EXP 	target_text: autoDraw = False
583.6408 	EXP 	greenCircle: autoDraw = True
583.6408 	EXP 	redCrosss: autoDraw = True
583.7069 	EXP 	Device response: <KeyPress from None: t=583.6253627080005, value=left, duration=0.07633837500179652>
583.8305 	EXP 	blank3_bg: autoDraw = True
583.8369 	EXP 	greenCircle: autoDraw = False
583.8369 	EXP 	redCrosss: autoDraw = False
584.6226 	EXP 	New trial (rep=11, index=1): <Trial 177 (1 in rep 11) data={'prime': 'The dog is barking loudly', 'target': 'The dog barking is loudly', 'condition': 'transposition_related', 'correctAns': 'right', 'thisN': 177, 'thisTrialN': 1, 'thisRepN': 11}>
584.6340 	EXP 	blank3_bg: autoDraw = False
584.6340 	EXP 	blank3_bg: autoDraw = False
584.6340 	EXP 	greenCircle: autoDraw = False
584.6340 	EXP 	redCrosss: autoDraw = False
584.6340 	EXP 	prime_text: text = 'The dog is barking loudly'
584.6340 	EXP 	target_text: height = np.float64(0.05)
584.6340 	EXP 	target_text: height = np.float64(0.05)
584.6340 	EXP 	target_text: height = np.float64(0.05)
584.6340 	EXP 	target_text: text = 'The dog barking is loudly'
584.6340 	EXP 	fix_text: autoDraw = True
584.8798 	EXP 	fix_text: autoDraw = False
584.8798 	EXP 	blank1_bg: autoDraw = True
585.0716 	EXP 	blank1_bg: autoDraw = False
585.0716 	EXP 	prime_text: autoDraw = True
585.2599 	EXP 	prime_text: autoDraw = False
585.2783 	EXP 	blank2_bg: autoDraw = True
585.3794 	INFO 	Keyboard events cleared
585.3793 	EXP 	blank2_bg: autoDraw = False
585.3793 	EXP 	target_text: autoDraw = True
586.2401 	EXP 	Device response: <KeyPress from None: t=586.2363484579982, value=right, duration=None>
586.2484 	DATA 	Keypress: right
586.2527 	EXP 	fix_text: autoDraw = False
586.2527 	EXP 	blank1_bg: autoDraw = False
586.2527 	EXP 	prime_text: autoDraw = False
586.2527 	EXP 	blank2_bg: autoDraw = False
586.2527 	EXP 	target_text: autoDraw = False
586.2527 	EXP 	greenCircle: autoDraw = True
586.2527 	EXP 	redCrosss: autoDraw = True
586.3402 	EXP 	Device response: <KeyPress from None: t=586.2363484579982, value=right, duration=0.10036579200823326>
586.4378 	EXP 	blank3_bg: autoDraw = True
586.4450 	EXP 	greenCircle: autoDraw = False
586.4450 	EXP 	redCrosss: autoDraw = False
587.2222 	EXP 	New trial (rep=11, index=2): <Trial 178 (2 in rep 11) data={'prime': 'They have finished the work', 'target': 'They finished have the work', 'condition': 'repetition_unrelated', 'correctAns': 'left', 'thisN': 178, 'thisTrialN': 2, 'thisRepN': 11}>
587.2368 	EXP 	blank3_bg: autoDraw = False
587.2368 	EXP 	blank3_bg: autoDraw = False
587.2368 	EXP 	greenCircle: autoDraw = False
587.2368 	EXP 	redCrosss: autoDraw = False
587.2368 	EXP 	prime_text: height = np.float64(0.05)
587.2368 	EXP 	prime_text: height = np.float64(0.05)
587.2368 	EXP 	prime_text: height = np.float64(0.05)
587.2368 	EXP 	prime_text: text = 'They have finished the work'
587.2368 	EXP 	target_text: height = np.float64(0.05)
587.2368 	EXP 	target_text: height = np.float64(0.05)
587.2368 	EXP 	target_text: height = np.float64(0.05)
587.2368 	EXP 	target_text: text = 'They finished have the work'
587.2413 	EXP 	fix_text: autoDraw = True
587.4884 	EXP 	fix_text: autoDraw = False
587.4884 	EXP 	blank1_bg: autoDraw = True
587.6884 	EXP 	blank1_bg: autoDraw = False
587.6884 	EXP 	prime_text: autoDraw = True
587.8765 	EXP 	prime_text: autoDraw = False
587.8887 	EXP 	blank2_bg: autoDraw = True
587.9767 	EXP 	blank2_bg: autoDraw = False
587.9886 	INFO 	Keyboard events cleared
587.9884 	EXP 	target_text: autoDraw = True
589.2896 	EXP 	Device response: <KeyPress from None: t=589.2792542910029, value=left, duration=None>
589.2971 	DATA 	Keypress: left
589.3014 	EXP 	fix_text: autoDraw = False
589.3014 	EXP 	blank1_bg: autoDraw = False
589.3014 	EXP 	prime_text: autoDraw = False
589.3014 	EXP 	blank2_bg: autoDraw = False
589.3014 	EXP 	target_text: autoDraw = False
589.3014 	EXP 	greenCircle: autoDraw = True
589.3014 	EXP 	redCrosss: autoDraw = True
589.4065 	EXP 	Device response: <KeyPress from None: t=589.2792542910029, value=left, duration=0.11621837499842513>
589.4873 	EXP 	blank3_bg: autoDraw = True
589.4956 	EXP 	greenCircle: autoDraw = False
589.4956 	EXP 	redCrosss: autoDraw = False
590.2728 	EXP 	New trial (rep=11, index=3): <Trial 179 (3 in rep 11) data={'prime': 'The dog is barking loudly', 'target': 'The dog is barking loudly', 'condition': 'repetition_related', 'correctAns': 'right', 'thisN': 179, 'thisTrialN': 3, 'thisRepN': 11}>
590.2881 	EXP 	blank3_bg: autoDraw = False
590.2881 	EXP 	blank3_bg: autoDraw = False
590.2881 	EXP 	greenCircle: autoDraw = False
590.2881 	EXP 	redCrosss: autoDraw = False
590.2881 	EXP 	prime_text: height = np.float64(0.05)
590.2881 	EXP 	prime_text: height = np.float64(0.05)
590.2881 	EXP 	prime_text: height = np.float64(0.05)
590.2881 	EXP 	prime_text: text = 'The dog is barking loudly'
590.2881 	EXP 	target_text: height = np.float64(0.05)
590.2881 	EXP 	target_text: height = np.float64(0.05)
590.2881 	EXP 	target_text: height = np.float64(0.05)
590.2881 	EXP 	target_text: text = 'The dog is barking loudly'
590.2926 	EXP 	fix_text: autoDraw = True
590.5382 	EXP 	fix_text: autoDraw = False
590.5382 	EXP 	blank1_bg: autoDraw = True
590.7384 	EXP 	blank1_bg: autoDraw = False
590.7384 	EXP 	prime_text: autoDraw = True
590.9266 	EXP 	prime_text: autoDraw = False
590.9383 	EXP 	blank2_bg: autoDraw = True
591.0266 	EXP 	blank2_bg: autoDraw = False
591.0387 	INFO 	Keyboard events cleared
591.0384 	EXP 	target_text: autoDraw = True
591.7456 	EXP 	Device response: <KeyPress from None: t=591.741210082997, value=right, duration=None>
591.7528 	DATA 	Keypress: right
591.7575 	EXP 	fix_text: autoDraw = False
591.7575 	EXP 	blank1_bg: autoDraw = False
591.7575 	EXP 	prime_text: autoDraw = False
591.7575 	EXP 	blank2_bg: autoDraw = False
591.7575 	EXP 	target_text: autoDraw = False
591.7575 	EXP 	greenCircle: autoDraw = True
591.7575 	EXP 	redCrosss: autoDraw = True
591.8953 	EXP 	Device response: <KeyPress from None: t=591.741210082997, value=right, duration=0.14829545799875632>
591.9475 	EXP 	blank3_bg: autoDraw = True
591.9535 	EXP 	greenCircle: autoDraw = False
591.9535 	EXP 	redCrosss: autoDraw = False
592.7377 	EXP 	New trial (rep=11, index=4): <Trial 180 (4 in rep 11) data={'prime': 'She does not like apples', 'target': 'She not does like apples', 'condition': 'transposition_related', 'correctAns': 'right', 'thisN': 180, 'thisTrialN': 4, 'thisRepN': 11}>
592.7518 	EXP 	blank3_bg: autoDraw = False
592.7518 	EXP 	blank3_bg: autoDraw = False
592.7518 	EXP 	greenCircle: autoDraw = False
592.7518 	EXP 	redCrosss: autoDraw = False
592.7518 	EXP 	prime_text: height = np.float64(0.05)
592.7518 	EXP 	prime_text: height = np.float64(0.05)
592.7518 	EXP 	prime_text: height = np.float64(0.05)
592.7518 	EXP 	prime_text: text = 'She does not like apples'
592.7518 	EXP 	target_text: height = np.float64(0.05)
592.7518 	EXP 	target_text: height = np.float64(0.05)
592.7518 	EXP 	target_text: height = np.float64(0.05)
592.7518 	EXP 	target_text: text = 'She not does like apples'
592.7518 	EXP 	fix_text: autoDraw = True
592.9964 	EXP 	fix_text: autoDraw = False
592.9964 	EXP 	blank1_bg: autoDraw = True
593.1937 	EXP 	blank1_bg: autoDraw = False
593.1937 	EXP 	prime_text: autoDraw = True
593.3883 	EXP 	prime_text: autoDraw = False
593.3941 	EXP 	blank2_bg: autoDraw = True
593.4882 	EXP 	blank2_bg: autoDraw = False
593.4949 	INFO 	Keyboard events cleared
593.4948 	EXP 	target_text: autoDraw = True
594.3735 	EXP 	Device response: <KeyPress from None: t=594.3711848329986, value=left, duration=None>
594.3815 	DATA 	Keypress: left
594.3857 	EXP 	fix_text: autoDraw = False
594.3857 	EXP 	blank1_bg: autoDraw = False
594.3857 	EXP 	prime_text: autoDraw = False
594.3857 	EXP 	blank2_bg: autoDraw = False
594.3857 	EXP 	target_text: autoDraw = False
594.3857 	EXP 	greenCircle: autoDraw = True
594.3857 	EXP 	redCrosss: autoDraw = True
594.4396 	EXP 	Device response: <KeyPress from None: t=594.3711848329986, value=left, duration=0.060309917011181824>
594.5711 	EXP 	blank3_bg: autoDraw = True
594.5785 	EXP 	greenCircle: autoDraw = False
594.5785 	EXP 	redCrosss: autoDraw = False
595.3547 	EXP 	New trial (rep=11, index=5): <Trial 181 (5 in rep 11) data={'prime': 'They have finished the work', 'target': 'They have finished the work', 'condition': 'repetition_related', 'correctAns': 'right', 'thisN': 181, 'thisTrialN': 5, 'thisRepN': 11}>
595.3701 	EXP 	blank3_bg: autoDraw = False
595.3701 	EXP 	blank3_bg: autoDraw = False
595.3701 	EXP 	greenCircle: autoDraw = False
595.3701 	EXP 	redCrosss: autoDraw = False
595.3701 	EXP 	prime_text: height = np.float64(0.05)
595.3701 	EXP 	prime_text: height = np.float64(0.05)
595.3701 	EXP 	prime_text: height = np.float64(0.05)
595.3701 	EXP 	prime_text: text = 'They have finished the work'
595.3701 	EXP 	target_text: height = np.float64(0.05)
595.3701 	EXP 	target_text: height = np.float64(0.05)
595.3701 	EXP 	target_text: height = np.float64(0.05)
595.3701 	EXP 	target_text: text = 'They have finished the work'
595.3747 	EXP 	fix_text: autoDraw = True
595.6217 	EXP 	fix_text: autoDraw = False
595.6217 	EXP 	blank1_bg: autoDraw = True
595.8106 	EXP 	blank1_bg: autoDraw = False
595.8215 	EXP 	prime_text: autoDraw = True
596.0101 	EXP 	prime_text: autoDraw = False
596.0219 	EXP 	blank2_bg: autoDraw = True
596.1099 	EXP 	blank2_bg: autoDraw = False
596.1219 	INFO 	Keyboard events cleared
596.1217 	EXP 	target_text: autoDraw = True
597.6570 	EXP 	Device response: <KeyPress from None: t=597.6539917909977, value=right, duration=None>
597.6649 	DATA 	Keypress: right
597.6691 	EXP 	fix_text: autoDraw = False
597.6691 	EXP 	blank1_bg: autoDraw = False
597.6691 	EXP 	prime_text: autoDraw = False
597.6691 	EXP 	blank2_bg: autoDraw = False
597.6691 	EXP 	target_text: autoDraw = False
597.6691 	EXP 	greenCircle: autoDraw = True
597.6691 	EXP 	redCrosss: autoDraw = True
597.7730 	EXP 	Device response: <KeyPress from None: t=597.6539917909977, value=right, duration=0.11247775000811089>
597.8550 	EXP 	blank3_bg: autoDraw = True
597.8631 	EXP 	greenCircle: autoDraw = False
597.8631 	EXP 	redCrosss: autoDraw = False
598.6390 	EXP 	New trial (rep=11, index=6): <Trial 182 (6 in rep 11) data={'prime': 'They have finished the work', 'target': 'They finished have the work', 'condition': 'transposition_related', 'correctAns': 'right', 'thisN': 182, 'thisTrialN': 6, 'thisRepN': 11}>
598.6494 	EXP 	blank3_bg: autoDraw = False
598.6494 	EXP 	blank3_bg: autoDraw = False
598.6494 	EXP 	greenCircle: autoDraw = False
598.6494 	EXP 	redCrosss: autoDraw = False
598.6494 	EXP 	prime_text: text = 'They have finished the work'
598.6494 	EXP 	target_text: height = np.float64(0.05)
598.6494 	EXP 	target_text: height = np.float64(0.05)
598.6494 	EXP 	target_text: height = np.float64(0.05)
598.6494 	EXP 	target_text: text = 'They finished have the work'
598.6537 	EXP 	fix_text: autoDraw = True
598.8923 	EXP 	fix_text: autoDraw = False
598.9050 	EXP 	blank1_bg: autoDraw = True
599.1037 	EXP 	blank1_bg: autoDraw = False
599.1037 	EXP 	prime_text: autoDraw = True
599.2936 	EXP 	prime_text: autoDraw = False
599.3050 	EXP 	blank2_bg: autoDraw = True
599.3924 	EXP 	blank2_bg: autoDraw = False
599.4052 	INFO 	Keyboard events cleared
599.4050 	EXP 	target_text: autoDraw = True
600.0903 	EXP 	Device response: <KeyPress from None: t=600.0829552079958, value=right, duration=None>
600.0988 	DATA 	Keypress: right
600.1031 	EXP 	fix_text: autoDraw = False
600.1031 	EXP 	blank1_bg: autoDraw = False
600.1031 	EXP 	prime_text: autoDraw = False
600.1031 	EXP 	blank2_bg: autoDraw = False
600.1031 	EXP 	target_text: autoDraw = False
600.1031 	EXP 	greenCircle: autoDraw = True
600.1031 	EXP 	redCrosss: autoDraw = True
600.1900 	EXP 	Device response: <KeyPress from None: t=600.0829552079958, value=right, duration=0.10042158300348092>
600.2883 	EXP 	blank3_bg: autoDraw = True
600.2960 	EXP 	greenCircle: autoDraw = False
600.2960 	EXP 	redCrosss: autoDraw = False
601.0718 	EXP 	New trial (rep=11, index=7): <Trial 183 (7 in rep 11) data={'prime': 'The dog is barking loudly', 'target': 'The barking dog loudly is', 'condition': 'transposition_unrelated', 'correctAns': 'left', 'thisN': 183, 'thisTrialN': 7, 'thisRepN': 11}>
601.0863 	EXP 	blank3_bg: autoDraw = False
601.0863 	EXP 	blank3_bg: autoDraw = False
601.0863 	EXP 	greenCircle: autoDraw = False
601.0863 	EXP 	redCrosss: autoDraw = False
601.0863 	EXP 	prime_text: height = np.float64(0.05)
601.0863 	EXP 	prime_text: height = np.float64(0.05)
601.0863 	EXP 	prime_text: height = np.float64(0.05)
601.0863 	EXP 	prime_text: text = 'The dog is barking loudly'
601.0863 	EXP 	target_text: height = np.float64(0.05)
601.0863 	EXP 	target_text: height = np.float64(0.05)
601.0863 	EXP 	target_text: height = np.float64(0.05)
601.0863 	EXP 	target_text: text = 'The barking dog loudly is'
601.0909 	EXP 	fix_text: autoDraw = True
601.3381 	EXP 	fix_text: autoDraw = False
601.3381 	EXP 	blank1_bg: autoDraw = True
601.5383 	EXP 	blank1_bg: autoDraw = False
601.5383 	EXP 	prime_text: autoDraw = True
601.7265 	EXP 	prime_text: autoDraw = False
601.7379 	EXP 	blank2_bg: autoDraw = True
601.8269 	EXP 	blank2_bg: autoDraw = False
601.8387 	INFO 	Keyboard events cleared
601.8384 	EXP 	target_text: autoDraw = True
602.9563 	EXP 	Device response: <KeyPress from None: t=602.9479196250031, value=left, duration=None>
602.9641 	DATA 	Keypress: left
602.9684 	EXP 	fix_text: autoDraw = False
602.9684 	EXP 	blank1_bg: autoDraw = False
602.9684 	EXP 	prime_text: autoDraw = False
602.9684 	EXP 	blank2_bg: autoDraw = False
602.9684 	EXP 	target_text: autoDraw = False
602.9684 	EXP 	greenCircle: autoDraw = True
602.9684 	EXP 	redCrosss: autoDraw = True
603.0228 	EXP 	Device response: <KeyPress from None: t=602.9479196250031, value=left, duration=0.07231800000590738>
603.1549 	EXP 	blank3_bg: autoDraw = True
603.1623 	EXP 	greenCircle: autoDraw = False
603.1623 	EXP 	redCrosss: autoDraw = False
603.9441 	EXP 	New trial (rep=11, index=8): <Trial 184 (8 in rep 11) data={'prime': 'She does not like apples', 'target': 'She like does apples not', 'condition': 'transposition_unrelated', 'correctAns': 'left', 'thisN': 184, 'thisTrialN': 8, 'thisRepN': 11}>
603.9574 	EXP 	blank3_bg: autoDraw = False
603.9574 	EXP 	blank3_bg: autoDraw = False
603.9574 	EXP 	greenCircle: autoDraw = False
603.9574 	EXP 	redCrosss: autoDraw = False
603.9574 	EXP 	prime_text: height = np.float64(0.05)
603.9574 	EXP 	prime_text: height = np.float64(0.05)
603.9574 	EXP 	prime_text: height = np.float64(0.05)
603.9574 	EXP 	prime_text: text = 'She does not like apples'
603.9574 	EXP 	target_text: height = np.float64(0.05)
603.9574 	EXP 	target_text: height = np.float64(0.05)
603.9574 	EXP 	target_text: height = np.float64(0.05)
603.9574 	EXP 	target_text: text = 'She like does apples not'
603.9574 	EXP 	fix_text: autoDraw = True
604.2050 	EXP 	fix_text: autoDraw = False
604.2050 	EXP 	blank1_bg: autoDraw = True
604.3915 	EXP 	blank1_bg: autoDraw = False
604.4050 	EXP 	prime_text: autoDraw = True
604.5936 	EXP 	prime_text: autoDraw = False
604.6050 	EXP 	blank2_bg: autoDraw = True
604.6934 	EXP 	blank2_bg: autoDraw = False
604.7052 	INFO 	Keyboard events cleared
604.7050 	EXP 	target_text: autoDraw = True
605.8109 	EXP 	Device response: <KeyPress from None: t=605.8068397909956, value=left, duration=None>
605.8190 	DATA 	Keypress: left
605.8242 	EXP 	fix_text: autoDraw = False
605.8242 	EXP 	blank1_bg: autoDraw = False
605.8242 	EXP 	prime_text: autoDraw = False
605.8242 	EXP 	blank2_bg: autoDraw = False
605.8242 	EXP 	target_text: autoDraw = False
605.8242 	EXP 	greenCircle: autoDraw = True
605.8242 	EXP 	redCrosss: autoDraw = True
605.9055 	EXP 	Device response: <KeyPress from None: t=605.8068397909956, value=left, duration=0.08822983400023077>
606.0119 	EXP 	blank3_bg: autoDraw = True
606.0205 	EXP 	greenCircle: autoDraw = False
606.0205 	EXP 	redCrosss: autoDraw = False
606.8057 	EXP 	New trial (rep=11, index=9): <Trial 185 (9 in rep 11) data={'prime': 'The boy can read fast', 'target': 'The read can boy fast', 'condition': 'transposition_unrelated', 'correctAns': 'left', 'thisN': 185, 'thisTrialN': 9, 'thisRepN': 11}>
606.8212 	EXP 	blank3_bg: autoDraw = False
606.8212 	EXP 	blank3_bg: autoDraw = False
606.8212 	EXP 	greenCircle: autoDraw = False
606.8212 	EXP 	redCrosss: autoDraw = False
606.8212 	EXP 	prime_text: height = np.float64(0.05)
606.8212 	EXP 	prime_text: height = np.float64(0.05)
606.8212 	EXP 	prime_text: height = np.float64(0.05)
606.8212 	EXP 	prime_text: text = 'The boy can read fast'
606.8212 	EXP 	target_text: height = np.float64(0.05)
606.8212 	EXP 	target_text: height = np.float64(0.05)
606.8212 	EXP 	target_text: height = np.float64(0.05)
606.8212 	EXP 	target_text: text = 'The read can boy fast'
606.8212 	EXP 	fix_text: autoDraw = True
607.0538 	EXP 	blank1_bg: autoDraw = True
607.0618 	EXP 	fix_text: autoDraw = False
607.2408 	EXP 	blank1_bg: autoDraw = False
607.2615 	EXP 	prime_text: autoDraw = True
607.4614 	EXP 	prime_text: autoDraw = False
607.4614 	EXP 	blank2_bg: autoDraw = True
607.5552 	INFO 	Keyboard events cleared
607.5550 	EXP 	blank2_bg: autoDraw = False
607.5550 	EXP 	target_text: autoDraw = True
608.5733 	EXP 	Device response: <KeyPress from None: t=608.5668581659993, value=left, duration=None>
608.5814 	DATA 	Keypress: left
608.5857 	EXP 	fix_text: autoDraw = False
608.5857 	EXP 	blank1_bg: autoDraw = False
608.5857 	EXP 	prime_text: autoDraw = False
608.5857 	EXP 	blank2_bg: autoDraw = False
608.5857 	EXP 	target_text: autoDraw = False
608.5857 	EXP 	greenCircle: autoDraw = True
608.5857 	EXP 	redCrosss: autoDraw = True
608.6564 	EXP 	Device response: <KeyPress from None: t=608.5668581659993, value=left, duration=0.08814120900933631>
608.7700 	EXP 	blank3_bg: autoDraw = True
608.7764 	EXP 	greenCircle: autoDraw = False
608.7764 	EXP 	redCrosss: autoDraw = False
609.5558 	EXP 	New trial (rep=11, index=10): <Trial 186 (10 in rep 11) data={'prime': 'She does not like apples', 'target': 'She not does like apples', 'condition': 'repetition_unrelated', 'correctAns': 'left', 'thisN': 186, 'thisTrialN': 10, 'thisRepN': 11}>
609.5705 	EXP 	blank3_bg: autoDraw = False
609.5705 	EXP 	blank3_bg: autoDraw = False
609.5705 	EXP 	greenCircle: autoDraw = False
609.5705 	EXP 	redCrosss: autoDraw = False
609.5705 	EXP 	prime_text: height = np.float64(0.05)
609.5705 	EXP 	prime_text: height = np.float64(0.05)
609.5705 	EXP 	prime_text: height = np.float64(0.05)
609.5705 	EXP 	prime_text: text = 'She does not like apples'
609.5705 	EXP 	target_text: height = np.float64(0.05)
609.5705 	EXP 	target_text: height = np.float64(0.05)
609.5705 	EXP 	target_text: height = np.float64(0.05)
609.5705 	EXP 	target_text: text = 'She not does like apples'
609.5750 	EXP 	fix_text: autoDraw = True
609.8218 	EXP 	fix_text: autoDraw = False
609.8218 	EXP 	blank1_bg: autoDraw = True
610.0097 	EXP 	blank1_bg: autoDraw = False
610.0218 	EXP 	prime_text: autoDraw = True
610.2105 	EXP 	prime_text: autoDraw = False
610.2216 	EXP 	blank2_bg: autoDraw = True
610.3102 	EXP 	blank2_bg: autoDraw = False
610.3220 	INFO 	Keyboard events cleared
610.3218 	EXP 	target_text: autoDraw = True
611.2123 	EXP 	Device response: <KeyPress from None: t=611.2087326250039, value=left, duration=None>
611.2199 	DATA 	Keypress: left
611.2242 	EXP 	fix_text: autoDraw = False
611.2242 	EXP 	blank1_bg: autoDraw = False
611.2242 	EXP 	prime_text: autoDraw = False
611.2242 	EXP 	blank2_bg: autoDraw = False
611.2242 	EXP 	target_text: autoDraw = False
611.2242 	EXP 	greenCircle: autoDraw = True
611.2242 	EXP 	redCrosss: autoDraw = True
611.3564 	EXP 	Device response: <KeyPress from None: t=611.2087326250039, value=left, duration=0.14435499999672174>
611.4136 	EXP 	blank3_bg: autoDraw = True
611.4201 	EXP 	greenCircle: autoDraw = False
611.4201 	EXP 	redCrosss: autoDraw = False
612.2045 	EXP 	New trial (rep=11, index=11): <Trial 187 (11 in rep 11) data={'prime': 'The boy can read fast', 'target': 'The boy can read fast', 'condition': 'repetition_related', 'correctAns': 'right', 'thisN': 187, 'thisTrialN': 11, 'thisRepN': 11}>
612.2201 	EXP 	blank3_bg: autoDraw = False
612.2201 	EXP 	blank3_bg: autoDraw = False
612.2201 	EXP 	greenCircle: autoDraw = False
612.2201 	EXP 	redCrosss: autoDraw = False
612.2201 	EXP 	prime_text: height = np.float64(0.05)
612.2201 	EXP 	prime_text: height = np.float64(0.05)
612.2201 	EXP 	prime_text: height = np.float64(0.05)
612.2201 	EXP 	prime_text: text = 'The boy can read fast'
612.2201 	EXP 	target_text: height = np.float64(0.05)
612.2201 	EXP 	target_text: height = np.float64(0.05)
612.2201 	EXP 	target_text: height = np.float64(0.05)
612.2201 	EXP 	target_text: text = 'The boy can read fast'
612.2201 	EXP 	fix_text: autoDraw = True
612.4629 	EXP 	fix_text: autoDraw = False
612.4629 	EXP 	blank1_bg: autoDraw = True
612.6609 	EXP 	blank1_bg: autoDraw = False
612.6609 	EXP 	prime_text: autoDraw = True
612.8553 	EXP 	prime_text: autoDraw = False
612.8619 	EXP 	blank2_bg: autoDraw = True
612.9552 	EXP 	blank2_bg: autoDraw = False
612.9621 	INFO 	Keyboard events cleared
612.9619 	EXP 	target_text: autoDraw = True
613.7789 	EXP 	Device response: <KeyPress from None: t=613.7755869579996, value=left, duration=None>
613.7865 	DATA 	Keypress: left
613.7908 	EXP 	fix_text: autoDraw = False
613.7908 	EXP 	blank1_bg: autoDraw = False
613.7908 	EXP 	prime_text: autoDraw = False
613.7908 	EXP 	blank2_bg: autoDraw = False
613.7908 	EXP 	target_text: autoDraw = False
613.7908 	EXP 	greenCircle: autoDraw = True
613.7908 	EXP 	redCrosss: autoDraw = True
613.8957 	EXP 	Device response: <KeyPress from None: t=613.7755869579996, value=left, duration=0.11639895800908562>
613.9801 	EXP 	blank3_bg: autoDraw = True
613.9868 	EXP 	greenCircle: autoDraw = False
613.9868 	EXP 	redCrosss: autoDraw = False
614.7638 	EXP 	New trial (rep=11, index=12): <Trial 188 (12 in rep 11) data={'prime': 'The boy can read fast', 'target': 'The read can boy fast', 'condition': 'repetition_unrelated', 'correctAns': 'left', 'thisN': 188, 'thisTrialN': 12, 'thisRepN': 11}>
614.7740 	EXP 	blank3_bg: autoDraw = False
614.7740 	EXP 	blank3_bg: autoDraw = False
614.7740 	EXP 	greenCircle: autoDraw = False
614.7740 	EXP 	redCrosss: autoDraw = False
614.7740 	EXP 	prime_text: text = 'The boy can read fast'
614.7740 	EXP 	target_text: height = np.float64(0.05)
614.7740 	EXP 	target_text: height = np.float64(0.05)
614.7740 	EXP 	target_text: height = np.float64(0.05)
614.7740 	EXP 	target_text: text = 'The read can boy fast'
614.7740 	EXP 	fix_text: autoDraw = True
615.0218 	EXP 	fix_text: autoDraw = False
615.0302 	EXP 	blank1_bg: autoDraw = True
615.2282 	EXP 	blank1_bg: autoDraw = False
615.2282 	EXP 	prime_text: autoDraw = True
615.4216 	EXP 	prime_text: autoDraw = False
615.4274 	EXP 	blank2_bg: autoDraw = True
615.5218 	EXP 	blank2_bg: autoDraw = False
615.5301 	INFO 	Keyboard events cleared
615.5299 	EXP 	target_text: autoDraw = True
616.8067 	EXP 	Device response: <KeyPress from None: t=616.8036627910042, value=left, duration=None>
616.8151 	DATA 	Keypress: left
616.8194 	EXP 	fix_text: autoDraw = False
616.8194 	EXP 	blank1_bg: autoDraw = False
616.8194 	EXP 	prime_text: autoDraw = False
616.8194 	EXP 	blank2_bg: autoDraw = False
616.8194 	EXP 	target_text: autoDraw = False
616.8194 	EXP 	greenCircle: autoDraw = True
616.8194 	EXP 	redCrosss: autoDraw = True
616.9236 	EXP 	Device response: <KeyPress from None: t=616.8036627910042, value=left, duration=0.11232941699563526>
617.0034 	EXP 	blank3_bg: autoDraw = True
617.0107 	EXP 	greenCircle: autoDraw = False
617.0107 	EXP 	redCrosss: autoDraw = False
617.7876 	EXP 	New trial (rep=11, index=13): <Trial 189 (13 in rep 11) data={'prime': 'She does not like apples', 'target': 'She does not like apples', 'condition': 'repetition_related', 'correctAns': 'right', 'thisN': 189, 'thisTrialN': 13, 'thisRepN': 11}>
617.8024 	EXP 	blank3_bg: autoDraw = False
617.8024 	EXP 	blank3_bg: autoDraw = False
617.8024 	EXP 	greenCircle: autoDraw = False
617.8024 	EXP 	redCrosss: autoDraw = False
617.8024 	EXP 	prime_text: height = np.float64(0.05)
617.8024 	EXP 	prime_text: height = np.float64(0.05)
617.8024 	EXP 	prime_text: height = np.float64(0.05)
617.8024 	EXP 	prime_text: text = 'She does not like apples'
617.8024 	EXP 	target_text: height = np.float64(0.05)
617.8024 	EXP 	target_text: height = np.float64(0.05)
617.8024 	EXP 	target_text: height = np.float64(0.05)
617.8024 	EXP 	target_text: text = 'She does not like apples'
617.8069 	EXP 	fix_text: autoDraw = True
618.0552 	EXP 	fix_text: autoDraw = False
618.0552 	EXP 	blank1_bg: autoDraw = True
618.2547 	EXP 	blank1_bg: autoDraw = False
618.2547 	EXP 	prime_text: autoDraw = True
618.4432 	EXP 	prime_text: autoDraw = False
618.4550 	EXP 	blank2_bg: autoDraw = True
618.5441 	EXP 	blank2_bg: autoDraw = False
618.5553 	INFO 	Keyboard events cleared
618.5551 	EXP 	target_text: autoDraw = True
619.2457 	EXP 	Device response: <KeyPress from None: t=619.2425826249964, value=right, duration=None>
619.2532 	DATA 	Keypress: right
619.2575 	EXP 	fix_text: autoDraw = False
619.2575 	EXP 	blank1_bg: autoDraw = False
619.2575 	EXP 	prime_text: autoDraw = False
619.2575 	EXP 	blank2_bg: autoDraw = False
619.2575 	EXP 	target_text: autoDraw = False
619.2575 	EXP 	greenCircle: autoDraw = True
619.2575 	EXP 	redCrosss: autoDraw = True
619.3730 	EXP 	Device response: <KeyPress from None: t=619.2425826249964, value=right, duration=0.12433766601316165>
619.4467 	EXP 	blank3_bg: autoDraw = True
619.4536 	EXP 	greenCircle: autoDraw = False
619.4536 	EXP 	redCrosss: autoDraw = False
620.2304 	EXP 	New trial (rep=11, index=14): <Trial 190 (14 in rep 11) data={'prime': 'The boy can read fast', 'target': 'The boy can read fast', 'condition': 'transposition_related', 'correctAns': 'right', 'thisN': 190, 'thisTrialN': 14, 'thisRepN': 11}>
620.2451 	EXP 	blank3_bg: autoDraw = False
620.2451 	EXP 	blank3_bg: autoDraw = False
620.2451 	EXP 	greenCircle: autoDraw = False
620.2451 	EXP 	redCrosss: autoDraw = False
620.2451 	EXP 	prime_text: height = np.float64(0.05)
620.2451 	EXP 	prime_text: height = np.float64(0.05)
620.2451 	EXP 	prime_text: height = np.float64(0.05)
620.2451 	EXP 	prime_text: text = 'The boy can read fast'
620.2451 	EXP 	target_text: height = np.float64(0.05)
620.2451 	EXP 	target_text: height = np.float64(0.05)
620.2451 	EXP 	target_text: height = np.float64(0.05)
620.2451 	EXP 	target_text: text = 'The boy can read fast'
620.2451 	EXP 	fix_text: autoDraw = True
620.4883 	EXP 	fix_text: autoDraw = False
620.4967 	EXP 	blank1_bg: autoDraw = True
620.6874 	EXP 	prime_text: autoDraw = True
620.6921 	EXP 	blank1_bg: autoDraw = False
620.8764 	EXP 	prime_text: autoDraw = False
620.8947 	EXP 	blank2_bg: autoDraw = True
620.9883 	EXP 	blank2_bg: autoDraw = False
620.9950 	INFO 	Keyboard events cleared
620.9949 	EXP 	target_text: autoDraw = True
622.0291 	EXP 	Device response: <KeyPress from None: t=622.0274786250084, value=left, duration=None>
622.0368 	DATA 	Keypress: left
622.0409 	EXP 	fix_text: autoDraw = False
622.0409 	EXP 	blank1_bg: autoDraw = False
622.0409 	EXP 	prime_text: autoDraw = False
622.0409 	EXP 	blank2_bg: autoDraw = False
622.0409 	EXP 	target_text: autoDraw = False
622.0409 	EXP 	greenCircle: autoDraw = True
622.0409 	EXP 	redCrosss: autoDraw = True
622.1565 	EXP 	Device response: <KeyPress from None: t=622.0274786250084, value=left, duration=0.12030999999842606>
622.2302 	EXP 	blank3_bg: autoDraw = True
622.2370 	EXP 	greenCircle: autoDraw = False
622.2370 	EXP 	redCrosss: autoDraw = False
623.0223 	EXP 	New trial (rep=11, index=15): <Trial 191 (15 in rep 11) data={'prime': 'They have finished the work', 'target': 'They work the have finished', 'condition': 'transposition_unrelated', 'correctAns': 'left', 'thisN': 191, 'thisTrialN': 15, 'thisRepN': 11}>
623.0376 	EXP 	blank3_bg: autoDraw = False
623.0376 	EXP 	blank3_bg: autoDraw = False
623.0376 	EXP 	greenCircle: autoDraw = False
623.0376 	EXP 	redCrosss: autoDraw = False
623.0376 	EXP 	prime_text: height = np.float64(0.05)
623.0376 	EXP 	prime_text: height = np.float64(0.05)
623.0376 	EXP 	prime_text: height = np.float64(0.05)
623.0376 	EXP 	prime_text: text = 'They have finished the work'
623.0376 	EXP 	target_text: height = np.float64(0.05)
623.0376 	EXP 	target_text: height = np.float64(0.05)
623.0376 	EXP 	target_text: height = np.float64(0.05)
623.0376 	EXP 	target_text: text = 'They work the have finished'
623.0376 	EXP 	fix_text: autoDraw = True
623.2801 	EXP 	fix_text: autoDraw = False
623.2801 	EXP 	blank1_bg: autoDraw = True
623.4787 	EXP 	blank1_bg: autoDraw = False
623.4787 	EXP 	prime_text: autoDraw = True
623.6783 	EXP 	prime_text: autoDraw = False
623.6783 	EXP 	blank2_bg: autoDraw = True
623.7716 	EXP 	blank2_bg: autoDraw = False
623.7776 	INFO 	Keyboard events cleared
623.7774 	EXP 	target_text: autoDraw = True
625.3068 	EXP 	Device response: <KeyPress from None: t=625.2963568749983, value=left, duration=None>
625.3151 	DATA 	Keypress: left
625.3194 	EXP 	fix_text: autoDraw = False
625.3194 	EXP 	blank1_bg: autoDraw = False
625.3194 	EXP 	prime_text: autoDraw = False
625.3194 	EXP 	blank2_bg: autoDraw = False
625.3194 	EXP 	target_text: autoDraw = False
625.3194 	EXP 	greenCircle: autoDraw = True
625.3194 	EXP 	redCrosss: autoDraw = True
625.4288 	EXP 	Device response: <KeyPress from None: t=625.2963568749983, value=left, duration=0.12843341600091662>
625.5044 	EXP 	blank3_bg: autoDraw = True
625.5120 	EXP 	greenCircle: autoDraw = False
625.5120 	EXP 	redCrosss: autoDraw = False
626.2889 	EXP 	New trial (rep=12, index=0): <Trial 192 (0 in rep 12) data={'prime': 'She does not like apples', 'target': 'She not does like apples', 'condition': 'transposition_related', 'correctAns': 'right', 'thisN': 192, 'thisTrialN': 0, 'thisRepN': 12}>
626.3044 	EXP 	blank3_bg: autoDraw = False
626.3044 	EXP 	blank3_bg: autoDraw = False
626.3044 	EXP 	greenCircle: autoDraw = False
626.3044 	EXP 	redCrosss: autoDraw = False
626.3044 	EXP 	prime_text: height = np.float64(0.05)
626.3044 	EXP 	prime_text: height = np.float64(0.05)
626.3044 	EXP 	prime_text: height = np.float64(0.05)
626.3044 	EXP 	prime_text: text = 'She does not like apples'
626.3044 	EXP 	target_text: height = np.float64(0.05)
626.3044 	EXP 	target_text: height = np.float64(0.05)
626.3044 	EXP 	target_text: height = np.float64(0.05)
626.3044 	EXP 	target_text: text = 'She not does like apples'
626.3089 	EXP 	fix_text: autoDraw = True
626.5545 	EXP 	fix_text: autoDraw = False
626.5545 	EXP 	blank1_bg: autoDraw = True
626.7551 	EXP 	blank1_bg: autoDraw = False
626.7551 	EXP 	prime_text: autoDraw = True
626.9418 	EXP 	prime_text: autoDraw = False
626.9549 	EXP 	blank2_bg: autoDraw = True
627.0423 	EXP 	blank2_bg: autoDraw = False
627.0552 	INFO 	Keyboard events cleared
627.0550 	EXP 	target_text: autoDraw = True
628.0114 	EXP 	Device response: <KeyPress from None: t=628.0052469579969, value=right, duration=None>
628.0187 	DATA 	Keypress: right
628.0237 	EXP 	fix_text: autoDraw = False
628.0237 	EXP 	blank1_bg: autoDraw = False
628.0237 	EXP 	prime_text: autoDraw = False
628.0237 	EXP 	blank2_bg: autoDraw = False
628.0237 	EXP 	target_text: autoDraw = False
628.0237 	EXP 	greenCircle: autoDraw = True
628.0237 	EXP 	redCrosss: autoDraw = True
628.1234 	EXP 	Device response: <KeyPress from None: t=628.0052469579969, value=right, duration=0.11641612500534393>
628.2037 	EXP 	blank3_bg: autoDraw = True
628.2217 	EXP 	greenCircle: autoDraw = False
628.2217 	EXP 	redCrosss: autoDraw = False
628.9889 	EXP 	New trial (rep=12, index=1): <Trial 193 (1 in rep 12) data={'prime': 'They have finished the work', 'target': 'They have finished the work', 'condition': 'repetition_related', 'correctAns': 'right', 'thisN': 193, 'thisTrialN': 1, 'thisRepN': 12}>
629.0060 	EXP 	blank3_bg: autoDraw = False
629.0060 	EXP 	blank3_bg: autoDraw = False
629.0060 	EXP 	greenCircle: autoDraw = False
629.0060 	EXP 	redCrosss: autoDraw = False
629.0060 	EXP 	prime_text: height = np.float64(0.05)
629.0060 	EXP 	prime_text: height = np.float64(0.05)
629.0060 	EXP 	prime_text: height = np.float64(0.05)
629.0060 	EXP 	prime_text: text = 'They have finished the work'
629.0060 	EXP 	target_text: height = np.float64(0.05)
629.0060 	EXP 	target_text: height = np.float64(0.05)
629.0060 	EXP 	target_text: height = np.float64(0.05)
629.0060 	EXP 	target_text: text = 'They have finished the work'
629.0215 	EXP 	fix_text: autoDraw = True
629.2534 	EXP 	blank1_bg: autoDraw = True
629.2703 	EXP 	fix_text: autoDraw = False
629.4430 	EXP 	blank1_bg: autoDraw = False
629.4616 	EXP 	prime_text: autoDraw = True
629.6550 	EXP 	prime_text: autoDraw = False
629.6550 	EXP 	blank2_bg: autoDraw = True
629.7433 	EXP 	blank2_bg: autoDraw = False
629.7617 	INFO 	Keyboard events cleared
629.7615 	EXP 	target_text: autoDraw = True
631.2788 	EXP 	Device response: <KeyPress from None: t=631.276169165998, value=right, duration=None>
631.2864 	DATA 	Keypress: right
631.2908 	EXP 	fix_text: autoDraw = False
631.2908 	EXP 	blank1_bg: autoDraw = False
631.2908 	EXP 	prime_text: autoDraw = False
631.2908 	EXP 	blank2_bg: autoDraw = False
631.2908 	EXP 	target_text: autoDraw = False
631.2908 	EXP 	greenCircle: autoDraw = True
631.2908 	EXP 	redCrosss: autoDraw = True
631.3955 	EXP 	Device response: <KeyPress from None: t=631.276169165998, value=right, duration=0.11246141701121815>
631.4803 	EXP 	blank3_bg: autoDraw = True
631.4868 	EXP 	greenCircle: autoDraw = False
631.4868 	EXP 	redCrosss: autoDraw = False
632.2722 	EXP 	New trial (rep=12, index=2): <Trial 194 (2 in rep 12) data={'prime': 'The dog is barking loudly', 'target': 'The dog is barking loudly', 'condition': 'repetition_related', 'correctAns': 'right', 'thisN': 194, 'thisTrialN': 2, 'thisRepN': 12}>
632.2882 	EXP 	blank3_bg: autoDraw = False
632.2882 	EXP 	blank3_bg: autoDraw = False
632.2882 	EXP 	greenCircle: autoDraw = False
632.2882 	EXP 	redCrosss: autoDraw = False
632.2882 	EXP 	prime_text: height = np.float64(0.05)
632.2882 	EXP 	prime_text: height = np.float64(0.05)
632.2882 	EXP 	prime_text: height = np.float64(0.05)
632.2882 	EXP 	prime_text: text = 'The dog is barking loudly'
632.2882 	EXP 	target_text: height = np.float64(0.05)
632.2882 	EXP 	target_text: height = np.float64(0.05)
632.2882 	EXP 	target_text: height = np.float64(0.05)
632.2882 	EXP 	target_text: text = 'The dog is barking loudly'
632.2882 	EXP 	fix_text: autoDraw = True
632.5291 	EXP 	fix_text: autoDraw = False
632.5291 	EXP 	blank1_bg: autoDraw = True
632.7201 	EXP 	blank1_bg: autoDraw = False
632.7201 	EXP 	prime_text: autoDraw = True
632.9100 	EXP 	prime_text: autoDraw = False
632.9280 	EXP 	blank2_bg: autoDraw = True
633.0217 	EXP 	blank2_bg: autoDraw = False
633.0287 	INFO 	Keyboard events cleared
633.0285 	EXP 	target_text: autoDraw = True
634.0564 	EXP 	Device response: <KeyPress from None: t=634.0461011250009, value=right, duration=None>
634.0644 	DATA 	Keypress: right
634.0686 	EXP 	fix_text: autoDraw = False
634.0686 	EXP 	blank1_bg: autoDraw = False
634.0686 	EXP 	prime_text: autoDraw = False
634.0686 	EXP 	blank2_bg: autoDraw = False
634.0686 	EXP 	target_text: autoDraw = False
634.0686 	EXP 	greenCircle: autoDraw = True
634.0686 	EXP 	redCrosss: autoDraw = True
634.1902 	EXP 	Device response: <KeyPress from None: t=634.0461011250009, value=right, duration=0.14046187499479856>
634.2539 	EXP 	blank3_bg: autoDraw = True
634.2622 	EXP 	greenCircle: autoDraw = False
634.2622 	EXP 	redCrosss: autoDraw = False
635.0379 	EXP 	New trial (rep=12, index=3): <Trial 195 (3 in rep 12) data={'prime': 'The dog is barking loudly', 'target': 'The dog barking is loudly', 'condition': 'transposition_related', 'correctAns': 'right', 'thisN': 195, 'thisTrialN': 3, 'thisRepN': 12}>
635.0488 	EXP 	blank3_bg: autoDraw = False
635.0488 	EXP 	blank3_bg: autoDraw = False
635.0488 	EXP 	greenCircle: autoDraw = False
635.0488 	EXP 	redCrosss: autoDraw = False
635.0488 	EXP 	prime_text: text = 'The dog is barking loudly'
635.0488 	EXP 	target_text: height = np.float64(0.05)
635.0488 	EXP 	target_text: height = np.float64(0.05)
635.0488 	EXP 	target_text: height = np.float64(0.05)
635.0488 	EXP 	target_text: text = 'The dog barking is loudly'
635.0540 	EXP 	fix_text: autoDraw = True
635.2923 	EXP 	fix_text: autoDraw = False
635.3051 	EXP 	blank1_bg: autoDraw = True
635.4932 	EXP 	blank1_bg: autoDraw = False
635.5048 	EXP 	prime_text: autoDraw = True
635.6931 	EXP 	prime_text: autoDraw = False
635.7051 	EXP 	blank2_bg: autoDraw = True
635.7925 	EXP 	blank2_bg: autoDraw = False
635.8052 	INFO 	Keyboard events cleared
635.8050 	EXP 	target_text: autoDraw = True
637.9567 	EXP 	Device response: <KeyPress from None: t=637.9491497910058, value=left, duration=None>
637.9651 	DATA 	Keypress: left
637.9694 	EXP 	fix_text: autoDraw = False
637.9694 	EXP 	blank1_bg: autoDraw = False
637.9694 	EXP 	prime_text: autoDraw = False
637.9694 	EXP 	blank2_bg: autoDraw = False
637.9694 	EXP 	target_text: autoDraw = False
637.9694 	EXP 	greenCircle: autoDraw = True
637.9694 	EXP 	redCrosss: autoDraw = True
638.0791 	EXP 	Device response: <KeyPress from None: t=637.9491497910058, value=left, duration=0.12505366699770093>
638.1534 	EXP 	blank3_bg: autoDraw = True
638.1613 	EXP 	greenCircle: autoDraw = False
638.1613 	EXP 	redCrosss: autoDraw = False
638.9392 	EXP 	New trial (rep=12, index=4): <Trial 196 (4 in rep 12) data={'prime': 'They have finished the work', 'target': 'They finished have the work', 'condition': 'transposition_related', 'correctAns': 'right', 'thisN': 196, 'thisTrialN': 4, 'thisRepN': 12}>
638.9543 	EXP 	blank3_bg: autoDraw = False
638.9543 	EXP 	blank3_bg: autoDraw = False
638.9543 	EXP 	greenCircle: autoDraw = False
638.9543 	EXP 	redCrosss: autoDraw = False
638.9543 	EXP 	prime_text: height = np.float64(0.05)
638.9543 	EXP 	prime_text: height = np.float64(0.05)
638.9543 	EXP 	prime_text: height = np.float64(0.05)
638.9543 	EXP 	prime_text: text = 'They have finished the work'
638.9543 	EXP 	target_text: height = np.float64(0.05)
638.9543 	EXP 	target_text: height = np.float64(0.05)
638.9543 	EXP 	target_text: height = np.float64(0.05)
638.9543 	EXP 	target_text: text = 'They finished have the work'
638.9587 	EXP 	fix_text: autoDraw = True
639.2049 	EXP 	fix_text: autoDraw = False
639.2049 	EXP 	blank1_bg: autoDraw = True
639.3934 	EXP 	blank1_bg: autoDraw = False
639.4049 	EXP 	prime_text: autoDraw = True
639.5934 	EXP 	prime_text: autoDraw = False
639.6050 	EXP 	blank2_bg: autoDraw = True
639.6937 	EXP 	blank2_bg: autoDraw = False
639.7050 	INFO 	Keyboard events cleared
639.7048 	EXP 	target_text: autoDraw = True
641.4121 	EXP 	Device response: <KeyPress from None: t=641.4110415830073, value=right, duration=None>
641.4292 	DATA 	Keypress: right
641.4334 	EXP 	fix_text: autoDraw = False
641.4334 	EXP 	blank1_bg: autoDraw = False
641.4334 	EXP 	prime_text: autoDraw = False
641.4334 	EXP 	blank2_bg: autoDraw = False
641.4334 	EXP 	target_text: autoDraw = False
641.4334 	EXP 	greenCircle: autoDraw = True
641.4334 	EXP 	redCrosss: autoDraw = True
641.5229 	EXP 	Device response: <KeyPress from None: t=641.4110415830073, value=right, duration=0.10831387499638367>
641.6138 	EXP 	blank3_bg: autoDraw = True
641.6268 	EXP 	greenCircle: autoDraw = False
641.6268 	EXP 	redCrosss: autoDraw = False
642.4055 	EXP 	New trial (rep=12, index=5): <Trial 197 (5 in rep 12) data={'prime': 'The dog is barking loudly', 'target': 'The loudly is barking dog', 'condition': 'repetition_unrelated', 'correctAns': 'left', 'thisN': 197, 'thisTrialN': 5, 'thisRepN': 12}>
642.4206 	EXP 	blank3_bg: autoDraw = False
642.4206 	EXP 	blank3_bg: autoDraw = False
642.4206 	EXP 	greenCircle: autoDraw = False
642.4206 	EXP 	redCrosss: autoDraw = False
642.4206 	EXP 	prime_text: height = np.float64(0.05)
642.4206 	EXP 	prime_text: height = np.float64(0.05)
642.4206 	EXP 	prime_text: height = np.float64(0.05)
642.4206 	EXP 	prime_text: text = 'The dog is barking loudly'
642.4206 	EXP 	target_text: height = np.float64(0.05)
642.4206 	EXP 	target_text: height = np.float64(0.05)
642.4206 	EXP 	target_text: height = np.float64(0.05)
642.4206 	EXP 	target_text: text = 'The loudly is barking dog'
642.4206 	EXP 	fix_text: autoDraw = True
642.6634 	EXP 	fix_text: autoDraw = False
642.6634 	EXP 	blank1_bg: autoDraw = True
642.8608 	EXP 	blank1_bg: autoDraw = False
642.8608 	EXP 	prime_text: autoDraw = True
643.0549 	EXP 	prime_text: autoDraw = False
643.0613 	EXP 	blank2_bg: autoDraw = True
643.1548 	EXP 	blank2_bg: autoDraw = False
643.1608 	INFO 	Keyboard events cleared
643.1606 	EXP 	target_text: autoDraw = True
644.5120 	EXP 	Device response: <KeyPress from None: t=644.5109750830015, value=left, duration=None>
644.5197 	DATA 	Keypress: left
644.5241 	EXP 	fix_text: autoDraw = False
644.5241 	EXP 	blank1_bg: autoDraw = False
644.5241 	EXP 	prime_text: autoDraw = False
644.5241 	EXP 	blank2_bg: autoDraw = False
644.5241 	EXP 	target_text: autoDraw = False
644.5241 	EXP 	greenCircle: autoDraw = True
644.5241 	EXP 	redCrosss: autoDraw = True
644.6459 	EXP 	Device response: <KeyPress from None: t=644.5109750830015, value=left, duration=0.1281791250075912>
644.7139 	EXP 	blank3_bg: autoDraw = True
644.7207 	EXP 	greenCircle: autoDraw = False
644.7207 	EXP 	redCrosss: autoDraw = False
645.5049 	EXP 	New trial (rep=12, index=6): <Trial 198 (6 in rep 12) data={'prime': 'She does not like apples', 'target': 'She like does apples not', 'condition': 'transposition_unrelated', 'correctAns': 'left', 'thisN': 198, 'thisTrialN': 6, 'thisRepN': 12}>
645.5204 	EXP 	blank3_bg: autoDraw = False
645.5204 	EXP 	blank3_bg: autoDraw = False
645.5204 	EXP 	greenCircle: autoDraw = False
645.5204 	EXP 	redCrosss: autoDraw = False
645.5204 	EXP 	prime_text: height = np.float64(0.05)
645.5204 	EXP 	prime_text: height = np.float64(0.05)
645.5204 	EXP 	prime_text: height = np.float64(0.05)
645.5204 	EXP 	prime_text: text = 'She does not like apples'
645.5204 	EXP 	target_text: height = np.float64(0.05)
645.5204 	EXP 	target_text: height = np.float64(0.05)
645.5204 	EXP 	target_text: height = np.float64(0.05)
645.5204 	EXP 	target_text: text = 'She like does apples not'
645.5204 	EXP 	fix_text: autoDraw = True
645.7624 	EXP 	fix_text: autoDraw = False
645.7624 	EXP 	blank1_bg: autoDraw = True
645.9609 	EXP 	blank1_bg: autoDraw = False
645.9609 	EXP 	prime_text: autoDraw = True
646.1549 	EXP 	prime_text: autoDraw = False
646.1613 	EXP 	blank2_bg: autoDraw = True
646.2549 	EXP 	blank2_bg: autoDraw = False
646.2622 	INFO 	Keyboard events cleared
646.2620 	EXP 	target_text: autoDraw = True
647.2566 	EXP 	Device response: <KeyPress from None: t=647.250995541006, value=left, duration=None>
647.2647 	DATA 	Keypress: left
647.2689 	EXP 	fix_text: autoDraw = False
647.2689 	EXP 	blank1_bg: autoDraw = False
647.2689 	EXP 	prime_text: autoDraw = False
647.2689 	EXP 	blank2_bg: autoDraw = False
647.2689 	EXP 	target_text: autoDraw = False
647.2689 	EXP 	greenCircle: autoDraw = True
647.2689 	EXP 	redCrosss: autoDraw = True
647.3729 	EXP 	Device response: <KeyPress from None: t=647.250995541006, value=left, duration=0.11216829199111089>
647.4548 	EXP 	blank3_bg: autoDraw = True
647.4625 	EXP 	greenCircle: autoDraw = False
647.4625 	EXP 	redCrosss: autoDraw = False
648.2391 	EXP 	New trial (rep=12, index=7): <Trial 199 (7 in rep 12) data={'prime': 'The dog is barking loudly', 'target': 'The barking dog loudly is', 'condition': 'transposition_unrelated', 'correctAns': 'left', 'thisN': 199, 'thisTrialN': 7, 'thisRepN': 12}>
648.2545 	EXP 	blank3_bg: autoDraw = False
648.2545 	EXP 	blank3_bg: autoDraw = False
648.2545 	EXP 	greenCircle: autoDraw = False
648.2545 	EXP 	redCrosss: autoDraw = False
648.2545 	EXP 	prime_text: height = np.float64(0.05)
648.2545 	EXP 	prime_text: height = np.float64(0.05)
648.2545 	EXP 	prime_text: height = np.float64(0.05)
648.2545 	EXP 	prime_text: text = 'The dog is barking loudly'
648.2545 	EXP 	target_text: height = np.float64(0.05)
648.2545 	EXP 	target_text: height = np.float64(0.05)
648.2545 	EXP 	target_text: height = np.float64(0.05)
648.2545 	EXP 	target_text: text = 'The barking dog loudly is'
648.2584 	EXP 	fix_text: autoDraw = True
648.5050 	EXP 	fix_text: autoDraw = False
648.5050 	EXP 	blank1_bg: autoDraw = True
648.7049 	EXP 	blank1_bg: autoDraw = False
648.7049 	EXP 	prime_text: autoDraw = True
648.8936 	EXP 	prime_text: autoDraw = False
648.9049 	EXP 	blank2_bg: autoDraw = True
648.9930 	EXP 	blank2_bg: autoDraw = False
649.0053 	INFO 	Keyboard events cleared
649.0050 	EXP 	target_text: autoDraw = True
649.8295 	EXP 	Device response: <KeyPress from None: t=649.825836916003, value=left, duration=None>
649.8370 	DATA 	Keypress: left
649.8409 	EXP 	fix_text: autoDraw = False
649.8409 	EXP 	blank1_bg: autoDraw = False
649.8409 	EXP 	prime_text: autoDraw = False
649.8409 	EXP 	blank2_bg: autoDraw = False
649.8409 	EXP 	target_text: autoDraw = False
649.8409 	EXP 	greenCircle: autoDraw = True
649.8409 	EXP 	redCrosss: autoDraw = True
649.9283 	EXP 	Device response: <KeyPress from None: t=649.825836916003, value=left, duration=0.10022966700489633>
650.0296 	EXP 	blank3_bg: autoDraw = True
650.0365 	EXP 	greenCircle: autoDraw = False
650.0365 	EXP 	redCrosss: autoDraw = False
650.8225 	EXP 	New trial (rep=12, index=8): <Trial 200 (8 in rep 12) data={'prime': 'They have finished the work', 'target': 'They finished have the work', 'condition': 'repetition_unrelated', 'correctAns': 'left', 'thisN': 200, 'thisTrialN': 8, 'thisRepN': 12}>
650.8390 	EXP 	blank3_bg: autoDraw = False
650.8390 	EXP 	blank3_bg: autoDraw = False
650.8390 	EXP 	greenCircle: autoDraw = False
650.8390 	EXP 	redCrosss: autoDraw = False
650.8390 	EXP 	prime_text: height = np.float64(0.05)
650.8390 	EXP 	prime_text: height = np.float64(0.05)
650.8390 	EXP 	prime_text: height = np.float64(0.05)
650.8390 	EXP 	prime_text: text = 'They have finished the work'
650.8390 	EXP 	target_text: height = np.float64(0.05)
650.8390 	EXP 	target_text: height = np.float64(0.05)
650.8390 	EXP 	target_text: height = np.float64(0.05)
650.8390 	EXP 	target_text: text = 'They finished have the work'
650.8390 	EXP 	fix_text: autoDraw = True
651.0800 	EXP 	fix_text: autoDraw = False
651.0800 	EXP 	blank1_bg: autoDraw = True
651.2784 	EXP 	blank1_bg: autoDraw = False
651.2784 	EXP 	prime_text: autoDraw = True
651.4715 	EXP 	prime_text: autoDraw = False
651.4779 	EXP 	blank2_bg: autoDraw = True
651.5716 	EXP 	blank2_bg: autoDraw = False
651.5785 	INFO 	Keyboard events cleared
651.5784 	EXP 	target_text: autoDraw = True
652.8062 	EXP 	Device response: <KeyPress from None: t=652.8008059160056, value=left, duration=None>
652.8138 	DATA 	Keypress: left
652.8182 	EXP 	fix_text: autoDraw = False
652.8182 	EXP 	blank1_bg: autoDraw = False
652.8182 	EXP 	prime_text: autoDraw = False
652.8182 	EXP 	blank2_bg: autoDraw = False
652.8182 	EXP 	target_text: autoDraw = False
652.8182 	EXP 	greenCircle: autoDraw = True
652.8182 	EXP 	redCrosss: autoDraw = True
652.9067 	EXP 	Device response: <KeyPress from None: t=652.8008059160056, value=left, duration=0.10039341700030491>
653.0040 	EXP 	blank3_bg: autoDraw = True
653.0126 	EXP 	greenCircle: autoDraw = False
653.0126 	EXP 	redCrosss: autoDraw = False
653.7881 	EXP 	New trial (rep=12, index=9): <Trial 201 (9 in rep 12) data={'prime': 'The boy can read fast', 'target': 'The read can boy fast', 'condition': 'repetition_unrelated', 'correctAns': 'left', 'thisN': 201, 'thisTrialN': 9, 'thisRepN': 12}>
653.8033 	EXP 	blank3_bg: autoDraw = False
653.8033 	EXP 	blank3_bg: autoDraw = False
653.8033 	EXP 	greenCircle: autoDraw = False
653.8033 	EXP 	redCrosss: autoDraw = False
653.8033 	EXP 	prime_text: height = np.float64(0.05)
653.8033 	EXP 	prime_text: height = np.float64(0.05)
653.8033 	EXP 	prime_text: height = np.float64(0.05)
653.8033 	EXP 	prime_text: text = 'The boy can read fast'
653.8033 	EXP 	target_text: height = np.float64(0.05)
653.8033 	EXP 	target_text: height = np.float64(0.05)
653.8033 	EXP 	target_text: height = np.float64(0.05)
653.8033 	EXP 	target_text: text = 'The read can boy fast'
653.8080 	EXP 	fix_text: autoDraw = True
654.0549 	EXP 	fix_text: autoDraw = False
654.0549 	EXP 	blank1_bg: autoDraw = True
654.2422 	EXP 	blank1_bg: autoDraw = False
654.2549 	EXP 	prime_text: autoDraw = True
654.4424 	EXP 	prime_text: autoDraw = False
654.4549 	EXP 	blank2_bg: autoDraw = True
654.5436 	EXP 	blank2_bg: autoDraw = False
654.5553 	INFO 	Keyboard events cleared
654.5550 	EXP 	target_text: autoDraw = True
655.3278 	EXP 	Device response: <KeyPress from None: t=655.3256427500019, value=left, duration=None>
655.3351 	DATA 	Keypress: left
655.3401 	EXP 	fix_text: autoDraw = False
655.3401 	EXP 	blank1_bg: autoDraw = False
655.3401 	EXP 	prime_text: autoDraw = False
655.3401 	EXP 	blank2_bg: autoDraw = False
655.3401 	EXP 	target_text: autoDraw = False
655.3401 	EXP 	greenCircle: autoDraw = True
655.3401 	EXP 	redCrosss: autoDraw = True
655.4562 	EXP 	Device response: <KeyPress from None: t=655.3256427500019, value=left, duration=0.12028429099882487>
655.5200 	EXP 	blank3_bg: autoDraw = True
655.5383 	EXP 	greenCircle: autoDraw = False
655.5383 	EXP 	redCrosss: autoDraw = False
656.3039 	EXP 	New trial (rep=12, index=10): <Trial 202 (10 in rep 12) data={'prime': 'She does not like apples', 'target': 'She not does like apples', 'condition': 'repetition_unrelated', 'correctAns': 'left', 'thisN': 202, 'thisTrialN': 10, 'thisRepN': 12}>
656.3185 	EXP 	blank3_bg: autoDraw = False
656.3185 	EXP 	blank3_bg: autoDraw = False
656.3185 	EXP 	greenCircle: autoDraw = False
656.3185 	EXP 	redCrosss: autoDraw = False
656.3185 	EXP 	prime_text: height = np.float64(0.05)
656.3185 	EXP 	prime_text: height = np.float64(0.05)
656.3185 	EXP 	prime_text: height = np.float64(0.05)
656.3185 	EXP 	prime_text: text = 'She does not like apples'
656.3185 	EXP 	target_text: height = np.float64(0.05)
656.3185 	EXP 	target_text: height = np.float64(0.05)
656.3185 	EXP 	target_text: height = np.float64(0.05)
656.3185 	EXP 	target_text: text = 'She not does like apples'
656.3229 	EXP 	fix_text: autoDraw = True
656.5606 	EXP 	fix_text: autoDraw = False
656.5715 	EXP 	blank1_bg: autoDraw = True
656.7604 	EXP 	blank1_bg: autoDraw = False
656.7780 	EXP 	prime_text: autoDraw = True
656.9770 	EXP 	prime_text: autoDraw = False
656.9770 	EXP 	blank2_bg: autoDraw = True
657.0716 	EXP 	blank2_bg: autoDraw = False
657.0785 	INFO 	Keyboard events cleared
657.0783 	EXP 	target_text: autoDraw = True
657.6402 	EXP 	Device response: <KeyPress from None: t=657.628537083001, value=left, duration=None>
657.6483 	DATA 	Keypress: left
657.6526 	EXP 	fix_text: autoDraw = False
657.6526 	EXP 	blank1_bg: autoDraw = False
657.6526 	EXP 	prime_text: autoDraw = False
657.6526 	EXP 	blank2_bg: autoDraw = False
657.6526 	EXP 	target_text: autoDraw = False
657.6526 	EXP 	greenCircle: autoDraw = True
657.6526 	EXP 	redCrosss: autoDraw = True
657.7453 	EXP 	Device response: <KeyPress from None: t=657.628537083001, value=left, duration=0.11243437499797437>
657.8383 	EXP 	blank3_bg: autoDraw = True
657.8461 	EXP 	greenCircle: autoDraw = False
657.8461 	EXP 	redCrosss: autoDraw = False
658.6222 	EXP 	New trial (rep=12, index=11): <Trial 203 (11 in rep 12) data={'prime': 'They have finished the work', 'target': 'They work the have finished', 'condition': 'transposition_unrelated', 'correctAns': 'left', 'thisN': 203, 'thisTrialN': 11, 'thisRepN': 12}>
658.6380 	EXP 	blank3_bg: autoDraw = False
658.6380 	EXP 	blank3_bg: autoDraw = False
658.6380 	EXP 	greenCircle: autoDraw = False
658.6380 	EXP 	redCrosss: autoDraw = False
658.6380 	EXP 	prime_text: height = np.float64(0.05)
658.6380 	EXP 	prime_text: height = np.float64(0.05)
658.6380 	EXP 	prime_text: height = np.float64(0.05)
658.6380 	EXP 	prime_text: text = 'They have finished the work'
658.6380 	EXP 	target_text: height = np.float64(0.05)
658.6380 	EXP 	target_text: height = np.float64(0.05)
658.6380 	EXP 	target_text: height = np.float64(0.05)
658.6380 	EXP 	target_text: text = 'They work the have finished'
658.6418 	EXP 	fix_text: autoDraw = True
658.8884 	EXP 	fix_text: autoDraw = False
658.8884 	EXP 	blank1_bg: autoDraw = True
659.0756 	EXP 	blank1_bg: autoDraw = False
659.0882 	EXP 	prime_text: autoDraw = True
659.2767 	EXP 	prime_text: autoDraw = False
659.2882 	EXP 	blank2_bg: autoDraw = True
659.3755 	EXP 	blank2_bg: autoDraw = False
659.3883 	INFO 	Keyboard events cleared
659.3882 	EXP 	target_text: autoDraw = True
660.7951 	EXP 	Device response: <KeyPress from None: t=660.7915397080069, value=left, duration=None>
660.8023 	DATA 	Keypress: left
660.8070 	EXP 	fix_text: autoDraw = False
660.8070 	EXP 	blank1_bg: autoDraw = False
660.8070 	EXP 	prime_text: autoDraw = False
660.8070 	EXP 	blank2_bg: autoDraw = False
660.8070 	EXP 	target_text: autoDraw = False
660.8070 	EXP 	greenCircle: autoDraw = True
660.8070 	EXP 	redCrosss: autoDraw = True
660.8898 	EXP 	Device response: <KeyPress from None: t=660.7915397080069, value=left, duration=0.08839854199322872>
660.9866 	EXP 	blank3_bg: autoDraw = True
661.0047 	EXP 	greenCircle: autoDraw = False
661.0047 	EXP 	redCrosss: autoDraw = False
661.7713 	EXP 	New trial (rep=12, index=12): <Trial 204 (12 in rep 12) data={'prime': 'The boy can read fast', 'target': 'The read can boy fast', 'condition': 'transposition_unrelated', 'correctAns': 'left', 'thisN': 204, 'thisTrialN': 12, 'thisRepN': 12}>
661.7860 	EXP 	blank3_bg: autoDraw = False
661.7860 	EXP 	blank3_bg: autoDraw = False
661.7860 	EXP 	greenCircle: autoDraw = False
661.7860 	EXP 	redCrosss: autoDraw = False
661.7860 	EXP 	prime_text: height = np.float64(0.05)
661.7860 	EXP 	prime_text: height = np.float64(0.05)
661.7860 	EXP 	prime_text: height = np.float64(0.05)
661.7860 	EXP 	prime_text: text = 'The boy can read fast'
661.7860 	EXP 	target_text: height = np.float64(0.05)
661.7860 	EXP 	target_text: height = np.float64(0.05)
661.7860 	EXP 	target_text: height = np.float64(0.05)
661.7860 	EXP 	target_text: text = 'The read can boy fast'
661.7904 	EXP 	fix_text: autoDraw = True
662.0383 	EXP 	fix_text: autoDraw = False
662.0465 	EXP 	blank1_bg: autoDraw = True
662.2370 	EXP 	blank1_bg: autoDraw = False
662.2370 	EXP 	prime_text: autoDraw = True
662.4268 	EXP 	prime_text: autoDraw = False
662.4447 	EXP 	blank2_bg: autoDraw = True
662.5381 	EXP 	blank2_bg: autoDraw = False
662.5444 	INFO 	Keyboard events cleared
662.5443 	EXP 	target_text: autoDraw = True
663.4068 	EXP 	Device response: <KeyPress from None: t=663.3985455000075, value=left, duration=None>
663.4154 	DATA 	Keypress: left
663.4197 	EXP 	fix_text: autoDraw = False
663.4197 	EXP 	blank1_bg: autoDraw = False
663.4197 	EXP 	prime_text: autoDraw = False
663.4197 	EXP 	blank2_bg: autoDraw = False
663.4197 	EXP 	target_text: autoDraw = False
663.4197 	EXP 	greenCircle: autoDraw = True
663.4197 	EXP 	redCrosss: autoDraw = True
663.5065 	EXP 	Device response: <KeyPress from None: t=663.3985455000075, value=left, duration=0.10420991599676199>
663.6034 	EXP 	blank3_bg: autoDraw = True
663.6114 	EXP 	greenCircle: autoDraw = False
663.6114 	EXP 	redCrosss: autoDraw = False
664.3892 	EXP 	New trial (rep=12, index=13): <Trial 205 (13 in rep 12) data={'prime': 'The boy can read fast', 'target': 'The boy can read fast', 'condition': 'transposition_related', 'correctAns': 'right', 'thisN': 205, 'thisTrialN': 13, 'thisRepN': 12}>
664.3999 	EXP 	blank3_bg: autoDraw = False
664.3999 	EXP 	blank3_bg: autoDraw = False
664.3999 	EXP 	greenCircle: autoDraw = False
664.3999 	EXP 	redCrosss: autoDraw = False
664.3999 	EXP 	prime_text: text = 'The boy can read fast'
664.3999 	EXP 	target_text: height = np.float64(0.05)
664.3999 	EXP 	target_text: height = np.float64(0.05)
664.3999 	EXP 	target_text: height = np.float64(0.05)
664.3999 	EXP 	target_text: text = 'The boy can read fast'
664.4214 	EXP 	fix_text: autoDraw = True
664.6548 	EXP 	blank1_bg: autoDraw = True
664.6632 	EXP 	fix_text: autoDraw = False
664.8415 	EXP 	blank1_bg: autoDraw = False
664.8549 	EXP 	prime_text: autoDraw = True
665.0434 	EXP 	prime_text: autoDraw = False
665.0547 	EXP 	blank2_bg: autoDraw = True
665.1431 	EXP 	blank2_bg: autoDraw = False
665.1553 	INFO 	Keyboard events cleared
665.1551 	EXP 	target_text: autoDraw = True
665.8563 	EXP 	Device response: <KeyPress from None: t=665.8463458750048, value=right, duration=None>
665.8651 	DATA 	Keypress: right
665.8693 	EXP 	fix_text: autoDraw = False
665.8693 	EXP 	blank1_bg: autoDraw = False
665.8693 	EXP 	prime_text: autoDraw = False
665.8693 	EXP 	blank2_bg: autoDraw = False
665.8693 	EXP 	target_text: autoDraw = False
665.8693 	EXP 	greenCircle: autoDraw = True
665.8693 	EXP 	redCrosss: autoDraw = True
666.0063 	EXP 	Device response: <KeyPress from None: t=665.8463458750048, value=right, duration=0.1483496250002645>
666.0548 	EXP 	blank3_bg: autoDraw = True
666.0621 	EXP 	greenCircle: autoDraw = False
666.0621 	EXP 	redCrosss: autoDraw = False
666.8386 	EXP 	New trial (rep=12, index=14): <Trial 206 (14 in rep 12) data={'prime': 'The boy can read fast', 'target': 'The boy can read fast', 'condition': 'repetition_related', 'correctAns': 'right', 'thisN': 206, 'thisTrialN': 14, 'thisRepN': 12}>
666.8423 	EXP 	blank3_bg: autoDraw = False
666.8423 	EXP 	blank3_bg: autoDraw = False
666.8423 	EXP 	greenCircle: autoDraw = False
666.8423 	EXP 	redCrosss: autoDraw = False
666.8423 	EXP 	prime_text: text = 'The boy can read fast'
666.8423 	EXP 	target_text: text = 'The boy can read fast'
666.8549 	EXP 	fix_text: autoDraw = True
667.0934 	EXP 	fix_text: autoDraw = False
667.1048 	EXP 	blank1_bg: autoDraw = True
667.2934 	EXP 	blank1_bg: autoDraw = False
667.3050 	EXP 	prime_text: autoDraw = True
667.4935 	EXP 	prime_text: autoDraw = False
667.5048 	EXP 	blank2_bg: autoDraw = True
667.5939 	EXP 	blank2_bg: autoDraw = False
667.6052 	INFO 	Keyboard events cleared
667.6050 	EXP 	target_text: autoDraw = True
668.7897 	EXP 	Device response: <KeyPress from None: t=668.7793386660051, value=right, duration=None>
668.7977 	DATA 	Keypress: right
668.8020 	EXP 	fix_text: autoDraw = False
668.8020 	EXP 	blank1_bg: autoDraw = False
668.8020 	EXP 	prime_text: autoDraw = False
668.8020 	EXP 	blank2_bg: autoDraw = False
668.8020 	EXP 	target_text: autoDraw = False
668.8020 	EXP 	greenCircle: autoDraw = True
668.8020 	EXP 	redCrosss: autoDraw = True
668.9066 	EXP 	Device response: <KeyPress from None: t=668.7793386660051, value=right, duration=0.11627749999752268>
668.9866 	EXP 	blank3_bg: autoDraw = True
668.9929 	EXP 	greenCircle: autoDraw = False
668.9929 	EXP 	redCrosss: autoDraw = False
669.7707 	EXP 	New trial (rep=12, index=15): <Trial 207 (15 in rep 12) data={'prime': 'She does not like apples', 'target': 'She does not like apples', 'condition': 'repetition_related', 'correctAns': 'right', 'thisN': 207, 'thisTrialN': 15, 'thisRepN': 12}>
669.7844 	EXP 	blank3_bg: autoDraw = False
669.7844 	EXP 	blank3_bg: autoDraw = False
669.7844 	EXP 	greenCircle: autoDraw = False
669.7844 	EXP 	redCrosss: autoDraw = False
669.7844 	EXP 	prime_text: height = np.float64(0.05)
669.7844 	EXP 	prime_text: height = np.float64(0.05)
669.7844 	EXP 	prime_text: height = np.float64(0.05)
669.7844 	EXP 	prime_text: text = 'She does not like apples'
669.7844 	EXP 	target_text: height = np.float64(0.05)
669.7844 	EXP 	target_text: height = np.float64(0.05)
669.7844 	EXP 	target_text: height = np.float64(0.05)
669.7844 	EXP 	target_text: text = 'She does not like apples'
669.7892 	EXP 	fix_text: autoDraw = True
670.0371 	EXP 	fix_text: autoDraw = False
670.0371 	EXP 	blank1_bg: autoDraw = True
670.2243 	EXP 	blank1_bg: autoDraw = False
670.2385 	EXP 	prime_text: autoDraw = True
670.4263 	EXP 	prime_text: autoDraw = False
670.4386 	EXP 	blank2_bg: autoDraw = True
670.5268 	EXP 	blank2_bg: autoDraw = False
670.5386 	INFO 	Keyboard events cleared
670.5384 	EXP 	target_text: autoDraw = True
672.3568 	EXP 	Device response: <KeyPress from None: t=672.3483442500001, value=right, duration=None>
672.3658 	DATA 	Keypress: right
672.3702 	EXP 	fix_text: autoDraw = False
672.3702 	EXP 	blank1_bg: autoDraw = False
672.3702 	EXP 	prime_text: autoDraw = False
672.3702 	EXP 	blank2_bg: autoDraw = False
672.3702 	EXP 	target_text: autoDraw = False
672.3702 	EXP 	greenCircle: autoDraw = True
672.3702 	EXP 	redCrosss: autoDraw = True
672.4788 	EXP 	Device response: <KeyPress from None: t=672.3483442500001, value=right, duration=0.1282582080020802>
672.5536 	EXP 	blank3_bg: autoDraw = True
672.5609 	EXP 	greenCircle: autoDraw = False
672.5609 	EXP 	redCrosss: autoDraw = False
673.3381 	EXP 	New trial (rep=13, index=0): <Trial 208 (0 in rep 13) data={'prime': 'The dog is barking loudly', 'target': 'The barking dog loudly is', 'condition': 'transposition_unrelated', 'correctAns': 'left', 'thisN': 208, 'thisTrialN': 0, 'thisRepN': 13}>
673.3532 	EXP 	blank3_bg: autoDraw = False
673.3532 	EXP 	blank3_bg: autoDraw = False
673.3532 	EXP 	greenCircle: autoDraw = False
673.3532 	EXP 	redCrosss: autoDraw = False
673.3532 	EXP 	prime_text: height = np.float64(0.05)
673.3532 	EXP 	prime_text: height = np.float64(0.05)
673.3532 	EXP 	prime_text: height = np.float64(0.05)
673.3532 	EXP 	prime_text: text = 'The dog is barking loudly'
673.3532 	EXP 	target_text: height = np.float64(0.05)
673.3532 	EXP 	target_text: height = np.float64(0.05)
673.3532 	EXP 	target_text: height = np.float64(0.05)
673.3532 	EXP 	target_text: text = 'The barking dog loudly is'
673.3576 	EXP 	fix_text: autoDraw = True
673.6049 	EXP 	fix_text: autoDraw = False
673.6049 	EXP 	blank1_bg: autoDraw = True
673.8048 	EXP 	blank1_bg: autoDraw = False
673.8048 	EXP 	prime_text: autoDraw = True
673.9919 	EXP 	prime_text: autoDraw = False
674.0049 	EXP 	blank2_bg: autoDraw = True
674.0925 	EXP 	blank2_bg: autoDraw = False
674.1050 	INFO 	Keyboard events cleared
674.1048 	EXP 	target_text: autoDraw = True
676.0791 	EXP 	Device response: <KeyPress from None: t=676.077170375007, value=left, duration=None>
676.0866 	DATA 	Keypress: left
676.0907 	EXP 	fix_text: autoDraw = False
676.0907 	EXP 	blank1_bg: autoDraw = False
676.0907 	EXP 	prime_text: autoDraw = False
676.0907 	EXP 	blank2_bg: autoDraw = False
676.0907 	EXP 	target_text: autoDraw = False
676.0907 	EXP 	greenCircle: autoDraw = True
676.0907 	EXP 	redCrosss: autoDraw = True
676.1896 	EXP 	Device response: <KeyPress from None: t=676.077170375007, value=left, duration=0.10843574999307748>
676.2799 	EXP 	blank3_bg: autoDraw = True
676.2867 	EXP 	greenCircle: autoDraw = False
676.2867 	EXP 	redCrosss: autoDraw = False
677.0636 	EXP 	New trial (rep=13, index=1): <Trial 209 (1 in rep 13) data={'prime': 'The boy can read fast', 'target': 'The read can boy fast', 'condition': 'transposition_unrelated', 'correctAns': 'left', 'thisN': 209, 'thisTrialN': 1, 'thisRepN': 13}>
677.0800 	EXP 	blank3_bg: autoDraw = False
677.0800 	EXP 	blank3_bg: autoDraw = False
677.0800 	EXP 	greenCircle: autoDraw = False
677.0800 	EXP 	redCrosss: autoDraw = False
677.0800 	EXP 	prime_text: height = np.float64(0.05)
677.0800 	EXP 	prime_text: height = np.float64(0.05)
677.0800 	EXP 	prime_text: height = np.float64(0.05)
677.0800 	EXP 	prime_text: text = 'The boy can read fast'
677.0800 	EXP 	target_text: height = np.float64(0.05)
677.0800 	EXP 	target_text: height = np.float64(0.05)
677.0800 	EXP 	target_text: height = np.float64(0.05)
677.0800 	EXP 	target_text: text = 'The read can boy fast'
677.0800 	EXP 	fix_text: autoDraw = True
677.3301 	EXP 	fix_text: autoDraw = False
677.3301 	EXP 	blank1_bg: autoDraw = True
677.5208 	EXP 	prime_text: autoDraw = True
677.5256 	EXP 	blank1_bg: autoDraw = False
677.7105 	EXP 	prime_text: autoDraw = False
677.7280 	EXP 	blank2_bg: autoDraw = True
677.8216 	EXP 	blank2_bg: autoDraw = False
677.8288 	INFO 	Keyboard events cleared
677.8286 	EXP 	target_text: autoDraw = True
679.5901 	EXP 	Device response: <KeyPress from None: t=679.5811322500085, value=left, duration=None>
679.5987 	DATA 	Keypress: left
679.6030 	EXP 	fix_text: autoDraw = False
679.6030 	EXP 	blank1_bg: autoDraw = False
679.6030 	EXP 	prime_text: autoDraw = False
679.6030 	EXP 	blank2_bg: autoDraw = False
679.6030 	EXP 	target_text: autoDraw = False
679.6030 	EXP 	greenCircle: autoDraw = True
679.6030 	EXP 	redCrosss: autoDraw = True
679.6941 	EXP 	Device response: <KeyPress from None: t=679.5811322500085, value=left, duration=0.10830654099117965>
679.7868 	EXP 	blank3_bg: autoDraw = True
679.7946 	EXP 	greenCircle: autoDraw = False
679.7946 	EXP 	redCrosss: autoDraw = False
680.5710 	EXP 	New trial (rep=13, index=2): <Trial 210 (2 in rep 13) data={'prime': 'She does not like apples', 'target': 'She does not like apples', 'condition': 'repetition_related', 'correctAns': 'right', 'thisN': 210, 'thisTrialN': 2, 'thisRepN': 13}>
680.5867 	EXP 	blank3_bg: autoDraw = False
680.5867 	EXP 	blank3_bg: autoDraw = False
680.5867 	EXP 	greenCircle: autoDraw = False
680.5867 	EXP 	redCrosss: autoDraw = False
680.5867 	EXP 	prime_text: height = np.float64(0.05)
680.5867 	EXP 	prime_text: height = np.float64(0.05)
680.5867 	EXP 	prime_text: height = np.float64(0.05)
680.5867 	EXP 	prime_text: text = 'She does not like apples'
680.5867 	EXP 	target_text: height = np.float64(0.05)
680.5867 	EXP 	target_text: height = np.float64(0.05)
680.5867 	EXP 	target_text: height = np.float64(0.05)
680.5867 	EXP 	target_text: text = 'She does not like apples'
680.5912 	EXP 	fix_text: autoDraw = True
680.8382 	EXP 	fix_text: autoDraw = False
680.8382 	EXP 	blank1_bg: autoDraw = True
681.0380 	EXP 	blank1_bg: autoDraw = False
681.0380 	EXP 	prime_text: autoDraw = True
681.2254 	EXP 	prime_text: autoDraw = False
681.2382 	EXP 	blank2_bg: autoDraw = True
681.3265 	EXP 	blank2_bg: autoDraw = False
681.3384 	INFO 	Keyboard events cleared
681.3382 	EXP 	target_text: autoDraw = True
683.0068 	EXP 	Device response: <KeyPress from None: t=683.0030530000076, value=right, duration=None>
683.0148 	DATA 	Keypress: right
683.0191 	EXP 	fix_text: autoDraw = False
683.0191 	EXP 	blank1_bg: autoDraw = False
683.0191 	EXP 	prime_text: autoDraw = False
683.0191 	EXP 	blank2_bg: autoDraw = False
683.0191 	EXP 	target_text: autoDraw = False
683.0191 	EXP 	greenCircle: autoDraw = True
683.0191 	EXP 	redCrosss: autoDraw = True
683.1400 	EXP 	Device response: <KeyPress from None: t=683.0030530000076, value=right, duration=0.12831524999637622>
683.2036 	EXP 	blank3_bg: autoDraw = True
683.2099 	EXP 	greenCircle: autoDraw = False
683.2099 	EXP 	redCrosss: autoDraw = False
683.9877 	EXP 	New trial (rep=13, index=3): <Trial 211 (3 in rep 13) data={'prime': 'The dog is barking loudly', 'target': 'The dog barking is loudly', 'condition': 'transposition_related', 'correctAns': 'right', 'thisN': 211, 'thisTrialN': 3, 'thisRepN': 13}>
684.0037 	EXP 	blank3_bg: autoDraw = False
684.0037 	EXP 	blank3_bg: autoDraw = False
684.0037 	EXP 	greenCircle: autoDraw = False
684.0037 	EXP 	redCrosss: autoDraw = False
684.0037 	EXP 	prime_text: height = np.float64(0.05)
684.0037 	EXP 	prime_text: height = np.float64(0.05)
684.0037 	EXP 	prime_text: height = np.float64(0.05)
684.0037 	EXP 	prime_text: text = 'The dog is barking loudly'
684.0037 	EXP 	target_text: height = np.float64(0.05)
684.0037 	EXP 	target_text: height = np.float64(0.05)
684.0037 	EXP 	target_text: height = np.float64(0.05)
684.0037 	EXP 	target_text: text = 'The dog barking is loudly'
684.0082 	EXP 	fix_text: autoDraw = True
684.2549 	EXP 	fix_text: autoDraw = False
684.2549 	EXP 	blank1_bg: autoDraw = True
684.4434 	EXP 	blank1_bg: autoDraw = False
684.4546 	EXP 	prime_text: autoDraw = True
684.6429 	EXP 	prime_text: autoDraw = False
684.6550 	EXP 	blank2_bg: autoDraw = True
684.7422 	EXP 	blank2_bg: autoDraw = False
684.7551 	INFO 	Keyboard events cleared
684.7549 	EXP 	target_text: autoDraw = True
685.9894 	EXP 	Device response: <KeyPress from None: t=685.9789568330016, value=left, duration=None>
685.9969 	DATA 	Keypress: left
686.0010 	EXP 	fix_text: autoDraw = False
686.0010 	EXP 	blank1_bg: autoDraw = False
686.0010 	EXP 	prime_text: autoDraw = False
686.0010 	EXP 	blank2_bg: autoDraw = False
686.0010 	EXP 	target_text: autoDraw = False
686.0010 	EXP 	greenCircle: autoDraw = True
686.0010 	EXP 	redCrosss: autoDraw = True
686.0562 	EXP 	Device response: <KeyPress from None: t=685.9789568330016, value=left, duration=0.07233020800049417>
686.1867 	EXP 	blank3_bg: autoDraw = True
686.1935 	EXP 	greenCircle: autoDraw = False
686.1935 	EXP 	redCrosss: autoDraw = False
686.9715 	EXP 	New trial (rep=13, index=4): <Trial 212 (4 in rep 13) data={'prime': 'The dog is barking loudly', 'target': 'The loudly is barking dog', 'condition': 'repetition_unrelated', 'correctAns': 'left', 'thisN': 212, 'thisTrialN': 4, 'thisRepN': 13}>
686.9827 	EXP 	blank3_bg: autoDraw = False
686.9827 	EXP 	blank3_bg: autoDraw = False
686.9827 	EXP 	greenCircle: autoDraw = False
686.9827 	EXP 	redCrosss: autoDraw = False
686.9827 	EXP 	prime_text: text = 'The dog is barking loudly'
686.9827 	EXP 	target_text: height = np.float64(0.05)
686.9827 	EXP 	target_text: height = np.float64(0.05)
686.9827 	EXP 	target_text: height = np.float64(0.05)
686.9827 	EXP 	target_text: text = 'The loudly is barking dog'
686.9870 	EXP 	fix_text: autoDraw = True
687.2267 	EXP 	fix_text: autoDraw = False
687.2371 	EXP 	blank1_bg: autoDraw = True
687.4263 	EXP 	blank1_bg: autoDraw = False
687.4382 	EXP 	prime_text: autoDraw = True
687.6257 	EXP 	prime_text: autoDraw = False
687.6382 	EXP 	blank2_bg: autoDraw = True
687.7257 	EXP 	blank2_bg: autoDraw = False
687.7383 	INFO 	Keyboard events cleared
687.7381 	EXP 	target_text: autoDraw = True
688.8899 	EXP 	Device response: <KeyPress from None: t=688.8879120830097, value=left, duration=None>
688.8984 	DATA 	Keypress: left
688.9027 	EXP 	fix_text: autoDraw = False
688.9027 	EXP 	blank1_bg: autoDraw = False
688.9027 	EXP 	prime_text: autoDraw = False
688.9027 	EXP 	blank2_bg: autoDraw = False
688.9027 	EXP 	target_text: autoDraw = False
688.9027 	EXP 	greenCircle: autoDraw = True
688.9027 	EXP 	redCrosss: autoDraw = True
688.9898 	EXP 	Device response: <KeyPress from None: t=688.8879120830097, value=left, duration=0.09227337499032728>
689.0870 	EXP 	blank3_bg: autoDraw = True
689.0949 	EXP 	greenCircle: autoDraw = False
689.0949 	EXP 	redCrosss: autoDraw = False
689.8711 	EXP 	New trial (rep=13, index=5): <Trial 213 (5 in rep 13) data={'prime': 'The boy can read fast', 'target': 'The boy can read fast', 'condition': 'transposition_related', 'correctAns': 'right', 'thisN': 213, 'thisTrialN': 5, 'thisRepN': 13}>
689.8845 	EXP 	blank3_bg: autoDraw = False
689.8845 	EXP 	blank3_bg: autoDraw = False
689.8845 	EXP 	greenCircle: autoDraw = False
689.8845 	EXP 	redCrosss: autoDraw = False
689.8845 	EXP 	prime_text: height = np.float64(0.05)
689.8845 	EXP 	prime_text: height = np.float64(0.05)
689.8845 	EXP 	prime_text: height = np.float64(0.05)
689.8845 	EXP 	prime_text: text = 'The boy can read fast'
689.8845 	EXP 	target_text: height = np.float64(0.05)
689.8845 	EXP 	target_text: height = np.float64(0.05)
689.8845 	EXP 	target_text: height = np.float64(0.05)
689.8845 	EXP 	target_text: text = 'The boy can read fast'
689.8888 	EXP 	fix_text: autoDraw = True
690.1263 	EXP 	fix_text: autoDraw = False
690.1382 	EXP 	blank1_bg: autoDraw = True
690.3383 	EXP 	blank1_bg: autoDraw = False
690.3383 	EXP 	prime_text: autoDraw = True
690.5272 	EXP 	prime_text: autoDraw = False
690.5382 	EXP 	blank2_bg: autoDraw = True
690.6256 	EXP 	blank2_bg: autoDraw = False
690.6384 	INFO 	Keyboard events cleared
690.6382 	EXP 	target_text: autoDraw = True
691.4616 	EXP 	Device response: <KeyPress from None: t=691.4578380410094, value=right, duration=None>
691.4691 	DATA 	Keypress: right
691.4736 	EXP 	fix_text: autoDraw = False
691.4736 	EXP 	blank1_bg: autoDraw = False
691.4736 	EXP 	prime_text: autoDraw = False
691.4736 	EXP 	blank2_bg: autoDraw = False
691.4736 	EXP 	target_text: autoDraw = False
691.4736 	EXP 	greenCircle: autoDraw = True
691.4736 	EXP 	redCrosss: autoDraw = True
691.5729 	EXP 	Device response: <KeyPress from None: t=691.4578380410094, value=right, duration=0.10430512498714961>
691.6638 	EXP 	blank3_bg: autoDraw = True
691.6716 	EXP 	greenCircle: autoDraw = False
691.6716 	EXP 	redCrosss: autoDraw = False
692.4555 	EXP 	New trial (rep=13, index=6): <Trial 214 (6 in rep 13) data={'prime': 'The dog is barking loudly', 'target': 'The dog is barking loudly', 'condition': 'repetition_related', 'correctAns': 'right', 'thisN': 214, 'thisTrialN': 6, 'thisRepN': 13}>
692.4707 	EXP 	blank3_bg: autoDraw = False
692.4707 	EXP 	blank3_bg: autoDraw = False
692.4707 	EXP 	greenCircle: autoDraw = False
692.4707 	EXP 	redCrosss: autoDraw = False
692.4707 	EXP 	prime_text: height = np.float64(0.05)
692.4707 	EXP 	prime_text: height = np.float64(0.05)
692.4707 	EXP 	prime_text: height = np.float64(0.05)
692.4707 	EXP 	prime_text: text = 'The dog is barking loudly'
692.4707 	EXP 	target_text: height = np.float64(0.05)
692.4707 	EXP 	target_text: height = np.float64(0.05)
692.4707 	EXP 	target_text: height = np.float64(0.05)
692.4707 	EXP 	target_text: text = 'The dog is barking loudly'
692.4707 	EXP 	fix_text: autoDraw = True
692.7131 	EXP 	fix_text: autoDraw = False
692.7131 	EXP 	blank1_bg: autoDraw = True
692.9036 	EXP 	blank1_bg: autoDraw = False
692.9036 	EXP 	prime_text: autoDraw = True
693.0932 	EXP 	prime_text: autoDraw = False
693.1115 	EXP 	blank2_bg: autoDraw = True
693.2109 	INFO 	Keyboard events cleared
693.2107 	EXP 	blank2_bg: autoDraw = False
693.2107 	EXP 	target_text: autoDraw = True
694.4892 	EXP 	Device response: <KeyPress from None: t=694.4816840410058, value=right, duration=None>
694.4968 	DATA 	Keypress: right
694.5011 	EXP 	fix_text: autoDraw = False
694.5011 	EXP 	blank1_bg: autoDraw = False
694.5011 	EXP 	prime_text: autoDraw = False
694.5011 	EXP 	blank2_bg: autoDraw = False
694.5011 	EXP 	target_text: autoDraw = False
694.5011 	EXP 	greenCircle: autoDraw = True
694.5011 	EXP 	redCrosss: autoDraw = True
694.6061 	EXP 	Device response: <KeyPress from None: t=694.4816840410058, value=right, duration=0.11638587499328423>
694.6880 	EXP 	blank3_bg: autoDraw = True
694.6955 	EXP 	greenCircle: autoDraw = False
694.6955 	EXP 	redCrosss: autoDraw = False
695.4722 	EXP 	New trial (rep=13, index=7): <Trial 215 (7 in rep 13) data={'prime': 'The boy can read fast', 'target': 'The read can boy fast', 'condition': 'repetition_unrelated', 'correctAns': 'left', 'thisN': 215, 'thisTrialN': 7, 'thisRepN': 13}>
695.4865 	EXP 	blank3_bg: autoDraw = False
695.4865 	EXP 	blank3_bg: autoDraw = False
695.4865 	EXP 	greenCircle: autoDraw = False
695.4865 	EXP 	redCrosss: autoDraw = False
695.4865 	EXP 	prime_text: height = np.float64(0.05)
695.4865 	EXP 	prime_text: height = np.float64(0.05)
695.4865 	EXP 	prime_text: height = np.float64(0.05)
695.4865 	EXP 	prime_text: text = 'The boy can read fast'
695.4865 	EXP 	target_text: height = np.float64(0.05)
695.4865 	EXP 	target_text: height = np.float64(0.05)
695.4865 	EXP 	target_text: height = np.float64(0.05)
695.4865 	EXP 	target_text: text = 'The read can boy fast'
695.4911 	EXP 	fix_text: autoDraw = True
695.7383 	EXP 	fix_text: autoDraw = False
695.7383 	EXP 	blank1_bg: autoDraw = True
695.9381 	EXP 	blank1_bg: autoDraw = False
695.9381 	EXP 	prime_text: autoDraw = True
696.1265 	EXP 	prime_text: autoDraw = False
696.1382 	EXP 	blank2_bg: autoDraw = True
696.2250 	EXP 	blank2_bg: autoDraw = False
696.2384 	INFO 	Keyboard events cleared
696.2382 	EXP 	target_text: autoDraw = True
697.4229 	EXP 	Device response: <KeyPress from None: t=697.4126250830013, value=left, duration=None>
697.4309 	DATA 	Keypress: left
697.4352 	EXP 	fix_text: autoDraw = False
697.4352 	EXP 	blank1_bg: autoDraw = False
697.4352 	EXP 	prime_text: autoDraw = False
697.4352 	EXP 	blank2_bg: autoDraw = False
697.4352 	EXP 	target_text: autoDraw = False
697.4352 	EXP 	greenCircle: autoDraw = True
697.4352 	EXP 	redCrosss: autoDraw = True
697.5116 	EXP 	Device response: <KeyPress from None: t=697.4126250830013, value=left, duration=0.09232999999949243>
697.6199 	EXP 	blank3_bg: autoDraw = True
697.6272 	EXP 	greenCircle: autoDraw = False
697.6272 	EXP 	redCrosss: autoDraw = False
698.4056 	EXP 	New trial (rep=13, index=8): <Trial 216 (8 in rep 13) data={'prime': 'She does not like apples', 'target': 'She not does like apples', 'condition': 'transposition_related', 'correctAns': 'right', 'thisN': 216, 'thisTrialN': 8, 'thisRepN': 13}>
698.4216 	EXP 	blank3_bg: autoDraw = False
698.4216 	EXP 	blank3_bg: autoDraw = False
698.4216 	EXP 	greenCircle: autoDraw = False
698.4216 	EXP 	redCrosss: autoDraw = False
698.4216 	EXP 	prime_text: height = np.float64(0.05)
698.4216 	EXP 	prime_text: height = np.float64(0.05)
698.4216 	EXP 	prime_text: height = np.float64(0.05)
698.4216 	EXP 	prime_text: text = 'She does not like apples'
698.4216 	EXP 	target_text: height = np.float64(0.05)
698.4216 	EXP 	target_text: height = np.float64(0.05)
698.4216 	EXP 	target_text: height = np.float64(0.05)
698.4216 	EXP 	target_text: text = 'She not does like apples'
698.4261 	EXP 	fix_text: autoDraw = True
698.6715 	EXP 	fix_text: autoDraw = False
698.6715 	EXP 	blank1_bg: autoDraw = True
698.8713 	EXP 	blank1_bg: autoDraw = False
698.8713 	EXP 	prime_text: autoDraw = True
699.0588 	EXP 	prime_text: autoDraw = False
699.0716 	EXP 	blank2_bg: autoDraw = True
699.1589 	EXP 	blank2_bg: autoDraw = False
699.1716 	INFO 	Keyboard events cleared
699.1714 	EXP 	target_text: autoDraw = True
700.0067 	EXP 	Device response: <KeyPress from None: t=699.9955614579958, value=left, duration=None>
700.0149 	DATA 	Keypress: left
700.0192 	EXP 	fix_text: autoDraw = False
700.0192 	EXP 	blank1_bg: autoDraw = False
700.0192 	EXP 	prime_text: autoDraw = False
700.0192 	EXP 	blank2_bg: autoDraw = False
700.0192 	EXP 	target_text: autoDraw = False
700.0192 	EXP 	greenCircle: autoDraw = True
700.0192 	EXP 	redCrosss: autoDraw = True
700.1121 	EXP 	Device response: <KeyPress from None: t=699.9955614579958, value=left, duration=0.11239979200763628>
700.2036 	EXP 	blank3_bg: autoDraw = True
700.2106 	EXP 	greenCircle: autoDraw = False
700.2106 	EXP 	redCrosss: autoDraw = False
700.9877 	EXP 	New trial (rep=13, index=9): <Trial 217 (9 in rep 13) data={'prime': 'She does not like apples', 'target': 'She not does like apples', 'condition': 'repetition_unrelated', 'correctAns': 'left', 'thisN': 217, 'thisTrialN': 9, 'thisRepN': 13}>
700.9931 	EXP 	blank3_bg: autoDraw = False
700.9931 	EXP 	blank3_bg: autoDraw = False
700.9931 	EXP 	greenCircle: autoDraw = False
700.9931 	EXP 	redCrosss: autoDraw = False
700.9931 	EXP 	prime_text: text = 'She does not like apples'
700.9931 	EXP 	target_text: text = 'She not does like apples'
701.0049 	EXP 	fix_text: autoDraw = True
701.2433 	EXP 	fix_text: autoDraw = False
701.2547 	EXP 	blank1_bg: autoDraw = True
701.4543 	EXP 	blank1_bg: autoDraw = False
701.4543 	EXP 	prime_text: autoDraw = True
701.6423 	EXP 	prime_text: autoDraw = False
701.6547 	EXP 	blank2_bg: autoDraw = True
701.7416 	EXP 	blank2_bg: autoDraw = False
701.7550 	INFO 	Keyboard events cleared
701.7548 	EXP 	target_text: autoDraw = True
704.0955 	EXP 	Device response: <KeyPress from None: t=704.0885569160018, value=left, duration=None>
704.1026 	DATA 	Keypress: left
704.1072 	EXP 	fix_text: autoDraw = False
704.1072 	EXP 	blank1_bg: autoDraw = False
704.1072 	EXP 	prime_text: autoDraw = False
704.1072 	EXP 	blank2_bg: autoDraw = False
704.1072 	EXP 	target_text: autoDraw = False
704.1072 	EXP 	greenCircle: autoDraw = True
704.1072 	EXP 	redCrosss: autoDraw = True
704.1614 	EXP 	Device response: <KeyPress from None: t=704.0885569160018, value=left, duration=0.06828745899838395>
704.2962 	EXP 	blank3_bg: autoDraw = True
704.3032 	EXP 	greenCircle: autoDraw = False
704.3032 	EXP 	redCrosss: autoDraw = False
705.0794 	EXP 	New trial (rep=13, index=10): <Trial 218 (10 in rep 13) data={'prime': 'They have finished the work', 'target': 'They work the have finished', 'condition': 'transposition_unrelated', 'correctAns': 'left', 'thisN': 218, 'thisTrialN': 10, 'thisRepN': 13}>
705.0948 	EXP 	blank3_bg: autoDraw = False
705.0948 	EXP 	blank3_bg: autoDraw = False
705.0948 	EXP 	greenCircle: autoDraw = False
705.0948 	EXP 	redCrosss: autoDraw = False
705.0948 	EXP 	prime_text: height = np.float64(0.05)
705.0948 	EXP 	prime_text: height = np.float64(0.05)
705.0948 	EXP 	prime_text: height = np.float64(0.05)
705.0948 	EXP 	prime_text: text = 'They have finished the work'
705.0948 	EXP 	target_text: height = np.float64(0.05)
705.0948 	EXP 	target_text: height = np.float64(0.05)
705.0948 	EXP 	target_text: height = np.float64(0.05)
705.0948 	EXP 	target_text: text = 'They work the have finished'
705.0948 	EXP 	fix_text: autoDraw = True
705.3382 	EXP 	fix_text: autoDraw = False
705.3465 	EXP 	blank1_bg: autoDraw = True
705.5369 	EXP 	prime_text: autoDraw = True
705.5415 	EXP 	blank1_bg: autoDraw = False
705.7255 	EXP 	prime_text: autoDraw = False
705.7449 	EXP 	blank2_bg: autoDraw = True
705.8444 	INFO 	Keyboard events cleared
705.8442 	EXP 	blank2_bg: autoDraw = False
705.8442 	EXP 	target_text: autoDraw = True
707.2566 	EXP 	Device response: <KeyPress from None: t=707.2484670830017, value=left, duration=None>
707.2652 	DATA 	Keypress: left
707.2694 	EXP 	fix_text: autoDraw = False
707.2694 	EXP 	blank1_bg: autoDraw = False
707.2694 	EXP 	prime_text: autoDraw = False
707.2694 	EXP 	blank2_bg: autoDraw = False
707.2694 	EXP 	target_text: autoDraw = False
707.2694 	EXP 	greenCircle: autoDraw = True
707.2694 	EXP 	redCrosss: autoDraw = True
707.3626 	EXP 	Device response: <KeyPress from None: t=707.2484670830017, value=left, duration=0.11237937500118278>
707.4545 	EXP 	blank3_bg: autoDraw = True
707.4620 	EXP 	greenCircle: autoDraw = False
707.4620 	EXP 	redCrosss: autoDraw = False
708.2387 	EXP 	New trial (rep=13, index=11): <Trial 219 (11 in rep 13) data={'prime': 'She does not like apples', 'target': 'She like does apples not', 'condition': 'transposition_unrelated', 'correctAns': 'left', 'thisN': 219, 'thisTrialN': 11, 'thisRepN': 13}>
708.2529 	EXP 	blank3_bg: autoDraw = False
708.2529 	EXP 	blank3_bg: autoDraw = False
708.2529 	EXP 	greenCircle: autoDraw = False
708.2529 	EXP 	redCrosss: autoDraw = False
708.2529 	EXP 	prime_text: height = np.float64(0.05)
708.2529 	EXP 	prime_text: height = np.float64(0.05)
708.2529 	EXP 	prime_text: height = np.float64(0.05)
708.2529 	EXP 	prime_text: text = 'She does not like apples'
708.2529 	EXP 	target_text: height = np.float64(0.05)
708.2529 	EXP 	target_text: height = np.float64(0.05)
708.2529 	EXP 	target_text: height = np.float64(0.05)
708.2529 	EXP 	target_text: text = 'She like does apples not'
708.2573 	EXP 	fix_text: autoDraw = True
708.5049 	EXP 	fix_text: autoDraw = False
708.5049 	EXP 	blank1_bg: autoDraw = True
708.7047 	EXP 	blank1_bg: autoDraw = False
708.7047 	EXP 	prime_text: autoDraw = True
708.8922 	EXP 	prime_text: autoDraw = False
708.9047 	EXP 	blank2_bg: autoDraw = True
708.9933 	EXP 	blank2_bg: autoDraw = False
709.0052 	INFO 	Keyboard events cleared
709.0050 	EXP 	target_text: autoDraw = True
710.7453 	EXP 	Device response: <KeyPress from None: t=710.7394716660056, value=left, duration=None>
710.7525 	DATA 	Keypress: left
710.7570 	EXP 	fix_text: autoDraw = False
710.7570 	EXP 	blank1_bg: autoDraw = False
710.7570 	EXP 	prime_text: autoDraw = False
710.7570 	EXP 	blank2_bg: autoDraw = False
710.7570 	EXP 	target_text: autoDraw = False
710.7570 	EXP 	greenCircle: autoDraw = True
710.7570 	EXP 	redCrosss: autoDraw = True
710.8731 	EXP 	Device response: <KeyPress from None: t=710.7394716660056, value=left, duration=0.1243080839922186>
710.9477 	EXP 	blank3_bg: autoDraw = True
710.9541 	EXP 	greenCircle: autoDraw = False
710.9541 	EXP 	redCrosss: autoDraw = False
711.7376 	EXP 	New trial (rep=13, index=12): <Trial 220 (12 in rep 13) data={'prime': 'They have finished the work', 'target': 'They finished have the work', 'condition': 'repetition_unrelated', 'correctAns': 'left', 'thisN': 220, 'thisTrialN': 12, 'thisRepN': 13}>
711.7532 	EXP 	blank3_bg: autoDraw = False
711.7532 	EXP 	blank3_bg: autoDraw = False
711.7532 	EXP 	greenCircle: autoDraw = False
711.7532 	EXP 	redCrosss: autoDraw = False
711.7532 	EXP 	prime_text: height = np.float64(0.05)
711.7532 	EXP 	prime_text: height = np.float64(0.05)
711.7532 	EXP 	prime_text: height = np.float64(0.05)
711.7532 	EXP 	prime_text: text = 'They have finished the work'
711.7532 	EXP 	target_text: height = np.float64(0.05)
711.7532 	EXP 	target_text: height = np.float64(0.05)
711.7532 	EXP 	target_text: height = np.float64(0.05)
711.7532 	EXP 	target_text: text = 'They finished have the work'
711.7532 	EXP 	fix_text: autoDraw = True
711.9966 	EXP 	fix_text: autoDraw = False
711.9966 	EXP 	blank1_bg: autoDraw = True
712.1865 	EXP 	blank1_bg: autoDraw = False
712.1865 	EXP 	prime_text: autoDraw = True
712.3762 	EXP 	prime_text: autoDraw = False
712.3945 	EXP 	blank2_bg: autoDraw = True
712.4882 	EXP 	blank2_bg: autoDraw = False
712.4951 	INFO 	Keyboard events cleared
712.4949 	EXP 	target_text: autoDraw = True
714.2731 	EXP 	Device response: <KeyPress from None: t=714.2703565410047, value=left, duration=None>
714.2815 	DATA 	Keypress: left
714.2858 	EXP 	fix_text: autoDraw = False
714.2858 	EXP 	blank1_bg: autoDraw = False
714.2858 	EXP 	prime_text: autoDraw = False
714.2858 	EXP 	blank2_bg: autoDraw = False
714.2858 	EXP 	target_text: autoDraw = False
714.2858 	EXP 	greenCircle: autoDraw = True
714.2858 	EXP 	redCrosss: autoDraw = True
714.3955 	EXP 	Device response: <KeyPress from None: t=714.2703565410047, value=left, duration=0.12028808399918489>
714.4714 	EXP 	blank3_bg: autoDraw = True
714.4788 	EXP 	greenCircle: autoDraw = False
714.4788 	EXP 	redCrosss: autoDraw = False
715.2606 	EXP 	New trial (rep=13, index=13): <Trial 221 (13 in rep 13) data={'prime': 'They have finished the work', 'target': 'They finished have the work', 'condition': 'transposition_related', 'correctAns': 'right', 'thisN': 221, 'thisTrialN': 13, 'thisRepN': 13}>
715.2715 	EXP 	blank3_bg: autoDraw = False
715.2715 	EXP 	blank3_bg: autoDraw = False
715.2715 	EXP 	greenCircle: autoDraw = False
715.2715 	EXP 	redCrosss: autoDraw = False
715.2715 	EXP 	prime_text: text = 'They have finished the work'
715.2715 	EXP 	target_text: text = 'They finished have the work'
715.2715 	EXP 	fix_text: autoDraw = True
715.5103 	EXP 	fix_text: autoDraw = False
715.5214 	EXP 	blank1_bg: autoDraw = True
715.7213 	EXP 	blank1_bg: autoDraw = False
715.7213 	EXP 	prime_text: autoDraw = True
715.9089 	EXP 	prime_text: autoDraw = False
715.9214 	EXP 	blank2_bg: autoDraw = True
716.0099 	EXP 	blank2_bg: autoDraw = False
716.0215 	INFO 	Keyboard events cleared
716.0213 	EXP 	target_text: autoDraw = True
717.4275 	EXP 	Device response: <KeyPress from None: t=717.4261283329979, value=left, duration=None>
717.4367 	DATA 	Keypress: left
717.4406 	EXP 	fix_text: autoDraw = False
717.4406 	EXP 	blank1_bg: autoDraw = False
717.4406 	EXP 	prime_text: autoDraw = False
717.4406 	EXP 	blank2_bg: autoDraw = False
717.4406 	EXP 	target_text: autoDraw = False
717.4406 	EXP 	greenCircle: autoDraw = True
717.4406 	EXP 	redCrosss: autoDraw = True
717.5565 	EXP 	Device response: <KeyPress from None: t=717.4261283329979, value=left, duration=0.12038637499790639>
717.6200 	EXP 	blank3_bg: autoDraw = True
717.6377 	EXP 	greenCircle: autoDraw = False
717.6377 	EXP 	redCrosss: autoDraw = False
718.4038 	EXP 	New trial (rep=13, index=14): <Trial 222 (14 in rep 13) data={'prime': 'They have finished the work', 'target': 'They have finished the work', 'condition': 'repetition_related', 'correctAns': 'right', 'thisN': 222, 'thisTrialN': 14, 'thisRepN': 13}>
718.4138 	EXP 	blank3_bg: autoDraw = False
718.4138 	EXP 	blank3_bg: autoDraw = False
718.4138 	EXP 	greenCircle: autoDraw = False
718.4138 	EXP 	redCrosss: autoDraw = False
718.4138 	EXP 	prime_text: text = 'They have finished the work'
718.4138 	EXP 	target_text: height = np.float64(0.05)
718.4138 	EXP 	target_text: height = np.float64(0.05)
718.4138 	EXP 	target_text: height = np.float64(0.05)
718.4138 	EXP 	target_text: text = 'They have finished the work'
718.4199 	EXP 	fix_text: autoDraw = True
718.6588 	EXP 	fix_text: autoDraw = False
718.6798 	EXP 	blank1_bg: autoDraw = True
718.8703 	EXP 	blank1_bg: autoDraw = False
718.8703 	EXP 	prime_text: autoDraw = True
719.0584 	EXP 	prime_text: autoDraw = False
719.0771 	EXP 	blank2_bg: autoDraw = True
719.1715 	INFO 	Keyboard events cleared
719.1713 	EXP 	blank2_bg: autoDraw = False
719.1713 	EXP 	target_text: autoDraw = True
719.9567 	EXP 	Device response: <KeyPress from None: t=719.9450495000056, value=left, duration=None>
719.9651 	DATA 	Keypress: left
719.9694 	EXP 	fix_text: autoDraw = False
719.9694 	EXP 	blank1_bg: autoDraw = False
719.9694 	EXP 	prime_text: autoDraw = False
719.9694 	EXP 	blank2_bg: autoDraw = False
719.9694 	EXP 	target_text: autoDraw = False
719.9694 	EXP 	greenCircle: autoDraw = True
719.9694 	EXP 	redCrosss: autoDraw = True
720.0566 	EXP 	Device response: <KeyPress from None: t=719.9450495000056, value=left, duration=0.1003464579989668>
720.1535 	EXP 	blank3_bg: autoDraw = True
720.1619 	EXP 	greenCircle: autoDraw = False
720.1619 	EXP 	redCrosss: autoDraw = False
720.9378 	EXP 	New trial (rep=13, index=15): <Trial 223 (15 in rep 13) data={'prime': 'The boy can read fast', 'target': 'The boy can read fast', 'condition': 'repetition_related', 'correctAns': 'right', 'thisN': 223, 'thisTrialN': 15, 'thisRepN': 13}>
720.9525 	EXP 	blank3_bg: autoDraw = False
720.9525 	EXP 	blank3_bg: autoDraw = False
720.9525 	EXP 	greenCircle: autoDraw = False
720.9525 	EXP 	redCrosss: autoDraw = False
720.9525 	EXP 	prime_text: height = np.float64(0.05)
720.9525 	EXP 	prime_text: height = np.float64(0.05)
720.9525 	EXP 	prime_text: height = np.float64(0.05)
720.9525 	EXP 	prime_text: text = 'The boy can read fast'
720.9525 	EXP 	target_text: height = np.float64(0.05)
720.9525 	EXP 	target_text: height = np.float64(0.05)
720.9525 	EXP 	target_text: height = np.float64(0.05)
720.9525 	EXP 	target_text: text = 'The boy can read fast'
720.9571 	EXP 	fix_text: autoDraw = True
721.2048 	EXP 	fix_text: autoDraw = False
721.2048 	EXP 	blank1_bg: autoDraw = True
721.4047 	EXP 	blank1_bg: autoDraw = False
721.4047 	EXP 	prime_text: autoDraw = True
721.5929 	EXP 	prime_text: autoDraw = False
721.6050 	EXP 	blank2_bg: autoDraw = True
721.6929 	EXP 	blank2_bg: autoDraw = False
721.7052 	INFO 	Keyboard events cleared
721.7049 	EXP 	target_text: autoDraw = True
723.0900 	EXP 	Device response: <KeyPress from None: t=723.0850876250042, value=right, duration=None>
723.0981 	DATA 	Keypress: right
723.1025 	EXP 	fix_text: autoDraw = False
723.1025 	EXP 	blank1_bg: autoDraw = False
723.1025 	EXP 	prime_text: autoDraw = False
723.1025 	EXP 	blank2_bg: autoDraw = False
723.1025 	EXP 	target_text: autoDraw = False
723.1025 	EXP 	greenCircle: autoDraw = True
723.1025 	EXP 	redCrosss: autoDraw = True
723.1785 	EXP 	Device response: <KeyPress from None: t=723.0850876250042, value=right, duration=0.0882875410025008>
723.2864 	EXP 	blank3_bg: autoDraw = True
723.2934 	EXP 	greenCircle: autoDraw = False
723.2934 	EXP 	redCrosss: autoDraw = False
724.0708 	EXP 	New trial (rep=14, index=0): <Trial 224 (0 in rep 14) data={'prime': 'The dog is barking loudly', 'target': 'The barking dog loudly is', 'condition': 'transposition_unrelated', 'correctAns': 'left', 'thisN': 224, 'thisTrialN': 0, 'thisRepN': 14}>
724.0857 	EXP 	blank3_bg: autoDraw = False
724.0857 	EXP 	blank3_bg: autoDraw = False
724.0857 	EXP 	greenCircle: autoDraw = False
724.0857 	EXP 	redCrosss: autoDraw = False
724.0857 	EXP 	prime_text: height = np.float64(0.05)
724.0857 	EXP 	prime_text: height = np.float64(0.05)
724.0857 	EXP 	prime_text: height = np.float64(0.05)
724.0857 	EXP 	prime_text: text = 'The dog is barking loudly'
724.0857 	EXP 	target_text: height = np.float64(0.05)
724.0857 	EXP 	target_text: height = np.float64(0.05)
724.0857 	EXP 	target_text: height = np.float64(0.05)
724.0857 	EXP 	target_text: text = 'The barking dog loudly is'
724.0903 	EXP 	fix_text: autoDraw = True
724.3382 	EXP 	fix_text: autoDraw = False
724.3382 	EXP 	blank1_bg: autoDraw = True
724.5379 	EXP 	blank1_bg: autoDraw = False
724.5379 	EXP 	prime_text: autoDraw = True
724.7255 	EXP 	prime_text: autoDraw = False
724.7382 	EXP 	blank2_bg: autoDraw = True
724.8261 	EXP 	blank2_bg: autoDraw = False
724.8383 	INFO 	Keyboard events cleared
724.8381 	EXP 	target_text: autoDraw = True
725.9610 	EXP 	Device response: <KeyPress from None: t=725.9570235410065, value=left, duration=None>
725.9683 	DATA 	Keypress: left
725.9735 	EXP 	fix_text: autoDraw = False
725.9735 	EXP 	blank1_bg: autoDraw = False
725.9735 	EXP 	prime_text: autoDraw = False
725.9735 	EXP 	blank2_bg: autoDraw = False
725.9735 	EXP 	target_text: autoDraw = False
725.9735 	EXP 	greenCircle: autoDraw = True
725.9735 	EXP 	redCrosss: autoDraw = True
726.0731 	EXP 	Device response: <KeyPress from None: t=725.9570235410065, value=left, duration=0.10822495899628848>
726.1532 	EXP 	blank3_bg: autoDraw = True
726.1714 	EXP 	greenCircle: autoDraw = False
726.1714 	EXP 	redCrosss: autoDraw = False
726.9374 	EXP 	New trial (rep=14, index=1): <Trial 225 (1 in rep 14) data={'prime': 'She does not like apples', 'target': 'She not does like apples', 'condition': 'repetition_unrelated', 'correctAns': 'left', 'thisN': 225, 'thisTrialN': 1, 'thisRepN': 14}>
726.9520 	EXP 	blank3_bg: autoDraw = False
726.9520 	EXP 	blank3_bg: autoDraw = False
726.9520 	EXP 	greenCircle: autoDraw = False
726.9520 	EXP 	redCrosss: autoDraw = False
726.9520 	EXP 	prime_text: height = np.float64(0.05)
726.9520 	EXP 	prime_text: height = np.float64(0.05)
726.9520 	EXP 	prime_text: height = np.float64(0.05)
726.9520 	EXP 	prime_text: text = 'She does not like apples'
726.9520 	EXP 	target_text: height = np.float64(0.05)
726.9520 	EXP 	target_text: height = np.float64(0.05)
726.9520 	EXP 	target_text: height = np.float64(0.05)
726.9520 	EXP 	target_text: text = 'She not does like apples'
726.9563 	EXP 	fix_text: autoDraw = True
727.2047 	EXP 	fix_text: autoDraw = False
727.2047 	EXP 	blank1_bg: autoDraw = True
727.3928 	EXP 	blank1_bg: autoDraw = False
727.4117 	EXP 	prime_text: autoDraw = True
727.6048 	EXP 	prime_text: autoDraw = False
727.6048 	EXP 	blank2_bg: autoDraw = True
727.6921 	EXP 	blank2_bg: autoDraw = False
727.7115 	INFO 	Keyboard events cleared
727.7114 	EXP 	target_text: autoDraw = True
728.4788 	EXP 	Device response: <KeyPress from None: t=728.4730110410019, value=left, duration=None>
728.4861 	DATA 	Keypress: left
728.4907 	EXP 	fix_text: autoDraw = False
728.4907 	EXP 	blank1_bg: autoDraw = False
728.4907 	EXP 	prime_text: autoDraw = False
728.4907 	EXP 	blank2_bg: autoDraw = False
728.4907 	EXP 	target_text: autoDraw = False
728.4907 	EXP 	greenCircle: autoDraw = True
728.4907 	EXP 	redCrosss: autoDraw = True
728.5788 	EXP 	Device response: <KeyPress from None: t=728.4730110410019, value=left, duration=0.104252125005587>
728.6803 	EXP 	blank3_bg: autoDraw = True
728.6867 	EXP 	greenCircle: autoDraw = False
728.6867 	EXP 	redCrosss: autoDraw = False
729.4634 	EXP 	New trial (rep=14, index=2): <Trial 226 (2 in rep 14) data={'prime': 'They have finished the work', 'target': 'They finished have the work', 'condition': 'transposition_related', 'correctAns': 'right', 'thisN': 226, 'thisTrialN': 2, 'thisRepN': 14}>
729.4795 	EXP 	blank3_bg: autoDraw = False
729.4795 	EXP 	blank3_bg: autoDraw = False
729.4795 	EXP 	greenCircle: autoDraw = False
729.4795 	EXP 	redCrosss: autoDraw = False
729.4795 	EXP 	prime_text: height = np.float64(0.05)
729.4795 	EXP 	prime_text: height = np.float64(0.05)
729.4795 	EXP 	prime_text: height = np.float64(0.05)
729.4795 	EXP 	prime_text: text = 'They have finished the work'
729.4795 	EXP 	target_text: height = np.float64(0.05)
729.4795 	EXP 	target_text: height = np.float64(0.05)
729.4795 	EXP 	target_text: height = np.float64(0.05)
729.4795 	EXP 	target_text: text = 'They finished have the work'
729.4795 	EXP 	fix_text: autoDraw = True
729.7299 	EXP 	fix_text: autoDraw = False
729.7299 	EXP 	blank1_bg: autoDraw = True
729.9199 	EXP 	blank1_bg: autoDraw = False
729.9199 	EXP 	prime_text: autoDraw = True
730.1104 	EXP 	prime_text: autoDraw = False
730.1270 	EXP 	blank2_bg: autoDraw = True
730.2215 	EXP 	blank2_bg: autoDraw = False
730.2281 	INFO 	Keyboard events cleared
730.2279 	EXP 	target_text: autoDraw = True
731.4394 	EXP 	Device response: <KeyPress from None: t=731.4319125830079, value=left, duration=None>
731.4473 	DATA 	Keypress: left
731.4515 	EXP 	fix_text: autoDraw = False
731.4515 	EXP 	blank1_bg: autoDraw = False
731.4515 	EXP 	prime_text: autoDraw = False
731.4515 	EXP 	blank2_bg: autoDraw = False
731.4515 	EXP 	target_text: autoDraw = False
731.4515 	EXP 	greenCircle: autoDraw = True
731.4515 	EXP 	redCrosss: autoDraw = True
731.5393 	EXP 	Device response: <KeyPress from None: t=731.4319125830079, value=left, duration=0.10423629199794959>
731.6366 	EXP 	blank3_bg: autoDraw = True
731.6430 	EXP 	greenCircle: autoDraw = False
731.6430 	EXP 	redCrosss: autoDraw = False
732.4205 	EXP 	New trial (rep=14, index=3): <Trial 227 (3 in rep 14) data={'prime': 'They have finished the work', 'target': 'They work the have finished', 'condition': 'transposition_unrelated', 'correctAns': 'left', 'thisN': 227, 'thisTrialN': 3, 'thisRepN': 14}>
732.4309 	EXP 	blank3_bg: autoDraw = False
732.4309 	EXP 	blank3_bg: autoDraw = False
732.4309 	EXP 	greenCircle: autoDraw = False
732.4309 	EXP 	redCrosss: autoDraw = False
732.4309 	EXP 	prime_text: text = 'They have finished the work'
732.4309 	EXP 	target_text: height = np.float64(0.05)
732.4309 	EXP 	target_text: height = np.float64(0.05)
732.4309 	EXP 	target_text: height = np.float64(0.05)
732.4309 	EXP 	target_text: text = 'They work the have finished'
732.4364 	EXP 	fix_text: autoDraw = True
732.6764 	EXP 	fix_text: autoDraw = False
732.6881 	EXP 	blank1_bg: autoDraw = True
732.8879 	EXP 	blank1_bg: autoDraw = False
732.8879 	EXP 	prime_text: autoDraw = True
733.0764 	EXP 	prime_text: autoDraw = False
733.0879 	EXP 	blank2_bg: autoDraw = True
733.1765 	EXP 	blank2_bg: autoDraw = False
733.1881 	INFO 	Keyboard events cleared
733.1880 	EXP 	target_text: autoDraw = True
733.9719 	EXP 	Device response: <KeyPress from None: t=733.9607781660015, value=left, duration=None>
733.9765 	DATA 	Keypress: left
733.9798 	EXP 	fix_text: autoDraw = False
733.9798 	EXP 	blank1_bg: autoDraw = False
733.9798 	EXP 	prime_text: autoDraw = False
733.9798 	EXP 	blank2_bg: autoDraw = False
733.9798 	EXP 	target_text: autoDraw = False
733.9798 	EXP 	greenCircle: autoDraw = True
733.9798 	EXP 	redCrosss: autoDraw = True
734.0724 	EXP 	Device response: <KeyPress from None: t=733.9607781660015, value=left, duration=0.1003375840082299>
734.1631 	EXP 	blank3_bg: autoDraw = True
734.1700 	EXP 	greenCircle: autoDraw = False
734.1700 	EXP 	redCrosss: autoDraw = False
734.9464 	EXP 	New trial (rep=14, index=4): <Trial 228 (4 in rep 14) data={'prime': 'She does not like apples', 'target': 'She like does apples not', 'condition': 'transposition_unrelated', 'correctAns': 'left', 'thisN': 228, 'thisTrialN': 4, 'thisRepN': 14}>
734.9611 	EXP 	blank3_bg: autoDraw = False
734.9611 	EXP 	blank3_bg: autoDraw = False
734.9611 	EXP 	greenCircle: autoDraw = False
734.9611 	EXP 	redCrosss: autoDraw = False
734.9611 	EXP 	prime_text: height = np.float64(0.05)
734.9611 	EXP 	prime_text: height = np.float64(0.05)
734.9611 	EXP 	prime_text: height = np.float64(0.05)
734.9611 	EXP 	prime_text: text = 'She does not like apples'
734.9611 	EXP 	target_text: height = np.float64(0.05)
734.9611 	EXP 	target_text: height = np.float64(0.05)
734.9611 	EXP 	target_text: height = np.float64(0.05)
734.9611 	EXP 	target_text: text = 'She like does apples not'
734.9714 	EXP 	fix_text: autoDraw = True
735.2123 	EXP 	fix_text: autoDraw = False
735.2123 	EXP 	blank1_bg: autoDraw = True
735.4110 	EXP 	blank1_bg: autoDraw = False
735.4110 	EXP 	prime_text: autoDraw = True
735.6113 	EXP 	prime_text: autoDraw = False
735.6113 	EXP 	blank2_bg: autoDraw = True
735.7048 	EXP 	blank2_bg: autoDraw = False
735.7115 	INFO 	Keyboard events cleared
735.7113 	EXP 	target_text: autoDraw = True
736.8949 	EXP 	Device response: <KeyPress from None: t=736.8897520000028, value=left, duration=None>
736.9022 	DATA 	Keypress: left
736.9069 	EXP 	fix_text: autoDraw = False
736.9069 	EXP 	blank1_bg: autoDraw = False
736.9069 	EXP 	prime_text: autoDraw = False
736.9069 	EXP 	blank2_bg: autoDraw = False
736.9069 	EXP 	target_text: autoDraw = False
736.9069 	EXP 	greenCircle: autoDraw = True
736.9069 	EXP 	redCrosss: autoDraw = True
736.9950 	EXP 	Device response: <KeyPress from None: t=736.8897520000028, value=left, duration=0.10032625000167172>
737.0868 	EXP 	blank3_bg: autoDraw = True
737.1033 	EXP 	greenCircle: autoDraw = False
737.1033 	EXP 	redCrosss: autoDraw = False
737.8713 	EXP 	New trial (rep=14, index=5): <Trial 229 (5 in rep 14) data={'prime': 'The dog is barking loudly', 'target': 'The dog barking is loudly', 'condition': 'transposition_related', 'correctAns': 'right', 'thisN': 229, 'thisTrialN': 5, 'thisRepN': 14}>
737.8863 	EXP 	blank3_bg: autoDraw = False
737.8863 	EXP 	blank3_bg: autoDraw = False
737.8863 	EXP 	greenCircle: autoDraw = False
737.8863 	EXP 	redCrosss: autoDraw = False
737.8863 	EXP 	prime_text: height = np.float64(0.05)
737.8863 	EXP 	prime_text: height = np.float64(0.05)
737.8863 	EXP 	prime_text: height = np.float64(0.05)
737.8863 	EXP 	prime_text: text = 'The dog is barking loudly'
737.8863 	EXP 	target_text: height = np.float64(0.05)
737.8863 	EXP 	target_text: height = np.float64(0.05)
737.8863 	EXP 	target_text: height = np.float64(0.05)
737.8863 	EXP 	target_text: text = 'The dog barking is loudly'
737.8910 	EXP 	fix_text: autoDraw = True
738.1381 	EXP 	fix_text: autoDraw = False
738.1381 	EXP 	blank1_bg: autoDraw = True
738.3380 	EXP 	blank1_bg: autoDraw = False
738.3441 	EXP 	prime_text: autoDraw = True
738.5381 	EXP 	prime_text: autoDraw = False
738.5447 	EXP 	blank2_bg: autoDraw = True
738.6382 	INFO 	Keyboard events cleared
738.6380 	EXP 	blank2_bg: autoDraw = False
738.6380 	EXP 	target_text: autoDraw = True
739.4454 	EXP 	Device response: <KeyPress from None: t=739.4407366250089, value=right, duration=None>
739.4531 	DATA 	Keypress: right
739.4574 	EXP 	fix_text: autoDraw = False
739.4574 	EXP 	blank1_bg: autoDraw = False
739.4574 	EXP 	prime_text: autoDraw = False
739.4574 	EXP 	blank2_bg: autoDraw = False
739.4574 	EXP 	target_text: autoDraw = False
739.4574 	EXP 	greenCircle: autoDraw = True
739.4574 	EXP 	redCrosss: autoDraw = True
739.5457 	EXP 	Device response: <KeyPress from None: t=739.4407366250089, value=right, duration=0.10030937498959247>
739.6469 	EXP 	blank3_bg: autoDraw = True
739.6533 	EXP 	greenCircle: autoDraw = False
739.6533 	EXP 	redCrosss: autoDraw = False
740.4378 	EXP 	New trial (rep=14, index=6): <Trial 230 (6 in rep 14) data={'prime': 'She does not like apples', 'target': 'She does not like apples', 'condition': 'repetition_related', 'correctAns': 'right', 'thisN': 230, 'thisTrialN': 6, 'thisRepN': 14}>
740.4529 	EXP 	blank3_bg: autoDraw = False
740.4529 	EXP 	blank3_bg: autoDraw = False
740.4529 	EXP 	greenCircle: autoDraw = False
740.4529 	EXP 	redCrosss: autoDraw = False
740.4529 	EXP 	prime_text: height = np.float64(0.05)
740.4529 	EXP 	prime_text: height = np.float64(0.05)
740.4529 	EXP 	prime_text: height = np.float64(0.05)
740.4529 	EXP 	prime_text: text = 'She does not like apples'
740.4529 	EXP 	target_text: height = np.float64(0.05)
740.4529 	EXP 	target_text: height = np.float64(0.05)
740.4529 	EXP 	target_text: height = np.float64(0.05)
740.4529 	EXP 	target_text: text = 'She does not like apples'
740.4529 	EXP 	fix_text: autoDraw = True
740.6963 	EXP 	fix_text: autoDraw = False
740.6963 	EXP 	blank1_bg: autoDraw = True
740.8941 	EXP 	blank1_bg: autoDraw = False
740.8941 	EXP 	prime_text: autoDraw = True
741.0880 	EXP 	prime_text: autoDraw = False
741.0945 	EXP 	blank2_bg: autoDraw = True
741.1880 	EXP 	blank2_bg: autoDraw = False
741.1949 	INFO 	Keyboard events cleared
741.1947 	EXP 	target_text: autoDraw = True
742.4231 	EXP 	Device response: <KeyPress from None: t=742.4166724160023, value=right, duration=None>
742.4314 	DATA 	Keypress: right
742.4356 	EXP 	fix_text: autoDraw = False
742.4356 	EXP 	blank1_bg: autoDraw = False
742.4356 	EXP 	prime_text: autoDraw = False
742.4356 	EXP 	blank2_bg: autoDraw = False
742.4356 	EXP 	target_text: autoDraw = False
742.4356 	EXP 	greenCircle: autoDraw = True
742.4356 	EXP 	redCrosss: autoDraw = True
742.5398 	EXP 	Device response: <KeyPress from None: t=742.4166724160023, value=right, duration=0.12029258400434628>
742.6202 	EXP 	blank3_bg: autoDraw = True
742.6289 	EXP 	greenCircle: autoDraw = False
742.6289 	EXP 	redCrosss: autoDraw = False
743.4054 	EXP 	New trial (rep=14, index=7): <Trial 231 (7 in rep 14) data={'prime': 'The boy can read fast', 'target': 'The read can boy fast', 'condition': 'repetition_unrelated', 'correctAns': 'left', 'thisN': 231, 'thisTrialN': 7, 'thisRepN': 14}>
743.4207 	EXP 	blank3_bg: autoDraw = False
743.4207 	EXP 	blank3_bg: autoDraw = False
743.4207 	EXP 	greenCircle: autoDraw = False
743.4207 	EXP 	redCrosss: autoDraw = False
743.4207 	EXP 	prime_text: height = np.float64(0.05)
743.4207 	EXP 	prime_text: height = np.float64(0.05)
743.4207 	EXP 	prime_text: height = np.float64(0.05)
743.4207 	EXP 	prime_text: text = 'The boy can read fast'
743.4207 	EXP 	target_text: height = np.float64(0.05)
743.4207 	EXP 	target_text: height = np.float64(0.05)
743.4207 	EXP 	target_text: height = np.float64(0.05)
743.4207 	EXP 	target_text: text = 'The read can boy fast'
743.4251 	EXP 	fix_text: autoDraw = True
743.6702 	EXP 	fix_text: autoDraw = False
743.6702 	EXP 	blank1_bg: autoDraw = True
743.8581 	EXP 	blank1_bg: autoDraw = False
743.8716 	EXP 	prime_text: autoDraw = True
744.0595 	EXP 	prime_text: autoDraw = False
744.0713 	EXP 	blank2_bg: autoDraw = True
744.1595 	EXP 	blank2_bg: autoDraw = False
744.1714 	INFO 	Keyboard events cleared
744.1712 	EXP 	target_text: autoDraw = True
744.8439 	EXP 	Device response: <KeyPress from None: t=744.8424824160029, value=left, duration=None>
744.8512 	DATA 	Keypress: left
744.8564 	EXP 	fix_text: autoDraw = False
744.8564 	EXP 	blank1_bg: autoDraw = False
744.8564 	EXP 	prime_text: autoDraw = False
744.8564 	EXP 	blank2_bg: autoDraw = False
744.8564 	EXP 	target_text: autoDraw = False
744.8564 	EXP 	greenCircle: autoDraw = True
744.8564 	EXP 	redCrosss: autoDraw = True
744.9560 	EXP 	Device response: <KeyPress from None: t=744.8424824160029, value=left, duration=0.10431949999474455>
745.0380 	EXP 	blank3_bg: autoDraw = True
745.0532 	EXP 	greenCircle: autoDraw = False
745.0532 	EXP 	redCrosss: autoDraw = False
745.8288 	EXP 	New trial (rep=14, index=8): <Trial 232 (8 in rep 14) data={'prime': 'The boy can read fast', 'target': 'The read can boy fast', 'condition': 'transposition_unrelated', 'correctAns': 'left', 'thisN': 232, 'thisTrialN': 8, 'thisRepN': 14}>
745.8369 	EXP 	blank3_bg: autoDraw = False
745.8369 	EXP 	blank3_bg: autoDraw = False
745.8369 	EXP 	greenCircle: autoDraw = False
745.8369 	EXP 	redCrosss: autoDraw = False
745.8369 	EXP 	prime_text: text = 'The boy can read fast'
745.8369 	EXP 	target_text: text = 'The read can boy fast'
745.8369 	EXP 	fix_text: autoDraw = True
746.0763 	EXP 	fix_text: autoDraw = False
746.0964 	EXP 	blank1_bg: autoDraw = True
746.2864 	EXP 	prime_text: autoDraw = True
746.2912 	EXP 	blank1_bg: autoDraw = False
746.4761 	EXP 	prime_text: autoDraw = False
746.4946 	EXP 	blank2_bg: autoDraw = True
746.5878 	INFO 	Keyboard events cleared
746.5876 	EXP 	blank2_bg: autoDraw = False
746.5876 	EXP 	target_text: autoDraw = True
747.5567 	EXP 	Device response: <KeyPress from None: t=747.5475112499989, value=left, duration=None>
747.5647 	DATA 	Keypress: left
747.5689 	EXP 	fix_text: autoDraw = False
747.5689 	EXP 	blank1_bg: autoDraw = False
747.5689 	EXP 	prime_text: autoDraw = False
747.5689 	EXP 	blank2_bg: autoDraw = False
747.5689 	EXP 	target_text: autoDraw = False
747.5689 	EXP 	greenCircle: autoDraw = True
747.5689 	EXP 	redCrosss: autoDraw = True
747.6728 	EXP 	Device response: <KeyPress from None: t=747.5475112499989, value=left, duration=0.11230566599988379>
747.7549 	EXP 	blank3_bg: autoDraw = True
747.7630 	EXP 	greenCircle: autoDraw = False
747.7630 	EXP 	redCrosss: autoDraw = False
748.5445 	EXP 	New trial (rep=14, index=9): <Trial 233 (9 in rep 14) data={'prime': 'They have finished the work', 'target': 'They finished have the work', 'condition': 'repetition_unrelated', 'correctAns': 'left', 'thisN': 233, 'thisTrialN': 9, 'thisRepN': 14}>
748.5585 	EXP 	blank3_bg: autoDraw = False
748.5585 	EXP 	blank3_bg: autoDraw = False
748.5585 	EXP 	greenCircle: autoDraw = False
748.5585 	EXP 	redCrosss: autoDraw = False
748.5585 	EXP 	prime_text: height = np.float64(0.05)
748.5585 	EXP 	prime_text: height = np.float64(0.05)
748.5585 	EXP 	prime_text: height = np.float64(0.05)
748.5585 	EXP 	prime_text: text = 'They have finished the work'
748.5585 	EXP 	target_text: height = np.float64(0.05)
748.5585 	EXP 	target_text: height = np.float64(0.05)
748.5585 	EXP 	target_text: height = np.float64(0.05)
748.5585 	EXP 	target_text: text = 'They finished have the work'
748.5585 	EXP 	fix_text: autoDraw = True
748.8049 	EXP 	fix_text: autoDraw = False
748.8049 	EXP 	blank1_bg: autoDraw = True
749.0047 	EXP 	blank1_bg: autoDraw = False
749.0047 	EXP 	prime_text: autoDraw = True
749.1922 	EXP 	prime_text: autoDraw = False
749.2048 	EXP 	blank2_bg: autoDraw = True
749.2932 	EXP 	blank2_bg: autoDraw = False
749.3052 	INFO 	Keyboard events cleared
749.3049 	EXP 	target_text: autoDraw = True
750.6226 	EXP 	Device response: <KeyPress from None: t=750.6143942909985, value=left, duration=None>
750.6307 	DATA 	Keypress: left
750.6349 	EXP 	fix_text: autoDraw = False
750.6349 	EXP 	blank1_bg: autoDraw = False
750.6349 	EXP 	prime_text: autoDraw = False
750.6349 	EXP 	blank2_bg: autoDraw = False
750.6349 	EXP 	target_text: autoDraw = False
750.6349 	EXP 	greenCircle: autoDraw = True
750.6349 	EXP 	redCrosss: autoDraw = True
750.7280 	EXP 	Device response: <KeyPress from None: t=750.6143942909985, value=left, duration=0.11232879200542811>
750.8204 	EXP 	blank3_bg: autoDraw = True
750.8274 	EXP 	greenCircle: autoDraw = False
750.8274 	EXP 	redCrosss: autoDraw = False
751.6040 	EXP 	New trial (rep=14, index=10): <Trial 234 (10 in rep 14) data={'prime': 'The boy can read fast', 'target': 'The boy can read fast', 'condition': 'transposition_related', 'correctAns': 'right', 'thisN': 234, 'thisTrialN': 10, 'thisRepN': 14}>
751.6176 	EXP 	blank3_bg: autoDraw = False
751.6176 	EXP 	blank3_bg: autoDraw = False
751.6176 	EXP 	greenCircle: autoDraw = False
751.6176 	EXP 	redCrosss: autoDraw = False
751.6176 	EXP 	prime_text: height = np.float64(0.05)
751.6176 	EXP 	prime_text: height = np.float64(0.05)
751.6176 	EXP 	prime_text: height = np.float64(0.05)
751.6176 	EXP 	prime_text: text = 'The boy can read fast'
751.6176 	EXP 	target_text: height = np.float64(0.05)
751.6176 	EXP 	target_text: height = np.float64(0.05)
751.6176 	EXP 	target_text: height = np.float64(0.05)
751.6176 	EXP 	target_text: text = 'The boy can read fast'
751.6221 	EXP 	fix_text: autoDraw = True
751.8587 	EXP 	fix_text: autoDraw = False
751.8712 	EXP 	blank1_bg: autoDraw = True
752.0588 	EXP 	blank1_bg: autoDraw = False
752.0712 	EXP 	prime_text: autoDraw = True
752.2595 	EXP 	prime_text: autoDraw = False
752.2713 	EXP 	blank2_bg: autoDraw = True
752.3589 	EXP 	blank2_bg: autoDraw = False
752.3716 	INFO 	Keyboard events cleared
752.3714 	EXP 	target_text: autoDraw = True
753.5287 	EXP 	Device response: <KeyPress from None: t=753.5255440000037, value=right, duration=None>
753.5361 	DATA 	Keypress: right
753.5406 	EXP 	fix_text: autoDraw = False
753.5406 	EXP 	blank1_bg: autoDraw = False
753.5406 	EXP 	prime_text: autoDraw = False
753.5406 	EXP 	blank2_bg: autoDraw = False
753.5406 	EXP 	target_text: autoDraw = False
753.5406 	EXP 	greenCircle: autoDraw = True
753.5406 	EXP 	redCrosss: autoDraw = True
753.6279 	EXP 	Device response: <KeyPress from None: t=753.5255440000037, value=right, duration=0.09598920799908228>
753.7300 	EXP 	blank3_bg: autoDraw = True
753.7365 	EXP 	greenCircle: autoDraw = False
753.7365 	EXP 	redCrosss: autoDraw = False
754.5143 	EXP 	New trial (rep=14, index=11): <Trial 235 (11 in rep 14) data={'prime': 'They have finished the work', 'target': 'They have finished the work', 'condition': 'repetition_related', 'correctAns': 'right', 'thisN': 235, 'thisTrialN': 11, 'thisRepN': 14}>
754.5294 	EXP 	blank3_bg: autoDraw = False
754.5294 	EXP 	blank3_bg: autoDraw = False
754.5294 	EXP 	greenCircle: autoDraw = False
754.5294 	EXP 	redCrosss: autoDraw = False
754.5294 	EXP 	prime_text: height = np.float64(0.05)
754.5294 	EXP 	prime_text: height = np.float64(0.05)
754.5294 	EXP 	prime_text: height = np.float64(0.05)
754.5294 	EXP 	prime_text: text = 'They have finished the work'
754.5294 	EXP 	target_text: height = np.float64(0.05)
754.5294 	EXP 	target_text: height = np.float64(0.05)
754.5294 	EXP 	target_text: height = np.float64(0.05)
754.5294 	EXP 	target_text: text = 'They have finished the work'
754.5294 	EXP 	fix_text: autoDraw = True
754.7797 	EXP 	fix_text: autoDraw = False
754.7797 	EXP 	blank1_bg: autoDraw = True
754.9699 	EXP 	prime_text: autoDraw = True
754.9746 	EXP 	blank1_bg: autoDraw = False
755.1597 	EXP 	prime_text: autoDraw = False
755.1779 	EXP 	blank2_bg: autoDraw = True
755.2714 	EXP 	blank2_bg: autoDraw = False
755.2781 	INFO 	Keyboard events cleared
755.2779 	EXP 	target_text: autoDraw = True
756.0899 	EXP 	Device response: <KeyPress from None: t=756.0844290829991, value=left, duration=None>
756.0980 	DATA 	Keypress: left
756.1024 	EXP 	fix_text: autoDraw = False
756.1024 	EXP 	blank1_bg: autoDraw = False
756.1024 	EXP 	prime_text: autoDraw = False
756.1024 	EXP 	blank2_bg: autoDraw = False
756.1024 	EXP 	target_text: autoDraw = False
756.1024 	EXP 	greenCircle: autoDraw = True
756.1024 	EXP 	redCrosss: autoDraw = True
756.1951 	EXP 	Device response: <KeyPress from None: t=756.0844290829991, value=left, duration=0.10818224999820814>
756.2865 	EXP 	blank3_bg: autoDraw = True
756.2948 	EXP 	greenCircle: autoDraw = False
756.2948 	EXP 	redCrosss: autoDraw = False
757.0712 	EXP 	New trial (rep=14, index=12): <Trial 236 (12 in rep 14) data={'prime': 'The dog is barking loudly', 'target': 'The loudly is barking dog', 'condition': 'repetition_unrelated', 'correctAns': 'left', 'thisN': 236, 'thisTrialN': 12, 'thisRepN': 14}>
757.0876 	EXP 	blank3_bg: autoDraw = False
757.0876 	EXP 	blank3_bg: autoDraw = False
757.0876 	EXP 	greenCircle: autoDraw = False
757.0876 	EXP 	redCrosss: autoDraw = False
757.0876 	EXP 	prime_text: height = np.float64(0.05)
757.0876 	EXP 	prime_text: height = np.float64(0.05)
757.0876 	EXP 	prime_text: height = np.float64(0.05)
757.0876 	EXP 	prime_text: text = 'The dog is barking loudly'
757.0876 	EXP 	target_text: height = np.float64(0.05)
757.0876 	EXP 	target_text: height = np.float64(0.05)
757.0876 	EXP 	target_text: height = np.float64(0.05)
757.0876 	EXP 	target_text: text = 'The loudly is barking dog'
757.1046 	EXP 	fix_text: autoDraw = True
757.3381 	EXP 	blank1_bg: autoDraw = True
757.3463 	EXP 	fix_text: autoDraw = False
757.5378 	EXP 	blank1_bg: autoDraw = False
757.5378 	EXP 	prime_text: autoDraw = True
757.7260 	EXP 	prime_text: autoDraw = False
757.7381 	EXP 	blank2_bg: autoDraw = True
757.8252 	EXP 	blank2_bg: autoDraw = False
757.8385 	INFO 	Keyboard events cleared
757.8382 	EXP 	target_text: autoDraw = True
758.8066 	EXP 	Device response: <KeyPress from None: t=758.8002882910077, value=left, duration=None>
758.8145 	DATA 	Keypress: left
758.8187 	EXP 	fix_text: autoDraw = False
758.8187 	EXP 	blank1_bg: autoDraw = False
758.8187 	EXP 	prime_text: autoDraw = False
758.8187 	EXP 	blank2_bg: autoDraw = False
758.8187 	EXP 	target_text: autoDraw = False
758.8187 	EXP 	greenCircle: autoDraw = True
758.8187 	EXP 	redCrosss: autoDraw = True
758.9286 	EXP 	Device response: <KeyPress from None: t=758.8002882910077, value=left, duration=0.1242097499925876>
759.0032 	EXP 	blank3_bg: autoDraw = True
759.0109 	EXP 	greenCircle: autoDraw = False
759.0109 	EXP 	redCrosss: autoDraw = False
759.7873 	EXP 	New trial (rep=14, index=13): <Trial 237 (13 in rep 14) data={'prime': 'The dog is barking loudly', 'target': 'The dog is barking loudly', 'condition': 'repetition_related', 'correctAns': 'right', 'thisN': 237, 'thisTrialN': 13, 'thisRepN': 14}>
759.7982 	EXP 	blank3_bg: autoDraw = False
759.7982 	EXP 	blank3_bg: autoDraw = False
759.7982 	EXP 	greenCircle: autoDraw = False
759.7982 	EXP 	redCrosss: autoDraw = False
759.7982 	EXP 	prime_text: text = 'The dog is barking loudly'
759.7982 	EXP 	target_text: height = np.float64(0.05)
759.7982 	EXP 	target_text: height = np.float64(0.05)
759.7982 	EXP 	target_text: height = np.float64(0.05)
759.7982 	EXP 	target_text: text = 'The dog is barking loudly'
759.8031 	EXP 	fix_text: autoDraw = True
760.0427 	EXP 	fix_text: autoDraw = False
760.0546 	EXP 	blank1_bg: autoDraw = True
760.2546 	EXP 	blank1_bg: autoDraw = False
760.2546 	EXP 	prime_text: autoDraw = True
760.4421 	EXP 	prime_text: autoDraw = False
760.4546 	EXP 	blank2_bg: autoDraw = True
760.5429 	EXP 	blank2_bg: autoDraw = False
760.5550 	INFO 	Keyboard events cleared
760.5548 	EXP 	target_text: autoDraw = True
761.3065 	EXP 	Device response: <KeyPress from None: t=761.2950886659964, value=right, duration=None>
761.3144 	DATA 	Keypress: right
761.3186 	EXP 	fix_text: autoDraw = False
761.3186 	EXP 	blank1_bg: autoDraw = False
761.3186 	EXP 	prime_text: autoDraw = False
761.3186 	EXP 	blank2_bg: autoDraw = False
761.3186 	EXP 	target_text: autoDraw = False
761.3186 	EXP 	greenCircle: autoDraw = True
761.3186 	EXP 	redCrosss: autoDraw = True
761.4120 	EXP 	Device response: <KeyPress from None: t=761.2950886659964, value=right, duration=0.11244545900262892>
761.5034 	EXP 	blank3_bg: autoDraw = True
761.5099 	EXP 	greenCircle: autoDraw = False
761.5099 	EXP 	redCrosss: autoDraw = False
762.2871 	EXP 	New trial (rep=14, index=14): <Trial 238 (14 in rep 14) data={'prime': 'The boy can read fast', 'target': 'The boy can read fast', 'condition': 'repetition_related', 'correctAns': 'right', 'thisN': 238, 'thisTrialN': 14, 'thisRepN': 14}>
762.3004 	EXP 	blank3_bg: autoDraw = False
762.3004 	EXP 	blank3_bg: autoDraw = False
762.3004 	EXP 	greenCircle: autoDraw = False
762.3004 	EXP 	redCrosss: autoDraw = False
762.3004 	EXP 	prime_text: height = np.float64(0.05)
762.3004 	EXP 	prime_text: height = np.float64(0.05)
762.3004 	EXP 	prime_text: height = np.float64(0.05)
762.3004 	EXP 	prime_text: text = 'The boy can read fast'
762.3004 	EXP 	target_text: height = np.float64(0.05)
762.3004 	EXP 	target_text: height = np.float64(0.05)
762.3004 	EXP 	target_text: height = np.float64(0.05)
762.3004 	EXP 	target_text: text = 'The boy can read fast'
762.3057 	EXP 	fix_text: autoDraw = True
762.5432 	EXP 	fix_text: autoDraw = False
762.5546 	EXP 	blank1_bg: autoDraw = True
762.7427 	EXP 	blank1_bg: autoDraw = False
762.7548 	EXP 	prime_text: autoDraw = True
762.9420 	EXP 	prime_text: autoDraw = False
762.9546 	EXP 	blank2_bg: autoDraw = True
763.0433 	EXP 	blank2_bg: autoDraw = False
763.0550 	INFO 	Keyboard events cleared
763.0548 	EXP 	target_text: autoDraw = True
763.6285 	EXP 	Device response: <KeyPress from None: t=763.6270310410036, value=right, duration=None>
763.6360 	DATA 	Keypress: right
763.6405 	EXP 	fix_text: autoDraw = False
763.6405 	EXP 	blank1_bg: autoDraw = False
763.6405 	EXP 	prime_text: autoDraw = False
763.6405 	EXP 	blank2_bg: autoDraw = False
763.6405 	EXP 	target_text: autoDraw = False
763.6405 	EXP 	greenCircle: autoDraw = True
763.6405 	EXP 	redCrosss: autoDraw = True
763.7560 	EXP 	Device response: <KeyPress from None: t=763.6270310410036, value=right, duration=0.12440262500604149>
763.8296 	EXP 	blank3_bg: autoDraw = True
763.8365 	EXP 	greenCircle: autoDraw = False
763.8365 	EXP 	redCrosss: autoDraw = False
764.6128 	EXP 	New trial (rep=14, index=15): <Trial 239 (15 in rep 14) data={'prime': 'She does not like apples', 'target': 'She not does like apples', 'condition': 'transposition_related', 'correctAns': 'right', 'thisN': 239, 'thisTrialN': 15, 'thisRepN': 14}>
764.6279 	EXP 	blank3_bg: autoDraw = False
764.6279 	EXP 	blank3_bg: autoDraw = False
764.6279 	EXP 	greenCircle: autoDraw = False
764.6279 	EXP 	redCrosss: autoDraw = False
764.6279 	EXP 	prime_text: height = np.float64(0.05)
764.6279 	EXP 	prime_text: height = np.float64(0.05)
764.6279 	EXP 	prime_text: height = np.float64(0.05)
764.6279 	EXP 	prime_text: text = 'She does not like apples'
764.6279 	EXP 	target_text: height = np.float64(0.05)
764.6279 	EXP 	target_text: height = np.float64(0.05)
764.6279 	EXP 	target_text: height = np.float64(0.05)
764.6279 	EXP 	target_text: text = 'She not does like apples'
764.6279 	EXP 	fix_text: autoDraw = True
764.8794 	EXP 	fix_text: autoDraw = False
764.8794 	EXP 	blank1_bg: autoDraw = True
765.0705 	EXP 	prime_text: autoDraw = True
765.0752 	EXP 	blank1_bg: autoDraw = False
765.2595 	EXP 	prime_text: autoDraw = False
765.2778 	EXP 	blank2_bg: autoDraw = True
765.3776 	INFO 	Keyboard events cleared
765.3775 	EXP 	blank2_bg: autoDraw = False
765.3775 	EXP 	target_text: autoDraw = True
766.4399 	EXP 	Device response: <KeyPress from None: t=766.4291085410077, value=left, duration=None>
766.4481 	DATA 	Keypress: left
766.4524 	EXP 	fix_text: autoDraw = False
766.4524 	EXP 	blank1_bg: autoDraw = False
766.4524 	EXP 	prime_text: autoDraw = False
766.4524 	EXP 	blank2_bg: autoDraw = False
766.4524 	EXP 	target_text: autoDraw = False
766.4524 	EXP 	greenCircle: autoDraw = True
766.4524 	EXP 	redCrosss: autoDraw = True
766.5285 	EXP 	Device response: <KeyPress from None: t=766.4291085410077, value=left, duration=0.0962085419887444>
766.6364 	EXP 	blank3_bg: autoDraw = True
766.6440 	EXP 	greenCircle: autoDraw = False
766.6440 	EXP 	redCrosss: autoDraw = False
767.4218 	EXP 	New trial (rep=15, index=0): <Trial 240 (0 in rep 15) data={'prime': 'The boy can read fast', 'target': 'The read can boy fast', 'condition': 'transposition_unrelated', 'correctAns': 'left', 'thisN': 240, 'thisTrialN': 0, 'thisRepN': 15}>
767.4357 	EXP 	blank3_bg: autoDraw = False
767.4357 	EXP 	blank3_bg: autoDraw = False
767.4357 	EXP 	greenCircle: autoDraw = False
767.4357 	EXP 	redCrosss: autoDraw = False
767.4357 	EXP 	prime_text: height = np.float64(0.05)
767.4357 	EXP 	prime_text: height = np.float64(0.05)
767.4357 	EXP 	prime_text: height = np.float64(0.05)
767.4357 	EXP 	prime_text: text = 'The boy can read fast'
767.4357 	EXP 	target_text: height = np.float64(0.05)
767.4357 	EXP 	target_text: height = np.float64(0.05)
767.4357 	EXP 	target_text: height = np.float64(0.05)
767.4357 	EXP 	target_text: text = 'The read can boy fast'
767.4404 	EXP 	fix_text: autoDraw = True
767.6874 	EXP 	fix_text: autoDraw = False
767.6874 	EXP 	blank1_bg: autoDraw = True
767.8746 	EXP 	blank1_bg: autoDraw = False
767.8883 	EXP 	prime_text: autoDraw = True
768.0762 	EXP 	prime_text: autoDraw = False
768.0880 	EXP 	blank2_bg: autoDraw = True
768.1754 	EXP 	blank2_bg: autoDraw = False
768.1882 	INFO 	Keyboard events cleared
768.1879 	EXP 	target_text: autoDraw = True
769.4953 	EXP 	Device response: <KeyPress from None: t=769.491999165999, value=left, duration=None>
769.5026 	DATA 	Keypress: left
769.5074 	EXP 	fix_text: autoDraw = False
769.5074 	EXP 	blank1_bg: autoDraw = False
769.5074 	EXP 	prime_text: autoDraw = False
769.5074 	EXP 	blank2_bg: autoDraw = False
769.5074 	EXP 	target_text: autoDraw = False
769.5074 	EXP 	greenCircle: autoDraw = True
769.5074 	EXP 	redCrosss: autoDraw = True
769.5723 	EXP 	Device response: <KeyPress from None: t=769.491999165999, value=left, duration=0.07636258400452789>
769.6971 	EXP 	blank3_bg: autoDraw = True
769.7030 	EXP 	greenCircle: autoDraw = False
769.7030 	EXP 	redCrosss: autoDraw = False
770.4874 	EXP 	New trial (rep=15, index=1): <Trial 241 (1 in rep 15) data={'prime': 'The dog is barking loudly', 'target': 'The dog barking is loudly', 'condition': 'transposition_related', 'correctAns': 'right', 'thisN': 241, 'thisTrialN': 1, 'thisRepN': 15}>
770.5028 	EXP 	blank3_bg: autoDraw = False
770.5028 	EXP 	blank3_bg: autoDraw = False
770.5028 	EXP 	greenCircle: autoDraw = False
770.5028 	EXP 	redCrosss: autoDraw = False
770.5028 	EXP 	prime_text: height = np.float64(0.05)
770.5028 	EXP 	prime_text: height = np.float64(0.05)
770.5028 	EXP 	prime_text: height = np.float64(0.05)
770.5028 	EXP 	prime_text: text = 'The dog is barking loudly'
770.5028 	EXP 	target_text: height = np.float64(0.05)
770.5028 	EXP 	target_text: height = np.float64(0.05)
770.5028 	EXP 	target_text: height = np.float64(0.05)
770.5028 	EXP 	target_text: text = 'The dog barking is loudly'
770.5028 	EXP 	fix_text: autoDraw = True
770.7464 	EXP 	fix_text: autoDraw = False
770.7464 	EXP 	blank1_bg: autoDraw = True
770.9362 	EXP 	prime_text: autoDraw = True
770.9410 	EXP 	blank1_bg: autoDraw = False
771.1261 	EXP 	prime_text: autoDraw = False
771.1446 	EXP 	blank2_bg: autoDraw = True
771.2448 	INFO 	Keyboard events cleared
771.2447 	EXP 	blank2_bg: autoDraw = False
771.2447 	EXP 	target_text: autoDraw = True
772.2732 	EXP 	Device response: <KeyPress from None: t=772.2692134999961, value=left, duration=None>
772.2813 	DATA 	Keypress: left
772.2857 	EXP 	fix_text: autoDraw = False
772.2857 	EXP 	blank1_bg: autoDraw = False
772.2857 	EXP 	prime_text: autoDraw = False
772.2857 	EXP 	blank2_bg: autoDraw = False
772.2857 	EXP 	target_text: autoDraw = False
772.2857 	EXP 	greenCircle: autoDraw = True
772.2857 	EXP 	redCrosss: autoDraw = True
772.3557 	EXP 	Device response: <KeyPress from None: t=772.2692134999961, value=left, duration=0.08405529100855347>
772.4714 	EXP 	blank3_bg: autoDraw = True
772.4793 	EXP 	greenCircle: autoDraw = False
772.4793 	EXP 	redCrosss: autoDraw = False
773.2553 	EXP 	New trial (rep=15, index=2): <Trial 242 (2 in rep 15) data={'prime': 'The boy can read fast', 'target': 'The read can boy fast', 'condition': 'repetition_unrelated', 'correctAns': 'left', 'thisN': 242, 'thisTrialN': 2, 'thisRepN': 15}>
773.2703 	EXP 	blank3_bg: autoDraw = False
773.2703 	EXP 	blank3_bg: autoDraw = False
773.2703 	EXP 	greenCircle: autoDraw = False
773.2703 	EXP 	redCrosss: autoDraw = False
773.2703 	EXP 	prime_text: height = np.float64(0.05)
773.2703 	EXP 	prime_text: height = np.float64(0.05)
773.2703 	EXP 	prime_text: height = np.float64(0.05)
773.2703 	EXP 	prime_text: text = 'The boy can read fast'
773.2703 	EXP 	target_text: height = np.float64(0.05)
773.2703 	EXP 	target_text: height = np.float64(0.05)
773.2703 	EXP 	target_text: height = np.float64(0.05)
773.2703 	EXP 	target_text: text = 'The read can boy fast'
773.2750 	EXP 	fix_text: autoDraw = True
773.5214 	EXP 	fix_text: autoDraw = False
773.5214 	EXP 	blank1_bg: autoDraw = True
773.7203 	EXP 	blank1_bg: autoDraw = False
773.7203 	EXP 	prime_text: autoDraw = True
773.9094 	EXP 	prime_text: autoDraw = False
773.9212 	EXP 	blank2_bg: autoDraw = True
774.0094 	EXP 	blank2_bg: autoDraw = False
774.0217 	INFO 	Keyboard events cleared
774.0215 	EXP 	target_text: autoDraw = True
775.1229 	EXP 	Device response: <KeyPress from None: t=775.1209047080047, value=left, duration=None>
775.1309 	DATA 	Keypress: left
775.1351 	EXP 	fix_text: autoDraw = False
775.1351 	EXP 	blank1_bg: autoDraw = False
775.1351 	EXP 	prime_text: autoDraw = False
775.1351 	EXP 	blank2_bg: autoDraw = False
775.1351 	EXP 	target_text: autoDraw = False
775.1351 	EXP 	greenCircle: autoDraw = True
775.1351 	EXP 	redCrosss: autoDraw = True
775.2061 	EXP 	Device response: <KeyPress from None: t=775.1209047080047, value=left, duration=0.08028162499249447>
775.3197 	EXP 	blank3_bg: autoDraw = True
775.3260 	EXP 	greenCircle: autoDraw = False
775.3260 	EXP 	redCrosss: autoDraw = False
776.1054 	EXP 	New trial (rep=15, index=3): <Trial 243 (3 in rep 15) data={'prime': 'The boy can read fast', 'target': 'The boy can read fast', 'condition': 'repetition_related', 'correctAns': 'right', 'thisN': 243, 'thisTrialN': 3, 'thisRepN': 15}>
776.1156 	EXP 	blank3_bg: autoDraw = False
776.1156 	EXP 	blank3_bg: autoDraw = False
776.1156 	EXP 	greenCircle: autoDraw = False
776.1156 	EXP 	redCrosss: autoDraw = False
776.1156 	EXP 	prime_text: text = 'The boy can read fast'
776.1156 	EXP 	target_text: height = np.float64(0.05)
776.1156 	EXP 	target_text: height = np.float64(0.05)
776.1156 	EXP 	target_text: height = np.float64(0.05)
776.1156 	EXP 	target_text: text = 'The boy can read fast'
776.1199 	EXP 	fix_text: autoDraw = True
776.3595 	EXP 	fix_text: autoDraw = False
776.3712 	EXP 	blank1_bg: autoDraw = True
776.5713 	EXP 	blank1_bg: autoDraw = False
776.5713 	EXP 	prime_text: autoDraw = True
776.7595 	EXP 	prime_text: autoDraw = False
776.7715 	EXP 	blank2_bg: autoDraw = True
776.8611 	EXP 	blank2_bg: autoDraw = False
776.8716 	INFO 	Keyboard events cleared
776.8714 	EXP 	target_text: autoDraw = True
777.7953 	EXP 	Device response: <KeyPress from None: t=777.7928323329979, value=right, duration=None>
777.8029 	DATA 	Keypress: right
777.8073 	EXP 	fix_text: autoDraw = False
777.8073 	EXP 	blank1_bg: autoDraw = False
777.8073 	EXP 	prime_text: autoDraw = False
777.8073 	EXP 	blank2_bg: autoDraw = False
777.8073 	EXP 	target_text: autoDraw = False
777.8073 	EXP 	greenCircle: autoDraw = True
777.8073 	EXP 	redCrosss: autoDraw = True
777.9058 	EXP 	Device response: <KeyPress from None: t=777.7928323329979, value=right, duration=0.104268958006287>
777.9963 	EXP 	blank3_bg: autoDraw = True
778.0031 	EXP 	greenCircle: autoDraw = False
778.0031 	EXP 	redCrosss: autoDraw = False
778.7875 	EXP 	New trial (rep=15, index=4): <Trial 244 (4 in rep 15) data={'prime': 'They have finished the work', 'target': 'They have finished the work', 'condition': 'repetition_related', 'correctAns': 'right', 'thisN': 244, 'thisTrialN': 4, 'thisRepN': 15}>
778.8032 	EXP 	blank3_bg: autoDraw = False
778.8032 	EXP 	blank3_bg: autoDraw = False
778.8032 	EXP 	greenCircle: autoDraw = False
778.8032 	EXP 	redCrosss: autoDraw = False
778.8032 	EXP 	prime_text: height = np.float64(0.05)
778.8032 	EXP 	prime_text: height = np.float64(0.05)
778.8032 	EXP 	prime_text: height = np.float64(0.05)
778.8032 	EXP 	prime_text: text = 'They have finished the work'
778.8032 	EXP 	target_text: height = np.float64(0.05)
778.8032 	EXP 	target_text: height = np.float64(0.05)
778.8032 	EXP 	target_text: height = np.float64(0.05)
778.8032 	EXP 	target_text: text = 'They have finished the work'
778.8032 	EXP 	fix_text: autoDraw = True
779.0459 	EXP 	fix_text: autoDraw = False
779.0459 	EXP 	blank1_bg: autoDraw = True
779.2439 	EXP 	blank1_bg: autoDraw = False
779.2439 	EXP 	prime_text: autoDraw = True
779.4381 	EXP 	prime_text: autoDraw = False
779.4445 	EXP 	blank2_bg: autoDraw = True
779.5379 	EXP 	blank2_bg: autoDraw = False
779.5440 	INFO 	Keyboard events cleared
779.5438 	EXP 	target_text: autoDraw = True
781.3788 	EXP 	Device response: <KeyPress from None: t=781.3717219999962, value=left, duration=None>
781.3858 	DATA 	Keypress: left
781.3905 	EXP 	fix_text: autoDraw = False
781.3905 	EXP 	blank1_bg: autoDraw = False
781.3905 	EXP 	prime_text: autoDraw = False
781.3905 	EXP 	blank2_bg: autoDraw = False
781.3905 	EXP 	target_text: autoDraw = False
781.3905 	EXP 	greenCircle: autoDraw = True
781.3905 	EXP 	redCrosss: autoDraw = True
781.4803 	EXP 	Device response: <KeyPress from None: t=781.3717219999962, value=left, duration=0.10432983300415799>
781.5797 	EXP 	blank3_bg: autoDraw = True
781.5864 	EXP 	greenCircle: autoDraw = False
781.5864 	EXP 	redCrosss: autoDraw = False
782.3711 	EXP 	New trial (rep=15, index=5): <Trial 245 (5 in rep 15) data={'prime': 'The dog is barking loudly', 'target': 'The barking dog loudly is', 'condition': 'transposition_unrelated', 'correctAns': 'left', 'thisN': 245, 'thisTrialN': 5, 'thisRepN': 15}>
782.3862 	EXP 	blank3_bg: autoDraw = False
782.3862 	EXP 	blank3_bg: autoDraw = False
782.3862 	EXP 	greenCircle: autoDraw = False
782.3862 	EXP 	redCrosss: autoDraw = False
782.3862 	EXP 	prime_text: height = np.float64(0.05)
782.3862 	EXP 	prime_text: height = np.float64(0.05)
782.3862 	EXP 	prime_text: height = np.float64(0.05)
782.3862 	EXP 	prime_text: text = 'The dog is barking loudly'
782.3862 	EXP 	target_text: height = np.float64(0.05)
782.3862 	EXP 	target_text: height = np.float64(0.05)
782.3862 	EXP 	target_text: height = np.float64(0.05)
782.3862 	EXP 	target_text: text = 'The barking dog loudly is'
782.3862 	EXP 	fix_text: autoDraw = True
782.6289 	EXP 	fix_text: autoDraw = False
782.6289 	EXP 	blank1_bg: autoDraw = True
782.8212 	EXP 	blank1_bg: autoDraw = False
782.8212 	EXP 	prime_text: autoDraw = True
783.0095 	EXP 	prime_text: autoDraw = False
783.0278 	EXP 	blank2_bg: autoDraw = True
783.1215 	EXP 	blank2_bg: autoDraw = False
783.1281 	INFO 	Keyboard events cleared
783.1279 	EXP 	target_text: autoDraw = True
784.0231 	EXP 	Device response: <KeyPress from None: t=784.016719457999, value=left, duration=None>
784.0313 	DATA 	Keypress: left
784.0356 	EXP 	fix_text: autoDraw = False
784.0356 	EXP 	blank1_bg: autoDraw = False
784.0356 	EXP 	prime_text: autoDraw = False
784.0356 	EXP 	blank2_bg: autoDraw = False
784.0356 	EXP 	target_text: autoDraw = False
784.0356 	EXP 	greenCircle: autoDraw = True
784.0356 	EXP 	redCrosss: autoDraw = True
784.1565 	EXP 	Device response: <KeyPress from None: t=784.016719457999, value=left, duration=0.12825954200525302>
784.2202 	EXP 	blank3_bg: autoDraw = True
784.2288 	EXP 	greenCircle: autoDraw = False
784.2288 	EXP 	redCrosss: autoDraw = False
785.0042 	EXP 	New trial (rep=15, index=6): <Trial 246 (6 in rep 15) data={'prime': 'The dog is barking loudly', 'target': 'The dog is barking loudly', 'condition': 'repetition_related', 'correctAns': 'right', 'thisN': 246, 'thisTrialN': 6, 'thisRepN': 15}>
785.0153 	EXP 	blank3_bg: autoDraw = False
785.0153 	EXP 	blank3_bg: autoDraw = False
785.0153 	EXP 	greenCircle: autoDraw = False
785.0153 	EXP 	redCrosss: autoDraw = False
785.0153 	EXP 	prime_text: text = 'The dog is barking loudly'
785.0153 	EXP 	target_text: height = np.float64(0.05)
785.0153 	EXP 	target_text: height = np.float64(0.05)
785.0153 	EXP 	target_text: height = np.float64(0.05)
785.0153 	EXP 	target_text: text = 'The dog is barking loudly'
785.0205 	EXP 	fix_text: autoDraw = True
785.2599 	EXP 	fix_text: autoDraw = False
785.2712 	EXP 	blank1_bg: autoDraw = True
785.4712 	EXP 	blank1_bg: autoDraw = False
785.4712 	EXP 	prime_text: autoDraw = True
785.6594 	EXP 	prime_text: autoDraw = False
785.6715 	EXP 	blank2_bg: autoDraw = True
785.7586 	EXP 	blank2_bg: autoDraw = False
785.7717 	INFO 	Keyboard events cleared
785.7715 	EXP 	target_text: autoDraw = True
787.0898 	EXP 	Device response: <KeyPress from None: t=787.081636916002, value=right, duration=None>
787.0982 	DATA 	Keypress: right
787.1025 	EXP 	fix_text: autoDraw = False
787.1025 	EXP 	blank1_bg: autoDraw = False
787.1025 	EXP 	prime_text: autoDraw = False
787.1025 	EXP 	blank2_bg: autoDraw = False
787.1025 	EXP 	target_text: autoDraw = False
787.1025 	EXP 	greenCircle: autoDraw = True
787.1025 	EXP 	redCrosss: autoDraw = True
787.1954 	EXP 	Device response: <KeyPress from None: t=787.081636916002, value=right, duration=0.11224816700269002>
787.2864 	EXP 	blank3_bg: autoDraw = True
787.2939 	EXP 	greenCircle: autoDraw = False
787.2939 	EXP 	redCrosss: autoDraw = False
788.0708 	EXP 	New trial (rep=15, index=7): <Trial 247 (7 in rep 15) data={'prime': 'The boy can read fast', 'target': 'The boy can read fast', 'condition': 'transposition_related', 'correctAns': 'right', 'thisN': 247, 'thisTrialN': 7, 'thisRepN': 15}>
788.0857 	EXP 	blank3_bg: autoDraw = False
788.0857 	EXP 	blank3_bg: autoDraw = False
788.0857 	EXP 	greenCircle: autoDraw = False
788.0857 	EXP 	redCrosss: autoDraw = False
788.0857 	EXP 	prime_text: height = np.float64(0.05)
788.0857 	EXP 	prime_text: height = np.float64(0.05)
788.0857 	EXP 	prime_text: height = np.float64(0.05)
788.0857 	EXP 	prime_text: text = 'The boy can read fast'
788.0857 	EXP 	target_text: height = np.float64(0.05)
788.0857 	EXP 	target_text: height = np.float64(0.05)
788.0857 	EXP 	target_text: height = np.float64(0.05)
788.0857 	EXP 	target_text: text = 'The boy can read fast'
788.0903 	EXP 	fix_text: autoDraw = True
788.3380 	EXP 	fix_text: autoDraw = False
788.3380 	EXP 	blank1_bg: autoDraw = True
788.5265 	EXP 	blank1_bg: autoDraw = False
788.5382 	EXP 	prime_text: autoDraw = True
788.7264 	EXP 	prime_text: autoDraw = False
788.7380 	EXP 	blank2_bg: autoDraw = True
788.8266 	EXP 	blank2_bg: autoDraw = False
788.8383 	INFO 	Keyboard events cleared
788.8381 	EXP 	target_text: autoDraw = True
789.4120 	EXP 	Device response: <KeyPress from None: t=789.4085142080003, value=right, duration=None>
789.4194 	DATA 	Keypress: right
789.4239 	EXP 	fix_text: autoDraw = False
789.4239 	EXP 	blank1_bg: autoDraw = False
789.4239 	EXP 	prime_text: autoDraw = False
789.4239 	EXP 	blank2_bg: autoDraw = False
789.4239 	EXP 	target_text: autoDraw = False
789.4239 	EXP 	greenCircle: autoDraw = True
789.4239 	EXP 	redCrosss: autoDraw = True
789.5455 	EXP 	Device response: <KeyPress from None: t=789.4085142080003, value=right, duration=0.1323482919979142>
789.6139 	EXP 	blank3_bg: autoDraw = True
789.6201 	EXP 	greenCircle: autoDraw = False
789.6201 	EXP 	redCrosss: autoDraw = False
790.4052 	EXP 	New trial (rep=15, index=8): <Trial 248 (8 in rep 15) data={'prime': 'She does not like apples', 'target': 'She does not like apples', 'condition': 'repetition_related', 'correctAns': 'right', 'thisN': 248, 'thisTrialN': 8, 'thisRepN': 15}>
790.4211 	EXP 	blank3_bg: autoDraw = False
790.4211 	EXP 	blank3_bg: autoDraw = False
790.4211 	EXP 	greenCircle: autoDraw = False
790.4211 	EXP 	redCrosss: autoDraw = False
790.4211 	EXP 	prime_text: height = np.float64(0.05)
790.4211 	EXP 	prime_text: height = np.float64(0.05)
790.4211 	EXP 	prime_text: height = np.float64(0.05)
790.4211 	EXP 	prime_text: text = 'She does not like apples'
790.4211 	EXP 	target_text: height = np.float64(0.05)
790.4211 	EXP 	target_text: height = np.float64(0.05)
790.4211 	EXP 	target_text: height = np.float64(0.05)
790.4211 	EXP 	target_text: text = 'She does not like apples'
790.4211 	EXP 	fix_text: autoDraw = True
790.6620 	EXP 	fix_text: autoDraw = False
790.6620 	EXP 	blank1_bg: autoDraw = True
790.8610 	EXP 	blank1_bg: autoDraw = False
790.8610 	EXP 	prime_text: autoDraw = True
791.0547 	EXP 	prime_text: autoDraw = False
791.0612 	EXP 	blank2_bg: autoDraw = True
791.1604 	INFO 	Keyboard events cleared
791.1602 	EXP 	blank2_bg: autoDraw = False
791.1602 	EXP 	target_text: autoDraw = True
792.0618 	EXP 	Device response: <KeyPress from None: t=792.0604274579964, value=right, duration=None>
792.0691 	DATA 	Keypress: right
792.0738 	EXP 	fix_text: autoDraw = False
792.0738 	EXP 	blank1_bg: autoDraw = False
792.0738 	EXP 	prime_text: autoDraw = False
792.0738 	EXP 	blank2_bg: autoDraw = False
792.0738 	EXP 	target_text: autoDraw = False
792.0738 	EXP 	greenCircle: autoDraw = True
792.0738 	EXP 	redCrosss: autoDraw = True
792.1393 	EXP 	Device response: <KeyPress from None: t=792.0604274579964, value=right, duration=0.06835450000653509>
792.2621 	EXP 	blank3_bg: autoDraw = True
792.2697 	EXP 	greenCircle: autoDraw = False
792.2697 	EXP 	redCrosss: autoDraw = False
793.0555 	EXP 	New trial (rep=15, index=9): <Trial 249 (9 in rep 15) data={'prime': 'She does not like apples', 'target': 'She not does like apples', 'condition': 'transposition_related', 'correctAns': 'right', 'thisN': 249, 'thisTrialN': 9, 'thisRepN': 15}>
793.0666 	EXP 	blank3_bg: autoDraw = False
793.0666 	EXP 	blank3_bg: autoDraw = False
793.0666 	EXP 	greenCircle: autoDraw = False
793.0666 	EXP 	redCrosss: autoDraw = False
793.0666 	EXP 	prime_text: text = 'She does not like apples'
793.0666 	EXP 	target_text: height = np.float64(0.05)
793.0666 	EXP 	target_text: height = np.float64(0.05)
793.0666 	EXP 	target_text: height = np.float64(0.05)
793.0666 	EXP 	target_text: text = 'She not does like apples'
793.0666 	EXP 	fix_text: autoDraw = True
793.3032 	EXP 	blank1_bg: autoDraw = True
793.3115 	EXP 	fix_text: autoDraw = False
793.4906 	EXP 	blank1_bg: autoDraw = False
793.5100 	EXP 	prime_text: autoDraw = True
793.7048 	EXP 	prime_text: autoDraw = False
793.7110 	EXP 	blank2_bg: autoDraw = True
793.8045 	EXP 	blank2_bg: autoDraw = False
793.8114 	INFO 	Keyboard events cleared
793.8113 	EXP 	target_text: autoDraw = True
795.2893 	EXP 	Device response: <KeyPress from None: t=795.2873427500017, value=left, duration=None>
795.2986 	DATA 	Keypress: left
795.3030 	EXP 	fix_text: autoDraw = False
795.3030 	EXP 	blank1_bg: autoDraw = False
795.3030 	EXP 	prime_text: autoDraw = False
795.3030 	EXP 	blank2_bg: autoDraw = False
795.3030 	EXP 	target_text: autoDraw = False
795.3030 	EXP 	greenCircle: autoDraw = True
795.3030 	EXP 	redCrosss: autoDraw = True
795.3893 	EXP 	Device response: <KeyPress from None: t=795.2873427500017, value=left, duration=0.09634250000817701>
795.4863 	EXP 	blank3_bg: autoDraw = True
795.4925 	EXP 	greenCircle: autoDraw = False
795.4925 	EXP 	redCrosss: autoDraw = False
796.2704 	EXP 	New trial (rep=15, index=10): <Trial 250 (10 in rep 15) data={'prime': 'She does not like apples', 'target': 'She not does like apples', 'condition': 'repetition_unrelated', 'correctAns': 'left', 'thisN': 250, 'thisTrialN': 10, 'thisRepN': 15}>
796.2753 	EXP 	blank3_bg: autoDraw = False
796.2753 	EXP 	blank3_bg: autoDraw = False
796.2753 	EXP 	greenCircle: autoDraw = False
796.2753 	EXP 	redCrosss: autoDraw = False
796.2753 	EXP 	prime_text: text = 'She does not like apples'
796.2753 	EXP 	target_text: text = 'She not does like apples'
796.2882 	EXP 	fix_text: autoDraw = True
796.5266 	EXP 	fix_text: autoDraw = False
796.5380 	EXP 	blank1_bg: autoDraw = True
796.7266 	EXP 	blank1_bg: autoDraw = False
796.7377 	EXP 	prime_text: autoDraw = True
796.9261 	EXP 	prime_text: autoDraw = False
796.9381 	EXP 	blank2_bg: autoDraw = True
797.0261 	EXP 	blank2_bg: autoDraw = False
797.0380 	INFO 	Keyboard events cleared
797.0379 	EXP 	target_text: autoDraw = True
797.9056 	EXP 	Device response: <KeyPress from None: t=797.8992842500011, value=left, duration=None>
797.9133 	DATA 	Keypress: left
797.9176 	EXP 	fix_text: autoDraw = False
797.9176 	EXP 	blank1_bg: autoDraw = False
797.9176 	EXP 	prime_text: autoDraw = False
797.9176 	EXP 	blank2_bg: autoDraw = False
797.9176 	EXP 	target_text: autoDraw = False
797.9176 	EXP 	greenCircle: autoDraw = True
797.9176 	EXP 	redCrosss: autoDraw = True
797.9925 	EXP 	Device response: <KeyPress from None: t=797.8992842500011, value=left, duration=0.0882231249997858>
798.1038 	EXP 	blank3_bg: autoDraw = True
798.1114 	EXP 	greenCircle: autoDraw = False
798.1114 	EXP 	redCrosss: autoDraw = False
798.8871 	EXP 	New trial (rep=15, index=11): <Trial 251 (11 in rep 15) data={'prime': 'She does not like apples', 'target': 'She like does apples not', 'condition': 'transposition_unrelated', 'correctAns': 'left', 'thisN': 251, 'thisTrialN': 11, 'thisRepN': 15}>
798.8982 	EXP 	blank3_bg: autoDraw = False
798.8982 	EXP 	blank3_bg: autoDraw = False
798.8982 	EXP 	greenCircle: autoDraw = False
798.8982 	EXP 	redCrosss: autoDraw = False
798.8982 	EXP 	prime_text: text = 'She does not like apples'
798.8982 	EXP 	target_text: height = np.float64(0.05)
798.8982 	EXP 	target_text: height = np.float64(0.05)
798.8982 	EXP 	target_text: height = np.float64(0.05)
798.8982 	EXP 	target_text: text = 'She like does apples not'
798.9031 	EXP 	fix_text: autoDraw = True
799.1422 	EXP 	fix_text: autoDraw = False
799.1546 	EXP 	blank1_bg: autoDraw = True
799.3549 	EXP 	blank1_bg: autoDraw = False
799.3549 	EXP 	prime_text: autoDraw = True
799.5441 	EXP 	prime_text: autoDraw = False
799.5441 	EXP 	blank2_bg: autoDraw = True
799.6382 	EXP 	blank2_bg: autoDraw = False
799.6552 	INFO 	Keyboard events cleared
799.6550 	EXP 	target_text: autoDraw = True
800.6561 	EXP 	Device response: <KeyPress from None: t=800.6512066249998, value=left, duration=None>
800.6647 	DATA 	Keypress: left
800.6692 	EXP 	fix_text: autoDraw = False
800.6692 	EXP 	blank1_bg: autoDraw = False
800.6692 	EXP 	prime_text: autoDraw = False
800.6692 	EXP 	blank2_bg: autoDraw = False
800.6692 	EXP 	target_text: autoDraw = False
800.6692 	EXP 	greenCircle: autoDraw = True
800.6692 	EXP 	redCrosss: autoDraw = True
800.7616 	EXP 	Device response: <KeyPress from None: t=800.6512066249998, value=left, duration=0.10422150000522379>
800.8537 	EXP 	blank3_bg: autoDraw = True
800.8615 	EXP 	greenCircle: autoDraw = False
800.8615 	EXP 	redCrosss: autoDraw = False
801.6388 	EXP 	New trial (rep=15, index=12): <Trial 252 (12 in rep 15) data={'prime': 'The dog is barking loudly', 'target': 'The loudly is barking dog', 'condition': 'repetition_unrelated', 'correctAns': 'left', 'thisN': 252, 'thisTrialN': 12, 'thisRepN': 15}>
801.6546 	EXP 	blank3_bg: autoDraw = False
801.6546 	EXP 	blank3_bg: autoDraw = False
801.6546 	EXP 	greenCircle: autoDraw = False
801.6546 	EXP 	redCrosss: autoDraw = False
801.6546 	EXP 	prime_text: height = np.float64(0.05)
801.6546 	EXP 	prime_text: height = np.float64(0.05)
801.6546 	EXP 	prime_text: height = np.float64(0.05)
801.6546 	EXP 	prime_text: text = 'The dog is barking loudly'
801.6546 	EXP 	target_text: height = np.float64(0.05)
801.6546 	EXP 	target_text: height = np.float64(0.05)
801.6546 	EXP 	target_text: height = np.float64(0.05)
801.6546 	EXP 	target_text: text = 'The loudly is barking dog'
801.6712 	EXP 	fix_text: autoDraw = True
801.9031 	EXP 	blank1_bg: autoDraw = True
801.9201 	EXP 	fix_text: autoDraw = False
802.0921 	EXP 	blank1_bg: autoDraw = False
802.1048 	EXP 	prime_text: autoDraw = True
802.2930 	EXP 	prime_text: autoDraw = False
802.3048 	EXP 	blank2_bg: autoDraw = True
802.3933 	EXP 	blank2_bg: autoDraw = False
802.4048 	INFO 	Keyboard events cleared
802.4046 	EXP 	target_text: autoDraw = True
803.6115 	EXP 	Device response: <KeyPress from None: t=803.6060883330065, value=left, duration=None>
803.6190 	DATA 	Keypress: left
803.6236 	EXP 	fix_text: autoDraw = False
803.6236 	EXP 	blank1_bg: autoDraw = False
803.6236 	EXP 	prime_text: autoDraw = False
803.6236 	EXP 	blank2_bg: autoDraw = False
803.6236 	EXP 	target_text: autoDraw = False
803.6236 	EXP 	greenCircle: autoDraw = True
803.6236 	EXP 	redCrosss: autoDraw = True
803.7228 	EXP 	Device response: <KeyPress from None: t=803.6060883330065, value=left, duration=0.10830633300065529>
803.8134 	EXP 	blank3_bg: autoDraw = True
803.8203 	EXP 	greenCircle: autoDraw = False
803.8203 	EXP 	redCrosss: autoDraw = False
804.6057 	EXP 	New trial (rep=15, index=13): <Trial 253 (13 in rep 15) data={'prime': 'They have finished the work', 'target': 'They work the have finished', 'condition': 'transposition_unrelated', 'correctAns': 'left', 'thisN': 253, 'thisTrialN': 13, 'thisRepN': 15}>
804.6231 	EXP 	blank3_bg: autoDraw = False
804.6231 	EXP 	blank3_bg: autoDraw = False
804.6231 	EXP 	greenCircle: autoDraw = False
804.6231 	EXP 	redCrosss: autoDraw = False
804.6231 	EXP 	prime_text: height = np.float64(0.05)
804.6231 	EXP 	prime_text: height = np.float64(0.05)
804.6231 	EXP 	prime_text: height = np.float64(0.05)
804.6231 	EXP 	prime_text: text = 'They have finished the work'
804.6231 	EXP 	target_text: height = np.float64(0.05)
804.6231 	EXP 	target_text: height = np.float64(0.05)
804.6231 	EXP 	target_text: height = np.float64(0.05)
804.6231 	EXP 	target_text: text = 'They work the have finished'
804.6231 	EXP 	fix_text: autoDraw = True
804.8636 	EXP 	blank1_bg: autoDraw = True
804.8704 	EXP 	fix_text: autoDraw = False
805.0530 	EXP 	prime_text: autoDraw = True
805.0577 	EXP 	blank1_bg: autoDraw = False
805.2432 	EXP 	prime_text: autoDraw = False
805.2613 	EXP 	blank2_bg: autoDraw = True
805.3619 	INFO 	Keyboard events cleared
805.3618 	EXP 	blank2_bg: autoDraw = False
805.3618 	EXP 	target_text: autoDraw = True
807.1231 	EXP 	Device response: <KeyPress from None: t=807.1150116250064, value=left, duration=None>
807.1311 	DATA 	Keypress: left
807.1354 	EXP 	fix_text: autoDraw = False
807.1354 	EXP 	blank1_bg: autoDraw = False
807.1354 	EXP 	prime_text: autoDraw = False
807.1354 	EXP 	blank2_bg: autoDraw = False
807.1354 	EXP 	target_text: autoDraw = False
807.1354 	EXP 	greenCircle: autoDraw = True
807.1354 	EXP 	redCrosss: autoDraw = True
807.2393 	EXP 	Device response: <KeyPress from None: t=807.1150116250064, value=left, duration=0.1164193750009872>
807.3198 	EXP 	blank3_bg: autoDraw = True
807.3279 	EXP 	greenCircle: autoDraw = False
807.3279 	EXP 	redCrosss: autoDraw = False
808.1039 	EXP 	New trial (rep=15, index=14): <Trial 254 (14 in rep 15) data={'prime': 'They have finished the work', 'target': 'They finished have the work', 'condition': 'repetition_unrelated', 'correctAns': 'left', 'thisN': 254, 'thisTrialN': 14, 'thisRepN': 15}>
808.1147 	EXP 	blank3_bg: autoDraw = False
808.1147 	EXP 	blank3_bg: autoDraw = False
808.1147 	EXP 	greenCircle: autoDraw = False
808.1147 	EXP 	redCrosss: autoDraw = False
808.1147 	EXP 	prime_text: text = 'They have finished the work'
808.1147 	EXP 	target_text: height = np.float64(0.05)
808.1147 	EXP 	target_text: height = np.float64(0.05)
808.1147 	EXP 	target_text: height = np.float64(0.05)
808.1147 	EXP 	target_text: text = 'They finished have the work'
808.1198 	EXP 	fix_text: autoDraw = True
808.3596 	EXP 	fix_text: autoDraw = False
808.3713 	EXP 	blank1_bg: autoDraw = True
808.5713 	EXP 	blank1_bg: autoDraw = False
808.5713 	EXP 	prime_text: autoDraw = True
808.7589 	EXP 	prime_text: autoDraw = False
808.7714 	EXP 	blank2_bg: autoDraw = True
808.8598 	EXP 	blank2_bg: autoDraw = False
808.8717 	INFO 	Keyboard events cleared
808.8715 	EXP 	target_text: autoDraw = True
810.3391 	EXP 	Device response: <KeyPress from None: t=810.3279674160003, value=left, duration=None>
810.3483 	DATA 	Keypress: left
810.3525 	EXP 	fix_text: autoDraw = False
810.3525 	EXP 	blank1_bg: autoDraw = False
810.3525 	EXP 	prime_text: autoDraw = False
810.3525 	EXP 	blank2_bg: autoDraw = False
810.3525 	EXP 	target_text: autoDraw = False
810.3525 	EXP 	greenCircle: autoDraw = True
810.3525 	EXP 	redCrosss: autoDraw = True
810.4562 	EXP 	Device response: <KeyPress from None: t=810.3279674160003, value=left, duration=0.12041666700679343>
810.5363 	EXP 	blank3_bg: autoDraw = True
810.5425 	EXP 	greenCircle: autoDraw = False
810.5425 	EXP 	redCrosss: autoDraw = False
811.3213 	EXP 	New trial (rep=15, index=15): <Trial 255 (15 in rep 15) data={'prime': 'They have finished the work', 'target': 'They finished have the work', 'condition': 'transposition_related', 'correctAns': 'right', 'thisN': 255, 'thisTrialN': 15, 'thisRepN': 15}>
811.3267 	EXP 	blank3_bg: autoDraw = False
811.3267 	EXP 	blank3_bg: autoDraw = False
811.3267 	EXP 	greenCircle: autoDraw = False
811.3267 	EXP 	redCrosss: autoDraw = False
811.3267 	EXP 	prime_text: text = 'They have finished the work'
811.3267 	EXP 	target_text: text = 'They finished have the work'
811.3381 	EXP 	fix_text: autoDraw = True
811.5765 	EXP 	fix_text: autoDraw = False
811.5879 	EXP 	blank1_bg: autoDraw = True
811.7878 	EXP 	blank1_bg: autoDraw = False
811.7878 	EXP 	prime_text: autoDraw = True
811.9761 	EXP 	prime_text: autoDraw = False
811.9880 	EXP 	blank2_bg: autoDraw = True
812.0764 	EXP 	blank2_bg: autoDraw = False
812.0883 	INFO 	Keyboard events cleared
812.0881 	EXP 	target_text: autoDraw = True
813.2942 	EXP 	Device response: <KeyPress from None: t=813.2919441660051, value=left, duration=None>
813.3016 	DATA 	Keypress: left
813.3067 	EXP 	fix_text: autoDraw = False
813.3067 	EXP 	blank1_bg: autoDraw = False
813.3067 	EXP 	prime_text: autoDraw = False
813.3067 	EXP 	blank2_bg: autoDraw = False
813.3067 	EXP 	target_text: autoDraw = False
813.3067 	EXP 	greenCircle: autoDraw = True
813.3067 	EXP 	redCrosss: autoDraw = True
813.3945 	EXP 	Device response: <KeyPress from None: t=813.2919441660051, value=left, duration=0.09622404199035373>
813.4973 	EXP 	blank3_bg: autoDraw = True
813.5032 	EXP 	greenCircle: autoDraw = False
813.5032 	EXP 	redCrosss: autoDraw = False
814.2877 	EXP 	New trial (rep=16, index=0): <Trial 256 (0 in rep 16) data={'prime': 'The boy can read fast', 'target': 'The read can boy fast', 'condition': 'transposition_unrelated', 'correctAns': 'left', 'thisN': 256, 'thisTrialN': 0, 'thisRepN': 16}>
814.3024 	EXP 	blank3_bg: autoDraw = False
814.3024 	EXP 	blank3_bg: autoDraw = False
814.3024 	EXP 	greenCircle: autoDraw = False
814.3024 	EXP 	redCrosss: autoDraw = False
814.3024 	EXP 	prime_text: height = np.float64(0.05)
814.3024 	EXP 	prime_text: height = np.float64(0.05)
814.3024 	EXP 	prime_text: height = np.float64(0.05)
814.3024 	EXP 	prime_text: text = 'The boy can read fast'
814.3024 	EXP 	target_text: height = np.float64(0.05)
814.3024 	EXP 	target_text: height = np.float64(0.05)
814.3024 	EXP 	target_text: height = np.float64(0.05)
814.3024 	EXP 	target_text: text = 'The read can boy fast'
814.3024 	EXP 	fix_text: autoDraw = True
814.5363 	EXP 	blank1_bg: autoDraw = True
814.5438 	EXP 	fix_text: autoDraw = False
814.7243 	EXP 	blank1_bg: autoDraw = False
814.7448 	EXP 	prime_text: autoDraw = True
814.9447 	EXP 	prime_text: autoDraw = False
814.9447 	EXP 	blank2_bg: autoDraw = True
815.0380 	INFO 	Keyboard events cleared
815.0378 	EXP 	blank2_bg: autoDraw = False
815.0378 	EXP 	target_text: autoDraw = True
815.6281 	EXP 	Device response: <KeyPress from None: t=815.6248049999995, value=right, duration=None>
815.6360 	DATA 	Keypress: right
815.6406 	EXP 	fix_text: autoDraw = False
815.6406 	EXP 	blank1_bg: autoDraw = False
815.6406 	EXP 	prime_text: autoDraw = False
815.6406 	EXP 	blank2_bg: autoDraw = False
815.6406 	EXP 	target_text: autoDraw = False
815.6406 	EXP 	greenCircle: autoDraw = True
815.6406 	EXP 	redCrosss: autoDraw = True
815.7227 	EXP 	Device response: <KeyPress from None: t=815.6248049999995, value=right, duration=0.09645608300343156>
815.8294 	EXP 	blank3_bg: autoDraw = True
815.8365 	EXP 	greenCircle: autoDraw = False
815.8365 	EXP 	redCrosss: autoDraw = False
816.6124 	EXP 	New trial (rep=16, index=1): <Trial 257 (1 in rep 16) data={'prime': 'The dog is barking loudly', 'target': 'The dog is barking loudly', 'condition': 'repetition_related', 'correctAns': 'right', 'thisN': 257, 'thisTrialN': 1, 'thisRepN': 16}>
816.6274 	EXP 	blank3_bg: autoDraw = False
816.6274 	EXP 	blank3_bg: autoDraw = False
816.6274 	EXP 	greenCircle: autoDraw = False
816.6274 	EXP 	redCrosss: autoDraw = False
816.6274 	EXP 	prime_text: height = np.float64(0.05)
816.6274 	EXP 	prime_text: height = np.float64(0.05)
816.6274 	EXP 	prime_text: height = np.float64(0.05)
816.6274 	EXP 	prime_text: text = 'The dog is barking loudly'
816.6274 	EXP 	target_text: height = np.float64(0.05)
816.6274 	EXP 	target_text: height = np.float64(0.05)
816.6274 	EXP 	target_text: height = np.float64(0.05)
816.6274 	EXP 	target_text: text = 'The dog is barking loudly'
816.6274 	EXP 	fix_text: autoDraw = True
816.8710 	EXP 	fix_text: autoDraw = False
816.8710 	EXP 	blank1_bg: autoDraw = True
817.0595 	EXP 	blank1_bg: autoDraw = False
817.0768 	EXP 	prime_text: autoDraw = True
817.2712 	EXP 	prime_text: autoDraw = False
817.2773 	EXP 	blank2_bg: autoDraw = True
817.3715 	INFO 	Keyboard events cleared
817.3712 	EXP 	blank2_bg: autoDraw = False
817.3712 	EXP 	target_text: autoDraw = True
817.9285 	EXP 	Device response: <KeyPress from None: t=817.9227468330064, value=right, duration=None>
817.9357 	DATA 	Keypress: right
817.9403 	EXP 	fix_text: autoDraw = False
817.9403 	EXP 	blank1_bg: autoDraw = False
817.9403 	EXP 	prime_text: autoDraw = False
817.9403 	EXP 	blank2_bg: autoDraw = False
817.9403 	EXP 	target_text: autoDraw = False
817.9403 	EXP 	greenCircle: autoDraw = True
817.9403 	EXP 	redCrosss: autoDraw = True
818.0455 	EXP 	Device response: <KeyPress from None: t=817.9227468330064, value=right, duration=0.11650066699075978>
818.1303 	EXP 	blank3_bg: autoDraw = True
818.1366 	EXP 	greenCircle: autoDraw = False
818.1366 	EXP 	redCrosss: autoDraw = False
818.9213 	EXP 	New trial (rep=16, index=2): <Trial 258 (2 in rep 16) data={'prime': 'The dog is barking loudly', 'target': 'The barking dog loudly is', 'condition': 'transposition_unrelated', 'correctAns': 'left', 'thisN': 258, 'thisTrialN': 2, 'thisRepN': 16}>
818.9341 	EXP 	blank3_bg: autoDraw = False
818.9341 	EXP 	blank3_bg: autoDraw = False
818.9341 	EXP 	greenCircle: autoDraw = False
818.9341 	EXP 	redCrosss: autoDraw = False
818.9341 	EXP 	prime_text: text = 'The dog is barking loudly'
818.9341 	EXP 	target_text: height = np.float64(0.05)
818.9341 	EXP 	target_text: height = np.float64(0.05)
818.9341 	EXP 	target_text: height = np.float64(0.05)
818.9341 	EXP 	target_text: text = 'The barking dog loudly is'
818.9341 	EXP 	fix_text: autoDraw = True
819.1796 	EXP 	fix_text: autoDraw = False
819.1796 	EXP 	blank1_bg: autoDraw = True
819.3710 	EXP 	blank1_bg: autoDraw = False
819.3710 	EXP 	prime_text: autoDraw = True
819.5588 	EXP 	prime_text: autoDraw = False
819.5777 	EXP 	blank2_bg: autoDraw = True
819.6713 	EXP 	blank2_bg: autoDraw = False
819.6783 	INFO 	Keyboard events cleared
819.6782 	EXP 	target_text: autoDraw = True
820.3224 	EXP 	Device response: <KeyPress from None: t=820.313779707998, value=left, duration=None>
820.3297 	DATA 	Keypress: left
820.3340 	EXP 	fix_text: autoDraw = False
820.3340 	EXP 	blank1_bg: autoDraw = False
820.3340 	EXP 	prime_text: autoDraw = False
820.3340 	EXP 	blank2_bg: autoDraw = False
820.3340 	EXP 	target_text: autoDraw = False
820.3340 	EXP 	greenCircle: autoDraw = True
820.3340 	EXP 	redCrosss: autoDraw = True
820.4280 	EXP 	Device response: <KeyPress from None: t=820.313779707998, value=left, duration=0.10831166700518224>
820.5199 	EXP 	blank3_bg: autoDraw = True
820.5285 	EXP 	greenCircle: autoDraw = False
820.5285 	EXP 	redCrosss: autoDraw = False
821.3040 	EXP 	New trial (rep=16, index=3): <Trial 259 (3 in rep 16) data={'prime': 'They have finished the work', 'target': 'They work the have finished', 'condition': 'transposition_unrelated', 'correctAns': 'left', 'thisN': 259, 'thisTrialN': 3, 'thisRepN': 16}>
821.3187 	EXP 	blank3_bg: autoDraw = False
821.3187 	EXP 	blank3_bg: autoDraw = False
821.3187 	EXP 	greenCircle: autoDraw = False
821.3187 	EXP 	redCrosss: autoDraw = False
821.3187 	EXP 	prime_text: height = np.float64(0.05)
821.3187 	EXP 	prime_text: height = np.float64(0.05)
821.3187 	EXP 	prime_text: height = np.float64(0.05)
821.3187 	EXP 	prime_text: text = 'They have finished the work'
821.3187 	EXP 	target_text: height = np.float64(0.05)
821.3187 	EXP 	target_text: height = np.float64(0.05)
821.3187 	EXP 	target_text: height = np.float64(0.05)
821.3187 	EXP 	target_text: text = 'They work the have finished'
821.3232 	EXP 	fix_text: autoDraw = True
821.5711 	EXP 	fix_text: autoDraw = False
821.5711 	EXP 	blank1_bg: autoDraw = True
821.7711 	EXP 	blank1_bg: autoDraw = False
821.7711 	EXP 	prime_text: autoDraw = True
821.9593 	EXP 	prime_text: autoDraw = False
821.9711 	EXP 	blank2_bg: autoDraw = True
822.0593 	EXP 	blank2_bg: autoDraw = False
822.0713 	INFO 	Keyboard events cleared
822.0711 	EXP 	target_text: autoDraw = True
823.3774 	EXP 	Device response: <KeyPress from None: t=823.3737225000077, value=left, duration=None>
823.3846 	DATA 	Keypress: left
823.3898 	EXP 	fix_text: autoDraw = False
823.3898 	EXP 	blank1_bg: autoDraw = False
823.3898 	EXP 	prime_text: autoDraw = False
823.3898 	EXP 	blank2_bg: autoDraw = False
823.3898 	EXP 	target_text: autoDraw = False
823.3898 	EXP 	greenCircle: autoDraw = True
823.3898 	EXP 	redCrosss: autoDraw = True
823.4780 	EXP 	Device response: <KeyPress from None: t=823.3737225000077, value=left, duration=0.10032483299437445>
823.5700 	EXP 	blank3_bg: autoDraw = True
823.5865 	EXP 	greenCircle: autoDraw = False
823.5865 	EXP 	redCrosss: autoDraw = False
824.3553 	EXP 	New trial (rep=16, index=4): <Trial 260 (4 in rep 16) data={'prime': 'They have finished the work', 'target': 'They finished have the work', 'condition': 'transposition_related', 'correctAns': 'right', 'thisN': 260, 'thisTrialN': 4, 'thisRepN': 16}>
824.3660 	EXP 	blank3_bg: autoDraw = False
824.3660 	EXP 	blank3_bg: autoDraw = False
824.3660 	EXP 	greenCircle: autoDraw = False
824.3660 	EXP 	redCrosss: autoDraw = False
824.3660 	EXP 	prime_text: text = 'They have finished the work'
824.3660 	EXP 	target_text: height = np.float64(0.05)
824.3660 	EXP 	target_text: height = np.float64(0.05)
824.3660 	EXP 	target_text: height = np.float64(0.05)
824.3660 	EXP 	target_text: text = 'They finished have the work'
824.3876 	EXP 	fix_text: autoDraw = True
824.6205 	EXP 	blank1_bg: autoDraw = True
824.6290 	EXP 	fix_text: autoDraw = False
824.8087 	EXP 	blank1_bg: autoDraw = False
824.8276 	EXP 	prime_text: autoDraw = True
825.0213 	EXP 	prime_text: autoDraw = False
825.0213 	EXP 	blank2_bg: autoDraw = True
825.1094 	EXP 	blank2_bg: autoDraw = False
825.1283 	INFO 	Keyboard events cleared
825.1281 	EXP 	target_text: autoDraw = True
826.4227 	EXP 	Device response: <KeyPress from None: t=826.4196630000079, value=left, duration=None>
826.4308 	DATA 	Keypress: left
826.4351 	EXP 	fix_text: autoDraw = False
826.4351 	EXP 	blank1_bg: autoDraw = False
826.4351 	EXP 	prime_text: autoDraw = False
826.4351 	EXP 	blank2_bg: autoDraw = False
826.4351 	EXP 	target_text: autoDraw = False
826.4351 	EXP 	greenCircle: autoDraw = True
826.4351 	EXP 	redCrosss: autoDraw = True
826.5456 	EXP 	Device response: <KeyPress from None: t=826.4196630000079, value=left, duration=0.12027262499032076>
826.6197 	EXP 	blank3_bg: autoDraw = True
826.6274 	EXP 	greenCircle: autoDraw = False
826.6274 	EXP 	redCrosss: autoDraw = False
827.4042 	EXP 	New trial (rep=16, index=5): <Trial 261 (5 in rep 16) data={'prime': 'She does not like apples', 'target': 'She not does like apples', 'condition': 'repetition_unrelated', 'correctAns': 'left', 'thisN': 261, 'thisTrialN': 5, 'thisRepN': 16}>
827.4187 	EXP 	blank3_bg: autoDraw = False
827.4187 	EXP 	blank3_bg: autoDraw = False
827.4187 	EXP 	greenCircle: autoDraw = False
827.4187 	EXP 	redCrosss: autoDraw = False
827.4187 	EXP 	prime_text: height = np.float64(0.05)
827.4187 	EXP 	prime_text: height = np.float64(0.05)
827.4187 	EXP 	prime_text: height = np.float64(0.05)
827.4187 	EXP 	prime_text: text = 'She does not like apples'
827.4187 	EXP 	target_text: height = np.float64(0.05)
827.4187 	EXP 	target_text: height = np.float64(0.05)
827.4187 	EXP 	target_text: height = np.float64(0.05)
827.4187 	EXP 	target_text: text = 'She not does like apples'
827.4229 	EXP 	fix_text: autoDraw = True
827.6711 	EXP 	fix_text: autoDraw = False
827.6711 	EXP 	blank1_bg: autoDraw = True
827.8594 	EXP 	blank1_bg: autoDraw = False
827.8715 	EXP 	prime_text: autoDraw = True
828.0581 	EXP 	prime_text: autoDraw = False
828.0712 	EXP 	blank2_bg: autoDraw = True
828.1594 	EXP 	blank2_bg: autoDraw = False
828.1713 	INFO 	Keyboard events cleared
828.1712 	EXP 	target_text: autoDraw = True
829.2897 	EXP 	Device response: <KeyPress from None: t=829.2835920409998, value=left, duration=None>
829.2981 	DATA 	Keypress: left
829.3023 	EXP 	fix_text: autoDraw = False
829.3023 	EXP 	blank1_bg: autoDraw = False
829.3023 	EXP 	prime_text: autoDraw = False
829.3023 	EXP 	blank2_bg: autoDraw = False
829.3023 	EXP 	target_text: autoDraw = False
829.3023 	EXP 	greenCircle: autoDraw = True
829.3023 	EXP 	redCrosss: autoDraw = True
829.3895 	EXP 	Device response: <KeyPress from None: t=829.2835920409998, value=left, duration=0.10035300000163261>
829.4869 	EXP 	blank3_bg: autoDraw = True
829.4934 	EXP 	greenCircle: autoDraw = False
829.4934 	EXP 	redCrosss: autoDraw = False
830.2718 	EXP 	New trial (rep=16, index=6): <Trial 262 (6 in rep 16) data={'prime': 'They have finished the work', 'target': 'They have finished the work', 'condition': 'repetition_related', 'correctAns': 'right', 'thisN': 262, 'thisTrialN': 6, 'thisRepN': 16}>
830.2865 	EXP 	blank3_bg: autoDraw = False
830.2865 	EXP 	blank3_bg: autoDraw = False
830.2865 	EXP 	greenCircle: autoDraw = False
830.2865 	EXP 	redCrosss: autoDraw = False
830.2865 	EXP 	prime_text: height = np.float64(0.05)
830.2865 	EXP 	prime_text: height = np.float64(0.05)
830.2865 	EXP 	prime_text: height = np.float64(0.05)
830.2865 	EXP 	prime_text: text = 'They have finished the work'
830.2865 	EXP 	target_text: height = np.float64(0.05)
830.2865 	EXP 	target_text: height = np.float64(0.05)
830.2865 	EXP 	target_text: height = np.float64(0.05)
830.2865 	EXP 	target_text: text = 'They have finished the work'
830.2909 	EXP 	fix_text: autoDraw = True
830.5369 	EXP 	fix_text: autoDraw = False
830.5369 	EXP 	blank1_bg: autoDraw = True
830.7237 	EXP 	blank1_bg: autoDraw = False
830.7379 	EXP 	prime_text: autoDraw = True
830.9265 	EXP 	prime_text: autoDraw = False
830.9380 	EXP 	blank2_bg: autoDraw = True
831.0261 	EXP 	blank2_bg: autoDraw = False
831.0381 	INFO 	Keyboard events cleared
831.0379 	EXP 	target_text: autoDraw = True
832.1392 	EXP 	Device response: <KeyPress from None: t=832.129535458007, value=right, duration=None>
832.1465 	DATA 	Keypress: right
832.1508 	EXP 	fix_text: autoDraw = False
832.1508 	EXP 	blank1_bg: autoDraw = False
832.1508 	EXP 	prime_text: autoDraw = False
832.1508 	EXP 	blank2_bg: autoDraw = False
832.1508 	EXP 	target_text: autoDraw = False
832.1508 	EXP 	greenCircle: autoDraw = True
832.1508 	EXP 	redCrosss: autoDraw = True
832.2563 	EXP 	Device response: <KeyPress from None: t=832.129535458007, value=right, duration=0.12427645799471065>
832.3379 	EXP 	blank3_bg: autoDraw = True
832.3460 	EXP 	greenCircle: autoDraw = False
832.3460 	EXP 	redCrosss: autoDraw = False
833.1212 	EXP 	New trial (rep=16, index=7): <Trial 263 (7 in rep 16) data={'prime': 'The boy can read fast', 'target': 'The boy can read fast', 'condition': 'repetition_related', 'correctAns': 'right', 'thisN': 263, 'thisTrialN': 7, 'thisRepN': 16}>
833.1363 	EXP 	blank3_bg: autoDraw = False
833.1363 	EXP 	blank3_bg: autoDraw = False
833.1363 	EXP 	greenCircle: autoDraw = False
833.1363 	EXP 	redCrosss: autoDraw = False
833.1363 	EXP 	prime_text: height = np.float64(0.05)
833.1363 	EXP 	prime_text: height = np.float64(0.05)
833.1363 	EXP 	prime_text: height = np.float64(0.05)
833.1363 	EXP 	prime_text: text = 'The boy can read fast'
833.1363 	EXP 	target_text: height = np.float64(0.05)
833.1363 	EXP 	target_text: height = np.float64(0.05)
833.1363 	EXP 	target_text: height = np.float64(0.05)
833.1363 	EXP 	target_text: text = 'The boy can read fast'
833.1407 	EXP 	fix_text: autoDraw = True
833.3878 	EXP 	fix_text: autoDraw = False
833.3878 	EXP 	blank1_bg: autoDraw = True
833.5765 	EXP 	blank1_bg: autoDraw = False
833.5879 	EXP 	prime_text: autoDraw = True
833.7761 	EXP 	prime_text: autoDraw = False
833.7881 	EXP 	blank2_bg: autoDraw = True
833.8753 	EXP 	blank2_bg: autoDraw = False
833.8881 	INFO 	Keyboard events cleared
833.8879 	EXP 	target_text: autoDraw = True
834.3899 	EXP 	Device response: <KeyPress from None: t=834.381474875001, value=right, duration=None>
834.3980 	DATA 	Keypress: right
834.4022 	EXP 	fix_text: autoDraw = False
834.4022 	EXP 	blank1_bg: autoDraw = False
834.4022 	EXP 	prime_text: autoDraw = False
834.4022 	EXP 	blank2_bg: autoDraw = False
834.4022 	EXP 	target_text: autoDraw = False
834.4022 	EXP 	greenCircle: autoDraw = True
834.4022 	EXP 	redCrosss: autoDraw = True
834.5057 	EXP 	Device response: <KeyPress from None: t=834.381474875001, value=right, duration=0.1162044579978101>
834.5876 	EXP 	blank3_bg: autoDraw = True
834.5954 	EXP 	greenCircle: autoDraw = False
834.5954 	EXP 	redCrosss: autoDraw = False
835.3716 	EXP 	New trial (rep=16, index=8): <Trial 264 (8 in rep 16) data={'prime': 'The dog is barking loudly', 'target': 'The dog barking is loudly', 'condition': 'transposition_related', 'correctAns': 'right', 'thisN': 264, 'thisTrialN': 8, 'thisRepN': 16}>
835.3868 	EXP 	blank3_bg: autoDraw = False
835.3868 	EXP 	blank3_bg: autoDraw = False
835.3868 	EXP 	greenCircle: autoDraw = False
835.3868 	EXP 	redCrosss: autoDraw = False
835.3868 	EXP 	prime_text: height = np.float64(0.05)
835.3868 	EXP 	prime_text: height = np.float64(0.05)
835.3868 	EXP 	prime_text: height = np.float64(0.05)
835.3868 	EXP 	prime_text: text = 'The dog is barking loudly'
835.3868 	EXP 	target_text: height = np.float64(0.05)
835.3868 	EXP 	target_text: height = np.float64(0.05)
835.3868 	EXP 	target_text: height = np.float64(0.05)
835.3868 	EXP 	target_text: text = 'The dog barking is loudly'
835.3907 	EXP 	fix_text: autoDraw = True
835.6366 	EXP 	fix_text: autoDraw = False
835.6366 	EXP 	blank1_bg: autoDraw = True
835.8239 	EXP 	blank1_bg: autoDraw = False
835.8380 	EXP 	prime_text: autoDraw = True
836.0264 	EXP 	prime_text: autoDraw = False
836.0379 	EXP 	blank2_bg: autoDraw = True
836.1259 	EXP 	blank2_bg: autoDraw = False
836.1380 	INFO 	Keyboard events cleared
836.1378 	EXP 	target_text: autoDraw = True
837.0109 	EXP 	Device response: <KeyPress from None: t=837.0083071660047, value=left, duration=None>
837.0183 	DATA 	Keypress: left
837.0235 	EXP 	fix_text: autoDraw = False
837.0235 	EXP 	blank1_bg: autoDraw = False
837.0235 	EXP 	prime_text: autoDraw = False
837.0235 	EXP 	blank2_bg: autoDraw = False
837.0235 	EXP 	target_text: autoDraw = False
837.0235 	EXP 	greenCircle: autoDraw = True
837.0235 	EXP 	redCrosss: autoDraw = True
837.1111 	EXP 	Device response: <KeyPress from None: t=837.0083071660047, value=left, duration=0.10043150000274181>
837.2030 	EXP 	blank3_bg: autoDraw = True
837.2212 	EXP 	greenCircle: autoDraw = False
837.2212 	EXP 	redCrosss: autoDraw = False
837.9872 	EXP 	New trial (rep=16, index=9): <Trial 265 (9 in rep 16) data={'prime': 'She does not like apples', 'target': 'She not does like apples', 'condition': 'transposition_related', 'correctAns': 'right', 'thisN': 265, 'thisTrialN': 9, 'thisRepN': 16}>
838.0033 	EXP 	blank3_bg: autoDraw = False
838.0033 	EXP 	blank3_bg: autoDraw = False
838.0033 	EXP 	greenCircle: autoDraw = False
838.0033 	EXP 	redCrosss: autoDraw = False
838.0033 	EXP 	prime_text: height = np.float64(0.05)
838.0033 	EXP 	prime_text: height = np.float64(0.05)
838.0033 	EXP 	prime_text: height = np.float64(0.05)
838.0033 	EXP 	prime_text: text = 'She does not like apples'
838.0033 	EXP 	target_text: height = np.float64(0.05)
838.0033 	EXP 	target_text: height = np.float64(0.05)
838.0033 	EXP 	target_text: height = np.float64(0.05)
838.0033 	EXP 	target_text: text = 'She not does like apples'
838.0073 	EXP 	fix_text: autoDraw = True
838.2546 	EXP 	fix_text: autoDraw = False
838.2546 	EXP 	blank1_bg: autoDraw = True
838.4431 	EXP 	blank1_bg: autoDraw = False
838.4604 	EXP 	prime_text: autoDraw = True
838.6544 	EXP 	prime_text: autoDraw = False
838.6544 	EXP 	blank2_bg: autoDraw = True
838.7419 	EXP 	blank2_bg: autoDraw = False
838.7614 	INFO 	Keyboard events cleared
838.7612 	EXP 	target_text: autoDraw = True
839.8059 	EXP 	Device response: <KeyPress from None: t=839.7973594579962, value=left, duration=None>
839.8139 	DATA 	Keypress: left
839.8183 	EXP 	fix_text: autoDraw = False
839.8183 	EXP 	blank1_bg: autoDraw = False
839.8183 	EXP 	prime_text: autoDraw = False
839.8183 	EXP 	blank2_bg: autoDraw = False
839.8183 	EXP 	target_text: autoDraw = False
839.8183 	EXP 	greenCircle: autoDraw = True
839.8183 	EXP 	redCrosss: autoDraw = True
839.8945 	EXP 	Device response: <KeyPress from None: t=839.7973594579962, value=left, duration=0.09227125000325032>
840.0032 	EXP 	blank3_bg: autoDraw = True
840.0097 	EXP 	greenCircle: autoDraw = False
840.0097 	EXP 	redCrosss: autoDraw = False
840.7884 	EXP 	New trial (rep=16, index=10): <Trial 266 (10 in rep 16) data={'prime': 'The boy can read fast', 'target': 'The read can boy fast', 'condition': 'repetition_unrelated', 'correctAns': 'left', 'thisN': 266, 'thisTrialN': 10, 'thisRepN': 16}>
840.8038 	EXP 	blank3_bg: autoDraw = False
840.8038 	EXP 	blank3_bg: autoDraw = False
840.8038 	EXP 	greenCircle: autoDraw = False
840.8038 	EXP 	redCrosss: autoDraw = False
840.8038 	EXP 	prime_text: height = np.float64(0.05)
840.8038 	EXP 	prime_text: height = np.float64(0.05)
840.8038 	EXP 	prime_text: height = np.float64(0.05)
840.8038 	EXP 	prime_text: text = 'The boy can read fast'
840.8038 	EXP 	target_text: height = np.float64(0.05)
840.8038 	EXP 	target_text: height = np.float64(0.05)
840.8038 	EXP 	target_text: height = np.float64(0.05)
840.8038 	EXP 	target_text: text = 'The read can boy fast'
840.8085 	EXP 	fix_text: autoDraw = True
841.0547 	EXP 	fix_text: autoDraw = False
841.0547 	EXP 	blank1_bg: autoDraw = True
841.2544 	EXP 	blank1_bg: autoDraw = False
841.2544 	EXP 	prime_text: autoDraw = True
841.4431 	EXP 	prime_text: autoDraw = False
841.4547 	EXP 	blank2_bg: autoDraw = True
841.5415 	EXP 	blank2_bg: autoDraw = False
841.5547 	INFO 	Keyboard events cleared
841.5545 	EXP 	target_text: autoDraw = True
842.2951 	EXP 	Device response: <KeyPress from None: t=842.2912352910062, value=left, duration=None>
842.3027 	DATA 	Keypress: left
842.3074 	EXP 	fix_text: autoDraw = False
842.3074 	EXP 	blank1_bg: autoDraw = False
842.3074 	EXP 	prime_text: autoDraw = False
842.3074 	EXP 	blank2_bg: autoDraw = False
842.3074 	EXP 	target_text: autoDraw = False
842.3074 	EXP 	greenCircle: autoDraw = True
842.3074 	EXP 	redCrosss: autoDraw = True
842.4056 	EXP 	Device response: <KeyPress from None: t=842.2912352910062, value=left, duration=0.10428037500241771>
842.4964 	EXP 	blank3_bg: autoDraw = True
842.5030 	EXP 	greenCircle: autoDraw = False
842.5030 	EXP 	redCrosss: autoDraw = False
843.2801 	EXP 	New trial (rep=16, index=11): <Trial 267 (11 in rep 16) data={'prime': 'The boy can read fast', 'target': 'The boy can read fast', 'condition': 'transposition_related', 'correctAns': 'right', 'thisN': 267, 'thisTrialN': 11, 'thisRepN': 16}>
843.2903 	EXP 	blank3_bg: autoDraw = False
843.2903 	EXP 	blank3_bg: autoDraw = False
843.2903 	EXP 	greenCircle: autoDraw = False
843.2903 	EXP 	redCrosss: autoDraw = False
843.2903 	EXP 	prime_text: text = 'The boy can read fast'
843.2903 	EXP 	target_text: height = np.float64(0.05)
843.2903 	EXP 	target_text: height = np.float64(0.05)
843.2903 	EXP 	target_text: height = np.float64(0.05)
843.2903 	EXP 	target_text: text = 'The boy can read fast'
843.2903 	EXP 	fix_text: autoDraw = True
843.5377 	EXP 	fix_text: autoDraw = False
843.5451 	EXP 	blank1_bg: autoDraw = True
843.7433 	EXP 	blank1_bg: autoDraw = False
843.7433 	EXP 	prime_text: autoDraw = True
843.9380 	EXP 	prime_text: autoDraw = False
843.9444 	EXP 	blank2_bg: autoDraw = True
844.0448 	INFO 	Keyboard events cleared
844.0446 	EXP 	blank2_bg: autoDraw = False
844.0446 	EXP 	target_text: autoDraw = True
844.5896 	EXP 	Device response: <KeyPress from None: t=844.5872622500028, value=right, duration=None>
844.5993 	DATA 	Keypress: right
844.6036 	EXP 	fix_text: autoDraw = False
844.6036 	EXP 	blank1_bg: autoDraw = False
844.6036 	EXP 	prime_text: autoDraw = False
844.6036 	EXP 	blank2_bg: autoDraw = False
844.6036 	EXP 	target_text: autoDraw = False
844.6036 	EXP 	greenCircle: autoDraw = True
844.6036 	EXP 	redCrosss: autoDraw = True
844.7064 	EXP 	Device response: <KeyPress from None: t=844.5872622500028, value=right, duration=0.11624787500477396>
844.7877 	EXP 	blank3_bg: autoDraw = True
844.7960 	EXP 	greenCircle: autoDraw = False
844.7960 	EXP 	redCrosss: autoDraw = False
845.5721 	EXP 	New trial (rep=16, index=12): <Trial 268 (12 in rep 16) data={'prime': 'The dog is barking loudly', 'target': 'The loudly is barking dog', 'condition': 'repetition_unrelated', 'correctAns': 'left', 'thisN': 268, 'thisTrialN': 12, 'thisRepN': 16}>
845.5872 	EXP 	blank3_bg: autoDraw = False
845.5872 	EXP 	blank3_bg: autoDraw = False
845.5872 	EXP 	greenCircle: autoDraw = False
845.5872 	EXP 	redCrosss: autoDraw = False
845.5872 	EXP 	prime_text: height = np.float64(0.05)
845.5872 	EXP 	prime_text: height = np.float64(0.05)
845.5872 	EXP 	prime_text: height = np.float64(0.05)
845.5872 	EXP 	prime_text: text = 'The dog is barking loudly'
845.5872 	EXP 	target_text: height = np.float64(0.05)
845.5872 	EXP 	target_text: height = np.float64(0.05)
845.5872 	EXP 	target_text: height = np.float64(0.05)
845.5872 	EXP 	target_text: text = 'The loudly is barking dog'
845.5918 	EXP 	fix_text: autoDraw = True
845.8379 	EXP 	fix_text: autoDraw = False
845.8379 	EXP 	blank1_bg: autoDraw = True
846.0251 	EXP 	blank1_bg: autoDraw = False
846.0379 	EXP 	prime_text: autoDraw = True
846.2264 	EXP 	prime_text: autoDraw = False
846.2382 	EXP 	blank2_bg: autoDraw = True
846.3253 	EXP 	blank2_bg: autoDraw = False
846.3380 	INFO 	Keyboard events cleared
846.3378 	EXP 	target_text: autoDraw = True
846.9562 	EXP 	Device response: <KeyPress from None: t=846.9481610000075, value=left, duration=None>
846.9647 	DATA 	Keypress: left
846.9690 	EXP 	fix_text: autoDraw = False
846.9690 	EXP 	blank1_bg: autoDraw = False
846.9690 	EXP 	prime_text: autoDraw = False
846.9690 	EXP 	blank2_bg: autoDraw = False
846.9690 	EXP 	target_text: autoDraw = False
846.9690 	EXP 	greenCircle: autoDraw = True
846.9690 	EXP 	redCrosss: autoDraw = True
847.0727 	EXP 	Device response: <KeyPress from None: t=846.9481610000075, value=left, duration=0.11230666599294636>
847.1545 	EXP 	blank3_bg: autoDraw = True
847.1623 	EXP 	greenCircle: autoDraw = False
847.1623 	EXP 	redCrosss: autoDraw = False
847.9457 	EXP 	New trial (rep=16, index=13): <Trial 269 (13 in rep 16) data={'prime': 'She does not like apples', 'target': 'She does not like apples', 'condition': 'repetition_related', 'correctAns': 'right', 'thisN': 269, 'thisTrialN': 13, 'thisRepN': 16}>
847.9604 	EXP 	blank3_bg: autoDraw = False
847.9604 	EXP 	blank3_bg: autoDraw = False
847.9604 	EXP 	greenCircle: autoDraw = False
847.9604 	EXP 	redCrosss: autoDraw = False
847.9604 	EXP 	prime_text: height = np.float64(0.05)
847.9604 	EXP 	prime_text: height = np.float64(0.05)
847.9604 	EXP 	prime_text: height = np.float64(0.05)
847.9604 	EXP 	prime_text: text = 'She does not like apples'
847.9604 	EXP 	target_text: height = np.float64(0.05)
847.9604 	EXP 	target_text: height = np.float64(0.05)
847.9604 	EXP 	target_text: height = np.float64(0.05)
847.9604 	EXP 	target_text: text = 'She does not like apples'
847.9604 	EXP 	fix_text: autoDraw = True
848.2046 	EXP 	fix_text: autoDraw = False
848.2046 	EXP 	blank1_bg: autoDraw = True
848.3931 	EXP 	blank1_bg: autoDraw = False
848.4047 	EXP 	prime_text: autoDraw = True
848.5928 	EXP 	prime_text: autoDraw = False
848.6047 	EXP 	blank2_bg: autoDraw = True
848.6916 	EXP 	blank2_bg: autoDraw = False
848.7047 	INFO 	Keyboard events cleared
848.7046 	EXP 	target_text: autoDraw = True
849.6617 	EXP 	Device response: <KeyPress from None: t=849.6601033750048, value=left, duration=None>
849.6693 	DATA 	Keypress: left
849.6738 	EXP 	fix_text: autoDraw = False
849.6738 	EXP 	blank1_bg: autoDraw = False
849.6738 	EXP 	prime_text: autoDraw = False
849.6738 	EXP 	blank2_bg: autoDraw = False
849.6738 	EXP 	target_text: autoDraw = False
849.6738 	EXP 	greenCircle: autoDraw = True
849.6738 	EXP 	redCrosss: autoDraw = True
849.7729 	EXP 	Device response: <KeyPress from None: t=849.6601033750048, value=left, duration=0.10834970799623989>
849.8530 	EXP 	blank3_bg: autoDraw = True
849.8700 	EXP 	greenCircle: autoDraw = False
849.8700 	EXP 	redCrosss: autoDraw = False
850.6385 	EXP 	New trial (rep=16, index=14): <Trial 270 (14 in rep 16) data={'prime': 'They have finished the work', 'target': 'They finished have the work', 'condition': 'repetition_unrelated', 'correctAns': 'left', 'thisN': 270, 'thisTrialN': 14, 'thisRepN': 16}>
850.6535 	EXP 	blank3_bg: autoDraw = False
850.6535 	EXP 	blank3_bg: autoDraw = False
850.6535 	EXP 	greenCircle: autoDraw = False
850.6535 	EXP 	redCrosss: autoDraw = False
850.6535 	EXP 	prime_text: height = np.float64(0.05)
850.6535 	EXP 	prime_text: height = np.float64(0.05)
850.6535 	EXP 	prime_text: height = np.float64(0.05)
850.6535 	EXP 	prime_text: text = 'They have finished the work'
850.6535 	EXP 	target_text: height = np.float64(0.05)
850.6535 	EXP 	target_text: height = np.float64(0.05)
850.6535 	EXP 	target_text: height = np.float64(0.05)
850.6535 	EXP 	target_text: text = 'They finished have the work'
850.6581 	EXP 	fix_text: autoDraw = True
850.9045 	EXP 	fix_text: autoDraw = False
850.9129 	EXP 	blank1_bg: autoDraw = True
851.1109 	EXP 	blank1_bg: autoDraw = False
851.1109 	EXP 	prime_text: autoDraw = True
851.3046 	EXP 	prime_text: autoDraw = False
851.3113 	EXP 	blank2_bg: autoDraw = True
851.4045 	EXP 	blank2_bg: autoDraw = False
851.4105 	INFO 	Keyboard events cleared
851.4104 	EXP 	target_text: autoDraw = True
852.6562 	EXP 	Device response: <KeyPress from None: t=852.6490115409979, value=left, duration=None>
852.6641 	DATA 	Keypress: left
852.6683 	EXP 	fix_text: autoDraw = False
852.6683 	EXP 	blank1_bg: autoDraw = False
852.6683 	EXP 	prime_text: autoDraw = False
852.6683 	EXP 	blank2_bg: autoDraw = False
852.6683 	EXP 	target_text: autoDraw = False
852.6683 	EXP 	greenCircle: autoDraw = True
852.6683 	EXP 	redCrosss: autoDraw = True
852.7394 	EXP 	Device response: <KeyPress from None: t=852.6490115409979, value=left, duration=0.08436712500406429>
852.8535 	EXP 	blank3_bg: autoDraw = True
852.8617 	EXP 	greenCircle: autoDraw = False
852.8617 	EXP 	redCrosss: autoDraw = False
853.6373 	EXP 	New trial (rep=16, index=15): <Trial 271 (15 in rep 16) data={'prime': 'She does not like apples', 'target': 'She like does apples not', 'condition': 'transposition_unrelated', 'correctAns': 'left', 'thisN': 271, 'thisTrialN': 15, 'thisRepN': 16}>
853.6520 	EXP 	blank3_bg: autoDraw = False
853.6520 	EXP 	blank3_bg: autoDraw = False
853.6520 	EXP 	greenCircle: autoDraw = False
853.6520 	EXP 	redCrosss: autoDraw = False
853.6520 	EXP 	prime_text: height = np.float64(0.05)
853.6520 	EXP 	prime_text: height = np.float64(0.05)
853.6520 	EXP 	prime_text: height = np.float64(0.05)
853.6520 	EXP 	prime_text: text = 'She does not like apples'
853.6520 	EXP 	target_text: height = np.float64(0.05)
853.6520 	EXP 	target_text: height = np.float64(0.05)
853.6520 	EXP 	target_text: height = np.float64(0.05)
853.6520 	EXP 	target_text: text = 'She like does apples not'
853.6563 	EXP 	fix_text: autoDraw = True
853.9045 	EXP 	fix_text: autoDraw = False
853.9045 	EXP 	blank1_bg: autoDraw = True
854.0927 	EXP 	blank1_bg: autoDraw = False
854.1044 	EXP 	prime_text: autoDraw = True
854.2934 	EXP 	prime_text: autoDraw = False
854.3045 	EXP 	blank2_bg: autoDraw = True
854.3922 	EXP 	blank2_bg: autoDraw = False
854.4046 	INFO 	Keyboard events cleared
854.4044 	EXP 	target_text: autoDraw = True
855.0724 	EXP 	Device response: <KeyPress from None: t=855.0709532500041, value=left, duration=None>
855.0802 	DATA 	Keypress: left
855.0845 	EXP 	fix_text: autoDraw = False
855.0845 	EXP 	blank1_bg: autoDraw = False
855.0845 	EXP 	prime_text: autoDraw = False
855.0845 	EXP 	blank2_bg: autoDraw = False
855.0845 	EXP 	target_text: autoDraw = False
855.0845 	EXP 	greenCircle: autoDraw = True
855.0845 	EXP 	redCrosss: autoDraw = True
855.2062 	EXP 	Device response: <KeyPress from None: t=855.0709532500041, value=left, duration=0.12834087500232272>
855.2706 	EXP 	blank3_bg: autoDraw = True
855.2784 	EXP 	greenCircle: autoDraw = False
855.2784 	EXP 	redCrosss: autoDraw = False
856.0552 	EXP 	New trial (rep=17, index=0): <Trial 272 (0 in rep 17) data={'prime': 'They have finished the work', 'target': 'They finished have the work', 'condition': 'repetition_unrelated', 'correctAns': 'left', 'thisN': 272, 'thisTrialN': 0, 'thisRepN': 17}>
856.0713 	EXP 	blank3_bg: autoDraw = False
856.0713 	EXP 	blank3_bg: autoDraw = False
856.0713 	EXP 	greenCircle: autoDraw = False
856.0713 	EXP 	redCrosss: autoDraw = False
856.0713 	EXP 	prime_text: height = np.float64(0.05)
856.0713 	EXP 	prime_text: height = np.float64(0.05)
856.0713 	EXP 	prime_text: height = np.float64(0.05)
856.0713 	EXP 	prime_text: text = 'They have finished the work'
856.0713 	EXP 	target_text: height = np.float64(0.05)
856.0713 	EXP 	target_text: height = np.float64(0.05)
856.0713 	EXP 	target_text: height = np.float64(0.05)
856.0713 	EXP 	target_text: text = 'They finished have the work'
856.0877 	EXP 	fix_text: autoDraw = True
856.3209 	EXP 	blank1_bg: autoDraw = True
856.3285 	EXP 	fix_text: autoDraw = False
856.5094 	EXP 	blank1_bg: autoDraw = False
856.5211 	EXP 	prime_text: autoDraw = True
856.7086 	EXP 	prime_text: autoDraw = False
856.7211 	EXP 	blank2_bg: autoDraw = True
856.8094 	EXP 	blank2_bg: autoDraw = False
856.8212 	INFO 	Keyboard events cleared
856.8210 	EXP 	target_text: autoDraw = True
857.7063 	EXP 	Device response: <KeyPress from None: t=857.7019668749999, value=left, duration=None>
857.7144 	DATA 	Keypress: left
857.7187 	EXP 	fix_text: autoDraw = False
857.7187 	EXP 	blank1_bg: autoDraw = False
857.7187 	EXP 	prime_text: autoDraw = False
857.7187 	EXP 	blank2_bg: autoDraw = False
857.7187 	EXP 	target_text: autoDraw = False
857.7187 	EXP 	greenCircle: autoDraw = True
857.7187 	EXP 	redCrosss: autoDraw = True
857.8118 	EXP 	Device response: <KeyPress from None: t=857.7019668749999, value=left, duration=0.10825416599982418>
857.9036 	EXP 	blank3_bg: autoDraw = True
857.9108 	EXP 	greenCircle: autoDraw = False
857.9108 	EXP 	redCrosss: autoDraw = False
858.6870 	EXP 	New trial (rep=17, index=1): <Trial 273 (1 in rep 17) data={'prime': 'She does not like apples', 'target': 'She not does like apples', 'condition': 'transposition_related', 'correctAns': 'right', 'thisN': 273, 'thisTrialN': 1, 'thisRepN': 17}>
858.7022 	EXP 	blank3_bg: autoDraw = False
858.7022 	EXP 	blank3_bg: autoDraw = False
858.7022 	EXP 	greenCircle: autoDraw = False
858.7022 	EXP 	redCrosss: autoDraw = False
858.7022 	EXP 	prime_text: height = np.float64(0.05)
858.7022 	EXP 	prime_text: height = np.float64(0.05)
858.7022 	EXP 	prime_text: height = np.float64(0.05)
858.7022 	EXP 	prime_text: text = 'She does not like apples'
858.7022 	EXP 	target_text: height = np.float64(0.05)
858.7022 	EXP 	target_text: height = np.float64(0.05)
858.7022 	EXP 	target_text: height = np.float64(0.05)
858.7022 	EXP 	target_text: text = 'She not does like apples'
858.7067 	EXP 	fix_text: autoDraw = True
858.9544 	EXP 	fix_text: autoDraw = False
858.9544 	EXP 	blank1_bg: autoDraw = True
859.1421 	EXP 	blank1_bg: autoDraw = False
859.1543 	EXP 	prime_text: autoDraw = True
859.3432 	EXP 	prime_text: autoDraw = False
859.3547 	EXP 	blank2_bg: autoDraw = True
859.4420 	EXP 	blank2_bg: autoDraw = False
859.4546 	INFO 	Keyboard events cleared
859.4545 	EXP 	target_text: autoDraw = True
860.1786 	EXP 	Device response: <KeyPress from None: t=860.1748212079983, value=left, duration=None>
860.1861 	DATA 	Keypress: left
860.1903 	EXP 	fix_text: autoDraw = False
860.1903 	EXP 	blank1_bg: autoDraw = False
860.1903 	EXP 	prime_text: autoDraw = False
860.1903 	EXP 	blank2_bg: autoDraw = False
860.1903 	EXP 	target_text: autoDraw = False
860.1903 	EXP 	greenCircle: autoDraw = True
860.1903 	EXP 	redCrosss: autoDraw = True
860.2786 	EXP 	Device response: <KeyPress from None: t=860.1748212079983, value=left, duration=0.10031208299915306>
860.3804 	EXP 	blank3_bg: autoDraw = True
860.3871 	EXP 	greenCircle: autoDraw = False
860.3871 	EXP 	redCrosss: autoDraw = False
861.1716 	EXP 	New trial (rep=17, index=2): <Trial 274 (2 in rep 17) data={'prime': 'The boy can read fast', 'target': 'The boy can read fast', 'condition': 'repetition_related', 'correctAns': 'right', 'thisN': 274, 'thisTrialN': 2, 'thisRepN': 17}>
861.1869 	EXP 	blank3_bg: autoDraw = False
861.1869 	EXP 	blank3_bg: autoDraw = False
861.1869 	EXP 	greenCircle: autoDraw = False
861.1869 	EXP 	redCrosss: autoDraw = False
861.1869 	EXP 	prime_text: height = np.float64(0.05)
861.1869 	EXP 	prime_text: height = np.float64(0.05)
861.1869 	EXP 	prime_text: height = np.float64(0.05)
861.1869 	EXP 	prime_text: text = 'The boy can read fast'
861.1869 	EXP 	target_text: height = np.float64(0.05)
861.1869 	EXP 	target_text: height = np.float64(0.05)
861.1869 	EXP 	target_text: height = np.float64(0.05)
861.1869 	EXP 	target_text: text = 'The boy can read fast'
861.1869 	EXP 	fix_text: autoDraw = True
861.4291 	EXP 	fix_text: autoDraw = False
861.4291 	EXP 	blank1_bg: autoDraw = True
861.6254 	EXP 	blank1_bg: autoDraw = False
861.6254 	EXP 	prime_text: autoDraw = True
861.8202 	EXP 	prime_text: autoDraw = False
861.8259 	EXP 	blank2_bg: autoDraw = True
861.9199 	EXP 	blank2_bg: autoDraw = False
861.9254 	INFO 	Keyboard events cleared
861.9251 	EXP 	target_text: autoDraw = True
862.9729 	EXP 	Device response: <KeyPress from None: t=862.9607163750043, value=right, duration=None>
862.9813 	DATA 	Keypress: right
862.9857 	EXP 	fix_text: autoDraw = False
862.9857 	EXP 	blank1_bg: autoDraw = False
862.9857 	EXP 	prime_text: autoDraw = False
862.9857 	EXP 	blank2_bg: autoDraw = False
862.9857 	EXP 	target_text: autoDraw = False
862.9857 	EXP 	greenCircle: autoDraw = True
862.9857 	EXP 	redCrosss: autoDraw = True
863.0892 	EXP 	Device response: <KeyPress from None: t=862.9607163750043, value=right, duration=0.11630720799439587>
863.1695 	EXP 	blank3_bg: autoDraw = True
863.1765 	EXP 	greenCircle: autoDraw = False
863.1765 	EXP 	redCrosss: autoDraw = False
863.9541 	EXP 	New trial (rep=17, index=3): <Trial 275 (3 in rep 17) data={'prime': 'The dog is barking loudly', 'target': 'The barking dog loudly is', 'condition': 'transposition_unrelated', 'correctAns': 'left', 'thisN': 275, 'thisTrialN': 3, 'thisRepN': 17}>
863.9697 	EXP 	blank3_bg: autoDraw = False
863.9697 	EXP 	blank3_bg: autoDraw = False
863.9697 	EXP 	greenCircle: autoDraw = False
863.9697 	EXP 	redCrosss: autoDraw = False
863.9697 	EXP 	prime_text: height = np.float64(0.05)
863.9697 	EXP 	prime_text: height = np.float64(0.05)
863.9697 	EXP 	prime_text: height = np.float64(0.05)
863.9697 	EXP 	prime_text: text = 'The dog is barking loudly'
863.9697 	EXP 	target_text: height = np.float64(0.05)
863.9697 	EXP 	target_text: height = np.float64(0.05)
863.9697 	EXP 	target_text: height = np.float64(0.05)
863.9697 	EXP 	target_text: text = 'The barking dog loudly is'
863.9744 	EXP 	fix_text: autoDraw = True
864.2211 	EXP 	fix_text: autoDraw = False
864.2211 	EXP 	blank1_bg: autoDraw = True
864.4092 	EXP 	blank1_bg: autoDraw = False
864.4211 	EXP 	prime_text: autoDraw = True
864.6097 	EXP 	prime_text: autoDraw = False
864.6211 	EXP 	blank2_bg: autoDraw = True
864.7087 	EXP 	blank2_bg: autoDraw = False
864.7213 	INFO 	Keyboard events cleared
864.7211 	EXP 	target_text: autoDraw = True
865.5723 	EXP 	Device response: <KeyPress from None: t=865.565706333, value=left, duration=None>
865.5799 	DATA 	Keypress: left
865.5841 	EXP 	fix_text: autoDraw = False
865.5841 	EXP 	blank1_bg: autoDraw = False
865.5841 	EXP 	prime_text: autoDraw = False
865.5841 	EXP 	blank2_bg: autoDraw = False
865.5841 	EXP 	target_text: autoDraw = False
865.5841 	EXP 	greenCircle: autoDraw = True
865.5841 	EXP 	redCrosss: autoDraw = True
865.6786 	EXP 	Device response: <KeyPress from None: t=865.565706333, value=left, duration=0.10837183300463948>
865.7703 	EXP 	blank3_bg: autoDraw = True
865.7787 	EXP 	greenCircle: autoDraw = False
865.7787 	EXP 	redCrosss: autoDraw = False
866.5553 	EXP 	New trial (rep=17, index=4): <Trial 276 (4 in rep 17) data={'prime': 'They have finished the work', 'target': 'They have finished the work', 'condition': 'repetition_related', 'correctAns': 'right', 'thisN': 276, 'thisTrialN': 4, 'thisRepN': 17}>
866.5714 	EXP 	blank3_bg: autoDraw = False
866.5714 	EXP 	blank3_bg: autoDraw = False
866.5714 	EXP 	greenCircle: autoDraw = False
866.5714 	EXP 	redCrosss: autoDraw = False
866.5714 	EXP 	prime_text: height = np.float64(0.05)
866.5714 	EXP 	prime_text: height = np.float64(0.05)
866.5714 	EXP 	prime_text: height = np.float64(0.05)
866.5714 	EXP 	prime_text: text = 'They have finished the work'
866.5714 	EXP 	target_text: height = np.float64(0.05)
866.5714 	EXP 	target_text: height = np.float64(0.05)
866.5714 	EXP 	target_text: height = np.float64(0.05)
866.5714 	EXP 	target_text: text = 'They have finished the work'
866.5877 	EXP 	fix_text: autoDraw = True
866.8210 	EXP 	blank1_bg: autoDraw = True
866.8284 	EXP 	fix_text: autoDraw = False
867.0099 	EXP 	blank1_bg: autoDraw = False
867.0212 	EXP 	prime_text: autoDraw = True
867.2097 	EXP 	prime_text: autoDraw = False
867.2212 	EXP 	blank2_bg: autoDraw = True
867.3085 	EXP 	blank2_bg: autoDraw = False
867.3214 	INFO 	Keyboard events cleared
867.3212 	EXP 	target_text: autoDraw = True
868.4452 	EXP 	Device response: <KeyPress from None: t=868.4386470000027, value=left, duration=None>
868.4525 	DATA 	Keypress: left
868.4571 	EXP 	fix_text: autoDraw = False
868.4571 	EXP 	blank1_bg: autoDraw = False
868.4571 	EXP 	prime_text: autoDraw = False
868.4571 	EXP 	blank2_bg: autoDraw = False
868.4571 	EXP 	target_text: autoDraw = False
868.4571 	EXP 	greenCircle: autoDraw = True
868.4571 	EXP 	redCrosss: autoDraw = True
868.5562 	EXP 	Device response: <KeyPress from None: t=868.4386470000027, value=left, duration=0.1123327910027001>
868.6475 	EXP 	blank3_bg: autoDraw = True
868.6541 	EXP 	greenCircle: autoDraw = False
868.6541 	EXP 	redCrosss: autoDraw = False
869.4384 	EXP 	New trial (rep=17, index=5): <Trial 277 (5 in rep 17) data={'prime': 'The boy can read fast', 'target': 'The read can boy fast', 'condition': 'transposition_unrelated', 'correctAns': 'left', 'thisN': 277, 'thisTrialN': 5, 'thisRepN': 17}>
869.4536 	EXP 	blank3_bg: autoDraw = False
869.4536 	EXP 	blank3_bg: autoDraw = False
869.4536 	EXP 	greenCircle: autoDraw = False
869.4536 	EXP 	redCrosss: autoDraw = False
869.4536 	EXP 	prime_text: height = np.float64(0.05)
869.4536 	EXP 	prime_text: height = np.float64(0.05)
869.4536 	EXP 	prime_text: height = np.float64(0.05)
869.4536 	EXP 	prime_text: text = 'The boy can read fast'
869.4536 	EXP 	target_text: height = np.float64(0.05)
869.4536 	EXP 	target_text: height = np.float64(0.05)
869.4536 	EXP 	target_text: height = np.float64(0.05)
869.4536 	EXP 	target_text: text = 'The read can boy fast'
869.4536 	EXP 	fix_text: autoDraw = True
869.6958 	EXP 	fix_text: autoDraw = False
869.6958 	EXP 	blank1_bg: autoDraw = True
869.8862 	EXP 	blank1_bg: autoDraw = False
869.8862 	EXP 	prime_text: autoDraw = True
870.0761 	EXP 	prime_text: autoDraw = False
870.0944 	EXP 	blank2_bg: autoDraw = True
870.1878 	EXP 	blank2_bg: autoDraw = False
870.1936 	INFO 	Keyboard events cleared
870.1934 	EXP 	target_text: autoDraw = True
870.8061 	EXP 	Device response: <KeyPress from None: t=870.7996832080098, value=right, duration=None>
870.8144 	DATA 	Keypress: right
870.8187 	EXP 	fix_text: autoDraw = False
870.8187 	EXP 	blank1_bg: autoDraw = False
870.8187 	EXP 	prime_text: autoDraw = False
870.8187 	EXP 	blank2_bg: autoDraw = False
870.8187 	EXP 	target_text: autoDraw = False
870.8187 	EXP 	greenCircle: autoDraw = True
870.8187 	EXP 	redCrosss: autoDraw = True
870.9392 	EXP 	Device response: <KeyPress from None: t=870.7996832080098, value=right, duration=0.13613454198639374>
871.0031 	EXP 	blank3_bg: autoDraw = True
871.0106 	EXP 	greenCircle: autoDraw = False
871.0106 	EXP 	redCrosss: autoDraw = False
871.7870 	EXP 	New trial (rep=17, index=6): <Trial 278 (6 in rep 17) data={'prime': 'They have finished the work', 'target': 'They work the have finished', 'condition': 'transposition_unrelated', 'correctAns': 'left', 'thisN': 278, 'thisTrialN': 6, 'thisRepN': 17}>
871.8041 	EXP 	blank3_bg: autoDraw = False
871.8041 	EXP 	blank3_bg: autoDraw = False
871.8041 	EXP 	greenCircle: autoDraw = False
871.8041 	EXP 	redCrosss: autoDraw = False
871.8041 	EXP 	prime_text: height = np.float64(0.05)
871.8041 	EXP 	prime_text: height = np.float64(0.05)
871.8041 	EXP 	prime_text: height = np.float64(0.05)
871.8041 	EXP 	prime_text: text = 'They have finished the work'
871.8041 	EXP 	target_text: height = np.float64(0.05)
871.8041 	EXP 	target_text: height = np.float64(0.05)
871.8041 	EXP 	target_text: height = np.float64(0.05)
871.8041 	EXP 	target_text: text = 'They work the have finished'
871.8076 	EXP 	fix_text: autoDraw = True
872.0544 	EXP 	fix_text: autoDraw = False
872.0544 	EXP 	blank1_bg: autoDraw = True
872.2545 	EXP 	blank1_bg: autoDraw = False
872.2545 	EXP 	prime_text: autoDraw = True
872.4427 	EXP 	prime_text: autoDraw = False
872.4545 	EXP 	blank2_bg: autoDraw = True
872.5419 	EXP 	blank2_bg: autoDraw = False
872.5547 	INFO 	Keyboard events cleared
872.5545 	EXP 	target_text: autoDraw = True
874.1064 	EXP 	Device response: <KeyPress from None: t=874.1045175830077, value=left, duration=None>
874.1143 	DATA 	Keypress: left
874.1186 	EXP 	fix_text: autoDraw = False
874.1186 	EXP 	blank1_bg: autoDraw = False
874.1186 	EXP 	prime_text: autoDraw = False
874.1186 	EXP 	blank2_bg: autoDraw = False
874.1186 	EXP 	target_text: autoDraw = False
874.1186 	EXP 	greenCircle: autoDraw = True
874.1186 	EXP 	redCrosss: autoDraw = True
874.2392 	EXP 	Device response: <KeyPress from None: t=874.1045175830077, value=left, duration=0.12431183300213888>
874.3030 	EXP 	blank3_bg: autoDraw = True
874.3105 	EXP 	greenCircle: autoDraw = False
874.3105 	EXP 	redCrosss: autoDraw = False
875.0883 	EXP 	New trial (rep=17, index=7): <Trial 279 (7 in rep 17) data={'prime': 'She does not like apples', 'target': 'She does not like apples', 'condition': 'repetition_related', 'correctAns': 'right', 'thisN': 279, 'thisTrialN': 7, 'thisRepN': 17}>
875.1042 	EXP 	blank3_bg: autoDraw = False
875.1042 	EXP 	blank3_bg: autoDraw = False
875.1042 	EXP 	greenCircle: autoDraw = False
875.1042 	EXP 	redCrosss: autoDraw = False
875.1042 	EXP 	prime_text: height = np.float64(0.05)
875.1042 	EXP 	prime_text: height = np.float64(0.05)
875.1042 	EXP 	prime_text: height = np.float64(0.05)
875.1042 	EXP 	prime_text: text = 'She does not like apples'
875.1042 	EXP 	target_text: height = np.float64(0.05)
875.1042 	EXP 	target_text: height = np.float64(0.05)
875.1042 	EXP 	target_text: height = np.float64(0.05)
875.1042 	EXP 	target_text: text = 'She does not like apples'
875.1085 	EXP 	fix_text: autoDraw = True
875.3544 	EXP 	fix_text: autoDraw = False
875.3544 	EXP 	blank1_bg: autoDraw = True
875.5418 	EXP 	blank1_bg: autoDraw = False
875.5545 	EXP 	prime_text: autoDraw = True
875.7433 	EXP 	prime_text: autoDraw = False
875.7545 	EXP 	blank2_bg: autoDraw = True
875.8430 	EXP 	blank2_bg: autoDraw = False
875.8547 	INFO 	Keyboard events cleared
875.8545 	EXP 	target_text: autoDraw = True
876.7063 	EXP 	Device response: <KeyPress from None: t=876.6994576660072, value=right, duration=None>
876.7145 	DATA 	Keypress: right
876.7187 	EXP 	fix_text: autoDraw = False
876.7187 	EXP 	blank1_bg: autoDraw = False
876.7187 	EXP 	prime_text: autoDraw = False
876.7187 	EXP 	blank2_bg: autoDraw = False
876.7187 	EXP 	target_text: autoDraw = False
876.7187 	EXP 	greenCircle: autoDraw = True
876.7187 	EXP 	redCrosss: autoDraw = True
876.8229 	EXP 	Device response: <KeyPress from None: t=876.6994576660072, value=right, duration=0.1122767499909969>
876.9031 	EXP 	blank3_bg: autoDraw = True
876.9099 	EXP 	greenCircle: autoDraw = False
876.9099 	EXP 	redCrosss: autoDraw = False
877.6873 	EXP 	New trial (rep=17, index=8): <Trial 280 (8 in rep 17) data={'prime': 'The dog is barking loudly', 'target': 'The dog is barking loudly', 'condition': 'repetition_related', 'correctAns': 'right', 'thisN': 280, 'thisTrialN': 8, 'thisRepN': 17}>
877.7030 	EXP 	blank3_bg: autoDraw = False
877.7030 	EXP 	blank3_bg: autoDraw = False
877.7030 	EXP 	greenCircle: autoDraw = False
877.7030 	EXP 	redCrosss: autoDraw = False
877.7030 	EXP 	prime_text: height = np.float64(0.05)
877.7030 	EXP 	prime_text: height = np.float64(0.05)
877.7030 	EXP 	prime_text: height = np.float64(0.05)
877.7030 	EXP 	prime_text: text = 'The dog is barking loudly'
877.7030 	EXP 	target_text: height = np.float64(0.05)
877.7030 	EXP 	target_text: height = np.float64(0.05)
877.7030 	EXP 	target_text: height = np.float64(0.05)
877.7030 	EXP 	target_text: text = 'The dog is barking loudly'
877.7076 	EXP 	fix_text: autoDraw = True
877.9546 	EXP 	fix_text: autoDraw = False
877.9546 	EXP 	blank1_bg: autoDraw = True
878.1420 	EXP 	blank1_bg: autoDraw = False
878.1544 	EXP 	prime_text: autoDraw = True
878.3431 	EXP 	prime_text: autoDraw = False
878.3545 	EXP 	blank2_bg: autoDraw = True
878.4417 	EXP 	blank2_bg: autoDraw = False
878.4548 	INFO 	Keyboard events cleared
878.4545 	EXP 	target_text: autoDraw = True
879.1610 	EXP 	Device response: <KeyPress from None: t=879.1583986659971, value=left, duration=None>
879.1683 	DATA 	Keypress: left
879.1733 	EXP 	fix_text: autoDraw = False
879.1733 	EXP 	blank1_bg: autoDraw = False
879.1733 	EXP 	prime_text: autoDraw = False
879.1733 	EXP 	blank2_bg: autoDraw = False
879.1733 	EXP 	target_text: autoDraw = False
879.1733 	EXP 	greenCircle: autoDraw = True
879.1733 	EXP 	redCrosss: autoDraw = True
879.2619 	EXP 	Device response: <KeyPress from None: t=879.1583986659971, value=left, duration=0.10032941700774245>
879.3532 	EXP 	blank3_bg: autoDraw = True
879.3698 	EXP 	greenCircle: autoDraw = False
879.3698 	EXP 	redCrosss: autoDraw = False
880.1384 	EXP 	New trial (rep=17, index=9): <Trial 281 (9 in rep 17) data={'prime': 'They have finished the work', 'target': 'They finished have the work', 'condition': 'transposition_related', 'correctAns': 'right', 'thisN': 281, 'thisTrialN': 9, 'thisRepN': 17}>
880.1538 	EXP 	blank3_bg: autoDraw = False
880.1538 	EXP 	blank3_bg: autoDraw = False
880.1538 	EXP 	greenCircle: autoDraw = False
880.1538 	EXP 	redCrosss: autoDraw = False
880.1538 	EXP 	prime_text: height = np.float64(0.05)
880.1538 	EXP 	prime_text: height = np.float64(0.05)
880.1538 	EXP 	prime_text: height = np.float64(0.05)
880.1538 	EXP 	prime_text: text = 'They have finished the work'
880.1538 	EXP 	target_text: height = np.float64(0.05)
880.1538 	EXP 	target_text: height = np.float64(0.05)
880.1538 	EXP 	target_text: height = np.float64(0.05)
880.1538 	EXP 	target_text: text = 'They finished have the work'
880.1581 	EXP 	fix_text: autoDraw = True
880.4045 	EXP 	fix_text: autoDraw = False
880.4045 	EXP 	blank1_bg: autoDraw = True
880.6044 	EXP 	blank1_bg: autoDraw = False
880.6044 	EXP 	prime_text: autoDraw = True
880.7920 	EXP 	prime_text: autoDraw = False
880.8100 	EXP 	blank2_bg: autoDraw = True
880.9044 	EXP 	blank2_bg: autoDraw = False
880.9115 	INFO 	Keyboard events cleared
880.9113 	EXP 	target_text: autoDraw = True
882.3559 	EXP 	Device response: <KeyPress from None: t=882.350349750006, value=left, duration=None>
882.3639 	DATA 	Keypress: left
882.3682 	EXP 	fix_text: autoDraw = False
882.3682 	EXP 	blank1_bg: autoDraw = False
882.3682 	EXP 	prime_text: autoDraw = False
882.3682 	EXP 	blank2_bg: autoDraw = False
882.3682 	EXP 	target_text: autoDraw = False
882.3682 	EXP 	greenCircle: autoDraw = True
882.3682 	EXP 	redCrosss: autoDraw = True
882.4558 	EXP 	Device response: <KeyPress from None: t=882.350349750006, value=left, duration=0.09636879099707585>
882.5529 	EXP 	blank3_bg: autoDraw = True
882.5604 	EXP 	greenCircle: autoDraw = False
882.5604 	EXP 	redCrosss: autoDraw = False
883.3384 	EXP 	New trial (rep=17, index=10): <Trial 282 (10 in rep 17) data={'prime': 'The boy can read fast', 'target': 'The boy can read fast', 'condition': 'transposition_related', 'correctAns': 'right', 'thisN': 282, 'thisTrialN': 10, 'thisRepN': 17}>
883.3537 	EXP 	blank3_bg: autoDraw = False
883.3537 	EXP 	blank3_bg: autoDraw = False
883.3537 	EXP 	greenCircle: autoDraw = False
883.3537 	EXP 	redCrosss: autoDraw = False
883.3537 	EXP 	prime_text: height = np.float64(0.05)
883.3537 	EXP 	prime_text: height = np.float64(0.05)
883.3537 	EXP 	prime_text: height = np.float64(0.05)
883.3537 	EXP 	prime_text: text = 'The boy can read fast'
883.3537 	EXP 	target_text: height = np.float64(0.05)
883.3537 	EXP 	target_text: height = np.float64(0.05)
883.3537 	EXP 	target_text: height = np.float64(0.05)
883.3537 	EXP 	target_text: text = 'The boy can read fast'
883.3581 	EXP 	fix_text: autoDraw = True
883.6046 	EXP 	fix_text: autoDraw = False
883.6046 	EXP 	blank1_bg: autoDraw = True
883.7933 	EXP 	blank1_bg: autoDraw = False
883.8047 	EXP 	prime_text: autoDraw = True
883.9918 	EXP 	prime_text: autoDraw = False
884.0044 	EXP 	blank2_bg: autoDraw = True
884.0932 	EXP 	blank2_bg: autoDraw = False
884.1047 	INFO 	Keyboard events cleared
884.1045 	EXP 	target_text: autoDraw = True
884.6556 	EXP 	Device response: <KeyPress from None: t=884.6502061659994, value=right, duration=None>
884.6631 	DATA 	Keypress: right
884.6674 	EXP 	fix_text: autoDraw = False
884.6674 	EXP 	blank1_bg: autoDraw = False
884.6674 	EXP 	prime_text: autoDraw = False
884.6674 	EXP 	blank2_bg: autoDraw = False
884.6674 	EXP 	target_text: autoDraw = False
884.6674 	EXP 	greenCircle: autoDraw = True
884.6674 	EXP 	redCrosss: autoDraw = True
884.7897 	EXP 	Device response: <KeyPress from None: t=884.6502061659994, value=right, duration=0.1323345840064576>
884.8543 	EXP 	blank3_bg: autoDraw = True
884.8617 	EXP 	greenCircle: autoDraw = False
884.8617 	EXP 	redCrosss: autoDraw = False
885.6382 	EXP 	New trial (rep=17, index=11): <Trial 283 (11 in rep 17) data={'prime': 'She does not like apples', 'target': 'She not does like apples', 'condition': 'repetition_unrelated', 'correctAns': 'left', 'thisN': 283, 'thisTrialN': 11, 'thisRepN': 17}>
885.6532 	EXP 	blank3_bg: autoDraw = False
885.6532 	EXP 	blank3_bg: autoDraw = False
885.6532 	EXP 	greenCircle: autoDraw = False
885.6532 	EXP 	redCrosss: autoDraw = False
885.6532 	EXP 	prime_text: height = np.float64(0.05)
885.6532 	EXP 	prime_text: height = np.float64(0.05)
885.6532 	EXP 	prime_text: height = np.float64(0.05)
885.6532 	EXP 	prime_text: text = 'She does not like apples'
885.6532 	EXP 	target_text: height = np.float64(0.05)
885.6532 	EXP 	target_text: height = np.float64(0.05)
885.6532 	EXP 	target_text: height = np.float64(0.05)
885.6532 	EXP 	target_text: text = 'She not does like apples'
885.6577 	EXP 	fix_text: autoDraw = True
885.9045 	EXP 	fix_text: autoDraw = False
885.9045 	EXP 	blank1_bg: autoDraw = True
886.0923 	EXP 	blank1_bg: autoDraw = False
886.1045 	EXP 	prime_text: autoDraw = True
886.2929 	EXP 	prime_text: autoDraw = False
886.3045 	EXP 	blank2_bg: autoDraw = True
886.3926 	EXP 	blank2_bg: autoDraw = False
886.4049 	INFO 	Keyboard events cleared
886.4046 	EXP 	target_text: autoDraw = True
887.3273 	EXP 	Device response: <KeyPress from None: t=887.3261793330021, value=left, duration=None>
887.3345 	DATA 	Keypress: left
887.3397 	EXP 	fix_text: autoDraw = False
887.3397 	EXP 	blank1_bg: autoDraw = False
887.3397 	EXP 	prime_text: autoDraw = False
887.3397 	EXP 	blank2_bg: autoDraw = False
887.3397 	EXP 	target_text: autoDraw = False
887.3397 	EXP 	greenCircle: autoDraw = True
887.3397 	EXP 	redCrosss: autoDraw = True
887.4394 	EXP 	Device response: <KeyPress from None: t=887.3261793330021, value=left, duration=0.10831549999420531>
887.5195 	EXP 	blank3_bg: autoDraw = True
887.5378 	EXP 	greenCircle: autoDraw = False
887.5378 	EXP 	redCrosss: autoDraw = False
888.3033 	EXP 	New trial (rep=17, index=12): <Trial 284 (12 in rep 17) data={'prime': 'The dog is barking loudly', 'target': 'The dog barking is loudly', 'condition': 'transposition_related', 'correctAns': 'right', 'thisN': 284, 'thisTrialN': 12, 'thisRepN': 17}>
888.3180 	EXP 	blank3_bg: autoDraw = False
888.3180 	EXP 	blank3_bg: autoDraw = False
888.3180 	EXP 	greenCircle: autoDraw = False
888.3180 	EXP 	redCrosss: autoDraw = False
888.3180 	EXP 	prime_text: height = np.float64(0.05)
888.3180 	EXP 	prime_text: height = np.float64(0.05)
888.3180 	EXP 	prime_text: height = np.float64(0.05)
888.3180 	EXP 	prime_text: text = 'The dog is barking loudly'
888.3180 	EXP 	target_text: height = np.float64(0.05)
888.3180 	EXP 	target_text: height = np.float64(0.05)
888.3180 	EXP 	target_text: height = np.float64(0.05)
888.3180 	EXP 	target_text: text = 'The dog barking is loudly'
888.3224 	EXP 	fix_text: autoDraw = True
888.5712 	EXP 	fix_text: autoDraw = False
888.5712 	EXP 	blank1_bg: autoDraw = True
888.7588 	EXP 	blank1_bg: autoDraw = False
888.7779 	EXP 	prime_text: autoDraw = True
888.9710 	EXP 	prime_text: autoDraw = False
888.9710 	EXP 	blank2_bg: autoDraw = True
889.0585 	EXP 	blank2_bg: autoDraw = False
889.0780 	INFO 	Keyboard events cleared
889.0778 	EXP 	target_text: autoDraw = True
890.4891 	EXP 	Device response: <KeyPress from None: t=890.4831747499993, value=left, duration=None>
890.4970 	DATA 	Keypress: left
890.5011 	EXP 	fix_text: autoDraw = False
890.5011 	EXP 	blank1_bg: autoDraw = False
890.5011 	EXP 	prime_text: autoDraw = False
890.5011 	EXP 	blank2_bg: autoDraw = False
890.5011 	EXP 	target_text: autoDraw = False
890.5011 	EXP 	greenCircle: autoDraw = True
890.5011 	EXP 	redCrosss: autoDraw = True
890.5779 	EXP 	Device response: <KeyPress from None: t=890.4831747499993, value=left, duration=0.08823687500262167>
890.6877 	EXP 	blank3_bg: autoDraw = True
890.6959 	EXP 	greenCircle: autoDraw = False
890.6959 	EXP 	redCrosss: autoDraw = False
891.4783 	EXP 	New trial (rep=17, index=13): <Trial 285 (13 in rep 17) data={'prime': 'She does not like apples', 'target': 'She like does apples not', 'condition': 'transposition_unrelated', 'correctAns': 'left', 'thisN': 285, 'thisTrialN': 13, 'thisRepN': 17}>
891.4935 	EXP 	blank3_bg: autoDraw = False
891.4935 	EXP 	blank3_bg: autoDraw = False
891.4935 	EXP 	greenCircle: autoDraw = False
891.4935 	EXP 	redCrosss: autoDraw = False
891.4935 	EXP 	prime_text: height = np.float64(0.05)
891.4935 	EXP 	prime_text: height = np.float64(0.05)
891.4935 	EXP 	prime_text: height = np.float64(0.05)
891.4935 	EXP 	prime_text: text = 'She does not like apples'
891.4935 	EXP 	target_text: height = np.float64(0.05)
891.4935 	EXP 	target_text: height = np.float64(0.05)
891.4935 	EXP 	target_text: height = np.float64(0.05)
891.4935 	EXP 	target_text: text = 'She like does apples not'
891.4935 	EXP 	fix_text: autoDraw = True
891.7376 	EXP 	fix_text: autoDraw = False
891.7376 	EXP 	blank1_bg: autoDraw = True
891.9251 	EXP 	blank1_bg: autoDraw = False
891.9378 	EXP 	prime_text: autoDraw = True
892.1246 	EXP 	prime_text: autoDraw = False
892.1377 	EXP 	blank2_bg: autoDraw = True
892.2263 	EXP 	blank2_bg: autoDraw = False
892.2379 	INFO 	Keyboard events cleared
892.2378 	EXP 	target_text: autoDraw = True
893.7562 	EXP 	Device response: <KeyPress from None: t=893.7511170829966, value=left, duration=None>
893.7644 	DATA 	Keypress: left
893.7687 	EXP 	fix_text: autoDraw = False
893.7687 	EXP 	blank1_bg: autoDraw = False
893.7687 	EXP 	prime_text: autoDraw = False
893.7687 	EXP 	blank2_bg: autoDraw = False
893.7687 	EXP 	target_text: autoDraw = False
893.7687 	EXP 	greenCircle: autoDraw = True
893.7687 	EXP 	redCrosss: autoDraw = True
893.8558 	EXP 	Device response: <KeyPress from None: t=893.7511170829966, value=left, duration=0.09620104200439528>
893.9532 	EXP 	blank3_bg: autoDraw = True
893.9615 	EXP 	greenCircle: autoDraw = False
893.9615 	EXP 	redCrosss: autoDraw = False
894.7378 	EXP 	New trial (rep=17, index=14): <Trial 286 (14 in rep 17) data={'prime': 'The dog is barking loudly', 'target': 'The loudly is barking dog', 'condition': 'repetition_unrelated', 'correctAns': 'left', 'thisN': 286, 'thisTrialN': 14, 'thisRepN': 17}>
894.7534 	EXP 	blank3_bg: autoDraw = False
894.7534 	EXP 	blank3_bg: autoDraw = False
894.7534 	EXP 	greenCircle: autoDraw = False
894.7534 	EXP 	redCrosss: autoDraw = False
894.7534 	EXP 	prime_text: height = np.float64(0.05)
894.7534 	EXP 	prime_text: height = np.float64(0.05)
894.7534 	EXP 	prime_text: height = np.float64(0.05)
894.7534 	EXP 	prime_text: text = 'The dog is barking loudly'
894.7534 	EXP 	target_text: height = np.float64(0.05)
894.7534 	EXP 	target_text: height = np.float64(0.05)
894.7534 	EXP 	target_text: height = np.float64(0.05)
894.7534 	EXP 	target_text: text = 'The loudly is barking dog'
894.7579 	EXP 	fix_text: autoDraw = True
895.0044 	EXP 	fix_text: autoDraw = False
895.0044 	EXP 	blank1_bg: autoDraw = True
895.1919 	EXP 	blank1_bg: autoDraw = False
895.2046 	EXP 	prime_text: autoDraw = True
895.3931 	EXP 	prime_text: autoDraw = False
895.4045 	EXP 	blank2_bg: autoDraw = True
895.4927 	EXP 	blank2_bg: autoDraw = False
895.5047 	INFO 	Keyboard events cleared
895.5044 	EXP 	target_text: autoDraw = True
896.8230 	EXP 	Device response: <KeyPress from None: t=896.8109372080071, value=left, duration=None>
896.8315 	DATA 	Keypress: left
896.8358 	EXP 	fix_text: autoDraw = False
896.8358 	EXP 	blank1_bg: autoDraw = False
896.8358 	EXP 	prime_text: autoDraw = False
896.8358 	EXP 	blank2_bg: autoDraw = False
896.8358 	EXP 	target_text: autoDraw = False
896.8358 	EXP 	greenCircle: autoDraw = True
896.8358 	EXP 	redCrosss: autoDraw = True
896.9229 	EXP 	Device response: <KeyPress from None: t=896.8109372080071, value=left, duration=0.10032945800048765>
897.0210 	EXP 	blank3_bg: autoDraw = True
897.0285 	EXP 	greenCircle: autoDraw = False
897.0285 	EXP 	redCrosss: autoDraw = False
897.8117 	EXP 	New trial (rep=17, index=15): <Trial 287 (15 in rep 17) data={'prime': 'The boy can read fast', 'target': 'The read can boy fast', 'condition': 'repetition_unrelated', 'correctAns': 'left', 'thisN': 287, 'thisTrialN': 15, 'thisRepN': 17}>
897.8266 	EXP 	blank3_bg: autoDraw = False
897.8266 	EXP 	blank3_bg: autoDraw = False
897.8266 	EXP 	greenCircle: autoDraw = False
897.8266 	EXP 	redCrosss: autoDraw = False
897.8266 	EXP 	prime_text: height = np.float64(0.05)
897.8266 	EXP 	prime_text: height = np.float64(0.05)
897.8266 	EXP 	prime_text: height = np.float64(0.05)
897.8266 	EXP 	prime_text: text = 'The boy can read fast'
897.8266 	EXP 	target_text: height = np.float64(0.05)
897.8266 	EXP 	target_text: height = np.float64(0.05)
897.8266 	EXP 	target_text: height = np.float64(0.05)
897.8266 	EXP 	target_text: text = 'The read can boy fast'
897.8266 	EXP 	fix_text: autoDraw = True
898.0712 	EXP 	fix_text: autoDraw = False
898.0712 	EXP 	blank1_bg: autoDraw = True
898.2596 	EXP 	blank1_bg: autoDraw = False
898.2710 	EXP 	prime_text: autoDraw = True
898.4591 	EXP 	prime_text: autoDraw = False
898.4713 	EXP 	blank2_bg: autoDraw = True
898.5586 	EXP 	blank2_bg: autoDraw = False
898.5712 	INFO 	Keyboard events cleared
898.5710 	EXP 	target_text: autoDraw = True
899.2445 	EXP 	Device response: <KeyPress from None: t=899.2388791249978, value=left, duration=None>
899.2518 	DATA 	Keypress: left
899.2568 	EXP 	fix_text: autoDraw = False
899.2568 	EXP 	blank1_bg: autoDraw = False
899.2568 	EXP 	prime_text: autoDraw = False
899.2568 	EXP 	blank2_bg: autoDraw = False
899.2568 	EXP 	target_text: autoDraw = False
899.2568 	EXP 	greenCircle: autoDraw = True
899.2568 	EXP 	redCrosss: autoDraw = True
899.3562 	EXP 	Device response: <KeyPress from None: t=899.2388791249978, value=left, duration=0.11234741601219866>
899.4457 	EXP 	blank3_bg: autoDraw = True
899.4529 	EXP 	greenCircle: autoDraw = False
899.4529 	EXP 	redCrosss: autoDraw = False
900.2380 	EXP 	New trial (rep=18, index=0): <Trial 288 (0 in rep 18) data={'prime': 'They have finished the work', 'target': 'They finished have the work', 'condition': 'transposition_related', 'correctAns': 'right', 'thisN': 288, 'thisTrialN': 0, 'thisRepN': 18}>
900.2531 	EXP 	blank3_bg: autoDraw = False
900.2531 	EXP 	blank3_bg: autoDraw = False
900.2531 	EXP 	greenCircle: autoDraw = False
900.2531 	EXP 	redCrosss: autoDraw = False
900.2531 	EXP 	prime_text: height = np.float64(0.05)
900.2531 	EXP 	prime_text: height = np.float64(0.05)
900.2531 	EXP 	prime_text: height = np.float64(0.05)
900.2531 	EXP 	prime_text: text = 'They have finished the work'
900.2531 	EXP 	target_text: height = np.float64(0.05)
900.2531 	EXP 	target_text: height = np.float64(0.05)
900.2531 	EXP 	target_text: height = np.float64(0.05)
900.2531 	EXP 	target_text: text = 'They finished have the work'
900.2531 	EXP 	fix_text: autoDraw = True
900.4864 	EXP 	blank1_bg: autoDraw = True
900.4935 	EXP 	fix_text: autoDraw = False
900.6761 	EXP 	blank1_bg: autoDraw = False
900.6946 	EXP 	prime_text: autoDraw = True
900.8879 	EXP 	prime_text: autoDraw = False
900.8879 	EXP 	blank2_bg: autoDraw = True
900.9764 	EXP 	blank2_bg: autoDraw = False
900.9938 	INFO 	Keyboard events cleared
900.9936 	EXP 	target_text: autoDraw = True
902.1785 	EXP 	Device response: <KeyPress from None: t=902.1718379160011, value=left, duration=None>
902.1857 	DATA 	Keypress: left
902.1902 	EXP 	fix_text: autoDraw = False
902.1902 	EXP 	blank1_bg: autoDraw = False
902.1902 	EXP 	prime_text: autoDraw = False
902.1902 	EXP 	blank2_bg: autoDraw = False
902.1902 	EXP 	target_text: autoDraw = False
902.1902 	EXP 	greenCircle: autoDraw = True
902.1902 	EXP 	redCrosss: autoDraw = True
902.3279 	EXP 	Device response: <KeyPress from None: t=902.1718379160011, value=left, duration=0.15235095900425222>
902.3798 	EXP 	blank3_bg: autoDraw = True
902.3860 	EXP 	greenCircle: autoDraw = False
902.3860 	EXP 	redCrosss: autoDraw = False
903.1720 	EXP 	New trial (rep=18, index=1): <Trial 289 (1 in rep 18) data={'prime': 'The dog is barking loudly', 'target': 'The barking dog loudly is', 'condition': 'transposition_unrelated', 'correctAns': 'left', 'thisN': 289, 'thisTrialN': 1, 'thisRepN': 18}>
903.1876 	EXP 	blank3_bg: autoDraw = False
903.1876 	EXP 	blank3_bg: autoDraw = False
903.1876 	EXP 	greenCircle: autoDraw = False
903.1876 	EXP 	redCrosss: autoDraw = False
903.1876 	EXP 	prime_text: height = np.float64(0.05)
903.1876 	EXP 	prime_text: height = np.float64(0.05)
903.1876 	EXP 	prime_text: height = np.float64(0.05)
903.1876 	EXP 	prime_text: text = 'The dog is barking loudly'
903.1876 	EXP 	target_text: height = np.float64(0.05)
903.1876 	EXP 	target_text: height = np.float64(0.05)
903.1876 	EXP 	target_text: height = np.float64(0.05)
903.1876 	EXP 	target_text: text = 'The barking dog loudly is'
903.1876 	EXP 	fix_text: autoDraw = True
903.4295 	EXP 	fix_text: autoDraw = False
903.4295 	EXP 	blank1_bg: autoDraw = True
903.6197 	EXP 	blank1_bg: autoDraw = False
903.6197 	EXP 	prime_text: autoDraw = True
903.8100 	EXP 	prime_text: autoDraw = False
903.8274 	EXP 	blank2_bg: autoDraw = True
903.9212 	EXP 	blank2_bg: autoDraw = False
903.9280 	INFO 	Keyboard events cleared
903.9278 	EXP 	target_text: autoDraw = True
905.3061 	EXP 	Device response: <KeyPress from None: t=905.2998000829975, value=left, duration=None>
905.3141 	DATA 	Keypress: left
905.3183 	EXP 	fix_text: autoDraw = False
905.3183 	EXP 	blank1_bg: autoDraw = False
905.3183 	EXP 	prime_text: autoDraw = False
905.3183 	EXP 	blank2_bg: autoDraw = False
905.3183 	EXP 	target_text: autoDraw = False
905.3183 	EXP 	greenCircle: autoDraw = True
905.3183 	EXP 	redCrosss: autoDraw = True
905.4230 	EXP 	Device response: <KeyPress from None: t=905.2998000829975, value=left, duration=0.11624116700841114>
905.5040 	EXP 	blank3_bg: autoDraw = True
905.5119 	EXP 	greenCircle: autoDraw = False
905.5119 	EXP 	redCrosss: autoDraw = False
906.2882 	EXP 	New trial (rep=18, index=2): <Trial 290 (2 in rep 18) data={'prime': 'The dog is barking loudly', 'target': 'The dog barking is loudly', 'condition': 'transposition_related', 'correctAns': 'right', 'thisN': 290, 'thisTrialN': 2, 'thisRepN': 18}>
906.2992 	EXP 	blank3_bg: autoDraw = False
906.2992 	EXP 	blank3_bg: autoDraw = False
906.2992 	EXP 	greenCircle: autoDraw = False
906.2992 	EXP 	redCrosss: autoDraw = False
906.2992 	EXP 	prime_text: text = 'The dog is barking loudly'
906.2992 	EXP 	target_text: height = np.float64(0.05)
906.2992 	EXP 	target_text: height = np.float64(0.05)
906.2992 	EXP 	target_text: height = np.float64(0.05)
906.2992 	EXP 	target_text: text = 'The dog barking is loudly'
906.3207 	EXP 	fix_text: autoDraw = True
906.5545 	EXP 	blank1_bg: autoDraw = True
906.5625 	EXP 	fix_text: autoDraw = False
906.7545 	EXP 	blank1_bg: autoDraw = False
906.7545 	EXP 	prime_text: autoDraw = True
906.9429 	EXP 	prime_text: autoDraw = False
906.9544 	EXP 	blank2_bg: autoDraw = True
907.0425 	EXP 	blank2_bg: autoDraw = False
907.0545 	INFO 	Keyboard events cleared
907.0544 	EXP 	target_text: autoDraw = True
908.4228 	EXP 	Device response: <KeyPress from None: t=908.4197593330027, value=left, duration=None>
908.4339 	DATA 	Keypress: left
908.4383 	EXP 	fix_text: autoDraw = False
908.4383 	EXP 	blank1_bg: autoDraw = False
908.4383 	EXP 	prime_text: autoDraw = False
908.4383 	EXP 	blank2_bg: autoDraw = False
908.4383 	EXP 	target_text: autoDraw = False
908.4383 	EXP 	greenCircle: autoDraw = True
908.4383 	EXP 	redCrosss: autoDraw = True
908.5443 	EXP 	Device response: <KeyPress from None: t=908.4197593330027, value=left, duration=0.12027279200265184>
908.6209 	EXP 	blank3_bg: autoDraw = True
908.6284 	EXP 	greenCircle: autoDraw = False
908.6284 	EXP 	redCrosss: autoDraw = False
909.4045 	EXP 	New trial (rep=18, index=3): <Trial 291 (3 in rep 18) data={'prime': 'They have finished the work', 'target': 'They have finished the work', 'condition': 'repetition_related', 'correctAns': 'right', 'thisN': 291, 'thisTrialN': 3, 'thisRepN': 18}>
909.4196 	EXP 	blank3_bg: autoDraw = False
909.4196 	EXP 	blank3_bg: autoDraw = False
909.4196 	EXP 	greenCircle: autoDraw = False
909.4196 	EXP 	redCrosss: autoDraw = False
909.4196 	EXP 	prime_text: height = np.float64(0.05)
909.4196 	EXP 	prime_text: height = np.float64(0.05)
909.4196 	EXP 	prime_text: height = np.float64(0.05)
909.4196 	EXP 	prime_text: text = 'They have finished the work'
909.4196 	EXP 	target_text: height = np.float64(0.05)
909.4196 	EXP 	target_text: height = np.float64(0.05)
909.4196 	EXP 	target_text: height = np.float64(0.05)
909.4196 	EXP 	target_text: text = 'They have finished the work'
909.4240 	EXP 	fix_text: autoDraw = True
909.6710 	EXP 	fix_text: autoDraw = False
909.6710 	EXP 	blank1_bg: autoDraw = True
909.8597 	EXP 	blank1_bg: autoDraw = False
909.8713 	EXP 	prime_text: autoDraw = True
910.0593 	EXP 	prime_text: autoDraw = False
910.0710 	EXP 	blank2_bg: autoDraw = True
910.1594 	EXP 	blank2_bg: autoDraw = False
910.1714 	INFO 	Keyboard events cleared
910.1712 	EXP 	target_text: autoDraw = True
911.2557 	EXP 	Device response: <KeyPress from None: t=911.2455350829987, value=right, duration=None>
911.2631 	DATA 	Keypress: right
911.2673 	EXP 	fix_text: autoDraw = False
911.2673 	EXP 	blank1_bg: autoDraw = False
911.2673 	EXP 	prime_text: autoDraw = False
911.2673 	EXP 	blank2_bg: autoDraw = False
911.2673 	EXP 	target_text: autoDraw = False
911.2673 	EXP 	greenCircle: autoDraw = True
911.2673 	EXP 	redCrosss: autoDraw = True
911.3730 	EXP 	Device response: <KeyPress from None: t=911.2455350829987, value=right, duration=0.12037162500200793>
911.4544 	EXP 	blank3_bg: autoDraw = True
911.4621 	EXP 	greenCircle: autoDraw = False
911.4621 	EXP 	redCrosss: autoDraw = False
912.2450 	EXP 	New trial (rep=18, index=4): <Trial 292 (4 in rep 18) data={'prime': 'She does not like apples', 'target': 'She does not like apples', 'condition': 'repetition_related', 'correctAns': 'right', 'thisN': 292, 'thisTrialN': 4, 'thisRepN': 18}>
912.2596 	EXP 	blank3_bg: autoDraw = False
912.2596 	EXP 	blank3_bg: autoDraw = False
912.2596 	EXP 	greenCircle: autoDraw = False
912.2596 	EXP 	redCrosss: autoDraw = False
912.2596 	EXP 	prime_text: height = np.float64(0.05)
912.2596 	EXP 	prime_text: height = np.float64(0.05)
912.2596 	EXP 	prime_text: height = np.float64(0.05)
912.2596 	EXP 	prime_text: text = 'She does not like apples'
912.2596 	EXP 	target_text: height = np.float64(0.05)
912.2596 	EXP 	target_text: height = np.float64(0.05)
912.2596 	EXP 	target_text: height = np.float64(0.05)
912.2596 	EXP 	target_text: text = 'She does not like apples'
912.2596 	EXP 	fix_text: autoDraw = True
912.5043 	EXP 	fix_text: autoDraw = False
912.5043 	EXP 	blank1_bg: autoDraw = True
912.6928 	EXP 	blank1_bg: autoDraw = False
912.7043 	EXP 	prime_text: autoDraw = True
912.8925 	EXP 	prime_text: autoDraw = False
912.9044 	EXP 	blank2_bg: autoDraw = True
912.9932 	EXP 	blank2_bg: autoDraw = False
913.0045 	INFO 	Keyboard events cleared
913.0043 	EXP 	target_text: autoDraw = True
913.8559 	EXP 	Device response: <KeyPress from None: t=913.8445431250002, value=right, duration=None>
913.8640 	DATA 	Keypress: right
913.8683 	EXP 	fix_text: autoDraw = False
913.8683 	EXP 	blank1_bg: autoDraw = False
913.8683 	EXP 	prime_text: autoDraw = False
913.8683 	EXP 	blank2_bg: autoDraw = False
913.8683 	EXP 	target_text: autoDraw = False
913.8683 	EXP 	greenCircle: autoDraw = True
913.8683 	EXP 	redCrosss: autoDraw = True
913.9723 	EXP 	Device response: <KeyPress from None: t=913.8445431250002, value=right, duration=0.12027675000717863>
914.0542 	EXP 	blank3_bg: autoDraw = True
914.0623 	EXP 	greenCircle: autoDraw = False
914.0623 	EXP 	redCrosss: autoDraw = False
914.8383 	EXP 	New trial (rep=18, index=5): <Trial 293 (5 in rep 18) data={'prime': 'She does not like apples', 'target': 'She not does like apples', 'condition': 'transposition_related', 'correctAns': 'right', 'thisN': 293, 'thisTrialN': 5, 'thisRepN': 18}>
914.8492 	EXP 	blank3_bg: autoDraw = False
914.8492 	EXP 	blank3_bg: autoDraw = False
914.8492 	EXP 	greenCircle: autoDraw = False
914.8492 	EXP 	redCrosss: autoDraw = False
914.8492 	EXP 	prime_text: text = 'She does not like apples'
914.8492 	EXP 	target_text: height = np.float64(0.05)
914.8492 	EXP 	target_text: height = np.float64(0.05)
914.8492 	EXP 	target_text: height = np.float64(0.05)
914.8492 	EXP 	target_text: text = 'She not does like apples'
914.8708 	EXP 	fix_text: autoDraw = True
915.1043 	EXP 	blank1_bg: autoDraw = True
915.1119 	EXP 	fix_text: autoDraw = False
915.3046 	EXP 	blank1_bg: autoDraw = False
915.3046 	EXP 	prime_text: autoDraw = True
915.4928 	EXP 	prime_text: autoDraw = False
915.5045 	EXP 	blank2_bg: autoDraw = True
915.5924 	EXP 	blank2_bg: autoDraw = False
915.6045 	INFO 	Keyboard events cleared
915.6043 	EXP 	target_text: autoDraw = True
917.5453 	EXP 	Device response: <KeyPress from None: t=917.5424536250066, value=left, duration=None>
917.5523 	DATA 	Keypress: left
917.5568 	EXP 	fix_text: autoDraw = False
917.5568 	EXP 	blank1_bg: autoDraw = False
917.5568 	EXP 	prime_text: autoDraw = False
917.5568 	EXP 	blank2_bg: autoDraw = False
917.5568 	EXP 	target_text: autoDraw = False
917.5568 	EXP 	greenCircle: autoDraw = True
917.5568 	EXP 	redCrosss: autoDraw = True
917.6276 	EXP 	Device response: <KeyPress from None: t=917.5424536250066, value=left, duration=0.08025137499498669>
917.7466 	EXP 	blank3_bg: autoDraw = True
917.7530 	EXP 	greenCircle: autoDraw = False
917.7530 	EXP 	redCrosss: autoDraw = False
918.5383 	EXP 	New trial (rep=18, index=6): <Trial 294 (6 in rep 18) data={'prime': 'The boy can read fast', 'target': 'The boy can read fast', 'condition': 'repetition_related', 'correctAns': 'right', 'thisN': 294, 'thisTrialN': 6, 'thisRepN': 18}>
918.5538 	EXP 	blank3_bg: autoDraw = False
918.5538 	EXP 	blank3_bg: autoDraw = False
918.5538 	EXP 	greenCircle: autoDraw = False
918.5538 	EXP 	redCrosss: autoDraw = False
918.5538 	EXP 	prime_text: height = np.float64(0.05)
918.5538 	EXP 	prime_text: height = np.float64(0.05)
918.5538 	EXP 	prime_text: height = np.float64(0.05)
918.5538 	EXP 	prime_text: text = 'The boy can read fast'
918.5538 	EXP 	target_text: height = np.float64(0.05)
918.5538 	EXP 	target_text: height = np.float64(0.05)
918.5538 	EXP 	target_text: height = np.float64(0.05)
918.5538 	EXP 	target_text: text = 'The boy can read fast'
918.5538 	EXP 	fix_text: autoDraw = True
918.7961 	EXP 	fix_text: autoDraw = False
918.7961 	EXP 	blank1_bg: autoDraw = True
918.9863 	EXP 	prime_text: autoDraw = True
918.9908 	EXP 	blank1_bg: autoDraw = False
919.1758 	EXP 	prime_text: autoDraw = False
919.1945 	EXP 	blank2_bg: autoDraw = True
919.2878 	EXP 	blank2_bg: autoDraw = False
919.2947 	INFO 	Keyboard events cleared
919.2945 	EXP 	target_text: autoDraw = True
919.9897 	EXP 	Device response: <KeyPress from None: t=919.9783198750083, value=right, duration=None>
919.9981 	DATA 	Keypress: right
920.0023 	EXP 	fix_text: autoDraw = False
920.0023 	EXP 	blank1_bg: autoDraw = False
920.0023 	EXP 	prime_text: autoDraw = False
920.0023 	EXP 	blank2_bg: autoDraw = False
920.0023 	EXP 	target_text: autoDraw = False
920.0023 	EXP 	greenCircle: autoDraw = True
920.0023 	EXP 	redCrosss: autoDraw = True
920.1061 	EXP 	Device response: <KeyPress from None: t=919.9783198750083, value=right, duration=0.11641283299832139>
920.1877 	EXP 	blank3_bg: autoDraw = True
920.1960 	EXP 	greenCircle: autoDraw = False
920.1960 	EXP 	redCrosss: autoDraw = False
920.9784 	EXP 	New trial (rep=18, index=7): <Trial 295 (7 in rep 18) data={'prime': 'The dog is barking loudly', 'target': 'The loudly is barking dog', 'condition': 'repetition_unrelated', 'correctAns': 'left', 'thisN': 295, 'thisTrialN': 7, 'thisRepN': 18}>
920.9941 	EXP 	blank3_bg: autoDraw = False
920.9941 	EXP 	blank3_bg: autoDraw = False
920.9941 	EXP 	greenCircle: autoDraw = False
920.9941 	EXP 	redCrosss: autoDraw = False
920.9941 	EXP 	prime_text: height = np.float64(0.05)
920.9941 	EXP 	prime_text: height = np.float64(0.05)
920.9941 	EXP 	prime_text: height = np.float64(0.05)
920.9941 	EXP 	prime_text: text = 'The dog is barking loudly'
920.9941 	EXP 	target_text: height = np.float64(0.05)
920.9941 	EXP 	target_text: height = np.float64(0.05)
920.9941 	EXP 	target_text: height = np.float64(0.05)
920.9941 	EXP 	target_text: text = 'The loudly is barking dog'
920.9941 	EXP 	fix_text: autoDraw = True
921.2377 	EXP 	fix_text: autoDraw = False
921.2377 	EXP 	blank1_bg: autoDraw = True
921.4377 	EXP 	blank1_bg: autoDraw = False
921.4377 	EXP 	prime_text: autoDraw = True
921.6251 	EXP 	prime_text: autoDraw = False
921.6378 	EXP 	blank2_bg: autoDraw = True
921.7261 	EXP 	blank2_bg: autoDraw = False
921.7380 	INFO 	Keyboard events cleared
921.7378 	EXP 	target_text: autoDraw = True
923.0061 	EXP 	Device response: <KeyPress from None: t=922.9943443329976, value=left, duration=None>
923.0142 	DATA 	Keypress: left
923.0184 	EXP 	fix_text: autoDraw = False
923.0184 	EXP 	blank1_bg: autoDraw = False
923.0184 	EXP 	prime_text: autoDraw = False
923.0184 	EXP 	blank2_bg: autoDraw = False
923.0184 	EXP 	target_text: autoDraw = False
923.0184 	EXP 	greenCircle: autoDraw = True
923.0184 	EXP 	redCrosss: autoDraw = True
923.1060 	EXP 	Device response: <KeyPress from None: t=922.9943443329976, value=left, duration=0.10438691700983327>
923.2043 	EXP 	blank3_bg: autoDraw = True
923.2116 	EXP 	greenCircle: autoDraw = False
923.2116 	EXP 	redCrosss: autoDraw = False
923.9950 	EXP 	New trial (rep=18, index=8): <Trial 296 (8 in rep 18) data={'prime': 'The boy can read fast', 'target': 'The read can boy fast', 'condition': 'transposition_unrelated', 'correctAns': 'left', 'thisN': 296, 'thisTrialN': 8, 'thisRepN': 18}>
924.0103 	EXP 	blank3_bg: autoDraw = False
924.0103 	EXP 	blank3_bg: autoDraw = False
924.0103 	EXP 	greenCircle: autoDraw = False
924.0103 	EXP 	redCrosss: autoDraw = False
924.0103 	EXP 	prime_text: height = np.float64(0.05)
924.0103 	EXP 	prime_text: height = np.float64(0.05)
924.0103 	EXP 	prime_text: height = np.float64(0.05)
924.0103 	EXP 	prime_text: text = 'The boy can read fast'
924.0103 	EXP 	target_text: height = np.float64(0.05)
924.0103 	EXP 	target_text: height = np.float64(0.05)
924.0103 	EXP 	target_text: height = np.float64(0.05)
924.0103 	EXP 	target_text: text = 'The read can boy fast'
924.0103 	EXP 	fix_text: autoDraw = True
924.2544 	EXP 	fix_text: autoDraw = False
924.2544 	EXP 	blank1_bg: autoDraw = True
924.4544 	EXP 	blank1_bg: autoDraw = False
924.4544 	EXP 	prime_text: autoDraw = True
924.6429 	EXP 	prime_text: autoDraw = False
924.6544 	EXP 	blank2_bg: autoDraw = True
924.7429 	EXP 	blank2_bg: autoDraw = False
924.7548 	INFO 	Keyboard events cleared
924.7546 	EXP 	target_text: autoDraw = True
926.3393 	EXP 	Device response: <KeyPress from None: t=926.3372734160075, value=left, duration=None>
926.3483 	DATA 	Keypress: left
926.3529 	EXP 	fix_text: autoDraw = False
926.3529 	EXP 	blank1_bg: autoDraw = False
926.3529 	EXP 	prime_text: autoDraw = False
926.3529 	EXP 	blank2_bg: autoDraw = False
926.3529 	EXP 	target_text: autoDraw = False
926.3529 	EXP 	greenCircle: autoDraw = True
926.3529 	EXP 	redCrosss: autoDraw = True
926.4730 	EXP 	Device response: <KeyPress from None: t=926.3372734160075, value=left, duration=0.1282553339988226>
926.5360 	EXP 	blank3_bg: autoDraw = True
926.5433 	EXP 	greenCircle: autoDraw = False
926.5433 	EXP 	redCrosss: autoDraw = False
927.3203 	EXP 	New trial (rep=18, index=9): <Trial 297 (9 in rep 18) data={'prime': 'The boy can read fast', 'target': 'The read can boy fast', 'condition': 'repetition_unrelated', 'correctAns': 'left', 'thisN': 297, 'thisTrialN': 9, 'thisRepN': 18}>
927.3258 	EXP 	blank3_bg: autoDraw = False
927.3258 	EXP 	blank3_bg: autoDraw = False
927.3258 	EXP 	greenCircle: autoDraw = False
927.3258 	EXP 	redCrosss: autoDraw = False
927.3258 	EXP 	prime_text: text = 'The boy can read fast'
927.3258 	EXP 	target_text: text = 'The read can boy fast'
927.3378 	EXP 	fix_text: autoDraw = True
927.5753 	EXP 	fix_text: autoDraw = False
927.5879 	EXP 	blank1_bg: autoDraw = True
927.7762 	EXP 	blank1_bg: autoDraw = False
927.7879 	EXP 	prime_text: autoDraw = True
927.9763 	EXP 	prime_text: autoDraw = False
927.9878 	EXP 	blank2_bg: autoDraw = True
928.0752 	EXP 	blank2_bg: autoDraw = False
928.0881 	INFO 	Keyboard events cleared
928.0878 	EXP 	target_text: autoDraw = True
929.1058 	EXP 	Device response: <KeyPress from None: t=929.0961050830083, value=left, duration=None>
929.1141 	DATA 	Keypress: left
929.1184 	EXP 	fix_text: autoDraw = False
929.1184 	EXP 	blank1_bg: autoDraw = False
929.1184 	EXP 	prime_text: autoDraw = False
929.1184 	EXP 	blank2_bg: autoDraw = False
929.1184 	EXP 	target_text: autoDraw = False
929.1184 	EXP 	greenCircle: autoDraw = True
929.1184 	EXP 	redCrosss: autoDraw = True
929.2110 	EXP 	Device response: <KeyPress from None: t=929.0961050830083, value=left, duration=0.1124206249951385>
929.3029 	EXP 	blank3_bg: autoDraw = True
929.3102 	EXP 	greenCircle: autoDraw = False
929.3102 	EXP 	redCrosss: autoDraw = False
930.0874 	EXP 	New trial (rep=18, index=10): <Trial 298 (10 in rep 18) data={'prime': 'She does not like apples', 'target': 'She not does like apples', 'condition': 'repetition_unrelated', 'correctAns': 'left', 'thisN': 298, 'thisTrialN': 10, 'thisRepN': 18}>
930.1025 	EXP 	blank3_bg: autoDraw = False
930.1025 	EXP 	blank3_bg: autoDraw = False
930.1025 	EXP 	greenCircle: autoDraw = False
930.1025 	EXP 	redCrosss: autoDraw = False
930.1025 	EXP 	prime_text: height = np.float64(0.05)
930.1025 	EXP 	prime_text: height = np.float64(0.05)
930.1025 	EXP 	prime_text: height = np.float64(0.05)
930.1025 	EXP 	prime_text: text = 'She does not like apples'
930.1025 	EXP 	target_text: height = np.float64(0.05)
930.1025 	EXP 	target_text: height = np.float64(0.05)
930.1025 	EXP 	target_text: height = np.float64(0.05)
930.1025 	EXP 	target_text: text = 'She not does like apples'
930.1071 	EXP 	fix_text: autoDraw = True
930.3542 	EXP 	fix_text: autoDraw = False
930.3542 	EXP 	blank1_bg: autoDraw = True
930.5542 	EXP 	blank1_bg: autoDraw = False
930.5542 	EXP 	prime_text: autoDraw = True
930.7426 	EXP 	prime_text: autoDraw = False
930.7543 	EXP 	blank2_bg: autoDraw = True
930.8429 	EXP 	blank2_bg: autoDraw = False
930.8544 	INFO 	Keyboard events cleared
930.8542 	EXP 	target_text: autoDraw = True
931.9395 	EXP 	Device response: <KeyPress from None: t=931.9351544579986, value=left, duration=None>
931.9475 	DATA 	Keypress: left
931.9517 	EXP 	fix_text: autoDraw = False
931.9517 	EXP 	blank1_bg: autoDraw = False
931.9517 	EXP 	prime_text: autoDraw = False
931.9517 	EXP 	blank2_bg: autoDraw = False
931.9517 	EXP 	target_text: autoDraw = False
931.9517 	EXP 	greenCircle: autoDraw = True
931.9517 	EXP 	redCrosss: autoDraw = True
932.0556 	EXP 	Device response: <KeyPress from None: t=931.9351544579986, value=left, duration=0.11225216700404417>
932.1376 	EXP 	blank3_bg: autoDraw = True
932.1454 	EXP 	greenCircle: autoDraw = False
932.1454 	EXP 	redCrosss: autoDraw = False
932.9216 	EXP 	New trial (rep=18, index=11): <Trial 299 (11 in rep 18) data={'prime': 'The dog is barking loudly', 'target': 'The dog is barking loudly', 'condition': 'repetition_related', 'correctAns': 'right', 'thisN': 299, 'thisTrialN': 11, 'thisRepN': 18}>
932.9367 	EXP 	blank3_bg: autoDraw = False
932.9367 	EXP 	blank3_bg: autoDraw = False
932.9367 	EXP 	greenCircle: autoDraw = False
932.9367 	EXP 	redCrosss: autoDraw = False
932.9367 	EXP 	prime_text: height = np.float64(0.05)
932.9367 	EXP 	prime_text: height = np.float64(0.05)
932.9367 	EXP 	prime_text: height = np.float64(0.05)
932.9367 	EXP 	prime_text: text = 'The dog is barking loudly'
932.9367 	EXP 	target_text: height = np.float64(0.05)
932.9367 	EXP 	target_text: height = np.float64(0.05)
932.9367 	EXP 	target_text: height = np.float64(0.05)
932.9367 	EXP 	target_text: text = 'The dog is barking loudly'
932.9413 	EXP 	fix_text: autoDraw = True
933.1878 	EXP 	fix_text: autoDraw = False
933.1878 	EXP 	blank1_bg: autoDraw = True
933.3875 	EXP 	blank1_bg: autoDraw = False
933.3875 	EXP 	prime_text: autoDraw = True
933.5760 	EXP 	prime_text: autoDraw = False
933.5878 	EXP 	blank2_bg: autoDraw = True
933.6751 	EXP 	blank2_bg: autoDraw = False
933.6879 	INFO 	Keyboard events cleared
933.6877 	EXP 	target_text: autoDraw = True
934.7562 	EXP 	Device response: <KeyPress from None: t=934.7492003750085, value=right, duration=None>
934.7643 	DATA 	Keypress: right
934.7686 	EXP 	fix_text: autoDraw = False
934.7686 	EXP 	blank1_bg: autoDraw = False
934.7686 	EXP 	prime_text: autoDraw = False
934.7686 	EXP 	blank2_bg: autoDraw = False
934.7686 	EXP 	target_text: autoDraw = False
934.7686 	EXP 	greenCircle: autoDraw = True
934.7686 	EXP 	redCrosss: autoDraw = True
934.8728 	EXP 	Device response: <KeyPress from None: t=934.7492003750085, value=right, duration=0.11613054099143483>
934.9542 	EXP 	blank3_bg: autoDraw = True
934.9618 	EXP 	greenCircle: autoDraw = False
934.9618 	EXP 	redCrosss: autoDraw = False
935.7384 	EXP 	New trial (rep=18, index=12): <Trial 300 (12 in rep 18) data={'prime': 'They have finished the work', 'target': 'They finished have the work', 'condition': 'repetition_unrelated', 'correctAns': 'left', 'thisN': 300, 'thisTrialN': 12, 'thisRepN': 18}>
935.7536 	EXP 	blank3_bg: autoDraw = False
935.7536 	EXP 	blank3_bg: autoDraw = False
935.7536 	EXP 	greenCircle: autoDraw = False
935.7536 	EXP 	redCrosss: autoDraw = False
935.7536 	EXP 	prime_text: height = np.float64(0.05)
935.7536 	EXP 	prime_text: height = np.float64(0.05)
935.7536 	EXP 	prime_text: height = np.float64(0.05)
935.7536 	EXP 	prime_text: text = 'They have finished the work'
935.7536 	EXP 	target_text: height = np.float64(0.05)
935.7536 	EXP 	target_text: height = np.float64(0.05)
935.7536 	EXP 	target_text: height = np.float64(0.05)
935.7536 	EXP 	target_text: text = 'They finished have the work'
935.7581 	EXP 	fix_text: autoDraw = True
936.0044 	EXP 	fix_text: autoDraw = False
936.0044 	EXP 	blank1_bg: autoDraw = True
936.2043 	EXP 	blank1_bg: autoDraw = False
936.2043 	EXP 	prime_text: autoDraw = True
936.3930 	EXP 	prime_text: autoDraw = False
936.4045 	EXP 	blank2_bg: autoDraw = True
936.4914 	EXP 	blank2_bg: autoDraw = False
936.5045 	INFO 	Keyboard events cleared
936.5043 	EXP 	target_text: autoDraw = True
937.9722 	EXP 	Device response: <KeyPress from None: t=937.9599787909974, value=left, duration=None>
937.9794 	DATA 	Keypress: left
937.9835 	EXP 	fix_text: autoDraw = False
937.9835 	EXP 	blank1_bg: autoDraw = False
937.9835 	EXP 	prime_text: autoDraw = False
937.9835 	EXP 	blank2_bg: autoDraw = False
937.9835 	EXP 	target_text: autoDraw = False
937.9835 	EXP 	greenCircle: autoDraw = True
937.9835 	EXP 	redCrosss: autoDraw = True
938.0782 	EXP 	Device response: <KeyPress from None: t=937.9599787909974, value=left, duration=0.11629212500702124>
938.1708 	EXP 	blank3_bg: autoDraw = True
938.1785 	EXP 	greenCircle: autoDraw = False
938.1785 	EXP 	redCrosss: autoDraw = False
938.9603 	EXP 	New trial (rep=18, index=13): <Trial 301 (13 in rep 18) data={'prime': 'The boy can read fast', 'target': 'The boy can read fast', 'condition': 'transposition_related', 'correctAns': 'right', 'thisN': 301, 'thisTrialN': 13, 'thisRepN': 18}>
938.9742 	EXP 	blank3_bg: autoDraw = False
938.9742 	EXP 	blank3_bg: autoDraw = False
938.9742 	EXP 	greenCircle: autoDraw = False
938.9742 	EXP 	redCrosss: autoDraw = False
938.9742 	EXP 	prime_text: height = np.float64(0.05)
938.9742 	EXP 	prime_text: height = np.float64(0.05)
938.9742 	EXP 	prime_text: height = np.float64(0.05)
938.9742 	EXP 	prime_text: text = 'The boy can read fast'
938.9742 	EXP 	target_text: height = np.float64(0.05)
938.9742 	EXP 	target_text: height = np.float64(0.05)
938.9742 	EXP 	target_text: height = np.float64(0.05)
938.9742 	EXP 	target_text: text = 'The boy can read fast'
938.9742 	EXP 	fix_text: autoDraw = True
939.2209 	EXP 	fix_text: autoDraw = False
939.2209 	EXP 	blank1_bg: autoDraw = True
939.4093 	EXP 	blank1_bg: autoDraw = False
939.4209 	EXP 	prime_text: autoDraw = True
939.6088 	EXP 	prime_text: autoDraw = False
939.6212 	EXP 	blank2_bg: autoDraw = True
939.7084 	EXP 	blank2_bg: autoDraw = False
939.7213 	INFO 	Keyboard events cleared
939.7211 	EXP 	target_text: autoDraw = True
940.2887 	EXP 	Device response: <KeyPress from None: t=940.2829914159956, value=right, duration=None>
940.2957 	DATA 	Keypress: right
940.2999 	EXP 	fix_text: autoDraw = False
940.2999 	EXP 	blank1_bg: autoDraw = False
940.2999 	EXP 	prime_text: autoDraw = False
940.2999 	EXP 	blank2_bg: autoDraw = False
940.2999 	EXP 	target_text: autoDraw = False
940.2999 	EXP 	greenCircle: autoDraw = True
940.2999 	EXP 	redCrosss: autoDraw = True
940.3945 	EXP 	Device response: <KeyPress from None: t=940.2829914159956, value=right, duration=0.10825220900005661>
940.4868 	EXP 	blank3_bg: autoDraw = True
940.4951 	EXP 	greenCircle: autoDraw = False
940.4951 	EXP 	redCrosss: autoDraw = False
941.2705 	EXP 	New trial (rep=18, index=14): <Trial 302 (14 in rep 18) data={'prime': 'She does not like apples', 'target': 'She like does apples not', 'condition': 'transposition_unrelated', 'correctAns': 'left', 'thisN': 302, 'thisTrialN': 14, 'thisRepN': 18}>
941.2855 	EXP 	blank3_bg: autoDraw = False
941.2855 	EXP 	blank3_bg: autoDraw = False
941.2855 	EXP 	greenCircle: autoDraw = False
941.2855 	EXP 	redCrosss: autoDraw = False
941.2855 	EXP 	prime_text: height = np.float64(0.05)
941.2855 	EXP 	prime_text: height = np.float64(0.05)
941.2855 	EXP 	prime_text: height = np.float64(0.05)
941.2855 	EXP 	prime_text: text = 'She does not like apples'
941.2855 	EXP 	target_text: height = np.float64(0.05)
941.2855 	EXP 	target_text: height = np.float64(0.05)
941.2855 	EXP 	target_text: height = np.float64(0.05)
941.2855 	EXP 	target_text: text = 'She like does apples not'
941.2894 	EXP 	fix_text: autoDraw = True
941.5371 	EXP 	fix_text: autoDraw = False
941.5371 	EXP 	blank1_bg: autoDraw = True
941.7253 	EXP 	blank1_bg: autoDraw = False
941.7378 	EXP 	prime_text: autoDraw = True
941.9263 	EXP 	prime_text: autoDraw = False
941.9378 	EXP 	blank2_bg: autoDraw = True
942.0266 	EXP 	blank2_bg: autoDraw = False
942.0379 	INFO 	Keyboard events cleared
942.0377 	EXP 	target_text: autoDraw = True
942.7777 	EXP 	Device response: <KeyPress from None: t=942.7721972080035, value=left, duration=None>
942.7848 	DATA 	Keypress: left
942.7897 	EXP 	fix_text: autoDraw = False
942.7897 	EXP 	blank1_bg: autoDraw = False
942.7897 	EXP 	prime_text: autoDraw = False
942.7897 	EXP 	blank2_bg: autoDraw = False
942.7897 	EXP 	target_text: autoDraw = False
942.7897 	EXP 	greenCircle: autoDraw = True
942.7897 	EXP 	redCrosss: autoDraw = True
942.9062 	EXP 	Device response: <KeyPress from None: t=942.7721972080035, value=left, duration=0.12861241700011306>
942.9795 	EXP 	blank3_bg: autoDraw = True
942.9862 	EXP 	greenCircle: autoDraw = False
942.9862 	EXP 	redCrosss: autoDraw = False
943.7629 	EXP 	New trial (rep=18, index=15): <Trial 303 (15 in rep 18) data={'prime': 'They have finished the work', 'target': 'They work the have finished', 'condition': 'transposition_unrelated', 'correctAns': 'left', 'thisN': 303, 'thisTrialN': 15, 'thisRepN': 18}>
943.7781 	EXP 	blank3_bg: autoDraw = False
943.7781 	EXP 	blank3_bg: autoDraw = False
943.7781 	EXP 	greenCircle: autoDraw = False
943.7781 	EXP 	redCrosss: autoDraw = False
943.7781 	EXP 	prime_text: height = np.float64(0.05)
943.7781 	EXP 	prime_text: height = np.float64(0.05)
943.7781 	EXP 	prime_text: height = np.float64(0.05)
943.7781 	EXP 	prime_text: text = 'They have finished the work'
943.7781 	EXP 	target_text: height = np.float64(0.05)
943.7781 	EXP 	target_text: height = np.float64(0.05)
943.7781 	EXP 	target_text: height = np.float64(0.05)
943.7781 	EXP 	target_text: text = 'They work the have finished'
943.7781 	EXP 	fix_text: autoDraw = True
944.0293 	EXP 	fix_text: autoDraw = False
944.0293 	EXP 	blank1_bg: autoDraw = True
944.2193 	EXP 	blank1_bg: autoDraw = False
944.2193 	EXP 	prime_text: autoDraw = True
944.4100 	EXP 	prime_text: autoDraw = False
944.4265 	EXP 	blank2_bg: autoDraw = True
944.5212 	INFO 	Keyboard events cleared
944.5210 	EXP 	blank2_bg: autoDraw = False
944.5210 	EXP 	target_text: autoDraw = True
945.6390 	EXP 	Device response: <KeyPress from None: t=945.6307074159995, value=left, duration=None>
945.6463 	DATA 	Keypress: left
945.6505 	EXP 	fix_text: autoDraw = False
945.6505 	EXP 	blank1_bg: autoDraw = False
945.6505 	EXP 	prime_text: autoDraw = False
945.6505 	EXP 	blank2_bg: autoDraw = False
945.6505 	EXP 	target_text: autoDraw = False
945.6505 	EXP 	greenCircle: autoDraw = True
945.6505 	EXP 	redCrosss: autoDraw = True
945.7450 	EXP 	Device response: <KeyPress from None: t=945.6307074159995, value=left, duration=0.1123958750104066>
945.8364 	EXP 	blank3_bg: autoDraw = True
945.8427 	EXP 	greenCircle: autoDraw = False
945.8427 	EXP 	redCrosss: autoDraw = False
946.6203 	EXP 	New trial (rep=19, index=0): <Trial 304 (0 in rep 19) data={'prime': 'They have finished the work', 'target': 'They finished have the work', 'condition': 'transposition_related', 'correctAns': 'right', 'thisN': 304, 'thisTrialN': 0, 'thisRepN': 19}>
946.6316 	EXP 	blank3_bg: autoDraw = False
946.6316 	EXP 	blank3_bg: autoDraw = False
946.6316 	EXP 	greenCircle: autoDraw = False
946.6316 	EXP 	redCrosss: autoDraw = False
946.6316 	EXP 	prime_text: text = 'They have finished the work'
946.6316 	EXP 	target_text: height = np.float64(0.05)
946.6316 	EXP 	target_text: height = np.float64(0.05)
946.6316 	EXP 	target_text: height = np.float64(0.05)
946.6316 	EXP 	target_text: text = 'They finished have the work'
946.6363 	EXP 	fix_text: autoDraw = True
946.8754 	EXP 	fix_text: autoDraw = False
946.8879 	EXP 	blank1_bg: autoDraw = True
947.0878 	EXP 	blank1_bg: autoDraw = False
947.0878 	EXP 	prime_text: autoDraw = True
947.2763 	EXP 	prime_text: autoDraw = False
947.2876 	EXP 	blank2_bg: autoDraw = True
947.3760 	EXP 	blank2_bg: autoDraw = False
947.3879 	INFO 	Keyboard events cleared
947.3876 	EXP 	target_text: autoDraw = True
948.6227 	EXP 	Device response: <KeyPress from None: t=948.6166749580007, value=left, duration=None>
948.6304 	DATA 	Keypress: left
948.6346 	EXP 	fix_text: autoDraw = False
948.6346 	EXP 	blank1_bg: autoDraw = False
948.6346 	EXP 	prime_text: autoDraw = False
948.6346 	EXP 	blank2_bg: autoDraw = False
948.6346 	EXP 	target_text: autoDraw = False
948.6346 	EXP 	greenCircle: autoDraw = True
948.6346 	EXP 	redCrosss: autoDraw = True
948.7104 	EXP 	Device response: <KeyPress from None: t=948.6166749580007, value=left, duration=0.08830170800501946>
948.8193 	EXP 	blank3_bg: autoDraw = True
948.8262 	EXP 	greenCircle: autoDraw = False
948.8262 	EXP 	redCrosss: autoDraw = False
949.6039 	EXP 	New trial (rep=19, index=1): <Trial 305 (1 in rep 19) data={'prime': 'The dog is barking loudly', 'target': 'The barking dog loudly is', 'condition': 'transposition_unrelated', 'correctAns': 'left', 'thisN': 305, 'thisTrialN': 1, 'thisRepN': 19}>
949.6183 	EXP 	blank3_bg: autoDraw = False
949.6183 	EXP 	blank3_bg: autoDraw = False
949.6183 	EXP 	greenCircle: autoDraw = False
949.6183 	EXP 	redCrosss: autoDraw = False
949.6183 	EXP 	prime_text: height = np.float64(0.05)
949.6183 	EXP 	prime_text: height = np.float64(0.05)
949.6183 	EXP 	prime_text: height = np.float64(0.05)
949.6183 	EXP 	prime_text: text = 'The dog is barking loudly'
949.6183 	EXP 	target_text: height = np.float64(0.05)
949.6183 	EXP 	target_text: height = np.float64(0.05)
949.6183 	EXP 	target_text: height = np.float64(0.05)
949.6183 	EXP 	target_text: text = 'The barking dog loudly is'
949.6226 	EXP 	fix_text: autoDraw = True
949.8697 	EXP 	fix_text: autoDraw = False
949.8697 	EXP 	blank1_bg: autoDraw = True
950.0582 	EXP 	blank1_bg: autoDraw = False
950.0710 	EXP 	prime_text: autoDraw = True
950.2597 	EXP 	prime_text: autoDraw = False
950.2711 	EXP 	blank2_bg: autoDraw = True
950.3594 	EXP 	blank2_bg: autoDraw = False
950.3711 	INFO 	Keyboard events cleared
950.3709 	EXP 	target_text: autoDraw = True
950.9953 	EXP 	Device response: <KeyPress from None: t=950.9906862909993, value=left, duration=None>
951.0023 	DATA 	Keypress: left
951.0069 	EXP 	fix_text: autoDraw = False
951.0069 	EXP 	blank1_bg: autoDraw = False
951.0069 	EXP 	prime_text: autoDraw = False
951.0069 	EXP 	blank2_bg: autoDraw = False
951.0069 	EXP 	target_text: autoDraw = False
951.0069 	EXP 	greenCircle: autoDraw = True
951.0069 	EXP 	redCrosss: autoDraw = True
951.1107 	EXP 	Device response: <KeyPress from None: t=950.9906862909993, value=left, duration=0.11634529200091492>
951.1984 	EXP 	blank3_bg: autoDraw = True
951.2043 	EXP 	greenCircle: autoDraw = False
951.2043 	EXP 	redCrosss: autoDraw = False
951.9875 	EXP 	New trial (rep=19, index=2): <Trial 306 (2 in rep 19) data={'prime': 'The boy can read fast', 'target': 'The boy can read fast', 'condition': 'transposition_related', 'correctAns': 'right', 'thisN': 306, 'thisTrialN': 2, 'thisRepN': 19}>
952.0021 	EXP 	blank3_bg: autoDraw = False
952.0021 	EXP 	blank3_bg: autoDraw = False
952.0021 	EXP 	greenCircle: autoDraw = False
952.0021 	EXP 	redCrosss: autoDraw = False
952.0021 	EXP 	prime_text: height = np.float64(0.05)
952.0021 	EXP 	prime_text: height = np.float64(0.05)
952.0021 	EXP 	prime_text: height = np.float64(0.05)
952.0021 	EXP 	prime_text: text = 'The boy can read fast'
952.0021 	EXP 	target_text: height = np.float64(0.05)
952.0021 	EXP 	target_text: height = np.float64(0.05)
952.0021 	EXP 	target_text: height = np.float64(0.05)
952.0021 	EXP 	target_text: text = 'The boy can read fast'
952.0021 	EXP 	fix_text: autoDraw = True
952.2459 	EXP 	fix_text: autoDraw = False
952.2459 	EXP 	blank1_bg: autoDraw = True
952.4428 	EXP 	blank1_bg: autoDraw = False
952.4428 	EXP 	prime_text: autoDraw = True
952.6378 	EXP 	prime_text: autoDraw = False
952.6438 	EXP 	blank2_bg: autoDraw = True
952.7377 	EXP 	blank2_bg: autoDraw = False
952.7444 	INFO 	Keyboard events cleared
952.7442 	EXP 	target_text: autoDraw = True
953.3390 	EXP 	Device response: <KeyPress from None: t=953.3355894580018, value=right, duration=None>
953.3465 	DATA 	Keypress: right
953.3508 	EXP 	fix_text: autoDraw = False
953.3508 	EXP 	blank1_bg: autoDraw = False
953.3508 	EXP 	prime_text: autoDraw = False
953.3508 	EXP 	blank2_bg: autoDraw = False
953.3508 	EXP 	target_text: autoDraw = False
953.3508 	EXP 	greenCircle: autoDraw = True
953.3508 	EXP 	redCrosss: autoDraw = True
953.4452 	EXP 	Device response: <KeyPress from None: t=953.3355894580018, value=right, duration=0.10441066700150259>
953.5376 	EXP 	blank3_bg: autoDraw = True
953.5451 	EXP 	greenCircle: autoDraw = False
953.5451 	EXP 	redCrosss: autoDraw = False
954.3280 	EXP 	New trial (rep=19, index=3): <Trial 307 (3 in rep 19) data={'prime': 'The boy can read fast', 'target': 'The boy can read fast', 'condition': 'repetition_related', 'correctAns': 'right', 'thisN': 307, 'thisTrialN': 3, 'thisRepN': 19}>
954.3377 	EXP 	blank3_bg: autoDraw = False
954.3377 	EXP 	blank3_bg: autoDraw = False
954.3377 	EXP 	greenCircle: autoDraw = False
954.3377 	EXP 	redCrosss: autoDraw = False
954.3377 	EXP 	prime_text: text = 'The boy can read fast'
954.3377 	EXP 	target_text: text = 'The boy can read fast'
954.3377 	EXP 	fix_text: autoDraw = True
954.5757 	EXP 	fix_text: autoDraw = False
954.5876 	EXP 	blank1_bg: autoDraw = True
954.7876 	EXP 	blank1_bg: autoDraw = False
954.7876 	EXP 	prime_text: autoDraw = True
954.9750 	EXP 	prime_text: autoDraw = False
954.9875 	EXP 	blank2_bg: autoDraw = True
955.0744 	EXP 	blank2_bg: autoDraw = False
955.0878 	INFO 	Keyboard events cleared
955.0876 	EXP 	target_text: autoDraw = True
955.7555 	EXP 	Device response: <KeyPress from None: t=955.7525076660095, value=right, duration=None>
955.7631 	DATA 	Keypress: right
955.7673 	EXP 	fix_text: autoDraw = False
955.7673 	EXP 	blank1_bg: autoDraw = False
955.7673 	EXP 	prime_text: autoDraw = False
955.7673 	EXP 	blank2_bg: autoDraw = False
955.7673 	EXP 	target_text: autoDraw = False
955.7673 	EXP 	greenCircle: autoDraw = True
955.7673 	EXP 	redCrosss: autoDraw = True
955.8728 	EXP 	Device response: <KeyPress from None: t=955.7525076660095, value=right, duration=0.11641491699265316>
955.9540 	EXP 	blank3_bg: autoDraw = True
955.9616 	EXP 	greenCircle: autoDraw = False
955.9616 	EXP 	redCrosss: autoDraw = False
956.7381 	EXP 	New trial (rep=19, index=4): <Trial 308 (4 in rep 19) data={'prime': 'She does not like apples', 'target': 'She not does like apples', 'condition': 'transposition_related', 'correctAns': 'right', 'thisN': 308, 'thisTrialN': 4, 'thisRepN': 19}>
956.7533 	EXP 	blank3_bg: autoDraw = False
956.7533 	EXP 	blank3_bg: autoDraw = False
956.7533 	EXP 	greenCircle: autoDraw = False
956.7533 	EXP 	redCrosss: autoDraw = False
956.7533 	EXP 	prime_text: height = np.float64(0.05)
956.7533 	EXP 	prime_text: height = np.float64(0.05)
956.7533 	EXP 	prime_text: height = np.float64(0.05)
956.7533 	EXP 	prime_text: text = 'She does not like apples'
956.7533 	EXP 	target_text: height = np.float64(0.05)
956.7533 	EXP 	target_text: height = np.float64(0.05)
956.7533 	EXP 	target_text: height = np.float64(0.05)
956.7533 	EXP 	target_text: text = 'She not does like apples'
956.7708 	EXP 	fix_text: autoDraw = True
957.0044 	EXP 	blank1_bg: autoDraw = True
957.0124 	EXP 	fix_text: autoDraw = False
957.2041 	EXP 	blank1_bg: autoDraw = False
957.2041 	EXP 	prime_text: autoDraw = True
957.3924 	EXP 	prime_text: autoDraw = False
957.4044 	EXP 	blank2_bg: autoDraw = True
957.4917 	EXP 	blank2_bg: autoDraw = False
957.5044 	INFO 	Keyboard events cleared
957.5042 	EXP 	target_text: autoDraw = True
959.5227 	EXP 	Device response: <KeyPress from None: t=959.5185349999956, value=left, duration=None>
959.5307 	DATA 	Keypress: left
959.5350 	EXP 	fix_text: autoDraw = False
959.5350 	EXP 	blank1_bg: autoDraw = False
959.5350 	EXP 	prime_text: autoDraw = False
959.5350 	EXP 	blank2_bg: autoDraw = False
959.5350 	EXP 	target_text: autoDraw = False
959.5350 	EXP 	greenCircle: autoDraw = True
959.5350 	EXP 	redCrosss: autoDraw = True
959.6555 	EXP 	Device response: <KeyPress from None: t=959.5185349999956, value=left, duration=0.12892483301402535>
959.7207 	EXP 	blank3_bg: autoDraw = True
959.7284 	EXP 	greenCircle: autoDraw = False
959.7284 	EXP 	redCrosss: autoDraw = False
960.5049 	EXP 	New trial (rep=19, index=5): <Trial 309 (5 in rep 19) data={'prime': 'She does not like apples', 'target': 'She like does apples not', 'condition': 'transposition_unrelated', 'correctAns': 'left', 'thisN': 309, 'thisTrialN': 5, 'thisRepN': 19}>
960.5151 	EXP 	blank3_bg: autoDraw = False
960.5151 	EXP 	blank3_bg: autoDraw = False
960.5151 	EXP 	greenCircle: autoDraw = False
960.5151 	EXP 	redCrosss: autoDraw = False
960.5151 	EXP 	prime_text: text = 'She does not like apples'
960.5151 	EXP 	target_text: height = np.float64(0.05)
960.5151 	EXP 	target_text: height = np.float64(0.05)
960.5151 	EXP 	target_text: height = np.float64(0.05)
960.5151 	EXP 	target_text: text = 'She like does apples not'
960.5197 	EXP 	fix_text: autoDraw = True
960.7591 	EXP 	fix_text: autoDraw = False
960.7712 	EXP 	blank1_bg: autoDraw = True
960.9711 	EXP 	blank1_bg: autoDraw = False
960.9711 	EXP 	prime_text: autoDraw = True
961.1586 	EXP 	prime_text: autoDraw = False
961.1712 	EXP 	blank2_bg: autoDraw = True
961.2592 	EXP 	blank2_bg: autoDraw = False
961.2714 	INFO 	Keyboard events cleared
961.2711 	EXP 	target_text: autoDraw = True
962.1944 	EXP 	Device response: <KeyPress from None: t=962.1883630000084, value=left, duration=None>
962.2021 	DATA 	Keypress: left
962.2065 	EXP 	fix_text: autoDraw = False
962.2065 	EXP 	blank1_bg: autoDraw = False
962.2065 	EXP 	prime_text: autoDraw = False
962.2065 	EXP 	blank2_bg: autoDraw = False
962.2065 	EXP 	target_text: autoDraw = False
962.2065 	EXP 	greenCircle: autoDraw = True
962.2065 	EXP 	redCrosss: autoDraw = True
962.3105 	EXP 	Device response: <KeyPress from None: t=962.1883630000084, value=left, duration=0.12041862499609124>
962.3868 	EXP 	blank3_bg: autoDraw = True
962.4027 	EXP 	greenCircle: autoDraw = False
962.4027 	EXP 	redCrosss: autoDraw = False
963.1710 	EXP 	New trial (rep=19, index=6): <Trial 310 (6 in rep 19) data={'prime': 'The dog is barking loudly', 'target': 'The loudly is barking dog', 'condition': 'repetition_unrelated', 'correctAns': 'left', 'thisN': 310, 'thisTrialN': 6, 'thisRepN': 19}>
963.1861 	EXP 	blank3_bg: autoDraw = False
963.1861 	EXP 	blank3_bg: autoDraw = False
963.1861 	EXP 	greenCircle: autoDraw = False
963.1861 	EXP 	redCrosss: autoDraw = False
963.1861 	EXP 	prime_text: height = np.float64(0.05)
963.1861 	EXP 	prime_text: height = np.float64(0.05)
963.1861 	EXP 	prime_text: height = np.float64(0.05)
963.1861 	EXP 	prime_text: text = 'The dog is barking loudly'
963.1861 	EXP 	target_text: height = np.float64(0.05)
963.1861 	EXP 	target_text: height = np.float64(0.05)
963.1861 	EXP 	target_text: height = np.float64(0.05)
963.1861 	EXP 	target_text: text = 'The loudly is barking dog'
963.1909 	EXP 	fix_text: autoDraw = True
963.4376 	EXP 	fix_text: autoDraw = False
963.4450 	EXP 	blank1_bg: autoDraw = True
963.6444 	EXP 	blank1_bg: autoDraw = False
963.6444 	EXP 	prime_text: autoDraw = True
963.8445 	EXP 	prime_text: autoDraw = False
963.8445 	EXP 	blank2_bg: autoDraw = True
963.9448 	INFO 	Keyboard events cleared
963.9446 	EXP 	blank2_bg: autoDraw = False
963.9446 	EXP 	target_text: autoDraw = True
964.6781 	EXP 	Device response: <KeyPress from None: t=964.6743926659983, value=left, duration=None>
964.6850 	DATA 	Keypress: left
964.6899 	EXP 	fix_text: autoDraw = False
964.6899 	EXP 	blank1_bg: autoDraw = False
964.6899 	EXP 	prime_text: autoDraw = False
964.6899 	EXP 	blank2_bg: autoDraw = False
964.6899 	EXP 	target_text: autoDraw = False
964.6899 	EXP 	greenCircle: autoDraw = True
964.6899 	EXP 	redCrosss: autoDraw = True
964.7889 	EXP 	Device response: <KeyPress from None: t=964.6743926659983, value=left, duration=0.10835366700484883>
964.8802 	EXP 	blank3_bg: autoDraw = True
964.8865 	EXP 	greenCircle: autoDraw = False
964.8865 	EXP 	redCrosss: autoDraw = False
965.6710 	EXP 	New trial (rep=19, index=7): <Trial 311 (7 in rep 19) data={'prime': 'She does not like apples', 'target': 'She does not like apples', 'condition': 'repetition_related', 'correctAns': 'right', 'thisN': 311, 'thisTrialN': 7, 'thisRepN': 19}>
965.6865 	EXP 	blank3_bg: autoDraw = False
965.6865 	EXP 	blank3_bg: autoDraw = False
965.6865 	EXP 	greenCircle: autoDraw = False
965.6865 	EXP 	redCrosss: autoDraw = False
965.6865 	EXP 	prime_text: height = np.float64(0.05)
965.6865 	EXP 	prime_text: height = np.float64(0.05)
965.6865 	EXP 	prime_text: height = np.float64(0.05)
965.6865 	EXP 	prime_text: text = 'She does not like apples'
965.6865 	EXP 	target_text: height = np.float64(0.05)
965.6865 	EXP 	target_text: height = np.float64(0.05)
965.6865 	EXP 	target_text: height = np.float64(0.05)
965.6865 	EXP 	target_text: text = 'She does not like apples'
965.6865 	EXP 	fix_text: autoDraw = True
965.9297 	EXP 	fix_text: autoDraw = False
965.9297 	EXP 	blank1_bg: autoDraw = True
966.1193 	EXP 	prime_text: autoDraw = True
966.1241 	EXP 	blank1_bg: autoDraw = False
966.3093 	EXP 	prime_text: autoDraw = False
966.3271 	EXP 	blank2_bg: autoDraw = True
966.4210 	EXP 	blank2_bg: autoDraw = False
966.4277 	INFO 	Keyboard events cleared
966.4275 	EXP 	target_text: autoDraw = True
967.5561 	EXP 	Device response: <KeyPress from None: t=967.5543144160038, value=left, duration=None>
967.5639 	DATA 	Keypress: left
967.5683 	EXP 	fix_text: autoDraw = False
967.5683 	EXP 	blank1_bg: autoDraw = False
967.5683 	EXP 	prime_text: autoDraw = False
967.5683 	EXP 	blank2_bg: autoDraw = False
967.5683 	EXP 	target_text: autoDraw = False
967.5683 	EXP 	greenCircle: autoDraw = True
967.5683 	EXP 	redCrosss: autoDraw = True
967.7225 	EXP 	Device response: <KeyPress from None: t=967.5543144160038, value=left, duration=0.15631120899342932>
967.7526 	EXP 	blank3_bg: autoDraw = True
967.7597 	EXP 	greenCircle: autoDraw = False
967.7597 	EXP 	redCrosss: autoDraw = False
968.5375 	EXP 	New trial (rep=19, index=8): <Trial 312 (8 in rep 19) data={'prime': 'The dog is barking loudly', 'target': 'The dog is barking loudly', 'condition': 'repetition_related', 'correctAns': 'right', 'thisN': 312, 'thisTrialN': 8, 'thisRepN': 19}>
968.5520 	EXP 	blank3_bg: autoDraw = False
968.5520 	EXP 	blank3_bg: autoDraw = False
968.5520 	EXP 	greenCircle: autoDraw = False
968.5520 	EXP 	redCrosss: autoDraw = False
968.5520 	EXP 	prime_text: height = np.float64(0.05)
968.5520 	EXP 	prime_text: height = np.float64(0.05)
968.5520 	EXP 	prime_text: height = np.float64(0.05)
968.5520 	EXP 	prime_text: text = 'The dog is barking loudly'
968.5520 	EXP 	target_text: height = np.float64(0.05)
968.5520 	EXP 	target_text: height = np.float64(0.05)
968.5520 	EXP 	target_text: height = np.float64(0.05)
968.5520 	EXP 	target_text: text = 'The dog is barking loudly'
968.5566 	EXP 	fix_text: autoDraw = True
968.8042 	EXP 	fix_text: autoDraw = False
968.8042 	EXP 	blank1_bg: autoDraw = True
968.9918 	EXP 	blank1_bg: autoDraw = False
969.0044 	EXP 	prime_text: autoDraw = True
969.1923 	EXP 	prime_text: autoDraw = False
969.2043 	EXP 	blank2_bg: autoDraw = True
969.2927 	EXP 	blank2_bg: autoDraw = False
969.3045 	INFO 	Keyboard events cleared
969.3043 	EXP 	target_text: autoDraw = True
971.4389 	EXP 	Device response: <KeyPress from None: t=971.4312167500029, value=right, duration=None>
971.4461 	DATA 	Keypress: right
971.4503 	EXP 	fix_text: autoDraw = False
971.4503 	EXP 	blank1_bg: autoDraw = False
971.4503 	EXP 	prime_text: autoDraw = False
971.4503 	EXP 	blank2_bg: autoDraw = False
971.4503 	EXP 	target_text: autoDraw = False
971.4503 	EXP 	greenCircle: autoDraw = True
971.4503 	EXP 	redCrosss: autoDraw = True
971.5888 	EXP 	Device response: <KeyPress from None: t=971.4312167500029, value=right, duration=0.14827537500241306>
971.6360 	EXP 	blank3_bg: autoDraw = True
971.6436 	EXP 	greenCircle: autoDraw = False
971.6436 	EXP 	redCrosss: autoDraw = False
972.4201 	EXP 	New trial (rep=19, index=9): <Trial 313 (9 in rep 19) data={'prime': 'They have finished the work', 'target': 'They have finished the work', 'condition': 'repetition_related', 'correctAns': 'right', 'thisN': 313, 'thisTrialN': 9, 'thisRepN': 19}>
972.4353 	EXP 	blank3_bg: autoDraw = False
972.4353 	EXP 	blank3_bg: autoDraw = False
972.4353 	EXP 	greenCircle: autoDraw = False
972.4353 	EXP 	redCrosss: autoDraw = False
972.4353 	EXP 	prime_text: height = np.float64(0.05)
972.4353 	EXP 	prime_text: height = np.float64(0.05)
972.4353 	EXP 	prime_text: height = np.float64(0.05)
972.4353 	EXP 	prime_text: text = 'They have finished the work'
972.4353 	EXP 	target_text: height = np.float64(0.05)
972.4353 	EXP 	target_text: height = np.float64(0.05)
972.4353 	EXP 	target_text: height = np.float64(0.05)
972.4353 	EXP 	target_text: text = 'They have finished the work'
972.4397 	EXP 	fix_text: autoDraw = True
972.6867 	EXP 	fix_text: autoDraw = False
972.6867 	EXP 	blank1_bg: autoDraw = True
972.8737 	EXP 	blank1_bg: autoDraw = False
972.8876 	EXP 	prime_text: autoDraw = True
973.0752 	EXP 	prime_text: autoDraw = False
973.0878 	EXP 	blank2_bg: autoDraw = True
973.1750 	EXP 	blank2_bg: autoDraw = False
973.1878 	INFO 	Keyboard events cleared
973.1875 	EXP 	target_text: autoDraw = True
974.8560 	EXP 	Device response: <KeyPress from None: t=974.8511342080019, value=left, duration=None>
974.8638 	DATA 	Keypress: left
974.8682 	EXP 	fix_text: autoDraw = False
974.8682 	EXP 	blank1_bg: autoDraw = False
974.8682 	EXP 	prime_text: autoDraw = False
974.8682 	EXP 	blank2_bg: autoDraw = False
974.8682 	EXP 	target_text: autoDraw = False
974.8682 	EXP 	greenCircle: autoDraw = True
974.8682 	EXP 	redCrosss: autoDraw = True
974.9615 	EXP 	Device response: <KeyPress from None: t=974.8511342080019, value=left, duration=0.10823416699713562>
975.0543 	EXP 	blank3_bg: autoDraw = True
975.0612 	EXP 	greenCircle: autoDraw = False
975.0612 	EXP 	redCrosss: autoDraw = False
975.8386 	EXP 	New trial (rep=19, index=10): <Trial 314 (10 in rep 19) data={'prime': 'They have finished the work', 'target': 'They finished have the work', 'condition': 'repetition_unrelated', 'correctAns': 'left', 'thisN': 314, 'thisTrialN': 10, 'thisRepN': 19}>
975.8496 	EXP 	blank3_bg: autoDraw = False
975.8496 	EXP 	blank3_bg: autoDraw = False
975.8496 	EXP 	greenCircle: autoDraw = False
975.8496 	EXP 	redCrosss: autoDraw = False
975.8496 	EXP 	prime_text: text = 'They have finished the work'
975.8496 	EXP 	target_text: height = np.float64(0.05)
975.8496 	EXP 	target_text: height = np.float64(0.05)
975.8496 	EXP 	target_text: height = np.float64(0.05)
975.8496 	EXP 	target_text: text = 'They finished have the work'
975.8554 	EXP 	fix_text: autoDraw = True
976.0925 	EXP 	fix_text: autoDraw = False
976.1046 	EXP 	blank1_bg: autoDraw = True
976.3044 	EXP 	blank1_bg: autoDraw = False
976.3044 	EXP 	prime_text: autoDraw = True
976.4929 	EXP 	prime_text: autoDraw = False
976.5044 	EXP 	blank2_bg: autoDraw = True
976.5931 	EXP 	blank2_bg: autoDraw = False
976.6044 	INFO 	Keyboard events cleared
976.6042 	EXP 	target_text: autoDraw = True
978.1894 	EXP 	Device response: <KeyPress from None: t=978.1830652500066, value=left, duration=None>
978.1974 	DATA 	Keypress: left
978.2016 	EXP 	fix_text: autoDraw = False
978.2016 	EXP 	blank1_bg: autoDraw = False
978.2016 	EXP 	prime_text: autoDraw = False
978.2016 	EXP 	blank2_bg: autoDraw = False
978.2016 	EXP 	target_text: autoDraw = False
978.2016 	EXP 	greenCircle: autoDraw = True
978.2016 	EXP 	redCrosss: autoDraw = True
978.3116 	EXP 	Device response: <KeyPress from None: t=978.1830652500066, value=left, duration=0.12431337499583606>
978.3864 	EXP 	blank3_bg: autoDraw = True
978.3944 	EXP 	greenCircle: autoDraw = False
978.3944 	EXP 	redCrosss: autoDraw = False
979.1702 	EXP 	New trial (rep=19, index=11): <Trial 315 (11 in rep 19) data={'prime': 'They have finished the work', 'target': 'They work the have finished', 'condition': 'transposition_unrelated', 'correctAns': 'left', 'thisN': 315, 'thisTrialN': 11, 'thisRepN': 19}>
979.1804 	EXP 	blank3_bg: autoDraw = False
979.1804 	EXP 	blank3_bg: autoDraw = False
979.1804 	EXP 	greenCircle: autoDraw = False
979.1804 	EXP 	redCrosss: autoDraw = False
979.1804 	EXP 	prime_text: text = 'They have finished the work'
979.1804 	EXP 	target_text: height = np.float64(0.05)
979.1804 	EXP 	target_text: height = np.float64(0.05)
979.1804 	EXP 	target_text: height = np.float64(0.05)
979.1804 	EXP 	target_text: text = 'They work the have finished'
979.1860 	EXP 	fix_text: autoDraw = True
979.4254 	EXP 	fix_text: autoDraw = False
979.4376 	EXP 	blank1_bg: autoDraw = True
979.6378 	EXP 	blank1_bg: autoDraw = False
979.6378 	EXP 	prime_text: autoDraw = True
979.8257 	EXP 	prime_text: autoDraw = False
979.8376 	EXP 	blank2_bg: autoDraw = True
979.9256 	EXP 	blank2_bg: autoDraw = False
979.9379 	INFO 	Keyboard events cleared
979.9377 	EXP 	target_text: autoDraw = True
981.2886 	EXP 	Device response: <KeyPress from None: t=981.2869814160076, value=left, duration=None>
981.2957 	DATA 	Keypress: left
981.3000 	EXP 	fix_text: autoDraw = False
981.3000 	EXP 	blank1_bg: autoDraw = False
981.3000 	EXP 	prime_text: autoDraw = False
981.3000 	EXP 	blank2_bg: autoDraw = False
981.3000 	EXP 	target_text: autoDraw = False
981.3000 	EXP 	greenCircle: autoDraw = True
981.3000 	EXP 	redCrosss: autoDraw = True
981.3435 	EXP 	Device response: <KeyPress from None: t=981.2869814160076, value=left, duration=0.052365374998771586>
981.4875 	EXP 	blank3_bg: autoDraw = True
981.4953 	EXP 	greenCircle: autoDraw = False
981.4953 	EXP 	redCrosss: autoDraw = False
982.2779 	EXP 	New trial (rep=19, index=12): <Trial 316 (12 in rep 19) data={'prime': 'The boy can read fast', 'target': 'The read can boy fast', 'condition': 'transposition_unrelated', 'correctAns': 'left', 'thisN': 316, 'thisTrialN': 12, 'thisRepN': 19}>
982.2923 	EXP 	blank3_bg: autoDraw = False
982.2923 	EXP 	blank3_bg: autoDraw = False
982.2923 	EXP 	greenCircle: autoDraw = False
982.2923 	EXP 	redCrosss: autoDraw = False
982.2923 	EXP 	prime_text: height = np.float64(0.05)
982.2923 	EXP 	prime_text: height = np.float64(0.05)
982.2923 	EXP 	prime_text: height = np.float64(0.05)
982.2923 	EXP 	prime_text: text = 'The boy can read fast'
982.2923 	EXP 	target_text: height = np.float64(0.05)
982.2923 	EXP 	target_text: height = np.float64(0.05)
982.2923 	EXP 	target_text: height = np.float64(0.05)
982.2923 	EXP 	target_text: text = 'The read can boy fast'
982.2923 	EXP 	fix_text: autoDraw = True
982.5374 	EXP 	fix_text: autoDraw = False
982.5374 	EXP 	blank1_bg: autoDraw = True
982.7241 	EXP 	blank1_bg: autoDraw = False
982.7376 	EXP 	prime_text: autoDraw = True
982.9263 	EXP 	prime_text: autoDraw = False
982.9378 	EXP 	blank2_bg: autoDraw = True
983.0249 	EXP 	blank2_bg: autoDraw = False
983.0379 	INFO 	Keyboard events cleared
983.0377 	EXP 	target_text: autoDraw = True
984.7393 	EXP 	Device response: <KeyPress from None: t=984.7358516660024, value=left, duration=None>
984.7475 	DATA 	Keypress: left
984.7518 	EXP 	fix_text: autoDraw = False
984.7518 	EXP 	blank1_bg: autoDraw = False
984.7518 	EXP 	prime_text: autoDraw = False
984.7518 	EXP 	blank2_bg: autoDraw = False
984.7518 	EXP 	target_text: autoDraw = False
984.7518 	EXP 	greenCircle: autoDraw = True
984.7518 	EXP 	redCrosss: autoDraw = True
984.8776 	EXP 	Device response: <KeyPress from None: t=984.7358516660024, value=left, duration=0.14025683399813715>
984.9367 	EXP 	blank3_bg: autoDraw = True
984.9436 	EXP 	greenCircle: autoDraw = False
984.9436 	EXP 	redCrosss: autoDraw = False
985.7207 	EXP 	New trial (rep=19, index=13): <Trial 317 (13 in rep 19) data={'prime': 'The boy can read fast', 'target': 'The read can boy fast', 'condition': 'repetition_unrelated', 'correctAns': 'left', 'thisN': 317, 'thisTrialN': 13, 'thisRepN': 19}>
985.7249 	EXP 	blank3_bg: autoDraw = False
985.7249 	EXP 	blank3_bg: autoDraw = False
985.7249 	EXP 	greenCircle: autoDraw = False
985.7249 	EXP 	redCrosss: autoDraw = False
985.7249 	EXP 	prime_text: text = 'The boy can read fast'
985.7249 	EXP 	target_text: text = 'The read can boy fast'
985.7376 	EXP 	fix_text: autoDraw = True
985.9749 	EXP 	fix_text: autoDraw = False
985.9877 	EXP 	blank1_bg: autoDraw = True
986.1875 	EXP 	blank1_bg: autoDraw = False
986.1875 	EXP 	prime_text: autoDraw = True
986.3762 	EXP 	prime_text: autoDraw = False
986.3878 	EXP 	blank2_bg: autoDraw = True
986.4752 	EXP 	blank2_bg: autoDraw = False
986.4882 	INFO 	Keyboard events cleared
986.4879 	EXP 	target_text: autoDraw = True
988.1220 	EXP 	Device response: <KeyPress from None: t=988.110811999999, value=left, duration=None>
988.1294 	DATA 	Keypress: left
988.1337 	EXP 	fix_text: autoDraw = False
988.1337 	EXP 	blank1_bg: autoDraw = False
988.1337 	EXP 	prime_text: autoDraw = False
988.1337 	EXP 	blank2_bg: autoDraw = False
988.1337 	EXP 	target_text: autoDraw = False
988.1337 	EXP 	greenCircle: autoDraw = True
988.1337 	EXP 	redCrosss: autoDraw = True
988.2443 	EXP 	Device response: <KeyPress from None: t=988.110811999999, value=left, duration=0.1283598330046516>
988.3194 	EXP 	blank3_bg: autoDraw = True
988.3278 	EXP 	greenCircle: autoDraw = False
988.3278 	EXP 	redCrosss: autoDraw = False
989.1044 	EXP 	New trial (rep=19, index=14): <Trial 318 (14 in rep 19) data={'prime': 'She does not like apples', 'target': 'She not does like apples', 'condition': 'repetition_unrelated', 'correctAns': 'left', 'thisN': 318, 'thisTrialN': 14, 'thisRepN': 19}>
989.1194 	EXP 	blank3_bg: autoDraw = False
989.1194 	EXP 	blank3_bg: autoDraw = False
989.1194 	EXP 	greenCircle: autoDraw = False
989.1194 	EXP 	redCrosss: autoDraw = False
989.1194 	EXP 	prime_text: height = np.float64(0.05)
989.1194 	EXP 	prime_text: height = np.float64(0.05)
989.1194 	EXP 	prime_text: height = np.float64(0.05)
989.1194 	EXP 	prime_text: text = 'She does not like apples'
989.1194 	EXP 	target_text: height = np.float64(0.05)
989.1194 	EXP 	target_text: height = np.float64(0.05)
989.1194 	EXP 	target_text: height = np.float64(0.05)
989.1194 	EXP 	target_text: text = 'She not does like apples'
989.1233 	EXP 	fix_text: autoDraw = True
989.3709 	EXP 	fix_text: autoDraw = False
989.3709 	EXP 	blank1_bg: autoDraw = True
989.5582 	EXP 	blank1_bg: autoDraw = False
989.5712 	EXP 	prime_text: autoDraw = True
989.7703 	EXP 	prime_text: autoDraw = False
989.7703 	EXP 	blank2_bg: autoDraw = True
989.8594 	EXP 	blank2_bg: autoDraw = False
989.8714 	INFO 	Keyboard events cleared
989.8711 	EXP 	target_text: autoDraw = True
991.6725 	EXP 	Device response: <KeyPress from None: t=991.6687163330062, value=left, duration=None>
991.6818 	DATA 	Keypress: left
991.6862 	EXP 	fix_text: autoDraw = False
991.6862 	EXP 	blank1_bg: autoDraw = False
991.6862 	EXP 	prime_text: autoDraw = False
991.6862 	EXP 	blank2_bg: autoDraw = False
991.6862 	EXP 	target_text: autoDraw = False
991.6862 	EXP 	greenCircle: autoDraw = True
991.6862 	EXP 	redCrosss: autoDraw = True
991.7896 	EXP 	Device response: <KeyPress from None: t=991.6687163330062, value=left, duration=0.10829208299401216>
991.8697 	EXP 	blank3_bg: autoDraw = True
991.8763 	EXP 	greenCircle: autoDraw = False
991.8763 	EXP 	redCrosss: autoDraw = False
992.6543 	EXP 	New trial (rep=19, index=15): <Trial 319 (15 in rep 19) data={'prime': 'The dog is barking loudly', 'target': 'The dog barking is loudly', 'condition': 'transposition_related', 'correctAns': 'right', 'thisN': 319, 'thisTrialN': 15, 'thisRepN': 19}>
992.6716 	EXP 	blank3_bg: autoDraw = False
992.6716 	EXP 	blank3_bg: autoDraw = False
992.6716 	EXP 	greenCircle: autoDraw = False
992.6716 	EXP 	redCrosss: autoDraw = False
992.6716 	EXP 	prime_text: height = np.float64(0.05)
992.6716 	EXP 	prime_text: height = np.float64(0.05)
992.6716 	EXP 	prime_text: height = np.float64(0.05)
992.6716 	EXP 	prime_text: text = 'The dog is barking loudly'
992.6716 	EXP 	target_text: height = np.float64(0.05)
992.6716 	EXP 	target_text: height = np.float64(0.05)
992.6716 	EXP 	target_text: height = np.float64(0.05)
992.6716 	EXP 	target_text: text = 'The dog barking is loudly'
992.6874 	EXP 	fix_text: autoDraw = True
992.9203 	EXP 	blank1_bg: autoDraw = True
992.9280 	EXP 	fix_text: autoDraw = False
993.1081 	EXP 	blank1_bg: autoDraw = False
993.1211 	EXP 	prime_text: autoDraw = True
993.3197 	EXP 	prime_text: autoDraw = False
993.3197 	EXP 	blank2_bg: autoDraw = True
993.4085 	EXP 	blank2_bg: autoDraw = False
993.4213 	INFO 	Keyboard events cleared
993.4211 	EXP 	target_text: autoDraw = True
994.1060 	EXP 	Device response: <KeyPress from None: t=994.0976403749955, value=right, duration=None>
994.1141 	DATA 	Keypress: right
994.1185 	EXP 	fix_text: autoDraw = False
994.1185 	EXP 	blank1_bg: autoDraw = False
994.1185 	EXP 	prime_text: autoDraw = False
994.1185 	EXP 	blank2_bg: autoDraw = False
994.1185 	EXP 	target_text: autoDraw = False
994.1185 	EXP 	greenCircle: autoDraw = True
994.1185 	EXP 	redCrosss: autoDraw = True
994.2388 	EXP 	Device response: <KeyPress from None: t=994.0976403749955, value=right, duration=0.13231891600298695>
994.3040 	EXP 	blank3_bg: autoDraw = True
994.3119 	EXP 	greenCircle: autoDraw = False
994.3119 	EXP 	redCrosss: autoDraw = False
995.0932 	EXP 	New trial (rep=20, index=0): <Trial 320 (0 in rep 20) data={'prime': 'She does not like apples', 'target': 'She like does apples not', 'condition': 'transposition_unrelated', 'correctAns': 'left', 'thisN': 320, 'thisTrialN': 0, 'thisRepN': 20}>
995.1078 	EXP 	blank3_bg: autoDraw = False
995.1078 	EXP 	blank3_bg: autoDraw = False
995.1078 	EXP 	greenCircle: autoDraw = False
995.1078 	EXP 	redCrosss: autoDraw = False
995.1078 	EXP 	prime_text: height = np.float64(0.05)
995.1078 	EXP 	prime_text: height = np.float64(0.05)
995.1078 	EXP 	prime_text: height = np.float64(0.05)
995.1078 	EXP 	prime_text: text = 'She does not like apples'
995.1078 	EXP 	target_text: height = np.float64(0.05)
995.1078 	EXP 	target_text: height = np.float64(0.05)
995.1078 	EXP 	target_text: height = np.float64(0.05)
995.1078 	EXP 	target_text: text = 'She like does apples not'
995.1078 	EXP 	fix_text: autoDraw = True
995.3543 	EXP 	fix_text: autoDraw = False
995.3543 	EXP 	blank1_bg: autoDraw = True
995.5418 	EXP 	blank1_bg: autoDraw = False
995.5542 	EXP 	prime_text: autoDraw = True
995.7423 	EXP 	prime_text: autoDraw = False
995.7545 	EXP 	blank2_bg: autoDraw = True
995.8421 	EXP 	blank2_bg: autoDraw = False
995.8545 	INFO 	Keyboard events cleared
995.8543 	EXP 	target_text: autoDraw = True
997.1894 	EXP 	Device response: <KeyPress from None: t=997.1836417500017, value=left, duration=None>
997.1978 	DATA 	Keypress: left
997.2021 	EXP 	fix_text: autoDraw = False
997.2021 	EXP 	blank1_bg: autoDraw = False
997.2021 	EXP 	prime_text: autoDraw = False
997.2021 	EXP 	blank2_bg: autoDraw = False
997.2021 	EXP 	target_text: autoDraw = False
997.2021 	EXP 	greenCircle: autoDraw = True
997.2021 	EXP 	redCrosss: autoDraw = True
997.3055 	EXP 	Device response: <KeyPress from None: t=997.1836417500017, value=left, duration=0.11628595800721087>
997.3861 	EXP 	blank3_bg: autoDraw = True
997.3942 	EXP 	greenCircle: autoDraw = False
997.3942 	EXP 	redCrosss: autoDraw = False
998.1716 	EXP 	New trial (rep=20, index=1): <Trial 321 (1 in rep 20) data={'prime': 'She does not like apples', 'target': 'She not does like apples', 'condition': 'repetition_unrelated', 'correctAns': 'left', 'thisN': 321, 'thisTrialN': 1, 'thisRepN': 20}>
998.1821 	EXP 	blank3_bg: autoDraw = False
998.1821 	EXP 	blank3_bg: autoDraw = False
998.1821 	EXP 	greenCircle: autoDraw = False
998.1821 	EXP 	redCrosss: autoDraw = False
998.1821 	EXP 	prime_text: text = 'She does not like apples'
998.1821 	EXP 	target_text: height = np.float64(0.05)
998.1821 	EXP 	target_text: height = np.float64(0.05)
998.1821 	EXP 	target_text: height = np.float64(0.05)
998.1821 	EXP 	target_text: text = 'She not does like apples'
998.2039 	EXP 	fix_text: autoDraw = True
998.4375 	EXP 	blank1_bg: autoDraw = True
998.4454 	EXP 	fix_text: autoDraw = False
998.6375 	EXP 	blank1_bg: autoDraw = False
998.6375 	EXP 	prime_text: autoDraw = True
998.8251 	EXP 	prime_text: autoDraw = False
998.8377 	EXP 	blank2_bg: autoDraw = True
998.9248 	EXP 	blank2_bg: autoDraw = False
998.9376 	INFO 	Keyboard events cleared
998.9374 	EXP 	target_text: autoDraw = True
1000.6059 	EXP 	Device response: <KeyPress from None: t=1000.5945053750038, value=left, duration=None>
1000.6146 	DATA 	Keypress: left
1000.6189 	EXP 	fix_text: autoDraw = False
1000.6189 	EXP 	blank1_bg: autoDraw = False
1000.6189 	EXP 	prime_text: autoDraw = False
1000.6189 	EXP 	blank2_bg: autoDraw = False
1000.6189 	EXP 	target_text: autoDraw = False
1000.6189 	EXP 	greenCircle: autoDraw = True
1000.6189 	EXP 	redCrosss: autoDraw = True
1000.7276 	EXP 	Device response: <KeyPress from None: t=1000.5945053750038, value=left, duration=0.12834112500422634>
1000.8038 	EXP 	blank3_bg: autoDraw = True
1000.8116 	EXP 	greenCircle: autoDraw = False
1000.8116 	EXP 	redCrosss: autoDraw = False
1001.5871 	EXP 	New trial (rep=20, index=2): <Trial 322 (2 in rep 20) data={'prime': 'The boy can read fast', 'target': 'The boy can read fast', 'condition': 'repetition_related', 'correctAns': 'right', 'thisN': 322, 'thisTrialN': 2, 'thisRepN': 20}>
1001.6015 	EXP 	blank3_bg: autoDraw = False
1001.6015 	EXP 	blank3_bg: autoDraw = False
1001.6015 	EXP 	greenCircle: autoDraw = False
1001.6015 	EXP 	redCrosss: autoDraw = False
1001.6015 	EXP 	prime_text: height = np.float64(0.05)
1001.6015 	EXP 	prime_text: height = np.float64(0.05)
1001.6015 	EXP 	prime_text: height = np.float64(0.05)
1001.6015 	EXP 	prime_text: text = 'The boy can read fast'
1001.6015 	EXP 	target_text: height = np.float64(0.05)
1001.6015 	EXP 	target_text: height = np.float64(0.05)
1001.6015 	EXP 	target_text: height = np.float64(0.05)
1001.6015 	EXP 	target_text: text = 'The boy can read fast'
1001.6058 	EXP 	fix_text: autoDraw = True
1001.8542 	EXP 	fix_text: autoDraw = False
1001.8542 	EXP 	blank1_bg: autoDraw = True
1002.0542 	EXP 	blank1_bg: autoDraw = False
1002.0542 	EXP 	prime_text: autoDraw = True
1002.2425 	EXP 	prime_text: autoDraw = False
1002.2540 	EXP 	blank2_bg: autoDraw = True
1002.3417 	EXP 	blank2_bg: autoDraw = False
1002.3544 	INFO 	Keyboard events cleared
1002.3542 	EXP 	target_text: autoDraw = True
1003.3893 	EXP 	Device response: <KeyPress from None: t=1003.3874293330009, value=right, duration=None>
1003.3974 	DATA 	Keypress: right
1003.4018 	EXP 	fix_text: autoDraw = False
1003.4018 	EXP 	blank1_bg: autoDraw = False
1003.4018 	EXP 	prime_text: autoDraw = False
1003.4018 	EXP 	blank2_bg: autoDraw = False
1003.4018 	EXP 	target_text: autoDraw = False
1003.4018 	EXP 	greenCircle: autoDraw = True
1003.4018 	EXP 	redCrosss: autoDraw = True
1003.5060 	EXP 	Device response: <KeyPress from None: t=1003.3874293330009, value=right, duration=0.11629187500511762>
1003.5865 	EXP 	blank3_bg: autoDraw = True
1003.5951 	EXP 	greenCircle: autoDraw = False
1003.5951 	EXP 	redCrosss: autoDraw = False
1004.3703 	EXP 	New trial (rep=20, index=3): <Trial 323 (3 in rep 20) data={'prime': 'The dog is barking loudly', 'target': 'The barking dog loudly is', 'condition': 'transposition_unrelated', 'correctAns': 'left', 'thisN': 323, 'thisTrialN': 3, 'thisRepN': 20}>
1004.3850 	EXP 	blank3_bg: autoDraw = False
1004.3850 	EXP 	blank3_bg: autoDraw = False
1004.3850 	EXP 	greenCircle: autoDraw = False
1004.3850 	EXP 	redCrosss: autoDraw = False
1004.3850 	EXP 	prime_text: height = np.float64(0.05)
1004.3850 	EXP 	prime_text: height = np.float64(0.05)
1004.3850 	EXP 	prime_text: height = np.float64(0.05)
1004.3850 	EXP 	prime_text: text = 'The dog is barking loudly'
1004.3850 	EXP 	target_text: height = np.float64(0.05)
1004.3850 	EXP 	target_text: height = np.float64(0.05)
1004.3850 	EXP 	target_text: height = np.float64(0.05)
1004.3850 	EXP 	target_text: text = 'The barking dog loudly is'
1004.3893 	EXP 	fix_text: autoDraw = True
1004.6375 	EXP 	fix_text: autoDraw = False
1004.6375 	EXP 	blank1_bg: autoDraw = True
1004.8375 	EXP 	blank1_bg: autoDraw = False
1004.8375 	EXP 	prime_text: autoDraw = True
1005.0262 	EXP 	prime_text: autoDraw = False
1005.0377 	EXP 	blank2_bg: autoDraw = True
1005.1249 	EXP 	blank2_bg: autoDraw = False
1005.1378 	INFO 	Keyboard events cleared
1005.1376 	EXP 	target_text: autoDraw = True
1006.4387 	EXP 	Device response: <KeyPress from None: t=1006.4373693329981, value=left, duration=None>
1006.4465 	DATA 	Keypress: left
1006.4508 	EXP 	fix_text: autoDraw = False
1006.4508 	EXP 	blank1_bg: autoDraw = False
1006.4508 	EXP 	prime_text: autoDraw = False
1006.4508 	EXP 	blank2_bg: autoDraw = False
1006.4508 	EXP 	target_text: autoDraw = False
1006.4508 	EXP 	greenCircle: autoDraw = True
1006.4508 	EXP 	redCrosss: autoDraw = True
1006.6058 	EXP 	Device response: <KeyPress from None: t=1006.4373693329981, value=left, duration=0.16030591700109653>
1006.6374 	EXP 	blank3_bg: autoDraw = True
1006.6452 	EXP 	greenCircle: autoDraw = False
1006.6452 	EXP 	redCrosss: autoDraw = False
1007.4261 	EXP 	New trial (rep=20, index=4): <Trial 324 (4 in rep 20) data={'prime': 'The dog is barking loudly', 'target': 'The dog barking is loudly', 'condition': 'transposition_related', 'correctAns': 'right', 'thisN': 324, 'thisTrialN': 4, 'thisRepN': 20}>
1007.4363 	EXP 	blank3_bg: autoDraw = False
1007.4363 	EXP 	blank3_bg: autoDraw = False
1007.4363 	EXP 	greenCircle: autoDraw = False
1007.4363 	EXP 	redCrosss: autoDraw = False
1007.4363 	EXP 	prime_text: text = 'The dog is barking loudly'
1007.4363 	EXP 	target_text: height = np.float64(0.05)
1007.4363 	EXP 	target_text: height = np.float64(0.05)
1007.4363 	EXP 	target_text: height = np.float64(0.05)
1007.4363 	EXP 	target_text: text = 'The dog barking is loudly'
1007.4363 	EXP 	fix_text: autoDraw = True
1007.6762 	EXP 	fix_text: autoDraw = False
1007.6876 	EXP 	blank1_bg: autoDraw = True
1007.8750 	EXP 	blank1_bg: autoDraw = False
1007.8879 	EXP 	prime_text: autoDraw = True
1008.0761 	EXP 	prime_text: autoDraw = False
1008.0874 	EXP 	blank2_bg: autoDraw = True
1008.1749 	EXP 	blank2_bg: autoDraw = False
1008.1878 	INFO 	Keyboard events cleared
1008.1875 	EXP 	target_text: autoDraw = True
1009.5560 	EXP 	Device response: <KeyPress from None: t=1009.5522910830041, value=left, duration=None>
1009.5644 	DATA 	Keypress: left
1009.5687 	EXP 	fix_text: autoDraw = False
1009.5687 	EXP 	blank1_bg: autoDraw = False
1009.5687 	EXP 	prime_text: autoDraw = False
1009.5687 	EXP 	blank2_bg: autoDraw = False
1009.5687 	EXP 	target_text: autoDraw = False
1009.5687 	EXP 	greenCircle: autoDraw = True
1009.5687 	EXP 	redCrosss: autoDraw = True
1009.6557 	EXP 	Device response: <KeyPress from None: t=1009.5522910830041, value=left, duration=0.09232270800566766>
1009.7526 	EXP 	blank3_bg: autoDraw = True
1009.7590 	EXP 	greenCircle: autoDraw = False
1009.7590 	EXP 	redCrosss: autoDraw = False
1010.5376 	EXP 	New trial (rep=20, index=5): <Trial 325 (5 in rep 20) data={'prime': 'The dog is barking loudly', 'target': 'The loudly is barking dog', 'condition': 'repetition_unrelated', 'correctAns': 'left', 'thisN': 325, 'thisTrialN': 5, 'thisRepN': 20}>
1010.5496 	EXP 	blank3_bg: autoDraw = False
1010.5496 	EXP 	blank3_bg: autoDraw = False
1010.5496 	EXP 	greenCircle: autoDraw = False
1010.5496 	EXP 	redCrosss: autoDraw = False
1010.5496 	EXP 	prime_text: text = 'The dog is barking loudly'
1010.5496 	EXP 	target_text: height = np.float64(0.05)
1010.5496 	EXP 	target_text: height = np.float64(0.05)
1010.5496 	EXP 	target_text: height = np.float64(0.05)
1010.5496 	EXP 	target_text: text = 'The loudly is barking dog'
1010.5551 	EXP 	fix_text: autoDraw = True
1010.7924 	EXP 	fix_text: autoDraw = False
1010.8042 	EXP 	blank1_bg: autoDraw = True
1011.0041 	EXP 	blank1_bg: autoDraw = False
1011.0041 	EXP 	prime_text: autoDraw = True
1011.1914 	EXP 	prime_text: autoDraw = False
1011.2042 	EXP 	blank2_bg: autoDraw = True
1011.2927 	EXP 	blank2_bg: autoDraw = False
1011.3043 	INFO 	Keyboard events cleared
1011.3041 	EXP 	target_text: autoDraw = True
1012.2114 	EXP 	Device response: <KeyPress from None: t=1012.2051545410068, value=left, duration=None>
1012.2184 	DATA 	Keypress: left
1012.2237 	EXP 	fix_text: autoDraw = False
1012.2237 	EXP 	blank1_bg: autoDraw = False
1012.2237 	EXP 	prime_text: autoDraw = False
1012.2237 	EXP 	blank2_bg: autoDraw = False
1012.2237 	EXP 	target_text: autoDraw = False
1012.2237 	EXP 	greenCircle: autoDraw = True
1012.2237 	EXP 	redCrosss: autoDraw = True
1012.3394 	EXP 	Device response: <KeyPress from None: t=1012.2051545410068, value=left, duration=0.12847220899129752>
1012.4130 	EXP 	blank3_bg: autoDraw = True
1012.4198 	EXP 	greenCircle: autoDraw = False
1012.4198 	EXP 	redCrosss: autoDraw = False
1013.2051 	EXP 	New trial (rep=20, index=6): <Trial 326 (6 in rep 20) data={'prime': 'They have finished the work', 'target': 'They have finished the work', 'condition': 'repetition_related', 'correctAns': 'right', 'thisN': 326, 'thisTrialN': 6, 'thisRepN': 20}>
1013.2208 	EXP 	blank3_bg: autoDraw = False
1013.2208 	EXP 	blank3_bg: autoDraw = False
1013.2208 	EXP 	greenCircle: autoDraw = False
1013.2208 	EXP 	redCrosss: autoDraw = False
1013.2208 	EXP 	prime_text: height = np.float64(0.05)
1013.2208 	EXP 	prime_text: height = np.float64(0.05)
1013.2208 	EXP 	prime_text: height = np.float64(0.05)
1013.2208 	EXP 	prime_text: text = 'They have finished the work'
1013.2208 	EXP 	target_text: height = np.float64(0.05)
1013.2208 	EXP 	target_text: height = np.float64(0.05)
1013.2208 	EXP 	target_text: height = np.float64(0.05)
1013.2208 	EXP 	target_text: text = 'They have finished the work'
1013.2208 	EXP 	fix_text: autoDraw = True
1013.4626 	EXP 	fix_text: autoDraw = False
1013.4626 	EXP 	blank1_bg: autoDraw = True
1013.6525 	EXP 	prime_text: autoDraw = True
1013.6570 	EXP 	blank1_bg: autoDraw = False
1013.8425 	EXP 	prime_text: autoDraw = False
1013.8603 	EXP 	blank2_bg: autoDraw = True
1013.9612 	INFO 	Keyboard events cleared
1013.9610 	EXP 	blank2_bg: autoDraw = False
1013.9610 	EXP 	target_text: autoDraw = True
1014.9117 	EXP 	Device response: <KeyPress from None: t=1014.908148165996, value=left, duration=None>
1014.9192 	DATA 	Keypress: left
1014.9231 	EXP 	fix_text: autoDraw = False
1014.9231 	EXP 	blank1_bg: autoDraw = False
1014.9231 	EXP 	prime_text: autoDraw = False
1014.9231 	EXP 	blank2_bg: autoDraw = False
1014.9231 	EXP 	target_text: autoDraw = False
1014.9231 	EXP 	greenCircle: autoDraw = True
1014.9231 	EXP 	redCrosss: autoDraw = True
1015.0450 	EXP 	Device response: <KeyPress from None: t=1014.908148165996, value=left, duration=0.13244441700226162>
1015.1123 	EXP 	blank3_bg: autoDraw = True
1015.1193 	EXP 	greenCircle: autoDraw = False
1015.1193 	EXP 	redCrosss: autoDraw = False
1015.9040 	EXP 	New trial (rep=20, index=7): <Trial 327 (7 in rep 20) data={'prime': 'She does not like apples', 'target': 'She not does like apples', 'condition': 'transposition_related', 'correctAns': 'right', 'thisN': 327, 'thisTrialN': 7, 'thisRepN': 20}>
1015.9187 	EXP 	blank3_bg: autoDraw = False
1015.9187 	EXP 	blank3_bg: autoDraw = False
1015.9187 	EXP 	greenCircle: autoDraw = False
1015.9187 	EXP 	redCrosss: autoDraw = False
1015.9187 	EXP 	prime_text: height = np.float64(0.05)
1015.9187 	EXP 	prime_text: height = np.float64(0.05)
1015.9187 	EXP 	prime_text: height = np.float64(0.05)
1015.9187 	EXP 	prime_text: text = 'She does not like apples'
1015.9187 	EXP 	target_text: height = np.float64(0.05)
1015.9187 	EXP 	target_text: height = np.float64(0.05)
1015.9187 	EXP 	target_text: height = np.float64(0.05)
1015.9187 	EXP 	target_text: text = 'She not does like apples'
1015.9187 	EXP 	fix_text: autoDraw = True
1016.1625 	EXP 	fix_text: autoDraw = False
1016.1625 	EXP 	blank1_bg: autoDraw = True
1016.3599 	EXP 	blank1_bg: autoDraw = False
1016.3599 	EXP 	prime_text: autoDraw = True
1016.5543 	EXP 	prime_text: autoDraw = False
1016.5608 	EXP 	blank2_bg: autoDraw = True
1016.6542 	EXP 	blank2_bg: autoDraw = False
1016.6612 	INFO 	Keyboard events cleared
1016.6610 	EXP 	target_text: autoDraw = True
1017.2724 	EXP 	Device response: <KeyPress from None: t=1017.2610741249955, value=left, duration=None>
1017.2807 	DATA 	Keypress: left
1017.2850 	EXP 	fix_text: autoDraw = False
1017.2850 	EXP 	blank1_bg: autoDraw = False
1017.2850 	EXP 	prime_text: autoDraw = False
1017.2850 	EXP 	blank2_bg: autoDraw = False
1017.2850 	EXP 	target_text: autoDraw = False
1017.2850 	EXP 	greenCircle: autoDraw = True
1017.2850 	EXP 	redCrosss: autoDraw = True
1017.3719 	EXP 	Device response: <KeyPress from None: t=1017.2610741249955, value=left, duration=0.10838641600275878>
1017.4705 	EXP 	blank3_bg: autoDraw = True
1017.4782 	EXP 	greenCircle: autoDraw = False
1017.4782 	EXP 	redCrosss: autoDraw = False
1018.2605 	EXP 	New trial (rep=20, index=8): <Trial 328 (8 in rep 20) data={'prime': 'She does not like apples', 'target': 'She does not like apples', 'condition': 'repetition_related', 'correctAns': 'right', 'thisN': 328, 'thisTrialN': 8, 'thisRepN': 20}>
1018.2873 	EXP 	blank3_bg: autoDraw = False
1018.2873 	EXP 	blank3_bg: autoDraw = False
1018.2873 	EXP 	greenCircle: autoDraw = False
1018.2873 	EXP 	redCrosss: autoDraw = False
1018.2873 	EXP 	prime_text: text = 'She does not like apples'
1018.2873 	EXP 	target_text: height = np.float64(0.05)
1018.2873 	EXP 	target_text: height = np.float64(0.05)
1018.2873 	EXP 	target_text: height = np.float64(0.05)
1018.2873 	EXP 	target_text: text = 'She does not like apples'
1018.2873 	EXP 	fix_text: autoDraw = True
1018.5200 	EXP 	blank1_bg: autoDraw = True
1018.5276 	EXP 	fix_text: autoDraw = False
1018.7071 	EXP 	blank1_bg: autoDraw = False
1018.7211 	EXP 	prime_text: autoDraw = True
1018.9094 	EXP 	prime_text: autoDraw = False
1018.9209 	EXP 	blank2_bg: autoDraw = True
1019.0090 	EXP 	blank2_bg: autoDraw = False
1019.0211 	INFO 	Keyboard events cleared
1019.0208 	EXP 	target_text: autoDraw = True
1019.6227 	EXP 	Device response: <KeyPress from None: t=1019.616202707999, value=left, duration=None>
1019.6307 	DATA 	Keypress: left
1019.6349 	EXP 	fix_text: autoDraw = False
1019.6349 	EXP 	blank1_bg: autoDraw = False
1019.6349 	EXP 	prime_text: autoDraw = False
1019.6349 	EXP 	blank2_bg: autoDraw = False
1019.6349 	EXP 	target_text: autoDraw = False
1019.6349 	EXP 	greenCircle: autoDraw = True
1019.6349 	EXP 	redCrosss: autoDraw = True
1019.7559 	EXP 	Device response: <KeyPress from None: t=1019.616202707999, value=left, duration=0.13218991699977778>
1019.8198 	EXP 	blank3_bg: autoDraw = True
1019.8271 	EXP 	greenCircle: autoDraw = False
1019.8271 	EXP 	redCrosss: autoDraw = False
1020.6036 	EXP 	New trial (rep=20, index=9): <Trial 329 (9 in rep 20) data={'prime': 'They have finished the work', 'target': 'They finished have the work', 'condition': 'transposition_related', 'correctAns': 'right', 'thisN': 329, 'thisTrialN': 9, 'thisRepN': 20}>
1020.6188 	EXP 	blank3_bg: autoDraw = False
1020.6188 	EXP 	blank3_bg: autoDraw = False
1020.6188 	EXP 	greenCircle: autoDraw = False
1020.6188 	EXP 	redCrosss: autoDraw = False
1020.6188 	EXP 	prime_text: height = np.float64(0.05)
1020.6188 	EXP 	prime_text: height = np.float64(0.05)
1020.6188 	EXP 	prime_text: height = np.float64(0.05)
1020.6188 	EXP 	prime_text: text = 'They have finished the work'
1020.6188 	EXP 	target_text: height = np.float64(0.05)
1020.6188 	EXP 	target_text: height = np.float64(0.05)
1020.6188 	EXP 	target_text: height = np.float64(0.05)
1020.6188 	EXP 	target_text: text = 'They finished have the work'
1020.6234 	EXP 	fix_text: autoDraw = True
1020.8708 	EXP 	fix_text: autoDraw = False
1020.8708 	EXP 	blank1_bg: autoDraw = True
1021.0702 	EXP 	blank1_bg: autoDraw = False
1021.0702 	EXP 	prime_text: autoDraw = True
1021.2581 	EXP 	prime_text: autoDraw = False
1021.2709 	EXP 	blank2_bg: autoDraw = True
1021.3592 	EXP 	blank2_bg: autoDraw = False
1021.3710 	INFO 	Keyboard events cleared
1021.3708 	EXP 	target_text: autoDraw = True
1022.0722 	EXP 	Device response: <KeyPress from None: t=1022.0709795000002, value=left, duration=None>
1022.0848 	DATA 	Keypress: left
1022.0894 	EXP 	fix_text: autoDraw = False
1022.0894 	EXP 	blank1_bg: autoDraw = False
1022.0894 	EXP 	prime_text: autoDraw = False
1022.0894 	EXP 	blank2_bg: autoDraw = False
1022.0894 	EXP 	target_text: autoDraw = False
1022.0894 	EXP 	greenCircle: autoDraw = True
1022.0894 	EXP 	redCrosss: autoDraw = True
1022.2107 	EXP 	Device response: <KeyPress from None: t=1022.0709795000002, value=left, duration=0.13631120799982455>
1022.2790 	EXP 	blank3_bg: autoDraw = True
1022.2864 	EXP 	greenCircle: autoDraw = False
1022.2864 	EXP 	redCrosss: autoDraw = False
1023.0700 	EXP 	New trial (rep=20, index=10): <Trial 330 (10 in rep 20) data={'prime': 'The boy can read fast', 'target': 'The read can boy fast', 'condition': 'transposition_unrelated', 'correctAns': 'left', 'thisN': 330, 'thisTrialN': 10, 'thisRepN': 20}>
1023.0851 	EXP 	blank3_bg: autoDraw = False
1023.0851 	EXP 	blank3_bg: autoDraw = False
1023.0851 	EXP 	greenCircle: autoDraw = False
1023.0851 	EXP 	redCrosss: autoDraw = False
1023.0851 	EXP 	prime_text: height = np.float64(0.05)
1023.0851 	EXP 	prime_text: height = np.float64(0.05)
1023.0851 	EXP 	prime_text: height = np.float64(0.05)
1023.0851 	EXP 	prime_text: text = 'The boy can read fast'
1023.0851 	EXP 	target_text: height = np.float64(0.05)
1023.0851 	EXP 	target_text: height = np.float64(0.05)
1023.0851 	EXP 	target_text: height = np.float64(0.05)
1023.0851 	EXP 	target_text: text = 'The read can boy fast'
1023.0851 	EXP 	fix_text: autoDraw = True
1023.3292 	EXP 	fix_text: autoDraw = False
1023.3292 	EXP 	blank1_bg: autoDraw = True
1023.5282 	EXP 	blank1_bg: autoDraw = False
1023.5282 	EXP 	prime_text: autoDraw = True
1023.7272 	EXP 	prime_text: autoDraw = False
1023.7272 	EXP 	blank2_bg: autoDraw = True
1023.8210 	INFO 	Keyboard events cleared
1023.8208 	EXP 	blank2_bg: autoDraw = False
1023.8208 	EXP 	target_text: autoDraw = True
1024.5555 	EXP 	Device response: <KeyPress from None: t=1024.5429427500057, value=left, duration=None>
1024.5637 	DATA 	Keypress: left
1024.5679 	EXP 	fix_text: autoDraw = False
1024.5679 	EXP 	blank1_bg: autoDraw = False
1024.5679 	EXP 	prime_text: autoDraw = False
1024.5679 	EXP 	blank2_bg: autoDraw = False
1024.5679 	EXP 	target_text: autoDraw = False
1024.5679 	EXP 	greenCircle: autoDraw = True
1024.5679 	EXP 	redCrosss: autoDraw = True
1024.6782 	EXP 	Device response: <KeyPress from None: t=1024.5429427500057, value=left, duration=0.1322247909993166>
1024.7528 	EXP 	blank3_bg: autoDraw = True
1024.7605 	EXP 	greenCircle: autoDraw = False
1024.7605 	EXP 	redCrosss: autoDraw = False
1025.5365 	EXP 	New trial (rep=20, index=11): <Trial 331 (11 in rep 20) data={'prime': 'The boy can read fast', 'target': 'The boy can read fast', 'condition': 'transposition_related', 'correctAns': 'right', 'thisN': 331, 'thisTrialN': 11, 'thisRepN': 20}>
1025.5460 	EXP 	blank3_bg: autoDraw = False
1025.5460 	EXP 	blank3_bg: autoDraw = False
1025.5460 	EXP 	greenCircle: autoDraw = False
1025.5460 	EXP 	redCrosss: autoDraw = False
1025.5460 	EXP 	prime_text: text = 'The boy can read fast'
1025.5460 	EXP 	target_text: height = np.float64(0.05)
1025.5460 	EXP 	target_text: height = np.float64(0.05)
1025.5460 	EXP 	target_text: height = np.float64(0.05)
1025.5460 	EXP 	target_text: text = 'The boy can read fast'
1025.5535 	EXP 	fix_text: autoDraw = True
1025.7930 	EXP 	fix_text: autoDraw = False
1025.8040 	EXP 	blank1_bg: autoDraw = True
1026.0042 	EXP 	blank1_bg: autoDraw = False
1026.0042 	EXP 	prime_text: autoDraw = True
1026.1915 	EXP 	prime_text: autoDraw = False
1026.2042 	EXP 	blank2_bg: autoDraw = True
1026.2925 	EXP 	blank2_bg: autoDraw = False
1026.3045 	INFO 	Keyboard events cleared
1026.3042 	EXP 	target_text: autoDraw = True
1027.0055 	EXP 	Device response: <KeyPress from None: t=1026.9979098330077, value=right, duration=None>
1027.0131 	DATA 	Keypress: right
1027.0174 	EXP 	fix_text: autoDraw = False
1027.0174 	EXP 	blank1_bg: autoDraw = False
1027.0174 	EXP 	prime_text: autoDraw = False
1027.0174 	EXP 	blank2_bg: autoDraw = False
1027.0174 	EXP 	target_text: autoDraw = False
1027.0174 	EXP 	greenCircle: autoDraw = True
1027.0174 	EXP 	redCrosss: autoDraw = True
1027.1111 	EXP 	Device response: <KeyPress from None: t=1026.9979098330077, value=right, duration=0.10817974999372382>
1027.2040 	EXP 	blank3_bg: autoDraw = True
1027.2115 	EXP 	greenCircle: autoDraw = False
1027.2115 	EXP 	redCrosss: autoDraw = False
1027.9882 	EXP 	New trial (rep=20, index=12): <Trial 332 (12 in rep 20) data={'prime': 'They have finished the work', 'target': 'They work the have finished', 'condition': 'transposition_unrelated', 'correctAns': 'left', 'thisN': 332, 'thisTrialN': 12, 'thisRepN': 20}>
1028.0029 	EXP 	blank3_bg: autoDraw = False
1028.0029 	EXP 	blank3_bg: autoDraw = False
1028.0029 	EXP 	greenCircle: autoDraw = False
1028.0029 	EXP 	redCrosss: autoDraw = False
1028.0029 	EXP 	prime_text: height = np.float64(0.05)
1028.0029 	EXP 	prime_text: height = np.float64(0.05)
1028.0029 	EXP 	prime_text: height = np.float64(0.05)
1028.0029 	EXP 	prime_text: text = 'They have finished the work'
1028.0029 	EXP 	target_text: height = np.float64(0.05)
1028.0029 	EXP 	target_text: height = np.float64(0.05)
1028.0029 	EXP 	target_text: height = np.float64(0.05)
1028.0029 	EXP 	target_text: text = 'They work the have finished'
1028.0074 	EXP 	fix_text: autoDraw = True
1028.2543 	EXP 	fix_text: autoDraw = False
1028.2543 	EXP 	blank1_bg: autoDraw = True
1028.4410 	EXP 	blank1_bg: autoDraw = False
1028.4537 	EXP 	prime_text: autoDraw = True
1028.6421 	EXP 	prime_text: autoDraw = False
1028.6541 	EXP 	blank2_bg: autoDraw = True
1028.7416 	EXP 	blank2_bg: autoDraw = False
1028.7541 	INFO 	Keyboard events cleared
1028.7540 	EXP 	target_text: autoDraw = True
1029.6223 	EXP 	Device response: <KeyPress from None: t=1029.6097220000083, value=left, duration=None>
1029.6302 	DATA 	Keypress: left
1029.6344 	EXP 	fix_text: autoDraw = False
1029.6344 	EXP 	blank1_bg: autoDraw = False
1029.6344 	EXP 	prime_text: autoDraw = False
1029.6344 	EXP 	blank2_bg: autoDraw = False
1029.6344 	EXP 	target_text: autoDraw = False
1029.6344 	EXP 	greenCircle: autoDraw = True
1029.6344 	EXP 	redCrosss: autoDraw = True
1029.7222 	EXP 	Device response: <KeyPress from None: t=1029.6097220000083, value=left, duration=0.1085572079900885>
1029.8193 	EXP 	blank3_bg: autoDraw = True
1029.8275 	EXP 	greenCircle: autoDraw = False
1029.8275 	EXP 	redCrosss: autoDraw = False
1030.6039 	EXP 	New trial (rep=20, index=13): <Trial 333 (13 in rep 20) data={'prime': 'The boy can read fast', 'target': 'The read can boy fast', 'condition': 'repetition_unrelated', 'correctAns': 'left', 'thisN': 333, 'thisTrialN': 13, 'thisRepN': 20}>
1030.6172 	EXP 	blank3_bg: autoDraw = False
1030.6172 	EXP 	blank3_bg: autoDraw = False
1030.6172 	EXP 	greenCircle: autoDraw = False
1030.6172 	EXP 	redCrosss: autoDraw = False
1030.6172 	EXP 	prime_text: height = np.float64(0.05)
1030.6172 	EXP 	prime_text: height = np.float64(0.05)
1030.6172 	EXP 	prime_text: height = np.float64(0.05)
1030.6172 	EXP 	prime_text: text = 'The boy can read fast'
1030.6172 	EXP 	target_text: height = np.float64(0.05)
1030.6172 	EXP 	target_text: height = np.float64(0.05)
1030.6172 	EXP 	target_text: height = np.float64(0.05)
1030.6172 	EXP 	target_text: text = 'The read can boy fast'
1030.6214 	EXP 	fix_text: autoDraw = True
1030.8589 	EXP 	fix_text: autoDraw = False
1030.8710 	EXP 	blank1_bg: autoDraw = True
1031.0708 	EXP 	blank1_bg: autoDraw = False
1031.0708 	EXP 	prime_text: autoDraw = True
1031.2592 	EXP 	prime_text: autoDraw = False
1031.2708 	EXP 	blank2_bg: autoDraw = True
1031.3591 	EXP 	blank2_bg: autoDraw = False
1031.3709 	INFO 	Keyboard events cleared
1031.3707 	EXP 	target_text: autoDraw = True
1031.9779 	EXP 	Device response: <KeyPress from None: t=1031.9767784160067, value=left, duration=None>
1031.9852 	DATA 	Keypress: left
1031.9900 	EXP 	fix_text: autoDraw = False
1031.9900 	EXP 	blank1_bg: autoDraw = False
1031.9900 	EXP 	prime_text: autoDraw = False
1031.9900 	EXP 	blank2_bg: autoDraw = False
1031.9900 	EXP 	target_text: autoDraw = False
1031.9900 	EXP 	greenCircle: autoDraw = True
1031.9900 	EXP 	redCrosss: autoDraw = True
1032.1223 	EXP 	Device response: <KeyPress from None: t=1031.9767784160067, value=left, duration=0.1362599589920137>
1032.1790 	EXP 	blank3_bg: autoDraw = True
1032.1860 	EXP 	greenCircle: autoDraw = False
1032.1860 	EXP 	redCrosss: autoDraw = False
1032.9706 	EXP 	New trial (rep=20, index=14): <Trial 334 (14 in rep 20) data={'prime': 'They have finished the work', 'target': 'They finished have the work', 'condition': 'repetition_unrelated', 'correctAns': 'left', 'thisN': 334, 'thisTrialN': 14, 'thisRepN': 20}>
1032.9861 	EXP 	blank3_bg: autoDraw = False
1032.9861 	EXP 	blank3_bg: autoDraw = False
1032.9861 	EXP 	greenCircle: autoDraw = False
1032.9861 	EXP 	redCrosss: autoDraw = False
1032.9861 	EXP 	prime_text: height = np.float64(0.05)
1032.9861 	EXP 	prime_text: height = np.float64(0.05)
1032.9861 	EXP 	prime_text: height = np.float64(0.05)
1032.9861 	EXP 	prime_text: text = 'They have finished the work'
1032.9861 	EXP 	target_text: height = np.float64(0.05)
1032.9861 	EXP 	target_text: height = np.float64(0.05)
1032.9861 	EXP 	target_text: height = np.float64(0.05)
1032.9861 	EXP 	target_text: text = 'They finished have the work'
1032.9861 	EXP 	fix_text: autoDraw = True
1033.2292 	EXP 	fix_text: autoDraw = False
1033.2292 	EXP 	blank1_bg: autoDraw = True
1033.4193 	EXP 	prime_text: autoDraw = True
1033.4246 	EXP 	blank1_bg: autoDraw = False
1033.6090 	EXP 	prime_text: autoDraw = False
1033.6272 	EXP 	blank2_bg: autoDraw = True
1033.7209 	EXP 	blank2_bg: autoDraw = False
1033.7278 	INFO 	Keyboard events cleared
1033.7276 	EXP 	target_text: autoDraw = True
1034.9279 	EXP 	Device response: <KeyPress from None: t=1034.9267711660068, value=left, duration=None>
1034.9352 	DATA 	Keypress: left
1034.9398 	EXP 	fix_text: autoDraw = False
1034.9398 	EXP 	blank1_bg: autoDraw = False
1034.9398 	EXP 	prime_text: autoDraw = False
1034.9398 	EXP 	blank2_bg: autoDraw = False
1034.9398 	EXP 	target_text: autoDraw = False
1034.9398 	EXP 	greenCircle: autoDraw = True
1034.9398 	EXP 	redCrosss: autoDraw = True
1035.0609 	EXP 	Device response: <KeyPress from None: t=1034.9267711660068, value=left, duration=0.1322294589917874>
1035.1289 	EXP 	blank3_bg: autoDraw = True
1035.1360 	EXP 	greenCircle: autoDraw = False
1035.1360 	EXP 	redCrosss: autoDraw = False
1035.9211 	EXP 	New trial (rep=20, index=15): <Trial 335 (15 in rep 20) data={'prime': 'The dog is barking loudly', 'target': 'The dog is barking loudly', 'condition': 'repetition_related', 'correctAns': 'right', 'thisN': 335, 'thisTrialN': 15, 'thisRepN': 20}>
1035.9365 	EXP 	blank3_bg: autoDraw = False
1035.9365 	EXP 	blank3_bg: autoDraw = False
1035.9365 	EXP 	greenCircle: autoDraw = False
1035.9365 	EXP 	redCrosss: autoDraw = False
1035.9365 	EXP 	prime_text: height = np.float64(0.05)
1035.9365 	EXP 	prime_text: height = np.float64(0.05)
1035.9365 	EXP 	prime_text: height = np.float64(0.05)
1035.9365 	EXP 	prime_text: text = 'The dog is barking loudly'
1035.9365 	EXP 	target_text: height = np.float64(0.05)
1035.9365 	EXP 	target_text: height = np.float64(0.05)
1035.9365 	EXP 	target_text: height = np.float64(0.05)
1035.9365 	EXP 	target_text: text = 'The dog is barking loudly'
1035.9365 	EXP 	fix_text: autoDraw = True
1036.1790 	EXP 	fix_text: autoDraw = False
1036.1790 	EXP 	blank1_bg: autoDraw = True
1036.3693 	EXP 	blank1_bg: autoDraw = False
1036.3693 	EXP 	prime_text: autoDraw = True
1036.5590 	EXP 	prime_text: autoDraw = False
1036.5772 	EXP 	blank2_bg: autoDraw = True
1036.6709 	EXP 	blank2_bg: autoDraw = False
1036.6779 	INFO 	Keyboard events cleared
1036.6777 	EXP 	target_text: autoDraw = True
1037.4395 	EXP 	Device response: <KeyPress from None: t=1037.4265892080002, value=left, duration=None>
1037.4475 	DATA 	Keypress: left
1037.4516 	EXP 	fix_text: autoDraw = False
1037.4516 	EXP 	blank1_bg: autoDraw = False
1037.4516 	EXP 	prime_text: autoDraw = False
1037.4516 	EXP 	blank2_bg: autoDraw = False
1037.4516 	EXP 	target_text: autoDraw = False
1037.4516 	EXP 	greenCircle: autoDraw = True
1037.4516 	EXP 	redCrosss: autoDraw = True
1037.5726 	EXP 	Device response: <KeyPress from None: t=1037.4265892080002, value=left, duration=0.14436341699911281>
1037.6374 	EXP 	blank3_bg: autoDraw = True
1037.6449 	EXP 	greenCircle: autoDraw = False
1037.6449 	EXP 	redCrosss: autoDraw = False
1038.4281 	EXP 	New trial (rep=21, index=0): <Trial 336 (0 in rep 21) data={'prime': 'The dog is barking loudly', 'target': 'The barking dog loudly is', 'condition': 'transposition_unrelated', 'correctAns': 'left', 'thisN': 336, 'thisTrialN': 0, 'thisRepN': 21}>
1038.4394 	EXP 	blank3_bg: autoDraw = False
1038.4394 	EXP 	blank3_bg: autoDraw = False
1038.4394 	EXP 	greenCircle: autoDraw = False
1038.4394 	EXP 	redCrosss: autoDraw = False
1038.4394 	EXP 	prime_text: text = 'The dog is barking loudly'
1038.4394 	EXP 	target_text: height = np.float64(0.05)
1038.4394 	EXP 	target_text: height = np.float64(0.05)
1038.4394 	EXP 	target_text: height = np.float64(0.05)
1038.4394 	EXP 	target_text: text = 'The barking dog loudly is'
1038.4394 	EXP 	fix_text: autoDraw = True
1038.6875 	EXP 	fix_text: autoDraw = False
1038.6875 	EXP 	blank1_bg: autoDraw = True
1038.8758 	EXP 	blank1_bg: autoDraw = False
1038.8875 	EXP 	prime_text: autoDraw = True
1039.0755 	EXP 	prime_text: autoDraw = False
1039.0875 	EXP 	blank2_bg: autoDraw = True
1039.1756 	EXP 	blank2_bg: autoDraw = False
1039.1876 	INFO 	Keyboard events cleared
1039.1874 	EXP 	target_text: autoDraw = True
1039.9055 	EXP 	Device response: <KeyPress from None: t=1039.89963804101, value=left, duration=None>
1039.9134 	DATA 	Keypress: left
1039.9176 	EXP 	fix_text: autoDraw = False
1039.9176 	EXP 	blank1_bg: autoDraw = False
1039.9176 	EXP 	prime_text: autoDraw = False
1039.9176 	EXP 	blank2_bg: autoDraw = False
1039.9176 	EXP 	target_text: autoDraw = False
1039.9176 	EXP 	greenCircle: autoDraw = True
1039.9176 	EXP 	redCrosss: autoDraw = True
1040.0386 	EXP 	Device response: <KeyPress from None: t=1039.89963804101, value=left, duration=0.132241791987326>
1040.1040 	EXP 	blank3_bg: autoDraw = True
1040.1117 	EXP 	greenCircle: autoDraw = False
1040.1117 	EXP 	redCrosss: autoDraw = False
1040.8927 	EXP 	New trial (rep=21, index=1): <Trial 337 (1 in rep 21) data={'prime': 'The dog is barking loudly', 'target': 'The dog is barking loudly', 'condition': 'repetition_related', 'correctAns': 'right', 'thisN': 337, 'thisTrialN': 1, 'thisRepN': 21}>
1040.9036 	EXP 	blank3_bg: autoDraw = False
1040.9036 	EXP 	blank3_bg: autoDraw = False
1040.9036 	EXP 	greenCircle: autoDraw = False
1040.9036 	EXP 	redCrosss: autoDraw = False
1040.9036 	EXP 	prime_text: text = 'The dog is barking loudly'
1040.9036 	EXP 	target_text: height = np.float64(0.05)
1040.9036 	EXP 	target_text: height = np.float64(0.05)
1040.9036 	EXP 	target_text: height = np.float64(0.05)
1040.9036 	EXP 	target_text: text = 'The dog is barking loudly'
1040.9036 	EXP 	fix_text: autoDraw = True
1041.1428 	EXP 	fix_text: autoDraw = False
1041.1540 	EXP 	blank1_bg: autoDraw = True
1041.3416 	EXP 	blank1_bg: autoDraw = False
1041.3540 	EXP 	prime_text: autoDraw = True
1041.5422 	EXP 	prime_text: autoDraw = False
1041.5544 	EXP 	blank2_bg: autoDraw = True
1041.6421 	EXP 	blank2_bg: autoDraw = False
1041.6547 	INFO 	Keyboard events cleared
1041.6545 	EXP 	target_text: autoDraw = True
1042.6723 	EXP 	Device response: <KeyPress from None: t=1042.669517375005, value=right, duration=None>
1042.6808 	DATA 	Keypress: right
1042.6850 	EXP 	fix_text: autoDraw = False
1042.6850 	EXP 	blank1_bg: autoDraw = False
1042.6850 	EXP 	prime_text: autoDraw = False
1042.6850 	EXP 	blank2_bg: autoDraw = False
1042.6850 	EXP 	target_text: autoDraw = False
1042.6850 	EXP 	greenCircle: autoDraw = True
1042.6850 	EXP 	redCrosss: autoDraw = True
1042.8221 	EXP 	Device response: <KeyPress from None: t=1042.669517375005, value=right, duration=0.14027008299308363>
1042.8693 	EXP 	blank3_bg: autoDraw = True
1042.8773 	EXP 	greenCircle: autoDraw = False
1042.8773 	EXP 	redCrosss: autoDraw = False
1043.6537 	EXP 	New trial (rep=21, index=2): <Trial 338 (2 in rep 21) data={'prime': 'The dog is barking loudly', 'target': 'The loudly is barking dog', 'condition': 'repetition_unrelated', 'correctAns': 'left', 'thisN': 338, 'thisTrialN': 2, 'thisRepN': 21}>
1043.6649 	EXP 	blank3_bg: autoDraw = False
1043.6649 	EXP 	blank3_bg: autoDraw = False
1043.6649 	EXP 	greenCircle: autoDraw = False
1043.6649 	EXP 	redCrosss: autoDraw = False
1043.6649 	EXP 	prime_text: text = 'The dog is barking loudly'
1043.6649 	EXP 	target_text: height = np.float64(0.05)
1043.6649 	EXP 	target_text: height = np.float64(0.05)
1043.6649 	EXP 	target_text: height = np.float64(0.05)
1043.6649 	EXP 	target_text: text = 'The loudly is barking dog'
1043.6693 	EXP 	fix_text: autoDraw = True
1043.9094 	EXP 	fix_text: autoDraw = False
1043.9208 	EXP 	blank1_bg: autoDraw = True
1044.1085 	EXP 	blank1_bg: autoDraw = False
1044.1209 	EXP 	prime_text: autoDraw = True
1044.3082 	EXP 	prime_text: autoDraw = False
1044.3209 	EXP 	blank2_bg: autoDraw = True
1044.4093 	EXP 	blank2_bg: autoDraw = False
1044.4212 	INFO 	Keyboard events cleared
1044.4210 	EXP 	target_text: autoDraw = True
1045.2051 	EXP 	Device response: <KeyPress from None: t=1045.1974415410077, value=left, duration=None>
1045.2113 	DATA 	Keypress: left
1045.2156 	EXP 	fix_text: autoDraw = False
1045.2156 	EXP 	blank1_bg: autoDraw = False
1045.2156 	EXP 	prime_text: autoDraw = False
1045.2156 	EXP 	blank2_bg: autoDraw = False
1045.2156 	EXP 	target_text: autoDraw = False
1045.2156 	EXP 	greenCircle: autoDraw = True
1045.2156 	EXP 	redCrosss: autoDraw = True
1045.3052 	EXP 	Device response: <KeyPress from None: t=1045.1974415410077, value=left, duration=0.09628474999044556>
1045.4042 	EXP 	blank3_bg: autoDraw = True
1045.4105 	EXP 	greenCircle: autoDraw = False
1045.4105 	EXP 	redCrosss: autoDraw = False
1046.1881 	EXP 	New trial (rep=21, index=3): <Trial 339 (3 in rep 21) data={'prime': 'The dog is barking loudly', 'target': 'The dog barking is loudly', 'condition': 'transposition_related', 'correctAns': 'right', 'thisN': 339, 'thisTrialN': 3, 'thisRepN': 21}>
1046.1970 	EXP 	blank3_bg: autoDraw = False
1046.1970 	EXP 	blank3_bg: autoDraw = False
1046.1970 	EXP 	greenCircle: autoDraw = False
1046.1970 	EXP 	redCrosss: autoDraw = False
1046.1970 	EXP 	prime_text: text = 'The dog is barking loudly'
1046.1970 	EXP 	target_text: height = np.float64(0.05)
1046.1970 	EXP 	target_text: height = np.float64(0.05)
1046.1970 	EXP 	target_text: height = np.float64(0.05)
1046.1970 	EXP 	target_text: text = 'The dog barking is loudly'
1046.2027 	EXP 	fix_text: autoDraw = True
1046.4414 	EXP 	fix_text: autoDraw = False
1046.4542 	EXP 	blank1_bg: autoDraw = True
1046.6414 	EXP 	blank1_bg: autoDraw = False
1046.6543 	EXP 	prime_text: autoDraw = True
1046.8430 	EXP 	prime_text: autoDraw = False
1046.8430 	EXP 	blank2_bg: autoDraw = True
1046.9377 	EXP 	blank2_bg: autoDraw = False
1046.9434 	INFO 	Keyboard events cleared
1046.9431 	EXP 	target_text: autoDraw = True
1047.6893 	EXP 	Device response: <KeyPress from None: t=1047.6843700000027, value=right, duration=None>
1047.6980 	DATA 	Keypress: right
1047.7024 	EXP 	fix_text: autoDraw = False
1047.7024 	EXP 	blank1_bg: autoDraw = False
1047.7024 	EXP 	prime_text: autoDraw = False
1047.7024 	EXP 	blank2_bg: autoDraw = False
1047.7024 	EXP 	target_text: autoDraw = False
1047.7024 	EXP 	greenCircle: autoDraw = True
1047.7024 	EXP 	redCrosss: autoDraw = True
1047.8223 	EXP 	Device response: <KeyPress from None: t=1047.6843700000027, value=right, duration=0.13636229099938646>
1047.8870 	EXP 	blank3_bg: autoDraw = True
1047.8940 	EXP 	greenCircle: autoDraw = False
1047.8940 	EXP 	redCrosss: autoDraw = False
1048.6713 	EXP 	New trial (rep=21, index=4): <Trial 340 (4 in rep 21) data={'prime': 'They have finished the work', 'target': 'They have finished the work', 'condition': 'repetition_related', 'correctAns': 'right', 'thisN': 340, 'thisTrialN': 4, 'thisRepN': 21}>
1048.6843 	EXP 	blank3_bg: autoDraw = False
1048.6843 	EXP 	blank3_bg: autoDraw = False
1048.6843 	EXP 	greenCircle: autoDraw = False
1048.6843 	EXP 	redCrosss: autoDraw = False
1048.6843 	EXP 	prime_text: height = np.float64(0.05)
1048.6843 	EXP 	prime_text: height = np.float64(0.05)
1048.6843 	EXP 	prime_text: height = np.float64(0.05)
1048.6843 	EXP 	prime_text: text = 'They have finished the work'
1048.6843 	EXP 	target_text: height = np.float64(0.05)
1048.6843 	EXP 	target_text: height = np.float64(0.05)
1048.6843 	EXP 	target_text: height = np.float64(0.05)
1048.6843 	EXP 	target_text: text = 'They have finished the work'
1048.6890 	EXP 	fix_text: autoDraw = True
1048.9375 	EXP 	fix_text: autoDraw = False
1048.9375 	EXP 	blank1_bg: autoDraw = True
1049.1247 	EXP 	blank1_bg: autoDraw = False
1049.1376 	EXP 	prime_text: autoDraw = True
1049.3248 	EXP 	prime_text: autoDraw = False
1049.3376 	EXP 	blank2_bg: autoDraw = True
1049.4247 	EXP 	blank2_bg: autoDraw = False
1049.4376 	INFO 	Keyboard events cleared
1049.4375 	EXP 	target_text: autoDraw = True
1050.6766 	EXP 	Device response: <KeyPress from None: t=1050.6742206659983, value=right, duration=None>
1050.6827 	DATA 	Keypress: right
1050.6870 	EXP 	fix_text: autoDraw = False
1050.6870 	EXP 	blank1_bg: autoDraw = False
1050.6870 	EXP 	prime_text: autoDraw = False
1050.6870 	EXP 	blank2_bg: autoDraw = False
1050.6870 	EXP 	target_text: autoDraw = False
1050.6870 	EXP 	greenCircle: autoDraw = True
1050.6870 	EXP 	redCrosss: autoDraw = True
1050.8051 	EXP 	Device response: <KeyPress from None: t=1050.6742206659983, value=right, duration=0.12442891699902248>
1050.8774 	EXP 	blank3_bg: autoDraw = True
1050.8774 	EXP 	greenCircle: autoDraw = False
1050.8774 	EXP 	redCrosss: autoDraw = False
1051.6609 	EXP 	New trial (rep=21, index=5): <Trial 341 (5 in rep 21) data={'prime': 'They have finished the work', 'target': 'They finished have the work', 'condition': 'transposition_related', 'correctAns': 'right', 'thisN': 341, 'thisTrialN': 5, 'thisRepN': 21}>
1051.6872 	EXP 	blank3_bg: autoDraw = False
1051.6872 	EXP 	blank3_bg: autoDraw = False
1051.6872 	EXP 	greenCircle: autoDraw = False
1051.6872 	EXP 	redCrosss: autoDraw = False
1051.6872 	EXP 	prime_text: text = 'They have finished the work'
1051.6872 	EXP 	target_text: height = np.float64(0.05)
1051.6872 	EXP 	target_text: height = np.float64(0.05)
1051.6872 	EXP 	target_text: height = np.float64(0.05)
1051.6872 	EXP 	target_text: text = 'They finished have the work'
1051.6872 	EXP 	fix_text: autoDraw = True
1051.9276 	EXP 	fix_text: autoDraw = False
1051.9276 	EXP 	blank1_bg: autoDraw = True
1052.1208 	EXP 	blank1_bg: autoDraw = False
1052.1208 	EXP 	prime_text: autoDraw = True
1052.3081 	EXP 	prime_text: autoDraw = False
1052.3256 	EXP 	blank2_bg: autoDraw = True
1052.4209 	EXP 	blank2_bg: autoDraw = False
1052.4278 	INFO 	Keyboard events cleared
1052.4275 	EXP 	target_text: autoDraw = True
1053.8549 	EXP 	Device response: <KeyPress from None: t=1053.8461081249989, value=left, duration=None>
1053.8616 	DATA 	Keypress: left
1053.8659 	EXP 	fix_text: autoDraw = False
1053.8659 	EXP 	blank1_bg: autoDraw = False
1053.8659 	EXP 	prime_text: autoDraw = False
1053.8659 	EXP 	blank2_bg: autoDraw = False
1053.8659 	EXP 	target_text: autoDraw = False
1053.8659 	EXP 	greenCircle: autoDraw = True
1053.8659 	EXP 	redCrosss: autoDraw = True
1053.9889 	EXP 	Device response: <KeyPress from None: t=1053.8461081249989, value=left, duration=0.13237258300068788>
1054.0459 	EXP 	blank3_bg: autoDraw = True
1054.0608 	EXP 	greenCircle: autoDraw = False
1054.0608 	EXP 	redCrosss: autoDraw = False
1054.8366 	EXP 	New trial (rep=21, index=6): <Trial 342 (6 in rep 21) data={'prime': 'She does not like apples', 'target': 'She like does apples not', 'condition': 'transposition_unrelated', 'correctAns': 'left', 'thisN': 342, 'thisTrialN': 6, 'thisRepN': 21}>
1054.8480 	EXP 	blank3_bg: autoDraw = False
1054.8480 	EXP 	blank3_bg: autoDraw = False
1054.8480 	EXP 	greenCircle: autoDraw = False
1054.8480 	EXP 	redCrosss: autoDraw = False
1054.8480 	EXP 	prime_text: height = np.float64(0.05)
1054.8480 	EXP 	prime_text: height = np.float64(0.05)
1054.8480 	EXP 	prime_text: height = np.float64(0.05)
1054.8480 	EXP 	prime_text: text = 'She does not like apples'
1054.8480 	EXP 	target_text: height = np.float64(0.05)
1054.8480 	EXP 	target_text: height = np.float64(0.05)
1054.8480 	EXP 	target_text: height = np.float64(0.05)
1054.8480 	EXP 	target_text: text = 'She like does apples not'
1054.8527 	EXP 	fix_text: autoDraw = True
1055.0915 	EXP 	fix_text: autoDraw = False
1055.1040 	EXP 	blank1_bg: autoDraw = True
1055.2935 	EXP 	blank1_bg: autoDraw = False
1055.2935 	EXP 	prime_text: autoDraw = True
1055.4931 	EXP 	prime_text: autoDraw = False
1055.4931 	EXP 	blank2_bg: autoDraw = True
1055.5877 	EXP 	blank2_bg: autoDraw = False
1055.5937 	INFO 	Keyboard events cleared
1055.5935 	EXP 	target_text: autoDraw = True
1056.3068 	EXP 	Device response: <KeyPress from None: t=1056.295202333, value=left, duration=None>
1056.3156 	DATA 	Keypress: left
1056.3200 	EXP 	fix_text: autoDraw = False
1056.3200 	EXP 	blank1_bg: autoDraw = False
1056.3200 	EXP 	prime_text: autoDraw = False
1056.3200 	EXP 	blank2_bg: autoDraw = False
1056.3200 	EXP 	target_text: autoDraw = False
1056.3200 	EXP 	greenCircle: autoDraw = True
1056.3200 	EXP 	redCrosss: autoDraw = True
1056.4220 	EXP 	Device response: <KeyPress from None: t=1056.295202333, value=left, duration=0.12428141699638218>
1056.5043 	EXP 	blank3_bg: autoDraw = True
1056.5116 	EXP 	greenCircle: autoDraw = False
1056.5116 	EXP 	redCrosss: autoDraw = False
1057.2878 	EXP 	New trial (rep=21, index=7): <Trial 343 (7 in rep 21) data={'prime': 'The boy can read fast', 'target': 'The boy can read fast', 'condition': 'transposition_related', 'correctAns': 'right', 'thisN': 343, 'thisTrialN': 7, 'thisRepN': 21}>
1057.2962 	EXP 	blank3_bg: autoDraw = False
1057.2962 	EXP 	blank3_bg: autoDraw = False
1057.2962 	EXP 	greenCircle: autoDraw = False
1057.2962 	EXP 	redCrosss: autoDraw = False
1057.2962 	EXP 	prime_text: height = np.float64(0.05)
1057.2962 	EXP 	prime_text: height = np.float64(0.05)
1057.2962 	EXP 	prime_text: height = np.float64(0.05)
1057.2962 	EXP 	prime_text: text = 'The boy can read fast'
1057.2962 	EXP 	target_text: height = np.float64(0.05)
1057.2962 	EXP 	target_text: height = np.float64(0.05)
1057.2962 	EXP 	target_text: height = np.float64(0.05)
1057.2962 	EXP 	target_text: text = 'The boy can read fast'
1057.3031 	EXP 	fix_text: autoDraw = True
1057.5417 	EXP 	fix_text: autoDraw = False
1057.5537 	EXP 	blank1_bg: autoDraw = True
1057.7415 	EXP 	blank1_bg: autoDraw = False
1057.7547 	EXP 	prime_text: autoDraw = True
1057.9550 	EXP 	prime_text: autoDraw = False
1057.9719 	EXP 	blank2_bg: autoDraw = True
1058.0719 	INFO 	Keyboard events cleared
1058.0717 	EXP 	blank2_bg: autoDraw = False
1058.0717 	EXP 	target_text: autoDraw = True
1058.8728 	EXP 	Device response: <KeyPress from None: t=1058.8611021249963, value=right, duration=None>
1058.8815 	DATA 	Keypress: right
1058.8872 	EXP 	fix_text: autoDraw = False
1058.8872 	EXP 	blank1_bg: autoDraw = False
1058.8872 	EXP 	prime_text: autoDraw = False
1058.8872 	EXP 	blank2_bg: autoDraw = False
1058.8872 	EXP 	target_text: autoDraw = False
1058.8872 	EXP 	greenCircle: autoDraw = True
1058.8872 	EXP 	redCrosss: autoDraw = True
1058.9892 	EXP 	Device response: <KeyPress from None: t=1058.8611021249963, value=right, duration=0.12032712501240894>
1059.0882 	EXP 	blank3_bg: autoDraw = True
1059.0882 	EXP 	greenCircle: autoDraw = False
1059.0882 	EXP 	redCrosss: autoDraw = False
1059.8721 	EXP 	New trial (rep=21, index=8): <Trial 344 (8 in rep 21) data={'prime': 'The boy can read fast', 'target': 'The read can boy fast', 'condition': 'transposition_unrelated', 'correctAns': 'left', 'thisN': 344, 'thisTrialN': 8, 'thisRepN': 21}>
1059.8876 	EXP 	blank3_bg: autoDraw = False
1059.8876 	EXP 	blank3_bg: autoDraw = False
1059.8876 	EXP 	greenCircle: autoDraw = False
1059.8876 	EXP 	redCrosss: autoDraw = False
1059.8876 	EXP 	prime_text: text = 'The boy can read fast'
1059.8876 	EXP 	target_text: height = np.float64(0.05)
1059.8876 	EXP 	target_text: height = np.float64(0.05)
1059.8876 	EXP 	target_text: height = np.float64(0.05)
1059.8876 	EXP 	target_text: text = 'The read can boy fast'
1059.8876 	EXP 	fix_text: autoDraw = True
1060.1383 	EXP 	fix_text: autoDraw = False
1060.1383 	EXP 	blank1_bg: autoDraw = True
1060.3383 	EXP 	blank1_bg: autoDraw = False
1060.3383 	EXP 	prime_text: autoDraw = True
1060.5382 	EXP 	prime_text: autoDraw = False
1060.5382 	EXP 	blank2_bg: autoDraw = True
1060.6385 	INFO 	Keyboard events cleared
1060.6383 	EXP 	blank2_bg: autoDraw = False
1060.6383 	EXP 	target_text: autoDraw = True
1061.6726 	EXP 	Device response: <KeyPress from None: t=1061.657039291007, value=left, duration=None>
1061.6800 	DATA 	Keypress: left
1061.6868 	EXP 	fix_text: autoDraw = False
1061.6868 	EXP 	blank1_bg: autoDraw = False
1061.6868 	EXP 	prime_text: autoDraw = False
1061.6868 	EXP 	blank2_bg: autoDraw = False
1061.6868 	EXP 	target_text: autoDraw = False
1061.6868 	EXP 	greenCircle: autoDraw = True
1061.6868 	EXP 	redCrosss: autoDraw = True
1061.7891 	EXP 	Device response: <KeyPress from None: t=1061.657039291007, value=left, duration=0.12430995899194386>
1061.8883 	EXP 	blank3_bg: autoDraw = True
1061.8883 	EXP 	greenCircle: autoDraw = False
1061.8883 	EXP 	redCrosss: autoDraw = False
1062.6720 	EXP 	New trial (rep=21, index=9): <Trial 345 (9 in rep 21) data={'prime': 'The boy can read fast', 'target': 'The read can boy fast', 'condition': 'repetition_unrelated', 'correctAns': 'left', 'thisN': 345, 'thisTrialN': 9, 'thisRepN': 21}>
1062.6882 	EXP 	blank3_bg: autoDraw = False
1062.6882 	EXP 	blank3_bg: autoDraw = False
1062.6882 	EXP 	greenCircle: autoDraw = False
1062.6882 	EXP 	redCrosss: autoDraw = False
1062.6882 	EXP 	prime_text: text = 'The boy can read fast'
1062.6882 	EXP 	target_text: text = 'The read can boy fast'
1062.6882 	EXP 	fix_text: autoDraw = True
1062.9203 	EXP 	blank1_bg: autoDraw = True
1062.9368 	EXP 	fix_text: autoDraw = False
1063.1089 	EXP 	blank1_bg: autoDraw = False
1063.1216 	EXP 	prime_text: autoDraw = True
1063.3214 	EXP 	prime_text: autoDraw = False
1063.3380 	EXP 	blank2_bg: autoDraw = True
1063.4383 	INFO 	Keyboard events cleared
1063.4381 	EXP 	blank2_bg: autoDraw = False
1063.4381 	EXP 	target_text: autoDraw = True
1064.1724 	EXP 	Device response: <KeyPress from None: t=1064.155894791009, value=left, duration=None>
1064.1795 	DATA 	Keypress: left
1064.1871 	EXP 	fix_text: autoDraw = False
1064.1871 	EXP 	blank1_bg: autoDraw = False
1064.1871 	EXP 	prime_text: autoDraw = False
1064.1871 	EXP 	blank2_bg: autoDraw = False
1064.1871 	EXP 	target_text: autoDraw = False
1064.1871 	EXP 	greenCircle: autoDraw = True
1064.1871 	EXP 	redCrosss: autoDraw = True
1064.2889 	EXP 	Device response: <KeyPress from None: t=1064.155894791009, value=left, duration=0.1205493749876041>
1064.3882 	EXP 	blank3_bg: autoDraw = True
1064.3882 	EXP 	greenCircle: autoDraw = False
1064.3882 	EXP 	redCrosss: autoDraw = False
1065.1719 	EXP 	New trial (rep=21, index=10): <Trial 346 (10 in rep 21) data={'prime': 'The boy can read fast', 'target': 'The boy can read fast', 'condition': 'repetition_related', 'correctAns': 'right', 'thisN': 346, 'thisTrialN': 10, 'thisRepN': 21}>
1065.1877 	EXP 	blank3_bg: autoDraw = False
1065.1877 	EXP 	blank3_bg: autoDraw = False
1065.1877 	EXP 	greenCircle: autoDraw = False
1065.1877 	EXP 	redCrosss: autoDraw = False
1065.1877 	EXP 	prime_text: text = 'The boy can read fast'
1065.1877 	EXP 	target_text: height = np.float64(0.05)
1065.1877 	EXP 	target_text: height = np.float64(0.05)
1065.1877 	EXP 	target_text: height = np.float64(0.05)
1065.1877 	EXP 	target_text: text = 'The boy can read fast'
1065.1877 	EXP 	fix_text: autoDraw = True
1065.4381 	EXP 	fix_text: autoDraw = False
1065.4381 	EXP 	blank1_bg: autoDraw = True
1065.6381 	EXP 	blank1_bg: autoDraw = False
1065.6381 	EXP 	prime_text: autoDraw = True
1065.8379 	EXP 	prime_text: autoDraw = False
1065.8379 	EXP 	blank2_bg: autoDraw = True
1065.9382 	INFO 	Keyboard events cleared
1065.9380 	EXP 	blank2_bg: autoDraw = False
1065.9380 	EXP 	target_text: autoDraw = True
1066.4558 	EXP 	Device response: <KeyPress from None: t=1066.452985958007, value=left, duration=None>
1066.4635 	DATA 	Keypress: left
1066.4701 	EXP 	fix_text: autoDraw = False
1066.4701 	EXP 	blank1_bg: autoDraw = False
1066.4701 	EXP 	prime_text: autoDraw = False
1066.4701 	EXP 	blank2_bg: autoDraw = False
1066.4701 	EXP 	target_text: autoDraw = False
1066.4701 	EXP 	greenCircle: autoDraw = True
1066.4701 	EXP 	redCrosss: autoDraw = True
1066.5598 	EXP 	Device response: <KeyPress from None: t=1066.452985958007, value=left, duration=0.10414129200216848>
1066.6544 	EXP 	blank3_bg: autoDraw = True
1066.6612 	EXP 	greenCircle: autoDraw = False
1066.6612 	EXP 	redCrosss: autoDraw = False
1067.4380 	EXP 	New trial (rep=21, index=11): <Trial 347 (11 in rep 21) data={'prime': 'They have finished the work', 'target': 'They work the have finished', 'condition': 'transposition_unrelated', 'correctAns': 'left', 'thisN': 347, 'thisTrialN': 11, 'thisRepN': 21}>
1067.4502 	EXP 	blank3_bg: autoDraw = False
1067.4502 	EXP 	blank3_bg: autoDraw = False
1067.4502 	EXP 	greenCircle: autoDraw = False
1067.4502 	EXP 	redCrosss: autoDraw = False
1067.4502 	EXP 	prime_text: height = np.float64(0.05)
1067.4502 	EXP 	prime_text: height = np.float64(0.05)
1067.4502 	EXP 	prime_text: height = np.float64(0.05)
1067.4502 	EXP 	prime_text: text = 'They have finished the work'
1067.4502 	EXP 	target_text: height = np.float64(0.05)
1067.4502 	EXP 	target_text: height = np.float64(0.05)
1067.4502 	EXP 	target_text: height = np.float64(0.05)
1067.4502 	EXP 	target_text: text = 'They work the have finished'
1067.4553 	EXP 	fix_text: autoDraw = True
1067.7043 	EXP 	fix_text: autoDraw = False
1067.7043 	EXP 	blank1_bg: autoDraw = True
1067.8912 	EXP 	blank1_bg: autoDraw = False
1067.9043 	EXP 	prime_text: autoDraw = True
1068.0913 	EXP 	prime_text: autoDraw = False
1068.1044 	EXP 	blank2_bg: autoDraw = True
1068.1914 	EXP 	blank2_bg: autoDraw = False
1068.2044 	INFO 	Keyboard events cleared
1068.2043 	EXP 	target_text: autoDraw = True
1069.2219 	EXP 	Device response: <KeyPress from None: t=1069.2108379160054, value=left, duration=None>
1069.2285 	DATA 	Keypress: left
1069.2328 	EXP 	fix_text: autoDraw = False
1069.2328 	EXP 	blank1_bg: autoDraw = False
1069.2328 	EXP 	prime_text: autoDraw = False
1069.2328 	EXP 	blank2_bg: autoDraw = False
1069.2328 	EXP 	target_text: autoDraw = False
1069.2328 	EXP 	greenCircle: autoDraw = True
1069.2328 	EXP 	redCrosss: autoDraw = True
1069.3384 	EXP 	Device response: <KeyPress from None: t=1069.2108379160054, value=left, duration=0.12433433400292415>
1069.4209 	EXP 	blank3_bg: autoDraw = True
1069.4274 	EXP 	greenCircle: autoDraw = False
1069.4274 	EXP 	redCrosss: autoDraw = False
1070.2045 	EXP 	New trial (rep=21, index=12): <Trial 348 (12 in rep 21) data={'prime': 'They have finished the work', 'target': 'They finished have the work', 'condition': 'repetition_unrelated', 'correctAns': 'left', 'thisN': 348, 'thisTrialN': 12, 'thisRepN': 21}>
1070.2136 	EXP 	blank3_bg: autoDraw = False
1070.2136 	EXP 	blank3_bg: autoDraw = False
1070.2136 	EXP 	greenCircle: autoDraw = False
1070.2136 	EXP 	redCrosss: autoDraw = False
1070.2136 	EXP 	prime_text: text = 'They have finished the work'
1070.2136 	EXP 	target_text: height = np.float64(0.05)
1070.2136 	EXP 	target_text: height = np.float64(0.05)
1070.2136 	EXP 	target_text: height = np.float64(0.05)
1070.2136 	EXP 	target_text: text = 'They finished have the work'
1070.2194 	EXP 	fix_text: autoDraw = True
1070.4582 	EXP 	fix_text: autoDraw = False
1070.4710 	EXP 	blank1_bg: autoDraw = True
1070.6579 	EXP 	blank1_bg: autoDraw = False
1070.6710 	EXP 	prime_text: autoDraw = True
1070.8580 	EXP 	prime_text: autoDraw = False
1070.8710 	EXP 	blank2_bg: autoDraw = True
1070.9581 	EXP 	blank2_bg: autoDraw = False
1070.9711 	INFO 	Keyboard events cleared
1070.9709 	EXP 	target_text: autoDraw = True
1071.7598 	EXP 	Device response: <KeyPress from None: t=1071.7588211249968, value=left, duration=None>
1071.7661 	DATA 	Keypress: left
1071.7705 	EXP 	fix_text: autoDraw = False
1071.7705 	EXP 	blank1_bg: autoDraw = False
1071.7705 	EXP 	prime_text: autoDraw = False
1071.7705 	EXP 	blank2_bg: autoDraw = False
1071.7705 	EXP 	target_text: autoDraw = False
1071.7705 	EXP 	greenCircle: autoDraw = True
1071.7705 	EXP 	redCrosss: autoDraw = True
1071.9052 	EXP 	Device response: <KeyPress from None: t=1071.7588211249968, value=left, duration=0.13619020800979342>
1071.9543 	EXP 	blank3_bg: autoDraw = True
1071.9608 	EXP 	greenCircle: autoDraw = False
1071.9608 	EXP 	redCrosss: autoDraw = False
1072.7378 	EXP 	New trial (rep=21, index=13): <Trial 349 (13 in rep 21) data={'prime': 'She does not like apples', 'target': 'She does not like apples', 'condition': 'repetition_related', 'correctAns': 'right', 'thisN': 349, 'thisTrialN': 13, 'thisRepN': 21}>
1072.7498 	EXP 	blank3_bg: autoDraw = False
1072.7498 	EXP 	blank3_bg: autoDraw = False
1072.7498 	EXP 	greenCircle: autoDraw = False
1072.7498 	EXP 	redCrosss: autoDraw = False
1072.7498 	EXP 	prime_text: height = np.float64(0.05)
1072.7498 	EXP 	prime_text: height = np.float64(0.05)
1072.7498 	EXP 	prime_text: height = np.float64(0.05)
1072.7498 	EXP 	prime_text: text = 'She does not like apples'
1072.7498 	EXP 	target_text: height = np.float64(0.05)
1072.7498 	EXP 	target_text: height = np.float64(0.05)
1072.7498 	EXP 	target_text: height = np.float64(0.05)
1072.7498 	EXP 	target_text: text = 'She does not like apples'
1072.7553 	EXP 	fix_text: autoDraw = True
1072.9914 	EXP 	fix_text: autoDraw = False
1073.0107 	EXP 	blank1_bg: autoDraw = True
1073.2043 	EXP 	blank1_bg: autoDraw = False
1073.2043 	EXP 	prime_text: autoDraw = True
1073.3913 	EXP 	prime_text: autoDraw = False
1073.4092 	EXP 	blank2_bg: autoDraw = True
1073.5042 	EXP 	blank2_bg: autoDraw = False
1073.5096 	INFO 	Keyboard events cleared
1073.5094 	EXP 	target_text: autoDraw = True
1074.3098 	EXP 	Device response: <KeyPress from None: t=1074.3087001660024, value=right, duration=None>
1074.3163 	DATA 	Keypress: right
1074.3372 	EXP 	fix_text: autoDraw = False
1074.3372 	EXP 	blank1_bg: autoDraw = False
1074.3372 	EXP 	prime_text: autoDraw = False
1074.3372 	EXP 	blank2_bg: autoDraw = False
1074.3372 	EXP 	target_text: autoDraw = False
1074.3372 	EXP 	greenCircle: autoDraw = True
1074.3372 	EXP 	redCrosss: autoDraw = True
1074.4217 	EXP 	Device response: <KeyPress from None: t=1074.3087001660024, value=right, duration=0.10836483399907593>
1074.5114 	EXP 	blank3_bg: autoDraw = True
1074.5263 	EXP 	greenCircle: autoDraw = False
1074.5263 	EXP 	redCrosss: autoDraw = False
1075.3046 	EXP 	New trial (rep=21, index=14): <Trial 350 (14 in rep 21) data={'prime': 'She does not like apples', 'target': 'She not does like apples', 'condition': 'repetition_unrelated', 'correctAns': 'left', 'thisN': 350, 'thisTrialN': 14, 'thisRepN': 21}>
1075.3141 	EXP 	blank3_bg: autoDraw = False
1075.3141 	EXP 	blank3_bg: autoDraw = False
1075.3141 	EXP 	greenCircle: autoDraw = False
1075.3141 	EXP 	redCrosss: autoDraw = False
1075.3141 	EXP 	prime_text: text = 'She does not like apples'
1075.3141 	EXP 	target_text: height = np.float64(0.05)
1075.3141 	EXP 	target_text: height = np.float64(0.05)
1075.3141 	EXP 	target_text: height = np.float64(0.05)
1075.3141 	EXP 	target_text: text = 'She not does like apples'
1075.3141 	EXP 	fix_text: autoDraw = True
1075.5608 	EXP 	fix_text: autoDraw = False
1075.5608 	EXP 	blank1_bg: autoDraw = True
1075.7543 	EXP 	blank1_bg: autoDraw = False
1075.7543 	EXP 	prime_text: autoDraw = True
1075.9426 	EXP 	prime_text: autoDraw = False
1075.9543 	EXP 	blank2_bg: autoDraw = True
1076.0426 	EXP 	blank2_bg: autoDraw = False
1076.0541 	INFO 	Keyboard events cleared
1076.0539 	EXP 	target_text: autoDraw = True
1076.6094 	EXP 	Device response: <KeyPress from None: t=1076.6055687500047, value=left, duration=None>
1076.6156 	DATA 	Keypress: left
1076.6199 	EXP 	fix_text: autoDraw = False
1076.6199 	EXP 	blank1_bg: autoDraw = False
1076.6199 	EXP 	prime_text: autoDraw = False
1076.6199 	EXP 	blank2_bg: autoDraw = False
1076.6199 	EXP 	target_text: autoDraw = False
1076.6199 	EXP 	greenCircle: autoDraw = True
1076.6199 	EXP 	redCrosss: autoDraw = True
1076.7385 	EXP 	Device response: <KeyPress from None: t=1076.6055687500047, value=left, duration=0.12031791599292774>
1076.8043 	EXP 	blank3_bg: autoDraw = True
1076.8109 	EXP 	greenCircle: autoDraw = False
1076.8109 	EXP 	redCrosss: autoDraw = False
1077.5878 	EXP 	New trial (rep=21, index=15): <Trial 351 (15 in rep 21) data={'prime': 'She does not like apples', 'target': 'She not does like apples', 'condition': 'transposition_related', 'correctAns': 'right', 'thisN': 351, 'thisTrialN': 15, 'thisRepN': 21}>
1077.5917 	EXP 	blank3_bg: autoDraw = False
1077.5917 	EXP 	blank3_bg: autoDraw = False
1077.5917 	EXP 	greenCircle: autoDraw = False
1077.5917 	EXP 	redCrosss: autoDraw = False
1077.5917 	EXP 	prime_text: text = 'She does not like apples'
1077.5917 	EXP 	target_text: text = 'She not does like apples'
1077.6083 	EXP 	fix_text: autoDraw = True
1077.8542 	EXP 	fix_text: autoDraw = False
1077.8542 	EXP 	blank1_bg: autoDraw = True
1078.0413 	EXP 	blank1_bg: autoDraw = False
1078.0593 	EXP 	prime_text: autoDraw = True
1078.2542 	EXP 	prime_text: autoDraw = False
1078.2542 	EXP 	blank2_bg: autoDraw = True
1078.3413 	EXP 	blank2_bg: autoDraw = False
1078.3591 	INFO 	Keyboard events cleared
1078.3589 	EXP 	target_text: autoDraw = True
1079.0219 	EXP 	Device response: <KeyPress from None: t=1079.0206006250082, value=left, duration=None>
1079.0285 	DATA 	Keypress: left
1079.0327 	EXP 	fix_text: autoDraw = False
1079.0327 	EXP 	blank1_bg: autoDraw = False
1079.0327 	EXP 	prime_text: autoDraw = False
1079.0327 	EXP 	blank2_bg: autoDraw = False
1079.0327 	EXP 	target_text: autoDraw = False
1079.0327 	EXP 	greenCircle: autoDraw = True
1079.0327 	EXP 	redCrosss: autoDraw = True
1079.1552 	EXP 	Device response: <KeyPress from None: t=1079.0206006250082, value=left, duration=0.12836554099339992>
1079.2209 	EXP 	blank3_bg: autoDraw = True
1079.2271 	EXP 	greenCircle: autoDraw = False
1079.2271 	EXP 	redCrosss: autoDraw = False
1080.0045 	EXP 	New trial (rep=22, index=0): <Trial 352 (0 in rep 22) data={'prime': 'She does not like apples', 'target': 'She does not like apples', 'condition': 'repetition_related', 'correctAns': 'right', 'thisN': 352, 'thisTrialN': 0, 'thisRepN': 22}>
1080.0134 	EXP 	blank3_bg: autoDraw = False
1080.0134 	EXP 	blank3_bg: autoDraw = False
1080.0134 	EXP 	greenCircle: autoDraw = False
1080.0134 	EXP 	redCrosss: autoDraw = False
1080.0134 	EXP 	prime_text: text = 'She does not like apples'
1080.0134 	EXP 	target_text: height = np.float64(0.05)
1080.0134 	EXP 	target_text: height = np.float64(0.05)
1080.0134 	EXP 	target_text: height = np.float64(0.05)
1080.0134 	EXP 	target_text: text = 'She does not like apples'
1080.0193 	EXP 	fix_text: autoDraw = True
1080.2580 	EXP 	fix_text: autoDraw = False
1080.2709 	EXP 	blank1_bg: autoDraw = True
1080.4579 	EXP 	blank1_bg: autoDraw = False
1080.4709 	EXP 	prime_text: autoDraw = True
1080.6581 	EXP 	prime_text: autoDraw = False
1080.6709 	EXP 	blank2_bg: autoDraw = True
1080.7580 	EXP 	blank2_bg: autoDraw = False
1080.7710 	INFO 	Keyboard events cleared
1080.7708 	EXP 	target_text: autoDraw = True
1081.5386 	EXP 	Device response: <KeyPress from None: t=1081.5335836250015, value=right, duration=None>
1081.5451 	DATA 	Keypress: right
1081.5494 	EXP 	fix_text: autoDraw = False
1081.5494 	EXP 	blank1_bg: autoDraw = False
1081.5494 	EXP 	prime_text: autoDraw = False
1081.5494 	EXP 	blank2_bg: autoDraw = False
1081.5494 	EXP 	target_text: autoDraw = False
1081.5494 	EXP 	greenCircle: autoDraw = True
1081.5494 	EXP 	redCrosss: autoDraw = True
1081.6764 	EXP 	Device response: <KeyPress from None: t=1081.5335836250015, value=right, duration=0.14028841600520536>
1081.7376 	EXP 	blank3_bg: autoDraw = True
1081.7440 	EXP 	greenCircle: autoDraw = False
1081.7440 	EXP 	redCrosss: autoDraw = False
1082.5213 	EXP 	New trial (rep=22, index=1): <Trial 353 (1 in rep 22) data={'prime': 'The boy can read fast', 'target': 'The read can boy fast', 'condition': 'repetition_unrelated', 'correctAns': 'left', 'thisN': 353, 'thisTrialN': 1, 'thisRepN': 22}>
1082.5335 	EXP 	blank3_bg: autoDraw = False
1082.5335 	EXP 	blank3_bg: autoDraw = False
1082.5335 	EXP 	greenCircle: autoDraw = False
1082.5335 	EXP 	redCrosss: autoDraw = False
1082.5335 	EXP 	prime_text: height = np.float64(0.05)
1082.5335 	EXP 	prime_text: height = np.float64(0.05)
1082.5335 	EXP 	prime_text: height = np.float64(0.05)
1082.5335 	EXP 	prime_text: text = 'The boy can read fast'
1082.5335 	EXP 	target_text: height = np.float64(0.05)
1082.5335 	EXP 	target_text: height = np.float64(0.05)
1082.5335 	EXP 	target_text: height = np.float64(0.05)
1082.5335 	EXP 	target_text: text = 'The read can boy fast'
1082.5386 	EXP 	fix_text: autoDraw = True
1082.7746 	EXP 	fix_text: autoDraw = False
1082.7876 	EXP 	blank1_bg: autoDraw = True
1082.9745 	EXP 	blank1_bg: autoDraw = False
1082.9876 	EXP 	prime_text: autoDraw = True
1083.1746 	EXP 	prime_text: autoDraw = False
1083.1876 	EXP 	blank2_bg: autoDraw = True
1083.2752 	EXP 	blank2_bg: autoDraw = False
1083.2877 	INFO 	Keyboard events cleared
1083.2875 	EXP 	target_text: autoDraw = True
1083.8887 	EXP 	Device response: <KeyPress from None: t=1083.878540375008, value=left, duration=None>
1083.8964 	DATA 	Keypress: left
1083.9006 	EXP 	fix_text: autoDraw = False
1083.9006 	EXP 	blank1_bg: autoDraw = False
1083.9006 	EXP 	prime_text: autoDraw = False
1083.9006 	EXP 	blank2_bg: autoDraw = False
1083.9006 	EXP 	target_text: autoDraw = False
1083.9006 	EXP 	greenCircle: autoDraw = True
1083.9006 	EXP 	redCrosss: autoDraw = True
1083.9885 	EXP 	Device response: <KeyPress from None: t=1083.878540375008, value=left, duration=0.1042721249978058>
1084.0876 	EXP 	blank3_bg: autoDraw = True
1084.0940 	EXP 	greenCircle: autoDraw = False
1084.0940 	EXP 	redCrosss: autoDraw = False
1084.8758 	EXP 	New trial (rep=22, index=2): <Trial 354 (2 in rep 22) data={'prime': 'She does not like apples', 'target': 'She not does like apples', 'condition': 'repetition_unrelated', 'correctAns': 'left', 'thisN': 354, 'thisTrialN': 2, 'thisRepN': 22}>
1084.8891 	EXP 	blank3_bg: autoDraw = False
1084.8891 	EXP 	blank3_bg: autoDraw = False
1084.8891 	EXP 	greenCircle: autoDraw = False
1084.8891 	EXP 	redCrosss: autoDraw = False
1084.8891 	EXP 	prime_text: height = np.float64(0.05)
1084.8891 	EXP 	prime_text: height = np.float64(0.05)
1084.8891 	EXP 	prime_text: height = np.float64(0.05)
1084.8891 	EXP 	prime_text: text = 'She does not like apples'
1084.8891 	EXP 	target_text: height = np.float64(0.05)
1084.8891 	EXP 	target_text: height = np.float64(0.05)
1084.8891 	EXP 	target_text: height = np.float64(0.05)
1084.8891 	EXP 	target_text: text = 'She not does like apples'
1084.8891 	EXP 	fix_text: autoDraw = True
1085.1376 	EXP 	fix_text: autoDraw = False
1085.1376 	EXP 	blank1_bg: autoDraw = True
1085.3245 	EXP 	blank1_bg: autoDraw = False
1085.3376 	EXP 	prime_text: autoDraw = True
1085.5248 	EXP 	prime_text: autoDraw = False
1085.5376 	EXP 	blank2_bg: autoDraw = True
1085.6247 	EXP 	blank2_bg: autoDraw = False
1085.6377 	INFO 	Keyboard events cleared
1085.6375 	EXP 	target_text: autoDraw = True
1086.3218 	EXP 	Device response: <KeyPress from None: t=1086.3184785409976, value=right, duration=None>
1086.3283 	DATA 	Keypress: right
1086.3326 	EXP 	fix_text: autoDraw = False
1086.3326 	EXP 	blank1_bg: autoDraw = False
1086.3326 	EXP 	prime_text: autoDraw = False
1086.3326 	EXP 	blank2_bg: autoDraw = False
1086.3326 	EXP 	target_text: autoDraw = False
1086.3326 	EXP 	greenCircle: autoDraw = True
1086.3326 	EXP 	redCrosss: autoDraw = True
1086.4385 	EXP 	Device response: <KeyPress from None: t=1086.3184785409976, value=right, duration=0.10822075000032783>
1086.5209 	EXP 	blank3_bg: autoDraw = True
1086.5279 	EXP 	greenCircle: autoDraw = False
1086.5279 	EXP 	redCrosss: autoDraw = False
1087.3047 	EXP 	New trial (rep=22, index=3): <Trial 355 (3 in rep 22) data={'prime': 'The boy can read fast', 'target': 'The boy can read fast', 'condition': 'transposition_related', 'correctAns': 'right', 'thisN': 355, 'thisTrialN': 3, 'thisRepN': 22}>
1087.3198 	EXP 	blank3_bg: autoDraw = False
1087.3198 	EXP 	blank3_bg: autoDraw = False
1087.3198 	EXP 	greenCircle: autoDraw = False
1087.3198 	EXP 	redCrosss: autoDraw = False
1087.3198 	EXP 	prime_text: height = np.float64(0.05)
1087.3198 	EXP 	prime_text: height = np.float64(0.05)
1087.3198 	EXP 	prime_text: height = np.float64(0.05)
1087.3198 	EXP 	prime_text: text = 'The boy can read fast'
1087.3198 	EXP 	target_text: height = np.float64(0.05)
1087.3198 	EXP 	target_text: height = np.float64(0.05)
1087.3198 	EXP 	target_text: height = np.float64(0.05)
1087.3198 	EXP 	target_text: text = 'The boy can read fast'
1087.3246 	EXP 	fix_text: autoDraw = True
1087.5708 	EXP 	fix_text: autoDraw = False
1087.5708 	EXP 	blank1_bg: autoDraw = True
1087.7706 	EXP 	blank1_bg: autoDraw = False
1087.7706 	EXP 	prime_text: autoDraw = True
1087.9588 	EXP 	prime_text: autoDraw = False
1087.9703 	EXP 	blank2_bg: autoDraw = True
1088.0583 	EXP 	blank2_bg: autoDraw = False
1088.0710 	INFO 	Keyboard events cleared
1088.0708 	EXP 	target_text: autoDraw = True
1089.3107 	EXP 	Device response: <KeyPress from None: t=1089.3053311249969, value=right, duration=None>
1089.3181 	DATA 	Keypress: right
1089.3231 	EXP 	fix_text: autoDraw = False
1089.3231 	EXP 	blank1_bg: autoDraw = False
1089.3231 	EXP 	prime_text: autoDraw = False
1089.3231 	EXP 	blank2_bg: autoDraw = False
1089.3231 	EXP 	target_text: autoDraw = False
1089.3231 	EXP 	greenCircle: autoDraw = True
1089.3231 	EXP 	redCrosss: autoDraw = True
1089.4053 	EXP 	Device response: <KeyPress from None: t=1089.3053311249969, value=right, duration=0.0963869160041213>
1089.5133 	EXP 	blank3_bg: autoDraw = True
1089.5207 	EXP 	greenCircle: autoDraw = False
1089.5207 	EXP 	redCrosss: autoDraw = False
1090.2962 	EXP 	New trial (rep=22, index=4): <Trial 356 (4 in rep 22) data={'prime': 'The dog is barking loudly', 'target': 'The barking dog loudly is', 'condition': 'transposition_unrelated', 'correctAns': 'left', 'thisN': 356, 'thisTrialN': 4, 'thisRepN': 22}>
1090.3122 	EXP 	blank3_bg: autoDraw = False
1090.3122 	EXP 	blank3_bg: autoDraw = False
1090.3122 	EXP 	greenCircle: autoDraw = False
1090.3122 	EXP 	redCrosss: autoDraw = False
1090.3122 	EXP 	prime_text: height = np.float64(0.05)
1090.3122 	EXP 	prime_text: height = np.float64(0.05)
1090.3122 	EXP 	prime_text: height = np.float64(0.05)
1090.3122 	EXP 	prime_text: text = 'The dog is barking loudly'
1090.3122 	EXP 	target_text: height = np.float64(0.05)
1090.3122 	EXP 	target_text: height = np.float64(0.05)
1090.3122 	EXP 	target_text: height = np.float64(0.05)
1090.3122 	EXP 	target_text: text = 'The barking dog loudly is'
1090.3122 	EXP 	fix_text: autoDraw = True
1090.5615 	EXP 	fix_text: autoDraw = False
1090.5615 	EXP 	blank1_bg: autoDraw = True
1090.7544 	EXP 	blank1_bg: autoDraw = False
1090.7544 	EXP 	prime_text: autoDraw = True
1090.9414 	EXP 	prime_text: autoDraw = False
1090.9607 	EXP 	blank2_bg: autoDraw = True
1091.0543 	INFO 	Keyboard events cleared
1091.0541 	EXP 	blank2_bg: autoDraw = False
1091.0541 	EXP 	target_text: autoDraw = True
1091.9230 	EXP 	Device response: <KeyPress from None: t=1091.9173522909987, value=left, duration=None>
1091.9313 	DATA 	Keypress: left
1091.9355 	EXP 	fix_text: autoDraw = False
1091.9355 	EXP 	blank1_bg: autoDraw = False
1091.9355 	EXP 	prime_text: autoDraw = False
1091.9355 	EXP 	blank2_bg: autoDraw = False
1091.9355 	EXP 	target_text: autoDraw = False
1091.9355 	EXP 	greenCircle: autoDraw = True
1091.9355 	EXP 	redCrosss: autoDraw = True
1092.0557 	EXP 	Device response: <KeyPress from None: t=1091.9173522909987, value=left, duration=0.1323465000023134>
1092.1202 	EXP 	blank3_bg: autoDraw = True
1092.1281 	EXP 	greenCircle: autoDraw = False
1092.1281 	EXP 	redCrosss: autoDraw = False
1092.9044 	EXP 	New trial (rep=22, index=5): <Trial 357 (5 in rep 22) data={'prime': 'The dog is barking loudly', 'target': 'The dog barking is loudly', 'condition': 'transposition_related', 'correctAns': 'right', 'thisN': 357, 'thisTrialN': 5, 'thisRepN': 22}>
1092.9148 	EXP 	blank3_bg: autoDraw = False
1092.9148 	EXP 	blank3_bg: autoDraw = False
1092.9148 	EXP 	greenCircle: autoDraw = False
1092.9148 	EXP 	redCrosss: autoDraw = False
1092.9148 	EXP 	prime_text: text = 'The dog is barking loudly'
1092.9148 	EXP 	target_text: height = np.float64(0.05)
1092.9148 	EXP 	target_text: height = np.float64(0.05)
1092.9148 	EXP 	target_text: height = np.float64(0.05)
1092.9148 	EXP 	target_text: text = 'The dog barking is loudly'
1092.9191 	EXP 	fix_text: autoDraw = True
1093.1589 	EXP 	fix_text: autoDraw = False
1093.1708 	EXP 	blank1_bg: autoDraw = True
1093.3581 	EXP 	blank1_bg: autoDraw = False
1093.3710 	EXP 	prime_text: autoDraw = True
1093.5583 	EXP 	prime_text: autoDraw = False
1093.5707 	EXP 	blank2_bg: autoDraw = True
1093.6581 	EXP 	blank2_bg: autoDraw = False
1093.6711 	INFO 	Keyboard events cleared
1093.6709 	EXP 	target_text: autoDraw = True
1094.2447 	EXP 	Device response: <KeyPress from None: t=1094.2402722499974, value=right, duration=None>
1094.2533 	DATA 	Keypress: right
1094.2571 	EXP 	fix_text: autoDraw = False
1094.2571 	EXP 	blank1_bg: autoDraw = False
1094.2571 	EXP 	prime_text: autoDraw = False
1094.2571 	EXP 	blank2_bg: autoDraw = False
1094.2571 	EXP 	target_text: autoDraw = False
1094.2571 	EXP 	greenCircle: autoDraw = True
1094.2571 	EXP 	redCrosss: autoDraw = True
1094.3616 	EXP 	Device response: <KeyPress from None: t=1094.2402722499974, value=right, duration=0.12026424999930896>
1094.4448 	EXP 	blank3_bg: autoDraw = True
1094.4525 	EXP 	greenCircle: autoDraw = False
1094.4525 	EXP 	redCrosss: autoDraw = False
1095.2280 	EXP 	New trial (rep=22, index=6): <Trial 358 (6 in rep 22) data={'prime': 'They have finished the work', 'target': 'They finished have the work', 'condition': 'repetition_unrelated', 'correctAns': 'left', 'thisN': 358, 'thisTrialN': 6, 'thisRepN': 22}>
1095.2426 	EXP 	blank3_bg: autoDraw = False
1095.2426 	EXP 	blank3_bg: autoDraw = False
1095.2426 	EXP 	greenCircle: autoDraw = False
1095.2426 	EXP 	redCrosss: autoDraw = False
1095.2426 	EXP 	prime_text: height = np.float64(0.05)
1095.2426 	EXP 	prime_text: height = np.float64(0.05)
1095.2426 	EXP 	prime_text: height = np.float64(0.05)
1095.2426 	EXP 	prime_text: text = 'They have finished the work'
1095.2426 	EXP 	target_text: height = np.float64(0.05)
1095.2426 	EXP 	target_text: height = np.float64(0.05)
1095.2426 	EXP 	target_text: height = np.float64(0.05)
1095.2426 	EXP 	target_text: text = 'They finished have the work'
1095.2426 	EXP 	fix_text: autoDraw = True
1095.4874 	EXP 	fix_text: autoDraw = False
1095.4949 	EXP 	blank1_bg: autoDraw = True
1095.6875 	EXP 	blank1_bg: autoDraw = False
1095.6937 	EXP 	prime_text: autoDraw = True
1095.8941 	EXP 	prime_text: autoDraw = False
1095.8941 	EXP 	blank2_bg: autoDraw = True
1095.9874 	EXP 	blank2_bg: autoDraw = False
1095.9943 	INFO 	Keyboard events cleared
1095.9941 	EXP 	target_text: autoDraw = True
1097.1774 	EXP 	Device response: <KeyPress from None: t=1097.1732496250042, value=left, duration=None>
1097.1846 	DATA 	Keypress: left
1097.1898 	EXP 	fix_text: autoDraw = False
1097.1898 	EXP 	blank1_bg: autoDraw = False
1097.1898 	EXP 	prime_text: autoDraw = False
1097.1898 	EXP 	blank2_bg: autoDraw = False
1097.1898 	EXP 	target_text: autoDraw = False
1097.1898 	EXP 	greenCircle: autoDraw = True
1097.1898 	EXP 	redCrosss: autoDraw = True
1097.2949 	EXP 	Device response: <KeyPress from None: t=1097.1732496250042, value=left, duration=0.12027070799376816>
1097.3788 	EXP 	blank3_bg: autoDraw = True
1097.3859 	EXP 	greenCircle: autoDraw = False
1097.3859 	EXP 	redCrosss: autoDraw = False
1098.1714 	EXP 	New trial (rep=22, index=7): <Trial 359 (7 in rep 22) data={'prime': 'She does not like apples', 'target': 'She not does like apples', 'condition': 'transposition_related', 'correctAns': 'right', 'thisN': 359, 'thisTrialN': 7, 'thisRepN': 22}>
1098.1860 	EXP 	blank3_bg: autoDraw = False
1098.1860 	EXP 	blank3_bg: autoDraw = False
1098.1860 	EXP 	greenCircle: autoDraw = False
1098.1860 	EXP 	redCrosss: autoDraw = False
1098.1860 	EXP 	prime_text: height = np.float64(0.05)
1098.1860 	EXP 	prime_text: height = np.float64(0.05)
1098.1860 	EXP 	prime_text: height = np.float64(0.05)
1098.1860 	EXP 	prime_text: text = 'She does not like apples'
1098.1860 	EXP 	target_text: height = np.float64(0.05)
1098.1860 	EXP 	target_text: height = np.float64(0.05)
1098.1860 	EXP 	target_text: height = np.float64(0.05)
1098.1860 	EXP 	target_text: text = 'She not does like apples'
1098.1860 	EXP 	fix_text: autoDraw = True
1098.4290 	EXP 	fix_text: autoDraw = False
1098.4290 	EXP 	blank1_bg: autoDraw = True
1098.6192 	EXP 	blank1_bg: autoDraw = False
1098.6192 	EXP 	prime_text: autoDraw = True
1098.8096 	EXP 	prime_text: autoDraw = False
1098.8271 	EXP 	blank2_bg: autoDraw = True
1098.9209 	INFO 	Keyboard events cleared
1098.9207 	EXP 	blank2_bg: autoDraw = False
1098.9207 	EXP 	target_text: autoDraw = True
1099.9557 	EXP 	Device response: <KeyPress from None: t=1099.9510798330011, value=left, duration=None>
1099.9641 	DATA 	Keypress: left
1099.9684 	EXP 	fix_text: autoDraw = False
1099.9684 	EXP 	blank1_bg: autoDraw = False
1099.9684 	EXP 	prime_text: autoDraw = False
1099.9684 	EXP 	blank2_bg: autoDraw = False
1099.9684 	EXP 	target_text: autoDraw = False
1099.9684 	EXP 	greenCircle: autoDraw = True
1099.9684 	EXP 	redCrosss: autoDraw = True
1100.0615 	EXP 	Device response: <KeyPress from None: t=1099.9510798330011, value=left, duration=0.10837545800313819>
1100.1528 	EXP 	blank3_bg: autoDraw = True
1100.1613 	EXP 	greenCircle: autoDraw = False
1100.1613 	EXP 	redCrosss: autoDraw = False
1100.9368 	EXP 	New trial (rep=22, index=8): <Trial 360 (8 in rep 22) data={'prime': 'They have finished the work', 'target': 'They have finished the work', 'condition': 'repetition_related', 'correctAns': 'right', 'thisN': 360, 'thisTrialN': 8, 'thisRepN': 22}>
1100.9519 	EXP 	blank3_bg: autoDraw = False
1100.9519 	EXP 	blank3_bg: autoDraw = False
1100.9519 	EXP 	greenCircle: autoDraw = False
1100.9519 	EXP 	redCrosss: autoDraw = False
1100.9519 	EXP 	prime_text: height = np.float64(0.05)
1100.9519 	EXP 	prime_text: height = np.float64(0.05)
1100.9519 	EXP 	prime_text: height = np.float64(0.05)
1100.9519 	EXP 	prime_text: text = 'They have finished the work'
1100.9519 	EXP 	target_text: height = np.float64(0.05)
1100.9519 	EXP 	target_text: height = np.float64(0.05)
1100.9519 	EXP 	target_text: height = np.float64(0.05)
1100.9519 	EXP 	target_text: text = 'They have finished the work'
1100.9565 	EXP 	fix_text: autoDraw = True
1101.2041 	EXP 	fix_text: autoDraw = False
1101.2041 	EXP 	blank1_bg: autoDraw = True
1101.4038 	EXP 	blank1_bg: autoDraw = False
1101.4038 	EXP 	prime_text: autoDraw = True
1101.5922 	EXP 	prime_text: autoDraw = False
1101.6042 	EXP 	blank2_bg: autoDraw = True
1101.6923 	EXP 	blank2_bg: autoDraw = False
1101.7043 	INFO 	Keyboard events cleared
1101.7040 	EXP 	target_text: autoDraw = True
1102.6052 	EXP 	Device response: <KeyPress from None: t=1102.6020484580076, value=right, duration=None>
1102.6131 	DATA 	Keypress: right
1102.6174 	EXP 	fix_text: autoDraw = False
1102.6174 	EXP 	blank1_bg: autoDraw = False
1102.6174 	EXP 	prime_text: autoDraw = False
1102.6174 	EXP 	blank2_bg: autoDraw = False
1102.6174 	EXP 	target_text: autoDraw = False
1102.6174 	EXP 	greenCircle: autoDraw = True
1102.6174 	EXP 	redCrosss: autoDraw = True
1102.7277 	EXP 	Device response: <KeyPress from None: t=1102.6020484580076, value=right, duration=0.11931287500192411>
1102.8037 	EXP 	blank3_bg: autoDraw = True
1102.8116 	EXP 	greenCircle: autoDraw = False
1102.8116 	EXP 	redCrosss: autoDraw = False
1103.5874 	EXP 	New trial (rep=22, index=9): <Trial 361 (9 in rep 22) data={'prime': 'The boy can read fast', 'target': 'The read can boy fast', 'condition': 'transposition_unrelated', 'correctAns': 'left', 'thisN': 361, 'thisTrialN': 9, 'thisRepN': 22}>
1103.6027 	EXP 	blank3_bg: autoDraw = False
1103.6027 	EXP 	blank3_bg: autoDraw = False
1103.6027 	EXP 	greenCircle: autoDraw = False
1103.6027 	EXP 	redCrosss: autoDraw = False
1103.6027 	EXP 	prime_text: height = np.float64(0.05)
1103.6027 	EXP 	prime_text: height = np.float64(0.05)
1103.6027 	EXP 	prime_text: height = np.float64(0.05)
1103.6027 	EXP 	prime_text: text = 'The boy can read fast'
1103.6027 	EXP 	target_text: height = np.float64(0.05)
1103.6027 	EXP 	target_text: height = np.float64(0.05)
1103.6027 	EXP 	target_text: height = np.float64(0.05)
1103.6027 	EXP 	target_text: text = 'The read can boy fast'
1103.6073 	EXP 	fix_text: autoDraw = True
1103.8539 	EXP 	fix_text: autoDraw = False
1103.8539 	EXP 	blank1_bg: autoDraw = True
1104.0542 	EXP 	blank1_bg: autoDraw = False
1104.0542 	EXP 	prime_text: autoDraw = True
1104.2424 	EXP 	prime_text: autoDraw = False
1104.2540 	EXP 	blank2_bg: autoDraw = True
1104.3429 	EXP 	blank2_bg: autoDraw = False
1104.3541 	INFO 	Keyboard events cleared
1104.3539 	EXP 	target_text: autoDraw = True
1104.9389 	EXP 	Device response: <KeyPress from None: t=1104.9329802080028, value=left, duration=None>
1104.9469 	DATA 	Keypress: left
1104.9511 	EXP 	fix_text: autoDraw = False
1104.9511 	EXP 	blank1_bg: autoDraw = False
1104.9511 	EXP 	prime_text: autoDraw = False
1104.9511 	EXP 	blank2_bg: autoDraw = False
1104.9511 	EXP 	target_text: autoDraw = False
1104.9511 	EXP 	greenCircle: autoDraw = True
1104.9511 	EXP 	redCrosss: autoDraw = True
1105.0719 	EXP 	Device response: <KeyPress from None: t=1104.9329802080028, value=left, duration=0.1322839579952415>
1105.1365 	EXP 	blank3_bg: autoDraw = True
1105.1442 	EXP 	greenCircle: autoDraw = False
1105.1442 	EXP 	redCrosss: autoDraw = False
1105.9213 	EXP 	New trial (rep=22, index=10): <Trial 362 (10 in rep 22) data={'prime': 'The boy can read fast', 'target': 'The boy can read fast', 'condition': 'repetition_related', 'correctAns': 'right', 'thisN': 362, 'thisTrialN': 10, 'thisRepN': 22}>
1105.9314 	EXP 	blank3_bg: autoDraw = False
1105.9314 	EXP 	blank3_bg: autoDraw = False
1105.9314 	EXP 	greenCircle: autoDraw = False
1105.9314 	EXP 	redCrosss: autoDraw = False
1105.9314 	EXP 	prime_text: text = 'The boy can read fast'
1105.9314 	EXP 	target_text: height = np.float64(0.05)
1105.9314 	EXP 	target_text: height = np.float64(0.05)
1105.9314 	EXP 	target_text: height = np.float64(0.05)
1105.9314 	EXP 	target_text: text = 'The boy can read fast'
1105.9357 	EXP 	fix_text: autoDraw = True
1106.1756 	EXP 	fix_text: autoDraw = False
1106.1875 	EXP 	blank1_bg: autoDraw = True
1106.3750 	EXP 	blank1_bg: autoDraw = False
1106.3874 	EXP 	prime_text: autoDraw = True
1106.5755 	EXP 	prime_text: autoDraw = False
1106.5874 	EXP 	blank2_bg: autoDraw = True
1106.6742 	EXP 	blank2_bg: autoDraw = False
1106.6874 	INFO 	Keyboard events cleared
1106.6873 	EXP 	target_text: autoDraw = True
1107.4888 	EXP 	Device response: <KeyPress from None: t=1107.4859916249989, value=right, duration=None>
1107.4968 	DATA 	Keypress: right
1107.5009 	EXP 	fix_text: autoDraw = False
1107.5009 	EXP 	blank1_bg: autoDraw = False
1107.5009 	EXP 	prime_text: autoDraw = False
1107.5009 	EXP 	blank2_bg: autoDraw = False
1107.5009 	EXP 	target_text: autoDraw = False
1107.5009 	EXP 	greenCircle: autoDraw = True
1107.5009 	EXP 	redCrosss: autoDraw = True
1107.6225 	EXP 	Device response: <KeyPress from None: t=1107.4859916249989, value=right, duration=0.13234916600049473>
1107.6875 	EXP 	blank3_bg: autoDraw = True
1107.6955 	EXP 	greenCircle: autoDraw = False
1107.6955 	EXP 	redCrosss: autoDraw = False
1108.4708 	EXP 	New trial (rep=22, index=11): <Trial 363 (11 in rep 22) data={'prime': 'They have finished the work', 'target': 'They finished have the work', 'condition': 'transposition_related', 'correctAns': 'right', 'thisN': 363, 'thisTrialN': 11, 'thisRepN': 22}>
1108.4858 	EXP 	blank3_bg: autoDraw = False
1108.4858 	EXP 	blank3_bg: autoDraw = False
1108.4858 	EXP 	greenCircle: autoDraw = False
1108.4858 	EXP 	redCrosss: autoDraw = False
1108.4858 	EXP 	prime_text: height = np.float64(0.05)
1108.4858 	EXP 	prime_text: height = np.float64(0.05)
1108.4858 	EXP 	prime_text: height = np.float64(0.05)
1108.4858 	EXP 	prime_text: text = 'They have finished the work'
1108.4858 	EXP 	target_text: height = np.float64(0.05)
1108.4858 	EXP 	target_text: height = np.float64(0.05)
1108.4858 	EXP 	target_text: height = np.float64(0.05)
1108.4858 	EXP 	target_text: text = 'They finished have the work'
1108.4904 	EXP 	fix_text: autoDraw = True
1108.7373 	EXP 	fix_text: autoDraw = False
1108.7373 	EXP 	blank1_bg: autoDraw = True
1108.9373 	EXP 	blank1_bg: autoDraw = False
1108.9373 	EXP 	prime_text: autoDraw = True
1109.1248 	EXP 	prime_text: autoDraw = False
1109.1374 	EXP 	blank2_bg: autoDraw = True
1109.2259 	EXP 	blank2_bg: autoDraw = False
1109.2377 	INFO 	Keyboard events cleared
1109.2374 	EXP 	target_text: autoDraw = True
1110.5057 	EXP 	Device response: <KeyPress from None: t=1110.4999704579968, value=left, duration=None>
1110.5137 	DATA 	Keypress: left
1110.5184 	EXP 	fix_text: autoDraw = False
1110.5184 	EXP 	blank1_bg: autoDraw = False
1110.5184 	EXP 	prime_text: autoDraw = False
1110.5184 	EXP 	blank2_bg: autoDraw = False
1110.5184 	EXP 	target_text: autoDraw = False
1110.5184 	EXP 	greenCircle: autoDraw = True
1110.5184 	EXP 	redCrosss: autoDraw = True
1110.6051 	EXP 	Device response: <KeyPress from None: t=1110.4999704579968, value=left, duration=0.10035937500651926>
1110.7040 	EXP 	blank3_bg: autoDraw = True
1110.7114 	EXP 	greenCircle: autoDraw = False
1110.7114 	EXP 	redCrosss: autoDraw = False
1111.4878 	EXP 	New trial (rep=22, index=12): <Trial 364 (12 in rep 22) data={'prime': 'They have finished the work', 'target': 'They work the have finished', 'condition': 'transposition_unrelated', 'correctAns': 'left', 'thisN': 364, 'thisTrialN': 12, 'thisRepN': 22}>
1111.4991 	EXP 	blank3_bg: autoDraw = False
1111.4991 	EXP 	blank3_bg: autoDraw = False
1111.4991 	EXP 	greenCircle: autoDraw = False
1111.4991 	EXP 	redCrosss: autoDraw = False
1111.4991 	EXP 	prime_text: text = 'They have finished the work'
1111.4991 	EXP 	target_text: height = np.float64(0.05)
1111.4991 	EXP 	target_text: height = np.float64(0.05)
1111.4991 	EXP 	target_text: height = np.float64(0.05)
1111.4991 	EXP 	target_text: text = 'They work the have finished'
1111.5204 	EXP 	fix_text: autoDraw = True
1111.7528 	EXP 	blank1_bg: autoDraw = True
1111.7596 	EXP 	fix_text: autoDraw = False
1111.9415 	EXP 	blank1_bg: autoDraw = False
1111.9540 	EXP 	prime_text: autoDraw = True
1112.1415 	EXP 	prime_text: autoDraw = False
1112.1541 	EXP 	blank2_bg: autoDraw = True
1112.2425 	EXP 	blank2_bg: autoDraw = False
1112.2541 	INFO 	Keyboard events cleared
1112.2539 	EXP 	target_text: autoDraw = True
1112.9569 	EXP 	Device response: <KeyPress from None: t=1112.9508315410058, value=left, duration=None>
1112.9652 	DATA 	Keypress: left
1112.9694 	EXP 	fix_text: autoDraw = False
1112.9694 	EXP 	blank1_bg: autoDraw = False
1112.9694 	EXP 	prime_text: autoDraw = False
1112.9694 	EXP 	blank2_bg: autoDraw = False
1112.9694 	EXP 	target_text: autoDraw = False
1112.9694 	EXP 	greenCircle: autoDraw = True
1112.9694 	EXP 	redCrosss: autoDraw = True
1113.0781 	EXP 	Device response: <KeyPress from None: t=1112.9508315410058, value=left, duration=0.124282916993252>
1113.1527 	EXP 	blank3_bg: autoDraw = True
1113.1597 	EXP 	greenCircle: autoDraw = False
1113.1597 	EXP 	redCrosss: autoDraw = False
1113.9369 	EXP 	New trial (rep=22, index=13): <Trial 365 (13 in rep 22) data={'prime': 'She does not like apples', 'target': 'She like does apples not', 'condition': 'transposition_unrelated', 'correctAns': 'left', 'thisN': 365, 'thisTrialN': 13, 'thisRepN': 22}>
1113.9511 	EXP 	blank3_bg: autoDraw = False
1113.9511 	EXP 	blank3_bg: autoDraw = False
1113.9511 	EXP 	greenCircle: autoDraw = False
1113.9511 	EXP 	redCrosss: autoDraw = False
1113.9511 	EXP 	prime_text: height = np.float64(0.05)
1113.9511 	EXP 	prime_text: height = np.float64(0.05)
1113.9511 	EXP 	prime_text: height = np.float64(0.05)
1113.9511 	EXP 	prime_text: text = 'She does not like apples'
1113.9511 	EXP 	target_text: height = np.float64(0.05)
1113.9511 	EXP 	target_text: height = np.float64(0.05)
1113.9511 	EXP 	target_text: height = np.float64(0.05)
1113.9511 	EXP 	target_text: text = 'She like does apples not'
1113.9558 	EXP 	fix_text: autoDraw = True
1114.2041 	EXP 	fix_text: autoDraw = False
1114.2041 	EXP 	blank1_bg: autoDraw = True
1114.3914 	EXP 	blank1_bg: autoDraw = False
1114.4041 	EXP 	prime_text: autoDraw = True
1114.5914 	EXP 	prime_text: autoDraw = False
1114.6039 	EXP 	blank2_bg: autoDraw = True
1114.6922 	EXP 	blank2_bg: autoDraw = False
1114.7042 	INFO 	Keyboard events cleared
1114.7040 	EXP 	target_text: autoDraw = True
1115.4888 	EXP 	Device response: <KeyPress from None: t=1115.4768182080006, value=left, duration=None>
1115.4968 	DATA 	Keypress: left
1115.5011 	EXP 	fix_text: autoDraw = False
1115.5011 	EXP 	blank1_bg: autoDraw = False
1115.5011 	EXP 	prime_text: autoDraw = False
1115.5011 	EXP 	blank2_bg: autoDraw = False
1115.5011 	EXP 	target_text: autoDraw = False
1115.5011 	EXP 	greenCircle: autoDraw = True
1115.5011 	EXP 	redCrosss: autoDraw = True
1115.6107 	EXP 	Device response: <KeyPress from None: t=1115.4768182080006, value=left, duration=0.1281597080087522>
1115.6872 	EXP 	blank3_bg: autoDraw = True
1115.6948 	EXP 	greenCircle: autoDraw = False
1115.6948 	EXP 	redCrosss: autoDraw = False
1116.4707 	EXP 	New trial (rep=22, index=14): <Trial 366 (14 in rep 22) data={'prime': 'The dog is barking loudly', 'target': 'The loudly is barking dog', 'condition': 'repetition_unrelated', 'correctAns': 'left', 'thisN': 366, 'thisTrialN': 14, 'thisRepN': 22}>
1116.4865 	EXP 	blank3_bg: autoDraw = False
1116.4865 	EXP 	blank3_bg: autoDraw = False
1116.4865 	EXP 	greenCircle: autoDraw = False
1116.4865 	EXP 	redCrosss: autoDraw = False
1116.4865 	EXP 	prime_text: height = np.float64(0.05)
1116.4865 	EXP 	prime_text: height = np.float64(0.05)
1116.4865 	EXP 	prime_text: height = np.float64(0.05)
1116.4865 	EXP 	prime_text: text = 'The dog is barking loudly'
1116.4865 	EXP 	target_text: height = np.float64(0.05)
1116.4865 	EXP 	target_text: height = np.float64(0.05)
1116.4865 	EXP 	target_text: height = np.float64(0.05)
1116.4865 	EXP 	target_text: text = 'The loudly is barking dog'
1116.4910 	EXP 	fix_text: autoDraw = True
1116.7375 	EXP 	fix_text: autoDraw = False
1116.7375 	EXP 	blank1_bg: autoDraw = True
1116.9372 	EXP 	blank1_bg: autoDraw = False
1116.9372 	EXP 	prime_text: autoDraw = True
1117.1247 	EXP 	prime_text: autoDraw = False
1117.1375 	EXP 	blank2_bg: autoDraw = True
1117.2247 	EXP 	blank2_bg: autoDraw = False
1117.2377 	INFO 	Keyboard events cleared
1117.2375 	EXP 	target_text: autoDraw = True
1117.8209 	EXP 	Device response: <KeyPress from None: t=1117.8106860830012, value=left, duration=None>
1117.8260 	DATA 	Keypress: left
1117.8298 	EXP 	fix_text: autoDraw = False
1117.8298 	EXP 	blank1_bg: autoDraw = False
1117.8298 	EXP 	prime_text: autoDraw = False
1117.8298 	EXP 	blank2_bg: autoDraw = False
1117.8298 	EXP 	target_text: autoDraw = False
1117.8298 	EXP 	greenCircle: autoDraw = True
1117.8298 	EXP 	redCrosss: autoDraw = True
1117.9442 	EXP 	Device response: <KeyPress from None: t=1117.8106860830012, value=left, duration=0.13241466700856108>
1118.0211 	EXP 	blank3_bg: autoDraw = True
1118.0291 	EXP 	greenCircle: autoDraw = False
1118.0291 	EXP 	redCrosss: autoDraw = False
1118.8049 	EXP 	New trial (rep=22, index=15): <Trial 367 (15 in rep 22) data={'prime': 'The dog is barking loudly', 'target': 'The dog is barking loudly', 'condition': 'repetition_related', 'correctAns': 'right', 'thisN': 367, 'thisTrialN': 15, 'thisRepN': 22}>
1118.8173 	EXP 	blank3_bg: autoDraw = False
1118.8173 	EXP 	blank3_bg: autoDraw = False
1118.8173 	EXP 	greenCircle: autoDraw = False
1118.8173 	EXP 	redCrosss: autoDraw = False
1118.8173 	EXP 	prime_text: text = 'The dog is barking loudly'
1118.8173 	EXP 	target_text: height = np.float64(0.05)
1118.8173 	EXP 	target_text: height = np.float64(0.05)
1118.8173 	EXP 	target_text: height = np.float64(0.05)
1118.8173 	EXP 	target_text: text = 'The dog is barking loudly'
1118.8173 	EXP 	fix_text: autoDraw = True
1119.0625 	EXP 	fix_text: autoDraw = False
1119.0625 	EXP 	blank1_bg: autoDraw = True
1119.2592 	EXP 	blank1_bg: autoDraw = False
1119.2592 	EXP 	prime_text: autoDraw = True
1119.4543 	EXP 	prime_text: autoDraw = False
1119.4609 	EXP 	blank2_bg: autoDraw = True
1119.5616 	INFO 	Keyboard events cleared
1119.5614 	EXP 	blank2_bg: autoDraw = False
1119.5614 	EXP 	target_text: autoDraw = True
1121.6554 	EXP 	Device response: <KeyPress from None: t=1121.6455353330093, value=right, duration=None>
1121.6635 	DATA 	Keypress: right
1121.6680 	EXP 	fix_text: autoDraw = False
1121.6680 	EXP 	blank1_bg: autoDraw = False
1121.6680 	EXP 	prime_text: autoDraw = False
1121.6680 	EXP 	blank2_bg: autoDraw = False
1121.6680 	EXP 	target_text: autoDraw = False
1121.6680 	EXP 	greenCircle: autoDraw = True
1121.6680 	EXP 	redCrosss: autoDraw = True
1121.7721 	EXP 	Device response: <KeyPress from None: t=1121.6455353330093, value=right, duration=0.11633304199494887>
1121.8535 	EXP 	blank3_bg: autoDraw = True
1121.8609 	EXP 	greenCircle: autoDraw = False
1121.8609 	EXP 	redCrosss: autoDraw = False
1122.6413 	EXP 	blank3_bg: autoDraw = False
1122.6413 	EXP 	blank3_bg: autoDraw = False
1122.6413 	EXP 	greenCircle: autoDraw = False
1122.6413 	EXP 	redCrosss: autoDraw = False
1122.6540 	EXP 	text_3: autoDraw = True
1124.9391 	EXP 	Device response: <KeyPress from None: t=1124.9345404159976, value=right, duration=None>
1124.9487 	DATA 	Keypress: right
1125.0559 	EXP 	Device response: <KeyPress from None: t=1124.9345404159976, value=right, duration=0.11638391700398643>
1125.5388 	EXP 	Device response: <KeyPress from None: t=1125.528484416005, value=left, duration=None>
1125.5440 	DATA 	Keypress: left
1125.6553 	EXP 	Device response: <KeyPress from None: t=1125.528484416005, value=left, duration=0.11629458400420845>
1126.3281 	EXP 	Device response: <KeyPress from None: t=1126.321491625, value=space, duration=None>
1126.4157 	DATA 	Keypress: space
1126.4468 	EXP 	Device response: <KeyPress from None: t=1126.321491625, value=space, duration=0.1244285410066368>
1635.8765 	EXP 	Device response: <KeyPress from None: t=1635.8748610000039, value=escape, duration=None>
1635.8990 	DATA 	Keypress: escape
1635.9367 	EXP 	Device response: <KeyPress from None: t=1635.8748610000039, value=escape, duration=0.05792412499431521>
1635.9368 	EXP 	2nd exp: status = STOPPED
1635.9429 	EXP 	text_3: autoDraw = False
1635.9430 	EXP 	2nd exp: status = STOPPED
1636.0778 	INFO 	saved data to '/Users/urvashibhansali/Documents/AU [Psych] (1-4 years) /3rd Year/Semester 5 Monsoon 25-26/PSY310/Solo Project/data/s_2nd exp_2025-11-10_20h45.24.443.csv'
1636.0866 	INFO 	saved data to /Users/urvashibhansali/Documents/AU [Psych] (1-4 years) /3rd Year/Semester 5 Monsoon 25-26/PSY310/Solo Project/data/s_2nd exp_2025-11-10_20h45.24.443.psydat
1636.4771 	WARNING 	Stopping key buffers but this could be dangerous ifother keyboards rely on the same.
