prime,target,condition,correctAns,thisN,thisTrialN,thisRepN,key_resp.keys,key_resp.corr,key_resp.rt,key_resp.duration,trials.thisRepN,trials.thisTrialN,trials.thisN,trials.thisIndex,thisRow.t,notes,instructions.started,text_2.started,key_resp_2.started,instructions.stopped,key_resp_2.keys,key_resp_2.rt,key_resp_2.duration,trial.started,fix_text.started,blank1_bg.started,fix_text.stopped,prime_text.started,blank1_bg.stopped,prime_text.stopped,blank2_bg.started,blank2_bg.stopped,target_text.started,key_resp.started,trial.stopped,trials.key_resp.keys,trials.key_resp.corr,trials.key_resp.rt,trials.key_resp.duration,feedback_correct.started,greenCircle.started,redCrosss.started,blank3_bg.started,greenCircle.stopped,redCrosss.stopped,blank3_bg.stopped,feedback_correct.stopped,thanks.started,text_3.started,participant,session,date,expName,expVersion,psychopyVersion,frameRate,expStart,
,,,,,,,,,,,,,,,,,0.008250541999586858,0.021157750001293607,0.021157750001293607,25.31220125000982,space,25.28791629099578,None,,,,,,,,,,,,,,,,,,,,,,,,,,,s,"001",2025-11-10_20h45.30.570,2nd exp,,2025.2.0,None,2025-11-10 20h45.30.652027 +0530,
The boy can read fast,The boy can read fast,transposition_related,right,0,0,0,right,1,1.4827532079943921,None,0,0,0,2,25.3763750000071,,,,,,,,,25.356033917007153,25.3763750000071,25.610743291996187,25.62117720900278,25.76454245900095,25.805853459009086,25.96289666699886,25.96289666699886,26.062808959002723,26.062808959002723,26.062808959002723,27.557422416997724,right,1,1.4827532079943921,None,27.557702375008375,27.646206334000453,27.646206334000453,27.755625167003018,27.84605449999799,27.84605449999799,28.554864375008037,28.539618334005354,,,s,"001",2025-11-10_20h45.30.570,2nd exp,,2025.2.0,None,2025-11-10 20h45.30.652027 +0530,
They have finished the work,They finished have the work,transposition_related,right,1,1,0,left,0,1.7274384990014369,None,0,1,1,10,28.554864375008037,,,,,,,,,28.549919042008696,28.559479167000973,28.806323416996747,28.806323416996747,29.006082125008106,28.993183541999315,29.19314575000317,29.206103375006933,29.2932539589965,29.306190709001385,29.306190709001385,31.040970417001517,left,0,1.7274384990014369,None,31.041242584004067,31.05296970900963,31.05296970900963,31.23971929200343,31.24616741700447,31.24616741700447,32.03596233400458,32.02305304200854,,,s,"001",2025-11-10_20h45.30.570,2nd exp,,2025.2.0,None,2025-11-10 20h45.30.652027 +0530,
She does not like apples,She does not like apples,repetition_related,right,2,2,0,right,1,1.0140559989959002,None,0,2,2,4,32.03596233400458,,,,,,,,,32.03077079200011,32.040712917005294,32.28967425000155,32.28967425000155,32.4896785000019,32.476051375007955,32.67674658400938,32.68973541700689,32.77673012499872,32.789596041999175,32.789596041999175,33.80799100000877,right,1,1.0140559989959002,None,33.80828795900743,33.81948070900398,33.81948070900398,34.006319709005766,34.012816750007914,34.012816750007914,34.80205670899886,34.78922233400226,,,s,"001",2025-11-10_20h45.30.570,2nd exp,,2025.2.0,None,2025-11-10 20h45.30.652027 +0530,
They have finished the work,They have finished the work,repetition_related,right,3,3,0,right,1,3.827691541009699,None,0,3,3,8,34.80205670899886,,,,,,,,,34.79684483399615,34.80717079200258,35.05630612499954,35.04341662500519,35.256279249995714,35.24323337500391,35.443492709004204,35.45632112500607,35.5434687500092,35.556279249998624,35.556279249998624,39.390785666997544,right,1,3.827691541009699,None,39.391005209006835,39.41536100000667,39.41536100000667,39.58947629200702,39.61093325000547,39.61093325000547,40.386057459007134,40.3729909590038,,,s,"001",2025-11-10_20h45.30.570,2nd exp,,2025.2.0,None,2025-11-10 20h45.30.652027 +0530,
The dog is barking loudly,The dog barking is loudly,transposition_related,right,4,4,0,left,0,2.402722790997359,None,0,4,4,14,40.386057459007134,,,,,,,,,40.38118712500727,40.390398667004774,40.63938679199782,40.62648616700608,40.83943616700708,40.82652895900537,41.02654262499709,41.039447333998396,41.126544375001686,41.13953583400871,41.13953583400871,43.54590008400555,left,0,2.402722790997359,None,43.54613950000203,43.557932249997975,43.557932249997975,43.747678125000675,43.75569700000051,43.75569700000051,44.55222016699554,44.54006054199999,,,s,"001",2025-11-10_20h45.30.570,2nd exp,,2025.2.0,None,2025-11-10 20h45.30.652027 +0530,
The dog is barking loudly,The loudly is barking dog,repetition_unrelated,left,5,5,0,left,1,1.5231998329982162,None,0,5,5,13,44.55222016699554,,,,,,,,,44.54650533400127,44.55222016699554,44.796515584006556,44.796515584006556,44.989633334000246,44.989633334000246,45.17713054199703,45.194168084010016,45.289489750008215,45.29467020899756,45.29467020899756,46.824021292006364,left,1,1.5231998329982162,None,46.824247374999686,46.835229999996955,46.835229999996955,47.022988584009,47.02938570900005,47.02938570900005,47.81542079200153,47.80632025000523,,,s,"001",2025-11-10_20h45.30.570,2nd exp,,2025.2.0,None,2025-11-10 20h45.30.652027 +0530,
The dog is barking loudly,The dog is barking loudly,repetition_related,right,6,6,0,right,1,1.5770865410013357,None,0,6,6,12,47.81542079200153,,,,,,,,,47.8106635419972,47.82120562500495,48.0727487920085,48.05993087500974,48.272754542005714,48.259690375009086,48.45981450000545,48.47278345900122,48.55979179200949,48.57269958400866,48.57269958400866,50.15737629200157,right,1,1.5770865410013357,None,50.157597124998574,50.16871516700485,50.16871516700485,50.35621066699969,50.362610334006604,50.362610334006604,51.151420499998494,51.13932516700879,,,s,"001",2025-11-10_20h45.30.570,2nd exp,,2025.2.0,None,2025-11-10 20h45.30.652027 +0530,
The boy can read fast,The read can boy fast,repetition_unrelated,left,7,7,0,left,1,1.5785990820004372,None,0,7,7,1,51.151420499998494,,,,,,,,,51.146475875008036,51.1569908750098,51.406212500005495,51.39330183400307,51.606201667003916,51.59302933400613,51.79318229200726,51.80619512499834,51.893187749999925,51.906117624996114,51.906117624996114,53.49061000000802,left,1,1.5785990820004372,None,53.49084216699703,53.5012229999993,53.5012229999993,53.6894570000004,53.695832500001416,53.695832500001416,54.48513854200428,54.47290120899561,,,s,"001",2025-11-10_20h45.30.570,2nd exp,,2025.2.0,None,2025-11-10 20h45.30.652027 +0530,
She does not like apples,She not does like apples,repetition_unrelated,left,8,8,0,right,0,2.0630380410002545,None,0,8,8,5,54.48513854200428,,,,,,,,,54.48029370899894,54.490306042003795,54.73943329200847,54.72655379200296,54.93941600000835,54.9266241669975,55.12657233400387,55.13946587500686,55.22648958400532,55.23957679200976,55.23957679200976,57.307277291998616,right,0,2.0630380410002545,None,57.30750333399919,57.31779445899883,57.31779445899883,57.506272166996496,57.51275183400139,57.51275183400139,58.29921008400561,58.28979500000423,,,s,"001",2025-11-10_20h45.30.570,2nd exp,,2025.2.0,None,2025-11-10 20h45.30.652027 +0530,
She does not like apples,She like does apples not,transposition_unrelated,left,9,9,0,left,1,1.4483664160070475,None,0,9,9,7,58.29921008400561,,,,,,,,,58.29429412500758,58.30444254200847,58.5561699999962,58.543104750002385,58.75620908400742,58.74309387500398,58.94319779200305,58.95619525000802,59.043279792007525,59.05614841700299,59.05614841700299,60.507458499996574,left,1,1.4483664160070475,None,60.50768279199838,60.51857333400403,60.51857333400403,60.70611374999862,60.712385834005545,60.712385834005545,61.5022995420004,61.48964562499896,,,s,"001",2025-11-10_20h45.30.570,2nd exp,,2025.2.0,None,2025-11-10 20h45.30.652027 +0530,
The boy can read fast,The read can boy fast,transposition_unrelated,left,10,10,0,left,1,1.6757075820059981,None,0,10,10,3,61.5022995420004,,,,,,,,,61.49736725000548,61.50729033400421,61.756094334006775,61.756094334006775,61.956081666998216,61.943005292007,62.143299917006516,62.156184250008664,62.24315066699637,62.25605758400343,62.25605758400343,63.940632459009066,left,1,1.6757075820059981,None,63.94089399999939,63.95124150000629,63.95124150000629,64.1394988749962,64.14602545900561,64.14602545900561,64.93614175000403,64.92300616700959,,,s,"001",2025-11-10_20h45.30.570,2nd exp,,2025.2.0,None,2025-11-10 20h45.30.652027 +0530,
The dog is barking loudly,The barking dog loudly is,transposition_unrelated,left,11,11,0,left,1,2.6136282910010777,None,0,11,11,15,64.93614175000403,,,,,,,,,64.93130562499573,64.94047158400645,65.18946850000066,65.17657454199798,65.38947720899887,65.37639383399801,65.57636191700294,65.58946512499824,65.67647900000156,65.68940550000116,65.68940550000116,68.30745575000765,left,1,2.6136282910010777,None,68.30767916700279,68.31838904200413,68.31838904200413,68.50608266700874,68.51257429200632,68.51257429200632,69.30314808399999,69.2896225000004,,,s,"001",2025-11-10_20h45.30.570,2nd exp,,2025.2.0,None,2025-11-10 20h45.30.652027 +0530,
She does not like apples,She not does like apples,transposition_related,right,12,12,0,left,0,1.1324323329899926,None,0,12,12,6,69.30314808399999,,,,,,,,,69.2980941249989,69.3076007089985,69.55605283399927,69.55605283399927,69.75602070899913,69.74309491700842,69.94335899999714,69.95599391699943,70.04354345900356,70.05617612499918,70.05617612499918,71.19064625000465,left,0,1.1324323329899926,None,71.19087520900939,71.20133783400524,71.20133783400524,71.38942820900411,71.39584333400126,71.39584333400126,72.186187875006,72.17299429200648,,,s,"001",2025-11-10_20h45.30.570,2nd exp,,2025.2.0,None,2025-11-10 20h45.30.652027 +0530,
They have finished the work,They finished have the work,repetition_unrelated,left,13,13,0,left,1,1.5205425819876837,None,0,13,13,9,72.186187875006,,,,,,,,,72.18130625000049,72.19061074999627,72.43936695900629,72.43936695900629,72.63938575000793,72.62632412499806,72.82653895900876,72.83942554199893,72.92642670900386,72.93899004200648,72.93899004200648,74.4629034170066,left,1,1.5205425819876837,None,74.46313187500346,74.47455275000539,74.47455275000539,74.66348812500655,74.6711117090017,74.6711117090017,75.46600820899766,75.45632833399577,,,s,"001",2025-11-10_20h45.30.570,2nd exp,,2025.2.0,None,2025-11-10 20h45.30.652027 +0530,
They have finished the work,They work the have finished,transposition_unrelated,left,14,14,0,left,1,1.9542522490082774,None,0,14,14,11,75.46600820899766,,,,,,,,,75.46062966700993,75.46600820899766,75.71190087500145,75.71190087500145,75.9059688749985,75.9059688749985,76.0930897500075,76.11067108399584,76.20608854200691,76.21113520899962,76.21113520899962,78.17401450000762,left,1,1.9542522490082774,None,78.1742435000051,78.18557429200155,78.18557429200155,78.37286050000694,78.37923779200355,78.37923779200355,79.17514616700646,79.16227112500928,,,s,"001",2025-11-10_20h45.30.570,2nd exp,,2025.2.0,None,2025-11-10 20h45.30.652027 +0530,
The boy can read fast,The boy can read fast,repetition_related,right,15,15,0,left,0,1.2586072490084916,None,0,15,15,0,79.17514616700646,,,,,,,,,79.16958841700398,79.17514616700646,79.4227952920046,79.4227952920046,79.62272749999829,79.60969075000321,79.80981929200061,79.82266800000798,79.90985275000276,79.92275037500076,79.92275037500076,81.19071079199784,left,0,1.2586072490084916,None,81.19094358400616,81.20112912500917,81.20112912500917,81.38940245899721,81.39589854200312,81.39589854200312,82.18168833400705,82.17229116700764,,,s,"001",2025-11-10_20h45.30.570,2nd exp,,2025.2.0,None,2025-11-10 20h45.30.652027 +0530,
The boy can read fast,The read can boy fast,repetition_unrelated,left,16,0,1,left,1,2.216587791001075,None,1,0,16,1,82.18168833400705,,,,,,,,,82.17668650000996,82.18834983400302,82.43979600000603,82.42689270900155,82.6398114170006,82.62713649999932,82.82692741700157,82.8396027090057,82.92700587499712,82.93958104199555,82.93958104199555,85.16208666699822,left,1,2.216587791001075,None,85.16232350000064,85.17439262500557,85.17439262500557,85.36357079200388,85.37153541699809,85.37153541699809,86.16157391700835,86.15624083399598,,,s,"001",2025-11-10_20h45.30.570,2nd exp,,2025.2.0,None,2025-11-10 20h45.30.652027 +0530,
The boy can read fast,The read can boy fast,transposition_unrelated,left,17,1,1,left,1,1.7824089159985306,None,1,1,17,3,86.16157391700835,,,,,,,,,86.15650662500411,86.16157391700835,86.41242483400856,86.41242483400856,86.60600129200611,86.60600129200611,86.79317895900749,86.81077883399848,86.90599562499847,86.91080091700132,86.91080091700132,88.69487483400735,left,1,1.7824089159985306,None,88.69509933399968,88.70571020900388,88.70571020900388,88.89616766700055,88.89616766700055,88.89616766700055,89.69258650000847,89.67923970900301,,,s,"001",2025-11-10_20h45.30.570,2nd exp,,2025.2.0,None,2025-11-10 20h45.30.652027 +0530,
The dog is barking loudly,The loudly is barking dog,repetition_unrelated,left,18,2,1,left,1,1.531028999001137,None,1,2,18,13,89.69258650000847,,,,,,,,,89.68743162500323,89.69258650000847,89.94568045900087,89.93931662500836,90.13923795899609,90.13923795899609,90.32648029200209,90.34407558399835,90.43933516700054,90.44510725000873,90.44510725000873,91.98006375000114,left,1,1.531028999001137,None,91.98029912500351,91.99096916700364,91.99096916700364,92.18008687499969,92.18820104200859,92.18820104200859,92.97651925000537,92.96288550000463,,,s,"001",2025-11-10_20h45.30.570,2nd exp,,2025.2.0,None,2025-11-10 20h45.30.652027 +0530,
They have finished the work,They have finished the work,repetition_related,right,19,3,1,right,1,1.8610696660034591,None,1,3,19,8,92.97651925000537,,,,,,,,,92.97136424999917,92.97651925000537,93.22906562499702,93.22267400000419,93.42761812500248,93.42265033400327,93.62624795900774,93.62624795900774,93.72209170900169,93.72690587500983,93.72690587500983,95.59062529199582,right,1,1.8610696660034591,None,95.59085554200283,95.60179704200709,95.60179704200709,95.78955675000907,95.7961070839956,95.7961070839956,96.58661654200114,96.57305016700411,,,s,"001",2025-11-10_20h45.30.570,2nd exp,,2025.2.0,None,2025-11-10 20h45.30.652027 +0530,
She does not like apples,She not does like apples,repetition_unrelated,left,20,4,1,left,1,2.9101047909935005,None,1,4,20,5,96.58661654200114,,,,,,,,,96.58125883400498,96.59122670900251,96.83947783400072,96.83947783400072,97.03950466700189,97.02582720899954,97.22642712500237,97.23951670899987,97.3266220420046,97.33941870900162,97.33941870900162,100.25736837500881,left,1,2.9101047909935005,None,100.25759779200598,100.26868958400155,100.26868958400155,100.45622712500335,100.46282691700617,100.46282691700617,101.25284787500277,101.23911137500545,,,s,"001",2025-11-10_20h45.30.570,2nd exp,,2025.2.0,None,2025-11-10 20h45.30.652027 +0530,
They have finished the work,They finished have the work,repetition_unrelated,left,21,5,1,left,1,2.198955998988822,None,1,5,21,9,101.25284787500277,,,,,,,,,101.24759675000678,101.25754941700143,101.50624454200442,101.50624454200442,101.70617837499594,101.6931325839978,101.89327429200057,101.90608741700999,101.99333366700739,102.00612775000627,102.00612775000627,104.20729383399885,left,1,2.198955998988822,None,104.2075238749967,104.21864775000722,104.21864775000722,104.4061362920038,104.41271279200737,104.41271279200737,105.20230554199952,105.18902729199908,,,s,"001",2025-11-10_20h45.30.570,2nd exp,,2025.2.0,None,2025-11-10 20h45.30.652027 +0530,
The boy can read fast,The boy can read fast,repetition_related,right,22,6,1,right,1,1.1197821240057237,None,1,6,22,0,105.20230554199952,,,,,,,,,105.19708058399556,105.20719450000615,105.45609662499919,105.45609662499919,105.656119709005,105.64267208400997,105.84348691700143,105.8561315840052,105.94323612500739,105.95622091699624,105.95622091699624,107.07865591700829,right,1,1.1197821240057237,None,107.07889320900722,107.09114233400032,107.09114233400032,107.27997945899551,107.28788754199923,107.28788754199923,108.08637504199578,108.07279491699592,,,s,"001",2025-11-10_20h45.30.570,2nd exp,,2025.2.0,None,2025-11-10 20h45.30.652027 +0530,
She does not like apples,She not does like apples,transposition_related,right,23,7,1,left,0,2.5449687910004286,None,1,7,23,6,108.08637504199578,,,,,,,,,108.08093374999589,108.08637504199578,108.32894837499771,108.32894837499771,108.52263049999601,108.52263049999601,108.70984691700141,108.72737125000276,108.8227505840041,108.82784266700037,108.82784266700037,111.37907966700732,left,0,2.5449687910004286,None,111.37932800000999,111.40571579200332,111.40571579200332,111.58130066700687,111.60600225000235,111.60600225000235,112.38695295900106,112.37291375000495,,,s,"001",2025-11-10_20h45.30.570,2nd exp,,2025.2.0,None,2025-11-10 20h45.30.652027 +0530,
They have finished the work,They work the have finished,transposition_unrelated,left,24,8,1,left,1,2.291668124991702,None,1,8,24,11,112.38695295900106,,,,,,,,,112.38131491700187,112.38695295900106,112.62912016699556,112.62912016699556,112.8226323340059,112.8226323340059,113.0095045420021,113.02748545900977,113.12266208400251,113.12771612500364,113.12771612500364,115.42392466700403,left,1,2.291668124991702,None,115.42416045900609,115.43458345900581,115.43458345900581,115.62276891700458,115.62923237500945,115.62923237500945,116.41549804199894,116.40613658400252,,,s,"001",2025-11-10_20h45.30.570,2nd exp,,2025.2.0,None,2025-11-10 20h45.30.652027 +0530,
They have finished the work,They finished have the work,transposition_related,right,25,9,1,left,0,2.143327333003981,None,1,9,25,10,116.41549804199894,,,,,,,,,116.41060175000166,116.4209924589959,116.67272670900275,116.65987108400441,116.87275816699548,116.85974450000504,117.06012554200424,117.07269204199838,117.15893845900428,117.17186445900006,117.17186445900006,119.32413791700674,left,0,2.143327333003981,None,119.3244665000093,119.3372456250072,119.3372456250072,119.52265025000088,119.52953766699648,119.52953766699648,120.32466066699999,120.31107366700599,,,s,"001",2025-11-10_20h45.30.570,2nd exp,,2025.2.0,None,2025-11-10 20h45.30.652027 +0530,
The boy can read fast,The boy can read fast,transposition_related,right,26,10,1,right,1,2.4976239160023397,None,1,10,26,2,120.32466066699999,,,,,,,,,120.31824950000737,120.32466066699999,120.5727990000014,120.5727990000014,120.77265554200858,120.75943158399605,120.95985687500797,120.9726469169982,121.05962833399826,121.07276329200249,121.07276329200249,123.57379333399876,right,1,2.4976239160023397,None,123.57407933400827,123.58445941700484,123.58445941700484,123.77250570899923,123.77891170899966,123.77891170899966,124.56884245900437,124.5562995000073,,,s,"001",2025-11-10_20h45.30.570,2nd exp,,2025.2.0,None,2025-11-10 20h45.30.652027 +0530,
The dog is barking loudly,The dog barking is loudly,transposition_related,right,27,11,1,left,0,2.1773690410045674,None,1,11,27,14,124.56884245900437,,,,,,,,,124.56381091699586,124.5738065839978,124.82266737500322,124.82266737500322,125.02268262500002,125.00950362499862,125.2098389169987,125.22265062500082,125.30976662499597,125.32261250000738,125.32261250000738,127.50712941700476,left,0,2.1773690410045674,None,127.50736329199572,127.51779229199747,127.51779229199747,127.70602337500895,127.71282458399946,127.71282458399946,128.49875025000074,128.48954179200518,,,s,"001",2025-11-10_20h45.30.570,2nd exp,,2025.2.0,None,2025-11-10 20h45.30.652027 +0530,
The dog is barking loudly,The dog is barking loudly,repetition_related,right,28,12,1,right,1,1.4689359580079326,None,1,12,28,12,128.49875025000074,,,,,,,,,128.49395620900032,128.50431858400407,128.75598462500784,128.74303195900575,128.95598758400592,128.94308245900902,129.1431817499979,129.15597816700756,129.24298754200572,129.2559257499961,129.2559257499961,130.7295687500009,right,1,1.4689359580079326,None,130.72989733400755,130.74166166700888,130.74166166700888,130.93051762500545,130.93789683400246,130.93789683400246,131.73735245900752,131.72306262500933,,,s,"001",2025-11-10_20h45.30.570,2nd exp,,2025.2.0,None,2025-11-10 20h45.30.652027 +0530,
She does not like apples,She like does apples not,transposition_unrelated,left,29,13,1,left,1,1.4970821249880828,None,1,13,29,7,131.73735245900752,,,,,,,,,131.7316572090058,131.73735245900752,131.97905091699795,131.97905091699795,132.17274833400734,132.17274833400734,132.36021037500177,132.3782810420089,132.4728896250017,132.47860833400046,132.47860833400046,133.97837562499626,left,1,1.4970821249880828,None,133.9786064170039,133.98884583399922,133.98884583399922,134.17926129199623,134.17926129199623,134.17926129199623,134.9720264589996,134.96240658400347,,,s,"001",2025-11-10_20h45.30.570,2nd exp,,2025.2.0,None,2025-11-10 20h45.30.652027 +0530,
She does not like apples,She does not like apples,repetition_related,right,30,14,1,right,1,1.0752935830096249,None,1,14,30,4,134.9720264589996,,,,,,,,,134.96649766700284,134.9720264589996,135.22921195899835,135.2097831669962,135.42264120900654,135.42264120900654,135.60959375000675,135.62741641700268,135.7225882089988,135.7293829590053,135.7293829590053,136.8070827920019,right,1,1.0752935830096249,None,136.8073138339969,136.81779758400808,136.81779758400808,137.00596020900412,137.01236445900577,137.01236445900577,137.80188250000356,137.78955120900355,,,s,"001",2025-11-10_20h45.30.570,2nd exp,,2025.2.0,None,2025-11-10 20h45.30.652027 +0530,
The dog is barking loudly,The barking dog loudly is,transposition_unrelated,left,31,15,1,left,1,1.1385382909938926,None,1,15,31,15,137.80188250000356,,,,,,,,,137.7969385000033,137.8070257500076,138.05589891700947,138.05589891700947,138.25596687500365,138.24336170899915,138.44304533400282,138.45622320899565,138.54299345900654,138.55606650000846,138.55606650000846,139.7073683339986,left,1,1.1385382909938926,None,139.70760991700809,139.7181615419977,139.7181615419977,139.9062787090079,139.91324820900627,139.91324820900627,140.701421167003,140.68952108400117,,,s,"001",2025-11-10_20h45.30.570,2nd exp,,2025.2.0,None,2025-11-10 20h45.30.652027 +0530,
The boy can read fast,The boy can read fast,repetition_related,right,32,0,2,right,1,0.7944854999950621,None,2,0,32,0,140.701421167003,,,,,,,,,140.69659820900415,140.70710145900375,140.95590220899612,140.95590220899612,141.1559132090042,141.1431643340038,141.34316133400716,141.3559450419998,141.4432483749988,141.45609062499716,141.45609062499716,142.25710987500497,right,1,0.7944854999950621,None,142.25733441700868,142.26769758400042,142.26769758400042,142.45597466699837,142.46251662500435,142.46251662500435,143.25159200000053,143.23943095900177,,,s,"001",2025-11-10_20h45.30.570,2nd exp,,2025.2.0,None,2025-11-10 20h45.30.652027 +0530,
She does not like apples,She like does apples not,transposition_unrelated,left,33,1,2,left,1,1.4534512489917688,None,2,1,33,7,143.25159200000053,,,,,,,,,143.2467568340071,143.2570127920044,143.5061110000097,143.5061110000097,143.70592391700484,143.69302058400353,143.8930475840025,143.90591162499913,143.99317362500005,144.00604479199683,144.00604479199683,145.46180054200522,left,1,1.4534512489917688,None,145.46202670900675,145.47220370899595,145.47220370899595,145.66251795900462,145.66251795900462,145.66251795900462,146.45882954199624,146.44578495899623,,,s,"001",2025-11-10_20h45.30.570,2nd exp,,2025.2.0,None,2025-11-10 20h45.30.652027 +0530,
They have finished the work,They work the have finished,transposition_unrelated,left,34,2,2,left,1,1.3264747909997823,None,2,2,34,11,146.45882954199624,,,,,,,,,146.45391570900392,146.45882954199624,146.71239187500032,146.70600054200622,146.90598783400492,146.90598783400492,147.0929797090066,147.11123845900875,147.20591020899883,147.21095420900383,147.21095420900383,148.54041912499815,left,1,1.3264747909997823,None,148.54063595899788,148.55057583400048,148.55057583400048,148.73940287499863,148.7457700840023,148.7457700840023,149.5351795000024,149.5227492920094,,,s,"001",2025-11-10_20h45.30.570,2nd exp,,2025.2.0,None,2025-11-10 20h45.30.652027 +0530,
The boy can read fast,The boy can read fast,transposition_related,right,35,3,2,right,1,1.2389490409987047,None,2,3,35,2,149.5351795000024,,,,,,,,,149.530442999996,149.539992334001,149.78936850000173,149.77646362500673,149.98936675000004,149.9761799590051,150.176130250009,150.1893123339978,150.27659145899815,150.28930820900132,150.28930820900132,151.54042733401002,right,1,1.2389490409987047,None,151.54065241699573,151.55078987500747,151.55078987500747,151.73893845900602,151.74519899999723,151.74519899999723,152.53530925000086,152.5225027090055,,,s,"001",2025-11-10_20h45.30.570,2nd exp,,2025.2.0,None,2025-11-10 20h45.30.652027 +0530,
They have finished the work,They finished have the work,repetition_unrelated,left,36,4,2,left,1,1.4268237079959363,None,2,4,36,9,152.53530925000086,,,,,,,,,152.53063233400462,152.5402514590096,152.7892434999958,152.77628600000753,152.98924562500906,152.9760862920084,153.17636908400164,153.189291667004,153.27634083399607,153.28938529200968,153.28938529200968,154.72370354199666,left,1,1.4268237079959363,None,154.7239318339998,154.73408599999675,154.73408599999675,154.9225805419992,154.92894833399623,154.92894833399623,155.71915158400952,155.7061015000072,,,s,"001",2025-11-10_20h45.30.570,2nd exp,,2025.2.0,None,2025-11-10 20h45.30.652027 +0530,
The dog is barking loudly,The dog is barking loudly,repetition_related,right,37,5,2,left,0,0.9734757910046028,None,2,5,37,12,155.71915158400952,,,,,,,,,155.71423695900012,155.723951167005,155.97269458400842,155.97269458400842,156.17254554200917,156.15976170900103,156.3597379999992,156.37256254200474,156.45988491699973,156.47267275000922,156.47267275000922,157.45706879200588,left,0,0.9734757910046028,None,157.45729649999703,157.4677146670001,157.4677146670001,157.65469704200223,157.66100912500406,157.66100912500406,158.4528160839982,158.43971237500955,,,s,"001",2025-11-10_20h45.30.570,2nd exp,,2025.2.0,None,2025-11-10 20h45.30.652027 +0530,
She does not like apples,She not does like apples,transposition_related,right,38,6,2,right,1,1.4292162909987383,None,2,6,38,6,158.4528160839982,,,,,,,,,158.44799654200324,158.45727308400092,158.7061180419987,158.7061180419987,158.90594320899982,158.89296258399554,159.09306716700667,159.10596079200332,159.19299304200104,159.20586312499654,159.20586312499654,160.64033262500016,right,1,1.4292162909987383,None,160.64056600000185,160.65078970900504,160.65078970900504,160.83926449999854,160.84564404199773,160.84564404199773,161.63598804200592,161.6227627920016,,,s,"001",2025-11-10_20h45.30.570,2nd exp,,2025.2.0,None,2025-11-10 20h45.30.652027 +0530,
The dog is barking loudly,The loudly is barking dog,repetition_unrelated,left,39,7,2,left,1,2.944343248993391,None,2,7,39,13,161.63598804200592,,,,,,,,,161.63103687499824,161.6403141250048,161.88919366699702,161.88919366699702,162.08922608400462,162.07601591700222,162.2763873750082,162.28923275000125,162.3764424999972,162.3893378339999,162.3893378339999,165.3404019590089,left,1,2.944343248993391,None,165.340633084008,165.35095083400665,165.35095083400665,165.53941637500247,165.5457925840019,165.5457925840019,166.33585141699587,166.32281208400673,,,s,"001",2025-11-10_20h45.30.570,2nd exp,,2025.2.0,None,2025-11-10 20h45.30.652027 +0530,
The boy can read fast,The read can boy fast,repetition_unrelated,left,40,8,2,left,1,1.5930026239948347,None,2,8,40,1,166.33585141699587,,,,,,,,,166.33082158400794,166.3407421669981,166.58930820900423,166.58930820900423,166.78933966699697,166.7761173750041,166.97636316700664,166.98937291699986,167.0764002920041,167.08927812500042,167.08927812500042,168.69058187500923,left,1,1.5930026239948347,None,168.69081145900418,168.70118279200688,168.70118279200688,168.88925237499643,168.89563337499567,168.89563337499567,169.6860543340008,169.67278808400442,,,s,"001",2025-11-10_20h45.30.570,2nd exp,,2025.2.0,None,2025-11-10 20h45.30.652027 +0530,
She does not like apples,She does not like apples,repetition_related,right,41,9,2,right,1,1.1110816240106942,None,2,9,41,4,169.6860543340008,,,,,,,,,169.68113195900514,169.69049416700727,169.93941516699851,169.93941516699851,170.13923495900235,170.12615604200982,170.32646116700198,170.33933408399753,170.426315625009,170.4391449590039,170.4391449590039,171.55707716700272,right,1,1.1110816240106942,None,171.55730533400492,171.56772345899662,171.56772345899662,171.75568524999835,171.76187550000031,171.76187550000031,172.54848637500254,172.53952929200022,,,s,"001",2025-11-10_20h45.30.570,2nd exp,,2025.2.0,None,2025-11-10 20h45.30.652027 +0530,
She does not like apples,She not does like apples,repetition_unrelated,left,42,10,2,left,1,0.9822404570004437,None,2,10,42,5,172.54848637500254,,,,,,,,,172.54367616699892,172.5542617089959,172.80591054199613,172.79303116700612,173.00594891700894,172.9929049170023,173.19314429200313,173.20595208399754,173.29297758400207,173.3058877500007,173.3058877500007,174.29029341699788,left,1,0.9822404570004437,None,174.29052287500235,174.30088700000488,174.30088700000488,174.48918324999977,174.49556500000472,174.49556500000472,175.2844374999986,175.2724524170044,,,s,"001",2025-11-10_20h45.30.570,2nd exp,,2025.2.0,None,2025-11-10 20h45.30.652027 +0530,
The boy can read fast,The read can boy fast,transposition_unrelated,left,43,11,2,left,1,1.377773915999569,None,2,11,43,3,175.2844374999986,,,,,,,,,175.27952541700506,175.29041941699688,175.53930400000536,175.53930400000536,175.73933804199623,175.726315042004,175.92626558399934,175.93918304200633,176.02636966700084,176.039291167006,176.039291167006,177.42400475000613,left,1,1.377773915999569,None,177.42425904200354,177.43585041700862,177.43585041700862,177.62301012499665,177.63096937500814,177.63096937500814,178.41935362500953,178.4058897089999,,,s,"001",2025-11-10_20h45.30.570,2nd exp,,2025.2.0,None,2025-11-10 20h45.30.652027 +0530,
The dog is barking loudly,The dog barking is loudly,transposition_related,right,44,12,2,right,1,1.5431837079959223,None,2,12,44,14,178.41935362500953,,,,,,,,,178.4137630000041,178.42500462500902,178.67251945899625,178.67251945899625,178.8727623750019,178.85961912499624,179.05972637500963,179.0728113750083,179.1599101669999,179.17271904200607,179.17271904200607,180.72385654199752,right,1,1.5431837079959223,None,180.72412895900197,180.73449545900803,180.73449545900803,180.91421116700803,180.9272604590078,180.9272604590078,181.71449774999928,181.7047367089981,,,s,"001",2025-11-10_20h45.30.570,2nd exp,,2025.2.0,None,2025-11-10 20h45.30.652027 +0530,
The dog is barking loudly,The barking dog loudly is,transposition_unrelated,left,45,13,2,left,1,1.319892040992272,None,2,13,45,15,181.71449774999928,,,,,,,,,181.7093147090054,181.72100370899716,181.9727125000063,181.95982141699642,182.17273074999684,182.15959916700376,182.36004379199585,182.37275599999703,182.46061712500523,182.47295783400477,182.47295783400477,183.79500974999974,left,1,1.319892040992272,None,183.79528658400523,183.80510825000238,183.80510825000238,183.9886881249986,183.99586545900092,183.99586545900092,184.79131166700972,184.77377129200613,,,s,"001",2025-11-10_20h45.30.570,2nd exp,,2025.2.0,None,2025-11-10 20h45.30.652027 +0530,
They have finished the work,They have finished the work,repetition_related,right,46,14,2,right,1,1.6934222070121905,None,2,14,46,8,184.79131166700972,,,,,,,,,184.78522012500616,184.80601508400287,185.03940100000182,185.04694400000153,185.23950545900152,185.23950545900152,185.4271923339984,185.44623791699996,185.54438770900015,185.53933987500204,185.53933987500204,187.24103066700627,right,1,1.6934222070121905,None,187.24144300000626,187.25357337499736,187.25357337499736,187.43838800000958,187.44599862500036,187.44599862500036,188.23330329199962,188.22212083400518,,,s,"001",2025-11-10_20h45.30.570,2nd exp,,2025.2.0,None,2025-11-10 20h45.30.652027 +0530,
They have finished the work,They finished have the work,transposition_related,right,47,15,2,left,0,1.2782714990025852,None,2,15,47,10,188.23330329199962,,,,,,,,,188.22790537500987,188.25595783400058,188.48854708400904,188.49620999999752,188.68955679200008,188.67675229199813,188.8772017500014,188.8892692500085,188.97754750000604,188.98944504199608,188.98944504199608,190.2737216670066,left,0,1.2782714990025852,None,190.2741890000034,190.28212124999845,190.28212124999845,190.47169354200014,190.47856145900732,190.47856145900732,191.26941383400117,191.25575712500722,,,s,"001",2025-11-10_20h45.30.570,2nd exp,,2025.2.0,None,2025-11-10 20h45.30.652027 +0530,
She does not like apples,She not does like apples,repetition_unrelated,left,48,0,3,left,1,2.556924665987026,None,3,0,48,5,191.26941383400117,,,,,,,,,191.26442654200946,191.27429987500363,191.51529608400597,191.5226825419959,191.72270829199988,191.70966983400285,191.91012241700082,191.9225825839967,192.0111965840042,192.0224662499968,192.0224662499968,194.580881959002,left,1,2.556924665987026,None,194.58115812500182,194.5922292089963,194.5922292089963,194.7822087090026,194.7882869169989,194.7882869169989,195.58923345900257,195.5731027090078,,,s,"001",2025-11-10_20h45.30.570,2nd exp,,2025.2.0,None,2025-11-10 20h45.30.652027 +0530,
The dog is barking loudly,The dog is barking loudly,repetition_related,right,49,1,3,right,1,0.8972570410114713,None,3,1,49,12,195.58923345900257,,,,,,,,,195.58384908399603,195.58923345900257,195.829799041996,195.829799041996,196.02935720900132,196.02269304200308,196.22236504200555,196.22827058400435,196.32259725000768,196.3287100000016,196.3287100000016,197.22826212500513,right,1,0.8972570410114713,None,197.22860983399733,197.24108970900124,197.24108970900124,197.42943258400192,197.43781175000186,197.43781175000186,198.23813254199922,198.22280537500046,,,s,"001",2025-11-10_20h45.30.570,2nd exp,,2025.2.0,None,2025-11-10 20h45.30.652027 +0530,
The boy can read fast,The boy can read fast,transposition_related,right,50,2,3,right,1,1.109174958008225,None,3,2,50,2,198.23813254199922,,,,,,,,,198.23254729200562,198.23813254199922,198.47235083399573,198.48036658400088,198.67967887500708,198.6604465420096,198.8783296670008,198.8724248340004,198.96005712500482,198.97874929200043,198.97874929200043,200.0903016670054,right,1,1.109174958008225,None,200.09056725000846,200.10198387500714,200.10198387500714,200.28757954199682,200.29462025000248,200.29462025000248,201.08870420900348,201.07293604200822,,,s,"001",2025-11-10_20h45.30.570,2nd exp,,2025.2.0,None,2025-11-10 20h45.30.652027 +0530,
The dog is barking loudly,The barking dog loudly is,transposition_unrelated,left,51,3,3,left,1,0.9116966659930767,None,3,3,51,15,201.08870420900348,,,,,,,,,201.08379516699642,201.09325479200925,201.33904812500987,201.33904812500987,201.5393022920034,201.52656216699688,201.72779008399812,201.7393869170046,201.8264157090016,201.83922458400775,201.83922458400775,202.75720558399917,left,1,0.9116966659930767,None,202.75759337500494,202.76917700000922,202.76917700000922,202.955642084009,202.9626823340077,202.9626823340077,203.75374924999778,203.73868312500417,,,s,"001",2025-11-10_20h45.30.570,2nd exp,,2025.2.0,None,2025-11-10 20h45.30.652027 +0530,
The boy can read fast,The boy can read fast,repetition_related,right,52,4,3,right,1,1.2777780409960542,None,3,4,52,0,203.75374924999778,,,,,,,,,203.74909333400137,203.7583467920049,204.00581008399604,204.00581008399604,204.20581429199956,204.19326966699737,204.39448887499748,204.40589641699626,204.4944114999962,204.50596683399635,204.50596683399635,205.7915171670029,right,1,1.2777780409960542,None,205.79213141700893,205.8041195840051,205.8041195840051,205.987624625006,205.99535837500298,205.99535837500298,206.78662570900633,206.77163895900594,,,s,"001",2025-11-10_20h45.30.570,2nd exp,,2025.2.0,None,2025-11-10 20h45.30.652027 +0530,
She does not like apples,She not does like apples,transposition_related,right,53,5,3,left,0,0.7539226660010172,None,3,5,53,6,206.78662570900633,,,,,,,,,206.78189725000993,206.79096825000306,207.03932599999825,207.03932599999825,207.23910608400183,207.23910608400183,207.42788979200122,207.4391262499994,207.5279927090014,207.53877537499648,207.53877537499648,208.29682079200575,left,0,0.7539226660010172,None,208.2971638750023,208.3084484590072,208.3084484590072,208.49715562500933,208.5042444169958,208.5042444169958,209.29734416700376,209.28120970900636,,,s,"001",2025-11-10_20h45.30.570,2nd exp,,2025.2.0,None,2025-11-10 20h45.30.652027 +0530,
The dog is barking loudly,The loudly is barking dog,repetition_unrelated,left,54,6,3,left,1,1.4759284580068197,None,3,6,54,13,209.29734416700376,,,,,,,,,209.29190104200097,209.29734416700376,209.5477568750066,209.5477568750066,209.73750062500767,209.73750062500767,209.9272494589968,209.94525395899836,210.03910145899863,210.04568125000515,210.04568125000515,211.52389754200703,left,1,1.4759284580068197,None,211.52426691699657,211.53602558400598,211.53602558400598,211.72087483400537,211.72729654199793,211.72729654199793,212.52228691699565,212.5060567920009,,,s,"001",2025-11-10_20h45.30.570,2nd exp,,2025.2.0,None,2025-11-10 20h45.30.652027 +0530,
They have finished the work,They finished have the work,transposition_related,right,55,7,3,left,0,2.4658402079949155,None,3,7,55,10,212.52228691699565,,,,,,,,,212.51696341700153,212.5261020839971,212.77205470899935,212.77205470899935,212.97236916700786,212.97236916700786,213.16137575000175,213.1724159590085,213.261020542006,213.27242162500625,213.27242162500625,215.7412860839977,left,0,2.4658402079949155,None,215.74190312500286,215.7534012499964,215.7534012499964,215.937569583999,215.94454441699781,215.94454441699781,216.7391719169973,216.7230270840082,,,s,"001",2025-11-10_20h45.30.570,2nd exp,,2025.2.0,None,2025-11-10 20h45.30.652027 +0530,
She does not like apples,She like does apples not,transposition_unrelated,left,56,8,3,left,1,2.4841849579970585,None,3,8,56,7,216.7391719169973,,,,,,,,,216.734441624998,216.75579270900926,216.98922879200836,216.99764758400852,217.18924320900987,217.1766048749996,217.37614950000716,217.38924454200605,217.47728683400783,217.48916933400324,217.48916933400324,219.9798996669997,left,1,2.4841849579970585,None,219.98018704200513,219.99167345900787,219.99167345900787,220.1818209589983,220.1881225840043,220.1881225840043,220.99100216700754,220.9730862090073,,,s,"001",2025-11-10_20h45.30.570,2nd exp,,2025.2.0,None,2025-11-10 20h45.30.652027 +0530,
The dog is barking loudly,The dog barking is loudly,transposition_related,right,57,9,3,left,0,2.027491500004544,None,3,9,57,14,220.99100216700754,,,,,,,,,220.9857759590086,220.99100216700754,221.23137020900322,221.2380688340054,221.42175254200993,221.42641000000003,221.60984074999578,221.62540900000022,221.72163516700675,221.72644245899573,221.72644245899573,223.7573189590039,left,0,2.027491500004544,None,223.75772258400684,223.77039854200848,223.77039854200848,223.9541940420022,223.96226000000024,223.96226000000024,224.92374358400411,224.7384774999955,,,s,"001",2025-11-10_20h45.30.570,2nd exp,,2025.2.0,None,2025-11-10 20h45.30.652027 +0530,
They have finished the work,They have finished the work,repetition_related,right,58,10,3,right,1,1.1679251250025118,None,3,10,58,8,224.92374358400411,,,,,,,,,224.9182317090017,224.92374358400411,225.0046115419973,225.171514458998,225.20552150000003,225.19261199999892,225.39426841700333,225.40577166700677,225.49398866700358,225.50599737500306,225.50599737500306,226.67986008399748,right,1,1.1679251250025118,None,226.6801469589991,226.69113020900113,226.69113020900113,226.88117283400788,226.88740508400952,226.88740508400952,227.68465633400774,227.6718862090056,,,s,"001",2025-11-10_20h45.30.570,2nd exp,,2025.2.0,None,2025-11-10 20h45.30.652027 +0530,
They have finished the work,They finished have the work,repetition_unrelated,left,59,11,3,left,1,1.7198836660099914,None,3,11,59,9,227.68465633400774,,,,,,,,,227.67938879200665,227.68465633400774,227.9298953749967,227.9298953749967,228.12254908400064,228.12254908400064,228.31066400000418,228.3287905420002,228.422279624996,228.42896454200672,228.42896454200672,230.15800216700882,left,1,1.7198836660099914,None,230.1586446250003,230.17034741700627,230.17034741700627,230.3547081249999,230.36219008400803,230.36219008400803,231.15348325000377,231.13943895899865,,,s,"001",2025-11-10_20h45.30.570,2nd exp,,2025.2.0,None,2025-11-10 20h45.30.652027 +0530,
The boy can read fast,The read can boy fast,repetition_unrelated,left,60,12,3,left,1,1.7489155830116943,None,3,12,60,1,231.15348325000377,,,,,,,,,231.1486638750066,231.15803479200986,231.40574712499802,231.40574712499802,231.6057939589955,231.59333254200465,231.79421245900448,231.80568750000384,231.89379820899921,231.90570562500216,231.90570562500216,233.65785862499615,left,1,1.7489155830116943,None,233.6584046670032,233.66994383400015,233.66994383400015,233.85462537499552,233.86138908400608,233.86138908400608,234.65310550000868,234.63916700000118,,,s,"001",2025-11-10_20h45.30.570,2nd exp,,2025.2.0,None,2025-11-10 20h45.30.652027 +0530,
She does not like apples,She does not like apples,repetition_related,right,61,13,3,right,1,1.3669273740088101,None,3,13,61,4,234.65310550000868,,,,,,,,,234.64833183400333,234.65701133399853,234.90578270900005,234.90578270900005,235.10577662500145,235.09346233399992,235.294245416997,235.30555600000662,235.39423183399776,235.40573475000565,235.40573475000565,236.77998383399972,right,1,1.3669273740088101,None,236.78026487500756,236.79116120899562,236.79116120899562,236.98076383399894,236.98798750000424,236.98798750000424,237.78991708399553,237.77331754199986,,,s,"001",2025-11-10_20h45.30.570,2nd exp,,2025.2.0,None,2025-11-10 20h45.30.652027 +0530,
They have finished the work,They work the have finished,transposition_unrelated,left,62,14,3,left,1,1.2125869160081493,None,3,14,62,11,237.78991708399553,,,,,,,,,237.7844327089988,237.78991708399553,238.03081479200046,238.03081479200046,238.22845350000716,238.22845350000716,238.42238874999748,238.42843691700546,238.5224490420078,238.5290635840065,238.5290635840065,239.74687037500553,left,1,1.2125869160081493,None,239.74715016700793,239.75833429199702,239.75833429199702,239.94754654199642,239.95475229200383,239.95475229200383,240.75502645900997,240.7397069169965,,,s,"001",2025-11-10_20h45.30.570,2nd exp,,2025.2.0,None,2025-11-10 20h45.30.652027 +0530,
The boy can read fast,The read can boy fast,transposition_unrelated,left,63,15,3,left,1,1.1577427910087863,None,3,15,63,3,240.75502645900997,,,,,,,,,240.74946354200074,240.75502645900997,240.99783345899777,240.99783345899777,241.188011834005,241.19303641699662,241.37777812499553,241.39522824999585,241.4890000840096,241.49568395900133,241.49568395900133,242.6576613750076,left,1,1.1577427910087863,None,242.65819000000192,242.67013337500975,242.67013337500975,242.8544029170007,242.86278599999787,242.86278599999787,243.6552115000086,243.63951950000774,,,s,"001",2025-11-10_20h45.30.570,2nd exp,,2025.2.0,None,2025-11-10 20h45.30.652027 +0530,
They have finished the work,They work the have finished,transposition_unrelated,left,64,0,4,left,1,1.8637102080101613,None,4,0,64,11,243.6552115000086,,,,,,,,,243.65033904199663,243.65976770900306,243.90582979199826,243.90582979199826,244.10559737500444,244.10559737500444,244.29379541700473,244.30584191699745,244.39323958400928,244.40573983400827,244.40573983400827,246.27462833400932,left,1,1.8637102080101613,None,246.27515158400638,246.28697491700586,246.28697491700586,246.4722040839988,246.47825808399648,246.47825808399648,247.27805350000563,247.26193750000675,,,s,"001",2025-11-10_20h45.30.570,2nd exp,,2025.2.0,None,2025-11-10 20h45.30.652027 +0530,
The boy can read fast,The read can boy fast,repetition_unrelated,left,65,1,4,left,1,1.0088622079929337,None,4,1,65,1,247.27805350000563,,,,,,,,,247.27280341699952,247.27805350000563,247.52216941700317,247.52216941700317,247.72236404199793,247.710605166998,247.91036904200155,247.92240300000412,248.01075241700164,248.0224952090066,248.0224952090066,249.04087333400093,left,1,1.0088622079929337,None,249.0411591669981,249.05414262499835,249.05414262499835,249.2376878750074,249.246157667003,249.246157667003,250.0367646250088,250.02128508400347,,,s,"001",2025-11-10_20h45.30.570,2nd exp,,2025.2.0,None,2025-11-10 20h45.30.652027 +0530,
She does not like apples,She not does like apples,repetition_unrelated,left,66,2,4,left,1,1.2421947910042945,None,4,2,66,5,250.0367646250088,,,,,,,,,250.03214837500127,250.040688167006,250.28916658399976,250.28916658399976,250.48891262500547,250.48891262500547,250.67724233400077,250.68905112500943,250.77640741699724,250.78911737499584,250.78911737499584,252.04063633400074,left,1,1.2421947910042945,None,252.04102470900398,252.0527462089958,252.0527462089958,252.23758520900446,252.24560125000426,252.24560125000426,253.03775558400957,253.0221255840006,,,s,"001",2025-11-10_20h45.30.570,2nd exp,,2025.2.0,None,2025-11-10 20h45.30.652027 +0530,
The dog is barking loudly,The barking dog loudly is,transposition_unrelated,left,67,3,4,left,1,1.6260870409896597,None,4,3,67,15,253.03775558400957,,,,,,,,,253.0330292090075,253.04233208400547,253.28907604199776,253.28907604199776,253.488901292003,253.47592024999904,253.67670066699793,253.68886774999555,253.7775209590036,253.78903233399615,253.78903233399615,255.42503129200486,left,1,1.6260870409896597,None,255.42548791700392,255.43719362500997,255.43719362500997,255.6221581669961,255.63030933399568,255.63030933399568,256.4212195,256.40530895900156,,,s,"001",2025-11-10_20h45.30.570,2nd exp,,2025.2.0,None,2025-11-10 20h45.30.652027 +0530,
She does not like apples,She not does like apples,transposition_related,right,68,4,4,left,0,2.5352796240040334,None,4,4,68,6,256.4212195,,,,,,,,,256.4161304169975,256.42602133400214,256.67141500000434,256.67141500000434,256.87234208399605,256.8596584170009,257.0609040420095,257.07241270900704,257.16075779200764,257.17196525000327,257.17196525000327,259.71271558399894,left,0,2.5352796240040334,None,259.7129789169994,259.72446191700874,259.72446191700874,259.9042634590005,259.92175216700707,259.92175216700707,260.7052726670081,260.689345375009,,,s,"001",2025-11-10_20h45.30.570,2nd exp,,2025.2.0,None,2025-11-10 20h45.30.652027 +0530,
They have finished the work,They have finished the work,repetition_related,right,69,5,4,right,1,2.539018916009809,None,4,5,69,8,260.7052726670081,,,,,,,,,260.7004076669982,260.70983683400846,260.9639539170021,260.955669959003,261.15399154199986,261.15872866699647,261.34418300000834,261.36217008400126,261.4554415839957,261.4554415839957,261.4554415839957,263.9958628339955,right,1,2.539018916009809,None,263.9961247500032,264.00731658400036,264.00731658400036,264.18788637500256,264.20558475000144,264.20558475000144,264.98766166700807,264.97145450000244,,,s,"001",2025-11-10_20h45.30.570,2nd exp,,2025.2.0,None,2025-11-10 20h45.30.652027 +0530,
She does not like apples,She like does apples not,transposition_unrelated,left,70,6,4,left,1,1.4061147069878643,None,4,6,70,7,264.98766166700807,,,,,,,,,264.98295679200965,264.99216220900416,265.23914054200577,265.23914054200577,265.43871245899936,265.43871245899936,265.6266861250042,265.64537316700444,265.73889612499624,265.73889612499624,265.73889612499624,267.1573233750096,left,1,1.4061147069878643,None,267.15773145899584,267.1691852090007,267.1691852090007,267.3553859590029,267.3629364170047,267.3629364170047,268.1621630419977,268.14621679199627,,,s,"001",2025-11-10_20h45.30.570,2nd exp,,2025.2.0,None,2025-11-10 20h45.30.652027 +0530,
The dog is barking loudly,The dog is barking loudly,repetition_related,right,71,7,4,left,0,0.7713423320092261,None,4,7,71,12,268.1621630419977,,,,,,,,,268.15715158400417,268.1621630419977,268.4055887919967,268.4055887919967,268.60557483400044,268.5932007090014,268.7931111670041,268.8059399170015,268.89425816699804,268.9057491249987,268.9057491249987,269.6797132920037,left,0,0.7713423320092261,None,269.6799795840052,269.6911653749994,269.6911653749994,269.88004612500663,269.8875226670061,269.8875226670061,270.6796297090041,270.6638298339967,,,s,"001",2025-11-10_20h45.30.570,2nd exp,,2025.2.0,None,2025-11-10 20h45.30.652027 +0530,
The boy can read fast,The boy can read fast,transposition_related,right,72,8,4,right,1,0.7537778749974677,None,4,8,72,2,270.6796297090041,,,,,,,,,270.673989834002,270.6796297090041,270.9303562090063,270.9303562090063,271.12117741700786,271.12117741700786,271.31088733400975,271.32877312500204,271.42229458400107,271.4292194590089,271.4292194590089,272.1911837920052,right,1,0.7537778749974677,None,272.1915930420073,272.20321945899923,272.20321945899923,272.3881021249981,272.39445387500746,272.39445387500746,273.18686754199734,273.1717185419984,,,s,"001",2025-11-10_20h45.30.570,2nd exp,,2025.2.0,None,2025-11-10 20h45.30.652027 +0530,
They have finished the work,They finished have the work,transposition_related,right,73,9,4,left,0,1.163933707997785,None,4,9,73,10,273.18686754199734,,,,,,,,,273.1821543749975,273.1907274999976,273.43899441699614,273.43899441699614,273.63893791699957,273.63893791699957,273.8260602090013,273.8389257920062,273.92754183399666,273.93897083400225,273.93897083400225,275.10778020900034,left,0,1.163933707997785,None,275.10817849999876,275.1195624170068,275.1195624170068,275.30454595900665,275.3117546669964,275.3117546669964,276.1042282920098,276.0891017499962,,,s,"001",2025-11-10_20h45.30.570,2nd exp,,2025.2.0,None,2025-11-10 20h45.30.652027 +0530,
The boy can read fast,The boy can read fast,repetition_related,right,74,10,4,right,1,0.7731017500045709,None,4,10,74,0,276.1042282920098,,,,,,,,,276.09941504200106,276.1087455000088,276.3557082920015,276.3557082920015,276.5554759170045,276.5432658750069,276.7440146669978,276.7555163750076,276.8441000419989,276.8555765420024,276.8555765420024,277.64029870899685,right,1,0.7731017500045709,None,277.6405920420075,277.65181429199583,277.65181429199583,277.8383754170063,277.8465713750047,277.8465713750047,278.63773645900073,278.62246975000016,,,s,"001",2025-11-10_20h45.30.570,2nd exp,,2025.2.0,None,2025-11-10 20h45.30.652027 +0530,
She does not like apples,She does not like apples,repetition_related,right,75,11,4,left,0,0.6887557080044644,None,4,11,75,4,278.63773645900073,,,,,,,,,278.6330385839974,278.6415255000029,278.8888369589986,278.8888369589986,279.0890910419985,279.07567775000643,279.277005750002,279.28911241699825,279.3775090420095,279.3890233340062,279.3890233340062,280.0801395419985,left,0,0.6887557080044644,None,280.0804800839978,280.0911475419998,280.0911475419998,280.28138270899944,280.287384958996,280.287384958996,281.0882877920085,281.07138641699567,,,s,"001",2025-11-10_20h45.30.570,2nd exp,,2025.2.0,None,2025-11-10 20h45.30.652027 +0530,
The dog is barking loudly,The loudly is barking dog,repetition_unrelated,left,76,12,4,right,0,0.8946708330040565,None,4,12,76,13,281.0882877920085,,,,,,,,,281.0829882090038,281.0882877920085,281.33081133400265,281.33081133400265,281.52682170900516,281.52682170900516,281.722344875001,281.7288180839969,281.82901033399685,281.82901033399685,281.82901033399685,282.72912054200424,right,0,0.8946708330040565,None,282.7293863750092,282.7406286250043,282.7406286250043,282.9302690420009,282.93783629199606,282.93783629199606,283.73800162500993,283.72240766701,,,s,"001",2025-11-10_20h45.30.570,2nd exp,,2025.2.0,None,2025-11-10 20h45.30.652027 +0530,
The boy can read fast,The read can boy fast,transposition_unrelated,left,77,13,4,left,1,1.9035094159917207,None,4,13,77,3,283.73800162500993,,,,,,,,,283.7328636250022,283.73800162500993,283.9711712499993,283.97796529199695,284.17901612499554,284.1586768749985,284.37224479200086,284.37224479200086,284.46057295899664,284.4791255839955,284.4791255839955,286.3904978339997,left,1,1.9035094159917207,None,286.39080891699996,286.4032549590047,286.4032549590047,286.5875215420092,286.5942720000021,286.5942720000021,287.3877789170074,287.37148349999916,,,s,"001",2025-11-10_20h45.30.570,2nd exp,,2025.2.0,None,2025-11-10 20h45.30.652027 +0530,
They have finished the work,They finished have the work,repetition_unrelated,left,78,14,4,left,1,1.3784692490007728,None,4,14,78,9,287.3877789170074,,,,,,,,,287.38298249999934,287.39191700000083,287.63841345900437,287.63841345900437,287.8392455840076,287.82603583400487,288.0270748339972,288.0388662089972,288.12739520899777,288.13900866699987,288.13900866699987,289.52432083399617,left,1,1.3784692490007728,None,289.52488079199975,289.5365838340076,289.5365838340076,289.7220854170009,289.7284920420061,289.7284920420061,290.52220895900973,290.5050729170034,,,s,"001",2025-11-10_20h45.30.570,2nd exp,,2025.2.0,None,2025-11-10 20h45.30.652027 +0530,
The dog is barking loudly,The dog barking is loudly,transposition_related,right,79,15,4,left,0,3.057658999998239,None,4,15,79,14,290.52220895900973,,,,,,,,,290.5167754169961,290.53912991700054,290.77211095900566,290.7797176250024,290.97227995900903,290.9604860840045,291.1607880000083,291.1723074170004,291.26039379200665,291.27224462499726,291.27224462499726,294.3404963339999,left,0,3.057658999998239,None,294.34076687500055,294.35189083400473,294.35189083400473,294.5387909590063,294.5462674169976,294.5462674169976,295.33899954200024,295.3227420839976,,,s,"001",2025-11-10_20h45.30.570,2nd exp,,2025.2.0,None,2025-11-10 20h45.30.652027 +0530,
She does not like apples,She does not like apples,repetition_related,right,80,0,5,right,1,2.5498899160011206,None,5,0,80,4,295.33899954200024,,,,,,,,,295.33425695900223,295.3553941249993,295.58874941700196,295.59619595900585,295.7888784999959,295.77791954200075,295.976913874998,295.9889970840013,296.0770601670083,296.08884408400627,296.08884408400627,298.6405044999992,right,1,2.5498899160011206,None,298.64088079200883,298.6522106670018,298.6522106670018,298.83765375000075,298.84446541700163,298.84446541700163,299.63785637500405,299.62123037500714,,,s,"001",2025-11-10_20h45.30.570,2nd exp,,2025.2.0,None,2025-11-10 20h45.30.652027 +0530,
The dog is barking loudly,The dog barking is loudly,transposition_related,right,81,1,5,left,0,1.0954483740060823,None,5,1,81,14,299.63785637500405,,,,,,,,,299.6331191670033,299.65548866700556,299.88752270900295,299.9056073749962,300.08884741700604,300.07602370899986,300.27702695899643,300.28889658399567,300.3763621249964,300.38895137500367,300.38895137500367,301.491365666996,left,0,1.0954483740060823,None,301.491961000007,301.5035434169986,301.5035434169986,301.6877281250054,301.6954268749978,301.6954268749978,302.4892407090083,302.4727969170053,,,s,"001",2025-11-10_20h45.30.570,2nd exp,,2025.2.0,None,2025-11-10 20h45.30.652027 +0530,
They have finished the work,They have finished the work,repetition_related,right,82,2,5,right,1,1.3612347910093376,None,5,2,82,8,302.4892407090083,,,,,,,,,302.4844395840046,302.5054225000058,302.7387209169974,302.74576245900244,302.9390050420043,302.92636041699734,303.1269616250065,303.1390513340011,303.2263969170017,303.2390948340035,303.2390948340035,304.6071721250046,right,1,1.3612347910093376,None,304.60755987500306,304.61910387499665,304.61910387499665,304.8055944170046,304.81315950000135,304.81315950000135,305.60671145899687,305.5894976670097,,,s,"001",2025-11-10_20h45.30.570,2nd exp,,2025.2.0,None,2025-11-10 20h45.30.652027 +0530,
The boy can read fast,The read can boy fast,repetition_unrelated,left,83,3,5,left,1,1.4237614990124712,None,5,3,83,1,305.60671145899687,,,,,,,,,305.6019868750009,305.62201529199956,305.8555029170093,305.86304999999993,306.05571362499904,306.05571362499904,306.2430459169991,306.25567508400127,306.34338779200334,306.3555182090058,306.3555182090058,307.7901509170042,left,1,1.4237614990124712,None,307.79042258400295,307.80158016699716,307.80158016699716,307.98861954199674,307.99646504200064,307.99646504200064,308.78820875000383,308.77263583400054,,,s,"001",2025-11-10_20h45.30.570,2nd exp,,2025.2.0,None,2025-11-10 20h45.30.652027 +0530,
The dog is barking loudly,The loudly is barking dog,repetition_unrelated,left,84,4,5,left,1,1.0069835819886066,None,5,4,84,13,308.78820875000383,,,,,,,,,308.78343620900705,308.79276574999676,309.0389963339985,309.0389963339985,309.2388466249977,309.22629404200416,309.42633270900114,309.43908162500884,309.5275302920054,309.5390531669982,309.5390531669982,310.55698125000345,left,1,1.0069835819886066,None,310.55728975000966,310.5688732090057,310.5688732090057,310.7549437090056,310.76322058400547,310.76322058400547,311.5545451250073,311.5393243340077,,,s,"001",2025-11-10_20h45.30.570,2nd exp,,2025.2.0,None,2025-11-10 20h45.30.652027 +0530,
The boy can read fast,The boy can read fast,repetition_related,right,85,5,5,right,1,0.6591865410009632,None,5,5,85,0,311.5545451250073,,,,,,,,,311.54981341700477,311.5591105839994,311.80420537499595,311.80420537499595,312.005697458997,311.99276579200523,312.19367525000416,312.2057063749962,312.2930085840053,312.30583962499804,312.30583962499804,312.9742957499984,right,1,0.6591865410009632,None,312.9746525840019,312.98598229199706,312.98598229199706,313.17192329200043,313.1796779590077,313.1796779590077,313.97144575000857,313.9555937920086,,,s,"001",2025-11-10_20h45.30.570,2nd exp,,2025.2.0,None,2025-11-10 20h45.30.652027 +0530,
The dog is barking loudly,The barking dog loudly is,transposition_unrelated,left,86,6,5,left,1,0.9697793750092387,None,5,6,86,15,313.97144575000857,,,,,,,,,313.9667705000029,313.9751598340081,314.22227349999594,314.22227349999594,314.4223158340028,314.4103273340006,314.6103013749962,314.62233995900897,314.7097859170026,314.72228429200186,314.72228429200186,315.69636929199623,left,1,0.9697793750092387,None,315.69671849999577,315.70807950000744,315.70807950000744,315.89764829199703,315.9040740420023,315.9040740420023,316.69683537499805,316.68076625000685,,,s,"001",2025-11-10_20h45.30.570,2nd exp,,2025.2.0,None,2025-11-10 20h45.30.652027 +0530,
She does not like apples,She not does like apples,repetition_unrelated,left,87,7,5,left,1,1.057308290997753,None,5,7,87,5,316.69683537499805,,,,,,,,,316.6913495839981,316.69683537499805,316.9473192919977,316.9473192919977,317.1454176670086,317.1454176670086,317.3389669169992,317.34526916701,317.43884208399686,317.4455560839997,317.4455560839997,318.5077969170088,left,1,1.057308290997753,None,318.5083287919988,318.5201552090002,318.5201552090002,318.70417233400804,318.71112550000544,318.71112550000544,319.50403491700126,319.4877724590042,,,s,"001",2025-11-10_20h45.30.570,2nd exp,,2025.2.0,None,2025-11-10 20h45.30.652027 +0530,
They have finished the work,They finished have the work,transposition_related,right,88,8,5,left,0,1.24645612500899,None,5,8,88,10,319.50403491700126,,,,,,,,,319.4992223750014,319.5086186670087,319.7557454170019,319.7557454170019,319.955542124997,319.94410716700077,320.1440020840091,320.15563145899796,320.2442463750049,320.2555127500091,320.2555127500091,321.50765045899607,left,0,1.24645612500899,None,321.50805104200845,321.51966520900896,321.51966520900896,321.70491770900844,321.71281366700714,321.71281366700714,322.5054694999999,322.4894095839991,,,s,"001",2025-11-10_20h45.30.570,2nd exp,,2025.2.0,None,2025-11-10 20h45.30.652027 +0530,
The boy can read fast,The boy can read fast,transposition_related,right,89,9,5,left,0,0.6922662489960203,None,5,9,89,2,322.5054694999999,,,,,,,,,322.50061275000917,322.50999433400284,322.75544345899834,322.75544345899834,322.955637542007,322.9421347919997,323.1436983750027,323.15568925000844,323.2437420839997,323.2555842090078,323.2555842090078,323.956984000004,left,0,0.6922662489960203,None,323.9572602499975,323.96846354199806,323.96846354199806,324.1552194170072,324.1635917920066,324.1635917920066,324.96039200000814,324.9448892920045,,,s,"001",2025-11-10_20h45.30.570,2nd exp,,2025.2.0,None,2025-11-10 20h45.30.652027 +0530,
They have finished the work,They work the have finished,transposition_unrelated,left,90,10,5,left,1,2.4279854990018066,None,5,10,90,11,324.96039200000814,,,,,,,,,324.9552082500013,324.96039200000814,325.20460408400686,325.20460408400686,325.4057514169981,325.3938658340048,325.5931079169968,325.605613000007,325.6941944590071,325.7056987499964,325.7056987499964,328.14094079200004,left,1,2.4279854990018066,None,328.14149241700943,328.15326600000844,328.15326600000844,328.33736079200753,328.34383408400754,328.34383408400754,329.13669954199577,329.12186858399946,,,s,"001",2025-11-10_20h45.30.570,2nd exp,,2025.2.0,None,2025-11-10 20h45.30.652027 +0530,
She does not like apples,She like does apples not,transposition_unrelated,left,91,11,5,left,1,2.763591166003607,None,5,11,91,7,329.13669954199577,,,,,,,,,329.1320639170008,329.1404710420029,329.38891591700667,329.38891591700667,329.58889612500207,329.5776269170019,329.7773804169992,329.78892212500796,329.8777002499992,329.88906962500187,329.88906962500187,332.6577061669959,left,1,2.763591166003607,None,332.65827324999555,332.669999500009,332.669999500009,332.85548395900696,332.86304354200547,332.86304354200547,333.6610464999976,333.6457490419998,,,s,"001",2025-11-10_20h45.30.570,2nd exp,,2025.2.0,None,2025-11-10 20h45.30.652027 +0530,
The boy can read fast,The read can boy fast,transposition_unrelated,left,92,12,5,left,1,1.4726404990069568,None,5,12,92,3,333.6610464999976,,,,,,,,,333.6558877089992,333.6610464999976,333.9054023750068,333.9054023750068,334.10549304200686,334.09336304200406,334.2945778340072,334.30558420899615,334.394092750008,334.40561195900955,334.40561195900955,335.89085145900026,left,1,1.4726404990069568,None,335.89138025000284,335.9028682500066,335.9028682500066,336.0876167920069,336.0950573750015,336.0950573750015,336.88804270900437,336.87186837500485,,,s,"001",2025-11-10_20h45.30.570,2nd exp,,2025.2.0,None,2025-11-10 20h45.30.652027 +0530,
She does not like apples,She not does like apples,transposition_related,right,93,13,5,left,0,0.7224352079938399,None,5,13,93,6,336.88804270900437,,,,,,,,,336.8832858340029,336.89263062500686,337.13879116700264,337.13879116700264,337.3386887090019,337.3386887090019,337.52622354200867,337.5389986670052,337.62685158400564,337.63870333399973,337.63870333399973,338.3739328750089,left,0,0.7224352079938399,None,338.3743056250096,338.38595825000084,338.38595825000084,338.570804959003,338.5792557090026,338.5792557090026,339.37074566700903,339.35529604200565,,,s,"001",2025-11-10_20h45.30.570,2nd exp,,2025.2.0,None,2025-11-10 20h45.30.652027 +0530,
They have finished the work,They finished have the work,repetition_unrelated,left,94,14,5,left,1,1.974765832987032,None,5,14,94,9,339.37074566700903,,,,,,,,,339.3658954170096,339.37528691699845,339.62225458399917,339.62225458399917,339.82212316700316,339.82212316700316,340.01028566699824,340.0222338750027,340.109422834008,340.1222660839994,340.1222660839994,342.1072674169991,left,1,1.974765832987032,None,342.1075588340027,342.11878116700973,342.11878116700973,342.3041256669967,342.31126675000996,342.31126675000996,343.10471712499566,343.08776162500726,,,s,"001",2025-11-10_20h45.30.570,2nd exp,,2025.2.0,None,2025-11-10 20h45.30.652027 +0530,
The dog is barking loudly,The dog is barking loudly,repetition_related,right,95,15,5,right,1,1.040495249995729,None,5,15,95,12,343.10471712499566,,,,,,,,,343.10004370899696,343.12230070900114,343.3540009999997,343.3707275839988,343.55562775,343.543864709005,343.7440876670007,343.7555166670063,343.8441255840007,343.8554598339979,343.8554598339979,344.9072201250092,right,1,1.040495249995729,None,344.9076119590027,344.9192824589991,344.9192824589991,345.1040361250052,345.1123628750065,345.1123628750065,345.9038961670012,345.8882470420067,,,s,"001",2025-11-10_20h45.30.570,2nd exp,,2025.2.0,None,2025-11-10 20h45.30.652027 +0530,
The boy can read fast,The read can boy fast,repetition_unrelated,left,96,0,6,left,1,1.0966557909996482,None,6,0,96,1,345.9038961670012,,,,,,,,,345.8990306670021,345.9084237500065,346.1556209170085,346.1556209170085,346.35564399999566,346.35564399999566,346.5437923749996,346.5554732090095,346.64270333400054,346.6553388339962,346.6553388339962,347.75763025000924,left,1,1.0966557909996482,None,347.7581818339968,347.7698954590014,347.7698954590014,347.9555623750057,347.9631021670066,347.9631021670066,348.7546546250087,348.74431750000804,,,s,"001",2025-11-10_20h45.30.570,2nd exp,,2025.2.0,None,2025-11-10 20h45.30.652027 +0530,
The boy can read fast,The boy can read fast,transposition_related,right,97,1,6,right,1,0.800335874009761,None,6,1,97,2,348.7546546250087,,,,,,,,,348.7493072090001,348.7546546250087,349.0056139590015,348.9940714999975,349.2055524169991,349.2055524169991,349.39281962500536,349.40561920900655,349.4929433340003,349.5054570420034,349.5054570420034,350.30731791700236,right,1,0.800335874009761,None,350.30765933400835,350.3199510840059,350.3199510840059,350.50404700000945,350.5107880419964,350.5107880419964,351.29959479199897,351.28848520900647,,,s,"001",2025-11-10_20h45.30.570,2nd exp,,2025.2.0,None,2025-11-10 20h45.30.652027 +0530,
The boy can read fast,The read can boy fast,transposition_unrelated,left,98,2,6,left,1,0.9343190000072354,None,6,2,98,3,351.29959479199897,,,,,,,,,351.29488083400065,351.30388979200507,351.55552075000014,351.54406479200406,351.75555579199863,351.75555579199863,351.943805709001,351.9555219169997,352.04299237500527,352.05548375000944,352.05548375000944,352.9963759999955,left,1,0.9343190000072354,None,352.9966503339965,353.0081158749963,353.0081158749963,353.1976450420043,353.2040494170069,353.2040494170069,354.00533545900544,353.9892456670059,,,s,"001",2025-11-10_20h45.30.570,2nd exp,,2025.2.0,None,2025-11-10 20h45.30.652027 +0530,
She does not like apples,She like does apples not,transposition_unrelated,left,99,3,6,left,1,0.8792277500033379,None,6,3,99,7,354.00533545900544,,,,,,,,,353.9998011669959,354.00533545900544,354.2469754170015,354.2469754170015,354.43796191700676,354.44250383399776,354.62747641700844,354.6453200840042,354.73885779200646,354.7455657499959,354.7455657499959,355.629905875001,left,1,0.8792277500033379,None,355.6301877500082,355.64131912500306,355.64131912500306,355.83116220899683,355.83793629200954,355.83793629200954,356.639502792008,356.6230294170091,,,s,"001",2025-11-10_20h45.30.570,2nd exp,,2025.2.0,None,2025-11-10 20h45.30.652027 +0530,
They have finished the work,They have finished the work,repetition_related,right,100,4,6,right,1,1.117477249004878,None,6,4,100,8,356.639502792008,,,,,,,,,356.634108541999,356.639502792008,356.88023062499997,356.88023062499997,357.0782342500024,357.0782342500024,357.27223508400493,357.27881683400483,357.3722982920008,357.3791028340056,357.3791028340056,358.5070187090023,right,1,1.117477249004878,None,358.5073207920068,358.5191447499965,358.5191447499965,358.70514533401,358.7127323339955,358.7127323339955,359.5053231250058,359.4893577920011,,,s,"001",2025-11-10_20h45.30.570,2nd exp,,2025.2.0,None,2025-11-10 20h45.30.652027 +0530,
The boy can read fast,The boy can read fast,repetition_related,right,101,5,6,right,1,1.0061657079932047,None,6,5,101,0,359.5053231250058,,,,,,,,,359.5003610840067,359.50991837499896,359.75523812499887,359.75523812499887,359.9553290420008,359.9553290420008,360.1431369589991,360.1555258340086,360.2437851249997,360.2554441670072,360.2554441670072,361.2738235840079,right,1,1.0061657079932047,None,361.27421391700045,361.2857567500032,361.2857567500032,361.47205175001,361.47937875000935,361.47937875000935,362.2754197500035,362.2603557090042,,,s,"001",2025-11-10_20h45.30.570,2nd exp,,2025.2.0,None,2025-11-10 20h45.30.652027 +0530,
They have finished the work,They work the have finished,transposition_unrelated,left,102,6,6,left,1,0.8854856249963632,None,6,6,102,11,362.2754197500035,,,,,,,,,362.2706858750025,362.2754197500035,362.5221292920032,362.5221292920032,362.7221150420082,362.70958187500946,362.9111454170052,362.9224477090029,363.0104227920092,363.02212645900727,363.02212645900727,363.9130787500035,left,1,0.8854856249963632,None,363.9133406250039,363.9246410420019,363.9246410420019,364.11350474999927,364.1204744590068,364.1204744590068,364.91287425000337,364.8972567919991,,,s,"001",2025-11-10_20h45.30.570,2nd exp,,2025.2.0,None,2025-11-10 20h45.30.652027 +0530,
She does not like apples,She not does like apples,repetition_unrelated,left,103,7,6,right,0,1.1714707909995923,None,6,7,103,5,364.91287425000337,,,,,,,,,364.90738654200686,364.91287425000337,365.1634745420015,365.15542112500407,365.3614625420014,365.3614625420014,365.5611359169998,365.5611359169998,365.6555880000087,365.6620754589967,365.6620754589967,366.8409837500076,right,0,1.1714707909995923,None,366.841588958996,366.8533975839964,366.8533975839964,367.0386055840063,367.04640454200853,367.04640454200853,367.83793262499967,367.8224945420079,,,s,"001",2025-11-10_20h45.30.570,2nd exp,,2025.2.0,None,2025-11-10 20h45.30.652027 +0530,
The dog is barking loudly,The loudly is barking dog,repetition_unrelated,left,104,8,6,left,1,1.8714474580046954,None,6,8,104,13,367.83793262499967,,,,,,,,,367.83323962500435,367.8423803750047,368.0886830840027,368.0886830840027,368.28870258400275,368.28870258400275,368.4775662920001,368.4888651670044,368.5770825840009,368.588929000005,368.588929000005,370.462350834001,left,1,1.8714474580046954,None,370.4626197089965,370.47442345900345,370.47442345900345,370.66407308400085,370.6706174590072,370.6706174590072,371.471833292002,371.4558022090059,,,s,"001",2025-11-10_20h45.30.570,2nd exp,,2025.2.0,None,2025-11-10 20h45.30.652027 +0530,
She does not like apples,She not does like apples,transposition_related,right,105,9,6,right,1,0.625022041000193,None,6,9,105,6,371.471833292002,,,,,,,,,371.4665403340041,371.471833292002,371.71267295900907,371.71267295900907,371.90387925000687,371.90387925000687,372.09389179199934,372.11201425000036,372.2123982089979,372.2123982089979,372.2123982089979,372.8402737090073,right,1,0.625022041000193,None,372.84064079199743,372.85216229200887,372.85216229200887,373.0386149590049,373.0471097499976,373.0471097499976,373.8383890420082,373.8224387920054,,,s,"001",2025-11-10_20h45.30.570,2nd exp,,2025.2.0,None,2025-11-10 20h45.30.652027 +0530,
They have finished the work,They finished have the work,transposition_related,right,106,10,6,left,0,1.6055679989949567,None,6,10,106,10,373.8383890420082,,,,,,,,,373.83352462500625,373.84291766700335,374.0889235000068,374.0889235000068,374.28878512499796,374.28878512499796,374.477289500006,374.48883312499675,374.577472917008,374.58873120900535,374.58873120900535,376.1963680839981,left,0,1.6055679989949567,None,376.19671124999877,376.2080188749969,376.2080188749969,376.3976362920075,376.40406100000837,376.40406100000837,377.2059629169962,377.18929429200944,,,s,"001",2025-11-10_20h45.30.570,2nd exp,,2025.2.0,None,2025-11-10 20h45.30.652027 +0530,
The dog is barking loudly,The dog is barking loudly,repetition_related,right,107,11,6,right,1,1.2724991659924854,None,6,11,107,12,377.2059629169962,,,,,,,,,377.2006433339993,377.2059629169962,377.4472048339958,377.4472048339958,377.63721699999587,377.63721699999587,377.82792416700977,377.8443981669989,377.9385790840024,377.9448176250007,377.9448176250007,379.2243002920004,right,1,1.2724991659924854,None,379.2248611670075,379.2367751670099,379.2367751670099,379.42066620900005,379.4286629170092,379.4286629170092,380.2156094170059,380.2048709170049,,,s,"001",2025-11-10_20h45.30.570,2nd exp,,2025.2.0,None,2025-11-10 20h45.30.652027 +0530,
The dog is barking loudly,The barking dog loudly is,transposition_unrelated,left,108,12,6,left,1,0.961208873995929,None,6,12,108,15,380.2156094170059,,,,,,,,,380.2107315839967,380.2204503749963,380.47242600000754,380.4603511250025,380.672065250008,380.672065250008,380.86094816699915,380.8722646670067,380.9601948339987,380.97209754200594,380.97209754200594,381.9411946670007,left,1,0.961208873995929,None,381.9416171670018,381.9533192920062,381.9533192920062,382.1377732499968,382.1447617500089,382.1447617500089,382.9314302499988,382.92232616699766,,,s,"001",2025-11-10_20h45.30.570,2nd exp,,2025.2.0,None,2025-11-10 20h45.30.652027 +0530,
The dog is barking loudly,The dog barking is loudly,transposition_related,right,109,13,6,left,0,1.9393839580006897,None,6,13,109,14,382.9314302499988,,,,,,,,,382.9267714590096,382.9374013750057,383.1887526670034,383.17589516700536,383.3886982499971,383.3760135000048,383.5754759170086,383.5887151670031,383.67626691699843,383.68861945900426,383.68861945900426,385.6400373750075,left,0,1.9393839580006897,None,385.64034054199874,385.65173991699703,385.65173991699703,385.83755462500267,385.84442725000554,385.84442725000554,386.6354539169988,386.6211895840097,,,s,"001",2025-11-10_20h45.30.570,2nd exp,,2025.2.0,None,2025-11-10 20h45.30.652027 +0530,
They have finished the work,They finished have the work,repetition_unrelated,left,110,14,6,left,1,1.9761547910020454,None,6,14,110,9,386.6354539169988,,,,,,,,,386.6307177090057,386.63954975000524,386.8890410000022,386.8772313340014,387.08877366699744,387.08877366699744,387.27572783399955,387.2887752499955,387.377886125003,387.38869812499615,387.38869812499615,389.37319725001,left,1,1.9761547910020454,None,389.3734147500072,389.383637292005,389.383637292005,389.5720107090019,389.57817195900134,389.57817195900134,390.37848583400773,390.36246845900314,,,s,"001",2025-11-10_20h45.30.570,2nd exp,,2025.2.0,None,2025-11-10 20h45.30.652027 +0530,
She does not like apples,She does not like apples,repetition_related,right,111,15,6,right,1,1.3718342909996863,None,6,15,111,4,390.37848583400773,,,,,,,,,390.37312087499595,390.37848583400773,390.6144804170035,390.62112850000267,390.82215025000914,390.80954941699747,391.01048791699577,391.02201762500044,391.10962962500344,391.1220088340051,391.1220088340051,392.4961024590011,right,1,1.3718342909996863,None,392.4964382920007,392.5074501670024,392.5074501670024,392.69743858400034,392.7041076250025,392.7041076250025,393.49827954200737,393.4889757500059,,,s,"001",2025-11-10_20h45.30.570,2nd exp,,2025.2.0,None,2025-11-10 20h45.30.652027 +0530,
She does not like apples,She like does apples not,transposition_unrelated,left,112,0,7,left,1,0.9728028329991503,None,7,0,112,7,393.49827954200737,,,,,,,,,393.492978417009,393.49827954200737,393.74466116700205,393.74466116700205,393.93862283400085,393.93862283400085,394.12714862500434,394.14492554200115,394.2387508749962,394.2451069170056,394.2451069170056,395.22350779200497,left,1,0.9728028329991503,None,395.22389279199706,395.23546325000643,395.23546325000643,395.4208758339955,395.42806866700994,395.42806866700994,396.2203678340011,396.2052923750016,,,s,"001",2025-11-10_20h45.30.570,2nd exp,,2025.2.0,None,2025-11-10 20h45.30.652027 +0530,
They have finished the work,They finished have the work,repetition_unrelated,left,113,1,7,right,0,1.155442082992522,None,7,1,113,9,396.2203678340011,,,,,,,,,396.2156384590053,396.2248987089988,396.4720345000096,396.4720345000096,396.67205554200336,396.67205554200336,396.86051491700346,396.8720486670063,396.9601239170006,396.9722573339968,396.9722573339968,398.1398170839966,right,0,1.155442082992522,None,398.1400289590092,398.14992241699656,398.14992241699656,398.3377873749996,398.34616312499566,398.34616312499566,399.1353354169987,399.12161750000087,,,s,"001",2025-11-10_20h45.30.570,2nd exp,,2025.2.0,None,2025-11-10 20h45.30.652027 +0530,
The boy can read fast,The boy can read fast,repetition_related,right,114,2,7,right,1,0.9208611659996677,None,7,2,114,0,399.1353354169987,,,,,,,,,399.1303531250014,399.140047125009,399.3885965840018,399.3885965840018,399.5886482920032,399.57643770900904,399.77698108399636,399.788647459005,399.87734691699734,399.88878595900314,399.88878595900314,400.8112288340053,right,1,0.9208611659996677,None,400.8116766669991,400.82359429200005,400.82359429200005,401.01227704199846,401.02106104200357,401.02106104200357,401.8091319170053,401.7954105000099,,,s,"001",2025-11-10_20h45.30.570,2nd exp,,2025.2.0,None,2025-11-10 20h45.30.652027 +0530,
She does not like apples,She does not like apples,repetition_related,right,115,3,7,right,1,1.0281255829904694,None,7,3,115,4,401.8091319170053,,,,,,,,,401.80439733401,401.8091319170053,402.055337459009,402.055337459009,402.2612251249957,402.25530091700784,402.45543079200434,402.45543079200434,402.5438213340094,402.5554609999963,402.5554609999963,403.59079166699667,right,1,1.0281255829904694,None,403.5913147920073,403.6028296669974,403.6028296669974,403.78784466700745,403.7946490000031,403.7946490000031,404.58161058400583,404.5721279999998,,,s,"001",2025-11-10_20h45.30.570,2nd exp,,2025.2.0,None,2025-11-10 20h45.30.652027 +0530,
She does not like apples,She not does like apples,repetition_unrelated,left,116,4,7,left,1,1.823543748992961,None,7,4,116,5,404.58161058400583,,,,,,,,,404.57680233400606,404.5876137919986,404.838718125,404.825584834005,405.03853429200535,405.03853429200535,405.2273456249968,405.2387935840088,405.32723304200044,405.3389205840067,405.3389205840067,407.1741792499961,left,1,1.823543748992961,None,407.1746350839967,407.1862204170029,407.1862204170029,407.3710043750034,407.3780642920028,407.3780642920028,408.16830208399915,408.15558604200487,,,s,"001",2025-11-10_20h45.30.570,2nd exp,,2025.2.0,None,2025-11-10 20h45.30.652027 +0530,
They have finished the work,They work the have finished,transposition_unrelated,left,117,5,7,left,1,2.099533375003375,None,7,5,117,11,408.16830208399915,,,,,,,,,408.16358754200337,408.1730725840025,408.42209350000485,408.42209350000485,408.62188087499817,408.6093918749975,408.81095741700847,408.8221470419958,408.90941016700526,408.92196262499783,408.92196262499783,411.0233652500028,left,1,2.099533375003375,None,411.023647916998,411.0353337090055,411.0353337090055,411.2209348339966,411.2286902920023,411.2286902920023,412.0189790419972,412.00440129199706,,,s,"001",2025-11-10_20h45.30.570,2nd exp,,2025.2.0,None,2025-11-10 20h45.30.652027 +0530,
The boy can read fast,The read can boy fast,repetition_unrelated,left,118,6,7,right,0,0.9222833749954589,None,7,6,118,1,412.0189790419972,,,,,,,,,412.01424837500963,412.02329295899835,412.27186504199926,412.27186504199926,412.47213325000484,412.458578167003,412.65943233399594,412.6719725419971,412.76056341700314,412.7720672919968,412.7720672919968,413.69571683400136,right,0,0.9222833749954589,None,413.69598220899934,413.70672608399764,413.70672608399764,413.8956532500015,413.9040901670087,413.9040901670087,414.6966835839994,414.67970950000745,,,s,"001",2025-11-10_20h45.30.570,2nd exp,,2025.2.0,None,2025-11-10 20h45.30.652027 +0530,
The dog is barking loudly,The dog barking is loudly,transposition_related,right,119,7,7,left,0,1.1825921660056338,None,7,7,119,14,414.6966835839994,,,,,,,,,414.69030558400846,414.6966835839994,414.944867875005,414.944867875005,415.1439810419979,415.1389113750047,415.33864795899717,415.3431697920023,415.4387250419968,415.44366312499915,415.44366312499915,416.62892170900886,left,0,1.1825921660056338,None,416.6292586250056,416.64084670900775,416.64084670900775,416.8207108750066,416.83820129200467,416.83820129200467,417.61620895900705,417.60461779200705,,,s,"001",2025-11-10_20h45.30.570,2nd exp,,2025.2.0,None,2025-11-10 20h45.30.652027 +0530,
The dog is barking loudly,The loudly is barking dog,repetition_unrelated,left,120,8,7,left,1,1.0869319159974111,None,7,8,120,13,417.61620895900705,,,,,,,,,417.61136024999723,417.6207729590096,417.880358334005,417.85922941700846,418.0705352090008,418.0751799590071,418.26057404199673,418.27825262500846,418.3773475420021,418.3773475420021,418.3773475420021,419.4737946670066,left,1,1.0869319159974111,None,419.47407837500214,419.48525745900406,419.48525745900406,419.6704252089985,419.67731045899563,419.67731045899563,420.46605229200213,420.4546872500068,,,s,"001",2025-11-10_20h45.30.570,2nd exp,,2025.2.0,None,2025-11-10 20h45.30.652027 +0530,
The dog is barking loudly,The barking dog loudly is,transposition_unrelated,left,121,9,7,left,1,2.2072547910065623,None,7,9,121,15,420.46605229200213,,,,,,,,,420.46127133400296,420.47113825001,420.72200045900536,420.7097395419987,420.921977667007,420.9084417090053,421.1096289999987,421.12196304200916,421.2093802090094,421.2219050420099,421.2219050420099,423.44082483400416,left,1,2.2072547910065623,None,423.4413786250079,423.45299120900745,423.45299120900745,423.6371688340005,423.64522116699663,423.64522116699663,424.43720154200855,424.4223292920069,,,s,"001",2025-11-10_20h45.30.570,2nd exp,,2025.2.0,None,2025-11-10 20h45.30.652027 +0530,
They have finished the work,They finished have the work,transposition_related,right,122,10,7,left,0,1.3753190820134478,None,7,10,122,10,424.43720154200855,,,,,,,,,424.4324036670005,424.4419439589983,424.68869270900905,424.68869270900905,424.8886928340071,424.8772615839989,425.076031375007,425.088753834003,425.1768410000077,425.18865854199976,425.18865854199976,426.5729860840074,left,0,1.3753190820134478,None,426.57319920900045,426.5832015000051,426.5832015000051,426.77136783400783,426.77889524999773,426.77889524999773,427.57134208400385,427.5559347500093,,,s,"001",2025-11-10_20h45.30.570,2nd exp,,2025.2.0,None,2025-11-10 20h45.30.652027 +0530,
The boy can read fast,The read can boy fast,transposition_unrelated,left,123,11,7,left,1,1.1726498330099275,None,7,11,123,3,427.57134208400385,,,,,,,,,427.5660110000026,427.57134208400385,427.8138565840054,427.8138565840054,428.02205991699884,428.0086915419961,428.2094487090071,428.22216662499704,428.31238391700026,428.31238391700026,428.31238391700026,429.48986679200607,left,1,1.1726498330099275,None,429.4900869999983,429.5002177090064,429.5002177090064,429.6886493750062,429.6965444590023,429.6965444590023,430.49088437500177,430.47865000000456,,,s,"001",2025-11-10_20h45.30.570,2nd exp,,2025.2.0,None,2025-11-10 20h45.30.652027 +0530,
The boy can read fast,The boy can read fast,transposition_related,right,124,12,7,right,1,0.825244040999678,None,7,12,124,2,430.49088437500177,,,,,,,,,430.485295749997,430.49088437500177,430.7386720840004,430.7386720840004,430.9387703340035,430.9262157500052,431.127340542007,431.13883150000765,431.22718654200435,431.23867758399865,431.23867758399865,432.0731529170007,right,1,0.825244040999678,None,432.07336841699725,432.08327341699624,432.08327341699624,432.2720320840017,432.2782586670073,432.2782586670073,433.07709050000994,433.06247266700666,,,s,"001",2025-11-10_20h45.30.570,2nd exp,,2025.2.0,None,2025-11-10 20h45.30.652027 +0530,
She does not like apples,She not does like apples,transposition_related,right,125,13,7,left,0,0.834940999004175,None,7,13,125,6,433.07709050000994,,,,,,,,,433.07189795900194,433.07709050000994,433.31433129200013,433.3206500420056,433.5124516670039,433.5124516670039,433.7053522920032,433.72197312500793,433.80976895900676,433.82189383399964,433.82189383399964,434.6610157499963,left,0,0.834940999004175,None,434.6612953750009,434.6734166670067,434.6734166670067,434.85474962499575,434.87044266700104,434.87044266700104,435.6539427090029,435.63833425000485,,,s,"001",2025-11-10_20h45.30.570,2nd exp,,2025.2.0,None,2025-11-10 20h45.30.652027 +0530,
The dog is barking loudly,The dog is barking loudly,repetition_related,right,126,14,7,right,1,1.414533791001304,None,7,14,126,12,435.6539427090029,,,,,,,,,435.6487582090049,435.65778341700207,435.9052667500073,435.9052667500073,436.11124562499754,436.0932011670084,436.30540295899846,436.30540295899846,436.393626709003,436.4053288750001,436.4053288750001,437.82439562500804,right,1,1.414533791001304,None,437.82499516700045,437.8367697089998,437.8367697089998,438.02043441700516,438.0285191669973,438.0285191669973,438.8214563340007,438.80566991699743,,,s,"001",2025-11-10_20h45.30.570,2nd exp,,2025.2.0,None,2025-11-10 20h45.30.652027 +0530,
They have finished the work,They have finished the work,repetition_related,right,127,15,7,left,0,1.0997272079985123,None,7,15,127,8,438.8214563340007,,,,,,,,,438.8164829590096,438.8258302920003,439.0718510840088,439.0718510840088,439.2717556669959,439.2717556669959,439.4608214589971,439.472110333998,439.5594577919983,439.5720936669968,439.5720936669968,440.6733963750012,left,0,1.0997272079985123,None,440.6737681250088,440.6852427920094,440.6852427920094,440.8719766669965,440.880300542005,440.880300542005,441.67471370899875,441.6603398340085,,,s,"001",2025-11-10_20h45.30.570,2nd exp,,2025.2.0,None,2025-11-10 20h45.30.652027 +0530,
She does not like apples,She does not like apples,repetition_related,right,128,0,8,right,1,1.017759082998964,None,8,0,128,4,441.67471370899875,,,,,,,,,441.6699255840067,441.67471370899875,441.92190308400313,441.92190308400313,442.1218776250025,442.1106774590007,442.3103978750005,442.32199100000435,442.40924566700414,442.4219132500002,442.4219132500002,443.4460405840073,right,1,1.017759082998964,None,443.4463065000018,443.45753762499953,443.45753762499953,443.6470886669995,443.65389137499733,443.65389137499733,444.454088708997,444.43809333399986,,,s,"001",2025-11-10_20h45.30.570,2nd exp,,2025.2.0,None,2025-11-10 20h45.30.652027 +0530,
They have finished the work,They finished have the work,transposition_related,right,129,1,8,left,0,1.428103333004401,None,8,1,129,10,444.454088708997,,,,,,,,,444.44890766699973,444.454088708997,444.6970616670005,444.6970616670005,444.89555258399923,444.89555258399923,445.095270292004,445.095270292004,445.18871766699885,445.19548754200514,445.19548754200514,446.6297382089979,left,0,1.428103333004401,None,446.63001287500083,446.6410857090086,446.6410857090086,446.8313145419961,446.83772591700836,446.83772591700836,447.6376258340024,447.6212285840011,,,s,"001",2025-11-10_20h45.30.570,2nd exp,,2025.2.0,None,2025-11-10 20h45.30.652027 +0530,
She does not like apples,She not does like apples,transposition_related,right,130,2,8,left,0,1.0388722909992794,None,8,2,130,6,447.6376258340024,,,,,,,,,447.63229245900584,447.6376258340024,447.8793479169981,447.8793479169981,448.07206262499676,448.07206262499676,448.26054733400815,448.2783025000099,448.3719892920053,448.3787299999967,448.3787299999967,449.42406666700845,left,0,1.0388722909992794,None,449.42458025000815,449.43644229200436,449.43644229200436,449.6206033339986,449.6278955840098,449.6278955840098,450.4206078749994,450.40495137500693,,,s,"001",2025-11-10_20h45.30.570,2nd exp,,2025.2.0,None,2025-11-10 20h45.30.652027 +0530,
The dog is barking loudly,The dog barking is loudly,transposition_related,right,131,3,8,right,1,1.182534541003406,None,8,3,131,14,450.4206078749994,,,,,,,,,450.4158691670018,450.4251119170076,450.67214033400523,450.67214033400523,450.87186566700984,450.87186566700984,451.0602302500047,451.07218433399976,451.15925300000526,451.17197366700566,451.17197366700566,452.3574674170086,right,1,1.182534541003406,None,452.3579086249956,452.36940058400796,452.36940058400796,452.5541309590044,452.56245995900827,452.56245995900827,453.35391904199787,453.3378115000087,,,s,"001",2025-11-10_20h45.30.570,2nd exp,,2025.2.0,None,2025-11-10 20h45.30.652027 +0530,
The boy can read fast,The read can boy fast,repetition_unrelated,left,132,4,8,right,0,3.057139873999404,None,8,4,132,1,453.35391904199787,,,,,,,,,453.3489258339978,453.3584209170076,453.605385709001,453.605385709001,453.8054744590045,453.7918239169958,453.9938688340044,454.0051520840061,454.09376241700375,454.10548708400165,454.10548708400165,457.17361029199674,right,0,3.057139873999404,None,457.17395266699896,457.1853882919968,457.1853882919968,457.3704624999955,457.3778306669992,457.3778306669992,458.1710987499973,458.1553829170007,,,s,"001",2025-11-10_20h45.30.570,2nd exp,,2025.2.0,None,2025-11-10 20h45.30.652027 +0530,
They have finished the work,They finished have the work,repetition_unrelated,left,133,5,8,left,1,2.111355248998734,None,8,5,133,9,458.1710987499973,,,,,,,,,458.16633808400366,458.1750595420017,458.4219920839969,458.4219920839969,458.6220470840053,458.6220470840053,458.8112090420036,458.8218563749979,458.91010483400896,458.9219205840054,458.9219205840054,461.04016400000546,left,1,2.111355248998734,None,461.0405525420065,461.0521996669995,461.0521996669995,461.23715691700636,461.2440717090067,461.2440717090067,462.03714833399863,462.02118979200895,,,s,"001",2025-11-10_20h45.30.570,2nd exp,,2025.2.0,None,2025-11-10 20h45.30.652027 +0530,
She does not like apples,She like does apples not,transposition_unrelated,left,134,6,8,left,1,1.4054651659971569,None,8,6,134,7,462.03714833399863,,,,,,,,,462.0321398750093,462.04089933400974,462.2885897500091,462.2885897500091,462.48863091699604,462.47615070900065,462.6772254170064,462.68870670899923,462.7761910840054,462.78857862499717,462.78857862499717,464.1961683749978,left,1,1.4054651659971569,None,464.1965028340055,464.2076875000057,464.2076875000057,464.39793041700614,464.40418700000737,464.40418700000737,465.2060992500046,465.18913300000713,,,s,"001",2025-11-10_20h45.30.570,2nd exp,,2025.2.0,None,2025-11-10 20h45.30.652027 +0530,
The dog is barking loudly,The loudly is barking dog,repetition_unrelated,left,135,7,8,left,1,1.4980373329890426,None,8,7,135,13,465.2060992500046,,,,,,,,,465.20075650000945,465.2060992500046,465.4450080000097,465.4450080000097,465.6384527920018,465.6384527920018,465.8266640840011,465.84512508400076,465.93859237500874,465.9451073750097,465.9451073750097,467.44570545900206,left,1,1.4980373329890426,None,467.44597679200524,467.4573134999955,467.4573134999955,467.64758495900605,467.65351187500346,467.65351187500346,468.4488391250052,468.43797008400725,,,s,"001",2025-11-10_20h45.30.570,2nd exp,,2025.2.0,None,2025-11-10 20h45.30.652027 +0530,
The dog is barking loudly,The dog is barking loudly,repetition_related,right,136,8,8,right,1,1.1073447069938993,None,8,8,136,12,468.4488391250052,,,,,,,,,468.44335512499674,468.4488391250052,468.6961663749971,468.6961663749971,468.8873961250065,468.8873961250065,469.0767691670044,469.09507350000786,469.18854616700264,469.18854616700264,469.18854616700264,470.30741266699624,right,1,1.1073447069938993,None,470.3078065000009,470.31925633399806,470.31925633399806,470.504147833999,470.51250004200847,470.51250004200847,471.3033854170062,471.28758425000706,,,s,"001",2025-11-10_20h45.30.570,2nd exp,,2025.2.0,None,2025-11-10 20h45.30.652027 +0530,
They have finished the work,They have finished the work,repetition_related,right,137,9,8,right,1,1.5535653749975609,None,8,9,137,8,471.3033854170062,,,,,,,,,471.29856554200524,471.30798587499885,471.55537924999953,471.55537924999953,471.75516558400705,471.75516558400705,471.9439018749981,471.9552485000022,472.042742250007,472.05527062500187,472.05527062500187,473.6126721250039,right,1,1.5535653749975609,None,473.61301279200416,473.6243633749982,473.6243633749982,473.814987167003,473.8227689589985,473.8227689589985,474.6192048340017,474.6042119170015,,,s,"001",2025-11-10_20h45.30.570,2nd exp,,2025.2.0,None,2025-11-10 20h45.30.652027 +0530,
The boy can read fast,The boy can read fast,transposition_related,right,138,10,8,right,1,1.122808873988106,None,8,10,138,2,474.6192048340017,,,,,,,,,474.6139887919999,474.6192048340017,474.86363966700446,474.86363966700446,475.0537610839965,475.05843579200155,475.24361420900095,475.25995483400766,475.35507262499596,475.3611314590089,475.3611314590089,476.4898519999988,right,1,1.122808873988106,None,476.49014008400263,476.5014173750096,476.5014173750096,476.6885098750063,476.69523554200714,476.69523554200714,477.487875375009,477.4722738749988,,,s,"001",2025-11-10_20h45.30.570,2nd exp,,2025.2.0,None,2025-11-10 20h45.30.652027 +0530,
They have finished the work,They work the have finished,transposition_unrelated,left,139,11,8,left,1,1.2587834570003906,None,8,11,139,11,477.487875375009,,,,,,,,,477.4830292920087,477.49259275000077,477.7384703340067,477.7384703340067,477.937422959003,477.9251577499963,478.127120834004,478.1388237920037,478.22809995900025,478.23889141700056,478.23889141700056,479.5075753340061,left,1,1.2587834570003906,None,479.50820991699584,479.5207788340049,479.5207788340049,479.7036491250037,479.7109336249996,479.7109336249996,480.5042942919972,480.48805254200124,,,s,"001",2025-11-10_20h45.30.570,2nd exp,,2025.2.0,None,2025-11-10 20h45.30.652027 +0530,
The dog is barking loudly,The barking dog loudly is,transposition_unrelated,left,140,12,8,left,1,0.7384649989980971,None,8,12,140,15,480.5042942919972,,,,,,,,,480.49951308399613,480.50896266700875,480.7551717919996,480.7551717919996,480.9545918750082,480.9545918750082,481.14263316700817,481.1552883749973,481.2438144589978,481.25519129200256,481.25519129200256,481.99541445900104,left,1,0.7384649989980971,None,481.99567879200913,482.0071404170012,482.0071404170012,482.19758241700765,482.2039821250073,482.2039821250073,483.0049816249957,482.9888484999974,,,s,"001",2025-11-10_20h45.30.570,2nd exp,,2025.2.0,None,2025-11-10 20h45.30.652027 +0530,
The boy can read fast,The read can boy fast,transposition_unrelated,left,141,13,8,left,1,0.7097134570067283,None,8,13,141,3,483.0049816249957,,,,,,,,,482.9993680000043,483.0049816249957,483.24607275000017,483.24607275000017,483.4445887089969,483.4445887089969,483.63861016700685,483.6447015419981,483.7449931250012,483.7449931250012,483.7449931250012,484.45724883400544,left,1,0.7097134570067283,None,484.45778995900764,484.4693470420025,484.4693470420025,484.65522429200064,484.6627568749973,484.6627568749973,485.45045466700685,485.4392304170033,,,s,"001",2025-11-10_20h45.30.570,2nd exp,,2025.2.0,None,2025-11-10 20h45.30.652027 +0530,
The boy can read fast,The boy can read fast,repetition_related,right,142,14,8,right,1,0.8561917909974,None,8,14,142,0,485.45045466700685,,,,,,,,,485.44564337500196,485.4717217090074,485.70518337500107,485.7129900840082,485.905183750001,485.905183750001,486.093794417,486.10528241700376,486.19257225000183,486.2053777920082,486.2053777920082,487.07418629199674,right,1,0.8561917909974,None,487.07471216699923,487.08782120900287,487.08782120900287,487.27193516700936,487.28040108400455,487.28040108400455,488.07713212500676,488.0622755000077,,,s,"001",2025-11-10_20h45.30.570,2nd exp,,2025.2.0,None,2025-11-10 20h45.30.652027 +0530,
She does not like apples,She not does like apples,repetition_unrelated,left,143,15,8,left,1,1.153652331995545,None,8,15,143,5,488.07713212500676,,,,,,,,,488.0720292920014,488.07713212500676,488.32191250000324,488.32191250000324,488.5213759170001,488.5213759170001,488.710420125004,488.7219052090077,488.8107891670079,488.82182933400327,488.82182933400327,489.97958495900093,left,1,1.153652331995545,None,489.9799221249996,489.9911090420064,489.9911090420064,490.18000562500674,490.1870641669957,490.1870641669957,490.98700175000704,490.97143254200637,,,s,"001",2025-11-10_20h45.30.570,2nd exp,,2025.2.0,None,2025-11-10 20h45.30.652027 +0530,
The boy can read fast,The read can boy fast,repetition_unrelated,left,144,0,9,left,1,1.27299379100441,None,9,0,144,1,490.98700175000704,,,,,,,,,490.9816460840084,490.98700175000704,491.23036762500124,491.23036762500124,491.42712358399876,491.42712358399876,491.62219187500887,491.62849129200913,491.7221287499997,491.7285403749993,491.7285403749993,493.00642312499986,left,1,1.27299379100441,None,493.0066960420081,493.01810687500983,493.01810687500983,493.20378820900805,493.21036625000124,493.21036625000124,494.00196645900724,493.98814625000523,,,s,"001",2025-11-10_20h45.30.570,2nd exp,,2025.2.0,None,2025-11-10 20h45.30.652027 +0530,
She does not like apples,She not does like apples,repetition_unrelated,left,145,1,9,left,1,1.1653557079989696,None,9,1,145,5,494.00196645900724,,,,,,,,,493.9971814169985,494.0062941250071,494.2553587919974,494.2553587919974,494.4552145839989,494.4427906250057,494.64262600000075,494.6551534589962,494.74220270900696,494.75508120900486,494.75508120900486,495.9240049170039,left,1,1.1653557079989696,None,495.9245582500007,495.93653854200966,495.93653854200966,496.12049820899847,496.1282648339984,496.1282648339984,496.9217117090011,496.9056345840072,,,s,"001",2025-11-10_20h45.30.570,2nd exp,,2025.2.0,None,2025-11-10 20h45.30.652027 +0530,
The dog is barking loudly,The barking dog loudly is,transposition_unrelated,left,146,2,9,left,1,1.1483696659997804,None,9,2,146,15,496.9217117090011,,,,,,,,,496.9168507919967,496.9263949590095,497.17179370899976,497.17179370899976,497.3702580840036,497.3702580840036,497.56069262500387,497.5720234170003,497.6594508749986,497.6719560420024,497.6719560420024,498.82378691699705,left,1,1.1483696659997804,None,498.8243247089995,498.8360708340042,498.8360708340042,499.02052104200993,499.02910070899816,499.02910070899816,499.81556558400916,499.80421825000667,,,s,"001",2025-11-10_20h45.30.570,2nd exp,,2025.2.0,None,2025-11-10 20h45.30.652027 +0530,
The dog is barking loudly,The loudly is barking dog,repetition_unrelated,left,147,3,9,left,1,0.7003544159961166,None,9,3,147,13,499.81556558400916,,,,,,,,,499.8106764999975,499.8204082919983,500.0719547500048,500.059166542007,500.27200879200245,500.2592089999962,500.4599332920043,500.472070667005,500.5617270000075,500.5718777919974,500.5718777919974,501.27973991700856,left,1,0.7003544159961166,None,501.28000533400336,501.29105879200506,501.29105879200506,501.48081966700556,501.4870191250084,501.4870191250084,502.27907800000685,502.26378066701,,,s,"001",2025-11-10_20h45.30.570,2nd exp,,2025.2.0,None,2025-11-10 20h45.30.652027 +0530,
They have finished the work,They finished have the work,repetition_unrelated,left,148,4,9,left,1,1.817565207995358,None,9,4,148,9,502.27907800000685,,,,,,,,,502.27358454199566,502.27907800000685,502.52861304199905,502.52861304199905,502.72851462500694,502.72183141700225,502.92826316700666,502.92826316700666,503.02173287500045,503.0275456250092,503.0275456250092,504.8548848339997,left,1,1.817565207995358,None,504.8551960420009,504.8662625840079,504.8662625840079,505.04703229200095,505.0605421250075,505.0605421250075,505.8538506670011,505.8387929590099,,,s,"001",2025-11-10_20h45.30.570,2nd exp,,2025.2.0,None,2025-11-10 20h45.30.652027 +0530,
She does not like apples,She does not like apples,repetition_related,right,149,5,9,left,0,0.7480625410098583,None,9,5,149,4,505.8538506670011,,,,,,,,,505.848492834004,505.8538506670011,506.09685466700466,506.09685466700466,506.29459716699785,506.29459716699785,506.48849387500377,506.494288959002,506.58848304199637,506.59508937499777,506.59508937499777,507.3458139169961,left,0,0.7480625410098583,None,507.3461204589985,507.35769066700595,507.35769066700595,507.5474610000092,507.55375520901,507.55375520901,508.3532898340054,508.33782524999697,,,s,"001",2025-11-10_20h45.30.570,2nd exp,,2025.2.0,None,2025-11-10 20h45.30.652027 +0530,
The boy can read fast,The boy can read fast,repetition_related,right,150,6,9,right,1,1.623741791001521,None,9,6,150,0,508.3532898340054,,,,,,,,,508.3477631249989,508.3532898340054,508.5962863750028,508.5962863750028,508.78818299999693,508.78818299999693,508.9771482500073,508.9948865000042,509.0885786669969,509.0953489590029,509.0953489590029,510.723947874998,right,1,1.623741791001521,None,510.72444416700455,510.7365255839977,510.7365255839977,510.9217734170088,510.93028262500593,510.93028262500593,511.72133416699944,511.70569904200966,,,s,"001",2025-11-10_20h45.30.570,2nd exp,,2025.2.0,None,2025-11-10 20h45.30.652027 +0530,
The dog is barking loudly,The dog is barking loudly,repetition_related,right,151,7,9,right,1,0.985301207008888,None,9,7,151,12,511.72133416699944,,,,,,,,,511.7164943340031,511.72582837499795,511.9717130000063,511.9717130000063,512.1719134590094,512.1591563749971,512.3601196250092,512.3718049590098,512.459095875005,512.4716826250078,512.4716826250078,513.4625759170012,right,1,0.985301207008888,None,513.4628494170029,513.4743246669968,513.4743246669968,513.6645369170001,513.671224500009,513.671224500009,514.4715727090079,514.4556399590074,,,s,"001",2025-11-10_20h45.30.570,2nd exp,,2025.2.0,None,2025-11-10 20h45.30.652027 +0530,
She does not like apples,She not does like apples,transposition_related,right,152,8,9,left,0,1.5438219159987057,None,9,8,152,6,514.4715727090079,,,,,,,,,514.4663558339962,514.4715727090079,514.713650250007,514.713650250007,514.9120912920043,514.9120912920043,515.1113666250021,515.1113666250021,515.2052743340028,515.2119914590003,515.2119914590003,516.7626782090083,left,0,1.5438219159987057,None,516.7631015840016,516.7743784589984,516.7743784589984,516.9642336670076,516.9715083750052,516.9715083750052,517.7715505420056,517.7547534589976,,,s,"001",2025-11-10_20h45.30.570,2nd exp,,2025.2.0,None,2025-11-10 20h45.30.652027 +0530,
The dog is barking loudly,The dog barking is loudly,transposition_related,right,153,9,9,right,1,0.9832863329938846,None,9,9,153,14,517.7715505420056,,,,,,,,,517.7662772920012,517.7715505420056,518.0134594170086,518.0134594170086,518.2036270000099,518.2036270000099,518.39366875001,518.4118333750084,518.5051108750049,518.5115611670044,518.5115611670044,519.5074888340023,right,1,0.9832863329938846,None,519.5081100420066,519.5201835420012,519.5201835420012,519.7035547920095,519.7097867090051,519.7097867090051,520.5037028340012,520.4876300000033,,,s,"001",2025-11-10_20h45.30.570,2nd exp,,2025.2.0,None,2025-11-10 20h45.30.652027 +0530,
She does not like apples,She like does apples not,transposition_unrelated,left,154,10,9,left,1,1.2826110830064863,None,9,10,154,7,520.5037028340012,,,,,,,,,520.4989513750043,520.5075755419966,520.7551808340068,520.7551808340068,520.9550309170008,520.9423137090052,521.1436317500047,521.1552167920017,521.2436362090084,521.2551422090037,521.2551422090037,522.5405139590002,left,1,1.2826110830064863,None,522.5408630419988,522.552368042001,522.552368042001,522.7375401250029,522.7460890000075,522.7460890000075,523.5383026250056,523.5222539170063,,,s,"001",2025-11-10_20h45.30.570,2nd exp,,2025.2.0,None,2025-11-10 20h45.30.652027 +0530,
They have finished the work,They finished have the work,transposition_related,right,155,11,9,left,0,1.3181819999881554,None,9,11,155,10,523.5383026250056,,,,,,,,,523.533196999997,523.5418137090019,523.7884687920014,523.7884687920014,523.9884267090092,523.9884267090092,524.1759419590089,524.188504167003,524.2759015839983,524.2884153750056,524.2884153750056,525.61253433401,left,0,1.3181819999881554,None,525.6127996669966,525.623926625005,525.623926625005,525.8139830419968,525.8203271250095,525.8203271250095,526.6191342920065,526.6042518750037,,,s,"001",2025-11-10_20h45.30.570,2nd exp,,2025.2.0,None,2025-11-10 20h45.30.652027 +0530,
The boy can read fast,The read can boy fast,transposition_unrelated,left,156,12,9,right,0,0.7237478320021182,None,9,12,156,3,526.6191342920065,,,,,,,,,526.6139606250072,526.6191342920065,526.863463583999,526.863463583999,527.0535643339972,527.0596787499962,527.2439399169962,527.2615207920026,527.3551970840053,527.3618651669967,527.3618651669967,528.0903405419958,right,0,0.7237478320021182,None,528.0908768340014,528.102879500002,528.102879500002,528.2869936670031,528.2940446249995,528.2940446249995,529.0814656250004,529.070833042002,,,s,"001",2025-11-10_20h45.30.570,2nd exp,,2025.2.0,None,2025-11-10 20h45.30.652027 +0530,
The boy can read fast,The boy can read fast,transposition_related,right,157,13,9,right,1,0.7182532909937436,None,9,13,157,2,529.0814656250004,,,,,,,,,529.0767340839957,529.0869206670031,529.3382961669995,529.3258099170052,529.5385486669984,529.5385486669984,529.7258042089961,529.738581084006,529.825495541998,529.8383542920055,529.8383542920055,530.5625325419969,right,1,0.7182532909937436,None,530.5627961669961,530.5740207089984,530.5740207089984,530.764262584009,530.7705601670023,530.7705601670023,531.569806917003,531.5541175840044,,,s,"001",2025-11-10_20h45.30.570,2nd exp,,2025.2.0,None,2025-11-10 20h45.30.652027 +0530,
They have finished the work,They work the have finished,transposition_unrelated,left,158,14,9,left,1,1.2046908320044167,None,9,14,158,11,531.569806917003,,,,,,,,,531.5645059170056,531.569806917003,531.8134861669969,531.8134861669969,532.0036088339984,532.0080806250044,532.1934051249991,532.2114783340076,532.3051960840094,532.3118717500038,532.3118717500038,533.5240820000035,left,1,1.2046908320044167,None,533.5246052090079,533.5362176670023,533.5362176670023,533.7217274590075,533.7300464169966,533.7300464169966,534.5178097500029,534.505618042007,,,s,"001",2025-11-10_20h45.30.570,2nd exp,,2025.2.0,None,2025-11-10 20h45.30.652027 +0530,
They have finished the work,They have finished the work,repetition_related,right,159,15,9,right,1,1.2796137069963152,None,9,15,159,8,534.5178097500029,,,,,,,,,534.5124863750098,534.5229393750051,534.7716914589982,534.7716914589982,534.9716817090084,534.9716817090084,535.1588364589988,535.1716846250056,535.2599960840016,535.2718544590025,535.2718544590025,536.5567693750054,right,1,1.2796137069963152,None,536.5571458339982,536.5686043339956,536.5686043339956,536.7550387090014,536.7625552499958,536.7625552499958,537.557544292009,537.5442671670025,,,s,"001",2025-11-10_20h45.30.570,2nd exp,,2025.2.0,None,2025-11-10 20h45.30.652027 +0530,
The boy can read fast,The boy can read fast,repetition_related,right,160,0,10,right,1,0.8342912069929298,None,10,0,160,0,537.557544292009,,,,,,,,,537.5527884170006,537.557544292009,537.805068458998,537.805068458998,538.0050150839961,537.9939205840055,538.1934430840047,538.2052290419961,538.2926355840027,538.3051262090012,538.3051262090012,539.1454282500054,right,1,0.8342912069929298,None,539.1457107919996,539.1573753749981,539.1573753749981,539.3471914999973,539.3535817090014,539.3535817090014,540.1538911670068,540.138171958999,,,s,"001",2025-11-10_20h45.30.570,2nd exp,,2025.2.0,None,2025-11-10 20h45.30.652027 +0530,
They have finished the work,They have finished the work,repetition_related,right,161,1,10,right,1,0.817205165993073,None,10,1,161,8,540.1538911670068,,,,,,,,,540.1485725000093,540.1538911670068,540.3966989170003,540.3966989170003,540.5867879169964,540.5913200000068,540.7757688340062,540.7951035419974,540.888528209005,540.8941285420005,540.8941285420005,541.7239076249971,right,1,0.817205165993073,None,541.7242800420063,541.7359503339976,541.7359503339976,541.9209720840008,541.9274177089974,541.9274177089974,542.7216352090036,542.7053215839987,,,s,"001",2025-11-10_20h45.30.570,2nd exp,,2025.2.0,None,2025-11-10 20h45.30.652027 +0530,
The boy can read fast,The boy can read fast,transposition_related,right,162,2,10,right,1,0.5145247080072295,None,10,2,162,2,542.7216352090036,,,,,,,,,542.7160462500033,542.7261951249966,542.9715974590072,542.9715974590072,543.1716253750055,543.1716253750055,543.3603679170046,543.3719047500053,543.4599909999961,543.4717422920075,543.4717422920075,543.9904151250084,right,1,0.5145247080072295,None,543.9909467090038,544.0026685000048,544.0026685000048,544.1883653749974,544.1959510000015,544.1959510000015,544.9915600420063,544.9769215420092,,,s,"001",2025-11-10_20h45.30.570,2nd exp,,2025.2.0,None,2025-11-10 20h45.30.652027 +0530,
She does not like apples,She not does like apples,repetition_unrelated,left,163,3,10,left,1,1.1224682080064667,None,10,3,163,5,544.9915600420063,,,,,,,,,544.9866068340052,544.9915600420063,545.2382955000066,545.2382955000066,545.4385362500034,545.4385362500034,545.6257873750001,545.6383296669956,545.7267397920077,545.7386682500073,545.7386682500073,546.873476875,left,1,1.1224682080064667,None,546.8738547499961,546.8856575840036,546.8856575840036,547.0701960000006,547.0764542499965,547.0764542499965,547.8701012920064,547.8538635840086,,,s,"001",2025-11-10_20h45.30.570,2nd exp,,2025.2.0,None,2025-11-10 20h45.30.652027 +0530,
They have finished the work,They finished have the work,repetition_unrelated,left,164,4,10,left,1,1.5134798740036786,None,10,4,164,9,547.8701012920064,,,,,,,,,547.8654437500081,547.8741560420021,548.1218906249997,548.1218906249997,548.3218987500004,548.3092036669987,548.5102322090097,548.5217316250055,548.6090909589984,548.6216070000082,548.6216070000082,550.1406519169977,left,1,1.5134798740036786,None,550.1411581249995,550.1530730840022,550.1530730840022,550.3384747920063,550.3459876670095,550.3459876670095,551.1273487090075,551.1221318750031,,,s,"001",2025-11-10_20h45.30.570,2nd exp,,2025.2.0,None,2025-11-10 20h45.30.652027 +0530,
They have finished the work,They finished have the work,transposition_related,right,165,5,10,left,0,0.8856951240013586,None,10,5,165,10,551.1273487090075,,,,,,,,,551.1225048339984,551.1383904590039,551.3884888750035,551.3771592090052,551.5886649169988,551.5760808750056,551.7769602920016,551.7884864590014,551.8759154169966,551.8883760419994,551.8883760419994,552.7787401670066,left,0,0.8856951240013586,None,552.7790082919964,552.7906105840084,552.7906105840084,552.9798830000072,552.9870306670055,552.9870306670055,553.787729417003,553.7721907920059,,,s,"001",2025-11-10_20h45.30.570,2nd exp,,2025.2.0,None,2025-11-10 20h45.30.652027 +0530,
The dog is barking loudly,The dog barking is loudly,transposition_related,right,166,6,10,right,1,0.5232623330084607,None,10,6,166,14,553.787729417003,,,,,,,,,553.782365542007,553.787729417003,554.0207710420073,554.0290342920052,554.2287226250046,554.2088538749958,554.4281743339961,554.4281743339961,554.5216729999956,554.5216729999956,554.5216729999956,555.0573723749985,right,1,0.5232623330084607,None,555.0577989590092,555.0693937920005,555.0693937920005,555.2547297919955,555.2622273340094,555.2622273340094,556.0527925839997,556.0385990840005,,,s,"001",2025-11-10_20h45.30.570,2nd exp,,2025.2.0,None,2025-11-10 20h45.30.652027 +0530,
The boy can read fast,The read can boy fast,transposition_unrelated,left,167,7,10,left,1,1.5467968330049189,None,10,7,167,3,556.0527925839997,,,,,,,,,556.0479075000039,556.0571534589981,556.3052493750001,556.3052493750001,556.5050074169994,556.4931428749987,556.69395312501,556.7052157090075,556.7929940419999,556.8051366250002,556.8051366250002,558.3567144999979,left,1,1.5467968330049189,None,558.3570807500073,558.3686964170047,558.3686964170047,558.5535584589961,558.5605320839968,558.5605320839968,559.3540606250026,559.338948042001,,,s,"001",2025-11-10_20h45.30.570,2nd exp,,2025.2.0,None,2025-11-10 20h45.30.652027 +0530,
The dog is barking loudly,The barking dog loudly is,transposition_unrelated,left,168,8,10,left,1,1.5347109160065884,None,10,8,168,15,559.3540606250026,,,,,,,,,559.3492635419971,559.3587647090026,559.6050604170014,559.6050604170014,559.8050650840014,559.8050650840014,559.9925825840037,560.0052920419985,560.092473459008,560.1049942920072,560.1049942920072,561.6455079169973,left,1,1.5347109160065884,None,561.6457820420037,561.6574247499957,561.6574247499957,561.8464791669976,561.8533963340014,561.8533963340014,562.6458835840021,562.6301760420029,,,s,"001",2025-11-10_20h45.30.570,2nd exp,,2025.2.0,None,2025-11-10 20h45.30.652027 +0530,
She does not like apples,She does not like apples,repetition_related,right,169,9,10,right,1,0.6953402079961961,None,10,9,169,4,562.6458835840021,,,,,,,,,562.6406915420084,562.6458835840021,562.8964797500084,562.8964797500084,563.0878174999962,563.094039750009,563.2769621250045,563.2948597500072,563.3883745839994,563.3883745839994,563.3883745839994,564.0904673339974,right,1,0.6953402079961961,None,564.0910357920075,564.102578459002,564.102578459002,564.2870333339961,564.295044833998,564.295044833998,565.0869715419976,565.0712330000097,,,s,"001",2025-11-10_20h45.30.570,2nd exp,,2025.2.0,None,2025-11-10 20h45.30.652027 +0530,
The dog is barking loudly,The dog is barking loudly,repetition_related,right,170,10,10,left,0,0.8113127079996048,None,10,10,170,12,565.0869715419976,,,,,,,,,565.0823058749957,565.091450042004,565.3384494170023,565.3384494170023,565.5382747499971,565.5382747499971,565.7265302500018,565.7385523340054,565.8268059170077,565.8383730420028,565.8383730420028,566.6564090000029,left,0,0.8113127079996048,None,566.6566702499986,566.6680382500053,566.6680382500053,566.8536478339956,566.8605670840043,566.8605670840043,567.6519065419998,567.6372770419985,,,s,"001",2025-11-10_20h45.30.570,2nd exp,,2025.2.0,None,2025-11-10 20h45.30.652027 +0530,
She does not like apples,She not does like apples,transposition_related,right,171,11,10,left,0,1.2384451660036575,None,10,11,171,6,567.6519065419998,,,,,,,,,567.647189292009,567.656454750002,567.9051207500015,567.9051207500015,568.1051659170043,568.0922112920089,568.2930916670011,568.305159459007,568.3932496670022,568.4051047920075,568.4051047920075,569.6460319589969,left,0,1.2384451660036575,None,569.6463004590041,569.6576292920072,569.6576292920072,569.8475513750018,569.8535850000044,569.8535850000044,570.6504913340032,570.6389731250092,,,s,"001",2025-11-10_20h45.30.570,2nd exp,,2025.2.0,None,2025-11-10 20h45.30.652027 +0530,
She does not like apples,She like does apples not,transposition_unrelated,left,172,12,10,left,1,0.928567082999507,None,10,12,172,7,570.6504913340032,,,,,,,,,570.6451196249982,570.6504913340032,570.8966779589973,570.8966779589973,571.0867999170005,571.0914775840065,571.2773162090016,571.2943282089982,571.388330834001,571.3949235839973,571.3949235839973,572.3293897090043,left,1,0.928567082999507,None,572.3296584589989,572.340945584001,572.340945584001,572.5300503339968,572.536864624999,572.536864624999,573.3288059589977,573.3134684999968,,,s,"001",2025-11-10_20h45.30.570,2nd exp,,2025.2.0,None,2025-11-10 20h45.30.652027 +0530,
The dog is barking loudly,The loudly is barking dog,repetition_unrelated,left,173,13,10,left,1,0.9472832070023287,None,10,13,173,13,573.3288059589977,,,,,,,,,573.3233558750071,573.3288059589977,573.5798153340002,573.5798153340002,573.770689625002,573.770689625002,573.9599371250079,573.9781718340091,574.0716739589989,574.0781498340075,574.0781498340075,575.0291319170065,left,1,0.9472832070023287,None,575.0294670000003,575.0409110000037,575.0409110000037,575.2317820839962,575.2376305420039,575.2376305420039,576.0370217090094,576.0220522090094,,,s,"001",2025-11-10_20h45.30.570,2nd exp,,2025.2.0,None,2025-11-10 20h45.30.652027 +0530,
The boy can read fast,The read can boy fast,repetition_unrelated,left,174,14,10,left,1,1.284752291001496,None,10,14,174,1,576.0370217090094,,,,,,,,,576.0317216670082,576.0370217090094,576.2797197089967,576.2797197089967,576.4716546670097,576.4716546670097,576.6587021250016,576.6773876250081,576.7716427090054,576.7776470000099,576.7776470000099,578.073186374997,left,1,1.284752291001496,None,578.0734685000061,578.0847015420004,578.0847015420004,578.2701507500024,578.2764487920067,578.2764487920067,579.0712037089979,579.055536209009,,,s,"001",2025-11-10_20h45.30.570,2nd exp,,2025.2.0,None,2025-11-10 20h45.30.652027 +0530,
They have finished the work,They work the have finished,transposition_unrelated,left,175,15,10,left,1,1.0045222909975564,None,10,15,175,11,579.0712037089979,,,,,,,,,579.0664694169973,579.0756004590075,579.3216186670033,579.3216186670033,579.5216466670099,579.5216466670099,579.7102711250045,579.7218294589984,579.8102305840002,579.8217595419992,579.8217595419992,580.8292500840034,left,1,1.0045222909975564,None,580.8296092920064,580.8408265420003,580.8408265420003,581.0309939169965,581.0372424590023,581.0372424590023,581.8389233339985,581.8222041249974,,,s,"001",2025-11-10_20h45.30.570,2nd exp,,2025.2.0,None,2025-11-10 20h45.30.652027 +0530,
The dog is barking loudly,The loudly is barking dog,repetition_unrelated,left,176,0,11,left,1,1.0472477489965968,None,11,0,176,13,581.8389233339985,,,,,,,,,581.8336865000019,581.8389233339985,582.0800771250069,582.0800771250069,582.2779053749982,582.2779053749982,582.4718610420096,582.4777885000076,582.5717659590009,582.5780476670043,582.5780476670043,583.629268292003,left,1,1.0472477489965968,None,583.6296100420004,583.6408455420024,583.6408455420024,583.8304504999978,583.8368667920004,583.8368667920004,584.6339599170024,584.6222420840058,,,s,"001",2025-11-10_20h45.30.570,2nd exp,,2025.2.0,None,2025-11-10 20h45.30.652027 +0530,
The dog is barking loudly,The dog barking is loudly,transposition_related,right,177,1,11,right,1,0.8570244579896098,None,11,1,177,14,584.6339599170024,,,,,,,,,584.6286517090048,584.6339599170024,584.8797547499998,584.8797547499998,585.0716252919956,585.0716252919956,585.2598701250099,585.2783478750061,585.3792507500038,585.3792507500038,585.3792507500038,586.2404258339957,right,1,0.8570244579896098,None,586.2409557500068,586.2526955840003,586.2526955840003,586.4377654590062,586.4450328750099,586.4450328750099,587.2367811669974,587.2219982090028,,,s,"001",2025-11-10_20h45.30.570,2nd exp,,2025.2.0,None,2025-11-10 20h45.30.652027 +0530,
They have finished the work,They finished have the work,repetition_unrelated,left,178,2,11,left,1,1.2907458739937283,None,11,2,178,9,587.2367811669974,,,,,,,,,587.2318762500072,587.2413099999976,587.488363084005,587.488363084005,587.6883812500018,587.6883812500018,587.8765139169991,587.8886569589959,587.9766960420093,587.9884220420063,587.9884220420063,589.2897970839986,left,1,1.2907458739937283,None,589.2900683750049,589.3014283340017,589.3014283340017,589.4873223750037,589.4956434589985,589.4956434589985,590.2880785840098,590.2725155840017,,,s,"001",2025-11-10_20h45.30.570,2nd exp,,2025.2.0,None,2025-11-10 20h45.30.652027 +0530,
The dog is barking loudly,The dog is barking loudly,repetition_related,right,179,3,11,right,1,0.7026830830000108,None,11,3,179,12,590.2880785840098,,,,,,,,,590.2831472499965,590.2926157500042,590.5382393339969,590.5382393339969,590.7384067920066,590.7384067920066,590.9265932090057,590.938321959009,591.0265881250089,591.0384277090052,591.0384277090052,591.7458104999969,right,1,0.7026830830000108,None,591.7460875420074,591.7575328750099,591.7575328750099,591.9475269590039,591.9534538750013,591.9534538750013,592.7518262500089,592.7374827919994,,,s,"001",2025-11-10_20h45.30.570,2nd exp,,2025.2.0,None,2025-11-10 20h45.30.652027 +0530,
She does not like apples,She not does like apples,transposition_related,right,180,4,11,left,0,0.8763525409885915,None,11,4,180,6,592.7518262500089,,,,,,,,,592.7465726250084,592.7518262500089,592.9964359169971,592.9964359169971,593.1937454590079,593.1937454590079,593.3883259590075,593.3940885420016,593.4882399589987,593.4947630840034,593.4947630840034,594.3738152919977,left,0,0.8763525409885915,None,594.3742187500029,594.3857036670088,594.3857036670088,594.5710827919975,594.5785495839955,594.5785495839955,595.3700989170029,595.3544037920074,,,s,"001",2025-11-10_20h45.30.570,2nd exp,,2025.2.0,None,2025-11-10 20h45.30.652027 +0530,
They have finished the work,They have finished the work,repetition_related,right,181,5,11,right,1,1.5321666239906335,None,11,5,181,8,595.3700989170029,,,,,,,,,595.3652832920052,595.3746733750013,595.6216618339968,595.6216618339968,595.8215182090062,595.8106323340035,596.0101413340017,596.021859333996,596.1099117090052,596.1217444170034,596.1217444170034,597.6573728340009,right,1,1.5321666239906335,None,597.6577327920095,597.6691327500012,597.6691327500012,597.8550018749957,597.8631260420079,597.8631260420079,598.6493563749973,598.6387551250082,,,s,"001",2025-11-10_20h45.30.570,2nd exp,,2025.2.0,None,2025-11-10 20h45.30.652027 +0530,
They have finished the work,They finished have the work,transposition_related,right,182,6,11,right,1,0.6779030409961706,None,11,6,182,10,598.6493563749973,,,,,,,,,598.64461183401,598.6536617090023,598.9049668340012,598.8922652500041,599.1036556250037,599.1036556250037,599.2935794170044,599.3050145419984,599.3923550839972,599.4049749170081,599.4049749170081,600.0906194170093,right,1,0.6779030409961706,None,600.0911852499994,600.1031278340088,600.1031278340088,600.2882517920079,600.2960367089981,600.2960367089981,601.0862773749977,601.0715947499993,,,s,"001",2025-11-10_20h45.30.570,2nd exp,,2025.2.0,None,2025-11-10 20h45.30.652027 +0530,
The dog is barking loudly,The barking dog loudly is,transposition_unrelated,left,183,7,11,left,1,1.10938266600715,None,11,7,183,15,601.0862773749977,,,,,,,,,601.0815158339974,601.0908820839977,601.3380512500007,601.3380512500007,601.5382975420071,601.5382975420071,601.726453042007,601.7379107919987,601.8269331250049,601.8384435420012,601.8384435420012,602.9565135000012,left,1,1.10938266600715,None,602.9568899590085,602.9684116249991,602.9684116249991,603.1548511669971,603.1623367919965,603.1623367919965,603.9574161250057,603.9438677090075,,,s,"001",2025-11-10_20h45.30.570,2nd exp,,2025.2.0,None,2025-11-10 20h45.30.652027 +0530,
She does not like apples,She like does apples not,transposition_unrelated,left,184,8,11,left,1,1.1017652489972534,None,11,8,184,7,603.9574161250057,,,,,,,,,603.9526212089986,603.9574161250057,604.2049930420035,604.2049930420035,604.4050387919997,604.3915170420078,604.5935692500061,604.6050049170008,604.6933741670073,604.7049735420005,604.7049735420005,605.8110940000042,left,1,1.1017652489972534,None,605.8114392090065,605.8241649170086,605.8241649170086,606.011905959007,606.0205153749994,606.0205153749994,606.8212385000079,606.805399542005,,,s,"001",2025-11-10_20h45.30.570,2nd exp,,2025.2.0,None,2025-11-10 20h45.30.652027 +0530,
The boy can read fast,The read can boy fast,transposition_unrelated,left,185,9,11,left,1,1.0117402489995584,None,11,9,185,3,606.8212385000079,,,,,,,,,606.815331500009,606.8212385000079,607.0538203339966,607.0617974589986,607.2614579590008,607.2408119169995,607.4613757089974,607.4613757089974,607.5550342500064,607.5550342500064,607.5550342500064,608.5736847500084,left,1,1.0117402489995584,None,608.5741997919977,608.5856789170066,608.5856789170066,608.770018042007,608.7763707090053,608.7763707090053,609.5704691669962,609.5555258749955,,,s,"001",2025-11-10_20h45.30.570,2nd exp,,2025.2.0,None,2025-11-10 20h45.30.652027 +0530,
She does not like apples,She not does like apples,repetition_unrelated,left,186,10,11,left,1,0.8868755830044392,None,11,10,186,5,609.5704691669962,,,,,,,,,609.56538795901,609.5750471250067,609.8218374590069,609.8218374590069,610.0217860840057,610.0096910840075,610.2105313750071,610.2216233750078,610.3101847920043,610.3217512499978,610.3217512499978,611.2125452920009,left,1,0.8868755830044392,None,611.2128873750044,611.2242306670087,611.2242306670087,611.4135785420076,611.4201051670098,611.4201051670098,612.220142709004,612.2042100840044,,,s,"001",2025-11-10_20h45.30.570,2nd exp,,2025.2.0,None,2025-11-10 20h45.30.652027 +0530,
The boy can read fast,The boy can read fast,repetition_related,right,187,11,11,left,0,0.8135651240008883,None,11,11,187,0,612.220142709004,,,,,,,,,612.2148162500089,612.220142709004,612.462912834002,612.462912834002,612.6609224170097,612.6609224170097,612.8553127089981,612.8619250839984,612.9551620840066,612.9619470000034,612.9619470000034,613.7791119589965,left,0,0.8135651240008883,None,613.7794499590091,613.7908196670032,613.7908196670032,613.9801268340088,613.9867918340024,613.9867918340024,614.7740455000021,614.7635503750062,,,s,"001",2025-11-10_20h45.30.570,2nd exp,,2025.2.0,None,2025-11-10 20h45.30.652027 +0530,
The boy can read fast,The read can boy fast,repetition_unrelated,left,188,12,11,left,1,1.2736850410001352,None,11,12,188,1,614.7740455000021,,,,,,,,,614.7691245000024,614.7740455000021,615.0301500420028,615.021834291998,615.228175917,615.228175917,615.4216380419966,615.4274006670021,615.5218151669978,615.5298993750039,615.5298993750039,616.8070787500037,left,1,1.2736850410001352,None,616.8076361249987,616.8193636670039,616.8193636670039,617.0034145840036,617.0107082920003,617.0107082920003,617.8024417499983,617.7872713340039,,,s,"001",2025-11-10_20h45.30.570,2nd exp,,2025.2.0,None,2025-11-10 20h45.30.652027 +0530,
She does not like apples,She does not like apples,repetition_related,right,189,13,11,right,1,0.687369832987315,None,11,13,189,4,617.8024417499983,,,,,,,,,617.7976169169997,617.8068520000088,618.0551750840095,618.0551750840095,618.2547230000055,618.2547230000055,618.4432080420083,618.454969917002,618.5440585420001,618.5551105839986,618.5551105839986,619.2458902500075,right,1,0.687369832987315,None,619.2461967499985,619.2574775420071,619.2574775420071,619.4466942090075,619.4535634589993,619.4535634589993,620.2451160000055,620.2301710419997,,,s,"001",2025-11-10_20h45.30.570,2nd exp,,2025.2.0,None,2025-11-10 20h45.30.652027 +0530,
The boy can read fast,The boy can read fast,transposition_related,right,190,14,11,left,0,1.0325454999983776,None,11,14,190,2,620.2451160000055,,,,,,,,,620.2395465419977,620.2451160000055,620.4967116670014,620.4882595840027,620.6874040840048,620.6920906669984,620.8764287500089,620.8946651250008,620.9883005840093,620.994861500003,620.994861500003,622.0293122090079,left,0,1.0325454999983776,None,622.0296905840078,622.0408948749973,622.0408948749973,622.2301723749988,622.2369978750066,622.2369978750066,623.0376060420094,623.0220015840023,,,s,"001",2025-11-10_20h45.30.570,2nd exp,,2025.2.0,None,2025-11-10 20h45.30.652027 +0530,
They have finished the work,They work the have finished,transposition_unrelated,left,191,15,11,left,1,1.5188628749892814,None,11,15,191,11,623.0376060420094,,,,,,,,,623.0323130000033,623.0376060420094,623.2801212920021,623.2801212920021,623.4786587920098,623.4786587920098,623.6783119589963,623.6783119589963,623.7715726250026,623.7774235420075,623.7774235420075,625.3071189589973,left,1,1.5188628749892814,None,625.3076564170042,625.3193707500031,625.3193707500031,625.5044342500041,625.5120339170098,625.5120339170098,626.304398459004,626.288558041997,,,s,"001",2025-11-10_20h45.30.570,2nd exp,,2025.2.0,None,2025-11-10 20h45.30.652027 +0530,
She does not like apples,She not does like apples,transposition_related,right,192,0,12,right,1,0.950151332988753,None,12,0,192,6,626.304398459004,,,,,,,,,626.2995684589987,626.3089461670024,626.5545085839985,626.5545085839985,626.7550606669975,626.7550606669975,626.9418416249973,626.9548589589976,627.0422965000034,627.0549917919998,627.0549917919998,628.0116109590017,right,1,0.950151332988753,None,628.0118741670012,628.0237289170036,628.0237289170036,628.2037082500028,628.2216543340037,628.2216543340037,629.0059744169994,628.9887014590058,,,s,"001",2025-11-10_20h45.30.570,2nd exp,,2025.2.0,None,2025-11-10 20h45.30.652027 +0530,
They have finished the work,They have finished the work,repetition_related,right,193,1,12,right,1,1.5146063739957754,None,12,1,193,8,629.0059744169994,,,,,,,,,629.001234292009,629.0215159170039,629.2533810419991,629.2702719170047,629.4615581249964,629.4430189170089,629.6550113749981,629.6550113749981,629.7432944169996,629.7614888749958,629.7614888749958,631.2790077920072,right,1,1.5146063739957754,None,631.2793539170088,631.2908140000072,631.2908140000072,631.4803377500066,631.4867603750026,631.4867603750026,632.2882347920095,632.2719401670038,,,s,"001",2025-11-10_20h45.30.570,2nd exp,,2025.2.0,None,2025-11-10 20h45.30.652027 +0530,
The dog is barking loudly,The dog is barking loudly,repetition_related,right,194,2,12,right,1,1.0175356249965262,None,12,2,194,12,632.2882347920095,,,,,,,,,632.2829286250053,632.2882347920095,632.5291087500082,632.5291087500082,632.7200593340094,632.7200593340094,632.9099598750036,632.9279522919969,633.0217297089985,633.028493167003,633.028493167003,634.0566500840068,right,1,1.0175356249965262,None,634.0570669169974,634.0686403340078,634.0686403340078,634.2538558750093,634.262186167005,634.262186167005,635.0488476669998,635.0376181669999,,,s,"001",2025-11-10_20h45.30.570,2nd exp,,2025.2.0,None,2025-11-10 20h45.30.652027 +0530,
The dog is barking loudly,The dog barking is loudly,transposition_related,right,195,3,12,left,0,2.1440588319965173,None,12,3,195,14,635.0488476669998,,,,,,,,,635.0439833749988,635.0539923339966,635.3050732920092,635.2923041250033,635.5048227920051,635.4931609170017,635.6931193750061,635.7050879590097,635.7924709590006,635.804989042008,635.804989042008,637.9570648750087,left,0,2.1440588319965173,None,637.9576494590001,637.9694153750024,637.9694153750024,638.1533909590071,638.161338209,638.161338209,638.9542789999978,638.9388736249966,,,s,"001",2025-11-10_20h45.30.570,2nd exp,,2025.2.0,None,2025-11-10 20h45.30.652027 +0530,
They have finished the work,They finished have the work,transposition_related,right,196,4,12,right,1,1.7061418740049703,None,12,4,196,10,638.9542789999978,,,,,,,,,638.9495173750038,638.9586500000005,639.2049176250002,639.2049176250002,639.4048883750074,639.3933894590009,639.5933867090062,639.6049716249981,639.6937100000068,639.7048198749981,639.7048198749981,641.4220470840082,right,1,1.7061418740049703,None,641.4223282919993,641.4334255419963,641.4334255419963,641.6138059170044,641.6268175000005,641.6268175000005,642.4206034170056,642.4052421670058,,,s,"001",2025-11-10_20h45.30.570,2nd exp,,2025.2.0,None,2025-11-10 20h45.30.652027 +0530,
The dog is barking loudly,The loudly is barking dog,repetition_unrelated,left,197,5,12,left,1,1.3502973330032546,None,12,5,197,13,642.4206034170056,,,,,,,,,642.4151865000022,642.4206034170056,642.6633619589993,642.6633619589993,642.8608434170019,642.8608434170019,643.0549244590075,643.061300500005,643.1547738340014,643.1606082090002,643.1606082090002,644.5121927090076,left,1,1.3502973330032546,None,644.512484042003,644.5240898750053,644.5240898750053,644.7138737920031,644.7206962089986,644.7206962089986,645.5203995000047,645.5045869589958,,,s,"001",2025-11-10_20h45.30.570,2nd exp,,2025.2.0,None,2025-11-10 20h45.30.652027 +0530,
She does not like apples,She like does apples not,transposition_unrelated,left,198,6,12,left,1,0.9889275820023613,None,12,6,198,7,645.5203995000047,,,,,,,,,645.5146119590063,645.5203995000047,645.7623792920058,645.7623792920058,645.9609173750068,645.9609173750068,646.1548929590062,646.1612517500034,646.2548884169955,646.261993084001,646.261993084001,647.2569003749959,left,1,0.9889275820023613,None,647.2573399590037,647.2689136670087,647.2689136670087,647.4548460000078,647.4625207500067,647.4625207500067,648.254454791997,648.238754334001,,,s,"001",2025-11-10_20h45.30.570,2nd exp,,2025.2.0,None,2025-11-10 20h45.30.652027 +0530,
The dog is barking loudly,The barking dog loudly is,transposition_unrelated,left,199,7,12,left,1,0.8206954570050584,None,12,7,199,15,648.254454791997,,,,,,,,,648.2497849170031,648.2584149169998,648.5050059170026,648.5050059170026,648.7048636249965,648.7048636249965,648.8936214590067,648.9048788340006,648.9929653340077,649.0050345839991,649.0050345839991,649.8297293750074,left,1,0.8206954570050584,None,649.8299922500009,649.8408680840075,649.8408680840075,650.0295838340098,650.0365494169964,650.0365494169964,650.8389947499963,650.8222366670088,,,s,"001",2025-11-10_20h45.30.570,2nd exp,,2025.2.0,None,2025-11-10 20h45.30.652027 +0530,
They have finished the work,They finished have the work,repetition_unrelated,left,200,8,12,left,1,1.2223576660035178,None,12,8,200,9,650.8389947499963,,,,,,,,,650.8336975840066,650.8389947499963,651.0799561250024,651.0799561250024,651.2783750840026,651.2783750840026,651.4714992500085,651.4779148750094,651.5716266670061,651.5783867090067,651.5783867090067,652.8064150419959,left,1,1.2223576660035178,None,652.8066865419969,652.81816858401,652.81816858401,653.0040329589974,653.0125602920016,653.0125602920016,653.8033100839966,653.7877238340006,,,s,"001",2025-11-10_20h45.30.570,2nd exp,,2025.2.0,None,2025-11-10 20h45.30.652027 +0530,
The boy can read fast,The read can boy fast,repetition_unrelated,left,201,9,12,left,1,0.7704966250021243,None,12,9,201,1,653.8033100839966,,,,,,,,,653.798440833998,653.8080467499967,654.0548796670046,654.0548796670046,654.2548999169958,654.2421577920031,654.4423576670088,654.4549098749994,654.5436128750007,654.5550459170045,654.5550459170045,655.328003083996,left,1,0.7704966250021243,None,655.3282700840064,655.3401348339976,655.3401348339976,655.5199550840043,655.5382895840012,655.5382895840012,656.3184734999959,656.303692542002,,,s,"001",2025-11-10_20h45.30.570,2nd exp,,2025.2.0,None,2025-11-10 20h45.30.652027 +0530,
She does not like apples,She not does like apples,repetition_unrelated,left,202,10,12,left,1,0.5501644579926506,None,12,10,202,5,656.3184734999959,,,,,,,,,656.3137459999998,656.3228615420085,656.5715080840018,656.5605836670002,656.7779764169973,656.7604036249977,656.9769830840087,656.9769830840087,657.0716015840007,657.078307333999,657.078307333999,657.6405086669984,left,1,0.5501644579926506,None,657.6409709169966,657.6525535420078,657.6525535420078,657.8382567500084,657.8461009589955,657.8461009589955,658.6380254999967,658.621897459001,,,s,"001",2025-11-10_20h45.30.570,2nd exp,,2025.2.0,None,2025-11-10 20h45.30.652027 +0530,
They have finished the work,They work the have finished,transposition_unrelated,left,203,11,12,left,1,1.4033083329995861,None,12,11,203,11,658.6380254999967,,,,,,,,,658.6331796250015,658.6417702920007,658.8884081669967,658.8884081669967,659.0881829169957,659.0756166250067,659.276679750008,659.2882426669967,659.3755106669996,659.3881525420002,659.3881525420002,660.7952674170083,left,1,1.4033083329995861,None,660.7955357089959,660.8069664170034,660.8069664170034,660.986644042001,661.0047138340014,661.0047138340014,661.7860495420027,661.7710800420027,,,s,"001",2025-11-10_20h45.30.570,2nd exp,,2025.2.0,None,2025-11-10 20h45.30.652027 +0530,
The boy can read fast,The read can boy fast,transposition_unrelated,left,204,12,12,left,1,0.8542218330112519,None,12,12,204,3,661.7860495420027,,,,,,,,,661.7811859590001,661.7903674170084,662.0464712499961,662.0382635840069,662.2369609169982,662.2369609169982,662.4267783749965,662.4446635420027,662.5381251670042,662.5442503750091,662.5442503750091,663.4071383340051,left,1,0.8542218330112519,None,663.4077488750045,663.4197142500052,663.4197142500052,663.6034429169958,663.6114180000004,663.6114180000004,664.3999230000045,664.388863250002,,,s,"001",2025-11-10_20h45.30.570,2nd exp,,2025.2.0,None,2025-11-10 20h45.30.652027 +0530,
The boy can read fast,The boy can read fast,transposition_related,right,205,13,12,right,1,0.6911826660070801,None,12,13,205,2,664.3999230000045,,,,,,,,,664.3951549170015,664.421396167003,664.6548322919989,664.6631957500067,664.8549050840084,664.8414651670028,665.0433787090005,665.054684792005,665.1431062920019,665.1550685840048,665.1550685840048,665.8564569169976,right,1,0.6911826660070801,None,665.8567672500067,665.8692982089997,665.8692982089997,666.0547699169983,666.0621287499962,666.0621287499962,666.8423035840096,666.8384800420026,,,s,"001",2025-11-10_20h45.30.570,2nd exp,,2025.2.0,None,2025-11-10 20h45.30.652027 +0530,
The boy can read fast,The boy can read fast,repetition_related,right,206,14,12,right,1,1.174246206996031,None,12,14,206,0,666.8423035840096,,,,,,,,,666.8387216249976,666.8548517090094,667.1048149999988,667.0934372089978,667.3049964590027,667.2933924590034,667.4935171670077,667.5047657920077,667.593901166998,667.6049872919975,667.6049872919975,668.7899282090075,right,1,1.174246206996031,None,668.7902922089997,668.8019694170071,668.8019694170071,668.9865881250007,668.9928810420097,668.9928810420097,669.7843631249998,669.7704818339989,,,s,"001",2025-11-10_20h45.30.570,2nd exp,,2025.2.0,None,2025-11-10 20h45.30.652027 +0530,
She does not like apples,She does not like apples,repetition_related,right,207,15,12,right,1,1.809881833003601,None,12,15,207,4,669.7843631249998,,,,,,,,,669.7795703750016,669.789160625005,670.0371068340028,670.0371068340028,670.238497792001,670.2242633749993,670.4263089169981,670.4386387920094,670.5268405420065,670.5383661250089,670.5383661250089,672.3571826249972,right,1,1.809881833003601,None,672.3577937920054,672.3702099590009,672.3702099590009,672.5535650000093,672.5609208340029,672.5609208340029,673.3532189999969,673.3378368340054,,,s,"001",2025-11-10_20h45.30.570,2nd exp,,2025.2.0,None,2025-11-10 20h45.30.652027 +0530,
The dog is barking loudly,The barking dog loudly is,transposition_unrelated,left,208,0,13,left,1,1.9722422500053653,None,13,0,208,15,673.3532189999969,,,,,,,,,673.3481142500095,673.3576256670058,673.604852000004,673.604852000004,673.8048068750068,673.8048068750068,673.9918565420085,674.0049136669986,674.0924515420047,674.1048331670027,674.1048331670027,676.0793317920034,left,1,1.9722422500053653,None,676.079597584001,676.0907379590062,676.0907379590062,676.2798618750094,676.2866592089995,676.2866592089995,677.0800051670085,677.06333545901,,,s,"001",2025-11-10_20h45.30.570,2nd exp,,2025.2.0,None,2025-11-10 20h45.30.652027 +0530,
The boy can read fast,The read can boy fast,transposition_unrelated,left,209,1,13,left,1,1.7524830410111463,None,13,1,209,3,677.0800051670085,,,,,,,,,677.0739653339988,677.0800051670085,677.3300603749958,677.3300603749958,677.5207951670018,677.5255795840058,677.7105274589994,677.7280277090031,677.8216099590063,677.8285564590042,677.8285564590042,679.5904904589988,left,1,1.7524830410111463,None,679.5910667090066,679.6029609590041,679.6029609590041,679.7867685000092,679.7946317500027,679.7946317500027,680.5867405000026,680.5706067919964,,,s,"001",2025-11-10_20h45.30.570,2nd exp,,2025.2.0,None,2025-11-10 20h45.30.652027 +0530,
She does not like apples,She does not like apples,repetition_related,right,210,2,13,right,1,1.664749458010192,None,13,2,210,4,680.5867405000026,,,,,,,,,680.5819227920001,680.5912148750067,680.8381740839977,680.8381740839977,681.0380045420025,681.0380045420025,681.2254405840067,681.2381993750023,681.3265199169982,681.3382086670026,681.3382086670026,683.0070875840029,right,1,1.664749458010192,None,683.0074326670001,683.0190860840084,683.0190860840084,683.2036003340036,683.2098988340003,683.2098988340003,684.0036600839958,683.9874324170087,,,s,"001",2025-11-10_20h45.30.570,2nd exp,,2025.2.0,None,2025-11-10 20h45.30.652027 +0530,
The dog is barking loudly,The dog barking is loudly,transposition_related,right,211,3,13,left,0,1.2240074159926735,None,13,3,211,14,684.0036600839958,,,,,,,,,683.9988955419976,684.0082283750089,684.254923667002,684.254923667002,684.454630667009,684.4433581670019,684.6429171250056,684.6549871250027,684.7421673339995,684.7548511670029,684.7548511670029,685.9895447090094,left,0,1.2240074159926735,None,685.9898195840069,686.0010358340078,686.0010358340078,686.1866781249992,686.1934812920081,686.1934812920081,686.982668459008,686.9711933340004,,,s,"001",2025-11-10_20h45.30.570,2nd exp,,2025.2.0,None,2025-11-10 20h45.30.652027 +0530,
The dog is barking loudly,The loudly is barking dog,repetition_unrelated,left,212,4,13,left,1,1.1497811660083244,None,13,4,212,13,686.982668459008,,,,,,,,,686.9778481670073,686.9869819590094,687.2371140839969,687.2266995420068,687.4381642500084,687.4263205839961,687.6257011249982,687.6382219590014,687.7256703750027,687.7380525000044,687.7380525000044,688.8902979170089,left,1,1.1497811660083244,None,688.890826917006,688.902743958999,688.902743958999,689.0870233750029,689.0948548340093,689.0948548340093,689.8844749170094,689.8708860839979,,,s,"001",2025-11-10_20h45.30.570,2nd exp,,2025.2.0,None,2025-11-10 20h45.30.652027 +0530,
The boy can read fast,The boy can read fast,transposition_related,right,213,5,13,right,1,0.8195542910107179,None,13,5,213,2,689.8844749170094,,,,,,,,,689.8796773750073,689.8887710420095,690.1382240000094,690.1262795420043,690.3382617500029,690.3382617500029,690.5271884590038,690.5381692920055,690.6256107090012,690.6381815000059,690.6381815000059,691.4618153750052,right,1,0.8195542910107179,None,691.4621701669967,691.4735734170099,691.4735734170099,691.6637998340011,691.6715631670086,691.6715631670086,692.4707159590034,692.4551566250011,,,s,"001",2025-11-10_20h45.30.570,2nd exp,,2025.2.0,None,2025-11-10 20h45.30.652027 +0530,
The dog is barking loudly,The dog is barking loudly,repetition_related,right,214,6,13,right,1,1.2708646660030354,None,13,6,214,12,692.4707159590034,,,,,,,,,692.4654919589957,692.4707159590034,692.7130540000071,692.7130540000071,692.9036151250039,692.9036151250039,693.0931650420098,693.1114506669983,693.2107462499989,693.2107462499989,693.2107462499989,694.4894283750036,right,1,1.2708646660030354,None,694.4897111669998,694.5010562090029,694.5010562090029,694.6879649589973,694.6955388339993,694.6955388339993,695.4865323749982,695.4718427920016,,,s,"001",2025-11-10_20h45.30.570,2nd exp,,2025.2.0,None,2025-11-10 20h45.30.652027 +0530,
The boy can read fast,The read can boy fast,repetition_unrelated,left,215,7,13,left,1,1.174351124005625,None,13,7,215,1,695.4865323749982,,,,,,,,,695.481825625,695.491137584002,695.7383075420075,695.7383075420075,695.9381426250038,695.9381426250038,696.1264999590057,696.1381603339978,696.2249889590021,696.2381921250053,696.2381921250053,697.4231215420004,left,1,1.174351124005625,None,697.4234932920081,697.4351502500067,697.4351502500067,697.6199122090038,697.6272334999958,697.6272334999958,698.4215585839993,698.4053159169998,,,s,"001",2025-11-10_20h45.30.570,2nd exp,,2025.2.0,None,2025-11-10 20h45.30.652027 +0530,
She does not like apples,She not does like apples,transposition_related,right,216,8,13,left,0,0.8240685829950962,None,13,8,216,6,698.4215585839993,,,,,,,,,698.4167426670028,698.4260850840074,698.6715114170074,698.6715114170074,698.8713292500033,698.8713292500033,699.0587796670006,699.0715954170009,699.1589197499998,699.1714100840036,699.1714100840036,700.0070632090064,left,0,0.8240685829950962,None,700.007615709008,700.0192191670067,700.0192191670067,700.2035544999962,700.2105976250023,700.2105976250023,700.9931117090018,700.9872867920058,,,s,"001",2025-11-10_20h45.30.570,2nd exp,,2025.2.0,None,2025-11-10 20h45.30.652027 +0530,
She does not like apples,She not does like apples,repetition_unrelated,left,217,9,13,left,1,2.3336527490027947,None,13,9,217,5,700.9931117090018,,,,,,,,,700.9878937500034,701.0048935840023,701.2547222499998,701.2433278340031,701.4542578340042,701.4542578340042,701.6422662499972,701.6547455420077,701.7416394589964,701.7548220000026,701.7548220000026,704.0956499589956,left,1,2.3336527490027947,None,704.0959263749974,704.1072430839995,704.1072430839995,704.2961701669992,704.3031875419983,704.3031875419983,705.0948301250028,705.0791968340054,,,s,"001",2025-11-10_20h45.30.570,2nd exp,,2025.2.0,None,2025-11-10 20h45.30.652027 +0530,
They have finished the work,They work the have finished,transposition_unrelated,left,218,10,13,left,1,1.404184915998485,None,13,10,218,11,705.0948301250028,,,,,,,,,705.0893455000041,705.0948301250028,705.3464613340038,705.3381872919999,705.5368557500042,705.5415095000062,705.725475750005,705.7448833750095,705.844205750007,705.844205750007,705.844205750007,707.2570007089962,left,1,1.404184915998485,None,707.2575924170087,707.2694449999981,707.2694449999981,707.4545068750012,707.4620151249983,707.4620151249983,708.252927374997,708.2384119170019,,,s,"001",2025-11-10_20h45.30.570,2nd exp,,2025.2.0,None,2025-11-10 20h45.30.652027 +0530,
She does not like apples,She like does apples not,transposition_unrelated,left,219,11,13,left,1,1.734367832003045,None,13,11,219,7,708.252927374997,,,,,,,,,708.2481618750026,708.2573471250071,708.5048932920035,708.5048932920035,708.7046852500062,708.7046852500062,708.8921606250078,708.9046566670004,708.9933402500028,709.0050066670083,709.0050066670083,710.745523000005,left,1,1.734367832003045,None,710.7457950000098,710.7569749999966,710.7569749999966,710.9477095420007,710.9540694169991,710.9540694169991,711.7531520000048,711.737288874996,,,s,"001",2025-11-10_20h45.30.570,2nd exp,,2025.2.0,None,2025-11-10 20h45.30.652027 +0530,
They have finished the work,They finished have the work,repetition_unrelated,left,220,12,13,left,1,1.7753830410074443,None,13,12,220,9,711.7531520000048,,,,,,,,,711.7477341670019,711.7531520000048,711.9966325840069,711.9966325840069,712.1865442499984,712.1865442499984,712.3762435000099,712.3945222089969,712.488214625002,712.494892792005,712.494892792005,714.273520917006,left,1,1.7753830410074443,None,714.2740835000004,714.2858390000038,714.2858390000038,714.4713833749993,714.4787527500011,714.4787527500011,715.2714799170062,715.2604530000099,,,s,"001",2025-11-10_20h45.30.570,2nd exp,,2025.2.0,None,2025-11-10 20h45.30.652027 +0530,
They have finished the work,They finished have the work,transposition_related,right,221,13,13,left,0,1.4047618329932448,None,13,13,221,10,715.2714799170062,,,,,,,,,715.2607500840095,715.2714799170062,715.5213509169989,715.510259333998,715.7213342089963,715.7213342089963,715.9088597090013,715.9214103749982,716.0098704999982,716.0212836669962,716.0212836669962,717.4277290000027,left,0,1.4047618329932448,None,717.4279902920098,717.4406345419993,717.4406345419993,717.619953750007,717.6376694589999,717.6376694589999,718.4138375420007,718.4035530420078,,,s,"001",2025-11-10_20h45.30.570,2nd exp,,2025.2.0,None,2025-11-10 20h45.30.652027 +0530,
They have finished the work,They have finished the work,repetition_related,right,222,14,13,left,0,0.773624125009519,None,13,14,222,8,718.4138375420007,,,,,,,,,718.4089722500066,718.4199190000072,718.6797962090059,718.6588274590031,718.8703270420083,718.8703270420083,719.0584244170022,719.0771160840086,719.1713434590056,719.1713434590056,719.1713434590056,719.9570902920095,left,0,0.773624125009519,None,719.9577003340091,719.9693587920046,719.9693587920046,720.1534864590067,720.1618869170052,720.1618869170052,720.9525375840021,720.9374871250038,,,s,"001",2025-11-10_20h45.30.570,2nd exp,,2025.2.0,None,2025-11-10 20h45.30.652027 +0530,
The boy can read fast,The boy can read fast,repetition_related,right,223,15,13,right,1,1.3800594579952303,None,13,15,223,0,720.9525375840021,,,,,,,,,720.9477264169982,720.95713858401,721.2047743340081,721.2047743340081,721.404745250009,721.404745250009,721.592939167007,721.6049805420043,721.6928721250006,721.7049301250081,721.7049301250081,723.0903108750063,right,1,1.3800594579952303,None,723.09081075,723.1024601249956,723.1024601249956,723.2864458340046,723.2934496670059,723.2934496670059,724.0857464169967,724.0704074170062,,,s,"001",2025-11-10_20h45.30.570,2nd exp,,2025.2.0,None,2025-11-10 20h45.30.652027 +0530,
The dog is barking loudly,The barking dog loudly is,transposition_unrelated,left,224,0,14,left,1,1.1188496660033707,None,14,0,224,15,724.0857464169967,,,,,,,,,724.0808382920077,724.0903392089967,724.3382116249995,724.3382116249995,724.5378987919976,724.5378987919976,724.7254687090026,724.7381949170085,724.8260872499959,724.8380926249956,724.8380926249956,725.9612052090088,left,1,1.1188496660033707,None,725.9614784169971,725.9734922500065,725.9734922500065,726.1532227499993,726.1713669590099,726.1713669590099,726.9520185840083,726.937190459008,,,s,"001",2025-11-10_20h45.30.570,2nd exp,,2025.2.0,None,2025-11-10 20h45.30.652027 +0530,
She does not like apples,She not does like apples,repetition_unrelated,left,225,1,14,left,1,0.7615683740004897,None,14,1,225,5,726.9520185840083,,,,,,,,,726.9471587919979,726.9563429590053,727.2047381669981,727.2047381669981,727.411707709005,727.3928471249965,727.6047543339955,727.6047543339955,727.6921304169955,727.7113691249979,727.7113691249979,728.4789689169993,left,1,0.7615683740004897,None,728.4792829170037,728.490722625007,728.490722625007,728.6802725000016,728.686687709007,728.686687709007,729.4794768749998,729.4632211669959,,,s,"001",2025-11-10_20h45.30.570,2nd exp,,2025.2.0,None,2025-11-10 20h45.30.652027 +0530,
They have finished the work,They finished have the work,transposition_related,right,226,2,14,left,0,1.2039284159982344,None,14,2,226,10,729.4794768749998,,,,,,,,,729.4741189170018,729.4794768749998,729.7299384170037,729.7299384170037,729.9198995000042,729.9198995000042,730.1104000420019,730.1269972919981,730.2214596670092,730.2279149590031,730.2279149590031,731.4396788750018,left,0,1.2039284159982344,None,731.440055041996,731.4514971250028,731.4514971250028,731.6366481669975,731.6429723750043,731.6429723750043,732.4308540000056,732.4202172090008,,,s,"001",2025-11-10_20h45.30.570,2nd exp,,2025.2.0,None,2025-11-10 20h45.30.652027 +0530,
They have finished the work,They work the have finished,transposition_unrelated,left,227,3,14,left,1,0.7727235820057103,None,14,3,227,11,732.4308540000056,,,,,,,,,732.4260962920089,732.4364152089984,732.6881377090031,732.6763674999966,732.8878846669977,732.8878846669977,733.076350125004,733.0879375420045,733.1765172500018,733.1879887090035,733.1879887090035,733.9720234590059,left,1,0.7727235820057103,None,733.9722448749962,733.979795709005,733.979795709005,734.1630557919998,734.1699550000048,734.1699550000048,734.9611470420059,734.946137167004,,,s,"001",2025-11-10_20h45.30.570,2nd exp,,2025.2.0,None,2025-11-10 20h45.30.652027 +0530,
She does not like apples,She like does apples not,transposition_unrelated,left,228,4,14,left,1,1.178362582999398,None,14,4,228,7,734.9611470420059,,,,,,,,,734.955911291996,734.9714090000052,735.2123317500082,735.2123317500082,735.410980917004,735.410980917004,735.6113039589982,735.6113039589982,735.7047900420002,735.7113210000098,735.7113210000098,736.8950907090039,left,1,1.178362582999398,None,736.8953579590016,736.906930666999,736.906930666999,737.0868493340095,737.1032697920018,737.1032697920018,737.8862563750008,737.8710407089966,,,s,"001",2025-11-10_20h45.30.570,2nd exp,,2025.2.0,None,2025-11-10 20h45.30.652027 +0530,
The dog is barking loudly,The dog barking is loudly,transposition_related,right,229,5,14,right,1,0.8026490000047488,None,14,5,229,14,737.8862563750008,,,,,,,,,737.8809845840005,737.890989749998,738.1381022499991,738.1381022499991,738.3441328339977,738.3380442089983,738.5381382089981,738.544708166999,738.6380007090047,738.6380007090047,738.6380007090047,739.4456350840046,right,1,0.8026490000047488,None,739.4459897089982,739.457358959,739.457358959,739.6468682090053,739.6533065420081,739.6533065420081,740.4529092500015,740.4374275419977,,,s,"001",2025-11-10_20h45.30.570,2nd exp,,2025.2.0,None,2025-11-10 20h45.30.652027 +0530,
She does not like apples,She does not like apples,repetition_related,right,230,6,14,right,1,1.221872041001916,None,14,6,230,4,740.4529092500015,,,,,,,,,740.4475182919996,740.4529092500015,740.6963038340036,740.6963038340036,740.8940745419968,740.8940745419968,741.0880455419974,741.0944980420027,741.1880309170083,741.1947316669975,741.1947316669975,742.4234289590095,right,1,1.221872041001916,None,742.4239457090007,742.4356027089962,742.4356027089962,742.6202249589987,742.628859000004,742.628859000004,743.4207179590012,743.4051387920044,,,s,"001",2025-11-10_20h45.30.570,2nd exp,,2025.2.0,None,2025-11-10 20h45.30.652027 +0530,
The boy can read fast,The read can boy fast,repetition_unrelated,left,231,7,14,left,1,0.6711569990002317,None,14,7,231,1,743.4207179590012,,,,,,,,,743.4160654590087,743.4251138340042,743.6701816669956,743.6701816669956,743.8715853339963,743.8581149590027,744.0594862090074,744.0713095840038,744.1595034170023,744.1712498340057,744.1712498340057,744.8441102920042,left,1,0.6711569990002317,None,744.8443920419959,744.8563777090021,744.8563777090021,745.0380130840058,745.053213584004,745.053213584004,745.8368632920028,745.8285536250041,,,s,"001",2025-11-10_20h45.30.570,2nd exp,,2025.2.0,None,2025-11-10 20h45.30.652027 +0530,
The boy can read fast,The read can boy fast,transposition_unrelated,left,232,8,14,left,1,0.9598066249891417,None,14,8,232,3,745.8368632920028,,,,,,,,,745.8289463340043,745.8368632920028,746.0963932500017,746.0762744590029,746.2864214169967,746.2911835840059,746.4760663339985,746.4946169589966,746.5876380420086,746.5876380420086,746.5876380420086,747.5569761670049,left,1,0.9598066249891417,None,747.5573870840017,747.568879708997,747.568879708997,747.7548726670066,747.7630216249963,747.7630216249963,748.5585399170086,748.5442207090091,,,s,"001",2025-11-10_20h45.30.570,2nd exp,,2025.2.0,None,2025-11-10 20h45.30.652027 +0530,
They have finished the work,They finished have the work,repetition_unrelated,left,233,9,14,left,1,1.3093808319972595,None,14,9,233,9,748.5585399170086,,,,,,,,,748.5537970000005,748.5585399170086,748.8048710840085,748.8048710840085,749.0047269170027,749.0047269170027,749.1921929590026,749.2048366250092,749.2931712090067,749.3049140420044,749.3049140420044,750.6228053750092,left,1,1.3093808319972595,None,750.6231982919999,750.6349325839983,750.6349325839983,750.8203514170018,750.8273651250056,750.8273651250056,751.617635875009,751.6038067089976,,,s,"001",2025-11-10_20h45.30.570,2nd exp,,2025.2.0,None,2025-11-10 20h45.30.652027 +0530,
The boy can read fast,The boy can read fast,transposition_related,right,234,10,14,right,1,1.1540787080011796,None,14,10,234,2,751.617635875009,,,,,,,,,751.6128029170068,751.6220525420067,751.871222834001,751.8586772090057,752.0712111250032,752.058789333998,752.2595182090008,752.2713339589973,752.358861708999,752.3713834170048,752.3713834170048,753.528938250005,right,1,1.1540787080011796,None,753.5292828340025,753.540649875009,753.540649875009,753.7300172090036,753.7364562090079,753.7364562090079,754.5294188749976,754.5140703750076,,,s,"001",2025-11-10_20h45.30.570,2nd exp,,2025.2.0,None,2025-11-10 20h45.30.652027 +0530,
They have finished the work,They have finished the work,repetition_related,right,235,11,14,left,0,0.8064550830022199,None,14,11,235,8,754.5294188749976,,,,,,,,,754.5235174590052,754.5294188749976,754.7797159170004,754.7797159170004,754.9698578749958,754.9745836670045,755.1597273340012,755.1779077920073,755.2714400420082,755.2779061670008,755.2779061670008,756.0902412919968,left,0,0.8064550830022199,None,756.0907589170092,756.1024057089962,756.1024057089962,756.2865439590096,756.2948093750019,756.2948093750019,757.0876267499989,757.0709237499977,,,s,"001",2025-11-10_20h45.30.570,2nd exp,,2025.2.0,None,2025-11-10 20h45.30.652027 +0530,
The dog is barking loudly,The loudly is barking dog,repetition_unrelated,left,236,12,14,left,1,0.9619573320087511,None,14,12,236,13,757.0876267499989,,,,,,,,,757.0828814590059,757.1045819169958,757.3381108339963,757.3463337499998,757.5377910000097,757.5377910000097,757.7259975839988,757.7381345000031,757.8252262919996,757.8382308750006,757.8382308750006,758.8068792090053,left,1,0.9619573320087511,None,758.8072149590007,758.8187490840064,758.8187490840064,759.0032203340088,759.0109402500093,759.0109402500093,759.798175584001,759.7869013750023,,,s,"001",2025-11-10_20h45.30.570,2nd exp,,2025.2.0,None,2025-11-10 20h45.30.652027 +0530,
The dog is barking loudly,The dog is barking loudly,repetition_related,right,237,13,14,right,1,0.7401848320005229,None,14,13,237,12,759.798175584001,,,,,,,,,759.7933380000031,759.8031135839992,760.0545987500082,760.042741917001,760.2546107920061,760.2546107920061,760.4421335000079,760.4546230420092,760.5428712919966,760.554810458998,760.554810458998,761.306829084002,right,1,0.7401848320005229,None,761.307214542001,761.3185591670044,761.3185591670044,761.5034255000064,761.5099118340004,761.5099118340004,762.3004462499957,762.2868076669984,,,s,"001",2025-11-10_20h45.30.570,2nd exp,,2025.2.0,None,2025-11-10 20h45.30.652027 +0530,
The boy can read fast,The boy can read fast,repetition_related,right,238,14,14,right,1,0.5721698319975985,None,14,14,238,0,762.3004462499957,,,,,,,,,762.2956317089993,762.3056748750096,762.5545508750074,762.5432109590038,762.7548152920062,762.7426870000054,762.9419753749971,762.9545822500077,763.0432579589979,763.0547624589963,763.0547624589963,763.6286729170097,right,1,0.5721698319975985,None,763.6289294590097,763.6404976670019,763.6404976670019,763.8295721250033,763.836465542001,763.836465542001,764.6278917500022,764.6125420419994,,,s,"001",2025-11-10_20h45.30.570,2nd exp,,2025.2.0,None,2025-11-10 20h45.30.652027 +0530,
She does not like apples,She not does like apples,transposition_related,right,239,15,14,left,0,1.051568707000115,None,14,15,239,6,764.6278917500022,,,,,,,,,764.6224445840053,764.6278917500022,764.8793765840092,764.8793765840092,765.0705332500074,765.0751671670005,765.2595203750097,765.2777961670072,765.3774603750062,765.3774603750062,765.3774603750062,766.4402037499967,left,0,1.051568707000115,None,766.4407001670043,766.4523544590047,766.4523544590047,766.636445917,766.6440301249968,766.6440301249968,767.4357127090043,767.4215761670057,,,s,"001",2025-11-10_20h45.30.570,2nd exp,,2025.2.0,None,2025-11-10 20h45.30.652027 +0530,
The boy can read fast,The read can boy fast,transposition_unrelated,left,240,0,15,left,1,1.3039575820002938,None,15,0,240,3,767.4357127090043,,,,,,,,,767.430962708997,767.4403903750062,767.6873599590035,767.6873599590035,767.8882849590009,767.8746062499995,768.0761950000015,768.0880373340042,768.1753926250094,768.1879465420061,768.1879465420061,769.4955004170042,left,1,1.3039575820002938,None,769.4957705840061,769.5073522090097,769.5073522090097,769.6970899169974,769.7029895000014,769.7029895000014,770.502754000001,770.4869940000062,,,s,"001",2025-11-10_20h45.30.570,2nd exp,,2025.2.0,None,2025-11-10 20h45.30.652027 +0530,
The dog is barking loudly,The dog barking is loudly,transposition_related,right,241,1,15,left,0,1.0244642909965478,None,15,1,241,14,770.502754000001,,,,,,,,,770.4973914169968,770.502754000001,770.7464331670053,770.7464331670053,770.9362497920083,770.9410143340065,771.1261107089958,771.1445635840064,771.2446746250062,771.2446746250062,771.2446746250062,772.2735140419973,left,0,1.0244642909965478,None,772.2740630000044,772.2856500420021,772.2856500420021,772.4714004170091,772.4792740840057,772.4792740840057,773.2703291670041,773.255034709,,,s,"001",2025-11-10_20h45.30.570,2nd exp,,2025.2.0,None,2025-11-10 20h45.30.652027 +0530,
The boy can read fast,The read can boy fast,repetition_unrelated,left,242,2,15,left,1,1.0993337079999037,None,15,2,242,1,773.2703291670041,,,,,,,,,773.2655651670066,773.275024875009,773.5213973750069,773.5213973750069,773.7202567500062,773.7202567500062,773.9093692089955,773.9211982920096,774.0094214590063,774.0214732919994,774.0214732919994,775.1232637920039,left,1,1.0993337079999037,None,775.1236179170082,775.1351334170031,775.1351334170031,775.3196652920014,775.3259557919955,775.3259557919955,776.1156297920097,776.1051173340093,,,s,"001",2025-11-10_20h45.30.570,2nd exp,,2025.2.0,None,2025-11-10 20h45.30.652027 +0530,
The boy can read fast,The boy can read fast,repetition_related,right,243,3,15,right,1,0.9213685829890892,None,15,3,243,0,776.1156297920097,,,,,,,,,776.1108738750045,776.1199449590058,776.3711617500085,776.3594573750015,776.5712761670002,776.5712761670002,776.7594666670047,776.7715331670042,776.8610674590018,776.8713623750082,776.8713623750082,777.795509167001,right,1,0.9213685829890892,None,777.7958261250023,777.8072690420086,777.8072690420086,777.996282209002,778.0031226669962,778.0031226669962,778.803244499999,778.787173625009,,,s,"001",2025-11-10_20h45.30.570,2nd exp,,2025.2.0,None,2025-11-10 20h45.30.652027 +0530,
They have finished the work,They have finished the work,repetition_related,right,244,4,15,left,0,1.8278759579989128,None,15,4,244,8,778.803244499999,,,,,,,,,778.7977699589974,778.803244499999,779.0458572920033,779.0458572920033,779.2438501669967,779.2438501669967,779.4380727499956,779.4444629589998,779.53793145901,779.5437781670043,779.5437781670043,781.3789664590004,left,0,1.8278759579989128,None,781.3792362500099,781.3905465840071,781.3905465840071,781.5796635000006,781.5864007920027,781.5864007920027,782.3861924170051,782.370826917002,,,s,"001",2025-11-10_20h45.30.570,2nd exp,,2025.2.0,None,2025-11-10 20h45.30.652027 +0530,
The dog is barking loudly,The barking dog loudly is,transposition_unrelated,left,245,5,15,left,1,0.8887423330015736,None,15,5,245,15,782.3861924170051,,,,,,,,,782.3809737499978,782.3861924170051,782.628869667009,782.628869667009,782.8211667919968,782.8211667919968,783.0094635419955,783.0277695420082,783.1214640840044,783.1279076670035,783.1279076670035,784.0234562090045,left,1,0.8887423330015736,None,784.0239842500014,784.0355642500072,784.0355642500072,784.2202183339978,784.2288228749967,784.2288228749967,785.0153185420058,785.0038415840099,,,s,"001",2025-11-10_20h45.30.570,2nd exp,,2025.2.0,None,2025-11-10 20h45.30.652027 +0530,
The dog is barking loudly,The dog is barking loudly,repetition_related,right,246,6,15,right,1,1.3099987909954507,None,15,6,246,12,785.0153185420058,,,,,,,,,785.0105937089975,785.0204620419972,785.2712157089991,785.2599038339977,785.4712434590037,785.4712434590037,785.6593907089991,785.6714632090006,785.7586169170099,785.7715474169963,785.7715474169963,787.0901610000001,right,1,1.3099987909954507,None,787.0907450000086,787.1025237919966,787.1025237919966,787.2864132920076,787.2939440420014,787.2939440420014,788.0857293340086,788.0704837920057,,,s,"001",2025-11-10_20h45.30.570,2nd exp,,2025.2.0,None,2025-11-10 20h45.30.652027 +0530,
The boy can read fast,The boy can read fast,transposition_related,right,247,7,15,right,1,0.5703322490007849,None,15,7,247,2,788.0857293340086,,,,,,,,,788.0808730419958,788.0903160419984,788.3379775000067,788.3379775000067,788.5382399590017,788.5264944170049,788.7264330420003,788.7380088750069,788.8266202090017,788.8380697499961,788.8380697499961,789.4122163340071,right,1,0.5703322490007849,None,789.4125536670035,789.4239370840078,789.4239370840078,789.6139269170089,789.6201424589963,789.6201424589963,790.4210857500002,790.4049799170025,,,s,"001",2025-11-10_20h45.30.570,2nd exp,,2025.2.0,None,2025-11-10 20h45.30.652027 +0530,
She does not like apples,She does not like apples,repetition_related,right,248,8,15,right,1,0.9001381659909384,None,15,8,248,4,790.4210857500002,,,,,,,,,790.4156787920074,790.4210857500002,790.6619694170076,790.6619694170076,790.861003375001,790.861003375001,791.054692500009,791.0611603340076,791.1602193340077,791.1602193340077,791.1602193340077,792.0619708750019,right,1,0.9001381659909384,None,792.0622348750039,792.0738238339982,792.0738238339982,792.2621398750052,792.2697212920029,792.2697212920029,793.0666399170004,793.0551695839968,,,s,"001",2025-11-10_20h45.30.570,2nd exp,,2025.2.0,None,2025-11-10 20h45.30.652027 +0530,
She does not like apples,She not does like apples,transposition_related,right,249,9,15,left,0,1.4760063749999972,None,15,9,249,6,793.0666399170004,,,,,,,,,793.0612854589999,793.0666399170004,793.3031681249995,793.3114574589999,793.5100386249978,793.490612499998,793.7048400420026,793.7110302500078,793.8045384590077,793.8112635419966,793.8112635419966,795.2895242090017,left,0,1.4760063749999972,None,795.2899253750074,795.3030391250068,795.3030391250068,795.4862865839968,795.4924521250068,795.4924521250068,796.2752694590017,796.2701614590042,,,s,"001",2025-11-10_20h45.30.570,2nd exp,,2025.2.0,None,2025-11-10 20h45.30.652027 +0530,
She does not like apples,She not does like apples,repetition_unrelated,left,250,10,15,left,1,0.8613494159944821,None,15,10,250,5,796.2752694590017,,,,,,,,,796.2706739999994,796.288156709008,796.5379629590025,796.526590584006,796.7377255839965,796.7266431669996,796.9261256250029,796.9380991670041,797.0260813339992,797.0378565840074,797.0378565840074,797.9058102920098,left,1,0.8613494159944821,None,797.9060746670002,797.9175604589982,797.9175604589982,798.1037557920063,798.1114084590081,798.1114084590081,798.8982175420097,798.886794459002,,,s,"001",2025-11-10_20h45.30.570,2nd exp,,2025.2.0,None,2025-11-10 20h45.30.652027 +0530,
She does not like apples,She like does apples not,transposition_unrelated,left,251,11,15,left,1,0.9960898330027703,None,15,11,251,7,798.8982175420097,,,,,,,,,798.8931028340012,798.9031259589974,799.1546086669987,799.1422087090032,799.3549054169998,799.3549054169998,799.5440793340094,799.5440793340094,799.63820175,799.6550207499968,799.6550207499968,800.6563461670012,left,1,0.9960898330027703,None,800.6568179589958,800.669195584007,800.669195584007,800.8537167920003,800.8614986250032,800.8614986250032,801.654631708996,801.6384904590086,,,s,"001",2025-11-10_20h45.30.570,2nd exp,,2025.2.0,None,2025-11-10 20h45.30.652027 +0530,
The dog is barking loudly,The loudly is barking dog,repetition_unrelated,left,252,12,15,left,1,1.2014059580105823,None,15,12,252,13,801.654631708996,,,,,,,,,801.6496940420038,801.6711944590061,801.9030706670019,801.9201052919962,802.1048259590025,802.0920538339997,802.293013750008,802.3048440840066,802.3932802500058,802.4045746250049,802.4045746250049,803.6117134590022,left,1,1.2014059580105823,None,803.6119839589956,803.623647417,803.623647417,803.8133707090019,803.820262084002,803.820262084002,804.6231042919972,804.6054121250054,,,s,"001",2025-11-10_20h45.30.570,2nd exp,,2025.2.0,None,2025-11-10 20h45.30.652027 +0530,
They have finished the work,They work the have finished,transposition_unrelated,left,253,13,15,left,1,1.7531809159991099,None,15,13,253,11,804.6231042919972,,,,,,,,,804.6173797920055,804.6231042919972,804.8635802920035,804.8703742920043,805.0529830000014,805.0576590420096,805.2432158750016,805.261325458996,805.3617558749975,805.3617558749975,805.3617558749975,807.1233444590034,left,1,1.7531809159991099,None,807.1236805840017,807.1353767920082,807.1353767920082,807.3197757090093,807.3279491249996,807.3279491249996,808.1146515,808.103565708996,,,s,"001",2025-11-10_20h45.30.570,2nd exp,,2025.2.0,None,2025-11-10 20h45.30.652027 +0530,
They have finished the work,They finished have the work,repetition_unrelated,left,254,14,15,left,1,1.4564181239984464,None,15,14,254,9,808.1146515,,,,,,,,,808.1098259999999,808.119754667001,808.3712646670028,808.359630084,808.5712834590086,808.5712834590086,808.7588509589987,808.7713550000044,808.859769333998,808.8714504170057,808.8714504170057,810.3393234170071,left,1,1.4564181239984464,None,810.3396019170032,810.3525200419972,810.3525200419972,810.5362625840062,810.5425368750002,810.5425368750002,811.3266635420005,811.3209894589963,,,s,"001",2025-11-10_20h45.30.570,2nd exp,,2025.2.0,None,2025-11-10 20h45.30.652027 +0530,
They have finished the work,They finished have the work,transposition_related,right,255,15,15,left,0,1.2037441660067998,None,15,15,255,10,811.3266635420005,,,,,,,,,811.321498749996,811.3381184589962,811.5879119169986,811.5764540840028,811.7877881669992,811.7877881669992,811.9761442919989,811.9879809170088,812.0764314590051,812.088099583998,812.088099583998,813.2944039590075,left,0,1.2037441660067998,None,813.2946653749968,813.306703417009,813.306703417009,813.4972561250033,813.5032250000077,813.5032250000077,814.3024174169987,814.2874305419973,,,s,"001",2025-11-10_20h45.30.570,2nd exp,,2025.2.0,None,2025-11-10 20h45.30.652027 +0530,
The boy can read fast,The read can boy fast,transposition_unrelated,left,256,0,16,right,0,0.5868770410015713,None,16,0,256,3,814.3024174169987,,,,,,,,,814.2968906669994,814.3024174169987,814.536337958998,814.5437976670073,814.7447925419983,814.7242899170087,814.9447053339973,814.9447053339973,815.0378402089991,815.0378402089991,815.0378402089991,815.6283445000008,right,0,0.5868770410015713,None,815.6286907089961,815.6406061669986,815.6406061669986,815.829422499999,815.8364771670022,815.8364771670022,816.6274285420077,816.6122189169982,,,s,"001",2025-11-10_20h45.30.570,2nd exp,,2025.2.0,None,2025-11-10 20h45.30.652027 +0530,
The dog is barking loudly,The dog is barking loudly,repetition_related,right,257,1,16,right,1,0.5514202490012394,None,16,1,257,12,816.6274285420077,,,,,,,,,816.6222562500043,816.6274285420077,816.8710180000053,816.8710180000053,817.0767663750012,817.0595307920012,817.2711979590094,817.2773259590031,817.3712188750069,817.3712188750069,817.3712188750069,817.9286865419999,right,1,0.5514202490012394,None,817.9289626249956,817.9402682500076,817.9402682500076,818.1302512090042,818.1366080840089,818.1366080840089,818.9340518749959,818.9209963750036,,,s,"001",2025-11-10_20h45.30.570,2nd exp,,2025.2.0,None,2025-11-10 20h45.30.652027 +0530,
The dog is barking loudly,The barking dog loudly is,transposition_unrelated,left,258,2,16,left,1,0.6355502489896026,None,16,2,258,15,818.9340518749959,,,,,,,,,818.9286776250083,818.9340518749959,819.1795775840001,819.1795775840001,819.3710371670022,819.3710371670022,819.5587521670095,819.5777121249994,819.6712622089981,819.6781590839964,819.6781590839964,820.3226026670018,left,1,0.6355502489896026,None,820.3228602500021,820.333973959001,820.333973959001,820.5199442500016,820.5285201250081,820.5285201250081,821.3186738750082,821.3035856670031,,,s,"001",2025-11-10_20h45.30.570,2nd exp,,2025.2.0,None,2025-11-10 20h45.30.652027 +0530,
They have finished the work,They work the have finished,transposition_unrelated,left,259,3,16,left,1,1.3025269580102758,None,16,3,259,11,821.3186738750082,,,,,,,,,821.3139832500019,821.3231705420039,821.5710964169994,821.5710964169994,821.7710967500025,821.7710967500025,821.9592605420039,821.9711131670047,822.0593225000048,822.0711298749957,822.0711298749957,823.3775724590087,left,1,1.3025269580102758,None,823.3778299999976,823.3897552499984,823.3897552499984,823.5699942920037,823.5864937090082,823.5864937090082,824.3659748339996,824.3550415000063,,,s,"001",2025-11-10_20h45.30.570,2nd exp,,2025.2.0,None,2025-11-10 20h45.30.652027 +0530,
They have finished the work,They finished have the work,transposition_related,right,260,4,16,left,0,1.2914469160023145,None,16,4,260,10,824.3659748339996,,,,,,,,,824.3611622089957,824.3876169590076,824.6204644590034,824.6290358340048,824.8275641250075,824.808685875003,825.0212691250053,825.0212691250053,825.109355624998,825.1281434999983,825.1281434999983,826.4229330840026,left,0,1.2914469160023145,None,826.4233217919973,826.4350687920087,826.4350687920087,826.619689041996,826.6273701250029,826.6273701250029,827.4186859589972,827.4038022090099,,,s,"001",2025-11-10_20h45.30.570,2nd exp,,2025.2.0,None,2025-11-10 20h45.30.652027 +0530,
She does not like apples,She not does like apples,repetition_unrelated,left,261,5,16,left,1,1.1123513740021735,None,16,5,261,5,827.4186859589972,,,,,,,,,827.413945459004,827.4229363750055,827.6710800000001,827.6710800000001,827.8714779169968,827.8593711669964,828.0580671250063,828.0711507090018,828.1594359169976,828.171157542005,828.171157542005,829.2900035000057,left,1,1.1123513740021735,None,829.290531125007,829.3022864590021,829.3022864590021,829.4868556250003,829.4933657090005,829.4933657090005,830.2864579590096,830.2715774590033,,,s,"001",2025-11-10_20h45.30.570,2nd exp,,2025.2.0,None,2025-11-10 20h45.30.652027 +0530,
They have finished the work,They have finished the work,repetition_related,right,262,6,16,right,1,1.091575874001137,None,16,6,262,8,830.2864579590096,,,,,,,,,830.2816228340089,830.2909199170099,830.5369427090045,830.5369427090045,830.7379326670052,830.7237230419996,830.9264568750077,830.9380442090041,831.0261424170021,831.0378774170094,831.0378774170094,832.1393641250033,right,1,1.091575874001137,None,832.1396336250036,832.1507708749996,832.1507708749996,832.3378856250056,832.3460314170079,832.3460314170079,833.1362769170082,833.120926750009,,,s,"001",2025-11-10_20h45.30.570,2nd exp,,2025.2.0,None,2025-11-10 20h45.30.652027 +0530,
The boy can read fast,The boy can read fast,repetition_related,right,263,7,16,right,1,0.493457207994652,None,16,7,263,0,833.1362769170082,,,,,,,,,833.1314616669988,833.1406955420098,833.3878421249974,833.3878421249974,833.5878886669962,833.5765105839964,833.7760914170067,833.7880809589988,833.8753134169965,833.887933334001,833.887933334001,834.3902177090058,right,1,0.493457207994652,None,834.3906258339994,834.4022419999965,834.4022419999965,834.5876284999977,834.5953922500048,834.5953922500048,835.3867834170087,835.3713557500014,,,s,"001",2025-11-10_20h45.30.570,2nd exp,,2025.2.0,None,2025-11-10 20h45.30.652027 +0530,
The dog is barking loudly,The dog barking is loudly,transposition_related,right,264,8,16,left,0,0.8703801660012687,None,16,8,264,14,835.3867834170087,,,,,,,,,835.381994084004,835.3906872500083,835.6366358340019,835.6366358340019,835.8379668340058,835.823877584,836.0264237500087,836.0378843750077,836.1258953750075,836.137847334001,836.137847334001,837.0110573749989,left,0,0.8703801660012687,None,837.0113209999981,837.0234815840086,837.0234815840086,837.2029565420089,837.2211948750046,837.2211948750046,838.0033293750021,837.9869407090009,,,s,"001",2025-11-10_20h45.30.570,2nd exp,,2025.2.0,None,2025-11-10 20h45.30.652027 +0530,
She does not like apples,She not does like apples,transposition_related,right,265,9,16,left,0,1.036066665998078,None,16,9,265,6,838.0033293750021,,,,,,,,,837.9984201250045,838.0072836250038,838.254607875002,838.254607875002,838.4603961670073,838.4430567920062,838.6543695,838.6543695,838.7419464590057,838.7612184589962,838.7612184589962,839.8061830000079,left,0,1.036066665998078,None,839.8065655420069,839.8182986250031,839.8182986250031,840.0032360420009,840.0097145420004,840.0097145420004,840.8038332090073,840.7881559170055,,,s,"001",2025-11-10_20h45.30.570,2nd exp,,2025.2.0,None,2025-11-10 20h45.30.652027 +0530,
The boy can read fast,The read can boy fast,repetition_unrelated,left,266,10,16,left,1,0.7366362910106545,None,16,10,266,1,840.8038332090073,,,,,,,,,840.7988429170073,840.8085452920059,841.0546580000082,841.0546580000082,841.2543890420056,841.2543890420056,841.4431437500025,841.454673375003,841.5415488340077,841.5545172499988,841.5545172499988,842.2952653340035,left,1,0.7366362910106545,None,842.2955821250071,842.3073520420003,842.3073520420003,842.4964188340091,842.5029811249988,842.5029811249988,843.2903314590076,843.2798791670066,,,s,"001",2025-11-10_20h45.30.570,2nd exp,,2025.2.0,None,2025-11-10 20h45.30.652027 +0530,
The boy can read fast,The boy can read fast,transposition_related,right,267,11,16,right,1,0.5425940830027685,None,16,11,267,2,843.2903314590076,,,,,,,,,843.285456084006,843.2903314590076,843.5450875000097,843.5376937090041,843.743336458996,843.743336458996,843.9379746250052,843.9443568340066,844.0445884590008,844.0445884590008,844.0445884590008,844.5899916250055,right,1,0.5425940830027685,None,844.5905731670064,844.6035620420007,844.6035620420007,844.7877113340073,844.7959580419993,844.7959580419993,845.5871933750022,845.5717375420063,,,s,"001",2025-11-10_20h45.30.570,2nd exp,,2025.2.0,None,2025-11-10 20h45.30.652027 +0530,
The dog is barking loudly,The loudly is barking dog,repetition_unrelated,left,268,12,16,left,1,0.6103114580037072,None,16,12,268,13,845.5871933750022,,,,,,,,,845.5823293340072,845.5917530840088,845.8378714590071,845.8378714590071,846.0378818750032,846.0251406669995,846.2263593749958,846.2381520420022,846.3252675840049,846.3377707089967,846.3377707089967,846.9565700000094,left,1,0.6103114580037072,None,846.9571513749979,846.9689962920093,846.9689962920093,847.154506167004,847.1622903749958,847.1622903749958,847.9603761250037,847.9454428750032,,,s,"001",2025-11-10_20h45.30.570,2nd exp,,2025.2.0,None,2025-11-10 20h45.30.652027 +0530,
She does not like apples,She does not like apples,repetition_related,right,269,13,16,left,0,0.9554647909972118,None,16,13,269,4,847.9603761250037,,,,,,,,,847.9551329170063,847.9603761250037,848.2046477090043,848.2046477090043,848.4046587500052,848.393144458998,848.5928179170005,848.6046936670027,848.6915551670099,848.7045549169998,848.7045549169998,849.6619137920061,left,0,0.9554647909972118,None,849.6621843750036,849.6737730419991,849.6737730419991,849.8529660000058,849.8700452500052,849.8700452500052,850.6535473340045,850.6382171250007,,,s,"001",2025-11-10_20h45.30.570,2nd exp,,2025.2.0,None,2025-11-10 20h45.30.652027 +0530,
They have finished the work,They finished have the work,repetition_unrelated,left,270,14,16,left,1,1.238565623993054,None,16,14,270,9,850.6535473340045,,,,,,,,,850.6487380839972,850.6581422090094,850.9128760839958,850.9045290420036,851.1109190419957,851.1109190419957,851.3046460839978,851.3112872920028,851.4044552090054,851.4103728339978,851.4103728339978,852.6564512920013,left,1,1.238565623993054,None,852.6568328340072,852.6683170420001,852.6683170420001,852.8534524590068,852.8617170420039,852.8617170420039,853.6519871250057,853.6369537919963,,,s,"001",2025-11-10_20h45.30.570,2nd exp,,2025.2.0,None,2025-11-10 20h45.30.652027 +0530,
She does not like apples,She like does apples not,transposition_unrelated,left,271,15,16,left,1,0.6664288750034757,None,16,15,271,7,853.6519871250057,,,,,,,,,853.6472536670044,853.6563036669977,853.9045447920071,853.9045447920071,854.104445584002,854.0926633750059,854.2934291249985,854.3044680000021,854.392226875003,854.4044431250077,854.4044431250077,855.0726926670031,left,1,0.6664288750034757,None,855.0730584590056,855.0844919170049,855.0844919170049,855.2706062500074,855.2784132090019,855.2784132090019,856.0713492089999,856.0548903340095,,,s,"001",2025-11-10_20h45.30.570,2nd exp,,2025.2.0,None,2025-11-10 20h45.30.652027 +0530,
They have finished the work,They finished have the work,repetition_unrelated,left,272,0,17,left,1,0.8809132909955224,None,17,0,272,9,856.0713492089999,,,,,,,,,856.0664683340001,856.0876624590019,856.3208546250098,856.328459167009,856.5211422499997,856.5094124169991,856.7085811249999,856.7210786670039,856.8093522090057,856.8209706670023,856.8209706670023,857.706630708999,left,1,0.8809132909955224,None,857.707107292008,857.7186812500004,857.7186812500004,857.9035823340091,857.9107858339994,857.9107858339994,858.702164125003,858.6866724169959,,,s,"001",2025-11-10_20h45.30.570,2nd exp,,2025.2.0,None,2025-11-10 20h45.30.652027 +0530,
She does not like apples,She not does like apples,transposition_related,right,273,1,17,left,0,0.7202746659895638,None,17,1,273,6,858.702164125003,,,,,,,,,858.6973700420058,858.7067028750025,858.9543672500004,858.9543672500004,859.154332584003,859.1420522499975,859.3431895420072,859.3546500000084,859.4419927920098,859.4544766670006,859.4544766670006,860.1788673749979,left,0,0.7202746659895638,None,860.1791986669996,860.1903265419969,860.1903265419969,860.380367042002,860.387080792003,860.387080792003,861.1868646250077,861.1713287919993,,,s,"001",2025-11-10_20h45.30.570,2nd exp,,2025.2.0,None,2025-11-10 20h45.30.652027 +0530,
The boy can read fast,The boy can read fast,repetition_related,right,274,2,17,right,1,1.0354931250039954,None,17,2,274,0,861.1868646250077,,,,,,,,,861.1816455420048,861.1868646250077,861.4291274999996,861.4291274999996,861.625376416996,861.625376416996,861.8201931670046,861.8258944170084,861.9199414169998,861.9250880839973,861.9250880839973,862.9732166250033,right,1,1.0354931250039954,None,862.9736266249965,862.9857029590057,862.9857029590057,863.1694867920014,863.1765220840025,863.1765220840025,863.9697362090083,863.9538396669959,,,s,"001",2025-11-10_20h45.30.570,2nd exp,,2025.2.0,None,2025-11-10 20h45.30.652027 +0530,
The dog is barking loudly,The barking dog loudly is,transposition_unrelated,left,275,3,17,left,1,0.8445390409906395,None,17,3,275,15,863.9697362090083,,,,,,,,,863.9648396670091,863.9743652500038,864.2211019170063,864.2211019170063,864.4211282089964,864.4091888340045,864.609711416997,864.6211414169957,864.7086602089985,864.7210903750092,864.7210903750092,865.5725145420001,left,1,0.8445390409906395,None,865.572786625009,865.5841103340063,865.5841103340063,865.7703318749991,865.7786600420077,865.7786600420077,866.5714416670089,866.5549600420054,,,s,"001",2025-11-10_20h45.30.570,2nd exp,,2025.2.0,None,2025-11-10 20h45.30.652027 +0530,
They have finished the work,They have finished the work,repetition_related,right,276,4,17,left,0,1.1174029160029022,None,17,4,276,8,866.5714416670089,,,,,,,,,866.5665538750036,866.5876749590097,866.8209739169979,866.828417459008,867.0212010840041,867.0098999170004,867.2096924590005,867.2212079590099,867.3084724170039,867.3211675420025,867.3211675420025,868.4454087500053,left,0,1.1174029160029022,None,868.445680542005,868.4571461250016,868.4571461250016,868.6474524170044,868.6541440000001,868.6541440000001,869.4536267920048,869.438157209006,,,s,"001",2025-11-10_20h45.30.570,2nd exp,,2025.2.0,None,2025-11-10 20h45.30.652027 +0530,
The boy can read fast,The read can boy fast,transposition_unrelated,left,277,5,17,right,0,0.6061703740124358,None,17,5,277,3,869.4536267920048,,,,,,,,,869.4482903750031,869.4536267920048,869.6958085000078,869.6958085000078,869.8861786250054,869.8861786250054,870.0761000420025,870.0943720000068,870.1877955840027,870.1934476669994,870.1934476669994,870.8064716670051,right,0,0.6061703740124358,None,870.8069914170046,870.8186716250057,870.8186716250057,871.0030661670025,871.0105908340047,871.0105908340047,871.8040701669961,871.7867621250043,,,s,"001",2025-11-10_20h45.30.570,2nd exp,,2025.2.0,None,2025-11-10 20h45.30.652027 +0530,
They have finished the work,They work the have finished,transposition_unrelated,left,278,6,17,left,1,1.549910791000002,None,17,6,278,11,871.8040701669961,,,,,,,,,871.7996685420076,871.8076061669999,872.0544030000019,872.0544030000019,872.2544940420048,872.2544940420048,872.442727792004,872.4544917919993,872.5419252090069,872.5545062090096,872.5545062090096,874.1066553749988,left,1,1.549910791000002,None,874.107116625004,874.1185857500095,874.1185857500095,874.3029563750024,874.3104621670063,874.3104621670063,875.1041654169967,875.0879835840024,,,s,"001",2025-11-10_20h45.30.570,2nd exp,,2025.2.0,None,2025-11-10 20h45.30.652027 +0530,
She does not like apples,She does not like apples,repetition_related,right,279,7,17,right,1,0.8448770820104983,None,17,7,279,4,875.1041654169967,,,,,,,,,875.0993605840049,875.1085324590094,875.354396374998,875.354396374998,875.5545035420073,875.5418229589995,875.7432769169973,875.7544947499991,875.843002374997,875.8544753339957,875.8544753339957,876.7067214999988,right,1,0.8448770820104983,None,876.7071976669977,876.7187171670084,876.7187171670084,876.9031295839959,876.9099182920036,876.9099182920036,877.7030262089975,877.6869798749976,,,s,"001",2025-11-10_20h45.30.570,2nd exp,,2025.2.0,None,2025-11-10 20h45.30.652027 +0530,
The dog is barking loudly,The dog is barking loudly,repetition_related,right,280,8,17,left,0,0.7037853739893762,None,17,8,280,12,877.7030262089975,,,,,,,,,877.6981999170093,877.7076236669964,877.9545559590042,877.9545559590042,878.1543925840087,878.1419950840063,878.3431133749982,878.354548999996,878.4417428750021,878.4545161249989,878.4545161249989,879.1612322500005,left,0,0.7037853739893762,None,879.1614936670085,879.173310750004,879.173310750004,879.3531993340002,879.3697949589987,879.3697949589987,880.1537672920094,880.1381354170007,,,s,"001",2025-11-10_20h45.30.570,2nd exp,,2025.2.0,None,2025-11-10 20h45.30.652027 +0530,
They have finished the work,They finished have the work,transposition_related,right,281,9,17,left,0,1.438945166009944,None,17,9,281,10,880.1537672920094,,,,,,,,,880.1489661250089,880.1581378340052,880.4044955840072,880.4044955840072,880.6044452920032,880.6044452920032,880.7919729590067,880.8100288749993,880.9044324999995,880.9113383340009,880.9113383340009,882.3561257499969,left,0,1.438945166009944,None,882.3565127089969,882.3682181250042,882.3682181250042,882.5529292919964,882.5603698339983,882.5603698339983,883.3537064999982,883.3381457500072,,,s,"001",2025-11-10_20h45.30.570,2nd exp,,2025.2.0,None,2025-11-10 20h45.30.652027 +0530,
The boy can read fast,The boy can read fast,transposition_related,right,282,10,17,right,1,0.545592623995617,None,17,10,282,2,883.3537064999982,,,,,,,,,883.3489189999964,883.35813120901,883.6045778749976,883.6045778749976,883.8046892499988,883.7932690000016,883.9917670840077,884.0044075000042,884.093198417002,884.1045157500048,884.1045157500048,884.6557443750062,right,1,0.545592623995617,None,884.6560170840094,884.6673823340097,884.6673823340097,884.8543112500047,884.8616730000067,884.8616730000067,885.6531556249975,885.6379927920061,,,s,"001",2025-11-10_20h45.30.570,2nd exp,,2025.2.0,None,2025-11-10 20h45.30.652027 +0530,
She does not like apples,She not does like apples,repetition_unrelated,left,283,11,17,left,1,0.9214559989923146,None,17,11,283,5,885.6531556249975,,,,,,,,,885.6482340420043,885.6577117499983,885.9045264590095,885.9045264590095,886.1044904169976,886.092272791997,886.2928724170051,886.3044569589983,886.3925862500037,886.4046270840045,886.4046270840045,887.3274615420087,left,1,0.9214559989923146,None,887.327719916997,887.3397348750004,887.3397348750004,887.5195130840002,887.5378372499981,887.5378372499981,888.3180063339969,888.3030731250037,,,s,"001",2025-11-10_20h45.30.570,2nd exp,,2025.2.0,None,2025-11-10 20h45.30.652027 +0530,
The dog is barking loudly,The dog barking is loudly,transposition_related,right,284,12,17,left,0,1.4053224160015816,None,17,12,284,14,888.3180063339969,,,,,,,,,888.3134045839979,888.3223688750004,888.5711898340087,888.5711898340087,888.7778872920026,888.7587524999981,888.9710299590079,888.9710299590079,889.058485542002,889.0777844590048,889.0777844590048,890.4893307090097,left,0,1.4053224160015816,None,890.4897213750082,890.5011272499978,890.5011272499978,890.6877115840034,890.6958902089973,890.6958902089973,891.4935437090026,891.4780935419985,,,s,"001",2025-11-10_20h45.30.570,2nd exp,,2025.2.0,None,2025-11-10 20h45.30.652027 +0530,
She does not like apples,She like does apples not,transposition_unrelated,left,285,13,17,left,1,1.5132817489939043,None,17,13,285,7,891.4935437090026,,,,,,,,,891.4884377090057,891.4935437090026,891.7376114590006,891.7376114590006,891.9378246670094,891.9251398339984,892.1246236669976,892.1376644590055,892.2262982090033,892.2377524170006,892.2377524170006,893.7565237500094,left,1,1.5132817489939043,None,893.7570713750029,893.7687443339964,893.7687443339964,893.9531784999999,893.9615411249979,893.9615411249979,894.753359084003,894.7375761250005,,,s,"001",2025-11-10_20h45.30.570,2nd exp,,2025.2.0,None,2025-11-10 20h45.30.652027 +0530,
The dog is barking loudly,The loudly is barking dog,repetition_unrelated,left,286,14,17,left,1,1.3063877079985105,None,17,14,286,13,894.753359084003,,,,,,,,,894.74854125001,894.7579071670043,895.0044130000024,895.0044130000024,895.2046365419956,895.1918789589981,895.3931474590063,895.4044852920051,895.4926686670078,895.5044394590077,895.5044394590077,896.8233121250087,left,1,1.3063877079985105,None,896.8239497089962,896.8357672919956,896.8357672919956,897.0210049590096,897.0285140000051,897.0285140000051,897.8266288340092,897.8114920840017,,,s,"001",2025-11-10_20h45.30.570,2nd exp,,2025.2.0,None,2025-11-10 20h45.30.652027 +0530,
The boy can read fast,The read can boy fast,repetition_unrelated,left,287,15,17,left,1,0.6677786660002312,None,17,15,287,1,897.8266288340092,,,,,,,,,897.8214312920027,897.8266288340092,898.0712008749979,898.0712008749979,898.2709564999968,898.2596180840046,898.4591430840082,898.4712861669977,898.5585767090088,898.5710167090001,898.5710167090001,899.2447368340072,left,1,0.6677786660002312,None,899.2450222089974,899.256763708996,899.256763708996,899.4457046669995,899.4528574590076,899.4528574590076,900.2530678750045,900.2377288749994,,,s,"001",2025-11-10_20h45.30.570,2nd exp,,2025.2.0,None,2025-11-10 20h45.30.652027 +0530,
They have finished the work,They finished have the work,transposition_related,right,288,0,18,left,0,1.1781381239998154,None,18,0,288,10,900.2530678750045,,,,,,,,,900.2480588339968,900.2530678750045,900.4863745839975,900.4934980420076,900.6945759170048,900.6761476670072,900.8878632920096,900.8878632920096,900.9764023750031,900.993615792002,900.993615792002,902.1786836670071,left,0,1.1781381239998154,None,902.1789481250016,902.1902291250008,902.1902291250008,902.3797892919974,902.3860327500006,902.3860327500006,903.1876397919987,903.1716353340016,,,s,"001",2025-11-10_20h45.30.570,2nd exp,,2025.2.0,None,2025-11-10 20h45.30.652027 +0530,
The dog is barking loudly,The barking dog loudly is,transposition_unrelated,left,289,1,18,left,1,1.371902623999631,None,18,1,289,15,903.1876397919987,,,,,,,,,903.1824126669962,903.1876397919987,903.4294746670057,903.4294746670057,903.6197413339978,903.6197413339978,903.8100011250062,903.8274110420025,903.9211896670022,903.9278353749978,903.9278353749978,905.3064945840015,left,1,1.371902623999631,None,905.3069851670007,905.3183155419974,905.3183155419974,905.5040437919961,905.5119457920082,905.5119457920082,906.2992257500009,906.2878852499998,,,s,"001",2025-11-10_20h45.30.570,2nd exp,,2025.2.0,None,2025-11-10 20h45.30.652027 +0530,
The dog is barking loudly,The dog barking is loudly,transposition_related,right,290,2,18,left,0,1.365316373994574,None,18,2,290,14,906.2992257500009,,,,,,,,,906.2945015840087,906.3206801250053,906.5544567920006,906.5625169170089,906.754459667005,906.754459667005,906.9429175420082,906.954398959002,907.0425231249974,907.0543607500003,907.0543607500003,908.4232291250082,left,0,1.365316373994574,None,908.4237887500058,908.4382836669974,908.4382836669974,908.6208529169962,908.6284440000018,908.6284440000018,909.4195588340081,909.4042123340041,,,s,"001",2025-11-10_20h45.30.570,2nd exp,,2025.2.0,None,2025-11-10 20h45.30.652027 +0530,
They have finished the work,They have finished the work,repetition_related,right,291,3,18,right,1,1.0742643739940831,None,18,3,291,8,909.4195588340081,,,,,,,,,909.4146812499966,909.4239604589966,909.6710302499996,909.6710302499996,909.8712888340087,909.8597184999962,910.0592938750051,910.0710493750084,910.1594362500036,910.171167959008,910.171167959008,911.2558652919979,right,1,1.0742643739940831,None,911.2561333750054,911.2672905000072,911.2672905000072,911.4544065840018,911.4620669169963,911.4620669169963,912.259602709004,912.2447988339991,,,s,"001",2025-11-10_20h45.30.570,2nd exp,,2025.2.0,None,2025-11-10 20h45.30.652027 +0530,
She does not like apples,She does not like apples,repetition_related,right,292,4,18,right,1,0.8401585410028929,None,18,4,292,4,912.259602709004,,,,,,,,,912.2543817920086,912.259602709004,912.504322791996,912.504322791996,912.7043494170066,912.6927809589979,912.892502208997,912.904387875009,912.9931723750051,913.0043000419973,913.0043000419973,913.8562017090007,right,1,0.8401585410028929,None,913.8565897500084,913.8682790839957,913.8682790839957,914.0542342920089,914.062276334007,914.062276334007,914.8491706250061,914.8380118339992,,,s,"001",2025-11-10_20h45.30.570,2nd exp,,2025.2.0,None,2025-11-10 20h45.30.652027 +0530,
She does not like apples,She not does like apples,transposition_related,right,293,5,18,left,0,1.9380351250001695,None,18,5,293,6,914.8491706250061,,,,,,,,,914.84443225,914.8707695420017,915.1042880839959,915.111879834003,915.3046162090031,915.3046162090031,915.492771959005,915.5045130840008,915.5924428750004,915.6043171670026,915.6043171670026,917.5455072500044,left,0,1.9380351250001695,None,917.5457787920022,917.5568393340072,917.5568393340072,917.7465982090071,917.7530080419965,917.7530080419965,918.5538464170095,918.5380258750083,,,s,"001",2025-11-10_20h45.30.570,2nd exp,,2025.2.0,None,2025-11-10 20h45.30.652027 +0530,
The boy can read fast,The boy can read fast,repetition_related,right,294,6,18,right,1,0.6837542499997653,None,18,6,294,0,918.5538464170095,,,,,,,,,918.5486056250083,918.5538464170095,918.7960540420027,918.7960540420027,918.9863381250034,918.9907892920019,919.1757971670013,919.1945203340001,919.2877844589966,919.294496167,919.294496167,919.9900084590045,right,1,0.6837542499997653,None,919.9906019170012,920.0022851670074,920.0022851670074,920.1877177090064,920.1959600840055,920.1959600840055,920.9940794169961,920.9781683750043,,,s,"001",2025-11-10_20h45.30.570,2nd exp,,2025.2.0,None,2025-11-10 20h45.30.652027 +0530,
The dog is barking loudly,The loudly is barking dog,repetition_unrelated,left,295,7,18,left,1,1.2564674579916755,None,18,7,295,13,920.9940794169961,,,,,,,,,920.9888086669962,920.9940794169961,921.2377285840048,921.2377285840048,921.4376985840063,921.4376985840063,921.6251159590029,921.6377555840008,921.7261381249991,921.7377787500009,921.7377787500009,923.0064415840025,left,1,1.2564674579916755,None,923.006997000004,923.0183884590078,923.0183884590078,923.2042513339984,923.2115951669984,923.2115951669984,924.010333416998,923.9947654169955,,,s,"001",2025-11-10_20h45.30.570,2nd exp,,2025.2.0,None,2025-11-10 20h45.30.652027 +0530,
The boy can read fast,The read can boy fast,transposition_unrelated,left,296,8,18,left,1,1.5826183739991393,None,18,8,296,3,924.010333416998,,,,,,,,,924.0051213749975,924.010333416998,924.2544107499998,924.2544107499998,924.4543844169966,924.4543844169966,924.642946042004,924.6544497499999,924.7428767500096,924.7545582500024,924.7545582500024,926.3395566249965,left,1,1.5826183739991393,None,926.33989475001,926.3528562499996,926.3528562499996,926.5360444999969,926.5433190420008,926.5433190420008,927.3257547090034,927.3199275420047,,,s,"001",2025-11-10_20h45.30.570,2nd exp,,2025.2.0,None,2025-11-10 20h45.30.652027 +0530,
The boy can read fast,The read can boy fast,repetition_unrelated,left,297,9,18,left,1,1.008155458010151,None,18,9,297,1,927.3257547090034,,,,,,,,,927.3205604170071,927.3377571250021,927.587881667001,927.5753197090089,927.7878952089959,927.7761808340001,927.9762515420007,927.9878359169961,928.0752111670008,928.0878387920093,928.0878387920093,929.1060607920081,left,1,1.008155458010151,None,929.1063939169981,929.1184045840055,929.1184045840055,929.3028938339994,929.3102496250067,929.3102496250067,930.1024913340079,930.0870847920014,,,s,"001",2025-11-10_20h45.30.570,2nd exp,,2025.2.0,None,2025-11-10 20h45.30.652027 +0530,
She does not like apples,She not does like apples,repetition_unrelated,left,298,10,18,left,1,1.0808573739923304,None,18,10,298,5,930.1024913340079,,,,,,,,,930.0974997500016,930.1070702500001,930.3542395420081,930.3542395420081,930.554222250008,930.554222250008,930.7426232090074,930.7543133750005,930.8429499170015,930.8542146249965,930.8542146249965,931.9398366250098,left,1,1.0808573739923304,None,931.9403722499992,931.9516516669973,931.9516516669973,932.137601334005,932.1453674170043,932.1453674170043,932.9366960000043,932.9212064169988,,,s,"001",2025-11-10_20h45.30.570,2nd exp,,2025.2.0,None,2025-11-10 20h45.30.652027 +0530,
The dog is barking loudly,The dog is barking loudly,repetition_related,right,299,11,18,right,1,1.0614081250096206,None,18,11,299,12,932.9366960000043,,,,,,,,,932.9317120420019,932.9412719170068,933.1877501670097,933.1877501670097,933.3874677090062,933.3874677090062,933.5760320840054,933.5878046669968,933.6751401250076,933.6877074170043,933.6877074170043,934.7565567919955,right,1,1.0614081250096206,None,934.7571237500088,934.7685936670023,934.7685936670023,934.9542353750003,934.9618112089956,934.9618112089956,935.7535915420012,935.7381167919957,,,s,"001",2025-11-10_20h45.30.570,2nd exp,,2025.2.0,None,2025-11-10 20h45.30.652027 +0530,
They have finished the work,They finished have the work,repetition_unrelated,left,300,12,18,left,1,1.4555504570016637,None,18,12,300,9,935.7535915420012,,,,,,,,,935.7487642500055,935.7581216249964,936.0044328750082,936.0044328750082,936.2042769170075,936.2042769170075,936.3929947919969,936.4045234170044,936.4914113749983,936.5043456249987,936.5043456249987,937.9724311250029,left,1,1.4555504570016637,None,937.9727286249981,937.9834990420059,937.9834990420059,938.1708190420031,938.178530959005,938.178530959005,938.9742025840096,938.9601215419971,,,s,"001",2025-11-10_20h45.30.570,2nd exp,,2025.2.0,None,2025-11-10 20h45.30.652027 +0530,
The boy can read fast,The boy can read fast,transposition_related,right,301,13,18,right,1,0.5618339989887318,None,18,13,301,2,938.9742025840096,,,,,,,,,938.9695596670063,938.9742025840096,939.2209324169962,939.2209324169962,939.4208670840017,939.409274125006,939.60881491701,939.6212353750016,939.7083551249962,939.7210759169975,939.7210759169975,940.28892812501,right,1,0.5618339989887318,None,940.2892013340024,940.299869584007,940.299869584007,940.4868296250061,940.4951242090028,940.4951242090028,941.2854804170056,941.270090667007,,,s,"001",2025-11-10_20h45.30.570,2nd exp,,2025.2.0,None,2025-11-10 20h45.30.652027 +0530,
She does not like apples,She like does apples not,transposition_unrelated,left,302,14,18,left,1,0.7344336660025874,None,18,14,302,7,941.2854804170056,,,,,,,,,941.2807701670099,941.2893702090078,941.5370524169994,941.5370524169994,941.7377536669956,941.7252610840078,941.9262717090023,941.937783166999,942.0265787090029,942.0376564589969,942.0376564589969,942.7778993749962,left,1,0.7344336660025874,None,942.7782372090005,942.7897318339965,942.7897318339965,942.9795484589995,942.9862300420064,942.9862300420064,943.778122083997,943.7626755840029,,,s,"001",2025-11-10_20h45.30.570,2nd exp,,2025.2.0,None,2025-11-10 20h45.30.652027 +0530,
They have finished the work,They work the have finished,transposition_unrelated,left,303,15,18,left,1,1.1096166659990558,None,18,15,303,11,943.778122083997,,,,,,,,,943.7728958340012,943.778122083997,944.0292549169972,944.0292549169972,944.2193436250091,944.2193436250091,944.4099583750067,944.4265287919989,944.5209822920006,944.5209822920006,944.5209822920006,945.6392522090027,left,1,1.1096166659990558,None,945.6396258339955,945.6505111669976,945.6505111669976,945.8363665420038,945.8426950840076,945.8426950840076,946.6315789170039,946.6200275419978,,,s,"001",2025-11-10_20h45.30.570,2nd exp,,2025.2.0,None,2025-11-10 20h45.30.652027 +0530,
They have finished the work,They finished have the work,transposition_related,right,304,0,19,left,0,1.2289488329988671,None,19,0,304,10,946.6315789170039,,,,,,,,,946.6266962500085,946.636296584009,946.8878725420072,946.8754129169974,947.0877941670042,947.0877941670042,947.276267209003,947.2876331250009,947.3760348340002,947.3876269589964,947.3876269589964,948.623011083997,left,0,1.2289488329988671,None,948.6235633750039,948.6346343750047,948.6346343750047,948.8193128340063,948.8261515000049,948.8261515000049,949.6182983750041,949.6034716249997,,,s,"001",2025-11-10_20h45.30.570,2nd exp,,2025.2.0,None,2025-11-10 20h45.30.652027 +0530,
The dog is barking loudly,The barking dog loudly is,transposition_unrelated,left,305,1,19,left,1,0.6196702909946907,None,19,1,305,15,949.6182983750041,,,,,,,,,949.613474459009,949.6226468749956,949.8697067920002,949.8697067920002,950.0710288340051,950.0581600000005,950.2597096249956,950.2710735,950.3594291250047,950.3709391669981,950.3709391669981,950.9955120000086,left,1,0.6196702909946907,None,950.9957859590068,951.0069226670021,951.0069226670021,951.1983949170099,951.2042581249989,951.2042581249989,952.0021416670061,951.9871775420033,,,s,"001",2025-11-10_20h45.30.570,2nd exp,,2025.2.0,None,2025-11-10 20h45.30.652027 +0530,
The boy can read fast,The boy can read fast,transposition_related,right,306,2,19,right,1,0.5912724579975475,None,19,2,306,2,952.0021416670061,,,,,,,,,951.9967847090011,952.0021416670061,952.245901125003,952.245901125003,952.4428409170068,952.4428409170068,952.637767667009,952.6438479589997,952.7377459999989,952.7442470840033,952.7442470840033,953.339200041999,right,1,0.5912724579975475,None,953.3395929170074,953.3507964590099,953.3507964590099,953.5376332500018,953.545113041997,953.545113041997,954.3376560000033,954.3277516670059,,,s,"001",2025-11-10_20h45.30.570,2nd exp,,2025.2.0,None,2025-11-10 20h45.30.652027 +0530,
The boy can read fast,The boy can read fast,repetition_related,right,307,3,19,right,1,0.6647842490056064,None,19,3,307,0,954.3376560000033,,,,,,,,,954.3281197920005,954.3376560000033,954.5876050420047,954.575714999999,954.7875615420053,954.7875615420053,954.9750205000018,954.9875163340039,955.0744451250066,955.087645874999,955.087645874999,955.755760125001,right,1,0.6647842490056064,None,955.7561355840007,955.7673389170086,955.7673389170086,955.9540324170084,955.9616458750097,955.9616458750097,956.7532892500021,956.737870375,,,s,"001",2025-11-10_20h45.30.570,2nd exp,,2025.2.0,None,2025-11-10 20h45.30.652027 +0530,
She does not like apples,She not does like apples,transposition_related,right,308,4,19,left,0,2.014230624990887,None,19,4,308,6,956.7532892500021,,,,,,,,,956.7484392920014,956.7708477090055,957.0044104170083,957.0123958750046,957.2040818340029,957.2040818340029,957.3924070840003,957.4044028339995,957.4916511250049,957.5042240000039,957.5042240000039,959.5230400840082,left,0,2.014230624990887,None,959.523575625004,959.5349601250055,959.5349601250055,959.7207169589965,959.7283516250027,959.7283516250027,960.5150654589961,960.504625542002,,,s,"001",2025-11-10_20h45.30.570,2nd exp,,2025.2.0,None,2025-11-10 20h45.30.652027 +0530,
She does not like apples,She like does apples not,transposition_unrelated,left,309,5,19,left,1,0.9171462910016999,None,19,5,309,7,960.5150654589961,,,,,,,,,960.5103166670015,960.5196896249981,960.7711680420034,960.7590962499962,960.9711480420083,960.9711480420083,961.1585518750071,961.1712191670085,961.2592080000031,961.271117042008,961.271117042008,962.1945934999967,left,1,0.9171462910016999,None,962.1948537919961,962.2065038750006,962.2065038750006,962.3867604170082,962.4027494170005,962.4027494170005,963.1861446670082,963.1707312920043,,,s,"001",2025-11-10_20h45.30.570,2nd exp,,2025.2.0,None,2025-11-10 20h45.30.652027 +0530,
The dog is barking loudly,The loudly is barking dog,repetition_unrelated,left,310,6,19,left,1,0.729687915998511,None,19,6,310,13,963.1861446670082,,,,,,,,,963.1812532089971,963.190902375005,963.4449572919984,963.4375877499988,963.6444267089973,963.6444267089973,963.8445337919984,963.8445337919984,963.944599334005,963.944599334005,963.944599334005,964.6782759589987,left,1,0.729687915998511,None,964.6785484590073,964.6899048750056,964.6899048750056,964.8802005839971,964.8864545840042,964.8864545840042,965.6864605419978,965.6707039169996,,,s,"001",2025-11-10_20h45.30.570,2nd exp,,2025.2.0,None,2025-11-10 20h45.30.652027 +0530,
She does not like apples,She does not like apples,repetition_related,right,311,7,19,left,0,1.1267341659986414,None,19,7,311,4,965.6864605419978,,,,,,,,,965.6810714169987,965.6864605419978,965.929656584005,965.929656584005,966.1193317090074,966.1240772919991,966.3093221669988,966.3271399590012,966.4209632499987,966.4275126669963,966.4275126669963,967.5564034999989,left,0,1.1267341659986414,None,967.5569315839966,967.5682915420039,967.5682915420039,967.7526148339966,967.7597405420092,967.7597405420092,968.5520319170028,968.5371762499999,,,s,"001",2025-11-10_20h45.30.570,2nd exp,,2025.2.0,None,2025-11-10 20h45.30.652027 +0530,
The dog is barking loudly,The dog is barking loudly,repetition_related,right,312,8,19,right,1,2.1268612499989104,None,19,8,312,12,968.5520319170028,,,,,,,,,968.5471664590004,968.55656258401,968.804201417006,968.804201417006,969.0044489590073,968.9917591670091,969.1922740840091,969.2042981670093,969.292742375008,969.3042756670038,969.3042756670038,971.4390950840025,right,1,2.1268612499989104,None,971.4394691670022,971.4502698340075,971.4502698340075,971.6360463750025,971.6436486250022,971.6436486250022,972.4352591250063,972.4197862500005,,,s,"001",2025-11-10_20h45.30.570,2nd exp,,2025.2.0,None,2025-11-10 20h45.30.652027 +0530,
They have finished the work,They have finished the work,repetition_related,right,313,9,19,left,0,1.6634983330004616,None,19,9,313,8,972.4352591250063,,,,,,,,,972.4304750840092,972.4396626250091,972.6866724590072,972.6866724590072,972.8875866669987,972.8737122090097,973.0752157499956,973.0878260419995,973.1749616669986,973.1875354590011,973.1875354590011,974.856375000003,left,0,1.6634983330004616,None,974.8569376250089,974.8682200420008,974.8682200420008,975.0543382500036,975.0611793749995,975.0611793749995,975.8495702090004,975.8382472920057,,,s,"001",2025-11-10_20h45.30.570,2nd exp,,2025.2.0,None,2025-11-10 20h45.30.652027 +0530,
They have finished the work,They finished have the work,repetition_unrelated,left,314,10,19,left,1,1.5787527080101427,None,19,10,314,9,975.8495702090004,,,,,,,,,975.84482725001,975.8553754589957,976.1046233750094,976.0924924999999,976.3043609590095,976.3043609590095,976.4929493340023,976.5043532920099,976.5931372089981,976.6042347920011,976.6042347920011,978.1897563750099,left,1,1.5787527080101427,None,978.1903025420033,978.2015536249964,978.2015536249964,978.3863557919976,978.3944390420074,978.3944390420074,979.180372584,979.1699808749981,,,s,"001",2025-11-10_20h45.30.570,2nd exp,,2025.2.0,None,2025-11-10 20h45.30.652027 +0530,
They have finished the work,They work the have finished,transposition_unrelated,left,315,11,19,left,1,1.3492058320116485,None,19,11,315,11,979.180372584,,,,,,,,,979.1755278339988,979.185951499996,979.4375847089977,979.4253947090037,979.6378303750098,979.6378303750098,979.8257385420002,979.8376038749993,979.9255992090038,979.9376815419964,979.9376815419964,981.28882729201,left,1,1.3492058320116485,None,981.2890916670003,981.299971875007,981.299971875007,981.487497167007,981.4953347920091,981.4953347920091,982.2923011670064,982.2776780420099,,,s,"001",2025-11-10_20h45.30.570,2nd exp,,2025.2.0,None,2025-11-10 20h45.30.652027 +0530,
The boy can read fast,The read can boy fast,transposition_unrelated,left,316,12,19,left,1,1.6980414160061628,None,19,12,316,3,982.2923011670064,,,,,,,,,982.2873274590092,982.2923011670064,982.5374317920068,982.5374317920068,982.7375883750065,982.7240865420026,982.9262684590067,982.9377558749984,983.0249332090025,983.0377113750001,983.0377113750001,984.739642333996,left,1,1.6980414160061628,None,984.7402194589959,984.7517970000044,984.7517970000044,984.9366577089968,984.9435939170071,984.9435939170071,985.7249053749983,985.7204680840077,,,s,"001",2025-11-10_20h45.30.570,2nd exp,,2025.2.0,None,2025-11-10 20h45.30.652027 +0530,
The boy can read fast,The read can boy fast,repetition_unrelated,left,317,13,19,left,1,1.6227626659965608,None,19,13,317,1,985.7249053749983,,,,,,,,,985.7208090839995,985.7376309590036,985.9877273340098,985.9749121250061,986.1875134590082,986.1875134590082,986.3761597920093,986.3877718340082,986.4752136669995,986.4879440840014,986.4879440840014,988.1222326669958,left,1,1.6227626659965608,None,988.1225210840057,988.1337274170073,988.1337274170073,988.3194147089962,988.3277605839976,988.3277605839976,989.1194296670001,989.1041004169965,,,s,"001",2025-11-10_20h45.30.570,2nd exp,,2025.2.0,None,2025-11-10 20h45.30.652027 +0530,
She does not like apples,She not does like apples,repetition_unrelated,left,318,14,19,left,1,1.7974535410030512,None,19,14,318,5,989.1194296670001,,,,,,,,,989.1149233339966,989.1232642090035,989.3709451250033,989.3709451250033,989.5711826670013,989.5582086670038,989.7703266250028,989.7703266250028,989.8594263340055,989.8711497500044,989.8711497500044,991.6728954590071,left,1,1.7974535410030512,None,991.673494875009,991.6862107500056,991.6862107500056,991.8696703750029,991.8762587500096,991.8762587500096,992.6715851250046,992.6540588339994,,,s,"001",2025-11-10_20h45.30.570,2nd exp,,2025.2.0,None,2025-11-10 20h45.30.652027 +0530,
The dog is barking loudly,The dog barking is loudly,transposition_related,right,319,15,19,right,1,0.676487165997969,None,19,15,319,14,992.6715851250046,,,,,,,,,992.6664177500061,992.6873759169976,992.9202799170016,992.9279999169958,993.1210842919972,993.1080600419955,993.3196777499979,993.3196777499979,993.4084667499992,993.4210823339963,993.4210823339963,994.1062679589959,right,1,0.676487165997969,None,994.1066872500087,994.1185316670017,994.1185316670017,994.3039631249994,994.3118792090099,994.3118792090099,995.1077995420055,995.093033666999,,,s,"001",2025-11-10_20h45.30.570,2nd exp,,2025.2.0,None,2025-11-10 20h45.30.652027 +0530,
She does not like apples,She like does apples not,transposition_unrelated,left,320,0,20,left,1,1.3292323749919888,None,20,0,320,7,995.1077995420055,,,,,,,,,995.1028884999978,995.1077995420055,995.3543429590063,995.3543429590063,995.5541869169974,995.5417640000087,995.7422686670034,995.7544614170038,995.8420824589994,995.8543195420061,995.8543195420061,997.1897453340061,left,1,1.3292323749919888,None,997.1903392920067,997.2020679170091,997.2020679170091,997.3861136670021,997.39416991701,997.39416991701,998.1820939169993,998.1712873340002,,,s,"001",2025-11-10_20h45.30.570,2nd exp,,2025.2.0,None,2025-11-10 20h45.30.652027 +0530,
She does not like apples,She not does like apples,repetition_unrelated,left,321,1,20,left,1,1.6569991249998566,None,20,1,321,5,998.1820939169993,,,,,,,,,998.177346084005,998.2038962920051,998.437458417,998.4453639170097,998.637485416999,998.637485416999,998.825062584001,998.8377328339993,998.924845667003,998.9374222089973,998.9374222089973,1000.6063085839996,left,1,1.6569991249998566,None,1000.6069384590082,1000.6188799590018,1000.6188799590018,1000.8038366249966,1000.8116317090025,1000.8116317090025,1001.6014917919965,1001.5867454590043,,,s,"001",2025-11-10_20h45.30.570,2nd exp,,2025.2.0,None,2025-11-10 20h45.30.652027 +0530,
The boy can read fast,The boy can read fast,repetition_related,right,322,2,20,right,1,1.0331920409953455,None,20,2,322,0,1001.6014917919965,,,,,,,,,1001.5967042920092,1001.6058408340032,1001.85423550001,1001.85423550001,1002.0541671670071,1002.0541671670071,1002.2425059170055,1002.254009042008,1002.3416835000098,1002.3541562089958,1002.3541562089958,1003.389662208996,right,1,1.0331920409953455,None,1003.3901997089997,1003.4017611669988,1003.4017611669988,1003.5864889590011,1003.5951259590074,1003.5951259590074,1004.3850104169978,1004.3700342920056,,,s,"001",2025-11-10_20h45.30.570,2nd exp,,2025.2.0,None,2025-11-10 20h45.30.652027 +0530,
The dog is barking loudly,The barking dog loudly is,transposition_unrelated,left,323,3,20,left,1,1.299679332994856,None,20,3,323,15,1004.3850104169978,,,,,,,,,1004.3801540840068,1004.3892699169955,1004.6374584169971,1004.6374584169971,1004.8374849590036,1004.8374849590036,1005.0261834170087,1005.0377213750035,1005.1249076250097,1005.1376036669972,1005.1376036669972,1006.4389335840096,left,1,1.299679332994856,None,1006.4393092090031,1006.4508080000087,1006.4508080000087,1006.6374487499997,1006.645223458996,1006.645223458996,1007.4363485840004,1007.4259589590074,,,s,"001",2025-11-10_20h45.30.570,2nd exp,,2025.2.0,None,2025-11-10 20h45.30.652027 +0530,
The dog is barking loudly,The dog barking is loudly,transposition_related,right,324,4,20,left,0,1.3646609160059597,None,20,4,324,14,1007.4363485840004,,,,,,,,,1007.4310522500018,1007.4363485840004,1007.687617167001,1007.6761667499959,1007.8878851250047,1007.8750357499957,1008.0761201249989,1008.0874445000081,1008.1748537920066,1008.1875174169982,1008.1875174169982,1009.5563777920033,left,0,1.3646609160059597,None,1009.5569088750053,1009.5686552499974,1009.5686552499974,1009.7525902500056,1009.7589805839962,1009.7589805839962,1010.5496216669999,1010.5373123750032,,,s,"001",2025-11-10_20h45.30.570,2nd exp,,2025.2.0,None,2025-11-10 20h45.30.652027 +0530,
The dog is barking loudly,The loudly is barking dog,repetition_unrelated,left,325,5,20,left,1,0.9009764160000486,None,20,5,325,13,1010.5496216669999,,,,,,,,,1010.5448243749997,1010.555096791999,1010.8042225000099,1010.7924251670047,1011.0040507090016,1011.0040507090016,1011.1914463340072,1011.2041997920023,1011.2926655420015,1011.3040712920047,1011.3040712920047,1012.2115508340066,left,1,0.9009764160000486,None,1012.2118214590009,1012.2237340840074,1012.2237340840074,1012.4129844590061,1012.4197948750079,1012.4197948750079,1013.220772708999,1013.2047807089984,,,s,"001",2025-11-10_20h45.30.570,2nd exp,,2025.2.0,None,2025-11-10 20h45.30.652027 +0530,
They have finished the work,They have finished the work,repetition_related,right,326,6,20,left,0,0.9470246239943663,None,20,6,326,8,1013.220772708999,,,,,,,,,1013.2153400000097,1013.220772708999,1013.4626192090072,1013.4626192090072,1013.6524866249965,1013.657031625,1013.8424985419988,1013.8603452090028,1013.961048875004,1013.961048875004,1013.961048875004,1014.9119369999971,left,0,0.9470246239943663,None,1014.9122659999994,1014.9231094999996,1014.9231094999996,1015.1123461670068,1015.1192914590065,1015.1192914590065,1015.9187175420084,1015.9037639590097,,,s,"001",2025-11-10_20h45.30.570,2nd exp,,2025.2.0,None,2025-11-10 20h45.30.652027 +0530,
She does not like apples,She not does like apples,transposition_related,right,327,7,20,left,0,0.6000032909942092,None,20,7,327,6,1015.9187175420084,,,,,,,,,1015.91344316701,1015.9187175420084,1016.1625432919973,1016.1625432919973,1016.3598674170062,1016.3598674170062,1016.5543029170076,1016.5607715420047,1016.6542071669974,1016.6610002090019,1016.6610002090019,1017.2727705419966,left,0,0.6000032909942092,None,1017.2732725840033,1017.284993542009,1017.284993542009,1017.4704926670092,1017.4781764590007,1017.4781764590007,1018.2873268749972,1018.2602492090082,,,s,"001",2025-11-10_20h45.30.570,2nd exp,,2025.2.0,None,2025-11-10 20h45.30.652027 +0530,
She does not like apples,She does not like apples,repetition_related,right,328,8,20,left,0,0.5952801660023397,None,20,8,328,4,1018.2873268749972,,,,,,,,,1018.2656170420087,1018.2873268749972,1018.5199894170073,1018.527576959008,1018.7210800839966,1018.7071477919962,1018.9094153339975,1018.9209022090072,1019.0090382500057,1019.0208229999989,1019.0208229999989,1019.6230716249993,left,0,0.5952801660023397,None,1019.6234289590066,1019.6349097089987,1019.6349097089987,1019.8198283750098,1019.8270909170096,1019.8270909170096,1020.6188401249965,1020.6032828750031,,,s,"001",2025-11-10_20h45.30.570,2nd exp,,2025.2.0,None,2025-11-10 20h45.30.652027 +0530,
They have finished the work,They finished have the work,transposition_related,right,329,9,20,left,0,0.7001101659989217,None,20,9,329,10,1020.6188401249965,,,,,,,,,1020.6140601250081,1020.6233926669956,1020.8707736250071,1020.8707736250071,1021.0701892500074,1021.0701892500074,1021.2580811250082,1021.2709282919968,1021.3591569590062,1021.3707870840008,1021.3707870840008,1022.078305959003,left,0,0.7001101659989217,None,1022.0785742500011,1022.08941125001,1022.08941125001,1022.2789907090046,1022.2864335000049,1022.2864335000049,1023.0851074999955,1023.0697693749971,,,s,"001",2025-11-10_20h45.30.570,2nd exp,,2025.2.0,None,2025-11-10 20h45.30.652027 +0530,
The boy can read fast,The read can boy fast,transposition_unrelated,left,330,10,20,left,1,0.7220238330046413,None,20,10,330,3,1023.0851074999955,,,,,,,,,1023.0797275420045,1023.0851074999955,1023.3292090839968,1023.3292090839968,1023.5281813750044,1023.5281813750044,1023.7271795840061,1023.7271795840061,1023.8208098750038,1023.8208098750038,1023.8208098750038,1024.5557973749965,left,1,0.7220238330046413,None,1024.556180458996,1024.5679145839968,1024.5679145839968,1024.7527823749988,1024.7604713750043,1024.7604713750043,1025.545964584002,1025.5362678750098,,,s,"001",2025-11-10_20h45.30.570,2nd exp,,2025.2.0,None,2025-11-10 20h45.30.652027 +0530,
The boy can read fast,The boy can read fast,transposition_related,right,331,11,20,right,1,0.6935849580040667,None,20,11,331,2,1025.545964584002,,,,,,,,,1025.541220291998,1025.5534812499973,1025.803992000001,1025.792960167004,1026.0042239589966,1026.0042239589966,1026.1915489999956,1026.2041934590088,1026.292516292,1026.3042195000016,1026.3042195000016,1027.0057010000019,right,1,0.6935849580040667,None,1027.0059639590036,1027.0173820000055,1027.0173820000055,1027.2039682920004,1027.2115164590068,1027.2115164590068,1028.0028559589991,1027.987928417002,,,s,"001",2025-11-10_20h45.30.570,2nd exp,,2025.2.0,None,2025-11-10 20h45.30.652027 +0530,
They have finished the work,They work the have finished,transposition_unrelated,left,332,12,20,left,1,0.8556850830063922,None,20,12,332,11,1028.0028559589991,,,,,,,,,1027.9979702090059,1028.007411084007,1028.2543107920064,1028.2543107920064,1028.453739250006,1028.4409966670064,1028.6420524590067,1028.6541316670045,1028.7416277919983,1028.7539575840055,1028.7539575840055,1029.622564749996,left,1,0.8556850830063922,None,1029.6229420419986,1029.6344327920087,1029.6344327920087,1029.8193465840013,1029.8274695840082,1029.8274695840082,1030.6171560420044,1030.6037058340007,,,s,"001",2025-11-10_20h45.30.570,2nd exp,,2025.2.0,None,2025-11-10 20h45.30.652027 +0530,
The boy can read fast,The read can boy fast,repetition_unrelated,left,333,13,20,left,1,0.6059895409998717,None,20,13,333,1,1030.6171560420044,,,,,,,,,1030.6125432090048,1030.6213932090031,1030.8709715000005,1030.858941958999,1031.0708112499997,1031.0708112499997,1031.259163374998,1031.2707525419974,1031.3590779170045,1031.3707075840066,1031.3707075840066,1031.9780909590045,left,1,0.6059895409998717,None,1031.9783535000024,1031.9899508750095,1031.9899508750095,1032.1789648749982,1032.1859767090064,1032.1859767090064,1032.9860635000077,1032.9703635839978,,,s,"001",2025-11-10_20h45.30.570,2nd exp,,2025.2.0,None,2025-11-10 20h45.30.652027 +0530,
They have finished the work,They finished have the work,repetition_unrelated,left,334,14,20,left,1,1.1990966239973204,None,20,14,334,9,1032.9860635000077,,,,,,,,,1032.9806554170063,1032.9860635000077,1033.2292385000037,1033.2292385000037,1033.419283292009,1033.424596124998,1033.608959834004,1033.627182042008,1033.7208647500083,1033.7276000840066,1033.7276000840066,1034.9281061250076,left,1,1.1990966239973204,None,1034.928357584009,1034.939801542001,1034.939801542001,1035.1288826250093,1035.1360419999983,1035.1360419999983,1035.936548084006,1035.9207902089984,,,s,"001",2025-11-10_20h45.30.570,2nd exp,,2025.2.0,None,2025-11-10 20h45.30.652027 +0530,
The dog is barking loudly,The dog is barking loudly,repetition_related,right,335,15,20,left,0,0.7488333740038797,None,20,15,335,12,1035.936548084006,,,,,,,,,1035.931389749996,1035.936548084006,1036.179023375007,1036.179023375007,1036.3693490419973,1036.3693490419973,1036.5590262089972,1036.577216042002,1036.6708792090067,1036.677676834006,1036.677676834006,1037.4398260000016,left,0,0.7488333740038797,None,1037.4402390839969,1037.4516027920035,1037.4516027920035,1037.6373504170042,1037.644913917,1037.644913917,1038.4393808750028,1038.427870833999,,,s,"001",2025-11-10_20h45.30.570,2nd exp,,2025.2.0,None,2025-11-10 20h45.30.652027 +0530,
The dog is barking loudly,The barking dog loudly is,transposition_unrelated,left,336,0,21,left,1,0.7121225820010295,None,21,0,336,15,1038.4393808750028,,,,,,,,,1038.4333762500028,1038.4393808750028,1038.6875126670056,1038.6875126670056,1038.8875206250086,1038.8757754170074,1039.0755062499957,1039.0875387499982,1039.175640166999,1039.1874357920024,1039.1874357920024,1039.9057557920023,left,1,0.7121225820010295,None,1039.9061408340058,1039.9176380840072,1039.9176380840072,1040.1039762500004,1040.1117394589965,1040.1117394589965,1040.9035759170074,1040.892446124999,,,s,"001",2025-11-10_20h45.30.570,2nd exp,,2025.2.0,None,2025-11-10 20h45.30.652027 +0530,
The dog is barking loudly,The dog is barking loudly,repetition_related,right,337,1,21,right,1,1.014918665998266,None,21,1,337,12,1040.9035759170074,,,,,,,,,1040.898301209003,1040.9035759170074,1041.1540444170096,1041.1427907920006,1041.3540003750095,1041.3415921670094,1041.5422431250045,1041.5543921670032,1041.6421145420027,1041.65453033401,1041.65453033401,1042.672613458999,right,1,1.014918665998266,None,1042.673131292002,1042.6849962499982,1042.6849962499982,1042.869288959002,1042.8773145000014,1042.8773145000014,1043.6649394999986,1043.6533015000023,,,s,"001",2025-11-10_20h45.30.570,2nd exp,,2025.2.0,None,2025-11-10 20h45.30.652027 +0530,
The dog is barking loudly,The loudly is barking dog,repetition_unrelated,left,338,2,21,left,1,0.7763765819981927,None,21,2,338,13,1043.6649394999986,,,,,,,,,1043.6601475000061,1043.6692607500008,1043.9207808339997,1043.909358083998,1044.1208855419973,1044.1084637090098,1044.3081720839982,1044.3208743340074,1044.4093060000014,1044.4209647090029,1044.4209647090029,1045.2052880840056,left,1,0.7763765819981927,None,1045.2055070839997,1045.215590916996,1045.215590916996,1045.4042069590068,1045.410489959002,1045.410489959002,1046.1969809590082,1046.1879191250046,,,s,"001",2025-11-10_20h45.30.570,2nd exp,,2025.2.0,None,2025-11-10 20h45.30.652027 +0530,
The dog is barking loudly,The dog barking is loudly,transposition_related,right,339,3,21,right,1,0.74114433300565,None,21,3,339,14,1046.1969809590082,,,,,,,,,1046.1920701670024,1046.2027068339958,1046.4542366250098,1046.441375417009,1046.6543291249982,1046.6414309999964,1046.8430359589984,1046.8430359589984,1046.9377027090086,1046.9431339169969,1046.9431339169969,1047.6896845840092,right,1,0.74114433300565,None,1047.690249834006,1047.7024343340017,1047.7024343340017,1047.8870050420082,1047.8939756250038,1047.8939756250038,1048.6842572919995,1048.6711262089957,,,s,"001",2025-11-10_20h45.30.570,2nd exp,,2025.2.0,None,2025-11-10 20h45.30.652027 +0530,
They have finished the work,They have finished the work,repetition_related,right,340,4,21,right,1,1.2366679569968255,None,21,4,340,8,1048.6842572919995,,,,,,,,,1048.6792845419986,1048.6890282090026,1048.9375235420011,1048.9375235420011,1049.1375851670018,1049.12465350001,1049.3247680839995,1049.3375824999966,1049.4247379169974,1049.4374871670007,1049.4374871670007,1050.676753916996,right,1,1.2366679569968255,None,1050.676978042,1050.6870429170085,1050.6870429170085,1050.8774046670005,1050.8774046670005,1050.8774046670005,1051.687207541996,1051.6607784590014,,,s,"001",2025-11-10_20h45.30.570,2nd exp,,2025.2.0,None,2025-11-10 20h45.30.652027 +0530,
They have finished the work,They finished have the work,transposition_related,right,341,5,21,left,0,1.4184771659929538,None,21,5,341,10,1051.687207541996,,,,,,,,,1051.6648527500074,1051.687207541996,1051.927608375001,1051.927608375001,1052.120820666998,1052.120820666998,1052.308092459003,1052.325597959003,1052.420947874998,1052.4275409590045,1052.4275409590045,1053.8550819590018,left,0,1.4184771659929538,None,1053.8553007090086,1053.8659249170014,1053.8659249170014,1054.0459447500034,1054.0607535000017,1054.0607535000017,1054.8479745420045,1054.8364720840036,,,s,"001",2025-11-10_20h45.30.570,2nd exp,,2025.2.0,None,2025-11-10 20h45.30.652027 +0530,
She does not like apples,She like does apples not,transposition_unrelated,left,342,6,21,left,1,0.7015998330025468,None,21,6,342,7,1054.8479745420045,,,,,,,,,1054.8436195420072,1054.8526782499976,1055.1040072089963,1055.09146375001,1055.2935457499989,1055.2935457499989,1055.493064292008,1055.493064292008,1055.587742667005,1055.5935094590095,1055.5935094590095,1056.3070486250072,left,1,0.7015998330025468,None,1056.3074154170026,1056.3199817090062,1056.3199817090062,1056.5043077500013,1056.511569167007,1056.511569167007,1057.296188459004,1057.2876449169999,,,s,"001",2025-11-10_20h45.30.570,2nd exp,,2025.2.0,None,2025-11-10 20h45.30.652027 +0530,
The boy can read fast,The boy can read fast,transposition_related,right,343,7,21,right,1,0.7893348749930738,None,21,7,343,2,1057.296188459004,,,,,,,,,1057.2916522919986,1057.3030604590022,1057.5537351250096,1057.541667833997,1057.7547357919975,1057.7414785,1057.9550450840034,1057.9718531670078,1058.0716904169967,1058.0716904169967,1058.0716904169967,1058.8729816670093,right,1,0.7893348749930738,None,1058.8732907090016,1058.8871970000037,1058.8871970000037,1059.0882282090024,1059.0882282090024,1059.0882282090024,1059.887556458998,1059.8719302499958,,,s,"001",2025-11-10_20h45.30.570,2nd exp,,2025.2.0,None,2025-11-10 20h45.30.652027 +0530,
The boy can read fast,The read can boy fast,transposition_unrelated,left,344,8,21,left,1,1.0186577069980558,None,21,8,344,3,1059.887556458998,,,,,,,,,1059.8771360840037,1059.887556458998,1060.1383230000065,1060.1383230000065,1060.3382604170038,1060.3382604170038,1060.538214125001,1060.538214125001,1060.6383049590077,1060.6383049590077,1060.6383049590077,1061.6727913750074,left,1,1.0186577069980558,None,1061.6730092090002,1061.6868267499958,1061.6868267499958,1061.888298417005,1061.888298417005,1061.888298417005,1062.6882157090004,1062.6718567500066,,,s,"001",2025-11-10_20h45.30.570,2nd exp,,2025.2.0,None,2025-11-10 20h45.30.652027 +0530,
The boy can read fast,The read can boy fast,repetition_unrelated,left,345,9,21,left,1,0.7177300820039818,None,21,9,345,1,1062.6882157090004,,,,,,,,,1062.6721247920068,1062.6882157090004,1062.920252541997,1062.93681775,1063.1215714999998,1063.1088894170098,1063.321407209005,1063.3380026250088,1063.438087750008,1063.438087750008,1063.438087750008,1064.172614916999,left,1,0.7177300820039818,None,1064.1728301249968,1064.1870904170064,1064.1870904170064,1064.3881826669967,1064.3881826669967,1064.3881826669967,1065.1877497920068,1065.1717050840089,,,s,"001",2025-11-10_20h45.30.570,2nd exp,,2025.2.0,None,2025-11-10 20h45.30.652027 +0530,
The boy can read fast,The boy can read fast,repetition_related,right,346,10,21,left,0,0.5149085830053082,None,21,10,346,0,1065.1877497920068,,,,,,,,,1065.1764922500006,1065.1877497920068,1065.4380623339966,1065.4380623339966,1065.6380660840077,1065.6380660840077,1065.837936541997,1065.837936541997,1065.9380023749982,1065.9380023749982,1065.9380023749982,1066.4560000839992,left,0,0.5149085830053082,None,1066.4562850420043,1066.4700727090094,1066.4700727090094,1066.6543855000054,1066.6611712919985,1066.6611712919985,1067.450234917007,1067.4378935840068,,,s,"001",2025-11-10_20h45.30.570,2nd exp,,2025.2.0,None,2025-11-10 20h45.30.652027 +0530,
They have finished the work,They work the have finished,transposition_unrelated,left,347,11,21,left,1,1.0065159990044776,None,21,11,347,11,1067.450234917007,,,,,,,,,1067.445362833998,1067.4552580419986,1067.7042878750071,1067.7042878750071,1067.9042575839994,1067.8912163750065,1068.0913171669963,1068.1043717499997,1068.1913864170056,1068.204254917,1068.204254917,1069.2220846670098,left,1,1.0065159990044776,None,1069.2222998340003,1069.2327583340084,1069.2327583340084,1069.4208912500035,1069.4274335840018,1069.4274335840018,1070.213588958999,1070.2043182500056,,,s,"001",2025-11-10_20h45.30.570,2nd exp,,2025.2.0,None,2025-11-10 20h45.30.652027 +0530,
They have finished the work,They finished have the work,repetition_unrelated,left,348,12,21,left,1,0.787866207989282,None,21,12,348,9,1070.213588958999,,,,,,,,,1070.2086591670086,1070.219360959003,1070.4709590420098,1070.4581607919972,1070.6709706249967,1070.6579487090057,1070.8580115000077,1070.8709844999976,1070.9580620000052,1070.9708889169997,1070.9708889169997,1071.7599848340033,left,1,0.787866207989282,None,1071.7601993340068,1071.770487583999,1071.770487583999,1071.954337999996,1071.9607633749984,1071.9607633749984,1072.7497848750063,1072.7376846670086,,,s,"001",2025-11-10_20h45.30.570,2nd exp,,2025.2.0,None,2025-11-10 20h45.30.652027 +0530,
She does not like apples,She does not like apples,repetition_related,right,349,13,21,right,1,0.7991954989993246,None,21,13,349,4,1072.7497848750063,,,,,,,,,1072.7449840420013,1072.7552874999965,1073.010720709004,1072.9914211669966,1073.2043040840072,1073.2043040840072,1073.3913408340013,1073.409192584004,1073.5042380420055,1073.5094152090023,1073.5094152090023,1074.3099844170065,right,1,0.7991954989993246,None,1074.3101983750093,1074.3372470839968,1074.3372470839968,1074.5114328339987,1074.5263176669978,1074.5263176669978,1075.3140918340068,1075.3044722920022,,,s,"001",2025-11-10_20h45.30.570,2nd exp,,2025.2.0,None,2025-11-10 20h45.30.652027 +0530,
She does not like apples,She not does like apples,repetition_unrelated,left,350,14,21,left,1,0.5515948329993989,None,21,14,350,5,1075.3140918340068,,,,,,,,,1075.3086345420015,1075.3140918340068,1075.560779834006,1075.560779834006,1075.7543042089965,1075.7543042089965,1075.9425775420095,1075.9542832090083,1076.0425507920008,1076.0538958749967,1076.0538958749967,1076.6095286250056,left,1,0.5515948329993989,None,1076.6097385839967,1076.6199022500077,1076.6199022500077,1076.8042504170007,1076.8108842920046,1076.8108842920046,1077.5917400000035,1077.5876211669965,,,s,"001",2025-11-10_20h45.30.570,2nd exp,,2025.2.0,None,2025-11-10 20h45.30.652027 +0530,
She does not like apples,She not does like apples,transposition_related,right,351,15,21,left,0,0.6615710410114843,None,21,15,351,6,1077.5917400000035,,,,,,,,,1077.5878630420048,1077.6083244170004,1077.854202083996,1077.854202083996,1078.059253583997,1078.0412684170005,1078.2542313750018,1078.2542313750018,1078.3412754169985,1078.358947959001,1078.358947959001,1079.0220247499965,left,0,0.6615710410114843,None,1079.0222469169967,1079.0327278750046,1079.0327278750046,1079.2208510839992,1079.2271049170085,1079.2271049170085,1080.0133512920002,1080.0043898340082,,,s,"001",2025-11-10_20h45.30.570,2nd exp,,2025.2.0,None,2025-11-10 20h45.30.652027 +0530,
She does not like apples,She does not like apples,repetition_related,right,352,0,22,right,1,0.7627097499935189,None,22,0,352,4,1080.0133512920002,,,,,,,,,1080.0084817919997,1080.0192624589981,1080.2708901669976,1080.2579679170012,1080.4708878340025,1080.4578550840088,1080.6581153340085,1080.670899042001,1080.7579741250083,1080.7708085839986,1080.7708085839986,1081.5387518750067,right,1,0.7627097499935189,None,1081.5389876670088,1081.5494211670011,1081.5494211670011,1081.737624041998,1081.7440380000044,1081.7440380000044,1082.533502959006,1082.5211658339977,,,s,"001",2025-11-10_20h45.30.570,2nd exp,,2025.2.0,None,2025-11-10 20h45.30.652027 +0530,
The boy can read fast,The read can boy fast,repetition_unrelated,left,353,1,22,left,1,0.5909283330111066,None,22,1,353,1,1082.533502959006,,,,,,,,,1082.5281466669985,1082.5385705840017,1082.7876092500082,1082.774640625008,1082.9876102090057,1082.9744900840014,1083.1746096669958,1083.1876223750005,1083.2751533340052,1083.2875330840034,1083.2875330840034,1083.888893042007,left,1,0.5909283330111066,None,1083.8891606249963,1083.9006225000048,1083.9006225000048,1084.0876365840086,1084.0940336670028,1084.0940336670028,1084.8890813339967,1084.8756729169982,,,s,"001",2025-11-10_20h45.30.570,2nd exp,,2025.2.0,None,2025-11-10 20h45.30.652027 +0530,
She does not like apples,She not does like apples,repetition_unrelated,left,354,2,22,right,0,0.6808710819896078,None,22,2,354,5,1084.8890813339967,,,,,,,,,1084.8827672920015,1084.8890813339967,1085.137583792006,1085.137583792006,1085.337591125004,1085.3245135420002,1085.5248369589972,1085.5375855419989,1085.624733250006,1085.6375275419996,1085.6375275419996,1086.3219610420056,right,0,0.6808710819896078,None,1086.3221867090033,1086.3326063749992,1086.3326063749992,1086.520912417007,1086.5278862090054,1086.5278862090054,1087.319764084008,1087.304425084003,,,s,"001",2025-11-10_20h45.30.570,2nd exp,,2025.2.0,None,2025-11-10 20h45.30.652027 +0530,
The boy can read fast,The boy can read fast,transposition_related,right,355,3,22,right,1,1.2344870829983847,None,22,3,355,2,1087.319764084008,,,,,,,,,1087.3148574590014,1087.3245517920004,1087.5708472920087,1087.5708472920087,1087.7706232920027,1087.7706232920027,1087.9588044170087,1087.9703097500023,1088.0583421670017,1088.0707637919986,1088.0707637919986,1089.3108571670018,right,1,1.2344870829983847,None,1089.3111217499973,1089.3231316250021,1089.3231316250021,1089.5132922089979,1089.5206921250065,1089.5206921250065,1090.312220250009,1090.2960253750061,,,s,"001",2025-11-10_20h45.30.570,2nd exp,,2025.2.0,None,2025-11-10 20h45.30.652027 +0530,
The dog is barking loudly,The barking dog loudly is,transposition_unrelated,left,356,4,22,left,1,0.8632010820001597,None,22,4,356,15,1090.312220250009,,,,,,,,,1090.306796334,1090.312220250009,1090.5614807500097,1090.5614807500097,1090.754391209004,1090.754391209004,1090.9414058340044,1090.9606760000024,1091.0540623340057,1091.0540623340057,1091.0540623340057,1091.923371249999,left,1,0.8632010820001597,None,1091.923937833999,1091.9355229170033,1091.9355229170033,1092.1201938750019,1092.1280916670075,1092.1280916670075,1092.9147888750012,1092.9039995000057,,,s,"001",2025-11-10_20h45.30.570,2nd exp,,2025.2.0,None,2025-11-10 20h45.30.652027 +0530,
The dog is barking loudly,The dog barking is loudly,transposition_related,right,357,5,22,right,1,0.5692830409971066,None,22,5,357,14,1092.9147888750012,,,,,,,,,1092.9099870420032,1092.9190597920096,1093.1707679999963,1093.15888287501,1093.370954166996,1093.3581457920081,1093.5582746250002,1093.5706977920054,1093.6581261670071,1093.670893041999,1093.670893041999,1094.2449433750007,right,1,0.5692830409971066,None,1094.245217417003,1094.2570847089955,1094.2570847089955,1094.4448469589988,1094.4525495420094,1094.4525495420094,1095.2426317089994,1095.2277861670009,,,s,"001",2025-11-10_20h45.30.570,2nd exp,,2025.2.0,None,2025-11-10 20h45.30.652027 +0530,
They have finished the work,They finished have the work,repetition_unrelated,left,358,6,22,left,1,1.1790397080039838,None,22,6,358,9,1095.2426317089994,,,,,,,,,1095.2375246250012,1095.2426317089994,1095.4949104170082,1095.4874169999966,1095.693668250009,1095.6874960840069,1095.8941121670068,1095.8941121670068,1095.987439500008,1095.9941400840034,1095.9941400840034,1097.1776490839984,left,1,1.1790397080039838,None,1097.1779160000006,1097.1898042090033,1097.1898042090033,1097.378780250001,1097.3858704590093,1097.3858704590093,1098.1860201250092,1098.1711130839976,,,s,"001",2025-11-10_20h45.30.570,2nd exp,,2025.2.0,None,2025-11-10 20h45.30.652027 +0530,
She does not like apples,She not does like apples,transposition_related,right,359,7,22,left,0,1.0303243740054313,None,22,7,359,6,1098.1860201250092,,,,,,,,,1098.1806862920057,1098.1860201250092,1098.4289668340061,1098.4289668340061,1098.6191797500069,1098.6191797500069,1098.8096465420094,1098.8271090420021,1098.9206526250055,1098.9206526250055,1098.9206526250055,1099.9560650839994,left,0,1.0303243740054313,None,1099.9566316249984,1099.9684349590098,1099.9684349590098,1100.1528385420097,1100.1612593750033,1100.1612593750033,1100.9518821250094,1100.9365055840026,,,s,"001",2025-11-10_20h45.30.570,2nd exp,,2025.2.0,None,2025-11-10 20h45.30.652027 +0530,
They have finished the work,They have finished the work,repetition_related,right,360,8,22,right,1,0.89789758301049,None,22,8,360,8,1100.9518821250094,,,,,,,,,1100.9470470000088,1100.9565040840098,1101.2040856670064,1101.2040856670064,1101.4037946669996,1101.4037946669996,1101.5921738339966,1101.6041792089964,1101.6922559170052,1101.7040274169995,1101.7040274169995,1102.6054727500014,right,1,0.89789758301049,None,1102.6058457089966,1102.6174058339966,1102.6174058339966,1102.803741374999,1102.811609958997,1102.811609958997,1103.60271237501,1103.5871065840038,,,s,"001",2025-11-10_20h45.30.570,2nd exp,,2025.2.0,None,2025-11-10 20h45.30.652027 +0530,
The boy can read fast,The read can boy fast,transposition_unrelated,left,361,9,22,left,1,0.5789496659999713,None,22,9,361,3,1103.60271237501,,,,,,,,,1103.5978060839989,1103.6072685420077,1103.8539442500041,1103.8539442500041,1104.0542274170002,1104.0542274170002,1104.2424488749966,1104.253976167005,1104.3428680420038,1104.3539470840042,1104.3539470840042,1104.9391020839976,left,1,0.5789496659999713,None,1104.939481709007,1104.9511137920053,1104.9511137920053,1105.1364620000095,1105.1442384999973,1105.1442384999973,1105.9313998750004,1105.920998875008,,,s,"001",2025-11-10_20h45.30.570,2nd exp,,2025.2.0,None,2025-11-10 20h45.30.652027 +0530,
The boy can read fast,The boy can read fast,repetition_related,right,362,10,22,right,1,0.7986572499939939,None,22,10,362,0,1105.9313998750004,,,,,,,,,1105.9266396250023,1105.9356769590086,1106.1875498750014,1106.1756386670022,1106.3873512499995,1106.3750125000079,1106.5755239999999,1106.587369084009,1106.6742413339962,1106.6872524589999,1106.6872524589999,1107.4890530840057,right,1,0.7986572499939939,None,1107.4894420839992,1107.5009355840011,1107.5009355840011,1107.6874576670089,1107.6954543339962,1107.6954543339962,1108.4858115840034,1108.470474834001,,,s,"001",2025-11-10_20h45.30.570,2nd exp,,2025.2.0,None,2025-11-10 20h45.30.652027 +0530,
They have finished the work,They finished have the work,transposition_related,right,363,11,22,left,0,1.2624503330007428,None,22,11,363,10,1108.4858115840034,,,,,,,,,1108.4809977090044,1108.4903782500041,1108.7373153750086,1108.7373153750086,1108.9373232500075,1108.9373232500075,1109.1247997500031,1109.1373547090043,1109.2259399169998,1109.2374183339998,1109.2374183339998,1110.5060682500043,left,0,1.2624503330007428,None,1110.5064262090018,1110.5183626250073,1110.5183626250073,1110.704007459004,1110.7114474590053,1110.7114474590053,1111.4991497090086,1111.4874787500012,,,s,"001",2025-11-10_20h45.30.570,2nd exp,,2025.2.0,None,2025-11-10 20h45.30.652027 +0530,
They have finished the work,They work the have finished,transposition_unrelated,left,364,12,22,left,1,0.6968574159982381,None,22,12,364,11,1111.4991497090086,,,,,,,,,1111.4943254590034,1111.5204310840054,1111.7527821249969,1111.7596327920037,1111.954041917008,1111.941509042008,1112.1414978749963,1112.1540592500096,1112.2424717920076,1112.253891166998,1112.253891166998,1112.9572996250063,left,1,0.6968574159982381,None,1112.9578335840051,1112.9694328339974,1112.9694328339974,1113.152708959009,1113.1596560420003,1113.1596560420003,1113.9511190000048,1113.9366860840091,,,s,"001",2025-11-10_20h45.30.570,2nd exp,,2025.2.0,None,2025-11-10 20h45.30.652027 +0530,
She does not like apples,She like does apples not,transposition_unrelated,left,365,13,22,left,1,0.7727038330049254,None,22,13,365,7,1113.9511190000048,,,,,,,,,1113.9462727089995,1113.9558173340047,1114.204147209006,1114.204147209006,1114.4041317500087,1114.391363542003,1114.5914387920056,1114.6039458340092,1114.6921653750032,1114.704035208997,1114.704035208997,1115.4890838749998,left,1,0.7727038330049254,None,1115.4894464999961,1115.5011018750083,1115.5011018750083,1115.687224334004,1115.6947879170039,1115.6947879170039,1116.486489834002,1116.4704103749973,,,s,"001",2025-11-10_20h45.30.570,2nd exp,,2025.2.0,None,2025-11-10 20h45.30.652027 +0530,
The dog is barking loudly,The loudly is barking dog,repetition_unrelated,left,366,14,22,left,1,0.5731052490009461,None,22,14,366,13,1116.486489834002,,,,,,,,,1116.4816532090044,1116.4909604590066,1116.737511875006,1116.737511875006,1116.9372157920006,1116.9372157920006,1117.124684084003,1117.137537875009,1117.2246903750056,1117.237478666997,1117.237478666997,1117.8210395839997,left,1,0.5731052490009461,None,1117.8212995420035,1117.829812750002,1117.829812750002,1118.0211060840084,1118.0291312920017,1118.0291312920017,1118.8173140419967,1118.8046549590072,,,s,"001",2025-11-10_20h45.30.570,2nd exp,,2025.2.0,None,2025-11-10 20h45.30.652027 +0530,
The dog is barking loudly,The dog is barking loudly,repetition_related,right,367,15,22,right,1,2.084057249012403,None,22,15,367,12,1118.8173140419967,,,,,,,,,1118.810731125006,1118.8173140419967,1119.062513500001,1119.062513500001,1119.2591581669985,1119.2591581669985,1119.4542726670043,1119.4609499170037,1119.5613859590085,1119.5613859590085,1119.5613859590085,1121.6555433339963,right,1,2.084057249012403,None,1121.6558430419973,1121.6679690839956,1121.6679690839956,1121.853478709003,1121.8608762920048,1121.8608762920048,1122.6413425000064,1122.6370041670016,,,s,"001",2025-11-10_20h45.30.570,2nd exp,,2025.2.0,None,2025-11-10 20h45.30.652027 +0530,
,,,,,,,,,,,,,,,,,,,,,,,,,,,,,,,,,,,,,,,,,,,,,,,,1122.6372189590038,1122.6539649589977,,,,,,,,,
