pos,corr_resp,thisN,thisTrialN,thisRepN,key_resp.keys,key_resp.corr,key_resp.rt,key_resp.duration,key_resp_2.keys,key_resp_2.corr,key_resp_2.rt,key_resp_2.duration,trials.thisRepN,trials.thisTrialN,trials.thisN,trials.thisIndex,trials_2.thisRepN,trials_2.thisTrialN,trials_2.thisN,trials_2.thisIndex,thisRow.t,notes,trial.started,Fixation.started,line1.started,line2.started,line3.started,line4.started,Fixation.stopped,protrianglefixation.started,key_resp.started,trial.stopped,trials.key_resp.keys,trials.key_resp.corr,trials.key_resp.rt,trials.key_resp.duration,trial_2.started,Fixation_2.started,line1_2.started,line2_2.started,line3_2.started,line4_2.started,Fixation_2.stopped,protrianglefixation_2.started,key_resp_2.started,trial_2.stopped,trials_2.key_resp_2.keys,trials_2.key_resp_2.corr,trials_2.key_resp_2.rt,trials_2.key_resp_2.duration,participant,session,date,expName,expVersion,psychopyVersion,frameRate,expStart,
-50,x,0,0,0,x,1,1.226543750000019,None,,,,,0,0,0,0,,,,,0.06699908299924573,,0.04850495799928467,0.06699908299924573,1.0234922079998796,1.0234922079998796,1.0234922079998796,1.0234922079998796,1.0612587079995137,1.9952762499997334,1.9952762499997334,3.6723613329995715,x,1,1.226543750000019,None,,,,,,,,,,,,,,,u-2_50,"001",2025-10-01_15h06.40.147,Motor sequence Learning task_Recent_Experiment_Tutorial 4_Urvashi Bhansali_AU2320139,,2025.2.0,None,2025-10-01 15h06.40.172993 +0530,
150,v,1,1,0,v,1,1.049515832999532,None,,,,,0,1,1,1,,,,,3.6942349169994486,,3.6725476669998898,3.6942349169994486,4.670677207999688,4.670677207999688,4.670677207999688,4.670677207999688,4.713071541999852,5.670291957999325,5.670291957999325,6.73131899999953,v,1,1.049515832999532,None,,,,,,,,,,,,,,,u-2_50,"001",2025-10-01_15h06.40.147,Motor sequence Learning task_Recent_Experiment_Tutorial 4_Urvashi Bhansali_AU2320139,,2025.2.0,None,2025-10-01 15h06.40.172993 +0530,
50,c,2,2,0,c,1,0.6096614580001187,None,,,,,0,2,2,2,,,,,6.744081999999253,,6.731924791999518,6.744081999999253,7.7286646669999755,7.7286646669999755,7.7286646669999755,7.7286646669999755,7.736070541999652,8.746367624999948,8.746367624999948,9.363173416999416,c,1,0.6096614580001187,None,,,,,,,,,,,,,,,u-2_50,"001",2025-10-01_15h06.40.147,Motor sequence Learning task_Recent_Experiment_Tutorial 4_Urvashi Bhansali_AU2320139,,2025.2.0,None,2025-10-01 15h06.40.172993 +0530,
-150,z,3,3,0,x,0,0.7497388749998208,None,,,,,0,3,3,3,,,,,9.373487457999545,,9.36371145799967,9.373487457999545,10.361442582999189,10.361442582999189,10.361442582999189,10.361442582999189,10.369038957999692,11.361249791999398,11.361249791999398,12.113144624999222,x,0,0.7497388749998208,None,,,,,,,,,,,,,,,u-2_50,"001",2025-10-01_15h06.40.147,Motor sequence Learning task_Recent_Experiment_Tutorial 4_Urvashi Bhansali_AU2320139,,2025.2.0,None,2025-10-01 15h06.40.172993 +0530,
-50,x,4,0,1,x,1,0.7977709160004451,None,,,,,1,0,4,0,,,,,12.12516287499966,,12.113872666999669,12.12516287499966,13.11295254199922,13.11295254199922,13.11295254199922,13.11295254199922,13.12016366699936,14.111119166999742,14.111119166999742,14.91369958299947,x,1,0.7977709160004451,None,,,,,,,,,,,,,,,u-2_50,"001",2025-10-01_15h06.40.147,Motor sequence Learning task_Recent_Experiment_Tutorial 4_Urvashi Bhansali_AU2320139,,2025.2.0,None,2025-10-01 15h06.40.172993 +0530,
150,v,5,1,1,v,1,0.8979003329995976,None,,,,,1,1,5,1,,,,,14.939234332999149,,14.914278499999455,14.939234332999149,15.911239416999706,15.911239416999706,15.911239416999706,15.911239416999706,15.93551183299951,16.912884499999564,16.912884499999564,17.813860624999506,v,1,0.8979003329995976,None,,,,,,,,,,,,,,,u-2_50,"001",2025-10-01_15h06.40.147,Motor sequence Learning task_Recent_Experiment_Tutorial 4_Urvashi Bhansali_AU2320139,,2025.2.0,None,2025-10-01 15h06.40.172993 +0530,
50,c,6,2,1,c,1,0.23360779100039508,None,,,,,1,2,6,2,,,,,17.826098832999378,,17.81444858299983,17.826098832999378,18.81219549999969,18.81219549999969,18.81219549999969,18.81219549999969,18.8190464169993,19.811212749999868,19.811212749999868,20.04886195799918,c,1,0.23360779100039508,None,,,,,,,,,,,,,,,u-2_50,"001",2025-10-01_15h06.40.147,Motor sequence Learning task_Recent_Experiment_Tutorial 4_Urvashi Bhansali_AU2320139,,2025.2.0,None,2025-10-01 15h06.40.172993 +0530,
-150,z,7,3,1,z,1,0.5552227490006771,None,,,,,1,3,7,3,,,,,20.06248512499951,,20.049247749999267,20.06248512499951,21.053345707999142,21.053345707999142,21.053345707999142,21.053345707999142,21.053345707999142,22.044522249999318,22.044522249999318,22.606262916999185,z,1,0.5552227490006771,None,,,,,,,,,,,,,,,u-2_50,"001",2025-10-01_15h06.40.147,Motor sequence Learning task_Recent_Experiment_Tutorial 4_Urvashi Bhansali_AU2320139,,2025.2.0,None,2025-10-01 15h06.40.172993 +0530,
-50,x,8,0,2,x,1,0.31824658299956354,None,,,,,2,0,8,0,,,,,22.61823637499947,,22.606871374999173,22.61823637499947,23.602826666999135,23.602826666999135,23.602826666999135,23.602826666999135,23.61122774999967,24.602359791999334,24.602359791999334,24.92993233299967,x,1,0.31824658299956354,None,,,,,,,,,,,,,,,u-2_50,"001",2025-10-01_15h06.40.147,Motor sequence Learning task_Recent_Experiment_Tutorial 4_Urvashi Bhansali_AU2320139,,2025.2.0,None,2025-10-01 15h06.40.172993 +0530,
150,v,9,1,2,v,1,0.031681374999607215,None,,,,,2,1,9,1,,,,,24.942382166999778,,24.930724207999447,24.942382166999778,25.94608604199948,25.94608604199948,25.94608604199948,25.94608604199948,25.94608604199948,26.927935291999347,26.927935291999347,26.96261429199967,v,1,0.031681374999607215,None,,,,,,,,,,,,,,,u-2_50,"001",2025-10-01_15h06.40.147,Motor sequence Learning task_Recent_Experiment_Tutorial 4_Urvashi Bhansali_AU2320139,,2025.2.0,None,2025-10-01 15h06.40.172993 +0530,
50,c,10,2,2,c,1,0.08699991699995735,None,,,,,2,2,10,2,,,,,26.97055329199975,,26.96307241699924,26.97055329199975,27.962972416999946,27.962972416999946,27.962972416999946,27.962972416999946,27.969662374999643,28.950683000000026,28.950683000000026,29.045737832999293,c,1,0.08699991699995735,None,,,,,,,,,,,,,,,u-2_50,"001",2025-10-01_15h06.40.147,Motor sequence Learning task_Recent_Experiment_Tutorial 4_Urvashi Bhansali_AU2320139,,2025.2.0,None,2025-10-01 15h06.40.172993 +0530,
-150,z,11,3,2,z,1,0.10223537499950908,None,,,,,2,3,11,3,,,,,29.053188957999737,,29.04615479199947,29.053188957999737,30.036053582999557,30.036053582999557,30.036053582999557,30.036053582999557,30.045159457999944,31.035352375000002,31.035352375000002,31.1456791669998,z,1,0.10223537499950908,None,,,,,,,,,,,,,,,u-2_50,"001",2025-10-01_15h06.40.147,Motor sequence Learning task_Recent_Experiment_Tutorial 4_Urvashi Bhansali_AU2320139,,2025.2.0,None,2025-10-01 15h06.40.172993 +0530,
-50,x,12,0,3,x,1,0.11015279099956388,None,,,,,3,0,12,0,,,,,31.15363533299933,,31.146167582999624,31.15363533299933,32.13541958299993,32.13541958299993,32.13541958299993,32.13541958299993,32.15227416699963,33.16133841699957,33.16133841699957,33.27922670799944,x,1,0.11015279099956388,None,,,,,,,,,,,,,,,u-2_50,"001",2025-10-01_15h06.40.147,Motor sequence Learning task_Recent_Experiment_Tutorial 4_Urvashi Bhansali_AU2320139,,2025.2.0,None,2025-10-01 15h06.40.172993 +0530,
150,v,13,1,3,v,1,0.047632625000005646,None,,,,,3,1,13,1,,,,,33.287031957999716,,33.27965241699985,33.287031957999716,34.270870666999144,34.270870666999144,34.270870666999144,34.270870666999144,34.28045574999942,35.269814332999886,35.269814332999886,35.33111495799949,v,1,0.047632625000005646,None,,,,,,,,,,,,,,,u-2_50,"001",2025-10-01_15h06.40.147,Motor sequence Learning task_Recent_Experiment_Tutorial 4_Urvashi Bhansali_AU2320139,,2025.2.0,None,2025-10-01 15h06.40.172993 +0530,
50,c,14,2,3,c,1,0.04457862399976875,None,,,,,3,2,14,2,,,,,35.34294920799948,,35.33189279199996,35.34294920799948,36.327907374999995,36.327907374999995,36.327907374999995,36.327907374999995,36.335734249999405,37.327795749999495,37.327795749999495,37.3801555,c,1,0.04457862399976875,None,,,,,,,,,,,,,,,u-2_50,"001",2025-10-01_15h06.40.147,Motor sequence Learning task_Recent_Experiment_Tutorial 4_Urvashi Bhansali_AU2320139,,2025.2.0,None,2025-10-01 15h06.40.172993 +0530,
-150,z,15,3,3,z,1,0.003605583000535262,None,,,,,3,3,15,3,,,,,37.38995408299979,,37.38076149999961,37.38995408299979,38.36931320799977,38.36931320799977,38.36931320799977,38.36931320799977,38.38581704199987,39.37778766699921,39.37778766699921,39.38669933299934,z,1,0.003605583000535262,None,,,,,,,,,,,,,,,u-2_50,"001",2025-10-01_15h06.40.147,Motor sequence Learning task_Recent_Experiment_Tutorial 4_Urvashi Bhansali_AU2320139,,2025.2.0,None,2025-10-01 15h06.40.172993 +0530,
-50,x,16,0,4,x,1,0.033854790999612305,None,,,,,4,0,16,0,,,,,39.397855124999296,,39.387251499999365,39.397855124999296,40.38190074999966,40.38190074999966,40.38190074999966,40.38190074999966,40.39594541699989,41.38441754199994,41.38441754199994,41.41954933299985,x,1,0.033854790999612305,None,,,,,,,,,,,,,,,u-2_50,"001",2025-10-01_15h06.40.147,Motor sequence Learning task_Recent_Experiment_Tutorial 4_Urvashi Bhansali_AU2320139,,2025.2.0,None,2025-10-01 15h06.40.172993 +0530,
150,v,17,1,4,v,1,0.15675841600022977,None,,,,,4,1,17,1,,,,,41.427668082999844,,41.419973082999604,41.427668082999844,42.419370207999236,42.419370207999236,42.419370207999236,42.419370207999236,42.419370207999236,43.411528332999296,43.411528332999296,43.56955595799991,v,1,0.15675841600022977,None,,,,,,,,,,,,,,,u-2_50,"001",2025-10-01_15h06.40.147,Motor sequence Learning task_Recent_Experiment_Tutorial 4_Urvashi Bhansali_AU2320139,,2025.2.0,None,2025-10-01 15h06.40.172993 +0530,
50,c,18,2,4,c,1,0.09783791599966207,None,,,,,4,2,18,2,,,,,43.57807029199921,,43.570049166999524,43.57807029199921,44.56930429199929,44.56930429199929,44.56930429199929,44.56930429199929,44.56930429199929,45.57943304199944,45.57943304199944,45.6813049579996,c,1,0.09783791599966207,None,,,,,,,,,,,,,,,u-2_50,"001",2025-10-01_15h06.40.147,Motor sequence Learning task_Recent_Experiment_Tutorial 4_Urvashi Bhansali_AU2320139,,2025.2.0,None,2025-10-01 15h06.40.172993 +0530,
-150,z,19,3,4,z,1,0.06620912499965925,None,,,,,4,3,19,3,,,,,45.693621249999524,,45.681852041999264,45.693621249999524,46.678569707999486,46.678569707999486,46.678569707999486,46.678569707999486,46.68566841699976,47.67799258299965,47.67799258299965,47.74600304199976,z,1,0.06620912499965925,None,,,,,,,,,,,,,,,u-2_50,"001",2025-10-01_15h06.40.147,Motor sequence Learning task_Recent_Experiment_Tutorial 4_Urvashi Bhansali_AU2320139,,2025.2.0,None,2025-10-01 15h06.40.172993 +0530,
-50,x,20,0,5,x,1,0.0065759580002122675,None,,,,,5,0,20,0,,,,,47.75728637499924,,47.74653174999912,47.75728637499924,48.736750541999754,48.736750541999754,48.736750541999754,48.736750541999754,48.75313845799974,49.74450812499981,49.74450812499981,49.75350758299919,x,1,0.0065759580002122675,None,,,,,,,,,,,,,,,u-2_50,"001",2025-10-01_15h06.40.147,Motor sequence Learning task_Recent_Experiment_Tutorial 4_Urvashi Bhansali_AU2320139,,2025.2.0,None,2025-10-01 15h06.40.172993 +0530,
150,v,21,1,5,v,1,0.010174540999287274,None,,,,,5,1,21,1,,,,,49.76547733299958,,49.75404470799913,49.76547733299958,50.744654957999956,50.744654957999956,50.744654957999956,50.744654957999956,50.76176829199994,51.751850374999776,51.751850374999776,51.77002862499921,v,1,0.010174540999287274,None,,,,,,,,,,,,,,,u-2_50,"001",2025-10-01_15h06.40.147,Motor sequence Learning task_Recent_Experiment_Tutorial 4_Urvashi Bhansali_AU2320139,,2025.2.0,None,2025-10-01 15h06.40.172993 +0530,
50,c,22,2,5,c,1,0.04137425000044459,None,,,,,5,2,22,2,,,,,51.78149479199965,,51.77057995799987,51.78149479199965,52.770718541999486,52.770718541999486,52.770718541999486,52.770718541999486,52.78330604199982,53.769591874999605,53.769591874999605,53.81419874999938,c,1,0.04137425000044459,None,,,,,,,,,,,,,,,u-2_50,"001",2025-10-01_15h06.40.147,Motor sequence Learning task_Recent_Experiment_Tutorial 4_Urvashi Bhansali_AU2320139,,2025.2.0,None,2025-10-01 15h06.40.172993 +0530,
-150,z,23,3,5,z,1,0.12517229100012628,None,,,,,5,3,23,3,,,,,53.826329332999194,,53.8147638749997,53.826329332999194,54.81276929199976,54.81276929199976,54.81276929199976,54.81276929199976,54.827424207999684,55.8128109169993,55.8128109169993,55.94649733299957,z,1,0.12517229100012628,None,,,,,,,,,,,,,,,u-2_50,"001",2025-10-01_15h06.40.147,Motor sequence Learning task_Recent_Experiment_Tutorial 4_Urvashi Bhansali_AU2320139,,2025.2.0,None,2025-10-01 15h06.40.172993 +0530,
-50,x,24,0,6,x,1,0.07341991600060283,None,,,,,6,0,24,0,,,,,55.95686116699926,,55.94708229199932,55.95686116699926,56.94606108299922,56.94606108299922,56.94606108299922,56.94606108299922,56.95251783299955,57.94449233299929,57.94449233299929,58.019994832999146,x,1,0.07341991600060283,None,,,,,,,,,,,,,,,u-2_50,"001",2025-10-01_15h06.40.147,Motor sequence Learning task_Recent_Experiment_Tutorial 4_Urvashi Bhansali_AU2320139,,2025.2.0,None,2025-10-01 15h06.40.172993 +0530,
150,v,25,1,6,v,1,0.13829979199999798,None,,,,,6,1,25,1,,,,,58.031515624999884,,58.02051091699923,58.031515624999884,59.02042354199966,59.02042354199966,59.02042354199966,59.02042354199966,59.045958541999426,60.011564416999136,60.011564416999136,60.15406499999972,v,1,0.13829979199999798,None,,,,,,,,,,,,,,,u-2_50,"001",2025-10-01_15h06.40.147,Motor sequence Learning task_Recent_Experiment_Tutorial 4_Urvashi Bhansali_AU2320139,,2025.2.0,None,2025-10-01 15h06.40.172993 +0530,
50,c,26,2,6,c,1,0.12868349899963505,None,,,,,6,2,26,2,,,,,60.165640166999765,,60.15475441699982,60.165640166999765,61.152496416999384,61.152496416999384,61.152496416999384,61.152496416999384,61.161741124999935,62.15515054199932,62.15515054199932,62.286599332999685,c,1,0.12868349899963505,None,,,,,,,,,,,,,,,u-2_50,"001",2025-10-01_15h06.40.147,Motor sequence Learning task_Recent_Experiment_Tutorial 4_Urvashi Bhansali_AU2320139,,2025.2.0,None,2025-10-01 15h06.40.172993 +0530,
-150,z,27,3,6,z,1,0.12019887399947038,None,,,,,6,3,27,3,,,,,62.29768983299982,,62.287125416999515,62.29768983299982,63.29595112499919,63.29595112499919,63.29595112499919,63.29595112499919,63.31275029199969,64.2872465419996,64.2872465419996,64.43128262499977,z,1,0.12019887399947038,None,,,,,,,,,,,,,,,u-2_50,"001",2025-10-01_15h06.40.147,Motor sequence Learning task_Recent_Experiment_Tutorial 4_Urvashi Bhansali_AU2320139,,2025.2.0,None,2025-10-01 15h06.40.172993 +0530,
-50,x,28,0,7,x,1,0.2482761239998581,None,,,,,7,0,28,0,,,,,64.44433866700001,,64.43213187499987,64.44433866700001,65.4318606249999,65.4318606249999,65.4318606249999,65.4318606249999,65.4459792079997,66.42942595799923,66.42942595799923,66.67927862499982,x,1,0.2482761239998581,None,,,,,,,,,,,,,,,u-2_50,"001",2025-10-01_15h06.40.147,Motor sequence Learning task_Recent_Experiment_Tutorial 4_Urvashi Bhansali_AU2320139,,2025.2.0,None,2025-10-01 15h06.40.172993 +0530,
150,v,29,1,7,v,1,0.09071816600044258,None,,,,,7,1,29,1,,,,,66.69074662499952,,66.67978658299944,66.69074662499952,67.67791037499956,67.67791037499956,67.67791037499956,67.67791037499956,67.6837070419997,68.67787787499947,68.67787787499947,68.7816491249996,v,1,0.09071816600044258,None,,,,,,,,,,,,,,,u-2_50,"001",2025-10-01_15h06.40.147,Motor sequence Learning task_Recent_Experiment_Tutorial 4_Urvashi Bhansali_AU2320139,,2025.2.0,None,2025-10-01 15h06.40.172993 +0530,
50,c,30,2,7,c,1,0.1807738329998756,None,,,,,7,2,30,2,,,,,68.79593224999917,,68.78213429199968,68.79593224999917,69.77815945799921,69.77815945799921,69.77815945799921,69.77815945799921,69.79455299999972,70.7807652499996,70.7807652499996,70.96996045799915,c,1,0.1807738329998756,None,,,,,,,,,,,,,,,u-2_50,"001",2025-10-01_15h06.40.147,Motor sequence Learning task_Recent_Experiment_Tutorial 4_Urvashi Bhansali_AU2320139,,2025.2.0,None,2025-10-01 15h06.40.172993 +0530,
-150,z,31,3,7,z,1,0.19458462500006135,None,,,,,7,3,31,3,,,,,70.97903999999926,,70.97041891699973,70.97903999999926,71.96193037499961,71.96193037499961,71.96193037499961,71.96193037499961,71.9686691249999,72.9679809169993,72.9679809169993,73.17978316699919,z,1,0.19458462500006135,None,,,,,,,,,,,,,,,u-2_50,"001",2025-10-01_15h06.40.147,Motor sequence Learning task_Recent_Experiment_Tutorial 4_Urvashi Bhansali_AU2320139,,2025.2.0,None,2025-10-01 15h06.40.172993 +0530,
-50,x,32,0,8,z,0,0.09558537499924569,None,,,,,8,0,32,0,,,,,73.1862395829994,,73.18004054199992,73.1862395829994,74.17848641699948,74.17848641699948,74.17848641699948,74.17848641699948,74.18472708299942,75.17891754199991,75.17891754199991,75.27894558299977,z,0,0.09558537499924569,None,,,,,,,,,,,,,,,u-2_50,"001",2025-10-01_15h06.40.147,Motor sequence Learning task_Recent_Experiment_Tutorial 4_Urvashi Bhansali_AU2320139,,2025.2.0,None,2025-10-01 15h06.40.172993 +0530,
150,v,33,1,8,v,1,0.16817108299983374,None,,,,,8,1,33,1,,,,,75.28461483299998,,75.27914758299994,75.28461483299998,76.26888741699986,76.26888741699986,76.26888741699986,76.26888741699986,76.27838958299981,77.27939454199986,77.27939454199986,77.45354950000001,v,1,0.16817108299983374,None,,,,,,,,,,,,,,,u-2_50,"001",2025-10-01_15h06.40.147,Motor sequence Learning task_Recent_Experiment_Tutorial 4_Urvashi Bhansali_AU2320139,,2025.2.0,None,2025-10-01 15h06.40.172993 +0530,
50,c,34,2,8,c,1,0.7355845829997634,None,,,,,8,2,34,2,,,,,77.46528679199946,,77.45411991699984,77.46528679199946,78.45183445799921,78.45183445799921,78.45183445799921,78.45183445799921,78.46102174999942,79.45289212499938,79.45289212499938,80.196565792,c,1,0.7355845829997634,None,,,,,,,,,,,,,,,u-2_50,"001",2025-10-01_15h06.40.147,Motor sequence Learning task_Recent_Experiment_Tutorial 4_Urvashi Bhansali_AU2320139,,2025.2.0,None,2025-10-01 15h06.40.172993 +0530,
-150,z,35,3,8,z,1,0.7349378330000036,None,,,,,8,3,35,3,,,,,80.20840154199959,,80.19716554199931,80.20840154199959,81.1945109999997,81.1945109999997,81.1945109999997,81.1945109999997,81.20227691699984,82.19435437499942,82.19435437499942,82.93710354199993,z,1,0.7349378330000036,None,,,,,,,,,,,,,,,u-2_50,"001",2025-10-01_15h06.40.147,Motor sequence Learning task_Recent_Experiment_Tutorial 4_Urvashi Bhansali_AU2320139,,2025.2.0,None,2025-10-01 15h06.40.172993 +0530,
-50,x,36,0,9,x,1,0.6781636249997973,None,,,,,9,0,36,0,,,,,82.94858987499993,,82.93765958299991,82.94858987499993,83.93638937499964,83.93638937499964,83.93638937499964,83.93638937499964,83.94435720799993,84.93700212499971,84.93700212499971,85.61990974999935,x,1,0.6781636249997973,None,,,,,,,,,,,,,,,u-2_50,"001",2025-10-01_15h06.40.147,Motor sequence Learning task_Recent_Experiment_Tutorial 4_Urvashi Bhansali_AU2320139,,2025.2.0,None,2025-10-01 15h06.40.172993 +0530,
150,v,37,1,9,f8,0,0.1397752490001949,None,,,,,9,1,37,1,,,,,85.64535283299938,,85.62040137499935,85.64535283299938,86.6121214169998,86.6121214169998,86.6121214169998,86.6121214169998,86.64559995799937,87.61939679199986,87.61939679199986,87.76278187499975,f8,0,0.1397752490001949,None,,,,,,,,,,,,,,,u-2_50,"001",2025-10-01_15h06.40.147,Motor sequence Learning task_Recent_Experiment_Tutorial 4_Urvashi Bhansali_AU2320139,,2025.2.0,None,2025-10-01 15h06.40.172993 +0530,
50,c,38,2,9,c,1,0.8130614580004476,None,,,,,9,2,38,2,,,,,87.77511574999971,,87.7632787499997,87.77511574999971,88.76112541699968,88.76112541699968,88.76112541699968,88.76112541699968,88.76870533299916,89.7610548749999,89.7610548749999,90.57962033299918,c,1,0.8130614580004476,None,,,,,,,,,,,,,,,u-2_50,"001",2025-10-01_15h06.40.147,Motor sequence Learning task_Recent_Experiment_Tutorial 4_Urvashi Bhansali_AU2320139,,2025.2.0,None,2025-10-01 15h06.40.172993 +0530,
-150,z,39,3,9,z,1,0.7243324579994805,None,,,,,9,3,39,3,,,,,90.59170849999919,,90.58017062499948,90.59170849999919,91.57828187499945,91.57828187499945,91.57828187499945,91.57828187499945,91.58523541699924,92.57775879199926,92.57775879199926,93.30425699999978,z,1,0.7243324579994805,None,,,,,,,,,,,,,,,u-2_50,"001",2025-10-01_15h06.40.147,Motor sequence Learning task_Recent_Experiment_Tutorial 4_Urvashi Bhansali_AU2320139,,2025.2.0,None,2025-10-01 15h06.40.172993 +0530,
-50,x,40,0,10,x,1,0.2790565420000348,None,,,,,10,0,40,0,,,,,93.31583420799961,,93.30502033299945,93.31583420799961,94.30360704199938,94.30360704199938,94.30360704199938,94.30360704199938,94.31414795799992,95.30205670799933,95.30205670799933,95.5867419999995,x,1,0.2790565420000348,None,,,,,,,,,,,,,,,u-2_50,"001",2025-10-01_15h06.40.147,Motor sequence Learning task_Recent_Experiment_Tutorial 4_Urvashi Bhansali_AU2320139,,2025.2.0,None,2025-10-01 15h06.40.172993 +0530,
150,v,41,1,10,v,1,0.06082016599975759,None,,,,,10,1,41,1,,,,,95.59859979199973,,95.5872884169994,95.59859979199973,96.58614816699992,96.58614816699992,96.58614816699992,96.58614816699992,96.61240699999962,97.58516749999944,97.58516749999944,97.65292416699958,v,1,0.06082016599975759,None,,,,,,,,,,,,,,,u-2_50,"001",2025-10-01_15h06.40.147,Motor sequence Learning task_Recent_Experiment_Tutorial 4_Urvashi Bhansali_AU2320139,,2025.2.0,None,2025-10-01 15h06.40.172993 +0530,
50,c,42,2,10,c,1,0.08546924900019803,None,,,,,10,2,42,2,,,,,97.6788688329998,,97.65341958299996,97.6788688329998,98.66266216699933,98.66266216699933,98.66266216699933,98.66266216699933,98.66968870799974,99.65249254199989,99.65249254199989,99.74662108299981,c,1,0.08546924900019803,None,,,,,,,,,,,,,,,u-2_50,"001",2025-10-01_15h06.40.147,Motor sequence Learning task_Recent_Experiment_Tutorial 4_Urvashi Bhansali_AU2320139,,2025.2.0,None,2025-10-01 15h06.40.172993 +0530,
-150,z,43,3,10,z,1,0.15309324999998353,None,,,,,10,3,43,3,,,,,99.75688033299957,,99.74718795799981,99.75688033299957,100.73739620799915,100.73739620799915,100.73739620799915,100.73739620799915,100.7688073749996,101.74579995799922,101.74579995799922,101.90287258299941,z,1,0.15309324999998353,None,,,,,,,,,,,,,,,u-2_50,"001",2025-10-01_15h06.40.147,Motor sequence Learning task_Recent_Experiment_Tutorial 4_Urvashi Bhansali_AU2320139,,2025.2.0,None,2025-10-01 15h06.40.172993 +0530,
-50,x,44,0,11,x,1,0.10753804100022535,None,,,,,11,0,44,0,,,,,101.91163316699931,,101.90330483299931,101.91163316699931,102.90257795799971,102.90257795799971,102.90257795799971,102.90257795799971,102.90257795799971,103.89430049999919,103.89430049999919,104.00371079199977,x,1,0.10753804100022535,None,,,,,,,,,,,,,,,u-2_50,"001",2025-10-01_15h06.40.147,Motor sequence Learning task_Recent_Experiment_Tutorial 4_Urvashi Bhansali_AU2320139,,2025.2.0,None,2025-10-01 15h06.40.172993 +0530,
150,v,45,1,11,v,1,0.11678816600033315,None,,,,,11,1,45,1,,,,,104.0145469579993,,104.00423591699928,104.0145469579993,105.00278499999968,105.00278499999968,105.00278499999968,105.00278499999968,105.01217970799917,106.00294066699917,106.00294066699917,106.1298717919999,v,1,0.11678816600033315,None,,,,,,,,,,,,,,,u-2_50,"001",2025-10-01_15h06.40.147,Motor sequence Learning task_Recent_Experiment_Tutorial 4_Urvashi Bhansali_AU2320139,,2025.2.0,None,2025-10-01 15h06.40.172993 +0530,
50,c,46,2,11,c,1,0.08852920799927233,None,,,,,11,2,46,2,,,,,106.13837816699925,,106.130531625,106.13837816699925,107.12054224999974,107.12054224999974,107.12054224999974,107.12054224999974,107.1516867499995,108.12119070799963,108.12119070799963,108.21266537499923,c,1,0.08852920799927233,None,,,,,,,,,,,,,,,u-2_50,"001",2025-10-01_15h06.40.147,Motor sequence Learning task_Recent_Experiment_Tutorial 4_Urvashi Bhansali_AU2320139,,2025.2.0,None,2025-10-01 15h06.40.172993 +0530,
-150,z,47,3,11,z,1,0.3255825830001413,None,,,,,11,3,47,3,,,,,108.22154987499925,,108.21314579199952,108.22154987499925,109.21099162499922,109.21099162499922,109.21099162499922,109.21099162499922,109.21894504199918,110.21112099999937,110.21112099999937,110.54590758299946,z,1,0.3255825830001413,None,,,,,,,,,,,,,,,u-2_50,"001",2025-10-01_15h06.40.147,Motor sequence Learning task_Recent_Experiment_Tutorial 4_Urvashi Bhansali_AU2320139,,2025.2.0,None,2025-10-01 15h06.40.172993 +0530,
-50,x,48,0,12,x,1,0.02139512400026433,None,,,,,12,0,48,0,,,,,110.55571808299919,,110.54644437499974,110.55571808299919,111.53600166699925,111.53600166699925,111.53600166699925,111.53600166699925,111.55330566699922,112.54428158299925,112.54428158299925,112.56979479199981,x,1,0.02139512400026433,None,,,,,,,,,,,,,,,u-2_50,"001",2025-10-01_15h06.40.147,Motor sequence Learning task_Recent_Experiment_Tutorial 4_Urvashi Bhansali_AU2320139,,2025.2.0,None,2025-10-01 15h06.40.172993 +0530,
150,v,49,1,12,v,1,0.4237472909999269,None,,,,,12,1,49,1,,,,,112.59601733299951,,112.57032816699939,112.59601733299951,113.5699183329998,113.5699183329998,113.5699183329998,113.5699183329998,113.61266283299938,114.56887070799985,114.56887070799985,114.99570295799913,v,1,0.4237472909999269,None,,,,,,,,,,,,,,,u-2_50,"001",2025-10-01_15h06.40.147,Motor sequence Learning task_Recent_Experiment_Tutorial 4_Urvashi Bhansali_AU2320139,,2025.2.0,None,2025-10-01 15h06.40.172993 +0530,
50,c,50,2,12,c,1,0.0446524999997564,None,,,,,12,2,50,2,,,,,115.00569316699966,,114.99624425000002,115.00569316699966,115.9951506669995,115.9951506669995,115.9951506669995,115.9951506669995,116.00116962499942,116.99587429199983,116.99587429199983,117.04640541699973,c,1,0.0446524999997564,None,,,,,,,,,,,,,,,u-2_50,"001",2025-10-01_15h06.40.147,Motor sequence Learning task_Recent_Experiment_Tutorial 4_Urvashi Bhansali_AU2320139,,2025.2.0,None,2025-10-01 15h06.40.172993 +0530,
-150,z,51,3,12,z,1,0.1591712079998615,None,,,,,12,3,51,3,,,,,117.05518924999978,,117.04694287499933,117.05518924999978,118.04433962499934,118.04433962499934,118.04433962499934,118.04433962499934,118.05158087499967,119.03741749999972,119.03741749999972,119.20318983299967,z,1,0.1591712079998615,None,,,,,,,,,,,,,,,u-2_50,"001",2025-10-01_15h06.40.147,Motor sequence Learning task_Recent_Experiment_Tutorial 4_Urvashi Bhansali_AU2320139,,2025.2.0,None,2025-10-01 15h06.40.172993 +0530,
-50,x,52,0,13,x,1,0.07430879100047605,None,,,,,13,0,52,0,,,,,119.21481279199998,,119.20379137499913,119.21481279199998,120.2027871249993,120.2027871249993,120.2027871249993,120.2027871249993,120.21092408299955,121.20216591699955,121.20216591699955,121.27938279199952,x,1,0.07430879100047605,None,,,,,,,,,,,,,,,u-2_50,"001",2025-10-01_15h06.40.147,Motor sequence Learning task_Recent_Experiment_Tutorial 4_Urvashi Bhansali_AU2320139,,2025.2.0,None,2025-10-01 15h06.40.172993 +0530,
150,v,53,1,13,v,1,0.09057958300036262,None,,,,,13,1,53,1,,,,,121.289464167,,121.2799627079994,121.289464167,122.27761108300001,122.27761108300001,122.27761108300001,122.27761108300001,122.28466241699971,123.26971920799951,123.26971920799951,123.36231758299982,v,1,0.09057958300036262,None,,,,,,,,,,,,,,,u-2_50,"001",2025-10-01_15h06.40.147,Motor sequence Learning task_Recent_Experiment_Tutorial 4_Urvashi Bhansali_AU2320139,,2025.2.0,None,2025-10-01 15h06.40.172993 +0530,
50,c,54,2,13,c,1,0.1292561250002109,None,,,,,13,2,54,2,,,,,123.37165916699996,,123.36287020799955,123.37165916699996,124.36090108299959,124.36090108299959,124.36090108299959,124.36090108299959,124.36851308299993,125.36100891699971,125.36100891699971,125.49570133299949,c,1,0.1292561250002109,None,,,,,,,,,,,,,,,u-2_50,"001",2025-10-01_15h06.40.147,Motor sequence Learning task_Recent_Experiment_Tutorial 4_Urvashi Bhansali_AU2320139,,2025.2.0,None,2025-10-01 15h06.40.172993 +0530,
-150,z,55,3,13,z,1,0.34926420800002234,None,,,,,13,3,55,3,,,,,125.50564799999938,,125.49627024999972,125.50564799999938,126.49415537499954,126.49415537499954,126.49415537499954,126.49415537499954,126.5015401669998,127.49091262499951,127.49091262499951,127.84670541699961,z,1,0.34926420800002234,None,,,,,,,,,,,,,,,u-2_50,"001",2025-10-01_15h06.40.147,Motor sequence Learning task_Recent_Experiment_Tutorial 4_Urvashi Bhansali_AU2320139,,2025.2.0,None,2025-10-01 15h06.40.172993 +0530,
-50,x,56,0,14,x,1,0.1728987500000585,None,,,,,14,0,56,0,,,,,127.85660041699975,,127.84731266699964,127.85660041699975,128.84436933299912,128.84436933299912,128.84436933299912,128.84436933299912,128.851160833,129.84436349999942,129.84436349999942,130.03044599999976,x,1,0.1728987500000585,None,,,,,,,,,,,,,,,u-2_50,"001",2025-10-01_15h06.40.147,Motor sequence Learning task_Recent_Experiment_Tutorial 4_Urvashi Bhansali_AU2320139,,2025.2.0,None,2025-10-01 15h06.40.172993 +0530,
150,v,57,1,14,v,1,0.3316753750004864,None,,,,,14,1,57,1,,,,,130.04613274999974,,130.03125270799956,130.04613274999974,131.0276420829996,131.0276420829996,131.0276420829996,131.0276420829996,131.04437437499928,132.02753120799935,132.02753120799935,132.3624247079997,v,1,0.3316753750004864,None,,,,,,,,,,,,,,,u-2_50,"001",2025-10-01_15h06.40.147,Motor sequence Learning task_Recent_Experiment_Tutorial 4_Urvashi Bhansali_AU2320139,,2025.2.0,None,2025-10-01 15h06.40.172993 +0530,
50,c,58,2,14,c,1,0.24751362499955576,None,,,,,14,2,58,2,,,,,132.3726332919996,,132.3629637919994,132.3726332919996,133.36086987499948,133.36086987499948,133.36086987499948,133.36086987499948,133.36827804199947,134.36147808299938,134.36147808299938,134.61244449999958,c,1,0.24751362499955576,None,,,,,,,,,,,,,,,u-2_50,"001",2025-10-01_15h06.40.147,Motor sequence Learning task_Recent_Experiment_Tutorial 4_Urvashi Bhansali_AU2320139,,2025.2.0,None,2025-10-01 15h06.40.172993 +0530,
-150,z,59,3,14,z,1,0.19601925000006304,None,,,,,14,3,59,3,,,,,134.6234490829993,,134.61302479199912,134.6234490829993,135.6111265419995,135.6111265419995,135.6111265419995,135.6111265419995,135.61846137499924,136.61097779199918,136.61097779199918,136.81292391699935,z,1,0.19601925000006304,None,,,,,,,,,,,,,,,u-2_50,"001",2025-10-01_15h06.40.147,Motor sequence Learning task_Recent_Experiment_Tutorial 4_Urvashi Bhansali_AU2320139,,2025.2.0,None,2025-10-01 15h06.40.172993 +0530,
-50,x,60,0,15,x,1,0.048885415999393445,None,,,,,15,0,60,0,,,,,136.82394858299995,,136.81354849999934,136.82394858299995,137.81107037499987,137.81107037499987,137.81107037499987,137.81107037499987,137.81902391699987,138.81119770799978,138.81119770799978,138.86389704199973,x,1,0.048885415999393445,None,,,,,,,,,,,,,,,u-2_50,"001",2025-10-01_15h06.40.147,Motor sequence Learning task_Recent_Experiment_Tutorial 4_Urvashi Bhansali_AU2320139,,2025.2.0,None,2025-10-01 15h06.40.172993 +0530,
150,v,61,1,15,v,1,0.12817091600027197,None,,,,,15,1,61,1,,,,,138.87503216699952,,138.86494758299978,138.87503216699952,139.8608251249998,139.8608251249998,139.8608251249998,139.8608251249998,139.86808991699945,140.8608521669994,140.8608521669994,140.9957972079992,v,1,0.12817091600027197,None,,,,,,,,,,,,,,,u-2_50,"001",2025-10-01_15h06.40.147,Motor sequence Learning task_Recent_Experiment_Tutorial 4_Urvashi Bhansali_AU2320139,,2025.2.0,None,2025-10-01 15h06.40.172993 +0530,
50,c,62,2,15,c,1,0.13473270800022874,None,,,,,15,2,62,2,,,,,141.00576637499944,,140.9963283749994,141.00576637499944,141.9959169169997,141.9959169169997,141.9959169169997,141.9959169169997,142.00244187499993,142.9942289999999,142.9942289999999,143.13691666699924,c,1,0.13473270800022874,None,,,,,,,,,,,,,,,u-2_50,"001",2025-10-01_15h06.40.147,Motor sequence Learning task_Recent_Experiment_Tutorial 4_Urvashi Bhansali_AU2320139,,2025.2.0,None,2025-10-01 15h06.40.172993 +0530,
-150,z,63,3,15,z,1,0.6660576250005761,None,,,,,15,3,63,3,,,,,143.1480633329993,,143.1375370829992,143.1480633329993,144.13635258299928,144.13635258299928,144.13635258299928,144.13635258299928,144.14419654199992,145.130758667,145.130758667,145.8030694579993,z,1,0.6660576250005761,None,,,,,,,,,,,,,,,u-2_50,"001",2025-10-01_15h06.40.147,Motor sequence Learning task_Recent_Experiment_Tutorial 4_Urvashi Bhansali_AU2320139,,2025.2.0,None,2025-10-01 15h06.40.172993 +0530,
-50,x,64,0,16,x,1,0.26222004200008087,None,,,,,16,0,64,0,,,,,145.8144903329994,,145.80360870799996,145.8144903329994,146.80241858299996,146.80241858299996,146.80241858299996,146.80241858299996,146.810897458,147.8025912919993,147.8025912919993,148.07085941699916,x,1,0.26222004200008087,None,,,,,,,,,,,,,,,u-2_50,"001",2025-10-01_15h06.40.147,Motor sequence Learning task_Recent_Experiment_Tutorial 4_Urvashi Bhansali_AU2320139,,2025.2.0,None,2025-10-01 15h06.40.172993 +0530,
150,v,65,1,16,v,1,0.24186137500055338,None,,,,,16,1,65,1,,,,,148.08065933299986,,148.07135541699972,148.08065933299986,149.06926891699914,149.06926891699914,149.06926891699914,149.06926891699914,149.077900667,150.06789037499948,150.06789037499948,150.31248312499974,v,1,0.24186137500055338,None,,,,,,,,,,,,,,,u-2_50,"001",2025-10-01_15h06.40.147,Motor sequence Learning task_Recent_Experiment_Tutorial 4_Urvashi Bhansali_AU2320139,,2025.2.0,None,2025-10-01 15h06.40.172993 +0530,
50,c,66,2,16,c,1,0.2093137920001027,None,,,,,16,2,66,2,,,,,150.3234546249996,,150.3130347919996,150.3234546249996,151.3110917919994,151.3110917919994,151.3110917919994,151.3110917919994,151.31824487499944,152.3114127079998,152.3114127079998,152.53025799999978,c,1,0.2093137920001027,None,,,,,,,,,,,,,,,u-2_50,"001",2025-10-01_15h06.40.147,Motor sequence Learning task_Recent_Experiment_Tutorial 4_Urvashi Bhansali_AU2320139,,2025.2.0,None,2025-10-01 15h06.40.172993 +0530,
-150,z,67,3,16,z,1,0.20937120800044795,None,,,,,16,3,67,3,,,,,152.54207658299947,,152.5312397079997,152.54207658299947,153.52761066699986,153.52761066699986,153.52761066699986,153.52761066699986,153.53510245799953,154.5283577499995,154.5283577499995,154.74571174999983,z,1,0.20937120800044795,None,,,,,,,,,,,,,,,u-2_50,"001",2025-10-01_15h06.40.147,Motor sequence Learning task_Recent_Experiment_Tutorial 4_Urvashi Bhansali_AU2320139,,2025.2.0,None,2025-10-01 15h06.40.172993 +0530,
-50,x,68,0,17,x,1,0.10116391600058705,None,,,,,17,0,68,0,,,,,154.75739883299957,,154.74627954199968,154.75739883299957,155.74594566699943,155.74594566699943,155.74594566699943,155.74594566699943,155.75279454199972,156.7444530419998,156.7444530419998,156.85339470799954,x,1,0.10116391600058705,None,,,,,,,,,,,,,,,u-2_50,"001",2025-10-01_15h06.40.147,Motor sequence Learning task_Recent_Experiment_Tutorial 4_Urvashi Bhansali_AU2320139,,2025.2.0,None,2025-10-01 15h06.40.172993 +0530,
150,v,69,1,17,v,1,0.06732170800023596,None,,,,,17,1,69,1,,,,,156.86414699999932,,156.8538757919996,156.86414699999932,157.85289645799912,157.85289645799912,157.85289645799912,157.85289645799912,157.87898354199933,158.85215012499975,158.85215012499975,158.92903920799927,v,1,0.06732170800023596,None,,,,,,,,,,,,,,,u-2_50,"001",2025-10-01_15h06.40.147,Motor sequence Learning task_Recent_Experiment_Tutorial 4_Urvashi Bhansali_AU2320139,,2025.2.0,None,2025-10-01 15h06.40.172993 +0530,
50,c,70,2,17,c,1,0.2050091250002879,None,,,,,17,2,70,2,,,,,158.9393623749993,,158.92953258299985,158.9393623749993,159.92032491699956,159.92032491699956,159.92032491699956,159.92032491699956,159.9627132079995,160.92751766699985,160.92751766699985,161.13645308299965,c,1,0.2050091250002879,None,,,,,,,,,,,,,,,u-2_50,"001",2025-10-01_15h06.40.147,Motor sequence Learning task_Recent_Experiment_Tutorial 4_Urvashi Bhansali_AU2320139,,2025.2.0,None,2025-10-01 15h06.40.172993 +0530,
-150,z,71,3,17,z,1,0.1295066249995216,None,,,,,17,3,71,3,,,,,161.14800229199955,,161.13710462499967,161.14800229199955,162.13572954199935,162.13572954199935,162.13572954199935,162.13572954199935,162.14427499999965,163.13502399999925,163.13502399999925,163.2697818329998,z,1,0.1295066249995216,None,,,,,,,,,,,,,,,u-2_50,"001",2025-10-01_15h06.40.147,Motor sequence Learning task_Recent_Experiment_Tutorial 4_Urvashi Bhansali_AU2320139,,2025.2.0,None,2025-10-01 15h06.40.172993 +0530,
-50,x,72,0,18,x,1,0.06894154099973093,None,,,,,18,0,72,0,,,,,163.28120516699983,,163.27033995799957,163.28120516699983,164.26845412499915,164.26845412499915,164.26845412499915,164.26845412499915,164.27811549999933,165.26855499999965,165.26855499999965,165.3459824169995,x,1,0.06894154099973093,None,,,,,,,,,,,,,,,u-2_50,"001",2025-10-01_15h06.40.147,Motor sequence Learning task_Recent_Experiment_Tutorial 4_Urvashi Bhansali_AU2320139,,2025.2.0,None,2025-10-01 15h06.40.172993 +0530,
150,v,73,1,18,v,1,0.062293541000144614,None,,,,,18,1,73,1,,,,,165.35639062499922,,165.3464923749998,165.35639062499922,166.3442589999995,166.3442589999995,166.3442589999995,166.3442589999995,166.35107270799926,167.3441276249996,167.3441276249996,167.41245999999956,v,1,0.062293541000144614,None,,,,,,,,,,,,,,,u-2_50,"001",2025-10-01_15h06.40.147,Motor sequence Learning task_Recent_Experiment_Tutorial 4_Urvashi Bhansali_AU2320139,,2025.2.0,None,2025-10-01 15h06.40.172993 +0530,
50,c,74,2,18,c,1,0.04853283299962641,None,,,,,18,2,74,2,,,,,167.42258820799998,,167.41296299999976,167.42258820799998,168.41086020799958,168.41086020799958,168.41086020799958,168.41086020799958,168.4183681249997,169.41076220799914,169.41076220799914,169.4630540829994,c,1,0.04853283299962641,None,,,,,,,,,,,,,,,u-2_50,"001",2025-10-01_15h06.40.147,Motor sequence Learning task_Recent_Experiment_Tutorial 4_Urvashi Bhansali_AU2320139,,2025.2.0,None,2025-10-01 15h06.40.172993 +0530,
-150,z,75,3,18,z,1,0.1148018329995466,None,,,,,18,3,75,3,,,,,169.47392158299954,,169.46384195799965,169.47392158299954,170.46095983299983,170.46095983299983,170.46095983299983,170.46095983299983,170.46845833299994,171.46142370799953,171.46142370799953,171.57917279199955,z,1,0.1148018329995466,None,,,,,,,,,,,,,,,u-2_50,"001",2025-10-01_15h06.40.147,Motor sequence Learning task_Recent_Experiment_Tutorial 4_Urvashi Bhansali_AU2320139,,2025.2.0,None,2025-10-01 15h06.40.172993 +0530,
-50,x,76,0,19,x,1,0.16264004099957674,None,,,,,19,0,76,0,,,,,171.58959324999978,,171.57966329199917,171.58959324999978,172.57782299999963,172.57782299999963,172.57782299999963,172.57782299999963,172.5843830419999,173.5775288749992,173.5775288749992,173.7459094169999,x,1,0.16264004099957674,None,,,,,,,,,,,,,,,u-2_50,"001",2025-10-01_15h06.40.147,Motor sequence Learning task_Recent_Experiment_Tutorial 4_Urvashi Bhansali_AU2320139,,2025.2.0,None,2025-10-01 15h06.40.172993 +0530,
150,v,77,1,19,v,1,0.0843672080000033,None,,,,,19,1,77,1,,,,,173.7556219169992,,173.74640399999953,173.7556219169992,174.7448697079999,174.7448697079999,174.7448697079999,174.7448697079999,174.75276408299942,175.7446972079997,175.7446972079997,175.83659891699972,v,1,0.0843672080000033,None,,,,,,,,,,,,,,,u-2_50,"001",2025-10-01_15h06.40.147,Motor sequence Learning task_Recent_Experiment_Tutorial 4_Urvashi Bhansali_AU2320139,,2025.2.0,None,2025-10-01 15h06.40.172993 +0530,
50,c,78,2,19,c,1,0.10239604099933786,None,,,,,19,2,78,2,,,,,175.8481399579996,,175.83712879199993,175.8481399579996,176.83614616699924,176.83614616699924,176.83614616699924,176.83614616699924,176.8441790829993,177.83576299999913,177.83576299999913,177.94609904199933,c,1,0.10239604099933786,None,,,,,,,,,,,,,,,u-2_50,"001",2025-10-01_15h06.40.147,Motor sequence Learning task_Recent_Experiment_Tutorial 4_Urvashi Bhansali_AU2320139,,2025.2.0,None,2025-10-01 15h06.40.172993 +0530,
-150,z,79,3,19,z,1,0.045784582999658596,None,,,,,19,3,79,3,,,,,177.95578891699915,,177.94662629199956,177.95578891699915,178.94420945799993,178.94420945799993,178.94420945799993,178.94420945799993,178.95157279199975,179.94422183299957,179.94422183299957,179.99583858299957,z,1,0.045784582999658596,None,,,,,,,,,,,,,,,u-2_50,"001",2025-10-01_15h06.40.147,Motor sequence Learning task_Recent_Experiment_Tutorial 4_Urvashi Bhansali_AU2320139,,2025.2.0,None,2025-10-01 15h06.40.172993 +0530,
-50,x,80,0,20,x,1,0.012540333000288229,None,,,,,20,0,80,0,,,,,180.00592295799925,,179.9963882079992,180.00592295799925,180.9956973749995,180.9956973749995,180.9956973749995,180.9956973749995,181.0020407919992,181.9945399999997,181.9945399999997,182.01260320799975,x,1,0.012540333000288229,None,,,,,,,,,,,,,,,u-2_50,"001",2025-10-01_15h06.40.147,Motor sequence Learning task_Recent_Experiment_Tutorial 4_Urvashi Bhansali_AU2320139,,2025.2.0,None,2025-10-01 15h06.40.172993 +0530,
150,v,81,1,20,v,1,0.11956145800013473,None,,,,,20,1,81,1,,,,,182.02283758299927,,182.01309887499974,182.02283758299927,183.01098012499915,183.01098012499915,183.01098012499915,183.01098012499915,183.018551958,184.01143837499967,184.01143837499967,184.13687733299957,v,1,0.11956145800013473,None,,,,,,,,,,,,,,,u-2_50,"001",2025-10-01_15h06.40.147,Motor sequence Learning task_Recent_Experiment_Tutorial 4_Urvashi Bhansali_AU2320139,,2025.2.0,None,2025-10-01 15h06.40.172993 +0530,
50,c,82,2,20,c,1,0.27027737499975046,None,,,,,20,2,82,2,,,,,184.1483284169999,,184.13738554199972,184.1483284169999,185.14582470799996,185.14582470799996,185.14582470799996,185.14582470799996,185.1527819999992,186.14570866699978,186.14570866699978,186.4194896249992,c,1,0.27027737499975046,None,,,,,,,,,,,,,,,u-2_50,"001",2025-10-01_15h06.40.147,Motor sequence Learning task_Recent_Experiment_Tutorial 4_Urvashi Bhansali_AU2320139,,2025.2.0,None,2025-10-01 15h06.40.172993 +0530,
-150,z,83,3,20,z,1,0.1810395829998015,None,,,,,20,3,83,3,,,,,186.445941125,,186.42001270799938,186.445941125,187.41927599999963,187.41927599999963,187.41927599999963,187.41927599999963,187.44526483299978,188.41783787499935,188.41783787499935,188.6026635419994,z,1,0.1810395829998015,None,,,,,,,,,,,,,,,u-2_50,"001",2025-10-01_15h06.40.147,Motor sequence Learning task_Recent_Experiment_Tutorial 4_Urvashi Bhansali_AU2320139,,2025.2.0,None,2025-10-01 15h06.40.172993 +0530,
-50,x,84,0,21,x,1,0.22010600000066916,None,,,,,21,0,84,0,,,,,188.61208224999973,,188.60310212499917,188.61208224999973,189.60212591699928,189.60212591699928,189.60212591699928,189.60212591699928,189.6109186249996,190.60202795799978,190.60202795799978,190.82964054199965,x,1,0.22010600000066916,None,,,,,,,,,,,,,,,u-2_50,"001",2025-10-01_15h06.40.147,Motor sequence Learning task_Recent_Experiment_Tutorial 4_Urvashi Bhansali_AU2320139,,2025.2.0,None,2025-10-01 15h06.40.172993 +0530,
150,v,85,1,21,v,1,0.09091212499970425,None,,,,,21,1,85,1,,,,,190.83985991699956,,190.83028120799918,190.83985991699956,191.82841024999925,191.82841024999925,191.82841024999925,191.82841024999925,191.83607895799923,192.82782766699984,192.82782766699984,192.92910779199974,v,1,0.09091212499970425,None,,,,,,,,,,,,,,,u-2_50,"001",2025-10-01_15h06.40.147,Motor sequence Learning task_Recent_Experiment_Tutorial 4_Urvashi Bhansali_AU2320139,,2025.2.0,None,2025-10-01 15h06.40.172993 +0530,
50,c,86,2,21,c,1,0.6725343750003958,None,,,,,21,2,86,2,,,,,192.93913633299962,,192.9296083749996,192.93913633299962,193.92751316699923,193.92751316699923,193.92751316699923,193.92751316699923,193.93468833299994,194.92907116699917,194.92907116699917,195.60292274999938,c,1,0.6725343750003958,None,,,,,,,,,,,,,,,u-2_50,"001",2025-10-01_15h06.40.147,Motor sequence Learning task_Recent_Experiment_Tutorial 4_Urvashi Bhansali_AU2320139,,2025.2.0,None,2025-10-01 15h06.40.172993 +0530,
-150,z,87,3,21,z,1,0.20764833300017926,None,,,,,21,3,87,3,,,,,195.6288393749992,,195.60344562499995,195.6288393749992,196.6019456669992,196.6019456669992,196.6019456669992,196.6019456669992,196.6277750829995,197.6019853329999,197.6019853329999,197.81253862499943,z,1,0.20764833300017926,None,,,,,,,,,,,,,,,u-2_50,"001",2025-10-01_15h06.40.147,Motor sequence Learning task_Recent_Experiment_Tutorial 4_Urvashi Bhansali_AU2320139,,2025.2.0,None,2025-10-01 15h06.40.172993 +0530,
-50,x,88,0,22,x,1,0.08643316599955142,None,,,,,22,0,88,0,,,,,197.82477404199926,,197.81314424999982,197.82477404199926,198.81095254199954,198.81095254199954,198.81095254199954,198.81095254199954,198.81827633299963,199.81125387499924,199.81125387499924,199.90302062499995,x,1,0.08643316599955142,None,,,,,,,,,,,,,,,u-2_50,"001",2025-10-01_15h06.40.147,Motor sequence Learning task_Recent_Experiment_Tutorial 4_Urvashi Bhansali_AU2320139,,2025.2.0,None,2025-10-01 15h06.40.172993 +0530,
150,v,89,1,22,v,1,0.1568466240005364,None,,,,,22,1,89,1,,,,,199.91479216699918,,199.90356249999968,199.91479216699918,200.9087242079995,200.9087242079995,200.9087242079995,200.9087242079995,200.9176122079998,201.900770792,201.900770792,202.06256633299927,v,1,0.1568466240005364,None,,,,,,,,,,,,,,,u-2_50,"001",2025-10-01_15h06.40.147,Motor sequence Learning task_Recent_Experiment_Tutorial 4_Urvashi Bhansali_AU2320139,,2025.2.0,None,2025-10-01 15h06.40.172993 +0530,
50,c,90,2,22,c,1,0.06137475000014092,None,,,,,22,2,90,2,,,,,202.07373070799986,,202.06314391699925,202.07373070799986,203.0543992919993,203.0543992919993,203.0543992919993,203.0543992919993,203.07914583299953,204.06108812499951,204.06108812499951,204.1292335829994,c,1,0.06137475000014092,None,,,,,,,,,,,,,,,u-2_50,"001",2025-10-01_15h06.40.147,Motor sequence Learning task_Recent_Experiment_Tutorial 4_Urvashi Bhansali_AU2320139,,2025.2.0,None,2025-10-01 15h06.40.172993 +0530,
-150,z,91,3,22,z,1,0.08179754100001446,None,,,,,22,3,91,3,,,,,204.14007295800002,,204.12973720799982,204.14007295800002,205.11918999999943,205.11918999999943,205.11918999999943,205.11918999999943,205.16079066699967,206.1456955829999,206.1456955829999,206.22913154199978,z,1,0.08179754100001446,None,,,,,,,,,,,,,,,u-2_50,"001",2025-10-01_15h06.40.147,Motor sequence Learning task_Recent_Experiment_Tutorial 4_Urvashi Bhansali_AU2320139,,2025.2.0,None,2025-10-01 15h06.40.172993 +0530,
-50,x,92,0,23,x,1,0.2555588330005776,None,,,,,23,0,92,0,,,,,206.23979191699982,,206.22962329199981,206.23979191699982,207.21860920799918,207.21860920799918,207.21860920799918,207.21860920799918,207.2351902499995,208.24482833299953,208.24482833299953,208.50287704199945,x,1,0.2555588330005776,None,,,,,,,,,,,,,,,u-2_50,"001",2025-10-01_15h06.40.147,Motor sequence Learning task_Recent_Experiment_Tutorial 4_Urvashi Bhansali_AU2320139,,2025.2.0,None,2025-10-01 15h06.40.172993 +0530,
150,v,93,1,23,v,1,0.2554890829997021,None,,,,,23,1,93,1,,,,,208.51464924999982,,208.50340808299916,208.51464924999982,209.50219383299918,209.50219383299918,209.50219383299918,209.50219383299918,209.51086658299937,210.50793679199978,210.50793679199978,210.77011208299973,v,1,0.2554890829997021,None,,,,,,,,,,,,,,,u-2_50,"001",2025-10-01_15h06.40.147,Motor sequence Learning task_Recent_Experiment_Tutorial 4_Urvashi Bhansali_AU2320139,,2025.2.0,None,2025-10-01 15h06.40.172993 +0530,
50,c,94,2,23,c,1,0.16276325000035285,None,,,,,23,2,94,2,,,,,210.78155279199927,,210.77064883299954,210.78155279199927,211.7727406669992,211.7727406669992,211.7727406669992,211.7727406669992,211.78150641699995,212.76163908299986,212.76163908299986,212.92896674999974,c,1,0.16276325000035285,None,,,,,,,,,,,,,,,u-2_50,"001",2025-10-01_15h06.40.147,Motor sequence Learning task_Recent_Experiment_Tutorial 4_Urvashi Bhansali_AU2320139,,2025.2.0,None,2025-10-01 15h06.40.172993 +0530,
-150,z,95,3,23,z,1,0.028940125000190164,None,,,,,23,3,95,3,,,,,212.9392378749999,,212.92945916699955,212.9392378749999,213.92780316699918,213.92780316699918,213.92780316699918,213.92780316699918,213.934656292,214.9183626669992,214.9183626669992,214.9530374169999,z,1,0.028940125000190164,None,,,,,,,,,,,,,,,u-2_50,"001",2025-10-01_15h06.40.147,Motor sequence Learning task_Recent_Experiment_Tutorial 4_Urvashi Bhansali_AU2320139,,2025.2.0,None,2025-10-01 15h06.40.172993 +0530,
-50,x,96,0,24,x,1,0.0960815830003412,None,,,,,24,0,96,0,,,,,214.9640813749993,,214.95359049999934,214.9640813749993,215.95180241699927,215.95180241699927,215.95180241699927,215.95180241699927,215.9609072079993,216.9521260419997,216.9521260419997,217.0532064579993,x,1,0.0960815830003412,None,,,,,,,,,,,,,,,u-2_50,"001",2025-10-01_15h06.40.147,Motor sequence Learning task_Recent_Experiment_Tutorial 4_Urvashi Bhansali_AU2320139,,2025.2.0,None,2025-10-01 15h06.40.172993 +0530,
150,v,97,1,24,v,1,0.08283045799998945,None,,,,,24,1,97,1,,,,,217.06462445799934,,217.05374516699976,217.06462445799934,218.04413170799944,218.04413170799944,218.04413170799944,218.04413170799944,218.06092575000002,219.05133641699922,219.05133641699922,219.13574745799997,v,1,0.08283045799998945,None,,,,,,,,,,,,,,,u-2_50,"001",2025-10-01_15h06.40.147,Motor sequence Learning task_Recent_Experiment_Tutorial 4_Urvashi Bhansali_AU2320139,,2025.2.0,None,2025-10-01 15h06.40.172993 +0530,
50,c,98,2,24,c,1,0.2765401659999043,None,,,,,24,2,98,2,,,,,219.14504249999936,,219.13623795799958,219.14504249999936,220.13534120799977,220.13534120799977,220.13534120799977,220.13534120799977,220.13534120799977,221.1366512499999,221.1366512499999,221.4189603749992,c,1,0.2765401659999043,None,,,,,,,,,,,,,,,u-2_50,"001",2025-10-01_15h06.40.147,Motor sequence Learning task_Recent_Experiment_Tutorial 4_Urvashi Bhansali_AU2320139,,2025.2.0,None,2025-10-01 15h06.40.172993 +0530,
-150,z,99,3,24,z,1,0.13025487399954727,None,,,,,24,3,99,3,,,,,221.42844387499918,,221.41941599999973,221.42844387499918,222.410752625,222.410752625,222.410752625,222.410752625,222.42755716699958,223.41077366699938,223.41077366699938,223.5476040829999,z,1,0.13025487399954727,None,,,,,,,,,,,,,,,u-2_50,"001",2025-10-01_15h06.40.147,Motor sequence Learning task_Recent_Experiment_Tutorial 4_Urvashi Bhansali_AU2320139,,2025.2.0,None,2025-10-01 15h06.40.172993 +0530,
-50,x,100,0,25,x,1,0.02971208300004946,None,,,,,25,0,100,0,,,,,223.5607976249994,,223.54873883299933,223.5607976249994,224.5442157919997,224.5442157919997,224.5442157919997,224.5442157919997,224.5514545419992,225.56232033299966,225.56232033299966,225.59719549999954,x,1,0.02971208300004946,None,,,,,,,,,,,,,,,u-2_50,"001",2025-10-01_15h06.40.147,Motor sequence Learning task_Recent_Experiment_Tutorial 4_Urvashi Bhansali_AU2320139,,2025.2.0,None,2025-10-01 15h06.40.172993 +0530,
150,v,101,1,25,v,1,0.10792187500010186,None,,,,,25,1,101,1,,,,,225.61238958299964,,225.59773595799925,225.61238958299964,226.59401366699967,226.59401366699967,226.59401366699967,226.59401366699967,226.61099291699975,227.59398262499963,227.59398262499963,227.71235862499998,v,1,0.10792187500010186,None,,,,,,,,,,,,,,,u-2_50,"001",2025-10-01_15h06.40.147,Motor sequence Learning task_Recent_Experiment_Tutorial 4_Urvashi Bhansali_AU2320139,,2025.2.0,None,2025-10-01 15h06.40.172993 +0530,
50,c,102,2,25,c,1,0.09181379100027698,None,,,,,25,2,102,2,,,,,227.72260520799955,,227.71288379199996,227.72260520799955,228.70270929199978,228.70270929199978,228.70270929199978,228.70270929199978,228.74579441699916,229.71209216699935,229.71209216699935,229.81226008299927,c,1,0.09181379100027698,None,,,,,,,,,,,,,,,u-2_50,"001",2025-10-01_15h06.40.147,Motor sequence Learning task_Recent_Experiment_Tutorial 4_Urvashi Bhansali_AU2320139,,2025.2.0,None,2025-10-01 15h06.40.172993 +0530,
-150,z,103,3,25,z,1,0.22567824999987351,None,,,,,25,3,103,3,,,,,229.82340433299942,,229.8128389579997,229.82340433299942,230.81084049999936,230.81084049999936,230.81084049999936,230.81084049999936,230.81889887499983,231.81215254199924,231.81215254199924,232.0633076669992,z,1,0.22567824999987351,None,,,,,,,,,,,,,,,u-2_50,"001",2025-10-01_15h06.40.147,Motor sequence Learning task_Recent_Experiment_Tutorial 4_Urvashi Bhansali_AU2320139,,2025.2.0,None,2025-10-01 15h06.40.172993 +0530,
-50,x,104,0,26,x,1,0.2009419579999303,None,,,,,26,0,104,0,,,,,232.07915579199926,,232.0638872919999,232.07915579199926,233.06095645799996,233.06095645799996,233.06095645799996,233.06095645799996,233.08239358299943,234.06087774999924,234.06087774999924,234.26325395799995,x,1,0.2009419579999303,None,,,,,,,,,,,,,,,u-2_50,"001",2025-10-01_15h06.40.147,Motor sequence Learning task_Recent_Experiment_Tutorial 4_Urvashi Bhansali_AU2320139,,2025.2.0,None,2025-10-01 15h06.40.172993 +0530,
150,v,105,1,26,v,1,0.13397329100007482,None,,,,,26,1,105,1,,,,,234.2725797919993,,234.2638168329995,234.2725797919993,235.26243579199945,235.26243579199945,235.26243579199945,235.26243579199945,235.26872091699988,236.2607917919995,236.2607917919995,236.39670283299984,v,1,0.13397329100007482,None,,,,,,,,,,,,,,,u-2_50,"001",2025-10-01_15h06.40.147,Motor sequence Learning task_Recent_Experiment_Tutorial 4_Urvashi Bhansali_AU2320139,,2025.2.0,None,2025-10-01 15h06.40.172993 +0530,
50,c,106,2,26,c,1,0.10937408300014795,None,,,,,26,2,106,2,,,,,236.40778891699938,,236.39750729199932,236.40778891699938,237.39757712499977,237.39757712499977,237.39757712499977,237.39757712499977,237.4123338749996,238.39437570799964,238.39437570799964,238.5132972499996,c,1,0.10937408300014795,None,,,,,,,,,,,,,,,u-2_50,"001",2025-10-01_15h06.40.147,Motor sequence Learning task_Recent_Experiment_Tutorial 4_Urvashi Bhansali_AU2320139,,2025.2.0,None,2025-10-01 15h06.40.172993 +0530,
-150,z,107,3,26,z,1,0.12487979199977417,None,,,,,26,3,107,3,,,,,238.52415133299928,,238.51396287499938,238.52415133299928,239.51231712499975,239.51231712499975,239.51231712499975,239.51231712499975,239.52018016699913,240.51082962499913,240.51082962499913,240.64673604199925,z,1,0.12487979199977417,None,,,,,,,,,,,,,,,u-2_50,"001",2025-10-01_15h06.40.147,Motor sequence Learning task_Recent_Experiment_Tutorial 4_Urvashi Bhansali_AU2320139,,2025.2.0,None,2025-10-01 15h06.40.172993 +0530,
-50,x,108,0,27,x,1,0.07648958299978403,None,,,,,27,0,108,0,,,,,240.66132679199927,,240.64731587499955,240.66132679199927,241.64444566699967,241.64444566699967,241.64444566699967,241.64444566699967,241.65416054199977,242.64402970799983,242.64402970799983,242.72906287499973,x,1,0.07648958299978403,None,,,,,,,,,,,,,,,u-2_50,"001",2025-10-01_15h06.40.147,Motor sequence Learning task_Recent_Experiment_Tutorial 4_Urvashi Bhansali_AU2320139,,2025.2.0,None,2025-10-01 15h06.40.172993 +0530,
150,v,109,1,27,v,1,0.04113150000011956,None,,,,,27,1,109,1,,,,,242.73983466699974,,242.72958958299932,242.73983466699974,243.72849699999915,243.72849699999915,243.72849699999915,243.72849699999915,243.73507166699983,244.72743699999955,244.72743699999955,244.77984916699916,v,1,0.04113150000011956,None,,,,,,,,,,,,,,,u-2_50,"001",2025-10-01_15h06.40.147,Motor sequence Learning task_Recent_Experiment_Tutorial 4_Urvashi Bhansali_AU2320139,,2025.2.0,None,2025-10-01 15h06.40.172993 +0530,
50,c,110,2,27,c,1,0.5662033750004412,None,,,,,27,2,110,2,,,,,244.79078124999978,,244.78049379200002,244.79078124999978,245.77897933299937,245.77897933299937,245.77897933299937,245.77897933299937,245.785786292,246.7773492919996,246.7773492919996,247.34559662499942,c,1,0.5662033750004412,None,,,,,,,,,,,,,,,u-2_50,"001",2025-10-01_15h06.40.147,Motor sequence Learning task_Recent_Experiment_Tutorial 4_Urvashi Bhansali_AU2320139,,2025.2.0,None,2025-10-01 15h06.40.172993 +0530,
-150,z,111,3,27,z,1,0.10358608300066408,None,,,,,27,3,111,3,,,,,247.35745074999977,,247.34611083299933,247.35745074999977,248.3441062919992,248.3441062919992,248.3441062919992,248.3441062919992,248.3512837499993,249.3359097499997,249.3359097499997,249.44751275,z,1,0.10358608300066408,None,,,,,,,,,,,,,,,u-2_50,"001",2025-10-01_15h06.40.147,Motor sequence Learning task_Recent_Experiment_Tutorial 4_Urvashi Bhansali_AU2320139,,2025.2.0,None,2025-10-01 15h06.40.172993 +0530,
-50,x,112,0,28,x,1,0.17972699999972974,None,,,,,28,0,112,0,,,,,249.46069687499948,,249.44828733299983,249.46069687499948,250.44401845799985,250.44401845799985,250.44401845799985,250.44401845799985,250.45130558299934,251.44567991699932,251.44567991699932,251.6293135829992,x,1,0.17972699999972974,None,,,,,,,,,,,,,,,u-2_50,"001",2025-10-01_15h06.40.147,Motor sequence Learning task_Recent_Experiment_Tutorial 4_Urvashi Bhansali_AU2320139,,2025.2.0,None,2025-10-01 15h06.40.172993 +0530,
150,v,113,1,28,v,1,0.07792233300006046,None,,,,,28,1,113,1,,,,,251.64027683299992,,251.6298834579993,251.64027683299992,252.61813029199948,252.61813029199948,252.61813029199948,252.61813029199948,252.63453841699993,253.6273527079993,253.6273527079993,253.7123075419995,v,1,0.07792233300006046,None,,,,,,,,,,,,,,,u-2_50,"001",2025-10-01_15h06.40.147,Motor sequence Learning task_Recent_Experiment_Tutorial 4_Urvashi Bhansali_AU2320139,,2025.2.0,None,2025-10-01 15h06.40.172993 +0530,
50,c,114,2,28,c,1,0.24219945799995912,None,,,,,28,2,114,2,,,,,253.7227667499992,,253.71279958299965,253.7227667499992,254.7025000829999,254.7025000829999,254.7025000829999,254.7025000829999,254.74585954199938,255.71107366699925,255.71107366699925,255.96237158299937,c,1,0.24219945799995912,None,,,,,,,,,,,,,,,u-2_50,"001",2025-10-01_15h06.40.147,Motor sequence Learning task_Recent_Experiment_Tutorial 4_Urvashi Bhansali_AU2320139,,2025.2.0,None,2025-10-01 15h06.40.172993 +0530,
-150,z,115,3,28,z,1,0.0075834159997612005,None,,,,,28,3,115,3,,,,,255.97329295799955,,255.96293545799927,255.97329295799955,256.95209608299956,256.95209608299956,256.95209608299956,256.95209608299956,256.97296016699966,257.96072708299926,257.96072708299926,257.9697039999992,z,1,0.0075834159997612005,None,,,,,,,,,,,,,,,u-2_50,"001",2025-10-01_15h06.40.147,Motor sequence Learning task_Recent_Experiment_Tutorial 4_Urvashi Bhansali_AU2320139,,2025.2.0,None,2025-10-01 15h06.40.172993 +0530,
-50,x,116,0,29,x,1,0.20858258299995214,None,,,,,29,0,116,0,,,,,257.98127549999936,,257.9702427919992,257.98127549999936,258.96798970799955,258.96798970799955,258.96798970799955,258.96798970799955,258.9774991669992,259.96074016699913,259.96074016699913,260.17063124999913,x,1,0.20858258299995214,None,,,,,,,,,,,,,,,u-2_50,"001",2025-10-01_15h06.40.147,Motor sequence Learning task_Recent_Experiment_Tutorial 4_Urvashi Bhansali_AU2320139,,2025.2.0,None,2025-10-01 15h06.40.172993 +0530,
150,v,117,1,29,v,1,0.43482112499987124,None,,,,,29,1,117,1,,,,,260.18145195799934,,260.1711745419998,260.18145195799934,261.17014129199924,261.17014129199924,261.17014129199924,261.17014129199924,261.19611245799933,262.16831479199936,262.16831479199936,262.6126327079992,v,1,0.43482112499987124,None,,,,,,,,,,,,,,,u-2_50,"001",2025-10-01_15h06.40.147,Motor sequence Learning task_Recent_Experiment_Tutorial 4_Urvashi Bhansali_AU2320139,,2025.2.0,None,2025-10-01 15h06.40.172993 +0530,
50,c,118,2,29,c,1,0.39975745799983997,None,,,,,29,2,118,2,,,,,262.6225225419994,,262.6133009999994,262.6225225419994,263.602608917,263.602608917,263.602608917,263.602608917,263.6456043749995,264.61230524999974,264.61230524999974,265.0197271249999,c,1,0.39975745799983997,None,,,,,,,,,,,,,,,u-2_50,"001",2025-10-01_15h06.40.147,Motor sequence Learning task_Recent_Experiment_Tutorial 4_Urvashi Bhansali_AU2320139,,2025.2.0,None,2025-10-01 15h06.40.172993 +0530,
-150,z,119,3,29,z,1,0.1443957909996243,None,,,,,29,3,119,3,,,,,265.0457540419993,,265.02029499999935,265.0457540419993,266.01061879199915,266.01061879199915,266.01061879199915,266.01061879199915,266.06228224999995,267.018677,267.018677,267.18039204199977,z,1,0.1443957909996243,None,,,,,,,,,,,,,,,u-2_50,"001",2025-10-01_15h06.40.147,Motor sequence Learning task_Recent_Experiment_Tutorial 4_Urvashi Bhansali_AU2320139,,2025.2.0,None,2025-10-01 15h06.40.172993 +0530,
-50,x,120,0,30,x,1,0.26912562500001513,None,,,,,30,0,120,0,,,,,267.1904798329997,,267.18094429199937,267.1904798329997,268.19566383299934,268.19566383299934,268.19566383299934,268.19566383299934,268.19566383299934,269.17890429199997,269.17890429199997,269.45352383299996,x,1,0.26912562500001513,None,,,,,,,,,,,,,,,u-2_50,"001",2025-10-01_15h06.40.147,Motor sequence Learning task_Recent_Experiment_Tutorial 4_Urvashi Bhansali_AU2320139,,2025.2.0,None,2025-10-01 15h06.40.172993 +0530,
150,v,121,1,30,v,1,0.059896333000324375,None,,,,,30,1,121,1,,,,,269.4644630419998,,269.45406987499973,269.4644630419998,270.4533744169994,270.4533744169994,270.4533744169994,270.4533744169994,270.47893762499916,271.4519722499999,271.4519722499999,271.51956987499943,v,1,0.059896333000324375,None,,,,,,,,,,,,,,,u-2_50,"001",2025-10-01_15h06.40.147,Motor sequence Learning task_Recent_Experiment_Tutorial 4_Urvashi Bhansali_AU2320139,,2025.2.0,None,2025-10-01 15h06.40.172993 +0530,
50,c,122,2,30,c,1,0.1825792919999003,None,,,,,30,2,122,2,,,,,271.54582220799966,,271.5200705419993,271.54582220799966,272.51827241699993,272.51827241699993,272.51827241699993,272.51827241699993,272.5443627499999,273.5212406669998,273.5212406669998,273.71218916699945,c,1,0.1825792919999003,None,,,,,,,,,,,,,,,u-2_50,"001",2025-10-01_15h06.40.147,Motor sequence Learning task_Recent_Experiment_Tutorial 4_Urvashi Bhansali_AU2320139,,2025.2.0,None,2025-10-01 15h06.40.172993 +0530,
-150,z,123,3,30,z,1,0.21824637499958044,None,,,,,30,3,123,3,,,,,273.72199874999933,,273.7127048329994,273.72199874999933,274.7121630829997,274.7121630829997,274.7121630829997,274.7121630829997,274.7184542919995,275.7106308749999,275.7106308749999,275.9368181669997,z,1,0.21824637499958044,None,,,,,,,,,,,,,,,u-2_50,"001",2025-10-01_15h06.40.147,Motor sequence Learning task_Recent_Experiment_Tutorial 4_Urvashi Bhansali_AU2320139,,2025.2.0,None,2025-10-01 15h06.40.172993 +0530,
-50,x,124,0,31,x,1,0.23910079100005532,None,,,,,31,0,124,0,,,,,275.94781008299924,,275.9373498749992,275.94781008299924,276.9350911249994,276.9350911249994,276.9350911249994,276.9350911249994,276.9440764579995,277.93569795799976,277.93569795799976,278.1790211669995,x,1,0.23910079100005532,None,,,,,,,,,,,,,,,u-2_50,"001",2025-10-01_15h06.40.147,Motor sequence Learning task_Recent_Experiment_Tutorial 4_Urvashi Bhansali_AU2320139,,2025.2.0,None,2025-10-01 15h06.40.172993 +0530,
150,v,125,1,31,v,1,0.060549750000063796,None,,,,,31,1,125,1,,,,,278.1899708329993,,278.1795339579994,278.1899708329993,279.1774044999993,279.1774044999993,279.1774044999993,279.1774044999993,279.1851269579993,280.17721920799977,280.17721920799977,280.24569345799955,v,1,0.060549750000063796,None,,,,,,,,,,,,,,,u-2_50,"001",2025-10-01_15h06.40.147,Motor sequence Learning task_Recent_Experiment_Tutorial 4_Urvashi Bhansali_AU2320139,,2025.2.0,None,2025-10-01 15h06.40.172993 +0530,
50,c,126,2,31,c,1,0.058693207999567676,None,,,,,31,2,126,2,,,,,280.2563430829996,,280.24621670799934,280.2563430829996,281.2442099579994,281.2442099579994,281.2442099579994,281.2442099579994,281.25177466699915,282.2440371249995,282.2440371249995,282.3134963749999,c,1,0.058693207999567676,None,,,,,,,,,,,,,,,u-2_50,"001",2025-10-01_15h06.40.147,Motor sequence Learning task_Recent_Experiment_Tutorial 4_Urvashi Bhansali_AU2320139,,2025.2.0,None,2025-10-01 15h06.40.172993 +0530,
-150,z,127,3,31,z,1,0.0018827080002665753,None,,,,,31,3,127,3,,,,,282.3243564579998,,282.31434374999935,282.3243564579998,283.3106667919992,283.3106667919992,283.3106667919992,283.3106667919992,283.318065167,284.3107378749992,284.3107378749992,284.3194980419994,z,1,0.0018827080002665753,None,,,,,,,,,,,,,,,u-2_50,"001",2025-10-01_15h06.40.147,Motor sequence Learning task_Recent_Experiment_Tutorial 4_Urvashi Bhansali_AU2320139,,2025.2.0,None,2025-10-01 15h06.40.172993 +0530,
-50,x,128,0,32,x,1,0.014933249000023352,None,,,,,32,0,128,0,,,,,284.3310146669992,,284.3200511669993,284.3310146669992,285.3186590419991,285.3186590419991,285.3186590419991,285.3186590419991,285.32762591699975,286.3186836669993,286.3186836669993,286.33547012500003,x,1,0.014933249000023352,None,,,,,,,,,,,,,,,u-2_50,"001",2025-10-01_15h06.40.147,Motor sequence Learning task_Recent_Experiment_Tutorial 4_Urvashi Bhansali_AU2320139,,2025.2.0,None,2025-10-01 15h06.40.172993 +0530,
150,v,129,1,32,v,1,0.22256599999946047,None,,,,,32,1,129,1,,,,,286.36230949999936,,286.33597779199954,286.36230949999936,287.32731824999973,287.32731824999973,287.32731824999973,287.32731824999973,287.36109445799957,288.3278727499992,288.3278727499992,288.5540098329993,v,1,0.22256599999946047,None,,,,,,,,,,,,,,,u-2_50,"001",2025-10-01_15h06.40.147,Motor sequence Learning task_Recent_Experiment_Tutorial 4_Urvashi Bhansali_AU2320139,,2025.2.0,None,2025-10-01 15h06.40.172993 +0530,
50,c,130,2,32,c,1,0.11962329100060742,None,,,,,32,2,130,2,,,,,288.56491433299925,,288.55449583299924,288.56491433299925,289.5515324169992,289.5515324169992,289.5515324169992,289.5515324169992,289.56082245799917,290.5518848749998,290.5518848749998,290.6790805419996,c,1,0.11962329100060742,None,,,,,,,,,,,,,,,u-2_50,"001",2025-10-01_15h06.40.147,Motor sequence Learning task_Recent_Experiment_Tutorial 4_Urvashi Bhansali_AU2320139,,2025.2.0,None,2025-10-01 15h06.40.172993 +0530,
-150,z,131,3,32,z,1,0.25162887500027864,None,,,,,32,3,131,3,,,,,290.68903229199987,,290.67960958299955,290.68903229199987,291.6695831249999,291.6695831249999,291.6695831249999,291.6695831249999,291.7123710419992,292.6687248749995,292.6687248749995,292.9291719169996,z,1,0.25162887500027864,None,,,,,,,,,,,,,,,u-2_50,"001",2025-10-01_15h06.40.147,Motor sequence Learning task_Recent_Experiment_Tutorial 4_Urvashi Bhansali_AU2320139,,2025.2.0,None,2025-10-01 15h06.40.172993 +0530,
-50,x,132,0,33,x,1,0.11879050000061397,None,,,,,33,0,132,0,,,,,292.93931070799954,,292.92968395799926,292.93931070799954,293.9280712079999,293.9280712079999,293.9280712079999,293.9280712079999,293.93583574999957,294.92758125,294.92758125,295.0531184579995,x,1,0.11879050000061397,None,,,,,,,,,,,,,,,u-2_50,"001",2025-10-01_15h06.40.147,Motor sequence Learning task_Recent_Experiment_Tutorial 4_Urvashi Bhansali_AU2320139,,2025.2.0,None,2025-10-01 15h06.40.172993 +0530,
150,v,133,1,33,v,1,0.19432629099992482,None,,,,,33,1,133,1,,,,,295.06446233299994,,295.05369020799935,295.06446233299994,296.051094208,296.051094208,296.051094208,296.051094208,296.06080216699957,297.0519339579996,297.0519339579996,297.2525771669998,v,1,0.19432629099992482,None,,,,,,,,,,,,,,,u-2_50,"001",2025-10-01_15h06.40.147,Motor sequence Learning task_Recent_Experiment_Tutorial 4_Urvashi Bhansali_AU2320139,,2025.2.0,None,2025-10-01 15h06.40.172993 +0530,
50,c,134,2,33,c,1,0.023298042000533314,None,,,,,33,2,134,2,,,,,297.27861479199964,,297.2530762919996,297.27861479199964,298.2442616249991,298.2442616249991,298.2442616249991,298.2442616249991,298.27775287499935,299.24401379199935,299.24401379199935,299.2698483749991,c,1,0.023298042000533314,None,,,,,,,,,,,,,,,u-2_50,"001",2025-10-01_15h06.40.147,Motor sequence Learning task_Recent_Experiment_Tutorial 4_Urvashi Bhansali_AU2320139,,2025.2.0,None,2025-10-01 15h06.40.172993 +0530,
-150,z,135,3,33,z,1,0.016618790999928024,None,,,,,33,3,135,3,,,,,299.2812786249997,,299.27038504199936,299.2812786249997,300.2677488749996,300.2677488749996,300.2677488749996,300.2677488749996,300.2777457919992,301.26066424999954,301.26066424999954,301.27906424999946,z,1,0.016618790999928024,None,,,,,,,,,,,,,,,u-2_50,"001",2025-10-01_15h06.40.147,Motor sequence Learning task_Recent_Experiment_Tutorial 4_Urvashi Bhansali_AU2320139,,2025.2.0,None,2025-10-01 15h06.40.172993 +0530,
-50,x,136,0,34,x,1,0.05583958299939695,None,,,,,34,0,136,0,,,,,301.2895695829993,,301.27965154199956,301.2895695829993,302.29555416699986,302.29555416699986,302.29555416699986,302.29555416699986,302.29555416699986,303.27730104199964,303.27730104199964,303.3384168749999,x,1,0.05583958299939695,None,,,,,,,,,,,,,,,u-2_50,"001",2025-10-01_15h06.40.147,Motor sequence Learning task_Recent_Experiment_Tutorial 4_Urvashi Bhansali_AU2320139,,2025.2.0,None,2025-10-01 15h06.40.172993 +0530,
150,v,137,1,34,v,1,0.3575974169998517,None,,,,,34,1,137,1,,,,,303.34830045799936,,303.338906125,303.34830045799936,304.3351886249993,304.3351886249993,304.3351886249993,304.3351886249993,304.3449478329994,305.3305894999994,305.3305894999994,305.6956509169995,v,1,0.3575974169998517,None,,,,,,,,,,,,,,,u-2_50,"001",2025-10-01_15h06.40.147,Motor sequence Learning task_Recent_Experiment_Tutorial 4_Urvashi Bhansali_AU2320139,,2025.2.0,None,2025-10-01 15h06.40.172993 +0530,
50,c,138,2,34,c,1,0.11810970800070208,None,,,,,34,2,138,2,,,,,305.70607087499957,,305.69619245799913,305.70607087499957,306.6940196249998,306.6940196249998,306.6940196249998,306.6940196249998,306.70141974999933,307.6939037919992,307.6939037919992,307.8195666249994,c,1,0.11810970800070208,None,,,,,,,,,,,,,,,u-2_50,"001",2025-10-01_15h06.40.147,Motor sequence Learning task_Recent_Experiment_Tutorial 4_Urvashi Bhansali_AU2320139,,2025.2.0,None,2025-10-01 15h06.40.172993 +0530,
-150,z,139,3,34,z,1,0.07331187399995542,None,,,,,34,3,139,3,,,,,307.83098704199983,,307.82022187499933,307.83098704199983,308.8246458329995,308.8246458329995,308.8246458329995,308.8246458329995,308.83314075,309.81872833299985,309.81872833299985,309.8961837499992,z,1,0.07331187399995542,None,,,,,,,,,,,,,,,u-2_50,"001",2025-10-01_15h06.40.147,Motor sequence Learning task_Recent_Experiment_Tutorial 4_Urvashi Bhansali_AU2320139,,2025.2.0,None,2025-10-01 15h06.40.172993 +0530,
-50,x,140,0,35,x,1,0.09807412400004978,None,,,,,35,0,140,0,,,,,309.9056266669995,,309.89659349999965,309.9056266669995,310.89391049999995,310.89391049999995,310.89391049999995,310.89391049999995,310.90111479199913,311.89394504199936,311.89394504199936,311.9967403749997,x,1,0.09807412400004978,None,,,,,,,,,,,,,,,u-2_50,"001",2025-10-01_15h06.40.147,Motor sequence Learning task_Recent_Experiment_Tutorial 4_Urvashi Bhansali_AU2320139,,2025.2.0,None,2025-10-01 15h06.40.172993 +0530,
150,v,141,1,35,v,1,0.10879066599954967,None,,,,,35,1,141,1,,,,,312.00686708299963,,311.9972666249996,312.00686708299963,312.9940870829996,312.9940870829996,312.9940870829996,312.9940870829996,313.0017604579998,313.9940388749992,313.9940388749992,314.1122311249992,v,1,0.10879066599954967,None,,,,,,,,,,,,,,,u-2_50,"001",2025-10-01_15h06.40.147,Motor sequence Learning task_Recent_Experiment_Tutorial 4_Urvashi Bhansali_AU2320139,,2025.2.0,None,2025-10-01 15h06.40.172993 +0530,
50,c,142,2,35,c,1,0.26479433300028177,None,,,,,35,2,142,2,,,,,314.12243166699955,,314.11273258299934,314.12243166699955,315.11065804199916,315.11065804199916,315.11065804199916,315.11065804199916,315.1181469999992,316.11406904199976,316.11406904199976,316.38649879199966,c,1,0.26479433300028177,None,,,,,,,,,,,,,,,u-2_50,"001",2025-10-01_15h06.40.147,Motor sequence Learning task_Recent_Experiment_Tutorial 4_Urvashi Bhansali_AU2320139,,2025.2.0,None,2025-10-01 15h06.40.172993 +0530,
-150,z,143,3,35,z,1,0.31830937399990944,None,,,,,35,3,143,3,,,,,316.39732237499993,,316.38700891699955,316.39732237499993,317.38536954199935,317.38536954199935,317.38536954199935,317.38536954199935,317.3942660419998,318.3854875829993,318.3854875829993,318.71277479199944,z,1,0.31830937399990944,None,,,,,,,,,,,,,,,u-2_50,"001",2025-10-01_15h06.40.147,Motor sequence Learning task_Recent_Experiment_Tutorial 4_Urvashi Bhansali_AU2320139,,2025.2.0,None,2025-10-01 15h06.40.172993 +0530,
-50,x,144,0,36,x,1,0.206145916999958,None,,,,,36,0,144,0,,,,,318.72289945800003,,318.7133794579995,318.72289945800003,319.7110868329992,319.7110868329992,319.7110868329992,319.7110868329992,319.71848970799965,320.7286784579992,320.7286784579992,320.93636683299974,x,1,0.206145916999958,None,,,,,,,,,,,,,,,u-2_50,"001",2025-10-01_15h06.40.147,Motor sequence Learning task_Recent_Experiment_Tutorial 4_Urvashi Bhansali_AU2320139,,2025.2.0,None,2025-10-01 15h06.40.172993 +0530,
150,v,145,1,36,v,1,0.2936594160000823,None,,,,,36,1,145,1,,,,,320.94735941699946,,320.9368468749999,320.94735941699946,321.9272652079999,321.9272652079999,321.9272652079999,321.9272652079999,321.94405166699926,322.9350074999993,322.9350074999993,323.2361698749992,v,1,0.2936594160000823,None,,,,,,,,,,,,,,,u-2_50,"001",2025-10-01_15h06.40.147,Motor sequence Learning task_Recent_Experiment_Tutorial 4_Urvashi Bhansali_AU2320139,,2025.2.0,None,2025-10-01 15h06.40.172993 +0530,
50,c,146,2,36,c,1,0.35790629100029037,None,,,,,36,2,146,2,,,,,323.24723258299946,,323.2367010829994,323.24723258299946,324.2352743749998,324.2352743749998,324.2352743749998,324.2352743749998,324.24418074999994,325.2367605419995,325.2367605419995,325.61349654199967,c,1,0.35790629100029037,None,,,,,,,,,,,,,,,u-2_50,"001",2025-10-01_15h06.40.147,Motor sequence Learning task_Recent_Experiment_Tutorial 4_Urvashi Bhansali_AU2320139,,2025.2.0,None,2025-10-01 15h06.40.172993 +0530,
-150,z,147,3,36,z,1,0.41409154099983425,None,,,,,36,3,147,3,,,,,325.6273570829999,,325.6140489999998,325.6273570829999,326.61107854199963,326.61107854199963,326.61107854199963,326.61107854199963,326.61792333299945,327.6105605419998,327.6105605419998,328.02885012499974,z,1,0.41409154099983425,None,,,,,,,,,,,,,,,u-2_50,"001",2025-10-01_15h06.40.147,Motor sequence Learning task_Recent_Experiment_Tutorial 4_Urvashi Bhansali_AU2320139,,2025.2.0,None,2025-10-01 15h06.40.172993 +0530,
-50,x,148,0,37,x,1,0.0951710830004231,None,,,,,37,0,148,0,,,,,328.0404469999994,,328.0293437499995,328.0404469999994,329.01844749999964,329.01844749999964,329.01844749999964,329.01844749999964,329.0344712919996,330.0273371249996,330.0273371249996,330.12943862499924,x,1,0.0951710830004231,None,,,,,,,,,,,,,,,u-2_50,"001",2025-10-01_15h06.40.147,Motor sequence Learning task_Recent_Experiment_Tutorial 4_Urvashi Bhansali_AU2320139,,2025.2.0,None,2025-10-01 15h06.40.172993 +0530,
150,v,149,1,37,v,1,0.22889074999966397,None,,,,,37,1,149,1,,,,,330.14072724999914,,330.1299756669996,330.14072724999914,331.1271629169996,331.1271629169996,331.1271629169996,331.1271629169996,331.1348908329992,332.1275995419992,332.1275995419992,332.36228991699954,v,1,0.22889074999966397,None,,,,,,,,,,,,,,,u-2_50,"001",2025-10-01_15h06.40.147,Motor sequence Learning task_Recent_Experiment_Tutorial 4_Urvashi Bhansali_AU2320139,,2025.2.0,None,2025-10-01 15h06.40.172993 +0530,
50,c,150,2,37,c,1,0.5358042080006271,None,,,,,37,2,150,2,,,,,332.37349041699963,,332.36282758299967,332.37349041699963,333.3606575829999,333.3606575829999,333.3606575829999,333.3606575829999,333.36756695799977,334.360652458,334.360652458,334.9030417919994,c,1,0.5358042080006271,None,,,,,,,,,,,,,,,u-2_50,"001",2025-10-01_15h06.40.147,Motor sequence Learning task_Recent_Experiment_Tutorial 4_Urvashi Bhansali_AU2320139,,2025.2.0,None,2025-10-01 15h06.40.172993 +0530,
-150,z,151,3,37,z,1,0.26601970800038544,None,,,,,37,3,151,3,,,,,334.9145786249992,,334.9035744999992,334.9145786249992,335.9022800419998,335.9022800419998,335.9022800419998,335.9022800419998,335.9110744999998,336.90134470799967,336.90134470799967,337.16898587499963,z,1,0.26601970800038544,None,,,,,,,,,,,,,,,u-2_50,"001",2025-10-01_15h06.40.147,Motor sequence Learning task_Recent_Experiment_Tutorial 4_Urvashi Bhansali_AU2320139,,2025.2.0,None,2025-10-01 15h06.40.172993 +0530,
-50,x,152,0,38,x,1,0.22202220800045325,None,,,,,38,0,152,0,,,,,337.17791916699935,,337.16939533299956,337.17791916699935,338.1680236249995,338.1680236249995,338.1680236249995,338.1680236249995,338.1680236249995,339.1703009169996,339.1703009169996,339.39537824999934,x,1,0.22202220800045325,None,,,,,,,,,,,,,,,u-2_50,"001",2025-10-01_15h06.40.147,Motor sequence Learning task_Recent_Experiment_Tutorial 4_Urvashi Bhansali_AU2320139,,2025.2.0,None,2025-10-01 15h06.40.172993 +0530,
150,v,153,1,38,v,1,0.30409141600011935,None,,,,,38,1,153,1,,,,,339.4054635419998,,339.3958664169995,339.4054635419998,340.3949762499997,340.3949762499997,340.3949762499997,340.3949762499997,340.4017348749994,341.394167167,341.394167167,341.7030481669999,v,1,0.30409141600011935,None,,,,,,,,,,,,,,,u-2_50,"001",2025-10-01_15h06.40.147,Motor sequence Learning task_Recent_Experiment_Tutorial 4_Urvashi Bhansali_AU2320139,,2025.2.0,None,2025-10-01 15h06.40.172993 +0530,
50,c,154,2,38,c,1,0.2767049580006642,None,,,,,38,2,154,2,,,,,341.7144592499999,,341.70353366699965,341.7144592499999,342.701758958,342.701758958,342.701758958,342.701758958,342.71096083299926,343.7014943329996,343.7014943329996,343.9816760419999,c,1,0.2767049580006642,None,,,,,,,,,,,,,,,u-2_50,"001",2025-10-01_15h06.40.147,Motor sequence Learning task_Recent_Experiment_Tutorial 4_Urvashi Bhansali_AU2320139,,2025.2.0,None,2025-10-01 15h06.40.172993 +0530,
-150,z,155,3,38,z,1,0.4578698329996769,None,,,,,38,3,155,3,,,,,343.99394137499985,,343.98222695799996,343.99394137499985,344.97728062499937,344.97728062499937,344.97728062499937,344.97728062499937,344.9849222499997,345.9772467499997,345.9772467499997,346.4363389169994,z,1,0.4578698329996769,None,,,,,,,,,,,,,,,u-2_50,"001",2025-10-01_15h06.40.147,Motor sequence Learning task_Recent_Experiment_Tutorial 4_Urvashi Bhansali_AU2320139,,2025.2.0,None,2025-10-01 15h06.40.172993 +0530,
-50,x,156,0,39,x,1,0.2193078330001299,None,,,,,39,0,156,0,,,,,346.4476937499994,,346.43685579199973,346.4476937499994,347.43500833299913,347.43500833299913,347.43500833299913,347.43500833299913,347.44392841699937,348.4348760419998,348.4348760419998,348.6640229579998,x,1,0.2193078330001299,None,,,,,,,,,,,,,,,u-2_50,"001",2025-10-01_15h06.40.147,Motor sequence Learning task_Recent_Experiment_Tutorial 4_Urvashi Bhansali_AU2320139,,2025.2.0,None,2025-10-01 15h06.40.172993 +0530,
150,v,157,1,39,v,1,0.24941758299974026,None,,,,,39,1,157,1,,,,,348.6749598329998,,348.66507424999963,348.6749598329998,349.6604785419995,349.6604785419995,349.6604785419995,349.6604785419995,349.6677859169995,350.6605647919996,350.6605647919996,350.9120355829991,v,1,0.24941758299974026,None,,,,,,,,,,,,,,,u-2_50,"001",2025-10-01_15h06.40.147,Motor sequence Learning task_Recent_Experiment_Tutorial 4_Urvashi Bhansali_AU2320139,,2025.2.0,None,2025-10-01 15h06.40.172993 +0530,
50,c,158,2,39,c,1,0.34313112500058196,None,,,,,39,2,158,2,,,,,350.92278570799954,,350.9125988329997,350.92278570799954,351.9106648749994,351.9106648749994,351.9106648749994,351.9106648749994,351.9180244169993,352.91049808299977,352.91049808299977,353.2626877499997,c,1,0.34313112500058196,None,,,,,,,,,,,,,,,u-2_50,"001",2025-10-01_15h06.40.147,Motor sequence Learning task_Recent_Experiment_Tutorial 4_Urvashi Bhansali_AU2320139,,2025.2.0,None,2025-10-01 15h06.40.172993 +0530,
-150,z,159,3,39,z,1,0.6029357910001636,None,,,,,39,3,159,3,,,,,353.27334037499986,,353.26331649999975,353.27334037499986,354.26062154199917,354.26062154199917,354.26062154199917,354.26062154199917,354.26795808299994,355.25292241699935,355.25292241699935,355.86271533299987,z,1,0.6029357910001636,None,,,,,,,,,,,,,,,u-2_50,"001",2025-10-01_15h06.40.147,Motor sequence Learning task_Recent_Experiment_Tutorial 4_Urvashi Bhansali_AU2320139,,2025.2.0,None,2025-10-01 15h06.40.172993 +0530,
-50,x,160,0,40,x,1,0.6844278739999936,None,,,,,40,0,160,0,,,,,355.8736640829993,,355.8633965829995,355.8736640829993,356.8604941249996,356.8604941249996,356.8604941249996,356.8604941249996,356.8682737499994,357.8604850419997,357.8604850419997,358.552703458,x,1,0.6844278739999936,None,,,,,,,,,,,,,,,u-2_50,"001",2025-10-01_15h06.40.147,Motor sequence Learning task_Recent_Experiment_Tutorial 4_Urvashi Bhansali_AU2320139,,2025.2.0,None,2025-10-01 15h06.40.172993 +0530,
150,v,161,1,40,v,1,0.29782616600004985,None,,,,,40,1,161,1,,,,,358.56432479199975,,358.5531928749997,358.56432479199975,359.5524324169992,359.5524324169992,359.5524324169992,359.5524324169992,359.5605094579996,360.55298049999965,360.55298049999965,360.8530027079996,v,1,0.29782616600004985,None,,,,,,,,,,,,,,,u-2_50,"001",2025-10-01_15h06.40.147,Motor sequence Learning task_Recent_Experiment_Tutorial 4_Urvashi Bhansali_AU2320139,,2025.2.0,None,2025-10-01 15h06.40.172993 +0530,
50,c,162,2,40,c,1,0.21800504200018622,None,,,,,40,2,162,2,,,,,360.864397583,,360.8535231249998,360.864397583,361.8517345,361.8517345,361.8517345,361.8517345,361.8609024169991,362.8516917499992,362.8516917499992,363.0788222499996,c,1,0.21800504200018622,None,,,,,,,,,,,,,,,u-2_50,"001",2025-10-01_15h06.40.147,Motor sequence Learning task_Recent_Experiment_Tutorial 4_Urvashi Bhansali_AU2320139,,2025.2.0,None,2025-10-01 15h06.40.172993 +0530,
-150,z,163,3,40,z,1,0.42011162500057253,None,,,,,40,3,163,3,,,,,363.0891605829993,,363.0793660419995,363.0891605829993,364.0773150829991,364.0773150829991,364.0773150829991,364.0773150829991,364.08473129199956,365.0686715419997,365.0686715419997,365.4960689999998,z,1,0.42011162500057253,None,,,,,,,,,,,,,,,u-2_50,"001",2025-10-01_15h06.40.147,Motor sequence Learning task_Recent_Experiment_Tutorial 4_Urvashi Bhansali_AU2320139,,2025.2.0,None,2025-10-01 15h06.40.172993 +0530,
-50,x,164,0,41,x,1,0.3848424999996496,None,,,,,41,0,164,0,,,,,365.5119799999993,,365.4966259169996,365.5119799999993,366.4941255419999,366.4941255419999,366.4941255419999,366.4941255419999,366.5106466669995,367.4937647079996,367.4937647079996,367.8859541669999,x,1,0.3848424999996496,None,,,,,,,,,,,,,,,u-2_50,"001",2025-10-01_15h06.40.147,Motor sequence Learning task_Recent_Experiment_Tutorial 4_Urvashi Bhansali_AU2320139,,2025.2.0,None,2025-10-01 15h06.40.172993 +0530,
150,v,165,1,41,v,1,0.4244117500002176,None,,,,,41,1,165,1,,,,,367.89724583299994,,367.8864671249994,367.89724583299994,368.88529429199934,368.88529429199934,368.88529429199934,368.88529429199934,368.89392424999915,369.8771889999998,369.8771889999998,370.31212658299955,v,1,0.4244117500002176,None,,,,,,,,,,,,,,,u-2_50,"001",2025-10-01_15h06.40.147,Motor sequence Learning task_Recent_Experiment_Tutorial 4_Urvashi Bhansali_AU2320139,,2025.2.0,None,2025-10-01 15h06.40.172993 +0530,
50,c,166,2,41,c,1,0.4984339579996231,None,,,,,41,2,166,2,,,,,370.322583958,,370.3127179999992,370.322583958,371.31047537499944,371.31047537499944,371.31047537499944,371.31047537499944,371.31849908299955,372.3020622919994,372.3020622919994,372.80300799999986,c,1,0.4984339579996231,None,,,,,,,,,,,,,,,u-2_50,"001",2025-10-01_15h06.40.147,Motor sequence Learning task_Recent_Experiment_Tutorial 4_Urvashi Bhansali_AU2320139,,2025.2.0,None,2025-10-01 15h06.40.172993 +0530,
-150,z,167,3,41,z,1,0.6088516669997261,None,,,,,41,3,167,3,,,,,372.81460874999993,,372.8035719169993,372.81460874999993,373.7940179999996,373.7940179999996,373.7940179999996,373.7940179999996,373.81082154199976,374.8015502499993,374.8015502499993,375.4120178329995,z,1,0.6088516669997261,None,,,,,,,,,,,,,,,u-2_50,"001",2025-10-01_15h06.40.147,Motor sequence Learning task_Recent_Experiment_Tutorial 4_Urvashi Bhansali_AU2320139,,2025.2.0,None,2025-10-01 15h06.40.172993 +0530,
-50,x,168,0,42,x,1,0.02583091599990439,None,,,,,42,0,168,0,,,,,375.42255766699964,,375.4125332499998,375.42255766699964,376.4111609579995,376.4111609579995,376.4111609579995,376.4111609579995,376.4185304579996,377.4106402079997,377.4106402079997,377.4455068749994,x,1,0.02583091599990439,None,,,,,,,,,,,,,,,u-2_50,"001",2025-10-01_15h06.40.147,Motor sequence Learning task_Recent_Experiment_Tutorial 4_Urvashi Bhansali_AU2320139,,2025.2.0,None,2025-10-01 15h06.40.172993 +0530,
150,v,169,1,42,v,1,0.4216147079996517,None,,,,,42,1,169,1,,,,,377.4559019999997,,377.4460053749999,377.4559019999997,378.4439152499999,378.4439152499999,378.4439152499999,378.4439152499999,378.45132295799976,379.44380208299935,379.44380208299935,379.86930912499975,v,1,0.4216147079996517,None,,,,,,,,,,,,,,,u-2_50,"001",2025-10-01_15h06.40.147,Motor sequence Learning task_Recent_Experiment_Tutorial 4_Urvashi Bhansali_AU2320139,,2025.2.0,None,2025-10-01 15h06.40.172993 +0530,
50,c,170,2,42,c,1,0.3214633329998833,None,,,,,42,2,170,2,,,,,379.88116187499963,,379.8698347919999,379.88116187499963,380.86051675,380.86051675,380.86051675,380.86051675,380.87779687499915,381.86087833299916,381.86087833299916,382.1868268749995,c,1,0.3214633329998833,None,,,,,,,,,,,,,,,u-2_50,"001",2025-10-01_15h06.40.147,Motor sequence Learning task_Recent_Experiment_Tutorial 4_Urvashi Bhansali_AU2320139,,2025.2.0,None,2025-10-01 15h06.40.172993 +0530,
-150,z,171,3,42,z,1,0.243038040999636,None,,,,,42,3,171,3,,,,,382.1977619579993,,382.187520208,382.1977619579993,383.1953351249995,383.1953351249995,383.1953351249995,383.1953351249995,383.2015716249998,384.1852101249997,384.1852101249997,384.43637404199944,z,1,0.243038040999636,None,,,,,,,,,,,,,,,u-2_50,"001",2025-10-01_15h06.40.147,Motor sequence Learning task_Recent_Experiment_Tutorial 4_Urvashi Bhansali_AU2320139,,2025.2.0,None,2025-10-01 15h06.40.172993 +0530,
-50,x,172,0,43,x,1,0.28367333300047903,None,,,,,43,0,172,0,,,,,384.4474794579992,,384.4368864169992,384.4474794579992,385.4361802499998,385.4361802499998,385.4361802499998,385.4361802499998,385.4617836669995,386.4355779999996,386.4355779999996,386.7470051249993,x,1,0.28367333300047903,None,,,,,,,,,,,,,,,u-2_50,"001",2025-10-01_15h06.40.147,Motor sequence Learning task_Recent_Experiment_Tutorial 4_Urvashi Bhansali_AU2320139,,2025.2.0,None,2025-10-01 15h06.40.172993 +0530,
150,v,173,1,43,v,1,0.13472120799997356,None,,,,,43,1,173,1,,,,,386.7608669579995,,386.74783345799915,386.7608669579995,387.7442312919993,387.7442312919993,387.7442312919993,387.7442312919993,387.75149237499954,388.74446154199995,388.74446154199995,388.88613754199923,v,1,0.13472120799997356,None,,,,,,,,,,,,,,,u-2_50,"001",2025-10-01_15h06.40.147,Motor sequence Learning task_Recent_Experiment_Tutorial 4_Urvashi Bhansali_AU2320139,,2025.2.0,None,2025-10-01 15h06.40.172993 +0530,
50,c,174,2,43,c,1,0.25957512500008306,None,,,,,43,2,174,2,,,,,388.8970516669997,,388.88669754199964,388.8970516669997,389.88523433299997,389.88523433299997,389.88523433299997,389.88523433299997,389.89451366699996,390.88454795799953,390.88454795799953,391.1456746669992,c,1,0.25957512500008306,None,,,,,,,,,,,,,,,u-2_50,"001",2025-10-01_15h06.40.147,Motor sequence Learning task_Recent_Experiment_Tutorial 4_Urvashi Bhansali_AU2320139,,2025.2.0,None,2025-10-01 15h06.40.172993 +0530,
-150,z,175,3,43,z,1,1.0210784579994652,None,,,,,43,3,175,3,,,,,391.15494258299987,,391.1461502079992,391.15494258299987,392.1437958329998,392.1437958329998,392.1437958329998,392.1437958329998,392.1512918749995,393.1440004999995,393.1440004999995,394.1703164999999,z,1,1.0210784579994652,None,,,,,,,,,,,,,,,u-2_50,"001",2025-10-01_15h06.40.147,Motor sequence Learning task_Recent_Experiment_Tutorial 4_Urvashi Bhansali_AU2320139,,2025.2.0,None,2025-10-01 15h06.40.172993 +0530,
-50,x,176,0,44,x,1,0.1627569169995695,None,,,,,44,0,176,0,,,,,394.18132545799926,,394.17084924999926,394.18132545799926,395.1695243749991,395.1695243749991,395.1695243749991,395.1695243749991,395.1952877499998,396.1683031249995,396.1683031249995,396.33615862499937,x,1,0.1627569169995695,None,,,,,,,,,,,,,,,u-2_50,"001",2025-10-01_15h06.40.147,Motor sequence Learning task_Recent_Experiment_Tutorial 4_Urvashi Bhansali_AU2320139,,2025.2.0,None,2025-10-01 15h06.40.172993 +0530,
150,v,177,1,44,v,1,0.10738474900063011,None,,,,,44,1,177,1,,,,,396.34721720799917,,396.33666616699975,396.34721720799917,397.3356705419992,397.3356705419992,397.3356705419992,397.3356705419992,397.34468108299916,398.3355671249992,398.3355671249992,398.4453476669996,v,1,0.10738474900063011,None,,,,,,,,,,,,,,,u-2_50,"001",2025-10-01_15h06.40.147,Motor sequence Learning task_Recent_Experiment_Tutorial 4_Urvashi Bhansali_AU2320139,,2025.2.0,None,2025-10-01 15h06.40.172993 +0530,
50,c,178,2,44,c,1,0.3029790000000503,None,,,,,44,2,178,2,,,,,398.45549429199946,,398.4458418329996,398.45549429199946,399.4437418329999,399.4437418329999,399.4437418329999,399.4437418329999,399.4509562079993,400.4439639579996,400.4439639579996,400.753493792,c,1,0.3029790000000503,None,,,,,,,,,,,,,,,u-2_50,"001",2025-10-01_15h06.40.147,Motor sequence Learning task_Recent_Experiment_Tutorial 4_Urvashi Bhansali_AU2320139,,2025.2.0,None,2025-10-01 15h06.40.172993 +0530,
-150,z,179,3,44,z,1,0.2687756659997831,None,,,,,44,3,179,3,,,,,400.76438662499913,,400.75402991699957,400.76438662499913,401.75204058299914,401.75204058299914,401.75204058299914,401.75204058299914,401.76164591699944,402.7521421669999,402.7521421669999,403.0286274579994,z,1,0.2687756659997831,None,,,,,,,,,,,,,,,u-2_50,"001",2025-10-01_15h06.40.147,Motor sequence Learning task_Recent_Experiment_Tutorial 4_Urvashi Bhansali_AU2320139,,2025.2.0,None,2025-10-01 15h06.40.172993 +0530,
-50,x,180,0,45,x,1,0.3176111660004608,None,,,,,45,0,180,0,,,,,403.0388627079992,,403.0291313329999,403.0388627079992,404.01851758299927,404.01851758299927,404.01851758299927,404.01851758299927,404.0342459169997,405.02717416699943,405.02717416699943,405.3527881249993,x,1,0.3176111660004608,None,,,,,,,,,,,,,,,u-2_50,"001",2025-10-01_15h06.40.147,Motor sequence Learning task_Recent_Experiment_Tutorial 4_Urvashi Bhansali_AU2320139,,2025.2.0,None,2025-10-01 15h06.40.172993 +0530,
150,v,181,1,45,v,1,0.21751320800012763,None,,,,,45,1,181,1,,,,,405.364060375,,405.3533406249999,405.364060375,406.35231895799916,406.35231895799916,406.35231895799916,406.35231895799916,406.3786659169991,407.35130341699914,407.35130341699914,407.5820153329996,v,1,0.21751320800012763,None,,,,,,,,,,,,,,,u-2_50,"001",2025-10-01_15h06.40.147,Motor sequence Learning task_Recent_Experiment_Tutorial 4_Urvashi Bhansali_AU2320139,,2025.2.0,None,2025-10-01 15h06.40.172993 +0530,
50,c,182,2,45,c,1,0.6632829579993995,None,,,,,45,2,182,2,,,,,407.59523208299925,,407.58248687499963,407.59523208299925,408.5770395419995,408.5770395419995,408.5770395419995,408.5770395419995,408.5939102079992,409.5773039579999,409.5773039579999,410.24622691699915,c,1,0.6632829579993995,None,,,,,,,,,,,,,,,u-2_50,"001",2025-10-01_15h06.40.147,Motor sequence Learning task_Recent_Experiment_Tutorial 4_Urvashi Bhansali_AU2320139,,2025.2.0,None,2025-10-01 15h06.40.172993 +0530,
-150,z,183,3,45,z,1,0.15394974900027592,None,,,,,45,3,183,3,,,,,410.25741995799945,,410.24693220799963,410.25741995799945,411.2439952499999,411.2439952499999,411.2439952499999,411.2439952499999,411.2515558749992,412.2437339169992,412.2437339169992,412.4027527919998,z,1,0.15394974900027592,None,,,,,,,,,,,,,,,u-2_50,"001",2025-10-01_15h06.40.147,Motor sequence Learning task_Recent_Experiment_Tutorial 4_Urvashi Bhansali_AU2320139,,2025.2.0,None,2025-10-01 15h06.40.172993 +0530,
-50,x,184,0,46,x,1,0.016375790999518358,None,,,,,46,0,184,0,,,,,412.41395320799984,,412.4033012079999,412.41395320799984,413.4015838329997,413.4015838329997,413.4015838329997,413.4015838329997,413.41061629199976,414.40338045799945,414.40338045799945,414.4300409999996,x,1,0.016375790999518358,None,,,,,,,,,,,,,,,u-2_50,"001",2025-10-01_15h06.40.147,Motor sequence Learning task_Recent_Experiment_Tutorial 4_Urvashi Bhansali_AU2320139,,2025.2.0,None,2025-10-01 15h06.40.172993 +0530,
150,v,185,1,46,v,1,0.6182984160004708,None,,,,,46,1,185,1,,,,,414.4405219169994,,414.4306061669995,414.4405219169994,415.4271881249997,415.4271881249997,415.4271881249997,415.4271881249997,415.43463962499936,416.4271783329996,416.4271783329996,417.05255620799926,v,1,0.6182984160004708,None,,,,,,,,,,,,,,,u-2_50,"001",2025-10-01_15h06.40.147,Motor sequence Learning task_Recent_Experiment_Tutorial 4_Urvashi Bhansali_AU2320139,,2025.2.0,None,2025-10-01 15h06.40.172993 +0530,
50,c,186,2,46,c,1,0.7398967910003194,None,,,,,46,2,186,2,,,,,417.07912804199987,,417.052953417,417.07912804199987,418.05139045799933,418.05139045799933,418.05139045799933,418.05139045799933,418.0774348749992,419.0437549999997,419.0437549999997,419.7866637499992,c,1,0.7398967910003194,None,,,,,,,,,,,,,,,u-2_50,"001",2025-10-01_15h06.40.147,Motor sequence Learning task_Recent_Experiment_Tutorial 4_Urvashi Bhansali_AU2320139,,2025.2.0,None,2025-10-01 15h06.40.172993 +0530,
-150,z,187,3,46,z,1,0.9010158330002014,None,,,,,46,3,187,3,,,,,419.7975067079997,,419.78714845799914,419.7975067079997,420.784789542,420.784789542,420.784789542,420.784789542,420.79452137499993,421.7853891249997,421.7853891249997,422.6959321249997,z,1,0.9010158330002014,None,,,,,,,,,,,,,,,u-2_50,"001",2025-10-01_15h06.40.147,Motor sequence Learning task_Recent_Experiment_Tutorial 4_Urvashi Bhansali_AU2320139,,2025.2.0,None,2025-10-01 15h06.40.172993 +0530,
-50,x,188,0,47,x,1,0.803693583000495,None,,,,,47,0,188,0,,,,,422.70604000000003,,422.69650145799915,422.70604000000003,423.69378295799925,423.69378295799925,423.69378295799925,423.69378295799925,423.7012668749994,424.69373041699964,424.69373041699964,425.50288754199937,x,1,0.803693583000495,None,,,,,,,,,,,,,,,u-2_50,"001",2025-10-01_15h06.40.147,Motor sequence Learning task_Recent_Experiment_Tutorial 4_Urvashi Bhansali_AU2320139,,2025.2.0,None,2025-10-01 15h06.40.172993 +0530,
150,v,189,1,47,v,1,1.1909007080002993,None,,,,,47,1,189,1,,,,,425.5139764579999,,425.5034165419993,425.5139764579999,426.5019028329998,426.5019028329998,426.5019028329998,426.5019028329998,426.5105413749998,427.5023972079998,427.5023972079998,428.6953547079993,v,1,1.1909007080002993,None,,,,,,,,,,,,,,,u-2_50,"001",2025-10-01_15h06.40.147,Motor sequence Learning task_Recent_Experiment_Tutorial 4_Urvashi Bhansali_AU2320139,,2025.2.0,None,2025-10-01 15h06.40.172993 +0530,
50,c,190,2,47,c,1,1.0326503750002303,None,,,,,47,2,190,2,,,,,428.70598399999926,,428.69587791699996,428.70598399999926,429.6937114169996,429.6937114169996,429.6937114169996,429.6937114169996,429.7011228749998,430.68556849999914,430.68556849999914,431.7291084169992,c,1,1.0326503750002303,None,,,,,,,,,,,,,,,u-2_50,"001",2025-10-01_15h06.40.147,Motor sequence Learning task_Recent_Experiment_Tutorial 4_Urvashi Bhansali_AU2320139,,2025.2.0,None,2025-10-01 15h06.40.172993 +0530,
-150,z,191,3,47,z,1,1.6759722500000862,None,,,,,47,3,191,3,,,,,431.74022808299924,,431.7297167079996,431.74022808299924,432.72710633299994,432.72710633299994,432.72710633299994,432.72710633299994,432.73464024999976,433.72715358299956,433.72715358299956,435.41256112499923,z,1,1.6759722500000862,None,,,,,,,,,,,,,,,u-2_50,"001",2025-10-01_15h06.40.147,Motor sequence Learning task_Recent_Experiment_Tutorial 4_Urvashi Bhansali_AU2320139,,2025.2.0,None,2025-10-01 15h06.40.172993 +0530,
-50,x,192,0,48,x,1,1.4078729579996434,None,,,,,48,0,192,0,,,,,435.4237976249997,,435.41312024999934,435.4237976249997,436.4116166669992,436.4116166669992,436.4116166669992,436.4116166669992,436.41880237499936,437.41109912499996,437.41109912499996,438.82039583299957,x,1,1.4078729579996434,None,,,,,,,,,,,,,,,u-2_50,"001",2025-10-01_15h06.40.147,Motor sequence Learning task_Recent_Experiment_Tutorial 4_Urvashi Bhansali_AU2320139,,2025.2.0,None,2025-10-01 15h06.40.172993 +0530,
150,v,193,1,48,v,1,2.9378604160001487,None,,,,,48,1,193,1,,,,,438.8312361249991,,438.8211457079997,438.8312361249991,439.8182082919993,439.8182082919993,439.8182082919993,439.8182082919993,439.82726654199996,440.8183197499993,440.8183197499993,443.76241816699985,v,1,2.9378604160001487,None,,,,,,,,,,,,,,,u-2_50,"001",2025-10-01_15h06.40.147,Motor sequence Learning task_Recent_Experiment_Tutorial 4_Urvashi Bhansali_AU2320139,,2025.2.0,None,2025-10-01 15h06.40.172993 +0530,
50,c,194,2,48,c,1,1.7830477910001719,None,,,,,48,2,194,2,,,,,443.7733364169999,,443.7630183749998,443.7733364169999,444.7603738329999,444.7603738329999,444.7603738329999,444.7603738329999,444.76766058299927,445.7605628749998,445.7605628749998,447.54582808299983,c,1,1.7830477910001719,None,,,,,,,,,,,,,,,u-2_50,"001",2025-10-01_15h06.40.147,Motor sequence Learning task_Recent_Experiment_Tutorial 4_Urvashi Bhansali_AU2320139,,2025.2.0,None,2025-10-01 15h06.40.172993 +0530,
-150,z,195,3,48,z,1,1.4237701669999296,None,,,,,48,3,195,3,,,,,447.5574516249999,,447.5465635829996,447.5574516249999,448.54385574999924,448.54385574999924,448.54385574999924,448.54385574999924,448.55167554199943,449.54375012499986,449.54375012499986,450.96905649999917,z,1,1.4237701669999296,None,,,,,,,,,,,,,,,u-2_50,"001",2025-10-01_15h06.40.147,Motor sequence Learning task_Recent_Experiment_Tutorial 4_Urvashi Bhansali_AU2320139,,2025.2.0,None,2025-10-01 15h06.40.172993 +0530,
-50,x,196,0,49,x,1,0.9302138329994705,None,,,,,49,0,196,0,,,,,450.9808827499992,,450.9695953749997,450.9808827499992,451.96926695799993,451.96926695799993,451.96926695799993,451.96926695799993,451.9770151249995,452.96825783299937,452.96825783299937,453.9026733749997,x,1,0.9302138329994705,None,,,,,,,,,,,,,,,u-2_50,"001",2025-10-01_15h06.40.147,Motor sequence Learning task_Recent_Experiment_Tutorial 4_Urvashi Bhansali_AU2320139,,2025.2.0,None,2025-10-01 15h06.40.172993 +0530,
150,v,197,1,49,v,1,1.6137189990004117,None,,,,,49,1,197,1,,,,,453.9145884169993,,453.90319562499917,453.9145884169993,454.8944194579999,454.8944194579999,454.8944194579999,454.8944194579999,454.91049187499993,455.90176724999947,455.90176724999947,457.51943033299995,v,1,1.6137189990004117,None,,,,,,,,,,,,,,,u-2_50,"001",2025-10-01_15h06.40.147,Motor sequence Learning task_Recent_Experiment_Tutorial 4_Urvashi Bhansali_AU2320139,,2025.2.0,None,2025-10-01 15h06.40.172993 +0530,
50,c,198,2,49,c,1,2.704596874999879,None,,,,,49,2,198,2,,,,,457.5315327919998,,457.5199802919997,457.5315327919998,458.5105430419999,458.5105430419999,458.5105430419999,458.5105430419999,458.527062958,459.5287103749997,459.5287103749997,462.2365670829995,c,1,2.704596874999879,None,,,,,,,,,,,,,,,u-2_50,"001",2025-10-01_15h06.40.147,Motor sequence Learning task_Recent_Experiment_Tutorial 4_Urvashi Bhansali_AU2320139,,2025.2.0,None,2025-10-01 15h06.40.172993 +0530,
-150,z,199,3,49,z,1,1.127617666000333,None,,,,,49,3,199,3,,,,,462.24822954199954,,462.2374118329999,462.24822954199954,463.23502695799925,463.23502695799925,463.23502695799925,463.23502695799925,463.2438462499995,464.2352654999995,464.2352654999995,465.36955645799935,z,1,1.127617666000333,None,,,,,,,,,,,,,,,u-2_50,"001",2025-10-01_15h06.40.147,Motor sequence Learning task_Recent_Experiment_Tutorial 4_Urvashi Bhansali_AU2320139,,2025.2.0,None,2025-10-01 15h06.40.172993 +0530,
-50,x,0,0,0,,,,,x,1,0.7882376240004305,None,,,,,0,0,0,0,465.3990385829993,,,,,,,,,,,,,,,,465.39028849999977,465.3990385829993,466.37209016699944,466.37209016699944,466.37209016699944,466.37209016699944,466.40116299999954,467.3685784999998,467.3685784999998,468.1623613749998,x,1,0.7882376240004305,None,u-2_50,"001",2025-10-01_15h06.40.147,Motor sequence Learning task_Recent_Experiment_Tutorial 4_Urvashi Bhansali_AU2320139,,2025.2.0,None,2025-10-01 15h06.40.172993 +0530,
50,c,1,1,0,,,,,c,1,0.8493868750001639,None,,,,,0,1,1,2,468.17286729199986,,,,,,,,,,,,,,,,468.1629425829997,468.17286729199986,469.1603065829995,469.1603065829995,469.1603065829995,469.1603065829995,469.1679635419996,470.1602636669995,470.1602636669995,471.0117076669994,c,1,0.8493868750001639,None,u-2_50,"001",2025-10-01_15h06.40.147,Motor sequence Learning task_Recent_Experiment_Tutorial 4_Urvashi Bhansali_AU2320139,,2025.2.0,None,2025-10-01 15h06.40.172993 +0530,
150,v,2,2,0,,,,,v,1,1.0892149159999462,None,,,,,0,2,2,1,471.02308316699964,,,,,,,,,,,,,,,,471.01227608299996,471.02308316699964,472.01035774999946,472.01035774999946,472.01035774999946,472.01035774999946,472.0176034999995,473.01038683299976,473.01038683299976,474.1027431249995,v,1,1.0892149159999462,None,u-2_50,"001",2025-10-01_15h06.40.147,Motor sequence Learning task_Recent_Experiment_Tutorial 4_Urvashi Bhansali_AU2320139,,2025.2.0,None,2025-10-01 15h06.40.172993 +0530,
-150,z,3,3,0,,,,,z,1,0.45346854200033704,None,,,,,0,3,3,3,474.1144050419998,,,,,,,,,,,,,,,,474.10330641699966,474.1144050419998,475.1026315829995,475.1026315829995,475.1026315829995,475.1026315829995,475.11365920799926,476.1010503329999,476.1010503329999,476.5619564999997,z,1,0.45346854200033704,None,u-2_50,"001",2025-10-01_15h06.40.147,Motor sequence Learning task_Recent_Experiment_Tutorial 4_Urvashi Bhansali_AU2320139,,2025.2.0,None,2025-10-01 15h06.40.172993 +0530,
150,v,4,0,1,,,,,v,1,0.24010554199958278,None,,,,,1,0,4,1,476.57274679199963,,,,,,,,,,,,,,,,476.56248154199966,476.57274679199963,477.56028279199927,477.56028279199927,477.56028279199927,477.56028279199927,477.56772270799956,478.56033725,478.56033725,478.80305979199966,v,1,0.24010554199958278,None,u-2_50,"001",2025-10-01_15h06.40.147,Motor sequence Learning task_Recent_Experiment_Tutorial 4_Urvashi Bhansali_AU2320139,,2025.2.0,None,2025-10-01 15h06.40.172993 +0530,
-50,x,5,1,1,,,,,x,1,0.35223095800029114,None,,,,,1,1,5,0,478.8145584999993,,,,,,,,,,,,,,,,478.80362437499934,478.8145584999993,479.80206862499927,479.80206862499927,479.80206862499927,479.80206862499927,479.8111145419998,480.80227079199994,480.80227079199994,481.16207249999934,x,1,0.35223095800029114,None,u-2_50,"001",2025-10-01_15h06.40.147,Motor sequence Learning task_Recent_Experiment_Tutorial 4_Urvashi Bhansali_AU2320139,,2025.2.0,None,2025-10-01 15h06.40.172993 +0530,
-150,z,6,2,1,,,,,z,1,0.8562170409995815,None,,,,,1,2,6,3,481.1737447919995,,,,,,,,,,,,,,,,481.16268370799935,481.1737447919995,482.1603314999993,482.1603314999993,482.1603314999993,482.1603314999993,482.16820237499996,483.160266375,483.160266375,484.02123004199984,z,1,0.8562170409995815,None,u-2_50,"001",2025-10-01_15h06.40.147,Motor sequence Learning task_Recent_Experiment_Tutorial 4_Urvashi Bhansali_AU2320139,,2025.2.0,None,2025-10-01 15h06.40.172993 +0530,
50,c,7,3,1,,,,,c,1,0.8430888329994559,None,,,,,1,3,7,2,484.0450688329993,,,,,,,,,,,,,,,,484.02168229199924,484.0450688329993,485.01849154199954,485.01849154199954,485.01849154199954,485.01849154199954,485.0438617079999,486.01826883299964,486.01826883299964,486.8691807079995,c,1,0.8430888329994559,None,u-2_50,"001",2025-10-01_15h06.40.147,Motor sequence Learning task_Recent_Experiment_Tutorial 4_Urvashi Bhansali_AU2320139,,2025.2.0,None,2025-10-01 15h06.40.172993 +0530,
50,c,8,0,2,,,,,c,1,0.44237562400030583,None,,,,,2,0,8,2,486.8949548749997,,,,,,,,,,,,,,,,486.8697301249995,486.8949548749997,487.86842999999953,487.86842999999953,487.86842999999953,487.86842999999953,487.89382733299954,488.86784245799936,488.86784245799936,489.31193583299955,c,1,0.44237562400030583,None,u-2_50,"001",2025-10-01_15h06.40.147,Motor sequence Learning task_Recent_Experiment_Tutorial 4_Urvashi Bhansali_AU2320139,,2025.2.0,None,2025-10-01 15h06.40.172993 +0530,
-150,z,9,1,2,,,,,z,1,0.8487531240007229,None,,,,,2,1,9,3,489.3220624579999,,,,,,,,,,,,,,,,489.31243820799955,489.3220624579999,490.31071158299983,490.31071158299983,490.31071158299983,490.31071158299983,490.3179589169995,491.3105550829996,491.3105550829996,492.16227399999934,z,1,0.8487531240007229,None,u-2_50,"001",2025-10-01_15h06.40.147,Motor sequence Learning task_Recent_Experiment_Tutorial 4_Urvashi Bhansali_AU2320139,,2025.2.0,None,2025-10-01 15h06.40.172993 +0530,
-50,x,10,2,2,,,,,x,1,0.6087161249997735,None,,,,,2,2,10,0,492.17317583299973,,,,,,,,,,,,,,,,492.1629537079998,492.17317583299973,493.16037074999986,493.16037074999986,493.16037074999986,493.16037074999986,493.1682308749996,494.16041287499957,494.16041287499957,494.7786687079997,x,1,0.6087161249997735,None,u-2_50,"001",2025-10-01_15h06.40.147,Motor sequence Learning task_Recent_Experiment_Tutorial 4_Urvashi Bhansali_AU2320139,,2025.2.0,None,2025-10-01 15h06.40.172993 +0530,
150,v,11,3,2,,,,,v,1,0.8020750409996253,None,,,,,2,3,11,1,494.788660917,,,,,,,,,,,,,,,,494.7791898329997,494.788660917,495.7769404999999,495.7769404999999,495.7769404999999,495.7769404999999,495.78412854199996,496.7769035829997,496.7769035829997,497.5860847919994,v,1,0.8020750409996253,None,u-2_50,"001",2025-10-01_15h06.40.147,Motor sequence Learning task_Recent_Experiment_Tutorial 4_Urvashi Bhansali_AU2320139,,2025.2.0,None,2025-10-01 15h06.40.172993 +0530,
-50,x,12,0,3,,,,,x,1,0.6308455830003368,None,,,,,3,0,12,0,497.5973402919999,,,,,,,,,,,,,,,,497.58660533299917,497.5973402919999,498.58515058299963,498.58515058299963,498.58515058299963,498.58515058299963,498.59400512499997,499.5841936249999,499.5841936249999,500.21938316699925,x,1,0.6308455830003368,None,u-2_50,"001",2025-10-01_15h06.40.147,Motor sequence Learning task_Recent_Experiment_Tutorial 4_Urvashi Bhansali_AU2320139,,2025.2.0,None,2025-10-01 15h06.40.172993 +0530,
-150,z,13,1,3,,,,,z,1,1.047237666000001,None,,,,,3,1,13,3,500.23060816699945,,,,,,,,,,,,,,,,500.2199031249993,500.23060816699945,501.21832845799963,501.21832845799963,501.21832845799963,501.21832845799963,501.227094375,502.2187582919996,502.2187582919996,503.27991074999954,z,1,1.047237666000001,None,u-2_50,"001",2025-10-01_15h06.40.147,Motor sequence Learning task_Recent_Experiment_Tutorial 4_Urvashi Bhansali_AU2320139,,2025.2.0,None,2025-10-01 15h06.40.172993 +0530,
150,v,14,2,3,,,,,v,1,0.7618447080003534,None,,,,,3,2,14,1,503.28917083299984,,,,,,,,,,,,,,,,503.28042583299975,503.28917083299984,504.2770749579995,504.2770749579995,504.2770749579995,504.2770749579995,504.2846409169997,505.27709841699925,505.27709841699925,506.0452174999991,v,1,0.7618447080003534,None,u-2_50,"001",2025-10-01_15h06.40.147,Motor sequence Learning task_Recent_Experiment_Tutorial 4_Urvashi Bhansali_AU2320139,,2025.2.0,None,2025-10-01 15h06.40.172993 +0530,
50,c,15,3,3,,,,,c,1,0.7729342080001516,None,,,,,3,3,15,2,506.05508775,,,,,,,,,,,,,,,,506.04572970799927,506.05508775,507.043696875,507.043696875,507.043696875,507.043696875,507.051117125,508.0437704999995,508.0437704999995,508.81924054199953,c,1,0.7729342080001516,None,u-2_50,"001",2025-10-01_15h06.40.147,Motor sequence Learning task_Recent_Experiment_Tutorial 4_Urvashi Bhansali_AU2320139,,2025.2.0,None,2025-10-01 15h06.40.172993 +0530,
-50,x,16,0,4,,,,,x,1,0.7816335830002572,None,,,,,4,0,16,0,508.8454224999996,,,,,,,,,,,,,,,,508.8197559169994,508.8454224999996,509.8182734999991,509.8182734999991,509.8182734999991,509.8182734999991,509.8439591669994,510.8180767919994,510.8180767919994,511.6024616249997,x,1,0.7816335830002572,None,u-2_50,"001",2025-10-01_15h06.40.147,Motor sequence Learning task_Recent_Experiment_Tutorial 4_Urvashi Bhansali_AU2320139,,2025.2.0,None,2025-10-01 15h06.40.172993 +0530,
-150,z,17,1,4,,,,,z,1,1.1219562080004835,None,,,,,4,1,17,3,511.61070174999986,,,,,,,,,,,,,,,,511.6029334169998,511.61070174999986,512.5935609999997,512.5935609999997,512.5935609999997,512.5935609999997,512.6008120419992,513.6017456669997,513.6017456669997,514.7465040419993,z,1,1.1219562080004835,None,u-2_50,"001",2025-10-01_15h06.40.147,Motor sequence Learning task_Recent_Experiment_Tutorial 4_Urvashi Bhansali_AU2320139,,2025.2.0,None,2025-10-01 15h06.40.172993 +0530,
50,c,18,2,4,,,,,c,1,0.9287987079997038,None,,,,,4,2,18,2,514.7618822919994,,,,,,,,,,,,,,,,514.7470525829995,514.7618822919994,515.7436392499994,515.7436392499994,515.7436392499994,515.7436392499994,515.7604866669999,516.7436473329999,516.7436473329999,517.6797409999999,c,1,0.9287987079997038,None,u-2_50,"001",2025-10-01_15h06.40.147,Motor sequence Learning task_Recent_Experiment_Tutorial 4_Urvashi Bhansali_AU2320139,,2025.2.0,None,2025-10-01 15h06.40.172993 +0530,
150,v,19,3,4,,,,,v,1,0.7654083329998684,None,,,,,4,3,19,1,517.6907320829996,,,,,,,,,,,,,,,,517.6803492919998,517.6907320829996,518.676961833,518.676961833,518.676961833,518.676961833,518.6843790419998,519.6771382919997,519.6771382919997,520.4452168749995,v,1,0.7654083329998684,None,u-2_50,"001",2025-10-01_15h06.40.147,Motor sequence Learning task_Recent_Experiment_Tutorial 4_Urvashi Bhansali_AU2320139,,2025.2.0,None,2025-10-01 15h06.40.172993 +0530,
150,v,20,0,5,,,,,v,1,0.6653474579998147,None,,,,,5,0,20,1,520.456867375,,,,,,,,,,,,,,,,520.4457507499992,520.456867375,521.4437023329992,521.4437023329992,521.4437023329992,521.4437023329992,521.4510502079993,522.4363501669995,522.4363501669995,523.1119418749995,v,1,0.6653474579998147,None,u-2_50,"001",2025-10-01_15h06.40.147,Motor sequence Learning task_Recent_Experiment_Tutorial 4_Urvashi Bhansali_AU2320139,,2025.2.0,None,2025-10-01 15h06.40.172993 +0530,
50,c,21,1,5,,,,,c,1,0.7570583329998044,None,,,,,5,1,21,2,523.123369125,,,,,,,,,,,,,,,,523.1125435419999,523.123369125,524.1102942499992,524.1102942499992,524.1102942499992,524.1102942499992,524.1175501669995,525.1103812919991,525.1103812919991,525.8689722079998,c,1,0.7570583329998044,None,u-2_50,"001",2025-10-01_15h06.40.147,Motor sequence Learning task_Recent_Experiment_Tutorial 4_Urvashi Bhansali_AU2320139,,2025.2.0,None,2025-10-01 15h06.40.172993 +0530,
-50,x,22,2,5,,,,,x,1,0.8707269989999986,None,,,,,5,2,22,0,525.8811552919997,,,,,,,,,,,,,,,,525.8695329999991,525.8811552919997,526.8682307499994,526.8682307499994,526.8682307499994,526.8682307499994,526.8770674169991,527.8686037499992,527.8686037499992,528.7451025829996,x,1,0.8707269989999986,None,u-2_50,"001",2025-10-01_15h06.40.147,Motor sequence Learning task_Recent_Experiment_Tutorial 4_Urvashi Bhansali_AU2320139,,2025.2.0,None,2025-10-01 15h06.40.172993 +0530,
-150,z,23,3,5,,,,,z,1,0.8798026670001491,None,,,,,5,3,23,3,528.7562598329996,,,,,,,,,,,,,,,,528.7456260829995,528.7562598329996,529.7435529579998,529.7435529579998,529.7435529579998,529.7435529579998,529.7509857079995,530.7435431669992,530.7435431669992,531.6286758749993,z,1,0.8798026670001491,None,u-2_50,"001",2025-10-01_15h06.40.147,Motor sequence Learning task_Recent_Experiment_Tutorial 4_Urvashi Bhansali_AU2320139,,2025.2.0,None,2025-10-01 15h06.40.172993 +0530,
150,v,24,0,6,,,,,v,1,0.7413725830001567,None,,,,,6,0,24,1,531.6400586249993,,,,,,,,,,,,,,,,531.6293541669993,531.6400586249993,532.6271348749997,532.6271348749997,532.6271348749997,532.6271348749997,532.6345993749992,533.6268651669998,533.6268651669998,534.3699607499993,v,1,0.7413725830001567,None,u-2_50,"001",2025-10-01_15h06.40.147,Motor sequence Learning task_Recent_Experiment_Tutorial 4_Urvashi Bhansali_AU2320139,,2025.2.0,None,2025-10-01 15h06.40.172993 +0530,
50,c,25,1,6,,,,,c,1,0.8262286240005778,None,,,,,6,1,25,2,534.3812298329995,,,,,,,,,,,,,,,,534.370565833,534.3812298329995,535.3686559999996,535.3686559999996,535.3686559999996,535.3686559999996,535.3771319169991,536.36788325,536.36788325,537.2027042499994,c,1,0.8262286240005778,None,u-2_50,"001",2025-10-01_15h06.40.147,Motor sequence Learning task_Recent_Experiment_Tutorial 4_Urvashi Bhansali_AU2320139,,2025.2.0,None,2025-10-01 15h06.40.172993 +0530,
-50,x,26,2,6,,,,,x,1,0.6718222909994438,None,,,,,6,2,26,0,537.2144264999997,,,,,,,,,,,,,,,,537.2032984579992,537.2144264999997,538.202062458,538.202062458,538.202062458,538.202062458,538.2106102919997,539.2013659169997,539.2013659169997,539.880639,x,1,0.6718222909994438,None,u-2_50,"001",2025-10-01_15h06.40.147,Motor sequence Learning task_Recent_Experiment_Tutorial 4_Urvashi Bhansali_AU2320139,,2025.2.0,None,2025-10-01 15h06.40.172993 +0530,
-150,z,27,3,6,,,,,z,1,0.6180859999994937,None,,,,,6,3,27,3,539.893557417,,,,,,,,,,,,,,,,539.8817333749994,539.893557417,540.8770117079994,540.8770117079994,540.8770117079994,540.8770117079994,540.8842773749993,541.8768623749993,541.8768623749993,542.5029139999997,z,1,0.6180859999994937,None,u-2_50,"001",2025-10-01_15h06.40.147,Motor sequence Learning task_Recent_Experiment_Tutorial 4_Urvashi Bhansali_AU2320139,,2025.2.0,None,2025-10-01 15h06.40.172993 +0530,
150,v,28,0,7,,,,,v,1,0.9992591250002079,None,,,,,7,0,28,1,542.5139738329999,,,,,,,,,,,,,,,,542.5034654169995,542.5139738329999,543.5018724579995,543.5018724579995,543.5018724579995,543.5018724579995,543.5104160419996,544.5017946669996,544.5017946669996,545.502905583,v,1,0.9992591250002079,None,u-2_50,"001",2025-10-01_15h06.40.147,Motor sequence Learning task_Recent_Experiment_Tutorial 4_Urvashi Bhansali_AU2320139,,2025.2.0,None,2025-10-01 15h06.40.172993 +0530,
50,c,29,1,7,,,,,c,1,0.40130841600057465,None,,,,,7,1,29,2,545.5141774579997,,,,,,,,,,,,,,,,545.5034042919997,545.5141774579997,546.5021104579992,546.5021104579992,546.5021104579992,546.5021104579992,546.5106317919999,547.5015235419996,547.5015235419996,547.9117689579998,c,1,0.40130841600057465,None,u-2_50,"001",2025-10-01_15h06.40.147,Motor sequence Learning task_Recent_Experiment_Tutorial 4_Urvashi Bhansali_AU2320139,,2025.2.0,None,2025-10-01 15h06.40.172993 +0530,
-150,z,30,2,7,,,,,z,1,0.7387274160000743,None,,,,,7,2,30,3,547.9214639169995,,,,,,,,,,,,,,,,547.9122834579994,547.9214639169995,548.9101237499999,548.9101237499999,548.9101237499999,548.9101237499999,548.9175060829994,549.910144083,549.910144083,550.6526492079993,z,1,0.7387274160000743,None,u-2_50,"001",2025-10-01_15h06.40.147,Motor sequence Learning task_Recent_Experiment_Tutorial 4_Urvashi Bhansali_AU2320139,,2025.2.0,None,2025-10-01 15h06.40.172993 +0530,
-50,x,31,3,7,,,,,x,1,0.7588191670001834,None,,,,,7,3,31,0,550.6640580829999,,,,,,,,,,,,,,,,550.653306708,550.6640580829999,551.6435777079996,551.6435777079996,551.6435777079996,551.6435777079996,551.6603668749995,552.6518637499994,552.6518637499994,553.4232029169998,x,1,0.7588191670001834,None,u-2_50,"001",2025-10-01_15h06.40.147,Motor sequence Learning task_Recent_Experiment_Tutorial 4_Urvashi Bhansali_AU2320139,,2025.2.0,None,2025-10-01 15h06.40.172993 +0530,
50,c,32,0,8,,,,,c,1,0.7222596669998893,None,,,,,8,0,32,2,553.4316367919992,,,,,,,,,,,,,,,,553.423737958,553.4316367919992,554.4186789999994,554.4186789999994,554.4186789999994,554.4186789999994,554.4450501249994,555.4183596249995,555.4183596249995,556.1451793749993,c,1,0.7222596669998893,None,u-2_50,"001",2025-10-01_15h06.40.147,Motor sequence Learning task_Recent_Experiment_Tutorial 4_Urvashi Bhansali_AU2320139,,2025.2.0,None,2025-10-01 15h06.40.172993 +0530,
-50,x,33,1,8,,,,,x,1,0.6780810410000413,None,,,,,8,1,33,0,556.1556559999999,,,,,,,,,,,,,,,,556.1457496249996,556.1556559999999,557.1437676669993,557.1437676669993,557.1437676669993,557.1437676669993,557.1510673749999,558.1435509999992,558.1435509999992,558.828448583,x,1,0.6780810410000413,None,u-2_50,"001",2025-10-01_15h06.40.147,Motor sequence Learning task_Recent_Experiment_Tutorial 4_Urvashi Bhansali_AU2320139,,2025.2.0,None,2025-10-01 15h06.40.172993 +0530,
150,v,34,2,8,,,,,v,1,0.7936499990000812,None,,,,,8,2,34,1,558.8386452079994,,,,,,,,,,,,,,,,558.8289993749995,558.8386452079994,559.826776375,559.826776375,559.826776375,559.826776375,559.8347450829997,560.8268732079996,560.8268732079996,561.6285479579992,v,1,0.7936499990000812,None,u-2_50,"001",2025-10-01_15h06.40.147,Motor sequence Learning task_Recent_Experiment_Tutorial 4_Urvashi Bhansali_AU2320139,,2025.2.0,None,2025-10-01 15h06.40.172993 +0530,
-150,z,35,3,8,,,,,z,1,0.7127350000000661,None,,,,,8,3,35,3,561.6389659999995,,,,,,,,,,,,,,,,561.6290947919997,561.6389659999995,562.626852417,562.626852417,562.626852417,562.626852417,562.6345617079996,563.6267392499994,563.6267392499994,564.3452216669994,z,1,0.7127350000000661,None,u-2_50,"001",2025-10-01_15h06.40.147,Motor sequence Learning task_Recent_Experiment_Tutorial 4_Urvashi Bhansali_AU2320139,,2025.2.0,None,2025-10-01 15h06.40.172993 +0530,
-50,x,36,0,9,,,,,x,1,0.742757291000089,None,,,,,9,0,36,0,564.3555517919995,,,,,,,,,,,,,,,,564.3457389999994,564.3555517919995,565.3435654579998,565.3435654579998,565.3435654579998,565.3435654579998,565.3510718749994,566.3616901249998,566.3616901249998,567.1117705419992,x,1,0.742757291000089,None,u-2_50,"001",2025-10-01_15h06.40.147,Motor sequence Learning task_Recent_Experiment_Tutorial 4_Urvashi Bhansali_AU2320139,,2025.2.0,None,2025-10-01 15h06.40.172993 +0530,
50,c,37,1,9,,,,,c,1,0.6332980829993176,None,,,,,9,1,37,2,567.121981667,,,,,,,,,,,,,,,,567.1123041669998,567.121981667,568.1101158329993,568.1101158329993,568.1101158329993,568.1101158329993,568.1181013749992,569.1100742919998,569.1100742919998,569.7627899579993,c,1,0.6332980829993176,None,u-2_50,"001",2025-10-01_15h06.40.147,Motor sequence Learning task_Recent_Experiment_Tutorial 4_Urvashi Bhansali_AU2320139,,2025.2.0,None,2025-10-01 15h06.40.172993 +0530,
-150,z,38,2,9,,,,,z,1,0.6601336249996166,None,,,,,9,2,38,3,569.7784781669998,,,,,,,,,,,,,,,,569.7632319169998,569.7784781669998,570.760114875,570.760114875,570.760114875,570.760114875,570.7780157919997,571.7601942919991,571.7601942919991,572.4285045419992,z,1,0.6601336249996166,None,u-2_50,"001",2025-10-01_15h06.40.147,Motor sequence Learning task_Recent_Experiment_Tutorial 4_Urvashi Bhansali_AU2320139,,2025.2.0,None,2025-10-01 15h06.40.172993 +0530,
150,v,39,3,9,,,,,v,1,0.9039499580003394,None,,,,,9,3,39,1,572.4387618749997,,,,,,,,,,,,,,,,572.4290647079997,572.4387618749997,573.4269307919994,573.4269307919994,573.4269307919994,573.4269307919994,573.4346073749994,574.4272945419998,574.4272945419998,575.3361936249994,v,1,0.9039499580003394,None,u-2_50,"001",2025-10-01_15h06.40.147,Motor sequence Learning task_Recent_Experiment_Tutorial 4_Urvashi Bhansali_AU2320139,,2025.2.0,None,2025-10-01 15h06.40.172993 +0530,
-150,z,40,0,10,,,,,z,1,1.284492499999942,None,,,,,10,0,40,3,575.3479448329999,,,,,,,,,,,,,,,,575.3369666669996,575.3479448329999,576.3354938329994,576.3354938329994,576.3354938329994,576.3354938329994,576.3434525419998,577.3617363329995,577.3617363329995,578.6527819169996,z,1,1.284492499999942,None,u-2_50,"001",2025-10-01_15h06.40.147,Motor sequence Learning task_Recent_Experiment_Tutorial 4_Urvashi Bhansali_AU2320139,,2025.2.0,None,2025-10-01 15h06.40.172993 +0530,
-50,x,41,1,10,,,,,x,1,0.43754258300032234,None,,,,,10,1,41,0,578.6641307919999,,,,,,,,,,,,,,,,578.653355292,578.6641307919999,579.6514739999993,579.6514739999993,579.6514739999993,579.6514739999993,579.6611091669993,580.6515667499998,580.6515667499998,581.0958051669995,x,1,0.43754258300032234,None,u-2_50,"001",2025-10-01_15h06.40.147,Motor sequence Learning task_Recent_Experiment_Tutorial 4_Urvashi Bhansali_AU2320139,,2025.2.0,None,2025-10-01 15h06.40.172993 +0530,
50,c,42,2,10,,,,,c,1,0.6664796660006687,None,,,,,10,2,42,2,581.106426458,,,,,,,,,,,,,,,,581.0964060419992,581.106426458,582.0934447499994,582.0934447499994,582.0934447499994,582.0934447499994,582.1018178749991,583.09353775,583.09353775,583.7623717499991,c,1,0.6664796660006687,None,u-2_50,"001",2025-10-01_15h06.40.147,Motor sequence Learning task_Recent_Experiment_Tutorial 4_Urvashi Bhansali_AU2320139,,2025.2.0,None,2025-10-01 15h06.40.172993 +0530,
150,v,43,3,10,,,,,v,1,0.6439092079999682,None,,,,,10,3,43,1,583.7749381669992,,,,,,,,,,,,,,,,583.7629674169993,583.7749381669992,584.7601999579992,584.7601999579992,584.7601999579992,584.7601999579992,584.7677111249996,585.7601435829993,585.7601435829993,586.4116937499994,v,1,0.6439092079999682,None,u-2_50,"001",2025-10-01_15h06.40.147,Motor sequence Learning task_Recent_Experiment_Tutorial 4_Urvashi Bhansali_AU2320139,,2025.2.0,None,2025-10-01 15h06.40.172993 +0530,
150,v,44,0,11,,,,,v,1,0.8717820410001877,None,,,,,11,0,44,1,586.4235524999995,,,,,,,,,,,,,,,,586.4122792919998,586.4235524999995,587.4104945829995,587.4104945829995,587.4104945829995,587.4104945829995,587.4175977499999,588.4101185419995,588.4101185419995,589.2861531669996,v,1,0.8717820410001877,None,u-2_50,"001",2025-10-01_15h06.40.147,Motor sequence Learning task_Recent_Experiment_Tutorial 4_Urvashi Bhansali_AU2320139,,2025.2.0,None,2025-10-01 15h06.40.172993 +0530,
50,c,45,1,11,,,,,c,1,0.8129820409994863,None,,,,,11,1,45,2,589.2977819999996,,,,,,,,,,,,,,,,589.2869203749997,589.2977819999996,590.2852867499996,590.2852867499996,590.2852867499996,590.2852867499996,590.2942819999998,591.2848243749995,591.2848243749995,592.1028279169996,c,1,0.8129820409994863,None,u-2_50,"001",2025-10-01_15h06.40.147,Motor sequence Learning task_Recent_Experiment_Tutorial 4_Urvashi Bhansali_AU2320139,,2025.2.0,None,2025-10-01 15h06.40.172993 +0530,
-150,z,46,2,11,,,,,z,1,0.7800435409999409,None,,,,,11,2,46,3,592.1145144999991,,,,,,,,,,,,,,,,592.1033761249992,592.1145144999991,593.1016832079995,593.1016832079995,593.1016832079995,593.1016832079995,593.1103033329991,594.1018053749995,594.1018053749995,594.886306333,z,1,0.7800435409999409,None,u-2_50,"001",2025-10-01_15h06.40.147,Motor sequence Learning task_Recent_Experiment_Tutorial 4_Urvashi Bhansali_AU2320139,,2025.2.0,None,2025-10-01 15h06.40.172993 +0530,
-50,x,47,3,11,,,,,x,1,0.6096648749999076,None,,,,,11,3,47,0,594.8981852079996,,,,,,,,,,,,,,,,594.8868481669997,594.8981852079996,595.8844976249993,595.8844976249993,595.8844976249993,595.8844976249993,595.8934782919996,596.884991375,596.884991375,597.5028964999992,x,1,0.6096648749999076,None,u-2_50,"001",2025-10-01_15h06.40.147,Motor sequence Learning task_Recent_Experiment_Tutorial 4_Urvashi Bhansali_AU2320139,,2025.2.0,None,2025-10-01 15h06.40.172993 +0530,
150,v,48,0,12,,,,,v,1,0.38706100000035804,None,,,,,12,0,48,1,597.5135668749999,,,,,,,,,,,,,,,,597.5034530419998,597.5135668749999,598.5018608329992,598.5018608329992,598.5018608329992,598.5018608329992,598.5102176249993,599.5016485829992,599.5016485829992,599.8953087919999,v,1,0.38706100000035804,None,u-2_50,"001",2025-10-01_15h06.40.147,Motor sequence Learning task_Recent_Experiment_Tutorial 4_Urvashi Bhansali_AU2320139,,2025.2.0,None,2025-10-01 15h06.40.172993 +0530,
-150,z,49,1,12,,,,,z,1,0.7491938749999463,None,,,,,12,1,49,3,599.9078361249994,,,,,,,,,,,,,,,,599.8958903329994,599.9078361249994,600.8935230419993,600.8935230419993,600.8935230419993,600.8935230419993,600.9010955829999,601.8934678329997,601.8934678329997,602.6458989999992,z,1,0.7491938749999463,None,u-2_50,"001",2025-10-01_15h06.40.147,Motor sequence Learning task_Recent_Experiment_Tutorial 4_Urvashi Bhansali_AU2320139,,2025.2.0,None,2025-10-01 15h06.40.172993 +0530,
50,c,50,2,12,,,,,c,1,0.6821603739999773,None,,,,,12,2,50,2,602.6576742079997,,,,,,,,,,,,,,,,602.6465419999995,602.6576742079997,603.6437781249997,603.6437781249997,603.6437781249997,603.6437781249997,603.6513319579999,604.643409667,604.643409667,605.3284532499993,c,1,0.6821603739999773,None,u-2_50,"001",2025-10-01_15h06.40.147,Motor sequence Learning task_Recent_Experiment_Tutorial 4_Urvashi Bhansali_AU2320139,,2025.2.0,None,2025-10-01 15h06.40.172993 +0530,
-50,x,51,3,12,,,,,x,1,0.5896003749994634,None,,,,,12,3,51,0,605.3401049999993,,,,,,,,,,,,,,,,605.3289963329998,605.3401049999993,606.3268162499999,606.3268162499999,606.3268162499999,606.3268162499999,606.3342920829991,607.3269649579997,607.3269649579997,607.9296014579995,x,1,0.5896003749994634,None,u-2_50,"001",2025-10-01_15h06.40.147,Motor sequence Learning task_Recent_Experiment_Tutorial 4_Urvashi Bhansali_AU2320139,,2025.2.0,None,2025-10-01 15h06.40.172993 +0530,
50,c,52,0,13,,,,,c,1,0.6258529999995517,None,,,,,13,0,52,2,607.9435969999995,,,,,,,,,,,,,,,,607.9302102499996,607.9435969999995,608.9267252079999,608.9267252079999,608.9267252079999,608.9267252079999,608.9334192919996,609.9276532079994,609.9276532079994,610.5617405829998,c,1,0.6258529999995517,None,u-2_50,"001",2025-10-01_15h06.40.147,Motor sequence Learning task_Recent_Experiment_Tutorial 4_Urvashi Bhansali_AU2320139,,2025.2.0,None,2025-10-01 15h06.40.172993 +0530,
-50,x,53,1,13,,,,,x,1,0.998224874000698,None,,,,,13,1,53,0,610.5734224579992,,,,,,,,,,,,,,,,610.5622927919994,610.5734224579992,611.5600631249999,611.5600631249999,611.5600631249999,611.5600631249999,611.5679342499998,612.5600445829996,612.5600445829996,613.5621289169994,x,1,0.998224874000698,None,u-2_50,"001",2025-10-01_15h06.40.147,Motor sequence Learning task_Recent_Experiment_Tutorial 4_Urvashi Bhansali_AU2320139,,2025.2.0,None,2025-10-01 15h06.40.172993 +0530,
150,v,54,2,13,,,,,v,1,0.7121621659998709,None,,,,,13,2,54,1,613.5738954169992,,,,,,,,,,,,,,,,613.5628561669992,613.5738954169992,614.5601451249995,614.5601451249995,614.5601451249995,614.5601451249995,614.5673229169997,615.5600724579999,615.5600724579999,616.2791499579998,v,1,0.7121621659998709,None,u-2_50,"001",2025-10-01_15h06.40.147,Motor sequence Learning task_Recent_Experiment_Tutorial 4_Urvashi Bhansali_AU2320139,,2025.2.0,None,2025-10-01 15h06.40.172993 +0530,
-150,z,55,3,13,,,,,z,1,0.894510457999786,None,,,,,13,3,55,3,616.2947940419999,,,,,,,,,,,,,,,,616.2797166249993,616.2947940419999,617.2767289579997,617.2767289579997,617.2767289579997,617.2767289579997,617.293582583,618.2766954579993,618.2766954579993,619.1790231669993,z,1,0.894510457999786,None,u-2_50,"001",2025-10-01_15h06.40.147,Motor sequence Learning task_Recent_Experiment_Tutorial 4_Urvashi Bhansali_AU2320139,,2025.2.0,None,2025-10-01 15h06.40.172993 +0530,
50,c,56,0,14,,,,,c,1,1.7032974160001686,None,,,,,14,0,56,2,619.1903280829993,,,,,,,,,,,,,,,,619.1796283329995,619.1903280829993,620.1767498749996,620.1767498749996,620.1767498749996,620.1767498749996,620.1843276249992,621.1767781249991,621.1767781249991,622.8857211669992,c,1,1.7032974160001686,None,u-2_50,"001",2025-10-01_15h06.40.147,Motor sequence Learning task_Recent_Experiment_Tutorial 4_Urvashi Bhansali_AU2320139,,2025.2.0,None,2025-10-01 15h06.40.172993 +0530,
-50,x,57,1,14,,,,,x,1,0.8143048330002784,None,,,,,14,1,57,0,622.8978404579993,,,,,,,,,,,,,,,,622.8862716249996,622.8978404579993,623.8845194999994,623.8845194999994,623.8845194999994,623.8845194999994,623.8936205829996,624.8768109579996,624.8768109579996,625.6951696249998,x,1,0.8143048330002784,None,u-2_50,"001",2025-10-01_15h06.40.147,Motor sequence Learning task_Recent_Experiment_Tutorial 4_Urvashi Bhansali_AU2320139,,2025.2.0,None,2025-10-01 15h06.40.172993 +0530,
-150,z,58,2,14,,,,,z,1,0.7386312079997879,None,,,,,14,2,58,3,625.7066040829995,,,,,,,,,,,,,,,,625.6957862079998,625.7066040829995,626.6934956249997,626.6934956249997,626.6934956249997,626.6934956249997,626.7010728329997,627.693516583,627.693516583,628.4468592919993,z,1,0.7386312079997879,None,u-2_50,"001",2025-10-01_15h06.40.147,Motor sequence Learning task_Recent_Experiment_Tutorial 4_Urvashi Bhansali_AU2320139,,2025.2.0,None,2025-10-01 15h06.40.172993 +0530,
150,v,59,3,14,,,,,v,1,2.0204882489997544,None,,,,,14,3,59,1,628.4585622499999,,,,,,,,,,,,,,,,628.4477184579991,628.4585622499999,629.4433543749992,629.4433543749992,629.4433543749992,629.4433543749992,629.4506904169994,630.4434464579999,630.4434464579999,632.4692715419997,v,1,2.0204882489997544,None,u-2_50,"001",2025-10-01_15h06.40.147,Motor sequence Learning task_Recent_Experiment_Tutorial 4_Urvashi Bhansali_AU2320139,,2025.2.0,None,2025-10-01 15h06.40.172993 +0530,
150,v,60,0,15,,,,,v,1,1.2252969579994897,None,,,,,15,0,60,1,632.4807603329991,,,,,,,,,,,,,,,,632.4698575419998,632.4807603329991,633.4688202499992,633.4688202499992,633.4688202499992,633.4688202499992,633.4767246669999,634.4675520419996,634.4675520419996,635.6950152079999,v,1,1.2252969579994897,None,u-2_50,"001",2025-10-01_15h06.40.147,Motor sequence Learning task_Recent_Experiment_Tutorial 4_Urvashi Bhansali_AU2320139,,2025.2.0,None,2025-10-01 15h06.40.172993 +0530,
-150,z,61,1,15,,,,,z,1,0.9173557920003077,None,,,,,15,1,61,3,635.7065821249998,,,,,,,,,,,,,,,,635.695544792,635.7065821249998,636.6936807079992,636.6936807079992,636.6936807079992,636.6936807079992,636.7009149579999,637.6933214169994,637.6933214169994,638.6300899579992,z,1,0.9173557920003077,None,u-2_50,"001",2025-10-01_15h06.40.147,Motor sequence Learning task_Recent_Experiment_Tutorial 4_Urvashi Bhansali_AU2320139,,2025.2.0,None,2025-10-01 15h06.40.172993 +0530,
-50,x,62,2,15,,,,,x,1,0.7089120829996318,None,,,,,15,2,62,0,638.6433597079995,,,,,,,,,,,,,,,,638.6309260419994,638.6433597079995,639.6269166669999,639.6269166669999,639.6269166669999,639.6269166669999,639.6343133749997,640.6268103329994,640.6268103329994,641.345128125,x,1,0.7089120829996318,None,u-2_50,"001",2025-10-01_15h06.40.147,Motor sequence Learning task_Recent_Experiment_Tutorial 4_Urvashi Bhansali_AU2320139,,2025.2.0,None,2025-10-01 15h06.40.172993 +0530,
50,c,63,3,15,,,,,c,1,0.6612818330004302,None,,,,,15,3,63,2,641.3564609999994,,,,,,,,,,,,,,,,641.345751375,641.3564609999994,642.3433905829997,642.3433905829997,642.3433905829997,642.3433905829997,642.3508989579996,643.3352845419995,643.3352845419995,644.0031409169997,c,1,0.6612818330004302,None,u-2_50,"001",2025-10-01_15h06.40.147,Motor sequence Learning task_Recent_Experiment_Tutorial 4_Urvashi Bhansali_AU2320139,,2025.2.0,None,2025-10-01 15h06.40.172993 +0530,
-50,x,64,0,16,,,,,x,1,0.7356568750001315,None,,,,,16,0,64,0,644.0145158329997,,,,,,,,,,,,,,,,644.0037074579996,644.0145158329997,645.0002519169993,645.0002519169993,645.0002519169993,645.0002519169993,645.010116208,646.0019094579993,646.0019094579993,646.7455142079998,x,1,0.7356568750001315,None,u-2_50,"001",2025-10-01_15h06.40.147,Motor sequence Learning task_Recent_Experiment_Tutorial 4_Urvashi Bhansali_AU2320139,,2025.2.0,None,2025-10-01 15h06.40.172993 +0530,
50,c,65,1,16,,,,,c,1,0.9630804160005937,None,,,,,16,1,65,2,646.7572904999997,,,,,,,,,,,,,,,,646.7461038749998,646.7572904999997,647.7433981249997,647.7433981249997,647.7433981249997,647.7433981249997,647.7509260419993,648.7433218329998,648.7433218329998,649.711559458,c,1,0.9630804160005937,None,u-2_50,"001",2025-10-01_15h06.40.147,Motor sequence Learning task_Recent_Experiment_Tutorial 4_Urvashi Bhansali_AU2320139,,2025.2.0,None,2025-10-01 15h06.40.172993 +0530,
150,v,66,2,16,,,,,v,1,0.6991717079999944,None,,,,,16,2,66,1,649.7233367499994,,,,,,,,,,,,,,,,649.7120905829997,649.7233367499994,650.7100560419995,650.7100560419995,650.7100560419995,650.7100560419995,650.7174709579995,651.7102085829993,651.7102085829993,652.4118434579996,v,1,0.6991717079999944,None,u-2_50,"001",2025-10-01_15h06.40.147,Motor sequence Learning task_Recent_Experiment_Tutorial 4_Urvashi Bhansali_AU2320139,,2025.2.0,None,2025-10-01 15h06.40.172993 +0530,
-150,z,67,3,16,,,,,z,1,0.7933644160002586,None,,,,,16,3,67,3,652.423998583,,,,,,,,,,,,,,,,652.4125657919994,652.423998583,653.4100198749993,653.4100198749993,653.4100198749993,653.4100198749993,653.4174343749992,654.4100502499996,654.4100502499996,655.211664208,z,1,0.7933644160002586,None,u-2_50,"001",2025-10-01_15h06.40.147,Motor sequence Learning task_Recent_Experiment_Tutorial 4_Urvashi Bhansali_AU2320139,,2025.2.0,None,2025-10-01 15h06.40.172993 +0530,
150,v,68,0,17,,,,,v,1,0.7876642080000238,None,,,,,17,0,68,1,655.2232280419994,,,,,,,,,,,,,,,,655.2122656669999,655.2232280419994,656.2012955829996,656.2012955829996,656.2012955829996,656.2012955829996,656.2174655829995,657.2019366669992,657.2019366669992,657.9951384169999,v,1,0.7876642080000238,None,u-2_50,"001",2025-10-01_15h06.40.147,Motor sequence Learning task_Recent_Experiment_Tutorial 4_Urvashi Bhansali_AU2320139,,2025.2.0,None,2025-10-01 15h06.40.172993 +0530,
-50,x,69,1,17,,,,,x,1,0.687853749000169,None,,,,,17,1,69,0,658.0070014169996,,,,,,,,,,,,,,,,657.9957710829995,658.0070014169996,658.9934275419992,658.9934275419992,658.9934275419992,658.9934275419992,659.0007079999996,659.9934234579996,659.9934234579996,660.6859160829999,x,1,0.687853749000169,None,u-2_50,"001",2025-10-01_15h06.40.147,Motor sequence Learning task_Recent_Experiment_Tutorial 4_Urvashi Bhansali_AU2320139,,2025.2.0,None,2025-10-01 15h06.40.172993 +0530,
50,c,70,2,17,,,,,c,1,0.7064301250002245,None,,,,,17,2,70,2,660.6977615419992,,,,,,,,,,,,,,,,660.6864715829997,660.6977615419992,661.684478833,661.684478833,661.684478833,661.684478833,661.693688542,662.6847764999993,662.6847764999993,663.4129402499993,c,1,0.7064301250002245,None,u-2_50,"001",2025-10-01_15h06.40.147,Motor sequence Learning task_Recent_Experiment_Tutorial 4_Urvashi Bhansali_AU2320139,,2025.2.0,None,2025-10-01 15h06.40.172993 +0530,
-150,z,71,3,17,,,,,z,1,0.748094458000196,None,,,,,17,3,71,3,663.4270056669993,,,,,,,,,,,,,,,,663.4135753749997,663.4270056669993,664.4100939579994,664.4100939579994,664.4100939579994,664.4100939579994,664.417520125,665.4100087079996,665.4100087079996,666.163801875,z,1,0.748094458000196,None,u-2_50,"001",2025-10-01_15h06.40.147,Motor sequence Learning task_Recent_Experiment_Tutorial 4_Urvashi Bhansali_AU2320139,,2025.2.0,None,2025-10-01 15h06.40.172993 +0530,
-150,z,72,0,18,,,,,z,1,0.6000357920001989,None,,,,,18,0,72,3,666.1776025829995,,,,,,,,,,,,,,,,666.1643932919997,666.1776025829995,667.1599814169995,667.1599814169995,667.1599814169995,667.1599814169995,667.168026458,668.1599567919993,668.1599567919993,668.7616290829992,z,1,0.6000357920001989,None,u-2_50,"001",2025-10-01_15h06.40.147,Motor sequence Learning task_Recent_Experiment_Tutorial 4_Urvashi Bhansali_AU2320139,,2025.2.0,None,2025-10-01 15h06.40.172993 +0530,
150,v,73,1,18,,,,,v,1,0.982928708000145,None,,,,,18,1,73,1,668.7733435829996,,,,,,,,,,,,,,,,668.7621656249994,668.7733435829996,669.7521150829998,669.7521150829998,669.7521150829998,669.7521150829998,669.7950496669991,670.7600577919993,670.7600577919993,671.7453340829998,v,1,0.982928708000145,None,u-2_50,"001",2025-10-01_15h06.40.147,Motor sequence Learning task_Recent_Experiment_Tutorial 4_Urvashi Bhansali_AU2320139,,2025.2.0,None,2025-10-01 15h06.40.172993 +0530,
50,c,74,2,18,,,,,c,1,0.7903082500006349,None,,,,,18,2,74,2,671.7574881249993,,,,,,,,,,,,,,,,671.746022583,671.7574881249993,672.7434592919999,672.7434592919999,672.7434592919999,672.7434592919999,672.7508328329995,673.7433138749993,673.7433138749993,674.5351385419999,c,1,0.7903082500006349,None,u-2_50,"001",2025-10-01_15h06.40.147,Motor sequence Learning task_Recent_Experiment_Tutorial 4_Urvashi Bhansali_AU2320139,,2025.2.0,None,2025-10-01 15h06.40.172993 +0530,
-50,x,75,3,18,,,,,x,1,0.7112409580004169,None,,,,,18,3,75,0,674.5471269579994,,,,,,,,,,,,,,,,674.5357105829999,674.5471269579994,675.5266556249999,675.5266556249999,675.5266556249999,675.5266556249999,675.5445762499994,676.5266683329992,676.5266683329992,677.2449495419996,x,1,0.7112409580004169,None,u-2_50,"001",2025-10-01_15h06.40.147,Motor sequence Learning task_Recent_Experiment_Tutorial 4_Urvashi Bhansali_AU2320139,,2025.2.0,None,2025-10-01 15h06.40.172993 +0530,
50,c,76,0,19,,,,,c,1,0.7105290420004167,None,,,,,19,0,76,2,677.2566003329994,,,,,,,,,,,,,,,,677.2454926249993,677.2566003329994,678.243282292,678.243282292,678.243282292,678.243282292,678.2512643749997,679.2432940419994,679.2432940419994,679.9616743749993,c,1,0.7105290420004167,None,u-2_50,"001",2025-10-01_15h06.40.147,Motor sequence Learning task_Recent_Experiment_Tutorial 4_Urvashi Bhansali_AU2320139,,2025.2.0,None,2025-10-01 15h06.40.172993 +0530,
-150,z,77,1,19,,,,,z,1,0.7915882500001317,None,,,,,19,1,77,3,679.9733083749998,,,,,,,,,,,,,,,,679.9622884169994,679.9733083749998,680.9599294999998,680.9599294999998,680.9599294999998,680.9599294999998,680.9674154999993,681.9612042919998,681.9612042919998,682.7636642919997,z,1,0.7915882500001317,None,u-2_50,"001",2025-10-01_15h06.40.147,Motor sequence Learning task_Recent_Experiment_Tutorial 4_Urvashi Bhansali_AU2320139,,2025.2.0,None,2025-10-01 15h06.40.172993 +0530,
150,v,78,2,19,,,,,v,1,0.7166114579995337,None,,,,,19,2,78,1,682.7767454169998,,,,,,,,,,,,,,,,682.7647969579994,682.7767454169998,683.7599632499996,683.7599632499996,683.7599632499996,683.7599632499996,683.7673530829998,684.7600468749997,684.7600468749997,685.4782843749999,v,1,0.7166114579995337,None,u-2_50,"001",2025-10-01_15h06.40.147,Motor sequence Learning task_Recent_Experiment_Tutorial 4_Urvashi Bhansali_AU2320139,,2025.2.0,None,2025-10-01 15h06.40.172993 +0530,
-50,x,79,3,19,,,,,x,1,0.9220237079998697,None,,,,,19,3,79,0,685.4898606669994,,,,,,,,,,,,,,,,685.4788145829998,685.4898606669994,686.4766696249999,686.4766696249999,686.4766696249999,686.4766696249999,686.4841685419997,687.4766292919994,687.4766292919994,688.4026064999998,x,1,0.9220237079998697,None,u-2_50,"001",2025-10-01_15h06.40.147,Motor sequence Learning task_Recent_Experiment_Tutorial 4_Urvashi Bhansali_AU2320139,,2025.2.0,None,2025-10-01 15h06.40.172993 +0530,
-150,z,80,0,20,,,,,z,1,0.7584800829999949,None,,,,,20,0,80,3,688.4144431669993,,,,,,,,,,,,,,,,688.4031771669997,688.4144431669993,689.40155375,689.40155375,689.40155375,689.40155375,689.4102778749993,690.4010119999994,690.4010119999994,691.1614051669994,z,1,0.7584800829999949,None,u-2_50,"001",2025-10-01_15h06.40.147,Motor sequence Learning task_Recent_Experiment_Tutorial 4_Urvashi Bhansali_AU2320139,,2025.2.0,None,2025-10-01 15h06.40.172993 +0530,
150,v,81,1,20,,,,,v,1,0.712545916999261,None,,,,,20,1,81,1,691.1734310829997,,,,,,,,,,,,,,,,691.1619335829992,691.1734310829997,692.1600337079999,692.1600337079999,692.1600337079999,692.1600337079999,692.1678992079997,693.159904917,693.159904917,693.8783272499995,v,1,0.712545916999261,None,u-2_50,"001",2025-10-01_15h06.40.147,Motor sequence Learning task_Recent_Experiment_Tutorial 4_Urvashi Bhansali_AU2320139,,2025.2.0,None,2025-10-01 15h06.40.172993 +0530,
-50,x,82,2,20,,,,,x,1,0.698754540999289,None,,,,,20,2,82,0,693.8897212079992,,,,,,,,,,,,,,,,693.8789127079999,693.8897212079992,694.8767225829997,694.8767225829997,694.8767225829997,694.8767225829997,694.8846986249991,695.8766932079998,695.8766932079998,696.5782249169997,x,1,0.698754540999289,None,u-2_50,"001",2025-10-01_15h06.40.147,Motor sequence Learning task_Recent_Experiment_Tutorial 4_Urvashi Bhansali_AU2320139,,2025.2.0,None,2025-10-01 15h06.40.172993 +0530,
50,c,83,3,20,,,,,c,1,1.0296436240005278,None,,,,,20,3,83,2,696.5898426249996,,,,,,,,,,,,,,,,696.5787585419994,696.5898426249996,697.5765956669993,697.5765956669993,697.5765956669993,697.5765956669993,697.5838686669995,698.5766206249991,698.5766206249991,699.6119631669999,c,1,1.0296436240005278,None,u-2_50,"001",2025-10-01_15h06.40.147,Motor sequence Learning task_Recent_Experiment_Tutorial 4_Urvashi Bhansali_AU2320139,,2025.2.0,None,2025-10-01 15h06.40.172993 +0530,
-150,z,84,0,21,,,,,z,1,0.7382404579993818,None,,,,,21,0,84,3,699.623823125,,,,,,,,,,,,,,,,699.6128013329999,699.623823125,700.6101497919999,700.6101497919999,700.6101497919999,700.6101497919999,700.617947875,701.6100410829995,701.6100410829995,702.352522917,z,1,0.7382404579993818,None,u-2_50,"001",2025-10-01_15h06.40.147,Motor sequence Learning task_Recent_Experiment_Tutorial 4_Urvashi Bhansali_AU2320139,,2025.2.0,None,2025-10-01 15h06.40.172993 +0530,
50,c,85,1,21,,,,,c,1,0.7026450000003024,None,,,,,21,1,85,2,702.3643733749996,,,,,,,,,,,,,,,,702.3531174579994,702.3643733749996,703.3507496249995,703.3507496249995,703.3507496249995,703.3507496249995,703.3600726669993,704.3516011669999,704.3516011669999,705.0620996669995,c,1,0.7026450000003024,None,u-2_50,"001",2025-10-01_15h06.40.147,Motor sequence Learning task_Recent_Experiment_Tutorial 4_Urvashi Bhansali_AU2320139,,2025.2.0,None,2025-10-01 15h06.40.172993 +0530,
150,v,86,2,21,,,,,v,1,0.7327810830001908,None,,,,,21,2,86,1,705.0737681669998,,,,,,,,,,,,,,,,705.0626939579997,705.0737681669998,706.0779871249997,706.0779871249997,706.0779871249997,706.0779871249997,706.0949299169997,707.0602836669996,707.0602836669996,707.7950417919992,v,1,0.7327810830001908,None,u-2_50,"001",2025-10-01_15h06.40.147,Motor sequence Learning task_Recent_Experiment_Tutorial 4_Urvashi Bhansali_AU2320139,,2025.2.0,None,2025-10-01 15h06.40.172993 +0530,
-50,x,87,3,21,,,,,x,1,0.824484124999799,None,,,,,21,3,87,0,707.8061990419992,,,,,,,,,,,,,,,,707.7955872499997,707.8061990419992,708.793254833,708.793254833,708.793254833,708.793254833,708.8005049999992,709.7934723749995,709.7934723749995,710.6283647499995,x,1,0.824484124999799,None,u-2_50,"001",2025-10-01_15h06.40.147,Motor sequence Learning task_Recent_Experiment_Tutorial 4_Urvashi Bhansali_AU2320139,,2025.2.0,None,2025-10-01 15h06.40.172993 +0530,
-150,z,88,0,22,,,,,z,1,0.5534535410006356,None,,,,,22,0,88,3,710.6403945829998,,,,,,,,,,,,,,,,710.6289566669993,710.6403945829998,711.6266509999996,711.6266509999996,711.6266509999996,711.6266509999996,711.6343863749998,712.6265360419993,712.6265360419993,713.1858402079997,z,1,0.5534535410006356,None,u-2_50,"001",2025-10-01_15h06.40.147,Motor sequence Learning task_Recent_Experiment_Tutorial 4_Urvashi Bhansali_AU2320139,,2025.2.0,None,2025-10-01 15h06.40.172993 +0530,
50,c,89,1,22,,,,,c,1,0.8879265420000593,None,,,,,22,1,89,2,713.1976261669997,,,,,,,,,,,,,,,,713.1864384579994,713.1976261669997,714.1843067499995,714.1843067499995,714.1843067499995,714.1843067499995,714.1935406249995,715.1850207919997,715.1850207919997,716.0783149579993,c,1,0.8879265420000593,None,u-2_50,"001",2025-10-01_15h06.40.147,Motor sequence Learning task_Recent_Experiment_Tutorial 4_Urvashi Bhansali_AU2320139,,2025.2.0,None,2025-10-01 15h06.40.172993 +0530,
-50,x,90,2,22,,,,,x,1,0.7551626249996843,None,,,,,22,2,90,0,716.0899649169996,,,,,,,,,,,,,,,,716.0788700829999,716.0899649169996,717.0768226669998,717.0768226669998,717.0768226669998,717.0768226669998,717.0844600419996,718.0766790419993,718.0766790419993,718.8361622919992,x,1,0.7551626249996843,None,u-2_50,"001",2025-10-01_15h06.40.147,Motor sequence Learning task_Recent_Experiment_Tutorial 4_Urvashi Bhansali_AU2320139,,2025.2.0,None,2025-10-01 15h06.40.172993 +0530,
150,v,91,3,22,,,,,v,1,0.9853714999999283,None,,,,,22,3,91,1,718.8476486669997,,,,,,,,,,,,,,,,718.8366735419995,718.8476486669997,719.8349372079992,719.8349372079992,719.8349372079992,719.8349372079992,719.844186458,720.8344869169996,720.8344869169996,721.8286949169997,v,1,0.9853714999999283,None,u-2_50,"001",2025-10-01_15h06.40.147,Motor sequence Learning task_Recent_Experiment_Tutorial 4_Urvashi Bhansali_AU2320139,,2025.2.0,None,2025-10-01 15h06.40.172993 +0530,
-150,z,92,0,23,,,,,z,1,0.5929396659994381,None,,,,,23,0,92,3,721.840911583,,,,,,,,,,,,,,,,721.8294626669995,721.840911583,722.8268320829993,722.8268320829993,722.8268320829993,722.8268320829993,722.834541917,723.8267315829999,723.8267315829999,724.4282237079997,z,1,0.5929396659994381,None,u-2_50,"001",2025-10-01_15h06.40.147,Motor sequence Learning task_Recent_Experiment_Tutorial 4_Urvashi Bhansali_AU2320139,,2025.2.0,None,2025-10-01 15h06.40.172993 +0530,
150,v,93,1,23,,,,,v,1,0.8150332080003864,None,,,,,23,1,93,1,724.4400300419993,,,,,,,,,,,,,,,,724.4287691669997,724.4400300419993,725.4265524579996,725.4265524579996,725.4265524579996,725.4265524579996,725.4340165829999,726.4266051669993,726.4266051669993,727.2454482499998,v,1,0.8150332080003864,None,u-2_50,"001",2025-10-01_15h06.40.147,Motor sequence Learning task_Recent_Experiment_Tutorial 4_Urvashi Bhansali_AU2320139,,2025.2.0,None,2025-10-01 15h06.40.172993 +0530,
-50,x,94,2,23,,,,,x,1,0.298420791999888,None,,,,,23,2,94,0,727.2576262499997,,,,,,,,,,,,,,,,727.2460774579995,727.2576262499997,728.2432172079998,728.2432172079998,728.2432172079998,728.2432172079998,728.2508866669996,729.2432132079994,729.2432132079994,729.5628597499999,x,1,0.298420791999888,None,u-2_50,"001",2025-10-01_15h06.40.147,Motor sequence Learning task_Recent_Experiment_Tutorial 4_Urvashi Bhansali_AU2320139,,2025.2.0,None,2025-10-01 15h06.40.172993 +0530,
50,c,95,3,23,,,,,c,1,0.25724587500008056,None,,,,,23,3,95,2,729.576584083,,,,,,,,,,,,,,,,729.5635414579992,729.576584083,730.5601540419993,730.5601540419993,730.5601540419993,730.5601540419993,730.5675341249998,731.5693757919998,731.5693757919998,731.8290281669997,c,1,0.25724587500008056,None,u-2_50,"001",2025-10-01_15h06.40.147,Motor sequence Learning task_Recent_Experiment_Tutorial 4_Urvashi Bhansali_AU2320139,,2025.2.0,None,2025-10-01 15h06.40.172993 +0530,
-50,x,96,0,24,,,,,x,1,0.8087716250001904,None,,,,,24,0,96,0,731.8410819999999,,,,,,,,,,,,,,,,731.8297037919992,731.8410819999999,732.8264920419997,732.8264920419997,732.8264920419997,732.8264920419997,732.8342364579994,733.8267757499998,733.8267757499998,734.6454114169992,x,1,0.8087716250001904,None,u-2_50,"001",2025-10-01_15h06.40.147,Motor sequence Learning task_Recent_Experiment_Tutorial 4_Urvashi Bhansali_AU2320139,,2025.2.0,None,2025-10-01 15h06.40.172993 +0530,
-150,z,97,1,24,,,,,z,1,1.0241950829995403,None,,,,,24,1,97,3,734.6575437079991,,,,,,,,,,,,,,,,734.6461950419998,734.6575437079991,735.6431637919995,735.6431637919995,735.6431637919995,735.6431637919995,735.6504166249997,736.6441538749996,736.6441538749996,737.6786674999994,z,1,1.0241950829995403,None,u-2_50,"001",2025-10-01_15h06.40.147,Motor sequence Learning task_Recent_Experiment_Tutorial 4_Urvashi Bhansali_AU2320139,,2025.2.0,None,2025-10-01 15h06.40.172993 +0530,
150,v,98,2,24,,,,,v,1,0.9768245830000524,None,,,,,24,2,98,1,737.6909596669993,,,,,,,,,,,,,,,,737.6794872499995,737.6909596669993,738.6766259579999,738.6766259579999,738.6766259579999,738.6766259579999,738.6840104169996,739.6766269169993,739.6766269169993,740.6616854999993,v,1,0.9768245830000524,None,u-2_50,"001",2025-10-01_15h06.40.147,Motor sequence Learning task_Recent_Experiment_Tutorial 4_Urvashi Bhansali_AU2320139,,2025.2.0,None,2025-10-01 15h06.40.172993 +0530,
50,c,99,3,24,,,,,c,1,0.4814047500003653,None,,,,,24,3,99,2,740.6737289169996,,,,,,,,,,,,,,,,740.662223583,740.6737289169996,741.659840542,741.659840542,741.659840542,741.659840542,741.6672642079993,742.6598689999992,742.6598689999992,743.1450697079999,c,1,0.4814047500003653,None,u-2_50,"001",2025-10-01_15h06.40.147,Motor sequence Learning task_Recent_Experiment_Tutorial 4_Urvashi Bhansali_AU2320139,,2025.2.0,None,2025-10-01 15h06.40.172993 +0530,
-50,x,100,0,25,,,,,x,1,0.8078290829998878,None,,,,,25,0,100,0,743.156850417,,,,,,,,,,,,,,,,743.1456118329997,743.156850417,744.1431881669996,744.1431881669996,744.1431881669996,744.1431881669996,744.1505353749999,745.1433062079996,745.1433062079996,745.9524989579995,x,1,0.8078290829998878,None,u-2_50,"001",2025-10-01_15h06.40.147,Motor sequence Learning task_Recent_Experiment_Tutorial 4_Urvashi Bhansali_AU2320139,,2025.2.0,None,2025-10-01 15h06.40.172993 +0530,
-150,z,101,1,25,,,,,z,1,0.43328366600053414,None,,,,,25,1,101,3,745.9640651249993,,,,,,,,,,,,,,,,745.9530328329993,745.9640651249993,746.9511173329993,746.9511173329993,746.9511173329993,746.9511173329993,746.9599532499997,747.9508885829991,747.9508885829991,748.3936663749992,z,1,0.43328366600053414,None,u-2_50,"001",2025-10-01_15h06.40.147,Motor sequence Learning task_Recent_Experiment_Tutorial 4_Urvashi Bhansali_AU2320139,,2025.2.0,None,2025-10-01 15h06.40.172993 +0530,
150,v,102,2,25,,,,,v,1,0.7440554579998206,None,,,,,25,2,102,1,748.4051294999999,,,,,,,,,,,,,,,,748.3942743749994,748.4051294999999,749.3850227499997,749.3850227499997,749.3850227499997,749.3850227499997,749.4004916669992,750.3850584579995,750.3850584579995,751.1352950829996,v,1,0.7440554579998206,None,u-2_50,"001",2025-10-01_15h06.40.147,Motor sequence Learning task_Recent_Experiment_Tutorial 4_Urvashi Bhansali_AU2320139,,2025.2.0,None,2025-10-01 15h06.40.172993 +0530,
50,c,103,3,25,,,,,c,1,0.9441271249997953,None,,,,,25,3,103,2,751.1612689999993,,,,,,,,,,,,,,,,751.1357016249995,751.1612689999993,752.1265698329998,752.1265698329998,752.1265698329998,752.1265698329998,752.1603585419998,753.1349601669999,753.1349601669999,754.0858191669995,c,1,0.9441271249997953,None,u-2_50,"001",2025-10-01_15h06.40.147,Motor sequence Learning task_Recent_Experiment_Tutorial 4_Urvashi Bhansali_AU2320139,,2025.2.0,None,2025-10-01 15h06.40.172993 +0530,
150,v,104,0,26,,,,,v,1,0.6010997909997968,None,,,,,26,0,104,1,754.097472083,,,,,,,,,,,,,,,,754.0863532499998,754.097472083,755.084081125,755.084081125,755.084081125,755.084081125,755.0935819999995,756.0848492499999,756.0848492499999,756.6952959579994,v,1,0.6010997909997968,None,u-2_50,"001",2025-10-01_15h06.40.147,Motor sequence Learning task_Recent_Experiment_Tutorial 4_Urvashi Bhansali_AU2320139,,2025.2.0,None,2025-10-01 15h06.40.172993 +0530,
-50,x,105,1,26,,,,,x,1,0.7215602500000386,None,,,,,26,1,105,0,756.707303917,,,,,,,,,,,,,,,,756.6960174579999,756.707303917,757.6931473749992,757.6931473749992,757.6931473749992,757.6931473749992,757.7008085419993,758.6933220829997,758.6933220829997,759.4187877919994,x,1,0.7215602500000386,None,u-2_50,"001",2025-10-01_15h06.40.147,Motor sequence Learning task_Recent_Experiment_Tutorial 4_Urvashi Bhansali_AU2320139,,2025.2.0,None,2025-10-01 15h06.40.172993 +0530,
-150,z,106,2,26,,,,,z,1,0.7260542910007644,None,,,,,26,2,106,3,759.4308351249992,,,,,,,,,,,,,,,,759.4195177919992,759.4308351249992,760.4099335419996,760.4099335419996,760.4099335419996,760.4099335419996,760.4266164169994,761.4177761249994,761.4177761249994,762.1522928329996,z,1,0.7260542910007644,None,u-2_50,"001",2025-10-01_15h06.40.147,Motor sequence Learning task_Recent_Experiment_Tutorial 4_Urvashi Bhansali_AU2320139,,2025.2.0,None,2025-10-01 15h06.40.172993 +0530,
50,c,107,3,26,,,,,v,0,0.7883755419998124,None,,,,,26,3,107,2,762.1640345419992,,,,,,,,,,,,,,,,762.1528551669999,762.1640345419992,763.1519327079995,763.1519327079995,763.1519327079995,763.1519327079995,763.1780000419994,764.1514022919991,764.1514022919991,764.9466175419993,v,0,0.7883755419998124,None,u-2_50,"001",2025-10-01_15h06.40.147,Motor sequence Learning task_Recent_Experiment_Tutorial 4_Urvashi Bhansali_AU2320139,,2025.2.0,None,2025-10-01 15h06.40.172993 +0530,
150,v,108,0,27,,,,,v,1,0.5665944169995782,None,,,,,27,0,108,1,764.9588919999997,,,,,,,,,,,,,,,,764.9474995829996,764.9588919999997,765.9431511249995,765.9431511249995,765.9431511249995,765.9431511249995,765.9507074169996,766.9431155419998,766.9431155419998,767.5114667499993,v,1,0.5665944169995782,None,u-2_50,"001",2025-10-01_15h06.40.147,Motor sequence Learning task_Recent_Experiment_Tutorial 4_Urvashi Bhansali_AU2320139,,2025.2.0,None,2025-10-01 15h06.40.172993 +0530,
-150,z,109,1,27,,,,,z,1,0.7797271250001359,None,,,,,27,1,109,3,767.5232008749999,,,,,,,,,,,,,,,,767.5120191249998,767.5232008749999,768.5098204999995,768.5098204999995,768.5098204999995,768.5098204999995,768.5171260829993,769.5098367499995,769.5098367499995,770.2959244999993,z,1,0.7797271250001359,None,u-2_50,"001",2025-10-01_15h06.40.147,Motor sequence Learning task_Recent_Experiment_Tutorial 4_Urvashi Bhansali_AU2320139,,2025.2.0,None,2025-10-01 15h06.40.172993 +0530,
-50,x,110,2,27,,,,,x,1,0.7711077909998494,None,,,,,27,2,110,0,770.3079334999993,,,,,,,,,,,,,,,,770.2967699169994,770.3079334999993,771.2931091669998,771.2931091669998,771.2931091669998,771.2931091669998,771.3004035829999,772.2934681669994,772.2934681669994,773.0693309169992,x,1,0.7711077909998494,None,u-2_50,"001",2025-10-01_15h06.40.147,Motor sequence Learning task_Recent_Experiment_Tutorial 4_Urvashi Bhansali_AU2320139,,2025.2.0,None,2025-10-01 15h06.40.172993 +0530,
50,c,111,3,27,,,,,c,1,1.2317003750004005,None,,,,,27,3,111,2,773.0808082919993,,,,,,,,,,,,,,,,773.0699102499993,773.0808082919993,774.0679499999997,774.0679499999997,774.0679499999997,774.0679499999997,774.0772955419998,775.0677845829996,775.0677845829996,776.3021222919997,c,1,1.2317003750004005,None,u-2_50,"001",2025-10-01_15h06.40.147,Motor sequence Learning task_Recent_Experiment_Tutorial 4_Urvashi Bhansali_AU2320139,,2025.2.0,None,2025-10-01 15h06.40.172993 +0530,
50,c,112,0,28,,,,,c,1,0.5634727079996082,None,,,,,28,0,112,2,776.3140439579993,,,,,,,,,,,,,,,,776.3026907499998,776.3140439579993,777.3012280829998,777.3012280829998,777.3012280829998,777.3012280829998,777.309790542,778.3010390419995,778.3010390419995,778.8691380829996,c,1,0.5634727079996082,None,u-2_50,"001",2025-10-01_15h06.40.147,Motor sequence Learning task_Recent_Experiment_Tutorial 4_Urvashi Bhansali_AU2320139,,2025.2.0,None,2025-10-01 15h06.40.172993 +0530,
150,v,113,1,28,,,,,v,1,0.7731887500003722,None,,,,,28,1,113,1,778.8809411249995,,,,,,,,,,,,,,,,778.8697137499994,778.8809411249995,779.8681929169998,779.8681929169998,779.8681929169998,779.8681929169998,779.8764830419996,780.8782005419998,780.8782005419998,781.6615834579998,v,1,0.7731887500003722,None,u-2_50,"001",2025-10-01_15h06.40.147,Motor sequence Learning task_Recent_Experiment_Tutorial 4_Urvashi Bhansali_AU2320139,,2025.2.0,None,2025-10-01 15h06.40.172993 +0530,
-50,x,114,2,28,,,,,x,1,0.8044153740002002,None,,,,,28,2,114,0,781.6733187499995,,,,,,,,,,,,,,,,781.6621702079992,781.6733187499995,782.6598432499995,782.6598432499995,782.6598432499995,782.6598432499995,782.6671271249998,783.6599401669991,783.6599401669991,784.4691386249997,x,1,0.8044153740002002,None,u-2_50,"001",2025-10-01_15h06.40.147,Motor sequence Learning task_Recent_Experiment_Tutorial 4_Urvashi Bhansali_AU2320139,,2025.2.0,None,2025-10-01 15h06.40.172993 +0530,
-150,z,115,3,28,,,,,z,1,0.8158016659999703,None,,,,,28,3,115,3,784.4810472079998,,,,,,,,,,,,,,,,784.4697629579996,784.4810472079998,785.4682482079997,785.4682482079997,785.4682482079997,785.4682482079997,785.4776134999993,786.4675224999992,786.4675224999992,787.2859007919997,z,1,0.8158016659999703,None,u-2_50,"001",2025-10-01_15h06.40.147,Motor sequence Learning task_Recent_Experiment_Tutorial 4_Urvashi Bhansali_AU2320139,,2025.2.0,None,2025-10-01 15h06.40.172993 +0530,
-150,z,116,0,29,,,,,z,1,1.5457636669998465,None,,,,,29,0,116,3,787.2977314579994,,,,,,,,,,,,,,,,787.2865480829996,787.2977314579994,788.2844004579993,788.2844004579993,788.2844004579993,788.2844004579993,788.2934269579991,789.2844050419999,789.2844050419999,790.8369543749996,z,1,1.5457636669998465,None,u-2_50,"001",2025-10-01_15h06.40.147,Motor sequence Learning task_Recent_Experiment_Tutorial 4_Urvashi Bhansali_AU2320139,,2025.2.0,None,2025-10-01 15h06.40.172993 +0530,
150,v,117,1,29,,,,,v,1,1.3591699170001448,None,,,,,29,1,117,1,790.8478426249994,,,,,,,,,,,,,,,,790.8374617499994,790.8478426249994,791.8346089999995,791.8346089999995,791.8346089999995,791.8346089999995,791.8433729999997,792.8349306669998,792.8349306669998,794.2022408329995,v,1,1.3591699170001448,None,u-2_50,"001",2025-10-01_15h06.40.147,Motor sequence Learning task_Recent_Experiment_Tutorial 4_Urvashi Bhansali_AU2320139,,2025.2.0,None,2025-10-01 15h06.40.172993 +0530,
50,c,118,2,29,,,,,c,1,1.5451057079999373,None,,,,,29,2,118,2,794.2143424999995,,,,,,,,,,,,,,,,794.202849542,794.2143424999995,795.201906542,795.201906542,795.201906542,795.201906542,795.2279697499998,796.2009344999997,796.2009344999997,797.7529600419994,c,1,1.5451057079999373,None,u-2_50,"001",2025-10-01_15h06.40.147,Motor sequence Learning task_Recent_Experiment_Tutorial 4_Urvashi Bhansali_AU2320139,,2025.2.0,None,2025-10-01 15h06.40.172993 +0530,
-50,x,119,3,29,,,,,x,1,1.7091457910000827,None,,,,,29,3,119,0,797.7641640829997,,,,,,,,,,,,,,,,797.7535485419994,797.7641640829997,798.7509521669999,798.7509521669999,798.7509521669999,798.7509521669999,798.7598157499997,799.7507663749993,799.7507663749993,801.4614171249996,x,1,1.7091457910000827,None,u-2_50,"001",2025-10-01_15h06.40.147,Motor sequence Learning task_Recent_Experiment_Tutorial 4_Urvashi Bhansali_AU2320139,,2025.2.0,None,2025-10-01 15h06.40.172993 +0530,
50,c,120,0,30,,,,,c,1,0.7259296250003899,None,,,,,30,0,120,2,801.4729334169997,,,,,,,,,,,,,,,,801.4619447079995,801.4729334169997,802.4597667499993,802.4597667499993,802.4597667499993,802.4597667499993,802.4672612919994,803.4598959169998,803.4598959169998,804.1949041669995,c,1,0.7259296250003899,None,u-2_50,"001",2025-10-01_15h06.40.147,Motor sequence Learning task_Recent_Experiment_Tutorial 4_Urvashi Bhansali_AU2320139,,2025.2.0,None,2025-10-01 15h06.40.172993 +0530,
-150,z,121,1,30,,,,,z,1,0.7824367909997818,None,,,,,30,1,121,3,804.2065096249999,,,,,,,,,,,,,,,,804.1954640419999,804.2065096249999,805.1933120419999,805.1933120419999,805.1933120419999,805.1933120419999,805.2006707499995,806.193328333,806.193328333,806.9780510829996,z,1,0.7824367909997818,None,u-2_50,"001",2025-10-01_15h06.40.147,Motor sequence Learning task_Recent_Experiment_Tutorial 4_Urvashi Bhansali_AU2320139,,2025.2.0,None,2025-10-01 15h06.40.172993 +0530,
-50,x,122,2,30,,,,,x,1,0.9935173739995662,None,,,,,30,2,122,0,806.9897594169997,,,,,,,,,,,,,,,,806.9786507079998,806.9897594169997,807.9765897079997,807.9765897079997,807.9765897079997,807.9765897079997,807.9839958329994,808.9772657499998,808.9772657499998,809.9782583329998,x,1,0.9935173739995662,None,u-2_50,"001",2025-10-01_15h06.40.147,Motor sequence Learning task_Recent_Experiment_Tutorial 4_Urvashi Bhansali_AU2320139,,2025.2.0,None,2025-10-01 15h06.40.172993 +0530,
150,v,123,3,30,,,,,v,1,1.4828541239994593,None,,,,,30,3,123,1,809.9906154999999,,,,,,,,,,,,,,,,809.9789236669994,809.9906154999999,810.9950074169992,810.9950074169992,810.9950074169992,810.9950074169992,811.0117430419996,811.9766639999998,811.9766639999998,813.4614523749997,v,1,1.4828541239994593,None,u-2_50,"001",2025-10-01_15h06.40.147,Motor sequence Learning task_Recent_Experiment_Tutorial 4_Urvashi Bhansali_AU2320139,,2025.2.0,None,2025-10-01 15h06.40.172993 +0530,
50,c,124,0,31,,,,,c,1,0.8327537080003822,None,,,,,31,0,124,2,813.473053875,,,,,,,,,,,,,,,,813.4619822079994,813.473053875,814.4597390419995,814.4597390419995,814.4597390419995,814.4597390419995,814.4672524579992,815.4598142499999,815.4598142499999,816.2949722499998,c,1,0.8327537080003822,None,u-2_50,"001",2025-10-01_15h06.40.147,Motor sequence Learning task_Recent_Experiment_Tutorial 4_Urvashi Bhansali_AU2320139,,2025.2.0,None,2025-10-01 15h06.40.172993 +0530,
-150,z,125,1,31,,,,,z,1,0.8692434159993354,None,,,,,31,1,125,3,816.3068070829995,,,,,,,,,,,,,,,,816.2955976249996,816.3068070829995,817.2930542079994,817.2930542079994,817.2930542079994,817.2930542079994,817.3006044999993,818.2932196669999,818.2932196669999,819.1692624579991,z,1,0.8692434159993354,None,u-2_50,"001",2025-10-01_15h06.40.147,Motor sequence Learning task_Recent_Experiment_Tutorial 4_Urvashi Bhansali_AU2320139,,2025.2.0,None,2025-10-01 15h06.40.172993 +0530,
-50,x,126,2,31,,,,,x,1,1.0355358329998126,None,,,,,31,2,126,0,819.1809887079999,,,,,,,,,,,,,,,,819.1698454579991,819.1809887079999,820.1675627079994,820.1675627079994,820.1675627079994,820.1675627079994,820.1772956249997,821.1680040419997,821.1680040419997,822.2113514579996,x,1,1.0355358329998126,None,u-2_50,"001",2025-10-01_15h06.40.147,Motor sequence Learning task_Recent_Experiment_Tutorial 4_Urvashi Bhansali_AU2320139,,2025.2.0,None,2025-10-01 15h06.40.172993 +0530,
150,v,127,3,31,,,,,v,1,0.7036090419996981,None,,,,,31,3,127,1,822.2232615419998,,,,,,,,,,,,,,,,822.211959792,822.2232615419998,823.2098468329996,823.2098468329996,823.2098468329996,823.2098468329996,823.2175143749992,824.2098218749998,824.2098218749998,824.9188810419992,v,1,0.7036090419996981,None,u-2_50,"001",2025-10-01_15h06.40.147,Motor sequence Learning task_Recent_Experiment_Tutorial 4_Urvashi Bhansali_AU2320139,,2025.2.0,None,2025-10-01 15h06.40.172993 +0530,
-50,x,128,0,32,,,,,x,1,1.010504958000638,None,,,,,32,0,128,0,824.930416833,,,,,,,,,,,,,,,,824.9194418329998,824.930416833,825.9181159999998,825.9181159999998,825.9181159999998,825.9181159999998,825.9276446669992,826.9178247919999,826.9178247919999,827.9351265419991,x,1,1.010504958000638,None,u-2_50,"001",2025-10-01_15h06.40.147,Motor sequence Learning task_Recent_Experiment_Tutorial 4_Urvashi Bhansali_AU2320139,,2025.2.0,None,2025-10-01 15h06.40.172993 +0530,
150,v,129,1,32,,,,,v,1,0.9385670410001694,None,,,,,32,1,129,1,827.9471757499996,,,,,,,,,,,,,,,,827.9357164169996,827.9471757499996,828.9341001249995,828.9341001249995,828.9341001249995,828.9341001249995,828.9433256249995,829.9447140829998,829.9447140829998,830.8849297499992,v,1,0.9385670410001694,None,u-2_50,"001",2025-10-01_15h06.40.147,Motor sequence Learning task_Recent_Experiment_Tutorial 4_Urvashi Bhansali_AU2320139,,2025.2.0,None,2025-10-01 15h06.40.172993 +0530,
50,c,130,2,32,,,,,c,1,0.9107174579994535,None,,,,,32,2,130,2,830.8972644579999,,,,,,,,,,,,,,,,830.8854839999995,830.8972644579999,831.8764250419999,831.8764250419999,831.8764250419999,831.8764250419999,831.8931960419995,832.8763709579998,832.8763709579998,833.7956037079994,c,1,0.9107174579994535,None,u-2_50,"001",2025-10-01_15h06.40.147,Motor sequence Learning task_Recent_Experiment_Tutorial 4_Urvashi Bhansali_AU2320139,,2025.2.0,None,2025-10-01 15h06.40.172993 +0530,
-150,z,131,3,32,,,,,z,1,0.869083748999401,None,,,,,32,3,131,3,833.8076173749996,,,,,,,,,,,,,,,,833.7965155829997,833.8076173749996,834.7931912919994,834.7931912919994,834.7931912919994,834.7931912919994,834.8007327919995,835.7930524169997,835.7930524169997,836.6692860419998,z,1,0.869083748999401,None,u-2_50,"001",2025-10-01_15h06.40.147,Motor sequence Learning task_Recent_Experiment_Tutorial 4_Urvashi Bhansali_AU2320139,,2025.2.0,None,2025-10-01 15h06.40.172993 +0530,
-150,z,132,0,33,,,,,z,1,0.7339609169994219,None,,,,,33,0,132,3,836.6808852079994,,,,,,,,,,,,,,,,836.6699114579997,836.6808852079994,837.6681689999996,837.6681689999996,837.6681689999996,837.6681689999996,837.6765238749995,838.6680824579998,838.6680824579998,839.4113782919994,z,1,0.7339609169994219,None,u-2_50,"001",2025-10-01_15h06.40.147,Motor sequence Learning task_Recent_Experiment_Tutorial 4_Urvashi Bhansali_AU2320139,,2025.2.0,None,2025-10-01 15h06.40.172993 +0530,
-50,x,133,1,33,,,,,x,1,0.6772073749998526,None,,,,,33,1,133,0,839.4237021669996,,,,,,,,,,,,,,,,839.412027292,839.4237021669996,840.4096893329997,840.4096893329997,840.4096893329997,840.4096893329997,840.4176444999994,841.4098294169999,841.4098294169999,842.0947054999997,x,1,0.6772073749998526,None,u-2_50,"001",2025-10-01_15h06.40.147,Motor sequence Learning task_Recent_Experiment_Tutorial 4_Urvashi Bhansali_AU2320139,,2025.2.0,None,2025-10-01 15h06.40.172993 +0530,
150,v,134,2,33,,,,,v,1,0.7679074999996374,None,,,,,33,2,134,1,842.1065852079992,,,,,,,,,,,,,,,,842.0952731669995,842.1065852079992,843.0932362499998,843.0932362499998,843.0932362499998,843.0932362499998,843.1009074169997,844.0929954169997,844.0929954169997,844.8683781249993,v,1,0.7679074999996374,None,u-2_50,"001",2025-10-01_15h06.40.147,Motor sequence Learning task_Recent_Experiment_Tutorial 4_Urvashi Bhansali_AU2320139,,2025.2.0,None,2025-10-01 15h06.40.172993 +0530,
50,c,135,3,33,,,,,c,1,0.6493034579998493,None,,,,,33,3,135,2,844.8803187079993,,,,,,,,,,,,,,,,844.8689520829994,844.8803187079993,845.8675992079998,845.8675992079998,845.8675992079998,845.8675992079998,845.8765795829995,846.8674889169997,846.8674889169997,847.5187116249999,c,1,0.6493034579998493,None,u-2_50,"001",2025-10-01_15h06.40.147,Motor sequence Learning task_Recent_Experiment_Tutorial 4_Urvashi Bhansali_AU2320139,,2025.2.0,None,2025-10-01 15h06.40.172993 +0530,
150,v,136,0,34,,,,,v,1,0.7580682489997344,None,,,,,34,0,136,1,847.5303576249999,,,,,,,,,,,,,,,,847.5192521249992,847.5303576249999,848.5183549579997,848.5183549579997,848.5183549579997,848.5183549579997,848.5266125419994,849.5096690419996,849.5096690419996,850.2780596249995,v,1,0.7580682489997344,None,u-2_50,"001",2025-10-01_15h06.40.147,Motor sequence Learning task_Recent_Experiment_Tutorial 4_Urvashi Bhansali_AU2320139,,2025.2.0,None,2025-10-01 15h06.40.172993 +0530,
50,c,137,1,34,,,,,c,1,0.6760590410003715,None,,,,,34,1,137,2,850.2890141669996,,,,,,,,,,,,,,,,850.2785938329998,850.2890141669996,851.2767799579997,851.2767799579997,851.2767799579997,851.2767799579997,851.283765917,852.2767398749993,852.2767398749993,852.9614874579993,c,1,0.6760590410003715,None,u-2_50,"001",2025-10-01_15h06.40.147,Motor sequence Learning task_Recent_Experiment_Tutorial 4_Urvashi Bhansali_AU2320139,,2025.2.0,None,2025-10-01 15h06.40.172993 +0530,
-150,z,138,2,34,,,,,z,1,0.7588239990000147,None,,,,,34,2,138,3,852.97261325,,,,,,,,,,,,,,,,852.9620762499999,852.97261325,853.9507372499993,853.9507372499993,853.9507372499993,853.9507372499993,853.9671318329993,854.959877667,854.959877667,855.7279557919992,z,1,0.7588239990000147,None,u-2_50,"001",2025-10-01_15h06.40.147,Motor sequence Learning task_Recent_Experiment_Tutorial 4_Urvashi Bhansali_AU2320139,,2025.2.0,None,2025-10-01 15h06.40.172993 +0530,
-50,x,139,3,34,,,,,x,1,0.8872029579997616,None,,,,,34,3,139,0,855.7395755419993,,,,,,,,,,,,,,,,855.728504875,855.7395755419993,856.7182113749996,856.7182113749996,856.7182113749996,856.7182113749996,856.7339927079993,857.7264275829993,857.7264275829993,858.6188675419999,x,1,0.8872029579997616,None,u-2_50,"001",2025-10-01_15h06.40.147,Motor sequence Learning task_Recent_Experiment_Tutorial 4_Urvashi Bhansali_AU2320139,,2025.2.0,None,2025-10-01 15h06.40.172993 +0530,
-50,x,140,0,35,,,,,x,1,0.6369082080000226,None,,,,,35,0,140,0,858.6306933749993,,,,,,,,,,,,,,,,858.6194507499995,858.6306933749993,859.6180638749993,859.6180638749993,859.6180638749993,859.6180638749993,859.6266929999992,860.6096635419999,860.6096635419999,861.2525619999997,x,1,0.6369082080000226,None,u-2_50,"001",2025-10-01_15h06.40.147,Motor sequence Learning task_Recent_Experiment_Tutorial 4_Urvashi Bhansali_AU2320139,,2025.2.0,None,2025-10-01 15h06.40.172993 +0530,
150,v,141,1,35,,,,,v,1,0.7440072919998784,None,,,,,35,1,141,1,861.2639959169992,,,,,,,,,,,,,,,,861.2531457079995,861.2639959169992,862.2520439169994,862.2520439169994,862.2520439169994,862.2520439169994,862.2778589169993,863.2514698329996,863.2514698329996,864.0020714169996,v,1,0.7440072919998784,None,u-2_50,"001",2025-10-01_15h06.40.147,Motor sequence Learning task_Recent_Experiment_Tutorial 4_Urvashi Bhansali_AU2320139,,2025.2.0,None,2025-10-01 15h06.40.172993 +0530,
-150,z,142,2,35,,,,,z,1,0.8207330830000501,None,,,,,35,2,142,3,864.0135096249996,,,,,,,,,,,,,,,,864.0026698329993,864.0135096249996,865.0007405829992,865.0007405829992,865.0007405829992,865.0007405829992,865.0097966669991,866.0016276249999,866.0016276249999,866.8279666669996,z,1,0.8207330830000501,None,u-2_50,"001",2025-10-01_15h06.40.147,Motor sequence Learning task_Recent_Experiment_Tutorial 4_Urvashi Bhansali_AU2320139,,2025.2.0,None,2025-10-01 15h06.40.172993 +0530,
50,c,143,3,35,,,,,c,1,1.475957415999801,None,,,,,35,3,143,2,866.8391369579995,,,,,,,,,,,,,,,,866.8285370419999,866.8391369579995,867.826459375,867.826459375,867.826459375,867.826459375,867.8342040829993,868.8263785829995,868.8263785829995,870.3113767499999,c,1,1.475957415999801,None,u-2_50,"001",2025-10-01_15h06.40.147,Motor sequence Learning task_Recent_Experiment_Tutorial 4_Urvashi Bhansali_AU2320139,,2025.2.0,None,2025-10-01 15h06.40.172993 +0530,
150,v,144,0,36,,,,,v,1,0.8726226660000975,None,,,,,36,0,144,1,870.3227954169997,,,,,,,,,,,,,,,,870.3119028329993,870.3227954169997,871.3097232499995,871.3097232499995,871.3097232499995,871.3097232499995,871.3170516249993,872.3096317079999,872.3096317079999,873.1850361249999,v,1,0.8726226660000975,None,u-2_50,"001",2025-10-01_15h06.40.147,Motor sequence Learning task_Recent_Experiment_Tutorial 4_Urvashi Bhansali_AU2320139,,2025.2.0,None,2025-10-01 15h06.40.172993 +0530,
-150,z,145,1,36,,,,,z,1,0.7385722490007538,None,,,,,36,1,145,3,873.1970280829992,,,,,,,,,,,,,,,,873.1856017499995,873.1970280829992,874.1842326249998,874.1842326249998,874.1842326249998,874.1842326249998,874.1931313329997,875.1856637499995,875.1856637499995,875.9282668329997,z,1,0.7385722490007538,None,u-2_50,"001",2025-10-01_15h06.40.147,Motor sequence Learning task_Recent_Experiment_Tutorial 4_Urvashi Bhansali_AU2320139,,2025.2.0,None,2025-10-01 15h06.40.172993 +0530,
-50,x,146,2,36,,,,,x,1,0.6799052079995818,None,,,,,36,2,146,0,875.9398219579998,,,,,,,,,,,,,,,,875.9289923749993,875.9398219579998,876.9263314999998,876.9263314999998,876.9263314999998,876.9263314999998,876.9338310829999,877.9262954169999,877.9262954169999,878.6116111249994,x,1,0.6799052079995818,None,u-2_50,"001",2025-10-01_15h06.40.147,Motor sequence Learning task_Recent_Experiment_Tutorial 4_Urvashi Bhansali_AU2320139,,2025.2.0,None,2025-10-01 15h06.40.172993 +0530,
50,c,147,3,36,,,,,c,1,0.6502627489999213,None,,,,,36,3,147,2,878.6233528749999,,,,,,,,,,,,,,,,878.6123355829995,878.6233528749999,879.609622,879.609622,879.609622,879.609622,879.6175867499996,880.6097065829999,880.6097065829999,881.2684907079993,c,1,0.6502627489999213,None,u-2_50,"001",2025-10-01_15h06.40.147,Motor sequence Learning task_Recent_Experiment_Tutorial 4_Urvashi Bhansali_AU2320139,,2025.2.0,None,2025-10-01 15h06.40.172993 +0530,
50,c,148,0,37,,,,,c,1,0.6275402909996046,None,,,,,37,0,148,2,881.2799770829997,,,,,,,,,,,,,,,,881.2690369169995,881.2799770829997,882.2596493329993,882.2596493329993,882.2596493329993,882.2596493329993,882.2764509579993,883.2684917919996,883.2684917919996,883.9025953749997,c,1,0.6275402909996046,None,u-2_50,"001",2025-10-01_15h06.40.147,Motor sequence Learning task_Recent_Experiment_Tutorial 4_Urvashi Bhansali_AU2320139,,2025.2.0,None,2025-10-01 15h06.40.172993 +0530,
-150,z,149,1,37,,,,,z,1,0.6554570830003286,None,,,,,37,1,149,3,883.9141848329991,,,,,,,,,,,,,,,,883.9034598329999,883.9141848329991,884.901044792,884.901044792,884.901044792,884.901044792,884.9100908329992,885.9013977499999,885.9013977499999,886.5612706249995,z,1,0.6554570830003286,None,u-2_50,"001",2025-10-01_15h06.40.147,Motor sequence Learning task_Recent_Experiment_Tutorial 4_Urvashi Bhansali_AU2320139,,2025.2.0,None,2025-10-01 15h06.40.172993 +0530,
150,v,150,2,37,,,,,v,1,0.7631377910001902,None,,,,,37,2,150,1,886.5728036249993,,,,,,,,,,,,,,,,886.5618545829993,886.5728036249993,887.559693917,887.559693917,887.559693917,887.559693917,887.5671018329995,888.5597051669993,888.5597051669993,889.3279093749998,v,1,0.7631377910001902,None,u-2_50,"001",2025-10-01_15h06.40.147,Motor sequence Learning task_Recent_Experiment_Tutorial 4_Urvashi Bhansali_AU2320139,,2025.2.0,None,2025-10-01 15h06.40.172993 +0530,
-50,x,151,3,37,,,,,x,1,0.709980667000309,None,,,,,37,3,151,0,889.3396947919991,,,,,,,,,,,,,,,,889.3285001669992,889.3396947919991,890.3269776669995,890.3269776669995,890.3269776669995,890.3269776669995,890.3343752499995,891.3447564169992,891.3447564169992,892.0796751669996,x,1,0.709980667000309,None,u-2_50,"001",2025-10-01_15h06.40.147,Motor sequence Learning task_Recent_Experiment_Tutorial 4_Urvashi Bhansali_AU2320139,,2025.2.0,None,2025-10-01 15h06.40.172993 +0530,
50,c,152,0,38,,,,,c,1,0.6575278330001311,None,,,,,38,0,152,2,892.093114458,,,,,,,,,,,,,,,,892.0809298329996,892.093114458,893.0764766249995,893.0764766249995,893.0764766249995,893.0764766249995,893.0838585419997,894.0762702499997,894.0762702499997,894.7353808749995,c,1,0.6575278330001311,None,u-2_50,"001",2025-10-01_15h06.40.147,Motor sequence Learning task_Recent_Experiment_Tutorial 4_Urvashi Bhansali_AU2320139,,2025.2.0,None,2025-10-01 15h06.40.172993 +0530,
150,v,153,1,38,,,,,v,1,0.7111452910003209,None,,,,,38,1,153,1,894.7468066249994,,,,,,,,,,,,,,,,894.736068792,894.7468066249994,895.7349402919999,895.7349402919999,895.7349402919999,895.7349402919999,895.7429688749999,896.7345588329999,896.7345588329999,897.4522304999991,v,1,0.7111452910003209,None,u-2_50,"001",2025-10-01_15h06.40.147,Motor sequence Learning task_Recent_Experiment_Tutorial 4_Urvashi Bhansali_AU2320139,,2025.2.0,None,2025-10-01 15h06.40.172993 +0530,
-50,x,154,2,38,,,,,x,1,0.8019314579996717,None,,,,,38,2,154,0,897.4637438329992,,,,,,,,,,,,,,,,897.4528165829997,897.4637438329992,898.4509939999998,898.4509939999998,898.4509939999998,898.4509939999998,898.4598698749996,899.4428807079994,899.4428807079994,900.2521547499991,x,1,0.8019314579996717,None,u-2_50,"001",2025-10-01_15h06.40.147,Motor sequence Learning task_Recent_Experiment_Tutorial 4_Urvashi Bhansali_AU2320139,,2025.2.0,None,2025-10-01 15h06.40.172993 +0530,
-150,z,155,3,38,,,,,z,1,0.754620041000635,None,,,,,38,3,155,3,900.2634950829997,,,,,,,,,,,,,,,,900.2526930419999,900.2634950829997,901.2515812919992,901.2515812919992,901.2515812919992,901.2515812919992,901.259723917,902.2508615829993,902.2508615829993,903.0117558749998,z,1,0.754620041000635,None,u-2_50,"001",2025-10-01_15h06.40.147,Motor sequence Learning task_Recent_Experiment_Tutorial 4_Urvashi Bhansali_AU2320139,,2025.2.0,None,2025-10-01 15h06.40.172993 +0530,
150,v,156,0,39,,,,,v,1,0.7777738750000935,None,,,,,39,0,156,1,903.0240949999998,,,,,,,,,,,,,,,,903.0126386669999,903.0240949999998,904.009640708,904.009640708,904.009640708,904.009640708,904.0170154169991,905.0096089999997,905.0096089999997,905.7945536669995,v,1,0.7777738750000935,None,u-2_50,"001",2025-10-01_15h06.40.147,Motor sequence Learning task_Recent_Experiment_Tutorial 4_Urvashi Bhansali_AU2320139,,2025.2.0,None,2025-10-01 15h06.40.172993 +0530,
-150,z,157,1,39,,,,,z,1,0.7752930830001787,None,,,,,39,1,157,3,905.8062395419993,,,,,,,,,,,,,,,,905.7951112499995,905.8062395419993,906.7930899169996,906.7930899169996,906.7930899169996,906.7930899169996,906.8004302499994,907.7930569999999,907.7930569999999,908.5780275829993,z,1,0.7752930830001787,None,u-2_50,"001",2025-10-01_15h06.40.147,Motor sequence Learning task_Recent_Experiment_Tutorial 4_Urvashi Bhansali_AU2320139,,2025.2.0,None,2025-10-01 15h06.40.172993 +0530,
50,c,158,2,39,,,,,c,1,0.968948707999516,None,,,,,39,2,158,2,908.5898453329992,,,,,,,,,,,,,,,,908.5785925829996,908.5898453329992,909.5762029999996,909.5762029999996,909.5762029999996,909.5762029999996,909.5836476249997,910.5763509579992,910.5763509579992,911.5518176249998,c,1,0.968948707999516,None,u-2_50,"001",2025-10-01_15h06.40.147,Motor sequence Learning task_Recent_Experiment_Tutorial 4_Urvashi Bhansali_AU2320139,,2025.2.0,None,2025-10-01 15h06.40.172993 +0530,
-50,x,159,3,39,,,,,x,1,0.7300389169995469,None,,,,,39,3,159,0,911.5638317079993,,,,,,,,,,,,,,,,911.5523909579997,911.5638317079993,912.550873833,912.550873833,912.550873833,912.550873833,912.5599057919999,913.5512703329996,913.5512703329996,914.2852603329993,x,1,0.7300389169995469,None,u-2_50,"001",2025-10-01_15h06.40.147,Motor sequence Learning task_Recent_Experiment_Tutorial 4_Urvashi Bhansali_AU2320139,,2025.2.0,None,2025-10-01 15h06.40.172993 +0530,
-50,x,160,0,40,,,,,x,1,0.6749477910007045,None,,,,,40,0,160,0,914.2973894999996,,,,,,,,,,,,,,,,914.2858470829997,914.2973894999996,915.2844421249993,915.2844421249993,915.2844421249993,915.2844421249993,915.2932457079996,916.2843009579992,916.2843009579992,916.9610744579995,x,1,0.6749477910007045,None,u-2_50,"001",2025-10-01_15h06.40.147,Motor sequence Learning task_Recent_Experiment_Tutorial 4_Urvashi Bhansali_AU2320139,,2025.2.0,None,2025-10-01 15h06.40.172993 +0530,
50,c,161,1,40,,,,,c,1,0.6775968740003009,None,,,,,40,1,161,2,916.9728359579995,,,,,,,,,,,,,,,,916.961578292,916.9728359579995,917.9518803749997,917.9518803749997,917.9518803749997,917.9518803749997,917.968286583,918.9595630419999,918.9595630419999,919.6445925829994,c,1,0.6775968740003009,None,u-2_50,"001",2025-10-01_15h06.40.147,Motor sequence Learning task_Recent_Experiment_Tutorial 4_Urvashi Bhansali_AU2320139,,2025.2.0,None,2025-10-01 15h06.40.172993 +0530,
150,v,162,2,40,,,,,v,1,0.6680524580006022,None,,,,,40,2,162,1,919.6562219579992,,,,,,,,,,,,,,,,919.6451520829996,919.6562219579992,920.6350727079998,920.6350727079998,920.6350727079998,920.6350727079998,920.6779724579992,921.6429882919992,921.6429882919992,922.319744292,v,1,0.6680524580006022,None,u-2_50,"001",2025-10-01_15h06.40.147,Motor sequence Learning task_Recent_Experiment_Tutorial 4_Urvashi Bhansali_AU2320139,,2025.2.0,None,2025-10-01 15h06.40.172993 +0530,
-150,z,163,3,40,,,,,z,1,0.5297865410002487,None,,,,,40,3,163,3,922.330645,,,,,,,,,,,,,,,,922.3203054999994,922.330645,923.3180473329994,923.3180473329994,923.3180473329994,923.3180473329994,923.3264835,924.3172143329994,924.3172143329994,924.8517963329996,z,1,0.5297865410002487,None,u-2_50,"001",2025-10-01_15h06.40.147,Motor sequence Learning task_Recent_Experiment_Tutorial 4_Urvashi Bhansali_AU2320139,,2025.2.0,None,2025-10-01 15h06.40.172993 +0530,
-150,z,164,0,41,,,,,z,1,0.7455277500002921,None,,,,,41,0,164,3,924.8632883329992,,,,,,,,,,,,,,,,924.8523609999993,924.8632883329992,925.8429752919992,925.8429752919992,925.8429752919992,925.8429752919992,925.8596319579992,926.8504854579996,926.8504854579996,927.602287875,z,1,0.7455277500002921,None,u-2_50,"001",2025-10-01_15h06.40.147,Motor sequence Learning task_Recent_Experiment_Tutorial 4_Urvashi Bhansali_AU2320139,,2025.2.0,None,2025-10-01 15h06.40.172993 +0530,
-50,x,165,1,41,,,,,x,1,0.6705959999999322,None,,,,,41,1,165,0,927.6138309169992,,,,,,,,,,,,,,,,927.6028689169998,927.6138309169992,928.5931282919992,928.5931282919992,928.5931282919992,928.5931282919992,928.6097975419998,929.6012236249999,929.6012236249999,930.2783267079994,x,1,0.6705959999999322,None,u-2_50,"001",2025-10-01_15h06.40.147,Motor sequence Learning task_Recent_Experiment_Tutorial 4_Urvashi Bhansali_AU2320139,,2025.2.0,None,2025-10-01 15h06.40.172993 +0530,
150,v,166,2,41,,,,,v,1,0.757647082999938,None,,,,,41,2,166,1,930.2898834169991,,,,,,,,,,,,,,,,930.2789171249997,930.2898834169991,931.276281167,931.276281167,931.276281167,931.276281167,931.2837959579992,932.2762173329993,932.2762173329993,933.0352066669993,v,1,0.757647082999938,None,u-2_50,"001",2025-10-01_15h06.40.147,Motor sequence Learning task_Recent_Experiment_Tutorial 4_Urvashi Bhansali_AU2320139,,2025.2.0,None,2025-10-01 15h06.40.172993 +0530,
50,c,167,3,41,,,,,c,1,0.6175162910003564,None,,,,,41,3,167,2,933.0469337499999,,,,,,,,,,,,,,,,933.0357754999995,933.0469337499999,934.0343299169999,934.0343299169999,934.0343299169999,934.0343299169999,934.0430347499996,935.0262910829997,935.0262910829997,935.6522722499994,c,1,0.6175162910003564,None,u-2_50,"001",2025-10-01_15h06.40.147,Motor sequence Learning task_Recent_Experiment_Tutorial 4_Urvashi Bhansali_AU2320139,,2025.2.0,None,2025-10-01 15h06.40.172993 +0530,
-150,z,168,0,42,,,,,z,1,0.7614670000002661,None,,,,,42,0,168,3,935.6641600829998,,,,,,,,,,,,,,,,935.6528472919999,935.6641600829998,936.6511203749997,936.6511203749997,936.6511203749997,936.6511203749997,936.6597609579994,937.6513425419998,937.6513425419998,938.4188275419992,z,1,0.7614670000002661,None,u-2_50,"001",2025-10-01_15h06.40.147,Motor sequence Learning task_Recent_Experiment_Tutorial 4_Urvashi Bhansali_AU2320139,,2025.2.0,None,2025-10-01 15h06.40.172993 +0530,
150,v,169,1,42,,,,,v,1,0.767091958000492,None,,,,,42,1,169,1,938.4307254169998,,,,,,,,,,,,,,,,938.4193934169998,938.4307254169998,939.4180594579993,939.4180594579993,939.4180594579993,939.4180594579993,939.426228542,940.4175130419999,940.4175130419999,941.1945283749992,v,1,0.767091958000492,None,u-2_50,"001",2025-10-01_15h06.40.147,Motor sequence Learning task_Recent_Experiment_Tutorial 4_Urvashi Bhansali_AU2320139,,2025.2.0,None,2025-10-01 15h06.40.172993 +0530,
-50,x,170,2,42,,,,,x,1,0.6657889580001211,None,,,,,42,2,170,0,941.2061052079998,,,,,,,,,,,,,,,,941.1951340419992,941.2061052079998,942.1929145419999,942.1929145419999,942.1929145419999,942.1929145419999,942.2007939169998,943.1928561249997,943.1928561249997,943.8614537919993,x,1,0.6657889580001211,None,u-2_50,"001",2025-10-01_15h06.40.147,Motor sequence Learning task_Recent_Experiment_Tutorial 4_Urvashi Bhansali_AU2320139,,2025.2.0,None,2025-10-01 15h06.40.172993 +0530,
50,c,171,3,42,,,,,c,1,0.7719276660000105,None,,,,,42,3,171,2,943.8733066249997,,,,,,,,,,,,,,,,943.8620995419997,943.8733066249997,944.8597657499995,944.8597657499995,944.8597657499995,944.8597657499995,944.8670197499996,945.8595395829998,945.8595395829998,946.6356581249993,c,1,0.7719276660000105,None,u-2_50,"001",2025-10-01_15h06.40.147,Motor sequence Learning task_Recent_Experiment_Tutorial 4_Urvashi Bhansali_AU2320139,,2025.2.0,None,2025-10-01 15h06.40.172993 +0530,
150,v,172,0,43,,,,,v,1,1.1058335830002761,None,,,,,43,0,172,1,946.6476080829998,,,,,,,,,,,,,,,,946.6362487499991,946.6476080829998,947.6342030829992,947.6342030829992,947.6342030829992,947.6342030829992,947.643126125,948.6335787499993,948.6335787499993,949.7624666669999,v,1,1.1058335830002761,None,u-2_50,"001",2025-10-01_15h06.40.147,Motor sequence Learning task_Recent_Experiment_Tutorial 4_Urvashi Bhansali_AU2320139,,2025.2.0,None,2025-10-01 15h06.40.172993 +0530,
50,c,173,1,43,,,,,c,1,0.7837404989995775,None,,,,,43,1,173,2,949.7762878329995,,,,,,,,,,,,,,,,949.7630598749993,949.7762878329995,950.7598966249998,950.7598966249998,950.7598966249998,950.7598966249998,950.7672974579991,951.7596054169999,951.7596054169999,952.5518872079992,c,1,0.7837404989995775,None,u-2_50,"001",2025-10-01_15h06.40.147,Motor sequence Learning task_Recent_Experiment_Tutorial 4_Urvashi Bhansali_AU2320139,,2025.2.0,None,2025-10-01 15h06.40.172993 +0530,
-50,x,174,2,43,,,,,x,1,0.6495819989995653,None,,,,,43,2,174,0,952.5634052919995,,,,,,,,,,,,,,,,952.5524582079997,952.5634052919995,953.5429144169993,953.5429144169993,953.5429144169993,953.5429144169993,953.5596721669999,954.5428129169995,954.5428129169995,955.1944457919999,x,1,0.6495819989995653,None,u-2_50,"001",2025-10-01_15h06.40.147,Motor sequence Learning task_Recent_Experiment_Tutorial 4_Urvashi Bhansali_AU2320139,,2025.2.0,None,2025-10-01 15h06.40.172993 +0530,
-150,z,175,3,43,,,,,z,1,0.834459708000395,None,,,,,43,3,175,3,955.2063825829991,,,,,,,,,,,,,,,,955.1949815829994,955.2063825829991,956.1929452499999,956.1929452499999,956.1929452499999,956.1929452499999,956.2003002919992,957.1927893329994,957.1927893329994,958.0350343749997,z,1,0.834459708000395,None,u-2_50,"001",2025-10-01_15h06.40.147,Motor sequence Learning task_Recent_Experiment_Tutorial 4_Urvashi Bhansali_AU2320139,,2025.2.0,None,2025-10-01 15h06.40.172993 +0530,
-150,z,176,0,44,,,,,z,1,0.9590212489993064,None,,,,,44,0,176,3,958.0471245829995,,,,,,,,,,,,,,,,958.0356139169999,958.0471245829995,959.0349194999999,959.0349194999999,959.0349194999999,959.0349194999999,959.0609187499995,960.0261512499992,960.0261512499992,960.9944923749999,z,1,0.9590212489993064,None,u-2_50,"001",2025-10-01_15h06.40.147,Motor sequence Learning task_Recent_Experiment_Tutorial 4_Urvashi Bhansali_AU2320139,,2025.2.0,None,2025-10-01 15h06.40.172993 +0530,
50,c,177,1,44,,,,,c,1,1.5991880829997172,None,,,,,44,1,177,2,961.0058447079991,,,,,,,,,,,,,,,,960.995027125,961.0058447079991,961.9929304579991,961.9929304579991,961.9929304579991,961.9929304579991,962.0004114999992,962.9928938749999,962.9928938749999,964.5945314999999,c,1,1.5991880829997172,None,u-2_50,"001",2025-10-01_15h06.40.147,Motor sequence Learning task_Recent_Experiment_Tutorial 4_Urvashi Bhansali_AU2320139,,2025.2.0,None,2025-10-01 15h06.40.172993 +0530,
150,v,178,2,44,,,,,v,1,0.7040075830000205,None,,,,,44,2,178,1,964.606289542,,,,,,,,,,,,,,,,964.5950626249996,964.606289542,965.5930801669992,965.5930801669992,965.5930801669992,965.5930801669992,965.6004342919996,966.5929690419998,966.5929690419998,967.3020109999998,v,1,0.7040075830000205,None,u-2_50,"001",2025-10-01_15h06.40.147,Motor sequence Learning task_Recent_Experiment_Tutorial 4_Urvashi Bhansali_AU2320139,,2025.2.0,None,2025-10-01 15h06.40.172993 +0530,
-50,x,179,3,44,,,,,x,1,0.7646408330001577,None,,,,,44,3,179,0,967.313143417,,,,,,,,,,,,,,,,967.3025770419999,967.313143417,968.3010869169993,968.3010869169993,968.3010869169993,968.3010869169993,968.3098499999996,969.3003653329997,969.3003653329997,970.0688828749999,x,1,0.7646408330001577,None,u-2_50,"001",2025-10-01_15h06.40.147,Motor sequence Learning task_Recent_Experiment_Tutorial 4_Urvashi Bhansali_AU2320139,,2025.2.0,None,2025-10-01 15h06.40.172993 +0530,
50,c,180,0,45,,,,,c,1,0.804330666000169,None,,,,,45,0,180,2,970.0806418749999,,,,,,,,,,,,,,,,970.0695389169996,970.0806418749999,971.0680620829999,971.0680620829999,971.0680620829999,971.0680620829999,971.0944810419996,972.067538667,972.067538667,972.8779839169993,c,1,0.804330666000169,None,u-2_50,"001",2025-10-01_15h06.40.147,Motor sequence Learning task_Recent_Experiment_Tutorial 4_Urvashi Bhansali_AU2320139,,2025.2.0,None,2025-10-01 15h06.40.172993 +0530,
-50,x,181,1,45,,,,,x,1,1.0334832499993354,None,,,,,45,1,181,0,972.8869146669995,,,,,,,,,,,,,,,,972.8783968749995,972.8869146669995,973.8762119579997,973.8762119579997,973.8762119579997,973.8762119579997,973.8835043749996,974.8762768749993,974.8762768749993,975.9121474579997,x,1,1.0334832499993354,None,u-2_50,"001",2025-10-01_15h06.40.147,Motor sequence Learning task_Recent_Experiment_Tutorial 4_Urvashi Bhansali_AU2320139,,2025.2.0,None,2025-10-01 15h06.40.172993 +0530,
-150,z,182,2,45,,,,,z,1,0.8941889990001073,None,,,,,45,2,182,3,975.9200695,,,,,,,,,,,,,,,,975.9126407499998,975.9200695,976.9096434999992,976.9096434999992,976.9096434999992,976.9096434999992,976.9166270829992,977.9095164999999,977.9095164999999,978.8115132499997,z,1,0.8941889990001073,None,u-2_50,"001",2025-10-01_15h06.40.147,Motor sequence Learning task_Recent_Experiment_Tutorial 4_Urvashi Bhansali_AU2320139,,2025.2.0,None,2025-10-01 15h06.40.172993 +0530,
150,v,183,3,45,,,,,v,1,0.977151916999901,None,,,,,45,3,183,1,978.8217806249995,,,,,,,,,,,,,,,,978.8122309579994,978.8217806249995,979.8096057079993,979.8096057079993,979.8096057079993,979.8096057079993,979.8171492499996,980.8095981669994,980.8095981669994,981.7962844579997,v,1,0.977151916999901,None,u-2_50,"001",2025-10-01_15h06.40.147,Motor sequence Learning task_Recent_Experiment_Tutorial 4_Urvashi Bhansali_AU2320139,,2025.2.0,None,2025-10-01 15h06.40.172993 +0530,
-150,z,184,0,46,,,,,z,1,1.071199916000296,None,,,,,46,0,184,3,981.8109043749992,,,,,,,,,,,,,,,,981.7968437499994,981.8109043749992,982.7930364169997,982.7930364169997,982.7930364169997,982.7930364169997,982.8101262499995,983.7934707079994,983.7934707079994,984.8700844579998,z,1,1.071199916000296,None,u-2_50,"001",2025-10-01_15h06.40.147,Motor sequence Learning task_Recent_Experiment_Tutorial 4_Urvashi Bhansali_AU2320139,,2025.2.0,None,2025-10-01 15h06.40.172993 +0530,
50,c,185,1,46,,,,,c,1,3.0987046660002306,None,,,,,46,1,185,2,984.880514042,,,,,,,,,,,,,,,,984.8706378329998,984.880514042,985.8673633749995,985.8673633749995,985.8673633749995,985.8673633749995,985.8763079579994,986.8679697919997,986.8679697919997,989.9687965829999,c,1,3.0987046660002306,None,u-2_50,"001",2025-10-01_15h06.40.147,Motor sequence Learning task_Recent_Experiment_Tutorial 4_Urvashi Bhansali_AU2320139,,2025.2.0,None,2025-10-01 15h06.40.172993 +0530,
-50,x,186,2,46,,,,,x,1,0.6881059990000722,None,,,,,46,2,186,0,989.9798766249996,,,,,,,,,,,,,,,,989.9693187499997,989.9798766249996,990.9678953749999,990.9678953749999,990.9678953749999,990.9678953749999,990.9775514169996,991.967061333,991.967061333,992.6619339999997,x,1,0.6881059990000722,None,u-2_50,"001",2025-10-01_15h06.40.147,Motor sequence Learning task_Recent_Experiment_Tutorial 4_Urvashi Bhansali_AU2320139,,2025.2.0,None,2025-10-01 15h06.40.172993 +0530,
150,v,187,3,46,,,,,v,1,0.9885897909998675,None,,,,,46,3,187,1,992.6777044999999,,,,,,,,,,,,,,,,992.6625018329996,992.6777044999999,993.6595135829994,993.6595135829994,993.6595135829994,993.6595135829994,993.6762526249995,994.6596252079999,994.6596252079999,995.6622097499994,v,1,0.9885897909998675,None,u-2_50,"001",2025-10-01_15h06.40.147,Motor sequence Learning task_Recent_Experiment_Tutorial 4_Urvashi Bhansali_AU2320139,,2025.2.0,None,2025-10-01 15h06.40.172993 +0530,
-50,x,188,0,47,,,,,x,1,0.619689999000002,None,,,,,47,0,188,0,995.6775686669998,,,,,,,,,,,,,,,,995.6627740829999,995.6775686669998,996.6596462919997,996.6596462919997,996.6596462919997,996.6596462919997,996.676709458,997.6594318749994,997.6594318749994,998.2962826249995,x,1,0.619689999000002,None,u-2_50,"001",2025-10-01_15h06.40.147,Motor sequence Learning task_Recent_Experiment_Tutorial 4_Urvashi Bhansali_AU2320139,,2025.2.0,None,2025-10-01 15h06.40.172993 +0530,
150,v,189,1,47,,,,,v,1,0.7401280410003892,None,,,,,47,1,189,1,998.3110106249997,,,,,,,,,,,,,,,,998.2974777079999,998.3110106249997,999.29287475,999.29287475,999.29287475,999.29287475,999.3100614579998,1000.2928932499999,1000.2928932499999,1001.035584708,v,1,0.7401280410003892,None,u-2_50,"001",2025-10-01_15h06.40.147,Motor sequence Learning task_Recent_Experiment_Tutorial 4_Urvashi Bhansali_AU2320139,,2025.2.0,None,2025-10-01 15h06.40.172993 +0530,
50,c,190,2,47,,,,,c,1,0.9248755419994268,None,,,,,47,2,190,2,1001.0463804999999,,,,,,,,,,,,,,,,1001.0363438329996,1001.0463804999999,1002.0349454579991,1002.0349454579991,1002.0349454579991,1002.0349454579991,1002.0609651249997,1003.0341143329997,1003.0341143329997,1003.9610897079992,c,1,0.9248755419994268,None,u-2_50,"001",2025-10-01_15h06.40.147,Motor sequence Learning task_Recent_Experiment_Tutorial 4_Urvashi Bhansali_AU2320139,,2025.2.0,None,2025-10-01 15h06.40.172993 +0530,
-150,z,191,3,47,,,,,z,1,1.0773415829999067,None,,,,,47,3,191,3,1003.971953583,,,,,,,,,,,,,,,,1003.9616200829996,1003.971953583,1004.9596792079992,1004.9596792079992,1004.9596792079992,1004.9596792079992,1004.9668484579997,1005.959547208,1005.959547208,1007.0447357079993,z,1,1.0773415829999067,None,u-2_50,"001",2025-10-01_15h06.40.147,Motor sequence Learning task_Recent_Experiment_Tutorial 4_Urvashi Bhansali_AU2320139,,2025.2.0,None,2025-10-01 15h06.40.172993 +0530,
-150,z,192,0,48,,,,,z,1,0.7308214579998094,None,,,,,48,0,192,3,1007.0548860419995,,,,,,,,,,,,,,,,1007.0452999999998,1007.0548860419995,1008.0429967079999,1008.0429967079999,1008.0429967079999,1008.0429967079999,1008.0505383329992,1009.042933875,1009.042933875,1009.778081292,z,1,0.7308214579998094,None,u-2_50,"001",2025-10-01_15h06.40.147,Motor sequence Learning task_Recent_Experiment_Tutorial 4_Urvashi Bhansali_AU2320139,,2025.2.0,None,2025-10-01 15h06.40.172993 +0530,
50,c,193,1,48,,,,,c,1,1.5855979170000865,None,,,,,48,1,193,2,1009.7890347499997,,,,,,,,,,,,,,,,1009.778664167,1009.7890347499997,1010.7761725419996,1010.7761725419996,1010.7761725419996,1010.7761725419996,1010.7832230829999,1011.7761449999998,1011.7761449999998,1013.3686244579994,c,1,1.5855979170000865,None,u-2_50,"001",2025-10-01_15h06.40.147,Motor sequence Learning task_Recent_Experiment_Tutorial 4_Urvashi Bhansali_AU2320139,,2025.2.0,None,2025-10-01 15h06.40.172993 +0530,
150,v,194,2,48,,,,,v,1,1.8700745830001324,None,,,,,48,2,194,1,1013.3795225419999,,,,,,,,,,,,,,,,1013.3691965829994,1013.3795225419999,1014.3673817079998,1014.3673817079998,1014.3673817079998,1014.3673817079998,1014.3767440829997,1015.3676056249997,1015.3676056249997,1017.2452148749999,v,1,1.8700745830001324,None,u-2_50,"001",2025-10-01_15h06.40.147,Motor sequence Learning task_Recent_Experiment_Tutorial 4_Urvashi Bhansali_AU2320139,,2025.2.0,None,2025-10-01 15h06.40.172993 +0530,
-50,x,195,3,48,,,,,x,1,0.7176564170003985,None,,,,,48,3,195,0,1017.2554720419994,,,,,,,,,,,,,,,,1017.2457760419993,1017.2554720419994,1018.2427562499997,1018.2427562499997,1018.2427562499997,1018.2427562499997,1018.2505664579994,1019.2427955419998,1019.2427955419998,1019.9684439999992,x,1,0.7176564170003985,None,u-2_50,"001",2025-10-01_15h06.40.147,Motor sequence Learning task_Recent_Experiment_Tutorial 4_Urvashi Bhansali_AU2320139,,2025.2.0,None,2025-10-01 15h06.40.172993 +0530,
50,c,196,0,49,,,,,c,1,0.8559070000001157,None,,,,,49,0,196,2,1019.9796946669994,,,,,,,,,,,,,,,,1019.9690422499998,1019.9796946669994,1020.9679562919991,1020.9679562919991,1020.9679562919991,1020.9679562919991,1020.9767574169991,1021.9676426669994,1021.9676426669994,1022.8279656249997,c,1,0.8559070000001157,None,u-2_50,"001",2025-10-01_15h06.40.147,Motor sequence Learning task_Recent_Experiment_Tutorial 4_Urvashi Bhansali_AU2320139,,2025.2.0,None,2025-10-01 15h06.40.172993 +0530,
-50,x,197,1,49,,,,,x,1,1.4037370410005678,None,,,,,49,1,197,0,1022.8383083749995,,,,,,,,,,,,,,,,1022.828607292,1022.8383083749995,1023.8261737499997,1023.8261737499997,1023.8261737499997,1023.8261737499997,1023.8336741249996,1024.8175751669996,1024.8175751669996,1026.2280249999994,x,1,1.4037370410005678,None,u-2_50,"001",2025-10-01_15h06.40.147,Motor sequence Learning task_Recent_Experiment_Tutorial 4_Urvashi Bhansali_AU2320139,,2025.2.0,None,2025-10-01 15h06.40.172993 +0530,
150,v,198,2,49,,,,,v,1,0.7862218330001269,None,,,,,49,2,198,1,1026.2385959169997,,,,,,,,,,,,,,,,1026.2287592079992,1026.2385959169997,1027.2262052079996,1027.2262052079996,1027.2262052079996,1027.2262052079996,1027.2335792919994,1028.2261269579994,1028.2261269579994,1029.018464625,v,1,0.7862218330001269,None,u-2_50,"001",2025-10-01_15h06.40.147,Motor sequence Learning task_Recent_Experiment_Tutorial 4_Urvashi Bhansali_AU2320139,,2025.2.0,None,2025-10-01 15h06.40.172993 +0530,
-150,z,199,3,49,,,,,z,1,0.8545837909996408,None,,,,,49,3,199,3,1029.029628708,,,,,,,,,,,,,,,,1029.0190337919994,1029.029628708,1030.0173408749997,1030.0173408749997,1030.0173408749997,1030.0173408749997,1030.0264584999995,1031.0276518329993,1031.0276518329993,1031.8852513329994,z,1,0.8545837909996408,None,u-2_50,"001",2025-10-01_15h06.40.147,Motor sequence Learning task_Recent_Experiment_Tutorial 4_Urvashi Bhansali_AU2320139,,2025.2.0,None,2025-10-01 15h06.40.172993 +0530,
