24.7621 	WARNING 	Font Manager failed to load file /System/Library/PrivateFrameworks/FontServices.framework/Resources/Reserved/PingFangUI.ttc
24.8049 	WARNING 	Font Manager failed to load file /System/Library/PrivateFrameworks/FontServices.framework/Resources/Reserved/PingFangUI.ttc
38.9094 	INFO 	Loaded monitor calibration from ['2025_08_12 07:11']
38.9211 	WARNING 	User requested fullscreen with size [1024  768], but screen is actually [1470, 956]. Using actual size
39.1620 	INFO 	Using renderer 'Apple M2' for graphics
39.1621 	INFO 	OpenGL version supported by driver is 2..
39.2133 	EXP 	Created window1 = Window(allowGUI=False, allowStencil=False, autoLog=True, backendConf=UNKNOWN, backgroundFit=<method-wrapper '__getattribute__' of attributeSetter object at 0x154ab68f0>, backgroundImage=<method-wrapper '__getattribute__' of attributeSetter object at 0x154ab6950>, bitsMode=UNKNOWN, blendMode='avg', bpc=(8, 8, 8), color=array([0, 0, 0]), colorSpace='rgb', depthBits=8, fullscr=True, gamma=None, gammaErrorPolicy='raise', infoMsg=UNKNOWN, lms=UNKNOWN, monitor=<psychopy.monitors.calibTools.Monitor object at 0x154322c20>, multiSample=False, name='window1', numSamples=2, pos=[np.float64(0.0), np.float64(0.0)], screen=0, size=array([2940, 1912]), stencilBits=0, stereo=False, title='PsychoPy', units='height', useFBO=True, useRetina=True, viewOri=0.0, viewPos=None, viewScale=None, waitBlanking=True, winType='pyglet')
39.2134 	EXP 	window1: backgroundImage = ''
39.2134 	EXP 	window1: backgroundFit = 'none'
39.5419 	EXP 	window1: Attempting to measure frame rate of screen (0) ...
39.5419 	EXP 	window1: recordFrameIntervals = False
39.8208 	EXP 	window1: recordFrameIntervals = True
40.6539 	WARNING 	Couldn't measure a consistent frame rate!
  - Is your graphics card set to sync to vertical blank?
  - Are you running other processes on your computer?

42.0932 	INFO 	keyboard.Keyboard is using ptb backend.
42.0932 	EXP 	Motor sequence Learning task_Recent_Experiment_Tutorial 4_Urvashi Bhansali_AU2320139: status = STARTED
42.0995 	EXP 	Created Fixation = ShapeStim(__class__=<class 'psychopy.visual.shape.ShapeStim'>, anchor=('center', 'center'), autoDraw=False, autoLog=True, closeShape=True, color=method-wrapper(...), colorSpace='rgb', contrast=None, depth=0.0, draggable=False, fillColor=array([-1.    ,  0.0902,  0.0902]), fillColorSpace='rgb', fillRGB=array([-1.    ,  0.0902,  0.0902]), interpolate=True, lineColor=array([1., 1., 1.]), lineColorSpace='rgb', lineRGB=array([1, 1, 1]), lineWidth=1.0, name='Fixation', opacity=1, ori=0.0, pos=array([0., 0.]), size=array([10., 10.]), units='pix', vertices=ndarray(...), win=Window(...), windingRule=None)
42.1002 	EXP 	Created line1 = Rect(__class__=<class 'psychopy.visual.rect.Rect'>, anchor=('center', 'center'), autoDraw=False, autoLog=True, closeShape=True, color=method-wrapper(...), colorSpace='rgb', contrast=None, depth=-1.0, draggable=False, fillColor=array([1, 1, 1]), fillColorSpace='rgb', fillRGB=array([1, 1, 1]), interpolate=True, lineColor=array([1., 1., 1.]), lineColorSpace='rgb', lineRGB=array([1, 1, 1]), lineWidth=1.0, name='line1', opacity=1, ori=90.0, pos=array([-150.,    0.]), size=array([100.,  10.]), units='pix', vertices=ndarray(...), win=Window(...))
42.1008 	EXP 	Created line2 = Rect(__class__=<class 'psychopy.visual.rect.Rect'>, anchor=('center', 'center'), autoDraw=False, autoLog=True, closeShape=True, color=method-wrapper(...), colorSpace='rgb', contrast=None, depth=-2.0, draggable=False, fillColor=array([1, 1, 1]), fillColorSpace='rgb', fillRGB=array([1, 1, 1]), interpolate=True, lineColor=array([1., 1., 1.]), lineColorSpace='rgb', lineRGB=array([1, 1, 1]), lineWidth=1.0, name='line2', opacity=1, ori=90.0, pos=array([-50.,   0.]), size=array([100.,  10.]), units='pix', vertices=ndarray(...), win=Window(...))
42.1014 	EXP 	Created line3 = Rect(__class__=<class 'psychopy.visual.rect.Rect'>, anchor=('center', 'center'), autoDraw=False, autoLog=True, closeShape=True, color=method-wrapper(...), colorSpace='rgb', contrast=None, depth=-3.0, draggable=False, fillColor=array([1, 1, 1]), fillColorSpace='rgb', fillRGB=array([1, 1, 1]), interpolate=True, lineColor=array([1., 1., 1.]), lineColorSpace='rgb', lineRGB=array([1, 1, 1]), lineWidth=1.0, name='line3', opacity=1, ori=90.0, pos=array([50.,  0.]), size=array([100.,  10.]), units='pix', vertices=ndarray(...), win=Window(...))
42.1020 	EXP 	Created line4 = Rect(__class__=<class 'psychopy.visual.rect.Rect'>, anchor=('center', 'center'), autoDraw=False, autoLog=True, closeShape=True, color=method-wrapper(...), colorSpace='rgb', contrast=None, depth=-4.0, draggable=False, fillColor=array([1, 1, 1]), fillColorSpace='rgb', fillRGB=array([1, 1, 1]), interpolate=True, lineColor=array([1., 1., 1.]), lineColorSpace='rgb', lineRGB=array([1, 1, 1]), lineWidth=1.0, name='line4', opacity=1, ori=90.0, pos=array([150.,   0.]), size=array([100.,  10.]), units='pix', vertices=ndarray(...), win=Window(...))
42.1032 	EXP 	Created protrianglefixation = ShapeStim(__class__=<class 'psychopy.visual.shape.ShapeStim'>, anchor=('center', 'center'), autoDraw=False, autoLog=True, closeShape=True, color=method-wrapper(...), colorSpace='rgb', contrast=None, depth=-5.0, draggable=False, fillColor=array([1, 1, 1]), fillColorSpace='rgb', fillRGB=array([1, 1, 1]), interpolate=True, lineColor=array([1., 1., 1.]), lineColorSpace='rgb', lineRGB=array([1, 1, 1]), lineWidth=1.0, name='protrianglefixation', opacity=1, ori=0.0, pos=array([0., 0.]), size=array([10., 10.]), units='pix', vertices=ndarray(...), win=Window(...), windingRule=None)
42.1063 	EXP 	Created Fixation_2 = ShapeStim(__class__=<class 'psychopy.visual.shape.ShapeStim'>, anchor=('center', 'center'), autoDraw=False, autoLog=True, closeShape=True, color=method-wrapper(...), colorSpace='rgb', contrast=None, depth=0.0, draggable=False, fillColor=array([-1.    ,  0.0902,  0.0902]), fillColorSpace='rgb', fillRGB=array([-1.    ,  0.0902,  0.0902]), interpolate=True, lineColor=array([1., 1., 1.]), lineColorSpace='rgb', lineRGB=array([1, 1, 1]), lineWidth=1.0, name='Fixation_2', opacity=1, ori=0.0, pos=array([0., 0.]), size=array([10., 10.]), units='pix', vertices=ndarray(...), win=Window(...), windingRule=None)
42.1069 	EXP 	Created line1_2 = Rect(__class__=<class 'psychopy.visual.rect.Rect'>, anchor=('center', 'center'), autoDraw=False, autoLog=True, closeShape=True, color=method-wrapper(...), colorSpace='rgb', contrast=None, depth=-1.0, draggable=False, fillColor=array([1, 1, 1]), fillColorSpace='rgb', fillRGB=array([1, 1, 1]), interpolate=True, lineColor=array([1., 1., 1.]), lineColorSpace='rgb', lineRGB=array([1, 1, 1]), lineWidth=1.0, name='line1_2', opacity=1, ori=90.0, pos=array([-150.,    0.]), size=array([100.,  10.]), units='pix', vertices=ndarray(...), win=Window(...))
42.1075 	EXP 	Created line2_2 = Rect(__class__=<class 'psychopy.visual.rect.Rect'>, anchor=('center', 'center'), autoDraw=False, autoLog=True, closeShape=True, color=method-wrapper(...), colorSpace='rgb', contrast=None, depth=-2.0, draggable=False, fillColor=array([1, 1, 1]), fillColorSpace='rgb', fillRGB=array([1, 1, 1]), interpolate=True, lineColor=array([1., 1., 1.]), lineColorSpace='rgb', lineRGB=array([1, 1, 1]), lineWidth=1.0, name='line2_2', opacity=1, ori=90.0, pos=array([-50.,   0.]), size=array([100.,  10.]), units='pix', vertices=ndarray(...), win=Window(...))
42.1081 	EXP 	Created line3_2 = Rect(__class__=<class 'psychopy.visual.rect.Rect'>, anchor=('center', 'center'), autoDraw=False, autoLog=True, closeShape=True, color=method-wrapper(...), colorSpace='rgb', contrast=None, depth=-3.0, draggable=False, fillColor=array([1, 1, 1]), fillColorSpace='rgb', fillRGB=array([1, 1, 1]), interpolate=True, lineColor=array([1., 1., 1.]), lineColorSpace='rgb', lineRGB=array([1, 1, 1]), lineWidth=1.0, name='line3_2', opacity=1, ori=90.0, pos=array([50.,  0.]), size=array([100.,  10.]), units='pix', vertices=ndarray(...), win=Window(...))
42.1086 	EXP 	Created line4_2 = Rect(__class__=<class 'psychopy.visual.rect.Rect'>, anchor=('center', 'center'), autoDraw=False, autoLog=True, closeShape=True, color=method-wrapper(...), colorSpace='rgb', contrast=None, depth=-4.0, draggable=False, fillColor=array([1, 1, 1]), fillColorSpace='rgb', fillRGB=array([1, 1, 1]), interpolate=True, lineColor=array([1., 1., 1.]), lineColorSpace='rgb', lineRGB=array([1, 1, 1]), lineWidth=1.0, name='line4_2', opacity=1, ori=90.0, pos=array([150.,   0.]), size=array([100.,  10.]), units='pix', vertices=ndarray(...), win=Window(...))
42.1095 	EXP 	Created protrianglefixation_2 = ShapeStim(__class__=<class 'psychopy.visual.shape.ShapeStim'>, anchor=('center', 'center'), autoDraw=False, autoLog=True, closeShape=True, color=method-wrapper(...), colorSpace='rgb', contrast=None, depth=-5.0, draggable=False, fillColor=array([1, 1, 1]), fillColorSpace='rgb', fillRGB=array([1, 1, 1]), interpolate=True, lineColor=array([1., 1., 1.]), lineColorSpace='rgb', lineRGB=array([1, 1, 1]), lineWidth=1.0, name='protrianglefixation_2', opacity=1, ori=0.0, pos=array([0., 0.]), size=array([10., 10.]), units='pix', vertices=ndarray(...), win=Window(...), windingRule=None)
0.0431 	EXP 	Imported /Users/urvashibhansali/Documents/AU (1-4 years) /3rd Year/Semester 5 Monsoon 25-26/PSY310/Lab Reports/Motor Sequential Task/Conditions File/Visual variables.csv as conditions, 4 conditions, 2 params
0.0484 	EXP 	New trial (rep=0, index=0): <Trial 0 (0 in rep 0) data={'pos': np.int64(-50), 'corr_resp': 'x', 'thisN': 0, 'thisTrialN': 0, 'thisRepN': 0}>
0.0670 	WARNING 	t of last frame was 58.18ms (=1/17)
0.0670 	EXP 	Fixation: autoDraw = True
0.8459 	WARNING 	t of last frame was 26.12ms (=1/38)
0.9464 	WARNING 	t of last frame was 26.28ms (=1/38)
1.0235 	WARNING 	t of last frame was 38.65ms (=1/25)
1.0235 	EXP 	line1: autoDraw = True
1.0235 	EXP 	line2: autoDraw = True
1.0235 	EXP 	line3: autoDraw = True
1.0235 	EXP 	line4: autoDraw = True
1.0613 	EXP 	Fixation: autoDraw = False
1.8795 	WARNING 	Multiple dropped frames have occurred - I'll stop bothering you about them!
1.9955 	INFO 	Keyboard events cleared
1.9953 	EXP 	protrianglefixation: autoDraw = True
3.6722 	EXP 	Device response: <KeyPress from None: t=3.2219018329997198, value=x, duration=None>
3.6723 	EXP 	Device response: <KeyPress from None: t=3.2219018329997198, value=x, duration=0.06757754199952615>
3.6724 	EXP 	New trial (rep=0, index=1): <Trial 1 (1 in rep 0) data={'pos': np.int64(150), 'corr_resp': 'v', 'thisN': 1, 'thisTrialN': 1, 'thisRepN': 0}>
3.6899 	DATA 	Keypress: x
3.6942 	EXP 	Fixation: autoDraw = False
3.6942 	EXP 	line1: autoDraw = False
3.6942 	EXP 	line2: autoDraw = False
3.6942 	EXP 	line3: autoDraw = False
3.6942 	EXP 	line4: autoDraw = False
3.6942 	EXP 	protrianglefixation: autoDraw = False
3.6942 	EXP 	Fixation: autoDraw = True
4.6707 	EXP 	line1: autoDraw = True
4.6707 	EXP 	line2: autoDraw = True
4.6707 	EXP 	line3: autoDraw = True
4.6707 	EXP 	line4: autoDraw = True
4.7131 	EXP 	Fixation: autoDraw = False
5.6705 	INFO 	Keyboard events cleared
5.6703 	EXP 	protrianglefixation: autoDraw = True
6.7311 	EXP 	Device response: <KeyPress from None: t=6.719890707999184, value=v, duration=None>
6.7316 	EXP 	New trial (rep=0, index=2): <Trial 2 (2 in rep 0) data={'pos': np.int64(50), 'corr_resp': 'c', 'thisN': 2, 'thisTrialN': 2, 'thisRepN': 0}>
6.7386 	DATA 	Keypress: v
6.7441 	EXP 	Fixation: autoDraw = False
6.7441 	EXP 	line1: autoDraw = False
6.7441 	EXP 	line2: autoDraw = False
6.7441 	EXP 	line3: autoDraw = False
6.7441 	EXP 	line4: autoDraw = False
6.7441 	EXP 	protrianglefixation: autoDraw = False
6.7441 	EXP 	Fixation: autoDraw = True
6.7859 	EXP 	Device response: <KeyPress from None: t=6.719890707999184, value=v, duration=0.05949070800033951>
7.7287 	EXP 	line1: autoDraw = True
7.7287 	EXP 	line2: autoDraw = True
7.7287 	EXP 	line3: autoDraw = True
7.7287 	EXP 	line4: autoDraw = True
7.7361 	EXP 	Fixation: autoDraw = False
8.7466 	INFO 	Keyboard events cleared
8.7464 	EXP 	protrianglefixation: autoDraw = True
9.3630 	EXP 	Device response: <KeyPress from None: t=9.35611279099976, value=c, duration=None>
9.3634 	EXP 	New trial (rep=0, index=3): <Trial 3 (3 in rep 0) data={'pos': np.int64(-150), 'corr_resp': 'z', 'thisN': 3, 'thisTrialN': 3, 'thisRepN': 0}>
9.3686 	DATA 	Keypress: c
9.3735 	EXP 	Fixation: autoDraw = False
9.3735 	EXP 	line1: autoDraw = False
9.3735 	EXP 	line2: autoDraw = False
9.3735 	EXP 	line3: autoDraw = False
9.3735 	EXP 	line4: autoDraw = False
9.3735 	EXP 	protrianglefixation: autoDraw = False
9.3735 	EXP 	Fixation: autoDraw = True
9.4627 	EXP 	Device response: <KeyPress from None: t=9.35611279099976, value=c, duration=0.10425062499962223>
10.3614 	EXP 	line1: autoDraw = True
10.3614 	EXP 	line2: autoDraw = True
10.3614 	EXP 	line3: autoDraw = True
10.3614 	EXP 	line4: autoDraw = True
10.3690 	EXP 	Fixation: autoDraw = False
11.3615 	INFO 	Keyboard events cleared
11.3612 	EXP 	protrianglefixation: autoDraw = True
12.1129 	EXP 	Device response: <KeyPress from None: t=12.111072999999124, value=x, duration=None>
12.1134 	EXP 	New trial (rep=1, index=0): <Trial 4 (0 in rep 1) data={'pos': np.int64(-50), 'corr_resp': 'x', 'thisN': 4, 'thisTrialN': 0, 'thisRepN': 1}>
12.1200 	DATA 	Keypress: x
12.1252 	EXP 	Fixation: autoDraw = False
12.1252 	EXP 	line1: autoDraw = False
12.1252 	EXP 	line2: autoDraw = False
12.1252 	EXP 	line3: autoDraw = False
12.1252 	EXP 	line4: autoDraw = False
12.1252 	EXP 	protrianglefixation: autoDraw = False
12.1252 	EXP 	Fixation: autoDraw = True
12.2630 	EXP 	Device response: <KeyPress from None: t=12.111072999999124, value=x, duration=0.14829412500057515>
13.1130 	EXP 	line1: autoDraw = True
13.1130 	EXP 	line2: autoDraw = True
13.1130 	EXP 	line3: autoDraw = True
13.1130 	EXP 	line4: autoDraw = True
13.1202 	EXP 	Fixation: autoDraw = False
14.1114 	INFO 	Keyboard events cleared
14.1111 	EXP 	protrianglefixation: autoDraw = True
14.9135 	EXP 	Device response: <KeyPress from None: t=14.908995290999883, value=x, duration=None>
14.9139 	EXP 	New trial (rep=1, index=1): <Trial 5 (1 in rep 1) data={'pos': np.int64(150), 'corr_resp': 'v', 'thisN': 5, 'thisTrialN': 1, 'thisRepN': 1}>
14.9344 	DATA 	Keypress: x
14.9392 	EXP 	Fixation: autoDraw = False
14.9392 	EXP 	line1: autoDraw = False
14.9392 	EXP 	line2: autoDraw = False
14.9392 	EXP 	line3: autoDraw = False
14.9392 	EXP 	line4: autoDraw = False
14.9392 	EXP 	protrianglefixation: autoDraw = False
14.9392 	EXP 	Fixation: autoDraw = True
14.9795 	EXP 	Device response: <KeyPress from None: t=14.908995290999883, value=x, duration=0.0602932920000967>
15.9112 	EXP 	line1: autoDraw = True
15.9112 	EXP 	line2: autoDraw = True
15.9112 	EXP 	line3: autoDraw = True
15.9112 	EXP 	line4: autoDraw = True
15.9355 	EXP 	Fixation: autoDraw = False
16.9131 	INFO 	Keyboard events cleared
16.9129 	EXP 	protrianglefixation: autoDraw = True
17.8136 	EXP 	Device response: <KeyPress from None: t=17.810851957999148, value=v, duration=None>
17.8141 	EXP 	New trial (rep=1, index=2): <Trial 6 (2 in rep 1) data={'pos': np.int64(50), 'corr_resp': 'c', 'thisN': 6, 'thisTrialN': 2, 'thisRepN': 1}>
17.8210 	DATA 	Keypress: v
17.8261 	EXP 	Fixation: autoDraw = False
17.8261 	EXP 	line1: autoDraw = False
17.8261 	EXP 	line2: autoDraw = False
17.8261 	EXP 	line3: autoDraw = False
17.8261 	EXP 	line4: autoDraw = False
17.8261 	EXP 	protrianglefixation: autoDraw = False
17.8261 	EXP 	Fixation: autoDraw = True
17.9014 	EXP 	Device response: <KeyPress from None: t=17.810851957999148, value=v, duration=0.0844011250001131>
18.8122 	EXP 	line1: autoDraw = True
18.8122 	EXP 	line2: autoDraw = True
18.8122 	EXP 	line3: autoDraw = True
18.8122 	EXP 	line4: autoDraw = True
18.8190 	EXP 	Fixation: autoDraw = False
19.8114 	INFO 	Keyboard events cleared
19.8112 	EXP 	protrianglefixation: autoDraw = True
20.0487 	EXP 	Device response: <KeyPress from None: t=20.044901665999532, value=c, duration=None>
20.0490 	EXP 	New trial (rep=1, index=3): <Trial 7 (3 in rep 1) data={'pos': np.int64(-150), 'corr_resp': 'z', 'thisN': 7, 'thisTrialN': 3, 'thisRepN': 1}>
20.0526 	DATA 	Keypress: c
20.0625 	EXP 	Fixation: autoDraw = False
20.0625 	EXP 	line1: autoDraw = False
20.0625 	EXP 	line2: autoDraw = False
20.0625 	EXP 	line3: autoDraw = False
20.0625 	EXP 	line4: autoDraw = False
20.0625 	EXP 	protrianglefixation: autoDraw = False
20.0625 	EXP 	Fixation: autoDraw = True
20.1637 	EXP 	Device response: <KeyPress from None: t=20.044901665999532, value=c, duration=0.11222270899997966>
21.0533 	EXP 	Fixation: autoDraw = False
21.0533 	EXP 	line1: autoDraw = True
21.0533 	EXP 	line2: autoDraw = True
21.0533 	EXP 	line3: autoDraw = True
21.0533 	EXP 	line4: autoDraw = True
22.0448 	INFO 	Keyboard events cleared
22.0445 	EXP 	protrianglefixation: autoDraw = True
22.6060 	EXP 	Device response: <KeyPress from None: t=22.5998374159999, value=z, duration=None>
22.6065 	EXP 	New trial (rep=2, index=0): <Trial 8 (0 in rep 2) data={'pos': np.int64(-50), 'corr_resp': 'x', 'thisN': 8, 'thisTrialN': 0, 'thisRepN': 2}>
22.6133 	DATA 	Keypress: z
22.6182 	EXP 	Fixation: autoDraw = False
22.6182 	EXP 	line1: autoDraw = False
22.6182 	EXP 	line2: autoDraw = False
22.6182 	EXP 	line3: autoDraw = False
22.6182 	EXP 	line4: autoDraw = False
22.6182 	EXP 	protrianglefixation: autoDraw = False
22.6182 	EXP 	Fixation: autoDraw = True
22.7140 	EXP 	Device response: <KeyPress from None: t=22.5998374159999, value=z, duration=0.1083254589993885>
23.6028 	EXP 	line1: autoDraw = True
23.6028 	EXP 	line2: autoDraw = True
23.6028 	EXP 	line3: autoDraw = True
23.6028 	EXP 	line4: autoDraw = True
23.6112 	EXP 	Fixation: autoDraw = False
24.5198 	EXP 	Device response: <KeyPress from None: t=24.515815707999536, value=x, duration=None>
24.5265 	DATA 	Keypress: x
24.6026 	INFO 	Keyboard events cleared
24.6024 	EXP 	protrianglefixation: autoDraw = True
24.6366 	EXP 	Device response: <KeyPress from None: t=24.515815707999536, value=x, duration=0.11228208299962716>
24.9297 	EXP 	Device response: <KeyPress from None: t=24.920684582999456, value=x, duration=None>
24.9302 	EXP 	New trial (rep=2, index=1): <Trial 9 (1 in rep 2) data={'pos': np.int64(150), 'corr_resp': 'v', 'thisN': 9, 'thisTrialN': 1, 'thisRepN': 2}>
24.9371 	DATA 	Keypress: x
24.9424 	EXP 	Fixation: autoDraw = False
24.9424 	EXP 	line1: autoDraw = False
24.9424 	EXP 	line2: autoDraw = False
24.9424 	EXP 	line3: autoDraw = False
24.9424 	EXP 	line4: autoDraw = False
24.9424 	EXP 	protrianglefixation: autoDraw = False
24.9424 	EXP 	Fixation: autoDraw = True
25.0465 	EXP 	Device response: <KeyPress from None: t=24.920684582999456, value=x, duration=0.11638183300055971>
25.9461 	EXP 	Fixation: autoDraw = False
25.9461 	EXP 	line1: autoDraw = True
25.9461 	EXP 	line2: autoDraw = True
25.9461 	EXP 	line3: autoDraw = True
25.9461 	EXP 	line4: autoDraw = True
26.2541 	EXP 	Device response: <KeyPress from None: t=26.25171487499938, value=v, duration=None>
26.2605 	DATA 	Keypress: v
26.2963 	EXP 	Device response: <KeyPress from None: t=26.25171487499938, value=v, duration=0.03625620799994067>
26.4142 	EXP 	Device response: <KeyPress from None: t=26.396729290999247, value=v, duration=None>
26.4204 	DATA 	Keypress: v
26.4471 	EXP 	Device response: <KeyPress from None: t=26.396729290999247, value=v, duration=0.048312208999959694>
26.5302 	EXP 	Device response: <KeyPress from None: t=26.52778124999986, value=v, duration=None>
26.5361 	DATA 	Keypress: v
26.6029 	EXP 	Device response: <KeyPress from None: t=26.52778124999986, value=v, duration=0.06816149999940535>
26.6856 	EXP 	Device response: <KeyPress from None: t=26.682736915999158, value=v, duration=None>
26.6905 	DATA 	Keypress: v
26.7537 	EXP 	Device response: <KeyPress from None: t=26.682736915999158, value=v, duration=0.06834395900023083>
26.8383 	EXP 	Device response: <KeyPress from None: t=26.83172999999988, value=v, duration=None>
26.8434 	DATA 	Keypress: v
26.8867 	EXP 	Device response: <KeyPress from None: t=26.83172999999988, value=v, duration=0.05232262499976059>
26.9281 	INFO 	Keyboard events cleared
26.9279 	EXP 	protrianglefixation: autoDraw = True
26.9624 	EXP 	Device response: <KeyPress from None: t=26.959694499999387, value=v, duration=None>
26.9628 	EXP 	New trial (rep=2, index=2): <Trial 10 (2 in rep 2) data={'pos': np.int64(50), 'corr_resp': 'c', 'thisN': 10, 'thisTrialN': 2, 'thisRepN': 2}>
26.9661 	DATA 	Keypress: v
26.9706 	EXP 	Fixation: autoDraw = False
26.9706 	EXP 	line1: autoDraw = False
26.9706 	EXP 	line2: autoDraw = False
26.9706 	EXP 	line3: autoDraw = False
26.9706 	EXP 	line4: autoDraw = False
26.9706 	EXP 	protrianglefixation: autoDraw = False
26.9706 	EXP 	Fixation: autoDraw = True
27.0463 	EXP 	Device response: <KeyPress from None: t=26.959694499999387, value=v, duration=0.07624695800041081>
27.1147 	EXP 	Device response: <KeyPress from None: t=27.104758332999154, value=v, duration=None>
27.1199 	DATA 	Keypress: v
27.1644 	EXP 	Device response: <KeyPress from None: t=27.104758332999154, value=v, duration=0.05631904200072313>
27.8643 	EXP 	Device response: <KeyPress from None: t=27.84875770799954, value=c, duration=None>
27.8701 	DATA 	Keypress: c
27.9132 	EXP 	Device response: <KeyPress from None: t=27.84875770799954, value=c, duration=0.06025583300015569>
27.9630 	EXP 	line1: autoDraw = True
27.9630 	EXP 	line2: autoDraw = True
27.9630 	EXP 	line3: autoDraw = True
27.9630 	EXP 	line4: autoDraw = True
27.9697 	EXP 	Fixation: autoDraw = False
28.0462 	EXP 	Device response: <KeyPress from None: t=28.040634540999235, value=c, duration=None>
28.0508 	DATA 	Keypress: c
28.0964 	EXP 	Device response: <KeyPress from None: t=28.040634540999235, value=c, duration=0.04841591700005665>
28.1961 	EXP 	Device response: <KeyPress from None: t=28.192610415999297, value=c, duration=None>
28.2013 	DATA 	Keypress: c
28.2461 	EXP 	Device response: <KeyPress from None: t=28.192610415999297, value=c, duration=0.04842800000005809>
28.3292 	EXP 	Device response: <KeyPress from None: t=28.32169445799991, value=c, duration=None>
28.3344 	DATA 	Keypress: c
28.3966 	EXP 	Device response: <KeyPress from None: t=28.32169445799991, value=c, duration=0.07231341699935001>
28.4800 	EXP 	Device response: <KeyPress from None: t=28.473681540999678, value=c, duration=None>
28.4849 	DATA 	Keypress: c
28.5355 	EXP 	Device response: <KeyPress from None: t=28.473681540999678, value=c, duration=0.056237416999465495>
28.6195 	EXP 	Device response: <KeyPress from None: t=28.616679374999876, value=c, duration=None>
28.6245 	DATA 	Keypress: c
28.6791 	EXP 	Device response: <KeyPress from None: t=28.616679374999876, value=c, duration=0.052253707999625476>
28.7702 	EXP 	Device response: <KeyPress from None: t=28.76663195799938, value=c, duration=None>
28.7748 	DATA 	Keypress: c
28.8139 	EXP 	Device response: <KeyPress from None: t=28.76663195799938, value=c, duration=0.044287167000220506>
28.9130 	EXP 	Device response: <KeyPress from None: t=28.90358733299945, value=c, duration=None>
28.9178 	DATA 	Keypress: c
28.9508 	INFO 	Keyboard events cleared
28.9507 	EXP 	protrianglefixation: autoDraw = True
28.9623 	EXP 	Device response: <KeyPress from None: t=28.90358733299945, value=c, duration=0.056313582999791834>
29.0455 	EXP 	Device response: <KeyPress from None: t=29.037712124999416, value=c, duration=None>
29.0459 	EXP 	New trial (rep=2, index=3): <Trial 11 (3 in rep 2) data={'pos': np.int64(-150), 'corr_resp': 'z', 'thisN': 11, 'thisTrialN': 3, 'thisRepN': 2}>
29.0487 	DATA 	Keypress: c
29.0532 	EXP 	Fixation: autoDraw = False
29.0532 	EXP 	line1: autoDraw = False
29.0532 	EXP 	line2: autoDraw = False
29.0532 	EXP 	line3: autoDraw = False
29.0532 	EXP 	line4: autoDraw = False
29.0532 	EXP 	protrianglefixation: autoDraw = False
29.0532 	EXP 	Fixation: autoDraw = True
29.1040 	EXP 	Device response: <KeyPress from None: t=29.037712124999416, value=c, duration=0.06428891599989583>
29.1978 	EXP 	Device response: <KeyPress from None: t=29.176661790999788, value=c, duration=None>
29.2027 	DATA 	Keypress: c
29.2352 	EXP 	Device response: <KeyPress from None: t=29.176661790999788, value=c, duration=0.05629475000023376>
29.2964 	EXP 	Device response: <KeyPress from None: t=29.294668499999716, value=c, duration=None>
29.3011 	DATA 	Keypress: c
29.3459 	EXP 	Device response: <KeyPress from None: t=29.294668499999716, value=c, duration=0.048293415999978606>
30.0361 	EXP 	line1: autoDraw = True
30.0361 	EXP 	line2: autoDraw = True
30.0361 	EXP 	line3: autoDraw = True
30.0361 	EXP 	line4: autoDraw = True
30.0452 	EXP 	Fixation: autoDraw = False
30.2540 	EXP 	Device response: <KeyPress from None: t=30.247601874999418, value=z, duration=None>
30.2600 	DATA 	Keypress: z
30.3296 	EXP 	Device response: <KeyPress from None: t=30.247601874999418, value=z, duration=0.07635625000057189>
30.4147 	EXP 	Device response: <KeyPress from None: t=30.400579707999896, value=z, duration=None>
30.4210 	DATA 	Keypress: z
30.4236 	DATA 	Mouse: Left button down, pos=(1286,564)
30.4317 	DATA 	Mouse:  Left button up, pos=(1286,564)
30.4804 	EXP 	Device response: <KeyPress from None: t=30.400579707999896, value=z, duration=0.06834387499930017>
30.5461 	EXP 	Device response: <KeyPress from None: t=30.535595707999164, value=z, duration=None>
30.5524 	DATA 	Keypress: z
30.6123 	EXP 	Device response: <KeyPress from None: t=30.535595707999164, value=z, duration=0.06833408300008159>
30.6959 	EXP 	Device response: <KeyPress from None: t=30.68659049999951, value=z, duration=None>
30.7024 	DATA 	Keypress: z
30.7366 	EXP 	Device response: <KeyPress from None: t=30.68659049999951, value=z, duration=0.04829641600008472>
30.8194 	EXP 	Device response: <KeyPress from None: t=30.8155677499999, value=z, duration=None>
30.8250 	DATA 	Keypress: z
30.8798 	EXP 	Device response: <KeyPress from None: t=30.8155677499999, value=z, duration=0.060379083000043465>
30.9796 	EXP 	Device response: <KeyPress from None: t=30.9705129999993, value=z, duration=None>
30.9849 	DATA 	Keypress: z
31.0355 	INFO 	Keyboard events cleared
31.0354 	EXP 	protrianglefixation: autoDraw = True
31.0520 	EXP 	Device response: <KeyPress from None: t=30.9705129999993, value=z, duration=0.0803789580004377>
31.1455 	EXP 	Device response: <KeyPress from None: t=31.137647082999138, value=z, duration=None>
31.1459 	EXP 	New trial (rep=3, index=0): <Trial 12 (0 in rep 3) data={'pos': np.int64(-50), 'corr_resp': 'x', 'thisN': 12, 'thisTrialN': 0, 'thisRepN': 3}>
31.1492 	DATA 	Keypress: z
31.1536 	EXP 	Fixation: autoDraw = False
31.1536 	EXP 	line1: autoDraw = False
31.1536 	EXP 	line2: autoDraw = False
31.1536 	EXP 	line3: autoDraw = False
31.1536 	EXP 	line4: autoDraw = False
31.1536 	EXP 	protrianglefixation: autoDraw = False
31.1536 	EXP 	Fixation: autoDraw = True
31.2027 	EXP 	Device response: <KeyPress from None: t=31.137647082999138, value=z, duration=0.06026812500022061>
31.3139 	EXP 	Device response: <KeyPress from None: t=31.302590082999814, value=z, duration=None>
31.3188 	DATA 	Keypress: z
31.3634 	EXP 	Device response: <KeyPress from None: t=31.302590082999814, value=z, duration=0.05635383299977548>
31.4465 	EXP 	Device response: <KeyPress from None: t=31.43859637499918, value=z, duration=None>
31.4520 	DATA 	Keypress: z
31.5297 	EXP 	Device response: <KeyPress from None: t=31.43859637499918, value=z, duration=0.08032804100002977>
32.1354 	EXP 	line1: autoDraw = True
32.1354 	EXP 	line2: autoDraw = True
32.1354 	EXP 	line3: autoDraw = True
32.1354 	EXP 	line4: autoDraw = True
32.1523 	EXP 	Fixation: autoDraw = False
32.3704 	EXP 	Device response: <KeyPress from None: t=32.36759458300003, value=x, duration=None>
32.3765 	DATA 	Keypress: x
32.4355 	EXP 	Device response: <KeyPress from None: t=32.36759458300003, value=x, duration=0.06423637499938195>
32.5126 	EXP 	Device response: <KeyPress from None: t=32.50947437499963, value=x, duration=None>
32.5182 	DATA 	Keypress: x
32.5861 	EXP 	Device response: <KeyPress from None: t=32.50947437499963, value=x, duration=0.07245129100010672>
32.6792 	EXP 	Device response: <KeyPress from None: t=32.676600457999484, value=x, duration=None>
32.6837 	DATA 	Keypress: x
32.7351 	EXP 	Device response: <KeyPress from None: t=32.676600457999484, value=x, duration=0.05222770799991849>
32.8304 	EXP 	Device response: <KeyPress from None: t=32.82358812499933, value=x, duration=None>
32.8333 	DATA 	Keypress: x
32.8783 	EXP 	Device response: <KeyPress from None: t=32.82358812499933, value=x, duration=0.04827687499982858>
32.9864 	EXP 	Device response: <KeyPress from None: t=32.981567040999835, value=x, duration=None>
32.9910 	DATA 	Keypress: x
33.0308 	EXP 	Device response: <KeyPress from None: t=32.981567040999835, value=x, duration=0.04433962499933841>
33.1478 	EXP 	Device response: <KeyPress from None: t=33.13460699999996, value=x, duration=None>
33.1540 	DATA 	Keypress: x
33.1615 	INFO 	Keyboard events cleared
33.1613 	EXP 	protrianglefixation: autoDraw = True
33.1864 	EXP 	Device response: <KeyPress from None: t=33.13460699999996, value=x, duration=0.0482038329992065>
33.2790 	EXP 	Device response: <KeyPress from None: t=33.27155883299929, value=x, duration=None>
33.2794 	EXP 	New trial (rep=3, index=1): <Trial 13 (1 in rep 3) data={'pos': np.int64(150), 'corr_resp': 'v', 'thisN': 13, 'thisTrialN': 1, 'thisRepN': 3}>
33.2827 	DATA 	Keypress: x
33.2870 	EXP 	Fixation: autoDraw = False
33.2870 	EXP 	line1: autoDraw = False
33.2870 	EXP 	line2: autoDraw = False
33.2870 	EXP 	line3: autoDraw = False
33.2870 	EXP 	line4: autoDraw = False
33.2870 	EXP 	protrianglefixation: autoDraw = False
33.2870 	EXP 	Fixation: autoDraw = True
33.3304 	EXP 	Device response: <KeyPress from None: t=33.27155883299929, value=x, duration=0.04433762500048033>
33.4206 	EXP 	Device response: <KeyPress from None: t=33.413579999999456, value=x, duration=None>
33.4244 	DATA 	Keypress: x
33.4796 	EXP 	Device response: <KeyPress from None: t=33.413579999999456, value=x, duration=0.06428954100010742>
33.9699 	EXP 	Device response: <KeyPress from None: t=33.96559349999916, value=v, duration=None>
33.9754 	DATA 	Keypress: v
34.0187 	EXP 	Device response: <KeyPress from None: t=33.96559349999916, value=v, duration=0.048307333000593644>
34.1535 	EXP 	Device response: <KeyPress from None: t=34.14756324999962, value=v, duration=None>
34.1590 	DATA 	Keypress: v
34.1962 	EXP 	Device response: <KeyPress from None: t=34.14756324999962, value=v, duration=0.04020829099954426>
34.2709 	EXP 	line1: autoDraw = True
34.2709 	EXP 	line2: autoDraw = True
34.2709 	EXP 	line3: autoDraw = True
34.2709 	EXP 	line4: autoDraw = True
34.2805 	EXP 	Fixation: autoDraw = False
34.3193 	EXP 	Device response: <KeyPress from None: t=34.31752683299965, value=v, duration=None>
34.3244 	DATA 	Keypress: v
34.3637 	EXP 	Device response: <KeyPress from None: t=34.31752683299965, value=v, duration=0.0441936249999344>
34.4960 	EXP 	Device response: <KeyPress from None: t=34.49361058299928, value=v, duration=None>
34.5025 	DATA 	Keypress: v
34.5369 	EXP 	Device response: <KeyPress from None: t=34.49361058299928, value=v, duration=0.036146833000202605>
34.6625 	EXP 	Device response: <KeyPress from None: t=34.65558337499988, value=v, duration=None>
34.6692 	DATA 	Keypress: v
34.7120 	EXP 	Device response: <KeyPress from None: t=34.65558337499988, value=v, duration=0.04829583299942897>
34.9869 	EXP 	Device response: <KeyPress from None: t=34.981525874999534, value=v, duration=None>
34.9927 	DATA 	Keypress: v
35.0631 	EXP 	Device response: <KeyPress from None: t=34.981525874999534, value=v, duration=0.072233290999975>
35.1208 	EXP 	Device response: <KeyPress from None: t=35.1175225829993, value=v, duration=None>
35.1262 	DATA 	Keypress: v
35.2127 	EXP 	Device response: <KeyPress from None: t=35.1175225829993, value=v, duration=0.0929997920002279>
35.2700 	INFO 	Keyboard events cleared
35.2698 	EXP 	protrianglefixation: autoDraw = True
35.3308 	EXP 	Device response: <KeyPress from None: t=35.31752362499992, value=v, duration=None>
35.3314 	EXP 	New trial (rep=3, index=2): <Trial 14 (2 in rep 3) data={'pos': np.int64(50), 'corr_resp': 'c', 'thisN': 14, 'thisTrialN': 2, 'thisRepN': 3}>
35.3376 	DATA 	Keypress: v
35.3429 	EXP 	Fixation: autoDraw = False
35.3429 	EXP 	line1: autoDraw = False
35.3429 	EXP 	line2: autoDraw = False
35.3429 	EXP 	line3: autoDraw = False
35.3429 	EXP 	line4: autoDraw = False
35.3429 	EXP 	protrianglefixation: autoDraw = False
35.3429 	EXP 	Fixation: autoDraw = True
35.4143 	EXP 	Device response: <KeyPress from None: t=35.31752362499992, value=v, duration=0.0884057909997864>
35.5026 	EXP 	Device response: <KeyPress from None: t=35.49853987499955, value=v, duration=None>
35.5076 	DATA 	Keypress: v
35.5537 	EXP 	Device response: <KeyPress from None: t=35.49853987499955, value=v, duration=0.05229962500015972>
36.0040 	EXP 	Device response: <KeyPress from None: t=35.99649458299973, value=c, duration=None>
36.0105 	DATA 	Keypress: c
36.0465 	EXP 	Device response: <KeyPress from None: t=35.99649458299973, value=c, duration=0.04833887499989942>
36.1968 	EXP 	Device response: <KeyPress from None: t=36.18955779099997, value=c, duration=None>
36.2027 	DATA 	Keypress: c
36.2358 	EXP 	Device response: <KeyPress from None: t=36.18955779099997, value=c, duration=0.04017133399975137>
36.3279 	EXP 	line1: autoDraw = True
36.3279 	EXP 	line2: autoDraw = True
36.3279 	EXP 	line3: autoDraw = True
36.3279 	EXP 	line4: autoDraw = True
36.3357 	EXP 	Fixation: autoDraw = False
36.3975 	EXP 	Device response: <KeyPress from None: t=36.38459983299981, value=c, duration=None>
36.4036 	DATA 	Keypress: c
36.4304 	EXP 	Device response: <KeyPress from None: t=36.38459983299981, value=c, duration=0.04427079200013395>
36.5864 	EXP 	Device response: <KeyPress from None: t=36.58048420799969, value=c, duration=None>
36.5904 	DATA 	Keypress: c
36.6295 	EXP 	Device response: <KeyPress from None: t=36.58048420799969, value=c, duration=0.04028062499946827>
36.7796 	EXP 	Device response: <KeyPress from None: t=36.777402457999415, value=c, duration=None>
36.7847 	DATA 	Keypress: c
36.8296 	EXP 	Device response: <KeyPress from None: t=36.777402457999415, value=c, duration=0.044437458000174956>
36.9963 	EXP 	Device response: <KeyPress from None: t=36.986512624999705, value=c, duration=None>
37.0014 	DATA 	Keypress: c
37.0161 	EXP 	Device response: <KeyPress from None: t=36.986512624999705, value=c, duration=0.028256165999664518>
37.1794 	EXP 	Device response: <KeyPress from None: t=37.1765122909992, value=c, duration=None>
37.1841 	DATA 	Keypress: c
37.2288 	EXP 	Device response: <KeyPress from None: t=37.1765122909992, value=c, duration=0.04426812500059896>
37.3280 	INFO 	Keyboard events cleared
37.3278 	EXP 	protrianglefixation: autoDraw = True
37.3799 	EXP 	Device response: <KeyPress from None: t=37.372440915999505, value=c, duration=None>
37.3804 	EXP 	New trial (rep=3, index=3): <Trial 15 (3 in rep 3) data={'pos': np.int64(-150), 'corr_resp': 'z', 'thisN': 15, 'thisTrialN': 3, 'thisRepN': 3}>
37.3852 	DATA 	Keypress: c
37.3900 	EXP 	Fixation: autoDraw = False
37.3900 	EXP 	line1: autoDraw = False
37.3900 	EXP 	line2: autoDraw = False
37.3900 	EXP 	line3: autoDraw = False
37.3900 	EXP 	line4: autoDraw = False
37.3900 	EXP 	protrianglefixation: autoDraw = False
37.3900 	EXP 	Fixation: autoDraw = True
37.4138 	EXP 	Device response: <KeyPress from None: t=37.372440915999505, value=c, duration=0.03643591699983517>
37.5636 	EXP 	Device response: <KeyPress from None: t=37.560376165999514, value=c, duration=None>
37.5681 	DATA 	Keypress: c
37.5971 	EXP 	Device response: <KeyPress from None: t=37.560376165999514, value=c, duration=0.03234225000051083>
37.7480 	EXP 	Device response: <KeyPress from None: t=37.74151545799941, value=c, duration=None>
37.7545 	DATA 	Keypress: c
37.7796 	EXP 	Device response: <KeyPress from None: t=37.74151545799941, value=c, duration=0.03220250000049418>
38.3298 	EXP 	Device response: <KeyPress from None: t=38.32549179099988, value=z, duration=None>
38.3355 	DATA 	Keypress: z
38.3693 	EXP 	line1: autoDraw = True
38.3693 	EXP 	line2: autoDraw = True
38.3693 	EXP 	line3: autoDraw = True
38.3693 	EXP 	line4: autoDraw = True
38.3858 	EXP 	Fixation: autoDraw = False
38.3871 	EXP 	Device response: <KeyPress from None: t=38.32549179099988, value=z, duration=0.05634254199958377>
38.5039 	EXP 	Device response: <KeyPress from None: t=38.49847333299931, value=z, duration=None>
38.5101 	DATA 	Keypress: z
38.5462 	EXP 	Device response: <KeyPress from None: t=38.49847333299931, value=z, duration=0.04428033300064271>
38.6791 	EXP 	Device response: <KeyPress from None: t=38.67647491599928, value=z, duration=None>
38.6838 	DATA 	Keypress: z
38.7311 	EXP 	Device response: <KeyPress from None: t=38.67647491599928, value=z, duration=0.05228645900024276>
38.8798 	EXP 	Device response: <KeyPress from None: t=38.87081933299942, value=z, duration=None>
38.8851 	DATA 	Keypress: z
38.9295 	EXP 	Device response: <KeyPress from None: t=38.87081933299942, value=z, duration=0.05181850000008126>
39.0645 	EXP 	Device response: <KeyPress from None: t=39.052102790999925, value=z, duration=None>
39.0698 	DATA 	Keypress: z
39.0796 	EXP 	Device response: <KeyPress from None: t=39.052102790999925, value=z, duration=0.023592791999362817>
39.2127 	EXP 	Device response: <KeyPress from None: t=39.20966866599974, value=z, duration=None>
39.2176 	DATA 	Keypress: z
39.2631 	EXP 	Device response: <KeyPress from None: t=39.20966866599974, value=z, duration=0.0399991249996674>
39.3780 	INFO 	Keyboard events cleared
39.3778 	EXP 	protrianglefixation: autoDraw = True
39.3865 	EXP 	Device response: <KeyPress from None: t=39.381463124999755, value=z, duration=None>
39.3869 	EXP 	New trial (rep=4, index=0): <Trial 16 (0 in rep 4) data={'pos': np.int64(-50), 'corr_resp': 'x', 'thisN': 16, 'thisTrialN': 0, 'thisRepN': 4}>
39.3918 	DATA 	Keypress: z
39.3979 	EXP 	Fixation: autoDraw = False
39.3979 	EXP 	line1: autoDraw = False
39.3979 	EXP 	line2: autoDraw = False
39.3979 	EXP 	line3: autoDraw = False
39.3979 	EXP 	line4: autoDraw = False
39.3979 	EXP 	protrianglefixation: autoDraw = False
39.3979 	EXP 	Fixation: autoDraw = True
39.4192 	EXP 	Device response: <KeyPress from None: t=39.381463124999755, value=z, duration=0.03318849999959639>
39.5364 	EXP 	Device response: <KeyPress from None: t=39.533472207999694, value=z, duration=None>
39.5407 	DATA 	Keypress: z
39.5866 	EXP 	Device response: <KeyPress from None: t=39.533472207999694, value=z, duration=0.04828745800023171>
39.6873 	EXP 	Device response: <KeyPress from None: t=39.68145995799932, value=z, duration=None>
39.6914 	DATA 	Keypress: z
39.7298 	EXP 	Device response: <KeyPress from None: t=39.68145995799932, value=z, duration=0.04025229200033209>
39.9803 	EXP 	Device response: <KeyPress from None: t=39.97443754099913, value=x, duration=None>
39.9869 	DATA 	Keypress: x
40.0357 	EXP 	Device response: <KeyPress from None: t=39.97443754099913, value=x, duration=0.060287584000434435>
40.1637 	EXP 	Device response: <KeyPress from None: t=40.159405040999445, value=x, duration=None>
40.1694 	DATA 	Keypress: x
40.2128 	EXP 	Device response: <KeyPress from None: t=40.159405040999445, value=x, duration=0.05227350000041042>
40.3634 	EXP 	Device response: <KeyPress from None: t=40.352409874999466, value=x, duration=None>
40.3691 	DATA 	Keypress: x
40.3819 	EXP 	line1: autoDraw = True
40.3819 	EXP 	line2: autoDraw = True
40.3819 	EXP 	line3: autoDraw = True
40.3819 	EXP 	line4: autoDraw = True
40.3959 	EXP 	Fixation: autoDraw = False
40.4130 	EXP 	Device response: <KeyPress from None: t=40.352409874999466, value=x, duration=0.05232812499980355>
40.5458 	EXP 	Device response: <KeyPress from None: t=40.539414124999894, value=x, duration=None>
40.5498 	DATA 	Keypress: x
40.5962 	EXP 	Device response: <KeyPress from None: t=40.539414124999894, value=x, duration=0.05228229099975579>
40.7302 	EXP 	Device response: <KeyPress from None: t=40.72345516599944, value=x, duration=None>
40.7355 	DATA 	Keypress: x
40.7700 	EXP 	Device response: <KeyPress from None: t=40.72345516599944, value=x, duration=0.040267459000460804>
40.8796 	EXP 	Device response: <KeyPress from None: t=40.871457165999345, value=x, duration=None>
40.8848 	DATA 	Keypress: x
40.9466 	EXP 	Device response: <KeyPress from None: t=40.871457165999345, value=x, duration=0.06817908399989392>
41.0970 	EXP 	Device response: <KeyPress from None: t=41.0733512909992, value=x, duration=None>
41.1023 	DATA 	Keypress: x
41.1295 	EXP 	Device response: <KeyPress from None: t=41.0733512909992, value=x, duration=0.04836916700060101>
41.2532 	EXP 	Device response: <KeyPress from None: t=41.24535362499955, value=x, duration=None>
41.2583 	DATA 	Keypress: x
41.3119 	EXP 	Device response: <KeyPress from None: t=41.24535362499955, value=x, duration=0.060350290999849676>
41.3846 	INFO 	Keyboard events cleared
41.3844 	EXP 	protrianglefixation: autoDraw = True
41.4194 	EXP 	Device response: <KeyPress from None: t=41.41834445799941, value=x, duration=None>
41.4197 	EXP 	New trial (rep=4, index=1): <Trial 17 (1 in rep 4) data={'pos': np.int64(150), 'corr_resp': 'v', 'thisN': 17, 'thisTrialN': 1, 'thisRepN': 4}>
41.4226 	DATA 	Keypress: x
41.4277 	EXP 	Fixation: autoDraw = False
41.4277 	EXP 	line1: autoDraw = False
41.4277 	EXP 	line2: autoDraw = False
41.4277 	EXP 	line3: autoDraw = False
41.4277 	EXP 	line4: autoDraw = False
41.4277 	EXP 	protrianglefixation: autoDraw = False
41.4277 	EXP 	Fixation: autoDraw = True
41.4965 	EXP 	Device response: <KeyPress from None: t=41.41834445799941, value=x, duration=0.06827220800005307>
41.5806 	EXP 	Device response: <KeyPress from None: t=41.57543579100002, value=x, duration=None>
41.5861 	DATA 	Keypress: x
41.6471 	EXP 	Device response: <KeyPress from None: t=41.57543579100002, value=x, duration=0.06815358399944671>
42.2627 	EXP 	Device response: <KeyPress from None: t=42.25836479099962, value=v, duration=None>
42.2686 	DATA 	Keypress: v
42.3132 	EXP 	Device response: <KeyPress from None: t=42.25836479099962, value=v, duration=0.048315500000171596>
42.4194 	EXP 	Fixation: autoDraw = False
42.4194 	EXP 	line1: autoDraw = True
42.4194 	EXP 	line2: autoDraw = True
42.4194 	EXP 	line3: autoDraw = True
42.4194 	EXP 	line4: autoDraw = True
42.4470 	EXP 	Device response: <KeyPress from None: t=42.44537379099984, value=v, duration=None>
42.4538 	DATA 	Keypress: v
42.5036 	EXP 	Device response: <KeyPress from None: t=42.44537379099984, value=v, duration=0.05230349999965256>
42.6366 	EXP 	Device response: <KeyPress from None: t=42.635375249999925, value=v, duration=None>
42.6427 	DATA 	Keypress: v
42.6968 	EXP 	Device response: <KeyPress from None: t=42.635375249999925, value=v, duration=0.056294207999599166>
42.8533 	EXP 	Device response: <KeyPress from None: t=42.84627758299939, value=v, duration=None>
42.8588 	DATA 	Keypress: v
42.8805 	EXP 	Device response: <KeyPress from None: t=42.84627758299939, value=v, duration=0.03229250000003958>
43.0297 	EXP 	Device response: <KeyPress from None: t=43.022341790999235, value=v, duration=None>
43.0353 	DATA 	Keypress: v
43.0806 	EXP 	Device response: <KeyPress from None: t=43.022341790999235, value=v, duration=0.05227183400074864>
43.2197 	EXP 	Device response: <KeyPress from None: t=43.21327095799916, value=v, duration=None>
43.2251 	DATA 	Keypress: v
43.2469 	EXP 	Device response: <KeyPress from None: t=43.21327095799916, value=v, duration=0.03229808300056902>
43.3639 	EXP 	Device response: <KeyPress from None: t=43.36036741599946, value=v, duration=None>
43.3693 	DATA 	Keypress: v
43.4116 	INFO 	Keyboard events cleared
43.4115 	EXP 	protrianglefixation: autoDraw = True
43.4355 	EXP 	Device response: <KeyPress from None: t=43.36036741599946, value=v, duration=0.07227391700052976>
43.5694 	EXP 	Device response: <KeyPress from None: t=43.56833154099968, value=v, duration=None>
43.5697 	EXP 	New trial (rep=4, index=2): <Trial 18 (2 in rep 4) data={'pos': np.int64(50), 'corr_resp': 'c', 'thisN': 18, 'thisTrialN': 2, 'thisRepN': 4}>
43.5738 	DATA 	Keypress: v
43.5781 	EXP 	Fixation: autoDraw = False
43.5781 	EXP 	line1: autoDraw = False
43.5781 	EXP 	line2: autoDraw = False
43.5781 	EXP 	line3: autoDraw = False
43.5781 	EXP 	line4: autoDraw = False
43.5781 	EXP 	protrianglefixation: autoDraw = False
43.5781 	EXP 	Fixation: autoDraw = True
43.6470 	EXP 	Device response: <KeyPress from None: t=43.56833154099968, value=v, duration=0.07224475000020902>
43.7799 	EXP 	Device response: <KeyPress from None: t=43.773248165999576, value=v, duration=None>
43.7857 	DATA 	Keypress: v
43.8292 	EXP 	Device response: <KeyPress from None: t=43.773248165999576, value=v, duration=0.05240458400021453>
44.2884 	EXP 	Device response: <KeyPress from None: t=44.28638037499968, value=c, duration=None>
44.3002 	DATA 	Keypress: c
44.3307 	EXP 	Device response: <KeyPress from None: t=44.28638037499968, value=c, duration=0.03225949999978184>
44.4706 	EXP 	Device response: <KeyPress from None: t=44.46435120799924, value=c, duration=None>
44.4755 	DATA 	Keypress: c
44.5182 	EXP 	Device response: <KeyPress from None: t=44.46435120799924, value=c, duration=0.04822462500032998>
44.5693 	EXP 	Fixation: autoDraw = False
44.5693 	EXP 	line1: autoDraw = True
44.5693 	EXP 	line2: autoDraw = True
44.5693 	EXP 	line3: autoDraw = True
44.5693 	EXP 	line4: autoDraw = True
44.6624 	EXP 	Device response: <KeyPress from None: t=44.66072383299979, value=c, duration=None>
44.6685 	DATA 	Keypress: c
44.7196 	EXP 	Device response: <KeyPress from None: t=44.66072383299979, value=c, duration=0.0518709170000875>
44.9125 	EXP 	Device response: <KeyPress from None: t=44.90433354099969, value=c, duration=None>
44.9169 	DATA 	Keypress: c
44.9531 	EXP 	Device response: <KeyPress from None: t=44.90433354099969, value=c, duration=0.044308583999736584>
45.1203 	EXP 	Device response: <KeyPress from None: t=45.116266707999785, value=c, duration=None>
45.1252 	DATA 	Keypress: c
45.1623 	EXP 	Device response: <KeyPress from None: t=45.116266707999785, value=c, duration=0.044242332999601786>
45.3029 	EXP 	Device response: <KeyPress from None: t=45.30130774999998, value=c, duration=None>
45.3076 	DATA 	Keypress: c
45.3540 	EXP 	Device response: <KeyPress from None: t=45.30130774999998, value=c, duration=0.04823979100001452>
45.4883 	EXP 	Device response: <KeyPress from None: t=45.48134354099966, value=c, duration=None>
45.4944 	DATA 	Keypress: c
45.5296 	EXP 	Device response: <KeyPress from None: t=45.48134354099966, value=c, duration=0.04027166699961526>
45.5796 	INFO 	Keyboard events cleared
45.5794 	EXP 	protrianglefixation: autoDraw = True
45.6811 	EXP 	Device response: <KeyPress from None: t=45.677356415999384, value=c, duration=None>
45.6815 	EXP 	New trial (rep=4, index=3): <Trial 19 (3 in rep 4) data={'pos': np.int64(-150), 'corr_resp': 'z', 'thisN': 19, 'thisTrialN': 3, 'thisRepN': 4}>
45.6882 	DATA 	Keypress: c
45.6936 	EXP 	Fixation: autoDraw = False
45.6936 	EXP 	line1: autoDraw = False
45.6936 	EXP 	line2: autoDraw = False
45.6936 	EXP 	line3: autoDraw = False
45.6936 	EXP 	line4: autoDraw = False
45.6936 	EXP 	protrianglefixation: autoDraw = False
45.6936 	EXP 	Fixation: autoDraw = True
45.7296 	EXP 	Device response: <KeyPress from None: t=45.677356415999384, value=c, duration=0.04820204200041189>
45.8867 	EXP 	Device response: <KeyPress from None: t=45.885368290999395, value=c, duration=None>
45.8997 	DATA 	Keypress: c
45.9153 	EXP 	Device response: <KeyPress from None: t=45.885368290999395, value=c, duration=0.028161084000203118>
46.6786 	EXP 	line1: autoDraw = True
46.6786 	EXP 	line2: autoDraw = True
46.6786 	EXP 	line3: autoDraw = True
46.6786 	EXP 	line4: autoDraw = True
46.6857 	EXP 	Fixation: autoDraw = False
46.8134 	EXP 	Device response: <KeyPress from None: t=46.81121408299987, value=z, duration=None>
46.8199 	DATA 	Keypress: z
46.8701 	EXP 	Device response: <KeyPress from None: t=46.81121408299987, value=z, duration=0.056383082999673206>
46.9980 	EXP 	Device response: <KeyPress from None: t=46.979252082999665, value=z, duration=None>
47.0038 	DATA 	Keypress: z
47.0472 	EXP 	Device response: <KeyPress from None: t=46.979252082999665, value=z, duration=0.06426120800006174>
47.1965 	EXP 	Device response: <KeyPress from None: t=47.19328583299921, value=z, duration=None>
47.2018 	DATA 	Keypress: z
47.2305 	EXP 	Device response: <KeyPress from None: t=47.19328583299921, value=z, duration=0.03617470800054434>
47.4142 	EXP 	Device response: <KeyPress from None: t=47.397178707999956, value=z, duration=None>
47.4197 	DATA 	Keypress: z
47.4471 	EXP 	Device response: <KeyPress from None: t=47.397178707999956, value=z, duration=0.044381291999343375>
47.6139 	EXP 	Device response: <KeyPress from None: t=47.59126741599994, value=z, duration=None>
47.6191 	DATA 	Keypress: z
47.6369 	EXP 	Device response: <KeyPress from None: t=47.59126741599994, value=z, duration=0.0443379169992113>
47.6782 	INFO 	Keyboard events cleared
47.6780 	EXP 	protrianglefixation: autoDraw = True
47.7458 	EXP 	Device response: <KeyPress from None: t=47.74427349999951, value=z, duration=None>
47.7462 	EXP 	New trial (rep=5, index=0): <Trial 20 (0 in rep 5) data={'pos': np.int64(-50), 'corr_resp': 'x', 'thisN': 20, 'thisTrialN': 0, 'thisRepN': 5}>
47.7524 	DATA 	Keypress: z
47.7573 	EXP 	Fixation: autoDraw = False
47.7573 	EXP 	line1: autoDraw = False
47.7573 	EXP 	line2: autoDraw = False
47.7573 	EXP 	line3: autoDraw = False
47.7573 	EXP 	line4: autoDraw = False
47.7573 	EXP 	protrianglefixation: autoDraw = False
47.7573 	EXP 	Fixation: autoDraw = True
47.8189 	EXP 	Device response: <KeyPress from None: t=47.74427349999951, value=z, duration=0.06815875000029337>
47.9631 	EXP 	Device response: <KeyPress from None: t=47.95422795799914, value=z, duration=None>
47.9680 	DATA 	Keypress: z
47.9973 	EXP 	Device response: <KeyPress from None: t=47.95422795799914, value=z, duration=0.0403491250008301>
48.6140 	EXP 	Device response: <KeyPress from None: t=48.60325137499967, value=x, duration=None>
48.6204 	DATA 	Keypress: x
48.6470 	EXP 	Device response: <KeyPress from None: t=48.60325137499967, value=x, duration=0.03630779099967185>
48.7368 	EXP 	line1: autoDraw = True
48.7368 	EXP 	line2: autoDraw = True
48.7368 	EXP 	line3: autoDraw = True
48.7368 	EXP 	line4: autoDraw = True
48.7531 	EXP 	Fixation: autoDraw = False
48.8188 	EXP 	Device response: <KeyPress from None: t=48.817106083, value=x, duration=None>
48.8241 	DATA 	Keypress: x
48.8980 	EXP 	Device response: <KeyPress from None: t=48.817106083, value=x, duration=0.06043304199920385>
49.0472 	EXP 	Device response: <KeyPress from None: t=49.03518795799937, value=x, duration=None>
49.0536 	DATA 	Keypress: x
49.0865 	EXP 	Device response: <KeyPress from None: t=49.03518795799937, value=x, duration=0.04424945800019486>
49.2121 	EXP 	Device response: <KeyPress from None: t=49.20425562499986, value=x, duration=None>
49.2155 	DATA 	Keypress: x
49.2636 	EXP 	Device response: <KeyPress from None: t=49.20425562499986, value=x, duration=0.048264624999319494>
49.3959 	EXP 	Device response: <KeyPress from None: t=49.39126083299925, value=x, duration=None>
49.4013 	DATA 	Keypress: x
49.4330 	EXP 	Device response: <KeyPress from None: t=49.39126083299925, value=x, duration=0.03626366700063954>
49.5798 	EXP 	Device response: <KeyPress from None: t=49.57018508299916, value=x, duration=None>
49.5847 	DATA 	Keypress: x
49.6137 	EXP 	Device response: <KeyPress from None: t=49.57018508299916, value=x, duration=0.04031512500023382>
49.7447 	INFO 	Keyboard events cleared
49.7445 	EXP 	protrianglefixation: autoDraw = True
49.7533 	EXP 	Device response: <KeyPress from None: t=49.751188540999465, value=x, duration=None>
49.7537 	EXP 	New trial (rep=5, index=1): <Trial 21 (1 in rep 5) data={'pos': np.int64(150), 'corr_resp': 'v', 'thisN': 21, 'thisTrialN': 1, 'thisRepN': 5}>
49.7601 	DATA 	Keypress: x
49.7655 	EXP 	Fixation: autoDraw = False
49.7655 	EXP 	line1: autoDraw = False
49.7655 	EXP 	line2: autoDraw = False
49.7655 	EXP 	line3: autoDraw = False
49.7655 	EXP 	line4: autoDraw = False
49.7655 	EXP 	protrianglefixation: autoDraw = False
49.7655 	EXP 	Fixation: autoDraw = True
49.8306 	EXP 	Device response: <KeyPress from None: t=49.751188540999465, value=x, duration=0.07236429200020211>
49.9645 	EXP 	Device response: <KeyPress from None: t=49.95127974999923, value=x, duration=None>
49.9705 	DATA 	Keypress: x
50.0019 	EXP 	Device response: <KeyPress from None: t=49.95127974999923, value=x, duration=0.04815245800000412>
50.2138 	EXP 	Device response: <KeyPress from None: t=50.20314904099996, value=x, duration=None>
50.2190 	DATA 	Keypress: x
50.2474 	EXP 	Device response: <KeyPress from None: t=50.20314904099996, value=x, duration=0.036292166999373876>
50.7447 	EXP 	line1: autoDraw = True
50.7447 	EXP 	line2: autoDraw = True
50.7447 	EXP 	line3: autoDraw = True
50.7447 	EXP 	line4: autoDraw = True
50.7618 	EXP 	Fixation: autoDraw = False
50.9366 	EXP 	Device response: <KeyPress from None: t=50.934250290999444, value=v, duration=None>
50.9417 	DATA 	Keypress: v
50.9989 	EXP 	Device response: <KeyPress from None: t=50.934250290999444, value=v, duration=0.052222625000467815>
51.1464 	EXP 	Device response: <KeyPress from None: t=51.13808704099938, value=v, duration=None>
51.1515 	DATA 	Keypress: v
51.1962 	EXP 	Device response: <KeyPress from None: t=51.13808704099938, value=v, duration=0.052415834000385075>
51.3528 	EXP 	Device response: <KeyPress from None: t=51.34513470799993, value=v, duration=None>
51.3576 	DATA 	Keypress: v
51.3972 	EXP 	Device response: <KeyPress from None: t=51.34513470799993, value=v, duration=0.040352207999603706>
51.5457 	EXP 	Device response: <KeyPress from None: t=51.53714045799916, value=v, duration=None>
51.5512 	DATA 	Keypress: v
51.5962 	EXP 	Device response: <KeyPress from None: t=51.53714045799916, value=v, duration=0.05228666700077156>
51.7521 	INFO 	Keyboard events cleared
51.7519 	EXP 	protrianglefixation: autoDraw = True
51.7698 	EXP 	Device response: <KeyPress from None: t=51.7621099579992, value=v, duration=None>
51.7702 	EXP 	New trial (rep=5, index=2): <Trial 22 (2 in rep 5) data={'pos': np.int64(50), 'corr_resp': 'c', 'thisN': 22, 'thisTrialN': 2, 'thisRepN': 5}>
51.7758 	DATA 	Keypress: v
51.7815 	EXP 	Fixation: autoDraw = False
51.7815 	EXP 	line1: autoDraw = False
51.7815 	EXP 	line2: autoDraw = False
51.7815 	EXP 	line3: autoDraw = False
51.7815 	EXP 	line4: autoDraw = False
51.7815 	EXP 	protrianglefixation: autoDraw = False
51.7815 	EXP 	Fixation: autoDraw = True
51.8188 	EXP 	Device response: <KeyPress from None: t=51.7621099579992, value=v, duration=0.05229475000032835>
52.0024 	EXP 	Device response: <KeyPress from None: t=51.99610237499928, value=v, duration=None>
52.0076 	DATA 	Keypress: v
52.0312 	EXP 	Device response: <KeyPress from None: t=51.99610237499928, value=v, duration=0.03238695800064306>
52.1967 	EXP 	Device response: <KeyPress from None: t=52.187143832999936, value=v, duration=None>
52.2017 	DATA 	Keypress: v
52.2166 	EXP 	Device response: <KeyPress from None: t=52.187143832999936, value=v, duration=0.02829841699985991>
52.7707 	EXP 	line1: autoDraw = True
52.7707 	EXP 	line2: autoDraw = True
52.7707 	EXP 	line3: autoDraw = True
52.7707 	EXP 	line4: autoDraw = True
52.7721 	EXP 	Device response: <KeyPress from None: t=52.767144665999695, value=c, duration=None>
52.7781 	DATA 	Keypress: c
52.7833 	EXP 	Fixation: autoDraw = False
52.8296 	EXP 	Device response: <KeyPress from None: t=52.767144665999695, value=c, duration=0.05217454200010252>
52.9629 	EXP 	Device response: <KeyPress from None: t=52.960111999999754, value=c, duration=None>
52.9699 	DATA 	Keypress: c
53.0193 	EXP 	Device response: <KeyPress from None: t=52.960111999999754, value=c, duration=0.052240707999771985>
53.1794 	EXP 	Device response: <KeyPress from None: t=53.170044207999126, value=c, duration=None>
53.1843 	DATA 	Keypress: c
53.2133 	EXP 	Device response: <KeyPress from None: t=53.170044207999126, value=c, duration=0.04034129200044845>
53.4125 	EXP 	Device response: <KeyPress from None: t=53.411110290999204, value=c, duration=None>
53.4177 	DATA 	Keypress: c
53.4629 	EXP 	Device response: <KeyPress from None: t=53.411110290999204, value=c, duration=0.044349000000693195>
53.6195 	EXP 	Device response: <KeyPress from None: t=53.61604354099927, value=c, duration=None>
53.6246 	DATA 	Keypress: c
53.6801 	EXP 	Device response: <KeyPress from None: t=53.61604354099927, value=c, duration=0.04039570900022227>
53.7698 	INFO 	Keyboard events cleared
53.7696 	EXP 	protrianglefixation: autoDraw = True
53.8140 	EXP 	Device response: <KeyPress from None: t=53.81103433299995, value=c, duration=None>
53.8144 	EXP 	New trial (rep=5, index=3): <Trial 23 (3 in rep 5) data={'pos': np.int64(-150), 'corr_resp': 'z', 'thisN': 23, 'thisTrialN': 3, 'thisRepN': 5}>
53.8210 	DATA 	Keypress: c
53.8263 	EXP 	Fixation: autoDraw = False
53.8263 	EXP 	line1: autoDraw = False
53.8263 	EXP 	line2: autoDraw = False
53.8263 	EXP 	line3: autoDraw = False
53.8263 	EXP 	line4: autoDraw = False
53.8263 	EXP 	protrianglefixation: autoDraw = False
53.8263 	EXP 	Fixation: autoDraw = True
53.8469 	EXP 	Device response: <KeyPress from None: t=53.81103433299995, value=c, duration=0.03243958299935912>
54.0367 	EXP 	Device response: <KeyPress from None: t=54.02912974999981, value=c, duration=None>
54.0417 	DATA 	Keypress: c
54.0637 	EXP 	Device response: <KeyPress from None: t=54.02912974999981, value=c, duration=0.0322492079994845>
54.8128 	EXP 	line1: autoDraw = True
54.8128 	EXP 	line2: autoDraw = True
54.8128 	EXP 	line3: autoDraw = True
54.8128 	EXP 	line4: autoDraw = True
54.8145 	EXP 	Device response: <KeyPress from None: t=54.81296187499993, value=z, duration=None>
54.8210 	DATA 	Keypress: z
54.8274 	EXP 	Fixation: autoDraw = False
54.8805 	EXP 	Device response: <KeyPress from None: t=54.81296187499993, value=z, duration=0.06441108299986809>
55.0195 	EXP 	Device response: <KeyPress from None: t=55.01409658299963, value=z, duration=None>
55.0249 	DATA 	Keypress: z
55.0637 	EXP 	Device response: <KeyPress from None: t=55.01409658299963, value=z, duration=0.04829020800025319>
55.2369 	EXP 	Device response: <KeyPress from None: t=55.229038165999555, value=z, duration=None>
55.2416 	DATA 	Keypress: z
55.2963 	EXP 	Device response: <KeyPress from None: t=55.229038165999555, value=z, duration=0.06028458400032832>
55.4701 	EXP 	Device response: <KeyPress from None: t=55.46707824999976, value=z, duration=None>
55.4737 	DATA 	Keypress: z
55.5296 	EXP 	Device response: <KeyPress from None: t=55.46707824999976, value=z, duration=0.05623775000003661>
55.7368 	EXP 	Device response: <KeyPress from None: t=55.73203574999934, value=z, duration=None>
55.7425 	DATA 	Keypress: z
55.7679 	EXP 	Device response: <KeyPress from None: t=55.73203574999934, value=z, duration=0.03234991600038484>
55.8130 	INFO 	Keyboard events cleared
55.8128 	EXP 	protrianglefixation: autoDraw = True
55.9463 	EXP 	Device response: <KeyPress from None: t=55.93804220799939, value=z, duration=None>
55.9467 	EXP 	New trial (rep=6, index=0): <Trial 24 (0 in rep 6) data={'pos': np.int64(-50), 'corr_resp': 'x', 'thisN': 24, 'thisTrialN': 0, 'thisRepN': 6}>
55.9520 	DATA 	Keypress: z
55.9569 	EXP 	Fixation: autoDraw = False
55.9569 	EXP 	line1: autoDraw = False
55.9569 	EXP 	line2: autoDraw = False
55.9569 	EXP 	line3: autoDraw = False
55.9569 	EXP 	line4: autoDraw = False
55.9569 	EXP 	protrianglefixation: autoDraw = False
55.9569 	EXP 	Fixation: autoDraw = True
55.9966 	EXP 	Device response: <KeyPress from None: t=55.93804220799939, value=z, duration=0.052403083000172046>
56.1460 	EXP 	Device response: <KeyPress from None: t=56.14400574999945, value=z, duration=None>
56.1511 	DATA 	Keypress: z
56.2027 	EXP 	Device response: <KeyPress from None: t=56.14400574999945, value=z, duration=0.05629854099970544>
56.6042 	EXP 	Device response: <KeyPress from None: t=56.59905337499913, value=x, duration=None>
56.6093 	DATA 	Keypress: x
56.6639 	EXP 	Device response: <KeyPress from None: t=56.59905337499913, value=x, duration=0.05630829100027768>
56.9133 	EXP 	Device response: <KeyPress from None: t=56.903032707999955, value=x, duration=None>
56.9186 	DATA 	Keypress: x
56.9461 	EXP 	line1: autoDraw = True
56.9461 	EXP 	line2: autoDraw = True
56.9461 	EXP 	line3: autoDraw = True
56.9461 	EXP 	line4: autoDraw = True
56.9525 	EXP 	Fixation: autoDraw = False
56.9537 	EXP 	Device response: <KeyPress from None: t=56.903032707999955, value=x, duration=0.04835637499945733>
57.1624 	EXP 	Device response: <KeyPress from None: t=57.159929499999635, value=x, duration=None>
57.1681 	DATA 	Keypress: x
57.2033 	EXP 	Device response: <KeyPress from None: t=57.159929499999635, value=x, duration=0.03638558300008299>
57.4033 	EXP 	Device response: <KeyPress from None: t=57.39804279099917, value=x, duration=None>
57.4090 	DATA 	Keypress: x
57.4461 	EXP 	Device response: <KeyPress from None: t=57.39804279099917, value=x, duration=0.040367084000536124>
57.6029 	EXP 	Device response: <KeyPress from None: t=57.60093820799921, value=x, duration=None>
57.6078 	DATA 	Keypress: x
57.6627 	EXP 	Device response: <KeyPress from None: t=57.60093820799921, value=x, duration=0.052408583000215>
57.8311 	EXP 	Device response: <KeyPress from None: t=57.81490762499925, value=x, duration=None>
57.8378 	DATA 	Keypress: x
57.8624 	EXP 	Device response: <KeyPress from None: t=57.81490762499925, value=x, duration=0.04432508300033078>
57.9447 	INFO 	Keyboard events cleared
57.9445 	EXP 	protrianglefixation: autoDraw = True
58.0198 	EXP 	Device response: <KeyPress from None: t=58.018002415999945, value=x, duration=None>
58.0202 	EXP 	New trial (rep=6, index=1): <Trial 25 (1 in rep 6) data={'pos': np.int64(150), 'corr_resp': 'v', 'thisN': 25, 'thisTrialN': 1, 'thisRepN': 6}>
58.0255 	DATA 	Keypress: x
58.0315 	EXP 	Fixation: autoDraw = False
58.0315 	EXP 	line1: autoDraw = False
58.0315 	EXP 	line2: autoDraw = False
58.0315 	EXP 	line3: autoDraw = False
58.0315 	EXP 	line4: autoDraw = False
58.0315 	EXP 	protrianglefixation: autoDraw = False
58.0315 	EXP 	Fixation: autoDraw = True
58.0959 	EXP 	Device response: <KeyPress from None: t=58.018002415999945, value=x, duration=0.0683816669998123>
58.2135 	EXP 	Device response: <KeyPress from None: t=58.205995707999136, value=x, duration=None>
58.2187 	DATA 	Keypress: x
58.2801 	EXP 	Device response: <KeyPress from None: t=58.205995707999136, value=x, duration=0.0683448750005482>
58.8538 	EXP 	Device response: <KeyPress from None: t=58.84702695799933, value=v, duration=None>
58.8587 	DATA 	Keypress: v
58.9013 	EXP 	Device response: <KeyPress from None: t=58.84702695799933, value=v, duration=0.04825708299995313>
59.0204 	EXP 	line1: autoDraw = True
59.0204 	EXP 	line2: autoDraw = True
59.0204 	EXP 	line3: autoDraw = True
59.0204 	EXP 	line4: autoDraw = True
59.0460 	EXP 	Fixation: autoDraw = False
59.0641 	EXP 	Device response: <KeyPress from None: t=59.06005274999916, value=v, duration=None>
59.0705 	DATA 	Keypress: v
59.1198 	EXP 	Device response: <KeyPress from None: t=59.06005274999916, value=v, duration=0.05625695800063113>
59.2878 	EXP 	Device response: <KeyPress from None: t=59.2798850829995, value=v, duration=None>
59.2939 	DATA 	Keypress: v
59.3629 	EXP 	Device response: <KeyPress from None: t=59.2798850829995, value=v, duration=0.07634841700019024>
59.5130 	EXP 	Device response: <KeyPress from None: t=59.50795299999936, value=v, duration=None>
59.5194 	DATA 	Keypress: v
59.5626 	EXP 	Device response: <KeyPress from None: t=59.50795299999936, value=v, duration=0.05237145800037979>
59.7296 	EXP 	Device response: <KeyPress from None: t=59.72590387499986, value=v, duration=None>
59.7360 	DATA 	Keypress: v
59.7963 	EXP 	Device response: <KeyPress from None: t=59.72590387499986, value=v, duration=0.06435783300003095>
59.9473 	EXP 	Device response: <KeyPress from None: t=59.94199083299918, value=v, duration=None>
59.9532 	DATA 	Keypress: v
59.9961 	EXP 	Device response: <KeyPress from None: t=59.94199083299918, value=v, duration=0.044244375000744185>
60.0117 	INFO 	Keyboard events cleared
60.0116 	EXP 	protrianglefixation: autoDraw = True
60.1538 	EXP 	Device response: <KeyPress from None: t=60.14990512499935, value=v, duration=None>
60.1544 	EXP 	New trial (rep=6, index=2): <Trial 26 (2 in rep 6) data={'pos': np.int64(50), 'corr_resp': 'c', 'thisN': 26, 'thisTrialN': 2, 'thisRepN': 6}>
60.1601 	DATA 	Keypress: v
60.1656 	EXP 	Fixation: autoDraw = False
60.1656 	EXP 	line1: autoDraw = False
60.1656 	EXP 	line2: autoDraw = False
60.1656 	EXP 	line3: autoDraw = False
60.1656 	EXP 	line4: autoDraw = False
60.1656 	EXP 	protrianglefixation: autoDraw = False
60.1656 	EXP 	Fixation: autoDraw = True
60.1962 	EXP 	Device response: <KeyPress from None: t=60.14990512499935, value=v, duration=0.04440304099989589>
60.3635 	EXP 	Device response: <KeyPress from None: t=60.35895462499957, value=v, duration=None>
60.3690 	DATA 	Keypress: v
60.3971 	EXP 	Device response: <KeyPress from None: t=60.35895462499957, value=v, duration=0.03629733300022053>
61.1525 	EXP 	line1: autoDraw = True
61.1525 	EXP 	line2: autoDraw = True
61.1525 	EXP 	line3: autoDraw = True
61.1525 	EXP 	line4: autoDraw = True
61.1617 	EXP 	Fixation: autoDraw = False
61.4038 	EXP 	Device response: <KeyPress from None: t=61.395859790999566, value=c, duration=None>
61.4098 	DATA 	Keypress: c
61.4457 	EXP 	Device response: <KeyPress from None: t=61.395859790999566, value=c, duration=0.04432020900003408>
61.5964 	EXP 	Device response: <KeyPress from None: t=61.585860374999356, value=c, duration=None>
61.6021 	DATA 	Keypress: c
61.6530 	EXP 	Device response: <KeyPress from None: t=61.585860374999356, value=c, duration=0.060386083000594226>
61.8531 	EXP 	Device response: <KeyPress from None: t=61.84589224999945, value=c, duration=None>
61.8591 	DATA 	Keypress: c
61.9016 	EXP 	Device response: <KeyPress from None: t=61.84589224999945, value=c, duration=0.052319583000098646>
62.0864 	EXP 	Device response: <KeyPress from None: t=62.078886249999414, value=c, duration=None>
62.0919 	DATA 	Keypress: c
62.1465 	EXP 	Device response: <KeyPress from None: t=62.078886249999414, value=c, duration=0.06434170800002903>
62.1553 	INFO 	Keyboard events cleared
62.1552 	EXP 	protrianglefixation: autoDraw = True
62.2864 	EXP 	Device response: <KeyPress from None: t=62.283903040999576, value=c, duration=None>
62.2868 	EXP 	New trial (rep=6, index=3): <Trial 27 (3 in rep 6) data={'pos': np.int64(-150), 'corr_resp': 'z', 'thisN': 27, 'thisTrialN': 3, 'thisRepN': 6}>
62.2922 	DATA 	Keypress: c
62.2977 	EXP 	Fixation: autoDraw = False
62.2977 	EXP 	line1: autoDraw = False
62.2977 	EXP 	line2: autoDraw = False
62.2977 	EXP 	line3: autoDraw = False
62.2977 	EXP 	line4: autoDraw = False
62.2977 	EXP 	protrianglefixation: autoDraw = False
62.2977 	EXP 	Fixation: autoDraw = True
62.3688 	EXP 	Device response: <KeyPress from None: t=62.283903040999576, value=c, duration=0.08028637499955948>
62.5468 	EXP 	Device response: <KeyPress from None: t=62.54392645799999, value=c, duration=None>
62.5507 	DATA 	Keypress: c
62.5859 	EXP 	Device response: <KeyPress from None: t=62.54392645799999, value=c, duration=0.036198791999595414>
62.7470 	EXP 	Device response: <KeyPress from None: t=62.73691674999918, value=c, duration=None>
62.7532 	DATA 	Keypress: c
62.7805 	EXP 	Device response: <KeyPress from None: t=62.73691674999918, value=c, duration=0.0403144580004664>
62.9631 	EXP 	Device response: <KeyPress from None: t=62.95490062499994, value=c, duration=None>
62.9686 	DATA 	Keypress: c
63.0128 	EXP 	Device response: <KeyPress from None: t=62.95490062499994, value=c, duration=0.056332499999371066>
63.2960 	EXP 	line1: autoDraw = True
63.2960 	EXP 	line2: autoDraw = True
63.2960 	EXP 	line3: autoDraw = True
63.2960 	EXP 	line4: autoDraw = True
63.3128 	EXP 	Fixation: autoDraw = False
63.5472 	EXP 	Device response: <KeyPress from None: t=63.52980149999985, value=z, duration=None>
63.5533 	DATA 	Keypress: z
63.5970 	EXP 	Device response: <KeyPress from None: t=63.52980149999985, value=z, duration=0.05639524999969581>
63.7535 	EXP 	Device response: <KeyPress from None: t=63.74819624999964, value=z, duration=None>
63.7595 	DATA 	Keypress: z
63.7861 	EXP 	Device response: <KeyPress from None: t=63.74819624999964, value=z, duration=0.03589779100002488>
63.9465 	EXP 	Device response: <KeyPress from None: t=63.94091104099971, value=z, duration=None>
63.9522 	DATA 	Keypress: z
63.9864 	EXP 	Device response: <KeyPress from None: t=63.94091104099971, value=z, duration=0.044328666999717825>
64.1859 	EXP 	Device response: <KeyPress from None: t=64.18476099999953, value=z, duration=None>
64.1914 	DATA 	Keypress: z
64.2299 	EXP 	Device response: <KeyPress from None: t=64.18476099999953, value=z, duration=0.0403150000001915>
64.2874 	INFO 	Keyboard events cleared
64.2872 	EXP 	protrianglefixation: autoDraw = True
64.4309 	EXP 	Device response: <KeyPress from None: t=64.40751816599914, value=z, duration=None>
64.4316 	EXP 	New trial (rep=7, index=0): <Trial 28 (0 in rep 7) data={'pos': np.int64(-50), 'corr_resp': 'x', 'thisN': 28, 'thisTrialN': 0, 'thisRepN': 7}>
64.4372 	DATA 	Keypress: z
64.4443 	EXP 	Fixation: autoDraw = False
64.4443 	EXP 	line1: autoDraw = False
64.4443 	EXP 	line2: autoDraw = False
64.4443 	EXP 	line3: autoDraw = False
64.4443 	EXP 	line4: autoDraw = False
64.4443 	EXP 	protrianglefixation: autoDraw = False
64.4443 	EXP 	Fixation: autoDraw = True
64.4636 	EXP 	Device response: <KeyPress from None: t=64.40751816599914, value=z, duration=0.047668500000327185>
64.6208 	EXP 	Device response: <KeyPress from None: t=64.61788245799926, value=z, duration=None>
64.6263 	DATA 	Keypress: z
64.6518 	EXP 	Device response: <KeyPress from None: t=64.61788245799926, value=z, duration=0.03221562500038999>
64.9464 	EXP 	Device response: <KeyPress from None: t=64.9368327079992, value=x, duration=None>
64.9516 	DATA 	Keypress: x
64.9965 	EXP 	Device response: <KeyPress from None: t=64.9368327079992, value=x, duration=0.04834662500070408>
65.1972 	EXP 	Device response: <KeyPress from None: t=65.17976191599973, value=x, duration=None>
65.2022 	DATA 	Keypress: x
65.2303 	EXP 	Device response: <KeyPress from None: t=65.17976191599973, value=x, duration=0.04441950000000361>
65.4204 	EXP 	Device response: <KeyPress from None: t=65.41681770799914, value=x, duration=None>
65.4263 	DATA 	Keypress: x
65.4319 	EXP 	line1: autoDraw = True
65.4319 	EXP 	line2: autoDraw = True
65.4319 	EXP 	line3: autoDraw = True
65.4319 	EXP 	line4: autoDraw = True
65.4460 	EXP 	Fixation: autoDraw = False
65.4626 	EXP 	Device response: <KeyPress from None: t=65.41681770799914, value=x, duration=0.04435195800033398>
65.6642 	EXP 	Device response: <KeyPress from None: t=65.65389145799963, value=x, duration=None>
65.6705 	DATA 	Keypress: x
65.7134 	EXP 	Device response: <KeyPress from None: t=65.65389145799963, value=x, duration=0.0483118749998539>
65.8702 	EXP 	Device response: <KeyPress from None: t=65.86382337499981, value=x, duration=None>
65.8760 	DATA 	Keypress: x
65.9181 	EXP 	Device response: <KeyPress from None: t=65.86382337499981, value=x, duration=0.05239441599951533>
66.0961 	EXP 	Device response: <KeyPress from None: t=66.09390891599924, value=x, duration=None>
66.1016 	DATA 	Keypress: x
66.1463 	EXP 	Device response: <KeyPress from None: t=66.09390891599924, value=x, duration=0.04817620900030306>
66.3980 	EXP 	Device response: <KeyPress from None: t=66.38980549999997, value=x, duration=None>
66.4040 	DATA 	Keypress: x
66.4297 	INFO 	Keyboard events cleared
66.4294 	EXP 	protrianglefixation: autoDraw = True
66.6790 	EXP 	Device response: <KeyPress from None: t=66.67776841599971, value=x, duration=None>
66.6795 	EXP 	New trial (rep=7, index=1): <Trial 29 (1 in rep 7) data={'pos': np.int64(150), 'corr_resp': 'v', 'thisN': 29, 'thisTrialN': 1, 'thisRepN': 7}>
66.6856 	DATA 	Keypress: x
66.6907 	EXP 	Fixation: autoDraw = False
66.6907 	EXP 	line1: autoDraw = False
66.6907 	EXP 	line2: autoDraw = False
66.6907 	EXP 	line3: autoDraw = False
66.6907 	EXP 	line4: autoDraw = False
66.6907 	EXP 	protrianglefixation: autoDraw = False
66.6907 	EXP 	Fixation: autoDraw = True
66.7137 	EXP 	Device response: <KeyPress from None: t=66.38980549999997, value=x, duration=0.3203425829997286>
66.9047 	EXP 	Device response: <KeyPress from None: t=66.89972658299939, value=x, duration=None>
66.9099 	DATA 	Keypress: x
66.9465 	EXP 	Device response: <KeyPress from None: t=66.67776841599971, value=x, duration=0.2663901670002815>
67.6641 	EXP 	Device response: <KeyPress from None: t=67.64178887499929, value=v, duration=None>
67.6702 	DATA 	Keypress: v
67.6779 	EXP 	line1: autoDraw = True
67.6779 	EXP 	line2: autoDraw = True
67.6779 	EXP 	line3: autoDraw = True
67.6779 	EXP 	line4: autoDraw = True
67.6837 	EXP 	Fixation: autoDraw = False
67.6849 	EXP 	Device response: <KeyPress from None: t=67.64178887499929, value=v, duration=0.04032850000021426>
68.0630 	EXP 	Device response: <KeyPress from None: t=68.05476858299971, value=v, duration=None>
68.0697 	DATA 	Keypress: v
68.1127 	EXP 	Device response: <KeyPress from None: t=68.05476858299971, value=v, duration=0.04824083299990889>
68.2965 	EXP 	Device response: <KeyPress from None: t=68.28966062499967, value=v, duration=None>
68.3012 	DATA 	Keypress: v
68.3344 	EXP 	Device response: <KeyPress from None: t=68.28966062499967, value=v, duration=0.04042991599999368>
68.5361 	EXP 	Device response: <KeyPress from None: t=68.52965799999947, value=v, duration=None>
68.5418 	DATA 	Keypress: v
68.5805 	EXP 	Device response: <KeyPress from None: t=68.52965799999947, value=v, duration=0.048432290999699035>
68.6781 	INFO 	Keyboard events cleared
68.6779 	EXP 	protrianglefixation: autoDraw = True
68.7698 	EXP 	Device response: <KeyPress from None: t=68.7686954159999, value=v, duration=None>
68.7752 	DATA 	Keypress: v
68.7818 	EXP 	New trial (rep=7, index=2): <Trial 30 (2 in rep 7) data={'pos': np.int64(50), 'corr_resp': 'c', 'thisN': 30, 'thisTrialN': 2, 'thisRepN': 7}>
68.7959 	EXP 	Fixation: autoDraw = False
68.7959 	EXP 	line1: autoDraw = False
68.7959 	EXP 	line2: autoDraw = False
68.7959 	EXP 	line3: autoDraw = False
68.7959 	EXP 	line4: autoDraw = False
68.7959 	EXP 	protrianglefixation: autoDraw = False
68.7959 	EXP 	Fixation: autoDraw = True
68.8132 	EXP 	Device response: <KeyPress from None: t=68.7686954159999, value=v, duration=0.036273708999942755>
69.0199 	EXP 	Device response: <KeyPress from None: t=69.01378516599925, value=v, duration=None>
69.0245 	DATA 	Keypress: v
69.0473 	EXP 	Device response: <KeyPress from None: t=69.01378516599925, value=v, duration=0.028337375000774045>
69.4197 	EXP 	Device response: <KeyPress from None: t=69.41472512499968, value=c, duration=None>
69.4230 	DATA 	Keypress: c
69.4797 	EXP 	Device response: <KeyPress from None: t=69.41472512499968, value=c, duration=0.052305166000223835>
69.6634 	EXP 	Device response: <KeyPress from None: t=69.65275441599988, value=c, duration=None>
69.6696 	DATA 	Keypress: c
69.7131 	EXP 	Device response: <KeyPress from None: t=69.65275441599988, value=c, duration=0.0561900839993541>
69.7782 	EXP 	line1: autoDraw = True
69.7782 	EXP 	line2: autoDraw = True
69.7782 	EXP 	line3: autoDraw = True
69.7782 	EXP 	line4: autoDraw = True
69.7946 	EXP 	Fixation: autoDraw = False
69.8870 	EXP 	Device response: <KeyPress from None: t=69.87962833299935, value=c, duration=None>
69.8935 	DATA 	Keypress: c
69.9295 	EXP 	Device response: <KeyPress from None: t=69.87962833299935, value=c, duration=0.04842091699993034>
70.1028 	EXP 	Device response: <KeyPress from None: t=70.0996123749992, value=c, duration=None>
70.1092 	DATA 	Keypress: c
70.1624 	EXP 	Device response: <KeyPress from None: t=70.0996123749992, value=c, duration=0.0524202080005125>
70.3366 	EXP 	Device response: <KeyPress from None: t=70.32961437499944, value=c, duration=None>
70.3432 	DATA 	Keypress: c
70.3791 	EXP 	Device response: <KeyPress from None: t=70.32961437499944, value=c, duration=0.04037083300045197>
70.5462 	EXP 	Device response: <KeyPress from None: t=70.53869579099955, value=c, duration=None>
70.5530 	DATA 	Keypress: c
70.5961 	EXP 	Device response: <KeyPress from None: t=70.53869579099955, value=c, duration=0.04828695899959712>
70.7628 	EXP 	Device response: <KeyPress from None: t=70.75671491599951, value=c, duration=None>
70.7685 	DATA 	Keypress: c
70.7809 	INFO 	Keyboard events cleared
70.7808 	EXP 	protrianglefixation: autoDraw = True
70.7970 	EXP 	Device response: <KeyPress from None: t=70.75671491599951, value=c, duration=0.03630245899967122>
70.9698 	EXP 	Device response: <KeyPress from None: t=70.96159620799972, value=c, duration=None>
70.9701 	EXP 	New trial (rep=7, index=3): <Trial 31 (3 in rep 7) data={'pos': np.int64(-150), 'corr_resp': 'z', 'thisN': 31, 'thisTrialN': 3, 'thisRepN': 7}>
70.9743 	DATA 	Keypress: c
70.9790 	EXP 	Fixation: autoDraw = False
70.9790 	EXP 	line1: autoDraw = False
70.9790 	EXP 	line2: autoDraw = False
70.9790 	EXP 	line3: autoDraw = False
70.9790 	EXP 	line4: autoDraw = False
70.9790 	EXP 	protrianglefixation: autoDraw = False
70.9790 	EXP 	Fixation: autoDraw = True
71.0134 	EXP 	Device response: <KeyPress from None: t=70.96159620799972, value=c, duration=0.028292625000176486>
71.1466 	EXP 	Device response: <KeyPress from None: t=71.13566304099913, value=c, duration=None>
71.1529 	DATA 	Keypress: c
71.1806 	EXP 	Device response: <KeyPress from None: t=71.13566304099913, value=c, duration=0.03235104200030037>
71.3629 	EXP 	Device response: <KeyPress from None: t=71.35671779099994, value=c, duration=None>
71.3685 	DATA 	Keypress: c
71.4022 	EXP 	Device response: <KeyPress from None: t=71.35671779099994, value=c, duration=0.0443301249997603>
71.9619 	EXP 	line1: autoDraw = True
71.9619 	EXP 	line2: autoDraw = True
71.9619 	EXP 	line3: autoDraw = True
71.9619 	EXP 	line4: autoDraw = True
71.9687 	EXP 	Fixation: autoDraw = False
72.4300 	EXP 	Device response: <KeyPress from None: t=72.421717833, value=z, duration=None>
72.4370 	DATA 	Keypress: z
72.4797 	EXP 	Device response: <KeyPress from None: t=72.421717833, value=z, duration=0.05216083300001628>
72.5867 	EXP 	Device response: <KeyPress from None: t=72.58077045799928, value=z, duration=None>
72.5929 	DATA 	Keypress: z
72.6528 	EXP 	Device response: <KeyPress from None: t=72.58077045799928, value=z, duration=0.06419937500049855>
72.7792 	EXP 	Device response: <KeyPress from None: t=72.77258108299975, value=z, duration=None>
72.7853 	DATA 	Keypress: z
72.8139 	EXP 	Device response: <KeyPress from None: t=72.77258108299975, value=z, duration=0.03632216699952551>
72.9468 	EXP 	Device response: <KeyPress from None: t=72.93954795799982, value=z, duration=None>
72.9509 	DATA 	Keypress: z
72.9681 	INFO 	Keyboard events cleared
72.9680 	EXP 	protrianglefixation: autoDraw = True
73.0297 	EXP 	Device response: <KeyPress from None: t=72.93954795799982, value=z, duration=0.08842924999953539>
73.1797 	EXP 	Device response: <KeyPress from None: t=73.16259649999938, value=z, duration=None>
73.1799 	EXP 	New trial (rep=8, index=0): <Trial 32 (0 in rep 8) data={'pos': np.int64(-50), 'corr_resp': 'x', 'thisN': 32, 'thisTrialN': 0, 'thisRepN': 8}>
73.1819 	DATA 	Keypress: z
73.1862 	EXP 	Fixation: autoDraw = False
73.1862 	EXP 	line1: autoDraw = False
73.1862 	EXP 	line2: autoDraw = False
73.1862 	EXP 	line3: autoDraw = False
73.1862 	EXP 	line4: autoDraw = False
73.1862 	EXP 	protrianglefixation: autoDraw = False
73.1862 	EXP 	Fixation: autoDraw = True
73.2799 	EXP 	Device response: <KeyPress from None: t=73.16259649999938, value=z, duration=0.10837445800007117>
73.3806 	EXP 	Device response: <KeyPress from None: t=73.37367691599957, value=z, duration=None>
73.3852 	DATA 	Keypress: z
73.4792 	EXP 	Device response: <KeyPress from None: t=73.37367691599957, value=z, duration=0.09619758400003775>
73.5797 	EXP 	Device response: <KeyPress from None: t=73.56956516599985, value=z, duration=None>
73.5847 	DATA 	Keypress: z
73.6972 	EXP 	Device response: <KeyPress from None: t=73.56956516599985, value=z, duration=0.11645866699927865>
74.1202 	EXP 	Device response: <KeyPress from None: t=74.11771320799926, value=z, duration=None>
74.1255 	DATA 	Keypress: z
74.1785 	EXP 	line1: autoDraw = True
74.1785 	EXP 	line2: autoDraw = True
74.1785 	EXP 	line3: autoDraw = True
74.1785 	EXP 	line4: autoDraw = True
74.1847 	EXP 	Fixation: autoDraw = False
74.2463 	EXP 	Device response: <KeyPress from None: t=74.11771320799926, value=z, duration=0.12420300000030693>
74.4312 	EXP 	Device response: <KeyPress from None: t=74.4135986249994, value=z, duration=None>
74.4341 	DATA 	Keypress: z
74.6959 	EXP 	Device response: <KeyPress from None: t=74.4135986249994, value=z, duration=0.28032004099986807>
74.7313 	EXP 	Device response: <KeyPress from None: t=74.72862866599917, value=z, duration=None>
74.7330 	DATA 	Keypress: z
74.9967 	EXP 	Device response: <KeyPress from None: t=74.72862866599917, value=z, duration=0.264315584000542>
75.0454 	EXP 	Device response: <KeyPress from None: t=75.0305732909992, value=z, duration=None>
75.0470 	DATA 	Keypress: z
75.1507 	EXP 	Device response: <KeyPress from None: t=75.0305732909992, value=z, duration=0.11290616700080136>
75.1790 	INFO 	Keyboard events cleared
75.1789 	EXP 	protrianglefixation: autoDraw = True
75.2789 	EXP 	Device response: <KeyPress from None: t=75.27451933299926, value=z, duration=None>
75.2790 	EXP 	New trial (rep=8, index=1): <Trial 33 (1 in rep 8) data={'pos': np.int64(150), 'corr_resp': 'v', 'thisN': 33, 'thisTrialN': 1, 'thisRepN': 8}>
75.2807 	DATA 	Keypress: z
75.2846 	EXP 	Fixation: autoDraw = False
75.2846 	EXP 	line1: autoDraw = False
75.2846 	EXP 	line2: autoDraw = False
75.2846 	EXP 	line3: autoDraw = False
75.2846 	EXP 	line4: autoDraw = False
75.2846 	EXP 	protrianglefixation: autoDraw = False
75.2846 	EXP 	Fixation: autoDraw = True
75.3960 	EXP 	Device response: <KeyPress from None: t=75.27451933299926, value=z, duration=0.11647954199997912>
75.5029 	EXP 	Device response: <KeyPress from None: t=75.49763420799991, value=z, duration=None>
75.5078 	DATA 	Keypress: z
75.5532 	EXP 	Device response: <KeyPress from None: t=75.49763420799991, value=z, duration=0.05220333299985214>
76.2689 	EXP 	line1: autoDraw = True
76.2689 	EXP 	line2: autoDraw = True
76.2689 	EXP 	line3: autoDraw = True
76.2689 	EXP 	line4: autoDraw = True
76.2784 	EXP 	Fixation: autoDraw = False
77.0974 	EXP 	Device response: <KeyPress from None: t=77.06852187499953, value=v, duration=None>
77.1035 	DATA 	Keypress: v
77.1120 	EXP 	Device response: <KeyPress from None: t=77.06852187499953, value=v, duration=0.02827116600019508>
77.2797 	INFO 	Keyboard events cleared
77.2794 	EXP 	protrianglefixation: autoDraw = True
77.2915 	DATA 	Keypress: v
77.4533 	EXP 	Device response: <KeyPress from None: t=77.44763883299947, value=v, duration=None>
77.4538 	EXP 	New trial (rep=8, index=2): <Trial 34 (2 in rep 8) data={'pos': np.int64(50), 'corr_resp': 'c', 'thisN': 34, 'thisTrialN': 2, 'thisRepN': 8}>
77.4597 	DATA 	Keypress: v
77.4653 	EXP 	Fixation: autoDraw = False
77.4653 	EXP 	line1: autoDraw = False
77.4653 	EXP 	line2: autoDraw = False
77.4653 	EXP 	line3: autoDraw = False
77.4653 	EXP 	line4: autoDraw = False
77.4653 	EXP 	protrianglefixation: autoDraw = False
77.4653 	EXP 	Fixation: autoDraw = True
77.4960 	EXP 	Device response: <KeyPress from None: t=77.44763883299947, value=v, duration=0.04425545800040709>
77.6711 	EXP 	Device response: <KeyPress from None: t=77.66551074999916, value=v, duration=None>
77.6758 	DATA 	Keypress: v
77.7126 	EXP 	Device response: <KeyPress from None: t=77.66551074999916, value=v, duration=0.03622020800048631>
78.4518 	EXP 	line1: autoDraw = True
78.4518 	EXP 	line2: autoDraw = True
78.4518 	EXP 	line3: autoDraw = True
78.4518 	EXP 	line4: autoDraw = True
78.4610 	EXP 	Fixation: autoDraw = False
78.5128 	EXP 	Device response: <KeyPress from None: t=78.49653908299933, value=f12, duration=None>
78.5631 	EXP 	Device response: <KeyPress from None: t=78.49653908299933, value=f12, duration=0.06435070800034737>
78.6976 	EXP 	Device response: <KeyPress from None: t=78.6955738329998, value=f12, duration=None>
78.7806 	EXP 	Device response: <KeyPress from None: t=78.6955738329998, value=f12, duration=0.08021054199980426>
78.9455 	EXP 	Device response: <KeyPress from None: t=78.92247808299999, value=f12, duration=None>
78.9793 	EXP 	Device response: <KeyPress from None: t=78.92247808299999, value=f12, duration=0.044386582999322854>
79.4531 	INFO 	Keyboard events cleared
79.4529 	EXP 	protrianglefixation: autoDraw = True
80.1963 	EXP 	Device response: <KeyPress from None: t=80.1885564159993, value=c, duration=None>
80.1968 	EXP 	New trial (rep=8, index=3): <Trial 35 (3 in rep 8) data={'pos': np.int64(-150), 'corr_resp': 'z', 'thisN': 35, 'thisTrialN': 3, 'thisRepN': 8}>
80.2032 	DATA 	Keypress: c
80.2084 	EXP 	Fixation: autoDraw = False
80.2084 	EXP 	line1: autoDraw = False
80.2084 	EXP 	line2: autoDraw = False
80.2084 	EXP 	line3: autoDraw = False
80.2084 	EXP 	line4: autoDraw = False
80.2084 	EXP 	protrianglefixation: autoDraw = False
80.2084 	EXP 	Fixation: autoDraw = True
80.2518 	EXP 	Device response: <KeyPress from None: t=80.1885564159993, value=c, duration=0.060256167000261485>
81.1945 	EXP 	line1: autoDraw = True
81.1945 	EXP 	line2: autoDraw = True
81.1945 	EXP 	line3: autoDraw = True
81.1945 	EXP 	line4: autoDraw = True
81.2023 	EXP 	Fixation: autoDraw = False
82.1945 	INFO 	Keyboard events cleared
82.1944 	EXP 	protrianglefixation: autoDraw = True
82.9369 	EXP 	Device response: <KeyPress from None: t=82.9293802079992, value=z, duration=None>
82.9373 	EXP 	New trial (rep=9, index=0): <Trial 36 (0 in rep 9) data={'pos': np.int64(-50), 'corr_resp': 'x', 'thisN': 36, 'thisTrialN': 0, 'thisRepN': 9}>
82.9433 	DATA 	Keypress: z
82.9486 	EXP 	Fixation: autoDraw = False
82.9486 	EXP 	line1: autoDraw = False
82.9486 	EXP 	line2: autoDraw = False
82.9486 	EXP 	line3: autoDraw = False
82.9486 	EXP 	line4: autoDraw = False
82.9486 	EXP 	protrianglefixation: autoDraw = False
82.9486 	EXP 	Fixation: autoDraw = True
83.0138 	EXP 	Device response: <KeyPress from None: t=82.9293802079992, value=z, duration=0.0764149169999655>
83.9364 	EXP 	line1: autoDraw = True
83.9364 	EXP 	line2: autoDraw = True
83.9364 	EXP 	line3: autoDraw = True
83.9364 	EXP 	line4: autoDraw = True
83.9444 	EXP 	Fixation: autoDraw = False
84.9372 	INFO 	Keyboard events cleared
84.9370 	EXP 	protrianglefixation: autoDraw = True
85.6196 	EXP 	Device response: <KeyPress from None: t=85.6152694579996, value=x, duration=None>
85.6201 	EXP 	New trial (rep=9, index=1): <Trial 37 (1 in rep 9) data={'pos': np.int64(150), 'corr_resp': 'v', 'thisN': 37, 'thisTrialN': 1, 'thisRepN': 9}>
85.6244 	DATA 	Keypress: x
85.6454 	EXP 	Fixation: autoDraw = False
85.6454 	EXP 	line1: autoDraw = False
85.6454 	EXP 	line2: autoDraw = False
85.6454 	EXP 	line3: autoDraw = False
85.6454 	EXP 	line4: autoDraw = False
85.6454 	EXP 	protrianglefixation: autoDraw = False
85.6454 	EXP 	Fixation: autoDraw = True
85.7296 	EXP 	Device response: <KeyPress from None: t=66.89972658299939, value=x, duration=18.81993012500061>
86.6121 	EXP 	line1: autoDraw = True
86.6121 	EXP 	line2: autoDraw = True
86.6121 	EXP 	line3: autoDraw = True
86.6121 	EXP 	line4: autoDraw = True
86.6456 	EXP 	Fixation: autoDraw = False
87.6195 	INFO 	Keyboard events cleared
87.6194 	EXP 	protrianglefixation: autoDraw = True
87.7626 	EXP 	Device response: <KeyPress from None: t=87.75923841599979, value=f8, duration=None>
87.7630 	EXP 	New trial (rep=9, index=2): <Trial 38 (2 in rep 9) data={'pos': np.int64(50), 'corr_resp': 'c', 'thisN': 38, 'thisTrialN': 2, 'thisRepN': 9}>
87.7751 	EXP 	Fixation: autoDraw = False
87.7751 	EXP 	line1: autoDraw = False
87.7751 	EXP 	line2: autoDraw = False
87.7751 	EXP 	line3: autoDraw = False
87.7751 	EXP 	line4: autoDraw = False
87.7751 	EXP 	protrianglefixation: autoDraw = False
87.7751 	EXP 	Fixation: autoDraw = True
87.9192 	EXP 	Device response: <KeyPress from None: t=87.75923841599979, value=f8, duration=0.1563936669999748>
88.7611 	EXP 	line1: autoDraw = True
88.7611 	EXP 	line2: autoDraw = True
88.7611 	EXP 	line3: autoDraw = True
88.7611 	EXP 	line4: autoDraw = True
88.7687 	EXP 	Fixation: autoDraw = False
89.7613 	INFO 	Keyboard events cleared
89.7611 	EXP 	protrianglefixation: autoDraw = True
90.5794 	EXP 	Device response: <KeyPress from None: t=90.57422733299973, value=c, duration=None>
90.5798 	EXP 	New trial (rep=9, index=3): <Trial 39 (3 in rep 9) data={'pos': np.int64(-150), 'corr_resp': 'z', 'thisN': 39, 'thisTrialN': 3, 'thisRepN': 9}>
90.5865 	DATA 	Keypress: c
90.5917 	EXP 	Fixation: autoDraw = False
90.5917 	EXP 	line1: autoDraw = False
90.5917 	EXP 	line2: autoDraw = False
90.5917 	EXP 	line3: autoDraw = False
90.5917 	EXP 	line4: autoDraw = False
90.5917 	EXP 	protrianglefixation: autoDraw = False
90.5917 	EXP 	Fixation: autoDraw = True
90.6692 	EXP 	Device response: <KeyPress from None: t=90.57422733299973, value=c, duration=0.09231891699982953>
91.5783 	EXP 	line1: autoDraw = True
91.5783 	EXP 	line2: autoDraw = True
91.5783 	EXP 	line3: autoDraw = True
91.5783 	EXP 	line4: autoDraw = True
91.5852 	EXP 	Fixation: autoDraw = False
92.5780 	INFO 	Keyboard events cleared
92.5778 	EXP 	protrianglefixation: autoDraw = True
93.3040 	EXP 	Device response: <KeyPress from None: t=93.30217304099915, value=z, duration=None>
93.3046 	EXP 	New trial (rep=10, index=0): <Trial 40 (0 in rep 10) data={'pos': np.int64(-50), 'corr_resp': 'x', 'thisN': 40, 'thisTrialN': 0, 'thisRepN': 10}>
93.3108 	DATA 	Keypress: z
93.3158 	EXP 	Fixation: autoDraw = False
93.3158 	EXP 	line1: autoDraw = False
93.3158 	EXP 	line2: autoDraw = False
93.3158 	EXP 	line3: autoDraw = False
93.3158 	EXP 	line4: autoDraw = False
93.3158 	EXP 	protrianglefixation: autoDraw = False
93.3158 	EXP 	Fixation: autoDraw = True
93.4139 	EXP 	Device response: <KeyPress from None: t=93.30217304099915, value=z, duration=0.10827016700022796>
93.5702 	EXP 	Device response: <KeyPress from None: t=93.56620183299947, value=z, duration=None>
93.5764 	DATA 	Keypress: z
93.6541 	EXP 	Device response: <KeyPress from None: t=93.56620183299947, value=z, duration=0.08025170800010528>
94.3036 	EXP 	line1: autoDraw = True
94.3036 	EXP 	line2: autoDraw = True
94.3036 	EXP 	line3: autoDraw = True
94.3036 	EXP 	line4: autoDraw = True
94.3141 	EXP 	Fixation: autoDraw = False
95.1702 	EXP 	Device response: <KeyPress from None: t=95.16714574999969, value=x, duration=None>
95.1767 	DATA 	Keypress: x
95.2629 	EXP 	Device response: <KeyPress from None: t=85.6152694579996, value=x, duration=9.640156208000008>
95.3022 	INFO 	Keyboard events cleared
95.3021 	EXP 	protrianglefixation: autoDraw = True
95.5865 	EXP 	Device response: <KeyPress from None: t=95.58116537499973, value=x, duration=None>
95.5869 	EXP 	New trial (rep=10, index=1): <Trial 41 (1 in rep 10) data={'pos': np.int64(150), 'corr_resp': 'v', 'thisN': 41, 'thisTrialN': 1, 'thisRepN': 10}>
95.5932 	DATA 	Keypress: x
95.5986 	EXP 	Fixation: autoDraw = False
95.5986 	EXP 	line1: autoDraw = False
95.5986 	EXP 	line2: autoDraw = False
95.5986 	EXP 	line3: autoDraw = False
95.5986 	EXP 	line4: autoDraw = False
95.5986 	EXP 	protrianglefixation: autoDraw = False
95.5986 	EXP 	Fixation: autoDraw = True
95.6462 	EXP 	Device response: <KeyPress from None: t=95.16714574999969, value=x, duration=0.47427724999943166>
95.7530 	EXP 	Device response: <KeyPress from None: t=95.75003774999914, value=x, duration=None>
95.7662 	DATA 	Keypress: x
95.8476 	EXP 	Device response: <KeyPress from None: t=95.58116537499973, value=x, duration=0.2612400409998372>
96.4699 	EXP 	Device response: <KeyPress from None: t=96.46615391599971, value=v, duration=None>
96.4758 	DATA 	Keypress: v
96.5185 	EXP 	Device response: <KeyPress from None: t=96.46615391599971, value=v, duration=0.04829925000012736>
96.5861 	EXP 	line1: autoDraw = True
96.5861 	EXP 	line2: autoDraw = True
96.5861 	EXP 	line3: autoDraw = True
96.5861 	EXP 	line4: autoDraw = True
96.6124 	EXP 	Fixation: autoDraw = False
96.6880 	EXP 	Device response: <KeyPress from None: t=96.67999595799938, value=v, duration=None>
96.6936 	DATA 	Keypress: v
96.7293 	EXP 	Device response: <KeyPress from None: t=96.67999595799938, value=v, duration=0.040351583000301616>
96.8625 	EXP 	Device response: <KeyPress from None: t=96.85707299999922, value=v, duration=None>
96.8683 	DATA 	Keypress: v
96.9123 	EXP 	Device response: <KeyPress from None: t=96.85707299999922, value=v, duration=0.05233408300045994>
97.0632 	EXP 	Device response: <KeyPress from None: t=97.05559766599981, value=v, duration=None>
97.0698 	DATA 	Keypress: v
97.1191 	EXP 	Device response: <KeyPress from None: t=97.05559766599981, value=v, duration=0.05576737499995943>
97.2801 	EXP 	Device response: <KeyPress from None: t=97.27423120799995, value=v, duration=None>
97.2856 	DATA 	Keypress: v
97.3197 	EXP 	Device response: <KeyPress from None: t=97.27423120799995, value=v, duration=0.040168249999624095>
97.4629 	EXP 	Device response: <KeyPress from None: t=97.45885249999992, value=v, duration=None>
97.4691 	DATA 	Keypress: v
97.5029 	EXP 	Device response: <KeyPress from None: t=97.45885249999992, value=v, duration=0.039627540999390476>
97.5854 	INFO 	Keyboard events cleared
97.5852 	EXP 	protrianglefixation: autoDraw = True
97.6527 	EXP 	Device response: <KeyPress from None: t=97.64606066599936, value=v, duration=None>
97.6531 	EXP 	New trial (rep=10, index=2): <Trial 42 (2 in rep 10) data={'pos': np.int64(50), 'corr_resp': 'c', 'thisN': 42, 'thisTrialN': 2, 'thisRepN': 10}>
97.6583 	DATA 	Keypress: v
97.6789 	EXP 	Fixation: autoDraw = False
97.6789 	EXP 	line1: autoDraw = False
97.6789 	EXP 	line2: autoDraw = False
97.6789 	EXP 	line3: autoDraw = False
97.6789 	EXP 	line4: autoDraw = False
97.6789 	EXP 	protrianglefixation: autoDraw = False
97.6789 	EXP 	Fixation: autoDraw = True
97.7128 	EXP 	Device response: <KeyPress from None: t=97.64606066599936, value=v, duration=0.056219709000288276>
97.8548 	EXP 	Device response: <KeyPress from None: t=97.84709912499966, value=v, duration=None>
97.8604 	DATA 	Keypress: v
97.9025 	EXP 	Device response: <KeyPress from None: t=97.84709912499966, value=v, duration=0.048283625000294705>
98.3041 	EXP 	Device response: <KeyPress from None: t=98.29909162499916, value=c, duration=None>
98.3094 	DATA 	Keypress: c
98.3645 	EXP 	Device response: <KeyPress from None: t=98.29909162499916, value=c, duration=0.05229554100060341>
98.5301 	EXP 	Device response: <KeyPress from None: t=98.51903741599926, value=c, duration=None>
98.5357 	DATA 	Keypress: c
98.5685 	EXP 	Device response: <KeyPress from None: t=98.51903741599926, value=c, duration=0.04839662500035047>
98.6627 	EXP 	line1: autoDraw = True
98.6627 	EXP 	line2: autoDraw = True
98.6627 	EXP 	line3: autoDraw = True
98.6627 	EXP 	line4: autoDraw = True
98.6697 	EXP 	Fixation: autoDraw = False
98.7636 	EXP 	Device response: <KeyPress from None: t=98.73808545799966, value=c, duration=None>
98.7692 	DATA 	Keypress: c
98.7803 	EXP 	Device response: <KeyPress from None: t=98.73808545799966, value=c, duration=0.040224792000117304>
98.9629 	EXP 	Device response: <KeyPress from None: t=98.9560585829995, value=c, duration=None>
98.9686 	DATA 	Keypress: c
98.9970 	EXP 	Device response: <KeyPress from None: t=98.9560585829995, value=c, duration=0.03634529200007819>
99.1624 	EXP 	Device response: <KeyPress from None: t=99.1520467499995, value=c, duration=None>
99.1681 	DATA 	Keypress: c
99.2029 	EXP 	Device response: <KeyPress from None: t=99.1520467499995, value=c, duration=0.04822595800033014>
99.3538 	EXP 	Device response: <KeyPress from None: t=99.34752374999971, value=c, duration=None>
99.3594 	DATA 	Keypress: c
99.3956 	EXP 	Device response: <KeyPress from None: t=99.34752374999971, value=c, duration=0.043823375000101805>
99.5543 	EXP 	Device response: <KeyPress from None: t=99.54705579099937, value=c, duration=None>
99.5601 	DATA 	Keypress: c
99.5864 	EXP 	Device response: <KeyPress from None: t=99.54705579099937, value=c, duration=0.03623887499998091>
99.6526 	INFO 	Keyboard events cleared
99.6525 	EXP 	protrianglefixation: autoDraw = True
99.7464 	EXP 	Device response: <KeyPress from None: t=99.73801479099984, value=c, duration=None>
99.7468 	EXP 	New trial (rep=10, index=3): <Trial 43 (3 in rep 10) data={'pos': np.int64(-150), 'corr_resp': 'z', 'thisN': 43, 'thisTrialN': 3, 'thisRepN': 10}>
99.7522 	DATA 	Keypress: c
99.7569 	EXP 	Fixation: autoDraw = False
99.7569 	EXP 	line1: autoDraw = False
99.7569 	EXP 	line2: autoDraw = False
99.7569 	EXP 	line3: autoDraw = False
99.7569 	EXP 	line4: autoDraw = False
99.7569 	EXP 	protrianglefixation: autoDraw = False
99.7569 	EXP 	Fixation: autoDraw = True
99.7955 	EXP 	Device response: <KeyPress from None: t=99.73801479099984, value=c, duration=0.05629858399970544>
99.9470 	EXP 	Device response: <KeyPress from None: t=99.93800933299917, value=c, duration=None>
99.9520 	DATA 	Keypress: c
99.9855 	EXP 	Device response: <KeyPress from None: t=99.93800933299917, value=c, duration=0.044322292000288144>
100.6036 	EXP 	Device response: <KeyPress from None: t=100.60095583299972, value=z, duration=None>
100.6089 	DATA 	Keypress: z
100.6799 	EXP 	Device response: <KeyPress from None: t=100.60095583299972, value=z, duration=0.06833399999959511>
100.7374 	EXP 	line1: autoDraw = True
100.7374 	EXP 	line2: autoDraw = True
100.7374 	EXP 	line3: autoDraw = True
100.7374 	EXP 	line4: autoDraw = True
100.7688 	EXP 	Fixation: autoDraw = False
100.8798 	EXP 	Device response: <KeyPress from None: t=100.87196245799987, value=z, duration=None>
100.8860 	DATA 	Keypress: z
100.8923 	EXP 	Device response: <KeyPress from None: t=100.87196245799987, value=z, duration=0.016351291999853856>
101.0797 	EXP 	Device response: <KeyPress from None: t=101.07800487499935, value=z, duration=None>
101.0856 	DATA 	Keypress: z
101.1469 	EXP 	Device response: <KeyPress from None: t=101.07800487499935, value=z, duration=0.06036079100067582>
101.2959 	EXP 	Device response: <KeyPress from None: t=101.29196462499931, value=z, duration=None>
101.3019 	DATA 	Keypress: z
101.3461 	EXP 	Device response: <KeyPress from None: t=101.29196462499931, value=z, duration=0.0482893750004223>
101.4964 	EXP 	Device response: <KeyPress from None: t=101.49090899999919, value=z, duration=None>
101.5024 	DATA 	Keypress: z
101.5303 	EXP 	Device response: <KeyPress from None: t=101.49090899999919, value=z, duration=0.03643541600013123>
101.7129 	EXP 	Device response: <KeyPress from None: t=101.7050118749994, value=z, duration=None>
101.7186 	DATA 	Keypress: z
101.7460 	INFO 	Keyboard events cleared
101.7458 	EXP 	protrianglefixation: autoDraw = True
101.7629 	EXP 	Device response: <KeyPress from None: t=101.7050118749994, value=z, duration=0.05234037500031263>
101.9027 	EXP 	Device response: <KeyPress from None: t=101.89895912499924, value=z, duration=None>
101.9031 	EXP 	New trial (rep=11, index=0): <Trial 44 (0 in rep 11) data={'pos': np.int64(-50), 'corr_resp': 'x', 'thisN': 44, 'thisTrialN': 0, 'thisRepN': 11}>
101.9071 	DATA 	Keypress: z
101.9116 	EXP 	Fixation: autoDraw = False
101.9116 	EXP 	line1: autoDraw = False
101.9116 	EXP 	line2: autoDraw = False
101.9116 	EXP 	line3: autoDraw = False
101.9116 	EXP 	line4: autoDraw = False
101.9116 	EXP 	protrianglefixation: autoDraw = False
101.9116 	EXP 	Fixation: autoDraw = True
101.9467 	EXP 	Device response: <KeyPress from None: t=101.89895912499924, value=z, duration=0.044373790999998164>
102.2300 	EXP 	Device response: <KeyPress from None: t=102.22698991599918, value=x, duration=None>
102.2348 	DATA 	Keypress: x
102.2689 	EXP 	Device response: <KeyPress from None: t=95.75003774999914, value=x, duration=6.513228208000328>
102.4699 	EXP 	Device response: <KeyPress from None: t=102.46294787499937, value=x, duration=None>
102.4740 	DATA 	Keypress: x
102.5138 	EXP 	Device response: <KeyPress from None: t=102.22698991599918, value=x, duration=0.27637379200041323>
102.6962 	EXP 	Device response: <KeyPress from None: t=102.68591779099916, value=x, duration=None>
102.7008 	DATA 	Keypress: x
102.7303 	EXP 	Device response: <KeyPress from None: t=102.46294787499937, value=x, duration=0.25937783300014416>
102.9026 	EXP 	Fixation: autoDraw = False
102.9026 	EXP 	line1: autoDraw = True
102.9026 	EXP 	line2: autoDraw = True
102.9026 	EXP 	line3: autoDraw = True
102.9026 	EXP 	line4: autoDraw = True
102.9363 	EXP 	Device response: <KeyPress from None: t=102.93297279099988, value=x, duration=None>
102.9417 	DATA 	Keypress: x
102.9699 	EXP 	Device response: <KeyPress from None: t=102.68591779099916, value=x, duration=0.2793534170004932>
103.1696 	EXP 	Device response: <KeyPress from None: t=103.164984, value=x, duration=None>
103.1744 	DATA 	Keypress: x
103.2136 	EXP 	Device response: <KeyPress from None: t=102.93297279099988, value=x, duration=0.27633187499941414>
103.5700 	EXP 	Device response: <KeyPress from None: t=103.56289412499973, value=x, duration=None>
103.5752 	DATA 	Keypress: x
103.6363 	EXP 	Device response: <KeyPress from None: t=103.164984, value=x, duration=0.4702744159994836>
103.7963 	EXP 	Device response: <KeyPress from None: t=103.78984429100001, value=x, duration=None>
103.8011 	DATA 	Keypress: x
103.8460 	EXP 	Device response: <KeyPress from None: t=103.56289412499973, value=x, duration=0.2752999579997777>
103.8945 	INFO 	Keyboard events cleared
103.8943 	EXP 	protrianglefixation: autoDraw = True
104.0035 	EXP 	Device response: <KeyPress from None: t=104.00192395799968, value=x, duration=None>
104.0039 	EXP 	New trial (rep=11, index=1): <Trial 45 (1 in rep 11) data={'pos': np.int64(150), 'corr_resp': 'v', 'thisN': 45, 'thisTrialN': 1, 'thisRepN': 11}>
104.0085 	DATA 	Keypress: x
104.0145 	EXP 	Fixation: autoDraw = False
104.0145 	EXP 	line1: autoDraw = False
104.0145 	EXP 	line2: autoDraw = False
104.0145 	EXP 	line3: autoDraw = False
104.0145 	EXP 	line4: autoDraw = False
104.0145 	EXP 	protrianglefixation: autoDraw = False
104.0145 	EXP 	Fixation: autoDraw = True
104.0635 	EXP 	Device response: <KeyPress from None: t=103.78984429100001, value=x, duration=0.2683962499995687>
104.2034 	EXP 	Device response: <KeyPress from None: t=104.19893924999997, value=x, duration=None>
104.2076 	DATA 	Keypress: x
104.2701 	EXP 	Device response: <KeyPress from None: t=104.00192395799968, value=x, duration=0.2653024999999616>
104.8360 	EXP 	Device response: <KeyPress from None: t=104.82788849999997, value=v, duration=None>
104.8406 	DATA 	Keypress: v
104.8640 	EXP 	Device response: <KeyPress from None: t=104.82788849999997, value=v, duration=0.032322999999450985>
105.0028 	EXP 	line1: autoDraw = True
105.0028 	EXP 	line2: autoDraw = True
105.0028 	EXP 	line3: autoDraw = True
105.0028 	EXP 	line4: autoDraw = True
105.0122 	EXP 	Fixation: autoDraw = False
105.0537 	EXP 	Device response: <KeyPress from None: t=105.04586012499931, value=v, duration=None>
105.0586 	DATA 	Keypress: v
105.0955 	EXP 	Device response: <KeyPress from None: t=105.04586012499931, value=v, duration=0.04844916599995486>
105.2861 	EXP 	Device response: <KeyPress from None: t=105.28062066599978, value=v, duration=None>
105.2908 	DATA 	Keypress: v
105.3292 	EXP 	Device response: <KeyPress from None: t=105.28062066599978, value=v, duration=0.03947962500024005>
105.5130 	EXP 	Device response: <KeyPress from None: t=105.50391374999981, value=v, duration=None>
105.5184 	DATA 	Keypress: v
105.5541 	EXP 	Device response: <KeyPress from None: t=105.50391374999981, value=v, duration=0.04827533299976494>
105.7306 	EXP 	Device response: <KeyPress from None: t=105.72289224999986, value=v, duration=None>
105.7357 	DATA 	Keypress: v
105.7693 	EXP 	Device response: <KeyPress from None: t=105.72289224999986, value=v, duration=0.040304290999301884>
105.9292 	EXP 	Device response: <KeyPress from None: t=105.918859333, value=v, duration=None>
105.9343 	DATA 	Keypress: v
105.9703 	EXP 	Device response: <KeyPress from None: t=105.918859333, value=v, duration=0.0442647499994564>
106.0031 	INFO 	Keyboard events cleared
106.0029 	EXP 	protrianglefixation: autoDraw = True
106.1296 	EXP 	Device response: <KeyPress from None: t=106.11979054099993, value=v, duration=None>
106.1301 	EXP 	New trial (rep=11, index=2): <Trial 46 (2 in rep 11) data={'pos': np.int64(50), 'corr_resp': 'c', 'thisN': 46, 'thisTrialN': 2, 'thisRepN': 11}>
106.1341 	DATA 	Keypress: v
106.1384 	EXP 	Fixation: autoDraw = False
106.1384 	EXP 	line1: autoDraw = False
106.1384 	EXP 	line2: autoDraw = False
106.1384 	EXP 	line3: autoDraw = False
106.1384 	EXP 	line4: autoDraw = False
106.1384 	EXP 	protrianglefixation: autoDraw = False
106.1384 	EXP 	Fixation: autoDraw = True
106.1632 	EXP 	Device response: <KeyPress from None: t=106.11979054099993, value=v, duration=0.03638670899999852>
106.3364 	EXP 	Device response: <KeyPress from None: t=106.32883583299918, value=v, duration=None>
106.3404 	DATA 	Keypress: v
106.3808 	EXP 	Device response: <KeyPress from None: t=106.32883583299918, value=v, duration=0.036451667000619636>
106.9970 	EXP 	Device response: <KeyPress from None: t=106.99188087499988, value=c, duration=None>
107.0018 	DATA 	Keypress: c
107.0462 	EXP 	Device response: <KeyPress from None: t=106.99188087499988, value=c, duration=0.05238012500012701>
107.1205 	EXP 	line1: autoDraw = True
107.1205 	EXP 	line2: autoDraw = True
107.1205 	EXP 	line3: autoDraw = True
107.1205 	EXP 	line4: autoDraw = True
107.1517 	EXP 	Fixation: autoDraw = False
107.2194 	EXP 	Device response: <KeyPress from None: t=107.21790462499939, value=c, duration=None>
107.2239 	DATA 	Keypress: c
107.2644 	EXP 	Device response: <KeyPress from None: t=107.21790462499939, value=c, duration=0.04426179100028094>
107.4295 	EXP 	Device response: <KeyPress from None: t=107.42084916599924, value=c, duration=None>
107.4345 	DATA 	Keypress: c
107.4792 	EXP 	Device response: <KeyPress from None: t=107.42084916599924, value=c, duration=0.05235691699999734>
107.6308 	EXP 	Device response: <KeyPress from None: t=107.61391845799972, value=c, duration=None>
107.6361 	DATA 	Keypress: c
107.6628 	EXP 	Device response: <KeyPress from None: t=107.61391845799972, value=c, duration=0.04024445799950627>
107.8137 	EXP 	Device response: <KeyPress from None: t=107.8088262909996, value=c, duration=None>
107.8186 	DATA 	Keypress: c
107.8628 	EXP 	Device response: <KeyPress from None: t=107.8088262909996, value=c, duration=0.04430312499971478>
108.0294 	EXP 	Device response: <KeyPress from None: t=108.02786829099932, value=c, duration=None>
108.0346 	DATA 	Keypress: c
108.0636 	EXP 	Device response: <KeyPress from None: t=108.02786829099932, value=c, duration=0.02435983400027908>
108.1213 	INFO 	Keyboard events cleared
108.1212 	EXP 	protrianglefixation: autoDraw = True
108.2125 	EXP 	Device response: <KeyPress from None: t=108.20976366599916, value=c, duration=None>
108.2129 	EXP 	New trial (rep=11, index=3): <Trial 47 (3 in rep 11) data={'pos': np.int64(-150), 'corr_resp': 'z', 'thisN': 47, 'thisTrialN': 3, 'thisRepN': 11}>
108.2171 	DATA 	Keypress: c
108.2215 	EXP 	Fixation: autoDraw = False
108.2215 	EXP 	line1: autoDraw = False
108.2215 	EXP 	line2: autoDraw = False
108.2215 	EXP 	line3: autoDraw = False
108.2215 	EXP 	line4: autoDraw = False
108.2215 	EXP 	protrianglefixation: autoDraw = False
108.2215 	EXP 	Fixation: autoDraw = True
108.2503 	EXP 	Device response: <KeyPress from None: t=108.20976366599916, value=c, duration=0.03637370900014503>
108.4297 	EXP 	Device response: <KeyPress from None: t=108.41985420799938, value=c, duration=None>
108.4342 	DATA 	Keypress: c
108.4636 	EXP 	Device response: <KeyPress from None: t=108.41985420799938, value=c, duration=0.040284417000293615>
109.1460 	EXP 	Device response: <KeyPress from None: t=109.14386412499971, value=z, duration=None>
109.1559 	DATA 	Keypress: z
109.2110 	EXP 	line1: autoDraw = True
109.2110 	EXP 	line2: autoDraw = True
109.2110 	EXP 	line3: autoDraw = True
109.2110 	EXP 	line4: autoDraw = True
109.2189 	EXP 	Fixation: autoDraw = False
109.2200 	EXP 	Device response: <KeyPress from None: t=109.14386412499971, value=z, duration=0.06828775000030873>
109.3623 	EXP 	Device response: <KeyPress from None: t=109.3528575829996, value=z, duration=None>
109.3671 	DATA 	Keypress: z
109.4132 	EXP 	Device response: <KeyPress from None: t=109.3528575829996, value=z, duration=0.052742707999641425>
109.5627 	EXP 	Device response: <KeyPress from None: t=109.55383674999939, value=z, duration=None>
109.5675 	DATA 	Keypress: z
109.6028 	EXP 	Device response: <KeyPress from None: t=109.55383674999939, value=z, duration=0.044294332999925246>
109.7532 	EXP 	Device response: <KeyPress from None: t=109.75079383299999, value=z, duration=None>
109.7580 	DATA 	Keypress: z
109.7806 	EXP 	Device response: <KeyPress from None: t=109.75079383299999, value=z, duration=0.028352124999400985>
110.1293 	EXP 	Device response: <KeyPress from None: t=110.11969516599947, value=z, duration=None>
110.1341 	DATA 	Keypress: z
110.2113 	INFO 	Keyboard events cleared
110.2111 	EXP 	protrianglefixation: autoDraw = True
110.2192 	EXP 	Device response: <KeyPress from None: t=110.11969516599947, value=z, duration=0.09647345899975335>
110.5456 	EXP 	Device response: <KeyPress from None: t=110.53679083299994, value=z, duration=None>
110.5461 	EXP 	New trial (rep=12, index=0): <Trial 48 (0 in rep 12) data={'pos': np.int64(-50), 'corr_resp': 'x', 'thisN': 48, 'thisTrialN': 0, 'thisRepN': 12}>
110.5509 	DATA 	Keypress: z
110.5557 	EXP 	Fixation: autoDraw = False
110.5557 	EXP 	line1: autoDraw = False
110.5557 	EXP 	line2: autoDraw = False
110.5557 	EXP 	line3: autoDraw = False
110.5557 	EXP 	line4: autoDraw = False
110.5557 	EXP 	protrianglefixation: autoDraw = False
110.5557 	EXP 	Fixation: autoDraw = True
110.6465 	EXP 	Device response: <KeyPress from None: t=110.53679083299994, value=z, duration=0.10031520799930149>
111.1210 	EXP 	Device response: <KeyPress from None: t=111.11382041599973, value=x, duration=None>
111.1251 	DATA 	Keypress: x
111.1686 	EXP 	Device response: <KeyPress from None: t=104.19893924999997, value=x, duration=6.963135999999395>
111.3959 	EXP 	Device response: <KeyPress from None: t=111.39273816599962, value=x, duration=None>
111.4006 	DATA 	Keypress: x
111.4627 	EXP 	Device response: <KeyPress from None: t=111.11382041599973, value=x, duration=0.34730504199978895>
111.5360 	EXP 	line1: autoDraw = True
111.5360 	EXP 	line2: autoDraw = True
111.5360 	EXP 	line3: autoDraw = True
111.5360 	EXP 	line4: autoDraw = True
111.5533 	EXP 	Fixation: autoDraw = False
111.6312 	EXP 	Device response: <KeyPress from None: t=111.6196718329993, value=x, duration=None>
111.6367 	DATA 	Keypress: x
111.6863 	EXP 	Device response: <KeyPress from None: t=111.39273816599962, value=x, duration=0.28724254200005817>
111.8361 	EXP 	Device response: <KeyPress from None: t=111.8337755829998, value=x, duration=None>
111.8409 	DATA 	Keypress: x
111.8956 	EXP 	Device response: <KeyPress from None: t=111.6196718329993, value=x, duration=0.27443891700022505>
112.1041 	EXP 	Device response: <KeyPress from None: t=112.09777399999984, value=x, duration=None>
112.1090 	DATA 	Keypress: x
112.1525 	EXP 	Device response: <KeyPress from None: t=111.8337755829998, value=x, duration=0.3162397919995783>
112.3295 	EXP 	Device response: <KeyPress from None: t=112.32070933299929, value=x, duration=None>
112.3347 	DATA 	Keypress: x
112.3635 	EXP 	Device response: <KeyPress from None: t=112.09777399999984, value=x, duration=0.26333762499962177>
112.5445 	INFO 	Keyboard events cleared
112.5443 	EXP 	protrianglefixation: autoDraw = True
112.5696 	EXP 	Device response: <KeyPress from None: t=112.56576791599946, value=x, duration=None>
112.5700 	EXP 	New trial (rep=12, index=1): <Trial 49 (1 in rep 12) data={'pos': np.int64(150), 'corr_resp': 'v', 'thisN': 49, 'thisTrialN': 1, 'thisRepN': 12}>
112.5746 	DATA 	Keypress: x
112.5960 	EXP 	Fixation: autoDraw = False
112.5960 	EXP 	line1: autoDraw = False
112.5960 	EXP 	line2: autoDraw = False
112.5960 	EXP 	line3: autoDraw = False
112.5960 	EXP 	line4: autoDraw = False
112.5960 	EXP 	protrianglefixation: autoDraw = False
112.5960 	EXP 	Fixation: autoDraw = True
112.6021 	EXP 	Device response: <KeyPress from None: t=112.32070933299929, value=x, duration=0.2773232919998918>
112.8129 	EXP 	Device response: <KeyPress from None: t=112.80463712499932, value=x, duration=None>
112.8172 	DATA 	Keypress: x
112.8316 	EXP 	Device response: <KeyPress from None: t=112.56576791599946, value=x, duration=0.2593102090004322>
113.3874 	EXP 	Device response: <KeyPress from None: t=113.38377899999978, value=v, duration=None>
113.3987 	DATA 	Keypress: v
113.4308 	EXP 	Device response: <KeyPress from None: t=113.38377899999978, value=v, duration=0.03622304100008478>
113.5699 	EXP 	line1: autoDraw = True
113.5699 	EXP 	line2: autoDraw = True
113.5699 	EXP 	line3: autoDraw = True
113.5699 	EXP 	line4: autoDraw = True
113.6127 	EXP 	Fixation: autoDraw = False
113.6139 	EXP 	Device response: <KeyPress from None: t=113.60869920799996, value=v, duration=None>
113.6202 	DATA 	Keypress: v
113.6627 	EXP 	Device response: <KeyPress from None: t=113.60869920799996, value=v, duration=0.04842229199948633>
113.8634 	EXP 	Device response: <KeyPress from None: t=113.85872333299994, value=v, duration=None>
113.8687 	DATA 	Keypress: v
113.9129 	EXP 	Device response: <KeyPress from None: t=113.85872333299994, value=v, duration=0.04430204199979926>
114.1194 	EXP 	Device response: <KeyPress from None: t=114.11270254099963, value=v, duration=None>
114.1241 	DATA 	Keypress: v
114.1643 	EXP 	Device response: <KeyPress from None: t=114.11270254099963, value=v, duration=0.04441958400002477>
114.3297 	EXP 	Device response: <KeyPress from None: t=114.32867029099998, value=v, duration=None>
114.3348 	DATA 	Keypress: v
114.3861 	EXP 	Device response: <KeyPress from None: t=114.32867029099998, value=v, duration=0.05625999999938358>
114.5368 	EXP 	Device response: <KeyPress from None: t=114.53175170799932, value=v, duration=None>
114.5420 	DATA 	Keypress: v
114.5690 	INFO 	Keyboard events cleared
114.5689 	EXP 	protrianglefixation: autoDraw = True
114.5860 	EXP 	Device response: <KeyPress from None: t=114.53175170799932, value=v, duration=0.04812241699983133>
114.9955 	EXP 	Device response: <KeyPress from None: t=114.99267841599976, value=v, duration=None>
114.9959 	EXP 	New trial (rep=12, index=2): <Trial 50 (2 in rep 12) data={'pos': np.int64(50), 'corr_resp': 'c', 'thisN': 50, 'thisTrialN': 2, 'thisRepN': 12}>
115.0007 	DATA 	Keypress: v
115.0057 	EXP 	Fixation: autoDraw = False
115.0057 	EXP 	line1: autoDraw = False
115.0057 	EXP 	line2: autoDraw = False
115.0057 	EXP 	line3: autoDraw = False
115.0057 	EXP 	line4: autoDraw = False
115.0057 	EXP 	protrianglefixation: autoDraw = False
115.0057 	EXP 	Fixation: autoDraw = True
115.0627 	EXP 	Device response: <KeyPress from None: t=114.99267841599976, value=v, duration=0.06831249999959255>
115.4470 	EXP 	Device response: <KeyPress from None: t=115.4426583329996, value=c, duration=None>
115.4515 	DATA 	Keypress: c
115.4959 	EXP 	Device response: <KeyPress from None: t=115.4426583329996, value=c, duration=0.04835979200015572>
115.9043 	EXP 	Device response: <KeyPress from None: t=115.89666529099941, value=c, duration=None>
115.9083 	DATA 	Keypress: c
115.9509 	EXP 	Device response: <KeyPress from None: t=115.89666529099941, value=c, duration=0.0523408750004819>
115.9952 	EXP 	line1: autoDraw = True
115.9952 	EXP 	line2: autoDraw = True
115.9952 	EXP 	line3: autoDraw = True
115.9952 	EXP 	line4: autoDraw = True
116.0012 	EXP 	Fixation: autoDraw = False
116.2798 	EXP 	Device response: <KeyPress from None: t=116.27860787499958, value=c, duration=None>
116.2850 	DATA 	Keypress: c
116.3462 	EXP 	Device response: <KeyPress from None: t=116.27860787499958, value=c, duration=0.06433712499983812>
116.6031 	EXP 	Device response: <KeyPress from None: t=116.60063304099913, value=c, duration=None>
116.6085 	DATA 	Keypress: c
116.6627 	EXP 	Device response: <KeyPress from None: t=116.60063304099913, value=c, duration=0.05636850000064442>
116.9960 	INFO 	Keyboard events cleared
116.9959 	EXP 	protrianglefixation: autoDraw = True
117.0462 	EXP 	Device response: <KeyPress from None: t=117.04058174999955, value=c, duration=None>
117.0466 	EXP 	New trial (rep=12, index=3): <Trial 51 (3 in rep 12) data={'pos': np.int64(-150), 'corr_resp': 'z', 'thisN': 51, 'thisTrialN': 3, 'thisRepN': 12}>
117.0508 	DATA 	Keypress: c
117.0552 	EXP 	Fixation: autoDraw = False
117.0552 	EXP 	line1: autoDraw = False
117.0552 	EXP 	line2: autoDraw = False
117.0552 	EXP 	line3: autoDraw = False
117.0552 	EXP 	line4: autoDraw = False
117.0552 	EXP 	protrianglefixation: autoDraw = False
117.0552 	EXP 	Fixation: autoDraw = True
117.1128 	EXP 	Device response: <KeyPress from None: t=117.04058174999955, value=c, duration=0.060364332999597536>
117.4205 	EXP 	Device response: <KeyPress from None: t=117.41867620799985, value=c, duration=None>
117.4322 	DATA 	Keypress: c
117.4805 	EXP 	Device response: <KeyPress from None: t=117.41867620799985, value=c, duration=0.052323999999316584>
117.9207 	EXP 	Device response: <KeyPress from None: t=117.91263424999943, value=z, duration=None>
117.9247 	DATA 	Keypress: z
117.9864 	EXP 	Device response: <KeyPress from None: t=117.91263424999943, value=z, duration=0.06833766599993396>
118.0443 	EXP 	line1: autoDraw = True
118.0443 	EXP 	line2: autoDraw = True
118.0443 	EXP 	line3: autoDraw = True
118.0443 	EXP 	line4: autoDraw = True
118.0516 	EXP 	Fixation: autoDraw = False
118.3681 	EXP 	Device response: <KeyPress from None: t=118.36359066599925, value=z, duration=None>
118.3696 	DATA 	Keypress: z
118.4449 	EXP 	Device response: <KeyPress from None: t=118.36359066599925, value=z, duration=0.07624629200017807>
118.7796 	EXP 	Device response: <KeyPress from None: t=118.77549870799976, value=z, duration=None>
118.7845 	DATA 	Keypress: z
118.8624 	EXP 	Device response: <KeyPress from None: t=118.77549870799976, value=z, duration=0.0843740419995811>
119.0376 	INFO 	Keyboard events cleared
119.0374 	EXP 	protrianglefixation: autoDraw = True
119.2030 	EXP 	Device response: <KeyPress from None: t=119.19665333299963, value=z, duration=None>
119.2034 	EXP 	New trial (rep=13, index=0): <Trial 52 (0 in rep 13) data={'pos': np.int64(-50), 'corr_resp': 'x', 'thisN': 52, 'thisTrialN': 0, 'thisRepN': 13}>
119.2086 	DATA 	Keypress: z
119.2148 	EXP 	Fixation: autoDraw = False
119.2148 	EXP 	line1: autoDraw = False
119.2148 	EXP 	line2: autoDraw = False
119.2148 	EXP 	line3: autoDraw = False
119.2148 	EXP 	line4: autoDraw = False
119.2148 	EXP 	protrianglefixation: autoDraw = False
119.2148 	EXP 	Fixation: autoDraw = True
119.2802 	EXP 	Device response: <KeyPress from None: t=119.19665333299963, value=z, duration=0.0762853329997597>
119.7457 	EXP 	Device response: <KeyPress from None: t=119.74153074999958, value=x, duration=None>
119.7500 	DATA 	Keypress: x
119.8132 	EXP 	Device response: <KeyPress from None: t=112.80463712499932, value=x, duration=7.0052399160003915>
120.1637 	EXP 	Device response: <KeyPress from None: t=120.15853966599934, value=x, duration=None>
120.1692 	DATA 	Keypress: x
120.2028 	EXP 	line1: autoDraw = True
120.2028 	EXP 	line2: autoDraw = True
120.2028 	EXP 	line3: autoDraw = True
120.2028 	EXP 	line4: autoDraw = True
120.2109 	EXP 	Fixation: autoDraw = False
120.2626 	EXP 	Device response: <KeyPress from None: t=119.74153074999958, value=x, duration=0.517347707999761>
120.5368 	EXP 	Device response: <KeyPress from None: t=120.53047237499959, value=x, duration=None>
120.5417 	DATA 	Keypress: x
120.6523 	EXP 	Device response: <KeyPress from None: t=120.15853966599934, value=x, duration=0.4923042919999716>
120.9196 	EXP 	Device response: <KeyPress from None: t=120.91148779099967, value=x, duration=None>
120.9244 	DATA 	Keypress: x
121.0457 	EXP 	Device response: <KeyPress from None: t=120.53047237499959, value=x, duration=0.505341457999748>
121.2023 	INFO 	Keyboard events cleared
121.2022 	EXP 	protrianglefixation: autoDraw = True
121.2791 	EXP 	Device response: <KeyPress from None: t=121.27653241600001, value=x, duration=None>
121.2796 	EXP 	New trial (rep=13, index=1): <Trial 53 (1 in rep 13) data={'pos': np.int64(150), 'corr_resp': 'v', 'thisN': 53, 'thisTrialN': 1, 'thisRepN': 13}>
121.2845 	DATA 	Keypress: x
121.2895 	EXP 	Fixation: autoDraw = False
121.2895 	EXP 	line1: autoDraw = False
121.2895 	EXP 	line2: autoDraw = False
121.2895 	EXP 	line3: autoDraw = False
121.2895 	EXP 	line4: autoDraw = False
121.2895 	EXP 	protrianglefixation: autoDraw = False
121.2895 	EXP 	Fixation: autoDraw = True
121.3799 	EXP 	Device response: <KeyPress from None: t=120.91148779099967, value=x, duration=0.46144679200006067>
121.6632 	EXP 	Device response: <KeyPress from None: t=121.65756233299999, value=x, duration=None>
121.6681 	DATA 	Keypress: x
121.7125 	EXP 	Device response: <KeyPress from None: t=121.27653241600001, value=x, duration=0.4292450419998204>
122.1370 	EXP 	Device response: <KeyPress from None: t=122.13362304099974, value=v, duration=None>
122.1420 	DATA 	Keypress: v
122.1959 	EXP 	Device response: <KeyPress from None: t=122.13362304099974, value=v, duration=0.056147541999962414>
122.2776 	EXP 	line1: autoDraw = True
122.2776 	EXP 	line2: autoDraw = True
122.2776 	EXP 	line3: autoDraw = True
122.2776 	EXP 	line4: autoDraw = True
122.2847 	EXP 	Fixation: autoDraw = False
122.6032 	EXP 	Device response: <KeyPress from None: t=122.60151616599978, value=v, duration=None>
122.6083 	DATA 	Keypress: v
122.6633 	EXP 	Device response: <KeyPress from None: t=122.60151616599978, value=v, duration=0.052322042000014335>
122.9646 	EXP 	Device response: <KeyPress from None: t=122.95454445799987, value=v, duration=None>
122.9696 	DATA 	Keypress: v
123.0361 	EXP 	Device response: <KeyPress from None: t=122.95454445799987, value=v, duration=0.08023504199991294>
123.2699 	INFO 	Keyboard events cleared
123.2697 	EXP 	protrianglefixation: autoDraw = True
123.3621 	EXP 	Device response: <KeyPress from None: t=123.36037699999997, value=v, duration=None>
123.3625 	EXP 	New trial (rep=13, index=2): <Trial 54 (2 in rep 13) data={'pos': np.int64(50), 'corr_resp': 'c', 'thisN': 54, 'thisTrialN': 2, 'thisRepN': 13}>
123.3672 	DATA 	Keypress: v
123.3717 	EXP 	Fixation: autoDraw = False
123.3717 	EXP 	line1: autoDraw = False
123.3717 	EXP 	line2: autoDraw = False
123.3717 	EXP 	line3: autoDraw = False
123.3717 	EXP 	line4: autoDraw = False
123.3717 	EXP 	protrianglefixation: autoDraw = False
123.3717 	EXP 	Fixation: autoDraw = True
123.4292 	EXP 	Device response: <KeyPress from None: t=123.36037699999997, value=v, duration=0.0643862499991883>
124.0527 	EXP 	Device response: <KeyPress from None: t=124.0464802079996, value=c, duration=None>
124.0567 	DATA 	Keypress: c
124.0873 	EXP 	Device response: <KeyPress from None: t=124.0464802079996, value=c, duration=0.03226449999965553>
124.3609 	EXP 	line1: autoDraw = True
124.3609 	EXP 	line2: autoDraw = True
124.3609 	EXP 	line3: autoDraw = True
124.3609 	EXP 	line4: autoDraw = True
124.3685 	EXP 	Fixation: autoDraw = False
124.5791 	EXP 	Device response: <KeyPress from None: t=124.57148041599976, value=c, duration=None>
124.5841 	DATA 	Keypress: c
124.6291 	EXP 	Device response: <KeyPress from None: t=124.57148041599976, value=c, duration=0.04818608400000812>
125.0714 	EXP 	Device response: <KeyPress from None: t=125.06549320799968, value=c, duration=None>
125.0762 	DATA 	Keypress: c
125.1128 	EXP 	Device response: <KeyPress from None: t=125.06549320799968, value=c, duration=0.04426770800000668>
125.3612 	INFO 	Keyboard events cleared
125.3610 	EXP 	protrianglefixation: autoDraw = True
125.4955 	EXP 	Device response: <KeyPress from None: t=125.49032949999946, value=c, duration=None>
125.4959 	EXP 	New trial (rep=13, index=3): <Trial 55 (3 in rep 13) data={'pos': np.int64(-150), 'corr_resp': 'z', 'thisN': 55, 'thisTrialN': 3, 'thisRepN': 13}>
125.5008 	DATA 	Keypress: c
125.5056 	EXP 	Fixation: autoDraw = False
125.5056 	EXP 	line1: autoDraw = False
125.5056 	EXP 	line2: autoDraw = False
125.5056 	EXP 	line3: autoDraw = False
125.5056 	EXP 	line4: autoDraw = False
125.5056 	EXP 	protrianglefixation: autoDraw = False
125.5056 	EXP 	Fixation: autoDraw = True
125.5457 	EXP 	Device response: <KeyPress from None: t=125.49032949999946, value=c, duration=0.044420125000215194>
126.0363 	EXP 	Device response: <KeyPress from None: t=126.03032449999955, value=z, duration=None>
126.0404 	DATA 	Keypress: z
126.1474 	EXP 	Device response: <KeyPress from None: t=126.03032449999955, value=z, duration=0.10036074999970879>
126.4942 	EXP 	line1: autoDraw = True
126.4942 	EXP 	line2: autoDraw = True
126.4942 	EXP 	line3: autoDraw = True
126.4942 	EXP 	line4: autoDraw = True
126.5015 	EXP 	Fixation: autoDraw = False
126.5366 	EXP 	Device response: <KeyPress from None: t=126.52931241599981, value=z, duration=None>
126.5416 	DATA 	Keypress: z
126.6126 	EXP 	Device response: <KeyPress from None: t=126.52931241599981, value=z, duration=0.07635041699995782>
126.9802 	EXP 	Device response: <KeyPress from None: t=126.9675695829992, value=z, duration=None>
126.9850 	DATA 	Keypress: z
127.0292 	EXP 	Device response: <KeyPress from None: t=126.9675695829992, value=z, duration=0.05613204200017208>
127.4797 	EXP 	Device response: <KeyPress from None: t=127.4744029579997, value=x, duration=None>
127.4858 	DATA 	Keypress: x
127.4911 	INFO 	Keyboard events cleared
127.4909 	EXP 	protrianglefixation: autoDraw = True
127.5290 	EXP 	Device response: <KeyPress from None: t=121.65756233299999, value=x, duration=5.869152832999134>
127.8465 	EXP 	Device response: <KeyPress from None: t=127.8402442079996, value=z, duration=None>
127.8469 	EXP 	New trial (rep=14, index=0): <Trial 56 (0 in rep 14) data={'pos': np.int64(-50), 'corr_resp': 'x', 'thisN': 56, 'thisTrialN': 0, 'thisRepN': 14}>
127.8518 	DATA 	Keypress: z
127.8566 	EXP 	Fixation: autoDraw = False
127.8566 	EXP 	line1: autoDraw = False
127.8566 	EXP 	line2: autoDraw = False
127.8566 	EXP 	line3: autoDraw = False
127.8566 	EXP 	line4: autoDraw = False
127.8566 	EXP 	protrianglefixation: autoDraw = False
127.8566 	EXP 	Fixation: autoDraw = True
127.9131 	EXP 	Device response: <KeyPress from None: t=127.8402442079996, value=z, duration=0.06849270800012164>
128.4140 	EXP 	Device response: <KeyPress from None: t=128.4074243749992, value=x, duration=None>
128.4189 	DATA 	Keypress: x
128.4802 	EXP 	Device response: <KeyPress from None: t=127.4744029579997, value=x, duration=0.9932770830000663>
128.7960 	EXP 	Device response: <KeyPress from None: t=128.79336324999986, value=z, duration=None>
128.8005 	DATA 	Keypress: z
128.8350 	EXP 	Device response: <KeyPress from None: t=128.79336324999986, value=z, duration=0.04034675000002608>
128.8444 	EXP 	line1: autoDraw = True
128.8444 	EXP 	line2: autoDraw = True
128.8444 	EXP 	line3: autoDraw = True
128.8444 	EXP 	line4: autoDraw = True
128.8512 	EXP 	Fixation: autoDraw = False
129.1623 	EXP 	Device response: <KeyPress from None: t=129.15935887499927, value=x, duration=None>
129.1677 	DATA 	Keypress: x
129.2291 	EXP 	Device response: <KeyPress from None: t=128.4074243749992, value=x, duration=0.8121413329999996>
129.5964 	EXP 	Device response: <KeyPress from None: t=129.5923513329999, value=x, duration=None>
129.6015 	DATA 	Keypress: x
129.6627 	EXP 	Device response: <KeyPress from None: t=129.15935887499927, value=x, duration=0.5012091660000806>
129.8446 	INFO 	Keyboard events cleared
129.8444 	EXP 	protrianglefixation: autoDraw = True
130.0301 	EXP 	Device response: <KeyPress from None: t=130.01734883299923, value=x, duration=None>
130.0308 	EXP 	New trial (rep=14, index=1): <Trial 57 (1 in rep 14) data={'pos': np.int64(150), 'corr_resp': 'v', 'thisN': 57, 'thisTrialN': 1, 'thisRepN': 14}>
130.0358 	DATA 	Keypress: x
130.0461 	EXP 	Fixation: autoDraw = False
130.0461 	EXP 	line1: autoDraw = False
130.0461 	EXP 	line2: autoDraw = False
130.0461 	EXP 	line3: autoDraw = False
130.0461 	EXP 	line4: autoDraw = False
130.0461 	EXP 	protrianglefixation: autoDraw = False
130.0461 	EXP 	Fixation: autoDraw = True
130.0969 	EXP 	Device response: <KeyPress from None: t=129.5923513329999, value=x, duration=0.49321833299927675>
130.4642 	EXP 	Device response: <KeyPress from None: t=130.45322779099934, value=x, duration=None>
130.4691 	DATA 	Keypress: x
130.5310 	EXP 	Device response: <KeyPress from None: t=130.01734883299923, value=x, duration=0.5083207080006105>
131.0276 	EXP 	line1: autoDraw = True
131.0276 	EXP 	line2: autoDraw = True
131.0276 	EXP 	line3: autoDraw = True
131.0276 	EXP 	line4: autoDraw = True
131.0444 	EXP 	Fixation: autoDraw = False
131.5624 	EXP 	Device response: <KeyPress from None: t=131.56022170799952, value=v, duration=None>
131.5678 	DATA 	Keypress: v
131.6302 	EXP 	Device response: <KeyPress from None: t=131.56022170799952, value=v, duration=0.060287082999820996>
131.9457 	EXP 	Device response: <KeyPress from None: t=131.9401901659994, value=v, duration=None>
131.9508 	DATA 	Keypress: v
131.9955 	EXP 	Device response: <KeyPress from None: t=131.9401901659994, value=v, duration=0.052359291999891866>
132.0276 	INFO 	Keyboard events cleared
132.0275 	EXP 	protrianglefixation: autoDraw = True
132.3622 	EXP 	Device response: <KeyPress from None: t=132.35924837499988, value=v, duration=None>
132.3626 	EXP 	New trial (rep=14, index=2): <Trial 58 (2 in rep 14) data={'pos': np.int64(50), 'corr_resp': 'c', 'thisN': 58, 'thisTrialN': 2, 'thisRepN': 14}>
132.3677 	DATA 	Keypress: v
132.3726 	EXP 	Fixation: autoDraw = False
132.3726 	EXP 	line1: autoDraw = False
132.3726 	EXP 	line2: autoDraw = False
132.3726 	EXP 	line3: autoDraw = False
132.3726 	EXP 	line4: autoDraw = False
132.3726 	EXP 	protrianglefixation: autoDraw = False
132.3726 	EXP 	Fixation: autoDraw = True
132.4122 	EXP 	Device response: <KeyPress from None: t=132.35924837499988, value=v, duration=0.04029262499989272>
132.8532 	EXP 	Device response: <KeyPress from None: t=132.8512638329994, value=c, duration=None>
132.8669 	DATA 	Keypress: c
132.9128 	EXP 	Device response: <KeyPress from None: t=132.8512638329994, value=c, duration=0.056240667000565736>
133.2363 	EXP 	Device response: <KeyPress from None: t=133.23130733299968, value=c, duration=None>
133.2420 	DATA 	Keypress: c
133.2790 	EXP 	Device response: <KeyPress from None: t=133.23130733299968, value=c, duration=0.03621995799949218>
133.3609 	EXP 	line1: autoDraw = True
133.3609 	EXP 	line2: autoDraw = True
133.3609 	EXP 	line3: autoDraw = True
133.3609 	EXP 	line4: autoDraw = True
133.3683 	EXP 	Fixation: autoDraw = False
133.5956 	EXP 	Device response: <KeyPress from None: t=133.58721208299994, value=c, duration=None>
133.6015 	DATA 	Keypress: c
133.6456 	EXP 	Device response: <KeyPress from None: t=133.58721208299994, value=c, duration=0.048255082999276055>
133.8961 	EXP 	Device response: <KeyPress from None: t=133.890179, value=c, duration=None>
133.9023 	DATA 	Keypress: c
133.9518 	EXP 	Device response: <KeyPress from None: t=133.890179, value=c, duration=0.06028795799920772>
134.2132 	EXP 	Device response: <KeyPress from None: t=134.2052491659997, value=c, duration=None>
134.2195 	DATA 	Keypress: c
134.2690 	EXP 	Device response: <KeyPress from None: t=134.2052491659997, value=c, duration=0.05626058399957401>
134.3617 	INFO 	Keyboard events cleared
134.3615 	EXP 	protrianglefixation: autoDraw = True
134.6122 	EXP 	Device response: <KeyPress from None: t=134.60908983299942, value=c, duration=None>
134.6127 	EXP 	New trial (rep=14, index=3): <Trial 59 (3 in rep 14) data={'pos': np.int64(-150), 'corr_resp': 'z', 'thisN': 59, 'thisTrialN': 3, 'thisRepN': 14}>
134.6185 	DATA 	Keypress: c
134.6234 	EXP 	Fixation: autoDraw = False
134.6234 	EXP 	line1: autoDraw = False
134.6234 	EXP 	line2: autoDraw = False
134.6234 	EXP 	line3: autoDraw = False
134.6234 	EXP 	line4: autoDraw = False
134.6234 	EXP 	protrianglefixation: autoDraw = False
134.6234 	EXP 	Fixation: autoDraw = True
134.6626 	EXP 	Device response: <KeyPress from None: t=134.60908983299942, value=c, duration=0.04439733300023363>
135.6111 	EXP 	line1: autoDraw = True
135.6111 	EXP 	line2: autoDraw = True
135.6111 	EXP 	line3: autoDraw = True
135.6111 	EXP 	line4: autoDraw = True
135.6185 	EXP 	Fixation: autoDraw = False
135.8129 	EXP 	Device response: <KeyPress from None: t=135.81111733299986, value=z, duration=None>
135.8190 	DATA 	Keypress: z
135.8623 	EXP 	Device response: <KeyPress from None: t=135.81111733299986, value=z, duration=0.04484887499984325>
136.1864 	EXP 	Device response: <KeyPress from None: t=136.179111208, value=z, duration=None>
136.1917 	DATA 	Keypress: z
136.2460 	EXP 	Device response: <KeyPress from None: t=136.179111208, value=z, duration=0.056332499999371066>
136.4790 	EXP 	Device response: <KeyPress from None: t=136.4752049159997, value=z, duration=None>
136.4847 	DATA 	Keypress: z
136.5363 	EXP 	Device response: <KeyPress from None: t=136.4752049159997, value=z, duration=0.056341874999816355>
136.6112 	INFO 	Keyboard events cleared
136.6110 	EXP 	protrianglefixation: autoDraw = True
136.8126 	EXP 	Device response: <KeyPress from None: t=136.80706608299988, value=z, duration=None>
136.8132 	EXP 	New trial (rep=15, index=0): <Trial 60 (0 in rep 15) data={'pos': np.int64(-50), 'corr_resp': 'x', 'thisN': 60, 'thisTrialN': 0, 'thisRepN': 15}>
136.8189 	DATA 	Keypress: z
136.8239 	EXP 	Fixation: autoDraw = False
136.8239 	EXP 	line1: autoDraw = False
136.8239 	EXP 	line2: autoDraw = False
136.8239 	EXP 	line3: autoDraw = False
136.8239 	EXP 	line4: autoDraw = False
136.8239 	EXP 	protrianglefixation: autoDraw = False
136.8239 	EXP 	Fixation: autoDraw = True
136.8698 	EXP 	Device response: <KeyPress from None: t=136.80706608299988, value=z, duration=0.06043466699975397>
137.1699 	EXP 	Device response: <KeyPress from None: t=137.16517729099996, value=z, duration=None>
137.1749 	DATA 	Keypress: z
137.2291 	EXP 	Device response: <KeyPress from None: t=137.16517729099996, value=z, duration=0.06031674999940151>
137.4868 	EXP 	Device response: <KeyPress from None: t=137.47917512499953, value=x, duration=None>
137.4917 	DATA 	Keypress: x
137.5629 	EXP 	Device response: <KeyPress from None: t=130.45322779099934, value=x, duration=7.102247083999828>
137.8111 	EXP 	line1: autoDraw = True
137.8111 	EXP 	line2: autoDraw = True
137.8111 	EXP 	line3: autoDraw = True
137.8111 	EXP 	line4: autoDraw = True
137.8190 	EXP 	Fixation: autoDraw = False
137.8958 	EXP 	Device response: <KeyPress from None: t=137.88714816599986, value=x, duration=None>
137.9012 	DATA 	Keypress: x
137.9364 	EXP 	Device response: <KeyPress from None: t=137.47917512499953, value=x, duration=0.4522881660004714>
138.2808 	EXP 	Device response: <KeyPress from None: t=138.27412908299993, value=x, duration=None>
138.2867 	DATA 	Keypress: x
138.3135 	EXP 	Device response: <KeyPress from None: t=137.88714816599986, value=x, duration=0.42325679199984734>
138.6123 	EXP 	Device response: <KeyPress from None: t=138.6031087909996, value=x, duration=None>
138.6181 	DATA 	Keypress: x
138.6328 	EXP 	Device response: <KeyPress from None: t=138.27412908299993, value=x, duration=0.3532579999991867>
138.8114 	INFO 	Keyboard events cleared
138.8112 	EXP 	protrianglefixation: autoDraw = True
138.8635 	EXP 	Device response: <KeyPress from None: t=138.86016370799916, value=x, duration=None>
138.8643 	EXP 	New trial (rep=15, index=1): <Trial 61 (1 in rep 15) data={'pos': np.int64(150), 'corr_resp': 'v', 'thisN': 61, 'thisTrialN': 1, 'thisRepN': 15}>
138.8702 	DATA 	Keypress: x
138.8750 	EXP 	Fixation: autoDraw = False
138.8750 	EXP 	line1: autoDraw = False
138.8750 	EXP 	line2: autoDraw = False
138.8750 	EXP 	line3: autoDraw = False
138.8750 	EXP 	line4: autoDraw = False
138.8750 	EXP 	protrianglefixation: autoDraw = False
138.8750 	EXP 	Fixation: autoDraw = True
138.9185 	EXP 	Device response: <KeyPress from None: t=138.6031087909996, value=x, duration=0.31335991699961596>
139.1804 	EXP 	Device response: <KeyPress from None: t=139.1730849579999, value=x, duration=None>
139.1858 	DATA 	Keypress: x
139.2297 	EXP 	Device response: <KeyPress from None: t=138.86016370799916, value=x, duration=0.3653135829999883>
139.5798 	EXP 	Device response: <KeyPress from None: t=139.57516866599963, value=v, duration=None>
139.5852 	DATA 	Keypress: v
139.6476 	EXP 	Device response: <KeyPress from None: t=139.57516866599963, value=v, duration=0.0642755839999154>
139.8608 	EXP 	line1: autoDraw = True
139.8608 	EXP 	line2: autoDraw = True
139.8608 	EXP 	line3: autoDraw = True
139.8608 	EXP 	line4: autoDraw = True
139.8681 	EXP 	Fixation: autoDraw = False
139.9123 	EXP 	Device response: <KeyPress from None: t=139.90564574999917, value=v, duration=None>
139.9180 	DATA 	Keypress: v
139.9624 	EXP 	Device response: <KeyPress from None: t=139.90564574999917, value=v, duration=0.04773441600082151>
140.2623 	EXP 	Device response: <KeyPress from None: t=140.25411495799926, value=v, duration=None>
140.2679 	DATA 	Keypress: v
140.2969 	EXP 	Device response: <KeyPress from None: t=140.25411495799926, value=v, duration=0.040288832999976876>
140.6457 	EXP 	Device response: <KeyPress from None: t=140.63912383299976, value=v, duration=None>
140.6516 	DATA 	Keypress: v
140.6803 	EXP 	Device response: <KeyPress from None: t=140.63912383299976, value=v, duration=0.03630245800013654>
140.8610 	INFO 	Keyboard events cleared
140.8609 	EXP 	protrianglefixation: autoDraw = True
140.9956 	EXP 	Device response: <KeyPress from None: t=140.98908441599997, value=v, duration=None>
140.9960 	EXP 	New trial (rep=15, index=2): <Trial 62 (2 in rep 15) data={'pos': np.int64(50), 'corr_resp': 'c', 'thisN': 62, 'thisTrialN': 2, 'thisRepN': 15}>
141.0011 	DATA 	Keypress: v
141.0058 	EXP 	Fixation: autoDraw = False
141.0058 	EXP 	line1: autoDraw = False
141.0058 	EXP 	line2: autoDraw = False
141.0058 	EXP 	line3: autoDraw = False
141.0058 	EXP 	line4: autoDraw = False
141.0058 	EXP 	protrianglefixation: autoDraw = False
141.0058 	EXP 	Fixation: autoDraw = True
141.0462 	EXP 	Device response: <KeyPress from None: t=140.98908441599997, value=v, duration=0.04821412499950384>
141.2960 	EXP 	Device response: <KeyPress from None: t=141.2860745829994, value=v, duration=None>
141.3011 	DATA 	Keypress: v
141.3304 	EXP 	Device response: <KeyPress from None: t=141.2860745829994, value=v, duration=0.03632804200060491>
141.6462 	EXP 	Device response: <KeyPress from None: t=141.63809416599997, value=c, duration=None>
141.6511 	DATA 	Keypress: c
141.7021 	EXP 	Device response: <KeyPress from None: t=141.63809416599997, value=c, duration=0.06026437499986059>
141.9629 	EXP 	Device response: <KeyPress from None: t=141.95706458299992, value=c, duration=None>
141.9676 	DATA 	Keypress: c
141.9959 	EXP 	line1: autoDraw = True
141.9959 	EXP 	line2: autoDraw = True
141.9959 	EXP 	line3: autoDraw = True
141.9959 	EXP 	line4: autoDraw = True
142.0024 	EXP 	Fixation: autoDraw = False
142.0125 	EXP 	Device response: <KeyPress from None: t=141.95706458299992, value=c, duration=0.05225679199975275>
142.2292 	EXP 	Device response: <KeyPress from None: t=142.219013291, value=c, duration=None>
142.2346 	DATA 	Keypress: c
142.2793 	EXP 	Device response: <KeyPress from None: t=142.219013291, value=c, duration=0.05238283399921784>
142.5468 	EXP 	Device response: <KeyPress from None: t=142.53609125000003, value=c, duration=None>
142.5521 	DATA 	Keypress: c
142.5957 	EXP 	Device response: <KeyPress from None: t=142.53609125000003, value=c, duration=0.056217582999124716>
142.8462 	EXP 	Device response: <KeyPress from None: t=142.8350129999999, value=c, duration=None>
142.8519 	DATA 	Keypress: c
142.8958 	EXP 	Device response: <KeyPress from None: t=142.8350129999999, value=c, duration=0.0529233329998533>
142.9944 	INFO 	Keyboard events cleared
142.9942 	EXP 	protrianglefixation: autoDraw = True
143.1367 	EXP 	Device response: <KeyPress from None: t=143.12902799999938, value=c, duration=None>
143.1372 	EXP 	New trial (rep=15, index=3): <Trial 63 (3 in rep 15) data={'pos': np.int64(-150), 'corr_resp': 'z', 'thisN': 63, 'thisTrialN': 3, 'thisRepN': 15}>
143.1423 	DATA 	Keypress: c
143.1481 	EXP 	Fixation: autoDraw = False
143.1481 	EXP 	line1: autoDraw = False
143.1481 	EXP 	line2: autoDraw = False
143.1481 	EXP 	line3: autoDraw = False
143.1481 	EXP 	line4: autoDraw = False
143.1481 	EXP 	protrianglefixation: autoDraw = False
143.1481 	EXP 	Fixation: autoDraw = True
143.2135 	EXP 	Device response: <KeyPress from None: t=143.12902799999938, value=c, duration=0.0728105409998534>
143.9129 	EXP 	Device response: <KeyPress from None: t=143.90403224999955, value=z, duration=None>
143.9176 	DATA 	Keypress: z
143.9628 	EXP 	Device response: <KeyPress from None: t=143.90403224999955, value=z, duration=0.04826529100046173>
144.1364 	EXP 	line1: autoDraw = True
144.1364 	EXP 	line2: autoDraw = True
144.1364 	EXP 	line3: autoDraw = True
144.1364 	EXP 	line4: autoDraw = True
144.1442 	EXP 	Fixation: autoDraw = False
144.1807 	EXP 	Device response: <KeyPress from None: t=144.17902595799933, value=z, duration=None>
144.1863 	DATA 	Keypress: z
144.2459 	EXP 	Device response: <KeyPress from None: t=144.17902595799933, value=z, duration=0.06425208300061058>
144.5027 	EXP 	Device response: <KeyPress from None: t=144.497955541, value=z, duration=None>
144.5077 	DATA 	Keypress: z
144.5863 	EXP 	Device response: <KeyPress from None: t=144.497955541, value=z, duration=0.08032304199969076>
144.7636 	EXP 	Device response: <KeyPress from None: t=144.7550271249993, value=z, duration=None>
144.7699 	DATA 	Keypress: z
144.8457 	EXP 	Device response: <KeyPress from None: t=144.7550271249993, value=z, duration=0.08024941600069724>
145.1124 	EXP 	Device response: <KeyPress from None: t=145.10794174999955, value=z, duration=None>
145.1177 	DATA 	Keypress: z
145.1309 	INFO 	Keyboard events cleared
145.1308 	EXP 	protrianglefixation: autoDraw = True
145.1624 	EXP 	Device response: <KeyPress from None: t=145.10794174999955, value=z, duration=0.05229266599963012>
145.8028 	EXP 	Device response: <KeyPress from None: t=145.79688237499977, value=z, duration=None>
145.8033 	EXP 	New trial (rep=16, index=0): <Trial 64 (0 in rep 16) data={'pos': np.int64(-50), 'corr_resp': 'x', 'thisN': 64, 'thisTrialN': 0, 'thisRepN': 16}>
145.8084 	DATA 	Keypress: z
145.8145 	EXP 	Fixation: autoDraw = False
145.8145 	EXP 	line1: autoDraw = False
145.8145 	EXP 	line2: autoDraw = False
145.8145 	EXP 	line3: autoDraw = False
145.8145 	EXP 	line4: autoDraw = False
145.8145 	EXP 	protrianglefixation: autoDraw = False
145.8145 	EXP 	Fixation: autoDraw = True
145.8623 	EXP 	Device response: <KeyPress from None: t=145.79688237499977, value=z, duration=0.06043183299971133>
146.1630 	EXP 	Device response: <KeyPress from None: t=146.15792316599982, value=x, duration=None>
146.1678 	DATA 	Keypress: x
146.2304 	EXP 	Device response: <KeyPress from None: t=139.1730849579999, value=x, duration=7.045163666999542>
146.4632 	EXP 	Device response: <KeyPress from None: t=146.4560472079993, value=x, duration=None>
146.4680 	DATA 	Keypress: x
146.5130 	EXP 	Device response: <KeyPress from None: t=146.15792316599982, value=x, duration=0.34629975000007107>
146.6864 	EXP 	Device response: <KeyPress from None: t=146.68181670799913, value=x, duration=None>
146.6912 	DATA 	Keypress: x
146.7534 	EXP 	Device response: <KeyPress from None: t=146.4560472079993, value=x, duration=0.2941852080002718>
146.8024 	EXP 	line1: autoDraw = True
146.8024 	EXP 	line2: autoDraw = True
146.8024 	EXP 	line3: autoDraw = True
146.8024 	EXP 	line4: autoDraw = True
146.8109 	EXP 	Fixation: autoDraw = False
146.9461 	EXP 	Device response: <KeyPress from None: t=146.9419374579993, value=x, duration=None>
146.9515 	DATA 	Keypress: x
146.9861 	EXP 	Device response: <KeyPress from None: t=146.68181670799913, value=x, duration=0.3004082080005901>
147.2199 	EXP 	Device response: <KeyPress from None: t=147.21685708299992, value=x, duration=None>
147.2251 	DATA 	Keypress: x
147.2795 	EXP 	Device response: <KeyPress from None: t=146.9419374579993, value=x, duration=0.3272069170006944>
147.5027 	EXP 	Device response: <KeyPress from None: t=147.4998064579995, value=x, duration=None>
147.5081 	DATA 	Keypress: x
147.5862 	EXP 	Device response: <KeyPress from None: t=147.21685708299992, value=x, duration=0.36334879199966963>
147.7634 	EXP 	Device response: <KeyPress from None: t=147.75792866599932, value=x, duration=None>
147.7689 	DATA 	Keypress: x
147.8028 	INFO 	Keyboard events cleared
147.8026 	EXP 	protrianglefixation: autoDraw = True
147.8362 	EXP 	Device response: <KeyPress from None: t=147.4998064579995, value=x, duration=0.3344345000004978>
148.0707 	EXP 	Device response: <KeyPress from None: t=148.0648754999993, value=x, duration=None>
148.0711 	EXP 	New trial (rep=16, index=1): <Trial 65 (1 in rep 16) data={'pos': np.int64(150), 'corr_resp': 'v', 'thisN': 65, 'thisTrialN': 1, 'thisRepN': 16}>
148.0759 	DATA 	Keypress: x
148.0807 	EXP 	Fixation: autoDraw = False
148.0807 	EXP 	line1: autoDraw = False
148.0807 	EXP 	line2: autoDraw = False
148.0807 	EXP 	line3: autoDraw = False
148.0807 	EXP 	line4: autoDraw = False
148.0807 	EXP 	protrianglefixation: autoDraw = False
148.0807 	EXP 	Fixation: autoDraw = True
148.1184 	EXP 	Device response: <KeyPress from None: t=147.75792866599932, value=x, duration=0.35923258399998304>
148.3865 	EXP 	Device response: <KeyPress from None: t=148.38490629099942, value=x, duration=None>
148.3986 	DATA 	Keypress: x
148.4472 	EXP 	Device response: <KeyPress from None: t=148.0648754999993, value=x, duration=0.3763442910003505>
148.8795 	EXP 	Device response: <KeyPress from None: t=148.87786312499975, value=v, duration=None>
148.8840 	DATA 	Keypress: v
148.9290 	EXP 	Device response: <KeyPress from None: t=148.87786312499975, value=v, duration=0.0483570830001554>
149.0693 	EXP 	line1: autoDraw = True
149.0693 	EXP 	line2: autoDraw = True
149.0693 	EXP 	line3: autoDraw = True
149.0693 	EXP 	line4: autoDraw = True
149.0779 	EXP 	Fixation: autoDraw = False
149.2808 	EXP 	Device response: <KeyPress from None: t=149.2668000829999, value=v, duration=None>
149.2869 	DATA 	Keypress: v
149.3196 	EXP 	Device response: <KeyPress from None: t=149.2668000829999, value=v, duration=0.04838958299933438>
149.5958 	EXP 	Device response: <KeyPress from None: t=149.58785224999974, value=v, duration=None>
149.6013 	DATA 	Keypress: v
149.6460 	EXP 	Device response: <KeyPress from None: t=149.58785224999974, value=v, duration=0.0563060829999813>
149.9791 	EXP 	Device response: <KeyPress from None: t=149.96884112499993, value=v, duration=None>
149.9851 	DATA 	Keypress: v
150.0195 	EXP 	Device response: <KeyPress from None: t=149.96884112499993, value=v, duration=0.04506787499940401>
150.0680 	INFO 	Keyboard events cleared
150.0679 	EXP 	protrianglefixation: autoDraw = True
150.3122 	EXP 	Device response: <KeyPress from None: t=150.30977670799984, value=v, duration=None>
150.3127 	EXP 	New trial (rep=16, index=2): <Trial 66 (2 in rep 16) data={'pos': np.int64(50), 'corr_resp': 'c', 'thisN': 66, 'thisTrialN': 2, 'thisRepN': 16}>
150.3185 	DATA 	Keypress: v
150.3235 	EXP 	Fixation: autoDraw = False
150.3235 	EXP 	line1: autoDraw = False
150.3235 	EXP 	line2: autoDraw = False
150.3235 	EXP 	line3: autoDraw = False
150.3235 	EXP 	line4: autoDraw = False
150.3235 	EXP 	protrianglefixation: autoDraw = False
150.3235 	EXP 	Fixation: autoDraw = True
150.3631 	EXP 	Device response: <KeyPress from None: t=150.30977670799984, value=v, duration=0.044344791999719746>
151.0131 	EXP 	Device response: <KeyPress from None: t=151.0068501249998, value=c, duration=None>
151.0182 	DATA 	Keypress: c
151.0669 	EXP 	Device response: <KeyPress from None: t=151.0068501249998, value=c, duration=0.052276958000220475>
151.3111 	EXP 	line1: autoDraw = True
151.3111 	EXP 	line2: autoDraw = True
151.3111 	EXP 	line3: autoDraw = True
151.3111 	EXP 	line4: autoDraw = True
151.3182 	EXP 	Fixation: autoDraw = False
151.3194 	EXP 	Device response: <KeyPress from None: t=151.314783541, value=c, duration=None>
151.3236 	DATA 	Keypress: c
151.3794 	EXP 	Device response: <KeyPress from None: t=151.314783541, value=c, duration=0.04885099999955855>
151.6473 	EXP 	Device response: <KeyPress from None: t=151.6427364579995, value=c, duration=None>
151.6548 	DATA 	Keypress: c
151.6858 	EXP 	Device response: <KeyPress from None: t=151.6427364579995, value=c, duration=0.03642649999983405>
151.9125 	EXP 	Device response: <KeyPress from None: t=151.90571512499992, value=c, duration=None>
151.9185 	DATA 	Keypress: c
151.9628 	EXP 	Device response: <KeyPress from None: t=151.90571512499992, value=c, duration=0.052409124999940104>
152.2124 	EXP 	Device response: <KeyPress from None: t=152.20580037499985, value=c, duration=None>
152.2186 	DATA 	Keypress: c
152.2522 	EXP 	Device response: <KeyPress from None: t=152.20580037499985, value=c, duration=0.04429241599973466>
152.3115 	INFO 	Keyboard events cleared
152.3114 	EXP 	protrianglefixation: autoDraw = True
152.5300 	EXP 	Device response: <KeyPress from None: t=152.52076212499924, value=c, duration=None>
152.5307 	EXP 	New trial (rep=16, index=3): <Trial 67 (3 in rep 16) data={'pos': np.int64(-150), 'corr_resp': 'z', 'thisN': 67, 'thisTrialN': 3, 'thisRepN': 16}>
152.5370 	DATA 	Keypress: c
152.5421 	EXP 	Fixation: autoDraw = False
152.5421 	EXP 	line1: autoDraw = False
152.5421 	EXP 	line2: autoDraw = False
152.5421 	EXP 	line3: autoDraw = False
152.5421 	EXP 	line4: autoDraw = False
152.5421 	EXP 	protrianglefixation: autoDraw = False
152.5421 	EXP 	Fixation: autoDraw = True
152.5635 	EXP 	Device response: <KeyPress from None: t=152.52076212499924, value=c, duration=0.036332708000372804>
152.8305 	EXP 	Device response: <KeyPress from None: t=152.8057060409992, value=c, duration=None>
152.8365 	DATA 	Keypress: c
152.8627 	EXP 	Device response: <KeyPress from None: t=152.8057060409992, value=c, duration=0.052394792000086454>
153.0804 	EXP 	Device response: <KeyPress from None: t=153.07387079099954, value=c, duration=None>
153.0857 	DATA 	Keypress: c
153.1478 	EXP 	Device response: <KeyPress from None: t=153.07387079099954, value=c, duration=0.0602063750002344>
153.4297 	EXP 	Device response: <KeyPress from None: t=153.4247918329993, value=z, duration=None>
153.4354 	DATA 	Keypress: z
153.5034 	EXP 	Device response: <KeyPress from None: t=153.4247918329993, value=z, duration=0.07241387500016572>
153.5276 	EXP 	line1: autoDraw = True
153.5276 	EXP 	line2: autoDraw = True
153.5276 	EXP 	line3: autoDraw = True
153.5276 	EXP 	line4: autoDraw = True
153.5351 	EXP 	Fixation: autoDraw = False
153.7122 	EXP 	Device response: <KeyPress from None: t=153.7057918749997, value=z, duration=None>
153.7179 	DATA 	Keypress: z
153.7789 	EXP 	Device response: <KeyPress from None: t=153.7057918749997, value=z, duration=0.07216929100013658>
154.0299 	EXP 	Device response: <KeyPress from None: t=154.018728, value=z, duration=None>
154.0364 	DATA 	Keypress: z
154.1126 	EXP 	Device response: <KeyPress from None: t=154.018728, value=z, duration=0.09241854099946067>
154.4867 	EXP 	Device response: <KeyPress from None: t=154.47870212499947, value=z, duration=None>
154.4921 	DATA 	Keypress: z
154.5284 	INFO 	Keyboard events cleared
154.5284 	EXP 	protrianglefixation: autoDraw = True
154.5790 	EXP 	Device response: <KeyPress from None: t=154.47870212499947, value=z, duration=0.09639858300033666>
154.7454 	EXP 	Device response: <KeyPress from None: t=154.73775979099992, value=z, duration=None>
154.7460 	EXP 	New trial (rep=17, index=0): <Trial 68 (0 in rep 17) data={'pos': np.int64(-50), 'corr_resp': 'x', 'thisN': 68, 'thisTrialN': 0, 'thisRepN': 17}>
154.7519 	DATA 	Keypress: z
154.7574 	EXP 	Fixation: autoDraw = False
154.7574 	EXP 	line1: autoDraw = False
154.7574 	EXP 	line2: autoDraw = False
154.7574 	EXP 	line3: autoDraw = False
154.7574 	EXP 	line4: autoDraw = False
154.7574 	EXP 	protrianglefixation: autoDraw = False
154.7574 	EXP 	Fixation: autoDraw = True
154.8463 	EXP 	Device response: <KeyPress from None: t=154.73775979099992, value=z, duration=0.10022645899971394>
155.2533 	EXP 	Device response: <KeyPress from None: t=155.2467131659996, value=x, duration=None>
155.2586 	DATA 	Keypress: x
155.3131 	EXP 	Device response: <KeyPress from None: t=148.38490629099942, value=x, duration=6.918053250000412>
155.5794 	EXP 	Device response: <KeyPress from None: t=155.5767652909999, value=x, duration=None>
155.5850 	DATA 	Keypress: x
155.6352 	EXP 	Device response: <KeyPress from None: t=155.2467131659996, value=x, duration=0.3863047499999084>
155.7459 	EXP 	line1: autoDraw = True
155.7459 	EXP 	line2: autoDraw = True
155.7459 	EXP 	line3: autoDraw = True
155.7459 	EXP 	line4: autoDraw = True
155.7528 	EXP 	Fixation: autoDraw = False
155.9974 	EXP 	Device response: <KeyPress from None: t=155.98178941599963, value=x, duration=None>
156.0044 	DATA 	Keypress: x
156.0300 	EXP 	Device response: <KeyPress from None: t=155.5767652909999, value=x, duration=0.4493559169995933>
156.2640 	EXP 	Device response: <KeyPress from None: t=156.2477014999995, value=x, duration=None>
156.2700 	DATA 	Keypress: x
156.3123 	EXP 	Device response: <KeyPress from None: t=155.98178941599963, value=x, duration=0.3222152919997825>
156.5197 	EXP 	Device response: <KeyPress from None: t=156.5147170829996, value=x, duration=None>
156.5254 	DATA 	Keypress: x
156.5623 	EXP 	Device response: <KeyPress from None: t=156.2477014999995, value=x, duration=0.30722920800053544>
156.7446 	INFO 	Keyboard events cleared
156.7445 	EXP 	protrianglefixation: autoDraw = True
156.8532 	EXP 	Device response: <KeyPress from None: t=156.84567604099993, value=x, duration=None>
156.8536 	EXP 	New trial (rep=17, index=1): <Trial 69 (1 in rep 17) data={'pos': np.int64(150), 'corr_resp': 'v', 'thisN': 69, 'thisTrialN': 1, 'thisRepN': 17}>
156.8590 	DATA 	Keypress: x
156.8641 	EXP 	Fixation: autoDraw = False
156.8641 	EXP 	line1: autoDraw = False
156.8641 	EXP 	line2: autoDraw = False
156.8641 	EXP 	line3: autoDraw = False
156.8641 	EXP 	line4: autoDraw = False
156.8641 	EXP 	protrianglefixation: autoDraw = False
156.8641 	EXP 	Fixation: autoDraw = True
156.9183 	EXP 	Device response: <KeyPress from None: t=156.5147170829996, value=x, duration=0.3992862920003972>
157.2034 	EXP 	Device response: <KeyPress from None: t=157.1956992079995, value=x, duration=None>
157.2078 	DATA 	Keypress: x
157.2459 	EXP 	Device response: <KeyPress from None: t=156.84567604099993, value=x, duration=0.3942794589993355>
157.5803 	EXP 	Device response: <KeyPress from None: t=157.5736992079992, value=v, duration=None>
157.5859 	DATA 	Keypress: v
157.6644 	EXP 	Device response: <KeyPress from None: t=157.5736992079992, value=v, duration=0.08833583300020109>
157.8529 	EXP 	line1: autoDraw = True
157.8529 	EXP 	line2: autoDraw = True
157.8529 	EXP 	line3: autoDraw = True
157.8529 	EXP 	line4: autoDraw = True
157.8790 	EXP 	Fixation: autoDraw = False
157.9047 	EXP 	Device response: <KeyPress from None: t=157.90060662499945, value=v, duration=None>
157.9095 	DATA 	Keypress: v
157.9688 	EXP 	Device response: <KeyPress from None: t=157.90060662499945, value=v, duration=0.06438545800028805>
158.2022 	EXP 	Device response: <KeyPress from None: t=158.19565199999943, value=v, duration=None>
158.2072 	DATA 	Keypress: v
158.2537 	EXP 	Device response: <KeyPress from None: t=158.19565199999943, value=v, duration=0.0562307910004165>
158.5698 	EXP 	Device response: <KeyPress from None: t=158.56867541599968, value=v, duration=None>
158.5748 	DATA 	Keypress: v
158.6462 	EXP 	Device response: <KeyPress from None: t=158.56867541599968, value=v, duration=0.07626962500035006>
158.8523 	INFO 	Keyboard events cleared
158.8522 	EXP 	protrianglefixation: autoDraw = True
158.9288 	EXP 	Device response: <KeyPress from None: t=158.91953770799955, value=v, duration=None>
158.9292 	EXP 	New trial (rep=17, index=2): <Trial 70 (2 in rep 17) data={'pos': np.int64(50), 'corr_resp': 'c', 'thisN': 70, 'thisTrialN': 2, 'thisRepN': 17}>
158.9345 	DATA 	Keypress: v
158.9394 	EXP 	Fixation: autoDraw = False
158.9394 	EXP 	line1: autoDraw = False
158.9394 	EXP 	line2: autoDraw = False
158.9394 	EXP 	line3: autoDraw = False
158.9394 	EXP 	line4: autoDraw = False
158.9394 	EXP 	protrianglefixation: autoDraw = False
158.9394 	EXP 	Fixation: autoDraw = True
158.9966 	EXP 	Device response: <KeyPress from None: t=158.91953770799955, value=v, duration=0.06847033299982286>
159.2358 	EXP 	Device response: <KeyPress from None: t=159.23061566599972, value=v, duration=None>
159.2402 	DATA 	Keypress: v
159.2802 	EXP 	Device response: <KeyPress from None: t=159.23061566599972, value=v, duration=0.040324417000192625>
159.6799 	EXP 	Device response: <KeyPress from None: t=159.67262833299992, value=c, duration=None>
159.6848 	DATA 	Keypress: c
159.7361 	EXP 	Device response: <KeyPress from None: t=159.67262833299992, value=c, duration=0.05630341699998098>
159.9203 	EXP 	line1: autoDraw = True
159.9203 	EXP 	line2: autoDraw = True
159.9203 	EXP 	line3: autoDraw = True
159.9203 	EXP 	line4: autoDraw = True
159.9627 	EXP 	Fixation: autoDraw = False
160.0305 	EXP 	Device response: <KeyPress from None: t=160.01863395799955, value=c, duration=None>
160.0363 	DATA 	Keypress: c
160.0790 	EXP 	Device response: <KeyPress from None: t=160.01863395799955, value=c, duration=0.056330958000216924>
160.3457 	EXP 	Device response: <KeyPress from None: t=160.34160837499985, value=c, duration=None>
160.3512 	DATA 	Keypress: c
160.3868 	EXP 	Device response: <KeyPress from None: t=160.34160837499985, value=c, duration=0.04024641599971801>
160.6128 	EXP 	Device response: <KeyPress from None: t=160.6066162499992, value=c, duration=None>
160.6177 	DATA 	Keypress: c
160.6624 	EXP 	Device response: <KeyPress from None: t=160.6066162499992, value=c, duration=0.05216370800008008>
160.9277 	INFO 	Keyboard events cleared
160.9275 	EXP 	protrianglefixation: autoDraw = True
161.1362 	EXP 	Device response: <KeyPress from None: t=161.13258708299963, value=c, duration=None>
161.1367 	EXP 	New trial (rep=17, index=3): <Trial 71 (3 in rep 17) data={'pos': np.int64(-150), 'corr_resp': 'z', 'thisN': 71, 'thisTrialN': 3, 'thisRepN': 17}>
161.1419 	DATA 	Keypress: c
161.1480 	EXP 	Fixation: autoDraw = False
161.1480 	EXP 	line1: autoDraw = False
161.1480 	EXP 	line2: autoDraw = False
161.1480 	EXP 	line3: autoDraw = False
161.1480 	EXP 	line4: autoDraw = False
161.1480 	EXP 	protrianglefixation: autoDraw = False
161.1480 	EXP 	Fixation: autoDraw = True
161.2019 	EXP 	Device response: <KeyPress from None: t=161.13258708299963, value=c, duration=0.06437008299963054>
161.4132 	EXP 	Device response: <KeyPress from None: t=161.40894195799956, value=c, duration=None>
161.4183 	DATA 	Keypress: c
161.4795 	EXP 	Device response: <KeyPress from None: t=161.40894195799956, value=c, duration=0.05992987500030722>
162.1357 	EXP 	line1: autoDraw = True
162.1357 	EXP 	line2: autoDraw = True
162.1357 	EXP 	line3: autoDraw = True
162.1357 	EXP 	line4: autoDraw = True
162.1443 	EXP 	Fixation: autoDraw = False
162.3199 	EXP 	Device response: <KeyPress from None: t=162.3125183329994, value=z, duration=None>
162.3249 	DATA 	Keypress: z
162.3955 	EXP 	Device response: <KeyPress from None: t=162.3125183329994, value=z, duration=0.08036224999978003>
162.6195 	EXP 	Device response: <KeyPress from None: t=162.61157779099995, value=z, duration=None>
162.6246 	DATA 	Keypress: z
162.6860 	EXP 	Device response: <KeyPress from None: t=162.61157779099995, value=z, duration=0.07227433399930305>
162.9702 	EXP 	Device response: <KeyPress from None: t=162.96357404099945, value=z, duration=None>
162.9755 	DATA 	Keypress: z
163.0286 	EXP 	Device response: <KeyPress from None: t=162.96357404099945, value=z, duration=0.0562282500004585>
163.1352 	INFO 	Keyboard events cleared
163.1350 	EXP 	protrianglefixation: autoDraw = True
163.2696 	EXP 	Device response: <KeyPress from None: t=163.2645929579994, value=z, duration=None>
163.2700 	EXP 	New trial (rep=18, index=0): <Trial 72 (0 in rep 18) data={'pos': np.int64(-50), 'corr_resp': 'x', 'thisN': 72, 'thisTrialN': 0, 'thisRepN': 18}>
163.2750 	DATA 	Keypress: z
163.2812 	EXP 	Fixation: autoDraw = False
163.2812 	EXP 	line1: autoDraw = False
163.2812 	EXP 	line2: autoDraw = False
163.2812 	EXP 	line3: autoDraw = False
163.2812 	EXP 	line4: autoDraw = False
163.2812 	EXP 	protrianglefixation: autoDraw = False
163.2812 	EXP 	Fixation: autoDraw = True
163.3290 	EXP 	Device response: <KeyPress from None: t=163.2645929579994, value=z, duration=0.05620845800058305>
163.5871 	EXP 	Device response: <KeyPress from None: t=163.58547529099997, value=z, duration=None>
163.5992 	DATA 	Keypress: z
163.6353 	EXP 	Device response: <KeyPress from None: t=163.58547529099997, value=z, duration=0.04839683399950445>
163.9864 	EXP 	Device response: <KeyPress from None: t=163.98295116600002, value=x, duration=None>
163.9913 	DATA 	Keypress: x
164.0528 	EXP 	Device response: <KeyPress from None: t=157.1956992079995, value=x, duration=6.855126999999811>
164.2685 	EXP 	line1: autoDraw = True
164.2685 	EXP 	line2: autoDraw = True
164.2685 	EXP 	line3: autoDraw = True
164.2685 	EXP 	line4: autoDraw = True
164.2781 	EXP 	Fixation: autoDraw = False
164.2863 	EXP 	Device response: <KeyPress from None: t=164.28357799999958, value=x, duration=None>
164.2921 	DATA 	Keypress: x
164.3466 	EXP 	Device response: <KeyPress from None: t=163.98295116600002, value=x, duration=0.3567886669998188>
164.5455 	EXP 	Device response: <KeyPress from None: t=164.54250804099956, value=x, duration=None>
164.5508 	DATA 	Keypress: x
164.6027 	EXP 	Device response: <KeyPress from None: t=164.28357799999958, value=x, duration=0.31525608300034946>
164.8299 	EXP 	Device response: <KeyPress from None: t=164.82449016599912, value=x, duration=None>
164.8356 	DATA 	Keypress: x
164.8863 	EXP 	Device response: <KeyPress from None: t=164.54250804099956, value=x, duration=0.34238454200021806>
165.0789 	EXP 	Device response: <KeyPress from None: t=165.07149979099995, value=x, duration=None>
165.0842 	DATA 	Keypress: x
165.1362 	EXP 	Device response: <KeyPress from None: t=164.82449016599912, value=x, duration=0.30731391700010136>
165.2687 	INFO 	Keyboard events cleared
165.2686 	EXP 	protrianglefixation: autoDraw = True
165.3457 	EXP 	Device response: <KeyPress from None: t=165.33755695799937, value=x, duration=None>
165.3462 	EXP 	New trial (rep=18, index=1): <Trial 73 (1 in rep 18) data={'pos': np.int64(150), 'corr_resp': 'v', 'thisN': 73, 'thisTrialN': 1, 'thisRepN': 18}>
165.3515 	DATA 	Keypress: x
165.3564 	EXP 	Fixation: autoDraw = False
165.3564 	EXP 	line1: autoDraw = False
165.3564 	EXP 	line2: autoDraw = False
165.3564 	EXP 	line3: autoDraw = False
165.3564 	EXP 	line4: autoDraw = False
165.3564 	EXP 	protrianglefixation: autoDraw = False
165.3564 	EXP 	Fixation: autoDraw = True
165.3964 	EXP 	Device response: <KeyPress from None: t=165.07149979099995, value=x, duration=0.31827016699935484>
165.5973 	EXP 	Device response: <KeyPress from None: t=165.59040800000002, value=x, duration=None>
165.6026 	DATA 	Keypress: x
165.6301 	EXP 	Device response: <KeyPress from None: t=165.33755695799937, value=x, duration=0.2853099170006317>
166.0527 	EXP 	Device response: <KeyPress from None: t=166.05042087499987, value=v, duration=None>
166.0577 	DATA 	Keypress: v
166.1029 	EXP 	Device response: <KeyPress from None: t=166.05042087499987, value=v, duration=0.048385665999376215>
166.3443 	EXP 	line1: autoDraw = True
166.3443 	EXP 	line2: autoDraw = True
166.3443 	EXP 	line3: autoDraw = True
166.3443 	EXP 	line4: autoDraw = True
166.3511 	EXP 	Fixation: autoDraw = False
166.3796 	EXP 	Device response: <KeyPress from None: t=166.3764740409997, value=v, duration=None>
166.3855 	DATA 	Keypress: v
166.4136 	EXP 	Device response: <KeyPress from None: t=166.3764740409997, value=v, duration=0.032314041999597976>
166.6790 	EXP 	Device response: <KeyPress from None: t=166.6734662079998, value=v, duration=None>
166.6842 	DATA 	Keypress: v
166.7136 	EXP 	Device response: <KeyPress from None: t=166.6734662079998, value=v, duration=0.028247833000023093>
167.1868 	EXP 	Device response: <KeyPress from None: t=167.18492483299997, value=v, duration=None>
167.1920 	DATA 	Keypress: v
167.2290 	EXP 	Device response: <KeyPress from None: t=167.18492483299997, value=v, duration=0.0357283749999624>
167.3443 	INFO 	Keyboard events cleared
167.3441 	EXP 	protrianglefixation: autoDraw = True
167.4122 	EXP 	Device response: <KeyPress from None: t=167.40647904099933, value=v, duration=None>
167.4127 	EXP 	New trial (rep=18, index=2): <Trial 74 (2 in rep 18) data={'pos': np.int64(50), 'corr_resp': 'c', 'thisN': 74, 'thisTrialN': 2, 'thisRepN': 18}>
167.4177 	DATA 	Keypress: v
167.4226 	EXP 	Fixation: autoDraw = False
167.4226 	EXP 	line1: autoDraw = False
167.4226 	EXP 	line2: autoDraw = False
167.4226 	EXP 	line3: autoDraw = False
167.4226 	EXP 	line4: autoDraw = False
167.4226 	EXP 	protrianglefixation: autoDraw = False
167.4226 	EXP 	Fixation: autoDraw = True
167.4684 	EXP 	Device response: <KeyPress from None: t=167.40647904099933, value=v, duration=0.05624024999997346>
168.0636 	EXP 	Device response: <KeyPress from None: t=168.05656162499963, value=c, duration=None>
168.0685 	DATA 	Keypress: c
168.1133 	EXP 	Device response: <KeyPress from None: t=168.05656162499963, value=c, duration=0.04816616599964618>
168.4109 	EXP 	line1: autoDraw = True
168.4109 	EXP 	line2: autoDraw = True
168.4109 	EXP 	line3: autoDraw = True
168.4109 	EXP 	line4: autoDraw = True
168.4184 	EXP 	Fixation: autoDraw = False
168.4460 	EXP 	Device response: <KeyPress from None: t=168.43642512499991, value=c, duration=None>
168.4517 	DATA 	Keypress: c
168.4860 	EXP 	Device response: <KeyPress from None: t=168.43642512499991, value=c, duration=0.04837229099939577>
168.7035 	EXP 	Device response: <KeyPress from None: t=168.69942762499977, value=c, duration=None>
168.7086 	DATA 	Keypress: c
168.7526 	EXP 	Device response: <KeyPress from None: t=168.69942762499977, value=c, duration=0.04824099999950704>
168.9790 	EXP 	Device response: <KeyPress from None: t=168.97543033299917, value=c, duration=None>
168.9846 	DATA 	Keypress: c
169.0623 	EXP 	Device response: <KeyPress from None: t=168.97543033299917, value=c, duration=0.0762664580006458>
169.2034 	EXP 	Device response: <KeyPress from None: t=169.20241345799968, value=c, duration=None>
169.2084 	DATA 	Keypress: c
169.2853 	EXP 	Device response: <KeyPress from None: t=169.20241345799968, value=c, duration=0.0802968329999203>
169.4110 	INFO 	Keyboard events cleared
169.4108 	EXP 	protrianglefixation: autoDraw = True
169.4628 	EXP 	Device response: <KeyPress from None: t=169.45938504099922, value=c, duration=None>
169.4633 	EXP 	New trial (rep=18, index=3): <Trial 75 (3 in rep 18) data={'pos': np.int64(-150), 'corr_resp': 'z', 'thisN': 75, 'thisTrialN': 3, 'thisRepN': 18}>
169.4689 	DATA 	Keypress: c
169.4739 	EXP 	Fixation: autoDraw = False
169.4739 	EXP 	line1: autoDraw = False
169.4739 	EXP 	line2: autoDraw = False
169.4739 	EXP 	line3: autoDraw = False
169.4739 	EXP 	line4: autoDraw = False
169.4739 	EXP 	protrianglefixation: autoDraw = False
169.4739 	EXP 	Fixation: autoDraw = True
169.5473 	EXP 	Device response: <KeyPress from None: t=169.45938504099922, value=c, duration=0.08429633400010061>
169.7030 	EXP 	Device response: <KeyPress from None: t=169.698411458, value=c, duration=None>
169.7084 	DATA 	Keypress: c
169.7525 	EXP 	Device response: <KeyPress from None: t=169.698411458, value=c, duration=0.04829120799968223>
170.4610 	EXP 	line1: autoDraw = True
170.4610 	EXP 	line2: autoDraw = True
170.4610 	EXP 	line3: autoDraw = True
170.4610 	EXP 	line4: autoDraw = True
170.4685 	EXP 	Fixation: autoDraw = False
170.4861 	EXP 	Device response: <KeyPress from None: t=170.47834195799987, value=z, duration=None>
170.4913 	DATA 	Keypress: z
170.5525 	EXP 	Device response: <KeyPress from None: t=170.47834195799987, value=z, duration=0.06827858299948275>
170.7191 	EXP 	Device response: <KeyPress from None: t=170.71737966599994, value=z, duration=None>
170.7242 	DATA 	Keypress: z
170.7711 	EXP 	Device response: <KeyPress from None: t=170.71737966599994, value=z, duration=0.048336874999222346>
170.9474 	EXP 	Device response: <KeyPress from None: t=170.92935770799977, value=z, duration=None>
170.9536 	DATA 	Keypress: z
171.0137 	EXP 	Device response: <KeyPress from None: t=170.92935770799977, value=z, duration=0.07226641699980973>
171.1529 	EXP 	Device response: <KeyPress from None: t=171.15030320799997, value=z, duration=None>
171.1581 	DATA 	Keypress: z
171.2121 	EXP 	Device response: <KeyPress from None: t=171.15030320799997, value=z, duration=0.06027854199965077>
171.3624 	EXP 	Device response: <KeyPress from None: t=171.35334954099926, value=z, duration=None>
171.3676 	DATA 	Keypress: z
171.4360 	EXP 	Device response: <KeyPress from None: t=171.35334954099926, value=z, duration=0.07623345899992273>
171.4616 	INFO 	Keyboard events cleared
171.4614 	EXP 	protrianglefixation: autoDraw = True
171.5790 	EXP 	Device response: <KeyPress from None: t=171.57628549999936, value=z, duration=None>
171.5794 	EXP 	New trial (rep=19, index=0): <Trial 76 (0 in rep 19) data={'pos': np.int64(-50), 'corr_resp': 'x', 'thisN': 76, 'thisTrialN': 0, 'thisRepN': 19}>
171.5848 	DATA 	Keypress: z
171.5896 	EXP 	Fixation: autoDraw = False
171.5896 	EXP 	line1: autoDraw = False
171.5896 	EXP 	line2: autoDraw = False
171.5896 	EXP 	line3: autoDraw = False
171.5896 	EXP 	line4: autoDraw = False
171.5896 	EXP 	protrianglefixation: autoDraw = False
171.5896 	EXP 	Fixation: autoDraw = True
171.6352 	EXP 	Device response: <KeyPress from None: t=171.57628549999936, value=z, duration=0.05637362500056042>
171.7803 	EXP 	Device response: <KeyPress from None: t=171.77133666600002, value=z, duration=None>
171.7848 	DATA 	Keypress: z
171.8628 	EXP 	Device response: <KeyPress from None: t=171.77133666600002, value=z, duration=0.08424337499945977>
172.0294 	EXP 	Device response: <KeyPress from None: t=172.02432266599953, value=z, duration=None>
172.0343 	DATA 	Keypress: z
172.0637 	EXP 	Device response: <KeyPress from None: t=172.02432266599953, value=z, duration=0.0362386670003616>
172.3633 	EXP 	Device response: <KeyPress from None: t=172.36032120799973, value=x, duration=None>
172.3684 	DATA 	Keypress: x
172.4361 	EXP 	Device response: <KeyPress from None: t=165.59040800000002, value=x, duration=6.838223249999828>
172.5778 	EXP 	line1: autoDraw = True
172.5778 	EXP 	line2: autoDraw = True
172.5778 	EXP 	line3: autoDraw = True
172.5778 	EXP 	line4: autoDraw = True
172.5844 	EXP 	Fixation: autoDraw = False
172.6790 	EXP 	Device response: <KeyPress from None: t=172.67441220799992, value=x, duration=None>
172.6846 	DATA 	Keypress: x
172.7295 	EXP 	Device response: <KeyPress from None: t=172.36032120799973, value=x, duration=0.3622887499996068>
172.9468 	EXP 	Device response: <KeyPress from None: t=172.93840374999945, value=x, duration=None>
172.9521 	DATA 	Keypress: x
172.9957 	EXP 	Device response: <KeyPress from None: t=172.67441220799992, value=x, duration=0.3201970829995844>
173.2474 	EXP 	Device response: <KeyPress from None: t=173.23841212499974, value=x, duration=None>
173.2535 	DATA 	Keypress: x
173.2958 	EXP 	Device response: <KeyPress from None: t=172.93840374999945, value=x, duration=0.35216216600019834>
173.5128 	EXP 	Device response: <KeyPress from None: t=173.50636529099938, value=x, duration=None>
173.5180 	DATA 	Keypress: x
173.5623 	EXP 	Device response: <KeyPress from None: t=173.23841212499974, value=x, duration=0.31617862500024785>
173.5776 	INFO 	Keyboard events cleared
173.5775 	EXP 	protrianglefixation: autoDraw = True
173.7457 	EXP 	Device response: <KeyPress from None: t=173.74019191599928, value=x, duration=None>
173.7461 	EXP 	New trial (rep=19, index=1): <Trial 77 (1 in rep 19) data={'pos': np.int64(150), 'corr_resp': 'v', 'thisN': 77, 'thisTrialN': 1, 'thisRepN': 19}>
173.7510 	DATA 	Keypress: x
173.7556 	EXP 	Fixation: autoDraw = False
173.7556 	EXP 	line1: autoDraw = False
173.7556 	EXP 	line2: autoDraw = False
173.7556 	EXP 	line3: autoDraw = False
173.7556 	EXP 	line4: autoDraw = False
173.7556 	EXP 	protrianglefixation: autoDraw = False
173.7556 	EXP 	Fixation: autoDraw = True
173.8012 	EXP 	Device response: <KeyPress from None: t=173.50636529099938, value=x, duration=0.2901887500001976>
174.4866 	EXP 	Device response: <KeyPress from None: t=174.4802330829998, value=v, duration=None>
174.4912 	DATA 	Keypress: v
174.5362 	EXP 	Device response: <KeyPress from None: t=174.4802330829998, value=v, duration=0.052398332999473496>
174.7449 	EXP 	line1: autoDraw = True
174.7449 	EXP 	line2: autoDraw = True
174.7449 	EXP 	line3: autoDraw = True
174.7449 	EXP 	line4: autoDraw = True
174.7528 	EXP 	Fixation: autoDraw = False
174.8864 	EXP 	Device response: <KeyPress from None: t=174.878315166, value=v, duration=None>
174.8916 	DATA 	Keypress: v
174.9288 	EXP 	Device response: <KeyPress from None: t=174.878315166, value=v, duration=0.04032141699917702>
175.1798 	EXP 	Device response: <KeyPress from None: t=175.1733027499995, value=v, duration=None>
175.1861 	DATA 	Keypress: v
175.2288 	EXP 	Device response: <KeyPress from None: t=175.1733027499995, value=v, duration=0.05226237500028219>
175.5033 	EXP 	Device response: <KeyPress from None: t=175.49830570799986, value=v, duration=None>
175.5088 	DATA 	Keypress: v
175.5454 	EXP 	Device response: <KeyPress from None: t=175.49830570799986, value=v, duration=0.04428616699988197>
175.7449 	INFO 	Keyboard events cleared
175.7447 	EXP 	protrianglefixation: autoDraw = True
175.8364 	EXP 	Device response: <KeyPress from None: t=175.82914770799925, value=v, duration=None>
175.8368 	EXP 	New trial (rep=19, index=2): <Trial 78 (2 in rep 19) data={'pos': np.int64(50), 'corr_resp': 'c', 'thisN': 78, 'thisTrialN': 2, 'thisRepN': 19}>
175.8418 	DATA 	Keypress: v
175.8481 	EXP 	Fixation: autoDraw = False
175.8481 	EXP 	line1: autoDraw = False
175.8481 	EXP 	line2: autoDraw = False
175.8481 	EXP 	line3: autoDraw = False
175.8481 	EXP 	line4: autoDraw = False
175.8481 	EXP 	protrianglefixation: autoDraw = False
175.8481 	EXP 	Fixation: autoDraw = True
175.9126 	EXP 	Device response: <KeyPress from None: t=175.82914770799925, value=v, duration=0.07642929200028448>
176.1530 	EXP 	Device response: <KeyPress from None: t=176.14626604099976, value=v, duration=None>
176.1579 	DATA 	Keypress: v
176.1957 	EXP 	Device response: <KeyPress from None: t=176.14626604099976, value=v, duration=0.04427654200026154>
176.5198 	EXP 	Device response: <KeyPress from None: t=176.51723416599998, value=c, duration=None>
176.5247 	DATA 	Keypress: c
176.5876 	EXP 	Device response: <KeyPress from None: t=176.51723416599998, value=c, duration=0.06828895899980125>
176.8361 	EXP 	line1: autoDraw = True
176.8361 	EXP 	line2: autoDraw = True
176.8361 	EXP 	line3: autoDraw = True
176.8361 	EXP 	line4: autoDraw = True
176.8442 	EXP 	Fixation: autoDraw = False
176.8806 	EXP 	Device response: <KeyPress from None: t=176.8582529159994, value=c, duration=None>
176.8864 	DATA 	Keypress: c
176.9290 	EXP 	Device response: <KeyPress from None: t=176.8582529159994, value=c, duration=0.06425916700027301>
177.1291 	EXP 	Device response: <KeyPress from None: t=177.12731995799913, value=c, duration=None>
177.1344 	DATA 	Keypress: c
177.2036 	EXP 	Device response: <KeyPress from None: t=177.12731995799913, value=c, duration=0.06806991700068465>
177.3957 	EXP 	Device response: <KeyPress from None: t=177.38920524999958, value=c, duration=None>
177.4012 	DATA 	Keypress: c
177.4621 	EXP 	Device response: <KeyPress from None: t=177.38920524999958, value=c, duration=0.06435604099988268>
177.6788 	EXP 	Device response: <KeyPress from None: t=177.6752988749995, value=c, duration=None>
177.6841 	DATA 	Keypress: c
177.7136 	EXP 	Device response: <KeyPress from None: t=177.6752988749995, value=c, duration=0.03622516599989467>
177.8359 	INFO 	Keyboard events cleared
177.8358 	EXP 	protrianglefixation: autoDraw = True
177.9459 	EXP 	Device response: <KeyPress from None: t=177.93822683299913, value=c, duration=None>
177.9463 	EXP 	New trial (rep=19, index=3): <Trial 79 (3 in rep 19) data={'pos': np.int64(-150), 'corr_resp': 'z', 'thisN': 79, 'thisTrialN': 3, 'thisRepN': 19}>
177.9514 	DATA 	Keypress: c
177.9558 	EXP 	Fixation: autoDraw = False
177.9558 	EXP 	line1: autoDraw = False
177.9558 	EXP 	line2: autoDraw = False
177.9558 	EXP 	line3: autoDraw = False
177.9558 	EXP 	line4: autoDraw = False
177.9558 	EXP 	protrianglefixation: autoDraw = False
177.9558 	EXP 	Fixation: autoDraw = True
177.9801 	EXP 	Device response: <KeyPress from None: t=177.93822683299913, value=c, duration=0.03620945800048503>
178.1975 	EXP 	Device response: <KeyPress from None: t=178.190085833, value=c, duration=None>
178.2028 	DATA 	Keypress: c
178.2312 	EXP 	Device response: <KeyPress from None: t=178.190085833, value=c, duration=0.03240304199971433>
178.6965 	EXP 	Device response: <KeyPress from None: t=178.68717124999966, value=z, duration=None>
178.7013 	DATA 	Keypress: z
178.7638 	EXP 	Device response: <KeyPress from None: t=178.68717124999966, value=z, duration=0.06431866599996283>
178.9442 	EXP 	line1: autoDraw = True
178.9442 	EXP 	line2: autoDraw = True
178.9442 	EXP 	line3: autoDraw = True
178.9442 	EXP 	line4: autoDraw = True
178.9516 	EXP 	Fixation: autoDraw = False
178.9623 	EXP 	Device response: <KeyPress from None: t=178.96012187499946, value=z, duration=None>
178.9680 	DATA 	Keypress: z
179.0189 	EXP 	Device response: <KeyPress from None: t=178.96012187499946, value=z, duration=0.056328374999793596>
179.4860 	EXP 	Device response: <KeyPress from None: t=179.48217762499917, value=z, duration=None>
179.4912 	DATA 	Keypress: z
179.5534 	EXP 	Device response: <KeyPress from None: t=179.48217762499917, value=z, duration=0.06434308300049452>
179.7289 	EXP 	Device response: <KeyPress from None: t=179.72711533299935, value=z, duration=None>
179.7342 	DATA 	Keypress: z
179.8027 	EXP 	Device response: <KeyPress from None: t=179.72711533299935, value=z, duration=0.06826408300003095>
179.9444 	INFO 	Keyboard events cleared
179.9442 	EXP 	protrianglefixation: autoDraw = True
179.9956 	EXP 	Device response: <KeyPress from None: t=179.99006637499951, value=z, duration=None>
179.9961 	EXP 	New trial (rep=20, index=0): <Trial 80 (0 in rep 20) data={'pos': np.int64(-50), 'corr_resp': 'x', 'thisN': 80, 'thisTrialN': 0, 'thisRepN': 20}>
180.0012 	DATA 	Keypress: z
180.0059 	EXP 	Fixation: autoDraw = False
180.0059 	EXP 	line1: autoDraw = False
180.0059 	EXP 	line2: autoDraw = False
180.0059 	EXP 	line3: autoDraw = False
180.0059 	EXP 	line4: autoDraw = False
180.0059 	EXP 	protrianglefixation: autoDraw = False
180.0059 	EXP 	Fixation: autoDraw = True
180.0628 	EXP 	Device response: <KeyPress from None: t=179.99006637499951, value=z, duration=0.06438708299992868>
180.2469 	EXP 	Device response: <KeyPress from None: t=180.24115449999954, value=z, duration=None>
180.2521 	DATA 	Keypress: z
180.3191 	EXP 	Device response: <KeyPress from None: t=180.24115449999954, value=z, duration=0.07232233299964719>
180.6471 	EXP 	Device response: <KeyPress from None: t=180.63619612499951, value=x, duration=None>
180.6523 	DATA 	Keypress: x
180.7130 	EXP 	Device response: <KeyPress from None: t=173.74019191599928, value=x, duration=6.9682641250001325>
180.9637 	EXP 	Device response: <KeyPress from None: t=180.95717854099985, value=x, duration=None>
180.9690 	DATA 	Keypress: x
180.9957 	EXP 	line1: autoDraw = True
180.9957 	EXP 	line2: autoDraw = True
180.9957 	EXP 	line3: autoDraw = True
180.9957 	EXP 	line4: autoDraw = True
181.0020 	EXP 	Fixation: autoDraw = False
181.0196 	EXP 	Device response: <KeyPress from None: t=180.63619612499951, value=x, duration=0.3772737910003343>
181.2195 	EXP 	Device response: <KeyPress from None: t=181.21315383299952, value=x, duration=None>
181.2245 	DATA 	Keypress: x
181.2790 	EXP 	Device response: <KeyPress from None: t=180.95717854099985, value=x, duration=0.320258124999782>
181.5024 	EXP 	Device response: <KeyPress from None: t=181.50114783299978, value=x, duration=None>
181.5077 	DATA 	Keypress: x
181.5633 	EXP 	Device response: <KeyPress from None: t=181.21315383299952, value=x, duration=0.3323053330004768>
181.7458 	EXP 	Device response: <KeyPress from None: t=181.74312508299954, value=x, duration=None>
181.7511 	DATA 	Keypress: x
181.8024 	EXP 	Device response: <KeyPress from None: t=181.50114783299978, value=x, duration=0.29414770799940015>
181.9947 	INFO 	Keyboard events cleared
181.9945 	EXP 	protrianglefixation: autoDraw = True
182.0124 	EXP 	Device response: <KeyPress from None: t=182.0071498749994, value=x, duration=None>
182.0128 	EXP 	New trial (rep=20, index=1): <Trial 81 (1 in rep 20) data={'pos': np.int64(150), 'corr_resp': 'v', 'thisN': 81, 'thisTrialN': 1, 'thisRepN': 20}>
182.0180 	DATA 	Keypress: x
182.0228 	EXP 	Fixation: autoDraw = False
182.0228 	EXP 	line1: autoDraw = False
182.0228 	EXP 	line2: autoDraw = False
182.0228 	EXP 	line3: autoDraw = False
182.0228 	EXP 	line4: autoDraw = False
182.0228 	EXP 	protrianglefixation: autoDraw = False
182.0228 	EXP 	Fixation: autoDraw = True
182.0630 	EXP 	Device response: <KeyPress from None: t=181.74312508299954, value=x, duration=0.3122726669998883>
182.2459 	EXP 	Device response: <KeyPress from None: t=182.24210254099944, value=x, duration=None>
182.2510 	DATA 	Keypress: x
182.2957 	EXP 	Device response: <KeyPress from None: t=182.0071498749994, value=x, duration=0.27929241600031673>
183.0110 	EXP 	line1: autoDraw = True
183.0110 	EXP 	line2: autoDraw = True
183.0110 	EXP 	line3: autoDraw = True
183.0110 	EXP 	line4: autoDraw = True
183.0186 	EXP 	Fixation: autoDraw = False
183.2960 	EXP 	Device response: <KeyPress from None: t=183.285162958, value=v, duration=None>
183.3015 	DATA 	Keypress: v
183.3791 	EXP 	Device response: <KeyPress from None: t=183.285162958, value=v, duration=0.08417191699936666>
183.6133 	EXP 	Device response: <KeyPress from None: t=183.60300345799988, value=v, duration=None>
183.6187 	DATA 	Keypress: v
183.6461 	EXP 	Device response: <KeyPress from None: t=183.60300345799988, value=v, duration=0.035324874999787426>
183.8295 	EXP 	Device response: <KeyPress from None: t=183.82273370799976, value=v, duration=None>
183.8347 	DATA 	Keypress: v
183.8961 	EXP 	Device response: <KeyPress from None: t=183.82273370799976, value=v, duration=0.06758375000026717>
184.0116 	INFO 	Keyboard events cleared
184.0114 	EXP 	protrianglefixation: autoDraw = True
184.1367 	EXP 	Device response: <KeyPress from None: t=184.1310701249995, value=v, duration=None>
184.1371 	EXP 	New trial (rep=20, index=2): <Trial 82 (2 in rep 20) data={'pos': np.int64(50), 'corr_resp': 'c', 'thisN': 82, 'thisTrialN': 2, 'thisRepN': 20}>
184.1424 	DATA 	Keypress: v
184.1483 	EXP 	Fixation: autoDraw = False
184.1483 	EXP 	line1: autoDraw = False
184.1483 	EXP 	line2: autoDraw = False
184.1483 	EXP 	line3: autoDraw = False
184.1483 	EXP 	line4: autoDraw = False
184.1483 	EXP 	protrianglefixation: autoDraw = False
184.1483 	EXP 	Fixation: autoDraw = True
184.1956 	EXP 	Device response: <KeyPress from None: t=184.1310701249995, value=v, duration=0.05621975000030943>
184.3866 	EXP 	Device response: <KeyPress from None: t=184.38405879099992, value=v, duration=None>
184.3913 	DATA 	Keypress: v
184.4464 	EXP 	Device response: <KeyPress from None: t=184.38405879099992, value=v, duration=0.05631691700000374>
184.7633 	EXP 	Device response: <KeyPress from None: t=184.7570606249992, value=c, duration=None>
184.7679 	DATA 	Keypress: c
184.8297 	EXP 	Device response: <KeyPress from None: t=184.7570606249992, value=c, duration=0.06419837500016001>
185.0360 	EXP 	Device response: <KeyPress from None: t=185.02996795799936, value=c, duration=None>
185.0404 	DATA 	Keypress: c
185.0959 	EXP 	Device response: <KeyPress from None: t=185.02996795799936, value=c, duration=0.06441945799997484>
185.1458 	EXP 	line1: autoDraw = True
185.1458 	EXP 	line2: autoDraw = True
185.1458 	EXP 	line3: autoDraw = True
185.1458 	EXP 	line4: autoDraw = True
185.1528 	EXP 	Fixation: autoDraw = False
185.3196 	EXP 	Device response: <KeyPress from None: t=185.3170578749996, value=c, duration=None>
185.3247 	DATA 	Keypress: c
185.3956 	EXP 	Device response: <KeyPress from None: t=185.3170578749996, value=c, duration=0.07220216600035201>
185.5863 	EXP 	Device response: <KeyPress from None: t=185.58087720799995, value=c, duration=None>
185.5916 	DATA 	Keypress: c
185.6617 	EXP 	Device response: <KeyPress from None: t=185.58087720799995, value=c, duration=0.07940162499926373>
185.8455 	EXP 	Device response: <KeyPress from None: t=185.84411095799987, value=c, duration=None>
185.8507 	DATA 	Keypress: c
185.9456 	EXP 	Device response: <KeyPress from None: t=185.84411095799987, value=c, duration=0.09221345799960545>
186.1196 	EXP 	Device response: <KeyPress from None: t=186.11702637500002, value=c, duration=None>
186.1250 	DATA 	Keypress: c
186.1459 	INFO 	Keyboard events cleared
186.1457 	EXP 	protrianglefixation: autoDraw = True
186.1954 	EXP 	Device response: <KeyPress from None: t=186.11702637500002, value=c, duration=0.0763776659996438>
186.4193 	EXP 	Device response: <KeyPress from None: t=186.41604149999966, value=c, duration=None>
186.4197 	EXP 	New trial (rep=20, index=3): <Trial 83 (3 in rep 20) data={'pos': np.int64(-150), 'corr_resp': 'z', 'thisN': 83, 'thisTrialN': 3, 'thisRepN': 20}>
186.4248 	DATA 	Keypress: c
186.4459 	EXP 	Fixation: autoDraw = False
186.4459 	EXP 	line1: autoDraw = False
186.4459 	EXP 	line2: autoDraw = False
186.4459 	EXP 	line3: autoDraw = False
186.4459 	EXP 	line4: autoDraw = False
186.4459 	EXP 	protrianglefixation: autoDraw = False
186.4459 	EXP 	Fixation: autoDraw = True
186.4803 	EXP 	Device response: <KeyPress from None: t=186.41604149999966, value=c, duration=0.05623287500020524>
187.0139 	EXP 	Device response: <KeyPress from None: t=187.01102704099958, value=z, duration=None>
187.0188 	DATA 	Keypress: z
187.0684 	EXP 	Device response: <KeyPress from None: t=187.01102704099958, value=z, duration=0.05628054200042243>
187.2872 	EXP 	Device response: <KeyPress from None: t=187.2840545829995, value=z, duration=None>
187.2921 	DATA 	Keypress: z
187.3511 	EXP 	Device response: <KeyPress from None: t=187.2840545829995, value=z, duration=0.06430616699981329>
187.4193 	EXP 	line1: autoDraw = True
187.4193 	EXP 	line2: autoDraw = True
187.4193 	EXP 	line3: autoDraw = True
187.4193 	EXP 	line4: autoDraw = True
187.4453 	EXP 	Fixation: autoDraw = False
187.5464 	EXP 	Device response: <KeyPress from None: t=187.5339659579995, value=z, duration=None>
187.5518 	DATA 	Keypress: z
187.6136 	EXP 	Device response: <KeyPress from None: t=187.5339659579995, value=z, duration=0.06835783299993636>
187.7861 	EXP 	Device response: <KeyPress from None: t=187.7829464159995, value=z, duration=None>
187.7913 	DATA 	Keypress: z
187.8620 	EXP 	Device response: <KeyPress from None: t=187.7829464159995, value=z, duration=0.07635025000035967>
188.1123 	EXP 	Device response: <KeyPress from None: t=188.10193495799922, value=z, duration=None>
188.1177 	DATA 	Keypress: z
188.1468 	EXP 	Device response: <KeyPress from None: t=188.10193495799922, value=z, duration=0.03630395800064434>
188.3696 	EXP 	Device response: <KeyPress from None: t=188.36399062499913, value=z, duration=None>
188.3749 	DATA 	Keypress: z
188.4180 	INFO 	Keyboard events cleared
188.4178 	EXP 	protrianglefixation: autoDraw = True
188.4455 	EXP 	Device response: <KeyPress from None: t=188.36399062499913, value=z, duration=0.07237045800047781>
188.6025 	EXP 	Device response: <KeyPress from None: t=188.59893816599924, value=z, duration=None>
188.6028 	EXP 	New trial (rep=21, index=0): <Trial 84 (0 in rep 21) data={'pos': np.int64(-50), 'corr_resp': 'x', 'thisN': 84, 'thisTrialN': 0, 'thisRepN': 21}>
188.6074 	DATA 	Keypress: z
188.6121 	EXP 	Fixation: autoDraw = False
188.6121 	EXP 	line1: autoDraw = False
188.6121 	EXP 	line2: autoDraw = False
188.6121 	EXP 	line3: autoDraw = False
188.6121 	EXP 	line4: autoDraw = False
188.6121 	EXP 	protrianglefixation: autoDraw = False
188.6121 	EXP 	Fixation: autoDraw = True
188.6792 	EXP 	Device response: <KeyPress from None: t=188.59893816599924, value=z, duration=0.07633000000078027>
189.3199 	EXP 	Device response: <KeyPress from None: t=189.3164337499993, value=x, duration=None>
189.3247 	DATA 	Keypress: x
189.3794 	EXP 	Device response: <KeyPress from None: t=182.24210254099944, value=x, duration=7.13406649999979>
189.6021 	EXP 	line1: autoDraw = True
189.6021 	EXP 	line2: autoDraw = True
189.6021 	EXP 	line3: autoDraw = True
189.6021 	EXP 	line4: autoDraw = True
189.6109 	EXP 	Fixation: autoDraw = False
189.8129 	EXP 	Device response: <KeyPress from None: t=189.80583329099954, value=x, duration=None>
189.8181 	DATA 	Keypress: x
189.8522 	EXP 	Device response: <KeyPress from None: t=189.3164337499993, value=x, duration=0.533769540999856>
190.0789 	EXP 	Device response: <KeyPress from None: t=190.07092558299973, value=x, duration=None>
190.0841 	DATA 	Keypress: x
190.1289 	EXP 	Device response: <KeyPress from None: t=189.80583329099954, value=x, duration=0.31747070900019025>
190.3691 	EXP 	Device response: <KeyPress from None: t=190.36693099999957, value=x, duration=None>
190.3741 	DATA 	Keypress: x
190.4146 	EXP 	Device response: <KeyPress from None: t=190.07092558299973, value=x, duration=0.3403616249997867>
190.6022 	INFO 	Keyboard events cleared
190.6020 	EXP 	protrianglefixation: autoDraw = True
190.8294 	EXP 	Device response: <KeyPress from None: t=190.82220745799987, value=x, duration=None>
190.8299 	EXP 	New trial (rep=21, index=1): <Trial 85 (1 in rep 21) data={'pos': np.int64(150), 'corr_resp': 'v', 'thisN': 85, 'thisTrialN': 1, 'thisRepN': 21}>
190.8351 	DATA 	Keypress: x
190.8399 	EXP 	Fixation: autoDraw = False
190.8399 	EXP 	line1: autoDraw = False
190.8399 	EXP 	line2: autoDraw = False
190.8399 	EXP 	line3: autoDraw = False
190.8399 	EXP 	line4: autoDraw = False
190.8399 	EXP 	protrianglefixation: autoDraw = False
190.8399 	EXP 	Fixation: autoDraw = True
190.8966 	EXP 	Device response: <KeyPress from None: t=190.36693099999957, value=x, duration=0.5273212499996589>
191.0291 	EXP 	Device response: <KeyPress from None: t=191.02291879099994, value=x, duration=None>
191.0335 	DATA 	Keypress: x
191.1302 	EXP 	Device response: <KeyPress from None: t=190.82220745799987, value=x, duration=0.3010312079995856>
191.8284 	EXP 	line1: autoDraw = True
191.8284 	EXP 	line2: autoDraw = True
191.8284 	EXP 	line3: autoDraw = True
191.8284 	EXP 	line4: autoDraw = True
191.8361 	EXP 	Fixation: autoDraw = False
192.1860 	EXP 	Device response: <KeyPress from None: t=192.1807894579997, value=space, duration=None>
192.1912 	DATA 	Keypress: space
192.2790 	EXP 	Device response: <KeyPress from None: t=192.1807894579997, value=space, duration=0.09663287500006845>
192.3797 	EXP 	Device response: <KeyPress from None: t=192.37195662499926, value=v, duration=None>
192.3806 	EXP 	Device response: <KeyPress from None: t=192.37585616599972, value=space, duration=None>
192.3863 	DATA 	Keypress: v
192.3886 	DATA 	Keypress: space
192.4290 	EXP 	Device response: <KeyPress from None: t=192.37195662499926, value=v, duration=0.04835604100026103>
192.4368 	EXP 	Device response: <KeyPress from None: t=192.37585616599972, value=space, duration=0.0523942089994307>
192.7463 	EXP 	Device response: <KeyPress from None: t=192.74175804099923, value=v, duration=None>
192.7515 	DATA 	Keypress: v
192.8192 	EXP 	Device response: <KeyPress from None: t=192.74175804099923, value=v, duration=0.07266754200009018>
192.8280 	INFO 	Keyboard events cleared
192.8278 	EXP 	protrianglefixation: autoDraw = True
192.9289 	EXP 	Device response: <KeyPress from None: t=192.9188424999993, value=v, duration=None>
192.9293 	EXP 	New trial (rep=21, index=2): <Trial 86 (2 in rep 21) data={'pos': np.int64(50), 'corr_resp': 'c', 'thisN': 86, 'thisTrialN': 2, 'thisRepN': 21}>
192.9343 	DATA 	Keypress: v
192.9391 	EXP 	Fixation: autoDraw = False
192.9391 	EXP 	line1: autoDraw = False
192.9391 	EXP 	line2: autoDraw = False
192.9391 	EXP 	line3: autoDraw = False
192.9391 	EXP 	line4: autoDraw = False
192.9391 	EXP 	protrianglefixation: autoDraw = False
192.9391 	EXP 	Fixation: autoDraw = True
193.0461 	EXP 	Device response: <KeyPress from None: t=192.9188424999993, value=v, duration=0.12429745800000092>
193.1205 	EXP 	Device response: <KeyPress from None: t=193.11402420799914, value=v, duration=None>
193.1249 	DATA 	Keypress: v
193.1797 	EXP 	Device response: <KeyPress from None: t=193.11402420799914, value=v, duration=0.05607037500067236>
193.9275 	EXP 	line1: autoDraw = True
193.9275 	EXP 	line2: autoDraw = True
193.9275 	EXP 	line3: autoDraw = True
193.9275 	EXP 	line4: autoDraw = True
193.9347 	EXP 	Fixation: autoDraw = False
194.2860 	EXP 	Device response: <KeyPress from None: t=194.28506391599967, value=c, duration=None>
194.2911 	DATA 	Keypress: c
194.3870 	EXP 	Device response: <KeyPress from None: t=194.28506391599967, value=c, duration=0.09608045899949502>
194.4807 	EXP 	Device response: <KeyPress from None: t=194.46379579099994, value=c, duration=None>
194.4867 	DATA 	Keypress: c
194.6358 	EXP 	Device response: <KeyPress from None: t=194.46379579099994, value=c, duration=0.16437712499919144>
194.8861 	EXP 	Device response: <KeyPress from None: t=194.8807509999997, value=c, duration=None>
194.8909 	DATA 	Keypress: c
194.9293 	INFO 	Keyboard events cleared
194.9291 	EXP 	protrianglefixation: autoDraw = True
195.0640 	EXP 	Device response: <KeyPress from None: t=194.8807509999997, value=c, duration=0.16434545799984335>
195.6027 	EXP 	Device response: <KeyPress from None: t=195.6016794999996, value=c, duration=None>
195.6031 	EXP 	New trial (rep=21, index=3): <Trial 87 (3 in rep 21) data={'pos': np.int64(-150), 'corr_resp': 'z', 'thisN': 87, 'thisTrialN': 3, 'thisRepN': 21}>
195.6078 	DATA 	Keypress: c
195.6288 	EXP 	Fixation: autoDraw = False
195.6288 	EXP 	line1: autoDraw = False
195.6288 	EXP 	line2: autoDraw = False
195.6288 	EXP 	line3: autoDraw = False
195.6288 	EXP 	line4: autoDraw = False
195.6288 	EXP 	protrianglefixation: autoDraw = False
195.6288 	EXP 	Fixation: autoDraw = True
195.7194 	EXP 	Device response: <KeyPress from None: t=195.6016794999996, value=c, duration=0.11645574999965902>
196.6019 	EXP 	line1: autoDraw = True
196.6019 	EXP 	line2: autoDraw = True
196.6019 	EXP 	line3: autoDraw = True
196.6019 	EXP 	line4: autoDraw = True
196.6278 	EXP 	Fixation: autoDraw = False
197.1030 	EXP 	Device response: <KeyPress from None: t=197.1007016249996, value=z, duration=None>
197.1092 	DATA 	Keypress: z
197.2799 	EXP 	Device response: <KeyPress from None: t=197.1007016249996, value=z, duration=0.17230279100022017>
197.5135 	EXP 	Device response: <KeyPress from None: t=197.5077523329992, value=z, duration=None>
197.5199 	DATA 	Keypress: z
197.6021 	INFO 	Keyboard events cleared
197.6020 	EXP 	protrianglefixation: autoDraw = True
197.6623 	EXP 	Device response: <KeyPress from None: t=197.5077523329992, value=z, duration=0.15224587500051712>
197.8123 	EXP 	Device response: <KeyPress from None: t=197.80969116599954, value=z, duration=None>
197.8128 	EXP 	New trial (rep=22, index=0): <Trial 88 (0 in rep 22) data={'pos': np.int64(-50), 'corr_resp': 'x', 'thisN': 88, 'thisTrialN': 0, 'thisRepN': 22}>
197.8196 	DATA 	Keypress: z
197.8248 	EXP 	Fixation: autoDraw = False
197.8248 	EXP 	line1: autoDraw = False
197.8248 	EXP 	line2: autoDraw = False
197.8248 	EXP 	line3: autoDraw = False
197.8248 	EXP 	line4: autoDraw = False
197.8248 	EXP 	protrianglefixation: autoDraw = False
197.8248 	EXP 	Fixation: autoDraw = True
197.9524 	EXP 	Device response: <KeyPress from None: t=197.80969116599954, value=z, duration=0.140335375000177>
198.0626 	EXP 	Device response: <KeyPress from None: t=198.05971820799914, value=z, duration=None>
198.0683 	DATA 	Keypress: z
198.1695 	EXP 	Device response: <KeyPress from None: t=198.05971820799914, value=z, duration=0.10830129200076044>
198.8110 	EXP 	line1: autoDraw = True
198.8110 	EXP 	line2: autoDraw = True
198.8110 	EXP 	line3: autoDraw = True
198.8110 	EXP 	line4: autoDraw = True
198.8183 	EXP 	Fixation: autoDraw = False
199.2030 	EXP 	Device response: <KeyPress from None: t=199.20061649999934, value=x, duration=None>
199.2094 	DATA 	Keypress: x
199.3123 	EXP 	Device response: <KeyPress from None: t=191.02291879099994, value=x, duration=8.282147624999197>
199.7127 	EXP 	Device response: <KeyPress from None: t=199.70264033299918, value=x, duration=None>
199.7192 	DATA 	Keypress: x
199.7692 	EXP 	Device response: <KeyPress from None: t=199.20061649999934, value=x, duration=0.5624171660001593>
199.8114 	INFO 	Keyboard events cleared
199.8113 	EXP 	protrianglefixation: autoDraw = True
199.9028 	EXP 	Device response: <KeyPress from None: t=199.89774970799954, value=x, duration=None>
199.9032 	EXP 	New trial (rep=22, index=1): <Trial 89 (1 in rep 22) data={'pos': np.int64(150), 'corr_resp': 'v', 'thisN': 89, 'thisTrialN': 1, 'thisRepN': 22}>
199.9094 	DATA 	Keypress: x
199.9148 	EXP 	Fixation: autoDraw = False
199.9148 	EXP 	line1: autoDraw = False
199.9148 	EXP 	line2: autoDraw = False
199.9148 	EXP 	line3: autoDraw = False
199.9148 	EXP 	line4: autoDraw = False
199.9148 	EXP 	protrianglefixation: autoDraw = False
199.9148 	EXP 	Fixation: autoDraw = True
199.9681 	EXP 	Device response: <KeyPress from None: t=199.70264033299918, value=x, duration=0.2633497080005327>
200.0956 	EXP 	Device response: <KeyPress from None: t=200.0907046249995, value=x, duration=None>
200.1007 	DATA 	Keypress: x
200.1517 	EXP 	Device response: <KeyPress from None: t=199.89774970799954, value=x, duration=0.24927854199995636>
200.2959 	EXP 	Device response: <KeyPress from None: t=200.28871841599994, value=x, duration=None>
200.3011 	DATA 	Keypress: x
200.3632 	EXP 	Device response: <KeyPress from None: t=200.0907046249995, value=x, duration=0.2662242910000714>
200.6868 	EXP 	Device response: <KeyPress from None: t=200.68059416599954, value=v, duration=None>
200.6922 	DATA 	Keypress: v
200.7689 	EXP 	Device response: <KeyPress from None: t=200.68059416599954, value=v, duration=0.08451370900002075>
200.8969 	EXP 	Device response: <KeyPress from None: t=200.8917082909993, value=v, duration=None>
200.9036 	DATA 	Keypress: v
200.9087 	EXP 	line1: autoDraw = True
200.9087 	EXP 	line2: autoDraw = True
200.9087 	EXP 	line3: autoDraw = True
200.9087 	EXP 	line4: autoDraw = True
200.9176 	EXP 	Fixation: autoDraw = False
200.9621 	EXP 	Device response: <KeyPress from None: t=200.8917082909993, value=v, duration=0.06817545900048572>
201.2790 	EXP 	Device response: <KeyPress from None: t=201.27161120799974, value=v, duration=None>
201.2850 	DATA 	Keypress: v
201.3622 	EXP 	Device response: <KeyPress from None: t=201.27161120799974, value=v, duration=0.08830191699962597>
201.4622 	EXP 	Device response: <KeyPress from None: t=201.4547041249998, value=v, duration=None>
201.4685 	DATA 	Keypress: v
201.5531 	EXP 	Device response: <KeyPress from None: t=201.4547041249998, value=v, duration=0.09227558299971861>
201.6636 	EXP 	Device response: <KeyPress from None: t=201.64156641599948, value=v, duration=None>
201.6698 	DATA 	Keypress: v
201.7290 	EXP 	Device response: <KeyPress from None: t=201.64156641599948, value=v, duration=0.08038899999974092>
201.8467 	EXP 	Device response: <KeyPress from None: t=201.83959704099925, value=v, duration=None>
201.8528 	DATA 	Keypress: v
201.9009 	INFO 	Keyboard events cleared
201.9008 	EXP 	protrianglefixation: autoDraw = True
201.9189 	EXP 	Device response: <KeyPress from None: t=201.83959704099925, value=v, duration=0.07229737500074407>
202.0623 	EXP 	Device response: <KeyPress from None: t=202.0576772909999, value=v, duration=None>
202.0628 	EXP 	New trial (rep=22, index=2): <Trial 90 (2 in rep 22) data={'pos': np.int64(50), 'corr_resp': 'c', 'thisN': 90, 'thisTrialN': 2, 'thisRepN': 22}>
202.0687 	DATA 	Keypress: v
202.0737 	EXP 	Fixation: autoDraw = False
202.0737 	EXP 	line1: autoDraw = False
202.0737 	EXP 	line2: autoDraw = False
202.0737 	EXP 	line3: autoDraw = False
202.0737 	EXP 	line4: autoDraw = False
202.0737 	EXP 	protrianglefixation: autoDraw = False
202.0737 	EXP 	Fixation: autoDraw = True
202.1289 	EXP 	Device response: <KeyPress from None: t=202.0576772909999, value=v, duration=0.0682533749995855>
202.2632 	EXP 	Device response: <KeyPress from None: t=202.25669029099936, value=v, duration=None>
202.2687 	DATA 	Keypress: v
202.3304 	EXP 	Device response: <KeyPress from None: t=202.25669029099936, value=v, duration=0.07227483400038182>
202.7127 	EXP 	Device response: <KeyPress from None: t=202.70255316599923, value=c, duration=None>
202.7181 	DATA 	Keypress: c
202.7630 	EXP 	Device response: <KeyPress from None: t=202.70255316599923, value=c, duration=0.048352875000091444>
202.9370 	EXP 	Device response: <KeyPress from None: t=202.92864845799977, value=c, duration=None>
202.9421 	DATA 	Keypress: c
202.9961 	EXP 	Device response: <KeyPress from None: t=202.92864845799977, value=c, duration=0.06428604199936672>
203.0544 	EXP 	line1: autoDraw = True
203.0544 	EXP 	line2: autoDraw = True
203.0544 	EXP 	line3: autoDraw = True
203.0544 	EXP 	line4: autoDraw = True
203.0791 	EXP 	Fixation: autoDraw = False
203.1865 	EXP 	Device response: <KeyPress from None: t=203.1795225829992, value=c, duration=None>
203.1924 	DATA 	Keypress: c
203.2521 	EXP 	Device response: <KeyPress from None: t=203.1795225829992, value=c, duration=0.06838745799996104>
203.4192 	EXP 	Device response: <KeyPress from None: t=203.41659999999956, value=c, duration=None>
203.4247 	DATA 	Keypress: c
203.4787 	EXP 	Device response: <KeyPress from None: t=203.41659999999956, value=c, duration=0.060277583000242885>
203.6360 	EXP 	Device response: <KeyPress from None: t=203.63263870799983, value=c, duration=None>
203.6415 	DATA 	Keypress: c
203.6856 	EXP 	Device response: <KeyPress from None: t=203.63263870799983, value=c, duration=0.048306083000170474>
203.8957 	EXP 	Device response: <KeyPress from None: t=203.88663554099912, value=c, duration=None>
203.9017 	DATA 	Keypress: c
203.9364 	EXP 	Device response: <KeyPress from None: t=203.88663554099912, value=c, duration=0.04837941700043302>
204.0613 	INFO 	Keyboard events cleared
204.0611 	EXP 	protrianglefixation: autoDraw = True
204.1290 	EXP 	Device response: <KeyPress from None: t=204.1225569999997, value=c, duration=None>
204.1294 	EXP 	New trial (rep=22, index=3): <Trial 91 (3 in rep 22) data={'pos': np.int64(-150), 'corr_resp': 'z', 'thisN': 91, 'thisTrialN': 3, 'thisRepN': 22}>
204.1350 	DATA 	Keypress: c
204.1401 	EXP 	Fixation: autoDraw = False
204.1401 	EXP 	line1: autoDraw = False
204.1401 	EXP 	line2: autoDraw = False
204.1401 	EXP 	line3: autoDraw = False
204.1401 	EXP 	line4: autoDraw = False
204.1401 	EXP 	protrianglefixation: autoDraw = False
204.1401 	EXP 	Fixation: autoDraw = True
204.1859 	EXP 	Device response: <KeyPress from None: t=204.1225569999997, value=c, duration=0.060355708000315644>
204.3461 	EXP 	Device response: <KeyPress from None: t=204.33951166599945, value=c, duration=None>
204.3511 	DATA 	Keypress: c
204.4137 	EXP 	Device response: <KeyPress from None: t=204.33951166599945, value=c, duration=0.06923749999987194>
204.9294 	EXP 	Device response: <KeyPress from None: t=204.92459520800003, value=z, duration=None>
204.9357 	DATA 	Keypress: z
205.0353 	EXP 	Device response: <KeyPress from None: t=204.92459520800003, value=z, duration=0.10419020799963619>
205.1192 	EXP 	line1: autoDraw = True
205.1192 	EXP 	line2: autoDraw = True
205.1192 	EXP 	line3: autoDraw = True
205.1192 	EXP 	line4: autoDraw = True
205.1476 	EXP 	Device response: <KeyPress from None: t=205.14063562499996, value=z, duration=None>
205.1537 	DATA 	Keypress: z
205.1608 	EXP 	Fixation: autoDraw = False
205.2190 	EXP 	Device response: <KeyPress from None: t=205.14063562499996, value=z, duration=0.07221120799931668>
205.3458 	EXP 	Device response: <KeyPress from None: t=205.33658612499949, value=z, duration=None>
205.3515 	DATA 	Keypress: z
205.4206 	EXP 	Device response: <KeyPress from None: t=205.33658612499949, value=z, duration=0.07627400000001217>
205.5198 	EXP 	Device response: <KeyPress from None: t=205.51861174999976, value=z, duration=None>
205.5253 	DATA 	Keypress: z
205.6292 	EXP 	Device response: <KeyPress from None: t=205.51861174999976, value=z, duration=0.10422804100016947>
205.7292 	EXP 	Device response: <KeyPress from None: t=205.725533541, value=z, duration=None>
205.7348 	DATA 	Keypress: z
205.8360 	EXP 	Device response: <KeyPress from None: t=205.725533541, value=z, duration=0.10840729199935595>
205.9958 	EXP 	Device response: <KeyPress from None: t=205.9895056659998, value=z, duration=None>
206.0016 	DATA 	Keypress: z
206.0957 	EXP 	Device response: <KeyPress from None: t=205.9895056659998, value=z, duration=0.104433374999644>
206.1458 	INFO 	Keyboard events cleared
206.1457 	EXP 	protrianglefixation: autoDraw = True
206.2289 	EXP 	Device response: <KeyPress from None: t=206.22755033299927, value=z, duration=None>
206.2293 	EXP 	New trial (rep=23, index=0): <Trial 92 (0 in rep 23) data={'pos': np.int64(-50), 'corr_resp': 'x', 'thisN': 92, 'thisTrialN': 0, 'thisRepN': 23}>
206.2348 	DATA 	Keypress: z
206.2398 	EXP 	Fixation: autoDraw = False
206.2398 	EXP 	line1: autoDraw = False
206.2398 	EXP 	line2: autoDraw = False
206.2398 	EXP 	line3: autoDraw = False
206.2398 	EXP 	line4: autoDraw = False
206.2398 	EXP 	protrianglefixation: autoDraw = False
206.2398 	EXP 	Fixation: autoDraw = True
206.3129 	EXP 	Device response: <KeyPress from None: t=206.22755033299927, value=z, duration=0.07637904200055345>
206.6290 	EXP 	Device response: <KeyPress from None: t=206.6214748329994, value=z, duration=None>
206.6339 	DATA 	Keypress: z
206.7293 	EXP 	Device response: <KeyPress from None: t=206.6214748329994, value=z, duration=0.10435545800010004>
206.9524 	EXP 	Device response: <KeyPress from None: t=206.94951412499995, value=x, duration=None>
206.9579 	DATA 	Keypress: x
207.0533 	EXP 	Device response: <KeyPress from None: t=200.28871841599994, value=x, duration=6.75710537499981>
207.1793 	EXP 	Device response: <KeyPress from None: t=207.17252179099978, value=x, duration=None>
207.1842 	DATA 	Keypress: x
207.2186 	EXP 	line1: autoDraw = True
207.2186 	EXP 	line2: autoDraw = True
207.2186 	EXP 	line3: autoDraw = True
207.2186 	EXP 	line4: autoDraw = True
207.2352 	EXP 	Fixation: autoDraw = False
207.2362 	EXP 	Device response: <KeyPress from None: t=206.94951412499995, value=x, duration=0.2801687499995751>
207.3966 	EXP 	Device response: <KeyPress from None: t=207.38562945799913, value=x, duration=None>
207.4031 	DATA 	Keypress: x
207.4955 	EXP 	Device response: <KeyPress from None: t=207.17252179099978, value=x, duration=0.3213397499994244>
207.6459 	EXP 	Device response: <KeyPress from None: t=207.6415114579995, value=x, duration=None>
207.6517 	DATA 	Keypress: x
207.7033 	EXP 	Device response: <KeyPress from None: t=207.38562945799913, value=x, duration=0.3161899579999954>
207.8361 	EXP 	Device response: <KeyPress from None: t=207.8304471249994, value=x, duration=None>
207.8414 	DATA 	Keypress: x
207.9287 	EXP 	Device response: <KeyPress from None: t=207.6415114579995, value=x, duration=0.2812972499996249>
208.0790 	EXP 	Device response: <KeyPress from None: t=208.07544804099962, value=x, duration=None>
208.0847 	DATA 	Keypress: x
208.1453 	EXP 	Device response: <KeyPress from None: t=207.8304471249994, value=x, duration=0.3096966250004698>
208.2449 	INFO 	Keyboard events cleared
208.2448 	EXP 	protrianglefixation: autoDraw = True
208.5026 	EXP 	Device response: <KeyPress from None: t=208.50042949999988, value=x, duration=None>
208.5031 	EXP 	New trial (rep=23, index=1): <Trial 93 (1 in rep 23) data={'pos': np.int64(150), 'corr_resp': 'v', 'thisN': 93, 'thisTrialN': 1, 'thisRepN': 23}>
208.5083 	DATA 	Keypress: x
208.5146 	EXP 	Fixation: autoDraw = False
208.5146 	EXP 	line1: autoDraw = False
208.5146 	EXP 	line2: autoDraw = False
208.5146 	EXP 	line3: autoDraw = False
208.5146 	EXP 	line4: autoDraw = False
208.5146 	EXP 	protrianglefixation: autoDraw = False
208.5146 	EXP 	Fixation: autoDraw = True
208.5635 	EXP 	Device response: <KeyPress from None: t=208.07544804099962, value=x, duration=0.48136970900031884>
208.7294 	EXP 	Device response: <KeyPress from None: t=208.72547787499934, value=x, duration=None>
208.7350 	DATA 	Keypress: x
208.7686 	EXP 	Device response: <KeyPress from None: t=208.50042949999988, value=x, duration=0.2653642499999478>
209.2467 	EXP 	Device response: <KeyPress from None: t=209.24544083299952, value=v, duration=None>
209.2560 	DATA 	Keypress: v
209.2956 	EXP 	Device response: <KeyPress from None: t=209.24544083299952, value=v, duration=0.048332207999919774>
209.5022 	EXP 	line1: autoDraw = True
209.5022 	EXP 	line2: autoDraw = True
209.5022 	EXP 	line3: autoDraw = True
209.5022 	EXP 	line4: autoDraw = True
209.5109 	EXP 	Fixation: autoDraw = False
209.5125 	EXP 	Device response: <KeyPress from None: t=209.51052124999933, value=v, duration=None>
209.5182 	DATA 	Keypress: v
209.5622 	EXP 	Device response: <KeyPress from None: t=209.51052124999933, value=v, duration=0.04421441600061371>
209.7859 	EXP 	Device response: <KeyPress from None: t=209.78346008299923, value=v, duration=None>
209.7913 	DATA 	Keypress: v
209.8466 	EXP 	Device response: <KeyPress from None: t=209.78346008299923, value=v, duration=0.052259875000345346>
210.0359 	EXP 	Device response: <KeyPress from None: t=210.03038970799935, value=v, duration=None>
210.0410 	DATA 	Keypress: v
210.0632 	EXP 	Device response: <KeyPress from None: t=210.03038970799935, value=v, duration=0.028401917000337562>
210.2523 	EXP 	Device response: <KeyPress from None: t=210.25038412499998, value=v, duration=None>
210.2573 	DATA 	Keypress: v
210.3121 	EXP 	Device response: <KeyPress from None: t=210.25038412499998, value=v, duration=0.052426165999349905>
210.4970 	EXP 	Device response: <KeyPress from None: t=210.49042908299998, value=v, duration=None>
210.5030 	DATA 	Keypress: v
210.5081 	INFO 	Keyboard events cleared
210.5079 	EXP 	protrianglefixation: autoDraw = True
210.5364 	EXP 	Device response: <KeyPress from None: t=210.49042908299998, value=v, duration=0.04429549999986193>
210.7699 	EXP 	Device response: <KeyPress from None: t=210.7634900409994, value=v, duration=None>
210.7703 	EXP 	New trial (rep=23, index=2): <Trial 94 (2 in rep 23) data={'pos': np.int64(50), 'corr_resp': 'c', 'thisN': 94, 'thisTrialN': 2, 'thisRepN': 23}>
210.7754 	DATA 	Keypress: v
210.7816 	EXP 	Fixation: autoDraw = False
210.7816 	EXP 	line1: autoDraw = False
210.7816 	EXP 	line2: autoDraw = False
210.7816 	EXP 	line3: autoDraw = False
210.7816 	EXP 	line4: autoDraw = False
210.7816 	EXP 	protrianglefixation: autoDraw = False
210.7816 	EXP 	Fixation: autoDraw = True
210.8184 	EXP 	Device response: <KeyPress from None: t=210.7634900409994, value=v, duration=0.048142125000595115>
211.0034 	EXP 	Device response: <KeyPress from None: t=211.00036004100002, value=v, duration=None>
211.0082 	DATA 	Keypress: v
211.0458 	EXP 	Device response: <KeyPress from None: t=211.00036004100002, value=v, duration=0.04032804199960083>
211.5038 	EXP 	Device response: <KeyPress from None: t=211.4963952499993, value=c, duration=None>
211.5080 	DATA 	Keypress: c
211.5626 	EXP 	Device response: <KeyPress from None: t=211.4963952499993, value=c, duration=0.056336708000344515>
211.7136 	EXP 	Device response: <KeyPress from None: t=211.7114536249992, value=c, duration=None>
211.7236 	DATA 	Keypress: c
211.7648 	EXP 	Device response: <KeyPress from None: t=211.7114536249992, value=c, duration=0.048316000000340864>
211.7727 	EXP 	line1: autoDraw = True
211.7727 	EXP 	line2: autoDraw = True
211.7727 	EXP 	line3: autoDraw = True
211.7727 	EXP 	line4: autoDraw = True
211.7815 	EXP 	Fixation: autoDraw = False
211.9694 	EXP 	Device response: <KeyPress from None: t=211.96740179099925, value=c, duration=None>
211.9747 	DATA 	Keypress: c
212.0289 	EXP 	Device response: <KeyPress from None: t=211.96740179099925, value=c, duration=0.06034979200012458>
212.2126 	EXP 	Device response: <KeyPress from None: t=212.20638274999965, value=c, duration=None>
212.2178 	DATA 	Keypress: c
212.2621 	EXP 	Device response: <KeyPress from None: t=212.20638274999965, value=c, duration=0.04857916600030876>
212.4962 	EXP 	Device response: <KeyPress from None: t=212.491220291, value=c, duration=None>
212.5020 	DATA 	Keypress: c
212.5082 	EXP 	Device response: <KeyPress from None: t=212.491220291, value=c, duration=0.015887999999904423>
212.6865 	EXP 	Device response: <KeyPress from None: t=212.68526904099963, value=c, duration=None>
212.6915 	DATA 	Keypress: c
212.7459 	EXP 	Device response: <KeyPress from None: t=212.68526904099963, value=c, duration=0.052456749999691965>
212.7617 	INFO 	Keyboard events cleared
212.7616 	EXP 	protrianglefixation: autoDraw = True
212.9287 	EXP 	Device response: <KeyPress from None: t=212.92443249999997, value=c, duration=None>
212.9292 	EXP 	New trial (rep=23, index=3): <Trial 95 (3 in rep 23) data={'pos': np.int64(-150), 'corr_resp': 'z', 'thisN': 95, 'thisTrialN': 3, 'thisRepN': 23}>
212.9343 	DATA 	Keypress: c
212.9392 	EXP 	Fixation: autoDraw = False
212.9392 	EXP 	line1: autoDraw = False
212.9392 	EXP 	line2: autoDraw = False
212.9392 	EXP 	line3: autoDraw = False
212.9392 	EXP 	line4: autoDraw = False
212.9392 	EXP 	protrianglefixation: autoDraw = False
212.9392 	EXP 	Fixation: autoDraw = True
212.9791 	EXP 	Device response: <KeyPress from None: t=212.92443249999997, value=c, duration=0.05230516599931434>
213.1289 	EXP 	Device response: <KeyPress from None: t=213.12739124999916, value=c, duration=None>
213.1390 	DATA 	Keypress: c
213.1795 	EXP 	Device response: <KeyPress from None: t=213.12739124999916, value=c, duration=0.04428145800011407>
213.8365 	EXP 	Device response: <KeyPress from None: t=213.8344227079997, value=z, duration=None>
213.8423 	DATA 	Keypress: z
213.8853 	EXP 	Device response: <KeyPress from None: t=213.8344227079997, value=z, duration=0.044258957999772974>
213.9278 	EXP 	line1: autoDraw = True
213.9278 	EXP 	line2: autoDraw = True
213.9278 	EXP 	line3: autoDraw = True
213.9278 	EXP 	line4: autoDraw = True
213.9347 	EXP 	Fixation: autoDraw = False
214.0123 	EXP 	Device response: <KeyPress from None: t=214.01026391599953, value=z, duration=None>
214.0188 	DATA 	Keypress: z
214.1122 	EXP 	Device response: <KeyPress from None: t=214.01026391599953, value=z, duration=0.09241712499988353>
214.2197 	EXP 	Device response: <KeyPress from None: t=214.2133719579997, value=z, duration=None>
214.2250 	DATA 	Keypress: z
214.3468 	EXP 	Device response: <KeyPress from None: t=214.2133719579997, value=z, duration=0.13226450000001932>
214.4695 	EXP 	Device response: <KeyPress from None: t=214.4653459579995, value=z, duration=None>
214.4752 	DATA 	Keypress: z
214.5693 	EXP 	Device response: <KeyPress from None: t=214.4653459579995, value=z, duration=0.10032275000048685>
214.9185 	INFO 	Keyboard events cleared
214.9184 	EXP 	protrianglefixation: autoDraw = True
214.9528 	EXP 	Device response: <KeyPress from None: t=214.94736870799989, value=z, duration=None>
214.9532 	EXP 	New trial (rep=24, index=0): <Trial 96 (0 in rep 24) data={'pos': np.int64(-50), 'corr_resp': 'x', 'thisN': 96, 'thisTrialN': 0, 'thisRepN': 24}>
214.9588 	DATA 	Keypress: z
214.9641 	EXP 	Fixation: autoDraw = False
214.9641 	EXP 	line1: autoDraw = False
214.9641 	EXP 	line2: autoDraw = False
214.9641 	EXP 	line3: autoDraw = False
214.9641 	EXP 	line4: autoDraw = False
214.9641 	EXP 	protrianglefixation: autoDraw = False
214.9641 	EXP 	Fixation: autoDraw = True
215.0691 	EXP 	Device response: <KeyPress from None: t=214.94736870799989, value=z, duration=0.11631770799976948>
215.8190 	EXP 	Device response: <KeyPress from None: t=215.81219187499937, value=x, duration=None>
215.8239 	DATA 	Keypress: x
215.9518 	EXP 	line1: autoDraw = True
215.9518 	EXP 	line2: autoDraw = True
215.9518 	EXP 	line3: autoDraw = True
215.9518 	EXP 	line4: autoDraw = True
215.9609 	EXP 	Fixation: autoDraw = False
215.9957 	EXP 	Device response: <KeyPress from None: t=208.72547787499934, value=x, duration=7.263128874999893>
216.1201 	EXP 	Device response: <KeyPress from None: t=216.11821574999976, value=x, duration=None>
216.1258 	DATA 	Keypress: x
216.2299 	EXP 	Device response: <KeyPress from None: t=215.81219187499937, value=x, duration=0.41444775000036316>
216.3458 	EXP 	Device response: <KeyPress from None: t=216.3401792499999, value=x, duration=None>
216.3514 	DATA 	Keypress: x
216.4624 	EXP 	Device response: <KeyPress from None: t=216.11821574999976, value=x, duration=0.34236241599955974>
216.6194 	EXP 	Device response: <KeyPress from None: t=216.61434999999983, value=x, duration=None>
216.6250 	DATA 	Keypress: x
216.6687 	EXP 	Device response: <KeyPress from None: t=216.3401792499999, value=x, duration=0.32640716599962616>
216.8293 	EXP 	Device response: <KeyPress from None: t=216.82324170799984, value=x, duration=None>
216.8346 	DATA 	Keypress: x
216.9024 	EXP 	Device response: <KeyPress from None: t=216.61434999999983, value=x, duration=0.28121004100012215>
216.9523 	INFO 	Keyboard events cleared
216.9521 	EXP 	protrianglefixation: autoDraw = True
217.0530 	EXP 	Device response: <KeyPress from None: t=217.04827874999955, value=x, duration=None>
217.0534 	EXP 	New trial (rep=24, index=1): <Trial 97 (1 in rep 24) data={'pos': np.int64(150), 'corr_resp': 'v', 'thisN': 97, 'thisTrialN': 1, 'thisRepN': 24}>
217.0587 	DATA 	Keypress: x
217.0646 	EXP 	Fixation: autoDraw = False
217.0646 	EXP 	line1: autoDraw = False
217.0646 	EXP 	line2: autoDraw = False
217.0646 	EXP 	line3: autoDraw = False
217.0646 	EXP 	line4: autoDraw = False
217.0646 	EXP 	protrianglefixation: autoDraw = False
217.0646 	EXP 	Fixation: autoDraw = True
217.1016 	EXP 	Device response: <KeyPress from None: t=216.82324170799984, value=x, duration=0.27729495799940196>
217.2624 	EXP 	Device response: <KeyPress from None: t=217.25218004099952, value=x, duration=None>
217.2671 	DATA 	Keypress: x
217.3022 	EXP 	Device response: <KeyPress from None: t=217.04827874999955, value=x, duration=0.24826741600008972>
218.0441 	EXP 	line1: autoDraw = True
218.0441 	EXP 	line2: autoDraw = True
218.0441 	EXP 	line3: autoDraw = True
218.0441 	EXP 	line4: autoDraw = True
218.0609 	EXP 	Fixation: autoDraw = False
218.1623 	EXP 	Device response: <KeyPress from None: t=218.16018837499996, value=v, duration=None>
218.1681 	DATA 	Keypress: v
218.1965 	EXP 	Device response: <KeyPress from None: t=218.16018837499996, value=v, duration=0.03230104099930031>
218.4126 	EXP 	Device response: <KeyPress from None: t=218.40727466599947, value=v, duration=None>
218.4182 	DATA 	Keypress: v
218.4622 	EXP 	Device response: <KeyPress from None: t=218.40727466599947, value=v, duration=0.052268584000557894>
218.6712 	EXP 	Device response: <KeyPress from None: t=218.66529154099953, value=v, duration=None>
218.6765 	DATA 	Keypress: v
218.7124 	EXP 	Device response: <KeyPress from None: t=218.66529154099953, value=v, duration=0.03628008400028193>
218.8790 	EXP 	Device response: <KeyPress from None: t=218.8722369999996, value=v, duration=None>
218.8847 	DATA 	Keypress: v
218.9456 	EXP 	Device response: <KeyPress from None: t=218.8722369999996, value=v, duration=0.06823029099996347>
219.0515 	INFO 	Keyboard events cleared
219.0513 	EXP 	protrianglefixation: autoDraw = True
219.1355 	EXP 	Device response: <KeyPress from None: t=219.13423245799913, value=v, duration=None>
219.1359 	EXP 	New trial (rep=24, index=2): <Trial 98 (2 in rep 24) data={'pos': np.int64(50), 'corr_resp': 'c', 'thisN': 98, 'thisTrialN': 2, 'thisRepN': 24}>
219.1405 	DATA 	Keypress: v
219.1450 	EXP 	Fixation: autoDraw = False
219.1450 	EXP 	line1: autoDraw = False
219.1450 	EXP 	line2: autoDraw = False
219.1450 	EXP 	line3: autoDraw = False
219.1450 	EXP 	line4: autoDraw = False
219.1450 	EXP 	protrianglefixation: autoDraw = False
219.1450 	EXP 	Fixation: autoDraw = True
219.1797 	EXP 	Device response: <KeyPress from None: t=219.13423245799913, value=v, duration=0.04434950000086246>
219.5530 	EXP 	Device response: <KeyPress from None: t=219.5502174159992, value=v, duration=None>
219.5578 	DATA 	Keypress: v
219.6634 	EXP 	Device response: <KeyPress from None: t=219.5502174159992, value=v, duration=0.10027958400041825>
220.1353 	EXP 	Fixation: autoDraw = False
220.1353 	EXP 	line1: autoDraw = True
220.1353 	EXP 	line2: autoDraw = True
220.1353 	EXP 	line3: autoDraw = True
220.1353 	EXP 	line4: autoDraw = True
220.1366 	EXP 	Device response: <KeyPress from None: t=220.13020037499973, value=c, duration=None>
220.1416 	DATA 	Keypress: c
220.1786 	EXP 	Device response: <KeyPress from None: t=220.13020037499973, value=c, duration=0.0443319159994644>
220.3529 	EXP 	Device response: <KeyPress from None: t=220.34825662499952, value=c, duration=None>
220.3579 	DATA 	Keypress: c
220.4120 	EXP 	Device response: <KeyPress from None: t=220.34825662499952, value=c, duration=0.06030533299963281>
220.6130 	EXP 	Device response: <KeyPress from None: t=220.60514899999998, value=c, duration=None>
220.6189 	DATA 	Keypress: c
220.6531 	EXP 	Device response: <KeyPress from None: t=220.60514899999998, value=c, duration=0.044288540999332326>
220.9460 	EXP 	Device response: <KeyPress from None: t=220.94424362499922, value=c, duration=None>
220.9514 	DATA 	Keypress: c
221.0791 	EXP 	Device response: <KeyPress from None: t=220.94424362499922, value=c, duration=0.1322883749999164>
221.1368 	INFO 	Keyboard events cleared
221.1367 	EXP 	protrianglefixation: autoDraw = True
221.4188 	EXP 	Device response: <KeyPress from None: t=221.41325941599916, value=c, duration=None>
221.4191 	EXP 	New trial (rep=24, index=3): <Trial 99 (3 in rep 24) data={'pos': np.int64(-150), 'corr_resp': 'z', 'thisN': 99, 'thisTrialN': 3, 'thisRepN': 24}>
221.4230 	DATA 	Keypress: c
221.4284 	EXP 	Fixation: autoDraw = False
221.4284 	EXP 	line1: autoDraw = False
221.4284 	EXP 	line2: autoDraw = False
221.4284 	EXP 	line3: autoDraw = False
221.4284 	EXP 	line4: autoDraw = False
221.4284 	EXP 	protrianglefixation: autoDraw = False
221.4284 	EXP 	Fixation: autoDraw = True
221.5294 	EXP 	Device response: <KeyPress from None: t=221.41325941599916, value=c, duration=0.11224762500023644>
221.6527 	EXP 	Device response: <KeyPress from None: t=221.64618645799965, value=c, duration=None>
221.6570 	DATA 	Keypress: c
221.7300 	EXP 	Device response: <KeyPress from None: t=221.64618645799965, value=c, duration=0.08032170800015592>
222.4108 	EXP 	line1: autoDraw = True
222.4108 	EXP 	line2: autoDraw = True
222.4108 	EXP 	line3: autoDraw = True
222.4108 	EXP 	line4: autoDraw = True
222.4276 	EXP 	Fixation: autoDraw = False
222.6629 	EXP 	Device response: <KeyPress from None: t=222.65522458299984, value=z, duration=None>
222.6682 	DATA 	Keypress: z
222.7956 	EXP 	Device response: <KeyPress from None: t=222.65522458299984, value=z, duration=0.13615795799978514>
222.8861 	EXP 	Device response: <KeyPress from None: t=222.87812724999912, value=z, duration=None>
222.8909 	DATA 	Keypress: z
222.9866 	EXP 	Device response: <KeyPress from None: t=222.87812724999912, value=z, duration=0.10031604100004188>
223.1124 	EXP 	Device response: <KeyPress from None: t=223.1091463749999, value=z, duration=None>
223.1173 	DATA 	Keypress: z
223.1965 	EXP 	Device response: <KeyPress from None: t=223.1091463749999, value=z, duration=0.08025954099957744>
223.3196 	EXP 	Device response: <KeyPress from None: t=223.31716362499992, value=z, duration=None>
223.3242 	DATA 	Keypress: z
223.4111 	INFO 	Keyboard events cleared
223.4108 	EXP 	protrianglefixation: autoDraw = True
223.5472 	EXP 	Device response: <KeyPress from None: t=223.54118629099958, value=z, duration=None>
223.5481 	EXP 	New trial (rep=25, index=0): <Trial 100 (0 in rep 25) data={'pos': np.int64(-50), 'corr_resp': 'x', 'thisN': 100, 'thisTrialN': 0, 'thisRepN': 25}>
223.5542 	DATA 	Keypress: z
223.5608 	EXP 	Fixation: autoDraw = False
223.5608 	EXP 	line1: autoDraw = False
223.5608 	EXP 	line2: autoDraw = False
223.5608 	EXP 	line3: autoDraw = False
223.5608 	EXP 	line4: autoDraw = False
223.5608 	EXP 	protrianglefixation: autoDraw = False
223.5608 	EXP 	Fixation: autoDraw = True
223.6536 	EXP 	Device response: <KeyPress from None: t=223.31716362499992, value=z, duration=0.33226129099966784>
223.7477 	EXP 	Device response: <KeyPress from None: t=223.73413983299997, value=z, duration=None>
223.7527 	DATA 	Keypress: z
223.8638 	EXP 	Device response: <KeyPress from None: t=223.54118629099958, value=z, duration=0.2973053750001782>
224.1967 	EXP 	Device response: <KeyPress from None: t=224.1921175409998, value=x, duration=None>
224.2012 	DATA 	Keypress: x
224.2792 	EXP 	Device response: <KeyPress from None: t=217.25218004099952, value=x, duration=7.024286333999953>
224.4360 	EXP 	Device response: <KeyPress from None: t=224.43413916600002, value=x, duration=None>
224.4400 	DATA 	Keypress: x
224.5027 	EXP 	Device response: <KeyPress from None: t=224.1921175409998, value=x, duration=0.3063416249997317>
224.5442 	EXP 	line1: autoDraw = True
224.5442 	EXP 	line2: autoDraw = True
224.5442 	EXP 	line3: autoDraw = True
224.5442 	EXP 	line4: autoDraw = True
224.5515 	EXP 	Fixation: autoDraw = False
224.7031 	EXP 	Device response: <KeyPress from None: t=224.69912091599963, value=x, duration=None>
224.7081 	DATA 	Keypress: x
224.7454 	EXP 	Device response: <KeyPress from None: t=224.43413916600002, value=x, duration=0.30521129199951247>
224.8974 	EXP 	Device response: <KeyPress from None: t=224.89211245799925, value=x, duration=None>
224.9029 	DATA 	Keypress: x
225.0133 	EXP 	Device response: <KeyPress from None: t=224.69912091599963, value=x, duration=0.2893080000003465>
225.1300 	EXP 	Device response: <KeyPress from None: t=225.12409724999998, value=x, duration=None>
225.1355 	DATA 	Keypress: x
225.2358 	EXP 	Device response: <KeyPress from None: t=224.89211245799925, value=x, duration=0.3362807920002524>
225.3630 	EXP 	Device response: <KeyPress from None: t=225.35617337499934, value=x, duration=None>
225.3680 	DATA 	Keypress: x
225.4288 	EXP 	Device response: <KeyPress from None: t=225.12409724999998, value=x, duration=0.30033404099958716>
225.5625 	INFO 	Keyboard events cleared
225.5623 	EXP 	protrianglefixation: autoDraw = True
225.5969 	EXP 	Device response: <KeyPress from None: t=225.59209858299982, value=x, duration=None>
225.5974 	EXP 	New trial (rep=25, index=1): <Trial 101 (1 in rep 25) data={'pos': np.int64(150), 'corr_resp': 'v', 'thisN': 101, 'thisTrialN': 1, 'thisRepN': 25}>
225.6022 	DATA 	Keypress: x
225.6124 	EXP 	Fixation: autoDraw = False
225.6124 	EXP 	line1: autoDraw = False
225.6124 	EXP 	line2: autoDraw = False
225.6124 	EXP 	line3: autoDraw = False
225.6124 	EXP 	line4: autoDraw = False
225.6124 	EXP 	protrianglefixation: autoDraw = False
225.6124 	EXP 	Fixation: autoDraw = True
225.6455 	EXP 	Device response: <KeyPress from None: t=225.35617337499934, value=x, duration=0.2882190000000264>
225.7791 	EXP 	Device response: <KeyPress from None: t=225.77799379099997, value=x, duration=None>
225.7897 	DATA 	Keypress: x
225.8802 	EXP 	Device response: <KeyPress from None: t=225.59209858299982, value=x, duration=0.2823212079993027>
226.5021 	EXP 	Device response: <KeyPress from None: t=226.50000366599943, value=v, duration=None>
226.5067 	DATA 	Keypress: v
226.5792 	EXP 	Device response: <KeyPress from None: t=226.50000366599943, value=v, duration=0.07634074999987206>
226.5940 	EXP 	line1: autoDraw = True
226.5940 	EXP 	line2: autoDraw = True
226.5940 	EXP 	line3: autoDraw = True
226.5940 	EXP 	line4: autoDraw = True
226.6110 	EXP 	Fixation: autoDraw = False
226.7626 	EXP 	Device response: <KeyPress from None: t=226.7610308329995, value=v, duration=None>
226.7679 	DATA 	Keypress: v
226.8467 	EXP 	Device response: <KeyPress from None: t=226.7610308329995, value=v, duration=0.07630558300024859>
227.0363 	EXP 	Device response: <KeyPress from None: t=227.03107491599985, value=v, duration=None>
227.0411 	DATA 	Keypress: v
227.1190 	EXP 	Device response: <KeyPress from None: t=227.03107491599985, value=v, duration=0.08031229199968948>
227.3702 	EXP 	Device response: <KeyPress from None: t=227.36807304099966, value=v, duration=None>
227.3755 	DATA 	Keypress: v
227.5198 	EXP 	Device response: <KeyPress from None: t=227.36807304099966, value=v, duration=0.14432262500031356>
227.5942 	INFO 	Keyboard events cleared
227.5940 	EXP 	protrianglefixation: autoDraw = True
227.7121 	EXP 	Device response: <KeyPress from None: t=227.70199212499938, value=v, duration=None>
227.7126 	EXP 	New trial (rep=25, index=2): <Trial 102 (2 in rep 25) data={'pos': np.int64(50), 'corr_resp': 'c', 'thisN': 102, 'thisTrialN': 2, 'thisRepN': 25}>
227.7176 	DATA 	Keypress: v
227.7226 	EXP 	Fixation: autoDraw = False
227.7226 	EXP 	line1: autoDraw = False
227.7226 	EXP 	line2: autoDraw = False
227.7226 	EXP 	line3: autoDraw = False
227.7226 	EXP 	line4: autoDraw = False
227.7226 	EXP 	protrianglefixation: autoDraw = False
227.7226 	EXP 	Fixation: autoDraw = True
227.7630 	EXP 	Device response: <KeyPress from None: t=227.70199212499938, value=v, duration=0.05635920799977612>
228.5697 	EXP 	Device response: <KeyPress from None: t=228.56493379099993, value=c, duration=None>
228.5746 	DATA 	Keypress: c
228.6525 	EXP 	Device response: <KeyPress from None: t=228.56493379099993, value=c, duration=0.0843871669994769>
228.7027 	EXP 	line1: autoDraw = True
228.7027 	EXP 	line2: autoDraw = True
228.7027 	EXP 	line3: autoDraw = True
228.7027 	EXP 	line4: autoDraw = True
228.7458 	EXP 	Fixation: autoDraw = False
228.8365 	EXP 	Device response: <KeyPress from None: t=228.83452929099985, value=c, duration=None>
228.8414 	DATA 	Keypress: c
228.8955 	EXP 	Device response: <KeyPress from None: t=228.83452929099985, value=c, duration=0.05979654199927609>
229.0637 	EXP 	Device response: <KeyPress from None: t=229.05905424999946, value=c, duration=None>
229.0695 	DATA 	Keypress: c
229.1192 	EXP 	Device response: <KeyPress from None: t=229.05905424999946, value=c, duration=0.05624179100050242>
229.3120 	EXP 	Device response: <KeyPress from None: t=229.30299699999978, value=c, duration=None>
229.3172 	DATA 	Keypress: c
229.3694 	EXP 	Device response: <KeyPress from None: t=229.30299699999978, value=c, duration=0.06522716600011336>
229.5689 	EXP 	Device response: <KeyPress from None: t=229.56602574999943, value=c, duration=None>
229.5737 	DATA 	Keypress: c
229.6474 	EXP 	Device response: <KeyPress from None: t=229.56602574999943, value=c, duration=0.0723592499998631>
229.7123 	INFO 	Keyboard events cleared
229.7121 	EXP 	protrianglefixation: autoDraw = True
229.8120 	EXP 	Device response: <KeyPress from None: t=229.8039692909997, value=c, duration=None>
229.8125 	EXP 	New trial (rep=25, index=3): <Trial 103 (3 in rep 25) data={'pos': np.int64(-150), 'corr_resp': 'z', 'thisN': 103, 'thisTrialN': 3, 'thisRepN': 25}>
229.8185 	DATA 	Keypress: c
229.8234 	EXP 	Fixation: autoDraw = False
229.8234 	EXP 	line1: autoDraw = False
229.8234 	EXP 	line2: autoDraw = False
229.8234 	EXP 	line3: autoDraw = False
229.8234 	EXP 	line4: autoDraw = False
229.8234 	EXP 	protrianglefixation: autoDraw = False
229.8234 	EXP 	Fixation: autoDraw = True
229.8792 	EXP 	Device response: <KeyPress from None: t=229.8039692909997, value=c, duration=0.07236204199944041>
230.3797 	EXP 	Device response: <KeyPress from None: t=230.37800783299917, value=z, duration=None>
230.3895 	DATA 	Keypress: z
230.4690 	EXP 	Device response: <KeyPress from None: t=223.73413983299997, value=z, duration=6.732868124999186>
230.6137 	EXP 	Device response: <KeyPress from None: t=230.6069038329997, value=z, duration=None>
230.6185 	DATA 	Keypress: z
230.7300 	EXP 	Device response: <KeyPress from None: t=230.37800783299917, value=z, duration=0.34527062500001193>
230.8108 	EXP 	line1: autoDraw = True
230.8108 	EXP 	line2: autoDraw = True
230.8108 	EXP 	line3: autoDraw = True
230.8108 	EXP 	line4: autoDraw = True
230.8189 	EXP 	Fixation: autoDraw = False
230.8792 	EXP 	Device response: <KeyPress from None: t=230.87595841599978, value=z, duration=None>
230.8847 	DATA 	Keypress: z
230.9359 	EXP 	Device response: <KeyPress from None: t=230.6069038329997, value=z, duration=0.3213562079999974>
231.1125 	EXP 	Device response: <KeyPress from None: t=231.10991170799934, value=z, duration=None>
231.1178 	DATA 	Keypress: z
231.1691 	EXP 	Device response: <KeyPress from None: t=230.87595841599978, value=z, duration=0.28623604199947295>
231.3028 	EXP 	Device response: <KeyPress from None: t=231.29991108299964, value=z, duration=None>
231.3079 	DATA 	Keypress: z
231.4136 	EXP 	Device response: <KeyPress from None: t=231.10991170799934, value=z, duration=0.29440441699989606>
231.5791 	EXP 	Device response: <KeyPress from None: t=231.57194683299986, value=z, duration=None>
231.5843 	DATA 	Keypress: z
231.6358 	EXP 	Device response: <KeyPress from None: t=231.29991108299964, value=z, duration=0.3322830420001992>
231.7790 	EXP 	Device response: <KeyPress from None: t=231.77186162499947, value=z, duration=None>
231.7839 	DATA 	Keypress: z
231.8123 	INFO 	Keyboard events cleared
231.8122 	EXP 	protrianglefixation: autoDraw = True
231.8958 	EXP 	Device response: <KeyPress from None: t=231.57194683299986, value=z, duration=0.3163100419997136>
232.0631 	EXP 	Device response: <KeyPress from None: t=232.0378874579992, value=z, duration=None>
232.0635 	EXP 	New trial (rep=26, index=0): <Trial 104 (0 in rep 26) data={'pos': np.int64(-50), 'corr_resp': 'x', 'thisN': 104, 'thisTrialN': 0, 'thisRepN': 26}>
232.0684 	DATA 	Keypress: z
232.0792 	EXP 	Fixation: autoDraw = False
232.0792 	EXP 	line1: autoDraw = False
232.0792 	EXP 	line2: autoDraw = False
232.0792 	EXP 	line3: autoDraw = False
232.0792 	EXP 	line4: autoDraw = False
232.0792 	EXP 	protrianglefixation: autoDraw = False
232.0792 	EXP 	Fixation: autoDraw = True
232.1458 	EXP 	Device response: <KeyPress from None: t=231.77186162499947, value=z, duration=0.3703837499997462>
232.4127 	EXP 	Device response: <KeyPress from None: t=232.40496820799945, value=x, duration=None>
232.4172 	DATA 	Keypress: x
232.4960 	EXP 	Device response: <KeyPress from None: t=225.77799379099997, value=x, duration=6.711246374999973>
232.6199 	EXP 	Device response: <KeyPress from None: t=232.61688824999965, value=x, duration=None>
232.6244 	DATA 	Keypress: x
232.7025 	EXP 	Device response: <KeyPress from None: t=232.40496820799945, value=x, duration=0.29225620800025354>
232.8294 	EXP 	Device response: <KeyPress from None: t=232.82398137499968, value=x, duration=None>
232.8342 	DATA 	Keypress: x
232.9465 	EXP 	Device response: <KeyPress from None: t=232.61688824999965, value=x, duration=0.3193550830001186>
233.0610 	EXP 	line1: autoDraw = True
233.0610 	EXP 	line2: autoDraw = True
233.0610 	EXP 	line3: autoDraw = True
233.0610 	EXP 	line4: autoDraw = True
233.0625 	EXP 	Device response: <KeyPress from None: t=233.05498208299923, value=x, duration=None>
233.0690 	DATA 	Keypress: x
233.0824 	EXP 	Fixation: autoDraw = False
233.1793 	EXP 	Device response: <KeyPress from None: t=232.82398137499968, value=x, duration=0.3512553749997096>
233.2870 	EXP 	Device response: <KeyPress from None: t=233.28594316599992, value=x, duration=None>
233.2917 	DATA 	Keypress: x
233.4127 	EXP 	Device response: <KeyPress from None: t=233.05498208299923, value=x, duration=0.3471648750000895>
233.4862 	EXP 	Device response: <KeyPress from None: t=233.47979066599964, value=x, duration=None>
233.4911 	DATA 	Keypress: x
233.6130 	EXP 	Device response: <KeyPress from None: t=233.28594316599992, value=x, duration=0.3224993750000067>
233.7032 	EXP 	Device response: <KeyPress from None: t=233.6949374579999, value=x, duration=None>
233.7080 	DATA 	Keypress: x
233.8454 	EXP 	Device response: <KeyPress from None: t=233.47979066599964, value=x, duration=0.3594234590000269>
233.9353 	EXP 	Device response: <KeyPress from None: t=233.9339394159997, value=x, duration=None>
233.9402 	DATA 	Keypress: x
234.0611 	INFO 	Keyboard events cleared
234.0609 	EXP 	protrianglefixation: autoDraw = True
234.0958 	EXP 	Device response: <KeyPress from None: t=233.6949374579999, value=x, duration=0.3951996669993605>
234.2630 	EXP 	Device response: <KeyPress from None: t=234.26189554099983, value=x, duration=None>
234.2635 	EXP 	New trial (rep=26, index=1): <Trial 105 (1 in rep 26) data={'pos': np.int64(150), 'corr_resp': 'v', 'thisN': 105, 'thisTrialN': 1, 'thisRepN': 26}>
234.2680 	DATA 	Keypress: x
234.2726 	EXP 	Fixation: autoDraw = False
234.2726 	EXP 	line1: autoDraw = False
234.2726 	EXP 	line2: autoDraw = False
234.2726 	EXP 	line3: autoDraw = False
234.2726 	EXP 	line4: autoDraw = False
234.2726 	EXP 	protrianglefixation: autoDraw = False
234.2726 	EXP 	Fixation: autoDraw = True
234.3875 	EXP 	Device response: <KeyPress from None: t=233.9339394159997, value=x, duration=0.44425820899959945>
234.9374 	EXP 	Device response: <KeyPress from None: t=234.9297979999992, value=v, duration=None>
234.9414 	DATA 	Keypress: v
235.0131 	EXP 	Device response: <KeyPress from None: t=234.9297979999992, value=v, duration=0.0764392080000107>
235.2292 	EXP 	Device response: <KeyPress from None: t=235.2228123749992, value=v, duration=None>
235.2331 	DATA 	Keypress: v
235.2624 	EXP 	line1: autoDraw = True
235.2624 	EXP 	line2: autoDraw = True
235.2624 	EXP 	line3: autoDraw = True
235.2624 	EXP 	line4: autoDraw = True
235.2687 	EXP 	Fixation: autoDraw = False
235.3028 	EXP 	Device response: <KeyPress from None: t=235.2228123749992, value=v, duration=0.07234662500013656>
235.5026 	EXP 	Device response: <KeyPress from None: t=235.49583241599976, value=v, duration=None>
235.5083 	DATA 	Keypress: v
235.5298 	EXP 	Device response: <KeyPress from None: t=235.49583241599976, value=v, duration=0.03234549999979208>
235.7023 	EXP 	Device response: <KeyPress from None: t=235.69979641600003, value=v, duration=None>
235.7080 	DATA 	Keypress: v
235.8023 	EXP 	Device response: <KeyPress from None: t=235.69979641600003, value=v, duration=0.09624333399915486>
236.1632 	EXP 	Device response: <KeyPress from None: t=236.1528554159995, value=v, duration=None>
236.1691 	DATA 	Keypress: v
236.2610 	INFO 	Keyboard events cleared
236.2608 	EXP 	protrianglefixation: autoDraw = True
236.2795 	EXP 	Device response: <KeyPress from None: t=236.1528554159995, value=v, duration=0.11627649999991263>
236.3964 	EXP 	Device response: <KeyPress from None: t=236.39482458299972, value=v, duration=None>
236.3970 	EXP 	New trial (rep=26, index=2): <Trial 106 (2 in rep 26) data={'pos': np.int64(50), 'corr_resp': 'c', 'thisN': 106, 'thisTrialN': 2, 'thisRepN': 26}>
236.4028 	DATA 	Keypress: v
236.4078 	EXP 	Fixation: autoDraw = False
236.4078 	EXP 	line1: autoDraw = False
236.4078 	EXP 	line2: autoDraw = False
236.4078 	EXP 	line3: autoDraw = False
236.4078 	EXP 	line4: autoDraw = False
236.4078 	EXP 	protrianglefixation: autoDraw = False
236.4078 	EXP 	Fixation: autoDraw = True
236.4864 	EXP 	Device response: <KeyPress from None: t=236.39482458299972, value=v, duration=0.08430054200016457>
236.6311 	EXP 	Device response: <KeyPress from None: t=236.62484037499962, value=v, duration=None>
236.6364 	DATA 	Keypress: v
236.6799 	EXP 	Device response: <KeyPress from None: t=236.62484037499962, value=v, duration=0.05233383300037531>
237.3795 	EXP 	Device response: <KeyPress from None: t=237.3768052079995, value=c, duration=None>
237.3850 	DATA 	Keypress: c
237.3976 	EXP 	line1: autoDraw = True
237.3976 	EXP 	line2: autoDraw = True
237.3976 	EXP 	line3: autoDraw = True
237.3976 	EXP 	line4: autoDraw = True
237.4123 	EXP 	Fixation: autoDraw = False
237.4693 	EXP 	Device response: <KeyPress from None: t=237.3768052079995, value=c, duration=0.08834141700026521>
237.6361 	EXP 	Device response: <KeyPress from None: t=237.6341568329999, value=c, duration=None>
237.6414 	DATA 	Keypress: c
237.6955 	EXP 	Device response: <KeyPress from None: t=237.6341568329999, value=c, duration=0.05995533299937961>
237.8362 	EXP 	Device response: <KeyPress from None: t=237.8287860829996, value=c, duration=None>
237.8415 	DATA 	Keypress: c
237.9124 	EXP 	Device response: <KeyPress from None: t=237.8287860829996, value=c, duration=0.08033558300030563>
238.0532 	EXP 	Device response: <KeyPress from None: t=238.0468377499992, value=c, duration=None>
238.0590 	DATA 	Keypress: c
238.1125 	EXP 	Device response: <KeyPress from None: t=238.0468377499992, value=c, duration=0.0642470830007369>
238.3030 	EXP 	Device response: <KeyPress from None: t=238.2988130829999, value=c, duration=None>
238.3084 	DATA 	Keypress: c
238.3524 	EXP 	Device response: <KeyPress from None: t=238.2988130829999, value=c, duration=0.04831233299955784>
238.3946 	INFO 	Keyboard events cleared
238.3944 	EXP 	protrianglefixation: autoDraw = True
238.5130 	EXP 	Device response: <KeyPress from None: t=238.5038258329996, value=c, duration=None>
238.5135 	EXP 	New trial (rep=26, index=3): <Trial 107 (3 in rep 26) data={'pos': np.int64(-150), 'corr_resp': 'z', 'thisN': 107, 'thisTrialN': 3, 'thisRepN': 26}>
238.5191 	DATA 	Keypress: c
238.5242 	EXP 	Fixation: autoDraw = False
238.5242 	EXP 	line1: autoDraw = False
238.5242 	EXP 	line2: autoDraw = False
238.5242 	EXP 	line3: autoDraw = False
238.5242 	EXP 	line4: autoDraw = False
238.5242 	EXP 	protrianglefixation: autoDraw = False
238.5242 	EXP 	Fixation: autoDraw = True
238.5804 	EXP 	Device response: <KeyPress from None: t=238.5038258329996, value=c, duration=0.06820341700040444>
238.7464 	EXP 	Device response: <KeyPress from None: t=238.73675495799944, value=c, duration=None>
238.7517 	DATA 	Keypress: c
238.7957 	EXP 	Device response: <KeyPress from None: t=238.73675495799944, value=c, duration=0.05622612499973911>
239.4459 	EXP 	Device response: <KeyPress from None: t=239.44178558299973, value=z, duration=None>
239.4511 	DATA 	Keypress: z
239.5123 	EXP 	line1: autoDraw = True
239.5123 	EXP 	line2: autoDraw = True
239.5123 	EXP 	line3: autoDraw = True
239.5123 	EXP 	line4: autoDraw = True
239.5202 	EXP 	Fixation: autoDraw = False
239.5643 	EXP 	Device response: <KeyPress from None: t=232.0378874579992, value=z, duration=7.524121333000039>
239.6862 	EXP 	Device response: <KeyPress from None: t=239.67967162499917, value=z, duration=None>
239.6917 	DATA 	Keypress: z
239.7955 	EXP 	Device response: <KeyPress from None: t=239.44178558299973, value=z, duration=0.3461925000001429>
239.9309 	EXP 	Device response: <KeyPress from None: t=239.92270774999997, value=z, duration=None>
239.9365 	DATA 	Keypress: z
240.0026 	EXP 	Device response: <KeyPress from None: t=239.67967162499917, value=z, duration=0.319382915999995>
240.1463 	EXP 	Device response: <KeyPress from None: t=240.14267745799953, value=z, duration=None>
240.1526 	DATA 	Keypress: z
240.2696 	EXP 	Device response: <KeyPress from None: t=239.92270774999997, value=z, duration=0.3404407079997327>
240.3862 	EXP 	Device response: <KeyPress from None: t=240.37964899999952, value=z, duration=None>
240.3921 	DATA 	Keypress: z
240.5110 	INFO 	Keyboard events cleared
240.5108 	EXP 	protrianglefixation: autoDraw = True
240.5456 	EXP 	Device response: <KeyPress from None: t=240.14267745799953, value=z, duration=0.39731604200005677>
240.6465 	EXP 	Device response: <KeyPress from None: t=240.63577374999932, value=z, duration=None>
240.6470 	EXP 	New trial (rep=27, index=0): <Trial 108 (0 in rep 27) data={'pos': np.int64(-50), 'corr_resp': 'x', 'thisN': 108, 'thisTrialN': 0, 'thisRepN': 27}>
240.6520 	DATA 	Keypress: z
240.6613 	EXP 	Fixation: autoDraw = False
240.6613 	EXP 	line1: autoDraw = False
240.6613 	EXP 	line2: autoDraw = False
240.6613 	EXP 	line3: autoDraw = False
240.6613 	EXP 	line4: autoDraw = False
240.6613 	EXP 	protrianglefixation: autoDraw = False
240.6613 	EXP 	Fixation: autoDraw = True
240.7861 	EXP 	Device response: <KeyPress from None: t=240.37964899999952, value=z, duration=0.4003347079997184>
240.8642 	EXP 	Device response: <KeyPress from None: t=240.85675454099965, value=z, duration=None>
240.8697 	DATA 	Keypress: z
240.9961 	EXP 	Device response: <KeyPress from None: t=240.63577374999932, value=z, duration=0.35325537500011706>
241.2627 	EXP 	Device response: <KeyPress from None: t=241.2606689159993, value=x, duration=None>
241.2679 	DATA 	Keypress: x
241.3964 	EXP 	Device response: <KeyPress from None: t=234.26189554099983, value=x, duration=7.127164999999877>
241.5305 	EXP 	Device response: <KeyPress from None: t=241.5205902079997, value=x, duration=None>
241.5361 	DATA 	Keypress: x
241.6444 	EXP 	line1: autoDraw = True
241.6444 	EXP 	line2: autoDraw = True
241.6444 	EXP 	line3: autoDraw = True
241.6444 	EXP 	line4: autoDraw = True
241.6461 	EXP 	Device response: <KeyPress from None: t=241.2606689159993, value=x, duration=0.3803452500005733>
241.6542 	EXP 	Fixation: autoDraw = False
241.7691 	EXP 	Device response: <KeyPress from None: t=241.76573137499963, value=x, duration=None>
241.7747 	DATA 	Keypress: x
241.8693 	EXP 	Device response: <KeyPress from None: t=241.5205902079997, value=x, duration=0.3453646669995578>
242.0296 	EXP 	Device response: <KeyPress from None: t=242.02173695799956, value=x, duration=None>
242.0357 	DATA 	Keypress: x
242.1024 	EXP 	Device response: <KeyPress from None: t=241.76573137499963, value=x, duration=0.3322730829995635>
242.2371 	EXP 	Device response: <KeyPress from None: t=242.23470979099966, value=x, duration=None>
242.2425 	DATA 	Keypress: x
242.3681 	EXP 	Device response: <KeyPress from None: t=242.02173695799956, value=x, duration=0.34528154199961136>
242.4961 	EXP 	Device response: <KeyPress from None: t=242.48958770799982, value=x, duration=None>
242.5017 	DATA 	Keypress: x
242.5860 	EXP 	Device response: <KeyPress from None: t=242.23470979099966, value=x, duration=0.34326933400006965>
242.6442 	INFO 	Keyboard events cleared
242.6440 	EXP 	protrianglefixation: autoDraw = True
242.7288 	EXP 	Device response: <KeyPress from None: t=242.72058504099914, value=x, duration=None>
242.7293 	EXP 	New trial (rep=27, index=1): <Trial 109 (1 in rep 27) data={'pos': np.int64(150), 'corr_resp': 'v', 'thisN': 109, 'thisTrialN': 1, 'thisRepN': 27}>
242.7348 	DATA 	Keypress: x
242.7398 	EXP 	Fixation: autoDraw = False
242.7398 	EXP 	line1: autoDraw = False
242.7398 	EXP 	line2: autoDraw = False
242.7398 	EXP 	line3: autoDraw = False
242.7398 	EXP 	line4: autoDraw = False
242.7398 	EXP 	protrianglefixation: autoDraw = False
242.7398 	EXP 	Fixation: autoDraw = True
242.8462 	EXP 	Device response: <KeyPress from None: t=242.48958770799982, value=x, duration=0.3474885420000646>
242.9804 	EXP 	Device response: <KeyPress from None: t=242.96761870799946, value=x, duration=None>
242.9860 	DATA 	Keypress: x
243.0628 	EXP 	Device response: <KeyPress from None: t=242.72058504099914, value=x, duration=0.3393690840002819>
243.5147 	EXP 	Device response: <KeyPress from None: t=243.511720083, value=v, duration=None>
243.5203 	DATA 	Keypress: v
243.5971 	EXP 	Device response: <KeyPress from None: t=243.511720083, value=v, duration=0.07631162500001665>
243.7285 	EXP 	line1: autoDraw = True
243.7285 	EXP 	line2: autoDraw = True
243.7285 	EXP 	line3: autoDraw = True
243.7285 	EXP 	line4: autoDraw = True
243.7351 	EXP 	Fixation: autoDraw = False
243.8624 	EXP 	Device response: <KeyPress from None: t=243.85364229099923, value=v, duration=None>
243.8682 	DATA 	Keypress: v
243.8968 	EXP 	Device response: <KeyPress from None: t=243.85364229099923, value=v, duration=0.040359958999943046>
244.2288 	EXP 	Device response: <KeyPress from None: t=244.21955937499933, value=v, duration=None>
244.2346 	DATA 	Keypress: v
244.3632 	EXP 	Device response: <KeyPress from None: t=244.21955937499933, value=v, duration=0.1326403749999372>
244.7276 	INFO 	Keyboard events cleared
244.7274 	EXP 	protrianglefixation: autoDraw = True
244.7796 	EXP 	Device response: <KeyPress from None: t=244.76862808299938, value=v, duration=None>
244.7801 	EXP 	New trial (rep=27, index=2): <Trial 110 (2 in rep 27) data={'pos': np.int64(50), 'corr_resp': 'c', 'thisN': 110, 'thisTrialN': 2, 'thisRepN': 27}>
244.7859 	DATA 	Keypress: v
244.7908 	EXP 	Fixation: autoDraw = False
244.7908 	EXP 	line1: autoDraw = False
244.7908 	EXP 	line2: autoDraw = False
244.7908 	EXP 	line3: autoDraw = False
244.7908 	EXP 	line4: autoDraw = False
244.7908 	EXP 	protrianglefixation: autoDraw = False
244.7908 	EXP 	Fixation: autoDraw = True
244.9132 	EXP 	Device response: <KeyPress from None: t=244.76862808299938, value=v, duration=0.14030575000015233>
245.1194 	EXP 	Device response: <KeyPress from None: t=245.11664920799922, value=v, duration=None>
245.1242 	DATA 	Keypress: v
245.2536 	EXP 	Device response: <KeyPress from None: t=245.11664920799922, value=v, duration=0.12828766700022243>
245.7790 	EXP 	line1: autoDraw = True
245.7790 	EXP 	line2: autoDraw = True
245.7790 	EXP 	line3: autoDraw = True
245.7790 	EXP 	line4: autoDraw = True
245.7858 	EXP 	Fixation: autoDraw = False
246.7775 	INFO 	Keyboard events cleared
246.7773 	EXP 	protrianglefixation: autoDraw = True
247.3454 	EXP 	Device response: <KeyPress from None: t=247.3436080829997, value=c, duration=None>
247.3458 	EXP 	New trial (rep=27, index=3): <Trial 111 (3 in rep 27) data={'pos': np.int64(-150), 'corr_resp': 'z', 'thisN': 111, 'thisTrialN': 3, 'thisRepN': 27}>
247.3513 	DATA 	Keypress: c
247.3575 	EXP 	Fixation: autoDraw = False
247.3575 	EXP 	line1: autoDraw = False
247.3575 	EXP 	line2: autoDraw = False
247.3575 	EXP 	line3: autoDraw = False
247.3575 	EXP 	line4: autoDraw = False
247.3575 	EXP 	protrianglefixation: autoDraw = False
247.3575 	EXP 	Fixation: autoDraw = True
247.4797 	EXP 	Device response: <KeyPress from None: t=247.3436080829997, value=c, duration=0.12830045800001244>
248.3441 	EXP 	line1: autoDraw = True
248.3441 	EXP 	line2: autoDraw = True
248.3441 	EXP 	line3: autoDraw = True
248.3441 	EXP 	line4: autoDraw = True
248.3513 	EXP 	Fixation: autoDraw = False
248.6862 	EXP 	Device response: <KeyPress from None: t=248.68460008299917, value=z, duration=None>
248.6917 	DATA 	Keypress: z
248.7963 	EXP 	Device response: <KeyPress from None: t=240.85675454099965, value=z, duration=7.932022459000109>
248.9689 	EXP 	Device response: <KeyPress from None: t=248.96244937499978, value=z, duration=None>
248.9747 	DATA 	Keypress: z
249.1019 	EXP 	Device response: <KeyPress from None: t=248.68460008299917, value=z, duration=0.4142891250003231>
249.1622 	EXP 	Device response: <KeyPress from None: t=249.1535287909992, value=z, duration=None>
249.1677 	DATA 	Keypress: z
249.2858 	EXP 	Device response: <KeyPress from None: t=248.96244937499978, value=z, duration=0.31939533300010226>
249.3361 	INFO 	Keyboard events cleared
249.3359 	EXP 	protrianglefixation: autoDraw = True
249.4472 	EXP 	Device response: <KeyPress from None: t=249.43956579099995, value=z, duration=None>
249.4478 	EXP 	New trial (rep=28, index=0): <Trial 112 (0 in rep 28) data={'pos': np.int64(-50), 'corr_resp': 'x', 'thisN': 112, 'thisTrialN': 0, 'thisRepN': 28}>
249.4536 	DATA 	Keypress: z
249.4607 	EXP 	Fixation: autoDraw = False
249.4607 	EXP 	line1: autoDraw = False
249.4607 	EXP 	line2: autoDraw = False
249.4607 	EXP 	line3: autoDraw = False
249.4607 	EXP 	line4: autoDraw = False
249.4607 	EXP 	protrianglefixation: autoDraw = False
249.4607 	EXP 	Fixation: autoDraw = True
249.5460 	EXP 	Device response: <KeyPress from None: t=249.1535287909992, value=z, duration=0.3823030840003412>
249.6460 	EXP 	Device response: <KeyPress from None: t=249.63657412499924, value=z, duration=None>
249.6511 	DATA 	Keypress: z
249.7462 	EXP 	Device response: <KeyPress from None: t=249.43956579099995, value=z, duration=0.3013517919998776>
250.1971 	EXP 	Device response: <KeyPress from None: t=250.1912213329997, value=x, duration=None>
250.2022 	DATA 	Keypress: x
250.3351 	EXP 	Device response: <KeyPress from None: t=242.96761870799946, value=x, duration=7.363216208000267>
250.4440 	EXP 	line1: autoDraw = True
250.4440 	EXP 	line2: autoDraw = True
250.4440 	EXP 	line3: autoDraw = True
250.4440 	EXP 	line4: autoDraw = True
250.4513 	EXP 	Fixation: autoDraw = False
250.5026 	EXP 	Device response: <KeyPress from None: t=250.5004501249996, value=x, duration=None>
250.5081 	DATA 	Keypress: x
250.6523 	EXP 	Device response: <KeyPress from None: t=250.1912213329997, value=x, duration=0.45357112500005314>
250.7792 	EXP 	Device response: <KeyPress from None: t=250.76941720799914, value=x, duration=None>
250.7850 	DATA 	Keypress: x
250.8690 	EXP 	Device response: <KeyPress from None: t=250.5004501249996, value=x, duration=0.36533595800028706>
251.0124 	EXP 	Device response: <KeyPress from None: t=251.00350466599957, value=x, duration=None>
251.0181 	DATA 	Keypress: x
251.1121 	EXP 	Device response: <KeyPress from None: t=250.76941720799914, value=x, duration=0.33837612500065006>
251.2804 	EXP 	Device response: <KeyPress from None: t=251.25644391599963, value=x, duration=None>
251.2861 	DATA 	Keypress: x
251.4127 	EXP 	Device response: <KeyPress from None: t=251.00350466599957, value=x, duration=0.40129533399976935>
251.4458 	INFO 	Keyboard events cleared
251.4457 	EXP 	protrianglefixation: autoDraw = True
251.6291 	EXP 	Device response: <KeyPress from None: t=251.62547149999955, value=x, duration=None>
251.6295 	EXP 	New trial (rep=28, index=1): <Trial 113 (1 in rep 28) data={'pos': np.int64(150), 'corr_resp': 'v', 'thisN': 113, 'thisTrialN': 1, 'thisRepN': 28}>
251.6353 	DATA 	Keypress: x
251.6403 	EXP 	Fixation: autoDraw = False
251.6403 	EXP 	line1: autoDraw = False
251.6403 	EXP 	line2: autoDraw = False
251.6403 	EXP 	line3: autoDraw = False
251.6403 	EXP 	line4: autoDraw = False
251.6403 	EXP 	protrianglefixation: autoDraw = False
251.6403 	EXP 	Fixation: autoDraw = True
251.7797 	EXP 	Device response: <KeyPress from None: t=251.25644391599963, value=x, duration=0.5132474169995476>
252.5863 	EXP 	Device response: <KeyPress from None: t=252.58039920800002, value=v, duration=None>
252.5914 	DATA 	Keypress: v
252.6181 	EXP 	line1: autoDraw = True
252.6181 	EXP 	line2: autoDraw = True
252.6181 	EXP 	line3: autoDraw = True
252.6181 	EXP 	line4: autoDraw = True
252.6345 	EXP 	Fixation: autoDraw = False
252.7789 	EXP 	Device response: <KeyPress from None: t=252.58039920800002, value=v, duration=0.18844270799945662>
252.8787 	EXP 	Device response: <KeyPress from None: t=252.87035387499964, value=v, duration=None>
252.8845 	DATA 	Keypress: v
253.0030 	EXP 	Device response: <KeyPress from None: t=252.87035387499964, value=v, duration=0.12440341599995008>
253.1463 	EXP 	Device response: <KeyPress from None: t=253.13842449999993, value=v, duration=None>
253.1519 	DATA 	Keypress: v
253.2531 	EXP 	Device response: <KeyPress from None: t=253.13842449999993, value=v, duration=0.10839145799945982>
253.4028 	EXP 	Device response: <KeyPress from None: t=253.3964525829997, value=v, duration=None>
253.4083 	DATA 	Keypress: v
253.5354 	EXP 	Device response: <KeyPress from None: t=253.3964525829997, value=v, duration=0.13631216700014193>
253.6275 	INFO 	Keyboard events cleared
253.6274 	EXP 	protrianglefixation: autoDraw = True
253.7121 	EXP 	Device response: <KeyPress from None: t=253.7053334579996, value=v, duration=None>
253.7125 	EXP 	New trial (rep=28, index=2): <Trial 114 (2 in rep 28) data={'pos': np.int64(50), 'corr_resp': 'c', 'thisN': 114, 'thisTrialN': 2, 'thisRepN': 28}>
253.7178 	DATA 	Keypress: v
253.7228 	EXP 	Fixation: autoDraw = False
253.7228 	EXP 	line1: autoDraw = False
253.7228 	EXP 	line2: autoDraw = False
253.7228 	EXP 	line3: autoDraw = False
253.7228 	EXP 	line4: autoDraw = False
253.7228 	EXP 	protrianglefixation: autoDraw = False
253.7228 	EXP 	Fixation: autoDraw = True
253.8127 	EXP 	Device response: <KeyPress from None: t=253.7053334579996, value=v, duration=0.10432379200028663>
253.9795 	EXP 	Device response: <KeyPress from None: t=253.97644941599992, value=v, duration=None>
253.9845 	DATA 	Keypress: v
254.0866 	EXP 	Device response: <KeyPress from None: t=253.97644941599992, value=v, duration=0.1042507089996434>
254.5963 	EXP 	Device response: <KeyPress from None: t=254.59032670799934, value=c, duration=None>
254.6011 	DATA 	Keypress: c
254.7025 	EXP 	line1: autoDraw = True
254.7025 	EXP 	line2: autoDraw = True
254.7025 	EXP 	line3: autoDraw = True
254.7025 	EXP 	line4: autoDraw = True
254.7459 	EXP 	Fixation: autoDraw = False
254.7476 	EXP 	Device response: <KeyPress from None: t=254.59032670799934, value=c, duration=0.14846483300061664>
254.8622 	EXP 	Device response: <KeyPress from None: t=254.8574640829993, value=c, duration=None>
254.8678 	DATA 	Keypress: c
254.9122 	EXP 	Device response: <KeyPress from None: t=254.8574640829993, value=c, duration=0.0522566250001546>
255.0532 	EXP 	Device response: <KeyPress from None: t=255.04647287499938, value=c, duration=None>
255.0584 	DATA 	Keypress: c
255.1692 	EXP 	Device response: <KeyPress from None: t=255.04647287499938, value=c, duration=0.11617800000021816>
255.2626 	EXP 	Device response: <KeyPress from None: t=255.2603517079997, value=c, duration=None>
255.2684 	DATA 	Keypress: c
255.3957 	EXP 	Device response: <KeyPress from None: t=255.2603517079997, value=c, duration=0.13236883300032787>
255.6287 	EXP 	Device response: <KeyPress from None: t=255.62032354099938, value=c, duration=None>
255.6344 	DATA 	Keypress: c
255.7113 	INFO 	Keyboard events cleared
255.7111 	EXP 	protrianglefixation: autoDraw = True
255.7864 	EXP 	Device response: <KeyPress from None: t=255.62032354099938, value=c, duration=0.1603004590006094>
255.9621 	EXP 	Device response: <KeyPress from None: t=255.9533469579992, value=c, duration=None>
255.9626 	EXP 	New trial (rep=28, index=3): <Trial 115 (3 in rep 28) data={'pos': np.int64(-150), 'corr_resp': 'z', 'thisN': 115, 'thisTrialN': 3, 'thisRepN': 28}>
255.9682 	DATA 	Keypress: c
255.9733 	EXP 	Fixation: autoDraw = False
255.9733 	EXP 	line1: autoDraw = False
255.9733 	EXP 	line2: autoDraw = False
255.9733 	EXP 	line3: autoDraw = False
255.9733 	EXP 	line4: autoDraw = False
255.9733 	EXP 	protrianglefixation: autoDraw = False
255.9733 	EXP 	Fixation: autoDraw = True
256.0809 	EXP 	Device response: <KeyPress from None: t=255.9533469579992, value=c, duration=0.1162757080001029>
256.2465 	EXP 	Device response: <KeyPress from None: t=256.2444465409999, value=c, duration=None>
256.2559 	DATA 	Keypress: c
256.3801 	EXP 	Device response: <KeyPress from None: t=256.2444465409999, value=c, duration=0.13226037499953236>
256.9521 	EXP 	line1: autoDraw = True
256.9521 	EXP 	line2: autoDraw = True
256.9521 	EXP 	line3: autoDraw = True
256.9521 	EXP 	line4: autoDraw = True
256.9625 	EXP 	Device response: <KeyPress from None: t=256.95332187499935, value=z, duration=None>
256.9678 	DATA 	Keypress: z
256.9730 	EXP 	Fixation: autoDraw = False
257.0621 	EXP 	Device response: <KeyPress from None: t=249.63657412499924, value=z, duration=7.417157416000009>
257.1861 	EXP 	Device response: <KeyPress from None: t=257.18236437499945, value=z, duration=None>
257.1915 	DATA 	Keypress: z
257.3123 	EXP 	Device response: <KeyPress from None: t=256.95332187499935, value=z, duration=0.3492705830003615>
257.4458 	EXP 	Device response: <KeyPress from None: t=257.44307070799914, value=z, duration=None>
257.4513 	DATA 	Keypress: z
257.5625 	EXP 	Device response: <KeyPress from None: t=257.18236437499945, value=z, duration=0.3763193330005379>
257.7129 	EXP 	Device response: <KeyPress from None: t=257.70234729099957, value=z, duration=None>
257.7186 	DATA 	Keypress: z
257.8360 	EXP 	Device response: <KeyPress from None: t=257.44307070799914, value=z, duration=0.39162575000045763>
257.9610 	INFO 	Keyboard events cleared
257.9607 	EXP 	protrianglefixation: autoDraw = True
257.9695 	EXP 	Device response: <KeyPress from None: t=257.96838329099955, value=z, duration=None>
257.9699 	EXP 	New trial (rep=29, index=0): <Trial 116 (0 in rep 29) data={'pos': np.int64(-50), 'corr_resp': 'x', 'thisN': 116, 'thisTrialN': 0, 'thisRepN': 29}>
257.9750 	DATA 	Keypress: z
257.9813 	EXP 	Fixation: autoDraw = False
257.9813 	EXP 	line1: autoDraw = False
257.9813 	EXP 	line2: autoDraw = False
257.9813 	EXP 	line3: autoDraw = False
257.9813 	EXP 	line4: autoDraw = False
257.9813 	EXP 	protrianglefixation: autoDraw = False
257.9813 	EXP 	Fixation: autoDraw = True
258.0844 	EXP 	Device response: <KeyPress from None: t=257.70234729099957, value=z, duration=0.3782178749997911>
258.6195 	EXP 	Device response: <KeyPress from None: t=258.6143418749998, value=x, duration=None>
258.6243 	DATA 	Keypress: x
258.7691 	EXP 	Device response: <KeyPress from None: t=251.62547149999955, value=x, duration=7.141218124999796>
258.9124 	EXP 	Device response: <KeyPress from None: t=258.9093350409994, value=x, duration=None>
258.9177 	DATA 	Keypress: x
258.9680 	EXP 	line1: autoDraw = True
258.9680 	EXP 	line2: autoDraw = True
258.9680 	EXP 	line3: autoDraw = True
258.9680 	EXP 	line4: autoDraw = True
258.9775 	EXP 	Fixation: autoDraw = False
259.0292 	EXP 	Device response: <KeyPress from None: t=258.6143418749998, value=x, duration=0.41127429100015434>
259.1858 	EXP 	Device response: <KeyPress from None: t=259.18326508299924, value=x, duration=None>
259.1915 	DATA 	Keypress: x
259.3190 	EXP 	Device response: <KeyPress from None: t=258.9093350409994, value=x, duration=0.40234104200044385>
259.4298 	EXP 	Device response: <KeyPress from None: t=259.4263487499993, value=x, duration=None>
259.4354 	DATA 	Keypress: x
259.5529 	EXP 	Device response: <KeyPress from None: t=259.18326508299924, value=x, duration=0.36333995800032426>
259.6862 	EXP 	Device response: <KeyPress from None: t=259.681294, value=x, duration=None>
259.6915 	DATA 	Keypress: x
259.7689 	EXP 	Device response: <KeyPress from None: t=259.4263487499993, value=x, duration=0.33979070800069167>
259.9018 	EXP 	Device response: <KeyPress from None: t=259.9003014579994, value=x, duration=None>
259.9071 	DATA 	Keypress: x
259.9609 	INFO 	Keyboard events cleared
259.9607 	EXP 	protrianglefixation: autoDraw = True
260.0287 	EXP 	Device response: <KeyPress from None: t=259.681294, value=x, duration=0.3392530409992105>
260.1704 	EXP 	Device response: <KeyPress from None: t=260.1693828749994, value=x, duration=None>
260.1708 	EXP 	New trial (rep=29, index=1): <Trial 117 (1 in rep 29) data={'pos': np.int64(150), 'corr_resp': 'v', 'thisN': 117, 'thisTrialN': 1, 'thisRepN': 29}>
260.1762 	DATA 	Keypress: x
260.1815 	EXP 	Fixation: autoDraw = False
260.1815 	EXP 	line1: autoDraw = False
260.1815 	EXP 	line2: autoDraw = False
260.1815 	EXP 	line3: autoDraw = False
260.1815 	EXP 	line4: autoDraw = False
260.1815 	EXP 	protrianglefixation: autoDraw = False
260.1815 	EXP 	Fixation: autoDraw = True
260.2874 	EXP 	Device response: <KeyPress from None: t=259.9003014579994, value=x, duration=0.38129858299998887>
261.0466 	EXP 	Device response: <KeyPress from None: t=261.0372904999995, value=v, duration=None>
261.0531 	DATA 	Keypress: v
261.1480 	EXP 	Device response: <KeyPress from None: t=261.0372904999995, value=v, duration=0.10419354100031342>
261.1701 	EXP 	line1: autoDraw = True
261.1701 	EXP 	line2: autoDraw = True
261.1701 	EXP 	line3: autoDraw = True
261.1701 	EXP 	line4: autoDraw = True
261.1961 	EXP 	Fixation: autoDraw = False
261.3130 	EXP 	Device response: <KeyPress from None: t=261.3032589159993, value=v, duration=None>
261.3180 	DATA 	Keypress: v
261.4304 	EXP 	Device response: <KeyPress from None: t=261.3032589159993, value=v, duration=0.11633162500038452>
261.5289 	EXP 	Device response: <KeyPress from None: t=261.52222470799916, value=v, duration=None>
261.5326 	DATA 	Keypress: v
261.6626 	EXP 	Device response: <KeyPress from None: t=261.52222470799916, value=v, duration=0.13233362500068324>
261.7960 	EXP 	Device response: <KeyPress from None: t=261.7881714999994, value=v, duration=None>
261.8009 	DATA 	Keypress: v
261.9025 	EXP 	Device response: <KeyPress from None: t=261.7881714999994, value=v, duration=0.11267533299997012>
262.0787 	EXP 	Device response: <KeyPress from None: t=262.07422724999924, value=v, duration=None>
262.0843 	DATA 	Keypress: v
262.1685 	INFO 	Keyboard events cleared
262.1683 	EXP 	protrianglefixation: autoDraw = True
262.2121 	EXP 	Device response: <KeyPress from None: t=262.07422724999924, value=v, duration=0.13230550000025687>
262.6123 	EXP 	Device response: <KeyPress from None: t=262.6031960829996, value=v, duration=None>
262.6129 	EXP 	New trial (rep=29, index=2): <Trial 118 (2 in rep 29) data={'pos': np.int64(50), 'corr_resp': 'c', 'thisN': 118, 'thisTrialN': 2, 'thisRepN': 29}>
262.6177 	DATA 	Keypress: v
262.6225 	EXP 	Fixation: autoDraw = False
262.6225 	EXP 	line1: autoDraw = False
262.6225 	EXP 	line2: autoDraw = False
262.6225 	EXP 	line3: autoDraw = False
262.6225 	EXP 	line4: autoDraw = False
262.6225 	EXP 	protrianglefixation: autoDraw = False
262.6225 	EXP 	Fixation: autoDraw = True
262.7297 	EXP 	Device response: <KeyPress from None: t=262.6031960829996, value=v, duration=0.124352457999521>
263.0291 	EXP 	Device response: <KeyPress from None: t=263.0201213329992, value=c, duration=None>
263.0336 	DATA 	Keypress: c
263.1302 	EXP 	Device response: <KeyPress from None: t=263.0201213329992, value=c, duration=0.10514729200076545>
263.3202 	EXP 	Device response: <KeyPress from None: t=263.3142023749997, value=c, duration=None>
263.3247 	DATA 	Keypress: c
263.3964 	EXP 	Device response: <KeyPress from None: t=263.3142023749997, value=c, duration=0.08033008300026268>
263.5689 	EXP 	Device response: <KeyPress from None: t=263.56615774999955, value=c, duration=None>
263.5728 	DATA 	Keypress: c
263.6026 	EXP 	line1: autoDraw = True
263.6026 	EXP 	line2: autoDraw = True
263.6026 	EXP 	line3: autoDraw = True
263.6026 	EXP 	line4: autoDraw = True
263.6456 	EXP 	Fixation: autoDraw = False
263.7290 	EXP 	Device response: <KeyPress from None: t=263.56615774999955, value=c, duration=0.15235220799968374>
263.9290 	EXP 	Device response: <KeyPress from None: t=263.9201862909995, value=c, duration=None>
263.9340 	DATA 	Keypress: c
264.0792 	EXP 	Device response: <KeyPress from None: t=263.9201862909995, value=c, duration=0.15633387500020035>
264.2858 	EXP 	Device response: <KeyPress from None: t=264.28227437499936, value=c, duration=None>
264.2910 	DATA 	Keypress: c
264.4456 	EXP 	Device response: <KeyPress from None: t=264.28227437499936, value=c, duration=0.1601601660004235>
264.5786 	EXP 	Device response: <KeyPress from None: t=264.57210637499975, value=c, duration=None>
264.5837 	DATA 	Keypress: c
264.6125 	INFO 	Keyboard events cleared
264.6123 	EXP 	protrianglefixation: autoDraw = True
264.7865 	EXP 	Device response: <KeyPress from None: t=264.57210637499975, value=c, duration=0.20832220800002688>
265.0195 	EXP 	Device response: <KeyPress from None: t=265.0121301249992, value=c, duration=None>
265.0199 	EXP 	New trial (rep=29, index=3): <Trial 119 (3 in rep 29) data={'pos': np.int64(-150), 'corr_resp': 'z', 'thisN': 119, 'thisTrialN': 3, 'thisRepN': 29}>
265.0245 	DATA 	Keypress: c
265.0458 	EXP 	Fixation: autoDraw = False
265.0458 	EXP 	line1: autoDraw = False
265.0458 	EXP 	line2: autoDraw = False
265.0458 	EXP 	line3: autoDraw = False
265.0458 	EXP 	line4: autoDraw = False
265.0458 	EXP 	protrianglefixation: autoDraw = False
265.0458 	EXP 	Fixation: autoDraw = True
265.1359 	EXP 	Device response: <KeyPress from None: t=265.0121301249992, value=c, duration=0.12030229100037104>
265.8797 	EXP 	Device response: <KeyPress from None: t=265.8681539579993, value=z, duration=None>
265.8841 	DATA 	Keypress: z
265.9959 	EXP 	Device response: <KeyPress from None: t=257.96838329099955, value=z, duration=8.020123166999838>
266.0106 	EXP 	line1: autoDraw = True
266.0106 	EXP 	line2: autoDraw = True
266.0106 	EXP 	line3: autoDraw = True
266.0106 	EXP 	line4: autoDraw = True
266.0623 	EXP 	Fixation: autoDraw = False
266.1023 	EXP 	Device response: <KeyPress from None: t=266.10114245799923, value=z, duration=None>
266.1068 	DATA 	Keypress: z
266.2358 	EXP 	Device response: <KeyPress from None: t=265.8681539579993, value=z, duration=0.36525691699989693>
266.3864 	EXP 	Device response: <KeyPress from None: t=266.378108291, value=z, duration=None>
266.3912 	DATA 	Keypress: z
266.5201 	EXP 	Device response: <KeyPress from None: t=266.10114245799923, value=z, duration=0.41340875000059896>
266.6806 	EXP 	Device response: <KeyPress from None: t=266.65822174999994, value=z, duration=None>
266.6863 	DATA 	Keypress: z
266.8027 	EXP 	Device response: <KeyPress from None: t=266.378108291, value=z, duration=0.4202625839998291>
266.9301 	EXP 	Device response: <KeyPress from None: t=266.90819912499956, value=z, duration=None>
266.9349 	DATA 	Keypress: z
267.0189 	INFO 	Keyboard events cleared
267.0187 	EXP 	protrianglefixation: autoDraw = True
267.0790 	EXP 	Device response: <KeyPress from None: t=266.65822174999994, value=z, duration=0.41817374999936874>
267.1802 	EXP 	Device response: <KeyPress from None: t=267.1631379579994, value=z, duration=None>
267.1806 	EXP 	New trial (rep=30, index=0): <Trial 120 (0 in rep 30) data={'pos': np.int64(-50), 'corr_resp': 'x', 'thisN': 120, 'thisTrialN': 0, 'thisRepN': 30}>
267.1855 	DATA 	Keypress: z
267.1905 	EXP 	Fixation: autoDraw = False
267.1905 	EXP 	line1: autoDraw = False
267.1905 	EXP 	line2: autoDraw = False
267.1905 	EXP 	line3: autoDraw = False
267.1905 	EXP 	line4: autoDraw = False
267.1905 	EXP 	protrianglefixation: autoDraw = False
267.1905 	EXP 	Fixation: autoDraw = True
267.3129 	EXP 	Device response: <KeyPress from None: t=266.90819912499956, value=z, duration=0.399249332999716>
267.4623 	EXP 	Device response: <KeyPress from None: t=267.45636149999973, value=x, duration=None>
267.4664 	DATA 	Keypress: x
267.6461 	EXP 	Device response: <KeyPress from None: t=260.1693828749994, value=x, duration=7.467059915999926>
267.7143 	EXP 	Device response: <KeyPress from None: t=267.7111581659992, value=x, duration=None>
267.7189 	DATA 	Keypress: x
267.8802 	EXP 	Device response: <KeyPress from None: t=267.45636149999973, value=x, duration=0.41514037500019185>
268.0123 	EXP 	Device response: <KeyPress from None: t=268.00611266599935, value=x, duration=None>
268.0164 	DATA 	Keypress: x
268.1292 	EXP 	Device response: <KeyPress from None: t=267.7111581659992, value=x, duration=0.41126645900021686>
268.1957 	EXP 	Fixation: autoDraw = False
268.1957 	EXP 	line1: autoDraw = True
268.1957 	EXP 	line2: autoDraw = True
268.1957 	EXP 	line3: autoDraw = True
268.1957 	EXP 	line4: autoDraw = True
268.2627 	EXP 	Device response: <KeyPress from None: t=268.2530563329992, value=x, duration=None>
268.2679 	DATA 	Keypress: x
268.3962 	EXP 	Device response: <KeyPress from None: t=268.00611266599935, value=x, duration=0.3832722500001182>
268.6360 	EXP 	Device response: <KeyPress from None: t=268.6290302079997, value=x, duration=None>
268.6406 	DATA 	Keypress: x
268.7874 	EXP 	Device response: <KeyPress from None: t=268.2530563329992, value=x, duration=0.5282998330003466>
268.9290 	EXP 	Device response: <KeyPress from None: t=268.9210917499995, value=x, duration=None>
268.9341 	DATA 	Keypress: x
269.0122 	EXP 	Device response: <KeyPress from None: t=268.6290302079997, value=x, duration=0.38036545799968735>
269.1464 	EXP 	Device response: <KeyPress from None: t=269.1420400829993, value=x, duration=None>
269.1519 	DATA 	Keypress: x
269.1791 	INFO 	Keyboard events cleared
269.1789 	EXP 	protrianglefixation: autoDraw = True
269.2453 	EXP 	Device response: <KeyPress from None: t=268.9210917499995, value=x, duration=0.3173209160004262>
269.4533 	EXP 	Device response: <KeyPress from None: t=269.44809333299963, value=x, duration=None>
269.4537 	EXP 	New trial (rep=30, index=1): <Trial 121 (1 in rep 30) data={'pos': np.int64(150), 'corr_resp': 'v', 'thisN': 121, 'thisTrialN': 1, 'thisRepN': 30}>
269.4584 	DATA 	Keypress: x
269.4645 	EXP 	Fixation: autoDraw = False
269.4645 	EXP 	line1: autoDraw = False
269.4645 	EXP 	line2: autoDraw = False
269.4645 	EXP 	line3: autoDraw = False
269.4645 	EXP 	line4: autoDraw = False
269.4645 	EXP 	protrianglefixation: autoDraw = False
269.4645 	EXP 	Fixation: autoDraw = True
269.6289 	EXP 	Device response: <KeyPress from None: t=269.1420400829993, value=x, duration=0.48236358299982385>
270.0535 	EXP 	Device response: <KeyPress from None: t=270.05196166599944, value=v, duration=None>
270.0660 	DATA 	Keypress: v
270.1693 	EXP 	Device response: <KeyPress from None: t=270.05196166599944, value=v, duration=0.11240987499968469>
270.3128 	EXP 	Device response: <KeyPress from None: t=270.3060095409992, value=v, duration=None>
270.3172 	DATA 	Keypress: v
270.4534 	EXP 	line1: autoDraw = True
270.4534 	EXP 	line2: autoDraw = True
270.4534 	EXP 	line3: autoDraw = True
270.4534 	EXP 	line4: autoDraw = True
270.4789 	EXP 	Fixation: autoDraw = False
270.6809 	EXP 	Device response: <KeyPress from None: t=270.3060095409992, value=v, duration=0.3683556250007314>
270.8289 	EXP 	Device response: <KeyPress from None: t=270.81995333299983, value=v, duration=None>
270.8329 	DATA 	Keypress: v
270.9631 	EXP 	Device response: <KeyPress from None: t=270.81995333299983, value=v, duration=0.13634374999946886>
271.1456 	EXP 	Device response: <KeyPress from None: t=271.1399267909992, value=v, duration=None>
271.1507 	DATA 	Keypress: v
271.2866 	EXP 	Device response: <KeyPress from None: t=271.1399267909992, value=v, duration=0.14040345900048123>
271.4522 	INFO 	Keyboard events cleared
271.4520 	EXP 	protrianglefixation: autoDraw = True
271.5194 	EXP 	Device response: <KeyPress from None: t=271.5119379159996, value=v, duration=None>
271.5198 	EXP 	New trial (rep=30, index=2): <Trial 122 (2 in rep 30) data={'pos': np.int64(50), 'corr_resp': 'c', 'thisN': 122, 'thisTrialN': 2, 'thisRepN': 30}>
271.5244 	DATA 	Keypress: v
271.5458 	EXP 	Fixation: autoDraw = False
271.5458 	EXP 	line1: autoDraw = False
271.5458 	EXP 	line2: autoDraw = False
271.5458 	EXP 	line3: autoDraw = False
271.5458 	EXP 	line4: autoDraw = False
271.5458 	EXP 	protrianglefixation: autoDraw = False
271.5458 	EXP 	Fixation: autoDraw = True
271.6794 	EXP 	Device response: <KeyPress from None: t=271.5119379159996, value=v, duration=0.16043645900026604>
271.7862 	EXP 	Device response: <KeyPress from None: t=271.77890116599974, value=v, duration=None>
271.7903 	DATA 	Keypress: v
271.8455 	EXP 	Device response: <KeyPress from None: t=271.77890116599974, value=v, duration=0.06445408399940789>
272.1363 	EXP 	Device response: <KeyPress from None: t=272.1299282079999, value=c, duration=None>
272.1408 	DATA 	Keypress: c
272.2691 	EXP 	Device response: <KeyPress from None: t=272.1299282079999, value=c, duration=0.13235674999941693>
272.4197 	EXP 	Device response: <KeyPress from None: t=272.4179369579997, value=c, duration=None>
272.4317 	DATA 	Keypress: c
272.5183 	EXP 	line1: autoDraw = True
272.5183 	EXP 	line2: autoDraw = True
272.5183 	EXP 	line3: autoDraw = True
272.5183 	EXP 	line4: autoDraw = True
272.5444 	EXP 	Fixation: autoDraw = False
272.5634 	EXP 	Device response: <KeyPress from None: t=272.4179369579997, value=c, duration=0.14334175000021787>
272.7696 	EXP 	Device response: <KeyPress from None: t=272.7640029159993, value=c, duration=None>
272.7742 	DATA 	Keypress: c
272.9149 	EXP 	Device response: <KeyPress from None: t=272.7640029159993, value=c, duration=0.14826774999983172>
273.1036 	EXP 	Device response: <KeyPress from None: t=273.1009951249998, value=c, duration=None>
273.1087 	DATA 	Keypress: c
273.2634 	EXP 	Device response: <KeyPress from None: t=273.1009951249998, value=c, duration=0.16029941599936137>
273.4464 	EXP 	Device response: <KeyPress from None: t=273.4389778749992, value=c, duration=None>
273.4519 	DATA 	Keypress: c
273.5128 	EXP 	Device response: <KeyPress from None: t=273.4389778749992, value=c, duration=0.07228662500074279>
273.5214 	INFO 	Keyboard events cleared
273.5212 	EXP 	protrianglefixation: autoDraw = True
273.7120 	EXP 	Device response: <KeyPress from None: t=273.7038808749994, value=c, duration=None>
273.7124 	EXP 	New trial (rep=30, index=3): <Trial 123 (3 in rep 30) data={'pos': np.int64(-150), 'corr_resp': 'z', 'thisN': 123, 'thisTrialN': 3, 'thisRepN': 30}>
273.7172 	DATA 	Keypress: c
273.7220 	EXP 	Fixation: autoDraw = False
273.7220 	EXP 	line1: autoDraw = False
273.7220 	EXP 	line2: autoDraw = False
273.7220 	EXP 	line3: autoDraw = False
273.7220 	EXP 	line4: autoDraw = False
273.7220 	EXP 	protrianglefixation: autoDraw = False
273.7220 	EXP 	Fixation: autoDraw = True
273.7858 	EXP 	Device response: <KeyPress from None: t=273.7038808749994, value=c, duration=0.07638362499983486>
274.3029 	EXP 	Device response: <KeyPress from None: t=274.2989138749999, value=z, duration=None>
274.3077 	DATA 	Keypress: z
274.4372 	EXP 	Device response: <KeyPress from None: t=267.1631379579994, value=z, duration=7.26818295800058>
274.5625 	EXP 	Device response: <KeyPress from None: t=274.5579609159995, value=z, duration=None>
274.5668 	DATA 	Keypress: z
274.6805 	EXP 	Device response: <KeyPress from None: t=274.2989138749999, value=z, duration=0.37538766599936935>
274.7122 	EXP 	line1: autoDraw = True
274.7122 	EXP 	line2: autoDraw = True
274.7122 	EXP 	line3: autoDraw = True
274.7122 	EXP 	line4: autoDraw = True
274.7185 	EXP 	Fixation: autoDraw = False
274.8288 	EXP 	Device response: <KeyPress from None: t=274.82393266599956, value=z, duration=None>
274.8340 	DATA 	Keypress: z
274.9518 	EXP 	Device response: <KeyPress from None: t=274.5579609159995, value=z, duration=0.38627925000037067>
275.0788 	EXP 	Device response: <KeyPress from None: t=275.0698187909993, value=z, duration=None>
275.0837 	DATA 	Keypress: z
275.2129 	EXP 	Device response: <KeyPress from None: t=274.82393266599956, value=z, duration=0.3823487500003466>
275.3521 	EXP 	Device response: <KeyPress from None: t=275.34695904099954, value=z, duration=None>
275.3569 	DATA 	Keypress: z
275.5031 	EXP 	Device response: <KeyPress from None: t=275.0698187909993, value=z, duration=0.4254044170002089>
275.6362 	EXP 	Device response: <KeyPress from None: t=275.628898125, value=z, duration=None>
275.6409 	DATA 	Keypress: z
275.7108 	INFO 	Keyboard events cleared
275.7106 	EXP 	protrianglefixation: autoDraw = True
275.7695 	EXP 	Device response: <KeyPress from None: t=275.34695904099954, value=z, duration=0.41422083399993426>
275.9366 	EXP 	Device response: <KeyPress from None: t=275.9289369579992, value=z, duration=None>
275.9370 	EXP 	New trial (rep=31, index=0): <Trial 124 (0 in rep 31) data={'pos': np.int64(-50), 'corr_resp': 'x', 'thisN': 124, 'thisTrialN': 0, 'thisRepN': 31}>
275.9417 	DATA 	Keypress: z
275.9478 	EXP 	Fixation: autoDraw = False
275.9478 	EXP 	line1: autoDraw = False
275.9478 	EXP 	line2: autoDraw = False
275.9478 	EXP 	line3: autoDraw = False
275.9478 	EXP 	line4: autoDraw = False
275.9478 	EXP 	protrianglefixation: autoDraw = False
275.9478 	EXP 	Fixation: autoDraw = True
276.0128 	EXP 	Device response: <KeyPress from None: t=275.628898125, value=z, duration=0.37635683299959055>
276.2296 	EXP 	Device response: <KeyPress from None: t=276.2249377499993, value=x, duration=None>
276.2339 	DATA 	Keypress: x
276.3967 	EXP 	Device response: <KeyPress from None: t=269.44809333299963, value=x, duration=6.941137249999883>
276.5201 	EXP 	Device response: <KeyPress from None: t=276.51799287499944, value=x, duration=None>
276.5242 	DATA 	Keypress: x
276.6462 	EXP 	Device response: <KeyPress from None: t=276.2249377499993, value=x, duration=0.41725337500065507>
276.7797 	EXP 	Device response: <KeyPress from None: t=276.7758671249994, value=x, duration=None>
276.7838 	DATA 	Keypress: x
276.9193 	EXP 	Device response: <KeyPress from None: t=276.51799287499944, value=x, duration=0.39820412500012026>
276.9351 	EXP 	line1: autoDraw = True
276.9351 	EXP 	line2: autoDraw = True
276.9351 	EXP 	line3: autoDraw = True
276.9351 	EXP 	line4: autoDraw = True
276.9441 	EXP 	Fixation: autoDraw = False
277.0461 	EXP 	Device response: <KeyPress from None: t=277.0388849159999, value=x, duration=None>
277.0512 	DATA 	Keypress: x
277.1955 	EXP 	Device response: <KeyPress from None: t=276.7758671249994, value=x, duration=0.41135399999984656>
277.2953 	EXP 	Device response: <KeyPress from None: t=277.2908639999996, value=x, duration=None>
277.3002 	DATA 	Keypress: x
277.4454 	EXP 	Device response: <KeyPress from None: t=277.0388849159999, value=x, duration=0.4043605839997326>
277.5957 	EXP 	Device response: <KeyPress from None: t=277.59190945799946, value=x, duration=None>
277.6008 	DATA 	Keypress: x
277.7356 	EXP 	Device response: <KeyPress from None: t=277.2908639999996, value=x, duration=0.4372963329997219>
277.8696 	EXP 	Device response: <KeyPress from None: t=277.86588745799963, value=x, duration=None>
277.8752 	DATA 	Keypress: x
277.9359 	INFO 	Keyboard events cleared
277.9357 	EXP 	protrianglefixation: autoDraw = True
277.9965 	EXP 	Device response: <KeyPress from None: t=277.59190945799946, value=x, duration=0.40231149999999616>
278.1788 	EXP 	Device response: <KeyPress from None: t=278.174879958, value=x, duration=None>
278.1792 	EXP 	New trial (rep=31, index=1): <Trial 125 (1 in rep 31) data={'pos': np.int64(150), 'corr_resp': 'v', 'thisN': 125, 'thisTrialN': 1, 'thisRepN': 31}>
278.1849 	DATA 	Keypress: x
278.1900 	EXP 	Fixation: autoDraw = False
278.1900 	EXP 	line1: autoDraw = False
278.1900 	EXP 	line2: autoDraw = False
278.1900 	EXP 	line3: autoDraw = False
278.1900 	EXP 	line4: autoDraw = False
278.1900 	EXP 	protrianglefixation: autoDraw = False
278.1900 	EXP 	Fixation: autoDraw = True
278.3022 	EXP 	Device response: <KeyPress from None: t=277.86588745799963, value=x, duration=0.43330895799954305>
278.9526 	EXP 	Device response: <KeyPress from None: t=278.9488752499992, value=v, duration=None>
278.9578 	DATA 	Keypress: v
279.0454 	EXP 	Device response: <KeyPress from None: t=278.9488752499992, value=v, duration=0.09291791600026045>
279.1774 	EXP 	line1: autoDraw = True
279.1774 	EXP 	line2: autoDraw = True
279.1774 	EXP 	line3: autoDraw = True
279.1774 	EXP 	line4: autoDraw = True
279.1851 	EXP 	Fixation: autoDraw = False
279.2199 	EXP 	Device response: <KeyPress from None: t=279.21783358299945, value=v, duration=None>
279.2254 	DATA 	Keypress: v
279.2858 	EXP 	Device response: <KeyPress from None: t=279.21783358299945, value=v, duration=0.060297541999716486>
279.4629 	EXP 	Device response: <KeyPress from None: t=279.4539673329991, value=v, duration=None>
279.4684 	DATA 	Keypress: v
279.5465 	EXP 	Device response: <KeyPress from None: t=279.4539673329991, value=v, duration=0.08414887500020996>
279.7289 	EXP 	Device response: <KeyPress from None: t=279.7187705409997, value=v, duration=None>
279.7348 	DATA 	Keypress: v
279.8290 	EXP 	Device response: <KeyPress from None: t=279.7187705409997, value=v, duration=0.10835175000011077>
279.9859 	EXP 	Device response: <KeyPress from None: t=279.98352395799975, value=v, duration=None>
279.9912 	DATA 	Keypress: v
280.0853 	EXP 	Device response: <KeyPress from None: t=279.98352395799975, value=v, duration=0.09967245799998636>
280.1774 	INFO 	Keyboard events cleared
280.1772 	EXP 	protrianglefixation: autoDraw = True
280.2455 	EXP 	Device response: <KeyPress from None: t=280.2378296249999, value=v, duration=None>
280.2459 	EXP 	New trial (rep=31, index=2): <Trial 126 (2 in rep 31) data={'pos': np.int64(50), 'corr_resp': 'c', 'thisN': 126, 'thisTrialN': 2, 'thisRepN': 31}>
280.2512 	DATA 	Keypress: v
280.2563 	EXP 	Fixation: autoDraw = False
280.2563 	EXP 	line1: autoDraw = False
280.2563 	EXP 	line2: autoDraw = False
280.2563 	EXP 	line3: autoDraw = False
280.2563 	EXP 	line4: autoDraw = False
280.2563 	EXP 	protrianglefixation: autoDraw = False
280.2563 	EXP 	Fixation: autoDraw = True
280.3301 	EXP 	Device response: <KeyPress from None: t=280.2378296249999, value=v, duration=0.08028104099958>
281.2442 	EXP 	line1: autoDraw = True
281.2442 	EXP 	line2: autoDraw = True
281.2442 	EXP 	line3: autoDraw = True
281.2442 	EXP 	line4: autoDraw = True
281.2518 	EXP 	Fixation: autoDraw = False
281.2529 	EXP 	Device response: <KeyPress from None: t=281.250740083, value=c, duration=None>
281.2582 	DATA 	Keypress: c
281.3636 	EXP 	Device response: <KeyPress from None: t=281.250740083, value=c, duration=0.10835395799949765>
281.5528 	EXP 	Device response: <KeyPress from None: t=281.546733958, value=c, duration=None>
281.5582 	DATA 	Keypress: c
281.7028 	EXP 	Device response: <KeyPress from None: t=281.546733958, value=c, duration=0.15242358299929037>
281.8121 	EXP 	Device response: <KeyPress from None: t=281.8066735409993, value=c, duration=None>
281.8175 	DATA 	Keypress: c
281.9457 	EXP 	Device response: <KeyPress from None: t=281.8066735409993, value=c, duration=0.13238062500022352>
282.0860 	EXP 	Device response: <KeyPress from None: t=282.0837394579994, value=c, duration=None>
282.0914 	DATA 	Keypress: c
282.1854 	EXP 	Device response: <KeyPress from None: t=282.0837394579994, value=c, duration=0.10041329199975735>
282.2442 	INFO 	Keyboard events cleared
282.2440 	EXP 	protrianglefixation: autoDraw = True
282.3132 	EXP 	Device response: <KeyPress from None: t=282.30279154099935, value=c, duration=None>
282.3138 	EXP 	New trial (rep=31, index=3): <Trial 127 (3 in rep 31) data={'pos': np.int64(-150), 'corr_resp': 'z', 'thisN': 127, 'thisTrialN': 3, 'thisRepN': 31}>
282.3194 	DATA 	Keypress: c
282.3244 	EXP 	Fixation: autoDraw = False
282.3244 	EXP 	line1: autoDraw = False
282.3244 	EXP 	line2: autoDraw = False
282.3244 	EXP 	line3: autoDraw = False
282.3244 	EXP 	line4: autoDraw = False
282.3244 	EXP 	protrianglefixation: autoDraw = False
282.3244 	EXP 	Fixation: autoDraw = True
282.4462 	EXP 	Device response: <KeyPress from None: t=282.30279154099935, value=c, duration=0.14032966700051475>
282.6027 	EXP 	Device response: <KeyPress from None: t=282.5987605829996, value=c, duration=None>
282.6077 	DATA 	Keypress: c
282.6963 	EXP 	Device response: <KeyPress from None: t=282.5987605829996, value=c, duration=0.08834216699960962>
283.3107 	EXP 	line1: autoDraw = True
283.3107 	EXP 	line2: autoDraw = True
283.3107 	EXP 	line3: autoDraw = True
283.3107 	EXP 	line4: autoDraw = True
283.3181 	EXP 	Fixation: autoDraw = False
283.3191 	EXP 	Device response: <KeyPress from None: t=283.31666358299935, value=z, duration=None>
283.3243 	DATA 	Keypress: z
283.3958 	EXP 	Device response: <KeyPress from None: t=275.9289369579992, value=z, duration=7.464156417000595>
283.5298 	EXP 	Device response: <KeyPress from None: t=283.5206665409996, value=z, duration=None>
283.5356 	DATA 	Keypress: z
283.6693 	EXP 	Device response: <KeyPress from None: t=283.31666358299935, value=z, duration=0.34838104200025555>
283.8123 	EXP 	Device response: <KeyPress from None: t=283.8086430829999, value=z, duration=None>
283.8181 	DATA 	Keypress: z
283.9190 	EXP 	Device response: <KeyPress from None: t=283.5206665409996, value=z, duration=0.3922847920002823>
284.0358 	EXP 	Device response: <KeyPress from None: t=284.03368970799966, value=z, duration=None>
284.0411 	DATA 	Keypress: z
284.1857 	EXP 	Device response: <KeyPress from None: t=283.8086430829999, value=z, duration=0.3693962079996709>
284.3109 	INFO 	Keyboard events cleared
284.3107 	EXP 	protrianglefixation: autoDraw = True
284.3193 	EXP 	Device response: <KeyPress from None: t=284.3126838749995, value=z, duration=None>
284.3197 	EXP 	New trial (rep=32, index=0): <Trial 128 (0 in rep 32) data={'pos': np.int64(-50), 'corr_resp': 'x', 'thisN': 128, 'thisTrialN': 0, 'thisRepN': 32}>
284.3251 	DATA 	Keypress: z
284.3310 	EXP 	Fixation: autoDraw = False
284.3310 	EXP 	line1: autoDraw = False
284.3310 	EXP 	line2: autoDraw = False
284.3310 	EXP 	line3: autoDraw = False
284.3310 	EXP 	line4: autoDraw = False
284.3310 	EXP 	protrianglefixation: autoDraw = False
284.3310 	EXP 	Fixation: autoDraw = True
284.4625 	EXP 	Device response: <KeyPress from None: t=284.03368970799966, value=z, duration=0.419386833000317>
284.7871 	EXP 	Device response: <KeyPress from None: t=284.7786114999999, value=x, duration=None>
284.7925 	DATA 	Keypress: x
284.9035 	EXP 	Device response: <KeyPress from None: t=278.174879958, value=x, duration=6.724177832999885>
285.1459 	EXP 	Device response: <KeyPress from None: t=285.137813458, value=x, duration=None>
285.1507 	DATA 	Keypress: x
285.2523 	EXP 	Device response: <KeyPress from None: t=284.7786114999999, value=x, duration=0.4713480410000557>
285.3187 	EXP 	line1: autoDraw = True
285.3187 	EXP 	line2: autoDraw = True
285.3187 	EXP 	line3: autoDraw = True
285.3187 	EXP 	line4: autoDraw = True
285.3276 	EXP 	Fixation: autoDraw = False
285.4293 	EXP 	Device response: <KeyPress from None: t=285.42059858299945, value=x, duration=None>
285.4349 	DATA 	Keypress: x
285.5290 	EXP 	Device response: <KeyPress from None: t=285.137813458, value=x, duration=0.3872689169993464>
285.7622 	EXP 	Device response: <KeyPress from None: t=285.7547166659997, value=x, duration=None>
285.7679 	DATA 	Keypress: x
285.8620 	EXP 	Device response: <KeyPress from None: t=285.42059858299945, value=x, duration=0.43441108299975895>
286.0125 	EXP 	Device response: <KeyPress from None: t=286.00565029099926, value=x, duration=None>
286.0179 	DATA 	Keypress: x
286.0962 	EXP 	Device response: <KeyPress from None: t=285.7547166659997, value=x, duration=0.3313131670001894>
286.3188 	INFO 	Keyboard events cleared
286.3187 	EXP 	protrianglefixation: autoDraw = True
286.3352 	EXP 	Device response: <KeyPress from None: t=286.3336741659996, value=x, duration=None>
286.3357 	EXP 	New trial (rep=32, index=1): <Trial 129 (1 in rep 32) data={'pos': np.int64(150), 'corr_resp': 'v', 'thisN': 129, 'thisTrialN': 1, 'thisRepN': 32}>
286.3410 	DATA 	Keypress: x
286.3623 	EXP 	Fixation: autoDraw = False
286.3623 	EXP 	line1: autoDraw = False
286.3623 	EXP 	line2: autoDraw = False
286.3623 	EXP 	line3: autoDraw = False
286.3623 	EXP 	line4: autoDraw = False
286.3623 	EXP 	protrianglefixation: autoDraw = False
286.3623 	EXP 	Fixation: autoDraw = True
286.4530 	EXP 	Device response: <KeyPress from None: t=286.00565029099926, value=x, duration=0.44028820900075516>
286.5690 	EXP 	Device response: <KeyPress from None: t=286.5667082079999, value=x, duration=None>
286.5735 	DATA 	Keypress: x
286.7307 	EXP 	Device response: <KeyPress from None: t=286.3336741659996, value=x, duration=0.3933063750000656>
287.0964 	EXP 	Device response: <KeyPress from None: t=287.0917088749993, value=v, duration=None>
287.1019 	DATA 	Keypress: v
287.2197 	EXP 	Device response: <KeyPress from None: t=287.0917088749993, value=v, duration=0.12425475000054576>
287.3273 	EXP 	line1: autoDraw = True
287.3273 	EXP 	line2: autoDraw = True
287.3273 	EXP 	line3: autoDraw = True
287.3273 	EXP 	line4: autoDraw = True
287.3611 	EXP 	Fixation: autoDraw = False
287.4361 	EXP 	Device response: <KeyPress from None: t=287.4316415409994, value=v, duration=None>
287.4416 	DATA 	Keypress: v
287.6200 	EXP 	Device response: <KeyPress from None: t=287.4316415409994, value=v, duration=0.18025395899985597>
287.7972 	EXP 	Device response: <KeyPress from None: t=287.79257512499953, value=v, duration=None>
287.8033 	DATA 	Keypress: v
287.9194 	EXP 	Device response: <KeyPress from None: t=287.79257512499953, value=v, duration=0.12041295800008811>
288.2456 	EXP 	Device response: <KeyPress from None: t=288.24260958299965, value=v, duration=None>
288.2513 	DATA 	Keypress: v
288.3281 	INFO 	Keyboard events cleared
288.3279 	EXP 	protrianglefixation: autoDraw = True
288.3361 	EXP 	Device response: <KeyPress from None: t=288.24260958299965, value=v, duration=0.08834258299975772>
288.5538 	EXP 	Device response: <KeyPress from None: t=288.5505305829993, value=v, duration=None>
288.5542 	EXP 	New trial (rep=32, index=2): <Trial 130 (2 in rep 32) data={'pos': np.int64(50), 'corr_resp': 'c', 'thisN': 130, 'thisTrialN': 2, 'thisRepN': 32}>
288.5597 	DATA 	Keypress: v
288.5649 	EXP 	Fixation: autoDraw = False
288.5649 	EXP 	line1: autoDraw = False
288.5649 	EXP 	line2: autoDraw = False
288.5649 	EXP 	line3: autoDraw = False
288.5649 	EXP 	line4: autoDraw = False
288.5649 	EXP 	protrianglefixation: autoDraw = False
288.5649 	EXP 	Fixation: autoDraw = True
288.6133 	EXP 	Device response: <KeyPress from None: t=288.5505305829993, value=v, duration=0.05642400000033376>
288.7871 	EXP 	Device response: <KeyPress from None: t=288.7795347909996, value=v, duration=None>
288.7920 	DATA 	Keypress: v
288.8458 	EXP 	Device response: <KeyPress from None: t=288.7795347909996, value=v, duration=0.06032137500005774>
289.3694 	EXP 	Device response: <KeyPress from None: t=289.36358704099985, value=c, duration=None>
289.3742 	DATA 	Keypress: c
289.5297 	EXP 	Device response: <KeyPress from None: t=289.36358704099985, value=c, duration=0.16435116699994978>
289.5515 	EXP 	line1: autoDraw = True
289.5515 	EXP 	line2: autoDraw = True
289.5515 	EXP 	line3: autoDraw = True
289.5515 	EXP 	line4: autoDraw = True
289.5608 	EXP 	Fixation: autoDraw = False
289.7306 	EXP 	Device response: <KeyPress from None: t=289.7266483329995, value=c, duration=None>
289.7370 	DATA 	Keypress: c
289.8360 	EXP 	Device response: <KeyPress from None: t=289.7266483329995, value=c, duration=0.10435070800031099>
289.9963 	EXP 	Device response: <KeyPress from None: t=289.98953770799926, value=c, duration=None>
290.0016 	DATA 	Keypress: c
290.0956 	EXP 	Device response: <KeyPress from None: t=289.98953770799926, value=c, duration=0.10433145800016064>
290.2362 	EXP 	Device response: <KeyPress from None: t=290.22947312499946, value=c, duration=None>
290.2414 	DATA 	Keypress: c
290.3191 	EXP 	Device response: <KeyPress from None: t=290.22947312499946, value=c, duration=0.08444650000001275>
290.4357 	EXP 	Device response: <KeyPress from None: t=290.43050425, value=c, duration=None>
290.4405 	DATA 	Keypress: c
290.5521 	INFO 	Keyboard events cleared
290.5519 	EXP 	protrianglefixation: autoDraw = True
290.5621 	EXP 	Device response: <KeyPress from None: t=290.43050425, value=c, duration=0.12836058299944852>
290.6788 	EXP 	Device response: <KeyPress from None: t=290.67157795799994, value=c, duration=None>
290.6793 	EXP 	New trial (rep=32, index=3): <Trial 131 (3 in rep 32) data={'pos': np.int64(-150), 'corr_resp': 'z', 'thisN': 131, 'thisTrialN': 3, 'thisRepN': 32}>
290.6845 	DATA 	Keypress: c
290.6890 	EXP 	Fixation: autoDraw = False
290.6890 	EXP 	line1: autoDraw = False
290.6890 	EXP 	line2: autoDraw = False
290.6890 	EXP 	line3: autoDraw = False
290.6890 	EXP 	line4: autoDraw = False
290.6890 	EXP 	protrianglefixation: autoDraw = False
290.6890 	EXP 	Fixation: autoDraw = True
290.8130 	EXP 	Device response: <KeyPress from None: t=290.67157795799994, value=c, duration=0.13221266699929402>
290.9295 	EXP 	Device response: <KeyPress from None: t=290.92049516599945, value=c, duration=None>
290.9343 	DATA 	Keypress: c
291.0025 	EXP 	Device response: <KeyPress from None: t=290.92049516599945, value=c, duration=0.07643245899998874>
291.5531 	EXP 	Device response: <KeyPress from None: t=291.54758766599934, value=z, duration=None>
291.5578 	DATA 	Keypress: z
291.6696 	EXP 	line1: autoDraw = True
291.6696 	EXP 	line2: autoDraw = True
291.6696 	EXP 	line3: autoDraw = True
291.6696 	EXP 	line4: autoDraw = True
291.7124 	EXP 	Fixation: autoDraw = False
291.7138 	EXP 	Device response: <KeyPress from None: t=284.3126838749995, value=z, duration=7.383168250000381>
291.8363 	EXP 	Device response: <KeyPress from None: t=291.830459541, value=z, duration=None>
291.8418 	DATA 	Keypress: z
291.9283 	EXP 	Device response: <KeyPress from None: t=291.54758766599934, value=z, duration=0.3792880420005531>
292.0852 	EXP 	Device response: <KeyPress from None: t=292.0804876249995, value=z, duration=None>
292.0902 	DATA 	Keypress: z
292.2287 	EXP 	Device response: <KeyPress from None: t=291.830459541, value=z, duration=0.3944120419992032>
292.3690 	EXP 	Device response: <KeyPress from None: t=292.3665650409994, value=z, duration=None>
292.3742 	DATA 	Keypress: z
292.4864 	EXP 	Device response: <KeyPress from None: t=292.0804876249995, value=z, duration=0.4023523750001914>
292.6288 	EXP 	Device response: <KeyPress from None: t=292.6255043329993, value=z, duration=None>
292.6343 	DATA 	Keypress: z
292.6689 	INFO 	Keyboard events cleared
292.6687 	EXP 	protrianglefixation: autoDraw = True
292.7457 	EXP 	Device response: <KeyPress from None: t=292.3665650409994, value=z, duration=0.37121495900009904>
292.9289 	EXP 	Device response: <KeyPress from None: t=292.92042008299995, value=z, duration=None>
292.9294 	EXP 	New trial (rep=33, index=0): <Trial 132 (0 in rep 33) data={'pos': np.int64(-50), 'corr_resp': 'x', 'thisN': 132, 'thisTrialN': 0, 'thisRepN': 33}>
292.9344 	DATA 	Keypress: z
292.9393 	EXP 	Fixation: autoDraw = False
292.9393 	EXP 	line1: autoDraw = False
292.9393 	EXP 	line2: autoDraw = False
292.9393 	EXP 	line3: autoDraw = False
292.9393 	EXP 	line4: autoDraw = False
292.9393 	EXP 	protrianglefixation: autoDraw = False
292.9393 	EXP 	Fixation: autoDraw = True
293.0133 	EXP 	Device response: <KeyPress from None: t=292.6255043329993, value=z, duration=0.3753050000004805>
293.4296 	EXP 	Device response: <KeyPress from None: t=293.42042204099926, value=x, duration=None>
293.4343 	DATA 	Keypress: x
293.5532 	EXP 	Device response: <KeyPress from None: t=286.5667082079999, value=x, duration=6.982013916999676>
293.6869 	EXP 	Device response: <KeyPress from None: t=293.68050137499995, value=x, duration=None>
293.6913 	DATA 	Keypress: x
293.8292 	EXP 	Device response: <KeyPress from None: t=293.42042204099926, value=x, duration=0.4003478750000795>
293.9281 	EXP 	line1: autoDraw = True
293.9281 	EXP 	line2: autoDraw = True
293.9281 	EXP 	line3: autoDraw = True
293.9281 	EXP 	line4: autoDraw = True
293.9358 	EXP 	Fixation: autoDraw = False
293.9694 	EXP 	Device response: <KeyPress from None: t=293.9624484999995, value=x, duration=None>
293.9745 	DATA 	Keypress: x
294.0795 	EXP 	Device response: <KeyPress from None: t=293.68050137499995, value=x, duration=0.386413833000006>
294.2287 	EXP 	Device response: <KeyPress from None: t=294.22752299999956, value=x, duration=None>
294.2340 	DATA 	Keypress: x
294.3864 	EXP 	Device response: <KeyPress from None: t=293.9624484999995, value=x, duration=0.42134524999983114>
294.5453 	EXP 	Device response: <KeyPress from None: t=294.54343124999923, value=x, duration=None>
294.5510 	DATA 	Keypress: x
294.6458 	EXP 	Device response: <KeyPress from None: t=294.22752299999956, value=x, duration=0.41635179100012465>
294.7701 	EXP 	Device response: <KeyPress from None: t=294.7644542499993, value=x, duration=None>
294.7751 	DATA 	Keypress: x
294.9278 	INFO 	Keyboard events cleared
294.9276 	EXP 	protrianglefixation: autoDraw = True
294.9356 	EXP 	Device response: <KeyPress from None: t=294.54343124999923, value=x, duration=0.38938845800021227>
295.0529 	EXP 	Device response: <KeyPress from None: t=295.04646483299985, value=x, duration=None>
295.0533 	EXP 	New trial (rep=33, index=1): <Trial 133 (1 in rep 33) data={'pos': np.int64(150), 'corr_resp': 'v', 'thisN': 133, 'thisTrialN': 1, 'thisRepN': 33}>
295.0585 	DATA 	Keypress: x
295.0645 	EXP 	Fixation: autoDraw = False
295.0645 	EXP 	line1: autoDraw = False
295.0645 	EXP 	line2: autoDraw = False
295.0645 	EXP 	line3: autoDraw = False
295.0645 	EXP 	line4: autoDraw = False
295.0645 	EXP 	protrianglefixation: autoDraw = False
295.0645 	EXP 	Fixation: autoDraw = True
295.2304 	EXP 	Device response: <KeyPress from None: t=294.7644542499993, value=x, duration=0.4422842080002738>
295.7193 	EXP 	Device response: <KeyPress from None: t=295.7134792909992, value=v, duration=None>
295.7238 	DATA 	Keypress: v
295.8373 	EXP 	Device response: <KeyPress from None: t=295.7134792909992, value=v, duration=0.12028079200081265>
295.9790 	EXP 	Device response: <KeyPress from None: t=295.97244479099936, value=v, duration=None>
295.9834 	DATA 	Keypress: v
296.0511 	EXP 	line1: autoDraw = True
296.0511 	EXP 	line2: autoDraw = True
296.0511 	EXP 	line3: autoDraw = True
296.0511 	EXP 	line4: autoDraw = True
296.0608 	EXP 	Fixation: autoDraw = False
296.0798 	EXP 	Device response: <KeyPress from None: t=295.97244479099936, value=v, duration=0.10032395899997937>
296.4192 	EXP 	Device response: <KeyPress from None: t=296.4124009999996, value=v, duration=None>
296.4241 	DATA 	Keypress: v
296.5621 	EXP 	Device response: <KeyPress from None: t=296.4124009999996, value=v, duration=0.14035837499977788>
296.7288 	EXP 	Device response: <KeyPress from None: t=296.7234865829996, value=v, duration=None>
296.7344 	DATA 	Keypress: v
296.8358 	EXP 	Device response: <KeyPress from None: t=296.7234865829996, value=v, duration=0.10825275000024703>
296.9954 	EXP 	Device response: <KeyPress from None: t=296.98745099999996, value=v, duration=None>
297.0007 	DATA 	Keypress: v
297.0521 	INFO 	Keyboard events cleared
297.0519 	EXP 	protrianglefixation: autoDraw = True
297.1022 	EXP 	Device response: <KeyPress from None: t=296.98745099999996, value=v, duration=0.10824529099954816>
297.2524 	EXP 	Device response: <KeyPress from None: t=297.24631841599967, value=v, duration=None>
297.2528 	EXP 	New trial (rep=33, index=2): <Trial 134 (2 in rep 33) data={'pos': np.int64(50), 'corr_resp': 'c', 'thisN': 134, 'thisTrialN': 2, 'thisRepN': 33}>
297.2576 	DATA 	Keypress: v
297.2786 	EXP 	Fixation: autoDraw = False
297.2786 	EXP 	line1: autoDraw = False
297.2786 	EXP 	line2: autoDraw = False
297.2786 	EXP 	line3: autoDraw = False
297.2786 	EXP 	line4: autoDraw = False
297.2786 	EXP 	protrianglefixation: autoDraw = False
297.2786 	EXP 	Fixation: autoDraw = True
297.3627 	EXP 	Device response: <KeyPress from None: t=297.24631841599967, value=v, duration=0.1124426249998578>
298.0526 	EXP 	Device response: <KeyPress from None: t=298.04629899999964, value=c, duration=None>
298.0570 	DATA 	Keypress: c
298.1625 	EXP 	Device response: <KeyPress from None: t=298.04629899999964, value=c, duration=0.1084006250002858>
298.2443 	EXP 	line1: autoDraw = True
298.2443 	EXP 	line2: autoDraw = True
298.2443 	EXP 	line3: autoDraw = True
298.2443 	EXP 	line4: autoDraw = True
298.2778 	EXP 	Fixation: autoDraw = False
298.3296 	EXP 	Device response: <KeyPress from None: t=298.3233829159999, value=c, duration=None>
298.3353 	DATA 	Keypress: c
298.5028 	EXP 	Device response: <KeyPress from None: t=298.3233829159999, value=c, duration=0.17229479199977504>
298.6955 	EXP 	Device response: <KeyPress from None: t=298.68838295799924, value=c, duration=None>
298.7010 	DATA 	Keypress: c
298.7620 	EXP 	Device response: <KeyPress from None: t=298.68838295799924, value=c, duration=0.07220191700071155>
298.9624 	EXP 	Device response: <KeyPress from None: t=298.95939824999914, value=c, duration=None>
298.9682 	DATA 	Keypress: c
299.1024 	EXP 	Device response: <KeyPress from None: t=298.95939824999914, value=c, duration=0.14023400000041875>
299.2442 	INFO 	Keyboard events cleared
299.2440 	EXP 	protrianglefixation: autoDraw = True
299.2696 	EXP 	Device response: <KeyPress from None: t=299.26737912499993, value=c, duration=None>
299.2700 	EXP 	New trial (rep=33, index=3): <Trial 135 (3 in rep 33) data={'pos': np.int64(-150), 'corr_resp': 'z', 'thisN': 135, 'thisTrialN': 3, 'thisRepN': 33}>
299.2750 	DATA 	Keypress: c
299.2813 	EXP 	Fixation: autoDraw = False
299.2813 	EXP 	line1: autoDraw = False
299.2813 	EXP 	line2: autoDraw = False
299.2813 	EXP 	line3: autoDraw = False
299.2813 	EXP 	line4: autoDraw = False
299.2813 	EXP 	protrianglefixation: autoDraw = False
299.2813 	EXP 	Fixation: autoDraw = True
299.3853 	EXP 	Device response: <KeyPress from None: t=299.26737912499993, value=c, duration=0.1122402080000029>
300.1540 	EXP 	Device response: <KeyPress from None: t=300.14635745799933, value=z, duration=None>
300.1586 	DATA 	Keypress: z
300.2677 	EXP 	line1: autoDraw = True
300.2677 	EXP 	line2: autoDraw = True
300.2677 	EXP 	line3: autoDraw = True
300.2677 	EXP 	line4: autoDraw = True
300.2777 	EXP 	Fixation: autoDraw = False
300.2789 	EXP 	Device response: <KeyPress from None: t=292.92042008299995, value=z, duration=7.3542217499998515>
300.4302 	EXP 	Device response: <KeyPress from None: t=300.4163804159998, value=z, duration=None>
300.4356 	DATA 	Keypress: z
300.5620 	EXP 	Device response: <KeyPress from None: t=300.14635745799933, value=z, duration=0.41421320800054673>
300.7954 	EXP 	Device response: <KeyPress from None: t=300.7922102909997, value=z, duration=None>
300.8009 	DATA 	Keypress: z
300.8621 	EXP 	Device response: <KeyPress from None: t=300.4163804159998, value=z, duration=0.4441687089993138>
301.0290 	EXP 	Device response: <KeyPress from None: t=301.0193071249996, value=z, duration=None>
301.0343 	DATA 	Keypress: z
301.1468 	EXP 	Device response: <KeyPress from None: t=300.7922102909997, value=z, duration=0.35146329199960746>
301.2609 	INFO 	Keyboard events cleared
301.2607 	EXP 	protrianglefixation: autoDraw = True
301.2788 	EXP 	Device response: <KeyPress from None: t=301.2773582079999, value=z, duration=None>
301.2793 	EXP 	New trial (rep=34, index=0): <Trial 136 (0 in rep 34) data={'pos': np.int64(-50), 'corr_resp': 'x', 'thisN': 136, 'thisTrialN': 0, 'thisRepN': 34}>
301.2844 	DATA 	Keypress: z
301.2896 	EXP 	Fixation: autoDraw = False
301.2896 	EXP 	line1: autoDraw = False
301.2896 	EXP 	line2: autoDraw = False
301.2896 	EXP 	line3: autoDraw = False
301.2896 	EXP 	line4: autoDraw = False
301.2896 	EXP 	protrianglefixation: autoDraw = False
301.2896 	EXP 	Fixation: autoDraw = True
301.4529 	EXP 	Device response: <KeyPress from None: t=301.0193071249996, value=z, duration=0.430284582999775>
301.6799 	EXP 	Device response: <KeyPress from None: t=301.67230695799935, value=x, duration=None>
301.6851 	DATA 	Keypress: x
301.8199 	EXP 	Device response: <KeyPress from None: t=295.04646483299985, value=x, duration=6.77014274999965>
301.9698 	EXP 	Device response: <KeyPress from None: t=301.9633064999998, value=x, duration=None>
301.9753 	DATA 	Keypress: x
302.0859 	EXP 	Device response: <KeyPress from None: t=301.67230695799935, value=x, duration=0.40724716700060526>
302.2526 	EXP 	Device response: <KeyPress from None: t=302.2482549999995, value=x, duration=None>
302.2569 	DATA 	Keypress: x
302.2956 	EXP 	Fixation: autoDraw = False
302.2956 	EXP 	line1: autoDraw = True
302.2956 	EXP 	line2: autoDraw = True
302.2956 	EXP 	line3: autoDraw = True
302.2956 	EXP 	line4: autoDraw = True
302.4302 	EXP 	Device response: <KeyPress from None: t=301.9633064999998, value=x, duration=0.44925270800013095>
302.5526 	EXP 	Device response: <KeyPress from None: t=302.55124704099944, value=x, duration=None>
302.5577 	DATA 	Keypress: x
302.7028 	EXP 	Device response: <KeyPress from None: t=302.2482549999995, value=x, duration=0.44732941599977494>
302.8125 	EXP 	Device response: <KeyPress from None: t=302.81117179099965, value=x, duration=None>
302.8183 	DATA 	Keypress: x
302.9288 	EXP 	Device response: <KeyPress from None: t=302.55124704099944, value=x, duration=0.3724202499997773>
303.1304 	EXP 	Device response: <KeyPress from None: t=303.10926908299916, value=x, duration=None>
303.1367 	DATA 	Keypress: x
303.1957 	EXP 	Device response: <KeyPress from None: t=302.81117179099965, value=x, duration=0.38243145900014497>
303.2775 	INFO 	Keyboard events cleared
303.2773 	EXP 	protrianglefixation: autoDraw = True
303.3382 	EXP 	Device response: <KeyPress from None: t=303.33320195799934, value=x, duration=None>
303.3386 	EXP 	New trial (rep=34, index=1): <Trial 137 (1 in rep 34) data={'pos': np.int64(150), 'corr_resp': 'v', 'thisN': 137, 'thisTrialN': 1, 'thisRepN': 34}>
303.3434 	DATA 	Keypress: x
303.3483 	EXP 	Fixation: autoDraw = False
303.3483 	EXP 	line1: autoDraw = False
303.3483 	EXP 	line2: autoDraw = False
303.3483 	EXP 	line3: autoDraw = False
303.3483 	EXP 	line4: autoDraw = False
303.3483 	EXP 	protrianglefixation: autoDraw = False
303.3483 	EXP 	Fixation: autoDraw = True
303.4522 	EXP 	Device response: <KeyPress from None: t=303.10926908299916, value=x, duration=0.3402272080002149>
303.8534 	EXP 	Device response: <KeyPress from None: t=303.84729999999945, value=x, duration=None>
303.8580 	DATA 	Keypress: x
303.9688 	EXP 	Device response: <KeyPress from None: t=303.33320195799934, value=x, duration=0.6343586250004591>
304.2191 	EXP 	Device response: <KeyPress from None: t=304.2172248329998, value=v, duration=None>
304.2240 	DATA 	Keypress: v
304.3352 	EXP 	line1: autoDraw = True
304.3352 	EXP 	line2: autoDraw = True
304.3352 	EXP 	line3: autoDraw = True
304.3352 	EXP 	line4: autoDraw = True
304.3365 	EXP 	Device response: <KeyPress from None: t=304.2172248329998, value=v, duration=0.11641745799988712>
304.3449 	EXP 	Fixation: autoDraw = False
304.5119 	EXP 	Device response: <KeyPress from None: t=304.5092518329993, value=v, duration=None>
304.5176 	DATA 	Keypress: v
304.7289 	EXP 	Device response: <KeyPress from None: t=304.5092518329993, value=v, duration=0.21630345799985662>
304.7799 	EXP 	Device response: <KeyPress from None: t=304.77316866599995, value=v, duration=None>
304.7850 	DATA 	Keypress: v
304.8628 	EXP 	Device response: <KeyPress from None: t=304.77316866599995, value=v, duration=0.0803630840000551>
305.0193 	EXP 	Device response: <KeyPress from None: t=305.0152557499996, value=v, duration=None>
305.0244 	DATA 	Keypress: v
305.1527 	EXP 	Device response: <KeyPress from None: t=305.0152557499996, value=v, duration=0.13231133299996145>
305.3122 	EXP 	Device response: <KeyPress from None: t=305.3082946659997, value=v, duration=None>
305.3176 	DATA 	Keypress: v
305.3307 	INFO 	Keyboard events cleared
305.3306 	EXP 	protrianglefixation: autoDraw = True
305.3785 	EXP 	Device response: <KeyPress from None: t=305.3082946659997, value=v, duration=0.06426216699946963>
305.6954 	EXP 	Device response: <KeyPress from None: t=305.68821899999966, value=v, duration=None>
305.6959 	EXP 	New trial (rep=34, index=2): <Trial 138 (2 in rep 34) data={'pos': np.int64(50), 'corr_resp': 'c', 'thisN': 138, 'thisTrialN': 2, 'thisRepN': 34}>
305.7012 	DATA 	Keypress: v
305.7061 	EXP 	Fixation: autoDraw = False
305.7061 	EXP 	line1: autoDraw = False
305.7061 	EXP 	line2: autoDraw = False
305.7061 	EXP 	line3: autoDraw = False
305.7061 	EXP 	line4: autoDraw = False
305.7061 	EXP 	protrianglefixation: autoDraw = False
305.7061 	EXP 	Fixation: autoDraw = True
305.7804 	EXP 	Device response: <KeyPress from None: t=305.68821899999966, value=v, duration=0.08421533299951989>
306.1958 	EXP 	Device response: <KeyPress from None: t=306.1912081249993, value=c, duration=None>
306.2005 	DATA 	Keypress: c
306.3457 	EXP 	Device response: <KeyPress from None: t=306.1912081249993, value=c, duration=0.1443869579998136>
306.4860 	EXP 	Device response: <KeyPress from None: t=306.48122695799975, value=c, duration=None>
306.4907 	DATA 	Keypress: c
306.5630 	EXP 	Device response: <KeyPress from None: t=306.48122695799975, value=c, duration=0.07232991699947888>
306.6940 	EXP 	line1: autoDraw = True
306.6940 	EXP 	line2: autoDraw = True
306.6940 	EXP 	line3: autoDraw = True
306.6940 	EXP 	line4: autoDraw = True
306.7014 	EXP 	Fixation: autoDraw = False
306.7120 	EXP 	Device response: <KeyPress from None: t=306.7082517079998, value=c, duration=None>
306.7175 	DATA 	Keypress: c
306.8458 	EXP 	Device response: <KeyPress from None: t=306.7082517079998, value=c, duration=0.1282789999995657>
306.9954 	EXP 	Device response: <KeyPress from None: t=306.9921410829993, value=c, duration=None>
307.0010 	DATA 	Keypress: c
307.1119 	EXP 	Device response: <KeyPress from None: t=306.9921410829993, value=c, duration=0.11638091700024233>
307.2799 	EXP 	Device response: <KeyPress from None: t=307.269233125, value=c, duration=None>
307.2850 	DATA 	Keypress: c
307.3956 	EXP 	Device response: <KeyPress from None: t=307.269233125, value=c, duration=0.12428266599999915>
307.5789 	EXP 	Device response: <KeyPress from None: t=307.57514683299996, value=c, duration=None>
307.5849 	DATA 	Keypress: c
307.6525 	EXP 	Device response: <KeyPress from None: t=307.57514683299996, value=c, duration=0.07237270799942053>
307.6941 	INFO 	Keyboard events cleared
307.6939 	EXP 	protrianglefixation: autoDraw = True
307.8193 	EXP 	Device response: <KeyPress from None: t=307.81206833299984, value=c, duration=None>
307.8198 	EXP 	New trial (rep=34, index=3): <Trial 139 (3 in rep 34) data={'pos': np.int64(-150), 'corr_resp': 'z', 'thisN': 139, 'thisTrialN': 3, 'thisRepN': 34}>
307.8248 	DATA 	Keypress: c
307.8310 	EXP 	Fixation: autoDraw = False
307.8310 	EXP 	line1: autoDraw = False
307.8310 	EXP 	line2: autoDraw = False
307.8310 	EXP 	line3: autoDraw = False
307.8310 	EXP 	line4: autoDraw = False
307.8310 	EXP 	protrianglefixation: autoDraw = False
307.8310 	EXP 	Fixation: autoDraw = True
307.9459 	EXP 	Device response: <KeyPress from None: t=307.81206833299984, value=c, duration=0.12444799999957468>
308.8137 	EXP 	Device response: <KeyPress from None: t=308.80812499999956, value=z, duration=None>
308.8198 	DATA 	Keypress: z
308.8246 	EXP 	line1: autoDraw = True
308.8246 	EXP 	line2: autoDraw = True
308.8246 	EXP 	line3: autoDraw = True
308.8246 	EXP 	line4: autoDraw = True
308.8331 	EXP 	Fixation: autoDraw = False
308.8787 	EXP 	Device response: <KeyPress from None: t=301.2773582079999, value=z, duration=7.599092749999727>
309.0629 	EXP 	Device response: <KeyPress from None: t=309.056053583, value=z, duration=None>
309.0682 	DATA 	Keypress: z
309.1621 	EXP 	Device response: <KeyPress from None: t=308.80812499999956, value=z, duration=0.34834720799972274>
309.2789 	EXP 	Device response: <KeyPress from None: t=309.26911058299993, value=z, duration=None>
309.2838 	DATA 	Keypress: z
309.4297 	EXP 	Device response: <KeyPress from None: t=309.056053583, value=z, duration=0.3693884579997757>
309.6027 	EXP 	Device response: <KeyPress from None: t=309.59511058299995, value=z, duration=None>
309.6079 	DATA 	Keypress: z
309.7455 	EXP 	Device response: <KeyPress from None: t=309.26911058299993, value=z, duration=0.47444391699991684>
309.8189 	INFO 	Keyboard events cleared
309.8187 	EXP 	protrianglefixation: autoDraw = True
309.8960 	EXP 	Device response: <KeyPress from None: t=309.89210179099973, value=z, duration=None>
309.8963 	EXP 	New trial (rep=35, index=0): <Trial 140 (0 in rep 35) data={'pos': np.int64(-50), 'corr_resp': 'x', 'thisN': 140, 'thisTrialN': 0, 'thisRepN': 35}>
309.9008 	DATA 	Keypress: z
309.9056 	EXP 	Fixation: autoDraw = False
309.9056 	EXP 	line1: autoDraw = False
309.9056 	EXP 	line2: autoDraw = False
309.9056 	EXP 	line3: autoDraw = False
309.9056 	EXP 	line4: autoDraw = False
309.9056 	EXP 	protrianglefixation: autoDraw = False
309.9056 	EXP 	Fixation: autoDraw = True
310.0187 	EXP 	Device response: <KeyPress from None: t=309.59511058299995, value=z, duration=0.4213717499997074>
310.3791 	EXP 	Device response: <KeyPress from None: t=310.37510191599995, value=x, duration=None>
310.3840 	DATA 	Keypress: x
310.4852 	EXP 	Device response: <KeyPress from None: t=303.84729999999945, value=x, duration=6.632090707999851>
310.6521 	EXP 	Device response: <KeyPress from None: t=310.6510592079994, value=x, duration=None>
310.6664 	DATA 	Keypress: x
310.7862 	EXP 	Device response: <KeyPress from None: t=310.37510191599995, value=x, duration=0.40422687499994936>
310.8939 	EXP 	line1: autoDraw = True
310.8939 	EXP 	line2: autoDraw = True
310.8939 	EXP 	line3: autoDraw = True
310.8939 	EXP 	line4: autoDraw = True
310.9011 	EXP 	Fixation: autoDraw = False
310.9528 	EXP 	Device response: <KeyPress from None: t=310.94997395799965, value=x, duration=None>
310.9577 	DATA 	Keypress: x
311.0689 	EXP 	Device response: <KeyPress from None: t=310.6510592079994, value=x, duration=0.41539900000043417>
311.2296 	EXP 	Device response: <KeyPress from None: t=311.2240412499996, value=x, duration=None>
311.2354 	DATA 	Keypress: x
311.3461 	EXP 	Device response: <KeyPress from None: t=310.94997395799965, value=x, duration=0.3864787080001406>
311.4962 	EXP 	Device response: <KeyPress from None: t=311.4890206249993, value=x, duration=None>
311.5013 	DATA 	Keypress: x
311.6025 	EXP 	Device response: <KeyPress from None: t=311.2240412499996, value=x, duration=0.3735445829997843>
311.7357 	EXP 	Device response: <KeyPress from None: t=311.73409512499984, value=x, duration=None>
311.7413 	DATA 	Keypress: x
311.8788 	EXP 	Device response: <KeyPress from None: t=311.4890206249993, value=x, duration=0.3812830410006427>
311.8941 	INFO 	Keyboard events cleared
311.8939 	EXP 	protrianglefixation: autoDraw = True
311.9965 	EXP 	Device response: <KeyPress from None: t=311.99207991599997, value=x, duration=None>
311.9969 	EXP 	New trial (rep=35, index=1): <Trial 141 (1 in rep 35) data={'pos': np.int64(150), 'corr_resp': 'v', 'thisN': 141, 'thisTrialN': 1, 'thisRepN': 35}>
312.0018 	DATA 	Keypress: x
312.0069 	EXP 	Fixation: autoDraw = False
312.0069 	EXP 	line1: autoDraw = False
312.0069 	EXP 	line2: autoDraw = False
312.0069 	EXP 	line3: autoDraw = False
312.0069 	EXP 	line4: autoDraw = False
312.0069 	EXP 	protrianglefixation: autoDraw = False
312.0069 	EXP 	Fixation: autoDraw = True
312.1123 	EXP 	Device response: <KeyPress from None: t=311.73409512499984, value=x, duration=0.3742232909999075>
312.6457 	EXP 	Device response: <KeyPress from None: t=312.6350870409997, value=v, duration=None>
312.6501 	DATA 	Keypress: v
312.6805 	EXP 	Device response: <KeyPress from None: t=312.6350870409997, value=v, duration=0.040305708999767376>
312.8869 	EXP 	Device response: <KeyPress from None: t=312.87997716599966, value=v, duration=None>
312.8915 	DATA 	Keypress: v
312.9941 	EXP 	line1: autoDraw = True
312.9941 	EXP 	line2: autoDraw = True
312.9941 	EXP 	line3: autoDraw = True
312.9941 	EXP 	line4: autoDraw = True
313.0018 	EXP 	Fixation: autoDraw = False
313.0459 	EXP 	Device response: <KeyPress from None: t=312.87997716599966, value=v, duration=0.15628891699998348>
313.2456 	EXP 	Device response: <KeyPress from None: t=313.23802783299925, value=v, duration=None>
313.2509 	DATA 	Keypress: v
313.3787 	EXP 	Device response: <KeyPress from None: t=313.23802783299925, value=v, duration=0.1322447500006092>
313.5355 	EXP 	Device response: <KeyPress from None: t=313.53396091599916, value=v, duration=None>
313.5406 	DATA 	Keypress: v
313.6463 	EXP 	Device response: <KeyPress from None: t=313.53396091599916, value=v, duration=0.10840529200049787>
313.8286 	EXP 	Device response: <KeyPress from None: t=313.82300999999916, value=v, duration=None>
313.8337 	DATA 	Keypress: v
313.9125 	EXP 	Device response: <KeyPress from None: t=313.82300999999916, value=v, duration=0.08429833300033351>
313.9942 	INFO 	Keyboard events cleared
313.9940 	EXP 	protrianglefixation: autoDraw = True
314.1120 	EXP 	Device response: <KeyPress from None: t=314.1029268329994, value=v, duration=None>
314.1124 	EXP 	New trial (rep=35, index=2): <Trial 142 (2 in rep 35) data={'pos': np.int64(50), 'corr_resp': 'c', 'thisN': 142, 'thisTrialN': 2, 'thisRepN': 35}>
314.1177 	DATA 	Keypress: v
314.1224 	EXP 	Fixation: autoDraw = False
314.1224 	EXP 	line1: autoDraw = False
314.1224 	EXP 	line2: autoDraw = False
314.1224 	EXP 	line3: autoDraw = False
314.1224 	EXP 	line4: autoDraw = False
314.1224 	EXP 	protrianglefixation: autoDraw = False
314.1224 	EXP 	Fixation: autoDraw = True
314.1963 	EXP 	Device response: <KeyPress from None: t=314.1029268329994, value=v, duration=0.08843995799998083>
314.3799 	EXP 	Device response: <KeyPress from None: t=314.37603158299953, value=v, duration=None>
314.3848 	DATA 	Keypress: v
314.4790 	EXP 	Device response: <KeyPress from None: t=314.37603158299953, value=v, duration=0.10034516700034146>
314.9126 	EXP 	Device response: <KeyPress from None: t=314.9080510829999, value=c, duration=None>
314.9176 	DATA 	Keypress: c
315.0356 	EXP 	Device response: <KeyPress from None: t=314.9080510829999, value=c, duration=0.12034274999950867>
315.1107 	EXP 	line1: autoDraw = True
315.1107 	EXP 	line2: autoDraw = True
315.1107 	EXP 	line3: autoDraw = True
315.1107 	EXP 	line4: autoDraw = True
315.1181 	EXP 	Fixation: autoDraw = False
315.2798 	EXP 	Device response: <KeyPress from None: t=315.27510954099944, value=c, duration=None>
315.2850 	DATA 	Keypress: c
315.3796 	EXP 	Device response: <KeyPress from None: t=315.27510954099944, value=c, duration=0.10020645900021918>
315.5028 	EXP 	Device response: <KeyPress from None: t=315.4959777079994, value=c, duration=None>
315.5078 	DATA 	Keypress: c
315.6359 	EXP 	Device response: <KeyPress from None: t=315.4959777079994, value=c, duration=0.13630695800020476>
315.7859 	EXP 	Device response: <KeyPress from None: t=315.7848670829999, value=c, duration=None>
315.7910 	DATA 	Keypress: c
315.9284 	EXP 	Device response: <KeyPress from None: t=315.7848670829999, value=c, duration=0.14032508299987967>
316.0961 	EXP 	Device response: <KeyPress from None: t=316.0869644579998, value=c, duration=None>
316.1015 	DATA 	Keypress: c
316.1142 	INFO 	Keyboard events cleared
316.1141 	EXP 	protrianglefixation: autoDraw = True
316.2461 	EXP 	Device response: <KeyPress from None: t=316.0869644579998, value=c, duration=0.1483040829998572>
316.3863 	EXP 	Device response: <KeyPress from None: t=316.37892491599996, value=c, duration=None>
316.3867 	EXP 	New trial (rep=35, index=3): <Trial 143 (3 in rep 35) data={'pos': np.int64(-150), 'corr_resp': 'z', 'thisN': 143, 'thisTrialN': 3, 'thisRepN': 35}>
316.3915 	DATA 	Keypress: c
316.3973 	EXP 	Fixation: autoDraw = False
316.3973 	EXP 	line1: autoDraw = False
316.3973 	EXP 	line2: autoDraw = False
316.3973 	EXP 	line3: autoDraw = False
316.3973 	EXP 	line4: autoDraw = False
316.3973 	EXP 	protrianglefixation: autoDraw = False
316.3973 	EXP 	Fixation: autoDraw = True
316.5030 	EXP 	Device response: <KeyPress from None: t=316.37892491599996, value=c, duration=0.12038354199921741>
317.3854 	EXP 	line1: autoDraw = True
317.3854 	EXP 	line2: autoDraw = True
317.3854 	EXP 	line3: autoDraw = True
317.3854 	EXP 	line4: autoDraw = True
317.3943 	EXP 	Fixation: autoDraw = False
318.3857 	INFO 	Keyboard events cleared
318.3855 	EXP 	protrianglefixation: autoDraw = True
318.7125 	EXP 	Device response: <KeyPress from None: t=318.7038622909995, value=z, duration=None>
318.7130 	EXP 	New trial (rep=36, index=0): <Trial 144 (0 in rep 36) data={'pos': np.int64(-50), 'corr_resp': 'x', 'thisN': 144, 'thisTrialN': 0, 'thisRepN': 36}>
318.7182 	DATA 	Keypress: z
318.7229 	EXP 	Fixation: autoDraw = False
318.7229 	EXP 	line1: autoDraw = False
318.7229 	EXP 	line2: autoDraw = False
318.7229 	EXP 	line3: autoDraw = False
318.7229 	EXP 	line4: autoDraw = False
318.7229 	EXP 	protrianglefixation: autoDraw = False
318.7229 	EXP 	Fixation: autoDraw = True
318.7969 	EXP 	Device response: <KeyPress from None: t=309.89210179099973, value=z, duration=8.895986999999877>
318.9291 	EXP 	Device response: <KeyPress from None: t=318.92496354099967, value=z, duration=None>
318.9340 	DATA 	Keypress: z
319.0299 	EXP 	Device response: <KeyPress from None: t=318.7038622909995, value=z, duration=0.32136904199978744>
319.7111 	EXP 	line1: autoDraw = True
319.7111 	EXP 	line2: autoDraw = True
319.7111 	EXP 	line3: autoDraw = True
319.7111 	EXP 	line4: autoDraw = True
319.7185 	EXP 	Fixation: autoDraw = False
319.9526 	EXP 	Device response: <KeyPress from None: t=319.947909083, value=x, duration=None>
319.9576 	DATA 	Keypress: x
320.0954 	EXP 	Device response: <KeyPress from None: t=311.99207991599997, value=x, duration=8.09613249999984>
320.2124 	EXP 	Device response: <KeyPress from None: t=320.2098320829991, value=x, duration=None>
320.2181 	DATA 	Keypress: x
320.3455 	EXP 	Device response: <KeyPress from None: t=319.947909083, value=x, duration=0.3902663749995554>
320.6018 	EXP 	Device response: <KeyPress from None: t=320.5989617079995, value=x, duration=None>
320.6066 	DATA 	Keypress: x
320.6961 	EXP 	Device response: <KeyPress from None: t=320.2098320829991, value=x, duration=0.4773903330005851>
320.7289 	INFO 	Keyboard events cleared
320.7287 	EXP 	protrianglefixation: autoDraw = True
320.9362 	EXP 	Device response: <KeyPress from None: t=320.9349139999995, value=x, duration=None>
320.9366 	EXP 	New trial (rep=36, index=1): <Trial 145 (1 in rep 36) data={'pos': np.int64(150), 'corr_resp': 'v', 'thisN': 145, 'thisTrialN': 1, 'thisRepN': 36}>
320.9413 	DATA 	Keypress: x
320.9474 	EXP 	Fixation: autoDraw = False
320.9474 	EXP 	line1: autoDraw = False
320.9474 	EXP 	line2: autoDraw = False
320.9474 	EXP 	line3: autoDraw = False
320.9474 	EXP 	line4: autoDraw = False
320.9474 	EXP 	protrianglefixation: autoDraw = False
320.9474 	EXP 	Fixation: autoDraw = True
321.1126 	EXP 	Device response: <KeyPress from None: t=320.5989617079995, value=x, duration=0.504262583000127>
321.9273 	EXP 	line1: autoDraw = True
321.9273 	EXP 	line2: autoDraw = True
321.9273 	EXP 	line3: autoDraw = True
321.9273 	EXP 	line4: autoDraw = True
321.9441 	EXP 	Fixation: autoDraw = False
322.9352 	INFO 	Keyboard events cleared
322.9350 	EXP 	protrianglefixation: autoDraw = True
323.2359 	EXP 	Device response: <KeyPress from None: t=323.22872695799924, value=v, duration=None>
323.2364 	EXP 	New trial (rep=36, index=2): <Trial 146 (2 in rep 36) data={'pos': np.int64(50), 'corr_resp': 'c', 'thisN': 146, 'thisTrialN': 2, 'thisRepN': 36}>
323.2414 	DATA 	Keypress: v
323.2472 	EXP 	Fixation: autoDraw = False
323.2472 	EXP 	line1: autoDraw = False
323.2472 	EXP 	line2: autoDraw = False
323.2472 	EXP 	line3: autoDraw = False
323.2472 	EXP 	line4: autoDraw = False
323.2472 	EXP 	protrianglefixation: autoDraw = False
323.2472 	EXP 	Fixation: autoDraw = True
323.3353 	EXP 	Device response: <KeyPress from None: t=323.22872695799924, value=v, duration=0.10042483300003369>
324.2353 	EXP 	line1: autoDraw = True
324.2353 	EXP 	line2: autoDraw = True
324.2353 	EXP 	line3: autoDraw = True
324.2353 	EXP 	line4: autoDraw = True
324.2442 	EXP 	Fixation: autoDraw = False
325.2369 	INFO 	Keyboard events cleared
325.2368 	EXP 	protrianglefixation: autoDraw = True
325.6133 	EXP 	Device response: <KeyPress from None: t=325.5947397079999, value=c, duration=None>
325.6137 	EXP 	New trial (rep=36, index=3): <Trial 147 (3 in rep 36) data={'pos': np.int64(-150), 'corr_resp': 'z', 'thisN': 147, 'thisTrialN': 3, 'thisRepN': 36}>
325.6199 	DATA 	Keypress: c
325.6274 	EXP 	Fixation: autoDraw = False
325.6274 	EXP 	line1: autoDraw = False
325.6274 	EXP 	line2: autoDraw = False
325.6274 	EXP 	line3: autoDraw = False
325.6274 	EXP 	line4: autoDraw = False
325.6274 	EXP 	protrianglefixation: autoDraw = False
325.6274 	EXP 	Fixation: autoDraw = True
325.7136 	EXP 	Device response: <KeyPress from None: t=325.5947397079999, value=c, duration=0.11227691699969>
326.6111 	EXP 	line1: autoDraw = True
326.6111 	EXP 	line2: autoDraw = True
326.6111 	EXP 	line3: autoDraw = True
326.6111 	EXP 	line4: autoDraw = True
326.6179 	EXP 	Fixation: autoDraw = False
327.6107 	INFO 	Keyboard events cleared
327.6106 	EXP 	protrianglefixation: autoDraw = True
328.0286 	EXP 	Device response: <KeyPress from None: t=328.0247150409996, value=z, duration=None>
328.0290 	EXP 	New trial (rep=37, index=0): <Trial 148 (0 in rep 37) data={'pos': np.int64(-50), 'corr_resp': 'x', 'thisN': 148, 'thisTrialN': 0, 'thisRepN': 37}>
328.0353 	DATA 	Keypress: z
328.0404 	EXP 	Fixation: autoDraw = False
328.0404 	EXP 	line1: autoDraw = False
328.0404 	EXP 	line2: autoDraw = False
328.0404 	EXP 	line3: autoDraw = False
328.0404 	EXP 	line4: autoDraw = False
328.0404 	EXP 	protrianglefixation: autoDraw = False
328.0404 	EXP 	Fixation: autoDraw = True
328.2126 	EXP 	Device response: <KeyPress from None: t=318.92496354099967, value=z, duration=9.280040499999814>
329.0184 	EXP 	line1: autoDraw = True
329.0184 	EXP 	line2: autoDraw = True
329.0184 	EXP 	line3: autoDraw = True
329.0184 	EXP 	line4: autoDraw = True
329.0345 	EXP 	Fixation: autoDraw = False
330.0275 	INFO 	Keyboard events cleared
330.0273 	EXP 	protrianglefixation: autoDraw = True
330.1292 	EXP 	Device response: <KeyPress from None: t=330.1226057499998, value=x, duration=None>
330.1296 	EXP 	New trial (rep=37, index=1): <Trial 149 (1 in rep 37) data={'pos': np.int64(150), 'corr_resp': 'v', 'thisN': 149, 'thisTrialN': 1, 'thisRepN': 37}>
330.1358 	DATA 	Keypress: x
330.1407 	EXP 	Fixation: autoDraw = False
330.1407 	EXP 	line1: autoDraw = False
330.1407 	EXP 	line2: autoDraw = False
330.1407 	EXP 	line3: autoDraw = False
330.1407 	EXP 	line4: autoDraw = False
330.1407 	EXP 	protrianglefixation: autoDraw = False
330.1407 	EXP 	Fixation: autoDraw = True
330.3354 	EXP 	Device response: <KeyPress from None: t=320.9349139999995, value=x, duration=9.395987083000364>
331.1272 	EXP 	line1: autoDraw = True
331.1272 	EXP 	line2: autoDraw = True
331.1272 	EXP 	line3: autoDraw = True
331.1272 	EXP 	line4: autoDraw = True
331.1349 	EXP 	Fixation: autoDraw = False
331.8191 	EXP 	Device response: <KeyPress from None: t=331.8120252079998, value=v, duration=None>
331.8256 	DATA 	Keypress: v
331.8855 	EXP 	Device response: <KeyPress from None: t=331.8120252079998, value=v, duration=0.06790708300013648>
332.1278 	INFO 	Keyboard events cleared
332.1276 	EXP 	protrianglefixation: autoDraw = True
332.3620 	EXP 	Device response: <KeyPress from None: t=332.35656095799914, value=v, duration=None>
332.3625 	EXP 	New trial (rep=37, index=2): <Trial 150 (2 in rep 37) data={'pos': np.int64(50), 'corr_resp': 'c', 'thisN': 150, 'thisTrialN': 2, 'thisRepN': 37}>
332.3685 	DATA 	Keypress: v
332.3735 	EXP 	Fixation: autoDraw = False
332.3735 	EXP 	line1: autoDraw = False
332.3735 	EXP 	line2: autoDraw = False
332.3735 	EXP 	line3: autoDraw = False
332.3735 	EXP 	line4: autoDraw = False
332.3735 	EXP 	protrianglefixation: autoDraw = False
332.3735 	EXP 	Fixation: autoDraw = True
332.4691 	EXP 	Device response: <KeyPress from None: t=332.35656095799914, value=v, duration=0.10833920800087071>
333.3607 	EXP 	line1: autoDraw = True
333.3607 	EXP 	line2: autoDraw = True
333.3607 	EXP 	line3: autoDraw = True
333.3607 	EXP 	line4: autoDraw = True
333.3676 	EXP 	Fixation: autoDraw = False
334.3608 	INFO 	Keyboard events cleared
334.3607 	EXP 	protrianglefixation: autoDraw = True
334.9028 	EXP 	Device response: <KeyPress from None: t=334.8965159999998, value=c, duration=None>
334.9032 	EXP 	New trial (rep=37, index=3): <Trial 151 (3 in rep 37) data={'pos': np.int64(-150), 'corr_resp': 'z', 'thisN': 151, 'thisTrialN': 3, 'thisRepN': 37}>
334.9092 	DATA 	Keypress: c
334.9146 	EXP 	Fixation: autoDraw = False
334.9146 	EXP 	line1: autoDraw = False
334.9146 	EXP 	line2: autoDraw = False
334.9146 	EXP 	line3: autoDraw = False
334.9146 	EXP 	line4: autoDraw = False
334.9146 	EXP 	protrianglefixation: autoDraw = False
334.9146 	EXP 	Fixation: autoDraw = True
335.0191 	EXP 	Device response: <KeyPress from None: t=334.8965159999998, value=c, duration=0.12040341600004467>
335.9023 	EXP 	line1: autoDraw = True
335.9023 	EXP 	line2: autoDraw = True
335.9023 	EXP 	line3: autoDraw = True
335.9023 	EXP 	line4: autoDraw = True
335.9111 	EXP 	Fixation: autoDraw = False
336.8023 	EXP 	Device response: <KeyPress from None: t=336.794379125, value=z, duration=None>
336.8083 	DATA 	Keypress: z
336.9015 	INFO 	Keyboard events cleared
336.9013 	EXP 	protrianglefixation: autoDraw = True
336.9455 	EXP 	Device response: <KeyPress from None: t=328.0247150409996, value=z, duration=8.918086792000395>
337.1688 	EXP 	Device response: <KeyPress from None: t=337.1674324579999, value=z, duration=None>
337.1691 	EXP 	New trial (rep=38, index=0): <Trial 152 (0 in rep 38) data={'pos': np.int64(-50), 'corr_resp': 'x', 'thisN': 152, 'thisTrialN': 0, 'thisRepN': 38}>
337.1732 	DATA 	Keypress: z
337.1779 	EXP 	Fixation: autoDraw = False
337.1779 	EXP 	line1: autoDraw = False
337.1779 	EXP 	line2: autoDraw = False
337.1779 	EXP 	line3: autoDraw = False
337.1779 	EXP 	line4: autoDraw = False
337.1779 	EXP 	protrianglefixation: autoDraw = False
337.1779 	EXP 	Fixation: autoDraw = True
337.3295 	EXP 	Device response: <KeyPress from None: t=336.794379125, value=z, duration=0.5253593749994252>
338.1680 	EXP 	Fixation: autoDraw = False
338.1680 	EXP 	line1: autoDraw = True
338.1680 	EXP 	line2: autoDraw = True
338.1680 	EXP 	line3: autoDraw = True
338.1680 	EXP 	line4: autoDraw = True
338.7692 	EXP 	Device response: <KeyPress from None: t=338.76233862499976, value=x, duration=None>
338.7741 	DATA 	Keypress: x
338.8864 	EXP 	Device response: <KeyPress from None: t=330.1226057499998, value=x, duration=8.756091540999478>
339.1705 	INFO 	Keyboard events cleared
339.1703 	EXP 	protrianglefixation: autoDraw = True
339.3951 	EXP 	Device response: <KeyPress from None: t=339.39239712499966, value=x, duration=None>
339.3956 	EXP 	New trial (rep=38, index=1): <Trial 153 (1 in rep 38) data={'pos': np.int64(150), 'corr_resp': 'v', 'thisN': 153, 'thisTrialN': 1, 'thisRepN': 38}>
339.4006 	DATA 	Keypress: x
339.4055 	EXP 	Fixation: autoDraw = False
339.4055 	EXP 	line1: autoDraw = False
339.4055 	EXP 	line2: autoDraw = False
339.4055 	EXP 	line3: autoDraw = False
339.4055 	EXP 	line4: autoDraw = False
339.4055 	EXP 	protrianglefixation: autoDraw = False
339.4055 	EXP 	Fixation: autoDraw = True
339.5702 	EXP 	Device response: <KeyPress from None: t=338.76233862499976, value=x, duration=0.8026273750001565>
340.3036 	EXP 	Device response: <KeyPress from None: t=340.3003773749997, value=v, duration=None>
340.3081 	DATA 	Keypress: v
340.3860 	EXP 	Device response: <KeyPress from None: t=340.3003773749997, value=v, duration=0.08433954100019037>
340.3950 	EXP 	line1: autoDraw = True
340.3950 	EXP 	line2: autoDraw = True
340.3950 	EXP 	line3: autoDraw = True
340.3950 	EXP 	line4: autoDraw = True
340.4017 	EXP 	Fixation: autoDraw = False
340.6458 	EXP 	Device response: <KeyPress from None: t=340.6413084579999, value=v, duration=None>
340.6516 	DATA 	Keypress: v
340.6958 	EXP 	Device response: <KeyPress from None: t=340.6413084579999, value=v, duration=0.04832124999938969>
340.7127 	EXP 	Device response: <KeyPress from None: t=340.7044539159997, value=v, duration=None>
340.7155 	DATA 	Keypress: v
340.7629 	EXP 	Device response: <KeyPress from None: t=340.7044539159997, value=v, duration=0.048419916999591806>
340.9131 	EXP 	Device response: <KeyPress from None: t=340.90541508299975, value=v, duration=None>
340.9178 	DATA 	Keypress: v
341.0361 	EXP 	Device response: <KeyPress from None: t=340.90541508299975, value=v, duration=0.124188249999861>
341.3944 	INFO 	Keyboard events cleared
341.3942 	EXP 	protrianglefixation: autoDraw = True
341.3996 	DATA 	Keypress: v
341.7029 	EXP 	Device response: <KeyPress from None: t=341.6983529579993, value=v, duration=None>
341.7032 	EXP 	New trial (rep=38, index=2): <Trial 154 (2 in rep 38) data={'pos': np.int64(50), 'corr_resp': 'c', 'thisN': 154, 'thisTrialN': 2, 'thisRepN': 38}>
341.7081 	DATA 	Keypress: v
341.7145 	EXP 	Fixation: autoDraw = False
341.7145 	EXP 	line1: autoDraw = False
341.7145 	EXP 	line2: autoDraw = False
341.7145 	EXP 	line3: autoDraw = False
341.7145 	EXP 	line4: autoDraw = False
341.7145 	EXP 	protrianglefixation: autoDraw = False
341.7145 	EXP 	Fixation: autoDraw = True
341.8123 	EXP 	Device response: <KeyPress from None: t=341.6983529579993, value=v, duration=0.11226116700072453>
342.7018 	EXP 	line1: autoDraw = True
342.7018 	EXP 	line2: autoDraw = True
342.7018 	EXP 	line3: autoDraw = True
342.7018 	EXP 	line4: autoDraw = True
342.7110 	EXP 	Fixation: autoDraw = False
343.7017 	INFO 	Keyboard events cleared
343.7015 	EXP 	protrianglefixation: autoDraw = True
343.9815 	EXP 	Device response: <KeyPress from None: t=343.978260416, value=c, duration=None>
343.9819 	EXP 	New trial (rep=38, index=3): <Trial 155 (3 in rep 38) data={'pos': np.int64(-150), 'corr_resp': 'z', 'thisN': 155, 'thisTrialN': 3, 'thisRepN': 38}>
343.9872 	DATA 	Keypress: c
343.9939 	EXP 	Fixation: autoDraw = False
343.9939 	EXP 	line1: autoDraw = False
343.9939 	EXP 	line2: autoDraw = False
343.9939 	EXP 	line3: autoDraw = False
343.9939 	EXP 	line4: autoDraw = False
343.9939 	EXP 	protrianglefixation: autoDraw = False
343.9939 	EXP 	Fixation: autoDraw = True
344.1458 	EXP 	Device response: <KeyPress from None: t=343.978260416, value=c, duration=0.1604451249995691>
344.9773 	EXP 	line1: autoDraw = True
344.9773 	EXP 	line2: autoDraw = True
344.9773 	EXP 	line3: autoDraw = True
344.9773 	EXP 	line4: autoDraw = True
344.9849 	EXP 	Fixation: autoDraw = False
345.9774 	INFO 	Keyboard events cleared
345.9772 	EXP 	protrianglefixation: autoDraw = True
346.4361 	EXP 	Device response: <KeyPress from None: t=346.4351797499994, value=z, duration=None>
346.4365 	EXP 	New trial (rep=39, index=0): <Trial 156 (0 in rep 39) data={'pos': np.int64(-50), 'corr_resp': 'x', 'thisN': 156, 'thisTrialN': 0, 'thisRepN': 39}>
346.4415 	DATA 	Keypress: z
346.4477 	EXP 	Fixation: autoDraw = False
346.4477 	EXP 	line1: autoDraw = False
346.4477 	EXP 	line2: autoDraw = False
346.4477 	EXP 	line3: autoDraw = False
346.4477 	EXP 	line4: autoDraw = False
346.4477 	EXP 	protrianglefixation: autoDraw = False
346.4477 	EXP 	Fixation: autoDraw = True
346.6029 	EXP 	Device response: <KeyPress from None: t=337.1674324579999, value=z, duration=9.432035166999412>
347.4350 	EXP 	line1: autoDraw = True
347.4350 	EXP 	line2: autoDraw = True
347.4350 	EXP 	line3: autoDraw = True
347.4350 	EXP 	line4: autoDraw = True
347.4439 	EXP 	Fixation: autoDraw = False
348.4350 	INFO 	Keyboard events cleared
348.4349 	EXP 	protrianglefixation: autoDraw = True
348.6635 	EXP 	Device response: <KeyPress from None: t=348.65424691599947, value=x, duration=None>
348.6645 	EXP 	New trial (rep=39, index=1): <Trial 157 (1 in rep 39) data={'pos': np.int64(150), 'corr_resp': 'v', 'thisN': 157, 'thisTrialN': 1, 'thisRepN': 39}>
348.6701 	DATA 	Keypress: x
348.6750 	EXP 	Fixation: autoDraw = False
348.6750 	EXP 	line1: autoDraw = False
348.6750 	EXP 	line2: autoDraw = False
348.6750 	EXP 	line3: autoDraw = False
348.6750 	EXP 	line4: autoDraw = False
348.6750 	EXP 	protrianglefixation: autoDraw = False
348.6750 	EXP 	Fixation: autoDraw = True
348.8031 	EXP 	Device response: <KeyPress from None: t=339.39239712499966, value=x, duration=9.406212582999615>
349.6605 	EXP 	line1: autoDraw = True
349.6605 	EXP 	line2: autoDraw = True
349.6605 	EXP 	line3: autoDraw = True
349.6605 	EXP 	line4: autoDraw = True
349.6678 	EXP 	Fixation: autoDraw = False
350.6608 	INFO 	Keyboard events cleared
350.6606 	EXP 	protrianglefixation: autoDraw = True
350.9118 	EXP 	Device response: <KeyPress from None: t=350.9100517909992, value=v, duration=None>
350.9123 	EXP 	New trial (rep=39, index=2): <Trial 158 (2 in rep 39) data={'pos': np.int64(50), 'corr_resp': 'c', 'thisN': 158, 'thisTrialN': 2, 'thisRepN': 39}>
350.9176 	DATA 	Keypress: v
350.9228 	EXP 	Fixation: autoDraw = False
350.9228 	EXP 	line1: autoDraw = False
350.9228 	EXP 	line2: autoDraw = False
350.9228 	EXP 	line3: autoDraw = False
350.9228 	EXP 	line4: autoDraw = False
350.9228 	EXP 	protrianglefixation: autoDraw = False
350.9228 	EXP 	Fixation: autoDraw = True
351.0518 	EXP 	Device response: <KeyPress from None: t=350.9100517909992, value=v, duration=0.1364571670001169>
351.9107 	EXP 	line1: autoDraw = True
351.9107 	EXP 	line2: autoDraw = True
351.9107 	EXP 	line3: autoDraw = True
351.9107 	EXP 	line4: autoDraw = True
351.9180 	EXP 	Fixation: autoDraw = False
352.9107 	INFO 	Keyboard events cleared
352.9105 	EXP 	protrianglefixation: autoDraw = True
353.2624 	EXP 	Device response: <KeyPress from None: t=353.25368708299993, value=c, duration=None>
353.2630 	EXP 	New trial (rep=39, index=3): <Trial 159 (3 in rep 39) data={'pos': np.int64(-150), 'corr_resp': 'z', 'thisN': 159, 'thisTrialN': 3, 'thisRepN': 39}>
353.2683 	DATA 	Keypress: c
353.2733 	EXP 	Fixation: autoDraw = False
353.2733 	EXP 	line1: autoDraw = False
353.2733 	EXP 	line2: autoDraw = False
353.2733 	EXP 	line3: autoDraw = False
353.2733 	EXP 	line4: autoDraw = False
353.2733 	EXP 	protrianglefixation: autoDraw = False
353.2733 	EXP 	Fixation: autoDraw = True
353.4127 	EXP 	Device response: <KeyPress from None: t=353.25368708299993, value=c, duration=0.15579416699983994>
354.2606 	EXP 	line1: autoDraw = True
354.2606 	EXP 	line2: autoDraw = True
354.2606 	EXP 	line3: autoDraw = True
354.2606 	EXP 	line4: autoDraw = True
354.2680 	EXP 	Fixation: autoDraw = False
355.2531 	INFO 	Keyboard events cleared
355.2529 	EXP 	protrianglefixation: autoDraw = True
355.8625 	EXP 	Device response: <KeyPress from None: t=355.85593341599997, value=z, duration=None>
355.8629 	EXP 	New trial (rep=40, index=0): <Trial 160 (0 in rep 40) data={'pos': np.int64(-50), 'corr_resp': 'x', 'thisN': 160, 'thisTrialN': 0, 'thisRepN': 40}>
355.8684 	DATA 	Keypress: z
355.8737 	EXP 	Fixation: autoDraw = False
355.8737 	EXP 	line1: autoDraw = False
355.8737 	EXP 	line2: autoDraw = False
355.8737 	EXP 	line3: autoDraw = False
355.8737 	EXP 	line4: autoDraw = False
355.8737 	EXP 	protrianglefixation: autoDraw = False
355.8737 	EXP 	Fixation: autoDraw = True
356.0295 	EXP 	Device response: <KeyPress from None: t=346.4351797499994, value=z, duration=9.585108082999795>
356.8605 	EXP 	line1: autoDraw = True
356.8605 	EXP 	line2: autoDraw = True
356.8605 	EXP 	line3: autoDraw = True
356.8605 	EXP 	line4: autoDraw = True
356.8683 	EXP 	Fixation: autoDraw = False
357.8607 	INFO 	Keyboard events cleared
357.8605 	EXP 	protrianglefixation: autoDraw = True
358.5525 	EXP 	Device response: <KeyPress from None: t=358.54497216599975, value=x, duration=None>
358.5529 	EXP 	New trial (rep=40, index=1): <Trial 161 (1 in rep 40) data={'pos': np.int64(150), 'corr_resp': 'v', 'thisN': 161, 'thisTrialN': 1, 'thisRepN': 40}>
358.5580 	DATA 	Keypress: x
358.5643 	EXP 	Fixation: autoDraw = False
358.5643 	EXP 	line1: autoDraw = False
358.5643 	EXP 	line2: autoDraw = False
358.5643 	EXP 	line3: autoDraw = False
358.5643 	EXP 	line4: autoDraw = False
358.5643 	EXP 	protrianglefixation: autoDraw = False
358.5643 	EXP 	Fixation: autoDraw = True
358.7129 	EXP 	Device response: <KeyPress from None: t=348.65424691599947, value=x, duration=10.04705762499998>
359.5524 	EXP 	line1: autoDraw = True
359.5524 	EXP 	line2: autoDraw = True
359.5524 	EXP 	line3: autoDraw = True
359.5524 	EXP 	line4: autoDraw = True
359.5605 	EXP 	Fixation: autoDraw = False
360.5532 	INFO 	Keyboard events cleared
360.5530 	EXP 	protrianglefixation: autoDraw = True
360.8528 	EXP 	Device response: <KeyPress from None: t=360.85087879099956, value=v, duration=None>
360.8532 	EXP 	New trial (rep=40, index=2): <Trial 162 (2 in rep 40) data={'pos': np.int64(50), 'corr_resp': 'c', 'thisN': 162, 'thisTrialN': 2, 'thisRepN': 40}>
360.8582 	DATA 	Keypress: v
360.8644 	EXP 	Fixation: autoDraw = False
360.8644 	EXP 	line1: autoDraw = False
360.8644 	EXP 	line2: autoDraw = False
360.8644 	EXP 	line3: autoDraw = False
360.8644 	EXP 	line4: autoDraw = False
360.8644 	EXP 	protrianglefixation: autoDraw = False
360.8644 	EXP 	Fixation: autoDraw = True
360.9868 	EXP 	Device response: <KeyPress from None: t=360.85087879099956, value=v, duration=0.1283601670002099>
361.8517 	EXP 	line1: autoDraw = True
361.8517 	EXP 	line2: autoDraw = True
361.8517 	EXP 	line3: autoDraw = True
361.8517 	EXP 	line4: autoDraw = True
361.8609 	EXP 	Fixation: autoDraw = False
362.8519 	INFO 	Keyboard events cleared
362.8517 	EXP 	protrianglefixation: autoDraw = True
363.0786 	EXP 	Device response: <KeyPress from None: t=363.06976399999985, value=c, duration=None>
363.0790 	EXP 	New trial (rep=40, index=3): <Trial 163 (3 in rep 40) data={'pos': np.int64(-150), 'corr_resp': 'z', 'thisN': 163, 'thisTrialN': 3, 'thisRepN': 40}>
363.0842 	DATA 	Keypress: c
363.0892 	EXP 	Fixation: autoDraw = False
363.0892 	EXP 	line1: autoDraw = False
363.0892 	EXP 	line2: autoDraw = False
363.0892 	EXP 	line3: autoDraw = False
363.0892 	EXP 	line4: autoDraw = False
363.0892 	EXP 	protrianglefixation: autoDraw = False
363.0892 	EXP 	Fixation: autoDraw = True
363.2466 	EXP 	Device response: <KeyPress from None: t=363.06976399999985, value=c, duration=0.17239408299974457>
364.0773 	EXP 	line1: autoDraw = True
364.0773 	EXP 	line2: autoDraw = True
364.0773 	EXP 	line3: autoDraw = True
364.0773 	EXP 	line4: autoDraw = True
364.0847 	EXP 	Fixation: autoDraw = False
365.0688 	INFO 	Keyboard events cleared
365.0687 	EXP 	protrianglefixation: autoDraw = True
365.4959 	EXP 	Device response: <KeyPress from None: t=365.48884999999973, value=z, duration=None>
365.4963 	EXP 	New trial (rep=41, index=0): <Trial 164 (0 in rep 41) data={'pos': np.int64(-50), 'corr_resp': 'x', 'thisN': 164, 'thisTrialN': 0, 'thisRepN': 41}>
365.5023 	DATA 	Keypress: z
365.5120 	EXP 	Fixation: autoDraw = False
365.5120 	EXP 	line1: autoDraw = False
365.5120 	EXP 	line2: autoDraw = False
365.5120 	EXP 	line3: autoDraw = False
365.5120 	EXP 	line4: autoDraw = False
365.5120 	EXP 	protrianglefixation: autoDraw = False
365.5120 	EXP 	Fixation: autoDraw = True
365.6690 	EXP 	Device response: <KeyPress from None: t=355.85593341599997, value=z, duration=9.805207874999724>
366.4941 	EXP 	line1: autoDraw = True
366.4941 	EXP 	line2: autoDraw = True
366.4941 	EXP 	line3: autoDraw = True
366.4941 	EXP 	line4: autoDraw = True
366.5106 	EXP 	Fixation: autoDraw = False
367.4940 	INFO 	Keyboard events cleared
367.4938 	EXP 	protrianglefixation: autoDraw = True
367.8857 	EXP 	Device response: <KeyPress from None: t=367.87867783299953, value=x, duration=None>
367.8862 	EXP 	New trial (rep=41, index=1): <Trial 165 (1 in rep 41) data={'pos': np.int64(150), 'corr_resp': 'v', 'thisN': 165, 'thisTrialN': 1, 'thisRepN': 41}>
367.8911 	DATA 	Keypress: x
367.8972 	EXP 	Fixation: autoDraw = False
367.8972 	EXP 	line1: autoDraw = False
367.8972 	EXP 	line2: autoDraw = False
367.8972 	EXP 	line3: autoDraw = False
367.8972 	EXP 	line4: autoDraw = False
367.8972 	EXP 	protrianglefixation: autoDraw = False
367.8972 	EXP 	Fixation: autoDraw = True
368.0635 	EXP 	Device response: <KeyPress from None: t=358.54497216599975, value=x, duration=9.514083958999436>
368.8853 	EXP 	line1: autoDraw = True
368.8853 	EXP 	line2: autoDraw = True
368.8853 	EXP 	line3: autoDraw = True
368.8853 	EXP 	line4: autoDraw = True
368.8939 	EXP 	Fixation: autoDraw = False
369.8774 	INFO 	Keyboard events cleared
369.8772 	EXP 	protrianglefixation: autoDraw = True
370.3119 	EXP 	Device response: <KeyPress from None: t=370.3016614999997, value=v, duration=None>
370.3124 	EXP 	New trial (rep=41, index=2): <Trial 166 (2 in rep 41) data={'pos': np.int64(50), 'corr_resp': 'c', 'thisN': 166, 'thisTrialN': 2, 'thisRepN': 41}>
370.3178 	DATA 	Keypress: v
370.3226 	EXP 	Fixation: autoDraw = False
370.3226 	EXP 	line1: autoDraw = False
370.3226 	EXP 	line2: autoDraw = False
370.3226 	EXP 	line3: autoDraw = False
370.3226 	EXP 	line4: autoDraw = False
370.3226 	EXP 	protrianglefixation: autoDraw = False
370.3226 	EXP 	Fixation: autoDraw = True
370.4468 	EXP 	Device response: <KeyPress from None: t=370.3016614999997, value=v, duration=0.1403325829996902>
371.3105 	EXP 	line1: autoDraw = True
371.3105 	EXP 	line2: autoDraw = True
371.3105 	EXP 	line3: autoDraw = True
371.3105 	EXP 	line4: autoDraw = True
371.3185 	EXP 	Fixation: autoDraw = False
372.3022 	INFO 	Keyboard events cleared
372.3021 	EXP 	protrianglefixation: autoDraw = True
372.8028 	EXP 	Device response: <KeyPress from None: t=372.8005672909994, value=c, duration=None>
372.8032 	EXP 	New trial (rep=41, index=3): <Trial 167 (3 in rep 41) data={'pos': np.int64(-150), 'corr_resp': 'z', 'thisN': 167, 'thisTrialN': 3, 'thisRepN': 41}>
372.8085 	DATA 	Keypress: c
372.8146 	EXP 	Fixation: autoDraw = False
372.8146 	EXP 	line1: autoDraw = False
372.8146 	EXP 	line2: autoDraw = False
372.8146 	EXP 	line3: autoDraw = False
372.8146 	EXP 	line4: autoDraw = False
372.8146 	EXP 	protrianglefixation: autoDraw = False
372.8146 	EXP 	Fixation: autoDraw = True
372.9462 	EXP 	Device response: <KeyPress from None: t=372.8005672909994, value=c, duration=0.13647537500037288>
373.7940 	EXP 	line1: autoDraw = True
373.7940 	EXP 	line2: autoDraw = True
373.7940 	EXP 	line3: autoDraw = True
373.7940 	EXP 	line4: autoDraw = True
373.8108 	EXP 	Fixation: autoDraw = False
374.8017 	INFO 	Keyboard events cleared
374.8016 	EXP 	protrianglefixation: autoDraw = True
375.4118 	EXP 	Device response: <KeyPress from None: t=375.41046087499944, value=z, duration=None>
375.4122 	EXP 	New trial (rep=42, index=0): <Trial 168 (0 in rep 42) data={'pos': np.int64(-50), 'corr_resp': 'x', 'thisN': 168, 'thisTrialN': 0, 'thisRepN': 42}>
375.4175 	DATA 	Keypress: z
375.4226 	EXP 	Fixation: autoDraw = False
375.4226 	EXP 	line1: autoDraw = False
375.4226 	EXP 	line2: autoDraw = False
375.4226 	EXP 	line3: autoDraw = False
375.4226 	EXP 	line4: autoDraw = False
375.4226 	EXP 	protrianglefixation: autoDraw = False
375.4226 	EXP 	Fixation: autoDraw = True
375.5522 	EXP 	Device response: <KeyPress from None: t=365.48884999999973, value=z, duration=10.05804870799966>
376.4112 	EXP 	line1: autoDraw = True
376.4112 	EXP 	line2: autoDraw = True
376.4112 	EXP 	line3: autoDraw = True
376.4112 	EXP 	line4: autoDraw = True
376.4185 	EXP 	Fixation: autoDraw = False
377.4109 	INFO 	Keyboard events cleared
377.4106 	EXP 	protrianglefixation: autoDraw = True
377.4453 	EXP 	Device response: <KeyPress from None: t=377.43657179099955, value=x, duration=None>
377.4457 	EXP 	New trial (rep=42, index=1): <Trial 169 (1 in rep 42) data={'pos': np.int64(150), 'corr_resp': 'v', 'thisN': 169, 'thisTrialN': 1, 'thisRepN': 42}>
377.4510 	DATA 	Keypress: x
377.4559 	EXP 	Fixation: autoDraw = False
377.4559 	EXP 	line1: autoDraw = False
377.4559 	EXP 	line2: autoDraw = False
377.4559 	EXP 	line3: autoDraw = False
377.4559 	EXP 	line4: autoDraw = False
377.4559 	EXP 	protrianglefixation: autoDraw = False
377.4559 	EXP 	Fixation: autoDraw = True
377.5953 	EXP 	Device response: <KeyPress from None: t=367.87867783299953, value=x, duration=9.714106082999933>
378.4439 	EXP 	line1: autoDraw = True
378.4439 	EXP 	line2: autoDraw = True
378.4439 	EXP 	line3: autoDraw = True
378.4439 	EXP 	line4: autoDraw = True
378.4513 	EXP 	Fixation: autoDraw = False
379.4440 	INFO 	Keyboard events cleared
379.4438 	EXP 	protrianglefixation: autoDraw = True
379.8691 	EXP 	Device response: <KeyPress from None: t=379.8654774159995, value=v, duration=None>
379.8695 	EXP 	New trial (rep=42, index=2): <Trial 170 (2 in rep 42) data={'pos': np.int64(50), 'corr_resp': 'c', 'thisN': 170, 'thisTrialN': 2, 'thisRepN': 42}>
379.8756 	DATA 	Keypress: v
379.8812 	EXP 	Fixation: autoDraw = False
379.8812 	EXP 	line1: autoDraw = False
379.8812 	EXP 	line2: autoDraw = False
379.8812 	EXP 	line3: autoDraw = False
379.8812 	EXP 	line4: autoDraw = False
379.8812 	EXP 	protrianglefixation: autoDraw = False
379.8812 	EXP 	Fixation: autoDraw = True
380.0124 	EXP 	Device response: <KeyPress from None: t=379.8654774159995, value=v, duration=0.14028775000042515>
380.8605 	EXP 	line1: autoDraw = True
380.8605 	EXP 	line2: autoDraw = True
380.8605 	EXP 	line3: autoDraw = True
380.8605 	EXP 	line4: autoDraw = True
380.8778 	EXP 	Fixation: autoDraw = False
381.8610 	INFO 	Keyboard events cleared
381.8609 	EXP 	protrianglefixation: autoDraw = True
382.1865 	EXP 	Device response: <KeyPress from None: t=382.18240270799924, value=c, duration=None>
382.1871 	EXP 	New trial (rep=42, index=3): <Trial 171 (3 in rep 42) data={'pos': np.int64(-150), 'corr_resp': 'z', 'thisN': 171, 'thisTrialN': 3, 'thisRepN': 42}>
382.1925 	DATA 	Keypress: c
382.1978 	EXP 	Fixation: autoDraw = False
382.1978 	EXP 	line1: autoDraw = False
382.1978 	EXP 	line2: autoDraw = False
382.1978 	EXP 	line3: autoDraw = False
382.1978 	EXP 	line4: autoDraw = False
382.1978 	EXP 	protrianglefixation: autoDraw = False
382.1978 	EXP 	Fixation: autoDraw = True
382.3366 	EXP 	Device response: <KeyPress from None: t=382.18240270799924, value=c, duration=0.15243975000066712>
383.1953 	EXP 	line1: autoDraw = True
383.1953 	EXP 	line2: autoDraw = True
383.1953 	EXP 	line3: autoDraw = True
383.1953 	EXP 	line4: autoDraw = True
383.2016 	EXP 	Fixation: autoDraw = False
384.1853 	INFO 	Keyboard events cleared
384.1852 	EXP 	protrianglefixation: autoDraw = True
384.4362 	EXP 	Device response: <KeyPress from None: t=384.4283064579995, value=z, duration=None>
384.4366 	EXP 	New trial (rep=43, index=0): <Trial 172 (0 in rep 43) data={'pos': np.int64(-50), 'corr_resp': 'x', 'thisN': 172, 'thisTrialN': 0, 'thisRepN': 43}>
384.4417 	DATA 	Keypress: z
384.4475 	EXP 	Fixation: autoDraw = False
384.4475 	EXP 	line1: autoDraw = False
384.4475 	EXP 	line2: autoDraw = False
384.4475 	EXP 	line3: autoDraw = False
384.4475 	EXP 	line4: autoDraw = False
384.4475 	EXP 	protrianglefixation: autoDraw = False
384.4475 	EXP 	Fixation: autoDraw = True
384.6200 	EXP 	Device response: <KeyPress from None: t=375.41046087499944, value=z, duration=9.206254249999802>
385.4362 	EXP 	line1: autoDraw = True
385.4362 	EXP 	line2: autoDraw = True
385.4362 	EXP 	line3: autoDraw = True
385.4362 	EXP 	line4: autoDraw = True
385.4618 	EXP 	Fixation: autoDraw = False
385.7790 	EXP 	Device response: <KeyPress from None: t=385.7732287079998, value=x, duration=None>
385.7845 	DATA 	Keypress: x
385.9789 	EXP 	Device response: <KeyPress from None: t=377.43657179099955, value=x, duration=8.532978874999571>
386.1622 	EXP 	Device response: <KeyPress from None: t=386.1533852909997, value=x, duration=None>
386.1680 	DATA 	Keypress: x
386.3289 	EXP 	Device response: <KeyPress from None: t=385.7732287079998, value=x, duration=0.5524092079995171>
386.4359 	INFO 	Keyboard events cleared
386.4356 	EXP 	protrianglefixation: autoDraw = True
386.4414 	DATA 	Keypress: x
386.6123 	EXP 	Device response: <KeyPress from None: t=386.1533852909997, value=x, duration=0.4502715419994274>
386.7466 	EXP 	Device response: <KeyPress from None: t=386.71931616599977, value=x, duration=None>
386.7473 	EXP 	New trial (rep=43, index=1): <Trial 173 (1 in rep 43) data={'pos': np.int64(150), 'corr_resp': 'v', 'thisN': 173, 'thisTrialN': 1, 'thisRepN': 43}>
386.7540 	DATA 	Keypress: x
386.7609 	EXP 	Fixation: autoDraw = False
386.7609 	EXP 	line1: autoDraw = False
386.7609 	EXP 	line2: autoDraw = False
386.7609 	EXP 	line3: autoDraw = False
386.7609 	EXP 	line4: autoDraw = False
386.7609 	EXP 	protrianglefixation: autoDraw = False
386.7609 	EXP 	Fixation: autoDraw = True
386.8356 	EXP 	Device response: <KeyPress from None: t=386.71931616599977, value=x, duration=0.11227079199943546>
387.7442 	EXP 	line1: autoDraw = True
387.7442 	EXP 	line2: autoDraw = True
387.7442 	EXP 	line3: autoDraw = True
387.7442 	EXP 	line4: autoDraw = True
387.7515 	EXP 	Fixation: autoDraw = False
388.3457 	EXP 	Device response: <KeyPress from None: t=388.33625766599926, value=v, duration=None>
388.3517 	DATA 	Keypress: v
388.4790 	EXP 	Device response: <KeyPress from None: t=388.33625766599926, value=v, duration=0.13232045900076628>
388.6291 	EXP 	Device response: <KeyPress from None: t=388.6232963329994, value=v, duration=None>
388.6347 	DATA 	Keypress: v
388.7017 	EXP 	Device response: <KeyPress from None: t=388.6232963329994, value=v, duration=0.07628825000028883>
388.7446 	INFO 	Keyboard events cleared
388.7445 	EXP 	protrianglefixation: autoDraw = True
388.8859 	EXP 	Device response: <KeyPress from None: t=388.8792402079998, value=v, duration=None>
388.8863 	EXP 	New trial (rep=43, index=2): <Trial 174 (2 in rep 43) data={'pos': np.int64(50), 'corr_resp': 'c', 'thisN': 174, 'thisTrialN': 2, 'thisRepN': 43}>
388.8916 	DATA 	Keypress: v
388.8971 	EXP 	Fixation: autoDraw = False
388.8971 	EXP 	line1: autoDraw = False
388.8971 	EXP 	line2: autoDraw = False
388.8971 	EXP 	line3: autoDraw = False
388.8971 	EXP 	line4: autoDraw = False
388.8971 	EXP 	protrianglefixation: autoDraw = False
388.8971 	EXP 	Fixation: autoDraw = True
389.0353 	EXP 	Device response: <KeyPress from None: t=388.8792402079998, value=v, duration=0.1522568330001377>
389.1459 	EXP 	Device response: <KeyPress from None: t=389.14429174999987, value=v, duration=None>
389.1564 	DATA 	Keypress: v
389.2294 	EXP 	Device response: <KeyPress from None: t=389.14429174999987, value=v, duration=0.07623729099941556>
389.8852 	EXP 	line1: autoDraw = True
389.8852 	EXP 	line2: autoDraw = True
389.8852 	EXP 	line3: autoDraw = True
389.8852 	EXP 	line4: autoDraw = True
389.8945 	EXP 	Fixation: autoDraw = False
390.2295 	EXP 	Device response: <KeyPress from None: t=390.21825420799996, value=c, duration=None>
390.2360 	DATA 	Keypress: c
390.3356 	EXP 	Device response: <KeyPress from None: t=390.21825420799996, value=c, duration=0.11624779199974>
390.7963 	EXP 	Device response: <KeyPress from None: t=390.7861675409995, value=c, duration=None>
390.8027 	DATA 	Keypress: c
390.8847 	INFO 	Keyboard events cleared
390.8845 	EXP 	protrianglefixation: autoDraw = True
390.9194 	EXP 	Device response: <KeyPress from None: t=390.7861675409995, value=c, duration=0.12837133399989398>
391.1455 	EXP 	Device response: <KeyPress from None: t=391.144187375, value=c, duration=None>
391.1459 	EXP 	New trial (rep=43, index=3): <Trial 175 (3 in rep 43) data={'pos': np.int64(-150), 'corr_resp': 'z', 'thisN': 175, 'thisTrialN': 3, 'thisRepN': 43}>
391.1503 	DATA 	Keypress: c
391.1549 	EXP 	Fixation: autoDraw = False
391.1549 	EXP 	line1: autoDraw = False
391.1549 	EXP 	line2: autoDraw = False
391.1549 	EXP 	line3: autoDraw = False
391.1549 	EXP 	line4: autoDraw = False
391.1549 	EXP 	protrianglefixation: autoDraw = False
391.1549 	EXP 	Fixation: autoDraw = True
391.2796 	EXP 	Device response: <KeyPress from None: t=391.144187375, value=c, duration=0.12841083299917955>
392.1438 	EXP 	line1: autoDraw = True
392.1438 	EXP 	line2: autoDraw = True
392.1438 	EXP 	line3: autoDraw = True
392.1438 	EXP 	line4: autoDraw = True
392.1513 	EXP 	Fixation: autoDraw = False
393.1442 	INFO 	Keyboard events cleared
393.1440 	EXP 	protrianglefixation: autoDraw = True
394.1701 	EXP 	Device response: <KeyPress from None: t=394.16516412499914, value=z, duration=None>
394.1705 	EXP 	New trial (rep=44, index=0): <Trial 176 (0 in rep 44) data={'pos': np.int64(-50), 'corr_resp': 'x', 'thisN': 176, 'thisTrialN': 0, 'thisRepN': 44}>
394.1754 	DATA 	Keypress: z
394.1813 	EXP 	Fixation: autoDraw = False
394.1813 	EXP 	line1: autoDraw = False
394.1813 	EXP 	line2: autoDraw = False
394.1813 	EXP 	line3: autoDraw = False
394.1813 	EXP 	line4: autoDraw = False
394.1813 	EXP 	protrianglefixation: autoDraw = False
394.1813 	EXP 	Fixation: autoDraw = True
394.4035 	EXP 	Device response: <KeyPress from None: t=384.4283064579995, value=z, duration=9.969199207999736>
395.1695 	EXP 	line1: autoDraw = True
395.1695 	EXP 	line2: autoDraw = True
395.1695 	EXP 	line3: autoDraw = True
395.1695 	EXP 	line4: autoDraw = True
395.1953 	EXP 	Fixation: autoDraw = False
395.4952 	EXP 	Device response: <KeyPress from None: t=395.49402224999994, value=x, duration=None>
395.5005 	DATA 	Keypress: x
395.6963 	EXP 	Device response: <KeyPress from None: t=395.49402224999994, value=x, duration=0.19647341599920765>
395.9533 	EXP 	Device response: <KeyPress from None: t=395.95004224999957, value=x, duration=None>
395.9583 	DATA 	Keypress: x
396.1360 	EXP 	Device response: <KeyPress from None: t=395.95004224999957, value=x, duration=0.18435954100004892>
396.1685 	INFO 	Keyboard events cleared
396.1683 	EXP 	protrianglefixation: autoDraw = True
396.3359 	EXP 	Device response: <KeyPress from None: t=396.3311208749992, value=x, duration=None>
396.3363 	EXP 	New trial (rep=44, index=1): <Trial 177 (1 in rep 44) data={'pos': np.int64(150), 'corr_resp': 'v', 'thisN': 177, 'thisTrialN': 1, 'thisRepN': 44}>
396.3411 	DATA 	Keypress: x
396.3472 	EXP 	Fixation: autoDraw = False
396.3472 	EXP 	line1: autoDraw = False
396.3472 	EXP 	line2: autoDraw = False
396.3472 	EXP 	line3: autoDraw = False
396.3472 	EXP 	line4: autoDraw = False
396.3472 	EXP 	protrianglefixation: autoDraw = False
396.3472 	EXP 	Fixation: autoDraw = True
396.5019 	EXP 	Device response: <KeyPress from None: t=396.3311208749992, value=x, duration=0.1642914580006618>
397.3357 	EXP 	line1: autoDraw = True
397.3357 	EXP 	line2: autoDraw = True
397.3357 	EXP 	line3: autoDraw = True
397.3357 	EXP 	line4: autoDraw = True
397.3447 	EXP 	Fixation: autoDraw = False
398.3357 	INFO 	Keyboard events cleared
398.3356 	EXP 	protrianglefixation: autoDraw = True
398.4451 	EXP 	Device response: <KeyPress from None: t=398.4430149159998, value=v, duration=None>
398.4455 	EXP 	New trial (rep=44, index=2): <Trial 178 (2 in rep 44) data={'pos': np.int64(50), 'corr_resp': 'c', 'thisN': 178, 'thisTrialN': 2, 'thisRepN': 44}>
398.4505 	DATA 	Keypress: v
398.4555 	EXP 	Fixation: autoDraw = False
398.4555 	EXP 	line1: autoDraw = False
398.4555 	EXP 	line2: autoDraw = False
398.4555 	EXP 	line3: autoDraw = False
398.4555 	EXP 	line4: autoDraw = False
398.4555 	EXP 	protrianglefixation: autoDraw = False
398.4555 	EXP 	Fixation: autoDraw = True
398.5634 	EXP 	Device response: <KeyPress from None: t=398.4430149159998, value=v, duration=0.11236279199965793>
398.6856 	EXP 	Device response: <KeyPress from None: t=398.6830047499998, value=v, duration=None>
398.6900 	DATA 	Keypress: v
398.7699 	EXP 	Device response: <KeyPress from None: t=398.6830047499998, value=v, duration=0.08036633299980167>
399.4437 	EXP 	line1: autoDraw = True
399.4437 	EXP 	line2: autoDraw = True
399.4437 	EXP 	line3: autoDraw = True
399.4437 	EXP 	line4: autoDraw = True
399.4510 	EXP 	Fixation: autoDraw = False
400.4441 	INFO 	Keyboard events cleared
400.4440 	EXP 	protrianglefixation: autoDraw = True
400.7533 	EXP 	Device response: <KeyPress from None: t=400.74700833299994, value=c, duration=None>
400.7537 	EXP 	New trial (rep=44, index=3): <Trial 179 (3 in rep 44) data={'pos': np.int64(-150), 'corr_resp': 'z', 'thisN': 179, 'thisTrialN': 3, 'thisRepN': 44}>
400.7585 	DATA 	Keypress: c
400.7644 	EXP 	Fixation: autoDraw = False
400.7644 	EXP 	line1: autoDraw = False
400.7644 	EXP 	line2: autoDraw = False
400.7644 	EXP 	line3: autoDraw = False
400.7644 	EXP 	line4: autoDraw = False
400.7644 	EXP 	protrianglefixation: autoDraw = False
400.7644 	EXP 	Fixation: autoDraw = True
400.9291 	EXP 	Device response: <KeyPress from None: t=400.74700833299994, value=c, duration=0.1802507919992422>
401.7520 	EXP 	line1: autoDraw = True
401.7520 	EXP 	line2: autoDraw = True
401.7520 	EXP 	line3: autoDraw = True
401.7520 	EXP 	line4: autoDraw = True
401.7616 	EXP 	Fixation: autoDraw = False
402.7523 	INFO 	Keyboard events cleared
402.7521 	EXP 	protrianglefixation: autoDraw = True
403.0284 	EXP 	Device response: <KeyPress from None: t=403.0209775409994, value=z, duration=None>
403.0288 	EXP 	New trial (rep=45, index=0): <Trial 180 (0 in rep 45) data={'pos': np.int64(-50), 'corr_resp': 'x', 'thisN': 180, 'thisTrialN': 0, 'thisRepN': 45}>
403.0338 	DATA 	Keypress: z
403.0389 	EXP 	Fixation: autoDraw = False
403.0389 	EXP 	line1: autoDraw = False
403.0389 	EXP 	line2: autoDraw = False
403.0389 	EXP 	line3: autoDraw = False
403.0389 	EXP 	line4: autoDraw = False
403.0389 	EXP 	protrianglefixation: autoDraw = False
403.0389 	EXP 	Fixation: autoDraw = True
403.1635 	EXP 	Device response: <KeyPress from None: t=394.16516412499914, value=z, duration=8.992126666000331>
404.0185 	EXP 	line1: autoDraw = True
404.0185 	EXP 	line2: autoDraw = True
404.0185 	EXP 	line3: autoDraw = True
404.0185 	EXP 	line4: autoDraw = True
404.0342 	EXP 	Fixation: autoDraw = False
405.0274 	INFO 	Keyboard events cleared
405.0272 	EXP 	protrianglefixation: autoDraw = True
405.3526 	EXP 	Device response: <KeyPress from None: t=405.34486741599994, value=x, duration=None>
405.3530 	EXP 	New trial (rep=45, index=1): <Trial 181 (1 in rep 45) data={'pos': np.int64(150), 'corr_resp': 'v', 'thisN': 181, 'thisTrialN': 1, 'thisRepN': 45}>
405.3578 	DATA 	Keypress: x
405.3641 	EXP 	Fixation: autoDraw = False
405.3641 	EXP 	line1: autoDraw = False
405.3641 	EXP 	line2: autoDraw = False
405.3641 	EXP 	line3: autoDraw = False
405.3641 	EXP 	line4: autoDraw = False
405.3641 	EXP 	protrianglefixation: autoDraw = False
405.3641 	EXP 	Fixation: autoDraw = True
405.4362 	EXP 	Device response: <KeyPress from None: t=405.34486741599994, value=x, duration=0.0843854589993498>
406.3523 	EXP 	line1: autoDraw = True
406.3523 	EXP 	line2: autoDraw = True
406.3523 	EXP 	line3: autoDraw = True
406.3523 	EXP 	line4: autoDraw = True
406.3787 	EXP 	Fixation: autoDraw = False
407.2618 	EXP 	Device response: <KeyPress from None: t=407.25892383299924, value=v, duration=None>
407.2677 	DATA 	Keypress: v
407.3515 	INFO 	Keyboard events cleared
407.3513 	EXP 	protrianglefixation: autoDraw = True
407.3618 	EXP 	Device response: <KeyPress from None: t=407.25892383299924, value=v, duration=0.09621283300020878>
407.5698 	EXP 	Device response: <KeyPress from None: t=407.5688729579997, value=v, duration=None>
407.5758 	DATA 	Keypress: v
407.5822 	EXP 	New trial (rep=45, index=2): <Trial 182 (2 in rep 45) data={'pos': np.int64(50), 'corr_resp': 'c', 'thisN': 182, 'thisTrialN': 2, 'thisRepN': 45}>
407.5952 	EXP 	Fixation: autoDraw = False
407.5952 	EXP 	line1: autoDraw = False
407.5952 	EXP 	line2: autoDraw = False
407.5952 	EXP 	line3: autoDraw = False
407.5952 	EXP 	line4: autoDraw = False
407.5952 	EXP 	protrianglefixation: autoDraw = False
407.5952 	EXP 	Fixation: autoDraw = True
407.6627 	EXP 	Device response: <KeyPress from None: t=407.5688729579997, value=v, duration=0.08828991700011102>
407.7528 	EXP 	Device response: <KeyPress from None: t=407.7478694579995, value=v, duration=None>
407.7575 	DATA 	Keypress: v
407.8289 	EXP 	Device response: <KeyPress from None: t=407.7478694579995, value=v, duration=0.07630516700010048>
408.5770 	EXP 	line1: autoDraw = True
408.5770 	EXP 	line2: autoDraw = True
408.5770 	EXP 	line3: autoDraw = True
408.5770 	EXP 	line4: autoDraw = True
408.5939 	EXP 	Fixation: autoDraw = False
408.9123 	EXP 	Device response: <KeyPress from None: t=408.90279349999946, value=c, duration=None>
408.9182 	DATA 	Keypress: c
409.0022 	EXP 	Device response: <KeyPress from None: t=408.90279349999946, value=c, duration=0.09218041599979188>
409.3785 	EXP 	Device response: <KeyPress from None: t=409.3746851249998, value=c, duration=None>
409.3844 	DATA 	Keypress: c
409.4693 	EXP 	Device response: <KeyPress from None: t=409.3746851249998, value=c, duration=0.09242095799982053>
409.5775 	INFO 	Keyboard events cleared
409.5773 	EXP 	protrianglefixation: autoDraw = True
410.2460 	EXP 	Device response: <KeyPress from None: t=410.24067408299925, value=c, duration=None>
410.2465 	EXP 	New trial (rep=45, index=3): <Trial 183 (3 in rep 45) data={'pos': np.int64(-150), 'corr_resp': 'z', 'thisN': 183, 'thisTrialN': 3, 'thisRepN': 45}>
410.2524 	DATA 	Keypress: c
410.2574 	EXP 	Fixation: autoDraw = False
410.2574 	EXP 	line1: autoDraw = False
410.2574 	EXP 	line2: autoDraw = False
410.2574 	EXP 	line3: autoDraw = False
410.2574 	EXP 	line4: autoDraw = False
410.2574 	EXP 	protrianglefixation: autoDraw = False
410.2574 	EXP 	Fixation: autoDraw = True
410.3460 	EXP 	Device response: <KeyPress from None: t=410.24067408299925, value=c, duration=0.09639166700071655>
411.2440 	EXP 	line1: autoDraw = True
411.2440 	EXP 	line2: autoDraw = True
411.2440 	EXP 	line3: autoDraw = True
411.2440 	EXP 	line4: autoDraw = True
411.2516 	EXP 	Fixation: autoDraw = False
412.2439 	INFO 	Keyboard events cleared
412.2437 	EXP 	protrianglefixation: autoDraw = True
412.4025 	EXP 	Device response: <KeyPress from None: t=412.39777491599943, value=z, duration=None>
412.4029 	EXP 	New trial (rep=46, index=0): <Trial 184 (0 in rep 46) data={'pos': np.int64(-50), 'corr_resp': 'x', 'thisN': 184, 'thisTrialN': 0, 'thisRepN': 46}>
412.4084 	DATA 	Keypress: z
412.4140 	EXP 	Fixation: autoDraw = False
412.4140 	EXP 	line1: autoDraw = False
412.4140 	EXP 	line2: autoDraw = False
412.4140 	EXP 	line3: autoDraw = False
412.4140 	EXP 	line4: autoDraw = False
412.4140 	EXP 	protrianglefixation: autoDraw = False
412.4140 	EXP 	Fixation: autoDraw = True
412.4795 	EXP 	Device response: <KeyPress from None: t=403.0209775409994, value=z, duration=9.456998458999806>
412.5362 	EXP 	Device response: <KeyPress from None: t=412.5306248749994, value=z, duration=None>
412.5410 	DATA 	Keypress: z
412.6302 	EXP 	Device response: <KeyPress from None: t=412.39777491599943, value=z, duration=0.22928758400030347>
412.6957 	EXP 	Device response: <KeyPress from None: t=412.69170099999974, value=z, duration=None>
412.7012 	DATA 	Keypress: z
412.7633 	EXP 	Device response: <KeyPress from None: t=412.5306248749994, value=z, duration=0.2213750410001012>
413.4016 	EXP 	line1: autoDraw = True
413.4016 	EXP 	line2: autoDraw = True
413.4016 	EXP 	line3: autoDraw = True
413.4016 	EXP 	line4: autoDraw = True
413.4106 	EXP 	Fixation: autoDraw = False
413.8976 	EXP 	Device response: <KeyPress from None: t=413.8927553329995, value=x, duration=None>
413.9037 	DATA 	Keypress: x
414.0128 	EXP 	Device response: <KeyPress from None: t=413.8927553329995, value=x, duration=0.11226299999998446>
414.1362 	EXP 	Device response: <KeyPress from None: t=414.1276490829996, value=x, duration=None>
414.1418 	DATA 	Keypress: x
414.1862 	EXP 	Device response: <KeyPress from None: t=414.1276490829996, value=x, duration=0.05637579199992615>
414.3188 	EXP 	Device response: <KeyPress from None: t=414.31671266599915, value=x, duration=None>
414.3241 	DATA 	Keypress: x
414.3953 	EXP 	Device response: <KeyPress from None: t=414.31671266599915, value=x, duration=0.07630079200043838>
414.4036 	INFO 	Keyboard events cleared
414.4034 	EXP 	protrianglefixation: autoDraw = True
414.4298 	EXP 	Device response: <KeyPress from None: t=414.4198139579994, value=x, duration=None>
414.4303 	EXP 	New trial (rep=46, index=1): <Trial 185 (1 in rep 46) data={'pos': np.int64(150), 'corr_resp': 'v', 'thisN': 185, 'thisTrialN': 1, 'thisRepN': 46}>
414.4355 	DATA 	Keypress: x
414.4405 	EXP 	Fixation: autoDraw = False
414.4405 	EXP 	line1: autoDraw = False
414.4405 	EXP 	line2: autoDraw = False
414.4405 	EXP 	line3: autoDraw = False
414.4405 	EXP 	line4: autoDraw = False
414.4405 	EXP 	protrianglefixation: autoDraw = False
414.4405 	EXP 	Fixation: autoDraw = True
414.5009 	EXP 	Device response: <KeyPress from None: t=414.4198139579994, value=x, duration=0.07632208300037746>
414.5962 	EXP 	Device response: <KeyPress from None: t=414.58569587499915, value=x, duration=None>
414.6013 	DATA 	Keypress: x
414.6965 	EXP 	Device response: <KeyPress from None: t=414.58569587499915, value=x, duration=0.10422129100061284>
415.4272 	EXP 	line1: autoDraw = True
415.4272 	EXP 	line2: autoDraw = True
415.4272 	EXP 	line3: autoDraw = True
415.4272 	EXP 	line4: autoDraw = True
415.4346 	EXP 	Fixation: autoDraw = False
416.4274 	INFO 	Keyboard events cleared
416.4272 	EXP 	protrianglefixation: autoDraw = True
417.0524 	EXP 	Device response: <KeyPress from None: t=417.04556783299995, value=v, duration=None>
417.0527 	EXP 	New trial (rep=46, index=2): <Trial 186 (2 in rep 46) data={'pos': np.int64(50), 'corr_resp': 'c', 'thisN': 186, 'thisTrialN': 2, 'thisRepN': 46}>
417.0572 	DATA 	Keypress: v
417.0791 	EXP 	Fixation: autoDraw = False
417.0791 	EXP 	line1: autoDraw = False
417.0791 	EXP 	line2: autoDraw = False
417.0791 	EXP 	line3: autoDraw = False
417.0791 	EXP 	line4: autoDraw = False
417.0791 	EXP 	protrianglefixation: autoDraw = False
417.0791 	EXP 	Fixation: autoDraw = True
417.0803 	EXP 	Device response: <KeyPress from None: t=417.04556783299995, value=v, duration=0.03221758299969224>
418.0514 	EXP 	line1: autoDraw = True
418.0514 	EXP 	line2: autoDraw = True
418.0514 	EXP 	line3: autoDraw = True
418.0514 	EXP 	line4: autoDraw = True
418.0774 	EXP 	Fixation: autoDraw = False
419.0439 	INFO 	Keyboard events cleared
419.0438 	EXP 	protrianglefixation: autoDraw = True
419.7864 	EXP 	Device response: <KeyPress from None: t=419.7837210409998, value=c, duration=None>
419.7869 	EXP 	New trial (rep=46, index=3): <Trial 187 (3 in rep 46) data={'pos': np.int64(-150), 'corr_resp': 'z', 'thisN': 187, 'thisTrialN': 3, 'thisRepN': 46}>
419.7920 	DATA 	Keypress: c
419.7975 	EXP 	Fixation: autoDraw = False
419.7975 	EXP 	line1: autoDraw = False
419.7975 	EXP 	line2: autoDraw = False
419.7975 	EXP 	line3: autoDraw = False
419.7975 	EXP 	line4: autoDraw = False
419.7975 	EXP 	protrianglefixation: autoDraw = False
419.7975 	EXP 	Fixation: autoDraw = True
419.8639 	EXP 	Device response: <KeyPress from None: t=419.7837210409998, value=c, duration=0.07614358399951016>
420.7848 	EXP 	line1: autoDraw = True
420.7848 	EXP 	line2: autoDraw = True
420.7848 	EXP 	line3: autoDraw = True
420.7848 	EXP 	line4: autoDraw = True
420.7945 	EXP 	Fixation: autoDraw = False
421.7856 	INFO 	Keyboard events cleared
421.7854 	EXP 	protrianglefixation: autoDraw = True
422.6957 	EXP 	Device response: <KeyPress from None: t=422.68647362499996, value=z, duration=None>
422.6962 	EXP 	New trial (rep=47, index=0): <Trial 188 (0 in rep 47) data={'pos': np.int64(-50), 'corr_resp': 'x', 'thisN': 188, 'thisTrialN': 0, 'thisRepN': 47}>
422.7013 	DATA 	Keypress: z
422.7060 	EXP 	Fixation: autoDraw = False
422.7060 	EXP 	line1: autoDraw = False
422.7060 	EXP 	line2: autoDraw = False
422.7060 	EXP 	line3: autoDraw = False
422.7060 	EXP 	line4: autoDraw = False
422.7060 	EXP 	protrianglefixation: autoDraw = False
422.7060 	EXP 	Fixation: autoDraw = True
422.7456 	EXP 	Device response: <KeyPress from None: t=412.69170099999974, value=z, duration=10.043030415999965>
423.6938 	EXP 	line1: autoDraw = True
423.6938 	EXP 	line2: autoDraw = True
423.6938 	EXP 	line3: autoDraw = True
423.6938 	EXP 	line4: autoDraw = True
423.7013 	EXP 	Fixation: autoDraw = False
424.6939 	INFO 	Keyboard events cleared
424.6937 	EXP 	protrianglefixation: autoDraw = True
425.5027 	EXP 	Device response: <KeyPress from None: t=425.497516208, value=x, duration=None>
425.5031 	EXP 	New trial (rep=47, index=1): <Trial 189 (1 in rep 47) data={'pos': np.int64(150), 'corr_resp': 'v', 'thisN': 189, 'thisTrialN': 1, 'thisRepN': 47}>
425.5082 	DATA 	Keypress: x
425.5140 	EXP 	Fixation: autoDraw = False
425.5140 	EXP 	line1: autoDraw = False
425.5140 	EXP 	line2: autoDraw = False
425.5140 	EXP 	line3: autoDraw = False
425.5140 	EXP 	line4: autoDraw = False
425.5140 	EXP 	protrianglefixation: autoDraw = False
425.5140 	EXP 	Fixation: autoDraw = True
425.5632 	EXP 	Device response: <KeyPress from None: t=425.497516208, value=x, duration=0.056155249999392254>
426.5019 	EXP 	line1: autoDraw = True
426.5019 	EXP 	line2: autoDraw = True
426.5019 	EXP 	line3: autoDraw = True
426.5019 	EXP 	line4: autoDraw = True
426.5105 	EXP 	Fixation: autoDraw = False
427.5025 	INFO 	Keyboard events cleared
427.5024 	EXP 	protrianglefixation: autoDraw = True
428.6951 	EXP 	Device response: <KeyPress from None: t=428.6933531249997, value=v, duration=None>
428.6956 	EXP 	New trial (rep=47, index=2): <Trial 190 (2 in rep 47) data={'pos': np.int64(50), 'corr_resp': 'c', 'thisN': 190, 'thisTrialN': 2, 'thisRepN': 47}>
428.7010 	DATA 	Keypress: v
428.7060 	EXP 	Fixation: autoDraw = False
428.7060 	EXP 	line1: autoDraw = False
428.7060 	EXP 	line2: autoDraw = False
428.7060 	EXP 	line3: autoDraw = False
428.7060 	EXP 	line4: autoDraw = False
428.7060 	EXP 	protrianglefixation: autoDraw = False
428.7060 	EXP 	Fixation: autoDraw = True
428.7455 	EXP 	Device response: <KeyPress from None: t=428.6933531249997, value=v, duration=0.040295707999575825>
429.6937 	EXP 	line1: autoDraw = True
429.6937 	EXP 	line2: autoDraw = True
429.6937 	EXP 	line3: autoDraw = True
429.6937 	EXP 	line4: autoDraw = True
429.7011 	EXP 	Fixation: autoDraw = False
430.6857 	INFO 	Keyboard events cleared
430.6856 	EXP 	protrianglefixation: autoDraw = True
431.7289 	EXP 	Device response: <KeyPress from None: t=431.7182863329999, value=c, duration=None>
431.7294 	EXP 	New trial (rep=47, index=3): <Trial 191 (3 in rep 47) data={'pos': np.int64(-150), 'corr_resp': 'z', 'thisN': 191, 'thisTrialN': 3, 'thisRepN': 47}>
431.7352 	DATA 	Keypress: c
431.7402 	EXP 	Fixation: autoDraw = False
431.7402 	EXP 	line1: autoDraw = False
431.7402 	EXP 	line2: autoDraw = False
431.7402 	EXP 	line3: autoDraw = False
431.7402 	EXP 	line4: autoDraw = False
431.7402 	EXP 	protrianglefixation: autoDraw = False
431.7402 	EXP 	Fixation: autoDraw = True
431.7786 	EXP 	Device response: <KeyPress from None: t=431.7182863329999, value=c, duration=0.05625720799980627>
432.7271 	EXP 	line1: autoDraw = True
432.7271 	EXP 	line2: autoDraw = True
432.7271 	EXP 	line3: autoDraw = True
432.7271 	EXP 	line4: autoDraw = True
432.7346 	EXP 	Fixation: autoDraw = False
433.7274 	INFO 	Keyboard events cleared
433.7272 	EXP 	protrianglefixation: autoDraw = True
435.4123 	EXP 	Device response: <KeyPress from None: t=435.40320195799995, value=z, duration=None>
435.4128 	EXP 	New trial (rep=48, index=0): <Trial 192 (0 in rep 48) data={'pos': np.int64(-50), 'corr_resp': 'x', 'thisN': 192, 'thisTrialN': 0, 'thisRepN': 48}>
435.4186 	DATA 	Keypress: z
435.4238 	EXP 	Fixation: autoDraw = False
435.4238 	EXP 	line1: autoDraw = False
435.4238 	EXP 	line2: autoDraw = False
435.4238 	EXP 	line3: autoDraw = False
435.4238 	EXP 	line4: autoDraw = False
435.4238 	EXP 	protrianglefixation: autoDraw = False
435.4238 	EXP 	Fixation: autoDraw = True
435.4958 	EXP 	Device response: <KeyPress from None: t=422.68647362499996, value=z, duration=12.801002165999307>
436.4116 	EXP 	line1: autoDraw = True
436.4116 	EXP 	line2: autoDraw = True
436.4116 	EXP 	line3: autoDraw = True
436.4116 	EXP 	line4: autoDraw = True
436.4188 	EXP 	Fixation: autoDraw = False
437.4113 	INFO 	Keyboard events cleared
437.4111 	EXP 	protrianglefixation: autoDraw = True
438.8201 	EXP 	Device response: <KeyPress from None: t=438.81903649999913, value=x, duration=None>
438.8207 	EXP 	New trial (rep=48, index=1): <Trial 193 (1 in rep 48) data={'pos': np.int64(150), 'corr_resp': 'v', 'thisN': 193, 'thisTrialN': 1, 'thisRepN': 48}>
438.8263 	DATA 	Keypress: x
438.8312 	EXP 	Fixation: autoDraw = False
438.8312 	EXP 	line1: autoDraw = False
438.8312 	EXP 	line2: autoDraw = False
438.8312 	EXP 	line3: autoDraw = False
438.8312 	EXP 	line4: autoDraw = False
438.8312 	EXP 	protrianglefixation: autoDraw = False
438.8312 	EXP 	Fixation: autoDraw = True
438.8846 	EXP 	Device response: <KeyPress from None: t=438.81903649999913, value=x, duration=0.060372375000042666>
439.8182 	EXP 	line1: autoDraw = True
439.8182 	EXP 	line2: autoDraw = True
439.8182 	EXP 	line3: autoDraw = True
439.8182 	EXP 	line4: autoDraw = True
439.8273 	EXP 	Fixation: autoDraw = False
440.8185 	INFO 	Keyboard events cleared
440.8183 	EXP 	protrianglefixation: autoDraw = True
443.7622 	EXP 	Device response: <KeyPress from None: t=443.75624858299943, value=v, duration=None>
443.7626 	EXP 	New trial (rep=48, index=2): <Trial 194 (2 in rep 48) data={'pos': np.int64(50), 'corr_resp': 'c', 'thisN': 194, 'thisTrialN': 2, 'thisRepN': 48}>
443.7683 	DATA 	Keypress: v
443.7733 	EXP 	Fixation: autoDraw = False
443.7733 	EXP 	line1: autoDraw = False
443.7733 	EXP 	line2: autoDraw = False
443.7733 	EXP 	line3: autoDraw = False
443.7733 	EXP 	line4: autoDraw = False
443.7733 	EXP 	protrianglefixation: autoDraw = False
443.7733 	EXP 	Fixation: autoDraw = True
443.8178 	EXP 	Device response: <KeyPress from None: t=443.75624858299943, value=v, duration=0.05779274999986228>
444.7604 	EXP 	line1: autoDraw = True
444.7604 	EXP 	line2: autoDraw = True
444.7604 	EXP 	line3: autoDraw = True
444.7604 	EXP 	line4: autoDraw = True
444.7677 	EXP 	Fixation: autoDraw = False
445.7608 	INFO 	Keyboard events cleared
445.7606 	EXP 	protrianglefixation: autoDraw = True
447.5455 	EXP 	Device response: <KeyPress from None: t=447.54368166599943, value=c, duration=None>
447.5461 	EXP 	New trial (rep=48, index=3): <Trial 195 (3 in rep 48) data={'pos': np.int64(-150), 'corr_resp': 'z', 'thisN': 195, 'thisTrialN': 3, 'thisRepN': 48}>
447.5523 	DATA 	Keypress: c
447.5575 	EXP 	Fixation: autoDraw = False
447.5575 	EXP 	line1: autoDraw = False
447.5575 	EXP 	line2: autoDraw = False
447.5575 	EXP 	line3: autoDraw = False
447.5575 	EXP 	line4: autoDraw = False
447.5575 	EXP 	protrianglefixation: autoDraw = False
447.5575 	EXP 	Fixation: autoDraw = True
447.6120 	EXP 	Device response: <KeyPress from None: t=447.54368166599943, value=c, duration=0.0643331669998588>
448.5439 	EXP 	line1: autoDraw = True
448.5439 	EXP 	line2: autoDraw = True
448.5439 	EXP 	line3: autoDraw = True
448.5439 	EXP 	line4: autoDraw = True
448.5517 	EXP 	Fixation: autoDraw = False
449.5439 	INFO 	Keyboard events cleared
449.5438 	EXP 	protrianglefixation: autoDraw = True
450.9689 	EXP 	Device response: <KeyPress from None: t=450.9675861249998, value=z, duration=None>
450.9693 	EXP 	New trial (rep=49, index=0): <Trial 196 (0 in rep 49) data={'pos': np.int64(-50), 'corr_resp': 'x', 'thisN': 196, 'thisTrialN': 0, 'thisRepN': 49}>
450.9747 	DATA 	Keypress: z
450.9809 	EXP 	Fixation: autoDraw = False
450.9809 	EXP 	line1: autoDraw = False
450.9809 	EXP 	line2: autoDraw = False
450.9809 	EXP 	line3: autoDraw = False
450.9809 	EXP 	line4: autoDraw = False
450.9809 	EXP 	protrianglefixation: autoDraw = False
450.9809 	EXP 	Fixation: autoDraw = True
451.0639 	EXP 	Device response: <KeyPress from None: t=435.40320195799995, value=z, duration=15.656760582999595>
451.9693 	EXP 	line1: autoDraw = True
451.9693 	EXP 	line2: autoDraw = True
451.9693 	EXP 	line3: autoDraw = True
451.9693 	EXP 	line4: autoDraw = True
451.9770 	EXP 	Fixation: autoDraw = False
452.9685 	INFO 	Keyboard events cleared
452.9683 	EXP 	protrianglefixation: autoDraw = True
453.9024 	EXP 	Device response: <KeyPress from None: t=453.8985565409994, value=x, duration=None>
453.9029 	EXP 	New trial (rep=49, index=1): <Trial 197 (1 in rep 49) data={'pos': np.int64(150), 'corr_resp': 'v', 'thisN': 197, 'thisTrialN': 1, 'thisRepN': 49}>
453.9092 	DATA 	Keypress: x
453.9146 	EXP 	Fixation: autoDraw = False
453.9146 	EXP 	line1: autoDraw = False
453.9146 	EXP 	line2: autoDraw = False
453.9146 	EXP 	line3: autoDraw = False
453.9146 	EXP 	line4: autoDraw = False
453.9146 	EXP 	protrianglefixation: autoDraw = False
453.9146 	EXP 	Fixation: autoDraw = True
453.9680 	EXP 	Device response: <KeyPress from None: t=453.8985565409994, value=x, duration=0.06834995900044305>
454.8944 	EXP 	line1: autoDraw = True
454.8944 	EXP 	line2: autoDraw = True
454.8944 	EXP 	line3: autoDraw = True
454.8944 	EXP 	line4: autoDraw = True
454.9105 	EXP 	Fixation: autoDraw = False
455.9019 	INFO 	Keyboard events cleared
455.9018 	EXP 	protrianglefixation: autoDraw = True
457.5192 	EXP 	Device response: <KeyPress from None: t=457.51553791599963, value=v, duration=None>
457.5196 	EXP 	New trial (rep=49, index=2): <Trial 198 (2 in rep 49) data={'pos': np.int64(50), 'corr_resp': 'c', 'thisN': 198, 'thisTrialN': 2, 'thisRepN': 49}>
457.5260 	DATA 	Keypress: v
457.5315 	EXP 	Fixation: autoDraw = False
457.5315 	EXP 	line1: autoDraw = False
457.5315 	EXP 	line2: autoDraw = False
457.5315 	EXP 	line3: autoDraw = False
457.5315 	EXP 	line4: autoDraw = False
457.5315 	EXP 	protrianglefixation: autoDraw = False
457.5315 	EXP 	Fixation: autoDraw = True
457.5789 	EXP 	Device response: <KeyPress from None: t=457.51553791599963, value=v, duration=0.05231029199967452>
458.5105 	EXP 	line1: autoDraw = True
458.5105 	EXP 	line2: autoDraw = True
458.5105 	EXP 	line3: autoDraw = True
458.5105 	EXP 	line4: autoDraw = True
458.5271 	EXP 	Fixation: autoDraw = False
459.5289 	INFO 	Keyboard events cleared
459.5287 	EXP 	protrianglefixation: autoDraw = True
462.2363 	EXP 	Device response: <KeyPress from None: t=462.23336649999965, value=c, duration=None>
462.2368 	EXP 	New trial (rep=49, index=3): <Trial 199 (3 in rep 49) data={'pos': np.int64(-150), 'corr_resp': 'z', 'thisN': 199, 'thisTrialN': 3, 'thisRepN': 49}>
462.2434 	DATA 	Keypress: c
462.2482 	EXP 	Fixation: autoDraw = False
462.2482 	EXP 	line1: autoDraw = False
462.2482 	EXP 	line2: autoDraw = False
462.2482 	EXP 	line3: autoDraw = False
462.2482 	EXP 	line4: autoDraw = False
462.2482 	EXP 	protrianglefixation: autoDraw = False
462.2482 	EXP 	Fixation: autoDraw = True
462.2951 	EXP 	Device response: <KeyPress from None: t=462.23336649999965, value=c, duration=0.057997916000203986>
463.2350 	EXP 	line1: autoDraw = True
463.2350 	EXP 	line2: autoDraw = True
463.2350 	EXP 	line3: autoDraw = True
463.2350 	EXP 	line4: autoDraw = True
463.2438 	EXP 	Fixation: autoDraw = False
464.2354 	INFO 	Keyboard events cleared
464.2353 	EXP 	protrianglefixation: autoDraw = True
465.3693 	EXP 	Device response: <KeyPress from None: t=465.3629522909996, value=z, duration=None>
465.3854 	EXP 	Imported /Users/urvashibhansali/Documents/AU (1-4 years) /3rd Year/Semester 5 Monsoon 25-26/PSY310/Lab Reports/Motor Sequential Task/Conditions File/Visual variables.csv as conditions, 4 conditions, 2 params
465.3900 	EXP 	New trial (rep=0, index=0): <Trial 0 (0 in rep 0) data={'pos': np.int64(-50), 'corr_resp': 'x', 'thisN': 0, 'thisTrialN': 0, 'thisRepN': 0}>
465.3946 	DATA 	Keypress: z
465.3990 	EXP 	Fixation: autoDraw = False
465.3990 	EXP 	line1: autoDraw = False
465.3990 	EXP 	line2: autoDraw = False
465.3990 	EXP 	line3: autoDraw = False
465.3990 	EXP 	line4: autoDraw = False
465.3990 	EXP 	protrianglefixation: autoDraw = False
465.3990 	EXP 	Fixation_2: autoDraw = True
465.4291 	EXP 	Device response: <KeyPress from None: t=450.9675861249998, value=z, duration=14.4596658749997>
466.3721 	EXP 	line1_2: autoDraw = True
466.3721 	EXP 	line2_2: autoDraw = True
466.3721 	EXP 	line3_2: autoDraw = True
466.3721 	EXP 	line4_2: autoDraw = True
466.4012 	EXP 	Fixation_2: autoDraw = False
467.3688 	INFO 	Keyboard events cleared
467.3686 	EXP 	protrianglefixation_2: autoDraw = True
468.1621 	EXP 	Device response: <KeyPress from None: t=468.15688541599957, value=x, duration=None>
468.1626 	EXP 	New trial (rep=0, index=1): <Trial 1 (1 in rep 0) data={'pos': np.int64(50), 'corr_resp': 'c', 'thisN': 1, 'thisTrialN': 1, 'thisRepN': 0}>
468.1678 	DATA 	Keypress: x
468.1729 	EXP 	Fixation_2: autoDraw = False
468.1729 	EXP 	line1_2: autoDraw = False
468.1729 	EXP 	line2_2: autoDraw = False
468.1729 	EXP 	line3_2: autoDraw = False
468.1729 	EXP 	line4_2: autoDraw = False
468.1729 	EXP 	protrianglefixation_2: autoDraw = False
468.1729 	EXP 	Fixation_2: autoDraw = True
468.2293 	EXP 	Device response: <KeyPress from None: t=468.15688541599957, value=x, duration=0.06429720899996028>
469.1603 	EXP 	line1_2: autoDraw = True
469.1603 	EXP 	line2_2: autoDraw = True
469.1603 	EXP 	line3_2: autoDraw = True
469.1603 	EXP 	line4_2: autoDraw = True
469.1680 	EXP 	Fixation_2: autoDraw = False
470.1605 	INFO 	Keyboard events cleared
470.1603 	EXP 	protrianglefixation_2: autoDraw = True
471.0115 	EXP 	Device response: <KeyPress from None: t=471.0097088329994, value=c, duration=None>
471.0119 	EXP 	New trial (rep=0, index=2): <Trial 2 (2 in rep 0) data={'pos': np.int64(150), 'corr_resp': 'v', 'thisN': 2, 'thisTrialN': 2, 'thisRepN': 0}>
471.0178 	DATA 	Keypress: c
471.0231 	EXP 	Fixation_2: autoDraw = False
471.0231 	EXP 	line1_2: autoDraw = False
471.0231 	EXP 	line2_2: autoDraw = False
471.0231 	EXP 	line3_2: autoDraw = False
471.0231 	EXP 	line4_2: autoDraw = False
471.0231 	EXP 	protrianglefixation_2: autoDraw = False
471.0231 	EXP 	Fixation_2: autoDraw = True
471.0799 	EXP 	Device response: <KeyPress from None: t=471.0097088329994, value=c, duration=0.060322125000311644>
472.0104 	EXP 	line1_2: autoDraw = True
472.0104 	EXP 	line2_2: autoDraw = True
472.0104 	EXP 	line3_2: autoDraw = True
472.0104 	EXP 	line4_2: autoDraw = True
472.0176 	EXP 	Fixation_2: autoDraw = False
473.0106 	INFO 	Keyboard events cleared
473.0104 	EXP 	protrianglefixation_2: autoDraw = True
474.1025 	EXP 	Device response: <KeyPress from None: t=474.0997032079995, value=v, duration=None>
474.1030 	EXP 	New trial (rep=0, index=3): <Trial 3 (3 in rep 0) data={'pos': np.int64(-150), 'corr_resp': 'z', 'thisN': 3, 'thisTrialN': 3, 'thisRepN': 0}>
474.1088 	DATA 	Keypress: v
474.1144 	EXP 	Fixation_2: autoDraw = False
474.1144 	EXP 	line1_2: autoDraw = False
474.1144 	EXP 	line2_2: autoDraw = False
474.1144 	EXP 	line3_2: autoDraw = False
474.1144 	EXP 	line4_2: autoDraw = False
474.1144 	EXP 	protrianglefixation_2: autoDraw = False
474.1144 	EXP 	Fixation_2: autoDraw = True
474.1628 	EXP 	Device response: <KeyPress from None: t=474.0997032079995, value=v, duration=0.056349499999669206>
475.1026 	EXP 	line1_2: autoDraw = True
475.1026 	EXP 	line2_2: autoDraw = True
475.1026 	EXP 	line3_2: autoDraw = True
475.1026 	EXP 	line4_2: autoDraw = True
475.1137 	EXP 	Fixation_2: autoDraw = False
476.1012 	INFO 	Keyboard events cleared
476.1011 	EXP 	protrianglefixation_2: autoDraw = True
476.5617 	EXP 	Device response: <KeyPress from None: t=476.55457899999965, value=z, duration=None>
476.5622 	EXP 	New trial (rep=1, index=0): <Trial 4 (0 in rep 1) data={'pos': np.int64(150), 'corr_resp': 'v', 'thisN': 4, 'thisTrialN': 0, 'thisRepN': 1}>
476.5678 	DATA 	Keypress: z
476.5727 	EXP 	Fixation_2: autoDraw = False
476.5727 	EXP 	line1_2: autoDraw = False
476.5727 	EXP 	line2_2: autoDraw = False
476.5727 	EXP 	line3_2: autoDraw = False
476.5727 	EXP 	line4_2: autoDraw = False
476.5727 	EXP 	protrianglefixation_2: autoDraw = False
476.5727 	EXP 	Fixation_2: autoDraw = True
476.6673 	EXP 	Device response: <KeyPress from None: t=465.3629522909996, value=z, duration=11.300008084000183>
477.5603 	EXP 	line1_2: autoDraw = True
477.5603 	EXP 	line2_2: autoDraw = True
477.5603 	EXP 	line3_2: autoDraw = True
477.5603 	EXP 	line4_2: autoDraw = True
477.5677 	EXP 	Fixation_2: autoDraw = False
478.5605 	INFO 	Keyboard events cleared
478.5603 	EXP 	protrianglefixation_2: autoDraw = True
478.8028 	EXP 	Device response: <KeyPress from None: t=478.8005212499993, value=v, duration=None>
478.8033 	EXP 	New trial (rep=1, index=1): <Trial 5 (1 in rep 1) data={'pos': np.int64(-50), 'corr_resp': 'x', 'thisN': 5, 'thisTrialN': 1, 'thisRepN': 1}>
478.8089 	DATA 	Keypress: v
478.8146 	EXP 	Fixation_2: autoDraw = False
478.8146 	EXP 	line1_2: autoDraw = False
478.8146 	EXP 	line2_2: autoDraw = False
478.8146 	EXP 	line3_2: autoDraw = False
478.8146 	EXP 	line4_2: autoDraw = False
478.8146 	EXP 	protrianglefixation_2: autoDraw = False
478.8146 	EXP 	Fixation_2: autoDraw = True
478.9124 	EXP 	Device response: <KeyPress from None: t=478.8005212499993, value=v, duration=0.10432516600030795>
479.8021 	EXP 	line1_2: autoDraw = True
479.8021 	EXP 	line2_2: autoDraw = True
479.8021 	EXP 	line3_2: autoDraw = True
479.8021 	EXP 	line4_2: autoDraw = True
479.8111 	EXP 	Fixation_2: autoDraw = False
480.8024 	INFO 	Keyboard events cleared
480.8023 	EXP 	protrianglefixation_2: autoDraw = True
481.1618 	EXP 	Device response: <KeyPress from None: t=481.15455579099944, value=x, duration=None>
481.1623 	EXP 	New trial (rep=1, index=2): <Trial 6 (2 in rep 1) data={'pos': np.int64(-150), 'corr_resp': 'z', 'thisN': 6, 'thisTrialN': 2, 'thisRepN': 1}>
481.1685 	DATA 	Keypress: x
481.1737 	EXP 	Fixation_2: autoDraw = False
481.1737 	EXP 	line1_2: autoDraw = False
481.1737 	EXP 	line2_2: autoDraw = False
481.1737 	EXP 	line3_2: autoDraw = False
481.1737 	EXP 	line4_2: autoDraw = False
481.1737 	EXP 	protrianglefixation_2: autoDraw = False
481.1737 	EXP 	Fixation_2: autoDraw = True
481.3019 	EXP 	Device response: <KeyPress from None: t=481.15455579099944, value=x, duration=0.14025374999982887>
482.1603 	EXP 	line1_2: autoDraw = True
482.1603 	EXP 	line2_2: autoDraw = True
482.1603 	EXP 	line3_2: autoDraw = True
482.1603 	EXP 	line4_2: autoDraw = True
482.1682 	EXP 	Fixation_2: autoDraw = False
483.1605 	INFO 	Keyboard events cleared
483.1603 	EXP 	protrianglefixation_2: autoDraw = True
484.0210 	EXP 	Device response: <KeyPress from None: t=484.01654429099926, value=z, duration=None>
484.0214 	EXP 	New trial (rep=1, index=3): <Trial 7 (3 in rep 1) data={'pos': np.int64(50), 'corr_resp': 'c', 'thisN': 7, 'thisTrialN': 3, 'thisRepN': 1}>
484.0247 	DATA 	Keypress: z
484.0451 	EXP 	Fixation_2: autoDraw = False
484.0451 	EXP 	line1_2: autoDraw = False
484.0451 	EXP 	line2_2: autoDraw = False
484.0451 	EXP 	line3_2: autoDraw = False
484.0451 	EXP 	line4_2: autoDraw = False
484.0451 	EXP 	protrianglefixation_2: autoDraw = False
484.0451 	EXP 	Fixation_2: autoDraw = True
484.1787 	EXP 	Device response: <KeyPress from None: t=476.55457899999965, value=z, duration=7.614219041000069>
485.0185 	EXP 	line1_2: autoDraw = True
485.0185 	EXP 	line2_2: autoDraw = True
485.0185 	EXP 	line3_2: autoDraw = True
485.0185 	EXP 	line4_2: autoDraw = True
485.0439 	EXP 	Fixation_2: autoDraw = False
486.0184 	INFO 	Keyboard events cleared
486.0183 	EXP 	protrianglefixation_2: autoDraw = True
486.8690 	EXP 	Device response: <KeyPress from None: t=486.86141108299944, value=c, duration=None>
486.8694 	EXP 	New trial (rep=2, index=0): <Trial 8 (0 in rep 2) data={'pos': np.int64(50), 'corr_resp': 'c', 'thisN': 8, 'thisTrialN': 0, 'thisRepN': 2}>
486.8740 	DATA 	Keypress: c
486.8950 	EXP 	Fixation_2: autoDraw = False
486.8950 	EXP 	line1_2: autoDraw = False
486.8950 	EXP 	line2_2: autoDraw = False
486.8950 	EXP 	line3_2: autoDraw = False
486.8950 	EXP 	line4_2: autoDraw = False
486.8950 	EXP 	protrianglefixation_2: autoDraw = False
486.8950 	EXP 	Fixation_2: autoDraw = True
486.9622 	EXP 	Device response: <KeyPress from None: t=486.86141108299944, value=c, duration=0.09235783300027833>
487.8684 	EXP 	line1_2: autoDraw = True
487.8684 	EXP 	line2_2: autoDraw = True
487.8684 	EXP 	line3_2: autoDraw = True
487.8684 	EXP 	line4_2: autoDraw = True
487.8938 	EXP 	Fixation_2: autoDraw = False
488.8680 	INFO 	Keyboard events cleared
488.8678 	EXP 	protrianglefixation_2: autoDraw = True
489.3117 	EXP 	Device response: <KeyPress from None: t=489.3102794159995, value=c, duration=None>
489.3121 	EXP 	New trial (rep=2, index=1): <Trial 9 (1 in rep 2) data={'pos': np.int64(-150), 'corr_resp': 'z', 'thisN': 9, 'thisTrialN': 1, 'thisRepN': 2}>
489.3170 	DATA 	Keypress: c
489.3221 	EXP 	Fixation_2: autoDraw = False
489.3221 	EXP 	line1_2: autoDraw = False
489.3221 	EXP 	line2_2: autoDraw = False
489.3221 	EXP 	line3_2: autoDraw = False
489.3221 	EXP 	line4_2: autoDraw = False
489.3221 	EXP 	protrianglefixation_2: autoDraw = False
489.3221 	EXP 	Fixation_2: autoDraw = True
489.4521 	EXP 	Device response: <KeyPress from None: t=489.3102794159995, value=c, duration=0.1364425840001786>
490.3107 	EXP 	line1_2: autoDraw = True
490.3107 	EXP 	line2_2: autoDraw = True
490.3107 	EXP 	line3_2: autoDraw = True
490.3107 	EXP 	line4_2: autoDraw = True
490.3180 	EXP 	Fixation_2: autoDraw = False
491.3107 	INFO 	Keyboard events cleared
491.3106 	EXP 	protrianglefixation_2: autoDraw = True
492.1620 	EXP 	Device response: <KeyPress from None: t=492.15939041599995, value=z, duration=None>
492.1626 	EXP 	New trial (rep=2, index=2): <Trial 10 (2 in rep 2) data={'pos': np.int64(-50), 'corr_resp': 'x', 'thisN': 10, 'thisTrialN': 2, 'thisRepN': 2}>
492.1681 	DATA 	Keypress: z
492.1732 	EXP 	Fixation_2: autoDraw = False
492.1732 	EXP 	line1_2: autoDraw = False
492.1732 	EXP 	line2_2: autoDraw = False
492.1732 	EXP 	line3_2: autoDraw = False
492.1732 	EXP 	line4_2: autoDraw = False
492.1732 	EXP 	protrianglefixation_2: autoDraw = False
492.1732 	EXP 	Fixation_2: autoDraw = True
492.2798 	EXP 	Device response: <KeyPress from None: t=484.01654429099926, value=z, duration=8.25905616700038>
493.1604 	EXP 	line1_2: autoDraw = True
493.1604 	EXP 	line2_2: autoDraw = True
493.1604 	EXP 	line3_2: autoDraw = True
493.1604 	EXP 	line4_2: autoDraw = True
493.1682 	EXP 	Fixation_2: autoDraw = False
494.1606 	INFO 	Keyboard events cleared
494.1604 	EXP 	protrianglefixation_2: autoDraw = True
494.7785 	EXP 	Device response: <KeyPress from None: t=494.7692014999993, value=x, duration=None>
494.7789 	EXP 	New trial (rep=2, index=3): <Trial 11 (3 in rep 2) data={'pos': np.int64(150), 'corr_resp': 'v', 'thisN': 11, 'thisTrialN': 3, 'thisRepN': 2}>
494.7837 	DATA 	Keypress: x
494.7887 	EXP 	Fixation_2: autoDraw = False
494.7887 	EXP 	line1_2: autoDraw = False
494.7887 	EXP 	line2_2: autoDraw = False
494.7887 	EXP 	line3_2: autoDraw = False
494.7887 	EXP 	line4_2: autoDraw = False
494.7887 	EXP 	protrianglefixation_2: autoDraw = False
494.7887 	EXP 	Fixation_2: autoDraw = True
494.8799 	EXP 	Device response: <KeyPress from None: t=494.7692014999993, value=x, duration=0.10439595800016832>
495.7769 	EXP 	line1_2: autoDraw = True
495.7769 	EXP 	line2_2: autoDraw = True
495.7769 	EXP 	line3_2: autoDraw = True
495.7769 	EXP 	line4_2: autoDraw = True
495.7841 	EXP 	Fixation_2: autoDraw = False
496.7771 	INFO 	Keyboard events cleared
496.7769 	EXP 	protrianglefixation_2: autoDraw = True
497.5859 	EXP 	Device response: <KeyPress from None: t=497.5790642079992, value=v, duration=None>
497.5863 	EXP 	New trial (rep=3, index=0): <Trial 12 (0 in rep 3) data={'pos': np.int64(-50), 'corr_resp': 'x', 'thisN': 12, 'thisTrialN': 0, 'thisRepN': 3}>
497.5911 	DATA 	Keypress: v
497.5973 	EXP 	Fixation_2: autoDraw = False
497.5973 	EXP 	line1_2: autoDraw = False
497.5973 	EXP 	line2_2: autoDraw = False
497.5973 	EXP 	line3_2: autoDraw = False
497.5973 	EXP 	line4_2: autoDraw = False
497.5973 	EXP 	protrianglefixation_2: autoDraw = False
497.5973 	EXP 	Fixation_2: autoDraw = True
497.6849 	EXP 	Device response: <KeyPress from None: t=497.5790642079992, value=v, duration=0.10438225000052626>
498.5852 	EXP 	line1_2: autoDraw = True
498.5852 	EXP 	line2_2: autoDraw = True
498.5852 	EXP 	line3_2: autoDraw = True
498.5852 	EXP 	line4_2: autoDraw = True
498.5940 	EXP 	Fixation_2: autoDraw = False
499.5844 	INFO 	Keyboard events cleared
499.5842 	EXP 	protrianglefixation_2: autoDraw = True
500.2192 	EXP 	Device response: <KeyPress from None: t=500.21510691599997, value=x, duration=None>
500.2196 	EXP 	New trial (rep=3, index=1): <Trial 13 (1 in rep 3) data={'pos': np.int64(-150), 'corr_resp': 'z', 'thisN': 13, 'thisTrialN': 1, 'thisRepN': 3}>
500.2244 	DATA 	Keypress: x
500.2306 	EXP 	Fixation_2: autoDraw = False
500.2306 	EXP 	line1_2: autoDraw = False
500.2306 	EXP 	line2_2: autoDraw = False
500.2306 	EXP 	line3_2: autoDraw = False
500.2306 	EXP 	line4_2: autoDraw = False
500.2306 	EXP 	protrianglefixation_2: autoDraw = False
500.2306 	EXP 	Fixation_2: autoDraw = True
500.3700 	EXP 	Device response: <KeyPress from None: t=500.21510691599997, value=x, duration=0.15241891699952248>
501.2183 	EXP 	line1_2: autoDraw = True
501.2183 	EXP 	line2_2: autoDraw = True
501.2183 	EXP 	line3_2: autoDraw = True
501.2183 	EXP 	line4_2: autoDraw = True
501.2271 	EXP 	Fixation_2: autoDraw = False
502.2189 	INFO 	Keyboard events cleared
502.2188 	EXP 	protrianglefixation_2: autoDraw = True
503.2797 	EXP 	Device response: <KeyPress from None: t=503.2660652079994, value=z, duration=None>
503.2801 	EXP 	New trial (rep=3, index=2): <Trial 14 (2 in rep 3) data={'pos': np.int64(150), 'corr_resp': 'v', 'thisN': 14, 'thisTrialN': 2, 'thisRepN': 3}>
503.2845 	DATA 	Keypress: z
503.2892 	EXP 	Fixation_2: autoDraw = False
503.2892 	EXP 	line1_2: autoDraw = False
503.2892 	EXP 	line2_2: autoDraw = False
503.2892 	EXP 	line3_2: autoDraw = False
503.2892 	EXP 	line4_2: autoDraw = False
503.2892 	EXP 	protrianglefixation_2: autoDraw = False
503.2892 	EXP 	Fixation_2: autoDraw = True
503.4124 	EXP 	Device response: <KeyPress from None: t=492.15939041599995, value=z, duration=11.24699604199941>
504.2771 	EXP 	line1_2: autoDraw = True
504.2771 	EXP 	line2_2: autoDraw = True
504.2771 	EXP 	line3_2: autoDraw = True
504.2771 	EXP 	line4_2: autoDraw = True
504.2846 	EXP 	Fixation_2: autoDraw = False
505.2773 	INFO 	Keyboard events cleared
505.2771 	EXP 	protrianglefixation_2: autoDraw = True
506.0450 	EXP 	Device response: <KeyPress from None: t=506.03900875, value=v, duration=None>
506.0454 	EXP 	New trial (rep=3, index=3): <Trial 15 (3 in rep 3) data={'pos': np.int64(50), 'corr_resp': 'c', 'thisN': 15, 'thisTrialN': 3, 'thisRepN': 3}>
506.0503 	DATA 	Keypress: v
506.0551 	EXP 	Fixation_2: autoDraw = False
506.0551 	EXP 	line1_2: autoDraw = False
506.0551 	EXP 	line2_2: autoDraw = False
506.0551 	EXP 	line3_2: autoDraw = False
506.0551 	EXP 	line4_2: autoDraw = False
506.0551 	EXP 	protrianglefixation_2: autoDraw = False
506.0551 	EXP 	Fixation_2: autoDraw = True
506.1626 	EXP 	Device response: <KeyPress from None: t=506.03900875, value=v, duration=0.11299883299943758>
507.0437 	EXP 	line1_2: autoDraw = True
507.0437 	EXP 	line2_2: autoDraw = True
507.0437 	EXP 	line3_2: autoDraw = True
507.0437 	EXP 	line4_2: autoDraw = True
507.0511 	EXP 	Fixation_2: autoDraw = False
508.0440 	INFO 	Keyboard events cleared
508.0438 	EXP 	protrianglefixation_2: autoDraw = True
508.8190 	EXP 	Device response: <KeyPress from None: t=508.81678937499964, value=c, duration=None>
508.8194 	EXP 	New trial (rep=4, index=0): <Trial 16 (0 in rep 4) data={'pos': np.int64(-50), 'corr_resp': 'x', 'thisN': 16, 'thisTrialN': 0, 'thisRepN': 4}>
508.8241 	DATA 	Keypress: c
508.8454 	EXP 	Fixation_2: autoDraw = False
508.8454 	EXP 	line1_2: autoDraw = False
508.8454 	EXP 	line2_2: autoDraw = False
508.8454 	EXP 	line3_2: autoDraw = False
508.8454 	EXP 	line4_2: autoDraw = False
508.8454 	EXP 	protrianglefixation_2: autoDraw = False
508.8454 	EXP 	Fixation_2: autoDraw = True
508.9354 	EXP 	Device response: <KeyPress from None: t=508.81678937499964, value=c, duration=0.11251858299965534>
509.8183 	EXP 	line1_2: autoDraw = True
509.8183 	EXP 	line2_2: autoDraw = True
509.8183 	EXP 	line3_2: autoDraw = True
509.8183 	EXP 	line4_2: autoDraw = True
509.8440 	EXP 	Fixation_2: autoDraw = False
510.8183 	INFO 	Keyboard events cleared
510.8181 	EXP 	protrianglefixation_2: autoDraw = True
511.6023 	EXP 	Device response: <KeyPress from None: t=511.5997836249999, value=x, duration=None>
511.6027 	EXP 	New trial (rep=4, index=1): <Trial 17 (1 in rep 4) data={'pos': np.int64(-150), 'corr_resp': 'z', 'thisN': 17, 'thisTrialN': 1, 'thisRepN': 4}>
511.6062 	DATA 	Keypress: x
511.6107 	EXP 	Fixation_2: autoDraw = False
511.6107 	EXP 	line1_2: autoDraw = False
511.6107 	EXP 	line2_2: autoDraw = False
511.6107 	EXP 	line3_2: autoDraw = False
511.6107 	EXP 	line4_2: autoDraw = False
511.6107 	EXP 	protrianglefixation_2: autoDraw = False
511.6107 	EXP 	Fixation_2: autoDraw = True
511.6971 	EXP 	Device response: <KeyPress from None: t=511.5997836249999, value=x, duration=0.08439316600015445>
512.5936 	EXP 	line1_2: autoDraw = True
512.5936 	EXP 	line2_2: autoDraw = True
512.5936 	EXP 	line3_2: autoDraw = True
512.5936 	EXP 	line4_2: autoDraw = True
512.6008 	EXP 	Fixation_2: autoDraw = False
513.6019 	INFO 	Keyboard events cleared
513.6017 	EXP 	protrianglefixation_2: autoDraw = True
514.7463 	EXP 	Device response: <KeyPress from None: t=514.7237649159997, value=z, duration=None>
514.7467 	EXP 	New trial (rep=4, index=2): <Trial 18 (2 in rep 4) data={'pos': np.int64(50), 'corr_resp': 'c', 'thisN': 18, 'thisTrialN': 2, 'thisRepN': 4}>
514.7513 	DATA 	Keypress: z
514.7619 	EXP 	Fixation_2: autoDraw = False
514.7619 	EXP 	line1_2: autoDraw = False
514.7619 	EXP 	line2_2: autoDraw = False
514.7619 	EXP 	line3_2: autoDraw = False
514.7619 	EXP 	line4_2: autoDraw = False
514.7619 	EXP 	protrianglefixation_2: autoDraw = False
514.7619 	EXP 	Fixation_2: autoDraw = True
514.8028 	EXP 	Device response: <KeyPress from None: t=503.2660652079994, value=z, duration=11.529930292000245>
515.7436 	EXP 	line1_2: autoDraw = True
515.7436 	EXP 	line2_2: autoDraw = True
515.7436 	EXP 	line3_2: autoDraw = True
515.7436 	EXP 	line4_2: autoDraw = True
515.7605 	EXP 	Fixation_2: autoDraw = False
516.7438 	INFO 	Keyboard events cleared
516.7436 	EXP 	protrianglefixation_2: autoDraw = True
517.6795 	EXP 	Device response: <KeyPress from None: t=517.6725396249994, value=c, duration=None>
517.6800 	EXP 	New trial (rep=4, index=3): <Trial 19 (3 in rep 4) data={'pos': np.int64(150), 'corr_resp': 'v', 'thisN': 19, 'thisTrialN': 3, 'thisRepN': 4}>
517.6861 	DATA 	Keypress: c
517.6907 	EXP 	Fixation_2: autoDraw = False
517.6907 	EXP 	line1_2: autoDraw = False
517.6907 	EXP 	line2_2: autoDraw = False
517.6907 	EXP 	line3_2: autoDraw = False
517.6907 	EXP 	line4_2: autoDraw = False
517.6907 	EXP 	protrianglefixation_2: autoDraw = False
517.6907 	EXP 	Fixation_2: autoDraw = True
517.7618 	EXP 	Device response: <KeyPress from None: t=517.6725396249994, value=c, duration=0.08737004100021295>
518.6770 	EXP 	line1_2: autoDraw = True
518.6770 	EXP 	line2_2: autoDraw = True
518.6770 	EXP 	line3_2: autoDraw = True
518.6770 	EXP 	line4_2: autoDraw = True
518.6844 	EXP 	Fixation_2: autoDraw = False
519.6774 	INFO 	Keyboard events cleared
519.6771 	EXP 	protrianglefixation_2: autoDraw = True
520.4450 	EXP 	Device response: <KeyPress from None: t=520.4426515829991, value=v, duration=None>
520.4454 	EXP 	New trial (rep=5, index=0): <Trial 20 (0 in rep 5) data={'pos': np.int64(150), 'corr_resp': 'v', 'thisN': 20, 'thisTrialN': 0, 'thisRepN': 5}>
520.4515 	DATA 	Keypress: v
520.4569 	EXP 	Fixation_2: autoDraw = False
520.4569 	EXP 	line1_2: autoDraw = False
520.4569 	EXP 	line2_2: autoDraw = False
520.4569 	EXP 	line3_2: autoDraw = False
520.4569 	EXP 	line4_2: autoDraw = False
520.4569 	EXP 	protrianglefixation_2: autoDraw = False
520.4569 	EXP 	Fixation_2: autoDraw = True
520.5523 	EXP 	Device response: <KeyPress from None: t=520.4426515829991, value=v, duration=0.10823587499999121>
521.4437 	EXP 	line1_2: autoDraw = True
521.4437 	EXP 	line2_2: autoDraw = True
521.4437 	EXP 	line3_2: autoDraw = True
521.4437 	EXP 	line4_2: autoDraw = True
521.4511 	EXP 	Fixation_2: autoDraw = False
522.4365 	INFO 	Keyboard events cleared
522.4364 	EXP 	protrianglefixation_2: autoDraw = True
523.1117 	EXP 	Device response: <KeyPress from None: t=523.1017753329998, value=v, duration=None>
523.1122 	EXP 	New trial (rep=5, index=1): <Trial 21 (1 in rep 5) data={'pos': np.int64(50), 'corr_resp': 'c', 'thisN': 21, 'thisTrialN': 1, 'thisRepN': 5}>
523.1183 	DATA 	Keypress: v
523.1234 	EXP 	Fixation_2: autoDraw = False
523.1234 	EXP 	line1_2: autoDraw = False
523.1234 	EXP 	line2_2: autoDraw = False
523.1234 	EXP 	line3_2: autoDraw = False
523.1234 	EXP 	line4_2: autoDraw = False
523.1234 	EXP 	protrianglefixation_2: autoDraw = False
523.1234 	EXP 	Fixation_2: autoDraw = True
523.1972 	EXP 	Device response: <KeyPress from None: t=523.1017753329998, value=v, duration=0.09201758299968787>
524.1103 	EXP 	line1_2: autoDraw = True
524.1103 	EXP 	line2_2: autoDraw = True
524.1103 	EXP 	line3_2: autoDraw = True
524.1103 	EXP 	line4_2: autoDraw = True
524.1176 	EXP 	Fixation_2: autoDraw = False
525.1106 	INFO 	Keyboard events cleared
525.1104 	EXP 	protrianglefixation_2: autoDraw = True
525.8688 	EXP 	Device response: <KeyPress from None: t=525.8675214159994, value=c, duration=None>
525.8692 	EXP 	New trial (rep=5, index=2): <Trial 22 (2 in rep 5) data={'pos': np.int64(-50), 'corr_resp': 'x', 'thisN': 22, 'thisTrialN': 2, 'thisRepN': 5}>
525.8751 	DATA 	Keypress: c
525.8812 	EXP 	Fixation_2: autoDraw = False
525.8812 	EXP 	line1_2: autoDraw = False
525.8812 	EXP 	line2_2: autoDraw = False
525.8812 	EXP 	line3_2: autoDraw = False
525.8812 	EXP 	line4_2: autoDraw = False
525.8812 	EXP 	protrianglefixation_2: autoDraw = False
525.8812 	EXP 	Fixation_2: autoDraw = True
525.9622 	EXP 	Device response: <KeyPress from None: t=525.8675214159994, value=c, duration=0.08423054200011393>
526.8682 	EXP 	line1_2: autoDraw = True
526.8682 	EXP 	line2_2: autoDraw = True
526.8682 	EXP 	line3_2: autoDraw = True
526.8682 	EXP 	line4_2: autoDraw = True
526.8771 	EXP 	Fixation_2: autoDraw = False
527.8688 	INFO 	Keyboard events cleared
527.8686 	EXP 	protrianglefixation_2: autoDraw = True
528.7449 	EXP 	Device response: <KeyPress from None: t=528.7394036659998, value=x, duration=None>
528.7453 	EXP 	New trial (rep=5, index=3): <Trial 23 (3 in rep 5) data={'pos': np.int64(-150), 'corr_resp': 'z', 'thisN': 23, 'thisTrialN': 3, 'thisRepN': 5}>
528.7513 	DATA 	Keypress: x
528.7563 	EXP 	Fixation_2: autoDraw = False
528.7563 	EXP 	line1_2: autoDraw = False
528.7563 	EXP 	line2_2: autoDraw = False
528.7563 	EXP 	line3_2: autoDraw = False
528.7563 	EXP 	line4_2: autoDraw = False
528.7563 	EXP 	protrianglefixation_2: autoDraw = False
528.7563 	EXP 	Fixation_2: autoDraw = True
528.8789 	EXP 	Device response: <KeyPress from None: t=528.7394036659998, value=x, duration=0.1363039170000775>
529.7436 	EXP 	line1_2: autoDraw = True
529.7436 	EXP 	line2_2: autoDraw = True
529.7436 	EXP 	line3_2: autoDraw = True
529.7436 	EXP 	line4_2: autoDraw = True
529.7510 	EXP 	Fixation_2: autoDraw = False
530.7437 	INFO 	Keyboard events cleared
530.7435 	EXP 	protrianglefixation_2: autoDraw = True
531.6284 	EXP 	Device response: <KeyPress from None: t=531.6234139999997, value=z, duration=None>
531.6289 	EXP 	New trial (rep=6, index=0): <Trial 24 (0 in rep 6) data={'pos': np.int64(150), 'corr_resp': 'v', 'thisN': 24, 'thisTrialN': 0, 'thisRepN': 6}>
531.6351 	DATA 	Keypress: z
531.6401 	EXP 	Fixation_2: autoDraw = False
531.6401 	EXP 	line1_2: autoDraw = False
531.6401 	EXP 	line2_2: autoDraw = False
531.6401 	EXP 	line3_2: autoDraw = False
531.6401 	EXP 	line4_2: autoDraw = False
531.6401 	EXP 	protrianglefixation_2: autoDraw = False
531.6401 	EXP 	Fixation_2: autoDraw = True
531.7686 	EXP 	Device response: <KeyPress from None: t=514.7237649159997, value=z, duration=17.039873583999906>
532.6271 	EXP 	line1_2: autoDraw = True
532.6271 	EXP 	line2_2: autoDraw = True
532.6271 	EXP 	line3_2: autoDraw = True
532.6271 	EXP 	line4_2: autoDraw = True
532.6346 	EXP 	Fixation_2: autoDraw = False
533.6271 	INFO 	Keyboard events cleared
533.6269 	EXP 	protrianglefixation_2: autoDraw = True
534.3697 	EXP 	Device response: <KeyPress from None: t=534.3682979999994, value=v, duration=None>
534.3702 	EXP 	New trial (rep=6, index=1): <Trial 25 (1 in rep 6) data={'pos': np.int64(50), 'corr_resp': 'c', 'thisN': 25, 'thisTrialN': 1, 'thisRepN': 6}>
534.3761 	DATA 	Keypress: v
534.3812 	EXP 	Fixation_2: autoDraw = False
534.3812 	EXP 	line1_2: autoDraw = False
534.3812 	EXP 	line2_2: autoDraw = False
534.3812 	EXP 	line3_2: autoDraw = False
534.3812 	EXP 	line4_2: autoDraw = False
534.3812 	EXP 	protrianglefixation_2: autoDraw = False
534.3812 	EXP 	Fixation_2: autoDraw = True
534.4631 	EXP 	Device response: <KeyPress from None: t=534.3682979999994, value=v, duration=0.09226583300005586>
535.3687 	EXP 	line1_2: autoDraw = True
535.3687 	EXP 	line2_2: autoDraw = True
535.3687 	EXP 	line3_2: autoDraw = True
535.3687 	EXP 	line4_2: autoDraw = True
535.3771 	EXP 	Fixation_2: autoDraw = False
536.3680 	INFO 	Keyboard events cleared
536.3679 	EXP 	protrianglefixation_2: autoDraw = True
537.2025 	EXP 	Device response: <KeyPress from None: t=537.1941699159997, value=c, duration=None>
537.2029 	EXP 	New trial (rep=6, index=2): <Trial 26 (2 in rep 6) data={'pos': np.int64(-50), 'corr_resp': 'x', 'thisN': 26, 'thisTrialN': 2, 'thisRepN': 6}>
537.2091 	DATA 	Keypress: c
537.2144 	EXP 	Fixation_2: autoDraw = False
537.2144 	EXP 	line1_2: autoDraw = False
537.2144 	EXP 	line2_2: autoDraw = False
537.2144 	EXP 	line3_2: autoDraw = False
537.2144 	EXP 	line4_2: autoDraw = False
537.2144 	EXP 	protrianglefixation_2: autoDraw = False
537.2144 	EXP 	Fixation_2: autoDraw = True
537.3292 	EXP 	Device response: <KeyPress from None: t=537.1941699159997, value=c, duration=0.12442433399974107>
538.2021 	EXP 	line1_2: autoDraw = True
538.2021 	EXP 	line2_2: autoDraw = True
538.2021 	EXP 	line3_2: autoDraw = True
538.2021 	EXP 	line4_2: autoDraw = True
538.2106 	EXP 	Fixation_2: autoDraw = False
539.2015 	INFO 	Keyboard events cleared
539.2014 	EXP 	protrianglefixation_2: autoDraw = True
539.8802 	EXP 	Device response: <KeyPress from None: t=539.8732459159992, value=x, duration=None>
539.8811 	EXP 	New trial (rep=6, index=3): <Trial 27 (3 in rep 6) data={'pos': np.int64(-150), 'corr_resp': 'z', 'thisN': 27, 'thisTrialN': 3, 'thisRepN': 6}>
539.8867 	DATA 	Keypress: x
539.8936 	EXP 	Fixation_2: autoDraw = False
539.8936 	EXP 	line1_2: autoDraw = False
539.8936 	EXP 	line2_2: autoDraw = False
539.8936 	EXP 	line3_2: autoDraw = False
539.8936 	EXP 	line4_2: autoDraw = False
539.8936 	EXP 	protrianglefixation_2: autoDraw = False
539.8936 	EXP 	Fixation_2: autoDraw = True
540.0124 	EXP 	Device response: <KeyPress from None: t=539.8732459159992, value=x, duration=0.1282545840003877>
540.8770 	EXP 	line1_2: autoDraw = True
540.8770 	EXP 	line2_2: autoDraw = True
540.8770 	EXP 	line3_2: autoDraw = True
540.8770 	EXP 	line4_2: autoDraw = True
540.8843 	EXP 	Fixation_2: autoDraw = False
541.8771 	INFO 	Keyboard events cleared
541.8769 	EXP 	protrianglefixation_2: autoDraw = True
542.5027 	EXP 	Device response: <KeyPress from None: t=542.4950158329993, value=z, duration=None>
542.5031 	EXP 	New trial (rep=7, index=0): <Trial 28 (0 in rep 7) data={'pos': np.int64(150), 'corr_resp': 'v', 'thisN': 28, 'thisTrialN': 0, 'thisRepN': 7}>
542.5081 	DATA 	Keypress: z
542.5140 	EXP 	Fixation_2: autoDraw = False
542.5140 	EXP 	line1_2: autoDraw = False
542.5140 	EXP 	line2_2: autoDraw = False
542.5140 	EXP 	line3_2: autoDraw = False
542.5140 	EXP 	line4_2: autoDraw = False
542.5140 	EXP 	protrianglefixation_2: autoDraw = False
542.5140 	EXP 	Fixation_2: autoDraw = True
542.6289 	EXP 	Device response: <KeyPress from None: t=531.6234139999997, value=z, duration=11.00008704099946>
543.5019 	EXP 	line1_2: autoDraw = True
543.5019 	EXP 	line2_2: autoDraw = True
543.5019 	EXP 	line3_2: autoDraw = True
543.5019 	EXP 	line4_2: autoDraw = True
543.5104 	EXP 	Fixation_2: autoDraw = False
544.5020 	INFO 	Keyboard events cleared
544.5018 	EXP 	protrianglefixation_2: autoDraw = True
545.5027 	EXP 	Device response: <KeyPress from None: t=545.5011204579996, value=v, duration=None>
545.5031 	EXP 	New trial (rep=7, index=1): <Trial 29 (1 in rep 7) data={'pos': np.int64(50), 'corr_resp': 'c', 'thisN': 29, 'thisTrialN': 1, 'thisRepN': 7}>
545.5079 	DATA 	Keypress: v
545.5142 	EXP 	Fixation_2: autoDraw = False
545.5142 	EXP 	line1_2: autoDraw = False
545.5142 	EXP 	line2_2: autoDraw = False
545.5142 	EXP 	line3_2: autoDraw = False
545.5142 	EXP 	line4_2: autoDraw = False
545.5142 	EXP 	protrianglefixation_2: autoDraw = False
545.5142 	EXP 	Fixation_2: autoDraw = True
545.5954 	EXP 	Device response: <KeyPress from None: t=545.5011204579996, value=v, duration=0.09229512500041892>
546.5021 	EXP 	line1_2: autoDraw = True
546.5021 	EXP 	line2_2: autoDraw = True
546.5021 	EXP 	line3_2: autoDraw = True
546.5021 	EXP 	line4_2: autoDraw = True
546.5106 	EXP 	Fixation_2: autoDraw = False
547.5017 	INFO 	Keyboard events cleared
547.5015 	EXP 	protrianglefixation_2: autoDraw = True
547.9116 	EXP 	Device response: <KeyPress from None: t=547.9028897079997, value=c, duration=None>
547.9120 	EXP 	New trial (rep=7, index=2): <Trial 30 (2 in rep 7) data={'pos': np.int64(-150), 'corr_resp': 'z', 'thisN': 30, 'thisTrialN': 2, 'thisRepN': 7}>
547.9167 	DATA 	Keypress: c
547.9215 	EXP 	Fixation_2: autoDraw = False
547.9215 	EXP 	line1_2: autoDraw = False
547.9215 	EXP 	line2_2: autoDraw = False
547.9215 	EXP 	line3_2: autoDraw = False
547.9215 	EXP 	line4_2: autoDraw = False
547.9215 	EXP 	protrianglefixation_2: autoDraw = False
547.9215 	EXP 	Fixation_2: autoDraw = True
548.0454 	EXP 	Device response: <KeyPress from None: t=547.9028897079997, value=c, duration=0.13642774999971152>
548.9101 	EXP 	line1_2: autoDraw = True
548.9101 	EXP 	line2_2: autoDraw = True
548.9101 	EXP 	line3_2: autoDraw = True
548.9101 	EXP 	line4_2: autoDraw = True
548.9175 	EXP 	Fixation_2: autoDraw = False
549.9103 	INFO 	Keyboard events cleared
549.9101 	EXP 	protrianglefixation_2: autoDraw = True
550.6524 	EXP 	Device response: <KeyPress from None: t=550.6489311659998, value=z, duration=None>
550.6529 	EXP 	New trial (rep=7, index=3): <Trial 31 (3 in rep 7) data={'pos': np.int64(-50), 'corr_resp': 'x', 'thisN': 31, 'thisTrialN': 3, 'thisRepN': 7}>
550.6588 	DATA 	Keypress: z
550.6641 	EXP 	Fixation_2: autoDraw = False
550.6641 	EXP 	line1_2: autoDraw = False
550.6641 	EXP 	line2_2: autoDraw = False
550.6641 	EXP 	line3_2: autoDraw = False
550.6641 	EXP 	line4_2: autoDraw = False
550.6641 	EXP 	protrianglefixation_2: autoDraw = False
550.6641 	EXP 	Fixation_2: autoDraw = True
550.7960 	EXP 	Device response: <KeyPress from None: t=542.4950158329993, value=z, duration=8.298153792000448>
551.6436 	EXP 	line1_2: autoDraw = True
551.6436 	EXP 	line2_2: autoDraw = True
551.6436 	EXP 	line3_2: autoDraw = True
551.6436 	EXP 	line4_2: autoDraw = True
551.6604 	EXP 	Fixation_2: autoDraw = False
552.6520 	INFO 	Keyboard events cleared
552.6519 	EXP 	protrianglefixation_2: autoDraw = True
553.4121 	EXP 	Device response: <KeyPress from None: t=553.4107453749994, value=x, duration=None>
553.4177 	DATA 	Keypress: x
553.4234 	EXP 	New trial (rep=8, index=0): <Trial 32 (0 in rep 8) data={'pos': np.int64(50), 'corr_resp': 'c', 'thisN': 32, 'thisTrialN': 0, 'thisRepN': 8}>
553.4316 	EXP 	Fixation_2: autoDraw = False
553.4316 	EXP 	line1_2: autoDraw = False
553.4316 	EXP 	line2_2: autoDraw = False
553.4316 	EXP 	line3_2: autoDraw = False
553.4316 	EXP 	line4_2: autoDraw = False
553.4316 	EXP 	protrianglefixation_2: autoDraw = False
553.4316 	EXP 	Fixation_2: autoDraw = True
553.5458 	EXP 	Device response: <KeyPress from None: t=553.4107453749994, value=x, duration=0.1284440409999661>
554.4187 	EXP 	line1_2: autoDraw = True
554.4187 	EXP 	line2_2: autoDraw = True
554.4187 	EXP 	line3_2: autoDraw = True
554.4187 	EXP 	line4_2: autoDraw = True
554.4451 	EXP 	Fixation_2: autoDraw = False
555.4185 	INFO 	Keyboard events cleared
555.4184 	EXP 	protrianglefixation_2: autoDraw = True
556.1449 	EXP 	Device response: <KeyPress from None: t=556.1406938749997, value=c, duration=None>
556.1454 	EXP 	New trial (rep=8, index=1): <Trial 33 (1 in rep 8) data={'pos': np.int64(-50), 'corr_resp': 'x', 'thisN': 33, 'thisTrialN': 1, 'thisRepN': 8}>
556.1506 	DATA 	Keypress: c
556.1557 	EXP 	Fixation_2: autoDraw = False
556.1557 	EXP 	line1_2: autoDraw = False
556.1557 	EXP 	line2_2: autoDraw = False
556.1557 	EXP 	line3_2: autoDraw = False
556.1557 	EXP 	line4_2: autoDraw = False
556.1557 	EXP 	protrianglefixation_2: autoDraw = False
556.1557 	EXP 	Fixation_2: autoDraw = True
556.2303 	EXP 	Device response: <KeyPress from None: t=556.1406938749997, value=c, duration=0.08442229100000986>
557.1438 	EXP 	line1_2: autoDraw = True
557.1438 	EXP 	line2_2: autoDraw = True
557.1438 	EXP 	line3_2: autoDraw = True
557.1438 	EXP 	line4_2: autoDraw = True
557.1511 	EXP 	Fixation_2: autoDraw = False
558.1437 	INFO 	Keyboard events cleared
558.1436 	EXP 	protrianglefixation_2: autoDraw = True
558.8282 	EXP 	Device response: <KeyPress from None: t=558.8216925409997, value=x, duration=None>
558.8287 	EXP 	New trial (rep=8, index=2): <Trial 34 (2 in rep 8) data={'pos': np.int64(150), 'corr_resp': 'v', 'thisN': 34, 'thisTrialN': 2, 'thisRepN': 8}>
558.8338 	DATA 	Keypress: x
558.8386 	EXP 	Fixation_2: autoDraw = False
558.8386 	EXP 	line1_2: autoDraw = False
558.8386 	EXP 	line2_2: autoDraw = False
558.8386 	EXP 	line3_2: autoDraw = False
558.8386 	EXP 	line4_2: autoDraw = False
558.8386 	EXP 	protrianglefixation_2: autoDraw = False
558.8386 	EXP 	Fixation_2: autoDraw = True
559.0036 	EXP 	Device response: <KeyPress from None: t=558.8216925409997, value=x, duration=0.1764171670001815>
559.8268 	EXP 	line1_2: autoDraw = True
559.8268 	EXP 	line2_2: autoDraw = True
559.8268 	EXP 	line3_2: autoDraw = True
559.8268 	EXP 	line4_2: autoDraw = True
559.8347 	EXP 	Fixation_2: autoDraw = False
560.8271 	INFO 	Keyboard events cleared
560.8269 	EXP 	protrianglefixation_2: autoDraw = True
561.6283 	EXP 	Device response: <KeyPress from None: t=561.6205917909992, value=v, duration=None>
561.6288 	EXP 	New trial (rep=8, index=3): <Trial 35 (3 in rep 8) data={'pos': np.int64(-150), 'corr_resp': 'z', 'thisN': 35, 'thisTrialN': 3, 'thisRepN': 8}>
561.6339 	DATA 	Keypress: v
561.6390 	EXP 	Fixation_2: autoDraw = False
561.6390 	EXP 	line1_2: autoDraw = False
561.6390 	EXP 	line2_2: autoDraw = False
561.6390 	EXP 	line3_2: autoDraw = False
561.6390 	EXP 	line4_2: autoDraw = False
561.6390 	EXP 	protrianglefixation_2: autoDraw = False
561.6390 	EXP 	Fixation_2: autoDraw = True
561.6964 	EXP 	Device response: <KeyPress from None: t=561.6205917909992, value=v, duration=0.07241770900054689>
562.6269 	EXP 	line1_2: autoDraw = True
562.6269 	EXP 	line2_2: autoDraw = True
562.6269 	EXP 	line3_2: autoDraw = True
562.6269 	EXP 	line4_2: autoDraw = True
562.6346 	EXP 	Fixation_2: autoDraw = False
563.6269 	INFO 	Keyboard events cleared
563.6267 	EXP 	protrianglefixation_2: autoDraw = True
564.3450 	EXP 	Device response: <KeyPress from None: t=564.3395328329998, value=z, duration=None>
564.3454 	EXP 	New trial (rep=9, index=0): <Trial 36 (0 in rep 9) data={'pos': np.int64(-50), 'corr_resp': 'x', 'thisN': 36, 'thisTrialN': 0, 'thisRepN': 9}>
564.3505 	DATA 	Keypress: z
564.3556 	EXP 	Fixation_2: autoDraw = False
564.3556 	EXP 	line1_2: autoDraw = False
564.3556 	EXP 	line2_2: autoDraw = False
564.3556 	EXP 	line3_2: autoDraw = False
564.3556 	EXP 	line4_2: autoDraw = False
564.3556 	EXP 	protrianglefixation_2: autoDraw = False
564.3556 	EXP 	Fixation_2: autoDraw = True
564.5023 	EXP 	Device response: <KeyPress from None: t=550.6489311659998, value=z, duration=13.847044334000202>
565.3436 	EXP 	line1_2: autoDraw = True
565.3436 	EXP 	line2_2: autoDraw = True
565.3436 	EXP 	line3_2: autoDraw = True
565.3436 	EXP 	line4_2: autoDraw = True
565.3511 	EXP 	Fixation_2: autoDraw = False
566.3619 	INFO 	Keyboard events cleared
566.3617 	EXP 	protrianglefixation_2: autoDraw = True
567.1115 	EXP 	Device response: <KeyPress from None: t=567.1045407909996, value=x, duration=None>
567.1120 	EXP 	New trial (rep=9, index=1): <Trial 37 (1 in rep 9) data={'pos': np.int64(50), 'corr_resp': 'c', 'thisN': 37, 'thisTrialN': 1, 'thisRepN': 9}>
567.1171 	DATA 	Keypress: x
567.1220 	EXP 	Fixation_2: autoDraw = False
567.1220 	EXP 	line1_2: autoDraw = False
567.1220 	EXP 	line2_2: autoDraw = False
567.1220 	EXP 	line3_2: autoDraw = False
567.1220 	EXP 	line4_2: autoDraw = False
567.1220 	EXP 	protrianglefixation_2: autoDraw = False
567.1220 	EXP 	Fixation_2: autoDraw = True
567.2131 	EXP 	Device response: <KeyPress from None: t=567.1045407909996, value=x, duration=0.09627512499992008>
568.1101 	EXP 	line1_2: autoDraw = True
568.1101 	EXP 	line2_2: autoDraw = True
568.1101 	EXP 	line3_2: autoDraw = True
568.1101 	EXP 	line4_2: autoDraw = True
568.1181 	EXP 	Fixation_2: autoDraw = False
569.1103 	INFO 	Keyboard events cleared
569.1101 	EXP 	protrianglefixation_2: autoDraw = True
569.7626 	EXP 	Device response: <KeyPress from None: t=569.7434344999992, value=c, duration=None>
569.7630 	EXP 	New trial (rep=9, index=2): <Trial 38 (2 in rep 9) data={'pos': np.int64(-150), 'corr_resp': 'z', 'thisN': 38, 'thisTrialN': 2, 'thisRepN': 9}>
569.7677 	DATA 	Keypress: c
569.7785 	EXP 	Fixation_2: autoDraw = False
569.7785 	EXP 	line1_2: autoDraw = False
569.7785 	EXP 	line2_2: autoDraw = False
569.7785 	EXP 	line3_2: autoDraw = False
569.7785 	EXP 	line4_2: autoDraw = False
569.7785 	EXP 	protrianglefixation_2: autoDraw = False
569.7785 	EXP 	Fixation_2: autoDraw = True
569.8625 	EXP 	Device response: <KeyPress from None: t=569.7434344999992, value=c, duration=0.10829308300071716>
570.7601 	EXP 	line1_2: autoDraw = True
570.7601 	EXP 	line2_2: autoDraw = True
570.7601 	EXP 	line3_2: autoDraw = True
570.7601 	EXP 	line4_2: autoDraw = True
570.7780 	EXP 	Fixation_2: autoDraw = False
571.7604 	INFO 	Keyboard events cleared
571.7602 	EXP 	protrianglefixation_2: autoDraw = True
572.4283 	EXP 	Device response: <KeyPress from None: t=572.4204279999994, value=z, duration=None>
572.4287 	EXP 	New trial (rep=9, index=3): <Trial 39 (3 in rep 9) data={'pos': np.int64(150), 'corr_resp': 'v', 'thisN': 39, 'thisTrialN': 3, 'thisRepN': 9}>
572.4339 	DATA 	Keypress: z
572.4388 	EXP 	Fixation_2: autoDraw = False
572.4388 	EXP 	line1_2: autoDraw = False
572.4388 	EXP 	line2_2: autoDraw = False
572.4388 	EXP 	line3_2: autoDraw = False
572.4388 	EXP 	line4_2: autoDraw = False
572.4388 	EXP 	protrianglefixation_2: autoDraw = False
572.4388 	EXP 	Fixation_2: autoDraw = True
572.5465 	EXP 	Device response: <KeyPress from None: t=564.3395328329998, value=z, duration=8.201132166999741>
573.4269 	EXP 	line1_2: autoDraw = True
573.4269 	EXP 	line2_2: autoDraw = True
573.4269 	EXP 	line3_2: autoDraw = True
573.4269 	EXP 	line4_2: autoDraw = True
573.4346 	EXP 	Fixation_2: autoDraw = False
574.4275 	INFO 	Keyboard events cleared
574.4273 	EXP 	protrianglefixation_2: autoDraw = True
575.3359 	EXP 	Device response: <KeyPress from None: t=575.3313214159998, value=v, duration=None>
575.3365 	EXP 	New trial (rep=10, index=0): <Trial 40 (0 in rep 10) data={'pos': np.int64(-150), 'corr_resp': 'z', 'thisN': 40, 'thisTrialN': 0, 'thisRepN': 10}>
575.3419 	DATA 	Keypress: v
575.3479 	EXP 	Fixation_2: autoDraw = False
575.3479 	EXP 	line1_2: autoDraw = False
575.3479 	EXP 	line2_2: autoDraw = False
575.3479 	EXP 	line3_2: autoDraw = False
575.3479 	EXP 	line4_2: autoDraw = False
575.3479 	EXP 	protrianglefixation_2: autoDraw = False
575.3479 	EXP 	Fixation_2: autoDraw = True
575.4012 	EXP 	Device response: <KeyPress from None: t=575.3313214159998, value=v, duration=0.06883537500016246>
576.3355 	EXP 	line1_2: autoDraw = True
576.3355 	EXP 	line2_2: autoDraw = True
576.3355 	EXP 	line3_2: autoDraw = True
576.3355 	EXP 	line4_2: autoDraw = True
576.3435 	EXP 	Fixation_2: autoDraw = False
577.3619 	INFO 	Keyboard events cleared
577.3617 	EXP 	protrianglefixation_2: autoDraw = True
578.6526 	EXP 	Device response: <KeyPress from None: t=578.6462997499993, value=z, duration=None>
578.6530 	EXP 	New trial (rep=10, index=1): <Trial 41 (1 in rep 10) data={'pos': np.int64(-50), 'corr_resp': 'x', 'thisN': 41, 'thisTrialN': 1, 'thisRepN': 10}>
578.6581 	DATA 	Keypress: z
578.6641 	EXP 	Fixation_2: autoDraw = False
578.6641 	EXP 	line1_2: autoDraw = False
578.6641 	EXP 	line2_2: autoDraw = False
578.6641 	EXP 	line3_2: autoDraw = False
578.6641 	EXP 	line4_2: autoDraw = False
578.6641 	EXP 	protrianglefixation_2: autoDraw = False
578.6641 	EXP 	Fixation_2: autoDraw = True
578.8294 	EXP 	Device response: <KeyPress from None: t=572.4204279999994, value=z, duration=6.402221833000112>
579.6515 	EXP 	line1_2: autoDraw = True
579.6515 	EXP 	line2_2: autoDraw = True
579.6515 	EXP 	line3_2: autoDraw = True
579.6515 	EXP 	line4_2: autoDraw = True
579.6611 	EXP 	Fixation_2: autoDraw = False
580.6517 	INFO 	Keyboard events cleared
580.6516 	EXP 	protrianglefixation_2: autoDraw = True
581.0956 	EXP 	Device response: <KeyPress from None: t=581.0891767909998, value=x, duration=None>
581.0961 	EXP 	New trial (rep=10, index=2): <Trial 42 (2 in rep 10) data={'pos': np.int64(50), 'corr_resp': 'c', 'thisN': 42, 'thisTrialN': 2, 'thisRepN': 10}>
581.1018 	DATA 	Keypress: x
581.1064 	EXP 	Fixation_2: autoDraw = False
581.1064 	EXP 	line1_2: autoDraw = False
581.1064 	EXP 	line2_2: autoDraw = False
581.1064 	EXP 	line3_2: autoDraw = False
581.1064 	EXP 	line4_2: autoDraw = False
581.1064 	EXP 	protrianglefixation_2: autoDraw = False
581.1064 	EXP 	Fixation_2: autoDraw = True
581.1967 	EXP 	Device response: <KeyPress from None: t=581.0891767909998, value=x, duration=0.10438616699957493>
582.0934 	EXP 	line1_2: autoDraw = True
582.0934 	EXP 	line2_2: autoDraw = True
582.0934 	EXP 	line3_2: autoDraw = True
582.0934 	EXP 	line4_2: autoDraw = True
582.1018 	EXP 	Fixation_2: autoDraw = False
583.0937 	INFO 	Keyboard events cleared
583.0935 	EXP 	protrianglefixation_2: autoDraw = True
583.7621 	EXP 	Device response: <KeyPress from None: t=583.7601050829999, value=c, duration=None>
583.7626 	EXP 	New trial (rep=10, index=3): <Trial 43 (3 in rep 10) data={'pos': np.int64(150), 'corr_resp': 'v', 'thisN': 43, 'thisTrialN': 3, 'thisRepN': 10}>
583.7698 	DATA 	Keypress: c
583.7749 	EXP 	Fixation_2: autoDraw = False
583.7749 	EXP 	line1_2: autoDraw = False
583.7749 	EXP 	line2_2: autoDraw = False
583.7749 	EXP 	line3_2: autoDraw = False
583.7749 	EXP 	line4_2: autoDraw = False
583.7749 	EXP 	protrianglefixation_2: autoDraw = False
583.7749 	EXP 	Fixation_2: autoDraw = True
583.8509 	EXP 	Device response: <KeyPress from None: t=583.7601050829999, value=c, duration=0.08834979199946247>
584.7602 	EXP 	line1_2: autoDraw = True
584.7602 	EXP 	line2_2: autoDraw = True
584.7602 	EXP 	line3_2: autoDraw = True
584.7602 	EXP 	line4_2: autoDraw = True
584.7677 	EXP 	Fixation_2: autoDraw = False
585.7603 	INFO 	Keyboard events cleared
585.7601 	EXP 	protrianglefixation_2: autoDraw = True
586.4115 	EXP 	Device response: <KeyPress from None: t=586.4041322499997, value=v, duration=None>
586.4119 	EXP 	New trial (rep=11, index=0): <Trial 44 (0 in rep 11) data={'pos': np.int64(150), 'corr_resp': 'v', 'thisN': 44, 'thisTrialN': 0, 'thisRepN': 11}>
586.4182 	DATA 	Keypress: v
586.4236 	EXP 	Fixation_2: autoDraw = False
586.4236 	EXP 	line1_2: autoDraw = False
586.4236 	EXP 	line2_2: autoDraw = False
586.4236 	EXP 	line3_2: autoDraw = False
586.4236 	EXP 	line4_2: autoDraw = False
586.4236 	EXP 	protrianglefixation_2: autoDraw = False
586.4236 	EXP 	Fixation_2: autoDraw = True
586.5025 	EXP 	Device response: <KeyPress from None: t=586.4041322499997, value=v, duration=0.09616654099954758>
587.4105 	EXP 	line1_2: autoDraw = True
587.4105 	EXP 	line2_2: autoDraw = True
587.4105 	EXP 	line3_2: autoDraw = True
587.4105 	EXP 	line4_2: autoDraw = True
587.4176 	EXP 	Fixation_2: autoDraw = False
588.4103 	INFO 	Keyboard events cleared
588.4101 	EXP 	protrianglefixation_2: autoDraw = True
589.2859 	EXP 	Device response: <KeyPress from None: t=589.2819856659999, value=v, duration=None>
589.2864 	EXP 	New trial (rep=11, index=1): <Trial 45 (1 in rep 11) data={'pos': np.int64(50), 'corr_resp': 'c', 'thisN': 45, 'thisTrialN': 1, 'thisRepN': 11}>
589.2929 	DATA 	Keypress: v
589.2978 	EXP 	Fixation_2: autoDraw = False
589.2978 	EXP 	line1_2: autoDraw = False
589.2978 	EXP 	line2_2: autoDraw = False
589.2978 	EXP 	line3_2: autoDraw = False
589.2978 	EXP 	line4_2: autoDraw = False
589.2978 	EXP 	protrianglefixation_2: autoDraw = False
589.2978 	EXP 	Fixation_2: autoDraw = True
589.3633 	EXP 	Device response: <KeyPress from None: t=589.2819856659999, value=v, duration=0.0763632089992825>
590.2853 	EXP 	line1_2: autoDraw = True
590.2853 	EXP 	line2_2: autoDraw = True
590.2853 	EXP 	line3_2: autoDraw = True
590.2853 	EXP 	line4_2: autoDraw = True
590.2943 	EXP 	Fixation_2: autoDraw = False
591.2850 	INFO 	Keyboard events cleared
591.2848 	EXP 	protrianglefixation_2: autoDraw = True
592.1026 	EXP 	Device response: <KeyPress from None: t=592.0978728329992, value=c, duration=None>
592.1030 	EXP 	New trial (rep=11, index=2): <Trial 46 (2 in rep 11) data={'pos': np.int64(-150), 'corr_resp': 'z', 'thisN': 46, 'thisTrialN': 2, 'thisRepN': 11}>
592.1092 	DATA 	Keypress: c
592.1145 	EXP 	Fixation_2: autoDraw = False
592.1145 	EXP 	line1_2: autoDraw = False
592.1145 	EXP 	line2_2: autoDraw = False
592.1145 	EXP 	line3_2: autoDraw = False
592.1145 	EXP 	line4_2: autoDraw = False
592.1145 	EXP 	protrianglefixation_2: autoDraw = False
592.1145 	EXP 	Fixation_2: autoDraw = True
592.1625 	EXP 	Device response: <KeyPress from None: t=592.0978728329992, value=c, duration=0.05227879199992458>
593.1017 	EXP 	line1_2: autoDraw = True
593.1017 	EXP 	line2_2: autoDraw = True
593.1017 	EXP 	line3_2: autoDraw = True
593.1017 	EXP 	line4_2: autoDraw = True
593.1103 	EXP 	Fixation_2: autoDraw = False
594.1020 	INFO 	Keyboard events cleared
594.1018 	EXP 	protrianglefixation_2: autoDraw = True
594.8861 	EXP 	Device response: <KeyPress from None: t=594.881919083, value=z, duration=None>
594.8865 	EXP 	New trial (rep=11, index=3): <Trial 47 (3 in rep 11) data={'pos': np.int64(-50), 'corr_resp': 'x', 'thisN': 47, 'thisTrialN': 3, 'thisRepN': 11}>
594.8932 	DATA 	Keypress: z
594.8982 	EXP 	Fixation_2: autoDraw = False
594.8982 	EXP 	line1_2: autoDraw = False
594.8982 	EXP 	line2_2: autoDraw = False
594.8982 	EXP 	line3_2: autoDraw = False
594.8982 	EXP 	line4_2: autoDraw = False
594.8982 	EXP 	protrianglefixation_2: autoDraw = False
594.8982 	EXP 	Fixation_2: autoDraw = True
594.9461 	EXP 	Device response: <KeyPress from None: t=578.6462997499993, value=z, duration=16.291881333000674>
595.8845 	EXP 	line1_2: autoDraw = True
595.8845 	EXP 	line2_2: autoDraw = True
595.8845 	EXP 	line3_2: autoDraw = True
595.8845 	EXP 	line4_2: autoDraw = True
595.8935 	EXP 	Fixation_2: autoDraw = False
596.8852 	INFO 	Keyboard events cleared
596.8850 	EXP 	protrianglefixation_2: autoDraw = True
597.5027 	EXP 	Device response: <KeyPress from None: t=597.4947502079995, value=x, duration=None>
597.5031 	EXP 	New trial (rep=12, index=0): <Trial 48 (0 in rep 12) data={'pos': np.int64(150), 'corr_resp': 'v', 'thisN': 48, 'thisTrialN': 0, 'thisRepN': 12}>
597.5082 	DATA 	Keypress: x
597.5136 	EXP 	Fixation_2: autoDraw = False
597.5136 	EXP 	line1_2: autoDraw = False
597.5136 	EXP 	line2_2: autoDraw = False
597.5136 	EXP 	line3_2: autoDraw = False
597.5136 	EXP 	line4_2: autoDraw = False
597.5136 	EXP 	protrianglefixation_2: autoDraw = False
597.5136 	EXP 	Fixation_2: autoDraw = True
597.5846 	EXP 	Device response: <KeyPress from None: t=597.4947502079995, value=x, duration=0.08430445799967856>
598.5019 	EXP 	line1_2: autoDraw = True
598.5019 	EXP 	line2_2: autoDraw = True
598.5019 	EXP 	line3_2: autoDraw = True
598.5019 	EXP 	line4_2: autoDraw = True
598.5102 	EXP 	Fixation_2: autoDraw = False
599.5018 	INFO 	Keyboard events cleared
599.5016 	EXP 	protrianglefixation_2: autoDraw = True
599.8951 	EXP 	Device response: <KeyPress from None: t=599.8887839999998, value=v, duration=None>
599.8955 	EXP 	New trial (rep=12, index=1): <Trial 49 (1 in rep 12) data={'pos': np.int64(-150), 'corr_resp': 'z', 'thisN': 49, 'thisTrialN': 1, 'thisRepN': 12}>
599.9020 	DATA 	Keypress: v
599.9078 	EXP 	Fixation_2: autoDraw = False
599.9078 	EXP 	line1_2: autoDraw = False
599.9078 	EXP 	line2_2: autoDraw = False
599.9078 	EXP 	line3_2: autoDraw = False
599.9078 	EXP 	line4_2: autoDraw = False
599.9078 	EXP 	protrianglefixation_2: autoDraw = False
599.9078 	EXP 	Fixation_2: autoDraw = True
599.9961 	EXP 	Device response: <KeyPress from None: t=599.8887839999998, value=v, duration=0.10031958299987309>
600.8935 	EXP 	line1_2: autoDraw = True
600.8935 	EXP 	line2_2: autoDraw = True
600.8935 	EXP 	line3_2: autoDraw = True
600.8935 	EXP 	line4_2: autoDraw = True
600.9011 	EXP 	Fixation_2: autoDraw = False
601.8937 	INFO 	Keyboard events cleared
601.8935 	EXP 	protrianglefixation_2: autoDraw = True
602.6456 	EXP 	Device response: <KeyPress from None: t=602.6427240829998, value=z, duration=None>
602.6462 	EXP 	New trial (rep=12, index=2): <Trial 50 (2 in rep 12) data={'pos': np.int64(50), 'corr_resp': 'c', 'thisN': 50, 'thisTrialN': 2, 'thisRepN': 12}>
602.6525 	DATA 	Keypress: z
602.6577 	EXP 	Fixation_2: autoDraw = False
602.6577 	EXP 	line1_2: autoDraw = False
602.6577 	EXP 	line2_2: autoDraw = False
602.6577 	EXP 	line3_2: autoDraw = False
602.6577 	EXP 	line4_2: autoDraw = False
602.6577 	EXP 	protrianglefixation_2: autoDraw = False
602.6577 	EXP 	Fixation_2: autoDraw = True
602.7789 	EXP 	Device response: <KeyPress from None: t=594.881919083, value=z, duration=7.889006207999955>
603.6438 	EXP 	line1_2: autoDraw = True
603.6438 	EXP 	line2_2: autoDraw = True
603.6438 	EXP 	line3_2: autoDraw = True
603.6438 	EXP 	line4_2: autoDraw = True
603.6513 	EXP 	Fixation_2: autoDraw = False
604.6436 	INFO 	Keyboard events cleared
604.6434 	EXP 	protrianglefixation_2: autoDraw = True
605.3282 	EXP 	Device response: <KeyPress from None: t=605.3256257909998, value=c, duration=None>
605.3287 	EXP 	New trial (rep=12, index=3): <Trial 51 (3 in rep 12) data={'pos': np.int64(-50), 'corr_resp': 'x', 'thisN': 51, 'thisTrialN': 3, 'thisRepN': 12}>
605.3350 	DATA 	Keypress: c
605.3401 	EXP 	Fixation_2: autoDraw = False
605.3401 	EXP 	line1_2: autoDraw = False
605.3401 	EXP 	line2_2: autoDraw = False
605.3401 	EXP 	line3_2: autoDraw = False
605.3401 	EXP 	line4_2: autoDraw = False
605.3401 	EXP 	protrianglefixation_2: autoDraw = False
605.3401 	EXP 	Fixation_2: autoDraw = True
605.4704 	EXP 	Device response: <KeyPress from None: t=605.3256257909998, value=c, duration=0.1402755419994719>
606.3268 	EXP 	line1_2: autoDraw = True
606.3268 	EXP 	line2_2: autoDraw = True
606.3268 	EXP 	line3_2: autoDraw = True
606.3268 	EXP 	line4_2: autoDraw = True
606.3343 	EXP 	Fixation_2: autoDraw = False
607.3271 	INFO 	Keyboard events cleared
607.3270 	EXP 	protrianglefixation_2: autoDraw = True
607.9294 	EXP 	Device response: <KeyPress from None: t=607.9166330829994, value=x, duration=None>
607.9298 	EXP 	New trial (rep=13, index=0): <Trial 52 (0 in rep 13) data={'pos': np.int64(50), 'corr_resp': 'c', 'thisN': 52, 'thisTrialN': 0, 'thisRepN': 13}>
607.9360 	DATA 	Keypress: x
607.9436 	EXP 	Fixation_2: autoDraw = False
607.9436 	EXP 	line1_2: autoDraw = False
607.9436 	EXP 	line2_2: autoDraw = False
607.9436 	EXP 	line3_2: autoDraw = False
607.9436 	EXP 	line4_2: autoDraw = False
607.9436 	EXP 	protrianglefixation_2: autoDraw = False
607.9436 	EXP 	Fixation_2: autoDraw = True
608.0302 	EXP 	Device response: <KeyPress from None: t=607.9166330829994, value=x, duration=0.10826033300054405>
608.9267 	EXP 	line1_2: autoDraw = True
608.9267 	EXP 	line2_2: autoDraw = True
608.9267 	EXP 	line3_2: autoDraw = True
608.9267 	EXP 	line4_2: autoDraw = True
608.9334 	EXP 	Fixation_2: autoDraw = False
609.9278 	INFO 	Keyboard events cleared
609.9277 	EXP 	protrianglefixation_2: autoDraw = True
610.5615 	EXP 	Device response: <KeyPress from None: t=610.5535764999995, value=c, duration=None>
610.5620 	EXP 	New trial (rep=13, index=1): <Trial 53 (1 in rep 13) data={'pos': np.int64(-50), 'corr_resp': 'x', 'thisN': 53, 'thisTrialN': 1, 'thisRepN': 13}>
610.5683 	DATA 	Keypress: c
610.5734 	EXP 	Fixation_2: autoDraw = False
610.5734 	EXP 	line1_2: autoDraw = False
610.5734 	EXP 	line2_2: autoDraw = False
610.5734 	EXP 	line3_2: autoDraw = False
610.5734 	EXP 	line4_2: autoDraw = False
610.5734 	EXP 	protrianglefixation_2: autoDraw = False
610.5734 	EXP 	Fixation_2: autoDraw = True
610.6525 	EXP 	Device response: <KeyPress from None: t=610.5535764999995, value=c, duration=0.09224650000032852>
611.5601 	EXP 	line1_2: autoDraw = True
611.5601 	EXP 	line2_2: autoDraw = True
611.5601 	EXP 	line3_2: autoDraw = True
611.5601 	EXP 	line4_2: autoDraw = True
611.5679 	EXP 	Fixation_2: autoDraw = False
612.5602 	INFO 	Keyboard events cleared
612.5600 	EXP 	protrianglefixation_2: autoDraw = True
613.5619 	EXP 	Device response: <KeyPress from None: t=613.5583299159998, value=x, duration=None>
613.5624 	EXP 	New trial (rep=13, index=2): <Trial 54 (2 in rep 13) data={'pos': np.int64(150), 'corr_resp': 'v', 'thisN': 54, 'thisTrialN': 2, 'thisRepN': 13}>
613.5688 	DATA 	Keypress: x
613.5739 	EXP 	Fixation_2: autoDraw = False
613.5739 	EXP 	line1_2: autoDraw = False
613.5739 	EXP 	line2_2: autoDraw = False
613.5739 	EXP 	line3_2: autoDraw = False
613.5739 	EXP 	line4_2: autoDraw = False
613.5739 	EXP 	protrianglefixation_2: autoDraw = False
613.5739 	EXP 	Fixation_2: autoDraw = True
613.6793 	EXP 	Device response: <KeyPress from None: t=613.5583299159998, value=x, duration=0.11234670900012134>
614.5601 	EXP 	line1_2: autoDraw = True
614.5601 	EXP 	line2_2: autoDraw = True
614.5601 	EXP 	line3_2: autoDraw = True
614.5601 	EXP 	line4_2: autoDraw = True
614.5673 	EXP 	Fixation_2: autoDraw = False
615.5602 	INFO 	Keyboard events cleared
615.5601 	EXP 	protrianglefixation_2: autoDraw = True
616.2789 	EXP 	Device response: <KeyPress from None: t=616.2722936659993, value=v, duration=None>
616.2794 	EXP 	New trial (rep=13, index=3): <Trial 55 (3 in rep 13) data={'pos': np.int64(-150), 'corr_resp': 'z', 'thisN': 55, 'thisTrialN': 3, 'thisRepN': 13}>
616.2854 	DATA 	Keypress: v
616.2948 	EXP 	Fixation_2: autoDraw = False
616.2948 	EXP 	line1_2: autoDraw = False
616.2948 	EXP 	line2_2: autoDraw = False
616.2948 	EXP 	line3_2: autoDraw = False
616.2948 	EXP 	line4_2: autoDraw = False
616.2948 	EXP 	protrianglefixation_2: autoDraw = False
616.2948 	EXP 	Fixation_2: autoDraw = True
616.3459 	EXP 	Device response: <KeyPress from None: t=616.2722936659993, value=v, duration=0.060458167000433605>
617.2767 	EXP 	line1_2: autoDraw = True
617.2767 	EXP 	line2_2: autoDraw = True
617.2767 	EXP 	line3_2: autoDraw = True
617.2767 	EXP 	line4_2: autoDraw = True
617.2936 	EXP 	Fixation_2: autoDraw = False
618.2769 	INFO 	Keyboard events cleared
618.2767 	EXP 	protrianglefixation_2: autoDraw = True
619.1788 	EXP 	Device response: <KeyPress from None: t=619.1712794999994, value=z, duration=None>
619.1793 	EXP 	New trial (rep=14, index=0): <Trial 56 (0 in rep 14) data={'pos': np.int64(50), 'corr_resp': 'c', 'thisN': 56, 'thisTrialN': 0, 'thisRepN': 14}>
619.1853 	DATA 	Keypress: z
619.1903 	EXP 	Fixation_2: autoDraw = False
619.1903 	EXP 	line1_2: autoDraw = False
619.1903 	EXP 	line2_2: autoDraw = False
619.1903 	EXP 	line3_2: autoDraw = False
619.1903 	EXP 	line4_2: autoDraw = False
619.1903 	EXP 	protrianglefixation_2: autoDraw = False
619.1903 	EXP 	Fixation_2: autoDraw = True
619.3352 	EXP 	Device response: <KeyPress from None: t=602.6427240829998, value=z, duration=16.684875666999687>
620.1767 	EXP 	line1_2: autoDraw = True
620.1767 	EXP 	line2_2: autoDraw = True
620.1767 	EXP 	line3_2: autoDraw = True
620.1767 	EXP 	line4_2: autoDraw = True
620.1843 	EXP 	Fixation_2: autoDraw = False
621.1770 	INFO 	Keyboard events cleared
621.1768 	EXP 	protrianglefixation_2: autoDraw = True
622.8855 	EXP 	Device response: <KeyPress from None: t=622.8801374159993, value=c, duration=None>
622.8859 	EXP 	New trial (rep=14, index=1): <Trial 57 (1 in rep 14) data={'pos': np.int64(-50), 'corr_resp': 'x', 'thisN': 57, 'thisTrialN': 1, 'thisRepN': 14}>
622.8919 	DATA 	Keypress: c
622.8978 	EXP 	Fixation_2: autoDraw = False
622.8978 	EXP 	line1_2: autoDraw = False
622.8978 	EXP 	line2_2: autoDraw = False
622.8978 	EXP 	line3_2: autoDraw = False
622.8978 	EXP 	line4_2: autoDraw = False
622.8978 	EXP 	protrianglefixation_2: autoDraw = False
622.8978 	EXP 	Fixation_2: autoDraw = True
623.0136 	EXP 	Device response: <KeyPress from None: t=622.8801374159993, value=c, duration=0.12838483399991674>
623.8845 	EXP 	line1_2: autoDraw = True
623.8845 	EXP 	line2_2: autoDraw = True
623.8845 	EXP 	line3_2: autoDraw = True
623.8845 	EXP 	line4_2: autoDraw = True
623.8936 	EXP 	Fixation_2: autoDraw = False
624.8770 	INFO 	Keyboard events cleared
624.8768 	EXP 	protrianglefixation_2: autoDraw = True
625.6949 	EXP 	Device response: <KeyPress from None: t=625.6911818749995, value=x, duration=None>
625.6954 	EXP 	New trial (rep=14, index=2): <Trial 58 (2 in rep 14) data={'pos': np.int64(-150), 'corr_resp': 'z', 'thisN': 58, 'thisTrialN': 2, 'thisRepN': 14}>
625.7016 	DATA 	Keypress: x
625.7066 	EXP 	Fixation_2: autoDraw = False
625.7066 	EXP 	line1_2: autoDraw = False
625.7066 	EXP 	line2_2: autoDraw = False
625.7066 	EXP 	line3_2: autoDraw = False
625.7066 	EXP 	line4_2: autoDraw = False
625.7066 	EXP 	protrianglefixation_2: autoDraw = False
625.7066 	EXP 	Fixation_2: autoDraw = True
625.7950 	EXP 	Device response: <KeyPress from None: t=625.6911818749995, value=x, duration=0.09617779099971813>
626.6935 	EXP 	line1_2: autoDraw = True
626.6935 	EXP 	line2_2: autoDraw = True
626.6935 	EXP 	line3_2: autoDraw = True
626.6935 	EXP 	line4_2: autoDraw = True
626.7011 	EXP 	Fixation_2: autoDraw = False
627.6937 	INFO 	Keyboard events cleared
627.6935 	EXP 	protrianglefixation_2: autoDraw = True
628.4466 	EXP 	Device response: <KeyPress from None: t=628.4322134999993, value=z, duration=None>
628.4472 	EXP 	New trial (rep=14, index=3): <Trial 59 (3 in rep 14) data={'pos': np.int64(150), 'corr_resp': 'v', 'thisN': 59, 'thisTrialN': 3, 'thisRepN': 14}>
628.4536 	DATA 	Keypress: z
628.4586 	EXP 	Fixation_2: autoDraw = False
628.4586 	EXP 	line1_2: autoDraw = False
628.4586 	EXP 	line2_2: autoDraw = False
628.4586 	EXP 	line3_2: autoDraw = False
628.4586 	EXP 	line4_2: autoDraw = False
628.4586 	EXP 	protrianglefixation_2: autoDraw = False
628.4586 	EXP 	Fixation_2: autoDraw = True
628.5958 	EXP 	Device response: <KeyPress from None: t=619.1712794999994, value=z, duration=9.421168416>
629.4434 	EXP 	line1_2: autoDraw = True
629.4434 	EXP 	line2_2: autoDraw = True
629.4434 	EXP 	line3_2: autoDraw = True
629.4434 	EXP 	line4_2: autoDraw = True
629.4507 	EXP 	Fixation_2: autoDraw = False
630.4436 	INFO 	Keyboard events cleared
630.4434 	EXP 	protrianglefixation_2: autoDraw = True
632.4691 	EXP 	Device response: <KeyPress from None: t=632.4639937909997, value=v, duration=None>
632.4695 	EXP 	New trial (rep=15, index=0): <Trial 60 (0 in rep 15) data={'pos': np.int64(150), 'corr_resp': 'v', 'thisN': 60, 'thisTrialN': 0, 'thisRepN': 15}>
632.4755 	DATA 	Keypress: v
632.4808 	EXP 	Fixation_2: autoDraw = False
632.4808 	EXP 	line1_2: autoDraw = False
632.4808 	EXP 	line2_2: autoDraw = False
632.4808 	EXP 	line3_2: autoDraw = False
632.4808 	EXP 	line4_2: autoDraw = False
632.4808 	EXP 	protrianglefixation_2: autoDraw = False
632.4808 	EXP 	Fixation_2: autoDraw = True
632.5789 	EXP 	Device response: <KeyPress from None: t=632.4639937909997, value=v, duration=0.11234566700022697>
633.4688 	EXP 	line1_2: autoDraw = True
633.4688 	EXP 	line2_2: autoDraw = True
633.4688 	EXP 	line3_2: autoDraw = True
633.4688 	EXP 	line4_2: autoDraw = True
633.4767 	EXP 	Fixation_2: autoDraw = False
634.4677 	INFO 	Keyboard events cleared
634.4676 	EXP 	protrianglefixation_2: autoDraw = True
635.6948 	EXP 	Device response: <KeyPress from None: t=635.6929259579993, value=v, duration=None>
635.6952 	EXP 	New trial (rep=15, index=1): <Trial 61 (1 in rep 15) data={'pos': np.int64(-150), 'corr_resp': 'z', 'thisN': 61, 'thisTrialN': 1, 'thisRepN': 15}>
635.7014 	DATA 	Keypress: v
635.7066 	EXP 	Fixation_2: autoDraw = False
635.7066 	EXP 	line1_2: autoDraw = False
635.7066 	EXP 	line2_2: autoDraw = False
635.7066 	EXP 	line3_2: autoDraw = False
635.7066 	EXP 	line4_2: autoDraw = False
635.7066 	EXP 	protrianglefixation_2: autoDraw = False
635.7066 	EXP 	Fixation_2: autoDraw = True
635.7956 	EXP 	Device response: <KeyPress from None: t=635.6929259579993, value=v, duration=0.10022633300013695>
636.6937 	EXP 	line1_2: autoDraw = True
636.6937 	EXP 	line2_2: autoDraw = True
636.6937 	EXP 	line3_2: autoDraw = True
636.6937 	EXP 	line4_2: autoDraw = True
636.7009 	EXP 	Fixation_2: autoDraw = False
637.6935 	INFO 	Keyboard events cleared
637.6933 	EXP 	protrianglefixation_2: autoDraw = True
638.6298 	EXP 	Device response: <KeyPress from None: t=638.6107389999997, value=z, duration=None>
638.6304 	EXP 	New trial (rep=15, index=2): <Trial 62 (2 in rep 15) data={'pos': np.int64(-50), 'corr_resp': 'x', 'thisN': 62, 'thisTrialN': 2, 'thisRepN': 15}>
638.6366 	DATA 	Keypress: z
638.6434 	EXP 	Fixation_2: autoDraw = False
638.6434 	EXP 	line1_2: autoDraw = False
638.6434 	EXP 	line2_2: autoDraw = False
638.6434 	EXP 	line3_2: autoDraw = False
638.6434 	EXP 	line4_2: autoDraw = False
638.6434 	EXP 	protrianglefixation_2: autoDraw = False
638.6434 	EXP 	Fixation_2: autoDraw = True
638.7006 	EXP 	Device response: <KeyPress from None: t=628.4322134999993, value=z, duration=10.266964333000033>
639.6269 	EXP 	line1_2: autoDraw = True
639.6269 	EXP 	line2_2: autoDraw = True
639.6269 	EXP 	line3_2: autoDraw = True
639.6269 	EXP 	line4_2: autoDraw = True
639.6343 	EXP 	Fixation_2: autoDraw = False
640.6270 	INFO 	Keyboard events cleared
640.6268 	EXP 	protrianglefixation_2: autoDraw = True
641.3449 	EXP 	Device response: <KeyPress from None: t=641.3357899159992, value=x, duration=None>
641.3454 	EXP 	New trial (rep=15, index=3): <Trial 63 (3 in rep 15) data={'pos': np.int64(50), 'corr_resp': 'c', 'thisN': 63, 'thisTrialN': 3, 'thisRepN': 15}>
641.3515 	DATA 	Keypress: x
641.3565 	EXP 	Fixation_2: autoDraw = False
641.3565 	EXP 	line1_2: autoDraw = False
641.3565 	EXP 	line2_2: autoDraw = False
641.3565 	EXP 	line3_2: autoDraw = False
641.3565 	EXP 	line4_2: autoDraw = False
641.3565 	EXP 	protrianglefixation_2: autoDraw = False
641.3565 	EXP 	Fixation_2: autoDraw = True
641.4467 	EXP 	Device response: <KeyPress from None: t=641.3357899159992, value=x, duration=0.10829595900031563>
642.3434 	EXP 	line1_2: autoDraw = True
642.3434 	EXP 	line2_2: autoDraw = True
642.3434 	EXP 	line3_2: autoDraw = True
642.3434 	EXP 	line4_2: autoDraw = True
642.3509 	EXP 	Fixation_2: autoDraw = False
643.3355 	INFO 	Keyboard events cleared
643.3353 	EXP 	protrianglefixation_2: autoDraw = True
644.0029 	EXP 	Device response: <KeyPress from None: t=643.9966382909997, value=c, duration=None>
644.0033 	EXP 	New trial (rep=16, index=0): <Trial 64 (0 in rep 16) data={'pos': np.int64(-50), 'corr_resp': 'x', 'thisN': 64, 'thisTrialN': 0, 'thisRepN': 16}>
644.0092 	DATA 	Keypress: c
644.0145 	EXP 	Fixation_2: autoDraw = False
644.0145 	EXP 	line1_2: autoDraw = False
644.0145 	EXP 	line2_2: autoDraw = False
644.0145 	EXP 	line3_2: autoDraw = False
644.0145 	EXP 	line4_2: autoDraw = False
644.0145 	EXP 	protrianglefixation_2: autoDraw = False
644.0145 	EXP 	Fixation_2: autoDraw = True
644.1296 	EXP 	Device response: <KeyPress from None: t=643.9966382909997, value=c, duration=0.12830420899990713>
645.0003 	EXP 	line1_2: autoDraw = True
645.0003 	EXP 	line2_2: autoDraw = True
645.0003 	EXP 	line3_2: autoDraw = True
645.0003 	EXP 	line4_2: autoDraw = True
645.0101 	EXP 	Fixation_2: autoDraw = False
646.0021 	INFO 	Keyboard events cleared
646.0019 	EXP 	protrianglefixation_2: autoDraw = True
646.7453 	EXP 	Device response: <KeyPress from None: t=646.7376631249999, value=x, duration=None>
646.7457 	EXP 	New trial (rep=16, index=1): <Trial 65 (1 in rep 16) data={'pos': np.int64(50), 'corr_resp': 'c', 'thisN': 65, 'thisTrialN': 1, 'thisRepN': 16}>
646.7522 	DATA 	Keypress: x
646.7573 	EXP 	Fixation_2: autoDraw = False
646.7573 	EXP 	line1_2: autoDraw = False
646.7573 	EXP 	line2_2: autoDraw = False
646.7573 	EXP 	line3_2: autoDraw = False
646.7573 	EXP 	line4_2: autoDraw = False
646.7573 	EXP 	protrianglefixation_2: autoDraw = False
646.7573 	EXP 	Fixation_2: autoDraw = True
646.8863 	EXP 	Device response: <KeyPress from None: t=646.7376631249999, value=x, duration=0.14434600000004139>
647.7434 	EXP 	line1_2: autoDraw = True
647.7434 	EXP 	line2_2: autoDraw = True
647.7434 	EXP 	line3_2: autoDraw = True
647.7434 	EXP 	line4_2: autoDraw = True
647.7509 	EXP 	Fixation_2: autoDraw = False
648.7435 	INFO 	Keyboard events cleared
648.7433 	EXP 	protrianglefixation_2: autoDraw = True
649.7113 	EXP 	Device response: <KeyPress from None: t=649.7064654579999, value=c, duration=None>
649.7118 	EXP 	New trial (rep=16, index=2): <Trial 66 (2 in rep 16) data={'pos': np.int64(150), 'corr_resp': 'v', 'thisN': 66, 'thisTrialN': 2, 'thisRepN': 16}>
649.7180 	DATA 	Keypress: c
649.7233 	EXP 	Fixation_2: autoDraw = False
649.7233 	EXP 	line1_2: autoDraw = False
649.7233 	EXP 	line2_2: autoDraw = False
649.7233 	EXP 	line3_2: autoDraw = False
649.7233 	EXP 	line4_2: autoDraw = False
649.7233 	EXP 	protrianglefixation_2: autoDraw = False
649.7233 	EXP 	Fixation_2: autoDraw = True
649.8185 	EXP 	Device response: <KeyPress from None: t=649.7064654579999, value=c, duration=0.10837158300000738>
650.7101 	EXP 	line1_2: autoDraw = True
650.7101 	EXP 	line2_2: autoDraw = True
650.7101 	EXP 	line3_2: autoDraw = True
650.7101 	EXP 	line4_2: autoDraw = True
650.7175 	EXP 	Fixation_2: autoDraw = False
651.7104 	INFO 	Keyboard events cleared
651.7102 	EXP 	protrianglefixation_2: autoDraw = True
652.4116 	EXP 	Device response: <KeyPress from None: t=652.4094528329997, value=v, duration=None>
652.4121 	EXP 	New trial (rep=16, index=3): <Trial 67 (3 in rep 16) data={'pos': np.int64(-150), 'corr_resp': 'z', 'thisN': 67, 'thisTrialN': 3, 'thisRepN': 16}>
652.4189 	DATA 	Keypress: v
652.4240 	EXP 	Fixation_2: autoDraw = False
652.4240 	EXP 	line1_2: autoDraw = False
652.4240 	EXP 	line2_2: autoDraw = False
652.4240 	EXP 	line3_2: autoDraw = False
652.4240 	EXP 	line4_2: autoDraw = False
652.4240 	EXP 	protrianglefixation_2: autoDraw = False
652.4240 	EXP 	Fixation_2: autoDraw = True
652.5121 	EXP 	Device response: <KeyPress from None: t=652.4094528329997, value=v, duration=0.09644995799953904>
653.4100 	EXP 	line1_2: autoDraw = True
653.4100 	EXP 	line2_2: autoDraw = True
653.4100 	EXP 	line3_2: autoDraw = True
653.4100 	EXP 	line4_2: autoDraw = True
653.4174 	EXP 	Fixation_2: autoDraw = False
654.4103 	INFO 	Keyboard events cleared
654.4101 	EXP 	protrianglefixation_2: autoDraw = True
655.2114 	EXP 	Device response: <KeyPress from None: t=655.2034795829995, value=z, duration=None>
655.2119 	EXP 	New trial (rep=17, index=0): <Trial 68 (0 in rep 17) data={'pos': np.int64(150), 'corr_resp': 'v', 'thisN': 68, 'thisTrialN': 0, 'thisRepN': 17}>
655.2182 	DATA 	Keypress: z
655.2232 	EXP 	Fixation_2: autoDraw = False
655.2232 	EXP 	line1_2: autoDraw = False
655.2232 	EXP 	line2_2: autoDraw = False
655.2232 	EXP 	line3_2: autoDraw = False
655.2232 	EXP 	line4_2: autoDraw = False
655.2232 	EXP 	protrianglefixation_2: autoDraw = False
655.2232 	EXP 	Fixation_2: autoDraw = True
655.3341 	EXP 	Device response: <KeyPress from None: t=638.6107389999997, value=z, duration=16.721026125000208>
656.2013 	EXP 	line1_2: autoDraw = True
656.2013 	EXP 	line2_2: autoDraw = True
656.2013 	EXP 	line3_2: autoDraw = True
656.2013 	EXP 	line4_2: autoDraw = True
656.2175 	EXP 	Fixation_2: autoDraw = False
657.2021 	INFO 	Keyboard events cleared
657.2019 	EXP 	protrianglefixation_2: autoDraw = True
657.9949 	EXP 	Device response: <KeyPress from None: t=657.9896609159996, value=v, duration=None>
657.9954 	EXP 	New trial (rep=17, index=1): <Trial 69 (1 in rep 17) data={'pos': np.int64(-50), 'corr_resp': 'x', 'thisN': 69, 'thisTrialN': 1, 'thisRepN': 17}>
658.0018 	DATA 	Keypress: v
658.0070 	EXP 	Fixation_2: autoDraw = False
658.0070 	EXP 	line1_2: autoDraw = False
658.0070 	EXP 	line2_2: autoDraw = False
658.0070 	EXP 	line3_2: autoDraw = False
658.0070 	EXP 	line4_2: autoDraw = False
658.0070 	EXP 	protrianglefixation_2: autoDraw = False
658.0070 	EXP 	Fixation_2: autoDraw = True
658.0671 	EXP 	Device response: <KeyPress from None: t=657.9896609159996, value=v, duration=0.07603050000034273>
658.9934 	EXP 	line1_2: autoDraw = True
658.9934 	EXP 	line2_2: autoDraw = True
658.9934 	EXP 	line3_2: autoDraw = True
658.9934 	EXP 	line4_2: autoDraw = True
659.0007 	EXP 	Fixation_2: autoDraw = False
659.9936 	INFO 	Keyboard events cleared
659.9934 	EXP 	protrianglefixation_2: autoDraw = True
660.6857 	EXP 	Device response: <KeyPress from None: t=660.6813461659995, value=x, duration=None>
660.6861 	EXP 	New trial (rep=17, index=2): <Trial 70 (2 in rep 17) data={'pos': np.int64(50), 'corr_resp': 'c', 'thisN': 70, 'thisTrialN': 2, 'thisRepN': 17}>
660.6923 	DATA 	Keypress: x
660.6978 	EXP 	Fixation_2: autoDraw = False
660.6978 	EXP 	line1_2: autoDraw = False
660.6978 	EXP 	line2_2: autoDraw = False
660.6978 	EXP 	line3_2: autoDraw = False
660.6978 	EXP 	line4_2: autoDraw = False
660.6978 	EXP 	protrianglefixation_2: autoDraw = False
660.6978 	EXP 	Fixation_2: autoDraw = True
660.8126 	EXP 	Device response: <KeyPress from None: t=660.6813461659995, value=x, duration=0.12024091700004647>
661.6845 	EXP 	line1_2: autoDraw = True
661.6845 	EXP 	line2_2: autoDraw = True
661.6845 	EXP 	line3_2: autoDraw = True
661.6845 	EXP 	line4_2: autoDraw = True
661.6937 	EXP 	Fixation_2: autoDraw = False
662.6850 	INFO 	Keyboard events cleared
662.6848 	EXP 	protrianglefixation_2: autoDraw = True
663.4127 	EXP 	Device response: <KeyPress from None: t=663.3912802499999, value=c, duration=None>
663.4132 	EXP 	New trial (rep=17, index=3): <Trial 71 (3 in rep 17) data={'pos': np.int64(-150), 'corr_resp': 'z', 'thisN': 71, 'thisTrialN': 3, 'thisRepN': 17}>
663.4195 	DATA 	Keypress: c
663.4270 	EXP 	Fixation_2: autoDraw = False
663.4270 	EXP 	line1_2: autoDraw = False
663.4270 	EXP 	line2_2: autoDraw = False
663.4270 	EXP 	line3_2: autoDraw = False
663.4270 	EXP 	line4_2: autoDraw = False
663.4270 	EXP 	protrianglefixation_2: autoDraw = False
663.4270 	EXP 	Fixation_2: autoDraw = True
663.5180 	EXP 	Device response: <KeyPress from None: t=663.3912802499999, value=c, duration=0.12428404099955515>
664.4101 	EXP 	line1_2: autoDraw = True
664.4101 	EXP 	line2_2: autoDraw = True
664.4101 	EXP 	line3_2: autoDraw = True
664.4101 	EXP 	line4_2: autoDraw = True
664.4175 	EXP 	Fixation_2: autoDraw = False
665.4102 	INFO 	Keyboard events cleared
665.4100 	EXP 	protrianglefixation_2: autoDraw = True
666.1636 	EXP 	Device response: <KeyPress from None: t=666.1581770409994, value=z, duration=None>
666.1640 	EXP 	New trial (rep=18, index=0): <Trial 72 (0 in rep 18) data={'pos': np.int64(-150), 'corr_resp': 'z', 'thisN': 72, 'thisTrialN': 0, 'thisRepN': 18}>
666.1710 	DATA 	Keypress: z
666.1776 	EXP 	Fixation_2: autoDraw = False
666.1776 	EXP 	line1_2: autoDraw = False
666.1776 	EXP 	line2_2: autoDraw = False
666.1776 	EXP 	line3_2: autoDraw = False
666.1776 	EXP 	line4_2: autoDraw = False
666.1776 	EXP 	protrianglefixation_2: autoDraw = False
666.1776 	EXP 	Fixation_2: autoDraw = True
666.2792 	EXP 	Device response: <KeyPress from None: t=655.2034795829995, value=z, duration=11.070951583000351>
667.1600 	EXP 	line1_2: autoDraw = True
667.1600 	EXP 	line2_2: autoDraw = True
667.1600 	EXP 	line3_2: autoDraw = True
667.1600 	EXP 	line4_2: autoDraw = True
667.1680 	EXP 	Fixation_2: autoDraw = False
668.1601 	INFO 	Keyboard events cleared
668.1600 	EXP 	protrianglefixation_2: autoDraw = True
668.7614 	EXP 	Device response: <KeyPress from None: t=668.7600526249998, value=z, duration=None>
668.7618 	EXP 	New trial (rep=18, index=1): <Trial 73 (1 in rep 18) data={'pos': np.int64(150), 'corr_resp': 'v', 'thisN': 73, 'thisTrialN': 1, 'thisRepN': 18}>
668.7680 	DATA 	Keypress: z
668.7733 	EXP 	Fixation_2: autoDraw = False
668.7733 	EXP 	line1_2: autoDraw = False
668.7733 	EXP 	line2_2: autoDraw = False
668.7733 	EXP 	line3_2: autoDraw = False
668.7733 	EXP 	line4_2: autoDraw = False
668.7733 	EXP 	protrianglefixation_2: autoDraw = False
668.7733 	EXP 	Fixation_2: autoDraw = True
668.8958 	EXP 	Device response: <KeyPress from None: t=666.1581770409994, value=z, duration=2.7263157090001187>
669.7521 	EXP 	line1_2: autoDraw = True
669.7521 	EXP 	line2_2: autoDraw = True
669.7521 	EXP 	line3_2: autoDraw = True
669.7521 	EXP 	line4_2: autoDraw = True
669.7950 	EXP 	Fixation_2: autoDraw = False
670.7602 	INFO 	Keyboard events cleared
670.7601 	EXP 	protrianglefixation_2: autoDraw = True
671.7451 	EXP 	Device response: <KeyPress from None: t=671.743043083, value=v, duration=None>
671.7456 	EXP 	New trial (rep=18, index=2): <Trial 74 (2 in rep 18) data={'pos': np.int64(50), 'corr_resp': 'c', 'thisN': 74, 'thisTrialN': 2, 'thisRepN': 18}>
671.7521 	DATA 	Keypress: v
671.7575 	EXP 	Fixation_2: autoDraw = False
671.7575 	EXP 	line1_2: autoDraw = False
671.7575 	EXP 	line2_2: autoDraw = False
671.7575 	EXP 	line3_2: autoDraw = False
671.7575 	EXP 	line4_2: autoDraw = False
671.7575 	EXP 	protrianglefixation_2: autoDraw = False
671.7575 	EXP 	Fixation_2: autoDraw = True
671.8347 	EXP 	Device response: <KeyPress from None: t=671.743043083, value=v, duration=0.08833849999973609>
672.7435 	EXP 	line1_2: autoDraw = True
672.7435 	EXP 	line2_2: autoDraw = True
672.7435 	EXP 	line3_2: autoDraw = True
672.7435 	EXP 	line4_2: autoDraw = True
672.7508 	EXP 	Fixation_2: autoDraw = False
673.7435 	INFO 	Keyboard events cleared
673.7433 	EXP 	protrianglefixation_2: autoDraw = True
674.5349 	EXP 	Device response: <KeyPress from None: t=674.5336837499999, value=c, duration=None>
674.5353 	EXP 	New trial (rep=18, index=3): <Trial 75 (3 in rep 18) data={'pos': np.int64(-50), 'corr_resp': 'x', 'thisN': 75, 'thisTrialN': 3, 'thisRepN': 18}>
674.5411 	DATA 	Keypress: c
674.5471 	EXP 	Fixation_2: autoDraw = False
674.5471 	EXP 	line1_2: autoDraw = False
674.5471 	EXP 	line2_2: autoDraw = False
674.5471 	EXP 	line3_2: autoDraw = False
674.5471 	EXP 	line4_2: autoDraw = False
674.5471 	EXP 	protrianglefixation_2: autoDraw = False
674.5471 	EXP 	Fixation_2: autoDraw = True
674.6363 	EXP 	Device response: <KeyPress from None: t=674.5336837499999, value=c, duration=0.095672082999954>
675.5267 	EXP 	line1_2: autoDraw = True
675.5267 	EXP 	line2_2: autoDraw = True
675.5267 	EXP 	line3_2: autoDraw = True
675.5267 	EXP 	line4_2: autoDraw = True
675.5446 	EXP 	Fixation_2: autoDraw = False
676.5269 	INFO 	Keyboard events cleared
676.5267 	EXP 	protrianglefixation_2: autoDraw = True
677.2447 	EXP 	Device response: <KeyPress from None: t=677.2379710409996, value=x, duration=None>
677.2452 	EXP 	New trial (rep=19, index=0): <Trial 76 (0 in rep 19) data={'pos': np.int64(50), 'corr_resp': 'c', 'thisN': 76, 'thisTrialN': 0, 'thisRepN': 19}>
677.2513 	DATA 	Keypress: x
677.2566 	EXP 	Fixation_2: autoDraw = False
677.2566 	EXP 	line1_2: autoDraw = False
677.2566 	EXP 	line2_2: autoDraw = False
677.2566 	EXP 	line3_2: autoDraw = False
677.2566 	EXP 	line4_2: autoDraw = False
677.2566 	EXP 	protrianglefixation_2: autoDraw = False
677.2566 	EXP 	Fixation_2: autoDraw = True
677.3955 	EXP 	Device response: <KeyPress from None: t=677.2379710409996, value=x, duration=0.1483320420002201>
678.2433 	EXP 	line1_2: autoDraw = True
678.2433 	EXP 	line2_2: autoDraw = True
678.2433 	EXP 	line3_2: autoDraw = True
678.2433 	EXP 	line4_2: autoDraw = True
678.2513 	EXP 	Fixation_2: autoDraw = False
679.2435 	INFO 	Keyboard events cleared
679.2433 	EXP 	protrianglefixation_2: autoDraw = True
679.9614 	EXP 	Device response: <KeyPress from None: t=679.9538825, value=c, duration=None>
679.9619 	EXP 	New trial (rep=19, index=1): <Trial 77 (1 in rep 19) data={'pos': np.int64(-150), 'corr_resp': 'z', 'thisN': 77, 'thisTrialN': 1, 'thisRepN': 19}>
679.9681 	DATA 	Keypress: c
679.9733 	EXP 	Fixation_2: autoDraw = False
679.9733 	EXP 	line1_2: autoDraw = False
679.9733 	EXP 	line2_2: autoDraw = False
679.9733 	EXP 	line3_2: autoDraw = False
679.9733 	EXP 	line4_2: autoDraw = False
679.9733 	EXP 	protrianglefixation_2: autoDraw = False
679.9733 	EXP 	Fixation_2: autoDraw = True
680.0686 	EXP 	Device response: <KeyPress from None: t=679.9538825, value=c, duration=0.11233879099927435>
680.9599 	EXP 	line1_2: autoDraw = True
680.9599 	EXP 	line2_2: autoDraw = True
680.9599 	EXP 	line3_2: autoDraw = True
680.9599 	EXP 	line4_2: autoDraw = True
680.9674 	EXP 	Fixation_2: autoDraw = False
681.9614 	INFO 	Keyboard events cleared
681.9612 	EXP 	protrianglefixation_2: autoDraw = True
682.7633 	EXP 	Device response: <KeyPress from None: t=682.7528714579994, value=z, duration=None>
682.7642 	EXP 	New trial (rep=19, index=2): <Trial 78 (2 in rep 19) data={'pos': np.int64(150), 'corr_resp': 'v', 'thisN': 78, 'thisTrialN': 2, 'thisRepN': 19}>
682.7706 	DATA 	Keypress: z
682.7767 	EXP 	Fixation_2: autoDraw = False
682.7767 	EXP 	line1_2: autoDraw = False
682.7767 	EXP 	line2_2: autoDraw = False
682.7767 	EXP 	line3_2: autoDraw = False
682.7767 	EXP 	line4_2: autoDraw = False
682.7767 	EXP 	protrianglefixation_2: autoDraw = False
682.7767 	EXP 	Fixation_2: autoDraw = True
682.8789 	EXP 	Device response: <KeyPress from None: t=668.7600526249998, value=z, duration=14.11710312499963>
683.7600 	EXP 	line1_2: autoDraw = True
683.7600 	EXP 	line2_2: autoDraw = True
683.7600 	EXP 	line3_2: autoDraw = True
683.7600 	EXP 	line4_2: autoDraw = True
683.7674 	EXP 	Fixation_2: autoDraw = False
684.7602 	INFO 	Keyboard events cleared
684.7600 	EXP 	protrianglefixation_2: autoDraw = True
685.4781 	EXP 	Device response: <KeyPress from None: t=685.4767374159992, value=v, duration=None>
685.4785 	EXP 	New trial (rep=19, index=3): <Trial 79 (3 in rep 19) data={'pos': np.int64(-50), 'corr_resp': 'x', 'thisN': 79, 'thisTrialN': 3, 'thisRepN': 19}>
685.4847 	DATA 	Keypress: v
685.4899 	EXP 	Fixation_2: autoDraw = False
685.4899 	EXP 	line1_2: autoDraw = False
685.4899 	EXP 	line2_2: autoDraw = False
685.4899 	EXP 	line3_2: autoDraw = False
685.4899 	EXP 	line4_2: autoDraw = False
685.4899 	EXP 	protrianglefixation_2: autoDraw = False
685.4899 	EXP 	Fixation_2: autoDraw = True
685.5853 	EXP 	Device response: <KeyPress from None: t=685.4767374159992, value=v, duration=0.10040570900036982>
686.4767 	EXP 	line1_2: autoDraw = True
686.4767 	EXP 	line2_2: autoDraw = True
686.4767 	EXP 	line3_2: autoDraw = True
686.4767 	EXP 	line4_2: autoDraw = True
686.4842 	EXP 	Fixation_2: autoDraw = False
687.4768 	INFO 	Keyboard events cleared
687.4766 	EXP 	protrianglefixation_2: autoDraw = True
688.4024 	EXP 	Device response: <KeyPress from None: t=688.3987186659997, value=x, duration=None>
688.4028 	EXP 	New trial (rep=20, index=0): <Trial 80 (0 in rep 20) data={'pos': np.int64(-150), 'corr_resp': 'z', 'thisN': 80, 'thisTrialN': 0, 'thisRepN': 20}>
688.4091 	DATA 	Keypress: x
688.4144 	EXP 	Fixation_2: autoDraw = False
688.4144 	EXP 	line1_2: autoDraw = False
688.4144 	EXP 	line2_2: autoDraw = False
688.4144 	EXP 	line3_2: autoDraw = False
688.4144 	EXP 	line4_2: autoDraw = False
688.4144 	EXP 	protrianglefixation_2: autoDraw = False
688.4144 	EXP 	Fixation_2: autoDraw = True
688.5452 	EXP 	Device response: <KeyPress from None: t=688.3987186659997, value=x, duration=0.1361834170002112>
689.4016 	EXP 	line1_2: autoDraw = True
689.4016 	EXP 	line2_2: autoDraw = True
689.4016 	EXP 	line3_2: autoDraw = True
689.4016 	EXP 	line4_2: autoDraw = True
689.4103 	EXP 	Fixation_2: autoDraw = False
690.4012 	INFO 	Keyboard events cleared
690.4010 	EXP 	protrianglefixation_2: autoDraw = True
691.1612 	EXP 	Device response: <KeyPress from None: t=691.1595665409995, value=z, duration=None>
691.1616 	EXP 	New trial (rep=20, index=1): <Trial 81 (1 in rep 20) data={'pos': np.int64(150), 'corr_resp': 'v', 'thisN': 81, 'thisTrialN': 1, 'thisRepN': 20}>
691.1682 	DATA 	Keypress: z
691.1734 	EXP 	Fixation_2: autoDraw = False
691.1734 	EXP 	line1_2: autoDraw = False
691.1734 	EXP 	line2_2: autoDraw = False
691.1734 	EXP 	line3_2: autoDraw = False
691.1734 	EXP 	line4_2: autoDraw = False
691.1734 	EXP 	protrianglefixation_2: autoDraw = False
691.1734 	EXP 	Fixation_2: autoDraw = True
691.2797 	EXP 	Device response: <KeyPress from None: t=682.7528714579994, value=z, duration=8.523097667000002>
692.1600 	EXP 	line1_2: autoDraw = True
692.1600 	EXP 	line2_2: autoDraw = True
692.1600 	EXP 	line3_2: autoDraw = True
692.1600 	EXP 	line4_2: autoDraw = True
692.1679 	EXP 	Fixation_2: autoDraw = False
693.1601 	INFO 	Keyboard events cleared
693.1599 	EXP 	protrianglefixation_2: autoDraw = True
693.8781 	EXP 	Device response: <KeyPress from None: t=693.8725097499992, value=v, duration=None>
693.8785 	EXP 	New trial (rep=20, index=2): <Trial 82 (2 in rep 20) data={'pos': np.int64(-50), 'corr_resp': 'x', 'thisN': 82, 'thisTrialN': 2, 'thisRepN': 20}>
693.8846 	DATA 	Keypress: v
693.8897 	EXP 	Fixation_2: autoDraw = False
693.8897 	EXP 	line1_2: autoDraw = False
693.8897 	EXP 	line2_2: autoDraw = False
693.8897 	EXP 	line3_2: autoDraw = False
693.8897 	EXP 	line4_2: autoDraw = False
693.8897 	EXP 	protrianglefixation_2: autoDraw = False
693.8897 	EXP 	Fixation_2: autoDraw = True
693.9785 	EXP 	Device response: <KeyPress from None: t=693.8725097499992, value=v, duration=0.0963610000007975>
694.8767 	EXP 	line1_2: autoDraw = True
694.8767 	EXP 	line2_2: autoDraw = True
694.8767 	EXP 	line3_2: autoDraw = True
694.8767 	EXP 	line4_2: autoDraw = True
694.8847 	EXP 	Fixation_2: autoDraw = False
695.8769 	INFO 	Keyboard events cleared
695.8767 	EXP 	protrianglefixation_2: autoDraw = True
696.5780 	EXP 	Device response: <KeyPress from None: t=696.5755182079993, value=x, duration=None>
696.5784 	EXP 	New trial (rep=20, index=3): <Trial 83 (3 in rep 20) data={'pos': np.int64(50), 'corr_resp': 'c', 'thisN': 83, 'thisTrialN': 3, 'thisRepN': 20}>
696.5847 	DATA 	Keypress: x
696.5898 	EXP 	Fixation_2: autoDraw = False
696.5898 	EXP 	line1_2: autoDraw = False
696.5898 	EXP 	line2_2: autoDraw = False
696.5898 	EXP 	line3_2: autoDraw = False
696.5898 	EXP 	line4_2: autoDraw = False
696.5898 	EXP 	protrianglefixation_2: autoDraw = False
696.5898 	EXP 	Fixation_2: autoDraw = True
696.7287 	EXP 	Device response: <KeyPress from None: t=696.5755182079993, value=x, duration=0.14426120799998898>
697.5766 	EXP 	line1_2: autoDraw = True
697.5766 	EXP 	line2_2: autoDraw = True
697.5766 	EXP 	line3_2: autoDraw = True
697.5766 	EXP 	line4_2: autoDraw = True
697.5839 	EXP 	Fixation_2: autoDraw = False
698.5768 	INFO 	Keyboard events cleared
698.5766 	EXP 	protrianglefixation_2: autoDraw = True
699.6117 	EXP 	Device response: <KeyPress from None: t=699.6063250409998, value=c, duration=None>
699.6123 	EXP 	New trial (rep=21, index=0): <Trial 84 (0 in rep 21) data={'pos': np.int64(-150), 'corr_resp': 'z', 'thisN': 84, 'thisTrialN': 0, 'thisRepN': 21}>
699.6188 	DATA 	Keypress: c
699.6238 	EXP 	Fixation_2: autoDraw = False
699.6238 	EXP 	line1_2: autoDraw = False
699.6238 	EXP 	line2_2: autoDraw = False
699.6238 	EXP 	line3_2: autoDraw = False
699.6238 	EXP 	line4_2: autoDraw = False
699.6238 	EXP 	protrianglefixation_2: autoDraw = False
699.6238 	EXP 	Fixation_2: autoDraw = True
699.7014 	EXP 	Device response: <KeyPress from None: t=699.6063250409998, value=c, duration=0.09248762500010344>
700.6101 	EXP 	line1_2: autoDraw = True
700.6101 	EXP 	line2_2: autoDraw = True
700.6101 	EXP 	line3_2: autoDraw = True
700.6101 	EXP 	line4_2: autoDraw = True
700.6179 	EXP 	Fixation_2: autoDraw = False
701.6102 	INFO 	Keyboard events cleared
701.6100 	EXP 	protrianglefixation_2: autoDraw = True
702.3523 	EXP 	Device response: <KeyPress from None: t=702.3483392499993, value=z, duration=None>
702.3528 	EXP 	New trial (rep=21, index=1): <Trial 85 (1 in rep 21) data={'pos': np.int64(50), 'corr_resp': 'c', 'thisN': 85, 'thisTrialN': 1, 'thisRepN': 21}>
702.3589 	DATA 	Keypress: z
702.3644 	EXP 	Fixation_2: autoDraw = False
702.3644 	EXP 	line1_2: autoDraw = False
702.3644 	EXP 	line2_2: autoDraw = False
702.3644 	EXP 	line3_2: autoDraw = False
702.3644 	EXP 	line4_2: autoDraw = False
702.3644 	EXP 	protrianglefixation_2: autoDraw = False
702.3644 	EXP 	Fixation_2: autoDraw = True
702.4956 	EXP 	Device response: <KeyPress from None: t=691.1595665409995, value=z, duration=11.333134374999645>
703.3507 	EXP 	line1_2: autoDraw = True
703.3507 	EXP 	line2_2: autoDraw = True
703.3507 	EXP 	line3_2: autoDraw = True
703.3507 	EXP 	line4_2: autoDraw = True
703.3601 	EXP 	Fixation_2: autoDraw = False
704.3518 	INFO 	Keyboard events cleared
704.3516 	EXP 	protrianglefixation_2: autoDraw = True
705.0619 	EXP 	Device response: <KeyPress from None: t=705.0543102499996, value=c, duration=None>
705.0623 	EXP 	New trial (rep=21, index=2): <Trial 86 (2 in rep 21) data={'pos': np.int64(150), 'corr_resp': 'v', 'thisN': 86, 'thisTrialN': 2, 'thisRepN': 21}>
705.0685 	DATA 	Keypress: c
705.0738 	EXP 	Fixation_2: autoDraw = False
705.0738 	EXP 	line1_2: autoDraw = False
705.0738 	EXP 	line2_2: autoDraw = False
705.0738 	EXP 	line3_2: autoDraw = False
705.0738 	EXP 	line4_2: autoDraw = False
705.0738 	EXP 	protrianglefixation_2: autoDraw = False
705.0738 	EXP 	Fixation_2: autoDraw = True
705.1698 	EXP 	Device response: <KeyPress from None: t=705.0543102499996, value=c, duration=0.10828033300003881>
706.0780 	EXP 	line1_2: autoDraw = True
706.0780 	EXP 	line2_2: autoDraw = True
706.0780 	EXP 	line3_2: autoDraw = True
706.0780 	EXP 	line4_2: autoDraw = True
706.0949 	EXP 	Fixation_2: autoDraw = False
707.0605 	INFO 	Keyboard events cleared
707.0603 	EXP 	protrianglefixation_2: autoDraw = True
707.7948 	EXP 	Device response: <KeyPress from None: t=707.7931281249994, value=v, duration=None>
707.7953 	EXP 	New trial (rep=21, index=3): <Trial 87 (3 in rep 21) data={'pos': np.int64(-50), 'corr_resp': 'x', 'thisN': 87, 'thisTrialN': 3, 'thisRepN': 21}>
707.8012 	DATA 	Keypress: v
707.8062 	EXP 	Fixation_2: autoDraw = False
707.8062 	EXP 	line1_2: autoDraw = False
707.8062 	EXP 	line2_2: autoDraw = False
707.8062 	EXP 	line3_2: autoDraw = False
707.8062 	EXP 	line4_2: autoDraw = False
707.8062 	EXP 	protrianglefixation_2: autoDraw = False
707.8062 	EXP 	Fixation_2: autoDraw = True
707.9121 	EXP 	Device response: <KeyPress from None: t=707.7931281249994, value=v, duration=0.11634829100057686>
708.7933 	EXP 	line1_2: autoDraw = True
708.7933 	EXP 	line2_2: autoDraw = True
708.7933 	EXP 	line3_2: autoDraw = True
708.7933 	EXP 	line4_2: autoDraw = True
708.8005 	EXP 	Fixation_2: autoDraw = False
709.7937 	INFO 	Keyboard events cleared
709.7935 	EXP 	protrianglefixation_2: autoDraw = True
710.6281 	EXP 	Device response: <KeyPress from None: t=710.6180401249994, value=x, duration=None>
710.6286 	EXP 	New trial (rep=22, index=0): <Trial 88 (0 in rep 22) data={'pos': np.int64(-150), 'corr_resp': 'z', 'thisN': 88, 'thisTrialN': 0, 'thisRepN': 22}>
710.6353 	DATA 	Keypress: x
710.6404 	EXP 	Fixation_2: autoDraw = False
710.6404 	EXP 	line1_2: autoDraw = False
710.6404 	EXP 	line2_2: autoDraw = False
710.6404 	EXP 	line3_2: autoDraw = False
710.6404 	EXP 	line4_2: autoDraw = False
710.6404 	EXP 	protrianglefixation_2: autoDraw = False
710.6404 	EXP 	Fixation_2: autoDraw = True
710.7351 	EXP 	Device response: <KeyPress from None: t=710.6180401249994, value=x, duration=0.11258770800031925>
711.6267 	EXP 	line1_2: autoDraw = True
711.6267 	EXP 	line2_2: autoDraw = True
711.6267 	EXP 	line3_2: autoDraw = True
711.6267 	EXP 	line4_2: autoDraw = True
711.6344 	EXP 	Fixation_2: autoDraw = False
712.6267 	INFO 	Keyboard events cleared
712.6265 	EXP 	protrianglefixation_2: autoDraw = True
713.1856 	EXP 	Device response: <KeyPress from None: t=713.180044791, value=z, duration=None>
713.1861 	EXP 	New trial (rep=22, index=1): <Trial 89 (1 in rep 22) data={'pos': np.int64(50), 'corr_resp': 'c', 'thisN': 89, 'thisTrialN': 1, 'thisRepN': 22}>
713.1923 	DATA 	Keypress: z
713.1976 	EXP 	Fixation_2: autoDraw = False
713.1976 	EXP 	line1_2: autoDraw = False
713.1976 	EXP 	line2_2: autoDraw = False
713.1976 	EXP 	line3_2: autoDraw = False
713.1976 	EXP 	line4_2: autoDraw = False
713.1976 	EXP 	protrianglefixation_2: autoDraw = False
713.1976 	EXP 	Fixation_2: autoDraw = True
713.3187 	EXP 	Device response: <KeyPress from None: t=702.3483392499993, value=z, duration=10.968149625000478>
714.1843 	EXP 	line1_2: autoDraw = True
714.1843 	EXP 	line2_2: autoDraw = True
714.1843 	EXP 	line3_2: autoDraw = True
714.1843 	EXP 	line4_2: autoDraw = True
714.1935 	EXP 	Fixation_2: autoDraw = False
715.1852 	INFO 	Keyboard events cleared
715.1850 	EXP 	protrianglefixation_2: autoDraw = True
716.0781 	EXP 	Device response: <KeyPress from None: t=716.0730273749996, value=c, duration=None>
716.0785 	EXP 	New trial (rep=22, index=2): <Trial 90 (2 in rep 22) data={'pos': np.int64(-50), 'corr_resp': 'x', 'thisN': 90, 'thisTrialN': 2, 'thisRepN': 22}>
716.0849 	DATA 	Keypress: c
716.0900 	EXP 	Fixation_2: autoDraw = False
716.0900 	EXP 	line1_2: autoDraw = False
716.0900 	EXP 	line2_2: autoDraw = False
716.0900 	EXP 	line3_2: autoDraw = False
716.0900 	EXP 	line4_2: autoDraw = False
716.0900 	EXP 	protrianglefixation_2: autoDraw = False
716.0900 	EXP 	Fixation_2: autoDraw = True
716.1344 	EXP 	Device response: <KeyPress from None: t=716.0730273749996, value=c, duration=0.05635554099990259>
717.0768 	EXP 	line1_2: autoDraw = True
717.0768 	EXP 	line2_2: autoDraw = True
717.0768 	EXP 	line3_2: autoDraw = True
717.0768 	EXP 	line4_2: autoDraw = True
717.0845 	EXP 	Fixation_2: autoDraw = False
718.0769 	INFO 	Keyboard events cleared
718.0767 	EXP 	protrianglefixation_2: autoDraw = True
718.8359 	EXP 	Device response: <KeyPress from None: t=718.8319508749992, value=x, duration=None>
718.8364 	EXP 	New trial (rep=22, index=3): <Trial 91 (3 in rep 22) data={'pos': np.int64(150), 'corr_resp': 'v', 'thisN': 91, 'thisTrialN': 3, 'thisRepN': 22}>
718.8424 	DATA 	Keypress: x
718.8476 	EXP 	Fixation_2: autoDraw = False
718.8476 	EXP 	line1_2: autoDraw = False
718.8476 	EXP 	line2_2: autoDraw = False
718.8476 	EXP 	line3_2: autoDraw = False
718.8476 	EXP 	line4_2: autoDraw = False
718.8476 	EXP 	protrianglefixation_2: autoDraw = False
718.8476 	EXP 	Fixation_2: autoDraw = True
718.9622 	EXP 	Device response: <KeyPress from None: t=718.8319508749992, value=x, duration=0.12027283300085401>
719.8349 	EXP 	line1_2: autoDraw = True
719.8349 	EXP 	line2_2: autoDraw = True
719.8349 	EXP 	line3_2: autoDraw = True
719.8349 	EXP 	line4_2: autoDraw = True
719.8442 	EXP 	Fixation_2: autoDraw = False
720.8347 	INFO 	Keyboard events cleared
720.8345 	EXP 	protrianglefixation_2: autoDraw = True
721.8284 	EXP 	Device response: <KeyPress from None: t=721.8199376249995, value=v, duration=None>
721.8290 	EXP 	New trial (rep=23, index=0): <Trial 92 (0 in rep 23) data={'pos': np.int64(-150), 'corr_resp': 'z', 'thisN': 92, 'thisTrialN': 0, 'thisRepN': 23}>
721.8355 	DATA 	Keypress: v
721.8409 	EXP 	Fixation_2: autoDraw = False
721.8409 	EXP 	line1_2: autoDraw = False
721.8409 	EXP 	line2_2: autoDraw = False
721.8409 	EXP 	line3_2: autoDraw = False
721.8409 	EXP 	line4_2: autoDraw = False
721.8409 	EXP 	protrianglefixation_2: autoDraw = False
721.8409 	EXP 	Fixation_2: autoDraw = True
721.8960 	EXP 	Device response: <KeyPress from None: t=721.8199376249995, value=v, duration=0.07232958300028258>
722.8268 	EXP 	line1_2: autoDraw = True
722.8268 	EXP 	line2_2: autoDraw = True
722.8268 	EXP 	line3_2: autoDraw = True
722.8268 	EXP 	line4_2: autoDraw = True
722.8345 	EXP 	Fixation_2: autoDraw = False
723.8270 	INFO 	Keyboard events cleared
723.8267 	EXP 	protrianglefixation_2: autoDraw = True
724.4280 	EXP 	Device response: <KeyPress from None: t=724.4197468329994, value=z, duration=None>
724.4284 	EXP 	New trial (rep=23, index=1): <Trial 93 (1 in rep 23) data={'pos': np.int64(150), 'corr_resp': 'v', 'thisN': 93, 'thisTrialN': 1, 'thisRepN': 23}>
724.4348 	DATA 	Keypress: z
724.4400 	EXP 	Fixation_2: autoDraw = False
724.4400 	EXP 	line1_2: autoDraw = False
724.4400 	EXP 	line2_2: autoDraw = False
724.4400 	EXP 	line3_2: autoDraw = False
724.4400 	EXP 	line4_2: autoDraw = False
724.4400 	EXP 	protrianglefixation_2: autoDraw = False
724.4400 	EXP 	Fixation_2: autoDraw = True
724.5281 	EXP 	Device response: <KeyPress from None: t=713.180044791, value=z, duration=11.340030333999493>
725.4266 	EXP 	line1_2: autoDraw = True
725.4266 	EXP 	line2_2: autoDraw = True
725.4266 	EXP 	line3_2: autoDraw = True
725.4266 	EXP 	line4_2: autoDraw = True
725.4340 	EXP 	Fixation_2: autoDraw = False
726.4268 	INFO 	Keyboard events cleared
726.4266 	EXP 	protrianglefixation_2: autoDraw = True
727.2452 	EXP 	Device response: <KeyPress from None: t=727.2417048329999, value=v, duration=None>
727.2457 	EXP 	New trial (rep=23, index=2): <Trial 94 (2 in rep 23) data={'pos': np.int64(-50), 'corr_resp': 'x', 'thisN': 94, 'thisTrialN': 2, 'thisRepN': 23}>
727.2523 	DATA 	Keypress: v
727.2576 	EXP 	Fixation_2: autoDraw = False
727.2576 	EXP 	line1_2: autoDraw = False
727.2576 	EXP 	line2_2: autoDraw = False
727.2576 	EXP 	line3_2: autoDraw = False
727.2576 	EXP 	line4_2: autoDraw = False
727.2576 	EXP 	protrianglefixation_2: autoDraw = False
727.2576 	EXP 	Fixation_2: autoDraw = True
727.3174 	EXP 	Device response: <KeyPress from None: t=727.2417048329999, value=v, duration=0.07239295799990941>
728.2432 	EXP 	line1_2: autoDraw = True
728.2432 	EXP 	line2_2: autoDraw = True
728.2432 	EXP 	line3_2: autoDraw = True
728.2432 	EXP 	line4_2: autoDraw = True
728.2509 	EXP 	Fixation_2: autoDraw = False
729.2434 	INFO 	Keyboard events cleared
729.2432 	EXP 	protrianglefixation_2: autoDraw = True
729.5626 	EXP 	Device response: <KeyPress from None: t=729.5416993749996, value=x, duration=None>
729.5632 	EXP 	New trial (rep=23, index=3): <Trial 95 (3 in rep 23) data={'pos': np.int64(50), 'corr_resp': 'c', 'thisN': 95, 'thisTrialN': 3, 'thisRepN': 23}>
729.5695 	DATA 	Keypress: x
729.5766 	EXP 	Fixation_2: autoDraw = False
729.5766 	EXP 	line1_2: autoDraw = False
729.5766 	EXP 	line2_2: autoDraw = False
729.5766 	EXP 	line3_2: autoDraw = False
729.5766 	EXP 	line4_2: autoDraw = False
729.5766 	EXP 	protrianglefixation_2: autoDraw = False
729.5766 	EXP 	Fixation_2: autoDraw = True
729.6858 	EXP 	Device response: <KeyPress from None: t=729.5416993749996, value=x, duration=0.13630504100001417>
730.5602 	EXP 	line1_2: autoDraw = True
730.5602 	EXP 	line2_2: autoDraw = True
730.5602 	EXP 	line3_2: autoDraw = True
730.5602 	EXP 	line4_2: autoDraw = True
730.5675 	EXP 	Fixation_2: autoDraw = False
731.5696 	INFO 	Keyboard events cleared
731.5694 	EXP 	protrianglefixation_2: autoDraw = True
731.8288 	EXP 	Device response: <KeyPress from None: t=731.8267081249996, value=c, duration=None>
731.8293 	EXP 	New trial (rep=24, index=0): <Trial 96 (0 in rep 24) data={'pos': np.int64(-50), 'corr_resp': 'x', 'thisN': 96, 'thisTrialN': 0, 'thisRepN': 24}>
731.8358 	DATA 	Keypress: c
731.8411 	EXP 	Fixation_2: autoDraw = False
731.8411 	EXP 	line1_2: autoDraw = False
731.8411 	EXP 	line2_2: autoDraw = False
731.8411 	EXP 	line3_2: autoDraw = False
731.8411 	EXP 	line4_2: autoDraw = False
731.8411 	EXP 	protrianglefixation_2: autoDraw = False
731.8411 	EXP 	Fixation_2: autoDraw = True
731.9288 	EXP 	Device response: <KeyPress from None: t=731.8267081249996, value=c, duration=0.09629916599988064>
732.8265 	EXP 	line1_2: autoDraw = True
732.8265 	EXP 	line2_2: autoDraw = True
732.8265 	EXP 	line3_2: autoDraw = True
732.8265 	EXP 	line4_2: autoDraw = True
732.8342 	EXP 	Fixation_2: autoDraw = False
733.8270 	INFO 	Keyboard events cleared
733.8268 	EXP 	protrianglefixation_2: autoDraw = True
734.6452 	EXP 	Device response: <KeyPress from None: t=734.6356191249997, value=x, duration=None>
734.6457 	EXP 	New trial (rep=24, index=1): <Trial 97 (1 in rep 24) data={'pos': np.int64(-150), 'corr_resp': 'z', 'thisN': 97, 'thisTrialN': 1, 'thisRepN': 24}>
734.6524 	DATA 	Keypress: x
734.6575 	EXP 	Fixation_2: autoDraw = False
734.6575 	EXP 	line1_2: autoDraw = False
734.6575 	EXP 	line2_2: autoDraw = False
734.6575 	EXP 	line3_2: autoDraw = False
734.6575 	EXP 	line4_2: autoDraw = False
734.6575 	EXP 	protrianglefixation_2: autoDraw = False
734.6575 	EXP 	Fixation_2: autoDraw = True
734.7785 	EXP 	Device response: <KeyPress from None: t=734.6356191249997, value=x, duration=0.1404057499994451>
735.6432 	EXP 	line1_2: autoDraw = True
735.6432 	EXP 	line2_2: autoDraw = True
735.6432 	EXP 	line3_2: autoDraw = True
735.6432 	EXP 	line4_2: autoDraw = True
735.6504 	EXP 	Fixation_2: autoDraw = False
736.6444 	INFO 	Keyboard events cleared
736.6442 	EXP 	protrianglefixation_2: autoDraw = True
737.6784 	EXP 	Device response: <KeyPress from None: t=737.6684527909993, value=z, duration=None>
737.6790 	EXP 	New trial (rep=24, index=2): <Trial 98 (2 in rep 24) data={'pos': np.int64(150), 'corr_resp': 'v', 'thisN': 98, 'thisTrialN': 2, 'thisRepN': 24}>
737.6857 	DATA 	Keypress: z
737.6910 	EXP 	Fixation_2: autoDraw = False
737.6910 	EXP 	line1_2: autoDraw = False
737.6910 	EXP 	line2_2: autoDraw = False
737.6910 	EXP 	line3_2: autoDraw = False
737.6910 	EXP 	line4_2: autoDraw = False
737.6910 	EXP 	protrianglefixation_2: autoDraw = False
737.6910 	EXP 	Fixation_2: autoDraw = True
737.7844 	EXP 	Device response: <KeyPress from None: t=724.4197468329994, value=z, duration=13.36098391700034>
738.6766 	EXP 	line1_2: autoDraw = True
738.6766 	EXP 	line2_2: autoDraw = True
738.6766 	EXP 	line3_2: autoDraw = True
738.6766 	EXP 	line4_2: autoDraw = True
738.6840 	EXP 	Fixation_2: autoDraw = False
739.6769 	INFO 	Keyboard events cleared
739.6766 	EXP 	protrianglefixation_2: autoDraw = True
740.6614 	EXP 	Device response: <KeyPress from None: t=740.6535594159996, value=v, duration=None>
740.6619 	EXP 	New trial (rep=24, index=3): <Trial 99 (3 in rep 24) data={'pos': np.int64(50), 'corr_resp': 'c', 'thisN': 99, 'thisTrialN': 3, 'thisRepN': 24}>
740.6685 	DATA 	Keypress: v
740.6737 	EXP 	Fixation_2: autoDraw = False
740.6737 	EXP 	line1_2: autoDraw = False
740.6737 	EXP 	line2_2: autoDraw = False
740.6737 	EXP 	line3_2: autoDraw = False
740.6737 	EXP 	line4_2: autoDraw = False
740.6737 	EXP 	protrianglefixation_2: autoDraw = False
740.6737 	EXP 	Fixation_2: autoDraw = True
740.7113 	EXP 	Device response: <KeyPress from None: t=740.6535594159996, value=v, duration=0.05611750000025495>
741.6598 	EXP 	line1_2: autoDraw = True
741.6598 	EXP 	line2_2: autoDraw = True
741.6598 	EXP 	line3_2: autoDraw = True
741.6598 	EXP 	line4_2: autoDraw = True
741.6673 	EXP 	Fixation_2: autoDraw = False
742.6601 	INFO 	Keyboard events cleared
742.6599 	EXP 	protrianglefixation_2: autoDraw = True
743.1448 	EXP 	Device response: <KeyPress from None: t=743.1413474999999, value=c, duration=None>
743.1453 	EXP 	New trial (rep=25, index=0): <Trial 100 (0 in rep 25) data={'pos': np.int64(-50), 'corr_resp': 'x', 'thisN': 100, 'thisTrialN': 0, 'thisRepN': 25}>
743.1516 	DATA 	Keypress: c
743.1569 	EXP 	Fixation_2: autoDraw = False
743.1569 	EXP 	line1_2: autoDraw = False
743.1569 	EXP 	line2_2: autoDraw = False
743.1569 	EXP 	line3_2: autoDraw = False
743.1569 	EXP 	line4_2: autoDraw = False
743.1569 	EXP 	protrianglefixation_2: autoDraw = False
743.1569 	EXP 	Fixation_2: autoDraw = True
743.2301 	EXP 	Device response: <KeyPress from None: t=743.1413474999999, value=c, duration=0.08442195799943875>
744.1432 	EXP 	line1_2: autoDraw = True
744.1432 	EXP 	line2_2: autoDraw = True
744.1432 	EXP 	line3_2: autoDraw = True
744.1432 	EXP 	line4_2: autoDraw = True
744.1505 	EXP 	Fixation_2: autoDraw = False
745.1435 	INFO 	Keyboard events cleared
745.1433 	EXP 	protrianglefixation_2: autoDraw = True
745.9523 	EXP 	Device response: <KeyPress from None: t=745.9512458329991, value=x, duration=None>
745.9527 	EXP 	New trial (rep=25, index=1): <Trial 101 (1 in rep 25) data={'pos': np.int64(-150), 'corr_resp': 'z', 'thisN': 101, 'thisTrialN': 1, 'thisRepN': 25}>
745.9586 	DATA 	Keypress: x
745.9641 	EXP 	Fixation_2: autoDraw = False
745.9641 	EXP 	line1_2: autoDraw = False
745.9641 	EXP 	line2_2: autoDraw = False
745.9641 	EXP 	line3_2: autoDraw = False
745.9641 	EXP 	line4_2: autoDraw = False
745.9641 	EXP 	protrianglefixation_2: autoDraw = False
745.9641 	EXP 	Fixation_2: autoDraw = True
746.0462 	EXP 	Device response: <KeyPress from None: t=745.9512458329991, value=x, duration=0.08445175000088057>
746.9511 	EXP 	line1_2: autoDraw = True
746.9511 	EXP 	line2_2: autoDraw = True
746.9511 	EXP 	line3_2: autoDraw = True
746.9511 	EXP 	line4_2: autoDraw = True
746.9600 	EXP 	Fixation_2: autoDraw = False
747.9510 	INFO 	Keyboard events cleared
747.9509 	EXP 	protrianglefixation_2: autoDraw = True
748.3853 	EXP 	Device response: <KeyPress from None: t=748.3842302909998, value=z, duration=None>
748.3940 	EXP 	New trial (rep=25, index=2): <Trial 102 (2 in rep 25) data={'pos': np.int64(150), 'corr_resp': 'v', 'thisN': 102, 'thisTrialN': 2, 'thisRepN': 25}>
748.3999 	DATA 	Keypress: z
748.4051 	EXP 	Fixation_2: autoDraw = False
748.4051 	EXP 	line1_2: autoDraw = False
748.4051 	EXP 	line2_2: autoDraw = False
748.4051 	EXP 	line3_2: autoDraw = False
748.4051 	EXP 	line4_2: autoDraw = False
748.4051 	EXP 	protrianglefixation_2: autoDraw = False
748.4051 	EXP 	Fixation_2: autoDraw = True
748.5627 	EXP 	Device response: <KeyPress from None: t=737.6684527909993, value=z, duration=10.892059458999938>
749.3850 	EXP 	line1_2: autoDraw = True
749.3850 	EXP 	line2_2: autoDraw = True
749.3850 	EXP 	line3_2: autoDraw = True
749.3850 	EXP 	line4_2: autoDraw = True
749.4005 	EXP 	Fixation_2: autoDraw = False
750.3852 	INFO 	Keyboard events cleared
750.3851 	EXP 	protrianglefixation_2: autoDraw = True
751.1351 	EXP 	Device response: <KeyPress from None: t=751.1291700409993, value=v, duration=None>
751.1355 	EXP 	New trial (rep=25, index=3): <Trial 103 (3 in rep 25) data={'pos': np.int64(50), 'corr_resp': 'c', 'thisN': 103, 'thisTrialN': 3, 'thisRepN': 25}>
751.1400 	DATA 	Keypress: v
751.1613 	EXP 	Fixation_2: autoDraw = False
751.1613 	EXP 	line1_2: autoDraw = False
751.1613 	EXP 	line2_2: autoDraw = False
751.1613 	EXP 	line3_2: autoDraw = False
751.1613 	EXP 	line4_2: autoDraw = False
751.1613 	EXP 	protrianglefixation_2: autoDraw = False
751.1613 	EXP 	Fixation_2: autoDraw = True
751.2198 	EXP 	Device response: <KeyPress from None: t=751.1291700409993, value=v, duration=0.08840395900006115>
752.1266 	EXP 	line1_2: autoDraw = True
752.1266 	EXP 	line2_2: autoDraw = True
752.1266 	EXP 	line3_2: autoDraw = True
752.1266 	EXP 	line4_2: autoDraw = True
752.1604 	EXP 	Fixation_2: autoDraw = False
753.1351 	INFO 	Keyboard events cleared
753.1350 	EXP 	protrianglefixation_2: autoDraw = True
754.0856 	EXP 	Device response: <KeyPress from None: t=754.0791454579994, value=c, duration=None>
754.0860 	EXP 	New trial (rep=26, index=0): <Trial 104 (0 in rep 26) data={'pos': np.int64(150), 'corr_resp': 'v', 'thisN': 104, 'thisTrialN': 0, 'thisRepN': 26}>
754.0921 	DATA 	Keypress: c
754.0975 	EXP 	Fixation_2: autoDraw = False
754.0975 	EXP 	line1_2: autoDraw = False
754.0975 	EXP 	line2_2: autoDraw = False
754.0975 	EXP 	line3_2: autoDraw = False
754.0975 	EXP 	line4_2: autoDraw = False
754.0975 	EXP 	protrianglefixation_2: autoDraw = False
754.0975 	EXP 	Fixation_2: autoDraw = True
754.1956 	EXP 	Device response: <KeyPress from None: t=754.0791454579994, value=c, duration=0.10826837500007969>
755.0841 	EXP 	line1_2: autoDraw = True
755.0841 	EXP 	line2_2: autoDraw = True
755.0841 	EXP 	line3_2: autoDraw = True
755.0841 	EXP 	line4_2: autoDraw = True
755.0936 	EXP 	Fixation_2: autoDraw = False
756.0851 	INFO 	Keyboard events cleared
756.0848 	EXP 	protrianglefixation_2: autoDraw = True
756.6950 	EXP 	Device response: <KeyPress from None: t=756.6860429579992, value=v, duration=None>
756.6956 	EXP 	New trial (rep=26, index=1): <Trial 105 (1 in rep 26) data={'pos': np.int64(-50), 'corr_resp': 'x', 'thisN': 105, 'thisTrialN': 1, 'thisRepN': 26}>
756.7021 	DATA 	Keypress: v
756.7073 	EXP 	Fixation_2: autoDraw = False
756.7073 	EXP 	line1_2: autoDraw = False
756.7073 	EXP 	line2_2: autoDraw = False
756.7073 	EXP 	line3_2: autoDraw = False
756.7073 	EXP 	line4_2: autoDraw = False
756.7073 	EXP 	protrianglefixation_2: autoDraw = False
756.7073 	EXP 	Fixation_2: autoDraw = True
756.8121 	EXP 	Device response: <KeyPress from None: t=756.6860429579992, value=v, duration=0.11621937500058266>
757.6931 	EXP 	line1_2: autoDraw = True
757.6931 	EXP 	line2_2: autoDraw = True
757.6931 	EXP 	line3_2: autoDraw = True
757.6931 	EXP 	line4_2: autoDraw = True
757.7008 	EXP 	Fixation_2: autoDraw = False
758.6935 	INFO 	Keyboard events cleared
758.6933 	EXP 	protrianglefixation_2: autoDraw = True
759.4185 	EXP 	Device response: <KeyPress from None: t=759.4149908749996, value=x, duration=None>
759.4191 	EXP 	New trial (rep=26, index=2): <Trial 106 (2 in rep 26) data={'pos': np.int64(-150), 'corr_resp': 'z', 'thisN': 106, 'thisTrialN': 2, 'thisRepN': 26}>
759.4256 	DATA 	Keypress: x
759.4308 	EXP 	Fixation_2: autoDraw = False
759.4308 	EXP 	line1_2: autoDraw = False
759.4308 	EXP 	line2_2: autoDraw = False
759.4308 	EXP 	line3_2: autoDraw = False
759.4308 	EXP 	line4_2: autoDraw = False
759.4308 	EXP 	protrianglefixation_2: autoDraw = False
759.4308 	EXP 	Fixation_2: autoDraw = True
759.5116 	EXP 	Device response: <KeyPress from None: t=759.4149908749996, value=x, duration=0.08837441600007878>
760.4099 	EXP 	line1_2: autoDraw = True
760.4099 	EXP 	line2_2: autoDraw = True
760.4099 	EXP 	line3_2: autoDraw = True
760.4099 	EXP 	line4_2: autoDraw = True
760.4266 	EXP 	Fixation_2: autoDraw = False
761.4180 	INFO 	Keyboard events cleared
761.4178 	EXP 	protrianglefixation_2: autoDraw = True
762.1521 	EXP 	Device response: <KeyPress from None: t=762.1439332079999, value=z, duration=None>
762.1525 	EXP 	New trial (rep=26, index=3): <Trial 107 (3 in rep 26) data={'pos': np.int64(50), 'corr_resp': 'c', 'thisN': 107, 'thisTrialN': 3, 'thisRepN': 26}>
762.1586 	DATA 	Keypress: z
762.1640 	EXP 	Fixation_2: autoDraw = False
762.1640 	EXP 	line1_2: autoDraw = False
762.1640 	EXP 	line2_2: autoDraw = False
762.1640 	EXP 	line3_2: autoDraw = False
762.1640 	EXP 	line4_2: autoDraw = False
762.1640 	EXP 	protrianglefixation_2: autoDraw = False
762.1640 	EXP 	Fixation_2: autoDraw = True
762.2841 	EXP 	Device response: <KeyPress from None: t=748.3842302909998, value=z, duration=13.895933541999511>
763.1519 	EXP 	line1_2: autoDraw = True
763.1519 	EXP 	line2_2: autoDraw = True
763.1519 	EXP 	line3_2: autoDraw = True
763.1519 	EXP 	line4_2: autoDraw = True
763.1780 	EXP 	Fixation_2: autoDraw = False
764.1516 	INFO 	Keyboard events cleared
764.1514 	EXP 	protrianglefixation_2: autoDraw = True
764.9463 	EXP 	Device response: <KeyPress from None: t=764.9398447499998, value=v, duration=None>
764.9469 	EXP 	New trial (rep=27, index=0): <Trial 108 (0 in rep 27) data={'pos': np.int64(150), 'corr_resp': 'v', 'thisN': 108, 'thisTrialN': 0, 'thisRepN': 27}>
764.9538 	DATA 	Keypress: v
764.9589 	EXP 	Fixation_2: autoDraw = False
764.9589 	EXP 	line1_2: autoDraw = False
764.9589 	EXP 	line2_2: autoDraw = False
764.9589 	EXP 	line3_2: autoDraw = False
764.9589 	EXP 	line4_2: autoDraw = False
764.9589 	EXP 	protrianglefixation_2: autoDraw = False
764.9589 	EXP 	Fixation_2: autoDraw = True
765.0299 	EXP 	Device response: <KeyPress from None: t=764.9398447499998, value=v, duration=0.08035979099986434>
765.9432 	EXP 	line1_2: autoDraw = True
765.9432 	EXP 	line2_2: autoDraw = True
765.9432 	EXP 	line3_2: autoDraw = True
765.9432 	EXP 	line4_2: autoDraw = True
765.9507 	EXP 	Fixation_2: autoDraw = False
766.9433 	INFO 	Keyboard events cleared
766.9431 	EXP 	protrianglefixation_2: autoDraw = True
767.5112 	EXP 	Device response: <KeyPress from None: t=767.5097831249996, value=v, duration=None>
767.5117 	EXP 	New trial (rep=27, index=1): <Trial 109 (1 in rep 27) data={'pos': np.int64(-150), 'corr_resp': 'z', 'thisN': 109, 'thisTrialN': 1, 'thisRepN': 27}>
767.5180 	DATA 	Keypress: v
767.5232 	EXP 	Fixation_2: autoDraw = False
767.5232 	EXP 	line1_2: autoDraw = False
767.5232 	EXP 	line2_2: autoDraw = False
767.5232 	EXP 	line3_2: autoDraw = False
767.5232 	EXP 	line4_2: autoDraw = False
767.5232 	EXP 	protrianglefixation_2: autoDraw = False
767.5232 	EXP 	Fixation_2: autoDraw = True
767.6524 	EXP 	Device response: <KeyPress from None: t=767.5097831249996, value=v, duration=0.13636595800016948>
768.5098 	EXP 	line1_2: autoDraw = True
768.5098 	EXP 	line2_2: autoDraw = True
768.5098 	EXP 	line3_2: autoDraw = True
768.5098 	EXP 	line4_2: autoDraw = True
768.5171 	EXP 	Fixation_2: autoDraw = False
769.5100 	INFO 	Keyboard events cleared
769.5098 	EXP 	protrianglefixation_2: autoDraw = True
770.2955 	EXP 	Device response: <KeyPress from None: t=770.2896471249996, value=z, duration=None>
770.2963 	EXP 	New trial (rep=27, index=2): <Trial 110 (2 in rep 27) data={'pos': np.int64(-50), 'corr_resp': 'x', 'thisN': 110, 'thisTrialN': 2, 'thisRepN': 27}>
770.3026 	DATA 	Keypress: z
770.3079 	EXP 	Fixation_2: autoDraw = False
770.3079 	EXP 	line1_2: autoDraw = False
770.3079 	EXP 	line2_2: autoDraw = False
770.3079 	EXP 	line3_2: autoDraw = False
770.3079 	EXP 	line4_2: autoDraw = False
770.3079 	EXP 	protrianglefixation_2: autoDraw = False
770.3079 	EXP 	Fixation_2: autoDraw = True
770.4520 	EXP 	Device response: <KeyPress from None: t=762.1439332079999, value=z, duration=8.30606891699972>
771.2931 	EXP 	line1_2: autoDraw = True
771.2931 	EXP 	line2_2: autoDraw = True
771.2931 	EXP 	line3_2: autoDraw = True
771.2931 	EXP 	line4_2: autoDraw = True
771.3004 	EXP 	Fixation_2: autoDraw = False
772.2937 	INFO 	Keyboard events cleared
772.2935 	EXP 	protrianglefixation_2: autoDraw = True
773.0691 	EXP 	Device response: <KeyPress from None: t=773.0646442909992, value=x, duration=None>
773.0696 	EXP 	New trial (rep=27, index=3): <Trial 111 (3 in rep 27) data={'pos': np.int64(50), 'corr_resp': 'c', 'thisN': 111, 'thisTrialN': 3, 'thisRepN': 27}>
773.0756 	DATA 	Keypress: x
773.0808 	EXP 	Fixation_2: autoDraw = False
773.0808 	EXP 	line1_2: autoDraw = False
773.0808 	EXP 	line2_2: autoDraw = False
773.0808 	EXP 	line3_2: autoDraw = False
773.0808 	EXP 	line4_2: autoDraw = False
773.0808 	EXP 	protrianglefixation_2: autoDraw = False
773.0808 	EXP 	Fixation_2: autoDraw = True
773.2287 	EXP 	Device response: <KeyPress from None: t=773.0646442909992, value=x, duration=0.15232283400018787>
774.0679 	EXP 	line1_2: autoDraw = True
774.0679 	EXP 	line2_2: autoDraw = True
774.0679 	EXP 	line3_2: autoDraw = True
774.0679 	EXP 	line4_2: autoDraw = True
774.0773 	EXP 	Fixation_2: autoDraw = False
775.0679 	INFO 	Keyboard events cleared
775.0678 	EXP 	protrianglefixation_2: autoDraw = True
776.3019 	EXP 	Device response: <KeyPress from None: t=776.299562958, value=c, duration=None>
776.3023 	EXP 	New trial (rep=28, index=0): <Trial 112 (0 in rep 28) data={'pos': np.int64(50), 'corr_resp': 'c', 'thisN': 112, 'thisTrialN': 0, 'thisRepN': 28}>
776.3086 	DATA 	Keypress: c
776.3140 	EXP 	Fixation_2: autoDraw = False
776.3140 	EXP 	line1_2: autoDraw = False
776.3140 	EXP 	line2_2: autoDraw = False
776.3140 	EXP 	line3_2: autoDraw = False
776.3140 	EXP 	line4_2: autoDraw = False
776.3140 	EXP 	protrianglefixation_2: autoDraw = False
776.3140 	EXP 	Fixation_2: autoDraw = True
776.4127 	EXP 	Device response: <KeyPress from None: t=776.299562958, value=c, duration=0.10443845800000418>
777.3012 	EXP 	line1_2: autoDraw = True
777.3012 	EXP 	line2_2: autoDraw = True
777.3012 	EXP 	line3_2: autoDraw = True
777.3012 	EXP 	line4_2: autoDraw = True
777.3098 	EXP 	Fixation_2: autoDraw = False
778.3012 	INFO 	Keyboard events cleared
778.3010 	EXP 	protrianglefixation_2: autoDraw = True
778.8689 	EXP 	Device response: <KeyPress from None: t=778.8645717909994, value=c, duration=None>
778.8694 	EXP 	New trial (rep=28, index=1): <Trial 113 (1 in rep 28) data={'pos': np.int64(150), 'corr_resp': 'v', 'thisN': 113, 'thisTrialN': 1, 'thisRepN': 28}>
778.8756 	DATA 	Keypress: c
778.8809 	EXP 	Fixation_2: autoDraw = False
778.8809 	EXP 	line1_2: autoDraw = False
778.8809 	EXP 	line2_2: autoDraw = False
778.8809 	EXP 	line3_2: autoDraw = False
778.8809 	EXP 	line4_2: autoDraw = False
778.8809 	EXP 	protrianglefixation_2: autoDraw = False
778.8809 	EXP 	Fixation_2: autoDraw = True
778.9783 	EXP 	Device response: <KeyPress from None: t=778.8645717909994, value=c, duration=0.10834362500008865>
779.8682 	EXP 	line1_2: autoDraw = True
779.8682 	EXP 	line2_2: autoDraw = True
779.8682 	EXP 	line3_2: autoDraw = True
779.8682 	EXP 	line4_2: autoDraw = True
779.8765 	EXP 	Fixation_2: autoDraw = False
780.8784 	INFO 	Keyboard events cleared
780.8782 	EXP 	protrianglefixation_2: autoDraw = True
781.6613 	EXP 	Device response: <KeyPress from None: t=781.6514719999996, value=v, duration=None>
781.6618 	EXP 	New trial (rep=28, index=2): <Trial 114 (2 in rep 28) data={'pos': np.int64(-50), 'corr_resp': 'x', 'thisN': 114, 'thisTrialN': 2, 'thisRepN': 28}>
781.6681 	DATA 	Keypress: v
781.6733 	EXP 	Fixation_2: autoDraw = False
781.6733 	EXP 	line1_2: autoDraw = False
781.6733 	EXP 	line2_2: autoDraw = False
781.6733 	EXP 	line3_2: autoDraw = False
781.6733 	EXP 	line4_2: autoDraw = False
781.6733 	EXP 	protrianglefixation_2: autoDraw = False
781.6733 	EXP 	Fixation_2: autoDraw = True
781.7338 	EXP 	Device response: <KeyPress from None: t=781.6514719999996, value=v, duration=0.08033262499975535>
782.6598 	EXP 	line1_2: autoDraw = True
782.6598 	EXP 	line2_2: autoDraw = True
782.6598 	EXP 	line3_2: autoDraw = True
782.6598 	EXP 	line4_2: autoDraw = True
782.6671 	EXP 	Fixation_2: autoDraw = False
783.6602 	INFO 	Keyboard events cleared
783.6599 	EXP 	protrianglefixation_2: autoDraw = True
784.4689 	EXP 	Device response: <KeyPress from None: t=784.4644350409999, value=x, duration=None>
784.4694 	EXP 	New trial (rep=28, index=3): <Trial 115 (3 in rep 28) data={'pos': np.int64(-150), 'corr_resp': 'z', 'thisN': 115, 'thisTrialN': 3, 'thisRepN': 28}>
784.4756 	DATA 	Keypress: x
784.4810 	EXP 	Fixation_2: autoDraw = False
784.4810 	EXP 	line1_2: autoDraw = False
784.4810 	EXP 	line2_2: autoDraw = False
784.4810 	EXP 	line3_2: autoDraw = False
784.4810 	EXP 	line4_2: autoDraw = False
784.4810 	EXP 	protrianglefixation_2: autoDraw = False
784.4810 	EXP 	Fixation_2: autoDraw = True
784.5789 	EXP 	Device response: <KeyPress from None: t=784.4644350409999, value=x, duration=0.10437066699978459>
785.4682 	EXP 	line1_2: autoDraw = True
785.4682 	EXP 	line2_2: autoDraw = True
785.4682 	EXP 	line3_2: autoDraw = True
785.4682 	EXP 	line4_2: autoDraw = True
785.4776 	EXP 	Fixation_2: autoDraw = False
786.4677 	INFO 	Keyboard events cleared
786.4675 	EXP 	protrianglefixation_2: autoDraw = True
787.2856 	EXP 	Device response: <KeyPress from None: t=787.2833795829993, value=z, duration=None>
787.2861 	EXP 	New trial (rep=29, index=0): <Trial 116 (0 in rep 29) data={'pos': np.int64(-150), 'corr_resp': 'z', 'thisN': 116, 'thisTrialN': 0, 'thisRepN': 29}>
787.2922 	DATA 	Keypress: z
787.2977 	EXP 	Fixation_2: autoDraw = False
787.2977 	EXP 	line1_2: autoDraw = False
787.2977 	EXP 	line2_2: autoDraw = False
787.2977 	EXP 	line3_2: autoDraw = False
787.2977 	EXP 	line4_2: autoDraw = False
787.2977 	EXP 	protrianglefixation_2: autoDraw = False
787.2977 	EXP 	Fixation_2: autoDraw = True
787.4341 	EXP 	Device response: <KeyPress from None: t=770.2896471249996, value=z, duration=17.14205104099983>
788.2844 	EXP 	line1_2: autoDraw = True
788.2844 	EXP 	line2_2: autoDraw = True
788.2844 	EXP 	line3_2: autoDraw = True
788.2844 	EXP 	line4_2: autoDraw = True
788.2934 	EXP 	Fixation_2: autoDraw = False
789.2846 	INFO 	Keyboard events cleared
789.2844 	EXP 	protrianglefixation_2: autoDraw = True
790.8367 	EXP 	Device response: <KeyPress from None: t=790.8302297499995, value=z, duration=None>
790.8372 	EXP 	New trial (rep=29, index=1): <Trial 117 (1 in rep 29) data={'pos': np.int64(150), 'corr_resp': 'v', 'thisN': 117, 'thisTrialN': 1, 'thisRepN': 29}>
790.8432 	DATA 	Keypress: z
790.8478 	EXP 	Fixation_2: autoDraw = False
790.8478 	EXP 	line1_2: autoDraw = False
790.8478 	EXP 	line2_2: autoDraw = False
790.8478 	EXP 	line3_2: autoDraw = False
790.8478 	EXP 	line4_2: autoDraw = False
790.8478 	EXP 	protrianglefixation_2: autoDraw = False
790.8478 	EXP 	Fixation_2: autoDraw = True
790.9955 	EXP 	Device response: <KeyPress from None: t=787.2833795829993, value=z, duration=3.7071341670007314>
791.8346 	EXP 	line1_2: autoDraw = True
791.8346 	EXP 	line2_2: autoDraw = True
791.8346 	EXP 	line3_2: autoDraw = True
791.8346 	EXP 	line4_2: autoDraw = True
791.8434 	EXP 	Fixation_2: autoDraw = False
792.8351 	INFO 	Keyboard events cleared
792.8349 	EXP 	protrianglefixation_2: autoDraw = True
794.2020 	EXP 	Device response: <KeyPress from None: t=794.1941766249993, value=v, duration=None>
794.2025 	EXP 	New trial (rep=29, index=2): <Trial 118 (2 in rep 29) data={'pos': np.int64(50), 'corr_resp': 'c', 'thisN': 118, 'thisTrialN': 2, 'thisRepN': 29}>
794.2087 	DATA 	Keypress: v
794.2143 	EXP 	Fixation_2: autoDraw = False
794.2143 	EXP 	line1_2: autoDraw = False
794.2143 	EXP 	line2_2: autoDraw = False
794.2143 	EXP 	line3_2: autoDraw = False
794.2143 	EXP 	line4_2: autoDraw = False
794.2143 	EXP 	protrianglefixation_2: autoDraw = False
794.2143 	EXP 	Fixation_2: autoDraw = True
794.2965 	EXP 	Device response: <KeyPress from None: t=794.1941766249993, value=v, duration=0.09625154100012878>
795.2019 	EXP 	line1_2: autoDraw = True
795.2019 	EXP 	line2_2: autoDraw = True
795.2019 	EXP 	line3_2: autoDraw = True
795.2019 	EXP 	line4_2: autoDraw = True
795.2280 	EXP 	Fixation_2: autoDraw = False
796.2011 	INFO 	Keyboard events cleared
796.2009 	EXP 	protrianglefixation_2: autoDraw = True
797.7527 	EXP 	Device response: <KeyPress from None: t=797.7460988329995, value=c, duration=None>
797.7532 	EXP 	New trial (rep=29, index=3): <Trial 119 (3 in rep 29) data={'pos': np.int64(-50), 'corr_resp': 'x', 'thisN': 119, 'thisTrialN': 3, 'thisRepN': 29}>
797.7593 	DATA 	Keypress: c
797.7642 	EXP 	Fixation_2: autoDraw = False
797.7642 	EXP 	line1_2: autoDraw = False
797.7642 	EXP 	line2_2: autoDraw = False
797.7642 	EXP 	line3_2: autoDraw = False
797.7642 	EXP 	line4_2: autoDraw = False
797.7642 	EXP 	protrianglefixation_2: autoDraw = False
797.7642 	EXP 	Fixation_2: autoDraw = True
797.8791 	EXP 	Device response: <KeyPress from None: t=797.7460988329995, value=c, duration=0.12829304200022307>
798.7510 	EXP 	line1_2: autoDraw = True
798.7510 	EXP 	line2_2: autoDraw = True
798.7510 	EXP 	line3_2: autoDraw = True
798.7510 	EXP 	line4_2: autoDraw = True
798.7598 	EXP 	Fixation_2: autoDraw = False
799.7509 	INFO 	Keyboard events cleared
799.7508 	EXP 	protrianglefixation_2: autoDraw = True
801.4612 	EXP 	Device response: <KeyPress from None: t=801.4599674159999, value=x, duration=None>
801.4616 	EXP 	New trial (rep=30, index=0): <Trial 120 (0 in rep 30) data={'pos': np.int64(50), 'corr_resp': 'c', 'thisN': 120, 'thisTrialN': 0, 'thisRepN': 30}>
801.4679 	DATA 	Keypress: x
801.4729 	EXP 	Fixation_2: autoDraw = False
801.4729 	EXP 	line1_2: autoDraw = False
801.4729 	EXP 	line2_2: autoDraw = False
801.4729 	EXP 	line3_2: autoDraw = False
801.4729 	EXP 	line4_2: autoDraw = False
801.4729 	EXP 	protrianglefixation_2: autoDraw = False
801.4729 	EXP 	Fixation_2: autoDraw = True
801.5285 	EXP 	Device response: <KeyPress from None: t=801.4599674159999, value=x, duration=0.06436641699929169>
802.4598 	EXP 	line1_2: autoDraw = True
802.4598 	EXP 	line2_2: autoDraw = True
802.4598 	EXP 	line3_2: autoDraw = True
802.4598 	EXP 	line4_2: autoDraw = True
802.4673 	EXP 	Fixation_2: autoDraw = False
803.4601 	INFO 	Keyboard events cleared
803.4599 	EXP 	protrianglefixation_2: autoDraw = True
804.1947 	EXP 	Device response: <KeyPress from None: t=804.1858967079997, value=c, duration=None>
804.1951 	EXP 	New trial (rep=30, index=1): <Trial 121 (1 in rep 30) data={'pos': np.int64(-150), 'corr_resp': 'z', 'thisN': 121, 'thisTrialN': 1, 'thisRepN': 30}>
804.2014 	DATA 	Keypress: c
804.2065 	EXP 	Fixation_2: autoDraw = False
804.2065 	EXP 	line1_2: autoDraw = False
804.2065 	EXP 	line2_2: autoDraw = False
804.2065 	EXP 	line3_2: autoDraw = False
804.2065 	EXP 	line4_2: autoDraw = False
804.2065 	EXP 	protrianglefixation_2: autoDraw = False
804.2065 	EXP 	Fixation_2: autoDraw = True
804.3129 	EXP 	Device response: <KeyPress from None: t=804.1858967079997, value=c, duration=0.11637074999998731>
805.1933 	EXP 	line1_2: autoDraw = True
805.1933 	EXP 	line2_2: autoDraw = True
805.1933 	EXP 	line3_2: autoDraw = True
805.1933 	EXP 	line4_2: autoDraw = True
805.2007 	EXP 	Fixation_2: autoDraw = False
806.1935 	INFO 	Keyboard events cleared
806.1933 	EXP 	protrianglefixation_2: autoDraw = True
806.9778 	EXP 	Device response: <KeyPress from None: t=806.9758417909998, value=z, duration=None>
806.9783 	EXP 	New trial (rep=30, index=2): <Trial 122 (2 in rep 30) data={'pos': np.int64(-50), 'corr_resp': 'x', 'thisN': 122, 'thisTrialN': 2, 'thisRepN': 30}>
806.9847 	DATA 	Keypress: z
806.9898 	EXP 	Fixation_2: autoDraw = False
806.9898 	EXP 	line1_2: autoDraw = False
806.9898 	EXP 	line2_2: autoDraw = False
806.9898 	EXP 	line3_2: autoDraw = False
806.9898 	EXP 	line4_2: autoDraw = False
806.9898 	EXP 	protrianglefixation_2: autoDraw = False
806.9898 	EXP 	Fixation_2: autoDraw = True
807.0855 	EXP 	Device response: <KeyPress from None: t=790.8302297499995, value=z, duration=16.254078333000507>
807.9766 	EXP 	line1_2: autoDraw = True
807.9766 	EXP 	line2_2: autoDraw = True
807.9766 	EXP 	line3_2: autoDraw = True
807.9766 	EXP 	line4_2: autoDraw = True
807.9840 	EXP 	Fixation_2: autoDraw = False
808.9774 	INFO 	Keyboard events cleared
808.9773 	EXP 	protrianglefixation_2: autoDraw = True
809.9780 	EXP 	Device response: <KeyPress from None: t=809.9708546659995, value=x, duration=None>
809.9785 	EXP 	New trial (rep=30, index=3): <Trial 123 (3 in rep 30) data={'pos': np.int64(150), 'corr_resp': 'v', 'thisN': 123, 'thisTrialN': 3, 'thisRepN': 30}>
809.9852 	DATA 	Keypress: x
809.9906 	EXP 	Fixation_2: autoDraw = False
809.9906 	EXP 	line1_2: autoDraw = False
809.9906 	EXP 	line2_2: autoDraw = False
809.9906 	EXP 	line3_2: autoDraw = False
809.9906 	EXP 	line4_2: autoDraw = False
809.9906 	EXP 	protrianglefixation_2: autoDraw = False
809.9906 	EXP 	Fixation_2: autoDraw = True
810.0956 	EXP 	Device response: <KeyPress from None: t=809.9708546659995, value=x, duration=0.12028720899979817>
810.9950 	EXP 	line1_2: autoDraw = True
810.9950 	EXP 	line2_2: autoDraw = True
810.9950 	EXP 	line3_2: autoDraw = True
810.9950 	EXP 	line4_2: autoDraw = True
811.0117 	EXP 	Fixation_2: autoDraw = False
811.9769 	INFO 	Keyboard events cleared
811.9767 	EXP 	protrianglefixation_2: autoDraw = True
813.4612 	EXP 	Device response: <KeyPress from None: t=813.4596410409995, value=v, duration=None>
813.4617 	EXP 	New trial (rep=31, index=0): <Trial 124 (0 in rep 31) data={'pos': np.int64(50), 'corr_resp': 'c', 'thisN': 124, 'thisTrialN': 0, 'thisRepN': 31}>
813.4679 	DATA 	Keypress: v
813.4731 	EXP 	Fixation_2: autoDraw = False
813.4731 	EXP 	line1_2: autoDraw = False
813.4731 	EXP 	line2_2: autoDraw = False
813.4731 	EXP 	line3_2: autoDraw = False
813.4731 	EXP 	line4_2: autoDraw = False
813.4731 	EXP 	protrianglefixation_2: autoDraw = False
813.4731 	EXP 	Fixation_2: autoDraw = True
813.5518 	EXP 	Device response: <KeyPress from None: t=813.4596410409995, value=v, duration=0.088402500000484>
814.4597 	EXP 	line1_2: autoDraw = True
814.4597 	EXP 	line2_2: autoDraw = True
814.4597 	EXP 	line3_2: autoDraw = True
814.4597 	EXP 	line4_2: autoDraw = True
814.4673 	EXP 	Fixation_2: autoDraw = False
815.4600 	INFO 	Keyboard events cleared
815.4598 	EXP 	protrianglefixation_2: autoDraw = True
816.2947 	EXP 	Device response: <KeyPress from None: t=816.2926355829995, value=c, duration=None>
816.2952 	EXP 	New trial (rep=31, index=1): <Trial 125 (1 in rep 31) data={'pos': np.int64(-150), 'corr_resp': 'z', 'thisN': 125, 'thisTrialN': 1, 'thisRepN': 31}>
816.3016 	DATA 	Keypress: c
816.3068 	EXP 	Fixation_2: autoDraw = False
816.3068 	EXP 	line1_2: autoDraw = False
816.3068 	EXP 	line2_2: autoDraw = False
816.3068 	EXP 	line3_2: autoDraw = False
816.3068 	EXP 	line4_2: autoDraw = False
816.3068 	EXP 	protrianglefixation_2: autoDraw = False
816.3068 	EXP 	Fixation_2: autoDraw = True
816.3962 	EXP 	Device response: <KeyPress from None: t=816.2926355829995, value=c, duration=0.09236937500008935>
817.2931 	EXP 	line1_2: autoDraw = True
817.2931 	EXP 	line2_2: autoDraw = True
817.2931 	EXP 	line3_2: autoDraw = True
817.2931 	EXP 	line4_2: autoDraw = True
817.3006 	EXP 	Fixation_2: autoDraw = False
818.2934 	INFO 	Keyboard events cleared
818.2932 	EXP 	protrianglefixation_2: autoDraw = True
819.1690 	EXP 	Device response: <KeyPress from None: t=819.1625595829992, value=z, duration=None>
819.1695 	EXP 	New trial (rep=31, index=2): <Trial 126 (2 in rep 31) data={'pos': np.int64(-50), 'corr_resp': 'x', 'thisN': 126, 'thisTrialN': 2, 'thisRepN': 31}>
819.1755 	DATA 	Keypress: z
819.1810 	EXP 	Fixation_2: autoDraw = False
819.1810 	EXP 	line1_2: autoDraw = False
819.1810 	EXP 	line2_2: autoDraw = False
819.1810 	EXP 	line3_2: autoDraw = False
819.1810 	EXP 	line4_2: autoDraw = False
819.1810 	EXP 	protrianglefixation_2: autoDraw = False
819.1810 	EXP 	Fixation_2: autoDraw = True
819.2790 	EXP 	Device response: <KeyPress from None: t=806.9758417909998, value=z, duration=12.299065291999796>
820.1676 	EXP 	line1_2: autoDraw = True
820.1676 	EXP 	line2_2: autoDraw = True
820.1676 	EXP 	line3_2: autoDraw = True
820.1676 	EXP 	line4_2: autoDraw = True
820.1773 	EXP 	Fixation_2: autoDraw = False
821.1682 	INFO 	Keyboard events cleared
821.1680 	EXP 	protrianglefixation_2: autoDraw = True
822.2111 	EXP 	Device response: <KeyPress from None: t=822.2036168749992, value=x, duration=None>
822.2116 	EXP 	New trial (rep=31, index=3): <Trial 127 (3 in rep 31) data={'pos': np.int64(150), 'corr_resp': 'v', 'thisN': 127, 'thisTrialN': 3, 'thisRepN': 31}>
822.2180 	DATA 	Keypress: x
822.2233 	EXP 	Fixation_2: autoDraw = False
822.2233 	EXP 	line1_2: autoDraw = False
822.2233 	EXP 	line2_2: autoDraw = False
822.2233 	EXP 	line3_2: autoDraw = False
822.2233 	EXP 	line4_2: autoDraw = False
822.2233 	EXP 	protrianglefixation_2: autoDraw = False
822.2233 	EXP 	Fixation_2: autoDraw = True
822.2779 	EXP 	Device response: <KeyPress from None: t=822.2036168749992, value=x, duration=0.07219983300001331>
823.2098 	EXP 	line1_2: autoDraw = True
823.2098 	EXP 	line2_2: autoDraw = True
823.2098 	EXP 	line3_2: autoDraw = True
823.2098 	EXP 	line4_2: autoDraw = True
823.2175 	EXP 	Fixation_2: autoDraw = False
824.2100 	INFO 	Keyboard events cleared
824.2098 	EXP 	protrianglefixation_2: autoDraw = True
824.9187 	EXP 	Device response: <KeyPress from None: t=824.9134918749996, value=v, duration=None>
824.9191 	EXP 	New trial (rep=32, index=0): <Trial 128 (0 in rep 32) data={'pos': np.int64(-50), 'corr_resp': 'x', 'thisN': 128, 'thisTrialN': 0, 'thisRepN': 32}>
824.9251 	DATA 	Keypress: v
824.9304 	EXP 	Fixation_2: autoDraw = False
824.9304 	EXP 	line1_2: autoDraw = False
824.9304 	EXP 	line2_2: autoDraw = False
824.9304 	EXP 	line3_2: autoDraw = False
824.9304 	EXP 	line4_2: autoDraw = False
824.9304 	EXP 	protrianglefixation_2: autoDraw = False
824.9304 	EXP 	Fixation_2: autoDraw = True
824.9612 	EXP 	Device response: <KeyPress from None: t=824.9134918749996, value=v, duration=0.03619783300018753>
825.9181 	EXP 	line1_2: autoDraw = True
825.9181 	EXP 	line2_2: autoDraw = True
825.9181 	EXP 	line3_2: autoDraw = True
825.9181 	EXP 	line4_2: autoDraw = True
825.9276 	EXP 	Fixation_2: autoDraw = False
826.9180 	INFO 	Keyboard events cleared
826.9178 	EXP 	protrianglefixation_2: autoDraw = True
827.9349 	EXP 	Device response: <KeyPress from None: t=827.928396583, value=x, duration=None>
827.9354 	EXP 	New trial (rep=32, index=1): <Trial 129 (1 in rep 32) data={'pos': np.int64(150), 'corr_resp': 'v', 'thisN': 129, 'thisTrialN': 1, 'thisRepN': 32}>
827.9415 	DATA 	Keypress: x
827.9472 	EXP 	Fixation_2: autoDraw = False
827.9472 	EXP 	line1_2: autoDraw = False
827.9472 	EXP 	line2_2: autoDraw = False
827.9472 	EXP 	line3_2: autoDraw = False
827.9472 	EXP 	line4_2: autoDraw = False
827.9472 	EXP 	protrianglefixation_2: autoDraw = False
827.9472 	EXP 	Fixation_2: autoDraw = True
828.0794 	EXP 	Device response: <KeyPress from None: t=827.928396583, value=x, duration=0.14430629199978284>
828.9341 	EXP 	line1_2: autoDraw = True
828.9341 	EXP 	line2_2: autoDraw = True
828.9341 	EXP 	line3_2: autoDraw = True
828.9341 	EXP 	line4_2: autoDraw = True
828.9433 	EXP 	Fixation_2: autoDraw = False
829.9449 	INFO 	Keyboard events cleared
829.9447 	EXP 	protrianglefixation_2: autoDraw = True
830.8847 	EXP 	Device response: <KeyPress from None: t=830.8833775409994, value=v, duration=None>
830.8851 	EXP 	New trial (rep=32, index=2): <Trial 130 (2 in rep 32) data={'pos': np.int64(50), 'corr_resp': 'c', 'thisN': 130, 'thisTrialN': 2, 'thisRepN': 32}>
830.8912 	DATA 	Keypress: v
830.8973 	EXP 	Fixation_2: autoDraw = False
830.8973 	EXP 	line1_2: autoDraw = False
830.8973 	EXP 	line2_2: autoDraw = False
830.8973 	EXP 	line3_2: autoDraw = False
830.8973 	EXP 	line4_2: autoDraw = False
830.8973 	EXP 	protrianglefixation_2: autoDraw = False
830.8973 	EXP 	Fixation_2: autoDraw = True
830.9615 	EXP 	Device response: <KeyPress from None: t=830.8833775409994, value=v, duration=0.07620491699981358>
831.8764 	EXP 	line1_2: autoDraw = True
831.8764 	EXP 	line2_2: autoDraw = True
831.8764 	EXP 	line3_2: autoDraw = True
831.8764 	EXP 	line4_2: autoDraw = True
831.8932 	EXP 	Fixation_2: autoDraw = False
832.8766 	INFO 	Keyboard events cleared
832.8764 	EXP 	protrianglefixation_2: autoDraw = True
833.7953 	EXP 	Device response: <KeyPress from None: t=833.7871517079993, value=c, duration=None>
833.7959 	EXP 	New trial (rep=32, index=3): <Trial 131 (3 in rep 32) data={'pos': np.int64(-150), 'corr_resp': 'z', 'thisN': 131, 'thisTrialN': 3, 'thisRepN': 32}>
833.8024 	DATA 	Keypress: c
833.8076 	EXP 	Fixation_2: autoDraw = False
833.8076 	EXP 	line1_2: autoDraw = False
833.8076 	EXP 	line2_2: autoDraw = False
833.8076 	EXP 	line3_2: autoDraw = False
833.8076 	EXP 	line4_2: autoDraw = False
833.8076 	EXP 	protrianglefixation_2: autoDraw = False
833.8076 	EXP 	Fixation_2: autoDraw = True
833.9132 	EXP 	Device response: <KeyPress from None: t=833.7871517079993, value=c, duration=0.12048762500035082>
834.7932 	EXP 	line1_2: autoDraw = True
834.7932 	EXP 	line2_2: autoDraw = True
834.7932 	EXP 	line3_2: autoDraw = True
834.7932 	EXP 	line4_2: autoDraw = True
834.8007 	EXP 	Fixation_2: autoDraw = False
835.7932 	INFO 	Keyboard events cleared
835.7931 	EXP 	protrianglefixation_2: autoDraw = True
836.6691 	EXP 	Device response: <KeyPress from None: t=836.6621981659991, value=z, duration=None>
836.6695 	EXP 	New trial (rep=33, index=0): <Trial 132 (0 in rep 33) data={'pos': np.int64(-150), 'corr_resp': 'z', 'thisN': 132, 'thisTrialN': 0, 'thisRepN': 33}>
836.6755 	DATA 	Keypress: z
836.6809 	EXP 	Fixation_2: autoDraw = False
836.6809 	EXP 	line1_2: autoDraw = False
836.6809 	EXP 	line2_2: autoDraw = False
836.6809 	EXP 	line3_2: autoDraw = False
836.6809 	EXP 	line4_2: autoDraw = False
836.6809 	EXP 	protrianglefixation_2: autoDraw = False
836.6809 	EXP 	Fixation_2: autoDraw = True
836.8186 	EXP 	Device response: <KeyPress from None: t=819.1625595829992, value=z, duration=17.64785770800063>
837.6682 	EXP 	line1_2: autoDraw = True
837.6682 	EXP 	line2_2: autoDraw = True
837.6682 	EXP 	line3_2: autoDraw = True
837.6682 	EXP 	line4_2: autoDraw = True
837.6765 	EXP 	Fixation_2: autoDraw = False
838.6683 	INFO 	Keyboard events cleared
838.6681 	EXP 	protrianglefixation_2: autoDraw = True
839.4111 	EXP 	Device response: <KeyPress from None: t=839.4021132499993, value=z, duration=None>
839.4116 	EXP 	New trial (rep=33, index=1): <Trial 133 (1 in rep 33) data={'pos': np.int64(-50), 'corr_resp': 'x', 'thisN': 133, 'thisTrialN': 1, 'thisRepN': 33}>
839.4184 	DATA 	Keypress: z
839.4237 	EXP 	Fixation_2: autoDraw = False
839.4237 	EXP 	line1_2: autoDraw = False
839.4237 	EXP 	line2_2: autoDraw = False
839.4237 	EXP 	line3_2: autoDraw = False
839.4237 	EXP 	line4_2: autoDraw = False
839.4237 	EXP 	protrianglefixation_2: autoDraw = False
839.4237 	EXP 	Fixation_2: autoDraw = True
839.5461 	EXP 	Device response: <KeyPress from None: t=836.6621981659991, value=z, duration=2.8762417500001902>
840.4097 	EXP 	line1_2: autoDraw = True
840.4097 	EXP 	line2_2: autoDraw = True
840.4097 	EXP 	line3_2: autoDraw = True
840.4097 	EXP 	line4_2: autoDraw = True
840.4176 	EXP 	Fixation_2: autoDraw = False
841.4100 	INFO 	Keyboard events cleared
841.4098 	EXP 	protrianglefixation_2: autoDraw = True
842.0945 	EXP 	Device response: <KeyPress from None: t=842.0870972499997, value=x, duration=None>
842.0949 	EXP 	New trial (rep=33, index=2): <Trial 134 (2 in rep 33) data={'pos': np.int64(150), 'corr_resp': 'v', 'thisN': 134, 'thisTrialN': 2, 'thisRepN': 33}>
842.1014 	DATA 	Keypress: x
842.1066 	EXP 	Fixation_2: autoDraw = False
842.1066 	EXP 	line1_2: autoDraw = False
842.1066 	EXP 	line2_2: autoDraw = False
842.1066 	EXP 	line3_2: autoDraw = False
842.1066 	EXP 	line4_2: autoDraw = False
842.1066 	EXP 	protrianglefixation_2: autoDraw = False
842.1066 	EXP 	Fixation_2: autoDraw = True
842.2118 	EXP 	Device response: <KeyPress from None: t=842.0870972499997, value=x, duration=0.1162754999995741>
843.0932 	EXP 	line1_2: autoDraw = True
843.0932 	EXP 	line2_2: autoDraw = True
843.0932 	EXP 	line3_2: autoDraw = True
843.0932 	EXP 	line4_2: autoDraw = True
843.1009 	EXP 	Fixation_2: autoDraw = False
844.0932 	INFO 	Keyboard events cleared
844.0930 	EXP 	protrianglefixation_2: autoDraw = True
844.8682 	EXP 	Device response: <KeyPress from None: t=844.8609609999994, value=v, duration=None>
844.8686 	EXP 	New trial (rep=33, index=3): <Trial 135 (3 in rep 33) data={'pos': np.int64(50), 'corr_resp': 'c', 'thisN': 135, 'thisTrialN': 3, 'thisRepN': 33}>
844.8744 	DATA 	Keypress: v
844.8803 	EXP 	Fixation_2: autoDraw = False
844.8803 	EXP 	line1_2: autoDraw = False
844.8803 	EXP 	line2_2: autoDraw = False
844.8803 	EXP 	line3_2: autoDraw = False
844.8803 	EXP 	line4_2: autoDraw = False
844.8803 	EXP 	protrianglefixation_2: autoDraw = False
844.8803 	EXP 	Fixation_2: autoDraw = True
844.9612 	EXP 	Device response: <KeyPress from None: t=844.8609609999994, value=v, duration=0.09636066599978221>
845.8676 	EXP 	line1_2: autoDraw = True
845.8676 	EXP 	line2_2: autoDraw = True
845.8676 	EXP 	line3_2: autoDraw = True
845.8676 	EXP 	line4_2: autoDraw = True
845.8766 	EXP 	Fixation_2: autoDraw = False
846.8677 	INFO 	Keyboard events cleared
846.8675 	EXP 	protrianglefixation_2: autoDraw = True
847.5185 	EXP 	Device response: <KeyPress from None: t=847.5168636659992, value=c, duration=None>
847.5189 	EXP 	New trial (rep=34, index=0): <Trial 136 (0 in rep 34) data={'pos': np.int64(150), 'corr_resp': 'v', 'thisN': 136, 'thisTrialN': 0, 'thisRepN': 34}>
847.5245 	DATA 	Keypress: c
847.5304 	EXP 	Fixation_2: autoDraw = False
847.5304 	EXP 	line1_2: autoDraw = False
847.5304 	EXP 	line2_2: autoDraw = False
847.5304 	EXP 	line3_2: autoDraw = False
847.5304 	EXP 	line4_2: autoDraw = False
847.5304 	EXP 	protrianglefixation_2: autoDraw = False
847.5304 	EXP 	Fixation_2: autoDraw = True
847.6115 	EXP 	Device response: <KeyPress from None: t=847.5168636659992, value=c, duration=0.09236141700057487>
848.5184 	EXP 	line1_2: autoDraw = True
848.5184 	EXP 	line2_2: autoDraw = True
848.5184 	EXP 	line3_2: autoDraw = True
848.5184 	EXP 	line4_2: autoDraw = True
848.5266 	EXP 	Fixation_2: autoDraw = False
849.5099 	INFO 	Keyboard events cleared
849.5097 	EXP 	protrianglefixation_2: autoDraw = True
850.2778 	EXP 	Device response: <KeyPress from None: t=850.2677966659994, value=v, duration=None>
850.2783 	EXP 	New trial (rep=34, index=1): <Trial 137 (1 in rep 34) data={'pos': np.int64(50), 'corr_resp': 'c', 'thisN': 137, 'thisTrialN': 1, 'thisRepN': 34}>
850.2841 	DATA 	Keypress: v
850.2890 	EXP 	Fixation_2: autoDraw = False
850.2890 	EXP 	line1_2: autoDraw = False
850.2890 	EXP 	line2_2: autoDraw = False
850.2890 	EXP 	line3_2: autoDraw = False
850.2890 	EXP 	line4_2: autoDraw = False
850.2890 	EXP 	protrianglefixation_2: autoDraw = False
850.2890 	EXP 	Fixation_2: autoDraw = True
850.3445 	EXP 	Device response: <KeyPress from None: t=850.2677966659994, value=v, duration=0.07232670899975346>
851.2768 	EXP 	line1_2: autoDraw = True
851.2768 	EXP 	line2_2: autoDraw = True
851.2768 	EXP 	line3_2: autoDraw = True
851.2768 	EXP 	line4_2: autoDraw = True
851.2838 	EXP 	Fixation_2: autoDraw = False
852.2769 	INFO 	Keyboard events cleared
852.2767 	EXP 	protrianglefixation_2: autoDraw = True
852.9613 	EXP 	Device response: <KeyPress from None: t=852.9528630409995, value=c, duration=None>
852.9617 	EXP 	New trial (rep=34, index=2): <Trial 138 (2 in rep 34) data={'pos': np.int64(-150), 'corr_resp': 'z', 'thisN': 138, 'thisTrialN': 2, 'thisRepN': 34}>
852.9676 	DATA 	Keypress: c
852.9726 	EXP 	Fixation_2: autoDraw = False
852.9726 	EXP 	line1_2: autoDraw = False
852.9726 	EXP 	line2_2: autoDraw = False
852.9726 	EXP 	line3_2: autoDraw = False
852.9726 	EXP 	line4_2: autoDraw = False
852.9726 	EXP 	protrianglefixation_2: autoDraw = False
852.9726 	EXP 	Fixation_2: autoDraw = True
853.0786 	EXP 	Device response: <KeyPress from None: t=852.9528630409995, value=c, duration=0.12027129200032505>
853.9507 	EXP 	line1_2: autoDraw = True
853.9507 	EXP 	line2_2: autoDraw = True
853.9507 	EXP 	line3_2: autoDraw = True
853.9507 	EXP 	line4_2: autoDraw = True
853.9671 	EXP 	Fixation_2: autoDraw = False
854.9601 	INFO 	Keyboard events cleared
854.9599 	EXP 	protrianglefixation_2: autoDraw = True
855.7277 	EXP 	Device response: <KeyPress from None: t=855.7187696659994, value=z, duration=None>
855.7282 	EXP 	New trial (rep=34, index=3): <Trial 139 (3 in rep 34) data={'pos': np.int64(-50), 'corr_resp': 'x', 'thisN': 139, 'thisTrialN': 3, 'thisRepN': 34}>
855.7344 	DATA 	Keypress: z
855.7396 	EXP 	Fixation_2: autoDraw = False
855.7396 	EXP 	line1_2: autoDraw = False
855.7396 	EXP 	line2_2: autoDraw = False
855.7396 	EXP 	line3_2: autoDraw = False
855.7396 	EXP 	line4_2: autoDraw = False
855.7396 	EXP 	protrianglefixation_2: autoDraw = False
855.7396 	EXP 	Fixation_2: autoDraw = True
855.8348 	EXP 	Device response: <KeyPress from None: t=839.4021132499993, value=z, duration=16.428945250000652>
856.7182 	EXP 	line1_2: autoDraw = True
856.7182 	EXP 	line2_2: autoDraw = True
856.7182 	EXP 	line3_2: autoDraw = True
856.7182 	EXP 	line4_2: autoDraw = True
856.7340 	EXP 	Fixation_2: autoDraw = False
857.7266 	INFO 	Keyboard events cleared
857.7264 	EXP 	protrianglefixation_2: autoDraw = True
858.6186 	EXP 	Device response: <KeyPress from None: t=858.6137048329992, value=x, duration=None>
858.6191 	EXP 	New trial (rep=35, index=0): <Trial 140 (0 in rep 35) data={'pos': np.int64(-50), 'corr_resp': 'x', 'thisN': 140, 'thisTrialN': 0, 'thisRepN': 35}>
858.6252 	DATA 	Keypress: x
858.6307 	EXP 	Fixation_2: autoDraw = False
858.6307 	EXP 	line1_2: autoDraw = False
858.6307 	EXP 	line2_2: autoDraw = False
858.6307 	EXP 	line3_2: autoDraw = False
858.6307 	EXP 	line4_2: autoDraw = False
858.6307 	EXP 	protrianglefixation_2: autoDraw = False
858.6307 	EXP 	Fixation_2: autoDraw = True
858.7631 	EXP 	Device response: <KeyPress from None: t=858.6137048329992, value=x, duration=0.14426566700058174>
859.6181 	EXP 	line1_2: autoDraw = True
859.6181 	EXP 	line2_2: autoDraw = True
859.6181 	EXP 	line3_2: autoDraw = True
859.6181 	EXP 	line4_2: autoDraw = True
859.6267 	EXP 	Fixation_2: autoDraw = False
860.6098 	INFO 	Keyboard events cleared
860.6097 	EXP 	protrianglefixation_2: autoDraw = True
861.2523 	EXP 	Device response: <KeyPress from None: t=861.2466345409994, value=x, duration=None>
861.2528 	EXP 	New trial (rep=35, index=1): <Trial 141 (1 in rep 35) data={'pos': np.int64(150), 'corr_resp': 'v', 'thisN': 141, 'thisTrialN': 1, 'thisRepN': 35}>
861.2588 	DATA 	Keypress: x
861.2640 	EXP 	Fixation_2: autoDraw = False
861.2640 	EXP 	line1_2: autoDraw = False
861.2640 	EXP 	line2_2: autoDraw = False
861.2640 	EXP 	line3_2: autoDraw = False
861.2640 	EXP 	line4_2: autoDraw = False
861.2640 	EXP 	protrianglefixation_2: autoDraw = False
861.2640 	EXP 	Fixation_2: autoDraw = True
861.3516 	EXP 	Device response: <KeyPress from None: t=861.2466345409994, value=x, duration=0.10036379200028023>
862.2520 	EXP 	line1_2: autoDraw = True
862.2520 	EXP 	line2_2: autoDraw = True
862.2520 	EXP 	line3_2: autoDraw = True
862.2520 	EXP 	line4_2: autoDraw = True
862.2779 	EXP 	Fixation_2: autoDraw = False
863.2516 	INFO 	Keyboard events cleared
863.2515 	EXP 	protrianglefixation_2: autoDraw = True
864.0019 	EXP 	Device response: <KeyPress from None: t=863.9955356249993, value=v, duration=None>
864.0023 	EXP 	New trial (rep=35, index=2): <Trial 142 (2 in rep 35) data={'pos': np.int64(-150), 'corr_resp': 'z', 'thisN': 142, 'thisTrialN': 2, 'thisRepN': 35}>
864.0081 	DATA 	Keypress: v
864.0135 	EXP 	Fixation_2: autoDraw = False
864.0135 	EXP 	line1_2: autoDraw = False
864.0135 	EXP 	line2_2: autoDraw = False
864.0135 	EXP 	line3_2: autoDraw = False
864.0135 	EXP 	line4_2: autoDraw = False
864.0135 	EXP 	protrianglefixation_2: autoDraw = False
864.0135 	EXP 	Fixation_2: autoDraw = True
864.0950 	EXP 	Device response: <KeyPress from None: t=863.9955356249993, value=v, duration=0.08830550000038784>
865.0007 	EXP 	line1_2: autoDraw = True
865.0007 	EXP 	line2_2: autoDraw = True
865.0007 	EXP 	line3_2: autoDraw = True
865.0007 	EXP 	line4_2: autoDraw = True
865.0098 	EXP 	Fixation_2: autoDraw = False
866.0018 	INFO 	Keyboard events cleared
866.0016 	EXP 	protrianglefixation_2: autoDraw = True
866.8277 	EXP 	Device response: <KeyPress from None: t=866.8224158749999, value=z, duration=None>
866.8282 	EXP 	New trial (rep=35, index=3): <Trial 143 (3 in rep 35) data={'pos': np.int64(50), 'corr_resp': 'c', 'thisN': 143, 'thisTrialN': 3, 'thisRepN': 35}>
866.8341 	DATA 	Keypress: z
866.8391 	EXP 	Fixation_2: autoDraw = False
866.8391 	EXP 	line1_2: autoDraw = False
866.8391 	EXP 	line2_2: autoDraw = False
866.8391 	EXP 	line3_2: autoDraw = False
866.8391 	EXP 	line4_2: autoDraw = False
866.8391 	EXP 	protrianglefixation_2: autoDraw = False
866.8391 	EXP 	Fixation_2: autoDraw = True
866.9623 	EXP 	Device response: <KeyPress from None: t=855.7187696659994, value=z, duration=11.236063166999884>
867.8265 	EXP 	line1_2: autoDraw = True
867.8265 	EXP 	line2_2: autoDraw = True
867.8265 	EXP 	line3_2: autoDraw = True
867.8265 	EXP 	line4_2: autoDraw = True
867.8342 	EXP 	Fixation_2: autoDraw = False
868.8266 	INFO 	Keyboard events cleared
868.8264 	EXP 	protrianglefixation_2: autoDraw = True
870.3111 	EXP 	Device response: <KeyPress from None: t=870.3023957079995, value=c, duration=None>
870.3116 	EXP 	New trial (rep=36, index=0): <Trial 144 (0 in rep 36) data={'pos': np.int64(150), 'corr_resp': 'v', 'thisN': 144, 'thisTrialN': 0, 'thisRepN': 36}>
870.3177 	DATA 	Keypress: c
870.3228 	EXP 	Fixation_2: autoDraw = False
870.3228 	EXP 	line1_2: autoDraw = False
870.3228 	EXP 	line2_2: autoDraw = False
870.3228 	EXP 	line3_2: autoDraw = False
870.3228 	EXP 	line4_2: autoDraw = False
870.3228 	EXP 	protrianglefixation_2: autoDraw = False
870.3228 	EXP 	Fixation_2: autoDraw = True
870.3953 	EXP 	Device response: <KeyPress from None: t=870.3023957079995, value=c, duration=0.08435112500046671>
871.3097 	EXP 	line1_2: autoDraw = True
871.3097 	EXP 	line2_2: autoDraw = True
871.3097 	EXP 	line3_2: autoDraw = True
871.3097 	EXP 	line4_2: autoDraw = True
871.3171 	EXP 	Fixation_2: autoDraw = False
872.3098 	INFO 	Keyboard events cleared
872.3096 	EXP 	protrianglefixation_2: autoDraw = True
873.1848 	EXP 	Device response: <KeyPress from None: t=873.1823119159999, value=v, duration=None>
873.1853 	EXP 	New trial (rep=36, index=1): <Trial 145 (1 in rep 36) data={'pos': np.int64(-150), 'corr_resp': 'z', 'thisN': 145, 'thisTrialN': 1, 'thisRepN': 36}>
873.1912 	DATA 	Keypress: v
873.1970 	EXP 	Fixation_2: autoDraw = False
873.1970 	EXP 	line1_2: autoDraw = False
873.1970 	EXP 	line2_2: autoDraw = False
873.1970 	EXP 	line3_2: autoDraw = False
873.1970 	EXP 	line4_2: autoDraw = False
873.1970 	EXP 	protrianglefixation_2: autoDraw = False
873.1970 	EXP 	Fixation_2: autoDraw = True
873.2612 	EXP 	Device response: <KeyPress from None: t=873.1823119159999, value=v, duration=0.06823958399945695>
874.1842 	EXP 	line1_2: autoDraw = True
874.1842 	EXP 	line2_2: autoDraw = True
874.1842 	EXP 	line3_2: autoDraw = True
874.1842 	EXP 	line4_2: autoDraw = True
874.1931 	EXP 	Fixation_2: autoDraw = False
875.1859 	INFO 	Keyboard events cleared
875.1857 	EXP 	protrianglefixation_2: autoDraw = True
875.9280 	EXP 	Device response: <KeyPress from None: t=875.924333166, value=z, duration=None>
875.9285 	EXP 	New trial (rep=36, index=2): <Trial 146 (2 in rep 36) data={'pos': np.int64(-50), 'corr_resp': 'x', 'thisN': 146, 'thisTrialN': 2, 'thisRepN': 36}>
875.9347 	DATA 	Keypress: z
875.9398 	EXP 	Fixation_2: autoDraw = False
875.9398 	EXP 	line1_2: autoDraw = False
875.9398 	EXP 	line2_2: autoDraw = False
875.9398 	EXP 	line3_2: autoDraw = False
875.9398 	EXP 	line4_2: autoDraw = False
875.9398 	EXP 	protrianglefixation_2: autoDraw = False
875.9398 	EXP 	Fixation_2: autoDraw = True
876.0186 	EXP 	Device response: <KeyPress from None: t=866.8224158749999, value=z, duration=9.194141540999226>
876.9263 	EXP 	line1_2: autoDraw = True
876.9263 	EXP 	line2_2: autoDraw = True
876.9263 	EXP 	line3_2: autoDraw = True
876.9263 	EXP 	line4_2: autoDraw = True
876.9338 	EXP 	Fixation_2: autoDraw = False
877.9265 	INFO 	Keyboard events cleared
877.9263 	EXP 	protrianglefixation_2: autoDraw = True
878.6113 	EXP 	Device response: <KeyPress from None: t=878.6062570409995, value=x, duration=None>
878.6119 	EXP 	New trial (rep=36, index=3): <Trial 147 (3 in rep 36) data={'pos': np.int64(50), 'corr_resp': 'c', 'thisN': 147, 'thisTrialN': 3, 'thisRepN': 36}>
878.6182 	DATA 	Keypress: x
878.6234 	EXP 	Fixation_2: autoDraw = False
878.6234 	EXP 	line1_2: autoDraw = False
878.6234 	EXP 	line2_2: autoDraw = False
878.6234 	EXP 	line3_2: autoDraw = False
878.6234 	EXP 	line4_2: autoDraw = False
878.6234 	EXP 	protrianglefixation_2: autoDraw = False
878.6234 	EXP 	Fixation_2: autoDraw = True
878.7116 	EXP 	Device response: <KeyPress from None: t=878.6062570409995, value=x, duration=0.09626666700023634>
879.6096 	EXP 	line1_2: autoDraw = True
879.6096 	EXP 	line2_2: autoDraw = True
879.6096 	EXP 	line3_2: autoDraw = True
879.6096 	EXP 	line4_2: autoDraw = True
879.6176 	EXP 	Fixation_2: autoDraw = False
880.6099 	INFO 	Keyboard events cleared
880.6097 	EXP 	protrianglefixation_2: autoDraw = True
881.2683 	EXP 	Device response: <KeyPress from None: t=881.2600297909994, value=c, duration=None>
881.2687 	EXP 	New trial (rep=37, index=0): <Trial 148 (0 in rep 37) data={'pos': np.int64(50), 'corr_resp': 'c', 'thisN': 148, 'thisTrialN': 0, 'thisRepN': 37}>
881.2745 	DATA 	Keypress: c
881.2800 	EXP 	Fixation_2: autoDraw = False
881.2800 	EXP 	line1_2: autoDraw = False
881.2800 	EXP 	line2_2: autoDraw = False
881.2800 	EXP 	line3_2: autoDraw = False
881.2800 	EXP 	line4_2: autoDraw = False
881.2800 	EXP 	protrianglefixation_2: autoDraw = False
881.2800 	EXP 	Fixation_2: autoDraw = True
881.3780 	EXP 	Device response: <KeyPress from None: t=881.2600297909994, value=c, duration=0.1084412500003964>
882.2596 	EXP 	line1_2: autoDraw = True
882.2596 	EXP 	line2_2: autoDraw = True
882.2596 	EXP 	line3_2: autoDraw = True
882.2596 	EXP 	line4_2: autoDraw = True
882.2765 	EXP 	Fixation_2: autoDraw = False
883.2687 	INFO 	Keyboard events cleared
883.2685 	EXP 	protrianglefixation_2: autoDraw = True
883.9023 	EXP 	Device response: <KeyPress from None: t=883.8960974579995, value=c, duration=None>
883.9029 	EXP 	New trial (rep=37, index=1): <Trial 149 (1 in rep 37) data={'pos': np.int64(-150), 'corr_resp': 'z', 'thisN': 149, 'thisTrialN': 1, 'thisRepN': 37}>
883.9092 	DATA 	Keypress: c
883.9142 	EXP 	Fixation_2: autoDraw = False
883.9142 	EXP 	line1_2: autoDraw = False
883.9142 	EXP 	line2_2: autoDraw = False
883.9142 	EXP 	line3_2: autoDraw = False
883.9142 	EXP 	line4_2: autoDraw = False
883.9142 	EXP 	protrianglefixation_2: autoDraw = False
883.9142 	EXP 	Fixation_2: autoDraw = True
883.9290 	EXP 	Device response: <KeyPress from None: t=883.8960974579995, value=c, duration=0.028260625000257278>
884.9010 	EXP 	line1_2: autoDraw = True
884.9010 	EXP 	line2_2: autoDraw = True
884.9010 	EXP 	line3_2: autoDraw = True
884.9010 	EXP 	line4_2: autoDraw = True
884.9101 	EXP 	Fixation_2: autoDraw = False
885.9015 	INFO 	Keyboard events cleared
885.9014 	EXP 	protrianglefixation_2: autoDraw = True
886.5610 	EXP 	Device response: <KeyPress from None: t=886.5569106659996, value=z, duration=None>
886.5615 	EXP 	New trial (rep=37, index=2): <Trial 150 (2 in rep 37) data={'pos': np.int64(150), 'corr_resp': 'v', 'thisN': 150, 'thisTrialN': 2, 'thisRepN': 37}>
886.5676 	DATA 	Keypress: z
886.5728 	EXP 	Fixation_2: autoDraw = False
886.5728 	EXP 	line1_2: autoDraw = False
886.5728 	EXP 	line2_2: autoDraw = False
886.5728 	EXP 	line3_2: autoDraw = False
886.5728 	EXP 	line4_2: autoDraw = False
886.5728 	EXP 	protrianglefixation_2: autoDraw = False
886.5728 	EXP 	Fixation_2: autoDraw = True
886.6782 	EXP 	Device response: <KeyPress from None: t=875.924333166, value=z, duration=10.7490749589997>
887.5597 	EXP 	line1_2: autoDraw = True
887.5597 	EXP 	line2_2: autoDraw = True
887.5597 	EXP 	line3_2: autoDraw = True
887.5597 	EXP 	line4_2: autoDraw = True
887.5671 	EXP 	Fixation_2: autoDraw = False
888.5599 	INFO 	Keyboard events cleared
888.5597 	EXP 	protrianglefixation_2: autoDraw = True
889.3277 	EXP 	Device response: <KeyPress from None: t=889.3229071659998, value=v, duration=None>
889.3281 	EXP 	New trial (rep=37, index=3): <Trial 151 (3 in rep 37) data={'pos': np.int64(-50), 'corr_resp': 'x', 'thisN': 151, 'thisTrialN': 3, 'thisRepN': 37}>
889.3344 	DATA 	Keypress: v
889.3397 	EXP 	Fixation_2: autoDraw = False
889.3397 	EXP 	line1_2: autoDraw = False
889.3397 	EXP 	line2_2: autoDraw = False
889.3397 	EXP 	line3_2: autoDraw = False
889.3397 	EXP 	line4_2: autoDraw = False
889.3397 	EXP 	protrianglefixation_2: autoDraw = False
889.3397 	EXP 	Fixation_2: autoDraw = True
889.4175 	EXP 	Device response: <KeyPress from None: t=889.3229071659998, value=v, duration=0.08828283399998327>
890.3270 	EXP 	line1_2: autoDraw = True
890.3270 	EXP 	line2_2: autoDraw = True
890.3270 	EXP 	line3_2: autoDraw = True
890.3270 	EXP 	line4_2: autoDraw = True
890.3344 	EXP 	Fixation_2: autoDraw = False
891.3449 	INFO 	Keyboard events cleared
891.3448 	EXP 	protrianglefixation_2: autoDraw = True
892.0793 	EXP 	Device response: <KeyPress from None: t=892.0548123749995, value=x, duration=None>
892.0802 	EXP 	New trial (rep=38, index=0): <Trial 152 (0 in rep 38) data={'pos': np.int64(50), 'corr_resp': 'c', 'thisN': 152, 'thisTrialN': 0, 'thisRepN': 38}>
892.0860 	DATA 	Keypress: x
892.0931 	EXP 	Fixation_2: autoDraw = False
892.0931 	EXP 	line1_2: autoDraw = False
892.0931 	EXP 	line2_2: autoDraw = False
892.0931 	EXP 	line3_2: autoDraw = False
892.0931 	EXP 	line4_2: autoDraw = False
892.0931 	EXP 	protrianglefixation_2: autoDraw = False
892.0931 	EXP 	Fixation_2: autoDraw = True
892.1508 	EXP 	Device response: <KeyPress from None: t=892.0548123749995, value=x, duration=0.08837983299963525>
893.0765 	EXP 	line1_2: autoDraw = True
893.0765 	EXP 	line2_2: autoDraw = True
893.0765 	EXP 	line3_2: autoDraw = True
893.0765 	EXP 	line4_2: autoDraw = True
893.0839 	EXP 	Fixation_2: autoDraw = False
894.0765 	INFO 	Keyboard events cleared
894.0763 	EXP 	protrianglefixation_2: autoDraw = True
894.7351 	EXP 	Device response: <KeyPress from None: t=894.73385925, value=c, duration=None>
894.7357 	EXP 	New trial (rep=38, index=1): <Trial 153 (1 in rep 38) data={'pos': np.int64(150), 'corr_resp': 'v', 'thisN': 153, 'thisTrialN': 1, 'thisRepN': 38}>
894.7406 	DATA 	Keypress: c
894.7468 	EXP 	Fixation_2: autoDraw = False
894.7468 	EXP 	line1_2: autoDraw = False
894.7468 	EXP 	line2_2: autoDraw = False
894.7468 	EXP 	line3_2: autoDraw = False
894.7468 	EXP 	line4_2: autoDraw = False
894.7468 	EXP 	protrianglefixation_2: autoDraw = False
894.7468 	EXP 	Fixation_2: autoDraw = True
894.8357 	EXP 	Device response: <KeyPress from None: t=894.73385925, value=c, duration=0.09623199999987264>
895.7349 	EXP 	line1_2: autoDraw = True
895.7349 	EXP 	line2_2: autoDraw = True
895.7349 	EXP 	line3_2: autoDraw = True
895.7349 	EXP 	line4_2: autoDraw = True
895.7430 	EXP 	Fixation_2: autoDraw = False
896.7347 	INFO 	Keyboard events cleared
896.7346 	EXP 	protrianglefixation_2: autoDraw = True
897.4520 	EXP 	Device response: <KeyPress from None: t=897.4457590829998, value=v, duration=None>
897.4524 	EXP 	New trial (rep=38, index=2): <Trial 154 (2 in rep 38) data={'pos': np.int64(-50), 'corr_resp': 'x', 'thisN': 154, 'thisTrialN': 2, 'thisRepN': 38}>
897.4584 	DATA 	Keypress: v
897.4637 	EXP 	Fixation_2: autoDraw = False
897.4637 	EXP 	line1_2: autoDraw = False
897.4637 	EXP 	line2_2: autoDraw = False
897.4637 	EXP 	line3_2: autoDraw = False
897.4637 	EXP 	line4_2: autoDraw = False
897.4637 	EXP 	protrianglefixation_2: autoDraw = False
897.4637 	EXP 	Fixation_2: autoDraw = True
897.5277 	EXP 	Device response: <KeyPress from None: t=897.4457590829998, value=v, duration=0.07631104200027039>
898.4510 	EXP 	line1_2: autoDraw = True
898.4510 	EXP 	line2_2: autoDraw = True
898.4510 	EXP 	line3_2: autoDraw = True
898.4510 	EXP 	line4_2: autoDraw = True
898.4599 	EXP 	Fixation_2: autoDraw = False
899.4430 	INFO 	Keyboard events cleared
899.4429 	EXP 	protrianglefixation_2: autoDraw = True
900.2519 	EXP 	Device response: <KeyPress from None: t=900.2448659579995, value=x, duration=None>
900.2524 	EXP 	New trial (rep=38, index=3): <Trial 155 (3 in rep 38) data={'pos': np.int64(-150), 'corr_resp': 'z', 'thisN': 155, 'thisTrialN': 3, 'thisRepN': 38}>
900.2572 	DATA 	Keypress: x
900.2635 	EXP 	Fixation_2: autoDraw = False
900.2635 	EXP 	line1_2: autoDraw = False
900.2635 	EXP 	line2_2: autoDraw = False
900.2635 	EXP 	line3_2: autoDraw = False
900.2635 	EXP 	line4_2: autoDraw = False
900.2635 	EXP 	protrianglefixation_2: autoDraw = False
900.2635 	EXP 	Fixation_2: autoDraw = True
900.3514 	EXP 	Device response: <KeyPress from None: t=900.2448659579995, value=x, duration=0.10414574999958859>
901.2516 	EXP 	line1_2: autoDraw = True
901.2516 	EXP 	line2_2: autoDraw = True
901.2516 	EXP 	line3_2: autoDraw = True
901.2516 	EXP 	line4_2: autoDraw = True
901.2597 	EXP 	Fixation_2: autoDraw = False
902.2511 	INFO 	Keyboard events cleared
902.2509 	EXP 	protrianglefixation_2: autoDraw = True
903.0114 	EXP 	Device response: <KeyPress from None: t=903.005581208, value=z, duration=None>
903.0121 	EXP 	New trial (rep=39, index=0): <Trial 156 (0 in rep 39) data={'pos': np.int64(150), 'corr_resp': 'v', 'thisN': 156, 'thisTrialN': 0, 'thisRepN': 39}>
903.0187 	DATA 	Keypress: z
903.0241 	EXP 	Fixation_2: autoDraw = False
903.0241 	EXP 	line1_2: autoDraw = False
903.0241 	EXP 	line2_2: autoDraw = False
903.0241 	EXP 	line3_2: autoDraw = False
903.0241 	EXP 	line4_2: autoDraw = False
903.0241 	EXP 	protrianglefixation_2: autoDraw = False
903.0241 	EXP 	Fixation_2: autoDraw = True
903.1127 	EXP 	Device response: <KeyPress from None: t=886.5569106659996, value=z, duration=16.545735124999737>
904.0096 	EXP 	line1_2: autoDraw = True
904.0096 	EXP 	line2_2: autoDraw = True
904.0096 	EXP 	line3_2: autoDraw = True
904.0096 	EXP 	line4_2: autoDraw = True
904.0170 	EXP 	Fixation_2: autoDraw = False
905.0098 	INFO 	Keyboard events cleared
905.0096 	EXP 	protrianglefixation_2: autoDraw = True
905.7943 	EXP 	Device response: <KeyPress from None: t=905.7874486249993, value=v, duration=None>
905.7948 	EXP 	New trial (rep=39, index=1): <Trial 157 (1 in rep 39) data={'pos': np.int64(-150), 'corr_resp': 'z', 'thisN': 157, 'thisTrialN': 1, 'thisRepN': 39}>
905.8012 	DATA 	Keypress: v
905.8062 	EXP 	Fixation_2: autoDraw = False
905.8062 	EXP 	line1_2: autoDraw = False
905.8062 	EXP 	line2_2: autoDraw = False
905.8062 	EXP 	line3_2: autoDraw = False
905.8062 	EXP 	line4_2: autoDraw = False
905.8062 	EXP 	protrianglefixation_2: autoDraw = False
905.8062 	EXP 	Fixation_2: autoDraw = True
905.8785 	EXP 	Device response: <KeyPress from None: t=905.7874486249993, value=v, duration=0.08038674999988871>
906.7931 	EXP 	line1_2: autoDraw = True
906.7931 	EXP 	line2_2: autoDraw = True
906.7931 	EXP 	line3_2: autoDraw = True
906.7931 	EXP 	line4_2: autoDraw = True
906.8004 	EXP 	Fixation_2: autoDraw = False
907.7933 	INFO 	Keyboard events cleared
907.7931 	EXP 	protrianglefixation_2: autoDraw = True
908.5778 	EXP 	Device response: <KeyPress from None: t=908.568458791, value=z, duration=None>
908.5782 	EXP 	New trial (rep=39, index=2): <Trial 158 (2 in rep 39) data={'pos': np.int64(50), 'corr_resp': 'c', 'thisN': 158, 'thisTrialN': 2, 'thisRepN': 39}>
908.5847 	DATA 	Keypress: z
908.5898 	EXP 	Fixation_2: autoDraw = False
908.5898 	EXP 	line1_2: autoDraw = False
908.5898 	EXP 	line2_2: autoDraw = False
908.5898 	EXP 	line3_2: autoDraw = False
908.5898 	EXP 	line4_2: autoDraw = False
908.5898 	EXP 	protrianglefixation_2: autoDraw = False
908.5898 	EXP 	Fixation_2: autoDraw = True
908.6631 	EXP 	Device response: <KeyPress from None: t=903.005581208, value=z, duration=5.651213999999527>
909.5762 	EXP 	line1_2: autoDraw = True
909.5762 	EXP 	line2_2: autoDraw = True
909.5762 	EXP 	line3_2: autoDraw = True
909.5762 	EXP 	line4_2: autoDraw = True
909.5836 	EXP 	Fixation_2: autoDraw = False
910.5766 	INFO 	Keyboard events cleared
910.5764 	EXP 	protrianglefixation_2: autoDraw = True
911.5516 	EXP 	Device response: <KeyPress from None: t=911.5454012499995, value=c, duration=None>
911.5520 	EXP 	New trial (rep=39, index=3): <Trial 159 (3 in rep 39) data={'pos': np.int64(-50), 'corr_resp': 'x', 'thisN': 159, 'thisTrialN': 3, 'thisRepN': 39}>
911.5583 	DATA 	Keypress: c
911.5638 	EXP 	Fixation_2: autoDraw = False
911.5638 	EXP 	line1_2: autoDraw = False
911.5638 	EXP 	line2_2: autoDraw = False
911.5638 	EXP 	line3_2: autoDraw = False
911.5638 	EXP 	line4_2: autoDraw = False
911.5638 	EXP 	protrianglefixation_2: autoDraw = False
911.5638 	EXP 	Fixation_2: autoDraw = True
911.6345 	EXP 	Device response: <KeyPress from None: t=911.5454012499995, value=c, duration=0.08426195799984271>
912.5509 	EXP 	line1_2: autoDraw = True
912.5509 	EXP 	line2_2: autoDraw = True
912.5509 	EXP 	line3_2: autoDraw = True
912.5509 	EXP 	line4_2: autoDraw = True
912.5599 	EXP 	Fixation_2: autoDraw = False
913.5514 	INFO 	Keyboard events cleared
913.5513 	EXP 	protrianglefixation_2: autoDraw = True
914.2850 	EXP 	Device response: <KeyPress from None: t=914.2813749999996, value=x, duration=None>
914.2855 	EXP 	New trial (rep=40, index=0): <Trial 160 (0 in rep 40) data={'pos': np.int64(-50), 'corr_resp': 'x', 'thisN': 160, 'thisTrialN': 0, 'thisRepN': 40}>
914.2919 	DATA 	Keypress: x
914.2974 	EXP 	Fixation_2: autoDraw = False
914.2974 	EXP 	line1_2: autoDraw = False
914.2974 	EXP 	line2_2: autoDraw = False
914.2974 	EXP 	line3_2: autoDraw = False
914.2974 	EXP 	line4_2: autoDraw = False
914.2974 	EXP 	protrianglefixation_2: autoDraw = False
914.2974 	EXP 	Fixation_2: autoDraw = True
914.3961 	EXP 	Device response: <KeyPress from None: t=914.2813749999996, value=x, duration=0.10427229099968827>
915.2844 	EXP 	line1_2: autoDraw = True
915.2844 	EXP 	line2_2: autoDraw = True
915.2844 	EXP 	line3_2: autoDraw = True
915.2844 	EXP 	line4_2: autoDraw = True
915.2932 	EXP 	Fixation_2: autoDraw = False
916.2845 	INFO 	Keyboard events cleared
916.2843 	EXP 	protrianglefixation_2: autoDraw = True
916.9609 	EXP 	Device response: <KeyPress from None: t=916.9593237079998, value=x, duration=None>
916.9613 	EXP 	New trial (rep=40, index=1): <Trial 161 (1 in rep 40) data={'pos': np.int64(50), 'corr_resp': 'c', 'thisN': 161, 'thisTrialN': 1, 'thisRepN': 40}>
916.9676 	DATA 	Keypress: x
916.9728 	EXP 	Fixation_2: autoDraw = False
916.9728 	EXP 	line1_2: autoDraw = False
916.9728 	EXP 	line2_2: autoDraw = False
916.9728 	EXP 	line3_2: autoDraw = False
916.9728 	EXP 	line4_2: autoDraw = False
916.9728 	EXP 	protrianglefixation_2: autoDraw = False
916.9728 	EXP 	Fixation_2: autoDraw = True
917.0623 	EXP 	Device response: <KeyPress from None: t=916.9593237079998, value=x, duration=0.09636229199986701>
917.9519 	EXP 	line1_2: autoDraw = True
917.9519 	EXP 	line2_2: autoDraw = True
917.9519 	EXP 	line3_2: autoDraw = True
917.9519 	EXP 	line4_2: autoDraw = True
917.9683 	EXP 	Fixation_2: autoDraw = False
918.9597 	INFO 	Keyboard events cleared
918.9596 	EXP 	protrianglefixation_2: autoDraw = True
919.6444 	EXP 	Device response: <KeyPress from None: t=919.6372205409998, value=c, duration=None>
919.6448 	EXP 	New trial (rep=40, index=2): <Trial 162 (2 in rep 40) data={'pos': np.int64(150), 'corr_resp': 'v', 'thisN': 162, 'thisTrialN': 2, 'thisRepN': 40}>
919.6510 	DATA 	Keypress: c
919.6562 	EXP 	Fixation_2: autoDraw = False
919.6562 	EXP 	line1_2: autoDraw = False
919.6562 	EXP 	line2_2: autoDraw = False
919.6562 	EXP 	line3_2: autoDraw = False
919.6562 	EXP 	line4_2: autoDraw = False
919.6562 	EXP 	protrianglefixation_2: autoDraw = False
919.6562 	EXP 	Fixation_2: autoDraw = True
919.7854 	EXP 	Device response: <KeyPress from None: t=919.6372205409998, value=c, duration=0.1442422499994791>
920.6351 	EXP 	line1_2: autoDraw = True
920.6351 	EXP 	line2_2: autoDraw = True
920.6351 	EXP 	line3_2: autoDraw = True
920.6351 	EXP 	line4_2: autoDraw = True
920.6780 	EXP 	Fixation_2: autoDraw = False
921.6431 	INFO 	Keyboard events cleared
921.6430 	EXP 	protrianglefixation_2: autoDraw = True
922.3195 	EXP 	Device response: <KeyPress from None: t=922.311108375, value=v, duration=None>
922.3200 	EXP 	New trial (rep=40, index=3): <Trial 163 (3 in rep 40) data={'pos': np.int64(-150), 'corr_resp': 'z', 'thisN': 163, 'thisTrialN': 3, 'thisRepN': 40}>
922.3259 	DATA 	Keypress: v
922.3306 	EXP 	Fixation_2: autoDraw = False
922.3306 	EXP 	line1_2: autoDraw = False
922.3306 	EXP 	line2_2: autoDraw = False
922.3306 	EXP 	line3_2: autoDraw = False
922.3306 	EXP 	line4_2: autoDraw = False
922.3306 	EXP 	protrianglefixation_2: autoDraw = False
922.3306 	EXP 	Fixation_2: autoDraw = True
922.4279 	EXP 	Device response: <KeyPress from None: t=922.311108375, value=v, duration=0.11238820799917448>
923.3180 	EXP 	line1_2: autoDraw = True
923.3180 	EXP 	line2_2: autoDraw = True
923.3180 	EXP 	line3_2: autoDraw = True
923.3180 	EXP 	line4_2: autoDraw = True
923.3265 	EXP 	Fixation_2: autoDraw = False
924.3174 	INFO 	Keyboard events cleared
924.3172 	EXP 	protrianglefixation_2: autoDraw = True
924.8516 	EXP 	Device response: <KeyPress from None: t=924.8470767079998, value=z, duration=None>
924.8520 	EXP 	New trial (rep=41, index=0): <Trial 164 (0 in rep 41) data={'pos': np.int64(-150), 'corr_resp': 'z', 'thisN': 164, 'thisTrialN': 0, 'thisRepN': 41}>
924.8580 	DATA 	Keypress: z
924.8633 	EXP 	Fixation_2: autoDraw = False
924.8633 	EXP 	line1_2: autoDraw = False
924.8633 	EXP 	line2_2: autoDraw = False
924.8633 	EXP 	line3_2: autoDraw = False
924.8633 	EXP 	line4_2: autoDraw = False
924.8633 	EXP 	protrianglefixation_2: autoDraw = False
924.8633 	EXP 	Fixation_2: autoDraw = True
924.9624 	EXP 	Device response: <KeyPress from None: t=908.568458791, value=z, duration=16.382976375>
925.8430 	EXP 	line1_2: autoDraw = True
925.8430 	EXP 	line2_2: autoDraw = True
925.8430 	EXP 	line3_2: autoDraw = True
925.8430 	EXP 	line4_2: autoDraw = True
925.8596 	EXP 	Fixation_2: autoDraw = False
926.8506 	INFO 	Keyboard events cleared
926.8505 	EXP 	protrianglefixation_2: autoDraw = True
927.6021 	EXP 	Device response: <KeyPress from None: t=927.5960662079997, value=z, duration=None>
927.6025 	EXP 	New trial (rep=41, index=1): <Trial 165 (1 in rep 41) data={'pos': np.int64(-50), 'corr_resp': 'x', 'thisN': 165, 'thisTrialN': 1, 'thisRepN': 41}>
927.6086 	DATA 	Keypress: z
927.6138 	EXP 	Fixation_2: autoDraw = False
927.6138 	EXP 	line1_2: autoDraw = False
927.6138 	EXP 	line2_2: autoDraw = False
927.6138 	EXP 	line3_2: autoDraw = False
927.6138 	EXP 	line4_2: autoDraw = False
927.6138 	EXP 	protrianglefixation_2: autoDraw = False
927.6138 	EXP 	Fixation_2: autoDraw = True
927.6666 	EXP 	Device response: <KeyPress from None: t=924.8470767079998, value=z, duration=2.8173024170000645>
928.5931 	EXP 	line1_2: autoDraw = True
928.5931 	EXP 	line2_2: autoDraw = True
928.5931 	EXP 	line3_2: autoDraw = True
928.5931 	EXP 	line4_2: autoDraw = True
928.6098 	EXP 	Fixation_2: autoDraw = False
929.6014 	INFO 	Keyboard events cleared
929.6012 	EXP 	protrianglefixation_2: autoDraw = True
930.2781 	EXP 	Device response: <KeyPress from None: t=930.2718879999993, value=x, duration=None>
930.2786 	EXP 	New trial (rep=41, index=2): <Trial 166 (2 in rep 41) data={'pos': np.int64(150), 'corr_resp': 'v', 'thisN': 166, 'thisTrialN': 2, 'thisRepN': 41}>
930.2847 	DATA 	Keypress: x
930.2899 	EXP 	Fixation_2: autoDraw = False
930.2899 	EXP 	line1_2: autoDraw = False
930.2899 	EXP 	line2_2: autoDraw = False
930.2899 	EXP 	line3_2: autoDraw = False
930.2899 	EXP 	line4_2: autoDraw = False
930.2899 	EXP 	protrianglefixation_2: autoDraw = False
930.2899 	EXP 	Fixation_2: autoDraw = True
930.4356 	EXP 	Device response: <KeyPress from None: t=930.2718879999993, value=x, duration=0.15641950000008364>
931.2763 	EXP 	line1_2: autoDraw = True
931.2763 	EXP 	line2_2: autoDraw = True
931.2763 	EXP 	line3_2: autoDraw = True
931.2763 	EXP 	line4_2: autoDraw = True
931.2838 	EXP 	Fixation_2: autoDraw = False
932.2764 	INFO 	Keyboard events cleared
932.2762 	EXP 	protrianglefixation_2: autoDraw = True
933.0350 	EXP 	Device response: <KeyPress from None: t=933.0339242499995, value=v, duration=None>
933.0354 	EXP 	New trial (rep=41, index=3): <Trial 167 (3 in rep 41) data={'pos': np.int64(50), 'corr_resp': 'c', 'thisN': 167, 'thisTrialN': 3, 'thisRepN': 41}>
933.0414 	DATA 	Keypress: v
933.0469 	EXP 	Fixation_2: autoDraw = False
933.0469 	EXP 	line1_2: autoDraw = False
933.0469 	EXP 	line2_2: autoDraw = False
933.0469 	EXP 	line3_2: autoDraw = False
933.0469 	EXP 	line4_2: autoDraw = False
933.0469 	EXP 	protrianglefixation_2: autoDraw = False
933.0469 	EXP 	Fixation_2: autoDraw = True
933.1174 	EXP 	Device response: <KeyPress from None: t=933.0339242499995, value=v, duration=0.08028866600034235>
934.0343 	EXP 	line1_2: autoDraw = True
934.0343 	EXP 	line2_2: autoDraw = True
934.0343 	EXP 	line3_2: autoDraw = True
934.0343 	EXP 	line4_2: autoDraw = True
934.0430 	EXP 	Fixation_2: autoDraw = False
935.0265 	INFO 	Keyboard events cleared
935.0263 	EXP 	protrianglefixation_2: autoDraw = True
935.6521 	EXP 	Device response: <KeyPress from None: t=935.643875791, value=c, duration=None>
935.6525 	EXP 	New trial (rep=42, index=0): <Trial 168 (0 in rep 42) data={'pos': np.int64(-150), 'corr_resp': 'z', 'thisN': 168, 'thisTrialN': 0, 'thisRepN': 42}>
935.6586 	DATA 	Keypress: c
935.6642 	EXP 	Fixation_2: autoDraw = False
935.6642 	EXP 	line1_2: autoDraw = False
935.6642 	EXP 	line2_2: autoDraw = False
935.6642 	EXP 	line3_2: autoDraw = False
935.6642 	EXP 	line4_2: autoDraw = False
935.6642 	EXP 	protrianglefixation_2: autoDraw = False
935.6642 	EXP 	Fixation_2: autoDraw = True
935.7282 	EXP 	Device response: <KeyPress from None: t=935.643875791, value=c, duration=0.0761861669998325>
936.6511 	EXP 	line1_2: autoDraw = True
936.6511 	EXP 	line2_2: autoDraw = True
936.6511 	EXP 	line3_2: autoDraw = True
936.6511 	EXP 	line4_2: autoDraw = True
936.6598 	EXP 	Fixation_2: autoDraw = False
937.6515 	INFO 	Keyboard events cleared
937.6513 	EXP 	protrianglefixation_2: autoDraw = True
938.4186 	EXP 	Device response: <KeyPress from None: t=938.4128763749995, value=z, duration=None>
938.4190 	EXP 	New trial (rep=42, index=1): <Trial 169 (1 in rep 42) data={'pos': np.int64(150), 'corr_resp': 'v', 'thisN': 169, 'thisTrialN': 1, 'thisRepN': 42}>
938.4252 	DATA 	Keypress: z
938.4307 	EXP 	Fixation_2: autoDraw = False
938.4307 	EXP 	line1_2: autoDraw = False
938.4307 	EXP 	line2_2: autoDraw = False
938.4307 	EXP 	line3_2: autoDraw = False
938.4307 	EXP 	line4_2: autoDraw = False
938.4307 	EXP 	protrianglefixation_2: autoDraw = False
938.4307 	EXP 	Fixation_2: autoDraw = True
938.5186 	EXP 	Device response: <KeyPress from None: t=927.5960662079997, value=z, duration=10.917055875000187>
939.4181 	EXP 	line1_2: autoDraw = True
939.4181 	EXP 	line2_2: autoDraw = True
939.4181 	EXP 	line3_2: autoDraw = True
939.4181 	EXP 	line4_2: autoDraw = True
939.4262 	EXP 	Fixation_2: autoDraw = False
940.4177 	INFO 	Keyboard events cleared
940.4175 	EXP 	protrianglefixation_2: autoDraw = True
941.1943 	EXP 	Device response: <KeyPress from None: t=941.1846677909998, value=v, duration=None>
941.1948 	EXP 	New trial (rep=42, index=2): <Trial 170 (2 in rep 42) data={'pos': np.int64(-50), 'corr_resp': 'x', 'thisN': 170, 'thisTrialN': 2, 'thisRepN': 42}>
941.2010 	DATA 	Keypress: v
941.2061 	EXP 	Fixation_2: autoDraw = False
941.2061 	EXP 	line1_2: autoDraw = False
941.2061 	EXP 	line2_2: autoDraw = False
941.2061 	EXP 	line3_2: autoDraw = False
941.2061 	EXP 	line4_2: autoDraw = False
941.2061 	EXP 	protrianglefixation_2: autoDraw = False
941.2061 	EXP 	Fixation_2: autoDraw = True
941.3027 	EXP 	Device response: <KeyPress from None: t=941.1846677909998, value=v, duration=0.11639420899973629>
942.1929 	EXP 	line1_2: autoDraw = True
942.1929 	EXP 	line2_2: autoDraw = True
942.1929 	EXP 	line3_2: autoDraw = True
942.1929 	EXP 	line4_2: autoDraw = True
942.2008 	EXP 	Fixation_2: autoDraw = False
943.1930 	INFO 	Keyboard events cleared
943.1929 	EXP 	protrianglefixation_2: autoDraw = True
943.8612 	EXP 	Device response: <KeyPress from None: t=943.8587054579993, value=x, duration=None>
943.8617 	EXP 	New trial (rep=42, index=3): <Trial 171 (3 in rep 42) data={'pos': np.int64(50), 'corr_resp': 'c', 'thisN': 171, 'thisTrialN': 3, 'thisRepN': 42}>
943.8680 	DATA 	Keypress: x
943.8733 	EXP 	Fixation_2: autoDraw = False
943.8733 	EXP 	line1_2: autoDraw = False
943.8733 	EXP 	line2_2: autoDraw = False
943.8733 	EXP 	line3_2: autoDraw = False
943.8733 	EXP 	line4_2: autoDraw = False
943.8733 	EXP 	protrianglefixation_2: autoDraw = False
943.8733 	EXP 	Fixation_2: autoDraw = True
944.0119 	EXP 	Device response: <KeyPress from None: t=943.8587054579993, value=x, duration=0.14430050000009942>
944.8598 	EXP 	line1_2: autoDraw = True
944.8598 	EXP 	line2_2: autoDraw = True
944.8598 	EXP 	line3_2: autoDraw = True
944.8598 	EXP 	line4_2: autoDraw = True
944.8670 	EXP 	Fixation_2: autoDraw = False
945.8597 	INFO 	Keyboard events cleared
945.8595 	EXP 	protrianglefixation_2: autoDraw = True
946.6354 	EXP 	Device response: <KeyPress from None: t=946.6315307909999, value=c, duration=None>
946.6359 	EXP 	New trial (rep=43, index=0): <Trial 172 (0 in rep 43) data={'pos': np.int64(150), 'corr_resp': 'v', 'thisN': 172, 'thisTrialN': 0, 'thisRepN': 43}>
946.6420 	DATA 	Keypress: c
946.6476 	EXP 	Fixation_2: autoDraw = False
946.6476 	EXP 	line1_2: autoDraw = False
946.6476 	EXP 	line2_2: autoDraw = False
946.6476 	EXP 	line3_2: autoDraw = False
946.6476 	EXP 	line4_2: autoDraw = False
946.6476 	EXP 	protrianglefixation_2: autoDraw = False
946.6476 	EXP 	Fixation_2: autoDraw = True
946.7283 	EXP 	Device response: <KeyPress from None: t=946.6315307909999, value=c, duration=0.0882977920000485>
947.6342 	EXP 	line1_2: autoDraw = True
947.6342 	EXP 	line2_2: autoDraw = True
947.6342 	EXP 	line3_2: autoDraw = True
947.6342 	EXP 	line4_2: autoDraw = True
947.6431 	EXP 	Fixation_2: autoDraw = False
948.6337 	INFO 	Keyboard events cleared
948.6336 	EXP 	protrianglefixation_2: autoDraw = True
949.7622 	EXP 	Device response: <KeyPress from None: t=949.7394764579994, value=v, duration=None>
949.7627 	EXP 	New trial (rep=43, index=1): <Trial 173 (1 in rep 43) data={'pos': np.int64(50), 'corr_resp': 'c', 'thisN': 173, 'thisTrialN': 1, 'thisRepN': 43}>
949.7689 	DATA 	Keypress: v
949.7763 	EXP 	Fixation_2: autoDraw = False
949.7763 	EXP 	line1_2: autoDraw = False
949.7763 	EXP 	line2_2: autoDraw = False
949.7763 	EXP 	line3_2: autoDraw = False
949.7763 	EXP 	line4_2: autoDraw = False
949.7763 	EXP 	protrianglefixation_2: autoDraw = False
949.7763 	EXP 	Fixation_2: autoDraw = True
949.8349 	EXP 	Device response: <KeyPress from None: t=949.7394764579994, value=v, duration=0.09236254200004623>
950.7599 	EXP 	line1_2: autoDraw = True
950.7599 	EXP 	line2_2: autoDraw = True
950.7599 	EXP 	line3_2: autoDraw = True
950.7599 	EXP 	line4_2: autoDraw = True
950.7673 	EXP 	Fixation_2: autoDraw = False
951.7598 	INFO 	Keyboard events cleared
951.7596 	EXP 	protrianglefixation_2: autoDraw = True
952.5517 	EXP 	Device response: <KeyPress from None: t=952.5434100409993, value=c, duration=None>
952.5521 	EXP 	New trial (rep=43, index=2): <Trial 174 (2 in rep 43) data={'pos': np.int64(-50), 'corr_resp': 'x', 'thisN': 174, 'thisTrialN': 2, 'thisRepN': 43}>
952.5581 	DATA 	Keypress: c
952.5634 	EXP 	Fixation_2: autoDraw = False
952.5634 	EXP 	line1_2: autoDraw = False
952.5634 	EXP 	line2_2: autoDraw = False
952.5634 	EXP 	line3_2: autoDraw = False
952.5634 	EXP 	line4_2: autoDraw = False
952.5634 	EXP 	protrianglefixation_2: autoDraw = False
952.5634 	EXP 	Fixation_2: autoDraw = True
952.6342 	EXP 	Device response: <KeyPress from None: t=952.5434100409993, value=c, duration=0.08431724999991275>
953.5429 	EXP 	line1_2: autoDraw = True
953.5429 	EXP 	line2_2: autoDraw = True
953.5429 	EXP 	line3_2: autoDraw = True
953.5429 	EXP 	line4_2: autoDraw = True
953.5597 	EXP 	Fixation_2: autoDraw = False
954.5430 	INFO 	Keyboard events cleared
954.5428 	EXP 	protrianglefixation_2: autoDraw = True
955.1942 	EXP 	Device response: <KeyPress from None: t=955.1924546659993, value=x, duration=None>
955.1947 	EXP 	New trial (rep=43, index=3): <Trial 175 (3 in rep 43) data={'pos': np.int64(-150), 'corr_resp': 'z', 'thisN': 175, 'thisTrialN': 3, 'thisRepN': 43}>
955.2011 	DATA 	Keypress: x
955.2064 	EXP 	Fixation_2: autoDraw = False
955.2064 	EXP 	line1_2: autoDraw = False
955.2064 	EXP 	line2_2: autoDraw = False
955.2064 	EXP 	line3_2: autoDraw = False
955.2064 	EXP 	line4_2: autoDraw = False
955.2064 	EXP 	protrianglefixation_2: autoDraw = False
955.2064 	EXP 	Fixation_2: autoDraw = True
955.3349 	EXP 	Device response: <KeyPress from None: t=955.1924546659993, value=x, duration=0.14023754200024996>
956.1929 	EXP 	line1_2: autoDraw = True
956.1929 	EXP 	line2_2: autoDraw = True
956.1929 	EXP 	line3_2: autoDraw = True
956.1929 	EXP 	line4_2: autoDraw = True
956.2003 	EXP 	Fixation_2: autoDraw = False
957.1930 	INFO 	Keyboard events cleared
957.1928 	EXP 	protrianglefixation_2: autoDraw = True
958.0348 	EXP 	Device response: <KeyPress from None: t=958.0273051659997, value=z, duration=None>
958.0352 	EXP 	New trial (rep=44, index=0): <Trial 176 (0 in rep 44) data={'pos': np.int64(-150), 'corr_resp': 'z', 'thisN': 176, 'thisTrialN': 0, 'thisRepN': 44}>
958.0413 	DATA 	Keypress: z
958.0471 	EXP 	Fixation_2: autoDraw = False
958.0471 	EXP 	line1_2: autoDraw = False
958.0471 	EXP 	line2_2: autoDraw = False
958.0471 	EXP 	line3_2: autoDraw = False
958.0471 	EXP 	line4_2: autoDraw = False
958.0471 	EXP 	protrianglefixation_2: autoDraw = False
958.0471 	EXP 	Fixation_2: autoDraw = True
958.1778 	EXP 	Device response: <KeyPress from None: t=938.4128763749995, value=z, duration=19.758766457999627>
959.0349 	EXP 	line1_2: autoDraw = True
959.0349 	EXP 	line2_2: autoDraw = True
959.0349 	EXP 	line3_2: autoDraw = True
959.0349 	EXP 	line4_2: autoDraw = True
959.0609 	EXP 	Fixation_2: autoDraw = False
960.0263 	INFO 	Keyboard events cleared
960.0262 	EXP 	protrianglefixation_2: autoDraw = True
960.9943 	EXP 	Device response: <KeyPress from None: t=960.9852295409992, value=z, duration=None>
960.9947 	EXP 	New trial (rep=44, index=1): <Trial 177 (1 in rep 44) data={'pos': np.int64(50), 'corr_resp': 'c', 'thisN': 177, 'thisTrialN': 1, 'thisRepN': 44}>
961.0008 	DATA 	Keypress: z
961.0058 	EXP 	Fixation_2: autoDraw = False
961.0058 	EXP 	line1_2: autoDraw = False
961.0058 	EXP 	line2_2: autoDraw = False
961.0058 	EXP 	line3_2: autoDraw = False
961.0058 	EXP 	line4_2: autoDraw = False
961.0058 	EXP 	protrianglefixation_2: autoDraw = False
961.0058 	EXP 	Fixation_2: autoDraw = True
961.1126 	EXP 	Device response: <KeyPress from None: t=958.0273051659997, value=z, duration=3.0743592500002705>
961.9929 	EXP 	line1_2: autoDraw = True
961.9929 	EXP 	line2_2: autoDraw = True
961.9929 	EXP 	line3_2: autoDraw = True
961.9929 	EXP 	line4_2: autoDraw = True
962.0004 	EXP 	Fixation_2: autoDraw = False
962.9931 	INFO 	Keyboard events cleared
962.9929 	EXP 	protrianglefixation_2: autoDraw = True
964.5943 	EXP 	Device response: <KeyPress from None: t=964.5921397909997, value=c, duration=None>
964.5947 	EXP 	New trial (rep=44, index=2): <Trial 178 (2 in rep 44) data={'pos': np.int64(150), 'corr_resp': 'v', 'thisN': 178, 'thisTrialN': 2, 'thisRepN': 44}>
964.6010 	DATA 	Keypress: c
964.6063 	EXP 	Fixation_2: autoDraw = False
964.6063 	EXP 	line1_2: autoDraw = False
964.6063 	EXP 	line2_2: autoDraw = False
964.6063 	EXP 	line3_2: autoDraw = False
964.6063 	EXP 	line4_2: autoDraw = False
964.6063 	EXP 	protrianglefixation_2: autoDraw = False
964.6063 	EXP 	Fixation_2: autoDraw = True
964.7289 	EXP 	Device response: <KeyPress from None: t=964.5921397909997, value=c, duration=0.13261966699974437>
965.5931 	EXP 	line1_2: autoDraw = True
965.5931 	EXP 	line2_2: autoDraw = True
965.5931 	EXP 	line3_2: autoDraw = True
965.5931 	EXP 	line4_2: autoDraw = True
965.6004 	EXP 	Fixation_2: autoDraw = False
966.5932 	INFO 	Keyboard events cleared
966.5930 	EXP 	protrianglefixation_2: autoDraw = True
967.3018 	EXP 	Device response: <KeyPress from None: t=967.2970665409994, value=v, duration=None>
967.3022 	EXP 	New trial (rep=44, index=3): <Trial 179 (3 in rep 44) data={'pos': np.int64(-50), 'corr_resp': 'x', 'thisN': 179, 'thisTrialN': 3, 'thisRepN': 44}>
967.3081 	DATA 	Keypress: v
967.3131 	EXP 	Fixation_2: autoDraw = False
967.3131 	EXP 	line1_2: autoDraw = False
967.3131 	EXP 	line2_2: autoDraw = False
967.3131 	EXP 	line3_2: autoDraw = False
967.3131 	EXP 	line4_2: autoDraw = False
967.3131 	EXP 	protrianglefixation_2: autoDraw = False
967.3131 	EXP 	Fixation_2: autoDraw = True
967.3957 	EXP 	Device response: <KeyPress from None: t=967.2970665409994, value=v, duration=0.08846470900061831>
968.3011 	EXP 	line1_2: autoDraw = True
968.3011 	EXP 	line2_2: autoDraw = True
968.3011 	EXP 	line3_2: autoDraw = True
968.3011 	EXP 	line4_2: autoDraw = True
968.3098 	EXP 	Fixation_2: autoDraw = False
969.3005 	INFO 	Keyboard events cleared
969.3004 	EXP 	protrianglefixation_2: autoDraw = True
970.0686 	EXP 	Device response: <KeyPress from None: t=970.0650637499994, value=x, duration=None>
970.0691 	EXP 	New trial (rep=45, index=0): <Trial 180 (0 in rep 45) data={'pos': np.int64(50), 'corr_resp': 'c', 'thisN': 180, 'thisTrialN': 0, 'thisRepN': 45}>
970.0752 	DATA 	Keypress: x
970.0806 	EXP 	Fixation_2: autoDraw = False
970.0806 	EXP 	line1_2: autoDraw = False
970.0806 	EXP 	line2_2: autoDraw = False
970.0806 	EXP 	line3_2: autoDraw = False
970.0806 	EXP 	line4_2: autoDraw = False
970.0806 	EXP 	protrianglefixation_2: autoDraw = False
970.0806 	EXP 	Fixation_2: autoDraw = True
970.1623 	EXP 	Device response: <KeyPress from None: t=970.0650637499994, value=x, duration=0.09234225000000151>
971.0681 	EXP 	line1_2: autoDraw = True
971.0681 	EXP 	line2_2: autoDraw = True
971.0681 	EXP 	line3_2: autoDraw = True
971.0681 	EXP 	line4_2: autoDraw = True
971.0945 	EXP 	Fixation_2: autoDraw = False
972.0677 	INFO 	Keyboard events cleared
972.0675 	EXP 	protrianglefixation_2: autoDraw = True
972.8778 	EXP 	Device response: <KeyPress from None: t=972.8719375829996, value=c, duration=None>
972.8782 	EXP 	New trial (rep=45, index=1): <Trial 181 (1 in rep 45) data={'pos': np.int64(-50), 'corr_resp': 'x', 'thisN': 181, 'thisTrialN': 1, 'thisRepN': 45}>
972.8821 	DATA 	Keypress: c
972.8869 	EXP 	Fixation_2: autoDraw = False
972.8869 	EXP 	line1_2: autoDraw = False
972.8869 	EXP 	line2_2: autoDraw = False
972.8869 	EXP 	line3_2: autoDraw = False
972.8869 	EXP 	line4_2: autoDraw = False
972.8869 	EXP 	protrianglefixation_2: autoDraw = False
972.8869 	EXP 	Fixation_2: autoDraw = True
972.9618 	EXP 	Device response: <KeyPress from None: t=972.8719375829996, value=c, duration=0.08824433300014789>
973.8762 	EXP 	line1_2: autoDraw = True
973.8762 	EXP 	line2_2: autoDraw = True
973.8762 	EXP 	line3_2: autoDraw = True
973.8762 	EXP 	line4_2: autoDraw = True
973.8835 	EXP 	Fixation_2: autoDraw = False
974.8765 	INFO 	Keyboard events cleared
974.8763 	EXP 	protrianglefixation_2: autoDraw = True
975.9119 	EXP 	Device response: <KeyPress from None: t=975.9098409579992, value=x, duration=None>
975.9123 	EXP 	New trial (rep=45, index=2): <Trial 182 (2 in rep 45) data={'pos': np.int64(-150), 'corr_resp': 'z', 'thisN': 182, 'thisTrialN': 2, 'thisRepN': 45}>
975.9157 	DATA 	Keypress: x
975.9201 	EXP 	Fixation_2: autoDraw = False
975.9201 	EXP 	line1_2: autoDraw = False
975.9201 	EXP 	line2_2: autoDraw = False
975.9201 	EXP 	line3_2: autoDraw = False
975.9201 	EXP 	line4_2: autoDraw = False
975.9201 	EXP 	protrianglefixation_2: autoDraw = False
975.9201 	EXP 	Fixation_2: autoDraw = True
976.0625 	EXP 	Device response: <KeyPress from None: t=975.9098409579992, value=x, duration=0.14860370800033706>
976.9096 	EXP 	line1_2: autoDraw = True
976.9096 	EXP 	line2_2: autoDraw = True
976.9096 	EXP 	line3_2: autoDraw = True
976.9096 	EXP 	line4_2: autoDraw = True
976.9166 	EXP 	Fixation_2: autoDraw = False
977.9097 	INFO 	Keyboard events cleared
977.9095 	EXP 	protrianglefixation_2: autoDraw = True
978.8112 	EXP 	Device response: <KeyPress from None: t=978.8037692909993, value=z, duration=None>
978.8118 	EXP 	New trial (rep=45, index=3): <Trial 183 (3 in rep 45) data={'pos': np.int64(150), 'corr_resp': 'v', 'thisN': 183, 'thisTrialN': 3, 'thisRepN': 45}>
978.8168 	DATA 	Keypress: z
978.8218 	EXP 	Fixation_2: autoDraw = False
978.8218 	EXP 	line1_2: autoDraw = False
978.8218 	EXP 	line2_2: autoDraw = False
978.8218 	EXP 	line3_2: autoDraw = False
978.8218 	EXP 	line4_2: autoDraw = False
978.8218 	EXP 	protrianglefixation_2: autoDraw = False
978.8218 	EXP 	Fixation_2: autoDraw = True
978.9120 	EXP 	Device response: <KeyPress from None: t=960.9852295409992, value=z, duration=17.914834917000007>
979.8096 	EXP 	line1_2: autoDraw = True
979.8096 	EXP 	line2_2: autoDraw = True
979.8096 	EXP 	line3_2: autoDraw = True
979.8096 	EXP 	line4_2: autoDraw = True
979.8171 	EXP 	Fixation_2: autoDraw = False
980.8098 	INFO 	Keyboard events cleared
980.8096 	EXP 	protrianglefixation_2: autoDraw = True
981.7961 	EXP 	Device response: <KeyPress from None: t=981.7868194999992, value=v, duration=None>
981.7965 	EXP 	New trial (rep=46, index=0): <Trial 184 (0 in rep 46) data={'pos': np.int64(-150), 'corr_resp': 'z', 'thisN': 184, 'thisTrialN': 0, 'thisRepN': 46}>
981.8015 	DATA 	Keypress: v
981.8109 	EXP 	Fixation_2: autoDraw = False
981.8109 	EXP 	line1_2: autoDraw = False
981.8109 	EXP 	line2_2: autoDraw = False
981.8109 	EXP 	line3_2: autoDraw = False
981.8109 	EXP 	line4_2: autoDraw = False
981.8109 	EXP 	protrianglefixation_2: autoDraw = False
981.8109 	EXP 	Fixation_2: autoDraw = True
981.8615 	EXP 	Device response: <KeyPress from None: t=981.7868194999992, value=v, duration=0.06428308300019125>
982.7930 	EXP 	line1_2: autoDraw = True
982.7930 	EXP 	line2_2: autoDraw = True
982.7930 	EXP 	line3_2: autoDraw = True
982.7930 	EXP 	line4_2: autoDraw = True
982.8101 	EXP 	Fixation_2: autoDraw = False
983.7936 	INFO 	Keyboard events cleared
983.7935 	EXP 	protrianglefixation_2: autoDraw = True
984.8699 	EXP 	Device response: <KeyPress from None: t=984.8647374579996, value=z, duration=None>
984.8703 	EXP 	New trial (rep=46, index=1): <Trial 185 (1 in rep 46) data={'pos': np.int64(50), 'corr_resp': 'c', 'thisN': 185, 'thisTrialN': 1, 'thisRepN': 46}>
984.8758 	DATA 	Keypress: z
984.8805 	EXP 	Fixation_2: autoDraw = False
984.8805 	EXP 	line1_2: autoDraw = False
984.8805 	EXP 	line2_2: autoDraw = False
984.8805 	EXP 	line3_2: autoDraw = False
984.8805 	EXP 	line4_2: autoDraw = False
984.8805 	EXP 	protrianglefixation_2: autoDraw = False
984.8805 	EXP 	Fixation_2: autoDraw = True
984.9669 	EXP 	Device response: <KeyPress from None: t=978.8037692909993, value=z, duration=6.161227958999916>
985.8674 	EXP 	line1_2: autoDraw = True
985.8674 	EXP 	line2_2: autoDraw = True
985.8674 	EXP 	line3_2: autoDraw = True
985.8674 	EXP 	line4_2: autoDraw = True
985.8763 	EXP 	Fixation_2: autoDraw = False
986.8681 	INFO 	Keyboard events cleared
986.8680 	EXP 	protrianglefixation_2: autoDraw = True
989.9686 	EXP 	Device response: <KeyPress from None: t=989.9667315409997, value=c, duration=None>
989.9690 	EXP 	New trial (rep=46, index=2): <Trial 186 (2 in rep 46) data={'pos': np.int64(-50), 'corr_resp': 'x', 'thisN': 186, 'thisTrialN': 2, 'thisRepN': 46}>
989.9744 	DATA 	Keypress: c
989.9799 	EXP 	Fixation_2: autoDraw = False
989.9799 	EXP 	line1_2: autoDraw = False
989.9799 	EXP 	line2_2: autoDraw = False
989.9799 	EXP 	line3_2: autoDraw = False
989.9799 	EXP 	line4_2: autoDraw = False
989.9799 	EXP 	protrianglefixation_2: autoDraw = False
989.9799 	EXP 	Fixation_2: autoDraw = True
990.0443 	EXP 	Device response: <KeyPress from None: t=989.9667315409997, value=c, duration=0.06989029200030927>
990.9679 	EXP 	line1_2: autoDraw = True
990.9679 	EXP 	line2_2: autoDraw = True
990.9679 	EXP 	line3_2: autoDraw = True
990.9679 	EXP 	line4_2: autoDraw = True
990.9776 	EXP 	Fixation_2: autoDraw = False
991.9673 	INFO 	Keyboard events cleared
991.9671 	EXP 	protrianglefixation_2: autoDraw = True
992.6617 	EXP 	Device response: <KeyPress from None: t=992.6552437909995, value=x, duration=None>
992.6622 	EXP 	New trial (rep=46, index=3): <Trial 187 (3 in rep 46) data={'pos': np.int64(150), 'corr_resp': 'v', 'thisN': 187, 'thisTrialN': 3, 'thisRepN': 46}>
992.6676 	DATA 	Keypress: x
992.6777 	EXP 	Fixation_2: autoDraw = False
992.6777 	EXP 	line1_2: autoDraw = False
992.6777 	EXP 	line2_2: autoDraw = False
992.6777 	EXP 	line3_2: autoDraw = False
992.6777 	EXP 	line4_2: autoDraw = False
992.6777 	EXP 	protrianglefixation_2: autoDraw = False
992.6777 	EXP 	Fixation_2: autoDraw = True
992.7948 	EXP 	Device response: <KeyPress from None: t=992.6552437909995, value=x, duration=0.13226716700046381>
993.6595 	EXP 	line1_2: autoDraw = True
993.6595 	EXP 	line2_2: autoDraw = True
993.6595 	EXP 	line3_2: autoDraw = True
993.6595 	EXP 	line4_2: autoDraw = True
993.6763 	EXP 	Fixation_2: autoDraw = False
994.6598 	INFO 	Keyboard events cleared
994.6596 	EXP 	protrianglefixation_2: autoDraw = True
995.6620 	EXP 	Device response: <KeyPress from None: t=995.6482807079992, value=v, duration=None>
995.6624 	EXP 	New trial (rep=47, index=0): <Trial 188 (0 in rep 47) data={'pos': np.int64(-50), 'corr_resp': 'x', 'thisN': 188, 'thisTrialN': 0, 'thisRepN': 47}>
995.6679 	DATA 	Keypress: v
995.6776 	EXP 	Fixation_2: autoDraw = False
995.6776 	EXP 	line1_2: autoDraw = False
995.6776 	EXP 	line2_2: autoDraw = False
995.6776 	EXP 	line3_2: autoDraw = False
995.6776 	EXP 	line4_2: autoDraw = False
995.6776 	EXP 	protrianglefixation_2: autoDraw = False
995.6776 	EXP 	Fixation_2: autoDraw = True
995.7173 	EXP 	Device response: <KeyPress from None: t=995.6482807079992, value=v, duration=0.0642767500003174>
996.6596 	EXP 	line1_2: autoDraw = True
996.6596 	EXP 	line2_2: autoDraw = True
996.6596 	EXP 	line3_2: autoDraw = True
996.6596 	EXP 	line4_2: autoDraw = True
996.6767 	EXP 	Fixation_2: autoDraw = False
997.6596 	INFO 	Keyboard events cleared
997.6594 	EXP 	protrianglefixation_2: autoDraw = True
998.2959 	EXP 	Device response: <KeyPress from None: t=998.2792156659998, value=x, duration=None>
998.2968 	EXP 	New trial (rep=47, index=1): <Trial 189 (1 in rep 47) data={'pos': np.int64(150), 'corr_resp': 'v', 'thisN': 189, 'thisTrialN': 1, 'thisRepN': 47}>
998.3012 	DATA 	Keypress: x
998.3110 	EXP 	Fixation_2: autoDraw = False
998.3110 	EXP 	line1_2: autoDraw = False
998.3110 	EXP 	line2_2: autoDraw = False
998.3110 	EXP 	line3_2: autoDraw = False
998.3110 	EXP 	line4_2: autoDraw = False
998.3110 	EXP 	protrianglefixation_2: autoDraw = False
998.3110 	EXP 	Fixation_2: autoDraw = True
998.4012 	EXP 	Device response: <KeyPress from None: t=998.2792156659998, value=x, duration=0.1202013749998514>
999.2929 	EXP 	line1_2: autoDraw = True
999.2929 	EXP 	line2_2: autoDraw = True
999.2929 	EXP 	line3_2: autoDraw = True
999.2929 	EXP 	line4_2: autoDraw = True
999.3101 	EXP 	Fixation_2: autoDraw = False
1000.2931 	INFO 	Keyboard events cleared
1000.2929 	EXP 	protrianglefixation_2: autoDraw = True
1001.0353 	EXP 	Device response: <KeyPress from None: t=1001.0330878329996, value=v, duration=None>
1001.0359 	EXP 	New trial (rep=47, index=2): <Trial 190 (2 in rep 47) data={'pos': np.int64(50), 'corr_resp': 'c', 'thisN': 190, 'thisTrialN': 2, 'thisRepN': 47}>
1001.0410 	DATA 	Keypress: v
1001.0464 	EXP 	Fixation_2: autoDraw = False
1001.0464 	EXP 	line1_2: autoDraw = False
1001.0464 	EXP 	line2_2: autoDraw = False
1001.0464 	EXP 	line3_2: autoDraw = False
1001.0464 	EXP 	line4_2: autoDraw = False
1001.0464 	EXP 	protrianglefixation_2: autoDraw = False
1001.0464 	EXP 	Fixation_2: autoDraw = True
1001.1450 	EXP 	Device response: <KeyPress from None: t=1001.0330878329996, value=v, duration=0.10429437499988126>
1002.0349 	EXP 	line1_2: autoDraw = True
1002.0349 	EXP 	line2_2: autoDraw = True
1002.0349 	EXP 	line3_2: autoDraw = True
1002.0349 	EXP 	line4_2: autoDraw = True
1002.0610 	EXP 	Fixation_2: autoDraw = False
1003.0343 	INFO 	Keyboard events cleared
1003.0341 	EXP 	protrianglefixation_2: autoDraw = True
1003.9609 	EXP 	Device response: <KeyPress from None: t=1003.9590471249994, value=c, duration=None>
1003.9613 	EXP 	New trial (rep=47, index=3): <Trial 191 (3 in rep 47) data={'pos': np.int64(-150), 'corr_resp': 'z', 'thisN': 191, 'thisTrialN': 3, 'thisRepN': 47}>
1003.9671 	DATA 	Keypress: c
1003.9720 	EXP 	Fixation_2: autoDraw = False
1003.9720 	EXP 	line1_2: autoDraw = False
1003.9720 	EXP 	line2_2: autoDraw = False
1003.9720 	EXP 	line3_2: autoDraw = False
1003.9720 	EXP 	line4_2: autoDraw = False
1003.9720 	EXP 	protrianglefixation_2: autoDraw = False
1003.9720 	EXP 	Fixation_2: autoDraw = True
1004.0616 	EXP 	Device response: <KeyPress from None: t=1003.9590471249994, value=c, duration=0.09621408299972245>
1004.9597 	EXP 	line1_2: autoDraw = True
1004.9597 	EXP 	line2_2: autoDraw = True
1004.9597 	EXP 	line3_2: autoDraw = True
1004.9597 	EXP 	line4_2: autoDraw = True
1004.9668 	EXP 	Fixation_2: autoDraw = False
1005.9597 	INFO 	Keyboard events cleared
1005.9595 	EXP 	protrianglefixation_2: autoDraw = True
1007.0445 	EXP 	Device response: <KeyPress from None: t=1007.0369827909999, value=z, duration=None>
1007.0450 	EXP 	New trial (rep=48, index=0): <Trial 192 (0 in rep 48) data={'pos': np.int64(-150), 'corr_resp': 'z', 'thisN': 192, 'thisTrialN': 0, 'thisRepN': 48}>
1007.0499 	DATA 	Keypress: z
1007.0549 	EXP 	Fixation_2: autoDraw = False
1007.0549 	EXP 	line1_2: autoDraw = False
1007.0549 	EXP 	line2_2: autoDraw = False
1007.0549 	EXP 	line3_2: autoDraw = False
1007.0549 	EXP 	line4_2: autoDraw = False
1007.0549 	EXP 	protrianglefixation_2: autoDraw = False
1007.0549 	EXP 	Fixation_2: autoDraw = True
1007.1679 	EXP 	Device response: <KeyPress from None: t=984.8647374579996, value=z, duration=22.296485374999975>
1008.0430 	EXP 	line1_2: autoDraw = True
1008.0430 	EXP 	line2_2: autoDraw = True
1008.0430 	EXP 	line3_2: autoDraw = True
1008.0430 	EXP 	line4_2: autoDraw = True
1008.0505 	EXP 	Fixation_2: autoDraw = False
1009.0431 	INFO 	Keyboard events cleared
1009.0429 	EXP 	protrianglefixation_2: autoDraw = True
1009.7779 	EXP 	Device response: <KeyPress from None: t=1009.7738240829995, value=z, duration=None>
1009.7783 	EXP 	New trial (rep=48, index=1): <Trial 193 (1 in rep 48) data={'pos': np.int64(50), 'corr_resp': 'c', 'thisN': 193, 'thisTrialN': 1, 'thisRepN': 48}>
1009.7842 	DATA 	Keypress: z
1009.7890 	EXP 	Fixation_2: autoDraw = False
1009.7890 	EXP 	line1_2: autoDraw = False
1009.7890 	EXP 	line2_2: autoDraw = False
1009.7890 	EXP 	line3_2: autoDraw = False
1009.7890 	EXP 	line4_2: autoDraw = False
1009.7890 	EXP 	protrianglefixation_2: autoDraw = False
1009.7890 	EXP 	Fixation_2: autoDraw = True
1009.8851 	EXP 	Device response: <KeyPress from None: t=1007.0369827909999, value=z, duration=2.8452282919997742>
1010.7762 	EXP 	line1_2: autoDraw = True
1010.7762 	EXP 	line2_2: autoDraw = True
1010.7762 	EXP 	line3_2: autoDraw = True
1010.7762 	EXP 	line4_2: autoDraw = True
1010.7832 	EXP 	Fixation_2: autoDraw = False
1011.7763 	INFO 	Keyboard events cleared
1011.7761 	EXP 	protrianglefixation_2: autoDraw = True
1013.3684 	EXP 	Device response: <KeyPress from None: t=1013.36182775, value=c, duration=None>
1013.3689 	EXP 	New trial (rep=48, index=2): <Trial 194 (2 in rep 48) data={'pos': np.int64(150), 'corr_resp': 'v', 'thisN': 194, 'thisTrialN': 2, 'thisRepN': 48}>
1013.3736 	DATA 	Keypress: c
1013.3795 	EXP 	Fixation_2: autoDraw = False
1013.3795 	EXP 	line1_2: autoDraw = False
1013.3795 	EXP 	line2_2: autoDraw = False
1013.3795 	EXP 	line3_2: autoDraw = False
1013.3795 	EXP 	line4_2: autoDraw = False
1013.3795 	EXP 	protrianglefixation_2: autoDraw = False
1013.3795 	EXP 	Fixation_2: autoDraw = True
1013.4115 	EXP 	Device response: <KeyPress from None: t=1013.36182775, value=c, duration=0.04024070799914625>
1014.3674 	EXP 	line1_2: autoDraw = True
1014.3674 	EXP 	line2_2: autoDraw = True
1014.3674 	EXP 	line3_2: autoDraw = True
1014.3674 	EXP 	line4_2: autoDraw = True
1014.3767 	EXP 	Fixation_2: autoDraw = False
1015.3678 	INFO 	Keyboard events cleared
1015.3676 	EXP 	protrianglefixation_2: autoDraw = True
1017.2450 	EXP 	Device response: <KeyPress from None: t=1017.2377430829993, value=v, duration=None>
1017.2454 	EXP 	New trial (rep=48, index=3): <Trial 195 (3 in rep 48) data={'pos': np.int64(-50), 'corr_resp': 'x', 'thisN': 195, 'thisTrialN': 3, 'thisRepN': 48}>
1017.2505 	DATA 	Keypress: v
1017.2555 	EXP 	Fixation_2: autoDraw = False
1017.2555 	EXP 	line1_2: autoDraw = False
1017.2555 	EXP 	line2_2: autoDraw = False
1017.2555 	EXP 	line3_2: autoDraw = False
1017.2555 	EXP 	line4_2: autoDraw = False
1017.2555 	EXP 	protrianglefixation_2: autoDraw = False
1017.2555 	EXP 	Fixation_2: autoDraw = True
1017.3624 	EXP 	Device response: <KeyPress from None: t=1017.2377430829993, value=v, duration=0.12027120800030389>
1018.2428 	EXP 	line1_2: autoDraw = True
1018.2428 	EXP 	line2_2: autoDraw = True
1018.2428 	EXP 	line3_2: autoDraw = True
1018.2428 	EXP 	line4_2: autoDraw = True
1018.2506 	EXP 	Fixation_2: autoDraw = False
1019.2430 	INFO 	Keyboard events cleared
1019.2428 	EXP 	protrianglefixation_2: autoDraw = True
1019.9682 	EXP 	Device response: <KeyPress from None: t=1019.9605176249997, value=x, duration=None>
1019.9687 	EXP 	New trial (rep=49, index=0): <Trial 196 (0 in rep 49) data={'pos': np.int64(50), 'corr_resp': 'c', 'thisN': 196, 'thisTrialN': 0, 'thisRepN': 49}>
1019.9737 	DATA 	Keypress: x
1019.9797 	EXP 	Fixation_2: autoDraw = False
1019.9797 	EXP 	line1_2: autoDraw = False
1019.9797 	EXP 	line2_2: autoDraw = False
1019.9797 	EXP 	line3_2: autoDraw = False
1019.9797 	EXP 	line4_2: autoDraw = False
1019.9797 	EXP 	protrianglefixation_2: autoDraw = False
1019.9797 	EXP 	Fixation_2: autoDraw = True
1020.0617 	EXP 	Device response: <KeyPress from None: t=1019.9605176249997, value=x, duration=0.09243504099958955>
1020.9680 	EXP 	line1_2: autoDraw = True
1020.9680 	EXP 	line2_2: autoDraw = True
1020.9680 	EXP 	line3_2: autoDraw = True
1020.9680 	EXP 	line4_2: autoDraw = True
1020.9768 	EXP 	Fixation_2: autoDraw = False
1021.9678 	INFO 	Keyboard events cleared
1021.9676 	EXP 	protrianglefixation_2: autoDraw = True
1022.8277 	EXP 	Device response: <KeyPress from None: t=1022.8236161249997, value=c, duration=None>
1022.8282 	EXP 	New trial (rep=49, index=1): <Trial 197 (1 in rep 49) data={'pos': np.int64(-50), 'corr_resp': 'x', 'thisN': 197, 'thisTrialN': 1, 'thisRepN': 49}>
1022.8334 	DATA 	Keypress: c
1022.8383 	EXP 	Fixation_2: autoDraw = False
1022.8383 	EXP 	line1_2: autoDraw = False
1022.8383 	EXP 	line2_2: autoDraw = False
1022.8383 	EXP 	line3_2: autoDraw = False
1022.8383 	EXP 	line4_2: autoDraw = False
1022.8383 	EXP 	protrianglefixation_2: autoDraw = False
1022.8383 	EXP 	Fixation_2: autoDraw = True
1022.9117 	EXP 	Device response: <KeyPress from None: t=1022.8236161249997, value=c, duration=0.0802670829998533>
1023.8262 	EXP 	line1_2: autoDraw = True
1023.8262 	EXP 	line2_2: autoDraw = True
1023.8262 	EXP 	line3_2: autoDraw = True
1023.8262 	EXP 	line4_2: autoDraw = True
1023.8337 	EXP 	Fixation_2: autoDraw = False
1024.8177 	INFO 	Keyboard events cleared
1024.8176 	EXP 	protrianglefixation_2: autoDraw = True
1026.2278 	EXP 	Device response: <KeyPress from None: t=1026.221377291, value=x, duration=None>
1026.2283 	EXP 	New trial (rep=49, index=2): <Trial 198 (2 in rep 49) data={'pos': np.int64(150), 'corr_resp': 'v', 'thisN': 198, 'thisTrialN': 2, 'thisRepN': 49}>
1026.2336 	DATA 	Keypress: x
1026.2386 	EXP 	Fixation_2: autoDraw = False
1026.2386 	EXP 	line1_2: autoDraw = False
1026.2386 	EXP 	line2_2: autoDraw = False
1026.2386 	EXP 	line3_2: autoDraw = False
1026.2386 	EXP 	line4_2: autoDraw = False
1026.2386 	EXP 	protrianglefixation_2: autoDraw = False
1026.2386 	EXP 	Fixation_2: autoDraw = True
1026.3124 	EXP 	Device response: <KeyPress from None: t=1026.221377291, value=x, duration=0.08836849999988772>
1027.2262 	EXP 	line1_2: autoDraw = True
1027.2262 	EXP 	line2_2: autoDraw = True
1027.2262 	EXP 	line3_2: autoDraw = True
1027.2262 	EXP 	line4_2: autoDraw = True
1027.2336 	EXP 	Fixation_2: autoDraw = False
1028.2263 	INFO 	Keyboard events cleared
1028.2261 	EXP 	protrianglefixation_2: autoDraw = True
1029.0182 	EXP 	Device response: <KeyPress from None: t=1029.012441291, value=v, duration=None>
1029.0187 	EXP 	New trial (rep=49, index=3): <Trial 199 (3 in rep 49) data={'pos': np.int64(-150), 'corr_resp': 'z', 'thisN': 199, 'thisTrialN': 3, 'thisRepN': 49}>
1029.0237 	DATA 	Keypress: v
1029.0296 	EXP 	Fixation_2: autoDraw = False
1029.0296 	EXP 	line1_2: autoDraw = False
1029.0296 	EXP 	line2_2: autoDraw = False
1029.0296 	EXP 	line3_2: autoDraw = False
1029.0296 	EXP 	line4_2: autoDraw = False
1029.0296 	EXP 	protrianglefixation_2: autoDraw = False
1029.0296 	EXP 	Fixation_2: autoDraw = True
1029.1017 	EXP 	Device response: <KeyPress from None: t=1029.012441291, value=v, duration=0.08433733399942867>
1030.0173 	EXP 	line1_2: autoDraw = True
1030.0173 	EXP 	line2_2: autoDraw = True
1030.0173 	EXP 	line3_2: autoDraw = True
1030.0173 	EXP 	line4_2: autoDraw = True
1030.0265 	EXP 	Fixation_2: autoDraw = False
1031.0279 	INFO 	Keyboard events cleared
1031.0277 	EXP 	protrianglefixation_2: autoDraw = True
1031.8850 	EXP 	Device response: <KeyPress from None: t=1031.8823254579993, value=z, duration=None>
1031.8907 	DATA 	Keypress: z
1031.8969 	EXP 	Fixation_2: autoDraw = False
1031.8969 	EXP 	line1_2: autoDraw = False
1031.8969 	EXP 	line2_2: autoDraw = False
1031.8969 	EXP 	line3_2: autoDraw = False
1031.8969 	EXP 	line4_2: autoDraw = False
1031.8969 	EXP 	protrianglefixation_2: autoDraw = False
1031.8971 	EXP 	Motor sequence Learning task_Recent_Experiment_Tutorial 4_Urvashi Bhansali_AU2320139: status = STOPPED
1032.0027 	INFO 	saved data to '/Users/urvashibhansali/Documents/AU (1-4 years) /3rd Year/Semester 5 Monsoon 25-26/PSY310/Psychopy/Youtube Psychopy Tutorials/Motor Sequence Learning Task (4)/Psychopy Experiment files/data/u-2_50_Motor sequence Learning task_Recent_Experiment_Tutorial 4_Urvashi Bhansali_AU2320139_2025-10-01_15h06.22.884.csv'
1032.0071 	INFO 	saved data to /Users/urvashibhansali/Documents/AU (1-4 years) /3rd Year/Semester 5 Monsoon 25-26/PSY310/Psychopy/Youtube Psychopy Tutorials/Motor Sequence Learning Task (4)/Psychopy Experiment files/data/u-2_50_Motor sequence Learning task_Recent_Experiment_Tutorial 4_Urvashi Bhansali_AU2320139_2025-10-01_15h06.22.884.psydat
1032.2085 	WARNING 	Stopping key buffers but this could be dangerous ifother keyboards rely on the same.
