26.2370 	WARNING 	Font Manager failed to load file /System/Library/PrivateFrameworks/FontServices.framework/Resources/Reserved/PingFangUI.ttc
26.2821 	WARNING 	Font Manager failed to load file /System/Library/PrivateFrameworks/FontServices.framework/Resources/Reserved/PingFangUI.ttc
32.5125 	INFO 	Loaded monitor calibration from ['2025_08_12 07:11']
32.5285 	WARNING 	User requested fullscreen with size [1024  768], but screen is actually [1470, 956]. Using actual size
32.7803 	INFO 	Using renderer 'Apple M2' for graphics
32.7803 	INFO 	OpenGL version supported by driver is 2..
32.8380 	EXP 	Created window1 = Window(allowGUI=False, allowStencil=False, autoLog=True, backendConf=UNKNOWN, backgroundFit=<method-wrapper '__getattribute__' of attributeSetter object at 0x154b928f0>, backgroundImage=<method-wrapper '__getattribute__' of attributeSetter object at 0x154b92950>, bitsMode=UNKNOWN, blendMode='avg', bpc=(8, 8, 8), color=array([0, 0, 0]), colorSpace='rgb', depthBits=8, fullscr=True, gamma=None, gammaErrorPolicy='raise', infoMsg=UNKNOWN, lms=UNKNOWN, monitor=<psychopy.monitors.calibTools.Monitor object at 0x154b32c20>, multiSample=False, name='window1', numSamples=2, pos=[np.float64(0.0), np.float64(0.0)], screen=0, size=array([2940, 1912]), stencilBits=0, stereo=False, title='PsychoPy', units='height', useFBO=True, useRetina=True, viewOri=0.0, viewPos=None, viewScale=None, waitBlanking=True, winType='pyglet')
32.8381 	EXP 	window1: backgroundImage = ''
32.8381 	EXP 	window1: backgroundFit = 'none'
33.1818 	EXP 	window1: Attempting to measure frame rate of screen (0) ...
33.1818 	EXP 	window1: recordFrameIntervals = False
33.4665 	EXP 	window1: recordFrameIntervals = True
33.9781 	WARNING 	t of last frame was 27.25ms (=1/36)
34.3277 	WARNING 	Couldn't measure a consistent frame rate!
  - Is your graphics card set to sync to vertical blank?
  - Are you running other processes on your computer?

35.5975 	INFO 	keyboard.Keyboard is using ptb backend.
35.5975 	EXP 	Motor sequence Learning task_Recent_Experiment_Tutorial 4_Urvashi Bhansali_AU2320139: status = STARTED
35.6043 	EXP 	Created Fixation = ShapeStim(__class__=<class 'psychopy.visual.shape.ShapeStim'>, anchor=('center', 'center'), autoDraw=False, autoLog=True, closeShape=True, color=method-wrapper(...), colorSpace='rgb', contrast=None, depth=0.0, draggable=False, fillColor=array([-1.    ,  0.0902,  0.0902]), fillColorSpace='rgb', fillRGB=array([-1.    ,  0.0902,  0.0902]), interpolate=True, lineColor=array([1., 1., 1.]), lineColorSpace='rgb', lineRGB=array([1, 1, 1]), lineWidth=1.0, name='Fixation', opacity=1, ori=0.0, pos=array([0., 0.]), size=array([10., 10.]), units='pix', vertices=ndarray(...), win=Window(...), windingRule=None)
35.6050 	EXP 	Created line1 = Rect(__class__=<class 'psychopy.visual.rect.Rect'>, anchor=('center', 'center'), autoDraw=False, autoLog=True, closeShape=True, color=method-wrapper(...), colorSpace='rgb', contrast=None, depth=-1.0, draggable=False, fillColor=array([1, 1, 1]), fillColorSpace='rgb', fillRGB=array([1, 1, 1]), interpolate=True, lineColor=array([1., 1., 1.]), lineColorSpace='rgb', lineRGB=array([1, 1, 1]), lineWidth=1.0, name='line1', opacity=1, ori=90.0, pos=array([-150.,    0.]), size=array([100.,  10.]), units='pix', vertices=ndarray(...), win=Window(...))
35.6056 	EXP 	Created line2 = Rect(__class__=<class 'psychopy.visual.rect.Rect'>, anchor=('center', 'center'), autoDraw=False, autoLog=True, closeShape=True, color=method-wrapper(...), colorSpace='rgb', contrast=None, depth=-2.0, draggable=False, fillColor=array([1, 1, 1]), fillColorSpace='rgb', fillRGB=array([1, 1, 1]), interpolate=True, lineColor=array([1., 1., 1.]), lineColorSpace='rgb', lineRGB=array([1, 1, 1]), lineWidth=1.0, name='line2', opacity=1, ori=90.0, pos=array([-50.,   0.]), size=array([100.,  10.]), units='pix', vertices=ndarray(...), win=Window(...))
35.6062 	EXP 	Created line3 = Rect(__class__=<class 'psychopy.visual.rect.Rect'>, anchor=('center', 'center'), autoDraw=False, autoLog=True, closeShape=True, color=method-wrapper(...), colorSpace='rgb', contrast=None, depth=-3.0, draggable=False, fillColor=array([1, 1, 1]), fillColorSpace='rgb', fillRGB=array([1, 1, 1]), interpolate=True, lineColor=array([1., 1., 1.]), lineColorSpace='rgb', lineRGB=array([1, 1, 1]), lineWidth=1.0, name='line3', opacity=1, ori=90.0, pos=array([50.,  0.]), size=array([100.,  10.]), units='pix', vertices=ndarray(...), win=Window(...))
35.6068 	EXP 	Created line4 = Rect(__class__=<class 'psychopy.visual.rect.Rect'>, anchor=('center', 'center'), autoDraw=False, autoLog=True, closeShape=True, color=method-wrapper(...), colorSpace='rgb', contrast=None, depth=-4.0, draggable=False, fillColor=array([1, 1, 1]), fillColorSpace='rgb', fillRGB=array([1, 1, 1]), interpolate=True, lineColor=array([1., 1., 1.]), lineColorSpace='rgb', lineRGB=array([1, 1, 1]), lineWidth=1.0, name='line4', opacity=1, ori=90.0, pos=array([150.,   0.]), size=array([100.,  10.]), units='pix', vertices=ndarray(...), win=Window(...))
35.6081 	EXP 	Created protrianglefixation = ShapeStim(__class__=<class 'psychopy.visual.shape.ShapeStim'>, anchor=('center', 'center'), autoDraw=False, autoLog=True, closeShape=True, color=method-wrapper(...), colorSpace='rgb', contrast=None, depth=-5.0, draggable=False, fillColor=array([1, 1, 1]), fillColorSpace='rgb', fillRGB=array([1, 1, 1]), interpolate=True, lineColor=array([1., 1., 1.]), lineColorSpace='rgb', lineRGB=array([1, 1, 1]), lineWidth=1.0, name='protrianglefixation', opacity=1, ori=0.0, pos=array([0., 0.]), size=array([10., 10.]), units='pix', vertices=ndarray(...), win=Window(...), windingRule=None)
35.6108 	EXP 	Created Fixation_2 = ShapeStim(__class__=<class 'psychopy.visual.shape.ShapeStim'>, anchor=('center', 'center'), autoDraw=False, autoLog=True, closeShape=True, color=method-wrapper(...), colorSpace='rgb', contrast=None, depth=0.0, draggable=False, fillColor=array([-1.    ,  0.0902,  0.0902]), fillColorSpace='rgb', fillRGB=array([-1.    ,  0.0902,  0.0902]), interpolate=True, lineColor=array([1., 1., 1.]), lineColorSpace='rgb', lineRGB=array([1, 1, 1]), lineWidth=1.0, name='Fixation_2', opacity=1, ori=0.0, pos=array([0., 0.]), size=array([10., 10.]), units='pix', vertices=ndarray(...), win=Window(...), windingRule=None)
35.6114 	EXP 	Created line1_2 = Rect(__class__=<class 'psychopy.visual.rect.Rect'>, anchor=('center', 'center'), autoDraw=False, autoLog=True, closeShape=True, color=method-wrapper(...), colorSpace='rgb', contrast=None, depth=-1.0, draggable=False, fillColor=array([1, 1, 1]), fillColorSpace='rgb', fillRGB=array([1, 1, 1]), interpolate=True, lineColor=array([1., 1., 1.]), lineColorSpace='rgb', lineRGB=array([1, 1, 1]), lineWidth=1.0, name='line1_2', opacity=1, ori=90.0, pos=array([-150.,    0.]), size=array([100.,  10.]), units='pix', vertices=ndarray(...), win=Window(...))
35.6120 	EXP 	Created line2_2 = Rect(__class__=<class 'psychopy.visual.rect.Rect'>, anchor=('center', 'center'), autoDraw=False, autoLog=True, closeShape=True, color=method-wrapper(...), colorSpace='rgb', contrast=None, depth=-2.0, draggable=False, fillColor=array([1, 1, 1]), fillColorSpace='rgb', fillRGB=array([1, 1, 1]), interpolate=True, lineColor=array([1., 1., 1.]), lineColorSpace='rgb', lineRGB=array([1, 1, 1]), lineWidth=1.0, name='line2_2', opacity=1, ori=90.0, pos=array([-50.,   0.]), size=array([100.,  10.]), units='pix', vertices=ndarray(...), win=Window(...))
35.6126 	EXP 	Created line3_2 = Rect(__class__=<class 'psychopy.visual.rect.Rect'>, anchor=('center', 'center'), autoDraw=False, autoLog=True, closeShape=True, color=method-wrapper(...), colorSpace='rgb', contrast=None, depth=-3.0, draggable=False, fillColor=array([1, 1, 1]), fillColorSpace='rgb', fillRGB=array([1, 1, 1]), interpolate=True, lineColor=array([1., 1., 1.]), lineColorSpace='rgb', lineRGB=array([1, 1, 1]), lineWidth=1.0, name='line3_2', opacity=1, ori=90.0, pos=array([50.,  0.]), size=array([100.,  10.]), units='pix', vertices=ndarray(...), win=Window(...))
35.6132 	EXP 	Created line4_2 = Rect(__class__=<class 'psychopy.visual.rect.Rect'>, anchor=('center', 'center'), autoDraw=False, autoLog=True, closeShape=True, color=method-wrapper(...), colorSpace='rgb', contrast=None, depth=-4.0, draggable=False, fillColor=array([1, 1, 1]), fillColorSpace='rgb', fillRGB=array([1, 1, 1]), interpolate=True, lineColor=array([1., 1., 1.]), lineColorSpace='rgb', lineRGB=array([1, 1, 1]), lineWidth=1.0, name='line4_2', opacity=1, ori=90.0, pos=array([150.,   0.]), size=array([100.,  10.]), units='pix', vertices=ndarray(...), win=Window(...))
35.6140 	EXP 	Created protrianglefixation_2 = ShapeStim(__class__=<class 'psychopy.visual.shape.ShapeStim'>, anchor=('center', 'center'), autoDraw=False, autoLog=True, closeShape=True, color=method-wrapper(...), colorSpace='rgb', contrast=None, depth=-5.0, draggable=False, fillColor=array([1, 1, 1]), fillColorSpace='rgb', fillRGB=array([1, 1, 1]), interpolate=True, lineColor=array([1., 1., 1.]), lineColorSpace='rgb', lineRGB=array([1, 1, 1]), lineWidth=1.0, name='protrianglefixation_2', opacity=1, ori=0.0, pos=array([0., 0.]), size=array([10., 10.]), units='pix', vertices=ndarray(...), win=Window(...), windingRule=None)
0.0327 	EXP 	Imported /Users/urvashibhansali/Documents/AU (1-4 years) /3rd Year/Semester 5 Monsoon 25-26/Lab in Psychology PSY310/Lab Reports/Motor Sequential Task/Visual variables.csv as conditions, 4 conditions, 2 params
0.0384 	EXP 	New trial (rep=0, index=0): <Trial 0 (0 in rep 0) data={'pos': np.int64(-50), 'corr_resp': 'x', 'thisN': 0, 'thisTrialN': 0, 'thisRepN': 0}>
0.0553 	WARNING 	t of last frame was 48.11ms (=1/20)
0.0553 	EXP 	Fixation: autoDraw = True
0.0966 	WARNING 	t of last frame was 25.09ms (=1/39)
1.0273 	WARNING 	t of last frame was 40.07ms (=1/24)
1.0273 	EXP 	line1: autoDraw = True
1.0273 	EXP 	line2: autoDraw = True
1.0273 	EXP 	line3: autoDraw = True
1.0273 	EXP 	line4: autoDraw = True
1.0516 	EXP 	Fixation: autoDraw = False
2.0146 	INFO 	Keyboard events cleared
2.0147 	WARNING 	Multiple dropped frames have occurred - I'll stop bothering you about them!
2.0144 	EXP 	protrianglefixation: autoDraw = True
5.1626 	EXP 	Device response: <KeyPress from None: t=4.903675416993792, value=x, duration=None>
5.1628 	EXP 	Device response: <KeyPress from None: t=4.903675416993792, value=x, duration=0.04818662500474602>
5.1629 	EXP 	New trial (rep=0, index=1): <Trial 1 (1 in rep 0) data={'pos': np.int64(150), 'corr_resp': 'v', 'thisN': 1, 'thisTrialN': 1, 'thisRepN': 0}>
5.1807 	DATA 	Keypress: x
5.1850 	EXP 	Fixation: autoDraw = False
5.1850 	EXP 	line1: autoDraw = False
5.1850 	EXP 	line2: autoDraw = False
5.1850 	EXP 	line3: autoDraw = False
5.1850 	EXP 	line4: autoDraw = False
5.1850 	EXP 	protrianglefixation: autoDraw = False
5.1850 	EXP 	Fixation: autoDraw = True
6.1549 	EXP 	line1: autoDraw = True
6.1549 	EXP 	line2: autoDraw = True
6.1549 	EXP 	line3: autoDraw = True
6.1549 	EXP 	line4: autoDraw = True
6.1798 	EXP 	Fixation: autoDraw = False
7.1557 	INFO 	Keyboard events cleared
7.1555 	EXP 	protrianglefixation: autoDraw = True
9.5983 	EXP 	Device response: <KeyPress from None: t=9.594414749997668, value=v, duration=None>
9.5987 	EXP 	New trial (rep=0, index=2): <Trial 2 (2 in rep 0) data={'pos': np.int64(50), 'corr_resp': 'c', 'thisN': 2, 'thisTrialN': 2, 'thisRepN': 0}>
9.6033 	DATA 	Keypress: v
9.6080 	EXP 	Fixation: autoDraw = False
9.6080 	EXP 	line1: autoDraw = False
9.6080 	EXP 	line2: autoDraw = False
9.6080 	EXP 	line3: autoDraw = False
9.6080 	EXP 	line4: autoDraw = False
9.6080 	EXP 	protrianglefixation: autoDraw = False
9.6080 	EXP 	Fixation: autoDraw = True
9.7146 	EXP 	Device response: <KeyPress from None: t=9.594414749997668, value=v, duration=0.11606641700200271>
10.5965 	EXP 	line1: autoDraw = True
10.5965 	EXP 	line2: autoDraw = True
10.5965 	EXP 	line3: autoDraw = True
10.5965 	EXP 	line4: autoDraw = True
10.6040 	EXP 	Fixation: autoDraw = False
11.5984 	INFO 	Keyboard events cleared
11.5982 	EXP 	protrianglefixation: autoDraw = True
12.6810 	EXP 	Device response: <KeyPress from None: t=12.677971124998294, value=c, duration=None>
12.6816 	EXP 	New trial (rep=0, index=3): <Trial 3 (3 in rep 0) data={'pos': np.int64(-150), 'corr_resp': 'z', 'thisN': 3, 'thisTrialN': 3, 'thisRepN': 0}>
12.6871 	DATA 	Keypress: c
12.6920 	EXP 	Fixation: autoDraw = False
12.6920 	EXP 	line1: autoDraw = False
12.6920 	EXP 	line2: autoDraw = False
12.6920 	EXP 	line3: autoDraw = False
12.6920 	EXP 	line4: autoDraw = False
12.6920 	EXP 	protrianglefixation: autoDraw = False
12.6920 	EXP 	Fixation: autoDraw = True
12.8716 	EXP 	Device response: <KeyPress from None: t=12.677971124998294, value=c, duration=0.18842195799516048>
13.6798 	EXP 	line1: autoDraw = True
13.6798 	EXP 	line2: autoDraw = True
13.6798 	EXP 	line3: autoDraw = True
13.6798 	EXP 	line4: autoDraw = True
13.6879 	EXP 	Fixation: autoDraw = False
14.6815 	INFO 	Keyboard events cleared
14.6813 	EXP 	protrianglefixation: autoDraw = True
15.2717 	EXP 	Device response: <KeyPress from None: t=15.270348916994408, value=z, duration=None>
15.2721 	EXP 	New trial (rep=1, index=0): <Trial 4 (0 in rep 1) data={'pos': np.int64(-50), 'corr_resp': 'x', 'thisN': 4, 'thisTrialN': 0, 'thisRepN': 1}>
15.2773 	DATA 	Keypress: z
15.2835 	EXP 	Fixation: autoDraw = False
15.2835 	EXP 	line1: autoDraw = False
15.2835 	EXP 	line2: autoDraw = False
15.2835 	EXP 	line3: autoDraw = False
15.2835 	EXP 	line4: autoDraw = False
15.2835 	EXP 	protrianglefixation: autoDraw = False
15.2835 	EXP 	Fixation: autoDraw = True
15.4883 	EXP 	Device response: <KeyPress from None: t=15.270348916994408, value=z, duration=0.2160124160000123>
16.2713 	EXP 	line1: autoDraw = True
16.2713 	EXP 	line2: autoDraw = True
16.2713 	EXP 	line3: autoDraw = True
16.2713 	EXP 	line4: autoDraw = True
16.2798 	EXP 	Fixation: autoDraw = False
17.2713 	INFO 	Keyboard events cleared
17.2711 	EXP 	protrianglefixation: autoDraw = True
17.9549 	EXP 	Device response: <KeyPress from None: t=17.949035541998455, value=x, duration=None>
17.9553 	EXP 	New trial (rep=1, index=1): <Trial 5 (1 in rep 1) data={'pos': np.int64(150), 'corr_resp': 'v', 'thisN': 5, 'thisTrialN': 1, 'thisRepN': 1}>
17.9605 	DATA 	Keypress: x
17.9669 	EXP 	Fixation: autoDraw = False
17.9669 	EXP 	line1: autoDraw = False
17.9669 	EXP 	line2: autoDraw = False
17.9669 	EXP 	line3: autoDraw = False
17.9669 	EXP 	line4: autoDraw = False
17.9669 	EXP 	protrianglefixation: autoDraw = False
17.9669 	EXP 	Fixation: autoDraw = True
18.1380 	EXP 	Device response: <KeyPress from None: t=17.949035541998455, value=x, duration=0.18416845799947623>
18.9542 	EXP 	line1: autoDraw = True
18.9542 	EXP 	line2: autoDraw = True
18.9542 	EXP 	line3: autoDraw = True
18.9542 	EXP 	line4: autoDraw = True
18.9633 	EXP 	Fixation: autoDraw = False
19.9469 	INFO 	Keyboard events cleared
19.9467 	EXP 	protrianglefixation: autoDraw = True
20.4215 	EXP 	Device response: <KeyPress from None: t=20.418906624996453, value=v, duration=None>
20.4219 	EXP 	New trial (rep=1, index=2): <Trial 6 (2 in rep 1) data={'pos': np.int64(50), 'corr_resp': 'c', 'thisN': 6, 'thisTrialN': 2, 'thisRepN': 1}>
20.4270 	DATA 	Keypress: v
20.4483 	EXP 	Fixation: autoDraw = False
20.4483 	EXP 	line1: autoDraw = False
20.4483 	EXP 	line2: autoDraw = False
20.4483 	EXP 	line3: autoDraw = False
20.4483 	EXP 	line4: autoDraw = False
20.4483 	EXP 	protrianglefixation: autoDraw = False
20.4483 	EXP 	Fixation: autoDraw = True
20.6483 	EXP 	Device response: <KeyPress from None: t=20.418906624996453, value=v, duration=0.22025479200237896>
21.4215 	EXP 	line1: autoDraw = True
21.4215 	EXP 	line2: autoDraw = True
21.4215 	EXP 	line3: autoDraw = True
21.4215 	EXP 	line4: autoDraw = True
21.4475 	EXP 	Fixation: autoDraw = False
22.4216 	INFO 	Keyboard events cleared
22.4214 	EXP 	protrianglefixation: autoDraw = True
23.0390 	EXP 	Device response: <KeyPress from None: t=23.031754208001075, value=c, duration=None>
23.0394 	EXP 	New trial (rep=1, index=3): <Trial 7 (3 in rep 1) data={'pos': np.int64(-150), 'corr_resp': 'z', 'thisN': 7, 'thisTrialN': 3, 'thisRepN': 1}>
23.0445 	DATA 	Keypress: c
23.0505 	EXP 	Fixation: autoDraw = False
23.0505 	EXP 	line1: autoDraw = False
23.0505 	EXP 	line2: autoDraw = False
23.0505 	EXP 	line3: autoDraw = False
23.0505 	EXP 	line4: autoDraw = False
23.0505 	EXP 	protrianglefixation: autoDraw = False
23.0505 	EXP 	Fixation: autoDraw = True
23.2161 	EXP 	Device response: <KeyPress from None: t=23.031754208001075, value=c, duration=0.18118008399324026>
24.0390 	EXP 	line1: autoDraw = True
24.0390 	EXP 	line2: autoDraw = True
24.0390 	EXP 	line3: autoDraw = True
24.0390 	EXP 	line4: autoDraw = True
24.0646 	EXP 	Fixation: autoDraw = False
25.0379 	INFO 	Keyboard events cleared
25.0378 	EXP 	protrianglefixation: autoDraw = True
25.6148 	EXP 	Device response: <KeyPress from None: t=25.61194370800513, value=z, duration=None>
25.6153 	EXP 	New trial (rep=2, index=0): <Trial 8 (0 in rep 2) data={'pos': np.int64(-50), 'corr_resp': 'x', 'thisN': 8, 'thisTrialN': 0, 'thisRepN': 2}>
25.6207 	DATA 	Keypress: z
25.6260 	EXP 	Fixation: autoDraw = False
25.6260 	EXP 	line1: autoDraw = False
25.6260 	EXP 	line2: autoDraw = False
25.6260 	EXP 	line3: autoDraw = False
25.6260 	EXP 	line4: autoDraw = False
25.6260 	EXP 	protrianglefixation: autoDraw = False
25.6260 	EXP 	Fixation: autoDraw = True
25.7982 	EXP 	Device response: <KeyPress from None: t=25.61194370800513, value=z, duration=0.18015524999646004>
26.6130 	EXP 	line1: autoDraw = True
26.6130 	EXP 	line2: autoDraw = True
26.6130 	EXP 	line3: autoDraw = True
26.6130 	EXP 	line4: autoDraw = True
26.6202 	EXP 	Fixation: autoDraw = False
27.6136 	INFO 	Keyboard events cleared
27.6134 	EXP 	protrianglefixation: autoDraw = True
28.3218 	EXP 	Device response: <KeyPress from None: t=28.31469354199362, value=x, duration=None>
28.3222 	EXP 	New trial (rep=2, index=1): <Trial 9 (1 in rep 2) data={'pos': np.int64(150), 'corr_resp': 'v', 'thisN': 9, 'thisTrialN': 1, 'thisRepN': 2}>
28.3274 	DATA 	Keypress: x
28.3337 	EXP 	Fixation: autoDraw = False
28.3337 	EXP 	line1: autoDraw = False
28.3337 	EXP 	line2: autoDraw = False
28.3337 	EXP 	line3: autoDraw = False
28.3337 	EXP 	line4: autoDraw = False
28.3337 	EXP 	protrianglefixation: autoDraw = False
28.3337 	EXP 	Fixation: autoDraw = True
28.5049 	EXP 	Device response: <KeyPress from None: t=28.31469354199362, value=x, duration=0.1842892910062801>
29.3209 	EXP 	line1: autoDraw = True
29.3209 	EXP 	line2: autoDraw = True
29.3209 	EXP 	line3: autoDraw = True
29.3209 	EXP 	line4: autoDraw = True
29.3299 	EXP 	Fixation: autoDraw = False
30.3218 	INFO 	Keyboard events cleared
30.3217 	EXP 	protrianglefixation: autoDraw = True
31.0646 	EXP 	Device response: <KeyPress from None: t=31.057761000003666, value=v, duration=None>
31.0651 	EXP 	New trial (rep=2, index=2): <Trial 10 (2 in rep 2) data={'pos': np.int64(50), 'corr_resp': 'c', 'thisN': 10, 'thisTrialN': 2, 'thisRepN': 2}>
31.0706 	DATA 	Keypress: v
31.0755 	EXP 	Fixation: autoDraw = False
31.0755 	EXP 	line1: autoDraw = False
31.0755 	EXP 	line2: autoDraw = False
31.0755 	EXP 	line3: autoDraw = False
31.0755 	EXP 	line4: autoDraw = False
31.0755 	EXP 	protrianglefixation: autoDraw = False
31.0755 	EXP 	Fixation: autoDraw = True
31.2885 	EXP 	Device response: <KeyPress from None: t=31.057761000003666, value=v, duration=0.2242551669914974>
32.0630 	EXP 	line1: autoDraw = True
32.0630 	EXP 	line2: autoDraw = True
32.0630 	EXP 	line3: autoDraw = True
32.0630 	EXP 	line4: autoDraw = True
32.0710 	EXP 	Fixation: autoDraw = False
33.0635 	INFO 	Keyboard events cleared
33.0632 	EXP 	protrianglefixation: autoDraw = True
33.7220 	EXP 	Device response: <KeyPress from None: t=33.72057025000686, value=c, duration=None>
33.7224 	EXP 	New trial (rep=2, index=3): <Trial 11 (3 in rep 2) data={'pos': np.int64(-150), 'corr_resp': 'z', 'thisN': 11, 'thisTrialN': 3, 'thisRepN': 2}>
33.7280 	DATA 	Keypress: c
33.7338 	EXP 	Fixation: autoDraw = False
33.7338 	EXP 	line1: autoDraw = False
33.7338 	EXP 	line2: autoDraw = False
33.7338 	EXP 	line3: autoDraw = False
33.7338 	EXP 	line4: autoDraw = False
33.7338 	EXP 	protrianglefixation: autoDraw = False
33.7338 	EXP 	Fixation: autoDraw = True
33.9052 	EXP 	Device response: <KeyPress from None: t=33.72057025000686, value=c, duration=0.18033379199914634>
34.7212 	EXP 	line1: autoDraw = True
34.7212 	EXP 	line2: autoDraw = True
34.7212 	EXP 	line3: autoDraw = True
34.7212 	EXP 	line4: autoDraw = True
34.7301 	EXP 	Fixation: autoDraw = False
35.7219 	INFO 	Keyboard events cleared
35.7217 	EXP 	protrianglefixation: autoDraw = True
36.3481 	EXP 	Device response: <KeyPress from None: t=36.338421124994056, value=z, duration=None>
36.3487 	EXP 	New trial (rep=3, index=0): <Trial 12 (0 in rep 3) data={'pos': np.int64(-50), 'corr_resp': 'x', 'thisN': 12, 'thisTrialN': 0, 'thisRepN': 3}>
36.3543 	DATA 	Keypress: z
36.3593 	EXP 	Fixation: autoDraw = False
36.3593 	EXP 	line1: autoDraw = False
36.3593 	EXP 	line2: autoDraw = False
36.3593 	EXP 	line3: autoDraw = False
36.3593 	EXP 	line4: autoDraw = False
36.3593 	EXP 	protrianglefixation: autoDraw = False
36.3593 	EXP 	Fixation: autoDraw = True
36.5160 	EXP 	Device response: <KeyPress from None: t=36.338421124994056, value=z, duration=0.17244858300546184>
37.3465 	EXP 	line1: autoDraw = True
37.3465 	EXP 	line2: autoDraw = True
37.3465 	EXP 	line3: autoDraw = True
37.3465 	EXP 	line4: autoDraw = True
37.3538 	EXP 	Fixation: autoDraw = False
38.3465 	INFO 	Keyboard events cleared
38.3464 	EXP 	protrianglefixation: autoDraw = True
39.0402 	EXP 	Device response: <KeyPress from None: t=39.03249016699556, value=x, duration=None>
39.0406 	EXP 	New trial (rep=3, index=1): <Trial 13 (1 in rep 3) data={'pos': np.int64(150), 'corr_resp': 'v', 'thisN': 13, 'thisTrialN': 1, 'thisRepN': 3}>
39.0457 	DATA 	Keypress: x
39.0508 	EXP 	Fixation: autoDraw = False
39.0508 	EXP 	line1: autoDraw = False
39.0508 	EXP 	line2: autoDraw = False
39.0508 	EXP 	line3: autoDraw = False
39.0508 	EXP 	line4: autoDraw = False
39.0508 	EXP 	protrianglefixation: autoDraw = False
39.0508 	EXP 	Fixation: autoDraw = True
39.2318 	EXP 	Device response: <KeyPress from None: t=39.03249016699556, value=x, duration=0.19238516601035371>
40.0380 	EXP 	line1: autoDraw = True
40.0380 	EXP 	line2: autoDraw = True
40.0380 	EXP 	line3: autoDraw = True
40.0380 	EXP 	line4: autoDraw = True
40.0465 	EXP 	Fixation: autoDraw = False
41.0390 	INFO 	Keyboard events cleared
41.0388 	EXP 	protrianglefixation: autoDraw = True
41.6161 	EXP 	Device response: <KeyPress from None: t=41.6025243329932, value=v, duration=None>
41.6169 	EXP 	New trial (rep=3, index=2): <Trial 14 (2 in rep 3) data={'pos': np.int64(50), 'corr_resp': 'c', 'thisN': 14, 'thisTrialN': 2, 'thisRepN': 3}>
41.6227 	DATA 	Keypress: v
41.6300 	EXP 	Fixation: autoDraw = False
41.6300 	EXP 	line1: autoDraw = False
41.6300 	EXP 	line2: autoDraw = False
41.6300 	EXP 	line3: autoDraw = False
41.6300 	EXP 	line4: autoDraw = False
41.6300 	EXP 	protrianglefixation: autoDraw = False
41.6300 	EXP 	Fixation: autoDraw = True
41.7983 	EXP 	Device response: <KeyPress from None: t=41.6025243329932, value=v, duration=0.18422037501295563>
42.6130 	EXP 	line1: autoDraw = True
42.6130 	EXP 	line2: autoDraw = True
42.6130 	EXP 	line3: autoDraw = True
42.6130 	EXP 	line4: autoDraw = True
42.6203 	EXP 	Fixation: autoDraw = False
43.6134 	INFO 	Keyboard events cleared
43.6132 	EXP 	protrianglefixation: autoDraw = True
44.3886 	EXP 	Device response: <KeyPress from None: t=44.385315374995116, value=c, duration=None>
44.3892 	EXP 	New trial (rep=3, index=3): <Trial 15 (3 in rep 3) data={'pos': np.int64(-150), 'corr_resp': 'z', 'thisN': 15, 'thisTrialN': 3, 'thisRepN': 3}>
44.3944 	DATA 	Keypress: c
44.4005 	EXP 	Fixation: autoDraw = False
44.4005 	EXP 	line1: autoDraw = False
44.4005 	EXP 	line2: autoDraw = False
44.4005 	EXP 	line3: autoDraw = False
44.4005 	EXP 	line4: autoDraw = False
44.4005 	EXP 	protrianglefixation: autoDraw = False
44.4005 	EXP 	Fixation: autoDraw = True
44.5152 	EXP 	Device response: <KeyPress from None: t=44.385315374995116, value=c, duration=0.12458583300758619>
45.3880 	EXP 	line1: autoDraw = True
45.3880 	EXP 	line2: autoDraw = True
45.3880 	EXP 	line3: autoDraw = True
45.3880 	EXP 	line4: autoDraw = True
45.3964 	EXP 	Fixation: autoDraw = False
46.3884 	INFO 	Keyboard events cleared
46.3882 	EXP 	protrianglefixation: autoDraw = True
46.8977 	EXP 	Device response: <KeyPress from None: t=46.89132591699308, value=z, duration=None>
46.8982 	EXP 	New trial (rep=4, index=0): <Trial 16 (0 in rep 4) data={'pos': np.int64(-50), 'corr_resp': 'x', 'thisN': 16, 'thisTrialN': 0, 'thisRepN': 4}>
46.9034 	DATA 	Keypress: z
46.9082 	EXP 	Fixation: autoDraw = False
46.9082 	EXP 	line1: autoDraw = False
46.9082 	EXP 	line2: autoDraw = False
46.9082 	EXP 	line3: autoDraw = False
46.9082 	EXP 	line4: autoDraw = False
46.9082 	EXP 	protrianglefixation: autoDraw = False
46.9082 	EXP 	Fixation: autoDraw = True
47.0553 	EXP 	Device response: <KeyPress from None: t=46.89132591699308, value=z, duration=0.15617970800667536>
47.8965 	EXP 	line1: autoDraw = True
47.8965 	EXP 	line2: autoDraw = True
47.8965 	EXP 	line3: autoDraw = True
47.8965 	EXP 	line4: autoDraw = True
47.9037 	EXP 	Fixation: autoDraw = False
48.8982 	INFO 	Keyboard events cleared
48.8980 	EXP 	protrianglefixation: autoDraw = True
49.5976 	EXP 	Device response: <KeyPress from None: t=49.59215495799435, value=x, duration=None>
49.5981 	EXP 	New trial (rep=4, index=1): <Trial 17 (1 in rep 4) data={'pos': np.int64(150), 'corr_resp': 'v', 'thisN': 17, 'thisTrialN': 1, 'thisRepN': 4}>
49.6035 	DATA 	Keypress: x
49.6084 	EXP 	Fixation: autoDraw = False
49.6084 	EXP 	line1: autoDraw = False
49.6084 	EXP 	line2: autoDraw = False
49.6084 	EXP 	line3: autoDraw = False
49.6084 	EXP 	line4: autoDraw = False
49.6084 	EXP 	protrianglefixation: autoDraw = False
49.6084 	EXP 	Fixation: autoDraw = True
49.7485 	EXP 	Device response: <KeyPress from None: t=49.59215495799435, value=x, duration=0.14844179200008512>
50.5877 	EXP 	line1: autoDraw = True
50.5877 	EXP 	line2: autoDraw = True
50.5877 	EXP 	line3: autoDraw = True
50.5877 	EXP 	line4: autoDraw = True
50.6037 	EXP 	Fixation: autoDraw = False
51.5966 	INFO 	Keyboard events cleared
51.5964 	EXP 	protrianglefixation: autoDraw = True
52.0812 	EXP 	Device response: <KeyPress from None: t=52.07712170800369, value=v, duration=None>
52.0816 	EXP 	New trial (rep=4, index=2): <Trial 18 (2 in rep 4) data={'pos': np.int64(50), 'corr_resp': 'c', 'thisN': 18, 'thisTrialN': 2, 'thisRepN': 4}>
52.0872 	DATA 	Keypress: v
52.0922 	EXP 	Fixation: autoDraw = False
52.0922 	EXP 	line1: autoDraw = False
52.0922 	EXP 	line2: autoDraw = False
52.0922 	EXP 	line3: autoDraw = False
52.0922 	EXP 	line4: autoDraw = False
52.0922 	EXP 	protrianglefixation: autoDraw = False
52.0922 	EXP 	Fixation: autoDraw = True
52.2150 	EXP 	Device response: <KeyPress from None: t=52.07712170800369, value=v, duration=0.12835629199980758>
53.0798 	EXP 	line1: autoDraw = True
53.0798 	EXP 	line2: autoDraw = True
53.0798 	EXP 	line3: autoDraw = True
53.0798 	EXP 	line4: autoDraw = True
53.0874 	EXP 	Fixation: autoDraw = False
54.0801 	INFO 	Keyboard events cleared
54.0799 	EXP 	protrianglefixation: autoDraw = True
54.7312 	EXP 	Device response: <KeyPress from None: t=54.721122832997935, value=c, duration=None>
54.7316 	EXP 	New trial (rep=4, index=3): <Trial 19 (3 in rep 4) data={'pos': np.int64(-150), 'corr_resp': 'z', 'thisN': 19, 'thisTrialN': 3, 'thisRepN': 4}>
54.7372 	DATA 	Keypress: c
54.7422 	EXP 	Fixation: autoDraw = False
54.7422 	EXP 	line1: autoDraw = False
54.7422 	EXP 	line2: autoDraw = False
54.7422 	EXP 	line3: autoDraw = False
54.7422 	EXP 	line4: autoDraw = False
54.7422 	EXP 	protrianglefixation: autoDraw = False
54.7422 	EXP 	Fixation: autoDraw = True
54.8820 	EXP 	Device response: <KeyPress from None: t=54.721122832997935, value=c, duration=0.15623195900116116>
55.7213 	EXP 	line1: autoDraw = True
55.7213 	EXP 	line2: autoDraw = True
55.7213 	EXP 	line3: autoDraw = True
55.7213 	EXP 	line4: autoDraw = True
55.7644 	EXP 	Fixation: autoDraw = False
56.7302 	INFO 	Keyboard events cleared
56.7300 	EXP 	protrianglefixation: autoDraw = True
57.2980 	EXP 	Device response: <KeyPress from None: t=57.29111362500407, value=z, duration=None>
57.2984 	EXP 	New trial (rep=5, index=0): <Trial 20 (0 in rep 5) data={'pos': np.int64(-50), 'corr_resp': 'x', 'thisN': 20, 'thisTrialN': 0, 'thisRepN': 5}>
57.3044 	DATA 	Keypress: z
57.3096 	EXP 	Fixation: autoDraw = False
57.3096 	EXP 	line1: autoDraw = False
57.3096 	EXP 	line2: autoDraw = False
57.3096 	EXP 	line3: autoDraw = False
57.3096 	EXP 	line4: autoDraw = False
57.3096 	EXP 	protrianglefixation: autoDraw = False
57.3096 	EXP 	Fixation: autoDraw = True
57.4821 	EXP 	Device response: <KeyPress from None: t=57.29111362500407, value=z, duration=0.18429699999978766>
58.2967 	EXP 	line1: autoDraw = True
58.2967 	EXP 	line2: autoDraw = True
58.2967 	EXP 	line3: autoDraw = True
58.2967 	EXP 	line4: autoDraw = True
58.3031 	EXP 	Fixation: autoDraw = False
59.2968 	INFO 	Keyboard events cleared
59.2966 	EXP 	protrianglefixation: autoDraw = True
60.0161 	EXP 	Device response: <KeyPress from None: t=60.004977582997526, value=x, duration=None>
60.0165 	EXP 	New trial (rep=5, index=1): <Trial 21 (1 in rep 5) data={'pos': np.int64(150), 'corr_resp': 'v', 'thisN': 21, 'thisTrialN': 1, 'thisRepN': 5}>
60.0232 	DATA 	Keypress: x
60.0285 	EXP 	Fixation: autoDraw = False
60.0285 	EXP 	line1: autoDraw = False
60.0285 	EXP 	line2: autoDraw = False
60.0285 	EXP 	line3: autoDraw = False
60.0285 	EXP 	line4: autoDraw = False
60.0285 	EXP 	protrianglefixation: autoDraw = False
60.0285 	EXP 	Fixation: autoDraw = True
60.2057 	EXP 	Device response: <KeyPress from None: t=60.004977582997526, value=x, duration=0.19633466700906865>
61.0130 	EXP 	line1: autoDraw = True
61.0130 	EXP 	line2: autoDraw = True
61.0130 	EXP 	line3: autoDraw = True
61.0130 	EXP 	line4: autoDraw = True
61.0204 	EXP 	Fixation: autoDraw = False
62.0131 	INFO 	Keyboard events cleared
62.0130 	EXP 	protrianglefixation: autoDraw = True
62.5814 	EXP 	Device response: <KeyPress from None: t=62.57990191699355, value=v, duration=None>
62.5819 	EXP 	New trial (rep=5, index=2): <Trial 22 (2 in rep 5) data={'pos': np.int64(50), 'corr_resp': 'c', 'thisN': 22, 'thisTrialN': 2, 'thisRepN': 5}>
62.5881 	DATA 	Keypress: v
62.5934 	EXP 	Fixation: autoDraw = False
62.5934 	EXP 	line1: autoDraw = False
62.5934 	EXP 	line2: autoDraw = False
62.5934 	EXP 	line3: autoDraw = False
62.5934 	EXP 	line4: autoDraw = False
62.5934 	EXP 	protrianglefixation: autoDraw = False
62.5934 	EXP 	Fixation: autoDraw = True
62.7391 	EXP 	Device response: <KeyPress from None: t=62.57990191699355, value=v, duration=0.15636866600834765>
63.5797 	EXP 	line1: autoDraw = True
63.5797 	EXP 	line2: autoDraw = True
63.5797 	EXP 	line3: autoDraw = True
63.5797 	EXP 	line4: autoDraw = True
63.5871 	EXP 	Fixation: autoDraw = False
64.5802 	INFO 	Keyboard events cleared
64.5799 	EXP 	protrianglefixation: autoDraw = True
64.9552 	EXP 	Device response: <KeyPress from None: t=64.94910883299599, value=c, duration=None>
64.9557 	EXP 	New trial (rep=5, index=3): <Trial 23 (3 in rep 5) data={'pos': np.int64(-150), 'corr_resp': 'z', 'thisN': 23, 'thisTrialN': 3, 'thisRepN': 5}>
64.9619 	DATA 	Keypress: c
64.9674 	EXP 	Fixation: autoDraw = False
64.9674 	EXP 	line1: autoDraw = False
64.9674 	EXP 	line2: autoDraw = False
64.9674 	EXP 	line3: autoDraw = False
64.9674 	EXP 	line4: autoDraw = False
64.9674 	EXP 	protrianglefixation: autoDraw = False
64.9674 	EXP 	Fixation: autoDraw = True
65.1314 	EXP 	Device response: <KeyPress from None: t=64.94910883299599, value=c, duration=0.18009470900869928>
65.9545 	EXP 	line1: autoDraw = True
65.9545 	EXP 	line2: autoDraw = True
65.9545 	EXP 	line3: autoDraw = True
65.9545 	EXP 	line4: autoDraw = True
65.9631 	EXP 	Fixation: autoDraw = False
66.9470 	INFO 	Keyboard events cleared
66.9468 	EXP 	protrianglefixation: autoDraw = True
67.3327 	EXP 	Device response: <KeyPress from None: t=67.30866770799912, value=z, duration=None>
67.3335 	EXP 	New trial (rep=6, index=0): <Trial 24 (0 in rep 6) data={'pos': np.int64(-50), 'corr_resp': 'x', 'thisN': 24, 'thisTrialN': 0, 'thisRepN': 6}>
67.3397 	DATA 	Keypress: z
67.3463 	EXP 	Fixation: autoDraw = False
67.3463 	EXP 	line1: autoDraw = False
67.3463 	EXP 	line2: autoDraw = False
67.3463 	EXP 	line3: autoDraw = False
67.3463 	EXP 	line4: autoDraw = False
67.3463 	EXP 	protrianglefixation: autoDraw = False
67.3463 	EXP 	Fixation: autoDraw = True
67.4812 	EXP 	Device response: <KeyPress from None: t=67.30866770799912, value=z, duration=0.16444891699939035>
68.3297 	EXP 	line1: autoDraw = True
68.3297 	EXP 	line2: autoDraw = True
68.3297 	EXP 	line3: autoDraw = True
68.3297 	EXP 	line4: autoDraw = True
68.3369 	EXP 	Fixation: autoDraw = False
69.3299 	INFO 	Keyboard events cleared
69.3297 	EXP 	protrianglefixation: autoDraw = True
69.7560 	EXP 	Device response: <KeyPress from None: t=69.75176995800575, value=x, duration=None>
69.7565 	EXP 	New trial (rep=6, index=1): <Trial 25 (1 in rep 6) data={'pos': np.int64(150), 'corr_resp': 'v', 'thisN': 25, 'thisTrialN': 1, 'thisRepN': 6}>
69.7613 	DATA 	Keypress: x
69.7675 	EXP 	Fixation: autoDraw = False
69.7675 	EXP 	line1: autoDraw = False
69.7675 	EXP 	line2: autoDraw = False
69.7675 	EXP 	line3: autoDraw = False
69.7675 	EXP 	line4: autoDraw = False
69.7675 	EXP 	protrianglefixation: autoDraw = False
69.7675 	EXP 	Fixation: autoDraw = True
69.9494 	EXP 	Device response: <KeyPress from None: t=69.75176995800575, value=x, duration=0.19233674999850336>
70.7542 	EXP 	line1: autoDraw = True
70.7542 	EXP 	line2: autoDraw = True
70.7542 	EXP 	line3: autoDraw = True
70.7542 	EXP 	line4: autoDraw = True
70.7631 	EXP 	Fixation: autoDraw = False
71.7548 	INFO 	Keyboard events cleared
71.7545 	EXP 	protrianglefixation: autoDraw = True
72.1646 	EXP 	Device response: <KeyPress from None: t=72.15760595799657, value=v, duration=None>
72.1651 	EXP 	New trial (rep=6, index=2): <Trial 26 (2 in rep 6) data={'pos': np.int64(50), 'corr_resp': 'c', 'thisN': 26, 'thisTrialN': 2, 'thisRepN': 6}>
72.1702 	DATA 	Keypress: v
72.1750 	EXP 	Fixation: autoDraw = False
72.1750 	EXP 	line1: autoDraw = False
72.1750 	EXP 	line2: autoDraw = False
72.1750 	EXP 	line3: autoDraw = False
72.1750 	EXP 	line4: autoDraw = False
72.1750 	EXP 	protrianglefixation: autoDraw = False
72.1750 	EXP 	Fixation: autoDraw = True
72.3716 	EXP 	Device response: <KeyPress from None: t=72.15760595799657, value=v, duration=0.21245099999941885>
73.1630 	EXP 	line1: autoDraw = True
73.1630 	EXP 	line2: autoDraw = True
73.1630 	EXP 	line3: autoDraw = True
73.1630 	EXP 	line4: autoDraw = True
73.1703 	EXP 	Fixation: autoDraw = False
74.1631 	INFO 	Keyboard events cleared
74.1629 	EXP 	protrianglefixation: autoDraw = True
74.5216 	EXP 	Device response: <KeyPress from None: t=74.51756525000383, value=c, duration=None>
74.5220 	EXP 	New trial (rep=6, index=3): <Trial 27 (3 in rep 6) data={'pos': np.int64(-150), 'corr_resp': 'z', 'thisN': 27, 'thisTrialN': 3, 'thisRepN': 6}>
74.5271 	DATA 	Keypress: c
74.5335 	EXP 	Fixation: autoDraw = False
74.5335 	EXP 	line1: autoDraw = False
74.5335 	EXP 	line2: autoDraw = False
74.5335 	EXP 	line3: autoDraw = False
74.5335 	EXP 	line4: autoDraw = False
74.5335 	EXP 	protrianglefixation: autoDraw = False
74.5335 	EXP 	Fixation: autoDraw = True
74.6483 	EXP 	Device response: <KeyPress from None: t=74.51756525000383, value=c, duration=0.12027737499738578>
75.5203 	EXP 	line1: autoDraw = True
75.5203 	EXP 	line2: autoDraw = True
75.5203 	EXP 	line3: autoDraw = True
75.5203 	EXP 	line4: autoDraw = True
75.5299 	EXP 	Fixation: autoDraw = False
76.5133 	INFO 	Keyboard events cleared
76.5131 	EXP 	protrianglefixation: autoDraw = True
76.8157 	EXP 	Device response: <KeyPress from None: t=76.80756808299338, value=z, duration=None>
76.8161 	EXP 	New trial (rep=7, index=0): <Trial 28 (0 in rep 7) data={'pos': np.int64(-50), 'corr_resp': 'x', 'thisN': 28, 'thisTrialN': 0, 'thisRepN': 7}>
76.8201 	DATA 	Keypress: z
76.8247 	EXP 	Fixation: autoDraw = False
76.8247 	EXP 	line1: autoDraw = False
76.8247 	EXP 	line2: autoDraw = False
76.8247 	EXP 	line3: autoDraw = False
76.8247 	EXP 	line4: autoDraw = False
76.8247 	EXP 	protrianglefixation: autoDraw = False
76.8247 	EXP 	Fixation: autoDraw = True
76.9649 	EXP 	Device response: <KeyPress from None: t=76.80756808299338, value=z, duration=0.1523612500022864>
77.8130 	EXP 	line1: autoDraw = True
77.8130 	EXP 	line2: autoDraw = True
77.8130 	EXP 	line3: autoDraw = True
77.8130 	EXP 	line4: autoDraw = True
77.8205 	EXP 	Fixation: autoDraw = False
78.8135 	INFO 	Keyboard events cleared
78.8132 	EXP 	protrianglefixation: autoDraw = True
79.2477 	EXP 	Device response: <KeyPress from None: t=79.24045037500036, value=x, duration=None>
79.2482 	EXP 	New trial (rep=7, index=1): <Trial 29 (1 in rep 7) data={'pos': np.int64(150), 'corr_resp': 'v', 'thisN': 29, 'thisTrialN': 1, 'thisRepN': 7}>
79.2530 	DATA 	Keypress: x
79.2579 	EXP 	Fixation: autoDraw = False
79.2579 	EXP 	line1: autoDraw = False
79.2579 	EXP 	line2: autoDraw = False
79.2579 	EXP 	line3: autoDraw = False
79.2579 	EXP 	line4: autoDraw = False
79.2579 	EXP 	protrianglefixation: autoDraw = False
79.2579 	EXP 	Fixation: autoDraw = True
79.4048 	EXP 	Device response: <KeyPress from None: t=79.24045037500036, value=x, duration=0.15676216699648649>
80.2466 	EXP 	line1: autoDraw = True
80.2466 	EXP 	line2: autoDraw = True
80.2466 	EXP 	line3: autoDraw = True
80.2466 	EXP 	line4: autoDraw = True
80.2539 	EXP 	Fixation: autoDraw = False
81.2466 	INFO 	Keyboard events cleared
81.2464 	EXP 	protrianglefixation: autoDraw = True
82.1810 	EXP 	Device response: <KeyPress from None: t=82.17548270800035, value=v, duration=None>
82.1815 	EXP 	New trial (rep=7, index=2): <Trial 30 (2 in rep 7) data={'pos': np.int64(50), 'corr_resp': 'c', 'thisN': 30, 'thisTrialN': 2, 'thisRepN': 7}>
82.1861 	DATA 	Keypress: v
82.1911 	EXP 	Fixation: autoDraw = False
82.1911 	EXP 	line1: autoDraw = False
82.1911 	EXP 	line2: autoDraw = False
82.1911 	EXP 	line3: autoDraw = False
82.1911 	EXP 	line4: autoDraw = False
82.1911 	EXP 	protrianglefixation: autoDraw = False
82.1911 	EXP 	Fixation: autoDraw = True
82.3815 	EXP 	Device response: <KeyPress from None: t=82.17548270800035, value=v, duration=0.20425349999277387>
83.1796 	EXP 	line1: autoDraw = True
83.1796 	EXP 	line2: autoDraw = True
83.1796 	EXP 	line3: autoDraw = True
83.1796 	EXP 	line4: autoDraw = True
83.1871 	EXP 	Fixation: autoDraw = False
84.1800 	INFO 	Keyboard events cleared
84.1798 	EXP 	protrianglefixation: autoDraw = True
84.5313 	EXP 	Device response: <KeyPress from None: t=84.52547412499553, value=c, duration=None>
84.5317 	EXP 	New trial (rep=7, index=3): <Trial 31 (3 in rep 7) data={'pos': np.int64(-150), 'corr_resp': 'z', 'thisN': 31, 'thisTrialN': 3, 'thisRepN': 7}>
84.5365 	DATA 	Keypress: c
84.5413 	EXP 	Fixation: autoDraw = False
84.5413 	EXP 	line1: autoDraw = False
84.5413 	EXP 	line2: autoDraw = False
84.5413 	EXP 	line3: autoDraw = False
84.5413 	EXP 	line4: autoDraw = False
84.5413 	EXP 	protrianglefixation: autoDraw = False
84.5413 	EXP 	Fixation: autoDraw = True
84.6500 	EXP 	Device response: <KeyPress from None: t=84.52547412499553, value=c, duration=0.11632112500956282>
85.5301 	EXP 	line1: autoDraw = True
85.5301 	EXP 	line2: autoDraw = True
85.5301 	EXP 	line3: autoDraw = True
85.5301 	EXP 	line4: autoDraw = True
85.5380 	EXP 	Fixation: autoDraw = False
86.5301 	INFO 	Keyboard events cleared
86.5299 	EXP 	protrianglefixation: autoDraw = True
86.8151 	EXP 	Device response: <KeyPress from None: t=86.81037095800275, value=z, duration=None>
86.8155 	EXP 	New trial (rep=8, index=0): <Trial 32 (0 in rep 8) data={'pos': np.int64(-50), 'corr_resp': 'x', 'thisN': 32, 'thisTrialN': 0, 'thisRepN': 8}>
86.8204 	DATA 	Keypress: z
86.8252 	EXP 	Fixation: autoDraw = False
86.8252 	EXP 	line1: autoDraw = False
86.8252 	EXP 	line2: autoDraw = False
86.8252 	EXP 	line3: autoDraw = False
86.8252 	EXP 	line4: autoDraw = False
86.8252 	EXP 	protrianglefixation: autoDraw = False
86.8252 	EXP 	Fixation: autoDraw = True
87.0478 	EXP 	Device response: <KeyPress from None: t=86.81037095800275, value=z, duration=0.22851904199342243>
87.8139 	EXP 	line1: autoDraw = True
87.8139 	EXP 	line2: autoDraw = True
87.8139 	EXP 	line3: autoDraw = True
87.8139 	EXP 	line4: autoDraw = True
87.8205 	EXP 	Fixation: autoDraw = False
88.8061 	INFO 	Keyboard events cleared
88.8058 	EXP 	protrianglefixation: autoDraw = True
89.4885 	EXP 	Device response: <KeyPress from None: t=89.48229920800077, value=x, duration=None>
89.4890 	EXP 	New trial (rep=8, index=1): <Trial 33 (1 in rep 8) data={'pos': np.int64(150), 'corr_resp': 'v', 'thisN': 33, 'thisTrialN': 1, 'thisRepN': 8}>
89.4938 	DATA 	Keypress: x
89.5000 	EXP 	Fixation: autoDraw = False
89.5000 	EXP 	line1: autoDraw = False
89.5000 	EXP 	line2: autoDraw = False
89.5000 	EXP 	line3: autoDraw = False
89.5000 	EXP 	line4: autoDraw = False
89.5000 	EXP 	protrianglefixation: autoDraw = False
89.5000 	EXP 	Fixation: autoDraw = True
89.6882 	EXP 	Device response: <KeyPress from None: t=89.48229920800077, value=x, duration=0.20433716700063087>
90.4878 	EXP 	line1: autoDraw = True
90.4878 	EXP 	line2: autoDraw = True
90.4878 	EXP 	line3: autoDraw = True
90.4878 	EXP 	line4: autoDraw = True
90.4966 	EXP 	Fixation: autoDraw = False
91.4880 	INFO 	Keyboard events cleared
91.4878 	EXP 	protrianglefixation: autoDraw = True
91.9383 	EXP 	Device response: <KeyPress from None: t=91.93123612500494, value=v, duration=None>
91.9388 	EXP 	New trial (rep=8, index=2): <Trial 34 (2 in rep 8) data={'pos': np.int64(50), 'corr_resp': 'c', 'thisN': 34, 'thisTrialN': 2, 'thisRepN': 8}>
91.9434 	DATA 	Keypress: v
91.9643 	EXP 	Fixation: autoDraw = False
91.9643 	EXP 	line1: autoDraw = False
91.9643 	EXP 	line2: autoDraw = False
91.9643 	EXP 	line3: autoDraw = False
91.9643 	EXP 	line4: autoDraw = False
91.9643 	EXP 	protrianglefixation: autoDraw = False
91.9643 	EXP 	Fixation: autoDraw = True
92.0478 	EXP 	Device response: <KeyPress from None: t=91.93123612500494, value=v, duration=0.11234254199371208>
92.9374 	EXP 	line1: autoDraw = True
92.9374 	EXP 	line2: autoDraw = True
92.9374 	EXP 	line3: autoDraw = True
92.9374 	EXP 	line4: autoDraw = True
92.9631 	EXP 	Fixation: autoDraw = False
93.9375 	INFO 	Keyboard events cleared
93.9373 	EXP 	protrianglefixation: autoDraw = True
94.5722 	EXP 	Device response: <KeyPress from None: t=94.56845691699709, value=c, duration=None>
94.5726 	EXP 	New trial (rep=8, index=3): <Trial 35 (3 in rep 8) data={'pos': np.int64(-150), 'corr_resp': 'z', 'thisN': 35, 'thisTrialN': 3, 'thisRepN': 8}>
94.5771 	DATA 	Keypress: c
94.5981 	EXP 	Fixation: autoDraw = False
94.5981 	EXP 	line1: autoDraw = False
94.5981 	EXP 	line2: autoDraw = False
94.5981 	EXP 	line3: autoDraw = False
94.5981 	EXP 	line4: autoDraw = False
94.5981 	EXP 	protrianglefixation: autoDraw = False
94.5981 	EXP 	Fixation: autoDraw = True
94.7151 	EXP 	Device response: <KeyPress from None: t=94.56845691699709, value=c, duration=0.14477691600040998>
95.5710 	EXP 	line1: autoDraw = True
95.5710 	EXP 	line2: autoDraw = True
95.5710 	EXP 	line3: autoDraw = True
95.5710 	EXP 	line4: autoDraw = True
95.5964 	EXP 	Fixation: autoDraw = False
96.5703 	INFO 	Keyboard events cleared
96.5701 	EXP 	protrianglefixation: autoDraw = True
96.9476 	EXP 	Device response: <KeyPress from None: t=96.94212045799941, value=z, duration=None>
96.9481 	EXP 	New trial (rep=9, index=0): <Trial 36 (0 in rep 9) data={'pos': np.int64(-50), 'corr_resp': 'x', 'thisN': 36, 'thisTrialN': 0, 'thisRepN': 9}>
96.9528 	DATA 	Keypress: z
96.9577 	EXP 	Fixation: autoDraw = False
96.9577 	EXP 	line1: autoDraw = False
96.9577 	EXP 	line2: autoDraw = False
96.9577 	EXP 	line3: autoDraw = False
96.9577 	EXP 	line4: autoDraw = False
96.9577 	EXP 	protrianglefixation: autoDraw = False
96.9577 	EXP 	Fixation: autoDraw = True
97.1218 	EXP 	Device response: <KeyPress from None: t=96.94212045799941, value=z, duration=0.1762765000021318>
97.9464 	EXP 	line1: autoDraw = True
97.9464 	EXP 	line2: autoDraw = True
97.9464 	EXP 	line3: autoDraw = True
97.9464 	EXP 	line4: autoDraw = True
97.9542 	EXP 	Fixation: autoDraw = False
98.9481 	INFO 	Keyboard events cleared
98.9479 	EXP 	protrianglefixation: autoDraw = True
99.5815 	EXP 	Device response: <KeyPress from None: t=99.57496645800711, value=x, duration=None>
99.5821 	EXP 	New trial (rep=9, index=1): <Trial 37 (1 in rep 9) data={'pos': np.int64(150), 'corr_resp': 'v', 'thisN': 37, 'thisTrialN': 1, 'thisRepN': 9}>
99.5883 	DATA 	Keypress: x
99.5936 	EXP 	Fixation: autoDraw = False
99.5936 	EXP 	line1: autoDraw = False
99.5936 	EXP 	line2: autoDraw = False
99.5936 	EXP 	line3: autoDraw = False
99.5936 	EXP 	line4: autoDraw = False
99.5936 	EXP 	protrianglefixation: autoDraw = False
99.5936 	EXP 	Fixation: autoDraw = True
99.7714 	EXP 	Device response: <KeyPress from None: t=99.57496645800711, value=x, duration=0.1927773339994019>
100.5796 	EXP 	line1: autoDraw = True
100.5796 	EXP 	line2: autoDraw = True
100.5796 	EXP 	line3: autoDraw = True
100.5796 	EXP 	line4: autoDraw = True
100.5872 	EXP 	Fixation: autoDraw = False
101.5799 	INFO 	Keyboard events cleared
101.5797 	EXP 	protrianglefixation: autoDraw = True
101.9222 	EXP 	Device response: <KeyPress from None: t=101.9159922079998, value=v, duration=None>
101.9226 	EXP 	New trial (rep=9, index=2): <Trial 38 (2 in rep 9) data={'pos': np.int64(50), 'corr_resp': 'c', 'thisN': 38, 'thisTrialN': 2, 'thisRepN': 9}>
101.9287 	DATA 	Keypress: v
101.9340 	EXP 	Fixation: autoDraw = False
101.9340 	EXP 	line1: autoDraw = False
101.9340 	EXP 	line2: autoDraw = False
101.9340 	EXP 	line3: autoDraw = False
101.9340 	EXP 	line4: autoDraw = False
101.9340 	EXP 	protrianglefixation: autoDraw = False
101.9340 	EXP 	Fixation: autoDraw = True
102.0487 	EXP 	Device response: <KeyPress from None: t=101.9159922079998, value=v, duration=0.12832570899627171>
102.9210 	EXP 	line1: autoDraw = True
102.9210 	EXP 	line2: autoDraw = True
102.9210 	EXP 	line3: autoDraw = True
102.9210 	EXP 	line4: autoDraw = True
102.9297 	EXP 	Fixation: autoDraw = False
103.9217 	INFO 	Keyboard events cleared
103.9215 	EXP 	protrianglefixation: autoDraw = True
104.7551 	EXP 	Device response: <KeyPress from None: t=104.74810541700572, value=c, duration=None>
104.7556 	EXP 	New trial (rep=9, index=3): <Trial 39 (3 in rep 9) data={'pos': np.int64(-150), 'corr_resp': 'z', 'thisN': 39, 'thisTrialN': 3, 'thisRepN': 9}>
104.7618 	DATA 	Keypress: c
104.7676 	EXP 	Fixation: autoDraw = False
104.7676 	EXP 	line1: autoDraw = False
104.7676 	EXP 	line2: autoDraw = False
104.7676 	EXP 	line3: autoDraw = False
104.7676 	EXP 	line4: autoDraw = False
104.7676 	EXP 	protrianglefixation: autoDraw = False
104.7676 	EXP 	Fixation: autoDraw = True
104.8313 	EXP 	Device response: <KeyPress from None: t=104.74810541700572, value=c, duration=0.07615391600120347>
105.7547 	EXP 	line1: autoDraw = True
105.7547 	EXP 	line2: autoDraw = True
105.7547 	EXP 	line3: autoDraw = True
105.7547 	EXP 	line4: autoDraw = True
105.7631 	EXP 	Fixation: autoDraw = False
106.7564 	INFO 	Keyboard events cleared
106.7562 	EXP 	protrianglefixation: autoDraw = True
107.2980 	EXP 	Device response: <KeyPress from None: t=107.28910829199594, value=z, duration=None>
107.2985 	EXP 	New trial (rep=10, index=0): <Trial 40 (0 in rep 10) data={'pos': np.int64(-50), 'corr_resp': 'x', 'thisN': 40, 'thisTrialN': 0, 'thisRepN': 10}>
107.3048 	DATA 	Keypress: z
107.3100 	EXP 	Fixation: autoDraw = False
107.3100 	EXP 	line1: autoDraw = False
107.3100 	EXP 	line2: autoDraw = False
107.3100 	EXP 	line3: autoDraw = False
107.3100 	EXP 	line4: autoDraw = False
107.3100 	EXP 	protrianglefixation: autoDraw = False
107.3100 	EXP 	Fixation: autoDraw = True
107.4377 	EXP 	Device response: <KeyPress from None: t=107.28910829199594, value=z, duration=0.14405075000831857>
108.2963 	EXP 	line1: autoDraw = True
108.2963 	EXP 	line2: autoDraw = True
108.2963 	EXP 	line3: autoDraw = True
108.2963 	EXP 	line4: autoDraw = True
108.3035 	EXP 	Fixation: autoDraw = False
109.2965 	INFO 	Keyboard events cleared
109.2963 	EXP 	protrianglefixation: autoDraw = True
109.6216 	EXP 	Device response: <KeyPress from None: t=109.61582300000009, value=x, duration=None>
109.6220 	EXP 	New trial (rep=10, index=1): <Trial 41 (1 in rep 10) data={'pos': np.int64(150), 'corr_resp': 'v', 'thisN': 41, 'thisTrialN': 1, 'thisRepN': 10}>
109.6281 	DATA 	Keypress: x
109.6341 	EXP 	Fixation: autoDraw = False
109.6341 	EXP 	line1: autoDraw = False
109.6341 	EXP 	line2: autoDraw = False
109.6341 	EXP 	line3: autoDraw = False
109.6341 	EXP 	line4: autoDraw = False
109.6341 	EXP 	protrianglefixation: autoDraw = False
109.6341 	EXP 	Fixation: autoDraw = True
109.7708 	EXP 	Device response: <KeyPress from None: t=109.61582300000009, value=x, duration=0.14834358300140593>
110.6209 	EXP 	line1: autoDraw = True
110.6209 	EXP 	line2: autoDraw = True
110.6209 	EXP 	line3: autoDraw = True
110.6209 	EXP 	line4: autoDraw = True
110.6299 	EXP 	Fixation: autoDraw = False
111.6215 	INFO 	Keyboard events cleared
111.6213 	EXP 	protrianglefixation: autoDraw = True
111.9385 	EXP 	Device response: <KeyPress from None: t=111.9347630830016, value=v, duration=None>
111.9389 	EXP 	New trial (rep=10, index=2): <Trial 42 (2 in rep 10) data={'pos': np.int64(50), 'corr_resp': 'c', 'thisN': 42, 'thisTrialN': 2, 'thisRepN': 10}>
111.9451 	DATA 	Keypress: v
111.9507 	EXP 	Fixation: autoDraw = False
111.9507 	EXP 	line1: autoDraw = False
111.9507 	EXP 	line2: autoDraw = False
111.9507 	EXP 	line3: autoDraw = False
111.9507 	EXP 	line4: autoDraw = False
111.9507 	EXP 	protrianglefixation: autoDraw = False
111.9507 	EXP 	Fixation: autoDraw = True
112.1051 	EXP 	Device response: <KeyPress from None: t=111.9347630830016, value=v, duration=0.16846479200467002>
112.9375 	EXP 	line1: autoDraw = True
112.9375 	EXP 	line2: autoDraw = True
112.9375 	EXP 	line3: autoDraw = True
112.9375 	EXP 	line4: autoDraw = True
112.9467 	EXP 	Fixation: autoDraw = False
113.9382 	INFO 	Keyboard events cleared
113.9380 	EXP 	protrianglefixation: autoDraw = True
114.5816 	EXP 	Device response: <KeyPress from None: t=114.57478391700715, value=c, duration=None>
114.5820 	EXP 	New trial (rep=10, index=3): <Trial 43 (3 in rep 10) data={'pos': np.int64(-150), 'corr_resp': 'z', 'thisN': 43, 'thisTrialN': 3, 'thisRepN': 10}>
114.5879 	DATA 	Keypress: c
114.5929 	EXP 	Fixation: autoDraw = False
114.5929 	EXP 	line1: autoDraw = False
114.5929 	EXP 	line2: autoDraw = False
114.5929 	EXP 	line3: autoDraw = False
114.5929 	EXP 	line4: autoDraw = False
114.5929 	EXP 	protrianglefixation: autoDraw = False
114.5929 	EXP 	Fixation: autoDraw = True
114.7331 	EXP 	Device response: <KeyPress from None: t=114.57478391700715, value=c, duration=0.15215487498790026>
115.5796 	EXP 	line1: autoDraw = True
115.5796 	EXP 	line2: autoDraw = True
115.5796 	EXP 	line3: autoDraw = True
115.5796 	EXP 	line4: autoDraw = True
115.5869 	EXP 	Fixation: autoDraw = False
116.5797 	INFO 	Keyboard events cleared
116.5796 	EXP 	protrianglefixation: autoDraw = True
116.9050 	EXP 	Device response: <KeyPress from None: t=116.90062383300392, value=z, duration=None>
116.9054 	EXP 	New trial (rep=11, index=0): <Trial 44 (0 in rep 11) data={'pos': np.int64(-50), 'corr_resp': 'x', 'thisN': 44, 'thisTrialN': 0, 'thisRepN': 11}>
116.9113 	DATA 	Keypress: z
116.9167 	EXP 	Fixation: autoDraw = False
116.9167 	EXP 	line1: autoDraw = False
116.9167 	EXP 	line2: autoDraw = False
116.9167 	EXP 	line3: autoDraw = False
116.9167 	EXP 	line4: autoDraw = False
116.9167 	EXP 	protrianglefixation: autoDraw = False
116.9167 	EXP 	Fixation: autoDraw = True
117.0663 	EXP 	Device response: <KeyPress from None: t=116.90062383300392, value=z, duration=0.16034200000285637>
117.9040 	EXP 	line1: autoDraw = True
117.9040 	EXP 	line2: autoDraw = True
117.9040 	EXP 	line3: autoDraw = True
117.9040 	EXP 	line4: autoDraw = True
117.9131 	EXP 	Fixation: autoDraw = False
118.9048 	INFO 	Keyboard events cleared
118.9046 	EXP 	protrianglefixation: autoDraw = True
119.3143 	EXP 	Device response: <KeyPress from None: t=119.30452920800599, value=x, duration=None>
119.3147 	EXP 	New trial (rep=11, index=1): <Trial 45 (1 in rep 11) data={'pos': np.int64(150), 'corr_resp': 'v', 'thisN': 45, 'thisTrialN': 1, 'thisRepN': 11}>
119.3206 	DATA 	Keypress: x
119.3258 	EXP 	Fixation: autoDraw = False
119.3258 	EXP 	line1: autoDraw = False
119.3258 	EXP 	line2: autoDraw = False
119.3258 	EXP 	line3: autoDraw = False
119.3258 	EXP 	line4: autoDraw = False
119.3258 	EXP 	protrianglefixation: autoDraw = False
119.3258 	EXP 	Fixation: autoDraw = True
119.4545 	EXP 	Device response: <KeyPress from None: t=119.30452920800599, value=x, duration=0.14837462500145193>
120.3129 	EXP 	line1: autoDraw = True
120.3129 	EXP 	line2: autoDraw = True
120.3129 	EXP 	line3: autoDraw = True
120.3129 	EXP 	line4: autoDraw = True
120.3204 	EXP 	Fixation: autoDraw = False
121.3131 	INFO 	Keyboard events cleared
121.3129 	EXP 	protrianglefixation: autoDraw = True
121.9156 	EXP 	Device response: <KeyPress from None: t=121.912563417005, value=v, duration=None>
121.9161 	EXP 	New trial (rep=11, index=2): <Trial 46 (2 in rep 11) data={'pos': np.int64(50), 'corr_resp': 'c', 'thisN': 46, 'thisTrialN': 2, 'thisRepN': 11}>
121.9222 	DATA 	Keypress: v
121.9299 	EXP 	Fixation: autoDraw = False
121.9299 	EXP 	line1: autoDraw = False
121.9299 	EXP 	line2: autoDraw = False
121.9299 	EXP 	line3: autoDraw = False
121.9299 	EXP 	line4: autoDraw = False
121.9299 	EXP 	protrianglefixation: autoDraw = False
121.9299 	EXP 	Fixation: autoDraw = True
122.0551 	EXP 	Device response: <KeyPress from None: t=121.912563417005, value=v, duration=0.13631045799411368>
122.9129 	EXP 	line1: autoDraw = True
122.9129 	EXP 	line2: autoDraw = True
122.9129 	EXP 	line3: autoDraw = True
122.9129 	EXP 	line4: autoDraw = True
122.9204 	EXP 	Fixation: autoDraw = False
123.9132 	INFO 	Keyboard events cleared
123.9130 	EXP 	protrianglefixation: autoDraw = True
124.1978 	EXP 	Device response: <KeyPress from None: t=124.19441229199583, value=c, duration=None>
124.1983 	EXP 	New trial (rep=11, index=3): <Trial 47 (3 in rep 11) data={'pos': np.int64(-150), 'corr_resp': 'z', 'thisN': 47, 'thisTrialN': 3, 'thisRepN': 11}>
124.2044 	DATA 	Keypress: c
124.2095 	EXP 	Fixation: autoDraw = False
124.2095 	EXP 	line1: autoDraw = False
124.2095 	EXP 	line2: autoDraw = False
124.2095 	EXP 	line3: autoDraw = False
124.2095 	EXP 	line4: autoDraw = False
124.2095 	EXP 	protrianglefixation: autoDraw = False
124.2095 	EXP 	Fixation: autoDraw = True
124.3870 	EXP 	Device response: <KeyPress from None: t=124.19441229199583, value=c, duration=0.18428149999817833>
125.1962 	EXP 	line1: autoDraw = True
125.1962 	EXP 	line2: autoDraw = True
125.1962 	EXP 	line3: autoDraw = True
125.1962 	EXP 	line4: autoDraw = True
125.2037 	EXP 	Fixation: autoDraw = False
126.1965 	INFO 	Keyboard events cleared
126.1963 	EXP 	protrianglefixation: autoDraw = True
127.0991 	EXP 	Device response: <KeyPress from None: t=127.08907608299342, value=z, duration=None>
127.0995 	EXP 	New trial (rep=12, index=0): <Trial 48 (0 in rep 12) data={'pos': np.int64(-50), 'corr_resp': 'x', 'thisN': 48, 'thisTrialN': 0, 'thisRepN': 12}>
127.1053 	DATA 	Keypress: z
127.1132 	EXP 	Fixation: autoDraw = False
127.1132 	EXP 	line1: autoDraw = False
127.1132 	EXP 	line2: autoDraw = False
127.1132 	EXP 	line3: autoDraw = False
127.1132 	EXP 	line4: autoDraw = False
127.1132 	EXP 	protrianglefixation: autoDraw = False
127.1132 	EXP 	Fixation: autoDraw = True
127.2325 	EXP 	Device response: <KeyPress from None: t=127.08907608299342, value=z, duration=0.13171216699993238>
128.0965 	EXP 	line1: autoDraw = True
128.0965 	EXP 	line2: autoDraw = True
128.0965 	EXP 	line3: autoDraw = True
128.0965 	EXP 	line4: autoDraw = True
128.1033 	EXP 	Fixation: autoDraw = False
128.9318 	EXP 	Device response: <KeyPress from None: t=128.92720754200127, value=x, duration=None>
128.9384 	DATA 	Keypress: x
129.0212 	EXP 	Device response: <KeyPress from None: t=128.92720754200127, value=x, duration=0.09148575000290293>
129.0966 	INFO 	Keyboard events cleared
129.0964 	EXP 	protrianglefixation: autoDraw = True
130.2977 	EXP 	Device response: <KeyPress from None: t=130.28928445800557, value=x, duration=None>
130.2982 	EXP 	New trial (rep=12, index=1): <Trial 49 (1 in rep 12) data={'pos': np.int64(150), 'corr_resp': 'v', 'thisN': 49, 'thisTrialN': 1, 'thisRepN': 12}>
130.3190 	DATA 	Keypress: x
130.3236 	EXP 	Fixation: autoDraw = False
130.3236 	EXP 	line1: autoDraw = False
130.3236 	EXP 	line2: autoDraw = False
130.3236 	EXP 	line3: autoDraw = False
130.3236 	EXP 	line4: autoDraw = False
130.3236 	EXP 	protrianglefixation: autoDraw = False
130.3236 	EXP 	Fixation: autoDraw = True
130.4316 	EXP 	Device response: <KeyPress from None: t=130.28928445800557, value=x, duration=0.13285999999789055>
131.2962 	EXP 	line1: autoDraw = True
131.2962 	EXP 	line2: autoDraw = True
131.2962 	EXP 	line3: autoDraw = True
131.2962 	EXP 	line4: autoDraw = True
131.3202 	EXP 	Fixation: autoDraw = False
132.2968 	INFO 	Keyboard events cleared
132.2965 	EXP 	protrianglefixation: autoDraw = True
133.4976 	EXP 	Device response: <KeyPress from None: t=133.48716970799433, value=v, duration=None>
133.4981 	EXP 	New trial (rep=12, index=2): <Trial 50 (2 in rep 12) data={'pos': np.int64(50), 'corr_resp': 'c', 'thisN': 50, 'thisTrialN': 2, 'thisRepN': 12}>
133.5049 	DATA 	Keypress: v
133.5101 	EXP 	Fixation: autoDraw = False
133.5101 	EXP 	line1: autoDraw = False
133.5101 	EXP 	line2: autoDraw = False
133.5101 	EXP 	line3: autoDraw = False
133.5101 	EXP 	line4: autoDraw = False
133.5101 	EXP 	protrianglefixation: autoDraw = False
133.5101 	EXP 	Fixation: autoDraw = True
133.5810 	EXP 	Device response: <KeyPress from None: t=133.48716970799433, value=v, duration=0.08839495900610927>
134.4966 	EXP 	line1: autoDraw = True
134.4966 	EXP 	line2: autoDraw = True
134.4966 	EXP 	line3: autoDraw = True
134.4966 	EXP 	line4: autoDraw = True
134.5039 	EXP 	Fixation: autoDraw = False
135.4964 	INFO 	Keyboard events cleared
135.4962 	EXP 	protrianglefixation: autoDraw = True
136.0050 	EXP 	Device response: <KeyPress from None: t=136.00020966700686, value=c, duration=None>
136.0055 	EXP 	New trial (rep=12, index=3): <Trial 51 (3 in rep 12) data={'pos': np.int64(-150), 'corr_resp': 'z', 'thisN': 51, 'thisTrialN': 3, 'thisRepN': 12}>
136.0113 	DATA 	Keypress: c
136.0166 	EXP 	Fixation: autoDraw = False
136.0166 	EXP 	line1: autoDraw = False
136.0166 	EXP 	line2: autoDraw = False
136.0166 	EXP 	line3: autoDraw = False
136.0166 	EXP 	line4: autoDraw = False
136.0166 	EXP 	protrianglefixation: autoDraw = False
136.0166 	EXP 	Fixation: autoDraw = True
136.1147 	EXP 	Device response: <KeyPress from None: t=136.00020966700686, value=c, duration=0.10435804098960944>
137.0047 	EXP 	line1: autoDraw = True
137.0047 	EXP 	line2: autoDraw = True
137.0047 	EXP 	line3: autoDraw = True
137.0047 	EXP 	line4: autoDraw = True
137.0130 	EXP 	Fixation: autoDraw = False
138.0051 	INFO 	Keyboard events cleared
138.0049 	EXP 	protrianglefixation: autoDraw = True
138.7644 	EXP 	Device response: <KeyPress from None: t=138.7575113329949, value=z, duration=None>
138.7648 	EXP 	New trial (rep=13, index=0): <Trial 52 (0 in rep 13) data={'pos': np.int64(-50), 'corr_resp': 'x', 'thisN': 52, 'thisTrialN': 0, 'thisRepN': 13}>
138.7706 	DATA 	Keypress: z
138.7759 	EXP 	Fixation: autoDraw = False
138.7759 	EXP 	line1: autoDraw = False
138.7759 	EXP 	line2: autoDraw = False
138.7759 	EXP 	line3: autoDraw = False
138.7759 	EXP 	line4: autoDraw = False
138.7759 	EXP 	protrianglefixation: autoDraw = False
138.7759 	EXP 	Fixation: autoDraw = True
138.8481 	EXP 	Device response: <KeyPress from None: t=138.7575113329949, value=z, duration=0.08785595900553744>
139.7630 	EXP 	line1: autoDraw = True
139.7630 	EXP 	line2: autoDraw = True
139.7630 	EXP 	line3: autoDraw = True
139.7630 	EXP 	line4: autoDraw = True
139.7704 	EXP 	Fixation: autoDraw = False
140.7636 	INFO 	Keyboard events cleared
140.7633 	EXP 	protrianglefixation: autoDraw = True
141.1715 	EXP 	Device response: <KeyPress from None: t=141.16797875000339, value=x, duration=None>
141.1720 	EXP 	New trial (rep=13, index=1): <Trial 53 (1 in rep 13) data={'pos': np.int64(150), 'corr_resp': 'v', 'thisN': 53, 'thisTrialN': 1, 'thisRepN': 13}>
141.1777 	DATA 	Keypress: x
141.1837 	EXP 	Fixation: autoDraw = False
141.1837 	EXP 	line1: autoDraw = False
141.1837 	EXP 	line2: autoDraw = False
141.1837 	EXP 	line3: autoDraw = False
141.1837 	EXP 	line4: autoDraw = False
141.1837 	EXP 	protrianglefixation: autoDraw = False
141.1837 	EXP 	Fixation: autoDraw = True
141.2712 	EXP 	Device response: <KeyPress from None: t=141.16797875000339, value=x, duration=0.10041449998971075>
142.1719 	EXP 	line1: autoDraw = True
142.1719 	EXP 	line2: autoDraw = True
142.1719 	EXP 	line3: autoDraw = True
142.1719 	EXP 	line4: autoDraw = True
142.1978 	EXP 	Fixation: autoDraw = False
143.1716 	INFO 	Keyboard events cleared
143.1714 	EXP 	protrianglefixation: autoDraw = True
144.2475 	EXP 	Device response: <KeyPress from None: t=144.24102741699608, value=v, duration=None>
144.2481 	EXP 	New trial (rep=13, index=2): <Trial 54 (2 in rep 13) data={'pos': np.int64(50), 'corr_resp': 'c', 'thisN': 54, 'thisTrialN': 2, 'thisRepN': 13}>
144.2543 	DATA 	Keypress: v
144.2595 	EXP 	Fixation: autoDraw = False
144.2595 	EXP 	line1: autoDraw = False
144.2595 	EXP 	line2: autoDraw = False
144.2595 	EXP 	line3: autoDraw = False
144.2595 	EXP 	line4: autoDraw = False
144.2595 	EXP 	protrianglefixation: autoDraw = False
144.2595 	EXP 	Fixation: autoDraw = True
144.3382 	EXP 	Device response: <KeyPress from None: t=144.24102741699608, value=v, duration=0.09229945800325368>
145.2463 	EXP 	line1: autoDraw = True
145.2463 	EXP 	line2: autoDraw = True
145.2463 	EXP 	line3: autoDraw = True
145.2463 	EXP 	line4: autoDraw = True
145.2536 	EXP 	Fixation: autoDraw = False
146.2463 	INFO 	Keyboard events cleared
146.2461 	EXP 	protrianglefixation: autoDraw = True
146.7382 	EXP 	Device response: <KeyPress from None: t=146.73091404199658, value=c, duration=None>
146.7387 	EXP 	New trial (rep=13, index=3): <Trial 55 (3 in rep 13) data={'pos': np.int64(-150), 'corr_resp': 'z', 'thisN': 55, 'thisTrialN': 3, 'thisRepN': 13}>
146.7446 	DATA 	Keypress: c
146.7500 	EXP 	Fixation: autoDraw = False
146.7500 	EXP 	line1: autoDraw = False
146.7500 	EXP 	line2: autoDraw = False
146.7500 	EXP 	line3: autoDraw = False
146.7500 	EXP 	line4: autoDraw = False
146.7500 	EXP 	protrianglefixation: autoDraw = False
146.7500 	EXP 	Fixation: autoDraw = True
146.8545 	EXP 	Device response: <KeyPress from None: t=146.73091404199658, value=c, duration=0.11626929100020789>
147.7378 	EXP 	line1: autoDraw = True
147.7378 	EXP 	line2: autoDraw = True
147.7378 	EXP 	line3: autoDraw = True
147.7378 	EXP 	line4: autoDraw = True
147.7466 	EXP 	Fixation: autoDraw = False
148.7297 	INFO 	Keyboard events cleared
148.7296 	EXP 	protrianglefixation: autoDraw = True
149.1380 	EXP 	Device response: <KeyPress from None: t=149.12988304199826, value=z, duration=None>
149.1383 	EXP 	New trial (rep=14, index=0): <Trial 56 (0 in rep 14) data={'pos': np.int64(-50), 'corr_resp': 'x', 'thisN': 56, 'thisTrialN': 0, 'thisRepN': 14}>
149.1410 	DATA 	Keypress: z
149.1466 	EXP 	Fixation: autoDraw = False
149.1466 	EXP 	line1: autoDraw = False
149.1466 	EXP 	line2: autoDraw = False
149.1466 	EXP 	line3: autoDraw = False
149.1466 	EXP 	line4: autoDraw = False
149.1466 	EXP 	protrianglefixation: autoDraw = False
149.1466 	EXP 	Fixation: autoDraw = True
149.2723 	EXP 	Device response: <KeyPress from None: t=149.12988304199826, value=z, duration=0.13629595800011884>
150.1296 	EXP 	line1: autoDraw = True
150.1296 	EXP 	line2: autoDraw = True
150.1296 	EXP 	line3: autoDraw = True
150.1296 	EXP 	line4: autoDraw = True
150.1371 	EXP 	Fixation: autoDraw = False
151.1381 	INFO 	Keyboard events cleared
151.1380 	EXP 	protrianglefixation: autoDraw = True
151.5716 	EXP 	Device response: <KeyPress from None: t=151.56373937500757, value=x, duration=None>
151.5720 	EXP 	New trial (rep=14, index=1): <Trial 57 (1 in rep 14) data={'pos': np.int64(150), 'corr_resp': 'v', 'thisN': 57, 'thisTrialN': 1, 'thisRepN': 14}>
151.5767 	DATA 	Keypress: x
151.5978 	EXP 	Fixation: autoDraw = False
151.5978 	EXP 	line1: autoDraw = False
151.5978 	EXP 	line2: autoDraw = False
151.5978 	EXP 	line3: autoDraw = False
151.5978 	EXP 	line4: autoDraw = False
151.5978 	EXP 	protrianglefixation: autoDraw = False
151.5978 	EXP 	Fixation: autoDraw = True
151.6982 	EXP 	Device response: <KeyPress from None: t=151.56373937500757, value=x, duration=0.13249437499325722>
152.5717 	EXP 	line1: autoDraw = True
152.5717 	EXP 	line2: autoDraw = True
152.5717 	EXP 	line3: autoDraw = True
152.5717 	EXP 	line4: autoDraw = True
152.6142 	EXP 	Fixation: autoDraw = False
153.5630 	INFO 	Keyboard events cleared
153.5628 	EXP 	protrianglefixation: autoDraw = True
154.2987 	EXP 	Device response: <KeyPress from None: t=154.28151141699345, value=v, duration=None>
154.2991 	EXP 	New trial (rep=14, index=2): <Trial 58 (2 in rep 14) data={'pos': np.int64(50), 'corr_resp': 'c', 'thisN': 58, 'thisTrialN': 2, 'thisRepN': 14}>
154.3039 	DATA 	Keypress: v
154.3145 	EXP 	Fixation: autoDraw = False
154.3145 	EXP 	line1: autoDraw = False
154.3145 	EXP 	line2: autoDraw = False
154.3145 	EXP 	line3: autoDraw = False
154.3145 	EXP 	line4: autoDraw = False
154.3145 	EXP 	protrianglefixation: autoDraw = False
154.3145 	EXP 	Fixation: autoDraw = True
154.4314 	EXP 	Device response: <KeyPress from None: t=154.28151141699345, value=v, duration=0.14359820800018497>
155.2962 	EXP 	line1: autoDraw = True
155.2962 	EXP 	line2: autoDraw = True
155.2962 	EXP 	line3: autoDraw = True
155.2962 	EXP 	line4: autoDraw = True
155.3128 	EXP 	Fixation: autoDraw = False
156.2970 	INFO 	Keyboard events cleared
156.2968 	EXP 	protrianglefixation: autoDraw = True
157.4817 	EXP 	Device response: <KeyPress from None: t=157.47566062500118, value=c, duration=None>
157.4821 	EXP 	New trial (rep=14, index=3): <Trial 59 (3 in rep 14) data={'pos': np.int64(-150), 'corr_resp': 'z', 'thisN': 59, 'thisTrialN': 3, 'thisRepN': 14}>
157.4873 	DATA 	Keypress: c
157.4925 	EXP 	Fixation: autoDraw = False
157.4925 	EXP 	line1: autoDraw = False
157.4925 	EXP 	line2: autoDraw = False
157.4925 	EXP 	line3: autoDraw = False
157.4925 	EXP 	line4: autoDraw = False
157.4925 	EXP 	protrianglefixation: autoDraw = False
157.4925 	EXP 	Fixation: autoDraw = True
157.5706 	EXP 	Device response: <KeyPress from None: t=157.47566062500118, value=c, duration=0.08824124999227934>
158.4796 	EXP 	line1: autoDraw = True
158.4796 	EXP 	line2: autoDraw = True
158.4796 	EXP 	line3: autoDraw = True
158.4796 	EXP 	line4: autoDraw = True
158.4870 	EXP 	Fixation: autoDraw = False
159.4797 	INFO 	Keyboard events cleared
159.4794 	EXP 	protrianglefixation: autoDraw = True
160.1976 	EXP 	Device response: <KeyPress from None: t=160.18957200000295, value=z, duration=None>
160.1981 	EXP 	New trial (rep=15, index=0): <Trial 60 (0 in rep 15) data={'pos': np.int64(-50), 'corr_resp': 'x', 'thisN': 60, 'thisTrialN': 0, 'thisRepN': 15}>
160.2030 	DATA 	Keypress: z
160.2077 	EXP 	Fixation: autoDraw = False
160.2077 	EXP 	line1: autoDraw = False
160.2077 	EXP 	line2: autoDraw = False
160.2077 	EXP 	line3: autoDraw = False
160.2077 	EXP 	line4: autoDraw = False
160.2077 	EXP 	protrianglefixation: autoDraw = False
160.2077 	EXP 	Fixation: autoDraw = True
160.3041 	EXP 	Device response: <KeyPress from None: t=160.18957200000295, value=z, duration=0.11229929199907929>
161.1962 	EXP 	line1: autoDraw = True
161.1962 	EXP 	line2: autoDraw = True
161.1962 	EXP 	line3: autoDraw = True
161.1962 	EXP 	line4: autoDraw = True
161.2039 	EXP 	Fixation: autoDraw = False
162.1965 	INFO 	Keyboard events cleared
162.1962 	EXP 	protrianglefixation: autoDraw = True
162.7642 	EXP 	Device response: <KeyPress from None: t=162.76283383299597, value=x, duration=None>
162.7647 	EXP 	New trial (rep=15, index=1): <Trial 61 (1 in rep 15) data={'pos': np.int64(150), 'corr_resp': 'v', 'thisN': 61, 'thisTrialN': 1, 'thisRepN': 15}>
162.7713 	DATA 	Keypress: x
162.7768 	EXP 	Fixation: autoDraw = False
162.7768 	EXP 	line1: autoDraw = False
162.7768 	EXP 	line2: autoDraw = False
162.7768 	EXP 	line3: autoDraw = False
162.7768 	EXP 	line4: autoDraw = False
162.7768 	EXP 	protrianglefixation: autoDraw = False
162.7768 	EXP 	Fixation: autoDraw = True
162.9816 	EXP 	Device response: <KeyPress from None: t=162.76283383299597, value=x, duration=0.2120522089971928>
163.7629 	EXP 	line1: autoDraw = True
163.7629 	EXP 	line2: autoDraw = True
163.7629 	EXP 	line3: autoDraw = True
163.7629 	EXP 	line4: autoDraw = True
163.7704 	EXP 	Fixation: autoDraw = False
164.7633 	INFO 	Keyboard events cleared
164.7631 	EXP 	protrianglefixation: autoDraw = True
166.0476 	EXP 	Device response: <KeyPress from None: t=166.0442905420059, value=v, duration=None>
166.0479 	EXP 	New trial (rep=15, index=2): <Trial 62 (2 in rep 15) data={'pos': np.int64(50), 'corr_resp': 'c', 'thisN': 62, 'thisTrialN': 2, 'thisRepN': 15}>
166.0534 	DATA 	Keypress: v
166.0586 	EXP 	Fixation: autoDraw = False
166.0586 	EXP 	line1: autoDraw = False
166.0586 	EXP 	line2: autoDraw = False
166.0586 	EXP 	line3: autoDraw = False
166.0586 	EXP 	line4: autoDraw = False
166.0586 	EXP 	protrianglefixation: autoDraw = False
166.0586 	EXP 	Fixation: autoDraw = True
166.1313 	EXP 	Device response: <KeyPress from None: t=166.0442905420059, value=v, duration=0.08346645798883401>
167.0369 	EXP 	line1: autoDraw = True
167.0369 	EXP 	line2: autoDraw = True
167.0369 	EXP 	line3: autoDraw = True
167.0369 	EXP 	line4: autoDraw = True
167.0534 	EXP 	Fixation: autoDraw = False
168.0646 	INFO 	Keyboard events cleared
168.0645 	EXP 	protrianglefixation: autoDraw = True
169.2214 	EXP 	Device response: <KeyPress from None: t=169.21835483300674, value=c, duration=None>
169.2218 	EXP 	New trial (rep=15, index=3): <Trial 63 (3 in rep 15) data={'pos': np.int64(-150), 'corr_resp': 'z', 'thisN': 63, 'thisTrialN': 3, 'thisRepN': 15}>
169.2289 	DATA 	Keypress: c
169.2339 	EXP 	Fixation: autoDraw = False
169.2339 	EXP 	line1: autoDraw = False
169.2339 	EXP 	line2: autoDraw = False
169.2339 	EXP 	line3: autoDraw = False
169.2339 	EXP 	line4: autoDraw = False
169.2339 	EXP 	protrianglefixation: autoDraw = False
169.2339 	EXP 	Fixation: autoDraw = True
169.3373 	EXP 	Device response: <KeyPress from None: t=169.21835483300674, value=c, duration=0.11634929198771715>
170.2207 	EXP 	line1: autoDraw = True
170.2207 	EXP 	line2: autoDraw = True
170.2207 	EXP 	line3: autoDraw = True
170.2207 	EXP 	line4: autoDraw = True
170.2295 	EXP 	Fixation: autoDraw = False
171.2213 	INFO 	Keyboard events cleared
171.2211 	EXP 	protrianglefixation: autoDraw = True
171.6216 	EXP 	Device response: <KeyPress from None: t=171.62044954199519, value=z, duration=None>
171.6220 	EXP 	New trial (rep=16, index=0): <Trial 64 (0 in rep 16) data={'pos': np.int64(-50), 'corr_resp': 'x', 'thisN': 64, 'thisTrialN': 0, 'thisRepN': 16}>
171.6279 	DATA 	Keypress: z
171.6334 	EXP 	Fixation: autoDraw = False
171.6334 	EXP 	line1: autoDraw = False
171.6334 	EXP 	line2: autoDraw = False
171.6334 	EXP 	line3: autoDraw = False
171.6334 	EXP 	line4: autoDraw = False
171.6334 	EXP 	protrianglefixation: autoDraw = False
171.6334 	EXP 	Fixation: autoDraw = True
171.7375 	EXP 	Device response: <KeyPress from None: t=171.62044954199519, value=z, duration=0.1132770830008667>
172.6206 	EXP 	line1: autoDraw = True
172.6206 	EXP 	line2: autoDraw = True
172.6206 	EXP 	line3: autoDraw = True
172.6206 	EXP 	line4: autoDraw = True
172.6298 	EXP 	Fixation: autoDraw = False
173.6208 	INFO 	Keyboard events cleared
173.6206 	EXP 	protrianglefixation: autoDraw = True
174.0218 	EXP 	Device response: <KeyPress from None: t=174.01561304200732, value=x, duration=None>
174.0222 	EXP 	New trial (rep=16, index=1): <Trial 65 (1 in rep 16) data={'pos': np.int64(150), 'corr_resp': 'v', 'thisN': 65, 'thisTrialN': 1, 'thisRepN': 16}>
174.0285 	DATA 	Keypress: x
174.0337 	EXP 	Fixation: autoDraw = False
174.0337 	EXP 	line1: autoDraw = False
174.0337 	EXP 	line2: autoDraw = False
174.0337 	EXP 	line3: autoDraw = False
174.0337 	EXP 	line4: autoDraw = False
174.0337 	EXP 	protrianglefixation: autoDraw = False
174.0337 	EXP 	Fixation: autoDraw = True
174.1153 	EXP 	Device response: <KeyPress from None: t=174.01561304200732, value=x, duration=0.09604554099496454>
175.0202 	EXP 	line1: autoDraw = True
175.0202 	EXP 	line2: autoDraw = True
175.0202 	EXP 	line3: autoDraw = True
175.0202 	EXP 	line4: autoDraw = True
175.0298 	EXP 	Fixation: autoDraw = False
176.0211 	INFO 	Keyboard events cleared
176.0209 	EXP 	protrianglefixation: autoDraw = True
176.4387 	EXP 	Device response: <KeyPress from None: t=176.43722933299432, value=v, duration=None>
176.4392 	EXP 	New trial (rep=16, index=2): <Trial 66 (2 in rep 16) data={'pos': np.int64(50), 'corr_resp': 'c', 'thisN': 66, 'thisTrialN': 2, 'thisRepN': 16}>
176.4452 	DATA 	Keypress: v
176.4507 	EXP 	Fixation: autoDraw = False
176.4507 	EXP 	line1: autoDraw = False
176.4507 	EXP 	line2: autoDraw = False
176.4507 	EXP 	line3: autoDraw = False
176.4507 	EXP 	line4: autoDraw = False
176.4507 	EXP 	protrianglefixation: autoDraw = False
176.4507 	EXP 	Fixation: autoDraw = True
176.5813 	EXP 	Device response: <KeyPress from None: t=176.43722933299432, value=v, duration=0.13636324999970384>
177.4378 	EXP 	line1: autoDraw = True
177.4378 	EXP 	line2: autoDraw = True
177.4378 	EXP 	line3: autoDraw = True
177.4378 	EXP 	line4: autoDraw = True
177.4474 	EXP 	Fixation: autoDraw = False
178.4375 	INFO 	Keyboard events cleared
178.4373 	EXP 	protrianglefixation: autoDraw = True
178.8880 	EXP 	Device response: <KeyPress from None: t=178.88619916699827, value=c, duration=None>
178.8885 	EXP 	New trial (rep=16, index=3): <Trial 67 (3 in rep 16) data={'pos': np.int64(-150), 'corr_resp': 'z', 'thisN': 67, 'thisTrialN': 3, 'thisRepN': 16}>
178.8946 	DATA 	Keypress: c
178.9004 	EXP 	Fixation: autoDraw = False
178.9004 	EXP 	line1: autoDraw = False
178.9004 	EXP 	line2: autoDraw = False
178.9004 	EXP 	line3: autoDraw = False
178.9004 	EXP 	line4: autoDraw = False
178.9004 	EXP 	protrianglefixation: autoDraw = False
178.9004 	EXP 	Fixation: autoDraw = True
179.0329 	EXP 	Device response: <KeyPress from None: t=178.88619916699827, value=c, duration=0.14033191600174177>
179.8877 	EXP 	line1: autoDraw = True
179.8877 	EXP 	line2: autoDraw = True
179.8877 	EXP 	line3: autoDraw = True
179.8877 	EXP 	line4: autoDraw = True
179.8964 	EXP 	Fixation: autoDraw = False
180.8876 	INFO 	Keyboard events cleared
180.8874 	EXP 	protrianglefixation: autoDraw = True
181.4713 	EXP 	Device response: <KeyPress from None: t=181.46710312500363, value=z, duration=None>
181.4718 	EXP 	New trial (rep=17, index=0): <Trial 68 (0 in rep 17) data={'pos': np.int64(-50), 'corr_resp': 'x', 'thisN': 68, 'thisTrialN': 0, 'thisRepN': 17}>
181.4778 	DATA 	Keypress: z
181.4840 	EXP 	Fixation: autoDraw = False
181.4840 	EXP 	line1: autoDraw = False
181.4840 	EXP 	line2: autoDraw = False
181.4840 	EXP 	line3: autoDraw = False
181.4840 	EXP 	line4: autoDraw = False
181.4840 	EXP 	protrianglefixation: autoDraw = False
181.4840 	EXP 	Fixation: autoDraw = True
181.5986 	EXP 	Device response: <KeyPress from None: t=181.46710312500363, value=z, duration=0.12440129199239891>
182.4707 	EXP 	line1: autoDraw = True
182.4707 	EXP 	line2: autoDraw = True
182.4707 	EXP 	line3: autoDraw = True
182.4707 	EXP 	line4: autoDraw = True
182.4796 	EXP 	Fixation: autoDraw = False
183.4712 	INFO 	Keyboard events cleared
183.4710 	EXP 	protrianglefixation: autoDraw = True
184.3142 	EXP 	Device response: <KeyPress from None: t=184.30665312499332, value=x, duration=None>
184.3146 	EXP 	New trial (rep=17, index=1): <Trial 69 (1 in rep 17) data={'pos': np.int64(150), 'corr_resp': 'v', 'thisN': 69, 'thisTrialN': 1, 'thisRepN': 17}>
184.3208 	DATA 	Keypress: x
184.3259 	EXP 	Fixation: autoDraw = False
184.3259 	EXP 	line1: autoDraw = False
184.3259 	EXP 	line2: autoDraw = False
184.3259 	EXP 	line3: autoDraw = False
184.3259 	EXP 	line4: autoDraw = False
184.3259 	EXP 	protrianglefixation: autoDraw = False
184.3259 	EXP 	Fixation: autoDraw = True
184.4478 	EXP 	Device response: <KeyPress from None: t=184.30665312499332, value=x, duration=0.1358034170116298>
185.3131 	EXP 	line1: autoDraw = True
185.3131 	EXP 	line2: autoDraw = True
185.3131 	EXP 	line3: autoDraw = True
185.3131 	EXP 	line4: autoDraw = True
185.3204 	EXP 	Fixation: autoDraw = False
186.3129 	INFO 	Keyboard events cleared
186.3128 	EXP 	protrianglefixation: autoDraw = True
186.8880 	EXP 	Device response: <KeyPress from None: t=186.88604879200284, value=v, duration=None>
186.8884 	EXP 	New trial (rep=17, index=2): <Trial 70 (2 in rep 17) data={'pos': np.int64(50), 'corr_resp': 'c', 'thisN': 70, 'thisTrialN': 2, 'thisRepN': 17}>
186.8946 	DATA 	Keypress: v
186.9003 	EXP 	Fixation: autoDraw = False
186.9003 	EXP 	line1: autoDraw = False
186.9003 	EXP 	line2: autoDraw = False
186.9003 	EXP 	line3: autoDraw = False
186.9003 	EXP 	line4: autoDraw = False
186.9003 	EXP 	protrianglefixation: autoDraw = False
186.9003 	EXP 	Fixation: autoDraw = True
187.0041 	EXP 	Device response: <KeyPress from None: t=186.88604879200284, value=v, duration=0.11635970800125506>
187.8979 	EXP 	line1: autoDraw = True
187.8979 	EXP 	line2: autoDraw = True
187.8979 	EXP 	line3: autoDraw = True
187.8979 	EXP 	line4: autoDraw = True
187.9051 	EXP 	Fixation: autoDraw = False
188.8875 	INFO 	Keyboard events cleared
188.8874 	EXP 	protrianglefixation: autoDraw = True
189.2808 	EXP 	Device response: <KeyPress from None: t=189.2730204170075, value=c, duration=None>
189.2813 	EXP 	New trial (rep=17, index=3): <Trial 71 (3 in rep 17) data={'pos': np.int64(-150), 'corr_resp': 'z', 'thisN': 71, 'thisTrialN': 3, 'thisRepN': 17}>
189.2879 	DATA 	Keypress: c
189.2932 	EXP 	Fixation: autoDraw = False
189.2932 	EXP 	line1: autoDraw = False
189.2932 	EXP 	line2: autoDraw = False
189.2932 	EXP 	line3: autoDraw = False
189.2932 	EXP 	line4: autoDraw = False
189.2932 	EXP 	protrianglefixation: autoDraw = False
189.2932 	EXP 	Fixation: autoDraw = True
189.4142 	EXP 	Device response: <KeyPress from None: t=189.2730204170075, value=c, duration=0.13623887499852572>
190.2803 	EXP 	line1: autoDraw = True
190.2803 	EXP 	line2: autoDraw = True
190.2803 	EXP 	line3: autoDraw = True
190.2803 	EXP 	line4: autoDraw = True
190.2875 	EXP 	Fixation: autoDraw = False
191.2796 	INFO 	Keyboard events cleared
191.2794 	EXP 	protrianglefixation: autoDraw = True
191.9976 	EXP 	Device response: <KeyPress from None: t=191.9898847919976, value=z, duration=None>
191.9980 	EXP 	New trial (rep=18, index=0): <Trial 72 (0 in rep 18) data={'pos': np.int64(-50), 'corr_resp': 'x', 'thisN': 72, 'thisTrialN': 0, 'thisRepN': 18}>
192.0042 	DATA 	Keypress: z
192.0093 	EXP 	Fixation: autoDraw = False
192.0093 	EXP 	line1: autoDraw = False
192.0093 	EXP 	line2: autoDraw = False
192.0093 	EXP 	line3: autoDraw = False
192.0093 	EXP 	line4: autoDraw = False
192.0093 	EXP 	protrianglefixation: autoDraw = False
192.0093 	EXP 	Fixation: autoDraw = True
192.1147 	EXP 	Device response: <KeyPress from None: t=191.9898847919976, value=z, duration=0.11639070800447371>
192.9962 	EXP 	line1: autoDraw = True
192.9962 	EXP 	line2: autoDraw = True
192.9962 	EXP 	line3: autoDraw = True
192.9962 	EXP 	line4: autoDraw = True
193.0037 	EXP 	Fixation: autoDraw = False
193.9966 	INFO 	Keyboard events cleared
193.9964 	EXP 	protrianglefixation: autoDraw = True
194.5386 	EXP 	Device response: <KeyPress from None: t=194.53482716699364, value=x, duration=None>
194.5390 	EXP 	New trial (rep=18, index=1): <Trial 73 (1 in rep 18) data={'pos': np.int64(150), 'corr_resp': 'v', 'thisN': 73, 'thisTrialN': 1, 'thisRepN': 18}>
194.5451 	DATA 	Keypress: x
194.5509 	EXP 	Fixation: autoDraw = False
194.5509 	EXP 	line1: autoDraw = False
194.5509 	EXP 	line2: autoDraw = False
194.5509 	EXP 	line3: autoDraw = False
194.5509 	EXP 	line4: autoDraw = False
194.5509 	EXP 	protrianglefixation: autoDraw = False
194.5509 	EXP 	Fixation: autoDraw = True
194.6985 	EXP 	Device response: <KeyPress from None: t=194.53482716699364, value=x, duration=0.16039608301070984>
195.5372 	EXP 	line1: autoDraw = True
195.5372 	EXP 	line2: autoDraw = True
195.5372 	EXP 	line3: autoDraw = True
195.5372 	EXP 	line4: autoDraw = True
195.5467 	EXP 	Fixation: autoDraw = False
196.5380 	INFO 	Keyboard events cleared
196.5378 	EXP 	protrianglefixation: autoDraw = True
197.3049 	EXP 	Device response: <KeyPress from None: t=197.3027771670022, value=v, duration=None>
197.3054 	EXP 	New trial (rep=18, index=2): <Trial 74 (2 in rep 18) data={'pos': np.int64(50), 'corr_resp': 'c', 'thisN': 74, 'thisTrialN': 2, 'thisRepN': 18}>
197.3117 	DATA 	Keypress: v
197.3175 	EXP 	Fixation: autoDraw = False
197.3175 	EXP 	line1: autoDraw = False
197.3175 	EXP 	line2: autoDraw = False
197.3175 	EXP 	line3: autoDraw = False
197.3175 	EXP 	line4: autoDraw = False
197.3175 	EXP 	protrianglefixation: autoDraw = False
197.3175 	EXP 	Fixation: autoDraw = True
197.4042 	EXP 	Device response: <KeyPress from None: t=197.3027771670022, value=v, duration=0.09635737500502728>
198.3045 	EXP 	line1: autoDraw = True
198.3045 	EXP 	line2: autoDraw = True
198.3045 	EXP 	line3: autoDraw = True
198.3045 	EXP 	line4: autoDraw = True
198.3128 	EXP 	Fixation: autoDraw = False
199.3047 	INFO 	Keyboard events cleared
199.3045 	EXP 	protrianglefixation: autoDraw = True
200.0210 	EXP 	Device response: <KeyPress from None: t=200.01979791700433, value=c, duration=None>
200.0214 	EXP 	New trial (rep=18, index=3): <Trial 75 (3 in rep 18) data={'pos': np.int64(-150), 'corr_resp': 'z', 'thisN': 75, 'thisTrialN': 3, 'thisRepN': 18}>
200.0273 	DATA 	Keypress: c
200.0335 	EXP 	Fixation: autoDraw = False
200.0335 	EXP 	line1: autoDraw = False
200.0335 	EXP 	line2: autoDraw = False
200.0335 	EXP 	line3: autoDraw = False
200.0335 	EXP 	line4: autoDraw = False
200.0335 	EXP 	protrianglefixation: autoDraw = False
200.0335 	EXP 	Fixation: autoDraw = True
200.1309 	EXP 	Device response: <KeyPress from None: t=200.01979791700433, value=c, duration=0.10432529100216925>
201.0128 	EXP 	line1: autoDraw = True
201.0128 	EXP 	line2: autoDraw = True
201.0128 	EXP 	line3: autoDraw = True
201.0128 	EXP 	line4: autoDraw = True
201.0296 	EXP 	Fixation: autoDraw = False
202.0129 	INFO 	Keyboard events cleared
202.0128 	EXP 	protrianglefixation: autoDraw = True
202.5720 	EXP 	Device response: <KeyPress from None: t=202.5636327079992, value=z, duration=None>
202.5725 	EXP 	New trial (rep=19, index=0): <Trial 76 (0 in rep 19) data={'pos': np.int64(-50), 'corr_resp': 'x', 'thisN': 76, 'thisTrialN': 0, 'thisRepN': 19}>
202.5786 	DATA 	Keypress: z
202.5840 	EXP 	Fixation: autoDraw = False
202.5840 	EXP 	line1: autoDraw = False
202.5840 	EXP 	line2: autoDraw = False
202.5840 	EXP 	line3: autoDraw = False
202.5840 	EXP 	line4: autoDraw = False
202.5840 	EXP 	protrianglefixation: autoDraw = False
202.5840 	EXP 	Fixation: autoDraw = True
202.7042 	EXP 	Device response: <KeyPress from None: t=202.5636327079992, value=z, duration=0.1370664999994915>
203.5708 	EXP 	line1: autoDraw = True
203.5708 	EXP 	line2: autoDraw = True
203.5708 	EXP 	line3: autoDraw = True
203.5708 	EXP 	line4: autoDraw = True
203.5794 	EXP 	Fixation: autoDraw = False
204.5715 	INFO 	Keyboard events cleared
204.5713 	EXP 	protrianglefixation: autoDraw = True
205.2546 	EXP 	Device response: <KeyPress from None: t=205.2466635419987, value=x, duration=None>
205.2551 	EXP 	New trial (rep=19, index=1): <Trial 77 (1 in rep 19) data={'pos': np.int64(150), 'corr_resp': 'v', 'thisN': 77, 'thisTrialN': 1, 'thisRepN': 19}>
205.2610 	DATA 	Keypress: x
205.2667 	EXP 	Fixation: autoDraw = False
205.2667 	EXP 	line1: autoDraw = False
205.2667 	EXP 	line2: autoDraw = False
205.2667 	EXP 	line3: autoDraw = False
205.2667 	EXP 	line4: autoDraw = False
205.2667 	EXP 	protrianglefixation: autoDraw = False
205.2667 	EXP 	Fixation: autoDraw = True
205.3809 	EXP 	Device response: <KeyPress from None: t=205.2466635419987, value=x, duration=0.12425295800494496>
206.2542 	EXP 	line1: autoDraw = True
206.2542 	EXP 	line2: autoDraw = True
206.2542 	EXP 	line3: autoDraw = True
206.2542 	EXP 	line4: autoDraw = True
206.2631 	EXP 	Fixation: autoDraw = False
207.2464 	INFO 	Keyboard events cleared
207.2462 	EXP 	protrianglefixation: autoDraw = True
207.7811 	EXP 	Device response: <KeyPress from None: t=207.7795170830068, value=v, duration=None>
207.7818 	EXP 	New trial (rep=19, index=2): <Trial 78 (2 in rep 19) data={'pos': np.int64(50), 'corr_resp': 'c', 'thisN': 78, 'thisTrialN': 2, 'thisRepN': 19}>
207.7885 	DATA 	Keypress: v
207.7937 	EXP 	Fixation: autoDraw = False
207.7937 	EXP 	line1: autoDraw = False
207.7937 	EXP 	line2: autoDraw = False
207.7937 	EXP 	line3: autoDraw = False
207.7937 	EXP 	line4: autoDraw = False
207.7937 	EXP 	protrianglefixation: autoDraw = False
207.7937 	EXP 	Fixation: autoDraw = True
207.9043 	EXP 	Device response: <KeyPress from None: t=207.7795170830068, value=v, duration=0.12029891699785367>
208.7793 	EXP 	line1: autoDraw = True
208.7793 	EXP 	line2: autoDraw = True
208.7793 	EXP 	line3: autoDraw = True
208.7793 	EXP 	line4: autoDraw = True
208.7868 	EXP 	Fixation: autoDraw = False
209.7801 	INFO 	Keyboard events cleared
209.7799 	EXP 	protrianglefixation: autoDraw = True
210.2380 	EXP 	Device response: <KeyPress from None: t=210.23649095800647, value=c, duration=None>
210.2385 	EXP 	New trial (rep=19, index=3): <Trial 79 (3 in rep 19) data={'pos': np.int64(-150), 'corr_resp': 'z', 'thisN': 79, 'thisTrialN': 3, 'thisRepN': 19}>
210.2447 	DATA 	Keypress: c
210.2506 	EXP 	Fixation: autoDraw = False
210.2506 	EXP 	line1: autoDraw = False
210.2506 	EXP 	line2: autoDraw = False
210.2506 	EXP 	line3: autoDraw = False
210.2506 	EXP 	line4: autoDraw = False
210.2506 	EXP 	protrianglefixation: autoDraw = False
210.2506 	EXP 	Fixation: autoDraw = True
210.4147 	EXP 	Device response: <KeyPress from None: t=210.23649095800647, value=c, duration=0.17234791698865592>
211.2372 	EXP 	line1: autoDraw = True
211.2372 	EXP 	line2: autoDraw = True
211.2372 	EXP 	line3: autoDraw = True
211.2372 	EXP 	line4: autoDraw = True
211.2461 	EXP 	Fixation: autoDraw = False
212.2375 	INFO 	Keyboard events cleared
212.2373 	EXP 	protrianglefixation: autoDraw = True
212.7642 	EXP 	Device response: <KeyPress from None: t=212.75653345799947, value=z, duration=None>
212.7647 	EXP 	New trial (rep=20, index=0): <Trial 80 (0 in rep 20) data={'pos': np.int64(-50), 'corr_resp': 'x', 'thisN': 80, 'thisTrialN': 0, 'thisRepN': 20}>
212.7711 	DATA 	Keypress: z
212.7764 	EXP 	Fixation: autoDraw = False
212.7764 	EXP 	line1: autoDraw = False
212.7764 	EXP 	line2: autoDraw = False
212.7764 	EXP 	line3: autoDraw = False
212.7764 	EXP 	line4: autoDraw = False
212.7764 	EXP 	protrianglefixation: autoDraw = False
212.7764 	EXP 	Fixation: autoDraw = True
212.9223 	EXP 	Device response: <KeyPress from None: t=212.75653345799947, value=z, duration=0.1642625840031542>
213.7534 	EXP 	line1: autoDraw = True
213.7534 	EXP 	line2: autoDraw = True
213.7534 	EXP 	line3: autoDraw = True
213.7534 	EXP 	line4: autoDraw = True
213.7697 	EXP 	Fixation: autoDraw = False
214.7631 	INFO 	Keyboard events cleared
214.7629 	EXP 	protrianglefixation: autoDraw = True
215.1983 	EXP 	Device response: <KeyPress from None: t=215.19642300000123, value=x, duration=None>
215.1988 	EXP 	New trial (rep=20, index=1): <Trial 81 (1 in rep 20) data={'pos': np.int64(150), 'corr_resp': 'v', 'thisN': 81, 'thisTrialN': 1, 'thisRepN': 20}>
215.2055 	DATA 	Keypress: x
215.2108 	EXP 	Fixation: autoDraw = False
215.2108 	EXP 	line1: autoDraw = False
215.2108 	EXP 	line2: autoDraw = False
215.2108 	EXP 	line3: autoDraw = False
215.2108 	EXP 	line4: autoDraw = False
215.2108 	EXP 	protrianglefixation: autoDraw = False
215.2108 	EXP 	Fixation: autoDraw = True
215.3150 	EXP 	Device response: <KeyPress from None: t=215.19642300000123, value=x, duration=0.10816395799338352>
216.1963 	EXP 	line1: autoDraw = True
216.1963 	EXP 	line2: autoDraw = True
216.1963 	EXP 	line3: autoDraw = True
216.1963 	EXP 	line4: autoDraw = True
216.2037 	EXP 	Fixation: autoDraw = False
217.1962 	INFO 	Keyboard events cleared
217.1960 	EXP 	protrianglefixation: autoDraw = True
217.6165 	EXP 	Device response: <KeyPress from None: t=217.61435891699512, value=v, duration=None>
217.6172 	EXP 	New trial (rep=20, index=2): <Trial 82 (2 in rep 20) data={'pos': np.int64(50), 'corr_resp': 'c', 'thisN': 82, 'thisTrialN': 2, 'thisRepN': 20}>
217.6238 	DATA 	Keypress: v
217.6291 	EXP 	Fixation: autoDraw = False
217.6291 	EXP 	line1: autoDraw = False
217.6291 	EXP 	line2: autoDraw = False
217.6291 	EXP 	line3: autoDraw = False
217.6291 	EXP 	line4: autoDraw = False
217.6291 	EXP 	protrianglefixation: autoDraw = False
217.6291 	EXP 	Fixation: autoDraw = True
217.7723 	EXP 	Device response: <KeyPress from None: t=217.61435891699512, value=v, duration=0.15636770801211242>
218.6133 	EXP 	line1: autoDraw = True
218.6133 	EXP 	line2: autoDraw = True
218.6133 	EXP 	line3: autoDraw = True
218.6133 	EXP 	line4: autoDraw = True
218.6211 	EXP 	Fixation: autoDraw = False
219.6131 	INFO 	Keyboard events cleared
219.6129 	EXP 	protrianglefixation: autoDraw = True
220.1880 	EXP 	Device response: <KeyPress from None: t=220.18327633300214, value=c, duration=None>
220.1884 	EXP 	New trial (rep=20, index=3): <Trial 83 (3 in rep 20) data={'pos': np.int64(-150), 'corr_resp': 'z', 'thisN': 83, 'thisTrialN': 3, 'thisRepN': 20}>
220.1946 	DATA 	Keypress: c
220.1999 	EXP 	Fixation: autoDraw = False
220.1999 	EXP 	line1: autoDraw = False
220.1999 	EXP 	line2: autoDraw = False
220.1999 	EXP 	line3: autoDraw = False
220.1999 	EXP 	line4: autoDraw = False
220.1999 	EXP 	protrianglefixation: autoDraw = False
220.1999 	EXP 	Fixation: autoDraw = True
220.3381 	EXP 	Device response: <KeyPress from None: t=220.18327633300214, value=c, duration=0.14819041699229274>
221.1866 	EXP 	line1: autoDraw = True
221.1866 	EXP 	line2: autoDraw = True
221.1866 	EXP 	line3: autoDraw = True
221.1866 	EXP 	line4: autoDraw = True
221.1962 	EXP 	Fixation: autoDraw = False
222.1879 	INFO 	Keyboard events cleared
222.1877 	EXP 	protrianglefixation: autoDraw = True
222.5642 	EXP 	Device response: <KeyPress from None: t=222.5562394580047, value=z, duration=None>
222.5646 	EXP 	New trial (rep=21, index=0): <Trial 84 (0 in rep 21) data={'pos': np.int64(-50), 'corr_resp': 'x', 'thisN': 84, 'thisTrialN': 0, 'thisRepN': 21}>
222.5708 	DATA 	Keypress: z
222.5761 	EXP 	Fixation: autoDraw = False
222.5761 	EXP 	line1: autoDraw = False
222.5761 	EXP 	line2: autoDraw = False
222.5761 	EXP 	line3: autoDraw = False
222.5761 	EXP 	line4: autoDraw = False
222.5761 	EXP 	protrianglefixation: autoDraw = False
222.5761 	EXP 	Fixation: autoDraw = True
222.7313 	EXP 	Device response: <KeyPress from None: t=222.5562394580047, value=z, duration=0.16429137499653734>
223.5629 	EXP 	line1: autoDraw = True
223.5629 	EXP 	line2: autoDraw = True
223.5629 	EXP 	line3: autoDraw = True
223.5629 	EXP 	line4: autoDraw = True
223.5703 	EXP 	Fixation: autoDraw = False
224.5632 	INFO 	Keyboard events cleared
224.5630 	EXP 	protrianglefixation: autoDraw = True
224.9145 	EXP 	Device response: <KeyPress from None: t=224.906178833, value=x, duration=None>
224.9151 	EXP 	New trial (rep=21, index=1): <Trial 85 (1 in rep 21) data={'pos': np.int64(150), 'corr_resp': 'v', 'thisN': 85, 'thisTrialN': 1, 'thisRepN': 21}>
224.9216 	DATA 	Keypress: x
224.9268 	EXP 	Fixation: autoDraw = False
224.9268 	EXP 	line1: autoDraw = False
224.9268 	EXP 	line2: autoDraw = False
224.9268 	EXP 	line3: autoDraw = False
224.9268 	EXP 	line4: autoDraw = False
224.9268 	EXP 	protrianglefixation: autoDraw = False
224.9268 	EXP 	Fixation: autoDraw = True
225.0207 	EXP 	Device response: <KeyPress from None: t=224.906178833, value=x, duration=0.11223916700691916>
225.9128 	EXP 	line1: autoDraw = True
225.9128 	EXP 	line2: autoDraw = True
225.9128 	EXP 	line3: autoDraw = True
225.9128 	EXP 	line4: autoDraw = True
225.9202 	EXP 	Fixation: autoDraw = False
226.9130 	INFO 	Keyboard events cleared
226.9128 	EXP 	protrianglefixation: autoDraw = True
227.7147 	EXP 	Device response: <KeyPress from None: t=227.7110873329948, value=v, duration=None>
227.7151 	EXP 	New trial (rep=21, index=2): <Trial 86 (2 in rep 21) data={'pos': np.int64(50), 'corr_resp': 'c', 'thisN': 86, 'thisTrialN': 2, 'thisRepN': 21}>
227.7200 	DATA 	Keypress: v
227.7248 	EXP 	Fixation: autoDraw = False
227.7248 	EXP 	line1: autoDraw = False
227.7248 	EXP 	line2: autoDraw = False
227.7248 	EXP 	line3: autoDraw = False
227.7248 	EXP 	line4: autoDraw = False
227.7248 	EXP 	protrianglefixation: autoDraw = False
227.7248 	EXP 	Fixation: autoDraw = True
227.8156 	EXP 	Device response: <KeyPress from None: t=227.7110873329948, value=v, duration=0.10030920901044738>
228.7128 	EXP 	line1: autoDraw = True
228.7128 	EXP 	line2: autoDraw = True
228.7128 	EXP 	line3: autoDraw = True
228.7128 	EXP 	line4: autoDraw = True
228.7203 	EXP 	Fixation: autoDraw = False
229.7128 	INFO 	Keyboard events cleared
229.7127 	EXP 	protrianglefixation: autoDraw = True
229.9307 	EXP 	Device response: <KeyPress from None: t=229.9269378750032, value=c, duration=None>
229.9312 	EXP 	New trial (rep=21, index=3): <Trial 87 (3 in rep 21) data={'pos': np.int64(-150), 'corr_resp': 'z', 'thisN': 87, 'thisTrialN': 3, 'thisRepN': 21}>
229.9363 	DATA 	Keypress: c
229.9414 	EXP 	Fixation: autoDraw = False
229.9414 	EXP 	line1: autoDraw = False
229.9414 	EXP 	line2: autoDraw = False
229.9414 	EXP 	line3: autoDraw = False
229.9414 	EXP 	line4: autoDraw = False
229.9414 	EXP 	protrianglefixation: autoDraw = False
229.9414 	EXP 	Fixation: autoDraw = True
230.0477 	EXP 	Device response: <KeyPress from None: t=229.9269378750032, value=c, duration=0.11634954200417269>
230.9293 	EXP 	line1: autoDraw = True
230.9293 	EXP 	line2: autoDraw = True
230.9293 	EXP 	line3: autoDraw = True
230.9293 	EXP 	line4: autoDraw = True
230.9366 	EXP 	Fixation: autoDraw = False
231.9295 	INFO 	Keyboard events cleared
231.9293 	EXP 	protrianglefixation: autoDraw = True
232.1975 	EXP 	Device response: <KeyPress from None: t=232.18890470800397, value=z, duration=None>
232.1979 	EXP 	New trial (rep=22, index=0): <Trial 88 (0 in rep 22) data={'pos': np.int64(-50), 'corr_resp': 'x', 'thisN': 88, 'thisTrialN': 0, 'thisRepN': 22}>
232.2031 	DATA 	Keypress: z
232.2080 	EXP 	Fixation: autoDraw = False
232.2080 	EXP 	line1: autoDraw = False
232.2080 	EXP 	line2: autoDraw = False
232.2080 	EXP 	line3: autoDraw = False
232.2080 	EXP 	line4: autoDraw = False
232.2080 	EXP 	protrianglefixation: autoDraw = False
232.2080 	EXP 	Fixation: autoDraw = True
232.2713 	EXP 	Device response: <KeyPress from None: t=232.18890470800397, value=z, duration=0.08037033399159554>
233.1960 	EXP 	line1: autoDraw = True
233.1960 	EXP 	line2: autoDraw = True
233.1960 	EXP 	line3: autoDraw = True
233.1960 	EXP 	line4: autoDraw = True
233.2032 	EXP 	Fixation: autoDraw = False
233.9380 	EXP 	Device response: <KeyPress from None: t=233.9299081670033, value=x, duration=None>
233.9428 	DATA 	Keypress: x
234.0474 	EXP 	Device response: <KeyPress from None: t=233.9299081670033, value=x, duration=0.11238004099868704>
234.1961 	INFO 	Keyboard events cleared
234.1960 	EXP 	protrianglefixation: autoDraw = True
235.2711 	EXP 	Device response: <KeyPress from None: t=235.2689357079944, value=x, duration=None>
235.2715 	EXP 	New trial (rep=22, index=1): <Trial 89 (1 in rep 22) data={'pos': np.int64(150), 'corr_resp': 'v', 'thisN': 89, 'thisTrialN': 1, 'thisRepN': 22}>
235.2766 	DATA 	Keypress: x
235.2978 	EXP 	Fixation: autoDraw = False
235.2978 	EXP 	line1: autoDraw = False
235.2978 	EXP 	line2: autoDraw = False
235.2978 	EXP 	line3: autoDraw = False
235.2978 	EXP 	line4: autoDraw = False
235.2978 	EXP 	protrianglefixation: autoDraw = False
235.2978 	EXP 	Fixation: autoDraw = True
235.3647 	EXP 	Device response: <KeyPress from None: t=235.2689357079944, value=x, duration=0.08821004201308824>
236.2703 	EXP 	line1: autoDraw = True
236.2703 	EXP 	line2: autoDraw = True
236.2703 	EXP 	line3: autoDraw = True
236.2703 	EXP 	line4: autoDraw = True
236.2960 	EXP 	Fixation: autoDraw = False
237.2715 	INFO 	Keyboard events cleared
237.2713 	EXP 	protrianglefixation: autoDraw = True
237.7387 	EXP 	Device response: <KeyPress from None: t=237.73079429200152, value=v, duration=None>
237.7393 	EXP 	New trial (rep=22, index=2): <Trial 90 (2 in rep 22) data={'pos': np.int64(50), 'corr_resp': 'c', 'thisN': 90, 'thisTrialN': 2, 'thisRepN': 22}>
237.7444 	DATA 	Keypress: v
237.7501 	EXP 	Fixation: autoDraw = False
237.7501 	EXP 	line1: autoDraw = False
237.7501 	EXP 	line2: autoDraw = False
237.7501 	EXP 	line3: autoDraw = False
237.7501 	EXP 	line4: autoDraw = False
237.7501 	EXP 	protrianglefixation: autoDraw = False
237.7501 	EXP 	Fixation: autoDraw = True
237.8203 	EXP 	Device response: <KeyPress from None: t=237.73079429200152, value=v, duration=0.08835399999225046>
238.7369 	EXP 	line1: autoDraw = True
238.7369 	EXP 	line2: autoDraw = True
238.7369 	EXP 	line3: autoDraw = True
238.7369 	EXP 	line4: autoDraw = True
238.7462 	EXP 	Fixation: autoDraw = False
239.7378 	INFO 	Keyboard events cleared
239.7376 	EXP 	protrianglefixation: autoDraw = True
240.0806 	EXP 	Device response: <KeyPress from None: t=240.07279837499664, value=c, duration=None>
240.0811 	EXP 	New trial (rep=22, index=3): <Trial 91 (3 in rep 22) data={'pos': np.int64(-150), 'corr_resp': 'z', 'thisN': 91, 'thisTrialN': 3, 'thisRepN': 22}>
240.0862 	DATA 	Keypress: c
240.0913 	EXP 	Fixation: autoDraw = False
240.0913 	EXP 	line1: autoDraw = False
240.0913 	EXP 	line2: autoDraw = False
240.0913 	EXP 	line3: autoDraw = False
240.0913 	EXP 	line4: autoDraw = False
240.0913 	EXP 	protrianglefixation: autoDraw = False
240.0913 	EXP 	Fixation: autoDraw = True
240.1534 	EXP 	Device response: <KeyPress from None: t=240.07279837499664, value=c, duration=0.07632970799750183>
241.0715 	EXP 	line1: autoDraw = True
241.0715 	EXP 	line2: autoDraw = True
241.0715 	EXP 	line3: autoDraw = True
241.0715 	EXP 	line4: autoDraw = True
241.1144 	EXP 	Fixation: autoDraw = False
242.0794 	INFO 	Keyboard events cleared
242.0793 	EXP 	protrianglefixation: autoDraw = True
242.5718 	EXP 	Device response: <KeyPress from None: t=242.5686842080031, value=z, duration=None>
242.5723 	EXP 	New trial (rep=23, index=0): <Trial 92 (0 in rep 23) data={'pos': np.int64(-50), 'corr_resp': 'x', 'thisN': 92, 'thisTrialN': 0, 'thisRepN': 23}>
242.5776 	DATA 	Keypress: z
242.5833 	EXP 	Fixation: autoDraw = False
242.5833 	EXP 	line1: autoDraw = False
242.5833 	EXP 	line2: autoDraw = False
242.5833 	EXP 	line3: autoDraw = False
242.5833 	EXP 	line4: autoDraw = False
242.5833 	EXP 	protrianglefixation: autoDraw = False
242.5833 	EXP 	Fixation: autoDraw = True
242.6711 	EXP 	Device response: <KeyPress from None: t=242.5686842080031, value=z, duration=0.09650195899303071>
243.5713 	EXP 	line1: autoDraw = True
243.5713 	EXP 	line2: autoDraw = True
243.5713 	EXP 	line3: autoDraw = True
243.5713 	EXP 	line4: autoDraw = True
243.5975 	EXP 	Fixation: autoDraw = False
244.5710 	INFO 	Keyboard events cleared
244.5708 	EXP 	protrianglefixation: autoDraw = True
245.1048 	EXP 	Device response: <KeyPress from None: t=245.10262641700683, value=x, duration=None>
245.1053 	EXP 	New trial (rep=23, index=1): <Trial 93 (1 in rep 23) data={'pos': np.int64(150), 'corr_resp': 'v', 'thisN': 93, 'thisTrialN': 1, 'thisRepN': 23}>
245.1104 	DATA 	Keypress: x
245.1165 	EXP 	Fixation: autoDraw = False
245.1165 	EXP 	line1: autoDraw = False
245.1165 	EXP 	line2: autoDraw = False
245.1165 	EXP 	line3: autoDraw = False
245.1165 	EXP 	line4: autoDraw = False
245.1165 	EXP 	protrianglefixation: autoDraw = False
245.1165 	EXP 	Fixation: autoDraw = True
245.1990 	EXP 	Device response: <KeyPress from None: t=245.10262641700683, value=x, duration=0.09241433299030177>
246.1042 	EXP 	line1: autoDraw = True
246.1042 	EXP 	line2: autoDraw = True
246.1042 	EXP 	line3: autoDraw = True
246.1042 	EXP 	line4: autoDraw = True
246.1129 	EXP 	Fixation: autoDraw = False
247.1041 	INFO 	Keyboard events cleared
247.1040 	EXP 	protrianglefixation: autoDraw = True
247.4811 	EXP 	Device response: <KeyPress from None: t=247.47862991699367, value=v, duration=None>
247.4815 	EXP 	New trial (rep=23, index=2): <Trial 94 (2 in rep 23) data={'pos': np.int64(50), 'corr_resp': 'c', 'thisN': 94, 'thisTrialN': 2, 'thisRepN': 23}>
247.4868 	DATA 	Keypress: v
247.4918 	EXP 	Fixation: autoDraw = False
247.4918 	EXP 	line1: autoDraw = False
247.4918 	EXP 	line2: autoDraw = False
247.4918 	EXP 	line3: autoDraw = False
247.4918 	EXP 	line4: autoDraw = False
247.4918 	EXP 	protrianglefixation: autoDraw = False
247.4918 	EXP 	Fixation: autoDraw = True
247.6323 	EXP 	Device response: <KeyPress from None: t=247.47862991699367, value=v, duration=0.12830112500523683>
248.4797 	EXP 	line1: autoDraw = True
248.4797 	EXP 	line2: autoDraw = True
248.4797 	EXP 	line3: autoDraw = True
248.4797 	EXP 	line4: autoDraw = True
248.4871 	EXP 	Fixation: autoDraw = False
249.4797 	INFO 	Keyboard events cleared
249.4796 	EXP 	protrianglefixation: autoDraw = True
249.8475 	EXP 	Device response: <KeyPress from None: t=249.8454858329933, value=c, duration=None>
249.8479 	EXP 	New trial (rep=23, index=3): <Trial 95 (3 in rep 23) data={'pos': np.int64(-150), 'corr_resp': 'z', 'thisN': 95, 'thisTrialN': 3, 'thisRepN': 23}>
249.8518 	DATA 	Keypress: c
249.8567 	EXP 	Fixation: autoDraw = False
249.8567 	EXP 	line1: autoDraw = False
249.8567 	EXP 	line2: autoDraw = False
249.8567 	EXP 	line3: autoDraw = False
249.8567 	EXP 	line4: autoDraw = False
249.8567 	EXP 	protrianglefixation: autoDraw = False
249.8567 	EXP 	Fixation: autoDraw = True
249.9643 	EXP 	Device response: <KeyPress from None: t=249.8454858329933, value=c, duration=0.11230854201130569>
250.8367 	EXP 	line1: autoDraw = True
250.8367 	EXP 	line2: autoDraw = True
250.8367 	EXP 	line3: autoDraw = True
250.8367 	EXP 	line4: autoDraw = True
250.8537 	EXP 	Fixation: autoDraw = False
251.8464 	INFO 	Keyboard events cleared
251.8463 	EXP 	protrianglefixation: autoDraw = True
252.4217 	EXP 	Device response: <KeyPress from None: t=252.41649954199966, value=z, duration=None>
252.4223 	EXP 	New trial (rep=24, index=0): <Trial 96 (0 in rep 24) data={'pos': np.int64(-50), 'corr_resp': 'x', 'thisN': 96, 'thisTrialN': 0, 'thisRepN': 24}>
252.4282 	DATA 	Keypress: z
252.4333 	EXP 	Fixation: autoDraw = False
252.4333 	EXP 	line1: autoDraw = False
252.4333 	EXP 	line2: autoDraw = False
252.4333 	EXP 	line3: autoDraw = False
252.4333 	EXP 	line4: autoDraw = False
252.4333 	EXP 	protrianglefixation: autoDraw = False
252.4333 	EXP 	Fixation: autoDraw = True
252.4640 	EXP 	Device response: <KeyPress from None: t=252.41649954199966, value=z, duration=0.03625645799911581>
253.4205 	EXP 	line1: autoDraw = True
253.4205 	EXP 	line2: autoDraw = True
253.4205 	EXP 	line3: autoDraw = True
253.4205 	EXP 	line4: autoDraw = True
253.4294 	EXP 	Fixation: autoDraw = False
254.4215 	INFO 	Keyboard events cleared
254.4213 	EXP 	protrianglefixation: autoDraw = True
254.8475 	EXP 	Device response: <KeyPress from None: t=254.83946429200296, value=x, duration=None>
254.8480 	EXP 	New trial (rep=24, index=1): <Trial 97 (1 in rep 24) data={'pos': np.int64(150), 'corr_resp': 'v', 'thisN': 97, 'thisTrialN': 1, 'thisRepN': 24}>
254.8527 	DATA 	Keypress: x
254.8574 	EXP 	Fixation: autoDraw = False
254.8574 	EXP 	line1: autoDraw = False
254.8574 	EXP 	line2: autoDraw = False
254.8574 	EXP 	line3: autoDraw = False
254.8574 	EXP 	line4: autoDraw = False
254.8574 	EXP 	protrianglefixation: autoDraw = False
254.8574 	EXP 	Fixation: autoDraw = True
254.9814 	EXP 	Device response: <KeyPress from None: t=254.83946429200296, value=x, duration=0.13629574999504257>
255.8460 	EXP 	line1: autoDraw = True
255.8460 	EXP 	line2: autoDraw = True
255.8460 	EXP 	line3: autoDraw = True
255.8460 	EXP 	line4: autoDraw = True
255.8533 	EXP 	Fixation: autoDraw = False
256.8464 	INFO 	Keyboard events cleared
256.8463 	EXP 	protrianglefixation: autoDraw = True
257.1381 	EXP 	Device response: <KeyPress from None: t=257.1354212080041, value=v, duration=None>
257.1385 	EXP 	New trial (rep=24, index=2): <Trial 98 (2 in rep 24) data={'pos': np.int64(50), 'corr_resp': 'c', 'thisN': 98, 'thisTrialN': 2, 'thisRepN': 24}>
257.1435 	DATA 	Keypress: v
257.1497 	EXP 	Fixation: autoDraw = False
257.1497 	EXP 	line1: autoDraw = False
257.1497 	EXP 	line2: autoDraw = False
257.1497 	EXP 	line3: autoDraw = False
257.1497 	EXP 	line4: autoDraw = False
257.1497 	EXP 	protrianglefixation: autoDraw = False
257.1497 	EXP 	Fixation: autoDraw = True
257.2473 	EXP 	Device response: <KeyPress from None: t=257.1354212080041, value=v, duration=0.10833074999391101>
258.1378 	EXP 	line1: autoDraw = True
258.1378 	EXP 	line2: autoDraw = True
258.1378 	EXP 	line3: autoDraw = True
258.1378 	EXP 	line4: autoDraw = True
258.1459 	EXP 	Fixation: autoDraw = False
259.1372 	INFO 	Keyboard events cleared
259.1371 	EXP 	protrianglefixation: autoDraw = True
259.5557 	EXP 	Device response: <KeyPress from None: t=259.5513112500048, value=c, duration=None>
259.5563 	EXP 	New trial (rep=24, index=3): <Trial 99 (3 in rep 24) data={'pos': np.int64(-150), 'corr_resp': 'z', 'thisN': 99, 'thisTrialN': 3, 'thisRepN': 24}>
259.5620 	DATA 	Keypress: c
259.5671 	EXP 	Fixation: autoDraw = False
259.5671 	EXP 	line1: autoDraw = False
259.5671 	EXP 	line2: autoDraw = False
259.5671 	EXP 	line3: autoDraw = False
259.5671 	EXP 	line4: autoDraw = False
259.5671 	EXP 	protrianglefixation: autoDraw = False
259.5671 	EXP 	Fixation: autoDraw = True
259.7383 	EXP 	Device response: <KeyPress from None: t=259.5513112500048, value=c, duration=0.18029666699294467>
260.5541 	EXP 	line1: autoDraw = True
260.5541 	EXP 	line2: autoDraw = True
260.5541 	EXP 	line3: autoDraw = True
260.5541 	EXP 	line4: autoDraw = True
260.5630 	EXP 	Fixation: autoDraw = False
261.5541 	INFO 	Keyboard events cleared
261.5540 	EXP 	protrianglefixation: autoDraw = True
262.1050 	EXP 	Device response: <KeyPress from None: t=262.0971775420039, value=z, duration=None>
262.1054 	EXP 	New trial (rep=25, index=0): <Trial 100 (0 in rep 25) data={'pos': np.int64(-50), 'corr_resp': 'x', 'thisN': 100, 'thisTrialN': 0, 'thisRepN': 25}>
262.1104 	DATA 	Keypress: z
262.1166 	EXP 	Fixation: autoDraw = False
262.1166 	EXP 	line1: autoDraw = False
262.1166 	EXP 	line2: autoDraw = False
262.1166 	EXP 	line3: autoDraw = False
262.1166 	EXP 	line4: autoDraw = False
262.1166 	EXP 	protrianglefixation: autoDraw = False
262.1166 	EXP 	Fixation: autoDraw = True
262.2317 	EXP 	Device response: <KeyPress from None: t=262.0971775420039, value=z, duration=0.12844233299256302>
263.1042 	EXP 	line1: autoDraw = True
263.1042 	EXP 	line2: autoDraw = True
263.1042 	EXP 	line3: autoDraw = True
263.1042 	EXP 	line4: autoDraw = True
263.1127 	EXP 	Fixation: autoDraw = False
264.1047 	INFO 	Keyboard events cleared
264.1045 	EXP 	protrianglefixation: autoDraw = True
264.4219 	EXP 	Device response: <KeyPress from None: t=264.41525329199794, value=x, duration=None>
264.4223 	EXP 	New trial (rep=25, index=1): <Trial 101 (1 in rep 25) data={'pos': np.int64(150), 'corr_resp': 'v', 'thisN': 101, 'thisTrialN': 1, 'thisRepN': 25}>
264.4272 	DATA 	Keypress: x
264.4332 	EXP 	Fixation: autoDraw = False
264.4332 	EXP 	line1: autoDraw = False
264.4332 	EXP 	line2: autoDraw = False
264.4332 	EXP 	line3: autoDraw = False
264.4332 	EXP 	line4: autoDraw = False
264.4332 	EXP 	protrianglefixation: autoDraw = False
264.4332 	EXP 	Fixation: autoDraw = True
264.5818 	EXP 	Device response: <KeyPress from None: t=264.41525329199794, value=x, duration=0.16025004100811202>
265.4204 	EXP 	line1: autoDraw = True
265.4204 	EXP 	line2: autoDraw = True
265.4204 	EXP 	line3: autoDraw = True
265.4204 	EXP 	line4: autoDraw = True
265.4293 	EXP 	Fixation: autoDraw = False
266.2723 	EXP 	Device response: <KeyPress from None: t=266.2672866250068, value=v, duration=None>
266.2778 	DATA 	Keypress: v
266.3806 	EXP 	Device response: <KeyPress from None: t=266.2672866250068, value=v, duration=0.11214654200011864>
266.4311 	INFO 	Keyboard events cleared
266.4309 	EXP 	protrianglefixation: autoDraw = True
267.1975 	EXP 	Device response: <KeyPress from None: t=267.19016216699674, value=v, duration=None>
267.1979 	EXP 	New trial (rep=25, index=2): <Trial 102 (2 in rep 25) data={'pos': np.int64(50), 'corr_resp': 'c', 'thisN': 102, 'thisTrialN': 2, 'thisRepN': 25}>
267.2034 	DATA 	Keypress: v
267.2084 	EXP 	Fixation: autoDraw = False
267.2084 	EXP 	line1: autoDraw = False
267.2084 	EXP 	line2: autoDraw = False
267.2084 	EXP 	line3: autoDraw = False
267.2084 	EXP 	line4: autoDraw = False
267.2084 	EXP 	protrianglefixation: autoDraw = False
267.2084 	EXP 	Fixation: autoDraw = True
267.3147 	EXP 	Device response: <KeyPress from None: t=267.19016216699674, value=v, duration=0.11622087500290945>
268.1961 	EXP 	line1: autoDraw = True
268.1961 	EXP 	line2: autoDraw = True
268.1961 	EXP 	line3: autoDraw = True
268.1961 	EXP 	line4: autoDraw = True
268.2038 	EXP 	Fixation: autoDraw = False
269.1963 	INFO 	Keyboard events cleared
269.1961 	EXP 	protrianglefixation: autoDraw = True
269.6139 	EXP 	Device response: <KeyPress from None: t=269.6061306250049, value=c, duration=None>
269.6143 	EXP 	New trial (rep=25, index=3): <Trial 103 (3 in rep 25) data={'pos': np.int64(-150), 'corr_resp': 'z', 'thisN': 103, 'thisTrialN': 3, 'thisRepN': 25}>
269.6197 	DATA 	Keypress: c
269.6248 	EXP 	Fixation: autoDraw = False
269.6248 	EXP 	line1: autoDraw = False
269.6248 	EXP 	line2: autoDraw = False
269.6248 	EXP 	line3: autoDraw = False
269.6248 	EXP 	line4: autoDraw = False
269.6248 	EXP 	protrianglefixation: autoDraw = False
269.6248 	EXP 	Fixation: autoDraw = True
269.7478 	EXP 	Device response: <KeyPress from None: t=269.6061306250049, value=c, duration=0.13232150000112597>
270.6126 	EXP 	line1: autoDraw = True
270.6126 	EXP 	line2: autoDraw = True
270.6126 	EXP 	line3: autoDraw = True
270.6126 	EXP 	line4: autoDraw = True
270.6199 	EXP 	Fixation: autoDraw = False
271.6129 	INFO 	Keyboard events cleared
271.6127 	EXP 	protrianglefixation: autoDraw = True
272.4390 	EXP 	Device response: <KeyPress from None: t=272.43509029199777, value=z, duration=None>
272.4395 	EXP 	New trial (rep=26, index=0): <Trial 104 (0 in rep 26) data={'pos': np.int64(-50), 'corr_resp': 'x', 'thisN': 104, 'thisTrialN': 0, 'thisRepN': 26}>
272.4450 	DATA 	Keypress: z
272.4504 	EXP 	Fixation: autoDraw = False
272.4504 	EXP 	line1: autoDraw = False
272.4504 	EXP 	line2: autoDraw = False
272.4504 	EXP 	line3: autoDraw = False
272.4504 	EXP 	line4: autoDraw = False
272.4504 	EXP 	protrianglefixation: autoDraw = False
272.4504 	EXP 	Fixation: autoDraw = True
272.5493 	EXP 	Device response: <KeyPress from None: t=272.43509029199777, value=z, duration=0.10430941599770449>
273.4374 	EXP 	line1: autoDraw = True
273.4374 	EXP 	line2: autoDraw = True
273.4374 	EXP 	line3: autoDraw = True
273.4374 	EXP 	line4: autoDraw = True
273.4462 	EXP 	Fixation: autoDraw = False
274.4371 	INFO 	Keyboard events cleared
274.4369 	EXP 	protrianglefixation: autoDraw = True
275.2213 	EXP 	Device response: <KeyPress from None: t=275.21597683300206, value=x, duration=None>
275.2218 	EXP 	New trial (rep=26, index=1): <Trial 105 (1 in rep 26) data={'pos': np.int64(150), 'corr_resp': 'v', 'thisN': 105, 'thisTrialN': 1, 'thisRepN': 26}>
275.2272 	DATA 	Keypress: x
275.2332 	EXP 	Fixation: autoDraw = False
275.2332 	EXP 	line1: autoDraw = False
275.2332 	EXP 	line2: autoDraw = False
275.2332 	EXP 	line3: autoDraw = False
275.2332 	EXP 	line4: autoDraw = False
275.2332 	EXP 	protrianglefixation: autoDraw = False
275.2332 	EXP 	Fixation: autoDraw = True
275.3317 	EXP 	Device response: <KeyPress from None: t=275.21597683300206, value=x, duration=0.10825950000435114>
276.2205 	EXP 	line1: autoDraw = True
276.2205 	EXP 	line2: autoDraw = True
276.2205 	EXP 	line3: autoDraw = True
276.2205 	EXP 	line4: autoDraw = True
276.2294 	EXP 	Fixation: autoDraw = False
277.2127 	INFO 	Keyboard events cleared
277.2125 	EXP 	protrianglefixation: autoDraw = True
277.9717 	EXP 	Device response: <KeyPress from None: t=277.9649230000068, value=v, duration=None>
277.9722 	EXP 	New trial (rep=26, index=2): <Trial 106 (2 in rep 26) data={'pos': np.int64(50), 'corr_resp': 'c', 'thisN': 106, 'thisTrialN': 2, 'thisRepN': 26}>
277.9778 	DATA 	Keypress: v
277.9832 	EXP 	Fixation: autoDraw = False
277.9832 	EXP 	line1: autoDraw = False
277.9832 	EXP 	line2: autoDraw = False
277.9832 	EXP 	line3: autoDraw = False
277.9832 	EXP 	line4: autoDraw = False
277.9832 	EXP 	protrianglefixation: autoDraw = False
277.9832 	EXP 	Fixation: autoDraw = True
278.0881 	EXP 	Device response: <KeyPress from None: t=277.9649230000068, value=v, duration=0.11621095798909664>
278.9706 	EXP 	line1: autoDraw = True
278.9706 	EXP 	line2: autoDraw = True
278.9706 	EXP 	line3: autoDraw = True
278.9706 	EXP 	line4: autoDraw = True
278.9798 	EXP 	Fixation: autoDraw = False
279.9707 	INFO 	Keyboard events cleared
279.9705 	EXP 	protrianglefixation: autoDraw = True
280.9554 	EXP 	Device response: <KeyPress from None: t=280.9468768749939, value=c, duration=None>
280.9559 	EXP 	New trial (rep=26, index=3): <Trial 107 (3 in rep 26) data={'pos': np.int64(-150), 'corr_resp': 'z', 'thisN': 107, 'thisTrialN': 3, 'thisRepN': 26}>
280.9612 	DATA 	Keypress: c
280.9667 	EXP 	Fixation: autoDraw = False
280.9667 	EXP 	line1: autoDraw = False
280.9667 	EXP 	line2: autoDraw = False
280.9667 	EXP 	line3: autoDraw = False
280.9667 	EXP 	line4: autoDraw = False
280.9667 	EXP 	protrianglefixation: autoDraw = False
280.9667 	EXP 	Fixation: autoDraw = True
281.0811 	EXP 	Device response: <KeyPress from None: t=280.9468768749939, value=c, duration=0.12421287500183098>
281.9539 	EXP 	line1: autoDraw = True
281.9539 	EXP 	line2: autoDraw = True
281.9539 	EXP 	line3: autoDraw = True
281.9539 	EXP 	line4: autoDraw = True
281.9627 	EXP 	Fixation: autoDraw = False
282.9539 	INFO 	Keyboard events cleared
282.9538 	EXP 	protrianglefixation: autoDraw = True
283.8715 	EXP 	Device response: <KeyPress from None: t=283.8667644579982, value=z, duration=None>
283.8719 	EXP 	New trial (rep=27, index=0): <Trial 108 (0 in rep 27) data={'pos': np.int64(-50), 'corr_resp': 'x', 'thisN': 108, 'thisTrialN': 0, 'thisRepN': 27}>
283.8773 	DATA 	Keypress: z
283.8831 	EXP 	Fixation: autoDraw = False
283.8831 	EXP 	line1: autoDraw = False
283.8831 	EXP 	line2: autoDraw = False
283.8831 	EXP 	line3: autoDraw = False
283.8831 	EXP 	line4: autoDraw = False
283.8831 	EXP 	protrianglefixation: autoDraw = False
283.8831 	EXP 	Fixation: autoDraw = True
283.9693 	EXP 	Device response: <KeyPress from None: t=283.8667644579982, value=z, duration=0.10029600000416394>
284.8705 	EXP 	line1: autoDraw = True
284.8705 	EXP 	line2: autoDraw = True
284.8705 	EXP 	line3: autoDraw = True
284.8705 	EXP 	line4: autoDraw = True
284.8795 	EXP 	Fixation: autoDraw = False
285.8708 	INFO 	Keyboard events cleared
285.8705 	EXP 	protrianglefixation: autoDraw = True
286.5976 	EXP 	Device response: <KeyPress from None: t=286.5957228329935, value=x, duration=None>
286.5980 	EXP 	New trial (rep=27, index=1): <Trial 109 (1 in rep 27) data={'pos': np.int64(150), 'corr_resp': 'v', 'thisN': 109, 'thisTrialN': 1, 'thisRepN': 27}>
286.6049 	DATA 	Keypress: x
286.6104 	EXP 	Fixation: autoDraw = False
286.6104 	EXP 	line1: autoDraw = False
286.6104 	EXP 	line2: autoDraw = False
286.6104 	EXP 	line3: autoDraw = False
286.6104 	EXP 	line4: autoDraw = False
286.6104 	EXP 	protrianglefixation: autoDraw = False
286.6104 	EXP 	Fixation: autoDraw = True
286.6988 	EXP 	Device response: <KeyPress from None: t=286.5957228329935, value=x, duration=0.09220875000755768>
287.5958 	EXP 	line1: autoDraw = True
287.5958 	EXP 	line2: autoDraw = True
287.5958 	EXP 	line3: autoDraw = True
287.5958 	EXP 	line4: autoDraw = True
287.6031 	EXP 	Fixation: autoDraw = False
288.5960 	INFO 	Keyboard events cleared
288.5958 	EXP 	protrianglefixation: autoDraw = True
289.5474 	EXP 	Device response: <KeyPress from None: t=289.54149887499807, value=v, duration=None>
289.5478 	EXP 	New trial (rep=27, index=2): <Trial 110 (2 in rep 27) data={'pos': np.int64(50), 'corr_resp': 'c', 'thisN': 110, 'thisTrialN': 2, 'thisRepN': 27}>
289.5515 	DATA 	Keypress: v
289.5562 	EXP 	Fixation: autoDraw = False
289.5562 	EXP 	line1: autoDraw = False
289.5562 	EXP 	line2: autoDraw = False
289.5562 	EXP 	line3: autoDraw = False
289.5562 	EXP 	line4: autoDraw = False
289.5562 	EXP 	protrianglefixation: autoDraw = False
289.5562 	EXP 	Fixation: autoDraw = True
289.6710 	EXP 	Device response: <KeyPress from None: t=289.54149887499807, value=v, duration=0.12447408300067764>
290.5462 	EXP 	line1: autoDraw = True
290.5462 	EXP 	line2: autoDraw = True
290.5462 	EXP 	line3: autoDraw = True
290.5462 	EXP 	line4: autoDraw = True
290.5532 	EXP 	Fixation: autoDraw = False
291.5461 	INFO 	Keyboard events cleared
291.5459 	EXP 	protrianglefixation: autoDraw = True
292.3483 	EXP 	Device response: <KeyPress from None: t=292.3395503750071, value=c, duration=None>
292.3487 	EXP 	New trial (rep=27, index=3): <Trial 111 (3 in rep 27) data={'pos': np.int64(-150), 'corr_resp': 'z', 'thisN': 111, 'thisTrialN': 3, 'thisRepN': 27}>
292.3554 	DATA 	Keypress: c
292.3607 	EXP 	Fixation: autoDraw = False
292.3607 	EXP 	line1: autoDraw = False
292.3607 	EXP 	line2: autoDraw = False
292.3607 	EXP 	line3: autoDraw = False
292.3607 	EXP 	line4: autoDraw = False
292.3607 	EXP 	protrianglefixation: autoDraw = False
292.3607 	EXP 	Fixation: autoDraw = True
292.4541 	EXP 	Device response: <KeyPress from None: t=292.3395503750071, value=c, duration=0.11230033299943898>
293.3462 	EXP 	line1: autoDraw = True
293.3462 	EXP 	line2: autoDraw = True
293.3462 	EXP 	line3: autoDraw = True
293.3462 	EXP 	line4: autoDraw = True
293.3530 	EXP 	Fixation: autoDraw = False
294.3460 	INFO 	Keyboard events cleared
294.3459 	EXP 	protrianglefixation: autoDraw = True
294.7641 	EXP 	Device response: <KeyPress from None: t=294.75547820799693, value=z, duration=None>
294.7645 	EXP 	New trial (rep=28, index=0): <Trial 112 (0 in rep 28) data={'pos': np.int64(-50), 'corr_resp': 'x', 'thisN': 112, 'thisTrialN': 0, 'thisRepN': 28}>
294.7709 	DATA 	Keypress: z
294.7762 	EXP 	Fixation: autoDraw = False
294.7762 	EXP 	line1: autoDraw = False
294.7762 	EXP 	line2: autoDraw = False
294.7762 	EXP 	line3: autoDraw = False
294.7762 	EXP 	line4: autoDraw = False
294.7762 	EXP 	protrianglefixation: autoDraw = False
294.7762 	EXP 	Fixation: autoDraw = True
294.8532 	EXP 	Device response: <KeyPress from None: t=294.75547820799693, value=z, duration=0.09222874999977648>
295.7625 	EXP 	line1: autoDraw = True
295.7625 	EXP 	line2: autoDraw = True
295.7625 	EXP 	line3: autoDraw = True
295.7625 	EXP 	line4: autoDraw = True
295.7703 	EXP 	Fixation: autoDraw = False
296.7628 	INFO 	Keyboard events cleared
296.7626 	EXP 	protrianglefixation: autoDraw = True
297.3545 	EXP 	Device response: <KeyPress from None: t=297.3494645000028, value=x, duration=None>
297.3549 	EXP 	New trial (rep=28, index=1): <Trial 113 (1 in rep 28) data={'pos': np.int64(150), 'corr_resp': 'v', 'thisN': 113, 'thisTrialN': 1, 'thisRepN': 28}>
297.3610 	DATA 	Keypress: x
297.3665 	EXP 	Fixation: autoDraw = False
297.3665 	EXP 	line1: autoDraw = False
297.3665 	EXP 	line2: autoDraw = False
297.3665 	EXP 	line3: autoDraw = False
297.3665 	EXP 	line4: autoDraw = False
297.3665 	EXP 	protrianglefixation: autoDraw = False
297.3665 	EXP 	Fixation: autoDraw = True
297.5155 	EXP 	Device response: <KeyPress from None: t=297.3494645000028, value=x, duration=0.16027366700291168>
298.3542 	EXP 	line1: autoDraw = True
298.3542 	EXP 	line2: autoDraw = True
298.3542 	EXP 	line3: autoDraw = True
298.3542 	EXP 	line4: autoDraw = True
298.3628 	EXP 	Fixation: autoDraw = False
299.3541 	INFO 	Keyboard events cleared
299.3540 	EXP 	protrianglefixation: autoDraw = True
299.7305 	EXP 	Device response: <KeyPress from None: t=299.7253901249933, value=v, duration=None>
299.7309 	EXP 	New trial (rep=28, index=2): <Trial 114 (2 in rep 28) data={'pos': np.int64(50), 'corr_resp': 'c', 'thisN': 114, 'thisTrialN': 2, 'thisRepN': 28}>
299.7366 	DATA 	Keypress: v
299.7418 	EXP 	Fixation: autoDraw = False
299.7418 	EXP 	line1: autoDraw = False
299.7418 	EXP 	line2: autoDraw = False
299.7418 	EXP 	line3: autoDraw = False
299.7418 	EXP 	line4: autoDraw = False
299.7418 	EXP 	protrianglefixation: autoDraw = False
299.7418 	EXP 	Fixation: autoDraw = True
299.8711 	EXP 	Device response: <KeyPress from None: t=299.7253901249933, value=v, duration=0.14036983301048167>
300.7292 	EXP 	line1: autoDraw = True
300.7292 	EXP 	line2: autoDraw = True
300.7292 	EXP 	line3: autoDraw = True
300.7292 	EXP 	line4: autoDraw = True
300.7372 	EXP 	Fixation: autoDraw = False
301.7295 	INFO 	Keyboard events cleared
301.7293 	EXP 	protrianglefixation: autoDraw = True
302.0652 	EXP 	Device response: <KeyPress from None: t=302.0613277920056, value=c, duration=None>
302.0660 	EXP 	New trial (rep=28, index=3): <Trial 115 (3 in rep 28) data={'pos': np.int64(-150), 'corr_resp': 'z', 'thisN': 115, 'thisTrialN': 3, 'thisRepN': 28}>
302.0728 	DATA 	Keypress: c
302.0781 	EXP 	Fixation: autoDraw = False
302.0781 	EXP 	line1: autoDraw = False
302.0781 	EXP 	line2: autoDraw = False
302.0781 	EXP 	line3: autoDraw = False
302.0781 	EXP 	line4: autoDraw = False
302.0781 	EXP 	protrianglefixation: autoDraw = False
302.0781 	EXP 	Fixation: autoDraw = True
302.2384 	EXP 	Device response: <KeyPress from None: t=302.0613277920056, value=c, duration=0.1683755830017617>
303.0626 	EXP 	line1: autoDraw = True
303.0626 	EXP 	line2: autoDraw = True
303.0626 	EXP 	line3: autoDraw = True
303.0626 	EXP 	line4: autoDraw = True
303.0699 	EXP 	Fixation: autoDraw = False
304.0628 	INFO 	Keyboard events cleared
304.0626 	EXP 	protrianglefixation: autoDraw = True
305.0378 	EXP 	Device response: <KeyPress from None: t=305.0363123749994, value=z, duration=None>
305.0382 	EXP 	New trial (rep=29, index=0): <Trial 116 (0 in rep 29) data={'pos': np.int64(-50), 'corr_resp': 'x', 'thisN': 116, 'thisTrialN': 0, 'thisRepN': 29}>
305.0445 	DATA 	Keypress: z
305.0501 	EXP 	Fixation: autoDraw = False
305.0501 	EXP 	line1: autoDraw = False
305.0501 	EXP 	line2: autoDraw = False
305.0501 	EXP 	line3: autoDraw = False
305.0501 	EXP 	line4: autoDraw = False
305.0501 	EXP 	protrianglefixation: autoDraw = False
305.0501 	EXP 	Fixation: autoDraw = True
305.1379 	EXP 	Device response: <KeyPress from None: t=305.0363123749994, value=z, duration=0.1002668330038432>
306.0370 	EXP 	line1: autoDraw = True
306.0370 	EXP 	line2: autoDraw = True
306.0370 	EXP 	line3: autoDraw = True
306.0370 	EXP 	line4: autoDraw = True
306.0461 	EXP 	Fixation: autoDraw = False
307.0376 	INFO 	Keyboard events cleared
307.0374 	EXP 	protrianglefixation: autoDraw = True
307.4974 	EXP 	Device response: <KeyPress from None: t=307.48919737500546, value=x, duration=None>
307.4978 	EXP 	New trial (rep=29, index=1): <Trial 117 (1 in rep 29) data={'pos': np.int64(150), 'corr_resp': 'v', 'thisN': 117, 'thisTrialN': 1, 'thisRepN': 29}>
307.5040 	DATA 	Keypress: x
307.5093 	EXP 	Fixation: autoDraw = False
307.5093 	EXP 	line1: autoDraw = False
307.5093 	EXP 	line2: autoDraw = False
307.5093 	EXP 	line3: autoDraw = False
307.5093 	EXP 	line4: autoDraw = False
307.5093 	EXP 	protrianglefixation: autoDraw = False
307.5093 	EXP 	Fixation: autoDraw = True
307.5981 	EXP 	Device response: <KeyPress from None: t=307.48919737500546, value=x, duration=0.10115720798785333>
308.4958 	EXP 	line1: autoDraw = True
308.4958 	EXP 	line2: autoDraw = True
308.4958 	EXP 	line3: autoDraw = True
308.4958 	EXP 	line4: autoDraw = True
308.5033 	EXP 	Fixation: autoDraw = False
309.4961 	INFO 	Keyboard events cleared
309.4959 	EXP 	protrianglefixation: autoDraw = True
309.8885 	EXP 	Device response: <KeyPress from None: t=309.8831616249954, value=v, duration=None>
309.8889 	EXP 	New trial (rep=29, index=2): <Trial 118 (2 in rep 29) data={'pos': np.int64(50), 'corr_resp': 'c', 'thisN': 118, 'thisTrialN': 2, 'thisRepN': 29}>
309.8949 	DATA 	Keypress: v
309.9005 	EXP 	Fixation: autoDraw = False
309.9005 	EXP 	line1: autoDraw = False
309.9005 	EXP 	line2: autoDraw = False
309.9005 	EXP 	line3: autoDraw = False
309.9005 	EXP 	line4: autoDraw = False
309.9005 	EXP 	protrianglefixation: autoDraw = False
309.9005 	EXP 	Fixation: autoDraw = True
310.0210 	EXP 	Device response: <KeyPress from None: t=309.8831616249954, value=v, duration=0.13235358300153166>
310.8877 	EXP 	line1: autoDraw = True
310.8877 	EXP 	line2: autoDraw = True
310.8877 	EXP 	line3: autoDraw = True
310.8877 	EXP 	line4: autoDraw = True
310.8963 	EXP 	Fixation: autoDraw = False
311.8870 	INFO 	Keyboard events cleared
311.8868 	EXP 	protrianglefixation: autoDraw = True
312.2639 	EXP 	Device response: <KeyPress from None: t=312.2561507500068, value=c, duration=None>
312.2645 	EXP 	New trial (rep=29, index=3): <Trial 119 (3 in rep 29) data={'pos': np.int64(-150), 'corr_resp': 'z', 'thisN': 119, 'thisTrialN': 3, 'thisRepN': 29}>
312.2710 	DATA 	Keypress: c
312.2760 	EXP 	Fixation: autoDraw = False
312.2760 	EXP 	line1: autoDraw = False
312.2760 	EXP 	line2: autoDraw = False
312.2760 	EXP 	line3: autoDraw = False
312.2760 	EXP 	line4: autoDraw = False
312.2760 	EXP 	protrianglefixation: autoDraw = False
312.2760 	EXP 	Fixation: autoDraw = True
312.3978 	EXP 	Device response: <KeyPress from None: t=312.2561507500068, value=c, duration=0.13630291698791552>
313.2625 	EXP 	line1: autoDraw = True
313.2625 	EXP 	line2: autoDraw = True
313.2625 	EXP 	line3: autoDraw = True
313.2625 	EXP 	line4: autoDraw = True
313.2699 	EXP 	Fixation: autoDraw = False
314.2628 	INFO 	Keyboard events cleared
314.2626 	EXP 	protrianglefixation: autoDraw = True
315.1806 	EXP 	Device response: <KeyPress from None: t=315.17894545799936, value=z, duration=None>
315.1809 	EXP 	New trial (rep=30, index=0): <Trial 120 (0 in rep 30) data={'pos': np.int64(-50), 'corr_resp': 'x', 'thisN': 120, 'thisTrialN': 0, 'thisRepN': 30}>
315.1861 	DATA 	Keypress: z
315.1912 	EXP 	Fixation: autoDraw = False
315.1912 	EXP 	line1: autoDraw = False
315.1912 	EXP 	line2: autoDraw = False
315.1912 	EXP 	line3: autoDraw = False
315.1912 	EXP 	line4: autoDraw = False
315.1912 	EXP 	protrianglefixation: autoDraw = False
315.1912 	EXP 	Fixation: autoDraw = True
315.3206 	EXP 	Device response: <KeyPress from None: t=315.17894545799936, value=z, duration=0.13624733399774414>
316.1792 	EXP 	line1: autoDraw = True
316.1792 	EXP 	line2: autoDraw = True
316.1792 	EXP 	line3: autoDraw = True
316.1792 	EXP 	line4: autoDraw = True
316.1872 	EXP 	Fixation: autoDraw = False
317.1800 	INFO 	Keyboard events cleared
317.1798 	EXP 	protrianglefixation: autoDraw = True
317.5814 	EXP 	Device response: <KeyPress from None: t=317.57901579199824, value=x, duration=None>
317.5820 	EXP 	New trial (rep=30, index=1): <Trial 121 (1 in rep 30) data={'pos': np.int64(150), 'corr_resp': 'v', 'thisN': 121, 'thisTrialN': 1, 'thisRepN': 30}>
317.5880 	DATA 	Keypress: x
317.5933 	EXP 	Fixation: autoDraw = False
317.5933 	EXP 	line1: autoDraw = False
317.5933 	EXP 	line2: autoDraw = False
317.5933 	EXP 	line3: autoDraw = False
317.5933 	EXP 	line4: autoDraw = False
317.5933 	EXP 	protrianglefixation: autoDraw = False
317.5933 	EXP 	Fixation: autoDraw = True
317.7147 	EXP 	Device response: <KeyPress from None: t=317.57901579199824, value=x, duration=0.12817625000025146>
318.5794 	EXP 	line1: autoDraw = True
318.5794 	EXP 	line2: autoDraw = True
318.5794 	EXP 	line3: autoDraw = True
318.5794 	EXP 	line4: autoDraw = True
318.5868 	EXP 	Fixation: autoDraw = False
319.5794 	INFO 	Keyboard events cleared
319.5792 	EXP 	protrianglefixation: autoDraw = True
319.8877 	EXP 	Device response: <KeyPress from None: t=319.88085058299475, value=v, duration=None>
319.8881 	EXP 	New trial (rep=30, index=2): <Trial 122 (2 in rep 30) data={'pos': np.int64(50), 'corr_resp': 'c', 'thisN': 122, 'thisTrialN': 2, 'thisRepN': 30}>
319.8937 	DATA 	Keypress: v
319.8999 	EXP 	Fixation: autoDraw = False
319.8999 	EXP 	line1: autoDraw = False
319.8999 	EXP 	line2: autoDraw = False
319.8999 	EXP 	line3: autoDraw = False
319.8999 	EXP 	line4: autoDraw = False
319.8999 	EXP 	protrianglefixation: autoDraw = False
319.8999 	EXP 	Fixation: autoDraw = True
319.9976 	EXP 	Device response: <KeyPress from None: t=319.88085058299475, value=v, duration=0.11241600000357721>
320.8873 	EXP 	line1: autoDraw = True
320.8873 	EXP 	line2: autoDraw = True
320.8873 	EXP 	line3: autoDraw = True
320.8873 	EXP 	line4: autoDraw = True
320.8965 	EXP 	Fixation: autoDraw = False
321.8871 	INFO 	Keyboard events cleared
321.8869 	EXP 	protrianglefixation: autoDraw = True
322.1810 	EXP 	Device response: <KeyPress from None: t=322.17483495800116, value=c, duration=None>
322.1815 	EXP 	New trial (rep=30, index=3): <Trial 123 (3 in rep 30) data={'pos': np.int64(-150), 'corr_resp': 'z', 'thisN': 123, 'thisTrialN': 3, 'thisRepN': 30}>
322.1873 	DATA 	Keypress: c
322.1924 	EXP 	Fixation: autoDraw = False
322.1924 	EXP 	line1: autoDraw = False
322.1924 	EXP 	line2: autoDraw = False
322.1924 	EXP 	line3: autoDraw = False
322.1924 	EXP 	line4: autoDraw = False
322.1924 	EXP 	protrianglefixation: autoDraw = False
322.1924 	EXP 	Fixation: autoDraw = True
322.3652 	EXP 	Device response: <KeyPress from None: t=322.17483495800116, value=c, duration=0.18035054199572187>
323.1797 	EXP 	line1: autoDraw = True
323.1797 	EXP 	line2: autoDraw = True
323.1797 	EXP 	line3: autoDraw = True
323.1797 	EXP 	line4: autoDraw = True
323.1872 	EXP 	Fixation: autoDraw = False
324.1794 	INFO 	Keyboard events cleared
324.1792 	EXP 	protrianglefixation: autoDraw = True
324.7639 	EXP 	Device response: <KeyPress from None: t=324.7568102499936, value=z, duration=None>
324.7644 	EXP 	New trial (rep=31, index=0): <Trial 124 (0 in rep 31) data={'pos': np.int64(-50), 'corr_resp': 'x', 'thisN': 124, 'thisTrialN': 0, 'thisRepN': 31}>
324.7701 	DATA 	Keypress: z
324.7753 	EXP 	Fixation: autoDraw = False
324.7753 	EXP 	line1: autoDraw = False
324.7753 	EXP 	line2: autoDraw = False
324.7753 	EXP 	line3: autoDraw = False
324.7753 	EXP 	line4: autoDraw = False
324.7753 	EXP 	protrianglefixation: autoDraw = False
324.7753 	EXP 	Fixation: autoDraw = True
324.8813 	EXP 	Device response: <KeyPress from None: t=324.7568102499936, value=z, duration=0.1162623750133207>
325.7625 	EXP 	line1: autoDraw = True
325.7625 	EXP 	line2: autoDraw = True
325.7625 	EXP 	line3: autoDraw = True
325.7625 	EXP 	line4: autoDraw = True
325.7699 	EXP 	Fixation: autoDraw = False
326.7628 	INFO 	Keyboard events cleared
326.7626 	EXP 	protrianglefixation: autoDraw = True
327.3140 	EXP 	Device response: <KeyPress from None: t=327.30763766700693, value=x, duration=None>
327.3144 	EXP 	New trial (rep=31, index=1): <Trial 125 (1 in rep 31) data={'pos': np.int64(150), 'corr_resp': 'v', 'thisN': 125, 'thisTrialN': 1, 'thisRepN': 31}>
327.3201 	DATA 	Keypress: x
327.3255 	EXP 	Fixation: autoDraw = False
327.3255 	EXP 	line1: autoDraw = False
327.3255 	EXP 	line2: autoDraw = False
327.3255 	EXP 	line3: autoDraw = False
327.3255 	EXP 	line4: autoDraw = False
327.3255 	EXP 	protrianglefixation: autoDraw = False
327.3255 	EXP 	Fixation: autoDraw = True
327.4543 	EXP 	Device response: <KeyPress from None: t=327.30763766700693, value=x, duration=0.1403136249864474>
328.3131 	EXP 	line1: autoDraw = True
328.3131 	EXP 	line2: autoDraw = True
328.3131 	EXP 	line3: autoDraw = True
328.3131 	EXP 	line4: autoDraw = True
328.3204 	EXP 	Fixation: autoDraw = False
329.3046 	INFO 	Keyboard events cleared
329.3044 	EXP 	protrianglefixation: autoDraw = True
329.6471 	EXP 	Device response: <KeyPress from None: t=329.63979679200565, value=v, duration=None>
329.6475 	EXP 	New trial (rep=31, index=2): <Trial 126 (2 in rep 31) data={'pos': np.int64(50), 'corr_resp': 'c', 'thisN': 126, 'thisTrialN': 2, 'thisRepN': 31}>
329.6532 	DATA 	Keypress: v
329.6584 	EXP 	Fixation: autoDraw = False
329.6584 	EXP 	line1: autoDraw = False
329.6584 	EXP 	line2: autoDraw = False
329.6584 	EXP 	line3: autoDraw = False
329.6584 	EXP 	line4: autoDraw = False
329.6584 	EXP 	protrianglefixation: autoDraw = False
329.6584 	EXP 	Fixation: autoDraw = True
329.7815 	EXP 	Device response: <KeyPress from None: t=329.63979679200565, value=v, duration=0.13622616599604953>
330.6458 	EXP 	line1: autoDraw = True
330.6458 	EXP 	line2: autoDraw = True
330.6458 	EXP 	line3: autoDraw = True
330.6458 	EXP 	line4: autoDraw = True
330.6531 	EXP 	Fixation: autoDraw = False
331.6462 	INFO 	Keyboard events cleared
331.6460 	EXP 	protrianglefixation: autoDraw = True
331.9637 	EXP 	Device response: <KeyPress from None: t=331.9606707079947, value=c, duration=None>
331.9642 	EXP 	New trial (rep=31, index=3): <Trial 127 (3 in rep 31) data={'pos': np.int64(-150), 'corr_resp': 'z', 'thisN': 127, 'thisTrialN': 3, 'thisRepN': 31}>
331.9702 	DATA 	Keypress: c
331.9754 	EXP 	Fixation: autoDraw = False
331.9754 	EXP 	line1: autoDraw = False
331.9754 	EXP 	line2: autoDraw = False
331.9754 	EXP 	line3: autoDraw = False
331.9754 	EXP 	line4: autoDraw = False
331.9754 	EXP 	protrianglefixation: autoDraw = False
331.9754 	EXP 	Fixation: autoDraw = True
332.1201 	EXP 	Device response: <KeyPress from None: t=331.9606707079947, value=c, duration=0.1523074590077158>
332.9627 	EXP 	line1: autoDraw = True
332.9627 	EXP 	line2: autoDraw = True
332.9627 	EXP 	line3: autoDraw = True
332.9627 	EXP 	line4: autoDraw = True
332.9696 	EXP 	Fixation: autoDraw = False
333.9627 	INFO 	Keyboard events cleared
333.9625 	EXP 	protrianglefixation: autoDraw = True
334.3640 	EXP 	Device response: <KeyPress from None: t=334.3555490419967, value=z, duration=None>
334.3645 	EXP 	New trial (rep=32, index=0): <Trial 128 (0 in rep 32) data={'pos': np.int64(-50), 'corr_resp': 'x', 'thisN': 128, 'thisTrialN': 0, 'thisRepN': 32}>
334.3704 	DATA 	Keypress: z
334.3755 	EXP 	Fixation: autoDraw = False
334.3755 	EXP 	line1: autoDraw = False
334.3755 	EXP 	line2: autoDraw = False
334.3755 	EXP 	line3: autoDraw = False
334.3755 	EXP 	line4: autoDraw = False
334.3755 	EXP 	protrianglefixation: autoDraw = False
334.3755 	EXP 	Fixation: autoDraw = True
334.5146 	EXP 	Device response: <KeyPress from None: t=334.3555490419967, value=z, duration=0.15624441600812133>
335.3625 	EXP 	line1: autoDraw = True
335.3625 	EXP 	line2: autoDraw = True
335.3625 	EXP 	line3: autoDraw = True
335.3625 	EXP 	line4: autoDraw = True
335.3705 	EXP 	Fixation: autoDraw = False
336.3628 	INFO 	Keyboard events cleared
336.3626 	EXP 	protrianglefixation: autoDraw = True
336.7805 	EXP 	Device response: <KeyPress from None: t=336.7774227500049, value=x, duration=None>
336.7810 	EXP 	New trial (rep=32, index=1): <Trial 129 (1 in rep 32) data={'pos': np.int64(150), 'corr_resp': 'v', 'thisN': 129, 'thisTrialN': 1, 'thisRepN': 32}>
336.7870 	DATA 	Keypress: x
336.7922 	EXP 	Fixation: autoDraw = False
336.7922 	EXP 	line1: autoDraw = False
336.7922 	EXP 	line2: autoDraw = False
336.7922 	EXP 	line3: autoDraw = False
336.7922 	EXP 	line4: autoDraw = False
336.7922 	EXP 	protrianglefixation: autoDraw = False
336.7922 	EXP 	Fixation: autoDraw = True
336.9309 	EXP 	Device response: <KeyPress from None: t=336.7774227500049, value=x, duration=0.14836166700115427>
337.7792 	EXP 	line1: autoDraw = True
337.7792 	EXP 	line2: autoDraw = True
337.7792 	EXP 	line3: autoDraw = True
337.7792 	EXP 	line4: autoDraw = True
337.7868 	EXP 	Fixation: autoDraw = False
338.7794 	INFO 	Keyboard events cleared
338.7791 	EXP 	protrianglefixation: autoDraw = True
339.4719 	EXP 	Device response: <KeyPress from None: t=339.4644810000027, value=v, duration=None>
339.4724 	EXP 	New trial (rep=32, index=2): <Trial 130 (2 in rep 32) data={'pos': np.int64(50), 'corr_resp': 'c', 'thisN': 130, 'thisTrialN': 2, 'thisRepN': 32}>
339.4781 	DATA 	Keypress: v
339.4836 	EXP 	Fixation: autoDraw = False
339.4836 	EXP 	line1: autoDraw = False
339.4836 	EXP 	line2: autoDraw = False
339.4836 	EXP 	line3: autoDraw = False
339.4836 	EXP 	line4: autoDraw = False
339.4836 	EXP 	protrianglefixation: autoDraw = False
339.4836 	EXP 	Fixation: autoDraw = True
339.6051 	EXP 	Device response: <KeyPress from None: t=339.4644810000027, value=v, duration=0.13228004200209398>
340.4711 	EXP 	line1: autoDraw = True
340.4711 	EXP 	line2: autoDraw = True
340.4711 	EXP 	line3: autoDraw = True
340.4711 	EXP 	line4: autoDraw = True
340.4974 	EXP 	Fixation: autoDraw = False
341.4706 	INFO 	Keyboard events cleared
341.4704 	EXP 	protrianglefixation: autoDraw = True
341.8385 	EXP 	Device response: <KeyPress from None: t=341.8373985000071, value=c, duration=None>
341.8390 	EXP 	New trial (rep=32, index=3): <Trial 131 (3 in rep 32) data={'pos': np.int64(-150), 'corr_resp': 'z', 'thisN': 131, 'thisTrialN': 3, 'thisRepN': 32}>
341.8443 	DATA 	Keypress: c
341.8503 	EXP 	Fixation: autoDraw = False
341.8503 	EXP 	line1: autoDraw = False
341.8503 	EXP 	line2: autoDraw = False
341.8503 	EXP 	line3: autoDraw = False
341.8503 	EXP 	line4: autoDraw = False
341.8503 	EXP 	protrianglefixation: autoDraw = False
341.8503 	EXP 	Fixation: autoDraw = True
341.9487 	EXP 	Device response: <KeyPress from None: t=341.8373985000071, value=c, duration=0.10434629199153278>
342.8372 	EXP 	line1: autoDraw = True
342.8372 	EXP 	line2: autoDraw = True
342.8372 	EXP 	line3: autoDraw = True
342.8372 	EXP 	line4: autoDraw = True
342.8461 	EXP 	Fixation: autoDraw = False
343.8376 	INFO 	Keyboard events cleared
343.8374 	EXP 	protrianglefixation: autoDraw = True
344.4383 	EXP 	Device response: <KeyPress from None: t=344.4343618330022, value=z, duration=None>
344.4388 	EXP 	New trial (rep=33, index=0): <Trial 132 (0 in rep 33) data={'pos': np.int64(-50), 'corr_resp': 'x', 'thisN': 132, 'thisTrialN': 0, 'thisRepN': 33}>
344.4449 	DATA 	Keypress: z
344.4505 	EXP 	Fixation: autoDraw = False
344.4505 	EXP 	line1: autoDraw = False
344.4505 	EXP 	line2: autoDraw = False
344.4505 	EXP 	line3: autoDraw = False
344.4505 	EXP 	line4: autoDraw = False
344.4505 	EXP 	protrianglefixation: autoDraw = False
344.4505 	EXP 	Fixation: autoDraw = True
344.5980 	EXP 	Device response: <KeyPress from None: t=344.4343618330022, value=z, duration=0.1562705419928534>
345.4374 	EXP 	line1: autoDraw = True
345.4374 	EXP 	line2: autoDraw = True
345.4374 	EXP 	line3: autoDraw = True
345.4374 	EXP 	line4: autoDraw = True
345.4462 	EXP 	Fixation: autoDraw = False
346.4376 	INFO 	Keyboard events cleared
346.4374 	EXP 	protrianglefixation: autoDraw = True
346.8887 	EXP 	Device response: <KeyPress from None: t=346.88474487500207, value=x, duration=None>
346.8891 	EXP 	New trial (rep=33, index=1): <Trial 133 (1 in rep 33) data={'pos': np.int64(150), 'corr_resp': 'v', 'thisN': 133, 'thisTrialN': 1, 'thisRepN': 33}>
346.8948 	DATA 	Keypress: x
346.9002 	EXP 	Fixation: autoDraw = False
346.9002 	EXP 	line1: autoDraw = False
346.9002 	EXP 	line2: autoDraw = False
346.9002 	EXP 	line3: autoDraw = False
346.9002 	EXP 	line4: autoDraw = False
346.9002 	EXP 	protrianglefixation: autoDraw = False
346.9002 	EXP 	Fixation: autoDraw = True
347.0479 	EXP 	Device response: <KeyPress from None: t=346.88474487500207, value=x, duration=0.1559357079968322>
347.8872 	EXP 	line1: autoDraw = True
347.8872 	EXP 	line2: autoDraw = True
347.8872 	EXP 	line3: autoDraw = True
347.8872 	EXP 	line4: autoDraw = True
347.8960 	EXP 	Fixation: autoDraw = False
348.8873 	INFO 	Keyboard events cleared
348.8871 	EXP 	protrianglefixation: autoDraw = True
349.2149 	EXP 	Device response: <KeyPress from None: t=349.20814570800576, value=v, duration=None>
349.2155 	EXP 	New trial (rep=33, index=2): <Trial 134 (2 in rep 33) data={'pos': np.int64(50), 'corr_resp': 'c', 'thisN': 134, 'thisTrialN': 2, 'thisRepN': 33}>
349.2215 	DATA 	Keypress: v
349.2268 	EXP 	Fixation: autoDraw = False
349.2268 	EXP 	line1: autoDraw = False
349.2268 	EXP 	line2: autoDraw = False
349.2268 	EXP 	line3: autoDraw = False
349.2268 	EXP 	line4: autoDraw = False
349.2268 	EXP 	protrianglefixation: autoDraw = False
349.2268 	EXP 	Fixation: autoDraw = True
349.4144 	EXP 	Device response: <KeyPress from None: t=349.20814570800576, value=v, duration=0.19639666700095404>
350.2126 	EXP 	line1: autoDraw = True
350.2126 	EXP 	line2: autoDraw = True
350.2126 	EXP 	line3: autoDraw = True
350.2126 	EXP 	line4: autoDraw = True
350.2204 	EXP 	Fixation: autoDraw = False
351.2127 	INFO 	Keyboard events cleared
351.2125 	EXP 	protrianglefixation: autoDraw = True
351.5380 	EXP 	Device response: <KeyPress from None: t=351.5311442920065, value=c, duration=None>
351.5385 	EXP 	New trial (rep=33, index=3): <Trial 135 (3 in rep 33) data={'pos': np.int64(-150), 'corr_resp': 'z', 'thisN': 135, 'thisTrialN': 3, 'thisRepN': 33}>
351.5443 	DATA 	Keypress: c
351.5502 	EXP 	Fixation: autoDraw = False
351.5502 	EXP 	line1: autoDraw = False
351.5502 	EXP 	line2: autoDraw = False
351.5502 	EXP 	line3: autoDraw = False
351.5502 	EXP 	line4: autoDraw = False
351.5502 	EXP 	protrianglefixation: autoDraw = False
351.5502 	EXP 	Fixation: autoDraw = True
351.6981 	EXP 	Device response: <KeyPress from None: t=351.5311442920065, value=c, duration=0.15626995799539145>
352.5293 	EXP 	line1: autoDraw = True
352.5293 	EXP 	line2: autoDraw = True
352.5293 	EXP 	line3: autoDraw = True
352.5293 	EXP 	line4: autoDraw = True
352.5458 	EXP 	Fixation: autoDraw = False
353.5368 	INFO 	Keyboard events cleared
353.5366 	EXP 	protrianglefixation: autoDraw = True
353.8883 	EXP 	Device response: <KeyPress from None: t=353.8800962079986, value=z, duration=None>
353.8887 	EXP 	New trial (rep=34, index=0): <Trial 136 (0 in rep 34) data={'pos': np.int64(-50), 'corr_resp': 'x', 'thisN': 136, 'thisTrialN': 0, 'thisRepN': 34}>
353.8947 	DATA 	Keypress: z
353.8998 	EXP 	Fixation: autoDraw = False
353.8998 	EXP 	line1: autoDraw = False
353.8998 	EXP 	line2: autoDraw = False
353.8998 	EXP 	line3: autoDraw = False
353.8998 	EXP 	line4: autoDraw = False
353.8998 	EXP 	protrianglefixation: autoDraw = False
353.8998 	EXP 	Fixation: autoDraw = True
354.0316 	EXP 	Device response: <KeyPress from None: t=353.8800962079986, value=z, duration=0.14837629199610092>
354.8871 	EXP 	line1: autoDraw = True
354.8871 	EXP 	line2: autoDraw = True
354.8871 	EXP 	line3: autoDraw = True
354.8871 	EXP 	line4: autoDraw = True
354.8961 	EXP 	Fixation: autoDraw = False
355.8878 	INFO 	Keyboard events cleared
355.8876 	EXP 	protrianglefixation: autoDraw = True
356.4808 	EXP 	Device response: <KeyPress from None: t=356.47906666700146, value=x, duration=None>
356.4813 	EXP 	New trial (rep=34, index=1): <Trial 137 (1 in rep 34) data={'pos': np.int64(150), 'corr_resp': 'v', 'thisN': 137, 'thisTrialN': 1, 'thisRepN': 34}>
356.4874 	DATA 	Keypress: x
356.4925 	EXP 	Fixation: autoDraw = False
356.4925 	EXP 	line1: autoDraw = False
356.4925 	EXP 	line2: autoDraw = False
356.4925 	EXP 	line3: autoDraw = False
356.4925 	EXP 	line4: autoDraw = False
356.4925 	EXP 	protrianglefixation: autoDraw = False
356.4925 	EXP 	Fixation: autoDraw = True
356.5872 	EXP 	Device response: <KeyPress from None: t=356.47906666700146, value=x, duration=0.1008271659957245>
357.4790 	EXP 	line1: autoDraw = True
357.4790 	EXP 	line2: autoDraw = True
357.4790 	EXP 	line3: autoDraw = True
357.4790 	EXP 	line4: autoDraw = True
357.4869 	EXP 	Fixation: autoDraw = False
358.4796 	INFO 	Keyboard events cleared
358.4794 	EXP 	protrianglefixation: autoDraw = True
359.1971 	EXP 	Device response: <KeyPress from None: t=359.19597479200456, value=v, duration=None>
359.2035 	DATA 	Keypress: v
359.2094 	EXP 	New trial (rep=34, index=2): <Trial 138 (2 in rep 34) data={'pos': np.int64(50), 'corr_resp': 'c', 'thisN': 138, 'thisTrialN': 2, 'thisRepN': 34}>
359.2172 	EXP 	Fixation: autoDraw = False
359.2172 	EXP 	line1: autoDraw = False
359.2172 	EXP 	line2: autoDraw = False
359.2172 	EXP 	line3: autoDraw = False
359.2172 	EXP 	line4: autoDraw = False
359.2172 	EXP 	protrianglefixation: autoDraw = False
359.2172 	EXP 	Fixation: autoDraw = True
359.2972 	EXP 	Device response: <KeyPress from None: t=359.19597479200456, value=v, duration=0.09633816599671263>
360.2039 	EXP 	line1: autoDraw = True
360.2039 	EXP 	line2: autoDraw = True
360.2039 	EXP 	line3: autoDraw = True
360.2039 	EXP 	line4: autoDraw = True
360.2124 	EXP 	Fixation: autoDraw = False
361.2040 	INFO 	Keyboard events cleared
361.2038 	EXP 	protrianglefixation: autoDraw = True
361.9216 	EXP 	Device response: <KeyPress from None: t=361.91891387499345, value=c, duration=None>
361.9220 	EXP 	New trial (rep=34, index=3): <Trial 139 (3 in rep 34) data={'pos': np.int64(-150), 'corr_resp': 'z', 'thisN': 139, 'thisTrialN': 3, 'thisRepN': 34}>
361.9284 	DATA 	Keypress: c
361.9335 	EXP 	Fixation: autoDraw = False
361.9335 	EXP 	line1: autoDraw = False
361.9335 	EXP 	line2: autoDraw = False
361.9335 	EXP 	line3: autoDraw = False
361.9335 	EXP 	line4: autoDraw = False
361.9335 	EXP 	protrianglefixation: autoDraw = False
361.9335 	EXP 	Fixation: autoDraw = True
362.0152 	EXP 	Device response: <KeyPress from None: t=361.91891387499345, value=c, duration=0.09234175000165123>
362.9211 	EXP 	line1: autoDraw = True
362.9211 	EXP 	line2: autoDraw = True
362.9211 	EXP 	line3: autoDraw = True
362.9211 	EXP 	line4: autoDraw = True
362.9473 	EXP 	Fixation: autoDraw = False
363.9215 	INFO 	Keyboard events cleared
363.9213 	EXP 	protrianglefixation: autoDraw = True
364.6643 	EXP 	Device response: <KeyPress from None: t=364.6598508330062, value=z, duration=None>
364.6648 	EXP 	New trial (rep=35, index=0): <Trial 140 (0 in rep 35) data={'pos': np.int64(-50), 'corr_resp': 'x', 'thisN': 140, 'thisTrialN': 0, 'thisRepN': 35}>
364.6709 	DATA 	Keypress: z
364.6761 	EXP 	Fixation: autoDraw = False
364.6761 	EXP 	line1: autoDraw = False
364.6761 	EXP 	line2: autoDraw = False
364.6761 	EXP 	line3: autoDraw = False
364.6761 	EXP 	line4: autoDraw = False
364.6761 	EXP 	protrianglefixation: autoDraw = False
364.6761 	EXP 	Fixation: autoDraw = True
364.8156 	EXP 	Device response: <KeyPress from None: t=364.6598508330062, value=z, duration=0.14832962499349378>
365.6624 	EXP 	line1: autoDraw = True
365.6624 	EXP 	line2: autoDraw = True
365.6624 	EXP 	line3: autoDraw = True
365.6624 	EXP 	line4: autoDraw = True
365.6697 	EXP 	Fixation: autoDraw = False
366.6627 	INFO 	Keyboard events cleared
366.6625 	EXP 	protrianglefixation: autoDraw = True
367.2707 	EXP 	Device response: <KeyPress from None: t=367.2688049999997, value=x, duration=None>
367.2711 	EXP 	New trial (rep=35, index=1): <Trial 141 (1 in rep 35) data={'pos': np.int64(150), 'corr_resp': 'v', 'thisN': 141, 'thisTrialN': 1, 'thisRepN': 35}>
367.2771 	DATA 	Keypress: x
367.2835 	EXP 	Fixation: autoDraw = False
367.2835 	EXP 	line1: autoDraw = False
367.2835 	EXP 	line2: autoDraw = False
367.2835 	EXP 	line3: autoDraw = False
367.2835 	EXP 	line4: autoDraw = False
367.2835 	EXP 	protrianglefixation: autoDraw = False
367.2835 	EXP 	Fixation: autoDraw = True
367.3977 	EXP 	Device response: <KeyPress from None: t=367.2688049999997, value=x, duration=0.12019866700575221>
368.2624 	EXP 	line1: autoDraw = True
368.2624 	EXP 	line2: autoDraw = True
368.2624 	EXP 	line3: autoDraw = True
368.2624 	EXP 	line4: autoDraw = True
368.2793 	EXP 	Fixation: autoDraw = False
369.2630 	INFO 	Keyboard events cleared
369.2628 	EXP 	protrianglefixation: autoDraw = True
370.4470 	EXP 	Device response: <KeyPress from None: t=370.4397708750039, value=v, duration=None>
370.4475 	EXP 	New trial (rep=35, index=2): <Trial 142 (2 in rep 35) data={'pos': np.int64(50), 'corr_resp': 'c', 'thisN': 142, 'thisTrialN': 2, 'thisRepN': 35}>
370.4535 	DATA 	Keypress: v
370.4587 	EXP 	Fixation: autoDraw = False
370.4587 	EXP 	line1: autoDraw = False
370.4587 	EXP 	line2: autoDraw = False
370.4587 	EXP 	line3: autoDraw = False
370.4587 	EXP 	line4: autoDraw = False
370.4587 	EXP 	protrianglefixation: autoDraw = False
370.4587 	EXP 	Fixation: autoDraw = True
370.5539 	EXP 	Device response: <KeyPress from None: t=370.4397708750039, value=v, duration=0.11233366699889302>
371.4457 	EXP 	line1: autoDraw = True
371.4457 	EXP 	line2: autoDraw = True
371.4457 	EXP 	line3: autoDraw = True
371.4457 	EXP 	line4: autoDraw = True
371.4533 	EXP 	Fixation: autoDraw = False
372.4460 	INFO 	Keyboard events cleared
372.4458 	EXP 	protrianglefixation: autoDraw = True
372.8648 	EXP 	Device response: <KeyPress from None: t=372.85869066699524, value=c, duration=None>
372.8654 	EXP 	New trial (rep=35, index=3): <Trial 143 (3 in rep 35) data={'pos': np.int64(-150), 'corr_resp': 'z', 'thisN': 143, 'thisTrialN': 3, 'thisRepN': 35}>
372.8720 	DATA 	Keypress: c
372.8769 	EXP 	Fixation: autoDraw = False
372.8769 	EXP 	line1: autoDraw = False
372.8769 	EXP 	line2: autoDraw = False
372.8769 	EXP 	line3: autoDraw = False
372.8769 	EXP 	line4: autoDraw = False
372.8769 	EXP 	protrianglefixation: autoDraw = False
372.8769 	EXP 	Fixation: autoDraw = True
373.0372 	EXP 	Device response: <KeyPress from None: t=372.85869066699524, value=c, duration=0.17620950000127777>
373.8625 	EXP 	line1: autoDraw = True
373.8625 	EXP 	line2: autoDraw = True
373.8625 	EXP 	line3: autoDraw = True
373.8625 	EXP 	line4: autoDraw = True
373.8698 	EXP 	Fixation: autoDraw = False
374.8628 	INFO 	Keyboard events cleared
374.8626 	EXP 	protrianglefixation: autoDraw = True
375.3877 	EXP 	Device response: <KeyPress from None: t=375.3795813330071, value=z, duration=None>
375.3881 	EXP 	New trial (rep=36, index=0): <Trial 144 (0 in rep 36) data={'pos': np.int64(-50), 'corr_resp': 'x', 'thisN': 144, 'thisTrialN': 0, 'thisRepN': 36}>
375.3950 	DATA 	Keypress: z
375.4004 	EXP 	Fixation: autoDraw = False
375.4004 	EXP 	line1: autoDraw = False
375.4004 	EXP 	line2: autoDraw = False
375.4004 	EXP 	line3: autoDraw = False
375.4004 	EXP 	line4: autoDraw = False
375.4004 	EXP 	protrianglefixation: autoDraw = False
375.4004 	EXP 	Fixation: autoDraw = True
375.5139 	EXP 	Device response: <KeyPress from None: t=375.3795813330071, value=z, duration=0.13231212498794775>
376.3871 	EXP 	line1: autoDraw = True
376.3871 	EXP 	line2: autoDraw = True
376.3871 	EXP 	line3: autoDraw = True
376.3871 	EXP 	line4: autoDraw = True
376.3962 	EXP 	Fixation: autoDraw = False
377.3793 	INFO 	Keyboard events cleared
377.3791 	EXP 	protrianglefixation: autoDraw = True
377.9043 	EXP 	Device response: <KeyPress from None: t=377.89855841700046, value=x, duration=None>
377.9047 	EXP 	New trial (rep=36, index=1): <Trial 145 (1 in rep 36) data={'pos': np.int64(150), 'corr_resp': 'v', 'thisN': 145, 'thisTrialN': 1, 'thisRepN': 36}>
377.9107 	DATA 	Keypress: x
377.9162 	EXP 	Fixation: autoDraw = False
377.9162 	EXP 	line1: autoDraw = False
377.9162 	EXP 	line2: autoDraw = False
377.9162 	EXP 	line3: autoDraw = False
377.9162 	EXP 	line4: autoDraw = False
377.9162 	EXP 	protrianglefixation: autoDraw = False
377.9162 	EXP 	Fixation: autoDraw = True
378.0805 	EXP 	Device response: <KeyPress from None: t=377.89855841700046, value=x, duration=0.18025445799867157>
378.9040 	EXP 	line1: autoDraw = True
378.9040 	EXP 	line2: autoDraw = True
378.9040 	EXP 	line3: autoDraw = True
378.9040 	EXP 	line4: autoDraw = True
378.9125 	EXP 	Fixation: autoDraw = False
379.9037 	INFO 	Keyboard events cleared
379.9036 	EXP 	protrianglefixation: autoDraw = True
380.4310 	EXP 	Device response: <KeyPress from None: t=380.4235025829985, value=v, duration=None>
380.4315 	EXP 	New trial (rep=36, index=2): <Trial 146 (2 in rep 36) data={'pos': np.int64(50), 'corr_resp': 'c', 'thisN': 146, 'thisTrialN': 2, 'thisRepN': 36}>
380.4380 	DATA 	Keypress: v
380.4431 	EXP 	Fixation: autoDraw = False
380.4431 	EXP 	line1: autoDraw = False
380.4431 	EXP 	line2: autoDraw = False
380.4431 	EXP 	line3: autoDraw = False
380.4431 	EXP 	line4: autoDraw = False
380.4431 	EXP 	protrianglefixation: autoDraw = False
380.4431 	EXP 	Fixation: autoDraw = True
380.6643 	EXP 	Device response: <KeyPress from None: t=380.4235025829985, value=v, duration=0.2323455840087263>
381.4290 	EXP 	line1: autoDraw = True
381.4290 	EXP 	line2: autoDraw = True
381.4290 	EXP 	line3: autoDraw = True
381.4290 	EXP 	line4: autoDraw = True
381.4369 	EXP 	Fixation: autoDraw = False
382.4293 	INFO 	Keyboard events cleared
382.4291 	EXP 	protrianglefixation: autoDraw = True
383.1471 	EXP 	Device response: <KeyPress from None: t=383.138411042004, value=c, duration=None>
383.1476 	EXP 	New trial (rep=36, index=3): <Trial 147 (3 in rep 36) data={'pos': np.int64(-150), 'corr_resp': 'z', 'thisN': 147, 'thisTrialN': 3, 'thisRepN': 36}>
383.1540 	DATA 	Keypress: c
383.1591 	EXP 	Fixation: autoDraw = False
383.1591 	EXP 	line1: autoDraw = False
383.1591 	EXP 	line2: autoDraw = False
383.1591 	EXP 	line3: autoDraw = False
383.1591 	EXP 	line4: autoDraw = False
383.1591 	EXP 	protrianglefixation: autoDraw = False
383.1591 	EXP 	Fixation: autoDraw = True
383.3036 	EXP 	Device response: <KeyPress from None: t=383.138411042004, value=c, duration=0.16028370799904224>
384.1457 	EXP 	line1: autoDraw = True
384.1457 	EXP 	line2: autoDraw = True
384.1457 	EXP 	line3: autoDraw = True
384.1457 	EXP 	line4: autoDraw = True
384.1529 	EXP 	Fixation: autoDraw = False
385.1381 	INFO 	Keyboard events cleared
385.1379 	EXP 	protrianglefixation: autoDraw = True
385.7303 	EXP 	Device response: <KeyPress from None: t=385.7243950830016, value=z, duration=None>
385.7308 	EXP 	New trial (rep=37, index=0): <Trial 148 (0 in rep 37) data={'pos': np.int64(-50), 'corr_resp': 'x', 'thisN': 148, 'thisTrialN': 0, 'thisRepN': 37}>
385.7366 	DATA 	Keypress: z
385.7417 	EXP 	Fixation: autoDraw = False
385.7417 	EXP 	line1: autoDraw = False
385.7417 	EXP 	line2: autoDraw = False
385.7417 	EXP 	line3: autoDraw = False
385.7417 	EXP 	line4: autoDraw = False
385.7417 	EXP 	protrianglefixation: autoDraw = False
385.7417 	EXP 	Fixation: autoDraw = True
385.8867 	EXP 	Device response: <KeyPress from None: t=385.7243950830016, value=z, duration=0.1563798749994021>
386.7291 	EXP 	line1: autoDraw = True
386.7291 	EXP 	line2: autoDraw = True
386.7291 	EXP 	line3: autoDraw = True
386.7291 	EXP 	line4: autoDraw = True
386.7365 	EXP 	Fixation: autoDraw = False
387.7209 	INFO 	Keyboard events cleared
387.7208 	EXP 	protrianglefixation: autoDraw = True
388.1215 	EXP 	Device response: <KeyPress from None: t=388.1132849169953, value=x, duration=None>
388.1219 	EXP 	New trial (rep=37, index=1): <Trial 149 (1 in rep 37) data={'pos': np.int64(150), 'corr_resp': 'v', 'thisN': 149, 'thisTrialN': 1, 'thisRepN': 37}>
388.1278 	DATA 	Keypress: x
388.1333 	EXP 	Fixation: autoDraw = False
388.1333 	EXP 	line1: autoDraw = False
388.1333 	EXP 	line2: autoDraw = False
388.1333 	EXP 	line3: autoDraw = False
388.1333 	EXP 	line4: autoDraw = False
388.1333 	EXP 	protrianglefixation: autoDraw = False
388.1333 	EXP 	Fixation: autoDraw = True
388.2885 	EXP 	Device response: <KeyPress from None: t=388.1132849169953, value=x, duration=0.17237741600547452>
389.1204 	EXP 	line1: autoDraw = True
389.1204 	EXP 	line2: autoDraw = True
389.1204 	EXP 	line3: autoDraw = True
389.1204 	EXP 	line4: autoDraw = True
389.1290 	EXP 	Fixation: autoDraw = False
390.1211 	INFO 	Keyboard events cleared
390.1210 	EXP 	protrianglefixation: autoDraw = True
390.5377 	EXP 	Device response: <KeyPress from None: t=390.53013450000435, value=v, duration=None>
390.5381 	EXP 	New trial (rep=37, index=2): <Trial 150 (2 in rep 37) data={'pos': np.int64(50), 'corr_resp': 'c', 'thisN': 150, 'thisTrialN': 2, 'thisRepN': 37}>
390.5438 	DATA 	Keypress: v
390.5492 	EXP 	Fixation: autoDraw = False
390.5492 	EXP 	line1: autoDraw = False
390.5492 	EXP 	line2: autoDraw = False
390.5492 	EXP 	line3: autoDraw = False
390.5492 	EXP 	line4: autoDraw = False
390.5492 	EXP 	protrianglefixation: autoDraw = False
390.5492 	EXP 	Fixation: autoDraw = True
390.7213 	EXP 	Device response: <KeyPress from None: t=390.53013450000435, value=v, duration=0.18443358299555257>
391.5374 	EXP 	line1: autoDraw = True
391.5374 	EXP 	line2: autoDraw = True
391.5374 	EXP 	line3: autoDraw = True
391.5374 	EXP 	line4: autoDraw = True
391.5467 	EXP 	Fixation: autoDraw = False
392.5368 	INFO 	Keyboard events cleared
392.5366 	EXP 	protrianglefixation: autoDraw = True
393.0475 	EXP 	Device response: <KeyPress from None: t=393.0411335420067, value=c, duration=None>
393.0479 	EXP 	New trial (rep=37, index=3): <Trial 151 (3 in rep 37) data={'pos': np.int64(-150), 'corr_resp': 'z', 'thisN': 151, 'thisTrialN': 3, 'thisRepN': 37}>
393.0538 	DATA 	Keypress: c
393.0587 	EXP 	Fixation: autoDraw = False
393.0587 	EXP 	line1: autoDraw = False
393.0587 	EXP 	line2: autoDraw = False
393.0587 	EXP 	line3: autoDraw = False
393.0587 	EXP 	line4: autoDraw = False
393.0587 	EXP 	protrianglefixation: autoDraw = False
393.0587 	EXP 	Fixation: autoDraw = True
393.2387 	EXP 	Device response: <KeyPress from None: t=393.0411335420067, value=c, duration=0.1927078329899814>
394.0457 	EXP 	line1: autoDraw = True
394.0457 	EXP 	line2: autoDraw = True
394.0457 	EXP 	line3: autoDraw = True
394.0457 	EXP 	line4: autoDraw = True
394.0530 	EXP 	Fixation: autoDraw = False
395.0459 	INFO 	Keyboard events cleared
395.0458 	EXP 	protrianglefixation: autoDraw = True
395.7990 	EXP 	Device response: <KeyPress from None: t=395.7961843749945, value=z, duration=None>
395.7998 	EXP 	New trial (rep=38, index=0): <Trial 152 (0 in rep 38) data={'pos': np.int64(-50), 'corr_resp': 'x', 'thisN': 152, 'thisTrialN': 0, 'thisRepN': 38}>
395.8059 	DATA 	Keypress: z
395.8122 	EXP 	Fixation: autoDraw = False
395.8122 	EXP 	line1: autoDraw = False
395.8122 	EXP 	line2: autoDraw = False
395.8122 	EXP 	line3: autoDraw = False
395.8122 	EXP 	line4: autoDraw = False
395.8122 	EXP 	protrianglefixation: autoDraw = False
395.8122 	EXP 	Fixation: autoDraw = True
395.9486 	EXP 	Device response: <KeyPress from None: t=395.7961843749945, value=z, duration=0.14425550001033116>
396.7958 	EXP 	line1: autoDraw = True
396.7958 	EXP 	line2: autoDraw = True
396.7958 	EXP 	line3: autoDraw = True
396.7958 	EXP 	line4: autoDraw = True
396.8034 	EXP 	Fixation: autoDraw = False
397.7959 	INFO 	Keyboard events cleared
397.7958 	EXP 	protrianglefixation: autoDraw = True
398.2379 	EXP 	Device response: <KeyPress from None: t=398.23307979200035, value=x, duration=None>
398.2383 	EXP 	New trial (rep=38, index=1): <Trial 153 (1 in rep 38) data={'pos': np.int64(150), 'corr_resp': 'v', 'thisN': 153, 'thisTrialN': 1, 'thisRepN': 38}>
398.2440 	DATA 	Keypress: x
398.2497 	EXP 	Fixation: autoDraw = False
398.2497 	EXP 	line1: autoDraw = False
398.2497 	EXP 	line2: autoDraw = False
398.2497 	EXP 	line3: autoDraw = False
398.2497 	EXP 	line4: autoDraw = False
398.2497 	EXP 	protrianglefixation: autoDraw = False
398.2497 	EXP 	Fixation: autoDraw = True
398.3532 	EXP 	Device response: <KeyPress from None: t=398.23307979200035, value=x, duration=0.11319195799296722>
399.2372 	EXP 	line1: autoDraw = True
399.2372 	EXP 	line2: autoDraw = True
399.2372 	EXP 	line3: autoDraw = True
399.2372 	EXP 	line4: autoDraw = True
399.2462 	EXP 	Fixation: autoDraw = False
400.2378 	INFO 	Keyboard events cleared
400.2376 	EXP 	protrianglefixation: autoDraw = True
401.0211 	EXP 	Device response: <KeyPress from None: t=401.01901366699894, value=v, duration=None>
401.0216 	EXP 	New trial (rep=38, index=2): <Trial 154 (2 in rep 38) data={'pos': np.int64(50), 'corr_resp': 'c', 'thisN': 154, 'thisTrialN': 2, 'thisRepN': 38}>
401.0276 	DATA 	Keypress: v
401.0331 	EXP 	Fixation: autoDraw = False
401.0331 	EXP 	line1: autoDraw = False
401.0331 	EXP 	line2: autoDraw = False
401.0331 	EXP 	line3: autoDraw = False
401.0331 	EXP 	line4: autoDraw = False
401.0331 	EXP 	protrianglefixation: autoDraw = False
401.0331 	EXP 	Fixation: autoDraw = True
401.1370 	EXP 	Device response: <KeyPress from None: t=401.01901366699894, value=v, duration=0.11232749999908265>
402.0202 	EXP 	line1: autoDraw = True
402.0202 	EXP 	line2: autoDraw = True
402.0202 	EXP 	line3: autoDraw = True
402.0202 	EXP 	line4: autoDraw = True
402.0291 	EXP 	Fixation: autoDraw = False
403.0209 	INFO 	Keyboard events cleared
403.0208 	EXP 	protrianglefixation: autoDraw = True
404.0138 	EXP 	Device response: <KeyPress from None: t=404.0068828329968, value=c, duration=None>
404.0143 	EXP 	New trial (rep=38, index=3): <Trial 155 (3 in rep 38) data={'pos': np.int64(-150), 'corr_resp': 'z', 'thisN': 155, 'thisTrialN': 3, 'thisRepN': 38}>
404.0202 	DATA 	Keypress: c
404.0252 	EXP 	Fixation: autoDraw = False
404.0252 	EXP 	line1: autoDraw = False
404.0252 	EXP 	line2: autoDraw = False
404.0252 	EXP 	line3: autoDraw = False
404.0252 	EXP 	line4: autoDraw = False
404.0252 	EXP 	protrianglefixation: autoDraw = False
404.0252 	EXP 	Fixation: autoDraw = True
404.1486 	EXP 	Device response: <KeyPress from None: t=404.0068828329968, value=c, duration=0.13242058400646783>
405.0123 	EXP 	line1: autoDraw = True
405.0123 	EXP 	line2: autoDraw = True
405.0123 	EXP 	line3: autoDraw = True
405.0123 	EXP 	line4: autoDraw = True
405.0196 	EXP 	Fixation: autoDraw = False
406.0127 	INFO 	Keyboard events cleared
406.0125 	EXP 	protrianglefixation: autoDraw = True
406.7382 	EXP 	Device response: <KeyPress from None: t=406.73388699999487, value=z, duration=None>
406.7387 	EXP 	New trial (rep=39, index=0): <Trial 156 (0 in rep 39) data={'pos': np.int64(-50), 'corr_resp': 'x', 'thisN': 156, 'thisTrialN': 0, 'thisRepN': 39}>
406.7448 	DATA 	Keypress: z
406.7501 	EXP 	Fixation: autoDraw = False
406.7501 	EXP 	line1: autoDraw = False
406.7501 	EXP 	line2: autoDraw = False
406.7501 	EXP 	line3: autoDraw = False
406.7501 	EXP 	line4: autoDraw = False
406.7501 	EXP 	protrianglefixation: autoDraw = False
406.7501 	EXP 	Fixation: autoDraw = True
406.8476 	EXP 	Device response: <KeyPress from None: t=406.73388699999487, value=z, duration=0.10420916700968519>
407.7376 	EXP 	line1: autoDraw = True
407.7376 	EXP 	line2: autoDraw = True
407.7376 	EXP 	line3: autoDraw = True
407.7376 	EXP 	line4: autoDraw = True
407.7469 	EXP 	Fixation: autoDraw = False
408.7373 	INFO 	Keyboard events cleared
408.7371 	EXP 	protrianglefixation: autoDraw = True
409.4138 	EXP 	Device response: <KeyPress from None: t=409.4098200830049, value=x, duration=None>
409.4143 	EXP 	New trial (rep=39, index=1): <Trial 157 (1 in rep 39) data={'pos': np.int64(150), 'corr_resp': 'v', 'thisN': 157, 'thisTrialN': 1, 'thisRepN': 39}>
409.4203 	DATA 	Keypress: x
409.4252 	EXP 	Fixation: autoDraw = False
409.4252 	EXP 	line1: autoDraw = False
409.4252 	EXP 	line2: autoDraw = False
409.4252 	EXP 	line3: autoDraw = False
409.4252 	EXP 	line4: autoDraw = False
409.4252 	EXP 	protrianglefixation: autoDraw = False
409.4252 	EXP 	Fixation: autoDraw = True
409.5479 	EXP 	Device response: <KeyPress from None: t=409.4098200830049, value=x, duration=0.13627404200087767>
410.4123 	EXP 	line1: autoDraw = True
410.4123 	EXP 	line2: autoDraw = True
410.4123 	EXP 	line3: autoDraw = True
410.4123 	EXP 	line4: autoDraw = True
410.4198 	EXP 	Fixation: autoDraw = False
411.4128 	INFO 	Keyboard events cleared
411.4126 	EXP 	protrianglefixation: autoDraw = True
412.7307 	EXP 	Device response: <KeyPress from None: t=412.7267759170063, value=v, duration=None>
412.7313 	EXP 	New trial (rep=39, index=2): <Trial 158 (2 in rep 39) data={'pos': np.int64(50), 'corr_resp': 'c', 'thisN': 158, 'thisTrialN': 2, 'thisRepN': 39}>
412.7375 	DATA 	Keypress: v
412.7426 	EXP 	Fixation: autoDraw = False
412.7426 	EXP 	line1: autoDraw = False
412.7426 	EXP 	line2: autoDraw = False
412.7426 	EXP 	line3: autoDraw = False
412.7426 	EXP 	line4: autoDraw = False
412.7426 	EXP 	protrianglefixation: autoDraw = False
412.7426 	EXP 	Fixation: autoDraw = True
412.9140 	EXP 	Device response: <KeyPress from None: t=412.7267759170063, value=v, duration=0.18020441599946935>
413.7290 	EXP 	line1: autoDraw = True
413.7290 	EXP 	line2: autoDraw = True
413.7290 	EXP 	line3: autoDraw = True
413.7290 	EXP 	line4: autoDraw = True
413.7364 	EXP 	Fixation: autoDraw = False
414.7293 	INFO 	Keyboard events cleared
414.7291 	EXP 	protrianglefixation: autoDraw = True
417.0136 	EXP 	Device response: <KeyPress from None: t=417.00855929199315, value=c, duration=None>
417.0141 	EXP 	New trial (rep=39, index=3): <Trial 159 (3 in rep 39) data={'pos': np.int64(-150), 'corr_resp': 'z', 'thisN': 159, 'thisTrialN': 3, 'thisRepN': 39}>
417.0204 	DATA 	Keypress: c
417.0254 	EXP 	Fixation: autoDraw = False
417.0254 	EXP 	line1: autoDraw = False
417.0254 	EXP 	line2: autoDraw = False
417.0254 	EXP 	line3: autoDraw = False
417.0254 	EXP 	line4: autoDraw = False
417.0254 	EXP 	protrianglefixation: autoDraw = False
417.0254 	EXP 	Fixation: autoDraw = True
417.0691 	EXP 	Device response: <KeyPress from None: t=417.00855929199315, value=c, duration=0.05790966600761749>
418.0039 	EXP 	line1: autoDraw = True
418.0039 	EXP 	line2: autoDraw = True
418.0039 	EXP 	line3: autoDraw = True
418.0039 	EXP 	line4: autoDraw = True
418.0203 	EXP 	Fixation: autoDraw = False
419.0125 	INFO 	Keyboard events cleared
419.0123 	EXP 	protrianglefixation: autoDraw = True
420.3305 	EXP 	Device response: <KeyPress from None: t=420.3290282079979, value=z, duration=None>
420.3310 	EXP 	New trial (rep=40, index=0): <Trial 160 (0 in rep 40) data={'pos': np.int64(-50), 'corr_resp': 'x', 'thisN': 160, 'thisTrialN': 0, 'thisRepN': 40}>
420.3378 	DATA 	Keypress: z
420.3432 	EXP 	Fixation: autoDraw = False
420.3432 	EXP 	line1: autoDraw = False
420.3432 	EXP 	line2: autoDraw = False
420.3432 	EXP 	line3: autoDraw = False
420.3432 	EXP 	line4: autoDraw = False
420.3432 	EXP 	protrianglefixation: autoDraw = False
420.3432 	EXP 	Fixation: autoDraw = True
420.4316 	EXP 	Device response: <KeyPress from None: t=420.3290282079979, value=z, duration=0.09632987499935552>
421.3291 	EXP 	line1: autoDraw = True
421.3291 	EXP 	line2: autoDraw = True
421.3291 	EXP 	line3: autoDraw = True
421.3291 	EXP 	line4: autoDraw = True
421.3361 	EXP 	Fixation: autoDraw = False
422.3293 	INFO 	Keyboard events cleared
422.3291 	EXP 	protrianglefixation: autoDraw = True
438.1807 	EXP 	Device response: <KeyPress from None: t=438.1781139999948, value=x, duration=None>
438.1813 	EXP 	New trial (rep=40, index=1): <Trial 161 (1 in rep 40) data={'pos': np.int64(150), 'corr_resp': 'v', 'thisN': 161, 'thisTrialN': 1, 'thisRepN': 40}>
438.1881 	DATA 	Keypress: x
438.1933 	EXP 	Fixation: autoDraw = False
438.1933 	EXP 	line1: autoDraw = False
438.1933 	EXP 	line2: autoDraw = False
438.1933 	EXP 	line3: autoDraw = False
438.1933 	EXP 	line4: autoDraw = False
438.1933 	EXP 	protrianglefixation: autoDraw = False
438.1933 	EXP 	Fixation: autoDraw = True
438.2979 	EXP 	Device response: <KeyPress from None: t=438.1781139999948, value=x, duration=0.10836225000093691>
439.1789 	EXP 	line1: autoDraw = True
439.1789 	EXP 	line2: autoDraw = True
439.1789 	EXP 	line3: autoDraw = True
439.1789 	EXP 	line4: autoDraw = True
439.1869 	EXP 	Fixation: autoDraw = False
440.1796 	INFO 	Keyboard events cleared
440.1794 	EXP 	protrianglefixation: autoDraw = True
441.6376 	EXP 	Device response: <KeyPress from None: t=441.63511149999977, value=v, duration=None>
441.6381 	EXP 	New trial (rep=40, index=2): <Trial 162 (2 in rep 40) data={'pos': np.int64(50), 'corr_resp': 'c', 'thisN': 162, 'thisTrialN': 2, 'thisRepN': 40}>
441.6441 	DATA 	Keypress: v
441.6495 	EXP 	Fixation: autoDraw = False
441.6495 	EXP 	line1: autoDraw = False
441.6495 	EXP 	line2: autoDraw = False
441.6495 	EXP 	line3: autoDraw = False
441.6495 	EXP 	line4: autoDraw = False
441.6495 	EXP 	protrianglefixation: autoDraw = False
441.6495 	EXP 	Fixation: autoDraw = True
441.7646 	EXP 	Device response: <KeyPress from None: t=441.63511149999977, value=v, duration=0.12033283300115727>
442.6342 	EXP 	line1: autoDraw = True
442.6342 	EXP 	line2: autoDraw = True
442.6342 	EXP 	line3: autoDraw = True
442.6342 	EXP 	line4: autoDraw = True
442.6456 	EXP 	Fixation: autoDraw = False
443.6357 	INFO 	Keyboard events cleared
443.6356 	EXP 	protrianglefixation: autoDraw = True
444.0134 	EXP 	Device response: <KeyPress from None: t=444.00291329200263, value=c, duration=None>
444.0137 	EXP 	New trial (rep=40, index=3): <Trial 163 (3 in rep 40) data={'pos': np.int64(-150), 'corr_resp': 'z', 'thisN': 163, 'thisTrialN': 3, 'thisRepN': 40}>
444.0165 	DATA 	Keypress: c
444.0201 	EXP 	Fixation: autoDraw = False
444.0201 	EXP 	line1: autoDraw = False
444.0201 	EXP 	line2: autoDraw = False
444.0201 	EXP 	line3: autoDraw = False
444.0201 	EXP 	line4: autoDraw = False
444.0201 	EXP 	protrianglefixation: autoDraw = False
444.0201 	EXP 	Fixation: autoDraw = True
444.1038 	EXP 	Device response: <KeyPress from None: t=444.00291329200263, value=c, duration=0.09634770799311809>
445.0036 	EXP 	line1: autoDraw = True
445.0036 	EXP 	line2: autoDraw = True
445.0036 	EXP 	line3: autoDraw = True
445.0036 	EXP 	line4: autoDraw = True
445.0133 	EXP 	Fixation: autoDraw = False
446.0038 	INFO 	Keyboard events cleared
446.0037 	EXP 	protrianglefixation: autoDraw = True
446.7873 	EXP 	Device response: <KeyPress from None: t=446.7849446670007, value=z, duration=None>
446.7878 	EXP 	New trial (rep=41, index=0): <Trial 164 (0 in rep 41) data={'pos': np.int64(-50), 'corr_resp': 'x', 'thisN': 164, 'thisTrialN': 0, 'thisRepN': 41}>
446.7941 	DATA 	Keypress: z
446.7997 	EXP 	Fixation: autoDraw = False
446.7997 	EXP 	line1: autoDraw = False
446.7997 	EXP 	line2: autoDraw = False
446.7997 	EXP 	line3: autoDraw = False
446.7997 	EXP 	line4: autoDraw = False
446.7997 	EXP 	protrianglefixation: autoDraw = False
446.7997 	EXP 	Fixation: autoDraw = True
446.8648 	EXP 	Device response: <KeyPress from None: t=446.7849446670007, value=z, duration=0.07224991600378416>
447.7866 	EXP 	line1: autoDraw = True
447.7866 	EXP 	line2: autoDraw = True
447.7866 	EXP 	line3: autoDraw = True
447.7866 	EXP 	line4: autoDraw = True
447.7958 	EXP 	Fixation: autoDraw = False
448.7874 	INFO 	Keyboard events cleared
448.7872 	EXP 	protrianglefixation: autoDraw = True
449.4219 	EXP 	Device response: <KeyPress from None: t=449.41592949999904, value=x, duration=None>
449.4227 	EXP 	New trial (rep=41, index=1): <Trial 165 (1 in rep 41) data={'pos': np.int64(150), 'corr_resp': 'v', 'thisN': 165, 'thisTrialN': 1, 'thisRepN': 41}>
449.4289 	DATA 	Keypress: x
449.4338 	EXP 	Fixation: autoDraw = False
449.4338 	EXP 	line1: autoDraw = False
449.4338 	EXP 	line2: autoDraw = False
449.4338 	EXP 	line3: autoDraw = False
449.4338 	EXP 	line4: autoDraw = False
449.4338 	EXP 	protrianglefixation: autoDraw = False
449.4338 	EXP 	Fixation: autoDraw = True
449.4977 	EXP 	Device response: <KeyPress from None: t=449.41592949999904, value=x, duration=0.07628116699925158>
450.4211 	EXP 	line1: autoDraw = True
450.4211 	EXP 	line2: autoDraw = True
450.4211 	EXP 	line3: autoDraw = True
450.4211 	EXP 	line4: autoDraw = True
450.4290 	EXP 	Fixation: autoDraw = False
451.4206 	INFO 	Keyboard events cleared
451.4204 	EXP 	protrianglefixation: autoDraw = True
452.3304 	EXP 	Device response: <KeyPress from None: t=452.3237547919998, value=v, duration=None>
452.3309 	EXP 	New trial (rep=41, index=2): <Trial 166 (2 in rep 41) data={'pos': np.int64(50), 'corr_resp': 'c', 'thisN': 166, 'thisTrialN': 2, 'thisRepN': 41}>
452.3375 	DATA 	Keypress: v
452.3426 	EXP 	Fixation: autoDraw = False
452.3426 	EXP 	line1: autoDraw = False
452.3426 	EXP 	line2: autoDraw = False
452.3426 	EXP 	line3: autoDraw = False
452.3426 	EXP 	line4: autoDraw = False
452.3426 	EXP 	protrianglefixation: autoDraw = False
452.3426 	EXP 	Fixation: autoDraw = True
452.4308 	EXP 	Device response: <KeyPress from None: t=452.3237547919998, value=v, duration=0.10439766600029543>
453.3291 	EXP 	line1: autoDraw = True
453.3291 	EXP 	line2: autoDraw = True
453.3291 	EXP 	line3: autoDraw = True
453.3291 	EXP 	line4: autoDraw = True
453.3365 	EXP 	Fixation: autoDraw = False
454.3292 	INFO 	Keyboard events cleared
454.3290 	EXP 	protrianglefixation: autoDraw = True
455.2970 	EXP 	Device response: <KeyPress from None: t=455.2927681669971, value=c, duration=None>
455.2975 	EXP 	New trial (rep=41, index=3): <Trial 167 (3 in rep 41) data={'pos': np.int64(-150), 'corr_resp': 'z', 'thisN': 167, 'thisTrialN': 3, 'thisRepN': 41}>
455.3041 	DATA 	Keypress: c
455.3094 	EXP 	Fixation: autoDraw = False
455.3094 	EXP 	line1: autoDraw = False
455.3094 	EXP 	line2: autoDraw = False
455.3094 	EXP 	line3: autoDraw = False
455.3094 	EXP 	line4: autoDraw = False
455.3094 	EXP 	protrianglefixation: autoDraw = False
455.3094 	EXP 	Fixation: autoDraw = True
455.4317 	EXP 	Device response: <KeyPress from None: t=455.2927681669971, value=c, duration=0.12838337500579655>
456.2956 	EXP 	line1: autoDraw = True
456.2956 	EXP 	line2: autoDraw = True
456.2956 	EXP 	line3: autoDraw = True
456.2956 	EXP 	line4: autoDraw = True
456.3031 	EXP 	Fixation: autoDraw = False
457.2957 	INFO 	Keyboard events cleared
457.2955 	EXP 	protrianglefixation: autoDraw = True
458.5213 	EXP 	Device response: <KeyPress from None: t=458.5136456670007, value=z, duration=None>
458.5217 	EXP 	New trial (rep=42, index=0): <Trial 168 (0 in rep 42) data={'pos': np.int64(-50), 'corr_resp': 'x', 'thisN': 168, 'thisTrialN': 0, 'thisRepN': 42}>
458.5279 	DATA 	Keypress: z
458.5336 	EXP 	Fixation: autoDraw = False
458.5336 	EXP 	line1: autoDraw = False
458.5336 	EXP 	line2: autoDraw = False
458.5336 	EXP 	line3: autoDraw = False
458.5336 	EXP 	line4: autoDraw = False
458.5336 	EXP 	protrianglefixation: autoDraw = False
458.5336 	EXP 	Fixation: autoDraw = True
458.6203 	EXP 	Device response: <KeyPress from None: t=458.5136456670007, value=z, duration=0.10033229099644814>
459.5211 	EXP 	line1: autoDraw = True
459.5211 	EXP 	line2: autoDraw = True
459.5211 	EXP 	line3: autoDraw = True
459.5211 	EXP 	line4: autoDraw = True
459.5470 	EXP 	Fixation: autoDraw = False
460.5203 	INFO 	Keyboard events cleared
460.5202 	EXP 	protrianglefixation: autoDraw = True
461.3049 	EXP 	Device response: <KeyPress from None: t=461.2975475419953, value=x, duration=None>
461.3054 	EXP 	New trial (rep=42, index=1): <Trial 169 (1 in rep 42) data={'pos': np.int64(150), 'corr_resp': 'v', 'thisN': 169, 'thisTrialN': 1, 'thisRepN': 42}>
461.3115 	DATA 	Keypress: x
461.3168 	EXP 	Fixation: autoDraw = False
461.3168 	EXP 	line1: autoDraw = False
461.3168 	EXP 	line2: autoDraw = False
461.3168 	EXP 	line3: autoDraw = False
461.3168 	EXP 	line4: autoDraw = False
461.3168 	EXP 	protrianglefixation: autoDraw = False
461.3168 	EXP 	Fixation: autoDraw = True
461.3986 	EXP 	Device response: <KeyPress from None: t=461.2975475419953, value=x, duration=0.08833970800333191>
462.3040 	EXP 	line1: autoDraw = True
462.3040 	EXP 	line2: autoDraw = True
462.3040 	EXP 	line3: autoDraw = True
462.3040 	EXP 	line4: autoDraw = True
462.3126 	EXP 	Fixation: autoDraw = False
463.3058 	INFO 	Keyboard events cleared
463.3056 	EXP 	protrianglefixation: autoDraw = True
464.1137 	EXP 	Device response: <KeyPress from None: t=464.10451833299885, value=v, duration=None>
464.1142 	EXP 	New trial (rep=42, index=2): <Trial 170 (2 in rep 42) data={'pos': np.int64(50), 'corr_resp': 'c', 'thisN': 170, 'thisTrialN': 2, 'thisRepN': 42}>
464.1206 	DATA 	Keypress: v
464.1258 	EXP 	Fixation: autoDraw = False
464.1258 	EXP 	line1: autoDraw = False
464.1258 	EXP 	line2: autoDraw = False
464.1258 	EXP 	line3: autoDraw = False
464.1258 	EXP 	line4: autoDraw = False
464.1258 	EXP 	protrianglefixation: autoDraw = False
464.1258 	EXP 	Fixation: autoDraw = True
464.2142 	EXP 	Device response: <KeyPress from None: t=464.10451833299885, value=v, duration=0.10037983399524819>
465.1126 	EXP 	line1: autoDraw = True
465.1126 	EXP 	line2: autoDraw = True
465.1126 	EXP 	line3: autoDraw = True
465.1126 	EXP 	line4: autoDraw = True
465.1200 	EXP 	Fixation: autoDraw = False
466.1126 	INFO 	Keyboard events cleared
466.1124 	EXP 	protrianglefixation: autoDraw = True
466.9816 	EXP 	Device response: <KeyPress from None: t=466.9564931670029, value=c, duration=None>
466.9820 	EXP 	New trial (rep=42, index=3): <Trial 171 (3 in rep 42) data={'pos': np.int64(-150), 'corr_resp': 'z', 'thisN': 171, 'thisTrialN': 3, 'thisRepN': 42}>
466.9884 	DATA 	Keypress: c
466.9956 	EXP 	Fixation: autoDraw = False
466.9956 	EXP 	line1: autoDraw = False
466.9956 	EXP 	line2: autoDraw = False
466.9956 	EXP 	line3: autoDraw = False
466.9956 	EXP 	line4: autoDraw = False
466.9956 	EXP 	protrianglefixation: autoDraw = False
466.9956 	EXP 	Fixation: autoDraw = True
467.0475 	EXP 	Device response: <KeyPress from None: t=466.9564931670029, value=c, duration=0.08030154099105857>
467.9790 	EXP 	line1: autoDraw = True
467.9790 	EXP 	line2: autoDraw = True
467.9790 	EXP 	line3: autoDraw = True
467.9790 	EXP 	line4: autoDraw = True
467.9863 	EXP 	Fixation: autoDraw = False
468.9792 	INFO 	Keyboard events cleared
468.9790 	EXP 	protrianglefixation: autoDraw = True
469.8979 	EXP 	Device response: <KeyPress from None: t=469.8904319580033, value=z, duration=None>
469.8984 	EXP 	New trial (rep=43, index=0): <Trial 172 (0 in rep 43) data={'pos': np.int64(-50), 'corr_resp': 'x', 'thisN': 172, 'thisTrialN': 0, 'thisRepN': 43}>
469.9047 	DATA 	Keypress: z
469.9101 	EXP 	Fixation: autoDraw = False
469.9101 	EXP 	line1: autoDraw = False
469.9101 	EXP 	line2: autoDraw = False
469.9101 	EXP 	line3: autoDraw = False
469.9101 	EXP 	line4: autoDraw = False
469.9101 	EXP 	protrianglefixation: autoDraw = False
469.9101 	EXP 	Fixation: autoDraw = True
469.9855 	EXP 	Device response: <KeyPress from None: t=469.8904319580033, value=z, duration=0.09266545900027268>
470.8959 	EXP 	line1: autoDraw = True
470.8959 	EXP 	line2: autoDraw = True
470.8959 	EXP 	line3: autoDraw = True
470.8959 	EXP 	line4: autoDraw = True
470.9024 	EXP 	Fixation: autoDraw = False
471.8960 	INFO 	Keyboard events cleared
471.8959 	EXP 	protrianglefixation: autoDraw = True
472.7804 	EXP 	Device response: <KeyPress from None: t=472.77031441699364, value=x, duration=None>
472.7809 	EXP 	New trial (rep=43, index=1): <Trial 173 (1 in rep 43) data={'pos': np.int64(150), 'corr_resp': 'v', 'thisN': 173, 'thisTrialN': 1, 'thisRepN': 43}>
472.7873 	DATA 	Keypress: x
472.7925 	EXP 	Fixation: autoDraw = False
472.7925 	EXP 	line1: autoDraw = False
472.7925 	EXP 	line2: autoDraw = False
472.7925 	EXP 	line3: autoDraw = False
472.7925 	EXP 	line4: autoDraw = False
472.7925 	EXP 	protrianglefixation: autoDraw = False
472.7925 	EXP 	Fixation: autoDraw = True
472.8804 	EXP 	Device response: <KeyPress from None: t=472.77031441699364, value=x, duration=0.10436979100632016>
473.7789 	EXP 	line1: autoDraw = True
473.7789 	EXP 	line2: autoDraw = True
473.7789 	EXP 	line3: autoDraw = True
473.7789 	EXP 	line4: autoDraw = True
473.7862 	EXP 	Fixation: autoDraw = False
474.7790 	INFO 	Keyboard events cleared
474.7788 	EXP 	protrianglefixation: autoDraw = True
475.1208 	EXP 	Device response: <KeyPress from None: t=475.1162887499959, value=v, duration=None>
475.1212 	EXP 	New trial (rep=43, index=2): <Trial 174 (2 in rep 43) data={'pos': np.int64(50), 'corr_resp': 'c', 'thisN': 174, 'thisTrialN': 2, 'thisRepN': 43}>
475.1271 	DATA 	Keypress: v
475.1331 	EXP 	Fixation: autoDraw = False
475.1331 	EXP 	line1: autoDraw = False
475.1331 	EXP 	line2: autoDraw = False
475.1331 	EXP 	line3: autoDraw = False
475.1331 	EXP 	line4: autoDraw = False
475.1331 	EXP 	protrianglefixation: autoDraw = False
475.1331 	EXP 	Fixation: autoDraw = True
475.2314 	EXP 	Device response: <KeyPress from None: t=475.1162887499959, value=v, duration=0.11233066700515337>
476.1200 	EXP 	line1: autoDraw = True
476.1200 	EXP 	line2: autoDraw = True
476.1200 	EXP 	line3: autoDraw = True
476.1200 	EXP 	line4: autoDraw = True
476.1291 	EXP 	Fixation: autoDraw = False
477.1200 	INFO 	Keyboard events cleared
477.1198 	EXP 	protrianglefixation: autoDraw = True
477.5209 	EXP 	Device response: <KeyPress from None: t=477.5161336250021, value=c, duration=None>
477.5213 	EXP 	New trial (rep=43, index=3): <Trial 175 (3 in rep 43) data={'pos': np.int64(-150), 'corr_resp': 'z', 'thisN': 175, 'thisTrialN': 3, 'thisRepN': 43}>
477.5271 	DATA 	Keypress: c
477.5323 	EXP 	Fixation: autoDraw = False
477.5323 	EXP 	line1: autoDraw = False
477.5323 	EXP 	line2: autoDraw = False
477.5323 	EXP 	line3: autoDraw = False
477.5323 	EXP 	line4: autoDraw = False
477.5323 	EXP 	protrianglefixation: autoDraw = False
477.5323 	EXP 	Fixation: autoDraw = True
477.6475 	EXP 	Device response: <KeyPress from None: t=477.5161336250021, value=c, duration=0.12439837500278372>
478.5207 	EXP 	line1: autoDraw = True
478.5207 	EXP 	line2: autoDraw = True
478.5207 	EXP 	line3: autoDraw = True
478.5207 	EXP 	line4: autoDraw = True
478.5303 	EXP 	Fixation: autoDraw = False
479.5124 	INFO 	Keyboard events cleared
479.5122 	EXP 	protrianglefixation: autoDraw = True
479.8046 	EXP 	Device response: <KeyPress from None: t=479.79921837500297, value=z, duration=None>
479.8050 	EXP 	New trial (rep=44, index=0): <Trial 176 (0 in rep 44) data={'pos': np.int64(-50), 'corr_resp': 'x', 'thisN': 176, 'thisTrialN': 0, 'thisRepN': 44}>
479.8105 	DATA 	Keypress: z
479.8158 	EXP 	Fixation: autoDraw = False
479.8158 	EXP 	line1: autoDraw = False
479.8158 	EXP 	line2: autoDraw = False
479.8158 	EXP 	line3: autoDraw = False
479.8158 	EXP 	line4: autoDraw = False
479.8158 	EXP 	protrianglefixation: autoDraw = False
479.8158 	EXP 	Fixation: autoDraw = True
479.8978 	EXP 	Device response: <KeyPress from None: t=479.79921837500297, value=z, duration=0.08819337499153335>
480.7955 	EXP 	line1: autoDraw = True
480.7955 	EXP 	line2: autoDraw = True
480.7955 	EXP 	line3: autoDraw = True
480.7955 	EXP 	line4: autoDraw = True
480.8124 	EXP 	Fixation: autoDraw = False
481.8036 	INFO 	Keyboard events cleared
481.8034 	EXP 	protrianglefixation: autoDraw = True
482.1136 	EXP 	Device response: <KeyPress from None: t=482.1070821250032, value=x, duration=None>
482.1141 	EXP 	New trial (rep=44, index=1): <Trial 177 (1 in rep 44) data={'pos': np.int64(150), 'corr_resp': 'v', 'thisN': 177, 'thisTrialN': 1, 'thisRepN': 44}>
482.1200 	DATA 	Keypress: x
482.1248 	EXP 	Fixation: autoDraw = False
482.1248 	EXP 	line1: autoDraw = False
482.1248 	EXP 	line2: autoDraw = False
482.1248 	EXP 	line3: autoDraw = False
482.1248 	EXP 	line4: autoDraw = False
482.1248 	EXP 	protrianglefixation: autoDraw = False
482.1248 	EXP 	Fixation: autoDraw = True
482.1970 	EXP 	Device response: <KeyPress from None: t=482.1070821250032, value=x, duration=0.0843826249911217>
483.1304 	EXP 	Fixation: autoDraw = False
483.1304 	EXP 	line1: autoDraw = True
483.1304 	EXP 	line2: autoDraw = True
483.1304 	EXP 	line3: autoDraw = True
483.1304 	EXP 	line4: autoDraw = True
484.1125 	INFO 	Keyboard events cleared
484.1123 	EXP 	protrianglefixation: autoDraw = True
485.2712 	EXP 	Device response: <KeyPress from None: t=485.26514454200515, value=v, duration=None>
485.2716 	EXP 	New trial (rep=44, index=2): <Trial 178 (2 in rep 44) data={'pos': np.int64(50), 'corr_resp': 'c', 'thisN': 178, 'thisTrialN': 2, 'thisRepN': 44}>
485.2774 	DATA 	Keypress: v
485.2830 	EXP 	Fixation: autoDraw = False
485.2830 	EXP 	line1: autoDraw = False
485.2830 	EXP 	line2: autoDraw = False
485.2830 	EXP 	line3: autoDraw = False
485.2830 	EXP 	line4: autoDraw = False
485.2830 	EXP 	protrianglefixation: autoDraw = False
485.2830 	EXP 	Fixation: autoDraw = True
485.3807 	EXP 	Device response: <KeyPress from None: t=485.26514454200515, value=v, duration=0.10422995800036006>
486.2706 	EXP 	line1: autoDraw = True
486.2706 	EXP 	line2: autoDraw = True
486.2706 	EXP 	line3: autoDraw = True
486.2706 	EXP 	line4: autoDraw = True
486.2799 	EXP 	Fixation: autoDraw = False
487.2702 	INFO 	Keyboard events cleared
487.2701 	EXP 	protrianglefixation: autoDraw = True
487.7045 	EXP 	Device response: <KeyPress from None: t=487.7009697080066, value=c, duration=None>
487.7051 	EXP 	New trial (rep=44, index=3): <Trial 179 (3 in rep 44) data={'pos': np.int64(-150), 'corr_resp': 'z', 'thisN': 179, 'thisTrialN': 3, 'thisRepN': 44}>
487.7110 	DATA 	Keypress: c
487.7164 	EXP 	Fixation: autoDraw = False
487.7164 	EXP 	line1: autoDraw = False
487.7164 	EXP 	line2: autoDraw = False
487.7164 	EXP 	line3: autoDraw = False
487.7164 	EXP 	line4: autoDraw = False
487.7164 	EXP 	protrianglefixation: autoDraw = False
487.7164 	EXP 	Fixation: autoDraw = True
487.8641 	EXP 	Device response: <KeyPress from None: t=487.7009697080066, value=c, duration=0.15235483399010263>
488.7034 	EXP 	line1: autoDraw = True
488.7034 	EXP 	line2: autoDraw = True
488.7034 	EXP 	line3: autoDraw = True
488.7034 	EXP 	line4: autoDraw = True
488.7125 	EXP 	Fixation: autoDraw = False
489.7140 	INFO 	Keyboard events cleared
489.7138 	EXP 	protrianglefixation: autoDraw = True
490.0712 	EXP 	Device response: <KeyPress from None: t=490.06491379199724, value=z, duration=None>
490.0717 	EXP 	New trial (rep=45, index=0): <Trial 180 (0 in rep 45) data={'pos': np.int64(-50), 'corr_resp': 'x', 'thisN': 180, 'thisTrialN': 0, 'thisRepN': 45}>
490.0773 	DATA 	Keypress: z
490.0831 	EXP 	Fixation: autoDraw = False
490.0831 	EXP 	line1: autoDraw = False
490.0831 	EXP 	line2: autoDraw = False
490.0831 	EXP 	line3: autoDraw = False
490.0831 	EXP 	line4: autoDraw = False
490.0831 	EXP 	protrianglefixation: autoDraw = False
490.0831 	EXP 	Fixation: autoDraw = True
490.1979 	EXP 	Device response: <KeyPress from None: t=490.06491379199724, value=z, duration=0.12866904100519605>
491.0805 	EXP 	line1: autoDraw = True
491.0805 	EXP 	line2: autoDraw = True
491.0805 	EXP 	line3: autoDraw = True
491.0805 	EXP 	line4: autoDraw = True
491.0872 	EXP 	Fixation: autoDraw = False
492.0710 	INFO 	Keyboard events cleared
492.0709 	EXP 	protrianglefixation: autoDraw = True
492.4138 	EXP 	Device response: <KeyPress from None: t=492.4038680829981, value=x, duration=None>
492.4144 	EXP 	New trial (rep=45, index=1): <Trial 181 (1 in rep 45) data={'pos': np.int64(150), 'corr_resp': 'v', 'thisN': 181, 'thisTrialN': 1, 'thisRepN': 45}>
492.4205 	DATA 	Keypress: x
492.4256 	EXP 	Fixation: autoDraw = False
492.4256 	EXP 	line1: autoDraw = False
492.4256 	EXP 	line2: autoDraw = False
492.4256 	EXP 	line3: autoDraw = False
492.4256 	EXP 	line4: autoDraw = False
492.4256 	EXP 	protrianglefixation: autoDraw = False
492.4256 	EXP 	Fixation: autoDraw = True
492.5376 	EXP 	Device response: <KeyPress from None: t=492.4038680829981, value=x, duration=0.13228262499615084>
493.4124 	EXP 	line1: autoDraw = True
493.4124 	EXP 	line2: autoDraw = True
493.4124 	EXP 	line3: autoDraw = True
493.4124 	EXP 	line4: autoDraw = True
493.4197 	EXP 	Fixation: autoDraw = False
494.4125 	INFO 	Keyboard events cleared
494.4123 	EXP 	protrianglefixation: autoDraw = True
494.8136 	EXP 	Device response: <KeyPress from None: t=494.8077510830044, value=v, duration=None>
494.8140 	EXP 	New trial (rep=45, index=2): <Trial 182 (2 in rep 45) data={'pos': np.int64(50), 'corr_resp': 'c', 'thisN': 182, 'thisTrialN': 2, 'thisRepN': 45}>
494.8198 	DATA 	Keypress: v
494.8246 	EXP 	Fixation: autoDraw = False
494.8246 	EXP 	line1: autoDraw = False
494.8246 	EXP 	line2: autoDraw = False
494.8246 	EXP 	line3: autoDraw = False
494.8246 	EXP 	line4: autoDraw = False
494.8246 	EXP 	protrianglefixation: autoDraw = False
494.8246 	EXP 	Fixation: autoDraw = True
494.9477 	EXP 	Device response: <KeyPress from None: t=494.8077510830044, value=v, duration=0.13247199999750592>
495.8122 	EXP 	line1: autoDraw = True
495.8122 	EXP 	line2: autoDraw = True
495.8122 	EXP 	line3: autoDraw = True
495.8122 	EXP 	line4: autoDraw = True
495.8199 	EXP 	Fixation: autoDraw = False
496.8124 	INFO 	Keyboard events cleared
496.8122 	EXP 	protrianglefixation: autoDraw = True
497.2208 	EXP 	Device response: <KeyPress from None: t=497.21680704200116, value=c, duration=None>
497.2214 	EXP 	New trial (rep=45, index=3): <Trial 183 (3 in rep 45) data={'pos': np.int64(-150), 'corr_resp': 'z', 'thisN': 183, 'thisTrialN': 3, 'thisRepN': 45}>
497.2272 	DATA 	Keypress: c
497.2331 	EXP 	Fixation: autoDraw = False
497.2331 	EXP 	line1: autoDraw = False
497.2331 	EXP 	line2: autoDraw = False
497.2331 	EXP 	line3: autoDraw = False
497.2331 	EXP 	line4: autoDraw = False
497.2331 	EXP 	protrianglefixation: autoDraw = False
497.2331 	EXP 	Fixation: autoDraw = True
497.3809 	EXP 	Device response: <KeyPress from None: t=497.21680704200116, value=c, duration=0.16017062499304302>
498.2204 	EXP 	line1: autoDraw = True
498.2204 	EXP 	line2: autoDraw = True
498.2204 	EXP 	line3: autoDraw = True
498.2204 	EXP 	line4: autoDraw = True
498.2291 	EXP 	Fixation: autoDraw = False
499.2200 	INFO 	Keyboard events cleared
499.2199 	EXP 	protrianglefixation: autoDraw = True
499.6045 	EXP 	Device response: <KeyPress from None: t=499.59876979200635, value=z, duration=None>
499.6049 	EXP 	New trial (rep=46, index=0): <Trial 184 (0 in rep 46) data={'pos': np.int64(-50), 'corr_resp': 'x', 'thisN': 184, 'thisTrialN': 0, 'thisRepN': 46}>
499.6107 	DATA 	Keypress: z
499.6165 	EXP 	Fixation: autoDraw = False
499.6165 	EXP 	line1: autoDraw = False
499.6165 	EXP 	line2: autoDraw = False
499.6165 	EXP 	line3: autoDraw = False
499.6165 	EXP 	line4: autoDraw = False
499.6165 	EXP 	protrianglefixation: autoDraw = False
499.6165 	EXP 	Fixation: autoDraw = True
499.6970 	EXP 	Device response: <KeyPress from None: t=499.59876979200635, value=z, duration=0.09623095799179282>
500.6042 	EXP 	line1: autoDraw = True
500.6042 	EXP 	line2: autoDraw = True
500.6042 	EXP 	line3: autoDraw = True
500.6042 	EXP 	line4: autoDraw = True
500.6306 	EXP 	Fixation: autoDraw = False
501.6033 	INFO 	Keyboard events cleared
501.6031 	EXP 	protrianglefixation: autoDraw = True
501.9542 	EXP 	Device response: <KeyPress from None: t=501.9475824999972, value=x, duration=None>
501.9546 	EXP 	New trial (rep=46, index=1): <Trial 185 (1 in rep 46) data={'pos': np.int64(150), 'corr_resp': 'v', 'thisN': 185, 'thisTrialN': 1, 'thisRepN': 46}>
501.9603 	DATA 	Keypress: x
501.9658 	EXP 	Fixation: autoDraw = False
501.9658 	EXP 	line1: autoDraw = False
501.9658 	EXP 	line2: autoDraw = False
501.9658 	EXP 	line3: autoDraw = False
501.9658 	EXP 	line4: autoDraw = False
501.9658 	EXP 	protrianglefixation: autoDraw = False
501.9658 	EXP 	Fixation: autoDraw = True
502.0702 	EXP 	Device response: <KeyPress from None: t=501.9475824999972, value=x, duration=0.1203436670039082>
502.9459 	EXP 	line1: autoDraw = True
502.9459 	EXP 	line2: autoDraw = True
502.9459 	EXP 	line3: autoDraw = True
502.9459 	EXP 	line4: autoDraw = True
502.9623 	EXP 	Fixation: autoDraw = False
503.9531 	INFO 	Keyboard events cleared
503.9530 	EXP 	protrianglefixation: autoDraw = True
504.3137 	EXP 	Device response: <KeyPress from None: t=504.30348550000053, value=v, duration=None>
504.3141 	EXP 	New trial (rep=46, index=2): <Trial 186 (2 in rep 46) data={'pos': np.int64(50), 'corr_resp': 'c', 'thisN': 186, 'thisTrialN': 2, 'thisRepN': 46}>
504.3201 	DATA 	Keypress: v
504.3249 	EXP 	Fixation: autoDraw = False
504.3249 	EXP 	line1: autoDraw = False
504.3249 	EXP 	line2: autoDraw = False
504.3249 	EXP 	line3: autoDraw = False
504.3249 	EXP 	line4: autoDraw = False
504.3249 	EXP 	protrianglefixation: autoDraw = False
504.3249 	EXP 	Fixation: autoDraw = True
504.4545 	EXP 	Device response: <KeyPress from None: t=504.30348550000053, value=v, duration=0.1443838749983115>
505.3053 	EXP 	line1: autoDraw = True
505.3053 	EXP 	line2: autoDraw = True
505.3053 	EXP 	line3: autoDraw = True
505.3053 	EXP 	line4: autoDraw = True
505.3471 	EXP 	Fixation: autoDraw = False
506.3124 	INFO 	Keyboard events cleared
506.3122 	EXP 	protrianglefixation: autoDraw = True
506.6207 	EXP 	Device response: <KeyPress from None: t=506.61351366700546, value=c, duration=None>
506.6211 	EXP 	New trial (rep=46, index=3): <Trial 187 (3 in rep 46) data={'pos': np.int64(-150), 'corr_resp': 'z', 'thisN': 187, 'thisTrialN': 3, 'thisRepN': 46}>
506.6267 	DATA 	Keypress: c
506.6329 	EXP 	Fixation: autoDraw = False
506.6329 	EXP 	line1: autoDraw = False
506.6329 	EXP 	line2: autoDraw = False
506.6329 	EXP 	line3: autoDraw = False
506.6329 	EXP 	line4: autoDraw = False
506.6329 	EXP 	protrianglefixation: autoDraw = False
506.6329 	EXP 	Fixation: autoDraw = True
506.7473 	EXP 	Device response: <KeyPress from None: t=506.61351366700546, value=c, duration=0.12840141599008348>
507.6123 	EXP 	line1: autoDraw = True
507.6123 	EXP 	line2: autoDraw = True
507.6123 	EXP 	line3: autoDraw = True
507.6123 	EXP 	line4: autoDraw = True
507.6291 	EXP 	Fixation: autoDraw = False
508.6122 	INFO 	Keyboard events cleared
508.6121 	EXP 	protrianglefixation: autoDraw = True
509.1468 	EXP 	Device response: <KeyPress from None: t=509.14384808299656, value=z, duration=None>
509.1472 	EXP 	New trial (rep=47, index=0): <Trial 188 (0 in rep 47) data={'pos': np.int64(-50), 'corr_resp': 'x', 'thisN': 188, 'thisTrialN': 0, 'thisRepN': 47}>
509.1530 	DATA 	Keypress: z
509.1580 	EXP 	Fixation: autoDraw = False
509.1580 	EXP 	line1: autoDraw = False
509.1580 	EXP 	line2: autoDraw = False
509.1580 	EXP 	line3: autoDraw = False
509.1580 	EXP 	line4: autoDraw = False
509.1580 	EXP 	protrianglefixation: autoDraw = False
509.1580 	EXP 	Fixation: autoDraw = True
509.2306 	EXP 	Device response: <KeyPress from None: t=509.14384808299656, value=z, duration=0.08082550000108313>
510.1456 	EXP 	line1: autoDraw = True
510.1456 	EXP 	line2: autoDraw = True
510.1456 	EXP 	line3: autoDraw = True
510.1456 	EXP 	line4: autoDraw = True
510.1530 	EXP 	Fixation: autoDraw = False
511.1457 	INFO 	Keyboard events cleared
511.1455 	EXP 	protrianglefixation: autoDraw = True
511.4303 	EXP 	Device response: <KeyPress from None: t=511.4224499580014, value=x, duration=None>
511.4308 	EXP 	New trial (rep=47, index=1): <Trial 189 (1 in rep 47) data={'pos': np.int64(150), 'corr_resp': 'v', 'thisN': 189, 'thisTrialN': 1, 'thisRepN': 47}>
511.4375 	DATA 	Keypress: x
511.4423 	EXP 	Fixation: autoDraw = False
511.4423 	EXP 	line1: autoDraw = False
511.4423 	EXP 	line2: autoDraw = False
511.4423 	EXP 	line3: autoDraw = False
511.4423 	EXP 	line4: autoDraw = False
511.4423 	EXP 	protrianglefixation: autoDraw = False
511.4423 	EXP 	Fixation: autoDraw = True
511.5202 	EXP 	Device response: <KeyPress from None: t=511.4224499580014, value=x, duration=0.09236391699232627>
512.4296 	EXP 	line1: autoDraw = True
512.4296 	EXP 	line2: autoDraw = True
512.4296 	EXP 	line3: autoDraw = True
512.4296 	EXP 	line4: autoDraw = True
512.4366 	EXP 	Fixation: autoDraw = False
513.4290 	INFO 	Keyboard events cleared
513.4288 	EXP 	protrianglefixation: autoDraw = True
513.8306 	EXP 	Device response: <KeyPress from None: t=513.8244101669989, value=v, duration=None>
513.8312 	EXP 	New trial (rep=47, index=2): <Trial 190 (2 in rep 47) data={'pos': np.int64(50), 'corr_resp': 'c', 'thisN': 190, 'thisTrialN': 2, 'thisRepN': 47}>
513.8374 	DATA 	Keypress: v
513.8424 	EXP 	Fixation: autoDraw = False
513.8424 	EXP 	line1: autoDraw = False
513.8424 	EXP 	line2: autoDraw = False
513.8424 	EXP 	line3: autoDraw = False
513.8424 	EXP 	line4: autoDraw = False
513.8424 	EXP 	protrianglefixation: autoDraw = False
513.8424 	EXP 	Fixation: autoDraw = True
513.9640 	EXP 	Device response: <KeyPress from None: t=513.8244101669989, value=v, duration=0.1322959160024766>
514.8289 	EXP 	line1: autoDraw = True
514.8289 	EXP 	line2: autoDraw = True
514.8289 	EXP 	line3: autoDraw = True
514.8289 	EXP 	line4: autoDraw = True
514.8361 	EXP 	Fixation: autoDraw = False
515.8291 	INFO 	Keyboard events cleared
515.8289 	EXP 	protrianglefixation: autoDraw = True
516.1376 	EXP 	Device response: <KeyPress from None: t=516.1333076250012, value=c, duration=None>
516.1380 	EXP 	New trial (rep=47, index=3): <Trial 191 (3 in rep 47) data={'pos': np.int64(-150), 'corr_resp': 'z', 'thisN': 191, 'thisTrialN': 3, 'thisRepN': 47}>
516.1435 	DATA 	Keypress: c
516.1488 	EXP 	Fixation: autoDraw = False
516.1488 	EXP 	line1: autoDraw = False
516.1488 	EXP 	line2: autoDraw = False
516.1488 	EXP 	line3: autoDraw = False
516.1488 	EXP 	line4: autoDraw = False
516.1488 	EXP 	protrianglefixation: autoDraw = False
516.1488 	EXP 	Fixation: autoDraw = True
516.3204 	EXP 	Device response: <KeyPress from None: t=516.1333076250012, value=c, duration=0.1842757919948781>
517.1367 	EXP 	line1: autoDraw = True
517.1367 	EXP 	line2: autoDraw = True
517.1367 	EXP 	line3: autoDraw = True
517.1367 	EXP 	line4: autoDraw = True
517.1456 	EXP 	Fixation: autoDraw = False
518.1373 	INFO 	Keyboard events cleared
518.1371 	EXP 	protrianglefixation: autoDraw = True
518.4709 	EXP 	Device response: <KeyPress from None: t=518.4671789580025, value=z, duration=None>
518.4715 	EXP 	New trial (rep=48, index=0): <Trial 192 (0 in rep 48) data={'pos': np.int64(-50), 'corr_resp': 'x', 'thisN': 192, 'thisTrialN': 0, 'thisRepN': 48}>
518.4776 	DATA 	Keypress: z
518.4830 	EXP 	Fixation: autoDraw = False
518.4830 	EXP 	line1: autoDraw = False
518.4830 	EXP 	line2: autoDraw = False
518.4830 	EXP 	line3: autoDraw = False
518.4830 	EXP 	line4: autoDraw = False
518.4830 	EXP 	protrianglefixation: autoDraw = False
518.4830 	EXP 	Fixation: autoDraw = True
518.5825 	EXP 	Device response: <KeyPress from None: t=518.4671789580025, value=z, duration=0.1124311250023311>
519.4703 	EXP 	line1: autoDraw = True
519.4703 	EXP 	line2: autoDraw = True
519.4703 	EXP 	line3: autoDraw = True
519.4703 	EXP 	line4: autoDraw = True
519.4791 	EXP 	Fixation: autoDraw = False
520.4700 	INFO 	Keyboard events cleared
520.4698 	EXP 	protrianglefixation: autoDraw = True
520.8304 	EXP 	Device response: <KeyPress from None: t=520.8212152920023, value=x, duration=None>
520.8308 	EXP 	New trial (rep=48, index=1): <Trial 193 (1 in rep 48) data={'pos': np.int64(150), 'corr_resp': 'v', 'thisN': 193, 'thisTrialN': 1, 'thisRepN': 48}>
520.8359 	DATA 	Keypress: x
520.8403 	EXP 	Fixation: autoDraw = False
520.8403 	EXP 	line1: autoDraw = False
520.8403 	EXP 	line2: autoDraw = False
520.8403 	EXP 	line3: autoDraw = False
520.8403 	EXP 	line4: autoDraw = False
520.8403 	EXP 	protrianglefixation: autoDraw = False
520.8403 	EXP 	Fixation: autoDraw = True
520.9652 	EXP 	Device response: <KeyPress from None: t=520.8212152920023, value=x, duration=0.13229637499898672>
521.8211 	EXP 	line1: autoDraw = True
521.8211 	EXP 	line2: autoDraw = True
521.8211 	EXP 	line3: autoDraw = True
521.8211 	EXP 	line4: autoDraw = True
521.8637 	EXP 	Fixation: autoDraw = False
522.8290 	INFO 	Keyboard events cleared
522.8288 	EXP 	protrianglefixation: autoDraw = True
523.1710 	EXP 	Device response: <KeyPress from None: t=523.1631327500072, value=v, duration=None>
523.1715 	EXP 	New trial (rep=48, index=2): <Trial 194 (2 in rep 48) data={'pos': np.int64(50), 'corr_resp': 'c', 'thisN': 194, 'thisTrialN': 2, 'thisRepN': 48}>
523.1766 	DATA 	Keypress: v
523.1827 	EXP 	Fixation: autoDraw = False
523.1827 	EXP 	line1: autoDraw = False
523.1827 	EXP 	line2: autoDraw = False
523.1827 	EXP 	line3: autoDraw = False
523.1827 	EXP 	line4: autoDraw = False
523.1827 	EXP 	protrianglefixation: autoDraw = False
523.1827 	EXP 	Fixation: autoDraw = True
523.3206 	EXP 	Device response: <KeyPress from None: t=523.1631327500072, value=v, duration=0.15222749998793006>
524.1805 	EXP 	line1: autoDraw = True
524.1805 	EXP 	line2: autoDraw = True
524.1805 	EXP 	line3: autoDraw = True
524.1805 	EXP 	line4: autoDraw = True
524.1873 	EXP 	Fixation: autoDraw = False
525.1707 	INFO 	Keyboard events cleared
525.1706 	EXP 	protrianglefixation: autoDraw = True
525.5803 	EXP 	Device response: <KeyPress from None: t=525.576106833003, value=c, duration=None>
525.5808 	EXP 	New trial (rep=48, index=3): <Trial 195 (3 in rep 48) data={'pos': np.int64(-150), 'corr_resp': 'z', 'thisN': 195, 'thisTrialN': 3, 'thisRepN': 48}>
525.5864 	DATA 	Keypress: c
525.5913 	EXP 	Fixation: autoDraw = False
525.5913 	EXP 	line1: autoDraw = False
525.5913 	EXP 	line2: autoDraw = False
525.5913 	EXP 	line3: autoDraw = False
525.5913 	EXP 	line4: autoDraw = False
525.5913 	EXP 	protrianglefixation: autoDraw = False
525.5913 	EXP 	Fixation: autoDraw = True
525.7148 	EXP 	Device response: <KeyPress from None: t=525.576106833003, value=c, duration=0.13235137499577831>
526.5791 	EXP 	line1: autoDraw = True
526.5791 	EXP 	line2: autoDraw = True
526.5791 	EXP 	line3: autoDraw = True
526.5791 	EXP 	line4: autoDraw = True
526.5867 	EXP 	Fixation: autoDraw = False
527.5790 	INFO 	Keyboard events cleared
527.5788 	EXP 	protrianglefixation: autoDraw = True
528.3376 	EXP 	Device response: <KeyPress from None: t=528.3299214169965, value=z, duration=None>
528.3381 	EXP 	New trial (rep=49, index=0): <Trial 196 (0 in rep 49) data={'pos': np.int64(-50), 'corr_resp': 'x', 'thisN': 196, 'thisTrialN': 0, 'thisRepN': 49}>
528.3435 	DATA 	Keypress: z
528.3493 	EXP 	Fixation: autoDraw = False
528.3493 	EXP 	line1: autoDraw = False
528.3493 	EXP 	line2: autoDraw = False
528.3493 	EXP 	line3: autoDraw = False
528.3493 	EXP 	line4: autoDraw = False
528.3493 	EXP 	protrianglefixation: autoDraw = False
528.3493 	EXP 	Fixation: autoDraw = True
528.4479 	EXP 	Device response: <KeyPress from None: t=528.3299214169965, value=z, duration=0.11242370800755452>
529.3369 	EXP 	line1: autoDraw = True
529.3369 	EXP 	line2: autoDraw = True
529.3369 	EXP 	line3: autoDraw = True
529.3369 	EXP 	line4: autoDraw = True
529.3458 	EXP 	Fixation: autoDraw = False
530.3369 	INFO 	Keyboard events cleared
530.3367 	EXP 	protrianglefixation: autoDraw = True
531.2546 	EXP 	Device response: <KeyPress from None: t=531.2528988330014, value=x, duration=None>
531.2552 	EXP 	New trial (rep=49, index=1): <Trial 197 (1 in rep 49) data={'pos': np.int64(150), 'corr_resp': 'v', 'thisN': 197, 'thisTrialN': 1, 'thisRepN': 49}>
531.2610 	DATA 	Keypress: x
531.2664 	EXP 	Fixation: autoDraw = False
531.2664 	EXP 	line1: autoDraw = False
531.2664 	EXP 	line2: autoDraw = False
531.2664 	EXP 	line3: autoDraw = False
531.2664 	EXP 	line4: autoDraw = False
531.2664 	EXP 	protrianglefixation: autoDraw = False
531.2664 	EXP 	Fixation: autoDraw = True
531.3640 	EXP 	Device response: <KeyPress from None: t=531.2528988330014, value=x, duration=0.10846245900029317>
532.2538 	EXP 	line1: autoDraw = True
532.2538 	EXP 	line2: autoDraw = True
532.2538 	EXP 	line3: autoDraw = True
532.2538 	EXP 	line4: autoDraw = True
532.2624 	EXP 	Fixation: autoDraw = False
533.2546 	INFO 	Keyboard events cleared
533.2544 	EXP 	protrianglefixation: autoDraw = True
533.6636 	EXP 	Device response: <KeyPress from None: t=533.6538767919992, value=v, duration=None>
533.6640 	EXP 	New trial (rep=49, index=2): <Trial 198 (2 in rep 49) data={'pos': np.int64(50), 'corr_resp': 'c', 'thisN': 198, 'thisTrialN': 2, 'thisRepN': 49}>
533.6696 	DATA 	Keypress: v
533.6748 	EXP 	Fixation: autoDraw = False
533.6748 	EXP 	line1: autoDraw = False
533.6748 	EXP 	line2: autoDraw = False
533.6748 	EXP 	line3: autoDraw = False
533.6748 	EXP 	line4: autoDraw = False
533.6748 	EXP 	protrianglefixation: autoDraw = False
533.6748 	EXP 	Fixation: autoDraw = True
533.7645 	EXP 	Device response: <KeyPress from None: t=533.6538767919992, value=v, duration=0.10432891600066796>
534.6622 	EXP 	line1: autoDraw = True
534.6622 	EXP 	line2: autoDraw = True
534.6622 	EXP 	line3: autoDraw = True
534.6622 	EXP 	line4: autoDraw = True
534.6697 	EXP 	Fixation: autoDraw = False
535.6625 	INFO 	Keyboard events cleared
535.6623 	EXP 	protrianglefixation: autoDraw = True
536.5306 	EXP 	Device response: <KeyPress from None: t=536.5278587920038, value=c, duration=None>
536.5312 	EXP 	New trial (rep=49, index=3): <Trial 199 (3 in rep 49) data={'pos': np.int64(-150), 'corr_resp': 'z', 'thisN': 199, 'thisTrialN': 3, 'thisRepN': 49}>
536.5370 	DATA 	Keypress: c
536.5420 	EXP 	Fixation: autoDraw = False
536.5420 	EXP 	line1: autoDraw = False
536.5420 	EXP 	line2: autoDraw = False
536.5420 	EXP 	line3: autoDraw = False
536.5420 	EXP 	line4: autoDraw = False
536.5420 	EXP 	protrianglefixation: autoDraw = False
536.5420 	EXP 	Fixation: autoDraw = True
536.6382 	EXP 	Device response: <KeyPress from None: t=536.5278587920038, value=c, duration=0.10899379100010265>
537.5289 	EXP 	line1: autoDraw = True
537.5289 	EXP 	line2: autoDraw = True
537.5289 	EXP 	line3: autoDraw = True
537.5289 	EXP 	line4: autoDraw = True
537.5368 	EXP 	Fixation: autoDraw = False
538.5291 	INFO 	Keyboard events cleared
538.5289 	EXP 	protrianglefixation: autoDraw = True
538.8805 	EXP 	Device response: <KeyPress from None: t=538.8788497500063, value=z, duration=None>
538.9218 	EXP 	Imported /Users/urvashibhansali/Documents/AU (1-4 years) /3rd Year/Semester 5 Monsoon 25-26/Lab in Psychology PSY310/Lab Reports/Motor Sequential Task/Visual variables.csv as conditions, 4 conditions, 2 params
538.9286 	EXP 	New trial (rep=0, index=0): <Trial 0 (0 in rep 0) data={'pos': np.int64(-50), 'corr_resp': 'x', 'thisN': 0, 'thisTrialN': 0, 'thisRepN': 0}>
538.9348 	DATA 	Keypress: z
538.9391 	EXP 	Fixation: autoDraw = False
538.9391 	EXP 	line1: autoDraw = False
538.9391 	EXP 	line2: autoDraw = False
538.9391 	EXP 	line3: autoDraw = False
538.9391 	EXP 	line4: autoDraw = False
538.9391 	EXP 	protrianglefixation: autoDraw = False
538.9391 	EXP 	Fixation_2: autoDraw = True
539.0335 	EXP 	Device response: <KeyPress from None: t=538.8788497500063, value=z, duration=0.15226920798886567>
539.8745 	EXP 	line1_2: autoDraw = True
539.8745 	EXP 	line2_2: autoDraw = True
539.8745 	EXP 	line3_2: autoDraw = True
539.8745 	EXP 	line4_2: autoDraw = True
539.9360 	EXP 	Fixation_2: autoDraw = False
540.8790 	INFO 	Keyboard events cleared
540.8788 	EXP 	protrianglefixation_2: autoDraw = True
543.1300 	EXP 	Device response: <KeyPress from None: t=543.1207577080058, value=x, duration=None>
543.1305 	EXP 	New trial (rep=0, index=1): <Trial 1 (1 in rep 0) data={'pos': np.int64(-150), 'corr_resp': 'z', 'thisN': 1, 'thisTrialN': 1, 'thisRepN': 0}>
543.1355 	DATA 	Keypress: x
543.1406 	EXP 	Fixation_2: autoDraw = False
543.1406 	EXP 	line1_2: autoDraw = False
543.1406 	EXP 	line2_2: autoDraw = False
543.1406 	EXP 	line3_2: autoDraw = False
543.1406 	EXP 	line4_2: autoDraw = False
543.1406 	EXP 	protrianglefixation_2: autoDraw = False
543.1406 	EXP 	Fixation_2: autoDraw = True
543.2142 	EXP 	Device response: <KeyPress from None: t=543.1207577080058, value=x, duration=0.08826195899746381>
544.1289 	EXP 	line1_2: autoDraw = True
544.1289 	EXP 	line2_2: autoDraw = True
544.1289 	EXP 	line3_2: autoDraw = True
544.1289 	EXP 	line4_2: autoDraw = True
544.1364 	EXP 	Fixation_2: autoDraw = False
545.1290 	INFO 	Keyboard events cleared
545.1288 	EXP 	protrianglefixation_2: autoDraw = True
546.6543 	EXP 	Device response: <KeyPress from None: t=546.6466008749994, value=z, duration=None>
546.6547 	EXP 	New trial (rep=0, index=2): <Trial 2 (2 in rep 0) data={'pos': np.int64(150), 'corr_resp': 'v', 'thisN': 2, 'thisTrialN': 2, 'thisRepN': 0}>
546.6608 	DATA 	Keypress: z
546.6663 	EXP 	Fixation_2: autoDraw = False
546.6663 	EXP 	line1_2: autoDraw = False
546.6663 	EXP 	line2_2: autoDraw = False
546.6663 	EXP 	line3_2: autoDraw = False
546.6663 	EXP 	line4_2: autoDraw = False
546.6663 	EXP 	protrianglefixation_2: autoDraw = False
546.6663 	EXP 	Fixation_2: autoDraw = True
546.7134 	EXP 	Device response: <KeyPress from None: t=546.6466008749994, value=z, duration=0.06435395800508559>
547.6531 	EXP 	line1_2: autoDraw = True
547.6531 	EXP 	line2_2: autoDraw = True
547.6531 	EXP 	line3_2: autoDraw = True
547.6531 	EXP 	line4_2: autoDraw = True
547.6624 	EXP 	Fixation_2: autoDraw = False
548.6535 	INFO 	Keyboard events cleared
548.6533 	EXP 	protrianglefixation_2: autoDraw = True
550.2042 	EXP 	Device response: <KeyPress from None: t=550.1985258329951, value=v, duration=None>
550.2046 	EXP 	New trial (rep=0, index=3): <Trial 3 (3 in rep 0) data={'pos': np.int64(50), 'corr_resp': 'c', 'thisN': 3, 'thisTrialN': 3, 'thisRepN': 0}>
550.2106 	DATA 	Keypress: v
550.2165 	EXP 	Fixation_2: autoDraw = False
550.2165 	EXP 	line1_2: autoDraw = False
550.2165 	EXP 	line2_2: autoDraw = False
550.2165 	EXP 	line3_2: autoDraw = False
550.2165 	EXP 	line4_2: autoDraw = False
550.2165 	EXP 	protrianglefixation_2: autoDraw = False
550.2165 	EXP 	Fixation_2: autoDraw = True
550.2695 	EXP 	Device response: <KeyPress from None: t=550.1985258329951, value=v, duration=0.0682990420027636>
551.2034 	EXP 	line1_2: autoDraw = True
551.2034 	EXP 	line2_2: autoDraw = True
551.2034 	EXP 	line3_2: autoDraw = True
551.2034 	EXP 	line4_2: autoDraw = True
551.2126 	EXP 	Fixation_2: autoDraw = False
552.2041 	INFO 	Keyboard events cleared
552.2039 	EXP 	protrianglefixation_2: autoDraw = True
553.5544 	EXP 	Device response: <KeyPress from None: t=553.5484637500049, value=c, duration=None>
553.5550 	EXP 	New trial (rep=1, index=0): <Trial 4 (0 in rep 1) data={'pos': np.int64(-150), 'corr_resp': 'z', 'thisN': 4, 'thisTrialN': 0, 'thisRepN': 1}>
553.5616 	DATA 	Keypress: c
553.5667 	EXP 	Fixation_2: autoDraw = False
553.5667 	EXP 	line1_2: autoDraw = False
553.5667 	EXP 	line2_2: autoDraw = False
553.5667 	EXP 	line3_2: autoDraw = False
553.5667 	EXP 	line4_2: autoDraw = False
553.5667 	EXP 	protrianglefixation_2: autoDraw = False
553.5667 	EXP 	Fixation_2: autoDraw = True
553.6311 	EXP 	Device response: <KeyPress from None: t=553.5484637500049, value=c, duration=0.07631633299752139>
554.5532 	EXP 	line1_2: autoDraw = True
554.5532 	EXP 	line2_2: autoDraw = True
554.5532 	EXP 	line3_2: autoDraw = True
554.5532 	EXP 	line4_2: autoDraw = True
554.5628 	EXP 	Fixation_2: autoDraw = False
555.5534 	INFO 	Keyboard events cleared
555.5533 	EXP 	protrianglefixation_2: autoDraw = True
556.5041 	EXP 	Device response: <KeyPress from None: t=556.5023367920076, value=z, duration=None>
556.5046 	EXP 	New trial (rep=1, index=1): <Trial 5 (1 in rep 1) data={'pos': np.int64(-50), 'corr_resp': 'x', 'thisN': 5, 'thisTrialN': 1, 'thisRepN': 1}>
556.5105 	DATA 	Keypress: z
556.5159 	EXP 	Fixation_2: autoDraw = False
556.5159 	EXP 	line1_2: autoDraw = False
556.5159 	EXP 	line2_2: autoDraw = False
556.5159 	EXP 	line3_2: autoDraw = False
556.5159 	EXP 	line4_2: autoDraw = False
556.5159 	EXP 	protrianglefixation_2: autoDraw = False
556.5159 	EXP 	Fixation_2: autoDraw = True
556.5873 	EXP 	Device response: <KeyPress from None: t=556.5023367920076, value=z, duration=0.0804365409858292>
557.5032 	EXP 	line1_2: autoDraw = True
557.5032 	EXP 	line2_2: autoDraw = True
557.5032 	EXP 	line3_2: autoDraw = True
557.5032 	EXP 	line4_2: autoDraw = True
557.5126 	EXP 	Fixation_2: autoDraw = False
558.5037 	INFO 	Keyboard events cleared
558.5036 	EXP 	protrianglefixation_2: autoDraw = True
562.1304 	EXP 	Device response: <KeyPress from None: t=562.1222680420033, value=x, duration=None>
562.1308 	EXP 	New trial (rep=1, index=2): <Trial 6 (2 in rep 1) data={'pos': np.int64(50), 'corr_resp': 'c', 'thisN': 6, 'thisTrialN': 2, 'thisRepN': 1}>
562.1370 	DATA 	Keypress: x
562.1422 	EXP 	Fixation_2: autoDraw = False
562.1422 	EXP 	line1_2: autoDraw = False
562.1422 	EXP 	line2_2: autoDraw = False
562.1422 	EXP 	line3_2: autoDraw = False
562.1422 	EXP 	line4_2: autoDraw = False
562.1422 	EXP 	protrianglefixation_2: autoDraw = False
562.1422 	EXP 	Fixation_2: autoDraw = True
562.2150 	EXP 	Device response: <KeyPress from None: t=562.1222680420033, value=x, duration=0.08829400000104215>
563.1209 	EXP 	line1_2: autoDraw = True
563.1209 	EXP 	line2_2: autoDraw = True
563.1209 	EXP 	line3_2: autoDraw = True
563.1209 	EXP 	line4_2: autoDraw = True
563.1367 	EXP 	Fixation_2: autoDraw = False
564.1290 	INFO 	Keyboard events cleared
564.1288 	EXP 	protrianglefixation_2: autoDraw = True
565.0720 	EXP 	Device response: <KeyPress from None: t=565.0671106670052, value=c, duration=None>
565.0726 	EXP 	New trial (rep=1, index=3): <Trial 7 (3 in rep 1) data={'pos': np.int64(150), 'corr_resp': 'v', 'thisN': 7, 'thisTrialN': 3, 'thisRepN': 1}>
565.0788 	DATA 	Keypress: c
565.0836 	EXP 	Fixation_2: autoDraw = False
565.0836 	EXP 	line1_2: autoDraw = False
565.0836 	EXP 	line2_2: autoDraw = False
565.0836 	EXP 	line3_2: autoDraw = False
565.0836 	EXP 	line4_2: autoDraw = False
565.0836 	EXP 	protrianglefixation_2: autoDraw = False
565.0836 	EXP 	Fixation_2: autoDraw = True
565.1804 	EXP 	Device response: <KeyPress from None: t=565.0671106670052, value=c, duration=0.1084412079944741>
566.0705 	EXP 	line1_2: autoDraw = True
566.0705 	EXP 	line2_2: autoDraw = True
566.0705 	EXP 	line3_2: autoDraw = True
566.0705 	EXP 	line4_2: autoDraw = True
566.0798 	EXP 	Fixation_2: autoDraw = False
567.0703 	INFO 	Keyboard events cleared
567.0701 	EXP 	protrianglefixation_2: autoDraw = True
567.9972 	EXP 	Device response: <KeyPress from None: t=567.9900787499937, value=v, duration=None>
567.9977 	EXP 	New trial (rep=2, index=0): <Trial 8 (0 in rep 2) data={'pos': np.int64(50), 'corr_resp': 'c', 'thisN': 8, 'thisTrialN': 0, 'thisRepN': 2}>
568.0039 	DATA 	Keypress: v
568.0092 	EXP 	Fixation_2: autoDraw = False
568.0092 	EXP 	line1_2: autoDraw = False
568.0092 	EXP 	line2_2: autoDraw = False
568.0092 	EXP 	line3_2: autoDraw = False
568.0092 	EXP 	line4_2: autoDraw = False
568.0092 	EXP 	protrianglefixation_2: autoDraw = False
568.0092 	EXP 	Fixation_2: autoDraw = True
568.0362 	EXP 	Device response: <KeyPress from None: t=567.9900787499937, value=v, duration=0.04428758300491609>
568.0635 	EXP 	Device response: <KeyPress from None: t=568.0611057920032, value=v, duration=None>
568.0692 	DATA 	Keypress: v
568.1640 	EXP 	Device response: <KeyPress from None: t=568.0611057920032, value=v, duration=0.10043929099629167>
568.9961 	EXP 	line1_2: autoDraw = True
568.9961 	EXP 	line2_2: autoDraw = True
568.9961 	EXP 	line3_2: autoDraw = True
568.9961 	EXP 	line4_2: autoDraw = True
569.0034 	EXP 	Fixation_2: autoDraw = False
569.9955 	INFO 	Keyboard events cleared
569.9954 	EXP 	protrianglefixation_2: autoDraw = True
572.2305 	EXP 	Device response: <KeyPress from None: t=572.2225061250065, value=c, duration=None>
572.2310 	EXP 	New trial (rep=2, index=1): <Trial 9 (1 in rep 2) data={'pos': np.int64(-150), 'corr_resp': 'z', 'thisN': 9, 'thisTrialN': 1, 'thisRepN': 2}>
572.2375 	DATA 	Keypress: c
572.2427 	EXP 	Fixation_2: autoDraw = False
572.2427 	EXP 	line1_2: autoDraw = False
572.2427 	EXP 	line2_2: autoDraw = False
572.2427 	EXP 	line3_2: autoDraw = False
572.2427 	EXP 	line4_2: autoDraw = False
572.2427 	EXP 	protrianglefixation_2: autoDraw = False
572.2427 	EXP 	Fixation_2: autoDraw = True
572.3647 	EXP 	Device response: <KeyPress from None: t=572.2225061250065, value=c, duration=0.13182862498797476>
573.2288 	EXP 	line1_2: autoDraw = True
573.2288 	EXP 	line2_2: autoDraw = True
573.2288 	EXP 	line3_2: autoDraw = True
573.2288 	EXP 	line4_2: autoDraw = True
573.2364 	EXP 	Fixation_2: autoDraw = False
574.2209 	INFO 	Keyboard events cleared
574.2207 	EXP 	protrianglefixation_2: autoDraw = True
575.1872 	EXP 	Device response: <KeyPress from None: t=575.1799007079971, value=z, duration=None>
575.1876 	EXP 	New trial (rep=2, index=2): <Trial 10 (2 in rep 2) data={'pos': np.int64(-50), 'corr_resp': 'x', 'thisN': 10, 'thisTrialN': 2, 'thisRepN': 2}>
575.1937 	DATA 	Keypress: z
575.1992 	EXP 	Fixation_2: autoDraw = False
575.1992 	EXP 	line1_2: autoDraw = False
575.1992 	EXP 	line2_2: autoDraw = False
575.1992 	EXP 	line3_2: autoDraw = False
575.1992 	EXP 	line4_2: autoDraw = False
575.1992 	EXP 	protrianglefixation_2: autoDraw = False
575.1992 	EXP 	Fixation_2: autoDraw = True
575.2817 	EXP 	Device response: <KeyPress from None: t=575.1799007079971, value=z, duration=0.09233825000410434>
576.1788 	EXP 	line1_2: autoDraw = True
576.1788 	EXP 	line2_2: autoDraw = True
576.1788 	EXP 	line3_2: autoDraw = True
576.1788 	EXP 	line4_2: autoDraw = True
576.1960 	EXP 	Fixation_2: autoDraw = False
577.1866 	INFO 	Keyboard events cleared
577.1865 	EXP 	protrianglefixation_2: autoDraw = True
577.5712 	EXP 	Device response: <KeyPress from None: t=577.5698595830036, value=x, duration=None>
577.5717 	EXP 	New trial (rep=2, index=3): <Trial 11 (3 in rep 2) data={'pos': np.int64(150), 'corr_resp': 'v', 'thisN': 11, 'thisTrialN': 3, 'thisRepN': 2}>
577.5777 	DATA 	Keypress: x
577.5829 	EXP 	Fixation_2: autoDraw = False
577.5829 	EXP 	line1_2: autoDraw = False
577.5829 	EXP 	line2_2: autoDraw = False
577.5829 	EXP 	line3_2: autoDraw = False
577.5829 	EXP 	line4_2: autoDraw = False
577.5829 	EXP 	protrianglefixation_2: autoDraw = False
577.5829 	EXP 	Fixation_2: autoDraw = True
577.6716 	EXP 	Device response: <KeyPress from None: t=577.5698595830036, value=x, duration=0.09635583400086034>
578.5703 	EXP 	line1_2: autoDraw = True
578.5703 	EXP 	line2_2: autoDraw = True
578.5703 	EXP 	line3_2: autoDraw = True
578.5703 	EXP 	line4_2: autoDraw = True
578.5794 	EXP 	Fixation_2: autoDraw = False
579.5707 	INFO 	Keyboard events cleared
579.5705 	EXP 	protrianglefixation_2: autoDraw = True
580.4544 	EXP 	Device response: <KeyPress from None: t=580.4527225000056, value=v, duration=None>
580.4548 	EXP 	New trial (rep=3, index=0): <Trial 12 (0 in rep 3) data={'pos': np.int64(-50), 'corr_resp': 'x', 'thisN': 12, 'thisTrialN': 0, 'thisRepN': 3}>
580.4607 	DATA 	Keypress: v
580.4660 	EXP 	Fixation_2: autoDraw = False
580.4660 	EXP 	line1_2: autoDraw = False
580.4660 	EXP 	line2_2: autoDraw = False
580.4660 	EXP 	line3_2: autoDraw = False
580.4660 	EXP 	line4_2: autoDraw = False
580.4660 	EXP 	protrianglefixation_2: autoDraw = False
580.4660 	EXP 	Fixation_2: autoDraw = True
580.5477 	EXP 	Device response: <KeyPress from None: t=580.4527225000056, value=v, duration=0.09233595799014438>
581.4532 	EXP 	line1_2: autoDraw = True
581.4532 	EXP 	line2_2: autoDraw = True
581.4532 	EXP 	line3_2: autoDraw = True
581.4532 	EXP 	line4_2: autoDraw = True
581.4626 	EXP 	Fixation_2: autoDraw = False
582.4541 	INFO 	Keyboard events cleared
582.4539 	EXP 	protrianglefixation_2: autoDraw = True
583.9217 	EXP 	Device response: <KeyPress from None: t=583.9136806669994, value=x, duration=None>
583.9221 	EXP 	New trial (rep=3, index=1): <Trial 13 (1 in rep 3) data={'pos': np.int64(50), 'corr_resp': 'c', 'thisN': 13, 'thisTrialN': 1, 'thisRepN': 3}>
583.9279 	DATA 	Keypress: x
583.9326 	EXP 	Fixation_2: autoDraw = False
583.9326 	EXP 	line1_2: autoDraw = False
583.9326 	EXP 	line2_2: autoDraw = False
583.9326 	EXP 	line3_2: autoDraw = False
583.9326 	EXP 	line4_2: autoDraw = False
583.9326 	EXP 	protrianglefixation_2: autoDraw = False
583.9326 	EXP 	Fixation_2: autoDraw = True
584.0212 	EXP 	Device response: <KeyPress from None: t=583.9136806669994, value=x, duration=0.10035083300317638>
584.9198 	EXP 	line1_2: autoDraw = True
584.9198 	EXP 	line2_2: autoDraw = True
584.9198 	EXP 	line3_2: autoDraw = True
584.9198 	EXP 	line4_2: autoDraw = True
584.9288 	EXP 	Fixation_2: autoDraw = False
585.9204 	INFO 	Keyboard events cleared
585.9202 	EXP 	protrianglefixation_2: autoDraw = True
587.0480 	EXP 	Device response: <KeyPress from None: t=587.0397081669944, value=c, duration=None>
587.0485 	EXP 	New trial (rep=3, index=2): <Trial 14 (2 in rep 3) data={'pos': np.int64(-150), 'corr_resp': 'z', 'thisN': 14, 'thisTrialN': 2, 'thisRepN': 3}>
587.0544 	DATA 	Keypress: c
587.0598 	EXP 	Fixation_2: autoDraw = False
587.0598 	EXP 	line1_2: autoDraw = False
587.0598 	EXP 	line2_2: autoDraw = False
587.0598 	EXP 	line3_2: autoDraw = False
587.0598 	EXP 	line4_2: autoDraw = False
587.0598 	EXP 	protrianglefixation_2: autoDraw = False
587.0598 	EXP 	Fixation_2: autoDraw = True
587.1304 	EXP 	Device response: <KeyPress from None: t=587.0397081669944, value=c, duration=0.0881814580061473>
588.0455 	EXP 	line1_2: autoDraw = True
588.0455 	EXP 	line2_2: autoDraw = True
588.0455 	EXP 	line3_2: autoDraw = True
588.0455 	EXP 	line4_2: autoDraw = True
588.0528 	EXP 	Fixation_2: autoDraw = False
589.0455 	INFO 	Keyboard events cleared
589.0454 	EXP 	protrianglefixation_2: autoDraw = True
589.9483 	EXP 	Device response: <KeyPress from None: t=589.9456195420062, value=z, duration=None>
589.9489 	EXP 	New trial (rep=3, index=3): <Trial 15 (3 in rep 3) data={'pos': np.int64(150), 'corr_resp': 'v', 'thisN': 15, 'thisTrialN': 3, 'thisRepN': 3}>
589.9555 	DATA 	Keypress: z
589.9606 	EXP 	Fixation_2: autoDraw = False
589.9606 	EXP 	line1_2: autoDraw = False
589.9606 	EXP 	line2_2: autoDraw = False
589.9606 	EXP 	line3_2: autoDraw = False
589.9606 	EXP 	line4_2: autoDraw = False
589.9606 	EXP 	protrianglefixation_2: autoDraw = False
589.9606 	EXP 	Fixation_2: autoDraw = True
590.0316 	EXP 	Device response: <KeyPress from None: t=589.9456195420062, value=z, duration=0.07635399998980574>
590.9461 	EXP 	line1_2: autoDraw = True
590.9461 	EXP 	line2_2: autoDraw = True
590.9461 	EXP 	line3_2: autoDraw = True
590.9461 	EXP 	line4_2: autoDraw = True
590.9530 	EXP 	Fixation_2: autoDraw = False
591.9456 	INFO 	Keyboard events cleared
591.9454 	EXP 	protrianglefixation_2: autoDraw = True
593.3804 	EXP 	Device response: <KeyPress from None: t=593.3765265419934, value=v, duration=None>
593.3808 	EXP 	New trial (rep=4, index=0): <Trial 16 (0 in rep 4) data={'pos': np.int64(150), 'corr_resp': 'v', 'thisN': 16, 'thisTrialN': 0, 'thisRepN': 4}>
593.3871 	DATA 	Keypress: v
593.3923 	EXP 	Fixation_2: autoDraw = False
593.3923 	EXP 	line1_2: autoDraw = False
593.3923 	EXP 	line2_2: autoDraw = False
593.3923 	EXP 	line3_2: autoDraw = False
593.3923 	EXP 	line4_2: autoDraw = False
593.3923 	EXP 	protrianglefixation_2: autoDraw = False
593.3923 	EXP 	Fixation_2: autoDraw = True
593.4640 	EXP 	Device response: <KeyPress from None: t=593.3765265419934, value=v, duration=0.08429058300680481>
594.3787 	EXP 	line1_2: autoDraw = True
594.3787 	EXP 	line2_2: autoDraw = True
594.3787 	EXP 	line3_2: autoDraw = True
594.3787 	EXP 	line4_2: autoDraw = True
594.3861 	EXP 	Fixation_2: autoDraw = False
595.3788 	INFO 	Keyboard events cleared
595.3786 	EXP 	protrianglefixation_2: autoDraw = True
597.4712 	EXP 	Device response: <KeyPress from None: t=597.4693845000002, value=v, duration=None>
597.4716 	EXP 	New trial (rep=4, index=1): <Trial 17 (1 in rep 4) data={'pos': np.int64(-50), 'corr_resp': 'x', 'thisN': 17, 'thisTrialN': 1, 'thisRepN': 4}>
597.4776 	DATA 	Keypress: v
597.4827 	EXP 	Fixation_2: autoDraw = False
597.4827 	EXP 	line1_2: autoDraw = False
597.4827 	EXP 	line2_2: autoDraw = False
597.4827 	EXP 	line3_2: autoDraw = False
597.4827 	EXP 	line4_2: autoDraw = False
597.4827 	EXP 	protrianglefixation_2: autoDraw = False
597.4827 	EXP 	Fixation_2: autoDraw = True
597.5477 	EXP 	Device response: <KeyPress from None: t=597.4693845000002, value=v, duration=0.06823654200707097>
598.4620 	EXP 	line1_2: autoDraw = True
598.4620 	EXP 	line2_2: autoDraw = True
598.4620 	EXP 	line3_2: autoDraw = True
598.4620 	EXP 	line4_2: autoDraw = True
598.4798 	EXP 	Fixation_2: autoDraw = False
599.4704 	INFO 	Keyboard events cleared
599.4703 	EXP 	protrianglefixation_2: autoDraw = True
601.5978 	EXP 	Device response: <KeyPress from None: t=601.5902965419955, value=x, duration=None>
601.5982 	EXP 	New trial (rep=4, index=2): <Trial 18 (2 in rep 4) data={'pos': np.int64(50), 'corr_resp': 'c', 'thisN': 18, 'thisTrialN': 2, 'thisRepN': 4}>
601.6045 	DATA 	Keypress: x
601.6096 	EXP 	Fixation_2: autoDraw = False
601.6096 	EXP 	line1_2: autoDraw = False
601.6096 	EXP 	line2_2: autoDraw = False
601.6096 	EXP 	line3_2: autoDraw = False
601.6096 	EXP 	line4_2: autoDraw = False
601.6096 	EXP 	protrianglefixation_2: autoDraw = False
601.6096 	EXP 	Fixation_2: autoDraw = True
601.6812 	EXP 	Device response: <KeyPress from None: t=601.5902965419955, value=x, duration=0.08030791601049714>
602.5954 	EXP 	line1_2: autoDraw = True
602.5954 	EXP 	line2_2: autoDraw = True
602.5954 	EXP 	line3_2: autoDraw = True
602.5954 	EXP 	line4_2: autoDraw = True
602.6027 	EXP 	Fixation_2: autoDraw = False
603.5955 	INFO 	Keyboard events cleared
603.5953 	EXP 	protrianglefixation_2: autoDraw = True
604.6376 	EXP 	Device response: <KeyPress from None: t=604.6301850000018, value=c, duration=None>
604.6380 	EXP 	New trial (rep=4, index=3): <Trial 19 (3 in rep 4) data={'pos': np.int64(-150), 'corr_resp': 'z', 'thisN': 19, 'thisTrialN': 3, 'thisRepN': 4}>
604.6438 	DATA 	Keypress: c
604.6493 	EXP 	Fixation_2: autoDraw = False
604.6493 	EXP 	line1_2: autoDraw = False
604.6493 	EXP 	line2_2: autoDraw = False
604.6493 	EXP 	line3_2: autoDraw = False
604.6493 	EXP 	line4_2: autoDraw = False
604.6493 	EXP 	protrianglefixation_2: autoDraw = False
604.6493 	EXP 	Fixation_2: autoDraw = True
604.7140 	EXP 	Device response: <KeyPress from None: t=604.6301850000018, value=c, duration=0.08035891699546482>
605.6371 	EXP 	line1_2: autoDraw = True
605.6371 	EXP 	line2_2: autoDraw = True
605.6371 	EXP 	line3_2: autoDraw = True
605.6371 	EXP 	line4_2: autoDraw = True
605.6461 	EXP 	Fixation_2: autoDraw = False
606.6365 	INFO 	Keyboard events cleared
606.6364 	EXP 	protrianglefixation_2: autoDraw = True
608.0134 	EXP 	Device response: <KeyPress from None: t=608.012161000006, value=z, duration=None>
608.0140 	EXP 	New trial (rep=5, index=0): <Trial 20 (0 in rep 5) data={'pos': np.int64(-50), 'corr_resp': 'x', 'thisN': 20, 'thisTrialN': 0, 'thisRepN': 5}>
608.0201 	DATA 	Keypress: z
608.0254 	EXP 	Fixation_2: autoDraw = False
608.0254 	EXP 	line1_2: autoDraw = False
608.0254 	EXP 	line2_2: autoDraw = False
608.0254 	EXP 	line3_2: autoDraw = False
608.0254 	EXP 	line4_2: autoDraw = False
608.0254 	EXP 	protrianglefixation_2: autoDraw = False
608.0254 	EXP 	Fixation_2: autoDraw = True
608.0986 	EXP 	Device response: <KeyPress from None: t=608.012161000006, value=z, duration=0.08034416699956637>
609.0041 	EXP 	line1_2: autoDraw = True
609.0041 	EXP 	line2_2: autoDraw = True
609.0041 	EXP 	line3_2: autoDraw = True
609.0041 	EXP 	line4_2: autoDraw = True
609.0206 	EXP 	Fixation_2: autoDraw = False
610.0123 	INFO 	Keyboard events cleared
610.0121 	EXP 	protrianglefixation_2: autoDraw = True
611.0704 	EXP 	Device response: <KeyPress from None: t=611.069133625002, value=x, duration=None>
611.0708 	EXP 	New trial (rep=5, index=1): <Trial 21 (1 in rep 5) data={'pos': np.int64(150), 'corr_resp': 'v', 'thisN': 21, 'thisTrialN': 1, 'thisRepN': 5}>
611.0769 	DATA 	Keypress: x
611.0827 	EXP 	Fixation_2: autoDraw = False
611.0827 	EXP 	line1_2: autoDraw = False
611.0827 	EXP 	line2_2: autoDraw = False
611.0827 	EXP 	line3_2: autoDraw = False
611.0827 	EXP 	line4_2: autoDraw = False
611.0827 	EXP 	protrianglefixation_2: autoDraw = False
611.0827 	EXP 	Fixation_2: autoDraw = True
611.1362 	EXP 	Device response: <KeyPress from None: t=611.069133625002, value=x, duration=0.06026025000028312>
612.0619 	EXP 	line1_2: autoDraw = True
612.0619 	EXP 	line2_2: autoDraw = True
612.0619 	EXP 	line3_2: autoDraw = True
612.0619 	EXP 	line4_2: autoDraw = True
612.0797 	EXP 	Fixation_2: autoDraw = False
613.0622 	INFO 	Keyboard events cleared
613.0620 	EXP 	protrianglefixation_2: autoDraw = True
614.2705 	EXP 	Device response: <KeyPress from None: t=614.268987250005, value=v, duration=None>
614.2710 	EXP 	New trial (rep=5, index=2): <Trial 22 (2 in rep 5) data={'pos': np.int64(50), 'corr_resp': 'c', 'thisN': 22, 'thisTrialN': 2, 'thisRepN': 5}>
614.2770 	DATA 	Keypress: v
614.2833 	EXP 	Fixation_2: autoDraw = False
614.2833 	EXP 	line1_2: autoDraw = False
614.2833 	EXP 	line2_2: autoDraw = False
614.2833 	EXP 	line3_2: autoDraw = False
614.2833 	EXP 	line4_2: autoDraw = False
614.2833 	EXP 	protrianglefixation_2: autoDraw = False
614.2833 	EXP 	Fixation_2: autoDraw = True
614.3702 	EXP 	Device response: <KeyPress from None: t=614.268987250005, value=v, duration=0.09627162499236874>
615.2704 	EXP 	line1_2: autoDraw = True
615.2704 	EXP 	line2_2: autoDraw = True
615.2704 	EXP 	line3_2: autoDraw = True
615.2704 	EXP 	line4_2: autoDraw = True
615.2787 	EXP 	Fixation_2: autoDraw = False
616.2624 	INFO 	Keyboard events cleared
616.2621 	EXP 	protrianglefixation_2: autoDraw = True
618.1300 	EXP 	Device response: <KeyPress from None: t=618.1229591250012, value=c, duration=None>
618.1305 	EXP 	New trial (rep=5, index=3): <Trial 23 (3 in rep 5) data={'pos': np.int64(-150), 'corr_resp': 'z', 'thisN': 23, 'thisTrialN': 3, 'thisRepN': 5}>
618.1368 	DATA 	Keypress: c
618.1420 	EXP 	Fixation_2: autoDraw = False
618.1420 	EXP 	line1_2: autoDraw = False
618.1420 	EXP 	line2_2: autoDraw = False
618.1420 	EXP 	line3_2: autoDraw = False
618.1420 	EXP 	line4_2: autoDraw = False
618.1420 	EXP 	protrianglefixation_2: autoDraw = False
618.1420 	EXP 	Fixation_2: autoDraw = True
618.1854 	EXP 	Device response: <KeyPress from None: t=618.1229591250012, value=c, duration=0.060289874993031844>
619.1286 	EXP 	line1_2: autoDraw = True
619.1286 	EXP 	line2_2: autoDraw = True
619.1286 	EXP 	line3_2: autoDraw = True
619.1286 	EXP 	line4_2: autoDraw = True
619.1358 	EXP 	Fixation_2: autoDraw = False
620.1288 	INFO 	Keyboard events cleared
620.1286 	EXP 	protrianglefixation_2: autoDraw = True
620.9968 	EXP 	Device response: <KeyPress from None: t=620.9899467500072, value=z, duration=None>
620.9972 	EXP 	New trial (rep=6, index=0): <Trial 24 (0 in rep 6) data={'pos': np.int64(-50), 'corr_resp': 'x', 'thisN': 24, 'thisTrialN': 0, 'thisRepN': 6}>
621.0038 	DATA 	Keypress: z
621.0090 	EXP 	Fixation_2: autoDraw = False
621.0090 	EXP 	line1_2: autoDraw = False
621.0090 	EXP 	line2_2: autoDraw = False
621.0090 	EXP 	line3_2: autoDraw = False
621.0090 	EXP 	line4_2: autoDraw = False
621.0090 	EXP 	protrianglefixation_2: autoDraw = False
621.0090 	EXP 	Fixation_2: autoDraw = True
621.0533 	EXP 	Device response: <KeyPress from None: t=620.9899467500072, value=z, duration=0.060208957991562784>
621.9867 	EXP 	line1_2: autoDraw = True
621.9867 	EXP 	line2_2: autoDraw = True
621.9867 	EXP 	line3_2: autoDraw = True
621.9867 	EXP 	line4_2: autoDraw = True
622.0028 	EXP 	Fixation_2: autoDraw = False
622.9956 	INFO 	Keyboard events cleared
622.9954 	EXP 	protrianglefixation_2: autoDraw = True
623.8974 	EXP 	Device response: <KeyPress from None: t=623.8917979999969, value=x, duration=None>
623.8979 	EXP 	New trial (rep=6, index=1): <Trial 25 (1 in rep 6) data={'pos': np.int64(-150), 'corr_resp': 'z', 'thisN': 25, 'thisTrialN': 1, 'thisRepN': 6}>
623.9040 	DATA 	Keypress: x
623.9093 	EXP 	Fixation_2: autoDraw = False
623.9093 	EXP 	line1_2: autoDraw = False
623.9093 	EXP 	line2_2: autoDraw = False
623.9093 	EXP 	line3_2: autoDraw = False
623.9093 	EXP 	line4_2: autoDraw = False
623.9093 	EXP 	protrianglefixation_2: autoDraw = False
623.9093 	EXP 	Fixation_2: autoDraw = True
623.9641 	EXP 	Device response: <KeyPress from None: t=623.8917979999969, value=x, duration=0.06827941699884832>
624.8952 	EXP 	line1_2: autoDraw = True
624.8952 	EXP 	line2_2: autoDraw = True
624.8952 	EXP 	line3_2: autoDraw = True
624.8952 	EXP 	line4_2: autoDraw = True
624.9030 	EXP 	Fixation_2: autoDraw = False
625.8956 	INFO 	Keyboard events cleared
625.8954 	EXP 	protrianglefixation_2: autoDraw = True
626.7371 	EXP 	Device response: <KeyPress from None: t=626.7357542499958, value=z, duration=None>
626.7376 	EXP 	New trial (rep=6, index=2): <Trial 26 (2 in rep 6) data={'pos': np.int64(50), 'corr_resp': 'c', 'thisN': 26, 'thisTrialN': 2, 'thisRepN': 6}>
626.7438 	DATA 	Keypress: z
626.7493 	EXP 	Fixation_2: autoDraw = False
626.7493 	EXP 	line1_2: autoDraw = False
626.7493 	EXP 	line2_2: autoDraw = False
626.7493 	EXP 	line3_2: autoDraw = False
626.7493 	EXP 	line4_2: autoDraw = False
626.7493 	EXP 	protrianglefixation_2: autoDraw = False
626.7493 	EXP 	Fixation_2: autoDraw = True
626.8140 	EXP 	Device response: <KeyPress from None: t=626.7357542499958, value=z, duration=0.07627787500678096>
627.7370 	EXP 	line1_2: autoDraw = True
627.7370 	EXP 	line2_2: autoDraw = True
627.7370 	EXP 	line3_2: autoDraw = True
627.7370 	EXP 	line4_2: autoDraw = True
627.7454 	EXP 	Fixation_2: autoDraw = False
628.7369 	INFO 	Keyboard events cleared
628.7368 	EXP 	protrianglefixation_2: autoDraw = True
631.9874 	EXP 	Device response: <KeyPress from None: t=631.9790681669983, value=c, duration=None>
631.9878 	EXP 	New trial (rep=6, index=3): <Trial 27 (3 in rep 6) data={'pos': np.int64(150), 'corr_resp': 'v', 'thisN': 27, 'thisTrialN': 3, 'thisRepN': 6}>
631.9940 	DATA 	Keypress: c
631.9997 	EXP 	Fixation_2: autoDraw = False
631.9997 	EXP 	line1_2: autoDraw = False
631.9997 	EXP 	line2_2: autoDraw = False
631.9997 	EXP 	line3_2: autoDraw = False
631.9997 	EXP 	line4_2: autoDraw = False
631.9997 	EXP 	protrianglefixation_2: autoDraw = False
631.9997 	EXP 	Fixation_2: autoDraw = True
632.0812 	EXP 	Device response: <KeyPress from None: t=631.9790681669983, value=c, duration=0.09580683300737292>
632.9786 	EXP 	line1_2: autoDraw = True
632.9786 	EXP 	line2_2: autoDraw = True
632.9786 	EXP 	line3_2: autoDraw = True
632.9786 	EXP 	line4_2: autoDraw = True
632.9953 	EXP 	Fixation_2: autoDraw = False
633.9864 	INFO 	Keyboard events cleared
633.9863 	EXP 	protrianglefixation_2: autoDraw = True
634.7966 	EXP 	Device response: <KeyPress from None: t=634.7885551670042, value=v, duration=None>
634.7971 	EXP 	New trial (rep=7, index=0): <Trial 28 (0 in rep 7) data={'pos': np.int64(-150), 'corr_resp': 'z', 'thisN': 28, 'thisTrialN': 0, 'thisRepN': 7}>
634.8034 	DATA 	Keypress: v
634.8086 	EXP 	Fixation_2: autoDraw = False
634.8086 	EXP 	line1_2: autoDraw = False
634.8086 	EXP 	line2_2: autoDraw = False
634.8086 	EXP 	line3_2: autoDraw = False
634.8086 	EXP 	line4_2: autoDraw = False
634.8086 	EXP 	protrianglefixation_2: autoDraw = False
634.8086 	EXP 	Fixation_2: autoDraw = True
634.8810 	EXP 	Device response: <KeyPress from None: t=634.7885551670042, value=v, duration=0.08825674999388866>
635.7952 	EXP 	line1_2: autoDraw = True
635.7952 	EXP 	line2_2: autoDraw = True
635.7952 	EXP 	line3_2: autoDraw = True
635.7952 	EXP 	line4_2: autoDraw = True
635.8026 	EXP 	Fixation_2: autoDraw = False
636.7971 	INFO 	Keyboard events cleared
636.7969 	EXP 	protrianglefixation_2: autoDraw = True
637.8039 	EXP 	Device response: <KeyPress from None: t=637.7964182080032, value=z, duration=None>
637.8043 	EXP 	New trial (rep=7, index=1): <Trial 29 (1 in rep 7) data={'pos': np.int64(50), 'corr_resp': 'c', 'thisN': 29, 'thisTrialN': 1, 'thisRepN': 7}>
637.8106 	DATA 	Keypress: z
637.8157 	EXP 	Fixation_2: autoDraw = False
637.8157 	EXP 	line1_2: autoDraw = False
637.8157 	EXP 	line2_2: autoDraw = False
637.8157 	EXP 	line3_2: autoDraw = False
637.8157 	EXP 	line4_2: autoDraw = False
637.8157 	EXP 	protrianglefixation_2: autoDraw = False
637.8157 	EXP 	Fixation_2: autoDraw = True
637.8806 	EXP 	Device response: <KeyPress from None: t=637.7964182080032, value=z, duration=0.07636008400004357>
638.7964 	EXP 	line1_2: autoDraw = True
638.7964 	EXP 	line2_2: autoDraw = True
638.7964 	EXP 	line3_2: autoDraw = True
638.7964 	EXP 	line4_2: autoDraw = True
638.8122 	EXP 	Fixation_2: autoDraw = False
639.8138 	INFO 	Keyboard events cleared
639.8136 	EXP 	protrianglefixation_2: autoDraw = True
640.8474 	EXP 	Device response: <KeyPress from None: t=640.8403222920024, value=c, duration=None>
640.8480 	EXP 	New trial (rep=7, index=2): <Trial 30 (2 in rep 7) data={'pos': np.int64(-50), 'corr_resp': 'x', 'thisN': 30, 'thisTrialN': 2, 'thisRepN': 7}>
640.8544 	DATA 	Keypress: c
640.8595 	EXP 	Fixation_2: autoDraw = False
640.8595 	EXP 	line1_2: autoDraw = False
640.8595 	EXP 	line2_2: autoDraw = False
640.8595 	EXP 	line3_2: autoDraw = False
640.8595 	EXP 	line4_2: autoDraw = False
640.8595 	EXP 	protrianglefixation_2: autoDraw = False
640.8595 	EXP 	Fixation_2: autoDraw = True
640.9807 	EXP 	Device response: <KeyPress from None: t=640.8403222920024, value=c, duration=0.13728358299704269>
641.8452 	EXP 	line1_2: autoDraw = True
641.8452 	EXP 	line2_2: autoDraw = True
641.8452 	EXP 	line3_2: autoDraw = True
641.8452 	EXP 	line4_2: autoDraw = True
641.8530 	EXP 	Fixation_2: autoDraw = False
642.8453 	INFO 	Keyboard events cleared
642.8452 	EXP 	protrianglefixation_2: autoDraw = True
643.5309 	EXP 	Device response: <KeyPress from None: t=643.5211600420007, value=x, duration=None>
643.5315 	EXP 	New trial (rep=7, index=3): <Trial 31 (3 in rep 7) data={'pos': np.int64(150), 'corr_resp': 'v', 'thisN': 31, 'thisTrialN': 3, 'thisRepN': 7}>
643.5381 	DATA 	Keypress: x
643.5433 	EXP 	Fixation_2: autoDraw = False
643.5433 	EXP 	line1_2: autoDraw = False
643.5433 	EXP 	line2_2: autoDraw = False
643.5433 	EXP 	line3_2: autoDraw = False
643.5433 	EXP 	line4_2: autoDraw = False
643.5433 	EXP 	protrianglefixation_2: autoDraw = False
643.5433 	EXP 	Fixation_2: autoDraw = True
643.6199 	EXP 	Device response: <KeyPress from None: t=643.5211600420007, value=x, duration=0.09643945799325593>
644.5285 	EXP 	line1_2: autoDraw = True
644.5285 	EXP 	line2_2: autoDraw = True
644.5285 	EXP 	line3_2: autoDraw = True
644.5285 	EXP 	line4_2: autoDraw = True
644.5363 	EXP 	Fixation_2: autoDraw = False
645.5287 	INFO 	Keyboard events cleared
645.5285 	EXP 	protrianglefixation_2: autoDraw = True
645.8799 	EXP 	Device response: <KeyPress from None: t=645.876290375003, value=v, duration=None>
645.8804 	EXP 	New trial (rep=8, index=0): <Trial 32 (0 in rep 8) data={'pos': np.int64(-50), 'corr_resp': 'x', 'thisN': 32, 'thisTrialN': 0, 'thisRepN': 8}>
645.8865 	DATA 	Keypress: v
645.8917 	EXP 	Fixation_2: autoDraw = False
645.8917 	EXP 	line1_2: autoDraw = False
645.8917 	EXP 	line2_2: autoDraw = False
645.8917 	EXP 	line3_2: autoDraw = False
645.8917 	EXP 	line4_2: autoDraw = False
645.8917 	EXP 	protrianglefixation_2: autoDraw = False
645.8917 	EXP 	Fixation_2: autoDraw = True
646.0370 	EXP 	Device response: <KeyPress from None: t=645.876290375003, value=v, duration=0.15285504200437572>
646.8787 	EXP 	line1_2: autoDraw = True
646.8787 	EXP 	line2_2: autoDraw = True
646.8787 	EXP 	line3_2: autoDraw = True
646.8787 	EXP 	line4_2: autoDraw = True
646.8862 	EXP 	Fixation_2: autoDraw = False
647.8709 	INFO 	Keyboard events cleared
647.8707 	EXP 	protrianglefixation_2: autoDraw = True
648.8535 	EXP 	Device response: <KeyPress from None: t=648.8511712920008, value=x, duration=None>
648.8539 	EXP 	New trial (rep=8, index=1): <Trial 33 (1 in rep 8) data={'pos': np.int64(50), 'corr_resp': 'c', 'thisN': 33, 'thisTrialN': 1, 'thisRepN': 8}>
648.8606 	DATA 	Keypress: x
648.8664 	EXP 	Fixation_2: autoDraw = False
648.8664 	EXP 	line1_2: autoDraw = False
648.8664 	EXP 	line2_2: autoDraw = False
648.8664 	EXP 	line3_2: autoDraw = False
648.8664 	EXP 	line4_2: autoDraw = False
648.8664 	EXP 	protrianglefixation_2: autoDraw = False
648.8664 	EXP 	Fixation_2: autoDraw = True
649.0042 	EXP 	Device response: <KeyPress from None: t=648.8511712920008, value=x, duration=0.14835641600075178>
649.8456 	EXP 	line1_2: autoDraw = True
649.8456 	EXP 	line2_2: autoDraw = True
649.8456 	EXP 	line3_2: autoDraw = True
649.8456 	EXP 	line4_2: autoDraw = True
649.8619 	EXP 	Fixation_2: autoDraw = False
650.8453 	INFO 	Keyboard events cleared
650.8452 	EXP 	protrianglefixation_2: autoDraw = True
651.7965 	EXP 	Device response: <KeyPress from None: t=651.7860928330047, value=c, duration=None>
651.7969 	EXP 	New trial (rep=8, index=2): <Trial 34 (2 in rep 8) data={'pos': np.int64(150), 'corr_resp': 'v', 'thisN': 34, 'thisTrialN': 2, 'thisRepN': 8}>
651.8012 	DATA 	Keypress: c
651.8058 	EXP 	Fixation_2: autoDraw = False
651.8058 	EXP 	line1_2: autoDraw = False
651.8058 	EXP 	line2_2: autoDraw = False
651.8058 	EXP 	line3_2: autoDraw = False
651.8058 	EXP 	line4_2: autoDraw = False
651.8058 	EXP 	protrianglefixation_2: autoDraw = False
651.8058 	EXP 	Fixation_2: autoDraw = True
651.8967 	EXP 	Device response: <KeyPress from None: t=651.7860928330047, value=c, duration=0.10038537500076927>
652.7961 	EXP 	line1_2: autoDraw = True
652.7961 	EXP 	line2_2: autoDraw = True
652.7961 	EXP 	line3_2: autoDraw = True
652.7961 	EXP 	line4_2: autoDraw = True
652.8030 	EXP 	Fixation_2: autoDraw = False
653.7954 	INFO 	Keyboard events cleared
653.7952 	EXP 	protrianglefixation_2: autoDraw = True
654.6961 	EXP 	Device response: <KeyPress from None: t=654.6860672920011, value=v, duration=None>
654.6964 	EXP 	New trial (rep=8, index=3): <Trial 35 (3 in rep 8) data={'pos': np.int64(-150), 'corr_resp': 'z', 'thisN': 35, 'thisTrialN': 3, 'thisRepN': 8}>
654.6994 	DATA 	Keypress: v
654.7042 	EXP 	Fixation_2: autoDraw = False
654.7042 	EXP 	line1_2: autoDraw = False
654.7042 	EXP 	line2_2: autoDraw = False
654.7042 	EXP 	line3_2: autoDraw = False
654.7042 	EXP 	line4_2: autoDraw = False
654.7042 	EXP 	protrianglefixation_2: autoDraw = False
654.7042 	EXP 	Fixation_2: autoDraw = True
654.8140 	EXP 	Device response: <KeyPress from None: t=654.6860672920011, value=v, duration=0.12030245800269768>
655.6966 	EXP 	line1_2: autoDraw = True
655.6966 	EXP 	line2_2: autoDraw = True
655.6966 	EXP 	line3_2: autoDraw = True
655.6966 	EXP 	line4_2: autoDraw = True
655.7034 	EXP 	Fixation_2: autoDraw = False
656.6871 	INFO 	Keyboard events cleared
656.6869 	EXP 	protrianglefixation_2: autoDraw = True
656.9974 	EXP 	Device response: <KeyPress from None: t=656.9940022499941, value=z, duration=None>
656.9979 	EXP 	New trial (rep=9, index=0): <Trial 36 (0 in rep 9) data={'pos': np.int64(50), 'corr_resp': 'c', 'thisN': 36, 'thisTrialN': 0, 'thisRepN': 9}>
657.0028 	DATA 	Keypress: z
657.0077 	EXP 	Fixation_2: autoDraw = False
657.0077 	EXP 	line1_2: autoDraw = False
657.0077 	EXP 	line2_2: autoDraw = False
657.0077 	EXP 	line3_2: autoDraw = False
657.0077 	EXP 	line4_2: autoDraw = False
657.0077 	EXP 	protrianglefixation_2: autoDraw = False
657.0077 	EXP 	Fixation_2: autoDraw = True
657.1208 	EXP 	Device response: <KeyPress from None: t=656.9940022499941, value=z, duration=0.12034883300657384>
657.9957 	EXP 	line1_2: autoDraw = True
657.9957 	EXP 	line2_2: autoDraw = True
657.9957 	EXP 	line3_2: autoDraw = True
657.9957 	EXP 	line4_2: autoDraw = True
658.0030 	EXP 	Fixation_2: autoDraw = False
658.9956 	INFO 	Keyboard events cleared
658.9954 	EXP 	protrianglefixation_2: autoDraw = True
659.9300 	EXP 	Device response: <KeyPress from None: t=659.9208930000023, value=c, duration=None>
659.9304 	EXP 	New trial (rep=9, index=1): <Trial 37 (1 in rep 9) data={'pos': np.int64(-50), 'corr_resp': 'x', 'thisN': 37, 'thisTrialN': 1, 'thisRepN': 9}>
659.9366 	DATA 	Keypress: c
659.9417 	EXP 	Fixation_2: autoDraw = False
659.9417 	EXP 	line1_2: autoDraw = False
659.9417 	EXP 	line2_2: autoDraw = False
659.9417 	EXP 	line3_2: autoDraw = False
659.9417 	EXP 	line4_2: autoDraw = False
659.9417 	EXP 	protrianglefixation_2: autoDraw = False
659.9417 	EXP 	Fixation_2: autoDraw = True
660.0149 	EXP 	Device response: <KeyPress from None: t=659.9208930000023, value=c, duration=0.08835125000041444>
660.9283 	EXP 	line1_2: autoDraw = True
660.9283 	EXP 	line2_2: autoDraw = True
660.9283 	EXP 	line3_2: autoDraw = True
660.9283 	EXP 	line4_2: autoDraw = True
660.9343 	EXP 	Fixation_2: autoDraw = False
661.9286 	INFO 	Keyboard events cleared
661.9284 	EXP 	protrianglefixation_2: autoDraw = True
662.3029 	EXP 	Device response: <KeyPress from None: t=662.295866875007, value=x, duration=None>
662.3031 	EXP 	New trial (rep=9, index=2): <Trial 38 (2 in rep 9) data={'pos': np.int64(150), 'corr_resp': 'v', 'thisN': 38, 'thisTrialN': 2, 'thisRepN': 9}>
662.3054 	DATA 	Keypress: x
662.3119 	EXP 	Fixation_2: autoDraw = False
662.3119 	EXP 	line1_2: autoDraw = False
662.3119 	EXP 	line2_2: autoDraw = False
662.3119 	EXP 	line3_2: autoDraw = False
662.3119 	EXP 	line4_2: autoDraw = False
662.3119 	EXP 	protrianglefixation_2: autoDraw = False
662.3119 	EXP 	Fixation_2: autoDraw = True
662.4125 	EXP 	Device response: <KeyPress from None: t=662.295866875007, value=x, duration=0.1086965829890687>
663.2959 	EXP 	line1_2: autoDraw = True
663.2959 	EXP 	line2_2: autoDraw = True
663.2959 	EXP 	line3_2: autoDraw = True
663.2959 	EXP 	line4_2: autoDraw = True
663.3030 	EXP 	Fixation_2: autoDraw = False
664.2958 	INFO 	Keyboard events cleared
664.2956 	EXP 	protrianglefixation_2: autoDraw = True
665.3144 	EXP 	Device response: <KeyPress from None: t=665.3067410420044, value=v, duration=None>
665.3148 	EXP 	New trial (rep=9, index=3): <Trial 39 (3 in rep 9) data={'pos': np.int64(-150), 'corr_resp': 'z', 'thisN': 39, 'thisTrialN': 3, 'thisRepN': 9}>
665.3204 	DATA 	Keypress: v
665.3256 	EXP 	Fixation_2: autoDraw = False
665.3256 	EXP 	line1_2: autoDraw = False
665.3256 	EXP 	line2_2: autoDraw = False
665.3256 	EXP 	line3_2: autoDraw = False
665.3256 	EXP 	line4_2: autoDraw = False
665.3256 	EXP 	protrianglefixation_2: autoDraw = False
665.3256 	EXP 	Fixation_2: autoDraw = True
665.3967 	EXP 	Device response: <KeyPress from None: t=665.3067410420044, value=v, duration=0.08430908300215378>
666.3122 	EXP 	line1_2: autoDraw = True
666.3122 	EXP 	line2_2: autoDraw = True
666.3122 	EXP 	line3_2: autoDraw = True
666.3122 	EXP 	line4_2: autoDraw = True
666.3198 	EXP 	Fixation_2: autoDraw = False
667.3120 	INFO 	Keyboard events cleared
667.3118 	EXP 	protrianglefixation_2: autoDraw = True
668.0035 	EXP 	Device response: <KeyPress from None: t=667.9996801670059, value=z, duration=None>
668.0039 	EXP 	New trial (rep=10, index=0): <Trial 40 (0 in rep 10) data={'pos': np.int64(150), 'corr_resp': 'v', 'thisN': 40, 'thisTrialN': 0, 'thisRepN': 10}>
668.0098 	DATA 	Keypress: z
668.0160 	EXP 	Fixation_2: autoDraw = False
668.0160 	EXP 	line1_2: autoDraw = False
668.0160 	EXP 	line2_2: autoDraw = False
668.0160 	EXP 	line3_2: autoDraw = False
668.0160 	EXP 	line4_2: autoDraw = False
668.0160 	EXP 	protrianglefixation_2: autoDraw = False
668.0160 	EXP 	Fixation_2: autoDraw = True
668.0685 	EXP 	Device response: <KeyPress from None: t=667.9996801670059, value=z, duration=0.06443074998969678>
669.0038 	EXP 	line1_2: autoDraw = True
669.0038 	EXP 	line2_2: autoDraw = True
669.0038 	EXP 	line3_2: autoDraw = True
669.0038 	EXP 	line4_2: autoDraw = True
669.0300 	EXP 	Fixation_2: autoDraw = False
670.0029 	INFO 	Keyboard events cleared
670.0028 	EXP 	protrianglefixation_2: autoDraw = True
671.0966 	EXP 	Device response: <KeyPress from None: t=671.0951905830007, value=v, duration=None>
671.0970 	EXP 	New trial (rep=10, index=1): <Trial 41 (1 in rep 10) data={'pos': np.int64(-50), 'corr_resp': 'x', 'thisN': 41, 'thisTrialN': 1, 'thisRepN': 10}>
671.1030 	DATA 	Keypress: v
671.1083 	EXP 	Fixation_2: autoDraw = False
671.1083 	EXP 	line1_2: autoDraw = False
671.1083 	EXP 	line2_2: autoDraw = False
671.1083 	EXP 	line3_2: autoDraw = False
671.1083 	EXP 	line4_2: autoDraw = False
671.1083 	EXP 	protrianglefixation_2: autoDraw = False
671.1083 	EXP 	Fixation_2: autoDraw = True
671.2475 	EXP 	Device response: <KeyPress from None: t=671.0951905830007, value=v, duration=0.14378687499265652>
672.0952 	EXP 	line1_2: autoDraw = True
672.0952 	EXP 	line2_2: autoDraw = True
672.0952 	EXP 	line3_2: autoDraw = True
672.0952 	EXP 	line4_2: autoDraw = True
672.1030 	EXP 	Fixation_2: autoDraw = False
673.0954 	INFO 	Keyboard events cleared
673.0952 	EXP 	protrianglefixation_2: autoDraw = True
673.7799 	EXP 	Device response: <KeyPress from None: t=673.776569374997, value=x, duration=None>
673.7803 	EXP 	New trial (rep=10, index=2): <Trial 42 (2 in rep 10) data={'pos': np.int64(50), 'corr_resp': 'c', 'thisN': 42, 'thisTrialN': 2, 'thisRepN': 10}>
673.7851 	DATA 	Keypress: x
673.7899 	EXP 	Fixation_2: autoDraw = False
673.7899 	EXP 	line1_2: autoDraw = False
673.7899 	EXP 	line2_2: autoDraw = False
673.7899 	EXP 	line3_2: autoDraw = False
673.7899 	EXP 	line4_2: autoDraw = False
673.7899 	EXP 	protrianglefixation_2: autoDraw = False
673.7899 	EXP 	Fixation_2: autoDraw = True
673.8303 	EXP 	Device response: <KeyPress from None: t=673.776569374997, value=x, duration=0.052349125006003305>
674.7785 	EXP 	line1_2: autoDraw = True
674.7785 	EXP 	line2_2: autoDraw = True
674.7785 	EXP 	line3_2: autoDraw = True
674.7785 	EXP 	line4_2: autoDraw = True
674.7857 	EXP 	Fixation_2: autoDraw = False
675.7791 	INFO 	Keyboard events cleared
675.7789 	EXP 	protrianglefixation_2: autoDraw = True
676.0797 	EXP 	Device response: <KeyPress from None: t=676.0756104580068, value=c, duration=None>
676.0802 	EXP 	New trial (rep=10, index=3): <Trial 43 (3 in rep 10) data={'pos': np.int64(-150), 'corr_resp': 'z', 'thisN': 43, 'thisTrialN': 3, 'thisRepN': 10}>
676.0851 	DATA 	Keypress: c
676.0901 	EXP 	Fixation_2: autoDraw = False
676.0901 	EXP 	line1_2: autoDraw = False
676.0901 	EXP 	line2_2: autoDraw = False
676.0901 	EXP 	line3_2: autoDraw = False
676.0901 	EXP 	line4_2: autoDraw = False
676.0901 	EXP 	protrianglefixation_2: autoDraw = False
676.0901 	EXP 	Fixation_2: autoDraw = True
676.1988 	EXP 	Device response: <KeyPress from None: t=676.0756104580068, value=c, duration=0.11625979199016001>
677.0699 	EXP 	line1_2: autoDraw = True
677.0699 	EXP 	line2_2: autoDraw = True
677.0699 	EXP 	line3_2: autoDraw = True
677.0699 	EXP 	line4_2: autoDraw = True
677.0860 	EXP 	Fixation_2: autoDraw = False
678.0702 	INFO 	Keyboard events cleared
678.0700 	EXP 	protrianglefixation_2: autoDraw = True
678.9372 	EXP 	Device response: <KeyPress from None: t=678.9325145829935, value=z, duration=None>
678.9376 	EXP 	New trial (rep=11, index=0): <Trial 44 (0 in rep 11) data={'pos': np.int64(-50), 'corr_resp': 'x', 'thisN': 44, 'thisTrialN': 0, 'thisRepN': 11}>
678.9423 	DATA 	Keypress: z
678.9636 	EXP 	Fixation_2: autoDraw = False
678.9636 	EXP 	line1_2: autoDraw = False
678.9636 	EXP 	line2_2: autoDraw = False
678.9636 	EXP 	line3_2: autoDraw = False
678.9636 	EXP 	line4_2: autoDraw = False
678.9636 	EXP 	protrianglefixation_2: autoDraw = False
678.9636 	EXP 	Fixation_2: autoDraw = True
679.0359 	EXP 	Device response: <KeyPress from None: t=678.9325145829935, value=z, duration=0.10022695900988765>
679.9364 	EXP 	line1_2: autoDraw = True
679.9364 	EXP 	line2_2: autoDraw = True
679.9364 	EXP 	line3_2: autoDraw = True
679.9364 	EXP 	line4_2: autoDraw = True
679.9527 	EXP 	Fixation_2: autoDraw = False
680.9361 	INFO 	Keyboard events cleared
680.9360 	EXP 	protrianglefixation_2: autoDraw = True
682.1797 	EXP 	Device response: <KeyPress from None: t=682.1783407920011, value=x, duration=None>
682.1802 	EXP 	New trial (rep=11, index=1): <Trial 45 (1 in rep 11) data={'pos': np.int64(-150), 'corr_resp': 'z', 'thisN': 45, 'thisTrialN': 1, 'thisRepN': 11}>
682.1852 	DATA 	Keypress: x
682.1902 	EXP 	Fixation_2: autoDraw = False
682.1902 	EXP 	line1_2: autoDraw = False
682.1902 	EXP 	line2_2: autoDraw = False
682.1902 	EXP 	line3_2: autoDraw = False
682.1902 	EXP 	line4_2: autoDraw = False
682.1902 	EXP 	protrianglefixation_2: autoDraw = False
682.1902 	EXP 	Fixation_2: autoDraw = True
682.3471 	EXP 	Device response: <KeyPress from None: t=682.1783407920011, value=x, duration=0.16504091599199455>
683.1784 	EXP 	line1_2: autoDraw = True
683.1784 	EXP 	line2_2: autoDraw = True
683.1784 	EXP 	line3_2: autoDraw = True
683.1784 	EXP 	line4_2: autoDraw = True
683.1864 	EXP 	Fixation_2: autoDraw = False
684.1788 	INFO 	Keyboard events cleared
684.1786 	EXP 	protrianglefixation_2: autoDraw = True
685.0044 	EXP 	Device response: <KeyPress from None: t=685.0012712919997, value=z, duration=None>
685.0048 	EXP 	New trial (rep=11, index=2): <Trial 46 (2 in rep 11) data={'pos': np.int64(50), 'corr_resp': 'c', 'thisN': 46, 'thisTrialN': 2, 'thisRepN': 11}>
685.0085 	DATA 	Keypress: z
685.0130 	EXP 	Fixation_2: autoDraw = False
685.0130 	EXP 	line1_2: autoDraw = False
685.0130 	EXP 	line2_2: autoDraw = False
685.0130 	EXP 	line3_2: autoDraw = False
685.0130 	EXP 	line4_2: autoDraw = False
685.0130 	EXP 	protrianglefixation_2: autoDraw = False
685.0130 	EXP 	Fixation_2: autoDraw = True
685.1305 	EXP 	Device response: <KeyPress from None: t=685.0012712919997, value=z, duration=0.12036820799403358>
686.0038 	EXP 	Fixation_2: autoDraw = False
686.0038 	EXP 	line1_2: autoDraw = True
686.0038 	EXP 	line2_2: autoDraw = True
686.0038 	EXP 	line3_2: autoDraw = True
686.0038 	EXP 	line4_2: autoDraw = True
687.0032 	INFO 	Keyboard events cleared
687.0031 	EXP 	protrianglefixation_2: autoDraw = True
688.0977 	EXP 	Device response: <KeyPress from None: t=688.0731697080046, value=c, duration=None>
688.0982 	EXP 	New trial (rep=11, index=3): <Trial 47 (3 in rep 11) data={'pos': np.int64(150), 'corr_resp': 'v', 'thisN': 47, 'thisTrialN': 3, 'thisRepN': 11}>
688.1029 	DATA 	Keypress: c
688.1136 	EXP 	Fixation_2: autoDraw = False
688.1136 	EXP 	line1_2: autoDraw = False
688.1136 	EXP 	line2_2: autoDraw = False
688.1136 	EXP 	line3_2: autoDraw = False
688.1136 	EXP 	line4_2: autoDraw = False
688.1136 	EXP 	protrianglefixation_2: autoDraw = False
688.1136 	EXP 	Fixation_2: autoDraw = True
688.1980 	EXP 	Device response: <KeyPress from None: t=688.0731697080046, value=c, duration=0.12040866698953323>
689.0953 	EXP 	line1_2: autoDraw = True
689.0953 	EXP 	line2_2: autoDraw = True
689.0953 	EXP 	line3_2: autoDraw = True
689.0953 	EXP 	line4_2: autoDraw = True
689.1121 	EXP 	Fixation_2: autoDraw = False
690.0954 	INFO 	Keyboard events cleared
690.0952 	EXP 	protrianglefixation_2: autoDraw = True
691.1466 	EXP 	Device response: <KeyPress from None: t=691.1451477079972, value=v, duration=None>
691.1471 	EXP 	New trial (rep=12, index=0): <Trial 48 (0 in rep 12) data={'pos': np.int64(50), 'corr_resp': 'c', 'thisN': 48, 'thisTrialN': 0, 'thisRepN': 12}>
691.1521 	DATA 	Keypress: v
691.1572 	EXP 	Fixation_2: autoDraw = False
691.1572 	EXP 	line1_2: autoDraw = False
691.1572 	EXP 	line2_2: autoDraw = False
691.1572 	EXP 	line3_2: autoDraw = False
691.1572 	EXP 	line4_2: autoDraw = False
691.1572 	EXP 	protrianglefixation_2: autoDraw = False
691.1572 	EXP 	Fixation_2: autoDraw = True
691.2969 	EXP 	Device response: <KeyPress from None: t=691.1451477079972, value=v, duration=0.1402982090075966>
692.1453 	EXP 	line1_2: autoDraw = True
692.1453 	EXP 	line2_2: autoDraw = True
692.1453 	EXP 	line3_2: autoDraw = True
692.1453 	EXP 	line4_2: autoDraw = True
692.1528 	EXP 	Fixation_2: autoDraw = False
693.1454 	INFO 	Keyboard events cleared
693.1452 	EXP 	protrianglefixation_2: autoDraw = True
693.9133 	EXP 	Device response: <KeyPress from None: t=693.9051340419974, value=c, duration=None>
693.9138 	EXP 	New trial (rep=12, index=1): <Trial 49 (1 in rep 12) data={'pos': np.int64(150), 'corr_resp': 'v', 'thisN': 49, 'thisTrialN': 1, 'thisRepN': 12}>
693.9189 	DATA 	Keypress: c
693.9240 	EXP 	Fixation_2: autoDraw = False
693.9240 	EXP 	line1_2: autoDraw = False
693.9240 	EXP 	line2_2: autoDraw = False
693.9240 	EXP 	line3_2: autoDraw = False
693.9240 	EXP 	line4_2: autoDraw = False
693.9240 	EXP 	protrianglefixation_2: autoDraw = False
693.9240 	EXP 	Fixation_2: autoDraw = True
693.9814 	EXP 	Device response: <KeyPress from None: t=693.9051340419974, value=c, duration=0.06827858299948275>
694.9033 	EXP 	line1_2: autoDraw = True
694.9033 	EXP 	line2_2: autoDraw = True
694.9033 	EXP 	line3_2: autoDraw = True
694.9033 	EXP 	line4_2: autoDraw = True
694.9193 	EXP 	Fixation_2: autoDraw = False
695.9121 	INFO 	Keyboard events cleared
695.9119 	EXP 	protrianglefixation_2: autoDraw = True
697.5537 	EXP 	Device response: <KeyPress from None: t=697.5469376249966, value=v, duration=None>
697.5541 	EXP 	New trial (rep=12, index=2): <Trial 50 (2 in rep 12) data={'pos': np.int64(-150), 'corr_resp': 'z', 'thisN': 50, 'thisTrialN': 2, 'thisRepN': 12}>
697.5602 	DATA 	Keypress: v
697.5664 	EXP 	Fixation_2: autoDraw = False
697.5664 	EXP 	line1_2: autoDraw = False
697.5664 	EXP 	line2_2: autoDraw = False
697.5664 	EXP 	line3_2: autoDraw = False
697.5664 	EXP 	line4_2: autoDraw = False
697.5664 	EXP 	protrianglefixation_2: autoDraw = False
697.5664 	EXP 	Fixation_2: autoDraw = True
697.7202 	EXP 	Device response: <KeyPress from None: t=697.5469376249966, value=v, duration=0.16835741700197104>
698.5454 	EXP 	line1_2: autoDraw = True
698.5454 	EXP 	line2_2: autoDraw = True
698.5454 	EXP 	line3_2: autoDraw = True
698.5454 	EXP 	line4_2: autoDraw = True
698.5621 	EXP 	Fixation_2: autoDraw = False
699.5529 	INFO 	Keyboard events cleared
699.5527 	EXP 	protrianglefixation_2: autoDraw = True
700.3138 	EXP 	Device response: <KeyPress from None: t=700.3047868330032, value=z, duration=None>
700.3143 	EXP 	New trial (rep=12, index=3): <Trial 51 (3 in rep 12) data={'pos': np.int64(-50), 'corr_resp': 'x', 'thisN': 51, 'thisTrialN': 3, 'thisRepN': 12}>
700.3216 	DATA 	Keypress: z
700.3267 	EXP 	Fixation_2: autoDraw = False
700.3267 	EXP 	line1_2: autoDraw = False
700.3267 	EXP 	line2_2: autoDraw = False
700.3267 	EXP 	line3_2: autoDraw = False
700.3267 	EXP 	line4_2: autoDraw = False
700.3267 	EXP 	protrianglefixation_2: autoDraw = False
700.3267 	EXP 	Fixation_2: autoDraw = True
700.4030 	EXP 	Device response: <KeyPress from None: t=700.3047868330032, value=z, duration=0.0914890839922009>
701.3118 	EXP 	line1_2: autoDraw = True
701.3118 	EXP 	line2_2: autoDraw = True
701.3118 	EXP 	line3_2: autoDraw = True
701.3118 	EXP 	line4_2: autoDraw = True
701.3191 	EXP 	Fixation_2: autoDraw = False
702.3119 	INFO 	Keyboard events cleared
702.3118 	EXP 	protrianglefixation_2: autoDraw = True
703.1146 	EXP 	Device response: <KeyPress from None: t=703.1029504170001, value=x, duration=None>
703.1151 	EXP 	New trial (rep=13, index=0): <Trial 52 (0 in rep 13) data={'pos': np.int64(150), 'corr_resp': 'v', 'thisN': 52, 'thisTrialN': 0, 'thisRepN': 13}>
703.1211 	DATA 	Keypress: x
703.1266 	EXP 	Fixation_2: autoDraw = False
703.1266 	EXP 	line1_2: autoDraw = False
703.1266 	EXP 	line2_2: autoDraw = False
703.1266 	EXP 	line3_2: autoDraw = False
703.1266 	EXP 	line4_2: autoDraw = False
703.1266 	EXP 	protrianglefixation_2: autoDraw = False
703.1266 	EXP 	Fixation_2: autoDraw = True
703.2035 	EXP 	Device response: <KeyPress from None: t=703.1029504170001, value=x, duration=0.09626762500556652>
704.1117 	EXP 	line1_2: autoDraw = True
704.1117 	EXP 	line2_2: autoDraw = True
704.1117 	EXP 	line3_2: autoDraw = True
704.1117 	EXP 	line4_2: autoDraw = True
704.1191 	EXP 	Fixation_2: autoDraw = False
705.1121 	INFO 	Keyboard events cleared
705.1119 	EXP 	protrianglefixation_2: autoDraw = True
706.1048 	EXP 	Device response: <KeyPress from None: t=706.1028355830058, value=v, duration=None>
706.1054 	EXP 	New trial (rep=13, index=1): <Trial 53 (1 in rep 13) data={'pos': np.int64(50), 'corr_resp': 'c', 'thisN': 53, 'thisTrialN': 1, 'thisRepN': 13}>
706.1112 	DATA 	Keypress: v
706.1164 	EXP 	Fixation_2: autoDraw = False
706.1164 	EXP 	line1_2: autoDraw = False
706.1164 	EXP 	line2_2: autoDraw = False
706.1164 	EXP 	line3_2: autoDraw = False
706.1164 	EXP 	line4_2: autoDraw = False
706.1164 	EXP 	protrianglefixation_2: autoDraw = False
706.1164 	EXP 	Fixation_2: autoDraw = True
706.1481 	EXP 	Device response: <KeyPress from None: t=706.1028355830058, value=v, duration=0.040305541988345794>
707.1036 	EXP 	line1_2: autoDraw = True
707.1036 	EXP 	line2_2: autoDraw = True
707.1036 	EXP 	line3_2: autoDraw = True
707.1036 	EXP 	line4_2: autoDraw = True
707.1121 	EXP 	Fixation_2: autoDraw = False
708.1033 	INFO 	Keyboard events cleared
708.1031 	EXP 	protrianglefixation_2: autoDraw = True
709.0872 	EXP 	Device response: <KeyPress from None: t=709.082730167007, value=c, duration=None>
709.0876 	EXP 	New trial (rep=13, index=2): <Trial 54 (2 in rep 13) data={'pos': np.int64(-50), 'corr_resp': 'x', 'thisN': 54, 'thisTrialN': 2, 'thisRepN': 13}>
709.0936 	DATA 	Keypress: c
709.0992 	EXP 	Fixation_2: autoDraw = False
709.0992 	EXP 	line1_2: autoDraw = False
709.0992 	EXP 	line2_2: autoDraw = False
709.0992 	EXP 	line3_2: autoDraw = False
709.0992 	EXP 	line4_2: autoDraw = False
709.0992 	EXP 	protrianglefixation_2: autoDraw = False
709.0992 	EXP 	Fixation_2: autoDraw = True
709.1696 	EXP 	Device response: <KeyPress from None: t=709.082730167007, value=c, duration=0.08429633299238048>
710.0867 	EXP 	line1_2: autoDraw = True
710.0867 	EXP 	line2_2: autoDraw = True
710.0867 	EXP 	line3_2: autoDraw = True
710.0867 	EXP 	line4_2: autoDraw = True
710.0963 	EXP 	Fixation_2: autoDraw = False
711.0866 	INFO 	Keyboard events cleared
711.0864 	EXP 	protrianglefixation_2: autoDraw = True
711.9875 	EXP 	Device response: <KeyPress from None: t=711.9816766669974, value=x, duration=None>
711.9880 	EXP 	New trial (rep=13, index=3): <Trial 55 (3 in rep 13) data={'pos': np.int64(-150), 'corr_resp': 'z', 'thisN': 55, 'thisTrialN': 3, 'thisRepN': 13}>
711.9941 	DATA 	Keypress: x
711.9994 	EXP 	Fixation_2: autoDraw = False
711.9994 	EXP 	line1_2: autoDraw = False
711.9994 	EXP 	line2_2: autoDraw = False
711.9994 	EXP 	line3_2: autoDraw = False
711.9994 	EXP 	line4_2: autoDraw = False
711.9994 	EXP 	protrianglefixation_2: autoDraw = False
711.9994 	EXP 	Fixation_2: autoDraw = True
712.0478 	EXP 	Device response: <KeyPress from None: t=711.9816766669974, value=x, duration=0.05619545800436754>
712.9870 	EXP 	line1_2: autoDraw = True
712.9870 	EXP 	line2_2: autoDraw = True
712.9870 	EXP 	line3_2: autoDraw = True
712.9870 	EXP 	line4_2: autoDraw = True
713.0132 	EXP 	Fixation_2: autoDraw = False
713.9877 	INFO 	Keyboard events cleared
713.9875 	EXP 	protrianglefixation_2: autoDraw = True
714.8553 	EXP 	Device response: <KeyPress from None: t=714.8466510419967, value=z, duration=None>
714.8557 	EXP 	New trial (rep=14, index=0): <Trial 56 (0 in rep 14) data={'pos': np.int64(-150), 'corr_resp': 'z', 'thisN': 56, 'thisTrialN': 0, 'thisRepN': 14}>
714.8612 	DATA 	Keypress: z
714.8660 	EXP 	Fixation_2: autoDraw = False
714.8660 	EXP 	line1_2: autoDraw = False
714.8660 	EXP 	line2_2: autoDraw = False
714.8660 	EXP 	line3_2: autoDraw = False
714.8660 	EXP 	line4_2: autoDraw = False
714.8660 	EXP 	protrianglefixation_2: autoDraw = False
714.8660 	EXP 	Fixation_2: autoDraw = True
714.9200 	EXP 	Device response: <KeyPress from None: t=714.8466510419967, value=z, duration=0.07227887499902863>
715.8527 	EXP 	line1_2: autoDraw = True
715.8527 	EXP 	line2_2: autoDraw = True
715.8527 	EXP 	line3_2: autoDraw = True
715.8527 	EXP 	line4_2: autoDraw = True
715.8619 	EXP 	Fixation_2: autoDraw = False
716.8529 	INFO 	Keyboard events cleared
716.8528 	EXP 	protrianglefixation_2: autoDraw = True
717.6544 	EXP 	Device response: <KeyPress from None: t=717.6456106669939, value=z, duration=None>
717.6548 	EXP 	New trial (rep=14, index=1): <Trial 57 (1 in rep 14) data={'pos': np.int64(50), 'corr_resp': 'c', 'thisN': 57, 'thisTrialN': 1, 'thisRepN': 14}>
717.6607 	DATA 	Keypress: z
717.6663 	EXP 	Fixation_2: autoDraw = False
717.6663 	EXP 	line1_2: autoDraw = False
717.6663 	EXP 	line2_2: autoDraw = False
717.6663 	EXP 	line3_2: autoDraw = False
717.6663 	EXP 	line4_2: autoDraw = False
717.6663 	EXP 	protrianglefixation_2: autoDraw = False
717.6663 	EXP 	Fixation_2: autoDraw = True
717.7187 	EXP 	Device response: <KeyPress from None: t=717.6456106669939, value=z, duration=0.06822100000863429>
718.6536 	EXP 	line1_2: autoDraw = True
718.6536 	EXP 	line2_2: autoDraw = True
718.6536 	EXP 	line3_2: autoDraw = True
718.6536 	EXP 	line4_2: autoDraw = True
718.6622 	EXP 	Fixation_2: autoDraw = False
719.6542 	INFO 	Keyboard events cleared
719.6540 	EXP 	protrianglefixation_2: autoDraw = True
720.9298 	EXP 	Device response: <KeyPress from None: t=720.9255148329976, value=c, duration=None>
720.9302 	EXP 	New trial (rep=14, index=2): <Trial 58 (2 in rep 14) data={'pos': np.int64(150), 'corr_resp': 'v', 'thisN': 58, 'thisTrialN': 2, 'thisRepN': 14}>
720.9372 	DATA 	Keypress: c
720.9424 	EXP 	Fixation_2: autoDraw = False
720.9424 	EXP 	line1_2: autoDraw = False
720.9424 	EXP 	line2_2: autoDraw = False
720.9424 	EXP 	line3_2: autoDraw = False
720.9424 	EXP 	line4_2: autoDraw = False
720.9424 	EXP 	protrianglefixation_2: autoDraw = False
720.9424 	EXP 	Fixation_2: autoDraw = True
721.0196 	EXP 	Device response: <KeyPress from None: t=720.9255148329976, value=c, duration=0.0922615840099752>
721.9284 	EXP 	line1_2: autoDraw = True
721.9284 	EXP 	line2_2: autoDraw = True
721.9284 	EXP 	line3_2: autoDraw = True
721.9284 	EXP 	line4_2: autoDraw = True
721.9360 	EXP 	Fixation_2: autoDraw = False
722.9286 	INFO 	Keyboard events cleared
722.9285 	EXP 	protrianglefixation_2: autoDraw = True
723.8133 	EXP 	Device response: <KeyPress from None: t=723.8054105000047, value=v, duration=None>
723.8137 	EXP 	New trial (rep=14, index=3): <Trial 59 (3 in rep 14) data={'pos': np.int64(-50), 'corr_resp': 'x', 'thisN': 59, 'thisTrialN': 3, 'thisRepN': 14}>
723.8197 	DATA 	Keypress: v
723.8249 	EXP 	Fixation_2: autoDraw = False
723.8249 	EXP 	line1_2: autoDraw = False
723.8249 	EXP 	line2_2: autoDraw = False
723.8249 	EXP 	line3_2: autoDraw = False
723.8249 	EXP 	line4_2: autoDraw = False
723.8249 	EXP 	protrianglefixation_2: autoDraw = False
723.8249 	EXP 	Fixation_2: autoDraw = True
723.9049 	EXP 	Device response: <KeyPress from None: t=723.8054105000047, value=v, duration=0.09236320799391251>
724.8117 	EXP 	line1_2: autoDraw = True
724.8117 	EXP 	line2_2: autoDraw = True
724.8117 	EXP 	line3_2: autoDraw = True
724.8117 	EXP 	line4_2: autoDraw = True
724.8191 	EXP 	Fixation_2: autoDraw = False
725.8118 	INFO 	Keyboard events cleared
725.8117 	EXP 	protrianglefixation_2: autoDraw = True
726.4797 	EXP 	Device response: <KeyPress from None: t=726.4763309169939, value=x, duration=None>
726.4803 	EXP 	New trial (rep=15, index=0): <Trial 60 (0 in rep 15) data={'pos': np.int64(150), 'corr_resp': 'v', 'thisN': 60, 'thisTrialN': 0, 'thisRepN': 15}>
726.4864 	DATA 	Keypress: x
726.4917 	EXP 	Fixation_2: autoDraw = False
726.4917 	EXP 	line1_2: autoDraw = False
726.4917 	EXP 	line2_2: autoDraw = False
726.4917 	EXP 	line3_2: autoDraw = False
726.4917 	EXP 	line4_2: autoDraw = False
726.4917 	EXP 	protrianglefixation_2: autoDraw = False
726.4917 	EXP 	Fixation_2: autoDraw = True
726.5528 	EXP 	Device response: <KeyPress from None: t=726.4763309169939, value=x, duration=0.07237279100809246>
727.4706 	EXP 	line1_2: autoDraw = True
727.4706 	EXP 	line2_2: autoDraw = True
727.4706 	EXP 	line3_2: autoDraw = True
727.4706 	EXP 	line4_2: autoDraw = True
727.5132 	EXP 	Fixation_2: autoDraw = False
728.4788 	INFO 	Keyboard events cleared
728.4785 	EXP 	protrianglefixation_2: autoDraw = True
729.2469 	EXP 	Device response: <KeyPress from None: t=729.2383133749972, value=v, duration=None>
729.2476 	EXP 	New trial (rep=15, index=1): <Trial 61 (1 in rep 15) data={'pos': np.int64(50), 'corr_resp': 'c', 'thisN': 61, 'thisTrialN': 1, 'thisRepN': 15}>
729.2532 	DATA 	Keypress: v
729.2581 	EXP 	Fixation_2: autoDraw = False
729.2581 	EXP 	line1_2: autoDraw = False
729.2581 	EXP 	line2_2: autoDraw = False
729.2581 	EXP 	line3_2: autoDraw = False
729.2581 	EXP 	line4_2: autoDraw = False
729.2581 	EXP 	protrianglefixation_2: autoDraw = False
729.2581 	EXP 	Fixation_2: autoDraw = True
729.3299 	EXP 	Device response: <KeyPress from None: t=729.2383133749972, value=v, duration=0.08420850000402424>
730.2452 	EXP 	line1_2: autoDraw = True
730.2452 	EXP 	line2_2: autoDraw = True
730.2452 	EXP 	line3_2: autoDraw = True
730.2452 	EXP 	line4_2: autoDraw = True
730.2527 	EXP 	Fixation_2: autoDraw = False
731.2452 	INFO 	Keyboard events cleared
731.2450 	EXP 	protrianglefixation_2: autoDraw = True
732.0977 	EXP 	Device response: <KeyPress from None: t=732.0811385419947, value=c, duration=None>
732.0982 	EXP 	New trial (rep=15, index=2): <Trial 62 (2 in rep 15) data={'pos': np.int64(-150), 'corr_resp': 'z', 'thisN': 62, 'thisTrialN': 2, 'thisRepN': 15}>
732.1043 	DATA 	Keypress: c
732.1119 	EXP 	Fixation_2: autoDraw = False
732.1119 	EXP 	line1_2: autoDraw = False
732.1119 	EXP 	line2_2: autoDraw = False
732.1119 	EXP 	line3_2: autoDraw = False
732.1119 	EXP 	line4_2: autoDraw = False
732.1119 	EXP 	protrianglefixation_2: autoDraw = False
732.1119 	EXP 	Fixation_2: autoDraw = True
732.1647 	EXP 	Device response: <KeyPress from None: t=732.0811385419947, value=c, duration=0.08036920800805092>
733.0955 	EXP 	line1_2: autoDraw = True
733.0955 	EXP 	line2_2: autoDraw = True
733.0955 	EXP 	line3_2: autoDraw = True
733.0955 	EXP 	line4_2: autoDraw = True
733.1024 	EXP 	Fixation_2: autoDraw = False
734.0954 	INFO 	Keyboard events cleared
734.0951 	EXP 	protrianglefixation_2: autoDraw = True
734.4135 	EXP 	Device response: <KeyPress from None: t=734.4076147919986, value=z, duration=None>
734.4139 	EXP 	New trial (rep=15, index=3): <Trial 63 (3 in rep 15) data={'pos': np.int64(-50), 'corr_resp': 'x', 'thisN': 63, 'thisTrialN': 3, 'thisRepN': 15}>
734.4187 	DATA 	Keypress: z
734.4234 	EXP 	Fixation_2: autoDraw = False
734.4234 	EXP 	line1_2: autoDraw = False
734.4234 	EXP 	line2_2: autoDraw = False
734.4234 	EXP 	line3_2: autoDraw = False
734.4234 	EXP 	line4_2: autoDraw = False
734.4234 	EXP 	protrianglefixation_2: autoDraw = False
734.4234 	EXP 	Fixation_2: autoDraw = True
734.4856 	EXP 	Device response: <KeyPress from None: t=734.4076147919986, value=z, duration=0.07587604099535383>
735.4119 	EXP 	line1_2: autoDraw = True
735.4119 	EXP 	line2_2: autoDraw = True
735.4119 	EXP 	line3_2: autoDraw = True
735.4119 	EXP 	line4_2: autoDraw = True
735.4197 	EXP 	Fixation_2: autoDraw = False
736.4118 	INFO 	Keyboard events cleared
736.4117 	EXP 	protrianglefixation_2: autoDraw = True
736.9297 	EXP 	Device response: <KeyPress from None: t=736.9270413329941, value=x, duration=None>
736.9302 	EXP 	New trial (rep=16, index=0): <Trial 64 (0 in rep 16) data={'pos': np.int64(50), 'corr_resp': 'c', 'thisN': 64, 'thisTrialN': 0, 'thisRepN': 16}>
736.9352 	DATA 	Keypress: x
736.9401 	EXP 	Fixation_2: autoDraw = False
736.9401 	EXP 	line1_2: autoDraw = False
736.9401 	EXP 	line2_2: autoDraw = False
736.9401 	EXP 	line3_2: autoDraw = False
736.9401 	EXP 	line4_2: autoDraw = False
736.9401 	EXP 	protrianglefixation_2: autoDraw = False
736.9401 	EXP 	Fixation_2: autoDraw = True
737.0819 	EXP 	Device response: <KeyPress from None: t=736.9270413329941, value=x, duration=0.14837712500593625>
737.9285 	EXP 	line1_2: autoDraw = True
737.9285 	EXP 	line2_2: autoDraw = True
737.9285 	EXP 	line3_2: autoDraw = True
737.9285 	EXP 	line4_2: autoDraw = True
737.9359 	EXP 	Fixation_2: autoDraw = False
738.9286 	INFO 	Keyboard events cleared
738.9284 	EXP 	protrianglefixation_2: autoDraw = True
739.5706 	EXP 	Device response: <KeyPress from None: t=739.5689492499951, value=c, duration=None>
739.5710 	EXP 	New trial (rep=16, index=1): <Trial 65 (1 in rep 16) data={'pos': np.int64(-50), 'corr_resp': 'x', 'thisN': 65, 'thisTrialN': 1, 'thisRepN': 16}>
739.5774 	DATA 	Keypress: c
739.5831 	EXP 	Fixation_2: autoDraw = False
739.5831 	EXP 	line1_2: autoDraw = False
739.5831 	EXP 	line2_2: autoDraw = False
739.5831 	EXP 	line3_2: autoDraw = False
739.5831 	EXP 	line4_2: autoDraw = False
739.5831 	EXP 	protrianglefixation_2: autoDraw = False
739.5831 	EXP 	Fixation_2: autoDraw = True
739.7205 	EXP 	Device response: <KeyPress from None: t=739.5689492499951, value=c, duration=0.1483090420078952>
740.5700 	EXP 	line1_2: autoDraw = True
740.5700 	EXP 	line2_2: autoDraw = True
740.5700 	EXP 	line3_2: autoDraw = True
740.5700 	EXP 	line4_2: autoDraw = True
740.5796 	EXP 	Fixation_2: autoDraw = False
741.5695 	INFO 	Keyboard events cleared
741.5693 	EXP 	protrianglefixation_2: autoDraw = True
742.4463 	EXP 	Device response: <KeyPress from None: t=742.4419701669976, value=x, duration=None>
742.4468 	EXP 	New trial (rep=16, index=2): <Trial 66 (2 in rep 16) data={'pos': np.int64(-150), 'corr_resp': 'z', 'thisN': 66, 'thisTrialN': 2, 'thisRepN': 16}>
742.4533 	DATA 	Keypress: x
742.4585 	EXP 	Fixation_2: autoDraw = False
742.4585 	EXP 	line1_2: autoDraw = False
742.4585 	EXP 	line2_2: autoDraw = False
742.4585 	EXP 	line3_2: autoDraw = False
742.4585 	EXP 	line4_2: autoDraw = False
742.4585 	EXP 	protrianglefixation_2: autoDraw = False
742.4585 	EXP 	Fixation_2: autoDraw = True
742.5636 	EXP 	Device response: <KeyPress from None: t=742.4419701669976, value=x, duration=0.11231275000318419>
743.4450 	EXP 	line1_2: autoDraw = True
743.4450 	EXP 	line2_2: autoDraw = True
743.4450 	EXP 	line3_2: autoDraw = True
743.4450 	EXP 	line4_2: autoDraw = True
743.4524 	EXP 	Fixation_2: autoDraw = False
744.4455 	INFO 	Keyboard events cleared
744.4453 	EXP 	protrianglefixation_2: autoDraw = True
744.9711 	EXP 	Device response: <KeyPress from None: t=744.9669283749972, value=z, duration=None>
744.9715 	EXP 	New trial (rep=16, index=3): <Trial 67 (3 in rep 16) data={'pos': np.int64(150), 'corr_resp': 'v', 'thisN': 67, 'thisTrialN': 3, 'thisRepN': 16}>
744.9776 	DATA 	Keypress: z
744.9831 	EXP 	Fixation_2: autoDraw = False
744.9831 	EXP 	line1_2: autoDraw = False
744.9831 	EXP 	line2_2: autoDraw = False
744.9831 	EXP 	line3_2: autoDraw = False
744.9831 	EXP 	line4_2: autoDraw = False
744.9831 	EXP 	protrianglefixation_2: autoDraw = False
744.9831 	EXP 	Fixation_2: autoDraw = True
745.0654 	EXP 	Device response: <KeyPress from None: t=744.9669283749972, value=z, duration=0.09630016700248234>
745.9699 	EXP 	line1_2: autoDraw = True
745.9699 	EXP 	line2_2: autoDraw = True
745.9699 	EXP 	line3_2: autoDraw = True
745.9699 	EXP 	line4_2: autoDraw = True
745.9784 	EXP 	Fixation_2: autoDraw = False
746.9704 	INFO 	Keyboard events cleared
746.9702 	EXP 	protrianglefixation_2: autoDraw = True
748.0150 	EXP 	Device response: <KeyPress from None: t=748.0077928749961, value=v, duration=None>
748.0155 	EXP 	New trial (rep=17, index=0): <Trial 68 (0 in rep 17) data={'pos': np.int64(-150), 'corr_resp': 'z', 'thisN': 68, 'thisTrialN': 0, 'thisRepN': 17}>
748.0216 	DATA 	Keypress: v
748.0283 	EXP 	Fixation_2: autoDraw = False
748.0283 	EXP 	line1_2: autoDraw = False
748.0283 	EXP 	line2_2: autoDraw = False
748.0283 	EXP 	line3_2: autoDraw = False
748.0283 	EXP 	line4_2: autoDraw = False
748.0283 	EXP 	protrianglefixation_2: autoDraw = False
748.0283 	EXP 	Fixation_2: autoDraw = True
748.1135 	EXP 	Device response: <KeyPress from None: t=748.0077928749961, value=v, duration=0.09627550000732299>
749.0118 	EXP 	line1_2: autoDraw = True
749.0118 	EXP 	line2_2: autoDraw = True
749.0118 	EXP 	line3_2: autoDraw = True
749.0118 	EXP 	line4_2: autoDraw = True
749.0190 	EXP 	Fixation_2: autoDraw = False
750.0119 	INFO 	Keyboard events cleared
750.0117 	EXP 	protrianglefixation_2: autoDraw = True
750.8702 	EXP 	Device response: <KeyPress from None: t=750.8628092500003, value=z, duration=None>
750.8707 	EXP 	New trial (rep=17, index=1): <Trial 69 (1 in rep 17) data={'pos': np.int64(150), 'corr_resp': 'v', 'thisN': 69, 'thisTrialN': 1, 'thisRepN': 17}>
750.8764 	DATA 	Keypress: z
750.8824 	EXP 	Fixation_2: autoDraw = False
750.8824 	EXP 	line1_2: autoDraw = False
750.8824 	EXP 	line2_2: autoDraw = False
750.8824 	EXP 	line3_2: autoDraw = False
750.8824 	EXP 	line4_2: autoDraw = False
750.8824 	EXP 	protrianglefixation_2: autoDraw = False
750.8824 	EXP 	Fixation_2: autoDraw = True
750.9529 	EXP 	Device response: <KeyPress from None: t=750.8628092500003, value=z, duration=0.08829704200616106>
751.8695 	EXP 	line1_2: autoDraw = True
751.8695 	EXP 	line2_2: autoDraw = True
751.8695 	EXP 	line3_2: autoDraw = True
751.8695 	EXP 	line4_2: autoDraw = True
751.8786 	EXP 	Fixation_2: autoDraw = False
752.8618 	INFO 	Keyboard events cleared
752.8617 	EXP 	protrianglefixation_2: autoDraw = True
753.7474 	EXP 	Device response: <KeyPress from None: t=753.7296232079971, value=v, duration=None>
753.7479 	EXP 	New trial (rep=17, index=2): <Trial 70 (2 in rep 17) data={'pos': np.int64(50), 'corr_resp': 'c', 'thisN': 70, 'thisTrialN': 2, 'thisRepN': 17}>
753.7538 	DATA 	Keypress: v
753.7631 	EXP 	Fixation_2: autoDraw = False
753.7631 	EXP 	line1_2: autoDraw = False
753.7631 	EXP 	line2_2: autoDraw = False
753.7631 	EXP 	line3_2: autoDraw = False
753.7631 	EXP 	line4_2: autoDraw = False
753.7631 	EXP 	protrianglefixation_2: autoDraw = False
753.7631 	EXP 	Fixation_2: autoDraw = True
753.8029 	EXP 	Device response: <KeyPress from None: t=753.7296232079971, value=v, duration=0.06833904200175311>
754.7452 	EXP 	line1_2: autoDraw = True
754.7452 	EXP 	line2_2: autoDraw = True
754.7452 	EXP 	line3_2: autoDraw = True
754.7452 	EXP 	line4_2: autoDraw = True
754.7618 	EXP 	Fixation_2: autoDraw = False
755.7451 	INFO 	Keyboard events cleared
755.7450 	EXP 	protrianglefixation_2: autoDraw = True
756.5463 	EXP 	Device response: <KeyPress from None: t=756.5366061670065, value=c, duration=None>
756.5468 	EXP 	New trial (rep=17, index=3): <Trial 71 (3 in rep 17) data={'pos': np.int64(-50), 'corr_resp': 'x', 'thisN': 71, 'thisTrialN': 3, 'thisRepN': 17}>
756.5531 	DATA 	Keypress: c
756.5586 	EXP 	Fixation_2: autoDraw = False
756.5586 	EXP 	line1_2: autoDraw = False
756.5586 	EXP 	line2_2: autoDraw = False
756.5586 	EXP 	line3_2: autoDraw = False
756.5586 	EXP 	line4_2: autoDraw = False
756.5586 	EXP 	protrianglefixation_2: autoDraw = False
756.5586 	EXP 	Fixation_2: autoDraw = True
756.6194 	EXP 	Device response: <KeyPress from None: t=756.5366061670065, value=c, duration=0.07631370799208526>
757.5449 	EXP 	line1_2: autoDraw = True
757.5449 	EXP 	line2_2: autoDraw = True
757.5449 	EXP 	line3_2: autoDraw = True
757.5449 	EXP 	line4_2: autoDraw = True
757.5526 	EXP 	Fixation_2: autoDraw = False
758.5388 	INFO 	Keyboard events cleared
758.5386 	EXP 	protrianglefixation_2: autoDraw = True
759.4801 	EXP 	Device response: <KeyPress from None: t=759.4744933330076, value=x, duration=None>
759.4805 	EXP 	New trial (rep=18, index=0): <Trial 72 (0 in rep 18) data={'pos': np.int64(-150), 'corr_resp': 'z', 'thisN': 72, 'thisTrialN': 0, 'thisRepN': 18}>
759.4856 	DATA 	Keypress: x
759.4932 	EXP 	Fixation_2: autoDraw = False
759.4932 	EXP 	line1_2: autoDraw = False
759.4932 	EXP 	line2_2: autoDraw = False
759.4932 	EXP 	line3_2: autoDraw = False
759.4932 	EXP 	line4_2: autoDraw = False
759.4932 	EXP 	protrianglefixation_2: autoDraw = False
759.4932 	EXP 	Fixation_2: autoDraw = True
759.5528 	EXP 	Device response: <KeyPress from None: t=759.4744933330076, value=x, duration=0.07232049999583978>
760.4783 	EXP 	line1_2: autoDraw = True
760.4783 	EXP 	line2_2: autoDraw = True
760.4783 	EXP 	line3_2: autoDraw = True
760.4783 	EXP 	line4_2: autoDraw = True
760.4856 	EXP 	Fixation_2: autoDraw = False
761.4785 	INFO 	Keyboard events cleared
761.4783 	EXP 	protrianglefixation_2: autoDraw = True
762.2704 	EXP 	Device response: <KeyPress from None: t=762.2655192499951, value=z, duration=None>
762.2708 	EXP 	New trial (rep=18, index=1): <Trial 73 (1 in rep 18) data={'pos': np.int64(150), 'corr_resp': 'v', 'thisN': 73, 'thisTrialN': 1, 'thisRepN': 18}>
762.2767 	DATA 	Keypress: z
762.2826 	EXP 	Fixation_2: autoDraw = False
762.2826 	EXP 	line1_2: autoDraw = False
762.2826 	EXP 	line2_2: autoDraw = False
762.2826 	EXP 	line3_2: autoDraw = False
762.2826 	EXP 	line4_2: autoDraw = False
762.2826 	EXP 	protrianglefixation_2: autoDraw = False
762.2826 	EXP 	Fixation_2: autoDraw = True
762.3309 	EXP 	Device response: <KeyPress from None: t=762.2655192499951, value=z, duration=0.06018095801118761>
763.2704 	EXP 	line1_2: autoDraw = True
763.2704 	EXP 	line2_2: autoDraw = True
763.2704 	EXP 	line3_2: autoDraw = True
763.2704 	EXP 	line4_2: autoDraw = True
763.2965 	EXP 	Fixation_2: autoDraw = False
764.2618 	INFO 	Keyboard events cleared
764.2616 	EXP 	protrianglefixation_2: autoDraw = True
765.2704 	EXP 	Device response: <KeyPress from None: t=765.2624545419967, value=v, duration=None>
765.2708 	EXP 	New trial (rep=18, index=2): <Trial 74 (2 in rep 18) data={'pos': np.int64(-50), 'corr_resp': 'x', 'thisN': 74, 'thisTrialN': 2, 'thisRepN': 18}>
765.2767 	DATA 	Keypress: v
765.2825 	EXP 	Fixation_2: autoDraw = False
765.2825 	EXP 	line1_2: autoDraw = False
765.2825 	EXP 	line2_2: autoDraw = False
765.2825 	EXP 	line3_2: autoDraw = False
765.2825 	EXP 	line4_2: autoDraw = False
765.2825 	EXP 	protrianglefixation_2: autoDraw = False
765.2825 	EXP 	Fixation_2: autoDraw = True
765.3297 	EXP 	Device response: <KeyPress from None: t=765.2624545419967, value=v, duration=0.06418316600320395>
766.2700 	EXP 	line1_2: autoDraw = True
766.2700 	EXP 	line2_2: autoDraw = True
766.2700 	EXP 	line3_2: autoDraw = True
766.2700 	EXP 	line4_2: autoDraw = True
766.2784 	EXP 	Fixation_2: autoDraw = False
767.2700 	INFO 	Keyboard events cleared
767.2698 	EXP 	protrianglefixation_2: autoDraw = True
768.6800 	EXP 	Device response: <KeyPress from None: t=768.6783107079973, value=x, duration=None>
768.6806 	EXP 	New trial (rep=18, index=3): <Trial 75 (3 in rep 18) data={'pos': np.int64(50), 'corr_resp': 'c', 'thisN': 75, 'thisTrialN': 3, 'thisRepN': 18}>
768.6868 	DATA 	Keypress: x
768.6921 	EXP 	Fixation_2: autoDraw = False
768.6921 	EXP 	line1_2: autoDraw = False
768.6921 	EXP 	line2_2: autoDraw = False
768.6921 	EXP 	line3_2: autoDraw = False
768.6921 	EXP 	line4_2: autoDraw = False
768.6921 	EXP 	protrianglefixation_2: autoDraw = False
768.6921 	EXP 	Fixation_2: autoDraw = True
768.7800 	EXP 	Device response: <KeyPress from None: t=768.6783107079973, value=x, duration=0.0963711670046905>
769.6698 	EXP 	line1_2: autoDraw = True
769.6698 	EXP 	line2_2: autoDraw = True
769.6698 	EXP 	line3_2: autoDraw = True
769.6698 	EXP 	line4_2: autoDraw = True
769.6852 	EXP 	Fixation_2: autoDraw = False
770.6787 	INFO 	Keyboard events cleared
770.6785 	EXP 	protrianglefixation_2: autoDraw = True
771.5706 	EXP 	Device response: <KeyPress from None: t=771.5643102500035, value=c, duration=None>
771.5711 	EXP 	New trial (rep=19, index=0): <Trial 76 (0 in rep 19) data={'pos': np.int64(50), 'corr_resp': 'c', 'thisN': 76, 'thisTrialN': 0, 'thisRepN': 19}>
771.5769 	DATA 	Keypress: c
771.5822 	EXP 	Fixation_2: autoDraw = False
771.5822 	EXP 	line1_2: autoDraw = False
771.5822 	EXP 	line2_2: autoDraw = False
771.5822 	EXP 	line3_2: autoDraw = False
771.5822 	EXP 	line4_2: autoDraw = False
771.5822 	EXP 	protrianglefixation_2: autoDraw = False
771.5822 	EXP 	Fixation_2: autoDraw = True
771.6133 	EXP 	Device response: <KeyPress from None: t=771.5643102500035, value=c, duration=0.04431608300365042>
772.5694 	EXP 	line1_2: autoDraw = True
772.5694 	EXP 	line2_2: autoDraw = True
772.5694 	EXP 	line3_2: autoDraw = True
772.5694 	EXP 	line4_2: autoDraw = True
772.5784 	EXP 	Fixation_2: autoDraw = False
773.5705 	INFO 	Keyboard events cleared
773.5703 	EXP 	protrianglefixation_2: autoDraw = True
774.4705 	EXP 	Device response: <KeyPress from None: t=774.4662616249989, value=c, duration=None>
774.4711 	EXP 	New trial (rep=19, index=1): <Trial 77 (1 in rep 19) data={'pos': np.int64(-50), 'corr_resp': 'x', 'thisN': 77, 'thisTrialN': 1, 'thisRepN': 19}>
774.4769 	DATA 	Keypress: c
774.4825 	EXP 	Fixation_2: autoDraw = False
774.4825 	EXP 	line1_2: autoDraw = False
774.4825 	EXP 	line2_2: autoDraw = False
774.4825 	EXP 	line3_2: autoDraw = False
774.4825 	EXP 	line4_2: autoDraw = False
774.4825 	EXP 	protrianglefixation_2: autoDraw = False
774.4825 	EXP 	Fixation_2: autoDraw = True
774.5530 	EXP 	Device response: <KeyPress from None: t=774.4662616249989, value=c, duration=0.0802606250072131>
775.4706 	EXP 	line1_2: autoDraw = True
775.4706 	EXP 	line2_2: autoDraw = True
775.4706 	EXP 	line3_2: autoDraw = True
775.4706 	EXP 	line4_2: autoDraw = True
775.4788 	EXP 	Fixation_2: autoDraw = False
776.4701 	INFO 	Keyboard events cleared
776.4700 	EXP 	protrianglefixation_2: autoDraw = True
777.2542 	EXP 	Device response: <KeyPress from None: t=777.2493692499993, value=x, duration=None>
777.2547 	EXP 	New trial (rep=19, index=2): <Trial 78 (2 in rep 19) data={'pos': np.int64(-150), 'corr_resp': 'z', 'thisN': 78, 'thisTrialN': 2, 'thisRepN': 19}>
777.2608 	DATA 	Keypress: x
777.2665 	EXP 	Fixation_2: autoDraw = False
777.2665 	EXP 	line1_2: autoDraw = False
777.2665 	EXP 	line2_2: autoDraw = False
777.2665 	EXP 	line3_2: autoDraw = False
777.2665 	EXP 	line4_2: autoDraw = False
777.2665 	EXP 	protrianglefixation_2: autoDraw = False
777.2665 	EXP 	Fixation_2: autoDraw = True
777.3349 	EXP 	Device response: <KeyPress from None: t=777.2493692499993, value=x, duration=0.08401966700330377>
778.2539 	EXP 	line1_2: autoDraw = True
778.2539 	EXP 	line2_2: autoDraw = True
778.2539 	EXP 	line3_2: autoDraw = True
778.2539 	EXP 	line4_2: autoDraw = True
778.2798 	EXP 	Fixation_2: autoDraw = False
779.2533 	INFO 	Keyboard events cleared
779.2532 	EXP 	protrianglefixation_2: autoDraw = True
780.2629 	EXP 	Device response: <KeyPress from None: t=780.259029916997, value=z, duration=None>
780.2633 	EXP 	New trial (rep=19, index=3): <Trial 79 (3 in rep 19) data={'pos': np.int64(150), 'corr_resp': 'v', 'thisN': 79, 'thisTrialN': 3, 'thisRepN': 19}>
780.2697 	DATA 	Keypress: z
780.2749 	EXP 	Fixation_2: autoDraw = False
780.2749 	EXP 	line1_2: autoDraw = False
780.2749 	EXP 	line2_2: autoDraw = False
780.2749 	EXP 	line3_2: autoDraw = False
780.2749 	EXP 	line4_2: autoDraw = False
780.2749 	EXP 	protrianglefixation_2: autoDraw = False
780.2749 	EXP 	Fixation_2: autoDraw = True
780.3538 	EXP 	Device response: <KeyPress from None: t=780.259029916997, value=z, duration=0.08826591599790845>
781.2621 	EXP 	line1_2: autoDraw = True
781.2621 	EXP 	line2_2: autoDraw = True
781.2621 	EXP 	line3_2: autoDraw = True
781.2621 	EXP 	line4_2: autoDraw = True
781.2696 	EXP 	Fixation_2: autoDraw = False
782.2618 	INFO 	Keyboard events cleared
782.2616 	EXP 	protrianglefixation_2: autoDraw = True
783.2145 	EXP 	Device response: <KeyPress from None: t=783.2111065829959, value=v, duration=None>
783.2150 	EXP 	New trial (rep=20, index=0): <Trial 80 (0 in rep 20) data={'pos': np.int64(150), 'corr_resp': 'v', 'thisN': 80, 'thisTrialN': 0, 'thisRepN': 20}>
783.2213 	DATA 	Keypress: v
783.2283 	EXP 	Fixation_2: autoDraw = False
783.2283 	EXP 	line1_2: autoDraw = False
783.2283 	EXP 	line2_2: autoDraw = False
783.2283 	EXP 	line3_2: autoDraw = False
783.2283 	EXP 	line4_2: autoDraw = False
783.2283 	EXP 	protrianglefixation_2: autoDraw = False
783.2283 	EXP 	Fixation_2: autoDraw = True
783.2859 	EXP 	Device response: <KeyPress from None: t=783.2111065829959, value=v, duration=0.07221800000115763>
784.2117 	EXP 	line1_2: autoDraw = True
784.2117 	EXP 	line2_2: autoDraw = True
784.2117 	EXP 	line3_2: autoDraw = True
784.2117 	EXP 	line4_2: autoDraw = True
784.2185 	EXP 	Fixation_2: autoDraw = False
785.2118 	INFO 	Keyboard events cleared
785.2116 	EXP 	protrianglefixation_2: autoDraw = True
786.1371 	EXP 	Device response: <KeyPress from None: t=786.1309714170056, value=v, duration=None>
786.1375 	EXP 	New trial (rep=20, index=1): <Trial 81 (1 in rep 20) data={'pos': np.int64(50), 'corr_resp': 'c', 'thisN': 81, 'thisTrialN': 1, 'thisRepN': 20}>
786.1437 	DATA 	Keypress: v
786.1490 	EXP 	Fixation_2: autoDraw = False
786.1490 	EXP 	line1_2: autoDraw = False
786.1490 	EXP 	line2_2: autoDraw = False
786.1490 	EXP 	line3_2: autoDraw = False
786.1490 	EXP 	line4_2: autoDraw = False
786.1490 	EXP 	protrianglefixation_2: autoDraw = False
786.1490 	EXP 	Fixation_2: autoDraw = True
786.1974 	EXP 	Device response: <KeyPress from None: t=786.1309714170056, value=v, duration=0.056189040988101624>
787.1367 	EXP 	line1_2: autoDraw = True
787.1367 	EXP 	line2_2: autoDraw = True
787.1367 	EXP 	line3_2: autoDraw = True
787.1367 	EXP 	line4_2: autoDraw = True
787.1453 	EXP 	Fixation_2: autoDraw = False
788.1369 	INFO 	Keyboard events cleared
788.1367 	EXP 	protrianglefixation_2: autoDraw = True
789.2039 	EXP 	Device response: <KeyPress from None: t=789.2029038330074, value=c, duration=None>
789.2044 	EXP 	New trial (rep=20, index=2): <Trial 82 (2 in rep 20) data={'pos': np.int64(-50), 'corr_resp': 'x', 'thisN': 82, 'thisTrialN': 2, 'thisRepN': 20}>
789.2106 	DATA 	Keypress: c
789.2163 	EXP 	Fixation_2: autoDraw = False
789.2163 	EXP 	line1_2: autoDraw = False
789.2163 	EXP 	line2_2: autoDraw = False
789.2163 	EXP 	line3_2: autoDraw = False
789.2163 	EXP 	line4_2: autoDraw = False
789.2163 	EXP 	protrianglefixation_2: autoDraw = False
789.2163 	EXP 	Fixation_2: autoDraw = True
789.2977 	EXP 	Device response: <KeyPress from None: t=789.2029038330074, value=c, duration=0.0883309999917401>
790.1951 	EXP 	line1_2: autoDraw = True
790.1951 	EXP 	line2_2: autoDraw = True
790.1951 	EXP 	line3_2: autoDraw = True
790.1951 	EXP 	line4_2: autoDraw = True
790.2117 	EXP 	Fixation_2: autoDraw = False
791.2030 	INFO 	Keyboard events cleared
791.2029 	EXP 	protrianglefixation_2: autoDraw = True
791.8975 	EXP 	Device response: <KeyPress from None: t=791.8938061249937, value=x, duration=None>
791.8981 	EXP 	New trial (rep=20, index=3): <Trial 83 (3 in rep 20) data={'pos': np.int64(-150), 'corr_resp': 'z', 'thisN': 83, 'thisTrialN': 3, 'thisRepN': 20}>
791.9047 	DATA 	Keypress: x
791.9100 	EXP 	Fixation_2: autoDraw = False
791.9100 	EXP 	line1_2: autoDraw = False
791.9100 	EXP 	line2_2: autoDraw = False
791.9100 	EXP 	line3_2: autoDraw = False
791.9100 	EXP 	line4_2: autoDraw = False
791.9100 	EXP 	protrianglefixation_2: autoDraw = False
791.9100 	EXP 	Fixation_2: autoDraw = True
792.0035 	EXP 	Device response: <KeyPress from None: t=791.8938061249937, value=x, duration=0.10836079200089443>
792.8949 	EXP 	line1_2: autoDraw = True
792.8949 	EXP 	line2_2: autoDraw = True
792.8949 	EXP 	line3_2: autoDraw = True
792.8949 	EXP 	line4_2: autoDraw = True
792.9027 	EXP 	Fixation_2: autoDraw = False
793.8951 	INFO 	Keyboard events cleared
793.8949 	EXP 	protrianglefixation_2: autoDraw = True
794.6040 	EXP 	Device response: <KeyPress from None: t=794.5967537499964, value=z, duration=None>
794.6044 	EXP 	New trial (rep=21, index=0): <Trial 84 (0 in rep 21) data={'pos': np.int64(-50), 'corr_resp': 'x', 'thisN': 84, 'thisTrialN': 0, 'thisRepN': 21}>
794.6103 	DATA 	Keypress: z
794.6160 	EXP 	Fixation_2: autoDraw = False
794.6160 	EXP 	line1_2: autoDraw = False
794.6160 	EXP 	line2_2: autoDraw = False
794.6160 	EXP 	line3_2: autoDraw = False
794.6160 	EXP 	line4_2: autoDraw = False
794.6160 	EXP 	protrianglefixation_2: autoDraw = False
794.6160 	EXP 	Fixation_2: autoDraw = True
794.6641 	EXP 	Device response: <KeyPress from None: t=794.5967537499964, value=z, duration=0.05661716700706165>
795.6023 	EXP 	line1_2: autoDraw = True
795.6023 	EXP 	line2_2: autoDraw = True
795.6023 	EXP 	line3_2: autoDraw = True
795.6023 	EXP 	line4_2: autoDraw = True
795.6117 	EXP 	Fixation_2: autoDraw = False
796.6031 	INFO 	Keyboard events cleared
796.6029 	EXP 	protrianglefixation_2: autoDraw = True
796.9462 	EXP 	Device response: <KeyPress from None: t=796.9447678330034, value=x, duration=None>
796.9467 	EXP 	New trial (rep=21, index=1): <Trial 85 (1 in rep 21) data={'pos': np.int64(150), 'corr_resp': 'v', 'thisN': 85, 'thisTrialN': 1, 'thisRepN': 21}>
796.9532 	DATA 	Keypress: x
796.9583 	EXP 	Fixation_2: autoDraw = False
796.9583 	EXP 	line1_2: autoDraw = False
796.9583 	EXP 	line2_2: autoDraw = False
796.9583 	EXP 	line3_2: autoDraw = False
796.9583 	EXP 	line4_2: autoDraw = False
796.9583 	EXP 	protrianglefixation_2: autoDraw = False
796.9583 	EXP 	Fixation_2: autoDraw = True
797.0632 	EXP 	Device response: <KeyPress from None: t=796.9447678330034, value=x, duration=0.11217212499468587>
797.9450 	EXP 	line1_2: autoDraw = True
797.9450 	EXP 	line2_2: autoDraw = True
797.9450 	EXP 	line3_2: autoDraw = True
797.9450 	EXP 	line4_2: autoDraw = True
797.9523 	EXP 	Fixation_2: autoDraw = False
798.9452 	INFO 	Keyboard events cleared
798.9450 	EXP 	protrianglefixation_2: autoDraw = True
799.5796 	EXP 	Device response: <KeyPress from None: t=799.5766592080035, value=v, duration=None>
799.5802 	EXP 	New trial (rep=21, index=2): <Trial 86 (2 in rep 21) data={'pos': np.int64(-150), 'corr_resp': 'z', 'thisN': 86, 'thisTrialN': 2, 'thisRepN': 21}>
799.5866 	DATA 	Keypress: v
799.5918 	EXP 	Fixation_2: autoDraw = False
799.5918 	EXP 	line1_2: autoDraw = False
799.5918 	EXP 	line2_2: autoDraw = False
799.5918 	EXP 	line3_2: autoDraw = False
799.5918 	EXP 	line4_2: autoDraw = False
799.5918 	EXP 	protrianglefixation_2: autoDraw = False
799.5918 	EXP 	Fixation_2: autoDraw = True
799.6707 	EXP 	Device response: <KeyPress from None: t=799.5766592080035, value=v, duration=0.09229316699202172>
800.5782 	EXP 	line1_2: autoDraw = True
800.5782 	EXP 	line2_2: autoDraw = True
800.5782 	EXP 	line3_2: autoDraw = True
800.5782 	EXP 	line4_2: autoDraw = True
800.5860 	EXP 	Fixation_2: autoDraw = False
801.5793 	INFO 	Keyboard events cleared
801.5790 	EXP 	protrianglefixation_2: autoDraw = True
802.6298 	EXP 	Device response: <KeyPress from None: t=802.626465207999, value=z, duration=None>
802.6302 	EXP 	New trial (rep=21, index=3): <Trial 87 (3 in rep 21) data={'pos': np.int64(50), 'corr_resp': 'c', 'thisN': 87, 'thisTrialN': 3, 'thisRepN': 21}>
802.6369 	DATA 	Keypress: z
802.6428 	EXP 	Fixation_2: autoDraw = False
802.6428 	EXP 	line1_2: autoDraw = False
802.6428 	EXP 	line2_2: autoDraw = False
802.6428 	EXP 	line3_2: autoDraw = False
802.6428 	EXP 	line4_2: autoDraw = False
802.6428 	EXP 	protrianglefixation_2: autoDraw = False
802.6428 	EXP 	Fixation_2: autoDraw = True
802.7141 	EXP 	Device response: <KeyPress from None: t=802.626465207999, value=z, duration=0.07544779199815821>
803.6284 	EXP 	line1_2: autoDraw = True
803.6284 	EXP 	line2_2: autoDraw = True
803.6284 	EXP 	line3_2: autoDraw = True
803.6284 	EXP 	line4_2: autoDraw = True
803.6366 	EXP 	Fixation_2: autoDraw = False
804.6286 	INFO 	Keyboard events cleared
804.6283 	EXP 	protrianglefixation_2: autoDraw = True
805.4311 	EXP 	Device response: <KeyPress from None: t=805.424469125006, value=c, duration=None>
805.4316 	EXP 	New trial (rep=22, index=0): <Trial 88 (0 in rep 22) data={'pos': np.int64(-150), 'corr_resp': 'z', 'thisN': 88, 'thisTrialN': 0, 'thisRepN': 22}>
805.4381 	DATA 	Keypress: c
805.4450 	EXP 	Fixation_2: autoDraw = False
805.4450 	EXP 	line1_2: autoDraw = False
805.4450 	EXP 	line2_2: autoDraw = False
805.4450 	EXP 	line3_2: autoDraw = False
805.4450 	EXP 	line4_2: autoDraw = False
805.4450 	EXP 	protrianglefixation_2: autoDraw = False
805.4450 	EXP 	Fixation_2: autoDraw = True
805.5304 	EXP 	Device response: <KeyPress from None: t=805.424469125006, value=c, duration=0.10435379199043382>
806.4282 	EXP 	line1_2: autoDraw = True
806.4282 	EXP 	line2_2: autoDraw = True
806.4282 	EXP 	line3_2: autoDraw = True
806.4282 	EXP 	line4_2: autoDraw = True
806.4361 	EXP 	Fixation_2: autoDraw = False
807.4284 	INFO 	Keyboard events cleared
807.4282 	EXP 	protrianglefixation_2: autoDraw = True
808.1802 	EXP 	Device response: <KeyPress from None: t=808.1706982080068, value=z, duration=None>
808.1807 	EXP 	New trial (rep=22, index=1): <Trial 89 (1 in rep 22) data={'pos': np.int64(150), 'corr_resp': 'v', 'thisN': 89, 'thisTrialN': 1, 'thisRepN': 22}>
808.1877 	DATA 	Keypress: z
808.1928 	EXP 	Fixation_2: autoDraw = False
808.1928 	EXP 	line1_2: autoDraw = False
808.1928 	EXP 	line2_2: autoDraw = False
808.1928 	EXP 	line3_2: autoDraw = False
808.1928 	EXP 	line4_2: autoDraw = False
808.1928 	EXP 	protrianglefixation_2: autoDraw = False
808.1928 	EXP 	Fixation_2: autoDraw = True
808.2464 	EXP 	Device response: <KeyPress from None: t=808.1706982080068, value=z, duration=0.06801187498786021>
809.1782 	EXP 	line1_2: autoDraw = True
809.1782 	EXP 	line2_2: autoDraw = True
809.1782 	EXP 	line3_2: autoDraw = True
809.1782 	EXP 	line4_2: autoDraw = True
809.1862 	EXP 	Fixation_2: autoDraw = False
810.1784 	INFO 	Keyboard events cleared
810.1782 	EXP 	protrianglefixation_2: autoDraw = True
811.2461 	EXP 	Device response: <KeyPress from None: t=811.2443587919988, value=v, duration=None>
811.2466 	EXP 	New trial (rep=22, index=2): <Trial 90 (2 in rep 22) data={'pos': np.int64(50), 'corr_resp': 'c', 'thisN': 90, 'thisTrialN': 2, 'thisRepN': 22}>
811.2529 	DATA 	Keypress: v
811.2582 	EXP 	Fixation_2: autoDraw = False
811.2582 	EXP 	line1_2: autoDraw = False
811.2582 	EXP 	line2_2: autoDraw = False
811.2582 	EXP 	line3_2: autoDraw = False
811.2582 	EXP 	line4_2: autoDraw = False
811.2582 	EXP 	protrianglefixation_2: autoDraw = False
811.2582 	EXP 	Fixation_2: autoDraw = True
811.3130 	EXP 	Device response: <KeyPress from None: t=811.2443587919988, value=v, duration=0.06422370800282806>
812.2449 	EXP 	line1_2: autoDraw = True
812.2449 	EXP 	line2_2: autoDraw = True
812.2449 	EXP 	line3_2: autoDraw = True
812.2449 	EXP 	line4_2: autoDraw = True
812.2527 	EXP 	Fixation_2: autoDraw = False
813.2451 	INFO 	Keyboard events cleared
813.2449 	EXP 	protrianglefixation_2: autoDraw = True
814.3203 	EXP 	Device response: <KeyPress from None: t=814.3162143749942, value=c, duration=None>
814.3207 	EXP 	New trial (rep=22, index=3): <Trial 91 (3 in rep 22) data={'pos': np.int64(-50), 'corr_resp': 'x', 'thisN': 91, 'thisTrialN': 3, 'thisRepN': 22}>
814.3270 	DATA 	Keypress: c
814.3326 	EXP 	Fixation_2: autoDraw = False
814.3326 	EXP 	line1_2: autoDraw = False
814.3326 	EXP 	line2_2: autoDraw = False
814.3326 	EXP 	line3_2: autoDraw = False
814.3326 	EXP 	line4_2: autoDraw = False
814.3326 	EXP 	protrianglefixation_2: autoDraw = False
814.3326 	EXP 	Fixation_2: autoDraw = True
814.4141 	EXP 	Device response: <KeyPress from None: t=814.3162143749942, value=c, duration=0.08833529200637713>
815.3194 	EXP 	line1_2: autoDraw = True
815.3194 	EXP 	line2_2: autoDraw = True
815.3194 	EXP 	line3_2: autoDraw = True
815.3194 	EXP 	line4_2: autoDraw = True
815.3285 	EXP 	Fixation_2: autoDraw = False
816.3118 	INFO 	Keyboard events cleared
816.3116 	EXP 	protrianglefixation_2: autoDraw = True
817.1535 	EXP 	Device response: <KeyPress from None: t=817.1491751249996, value=x, duration=None>
817.1540 	EXP 	New trial (rep=23, index=0): <Trial 92 (0 in rep 23) data={'pos': np.int64(150), 'corr_resp': 'v', 'thisN': 92, 'thisTrialN': 0, 'thisRepN': 23}>
817.1601 	DATA 	Keypress: x
817.1655 	EXP 	Fixation_2: autoDraw = False
817.1655 	EXP 	line1_2: autoDraw = False
817.1655 	EXP 	line2_2: autoDraw = False
817.1655 	EXP 	line3_2: autoDraw = False
817.1655 	EXP 	line4_2: autoDraw = False
817.1655 	EXP 	protrianglefixation_2: autoDraw = False
817.1655 	EXP 	Fixation_2: autoDraw = True
817.2695 	EXP 	Device response: <KeyPress from None: t=817.1491751249996, value=x, duration=0.11636670799634885>
818.1451 	EXP 	line1_2: autoDraw = True
818.1451 	EXP 	line2_2: autoDraw = True
818.1451 	EXP 	line3_2: autoDraw = True
818.1451 	EXP 	line4_2: autoDraw = True
818.1617 	EXP 	Fixation_2: autoDraw = False
819.1531 	INFO 	Keyboard events cleared
819.1530 	EXP 	protrianglefixation_2: autoDraw = True
820.3298 	EXP 	Device response: <KeyPress from None: t=820.3240448330034, value=v, duration=None>
820.3302 	EXP 	New trial (rep=23, index=1): <Trial 93 (1 in rep 23) data={'pos': np.int64(-150), 'corr_resp': 'z', 'thisN': 93, 'thisTrialN': 1, 'thisRepN': 23}>
820.3364 	DATA 	Keypress: v
820.3414 	EXP 	Fixation_2: autoDraw = False
820.3414 	EXP 	line1_2: autoDraw = False
820.3414 	EXP 	line2_2: autoDraw = False
820.3414 	EXP 	line3_2: autoDraw = False
820.3414 	EXP 	line4_2: autoDraw = False
820.3414 	EXP 	protrianglefixation_2: autoDraw = False
820.3414 	EXP 	Fixation_2: autoDraw = True
820.4020 	EXP 	Device response: <KeyPress from None: t=820.3240448330034, value=v, duration=0.07242745900293812>
821.3282 	EXP 	line1_2: autoDraw = True
821.3282 	EXP 	line2_2: autoDraw = True
821.3282 	EXP 	line3_2: autoDraw = True
821.3282 	EXP 	line4_2: autoDraw = True
821.3365 	EXP 	Fixation_2: autoDraw = False
822.3285 	INFO 	Keyboard events cleared
822.3283 	EXP 	protrianglefixation_2: autoDraw = True
823.3704 	EXP 	Device response: <KeyPress from None: t=823.3620596249966, value=z, duration=None>
823.3709 	EXP 	New trial (rep=23, index=2): <Trial 94 (2 in rep 23) data={'pos': np.int64(-50), 'corr_resp': 'x', 'thisN': 94, 'thisTrialN': 2, 'thisRepN': 23}>
823.3769 	DATA 	Keypress: z
823.3823 	EXP 	Fixation_2: autoDraw = False
823.3823 	EXP 	line1_2: autoDraw = False
823.3823 	EXP 	line2_2: autoDraw = False
823.3823 	EXP 	line3_2: autoDraw = False
823.3823 	EXP 	line4_2: autoDraw = False
823.3823 	EXP 	protrianglefixation_2: autoDraw = False
823.3823 	EXP 	Fixation_2: autoDraw = True
823.4466 	EXP 	Device response: <KeyPress from None: t=823.3620596249966, value=z, duration=0.08035262500925455>
824.3700 	EXP 	line1_2: autoDraw = True
824.3700 	EXP 	line2_2: autoDraw = True
824.3700 	EXP 	line3_2: autoDraw = True
824.3700 	EXP 	line4_2: autoDraw = True
824.3783 	EXP 	Fixation_2: autoDraw = False
825.3705 	INFO 	Keyboard events cleared
825.3704 	EXP 	protrianglefixation_2: autoDraw = True
825.7801 	EXP 	Device response: <KeyPress from None: t=825.7740924170066, value=x, duration=None>
825.7805 	EXP 	New trial (rep=23, index=3): <Trial 95 (3 in rep 23) data={'pos': np.int64(50), 'corr_resp': 'c', 'thisN': 95, 'thisTrialN': 3, 'thisRepN': 23}>
825.7867 	DATA 	Keypress: x
825.7918 	EXP 	Fixation_2: autoDraw = False
825.7918 	EXP 	line1_2: autoDraw = False
825.7918 	EXP 	line2_2: autoDraw = False
825.7918 	EXP 	line3_2: autoDraw = False
825.7918 	EXP 	line4_2: autoDraw = False
825.7918 	EXP 	protrianglefixation_2: autoDraw = False
825.7918 	EXP 	Fixation_2: autoDraw = True
825.8636 	EXP 	Device response: <KeyPress from None: t=825.7740924170066, value=x, duration=0.08027849999780301>
826.7782 	EXP 	line1_2: autoDraw = True
826.7782 	EXP 	line2_2: autoDraw = True
826.7782 	EXP 	line3_2: autoDraw = True
826.7782 	EXP 	line4_2: autoDraw = True
826.7854 	EXP 	Fixation_2: autoDraw = False
827.7784 	INFO 	Keyboard events cleared
827.7783 	EXP 	protrianglefixation_2: autoDraw = True
828.7302 	EXP 	Device response: <KeyPress from None: t=828.7269779170019, value=c, duration=None>
828.7307 	EXP 	New trial (rep=24, index=0): <Trial 96 (0 in rep 24) data={'pos': np.int64(50), 'corr_resp': 'c', 'thisN': 96, 'thisTrialN': 0, 'thisRepN': 24}>
828.7373 	DATA 	Keypress: c
828.7424 	EXP 	Fixation_2: autoDraw = False
828.7424 	EXP 	line1_2: autoDraw = False
828.7424 	EXP 	line2_2: autoDraw = False
828.7424 	EXP 	line3_2: autoDraw = False
828.7424 	EXP 	line4_2: autoDraw = False
828.7424 	EXP 	protrianglefixation_2: autoDraw = False
828.7424 	EXP 	Fixation_2: autoDraw = True
828.7966 	EXP 	Device response: <KeyPress from None: t=828.7269779170019, value=c, duration=0.06826845799514558>
829.7282 	EXP 	line1_2: autoDraw = True
829.7282 	EXP 	line2_2: autoDraw = True
829.7282 	EXP 	line3_2: autoDraw = True
829.7282 	EXP 	line4_2: autoDraw = True
829.7354 	EXP 	Fixation_2: autoDraw = False
830.7284 	INFO 	Keyboard events cleared
830.7282 	EXP 	protrianglefixation_2: autoDraw = True
831.6294 	EXP 	Device response: <KeyPress from None: t=831.6248811669939, value=c, duration=None>
831.6299 	EXP 	New trial (rep=24, index=1): <Trial 97 (1 in rep 24) data={'pos': np.int64(150), 'corr_resp': 'v', 'thisN': 97, 'thisTrialN': 1, 'thisRepN': 24}>
831.6361 	DATA 	Keypress: c
831.6413 	EXP 	Fixation_2: autoDraw = False
831.6413 	EXP 	line1_2: autoDraw = False
831.6413 	EXP 	line2_2: autoDraw = False
831.6413 	EXP 	line3_2: autoDraw = False
831.6413 	EXP 	line4_2: autoDraw = False
831.6413 	EXP 	protrianglefixation_2: autoDraw = False
831.6413 	EXP 	Fixation_2: autoDraw = True
831.7202 	EXP 	Device response: <KeyPress from None: t=831.6248811669939, value=c, duration=0.0883576660125982>
832.6192 	EXP 	line1_2: autoDraw = True
832.6192 	EXP 	line2_2: autoDraw = True
832.6192 	EXP 	line3_2: autoDraw = True
832.6192 	EXP 	line4_2: autoDraw = True
832.6357 	EXP 	Fixation_2: autoDraw = False
833.6202 	INFO 	Keyboard events cleared
833.6200 	EXP 	protrianglefixation_2: autoDraw = True
834.6463 	EXP 	Device response: <KeyPress from None: t=834.6398264580057, value=v, duration=None>
834.6468 	EXP 	New trial (rep=24, index=2): <Trial 98 (2 in rep 24) data={'pos': np.int64(-150), 'corr_resp': 'z', 'thisN': 98, 'thisTrialN': 2, 'thisRepN': 24}>
834.6528 	DATA 	Keypress: v
834.6578 	EXP 	Fixation_2: autoDraw = False
834.6578 	EXP 	line1_2: autoDraw = False
834.6578 	EXP 	line2_2: autoDraw = False
834.6578 	EXP 	line3_2: autoDraw = False
834.6578 	EXP 	line4_2: autoDraw = False
834.6578 	EXP 	protrianglefixation_2: autoDraw = False
834.6578 	EXP 	Fixation_2: autoDraw = True
834.7019 	EXP 	Device response: <KeyPress from None: t=834.6398264580057, value=v, duration=0.05623358399316203>
835.6450 	EXP 	line1_2: autoDraw = True
835.6450 	EXP 	line2_2: autoDraw = True
835.6450 	EXP 	line3_2: autoDraw = True
835.6450 	EXP 	line4_2: autoDraw = True
835.6524 	EXP 	Fixation_2: autoDraw = False
836.6450 	INFO 	Keyboard events cleared
836.6449 	EXP 	protrianglefixation_2: autoDraw = True
837.5533 	EXP 	Device response: <KeyPress from None: t=837.550735583005, value=z, duration=None>
837.5540 	EXP 	New trial (rep=24, index=3): <Trial 99 (3 in rep 24) data={'pos': np.int64(-50), 'corr_resp': 'x', 'thisN': 99, 'thisTrialN': 3, 'thisRepN': 24}>
837.5607 	DATA 	Keypress: z
837.5661 	EXP 	Fixation_2: autoDraw = False
837.5661 	EXP 	line1_2: autoDraw = False
837.5661 	EXP 	line2_2: autoDraw = False
837.5661 	EXP 	line3_2: autoDraw = False
837.5661 	EXP 	line4_2: autoDraw = False
837.5661 	EXP 	protrianglefixation_2: autoDraw = False
837.5661 	EXP 	Fixation_2: autoDraw = True
837.6538 	EXP 	Device response: <KeyPress from None: t=837.550735583005, value=z, duration=0.0962095419963589>
838.5525 	EXP 	line1_2: autoDraw = True
838.5525 	EXP 	line2_2: autoDraw = True
838.5525 	EXP 	line3_2: autoDraw = True
838.5525 	EXP 	line4_2: autoDraw = True
838.5621 	EXP 	Fixation_2: autoDraw = False
839.5533 	INFO 	Keyboard events cleared
839.5531 	EXP 	protrianglefixation_2: autoDraw = True
840.2630 	EXP 	Device response: <KeyPress from None: t=840.2546996250021, value=x, duration=None>
840.2635 	EXP 	New trial (rep=25, index=0): <Trial 100 (0 in rep 25) data={'pos': np.int64(50), 'corr_resp': 'c', 'thisN': 100, 'thisTrialN': 0, 'thisRepN': 25}>
840.2708 	DATA 	Keypress: x
840.2760 	EXP 	Fixation_2: autoDraw = False
840.2760 	EXP 	line1_2: autoDraw = False
840.2760 	EXP 	line2_2: autoDraw = False
840.2760 	EXP 	line3_2: autoDraw = False
840.2760 	EXP 	line4_2: autoDraw = False
840.2760 	EXP 	protrianglefixation_2: autoDraw = False
840.2760 	EXP 	Fixation_2: autoDraw = True
840.3468 	EXP 	Device response: <KeyPress from None: t=840.2546996250021, value=x, duration=0.0801724579941947>
841.2614 	EXP 	line1_2: autoDraw = True
841.2614 	EXP 	line2_2: autoDraw = True
841.2614 	EXP 	line3_2: autoDraw = True
841.2614 	EXP 	line4_2: autoDraw = True
841.2689 	EXP 	Fixation_2: autoDraw = False
842.2617 	INFO 	Keyboard events cleared
842.2615 	EXP 	protrianglefixation_2: autoDraw = True
843.2302 	EXP 	Device response: <KeyPress from None: t=843.2256376669975, value=c, duration=None>
843.2311 	EXP 	New trial (rep=25, index=1): <Trial 101 (1 in rep 25) data={'pos': np.int64(-50), 'corr_resp': 'x', 'thisN': 101, 'thisTrialN': 1, 'thisRepN': 25}>
843.2375 	DATA 	Keypress: c
843.2427 	EXP 	Fixation_2: autoDraw = False
843.2427 	EXP 	line1_2: autoDraw = False
843.2427 	EXP 	line2_2: autoDraw = False
843.2427 	EXP 	line3_2: autoDraw = False
843.2427 	EXP 	line4_2: autoDraw = False
843.2427 	EXP 	protrianglefixation_2: autoDraw = False
843.2427 	EXP 	Fixation_2: autoDraw = True
843.3638 	EXP 	Device response: <KeyPress from None: t=843.2256376669975, value=c, duration=0.13630437500250991>
844.2285 	EXP 	line1_2: autoDraw = True
844.2285 	EXP 	line2_2: autoDraw = True
844.2285 	EXP 	line3_2: autoDraw = True
844.2285 	EXP 	line4_2: autoDraw = True
844.2356 	EXP 	Fixation_2: autoDraw = False
845.2284 	INFO 	Keyboard events cleared
845.2282 	EXP 	protrianglefixation_2: autoDraw = True
846.1869 	EXP 	Device response: <KeyPress from None: t=846.1846153749939, value=x, duration=None>
846.1875 	EXP 	New trial (rep=25, index=2): <Trial 102 (2 in rep 25) data={'pos': np.int64(150), 'corr_resp': 'v', 'thisN': 102, 'thisTrialN': 2, 'thisRepN': 25}>
846.1937 	DATA 	Keypress: x
846.1990 	EXP 	Fixation_2: autoDraw = False
846.1990 	EXP 	line1_2: autoDraw = False
846.1990 	EXP 	line2_2: autoDraw = False
846.1990 	EXP 	line3_2: autoDraw = False
846.1990 	EXP 	line4_2: autoDraw = False
846.1990 	EXP 	protrianglefixation_2: autoDraw = False
846.1990 	EXP 	Fixation_2: autoDraw = True
846.2801 	EXP 	Device response: <KeyPress from None: t=846.1846153749939, value=x, duration=0.0842953329993179>
847.1861 	EXP 	line1_2: autoDraw = True
847.1861 	EXP 	line2_2: autoDraw = True
847.1861 	EXP 	line3_2: autoDraw = True
847.1861 	EXP 	line4_2: autoDraw = True
847.1949 	EXP 	Fixation_2: autoDraw = False
848.1865 	INFO 	Keyboard events cleared
848.1864 	EXP 	protrianglefixation_2: autoDraw = True
850.0297 	EXP 	Device response: <KeyPress from None: t=850.0233527920063, value=v, duration=None>
850.0301 	EXP 	New trial (rep=25, index=3): <Trial 103 (3 in rep 25) data={'pos': np.int64(-150), 'corr_resp': 'z', 'thisN': 103, 'thisTrialN': 3, 'thisRepN': 25}>
850.0361 	DATA 	Keypress: v
850.0414 	EXP 	Fixation_2: autoDraw = False
850.0414 	EXP 	line1_2: autoDraw = False
850.0414 	EXP 	line2_2: autoDraw = False
850.0414 	EXP 	line3_2: autoDraw = False
850.0414 	EXP 	line4_2: autoDraw = False
850.0414 	EXP 	protrianglefixation_2: autoDraw = False
850.0414 	EXP 	Fixation_2: autoDraw = True
850.1133 	EXP 	Device response: <KeyPress from None: t=850.0233527920063, value=v, duration=0.08039229099813383>
851.0281 	EXP 	line1_2: autoDraw = True
851.0281 	EXP 	line2_2: autoDraw = True
851.0281 	EXP 	line3_2: autoDraw = True
851.0281 	EXP 	line4_2: autoDraw = True
851.0356 	EXP 	Fixation_2: autoDraw = False
852.0284 	INFO 	Keyboard events cleared
852.0282 	EXP 	protrianglefixation_2: autoDraw = True
853.1811 	EXP 	Device response: <KeyPress from None: t=853.1783969170065, value=z, duration=None>
853.1817 	EXP 	New trial (rep=26, index=0): <Trial 104 (0 in rep 26) data={'pos': np.int64(-150), 'corr_resp': 'z', 'thisN': 104, 'thisTrialN': 0, 'thisRepN': 26}>
853.1883 	DATA 	Keypress: z
853.1936 	EXP 	Fixation_2: autoDraw = False
853.1936 	EXP 	line1_2: autoDraw = False
853.1936 	EXP 	line2_2: autoDraw = False
853.1936 	EXP 	line3_2: autoDraw = False
853.1936 	EXP 	line4_2: autoDraw = False
853.1936 	EXP 	protrianglefixation_2: autoDraw = False
853.1936 	EXP 	Fixation_2: autoDraw = True
853.2536 	EXP 	Device response: <KeyPress from None: t=853.1783969170065, value=z, duration=0.06830749999789987>
854.1781 	EXP 	line1_2: autoDraw = True
854.1781 	EXP 	line2_2: autoDraw = True
854.1781 	EXP 	line3_2: autoDraw = True
854.1781 	EXP 	line4_2: autoDraw = True
854.1856 	EXP 	Fixation_2: autoDraw = False
855.1784 	INFO 	Keyboard events cleared
855.1782 	EXP 	protrianglefixation_2: autoDraw = True
856.2206 	EXP 	Device response: <KeyPress from None: t=856.2142961250065, value=z, duration=None>
856.2211 	EXP 	New trial (rep=26, index=1): <Trial 105 (1 in rep 26) data={'pos': np.int64(50), 'corr_resp': 'c', 'thisN': 105, 'thisTrialN': 1, 'thisRepN': 26}>
856.2273 	DATA 	Keypress: z
856.2327 	EXP 	Fixation_2: autoDraw = False
856.2327 	EXP 	line1_2: autoDraw = False
856.2327 	EXP 	line2_2: autoDraw = False
856.2327 	EXP 	line3_2: autoDraw = False
856.2327 	EXP 	line4_2: autoDraw = False
856.2327 	EXP 	protrianglefixation_2: autoDraw = False
856.2327 	EXP 	Fixation_2: autoDraw = True
856.3131 	EXP 	Device response: <KeyPress from None: t=856.2142961250065, value=z, duration=0.09622908299206756>
857.2187 	EXP 	line1_2: autoDraw = True
857.2187 	EXP 	line2_2: autoDraw = True
857.2187 	EXP 	line3_2: autoDraw = True
857.2187 	EXP 	line4_2: autoDraw = True
857.2283 	EXP 	Fixation_2: autoDraw = False
858.2203 	INFO 	Keyboard events cleared
858.2201 	EXP 	protrianglefixation_2: autoDraw = True
859.0965 	EXP 	Device response: <KeyPress from None: t=859.0942336669978, value=c, duration=None>
859.0969 	EXP 	New trial (rep=26, index=2): <Trial 106 (2 in rep 26) data={'pos': np.int64(-50), 'corr_resp': 'x', 'thisN': 106, 'thisTrialN': 2, 'thisRepN': 26}>
859.1040 	DATA 	Keypress: c
859.1089 	EXP 	Fixation_2: autoDraw = False
859.1089 	EXP 	line1_2: autoDraw = False
859.1089 	EXP 	line2_2: autoDraw = False
859.1089 	EXP 	line3_2: autoDraw = False
859.1089 	EXP 	line4_2: autoDraw = False
859.1089 	EXP 	protrianglefixation_2: autoDraw = False
859.1089 	EXP 	Fixation_2: autoDraw = True
859.1863 	EXP 	Device response: <KeyPress from None: t=859.0942336669978, value=c, duration=0.08519304099900182>
860.0950 	EXP 	line1_2: autoDraw = True
860.0950 	EXP 	line2_2: autoDraw = True
860.0950 	EXP 	line3_2: autoDraw = True
860.0950 	EXP 	line4_2: autoDraw = True
860.1023 	EXP 	Fixation_2: autoDraw = False
861.0868 	INFO 	Keyboard events cleared
861.0867 	EXP 	protrianglefixation_2: autoDraw = True
862.1467 	EXP 	Device response: <KeyPress from None: t=862.1421374170022, value=x, duration=None>
862.1473 	EXP 	New trial (rep=26, index=3): <Trial 107 (3 in rep 26) data={'pos': np.int64(150), 'corr_resp': 'v', 'thisN': 107, 'thisTrialN': 3, 'thisRepN': 26}>
862.1538 	DATA 	Keypress: x
862.1590 	EXP 	Fixation_2: autoDraw = False
862.1590 	EXP 	line1_2: autoDraw = False
862.1590 	EXP 	line2_2: autoDraw = False
862.1590 	EXP 	line3_2: autoDraw = False
862.1590 	EXP 	line4_2: autoDraw = False
862.1590 	EXP 	protrianglefixation_2: autoDraw = False
862.1590 	EXP 	Fixation_2: autoDraw = True
862.2013 	EXP 	Device response: <KeyPress from None: t=862.1421374170022, value=x, duration=0.057205624994821846>
863.1455 	EXP 	line1_2: autoDraw = True
863.1455 	EXP 	line2_2: autoDraw = True
863.1455 	EXP 	line3_2: autoDraw = True
863.1455 	EXP 	line4_2: autoDraw = True
863.1526 	EXP 	Fixation_2: autoDraw = False
864.1449 	INFO 	Keyboard events cleared
864.1448 	EXP 	protrianglefixation_2: autoDraw = True
865.8041 	EXP 	Device response: <KeyPress from None: t=865.7960422500037, value=v, duration=None>
865.8046 	EXP 	New trial (rep=27, index=0): <Trial 108 (0 in rep 27) data={'pos': np.int64(50), 'corr_resp': 'c', 'thisN': 108, 'thisTrialN': 0, 'thisRepN': 27}>
865.8107 	DATA 	Keypress: v
865.8152 	EXP 	Fixation_2: autoDraw = False
865.8152 	EXP 	line1_2: autoDraw = False
865.8152 	EXP 	line2_2: autoDraw = False
865.8152 	EXP 	line3_2: autoDraw = False
865.8152 	EXP 	line4_2: autoDraw = False
865.8152 	EXP 	protrianglefixation_2: autoDraw = False
865.8152 	EXP 	Fixation_2: autoDraw = True
865.8796 	EXP 	Device response: <KeyPress from None: t=865.7960422500037, value=v, duration=0.07621733300038613>
866.8021 	EXP 	line1_2: autoDraw = True
866.8021 	EXP 	line2_2: autoDraw = True
866.8021 	EXP 	line3_2: autoDraw = True
866.8021 	EXP 	line4_2: autoDraw = True
866.8115 	EXP 	Fixation_2: autoDraw = False
867.8035 	INFO 	Keyboard events cleared
867.8033 	EXP 	protrianglefixation_2: autoDraw = True
868.6700 	EXP 	Device response: <KeyPress from None: t=868.668987625002, value=c, duration=None>
868.6705 	EXP 	New trial (rep=27, index=1): <Trial 109 (1 in rep 27) data={'pos': np.int64(-50), 'corr_resp': 'x', 'thisN': 109, 'thisTrialN': 1, 'thisRepN': 27}>
868.6768 	DATA 	Keypress: c
868.6826 	EXP 	Fixation_2: autoDraw = False
868.6826 	EXP 	line1_2: autoDraw = False
868.6826 	EXP 	line2_2: autoDraw = False
868.6826 	EXP 	line3_2: autoDraw = False
868.6826 	EXP 	line4_2: autoDraw = False
868.6826 	EXP 	protrianglefixation_2: autoDraw = False
868.6826 	EXP 	Fixation_2: autoDraw = True
868.7129 	EXP 	Device response: <KeyPress from None: t=868.668987625002, value=c, duration=0.04028591699898243>
869.6698 	EXP 	line1_2: autoDraw = True
869.6698 	EXP 	line2_2: autoDraw = True
869.6698 	EXP 	line3_2: autoDraw = True
869.6698 	EXP 	line4_2: autoDraw = True
869.6785 	EXP 	Fixation_2: autoDraw = False
870.6707 	INFO 	Keyboard events cleared
870.6705 	EXP 	protrianglefixation_2: autoDraw = True
871.4796 	EXP 	Device response: <KeyPress from None: t=871.4719317919953, value=x, duration=None>
871.4800 	EXP 	New trial (rep=27, index=2): <Trial 110 (2 in rep 27) data={'pos': np.int64(150), 'corr_resp': 'v', 'thisN': 110, 'thisTrialN': 2, 'thisRepN': 27}>
871.4865 	DATA 	Keypress: x
871.4918 	EXP 	Fixation_2: autoDraw = False
871.4918 	EXP 	line1_2: autoDraw = False
871.4918 	EXP 	line2_2: autoDraw = False
871.4918 	EXP 	line3_2: autoDraw = False
871.4918 	EXP 	line4_2: autoDraw = False
871.4918 	EXP 	protrianglefixation_2: autoDraw = False
871.4918 	EXP 	Fixation_2: autoDraw = True
871.5813 	EXP 	Device response: <KeyPress from None: t=871.4719317919953, value=x, duration=0.1041947909980081>
872.4784 	EXP 	line1_2: autoDraw = True
872.4784 	EXP 	line2_2: autoDraw = True
872.4784 	EXP 	line3_2: autoDraw = True
872.4784 	EXP 	line4_2: autoDraw = True
872.4858 	EXP 	Fixation_2: autoDraw = False
873.4784 	INFO 	Keyboard events cleared
873.4782 	EXP 	protrianglefixation_2: autoDraw = True
874.5797 	EXP 	Device response: <KeyPress from None: t=874.5748110830027, value=v, duration=None>
874.5801 	EXP 	New trial (rep=27, index=3): <Trial 111 (3 in rep 27) data={'pos': np.int64(-150), 'corr_resp': 'z', 'thisN': 111, 'thisTrialN': 3, 'thisRepN': 27}>
874.5866 	DATA 	Keypress: v
874.5920 	EXP 	Fixation_2: autoDraw = False
874.5920 	EXP 	line1_2: autoDraw = False
874.5920 	EXP 	line2_2: autoDraw = False
874.5920 	EXP 	line3_2: autoDraw = False
874.5920 	EXP 	line4_2: autoDraw = False
874.5920 	EXP 	protrianglefixation_2: autoDraw = False
874.5920 	EXP 	Fixation_2: autoDraw = True
874.6646 	EXP 	Device response: <KeyPress from None: t=874.5748110830027, value=v, duration=0.08834145899163559>
875.5782 	EXP 	line1_2: autoDraw = True
875.5782 	EXP 	line2_2: autoDraw = True
875.5782 	EXP 	line3_2: autoDraw = True
875.5782 	EXP 	line4_2: autoDraw = True
875.5856 	EXP 	Fixation_2: autoDraw = False
876.5784 	INFO 	Keyboard events cleared
876.5782 	EXP 	protrianglefixation_2: autoDraw = True
877.5371 	EXP 	Device response: <KeyPress from None: t=877.5340629580023, value=z, duration=None>
877.5376 	EXP 	New trial (rep=28, index=0): <Trial 112 (0 in rep 28) data={'pos': np.int64(-150), 'corr_resp': 'z', 'thisN': 112, 'thisTrialN': 0, 'thisRepN': 28}>
877.5438 	DATA 	Keypress: z
877.5496 	EXP 	Fixation_2: autoDraw = False
877.5496 	EXP 	line1_2: autoDraw = False
877.5496 	EXP 	line2_2: autoDraw = False
877.5496 	EXP 	line3_2: autoDraw = False
877.5496 	EXP 	line4_2: autoDraw = False
877.5496 	EXP 	protrianglefixation_2: autoDraw = False
877.5496 	EXP 	Fixation_2: autoDraw = True
877.6130 	EXP 	Device response: <KeyPress from None: t=877.5340629580023, value=z, duration=0.07597004200215451>
878.5366 	EXP 	line1_2: autoDraw = True
878.5366 	EXP 	line2_2: autoDraw = True
878.5366 	EXP 	line3_2: autoDraw = True
878.5366 	EXP 	line4_2: autoDraw = True
878.5449 	EXP 	Fixation_2: autoDraw = False
879.5368 	INFO 	Keyboard events cleared
879.5367 	EXP 	protrianglefixation_2: autoDraw = True
880.4032 	EXP 	Device response: <KeyPress from None: t=880.3957130000053, value=z, duration=None>
880.4037 	EXP 	New trial (rep=28, index=1): <Trial 113 (1 in rep 28) data={'pos': np.int64(50), 'corr_resp': 'c', 'thisN': 113, 'thisTrialN': 1, 'thisRepN': 28}>
880.4099 	DATA 	Keypress: z
880.4152 	EXP 	Fixation_2: autoDraw = False
880.4152 	EXP 	line1_2: autoDraw = False
880.4152 	EXP 	line2_2: autoDraw = False
880.4152 	EXP 	line3_2: autoDraw = False
880.4152 	EXP 	line4_2: autoDraw = False
880.4152 	EXP 	protrianglefixation_2: autoDraw = False
880.4152 	EXP 	Fixation_2: autoDraw = True
880.4628 	EXP 	Device response: <KeyPress from None: t=880.3957130000053, value=z, duration=0.06429949999437667>
881.4026 	EXP 	line1_2: autoDraw = True
881.4026 	EXP 	line2_2: autoDraw = True
881.4026 	EXP 	line3_2: autoDraw = True
881.4026 	EXP 	line4_2: autoDraw = True
881.4115 	EXP 	Fixation_2: autoDraw = False
882.4036 	INFO 	Keyboard events cleared
882.4034 	EXP 	protrianglefixation_2: autoDraw = True
884.6139 	EXP 	Device response: <KeyPress from None: t=884.6035179580067, value=c, duration=None>
884.6143 	EXP 	New trial (rep=28, index=2): <Trial 114 (2 in rep 28) data={'pos': np.int64(-50), 'corr_resp': 'x', 'thisN': 114, 'thisTrialN': 2, 'thisRepN': 28}>
884.6206 	DATA 	Keypress: c
884.6256 	EXP 	Fixation_2: autoDraw = False
884.6256 	EXP 	line1_2: autoDraw = False
884.6256 	EXP 	line2_2: autoDraw = False
884.6256 	EXP 	line3_2: autoDraw = False
884.6256 	EXP 	line4_2: autoDraw = False
884.6256 	EXP 	protrianglefixation_2: autoDraw = False
884.6256 	EXP 	Fixation_2: autoDraw = True
884.6797 	EXP 	Device response: <KeyPress from None: t=884.6035179580067, value=c, duration=0.06837220898887608>
885.6118 	EXP 	line1_2: autoDraw = True
885.6118 	EXP 	line2_2: autoDraw = True
885.6118 	EXP 	line3_2: autoDraw = True
885.6118 	EXP 	line4_2: autoDraw = True
885.6192 	EXP 	Fixation_2: autoDraw = False
886.6117 	INFO 	Keyboard events cleared
886.6115 	EXP 	protrianglefixation_2: autoDraw = True
887.5300 	EXP 	Device response: <KeyPress from None: t=887.521914041994, value=x, duration=None>
887.5304 	EXP 	New trial (rep=28, index=3): <Trial 115 (3 in rep 28) data={'pos': np.int64(150), 'corr_resp': 'v', 'thisN': 115, 'thisTrialN': 3, 'thisRepN': 28}>
887.5367 	DATA 	Keypress: x
887.5418 	EXP 	Fixation_2: autoDraw = False
887.5418 	EXP 	line1_2: autoDraw = False
887.5418 	EXP 	line2_2: autoDraw = False
887.5418 	EXP 	line3_2: autoDraw = False
887.5418 	EXP 	line4_2: autoDraw = False
887.5418 	EXP 	protrianglefixation_2: autoDraw = False
887.5418 	EXP 	Fixation_2: autoDraw = True
887.6128 	EXP 	Device response: <KeyPress from None: t=887.521914041994, value=x, duration=0.08081120801216457>
888.5292 	EXP 	line1_2: autoDraw = True
888.5292 	EXP 	line2_2: autoDraw = True
888.5292 	EXP 	line3_2: autoDraw = True
888.5292 	EXP 	line4_2: autoDraw = True
888.5363 	EXP 	Fixation_2: autoDraw = False
889.5283 	INFO 	Keyboard events cleared
889.5281 	EXP 	protrianglefixation_2: autoDraw = True
890.6463 	EXP 	Device response: <KeyPress from None: t=890.642452, value=v, duration=None>
890.6469 	EXP 	New trial (rep=29, index=0): <Trial 116 (0 in rep 29) data={'pos': np.int64(50), 'corr_resp': 'c', 'thisN': 116, 'thisTrialN': 0, 'thisRepN': 29}>
890.6534 	DATA 	Keypress: v
890.6585 	EXP 	Fixation_2: autoDraw = False
890.6585 	EXP 	line1_2: autoDraw = False
890.6585 	EXP 	line2_2: autoDraw = False
890.6585 	EXP 	line3_2: autoDraw = False
890.6585 	EXP 	line4_2: autoDraw = False
890.6585 	EXP 	protrianglefixation_2: autoDraw = False
890.6585 	EXP 	Fixation_2: autoDraw = True
890.7306 	EXP 	Device response: <KeyPress from None: t=890.642452, value=v, duration=0.08428179200564045>
891.6453 	EXP 	line1_2: autoDraw = True
891.6453 	EXP 	line2_2: autoDraw = True
891.6453 	EXP 	line3_2: autoDraw = True
891.6453 	EXP 	line4_2: autoDraw = True
891.6531 	EXP 	Fixation_2: autoDraw = False
892.6466 	INFO 	Keyboard events cleared
892.6464 	EXP 	protrianglefixation_2: autoDraw = True
893.6202 	EXP 	Device response: <KeyPress from None: t=893.6133383749984, value=c, duration=None>
893.6207 	EXP 	New trial (rep=29, index=1): <Trial 117 (1 in rep 29) data={'pos': np.int64(150), 'corr_resp': 'v', 'thisN': 117, 'thisTrialN': 1, 'thisRepN': 29}>
893.6267 	DATA 	Keypress: c
893.6325 	EXP 	Fixation_2: autoDraw = False
893.6325 	EXP 	line1_2: autoDraw = False
893.6325 	EXP 	line2_2: autoDraw = False
893.6325 	EXP 	line3_2: autoDraw = False
893.6325 	EXP 	line4_2: autoDraw = False
893.6325 	EXP 	protrianglefixation_2: autoDraw = False
893.6325 	EXP 	Fixation_2: autoDraw = True
893.6967 	EXP 	Device response: <KeyPress from None: t=893.6133383749984, value=c, duration=0.08036387500760611>
894.6191 	EXP 	line1_2: autoDraw = True
894.6191 	EXP 	line2_2: autoDraw = True
894.6191 	EXP 	line3_2: autoDraw = True
894.6191 	EXP 	line4_2: autoDraw = True
894.6284 	EXP 	Fixation_2: autoDraw = False
895.6198 	INFO 	Keyboard events cleared
895.6196 	EXP 	protrianglefixation_2: autoDraw = True
896.6128 	EXP 	Device response: <KeyPress from None: t=896.6072262499947, value=v, duration=None>
896.6132 	EXP 	New trial (rep=29, index=2): <Trial 118 (2 in rep 29) data={'pos': np.int64(-50), 'corr_resp': 'x', 'thisN': 118, 'thisTrialN': 2, 'thisRepN': 29}>
896.6203 	DATA 	Keypress: v
896.6254 	EXP 	Fixation_2: autoDraw = False
896.6254 	EXP 	line1_2: autoDraw = False
896.6254 	EXP 	line2_2: autoDraw = False
896.6254 	EXP 	line3_2: autoDraw = False
896.6254 	EXP 	line4_2: autoDraw = False
896.6254 	EXP 	protrianglefixation_2: autoDraw = False
896.6254 	EXP 	Fixation_2: autoDraw = True
896.7015 	EXP 	Device response: <KeyPress from None: t=896.6072262499947, value=v, duration=0.09243395800876897>
897.6118 	EXP 	line1_2: autoDraw = True
897.6118 	EXP 	line2_2: autoDraw = True
897.6118 	EXP 	line3_2: autoDraw = True
897.6118 	EXP 	line4_2: autoDraw = True
897.6195 	EXP 	Fixation_2: autoDraw = False
898.6116 	INFO 	Keyboard events cleared
898.6114 	EXP 	protrianglefixation_2: autoDraw = True
899.6479 	EXP 	Device response: <KeyPress from None: t=899.6412882919976, value=x, duration=None>
899.6484 	EXP 	New trial (rep=29, index=3): <Trial 119 (3 in rep 29) data={'pos': np.int64(-150), 'corr_resp': 'z', 'thisN': 119, 'thisTrialN': 3, 'thisRepN': 29}>
899.6546 	DATA 	Keypress: x
899.6614 	EXP 	Fixation_2: autoDraw = False
899.6614 	EXP 	line1_2: autoDraw = False
899.6614 	EXP 	line2_2: autoDraw = False
899.6614 	EXP 	line3_2: autoDraw = False
899.6614 	EXP 	line4_2: autoDraw = False
899.6614 	EXP 	protrianglefixation_2: autoDraw = False
899.6614 	EXP 	Fixation_2: autoDraw = True
899.7303 	EXP 	Device response: <KeyPress from None: t=899.6412882919976, value=x, duration=0.08427624999603722>
900.6447 	EXP 	line1_2: autoDraw = True
900.6447 	EXP 	line2_2: autoDraw = True
900.6447 	EXP 	line3_2: autoDraw = True
900.6447 	EXP 	line4_2: autoDraw = True
900.6520 	EXP 	Fixation_2: autoDraw = False
901.6452 	INFO 	Keyboard events cleared
901.6450 	EXP 	protrianglefixation_2: autoDraw = True
902.4200 	EXP 	Device response: <KeyPress from None: t=902.4191240829969, value=z, duration=None>
902.4262 	DATA 	Keypress: z
902.4327 	EXP 	New trial (rep=30, index=0): <Trial 120 (0 in rep 30) data={'pos': np.int64(-50), 'corr_resp': 'x', 'thisN': 120, 'thisTrialN': 0, 'thisRepN': 30}>
902.4463 	EXP 	Fixation_2: autoDraw = False
902.4463 	EXP 	line1_2: autoDraw = False
902.4463 	EXP 	line2_2: autoDraw = False
902.4463 	EXP 	line3_2: autoDraw = False
902.4463 	EXP 	line4_2: autoDraw = False
902.4463 	EXP 	protrianglefixation_2: autoDraw = False
902.4463 	EXP 	Fixation_2: autoDraw = True
902.4856 	EXP 	Device response: <KeyPress from None: t=902.4191240829969, value=z, duration=0.06438879200140946>
903.4283 	EXP 	line1_2: autoDraw = True
903.4283 	EXP 	line2_2: autoDraw = True
903.4283 	EXP 	line3_2: autoDraw = True
903.4283 	EXP 	line4_2: autoDraw = True
903.4454 	EXP 	Fixation_2: autoDraw = False
904.4282 	INFO 	Keyboard events cleared
904.4280 	EXP 	protrianglefixation_2: autoDraw = True
905.2367 	EXP 	Device response: <KeyPress from None: t=905.2350649169966, value=x, duration=None>
905.2371 	EXP 	New trial (rep=30, index=1): <Trial 121 (1 in rep 30) data={'pos': np.int64(150), 'corr_resp': 'v', 'thisN': 121, 'thisTrialN': 1, 'thisRepN': 30}>
905.2432 	DATA 	Keypress: x
905.2493 	EXP 	Fixation_2: autoDraw = False
905.2493 	EXP 	line1_2: autoDraw = False
905.2493 	EXP 	line2_2: autoDraw = False
905.2493 	EXP 	line3_2: autoDraw = False
905.2493 	EXP 	line4_2: autoDraw = False
905.2493 	EXP 	protrianglefixation_2: autoDraw = False
905.2493 	EXP 	Fixation_2: autoDraw = True
905.3015 	EXP 	Device response: <KeyPress from None: t=905.2350649169966, value=x, duration=0.06033295800443739>
906.2363 	EXP 	line1_2: autoDraw = True
906.2363 	EXP 	line2_2: autoDraw = True
906.2363 	EXP 	line3_2: autoDraw = True
906.2363 	EXP 	line4_2: autoDraw = True
906.2458 	EXP 	Fixation_2: autoDraw = False
907.2363 	INFO 	Keyboard events cleared
907.2361 	EXP 	protrianglefixation_2: autoDraw = True
908.1294 	EXP 	Device response: <KeyPress from None: t=908.1279415830068, value=v, duration=None>
908.1299 	EXP 	New trial (rep=30, index=2): <Trial 122 (2 in rep 30) data={'pos': np.int64(-150), 'corr_resp': 'z', 'thisN': 122, 'thisTrialN': 2, 'thisRepN': 30}>
908.1361 	DATA 	Keypress: v
908.1413 	EXP 	Fixation_2: autoDraw = False
908.1413 	EXP 	line1_2: autoDraw = False
908.1413 	EXP 	line2_2: autoDraw = False
908.1413 	EXP 	line3_2: autoDraw = False
908.1413 	EXP 	line4_2: autoDraw = False
908.1413 	EXP 	protrianglefixation_2: autoDraw = False
908.1413 	EXP 	Fixation_2: autoDraw = True
908.2028 	EXP 	Device response: <KeyPress from None: t=908.1279415830068, value=v, duration=0.0683628749975469>
909.1282 	EXP 	line1_2: autoDraw = True
909.1282 	EXP 	line2_2: autoDraw = True
909.1282 	EXP 	line3_2: autoDraw = True
909.1282 	EXP 	line4_2: autoDraw = True
909.1354 	EXP 	Fixation_2: autoDraw = False
910.1285 	INFO 	Keyboard events cleared
910.1283 	EXP 	protrianglefixation_2: autoDraw = True
911.3628 	EXP 	Device response: <KeyPress from None: t=911.3549531250028, value=z, duration=None>
911.3633 	EXP 	New trial (rep=30, index=3): <Trial 123 (3 in rep 30) data={'pos': np.int64(50), 'corr_resp': 'c', 'thisN': 123, 'thisTrialN': 3, 'thisRepN': 30}>
911.3695 	DATA 	Keypress: z
911.3746 	EXP 	Fixation_2: autoDraw = False
911.3746 	EXP 	line1_2: autoDraw = False
911.3746 	EXP 	line2_2: autoDraw = False
911.3746 	EXP 	line3_2: autoDraw = False
911.3746 	EXP 	line4_2: autoDraw = False
911.3746 	EXP 	protrianglefixation_2: autoDraw = False
911.3746 	EXP 	Fixation_2: autoDraw = True
911.4296 	EXP 	Device response: <KeyPress from None: t=911.3549531250028, value=z, duration=0.06432158299139701>
912.3613 	EXP 	line1_2: autoDraw = True
912.3613 	EXP 	line2_2: autoDraw = True
912.3613 	EXP 	line3_2: autoDraw = True
912.3613 	EXP 	line4_2: autoDraw = True
912.3686 	EXP 	Fixation_2: autoDraw = False
913.3616 	INFO 	Keyboard events cleared
913.3615 	EXP 	protrianglefixation_2: autoDraw = True
914.3294 	EXP 	Device response: <KeyPress from None: t=914.3228002499964, value=c, duration=None>
914.3299 	EXP 	New trial (rep=31, index=0): <Trial 124 (0 in rep 31) data={'pos': np.int64(150), 'corr_resp': 'v', 'thisN': 124, 'thisTrialN': 0, 'thisRepN': 31}>
914.3359 	DATA 	Keypress: c
914.3411 	EXP 	Fixation_2: autoDraw = False
914.3411 	EXP 	line1_2: autoDraw = False
914.3411 	EXP 	line2_2: autoDraw = False
914.3411 	EXP 	line3_2: autoDraw = False
914.3411 	EXP 	line4_2: autoDraw = False
914.3411 	EXP 	protrianglefixation_2: autoDraw = False
914.3411 	EXP 	Fixation_2: autoDraw = True
914.3856 	EXP 	Device response: <KeyPress from None: t=914.3228002499964, value=c, duration=0.06041654200816993>
915.3282 	EXP 	line1_2: autoDraw = True
915.3282 	EXP 	line2_2: autoDraw = True
915.3282 	EXP 	line3_2: autoDraw = True
915.3282 	EXP 	line4_2: autoDraw = True
915.3360 	EXP 	Fixation_2: autoDraw = False
916.3282 	INFO 	Keyboard events cleared
916.3280 	EXP 	protrianglefixation_2: autoDraw = True
918.0639 	EXP 	Device response: <KeyPress from None: t=918.0408385000046, value=v, duration=None>
918.0644 	EXP 	New trial (rep=31, index=1): <Trial 125 (1 in rep 31) data={'pos': np.int64(-150), 'corr_resp': 'z', 'thisN': 125, 'thisTrialN': 1, 'thisRepN': 31}>
918.0702 	DATA 	Keypress: v
918.0785 	EXP 	Fixation_2: autoDraw = False
918.0785 	EXP 	line1_2: autoDraw = False
918.0785 	EXP 	line2_2: autoDraw = False
918.0785 	EXP 	line3_2: autoDraw = False
918.0785 	EXP 	line4_2: autoDraw = False
918.0785 	EXP 	protrianglefixation_2: autoDraw = False
918.0785 	EXP 	Fixation_2: autoDraw = True
918.1193 	EXP 	Device response: <KeyPress from None: t=918.0408385000046, value=v, duration=0.07689208300143946>
919.0614 	EXP 	line1_2: autoDraw = True
919.0614 	EXP 	line2_2: autoDraw = True
919.0614 	EXP 	line3_2: autoDraw = True
919.0614 	EXP 	line4_2: autoDraw = True
919.0688 	EXP 	Fixation_2: autoDraw = False
920.0615 	INFO 	Keyboard events cleared
920.0613 	EXP 	protrianglefixation_2: autoDraw = True
920.9464 	EXP 	Device response: <KeyPress from None: t=920.9367065419938, value=z, duration=None>
920.9471 	EXP 	New trial (rep=31, index=2): <Trial 126 (2 in rep 31) data={'pos': np.int64(-50), 'corr_resp': 'x', 'thisN': 126, 'thisTrialN': 2, 'thisRepN': 31}>
920.9528 	DATA 	Keypress: z
920.9578 	EXP 	Fixation_2: autoDraw = False
920.9578 	EXP 	line1_2: autoDraw = False
920.9578 	EXP 	line2_2: autoDraw = False
920.9578 	EXP 	line3_2: autoDraw = False
920.9578 	EXP 	line4_2: autoDraw = False
920.9578 	EXP 	protrianglefixation_2: autoDraw = False
920.9578 	EXP 	Fixation_2: autoDraw = True
920.9966 	EXP 	Device response: <KeyPress from None: t=920.9367065419938, value=z, duration=0.04832595800689887>
921.9446 	EXP 	line1_2: autoDraw = True
921.9446 	EXP 	line2_2: autoDraw = True
921.9446 	EXP 	line3_2: autoDraw = True
921.9446 	EXP 	line4_2: autoDraw = True
921.9518 	EXP 	Fixation_2: autoDraw = False
922.9633 	INFO 	Keyboard events cleared
922.9631 	EXP 	protrianglefixation_2: autoDraw = True
923.6462 	EXP 	Device response: <KeyPress from None: t=923.6367157079949, value=x, duration=None>
923.6466 	EXP 	New trial (rep=31, index=3): <Trial 127 (3 in rep 31) data={'pos': np.int64(50), 'corr_resp': 'c', 'thisN': 127, 'thisTrialN': 3, 'thisRepN': 31}>
923.6523 	DATA 	Keypress: x
923.6572 	EXP 	Fixation_2: autoDraw = False
923.6572 	EXP 	line1_2: autoDraw = False
923.6572 	EXP 	line2_2: autoDraw = False
923.6572 	EXP 	line3_2: autoDraw = False
923.6572 	EXP 	line4_2: autoDraw = False
923.6572 	EXP 	protrianglefixation_2: autoDraw = False
923.6572 	EXP 	Fixation_2: autoDraw = True
923.6961 	EXP 	Device response: <KeyPress from None: t=923.6367157079949, value=x, duration=0.048229749998426996>
924.6449 	EXP 	line1_2: autoDraw = True
924.6449 	EXP 	line2_2: autoDraw = True
924.6449 	EXP 	line3_2: autoDraw = True
924.6449 	EXP 	line4_2: autoDraw = True
924.6523 	EXP 	Fixation_2: autoDraw = False
925.6450 	INFO 	Keyboard events cleared
925.6448 	EXP 	protrianglefixation_2: autoDraw = True
926.4311 	EXP 	Device response: <KeyPress from None: t=926.4136051249952, value=c, duration=None>
926.4317 	EXP 	New trial (rep=32, index=0): <Trial 128 (0 in rep 32) data={'pos': np.int64(-150), 'corr_resp': 'z', 'thisN': 128, 'thisTrialN': 0, 'thisRepN': 32}>
926.4376 	DATA 	Keypress: c
926.4427 	EXP 	Fixation_2: autoDraw = False
926.4427 	EXP 	line1_2: autoDraw = False
926.4427 	EXP 	line2_2: autoDraw = False
926.4427 	EXP 	line3_2: autoDraw = False
926.4427 	EXP 	line4_2: autoDraw = False
926.4427 	EXP 	protrianglefixation_2: autoDraw = False
926.4427 	EXP 	Fixation_2: autoDraw = True
926.4970 	EXP 	Device response: <KeyPress from None: t=926.4136051249952, value=c, duration=0.07231208300800063>
927.4280 	EXP 	line1_2: autoDraw = True
927.4280 	EXP 	line2_2: autoDraw = True
927.4280 	EXP 	line3_2: autoDraw = True
927.4280 	EXP 	line4_2: autoDraw = True
927.4352 	EXP 	Fixation_2: autoDraw = False
928.4282 	INFO 	Keyboard events cleared
928.4280 	EXP 	protrianglefixation_2: autoDraw = True
929.3795 	EXP 	Device response: <KeyPress from None: t=929.3705205830047, value=z, duration=None>
929.3800 	EXP 	New trial (rep=32, index=1): <Trial 129 (1 in rep 32) data={'pos': np.int64(-50), 'corr_resp': 'x', 'thisN': 129, 'thisTrialN': 1, 'thisRepN': 32}>
929.3858 	DATA 	Keypress: z
929.3909 	EXP 	Fixation_2: autoDraw = False
929.3909 	EXP 	line1_2: autoDraw = False
929.3909 	EXP 	line2_2: autoDraw = False
929.3909 	EXP 	line3_2: autoDraw = False
929.3909 	EXP 	line4_2: autoDraw = False
929.3909 	EXP 	protrianglefixation_2: autoDraw = False
929.3909 	EXP 	Fixation_2: autoDraw = True
929.4534 	EXP 	Device response: <KeyPress from None: t=929.3705205830047, value=z, duration=0.08030683400284033>
930.3964 	EXP 	Fixation_2: autoDraw = False
930.3964 	EXP 	line1_2: autoDraw = True
930.3964 	EXP 	line2_2: autoDraw = True
930.3964 	EXP 	line3_2: autoDraw = True
930.3964 	EXP 	line4_2: autoDraw = True
931.3782 	INFO 	Keyboard events cleared
931.3780 	EXP 	protrianglefixation_2: autoDraw = True
932.3373 	EXP 	Device response: <KeyPress from None: t=932.3293539580045, value=x, duration=None>
932.3378 	EXP 	New trial (rep=32, index=2): <Trial 130 (2 in rep 32) data={'pos': np.int64(150), 'corr_resp': 'v', 'thisN': 130, 'thisTrialN': 2, 'thisRepN': 32}>
932.3440 	DATA 	Keypress: x
932.3491 	EXP 	Fixation_2: autoDraw = False
932.3491 	EXP 	line1_2: autoDraw = False
932.3491 	EXP 	line2_2: autoDraw = False
932.3491 	EXP 	line3_2: autoDraw = False
932.3491 	EXP 	line4_2: autoDraw = False
932.3491 	EXP 	protrianglefixation_2: autoDraw = False
932.3491 	EXP 	Fixation_2: autoDraw = True
932.3964 	EXP 	Device response: <KeyPress from None: t=932.3293539580045, value=x, duration=0.0644344589964021>
933.3361 	EXP 	line1_2: autoDraw = True
933.3361 	EXP 	line2_2: autoDraw = True
933.3361 	EXP 	line3_2: autoDraw = True
933.3361 	EXP 	line4_2: autoDraw = True
933.3447 	EXP 	Fixation_2: autoDraw = False
934.3360 	INFO 	Keyboard events cleared
934.3359 	EXP 	protrianglefixation_2: autoDraw = True
935.0702 	EXP 	Device response: <KeyPress from None: t=935.0664156669955, value=v, duration=None>
935.0707 	EXP 	New trial (rep=32, index=3): <Trial 131 (3 in rep 32) data={'pos': np.int64(50), 'corr_resp': 'c', 'thisN': 131, 'thisTrialN': 3, 'thisRepN': 32}>
935.0771 	DATA 	Keypress: v
935.0825 	EXP 	Fixation_2: autoDraw = False
935.0825 	EXP 	line1_2: autoDraw = False
935.0825 	EXP 	line2_2: autoDraw = False
935.0825 	EXP 	line3_2: autoDraw = False
935.0825 	EXP 	line4_2: autoDraw = False
935.0825 	EXP 	protrianglefixation_2: autoDraw = False
935.0825 	EXP 	Fixation_2: autoDraw = True
935.1465 	EXP 	Device response: <KeyPress from None: t=935.0664156669955, value=v, duration=0.06829329099855386>
936.0616 	EXP 	line1_2: autoDraw = True
936.0616 	EXP 	line2_2: autoDraw = True
936.0616 	EXP 	line3_2: autoDraw = True
936.0616 	EXP 	line4_2: autoDraw = True
936.0964 	EXP 	Fixation_2: autoDraw = False
937.0697 	INFO 	Keyboard events cleared
937.0695 	EXP 	protrianglefixation_2: autoDraw = True
937.9704 	EXP 	Device response: <KeyPress from None: t=937.9622942919959, value=c, duration=None>
937.9709 	EXP 	New trial (rep=33, index=0): <Trial 132 (0 in rep 33) data={'pos': np.int64(150), 'corr_resp': 'v', 'thisN': 132, 'thisTrialN': 0, 'thisRepN': 33}>
937.9769 	DATA 	Keypress: c
937.9825 	EXP 	Fixation_2: autoDraw = False
937.9825 	EXP 	line1_2: autoDraw = False
937.9825 	EXP 	line2_2: autoDraw = False
937.9825 	EXP 	line3_2: autoDraw = False
937.9825 	EXP 	line4_2: autoDraw = False
937.9825 	EXP 	protrianglefixation_2: autoDraw = False
937.9825 	EXP 	Fixation_2: autoDraw = True
938.0300 	EXP 	Device response: <KeyPress from None: t=937.9622942919959, value=c, duration=0.06438350000826176>
938.9693 	EXP 	line1_2: autoDraw = True
938.9693 	EXP 	line2_2: autoDraw = True
938.9693 	EXP 	line3_2: autoDraw = True
938.9693 	EXP 	line4_2: autoDraw = True
938.9782 	EXP 	Fixation_2: autoDraw = False
939.9699 	INFO 	Keyboard events cleared
939.9697 	EXP 	protrianglefixation_2: autoDraw = True
940.8544 	EXP 	Device response: <KeyPress from None: t=940.8492747919954, value=v, duration=None>
940.8549 	EXP 	New trial (rep=33, index=1): <Trial 133 (1 in rep 33) data={'pos': np.int64(-150), 'corr_resp': 'z', 'thisN': 133, 'thisTrialN': 1, 'thisRepN': 33}>
940.8608 	DATA 	Keypress: v
940.8658 	EXP 	Fixation_2: autoDraw = False
940.8658 	EXP 	line1_2: autoDraw = False
940.8658 	EXP 	line2_2: autoDraw = False
940.8658 	EXP 	line3_2: autoDraw = False
940.8658 	EXP 	line4_2: autoDraw = False
940.8658 	EXP 	protrianglefixation_2: autoDraw = False
940.8658 	EXP 	Fixation_2: autoDraw = True
940.9014 	EXP 	Device response: <KeyPress from None: t=940.8492747919954, value=v, duration=0.048264041004586034>
941.8539 	EXP 	line1_2: autoDraw = True
941.8539 	EXP 	line2_2: autoDraw = True
941.8539 	EXP 	line3_2: autoDraw = True
941.8539 	EXP 	line4_2: autoDraw = True
941.8794 	EXP 	Fixation_2: autoDraw = False
942.8530 	INFO 	Keyboard events cleared
942.8529 	EXP 	protrianglefixation_2: autoDraw = True
943.5968 	EXP 	Device response: <KeyPress from None: t=943.5901922500052, value=z, duration=None>
943.5972 	EXP 	New trial (rep=33, index=2): <Trial 134 (2 in rep 33) data={'pos': np.int64(-50), 'corr_resp': 'x', 'thisN': 134, 'thisTrialN': 2, 'thisRepN': 33}>
943.6033 	DATA 	Keypress: z
943.6120 	EXP 	Fixation_2: autoDraw = False
943.6120 	EXP 	line1_2: autoDraw = False
943.6120 	EXP 	line2_2: autoDraw = False
943.6120 	EXP 	line3_2: autoDraw = False
943.6120 	EXP 	line4_2: autoDraw = False
943.6120 	EXP 	protrianglefixation_2: autoDraw = False
943.6120 	EXP 	Fixation_2: autoDraw = True
943.6463 	EXP 	Device response: <KeyPress from None: t=943.5901922500052, value=z, duration=0.05235741699289065>
944.5946 	EXP 	line1_2: autoDraw = True
944.5946 	EXP 	line2_2: autoDraw = True
944.5946 	EXP 	line3_2: autoDraw = True
944.5946 	EXP 	line4_2: autoDraw = True
944.6020 	EXP 	Fixation_2: autoDraw = False
945.5948 	INFO 	Keyboard events cleared
945.5946 	EXP 	protrianglefixation_2: autoDraw = True
946.3366 	EXP 	Device response: <KeyPress from None: t=946.3288367079949, value=x, duration=None>
946.3371 	EXP 	New trial (rep=33, index=3): <Trial 135 (3 in rep 33) data={'pos': np.int64(50), 'corr_resp': 'c', 'thisN': 135, 'thisTrialN': 3, 'thisRepN': 33}>
946.3426 	DATA 	Keypress: x
946.3487 	EXP 	Fixation_2: autoDraw = False
946.3487 	EXP 	line1_2: autoDraw = False
946.3487 	EXP 	line2_2: autoDraw = False
946.3487 	EXP 	line3_2: autoDraw = False
946.3487 	EXP 	line4_2: autoDraw = False
946.3487 	EXP 	protrianglefixation_2: autoDraw = False
946.3487 	EXP 	Fixation_2: autoDraw = True
946.3854 	EXP 	Device response: <KeyPress from None: t=946.3288367079949, value=x, duration=0.05555987500702031>
947.3353 	EXP 	line1_2: autoDraw = True
947.3353 	EXP 	line2_2: autoDraw = True
947.3353 	EXP 	line3_2: autoDraw = True
947.3353 	EXP 	line4_2: autoDraw = True
947.3450 	EXP 	Fixation_2: autoDraw = False
948.3362 	INFO 	Keyboard events cleared
948.3360 	EXP 	protrianglefixation_2: autoDraw = True
949.6796 	EXP 	Device response: <KeyPress from None: t=949.6730900419934, value=c, duration=None>
949.6800 	EXP 	New trial (rep=34, index=0): <Trial 136 (0 in rep 34) data={'pos': np.int64(150), 'corr_resp': 'v', 'thisN': 136, 'thisTrialN': 0, 'thisRepN': 34}>
949.6858 	DATA 	Keypress: c
949.6909 	EXP 	Fixation_2: autoDraw = False
949.6909 	EXP 	line1_2: autoDraw = False
949.6909 	EXP 	line2_2: autoDraw = False
949.6909 	EXP 	line3_2: autoDraw = False
949.6909 	EXP 	line4_2: autoDraw = False
949.6909 	EXP 	protrianglefixation_2: autoDraw = False
949.6909 	EXP 	Fixation_2: autoDraw = True
949.7645 	EXP 	Device response: <KeyPress from None: t=949.6730900419934, value=c, duration=0.08426562500244472>
950.6780 	EXP 	line1_2: autoDraw = True
950.6780 	EXP 	line2_2: autoDraw = True
950.6780 	EXP 	line3_2: autoDraw = True
950.6780 	EXP 	line4_2: autoDraw = True
950.6855 	EXP 	Fixation_2: autoDraw = False
951.6783 	INFO 	Keyboard events cleared
951.6781 	EXP 	protrianglefixation_2: autoDraw = True
952.5367 	EXP 	Device response: <KeyPress from None: t=952.5329446249962, value=v, duration=None>
952.5372 	EXP 	New trial (rep=34, index=1): <Trial 137 (1 in rep 34) data={'pos': np.int64(50), 'corr_resp': 'c', 'thisN': 137, 'thisTrialN': 1, 'thisRepN': 34}>
952.5428 	DATA 	Keypress: v
952.5486 	EXP 	Fixation_2: autoDraw = False
952.5486 	EXP 	line1_2: autoDraw = False
952.5486 	EXP 	line2_2: autoDraw = False
952.5486 	EXP 	line3_2: autoDraw = False
952.5486 	EXP 	line4_2: autoDraw = False
952.5486 	EXP 	protrianglefixation_2: autoDraw = False
952.5486 	EXP 	Fixation_2: autoDraw = True
952.6127 	EXP 	Device response: <KeyPress from None: t=952.5329446249962, value=v, duration=0.06837637499847915>
953.5359 	EXP 	line1_2: autoDraw = True
953.5359 	EXP 	line2_2: autoDraw = True
953.5359 	EXP 	line3_2: autoDraw = True
953.5359 	EXP 	line4_2: autoDraw = True
953.5448 	EXP 	Fixation_2: autoDraw = False
954.5360 	INFO 	Keyboard events cleared
954.5358 	EXP 	protrianglefixation_2: autoDraw = True
955.6961 	EXP 	Device response: <KeyPress from None: t=955.6928823329945, value=c, duration=None>
955.6965 	EXP 	New trial (rep=34, index=2): <Trial 138 (2 in rep 34) data={'pos': np.int64(-150), 'corr_resp': 'z', 'thisN': 138, 'thisTrialN': 2, 'thisRepN': 34}>
955.7022 	DATA 	Keypress: c
955.7076 	EXP 	Fixation_2: autoDraw = False
955.7076 	EXP 	line1_2: autoDraw = False
955.7076 	EXP 	line2_2: autoDraw = False
955.7076 	EXP 	line3_2: autoDraw = False
955.7076 	EXP 	line4_2: autoDraw = False
955.7076 	EXP 	protrianglefixation_2: autoDraw = False
955.7076 	EXP 	Fixation_2: autoDraw = True
955.7461 	EXP 	Device response: <KeyPress from None: t=955.6928823329945, value=c, duration=0.04423600000154693>
956.6947 	EXP 	line1_2: autoDraw = True
956.6947 	EXP 	line2_2: autoDraw = True
956.6947 	EXP 	line3_2: autoDraw = True
956.6947 	EXP 	line4_2: autoDraw = True
956.7023 	EXP 	Fixation_2: autoDraw = False
957.6950 	INFO 	Keyboard events cleared
957.6948 	EXP 	protrianglefixation_2: autoDraw = True
958.5627 	EXP 	Device response: <KeyPress from None: t=958.5528488749987, value=z, duration=None>
958.5631 	EXP 	New trial (rep=34, index=3): <Trial 139 (3 in rep 34) data={'pos': np.int64(-50), 'corr_resp': 'x', 'thisN': 139, 'thisTrialN': 3, 'thisRepN': 34}>
958.5692 	DATA 	Keypress: z
958.5745 	EXP 	Fixation_2: autoDraw = False
958.5745 	EXP 	line1_2: autoDraw = False
958.5745 	EXP 	line2_2: autoDraw = False
958.5745 	EXP 	line3_2: autoDraw = False
958.5745 	EXP 	line4_2: autoDraw = False
958.5745 	EXP 	protrianglefixation_2: autoDraw = False
958.5745 	EXP 	Fixation_2: autoDraw = True
958.6305 	EXP 	Device response: <KeyPress from None: t=958.5528488749987, value=z, duration=0.07231220799440052>
959.5613 	EXP 	line1_2: autoDraw = True
959.5613 	EXP 	line2_2: autoDraw = True
959.5613 	EXP 	line3_2: autoDraw = True
959.5613 	EXP 	line4_2: autoDraw = True
959.5688 	EXP 	Fixation_2: autoDraw = False
960.5614 	INFO 	Keyboard events cleared
960.5612 	EXP 	protrianglefixation_2: autoDraw = True
961.1631 	EXP 	Device response: <KeyPress from None: t=961.1618040830072, value=x, duration=None>
961.1635 	EXP 	New trial (rep=35, index=0): <Trial 140 (0 in rep 35) data={'pos': np.int64(50), 'corr_resp': 'c', 'thisN': 140, 'thisTrialN': 0, 'thisRepN': 35}>
961.1698 	DATA 	Keypress: x
961.1751 	EXP 	Fixation_2: autoDraw = False
961.1751 	EXP 	line1_2: autoDraw = False
961.1751 	EXP 	line2_2: autoDraw = False
961.1751 	EXP 	line3_2: autoDraw = False
961.1751 	EXP 	line4_2: autoDraw = False
961.1751 	EXP 	protrianglefixation_2: autoDraw = False
961.1751 	EXP 	Fixation_2: autoDraw = True
961.2295 	EXP 	Device response: <KeyPress from None: t=961.1618040830072, value=x, duration=0.06034762499621138>
962.1613 	EXP 	line1_2: autoDraw = True
962.1613 	EXP 	line2_2: autoDraw = True
962.1613 	EXP 	line3_2: autoDraw = True
962.1613 	EXP 	line4_2: autoDraw = True
962.1688 	EXP 	Fixation_2: autoDraw = False
963.1613 	INFO 	Keyboard events cleared
963.1612 	EXP 	protrianglefixation_2: autoDraw = True
963.5700 	EXP 	Device response: <KeyPress from None: t=963.5676690419932, value=c, duration=None>
963.5704 	EXP 	New trial (rep=35, index=1): <Trial 141 (1 in rep 35) data={'pos': np.int64(-50), 'corr_resp': 'x', 'thisN': 141, 'thisTrialN': 1, 'thisRepN': 35}>
963.5773 	DATA 	Keypress: c
963.5825 	EXP 	Fixation_2: autoDraw = False
963.5825 	EXP 	line1_2: autoDraw = False
963.5825 	EXP 	line2_2: autoDraw = False
963.5825 	EXP 	line3_2: autoDraw = False
963.5825 	EXP 	line4_2: autoDraw = False
963.5825 	EXP 	protrianglefixation_2: autoDraw = False
963.5825 	EXP 	Fixation_2: autoDraw = True
963.7189 	EXP 	Device response: <KeyPress from None: t=963.5676690419932, value=c, duration=0.14860187500016764>
964.5692 	EXP 	line1_2: autoDraw = True
964.5692 	EXP 	line2_2: autoDraw = True
964.5692 	EXP 	line3_2: autoDraw = True
964.5692 	EXP 	line4_2: autoDraw = True
964.5780 	EXP 	Fixation_2: autoDraw = False
965.5694 	INFO 	Keyboard events cleared
965.5693 	EXP 	protrianglefixation_2: autoDraw = True
966.4464 	EXP 	Device response: <KeyPress from None: t=966.4396855420055, value=x, duration=None>
966.4469 	EXP 	New trial (rep=35, index=2): <Trial 142 (2 in rep 35) data={'pos': np.int64(-150), 'corr_resp': 'z', 'thisN': 142, 'thisTrialN': 2, 'thisRepN': 35}>
966.4531 	DATA 	Keypress: x
966.4583 	EXP 	Fixation_2: autoDraw = False
966.4583 	EXP 	line1_2: autoDraw = False
966.4583 	EXP 	line2_2: autoDraw = False
966.4583 	EXP 	line3_2: autoDraw = False
966.4583 	EXP 	line4_2: autoDraw = False
966.4583 	EXP 	protrianglefixation_2: autoDraw = False
966.4583 	EXP 	Fixation_2: autoDraw = True
966.5477 	EXP 	Device response: <KeyPress from None: t=966.4396855420055, value=x, duration=0.10433149999880698>
967.4446 	EXP 	line1_2: autoDraw = True
967.4446 	EXP 	line2_2: autoDraw = True
967.4446 	EXP 	line3_2: autoDraw = True
967.4446 	EXP 	line4_2: autoDraw = True
967.4521 	EXP 	Fixation_2: autoDraw = False
968.4448 	INFO 	Keyboard events cleared
968.4447 	EXP 	protrianglefixation_2: autoDraw = True
969.4534 	EXP 	Device response: <KeyPress from None: t=969.4455809170031, value=z, duration=None>
969.4539 	EXP 	New trial (rep=35, index=3): <Trial 143 (3 in rep 35) data={'pos': np.int64(150), 'corr_resp': 'v', 'thisN': 143, 'thisTrialN': 3, 'thisRepN': 35}>
969.4600 	DATA 	Keypress: z
969.4655 	EXP 	Fixation_2: autoDraw = False
969.4655 	EXP 	line1_2: autoDraw = False
969.4655 	EXP 	line2_2: autoDraw = False
969.4655 	EXP 	line3_2: autoDraw = False
969.4655 	EXP 	line4_2: autoDraw = False
969.4655 	EXP 	protrianglefixation_2: autoDraw = False
969.4655 	EXP 	Fixation_2: autoDraw = True
969.5017 	EXP 	Device response: <KeyPress from None: t=969.4455809170031, value=z, duration=0.05229433299973607>
970.4447 	EXP 	line1_2: autoDraw = True
970.4447 	EXP 	line2_2: autoDraw = True
970.4447 	EXP 	line3_2: autoDraw = True
970.4447 	EXP 	line4_2: autoDraw = True
970.4614 	EXP 	Fixation_2: autoDraw = False
971.4528 	INFO 	Keyboard events cleared
971.4526 	EXP 	protrianglefixation_2: autoDraw = True
972.7291 	EXP 	Device response: <KeyPress from None: t=972.7243650419987, value=v, duration=None>
972.7294 	EXP 	New trial (rep=36, index=0): <Trial 144 (0 in rep 36) data={'pos': np.int64(50), 'corr_resp': 'c', 'thisN': 144, 'thisTrialN': 0, 'thisRepN': 36}>
972.7346 	DATA 	Keypress: v
972.7396 	EXP 	Fixation_2: autoDraw = False
972.7396 	EXP 	line1_2: autoDraw = False
972.7396 	EXP 	line2_2: autoDraw = False
972.7396 	EXP 	line3_2: autoDraw = False
972.7396 	EXP 	line4_2: autoDraw = False
972.7396 	EXP 	protrianglefixation_2: autoDraw = False
972.7396 	EXP 	Fixation_2: autoDraw = True
972.8201 	EXP 	Device response: <KeyPress from None: t=972.7243650419987, value=v, duration=0.0924834580073366>
973.7283 	EXP 	line1_2: autoDraw = True
973.7283 	EXP 	line2_2: autoDraw = True
973.7283 	EXP 	line3_2: autoDraw = True
973.7283 	EXP 	line4_2: autoDraw = True
973.7360 	EXP 	Fixation_2: autoDraw = False
974.7196 	INFO 	Keyboard events cleared
974.7195 	EXP 	protrianglefixation_2: autoDraw = True
976.2972 	EXP 	Device response: <KeyPress from None: t=976.2773272500053, value=c, duration=None>
976.2978 	EXP 	New trial (rep=36, index=1): <Trial 145 (1 in rep 36) data={'pos': np.int64(150), 'corr_resp': 'v', 'thisN': 145, 'thisTrialN': 1, 'thisRepN': 36}>
976.3041 	DATA 	Keypress: c
976.3114 	EXP 	Fixation_2: autoDraw = False
976.3114 	EXP 	line1_2: autoDraw = False
976.3114 	EXP 	line2_2: autoDraw = False
976.3114 	EXP 	line3_2: autoDraw = False
976.3114 	EXP 	line4_2: autoDraw = False
976.3114 	EXP 	protrianglefixation_2: autoDraw = False
976.3114 	EXP 	Fixation_2: autoDraw = True
976.3632 	EXP 	Device response: <KeyPress from None: t=976.2773272500053, value=c, duration=0.08036662499944214>
977.2945 	EXP 	line1_2: autoDraw = True
977.2945 	EXP 	line2_2: autoDraw = True
977.2945 	EXP 	line3_2: autoDraw = True
977.2945 	EXP 	line4_2: autoDraw = True
977.3019 	EXP 	Fixation_2: autoDraw = False
978.2947 	INFO 	Keyboard events cleared
978.2945 	EXP 	protrianglefixation_2: autoDraw = True
979.3540 	EXP 	Device response: <KeyPress from None: t=979.3483685420069, value=v, duration=None>
979.3545 	EXP 	New trial (rep=36, index=2): <Trial 146 (2 in rep 36) data={'pos': np.int64(-50), 'corr_resp': 'x', 'thisN': 146, 'thisTrialN': 2, 'thisRepN': 36}>
979.3605 	DATA 	Keypress: v
979.3657 	EXP 	Fixation_2: autoDraw = False
979.3657 	EXP 	line1_2: autoDraw = False
979.3657 	EXP 	line2_2: autoDraw = False
979.3657 	EXP 	line3_2: autoDraw = False
979.3657 	EXP 	line4_2: autoDraw = False
979.3657 	EXP 	protrianglefixation_2: autoDraw = False
979.3657 	EXP 	Fixation_2: autoDraw = True
979.4300 	EXP 	Device response: <KeyPress from None: t=979.3483685420069, value=v, duration=0.07227433299703989>
980.3529 	EXP 	line1_2: autoDraw = True
980.3529 	EXP 	line2_2: autoDraw = True
980.3529 	EXP 	line3_2: autoDraw = True
980.3529 	EXP 	line4_2: autoDraw = True
980.3616 	EXP 	Fixation_2: autoDraw = False
981.3527 	INFO 	Keyboard events cleared
981.3526 	EXP 	protrianglefixation_2: autoDraw = True
982.3536 	EXP 	Device response: <KeyPress from None: t=982.3512167500012, value=x, duration=None>
982.3541 	EXP 	New trial (rep=36, index=3): <Trial 147 (3 in rep 36) data={'pos': np.int64(-150), 'corr_resp': 'z', 'thisN': 147, 'thisTrialN': 3, 'thisRepN': 36}>
982.3601 	DATA 	Keypress: x
982.3657 	EXP 	Fixation_2: autoDraw = False
982.3657 	EXP 	line1_2: autoDraw = False
982.3657 	EXP 	line2_2: autoDraw = False
982.3657 	EXP 	line3_2: autoDraw = False
982.3657 	EXP 	line4_2: autoDraw = False
982.3657 	EXP 	protrianglefixation_2: autoDraw = False
982.3657 	EXP 	Fixation_2: autoDraw = True
982.4301 	EXP 	Device response: <KeyPress from None: t=982.3512167500012, value=x, duration=0.06845454199356027>
983.3526 	EXP 	line1_2: autoDraw = True
983.3526 	EXP 	line2_2: autoDraw = True
983.3526 	EXP 	line3_2: autoDraw = True
983.3526 	EXP 	line4_2: autoDraw = True
983.3613 	EXP 	Fixation_2: autoDraw = False
984.3528 	INFO 	Keyboard events cleared
984.3526 	EXP 	protrianglefixation_2: autoDraw = True
989.7460 	EXP 	Device response: <KeyPress from None: t=989.7401441249967, value=x, duration=None>
989.7464 	EXP 	New trial (rep=37, index=0): <Trial 148 (0 in rep 37) data={'pos': np.int64(-150), 'corr_resp': 'z', 'thisN': 148, 'thisTrialN': 0, 'thisRepN': 37}>
989.7536 	DATA 	Keypress: x
989.7589 	EXP 	Fixation_2: autoDraw = False
989.7589 	EXP 	line1_2: autoDraw = False
989.7589 	EXP 	line2_2: autoDraw = False
989.7589 	EXP 	line3_2: autoDraw = False
989.7589 	EXP 	line4_2: autoDraw = False
989.7589 	EXP 	protrianglefixation_2: autoDraw = False
989.7589 	EXP 	Fixation_2: autoDraw = True
989.9128 	EXP 	Device response: <KeyPress from None: t=989.7401441249967, value=x, duration=0.16422566700202879>
990.7451 	EXP 	line1_2: autoDraw = True
990.7451 	EXP 	line2_2: autoDraw = True
990.7451 	EXP 	line3_2: autoDraw = True
990.7451 	EXP 	line4_2: autoDraw = True
990.7517 	EXP 	Fixation_2: autoDraw = False
991.7449 	INFO 	Keyboard events cleared
991.7447 	EXP 	protrianglefixation_2: autoDraw = True
992.1338 	EXP 	Device response: <KeyPress from None: t=992.1290327500028, value=c, duration=None>
992.1344 	EXP 	New trial (rep=37, index=1): <Trial 149 (1 in rep 37) data={'pos': np.int64(-50), 'corr_resp': 'x', 'thisN': 149, 'thisTrialN': 1, 'thisRepN': 37}>
992.1370 	DATA 	Keypress: c
992.1446 	EXP 	Fixation_2: autoDraw = False
992.1446 	EXP 	line1_2: autoDraw = False
992.1446 	EXP 	line2_2: autoDraw = False
992.1446 	EXP 	line3_2: autoDraw = False
992.1446 	EXP 	line4_2: autoDraw = False
992.1446 	EXP 	protrianglefixation_2: autoDraw = False
992.1446 	EXP 	Fixation_2: autoDraw = True
992.2955 	EXP 	Device response: <KeyPress from None: t=992.1290327500028, value=c, duration=0.1602772920014104>
993.1284 	EXP 	line1_2: autoDraw = True
993.1284 	EXP 	line2_2: autoDraw = True
993.1284 	EXP 	line3_2: autoDraw = True
993.1284 	EXP 	line4_2: autoDraw = True
993.1354 	EXP 	Fixation_2: autoDraw = False
994.1282 	INFO 	Keyboard events cleared
994.1280 	EXP 	protrianglefixation_2: autoDraw = True
994.7126 	EXP 	Device response: <KeyPress from None: t=994.7019689580047, value=x, duration=None>
994.7131 	EXP 	New trial (rep=37, index=2): <Trial 150 (2 in rep 37) data={'pos': np.int64(50), 'corr_resp': 'c', 'thisN': 150, 'thisTrialN': 2, 'thisRepN': 37}>
994.7195 	DATA 	Keypress: x
994.7247 	EXP 	Fixation_2: autoDraw = False
994.7247 	EXP 	line1_2: autoDraw = False
994.7247 	EXP 	line2_2: autoDraw = False
994.7247 	EXP 	line3_2: autoDraw = False
994.7247 	EXP 	line4_2: autoDraw = False
994.7247 	EXP 	protrianglefixation_2: autoDraw = False
994.7247 	EXP 	Fixation_2: autoDraw = True
994.8706 	EXP 	Device response: <KeyPress from None: t=994.7019689580047, value=x, duration=0.16035208399989642>
995.7112 	EXP 	line1_2: autoDraw = True
995.7112 	EXP 	line2_2: autoDraw = True
995.7112 	EXP 	line3_2: autoDraw = True
995.7112 	EXP 	line4_2: autoDraw = True
995.7186 	EXP 	Fixation_2: autoDraw = False
996.7115 	INFO 	Keyboard events cleared
996.7113 	EXP 	protrianglefixation_2: autoDraw = True
996.8131 	EXP 	Device response: <KeyPress from None: t=996.8100196250016, value=z, duration=None>
996.8137 	EXP 	New trial (rep=37, index=3): <Trial 151 (3 in rep 37) data={'pos': np.int64(150), 'corr_resp': 'v', 'thisN': 151, 'thisTrialN': 3, 'thisRepN': 37}>
996.8205 	DATA 	Keypress: z
996.8261 	EXP 	Fixation_2: autoDraw = False
996.8261 	EXP 	line1_2: autoDraw = False
996.8261 	EXP 	line2_2: autoDraw = False
996.8261 	EXP 	line3_2: autoDraw = False
996.8261 	EXP 	line4_2: autoDraw = False
996.8261 	EXP 	protrianglefixation_2: autoDraw = False
996.8261 	EXP 	Fixation_2: autoDraw = True
996.8965 	EXP 	Device response: <KeyPress from None: t=996.8100196250016, value=z, duration=0.0761923329991987>
997.8294 	EXP 	Fixation_2: autoDraw = False
997.8294 	EXP 	line1_2: autoDraw = True
997.8294 	EXP 	line2_2: autoDraw = True
997.8294 	EXP 	line3_2: autoDraw = True
997.8294 	EXP 	line4_2: autoDraw = True
998.8114 	INFO 	Keyboard events cleared
998.8112 	EXP 	protrianglefixation_2: autoDraw = True
999.4460 	EXP 	Device response: <KeyPress from None: t=999.4378194169985, value=x, duration=None>
999.4465 	EXP 	New trial (rep=38, index=0): <Trial 152 (0 in rep 38) data={'pos': np.int64(-150), 'corr_resp': 'z', 'thisN': 152, 'thisTrialN': 0, 'thisRepN': 38}>
999.4529 	DATA 	Keypress: x
999.4578 	EXP 	Fixation_2: autoDraw = False
999.4578 	EXP 	line1_2: autoDraw = False
999.4578 	EXP 	line2_2: autoDraw = False
999.4578 	EXP 	line3_2: autoDraw = False
999.4578 	EXP 	line4_2: autoDraw = False
999.4578 	EXP 	protrianglefixation_2: autoDraw = False
999.4578 	EXP 	Fixation_2: autoDraw = True
999.5700 	EXP 	Device response: <KeyPress from None: t=999.4378194169985, value=x, duration=0.12434820800262969>
1000.4448 	EXP 	line1_2: autoDraw = True
1000.4448 	EXP 	line2_2: autoDraw = True
1000.4448 	EXP 	line3_2: autoDraw = True
1000.4448 	EXP 	line4_2: autoDraw = True
1000.4520 	EXP 	Fixation_2: autoDraw = False
1001.4448 	INFO 	Keyboard events cleared
1001.4446 	EXP 	protrianglefixation_2: autoDraw = True
1001.6201 	EXP 	Device response: <KeyPress from None: t=1001.6128704169969, value=z, duration=None>
1001.6206 	EXP 	New trial (rep=38, index=1): <Trial 153 (1 in rep 38) data={'pos': np.int64(50), 'corr_resp': 'c', 'thisN': 153, 'thisTrialN': 1, 'thisRepN': 38}>
1001.6269 	DATA 	Keypress: z
1001.6324 	EXP 	Fixation_2: autoDraw = False
1001.6324 	EXP 	line1_2: autoDraw = False
1001.6324 	EXP 	line2_2: autoDraw = False
1001.6324 	EXP 	line3_2: autoDraw = False
1001.6324 	EXP 	line4_2: autoDraw = False
1001.6324 	EXP 	protrianglefixation_2: autoDraw = False
1001.6324 	EXP 	Fixation_2: autoDraw = True
1001.7197 	EXP 	Device response: <KeyPress from None: t=1001.6128704169969, value=z, duration=0.10424437500478234>
1002.6190 	EXP 	line1_2: autoDraw = True
1002.6190 	EXP 	line2_2: autoDraw = True
1002.6190 	EXP 	line3_2: autoDraw = True
1002.6190 	EXP 	line4_2: autoDraw = True
1002.6282 	EXP 	Fixation_2: autoDraw = False
1002.9627 	EXP 	Device response: <KeyPress from None: t=1002.9557992920018, value=x, duration=None>
1002.9692 	DATA 	Keypress: x
1003.0693 	EXP 	Device response: <KeyPress from None: t=1002.9557992920018, value=x, duration=0.11223891600093339>
1003.6194 	INFO 	Keyboard events cleared
1003.6193 	EXP 	protrianglefixation_2: autoDraw = True
1004.3035 	EXP 	Device response: <KeyPress from None: t=1004.2968414579955, value=x, duration=None>
1004.3040 	EXP 	New trial (rep=38, index=2): <Trial 154 (2 in rep 38) data={'pos': np.int64(-50), 'corr_resp': 'x', 'thisN': 154, 'thisTrialN': 2, 'thisRepN': 38}>
1004.3102 	DATA 	Keypress: x
1004.3154 	EXP 	Fixation_2: autoDraw = False
1004.3154 	EXP 	line1_2: autoDraw = False
1004.3154 	EXP 	line2_2: autoDraw = False
1004.3154 	EXP 	line3_2: autoDraw = False
1004.3154 	EXP 	line4_2: autoDraw = False
1004.3154 	EXP 	protrianglefixation_2: autoDraw = False
1004.3154 	EXP 	Fixation_2: autoDraw = True
1004.3859 	EXP 	Device response: <KeyPress from None: t=1004.2968414579955, value=x, duration=0.08426212500489783>
1005.3027 	EXP 	line1_2: autoDraw = True
1005.3027 	EXP 	line2_2: autoDraw = True
1005.3027 	EXP 	line3_2: autoDraw = True
1005.3027 	EXP 	line4_2: autoDraw = True
1005.3123 	EXP 	Fixation_2: autoDraw = False
1006.3034 	INFO 	Keyboard events cleared
1006.3032 	EXP 	protrianglefixation_2: autoDraw = True
1008.3865 	EXP 	Device response: <KeyPress from None: t=1008.3825717080035, value=c, duration=None>
1008.3870 	EXP 	New trial (rep=38, index=3): <Trial 155 (3 in rep 38) data={'pos': np.int64(150), 'corr_resp': 'v', 'thisN': 155, 'thisTrialN': 3, 'thisRepN': 38}>
1008.3932 	DATA 	Keypress: c
1008.3988 	EXP 	Fixation_2: autoDraw = False
1008.3988 	EXP 	line1_2: autoDraw = False
1008.3988 	EXP 	line2_2: autoDraw = False
1008.3988 	EXP 	line3_2: autoDraw = False
1008.3988 	EXP 	line4_2: autoDraw = False
1008.3988 	EXP 	protrianglefixation_2: autoDraw = False
1008.3988 	EXP 	Fixation_2: autoDraw = True
1008.5308 	EXP 	Device response: <KeyPress from None: t=1008.3825717080035, value=c, duration=0.13646016699203756>
1009.3866 	EXP 	line1_2: autoDraw = True
1009.3866 	EXP 	line2_2: autoDraw = True
1009.3866 	EXP 	line3_2: autoDraw = True
1009.3866 	EXP 	line4_2: autoDraw = True
1009.4126 	EXP 	Fixation_2: autoDraw = False
1010.3629 	EXP 	Device response: <KeyPress from None: t=1010.3575259170029, value=x, duration=None>
1010.3694 	DATA 	Keypress: x
1010.3823 	INFO 	Keyboard events cleared
1010.3822 	EXP 	protrianglefixation_2: autoDraw = True
1010.4865 	EXP 	Device response: <KeyPress from None: t=1010.3575259170029, value=x, duration=0.12448429099458735>
1013.9470 	EXP 	Device response: <KeyPress from None: t=1013.9256073330034, value=c, duration=None>
1013.9475 	EXP 	New trial (rep=39, index=0): <Trial 156 (0 in rep 39) data={'pos': np.int64(150), 'corr_resp': 'v', 'thisN': 156, 'thisTrialN': 0, 'thisRepN': 39}>
1013.9536 	DATA 	Keypress: c
1013.9616 	EXP 	Fixation_2: autoDraw = False
1013.9616 	EXP 	line1_2: autoDraw = False
1013.9616 	EXP 	line2_2: autoDraw = False
1013.9616 	EXP 	line3_2: autoDraw = False
1013.9616 	EXP 	line4_2: autoDraw = False
1013.9616 	EXP 	protrianglefixation_2: autoDraw = False
1013.9616 	EXP 	Fixation_2: autoDraw = True
1014.0298 	EXP 	Device response: <KeyPress from None: t=1013.9256073330034, value=c, duration=0.10025866699288599>
1014.9446 	EXP 	line1_2: autoDraw = True
1014.9446 	EXP 	line2_2: autoDraw = True
1014.9446 	EXP 	line3_2: autoDraw = True
1014.9446 	EXP 	line4_2: autoDraw = True
1014.9519 	EXP 	Fixation_2: autoDraw = False
1015.9448 	INFO 	Keyboard events cleared
1015.9446 	EXP 	protrianglefixation_2: autoDraw = True
1016.6030 	EXP 	Device response: <KeyPress from None: t=1016.5984422500042, value=x, duration=None>
1016.6034 	EXP 	New trial (rep=39, index=1): <Trial 157 (1 in rep 39) data={'pos': np.int64(-50), 'corr_resp': 'x', 'thisN': 157, 'thisTrialN': 1, 'thisRepN': 39}>
1016.6095 	DATA 	Keypress: x
1016.6156 	EXP 	Fixation_2: autoDraw = False
1016.6156 	EXP 	line1_2: autoDraw = False
1016.6156 	EXP 	line2_2: autoDraw = False
1016.6156 	EXP 	line3_2: autoDraw = False
1016.6156 	EXP 	line4_2: autoDraw = False
1016.6156 	EXP 	protrianglefixation_2: autoDraw = False
1016.6156 	EXP 	Fixation_2: autoDraw = True
1016.7370 	EXP 	Device response: <KeyPress from None: t=1016.5984422500042, value=x, duration=0.13240183299058117>
1017.5945 	EXP 	line1_2: autoDraw = True
1017.5945 	EXP 	line2_2: autoDraw = True
1017.5945 	EXP 	line3_2: autoDraw = True
1017.5945 	EXP 	line4_2: autoDraw = True
1017.6112 	EXP 	Fixation_2: autoDraw = False
1018.6023 	INFO 	Keyboard events cleared
1018.6021 	EXP 	protrianglefixation_2: autoDraw = True
1019.5458 	EXP 	Device response: <KeyPress from None: t=1019.5444298749935, value=c, duration=None>
1019.5462 	EXP 	New trial (rep=39, index=2): <Trial 158 (2 in rep 39) data={'pos': np.int64(-150), 'corr_resp': 'z', 'thisN': 158, 'thisTrialN': 2, 'thisRepN': 39}>
1019.5525 	DATA 	Keypress: c
1019.5581 	EXP 	Fixation_2: autoDraw = False
1019.5581 	EXP 	line1_2: autoDraw = False
1019.5581 	EXP 	line2_2: autoDraw = False
1019.5581 	EXP 	line3_2: autoDraw = False
1019.5581 	EXP 	line4_2: autoDraw = False
1019.5581 	EXP 	protrianglefixation_2: autoDraw = False
1019.5581 	EXP 	Fixation_2: autoDraw = True
1019.7134 	EXP 	Device response: <KeyPress from None: t=1019.5444298749935, value=c, duration=0.16430083301384002>
1020.5444 	EXP 	line1_2: autoDraw = True
1020.5444 	EXP 	line2_2: autoDraw = True
1020.5444 	EXP 	line3_2: autoDraw = True
1020.5444 	EXP 	line4_2: autoDraw = True
1020.5517 	EXP 	Fixation_2: autoDraw = False
1021.5447 	INFO 	Keyboard events cleared
1021.5445 	EXP 	protrianglefixation_2: autoDraw = True
1023.2368 	EXP 	Device response: <KeyPress from None: t=1023.233305582995, value=x, duration=None>
1023.2373 	EXP 	New trial (rep=39, index=3): <Trial 159 (3 in rep 39) data={'pos': np.int64(50), 'corr_resp': 'c', 'thisN': 159, 'thisTrialN': 3, 'thisRepN': 39}>
1023.2434 	DATA 	Keypress: x
1023.2489 	EXP 	Fixation_2: autoDraw = False
1023.2489 	EXP 	line1_2: autoDraw = False
1023.2489 	EXP 	line2_2: autoDraw = False
1023.2489 	EXP 	line3_2: autoDraw = False
1023.2489 	EXP 	line4_2: autoDraw = False
1023.2489 	EXP 	protrianglefixation_2: autoDraw = False
1023.2489 	EXP 	Fixation_2: autoDraw = True
1023.3356 	EXP 	Device response: <KeyPress from None: t=1023.233305582995, value=x, duration=0.09624870900006499>
1024.2358 	EXP 	line1_2: autoDraw = True
1024.2358 	EXP 	line2_2: autoDraw = True
1024.2358 	EXP 	line3_2: autoDraw = True
1024.2358 	EXP 	line4_2: autoDraw = True
1024.2445 	EXP 	Fixation_2: autoDraw = False
1025.2462 	INFO 	Keyboard events cleared
1025.2460 	EXP 	protrianglefixation_2: autoDraw = True
1031.9533 	EXP 	Device response: <KeyPress from None: t=1031.9448874170048, value=x, duration=None>
1031.9538 	EXP 	New trial (rep=40, index=0): <Trial 160 (0 in rep 40) data={'pos': np.int64(-150), 'corr_resp': 'z', 'thisN': 160, 'thisTrialN': 0, 'thisRepN': 40}>
1031.9597 	DATA 	Keypress: x
1031.9652 	EXP 	Fixation_2: autoDraw = False
1031.9652 	EXP 	line1_2: autoDraw = False
1031.9652 	EXP 	line2_2: autoDraw = False
1031.9652 	EXP 	line3_2: autoDraw = False
1031.9652 	EXP 	line4_2: autoDraw = False
1031.9652 	EXP 	protrianglefixation_2: autoDraw = False
1031.9652 	EXP 	Fixation_2: autoDraw = True
1032.0015 	EXP 	Device response: <KeyPress from None: t=1031.9448874170048, value=x, duration=0.053977999996277504>
1032.9533 	EXP 	line1_2: autoDraw = True
1032.9533 	EXP 	line2_2: autoDraw = True
1032.9533 	EXP 	line3_2: autoDraw = True
1032.9533 	EXP 	line4_2: autoDraw = True
1032.9794 	EXP 	Fixation_2: autoDraw = False
1033.9524 	INFO 	Keyboard events cleared
1033.9523 	EXP 	protrianglefixation_2: autoDraw = True
1038.4297 	EXP 	Device response: <KeyPress from None: t=1038.424577208003, value=c, duration=None>
1038.4303 	EXP 	New trial (rep=40, index=1): <Trial 161 (1 in rep 40) data={'pos': np.int64(50), 'corr_resp': 'c', 'thisN': 161, 'thisTrialN': 1, 'thisRepN': 40}>
1038.4365 	DATA 	Keypress: c
1038.4420 	EXP 	Fixation_2: autoDraw = False
1038.4420 	EXP 	line1_2: autoDraw = False
1038.4420 	EXP 	line2_2: autoDraw = False
1038.4420 	EXP 	line3_2: autoDraw = False
1038.4420 	EXP 	line4_2: autoDraw = False
1038.4420 	EXP 	protrianglefixation_2: autoDraw = False
1038.4420 	EXP 	Fixation_2: autoDraw = True
1038.4975 	EXP 	Device response: <KeyPress from None: t=1038.424577208003, value=c, duration=0.06075487499765586>
1039.4281 	EXP 	line1_2: autoDraw = True
1039.4281 	EXP 	line2_2: autoDraw = True
1039.4281 	EXP 	line3_2: autoDraw = True
1039.4281 	EXP 	line4_2: autoDraw = True
1039.4355 	EXP 	Fixation_2: autoDraw = False
1040.4287 	INFO 	Keyboard events cleared
1040.4285 	EXP 	protrianglefixation_2: autoDraw = True
1043.1868 	EXP 	Device response: <KeyPress from None: t=1043.184562208, value=v, duration=None>
1043.1873 	EXP 	New trial (rep=40, index=2): <Trial 162 (2 in rep 40) data={'pos': np.int64(150), 'corr_resp': 'v', 'thisN': 162, 'thisTrialN': 2, 'thisRepN': 40}>
1043.1942 	DATA 	Keypress: v
1043.1990 	EXP 	Fixation_2: autoDraw = False
1043.1990 	EXP 	line1_2: autoDraw = False
1043.1990 	EXP 	line2_2: autoDraw = False
1043.1990 	EXP 	line3_2: autoDraw = False
1043.1990 	EXP 	line4_2: autoDraw = False
1043.1990 	EXP 	protrianglefixation_2: autoDraw = False
1043.1990 	EXP 	Fixation_2: autoDraw = True
1043.2294 	EXP 	Device response: <KeyPress from None: t=1043.184562208, value=v, duration=0.033775250005419366>
1044.1859 	EXP 	line1_2: autoDraw = True
1044.1859 	EXP 	line2_2: autoDraw = True
1044.1859 	EXP 	line3_2: autoDraw = True
1044.1859 	EXP 	line4_2: autoDraw = True
1044.1949 	EXP 	Fixation_2: autoDraw = False
1045.1863 	INFO 	Keyboard events cleared
1045.1861 	EXP 	protrianglefixation_2: autoDraw = True
1046.4965 	EXP 	Device response: <KeyPress from None: t=1046.4930333749944, value=v, duration=None>
1046.4970 	EXP 	New trial (rep=40, index=3): <Trial 163 (3 in rep 40) data={'pos': np.int64(-50), 'corr_resp': 'x', 'thisN': 163, 'thisTrialN': 3, 'thisRepN': 40}>
1046.5035 	DATA 	Keypress: v
1046.5087 	EXP 	Fixation_2: autoDraw = False
1046.5087 	EXP 	line1_2: autoDraw = False
1046.5087 	EXP 	line2_2: autoDraw = False
1046.5087 	EXP 	line3_2: autoDraw = False
1046.5087 	EXP 	line4_2: autoDraw = False
1046.5087 	EXP 	protrianglefixation_2: autoDraw = False
1046.5087 	EXP 	Fixation_2: autoDraw = True
1046.5628 	EXP 	Device response: <KeyPress from None: t=1046.4930333749944, value=v, duration=0.06033258300158195>
1047.4945 	EXP 	line1_2: autoDraw = True
1047.4945 	EXP 	line2_2: autoDraw = True
1047.4945 	EXP 	line3_2: autoDraw = True
1047.4945 	EXP 	line4_2: autoDraw = True
1047.5022 	EXP 	Fixation_2: autoDraw = False
1048.4946 	INFO 	Keyboard events cleared
1048.4944 	EXP 	protrianglefixation_2: autoDraw = True
1049.6125 	EXP 	Device response: <KeyPress from None: t=1049.601935832994, value=x, duration=None>
1049.6130 	EXP 	New trial (rep=41, index=0): <Trial 164 (0 in rep 41) data={'pos': np.int64(-150), 'corr_resp': 'z', 'thisN': 164, 'thisTrialN': 0, 'thisRepN': 41}>
1049.6191 	DATA 	Keypress: x
1049.6245 	EXP 	Fixation_2: autoDraw = False
1049.6245 	EXP 	line1_2: autoDraw = False
1049.6245 	EXP 	line2_2: autoDraw = False
1049.6245 	EXP 	line3_2: autoDraw = False
1049.6245 	EXP 	line4_2: autoDraw = False
1049.6245 	EXP 	protrianglefixation_2: autoDraw = False
1049.6245 	EXP 	Fixation_2: autoDraw = True
1049.6627 	EXP 	Device response: <KeyPress from None: t=1049.601935832994, value=x, duration=0.05293350000283681>
1050.6116 	EXP 	line1_2: autoDraw = True
1050.6116 	EXP 	line2_2: autoDraw = True
1050.6116 	EXP 	line3_2: autoDraw = True
1050.6116 	EXP 	line4_2: autoDraw = True
1050.6194 	EXP 	Fixation_2: autoDraw = False
1051.6113 	INFO 	Keyboard events cleared
1051.6111 	EXP 	protrianglefixation_2: autoDraw = True
1052.5034 	EXP 	Device response: <KeyPress from None: t=1052.498915624994, value=z, duration=None>
1052.5038 	EXP 	New trial (rep=41, index=1): <Trial 165 (1 in rep 41) data={'pos': np.int64(50), 'corr_resp': 'c', 'thisN': 165, 'thisTrialN': 1, 'thisRepN': 41}>
1052.5100 	DATA 	Keypress: z
1052.5157 	EXP 	Fixation_2: autoDraw = False
1052.5157 	EXP 	line1_2: autoDraw = False
1052.5157 	EXP 	line2_2: autoDraw = False
1052.5157 	EXP 	line3_2: autoDraw = False
1052.5157 	EXP 	line4_2: autoDraw = False
1052.5157 	EXP 	protrianglefixation_2: autoDraw = False
1052.5157 	EXP 	Fixation_2: autoDraw = True
1052.5690 	EXP 	Device response: <KeyPress from None: t=1052.498915624994, value=z, duration=0.06821441701322328>
1053.5024 	EXP 	line1_2: autoDraw = True
1053.5024 	EXP 	line2_2: autoDraw = True
1053.5024 	EXP 	line3_2: autoDraw = True
1053.5024 	EXP 	line4_2: autoDraw = True
1053.5112 	EXP 	Fixation_2: autoDraw = False
1054.5027 	INFO 	Keyboard events cleared
1054.5025 	EXP 	protrianglefixation_2: autoDraw = True
1055.3623 	EXP 	Device response: <KeyPress from None: t=1055.352809832999, value=c, duration=None>
1055.3628 	EXP 	New trial (rep=41, index=2): <Trial 166 (2 in rep 41) data={'pos': np.int64(-50), 'corr_resp': 'x', 'thisN': 166, 'thisTrialN': 2, 'thisRepN': 41}>
1055.3691 	DATA 	Keypress: c
1055.3743 	EXP 	Fixation_2: autoDraw = False
1055.3743 	EXP 	line1_2: autoDraw = False
1055.3743 	EXP 	line2_2: autoDraw = False
1055.3743 	EXP 	line3_2: autoDraw = False
1055.3743 	EXP 	line4_2: autoDraw = False
1055.3743 	EXP 	protrianglefixation_2: autoDraw = False
1055.3743 	EXP 	Fixation_2: autoDraw = True
1055.4353 	EXP 	Device response: <KeyPress from None: t=1055.352809832999, value=c, duration=0.07634604199847672>
1056.3611 	EXP 	line1_2: autoDraw = True
1056.3611 	EXP 	line2_2: autoDraw = True
1056.3611 	EXP 	line3_2: autoDraw = True
1056.3611 	EXP 	line4_2: autoDraw = True
1056.3686 	EXP 	Fixation_2: autoDraw = False
1057.2703 	EXP 	Device response: <KeyPress from None: t=1057.263781542002, value=x, duration=None>
1057.2766 	DATA 	Keypress: x
1057.3627 	INFO 	Keyboard events cleared
1057.3625 	EXP 	protrianglefixation_2: autoDraw = True
1057.4296 	EXP 	Device response: <KeyPress from None: t=1057.263781542002, value=x, duration=0.15634204099478666>
1059.8458 	EXP 	Device response: <KeyPress from None: t=1059.8437487920019, value=x, duration=None>
1059.8462 	EXP 	New trial (rep=41, index=3): <Trial 167 (3 in rep 41) data={'pos': np.int64(150), 'corr_resp': 'v', 'thisN': 167, 'thisTrialN': 3, 'thisRepN': 41}>
1059.8527 	DATA 	Keypress: x
1059.8581 	EXP 	Fixation_2: autoDraw = False
1059.8581 	EXP 	line1_2: autoDraw = False
1059.8581 	EXP 	line2_2: autoDraw = False
1059.8581 	EXP 	line3_2: autoDraw = False
1059.8581 	EXP 	line4_2: autoDraw = False
1059.8581 	EXP 	protrianglefixation_2: autoDraw = False
1059.8581 	EXP 	Fixation_2: autoDraw = True
1059.9864 	EXP 	Device response: <KeyPress from None: t=1059.8437487920019, value=x, duration=0.13634454099519644>
1060.8360 	EXP 	line1_2: autoDraw = True
1060.8360 	EXP 	line2_2: autoDraw = True
1060.8360 	EXP 	line3_2: autoDraw = True
1060.8360 	EXP 	line4_2: autoDraw = True
1060.8520 	EXP 	Fixation_2: autoDraw = False
1061.8455 	INFO 	Keyboard events cleared
1061.8452 	EXP 	protrianglefixation_2: autoDraw = True
1061.8520 	DATA 	Keypress: x
1063.1128 	EXP 	Device response: <KeyPress from None: t=1063.1036590419972, value=x, duration=None>
1063.1133 	EXP 	New trial (rep=42, index=0): <Trial 168 (0 in rep 42) data={'pos': np.int64(50), 'corr_resp': 'c', 'thisN': 168, 'thisTrialN': 0, 'thisRepN': 42}>
1063.1196 	DATA 	Keypress: x
1063.1248 	EXP 	Fixation_2: autoDraw = False
1063.1248 	EXP 	line1_2: autoDraw = False
1063.1248 	EXP 	line2_2: autoDraw = False
1063.1248 	EXP 	line3_2: autoDraw = False
1063.1248 	EXP 	line4_2: autoDraw = False
1063.1248 	EXP 	protrianglefixation_2: autoDraw = False
1063.1248 	EXP 	Fixation_2: autoDraw = True
1063.2130 	EXP 	Device response: <KeyPress from None: t=1063.1036590419972, value=x, duration=0.1042321660061134>
1064.1112 	EXP 	line1_2: autoDraw = True
1064.1112 	EXP 	line2_2: autoDraw = True
1064.1112 	EXP 	line3_2: autoDraw = True
1064.1112 	EXP 	line4_2: autoDraw = True
1064.1188 	EXP 	Fixation_2: autoDraw = False
1065.1112 	INFO 	Keyboard events cleared
1065.1110 	EXP 	protrianglefixation_2: autoDraw = True
1070.4957 	EXP 	Device response: <KeyPress from None: t=1070.493194458002, value=c, duration=None>
1070.4962 	EXP 	New trial (rep=42, index=1): <Trial 169 (1 in rep 42) data={'pos': np.int64(-50), 'corr_resp': 'x', 'thisN': 169, 'thisTrialN': 1, 'thisRepN': 42}>
1070.5026 	DATA 	Keypress: c
1070.5079 	EXP 	Fixation_2: autoDraw = False
1070.5079 	EXP 	line1_2: autoDraw = False
1070.5079 	EXP 	line2_2: autoDraw = False
1070.5079 	EXP 	line3_2: autoDraw = False
1070.5079 	EXP 	line4_2: autoDraw = False
1070.5079 	EXP 	protrianglefixation_2: autoDraw = False
1070.5079 	EXP 	Fixation_2: autoDraw = True
1070.5464 	EXP 	Device response: <KeyPress from None: t=1070.493194458002, value=c, duration=0.04594774999713991>
1071.4945 	EXP 	line1_2: autoDraw = True
1071.4945 	EXP 	line2_2: autoDraw = True
1071.4945 	EXP 	line3_2: autoDraw = True
1071.4945 	EXP 	line4_2: autoDraw = True
1071.5016 	EXP 	Fixation_2: autoDraw = False
1072.4945 	INFO 	Keyboard events cleared
1072.4943 	EXP 	protrianglefixation_2: autoDraw = True
1076.9456 	EXP 	Device response: <KeyPress from None: t=1076.940533208006, value=x, duration=None>
1076.9461 	EXP 	New trial (rep=42, index=2): <Trial 170 (2 in rep 42) data={'pos': np.int64(150), 'corr_resp': 'v', 'thisN': 170, 'thisTrialN': 2, 'thisRepN': 42}>
1076.9520 	DATA 	Keypress: x
1076.9572 	EXP 	Fixation_2: autoDraw = False
1076.9572 	EXP 	line1_2: autoDraw = False
1076.9572 	EXP 	line2_2: autoDraw = False
1076.9572 	EXP 	line3_2: autoDraw = False
1076.9572 	EXP 	line4_2: autoDraw = False
1076.9572 	EXP 	protrianglefixation_2: autoDraw = False
1076.9572 	EXP 	Fixation_2: autoDraw = True
1076.9958 	EXP 	Device response: <KeyPress from None: t=1076.940533208006, value=x, duration=0.053934916999423876>
1077.9353 	EXP 	line1_2: autoDraw = True
1077.9353 	EXP 	line2_2: autoDraw = True
1077.9353 	EXP 	line3_2: autoDraw = True
1077.9353 	EXP 	line4_2: autoDraw = True
1077.9517 	EXP 	Fixation_2: autoDraw = False
1078.9446 	INFO 	Keyboard events cleared
1078.9444 	EXP 	protrianglefixation_2: autoDraw = True
1079.0363 	EXP 	Device response: <KeyPress from None: t=1079.0280296249985, value=x, duration=None>
1079.0368 	EXP 	New trial (rep=42, index=3): <Trial 171 (3 in rep 42) data={'pos': np.int64(-150), 'corr_resp': 'z', 'thisN': 171, 'thisTrialN': 3, 'thisRepN': 42}>
1079.0430 	DATA 	Keypress: x
1079.0485 	EXP 	Fixation_2: autoDraw = False
1079.0485 	EXP 	line1_2: autoDraw = False
1079.0485 	EXP 	line2_2: autoDraw = False
1079.0485 	EXP 	line3_2: autoDraw = False
1079.0485 	EXP 	line4_2: autoDraw = False
1079.0485 	EXP 	protrianglefixation_2: autoDraw = False
1079.0485 	EXP 	Fixation_2: autoDraw = True
1079.1701 	EXP 	Device response: <KeyPress from None: t=1079.0280296249985, value=x, duration=0.140442375006387>
1080.0361 	EXP 	line1_2: autoDraw = True
1080.0361 	EXP 	line2_2: autoDraw = True
1080.0361 	EXP 	line3_2: autoDraw = True
1080.0361 	EXP 	line4_2: autoDraw = True
1080.0448 	EXP 	Fixation_2: autoDraw = False
1081.0359 	INFO 	Keyboard events cleared
1081.0357 	EXP 	protrianglefixation_2: autoDraw = True
1081.4633 	EXP 	Device response: <KeyPress from None: t=1081.4579947500024, value=x, duration=None>
1081.4639 	EXP 	New trial (rep=43, index=0): <Trial 172 (0 in rep 43) data={'pos': np.int64(-50), 'corr_resp': 'x', 'thisN': 172, 'thisTrialN': 0, 'thisRepN': 43}>
1081.4700 	DATA 	Keypress: x
1081.4752 	EXP 	Fixation_2: autoDraw = False
1081.4752 	EXP 	line1_2: autoDraw = False
1081.4752 	EXP 	line2_2: autoDraw = False
1081.4752 	EXP 	line3_2: autoDraw = False
1081.4752 	EXP 	line4_2: autoDraw = False
1081.4752 	EXP 	protrianglefixation_2: autoDraw = False
1081.4752 	EXP 	Fixation_2: autoDraw = True
1081.6125 	EXP 	Device response: <KeyPress from None: t=1081.4579947500024, value=x, duration=0.15240154200000688>
1082.4610 	EXP 	line1_2: autoDraw = True
1082.4610 	EXP 	line2_2: autoDraw = True
1082.4610 	EXP 	line3_2: autoDraw = True
1082.4610 	EXP 	line4_2: autoDraw = True
1082.4684 	EXP 	Fixation_2: autoDraw = False
1083.4613 	INFO 	Keyboard events cleared
1083.4611 	EXP 	protrianglefixation_2: autoDraw = True
1084.2703 	EXP 	Device response: <KeyPress from None: t=1084.2689192919934, value=x, duration=None>
1084.2708 	EXP 	New trial (rep=43, index=1): <Trial 173 (1 in rep 43) data={'pos': np.int64(-150), 'corr_resp': 'z', 'thisN': 173, 'thisTrialN': 1, 'thisRepN': 43}>
1084.2769 	DATA 	Keypress: x
1084.2823 	EXP 	Fixation_2: autoDraw = False
1084.2823 	EXP 	line1_2: autoDraw = False
1084.2823 	EXP 	line2_2: autoDraw = False
1084.2823 	EXP 	line3_2: autoDraw = False
1084.2823 	EXP 	line4_2: autoDraw = False
1084.2823 	EXP 	protrianglefixation_2: autoDraw = False
1084.2823 	EXP 	Fixation_2: autoDraw = True
1084.4029 	EXP 	Device response: <KeyPress from None: t=1084.2689192919934, value=x, duration=0.13246150000486523>
1085.2688 	EXP 	line1_2: autoDraw = True
1085.2688 	EXP 	line2_2: autoDraw = True
1085.2688 	EXP 	line3_2: autoDraw = True
1085.2688 	EXP 	line4_2: autoDraw = True
1085.2779 	EXP 	Fixation_2: autoDraw = False
1086.2696 	INFO 	Keyboard events cleared
1086.2694 	EXP 	protrianglefixation_2: autoDraw = True
1086.4624 	EXP 	Device response: <KeyPress from None: t=1086.4549672919966, value=x, duration=None>
1086.4629 	EXP 	New trial (rep=43, index=2): <Trial 174 (2 in rep 43) data={'pos': np.int64(150), 'corr_resp': 'v', 'thisN': 174, 'thisTrialN': 2, 'thisRepN': 43}>
1086.4689 	DATA 	Keypress: x
1086.4740 	EXP 	Fixation_2: autoDraw = False
1086.4740 	EXP 	line1_2: autoDraw = False
1086.4740 	EXP 	line2_2: autoDraw = False
1086.4740 	EXP 	line3_2: autoDraw = False
1086.4740 	EXP 	line4_2: autoDraw = False
1086.4740 	EXP 	protrianglefixation_2: autoDraw = False
1086.4740 	EXP 	Fixation_2: autoDraw = True
1086.5695 	EXP 	Device response: <KeyPress from None: t=1086.4549672919966, value=x, duration=0.10831612499896437>
1087.4610 	EXP 	line1_2: autoDraw = True
1087.4610 	EXP 	line2_2: autoDraw = True
1087.4610 	EXP 	line3_2: autoDraw = True
1087.4610 	EXP 	line4_2: autoDraw = True
1087.4682 	EXP 	Fixation_2: autoDraw = False
1088.4531 	INFO 	Keyboard events cleared
1088.4529 	EXP 	protrianglefixation_2: autoDraw = True
1089.0534 	EXP 	Device response: <KeyPress from None: t=1089.0458886669949, value=x, duration=None>
1089.0539 	EXP 	New trial (rep=43, index=3): <Trial 175 (3 in rep 43) data={'pos': np.int64(50), 'corr_resp': 'c', 'thisN': 175, 'thisTrialN': 3, 'thisRepN': 43}>
1089.0598 	DATA 	Keypress: x
1089.0651 	EXP 	Fixation_2: autoDraw = False
1089.0651 	EXP 	line1_2: autoDraw = False
1089.0651 	EXP 	line2_2: autoDraw = False
1089.0651 	EXP 	line3_2: autoDraw = False
1089.0651 	EXP 	line4_2: autoDraw = False
1089.0651 	EXP 	protrianglefixation_2: autoDraw = False
1089.0651 	EXP 	Fixation_2: autoDraw = True
1089.1522 	EXP 	Device response: <KeyPress from None: t=1089.0458886669949, value=x, duration=0.10027945801266469>
1090.0528 	EXP 	line1_2: autoDraw = True
1090.0528 	EXP 	line2_2: autoDraw = True
1090.0528 	EXP 	line3_2: autoDraw = True
1090.0528 	EXP 	line4_2: autoDraw = True
1090.0614 	EXP 	Fixation_2: autoDraw = False
1091.0446 	INFO 	Keyboard events cleared
1091.0444 	EXP 	protrianglefixation_2: autoDraw = True
1091.3790 	EXP 	Device response: <KeyPress from None: t=1091.368869333004, value=x, duration=None>
1091.3795 	EXP 	New trial (rep=44, index=0): <Trial 176 (0 in rep 44) data={'pos': np.int64(50), 'corr_resp': 'c', 'thisN': 176, 'thisTrialN': 0, 'thisRepN': 44}>
1091.3856 	DATA 	Keypress: x
1091.3909 	EXP 	Fixation_2: autoDraw = False
1091.3909 	EXP 	line1_2: autoDraw = False
1091.3909 	EXP 	line2_2: autoDraw = False
1091.3909 	EXP 	line3_2: autoDraw = False
1091.3909 	EXP 	line4_2: autoDraw = False
1091.3909 	EXP 	protrianglefixation_2: autoDraw = False
1091.3909 	EXP 	Fixation_2: autoDraw = True
1091.4694 	EXP 	Device response: <KeyPress from None: t=1091.368869333004, value=x, duration=0.09630570899753366>
1092.3779 	EXP 	line1_2: autoDraw = True
1092.3779 	EXP 	line2_2: autoDraw = True
1092.3779 	EXP 	line3_2: autoDraw = True
1092.3779 	EXP 	line4_2: autoDraw = True
1092.3855 	EXP 	Fixation_2: autoDraw = False
1093.3779 	INFO 	Keyboard events cleared
1093.3777 	EXP 	protrianglefixation_2: autoDraw = True
1093.6809 	EXP 	Device response: <KeyPress from None: t=1093.6777365419985, value=x, duration=None>
1093.6818 	EXP 	New trial (rep=44, index=1): <Trial 177 (1 in rep 44) data={'pos': np.int64(-150), 'corr_resp': 'z', 'thisN': 177, 'thisTrialN': 1, 'thisRepN': 44}>
1093.6886 	DATA 	Keypress: x
1093.6937 	EXP 	Fixation_2: autoDraw = False
1093.6937 	EXP 	line1_2: autoDraw = False
1093.6937 	EXP 	line2_2: autoDraw = False
1093.6937 	EXP 	line3_2: autoDraw = False
1093.6937 	EXP 	line4_2: autoDraw = False
1093.6937 	EXP 	protrianglefixation_2: autoDraw = False
1093.6937 	EXP 	Fixation_2: autoDraw = True
1093.8026 	EXP 	Device response: <KeyPress from None: t=1093.6777365419985, value=x, duration=0.12027033300546464>
1094.6777 	EXP 	line1_2: autoDraw = True
1094.6777 	EXP 	line2_2: autoDraw = True
1094.6777 	EXP 	line3_2: autoDraw = True
1094.6777 	EXP 	line4_2: autoDraw = True
1094.6853 	EXP 	Fixation_2: autoDraw = False
1095.6779 	INFO 	Keyboard events cleared
1095.6777 	EXP 	protrianglefixation_2: autoDraw = True
1096.1794 	EXP 	Device response: <KeyPress from None: t=1096.173706542002, value=x, duration=None>
1096.1798 	EXP 	New trial (rep=44, index=2): <Trial 178 (2 in rep 44) data={'pos': np.int64(-50), 'corr_resp': 'x', 'thisN': 178, 'thisTrialN': 2, 'thisRepN': 44}>
1096.1851 	DATA 	Keypress: x
1096.1901 	EXP 	Fixation_2: autoDraw = False
1096.1901 	EXP 	line1_2: autoDraw = False
1096.1901 	EXP 	line2_2: autoDraw = False
1096.1901 	EXP 	line3_2: autoDraw = False
1096.1901 	EXP 	line4_2: autoDraw = False
1096.1901 	EXP 	protrianglefixation_2: autoDraw = False
1096.1901 	EXP 	Fixation_2: autoDraw = True
1096.3306 	EXP 	Device response: <KeyPress from None: t=1096.173706542002, value=x, duration=0.14423754099698272>
1097.1778 	EXP 	line1_2: autoDraw = True
1097.1778 	EXP 	line2_2: autoDraw = True
1097.1778 	EXP 	line3_2: autoDraw = True
1097.1778 	EXP 	line4_2: autoDraw = True
1097.1850 	EXP 	Fixation_2: autoDraw = False
1098.1787 	INFO 	Keyboard events cleared
1098.1785 	EXP 	protrianglefixation_2: autoDraw = True
1098.2530 	EXP 	Device response: <KeyPress from None: t=1098.2466956249991, value=x, duration=None>
1098.2535 	EXP 	New trial (rep=44, index=3): <Trial 179 (3 in rep 44) data={'pos': np.int64(150), 'corr_resp': 'v', 'thisN': 179, 'thisTrialN': 3, 'thisRepN': 44}>
1098.2596 	DATA 	Keypress: x
1098.2651 	EXP 	Fixation_2: autoDraw = False
1098.2651 	EXP 	line1_2: autoDraw = False
1098.2651 	EXP 	line2_2: autoDraw = False
1098.2651 	EXP 	line3_2: autoDraw = False
1098.2651 	EXP 	line4_2: autoDraw = False
1098.2651 	EXP 	protrianglefixation_2: autoDraw = False
1098.2651 	EXP 	Fixation_2: autoDraw = True
1098.3699 	EXP 	Device response: <KeyPress from None: t=1098.2466956249991, value=x, duration=0.11635533299704548>
1099.2523 	EXP 	line1_2: autoDraw = True
1099.2523 	EXP 	line2_2: autoDraw = True
1099.2523 	EXP 	line3_2: autoDraw = True
1099.2523 	EXP 	line4_2: autoDraw = True
1099.2611 	EXP 	Fixation_2: autoDraw = False
1100.2530 	INFO 	Keyboard events cleared
1100.2528 	EXP 	protrianglefixation_2: autoDraw = True
1100.8974 	EXP 	Device response: <KeyPress from None: t=1100.8746065000014, value=x, duration=None>
1100.8979 	EXP 	New trial (rep=45, index=0): <Trial 180 (0 in rep 45) data={'pos': np.int64(50), 'corr_resp': 'c', 'thisN': 180, 'thisTrialN': 0, 'thisRepN': 45}>
1100.9042 	DATA 	Keypress: x
1100.9110 	EXP 	Fixation_2: autoDraw = False
1100.9110 	EXP 	line1_2: autoDraw = False
1100.9110 	EXP 	line2_2: autoDraw = False
1100.9110 	EXP 	line3_2: autoDraw = False
1100.9110 	EXP 	line4_2: autoDraw = False
1100.9110 	EXP 	protrianglefixation_2: autoDraw = False
1100.9110 	EXP 	Fixation_2: autoDraw = True
1101.0141 	EXP 	Device response: <KeyPress from None: t=1100.8746065000014, value=x, duration=0.1363336249924032>
1101.8945 	EXP 	line1_2: autoDraw = True
1101.8945 	EXP 	line2_2: autoDraw = True
1101.8945 	EXP 	line3_2: autoDraw = True
1101.8945 	EXP 	line4_2: autoDraw = True
1101.9020 	EXP 	Fixation_2: autoDraw = False
1102.8945 	INFO 	Keyboard events cleared
1102.8943 	EXP 	protrianglefixation_2: autoDraw = True
1104.4197 	EXP 	Device response: <KeyPress from None: t=1104.4155438330054, value=x, duration=None>
1104.4202 	EXP 	New trial (rep=45, index=1): <Trial 181 (1 in rep 45) data={'pos': np.int64(-50), 'corr_resp': 'x', 'thisN': 181, 'thisTrialN': 1, 'thisRepN': 45}>
1104.4262 	DATA 	Keypress: x
1104.4316 	EXP 	Fixation_2: autoDraw = False
1104.4316 	EXP 	line1_2: autoDraw = False
1104.4316 	EXP 	line2_2: autoDraw = False
1104.4316 	EXP 	line3_2: autoDraw = False
1104.4316 	EXP 	line4_2: autoDraw = False
1104.4316 	EXP 	protrianglefixation_2: autoDraw = False
1104.4316 	EXP 	Fixation_2: autoDraw = True
1104.5458 	EXP 	Device response: <KeyPress from None: t=1104.4155438330054, value=x, duration=0.12028516699501779>
1105.4110 	EXP 	line1_2: autoDraw = True
1105.4110 	EXP 	line2_2: autoDraw = True
1105.4110 	EXP 	line3_2: autoDraw = True
1105.4110 	EXP 	line4_2: autoDraw = True
1105.4276 	EXP 	Fixation_2: autoDraw = False
1106.4111 	INFO 	Keyboard events cleared
1106.4109 	EXP 	protrianglefixation_2: autoDraw = True
1106.7788 	EXP 	Device response: <KeyPress from None: t=1106.7754160829936, value=x, duration=None>
1106.7793 	EXP 	New trial (rep=45, index=2): <Trial 182 (2 in rep 45) data={'pos': np.int64(-150), 'corr_resp': 'z', 'thisN': 182, 'thisTrialN': 2, 'thisRepN': 45}>
1106.7853 	DATA 	Keypress: x
1106.7906 	EXP 	Fixation_2: autoDraw = False
1106.7906 	EXP 	line1_2: autoDraw = False
1106.7906 	EXP 	line2_2: autoDraw = False
1106.7906 	EXP 	line3_2: autoDraw = False
1106.7906 	EXP 	line4_2: autoDraw = False
1106.7906 	EXP 	protrianglefixation_2: autoDraw = False
1106.7906 	EXP 	Fixation_2: autoDraw = True
1106.8863 	EXP 	Device response: <KeyPress from None: t=1106.7754160829936, value=x, duration=0.10838920901005622>
1107.7777 	EXP 	line1_2: autoDraw = True
1107.7777 	EXP 	line2_2: autoDraw = True
1107.7777 	EXP 	line3_2: autoDraw = True
1107.7777 	EXP 	line4_2: autoDraw = True
1107.7849 	EXP 	Fixation_2: autoDraw = False
1108.7695 	INFO 	Keyboard events cleared
1108.7693 	EXP 	protrianglefixation_2: autoDraw = True
1109.2466 	EXP 	Device response: <KeyPress from None: t=1109.2373550829943, value=x, duration=None>
1109.2473 	EXP 	New trial (rep=45, index=3): <Trial 183 (3 in rep 45) data={'pos': np.int64(150), 'corr_resp': 'v', 'thisN': 183, 'thisTrialN': 3, 'thisRepN': 45}>
1109.2538 	DATA 	Keypress: x
1109.2591 	EXP 	Fixation_2: autoDraw = False
1109.2591 	EXP 	line1_2: autoDraw = False
1109.2591 	EXP 	line2_2: autoDraw = False
1109.2591 	EXP 	line3_2: autoDraw = False
1109.2591 	EXP 	line4_2: autoDraw = False
1109.2591 	EXP 	protrianglefixation_2: autoDraw = False
1109.2591 	EXP 	Fixation_2: autoDraw = True
1109.3461 	EXP 	Device response: <KeyPress from None: t=1109.2373550829943, value=x, duration=0.1043106249999255>
1110.2444 	EXP 	line1_2: autoDraw = True
1110.2444 	EXP 	line2_2: autoDraw = True
1110.2444 	EXP 	line3_2: autoDraw = True
1110.2444 	EXP 	line4_2: autoDraw = True
1110.2516 	EXP 	Fixation_2: autoDraw = False
1111.2444 	INFO 	Keyboard events cleared
1111.2443 	EXP 	protrianglefixation_2: autoDraw = True
1111.3530 	EXP 	Device response: <KeyPress from None: t=1111.348284916996, value=x, duration=None>
1111.3534 	EXP 	New trial (rep=46, index=0): <Trial 184 (0 in rep 46) data={'pos': np.int64(-150), 'corr_resp': 'z', 'thisN': 184, 'thisTrialN': 0, 'thisRepN': 46}>
1111.3596 	DATA 	Keypress: x
1111.3651 	EXP 	Fixation_2: autoDraw = False
1111.3651 	EXP 	line1_2: autoDraw = False
1111.3651 	EXP 	line2_2: autoDraw = False
1111.3651 	EXP 	line3_2: autoDraw = False
1111.3651 	EXP 	line4_2: autoDraw = False
1111.3651 	EXP 	protrianglefixation_2: autoDraw = False
1111.3651 	EXP 	Fixation_2: autoDraw = True
1111.4794 	EXP 	Device response: <KeyPress from None: t=1111.348284916996, value=x, duration=0.12841341600869782>
1112.3522 	EXP 	line1_2: autoDraw = True
1112.3522 	EXP 	line2_2: autoDraw = True
1112.3522 	EXP 	line3_2: autoDraw = True
1112.3522 	EXP 	line4_2: autoDraw = True
1112.3613 	EXP 	Fixation_2: autoDraw = False
1113.3524 	INFO 	Keyboard events cleared
1113.3522 	EXP 	protrianglefixation_2: autoDraw = True
1113.7622 	EXP 	Device response: <KeyPress from None: t=1113.759255375, value=x, duration=None>
1113.7627 	EXP 	New trial (rep=46, index=1): <Trial 185 (1 in rep 46) data={'pos': np.int64(150), 'corr_resp': 'v', 'thisN': 185, 'thisTrialN': 1, 'thisRepN': 46}>
1113.7692 	DATA 	Keypress: x
1113.7743 	EXP 	Fixation_2: autoDraw = False
1113.7743 	EXP 	line1_2: autoDraw = False
1113.7743 	EXP 	line2_2: autoDraw = False
1113.7743 	EXP 	line3_2: autoDraw = False
1113.7743 	EXP 	line4_2: autoDraw = False
1113.7743 	EXP 	protrianglefixation_2: autoDraw = False
1113.7743 	EXP 	Fixation_2: autoDraw = True
1113.8795 	EXP 	Device response: <KeyPress from None: t=1113.759255375, value=x, duration=0.11634366700309329>
1114.7610 	EXP 	line1_2: autoDraw = True
1114.7610 	EXP 	line2_2: autoDraw = True
1114.7610 	EXP 	line3_2: autoDraw = True
1114.7610 	EXP 	line4_2: autoDraw = True
1114.7686 	EXP 	Fixation_2: autoDraw = False
1115.7611 	INFO 	Keyboard events cleared
1115.7609 	EXP 	protrianglefixation_2: autoDraw = True
1115.9359 	EXP 	Device response: <KeyPress from None: t=1115.931281875004, value=x, duration=None>
1115.9363 	EXP 	New trial (rep=46, index=2): <Trial 186 (2 in rep 46) data={'pos': np.int64(50), 'corr_resp': 'c', 'thisN': 186, 'thisTrialN': 2, 'thisRepN': 46}>
1115.9438 	DATA 	Keypress: x
1115.9489 	EXP 	Fixation_2: autoDraw = False
1115.9489 	EXP 	line1_2: autoDraw = False
1115.9489 	EXP 	line2_2: autoDraw = False
1115.9489 	EXP 	line3_2: autoDraw = False
1115.9489 	EXP 	line4_2: autoDraw = False
1115.9489 	EXP 	protrianglefixation_2: autoDraw = False
1115.9489 	EXP 	Fixation_2: autoDraw = True
1116.0791 	EXP 	Device response: <KeyPress from None: t=1115.931281875004, value=x, duration=0.1402773750014603>
1116.9276 	EXP 	line1_2: autoDraw = True
1116.9276 	EXP 	line2_2: autoDraw = True
1116.9276 	EXP 	line3_2: autoDraw = True
1116.9276 	EXP 	line4_2: autoDraw = True
1116.9444 	EXP 	Fixation_2: autoDraw = False
1117.9367 	INFO 	Keyboard events cleared
1117.9365 	EXP 	protrianglefixation_2: autoDraw = True
1117.9456 	EXP 	Device response: <KeyPress from None: t=1117.9392364999949, value=x, duration=None>
1117.9461 	EXP 	New trial (rep=46, index=3): <Trial 187 (3 in rep 46) data={'pos': np.int64(-50), 'corr_resp': 'x', 'thisN': 187, 'thisTrialN': 3, 'thisRepN': 46}>
1117.9525 	DATA 	Keypress: x
1117.9578 	EXP 	Fixation_2: autoDraw = False
1117.9578 	EXP 	line1_2: autoDraw = False
1117.9578 	EXP 	line2_2: autoDraw = False
1117.9578 	EXP 	line3_2: autoDraw = False
1117.9578 	EXP 	line4_2: autoDraw = False
1117.9578 	EXP 	protrianglefixation_2: autoDraw = False
1117.9578 	EXP 	Fixation_2: autoDraw = True
1118.0459 	EXP 	Device response: <KeyPress from None: t=1117.9392364999949, value=x, duration=0.10020366701064631>
1118.9443 	EXP 	line1_2: autoDraw = True
1118.9443 	EXP 	line2_2: autoDraw = True
1118.9443 	EXP 	line3_2: autoDraw = True
1118.9443 	EXP 	line4_2: autoDraw = True
1118.9522 	EXP 	Fixation_2: autoDraw = False
1119.9629 	INFO 	Keyboard events cleared
1119.9627 	EXP 	protrianglefixation_2: autoDraw = True
1120.2530 	EXP 	Device response: <KeyPress from None: t=1120.2511640830053, value=x, duration=None>
1120.2534 	EXP 	New trial (rep=47, index=0): <Trial 188 (0 in rep 47) data={'pos': np.int64(150), 'corr_resp': 'v', 'thisN': 188, 'thisTrialN': 0, 'thisRepN': 47}>
1120.2594 	DATA 	Keypress: x
1120.2656 	EXP 	Fixation_2: autoDraw = False
1120.2656 	EXP 	line1_2: autoDraw = False
1120.2656 	EXP 	line2_2: autoDraw = False
1120.2656 	EXP 	line3_2: autoDraw = False
1120.2656 	EXP 	line4_2: autoDraw = False
1120.2656 	EXP 	protrianglefixation_2: autoDraw = False
1120.2656 	EXP 	Fixation_2: autoDraw = True
1120.3807 	EXP 	Device response: <KeyPress from None: t=1120.2511640830053, value=x, duration=0.12434783398930449>
1121.2521 	EXP 	line1_2: autoDraw = True
1121.2521 	EXP 	line2_2: autoDraw = True
1121.2521 	EXP 	line3_2: autoDraw = True
1121.2521 	EXP 	line4_2: autoDraw = True
1121.2610 	EXP 	Fixation_2: autoDraw = False
1122.2447 	INFO 	Keyboard events cleared
1122.2444 	EXP 	protrianglefixation_2: autoDraw = True
1122.5478 	EXP 	Device response: <KeyPress from None: t=1122.5350647500018, value=x, duration=None>
1122.5487 	EXP 	New trial (rep=47, index=1): <Trial 189 (1 in rep 47) data={'pos': np.int64(50), 'corr_resp': 'c', 'thisN': 189, 'thisTrialN': 1, 'thisRepN': 47}>
1122.5543 	DATA 	Keypress: x
1122.5592 	EXP 	Fixation_2: autoDraw = False
1122.5592 	EXP 	line1_2: autoDraw = False
1122.5592 	EXP 	line2_2: autoDraw = False
1122.5592 	EXP 	line3_2: autoDraw = False
1122.5592 	EXP 	line4_2: autoDraw = False
1122.5592 	EXP 	protrianglefixation_2: autoDraw = False
1122.5592 	EXP 	Fixation_2: autoDraw = True
1122.6688 	EXP 	Device response: <KeyPress from None: t=1122.5350647500018, value=x, duration=0.12841408299573231>
1123.5448 	EXP 	line1_2: autoDraw = True
1123.5448 	EXP 	line2_2: autoDraw = True
1123.5448 	EXP 	line3_2: autoDraw = True
1123.5448 	EXP 	line4_2: autoDraw = True
1123.5522 	EXP 	Fixation_2: autoDraw = False
1124.5444 	INFO 	Keyboard events cleared
1124.5442 	EXP 	protrianglefixation_2: autoDraw = True
1125.4957 	EXP 	Device response: <KeyPress from None: t=1125.4869574579934, value=x, duration=None>
1125.4961 	EXP 	New trial (rep=47, index=2): <Trial 190 (2 in rep 47) data={'pos': np.int64(-150), 'corr_resp': 'z', 'thisN': 190, 'thisTrialN': 2, 'thisRepN': 47}>
1125.5012 	DATA 	Keypress: x
1125.5063 	EXP 	Fixation_2: autoDraw = False
1125.5063 	EXP 	line1_2: autoDraw = False
1125.5063 	EXP 	line2_2: autoDraw = False
1125.5063 	EXP 	line3_2: autoDraw = False
1125.5063 	EXP 	line4_2: autoDraw = False
1125.5063 	EXP 	protrianglefixation_2: autoDraw = False
1125.5063 	EXP 	Fixation_2: autoDraw = True
1125.6461 	EXP 	Device response: <KeyPress from None: t=1125.4869574579934, value=x, duration=0.14842770900577307>
1126.4942 	EXP 	line1_2: autoDraw = True
1126.4942 	EXP 	line2_2: autoDraw = True
1126.4942 	EXP 	line3_2: autoDraw = True
1126.4942 	EXP 	line4_2: autoDraw = True
1126.5017 	EXP 	Fixation_2: autoDraw = False
1127.4946 	INFO 	Keyboard events cleared
1127.4944 	EXP 	protrianglefixation_2: autoDraw = True
1128.8365 	EXP 	Device response: <KeyPress from None: t=1128.8299185829965, value=x, duration=None>
1128.8370 	EXP 	New trial (rep=47, index=3): <Trial 191 (3 in rep 47) data={'pos': np.int64(-50), 'corr_resp': 'x', 'thisN': 191, 'thisTrialN': 3, 'thisRepN': 47}>
1128.8421 	DATA 	Keypress: x
1128.8481 	EXP 	Fixation_2: autoDraw = False
1128.8481 	EXP 	line1_2: autoDraw = False
1128.8481 	EXP 	line2_2: autoDraw = False
1128.8481 	EXP 	line3_2: autoDraw = False
1128.8481 	EXP 	line4_2: autoDraw = False
1128.8481 	EXP 	protrianglefixation_2: autoDraw = False
1128.8481 	EXP 	Fixation_2: autoDraw = True
1128.9628 	EXP 	Device response: <KeyPress from None: t=1128.8299185829965, value=x, duration=0.12430191700696014>
1129.8355 	EXP 	line1_2: autoDraw = True
1129.8355 	EXP 	line2_2: autoDraw = True
1129.8355 	EXP 	line3_2: autoDraw = True
1129.8355 	EXP 	line4_2: autoDraw = True
1129.8444 	EXP 	Fixation_2: autoDraw = False
1130.8363 	INFO 	Keyboard events cleared
1130.8361 	EXP 	protrianglefixation_2: autoDraw = True
1135.4467 	EXP 	Device response: <KeyPress from None: t=1135.4387939580047, value=x, duration=None>
1135.4473 	EXP 	New trial (rep=48, index=0): <Trial 192 (0 in rep 48) data={'pos': np.int64(150), 'corr_resp': 'v', 'thisN': 192, 'thisTrialN': 0, 'thisRepN': 48}>
1135.4527 	DATA 	Keypress: x
1135.4577 	EXP 	Fixation_2: autoDraw = False
1135.4577 	EXP 	line1_2: autoDraw = False
1135.4577 	EXP 	line2_2: autoDraw = False
1135.4577 	EXP 	line3_2: autoDraw = False
1135.4577 	EXP 	line4_2: autoDraw = False
1135.4577 	EXP 	protrianglefixation_2: autoDraw = False
1135.4577 	EXP 	Fixation_2: autoDraw = True
1135.5965 	EXP 	Device response: <KeyPress from None: t=1135.4387939580047, value=x, duration=0.14825687499251217>
1136.4442 	EXP 	line1_2: autoDraw = True
1136.4442 	EXP 	line2_2: autoDraw = True
1136.4442 	EXP 	line3_2: autoDraw = True
1136.4442 	EXP 	line4_2: autoDraw = True
1136.4517 	EXP 	Fixation_2: autoDraw = False
1137.4446 	INFO 	Keyboard events cleared
1137.4444 	EXP 	protrianglefixation_2: autoDraw = True
1138.0459 	EXP 	Device response: <KeyPress from None: t=1138.0427094579936, value=x, duration=None>
1138.0465 	EXP 	New trial (rep=48, index=1): <Trial 193 (1 in rep 48) data={'pos': np.int64(-50), 'corr_resp': 'x', 'thisN': 193, 'thisTrialN': 1, 'thisRepN': 48}>
1138.0525 	DATA 	Keypress: x
1138.0575 	EXP 	Fixation_2: autoDraw = False
1138.0575 	EXP 	line1_2: autoDraw = False
1138.0575 	EXP 	line2_2: autoDraw = False
1138.0575 	EXP 	line3_2: autoDraw = False
1138.0575 	EXP 	line4_2: autoDraw = False
1138.0575 	EXP 	protrianglefixation_2: autoDraw = False
1138.0575 	EXP 	Fixation_2: autoDraw = True
1138.2299 	EXP 	Device response: <KeyPress from None: t=1138.0427094579936, value=x, duration=0.17630320900934748>
1139.0445 	EXP 	line1_2: autoDraw = True
1139.0445 	EXP 	line2_2: autoDraw = True
1139.0445 	EXP 	line3_2: autoDraw = True
1139.0445 	EXP 	line4_2: autoDraw = True
1139.0522 	EXP 	Fixation_2: autoDraw = False
1140.0443 	INFO 	Keyboard events cleared
1140.0442 	EXP 	protrianglefixation_2: autoDraw = True
1140.6029 	EXP 	Device response: <KeyPress from None: t=1140.6007498749968, value=x, duration=None>
1140.6033 	EXP 	New trial (rep=48, index=2): <Trial 194 (2 in rep 48) data={'pos': np.int64(50), 'corr_resp': 'c', 'thisN': 194, 'thisTrialN': 2, 'thisRepN': 48}>
1140.6087 	DATA 	Keypress: x
1140.6150 	EXP 	Fixation_2: autoDraw = False
1140.6150 	EXP 	line1_2: autoDraw = False
1140.6150 	EXP 	line2_2: autoDraw = False
1140.6150 	EXP 	line3_2: autoDraw = False
1140.6150 	EXP 	line4_2: autoDraw = False
1140.6150 	EXP 	protrianglefixation_2: autoDraw = False
1140.6150 	EXP 	Fixation_2: autoDraw = True
1140.7461 	EXP 	Device response: <KeyPress from None: t=1140.6007498749968, value=x, duration=0.13619812500837725>
1141.6022 	EXP 	line1_2: autoDraw = True
1141.6022 	EXP 	line2_2: autoDraw = True
1141.6022 	EXP 	line3_2: autoDraw = True
1141.6022 	EXP 	line4_2: autoDraw = True
1141.6113 	EXP 	Fixation_2: autoDraw = False
1142.6026 	INFO 	Keyboard events cleared
1142.6024 	EXP 	protrianglefixation_2: autoDraw = True
1148.9863 	EXP 	Device response: <KeyPress from None: t=1148.985413125003, value=x, duration=None>
1148.9868 	EXP 	New trial (rep=48, index=3): <Trial 195 (3 in rep 48) data={'pos': np.int64(-150), 'corr_resp': 'z', 'thisN': 195, 'thisTrialN': 3, 'thisRepN': 48}>
1148.9918 	DATA 	Keypress: x
1148.9979 	EXP 	Fixation_2: autoDraw = False
1148.9979 	EXP 	line1_2: autoDraw = False
1148.9979 	EXP 	line2_2: autoDraw = False
1148.9979 	EXP 	line3_2: autoDraw = False
1148.9979 	EXP 	line4_2: autoDraw = False
1148.9979 	EXP 	protrianglefixation_2: autoDraw = False
1148.9979 	EXP 	Fixation_2: autoDraw = True
1149.1123 	EXP 	Device response: <KeyPress from None: t=1148.985413125003, value=x, duration=0.11637249999330379>
1149.9860 	EXP 	line1_2: autoDraw = True
1149.9860 	EXP 	line2_2: autoDraw = True
1149.9860 	EXP 	line3_2: autoDraw = True
1149.9860 	EXP 	line4_2: autoDraw = True
1149.9946 	EXP 	Fixation_2: autoDraw = False
1150.9780 	INFO 	Keyboard events cleared
1150.9780 	EXP 	protrianglefixation_2: autoDraw = True
1155.4862 	EXP 	Device response: <KeyPress from None: t=1155.481745166995, value=x, duration=None>
1155.4867 	EXP 	New trial (rep=49, index=0): <Trial 196 (0 in rep 49) data={'pos': np.int64(-50), 'corr_resp': 'x', 'thisN': 196, 'thisTrialN': 0, 'thisRepN': 49}>
1155.4925 	DATA 	Keypress: x
1155.4981 	EXP 	Fixation_2: autoDraw = False
1155.4981 	EXP 	line1_2: autoDraw = False
1155.4981 	EXP 	line2_2: autoDraw = False
1155.4981 	EXP 	line3_2: autoDraw = False
1155.4981 	EXP 	line4_2: autoDraw = False
1155.4981 	EXP 	protrianglefixation_2: autoDraw = False
1155.4981 	EXP 	Fixation_2: autoDraw = True
1155.6297 	EXP 	Device response: <KeyPress from None: t=1155.481745166995, value=x, duration=0.14385104100801982>
1156.4784 	EXP 	line1_2: autoDraw = True
1156.4784 	EXP 	line2_2: autoDraw = True
1156.4784 	EXP 	line3_2: autoDraw = True
1156.4784 	EXP 	line4_2: autoDraw = True
1156.4949 	EXP 	Fixation_2: autoDraw = False
1157.4959 	INFO 	Keyboard events cleared
1157.4957 	EXP 	protrianglefixation_2: autoDraw = True
1158.0791 	EXP 	Device response: <KeyPress from None: t=1158.0722839170048, value=x, duration=None>
1158.0796 	EXP 	New trial (rep=49, index=1): <Trial 197 (1 in rep 49) data={'pos': np.int64(50), 'corr_resp': 'c', 'thisN': 197, 'thisTrialN': 1, 'thisRepN': 49}>
1158.0856 	DATA 	Keypress: x
1158.0906 	EXP 	Fixation_2: autoDraw = False
1158.0906 	EXP 	line1_2: autoDraw = False
1158.0906 	EXP 	line2_2: autoDraw = False
1158.0906 	EXP 	line3_2: autoDraw = False
1158.0906 	EXP 	line4_2: autoDraw = False
1158.0906 	EXP 	protrianglefixation_2: autoDraw = False
1158.0906 	EXP 	Fixation_2: autoDraw = True
1158.1635 	EXP 	Device response: <KeyPress from None: t=1158.0722839170048, value=x, duration=0.08433299999160226>
1159.0780 	EXP 	line1_2: autoDraw = True
1159.0780 	EXP 	line2_2: autoDraw = True
1159.0780 	EXP 	line3_2: autoDraw = True
1159.0780 	EXP 	line4_2: autoDraw = True
1159.0854 	EXP 	Fixation_2: autoDraw = False
1160.0782 	INFO 	Keyboard events cleared
1160.0780 	EXP 	protrianglefixation_2: autoDraw = True
1161.6958 	EXP 	Device response: <KeyPress from None: t=1161.686786708, value=x, duration=None>
1161.6963 	EXP 	New trial (rep=49, index=2): <Trial 198 (2 in rep 49) data={'pos': np.int64(150), 'corr_resp': 'v', 'thisN': 198, 'thisTrialN': 2, 'thisRepN': 49}>
1161.7022 	DATA 	Keypress: x
1161.7074 	EXP 	Fixation_2: autoDraw = False
1161.7074 	EXP 	line1_2: autoDraw = False
1161.7074 	EXP 	line2_2: autoDraw = False
1161.7074 	EXP 	line3_2: autoDraw = False
1161.7074 	EXP 	line4_2: autoDraw = False
1161.7074 	EXP 	protrianglefixation_2: autoDraw = False
1161.7074 	EXP 	Fixation_2: autoDraw = True
1161.8304 	EXP 	Device response: <KeyPress from None: t=1161.686786708, value=x, duration=0.13971412500541192>
1162.6944 	EXP 	line1_2: autoDraw = True
1162.6944 	EXP 	line2_2: autoDraw = True
1162.6944 	EXP 	line3_2: autoDraw = True
1162.6944 	EXP 	line4_2: autoDraw = True
1162.7016 	EXP 	Fixation_2: autoDraw = False
1163.6862 	INFO 	Keyboard events cleared
1163.6859 	EXP 	protrianglefixation_2: autoDraw = True
1163.6930 	DATA 	Keypress: x
1165.8127 	EXP 	Device response: <KeyPress from None: t=1165.8050282080076, value=x, duration=None>
1165.8131 	EXP 	New trial (rep=49, index=3): <Trial 199 (3 in rep 49) data={'pos': np.int64(-150), 'corr_resp': 'z', 'thisN': 199, 'thisTrialN': 3, 'thisRepN': 49}>
1165.8190 	DATA 	Keypress: x
1165.8240 	EXP 	Fixation_2: autoDraw = False
1165.8240 	EXP 	line1_2: autoDraw = False
1165.8240 	EXP 	line2_2: autoDraw = False
1165.8240 	EXP 	line3_2: autoDraw = False
1165.8240 	EXP 	line4_2: autoDraw = False
1165.8240 	EXP 	protrianglefixation_2: autoDraw = False
1165.8240 	EXP 	Fixation_2: autoDraw = True
1165.9460 	EXP 	Device response: <KeyPress from None: t=1165.8050282080076, value=x, duration=0.13229570898693055>
1166.8111 	EXP 	line1_2: autoDraw = True
1166.8111 	EXP 	line2_2: autoDraw = True
1166.8111 	EXP 	line3_2: autoDraw = True
1166.8111 	EXP 	line4_2: autoDraw = True
1166.8185 	EXP 	Fixation_2: autoDraw = False
1167.3459 	EXP 	Device response: <KeyPress from None: t=1167.3430116249947, value=x, duration=None>
1167.3522 	DATA 	Keypress: x
1167.4791 	EXP 	Device response: <KeyPress from None: t=1167.3430116249947, value=x, duration=0.12833370800944977>
1167.8115 	INFO 	Keyboard events cleared
1167.8113 	EXP 	protrianglefixation_2: autoDraw = True
1168.7860 	EXP 	Device response: <KeyPress from None: t=1168.7840459169965, value=x, duration=None>
1168.7914 	DATA 	Keypress: x
1168.7976 	EXP 	Fixation_2: autoDraw = False
1168.7976 	EXP 	line1_2: autoDraw = False
1168.7976 	EXP 	line2_2: autoDraw = False
1168.7976 	EXP 	line3_2: autoDraw = False
1168.7976 	EXP 	line4_2: autoDraw = False
1168.7976 	EXP 	protrianglefixation_2: autoDraw = False
1168.7978 	EXP 	Motor sequence Learning task_Recent_Experiment_Tutorial 4_Urvashi Bhansali_AU2320139: status = STOPPED
1168.8963 	INFO 	saved data to '/Users/urvashibhansali/Documents/AU (1-4 years) /3rd Year/Semester 5 Monsoon 25-26/Lab in Psychology PSY310/Psychopy/youtube tutorials/Motor Sequence Learning Task/data/v_p1_Motor sequence Learning task_Recent_Experiment_Tutorial 4_Urvashi Bhansali_AU2320139_2025-09-28_16h03.47.211.csv'
1168.9023 	INFO 	saved data to /Users/urvashibhansali/Documents/AU (1-4 years) /3rd Year/Semester 5 Monsoon 25-26/Lab in Psychology PSY310/Psychopy/youtube tutorials/Motor Sequence Learning Task/data/v_p1_Motor sequence Learning task_Recent_Experiment_Tutorial 4_Urvashi Bhansali_AU2320139_2025-09-28_16h03.47.211.psydat
1169.2504 	WARNING 	Stopping key buffers but this could be dangerous ifother keyboards rely on the same.
