pos,corr_resp,thisN,thisTrialN,thisRepN,key_resp.keys,key_resp.corr,key_resp.rt,key_resp.duration,key_resp_2.keys,key_resp_2.corr,key_resp_2.rt,key_resp_2.duration,trials.thisRepN,trials.thisTrialN,trials.thisN,trials.thisIndex,trials_2.thisRepN,trials_2.thisTrialN,trials_2.thisN,trials_2.thisIndex,thisRow.t,notes,trial.started,Fixation.started,line1.started,line2.started,line3.started,line4.started,Fixation.stopped,protrianglefixation.started,key_resp.started,trial.stopped,trials.key_resp.keys,trials.key_resp.corr,trials.key_resp.rt,trials.key_resp.duration,trial_2.started,Fixation_2.started,line1_2.started,line2_2.started,line3_2.started,line4_2.started,Fixation_2.stopped,protrianglefixation_2.started,key_resp_2.started,trial_2.stopped,trials_2.key_resp_2.keys,trials_2.key_resp_2.corr,trials_2.key_resp_2.rt,trials_2.key_resp_2.duration,participant,session,date,expName,expVersion,psychopyVersion,frameRate,expStart,
-50,x,0,0,0,x,1,2.8891677089995937,None,,,,,0,0,0,0,,,,,0.05533754199859686,,0.03849733300739899,0.05533754199859686,1.0273076250014128,1.0273076250014128,1.0273076250014128,1.0273076250014128,1.0516487919958308,2.014425500005018,2.014425500005018,5.1628031250002095,x,1,2.8891677089995937,None,,,,,,,,,,,,,,,v_p1,"001",2025-09-28_16h03.56.499,Motor sequence Learning task_Recent_Experiment_Tutorial 4_Urvashi Bhansali_AU2320139,,2025.2.0,None,2025-09-28 16h03.56.522940 +0530,
150,v,1,1,0,v,1,2.4388255829981063,None,,,,,0,1,1,1,,,,,5.184976457996527,,5.162987000003341,5.184976457996527,6.154896958003519,6.154896958003519,6.154896958003519,6.154896958003519,6.1798365419963375,7.155528832998243,7.155528832998243,9.59854108300351,v,1,2.4388255829981063,None,,,,,,,,,,,,,,,v_p1,"001",2025-09-28_16h03.56.499,Motor sequence Learning task_Recent_Experiment_Tutorial 4_Urvashi Bhansali_AU2320139,,2025.2.0,None,2025-09-28 16h03.56.522940 +0530,
50,c,2,2,0,c,1,1.0796929999924032,None,,,,,0,2,2,2,,,,,9.607976875005988,,9.599000375004834,9.607976875005988,10.596512542004348,10.596512542004348,10.596512542004348,10.596512542004348,10.60402475000592,11.598166625000886,11.598166625000886,12.681269249995239,c,1,1.0796929999924032,None,,,,,,,,,,,,,,,v_p1,"001",2025-09-28_16h03.56.499,Motor sequence Learning task_Recent_Experiment_Tutorial 4_Urvashi Bhansali_AU2320139,,2025.2.0,None,2025-09-28 16h03.56.522940 +0530,
-150,z,3,3,0,z,1,0.5889506669918774,None,,,,,0,3,3,3,,,,,12.691997417001403,,12.682051833005971,12.691997417001403,13.679821957994136,13.679821957994136,13.679821957994136,13.679821957994136,13.687882541998988,14.681325458004721,14.681325458004721,15.271924417000264,z,1,0.5889506669918774,None,,,,,,,,,,,,,,,v_p1,"001",2025-09-28_16h03.56.499,Motor sequence Learning task_Recent_Experiment_Tutorial 4_Urvashi Bhansali_AU2320139,,2025.2.0,None,2025-09-28 16h03.56.522940 +0530,
-50,x,4,0,1,x,1,0.6778757919964846,None,,,,,1,0,4,0,,,,,15.28345495800022,,15.272425874994951,15.28345495800022,16.27130587499414,16.27130587499414,16.27130587499414,16.27130587499414,16.279755083000055,17.27108262499678,17.27108262499678,17.95513404200028,x,1,0.6778757919964846,None,,,,,,,,,,,,,,,v_p1,"001",2025-09-28_16h03.56.499,Motor sequence Learning task_Recent_Experiment_Tutorial 4_Urvashi Bhansali_AU2320139,,2025.2.0,None,2025-09-28 16h03.56.522940 +0530,
150,v,5,1,1,v,1,0.472131292000995,None,,,,,1,1,5,1,,,,,17.966894666998996,,17.95565716699639,17.966894666998996,18.954161333007505,18.954161333007505,18.954161333007505,18.954161333007505,18.96328920799715,19.946678082997096,19.946678082997096,20.421691374998773,v,1,0.472131292000995,None,,,,,,,,,,,,,,,v_p1,"001",2025-09-28_16h03.56.499,Motor sequence Learning task_Recent_Experiment_Tutorial 4_Urvashi Bhansali_AU2320139,,2025.2.0,None,2025-09-28 16h03.56.522940 +0530,
50,c,6,2,1,c,1,0.610305166002945,None,,,,,1,2,6,2,,,,,20.448305583006004,,20.42222849999962,20.448305583006004,21.42146183300065,21.42146183300065,21.42146183300065,21.42146183300065,21.447500750000472,22.42138275000616,22.42138275000616,23.03917824999371,c,1,0.610305166002945,None,,,,,,,,,,,,,,,v_p1,"001",2025-09-28_16h03.56.499,Motor sequence Learning task_Recent_Experiment_Tutorial 4_Urvashi Bhansali_AU2320139,,2025.2.0,None,2025-09-28 16h03.56.522940 +0530,
-150,z,7,3,1,z,1,0.5740897080104332,None,,,,,1,3,7,3,,,,,23.050485917003243,,23.039750291995006,23.050485917003243,24.038985582999885,24.038985582999885,24.038985582999885,24.038985582999885,24.06460650000372,25.0377525829972,25.0377525829972,25.615073749999283,z,1,0.5740897080104332,None,,,,,,,,,,,,,,,v_p1,"001",2025-09-28_16h03.56.499,Motor sequence Learning task_Recent_Experiment_Tutorial 4_Urvashi Bhansali_AU2320139,,2025.2.0,None,2025-09-28 16h03.56.522940 +0530,
-50,x,8,0,2,x,1,0.7012530840002,None,,,,,2,0,8,0,,,,,25.625984458005405,,25.615596542003914,25.625984458005405,26.61304941700655,26.61304941700655,26.61304941700655,26.61304941700655,26.620226166996872,27.61337616700621,27.61337616700621,28.322022167005343,x,1,0.7012530840002,None,,,,,,,,,,,,,,,v_p1,"001",2025-09-28_16h03.56.499,Motor sequence Learning task_Recent_Experiment_Tutorial 4_Urvashi Bhansali_AU2320139,,2025.2.0,None,2025-09-28 16h03.56.522940 +0530,
150,v,9,1,2,v,1,0.7360232500068378,None,,,,,2,1,9,1,,,,,28.333727375007584,,28.32255312500638,28.333727375007584,29.320853875004104,29.320853875004104,29.320853875004104,29.320853875004104,29.3298705000052,30.321678249994875,30.321678249994875,31.064851957999053,v,1,0.7360232500068378,None,,,,,,,,,,,,,,,v_p1,"001",2025-09-28_16h03.56.499,Motor sequence Learning task_Recent_Experiment_Tutorial 4_Urvashi Bhansali_AU2320139,,2025.2.0,None,2025-09-28 16h03.56.522940 +0530,
50,c,10,2,2,c,1,0.657240875007119,None,,,,,2,2,10,2,,,,,31.075481958003365,,31.065427333000116,31.075481958003365,32.06301566699403,32.06301566699403,32.06301566699403,32.06301566699403,32.071029917002306,33.063246167002944,33.063246167002944,33.72221987499506,c,1,0.657240875007119,None,,,,,,,,,,,,,,,v_p1,"001",2025-09-28_16h03.56.499,Motor sequence Learning task_Recent_Experiment_Tutorial 4_Urvashi Bhansali_AU2320139,,2025.2.0,None,2025-09-28 16h03.56.522940 +0530,
-150,z,11,3,2,z,1,0.6166272919945186,None,,,,,2,3,11,3,,,,,33.7337686670071,,33.72270387499884,33.7337686670071,34.721179542000755,34.721179542000755,34.721179542000755,34.721179542000755,34.730133375007426,35.721727750002174,35.721727750002174,36.34838533299626,z,1,0.6166272919945186,None,,,,,,,,,,,,,,,v_p1,"001",2025-09-28_16h03.56.499,Motor sequence Learning task_Recent_Experiment_Tutorial 4_Urvashi Bhansali_AU2320139,,2025.2.0,None,2025-09-28 16h03.56.522940 +0530,
-50,x,12,0,3,x,1,0.6860729170002742,None,,,,,3,0,12,0,,,,,36.359315541994874,,36.34907125000609,36.359315541994874,37.346465666996664,37.346465666996664,37.346465666996664,37.346465666996664,37.35378320800373,38.34635266699479,38.34635266699479,39.040397125005256,x,1,0.6860729170002742,None,,,,,,,,,,,,,,,v_p1,"001",2025-09-28_16h03.56.499,Motor sequence Learning task_Recent_Experiment_Tutorial 4_Urvashi Bhansali_AU2320139,,2025.2.0,None,2025-09-28 16h03.56.522940 +0530,
150,v,13,1,3,v,1,0.5636838749924209,None,,,,,3,1,13,1,,,,,39.05081524999696,,39.04090649999853,39.05081524999696,40.03796791700006,40.03796791700006,40.03796791700006,40.03796791700006,40.04647216699959,41.03875304199755,41.03875304199755,41.61651220799831,v,1,0.5636838749924209,None,,,,,,,,,,,,,,,v_p1,"001",2025-09-28_16h03.56.499,Motor sequence Learning task_Recent_Experiment_Tutorial 4_Urvashi Bhansali_AU2320139,,2025.2.0,None,2025-09-28 16h03.56.522940 +0530,
50,c,14,2,3,c,1,0.7720464169979095,None,,,,,3,2,14,2,,,,,41.62998316700396,,41.61760512499313,41.62998316700396,42.613037582996185,42.613037582996185,42.613037582996185,42.613037582996185,42.620346541996696,43.61317491700174,43.61317491700174,44.38886720800656,c,1,0.7720464169979095,None,,,,,,,,,,,,,,,v_p1,"001",2025-09-28_16h03.56.499,Motor sequence Learning task_Recent_Experiment_Tutorial 4_Urvashi Bhansali_AU2320139,,2025.2.0,None,2025-09-28 16h03.56.522940 +0530,
-150,z,15,3,3,z,1,0.5030324589897646,None,,,,,3,3,15,3,,,,,44.400462125006015,,44.38951879199885,44.400462125006015,45.38796620799985,45.38796620799985,45.38796620799985,45.38796620799985,45.3963529580069,46.388232750003226,46.388232750003226,46.897996291998425,z,1,0.5030324589897646,None,,,,,,,,,,,,,,,v_p1,"001",2025-09-28_16h03.56.499,Motor sequence Learning task_Recent_Experiment_Tutorial 4_Urvashi Bhansali_AU2320139,,2025.2.0,None,2025-09-28 16h03.56.522940 +0530,
-50,x,16,0,4,x,1,0.694096790990443,None,,,,,4,0,16,0,,,,,46.90819987500436,,46.898490958003094,46.90819987500436,47.896479041999555,47.896479041999555,47.896479041999555,47.896479041999555,47.90372187500179,48.89797516699764,48.89797516699764,49.597856749998755,x,1,0.694096790990443,None,,,,,,,,,,,,,,,v_p1,"001",2025-09-28_16h03.56.499,Motor sequence Learning task_Recent_Experiment_Tutorial 4_Urvashi Bhansali_AU2320139,,2025.2.0,None,2025-09-28 16h03.56.522940 +0530,
150,v,17,1,4,v,1,0.4805973750044359,None,,,,,4,1,17,1,,,,,49.60838670800149,,49.598409750004066,49.60838670800149,50.5877330420044,50.5877330420044,50.5877330420044,50.5877330420044,50.60374325000157,51.59644683300576,51.59644683300576,52.08139329199912,v,1,0.4805973750044359,None,,,,,,,,,,,,,,,v_p1,"001",2025-09-28_16h03.56.499,Motor sequence Learning task_Recent_Experiment_Tutorial 4_Urvashi Bhansali_AU2320139,,2025.2.0,None,2025-09-28 16h03.56.522940 +0530,
50,c,18,2,4,c,1,0.6411178749985993,None,,,,,4,2,18,2,,,,,52.0921544580051,,52.081947957995,52.0921544580051,53.0797612919996,53.0797612919996,53.0797612919996,53.0797612919996,53.08735450000677,54.07989616699342,54.07989616699342,54.73140324999986,c,1,0.6411178749985993,None,,,,,,,,,,,,,,,v_p1,"001",2025-09-28_16h03.56.499,Motor sequence Learning task_Recent_Experiment_Tutorial 4_Urvashi Bhansali_AU2320139,,2025.2.0,None,2025-09-28 16h03.56.522940 +0530,
-150,z,19,3,4,z,1,0.5610609170107637,None,,,,,4,3,19,3,,,,,54.74217195800156,,54.73192595799628,54.74217195800156,55.72126887500053,55.72126887500053,55.72126887500053,55.72126887500053,55.764448250003625,56.72996987499937,56.72996987499937,57.29819420799322,z,1,0.5610609170107637,None,,,,,,,,,,,,,,,v_p1,"001",2025-09-28_16h03.56.499,Motor sequence Learning task_Recent_Experiment_Tutorial 4_Urvashi Bhansali_AU2320139,,2025.2.0,None,2025-09-28 16h03.56.522940 +0530,
-50,x,20,0,5,x,1,0.7082915829960257,None,,,,,5,0,20,0,,,,,57.30960445800156,,57.298733292002,57.30960445800156,58.29671429199516,58.29671429199516,58.29671429199516,58.29671429199516,58.30310987500707,59.29660137499741,59.29660137499741,60.016321207993315,x,1,0.7082915829960257,None,,,,,,,,,,,,,,,v_p1,"001",2025-09-28_16h03.56.499,Motor sequence Learning task_Recent_Experiment_Tutorial 4_Urvashi Bhansali_AU2320139,,2025.2.0,None,2025-09-28 16h03.56.522940 +0530,
150,v,21,1,5,v,1,0.5668415419931989,None,,,,,5,1,21,1,,,,,60.02854566699534,,60.01689291700313,60.02854566699534,61.01302741699328,61.01302741699328,61.01302741699328,61.01302741699328,61.020447625007364,62.01299483299954,62.01299483299954,62.581643541998346,v,1,0.5668415419931989,None,,,,,,,,,,,,,,,v_p1,"001",2025-09-28_16h03.56.499,Motor sequence Learning task_Recent_Experiment_Tutorial 4_Urvashi Bhansali_AU2320139,,2025.2.0,None,2025-09-28 16h03.56.522940 +0530,
50,c,22,2,5,c,1,0.3690857499896083,None,,,,,5,2,22,2,,,,,62.59336362499744,,62.58220658299979,62.59336362499744,63.57966016700084,63.57966016700084,63.57966016700084,63.57966016700084,63.587140125004225,64.57994316700206,64.57994316700206,64.95545150000544,c,1,0.3690857499896083,None,,,,,,,,,,,,,,,v_p1,"001",2025-09-28_16h03.56.499,Motor sequence Learning task_Recent_Experiment_Tutorial 4_Urvashi Bhansali_AU2320139,,2025.2.0,None,2025-09-28 16h03.56.522940 +0530,
-150,z,23,3,5,z,1,0.3618007079930976,None,,,,,5,3,23,3,,,,,64.967350292005,,64.9560359169991,64.967350292005,65.95447433300433,65.95447433300433,65.95447433300433,65.95447433300433,65.96309816700523,66.94676645800064,66.94676645800064,67.33310316699499,z,1,0.3618007079930976,None,,,,,,,,,,,,,,,v_p1,"001",2025-09-28_16h03.56.499,Motor sequence Learning task_Recent_Experiment_Tutorial 4_Urvashi Bhansali_AU2320139,,2025.2.0,None,2025-09-28 16h03.56.522940 +0530,
-50,x,24,0,6,x,1,0.42196091600635555,None,,,,,6,0,24,0,,,,,67.34626099999878,,67.33417225000449,67.34626099999878,68.32968262500071,68.32968262500071,68.32968262500071,68.32968262500071,68.33692595800676,69.32974395800557,69.32974395800557,69.75625454199326,x,1,0.42196091600635555,None,,,,,,,,,,,,,,,v_p1,"001",2025-09-28_16h03.56.499,Motor sequence Learning task_Recent_Experiment_Tutorial 4_Urvashi Bhansali_AU2320139,,2025.2.0,None,2025-09-28 16h03.56.522940 +0530,
150,v,25,1,6,v,1,0.4029842909949366,None,,,,,6,1,25,1,,,,,69.76746787500451,,69.75673787499545,69.76746787500451,70.7541915000038,70.7541915000038,70.7541915000038,70.7541915000038,70.76306466700044,71.75454162500682,71.75454162500682,72.16486983299546,v,1,0.4029842909949366,None,,,,,,,,,,,,,,,v_p1,"001",2025-09-28_16h03.56.499,Motor sequence Learning task_Recent_Experiment_Tutorial 4_Urvashi Bhansali_AU2320139,,2025.2.0,None,2025-09-28 16h03.56.522940 +0530,
50,c,26,2,6,c,1,0.3545760420092847,None,,,,,6,2,26,2,,,,,72.17498279199935,,72.165402832994,72.17498279199935,73.16301604200271,73.16301604200271,73.16301604200271,73.16301604200271,73.17034312500618,74.16292412500479,74.16292412500479,74.52184070799558,c,1,0.3545760420092847,None,,,,,,,,,,,,,,,v_p1,"001",2025-09-28_16h03.56.499,Motor sequence Learning task_Recent_Experiment_Tutorial 4_Urvashi Bhansali_AU2320139,,2025.2.0,None,2025-09-28 16h03.56.522940 +0530,
-150,z,27,3,6,z,1,0.2944231659930665,None,,,,,6,3,27,3,,,,,74.53347666699847,,74.52233695800533,74.53347666699847,75.52028920799785,75.52028920799785,75.52028920799785,75.52028920799785,75.52991995800403,76.51307762500073,76.51307762500073,76.81594733300153,z,1,0.2944231659930665,None,,,,,,,,,,,,,,,v_p1,"001",2025-09-28_16h03.56.499,Motor sequence Learning task_Recent_Experiment_Tutorial 4_Urvashi Bhansali_AU2320139,,2025.2.0,None,2025-09-28 16h03.56.522940 +0530,
-50,x,28,0,7,x,1,0.42716337500314694,None,,,,,7,0,28,0,,,,,76.82469362500706,,76.81647049999447,76.82469362500706,77.81301941699348,77.81301941699348,77.81301941699348,77.81301941699348,77.82047649999731,78.81319749999966,78.81319749999966,79.24797062500147,x,1,0.42716337500314694,None,,,,,,,,,,,,,,,v_p1,"001",2025-09-28_16h03.56.499,Motor sequence Learning task_Recent_Experiment_Tutorial 4_Urvashi Bhansali_AU2320139,,2025.2.0,None,2025-09-28 16h03.56.522940 +0530,
150,v,29,1,7,v,1,0.9289532080001663,None,,,,,7,1,29,1,,,,,79.25789649999933,,79.24854845799564,79.25789649999933,80.24656191699614,80.24656191699614,80.24656191699614,80.24656191699614,80.25394958299876,81.24642470800609,81.24642470800609,82.1812602919963,v,1,0.9289532080001663,None,,,,,,,,,,,,,,,v_p1,"001",2025-09-28_16h03.56.499,Motor sequence Learning task_Recent_Experiment_Tutorial 4_Urvashi Bhansali_AU2320139,,2025.2.0,None,2025-09-28 16h03.56.522940 +0530,
50,c,30,2,7,c,1,0.3456406670011347,None,,,,,7,2,30,2,,,,,82.19108004200098,,82.18178654200165,82.19108004200098,83.17960779200075,83.17960779200075,83.17960779200075,83.17960779200075,83.18712499999674,84.1797639580036,84.1797639580036,84.53149662500073,c,1,0.3456406670011347,None,,,,,,,,,,,,,,,v_p1,"001",2025-09-28_16h03.56.499,Motor sequence Learning task_Recent_Experiment_Tutorial 4_Urvashi Bhansali_AU2320139,,2025.2.0,None,2025-09-28 16h03.56.522940 +0530,
-150,z,31,3,7,z,1,0.28036345800501294,None,,,,,7,3,31,3,,,,,84.54128933300672,,84.53209583299758,84.54128933300672,85.53014558300492,85.53014558300492,85.53014558300492,85.53014558300492,85.53802395799721,86.52994366700295,86.52994366700295,86.81527995799843,z,1,0.28036345800501294,None,,,,,,,,,,,,,,,v_p1,"001",2025-09-28_16h03.56.499,Motor sequence Learning task_Recent_Experiment_Tutorial 4_Urvashi Bhansali_AU2320139,,2025.2.0,None,2025-09-28 16h03.56.522940 +0530,
-50,x,32,0,8,x,1,0.676361582998652,None,,,,,8,0,32,0,,,,,86.82524566700158,,86.81588016700698,86.82524566700158,87.81389687499905,87.81389687499905,87.81389687499905,87.81389687499905,87.82051691699598,88.80584045799333,88.80584045799333,89.48876399999426,x,1,0.676361582998652,None,,,,,,,,,,,,,,,v_p1,"001",2025-09-28_16h03.56.499,Motor sequence Learning task_Recent_Experiment_Tutorial 4_Urvashi Bhansali_AU2320139,,2025.2.0,None,2025-09-28 16h03.56.522940 +0530,
150,v,33,1,8,v,1,0.4433439999993425,None,,,,,8,1,33,1,,,,,89.4999536670075,,89.48932237499685,89.4999536670075,90.48784379199788,90.48784379199788,90.48784379199788,90.48784379199788,90.49658512500173,91.4878258749959,91.4878258749959,91.93853154199314,v,1,0.4433439999993425,None,,,,,,,,,,,,,,,v_p1,"001",2025-09-28_16h03.56.499,Motor sequence Learning task_Recent_Experiment_Tutorial 4_Urvashi Bhansali_AU2320139,,2025.2.0,None,2025-09-28 16h03.56.522940 +0530,
50,c,34,2,8,c,1,0.631066166999517,None,,,,,8,2,34,2,,,,,91.9643253749964,,91.93910295800015,91.9643253749964,92.93742183300492,92.93742183300492,92.93742183300492,92.93742183300492,92.96312479200424,93.93732524999359,93.93732524999359,94.57243662500696,c,1,0.631066166999517,None,,,,,,,,,,,,,,,v_p1,"001",2025-09-28_16h03.56.499,Motor sequence Learning task_Recent_Experiment_Tutorial 4_Urvashi Bhansali_AU2320139,,2025.2.0,None,2025-09-28 16h03.56.522940 +0530,
-150,z,35,3,8,z,1,0.3719366250006715,None,,,,,8,3,35,3,,,,,94.59805945800326,,94.57294549999642,94.59805945800326,95.57102441700408,95.57102441700408,95.57102441700408,95.57102441700408,95.59644079199643,96.5701087500056,96.5701087500056,96.94792545800738,z,1,0.3719366250006715,None,,,,,,,,,,,,,,,v_p1,"001",2025-09-28_16h03.56.499,Motor sequence Learning task_Recent_Experiment_Tutorial 4_Urvashi Bhansali_AU2320139,,2025.2.0,None,2025-09-28 16h03.56.522940 +0530,
-50,x,36,0,9,x,1,0.6269902500062017,None,,,,,9,0,36,0,,,,,96.95768620799936,,96.94843004200084,96.95768620799936,97.94640837500629,97.94640837500629,97.94640837500629,97.94640837500629,97.954234542005,98.94790720799938,98.94790720799938,99.58181483299995,x,1,0.6269902500062017,None,,,,,,,,,,,,,,,v_p1,"001",2025-09-28_16h03.56.499,Motor sequence Learning task_Recent_Experiment_Tutorial 4_Urvashi Bhansali_AU2320139,,2025.2.0,None,2025-09-28 16h03.56.522940 +0530,
150,v,37,1,9,v,1,0.3362413330032723,None,,,,,9,1,37,1,,,,,99.59356858300453,,99.582492542002,99.59356858300453,100.57961408300616,100.57961408300616,100.57961408300616,100.57961408300616,100.58715829199355,101.57968700000492,101.57968700000492,101.92239866699674,v,1,0.3362413330032723,None,,,,,,,,,,,,,,,v_p1,"001",2025-09-28_16h03.56.499,Motor sequence Learning task_Recent_Experiment_Tutorial 4_Urvashi Bhansali_AU2320139,,2025.2.0,None,2025-09-28 16h03.56.522940 +0530,
50,c,38,2,9,c,1,0.8264827090024482,None,,,,,9,2,38,2,,,,,101.93398579199857,,101.92294008299359,101.93398579199857,102.92103712499375,102.92103712499375,102.92103712499375,102.92103712499375,102.92972187499981,103.92154741700506,103.92154741700506,104.75532945799932,c,1,0.8264827090024482,None,,,,,,,,,,,,,,,v_p1,"001",2025-09-28_16h03.56.499,Motor sequence Learning task_Recent_Experiment_Tutorial 4_Urvashi Bhansali_AU2320139,,2025.2.0,None,2025-09-28 16h03.56.522940 +0530,
-150,z,39,3,9,z,1,0.5327939169947058,None,,,,,9,3,39,3,,,,,104.76755037500698,,104.75595254200744,104.76755037500698,105.75474874999782,105.75474874999782,105.75474874999782,105.75474874999782,105.76310416699562,106.75623095799529,106.75623095799529,107.29825033299858,z,1,0.5327939169947058,None,,,,,,,,,,,,,,,v_p1,"001",2025-09-28_16h03.56.499,Motor sequence Learning task_Recent_Experiment_Tutorial 4_Urvashi Bhansali_AU2320139,,2025.2.0,None,2025-09-28 16h03.56.522940 +0530,
-50,x,40,0,10,x,1,0.3194627920020139,None,,,,,10,0,40,0,,,,,107.30995120799344,,107.29879391699797,107.30995120799344,108.29625416699855,108.29625416699855,108.29625416699855,108.29625416699855,108.30348808299459,109.29628970799968,109.29628970799968,109.62183512499905,x,1,0.3194627920020139,None,,,,,,,,,,,,,,,v_p1,"001",2025-09-28_16h03.56.499,Motor sequence Learning task_Recent_Experiment_Tutorial 4_Urvashi Bhansali_AU2320139,,2025.2.0,None,2025-09-28 16h03.56.522940 +0530,
150,v,41,1,10,v,1,0.31338870800391305,None,,,,,10,1,41,1,,,,,109.6341470000043,,109.62235070799943,109.6341470000043,110.62085249999654,110.62085249999654,110.62085249999654,110.62085249999654,110.62987716699718,111.62131479200616,111.62131479200616,111.93872624999494,v,1,0.31338870800391305,None,,,,,,,,,,,,,,,v_p1,"001",2025-09-28_16h03.56.499,Motor sequence Learning task_Recent_Experiment_Tutorial 4_Urvashi Bhansali_AU2320139,,2025.2.0,None,2025-09-28 16h03.56.522940 +0530,
50,c,42,2,10,c,1,0.6367129999998724,None,,,,,10,2,42,2,,,,,111.95073041699652,,111.93926741699397,111.95073041699652,112.93751287499617,112.93751287499617,112.93751287499617,112.93751287499617,112.94666204199893,113.93800174999342,113.93800174999342,114.58181824999338,c,1,0.6367129999998724,None,,,,,,,,,,,,,,,v_p1,"001",2025-09-28_16h03.56.499,Motor sequence Learning task_Recent_Experiment_Tutorial 4_Urvashi Bhansali_AU2320139,,2025.2.0,None,2025-09-28 16h03.56.522940 +0530,
-150,z,43,3,10,z,1,0.3210041660058778,None,,,,,10,3,43,3,,,,,114.59291641699383,,114.58236462500645,114.59291641699383,115.57956304200343,115.57956304200343,115.57956304200343,115.57956304200343,115.58686845800548,116.57955604199378,116.57955604199378,116.90523408299487,z,1,0.3210041660058778,None,,,,,,,,,,,,,,,v_p1,"001",2025-09-28_16h03.56.499,Motor sequence Learning task_Recent_Experiment_Tutorial 4_Urvashi Bhansali_AU2320139,,2025.2.0,None,2025-09-28 16h03.56.522940 +0530,
-50,x,44,0,11,x,1,0.39984033300424926,None,,,,,11,0,44,0,,,,,116.91667099999904,,116.90574720800214,116.91667099999904,117.90403125000012,117.90403125000012,117.90403125000012,117.90403125000012,117.91312470799312,118.90458345800289,118.90458345800289,119.31450399999449,x,1,0.39984033300424926,None,,,,,,,,,,,,,,,v_p1,"001",2025-09-28_16h03.56.499,Motor sequence Learning task_Recent_Experiment_Tutorial 4_Urvashi Bhansali_AU2320139,,2025.2.0,None,2025-09-28 16h03.56.522940 +0530,
150,v,45,1,11,v,1,0.599604458999238,None,,,,,11,1,45,1,,,,,119.32577937499445,,119.31500891699397,119.32577937499445,120.31294554199849,120.31294554199849,120.31294554199849,120.31294554199849,120.32044812499953,121.31289383300464,121.31289383300464,121.91585925000254,v,1,0.599604458999238,None,,,,,,,,,,,,,,,v_p1,"001",2025-09-28_16h03.56.499,Motor sequence Learning task_Recent_Experiment_Tutorial 4_Urvashi Bhansali_AU2320139,,2025.2.0,None,2025-09-28 16h03.56.522940 +0530,
50,c,46,2,11,c,1,0.2813352499942994,None,,,,,11,2,46,2,,,,,121.92990987500525,,121.91645154199796,121.92990987500525,122.91289849999885,122.91289849999885,122.91289849999885,122.91289849999885,122.92038687500462,123.91301054200449,123.91301054200449,124.1980350829981,c,1,0.2813352499942994,None,,,,,,,,,,,,,,,v_p1,"001",2025-09-28_16h03.56.499,Motor sequence Learning task_Recent_Experiment_Tutorial 4_Urvashi Bhansali_AU2320139,,2025.2.0,None,2025-09-28 16h03.56.522940 +0530,
-150,z,47,3,11,z,1,0.8927234579896322,None,,,,,11,3,47,3,,,,,124.20950208300201,,124.1985743749974,124.20950208300201,125.19623841700377,125.19623841700377,125.19623841700377,125.19623841700377,125.20374599999923,126.19627916699392,126.19627916699392,127.0993069170072,z,1,0.8927234579896322,None,,,,,,,,,,,,,,,v_p1,"001",2025-09-28_16h03.56.499,Motor sequence Learning task_Recent_Experiment_Tutorial 4_Urvashi Bhansali_AU2320139,,2025.2.0,None,2025-09-28 16h03.56.522940 +0530,
-50,x,48,0,12,x,1,1.192846208010451,None,,,,,12,0,48,0,,,,,127.11320154200075,,127.09986229200149,127.11320154200075,128.09646087500732,128.09646087500732,128.09646087500732,128.09646087500732,128.10333712499414,129.09636945799866,129.09636945799866,130.29795166700205,x,1,1.192846208010451,None,,,,,,,,,,,,,,,v_p1,"001",2025-09-28_16h03.56.499,Motor sequence Learning task_Recent_Experiment_Tutorial 4_Urvashi Bhansali_AU2320139,,2025.2.0,None,2025-09-28 16h03.56.522940 +0530,
150,v,49,1,12,v,1,1.1906004999909783,None,,,,,12,1,49,1,,,,,130.32355504200677,,130.29846154199913,130.32355504200677,131.2962235419982,131.2962235419982,131.2962235419982,131.2962235419982,131.32019254199986,132.2964879170031,132.2964879170031,133.4979080829944,v,1,1.1906004999909783,None,,,,,,,,,,,,,,,v_p1,"001",2025-09-28_16h03.56.499,Motor sequence Learning task_Recent_Experiment_Tutorial 4_Urvashi Bhansali_AU2320139,,2025.2.0,None,2025-09-28 16h03.56.522940 +0530,
50,c,50,2,12,c,1,0.5039312090084422,None,,,,,12,2,50,2,,,,,133.5101356249943,,133.4992350829998,133.5101356249943,134.49656883299758,134.49656883299758,134.49656883299758,134.49656883299758,134.50390629199683,135.49621412499982,135.49621412499982,136.00525895800092,c,1,0.5039312090084422,None,,,,,,,,,,,,,,,v_p1,"001",2025-09-28_16h03.56.499,Motor sequence Learning task_Recent_Experiment_Tutorial 4_Urvashi Bhansali_AU2320139,,2025.2.0,None,2025-09-28 16h03.56.522940 +0530,
-150,z,51,3,12,z,1,0.7525237910012947,None,,,,,12,3,51,3,,,,,136.01663304200338,,136.0058104579948,136.01663304200338,137.00468195800204,137.00468195800204,137.00468195800204,137.00468195800204,137.01296991700656,138.00492812499579,138.00492812499579,138.76461658299377,z,1,0.7525237910012947,None,,,,,,,,,,,,,,,v_p1,"001",2025-09-28_16h03.56.499,Motor sequence Learning task_Recent_Experiment_Tutorial 4_Urvashi Bhansali_AU2320139,,2025.2.0,None,2025-09-28 16h03.56.522940 +0530,
-50,x,52,0,13,x,1,0.40452766700764187,None,,,,,13,0,52,0,,,,,138.77585220799665,,138.76512687500508,138.77585220799665,139.7630227079935,139.7630227079935,139.7630227079935,139.7630227079935,139.77041275000374,140.76333899999736,140.76333899999736,141.17174904199783,x,1,0.40452766700764187,None,,,,,,,,,,,,,,,v_p1,"001",2025-09-28_16h03.56.499,Motor sequence Learning task_Recent_Experiment_Tutorial 4_Urvashi Bhansali_AU2320139,,2025.2.0,None,2025-09-28 16h03.56.522940 +0530,
150,v,53,1,13,v,1,1.0695321669918485,None,,,,,13,1,53,1,,,,,141.18374150000454,,141.17228254200018,141.18374150000454,142.1718856249936,142.1718856249936,142.1718856249936,142.1718856249936,142.1977945420076,143.17143345800287,143.17143345800287,144.24782520800363,v,1,1.0695321669918485,None,,,,,,,,,,,,,,,v_p1,"001",2025-09-28_16h03.56.499,Motor sequence Learning task_Recent_Experiment_Tutorial 4_Urvashi Bhansali_AU2320139,,2025.2.0,None,2025-09-28 16h03.56.522940 +0530,
50,c,54,2,13,c,1,0.4847334999940358,None,,,,,13,2,54,2,,,,,144.25949391699396,,144.24839704199985,144.25949391699396,145.24625054199714,145.24625054199714,145.24625054199714,145.24625054199714,145.253560541998,146.2461152080068,146.2461152080068,146.7384490830009,c,1,0.4847334999940358,None,,,,,,,,,,,,,,,v_p1,"001",2025-09-28_16h03.56.499,Motor sequence Learning task_Recent_Experiment_Tutorial 4_Urvashi Bhansali_AU2320139,,2025.2.0,None,2025-09-28 16h03.56.522940 +0530,
-150,z,55,3,13,z,1,0.40026262500032317,None,,,,,13,3,55,3,,,,,146.75001445799717,,146.73901108300197,146.75001445799717,147.73780458299734,147.73780458299734,147.73780458299734,147.73780458299734,147.74657858299906,148.72955091700715,148.72955091700715,149.13811874999374,z,1,0.40026262500032317,None,,,,,,,,,,,,,,,v_p1,"001",2025-09-28_16h03.56.499,Motor sequence Learning task_Recent_Experiment_Tutorial 4_Urvashi Bhansali_AU2320139,,2025.2.0,None,2025-09-28 16h03.56.522940 +0530,
-50,x,56,0,14,x,1,0.42569637500855606,None,,,,,14,0,56,0,,,,,149.14658304200566,,149.13844954200613,149.14658304200566,150.1295901669946,150.1295901669946,150.1295901669946,150.1295901669946,150.13707095799327,151.13796325000294,151.13796325000294,151.5718450419954,x,1,0.42569637500855606,None,,,,,,,,,,,,,,,v_p1,"001",2025-09-28_16h03.56.499,Motor sequence Learning task_Recent_Experiment_Tutorial 4_Urvashi Bhansali_AU2320139,,2025.2.0,None,2025-09-28 16h03.56.522940 +0530,
150,v,57,1,14,v,1,0.7186216669942951,None,,,,,14,1,57,1,,,,,151.59783250000328,,151.57234579199576,151.59783250000328,152.57167662499705,152.57167662499705,152.57167662499705,152.57167662499705,152.61421158300072,153.56282583299617,153.56282583299617,154.2989075420046,v,1,0.7186216669942951,None,,,,,,,,,,,,,,,v_p1,"001",2025-09-28_16h03.56.499,Motor sequence Learning task_Recent_Experiment_Tutorial 4_Urvashi Bhansali_AU2320139,,2025.2.0,None,2025-09-28 16h03.56.522940 +0530,
50,c,58,2,14,c,1,1.1787487499968847,None,,,,,14,2,58,2,,,,,154.31445074999647,,154.29944149999938,154.31445074999647,155.296221083001,155.296221083001,155.296221083001,155.296221083001,155.31280416699883,156.29681699999492,156.29681699999492,157.48191441700328,c,1,1.1787487499968847,None,,,,,,,,,,,,,,,v_p1,"001",2025-09-28_16h03.56.499,Motor sequence Learning task_Recent_Experiment_Tutorial 4_Urvashi Bhansali_AU2320139,,2025.2.0,None,2025-09-28 16h03.56.522940 +0530,
-150,z,59,3,14,z,1,0.7100585000007413,None,,,,,14,3,59,3,,,,,157.49253141699592,,157.4825063330063,157.49253141699592,158.47955883300165,158.47955883300165,158.47955883300165,158.47955883300165,158.4869786670024,159.4794484580052,159.4794484580052,160.19786070799455,z,1,0.7100585000007413,None,,,,,,,,,,,,,,,v_p1,"001",2025-09-28_16h03.56.499,Motor sequence Learning task_Recent_Experiment_Tutorial 4_Urvashi Bhansali_AU2320139,,2025.2.0,None,2025-09-28 16h03.56.522940 +0530,
-50,x,60,0,15,x,1,0.5664658749883529,None,,,,,15,0,60,0,,,,,160.20774554200761,,160.19838375000108,160.20774554200761,161.1961931669939,161.1961931669939,161.1961931669939,161.1961931669939,161.20385845800047,162.19624587500584,162.19624587500584,162.76445070799673,x,1,0.5664658749883529,None,,,,,,,,,,,,,,,v_p1,"001",2025-09-28_16h03.56.499,Motor sequence Learning task_Recent_Experiment_Tutorial 4_Urvashi Bhansali_AU2320139,,2025.2.0,None,2025-09-28 16h03.56.522940 +0530,
150,v,61,1,15,v,1,1.28113695900538,None,,,,,15,1,61,1,,,,,162.77680762500677,,162.76501425000606,162.77680762500677,163.7629297079984,163.7629297079984,163.7629297079984,163.7629297079984,163.7703687500034,164.7630884579994,164.7630884579994,166.04776220800704,v,1,1.28113695900538,None,,,,,,,,,,,,,,,v_p1,"001",2025-09-28_16h03.56.499,Motor sequence Learning task_Recent_Experiment_Tutorial 4_Urvashi Bhansali_AU2320139,,2025.2.0,None,2025-09-28 16h03.56.522940 +0530,
50,c,62,2,15,c,1,1.1538180410134373,None,,,,,15,2,62,2,,,,,166.05861020799784,,166.04817570799787,166.05861020799784,167.03689095799928,167.03689095799928,167.03689095799928,167.03689095799928,167.05340704199625,168.06445637499564,168.06445637499564,169.22160304199497,c,1,1.1538180410134373,None,,,,,,,,,,,,,,,v_p1,"001",2025-09-28_16h03.56.499,Motor sequence Learning task_Recent_Experiment_Tutorial 4_Urvashi Bhansali_AU2320139,,2025.2.0,None,2025-09-28 16h03.56.522940 +0530,
-150,z,63,3,15,z,1,0.3992521670006681,None,,,,,15,3,63,3,,,,,169.23391362499387,,169.22216729199863,169.23391362499387,170.2207137499936,170.2207137499936,170.2207137499936,170.2207137499936,170.2294959580031,171.22112945800473,171.22112945800473,171.62182304200542,z,1,0.3992521670006681,None,,,,,,,,,,,,,,,v_p1,"001",2025-09-28_16h03.56.499,Motor sequence Learning task_Recent_Experiment_Tutorial 4_Urvashi Bhansali_AU2320139,,2025.2.0,None,2025-09-28 16h03.56.522940 +0530,
-50,x,64,0,16,x,1,0.3949020840082085,None,,,,,16,0,64,0,,,,,171.63342991699756,,171.6223428749945,171.63342991699756,172.62058341699594,172.62058341699594,172.62058341699594,172.62058341699594,172.62976070800505,173.6206375000038,173.6206375000038,174.0220130420057,x,1,0.3949020840082085,None,,,,,,,,,,,,,,,v_p1,"001",2025-09-28_16h03.56.499,Motor sequence Learning task_Recent_Experiment_Tutorial 4_Urvashi Bhansali_AU2320139,,2025.2.0,None,2025-09-28 16h03.56.522940 +0530,
150,v,65,1,16,v,1,0.41629241599002853,None,,,,,16,1,65,1,,,,,174.03370320799877,,174.02258350000193,174.03370320799877,175.02020683299634,175.02020683299634,175.02020683299634,175.02020683299634,175.0297551669937,176.02086183300707,176.02086183300707,176.43895212499774,v,1,0.41629241599002853,None,,,,,,,,,,,,,,,v_p1,"001",2025-09-28_16h03.56.499,Motor sequence Learning task_Recent_Experiment_Tutorial 4_Urvashi Bhansali_AU2320139,,2025.2.0,None,2025-09-28 16h03.56.522940 +0530,
50,c,66,2,16,c,1,0.4488149999961024,None,,,,,16,2,66,2,,,,,176.45065425000212,,176.4394774579996,176.45065425000212,177.43780812500336,177.43780812500336,177.43780812500336,177.43780812500336,177.44742129200313,178.43732837500283,178.43732837500283,178.8882818330021,c,1,0.4488149999961024,None,,,,,,,,,,,,,,,v_p1,"001",2025-09-28_16h03.56.499,Motor sequence Learning task_Recent_Experiment_Tutorial 4_Urvashi Bhansali_AU2320139,,2025.2.0,None,2025-09-28 16h03.56.522940 +0530,
-150,z,67,3,16,z,1,0.5796318750071805,None,,,,,16,3,67,3,,,,,178.90042891699704,,178.88888054199924,178.90042891699704,179.88773029200092,179.88773029200092,179.88773029200092,179.88773029200092,179.8964272919984,180.88739687499765,180.88739687499765,181.47156745800748,z,1,0.5796318750071805,None,,,,,,,,,,,,,,,v_p1,"001",2025-09-28_16h03.56.499,Motor sequence Learning task_Recent_Experiment_Tutorial 4_Urvashi Bhansali_AU2320139,,2025.2.0,None,2025-09-28 16h03.56.522940 +0530,
-50,x,68,0,17,x,1,0.8355782919970807,None,,,,,17,0,68,0,,,,,181.48404570799903,,181.4720682920015,181.48404570799903,182.47074400000565,182.47074400000565,182.47074400000565,182.47074400000565,182.47964166699967,183.47099141699437,183.47099141699437,184.31442808300199,x,1,0.8355782919970807,None,,,,,,,,,,,,,,,v_p1,"001",2025-09-28_16h03.56.499,Motor sequence Learning task_Recent_Experiment_Tutorial 4_Urvashi Bhansali_AU2320139,,2025.2.0,None,2025-09-28 16h03.56.522940 +0530,
150,v,69,1,17,v,1,0.5732314170018071,None,,,,,17,1,69,1,,,,,184.32592674999614,,184.31495124999492,184.32592674999614,185.31307483300043,185.31307483300043,185.31307483300043,185.31307483300043,185.3204214169964,186.31275329200434,186.31275329200434,186.88824650000606,v,1,0.5732314170018071,None,,,,,,,,,,,,,,,v_p1,"001",2025-09-28_16h03.56.499,Motor sequence Learning task_Recent_Experiment_Tutorial 4_Urvashi Bhansali_AU2320139,,2025.2.0,None,2025-09-28 16h03.56.522940 +0530,
50,c,70,2,17,c,1,0.3855920000059996,None,,,,,17,2,70,2,,,,,186.90026633300295,,186.8888083750062,186.90026633300295,187.89785833300266,187.89785833300266,187.89785833300266,187.89785833300266,187.90505104200565,188.88736395799788,188.88736395799788,189.28104837500723,c,1,0.3855920000059996,None,,,,,,,,,,,,,,,v_p1,"001",2025-09-28_16h03.56.499,Motor sequence Learning task_Recent_Experiment_Tutorial 4_Urvashi Bhansali_AU2320139,,2025.2.0,None,2025-09-28 16h03.56.522940 +0530,
-150,z,71,3,17,z,1,0.7104287090041908,None,,,,,17,3,71,3,,,,,189.29318837499886,,189.28162929200334,189.29318837499886,190.2803354170028,190.2803354170028,190.2803354170028,190.2803354170028,190.2875260419969,191.27937158300483,191.27937158300483,191.99779550000676,z,1,0.7104287090041908,None,,,,,,,,,,,,,,,v_p1,"001",2025-09-28_16h03.56.499,Motor sequence Learning task_Recent_Experiment_Tutorial 4_Urvashi Bhansali_AU2320139,,2025.2.0,None,2025-09-28 16h03.56.522940 +0530,
-50,x,72,0,18,x,1,0.5383605419920059,None,,,,,18,0,72,0,,,,,192.00933545800217,,191.99829216700164,192.00933545800217,192.99619862499821,192.99619862499821,192.99619862499821,192.99619862499821,193.00369987500017,193.99639504200604,193.99639504200604,194.53881758300122,x,1,0.5383605419920059,None,,,,,,,,,,,,,,,v_p1,"001",2025-09-28_16h03.56.499,Motor sequence Learning task_Recent_Experiment_Tutorial 4_Urvashi Bhansali_AU2320139,,2025.2.0,None,2025-09-28 16h03.56.522940 +0530,
150,v,73,1,18,v,1,0.7649379590002354,None,,,,,18,1,73,1,,,,,194.55089462500473,,194.53933591699752,194.55089462500473,195.53722183300124,195.53722183300124,195.53722183300124,195.53722183300124,195.54671933299687,196.53778162499657,196.53778162499657,197.3051184579963,v,1,0.7649379590002354,None,,,,,,,,,,,,,,,v_p1,"001",2025-09-28_16h03.56.499,Motor sequence Learning task_Recent_Experiment_Tutorial 4_Urvashi Bhansali_AU2320139,,2025.2.0,None,2025-09-28 16h03.56.522940 +0530,
50,c,74,2,18,c,1,0.7152138750097947,None,,,,,18,2,74,2,,,,,197.31748687500658,,197.30576504199416,197.31748687500658,198.30451341699518,198.30451341699518,198.30451341699518,198.30451341699518,198.312846832996,199.30451050000556,199.30451050000556,200.0212407920044,c,1,0.7152138750097947,None,,,,,,,,,,,,,,,v_p1,"001",2025-09-28_16h03.56.499,Motor sequence Learning task_Recent_Experiment_Tutorial 4_Urvashi Bhansali_AU2320139,,2025.2.0,None,2025-09-28 16h03.56.522940 +0530,
-150,z,75,3,18,z,1,0.5508052910008701,None,,,,,18,3,75,3,,,,,200.0334908329969,,200.02174858300714,200.0334908329969,201.01282008299313,201.01282008299313,201.01282008299313,201.01282008299313,201.0295807920047,202.01276041699748,202.01276041699748,202.57223979200353,z,1,0.5508052910008701,None,,,,,,,,,,,,,,,v_p1,"001",2025-09-28_16h03.56.499,Motor sequence Learning task_Recent_Experiment_Tutorial 4_Urvashi Bhansali_AU2320139,,2025.2.0,None,2025-09-28 16h03.56.522940 +0530,
-50,x,76,0,19,x,1,0.6752591249969555,None,,,,,19,0,76,0,,,,,202.58403949999774,,202.57289387499623,202.58403949999774,203.57076337499893,203.57076337499893,203.57076337499893,203.57076337499893,203.57938729200396,204.57132958300645,204.57132958300645,205.25486987500335,x,1,0.6752591249969555,None,,,,,,,,,,,,,,,v_p1,"001",2025-09-28_16h03.56.499,Motor sequence Learning task_Recent_Experiment_Tutorial 4_Urvashi Bhansali_AU2320139,,2025.2.0,None,2025-09-28 16h03.56.522940 +0530,
150,v,77,1,19,v,1,0.5332365830108756,None,,,,,19,1,77,1,,,,,205.2667318330059,,205.25544391700532,205.2667318330059,206.2541525419947,206.2541525419947,206.2541525419947,206.2541525419947,206.26308233299642,207.24617933300033,207.24617933300033,207.78142795800522,v,1,0.5332365830108756,None,,,,,,,,,,,,,,,v_p1,"001",2025-09-28_16h03.56.499,Motor sequence Learning task_Recent_Experiment_Tutorial 4_Urvashi Bhansali_AU2320139,,2025.2.0,None,2025-09-28 16h03.56.522940 +0530,
50,c,78,2,19,c,1,0.4564730830024928,None,,,,,19,2,78,2,,,,,207.79370650000055,,207.78229449999344,207.79370650000055,208.7793422919931,208.7793422919931,208.7793422919931,208.7793422919931,208.78684737499862,209.7799394169997,209.7799394169997,210.23822966699663,c,1,0.4564730830024928,None,,,,,,,,,,,,,,,v_p1,"001",2025-09-28_16h03.56.499,Motor sequence Learning task_Recent_Experiment_Tutorial 4_Urvashi Bhansali_AU2320139,,2025.2.0,None,2025-09-28 16h03.56.522940 +0530,
-150,z,79,3,19,z,1,0.5191670829954091,None,,,,,19,3,79,3,,,,,210.25060070799373,,210.23881912500656,210.25060070799373,211.23719808300666,211.23719808300666,211.23719808300666,211.23719808300666,211.24613412500184,212.23730175000674,212.23730175000674,212.76445670799876,z,1,0.5191670829954091,None,,,,,,,,,,,,,,,v_p1,"001",2025-09-28_16h03.56.499,Motor sequence Learning task_Recent_Experiment_Tutorial 4_Urvashi Bhansali_AU2320139,,2025.2.0,None,2025-09-28 16h03.56.522940 +0530,
-50,x,80,0,20,x,1,0.4334723329957342,None,,,,,20,0,80,0,,,,,212.77642408300017,,212.7650252500025,212.77642408300017,213.7533798749937,213.7533798749937,213.7533798749937,213.7533798749937,213.76971920799406,214.76288070800365,214.76288070800365,215.19856966700172,x,1,0.4334723329957342,None,,,,,,,,,,,,,,,v_p1,"001",2025-09-28_16h03.56.499,Motor sequence Learning task_Recent_Experiment_Tutorial 4_Urvashi Bhansali_AU2320139,,2025.2.0,None,2025-09-28 16h03.56.522940 +0530,
150,v,81,1,20,v,1,0.41829691699240357,None,,,,,20,1,81,1,,,,,215.21077587500622,,215.199242667004,215.21077587500622,216.19625204200565,216.19625204200565,216.19625204200565,216.19625204200565,216.20365275000222,217.19599516699964,217.19599516699964,217.6169262080075,v,1,0.41829691699240357,None,,,,,,,,,,,,,,,v_p1,"001",2025-09-28_16h03.56.499,Motor sequence Learning task_Recent_Experiment_Tutorial 4_Urvashi Bhansali_AU2320139,,2025.2.0,None,2025-09-28 16h03.56.522940 +0530,
50,c,82,2,20,c,1,0.5703085830027703,None,,,,,20,2,82,2,,,,,217.62910925000324,,217.61770229200192,217.62910925000324,218.61325020799995,218.61325020799995,218.61325020799995,218.61325020799995,218.6210546670045,219.61289204200148,219.61289204200148,220.18818233300408,c,1,0.5703085830027703,None,,,,,,,,,,,,,,,v_p1,"001",2025-09-28_16h03.56.499,Motor sequence Learning task_Recent_Experiment_Tutorial 4_Urvashi Bhansali_AU2320139,,2025.2.0,None,2025-09-28 16h03.56.522940 +0530,
-150,z,83,3,20,z,1,0.36846891599998344,None,,,,,20,3,83,3,,,,,220.19988337499672,,220.18873016700672,220.19988337499672,221.18659541700617,221.18659541700617,221.18659541700617,221.18659541700617,221.19621599999664,222.18769720800628,222.18769720800628,222.56443366699386,z,1,0.36846891599998344,None,,,,,,,,,,,,,,,v_p1,"001",2025-09-28_16h03.56.499,Motor sequence Learning task_Recent_Experiment_Tutorial 4_Urvashi Bhansali_AU2320139,,2025.2.0,None,2025-09-28 16h03.56.522940 +0530,
-50,x,84,0,21,x,1,0.34313366599963047,None,,,,,21,0,84,0,,,,,222.5760518330062,,222.56495137499587,222.5760518330062,223.56289179199666,223.56289179199666,223.56289179199666,223.56289179199666,223.57034904199827,224.56298091700592,224.56298091700592,224.91476995800622,x,1,0.34313366599963047,None,,,,,,,,,,,,,,,v_p1,"001",2025-09-28_16h03.56.499,Motor sequence Learning task_Recent_Experiment_Tutorial 4_Urvashi Bhansali_AU2320139,,2025.2.0,None,2025-09-28 16h03.56.522940 +0530,
150,v,85,1,21,v,1,0.7981884999899194,None,,,,,21,1,85,1,,,,,224.92677741700027,,224.91548616699583,224.92677741700027,225.9128001670033,225.9128001670033,225.9128001670033,225.9128001670033,225.9202319580072,226.91278770800272,226.91278770800272,227.71492287500587,v,1,0.7981884999899194,None,,,,,,,,,,,,,,,v_p1,"001",2025-09-28_16h03.56.499,Motor sequence Learning task_Recent_Experiment_Tutorial 4_Urvashi Bhansali_AU2320139,,2025.2.0,None,2025-09-28 16h03.56.522940 +0530,
50,c,86,2,21,c,1,0.2142249580065254,None,,,,,21,2,86,2,,,,,227.72475350000605,,227.71545158300432,227.72475350000605,228.71280795799976,228.71280795799976,228.71280795799976,228.71280795799976,228.72026737499982,229.71265124999627,229.71265124999627,229.9309537079971,c,1,0.2142249580065254,None,,,,,,,,,,,,,,,v_p1,"001",2025-09-28_16h03.56.499,Motor sequence Learning task_Recent_Experiment_Tutorial 4_Urvashi Bhansali_AU2320139,,2025.2.0,None,2025-09-28 16h03.56.522940 +0530,
-150,z,87,3,21,z,1,0.2595169580017682,None,,,,,21,3,87,3,,,,,229.941352541995,,229.93151091699838,229.941352541995,230.92926779200207,230.92926779200207,230.92926779200207,230.92926779200207,230.9366461669997,231.9293217920058,231.9293217920058,232.19771429199318,z,1,0.2595169580017682,None,,,,,,,,,,,,,,,v_p1,"001",2025-09-28_16h03.56.499,Motor sequence Learning task_Recent_Experiment_Tutorial 4_Urvashi Bhansali_AU2320139,,2025.2.0,None,2025-09-28 16h03.56.522940 +0530,
-50,x,88,0,22,x,1,1.0729224999959115,None,,,,,22,0,88,0,,,,,232.20803129200067,,232.19823512500443,232.20803129200067,233.19598800000676,233.19598800000676,233.19598800000676,233.19598800000676,233.20319220800593,234.19595104199834,234.19595104199834,235.27127345799818,x,1,1.0729224999959115,None,,,,,,,,,,,,,,,v_p1,"001",2025-09-28_16h03.56.499,Motor sequence Learning task_Recent_Experiment_Tutorial 4_Urvashi Bhansali_AU2320139,,2025.2.0,None,2025-09-28 16h03.56.522940 +0530,
150,v,89,1,22,v,1,0.45942954199563246,None,,,,,22,1,89,1,,,,,235.29777429200476,,235.27179312499356,235.29777429200476,236.2703332079982,236.2703332079982,236.2703332079982,236.2703332079982,236.295976333,237.27128924999852,237.27128924999852,237.7390063329949,v,1,0.45942954199563246,None,,,,,,,,,,,,,,,v_p1,"001",2025-09-28_16h03.56.499,Motor sequence Learning task_Recent_Experiment_Tutorial 4_Urvashi Bhansali_AU2320139,,2025.2.0,None,2025-09-28 16h03.56.522940 +0530,
50,c,90,2,22,c,1,0.3351042919966858,None,,,,,22,2,90,2,,,,,237.75008454199997,,237.73978062499373,237.75008454199997,238.73691345800762,238.73691345800762,238.73691345800762,238.73691345800762,238.74618062500667,239.73761704200297,239.73761704200297,240.0808580830053,c,1,0.3351042919966858,None,,,,,,,,,,,,,,,v_p1,"001",2025-09-28_16h03.56.499,Motor sequence Learning task_Recent_Experiment_Tutorial 4_Urvashi Bhansali_AU2320139,,2025.2.0,None,2025-09-28 16h03.56.522940 +0530,
-150,z,91,3,22,z,1,0.4893657909997273,None,,,,,22,3,91,3,,,,,240.09125191699422,,240.08137195800373,240.09125191699422,241.07147650000115,241.07147650000115,241.07147650000115,241.07147650000115,241.11444816700532,242.079256291996,242.079256291996,242.57204924999678,z,1,0.4893657909997273,None,,,,,,,,,,,,,,,v_p1,"001",2025-09-28_16h03.56.499,Motor sequence Learning task_Recent_Experiment_Tutorial 4_Urvashi Bhansali_AU2320139,,2025.2.0,None,2025-09-28 16h03.56.522940 +0530,
-50,x,92,0,23,x,1,0.5317568750033388,None,,,,,23,0,92,0,,,,,242.5832858329959,,242.57269437500509,242.5832858329959,243.57130429199606,243.57130429199606,243.57130429199606,243.57130429199606,243.59754975000396,244.57080591699923,244.57080591699923,245.10505087500496,x,1,0.5317568750033388,None,,,,,,,,,,,,,,,v_p1,"001",2025-09-28_16h03.56.499,Motor sequence Learning task_Recent_Experiment_Tutorial 4_Urvashi Bhansali_AU2320139,,2025.2.0,None,2025-09-28 16h03.56.522940 +0530,
150,v,93,1,23,v,1,0.3745829999970738,None,,,,,23,1,93,1,,,,,245.11654045799514,,245.10567791700305,245.11654045799514,246.10416375000204,246.10416375000204,246.10416375000204,246.10416375000204,246.11286966700573,247.1039780830033,247.1039780830033,247.4812971670035,v,1,0.3745829999970738,None,,,,,,,,,,,,,,,v_p1,"001",2025-09-28_16h03.56.499,Motor sequence Learning task_Recent_Experiment_Tutorial 4_Urvashi Bhansali_AU2320139,,2025.2.0,None,2025-09-28 16h03.56.522940 +0530,
50,c,94,2,23,c,1,0.3658380829874659,None,,,,,23,2,94,2,,,,,247.4917700829974,,247.48181679200206,247.4917700829974,248.47973104199627,248.47973104199627,248.47973104199627,248.47973104199627,248.48708791700483,249.47957220800163,249.47957220800163,249.84774524999375,c,1,0.3658380829874659,None,,,,,,,,,,,,,,,v_p1,"001",2025-09-28_16h03.56.499,Motor sequence Learning task_Recent_Experiment_Tutorial 4_Urvashi Bhansali_AU2320139,,2025.2.0,None,2025-09-28 16h03.56.522940 +0530,
-150,z,95,3,23,z,1,0.5701709169952665,None,,,,,23,3,95,3,,,,,249.85665245799464,,249.84823200000392,249.85665245799464,250.83667820799747,250.83667820799747,250.83667820799747,250.83667820799747,250.85368954199657,251.84625387500273,251.84625387500273,252.42197479199967,z,1,0.5701709169952665,None,,,,,,,,,,,,,,,v_p1,"001",2025-09-28_16h03.56.499,Motor sequence Learning task_Recent_Experiment_Tutorial 4_Urvashi Bhansali_AU2320139,,2025.2.0,None,2025-09-28 16h03.56.522940 +0530,
-50,x,96,0,24,x,1,0.41810758400242776,None,,,,,24,0,96,0,,,,,252.43331658300303,,252.42264987500675,252.43331658300303,253.42050487500092,253.42050487500092,253.42050487500092,253.42050487500092,253.42943454200577,254.42127966700355,254.42127966700355,254.8477574580029,x,1,0.41810758400242776,None,,,,,,,,,,,,,,,v_p1,"001",2025-09-28_16h03.56.499,Motor sequence Learning task_Recent_Experiment_Tutorial 4_Urvashi Bhansali_AU2320139,,2025.2.0,None,2025-09-28 16h03.56.522940 +0530,
150,v,97,1,24,v,1,0.2890743750031106,None,,,,,24,1,97,1,,,,,254.8574091670016,,254.84823345800396,254.8574091670016,255.84600416700414,255.84600416700414,255.84600416700414,255.84600416700414,255.85332716700213,256.84626799999387,256.84626799999387,257.13833191699814,v,1,0.2890743750031106,None,,,,,,,,,,,,,,,v_p1,"001",2025-09-28_16h03.56.499,Motor sequence Learning task_Recent_Experiment_Tutorial 4_Urvashi Bhansali_AU2320139,,2025.2.0,None,2025-09-28 16h03.56.522940 +0530,
50,c,98,2,24,c,1,0.4141789170098491,None,,,,,24,2,98,2,,,,,257.1496589169983,,257.13887495800736,257.1496589169983,258.1378287080006,258.1378287080006,258.1378287080006,258.1378287080006,258.14593862500624,259.13705679199484,259.13705679199484,259.55599866699777,c,1,0.4141789170098491,None,,,,,,,,,,,,,,,v_p1,"001",2025-09-28_16h03.56.499,Motor sequence Learning task_Recent_Experiment_Tutorial 4_Urvashi Bhansali_AU2320139,,2025.2.0,None,2025-09-28 16h03.56.522940 +0530,
-150,z,99,3,24,z,1,0.5431473750068108,None,,,,,24,3,99,3,,,,,259.56709799999953,,259.5567780830024,259.56709799999953,260.5541432500031,260.5541432500031,260.5541432500031,260.5541432500031,260.56299299999955,261.55397291699774,261.55397291699774,262.10517658300523,z,1,0.5431473750068108,None,,,,,,,,,,,,,,,v_p1,"001",2025-09-28_16h03.56.499,Motor sequence Learning task_Recent_Experiment_Tutorial 4_Urvashi Bhansali_AU2320139,,2025.2.0,None,2025-09-28 16h03.56.522940 +0530,
-50,x,100,0,25,x,1,0.31064370900276117,None,,,,,25,0,100,0,,,,,262.116572333005,,262.1057772500062,262.116572333005,263.1041693330044,263.1041693330044,263.1041693330044,263.1041693330044,263.11265754200576,264.10453795800277,264.10453795800277,264.42213925000397,x,1,0.31064370900276117,None,,,,,,,,,,,,,,,v_p1,"001",2025-09-28_16h03.56.499,Motor sequence Learning task_Recent_Experiment_Tutorial 4_Urvashi Bhansali_AU2320139,,2025.2.0,None,2025-09-28 16h03.56.522940 +0530,
150,v,101,1,25,v,1,0.7591797499917448,None,,,,,25,1,101,1,,,,,264.433165208,,264.42268020799384,264.433165208,265.42042374999437,265.42042374999437,265.42042374999437,265.42042374999437,265.42925958300475,266.4309039170039,266.4309039170039,267.1976982920023,v,1,0.7591797499917448,None,,,,,,,,,,,,,,,v_p1,"001",2025-09-28_16h03.56.499,Motor sequence Learning task_Recent_Experiment_Tutorial 4_Urvashi Bhansali_AU2320139,,2025.2.0,None,2025-09-28 16h03.56.522940 +0530,
50,c,102,2,25,c,1,0.40999075000581797,None,,,,,25,2,102,2,,,,,267.20841708300577,,267.1982290419983,267.20841708300577,268.19606004199886,268.19606004199886,268.19606004199886,268.19606004199886,268.20379820800736,269.19606516699423,269.19606516699423,269.6141218749981,c,1,0.40999075000581797,None,,,,,,,,,,,,,,,v_p1,"001",2025-09-28_16h03.56.499,Motor sequence Learning task_Recent_Experiment_Tutorial 4_Urvashi Bhansali_AU2320139,,2025.2.0,None,2025-09-28 16h03.56.522940 +0530,
-150,z,103,3,25,z,1,0.8223392090003472,None,,,,,25,3,103,3,,,,,269.62480108300224,,269.6146390000067,269.62480108300224,270.6125677079981,270.6125677079981,270.6125677079981,270.6125677079981,270.6198779999977,271.6126820829959,271.6126820829959,272.4392649999936,z,1,0.8223392090003472,None,,,,,,,,,,,,,,,v_p1,"001",2025-09-28_16h03.56.499,Motor sequence Learning task_Recent_Experiment_Tutorial 4_Urvashi Bhansali_AU2320139,,2025.2.0,None,2025-09-28 16h03.56.522940 +0530,
-50,x,104,0,26,x,1,0.7789873330038972,None,,,,,26,0,104,0,,,,,272.4504123749939,,272.43987741699675,272.4504123749939,273.43743895800435,273.43743895800435,273.43743895800435,273.43743895800435,273.44623587500246,274.43692808299966,274.43692808299966,275.22157462500036,x,1,0.7789873330038972,None,,,,,,,,,,,,,,,v_p1,"001",2025-09-28_16h03.56.499,Motor sequence Learning task_Recent_Experiment_Tutorial 4_Urvashi Bhansali_AU2320139,,2025.2.0,None,2025-09-28 16h03.56.522940 +0530,
150,v,105,1,26,v,1,0.7523269580124179,None,,,,,26,1,105,1,,,,,275.2331688330014,,275.2220978749974,275.2331688330014,276.2205468750035,276.2205468750035,276.2205468750035,276.2205468750035,276.22937416700006,277.2125333330041,277.2125333330041,277.9719452080026,v,1,0.7523269580124179,None,,,,,,,,,,,,,,,v_p1,"001",2025-09-28_16h03.56.499,Motor sequence Learning task_Recent_Experiment_Tutorial 4_Urvashi Bhansali_AU2320139,,2025.2.0,None,2025-09-28 16h03.56.522940 +0530,
50,c,106,2,26,c,1,0.9763227499934146,None,,,,,26,2,106,2,,,,,277.9832441670005,,277.97263183300674,277.9832441670005,278.97061658299936,278.97061658299936,278.97061658299936,278.97061658299936,278.9798332920036,279.9704567500012,279.9704567500012,280.9556544999941,c,1,0.9763227499934146,None,,,,,,,,,,,,,,,v_p1,"001",2025-09-28_16h03.56.499,Motor sequence Learning task_Recent_Experiment_Tutorial 4_Urvashi Bhansali_AU2320139,,2025.2.0,None,2025-09-28 16h03.56.522940 +0530,
-150,z,107,3,26,z,1,0.9129383330000564,None,,,,,26,3,107,3,,,,,280.966681542006,,280.95616750000045,280.966681542006,281.9538594170008,281.9538594170008,281.9538594170008,281.9538594170008,281.9627107499982,282.95376879199466,282.95376879199466,283.8717167499999,z,1,0.9129383330000564,None,,,,,,,,,,,,,,,v_p1,"001",2025-09-28_16h03.56.499,Motor sequence Learning task_Recent_Experiment_Tutorial 4_Urvashi Bhansali_AU2320139,,2025.2.0,None,2025-09-28 16h03.56.522940 +0530,
-50,x,108,0,27,x,1,0.7251103329908801,None,,,,,27,0,108,0,,,,,283.8831488750002,,283.8722712919989,283.8831488750002,284.8705275829998,284.8705275829998,284.8705275829998,284.8705275829998,284.8794947080023,285.8705082079978,285.8705082079978,286.5978069999983,x,1,0.7251103329908801,None,,,,,,,,,,,,,,,v_p1,"001",2025-09-28_16h03.56.499,Motor sequence Learning task_Recent_Experiment_Tutorial 4_Urvashi Bhansali_AU2320139,,2025.2.0,None,2025-09-28 16h03.56.522940 +0530,
150,v,109,1,27,v,1,0.945633249997627,None,,,,,27,1,109,1,,,,,286.610395124997,,286.5983520419977,286.610395124997,287.59584604199335,287.59584604199335,287.59584604199335,287.59584604199335,287.60306079199654,288.5958062080026,288.5958062080026,289.5476556250069,v,1,0.945633249997627,None,,,,,,,,,,,,,,,v_p1,"001",2025-09-28_16h03.56.499,Motor sequence Learning task_Recent_Experiment_Tutorial 4_Urvashi Bhansali_AU2320139,,2025.2.0,None,2025-09-28 16h03.56.522940 +0530,
50,c,110,2,27,c,1,0.7935686670098221,None,,,,,27,2,110,2,,,,,289.5561589169956,,289.5481614169985,289.5561589169956,290.5461931669997,290.5461931669997,290.5461931669997,290.5461931669997,290.55317416699836,291.54591320799955,291.54591320799955,292.348461667003,c,1,0.7935686670098221,None,,,,,,,,,,,,,,,v_p1,"001",2025-09-28_16h03.56.499,Motor sequence Learning task_Recent_Experiment_Tutorial 4_Urvashi Bhansali_AU2320139,,2025.2.0,None,2025-09-28 16h03.56.522940 +0530,
-150,z,111,3,27,z,1,0.40952195799036417,None,,,,,27,3,111,3,,,,,292.36073245799344,,292.349023792005,292.36073245799344,293.3462012920063,293.3462012920063,293.3462012920063,293.3462012920063,293.3530170419981,294.3458948329935,294.3458948329935,294.7643053329957,z,1,0.40952195799036417,None,,,,,,,,,,,,,,,v_p1,"001",2025-09-28_16h03.56.499,Motor sequence Learning task_Recent_Experiment_Tutorial 4_Urvashi Bhansali_AU2320139,,2025.2.0,None,2025-09-28 16h03.56.522940 +0530,
-50,x,112,0,28,x,1,0.5867665420082631,None,,,,,28,0,112,0,,,,,294.77616424999724,,294.7648524170072,294.77616424999724,295.7625240829948,295.7625240829948,295.7625240829948,295.7625240829948,295.77028829199844,296.7626343330048,296.7626343330048,297.35467395800515,x,1,0.5867665420082631,None,,,,,,,,,,,,,,,v_p1,"001",2025-09-28_16h03.56.499,Motor sequence Learning task_Recent_Experiment_Tutorial 4_Urvashi Bhansali_AU2320139,,2025.2.0,None,2025-09-28 16h03.56.522940 +0530,
150,v,113,1,28,v,1,0.3713593329885043,None,,,,,28,1,113,1,,,,,297.36650637499406,,297.35519704199396,297.36650637499406,298.354216791995,298.354216791995,298.354216791995,298.354216791995,298.36279499999364,299.3539577920019,299.3539577920019,299.7306966250035,v,1,0.3713593329885043,None,,,,,,,,,,,,,,,v_p1,"001",2025-09-28_16h03.56.499,Motor sequence Learning task_Recent_Experiment_Tutorial 4_Urvashi Bhansali_AU2320139,,2025.2.0,None,2025-09-28 16h03.56.522940 +0530,
50,c,114,2,28,c,1,0.3319231250061421,None,,,,,28,2,114,2,,,,,299.74176204200194,,299.7312228749943,299.74176204200194,300.7291597500007,300.7291597500007,300.7291597500007,300.7291597500007,300.7372252079949,301.7293326250074,301.7293326250074,302.0655709999992,c,1,0.3319231250061421,None,,,,,,,,,,,,,,,v_p1,"001",2025-09-28_16h03.56.499,Motor sequence Learning task_Recent_Experiment_Tutorial 4_Urvashi Bhansali_AU2320139,,2025.2.0,None,2025-09-28 16h03.56.522940 +0530,
-150,z,115,3,28,z,1,0.9736485419998644,None,,,,,28,3,115,3,,,,,302.07806983300543,,302.066624375002,302.07806983300543,303.0626216249948,303.0626216249948,303.0626216249948,303.0626216249948,303.0698772080068,304.0626014580048,304.0626014580048,305.0380036669958,z,1,0.9736485419998644,None,,,,,,,,,,,,,,,v_p1,"001",2025-09-28_16h03.56.499,Motor sequence Learning task_Recent_Experiment_Tutorial 4_Urvashi Bhansali_AU2320139,,2025.2.0,None,2025-09-28 16h03.56.522940 +0530,
-50,x,116,0,29,x,1,0.4517414170113625,None,,,,,29,0,116,0,,,,,305.05013654200593,,305.0385217080038,305.05013654200593,306.0369835830061,306.0369835830061,306.0369835830061,306.0369835830061,306.04607704200316,307.0373972499947,307.0373972499947,307.49756995799544,x,1,0.4517414170113625,None,,,,,,,,,,,,,,,v_p1,"001",2025-09-28_16h03.56.499,Motor sequence Learning task_Recent_Experiment_Tutorial 4_Urvashi Bhansali_AU2320139,,2025.2.0,None,2025-09-28 16h03.56.522940 +0530,
150,v,117,1,29,v,1,0.38717262499267235,None,,,,,29,1,117,1,,,,,307.5092743330024,,307.49809433300106,307.5092743330024,308.49578816699795,308.49578816699795,308.49578816699795,308.49578816699795,308.50325475000136,309.49592558300355,309.49592558300355,309.8886894169991,v,1,0.38717262499267235,None,,,,,,,,,,,,,,,v_p1,"001",2025-09-28_16h03.56.499,Motor sequence Learning task_Recent_Experiment_Tutorial 4_Urvashi Bhansali_AU2320139,,2025.2.0,None,2025-09-28 16h03.56.522940 +0530,
50,c,118,2,29,c,1,0.3692933330021333,None,,,,,29,2,118,2,,,,,309.9005252920033,,309.889192542003,309.9005252920033,310.8877269999939,310.8877269999939,310.8877269999939,310.8877269999939,310.89630020799814,311.8867952080036,311.8867952080036,312.26424183300696,c,1,0.3692933330021333,None,,,,,,,,,,,,,,,v_p1,"001",2025-09-28_16h03.56.499,Motor sequence Learning task_Recent_Experiment_Tutorial 4_Urvashi Bhansali_AU2320139,,2025.2.0,None,2025-09-28 16h03.56.522940 +0530,
-150,z,119,3,29,z,1,0.9163112079986604,None,,,,,29,3,119,3,,,,,312.2760409170005,,312.26497187500354,312.2760409170005,313.2624793330033,313.2624793330033,313.2624793330033,313.2624793330033,313.26987316699524,314.2625695000024,314.2625695000024,315.18074979199446,z,1,0.9163112079986604,None,,,,,,,,,,,,,,,v_p1,"001",2025-09-28_16h03.56.499,Motor sequence Learning task_Recent_Experiment_Tutorial 4_Urvashi Bhansali_AU2320139,,2025.2.0,None,2025-09-28 16h03.56.522940 +0530,
-50,x,120,0,30,x,1,0.3991262920026202,None,,,,,30,0,120,0,,,,,315.19115479200264,,315.18115620799654,315.19115479200264,316.1791708749952,316.1791708749952,316.1791708749952,316.1791708749952,316.1871845419955,317.1797985000012,317.1797985000012,317.58173249999527,x,1,0.3991262920026202,None,,,,,,,,,,,,,,,v_p1,"001",2025-09-28_16h03.56.499,Motor sequence Learning task_Recent_Experiment_Tutorial 4_Urvashi Bhansali_AU2320139,,2025.2.0,None,2025-09-28 16h03.56.522940 +0530,
150,v,121,1,30,v,1,0.30157958299969323,None,,,,,30,1,121,1,,,,,317.59332641700166,,317.58238762500696,317.59332641700166,318.5793885419989,318.5793885419989,318.5793885419989,318.5793885419989,318.5867623749946,319.5791951249994,319.5791951249994,319.8879442500038,v,1,0.30157958299969323,None,,,,,,,,,,,,,,,v_p1,"001",2025-09-28_16h03.56.499,Motor sequence Learning task_Recent_Experiment_Tutorial 4_Urvashi Bhansali_AU2320139,,2025.2.0,None,2025-09-28 16h03.56.522940 +0530,
50,c,122,2,30,c,1,0.2878256660042098,None,,,,,30,2,122,2,,,,,319.89988120799535,,319.8884748749988,319.89988120799535,320.8872505000036,320.8872505000036,320.8872505000036,320.8872505000036,320.89645837500575,321.88694762499654,321.88694762499654,322.18123958300566,c,1,0.2878256660042098,None,,,,,,,,,,,,,,,v_p1,"001",2025-09-28_16h03.56.499,Motor sequence Learning task_Recent_Experiment_Tutorial 4_Urvashi Bhansali_AU2320139,,2025.2.0,None,2025-09-28 16h03.56.522940 +0530,
-150,z,123,3,30,z,1,0.5775191669963533,None,,,,,30,3,123,3,,,,,322.19238916700124,,322.1818157920061,322.19238916700124,323.17967349999526,323.17967349999526,323.17967349999526,323.17967349999526,323.1872272920009,324.1792284169933,324.1792284169933,324.7641859169962,z,1,0.5775191669963533,None,,,,,,,,,,,,,,,v_p1,"001",2025-09-28_16h03.56.499,Motor sequence Learning task_Recent_Experiment_Tutorial 4_Urvashi Bhansali_AU2320139,,2025.2.0,None,2025-09-28 16h03.56.522940 +0530,
-50,x,124,0,31,x,1,0.5449555000086548,None,,,,,31,0,124,0,,,,,324.77531887500663,,324.76468116699834,324.77531887500663,325.76247233299364,325.76247233299364,325.76247233299364,325.76247233299364,325.7698797500052,326.76261325000087,326.76261325000087,327.31423533300404,x,1,0.5449555000086548,None,,,,,,,,,,,,,,,v_p1,"001",2025-09-28_16h03.56.499,Motor sequence Learning task_Recent_Experiment_Tutorial 4_Urvashi Bhansali_AU2320139,,2025.2.0,None,2025-09-28 16h03.56.522940 +0530,
150,v,125,1,31,v,1,0.3353260840085568,None,,,,,31,1,125,1,,,,,327.32550049999554,,327.3147495830053,327.32550049999554,328.31306425000366,328.31306425000366,328.31306425000366,328.31306425000366,328.32044845800556,329.3044077079976,329.3044077079976,329.647314707996,v,1,0.3353260840085568,None,,,,,,,,,,,,,,,v_p1,"001",2025-09-28_16h03.56.499,Motor sequence Learning task_Recent_Experiment_Tutorial 4_Urvashi Bhansali_AU2320139,,2025.2.0,None,2025-09-28 16h03.56.522940 +0530,
50,c,126,2,31,c,1,0.31457779099582694,None,,,,,31,2,126,2,,,,,329.6583977499977,,329.6477979170013,329.6583977499977,330.6457558749971,330.6457558749971,330.6457558749971,330.6457558749971,330.65305666699714,331.6460147500038,331.6460147500038,331.9639632920007,c,1,0.31457779099582694,None,,,,,,,,,,,,,,,v_p1,"001",2025-09-28_16h03.56.499,Motor sequence Learning task_Recent_Experiment_Tutorial 4_Urvashi Bhansali_AU2320139,,2025.2.0,None,2025-09-28 16h03.56.522940 +0530,
-150,z,127,3,31,z,1,0.39297337499738205,None,,,,,31,3,127,3,,,,,331.9754030829936,,331.9645146249968,331.9754030829936,332.96266916699824,332.96266916699824,332.96266916699824,332.96266916699824,332.9696025000012,333.96251566699357,333.96251566699357,334.3642189999955,z,1,0.39297337499738205,None,,,,,,,,,,,,,,,v_p1,"001",2025-09-28_16h03.56.499,Motor sequence Learning task_Recent_Experiment_Tutorial 4_Urvashi Bhansali_AU2320139,,2025.2.0,None,2025-09-28 16h03.56.522940 +0530,
-50,x,128,0,32,x,1,0.4147778750048019,None,,,,,32,0,128,0,,,,,334.3754562079994,,334.36480779199337,334.3754562079994,335.3624626249948,335.3624626249948,335.3624626249948,335.3624626249948,335.3705130419985,336.36257399999886,336.36257399999886,336.7807390829985,x,1,0.4147778750048019,None,,,,,,,,,,,,,,,v_p1,"001",2025-09-28_16h03.56.499,Motor sequence Learning task_Recent_Experiment_Tutorial 4_Urvashi Bhansali_AU2320139,,2025.2.0,None,2025-09-28 16h03.56.522940 +0530,
150,v,129,1,32,v,1,0.6852513330086367,None,,,,,32,1,129,1,,,,,336.7922419170063,,336.781319917005,336.7922419170063,337.7791734170023,337.7791734170023,337.7791734170023,337.7791734170023,337.7868064170034,338.7791029999935,338.7791029999935,339.4721531670075,v,1,0.6852513330086367,None,,,,,,,,,,,,,,,v_p1,"001",2025-09-28_16h03.56.499,Motor sequence Learning task_Recent_Experiment_Tutorial 4_Urvashi Bhansali_AU2320139,,2025.2.0,None,2025-09-28 16h03.56.522940 +0530,
50,c,130,2,32,c,1,0.36687233300472144,None,,,,,32,2,130,2,,,,,339.48355462499603,,339.4727012920048,339.48355462499603,340.4711475420045,340.4711475420045,340.4711475420045,340.4711475420045,340.497360207999,341.47043683299853,341.47043683299853,341.8387523749989,c,1,0.36687233300472144,None,,,,,,,,,,,,,,,v_p1,"001",2025-09-28_16h03.56.499,Motor sequence Learning task_Recent_Experiment_Tutorial 4_Urvashi Bhansali_AU2320139,,2025.2.0,None,2025-09-28 16h03.56.522940 +0530,
-150,z,131,3,32,z,1,0.5969025410013273,None,,,,,32,3,131,3,,,,,341.85034341699793,,341.8392282919958,341.85034341699793,342.8372154999961,342.8372154999961,342.8372154999961,342.8372154999961,342.8460710829968,343.83738391699444,343.83738391699444,344.43855662499845,z,1,0.5969025410013273,None,,,,,,,,,,,,,,,v_p1,"001",2025-09-28_16h03.56.499,Motor sequence Learning task_Recent_Experiment_Tutorial 4_Urvashi Bhansali_AU2320139,,2025.2.0,None,2025-09-28 16h03.56.522940 +0530,
-50,x,132,0,33,x,1,0.44725983300304506,None,,,,,33,0,132,0,,,,,344.450497458005,,344.43925533299625,344.450497458005,345.43740754200553,345.43740754200553,345.43740754200553,345.43740754200553,345.44621354200353,346.4374090000056,346.4374090000056,346.8888758749963,x,1,0.44725983300304506,None,,,,,,,,,,,,,,,v_p1,"001",2025-09-28_16h03.56.499,Motor sequence Learning task_Recent_Experiment_Tutorial 4_Urvashi Bhansali_AU2320139,,2025.2.0,None,2025-09-28 16h03.56.522940 +0530,
150,v,133,1,33,v,1,0.320981708006002,None,,,,,33,1,133,1,,,,,346.9002155000053,,346.8893614169938,346.9002155000053,347.88715120799316,347.88715120799316,347.88715120799316,347.88715120799316,347.8959992500022,348.8870974169986,348.8870974169986,349.2151468749944,v,1,0.320981708006002,None,,,,,,,,,,,,,,,v_p1,"001",2025-09-28_16h03.56.499,Motor sequence Learning task_Recent_Experiment_Tutorial 4_Urvashi Bhansali_AU2320139,,2025.2.0,None,2025-09-28 16h03.56.522940 +0530,
50,c,134,2,33,c,1,0.3185911250038771,None,,,,,33,2,134,2,,,,,349.2267752500047,,349.2159626670036,349.2267752500047,350.2126356249937,350.2126356249937,350.2126356249937,350.2126356249937,350.2204427079996,351.2124878330069,351.2124878330069,351.53825629199855,c,1,0.3185911250038771,None,,,,,,,,,,,,,,,v_p1,"001",2025-09-28_16h03.56.499,Motor sequence Learning task_Recent_Experiment_Tutorial 4_Urvashi Bhansali_AU2320139,,2025.2.0,None,2025-09-28 16h03.56.522940 +0530,
-150,z,135,3,33,z,1,0.3434059580031317,None,,,,,33,3,135,3,,,,,351.55020883299585,,351.538830999998,351.55020883299585,352.52925558299467,352.52925558299467,352.52925558299467,352.52925558299467,352.54582866700366,353.5366257499991,353.5366257499991,353.8885205419938,z,1,0.3434059580031317,None,,,,,,,,,,,,,,,v_p1,"001",2025-09-28_16h03.56.499,Motor sequence Learning task_Recent_Experiment_Tutorial 4_Urvashi Bhansali_AU2320139,,2025.2.0,None,2025-09-28 16h03.56.522940 +0530,
-50,x,136,0,34,x,1,0.591381749996799,None,,,,,34,0,136,0,,,,,353.8998345419968,,353.88908545799495,353.8998345419968,354.88709945800656,354.88709945800656,354.88709945800656,354.88709945800656,354.89611891699315,355.8876108330005,355.8876108330005,356.4810630830034,x,1,0.591381749996799,None,,,,,,,,,,,,,,,v_p1,"001",2025-09-28_16h03.56.499,Motor sequence Learning task_Recent_Experiment_Tutorial 4_Urvashi Bhansali_AU2320139,,2025.2.0,None,2025-09-28 16h03.56.522940 +0530,
150,v,137,1,34,v,1,0.7164472500007832,None,,,,,34,1,137,1,,,,,356.49250008299714,,356.4815887500008,356.49250008299714,357.47901720799564,357.47901720799564,357.47901720799564,357.47901720799564,357.4869133750035,358.4794199580065,358.4794199580065,359.20918687499943,v,1,0.7164472500007832,None,,,,,,,,,,,,,,,v_p1,"001",2025-09-28_16h03.56.499,Motor sequence Learning task_Recent_Experiment_Tutorial 4_Urvashi Bhansali_AU2320139,,2025.2.0,None,2025-09-28 16h03.56.522940 +0530,
50,c,138,2,34,c,1,0.7150459999975283,None,,,,,34,2,138,2,,,,,359.21722458300064,,359.2097517920047,359.21722458300064,360.203867624994,360.203867624994,360.203867624994,360.203867624994,360.2124077079934,361.2038068330003,361.2038068330003,361.921816083006,c,1,0.7150459999975283,None,,,,,,,,,,,,,,,v_p1,"001",2025-09-28_16h03.56.499,Motor sequence Learning task_Recent_Experiment_Tutorial 4_Urvashi Bhansali_AU2320139,,2025.2.0,None,2025-09-28 16h03.56.522940 +0530,
-150,z,139,3,34,z,1,0.7384835830016527,None,,,,,34,3,139,3,,,,,361.93347670799994,,361.92232075000356,361.93347670799994,362.9211264170008,362.9211264170008,362.9211264170008,362.9211264170008,362.9473469170043,363.92130400000315,363.92130400000315,364.664533083007,z,1,0.7384835830016527,None,,,,,,,,,,,,,,,v_p1,"001",2025-09-28_16h03.56.499,Motor sequence Learning task_Recent_Experiment_Tutorial 4_Urvashi Bhansali_AU2320139,,2025.2.0,None,2025-09-28 16h03.56.522940 +0530,
-50,x,140,0,35,x,1,0.6061874580045696,None,,,,,35,0,140,0,,,,,364.6760924580012,,364.66511441700277,364.6760924580012,365.66237204200297,365.66237204200297,365.66237204200297,365.66237204200297,365.6697002919973,366.6625260830042,366.6625260830042,367.27088270800596,x,1,0.6061874580045696,None,,,,,,,,,,,,,,,v_p1,"001",2025-09-28_16h03.56.499,Motor sequence Learning task_Recent_Experiment_Tutorial 4_Urvashi Bhansali_AU2320139,,2025.2.0,None,2025-09-28 16h03.56.522940 +0530,
150,v,141,1,35,v,1,1.1768976250023115,None,,,,,35,1,141,1,,,,,367.28351666699746,,367.2714014999947,367.28351666699746,368.2624436250044,368.2624436250044,368.2624436250044,368.2624436250044,368.27932270799647,369.26278175000334,369.26278175000334,370.44728991700686,v,1,1.1768976250023115,None,,,,,,,,,,,,,,,v_p1,"001",2025-09-28_16h03.56.499,Motor sequence Learning task_Recent_Experiment_Tutorial 4_Urvashi Bhansali_AU2320139,,2025.2.0,None,2025-09-28 16h03.56.522940 +0530,
50,c,142,2,35,c,1,0.41280924998864066,None,,,,,35,2,142,2,,,,,370.4586793329945,,370.44777570800215,370.4586793329945,371.44574495799316,371.44574495799316,371.44574495799316,371.44574495799316,371.45332483299717,372.44580625000526,372.44580625000526,372.8650970419985,c,1,0.41280924998864066,None,,,,,,,,,,,,,,,v_p1,"001",2025-09-28_16h03.56.499,Motor sequence Learning task_Recent_Experiment_Tutorial 4_Urvashi Bhansali_AU2320139,,2025.2.0,None,2025-09-28 16h03.56.522940 +0530,
-150,z,143,3,35,z,1,0.5168459160049679,None,,,,,35,3,143,3,,,,,372.87689529200725,,372.86585279200517,372.87689529200725,373.8625327500049,373.8625327500049,373.8625327500049,373.8625327500049,373.8697506669996,374.86264887500147,374.86264887500147,375.3878855829971,z,1,0.5168459160049679,None,,,,,,,,,,,,,,,v_p1,"001",2025-09-28_16h03.56.499,Motor sequence Learning task_Recent_Experiment_Tutorial 4_Urvashi Bhansali_AU2320139,,2025.2.0,None,2025-09-28 16h03.56.522940 +0530,
-50,x,144,0,36,x,1,0.5194033339939779,None,,,,,36,0,144,0,,,,,375.4004125420033,,375.388331167007,375.4004125420033,376.38710737500514,376.38710737500514,376.38710737500514,376.38710737500514,376.39619358300115,377.37908845799393,377.37908845799393,377.9045022920036,x,1,0.5194033339939779,None,,,,,,,,,,,,,,,v_p1,"001",2025-09-28_16h03.56.499,Motor sequence Learning task_Recent_Experiment_Tutorial 4_Urvashi Bhansali_AU2320139,,2025.2.0,None,2025-09-28 16h03.56.522940 +0530,
150,v,145,1,36,v,1,0.5198570409993408,None,,,,,36,1,145,1,,,,,377.91617174999556,,377.9050404169975,377.91617174999556,378.90396599999804,378.90396599999804,378.90396599999804,378.90396599999804,378.9124944579962,379.9035788750043,379.9035788750043,380.4312820829946,v,1,0.5198570409993408,None,,,,,,,,,,,,,,,v_p1,"001",2025-09-28_16h03.56.499,Motor sequence Learning task_Recent_Experiment_Tutorial 4_Urvashi Bhansali_AU2320139,,2025.2.0,None,2025-09-28 16h03.56.522940 +0530,
50,c,146,2,36,c,1,0.7092081250011688,None,,,,,36,2,146,2,,,,,380.44311162500526,,380.43194958299864,380.44311162500526,381.42902845800563,381.42902845800563,381.42902845800563,381.42902845800563,381.43685079200077,382.42913858300017,382.42913858300017,383.14737633299956,c,1,0.7092081250011688,None,,,,,,,,,,,,,,,v_p1,"001",2025-09-28_16h03.56.499,Motor sequence Learning task_Recent_Experiment_Tutorial 4_Urvashi Bhansali_AU2320139,,2025.2.0,None,2025-09-28 16h03.56.522940 +0530,
-150,z,147,3,36,z,1,0.5864116250013467,None,,,,,36,3,147,3,,,,,383.1590627919941,,383.1479466250021,383.1590627919941,384.14570333299343,384.14570333299343,384.14570333299343,384.14570333299343,384.1529270000028,385.13790479200543,385.13790479200543,385.7305733329995,z,1,0.5864116250013467,None,,,,,,,,,,,,,,,v_p1,"001",2025-09-28_16h03.56.499,Motor sequence Learning task_Recent_Experiment_Tutorial 4_Urvashi Bhansali_AU2320139,,2025.2.0,None,2025-09-28 16h03.56.522940 +0530,
-50,x,148,0,37,x,1,0.39242216700222343,None,,,,,37,0,148,0,,,,,385.74173458300356,,385.73105312499683,385.74173458300356,386.72913900000276,386.72913900000276,386.72913900000276,386.72913900000276,386.7364582500013,387.72079512500204,387.72079512500204,388.121728625003,x,1,0.39242216700222343,None,,,,,,,,,,,,,,,v_p1,"001",2025-09-28_16h03.56.499,Motor sequence Learning task_Recent_Experiment_Tutorial 4_Urvashi Bhansali_AU2320139,,2025.2.0,None,2025-09-28 16h03.56.522940 +0530,
150,v,149,1,37,v,1,0.4090862080047373,None,,,,,37,1,149,1,,,,,388.13334320799913,,388.12225275000674,388.13334320799913,389.1204216670012,389.1204216670012,389.1204216670012,389.1204216670012,389.129017291998,390.12098816700745,390.12098816700745,390.53789783299726,v,1,0.4090862080047373,None,,,,,,,,,,,,,,,v_p1,"001",2025-09-28_16h03.56.499,Motor sequence Learning task_Recent_Experiment_Tutorial 4_Urvashi Bhansali_AU2320139,,2025.2.0,None,2025-09-28 16h03.56.522940 +0530,
50,c,150,2,37,c,1,0.5044857920001959,None,,,,,37,2,150,2,,,,,390.54920879199926,,390.5383713750052,390.54920879199926,391.53740679200564,391.53740679200564,391.53740679200564,391.53740679200564,391.5467068750004,392.5365812920063,392.5365812920063,393.047708625003,c,1,0.5044857920001959,None,,,,,,,,,,,,,,,v_p1,"001",2025-09-28_16h03.56.499,Motor sequence Learning task_Recent_Experiment_Tutorial 4_Urvashi Bhansali_AU2320139,,2025.2.0,None,2025-09-28 16h03.56.522940 +0530,
-150,z,151,3,37,z,1,0.7503637919871835,None,,,,,37,3,151,3,,,,,393.0587497499946,,393.0482452080032,393.0587497499946,394.0457325000025,394.0457325000025,394.0457325000025,394.0457325000025,394.05297379200056,395.045756624997,395.045756624997,395.7993981670006,z,1,0.7503637919871835,None,,,,,,,,,,,,,,,v_p1,"001",2025-09-28_16h03.56.499,Motor sequence Learning task_Recent_Experiment_Tutorial 4_Urvashi Bhansali_AU2320139,,2025.2.0,None,2025-09-28 16h03.56.522940 +0530,
-50,x,152,0,38,x,1,0.4372459589940263,None,,,,,38,0,152,0,,,,,395.81224220800505,,395.8004023329995,395.81224220800505,396.79584912500286,396.79584912500286,396.79584912500286,396.79584912500286,396.80337633300223,397.7957595829939,397.7957595829939,398.23812708299374,x,1,0.4372459589940263,None,,,,,,,,,,,,,,,v_p1,"001",2025-09-28_16h03.56.499,Motor sequence Learning task_Recent_Experiment_Tutorial 4_Urvashi Bhansali_AU2320139,,2025.2.0,None,2025-09-28 16h03.56.522940 +0530,
150,v,153,1,38,v,1,0.7812774170015473,None,,,,,38,1,153,1,,,,,398.24970670799667,,398.23864187499566,398.24970670799667,399.2371869579947,399.2371869579947,399.2371869579947,399.2371869579947,399.24623200000497,400.23763808299555,400.23763808299555,401.0213529580069,v,1,0.7812774170015473,None,,,,,,,,,,,,,,,v_p1,"001",2025-09-28_16h03.56.499,Motor sequence Learning task_Recent_Experiment_Tutorial 4_Urvashi Bhansali_AU2320139,,2025.2.0,None,2025-09-28 16h03.56.522940 +0530,
50,c,154,2,38,c,1,0.9860187079902971,None,,,,,38,2,154,2,,,,,401.0330658330058,,401.02202445799776,401.0330658330058,402.0201797500049,402.0201797500049,402.0201797500049,402.0201797500049,402.0291416669934,403.0208028329944,403.0208028329944,404.01406370800396,c,1,0.9860187079902971,None,,,,,,,,,,,,,,,v_p1,"001",2025-09-28_16h03.56.499,Motor sequence Learning task_Recent_Experiment_Tutorial 4_Urvashi Bhansali_AU2320139,,2025.2.0,None,2025-09-28 16h03.56.522940 +0530,
-150,z,155,3,38,z,1,0.7213274579989957,None,,,,,38,3,155,3,,,,,404.0252167919971,,404.01456495799357,404.0252167919971,405.01230229200155,405.01230229200155,405.01230229200155,405.01230229200155,405.01964370800124,406.012487333006,406.012487333006,406.73846237499674,z,1,0.7213274579989957,None,,,,,,,,,,,,,,,v_p1,"001",2025-09-28_16h03.56.499,Motor sequence Learning task_Recent_Experiment_Tutorial 4_Urvashi Bhansali_AU2320139,,2025.2.0,None,2025-09-28 16h03.56.522940 +0530,
-50,x,156,0,39,x,1,0.6726346659997944,None,,,,,39,0,156,0,,,,,406.750053249998,,406.739114875003,406.750053249998,407.73757287500484,407.73757287500484,407.73757287500484,407.73757287500484,407.74689079199743,408.73710495799605,408.73710495799605,409.4140648330067,x,1,0.6726346659997944,None,,,,,,,,,,,,,,,v_p1,"001",2025-09-28_16h03.56.499,Motor sequence Learning task_Recent_Experiment_Tutorial 4_Urvashi Bhansali_AU2320139,,2025.2.0,None,2025-09-28 16h03.56.522940 +0530,
150,v,157,1,39,v,1,1.3140657920012018,None,,,,,39,1,157,1,,,,,409.42517287499504,,409.4146111250011,409.42517287499504,410.4123377500073,410.4123377500073,410.4123377500073,410.4123377500073,410.4197649580019,411.41260120799416,411.41260120799416,412.73102391700377,v,1,1.3140657920012018,None,,,,,,,,,,,,,,,v_p1,"001",2025-09-28_16h03.56.499,Motor sequence Learning task_Recent_Experiment_Tutorial 4_Urvashi Bhansali_AU2320139,,2025.2.0,None,2025-09-28 16h03.56.522940 +0530,
50,c,158,2,39,c,1,2.279418458987493,None,,,,,39,2,158,2,,,,,412.7425682500034,,412.73170233299606,412.7425682500034,413.7289896669972,413.7289896669972,413.7289896669972,413.7289896669972,413.7363938329945,414.7290760830074,414.7290760830074,417.0138238329964,c,1,2.279418458987493,None,,,,,,,,,,,,,,,v_p1,"001",2025-09-28_16h03.56.499,Motor sequence Learning task_Recent_Experiment_Tutorial 4_Urvashi Bhansali_AU2320139,,2025.2.0,None,2025-09-28 16h03.56.522940 +0530,
-150,z,159,3,39,z,1,1.3166709159995662,None,,,,,39,3,159,3,,,,,417.02536699999473,,417.01441012500436,417.02536699999473,418.00393087499833,418.00393087499833,418.00393087499833,418.00393087499833,418.020331791995,419.0122948750068,419.0122948750068,420.33075012499467,z,1,1.3166709159995662,None,,,,,,,,,,,,,,,v_p1,"001",2025-09-28_16h03.56.499,Motor sequence Learning task_Recent_Experiment_Tutorial 4_Urvashi Bhansali_AU2320139,,2025.2.0,None,2025-09-28 16h03.56.522940 +0530,
-50,x,160,0,40,x,1,15.848953041990171,None,,,,,40,0,160,0,,,,,420.34323129200493,,420.33125912499963,420.34323129200493,421.32906129199546,421.32906129199546,421.32906129199546,421.32906129199546,421.3360658330057,422.3290926250047,422.3290926250047,438.1809789580002,x,1,15.848953041990171,None,,,,,,,,,,,,,,,v_p1,"001",2025-09-28_16h03.56.499,Motor sequence Learning task_Recent_Experiment_Tutorial 4_Urvashi Bhansali_AU2320139,,2025.2.0,None,2025-09-28 16h03.56.522940 +0530,
150,v,161,1,40,v,1,1.455582124995999,None,,,,,40,1,161,1,,,,,438.19333833300334,,438.18179058299575,438.19333833300334,439.17893300000287,439.17893300000287,439.17893300000287,439.17893300000287,439.1869379169948,440.1794461249956,440.1794461249956,441.63782362500206,v,1,1.455582124995999,None,,,,,,,,,,,,,,,v_p1,"001",2025-09-28_16h03.56.499,Motor sequence Learning task_Recent_Experiment_Tutorial 4_Urvashi Bhansali_AU2320139,,2025.2.0,None,2025-09-28 16h03.56.522940 +0530,
50,c,162,2,40,c,1,0.36730045900912955,None,,,,,40,2,162,2,,,,,441.6494578749989,,441.6384983330063,441.6494578749989,442.634246792004,442.634246792004,442.634246792004,442.634246792004,442.6456067919935,443.63557270799356,443.63557270799356,444.0135178329947,c,1,0.36730045900912955,None,,,,,,,,,,,,,,,v_p1,"001",2025-09-28_16h03.56.499,Motor sequence Learning task_Recent_Experiment_Tutorial 4_Urvashi Bhansali_AU2320139,,2025.2.0,None,2025-09-28 16h03.56.522940 +0530,
-150,z,163,3,40,z,1,0.7811957499943674,None,,,,,40,3,163,3,,,,,444.0201044169953,,444.01402612500533,444.0201044169953,445.0036189999955,445.0036189999955,445.0036189999955,445.0036189999955,445.013301458006,446.00367120800365,446.00367120800365,446.7875446669932,z,1,0.7811957499943674,None,,,,,,,,,,,,,,,v_p1,"001",2025-09-28_16h03.56.499,Motor sequence Learning task_Recent_Experiment_Tutorial 4_Urvashi Bhansali_AU2320139,,2025.2.0,None,2025-09-28 16h03.56.522940 +0530,
-50,x,164,0,41,x,1,0.6286475420056377,None,,,,,41,0,164,0,,,,,446.7996657080075,,446.7881129169982,446.7996657080075,447.7866391669959,447.7866391669959,447.7866391669959,447.7866391669959,447.7958185419993,448.78721916700306,448.78721916700306,449.4222702499974,x,1,0.6286475420056377,None,,,,,,,,,,,,,,,v_p1,"001",2025-09-28_16h03.56.499,Motor sequence Learning task_Recent_Experiment_Tutorial 4_Urvashi Bhansali_AU2320139,,2025.2.0,None,2025-09-28 16h03.56.522940 +0530,
150,v,165,1,41,v,1,0.9032435419940157,None,,,,,41,1,165,1,,,,,449.4338244170067,,449.4231832499936,449.4338244170067,450.42107862500416,450.42107862500416,450.42107862500416,450.42107862500416,450.42904804200225,451.4204447079974,451.4204447079974,452.33068441700016,v,1,0.9032435419940157,None,,,,,,,,,,,,,,,v_p1,"001",2025-09-28_16h03.56.499,Motor sequence Learning task_Recent_Experiment_Tutorial 4_Urvashi Bhansali_AU2320139,,2025.2.0,None,2025-09-28 16h03.56.522940 +0530,
50,c,166,2,41,c,1,0.9637122089916375,None,,,,,41,2,166,2,,,,,452.3425943750044,,452.3312115419976,452.3425943750044,453.32905579199723,453.32905579199723,453.32905579199723,453.32905579199723,453.3365080420044,454.3289887080027,454.3289887080027,455.29726704199857,c,1,0.9637122089916375,None,,,,,,,,,,,,,,,v_p1,"001",2025-09-28_16h03.56.499,Motor sequence Learning task_Recent_Experiment_Tutorial 4_Urvashi Bhansali_AU2320139,,2025.2.0,None,2025-09-28 16h03.56.522940 +0530,
-150,z,167,3,41,z,1,1.2180341250059428,None,,,,,41,3,167,3,,,,,455.30935379200673,,455.29781570800696,455.30935379200673,456.2955510419997,456.2955510419997,456.2955510419997,456.2955510419997,456.30314254200493,457.2955475829949,457.2955475829949,458.52149520799867,z,1,1.2180341250059428,None,,,,,,,,,,,,,,,v_p1,"001",2025-09-28_16h03.56.499,Motor sequence Learning task_Recent_Experiment_Tutorial 4_Urvashi Bhansali_AU2320139,,2025.2.0,None,2025-09-28 16h03.56.522940 +0530,
-50,x,168,0,42,x,1,0.7772925419994863,None,,,,,42,0,168,0,,,,,458.5336108329939,,458.52207679199637,458.5336108329939,459.5211025419994,459.5211025419994,459.5211025419994,459.5211025419994,459.5470327499934,460.52019416699477,460.52019416699477,461.30515591699805,x,1,0.7772925419994863,None,,,,,,,,,,,,,,,v_p1,"001",2025-09-28_16h03.56.499,Motor sequence Learning task_Recent_Experiment_Tutorial 4_Urvashi Bhansali_AU2320139,,2025.2.0,None,2025-09-28 16h03.56.522940 +0530,
150,v,169,1,42,v,1,0.798820041003637,None,,,,,42,1,169,1,,,,,461.3167742499936,,461.3056801250059,461.3167742499936,462.3039816249948,462.3039816249948,462.3039816249948,462.3039816249948,462.31261679199815,463.30562062500394,463.30562062500394,464.1139963750029,v,1,0.798820041003637,None,,,,,,,,,,,,,,,v_p1,"001",2025-09-28_16h03.56.499,Motor sequence Learning task_Recent_Experiment_Tutorial 4_Urvashi Bhansali_AU2320139,,2025.2.0,None,2025-09-28 16h03.56.522940 +0530,
50,c,170,2,42,c,1,0.8440519590076292,None,,,,,42,2,170,2,,,,,464.12579462499707,,464.11456079200434,464.12579462499707,465.1126032080065,465.1126032080065,465.1126032080065,465.1126032080065,465.12001008300285,466.1123758330068,466.1123758330068,466.9818022919935,c,1,0.8440519590076292,None,,,,,,,,,,,,,,,v_p1,"001",2025-09-28_16h03.56.499,Motor sequence Learning task_Recent_Experiment_Tutorial 4_Urvashi Bhansali_AU2320139,,2025.2.0,None,2025-09-28 16h03.56.522940 +0530,
-150,z,171,3,42,z,1,0.9113457500061486,None,,,,,42,3,171,3,,,,,466.99555054200755,,466.9823989580036,466.99555054200755,467.9789867079962,467.9789867079962,467.9789867079962,467.9789867079962,467.98629850000725,468.97901366700535,468.97901366700535,469.8981552079931,z,1,0.9113457500061486,None,,,,,,,,,,,,,,,v_p1,"001",2025-09-28_16h03.56.499,Motor sequence Learning task_Recent_Experiment_Tutorial 4_Urvashi Bhansali_AU2320139,,2025.2.0,None,2025-09-28 16h03.56.522940 +0530,
-50,x,172,0,43,x,1,0.874390749988379,None,,,,,43,0,172,0,,,,,469.91009254200617,,469.89880533299583,469.91009254200617,470.89586200000485,470.89586200000485,470.89586200000485,470.89586200000485,470.90240162500413,471.8958538750012,471.8958538750012,472.7806595830043,x,1,0.874390749988379,None,,,,,,,,,,,,,,,v_p1,"001",2025-09-28_16h03.56.499,Motor sequence Learning task_Recent_Experiment_Tutorial 4_Urvashi Bhansali_AU2320139,,2025.2.0,None,2025-09-28 16h03.56.522940 +0530,
150,v,173,1,43,v,1,0.33740616698923986,None,,,,,43,1,173,1,,,,,472.79246187499666,,472.7812514170073,472.79246187499666,473.7788860830042,473.7788860830042,473.7788860830042,473.7788860830042,473.78624637500616,474.7788085420034,474.7788085420034,475.1209686670045,v,1,0.33740616698923986,None,,,,,,,,,,,,,,,v_p1,"001",2025-09-28_16h03.56.499,Motor sequence Learning task_Recent_Experiment_Tutorial 4_Urvashi Bhansali_AU2320139,,2025.2.0,None,2025-09-28 16h03.56.522940 +0530,
50,c,174,2,43,c,1,0.39624625000578817,None,,,,,43,2,174,2,,,,,475.1330788750056,,475.12145916699956,475.1330788750056,476.12003737500345,476.12003737500345,476.12003737500345,476.12003737500345,476.1290775420057,477.1198300830001,477.1198300830001,477.5211097499996,c,1,0.39624625000578817,None,,,,,,,,,,,,,,,v_p1,"001",2025-09-28_16h03.56.499,Motor sequence Learning task_Recent_Experiment_Tutorial 4_Urvashi Bhansali_AU2320139,,2025.2.0,None,2025-09-28 16h03.56.522940 +0530,
-150,z,175,3,43,z,1,0.28690987500885967,None,,,,,43,3,175,3,,,,,477.5323208329937,,477.5216693330003,477.5323208329937,478.5206625830033,478.5206625830033,478.5206625830033,478.5206625830033,478.530303749998,479.51224887500575,479.51224887500575,479.8048055419931,z,1,0.28690987500885967,None,,,,,,,,,,,,,,,v_p1,"001",2025-09-28_16h03.56.499,Motor sequence Learning task_Recent_Experiment_Tutorial 4_Urvashi Bhansali_AU2320139,,2025.2.0,None,2025-09-28 16h03.56.522940 +0530,
-50,x,176,0,44,x,1,0.3035661670000991,None,,,,,44,0,176,0,,,,,479.8158172080002,,479.80531058300403,479.8158172080002,480.79552083299495,480.79552083299495,480.79552083299495,480.79552083299495,480.8123817500018,481.80344920800417,481.80344920800417,482.11386208300246,x,1,0.3035661670000991,None,,,,,,,,,,,,,,,v_p1,"001",2025-09-28_16h03.56.499,Motor sequence Learning task_Recent_Experiment_Tutorial 4_Urvashi Bhansali_AU2320139,,2025.2.0,None,2025-09-28 16h03.56.522940 +0530,
150,v,177,1,44,v,1,1.1527829590049805,None,,,,,44,1,177,1,,,,,482.12482325000747,,482.1143446250062,482.12482325000747,483.1303869999974,483.1303869999974,483.1303869999974,483.1303869999974,483.1303869999974,484.11229595799523,484.11229595799523,485.2713817920012,v,1,1.1527829590049805,None,,,,,,,,,,,,,,,v_p1,"001",2025-09-28_16h03.56.499,Motor sequence Learning task_Recent_Experiment_Tutorial 4_Urvashi Bhansali_AU2320139,,2025.2.0,None,2025-09-28 16h03.56.522940 +0530,
50,c,178,2,44,c,1,0.43085987500671763,None,,,,,44,2,178,2,,,,,485.2829607080057,,485.271948833004,485.2829607080057,486.27056841700687,486.27056841700687,486.27056841700687,486.27056841700687,486.2799419170042,487.2700512500014,487.2700512500014,487.7047951669956,c,1,0.43085987500671763,None,,,,,,,,,,,,,,,v_p1,"001",2025-09-28_16h03.56.499,Motor sequence Learning task_Recent_Experiment_Tutorial 4_Urvashi Bhansali_AU2320139,,2025.2.0,None,2025-09-28 16h03.56.522940 +0530,
-150,z,179,3,44,z,1,0.35102866699162405,None,,,,,44,3,179,3,,,,,487.7164206250018,,487.7054835000017,487.7164206250018,488.7034125420032,488.7034125420032,488.7034125420032,488.7034125420032,488.7124604169949,489.7138122920005,489.7138122920005,490.07145920800394,z,1,0.35102866699162405,None,,,,,,,,,,,,,,,v_p1,"001",2025-09-28_16h03.56.499,Motor sequence Learning task_Recent_Experiment_Tutorial 4_Urvashi Bhansali_AU2320139,,2025.2.0,None,2025-09-28 16h03.56.522940 +0530,
-50,x,180,0,45,x,1,0.3329342910001287,None,,,,,45,0,180,0,,,,,490.08306554199953,,490.07197391700174,490.08306554199953,491.080500666998,491.080500666998,491.080500666998,491.080500666998,491.0872367499978,492.07085966700106,492.07085966700106,492.41410012499546,x,1,0.3329342910001287,None,,,,,,,,,,,,,,,v_p1,"001",2025-09-28_16h03.56.499,Motor sequence Learning task_Recent_Experiment_Tutorial 4_Urvashi Bhansali_AU2320139,,2025.2.0,None,2025-09-28 16h03.56.522940 +0530,
150,v,181,1,45,v,1,0.39533066599688027,None,,,,,45,1,181,1,,,,,492.4256059580075,,492.41476749999856,492.4256059580075,493.4123838329979,493.4123838329979,493.4123838329979,493.4123838329979,493.4196652499959,494.41232562500227,494.41232562500227,494.81381266699464,v,1,0.39533066599688027,None,,,,,,,,,,,,,,,v_p1,"001",2025-09-28_16h03.56.499,Motor sequence Learning task_Recent_Experiment_Tutorial 4_Urvashi Bhansali_AU2320139,,2025.2.0,None,2025-09-28 16h03.56.522940 +0530,
50,c,182,2,45,c,1,0.40452258399454877,None,,,,,45,2,182,2,,,,,494.8245590419974,,494.8143526670028,494.8245590419974,495.8122405830072,495.8122405830072,495.8122405830072,495.8122405830072,495.81994416700036,496.81222033299855,496.81222033299855,497.221089957995,c,1,0.40452258399454877,None,,,,,,,,,,,,,,,v_p1,"001",2025-09-28_16h03.56.499,Motor sequence Learning task_Recent_Experiment_Tutorial 4_Urvashi Bhansali_AU2320139,,2025.2.0,None,2025-09-28 16h03.56.522940 +0530,
-150,z,183,3,45,z,1,0.3788144170102896,None,,,,,45,3,183,3,,,,,497.2331160419999,,497.2218172080029,497.2331160419999,498.22039800000493,498.22039800000493,498.22039800000493,498.22039800000493,498.22913741700177,499.219892292007,499.219892292007,499.6046952500037,z,1,0.3788144170102896,None,,,,,,,,,,,,,,,v_p1,"001",2025-09-28_16h03.56.499,Motor sequence Learning task_Recent_Experiment_Tutorial 4_Urvashi Bhansali_AU2320139,,2025.2.0,None,2025-09-28 16h03.56.522940 +0530,
-50,x,184,0,46,x,1,0.3444483329949435,None,,,,,46,0,184,0,,,,,499.61654987500515,,499.60522774999845,499.61654987500515,500.60415366699453,500.60415366699453,500.60415366699453,500.60415366699453,500.63060679199407,501.603070666999,501.603070666999,501.95437929200125,x,1,0.3444483329949435,None,,,,,,,,,,,,,,,v_p1,"001",2025-09-28_16h03.56.499,Motor sequence Learning task_Recent_Experiment_Tutorial 4_Urvashi Bhansali_AU2320139,,2025.2.0,None,2025-09-28 16h03.56.522940 +0530,
150,v,185,1,46,v,1,0.3504342079977505,None,,,,,46,1,185,1,,,,,501.965815167001,,501.9549247919931,501.965815167001,502.9458984579978,502.9458984579978,502.9458984579978,502.9458984579978,502.9623459580034,503.95298520800134,503.95298520800134,504.3138900000049,v,1,0.3504342079977505,None,,,,,,,,,,,,,,,v_p1,"001",2025-09-28_16h03.56.499,Motor sequence Learning task_Recent_Experiment_Tutorial 4_Urvashi Bhansali_AU2320139,,2025.2.0,None,2025-09-28 16h03.56.522940 +0530,
50,c,186,2,46,c,1,0.30122895901149604,None,,,,,46,2,186,2,,,,,504.3249189170019,,504.31445191700186,504.3249189170019,505.3052844579943,505.3052844579943,505.3052844579943,505.3052844579943,505.34711433299526,506.3122118750034,506.3122118750034,506.62090141700173,c,1,0.30122895901149604,None,,,,,,,,,,,,,,,v_p1,"001",2025-09-28_16h03.56.499,Motor sequence Learning task_Recent_Experiment_Tutorial 4_Urvashi Bhansali_AU2320139,,2025.2.0,None,2025-09-28 16h03.56.522940 +0530,
-150,z,187,3,46,z,1,0.5317078749940265,None,,,,,46,3,187,3,,,,,506.6328683330066,,506.621448417005,506.6328683330066,507.61230491699826,507.61230491699826,507.61230491699826,507.61230491699826,507.6290756249946,508.6120778750046,508.6120778750046,509.14702520800347,z,1,0.5317078749940265,None,,,,,,,,,,,,,,,v_p1,"001",2025-09-28_16h03.56.499,Motor sequence Learning task_Recent_Experiment_Tutorial 4_Urvashi Bhansali_AU2320139,,2025.2.0,None,2025-09-28 16h03.56.522940 +0530,
-50,x,188,0,47,x,1,0.27685012499568984,None,,,,,47,0,188,0,,,,,509.1579637919931,,509.1475480420049,509.1579637919931,510.14564908300235,510.14564908300235,510.14564908300235,510.14564908300235,510.15301350000664,511.14553645800333,511.14553645800333,511.4305818749999,x,1,0.27685012499568984,None,,,,,,,,,,,,,,,v_p1,"001",2025-09-28_16h03.56.499,Motor sequence Learning task_Recent_Experiment_Tutorial 4_Urvashi Bhansali_AU2320139,,2025.2.0,None,2025-09-28 16h03.56.522940 +0530,
150,v,189,1,47,v,1,0.39556812499358784,None,,,,,47,1,189,1,,,,,511.44232458299666,,511.43108733299596,511.44232458299666,512.4296406250069,512.4296406250069,512.4296406250069,512.4296406250069,512.4365584579937,513.4287783330074,513.4287783330074,513.8309272500046,v,1,0.39556812499358784,None,,,,,,,,,,,,,,,v_p1,"001",2025-09-28_16h03.56.499,Motor sequence Learning task_Recent_Experiment_Tutorial 4_Urvashi Bhansali_AU2320139,,2025.2.0,None,2025-09-28 16h03.56.522940 +0530,
50,c,190,2,47,c,1,0.3043274170049699,None,,,,,47,2,190,2,,,,,513.8424087080057,,513.8317340000067,513.8424087080057,514.8289454170008,514.8289454170008,514.8289454170008,514.8289454170008,514.8361017080024,515.8289157499967,515.8289157499967,516.1378267499967,c,1,0.3043274170049699,None,,,,,,,,,,,,,,,v_p1,"001",2025-09-28_16h03.56.499,Motor sequence Learning task_Recent_Experiment_Tutorial 4_Urvashi Bhansali_AU2320139,,2025.2.0,None,2025-09-28 16h03.56.522940 +0530,
-150,z,191,3,47,z,1,0.33000170800369233,None,,,,,47,3,191,3,,,,,516.1488084580051,,516.1383513330074,516.1488084580051,517.1366878330009,517.1366878330009,517.1366878330009,517.1366878330009,517.1456046670064,518.1370753749943,518.1370753749943,518.4712107079977,z,1,0.33000170800369233,None,,,,,,,,,,,,,,,v_p1,"001",2025-09-28_16h03.56.499,Motor sequence Learning task_Recent_Experiment_Tutorial 4_Urvashi Bhansali_AU2320139,,2025.2.0,None,2025-09-28 16h03.56.522940 +0530,
-50,x,192,0,48,x,1,0.35131362499669194,None,,,,,48,0,192,0,,,,,518.4829743750015,,518.4719600420067,518.4829743750015,519.470316417006,519.470316417006,519.470316417006,519.470316417006,519.4790559999965,520.4698287500069,520.4698287500069,520.8306158329942,x,1,0.35131362499669194,None,,,,,,,,,,,,,,,v_p1,"001",2025-09-28_16h03.56.499,Motor sequence Learning task_Recent_Experiment_Tutorial 4_Urvashi Bhansali_AU2320139,,2025.2.0,None,2025-09-28 16h03.56.522940 +0530,
150,v,193,1,48,v,1,0.3342296670016367,None,,,,,48,1,193,1,,,,,520.8403318750061,,520.831126582998,520.8403318750061,521.8211378749984,521.8211378749984,521.8211378749984,521.8211378749984,521.8637213750044,522.8288392499962,522.8288392499962,523.1712298750062,v,1,0.3342296670016367,None,,,,,,,,,,,,,,,v_p1,"001",2025-09-28_16h03.56.499,Motor sequence Learning task_Recent_Experiment_Tutorial 4_Urvashi Bhansali_AU2320139,,2025.2.0,None,2025-09-28 16h03.56.522940 +0530,
50,c,194,2,48,c,1,0.4054591660096776,None,,,,,48,2,194,2,,,,,523.1826577920001,,523.1717718750006,523.1826577920001,524.1804871670029,524.1804871670029,524.1804871670029,524.1804871670029,524.1872887500067,525.170589375004,525.170589375004,525.5805582500034,c,1,0.4054591660096776,None,,,,,,,,,,,,,,,v_p1,"001",2025-09-28_16h03.56.499,Motor sequence Learning task_Recent_Experiment_Tutorial 4_Urvashi Bhansali_AU2320139,,2025.2.0,None,2025-09-28 16h03.56.522940 +0530,
-150,z,195,3,48,z,1,0.7510130839946214,None,,,,,48,3,195,3,,,,,525.5912758750055,,525.5811080419953,525.5912758750055,526.5791422500042,526.5791422500042,526.5791422500042,526.5791422500042,526.586702792003,527.5788448749954,527.5788448749954,528.3378572499932,z,1,0.7510130839946214,None,,,,,,,,,,,,,,,v_p1,"001",2025-09-28_16h03.56.499,Motor sequence Learning task_Recent_Experiment_Tutorial 4_Urvashi Bhansali_AU2320139,,2025.2.0,None,2025-09-28 16h03.56.522940 +0530,
-50,x,196,0,49,x,1,0.9161095409945119,None,,,,,49,0,196,0,,,,,528.3492506250041,,528.3384081249969,528.3492506250041,529.3369203330076,529.3369203330076,529.3369203330076,529.3369203330076,529.3458282079955,530.3367312079936,530.3367312079936,531.2548707079986,x,1,0.9161095409945119,None,,,,,,,,,,,,,,,v_p1,"001",2025-09-28_16h03.56.499,Motor sequence Learning task_Recent_Experiment_Tutorial 4_Urvashi Bhansali_AU2320139,,2025.2.0,None,2025-09-28 16h03.56.522940 +0530,
150,v,197,1,49,v,1,0.3993558340007439,None,,,,,49,1,197,1,,,,,531.2664393750019,,531.2556174170022,531.2664393750019,532.253820583006,532.253820583006,532.253820583006,532.253820583006,532.2624143330031,533.2544339169981,533.2544339169981,533.6638154170068,v,1,0.3993558340007439,None,,,,,,,,,,,,,,,v_p1,"001",2025-09-28_16h03.56.499,Motor sequence Learning task_Recent_Experiment_Tutorial 4_Urvashi Bhansali_AU2320139,,2025.2.0,None,2025-09-28 16h03.56.522940 +0530,
50,c,198,2,49,c,1,0.8654683750064578,None,,,,,49,2,198,2,,,,,533.674755,,533.6643342500029,533.674755,534.6622167080059,534.6622167080059,534.6622167080059,534.6622167080059,534.6696922919946,535.6623231249978,535.6623231249978,536.5309024580056,c,1,0.8654683750064578,None,,,,,,,,,,,,,,,v_p1,"001",2025-09-28_16h03.56.499,Motor sequence Learning task_Recent_Experiment_Tutorial 4_Urvashi Bhansali_AU2320139,,2025.2.0,None,2025-09-28 16h03.56.522940 +0530,
-150,z,199,3,49,z,1,0.34992316699936055,None,,,,,49,3,199,3,,,,,536.5419742079976,,536.5316326669999,536.5419742079976,537.5289113750041,537.5289113750041,537.5289113750041,537.5289113750041,537.5367949170031,538.5288603329973,538.5288603329973,538.880730667006,z,1,0.34992316699936055,None,,,,,,,,,,,,,,,v_p1,"001",2025-09-28_16h03.56.499,Motor sequence Learning task_Recent_Experiment_Tutorial 4_Urvashi Bhansali_AU2320139,,2025.2.0,None,2025-09-28 16h03.56.522940 +0530,
-50,x,0,0,0,,,,,x,1,2.2418753750098404,None,,,,,0,0,0,0,538.9391144999972,,,,,,,,,,,,,,,,538.9299600420054,538.9391144999972,539.8745391249977,539.8745391249977,539.8745391249977,539.8745391249977,539.9360355829995,540.8788176670059,540.8788176670059,543.1302435420075,x,1,2.2418753750098404,None,v_p1,"001",2025-09-28_16h03.56.499,Motor sequence Learning task_Recent_Experiment_Tutorial 4_Urvashi Bhansali_AU2320139,,2025.2.0,None,2025-09-28 16h03.56.522940 +0530,
-150,z,1,1,0,,,,,z,1,1.5177418329985812,None,,,,,0,1,1,3,543.1405864169938,,,,,,,,,,,,,,,,543.1308307500003,543.1405864169938,544.1288665419997,544.1288665419997,544.1288665419997,544.1288665419997,544.1363692080049,545.128792042,545.128792042,546.6544840419956,z,1,1.5177418329985812,None,v_p1,"001",2025-09-28_16h03.56.499,Motor sequence Learning task_Recent_Experiment_Tutorial 4_Urvashi Bhansali_AU2320139,,2025.2.0,None,2025-09-28 16h03.56.522940 +0530,
150,v,2,2,0,,,,,v,1,1.5451371660019504,None,,,,,0,2,2,1,546.6663239579939,,,,,,,,,,,,,,,,546.6550250419969,546.6663239579939,547.6530686250044,547.6530686250044,547.6530686250044,547.6530686250044,547.6624095000006,548.6533283750032,548.6533283750032,550.204370374995,v,1,1.5451371660019504,None,v_p1,"001",2025-09-28_16h03.56.499,Motor sequence Learning task_Recent_Experiment_Tutorial 4_Urvashi Bhansali_AU2320139,,2025.2.0,None,2025-09-28 16h03.56.522940 +0530,
50,c,3,3,0,,,,,c,1,1.3444711670017568,None,,,,,0,3,3,2,550.2165040830005,,,,,,,,,,,,,,,,550.2049242079956,550.2165040830005,551.2033735830046,551.2033735830046,551.2033735830046,551.2033735830046,551.2126255829935,552.2039292499976,552.2039292499976,553.5546394999983,c,1,1.3444711670017568,None,v_p1,"001",2025-09-28_16h03.56.499,Motor sequence Learning task_Recent_Experiment_Tutorial 4_Urvashi Bhansali_AU2320139,,2025.2.0,None,2025-09-28 16h03.56.522940 +0530,
-150,z,4,0,1,,,,,z,1,0.949002625013236,None,,,,,1,0,4,3,553.5666799580067,,,,,,,,,,,,,,,,553.555449624997,553.5666799580067,554.5532065000007,554.5532065000007,554.5532065000007,554.5532065000007,554.5627905000001,555.5532530420023,555.5532530420023,556.5043504170026,z,1,0.949002625013236,None,v_p1,"001",2025-09-28_16h03.56.499,Motor sequence Learning task_Recent_Experiment_Tutorial 4_Urvashi Bhansali_AU2320139,,2025.2.0,None,2025-09-28 16h03.56.522940 +0530,
-50,x,5,1,1,,,,,x,1,3.618649334006477,None,,,,,1,1,5,0,556.5159028750058,,,,,,,,,,,,,,,,556.504886374998,556.5159028750058,557.5032025419932,557.5032025419932,557.5032025419932,557.5032025419932,557.5126454169949,558.5035526669963,558.5035526669963,562.1305968749948,x,1,3.618649334006477,None,v_p1,"001",2025-09-28_16h03.56.499,Motor sequence Learning task_Recent_Experiment_Tutorial 4_Urvashi Bhansali_AU2320139,,2025.2.0,None,2025-09-28 16h03.56.522940 +0530,
50,c,6,2,1,,,,,c,1,0.938230667001335,None,,,,,1,2,6,2,562.1421595419961,,,,,,,,,,,,,,,,562.1311715000047,562.1421595419961,563.1208759169967,563.1208759169967,563.1208759169967,563.1208759169967,563.1366977080033,564.128793625001,564.128793625001,565.0723268750007,c,1,0.938230667001335,None,v_p1,"001",2025-09-28_16h03.56.499,Motor sequence Learning task_Recent_Experiment_Tutorial 4_Urvashi Bhansali_AU2320139,,2025.2.0,None,2025-09-28 16h03.56.522940 +0530,
150,v,7,3,1,,,,,v,1,0.9198767079942627,None,,,,,1,3,7,1,565.083589832997,,,,,,,,,,,,,,,,565.0730946669937,565.083589832997,566.0704509579955,566.0704509579955,566.0704509579955,566.0704509579955,566.079797792001,567.0701371670002,567.0701371670002,567.9974612079968,v,1,0.9198767079942627,None,v_p1,"001",2025-09-28_16h03.56.499,Motor sequence Learning task_Recent_Experiment_Tutorial 4_Urvashi Bhansali_AU2320139,,2025.2.0,None,2025-09-28 16h03.56.522940 +0530,
50,c,8,0,2,,,,,c,1,2.2270679580105934,None,,,,,2,0,8,2,568.0092082079937,,,,,,,,,,,,,,,,567.9980425829999,568.0092082079937,568.9960588329996,568.9960588329996,568.9960588329996,568.9960588329996,569.003444957998,569.9953625420021,569.9953625420021,572.2307263749972,c,1,2.2270679580105934,None,v_p1,"001",2025-09-28_16h03.56.499,Motor sequence Learning task_Recent_Experiment_Tutorial 4_Urvashi Bhansali_AU2320139,,2025.2.0,None,2025-09-28 16h03.56.522940 +0530,
-150,z,9,1,2,,,,,z,1,0.9591437909984961,None,,,,,2,1,9,3,572.2426537080028,,,,,,,,,,,,,,,,572.2314489169949,572.2426537080028,573.2288400830003,573.2288400830003,573.2288400830003,573.2288400830003,573.2363662499993,574.2206852920062,574.2206852920062,575.187401874995,z,1,0.9591437909984961,None,v_p1,"001",2025-09-28_16h03.56.499,Motor sequence Learning task_Recent_Experiment_Tutorial 4_Urvashi Bhansali_AU2320139,,2025.2.0,None,2025-09-28 16h03.56.522940 +0530,
-50,x,10,2,2,,,,,x,1,0.38332216600247193,None,,,,,2,2,10,0,575.1991669999989,,,,,,,,,,,,,,,,575.187943500001,575.1991669999989,576.1787899170013,576.1787899170013,576.1787899170013,576.1787899170013,576.1960075829993,577.1864634999947,577.1864634999947,577.571427457995,x,1,0.38332216600247193,None,v_p1,"001",2025-09-28_16h03.56.499,Motor sequence Learning task_Recent_Experiment_Tutorial 4_Urvashi Bhansali_AU2320139,,2025.2.0,None,2025-09-28 16h03.56.522940 +0530,
150,v,11,3,2,,,,,v,1,0.8821282920107478,None,,,,,2,3,11,1,577.5829429580044,,,,,,,,,,,,,,,,577.5719755000027,577.5829429580044,578.5702538750047,578.5702538750047,578.5702538750047,578.5702538750047,578.579435874999,579.5705017500004,579.5705017500004,580.4545641669974,v,1,0.8821282920107478,None,v_p1,"001",2025-09-28_16h03.56.499,Motor sequence Learning task_Recent_Experiment_Tutorial 4_Urvashi Bhansali_AU2320139,,2025.2.0,None,2025-09-28 16h03.56.522940 +0530,
-50,x,12,0,3,,,,,x,1,1.459673749996,None,,,,,3,0,12,0,580.4659603750042,,,,,,,,,,,,,,,,580.4550817080017,580.4659603750042,581.4532029580005,581.4532029580005,581.4532029580005,581.4532029580005,581.4626119169989,582.4539390419959,582.4539390419959,583.9219087920064,x,1,1.459673749996,None,v_p1,"001",2025-09-28_16h03.56.499,Motor sequence Learning task_Recent_Experiment_Tutorial 4_Urvashi Bhansali_AU2320139,,2025.2.0,None,2025-09-28 16h03.56.522940 +0530,
50,c,13,1,3,,,,,c,1,1.1194016249937704,None,,,,,3,1,13,2,583.9325906669983,,,,,,,,,,,,,,,,583.9224269169936,583.9325906669983,584.919767542,584.919767542,584.919767542,584.919767542,584.9287914580054,585.9202258330042,585.9202258330042,587.0482647080062,c,1,1.1194016249937704,None,v_p1,"001",2025-09-28_16h03.56.499,Motor sequence Learning task_Recent_Experiment_Tutorial 4_Urvashi Bhansali_AU2320139,,2025.2.0,None,2025-09-28 16h03.56.522940 +0530,
-150,z,14,2,3,,,,,z,1,0.9001947920041857,None,,,,,3,2,14,3,587.059799833005,,,,,,,,,,,,,,,,587.048810332999,587.059799833005,588.0455424999964,588.0455424999964,588.0455424999964,588.0455424999964,588.0528118329967,589.0453530829982,589.0453530829982,589.948592707995,z,1,0.9001947920041857,None,v_p1,"001",2025-09-28_16h03.56.499,Motor sequence Learning task_Recent_Experiment_Tutorial 4_Urvashi Bhansali_AU2320139,,2025.2.0,None,2025-09-28 16h03.56.522940 +0530,
150,v,15,3,3,,,,,v,1,1.4310478339903057,None,,,,,3,3,15,1,589.9605592080043,,,,,,,,,,,,,,,,589.949410250003,589.9605592080043,590.9461109580006,590.9461109580006,590.9461109580006,590.9461109580006,590.9529609580059,591.9453810830018,591.9453810830018,593.3806016669987,v,1,1.4310478339903057,None,v_p1,"001",2025-09-28_16h03.56.499,Motor sequence Learning task_Recent_Experiment_Tutorial 4_Urvashi Bhansali_AU2320139,,2025.2.0,None,2025-09-28 16h03.56.522940 +0530,
150,v,16,0,4,,,,,v,1,2.090670833000331,None,,,,,4,0,16,1,593.3923049580044,,,,,,,,,,,,,,,,593.3811867920012,593.3923049580044,594.3787424579932,594.3787424579932,594.3787424579932,594.3787424579932,594.3860943750042,595.3786273750011,595.3786273750011,597.4713993750047,v,1,2.090670833000331,None,v_p1,"001",2025-09-28_16h03.56.499,Motor sequence Learning task_Recent_Experiment_Tutorial 4_Urvashi Bhansali_AU2320139,,2025.2.0,None,2025-09-28 16h03.56.522940 +0530,
-50,x,17,1,4,,,,,x,1,2.119964458994218,None,,,,,4,1,17,0,597.4827132500068,,,,,,,,,,,,,,,,597.4719375830027,597.4827132500068,598.4619732919964,598.4619732919964,598.4619732919964,598.4619732919964,598.4798091249977,599.4702618330048,599.4702618330048,601.5979820829962,x,1,2.119964458994218,None,v_p1,"001",2025-09-28_16h03.56.499,Motor sequence Learning task_Recent_Experiment_Tutorial 4_Urvashi Bhansali_AU2320139,,2025.2.0,None,2025-09-28 16h03.56.522940 +0530,
50,c,18,2,4,,,,,c,1,1.0347664169967175,None,,,,,4,2,18,2,601.6095797919988,,,,,,,,,,,,,,,,601.598583250001,601.6095797919988,602.5954053750029,602.5954053750029,602.5954053750029,602.5954053750029,602.6026927500061,603.5953227919963,603.5953227919963,604.6377931669995,c,1,1.0347664169967175,None,v_p1,"001",2025-09-28_16h03.56.499,Motor sequence Learning task_Recent_Experiment_Tutorial 4_Urvashi Bhansali_AU2320139,,2025.2.0,None,2025-09-28 16h03.56.522940 +0530,
-150,z,19,3,4,,,,,z,1,1.375751500003389,None,,,,,4,3,19,3,604.6492731250037,,,,,,,,,,,,,,,,604.6383284579933,604.6492731250037,605.6371051250026,605.6371051250026,605.6371051250026,605.6371051250026,605.6460947500018,606.6363508750073,606.6363508750073,608.0137502080033,z,1,1.375751500003389,None,v_p1,"001",2025-09-28_16h03.56.499,Motor sequence Learning task_Recent_Experiment_Tutorial 4_Urvashi Bhansali_AU2320139,,2025.2.0,None,2025-09-28 16h03.56.522940 +0530,
-50,x,20,0,5,,,,,x,1,1.0569180419988697,None,,,,,5,0,20,0,608.025388916998,,,,,,,,,,,,,,,,608.0144627499976,608.025388916998,609.0041430830024,609.0041430830024,609.0041430830024,609.0041430830024,609.0205607499956,610.0121118329989,610.0121118329989,611.0706050830049,x,1,1.0569180419988697,None,v_p1,"001",2025-09-28_16h03.56.499,Motor sequence Learning task_Recent_Experiment_Tutorial 4_Urvashi Bhansali_AU2320139,,2025.2.0,None,2025-09-28 16h03.56.522940 +0530,
150,v,21,1,5,,,,,v,1,1.2069306250050431,None,,,,,5,1,21,1,611.0826907080045,,,,,,,,,,,,,,,,611.0711787920009,611.0826907080045,612.0618917079992,612.0618917079992,612.0618917079992,612.0618917079992,612.079674499997,613.0619932080008,613.0619932080008,614.2707511670014,v,1,1.2069306250050431,None,v_p1,"001",2025-09-28_16h03.56.499,Motor sequence Learning task_Recent_Experiment_Tutorial 4_Urvashi Bhansali_AU2320139,,2025.2.0,None,2025-09-28 16h03.56.522940 +0530,
50,c,22,2,5,,,,,c,1,1.8607314999972004,None,,,,,5,2,22,2,614.2833075829985,,,,,,,,,,,,,,,,614.2712862500048,614.2833075829985,615.2703983749961,615.2703983749961,615.2703983749961,615.2703983749961,615.2786747500068,616.2621288749942,616.2621288749942,618.1302705830021,c,1,1.8607314999972004,None,v_p1,"001",2025-09-28_16h03.56.499,Motor sequence Learning task_Recent_Experiment_Tutorial 4_Urvashi Bhansali_AU2320139,,2025.2.0,None,2025-09-28 16h03.56.522940 +0530,
-150,z,23,3,5,,,,,z,1,0.8613063330121804,None,,,,,5,3,23,3,618.1420377500035,,,,,,,,,,,,,,,,618.1308123329945,618.1420377500035,619.1285713749967,619.1285713749967,619.1285713749967,619.1285713749967,619.1358223749994,620.1285662919981,620.1285662919981,620.9970035000006,z,1,0.8613063330121804,None,v_p1,"001",2025-09-28_16h03.56.499,Motor sequence Learning task_Recent_Experiment_Tutorial 4_Urvashi Bhansali_AU2320139,,2025.2.0,None,2025-09-28 16h03.56.522940 +0530,
-50,x,24,0,6,,,,,x,1,0.896320542000467,None,,,,,6,0,24,0,621.0090121670073,,,,,,,,,,,,,,,,620.997531083005,621.0090121670073,621.9867080830008,621.9867080830008,621.9867080830008,621.9867080830008,622.0027877499961,622.9953769999993,622.9953769999993,623.8976247079991,x,1,0.896320542000467,None,v_p1,"001",2025-09-28_16h03.56.499,Motor sequence Learning task_Recent_Experiment_Tutorial 4_Urvashi Bhansali_AU2320139,,2025.2.0,None,2025-09-28 16h03.56.522940 +0530,
-150,z,25,1,6,,,,,z,1,0.8402487919956911,None,,,,,6,1,25,3,623.9092500830011,,,,,,,,,,,,,,,,623.8982682500064,623.9092500830011,624.8952419169946,624.8952419169946,624.8952419169946,624.8952419169946,624.9029868750076,625.8954284579959,625.8954284579959,626.7373418329953,z,1,0.8402487919956911,None,v_p1,"001",2025-09-28_16h03.56.499,Motor sequence Learning task_Recent_Experiment_Tutorial 4_Urvashi Bhansali_AU2320139,,2025.2.0,None,2025-09-28 16h03.56.522940 +0530,
50,c,26,2,6,,,,,c,1,3.242241959000239,None,,,,,6,2,26,2,626.749347207995,,,,,,,,,,,,,,,,626.7380374579952,626.749347207995,627.7369624580024,627.7369624580024,627.7369624580024,627.7369624580024,627.7454442080052,628.7367633329995,628.7367633329995,631.9876076670043,c,1,3.242241959000239,None,v_p1,"001",2025-09-28_16h03.56.499,Motor sequence Learning task_Recent_Experiment_Tutorial 4_Urvashi Bhansali_AU2320139,,2025.2.0,None,2025-09-28 16h03.56.522940 +0530,
150,v,27,3,6,,,,,v,1,0.8022306250059046,None,,,,,6,3,27,1,631.9996547079936,,,,,,,,,,,,,,,,631.9881672500051,631.9996547079936,632.9785827500018,632.9785827500018,632.9785827500018,632.9785827500018,632.9952799169987,633.9862636250036,633.9862636250036,634.7968602080073,v,1,0.8022306250059046,None,v_p1,"001",2025-09-28_16h03.56.499,Motor sequence Learning task_Recent_Experiment_Tutorial 4_Urvashi Bhansali_AU2320139,,2025.2.0,None,2025-09-28 16h03.56.522940 +0530,
-150,z,28,0,7,,,,,z,1,0.9994810829957714,None,,,,,7,0,28,3,634.8085945000057,,,,,,,,,,,,,,,,634.7974236250011,634.8085945000057,635.795186000003,635.795186000003,635.795186000003,635.795186000003,635.8025779169984,636.796857082998,636.796857082998,637.8040904579975,z,1,0.9994810829957714,None,v_p1,"001",2025-09-28_16h03.56.499,Motor sequence Learning task_Recent_Experiment_Tutorial 4_Urvashi Bhansali_AU2320139,,2025.2.0,None,2025-09-28 16h03.56.522940 +0530,
50,c,29,1,7,,,,,c,1,1.0266862499993294,None,,,,,7,1,29,2,637.8156887499936,,,,,,,,,,,,,,,,637.8046601249953,637.8156887499936,638.7963549999986,638.7963549999986,638.7963549999986,638.7963549999986,638.8122309580067,639.8135531250009,639.8135531250009,640.8476951670018,c,1,1.0266862499993294,None,v_p1,"001",2025-09-28_16h03.56.499,Motor sequence Learning task_Recent_Experiment_Tutorial 4_Urvashi Bhansali_AU2320139,,2025.2.0,None,2025-09-28 16h03.56.522940 +0530,
-50,x,30,2,7,,,,,x,1,0.6759161249938188,None,,,,,7,2,30,0,640.8594935000001,,,,,,,,,,,,,,,,640.8484587499988,640.8594935000001,641.8452467500028,641.8452467500028,641.8452467500028,641.8452467500028,641.853048332996,642.8451791669941,642.8451791669941,643.5311726670043,x,1,0.6759161249938188,None,v_p1,"001",2025-09-28_16h03.56.499,Motor sequence Learning task_Recent_Experiment_Tutorial 4_Urvashi Bhansali_AU2320139,,2025.2.0,None,2025-09-28 16h03.56.522940 +0530,
150,v,31,3,7,,,,,v,1,0.34770262500387616,None,,,,,7,3,31,1,643.5433395,,,,,,,,,,,,,,,,643.5319937500026,643.5433395,644.5285209580034,644.5285209580034,644.5285209580034,644.5285209580034,644.5362721669953,645.528524333,645.528524333,645.8801441670075,v,1,0.34770262500387616,None,v_p1,"001",2025-09-28_16h03.56.499,Motor sequence Learning task_Recent_Experiment_Tutorial 4_Urvashi Bhansali_AU2320139,,2025.2.0,None,2025-09-28 16h03.56.522940 +0530,
-50,x,32,0,8,,,,,x,1,0.9803747090045363,None,,,,,8,0,32,0,645.8916799169965,,,,,,,,,,,,,,,,645.8806718330015,645.8916799169965,646.878723707996,646.878723707996,646.878723707996,646.878723707996,646.8862025419949,647.8707193750015,647.8707193750015,648.8536837080028,x,1,0.9803747090045363,None,v_p1,"001",2025-09-28_16h03.56.499,Motor sequence Learning task_Recent_Experiment_Tutorial 4_Urvashi Bhansali_AU2320139,,2025.2.0,None,2025-09-28 16h03.56.522940 +0530,
50,c,33,1,8,,,,,c,1,0.9408580000017537,None,,,,,8,1,33,2,648.8664013749949,,,,,,,,,,,,,,,,648.8541261250066,648.8664013749949,649.8456042920006,649.8456042920006,649.8456042920006,649.8456042920006,649.8618769169989,650.8451704170002,650.8451704170002,651.7966986670071,c,1,0.9408580000017537,None,v_p1,"001",2025-09-28_16h03.56.499,Motor sequence Learning task_Recent_Experiment_Tutorial 4_Urvashi Bhansali_AU2320139,,2025.2.0,None,2025-09-28 16h03.56.522940 +0530,
150,v,34,2,8,,,,,v,1,0.8907785839983262,None,,,,,8,2,34,1,651.8057696670003,,,,,,,,,,,,,,,,651.7971525830071,651.8057696670003,652.7960569169954,652.7960569169954,652.7960569169954,652.7960569169954,652.8030348750035,653.7952242500032,653.7952242500032,654.6962647080072,v,1,0.8907785839983262,None,v_p1,"001",2025-09-28_16h03.56.499,Motor sequence Learning task_Recent_Experiment_Tutorial 4_Urvashi Bhansali_AU2320139,,2025.2.0,None,2025-09-28 16h03.56.522940 +0530,
-150,z,35,3,8,,,,,z,1,0.3070135829912033,None,,,,,8,3,35,3,654.7042286670039,,,,,,,,,,,,,,,,654.6966735000024,654.7042286670039,655.6965632500069,655.6965632500069,655.6965632500069,655.6965632500069,655.7033808330016,656.6869287080044,656.6869287080044,656.9976048329991,z,1,0.3070135829912033,None,v_p1,"001",2025-09-28_16h03.56.499,Motor sequence Learning task_Recent_Experiment_Tutorial 4_Urvashi Bhansali_AU2320139,,2025.2.0,None,2025-09-28 16h03.56.522940 +0530,
50,c,36,0,9,,,,,c,1,0.9254315419966588,None,,,,,9,0,36,2,657.007726166994,,,,,,,,,,,,,,,,656.9982638329966,657.007726166994,657.995687667004,657.995687667004,657.995687667004,657.995687667004,658.0030333750037,658.9953882499976,658.9953882499976,659.9302065420052,c,1,0.9254315419966588,None,v_p1,"001",2025-09-28_16h03.56.499,Motor sequence Learning task_Recent_Experiment_Tutorial 4_Urvashi Bhansali_AU2320139,,2025.2.0,None,2025-09-28 16h03.56.522940 +0530,
-50,x,37,1,9,,,,,x,1,0.3673856670066016,None,,,,,9,1,37,0,659.9417262920033,,,,,,,,,,,,,,,,659.9308282080019,659.9417262920033,660.9283269580046,660.9283269580046,660.9283269580046,660.9283269580046,660.9343091250048,661.9284449169936,661.9284449169936,662.3029578330024,x,1,0.3673856670066016,None,v_p1,"001",2025-09-28_16h03.56.499,Motor sequence Learning task_Recent_Experiment_Tutorial 4_Urvashi Bhansali_AU2320139,,2025.2.0,None,2025-09-28 16h03.56.522940 +0530,
150,v,38,2,9,,,,,v,1,1.0110752920008963,None,,,,,9,2,38,1,662.3118572920066,,,,,,,,,,,,,,,,662.3033006250043,662.3118572920066,663.2959107920033,663.2959107920033,663.2959107920033,663.2959107920033,663.302958041997,664.2955794169975,664.2955794169975,665.3145915420027,v,1,1.0110752920008963,None,v_p1,"001",2025-09-28_16h03.56.499,Motor sequence Learning task_Recent_Experiment_Tutorial 4_Urvashi Bhansali_AU2320139,,2025.2.0,None,2025-09-28 16h03.56.522940 +0530,
-150,z,39,3,9,,,,,z,1,0.6877688340027817,None,,,,,9,3,39,3,665.3255722080066,,,,,,,,,,,,,,,,665.3151839170023,665.3255722080066,666.3122087079973,666.3122087079973,666.3122087079973,666.3122087079973,666.3197567500029,667.3118484580045,667.3118484580045,668.0037172080047,z,1,0.6877688340027817,None,v_p1,"001",2025-09-28_16h03.56.499,Motor sequence Learning task_Recent_Experiment_Tutorial 4_Urvashi Bhansali_AU2320139,,2025.2.0,None,2025-09-28 16h03.56.522940 +0530,
150,v,40,0,10,,,,,v,1,1.092364833006286,None,,,,,10,0,40,1,668.015968000007,,,,,,,,,,,,,,,,668.0042424169951,668.015968000007,669.0038016670005,669.0038016670005,669.0038016670005,669.0038016670005,669.0300060000009,670.0027595830034,670.0027595830034,671.096815833007,v,1,1.092364833006286,None,v_p1,"001",2025-09-28_16h03.56.499,Motor sequence Learning task_Recent_Experiment_Tutorial 4_Urvashi Bhansali_AU2320139,,2025.2.0,None,2025-09-28 16h03.56.522940 +0530,
-50,x,41,1,10,,,,,x,1,0.6812569579924457,None,,,,,10,1,41,0,671.1083303750056,,,,,,,,,,,,,,,,671.0973471250036,671.1083303750056,672.0952049579937,672.0952049579937,672.0952049579937,672.0952049579937,672.1029591249971,673.0952446250012,673.0952446250012,673.7801014580036,x,1,0.6812569579924457,None,v_p1,"001",2025-09-28_16h03.56.499,Motor sequence Learning task_Recent_Experiment_Tutorial 4_Urvashi Bhansali_AU2320139,,2025.2.0,None,2025-09-28 16h03.56.522940 +0530,
50,c,42,2,10,,,,,c,1,0.2966336660028901,None,,,,,10,2,42,2,673.7898966250068,,,,,,,,,,,,,,,,673.7806195000012,673.7898966250068,674.778470499994,674.778470499994,674.778470499994,674.778470499994,674.785745125002,675.7789067080012,675.7789067080012,676.0799257080071,c,1,0.2966336660028901,None,v_p1,"001",2025-09-28_16h03.56.499,Motor sequence Learning task_Recent_Experiment_Tutorial 4_Urvashi Bhansali_AU2320139,,2025.2.0,None,2025-09-28 16h03.56.522940 +0530,
-150,z,43,3,10,,,,,z,1,0.8624209999979939,None,,,,,10,3,43,3,676.0901087079983,,,,,,,,,,,,,,,,676.0804455420002,676.0901087079983,677.0699333329976,677.0699333329976,677.0699333329976,677.0699333329976,677.0859829580004,678.0700176249957,678.0700176249957,678.9374234580027,z,1,0.8624209999979939,None,v_p1,"001",2025-09-28_16h03.56.499,Motor sequence Learning task_Recent_Experiment_Tutorial 4_Urvashi Bhansali_AU2320139,,2025.2.0,None,2025-09-28 16h03.56.522940 +0530,
-50,x,44,0,11,,,,,x,1,1.2423240420030197,None,,,,,11,0,44,0,678.9636313749943,,,,,,,,,,,,,,,,678.9379327500064,678.9636313749943,679.9363507920061,679.9363507920061,679.9363507920061,679.9363507920061,679.9527457920049,680.9359512920055,680.9359512920055,682.1799387920037,x,1,1.2423240420030197,None,v_p1,"001",2025-09-28_16h03.56.499,Motor sequence Learning task_Recent_Experiment_Tutorial 4_Urvashi Bhansali_AU2320139,,2025.2.0,None,2025-09-28 16h03.56.522940 +0530,
-150,z,45,1,11,,,,,z,1,0.8225585839973064,None,,,,,11,1,45,3,682.1901901670062,,,,,,,,,,,,,,,,682.1804572919937,682.1901901670062,683.1784299169958,683.1784299169958,683.1784299169958,683.1784299169958,683.1863990830025,684.1786202499934,684.1786202499934,685.0046189580025,z,1,0.8225585839973064,None,v_p1,"001",2025-09-28_16h03.56.499,Motor sequence Learning task_Recent_Experiment_Tutorial 4_Urvashi Bhansali_AU2320139,,2025.2.0,None,2025-09-28 16h03.56.522940 +0530,
50,c,46,2,11,,,,,c,1,1.070042541003204,None,,,,,11,2,46,2,685.0130321250035,,,,,,,,,,,,,,,,685.0050900420028,685.0130321250035,686.0038147500018,686.0038147500018,686.0038147500018,686.0038147500018,686.0038147500018,687.0030542500026,687.0030542500026,688.0979296669975,c,1,1.070042541003204,None,v_p1,"001",2025-09-28_16h03.56.499,Motor sequence Learning task_Recent_Experiment_Tutorial 4_Urvashi Bhansali_AU2320139,,2025.2.0,None,2025-09-28 16h03.56.522940 +0530,
150,v,47,3,11,,,,,v,1,1.0498970829939935,None,,,,,11,3,47,1,688.1135551250045,,,,,,,,,,,,,,,,688.098491333003,688.1135551250045,689.0953080829931,689.0953080829931,689.0953080829931,689.0953080829931,689.1121050420043,690.0951853330043,690.0951853330043,691.1468857500004,v,1,1.0498970829939935,None,v_p1,"001",2025-09-28_16h03.56.499,Motor sequence Learning task_Recent_Experiment_Tutorial 4_Urvashi Bhansali_AU2320139,,2025.2.0,None,2025-09-28 16h03.56.522940 +0530,
50,c,48,0,12,,,,,c,1,0.7598388339974917,None,,,,,12,0,48,2,691.1571649580001,,,,,,,,,,,,,,,,691.1474687500013,691.1571649580001,692.1453040000051,692.1453040000051,692.1453040000051,692.1453040000051,692.1528405419958,693.1452256670018,693.1452256670018,693.9135306670069,c,1,0.7598388339974917,None,v_p1,"001",2025-09-28_16h03.56.499,Motor sequence Learning task_Recent_Experiment_Tutorial 4_Urvashi Bhansali_AU2320139,,2025.2.0,None,2025-09-28 16h03.56.522940 +0530,
150,v,49,1,12,,,,,v,1,1.6349541249946924,None,,,,,12,1,49,1,693.9239801670046,,,,,,,,,,,,,,,,693.9141271669941,693.9239801670046,694.9032860830048,694.9032860830048,694.9032860830048,694.9032860830048,694.9193230829987,695.9118728750036,695.9118728750036,697.5539025830076,v,1,1.6349541249946924,None,v_p1,"001",2025-09-28_16h03.56.499,Motor sequence Learning task_Recent_Experiment_Tutorial 4_Urvashi Bhansali_AU2320139,,2025.2.0,None,2025-09-28 16h03.56.522940 +0530,
-150,z,50,2,12,,,,,z,1,0.7519780410075327,None,,,,,12,2,50,3,697.5664289999986,,,,,,,,,,,,,,,,697.5545027079934,697.5664289999986,698.5454422500043,698.5454422500043,698.5454422500043,698.5454422500043,698.5620691670047,699.5527341669949,699.5527341669949,700.3140306249988,z,1,0.7519780410075327,None,v_p1,"001",2025-09-28_16h03.56.499,Motor sequence Learning task_Recent_Experiment_Tutorial 4_Urvashi Bhansali_AU2320139,,2025.2.0,None,2025-09-28 16h03.56.522940 +0530,
-50,x,51,3,12,,,,,x,1,0.7911283749999711,None,,,,,12,3,51,0,700.3266563329962,,,,,,,,,,,,,,,,700.3147607080027,700.3266563329962,701.3117777080042,701.3117777080042,701.3117777080042,701.3117777080042,701.3190723750013,702.3117599999969,702.3117599999969,703.1148376670026,x,1,0.7911283749999711,None,v_p1,"001",2025-09-28_16h03.56.499,Motor sequence Learning task_Recent_Experiment_Tutorial 4_Urvashi Bhansali_AU2320139,,2025.2.0,None,2025-09-28 16h03.56.522940 +0530,
150,v,52,0,13,,,,,v,1,0.9907908750028582,None,,,,,13,0,52,1,703.1265928329958,,,,,,,,,,,,,,,,703.1154866669967,703.1265928329958,704.111734207996,704.111734207996,704.111734207996,704.111734207996,704.1190803750069,705.1119457919995,705.1119457919995,706.1050779999932,v,1,0.9907908750028582,None,v_p1,"001",2025-09-28_16h03.56.499,Motor sequence Learning task_Recent_Experiment_Tutorial 4_Urvashi Bhansali_AU2320139,,2025.2.0,None,2025-09-28 16h03.56.522940 +0530,
50,c,53,1,13,,,,,c,1,0.9795880420133471,None,,,,,13,1,53,2,706.1163511250052,,,,,,,,,,,,,,,,706.1058024999948,706.1163511250052,707.1035659170011,707.1035659170011,707.1035659170011,707.1035659170011,707.1121492499951,708.1030663749989,708.1030663749989,709.0873998330062,c,1,0.9795880420133471,None,v_p1,"001",2025-09-28_16h03.56.499,Motor sequence Learning task_Recent_Experiment_Tutorial 4_Urvashi Bhansali_AU2320139,,2025.2.0,None,2025-09-28 16h03.56.522940 +0530,
-50,x,54,2,13,,,,,x,1,0.8951864169939654,None,,,,,13,2,54,0,709.0991858329944,,,,,,,,,,,,,,,,709.0879500830051,709.0991858329944,710.0866853750049,710.0866853750049,710.0866853750049,710.0866853750049,710.096298000004,711.0864087079972,711.0864087079972,711.9877348750015,x,1,0.8951864169939654,None,v_p1,"001",2025-09-28_16h03.56.499,Motor sequence Learning task_Recent_Experiment_Tutorial 4_Urvashi Bhansali_AU2320139,,2025.2.0,None,2025-09-28 16h03.56.522940 +0530,
-150,z,55,3,13,,,,,z,1,0.8590872920030961,None,,,,,13,3,55,3,711.9994452499959,,,,,,,,,,,,,,,,711.9883737500058,711.9994452499959,712.9870097920066,712.9870097920066,712.9870097920066,712.9870097920066,713.013177707995,713.9874839580007,713.9874839580007,714.8554726250004,z,1,0.8590872920030961,None,v_p1,"001",2025-09-28_16h03.56.499,Motor sequence Learning task_Recent_Experiment_Tutorial 4_Urvashi Bhansali_AU2320139,,2025.2.0,None,2025-09-28 16h03.56.522940 +0530,
-150,z,56,0,14,,,,,z,1,0.7927767499932088,None,,,,,14,0,56,3,714.8660444580019,,,,,,,,,,,,,,,,714.8559831250022,714.8660444580019,715.8527478750038,715.8527478750038,715.8527478750038,715.8527478750038,715.8619236249942,716.8527740830032,716.8527740830032,717.6545658749965,z,1,0.7927767499932088,None,v_p1,"001",2025-09-28_16h03.56.499,Motor sequence Learning task_Recent_Experiment_Tutorial 4_Urvashi Bhansali_AU2320139,,2025.2.0,None,2025-09-28 16h03.56.522940 +0530,
50,c,57,1,14,,,,,c,1,1.271443416000693,None,,,,,14,1,57,2,717.6662547500018,,,,,,,,,,,,,,,,717.6551088330016,717.6662547500018,718.6536179999966,718.6536179999966,718.6536179999966,718.6536179999966,718.6622269999934,719.6539970830054,719.6539970830054,720.9300027919962,c,1,1.271443416000693,None,v_p1,"001",2025-09-28_16h03.56.499,Motor sequence Learning task_Recent_Experiment_Tutorial 4_Urvashi Bhansali_AU2320139,,2025.2.0,None,2025-09-28 16h03.56.522940 +0530,
150,v,58,2,14,,,,,v,1,0.8768850420019589,None,,,,,14,2,58,1,720.9424195419997,,,,,,,,,,,,,,,,720.9305675420037,720.9424195419997,721.9284489999991,721.9284489999991,721.9284489999991,721.9284489999991,721.9359997080028,722.9284632920026,722.9284632920026,723.8134809579933,v,1,0.8768850420019589,None,v_p1,"001",2025-09-28_16h03.56.499,Motor sequence Learning task_Recent_Experiment_Tutorial 4_Urvashi Bhansali_AU2320139,,2025.2.0,None,2025-09-28 16h03.56.522940 +0530,
-50,x,59,3,14,,,,,x,1,0.6646189589955611,None,,,,,14,3,59,0,723.8249196669931,,,,,,,,,,,,,,,,723.8140128749947,723.8249196669931,724.811691541996,724.811691541996,724.811691541996,724.811691541996,724.819103582995,725.8116513330024,725.8116513330024,726.4799779580062,x,1,0.6646189589955611,None,v_p1,"001",2025-09-28_16h03.56.499,Motor sequence Learning task_Recent_Experiment_Tutorial 4_Urvashi Bhansali_AU2320139,,2025.2.0,None,2025-09-28 16h03.56.522940 +0530,
150,v,60,0,15,,,,,v,1,0.7597003749979194,None,,,,,15,0,60,1,726.4917349580064,,,,,,,,,,,,,,,,726.480649707999,726.4917349580064,727.4706066670042,727.4706066670042,727.4706066670042,727.4706066670042,727.5132303749997,728.4785361670074,728.4785361670074,729.2472297500062,v,1,0.7597003749979194,None,v_p1,"001",2025-09-28_16h03.56.499,Motor sequence Learning task_Recent_Experiment_Tutorial 4_Urvashi Bhansali_AU2320139,,2025.2.0,None,2025-09-28 16h03.56.522940 +0530,
50,c,61,1,15,,,,,c,1,0.836059541994473,None,,,,,15,1,61,2,729.2580540829949,,,,,,,,,,,,,,,,729.2479974169983,729.2580540829949,730.2451720420067,730.2451720420067,730.2451720420067,730.2451720420067,730.2527149170055,731.2450177080027,731.2450177080027,732.0979349580011,c,1,0.836059541994473,None,v_p1,"001",2025-09-28_16h03.56.499,Motor sequence Learning task_Recent_Experiment_Tutorial 4_Urvashi Bhansali_AU2320139,,2025.2.0,None,2025-09-28 16h03.56.522940 +0530,
-150,z,62,2,15,,,,,z,1,0.3124043339921627,None,,,,,15,2,62,3,732.1118957080034,,,,,,,,,,,,,,,,732.0985099999962,732.1118957080034,733.095532374995,733.095532374995,733.095532374995,733.095532374995,733.1024219170067,734.0951319169981,734.0951319169981,734.4136671669985,z,1,0.3124043339921627,None,v_p1,"001",2025-09-28_16h03.56.499,Motor sequence Learning task_Recent_Experiment_Tutorial 4_Urvashi Bhansali_AU2320139,,2025.2.0,None,2025-09-28 16h03.56.522940 +0530,
-50,x,63,3,15,,,,,x,1,0.5152887909935089,None,,,,,15,3,63,0,734.4233763749944,,,,,,,,,,,,,,,,734.4141809580033,734.4233763749944,735.4118745830056,735.4118745830056,735.4118745830056,735.4118745830056,735.419656041995,736.4116920829983,736.4116920829983,736.9299322080042,x,1,0.5152887909935089,None,v_p1,"001",2025-09-28_16h03.56.499,Motor sequence Learning task_Recent_Experiment_Tutorial 4_Urvashi Bhansali_AU2320139,,2025.2.0,None,2025-09-28 16h03.56.522940 +0530,
50,c,64,0,16,,,,,c,1,0.6404867499950342,None,,,,,16,0,64,2,736.9400909170072,,,,,,,,,,,,,,,,736.9304799999954,736.9400909170072,737.9285432080069,737.9285432080069,737.9285432080069,737.9285432080069,737.9358792919957,738.9283966670046,738.9283966670046,739.5708057919983,c,1,0.6404867499950342,None,v_p1,"001",2025-09-28_16h03.56.499,Motor sequence Learning task_Recent_Experiment_Tutorial 4_Urvashi Bhansali_AU2320139,,2025.2.0,None,2025-09-28 16h03.56.522940 +0530,
-50,x,65,1,16,,,,,x,1,0.8725870420021238,None,,,,,16,1,65,0,739.5830722079991,,,,,,,,,,,,,,,,739.5713820829988,739.5830722079991,740.5699919170002,740.5699919170002,740.5699919170002,740.5699919170002,740.5795897500066,741.5693241249974,741.5693241249974,742.4465774169948,x,1,0.8725870420021238,None,v_p1,"001",2025-09-28_16h03.56.499,Motor sequence Learning task_Recent_Experiment_Tutorial 4_Urvashi Bhansali_AU2320139,,2025.2.0,None,2025-09-28 16h03.56.522940 +0530,
-150,z,66,2,16,,,,,z,1,0.5215740830026334,None,,,,,16,2,66,3,742.4584852499975,,,,,,,,,,,,,,,,742.4471560829988,742.4584852499975,743.4449766670004,743.4449766670004,743.4449766670004,743.4449766670004,743.4524396250054,744.4452832920069,744.4452832920069,744.9713008749968,z,1,0.5215740830026334,None,v_p1,"001",2025-09-28_16h03.56.499,Motor sequence Learning task_Recent_Experiment_Tutorial 4_Urvashi Bhansali_AU2320139,,2025.2.0,None,2025-09-28 16h03.56.522940 +0530,
150,v,67,3,16,,,,,v,1,1.0374992079887306,None,,,,,16,3,67,1,744.9830532920023,,,,,,,,,,,,,,,,744.971849708003,744.9830532920023,745.9699359170045,745.9699359170045,745.9699359170045,745.9699359170045,745.9784004999965,746.9702139169967,746.9702139169967,748.0151994579937,v,1,1.0374992079887306,None,v_p1,"001",2025-09-28_16h03.56.499,Motor sequence Learning task_Recent_Experiment_Tutorial 4_Urvashi Bhansali_AU2320139,,2025.2.0,None,2025-09-28 16h03.56.522940 +0530,
-150,z,68,0,17,,,,,z,1,0.8510055420047138,None,,,,,17,0,68,3,748.0283407920069,,,,,,,,,,,,,,,,748.0158974579972,748.0283407920069,749.0117800830049,749.0117800830049,749.0117800830049,749.0117800830049,749.0189717080066,750.0117407920043,750.0117407920043,750.8704691669991,z,1,0.8510055420047138,None,v_p1,"001",2025-09-28_16h03.56.499,Motor sequence Learning task_Recent_Experiment_Tutorial 4_Urvashi Bhansali_AU2320139,,2025.2.0,None,2025-09-28 16h03.56.522940 +0530,
150,v,69,1,17,,,,,v,1,0.8679097909916891,None,,,,,17,1,69,1,750.8823700000066,,,,,,,,,,,,,,,,750.8710145420046,750.8823700000066,751.8695480000024,751.8695480000024,751.8695480000024,751.8695480000024,751.8786132920068,752.8616525830003,752.8616525830003,753.7476259170071,v,1,0.8679097909916891,None,v_p1,"001",2025-09-28_16h03.56.499,Motor sequence Learning task_Recent_Experiment_Tutorial 4_Urvashi Bhansali_AU2320139,,2025.2.0,None,2025-09-28 16h03.56.522940 +0530,
50,c,70,2,17,,,,,c,1,0.7915627090114867,None,,,,,17,2,70,2,753.7630572920025,,,,,,,,,,,,,,,,753.7482035419962,753.7630572920025,754.7451628330018,754.7451628330018,754.7451628330018,754.7451628330018,754.761817791994,755.7449823329953,755.7449823329953,756.5465948329947,c,1,0.7915627090114867,None,v_p1,"001",2025-09-28_16h03.56.499,Motor sequence Learning task_Recent_Experiment_Tutorial 4_Urvashi Bhansali_AU2320139,,2025.2.0,None,2025-09-28 16h03.56.522940 +0530,
-50,x,71,3,17,,,,,x,1,0.935843625004054,None,,,,,17,3,71,0,756.5585979580064,,,,,,,,,,,,,,,,756.5471970829967,756.5585979580064,757.5449419170036,757.5449419170036,757.5449419170036,757.5449419170036,757.5525717499986,758.5385655830032,758.5385655830032,759.4802557499934,x,1,0.935843625004054,None,v_p1,"001",2025-09-28_16h03.56.499,Motor sequence Learning task_Recent_Experiment_Tutorial 4_Urvashi Bhansali_AU2320139,,2025.2.0,None,2025-09-28 16h03.56.522940 +0530,
-150,z,72,0,18,,,,,z,1,0.7871550829877378,None,,,,,18,0,72,3,759.4932135419949,,,,,,,,,,,,,,,,759.4807889999938,759.4932135419949,760.4782785419957,760.4782785419957,760.4782785419957,760.4782785419957,760.4855952500075,761.4782980419986,761.4782980419986,762.2706024579966,z,1,0.7871550829877378,None,v_p1,"001",2025-09-28_16h03.56.499,Motor sequence Learning task_Recent_Experiment_Tutorial 4_Urvashi Bhansali_AU2320139,,2025.2.0,None,2025-09-28 16h03.56.522940 +0530,
150,v,73,1,18,,,,,v,1,1.000793541999883,None,,,,,18,1,73,1,762.2825717499945,,,,,,,,,,,,,,,,762.2711452920048,762.2825717499945,763.2704098329996,763.2704098329996,763.2704098329996,763.2704098329996,763.2965381670074,764.2616002919967,764.2616002919967,765.270588792002,v,1,1.000793541999883,None,v_p1,"001",2025-09-28_16h03.56.499,Motor sequence Learning task_Recent_Experiment_Tutorial 4_Urvashi Bhansali_AU2320139,,2025.2.0,None,2025-09-28 16h03.56.522940 +0530,
-50,x,74,2,18,,,,,x,1,1.4084077079896815,None,,,,,18,2,74,0,765.282486666998,,,,,,,,,,,,,,,,765.271154874994,765.282486666998,766.2700092500017,766.2700092500017,766.2700092500017,766.2700092500017,766.2783595829969,767.2698397079948,767.2698397079948,768.6802732920041,x,1,1.4084077079896815,None,v_p1,"001",2025-09-28_16h03.56.499,Motor sequence Learning task_Recent_Experiment_Tutorial 4_Urvashi Bhansali_AU2320139,,2025.2.0,None,2025-09-28 16h03.56.522940 +0530,
50,c,75,3,18,,,,,c,1,0.8857290830055717,None,,,,,18,3,75,2,768.6921230419975,,,,,,,,,,,,,,,,768.6810067920014,768.6921230419975,769.6698135420011,769.6698135420011,769.6698135420011,769.6698135420011,769.6852493750048,770.6785112500074,770.6785112500074,771.570865917005,c,1,0.8857290830055717,None,v_p1,"001",2025-09-28_16h03.56.499,Motor sequence Learning task_Recent_Experiment_Tutorial 4_Urvashi Bhansali_AU2320139,,2025.2.0,None,2025-09-28 16h03.56.522940 +0530,
50,c,76,0,19,,,,,c,1,0.8959084170055576,None,,,,,19,0,76,2,771.5822302919987,,,,,,,,,,,,,,,,771.5714478330046,771.5822302919987,772.569381207999,772.569381207999,772.569381207999,772.569381207999,772.5783917920053,773.5702767500043,773.5702767500043,774.4707990419993,c,1,0.8959084170055576,None,v_p1,"001",2025-09-28_16h03.56.499,Motor sequence Learning task_Recent_Experiment_Tutorial 4_Urvashi Bhansali_AU2320139,,2025.2.0,None,2025-09-28 16h03.56.522940 +0530,
-50,x,77,1,19,,,,,x,1,0.7793350830033887,None,,,,,19,1,77,0,774.4825372500054,,,,,,,,,,,,,,,,774.4714866669965,774.4825372500054,775.4705946670001,775.4705946670001,775.4705946670001,775.4705946670001,775.4788404999999,776.4699744579993,776.4699744579993,777.2544722500024,x,1,0.7793350830033887,None,v_p1,"001",2025-09-28_16h03.56.499,Motor sequence Learning task_Recent_Experiment_Tutorial 4_Urvashi Bhansali_AU2320139,,2025.2.0,None,2025-09-28 16h03.56.522940 +0530,
-150,z,78,2,19,,,,,z,1,1.0058041250013048,None,,,,,19,2,78,3,777.266495332995,,,,,,,,,,,,,,,,777.2550500829966,777.266495332995,778.253934332999,778.253934332999,778.253934332999,778.253934332999,778.279827499995,779.2531670419994,779.2531670419994,780.2631032920035,z,1,1.0058041250013048,None,v_p1,"001",2025-09-28_16h03.56.499,Motor sequence Learning task_Recent_Experiment_Tutorial 4_Urvashi Bhansali_AU2320139,,2025.2.0,None,2025-09-28 16h03.56.522940 +0530,
150,v,79,3,19,,,,,v,1,0.9494318749930244,None,,,,,19,3,79,1,780.2748525829957,,,,,,,,,,,,,,,,780.263690000007,780.2748525829957,781.2620795419934,781.2620795419934,781.2620795419934,781.2620795419934,781.2696448329953,782.2616098750004,782.2616098750004,783.2147280420031,v,1,0.9494318749930244,None,v_p1,"001",2025-09-28_16h03.56.499,Motor sequence Learning task_Recent_Experiment_Tutorial 4_Urvashi Bhansali_AU2320139,,2025.2.0,None,2025-09-28 16h03.56.522940 +0530,
150,v,80,0,20,,,,,v,1,0.9193187920027412,None,,,,,20,0,80,1,783.2283115000027,,,,,,,,,,,,,,,,783.2153023749997,783.2283115000027,784.2116604170005,784.2116604170005,784.2116604170005,784.2116604170005,784.218509792001,785.2115912500012,785.2115912500012,786.1373049579997,v,1,0.9193187920027412,None,v_p1,"001",2025-09-28_16h03.56.499,Motor sequence Learning task_Recent_Experiment_Tutorial 4_Urvashi Bhansali_AU2320139,,2025.2.0,None,2025-09-28 16h03.56.522940 +0530,
50,c,81,1,20,,,,,c,1,1.0661282910004957,None,,,,,20,1,81,2,786.1489961250045,,,,,,,,,,,,,,,,786.1378556249983,786.1489961250045,787.1366937919956,787.1366937919956,787.1366937919956,787.1366937919956,787.1452614580048,788.1367013749987,788.1367013749987,789.2041595829942,c,1,1.0661282910004957,None,v_p1,"001",2025-09-28_16h03.56.499,Motor sequence Learning task_Recent_Experiment_Tutorial 4_Urvashi Bhansali_AU2320139,,2025.2.0,None,2025-09-28 16h03.56.522940 +0530,
-50,x,82,2,20,,,,,x,1,0.69088283299061,None,,,,,20,2,82,0,789.2162793330062,,,,,,,,,,,,,,,,789.2047437500005,789.2162793330062,790.1950588750042,790.1950588750042,790.1950588750042,790.1950588750042,790.211737250007,791.2028603329964,791.2028603329964,791.8977765419986,x,1,0.69088283299061,None,v_p1,"001",2025-09-28_16h03.56.499,Motor sequence Learning task_Recent_Experiment_Tutorial 4_Urvashi Bhansali_AU2320139,,2025.2.0,None,2025-09-28 16h03.56.522940 +0530,
-150,z,83,3,20,,,,,z,1,0.7017792080005165,None,,,,,20,3,83,3,791.910000792006,,,,,,,,,,,,,,,,791.8986241670063,791.910000792006,792.8949492920074,792.8949492920074,792.8949492920074,792.8949492920074,792.9027019170026,793.8949094999989,793.8949094999989,794.6041721250076,z,1,0.7017792080005165,None,v_p1,"001",2025-09-28_16h03.56.499,Motor sequence Learning task_Recent_Experiment_Tutorial 4_Urvashi Bhansali_AU2320139,,2025.2.0,None,2025-09-28 16h03.56.522940 +0530,
-50,x,84,0,21,,,,,x,1,0.34174962500401307,None,,,,,21,0,84,0,794.6159666669992,,,,,,,,,,,,,,,,794.6047680000047,794.6159666669992,795.6022970000049,795.6022970000049,795.6022970000049,795.6022970000049,795.6117392500018,796.6029433749936,796.6029433749936,796.9464132080029,x,1,0.34174962500401307,None,v_p1,"001",2025-09-28_16h03.56.499,Motor sequence Learning task_Recent_Experiment_Tutorial 4_Urvashi Bhansali_AU2320139,,2025.2.0,None,2025-09-28 16h03.56.522940 +0530,
150,v,85,1,21,,,,,v,1,0.6316339159966446,None,,,,,21,1,85,1,796.9582802499935,,,,,,,,,,,,,,,,796.9470399580023,796.9582802499935,797.945048833004,797.945048833004,797.945048833004,797.945048833004,797.9523426670057,798.9449616250058,798.9449616250058,799.5798585000011,v,1,0.6316339159966446,None,v_p1,"001",2025-09-28_16h03.56.499,Motor sequence Learning task_Recent_Experiment_Tutorial 4_Urvashi Bhansali_AU2320139,,2025.2.0,None,2025-09-28 16h03.56.522940 +0530,
-150,z,86,2,21,,,,,z,1,1.0473572079936275,None,,,,,21,2,86,3,799.5918321670033,,,,,,,,,,,,,,,,799.5805110420042,799.5918321670033,800.5782154579938,800.5782154579938,800.5782154579938,800.5782154579938,800.5860389580048,801.5789872919995,801.5789872919995,802.630006249994,z,1,1.0473572079936275,None,v_p1,"001",2025-09-28_16h03.56.499,Motor sequence Learning task_Recent_Experiment_Tutorial 4_Urvashi Bhansali_AU2320139,,2025.2.0,None,2025-09-28 16h03.56.522940 +0530,
50,c,87,3,21,,,,,c,1,0.79605529201217,None,,,,,21,3,87,2,802.6427814579947,,,,,,,,,,,,,,,,802.6305397079996,802.6427814579947,803.6283582920005,803.6283582920005,803.6283582920005,803.6283582920005,803.6365636249975,804.6283371250029,804.6283371250029,805.4313351669989,c,1,0.79605529201217,None,v_p1,"001",2025-09-28_16h03.56.499,Motor sequence Learning task_Recent_Experiment_Tutorial 4_Urvashi Bhansali_AU2320139,,2025.2.0,None,2025-09-28 16h03.56.522940 +0530,
-150,z,88,0,22,,,,,z,1,0.7423893330123974,None,,,,,22,0,88,3,805.4449502500065,,,,,,,,,,,,,,,,805.431900208001,805.4449502500065,806.4282266249938,806.4282266249938,806.4282266249938,806.4282266249938,806.4360612919991,807.4282437920047,807.4282437920047,808.180437707997,z,1,0.7423893330123974,None,v_p1,"001",2025-09-28_16h03.56.499,Motor sequence Learning task_Recent_Experiment_Tutorial 4_Urvashi Bhansali_AU2320139,,2025.2.0,None,2025-09-28 16h03.56.522940 +0530,
150,v,89,1,22,,,,,v,1,1.0660850839922205,None,,,,,22,1,89,1,808.1928252920043,,,,,,,,,,,,,,,,808.1812229579955,808.1928252920043,809.1782320829952,809.1782320829952,809.1782320829952,809.1782320829952,809.1861891669978,810.1782060419937,810.1782060419937,811.2463478330028,v,1,1.0660850839922205,None,v_p1,"001",2025-09-28_16h03.56.499,Motor sequence Learning task_Recent_Experiment_Tutorial 4_Urvashi Bhansali_AU2320139,,2025.2.0,None,2025-09-28 16h03.56.522940 +0530,
50,c,90,2,22,,,,,c,1,1.0712199579866137,None,,,,,22,2,90,2,811.2582152919931,,,,,,,,,,,,,,,,811.2469106670032,811.2582152919931,812.2449347499933,812.2449347499933,812.2449347499933,812.2449347499933,812.2526525830035,813.2449277080013,813.2449277080013,814.320484291995,c,1,1.0712199579866137,None,v_p1,"001",2025-09-28_16h03.56.499,Motor sequence Learning task_Recent_Experiment_Tutorial 4_Urvashi Bhansali_AU2320139,,2025.2.0,None,2025-09-28 16h03.56.522940 +0530,
-50,x,91,3,22,,,,,x,1,0.8375110000051791,None,,,,,22,3,91,0,814.3326044580026,,,,,,,,,,,,,,,,814.3210256250022,814.3326044580026,815.319443417,815.319443417,815.319443417,815.319443417,815.3284861249995,816.3116019580048,816.3116019580048,817.1537489579932,x,1,0.8375110000051791,None,v_p1,"001",2025-09-28_16h03.56.499,Motor sequence Learning task_Recent_Experiment_Tutorial 4_Urvashi Bhansali_AU2320139,,2025.2.0,None,2025-09-28 16h03.56.522940 +0530,
150,v,92,0,23,,,,,v,1,1.171027457996388,None,,,,,23,0,92,1,817.1655489169934,,,,,,,,,,,,,,,,817.1543022080004,817.1655489169934,818.1450569169974,818.1450569169974,818.1450569169974,818.1450569169974,818.1616950419993,819.1529541250056,819.1529541250056,820.3300051249971,v,1,1.171027457996388,None,v_p1,"001",2025-09-28_16h03.56.499,Motor sequence Learning task_Recent_Experiment_Tutorial 4_Urvashi Bhansali_AU2320139,,2025.2.0,None,2025-09-28 16h03.56.522940 +0530,
-150,z,93,1,23,,,,,z,1,1.0336949999909848,None,,,,,23,1,93,3,820.341418750002,,,,,,,,,,,,,,,,820.3305452500063,820.341418750002,821.3281902919989,821.3281902919989,821.3281902919989,821.3281902919989,821.3364731670008,822.3282998750074,822.3282998750074,823.370635750005,z,1,1.0336949999909848,None,v_p1,"001",2025-09-28_16h03.56.499,Motor sequence Learning task_Recent_Experiment_Tutorial 4_Urvashi Bhansali_AU2320139,,2025.2.0,None,2025-09-28 16h03.56.522940 +0530,
-50,x,94,2,23,,,,,x,1,0.40366066701244563,None,,,,,23,2,94,0,823.3823499999999,,,,,,,,,,,,,,,,823.3711877919995,823.3823499999999,824.3700161250017,824.3700161250017,824.3700161250017,824.3700161250017,824.3782650000066,825.3703600830049,825.3703600830049,825.7803104579943,x,1,0.40366066701244563,None,v_p1,"001",2025-09-28_16h03.56.499,Motor sequence Learning task_Recent_Experiment_Tutorial 4_Urvashi Bhansali_AU2320139,,2025.2.0,None,2025-09-28 16h03.56.522940 +0530,
50,c,95,3,23,,,,,c,1,0.9486604170087958,None,,,,,23,3,95,2,825.7917816669942,,,,,,,,,,,,,,,,825.7809052499942,825.7917816669942,826.7781620000023,826.7781620000023,826.7781620000023,826.7781620000023,826.7854253749974,827.7782544579968,827.7782544579968,828.7304190419964,c,1,0.9486604170087958,None,v_p1,"001",2025-09-28_16h03.56.499,Motor sequence Learning task_Recent_Experiment_Tutorial 4_Urvashi Bhansali_AU2320139,,2025.2.0,None,2025-09-28 16h03.56.522940 +0530,
50,c,96,0,24,,,,,c,1,0.8966287499933969,None,,,,,24,0,96,2,828.7424190419988,,,,,,,,,,,,,,,,828.7310660829971,828.7424190419988,829.7281545419974,829.7281545419974,829.7281545419974,829.7281545419974,829.7354252499936,830.7281890830054,830.7281890830054,831.6296202920057,c,1,0.8966287499933969,None,v_p1,"001",2025-09-28_16h03.56.499,Motor sequence Learning task_Recent_Experiment_Tutorial 4_Urvashi Bhansali_AU2320139,,2025.2.0,None,2025-09-28 16h03.56.522940 +0530,
150,v,97,1,24,,,,,v,1,1.01975904100982,None,,,,,24,1,97,1,831.6412771670002,,,,,,,,,,,,,,,,831.6301689579996,831.6412771670002,832.6192017919966,832.6192017919966,832.6192017919966,832.6192017919966,832.635654083002,833.6199920829968,833.6199920829968,834.6465882079938,v,1,1.01975904100982,None,v_p1,"001",2025-09-28_16h03.56.499,Motor sequence Learning task_Recent_Experiment_Tutorial 4_Urvashi Bhansali_AU2320139,,2025.2.0,None,2025-09-28 16h03.56.522940 +0530,
-150,z,98,2,24,,,,,z,1,0.9058105410076678,None,,,,,24,2,98,3,834.6578305830044,,,,,,,,,,,,,,,,834.6471304580045,834.6578305830044,835.6450068749982,835.6450068749982,835.6450068749982,835.6450068749982,835.6523679999955,836.6448624579934,836.6448624579934,837.5536244999967,z,1,0.9058105410076678,None,v_p1,"001",2025-09-28_16h03.56.499,Motor sequence Learning task_Recent_Experiment_Tutorial 4_Urvashi Bhansali_AU2320139,,2025.2.0,None,2025-09-28 16h03.56.522940 +0530,
-50,x,99,3,24,,,,,x,1,0.7015173749969108,None,,,,,24,3,99,0,837.5661069170019,,,,,,,,,,,,,,,,837.5544496249931,837.5661069170019,838.5525240830029,838.5525240830029,838.5525240830029,838.5525240830029,838.5620514170005,839.5531075420004,839.5531075420004,840.263261,x,1,0.7015173749969108,None,v_p1,"001",2025-09-28_16h03.56.499,Motor sequence Learning task_Recent_Experiment_Tutorial 4_Urvashi Bhansali_AU2320139,,2025.2.0,None,2025-09-28 16h03.56.522940 +0530,
50,c,100,0,25,,,,,c,1,0.96408520899422,None,,,,,25,0,100,2,840.275973708005,,,,,,,,,,,,,,,,840.2639305000048,840.275973708005,841.261429457998,841.261429457998,841.261429457998,841.261429457998,841.2688727500063,842.2614904579968,842.2614904579968,843.2306075420056,c,1,0.96408520899422,None,v_p1,"001",2025-09-28_16h03.56.499,Motor sequence Learning task_Recent_Experiment_Tutorial 4_Urvashi Bhansali_AU2320139,,2025.2.0,None,2025-09-28 16h03.56.522940 +0530,
-50,x,101,1,25,,,,,x,1,0.9563027499971213,None,,,,,25,1,101,0,843.2426729580038,,,,,,,,,,,,,,,,843.2315315419983,843.2426729580038,844.2284729999956,844.2284729999956,844.2284729999956,844.2284729999956,844.2356036669953,845.2282431670028,845.2282431670028,846.1872230000008,x,1,0.9563027499971213,None,v_p1,"001",2025-09-28_16h03.56.499,Motor sequence Learning task_Recent_Experiment_Tutorial 4_Urvashi Bhansali_AU2320139,,2025.2.0,None,2025-09-28 16h03.56.522940 +0530,
150,v,102,2,25,,,,,v,1,1.8369265000073938,None,,,,,25,2,102,1,846.1990110829938,,,,,,,,,,,,,,,,846.1879067919945,846.1990110829938,847.1860519170004,847.1860519170004,847.1860519170004,847.1860519170004,847.1949100000056,848.1863644580008,848.1863644580008,850.029922917005,v,1,1.8369265000073938,None,v_p1,"001",2025-09-28_16h03.56.499,Motor sequence Learning task_Recent_Experiment_Tutorial 4_Urvashi Bhansali_AU2320139,,2025.2.0,None,2025-09-28 16h03.56.522940 +0530,
-150,z,103,3,25,,,,,z,1,1.1501104170019971,None,,,,,25,3,103,3,850.0413823749986,,,,,,,,,,,,,,,,850.0304412080004,850.0413823749986,851.0281043750001,851.0281043750001,851.0281043750001,851.0281043750001,851.0355744169938,852.0282235420018,852.0282235420018,853.1813476249954,z,1,1.1501104170019971,None,v_p1,"001",2025-09-28_16h03.56.499,Motor sequence Learning task_Recent_Experiment_Tutorial 4_Urvashi Bhansali_AU2320139,,2025.2.0,None,2025-09-28 16h03.56.522940 +0530,
-150,z,104,0,26,,,,,z,1,1.0360364170046523,None,,,,,26,0,104,3,853.1935611670051,,,,,,,,,,,,,,,,853.1821554579947,853.1935611670051,854.1781125830021,854.1781125830021,854.1781125830021,854.1781125830021,854.1856145000056,855.1781867499958,855.1781867499958,856.2208682920027,z,1,1.0360364170046523,None,v_p1,"001",2025-09-28_16h03.56.499,Motor sequence Learning task_Recent_Experiment_Tutorial 4_Urvashi Bhansali_AU2320139,,2025.2.0,None,2025-09-28 16h03.56.522940 +0530,
50,c,105,1,26,,,,,c,1,0.874091416990268,None,,,,,26,1,105,2,856.2327332919958,,,,,,,,,,,,,,,,856.2214508330071,856.2327332919958,857.2187413750071,857.2187413750071,857.2187413750071,857.2187413750071,857.2282702499942,858.2200657920039,858.2200657920039,859.096708875004,c,1,0.874091416990268,None,v_p1,"001",2025-09-28_16h03.56.499,Motor sequence Learning task_Recent_Experiment_Tutorial 4_Urvashi Bhansali_AU2320139,,2025.2.0,None,2025-09-28 16h03.56.522940 +0530,
-50,x,106,2,26,,,,,x,1,1.0554052920051618,None,,,,,26,2,106,0,859.1089344170032,,,,,,,,,,,,,,,,859.0972654579964,859.1089344170032,860.0949574169936,860.0949574169936,860.0949574169936,860.0949574169936,860.1023391250055,861.0866655419959,861.0866655419959,862.1469870000001,x,1,1.0554052920051618,None,v_p1,"001",2025-09-28_16h03.56.499,Motor sequence Learning task_Recent_Experiment_Tutorial 4_Urvashi Bhansali_AU2320139,,2025.2.0,None,2025-09-28 16h03.56.522940 +0530,
150,v,107,3,26,,,,,v,1,1.6512142080027843,None,,,,,26,3,107,1,862.1589878749946,,,,,,,,,,,,,,,,862.1477010420058,862.1589878749946,863.1454567080073,863.1454567080073,863.1454567080073,863.1454567080073,863.1526440419984,864.1447656249948,864.1447656249948,865.8043441250047,v,1,1.6512142080027843,None,v_p1,"001",2025-09-28_16h03.56.499,Motor sequence Learning task_Recent_Experiment_Tutorial 4_Urvashi Bhansali_AU2320139,,2025.2.0,None,2025-09-28 16h03.56.522940 +0530,
50,c,108,0,27,,,,,c,1,0.8656305830081692,None,,,,,27,0,108,2,865.8152341249952,,,,,,,,,,,,,,,,865.8049707080063,865.8152341249952,866.8021025829948,866.8021025829948,866.8021025829948,866.8021025829948,866.8115340829972,867.8032633330004,867.8032633330004,868.670231791999,c,1,0.8656305830081692,None,v_p1,"001",2025-09-28_16h03.56.499,Motor sequence Learning task_Recent_Experiment_Tutorial 4_Urvashi Bhansali_AU2320139,,2025.2.0,None,2025-09-28 16h03.56.522940 +0530,
-50,x,109,1,27,,,,,x,1,0.8013588749890914,None,,,,,27,1,109,0,868.6825870419998,,,,,,,,,,,,,,,,868.6709023750009,868.6825870419998,869.6697659170022,869.6697659170022,869.6697659170022,869.6697659170022,869.678483124997,870.6704964999954,870.6704964999954,871.479787749995,x,1,0.8013588749890914,None,v_p1,"001",2025-09-28_16h03.56.499,Motor sequence Learning task_Recent_Experiment_Tutorial 4_Urvashi Bhansali_AU2320139,,2025.2.0,None,2025-09-28 16h03.56.522940 +0530,
150,v,110,2,27,,,,,v,1,1.096579125005519,None,,,,,27,2,110,1,871.4917702079983,,,,,,,,,,,,,,,,871.4803790419974,871.4917702079983,872.4784016670019,872.4784016670019,872.4784016670019,872.4784016670019,872.4858485830046,873.4781657919957,873.4781657919957,874.5798901249946,v,1,1.096579125005519,None,v_p1,"001",2025-09-28_16h03.56.499,Motor sequence Learning task_Recent_Experiment_Tutorial 4_Urvashi Bhansali_AU2320139,,2025.2.0,None,2025-09-28 16h03.56.522940 +0530,
-150,z,111,3,27,,,,,z,1,0.9557903329987312,None,,,,,27,3,111,3,874.5919537919981,,,,,,,,,,,,,,,,874.5804343329946,874.5919537919981,875.5781520419987,875.5781520419987,875.5781520419987,875.5781520419987,875.585636792006,876.5782050419948,876.5782050419948,877.5373514579987,z,1,0.9557903329987312,None,v_p1,"001",2025-09-28_16h03.56.499,Motor sequence Learning task_Recent_Experiment_Tutorial 4_Urvashi Bhansali_AU2320139,,2025.2.0,None,2025-09-28 16h03.56.522940 +0530,
-150,z,112,0,28,,,,,z,1,0.8589966250001453,None,,,,,28,0,112,3,877.5495572920045,,,,,,,,,,,,,,,,877.5379237919988,877.5495572920045,878.5365677920054,878.5365677920054,878.5365677920054,878.5365677920054,878.5449208329956,879.5366578329995,879.5366578329995,880.403461791997,z,1,0.8589966250001453,None,v_p1,"001",2025-09-28_16h03.56.499,Motor sequence Learning task_Recent_Experiment_Tutorial 4_Urvashi Bhansali_AU2320139,,2025.2.0,None,2025-09-28 16h03.56.522940 +0530,
50,c,113,1,28,,,,,c,1,2.2000055000098655,None,,,,,28,1,113,2,880.4151680420036,,,,,,,,,,,,,,,,880.4040552920051,880.4151680420036,881.4025662500062,881.4025662500062,881.4025662500062,881.4025662500062,881.4115454169951,882.4034488330071,882.4034488330071,884.6140882920008,c,1,2.2000055000098655,None,v_p1,"001",2025-09-28_16h03.56.499,Motor sequence Learning task_Recent_Experiment_Tutorial 4_Urvashi Bhansali_AU2320139,,2025.2.0,None,2025-09-28 16h03.56.522940 +0530,
-50,x,114,2,28,,,,,x,1,0.9103088339907117,None,,,,,28,2,114,0,884.625629874994,,,,,,,,,,,,,,,,884.6146361669962,884.625629874994,885.6118105829955,885.6118105829955,885.6118105829955,885.6118105829955,885.6192253329937,886.6115399169939,886.6115399169939,887.530184999996,x,1,0.9103088339907117,None,v_p1,"001",2025-09-28_16h03.56.499,Motor sequence Learning task_Recent_Experiment_Tutorial 4_Urvashi Bhansali_AU2320139,,2025.2.0,None,2025-09-28 16h03.56.522940 +0530,
150,v,115,3,28,,,,,v,1,1.1142137919960078,None,,,,,28,3,115,1,887.541817749996,,,,,,,,,,,,,,,,887.5308019170043,887.541817749996,888.5291606670071,888.5291606670071,888.5291606670071,888.5291606670071,888.5363075420028,889.5281443749991,889.5281443749991,890.6465996250045,v,1,1.1142137919960078,None,v_p1,"001",2025-09-28_16h03.56.499,Motor sequence Learning task_Recent_Experiment_Tutorial 4_Urvashi Bhansali_AU2320139,,2025.2.0,None,2025-09-28 16h03.56.522940 +0530,
50,c,116,0,29,,,,,c,1,0.9668136249965755,None,,,,,29,0,116,2,890.6584828750056,,,,,,,,,,,,,,,,890.647477999999,890.6584828750056,891.6452532919939,891.6452532919939,891.6452532919939,891.6452532919939,891.6531346669944,892.6464452079963,892.6464452079963,893.6204902500031,c,1,0.9668136249965755,None,v_p1,"001",2025-09-28_16h03.56.499,Motor sequence Learning task_Recent_Experiment_Tutorial 4_Urvashi Bhansali_AU2320139,,2025.2.0,None,2025-09-28 16h03.56.522940 +0530,
150,v,117,1,29,,,,,v,1,0.9875327079935232,None,,,,,29,1,117,1,893.6324588749994,,,,,,,,,,,,,,,,893.6210357079981,893.6324588749994,894.6191192919941,894.6191192919941,894.6191192919941,894.6191192919941,894.628437249994,895.6196343750053,895.6196343750053,896.6130033329973,v,1,0.9875327079935232,None,v_p1,"001",2025-09-28_16h03.56.499,Motor sequence Learning task_Recent_Experiment_Tutorial 4_Urvashi Bhansali_AU2320139,,2025.2.0,None,2025-09-28 16h03.56.522940 +0530,
-50,x,118,2,29,,,,,x,1,1.0298303339950508,None,,,,,29,2,118,0,896.6253549579997,,,,,,,,,,,,,,,,896.6135258330032,896.6253549579997,897.6117650829983,897.6117650829983,897.6117650829983,897.6117650829983,897.6195223749964,898.6113875830051,898.6113875830051,899.6481376250013,x,1,1.0298303339950508,None,v_p1,"001",2025-09-28_16h03.56.499,Motor sequence Learning task_Recent_Experiment_Tutorial 4_Urvashi Bhansali_AU2320139,,2025.2.0,None,2025-09-28 16h03.56.522940 +0530,
-150,z,119,3,29,,,,,z,1,0.7740414579893695,None,,,,,29,3,119,3,899.6613676669949,,,,,,,,,,,,,,,,899.6487920829968,899.6613676669949,900.6446964170027,900.6446964170027,900.6446964170027,900.6446964170027,900.651965291996,901.6450197499944,901.6450197499944,902.4324530419981,z,1,0.7740414579893695,None,v_p1,"001",2025-09-28_16h03.56.499,Motor sequence Learning task_Recent_Experiment_Tutorial 4_Urvashi Bhansali_AU2320139,,2025.2.0,None,2025-09-28 16h03.56.522940 +0530,
-50,x,120,0,30,,,,,x,1,0.806964124989463,None,,,,,30,0,120,0,902.4462737499998,,,,,,,,,,,,,,,,902.432881707995,902.4462737499998,903.4283332920022,903.4283332920022,903.4283332920022,903.4283332920022,903.4454161250032,904.4280235829938,904.4280235829938,905.2368987920054,x,1,0.806964124989463,None,v_p1,"001",2025-09-28_16h03.56.499,Motor sequence Learning task_Recent_Experiment_Tutorial 4_Urvashi Bhansali_AU2320139,,2025.2.0,None,2025-09-28 16h03.56.522940 +0530,
150,v,121,1,30,,,,,v,1,0.8917427500127815,None,,,,,30,1,121,1,905.2493201670004,,,,,,,,,,,,,,,,905.2374118750013,905.2493201670004,906.2363064579986,906.2363064579986,906.2363064579986,906.2363064579986,906.245834166999,907.2361229170056,907.2361229170056,908.1296739579993,v,1,0.8917427500127815,None,v_p1,"001",2025-09-28_16h03.56.499,Motor sequence Learning task_Recent_Experiment_Tutorial 4_Urvashi Bhansali_AU2320139,,2025.2.0,None,2025-09-28 16h03.56.522940 +0530,
-150,z,122,2,30,,,,,z,1,1.2266071250051027,None,,,,,30,2,122,3,908.1413486670062,,,,,,,,,,,,,,,,908.1302340830007,908.1413486670062,909.1281778749981,909.1281778749981,909.1281778749981,909.1281778749981,909.1354290000017,910.1282700419979,910.1282700419979,911.3630618330062,z,1,1.2266071250051027,None,v_p1,"001",2025-09-28_16h03.56.499,Motor sequence Learning task_Recent_Experiment_Tutorial 4_Urvashi Bhansali_AU2320139,,2025.2.0,None,2025-09-28 16h03.56.522940 +0530,
50,c,123,3,30,,,,,c,1,0.9612762499891687,None,,,,,30,3,123,2,911.3745938329957,,,,,,,,,,,,,,,,911.3635717080033,911.3745938329957,912.3613437500026,912.3613437500026,912.3613437500026,912.3613437500026,912.368568292004,913.3614599580033,913.3614599580033,914.3296577919973,c,1,0.9612762499891687,None,v_p1,"001",2025-09-28_16h03.56.499,Motor sequence Learning task_Recent_Experiment_Tutorial 4_Urvashi Bhansali_AU2320139,,2025.2.0,None,2025-09-28 16h03.56.522940 +0530,
150,v,124,0,31,,,,,v,1,1.7127352079987759,None,,,,,31,0,124,1,914.3410924170021,,,,,,,,,,,,,,,,914.3301607080066,914.3410924170021,915.3282370829984,915.3282370829984,915.3282370829984,915.3282370829984,915.3359776249999,916.3280381670047,916.3280381670047,918.0641783330066,v,1,1.7127352079987759,None,v_p1,"001",2025-09-28_16h03.56.499,Motor sequence Learning task_Recent_Experiment_Tutorial 4_Urvashi Bhansali_AU2320139,,2025.2.0,None,2025-09-28 16h03.56.522940 +0530,
-150,z,125,1,31,,,,,z,1,0.8752945419983007,None,,,,,31,1,125,3,918.0785246250016,,,,,,,,,,,,,,,,918.0648556249944,918.0785246250016,919.0614360829932,919.0614360829932,919.0614360829932,919.0614360829932,919.0687857500016,920.0613457919972,920.0613457919972,920.9467266669963,z,1,0.8752945419983007,None,v_p1,"001",2025-09-28_16h03.56.499,Motor sequence Learning task_Recent_Experiment_Tutorial 4_Urvashi Bhansali_AU2320139,,2025.2.0,None,2025-09-28 16h03.56.522940 +0530,
-50,x,126,2,31,,,,,x,1,0.673538874994847,None,,,,,31,2,126,0,920.9577667919948,,,,,,,,,,,,,,,,920.9474903749942,920.9577667919948,921.944648167002,921.944648167002,921.944648167002,921.944648167002,921.9518148750067,922.9630927499966,922.9630927499966,923.6464135419956,x,1,0.673538874994847,None,v_p1,"001",2025-09-28_16h03.56.499,Motor sequence Learning task_Recent_Experiment_Tutorial 4_Urvashi Bhansali_AU2320139,,2025.2.0,None,2025-09-28 16h03.56.522940 +0530,
50,c,127,3,31,,,,,c,1,0.7687707919976674,None,,,,,31,3,127,2,923.6571581669996,,,,,,,,,,,,,,,,923.6469579580007,923.6571581669996,924.6448757920007,924.6448757920007,924.6448757920007,924.6448757920007,924.6522850000038,925.6447717919946,925.6447717919946,926.4313892920036,c,1,0.7687707919976674,None,v_p1,"001",2025-09-28_16h03.56.499,Motor sequence Learning task_Recent_Experiment_Tutorial 4_Urvashi Bhansali_AU2320139,,2025.2.0,None,2025-09-28 16h03.56.522940 +0530,
-150,z,128,0,32,,,,,z,1,0.9424571660056245,None,,,,,32,0,128,3,926.4427054169937,,,,,,,,,,,,,,,,926.4321111669997,926.4427054169937,927.4280023330066,927.4280023330066,927.4280023330066,927.4280023330066,927.4352089580061,928.4280012499948,928.4280012499948,929.3797727500059,z,1,0.9424571660056245,None,v_p1,"001",2025-09-28_16h03.56.499,Motor sequence Learning task_Recent_Experiment_Tutorial 4_Urvashi Bhansali_AU2320139,,2025.2.0,None,2025-09-28 16h03.56.522940 +0530,
-50,x,129,1,32,,,,,x,1,0.9513020830054302,None,,,,,32,1,129,0,929.3908574170055,,,,,,,,,,,,,,,,929.3803822920017,929.3908574170055,930.3964169579995,930.3964169579995,930.3964169579995,930.3964169579995,930.3964169579995,931.3779853330052,931.3779853330052,932.3375605000037,x,1,0.9513020830054302,None,v_p1,"001",2025-09-28_16h03.56.499,Motor sequence Learning task_Recent_Experiment_Tutorial 4_Urvashi Bhansali_AU2320139,,2025.2.0,None,2025-09-28 16h03.56.522940 +0530,
150,v,130,2,32,,,,,v,1,0.7304762919957284,None,,,,,32,2,130,1,932.3491399170016,,,,,,,,,,,,,,,,932.3381556249951,932.3491399170016,933.3360744999954,933.3360744999954,933.3360744999954,933.3360744999954,933.344714167004,934.3358752079948,934.3358752079948,935.0704818749946,v,1,0.7304762919957284,None,v_p1,"001",2025-09-28_16h03.56.499,Motor sequence Learning task_Recent_Experiment_Tutorial 4_Urvashi Bhansali_AU2320139,,2025.2.0,None,2025-09-28 16h03.56.522940 +0530,
50,c,131,3,32,,,,,c,1,0.8926734169945121,None,,,,,32,3,131,2,935.0824679579964,,,,,,,,,,,,,,,,935.0710242079949,935.0824679579964,936.061610292003,936.061610292003,936.061610292003,936.061610292003,936.0963882079959,937.0695477499976,937.0695477499976,937.970652457996,c,1,0.8926734169945121,None,v_p1,"001",2025-09-28_16h03.56.499,Motor sequence Learning task_Recent_Experiment_Tutorial 4_Urvashi Bhansali_AU2320139,,2025.2.0,None,2025-09-28 16h03.56.522940 +0530,
150,v,132,0,33,,,,,v,1,0.8794830839906354,None,,,,,33,0,132,1,937.9825475830003,,,,,,,,,,,,,,,,937.9711864169949,937.9825475830003,938.9693074579991,938.9693074579991,938.9693074579991,938.9693074579991,938.9781985419977,939.9697169169958,939.9697169169958,940.8546611250058,v,1,0.8794830839906354,None,v_p1,"001",2025-09-28_16h03.56.499,Motor sequence Learning task_Recent_Experiment_Tutorial 4_Urvashi Bhansali_AU2320139,,2025.2.0,None,2025-09-28 16h03.56.522940 +0530,
-150,z,133,1,33,,,,,z,1,0.7372677920066053,None,,,,,33,1,133,3,940.8657810000004,,,,,,,,,,,,,,,,940.8551785419986,940.8657810000004,941.8539122079965,941.8539122079965,941.8539122079965,941.8539122079965,941.8794320000015,942.8528610000067,942.8528610000067,943.5969935830071,z,1,0.7372677920066053,None,v_p1,"001",2025-09-28_16h03.56.499,Motor sequence Learning task_Recent_Experiment_Tutorial 4_Urvashi Bhansali_AU2320139,,2025.2.0,None,2025-09-28 16h03.56.522940 +0530,
-50,x,134,2,33,,,,,x,1,0.7341623749962309,None,,,,,33,2,134,0,943.6119734170061,,,,,,,,,,,,,,,,943.5976083330024,943.6119734170061,944.5945851249999,944.5945851249999,944.5945851249999,944.5945851249999,944.6019845419942,945.5946115830011,945.5946115830011,946.3368323330069,x,1,0.7341623749962309,None,v_p1,"001",2025-09-28_16h03.56.499,Motor sequence Learning task_Recent_Experiment_Tutorial 4_Urvashi Bhansali_AU2320139,,2025.2.0,None,2025-09-28 16h03.56.522940 +0530,
50,c,135,3,33,,,,,c,1,1.3370075419952627,None,,,,,33,3,135,2,946.3486705420073,,,,,,,,,,,,,,,,946.3373867079936,946.3486705420073,947.3353246670013,947.3353246670013,947.3353246670013,947.3353246670013,947.3449590420059,948.3360225829965,948.3360225829965,949.6798087920033,c,1,1.3370075419952627,None,v_p1,"001",2025-09-28_16h03.56.499,Motor sequence Learning task_Recent_Experiment_Tutorial 4_Urvashi Bhansali_AU2320139,,2025.2.0,None,2025-09-28 16h03.56.522940 +0530,
150,v,136,0,34,,,,,v,1,0.8548116669990122,None,,,,,34,0,136,1,949.6908525420004,,,,,,,,,,,,,,,,949.6803522499977,949.6908525420004,950.6780055830022,950.6780055830022,950.6780055830022,950.6780055830022,950.6854672500049,951.6780629580026,951.6780629580026,952.5369336250005,v,1,0.8548116669990122,None,v_p1,"001",2025-09-28_16h03.56.499,Motor sequence Learning task_Recent_Experiment_Tutorial 4_Urvashi Bhansali_AU2320139,,2025.2.0,None,2025-09-28 16h03.56.522940 +0530,
50,c,137,1,34,,,,,c,1,1.1569943749927916,None,,,,,34,1,137,2,952.5486053750064,,,,,,,,,,,,,,,,952.5374792920047,952.5486053750064,953.5358777079964,953.5358777079964,953.5358777079964,953.5358777079964,953.5447545000061,954.5358189170074,954.5358189170074,955.6963329169957,c,1,1.1569943749927916,None,v_p1,"001",2025-09-28_16h03.56.499,Motor sequence Learning task_Recent_Experiment_Tutorial 4_Urvashi Bhansali_AU2320139,,2025.2.0,None,2025-09-28 16h03.56.522940 +0530,
-150,z,138,2,34,,,,,z,1,0.8579751670040423,None,,,,,34,2,138,3,955.7076005419949,,,,,,,,,,,,,,,,955.6968535420019,955.7076005419949,956.6946607499995,956.6946607499995,956.6946607499995,956.6946607499995,956.7023440000048,957.6947797080065,957.6947797080065,958.5628919169976,z,1,0.8579751670040423,None,v_p1,"001",2025-09-28_16h03.56.499,Motor sequence Learning task_Recent_Experiment_Tutorial 4_Urvashi Bhansali_AU2320139,,2025.2.0,None,2025-09-28 16h03.56.522940 +0530,
-50,x,139,3,34,,,,,x,1,0.600538166007027,None,,,,,34,3,139,0,958.5744930000074,,,,,,,,,,,,,,,,958.5635065420065,958.5744930000074,959.5613277079974,959.5613277079974,959.5613277079974,959.5613277079974,959.5688042499969,960.561201125005,960.561201125005,961.1632986670011,x,1,0.600538166007027,None,v_p1,"001",2025-09-28_16h03.56.499,Motor sequence Learning task_Recent_Experiment_Tutorial 4_Urvashi Bhansali_AU2320139,,2025.2.0,None,2025-09-28 16h03.56.522940 +0530,
50,c,140,0,35,,,,,c,1,0.4064126249868423,None,,,,,35,0,140,2,961.1750659170066,,,,,,,,,,,,,,,,961.1639102500048,961.1750659170066,962.1612717499956,962.1612717499956,962.1612717499956,962.1612717499956,962.1688267080026,963.1611929579958,963.1611929579958,963.5701697500044,c,1,0.4064126249868423,None,v_p1,"001",2025-09-28_16h03.56.499,Motor sequence Learning task_Recent_Experiment_Tutorial 4_Urvashi Bhansali_AU2320139,,2025.2.0,None,2025-09-28 16h03.56.522940 +0530,
-50,x,141,1,35,,,,,x,1,0.8703315000020666,None,,,,,35,1,141,0,963.5825409579993,,,,,,,,,,,,,,,,963.5707194169954,963.5825409579993,964.5691649579967,964.5691649579967,964.5691649579967,964.5691649579967,964.5780070829933,965.5692758329969,965.5692758329969,966.4466354169999,x,1,0.8703315000020666,None,v_p1,"001",2025-09-28_16h03.56.499,Motor sequence Learning task_Recent_Experiment_Tutorial 4_Urvashi Bhansali_AU2320139,,2025.2.0,None,2025-09-28 16h03.56.522940 +0530,
-150,z,142,2,35,,,,,z,1,1.0008642920001876,None,,,,,35,2,142,3,966.4582680000021,,,,,,,,,,,,,,,,966.4471725420008,966.4582680000021,967.4445941669983,967.4445941669983,967.4445941669983,967.4445941669983,967.4520606250007,968.4446525420062,968.4446525420062,969.453654625002,z,1,1.0008642920001876,None,v_p1,"001",2025-09-28_16h03.56.499,Motor sequence Learning task_Recent_Experiment_Tutorial 4_Urvashi Bhansali_AU2320139,,2025.2.0,None,2025-09-28 16h03.56.522940 +0530,
150,v,143,3,35,,,,,v,1,1.2717052920052083,None,,,,,35,3,143,1,969.4655356669973,,,,,,,,,,,,,,,,969.4542306670046,969.4655356669973,970.4447245000047,970.4447245000047,970.4447245000047,970.4447245000047,970.4614387500042,971.4525875830004,971.4525875830004,972.7292685419961,v,1,1.2717052920052083,None,v_p1,"001",2025-09-28_16h03.56.499,Motor sequence Learning task_Recent_Experiment_Tutorial 4_Urvashi Bhansali_AU2320139,,2025.2.0,None,2025-09-28 16h03.56.522940 +0530,
50,c,144,0,36,,,,,c,1,1.5577921250078361,None,,,,,36,0,144,2,972.7396405420004,,,,,,,,,,,,,,,,972.7296824579971,972.7396405420004,973.7283158329956,973.7283158329956,973.7283158329956,973.7283158329956,973.735961792001,974.7194647919969,974.7194647919969,976.297461167007,c,1,1.5577921250078361,None,v_p1,"001",2025-09-28_16h03.56.499,Motor sequence Learning task_Recent_Experiment_Tutorial 4_Urvashi Bhansali_AU2320139,,2025.2.0,None,2025-09-28 16h03.56.522940 +0530,
150,v,145,1,36,,,,,v,1,1.0537797500001034,None,,,,,36,1,145,1,976.3113584999955,,,,,,,,,,,,,,,,976.2981795420055,976.3113584999955,977.294544000004,977.294544000004,977.294544000004,977.294544000004,977.3019069169968,978.2945255420054,978.2945255420054,979.3542627080024,v,1,1.0537797500001034,None,v_p1,"001",2025-09-28_16h03.56.499,Motor sequence Learning task_Recent_Experiment_Tutorial 4_Urvashi Bhansali_AU2320139,,2025.2.0,None,2025-09-28 16h03.56.522940 +0530,
-50,x,146,2,36,,,,,x,1,0.9985836669948185,None,,,,,36,2,146,0,979.3656594170025,,,,,,,,,,,,,,,,979.3548151249997,979.3656594170025,980.3528592079965,980.3528592079965,980.3528592079965,980.3528592079965,980.3615745419957,981.352569249997,981.352569249997,982.3538639580074,x,1,0.9985836669948185,None,v_p1,"001",2025-09-28_16h03.56.499,Motor sequence Learning task_Recent_Experiment_Tutorial 4_Urvashi Bhansali_AU2320139,,2025.2.0,None,2025-09-28 16h03.56.522940 +0530,
-150,z,147,3,36,,,,,x,0,5.387490916997194,None,,,,,36,3,147,3,982.3656656670064,,,,,,,,,,,,,,,,982.3544045000017,982.3656656670064,983.3525968750037,983.3525968750037,983.3525968750037,983.3525968750037,983.3612965000066,984.3525637499988,984.3525637499988,989.7461862079945,x,0,5.387490916997194,None,v_p1,"001",2025-09-28_16h03.56.499,Motor sequence Learning task_Recent_Experiment_Tutorial 4_Urvashi Bhansali_AU2320139,,2025.2.0,None,2025-09-28 16h03.56.522940 +0530,
-150,z,148,0,37,,,,,c,0,0.3842710419994546,None,,,,,37,0,148,3,989.7588715830061,,,,,,,,,,,,,,,,989.7467581249948,989.7588715830061,990.7450979580026,990.7450979580026,990.7450979580026,990.7450979580026,990.7516848749947,991.7447210420069,991.7447210420069,992.1338921669958,c,0,0.3842710419994546,None,v_p1,"001",2025-09-28_16h03.56.499,Motor sequence Learning task_Recent_Experiment_Tutorial 4_Urvashi Bhansali_AU2320139,,2025.2.0,None,2025-09-28 16h03.56.522940 +0530,
-50,x,149,1,37,,,,,x,1,0.5739229160099057,None,,,,,37,1,149,0,992.1446169580013,,,,,,,,,,,,,,,,992.1346424999938,992.1446169580013,993.1284320830018,993.1284320830018,993.1284320830018,993.1284320830018,993.1354144999932,994.1279623330047,994.1279623330047,994.7128292080015,x,1,0.5739229160099057,None,v_p1,"001",2025-09-28_16h03.56.499,Motor sequence Learning task_Recent_Experiment_Tutorial 4_Urvashi Bhansali_AU2320139,,2025.2.0,None,2025-09-28 16h03.56.522940 +0530,
50,c,150,2,37,,,,,z,0,0.09860737499548122,None,,,,,37,2,150,2,994.7247457500052,,,,,,,,,,,,,,,,994.7134588329936,994.7247457500052,995.7111727080046,995.7111727080046,995.7111727080046,995.7111727080046,995.7185797499988,996.7113074999943,996.7113074999943,996.8133755419985,z,0,0.09860737499548122,None,v_p1,"001",2025-09-28_16h03.56.499,Motor sequence Learning task_Recent_Experiment_Tutorial 4_Urvashi Bhansali_AU2320139,,2025.2.0,None,2025-09-28 16h03.56.522940 +0530,
150,v,151,3,37,,,,,x,0,0.6265226669929689,None,,,,,37,3,151,1,996.8260849579965,,,,,,,,,,,,,,,,996.8141314579989,996.8260849579965,997.8294328750053,997.8294328750053,997.8294328750053,997.8294328750053,997.8294328750053,998.8112329169962,998.8112329169962,999.4462682500016,x,0,0.6265226669929689,None,v_p1,"001",2025-09-28_16h03.56.499,Motor sequence Learning task_Recent_Experiment_Tutorial 4_Urvashi Bhansali_AU2320139,,2025.2.0,None,2025-09-28 16h03.56.522940 +0530,
-150,z,152,0,38,,,,,z,1,0.16819774999748915,None,,,,,38,0,152,3,999.4578428329987,,,,,,,,,,,,,,,,999.4468265000032,999.4578428329987,1000.4447595420061,1000.4447595420061,1000.4447595420061,1000.4447595420061,1000.451969917005,1001.4445997500006,1001.4445997500006,1001.6202949580038,z,1,0.16819774999748915,None,v_p1,"001",2025-09-28_16h03.56.499,Motor sequence Learning task_Recent_Experiment_Tutorial 4_Urvashi Bhansali_AU2320139,,2025.2.0,None,2025-09-28 16h03.56.522940 +0530,
50,c,153,1,38,,,,,x,0,0.6775021659996128,None,,,,,38,1,153,2,1001.6323540000012,,,,,,,,,,,,,,,,1001.6209144169989,1001.6323540000012,1002.6190314169944,1002.6190314169944,1002.6190314169944,1002.6190314169944,1002.6281701249973,1003.6192569999985,1003.6192569999985,1004.3037588750012,x,0,0.6775021659996128,None,v_p1,"001",2025-09-28_16h03.56.499,Motor sequence Learning task_Recent_Experiment_Tutorial 4_Urvashi Bhansali_AU2320139,,2025.2.0,None,2025-09-28 16h03.56.522940 +0530,
-50,x,154,2,38,,,,,c,0,2.079257958001108,None,,,,,38,2,154,0,1004.3154301670002,,,,,,,,,,,,,,,,1004.3043404579948,1004.3154301670002,1005.3027340830013,1005.3027340830013,1005.3027340830013,1005.3027340830013,1005.3122679170046,1006.3032427080034,1006.3032427080034,1008.3867429579986,c,0,2.079257958001108,None,v_p1,"001",2025-09-28_16h03.56.499,Motor sequence Learning task_Recent_Experiment_Tutorial 4_Urvashi Bhansali_AU2320139,,2025.2.0,None,2025-09-28 16h03.56.522940 +0530,
150,v,155,3,38,,,,,c,0,3.543354374996852,None,,,,,38,3,155,1,1008.3987768329971,,,,,,,,,,,,,,,,1008.3873068749963,1008.3987768329971,1009.3865926669969,1009.3865926669969,1009.3865926669969,1009.3865926669969,1009.4126245829975,1010.3821904170036,1010.3821904170036,1013.9472736250027,c,0,3.543354374996852,None,v_p1,"001",2025-09-28_16h03.56.499,Motor sequence Learning task_Recent_Experiment_Tutorial 4_Urvashi Bhansali_AU2320139,,2025.2.0,None,2025-09-28 16h03.56.522940 +0530,
150,v,156,0,39,,,,,x,0,0.6537229579989798,None,,,,,39,0,156,1,1013.961617042005,,,,,,,,,,,,,,,,1013.947827291995,1013.961617042005,1014.9446028749953,1014.9446028749953,1014.9446028749953,1014.9446028749953,1014.9518540830031,1015.9446204580017,1015.9446204580017,1016.603171374998,x,0,0.6537229579989798,None,v_p1,"001",2025-09-28_16h03.56.499,Motor sequence Learning task_Recent_Experiment_Tutorial 4_Urvashi Bhansali_AU2320139,,2025.2.0,None,2025-09-28 16h03.56.522940 +0530,
-50,x,157,1,39,,,,,c,0,0.9422488749987679,None,,,,,39,1,157,0,1016.6156356249994,,,,,,,,,,,,,,,,1016.603734999997,1016.6156356249994,1017.5944807079941,1017.5944807079941,1017.5944807079941,1017.5944807079941,1017.6112204579986,1018.6021253749932,1018.6021253749932,1019.5460038750025,c,0,0.9422488749987679,None,v_p1,"001",2025-09-28_16h03.56.499,Motor sequence Learning task_Recent_Experiment_Tutorial 4_Urvashi Bhansali_AU2320139,,2025.2.0,None,2025-09-28 16h03.56.522940 +0530,
-150,z,158,2,39,,,,,x,0,1.6887434579984983,None,,,,,39,2,158,3,1019.5580525419937,,,,,,,,,,,,,,,,1019.5465245829982,1019.5580525419937,1020.5444361249974,1020.5444361249974,1020.5444361249974,1020.5444361249974,1020.5517069579946,1021.5444921250019,1021.5444921250019,1023.2370448750007,x,0,1.6887434579984983,None,v_p1,"001",2025-09-28_16h03.56.499,Motor sequence Learning task_Recent_Experiment_Tutorial 4_Urvashi Bhansali_AU2320139,,2025.2.0,None,2025-09-28 16h03.56.522940 +0530,
50,c,159,3,39,,,,,x,0,6.698793625007966,None,,,,,39,3,159,2,1023.2488849579968,,,,,,,,,,,,,,,,1023.2376209170034,1023.2488849579968,1024.2358281670022,1024.2358281670022,1024.2358281670022,1024.2358281670022,1024.2445399169956,1025.2459937079984,1025.2459937079984,1031.953539042006,x,0,6.698793625007966,None,v_p1,"001",2025-09-28_16h03.56.499,Motor sequence Learning task_Recent_Experiment_Tutorial 4_Urvashi Bhansali_AU2320139,,2025.2.0,None,2025-09-28 16h03.56.522940 +0530,
-150,z,160,0,40,,,,,c,0,4.472255500004394,None,,,,,40,0,160,3,1031.965239541998,,,,,,,,,,,,,,,,1031.9541046249942,1031.965239541998,1032.9533328749967,1032.9533328749967,1032.9533328749967,1032.9533328749967,1032.979391957997,1033.9522602500074,1033.9522602500074,1038.429979708002,c,0,4.472255500004394,None,v_p1,"001",2025-09-28_16h03.56.499,Motor sequence Learning task_Recent_Experiment_Tutorial 4_Urvashi Bhansali_AU2320139,,2025.2.0,None,2025-09-28 16h03.56.522940 +0530,
50,c,161,1,40,,,,,v,0,2.755958958005067,None,,,,,40,1,161,2,1038.4419877920009,,,,,,,,,,,,,,,,1038.430679666999,1038.4419877920009,1039.4280776249943,1039.4280776249943,1039.4280776249943,1039.4280776249943,1039.4354593330063,1040.4285292080021,1040.4285292080021,1043.1870298330032,v,0,2.755958958005067,None,v_p1,"001",2025-09-28_16h03.56.499,Motor sequence Learning task_Recent_Experiment_Tutorial 4_Urvashi Bhansali_AU2320139,,2025.2.0,None,2025-09-28 16h03.56.522940 +0530,
150,v,162,2,40,,,,,v,1,1.30686224999954,None,,,,,40,2,162,1,1043.1989922920038,,,,,,,,,,,,,,,,1043.187591666996,1043.1989922920038,1044.185880332996,1044.185880332996,1044.185880332996,1044.185880332996,1044.1948590829998,1045.1861024170066,1045.1861024170066,1046.4966907500057,v,1,1.30686224999954,None,v_p1,"001",2025-09-28_16h03.56.499,Motor sequence Learning task_Recent_Experiment_Tutorial 4_Urvashi Bhansali_AU2320139,,2025.2.0,None,2025-09-28 16h03.56.522940 +0530,
-50,x,163,3,40,,,,,x,1,1.1075070410006447,None,,,,,40,3,163,0,1046.508699583006,,,,,,,,,,,,,,,,1046.4975034170056,1046.508699583006,1047.4944871250045,1047.4944871250045,1047.4944871250045,1047.4944871250045,1047.502236291999,1048.4943660419958,1048.4943660419958,1049.6127149579988,x,1,1.1075070410006447,None,v_p1,"001",2025-09-28_16h03.56.499,Motor sequence Learning task_Recent_Experiment_Tutorial 4_Urvashi Bhansali_AU2320139,,2025.2.0,None,2025-09-28 16h03.56.522940 +0530,
-150,z,164,0,41,,,,,z,1,0.8877583749999758,None,,,,,41,0,164,3,1049.6244518330059,,,,,,,,,,,,,,,,1049.6132544580032,1049.6244518330059,1050.611561083002,1050.611561083002,1050.611561083002,1050.611561083002,1050.6194435420039,1051.6110872080026,1051.6110872080026,1052.5036248329998,z,1,0.8877583749999758,None,v_p1,"001",2025-09-28_16h03.56.499,Motor sequence Learning task_Recent_Experiment_Tutorial 4_Urvashi Bhansali_AU2320139,,2025.2.0,None,2025-09-28 16h03.56.522940 +0530,
50,c,165,1,41,,,,,c,1,0.850235124991741,None,,,,,41,1,165,2,1052.5156540419994,,,,,,,,,,,,,,,,1052.5041471669974,1052.5156540419994,1053.5023856250045,1053.5023856250045,1053.5023856250045,1053.5023856250045,1053.511200042005,1054.5025182920072,1054.5025182920072,1055.3625591669988,c,1,0.850235124991741,None,v_p1,"001",2025-09-28_16h03.56.499,Motor sequence Learning task_Recent_Experiment_Tutorial 4_Urvashi Bhansali_AU2320139,,2025.2.0,None,2025-09-28 16h03.56.522940 +0530,
-50,x,166,2,41,,,,,x,1,2.4811370840034215,None,,,,,41,2,166,0,1055.3743094999954,,,,,,,,,,,,,,,,1055.3631682080013,1055.3743094999954,1056.3610504170065,1056.3610504170065,1056.3610504170065,1056.3610504170065,1056.3685973749962,1057.3625498330075,1057.3625498330075,1059.8460200830013,x,1,2.4811370840034215,None,v_p1,"001",2025-09-28_16h03.56.499,Motor sequence Learning task_Recent_Experiment_Tutorial 4_Urvashi Bhansali_AU2320139,,2025.2.0,None,2025-09-28 16h03.56.522940 +0530,
150,v,167,3,41,,,,,x,0,1.2583687089936575,None,,,,,41,3,167,1,1059.8580803749937,,,,,,,,,,,,,,,,1059.8465435420076,1059.8580803749937,1060.8359810419934,1060.8359810419934,1060.8359810419934,1060.8359810419934,1060.8520397920074,1061.8452113749954,1061.8452113749954,1063.1130649169936,x,0,1.2583687089936575,None,v_p1,"001",2025-09-28_16h03.56.499,Motor sequence Learning task_Recent_Experiment_Tutorial 4_Urvashi Bhansali_AU2320139,,2025.2.0,None,2025-09-28 16h03.56.522940 +0530,
50,c,168,0,42,,,,,c,1,5.38208658300573,None,,,,,42,0,168,2,1063.1248437080067,,,,,,,,,,,,,,,,1063.1137633330072,1063.1248437080067,1064.1111614580004,1064.1111614580004,1064.1111614580004,1064.1111614580004,1064.1187785000075,1065.1110455419985,1065.1110455419985,1070.4959369169956,c,1,5.38208658300573,None,v_p1,"001",2025-09-28_16h03.56.499,Motor sequence Learning task_Recent_Experiment_Tutorial 4_Urvashi Bhansali_AU2320139,,2025.2.0,None,2025-09-28 16h03.56.522940 +0530,
-50,x,169,1,42,,,,,x,1,4.446145125009934,None,,,,,42,1,169,0,1070.5078606250026,,,,,,,,,,,,,,,,1070.4965130000055,1070.5078606250026,1071.4944702079956,1071.4944702079956,1071.4944702079956,1071.4944702079956,1071.5016090830031,1072.494327833003,1072.494327833003,1076.9458540420019,x,1,4.446145125009934,None,v_p1,"001",2025-09-28_16h03.56.499,Motor sequence Learning task_Recent_Experiment_Tutorial 4_Urvashi Bhansali_AU2320139,,2025.2.0,None,2025-09-28 16h03.56.522940 +0530,
150,v,170,2,42,,,,,x,0,0.08355362499423791,None,,,,,42,2,170,1,1076.957161792001,,,,,,,,,,,,,,,,1076.946454207995,1076.957161792001,1077.9353241670033,1077.9353241670033,1077.9353241670033,1077.9353241670033,1077.951733666996,1078.9444114579965,1078.9444114579965,1079.0365504579968,x,0,0.08355362499423791,None,v_p1,"001",2025-09-28_16h03.56.499,Motor sequence Learning task_Recent_Experiment_Tutorial 4_Urvashi Bhansali_AU2320139,,2025.2.0,None,2025-09-28 16h03.56.522940 +0530,
-150,z,171,3,42,,,,,x,0,0.42219162499532104,None,,,,,42,3,171,3,1079.0484842919977,,,,,,,,,,,,,,,,1079.0371059169993,1079.0484842919977,1080.0361239579943,1080.0361239579943,1080.0361239579943,1080.0361239579943,1080.044786792001,1081.035743291999,1081.035743291999,1081.4635953329998,x,0,0.42219162499532104,None,v_p1,"001",2025-09-28_16h03.56.499,Motor sequence Learning task_Recent_Experiment_Tutorial 4_Urvashi Bhansali_AU2320139,,2025.2.0,None,2025-09-28 16h03.56.522940 +0530,
-50,x,172,0,43,,,,,x,1,0.8077703339949949,None,,,,,43,0,172,0,1081.4751911670028,,,,,,,,,,,,,,,,1081.4642164170073,1081.4751911670028,1082.460976125003,1082.460976125003,1082.460976125003,1082.460976125003,1082.468420624995,1083.4610765830002,1083.4610765830002,1084.2705480830045,x,1,0.8077703339949949,None,v_p1,"001",2025-09-28_16h03.56.499,Motor sequence Learning task_Recent_Experiment_Tutorial 4_Urvashi Bhansali_AU2320139,,2025.2.0,None,2025-09-28 16h03.56.522940 +0530,
-150,z,173,1,43,,,,,x,0,0.18546433399023954,None,,,,,43,1,173,3,1084.2823075000051,,,,,,,,,,,,,,,,1084.271271042002,1084.2823075000051,1085.2687998330075,1085.2687998330075,1085.2687998330075,1085.2687998330075,1085.2778531670047,1086.269427457999,1086.269427457999,1086.4626447920018,x,0,0.18546433399023954,None,v_p1,"001",2025-09-28_16h03.56.499,Motor sequence Learning task_Recent_Experiment_Tutorial 4_Urvashi Bhansali_AU2320139,,2025.2.0,None,2025-09-28 16h03.56.522940 +0530,
150,v,174,2,43,,,,,x,0,0.5928900839935523,None,,,,,43,2,174,1,1086.4740228330047,,,,,,,,,,,,,,,,1086.4631894170016,1086.4740228330047,1087.460989416999,1087.460989416999,1087.460989416999,1087.460989416999,1087.4681662499934,1088.4529397919978,1088.4529397919978,1089.0536826250027,x,0,0.5928900839935523,None,v_p1,"001",2025-09-28_16h03.56.499,Motor sequence Learning task_Recent_Experiment_Tutorial 4_Urvashi Bhansali_AU2320139,,2025.2.0,None,2025-09-28 16h03.56.522940 +0530,
50,c,175,3,43,,,,,x,0,0.3243974580109352,None,,,,,43,3,175,2,1089.0651297919976,,,,,,,,,,,,,,,,1089.054211958006,1089.0651297919976,1090.0527773750073,1090.0527773750073,1090.0527773750073,1090.0527773750073,1090.061379042003,1091.0444009170023,1091.0444009170023,1091.3792497499962,x,0,0.3243974580109352,None,v_p1,"001",2025-09-28_16h03.56.499,Motor sequence Learning task_Recent_Experiment_Tutorial 4_Urvashi Bhansali_AU2320139,,2025.2.0,None,2025-09-28 16h03.56.522940 +0530,
50,c,176,0,44,,,,,x,0,0.2999646669923095,None,,,,,44,0,176,2,1091.3908542080026,,,,,,,,,,,,,,,,1091.3798085830058,1091.3908542080026,1092.3779460420046,1092.3779460420046,1092.3779460420046,1092.3779460420046,1092.385473041999,1093.3777104170003,1093.3777104170003,1093.6813522080047,x,0,0.2999646669923095,None,v_p1,"001",2025-09-28_16h03.56.499,Motor sequence Learning task_Recent_Experiment_Tutorial 4_Urvashi Bhansali_AU2320139,,2025.2.0,None,2025-09-28 16h03.56.522940 +0530,
-150,z,177,1,44,,,,,x,0,0.49591487500583753,None,,,,,44,1,177,3,1093.6937276249955,,,,,,,,,,,,,,,,1093.6824563749979,1093.6937276249955,1094.677706625007,1094.677706625007,1094.677706625007,1094.677706625007,1094.6853475829994,1095.6777176670003,1095.6777176670003,1096.1796075830061,x,0,0.49591487500583753,None,v_p1,"001",2025-09-28_16h03.56.499,Motor sequence Learning task_Recent_Experiment_Tutorial 4_Urvashi Bhansali_AU2320139,,2025.2.0,None,2025-09-28 16h03.56.522940 +0530,
-50,x,178,2,44,,,,,x,1,0.06811808299971744,None,,,,,44,2,178,0,1096.1901154170046,,,,,,,,,,,,,,,,1096.1800436670019,1096.1901154170046,1097.177805542,1097.177805542,1097.177805542,1097.177805542,1097.185015791998,1098.178511582999,1098.178511582999,1098.2532542499976,x,1,0.06811808299971744,None,v_p1,"001",2025-09-28_16h03.56.499,Motor sequence Learning task_Recent_Experiment_Tutorial 4_Urvashi Bhansali_AU2320139,,2025.2.0,None,2025-09-28 16h03.56.522940 +0530,
150,v,179,3,44,,,,,x,0,0.6217101250076666,None,,,,,44,3,179,1,1098.265113166999,,,,,,,,,,,,,,,,1098.2538130830071,1098.265113166999,1099.252290874996,1099.252290874996,1099.252290874996,1099.252290874996,1099.2611219170067,1100.252813500003,1100.252813500003,1100.897607042003,x,0,0.6217101250076666,None,v_p1,"001",2025-09-28_16h03.56.499,Motor sequence Learning task_Recent_Experiment_Tutorial 4_Urvashi Bhansali_AU2320139,,2025.2.0,None,2025-09-28 16h03.56.522940 +0530,
50,c,180,0,45,,,,,x,0,1.5211920000001555,None,,,,,45,0,180,2,1100.9109696249943,,,,,,,,,,,,,,,,1100.8983849999931,1100.9109696249943,1101.8944695420068,1101.8944695420068,1101.8944695420068,1101.8944695420068,1101.9019696670002,1102.8942908750032,1102.8942908750032,1104.4199507500016,x,0,1.5211920000001555,None,v_p1,"001",2025-09-28_16h03.56.499,Motor sequence Learning task_Recent_Experiment_Tutorial 4_Urvashi Bhansali_AU2320139,,2025.2.0,None,2025-09-28 16h03.56.522940 +0530,
-50,x,181,1,45,,,,,x,1,0.3644087499997113,None,,,,,45,1,181,0,1104.4316344580002,,,,,,,,,,,,,,,,1104.4205189170025,1104.4316344580002,1105.4109592080058,1105.4109592080058,1105.4109592080058,1105.4109592080058,1105.4275997079967,1106.410946707998,1106.410946707998,1106.7790950000053,x,1,0.3644087499997113,None,v_p1,"001",2025-09-28_16h03.56.499,Motor sequence Learning task_Recent_Experiment_Tutorial 4_Urvashi Bhansali_AU2320139,,2025.2.0,None,2025-09-28 16h03.56.522940 +0530,
-150,z,182,2,45,,,,,x,0,0.4680169999919599,None,,,,,45,2,182,3,1106.790584500006,,,,,,,,,,,,,,,,1106.7796136249963,1106.790584500006,1107.7776923750062,1107.7776923750062,1107.7776923750062,1107.7776923750062,1107.7848844999971,1108.7692573329987,1108.7692573329987,1109.2469248749985,x,0,0.4680169999919599,None,v_p1,"001",2025-09-28_16h03.56.499,Motor sequence Learning task_Recent_Experiment_Tutorial 4_Urvashi Bhansali_AU2320139,,2025.2.0,None,2025-09-28 16h03.56.522940 +0530,
150,v,183,3,45,,,,,x,0,0.10395333399355877,None,,,,,45,3,183,1,1109.2591410000023,,,,,,,,,,,,,,,,1109.2478239579941,1109.2591410000023,1110.244437292,1110.244437292,1110.244437292,1110.244437292,1110.2515819999971,1111.244268082999,1111.244268082999,1111.353230624998,x,0,0.10395333399355877,None,v_p1,"001",2025-09-28_16h03.56.499,Motor sequence Learning task_Recent_Experiment_Tutorial 4_Urvashi Bhansali_AU2320139,,2025.2.0,None,2025-09-28 16h03.56.522940 +0530,
-150,z,184,0,46,,,,,x,0,0.40694287499354687,None,,,,,46,0,184,3,1111.365105207995,,,,,,,,,,,,,,,,1111.3537691249949,1111.365105207995,1112.3521655420045,1112.3521655420045,1112.3521655420045,1112.3521655420045,1112.3612654169992,1113.3522455000057,1113.3522455000057,1113.7624300830066,x,0,0.40694287499354687,None,v_p1,"001",2025-09-28_16h03.56.499,Motor sequence Learning task_Recent_Experiment_Tutorial 4_Urvashi Bhansali_AU2320139,,2025.2.0,None,2025-09-28 16h03.56.522940 +0530,
150,v,185,1,46,,,,,x,0,0.17028245799883734,None,,,,,46,1,185,1,1113.7743328329962,,,,,,,,,,,,,,,,1113.7630117920053,1113.7743328329962,1114.7610191249987,1114.7610191249987,1114.7610191249987,1114.7610191249987,1114.7685860829952,1115.7609345829987,1115.7609345829987,1115.9360856669955,x,0,0.17028245799883734,None,v_p1,"001",2025-09-28_16h03.56.499,Motor sequence Learning task_Recent_Experiment_Tutorial 4_Urvashi Bhansali_AU2320139,,2025.2.0,None,2025-09-28 16h03.56.522940 +0530,
50,c,186,2,46,,,,,x,0,0.0026531670009717345,None,,,,,46,2,186,2,1115.9489262080024,,,,,,,,,,,,,,,,1115.9366184999963,1115.9489262080024,1116.9275835419976,1116.9275835419976,1116.9275835419976,1116.9275835419976,1116.9443965829996,1117.9365069170017,1117.9365069170017,1117.9458322080027,x,0,0.0026531670009717345,None,v_p1,"001",2025-09-28_16h03.56.499,Motor sequence Learning task_Recent_Experiment_Tutorial 4_Urvashi Bhansali_AU2320139,,2025.2.0,None,2025-09-28 16h03.56.522940 +0530,
-50,x,187,3,46,,,,,x,1,0.288421000004746,None,,,,,46,3,187,0,1117.9577849579946,,,,,,,,,,,,,,,,1117.9464105420047,1117.9577849579946,1118.9443347500055,1118.9443347500055,1118.9443347500055,1118.9443347500055,1118.952183417001,1119.962660624995,1119.962660624995,1120.2531948329997,x,1,0.288421000004746,None,v_p1,"001",2025-09-28_16h03.56.499,Motor sequence Learning task_Recent_Experiment_Tutorial 4_Urvashi Bhansali_AU2320139,,2025.2.0,None,2025-09-28 16h03.56.522940 +0530,
150,v,188,0,47,,,,,x,0,0.29053737499634735,None,,,,,47,0,188,1,1120.2655710830004,,,,,,,,,,,,,,,,1120.2537344169978,1120.2655710830004,1121.2520783749933,1121.2520783749933,1121.2520783749933,1121.2520783749933,1121.2609653749969,1122.244397417002,1122.244397417002,1122.548187708002,x,0,0.29053737499634735,None,v_p1,"001",2025-09-28_16h03.56.499,Motor sequence Learning task_Recent_Experiment_Tutorial 4_Urvashi Bhansali_AU2320139,,2025.2.0,None,2025-09-28 16h03.56.522940 +0530,
50,c,189,1,47,,,,,x,0,0.9426482079870766,None,,,,,47,1,189,2,1122.5592186249996,,,,,,,,,,,,,,,,1122.5494559170038,1122.5592186249996,1123.5448253750073,1123.5448253750073,1123.5448253750073,1123.5448253750073,1123.5521567919932,1124.5442493330047,1124.5442493330047,1125.4959211670066,x,0,0.9426482079870766,None,v_p1,"001",2025-09-28_16h03.56.499,Motor sequence Learning task_Recent_Experiment_Tutorial 4_Urvashi Bhansali_AU2320139,,2025.2.0,None,2025-09-28 16h03.56.522940 +0530,
-150,z,190,2,47,,,,,x,0,1.33542266600125,None,,,,,47,2,190,3,1125.506272957995,,,,,,,,,,,,,,,,1125.496427082995,1125.506272957995,1126.494247833005,1126.494247833005,1126.494247833005,1126.494247833005,1126.5017393330054,1127.4944284999947,1127.4944284999947,1128.836751958006,x,0,1.33542266600125,None,v_p1,"001",2025-09-28_16h03.56.499,Motor sequence Learning task_Recent_Experiment_Tutorial 4_Urvashi Bhansali_AU2320139,,2025.2.0,None,2025-09-28 16h03.56.522940 +0530,
-50,x,191,3,47,,,,,x,1,4.602636041003279,None,,,,,47,3,191,0,1128.848140083006,,,,,,,,,,,,,,,,1128.837300875006,1128.848140083006,1129.8354872079944,1129.8354872079944,1129.8354872079944,1129.8354872079944,1129.8443782079994,1130.8360877920059,1130.8360877920059,1135.4469651669933,x,1,4.602636041003279,None,v_p1,"001",2025-09-28_16h03.56.499,Motor sequence Learning task_Recent_Experiment_Tutorial 4_Urvashi Bhansali_AU2320139,,2025.2.0,None,2025-09-28 16h03.56.522940 +0530,
150,v,192,0,48,,,,,x,0,0.5982659999863245,None,,,,,48,0,192,1,1135.4577004169987,,,,,,,,,,,,,,,,1135.4477220830013,1135.4577004169987,1136.4442074580002,1136.4442074580002,1136.4442074580002,1136.4442074580002,1136.4516595000023,1137.4443751250074,1137.4443751250074,1138.0461488750007,x,0,0.5982659999863245,None,v_p1,"001",2025-09-28_16h03.56.499,Motor sequence Learning task_Recent_Experiment_Tutorial 4_Urvashi Bhansali_AU2320139,,2025.2.0,None,2025-09-28 16h03.56.522940 +0530,
-50,x,193,1,48,,,,,x,1,0.5564929169922834,None,,,,,48,1,193,0,1138.0574518329959,,,,,,,,,,,,,,,,1138.0469628749997,1138.0574518329959,1139.0444953330007,1139.0444953330007,1139.0444953330007,1139.0444953330007,1139.0521942500054,1140.044196917006,1140.044196917006,1140.603066249998,x,1,0.5564929169922834,None,v_p1,"001",2025-09-28_16h03.56.499,Motor sequence Learning task_Recent_Experiment_Tutorial 4_Urvashi Bhansali_AU2320139,,2025.2.0,None,2025-09-28 16h03.56.522940 +0530,
50,c,194,2,48,,,,,x,0,6.382904166996013,None,,,,,48,2,194,2,1140.6149826670007,,,,,,,,,,,,,,,,1140.6035636669985,1140.6149826670007,1141.6021760419972,1141.6021760419972,1141.6021760419972,1141.6021760419972,1141.6112880830042,1142.6024341669981,1142.6024341669981,1148.9865298749937,x,0,6.382904166996013,None,v_p1,"001",2025-09-28_16h03.56.499,Motor sequence Learning task_Recent_Experiment_Tutorial 4_Urvashi Bhansali_AU2320139,,2025.2.0,None,2025-09-28 16h03.56.522940 +0530,
-150,z,195,3,48,,,,,x,0,4.503768499998841,None,,,,,48,3,195,3,1148.9979453749984,,,,,,,,,,,,,,,,1148.987084249995,1148.9979453749984,1149.9859512080002,1149.9859512080002,1149.9859512080002,1149.9859512080002,1149.994600667007,1150.9779523330071,1150.9779523330071,1155.4864268329984,x,0,4.503768499998841,None,v_p1,"001",2025-09-28_16h03.56.499,Motor sequence Learning task_Recent_Experiment_Tutorial 4_Urvashi Bhansali_AU2320139,,2025.2.0,None,2025-09-28 16h03.56.522940 +0530,
-50,x,196,0,49,,,,,x,1,0.5765096250106581,None,,,,,49,0,196,0,1155.498059999998,,,,,,,,,,,,,,,,1155.486959582995,1155.498059999998,1156.4783586669946,1156.4783586669946,1156.4783586669946,1156.4783586669946,1156.4948517919984,1157.4957084170019,1157.4957084170019,1158.0793085829937,x,1,0.5765096250106581,None,v_p1,"001",2025-09-28_16h03.56.499,Motor sequence Learning task_Recent_Experiment_Tutorial 4_Urvashi Bhansali_AU2320139,,2025.2.0,None,2025-09-28 16h03.56.522940 +0530,
50,c,197,1,49,,,,,x,0,1.6087213749997318,None,,,,,49,1,197,2,1158.090617291993,,,,,,,,,,,,,,,,1158.0799597919977,1158.090617291993,1159.078047707997,1159.078047707997,1159.078047707997,1159.078047707997,1159.0854012920026,1160.0779985830013,1160.0779985830013,1161.6960233330028,x,0,1.6087213749997318,None,v_p1,"001",2025-09-28_16h03.56.499,Motor sequence Learning task_Recent_Experiment_Tutorial 4_Urvashi Bhansali_AU2320139,,2025.2.0,None,2025-09-28 16h03.56.522940 +0530,
150,v,198,2,49,,,,,x,0,2.1190787500090664,None,,,,,49,2,198,1,1161.707358832995,,,,,,,,,,,,,,,,1161.6966097080003,1161.707358832995,1162.6944075000065,1162.6944075000065,1162.6944075000065,1162.6944075000065,1162.7016340830014,1163.6858756669972,1163.6858756669972,1165.8129044579982,x,0,2.1190787500090664,None,v_p1,"001",2025-09-28_16h03.56.499,Motor sequence Learning task_Recent_Experiment_Tutorial 4_Urvashi Bhansali_AU2320139,,2025.2.0,None,2025-09-28 16h03.56.522940 +0530,
-150,z,199,3,49,,,,,x,0,0.9726605839969125,None,,,,,49,3,199,3,1165.824034499994,,,,,,,,,,,,,,,,1165.8134561670013,1165.824034499994,1166.811137583005,1166.811137583005,1166.811137583005,1166.811137583005,1166.8184830829996,1167.811319417,1167.811319417,1168.7861787919974,x,0,0.9726605839969125,None,v_p1,"001",2025-09-28_16h03.56.499,Motor sequence Learning task_Recent_Experiment_Tutorial 4_Urvashi Bhansali_AU2320139,,2025.2.0,None,2025-09-28 16h03.56.522940 +0530,
